method,dataset,sparsity,seed,split_manifest_path,cka_strength,cka_signal,round,layer,client_i,client_j,cka,average_layer_cka,num_reference_samples
cka_feddst,cifar10,0.8,7,results/logs/cka_strength_sweep/cifar10_drift_all/strength_1p0/seed_7/splits/cifar10_split_seed7_clients5_alpha0p3_ref500.json,1.0,drift,2,conv1,0,0,1.0,1.0,500
cka_feddst,cifar10,0.8,7,results/logs/cka_strength_sweep/cifar10_drift_all/strength_1p0/seed_7/splits/cifar10_split_seed7_clients5_alpha0p3_ref500.json,1.0,drift,2,conv1,0,1,1.0,1.0,500
cka_feddst,cifar10,0.8,7,results/logs/cka_strength_sweep/cifar10_drift_all/strength_1p0/seed_7/splits/cifar10_split_seed7_clients5_alpha0p3_ref500.json,1.0,drift,2,conv1,0,2,1.0,1.0,500
cka_feddst,cifar10,0.8,7,results/logs/cka_strength_sweep/cifar10_drift_all/strength_1p0/seed_7/splits/cifar10_split_seed7_clients5_alpha0p3_ref500.json,1.0,drift,2,conv1,0,3,1.0,1.0,500
cka_feddst,cifar10,0.8,7,results/logs/cka_strength_sweep/cifar10_drift_all/strength_1p0/seed_7/splits/cifar10_split_seed7_clients5_alpha0p3_ref500.json,1.0,drift,2,conv1,0,4,1.0,1.0,500
cka_feddst,cifar10,0.8,7,results/logs/cka_strength_sweep/cifar10_drift_all/strength_1p0/seed_7/splits/cifar10_split_seed7_clients5_alpha0p3_ref500.json,1.0,drift,2,conv1,1,0,1.0,1.0,500
cka_feddst,cifar10,0.8,7,results/logs/cka_strength_sweep/cifar10_drift_all/strength_1p0/seed_7/splits/cifar10_split_seed7_clients5_alpha0p3_ref500.json,1.0,drift,2,conv1,1,1,1.0,1.0,500
cka_feddst,cifar10,0.8,7,results/logs/cka_strength_sweep/cifar10_drift_all/strength_1p0/seed_7/splits/cifar10_split_seed7_clients5_alpha0p3_ref500.json,1.0,drift,2,conv1,1,2,1.0,1.0,500
cka_feddst,cifar10,0.8,7,results/logs/cka_strength_sweep/cifar10_drift_all/strength_1p0/seed_7/splits/cifar10_split_seed7_clients5_alpha0p3_ref500.json,1.0,drift,2,conv1,1,3,1.0,1.0,500
cka_feddst,cifar10,0.8,7,results/logs/cka_strength_sweep/cifar10_drift_all/strength_1p0/seed_7/splits/cifar10_split_seed7_clients5_alpha0p3_ref500.json,1.0,drift,2,conv1,1,4,1.0,1.0,500
cka_feddst,cifar10,0.8,7,results/logs/cka_strength_sweep/cifar10_drift_all/strength_1p0/seed_7/splits/cifar10_split_seed7_clients5_alpha0p3_ref500.json,1.0,drift,2,conv1,2,0,1.0,1.0,500
cka_feddst,cifar10,0.8,7,results/logs/cka_strength_sweep/cifar10_drift_all/strength_1p0/seed_7/splits/cifar10_split_seed7_clients5_alpha0p3_ref500.json,1.0,drift,2,conv1,2,1,1.0,1.0,500
cka_feddst,cifar10,0.8,7,results/logs/cka_strength_sweep/cifar10_drift_all/strength_1p0/seed_7/splits/cifar10_split_seed7_clients5_alpha0p3_ref500.json,1.0,drift,2,conv1,2,2,1.0,1.0,500
cka_feddst,cifar10,0.8,7,results/logs/cka_strength_sweep/cifar10_drift_all/strength_1p0/seed_7/splits/cifar10_split_seed7_clients5_alpha0p3_ref500.json,1.0,drift,2,conv1,2,3,1.0,1.0,500
cka_feddst,cifar10,0.8,7,results/logs/cka_strength_sweep/cifar10_drift_all/strength_1p0/seed_7/splits/cifar10_split_seed7_clients5_alpha0p3_ref500.json,1.0,drift,2,conv1,2,4,1.0,1.0,500
cka_feddst,cifar10,0.8,7,results/logs/cka_strength_sweep/cifar10_drift_all/strength_1p0/seed_7/splits/cifar10_split_seed7_clients5_alpha0p3_ref500.json,1.0,drift,2,conv1,3,0,1.0,1.0,500
cka_feddst,cifar10,0.8,7,results/logs/cka_strength_sweep/cifar10_drift_all/strength_1p0/seed_7/splits/cifar10_split_seed7_clients5_alpha0p3_ref500.json,1.0,drift,2,conv1,3,1,1.0,1.0,500
cka_feddst,cifar10,0.8,7,results/logs/cka_strength_sweep/cifar10_drift_all/strength_1p0/seed_7/splits/cifar10_split_seed7_clients5_alpha0p3_ref500.json,1.0,drift,2,conv1,3,2,1.0,1.0,500
cka_feddst,cifar10,0.8,7,results/logs/cka_strength_sweep/cifar10_drift_all/strength_1p0/seed_7/splits/cifar10_split_seed7_clients5_alpha0p3_ref500.json,1.0,drift,2,conv1,3,3,1.0,1.0,500
cka_feddst,cifar10,0.8,7,results/logs/cka_strength_sweep/cifar10_drift_all/strength_1p0/seed_7/splits/cifar10_split_seed7_clients5_alpha0p3_ref500.json,1.0,drift,2,conv1,3,4,1.0,1.0,500
cka_feddst,cifar10,0.8,7,results/logs/cka_strength_sweep/cifar10_drift_all/strength_1p0/seed_7/splits/cifar10_split_seed7_clients5_alpha0p3_ref500.json,1.0,drift,2,conv1,4,0,1.0,1.0,500
cka_feddst,cifar10,0.8,7,results/logs/cka_strength_sweep/cifar10_drift_all/strength_1p0/seed_7/splits/cifar10_split_seed7_clients5_alpha0p3_ref500.json,1.0,drift,2,conv1,4,1,1.0,1.0,500
cka_feddst,cifar10,0.8,7,results/logs/cka_strength_sweep/cifar10_drift_all/strength_1p0/seed_7/splits/cifar10_split_seed7_clients5_alpha0p3_ref500.json,1.0,drift,2,conv1,4,2,1.0,1.0,500
cka_feddst,cifar10,0.8,7,results/logs/cka_strength_sweep/cifar10_drift_all/strength_1p0/seed_7/splits/cifar10_split_seed7_clients5_alpha0p3_ref500.json,1.0,drift,2,conv1,4,3,1.0,1.0,500
cka_feddst,cifar10,0.8,7,results/logs/cka_strength_sweep/cifar10_drift_all/strength_1p0/seed_7/splits/cifar10_split_seed7_clients5_alpha0p3_ref500.json,1.0,drift,2,conv1,4,4,1.0,1.0,500
cka_feddst,cifar10,0.8,7,results/logs/cka_strength_sweep/cifar10_drift_all/strength_1p0/seed_7/splits/cifar10_split_seed7_clients5_alpha0p3_ref500.json,1.0,drift,2,conv2,0,0,1.0,0.9999417066574097,500
cka_feddst,cifar10,0.8,7,results/logs/cka_strength_sweep/cifar10_drift_all/strength_1p0/seed_7/splits/cifar10_split_seed7_clients5_alpha0p3_ref500.json,1.0,drift,2,conv2,0,1,0.9999840259552002,0.9999417066574097,500
cka_feddst,cifar10,0.8,7,results/logs/cka_strength_sweep/cifar10_drift_all/strength_1p0/seed_7/splits/cifar10_split_seed7_clients5_alpha0p3_ref500.json,1.0,drift,2,conv2,0,2,0.999885082244873,0.9999417066574097,500
cka_feddst,cifar10,0.8,7,results/logs/cka_strength_sweep/cifar10_drift_all/strength_1p0/seed_7/splits/cifar10_split_seed7_clients5_alpha0p3_ref500.json,1.0,drift,2,conv2,0,3,1.0,0.9999417066574097,500
cka_feddst,cifar10,0.8,7,results/logs/cka_strength_sweep/cifar10_drift_all/strength_1p0/seed_7/splits/cifar10_split_seed7_clients5_alpha0p3_ref500.json,1.0,drift,2,conv2,0,4,0.9998792409896851,0.9999417066574097,500
cka_feddst,cifar10,0.8,7,results/logs/cka_strength_sweep/cifar10_drift_all/strength_1p0/seed_7/splits/cifar10_split_seed7_clients5_alpha0p3_ref500.json,1.0,drift,2,conv2,1,0,0.9999840259552002,0.9999417066574097,500
cka_feddst,cifar10,0.8,7,results/logs/cka_strength_sweep/cifar10_drift_all/strength_1p0/seed_7/splits/cifar10_split_seed7_clients5_alpha0p3_ref500.json,1.0,drift,2,conv2,1,1,1.0,0.9999417066574097,500
cka_feddst,cifar10,0.8,7,results/logs/cka_strength_sweep/cifar10_drift_all/strength_1p0/seed_7/splits/cifar10_split_seed7_clients5_alpha0p3_ref500.json,1.0,drift,2,conv2,1,2,0.9999558925628662,0.9999417066574097,500
cka_feddst,cifar10,0.8,7,results/logs/cka_strength_sweep/cifar10_drift_all/strength_1p0/seed_7/splits/cifar10_split_seed7_clients5_alpha0p3_ref500.json,1.0,drift,2,conv2,1,3,0.9999874830245972,0.9999417066574097,500
cka_feddst,cifar10,0.8,7,results/logs/cka_strength_sweep/cifar10_drift_all/strength_1p0/seed_7/splits/cifar10_split_seed7_clients5_alpha0p3_ref500.json,1.0,drift,2,conv2,1,4,0.9999513626098633,0.9999417066574097,500
cka_feddst,cifar10,0.8,7,results/logs/cka_strength_sweep/cifar10_drift_all/strength_1p0/seed_7/splits/cifar10_split_seed7_clients5_alpha0p3_ref500.json,1.0,drift,2,conv2,2,0,0.999885082244873,0.9999417066574097,500
cka_feddst,cifar10,0.8,7,results/logs/cka_strength_sweep/cifar10_drift_all/strength_1p0/seed_7/splits/cifar10_split_seed7_clients5_alpha0p3_ref500.json,1.0,drift,2,conv2,2,1,0.9999558925628662,0.9999417066574097,500
cka_feddst,cifar10,0.8,7,results/logs/cka_strength_sweep/cifar10_drift_all/strength_1p0/seed_7/splits/cifar10_split_seed7_clients5_alpha0p3_ref500.json,1.0,drift,2,conv2,2,2,1.0,0.9999417066574097,500
cka_feddst,cifar10,0.8,7,results/logs/cka_strength_sweep/cifar10_drift_all/strength_1p0/seed_7/splits/cifar10_split_seed7_clients5_alpha0p3_ref500.json,1.0,drift,2,conv2,2,3,0.9998900294303894,0.9999417066574097,500
cka_feddst,cifar10,0.8,7,results/logs/cka_strength_sweep/cifar10_drift_all/strength_1p0/seed_7/splits/cifar10_split_seed7_clients5_alpha0p3_ref500.json,1.0,drift,2,conv2,2,4,1.0,0.9999417066574097,500
cka_feddst,cifar10,0.8,7,results/logs/cka_strength_sweep/cifar10_drift_all/strength_1p0/seed_7/splits/cifar10_split_seed7_clients5_alpha0p3_ref500.json,1.0,drift,2,conv2,3,0,1.0,0.9999417066574097,500
cka_feddst,cifar10,0.8,7,results/logs/cka_strength_sweep/cifar10_drift_all/strength_1p0/seed_7/splits/cifar10_split_seed7_clients5_alpha0p3_ref500.json,1.0,drift,2,conv2,3,1,0.9999874830245972,0.9999417066574097,500
cka_feddst,cifar10,0.8,7,results/logs/cka_strength_sweep/cifar10_drift_all/strength_1p0/seed_7/splits/cifar10_split_seed7_clients5_alpha0p3_ref500.json,1.0,drift,2,conv2,3,2,0.9998900294303894,0.9999417066574097,500
cka_feddst,cifar10,0.8,7,results/logs/cka_strength_sweep/cifar10_drift_all/strength_1p0/seed_7/splits/cifar10_split_seed7_clients5_alpha0p3_ref500.json,1.0,drift,2,conv2,3,3,1.0,0.9999417066574097,500
cka_feddst,cifar10,0.8,7,results/logs/cka_strength_sweep/cifar10_drift_all/strength_1p0/seed_7/splits/cifar10_split_seed7_clients5_alpha0p3_ref500.json,1.0,drift,2,conv2,3,4,0.9998837113380432,0.9999417066574097,500
cka_feddst,cifar10,0.8,7,results/logs/cka_strength_sweep/cifar10_drift_all/strength_1p0/seed_7/splits/cifar10_split_seed7_clients5_alpha0p3_ref500.json,1.0,drift,2,conv2,4,0,0.9998792409896851,0.9999417066574097,500
cka_feddst,cifar10,0.8,7,results/logs/cka_strength_sweep/cifar10_drift_all/strength_1p0/seed_7/splits/cifar10_split_seed7_clients5_alpha0p3_ref500.json,1.0,drift,2,conv2,4,1,0.9999513626098633,0.9999417066574097,500
cka_feddst,cifar10,0.8,7,results/logs/cka_strength_sweep/cifar10_drift_all/strength_1p0/seed_7/splits/cifar10_split_seed7_clients5_alpha0p3_ref500.json,1.0,drift,2,conv2,4,2,1.0,0.9999417066574097,500
cka_feddst,cifar10,0.8,7,results/logs/cka_strength_sweep/cifar10_drift_all/strength_1p0/seed_7/splits/cifar10_split_seed7_clients5_alpha0p3_ref500.json,1.0,drift,2,conv2,4,3,0.9998837113380432,0.9999417066574097,500
cka_feddst,cifar10,0.8,7,results/logs/cka_strength_sweep/cifar10_drift_all/strength_1p0/seed_7/splits/cifar10_split_seed7_clients5_alpha0p3_ref500.json,1.0,drift,2,conv2,4,4,1.0,0.9999417066574097,500
cka_feddst,cifar10,0.8,7,results/logs/cka_strength_sweep/cifar10_drift_all/strength_1p0/seed_7/splits/cifar10_split_seed7_clients5_alpha0p3_ref500.json,1.0,drift,2,conv3,0,0,1.0,0.9994922876358032,500
cka_feddst,cifar10,0.8,7,results/logs/cka_strength_sweep/cifar10_drift_all/strength_1p0/seed_7/splits/cifar10_split_seed7_clients5_alpha0p3_ref500.json,1.0,drift,2,conv3,0,1,0.9998953938484192,0.9994922876358032,500
cka_feddst,cifar10,0.8,7,results/logs/cka_strength_sweep/cifar10_drift_all/strength_1p0/seed_7/splits/cifar10_split_seed7_clients5_alpha0p3_ref500.json,1.0,drift,2,conv3,0,2,0.9992451071739197,0.9994922876358032,500
cka_feddst,cifar10,0.8,7,results/logs/cka_strength_sweep/cifar10_drift_all/strength_1p0/seed_7/splits/cifar10_split_seed7_clients5_alpha0p3_ref500.json,1.0,drift,2,conv3,0,3,0.9999355673789978,0.9994922876358032,500
cka_feddst,cifar10,0.8,7,results/logs/cka_strength_sweep/cifar10_drift_all/strength_1p0/seed_7/splits/cifar10_split_seed7_clients5_alpha0p3_ref500.json,1.0,drift,2,conv3,0,4,0.9991782307624817,0.9994922876358032,500
cka_feddst,cifar10,0.8,7,results/logs/cka_strength_sweep/cifar10_drift_all/strength_1p0/seed_7/splits/cifar10_split_seed7_clients5_alpha0p3_ref500.json,1.0,drift,2,conv3,1,0,0.9998953938484192,0.9994922876358032,500
cka_feddst,cifar10,0.8,7,results/logs/cka_strength_sweep/cifar10_drift_all/strength_1p0/seed_7/splits/cifar10_split_seed7_clients5_alpha0p3_ref500.json,1.0,drift,2,conv3,1,1,1.0,0.9994922876358032,500
cka_feddst,cifar10,0.8,7,results/logs/cka_strength_sweep/cifar10_drift_all/strength_1p0/seed_7/splits/cifar10_split_seed7_clients5_alpha0p3_ref500.json,1.0,drift,2,conv3,1,2,0.9995989203453064,0.9994922876358032,500
cka_feddst,cifar10,0.8,7,results/logs/cka_strength_sweep/cifar10_drift_all/strength_1p0/seed_7/splits/cifar10_split_seed7_clients5_alpha0p3_ref500.json,1.0,drift,2,conv3,1,3,0.9998242855072021,0.9994922876358032,500
cka_feddst,cifar10,0.8,7,results/logs/cka_strength_sweep/cifar10_drift_all/strength_1p0/seed_7/splits/cifar10_split_seed7_clients5_alpha0p3_ref500.json,1.0,drift,2,conv3,1,4,0.9995143413543701,0.9994922876358032,500
cka_feddst,cifar10,0.8,7,results/logs/cka_strength_sweep/cifar10_drift_all/strength_1p0/seed_7/splits/cifar10_split_seed7_clients5_alpha0p3_ref500.json,1.0,drift,2,conv3,2,0,0.9992451071739197,0.9994922876358032,500
cka_feddst,cifar10,0.8,7,results/logs/cka_strength_sweep/cifar10_drift_all/strength_1p0/seed_7/splits/cifar10_split_seed7_clients5_alpha0p3_ref500.json,1.0,drift,2,conv3,2,1,0.9995989203453064,0.9994922876358032,500
cka_feddst,cifar10,0.8,7,results/logs/cka_strength_sweep/cifar10_drift_all/strength_1p0/seed_7/splits/cifar10_split_seed7_clients5_alpha0p3_ref500.json,1.0,drift,2,conv3,2,2,1.0,0.9994922876358032,500
cka_feddst,cifar10,0.8,7,results/logs/cka_strength_sweep/cifar10_drift_all/strength_1p0/seed_7/splits/cifar10_split_seed7_clients5_alpha0p3_ref500.json,1.0,drift,2,conv3,2,3,0.9989598393440247,0.9994922876358032,500
cka_feddst,cifar10,0.8,7,results/logs/cka_strength_sweep/cifar10_drift_all/strength_1p0/seed_7/splits/cifar10_split_seed7_clients5_alpha0p3_ref500.json,1.0,drift,2,conv3,2,4,0.9999281167984009,0.9994922876358032,500
cka_feddst,cifar10,0.8,7,results/logs/cka_strength_sweep/cifar10_drift_all/strength_1p0/seed_7/splits/cifar10_split_seed7_clients5_alpha0p3_ref500.json,1.0,drift,2,conv3,3,0,0.9999355673789978,0.9994922876358032,500
cka_feddst,cifar10,0.8,7,results/logs/cka_strength_sweep/cifar10_drift_all/strength_1p0/seed_7/splits/cifar10_split_seed7_clients5_alpha0p3_ref500.json,1.0,drift,2,conv3,3,1,0.9998242855072021,0.9994922876358032,500
cka_feddst,cifar10,0.8,7,results/logs/cka_strength_sweep/cifar10_drift_all/strength_1p0/seed_7/splits/cifar10_split_seed7_clients5_alpha0p3_ref500.json,1.0,drift,2,conv3,3,2,0.9989598393440247,0.9994922876358032,500
cka_feddst,cifar10,0.8,7,results/logs/cka_strength_sweep/cifar10_drift_all/strength_1p0/seed_7/splits/cifar10_split_seed7_clients5_alpha0p3_ref500.json,1.0,drift,2,conv3,3,3,1.0,0.9994922876358032,500
cka_feddst,cifar10,0.8,7,results/logs/cka_strength_sweep/cifar10_drift_all/strength_1p0/seed_7/splits/cifar10_split_seed7_clients5_alpha0p3_ref500.json,1.0,drift,2,conv3,3,4,0.9988423585891724,0.9994922876358032,500
cka_feddst,cifar10,0.8,7,results/logs/cka_strength_sweep/cifar10_drift_all/strength_1p0/seed_7/splits/cifar10_split_seed7_clients5_alpha0p3_ref500.json,1.0,drift,2,conv3,4,0,0.9991782307624817,0.9994922876358032,500
cka_feddst,cifar10,0.8,7,results/logs/cka_strength_sweep/cifar10_drift_all/strength_1p0/seed_7/splits/cifar10_split_seed7_clients5_alpha0p3_ref500.json,1.0,drift,2,conv3,4,1,0.9995143413543701,0.9994922876358032,500
cka_feddst,cifar10,0.8,7,results/logs/cka_strength_sweep/cifar10_drift_all/strength_1p0/seed_7/splits/cifar10_split_seed7_clients5_alpha0p3_ref500.json,1.0,drift,2,conv3,4,2,0.9999281167984009,0.9994922876358032,500
cka_feddst,cifar10,0.8,7,results/logs/cka_strength_sweep/cifar10_drift_all/strength_1p0/seed_7/splits/cifar10_split_seed7_clients5_alpha0p3_ref500.json,1.0,drift,2,conv3,4,3,0.9988423585891724,0.9994922876358032,500
cka_feddst,cifar10,0.8,7,results/logs/cka_strength_sweep/cifar10_drift_all/strength_1p0/seed_7/splits/cifar10_split_seed7_clients5_alpha0p3_ref500.json,1.0,drift,2,conv3,4,4,1.0,0.9994922876358032,500
cka_feddst,cifar10,0.8,7,results/logs/cka_strength_sweep/cifar10_drift_all/strength_1p0/seed_7/splits/cifar10_split_seed7_clients5_alpha0p3_ref500.json,1.0,drift,2,fc1,0,0,1.0,0.9875357747077942,500
cka_feddst,cifar10,0.8,7,results/logs/cka_strength_sweep/cifar10_drift_all/strength_1p0/seed_7/splits/cifar10_split_seed7_clients5_alpha0p3_ref500.json,1.0,drift,2,fc1,0,1,0.9916701912879944,0.9875357747077942,500
cka_feddst,cifar10,0.8,7,results/logs/cka_strength_sweep/cifar10_drift_all/strength_1p0/seed_7/splits/cifar10_split_seed7_clients5_alpha0p3_ref500.json,1.0,drift,2,fc1,0,2,0.9833346605300903,0.9875357747077942,500
cka_feddst,cifar10,0.8,7,results/logs/cka_strength_sweep/cifar10_drift_all/strength_1p0/seed_7/splits/cifar10_split_seed7_clients5_alpha0p3_ref500.json,1.0,drift,2,fc1,0,3,0.9967239499092102,0.9875357747077942,500
cka_feddst,cifar10,0.8,7,results/logs/cka_strength_sweep/cifar10_drift_all/strength_1p0/seed_7/splits/cifar10_split_seed7_clients5_alpha0p3_ref500.json,1.0,drift,2,fc1,0,4,0.9782621264457703,0.9875357747077942,500
cka_feddst,cifar10,0.8,7,results/logs/cka_strength_sweep/cifar10_drift_all/strength_1p0/seed_7/splits/cifar10_split_seed7_clients5_alpha0p3_ref500.json,1.0,drift,2,fc1,1,0,0.9916701912879944,0.9875357747077942,500
cka_feddst,cifar10,0.8,7,results/logs/cka_strength_sweep/cifar10_drift_all/strength_1p0/seed_7/splits/cifar10_split_seed7_clients5_alpha0p3_ref500.json,1.0,drift,2,fc1,1,1,1.0,0.9875357747077942,500
cka_feddst,cifar10,0.8,7,results/logs/cka_strength_sweep/cifar10_drift_all/strength_1p0/seed_7/splits/cifar10_split_seed7_clients5_alpha0p3_ref500.json,1.0,drift,2,fc1,1,2,0.9937892556190491,0.9875357747077942,500
cka_feddst,cifar10,0.8,7,results/logs/cka_strength_sweep/cifar10_drift_all/strength_1p0/seed_7/splits/cifar10_split_seed7_clients5_alpha0p3_ref500.json,1.0,drift,2,fc1,1,3,0.9904508590698242,0.9875357747077942,500
cka_feddst,cifar10,0.8,7,results/logs/cka_strength_sweep/cifar10_drift_all/strength_1p0/seed_7/splits/cifar10_split_seed7_clients5_alpha0p3_ref500.json,1.0,drift,2,fc1,1,4,0.9919790625572205,0.9875357747077942,500
cka_feddst,cifar10,0.8,7,results/logs/cka_strength_sweep/cifar10_drift_all/strength_1p0/seed_7/splits/cifar10_split_seed7_clients5_alpha0p3_ref500.json,1.0,drift,2,fc1,2,0,0.9833346605300903,0.9875357747077942,500
cka_feddst,cifar10,0.8,7,results/logs/cka_strength_sweep/cifar10_drift_all/strength_1p0/seed_7/splits/cifar10_split_seed7_clients5_alpha0p3_ref500.json,1.0,drift,2,fc1,2,1,0.9937892556190491,0.9875357747077942,500
cka_feddst,cifar10,0.8,7,results/logs/cka_strength_sweep/cifar10_drift_all/strength_1p0/seed_7/splits/cifar10_split_seed7_clients5_alpha0p3_ref500.json,1.0,drift,2,fc1,2,2,1.0,0.9875357747077942,500
cka_feddst,cifar10,0.8,7,results/logs/cka_strength_sweep/cifar10_drift_all/strength_1p0/seed_7/splits/cifar10_split_seed7_clients5_alpha0p3_ref500.json,1.0,drift,2,fc1,2,3,0.9788164496421814,0.9875357747077942,500
cka_feddst,cifar10,0.8,7,results/logs/cka_strength_sweep/cifar10_drift_all/strength_1p0/seed_7/splits/cifar10_split_seed7_clients5_alpha0p3_ref500.json,1.0,drift,2,fc1,2,4,0.9959432482719421,0.9875357747077942,500
cka_feddst,cifar10,0.8,7,results/logs/cka_strength_sweep/cifar10_drift_all/strength_1p0/seed_7/splits/cifar10_split_seed7_clients5_alpha0p3_ref500.json,1.0,drift,2,fc1,3,0,0.9967239499092102,0.9875357747077942,500
cka_feddst,cifar10,0.8,7,results/logs/cka_strength_sweep/cifar10_drift_all/strength_1p0/seed_7/splits/cifar10_split_seed7_clients5_alpha0p3_ref500.json,1.0,drift,2,fc1,3,1,0.9904508590698242,0.9875357747077942,500
cka_feddst,cifar10,0.8,7,results/logs/cka_strength_sweep/cifar10_drift_all/strength_1p0/seed_7/splits/cifar10_split_seed7_clients5_alpha0p3_ref500.json,1.0,drift,2,fc1,3,2,0.9788164496421814,0.9875357747077942,500
cka_feddst,cifar10,0.8,7,results/logs/cka_strength_sweep/cifar10_drift_all/strength_1p0/seed_7/splits/cifar10_split_seed7_clients5_alpha0p3_ref500.json,1.0,drift,2,fc1,3,3,1.0,0.9875357747077942,500
cka_feddst,cifar10,0.8,7,results/logs/cka_strength_sweep/cifar10_drift_all/strength_1p0/seed_7/splits/cifar10_split_seed7_clients5_alpha0p3_ref500.json,1.0,drift,2,fc1,3,4,0.9743889570236206,0.9875357747077942,500
cka_feddst,cifar10,0.8,7,results/logs/cka_strength_sweep/cifar10_drift_all/strength_1p0/seed_7/splits/cifar10_split_seed7_clients5_alpha0p3_ref500.json,1.0,drift,2,fc1,4,0,0.9782621264457703,0.9875357747077942,500
cka_feddst,cifar10,0.8,7,results/logs/cka_strength_sweep/cifar10_drift_all/strength_1p0/seed_7/splits/cifar10_split_seed7_clients5_alpha0p3_ref500.json,1.0,drift,2,fc1,4,1,0.9919790625572205,0.9875357747077942,500
cka_feddst,cifar10,0.8,7,results/logs/cka_strength_sweep/cifar10_drift_all/strength_1p0/seed_7/splits/cifar10_split_seed7_clients5_alpha0p3_ref500.json,1.0,drift,2,fc1,4,2,0.9959432482719421,0.9875357747077942,500
cka_feddst,cifar10,0.8,7,results/logs/cka_strength_sweep/cifar10_drift_all/strength_1p0/seed_7/splits/cifar10_split_seed7_clients5_alpha0p3_ref500.json,1.0,drift,2,fc1,4,3,0.9743889570236206,0.9875357747077942,500
cka_feddst,cifar10,0.8,7,results/logs/cka_strength_sweep/cifar10_drift_all/strength_1p0/seed_7/splits/cifar10_split_seed7_clients5_alpha0p3_ref500.json,1.0,drift,2,fc1,4,4,1.0,0.9875357747077942,500
cka_feddst,cifar10,0.8,7,results/logs/cka_strength_sweep/cifar10_drift_all/strength_1p0/seed_7/splits/cifar10_split_seed7_clients5_alpha0p3_ref500.json,1.0,drift,4,conv1,0,0,1.0,0.9999833106994629,500
cka_feddst,cifar10,0.8,7,results/logs/cka_strength_sweep/cifar10_drift_all/strength_1p0/seed_7/splits/cifar10_split_seed7_clients5_alpha0p3_ref500.json,1.0,drift,4,conv1,0,1,0.9999947547912598,0.9999833106994629,500
cka_feddst,cifar10,0.8,7,results/logs/cka_strength_sweep/cifar10_drift_all/strength_1p0/seed_7/splits/cifar10_split_seed7_clients5_alpha0p3_ref500.json,1.0,drift,4,conv1,0,2,0.9999371767044067,0.9999833106994629,500
cka_feddst,cifar10,0.8,7,results/logs/cka_strength_sweep/cifar10_drift_all/strength_1p0/seed_7/splits/cifar10_split_seed7_clients5_alpha0p3_ref500.json,1.0,drift,4,conv1,0,3,0.999997615814209,0.9999833106994629,500
cka_feddst,cifar10,0.8,7,results/logs/cka_strength_sweep/cifar10_drift_all/strength_1p0/seed_7/splits/cifar10_split_seed7_clients5_alpha0p3_ref500.json,1.0,drift,4,conv1,0,4,0.9999704957008362,0.9999833106994629,500
cka_feddst,cifar10,0.8,7,results/logs/cka_strength_sweep/cifar10_drift_all/strength_1p0/seed_7/splits/cifar10_split_seed7_clients5_alpha0p3_ref500.json,1.0,drift,4,conv1,1,0,0.9999947547912598,0.9999833106994629,500
cka_feddst,cifar10,0.8,7,results/logs/cka_strength_sweep/cifar10_drift_all/strength_1p0/seed_7/splits/cifar10_split_seed7_clients5_alpha0p3_ref500.json,1.0,drift,4,conv1,1,1,1.0,0.9999833106994629,500
cka_feddst,cifar10,0.8,7,results/logs/cka_strength_sweep/cifar10_drift_all/strength_1p0/seed_7/splits/cifar10_split_seed7_clients5_alpha0p3_ref500.json,1.0,drift,4,conv1,1,2,0.9999763369560242,0.9999833106994629,500
cka_feddst,cifar10,0.8,7,results/logs/cka_strength_sweep/cifar10_drift_all/strength_1p0/seed_7/splits/cifar10_split_seed7_clients5_alpha0p3_ref500.json,1.0,drift,4,conv1,1,3,1.0,0.9999833106994629,500
cka_feddst,cifar10,0.8,7,results/logs/cka_strength_sweep/cifar10_drift_all/strength_1p0/seed_7/splits/cifar10_split_seed7_clients5_alpha0p3_ref500.json,1.0,drift,4,conv1,1,4,0.9999960064888,0.9999833106994629,500
cka_feddst,cifar10,0.8,7,results/logs/cka_strength_sweep/cifar10_drift_all/strength_1p0/seed_7/splits/cifar10_split_seed7_clients5_alpha0p3_ref500.json,1.0,drift,4,conv1,2,0,0.9999371767044067,0.9999833106994629,500
cka_feddst,cifar10,0.8,7,results/logs/cka_strength_sweep/cifar10_drift_all/strength_1p0/seed_7/splits/cifar10_split_seed7_clients5_alpha0p3_ref500.json,1.0,drift,4,conv1,2,1,0.9999763369560242,0.9999833106994629,500
cka_feddst,cifar10,0.8,7,results/logs/cka_strength_sweep/cifar10_drift_all/strength_1p0/seed_7/splits/cifar10_split_seed7_clients5_alpha0p3_ref500.json,1.0,drift,4,conv1,2,2,1.0,0.9999833106994629,500
cka_feddst,cifar10,0.8,7,results/logs/cka_strength_sweep/cifar10_drift_all/strength_1p0/seed_7/splits/cifar10_split_seed7_clients5_alpha0p3_ref500.json,1.0,drift,4,conv1,2,3,0.999970018863678,0.9999833106994629,500
cka_feddst,cifar10,0.8,7,results/logs/cka_strength_sweep/cifar10_drift_all/strength_1p0/seed_7/splits/cifar10_split_seed7_clients5_alpha0p3_ref500.json,1.0,drift,4,conv1,2,4,0.9999985098838806,0.9999833106994629,500
cka_feddst,cifar10,0.8,7,results/logs/cka_strength_sweep/cifar10_drift_all/strength_1p0/seed_7/splits/cifar10_split_seed7_clients5_alpha0p3_ref500.json,1.0,drift,4,conv1,3,0,0.999997615814209,0.9999833106994629,500
cka_feddst,cifar10,0.8,7,results/logs/cka_strength_sweep/cifar10_drift_all/strength_1p0/seed_7/splits/cifar10_split_seed7_clients5_alpha0p3_ref500.json,1.0,drift,4,conv1,3,1,1.0,0.9999833106994629,500
cka_feddst,cifar10,0.8,7,results/logs/cka_strength_sweep/cifar10_drift_all/strength_1p0/seed_7/splits/cifar10_split_seed7_clients5_alpha0p3_ref500.json,1.0,drift,4,conv1,3,2,0.999970018863678,0.9999833106994629,500
cka_feddst,cifar10,0.8,7,results/logs/cka_strength_sweep/cifar10_drift_all/strength_1p0/seed_7/splits/cifar10_split_seed7_clients5_alpha0p3_ref500.json,1.0,drift,4,conv1,3,3,1.0,0.9999833106994629,500
cka_feddst,cifar10,0.8,7,results/logs/cka_strength_sweep/cifar10_drift_all/strength_1p0/seed_7/splits/cifar10_split_seed7_clients5_alpha0p3_ref500.json,1.0,drift,4,conv1,3,4,0.999992311000824,0.9999833106994629,500
cka_feddst,cifar10,0.8,7,results/logs/cka_strength_sweep/cifar10_drift_all/strength_1p0/seed_7/splits/cifar10_split_seed7_clients5_alpha0p3_ref500.json,1.0,drift,4,conv1,4,0,0.9999704957008362,0.9999833106994629,500
cka_feddst,cifar10,0.8,7,results/logs/cka_strength_sweep/cifar10_drift_all/strength_1p0/seed_7/splits/cifar10_split_seed7_clients5_alpha0p3_ref500.json,1.0,drift,4,conv1,4,1,0.9999960064888,0.9999833106994629,500
cka_feddst,cifar10,0.8,7,results/logs/cka_strength_sweep/cifar10_drift_all/strength_1p0/seed_7/splits/cifar10_split_seed7_clients5_alpha0p3_ref500.json,1.0,drift,4,conv1,4,2,0.9999985098838806,0.9999833106994629,500
cka_feddst,cifar10,0.8,7,results/logs/cka_strength_sweep/cifar10_drift_all/strength_1p0/seed_7/splits/cifar10_split_seed7_clients5_alpha0p3_ref500.json,1.0,drift,4,conv1,4,3,0.999992311000824,0.9999833106994629,500
cka_feddst,cifar10,0.8,7,results/logs/cka_strength_sweep/cifar10_drift_all/strength_1p0/seed_7/splits/cifar10_split_seed7_clients5_alpha0p3_ref500.json,1.0,drift,4,conv1,4,4,1.0,0.9999833106994629,500
cka_feddst,cifar10,0.8,7,results/logs/cka_strength_sweep/cifar10_drift_all/strength_1p0/seed_7/splits/cifar10_split_seed7_clients5_alpha0p3_ref500.json,1.0,drift,4,conv2,0,0,1.0,0.9998488426208496,500
cka_feddst,cifar10,0.8,7,results/logs/cka_strength_sweep/cifar10_drift_all/strength_1p0/seed_7/splits/cifar10_split_seed7_clients5_alpha0p3_ref500.json,1.0,drift,4,conv2,0,1,0.9998904466629028,0.9998488426208496,500
cka_feddst,cifar10,0.8,7,results/logs/cka_strength_sweep/cifar10_drift_all/strength_1p0/seed_7/splits/cifar10_split_seed7_clients5_alpha0p3_ref500.json,1.0,drift,4,conv2,0,2,0.9995445609092712,0.9998488426208496,500
cka_feddst,cifar10,0.8,7,results/logs/cka_strength_sweep/cifar10_drift_all/strength_1p0/seed_7/splits/cifar10_split_seed7_clients5_alpha0p3_ref500.json,1.0,drift,4,conv2,0,3,0.9999279975891113,0.9998488426208496,500
cka_feddst,cifar10,0.8,7,results/logs/cka_strength_sweep/cifar10_drift_all/strength_1p0/seed_7/splits/cifar10_split_seed7_clients5_alpha0p3_ref500.json,1.0,drift,4,conv2,0,4,0.9996517896652222,0.9998488426208496,500
cka_feddst,cifar10,0.8,7,results/logs/cka_strength_sweep/cifar10_drift_all/strength_1p0/seed_7/splits/cifar10_split_seed7_clients5_alpha0p3_ref500.json,1.0,drift,4,conv2,1,0,0.9998904466629028,0.9998488426208496,500
cka_feddst,cifar10,0.8,7,results/logs/cka_strength_sweep/cifar10_drift_all/strength_1p0/seed_7/splits/cifar10_split_seed7_clients5_alpha0p3_ref500.json,1.0,drift,4,conv2,1,1,1.0,0.9998488426208496,500
cka_feddst,cifar10,0.8,7,results/logs/cka_strength_sweep/cifar10_drift_all/strength_1p0/seed_7/splits/cifar10_split_seed7_clients5_alpha0p3_ref500.json,1.0,drift,4,conv2,1,2,0.9998816847801208,0.9998488426208496,500
cka_feddst,cifar10,0.8,7,results/logs/cka_strength_sweep/cifar10_drift_all/strength_1p0/seed_7/splits/cifar10_split_seed7_clients5_alpha0p3_ref500.json,1.0,drift,4,conv2,1,3,0.9999974370002747,0.9998488426208496,500
cka_feddst,cifar10,0.8,7,results/logs/cka_strength_sweep/cifar10_drift_all/strength_1p0/seed_7/splits/cifar10_split_seed7_clients5_alpha0p3_ref500.json,1.0,drift,4,conv2,1,4,0.9999147653579712,0.9998488426208496,500
cka_feddst,cifar10,0.8,7,results/logs/cka_strength_sweep/cifar10_drift_all/strength_1p0/seed_7/splits/cifar10_split_seed7_clients5_alpha0p3_ref500.json,1.0,drift,4,conv2,2,0,0.9995445609092712,0.9998488426208496,500
cka_feddst,cifar10,0.8,7,results/logs/cka_strength_sweep/cifar10_drift_all/strength_1p0/seed_7/splits/cifar10_split_seed7_clients5_alpha0p3_ref500.json,1.0,drift,4,conv2,2,1,0.9998816847801208,0.9998488426208496,500
cka_feddst,cifar10,0.8,7,results/logs/cka_strength_sweep/cifar10_drift_all/strength_1p0/seed_7/splits/cifar10_split_seed7_clients5_alpha0p3_ref500.json,1.0,drift,4,conv2,2,2,1.0,0.9998488426208496,500
cka_feddst,cifar10,0.8,7,results/logs/cka_strength_sweep/cifar10_drift_all/strength_1p0/seed_7/splits/cifar10_split_seed7_clients5_alpha0p3_ref500.json,1.0,drift,4,conv2,2,3,0.9998357892036438,0.9998488426208496,500
cka_feddst,cifar10,0.8,7,results/logs/cka_strength_sweep/cifar10_drift_all/strength_1p0/seed_7/splits/cifar10_split_seed7_clients5_alpha0p3_ref500.json,1.0,drift,4,conv2,2,4,0.9999505281448364,0.9998488426208496,500
cka_feddst,cifar10,0.8,7,results/logs/cka_strength_sweep/cifar10_drift_all/strength_1p0/seed_7/splits/cifar10_split_seed7_clients5_alpha0p3_ref500.json,1.0,drift,4,conv2,3,0,0.9999279975891113,0.9998488426208496,500
cka_feddst,cifar10,0.8,7,results/logs/cka_strength_sweep/cifar10_drift_all/strength_1p0/seed_7/splits/cifar10_split_seed7_clients5_alpha0p3_ref500.json,1.0,drift,4,conv2,3,1,0.9999974370002747,0.9998488426208496,500
cka_feddst,cifar10,0.8,7,results/logs/cka_strength_sweep/cifar10_drift_all/strength_1p0/seed_7/splits/cifar10_split_seed7_clients5_alpha0p3_ref500.json,1.0,drift,4,conv2,3,2,0.9998357892036438,0.9998488426208496,500
cka_feddst,cifar10,0.8,7,results/logs/cka_strength_sweep/cifar10_drift_all/strength_1p0/seed_7/splits/cifar10_split_seed7_clients5_alpha0p3_ref500.json,1.0,drift,4,conv2,3,3,1.0,0.9998488426208496,500
cka_feddst,cifar10,0.8,7,results/logs/cka_strength_sweep/cifar10_drift_all/strength_1p0/seed_7/splits/cifar10_split_seed7_clients5_alpha0p3_ref500.json,1.0,drift,4,conv2,3,4,0.9998927116394043,0.9998488426208496,500
cka_feddst,cifar10,0.8,7,results/logs/cka_strength_sweep/cifar10_drift_all/strength_1p0/seed_7/splits/cifar10_split_seed7_clients5_alpha0p3_ref500.json,1.0,drift,4,conv2,4,0,0.9996517896652222,0.9998488426208496,500
cka_feddst,cifar10,0.8,7,results/logs/cka_strength_sweep/cifar10_drift_all/strength_1p0/seed_7/splits/cifar10_split_seed7_clients5_alpha0p3_ref500.json,1.0,drift,4,conv2,4,1,0.9999147653579712,0.9998488426208496,500
cka_feddst,cifar10,0.8,7,results/logs/cka_strength_sweep/cifar10_drift_all/strength_1p0/seed_7/splits/cifar10_split_seed7_clients5_alpha0p3_ref500.json,1.0,drift,4,conv2,4,2,0.9999505281448364,0.9998488426208496,500
cka_feddst,cifar10,0.8,7,results/logs/cka_strength_sweep/cifar10_drift_all/strength_1p0/seed_7/splits/cifar10_split_seed7_clients5_alpha0p3_ref500.json,1.0,drift,4,conv2,4,3,0.9998927116394043,0.9998488426208496,500
cka_feddst,cifar10,0.8,7,results/logs/cka_strength_sweep/cifar10_drift_all/strength_1p0/seed_7/splits/cifar10_split_seed7_clients5_alpha0p3_ref500.json,1.0,drift,4,conv2,4,4,1.0,0.9998488426208496,500
cka_feddst,cifar10,0.8,7,results/logs/cka_strength_sweep/cifar10_drift_all/strength_1p0/seed_7/splits/cifar10_split_seed7_clients5_alpha0p3_ref500.json,1.0,drift,4,conv3,0,0,1.0,0.9995156526565552,500
cka_feddst,cifar10,0.8,7,results/logs/cka_strength_sweep/cifar10_drift_all/strength_1p0/seed_7/splits/cifar10_split_seed7_clients5_alpha0p3_ref500.json,1.0,drift,4,conv3,0,1,0.9997692108154297,0.9995156526565552,500
cka_feddst,cifar10,0.8,7,results/logs/cka_strength_sweep/cifar10_drift_all/strength_1p0/seed_7/splits/cifar10_split_seed7_clients5_alpha0p3_ref500.json,1.0,drift,4,conv3,0,2,0.9992818832397461,0.9995156526565552,500
cka_feddst,cifar10,0.8,7,results/logs/cka_strength_sweep/cifar10_drift_all/strength_1p0/seed_7/splits/cifar10_split_seed7_clients5_alpha0p3_ref500.json,1.0,drift,4,conv3,0,3,0.9998629093170166,0.9995156526565552,500
cka_feddst,cifar10,0.8,7,results/logs/cka_strength_sweep/cifar10_drift_all/strength_1p0/seed_7/splits/cifar10_split_seed7_clients5_alpha0p3_ref500.json,1.0,drift,4,conv3,0,4,0.998915433883667,0.9995156526565552,500
cka_feddst,cifar10,0.8,7,results/logs/cka_strength_sweep/cifar10_drift_all/strength_1p0/seed_7/splits/cifar10_split_seed7_clients5_alpha0p3_ref500.json,1.0,drift,4,conv3,1,0,0.9997692108154297,0.9995156526565552,500
cka_feddst,cifar10,0.8,7,results/logs/cka_strength_sweep/cifar10_drift_all/strength_1p0/seed_7/splits/cifar10_split_seed7_clients5_alpha0p3_ref500.json,1.0,drift,4,conv3,1,1,1.0,0.9995156526565552,500
cka_feddst,cifar10,0.8,7,results/logs/cka_strength_sweep/cifar10_drift_all/strength_1p0/seed_7/splits/cifar10_split_seed7_clients5_alpha0p3_ref500.json,1.0,drift,4,conv3,1,2,0.9998468160629272,0.9995156526565552,500
cka_feddst,cifar10,0.8,7,results/logs/cka_strength_sweep/cifar10_drift_all/strength_1p0/seed_7/splits/cifar10_split_seed7_clients5_alpha0p3_ref500.json,1.0,drift,4,conv3,1,3,0.9999879002571106,0.9995156526565552,500
cka_feddst,cifar10,0.8,7,results/logs/cka_strength_sweep/cifar10_drift_all/strength_1p0/seed_7/splits/cifar10_split_seed7_clients5_alpha0p3_ref500.json,1.0,drift,4,conv3,1,4,0.999302327632904,0.9995156526565552,500
cka_feddst,cifar10,0.8,7,results/logs/cka_strength_sweep/cifar10_drift_all/strength_1p0/seed_7/splits/cifar10_split_seed7_clients5_alpha0p3_ref500.json,1.0,drift,4,conv3,2,0,0.9992818832397461,0.9995156526565552,500
cka_feddst,cifar10,0.8,7,results/logs/cka_strength_sweep/cifar10_drift_all/strength_1p0/seed_7/splits/cifar10_split_seed7_clients5_alpha0p3_ref500.json,1.0,drift,4,conv3,2,1,0.9998468160629272,0.9995156526565552,500
cka_feddst,cifar10,0.8,7,results/logs/cka_strength_sweep/cifar10_drift_all/strength_1p0/seed_7/splits/cifar10_split_seed7_clients5_alpha0p3_ref500.json,1.0,drift,4,conv3,2,2,1.0,0.9995156526565552,500
cka_feddst,cifar10,0.8,7,results/logs/cka_strength_sweep/cifar10_drift_all/strength_1p0/seed_7/splits/cifar10_split_seed7_clients5_alpha0p3_ref500.json,1.0,drift,4,conv3,2,3,0.99976646900177,0.9995156526565552,500
cka_feddst,cifar10,0.8,7,results/logs/cka_strength_sweep/cifar10_drift_all/strength_1p0/seed_7/splits/cifar10_split_seed7_clients5_alpha0p3_ref500.json,1.0,drift,4,conv3,2,4,0.9991539716720581,0.9995156526565552,500
cka_feddst,cifar10,0.8,7,results/logs/cka_strength_sweep/cifar10_drift_all/strength_1p0/seed_7/splits/cifar10_split_seed7_clients5_alpha0p3_ref500.json,1.0,drift,4,conv3,3,0,0.9998629093170166,0.9995156526565552,500
cka_feddst,cifar10,0.8,7,results/logs/cka_strength_sweep/cifar10_drift_all/strength_1p0/seed_7/splits/cifar10_split_seed7_clients5_alpha0p3_ref500.json,1.0,drift,4,conv3,3,1,0.9999879002571106,0.9995156526565552,500
cka_feddst,cifar10,0.8,7,results/logs/cka_strength_sweep/cifar10_drift_all/strength_1p0/seed_7/splits/cifar10_split_seed7_clients5_alpha0p3_ref500.json,1.0,drift,4,conv3,3,2,0.99976646900177,0.9995156526565552,500
cka_feddst,cifar10,0.8,7,results/logs/cka_strength_sweep/cifar10_drift_all/strength_1p0/seed_7/splits/cifar10_split_seed7_clients5_alpha0p3_ref500.json,1.0,drift,4,conv3,3,3,1.0,0.9995156526565552,500
cka_feddst,cifar10,0.8,7,results/logs/cka_strength_sweep/cifar10_drift_all/strength_1p0/seed_7/splits/cifar10_split_seed7_clients5_alpha0p3_ref500.json,1.0,drift,4,conv3,3,4,0.9992690086364746,0.9995156526565552,500
cka_feddst,cifar10,0.8,7,results/logs/cka_strength_sweep/cifar10_drift_all/strength_1p0/seed_7/splits/cifar10_split_seed7_clients5_alpha0p3_ref500.json,1.0,drift,4,conv3,4,0,0.998915433883667,0.9995156526565552,500
cka_feddst,cifar10,0.8,7,results/logs/cka_strength_sweep/cifar10_drift_all/strength_1p0/seed_7/splits/cifar10_split_seed7_clients5_alpha0p3_ref500.json,1.0,drift,4,conv3,4,1,0.999302327632904,0.9995156526565552,500
cka_feddst,cifar10,0.8,7,results/logs/cka_strength_sweep/cifar10_drift_all/strength_1p0/seed_7/splits/cifar10_split_seed7_clients5_alpha0p3_ref500.json,1.0,drift,4,conv3,4,2,0.9991539716720581,0.9995156526565552,500
cka_feddst,cifar10,0.8,7,results/logs/cka_strength_sweep/cifar10_drift_all/strength_1p0/seed_7/splits/cifar10_split_seed7_clients5_alpha0p3_ref500.json,1.0,drift,4,conv3,4,3,0.9992690086364746,0.9995156526565552,500
cka_feddst,cifar10,0.8,7,results/logs/cka_strength_sweep/cifar10_drift_all/strength_1p0/seed_7/splits/cifar10_split_seed7_clients5_alpha0p3_ref500.json,1.0,drift,4,conv3,4,4,1.0,0.9995156526565552,500
cka_feddst,cifar10,0.8,7,results/logs/cka_strength_sweep/cifar10_drift_all/strength_1p0/seed_7/splits/cifar10_split_seed7_clients5_alpha0p3_ref500.json,1.0,drift,4,fc1,0,0,1.0,0.973549485206604,500
cka_feddst,cifar10,0.8,7,results/logs/cka_strength_sweep/cifar10_drift_all/strength_1p0/seed_7/splits/cifar10_split_seed7_clients5_alpha0p3_ref500.json,1.0,drift,4,fc1,0,1,0.9913338422775269,0.973549485206604,500
cka_feddst,cifar10,0.8,7,results/logs/cka_strength_sweep/cifar10_drift_all/strength_1p0/seed_7/splits/cifar10_split_seed7_clients5_alpha0p3_ref500.json,1.0,drift,4,fc1,0,2,0.9958412647247314,0.973549485206604,500
cka_feddst,cifar10,0.8,7,results/logs/cka_strength_sweep/cifar10_drift_all/strength_1p0/seed_7/splits/cifar10_split_seed7_clients5_alpha0p3_ref500.json,1.0,drift,4,fc1,0,3,0.9889151453971863,0.973549485206604,500
cka_feddst,cifar10,0.8,7,results/logs/cka_strength_sweep/cifar10_drift_all/strength_1p0/seed_7/splits/cifar10_split_seed7_clients5_alpha0p3_ref500.json,1.0,drift,4,fc1,0,4,0.91428142786026,0.973549485206604,500
cka_feddst,cifar10,0.8,7,results/logs/cka_strength_sweep/cifar10_drift_all/strength_1p0/seed_7/splits/cifar10_split_seed7_clients5_alpha0p3_ref500.json,1.0,drift,4,fc1,1,0,0.9913338422775269,0.973549485206604,500
cka_feddst,cifar10,0.8,7,results/logs/cka_strength_sweep/cifar10_drift_all/strength_1p0/seed_7/splits/cifar10_split_seed7_clients5_alpha0p3_ref500.json,1.0,drift,4,fc1,1,1,1.0,0.973549485206604,500
cka_feddst,cifar10,0.8,7,results/logs/cka_strength_sweep/cifar10_drift_all/strength_1p0/seed_7/splits/cifar10_split_seed7_clients5_alpha0p3_ref500.json,1.0,drift,4,fc1,1,2,0.9968055486679077,0.973549485206604,500
cka_feddst,cifar10,0.8,7,results/logs/cka_strength_sweep/cifar10_drift_all/strength_1p0/seed_7/splits/cifar10_split_seed7_clients5_alpha0p3_ref500.json,1.0,drift,4,fc1,1,3,0.9997110962867737,0.973549485206604,500
cka_feddst,cifar10,0.8,7,results/logs/cka_strength_sweep/cifar10_drift_all/strength_1p0/seed_7/splits/cifar10_split_seed7_clients5_alpha0p3_ref500.json,1.0,drift,4,fc1,1,4,0.9562897682189941,0.973549485206604,500
cka_feddst,cifar10,0.8,7,results/logs/cka_strength_sweep/cifar10_drift_all/strength_1p0/seed_7/splits/cifar10_split_seed7_clients5_alpha0p3_ref500.json,1.0,drift,4,fc1,2,0,0.9958412647247314,0.973549485206604,500
cka_feddst,cifar10,0.8,7,results/logs/cka_strength_sweep/cifar10_drift_all/strength_1p0/seed_7/splits/cifar10_split_seed7_clients5_alpha0p3_ref500.json,1.0,drift,4,fc1,2,1,0.9968055486679077,0.973549485206604,500
cka_feddst,cifar10,0.8,7,results/logs/cka_strength_sweep/cifar10_drift_all/strength_1p0/seed_7/splits/cifar10_split_seed7_clients5_alpha0p3_ref500.json,1.0,drift,4,fc1,2,2,1.0,0.973549485206604,500
cka_feddst,cifar10,0.8,7,results/logs/cka_strength_sweep/cifar10_drift_all/strength_1p0/seed_7/splits/cifar10_split_seed7_clients5_alpha0p3_ref500.json,1.0,drift,4,fc1,2,3,0.9950146675109863,0.973549485206604,500
cka_feddst,cifar10,0.8,7,results/logs/cka_strength_sweep/cifar10_drift_all/strength_1p0/seed_7/splits/cifar10_split_seed7_clients5_alpha0p3_ref500.json,1.0,drift,4,fc1,2,4,0.9374727010726929,0.973549485206604,500
cka_feddst,cifar10,0.8,7,results/logs/cka_strength_sweep/cifar10_drift_all/strength_1p0/seed_7/splits/cifar10_split_seed7_clients5_alpha0p3_ref500.json,1.0,drift,4,fc1,3,0,0.9889151453971863,0.973549485206604,500
cka_feddst,cifar10,0.8,7,results/logs/cka_strength_sweep/cifar10_drift_all/strength_1p0/seed_7/splits/cifar10_split_seed7_clients5_alpha0p3_ref500.json,1.0,drift,4,fc1,3,1,0.9997110962867737,0.973549485206604,500
cka_feddst,cifar10,0.8,7,results/logs/cka_strength_sweep/cifar10_drift_all/strength_1p0/seed_7/splits/cifar10_split_seed7_clients5_alpha0p3_ref500.json,1.0,drift,4,fc1,3,2,0.9950146675109863,0.973549485206604,500
cka_feddst,cifar10,0.8,7,results/logs/cka_strength_sweep/cifar10_drift_all/strength_1p0/seed_7/splits/cifar10_split_seed7_clients5_alpha0p3_ref500.json,1.0,drift,4,fc1,3,3,1.0,0.973549485206604,500
cka_feddst,cifar10,0.8,7,results/logs/cka_strength_sweep/cifar10_drift_all/strength_1p0/seed_7/splits/cifar10_split_seed7_clients5_alpha0p3_ref500.json,1.0,drift,4,fc1,3,4,0.9598289728164673,0.973549485206604,500
cka_feddst,cifar10,0.8,7,results/logs/cka_strength_sweep/cifar10_drift_all/strength_1p0/seed_7/splits/cifar10_split_seed7_clients5_alpha0p3_ref500.json,1.0,drift,4,fc1,4,0,0.91428142786026,0.973549485206604,500
cka_feddst,cifar10,0.8,7,results/logs/cka_strength_sweep/cifar10_drift_all/strength_1p0/seed_7/splits/cifar10_split_seed7_clients5_alpha0p3_ref500.json,1.0,drift,4,fc1,4,1,0.9562897682189941,0.973549485206604,500
cka_feddst,cifar10,0.8,7,results/logs/cka_strength_sweep/cifar10_drift_all/strength_1p0/seed_7/splits/cifar10_split_seed7_clients5_alpha0p3_ref500.json,1.0,drift,4,fc1,4,2,0.9374727010726929,0.973549485206604,500
cka_feddst,cifar10,0.8,7,results/logs/cka_strength_sweep/cifar10_drift_all/strength_1p0/seed_7/splits/cifar10_split_seed7_clients5_alpha0p3_ref500.json,1.0,drift,4,fc1,4,3,0.9598289728164673,0.973549485206604,500
cka_feddst,cifar10,0.8,7,results/logs/cka_strength_sweep/cifar10_drift_all/strength_1p0/seed_7/splits/cifar10_split_seed7_clients5_alpha0p3_ref500.json,1.0,drift,4,fc1,4,4,1.0,0.973549485206604,500
cka_feddst,cifar10,0.8,7,results/logs/cka_strength_sweep/cifar10_drift_all/strength_1p0/seed_7/splits/cifar10_split_seed7_clients5_alpha0p3_ref500.json,1.0,drift,6,conv1,0,0,1.0,0.9997137188911438,500
cka_feddst,cifar10,0.8,7,results/logs/cka_strength_sweep/cifar10_drift_all/strength_1p0/seed_7/splits/cifar10_split_seed7_clients5_alpha0p3_ref500.json,1.0,drift,6,conv1,0,1,0.9997154474258423,0.9997137188911438,500
cka_feddst,cifar10,0.8,7,results/logs/cka_strength_sweep/cifar10_drift_all/strength_1p0/seed_7/splits/cifar10_split_seed7_clients5_alpha0p3_ref500.json,1.0,drift,6,conv1,0,2,0.9989383816719055,0.9997137188911438,500
cka_feddst,cifar10,0.8,7,results/logs/cka_strength_sweep/cifar10_drift_all/strength_1p0/seed_7/splits/cifar10_split_seed7_clients5_alpha0p3_ref500.json,1.0,drift,6,conv1,0,3,0.9995740652084351,0.9997137188911438,500
cka_feddst,cifar10,0.8,7,results/logs/cka_strength_sweep/cifar10_drift_all/strength_1p0/seed_7/splits/cifar10_split_seed7_clients5_alpha0p3_ref500.json,1.0,drift,6,conv1,0,4,0.9994349479675293,0.9997137188911438,500
cka_feddst,cifar10,0.8,7,results/logs/cka_strength_sweep/cifar10_drift_all/strength_1p0/seed_7/splits/cifar10_split_seed7_clients5_alpha0p3_ref500.json,1.0,drift,6,conv1,1,0,0.9997154474258423,0.9997137188911438,500
cka_feddst,cifar10,0.8,7,results/logs/cka_strength_sweep/cifar10_drift_all/strength_1p0/seed_7/splits/cifar10_split_seed7_clients5_alpha0p3_ref500.json,1.0,drift,6,conv1,1,1,1.0,0.9997137188911438,500
cka_feddst,cifar10,0.8,7,results/logs/cka_strength_sweep/cifar10_drift_all/strength_1p0/seed_7/splits/cifar10_split_seed7_clients5_alpha0p3_ref500.json,1.0,drift,6,conv1,1,2,0.9997553825378418,0.9997137188911438,500
cka_feddst,cifar10,0.8,7,results/logs/cka_strength_sweep/cifar10_drift_all/strength_1p0/seed_7/splits/cifar10_split_seed7_clients5_alpha0p3_ref500.json,1.0,drift,6,conv1,1,3,0.9999881386756897,0.9997137188911438,500
cka_feddst,cifar10,0.8,7,results/logs/cka_strength_sweep/cifar10_drift_all/strength_1p0/seed_7/splits/cifar10_split_seed7_clients5_alpha0p3_ref500.json,1.0,drift,6,conv1,1,4,0.999954104423523,0.9997137188911438,500
cka_feddst,cifar10,0.8,7,results/logs/cka_strength_sweep/cifar10_drift_all/strength_1p0/seed_7/splits/cifar10_split_seed7_clients5_alpha0p3_ref500.json,1.0,drift,6,conv1,2,0,0.9989383816719055,0.9997137188911438,500
cka_feddst,cifar10,0.8,7,results/logs/cka_strength_sweep/cifar10_drift_all/strength_1p0/seed_7/splits/cifar10_split_seed7_clients5_alpha0p3_ref500.json,1.0,drift,6,conv1,2,1,0.9997553825378418,0.9997137188911438,500
cka_feddst,cifar10,0.8,7,results/logs/cka_strength_sweep/cifar10_drift_all/strength_1p0/seed_7/splits/cifar10_split_seed7_clients5_alpha0p3_ref500.json,1.0,drift,6,conv1,2,2,1.0,0.9997137188911438,500
cka_feddst,cifar10,0.8,7,results/logs/cka_strength_sweep/cifar10_drift_all/strength_1p0/seed_7/splits/cifar10_split_seed7_clients5_alpha0p3_ref500.json,1.0,drift,6,conv1,2,3,0.9998603463172913,0.9997137188911438,500
cka_feddst,cifar10,0.8,7,results/logs/cka_strength_sweep/cifar10_drift_all/strength_1p0/seed_7/splits/cifar10_split_seed7_clients5_alpha0p3_ref500.json,1.0,drift,6,conv1,2,4,0.9999244213104248,0.9997137188911438,500
cka_feddst,cifar10,0.8,7,results/logs/cka_strength_sweep/cifar10_drift_all/strength_1p0/seed_7/splits/cifar10_split_seed7_clients5_alpha0p3_ref500.json,1.0,drift,6,conv1,3,0,0.9995740652084351,0.9997137188911438,500
cka_feddst,cifar10,0.8,7,results/logs/cka_strength_sweep/cifar10_drift_all/strength_1p0/seed_7/splits/cifar10_split_seed7_clients5_alpha0p3_ref500.json,1.0,drift,6,conv1,3,1,0.9999881386756897,0.9997137188911438,500
cka_feddst,cifar10,0.8,7,results/logs/cka_strength_sweep/cifar10_drift_all/strength_1p0/seed_7/splits/cifar10_split_seed7_clients5_alpha0p3_ref500.json,1.0,drift,6,conv1,3,2,0.9998603463172913,0.9997137188911438,500
cka_feddst,cifar10,0.8,7,results/logs/cka_strength_sweep/cifar10_drift_all/strength_1p0/seed_7/splits/cifar10_split_seed7_clients5_alpha0p3_ref500.json,1.0,drift,6,conv1,3,3,1.0,0.9997137188911438,500
cka_feddst,cifar10,0.8,7,results/logs/cka_strength_sweep/cifar10_drift_all/strength_1p0/seed_7/splits/cifar10_split_seed7_clients5_alpha0p3_ref500.json,1.0,drift,6,conv1,3,4,0.9999921917915344,0.9997137188911438,500
cka_feddst,cifar10,0.8,7,results/logs/cka_strength_sweep/cifar10_drift_all/strength_1p0/seed_7/splits/cifar10_split_seed7_clients5_alpha0p3_ref500.json,1.0,drift,6,conv1,4,0,0.9994349479675293,0.9997137188911438,500
cka_feddst,cifar10,0.8,7,results/logs/cka_strength_sweep/cifar10_drift_all/strength_1p0/seed_7/splits/cifar10_split_seed7_clients5_alpha0p3_ref500.json,1.0,drift,6,conv1,4,1,0.999954104423523,0.9997137188911438,500
cka_feddst,cifar10,0.8,7,results/logs/cka_strength_sweep/cifar10_drift_all/strength_1p0/seed_7/splits/cifar10_split_seed7_clients5_alpha0p3_ref500.json,1.0,drift,6,conv1,4,2,0.9999244213104248,0.9997137188911438,500
cka_feddst,cifar10,0.8,7,results/logs/cka_strength_sweep/cifar10_drift_all/strength_1p0/seed_7/splits/cifar10_split_seed7_clients5_alpha0p3_ref500.json,1.0,drift,6,conv1,4,3,0.9999921917915344,0.9997137188911438,500
cka_feddst,cifar10,0.8,7,results/logs/cka_strength_sweep/cifar10_drift_all/strength_1p0/seed_7/splits/cifar10_split_seed7_clients5_alpha0p3_ref500.json,1.0,drift,6,conv1,4,4,1.0,0.9997137188911438,500
cka_feddst,cifar10,0.8,7,results/logs/cka_strength_sweep/cifar10_drift_all/strength_1p0/seed_7/splits/cifar10_split_seed7_clients5_alpha0p3_ref500.json,1.0,drift,6,conv2,0,0,1.0,0.9991499185562134,500
cka_feddst,cifar10,0.8,7,results/logs/cka_strength_sweep/cifar10_drift_all/strength_1p0/seed_7/splits/cifar10_split_seed7_clients5_alpha0p3_ref500.json,1.0,drift,6,conv2,0,1,0.9991719722747803,0.9991499185562134,500
cka_feddst,cifar10,0.8,7,results/logs/cka_strength_sweep/cifar10_drift_all/strength_1p0/seed_7/splits/cifar10_split_seed7_clients5_alpha0p3_ref500.json,1.0,drift,6,conv2,0,2,0.996894359588623,0.9991499185562134,500
cka_feddst,cifar10,0.8,7,results/logs/cka_strength_sweep/cifar10_drift_all/strength_1p0/seed_7/splits/cifar10_split_seed7_clients5_alpha0p3_ref500.json,1.0,drift,6,conv2,0,3,0.9988263845443726,0.9991499185562134,500
cka_feddst,cifar10,0.8,7,results/logs/cka_strength_sweep/cifar10_drift_all/strength_1p0/seed_7/splits/cifar10_split_seed7_clients5_alpha0p3_ref500.json,1.0,drift,6,conv2,0,4,0.9982941746711731,0.9991499185562134,500
cka_feddst,cifar10,0.8,7,results/logs/cka_strength_sweep/cifar10_drift_all/strength_1p0/seed_7/splits/cifar10_split_seed7_clients5_alpha0p3_ref500.json,1.0,drift,6,conv2,1,0,0.9991719722747803,0.9991499185562134,500
cka_feddst,cifar10,0.8,7,results/logs/cka_strength_sweep/cifar10_drift_all/strength_1p0/seed_7/splits/cifar10_split_seed7_clients5_alpha0p3_ref500.json,1.0,drift,6,conv2,1,1,1.0,0.9991499185562134,500
cka_feddst,cifar10,0.8,7,results/logs/cka_strength_sweep/cifar10_drift_all/strength_1p0/seed_7/splits/cifar10_split_seed7_clients5_alpha0p3_ref500.json,1.0,drift,6,conv2,1,2,0.9992698431015015,0.9991499185562134,500
cka_feddst,cifar10,0.8,7,results/logs/cka_strength_sweep/cifar10_drift_all/strength_1p0/seed_7/splits/cifar10_split_seed7_clients5_alpha0p3_ref500.json,1.0,drift,6,conv2,1,3,0.9999666810035706,0.9991499185562134,500
cka_feddst,cifar10,0.8,7,results/logs/cka_strength_sweep/cifar10_drift_all/strength_1p0/seed_7/splits/cifar10_split_seed7_clients5_alpha0p3_ref500.json,1.0,drift,6,conv2,1,4,0.9998304843902588,0.9991499185562134,500
cka_feddst,cifar10,0.8,7,results/logs/cka_strength_sweep/cifar10_drift_all/strength_1p0/seed_7/splits/cifar10_split_seed7_clients5_alpha0p3_ref500.json,1.0,drift,6,conv2,2,0,0.996894359588623,0.9991499185562134,500
cka_feddst,cifar10,0.8,7,results/logs/cka_strength_sweep/cifar10_drift_all/strength_1p0/seed_7/splits/cifar10_split_seed7_clients5_alpha0p3_ref500.json,1.0,drift,6,conv2,2,1,0.9992698431015015,0.9991499185562134,500
cka_feddst,cifar10,0.8,7,results/logs/cka_strength_sweep/cifar10_drift_all/strength_1p0/seed_7/splits/cifar10_split_seed7_clients5_alpha0p3_ref500.json,1.0,drift,6,conv2,2,2,1.0,0.9991499185562134,500
cka_feddst,cifar10,0.8,7,results/logs/cka_strength_sweep/cifar10_drift_all/strength_1p0/seed_7/splits/cifar10_split_seed7_clients5_alpha0p3_ref500.json,1.0,drift,6,conv2,2,3,0.9995341300964355,0.9991499185562134,500
cka_feddst,cifar10,0.8,7,results/logs/cka_strength_sweep/cifar10_drift_all/strength_1p0/seed_7/splits/cifar10_split_seed7_clients5_alpha0p3_ref500.json,1.0,drift,6,conv2,2,4,0.9997645020484924,0.9991499185562134,500
cka_feddst,cifar10,0.8,7,results/logs/cka_strength_sweep/cifar10_drift_all/strength_1p0/seed_7/splits/cifar10_split_seed7_clients5_alpha0p3_ref500.json,1.0,drift,6,conv2,3,0,0.9988263845443726,0.9991499185562134,500
cka_feddst,cifar10,0.8,7,results/logs/cka_strength_sweep/cifar10_drift_all/strength_1p0/seed_7/splits/cifar10_split_seed7_clients5_alpha0p3_ref500.json,1.0,drift,6,conv2,3,1,0.9999666810035706,0.9991499185562134,500
cka_feddst,cifar10,0.8,7,results/logs/cka_strength_sweep/cifar10_drift_all/strength_1p0/seed_7/splits/cifar10_split_seed7_clients5_alpha0p3_ref500.json,1.0,drift,6,conv2,3,2,0.9995341300964355,0.9991499185562134,500
cka_feddst,cifar10,0.8,7,results/logs/cka_strength_sweep/cifar10_drift_all/strength_1p0/seed_7/splits/cifar10_split_seed7_clients5_alpha0p3_ref500.json,1.0,drift,6,conv2,3,3,1.0,0.9991499185562134,500
cka_feddst,cifar10,0.8,7,results/logs/cka_strength_sweep/cifar10_drift_all/strength_1p0/seed_7/splits/cifar10_split_seed7_clients5_alpha0p3_ref500.json,1.0,drift,6,conv2,3,4,0.9999470114707947,0.9991499185562134,500
cka_feddst,cifar10,0.8,7,results/logs/cka_strength_sweep/cifar10_drift_all/strength_1p0/seed_7/splits/cifar10_split_seed7_clients5_alpha0p3_ref500.json,1.0,drift,6,conv2,4,0,0.9982941746711731,0.9991499185562134,500
cka_feddst,cifar10,0.8,7,results/logs/cka_strength_sweep/cifar10_drift_all/strength_1p0/seed_7/splits/cifar10_split_seed7_clients5_alpha0p3_ref500.json,1.0,drift,6,conv2,4,1,0.9998304843902588,0.9991499185562134,500
cka_feddst,cifar10,0.8,7,results/logs/cka_strength_sweep/cifar10_drift_all/strength_1p0/seed_7/splits/cifar10_split_seed7_clients5_alpha0p3_ref500.json,1.0,drift,6,conv2,4,2,0.9997645020484924,0.9991499185562134,500
cka_feddst,cifar10,0.8,7,results/logs/cka_strength_sweep/cifar10_drift_all/strength_1p0/seed_7/splits/cifar10_split_seed7_clients5_alpha0p3_ref500.json,1.0,drift,6,conv2,4,3,0.9999470114707947,0.9991499185562134,500
cka_feddst,cifar10,0.8,7,results/logs/cka_strength_sweep/cifar10_drift_all/strength_1p0/seed_7/splits/cifar10_split_seed7_clients5_alpha0p3_ref500.json,1.0,drift,6,conv2,4,4,1.0,0.9991499185562134,500
cka_feddst,cifar10,0.8,7,results/logs/cka_strength_sweep/cifar10_drift_all/strength_1p0/seed_7/splits/cifar10_split_seed7_clients5_alpha0p3_ref500.json,1.0,drift,6,conv3,0,0,1.0,0.9989646673202515,500
cka_feddst,cifar10,0.8,7,results/logs/cka_strength_sweep/cifar10_drift_all/strength_1p0/seed_7/splits/cifar10_split_seed7_clients5_alpha0p3_ref500.json,1.0,drift,6,conv3,0,1,0.999097466468811,0.9989646673202515,500
cka_feddst,cifar10,0.8,7,results/logs/cka_strength_sweep/cifar10_drift_all/strength_1p0/seed_7/splits/cifar10_split_seed7_clients5_alpha0p3_ref500.json,1.0,drift,6,conv3,0,2,0.9966402649879456,0.9989646673202515,500
cka_feddst,cifar10,0.8,7,results/logs/cka_strength_sweep/cifar10_drift_all/strength_1p0/seed_7/splits/cifar10_split_seed7_clients5_alpha0p3_ref500.json,1.0,drift,6,conv3,0,3,0.9986921548843384,0.9989646673202515,500
cka_feddst,cifar10,0.8,7,results/logs/cka_strength_sweep/cifar10_drift_all/strength_1p0/seed_7/splits/cifar10_split_seed7_clients5_alpha0p3_ref500.json,1.0,drift,6,conv3,0,4,0.9978426694869995,0.9989646673202515,500
cka_feddst,cifar10,0.8,7,results/logs/cka_strength_sweep/cifar10_drift_all/strength_1p0/seed_7/splits/cifar10_split_seed7_clients5_alpha0p3_ref500.json,1.0,drift,6,conv3,1,0,0.999097466468811,0.9989646673202515,500
cka_feddst,cifar10,0.8,7,results/logs/cka_strength_sweep/cifar10_drift_all/strength_1p0/seed_7/splits/cifar10_split_seed7_clients5_alpha0p3_ref500.json,1.0,drift,6,conv3,1,1,1.0,0.9989646673202515,500
cka_feddst,cifar10,0.8,7,results/logs/cka_strength_sweep/cifar10_drift_all/strength_1p0/seed_7/splits/cifar10_split_seed7_clients5_alpha0p3_ref500.json,1.0,drift,6,conv3,1,2,0.9992172122001648,0.9989646673202515,500
cka_feddst,cifar10,0.8,7,results/logs/cka_strength_sweep/cifar10_drift_all/strength_1p0/seed_7/splits/cifar10_split_seed7_clients5_alpha0p3_ref500.json,1.0,drift,6,conv3,1,3,0.9999399185180664,0.9989646673202515,500
cka_feddst,cifar10,0.8,7,results/logs/cka_strength_sweep/cifar10_drift_all/strength_1p0/seed_7/splits/cifar10_split_seed7_clients5_alpha0p3_ref500.json,1.0,drift,6,conv3,1,4,0.9995283484458923,0.9989646673202515,500
cka_feddst,cifar10,0.8,7,results/logs/cka_strength_sweep/cifar10_drift_all/strength_1p0/seed_7/splits/cifar10_split_seed7_clients5_alpha0p3_ref500.json,1.0,drift,6,conv3,2,0,0.9966402649879456,0.9989646673202515,500
cka_feddst,cifar10,0.8,7,results/logs/cka_strength_sweep/cifar10_drift_all/strength_1p0/seed_7/splits/cifar10_split_seed7_clients5_alpha0p3_ref500.json,1.0,drift,6,conv3,2,1,0.9992172122001648,0.9989646673202515,500
cka_feddst,cifar10,0.8,7,results/logs/cka_strength_sweep/cifar10_drift_all/strength_1p0/seed_7/splits/cifar10_split_seed7_clients5_alpha0p3_ref500.json,1.0,drift,6,conv3,2,2,1.0,0.9989646673202515,500
cka_feddst,cifar10,0.8,7,results/logs/cka_strength_sweep/cifar10_drift_all/strength_1p0/seed_7/splits/cifar10_split_seed7_clients5_alpha0p3_ref500.json,1.0,drift,6,conv3,2,3,0.9994630217552185,0.9989646673202515,500
cka_feddst,cifar10,0.8,7,results/logs/cka_strength_sweep/cifar10_drift_all/strength_1p0/seed_7/splits/cifar10_split_seed7_clients5_alpha0p3_ref500.json,1.0,drift,6,conv3,2,4,0.9994236826896667,0.9989646673202515,500
cka_feddst,cifar10,0.8,7,results/logs/cka_strength_sweep/cifar10_drift_all/strength_1p0/seed_7/splits/cifar10_split_seed7_clients5_alpha0p3_ref500.json,1.0,drift,6,conv3,3,0,0.9986921548843384,0.9989646673202515,500
cka_feddst,cifar10,0.8,7,results/logs/cka_strength_sweep/cifar10_drift_all/strength_1p0/seed_7/splits/cifar10_split_seed7_clients5_alpha0p3_ref500.json,1.0,drift,6,conv3,3,1,0.9999399185180664,0.9989646673202515,500
cka_feddst,cifar10,0.8,7,results/logs/cka_strength_sweep/cifar10_drift_all/strength_1p0/seed_7/splits/cifar10_split_seed7_clients5_alpha0p3_ref500.json,1.0,drift,6,conv3,3,2,0.9994630217552185,0.9989646673202515,500
cka_feddst,cifar10,0.8,7,results/logs/cka_strength_sweep/cifar10_drift_all/strength_1p0/seed_7/splits/cifar10_split_seed7_clients5_alpha0p3_ref500.json,1.0,drift,6,conv3,3,3,1.0,0.9989646673202515,500
cka_feddst,cifar10,0.8,7,results/logs/cka_strength_sweep/cifar10_drift_all/strength_1p0/seed_7/splits/cifar10_split_seed7_clients5_alpha0p3_ref500.json,1.0,drift,6,conv3,3,4,0.9998024702072144,0.9989646673202515,500
cka_feddst,cifar10,0.8,7,results/logs/cka_strength_sweep/cifar10_drift_all/strength_1p0/seed_7/splits/cifar10_split_seed7_clients5_alpha0p3_ref500.json,1.0,drift,6,conv3,4,0,0.9978426694869995,0.9989646673202515,500
cka_feddst,cifar10,0.8,7,results/logs/cka_strength_sweep/cifar10_drift_all/strength_1p0/seed_7/splits/cifar10_split_seed7_clients5_alpha0p3_ref500.json,1.0,drift,6,conv3,4,1,0.9995283484458923,0.9989646673202515,500
cka_feddst,cifar10,0.8,7,results/logs/cka_strength_sweep/cifar10_drift_all/strength_1p0/seed_7/splits/cifar10_split_seed7_clients5_alpha0p3_ref500.json,1.0,drift,6,conv3,4,2,0.9994236826896667,0.9989646673202515,500
cka_feddst,cifar10,0.8,7,results/logs/cka_strength_sweep/cifar10_drift_all/strength_1p0/seed_7/splits/cifar10_split_seed7_clients5_alpha0p3_ref500.json,1.0,drift,6,conv3,4,3,0.9998024702072144,0.9989646673202515,500
cka_feddst,cifar10,0.8,7,results/logs/cka_strength_sweep/cifar10_drift_all/strength_1p0/seed_7/splits/cifar10_split_seed7_clients5_alpha0p3_ref500.json,1.0,drift,6,conv3,4,4,1.0,0.9989646673202515,500
cka_feddst,cifar10,0.8,7,results/logs/cka_strength_sweep/cifar10_drift_all/strength_1p0/seed_7/splits/cifar10_split_seed7_clients5_alpha0p3_ref500.json,1.0,drift,6,fc1,0,0,1.0,0.9802526235580444,500
cka_feddst,cifar10,0.8,7,results/logs/cka_strength_sweep/cifar10_drift_all/strength_1p0/seed_7/splits/cifar10_split_seed7_clients5_alpha0p3_ref500.json,1.0,drift,6,fc1,0,1,0.9837875962257385,0.9802526235580444,500
cka_feddst,cifar10,0.8,7,results/logs/cka_strength_sweep/cifar10_drift_all/strength_1p0/seed_7/splits/cifar10_split_seed7_clients5_alpha0p3_ref500.json,1.0,drift,6,fc1,0,2,0.9914193749427795,0.9802526235580444,500
cka_feddst,cifar10,0.8,7,results/logs/cka_strength_sweep/cifar10_drift_all/strength_1p0/seed_7/splits/cifar10_split_seed7_clients5_alpha0p3_ref500.json,1.0,drift,6,fc1,0,3,0.9829370975494385,0.9802526235580444,500
cka_feddst,cifar10,0.8,7,results/logs/cka_strength_sweep/cifar10_drift_all/strength_1p0/seed_7/splits/cifar10_split_seed7_clients5_alpha0p3_ref500.json,1.0,drift,6,fc1,0,4,0.9390703439712524,0.9802526235580444,500
cka_feddst,cifar10,0.8,7,results/logs/cka_strength_sweep/cifar10_drift_all/strength_1p0/seed_7/splits/cifar10_split_seed7_clients5_alpha0p3_ref500.json,1.0,drift,6,fc1,1,0,0.9837875962257385,0.9802526235580444,500
cka_feddst,cifar10,0.8,7,results/logs/cka_strength_sweep/cifar10_drift_all/strength_1p0/seed_7/splits/cifar10_split_seed7_clients5_alpha0p3_ref500.json,1.0,drift,6,fc1,1,1,1.0,0.9802526235580444,500
cka_feddst,cifar10,0.8,7,results/logs/cka_strength_sweep/cifar10_drift_all/strength_1p0/seed_7/splits/cifar10_split_seed7_clients5_alpha0p3_ref500.json,1.0,drift,6,fc1,1,2,0.9907435178756714,0.9802526235580444,500
cka_feddst,cifar10,0.8,7,results/logs/cka_strength_sweep/cifar10_drift_all/strength_1p0/seed_7/splits/cifar10_split_seed7_clients5_alpha0p3_ref500.json,1.0,drift,6,fc1,1,3,0.9992368817329407,0.9802526235580444,500
cka_feddst,cifar10,0.8,7,results/logs/cka_strength_sweep/cifar10_drift_all/strength_1p0/seed_7/splits/cifar10_split_seed7_clients5_alpha0p3_ref500.json,1.0,drift,6,fc1,1,4,0.9838113188743591,0.9802526235580444,500
cka_feddst,cifar10,0.8,7,results/logs/cka_strength_sweep/cifar10_drift_all/strength_1p0/seed_7/splits/cifar10_split_seed7_clients5_alpha0p3_ref500.json,1.0,drift,6,fc1,2,0,0.9914193749427795,0.9802526235580444,500
cka_feddst,cifar10,0.8,7,results/logs/cka_strength_sweep/cifar10_drift_all/strength_1p0/seed_7/splits/cifar10_split_seed7_clients5_alpha0p3_ref500.json,1.0,drift,6,fc1,2,1,0.9907435178756714,0.9802526235580444,500
cka_feddst,cifar10,0.8,7,results/logs/cka_strength_sweep/cifar10_drift_all/strength_1p0/seed_7/splits/cifar10_split_seed7_clients5_alpha0p3_ref500.json,1.0,drift,6,fc1,2,2,1.0,0.9802526235580444,500
cka_feddst,cifar10,0.8,7,results/logs/cka_strength_sweep/cifar10_drift_all/strength_1p0/seed_7/splits/cifar10_split_seed7_clients5_alpha0p3_ref500.json,1.0,drift,6,fc1,2,3,0.989014744758606,0.9802526235580444,500
cka_feddst,cifar10,0.8,7,results/logs/cka_strength_sweep/cifar10_drift_all/strength_1p0/seed_7/splits/cifar10_split_seed7_clients5_alpha0p3_ref500.json,1.0,drift,6,fc1,2,4,0.9606291055679321,0.9802526235580444,500
cka_feddst,cifar10,0.8,7,results/logs/cka_strength_sweep/cifar10_drift_all/strength_1p0/seed_7/splits/cifar10_split_seed7_clients5_alpha0p3_ref500.json,1.0,drift,6,fc1,3,0,0.9829370975494385,0.9802526235580444,500
cka_feddst,cifar10,0.8,7,results/logs/cka_strength_sweep/cifar10_drift_all/strength_1p0/seed_7/splits/cifar10_split_seed7_clients5_alpha0p3_ref500.json,1.0,drift,6,fc1,3,1,0.9992368817329407,0.9802526235580444,500
cka_feddst,cifar10,0.8,7,results/logs/cka_strength_sweep/cifar10_drift_all/strength_1p0/seed_7/splits/cifar10_split_seed7_clients5_alpha0p3_ref500.json,1.0,drift,6,fc1,3,2,0.989014744758606,0.9802526235580444,500
cka_feddst,cifar10,0.8,7,results/logs/cka_strength_sweep/cifar10_drift_all/strength_1p0/seed_7/splits/cifar10_split_seed7_clients5_alpha0p3_ref500.json,1.0,drift,6,fc1,3,3,1.0,0.9802526235580444,500
cka_feddst,cifar10,0.8,7,results/logs/cka_strength_sweep/cifar10_drift_all/strength_1p0/seed_7/splits/cifar10_split_seed7_clients5_alpha0p3_ref500.json,1.0,drift,6,fc1,3,4,0.9818772077560425,0.9802526235580444,500
cka_feddst,cifar10,0.8,7,results/logs/cka_strength_sweep/cifar10_drift_all/strength_1p0/seed_7/splits/cifar10_split_seed7_clients5_alpha0p3_ref500.json,1.0,drift,6,fc1,4,0,0.9390703439712524,0.9802526235580444,500
cka_feddst,cifar10,0.8,7,results/logs/cka_strength_sweep/cifar10_drift_all/strength_1p0/seed_7/splits/cifar10_split_seed7_clients5_alpha0p3_ref500.json,1.0,drift,6,fc1,4,1,0.9838113188743591,0.9802526235580444,500
cka_feddst,cifar10,0.8,7,results/logs/cka_strength_sweep/cifar10_drift_all/strength_1p0/seed_7/splits/cifar10_split_seed7_clients5_alpha0p3_ref500.json,1.0,drift,6,fc1,4,2,0.9606291055679321,0.9802526235580444,500
cka_feddst,cifar10,0.8,7,results/logs/cka_strength_sweep/cifar10_drift_all/strength_1p0/seed_7/splits/cifar10_split_seed7_clients5_alpha0p3_ref500.json,1.0,drift,6,fc1,4,3,0.9818772077560425,0.9802526235580444,500
cka_feddst,cifar10,0.8,7,results/logs/cka_strength_sweep/cifar10_drift_all/strength_1p0/seed_7/splits/cifar10_split_seed7_clients5_alpha0p3_ref500.json,1.0,drift,6,fc1,4,4,1.0,0.9802526235580444,500
cka_feddst,cifar10,0.8,7,results/logs/cka_strength_sweep/cifar10_drift_all/strength_1p0/seed_7/splits/cifar10_split_seed7_clients5_alpha0p3_ref500.json,1.0,drift,8,conv1,0,0,1.0,0.9997332692146301,500
cka_feddst,cifar10,0.8,7,results/logs/cka_strength_sweep/cifar10_drift_all/strength_1p0/seed_7/splits/cifar10_split_seed7_clients5_alpha0p3_ref500.json,1.0,drift,8,conv1,0,1,0.9997888207435608,0.9997332692146301,500
cka_feddst,cifar10,0.8,7,results/logs/cka_strength_sweep/cifar10_drift_all/strength_1p0/seed_7/splits/cifar10_split_seed7_clients5_alpha0p3_ref500.json,1.0,drift,8,conv1,0,2,0.9989590644836426,0.9997332692146301,500
cka_feddst,cifar10,0.8,7,results/logs/cka_strength_sweep/cifar10_drift_all/strength_1p0/seed_7/splits/cifar10_split_seed7_clients5_alpha0p3_ref500.json,1.0,drift,8,conv1,0,3,0.9997024536132812,0.9997332692146301,500
cka_feddst,cifar10,0.8,7,results/logs/cka_strength_sweep/cifar10_drift_all/strength_1p0/seed_7/splits/cifar10_split_seed7_clients5_alpha0p3_ref500.json,1.0,drift,8,conv1,0,4,0.9995922446250916,0.9997332692146301,500
cka_feddst,cifar10,0.8,7,results/logs/cka_strength_sweep/cifar10_drift_all/strength_1p0/seed_7/splits/cifar10_split_seed7_clients5_alpha0p3_ref500.json,1.0,drift,8,conv1,1,0,0.9997888207435608,0.9997332692146301,500
cka_feddst,cifar10,0.8,7,results/logs/cka_strength_sweep/cifar10_drift_all/strength_1p0/seed_7/splits/cifar10_split_seed7_clients5_alpha0p3_ref500.json,1.0,drift,8,conv1,1,1,1.0,0.9997332692146301,500
cka_feddst,cifar10,0.8,7,results/logs/cka_strength_sweep/cifar10_drift_all/strength_1p0/seed_7/splits/cifar10_split_seed7_clients5_alpha0p3_ref500.json,1.0,drift,8,conv1,1,2,0.9996898770332336,0.9997332692146301,500
cka_feddst,cifar10,0.8,7,results/logs/cka_strength_sweep/cifar10_drift_all/strength_1p0/seed_7/splits/cifar10_split_seed7_clients5_alpha0p3_ref500.json,1.0,drift,8,conv1,1,3,0.9999960064888,0.9997332692146301,500
cka_feddst,cifar10,0.8,7,results/logs/cka_strength_sweep/cifar10_drift_all/strength_1p0/seed_7/splits/cifar10_split_seed7_clients5_alpha0p3_ref500.json,1.0,drift,8,conv1,1,4,0.999971330165863,0.9997332692146301,500
cka_feddst,cifar10,0.8,7,results/logs/cka_strength_sweep/cifar10_drift_all/strength_1p0/seed_7/splits/cifar10_split_seed7_clients5_alpha0p3_ref500.json,1.0,drift,8,conv1,2,0,0.9989590644836426,0.9997332692146301,500
cka_feddst,cifar10,0.8,7,results/logs/cka_strength_sweep/cifar10_drift_all/strength_1p0/seed_7/splits/cifar10_split_seed7_clients5_alpha0p3_ref500.json,1.0,drift,8,conv1,2,1,0.9996898770332336,0.9997332692146301,500
cka_feddst,cifar10,0.8,7,results/logs/cka_strength_sweep/cifar10_drift_all/strength_1p0/seed_7/splits/cifar10_split_seed7_clients5_alpha0p3_ref500.json,1.0,drift,8,conv1,2,2,1.0,0.9997332692146301,500
cka_feddst,cifar10,0.8,7,results/logs/cka_strength_sweep/cifar10_drift_all/strength_1p0/seed_7/splits/cifar10_split_seed7_clients5_alpha0p3_ref500.json,1.0,drift,8,conv1,2,3,0.9997795820236206,0.9997332692146301,500
cka_feddst,cifar10,0.8,7,results/logs/cka_strength_sweep/cifar10_drift_all/strength_1p0/seed_7/splits/cifar10_split_seed7_clients5_alpha0p3_ref500.json,1.0,drift,8,conv1,2,4,0.9998573660850525,0.9997332692146301,500
cka_feddst,cifar10,0.8,7,results/logs/cka_strength_sweep/cifar10_drift_all/strength_1p0/seed_7/splits/cifar10_split_seed7_clients5_alpha0p3_ref500.json,1.0,drift,8,conv1,3,0,0.9997024536132812,0.9997332692146301,500
cka_feddst,cifar10,0.8,7,results/logs/cka_strength_sweep/cifar10_drift_all/strength_1p0/seed_7/splits/cifar10_split_seed7_clients5_alpha0p3_ref500.json,1.0,drift,8,conv1,3,1,0.9999960064888,0.9997332692146301,500
cka_feddst,cifar10,0.8,7,results/logs/cka_strength_sweep/cifar10_drift_all/strength_1p0/seed_7/splits/cifar10_split_seed7_clients5_alpha0p3_ref500.json,1.0,drift,8,conv1,3,2,0.9997795820236206,0.9997332692146301,500
cka_feddst,cifar10,0.8,7,results/logs/cka_strength_sweep/cifar10_drift_all/strength_1p0/seed_7/splits/cifar10_split_seed7_clients5_alpha0p3_ref500.json,1.0,drift,8,conv1,3,3,1.0,0.9997332692146301,500
cka_feddst,cifar10,0.8,7,results/logs/cka_strength_sweep/cifar10_drift_all/strength_1p0/seed_7/splits/cifar10_split_seed7_clients5_alpha0p3_ref500.json,1.0,drift,8,conv1,3,4,0.999995231628418,0.9997332692146301,500
cka_feddst,cifar10,0.8,7,results/logs/cka_strength_sweep/cifar10_drift_all/strength_1p0/seed_7/splits/cifar10_split_seed7_clients5_alpha0p3_ref500.json,1.0,drift,8,conv1,4,0,0.9995922446250916,0.9997332692146301,500
cka_feddst,cifar10,0.8,7,results/logs/cka_strength_sweep/cifar10_drift_all/strength_1p0/seed_7/splits/cifar10_split_seed7_clients5_alpha0p3_ref500.json,1.0,drift,8,conv1,4,1,0.999971330165863,0.9997332692146301,500
cka_feddst,cifar10,0.8,7,results/logs/cka_strength_sweep/cifar10_drift_all/strength_1p0/seed_7/splits/cifar10_split_seed7_clients5_alpha0p3_ref500.json,1.0,drift,8,conv1,4,2,0.9998573660850525,0.9997332692146301,500
cka_feddst,cifar10,0.8,7,results/logs/cka_strength_sweep/cifar10_drift_all/strength_1p0/seed_7/splits/cifar10_split_seed7_clients5_alpha0p3_ref500.json,1.0,drift,8,conv1,4,3,0.999995231628418,0.9997332692146301,500
cka_feddst,cifar10,0.8,7,results/logs/cka_strength_sweep/cifar10_drift_all/strength_1p0/seed_7/splits/cifar10_split_seed7_clients5_alpha0p3_ref500.json,1.0,drift,8,conv1,4,4,1.0,0.9997332692146301,500
cka_feddst,cifar10,0.8,7,results/logs/cka_strength_sweep/cifar10_drift_all/strength_1p0/seed_7/splits/cifar10_split_seed7_clients5_alpha0p3_ref500.json,1.0,drift,8,conv2,0,0,1.0,0.9989894032478333,500
cka_feddst,cifar10,0.8,7,results/logs/cka_strength_sweep/cifar10_drift_all/strength_1p0/seed_7/splits/cifar10_split_seed7_clients5_alpha0p3_ref500.json,1.0,drift,8,conv2,0,1,0.9991654753684998,0.9989894032478333,500
cka_feddst,cifar10,0.8,7,results/logs/cka_strength_sweep/cifar10_drift_all/strength_1p0/seed_7/splits/cifar10_split_seed7_clients5_alpha0p3_ref500.json,1.0,drift,8,conv2,0,2,0.9961342811584473,0.9989894032478333,500
cka_feddst,cifar10,0.8,7,results/logs/cka_strength_sweep/cifar10_drift_all/strength_1p0/seed_7/splits/cifar10_split_seed7_clients5_alpha0p3_ref500.json,1.0,drift,8,conv2,0,3,0.9989164471626282,0.9989894032478333,500
cka_feddst,cifar10,0.8,7,results/logs/cka_strength_sweep/cifar10_drift_all/strength_1p0/seed_7/splits/cifar10_split_seed7_clients5_alpha0p3_ref500.json,1.0,drift,8,conv2,0,4,0.998376727104187,0.9989894032478333,500
cka_feddst,cifar10,0.8,7,results/logs/cka_strength_sweep/cifar10_drift_all/strength_1p0/seed_7/splits/cifar10_split_seed7_clients5_alpha0p3_ref500.json,1.0,drift,8,conv2,1,0,0.9991654753684998,0.9989894032478333,500
cka_feddst,cifar10,0.8,7,results/logs/cka_strength_sweep/cifar10_drift_all/strength_1p0/seed_7/splits/cifar10_split_seed7_clients5_alpha0p3_ref500.json,1.0,drift,8,conv2,1,1,1.0,0.9989894032478333,500
cka_feddst,cifar10,0.8,7,results/logs/cka_strength_sweep/cifar10_drift_all/strength_1p0/seed_7/splits/cifar10_split_seed7_clients5_alpha0p3_ref500.json,1.0,drift,8,conv2,1,2,0.9988896250724792,0.9989894032478333,500
cka_feddst,cifar10,0.8,7,results/logs/cka_strength_sweep/cifar10_drift_all/strength_1p0/seed_7/splits/cifar10_split_seed7_clients5_alpha0p3_ref500.json,1.0,drift,8,conv2,1,3,0.9999756217002869,0.9989894032478333,500
cka_feddst,cifar10,0.8,7,results/logs/cka_strength_sweep/cifar10_drift_all/strength_1p0/seed_7/splits/cifar10_split_seed7_clients5_alpha0p3_ref500.json,1.0,drift,8,conv2,1,4,0.9998593926429749,0.9989894032478333,500
cka_feddst,cifar10,0.8,7,results/logs/cka_strength_sweep/cifar10_drift_all/strength_1p0/seed_7/splits/cifar10_split_seed7_clients5_alpha0p3_ref500.json,1.0,drift,8,conv2,2,0,0.9961342811584473,0.9989894032478333,500
cka_feddst,cifar10,0.8,7,results/logs/cka_strength_sweep/cifar10_drift_all/strength_1p0/seed_7/splits/cifar10_split_seed7_clients5_alpha0p3_ref500.json,1.0,drift,8,conv2,2,1,0.9988896250724792,0.9989894032478333,500
cka_feddst,cifar10,0.8,7,results/logs/cka_strength_sweep/cifar10_drift_all/strength_1p0/seed_7/splits/cifar10_split_seed7_clients5_alpha0p3_ref500.json,1.0,drift,8,conv2,2,2,1.0,0.9989894032478333,500
cka_feddst,cifar10,0.8,7,results/logs/cka_strength_sweep/cifar10_drift_all/strength_1p0/seed_7/splits/cifar10_split_seed7_clients5_alpha0p3_ref500.json,1.0,drift,8,conv2,2,3,0.9991279244422913,0.9989894032478333,500
cka_feddst,cifar10,0.8,7,results/logs/cka_strength_sweep/cifar10_drift_all/strength_1p0/seed_7/splits/cifar10_split_seed7_clients5_alpha0p3_ref500.json,1.0,drift,8,conv2,2,4,0.9995033144950867,0.9989894032478333,500
cka_feddst,cifar10,0.8,7,results/logs/cka_strength_sweep/cifar10_drift_all/strength_1p0/seed_7/splits/cifar10_split_seed7_clients5_alpha0p3_ref500.json,1.0,drift,8,conv2,3,0,0.9989164471626282,0.9989894032478333,500
cka_feddst,cifar10,0.8,7,results/logs/cka_strength_sweep/cifar10_drift_all/strength_1p0/seed_7/splits/cifar10_split_seed7_clients5_alpha0p3_ref500.json,1.0,drift,8,conv2,3,1,0.9999756217002869,0.9989894032478333,500
cka_feddst,cifar10,0.8,7,results/logs/cka_strength_sweep/cifar10_drift_all/strength_1p0/seed_7/splits/cifar10_split_seed7_clients5_alpha0p3_ref500.json,1.0,drift,8,conv2,3,2,0.9991279244422913,0.9989894032478333,500
cka_feddst,cifar10,0.8,7,results/logs/cka_strength_sweep/cifar10_drift_all/strength_1p0/seed_7/splits/cifar10_split_seed7_clients5_alpha0p3_ref500.json,1.0,drift,8,conv2,3,3,1.0,0.9989894032478333,500
cka_feddst,cifar10,0.8,7,results/logs/cka_strength_sweep/cifar10_drift_all/strength_1p0/seed_7/splits/cifar10_split_seed7_clients5_alpha0p3_ref500.json,1.0,drift,8,conv2,3,4,0.9999445676803589,0.9989894032478333,500
cka_feddst,cifar10,0.8,7,results/logs/cka_strength_sweep/cifar10_drift_all/strength_1p0/seed_7/splits/cifar10_split_seed7_clients5_alpha0p3_ref500.json,1.0,drift,8,conv2,4,0,0.998376727104187,0.9989894032478333,500
cka_feddst,cifar10,0.8,7,results/logs/cka_strength_sweep/cifar10_drift_all/strength_1p0/seed_7/splits/cifar10_split_seed7_clients5_alpha0p3_ref500.json,1.0,drift,8,conv2,4,1,0.9998593926429749,0.9989894032478333,500
cka_feddst,cifar10,0.8,7,results/logs/cka_strength_sweep/cifar10_drift_all/strength_1p0/seed_7/splits/cifar10_split_seed7_clients5_alpha0p3_ref500.json,1.0,drift,8,conv2,4,2,0.9995033144950867,0.9989894032478333,500
cka_feddst,cifar10,0.8,7,results/logs/cka_strength_sweep/cifar10_drift_all/strength_1p0/seed_7/splits/cifar10_split_seed7_clients5_alpha0p3_ref500.json,1.0,drift,8,conv2,4,3,0.9999445676803589,0.9989894032478333,500
cka_feddst,cifar10,0.8,7,results/logs/cka_strength_sweep/cifar10_drift_all/strength_1p0/seed_7/splits/cifar10_split_seed7_clients5_alpha0p3_ref500.json,1.0,drift,8,conv2,4,4,1.0,0.9989894032478333,500
cka_feddst,cifar10,0.8,7,results/logs/cka_strength_sweep/cifar10_drift_all/strength_1p0/seed_7/splits/cifar10_split_seed7_clients5_alpha0p3_ref500.json,1.0,drift,8,conv3,0,0,1.0,0.9988085031509399,500
cka_feddst,cifar10,0.8,7,results/logs/cka_strength_sweep/cifar10_drift_all/strength_1p0/seed_7/splits/cifar10_split_seed7_clients5_alpha0p3_ref500.json,1.0,drift,8,conv3,0,1,0.9990531206130981,0.9988085031509399,500
cka_feddst,cifar10,0.8,7,results/logs/cka_strength_sweep/cifar10_drift_all/strength_1p0/seed_7/splits/cifar10_split_seed7_clients5_alpha0p3_ref500.json,1.0,drift,8,conv3,0,2,0.9956484436988831,0.9988085031509399,500
cka_feddst,cifar10,0.8,7,results/logs/cka_strength_sweep/cifar10_drift_all/strength_1p0/seed_7/splits/cifar10_split_seed7_clients5_alpha0p3_ref500.json,1.0,drift,8,conv3,0,3,0.9987667202949524,0.9988085031509399,500
cka_feddst,cifar10,0.8,7,results/logs/cka_strength_sweep/cifar10_drift_all/strength_1p0/seed_7/splits/cifar10_split_seed7_clients5_alpha0p3_ref500.json,1.0,drift,8,conv3,0,4,0.9980390071868896,0.9988085031509399,500
cka_feddst,cifar10,0.8,7,results/logs/cka_strength_sweep/cifar10_drift_all/strength_1p0/seed_7/splits/cifar10_split_seed7_clients5_alpha0p3_ref500.json,1.0,drift,8,conv3,1,0,0.9990531206130981,0.9988085031509399,500
cka_feddst,cifar10,0.8,7,results/logs/cka_strength_sweep/cifar10_drift_all/strength_1p0/seed_7/splits/cifar10_split_seed7_clients5_alpha0p3_ref500.json,1.0,drift,8,conv3,1,1,1.0,0.9988085031509399,500
cka_feddst,cifar10,0.8,7,results/logs/cka_strength_sweep/cifar10_drift_all/strength_1p0/seed_7/splits/cifar10_split_seed7_clients5_alpha0p3_ref500.json,1.0,drift,8,conv3,1,2,0.9987508058547974,0.9988085031509399,500
cka_feddst,cifar10,0.8,7,results/logs/cka_strength_sweep/cifar10_drift_all/strength_1p0/seed_7/splits/cifar10_split_seed7_clients5_alpha0p3_ref500.json,1.0,drift,8,conv3,1,3,0.9999352693557739,0.9988085031509399,500
cka_feddst,cifar10,0.8,7,results/logs/cka_strength_sweep/cifar10_drift_all/strength_1p0/seed_7/splits/cifar10_split_seed7_clients5_alpha0p3_ref500.json,1.0,drift,8,conv3,1,4,0.9996733069419861,0.9988085031509399,500
cka_feddst,cifar10,0.8,7,results/logs/cka_strength_sweep/cifar10_drift_all/strength_1p0/seed_7/splits/cifar10_split_seed7_clients5_alpha0p3_ref500.json,1.0,drift,8,conv3,2,0,0.9956484436988831,0.9988085031509399,500
cka_feddst,cifar10,0.8,7,results/logs/cka_strength_sweep/cifar10_drift_all/strength_1p0/seed_7/splits/cifar10_split_seed7_clients5_alpha0p3_ref500.json,1.0,drift,8,conv3,2,1,0.9987508058547974,0.9988085031509399,500
cka_feddst,cifar10,0.8,7,results/logs/cka_strength_sweep/cifar10_drift_all/strength_1p0/seed_7/splits/cifar10_split_seed7_clients5_alpha0p3_ref500.json,1.0,drift,8,conv3,2,2,1.0,0.9988085031509399,500
cka_feddst,cifar10,0.8,7,results/logs/cka_strength_sweep/cifar10_drift_all/strength_1p0/seed_7/splits/cifar10_split_seed7_clients5_alpha0p3_ref500.json,1.0,drift,8,conv3,2,3,0.9989967942237854,0.9988085031509399,500
cka_feddst,cifar10,0.8,7,results/logs/cka_strength_sweep/cifar10_drift_all/strength_1p0/seed_7/splits/cifar10_split_seed7_clients5_alpha0p3_ref500.json,1.0,drift,8,conv3,2,4,0.999332845211029,0.9988085031509399,500
cka_feddst,cifar10,0.8,7,results/logs/cka_strength_sweep/cifar10_drift_all/strength_1p0/seed_7/splits/cifar10_split_seed7_clients5_alpha0p3_ref500.json,1.0,drift,8,conv3,3,0,0.9987667202949524,0.9988085031509399,500
cka_feddst,cifar10,0.8,7,results/logs/cka_strength_sweep/cifar10_drift_all/strength_1p0/seed_7/splits/cifar10_split_seed7_clients5_alpha0p3_ref500.json,1.0,drift,8,conv3,3,1,0.9999352693557739,0.9988085031509399,500
cka_feddst,cifar10,0.8,7,results/logs/cka_strength_sweep/cifar10_drift_all/strength_1p0/seed_7/splits/cifar10_split_seed7_clients5_alpha0p3_ref500.json,1.0,drift,8,conv3,3,2,0.9989967942237854,0.9988085031509399,500
cka_feddst,cifar10,0.8,7,results/logs/cka_strength_sweep/cifar10_drift_all/strength_1p0/seed_7/splits/cifar10_split_seed7_clients5_alpha0p3_ref500.json,1.0,drift,8,conv3,3,3,1.0,0.9988085031509399,500
cka_feddst,cifar10,0.8,7,results/logs/cka_strength_sweep/cifar10_drift_all/strength_1p0/seed_7/splits/cifar10_split_seed7_clients5_alpha0p3_ref500.json,1.0,drift,8,conv3,3,4,0.999889075756073,0.9988085031509399,500
cka_feddst,cifar10,0.8,7,results/logs/cka_strength_sweep/cifar10_drift_all/strength_1p0/seed_7/splits/cifar10_split_seed7_clients5_alpha0p3_ref500.json,1.0,drift,8,conv3,4,0,0.9980390071868896,0.9988085031509399,500
cka_feddst,cifar10,0.8,7,results/logs/cka_strength_sweep/cifar10_drift_all/strength_1p0/seed_7/splits/cifar10_split_seed7_clients5_alpha0p3_ref500.json,1.0,drift,8,conv3,4,1,0.9996733069419861,0.9988085031509399,500
cka_feddst,cifar10,0.8,7,results/logs/cka_strength_sweep/cifar10_drift_all/strength_1p0/seed_7/splits/cifar10_split_seed7_clients5_alpha0p3_ref500.json,1.0,drift,8,conv3,4,2,0.999332845211029,0.9988085031509399,500
cka_feddst,cifar10,0.8,7,results/logs/cka_strength_sweep/cifar10_drift_all/strength_1p0/seed_7/splits/cifar10_split_seed7_clients5_alpha0p3_ref500.json,1.0,drift,8,conv3,4,3,0.999889075756073,0.9988085031509399,500
cka_feddst,cifar10,0.8,7,results/logs/cka_strength_sweep/cifar10_drift_all/strength_1p0/seed_7/splits/cifar10_split_seed7_clients5_alpha0p3_ref500.json,1.0,drift,8,conv3,4,4,1.0,0.9988085031509399,500
cka_feddst,cifar10,0.8,7,results/logs/cka_strength_sweep/cifar10_drift_all/strength_1p0/seed_7/splits/cifar10_split_seed7_clients5_alpha0p3_ref500.json,1.0,drift,8,fc1,0,0,1.0,0.9828208684921265,500
cka_feddst,cifar10,0.8,7,results/logs/cka_strength_sweep/cifar10_drift_all/strength_1p0/seed_7/splits/cifar10_split_seed7_clients5_alpha0p3_ref500.json,1.0,drift,8,fc1,0,1,0.9726977348327637,0.9828208684921265,500
cka_feddst,cifar10,0.8,7,results/logs/cka_strength_sweep/cifar10_drift_all/strength_1p0/seed_7/splits/cifar10_split_seed7_clients5_alpha0p3_ref500.json,1.0,drift,8,fc1,0,2,0.9808403253555298,0.9828208684921265,500
cka_feddst,cifar10,0.8,7,results/logs/cka_strength_sweep/cifar10_drift_all/strength_1p0/seed_7/splits/cifar10_split_seed7_clients5_alpha0p3_ref500.json,1.0,drift,8,fc1,0,3,0.9872204065322876,0.9828208684921265,500
cka_feddst,cifar10,0.8,7,results/logs/cka_strength_sweep/cifar10_drift_all/strength_1p0/seed_7/splits/cifar10_split_seed7_clients5_alpha0p3_ref500.json,1.0,drift,8,fc1,0,4,0.9499514698982239,0.9828208684921265,500
cka_feddst,cifar10,0.8,7,results/logs/cka_strength_sweep/cifar10_drift_all/strength_1p0/seed_7/splits/cifar10_split_seed7_clients5_alpha0p3_ref500.json,1.0,drift,8,fc1,1,0,0.9726977348327637,0.9828208684921265,500
cka_feddst,cifar10,0.8,7,results/logs/cka_strength_sweep/cifar10_drift_all/strength_1p0/seed_7/splits/cifar10_split_seed7_clients5_alpha0p3_ref500.json,1.0,drift,8,fc1,1,1,1.0,0.9828208684921265,500
cka_feddst,cifar10,0.8,7,results/logs/cka_strength_sweep/cifar10_drift_all/strength_1p0/seed_7/splits/cifar10_split_seed7_clients5_alpha0p3_ref500.json,1.0,drift,8,fc1,1,2,0.9898779988288879,0.9828208684921265,500
cka_feddst,cifar10,0.8,7,results/logs/cka_strength_sweep/cifar10_drift_all/strength_1p0/seed_7/splits/cifar10_split_seed7_clients5_alpha0p3_ref500.json,1.0,drift,8,fc1,1,3,0.995404064655304,0.9828208684921265,500
cka_feddst,cifar10,0.8,7,results/logs/cka_strength_sweep/cifar10_drift_all/strength_1p0/seed_7/splits/cifar10_split_seed7_clients5_alpha0p3_ref500.json,1.0,drift,8,fc1,1,4,0.9954851865768433,0.9828208684921265,500
cka_feddst,cifar10,0.8,7,results/logs/cka_strength_sweep/cifar10_drift_all/strength_1p0/seed_7/splits/cifar10_split_seed7_clients5_alpha0p3_ref500.json,1.0,drift,8,fc1,2,0,0.9808403253555298,0.9828208684921265,500
cka_feddst,cifar10,0.8,7,results/logs/cka_strength_sweep/cifar10_drift_all/strength_1p0/seed_7/splits/cifar10_split_seed7_clients5_alpha0p3_ref500.json,1.0,drift,8,fc1,2,1,0.9898779988288879,0.9828208684921265,500
cka_feddst,cifar10,0.8,7,results/logs/cka_strength_sweep/cifar10_drift_all/strength_1p0/seed_7/splits/cifar10_split_seed7_clients5_alpha0p3_ref500.json,1.0,drift,8,fc1,2,2,1.0,0.9828208684921265,500
cka_feddst,cifar10,0.8,7,results/logs/cka_strength_sweep/cifar10_drift_all/strength_1p0/seed_7/splits/cifar10_split_seed7_clients5_alpha0p3_ref500.json,1.0,drift,8,fc1,2,3,0.9922672510147095,0.9828208684921265,500
cka_feddst,cifar10,0.8,7,results/logs/cka_strength_sweep/cifar10_drift_all/strength_1p0/seed_7/splits/cifar10_split_seed7_clients5_alpha0p3_ref500.json,1.0,drift,8,fc1,2,4,0.9810774922370911,0.9828208684921265,500
cka_feddst,cifar10,0.8,7,results/logs/cka_strength_sweep/cifar10_drift_all/strength_1p0/seed_7/splits/cifar10_split_seed7_clients5_alpha0p3_ref500.json,1.0,drift,8,fc1,3,0,0.9872204065322876,0.9828208684921265,500
cka_feddst,cifar10,0.8,7,results/logs/cka_strength_sweep/cifar10_drift_all/strength_1p0/seed_7/splits/cifar10_split_seed7_clients5_alpha0p3_ref500.json,1.0,drift,8,fc1,3,1,0.995404064655304,0.9828208684921265,500
cka_feddst,cifar10,0.8,7,results/logs/cka_strength_sweep/cifar10_drift_all/strength_1p0/seed_7/splits/cifar10_split_seed7_clients5_alpha0p3_ref500.json,1.0,drift,8,fc1,3,2,0.9922672510147095,0.9828208684921265,500
cka_feddst,cifar10,0.8,7,results/logs/cka_strength_sweep/cifar10_drift_all/strength_1p0/seed_7/splits/cifar10_split_seed7_clients5_alpha0p3_ref500.json,1.0,drift,8,fc1,3,3,1.0,0.9828208684921265,500
cka_feddst,cifar10,0.8,7,results/logs/cka_strength_sweep/cifar10_drift_all/strength_1p0/seed_7/splits/cifar10_split_seed7_clients5_alpha0p3_ref500.json,1.0,drift,8,fc1,3,4,0.9833862781524658,0.9828208684921265,500
cka_feddst,cifar10,0.8,7,results/logs/cka_strength_sweep/cifar10_drift_all/strength_1p0/seed_7/splits/cifar10_split_seed7_clients5_alpha0p3_ref500.json,1.0,drift,8,fc1,4,0,0.9499514698982239,0.9828208684921265,500
cka_feddst,cifar10,0.8,7,results/logs/cka_strength_sweep/cifar10_drift_all/strength_1p0/seed_7/splits/cifar10_split_seed7_clients5_alpha0p3_ref500.json,1.0,drift,8,fc1,4,1,0.9954851865768433,0.9828208684921265,500
cka_feddst,cifar10,0.8,7,results/logs/cka_strength_sweep/cifar10_drift_all/strength_1p0/seed_7/splits/cifar10_split_seed7_clients5_alpha0p3_ref500.json,1.0,drift,8,fc1,4,2,0.9810774922370911,0.9828208684921265,500
cka_feddst,cifar10,0.8,7,results/logs/cka_strength_sweep/cifar10_drift_all/strength_1p0/seed_7/splits/cifar10_split_seed7_clients5_alpha0p3_ref500.json,1.0,drift,8,fc1,4,3,0.9833862781524658,0.9828208684921265,500
cka_feddst,cifar10,0.8,7,results/logs/cka_strength_sweep/cifar10_drift_all/strength_1p0/seed_7/splits/cifar10_split_seed7_clients5_alpha0p3_ref500.json,1.0,drift,8,fc1,4,4,1.0,0.9828208684921265,500
cka_feddst,cifar10,0.8,7,results/logs/cka_strength_sweep/cifar10_drift_all/strength_1p0/seed_7/splits/cifar10_split_seed7_clients5_alpha0p3_ref500.json,1.0,drift,10,conv1,0,0,1.0,0.9996391534805298,500
cka_feddst,cifar10,0.8,7,results/logs/cka_strength_sweep/cifar10_drift_all/strength_1p0/seed_7/splits/cifar10_split_seed7_clients5_alpha0p3_ref500.json,1.0,drift,10,conv1,0,1,0.9997667670249939,0.9996391534805298,500
cka_feddst,cifar10,0.8,7,results/logs/cka_strength_sweep/cifar10_drift_all/strength_1p0/seed_7/splits/cifar10_split_seed7_clients5_alpha0p3_ref500.json,1.0,drift,10,conv1,0,2,0.9986118674278259,0.9996391534805298,500
cka_feddst,cifar10,0.8,7,results/logs/cka_strength_sweep/cifar10_drift_all/strength_1p0/seed_7/splits/cifar10_split_seed7_clients5_alpha0p3_ref500.json,1.0,drift,10,conv1,0,3,0.9996476173400879,0.9996391534805298,500
cka_feddst,cifar10,0.8,7,results/logs/cka_strength_sweep/cifar10_drift_all/strength_1p0/seed_7/splits/cifar10_split_seed7_clients5_alpha0p3_ref500.json,1.0,drift,10,conv1,0,4,0.9994691014289856,0.9996391534805298,500
cka_feddst,cifar10,0.8,7,results/logs/cka_strength_sweep/cifar10_drift_all/strength_1p0/seed_7/splits/cifar10_split_seed7_clients5_alpha0p3_ref500.json,1.0,drift,10,conv1,1,0,0.9997667670249939,0.9996391534805298,500
cka_feddst,cifar10,0.8,7,results/logs/cka_strength_sweep/cifar10_drift_all/strength_1p0/seed_7/splits/cifar10_split_seed7_clients5_alpha0p3_ref500.json,1.0,drift,10,conv1,1,1,1.0,0.9996391534805298,500
cka_feddst,cifar10,0.8,7,results/logs/cka_strength_sweep/cifar10_drift_all/strength_1p0/seed_7/splits/cifar10_split_seed7_clients5_alpha0p3_ref500.json,1.0,drift,10,conv1,1,2,0.9995189309120178,0.9996391534805298,500
cka_feddst,cifar10,0.8,7,results/logs/cka_strength_sweep/cifar10_drift_all/strength_1p0/seed_7/splits/cifar10_split_seed7_clients5_alpha0p3_ref500.json,1.0,drift,10,conv1,1,3,0.9999896883964539,0.9996391534805298,500
cka_feddst,cifar10,0.8,7,results/logs/cka_strength_sweep/cifar10_drift_all/strength_1p0/seed_7/splits/cifar10_split_seed7_clients5_alpha0p3_ref500.json,1.0,drift,10,conv1,1,4,0.9999416470527649,0.9996391534805298,500
cka_feddst,cifar10,0.8,7,results/logs/cka_strength_sweep/cifar10_drift_all/strength_1p0/seed_7/splits/cifar10_split_seed7_clients5_alpha0p3_ref500.json,1.0,drift,10,conv1,2,0,0.9986118674278259,0.9996391534805298,500
cka_feddst,cifar10,0.8,7,results/logs/cka_strength_sweep/cifar10_drift_all/strength_1p0/seed_7/splits/cifar10_split_seed7_clients5_alpha0p3_ref500.json,1.0,drift,10,conv1,2,1,0.9995189309120178,0.9996391534805298,500
cka_feddst,cifar10,0.8,7,results/logs/cka_strength_sweep/cifar10_drift_all/strength_1p0/seed_7/splits/cifar10_split_seed7_clients5_alpha0p3_ref500.json,1.0,drift,10,conv1,2,2,1.0,0.9996391534805298,500
cka_feddst,cifar10,0.8,7,results/logs/cka_strength_sweep/cifar10_drift_all/strength_1p0/seed_7/splits/cifar10_split_seed7_clients5_alpha0p3_ref500.json,1.0,drift,10,conv1,2,3,0.999661386013031,0.9996391534805298,500
cka_feddst,cifar10,0.8,7,results/logs/cka_strength_sweep/cifar10_drift_all/strength_1p0/seed_7/splits/cifar10_split_seed7_clients5_alpha0p3_ref500.json,1.0,drift,10,conv1,2,4,0.9997997879981995,0.9996391534805298,500
cka_feddst,cifar10,0.8,7,results/logs/cka_strength_sweep/cifar10_drift_all/strength_1p0/seed_7/splits/cifar10_split_seed7_clients5_alpha0p3_ref500.json,1.0,drift,10,conv1,3,0,0.9996476173400879,0.9996391534805298,500
cka_feddst,cifar10,0.8,7,results/logs/cka_strength_sweep/cifar10_drift_all/strength_1p0/seed_7/splits/cifar10_split_seed7_clients5_alpha0p3_ref500.json,1.0,drift,10,conv1,3,1,0.9999896883964539,0.9996391534805298,500
cka_feddst,cifar10,0.8,7,results/logs/cka_strength_sweep/cifar10_drift_all/strength_1p0/seed_7/splits/cifar10_split_seed7_clients5_alpha0p3_ref500.json,1.0,drift,10,conv1,3,2,0.999661386013031,0.9996391534805298,500
cka_feddst,cifar10,0.8,7,results/logs/cka_strength_sweep/cifar10_drift_all/strength_1p0/seed_7/splits/cifar10_split_seed7_clients5_alpha0p3_ref500.json,1.0,drift,10,conv1,3,3,1.0,0.9996391534805298,500
cka_feddst,cifar10,0.8,7,results/logs/cka_strength_sweep/cifar10_drift_all/strength_1p0/seed_7/splits/cifar10_split_seed7_clients5_alpha0p3_ref500.json,1.0,drift,10,conv1,3,4,0.9999839663505554,0.9996391534805298,500
cka_feddst,cifar10,0.8,7,results/logs/cka_strength_sweep/cifar10_drift_all/strength_1p0/seed_7/splits/cifar10_split_seed7_clients5_alpha0p3_ref500.json,1.0,drift,10,conv1,4,0,0.9994691014289856,0.9996391534805298,500
cka_feddst,cifar10,0.8,7,results/logs/cka_strength_sweep/cifar10_drift_all/strength_1p0/seed_7/splits/cifar10_split_seed7_clients5_alpha0p3_ref500.json,1.0,drift,10,conv1,4,1,0.9999416470527649,0.9996391534805298,500
cka_feddst,cifar10,0.8,7,results/logs/cka_strength_sweep/cifar10_drift_all/strength_1p0/seed_7/splits/cifar10_split_seed7_clients5_alpha0p3_ref500.json,1.0,drift,10,conv1,4,2,0.9997997879981995,0.9996391534805298,500
cka_feddst,cifar10,0.8,7,results/logs/cka_strength_sweep/cifar10_drift_all/strength_1p0/seed_7/splits/cifar10_split_seed7_clients5_alpha0p3_ref500.json,1.0,drift,10,conv1,4,3,0.9999839663505554,0.9996391534805298,500
cka_feddst,cifar10,0.8,7,results/logs/cka_strength_sweep/cifar10_drift_all/strength_1p0/seed_7/splits/cifar10_split_seed7_clients5_alpha0p3_ref500.json,1.0,drift,10,conv1,4,4,1.0,0.9996391534805298,500
cka_feddst,cifar10,0.8,7,results/logs/cka_strength_sweep/cifar10_drift_all/strength_1p0/seed_7/splits/cifar10_split_seed7_clients5_alpha0p3_ref500.json,1.0,drift,10,conv2,0,0,1.0,0.9987372159957886,500
cka_feddst,cifar10,0.8,7,results/logs/cka_strength_sweep/cifar10_drift_all/strength_1p0/seed_7/splits/cifar10_split_seed7_clients5_alpha0p3_ref500.json,1.0,drift,10,conv2,0,1,0.9992005228996277,0.9987372159957886,500
cka_feddst,cifar10,0.8,7,results/logs/cka_strength_sweep/cifar10_drift_all/strength_1p0/seed_7/splits/cifar10_split_seed7_clients5_alpha0p3_ref500.json,1.0,drift,10,conv2,0,2,0.995246946811676,0.9987372159957886,500
cka_feddst,cifar10,0.8,7,results/logs/cka_strength_sweep/cifar10_drift_all/strength_1p0/seed_7/splits/cifar10_split_seed7_clients5_alpha0p3_ref500.json,1.0,drift,10,conv2,0,3,0.9989141225814819,0.9987372159957886,500
cka_feddst,cifar10,0.8,7,results/logs/cka_strength_sweep/cifar10_drift_all/strength_1p0/seed_7/splits/cifar10_split_seed7_clients5_alpha0p3_ref500.json,1.0,drift,10,conv2,0,4,0.9980495572090149,0.9987372159957886,500
cka_feddst,cifar10,0.8,7,results/logs/cka_strength_sweep/cifar10_drift_all/strength_1p0/seed_7/splits/cifar10_split_seed7_clients5_alpha0p3_ref500.json,1.0,drift,10,conv2,1,0,0.9992005228996277,0.9987372159957886,500
cka_feddst,cifar10,0.8,7,results/logs/cka_strength_sweep/cifar10_drift_all/strength_1p0/seed_7/splits/cifar10_split_seed7_clients5_alpha0p3_ref500.json,1.0,drift,10,conv2,1,1,1.0,0.9987372159957886,500
cka_feddst,cifar10,0.8,7,results/logs/cka_strength_sweep/cifar10_drift_all/strength_1p0/seed_7/splits/cifar10_split_seed7_clients5_alpha0p3_ref500.json,1.0,drift,10,conv2,1,2,0.9983334541320801,0.9987372159957886,500
cka_feddst,cifar10,0.8,7,results/logs/cka_strength_sweep/cifar10_drift_all/strength_1p0/seed_7/splits/cifar10_split_seed7_clients5_alpha0p3_ref500.json,1.0,drift,10,conv2,1,3,0.9999698400497437,0.9987372159957886,500
cka_feddst,cifar10,0.8,7,results/logs/cka_strength_sweep/cifar10_drift_all/strength_1p0/seed_7/splits/cifar10_split_seed7_clients5_alpha0p3_ref500.json,1.0,drift,10,conv2,1,4,0.9997388124465942,0.9987372159957886,500
cka_feddst,cifar10,0.8,7,results/logs/cka_strength_sweep/cifar10_drift_all/strength_1p0/seed_7/splits/cifar10_split_seed7_clients5_alpha0p3_ref500.json,1.0,drift,10,conv2,2,0,0.995246946811676,0.9987372159957886,500
cka_feddst,cifar10,0.8,7,results/logs/cka_strength_sweep/cifar10_drift_all/strength_1p0/seed_7/splits/cifar10_split_seed7_clients5_alpha0p3_ref500.json,1.0,drift,10,conv2,2,1,0.9983334541320801,0.9987372159957886,500
cka_feddst,cifar10,0.8,7,results/logs/cka_strength_sweep/cifar10_drift_all/strength_1p0/seed_7/splits/cifar10_split_seed7_clients5_alpha0p3_ref500.json,1.0,drift,10,conv2,2,2,1.0,0.9987372159957886,500
cka_feddst,cifar10,0.8,7,results/logs/cka_strength_sweep/cifar10_drift_all/strength_1p0/seed_7/splits/cifar10_split_seed7_clients5_alpha0p3_ref500.json,1.0,drift,10,conv2,2,3,0.9986801147460938,0.9987372159957886,500
cka_feddst,cifar10,0.8,7,results/logs/cka_strength_sweep/cifar10_drift_all/strength_1p0/seed_7/splits/cifar10_split_seed7_clients5_alpha0p3_ref500.json,1.0,drift,10,conv2,2,4,0.9993711709976196,0.9987372159957886,500
cka_feddst,cifar10,0.8,7,results/logs/cka_strength_sweep/cifar10_drift_all/strength_1p0/seed_7/splits/cifar10_split_seed7_clients5_alpha0p3_ref500.json,1.0,drift,10,conv2,3,0,0.9989141225814819,0.9987372159957886,500
cka_feddst,cifar10,0.8,7,results/logs/cka_strength_sweep/cifar10_drift_all/strength_1p0/seed_7/splits/cifar10_split_seed7_clients5_alpha0p3_ref500.json,1.0,drift,10,conv2,3,1,0.9999698400497437,0.9987372159957886,500
cka_feddst,cifar10,0.8,7,results/logs/cka_strength_sweep/cifar10_drift_all/strength_1p0/seed_7/splits/cifar10_split_seed7_clients5_alpha0p3_ref500.json,1.0,drift,10,conv2,3,2,0.9986801147460938,0.9987372159957886,500
cka_feddst,cifar10,0.8,7,results/logs/cka_strength_sweep/cifar10_drift_all/strength_1p0/seed_7/splits/cifar10_split_seed7_clients5_alpha0p3_ref500.json,1.0,drift,10,conv2,3,3,1.0,0.9987372159957886,500
cka_feddst,cifar10,0.8,7,results/logs/cka_strength_sweep/cifar10_drift_all/strength_1p0/seed_7/splits/cifar10_split_seed7_clients5_alpha0p3_ref500.json,1.0,drift,10,conv2,3,4,0.99986732006073,0.9987372159957886,500
cka_feddst,cifar10,0.8,7,results/logs/cka_strength_sweep/cifar10_drift_all/strength_1p0/seed_7/splits/cifar10_split_seed7_clients5_alpha0p3_ref500.json,1.0,drift,10,conv2,4,0,0.9980495572090149,0.9987372159957886,500
cka_feddst,cifar10,0.8,7,results/logs/cka_strength_sweep/cifar10_drift_all/strength_1p0/seed_7/splits/cifar10_split_seed7_clients5_alpha0p3_ref500.json,1.0,drift,10,conv2,4,1,0.9997388124465942,0.9987372159957886,500
cka_feddst,cifar10,0.8,7,results/logs/cka_strength_sweep/cifar10_drift_all/strength_1p0/seed_7/splits/cifar10_split_seed7_clients5_alpha0p3_ref500.json,1.0,drift,10,conv2,4,2,0.9993711709976196,0.9987372159957886,500
cka_feddst,cifar10,0.8,7,results/logs/cka_strength_sweep/cifar10_drift_all/strength_1p0/seed_7/splits/cifar10_split_seed7_clients5_alpha0p3_ref500.json,1.0,drift,10,conv2,4,3,0.99986732006073,0.9987372159957886,500
cka_feddst,cifar10,0.8,7,results/logs/cka_strength_sweep/cifar10_drift_all/strength_1p0/seed_7/splits/cifar10_split_seed7_clients5_alpha0p3_ref500.json,1.0,drift,10,conv2,4,4,1.0,0.9987372159957886,500
cka_feddst,cifar10,0.8,7,results/logs/cka_strength_sweep/cifar10_drift_all/strength_1p0/seed_7/splits/cifar10_split_seed7_clients5_alpha0p3_ref500.json,1.0,drift,10,conv3,0,0,1.0,0.9985991716384888,500
cka_feddst,cifar10,0.8,7,results/logs/cka_strength_sweep/cifar10_drift_all/strength_1p0/seed_7/splits/cifar10_split_seed7_clients5_alpha0p3_ref500.json,1.0,drift,10,conv3,0,1,0.9991374611854553,0.9985991716384888,500
cka_feddst,cifar10,0.8,7,results/logs/cka_strength_sweep/cifar10_drift_all/strength_1p0/seed_7/splits/cifar10_split_seed7_clients5_alpha0p3_ref500.json,1.0,drift,10,conv3,0,2,0.9948691129684448,0.9985991716384888,500
cka_feddst,cifar10,0.8,7,results/logs/cka_strength_sweep/cifar10_drift_all/strength_1p0/seed_7/splits/cifar10_split_seed7_clients5_alpha0p3_ref500.json,1.0,drift,10,conv3,0,3,0.99882972240448,0.9985991716384888,500
cka_feddst,cifar10,0.8,7,results/logs/cka_strength_sweep/cifar10_drift_all/strength_1p0/seed_7/splits/cifar10_split_seed7_clients5_alpha0p3_ref500.json,1.0,drift,10,conv3,0,4,0.99777752161026,0.9985991716384888,500
cka_feddst,cifar10,0.8,7,results/logs/cka_strength_sweep/cifar10_drift_all/strength_1p0/seed_7/splits/cifar10_split_seed7_clients5_alpha0p3_ref500.json,1.0,drift,10,conv3,1,0,0.9991374611854553,0.9985991716384888,500
cka_feddst,cifar10,0.8,7,results/logs/cka_strength_sweep/cifar10_drift_all/strength_1p0/seed_7/splits/cifar10_split_seed7_clients5_alpha0p3_ref500.json,1.0,drift,10,conv3,1,1,1.0,0.9985991716384888,500
cka_feddst,cifar10,0.8,7,results/logs/cka_strength_sweep/cifar10_drift_all/strength_1p0/seed_7/splits/cifar10_split_seed7_clients5_alpha0p3_ref500.json,1.0,drift,10,conv3,1,2,0.9981908202171326,0.9985991716384888,500
cka_feddst,cifar10,0.8,7,results/logs/cka_strength_sweep/cifar10_drift_all/strength_1p0/seed_7/splits/cifar10_split_seed7_clients5_alpha0p3_ref500.json,1.0,drift,10,conv3,1,3,0.9999605417251587,0.9985991716384888,500
cka_feddst,cifar10,0.8,7,results/logs/cka_strength_sweep/cifar10_drift_all/strength_1p0/seed_7/splits/cifar10_split_seed7_clients5_alpha0p3_ref500.json,1.0,drift,10,conv3,1,4,0.9995946884155273,0.9985991716384888,500
cka_feddst,cifar10,0.8,7,results/logs/cka_strength_sweep/cifar10_drift_all/strength_1p0/seed_7/splits/cifar10_split_seed7_clients5_alpha0p3_ref500.json,1.0,drift,10,conv3,2,0,0.9948691129684448,0.9985991716384888,500
cka_feddst,cifar10,0.8,7,results/logs/cka_strength_sweep/cifar10_drift_all/strength_1p0/seed_7/splits/cifar10_split_seed7_clients5_alpha0p3_ref500.json,1.0,drift,10,conv3,2,1,0.9981908202171326,0.9985991716384888,500
cka_feddst,cifar10,0.8,7,results/logs/cka_strength_sweep/cifar10_drift_all/strength_1p0/seed_7/splits/cifar10_split_seed7_clients5_alpha0p3_ref500.json,1.0,drift,10,conv3,2,2,1.0,0.9985991716384888,500
cka_feddst,cifar10,0.8,7,results/logs/cka_strength_sweep/cifar10_drift_all/strength_1p0/seed_7/splits/cifar10_split_seed7_clients5_alpha0p3_ref500.json,1.0,drift,10,conv3,2,3,0.998574435710907,0.9985991716384888,500
cka_feddst,cifar10,0.8,7,results/logs/cka_strength_sweep/cifar10_drift_all/strength_1p0/seed_7/splits/cifar10_split_seed7_clients5_alpha0p3_ref500.json,1.0,drift,10,conv3,2,4,0.9992736577987671,0.9985991716384888,500
cka_feddst,cifar10,0.8,7,results/logs/cka_strength_sweep/cifar10_drift_all/strength_1p0/seed_7/splits/cifar10_split_seed7_clients5_alpha0p3_ref500.json,1.0,drift,10,conv3,3,0,0.99882972240448,0.9985991716384888,500
cka_feddst,cifar10,0.8,7,results/logs/cka_strength_sweep/cifar10_drift_all/strength_1p0/seed_7/splits/cifar10_split_seed7_clients5_alpha0p3_ref500.json,1.0,drift,10,conv3,3,1,0.9999605417251587,0.9985991716384888,500
cka_feddst,cifar10,0.8,7,results/logs/cka_strength_sweep/cifar10_drift_all/strength_1p0/seed_7/splits/cifar10_split_seed7_clients5_alpha0p3_ref500.json,1.0,drift,10,conv3,3,2,0.998574435710907,0.9985991716384888,500
cka_feddst,cifar10,0.8,7,results/logs/cka_strength_sweep/cifar10_drift_all/strength_1p0/seed_7/splits/cifar10_split_seed7_clients5_alpha0p3_ref500.json,1.0,drift,10,conv3,3,3,1.0,0.9985991716384888,500
cka_feddst,cifar10,0.8,7,results/logs/cka_strength_sweep/cifar10_drift_all/strength_1p0/seed_7/splits/cifar10_split_seed7_clients5_alpha0p3_ref500.json,1.0,drift,10,conv3,3,4,0.9997830390930176,0.9985991716384888,500
cka_feddst,cifar10,0.8,7,results/logs/cka_strength_sweep/cifar10_drift_all/strength_1p0/seed_7/splits/cifar10_split_seed7_clients5_alpha0p3_ref500.json,1.0,drift,10,conv3,4,0,0.99777752161026,0.9985991716384888,500
cka_feddst,cifar10,0.8,7,results/logs/cka_strength_sweep/cifar10_drift_all/strength_1p0/seed_7/splits/cifar10_split_seed7_clients5_alpha0p3_ref500.json,1.0,drift,10,conv3,4,1,0.9995946884155273,0.9985991716384888,500
cka_feddst,cifar10,0.8,7,results/logs/cka_strength_sweep/cifar10_drift_all/strength_1p0/seed_7/splits/cifar10_split_seed7_clients5_alpha0p3_ref500.json,1.0,drift,10,conv3,4,2,0.9992736577987671,0.9985991716384888,500
cka_feddst,cifar10,0.8,7,results/logs/cka_strength_sweep/cifar10_drift_all/strength_1p0/seed_7/splits/cifar10_split_seed7_clients5_alpha0p3_ref500.json,1.0,drift,10,conv3,4,3,0.9997830390930176,0.9985991716384888,500
cka_feddst,cifar10,0.8,7,results/logs/cka_strength_sweep/cifar10_drift_all/strength_1p0/seed_7/splits/cifar10_split_seed7_clients5_alpha0p3_ref500.json,1.0,drift,10,conv3,4,4,1.0,0.9985991716384888,500
cka_feddst,cifar10,0.8,7,results/logs/cka_strength_sweep/cifar10_drift_all/strength_1p0/seed_7/splits/cifar10_split_seed7_clients5_alpha0p3_ref500.json,1.0,drift,10,fc1,0,0,1.0,0.9825257062911987,500
cka_feddst,cifar10,0.8,7,results/logs/cka_strength_sweep/cifar10_drift_all/strength_1p0/seed_7/splits/cifar10_split_seed7_clients5_alpha0p3_ref500.json,1.0,drift,10,fc1,0,1,0.9710818529129028,0.9825257062911987,500
cka_feddst,cifar10,0.8,7,results/logs/cka_strength_sweep/cifar10_drift_all/strength_1p0/seed_7/splits/cifar10_split_seed7_clients5_alpha0p3_ref500.json,1.0,drift,10,fc1,0,2,0.9857784509658813,0.9825257062911987,500
cka_feddst,cifar10,0.8,7,results/logs/cka_strength_sweep/cifar10_drift_all/strength_1p0/seed_7/splits/cifar10_split_seed7_clients5_alpha0p3_ref500.json,1.0,drift,10,fc1,0,3,0.9850684404373169,0.9825257062911987,500
cka_feddst,cifar10,0.8,7,results/logs/cka_strength_sweep/cifar10_drift_all/strength_1p0/seed_7/splits/cifar10_split_seed7_clients5_alpha0p3_ref500.json,1.0,drift,10,fc1,0,4,0.9542727470397949,0.9825257062911987,500
cka_feddst,cifar10,0.8,7,results/logs/cka_strength_sweep/cifar10_drift_all/strength_1p0/seed_7/splits/cifar10_split_seed7_clients5_alpha0p3_ref500.json,1.0,drift,10,fc1,1,0,0.9710818529129028,0.9825257062911987,500
cka_feddst,cifar10,0.8,7,results/logs/cka_strength_sweep/cifar10_drift_all/strength_1p0/seed_7/splits/cifar10_split_seed7_clients5_alpha0p3_ref500.json,1.0,drift,10,fc1,1,1,1.0,0.9825257062911987,500
cka_feddst,cifar10,0.8,7,results/logs/cka_strength_sweep/cifar10_drift_all/strength_1p0/seed_7/splits/cifar10_split_seed7_clients5_alpha0p3_ref500.json,1.0,drift,10,fc1,1,2,0.9867518544197083,0.9825257062911987,500
cka_feddst,cifar10,0.8,7,results/logs/cka_strength_sweep/cifar10_drift_all/strength_1p0/seed_7/splits/cifar10_split_seed7_clients5_alpha0p3_ref500.json,1.0,drift,10,fc1,1,3,0.9943466186523438,0.9825257062911987,500
cka_feddst,cifar10,0.8,7,results/logs/cka_strength_sweep/cifar10_drift_all/strength_1p0/seed_7/splits/cifar10_split_seed7_clients5_alpha0p3_ref500.json,1.0,drift,10,fc1,1,4,0.9955296516418457,0.9825257062911987,500
cka_feddst,cifar10,0.8,7,results/logs/cka_strength_sweep/cifar10_drift_all/strength_1p0/seed_7/splits/cifar10_split_seed7_clients5_alpha0p3_ref500.json,1.0,drift,10,fc1,2,0,0.9857784509658813,0.9825257062911987,500
cka_feddst,cifar10,0.8,7,results/logs/cka_strength_sweep/cifar10_drift_all/strength_1p0/seed_7/splits/cifar10_split_seed7_clients5_alpha0p3_ref500.json,1.0,drift,10,fc1,2,1,0.9867518544197083,0.9825257062911987,500
cka_feddst,cifar10,0.8,7,results/logs/cka_strength_sweep/cifar10_drift_all/strength_1p0/seed_7/splits/cifar10_split_seed7_clients5_alpha0p3_ref500.json,1.0,drift,10,fc1,2,2,1.0,0.9825257062911987,500
cka_feddst,cifar10,0.8,7,results/logs/cka_strength_sweep/cifar10_drift_all/strength_1p0/seed_7/splits/cifar10_split_seed7_clients5_alpha0p3_ref500.json,1.0,drift,10,fc1,2,3,0.9921615719795227,0.9825257062911987,500
cka_feddst,cifar10,0.8,7,results/logs/cka_strength_sweep/cifar10_drift_all/strength_1p0/seed_7/splits/cifar10_split_seed7_clients5_alpha0p3_ref500.json,1.0,drift,10,fc1,2,4,0.9780562520027161,0.9825257062911987,500
cka_feddst,cifar10,0.8,7,results/logs/cka_strength_sweep/cifar10_drift_all/strength_1p0/seed_7/splits/cifar10_split_seed7_clients5_alpha0p3_ref500.json,1.0,drift,10,fc1,3,0,0.9850684404373169,0.9825257062911987,500
cka_feddst,cifar10,0.8,7,results/logs/cka_strength_sweep/cifar10_drift_all/strength_1p0/seed_7/splits/cifar10_split_seed7_clients5_alpha0p3_ref500.json,1.0,drift,10,fc1,3,1,0.9943466186523438,0.9825257062911987,500
cka_feddst,cifar10,0.8,7,results/logs/cka_strength_sweep/cifar10_drift_all/strength_1p0/seed_7/splits/cifar10_split_seed7_clients5_alpha0p3_ref500.json,1.0,drift,10,fc1,3,2,0.9921615719795227,0.9825257062911987,500
cka_feddst,cifar10,0.8,7,results/logs/cka_strength_sweep/cifar10_drift_all/strength_1p0/seed_7/splits/cifar10_split_seed7_clients5_alpha0p3_ref500.json,1.0,drift,10,fc1,3,3,1.0,0.9825257062911987,500
cka_feddst,cifar10,0.8,7,results/logs/cka_strength_sweep/cifar10_drift_all/strength_1p0/seed_7/splits/cifar10_split_seed7_clients5_alpha0p3_ref500.json,1.0,drift,10,fc1,3,4,0.982209324836731,0.9825257062911987,500
cka_feddst,cifar10,0.8,7,results/logs/cka_strength_sweep/cifar10_drift_all/strength_1p0/seed_7/splits/cifar10_split_seed7_clients5_alpha0p3_ref500.json,1.0,drift,10,fc1,4,0,0.9542727470397949,0.9825257062911987,500
cka_feddst,cifar10,0.8,7,results/logs/cka_strength_sweep/cifar10_drift_all/strength_1p0/seed_7/splits/cifar10_split_seed7_clients5_alpha0p3_ref500.json,1.0,drift,10,fc1,4,1,0.9955296516418457,0.9825257062911987,500
cka_feddst,cifar10,0.8,7,results/logs/cka_strength_sweep/cifar10_drift_all/strength_1p0/seed_7/splits/cifar10_split_seed7_clients5_alpha0p3_ref500.json,1.0,drift,10,fc1,4,2,0.9780562520027161,0.9825257062911987,500
cka_feddst,cifar10,0.8,7,results/logs/cka_strength_sweep/cifar10_drift_all/strength_1p0/seed_7/splits/cifar10_split_seed7_clients5_alpha0p3_ref500.json,1.0,drift,10,fc1,4,3,0.982209324836731,0.9825257062911987,500
cka_feddst,cifar10,0.8,7,results/logs/cka_strength_sweep/cifar10_drift_all/strength_1p0/seed_7/splits/cifar10_split_seed7_clients5_alpha0p3_ref500.json,1.0,drift,10,fc1,4,4,1.0,0.9825257062911987,500
cka_feddst,cifar10,0.8,7,results/logs/cka_strength_sweep/cifar10_drift_all/strength_1p0/seed_7/splits/cifar10_split_seed7_clients5_alpha0p3_ref500.json,1.0,drift,12,conv1,0,0,1.0,0.9996047019958496,500
cka_feddst,cifar10,0.8,7,results/logs/cka_strength_sweep/cifar10_drift_all/strength_1p0/seed_7/splits/cifar10_split_seed7_clients5_alpha0p3_ref500.json,1.0,drift,12,conv1,0,1,0.9997509121894836,0.9996047019958496,500
cka_feddst,cifar10,0.8,7,results/logs/cka_strength_sweep/cifar10_drift_all/strength_1p0/seed_7/splits/cifar10_split_seed7_clients5_alpha0p3_ref500.json,1.0,drift,12,conv1,0,2,0.9984629154205322,0.9996047019958496,500
cka_feddst,cifar10,0.8,7,results/logs/cka_strength_sweep/cifar10_drift_all/strength_1p0/seed_7/splits/cifar10_split_seed7_clients5_alpha0p3_ref500.json,1.0,drift,12,conv1,0,3,0.9997190237045288,0.9996047019958496,500
cka_feddst,cifar10,0.8,7,results/logs/cka_strength_sweep/cifar10_drift_all/strength_1p0/seed_7/splits/cifar10_split_seed7_clients5_alpha0p3_ref500.json,1.0,drift,12,conv1,0,4,0.9995145797729492,0.9996047019958496,500
cka_feddst,cifar10,0.8,7,results/logs/cka_strength_sweep/cifar10_drift_all/strength_1p0/seed_7/splits/cifar10_split_seed7_clients5_alpha0p3_ref500.json,1.0,drift,12,conv1,1,0,0.9997509121894836,0.9996047019958496,500
cka_feddst,cifar10,0.8,7,results/logs/cka_strength_sweep/cifar10_drift_all/strength_1p0/seed_7/splits/cifar10_split_seed7_clients5_alpha0p3_ref500.json,1.0,drift,12,conv1,1,1,1.0,0.9996047019958496,500
cka_feddst,cifar10,0.8,7,results/logs/cka_strength_sweep/cifar10_drift_all/strength_1p0/seed_7/splits/cifar10_split_seed7_clients5_alpha0p3_ref500.json,1.0,drift,12,conv1,1,2,0.9994543194770813,0.9996047019958496,500
cka_feddst,cifar10,0.8,7,results/logs/cka_strength_sweep/cifar10_drift_all/strength_1p0/seed_7/splits/cifar10_split_seed7_clients5_alpha0p3_ref500.json,1.0,drift,12,conv1,1,3,1.0,0.9996047019958496,500
cka_feddst,cifar10,0.8,7,results/logs/cka_strength_sweep/cifar10_drift_all/strength_1p0/seed_7/splits/cifar10_split_seed7_clients5_alpha0p3_ref500.json,1.0,drift,12,conv1,1,4,0.9999627470970154,0.9996047019958496,500
cka_feddst,cifar10,0.8,7,results/logs/cka_strength_sweep/cifar10_drift_all/strength_1p0/seed_7/splits/cifar10_split_seed7_clients5_alpha0p3_ref500.json,1.0,drift,12,conv1,2,0,0.9984629154205322,0.9996047019958496,500
cka_feddst,cifar10,0.8,7,results/logs/cka_strength_sweep/cifar10_drift_all/strength_1p0/seed_7/splits/cifar10_split_seed7_clients5_alpha0p3_ref500.json,1.0,drift,12,conv1,2,1,0.9994543194770813,0.9996047019958496,500
cka_feddst,cifar10,0.8,7,results/logs/cka_strength_sweep/cifar10_drift_all/strength_1p0/seed_7/splits/cifar10_split_seed7_clients5_alpha0p3_ref500.json,1.0,drift,12,conv1,2,2,1.0,0.9996047019958496,500
cka_feddst,cifar10,0.8,7,results/logs/cka_strength_sweep/cifar10_drift_all/strength_1p0/seed_7/splits/cifar10_split_seed7_clients5_alpha0p3_ref500.json,1.0,drift,12,conv1,2,3,0.9994999766349792,0.9996047019958496,500
cka_feddst,cifar10,0.8,7,results/logs/cka_strength_sweep/cifar10_drift_all/strength_1p0/seed_7/splits/cifar10_split_seed7_clients5_alpha0p3_ref500.json,1.0,drift,12,conv1,2,4,0.9997071027755737,0.9996047019958496,500
cka_feddst,cifar10,0.8,7,results/logs/cka_strength_sweep/cifar10_drift_all/strength_1p0/seed_7/splits/cifar10_split_seed7_clients5_alpha0p3_ref500.json,1.0,drift,12,conv1,3,0,0.9997190237045288,0.9996047019958496,500
cka_feddst,cifar10,0.8,7,results/logs/cka_strength_sweep/cifar10_drift_all/strength_1p0/seed_7/splits/cifar10_split_seed7_clients5_alpha0p3_ref500.json,1.0,drift,12,conv1,3,1,1.0,0.9996047019958496,500
cka_feddst,cifar10,0.8,7,results/logs/cka_strength_sweep/cifar10_drift_all/strength_1p0/seed_7/splits/cifar10_split_seed7_clients5_alpha0p3_ref500.json,1.0,drift,12,conv1,3,2,0.9994999766349792,0.9996047019958496,500
cka_feddst,cifar10,0.8,7,results/logs/cka_strength_sweep/cifar10_drift_all/strength_1p0/seed_7/splits/cifar10_split_seed7_clients5_alpha0p3_ref500.json,1.0,drift,12,conv1,3,3,1.0,0.9996047019958496,500
cka_feddst,cifar10,0.8,7,results/logs/cka_strength_sweep/cifar10_drift_all/strength_1p0/seed_7/splits/cifar10_split_seed7_clients5_alpha0p3_ref500.json,1.0,drift,12,conv1,3,4,0.9999755620956421,0.9996047019958496,500
cka_feddst,cifar10,0.8,7,results/logs/cka_strength_sweep/cifar10_drift_all/strength_1p0/seed_7/splits/cifar10_split_seed7_clients5_alpha0p3_ref500.json,1.0,drift,12,conv1,4,0,0.9995145797729492,0.9996047019958496,500
cka_feddst,cifar10,0.8,7,results/logs/cka_strength_sweep/cifar10_drift_all/strength_1p0/seed_7/splits/cifar10_split_seed7_clients5_alpha0p3_ref500.json,1.0,drift,12,conv1,4,1,0.9999627470970154,0.9996047019958496,500
cka_feddst,cifar10,0.8,7,results/logs/cka_strength_sweep/cifar10_drift_all/strength_1p0/seed_7/splits/cifar10_split_seed7_clients5_alpha0p3_ref500.json,1.0,drift,12,conv1,4,2,0.9997071027755737,0.9996047019958496,500
cka_feddst,cifar10,0.8,7,results/logs/cka_strength_sweep/cifar10_drift_all/strength_1p0/seed_7/splits/cifar10_split_seed7_clients5_alpha0p3_ref500.json,1.0,drift,12,conv1,4,3,0.9999755620956421,0.9996047019958496,500
cka_feddst,cifar10,0.8,7,results/logs/cka_strength_sweep/cifar10_drift_all/strength_1p0/seed_7/splits/cifar10_split_seed7_clients5_alpha0p3_ref500.json,1.0,drift,12,conv1,4,4,1.0,0.9996047019958496,500
cka_feddst,cifar10,0.8,7,results/logs/cka_strength_sweep/cifar10_drift_all/strength_1p0/seed_7/splits/cifar10_split_seed7_clients5_alpha0p3_ref500.json,1.0,drift,12,conv2,0,0,1.0,0.9982274770736694,500
cka_feddst,cifar10,0.8,7,results/logs/cka_strength_sweep/cifar10_drift_all/strength_1p0/seed_7/splits/cifar10_split_seed7_clients5_alpha0p3_ref500.json,1.0,drift,12,conv2,0,1,0.9989277720451355,0.9982274770736694,500
cka_feddst,cifar10,0.8,7,results/logs/cka_strength_sweep/cifar10_drift_all/strength_1p0/seed_7/splits/cifar10_split_seed7_clients5_alpha0p3_ref500.json,1.0,drift,12,conv2,0,2,0.9933217763900757,0.9982274770736694,500
cka_feddst,cifar10,0.8,7,results/logs/cka_strength_sweep/cifar10_drift_all/strength_1p0/seed_7/splits/cifar10_split_seed7_clients5_alpha0p3_ref500.json,1.0,drift,12,conv2,0,3,0.9987448453903198,0.9982274770736694,500
cka_feddst,cifar10,0.8,7,results/logs/cka_strength_sweep/cifar10_drift_all/strength_1p0/seed_7/splits/cifar10_split_seed7_clients5_alpha0p3_ref500.json,1.0,drift,12,conv2,0,4,0.9975482225418091,0.9982274770736694,500
cka_feddst,cifar10,0.8,7,results/logs/cka_strength_sweep/cifar10_drift_all/strength_1p0/seed_7/splits/cifar10_split_seed7_clients5_alpha0p3_ref500.json,1.0,drift,12,conv2,1,0,0.9989277720451355,0.9982274770736694,500
cka_feddst,cifar10,0.8,7,results/logs/cka_strength_sweep/cifar10_drift_all/strength_1p0/seed_7/splits/cifar10_split_seed7_clients5_alpha0p3_ref500.json,1.0,drift,12,conv2,1,1,1.0,0.9982274770736694,500
cka_feddst,cifar10,0.8,7,results/logs/cka_strength_sweep/cifar10_drift_all/strength_1p0/seed_7/splits/cifar10_split_seed7_clients5_alpha0p3_ref500.json,1.0,drift,12,conv2,1,2,0.9975539445877075,0.9982274770736694,500
cka_feddst,cifar10,0.8,7,results/logs/cka_strength_sweep/cifar10_drift_all/strength_1p0/seed_7/splits/cifar10_split_seed7_clients5_alpha0p3_ref500.json,1.0,drift,12,conv2,1,3,0.9999808073043823,0.9982274770736694,500
cka_feddst,cifar10,0.8,7,results/logs/cka_strength_sweep/cifar10_drift_all/strength_1p0/seed_7/splits/cifar10_split_seed7_clients5_alpha0p3_ref500.json,1.0,drift,12,conv2,1,4,0.9996987581253052,0.9982274770736694,500
cka_feddst,cifar10,0.8,7,results/logs/cka_strength_sweep/cifar10_drift_all/strength_1p0/seed_7/splits/cifar10_split_seed7_clients5_alpha0p3_ref500.json,1.0,drift,12,conv2,2,0,0.9933217763900757,0.9982274770736694,500
cka_feddst,cifar10,0.8,7,results/logs/cka_strength_sweep/cifar10_drift_all/strength_1p0/seed_7/splits/cifar10_split_seed7_clients5_alpha0p3_ref500.json,1.0,drift,12,conv2,2,1,0.9975539445877075,0.9982274770736694,500
cka_feddst,cifar10,0.8,7,results/logs/cka_strength_sweep/cifar10_drift_all/strength_1p0/seed_7/splits/cifar10_split_seed7_clients5_alpha0p3_ref500.json,1.0,drift,12,conv2,2,2,1.0,0.9982274770736694,500
cka_feddst,cifar10,0.8,7,results/logs/cka_strength_sweep/cifar10_drift_all/strength_1p0/seed_7/splits/cifar10_split_seed7_clients5_alpha0p3_ref500.json,1.0,drift,12,conv2,2,3,0.9977821707725525,0.9982274770736694,500
cka_feddst,cifar10,0.8,7,results/logs/cka_strength_sweep/cifar10_drift_all/strength_1p0/seed_7/splits/cifar10_split_seed7_clients5_alpha0p3_ref500.json,1.0,drift,12,conv2,2,4,0.9989326596260071,0.9982274770736694,500
cka_feddst,cifar10,0.8,7,results/logs/cka_strength_sweep/cifar10_drift_all/strength_1p0/seed_7/splits/cifar10_split_seed7_clients5_alpha0p3_ref500.json,1.0,drift,12,conv2,3,0,0.9987448453903198,0.9982274770736694,500
cka_feddst,cifar10,0.8,7,results/logs/cka_strength_sweep/cifar10_drift_all/strength_1p0/seed_7/splits/cifar10_split_seed7_clients5_alpha0p3_ref500.json,1.0,drift,12,conv2,3,1,0.9999808073043823,0.9982274770736694,500
cka_feddst,cifar10,0.8,7,results/logs/cka_strength_sweep/cifar10_drift_all/strength_1p0/seed_7/splits/cifar10_split_seed7_clients5_alpha0p3_ref500.json,1.0,drift,12,conv2,3,2,0.9977821707725525,0.9982274770736694,500
cka_feddst,cifar10,0.8,7,results/logs/cka_strength_sweep/cifar10_drift_all/strength_1p0/seed_7/splits/cifar10_split_seed7_clients5_alpha0p3_ref500.json,1.0,drift,12,conv2,3,3,1.0,0.9982274770736694,500
cka_feddst,cifar10,0.8,7,results/logs/cka_strength_sweep/cifar10_drift_all/strength_1p0/seed_7/splits/cifar10_split_seed7_clients5_alpha0p3_ref500.json,1.0,drift,12,conv2,3,4,0.9997845888137817,0.9982274770736694,500
cka_feddst,cifar10,0.8,7,results/logs/cka_strength_sweep/cifar10_drift_all/strength_1p0/seed_7/splits/cifar10_split_seed7_clients5_alpha0p3_ref500.json,1.0,drift,12,conv2,4,0,0.9975482225418091,0.9982274770736694,500
cka_feddst,cifar10,0.8,7,results/logs/cka_strength_sweep/cifar10_drift_all/strength_1p0/seed_7/splits/cifar10_split_seed7_clients5_alpha0p3_ref500.json,1.0,drift,12,conv2,4,1,0.9996987581253052,0.9982274770736694,500
cka_feddst,cifar10,0.8,7,results/logs/cka_strength_sweep/cifar10_drift_all/strength_1p0/seed_7/splits/cifar10_split_seed7_clients5_alpha0p3_ref500.json,1.0,drift,12,conv2,4,2,0.9989326596260071,0.9982274770736694,500
cka_feddst,cifar10,0.8,7,results/logs/cka_strength_sweep/cifar10_drift_all/strength_1p0/seed_7/splits/cifar10_split_seed7_clients5_alpha0p3_ref500.json,1.0,drift,12,conv2,4,3,0.9997845888137817,0.9982274770736694,500
cka_feddst,cifar10,0.8,7,results/logs/cka_strength_sweep/cifar10_drift_all/strength_1p0/seed_7/splits/cifar10_split_seed7_clients5_alpha0p3_ref500.json,1.0,drift,12,conv2,4,4,1.0,0.9982274770736694,500
cka_feddst,cifar10,0.8,7,results/logs/cka_strength_sweep/cifar10_drift_all/strength_1p0/seed_7/splits/cifar10_split_seed7_clients5_alpha0p3_ref500.json,1.0,drift,12,conv3,0,0,1.0,0.9979618191719055,500
cka_feddst,cifar10,0.8,7,results/logs/cka_strength_sweep/cifar10_drift_all/strength_1p0/seed_7/splits/cifar10_split_seed7_clients5_alpha0p3_ref500.json,1.0,drift,12,conv3,0,1,0.9987930059432983,0.9979618191719055,500
cka_feddst,cifar10,0.8,7,results/logs/cka_strength_sweep/cifar10_drift_all/strength_1p0/seed_7/splits/cifar10_split_seed7_clients5_alpha0p3_ref500.json,1.0,drift,12,conv3,0,2,0.9924994707107544,0.9979618191719055,500
cka_feddst,cifar10,0.8,7,results/logs/cka_strength_sweep/cifar10_drift_all/strength_1p0/seed_7/splits/cifar10_split_seed7_clients5_alpha0p3_ref500.json,1.0,drift,12,conv3,0,3,0.9985915422439575,0.9979618191719055,500
cka_feddst,cifar10,0.8,7,results/logs/cka_strength_sweep/cifar10_drift_all/strength_1p0/seed_7/splits/cifar10_split_seed7_clients5_alpha0p3_ref500.json,1.0,drift,12,conv3,0,4,0.9970911741256714,0.9979618191719055,500
cka_feddst,cifar10,0.8,7,results/logs/cka_strength_sweep/cifar10_drift_all/strength_1p0/seed_7/splits/cifar10_split_seed7_clients5_alpha0p3_ref500.json,1.0,drift,12,conv3,1,0,0.9987930059432983,0.9979618191719055,500
cka_feddst,cifar10,0.8,7,results/logs/cka_strength_sweep/cifar10_drift_all/strength_1p0/seed_7/splits/cifar10_split_seed7_clients5_alpha0p3_ref500.json,1.0,drift,12,conv3,1,1,1.0,0.9979618191719055,500
cka_feddst,cifar10,0.8,7,results/logs/cka_strength_sweep/cifar10_drift_all/strength_1p0/seed_7/splits/cifar10_split_seed7_clients5_alpha0p3_ref500.json,1.0,drift,12,conv3,1,2,0.9972455501556396,0.9979618191719055,500
cka_feddst,cifar10,0.8,7,results/logs/cka_strength_sweep/cifar10_drift_all/strength_1p0/seed_7/splits/cifar10_split_seed7_clients5_alpha0p3_ref500.json,1.0,drift,12,conv3,1,3,0.9999585747718811,0.9979618191719055,500
cka_feddst,cifar10,0.8,7,results/logs/cka_strength_sweep/cifar10_drift_all/strength_1p0/seed_7/splits/cifar10_split_seed7_clients5_alpha0p3_ref500.json,1.0,drift,12,conv3,1,4,0.9995004534721375,0.9979618191719055,500
cka_feddst,cifar10,0.8,7,results/logs/cka_strength_sweep/cifar10_drift_all/strength_1p0/seed_7/splits/cifar10_split_seed7_clients5_alpha0p3_ref500.json,1.0,drift,12,conv3,2,0,0.9924994707107544,0.9979618191719055,500
cka_feddst,cifar10,0.8,7,results/logs/cka_strength_sweep/cifar10_drift_all/strength_1p0/seed_7/splits/cifar10_split_seed7_clients5_alpha0p3_ref500.json,1.0,drift,12,conv3,2,1,0.9972455501556396,0.9979618191719055,500
cka_feddst,cifar10,0.8,7,results/logs/cka_strength_sweep/cifar10_drift_all/strength_1p0/seed_7/splits/cifar10_split_seed7_clients5_alpha0p3_ref500.json,1.0,drift,12,conv3,2,2,1.0,0.9979618191719055,500
cka_feddst,cifar10,0.8,7,results/logs/cka_strength_sweep/cifar10_drift_all/strength_1p0/seed_7/splits/cifar10_split_seed7_clients5_alpha0p3_ref500.json,1.0,drift,12,conv3,2,3,0.9975018501281738,0.9979618191719055,500
cka_feddst,cifar10,0.8,7,results/logs/cka_strength_sweep/cifar10_drift_all/strength_1p0/seed_7/splits/cifar10_split_seed7_clients5_alpha0p3_ref500.json,1.0,drift,12,conv3,2,4,0.9987481832504272,0.9979618191719055,500
cka_feddst,cifar10,0.8,7,results/logs/cka_strength_sweep/cifar10_drift_all/strength_1p0/seed_7/splits/cifar10_split_seed7_clients5_alpha0p3_ref500.json,1.0,drift,12,conv3,3,0,0.9985915422439575,0.9979618191719055,500
cka_feddst,cifar10,0.8,7,results/logs/cka_strength_sweep/cifar10_drift_all/strength_1p0/seed_7/splits/cifar10_split_seed7_clients5_alpha0p3_ref500.json,1.0,drift,12,conv3,3,1,0.9999585747718811,0.9979618191719055,500
cka_feddst,cifar10,0.8,7,results/logs/cka_strength_sweep/cifar10_drift_all/strength_1p0/seed_7/splits/cifar10_split_seed7_clients5_alpha0p3_ref500.json,1.0,drift,12,conv3,3,2,0.9975018501281738,0.9979618191719055,500
cka_feddst,cifar10,0.8,7,results/logs/cka_strength_sweep/cifar10_drift_all/strength_1p0/seed_7/splits/cifar10_split_seed7_clients5_alpha0p3_ref500.json,1.0,drift,12,conv3,3,3,1.0,0.9979618191719055,500
cka_feddst,cifar10,0.8,7,results/logs/cka_strength_sweep/cifar10_drift_all/strength_1p0/seed_7/splits/cifar10_split_seed7_clients5_alpha0p3_ref500.json,1.0,drift,12,conv3,3,4,0.9996879696846008,0.9979618191719055,500
cka_feddst,cifar10,0.8,7,results/logs/cka_strength_sweep/cifar10_drift_all/strength_1p0/seed_7/splits/cifar10_split_seed7_clients5_alpha0p3_ref500.json,1.0,drift,12,conv3,4,0,0.9970911741256714,0.9979618191719055,500
cka_feddst,cifar10,0.8,7,results/logs/cka_strength_sweep/cifar10_drift_all/strength_1p0/seed_7/splits/cifar10_split_seed7_clients5_alpha0p3_ref500.json,1.0,drift,12,conv3,4,1,0.9995004534721375,0.9979618191719055,500
cka_feddst,cifar10,0.8,7,results/logs/cka_strength_sweep/cifar10_drift_all/strength_1p0/seed_7/splits/cifar10_split_seed7_clients5_alpha0p3_ref500.json,1.0,drift,12,conv3,4,2,0.9987481832504272,0.9979618191719055,500
cka_feddst,cifar10,0.8,7,results/logs/cka_strength_sweep/cifar10_drift_all/strength_1p0/seed_7/splits/cifar10_split_seed7_clients5_alpha0p3_ref500.json,1.0,drift,12,conv3,4,3,0.9996879696846008,0.9979618191719055,500
cka_feddst,cifar10,0.8,7,results/logs/cka_strength_sweep/cifar10_drift_all/strength_1p0/seed_7/splits/cifar10_split_seed7_clients5_alpha0p3_ref500.json,1.0,drift,12,conv3,4,4,1.0,0.9979618191719055,500
cka_feddst,cifar10,0.8,7,results/logs/cka_strength_sweep/cifar10_drift_all/strength_1p0/seed_7/splits/cifar10_split_seed7_clients5_alpha0p3_ref500.json,1.0,drift,12,fc1,0,0,1.0,0.975612461566925,500
cka_feddst,cifar10,0.8,7,results/logs/cka_strength_sweep/cifar10_drift_all/strength_1p0/seed_7/splits/cifar10_split_seed7_clients5_alpha0p3_ref500.json,1.0,drift,12,fc1,0,1,0.9674035310745239,0.975612461566925,500
cka_feddst,cifar10,0.8,7,results/logs/cka_strength_sweep/cifar10_drift_all/strength_1p0/seed_7/splits/cifar10_split_seed7_clients5_alpha0p3_ref500.json,1.0,drift,12,fc1,0,2,0.9653899669647217,0.975612461566925,500
cka_feddst,cifar10,0.8,7,results/logs/cka_strength_sweep/cifar10_drift_all/strength_1p0/seed_7/splits/cifar10_split_seed7_clients5_alpha0p3_ref500.json,1.0,drift,12,fc1,0,3,0.9766013026237488,0.975612461566925,500
cka_feddst,cifar10,0.8,7,results/logs/cka_strength_sweep/cifar10_drift_all/strength_1p0/seed_7/splits/cifar10_split_seed7_clients5_alpha0p3_ref500.json,1.0,drift,12,fc1,0,4,0.9285640716552734,0.975612461566925,500
cka_feddst,cifar10,0.8,7,results/logs/cka_strength_sweep/cifar10_drift_all/strength_1p0/seed_7/splits/cifar10_split_seed7_clients5_alpha0p3_ref500.json,1.0,drift,12,fc1,1,0,0.9674035310745239,0.975612461566925,500
cka_feddst,cifar10,0.8,7,results/logs/cka_strength_sweep/cifar10_drift_all/strength_1p0/seed_7/splits/cifar10_split_seed7_clients5_alpha0p3_ref500.json,1.0,drift,12,fc1,1,1,1.0,0.975612461566925,500
cka_feddst,cifar10,0.8,7,results/logs/cka_strength_sweep/cifar10_drift_all/strength_1p0/seed_7/splits/cifar10_split_seed7_clients5_alpha0p3_ref500.json,1.0,drift,12,fc1,1,2,0.9893399477005005,0.975612461566925,500
cka_feddst,cifar10,0.8,7,results/logs/cka_strength_sweep/cifar10_drift_all/strength_1p0/seed_7/splits/cifar10_split_seed7_clients5_alpha0p3_ref500.json,1.0,drift,12,fc1,1,3,0.9959537386894226,0.975612461566925,500
cka_feddst,cifar10,0.8,7,results/logs/cka_strength_sweep/cifar10_drift_all/strength_1p0/seed_7/splits/cifar10_split_seed7_clients5_alpha0p3_ref500.json,1.0,drift,12,fc1,1,4,0.9869734048843384,0.975612461566925,500
cka_feddst,cifar10,0.8,7,results/logs/cka_strength_sweep/cifar10_drift_all/strength_1p0/seed_7/splits/cifar10_split_seed7_clients5_alpha0p3_ref500.json,1.0,drift,12,fc1,2,0,0.9653899669647217,0.975612461566925,500
cka_feddst,cifar10,0.8,7,results/logs/cka_strength_sweep/cifar10_drift_all/strength_1p0/seed_7/splits/cifar10_split_seed7_clients5_alpha0p3_ref500.json,1.0,drift,12,fc1,2,1,0.9893399477005005,0.975612461566925,500
cka_feddst,cifar10,0.8,7,results/logs/cka_strength_sweep/cifar10_drift_all/strength_1p0/seed_7/splits/cifar10_split_seed7_clients5_alpha0p3_ref500.json,1.0,drift,12,fc1,2,2,1.0,0.975612461566925,500
cka_feddst,cifar10,0.8,7,results/logs/cka_strength_sweep/cifar10_drift_all/strength_1p0/seed_7/splits/cifar10_split_seed7_clients5_alpha0p3_ref500.json,1.0,drift,12,fc1,2,3,0.9891559481620789,0.975612461566925,500
cka_feddst,cifar10,0.8,7,results/logs/cka_strength_sweep/cifar10_drift_all/strength_1p0/seed_7/splits/cifar10_split_seed7_clients5_alpha0p3_ref500.json,1.0,drift,12,fc1,2,4,0.9802579879760742,0.975612461566925,500
cka_feddst,cifar10,0.8,7,results/logs/cka_strength_sweep/cifar10_drift_all/strength_1p0/seed_7/splits/cifar10_split_seed7_clients5_alpha0p3_ref500.json,1.0,drift,12,fc1,3,0,0.9766013026237488,0.975612461566925,500
cka_feddst,cifar10,0.8,7,results/logs/cka_strength_sweep/cifar10_drift_all/strength_1p0/seed_7/splits/cifar10_split_seed7_clients5_alpha0p3_ref500.json,1.0,drift,12,fc1,3,1,0.9959537386894226,0.975612461566925,500
cka_feddst,cifar10,0.8,7,results/logs/cka_strength_sweep/cifar10_drift_all/strength_1p0/seed_7/splits/cifar10_split_seed7_clients5_alpha0p3_ref500.json,1.0,drift,12,fc1,3,2,0.9891559481620789,0.975612461566925,500
cka_feddst,cifar10,0.8,7,results/logs/cka_strength_sweep/cifar10_drift_all/strength_1p0/seed_7/splits/cifar10_split_seed7_clients5_alpha0p3_ref500.json,1.0,drift,12,fc1,3,3,1.0,0.975612461566925,500
cka_feddst,cifar10,0.8,7,results/logs/cka_strength_sweep/cifar10_drift_all/strength_1p0/seed_7/splits/cifar10_split_seed7_clients5_alpha0p3_ref500.json,1.0,drift,12,fc1,3,4,0.976484477519989,0.975612461566925,500
cka_feddst,cifar10,0.8,7,results/logs/cka_strength_sweep/cifar10_drift_all/strength_1p0/seed_7/splits/cifar10_split_seed7_clients5_alpha0p3_ref500.json,1.0,drift,12,fc1,4,0,0.9285640716552734,0.975612461566925,500
cka_feddst,cifar10,0.8,7,results/logs/cka_strength_sweep/cifar10_drift_all/strength_1p0/seed_7/splits/cifar10_split_seed7_clients5_alpha0p3_ref500.json,1.0,drift,12,fc1,4,1,0.9869734048843384,0.975612461566925,500
cka_feddst,cifar10,0.8,7,results/logs/cka_strength_sweep/cifar10_drift_all/strength_1p0/seed_7/splits/cifar10_split_seed7_clients5_alpha0p3_ref500.json,1.0,drift,12,fc1,4,2,0.9802579879760742,0.975612461566925,500
cka_feddst,cifar10,0.8,7,results/logs/cka_strength_sweep/cifar10_drift_all/strength_1p0/seed_7/splits/cifar10_split_seed7_clients5_alpha0p3_ref500.json,1.0,drift,12,fc1,4,3,0.976484477519989,0.975612461566925,500
cka_feddst,cifar10,0.8,7,results/logs/cka_strength_sweep/cifar10_drift_all/strength_1p0/seed_7/splits/cifar10_split_seed7_clients5_alpha0p3_ref500.json,1.0,drift,12,fc1,4,4,1.0,0.975612461566925,500
cka_feddst,cifar10,0.8,7,results/logs/cka_strength_sweep/cifar10_drift_all/strength_1p0/seed_7/splits/cifar10_split_seed7_clients5_alpha0p3_ref500.json,1.0,drift,14,conv1,0,0,1.0,0.999455451965332,500
cka_feddst,cifar10,0.8,7,results/logs/cka_strength_sweep/cifar10_drift_all/strength_1p0/seed_7/splits/cifar10_split_seed7_clients5_alpha0p3_ref500.json,1.0,drift,14,conv1,0,1,0.9996895790100098,0.999455451965332,500
cka_feddst,cifar10,0.8,7,results/logs/cka_strength_sweep/cifar10_drift_all/strength_1p0/seed_7/splits/cifar10_split_seed7_clients5_alpha0p3_ref500.json,1.0,drift,14,conv1,0,2,0.997947633266449,0.999455451965332,500
cka_feddst,cifar10,0.8,7,results/logs/cka_strength_sweep/cifar10_drift_all/strength_1p0/seed_7/splits/cifar10_split_seed7_clients5_alpha0p3_ref500.json,1.0,drift,14,conv1,0,3,0.9996605515480042,0.999455451965332,500
cka_feddst,cifar10,0.8,7,results/logs/cka_strength_sweep/cifar10_drift_all/strength_1p0/seed_7/splits/cifar10_split_seed7_clients5_alpha0p3_ref500.json,1.0,drift,14,conv1,0,4,0.9992812871932983,0.999455451965332,500
cka_feddst,cifar10,0.8,7,results/logs/cka_strength_sweep/cifar10_drift_all/strength_1p0/seed_7/splits/cifar10_split_seed7_clients5_alpha0p3_ref500.json,1.0,drift,14,conv1,1,0,0.9996895790100098,0.999455451965332,500
cka_feddst,cifar10,0.8,7,results/logs/cka_strength_sweep/cifar10_drift_all/strength_1p0/seed_7/splits/cifar10_split_seed7_clients5_alpha0p3_ref500.json,1.0,drift,14,conv1,1,1,1.0,0.999455451965332,500
cka_feddst,cifar10,0.8,7,results/logs/cka_strength_sweep/cifar10_drift_all/strength_1p0/seed_7/splits/cifar10_split_seed7_clients5_alpha0p3_ref500.json,1.0,drift,14,conv1,1,2,0.9992105960845947,0.999455451965332,500
cka_feddst,cifar10,0.8,7,results/logs/cka_strength_sweep/cifar10_drift_all/strength_1p0/seed_7/splits/cifar10_split_seed7_clients5_alpha0p3_ref500.json,1.0,drift,14,conv1,1,3,1.0,0.999455451965332,500
cka_feddst,cifar10,0.8,7,results/logs/cka_strength_sweep/cifar10_drift_all/strength_1p0/seed_7/splits/cifar10_split_seed7_clients5_alpha0p3_ref500.json,1.0,drift,14,conv1,1,4,0.9999129772186279,0.999455451965332,500
cka_feddst,cifar10,0.8,7,results/logs/cka_strength_sweep/cifar10_drift_all/strength_1p0/seed_7/splits/cifar10_split_seed7_clients5_alpha0p3_ref500.json,1.0,drift,14,conv1,2,0,0.997947633266449,0.999455451965332,500
cka_feddst,cifar10,0.8,7,results/logs/cka_strength_sweep/cifar10_drift_all/strength_1p0/seed_7/splits/cifar10_split_seed7_clients5_alpha0p3_ref500.json,1.0,drift,14,conv1,2,1,0.9992105960845947,0.999455451965332,500
cka_feddst,cifar10,0.8,7,results/logs/cka_strength_sweep/cifar10_drift_all/strength_1p0/seed_7/splits/cifar10_split_seed7_clients5_alpha0p3_ref500.json,1.0,drift,14,conv1,2,2,1.0,0.999455451965332,500
cka_feddst,cifar10,0.8,7,results/logs/cka_strength_sweep/cifar10_drift_all/strength_1p0/seed_7/splits/cifar10_split_seed7_clients5_alpha0p3_ref500.json,1.0,drift,14,conv1,2,3,0.9992655515670776,0.999455451965332,500
cka_feddst,cifar10,0.8,7,results/logs/cka_strength_sweep/cifar10_drift_all/strength_1p0/seed_7/splits/cifar10_split_seed7_clients5_alpha0p3_ref500.json,1.0,drift,14,conv1,2,4,0.9996552467346191,0.999455451965332,500
cka_feddst,cifar10,0.8,7,results/logs/cka_strength_sweep/cifar10_drift_all/strength_1p0/seed_7/splits/cifar10_split_seed7_clients5_alpha0p3_ref500.json,1.0,drift,14,conv1,3,0,0.9996605515480042,0.999455451965332,500
cka_feddst,cifar10,0.8,7,results/logs/cka_strength_sweep/cifar10_drift_all/strength_1p0/seed_7/splits/cifar10_split_seed7_clients5_alpha0p3_ref500.json,1.0,drift,14,conv1,3,1,1.0,0.999455451965332,500
cka_feddst,cifar10,0.8,7,results/logs/cka_strength_sweep/cifar10_drift_all/strength_1p0/seed_7/splits/cifar10_split_seed7_clients5_alpha0p3_ref500.json,1.0,drift,14,conv1,3,2,0.9992655515670776,0.999455451965332,500
cka_feddst,cifar10,0.8,7,results/logs/cka_strength_sweep/cifar10_drift_all/strength_1p0/seed_7/splits/cifar10_split_seed7_clients5_alpha0p3_ref500.json,1.0,drift,14,conv1,3,3,1.0,0.999455451965332,500
cka_feddst,cifar10,0.8,7,results/logs/cka_strength_sweep/cifar10_drift_all/strength_1p0/seed_7/splits/cifar10_split_seed7_clients5_alpha0p3_ref500.json,1.0,drift,14,conv1,3,4,0.9999306201934814,0.999455451965332,500
cka_feddst,cifar10,0.8,7,results/logs/cka_strength_sweep/cifar10_drift_all/strength_1p0/seed_7/splits/cifar10_split_seed7_clients5_alpha0p3_ref500.json,1.0,drift,14,conv1,4,0,0.9992812871932983,0.999455451965332,500
cka_feddst,cifar10,0.8,7,results/logs/cka_strength_sweep/cifar10_drift_all/strength_1p0/seed_7/splits/cifar10_split_seed7_clients5_alpha0p3_ref500.json,1.0,drift,14,conv1,4,1,0.9999129772186279,0.999455451965332,500
cka_feddst,cifar10,0.8,7,results/logs/cka_strength_sweep/cifar10_drift_all/strength_1p0/seed_7/splits/cifar10_split_seed7_clients5_alpha0p3_ref500.json,1.0,drift,14,conv1,4,2,0.9996552467346191,0.999455451965332,500
cka_feddst,cifar10,0.8,7,results/logs/cka_strength_sweep/cifar10_drift_all/strength_1p0/seed_7/splits/cifar10_split_seed7_clients5_alpha0p3_ref500.json,1.0,drift,14,conv1,4,3,0.9999306201934814,0.999455451965332,500
cka_feddst,cifar10,0.8,7,results/logs/cka_strength_sweep/cifar10_drift_all/strength_1p0/seed_7/splits/cifar10_split_seed7_clients5_alpha0p3_ref500.json,1.0,drift,14,conv1,4,4,1.0,0.999455451965332,500
cka_feddst,cifar10,0.8,7,results/logs/cka_strength_sweep/cifar10_drift_all/strength_1p0/seed_7/splits/cifar10_split_seed7_clients5_alpha0p3_ref500.json,1.0,drift,14,conv2,0,0,1.0,0.9978069067001343,500
cka_feddst,cifar10,0.8,7,results/logs/cka_strength_sweep/cifar10_drift_all/strength_1p0/seed_7/splits/cifar10_split_seed7_clients5_alpha0p3_ref500.json,1.0,drift,14,conv2,0,1,0.999283492565155,0.9978069067001343,500
cka_feddst,cifar10,0.8,7,results/logs/cka_strength_sweep/cifar10_drift_all/strength_1p0/seed_7/splits/cifar10_split_seed7_clients5_alpha0p3_ref500.json,1.0,drift,14,conv2,0,2,0.9924166202545166,0.9978069067001343,500
cka_feddst,cifar10,0.8,7,results/logs/cka_strength_sweep/cifar10_drift_all/strength_1p0/seed_7/splits/cifar10_split_seed7_clients5_alpha0p3_ref500.json,1.0,drift,14,conv2,0,3,0.9992699027061462,0.9978069067001343,500
cka_feddst,cifar10,0.8,7,results/logs/cka_strength_sweep/cifar10_drift_all/strength_1p0/seed_7/splits/cifar10_split_seed7_clients5_alpha0p3_ref500.json,1.0,drift,14,conv2,0,4,0.9979686141014099,0.9978069067001343,500
cka_feddst,cifar10,0.8,7,results/logs/cka_strength_sweep/cifar10_drift_all/strength_1p0/seed_7/splits/cifar10_split_seed7_clients5_alpha0p3_ref500.json,1.0,drift,14,conv2,1,0,0.999283492565155,0.9978069067001343,500
cka_feddst,cifar10,0.8,7,results/logs/cka_strength_sweep/cifar10_drift_all/strength_1p0/seed_7/splits/cifar10_split_seed7_clients5_alpha0p3_ref500.json,1.0,drift,14,conv2,1,1,1.0,0.9978069067001343,500
cka_feddst,cifar10,0.8,7,results/logs/cka_strength_sweep/cifar10_drift_all/strength_1p0/seed_7/splits/cifar10_split_seed7_clients5_alpha0p3_ref500.json,1.0,drift,14,conv2,1,2,0.9959889650344849,0.9978069067001343,500
cka_feddst,cifar10,0.8,7,results/logs/cka_strength_sweep/cifar10_drift_all/strength_1p0/seed_7/splits/cifar10_split_seed7_clients5_alpha0p3_ref500.json,1.0,drift,14,conv2,1,3,0.9999717473983765,0.9978069067001343,500
cka_feddst,cifar10,0.8,7,results/logs/cka_strength_sweep/cifar10_drift_all/strength_1p0/seed_7/splits/cifar10_split_seed7_clients5_alpha0p3_ref500.json,1.0,drift,14,conv2,1,4,0.9996040463447571,0.9978069067001343,500
cka_feddst,cifar10,0.8,7,results/logs/cka_strength_sweep/cifar10_drift_all/strength_1p0/seed_7/splits/cifar10_split_seed7_clients5_alpha0p3_ref500.json,1.0,drift,14,conv2,2,0,0.9924166202545166,0.9978069067001343,500
cka_feddst,cifar10,0.8,7,results/logs/cka_strength_sweep/cifar10_drift_all/strength_1p0/seed_7/splits/cifar10_split_seed7_clients5_alpha0p3_ref500.json,1.0,drift,14,conv2,2,1,0.9959889650344849,0.9978069067001343,500
cka_feddst,cifar10,0.8,7,results/logs/cka_strength_sweep/cifar10_drift_all/strength_1p0/seed_7/splits/cifar10_split_seed7_clients5_alpha0p3_ref500.json,1.0,drift,14,conv2,2,2,1.0,0.9978069067001343,500
cka_feddst,cifar10,0.8,7,results/logs/cka_strength_sweep/cifar10_drift_all/strength_1p0/seed_7/splits/cifar10_split_seed7_clients5_alpha0p3_ref500.json,1.0,drift,14,conv2,2,3,0.9959262609481812,0.9978069067001343,500
cka_feddst,cifar10,0.8,7,results/logs/cka_strength_sweep/cifar10_drift_all/strength_1p0/seed_7/splits/cifar10_split_seed7_clients5_alpha0p3_ref500.json,1.0,drift,14,conv2,2,4,0.9980322122573853,0.9978069067001343,500
cka_feddst,cifar10,0.8,7,results/logs/cka_strength_sweep/cifar10_drift_all/strength_1p0/seed_7/splits/cifar10_split_seed7_clients5_alpha0p3_ref500.json,1.0,drift,14,conv2,3,0,0.9992699027061462,0.9978069067001343,500
cka_feddst,cifar10,0.8,7,results/logs/cka_strength_sweep/cifar10_drift_all/strength_1p0/seed_7/splits/cifar10_split_seed7_clients5_alpha0p3_ref500.json,1.0,drift,14,conv2,3,1,0.9999717473983765,0.9978069067001343,500
cka_feddst,cifar10,0.8,7,results/logs/cka_strength_sweep/cifar10_drift_all/strength_1p0/seed_7/splits/cifar10_split_seed7_clients5_alpha0p3_ref500.json,1.0,drift,14,conv2,3,2,0.9959262609481812,0.9978069067001343,500
cka_feddst,cifar10,0.8,7,results/logs/cka_strength_sweep/cifar10_drift_all/strength_1p0/seed_7/splits/cifar10_split_seed7_clients5_alpha0p3_ref500.json,1.0,drift,14,conv2,3,3,1.0,0.9978069067001343,500
cka_feddst,cifar10,0.8,7,results/logs/cka_strength_sweep/cifar10_drift_all/strength_1p0/seed_7/splits/cifar10_split_seed7_clients5_alpha0p3_ref500.json,1.0,drift,14,conv2,3,4,0.999607503414154,0.9978069067001343,500
cka_feddst,cifar10,0.8,7,results/logs/cka_strength_sweep/cifar10_drift_all/strength_1p0/seed_7/splits/cifar10_split_seed7_clients5_alpha0p3_ref500.json,1.0,drift,14,conv2,4,0,0.9979686141014099,0.9978069067001343,500
cka_feddst,cifar10,0.8,7,results/logs/cka_strength_sweep/cifar10_drift_all/strength_1p0/seed_7/splits/cifar10_split_seed7_clients5_alpha0p3_ref500.json,1.0,drift,14,conv2,4,1,0.9996040463447571,0.9978069067001343,500
cka_feddst,cifar10,0.8,7,results/logs/cka_strength_sweep/cifar10_drift_all/strength_1p0/seed_7/splits/cifar10_split_seed7_clients5_alpha0p3_ref500.json,1.0,drift,14,conv2,4,2,0.9980322122573853,0.9978069067001343,500
cka_feddst,cifar10,0.8,7,results/logs/cka_strength_sweep/cifar10_drift_all/strength_1p0/seed_7/splits/cifar10_split_seed7_clients5_alpha0p3_ref500.json,1.0,drift,14,conv2,4,3,0.999607503414154,0.9978069067001343,500
cka_feddst,cifar10,0.8,7,results/logs/cka_strength_sweep/cifar10_drift_all/strength_1p0/seed_7/splits/cifar10_split_seed7_clients5_alpha0p3_ref500.json,1.0,drift,14,conv2,4,4,1.0,0.9978069067001343,500
cka_feddst,cifar10,0.8,7,results/logs/cka_strength_sweep/cifar10_drift_all/strength_1p0/seed_7/splits/cifar10_split_seed7_clients5_alpha0p3_ref500.json,1.0,drift,14,conv3,0,0,1.0,0.9976143836975098,500
cka_feddst,cifar10,0.8,7,results/logs/cka_strength_sweep/cifar10_drift_all/strength_1p0/seed_7/splits/cifar10_split_seed7_clients5_alpha0p3_ref500.json,1.0,drift,14,conv3,0,1,0.9992454051971436,0.9976143836975098,500
cka_feddst,cifar10,0.8,7,results/logs/cka_strength_sweep/cifar10_drift_all/strength_1p0/seed_7/splits/cifar10_split_seed7_clients5_alpha0p3_ref500.json,1.0,drift,14,conv3,0,2,0.9918985366821289,0.9976143836975098,500
cka_feddst,cifar10,0.8,7,results/logs/cka_strength_sweep/cifar10_drift_all/strength_1p0/seed_7/splits/cifar10_split_seed7_clients5_alpha0p3_ref500.json,1.0,drift,14,conv3,0,3,0.9992202520370483,0.9976143836975098,500
cka_feddst,cifar10,0.8,7,results/logs/cka_strength_sweep/cifar10_drift_all/strength_1p0/seed_7/splits/cifar10_split_seed7_clients5_alpha0p3_ref500.json,1.0,drift,14,conv3,0,4,0.9976520538330078,0.9976143836975098,500
cka_feddst,cifar10,0.8,7,results/logs/cka_strength_sweep/cifar10_drift_all/strength_1p0/seed_7/splits/cifar10_split_seed7_clients5_alpha0p3_ref500.json,1.0,drift,14,conv3,1,0,0.9992454051971436,0.9976143836975098,500
cka_feddst,cifar10,0.8,7,results/logs/cka_strength_sweep/cifar10_drift_all/strength_1p0/seed_7/splits/cifar10_split_seed7_clients5_alpha0p3_ref500.json,1.0,drift,14,conv3,1,1,1.0,0.9976143836975098,500
cka_feddst,cifar10,0.8,7,results/logs/cka_strength_sweep/cifar10_drift_all/strength_1p0/seed_7/splits/cifar10_split_seed7_clients5_alpha0p3_ref500.json,1.0,drift,14,conv3,1,2,0.9956997632980347,0.9976143836975098,500
cka_feddst,cifar10,0.8,7,results/logs/cka_strength_sweep/cifar10_drift_all/strength_1p0/seed_7/splits/cifar10_split_seed7_clients5_alpha0p3_ref500.json,1.0,drift,14,conv3,1,3,0.999963641166687,0.9976143836975098,500
cka_feddst,cifar10,0.8,7,results/logs/cka_strength_sweep/cifar10_drift_all/strength_1p0/seed_7/splits/cifar10_split_seed7_clients5_alpha0p3_ref500.json,1.0,drift,14,conv3,1,4,0.9994478225708008,0.9976143836975098,500
cka_feddst,cifar10,0.8,7,results/logs/cka_strength_sweep/cifar10_drift_all/strength_1p0/seed_7/splits/cifar10_split_seed7_clients5_alpha0p3_ref500.json,1.0,drift,14,conv3,2,0,0.9918985366821289,0.9976143836975098,500
cka_feddst,cifar10,0.8,7,results/logs/cka_strength_sweep/cifar10_drift_all/strength_1p0/seed_7/splits/cifar10_split_seed7_clients5_alpha0p3_ref500.json,1.0,drift,14,conv3,2,1,0.9956997632980347,0.9976143836975098,500
cka_feddst,cifar10,0.8,7,results/logs/cka_strength_sweep/cifar10_drift_all/strength_1p0/seed_7/splits/cifar10_split_seed7_clients5_alpha0p3_ref500.json,1.0,drift,14,conv3,2,2,1.0,0.9976143836975098,500
cka_feddst,cifar10,0.8,7,results/logs/cka_strength_sweep/cifar10_drift_all/strength_1p0/seed_7/splits/cifar10_split_seed7_clients5_alpha0p3_ref500.json,1.0,drift,14,conv3,2,3,0.995634913444519,0.9976143836975098,500
cka_feddst,cifar10,0.8,7,results/logs/cka_strength_sweep/cifar10_drift_all/strength_1p0/seed_7/splits/cifar10_split_seed7_clients5_alpha0p3_ref500.json,1.0,drift,14,conv3,2,4,0.9978842735290527,0.9976143836975098,500
cka_feddst,cifar10,0.8,7,results/logs/cka_strength_sweep/cifar10_drift_all/strength_1p0/seed_7/splits/cifar10_split_seed7_clients5_alpha0p3_ref500.json,1.0,drift,14,conv3,3,0,0.9992202520370483,0.9976143836975098,500
cka_feddst,cifar10,0.8,7,results/logs/cka_strength_sweep/cifar10_drift_all/strength_1p0/seed_7/splits/cifar10_split_seed7_clients5_alpha0p3_ref500.json,1.0,drift,14,conv3,3,1,0.999963641166687,0.9976143836975098,500
cka_feddst,cifar10,0.8,7,results/logs/cka_strength_sweep/cifar10_drift_all/strength_1p0/seed_7/splits/cifar10_split_seed7_clients5_alpha0p3_ref500.json,1.0,drift,14,conv3,3,2,0.995634913444519,0.9976143836975098,500
cka_feddst,cifar10,0.8,7,results/logs/cka_strength_sweep/cifar10_drift_all/strength_1p0/seed_7/splits/cifar10_split_seed7_clients5_alpha0p3_ref500.json,1.0,drift,14,conv3,3,3,1.0,0.9976143836975098,500
cka_feddst,cifar10,0.8,7,results/logs/cka_strength_sweep/cifar10_drift_all/strength_1p0/seed_7/splits/cifar10_split_seed7_clients5_alpha0p3_ref500.json,1.0,drift,14,conv3,3,4,0.9994973540306091,0.9976143836975098,500
cka_feddst,cifar10,0.8,7,results/logs/cka_strength_sweep/cifar10_drift_all/strength_1p0/seed_7/splits/cifar10_split_seed7_clients5_alpha0p3_ref500.json,1.0,drift,14,conv3,4,0,0.9976520538330078,0.9976143836975098,500
cka_feddst,cifar10,0.8,7,results/logs/cka_strength_sweep/cifar10_drift_all/strength_1p0/seed_7/splits/cifar10_split_seed7_clients5_alpha0p3_ref500.json,1.0,drift,14,conv3,4,1,0.9994478225708008,0.9976143836975098,500
cka_feddst,cifar10,0.8,7,results/logs/cka_strength_sweep/cifar10_drift_all/strength_1p0/seed_7/splits/cifar10_split_seed7_clients5_alpha0p3_ref500.json,1.0,drift,14,conv3,4,2,0.9978842735290527,0.9976143836975098,500
cka_feddst,cifar10,0.8,7,results/logs/cka_strength_sweep/cifar10_drift_all/strength_1p0/seed_7/splits/cifar10_split_seed7_clients5_alpha0p3_ref500.json,1.0,drift,14,conv3,4,3,0.9994973540306091,0.9976143836975098,500
cka_feddst,cifar10,0.8,7,results/logs/cka_strength_sweep/cifar10_drift_all/strength_1p0/seed_7/splits/cifar10_split_seed7_clients5_alpha0p3_ref500.json,1.0,drift,14,conv3,4,4,1.0,0.9976143836975098,500
cka_feddst,cifar10,0.8,7,results/logs/cka_strength_sweep/cifar10_drift_all/strength_1p0/seed_7/splits/cifar10_split_seed7_clients5_alpha0p3_ref500.json,1.0,drift,14,fc1,0,0,1.0,0.9728415608406067,500
cka_feddst,cifar10,0.8,7,results/logs/cka_strength_sweep/cifar10_drift_all/strength_1p0/seed_7/splits/cifar10_split_seed7_clients5_alpha0p3_ref500.json,1.0,drift,14,fc1,0,1,0.9622489213943481,0.9728415608406067,500
cka_feddst,cifar10,0.8,7,results/logs/cka_strength_sweep/cifar10_drift_all/strength_1p0/seed_7/splits/cifar10_split_seed7_clients5_alpha0p3_ref500.json,1.0,drift,14,fc1,0,2,0.9726032614707947,0.9728415608406067,500
cka_feddst,cifar10,0.8,7,results/logs/cka_strength_sweep/cifar10_drift_all/strength_1p0/seed_7/splits/cifar10_split_seed7_clients5_alpha0p3_ref500.json,1.0,drift,14,fc1,0,3,0.9716930389404297,0.9728415608406067,500
cka_feddst,cifar10,0.8,7,results/logs/cka_strength_sweep/cifar10_drift_all/strength_1p0/seed_7/splits/cifar10_split_seed7_clients5_alpha0p3_ref500.json,1.0,drift,14,fc1,0,4,0.9357608556747437,0.9728415608406067,500
cka_feddst,cifar10,0.8,7,results/logs/cka_strength_sweep/cifar10_drift_all/strength_1p0/seed_7/splits/cifar10_split_seed7_clients5_alpha0p3_ref500.json,1.0,drift,14,fc1,1,0,0.9622489213943481,0.9728415608406067,500
cka_feddst,cifar10,0.8,7,results/logs/cka_strength_sweep/cifar10_drift_all/strength_1p0/seed_7/splits/cifar10_split_seed7_clients5_alpha0p3_ref500.json,1.0,drift,14,fc1,1,1,1.0,0.9728415608406067,500
cka_feddst,cifar10,0.8,7,results/logs/cka_strength_sweep/cifar10_drift_all/strength_1p0/seed_7/splits/cifar10_split_seed7_clients5_alpha0p3_ref500.json,1.0,drift,14,fc1,1,2,0.979356050491333,0.9728415608406067,500
cka_feddst,cifar10,0.8,7,results/logs/cka_strength_sweep/cifar10_drift_all/strength_1p0/seed_7/splits/cifar10_split_seed7_clients5_alpha0p3_ref500.json,1.0,drift,14,fc1,1,3,0.9932013750076294,0.9728415608406067,500
cka_feddst,cifar10,0.8,7,results/logs/cka_strength_sweep/cifar10_drift_all/strength_1p0/seed_7/splits/cifar10_split_seed7_clients5_alpha0p3_ref500.json,1.0,drift,14,fc1,1,4,0.9899681210517883,0.9728415608406067,500
cka_feddst,cifar10,0.8,7,results/logs/cka_strength_sweep/cifar10_drift_all/strength_1p0/seed_7/splits/cifar10_split_seed7_clients5_alpha0p3_ref500.json,1.0,drift,14,fc1,2,0,0.9726032614707947,0.9728415608406067,500
cka_feddst,cifar10,0.8,7,results/logs/cka_strength_sweep/cifar10_drift_all/strength_1p0/seed_7/splits/cifar10_split_seed7_clients5_alpha0p3_ref500.json,1.0,drift,14,fc1,2,1,0.979356050491333,0.9728415608406067,500
cka_feddst,cifar10,0.8,7,results/logs/cka_strength_sweep/cifar10_drift_all/strength_1p0/seed_7/splits/cifar10_split_seed7_clients5_alpha0p3_ref500.json,1.0,drift,14,fc1,2,2,1.0,0.9728415608406067,500
cka_feddst,cifar10,0.8,7,results/logs/cka_strength_sweep/cifar10_drift_all/strength_1p0/seed_7/splits/cifar10_split_seed7_clients5_alpha0p3_ref500.json,1.0,drift,14,fc1,2,3,0.9796074032783508,0.9728415608406067,500
cka_feddst,cifar10,0.8,7,results/logs/cka_strength_sweep/cifar10_drift_all/strength_1p0/seed_7/splits/cifar10_split_seed7_clients5_alpha0p3_ref500.json,1.0,drift,14,fc1,2,4,0.9702061414718628,0.9728415608406067,500
cka_feddst,cifar10,0.8,7,results/logs/cka_strength_sweep/cifar10_drift_all/strength_1p0/seed_7/splits/cifar10_split_seed7_clients5_alpha0p3_ref500.json,1.0,drift,14,fc1,3,0,0.9716930389404297,0.9728415608406067,500
cka_feddst,cifar10,0.8,7,results/logs/cka_strength_sweep/cifar10_drift_all/strength_1p0/seed_7/splits/cifar10_split_seed7_clients5_alpha0p3_ref500.json,1.0,drift,14,fc1,3,1,0.9932013750076294,0.9728415608406067,500
cka_feddst,cifar10,0.8,7,results/logs/cka_strength_sweep/cifar10_drift_all/strength_1p0/seed_7/splits/cifar10_split_seed7_clients5_alpha0p3_ref500.json,1.0,drift,14,fc1,3,2,0.9796074032783508,0.9728415608406067,500
cka_feddst,cifar10,0.8,7,results/logs/cka_strength_sweep/cifar10_drift_all/strength_1p0/seed_7/splits/cifar10_split_seed7_clients5_alpha0p3_ref500.json,1.0,drift,14,fc1,3,3,1.0,0.9728415608406067,500
cka_feddst,cifar10,0.8,7,results/logs/cka_strength_sweep/cifar10_drift_all/strength_1p0/seed_7/splits/cifar10_split_seed7_clients5_alpha0p3_ref500.json,1.0,drift,14,fc1,3,4,0.9737696051597595,0.9728415608406067,500
cka_feddst,cifar10,0.8,7,results/logs/cka_strength_sweep/cifar10_drift_all/strength_1p0/seed_7/splits/cifar10_split_seed7_clients5_alpha0p3_ref500.json,1.0,drift,14,fc1,4,0,0.9357608556747437,0.9728415608406067,500
cka_feddst,cifar10,0.8,7,results/logs/cka_strength_sweep/cifar10_drift_all/strength_1p0/seed_7/splits/cifar10_split_seed7_clients5_alpha0p3_ref500.json,1.0,drift,14,fc1,4,1,0.9899681210517883,0.9728415608406067,500
cka_feddst,cifar10,0.8,7,results/logs/cka_strength_sweep/cifar10_drift_all/strength_1p0/seed_7/splits/cifar10_split_seed7_clients5_alpha0p3_ref500.json,1.0,drift,14,fc1,4,2,0.9702061414718628,0.9728415608406067,500
cka_feddst,cifar10,0.8,7,results/logs/cka_strength_sweep/cifar10_drift_all/strength_1p0/seed_7/splits/cifar10_split_seed7_clients5_alpha0p3_ref500.json,1.0,drift,14,fc1,4,3,0.9737696051597595,0.9728415608406067,500
cka_feddst,cifar10,0.8,7,results/logs/cka_strength_sweep/cifar10_drift_all/strength_1p0/seed_7/splits/cifar10_split_seed7_clients5_alpha0p3_ref500.json,1.0,drift,14,fc1,4,4,1.0,0.9728415608406067,500
cka_feddst,cifar10,0.8,7,results/logs/cka_strength_sweep/cifar10_drift_all/strength_1p0/seed_7/splits/cifar10_split_seed7_clients5_alpha0p3_ref500.json,1.0,drift,16,conv1,0,0,1.0,0.9994750022888184,500
cka_feddst,cifar10,0.8,7,results/logs/cka_strength_sweep/cifar10_drift_all/strength_1p0/seed_7/splits/cifar10_split_seed7_clients5_alpha0p3_ref500.json,1.0,drift,16,conv1,0,1,0.9996686577796936,0.9994750022888184,500
cka_feddst,cifar10,0.8,7,results/logs/cka_strength_sweep/cifar10_drift_all/strength_1p0/seed_7/splits/cifar10_split_seed7_clients5_alpha0p3_ref500.json,1.0,drift,16,conv1,0,2,0.9980204701423645,0.9994750022888184,500
cka_feddst,cifar10,0.8,7,results/logs/cka_strength_sweep/cifar10_drift_all/strength_1p0/seed_7/splits/cifar10_split_seed7_clients5_alpha0p3_ref500.json,1.0,drift,16,conv1,0,3,0.9997804760932922,0.9994750022888184,500
cka_feddst,cifar10,0.8,7,results/logs/cka_strength_sweep/cifar10_drift_all/strength_1p0/seed_7/splits/cifar10_split_seed7_clients5_alpha0p3_ref500.json,1.0,drift,16,conv1,0,4,0.9994616508483887,0.9994750022888184,500
cka_feddst,cifar10,0.8,7,results/logs/cka_strength_sweep/cifar10_drift_all/strength_1p0/seed_7/splits/cifar10_split_seed7_clients5_alpha0p3_ref500.json,1.0,drift,16,conv1,1,0,0.9996686577796936,0.9994750022888184,500
cka_feddst,cifar10,0.8,7,results/logs/cka_strength_sweep/cifar10_drift_all/strength_1p0/seed_7/splits/cifar10_split_seed7_clients5_alpha0p3_ref500.json,1.0,drift,16,conv1,1,1,1.0,0.9994750022888184,500
cka_feddst,cifar10,0.8,7,results/logs/cka_strength_sweep/cifar10_drift_all/strength_1p0/seed_7/splits/cifar10_split_seed7_clients5_alpha0p3_ref500.json,1.0,drift,16,conv1,1,2,0.9992735981941223,0.9994750022888184,500
cka_feddst,cifar10,0.8,7,results/logs/cka_strength_sweep/cifar10_drift_all/strength_1p0/seed_7/splits/cifar10_split_seed7_clients5_alpha0p3_ref500.json,1.0,drift,16,conv1,1,3,0.9999786615371704,0.9994750022888184,500
cka_feddst,cifar10,0.8,7,results/logs/cka_strength_sweep/cifar10_drift_all/strength_1p0/seed_7/splits/cifar10_split_seed7_clients5_alpha0p3_ref500.json,1.0,drift,16,conv1,1,4,0.9999657869338989,0.9994750022888184,500
cka_feddst,cifar10,0.8,7,results/logs/cka_strength_sweep/cifar10_drift_all/strength_1p0/seed_7/splits/cifar10_split_seed7_clients5_alpha0p3_ref500.json,1.0,drift,16,conv1,2,0,0.9980204701423645,0.9994750022888184,500
cka_feddst,cifar10,0.8,7,results/logs/cka_strength_sweep/cifar10_drift_all/strength_1p0/seed_7/splits/cifar10_split_seed7_clients5_alpha0p3_ref500.json,1.0,drift,16,conv1,2,1,0.9992735981941223,0.9994750022888184,500
cka_feddst,cifar10,0.8,7,results/logs/cka_strength_sweep/cifar10_drift_all/strength_1p0/seed_7/splits/cifar10_split_seed7_clients5_alpha0p3_ref500.json,1.0,drift,16,conv1,2,2,1.0,0.9994750022888184,500
cka_feddst,cifar10,0.8,7,results/logs/cka_strength_sweep/cifar10_drift_all/strength_1p0/seed_7/splits/cifar10_split_seed7_clients5_alpha0p3_ref500.json,1.0,drift,16,conv1,2,3,0.9991199970245361,0.9994750022888184,500
cka_feddst,cifar10,0.8,7,results/logs/cka_strength_sweep/cifar10_drift_all/strength_1p0/seed_7/splits/cifar10_split_seed7_clients5_alpha0p3_ref500.json,1.0,drift,16,conv1,2,4,0.9995490908622742,0.9994750022888184,500
cka_feddst,cifar10,0.8,7,results/logs/cka_strength_sweep/cifar10_drift_all/strength_1p0/seed_7/splits/cifar10_split_seed7_clients5_alpha0p3_ref500.json,1.0,drift,16,conv1,3,0,0.9997804760932922,0.9994750022888184,500
cka_feddst,cifar10,0.8,7,results/logs/cka_strength_sweep/cifar10_drift_all/strength_1p0/seed_7/splits/cifar10_split_seed7_clients5_alpha0p3_ref500.json,1.0,drift,16,conv1,3,1,0.9999786615371704,0.9994750022888184,500
cka_feddst,cifar10,0.8,7,results/logs/cka_strength_sweep/cifar10_drift_all/strength_1p0/seed_7/splits/cifar10_split_seed7_clients5_alpha0p3_ref500.json,1.0,drift,16,conv1,3,2,0.9991199970245361,0.9994750022888184,500
cka_feddst,cifar10,0.8,7,results/logs/cka_strength_sweep/cifar10_drift_all/strength_1p0/seed_7/splits/cifar10_split_seed7_clients5_alpha0p3_ref500.json,1.0,drift,16,conv1,3,3,1.0,0.9994750022888184,500
cka_feddst,cifar10,0.8,7,results/logs/cka_strength_sweep/cifar10_drift_all/strength_1p0/seed_7/splits/cifar10_split_seed7_clients5_alpha0p3_ref500.json,1.0,drift,16,conv1,3,4,0.9999315738677979,0.9994750022888184,500
cka_feddst,cifar10,0.8,7,results/logs/cka_strength_sweep/cifar10_drift_all/strength_1p0/seed_7/splits/cifar10_split_seed7_clients5_alpha0p3_ref500.json,1.0,drift,16,conv1,4,0,0.9994616508483887,0.9994750022888184,500
cka_feddst,cifar10,0.8,7,results/logs/cka_strength_sweep/cifar10_drift_all/strength_1p0/seed_7/splits/cifar10_split_seed7_clients5_alpha0p3_ref500.json,1.0,drift,16,conv1,4,1,0.9999657869338989,0.9994750022888184,500
cka_feddst,cifar10,0.8,7,results/logs/cka_strength_sweep/cifar10_drift_all/strength_1p0/seed_7/splits/cifar10_split_seed7_clients5_alpha0p3_ref500.json,1.0,drift,16,conv1,4,2,0.9995490908622742,0.9994750022888184,500
cka_feddst,cifar10,0.8,7,results/logs/cka_strength_sweep/cifar10_drift_all/strength_1p0/seed_7/splits/cifar10_split_seed7_clients5_alpha0p3_ref500.json,1.0,drift,16,conv1,4,3,0.9999315738677979,0.9994750022888184,500
cka_feddst,cifar10,0.8,7,results/logs/cka_strength_sweep/cifar10_drift_all/strength_1p0/seed_7/splits/cifar10_split_seed7_clients5_alpha0p3_ref500.json,1.0,drift,16,conv1,4,4,1.0,0.9994750022888184,500
cka_feddst,cifar10,0.8,7,results/logs/cka_strength_sweep/cifar10_drift_all/strength_1p0/seed_7/splits/cifar10_split_seed7_clients5_alpha0p3_ref500.json,1.0,drift,16,conv2,0,0,1.0,0.9972140192985535,500
cka_feddst,cifar10,0.8,7,results/logs/cka_strength_sweep/cifar10_drift_all/strength_1p0/seed_7/splits/cifar10_split_seed7_clients5_alpha0p3_ref500.json,1.0,drift,16,conv2,0,1,0.999092698097229,0.9972140192985535,500
cka_feddst,cifar10,0.8,7,results/logs/cka_strength_sweep/cifar10_drift_all/strength_1p0/seed_7/splits/cifar10_split_seed7_clients5_alpha0p3_ref500.json,1.0,drift,16,conv2,0,2,0.9904193878173828,0.9972140192985535,500
cka_feddst,cifar10,0.8,7,results/logs/cka_strength_sweep/cifar10_drift_all/strength_1p0/seed_7/splits/cifar10_split_seed7_clients5_alpha0p3_ref500.json,1.0,drift,16,conv2,0,3,0.999138593673706,0.9972140192985535,500
cka_feddst,cifar10,0.8,7,results/logs/cka_strength_sweep/cifar10_drift_all/strength_1p0/seed_7/splits/cifar10_split_seed7_clients5_alpha0p3_ref500.json,1.0,drift,16,conv2,0,4,0.9975370764732361,0.9972140192985535,500
cka_feddst,cifar10,0.8,7,results/logs/cka_strength_sweep/cifar10_drift_all/strength_1p0/seed_7/splits/cifar10_split_seed7_clients5_alpha0p3_ref500.json,1.0,drift,16,conv2,1,0,0.999092698097229,0.9972140192985535,500
cka_feddst,cifar10,0.8,7,results/logs/cka_strength_sweep/cifar10_drift_all/strength_1p0/seed_7/splits/cifar10_split_seed7_clients5_alpha0p3_ref500.json,1.0,drift,16,conv2,1,1,1.0,0.9972140192985535,500
cka_feddst,cifar10,0.8,7,results/logs/cka_strength_sweep/cifar10_drift_all/strength_1p0/seed_7/splits/cifar10_split_seed7_clients5_alpha0p3_ref500.json,1.0,drift,16,conv2,1,2,0.9945664405822754,0.9972140192985535,500
cka_feddst,cifar10,0.8,7,results/logs/cka_strength_sweep/cifar10_drift_all/strength_1p0/seed_7/splits/cifar10_split_seed7_clients5_alpha0p3_ref500.json,1.0,drift,16,conv2,1,3,0.9998546838760376,0.9972140192985535,500
cka_feddst,cifar10,0.8,7,results/logs/cka_strength_sweep/cifar10_drift_all/strength_1p0/seed_7/splits/cifar10_split_seed7_clients5_alpha0p3_ref500.json,1.0,drift,16,conv2,1,4,0.9993419051170349,0.9972140192985535,500
cka_feddst,cifar10,0.8,7,results/logs/cka_strength_sweep/cifar10_drift_all/strength_1p0/seed_7/splits/cifar10_split_seed7_clients5_alpha0p3_ref500.json,1.0,drift,16,conv2,2,0,0.9904193878173828,0.9972140192985535,500
cka_feddst,cifar10,0.8,7,results/logs/cka_strength_sweep/cifar10_drift_all/strength_1p0/seed_7/splits/cifar10_split_seed7_clients5_alpha0p3_ref500.json,1.0,drift,16,conv2,2,1,0.9945664405822754,0.9972140192985535,500
cka_feddst,cifar10,0.8,7,results/logs/cka_strength_sweep/cifar10_drift_all/strength_1p0/seed_7/splits/cifar10_split_seed7_clients5_alpha0p3_ref500.json,1.0,drift,16,conv2,2,2,1.0,0.9972140192985535,500
cka_feddst,cifar10,0.8,7,results/logs/cka_strength_sweep/cifar10_drift_all/strength_1p0/seed_7/splits/cifar10_split_seed7_clients5_alpha0p3_ref500.json,1.0,drift,16,conv2,2,3,0.9950854182243347,0.9972140192985535,500
cka_feddst,cifar10,0.8,7,results/logs/cka_strength_sweep/cifar10_drift_all/strength_1p0/seed_7/splits/cifar10_split_seed7_clients5_alpha0p3_ref500.json,1.0,drift,16,conv2,2,4,0.9975470304489136,0.9972140192985535,500
cka_feddst,cifar10,0.8,7,results/logs/cka_strength_sweep/cifar10_drift_all/strength_1p0/seed_7/splits/cifar10_split_seed7_clients5_alpha0p3_ref500.json,1.0,drift,16,conv2,3,0,0.999138593673706,0.9972140192985535,500
cka_feddst,cifar10,0.8,7,results/logs/cka_strength_sweep/cifar10_drift_all/strength_1p0/seed_7/splits/cifar10_split_seed7_clients5_alpha0p3_ref500.json,1.0,drift,16,conv2,3,1,0.9998546838760376,0.9972140192985535,500
cka_feddst,cifar10,0.8,7,results/logs/cka_strength_sweep/cifar10_drift_all/strength_1p0/seed_7/splits/cifar10_split_seed7_clients5_alpha0p3_ref500.json,1.0,drift,16,conv2,3,2,0.9950854182243347,0.9972140192985535,500
cka_feddst,cifar10,0.8,7,results/logs/cka_strength_sweep/cifar10_drift_all/strength_1p0/seed_7/splits/cifar10_split_seed7_clients5_alpha0p3_ref500.json,1.0,drift,16,conv2,3,3,1.0,0.9972140192985535,500
cka_feddst,cifar10,0.8,7,results/logs/cka_strength_sweep/cifar10_drift_all/strength_1p0/seed_7/splits/cifar10_split_seed7_clients5_alpha0p3_ref500.json,1.0,drift,16,conv2,3,4,0.999556839466095,0.9972140192985535,500
cka_feddst,cifar10,0.8,7,results/logs/cka_strength_sweep/cifar10_drift_all/strength_1p0/seed_7/splits/cifar10_split_seed7_clients5_alpha0p3_ref500.json,1.0,drift,16,conv2,4,0,0.9975370764732361,0.9972140192985535,500
cka_feddst,cifar10,0.8,7,results/logs/cka_strength_sweep/cifar10_drift_all/strength_1p0/seed_7/splits/cifar10_split_seed7_clients5_alpha0p3_ref500.json,1.0,drift,16,conv2,4,1,0.9993419051170349,0.9972140192985535,500
cka_feddst,cifar10,0.8,7,results/logs/cka_strength_sweep/cifar10_drift_all/strength_1p0/seed_7/splits/cifar10_split_seed7_clients5_alpha0p3_ref500.json,1.0,drift,16,conv2,4,2,0.9975470304489136,0.9972140192985535,500
cka_feddst,cifar10,0.8,7,results/logs/cka_strength_sweep/cifar10_drift_all/strength_1p0/seed_7/splits/cifar10_split_seed7_clients5_alpha0p3_ref500.json,1.0,drift,16,conv2,4,3,0.999556839466095,0.9972140192985535,500
cka_feddst,cifar10,0.8,7,results/logs/cka_strength_sweep/cifar10_drift_all/strength_1p0/seed_7/splits/cifar10_split_seed7_clients5_alpha0p3_ref500.json,1.0,drift,16,conv2,4,4,1.0,0.9972140192985535,500
cka_feddst,cifar10,0.8,7,results/logs/cka_strength_sweep/cifar10_drift_all/strength_1p0/seed_7/splits/cifar10_split_seed7_clients5_alpha0p3_ref500.json,1.0,drift,16,conv3,0,0,1.0,0.9969308972358704,500
cka_feddst,cifar10,0.8,7,results/logs/cka_strength_sweep/cifar10_drift_all/strength_1p0/seed_7/splits/cifar10_split_seed7_clients5_alpha0p3_ref500.json,1.0,drift,16,conv3,0,1,0.9990748763084412,0.9969308972358704,500
cka_feddst,cifar10,0.8,7,results/logs/cka_strength_sweep/cifar10_drift_all/strength_1p0/seed_7/splits/cifar10_split_seed7_clients5_alpha0p3_ref500.json,1.0,drift,16,conv3,0,2,0.9896895289421082,0.9969308972358704,500
cka_feddst,cifar10,0.8,7,results/logs/cka_strength_sweep/cifar10_drift_all/strength_1p0/seed_7/splits/cifar10_split_seed7_clients5_alpha0p3_ref500.json,1.0,drift,16,conv3,0,3,0.9990909695625305,0.9969308972358704,500
cka_feddst,cifar10,0.8,7,results/logs/cka_strength_sweep/cifar10_drift_all/strength_1p0/seed_7/splits/cifar10_split_seed7_clients5_alpha0p3_ref500.json,1.0,drift,16,conv3,0,4,0.9972215294837952,0.9969308972358704,500
cka_feddst,cifar10,0.8,7,results/logs/cka_strength_sweep/cifar10_drift_all/strength_1p0/seed_7/splits/cifar10_split_seed7_clients5_alpha0p3_ref500.json,1.0,drift,16,conv3,1,0,0.9990748763084412,0.9969308972358704,500
cka_feddst,cifar10,0.8,7,results/logs/cka_strength_sweep/cifar10_drift_all/strength_1p0/seed_7/splits/cifar10_split_seed7_clients5_alpha0p3_ref500.json,1.0,drift,16,conv3,1,1,1.0,0.9969308972358704,500
cka_feddst,cifar10,0.8,7,results/logs/cka_strength_sweep/cifar10_drift_all/strength_1p0/seed_7/splits/cifar10_split_seed7_clients5_alpha0p3_ref500.json,1.0,drift,16,conv3,1,2,0.9940333962440491,0.9969308972358704,500
cka_feddst,cifar10,0.8,7,results/logs/cka_strength_sweep/cifar10_drift_all/strength_1p0/seed_7/splits/cifar10_split_seed7_clients5_alpha0p3_ref500.json,1.0,drift,16,conv3,1,3,0.999826192855835,0.9969308972358704,500
cka_feddst,cifar10,0.8,7,results/logs/cka_strength_sweep/cifar10_drift_all/strength_1p0/seed_7/splits/cifar10_split_seed7_clients5_alpha0p3_ref500.json,1.0,drift,16,conv3,1,4,0.9990922808647156,0.9969308972358704,500
cka_feddst,cifar10,0.8,7,results/logs/cka_strength_sweep/cifar10_drift_all/strength_1p0/seed_7/splits/cifar10_split_seed7_clients5_alpha0p3_ref500.json,1.0,drift,16,conv3,2,0,0.9896895289421082,0.9969308972358704,500
cka_feddst,cifar10,0.8,7,results/logs/cka_strength_sweep/cifar10_drift_all/strength_1p0/seed_7/splits/cifar10_split_seed7_clients5_alpha0p3_ref500.json,1.0,drift,16,conv3,2,1,0.9940333962440491,0.9969308972358704,500
cka_feddst,cifar10,0.8,7,results/logs/cka_strength_sweep/cifar10_drift_all/strength_1p0/seed_7/splits/cifar10_split_seed7_clients5_alpha0p3_ref500.json,1.0,drift,16,conv3,2,2,1.0,0.9969308972358704,500
cka_feddst,cifar10,0.8,7,results/logs/cka_strength_sweep/cifar10_drift_all/strength_1p0/seed_7/splits/cifar10_split_seed7_clients5_alpha0p3_ref500.json,1.0,drift,16,conv3,2,3,0.9945954084396362,0.9969308972358704,500
cka_feddst,cifar10,0.8,7,results/logs/cka_strength_sweep/cifar10_drift_all/strength_1p0/seed_7/splits/cifar10_split_seed7_clients5_alpha0p3_ref500.json,1.0,drift,16,conv3,2,4,0.997245192527771,0.9969308972358704,500
cka_feddst,cifar10,0.8,7,results/logs/cka_strength_sweep/cifar10_drift_all/strength_1p0/seed_7/splits/cifar10_split_seed7_clients5_alpha0p3_ref500.json,1.0,drift,16,conv3,3,0,0.9990909695625305,0.9969308972358704,500
cka_feddst,cifar10,0.8,7,results/logs/cka_strength_sweep/cifar10_drift_all/strength_1p0/seed_7/splits/cifar10_split_seed7_clients5_alpha0p3_ref500.json,1.0,drift,16,conv3,3,1,0.999826192855835,0.9969308972358704,500
cka_feddst,cifar10,0.8,7,results/logs/cka_strength_sweep/cifar10_drift_all/strength_1p0/seed_7/splits/cifar10_split_seed7_clients5_alpha0p3_ref500.json,1.0,drift,16,conv3,3,2,0.9945954084396362,0.9969308972358704,500
cka_feddst,cifar10,0.8,7,results/logs/cka_strength_sweep/cifar10_drift_all/strength_1p0/seed_7/splits/cifar10_split_seed7_clients5_alpha0p3_ref500.json,1.0,drift,16,conv3,3,3,1.0,0.9969308972358704,500
cka_feddst,cifar10,0.8,7,results/logs/cka_strength_sweep/cifar10_drift_all/strength_1p0/seed_7/splits/cifar10_split_seed7_clients5_alpha0p3_ref500.json,1.0,drift,16,conv3,3,4,0.9994395971298218,0.9969308972358704,500
cka_feddst,cifar10,0.8,7,results/logs/cka_strength_sweep/cifar10_drift_all/strength_1p0/seed_7/splits/cifar10_split_seed7_clients5_alpha0p3_ref500.json,1.0,drift,16,conv3,4,0,0.9972215294837952,0.9969308972358704,500
cka_feddst,cifar10,0.8,7,results/logs/cka_strength_sweep/cifar10_drift_all/strength_1p0/seed_7/splits/cifar10_split_seed7_clients5_alpha0p3_ref500.json,1.0,drift,16,conv3,4,1,0.9990922808647156,0.9969308972358704,500
cka_feddst,cifar10,0.8,7,results/logs/cka_strength_sweep/cifar10_drift_all/strength_1p0/seed_7/splits/cifar10_split_seed7_clients5_alpha0p3_ref500.json,1.0,drift,16,conv3,4,2,0.997245192527771,0.9969308972358704,500
cka_feddst,cifar10,0.8,7,results/logs/cka_strength_sweep/cifar10_drift_all/strength_1p0/seed_7/splits/cifar10_split_seed7_clients5_alpha0p3_ref500.json,1.0,drift,16,conv3,4,3,0.9994395971298218,0.9969308972358704,500
cka_feddst,cifar10,0.8,7,results/logs/cka_strength_sweep/cifar10_drift_all/strength_1p0/seed_7/splits/cifar10_split_seed7_clients5_alpha0p3_ref500.json,1.0,drift,16,conv3,4,4,1.0,0.9969308972358704,500
cka_feddst,cifar10,0.8,7,results/logs/cka_strength_sweep/cifar10_drift_all/strength_1p0/seed_7/splits/cifar10_split_seed7_clients5_alpha0p3_ref500.json,1.0,drift,16,fc1,0,0,1.0,0.9790236353874207,500
cka_feddst,cifar10,0.8,7,results/logs/cka_strength_sweep/cifar10_drift_all/strength_1p0/seed_7/splits/cifar10_split_seed7_clients5_alpha0p3_ref500.json,1.0,drift,16,fc1,0,1,0.9822162985801697,0.9790236353874207,500
cka_feddst,cifar10,0.8,7,results/logs/cka_strength_sweep/cifar10_drift_all/strength_1p0/seed_7/splits/cifar10_split_seed7_clients5_alpha0p3_ref500.json,1.0,drift,16,fc1,0,2,0.9746723175048828,0.9790236353874207,500
cka_feddst,cifar10,0.8,7,results/logs/cka_strength_sweep/cifar10_drift_all/strength_1p0/seed_7/splits/cifar10_split_seed7_clients5_alpha0p3_ref500.json,1.0,drift,16,fc1,0,3,0.9867636561393738,0.9790236353874207,500
cka_feddst,cifar10,0.8,7,results/logs/cka_strength_sweep/cifar10_drift_all/strength_1p0/seed_7/splits/cifar10_split_seed7_clients5_alpha0p3_ref500.json,1.0,drift,16,fc1,0,4,0.9624655842781067,0.9790236353874207,500
cka_feddst,cifar10,0.8,7,results/logs/cka_strength_sweep/cifar10_drift_all/strength_1p0/seed_7/splits/cifar10_split_seed7_clients5_alpha0p3_ref500.json,1.0,drift,16,fc1,1,0,0.9822162985801697,0.9790236353874207,500
cka_feddst,cifar10,0.8,7,results/logs/cka_strength_sweep/cifar10_drift_all/strength_1p0/seed_7/splits/cifar10_split_seed7_clients5_alpha0p3_ref500.json,1.0,drift,16,fc1,1,1,1.0,0.9790236353874207,500
cka_feddst,cifar10,0.8,7,results/logs/cka_strength_sweep/cifar10_drift_all/strength_1p0/seed_7/splits/cifar10_split_seed7_clients5_alpha0p3_ref500.json,1.0,drift,16,fc1,1,2,0.9774406552314758,0.9790236353874207,500
cka_feddst,cifar10,0.8,7,results/logs/cka_strength_sweep/cifar10_drift_all/strength_1p0/seed_7/splits/cifar10_split_seed7_clients5_alpha0p3_ref500.json,1.0,drift,16,fc1,1,3,0.992924690246582,0.9790236353874207,500
cka_feddst,cifar10,0.8,7,results/logs/cka_strength_sweep/cifar10_drift_all/strength_1p0/seed_7/splits/cifar10_split_seed7_clients5_alpha0p3_ref500.json,1.0,drift,16,fc1,1,4,0.9884752035140991,0.9790236353874207,500
cka_feddst,cifar10,0.8,7,results/logs/cka_strength_sweep/cifar10_drift_all/strength_1p0/seed_7/splits/cifar10_split_seed7_clients5_alpha0p3_ref500.json,1.0,drift,16,fc1,2,0,0.9746723175048828,0.9790236353874207,500
cka_feddst,cifar10,0.8,7,results/logs/cka_strength_sweep/cifar10_drift_all/strength_1p0/seed_7/splits/cifar10_split_seed7_clients5_alpha0p3_ref500.json,1.0,drift,16,fc1,2,1,0.9774406552314758,0.9790236353874207,500
cka_feddst,cifar10,0.8,7,results/logs/cka_strength_sweep/cifar10_drift_all/strength_1p0/seed_7/splits/cifar10_split_seed7_clients5_alpha0p3_ref500.json,1.0,drift,16,fc1,2,2,1.0,0.9790236353874207,500
cka_feddst,cifar10,0.8,7,results/logs/cka_strength_sweep/cifar10_drift_all/strength_1p0/seed_7/splits/cifar10_split_seed7_clients5_alpha0p3_ref500.json,1.0,drift,16,fc1,2,3,0.9771624207496643,0.9790236353874207,500
cka_feddst,cifar10,0.8,7,results/logs/cka_strength_sweep/cifar10_drift_all/strength_1p0/seed_7/splits/cifar10_split_seed7_clients5_alpha0p3_ref500.json,1.0,drift,16,fc1,2,4,0.9733064770698547,0.9790236353874207,500
cka_feddst,cifar10,0.8,7,results/logs/cka_strength_sweep/cifar10_drift_all/strength_1p0/seed_7/splits/cifar10_split_seed7_clients5_alpha0p3_ref500.json,1.0,drift,16,fc1,3,0,0.9867636561393738,0.9790236353874207,500
cka_feddst,cifar10,0.8,7,results/logs/cka_strength_sweep/cifar10_drift_all/strength_1p0/seed_7/splits/cifar10_split_seed7_clients5_alpha0p3_ref500.json,1.0,drift,16,fc1,3,1,0.992924690246582,0.9790236353874207,500
cka_feddst,cifar10,0.8,7,results/logs/cka_strength_sweep/cifar10_drift_all/strength_1p0/seed_7/splits/cifar10_split_seed7_clients5_alpha0p3_ref500.json,1.0,drift,16,fc1,3,2,0.9771624207496643,0.9790236353874207,500
cka_feddst,cifar10,0.8,7,results/logs/cka_strength_sweep/cifar10_drift_all/strength_1p0/seed_7/splits/cifar10_split_seed7_clients5_alpha0p3_ref500.json,1.0,drift,16,fc1,3,3,1.0,0.9790236353874207,500
cka_feddst,cifar10,0.8,7,results/logs/cka_strength_sweep/cifar10_drift_all/strength_1p0/seed_7/splits/cifar10_split_seed7_clients5_alpha0p3_ref500.json,1.0,drift,16,fc1,3,4,0.9748088717460632,0.9790236353874207,500
cka_feddst,cifar10,0.8,7,results/logs/cka_strength_sweep/cifar10_drift_all/strength_1p0/seed_7/splits/cifar10_split_seed7_clients5_alpha0p3_ref500.json,1.0,drift,16,fc1,4,0,0.9624655842781067,0.9790236353874207,500
cka_feddst,cifar10,0.8,7,results/logs/cka_strength_sweep/cifar10_drift_all/strength_1p0/seed_7/splits/cifar10_split_seed7_clients5_alpha0p3_ref500.json,1.0,drift,16,fc1,4,1,0.9884752035140991,0.9790236353874207,500
cka_feddst,cifar10,0.8,7,results/logs/cka_strength_sweep/cifar10_drift_all/strength_1p0/seed_7/splits/cifar10_split_seed7_clients5_alpha0p3_ref500.json,1.0,drift,16,fc1,4,2,0.9733064770698547,0.9790236353874207,500
cka_feddst,cifar10,0.8,7,results/logs/cka_strength_sweep/cifar10_drift_all/strength_1p0/seed_7/splits/cifar10_split_seed7_clients5_alpha0p3_ref500.json,1.0,drift,16,fc1,4,3,0.9748088717460632,0.9790236353874207,500
cka_feddst,cifar10,0.8,7,results/logs/cka_strength_sweep/cifar10_drift_all/strength_1p0/seed_7/splits/cifar10_split_seed7_clients5_alpha0p3_ref500.json,1.0,drift,16,fc1,4,4,1.0,0.9790236353874207,500
cka_feddst,cifar10,0.8,7,results/logs/cka_strength_sweep/cifar10_drift_all/strength_1p0/seed_7/splits/cifar10_split_seed7_clients5_alpha0p3_ref500.json,1.0,drift,18,conv1,0,0,1.0,0.9984831809997559,500
cka_feddst,cifar10,0.8,7,results/logs/cka_strength_sweep/cifar10_drift_all/strength_1p0/seed_7/splits/cifar10_split_seed7_clients5_alpha0p3_ref500.json,1.0,drift,18,conv1,0,1,0.9984021186828613,0.9984831809997559,500
cka_feddst,cifar10,0.8,7,results/logs/cka_strength_sweep/cifar10_drift_all/strength_1p0/seed_7/splits/cifar10_split_seed7_clients5_alpha0p3_ref500.json,1.0,drift,18,conv1,0,2,0.9944071173667908,0.9984831809997559,500
cka_feddst,cifar10,0.8,7,results/logs/cka_strength_sweep/cifar10_drift_all/strength_1p0/seed_7/splits/cifar10_split_seed7_clients5_alpha0p3_ref500.json,1.0,drift,18,conv1,0,3,0.9990378022193909,0.9984831809997559,500
cka_feddst,cifar10,0.8,7,results/logs/cka_strength_sweep/cifar10_drift_all/strength_1p0/seed_7/splits/cifar10_split_seed7_clients5_alpha0p3_ref500.json,1.0,drift,18,conv1,0,4,0.9978293180465698,0.9984831809997559,500
cka_feddst,cifar10,0.8,7,results/logs/cka_strength_sweep/cifar10_drift_all/strength_1p0/seed_7/splits/cifar10_split_seed7_clients5_alpha0p3_ref500.json,1.0,drift,18,conv1,1,0,0.9984021186828613,0.9984831809997559,500
cka_feddst,cifar10,0.8,7,results/logs/cka_strength_sweep/cifar10_drift_all/strength_1p0/seed_7/splits/cifar10_split_seed7_clients5_alpha0p3_ref500.json,1.0,drift,18,conv1,1,1,1.0,0.9984831809997559,500
cka_feddst,cifar10,0.8,7,results/logs/cka_strength_sweep/cifar10_drift_all/strength_1p0/seed_7/splits/cifar10_split_seed7_clients5_alpha0p3_ref500.json,1.0,drift,18,conv1,1,2,0.9986387491226196,0.9984831809997559,500
cka_feddst,cifar10,0.8,7,results/logs/cka_strength_sweep/cifar10_drift_all/strength_1p0/seed_7/splits/cifar10_split_seed7_clients5_alpha0p3_ref500.json,1.0,drift,18,conv1,1,3,0.9998520016670227,0.9984831809997559,500
cka_feddst,cifar10,0.8,7,results/logs/cka_strength_sweep/cifar10_drift_all/strength_1p0/seed_7/splits/cifar10_split_seed7_clients5_alpha0p3_ref500.json,1.0,drift,18,conv1,1,4,0.999933123588562,0.9984831809997559,500
cka_feddst,cifar10,0.8,7,results/logs/cka_strength_sweep/cifar10_drift_all/strength_1p0/seed_7/splits/cifar10_split_seed7_clients5_alpha0p3_ref500.json,1.0,drift,18,conv1,2,0,0.9944071173667908,0.9984831809997559,500
cka_feddst,cifar10,0.8,7,results/logs/cka_strength_sweep/cifar10_drift_all/strength_1p0/seed_7/splits/cifar10_split_seed7_clients5_alpha0p3_ref500.json,1.0,drift,18,conv1,2,1,0.9986387491226196,0.9984831809997559,500
cka_feddst,cifar10,0.8,7,results/logs/cka_strength_sweep/cifar10_drift_all/strength_1p0/seed_7/splits/cifar10_split_seed7_clients5_alpha0p3_ref500.json,1.0,drift,18,conv1,2,2,1.0,0.9984831809997559,500
cka_feddst,cifar10,0.8,7,results/logs/cka_strength_sweep/cifar10_drift_all/strength_1p0/seed_7/splits/cifar10_split_seed7_clients5_alpha0p3_ref500.json,1.0,drift,18,conv1,2,3,0.9978861212730408,0.9984831809997559,500
cka_feddst,cifar10,0.8,7,results/logs/cka_strength_sweep/cifar10_drift_all/strength_1p0/seed_7/splits/cifar10_split_seed7_clients5_alpha0p3_ref500.json,1.0,drift,18,conv1,2,4,0.9991297721862793,0.9984831809997559,500
cka_feddst,cifar10,0.8,7,results/logs/cka_strength_sweep/cifar10_drift_all/strength_1p0/seed_7/splits/cifar10_split_seed7_clients5_alpha0p3_ref500.json,1.0,drift,18,conv1,3,0,0.9990378022193909,0.9984831809997559,500
cka_feddst,cifar10,0.8,7,results/logs/cka_strength_sweep/cifar10_drift_all/strength_1p0/seed_7/splits/cifar10_split_seed7_clients5_alpha0p3_ref500.json,1.0,drift,18,conv1,3,1,0.9998520016670227,0.9984831809997559,500
cka_feddst,cifar10,0.8,7,results/logs/cka_strength_sweep/cifar10_drift_all/strength_1p0/seed_7/splits/cifar10_split_seed7_clients5_alpha0p3_ref500.json,1.0,drift,18,conv1,3,2,0.9978861212730408,0.9984831809997559,500
cka_feddst,cifar10,0.8,7,results/logs/cka_strength_sweep/cifar10_drift_all/strength_1p0/seed_7/splits/cifar10_split_seed7_clients5_alpha0p3_ref500.json,1.0,drift,18,conv1,3,3,1.0,0.9984831809997559,500
cka_feddst,cifar10,0.8,7,results/logs/cka_strength_sweep/cifar10_drift_all/strength_1p0/seed_7/splits/cifar10_split_seed7_clients5_alpha0p3_ref500.json,1.0,drift,18,conv1,3,4,0.9997161030769348,0.9984831809997559,500
cka_feddst,cifar10,0.8,7,results/logs/cka_strength_sweep/cifar10_drift_all/strength_1p0/seed_7/splits/cifar10_split_seed7_clients5_alpha0p3_ref500.json,1.0,drift,18,conv1,4,0,0.9978293180465698,0.9984831809997559,500
cka_feddst,cifar10,0.8,7,results/logs/cka_strength_sweep/cifar10_drift_all/strength_1p0/seed_7/splits/cifar10_split_seed7_clients5_alpha0p3_ref500.json,1.0,drift,18,conv1,4,1,0.999933123588562,0.9984831809997559,500
cka_feddst,cifar10,0.8,7,results/logs/cka_strength_sweep/cifar10_drift_all/strength_1p0/seed_7/splits/cifar10_split_seed7_clients5_alpha0p3_ref500.json,1.0,drift,18,conv1,4,2,0.9991297721862793,0.9984831809997559,500
cka_feddst,cifar10,0.8,7,results/logs/cka_strength_sweep/cifar10_drift_all/strength_1p0/seed_7/splits/cifar10_split_seed7_clients5_alpha0p3_ref500.json,1.0,drift,18,conv1,4,3,0.9997161030769348,0.9984831809997559,500
cka_feddst,cifar10,0.8,7,results/logs/cka_strength_sweep/cifar10_drift_all/strength_1p0/seed_7/splits/cifar10_split_seed7_clients5_alpha0p3_ref500.json,1.0,drift,18,conv1,4,4,1.0,0.9984831809997559,500
cka_feddst,cifar10,0.8,7,results/logs/cka_strength_sweep/cifar10_drift_all/strength_1p0/seed_7/splits/cifar10_split_seed7_clients5_alpha0p3_ref500.json,1.0,drift,18,conv2,0,0,1.0,0.9929953813552856,500
cka_feddst,cifar10,0.8,7,results/logs/cka_strength_sweep/cifar10_drift_all/strength_1p0/seed_7/splits/cifar10_split_seed7_clients5_alpha0p3_ref500.json,1.0,drift,18,conv2,0,1,0.9904949069023132,0.9929953813552856,500
cka_feddst,cifar10,0.8,7,results/logs/cka_strength_sweep/cifar10_drift_all/strength_1p0/seed_7/splits/cifar10_split_seed7_clients5_alpha0p3_ref500.json,1.0,drift,18,conv2,0,2,0.9805136919021606,0.9929953813552856,500
cka_feddst,cifar10,0.8,7,results/logs/cka_strength_sweep/cifar10_drift_all/strength_1p0/seed_7/splits/cifar10_split_seed7_clients5_alpha0p3_ref500.json,1.0,drift,18,conv2,0,3,0.992954432964325,0.9929953813552856,500
cka_feddst,cifar10,0.8,7,results/logs/cka_strength_sweep/cifar10_drift_all/strength_1p0/seed_7/splits/cifar10_split_seed7_clients5_alpha0p3_ref500.json,1.0,drift,18,conv2,0,4,0.9890390038490295,0.9929953813552856,500
cka_feddst,cifar10,0.8,7,results/logs/cka_strength_sweep/cifar10_drift_all/strength_1p0/seed_7/splits/cifar10_split_seed7_clients5_alpha0p3_ref500.json,1.0,drift,18,conv2,1,0,0.9904949069023132,0.9929953813552856,500
cka_feddst,cifar10,0.8,7,results/logs/cka_strength_sweep/cifar10_drift_all/strength_1p0/seed_7/splits/cifar10_split_seed7_clients5_alpha0p3_ref500.json,1.0,drift,18,conv2,1,1,1.0,0.9929953813552856,500
cka_feddst,cifar10,0.8,7,results/logs/cka_strength_sweep/cifar10_drift_all/strength_1p0/seed_7/splits/cifar10_split_seed7_clients5_alpha0p3_ref500.json,1.0,drift,18,conv2,1,2,0.9901396632194519,0.9929953813552856,500
cka_feddst,cifar10,0.8,7,results/logs/cka_strength_sweep/cifar10_drift_all/strength_1p0/seed_7/splits/cifar10_split_seed7_clients5_alpha0p3_ref500.json,1.0,drift,18,conv2,1,3,0.9986527562141418,0.9929953813552856,500
cka_feddst,cifar10,0.8,7,results/logs/cka_strength_sweep/cifar10_drift_all/strength_1p0/seed_7/splits/cifar10_split_seed7_clients5_alpha0p3_ref500.json,1.0,drift,18,conv2,1,4,0.9980979561805725,0.9929953813552856,500
cka_feddst,cifar10,0.8,7,results/logs/cka_strength_sweep/cifar10_drift_all/strength_1p0/seed_7/splits/cifar10_split_seed7_clients5_alpha0p3_ref500.json,1.0,drift,18,conv2,2,0,0.9805136919021606,0.9929953813552856,500
cka_feddst,cifar10,0.8,7,results/logs/cka_strength_sweep/cifar10_drift_all/strength_1p0/seed_7/splits/cifar10_split_seed7_clients5_alpha0p3_ref500.json,1.0,drift,18,conv2,2,1,0.9901396632194519,0.9929953813552856,500
cka_feddst,cifar10,0.8,7,results/logs/cka_strength_sweep/cifar10_drift_all/strength_1p0/seed_7/splits/cifar10_split_seed7_clients5_alpha0p3_ref500.json,1.0,drift,18,conv2,2,2,1.0,0.9929953813552856,500
cka_feddst,cifar10,0.8,7,results/logs/cka_strength_sweep/cifar10_drift_all/strength_1p0/seed_7/splits/cifar10_split_seed7_clients5_alpha0p3_ref500.json,1.0,drift,18,conv2,2,3,0.9940641522407532,0.9929953813552856,500
cka_feddst,cifar10,0.8,7,results/logs/cka_strength_sweep/cifar10_drift_all/strength_1p0/seed_7/splits/cifar10_split_seed7_clients5_alpha0p3_ref500.json,1.0,drift,18,conv2,2,4,0.9965973496437073,0.9929953813552856,500
cka_feddst,cifar10,0.8,7,results/logs/cka_strength_sweep/cifar10_drift_all/strength_1p0/seed_7/splits/cifar10_split_seed7_clients5_alpha0p3_ref500.json,1.0,drift,18,conv2,3,0,0.992954432964325,0.9929953813552856,500
cka_feddst,cifar10,0.8,7,results/logs/cka_strength_sweep/cifar10_drift_all/strength_1p0/seed_7/splits/cifar10_split_seed7_clients5_alpha0p3_ref500.json,1.0,drift,18,conv2,3,1,0.9986527562141418,0.9929953813552856,500
cka_feddst,cifar10,0.8,7,results/logs/cka_strength_sweep/cifar10_drift_all/strength_1p0/seed_7/splits/cifar10_split_seed7_clients5_alpha0p3_ref500.json,1.0,drift,18,conv2,3,2,0.9940641522407532,0.9929953813552856,500
cka_feddst,cifar10,0.8,7,results/logs/cka_strength_sweep/cifar10_drift_all/strength_1p0/seed_7/splits/cifar10_split_seed7_clients5_alpha0p3_ref500.json,1.0,drift,18,conv2,3,3,1.0,0.9929953813552856,500
cka_feddst,cifar10,0.8,7,results/logs/cka_strength_sweep/cifar10_drift_all/strength_1p0/seed_7/splits/cifar10_split_seed7_clients5_alpha0p3_ref500.json,1.0,drift,18,conv2,3,4,0.9993995428085327,0.9929953813552856,500
cka_feddst,cifar10,0.8,7,results/logs/cka_strength_sweep/cifar10_drift_all/strength_1p0/seed_7/splits/cifar10_split_seed7_clients5_alpha0p3_ref500.json,1.0,drift,18,conv2,4,0,0.9890390038490295,0.9929953813552856,500
cka_feddst,cifar10,0.8,7,results/logs/cka_strength_sweep/cifar10_drift_all/strength_1p0/seed_7/splits/cifar10_split_seed7_clients5_alpha0p3_ref500.json,1.0,drift,18,conv2,4,1,0.9980979561805725,0.9929953813552856,500
cka_feddst,cifar10,0.8,7,results/logs/cka_strength_sweep/cifar10_drift_all/strength_1p0/seed_7/splits/cifar10_split_seed7_clients5_alpha0p3_ref500.json,1.0,drift,18,conv2,4,2,0.9965973496437073,0.9929953813552856,500
cka_feddst,cifar10,0.8,7,results/logs/cka_strength_sweep/cifar10_drift_all/strength_1p0/seed_7/splits/cifar10_split_seed7_clients5_alpha0p3_ref500.json,1.0,drift,18,conv2,4,3,0.9993995428085327,0.9929953813552856,500
cka_feddst,cifar10,0.8,7,results/logs/cka_strength_sweep/cifar10_drift_all/strength_1p0/seed_7/splits/cifar10_split_seed7_clients5_alpha0p3_ref500.json,1.0,drift,18,conv2,4,4,1.0,0.9929953813552856,500
cka_feddst,cifar10,0.8,7,results/logs/cka_strength_sweep/cifar10_drift_all/strength_1p0/seed_7/splits/cifar10_split_seed7_clients5_alpha0p3_ref500.json,1.0,drift,18,conv3,0,0,1.0,0.9933664202690125,500
cka_feddst,cifar10,0.8,7,results/logs/cka_strength_sweep/cifar10_drift_all/strength_1p0/seed_7/splits/cifar10_split_seed7_clients5_alpha0p3_ref500.json,1.0,drift,18,conv3,0,1,0.9918639659881592,0.9933664202690125,500
cka_feddst,cifar10,0.8,7,results/logs/cka_strength_sweep/cifar10_drift_all/strength_1p0/seed_7/splits/cifar10_split_seed7_clients5_alpha0p3_ref500.json,1.0,drift,18,conv3,0,2,0.9816694855690002,0.9933664202690125,500
cka_feddst,cifar10,0.8,7,results/logs/cka_strength_sweep/cifar10_drift_all/strength_1p0/seed_7/splits/cifar10_split_seed7_clients5_alpha0p3_ref500.json,1.0,drift,18,conv3,0,3,0.9938040375709534,0.9933664202690125,500
cka_feddst,cifar10,0.8,7,results/logs/cka_strength_sweep/cifar10_drift_all/strength_1p0/seed_7/splits/cifar10_split_seed7_clients5_alpha0p3_ref500.json,1.0,drift,18,conv3,0,4,0.9903452396392822,0.9933664202690125,500
cka_feddst,cifar10,0.8,7,results/logs/cka_strength_sweep/cifar10_drift_all/strength_1p0/seed_7/splits/cifar10_split_seed7_clients5_alpha0p3_ref500.json,1.0,drift,18,conv3,1,0,0.9918639659881592,0.9933664202690125,500
cka_feddst,cifar10,0.8,7,results/logs/cka_strength_sweep/cifar10_drift_all/strength_1p0/seed_7/splits/cifar10_split_seed7_clients5_alpha0p3_ref500.json,1.0,drift,18,conv3,1,1,1.0,0.9933664202690125,500
cka_feddst,cifar10,0.8,7,results/logs/cka_strength_sweep/cifar10_drift_all/strength_1p0/seed_7/splits/cifar10_split_seed7_clients5_alpha0p3_ref500.json,1.0,drift,18,conv3,1,2,0.989581286907196,0.9933664202690125,500
cka_feddst,cifar10,0.8,7,results/logs/cka_strength_sweep/cifar10_drift_all/strength_1p0/seed_7/splits/cifar10_split_seed7_clients5_alpha0p3_ref500.json,1.0,drift,18,conv3,1,3,0.9986723065376282,0.9933664202690125,500
cka_feddst,cifar10,0.8,7,results/logs/cka_strength_sweep/cifar10_drift_all/strength_1p0/seed_7/splits/cifar10_split_seed7_clients5_alpha0p3_ref500.json,1.0,drift,18,conv3,1,4,0.9978768229484558,0.9933664202690125,500
cka_feddst,cifar10,0.8,7,results/logs/cka_strength_sweep/cifar10_drift_all/strength_1p0/seed_7/splits/cifar10_split_seed7_clients5_alpha0p3_ref500.json,1.0,drift,18,conv3,2,0,0.9816694855690002,0.9933664202690125,500
cka_feddst,cifar10,0.8,7,results/logs/cka_strength_sweep/cifar10_drift_all/strength_1p0/seed_7/splits/cifar10_split_seed7_clients5_alpha0p3_ref500.json,1.0,drift,18,conv3,2,1,0.989581286907196,0.9933664202690125,500
cka_feddst,cifar10,0.8,7,results/logs/cka_strength_sweep/cifar10_drift_all/strength_1p0/seed_7/splits/cifar10_split_seed7_clients5_alpha0p3_ref500.json,1.0,drift,18,conv3,2,2,1.0,0.9933664202690125,500
cka_feddst,cifar10,0.8,7,results/logs/cka_strength_sweep/cifar10_drift_all/strength_1p0/seed_7/splits/cifar10_split_seed7_clients5_alpha0p3_ref500.json,1.0,drift,18,conv3,2,3,0.9939655661582947,0.9933664202690125,500
cka_feddst,cifar10,0.8,7,results/logs/cka_strength_sweep/cifar10_drift_all/strength_1p0/seed_7/splits/cifar10_split_seed7_clients5_alpha0p3_ref500.json,1.0,drift,18,conv3,2,4,0.9964942336082458,0.9933664202690125,500
cka_feddst,cifar10,0.8,7,results/logs/cka_strength_sweep/cifar10_drift_all/strength_1p0/seed_7/splits/cifar10_split_seed7_clients5_alpha0p3_ref500.json,1.0,drift,18,conv3,3,0,0.9938040375709534,0.9933664202690125,500
cka_feddst,cifar10,0.8,7,results/logs/cka_strength_sweep/cifar10_drift_all/strength_1p0/seed_7/splits/cifar10_split_seed7_clients5_alpha0p3_ref500.json,1.0,drift,18,conv3,3,1,0.9986723065376282,0.9933664202690125,500
cka_feddst,cifar10,0.8,7,results/logs/cka_strength_sweep/cifar10_drift_all/strength_1p0/seed_7/splits/cifar10_split_seed7_clients5_alpha0p3_ref500.json,1.0,drift,18,conv3,3,2,0.9939655661582947,0.9933664202690125,500
cka_feddst,cifar10,0.8,7,results/logs/cka_strength_sweep/cifar10_drift_all/strength_1p0/seed_7/splits/cifar10_split_seed7_clients5_alpha0p3_ref500.json,1.0,drift,18,conv3,3,3,1.0,0.9933664202690125,500
cka_feddst,cifar10,0.8,7,results/logs/cka_strength_sweep/cifar10_drift_all/strength_1p0/seed_7/splits/cifar10_split_seed7_clients5_alpha0p3_ref500.json,1.0,drift,18,conv3,3,4,0.9993911385536194,0.9933664202690125,500
cka_feddst,cifar10,0.8,7,results/logs/cka_strength_sweep/cifar10_drift_all/strength_1p0/seed_7/splits/cifar10_split_seed7_clients5_alpha0p3_ref500.json,1.0,drift,18,conv3,4,0,0.9903452396392822,0.9933664202690125,500
cka_feddst,cifar10,0.8,7,results/logs/cka_strength_sweep/cifar10_drift_all/strength_1p0/seed_7/splits/cifar10_split_seed7_clients5_alpha0p3_ref500.json,1.0,drift,18,conv3,4,1,0.9978768229484558,0.9933664202690125,500
cka_feddst,cifar10,0.8,7,results/logs/cka_strength_sweep/cifar10_drift_all/strength_1p0/seed_7/splits/cifar10_split_seed7_clients5_alpha0p3_ref500.json,1.0,drift,18,conv3,4,2,0.9964942336082458,0.9933664202690125,500
cka_feddst,cifar10,0.8,7,results/logs/cka_strength_sweep/cifar10_drift_all/strength_1p0/seed_7/splits/cifar10_split_seed7_clients5_alpha0p3_ref500.json,1.0,drift,18,conv3,4,3,0.9993911385536194,0.9933664202690125,500
cka_feddst,cifar10,0.8,7,results/logs/cka_strength_sweep/cifar10_drift_all/strength_1p0/seed_7/splits/cifar10_split_seed7_clients5_alpha0p3_ref500.json,1.0,drift,18,conv3,4,4,1.0,0.9933664202690125,500
cka_feddst,cifar10,0.8,7,results/logs/cka_strength_sweep/cifar10_drift_all/strength_1p0/seed_7/splits/cifar10_split_seed7_clients5_alpha0p3_ref500.json,1.0,drift,18,fc1,0,0,1.0,0.9678176641464233,500
cka_feddst,cifar10,0.8,7,results/logs/cka_strength_sweep/cifar10_drift_all/strength_1p0/seed_7/splits/cifar10_split_seed7_clients5_alpha0p3_ref500.json,1.0,drift,18,fc1,0,1,0.9510995149612427,0.9678176641464233,500
cka_feddst,cifar10,0.8,7,results/logs/cka_strength_sweep/cifar10_drift_all/strength_1p0/seed_7/splits/cifar10_split_seed7_clients5_alpha0p3_ref500.json,1.0,drift,18,fc1,0,2,0.9637821316719055,0.9678176641464233,500
cka_feddst,cifar10,0.8,7,results/logs/cka_strength_sweep/cifar10_drift_all/strength_1p0/seed_7/splits/cifar10_split_seed7_clients5_alpha0p3_ref500.json,1.0,drift,18,fc1,0,3,0.9705544710159302,0.9678176641464233,500
cka_feddst,cifar10,0.8,7,results/logs/cka_strength_sweep/cifar10_drift_all/strength_1p0/seed_7/splits/cifar10_split_seed7_clients5_alpha0p3_ref500.json,1.0,drift,18,fc1,0,4,0.9315624833106995,0.9678176641464233,500
cka_feddst,cifar10,0.8,7,results/logs/cka_strength_sweep/cifar10_drift_all/strength_1p0/seed_7/splits/cifar10_split_seed7_clients5_alpha0p3_ref500.json,1.0,drift,18,fc1,1,0,0.9510995149612427,0.9678176641464233,500
cka_feddst,cifar10,0.8,7,results/logs/cka_strength_sweep/cifar10_drift_all/strength_1p0/seed_7/splits/cifar10_split_seed7_clients5_alpha0p3_ref500.json,1.0,drift,18,fc1,1,1,1.0,0.9678176641464233,500
cka_feddst,cifar10,0.8,7,results/logs/cka_strength_sweep/cifar10_drift_all/strength_1p0/seed_7/splits/cifar10_split_seed7_clients5_alpha0p3_ref500.json,1.0,drift,18,fc1,1,2,0.9729644060134888,0.9678176641464233,500
cka_feddst,cifar10,0.8,7,results/logs/cka_strength_sweep/cifar10_drift_all/strength_1p0/seed_7/splits/cifar10_split_seed7_clients5_alpha0p3_ref500.json,1.0,drift,18,fc1,1,3,0.9863455891609192,0.9678176641464233,500
cka_feddst,cifar10,0.8,7,results/logs/cka_strength_sweep/cifar10_drift_all/strength_1p0/seed_7/splits/cifar10_split_seed7_clients5_alpha0p3_ref500.json,1.0,drift,18,fc1,1,4,0.9867537021636963,0.9678176641464233,500
cka_feddst,cifar10,0.8,7,results/logs/cka_strength_sweep/cifar10_drift_all/strength_1p0/seed_7/splits/cifar10_split_seed7_clients5_alpha0p3_ref500.json,1.0,drift,18,fc1,2,0,0.9637821316719055,0.9678176641464233,500
cka_feddst,cifar10,0.8,7,results/logs/cka_strength_sweep/cifar10_drift_all/strength_1p0/seed_7/splits/cifar10_split_seed7_clients5_alpha0p3_ref500.json,1.0,drift,18,fc1,2,1,0.9729644060134888,0.9678176641464233,500
cka_feddst,cifar10,0.8,7,results/logs/cka_strength_sweep/cifar10_drift_all/strength_1p0/seed_7/splits/cifar10_split_seed7_clients5_alpha0p3_ref500.json,1.0,drift,18,fc1,2,2,1.0,0.9678176641464233,500
cka_feddst,cifar10,0.8,7,results/logs/cka_strength_sweep/cifar10_drift_all/strength_1p0/seed_7/splits/cifar10_split_seed7_clients5_alpha0p3_ref500.json,1.0,drift,18,fc1,2,3,0.979401707649231,0.9678176641464233,500
cka_feddst,cifar10,0.8,7,results/logs/cka_strength_sweep/cifar10_drift_all/strength_1p0/seed_7/splits/cifar10_split_seed7_clients5_alpha0p3_ref500.json,1.0,drift,18,fc1,2,4,0.9694016575813293,0.9678176641464233,500
cka_feddst,cifar10,0.8,7,results/logs/cka_strength_sweep/cifar10_drift_all/strength_1p0/seed_7/splits/cifar10_split_seed7_clients5_alpha0p3_ref500.json,1.0,drift,18,fc1,3,0,0.9705544710159302,0.9678176641464233,500
cka_feddst,cifar10,0.8,7,results/logs/cka_strength_sweep/cifar10_drift_all/strength_1p0/seed_7/splits/cifar10_split_seed7_clients5_alpha0p3_ref500.json,1.0,drift,18,fc1,3,1,0.9863455891609192,0.9678176641464233,500
cka_feddst,cifar10,0.8,7,results/logs/cka_strength_sweep/cifar10_drift_all/strength_1p0/seed_7/splits/cifar10_split_seed7_clients5_alpha0p3_ref500.json,1.0,drift,18,fc1,3,2,0.979401707649231,0.9678176641464233,500
cka_feddst,cifar10,0.8,7,results/logs/cka_strength_sweep/cifar10_drift_all/strength_1p0/seed_7/splits/cifar10_split_seed7_clients5_alpha0p3_ref500.json,1.0,drift,18,fc1,3,3,1.0,0.9678176641464233,500
cka_feddst,cifar10,0.8,7,results/logs/cka_strength_sweep/cifar10_drift_all/strength_1p0/seed_7/splits/cifar10_split_seed7_clients5_alpha0p3_ref500.json,1.0,drift,18,fc1,3,4,0.9663112163543701,0.9678176641464233,500
cka_feddst,cifar10,0.8,7,results/logs/cka_strength_sweep/cifar10_drift_all/strength_1p0/seed_7/splits/cifar10_split_seed7_clients5_alpha0p3_ref500.json,1.0,drift,18,fc1,4,0,0.9315624833106995,0.9678176641464233,500
cka_feddst,cifar10,0.8,7,results/logs/cka_strength_sweep/cifar10_drift_all/strength_1p0/seed_7/splits/cifar10_split_seed7_clients5_alpha0p3_ref500.json,1.0,drift,18,fc1,4,1,0.9867537021636963,0.9678176641464233,500
cka_feddst,cifar10,0.8,7,results/logs/cka_strength_sweep/cifar10_drift_all/strength_1p0/seed_7/splits/cifar10_split_seed7_clients5_alpha0p3_ref500.json,1.0,drift,18,fc1,4,2,0.9694016575813293,0.9678176641464233,500
cka_feddst,cifar10,0.8,7,results/logs/cka_strength_sweep/cifar10_drift_all/strength_1p0/seed_7/splits/cifar10_split_seed7_clients5_alpha0p3_ref500.json,1.0,drift,18,fc1,4,3,0.9663112163543701,0.9678176641464233,500
cka_feddst,cifar10,0.8,7,results/logs/cka_strength_sweep/cifar10_drift_all/strength_1p0/seed_7/splits/cifar10_split_seed7_clients5_alpha0p3_ref500.json,1.0,drift,18,fc1,4,4,1.0,0.9678176641464233,500
cka_feddst,cifar10,0.8,7,results/logs/cka_strength_sweep/cifar10_drift_all/strength_1p0/seed_7/splits/cifar10_split_seed7_clients5_alpha0p3_ref500.json,1.0,drift,20,conv1,0,0,1.0,0.9983417391777039,500
cka_feddst,cifar10,0.8,7,results/logs/cka_strength_sweep/cifar10_drift_all/strength_1p0/seed_7/splits/cifar10_split_seed7_clients5_alpha0p3_ref500.json,1.0,drift,20,conv1,0,1,0.997592568397522,0.9983417391777039,500
cka_feddst,cifar10,0.8,7,results/logs/cka_strength_sweep/cifar10_drift_all/strength_1p0/seed_7/splits/cifar10_split_seed7_clients5_alpha0p3_ref500.json,1.0,drift,20,conv1,0,2,0.994097113609314,0.9983417391777039,500
cka_feddst,cifar10,0.8,7,results/logs/cka_strength_sweep/cifar10_drift_all/strength_1p0/seed_7/splits/cifar10_split_seed7_clients5_alpha0p3_ref500.json,1.0,drift,20,conv1,0,3,0.9989528656005859,0.9983417391777039,500
cka_feddst,cifar10,0.8,7,results/logs/cka_strength_sweep/cifar10_drift_all/strength_1p0/seed_7/splits/cifar10_split_seed7_clients5_alpha0p3_ref500.json,1.0,drift,20,conv1,0,4,0.9974103569984436,0.9983417391777039,500
cka_feddst,cifar10,0.8,7,results/logs/cka_strength_sweep/cifar10_drift_all/strength_1p0/seed_7/splits/cifar10_split_seed7_clients5_alpha0p3_ref500.json,1.0,drift,20,conv1,1,0,0.997592568397522,0.9983417391777039,500
cka_feddst,cifar10,0.8,7,results/logs/cka_strength_sweep/cifar10_drift_all/strength_1p0/seed_7/splits/cifar10_split_seed7_clients5_alpha0p3_ref500.json,1.0,drift,20,conv1,1,1,1.0,0.9983417391777039,500
cka_feddst,cifar10,0.8,7,results/logs/cka_strength_sweep/cifar10_drift_all/strength_1p0/seed_7/splits/cifar10_split_seed7_clients5_alpha0p3_ref500.json,1.0,drift,20,conv1,1,2,0.9990638494491577,0.9983417391777039,500
cka_feddst,cifar10,0.8,7,results/logs/cka_strength_sweep/cifar10_drift_all/strength_1p0/seed_7/splits/cifar10_split_seed7_clients5_alpha0p3_ref500.json,1.0,drift,20,conv1,1,3,0.9996458292007446,0.9983417391777039,500
cka_feddst,cifar10,0.8,7,results/logs/cka_strength_sweep/cifar10_drift_all/strength_1p0/seed_7/splits/cifar10_split_seed7_clients5_alpha0p3_ref500.json,1.0,drift,20,conv1,1,4,0.9999727606773376,0.9983417391777039,500
cka_feddst,cifar10,0.8,7,results/logs/cka_strength_sweep/cifar10_drift_all/strength_1p0/seed_7/splits/cifar10_split_seed7_clients5_alpha0p3_ref500.json,1.0,drift,20,conv1,2,0,0.994097113609314,0.9983417391777039,500
cka_feddst,cifar10,0.8,7,results/logs/cka_strength_sweep/cifar10_drift_all/strength_1p0/seed_7/splits/cifar10_split_seed7_clients5_alpha0p3_ref500.json,1.0,drift,20,conv1,2,1,0.9990638494491577,0.9983417391777039,500
cka_feddst,cifar10,0.8,7,results/logs/cka_strength_sweep/cifar10_drift_all/strength_1p0/seed_7/splits/cifar10_split_seed7_clients5_alpha0p3_ref500.json,1.0,drift,20,conv1,2,2,1.0,0.9983417391777039,500
cka_feddst,cifar10,0.8,7,results/logs/cka_strength_sweep/cifar10_drift_all/strength_1p0/seed_7/splits/cifar10_split_seed7_clients5_alpha0p3_ref500.json,1.0,drift,20,conv1,2,3,0.9978285431861877,0.9983417391777039,500
cka_feddst,cifar10,0.8,7,results/logs/cka_strength_sweep/cifar10_drift_all/strength_1p0/seed_7/splits/cifar10_split_seed7_clients5_alpha0p3_ref500.json,1.0,drift,20,conv1,2,4,0.9992361068725586,0.9983417391777039,500
cka_feddst,cifar10,0.8,7,results/logs/cka_strength_sweep/cifar10_drift_all/strength_1p0/seed_7/splits/cifar10_split_seed7_clients5_alpha0p3_ref500.json,1.0,drift,20,conv1,3,0,0.9989528656005859,0.9983417391777039,500
cka_feddst,cifar10,0.8,7,results/logs/cka_strength_sweep/cifar10_drift_all/strength_1p0/seed_7/splits/cifar10_split_seed7_clients5_alpha0p3_ref500.json,1.0,drift,20,conv1,3,1,0.9996458292007446,0.9983417391777039,500
cka_feddst,cifar10,0.8,7,results/logs/cka_strength_sweep/cifar10_drift_all/strength_1p0/seed_7/splits/cifar10_split_seed7_clients5_alpha0p3_ref500.json,1.0,drift,20,conv1,3,2,0.9978285431861877,0.9983417391777039,500
cka_feddst,cifar10,0.8,7,results/logs/cka_strength_sweep/cifar10_drift_all/strength_1p0/seed_7/splits/cifar10_split_seed7_clients5_alpha0p3_ref500.json,1.0,drift,20,conv1,3,3,1.0,0.9983417391777039,500
cka_feddst,cifar10,0.8,7,results/logs/cka_strength_sweep/cifar10_drift_all/strength_1p0/seed_7/splits/cifar10_split_seed7_clients5_alpha0p3_ref500.json,1.0,drift,20,conv1,3,4,0.9996175765991211,0.9983417391777039,500
cka_feddst,cifar10,0.8,7,results/logs/cka_strength_sweep/cifar10_drift_all/strength_1p0/seed_7/splits/cifar10_split_seed7_clients5_alpha0p3_ref500.json,1.0,drift,20,conv1,4,0,0.9974103569984436,0.9983417391777039,500
cka_feddst,cifar10,0.8,7,results/logs/cka_strength_sweep/cifar10_drift_all/strength_1p0/seed_7/splits/cifar10_split_seed7_clients5_alpha0p3_ref500.json,1.0,drift,20,conv1,4,1,0.9999727606773376,0.9983417391777039,500
cka_feddst,cifar10,0.8,7,results/logs/cka_strength_sweep/cifar10_drift_all/strength_1p0/seed_7/splits/cifar10_split_seed7_clients5_alpha0p3_ref500.json,1.0,drift,20,conv1,4,2,0.9992361068725586,0.9983417391777039,500
cka_feddst,cifar10,0.8,7,results/logs/cka_strength_sweep/cifar10_drift_all/strength_1p0/seed_7/splits/cifar10_split_seed7_clients5_alpha0p3_ref500.json,1.0,drift,20,conv1,4,3,0.9996175765991211,0.9983417391777039,500
cka_feddst,cifar10,0.8,7,results/logs/cka_strength_sweep/cifar10_drift_all/strength_1p0/seed_7/splits/cifar10_split_seed7_clients5_alpha0p3_ref500.json,1.0,drift,20,conv1,4,4,1.0,0.9983417391777039,500
cka_feddst,cifar10,0.8,7,results/logs/cka_strength_sweep/cifar10_drift_all/strength_1p0/seed_7/splits/cifar10_split_seed7_clients5_alpha0p3_ref500.json,1.0,drift,20,conv2,0,0,1.0,0.9846824407577515,500
cka_feddst,cifar10,0.8,7,results/logs/cka_strength_sweep/cifar10_drift_all/strength_1p0/seed_7/splits/cifar10_split_seed7_clients5_alpha0p3_ref500.json,1.0,drift,20,conv2,0,1,0.9538621306419373,0.9846824407577515,500
cka_feddst,cifar10,0.8,7,results/logs/cka_strength_sweep/cifar10_drift_all/strength_1p0/seed_7/splits/cifar10_split_seed7_clients5_alpha0p3_ref500.json,1.0,drift,20,conv2,0,2,0.9670222997665405,0.9846824407577515,500
cka_feddst,cifar10,0.8,7,results/logs/cka_strength_sweep/cifar10_drift_all/strength_1p0/seed_7/splits/cifar10_split_seed7_clients5_alpha0p3_ref500.json,1.0,drift,20,conv2,0,3,0.9798627495765686,0.9846824407577515,500
cka_feddst,cifar10,0.8,7,results/logs/cka_strength_sweep/cifar10_drift_all/strength_1p0/seed_7/splits/cifar10_split_seed7_clients5_alpha0p3_ref500.json,1.0,drift,20,conv2,0,4,0.9675724506378174,0.9846824407577515,500
cka_feddst,cifar10,0.8,7,results/logs/cka_strength_sweep/cifar10_drift_all/strength_1p0/seed_7/splits/cifar10_split_seed7_clients5_alpha0p3_ref500.json,1.0,drift,20,conv2,1,0,0.9538621306419373,0.9846824407577515,500
cka_feddst,cifar10,0.8,7,results/logs/cka_strength_sweep/cifar10_drift_all/strength_1p0/seed_7/splits/cifar10_split_seed7_clients5_alpha0p3_ref500.json,1.0,drift,20,conv2,1,1,1.0,0.9846824407577515,500
cka_feddst,cifar10,0.8,7,results/logs/cka_strength_sweep/cifar10_drift_all/strength_1p0/seed_7/splits/cifar10_split_seed7_clients5_alpha0p3_ref500.json,1.0,drift,20,conv2,1,2,0.9942840933799744,0.9846824407577515,500
cka_feddst,cifar10,0.8,7,results/logs/cka_strength_sweep/cifar10_drift_all/strength_1p0/seed_7/splits/cifar10_split_seed7_clients5_alpha0p3_ref500.json,1.0,drift,20,conv2,1,3,0.9935765266418457,0.9846824407577515,500
cka_feddst,cifar10,0.8,7,results/logs/cka_strength_sweep/cifar10_drift_all/strength_1p0/seed_7/splits/cifar10_split_seed7_clients5_alpha0p3_ref500.json,1.0,drift,20,conv2,1,4,0.9976255893707275,0.9846824407577515,500
cka_feddst,cifar10,0.8,7,results/logs/cka_strength_sweep/cifar10_drift_all/strength_1p0/seed_7/splits/cifar10_split_seed7_clients5_alpha0p3_ref500.json,1.0,drift,20,conv2,2,0,0.9670222997665405,0.9846824407577515,500
cka_feddst,cifar10,0.8,7,results/logs/cka_strength_sweep/cifar10_drift_all/strength_1p0/seed_7/splits/cifar10_split_seed7_clients5_alpha0p3_ref500.json,1.0,drift,20,conv2,2,1,0.9942840933799744,0.9846824407577515,500
cka_feddst,cifar10,0.8,7,results/logs/cka_strength_sweep/cifar10_drift_all/strength_1p0/seed_7/splits/cifar10_split_seed7_clients5_alpha0p3_ref500.json,1.0,drift,20,conv2,2,2,1.0,0.9846824407577515,500
cka_feddst,cifar10,0.8,7,results/logs/cka_strength_sweep/cifar10_drift_all/strength_1p0/seed_7/splits/cifar10_split_seed7_clients5_alpha0p3_ref500.json,1.0,drift,20,conv2,2,3,0.996269166469574,0.9846824407577515,500
cka_feddst,cifar10,0.8,7,results/logs/cka_strength_sweep/cifar10_drift_all/strength_1p0/seed_7/splits/cifar10_split_seed7_clients5_alpha0p3_ref500.json,1.0,drift,20,conv2,2,4,0.9984683990478516,0.9846824407577515,500
cka_feddst,cifar10,0.8,7,results/logs/cka_strength_sweep/cifar10_drift_all/strength_1p0/seed_7/splits/cifar10_split_seed7_clients5_alpha0p3_ref500.json,1.0,drift,20,conv2,3,0,0.9798627495765686,0.9846824407577515,500
cka_feddst,cifar10,0.8,7,results/logs/cka_strength_sweep/cifar10_drift_all/strength_1p0/seed_7/splits/cifar10_split_seed7_clients5_alpha0p3_ref500.json,1.0,drift,20,conv2,3,1,0.9935765266418457,0.9846824407577515,500
cka_feddst,cifar10,0.8,7,results/logs/cka_strength_sweep/cifar10_drift_all/strength_1p0/seed_7/splits/cifar10_split_seed7_clients5_alpha0p3_ref500.json,1.0,drift,20,conv2,3,2,0.996269166469574,0.9846824407577515,500
cka_feddst,cifar10,0.8,7,results/logs/cka_strength_sweep/cifar10_drift_all/strength_1p0/seed_7/splits/cifar10_split_seed7_clients5_alpha0p3_ref500.json,1.0,drift,20,conv2,3,3,1.0,0.9846824407577515,500
cka_feddst,cifar10,0.8,7,results/logs/cka_strength_sweep/cifar10_drift_all/strength_1p0/seed_7/splits/cifar10_split_seed7_clients5_alpha0p3_ref500.json,1.0,drift,20,conv2,3,4,0.9982817769050598,0.9846824407577515,500
cka_feddst,cifar10,0.8,7,results/logs/cka_strength_sweep/cifar10_drift_all/strength_1p0/seed_7/splits/cifar10_split_seed7_clients5_alpha0p3_ref500.json,1.0,drift,20,conv2,4,0,0.9675724506378174,0.9846824407577515,500
cka_feddst,cifar10,0.8,7,results/logs/cka_strength_sweep/cifar10_drift_all/strength_1p0/seed_7/splits/cifar10_split_seed7_clients5_alpha0p3_ref500.json,1.0,drift,20,conv2,4,1,0.9976255893707275,0.9846824407577515,500
cka_feddst,cifar10,0.8,7,results/logs/cka_strength_sweep/cifar10_drift_all/strength_1p0/seed_7/splits/cifar10_split_seed7_clients5_alpha0p3_ref500.json,1.0,drift,20,conv2,4,2,0.9984683990478516,0.9846824407577515,500
cka_feddst,cifar10,0.8,7,results/logs/cka_strength_sweep/cifar10_drift_all/strength_1p0/seed_7/splits/cifar10_split_seed7_clients5_alpha0p3_ref500.json,1.0,drift,20,conv2,4,3,0.9982817769050598,0.9846824407577515,500
cka_feddst,cifar10,0.8,7,results/logs/cka_strength_sweep/cifar10_drift_all/strength_1p0/seed_7/splits/cifar10_split_seed7_clients5_alpha0p3_ref500.json,1.0,drift,20,conv2,4,4,1.0,0.9846824407577515,500
cka_feddst,cifar10,0.8,7,results/logs/cka_strength_sweep/cifar10_drift_all/strength_1p0/seed_7/splits/cifar10_split_seed7_clients5_alpha0p3_ref500.json,1.0,drift,20,conv3,0,0,1.0,0.9837958216667175,500
cka_feddst,cifar10,0.8,7,results/logs/cka_strength_sweep/cifar10_drift_all/strength_1p0/seed_7/splits/cifar10_split_seed7_clients5_alpha0p3_ref500.json,1.0,drift,20,conv3,0,1,0.9497978687286377,0.9837958216667175,500
cka_feddst,cifar10,0.8,7,results/logs/cka_strength_sweep/cifar10_drift_all/strength_1p0/seed_7/splits/cifar10_split_seed7_clients5_alpha0p3_ref500.json,1.0,drift,20,conv3,0,2,0.9667707085609436,0.9837958216667175,500
cka_feddst,cifar10,0.8,7,results/logs/cka_strength_sweep/cifar10_drift_all/strength_1p0/seed_7/splits/cifar10_split_seed7_clients5_alpha0p3_ref500.json,1.0,drift,20,conv3,0,3,0.9779911041259766,0.9837958216667175,500
cka_feddst,cifar10,0.8,7,results/logs/cka_strength_sweep/cifar10_drift_all/strength_1p0/seed_7/splits/cifar10_split_seed7_clients5_alpha0p3_ref500.json,1.0,drift,20,conv3,0,4,0.9655733704566956,0.9837958216667175,500
cka_feddst,cifar10,0.8,7,results/logs/cka_strength_sweep/cifar10_drift_all/strength_1p0/seed_7/splits/cifar10_split_seed7_clients5_alpha0p3_ref500.json,1.0,drift,20,conv3,1,0,0.9497978687286377,0.9837958216667175,500
cka_feddst,cifar10,0.8,7,results/logs/cka_strength_sweep/cifar10_drift_all/strength_1p0/seed_7/splits/cifar10_split_seed7_clients5_alpha0p3_ref500.json,1.0,drift,20,conv3,1,1,1.0,0.9837958216667175,500
cka_feddst,cifar10,0.8,7,results/logs/cka_strength_sweep/cifar10_drift_all/strength_1p0/seed_7/splits/cifar10_split_seed7_clients5_alpha0p3_ref500.json,1.0,drift,20,conv3,1,2,0.9940007328987122,0.9837958216667175,500
cka_feddst,cifar10,0.8,7,results/logs/cka_strength_sweep/cifar10_drift_all/strength_1p0/seed_7/splits/cifar10_split_seed7_clients5_alpha0p3_ref500.json,1.0,drift,20,conv3,1,3,0.9931384325027466,0.9837958216667175,500
cka_feddst,cifar10,0.8,7,results/logs/cka_strength_sweep/cifar10_drift_all/strength_1p0/seed_7/splits/cifar10_split_seed7_clients5_alpha0p3_ref500.json,1.0,drift,20,conv3,1,4,0.9971205592155457,0.9837958216667175,500
cka_feddst,cifar10,0.8,7,results/logs/cka_strength_sweep/cifar10_drift_all/strength_1p0/seed_7/splits/cifar10_split_seed7_clients5_alpha0p3_ref500.json,1.0,drift,20,conv3,2,0,0.9667707085609436,0.9837958216667175,500
cka_feddst,cifar10,0.8,7,results/logs/cka_strength_sweep/cifar10_drift_all/strength_1p0/seed_7/splits/cifar10_split_seed7_clients5_alpha0p3_ref500.json,1.0,drift,20,conv3,2,1,0.9940007328987122,0.9837958216667175,500
cka_feddst,cifar10,0.8,7,results/logs/cka_strength_sweep/cifar10_drift_all/strength_1p0/seed_7/splits/cifar10_split_seed7_clients5_alpha0p3_ref500.json,1.0,drift,20,conv3,2,2,1.0,0.9837958216667175,500
cka_feddst,cifar10,0.8,7,results/logs/cka_strength_sweep/cifar10_drift_all/strength_1p0/seed_7/splits/cifar10_split_seed7_clients5_alpha0p3_ref500.json,1.0,drift,20,conv3,2,3,0.9967674612998962,0.9837958216667175,500
cka_feddst,cifar10,0.8,7,results/logs/cka_strength_sweep/cifar10_drift_all/strength_1p0/seed_7/splits/cifar10_split_seed7_clients5_alpha0p3_ref500.json,1.0,drift,20,conv3,2,4,0.9984884858131409,0.9837958216667175,500
cka_feddst,cifar10,0.8,7,results/logs/cka_strength_sweep/cifar10_drift_all/strength_1p0/seed_7/splits/cifar10_split_seed7_clients5_alpha0p3_ref500.json,1.0,drift,20,conv3,3,0,0.9779911041259766,0.9837958216667175,500
cka_feddst,cifar10,0.8,7,results/logs/cka_strength_sweep/cifar10_drift_all/strength_1p0/seed_7/splits/cifar10_split_seed7_clients5_alpha0p3_ref500.json,1.0,drift,20,conv3,3,1,0.9931384325027466,0.9837958216667175,500
cka_feddst,cifar10,0.8,7,results/logs/cka_strength_sweep/cifar10_drift_all/strength_1p0/seed_7/splits/cifar10_split_seed7_clients5_alpha0p3_ref500.json,1.0,drift,20,conv3,3,2,0.9967674612998962,0.9837958216667175,500
cka_feddst,cifar10,0.8,7,results/logs/cka_strength_sweep/cifar10_drift_all/strength_1p0/seed_7/splits/cifar10_split_seed7_clients5_alpha0p3_ref500.json,1.0,drift,20,conv3,3,3,1.0,0.9837958216667175,500
cka_feddst,cifar10,0.8,7,results/logs/cka_strength_sweep/cifar10_drift_all/strength_1p0/seed_7/splits/cifar10_split_seed7_clients5_alpha0p3_ref500.json,1.0,drift,20,conv3,3,4,0.9983099102973938,0.9837958216667175,500
cka_feddst,cifar10,0.8,7,results/logs/cka_strength_sweep/cifar10_drift_all/strength_1p0/seed_7/splits/cifar10_split_seed7_clients5_alpha0p3_ref500.json,1.0,drift,20,conv3,4,0,0.9655733704566956,0.9837958216667175,500
cka_feddst,cifar10,0.8,7,results/logs/cka_strength_sweep/cifar10_drift_all/strength_1p0/seed_7/splits/cifar10_split_seed7_clients5_alpha0p3_ref500.json,1.0,drift,20,conv3,4,1,0.9971205592155457,0.9837958216667175,500
cka_feddst,cifar10,0.8,7,results/logs/cka_strength_sweep/cifar10_drift_all/strength_1p0/seed_7/splits/cifar10_split_seed7_clients5_alpha0p3_ref500.json,1.0,drift,20,conv3,4,2,0.9984884858131409,0.9837958216667175,500
cka_feddst,cifar10,0.8,7,results/logs/cka_strength_sweep/cifar10_drift_all/strength_1p0/seed_7/splits/cifar10_split_seed7_clients5_alpha0p3_ref500.json,1.0,drift,20,conv3,4,3,0.9983099102973938,0.9837958216667175,500
cka_feddst,cifar10,0.8,7,results/logs/cka_strength_sweep/cifar10_drift_all/strength_1p0/seed_7/splits/cifar10_split_seed7_clients5_alpha0p3_ref500.json,1.0,drift,20,conv3,4,4,1.0,0.9837958216667175,500
cka_feddst,cifar10,0.8,7,results/logs/cka_strength_sweep/cifar10_drift_all/strength_1p0/seed_7/splits/cifar10_split_seed7_clients5_alpha0p3_ref500.json,1.0,drift,20,fc1,0,0,1.0,0.9539983868598938,500
cka_feddst,cifar10,0.8,7,results/logs/cka_strength_sweep/cifar10_drift_all/strength_1p0/seed_7/splits/cifar10_split_seed7_clients5_alpha0p3_ref500.json,1.0,drift,20,fc1,0,1,0.9126707315444946,0.9539983868598938,500
cka_feddst,cifar10,0.8,7,results/logs/cka_strength_sweep/cifar10_drift_all/strength_1p0/seed_7/splits/cifar10_split_seed7_clients5_alpha0p3_ref500.json,1.0,drift,20,fc1,0,2,0.9394123554229736,0.9539983868598938,500
cka_feddst,cifar10,0.8,7,results/logs/cka_strength_sweep/cifar10_drift_all/strength_1p0/seed_7/splits/cifar10_split_seed7_clients5_alpha0p3_ref500.json,1.0,drift,20,fc1,0,3,0.9629753232002258,0.9539983868598938,500
cka_feddst,cifar10,0.8,7,results/logs/cka_strength_sweep/cifar10_drift_all/strength_1p0/seed_7/splits/cifar10_split_seed7_clients5_alpha0p3_ref500.json,1.0,drift,20,fc1,0,4,0.8918891549110413,0.9539983868598938,500
cka_feddst,cifar10,0.8,7,results/logs/cka_strength_sweep/cifar10_drift_all/strength_1p0/seed_7/splits/cifar10_split_seed7_clients5_alpha0p3_ref500.json,1.0,drift,20,fc1,1,0,0.9126707315444946,0.9539983868598938,500
cka_feddst,cifar10,0.8,7,results/logs/cka_strength_sweep/cifar10_drift_all/strength_1p0/seed_7/splits/cifar10_split_seed7_clients5_alpha0p3_ref500.json,1.0,drift,20,fc1,1,1,1.0,0.9539983868598938,500
cka_feddst,cifar10,0.8,7,results/logs/cka_strength_sweep/cifar10_drift_all/strength_1p0/seed_7/splits/cifar10_split_seed7_clients5_alpha0p3_ref500.json,1.0,drift,20,fc1,1,2,0.9725181460380554,0.9539983868598938,500
cka_feddst,cifar10,0.8,7,results/logs/cka_strength_sweep/cifar10_drift_all/strength_1p0/seed_7/splits/cifar10_split_seed7_clients5_alpha0p3_ref500.json,1.0,drift,20,fc1,1,3,0.9795209765434265,0.9539983868598938,500
cka_feddst,cifar10,0.8,7,results/logs/cka_strength_sweep/cifar10_drift_all/strength_1p0/seed_7/splits/cifar10_split_seed7_clients5_alpha0p3_ref500.json,1.0,drift,20,fc1,1,4,0.983427107334137,0.9539983868598938,500
cka_feddst,cifar10,0.8,7,results/logs/cka_strength_sweep/cifar10_drift_all/strength_1p0/seed_7/splits/cifar10_split_seed7_clients5_alpha0p3_ref500.json,1.0,drift,20,fc1,2,0,0.9394123554229736,0.9539983868598938,500
cka_feddst,cifar10,0.8,7,results/logs/cka_strength_sweep/cifar10_drift_all/strength_1p0/seed_7/splits/cifar10_split_seed7_clients5_alpha0p3_ref500.json,1.0,drift,20,fc1,2,1,0.9725181460380554,0.9539983868598938,500
cka_feddst,cifar10,0.8,7,results/logs/cka_strength_sweep/cifar10_drift_all/strength_1p0/seed_7/splits/cifar10_split_seed7_clients5_alpha0p3_ref500.json,1.0,drift,20,fc1,2,2,1.0,0.9539983868598938,500
cka_feddst,cifar10,0.8,7,results/logs/cka_strength_sweep/cifar10_drift_all/strength_1p0/seed_7/splits/cifar10_split_seed7_clients5_alpha0p3_ref500.json,1.0,drift,20,fc1,2,3,0.9717705249786377,0.9539983868598938,500
cka_feddst,cifar10,0.8,7,results/logs/cka_strength_sweep/cifar10_drift_all/strength_1p0/seed_7/splits/cifar10_split_seed7_clients5_alpha0p3_ref500.json,1.0,drift,20,fc1,2,4,0.9645965695381165,0.9539983868598938,500
cka_feddst,cifar10,0.8,7,results/logs/cka_strength_sweep/cifar10_drift_all/strength_1p0/seed_7/splits/cifar10_split_seed7_clients5_alpha0p3_ref500.json,1.0,drift,20,fc1,3,0,0.9629753232002258,0.9539983868598938,500
cka_feddst,cifar10,0.8,7,results/logs/cka_strength_sweep/cifar10_drift_all/strength_1p0/seed_7/splits/cifar10_split_seed7_clients5_alpha0p3_ref500.json,1.0,drift,20,fc1,3,1,0.9795209765434265,0.9539983868598938,500
cka_feddst,cifar10,0.8,7,results/logs/cka_strength_sweep/cifar10_drift_all/strength_1p0/seed_7/splits/cifar10_split_seed7_clients5_alpha0p3_ref500.json,1.0,drift,20,fc1,3,2,0.9717705249786377,0.9539983868598938,500
cka_feddst,cifar10,0.8,7,results/logs/cka_strength_sweep/cifar10_drift_all/strength_1p0/seed_7/splits/cifar10_split_seed7_clients5_alpha0p3_ref500.json,1.0,drift,20,fc1,3,3,1.0,0.9539983868598938,500
cka_feddst,cifar10,0.8,7,results/logs/cka_strength_sweep/cifar10_drift_all/strength_1p0/seed_7/splits/cifar10_split_seed7_clients5_alpha0p3_ref500.json,1.0,drift,20,fc1,3,4,0.9612031579017639,0.9539983868598938,500
cka_feddst,cifar10,0.8,7,results/logs/cka_strength_sweep/cifar10_drift_all/strength_1p0/seed_7/splits/cifar10_split_seed7_clients5_alpha0p3_ref500.json,1.0,drift,20,fc1,4,0,0.8918891549110413,0.9539983868598938,500
cka_feddst,cifar10,0.8,7,results/logs/cka_strength_sweep/cifar10_drift_all/strength_1p0/seed_7/splits/cifar10_split_seed7_clients5_alpha0p3_ref500.json,1.0,drift,20,fc1,4,1,0.983427107334137,0.9539983868598938,500
cka_feddst,cifar10,0.8,7,results/logs/cka_strength_sweep/cifar10_drift_all/strength_1p0/seed_7/splits/cifar10_split_seed7_clients5_alpha0p3_ref500.json,1.0,drift,20,fc1,4,2,0.9645965695381165,0.9539983868598938,500
cka_feddst,cifar10,0.8,7,results/logs/cka_strength_sweep/cifar10_drift_all/strength_1p0/seed_7/splits/cifar10_split_seed7_clients5_alpha0p3_ref500.json,1.0,drift,20,fc1,4,3,0.9612031579017639,0.9539983868598938,500
cka_feddst,cifar10,0.8,7,results/logs/cka_strength_sweep/cifar10_drift_all/strength_1p0/seed_7/splits/cifar10_split_seed7_clients5_alpha0p3_ref500.json,1.0,drift,20,fc1,4,4,1.0,0.9539983868598938,500
