method,dataset,sparsity,seed,split_manifest_path,cka_strength,round,layer,client_i,client_j,cka,average_layer_cka,num_reference_samples
cka_feddst,cifar10,0.9,21,results/logs/cka_strength_sweep/cifar10/strength_1p0/seed_21/splits/cifar10_split_seed21_clients5_alpha0p3_ref500.json,1.0,2,conv1,0,0,1.0,1.0,500
cka_feddst,cifar10,0.9,21,results/logs/cka_strength_sweep/cifar10/strength_1p0/seed_21/splits/cifar10_split_seed21_clients5_alpha0p3_ref500.json,1.0,2,conv1,0,1,1.0,1.0,500
cka_feddst,cifar10,0.9,21,results/logs/cka_strength_sweep/cifar10/strength_1p0/seed_21/splits/cifar10_split_seed21_clients5_alpha0p3_ref500.json,1.0,2,conv1,0,2,1.0,1.0,500
cka_feddst,cifar10,0.9,21,results/logs/cka_strength_sweep/cifar10/strength_1p0/seed_21/splits/cifar10_split_seed21_clients5_alpha0p3_ref500.json,1.0,2,conv1,0,3,1.0,1.0,500
cka_feddst,cifar10,0.9,21,results/logs/cka_strength_sweep/cifar10/strength_1p0/seed_21/splits/cifar10_split_seed21_clients5_alpha0p3_ref500.json,1.0,2,conv1,0,4,1.0,1.0,500
cka_feddst,cifar10,0.9,21,results/logs/cka_strength_sweep/cifar10/strength_1p0/seed_21/splits/cifar10_split_seed21_clients5_alpha0p3_ref500.json,1.0,2,conv1,1,0,1.0,1.0,500
cka_feddst,cifar10,0.9,21,results/logs/cka_strength_sweep/cifar10/strength_1p0/seed_21/splits/cifar10_split_seed21_clients5_alpha0p3_ref500.json,1.0,2,conv1,1,1,1.0,1.0,500
cka_feddst,cifar10,0.9,21,results/logs/cka_strength_sweep/cifar10/strength_1p0/seed_21/splits/cifar10_split_seed21_clients5_alpha0p3_ref500.json,1.0,2,conv1,1,2,1.0,1.0,500
cka_feddst,cifar10,0.9,21,results/logs/cka_strength_sweep/cifar10/strength_1p0/seed_21/splits/cifar10_split_seed21_clients5_alpha0p3_ref500.json,1.0,2,conv1,1,3,1.0,1.0,500
cka_feddst,cifar10,0.9,21,results/logs/cka_strength_sweep/cifar10/strength_1p0/seed_21/splits/cifar10_split_seed21_clients5_alpha0p3_ref500.json,1.0,2,conv1,1,4,1.0,1.0,500
cka_feddst,cifar10,0.9,21,results/logs/cka_strength_sweep/cifar10/strength_1p0/seed_21/splits/cifar10_split_seed21_clients5_alpha0p3_ref500.json,1.0,2,conv1,2,0,1.0,1.0,500
cka_feddst,cifar10,0.9,21,results/logs/cka_strength_sweep/cifar10/strength_1p0/seed_21/splits/cifar10_split_seed21_clients5_alpha0p3_ref500.json,1.0,2,conv1,2,1,1.0,1.0,500
cka_feddst,cifar10,0.9,21,results/logs/cka_strength_sweep/cifar10/strength_1p0/seed_21/splits/cifar10_split_seed21_clients5_alpha0p3_ref500.json,1.0,2,conv1,2,2,1.0,1.0,500
cka_feddst,cifar10,0.9,21,results/logs/cka_strength_sweep/cifar10/strength_1p0/seed_21/splits/cifar10_split_seed21_clients5_alpha0p3_ref500.json,1.0,2,conv1,2,3,1.0,1.0,500
cka_feddst,cifar10,0.9,21,results/logs/cka_strength_sweep/cifar10/strength_1p0/seed_21/splits/cifar10_split_seed21_clients5_alpha0p3_ref500.json,1.0,2,conv1,2,4,1.0,1.0,500
cka_feddst,cifar10,0.9,21,results/logs/cka_strength_sweep/cifar10/strength_1p0/seed_21/splits/cifar10_split_seed21_clients5_alpha0p3_ref500.json,1.0,2,conv1,3,0,1.0,1.0,500
cka_feddst,cifar10,0.9,21,results/logs/cka_strength_sweep/cifar10/strength_1p0/seed_21/splits/cifar10_split_seed21_clients5_alpha0p3_ref500.json,1.0,2,conv1,3,1,1.0,1.0,500
cka_feddst,cifar10,0.9,21,results/logs/cka_strength_sweep/cifar10/strength_1p0/seed_21/splits/cifar10_split_seed21_clients5_alpha0p3_ref500.json,1.0,2,conv1,3,2,1.0,1.0,500
cka_feddst,cifar10,0.9,21,results/logs/cka_strength_sweep/cifar10/strength_1p0/seed_21/splits/cifar10_split_seed21_clients5_alpha0p3_ref500.json,1.0,2,conv1,3,3,1.0,1.0,500
cka_feddst,cifar10,0.9,21,results/logs/cka_strength_sweep/cifar10/strength_1p0/seed_21/splits/cifar10_split_seed21_clients5_alpha0p3_ref500.json,1.0,2,conv1,3,4,1.0,1.0,500
cka_feddst,cifar10,0.9,21,results/logs/cka_strength_sweep/cifar10/strength_1p0/seed_21/splits/cifar10_split_seed21_clients5_alpha0p3_ref500.json,1.0,2,conv1,4,0,1.0,1.0,500
cka_feddst,cifar10,0.9,21,results/logs/cka_strength_sweep/cifar10/strength_1p0/seed_21/splits/cifar10_split_seed21_clients5_alpha0p3_ref500.json,1.0,2,conv1,4,1,1.0,1.0,500
cka_feddst,cifar10,0.9,21,results/logs/cka_strength_sweep/cifar10/strength_1p0/seed_21/splits/cifar10_split_seed21_clients5_alpha0p3_ref500.json,1.0,2,conv1,4,2,1.0,1.0,500
cka_feddst,cifar10,0.9,21,results/logs/cka_strength_sweep/cifar10/strength_1p0/seed_21/splits/cifar10_split_seed21_clients5_alpha0p3_ref500.json,1.0,2,conv1,4,3,1.0,1.0,500
cka_feddst,cifar10,0.9,21,results/logs/cka_strength_sweep/cifar10/strength_1p0/seed_21/splits/cifar10_split_seed21_clients5_alpha0p3_ref500.json,1.0,2,conv1,4,4,1.0,1.0,500
cka_feddst,cifar10,0.9,21,results/logs/cka_strength_sweep/cifar10/strength_1p0/seed_21/splits/cifar10_split_seed21_clients5_alpha0p3_ref500.json,1.0,2,conv2,0,0,1.0,1.0,500
cka_feddst,cifar10,0.9,21,results/logs/cka_strength_sweep/cifar10/strength_1p0/seed_21/splits/cifar10_split_seed21_clients5_alpha0p3_ref500.json,1.0,2,conv2,0,1,1.0,1.0,500
cka_feddst,cifar10,0.9,21,results/logs/cka_strength_sweep/cifar10/strength_1p0/seed_21/splits/cifar10_split_seed21_clients5_alpha0p3_ref500.json,1.0,2,conv2,0,2,1.0,1.0,500
cka_feddst,cifar10,0.9,21,results/logs/cka_strength_sweep/cifar10/strength_1p0/seed_21/splits/cifar10_split_seed21_clients5_alpha0p3_ref500.json,1.0,2,conv2,0,3,1.0,1.0,500
cka_feddst,cifar10,0.9,21,results/logs/cka_strength_sweep/cifar10/strength_1p0/seed_21/splits/cifar10_split_seed21_clients5_alpha0p3_ref500.json,1.0,2,conv2,0,4,1.0,1.0,500
cka_feddst,cifar10,0.9,21,results/logs/cka_strength_sweep/cifar10/strength_1p0/seed_21/splits/cifar10_split_seed21_clients5_alpha0p3_ref500.json,1.0,2,conv2,1,0,1.0,1.0,500
cka_feddst,cifar10,0.9,21,results/logs/cka_strength_sweep/cifar10/strength_1p0/seed_21/splits/cifar10_split_seed21_clients5_alpha0p3_ref500.json,1.0,2,conv2,1,1,1.0,1.0,500
cka_feddst,cifar10,0.9,21,results/logs/cka_strength_sweep/cifar10/strength_1p0/seed_21/splits/cifar10_split_seed21_clients5_alpha0p3_ref500.json,1.0,2,conv2,1,2,1.0,1.0,500
cka_feddst,cifar10,0.9,21,results/logs/cka_strength_sweep/cifar10/strength_1p0/seed_21/splits/cifar10_split_seed21_clients5_alpha0p3_ref500.json,1.0,2,conv2,1,3,1.0,1.0,500
cka_feddst,cifar10,0.9,21,results/logs/cka_strength_sweep/cifar10/strength_1p0/seed_21/splits/cifar10_split_seed21_clients5_alpha0p3_ref500.json,1.0,2,conv2,1,4,1.0,1.0,500
cka_feddst,cifar10,0.9,21,results/logs/cka_strength_sweep/cifar10/strength_1p0/seed_21/splits/cifar10_split_seed21_clients5_alpha0p3_ref500.json,1.0,2,conv2,2,0,1.0,1.0,500
cka_feddst,cifar10,0.9,21,results/logs/cka_strength_sweep/cifar10/strength_1p0/seed_21/splits/cifar10_split_seed21_clients5_alpha0p3_ref500.json,1.0,2,conv2,2,1,1.0,1.0,500
cka_feddst,cifar10,0.9,21,results/logs/cka_strength_sweep/cifar10/strength_1p0/seed_21/splits/cifar10_split_seed21_clients5_alpha0p3_ref500.json,1.0,2,conv2,2,2,1.0,1.0,500
cka_feddst,cifar10,0.9,21,results/logs/cka_strength_sweep/cifar10/strength_1p0/seed_21/splits/cifar10_split_seed21_clients5_alpha0p3_ref500.json,1.0,2,conv2,2,3,1.0,1.0,500
cka_feddst,cifar10,0.9,21,results/logs/cka_strength_sweep/cifar10/strength_1p0/seed_21/splits/cifar10_split_seed21_clients5_alpha0p3_ref500.json,1.0,2,conv2,2,4,1.0,1.0,500
cka_feddst,cifar10,0.9,21,results/logs/cka_strength_sweep/cifar10/strength_1p0/seed_21/splits/cifar10_split_seed21_clients5_alpha0p3_ref500.json,1.0,2,conv2,3,0,1.0,1.0,500
cka_feddst,cifar10,0.9,21,results/logs/cka_strength_sweep/cifar10/strength_1p0/seed_21/splits/cifar10_split_seed21_clients5_alpha0p3_ref500.json,1.0,2,conv2,3,1,1.0,1.0,500
cka_feddst,cifar10,0.9,21,results/logs/cka_strength_sweep/cifar10/strength_1p0/seed_21/splits/cifar10_split_seed21_clients5_alpha0p3_ref500.json,1.0,2,conv2,3,2,1.0,1.0,500
cka_feddst,cifar10,0.9,21,results/logs/cka_strength_sweep/cifar10/strength_1p0/seed_21/splits/cifar10_split_seed21_clients5_alpha0p3_ref500.json,1.0,2,conv2,3,3,1.0,1.0,500
cka_feddst,cifar10,0.9,21,results/logs/cka_strength_sweep/cifar10/strength_1p0/seed_21/splits/cifar10_split_seed21_clients5_alpha0p3_ref500.json,1.0,2,conv2,3,4,1.0,1.0,500
cka_feddst,cifar10,0.9,21,results/logs/cka_strength_sweep/cifar10/strength_1p0/seed_21/splits/cifar10_split_seed21_clients5_alpha0p3_ref500.json,1.0,2,conv2,4,0,1.0,1.0,500
cka_feddst,cifar10,0.9,21,results/logs/cka_strength_sweep/cifar10/strength_1p0/seed_21/splits/cifar10_split_seed21_clients5_alpha0p3_ref500.json,1.0,2,conv2,4,1,1.0,1.0,500
cka_feddst,cifar10,0.9,21,results/logs/cka_strength_sweep/cifar10/strength_1p0/seed_21/splits/cifar10_split_seed21_clients5_alpha0p3_ref500.json,1.0,2,conv2,4,2,1.0,1.0,500
cka_feddst,cifar10,0.9,21,results/logs/cka_strength_sweep/cifar10/strength_1p0/seed_21/splits/cifar10_split_seed21_clients5_alpha0p3_ref500.json,1.0,2,conv2,4,3,1.0,1.0,500
cka_feddst,cifar10,0.9,21,results/logs/cka_strength_sweep/cifar10/strength_1p0/seed_21/splits/cifar10_split_seed21_clients5_alpha0p3_ref500.json,1.0,2,conv2,4,4,1.0,1.0,500
cka_feddst,cifar10,0.9,21,results/logs/cka_strength_sweep/cifar10/strength_1p0/seed_21/splits/cifar10_split_seed21_clients5_alpha0p3_ref500.json,1.0,2,conv3,0,0,1.0,0.9999887347221375,500
cka_feddst,cifar10,0.9,21,results/logs/cka_strength_sweep/cifar10/strength_1p0/seed_21/splits/cifar10_split_seed21_clients5_alpha0p3_ref500.json,1.0,2,conv3,0,1,0.9999804496765137,0.9999887347221375,500
cka_feddst,cifar10,0.9,21,results/logs/cka_strength_sweep/cifar10/strength_1p0/seed_21/splits/cifar10_split_seed21_clients5_alpha0p3_ref500.json,1.0,2,conv3,0,2,0.9999895095825195,0.9999887347221375,500
cka_feddst,cifar10,0.9,21,results/logs/cka_strength_sweep/cifar10/strength_1p0/seed_21/splits/cifar10_split_seed21_clients5_alpha0p3_ref500.json,1.0,2,conv3,0,3,0.9999793767929077,0.9999887347221375,500
cka_feddst,cifar10,0.9,21,results/logs/cka_strength_sweep/cifar10/strength_1p0/seed_21/splits/cifar10_split_seed21_clients5_alpha0p3_ref500.json,1.0,2,conv3,0,4,0.999983012676239,0.9999887347221375,500
cka_feddst,cifar10,0.9,21,results/logs/cka_strength_sweep/cifar10/strength_1p0/seed_21/splits/cifar10_split_seed21_clients5_alpha0p3_ref500.json,1.0,2,conv3,1,0,0.9999804496765137,0.9999887347221375,500
cka_feddst,cifar10,0.9,21,results/logs/cka_strength_sweep/cifar10/strength_1p0/seed_21/splits/cifar10_split_seed21_clients5_alpha0p3_ref500.json,1.0,2,conv3,1,1,1.0,0.9999887347221375,500
cka_feddst,cifar10,0.9,21,results/logs/cka_strength_sweep/cifar10/strength_1p0/seed_21/splits/cifar10_split_seed21_clients5_alpha0p3_ref500.json,1.0,2,conv3,1,2,0.9999905824661255,0.9999887347221375,500
cka_feddst,cifar10,0.9,21,results/logs/cka_strength_sweep/cifar10/strength_1p0/seed_21/splits/cifar10_split_seed21_clients5_alpha0p3_ref500.json,1.0,2,conv3,1,3,0.9999900460243225,0.9999887347221375,500
cka_feddst,cifar10,0.9,21,results/logs/cka_strength_sweep/cifar10/strength_1p0/seed_21/splits/cifar10_split_seed21_clients5_alpha0p3_ref500.json,1.0,2,conv3,1,4,0.9999916553497314,0.9999887347221375,500
cka_feddst,cifar10,0.9,21,results/logs/cka_strength_sweep/cifar10/strength_1p0/seed_21/splits/cifar10_split_seed21_clients5_alpha0p3_ref500.json,1.0,2,conv3,2,0,0.9999895095825195,0.9999887347221375,500
cka_feddst,cifar10,0.9,21,results/logs/cka_strength_sweep/cifar10/strength_1p0/seed_21/splits/cifar10_split_seed21_clients5_alpha0p3_ref500.json,1.0,2,conv3,2,1,0.9999905824661255,0.9999887347221375,500
cka_feddst,cifar10,0.9,21,results/logs/cka_strength_sweep/cifar10/strength_1p0/seed_21/splits/cifar10_split_seed21_clients5_alpha0p3_ref500.json,1.0,2,conv3,2,2,1.0,0.9999887347221375,500
cka_feddst,cifar10,0.9,21,results/logs/cka_strength_sweep/cifar10/strength_1p0/seed_21/splits/cifar10_split_seed21_clients5_alpha0p3_ref500.json,1.0,2,conv3,2,3,0.9999932646751404,0.9999887347221375,500
cka_feddst,cifar10,0.9,21,results/logs/cka_strength_sweep/cifar10/strength_1p0/seed_21/splits/cifar10_split_seed21_clients5_alpha0p3_ref500.json,1.0,2,conv3,2,4,0.9999982714653015,0.9999887347221375,500
cka_feddst,cifar10,0.9,21,results/logs/cka_strength_sweep/cifar10/strength_1p0/seed_21/splits/cifar10_split_seed21_clients5_alpha0p3_ref500.json,1.0,2,conv3,3,0,0.9999793767929077,0.9999887347221375,500
cka_feddst,cifar10,0.9,21,results/logs/cka_strength_sweep/cifar10/strength_1p0/seed_21/splits/cifar10_split_seed21_clients5_alpha0p3_ref500.json,1.0,2,conv3,3,1,0.9999900460243225,0.9999887347221375,500
cka_feddst,cifar10,0.9,21,results/logs/cka_strength_sweep/cifar10/strength_1p0/seed_21/splits/cifar10_split_seed21_clients5_alpha0p3_ref500.json,1.0,2,conv3,3,2,0.9999932646751404,0.9999887347221375,500
cka_feddst,cifar10,0.9,21,results/logs/cka_strength_sweep/cifar10/strength_1p0/seed_21/splits/cifar10_split_seed21_clients5_alpha0p3_ref500.json,1.0,2,conv3,3,3,1.0,0.9999887347221375,500
cka_feddst,cifar10,0.9,21,results/logs/cka_strength_sweep/cifar10/strength_1p0/seed_21/splits/cifar10_split_seed21_clients5_alpha0p3_ref500.json,1.0,2,conv3,3,4,0.9999915957450867,0.9999887347221375,500
cka_feddst,cifar10,0.9,21,results/logs/cka_strength_sweep/cifar10/strength_1p0/seed_21/splits/cifar10_split_seed21_clients5_alpha0p3_ref500.json,1.0,2,conv3,4,0,0.999983012676239,0.9999887347221375,500
cka_feddst,cifar10,0.9,21,results/logs/cka_strength_sweep/cifar10/strength_1p0/seed_21/splits/cifar10_split_seed21_clients5_alpha0p3_ref500.json,1.0,2,conv3,4,1,0.9999916553497314,0.9999887347221375,500
cka_feddst,cifar10,0.9,21,results/logs/cka_strength_sweep/cifar10/strength_1p0/seed_21/splits/cifar10_split_seed21_clients5_alpha0p3_ref500.json,1.0,2,conv3,4,2,0.9999982714653015,0.9999887347221375,500
cka_feddst,cifar10,0.9,21,results/logs/cka_strength_sweep/cifar10/strength_1p0/seed_21/splits/cifar10_split_seed21_clients5_alpha0p3_ref500.json,1.0,2,conv3,4,3,0.9999915957450867,0.9999887347221375,500
cka_feddst,cifar10,0.9,21,results/logs/cka_strength_sweep/cifar10/strength_1p0/seed_21/splits/cifar10_split_seed21_clients5_alpha0p3_ref500.json,1.0,2,conv3,4,4,1.0,0.9999887347221375,500
cka_feddst,cifar10,0.9,21,results/logs/cka_strength_sweep/cifar10/strength_1p0/seed_21/splits/cifar10_split_seed21_clients5_alpha0p3_ref500.json,1.0,2,fc1,0,0,1.0,0.9983512759208679,500
cka_feddst,cifar10,0.9,21,results/logs/cka_strength_sweep/cifar10/strength_1p0/seed_21/splits/cifar10_split_seed21_clients5_alpha0p3_ref500.json,1.0,2,fc1,0,1,0.9980354309082031,0.9983512759208679,500
cka_feddst,cifar10,0.9,21,results/logs/cka_strength_sweep/cifar10/strength_1p0/seed_21/splits/cifar10_split_seed21_clients5_alpha0p3_ref500.json,1.0,2,fc1,0,2,0.9989318251609802,0.9983512759208679,500
cka_feddst,cifar10,0.9,21,results/logs/cka_strength_sweep/cifar10/strength_1p0/seed_21/splits/cifar10_split_seed21_clients5_alpha0p3_ref500.json,1.0,2,fc1,0,3,0.9983351826667786,0.9983512759208679,500
cka_feddst,cifar10,0.9,21,results/logs/cka_strength_sweep/cifar10/strength_1p0/seed_21/splits/cifar10_split_seed21_clients5_alpha0p3_ref500.json,1.0,2,fc1,0,4,0.9984622597694397,0.9983512759208679,500
cka_feddst,cifar10,0.9,21,results/logs/cka_strength_sweep/cifar10/strength_1p0/seed_21/splits/cifar10_split_seed21_clients5_alpha0p3_ref500.json,1.0,2,fc1,1,0,0.9980354309082031,0.9983512759208679,500
cka_feddst,cifar10,0.9,21,results/logs/cka_strength_sweep/cifar10/strength_1p0/seed_21/splits/cifar10_split_seed21_clients5_alpha0p3_ref500.json,1.0,2,fc1,1,1,1.0,0.9983512759208679,500
cka_feddst,cifar10,0.9,21,results/logs/cka_strength_sweep/cifar10/strength_1p0/seed_21/splits/cifar10_split_seed21_clients5_alpha0p3_ref500.json,1.0,2,fc1,1,2,0.9981866478919983,0.9983512759208679,500
cka_feddst,cifar10,0.9,21,results/logs/cka_strength_sweep/cifar10/strength_1p0/seed_21/splits/cifar10_split_seed21_clients5_alpha0p3_ref500.json,1.0,2,fc1,1,3,0.9985817670822144,0.9983512759208679,500
cka_feddst,cifar10,0.9,21,results/logs/cka_strength_sweep/cifar10/strength_1p0/seed_21/splits/cifar10_split_seed21_clients5_alpha0p3_ref500.json,1.0,2,fc1,1,4,0.997887372970581,0.9983512759208679,500
cka_feddst,cifar10,0.9,21,results/logs/cka_strength_sweep/cifar10/strength_1p0/seed_21/splits/cifar10_split_seed21_clients5_alpha0p3_ref500.json,1.0,2,fc1,2,0,0.9989318251609802,0.9983512759208679,500
cka_feddst,cifar10,0.9,21,results/logs/cka_strength_sweep/cifar10/strength_1p0/seed_21/splits/cifar10_split_seed21_clients5_alpha0p3_ref500.json,1.0,2,fc1,2,1,0.9981866478919983,0.9983512759208679,500
cka_feddst,cifar10,0.9,21,results/logs/cka_strength_sweep/cifar10/strength_1p0/seed_21/splits/cifar10_split_seed21_clients5_alpha0p3_ref500.json,1.0,2,fc1,2,2,1.0,0.9983512759208679,500
cka_feddst,cifar10,0.9,21,results/logs/cka_strength_sweep/cifar10/strength_1p0/seed_21/splits/cifar10_split_seed21_clients5_alpha0p3_ref500.json,1.0,2,fc1,2,3,0.9991154074668884,0.9983512759208679,500
cka_feddst,cifar10,0.9,21,results/logs/cka_strength_sweep/cifar10/strength_1p0/seed_21/splits/cifar10_split_seed21_clients5_alpha0p3_ref500.json,1.0,2,fc1,2,4,0.9980700016021729,0.9983512759208679,500
cka_feddst,cifar10,0.9,21,results/logs/cka_strength_sweep/cifar10/strength_1p0/seed_21/splits/cifar10_split_seed21_clients5_alpha0p3_ref500.json,1.0,2,fc1,3,0,0.9983351826667786,0.9983512759208679,500
cka_feddst,cifar10,0.9,21,results/logs/cka_strength_sweep/cifar10/strength_1p0/seed_21/splits/cifar10_split_seed21_clients5_alpha0p3_ref500.json,1.0,2,fc1,3,1,0.9985817670822144,0.9983512759208679,500
cka_feddst,cifar10,0.9,21,results/logs/cka_strength_sweep/cifar10/strength_1p0/seed_21/splits/cifar10_split_seed21_clients5_alpha0p3_ref500.json,1.0,2,fc1,3,2,0.9991154074668884,0.9983512759208679,500
cka_feddst,cifar10,0.9,21,results/logs/cka_strength_sweep/cifar10/strength_1p0/seed_21/splits/cifar10_split_seed21_clients5_alpha0p3_ref500.json,1.0,2,fc1,3,3,1.0,0.9983512759208679,500
cka_feddst,cifar10,0.9,21,results/logs/cka_strength_sweep/cifar10/strength_1p0/seed_21/splits/cifar10_split_seed21_clients5_alpha0p3_ref500.json,1.0,2,fc1,3,4,0.997907280921936,0.9983512759208679,500
cka_feddst,cifar10,0.9,21,results/logs/cka_strength_sweep/cifar10/strength_1p0/seed_21/splits/cifar10_split_seed21_clients5_alpha0p3_ref500.json,1.0,2,fc1,4,0,0.9984622597694397,0.9983512759208679,500
cka_feddst,cifar10,0.9,21,results/logs/cka_strength_sweep/cifar10/strength_1p0/seed_21/splits/cifar10_split_seed21_clients5_alpha0p3_ref500.json,1.0,2,fc1,4,1,0.997887372970581,0.9983512759208679,500
cka_feddst,cifar10,0.9,21,results/logs/cka_strength_sweep/cifar10/strength_1p0/seed_21/splits/cifar10_split_seed21_clients5_alpha0p3_ref500.json,1.0,2,fc1,4,2,0.9980700016021729,0.9983512759208679,500
cka_feddst,cifar10,0.9,21,results/logs/cka_strength_sweep/cifar10/strength_1p0/seed_21/splits/cifar10_split_seed21_clients5_alpha0p3_ref500.json,1.0,2,fc1,4,3,0.997907280921936,0.9983512759208679,500
cka_feddst,cifar10,0.9,21,results/logs/cka_strength_sweep/cifar10/strength_1p0/seed_21/splits/cifar10_split_seed21_clients5_alpha0p3_ref500.json,1.0,2,fc1,4,4,1.0,0.9983512759208679,500
cka_feddst,cifar10,0.9,21,results/logs/cka_strength_sweep/cifar10/strength_1p0/seed_21/splits/cifar10_split_seed21_clients5_alpha0p3_ref500.json,1.0,4,conv1,0,0,1.0,1.0,500
cka_feddst,cifar10,0.9,21,results/logs/cka_strength_sweep/cifar10/strength_1p0/seed_21/splits/cifar10_split_seed21_clients5_alpha0p3_ref500.json,1.0,4,conv1,0,1,1.0,1.0,500
cka_feddst,cifar10,0.9,21,results/logs/cka_strength_sweep/cifar10/strength_1p0/seed_21/splits/cifar10_split_seed21_clients5_alpha0p3_ref500.json,1.0,4,conv1,0,2,1.0,1.0,500
cka_feddst,cifar10,0.9,21,results/logs/cka_strength_sweep/cifar10/strength_1p0/seed_21/splits/cifar10_split_seed21_clients5_alpha0p3_ref500.json,1.0,4,conv1,0,3,1.0,1.0,500
cka_feddst,cifar10,0.9,21,results/logs/cka_strength_sweep/cifar10/strength_1p0/seed_21/splits/cifar10_split_seed21_clients5_alpha0p3_ref500.json,1.0,4,conv1,0,4,1.0,1.0,500
cka_feddst,cifar10,0.9,21,results/logs/cka_strength_sweep/cifar10/strength_1p0/seed_21/splits/cifar10_split_seed21_clients5_alpha0p3_ref500.json,1.0,4,conv1,1,0,1.0,1.0,500
cka_feddst,cifar10,0.9,21,results/logs/cka_strength_sweep/cifar10/strength_1p0/seed_21/splits/cifar10_split_seed21_clients5_alpha0p3_ref500.json,1.0,4,conv1,1,1,1.0,1.0,500
cka_feddst,cifar10,0.9,21,results/logs/cka_strength_sweep/cifar10/strength_1p0/seed_21/splits/cifar10_split_seed21_clients5_alpha0p3_ref500.json,1.0,4,conv1,1,2,1.0,1.0,500
cka_feddst,cifar10,0.9,21,results/logs/cka_strength_sweep/cifar10/strength_1p0/seed_21/splits/cifar10_split_seed21_clients5_alpha0p3_ref500.json,1.0,4,conv1,1,3,1.0,1.0,500
cka_feddst,cifar10,0.9,21,results/logs/cka_strength_sweep/cifar10/strength_1p0/seed_21/splits/cifar10_split_seed21_clients5_alpha0p3_ref500.json,1.0,4,conv1,1,4,1.0,1.0,500
cka_feddst,cifar10,0.9,21,results/logs/cka_strength_sweep/cifar10/strength_1p0/seed_21/splits/cifar10_split_seed21_clients5_alpha0p3_ref500.json,1.0,4,conv1,2,0,1.0,1.0,500
cka_feddst,cifar10,0.9,21,results/logs/cka_strength_sweep/cifar10/strength_1p0/seed_21/splits/cifar10_split_seed21_clients5_alpha0p3_ref500.json,1.0,4,conv1,2,1,1.0,1.0,500
cka_feddst,cifar10,0.9,21,results/logs/cka_strength_sweep/cifar10/strength_1p0/seed_21/splits/cifar10_split_seed21_clients5_alpha0p3_ref500.json,1.0,4,conv1,2,2,1.0,1.0,500
cka_feddst,cifar10,0.9,21,results/logs/cka_strength_sweep/cifar10/strength_1p0/seed_21/splits/cifar10_split_seed21_clients5_alpha0p3_ref500.json,1.0,4,conv1,2,3,1.0,1.0,500
cka_feddst,cifar10,0.9,21,results/logs/cka_strength_sweep/cifar10/strength_1p0/seed_21/splits/cifar10_split_seed21_clients5_alpha0p3_ref500.json,1.0,4,conv1,2,4,1.0,1.0,500
cka_feddst,cifar10,0.9,21,results/logs/cka_strength_sweep/cifar10/strength_1p0/seed_21/splits/cifar10_split_seed21_clients5_alpha0p3_ref500.json,1.0,4,conv1,3,0,1.0,1.0,500
cka_feddst,cifar10,0.9,21,results/logs/cka_strength_sweep/cifar10/strength_1p0/seed_21/splits/cifar10_split_seed21_clients5_alpha0p3_ref500.json,1.0,4,conv1,3,1,1.0,1.0,500
cka_feddst,cifar10,0.9,21,results/logs/cka_strength_sweep/cifar10/strength_1p0/seed_21/splits/cifar10_split_seed21_clients5_alpha0p3_ref500.json,1.0,4,conv1,3,2,1.0,1.0,500
cka_feddst,cifar10,0.9,21,results/logs/cka_strength_sweep/cifar10/strength_1p0/seed_21/splits/cifar10_split_seed21_clients5_alpha0p3_ref500.json,1.0,4,conv1,3,3,1.0,1.0,500
cka_feddst,cifar10,0.9,21,results/logs/cka_strength_sweep/cifar10/strength_1p0/seed_21/splits/cifar10_split_seed21_clients5_alpha0p3_ref500.json,1.0,4,conv1,3,4,1.0,1.0,500
cka_feddst,cifar10,0.9,21,results/logs/cka_strength_sweep/cifar10/strength_1p0/seed_21/splits/cifar10_split_seed21_clients5_alpha0p3_ref500.json,1.0,4,conv1,4,0,1.0,1.0,500
cka_feddst,cifar10,0.9,21,results/logs/cka_strength_sweep/cifar10/strength_1p0/seed_21/splits/cifar10_split_seed21_clients5_alpha0p3_ref500.json,1.0,4,conv1,4,1,1.0,1.0,500
cka_feddst,cifar10,0.9,21,results/logs/cka_strength_sweep/cifar10/strength_1p0/seed_21/splits/cifar10_split_seed21_clients5_alpha0p3_ref500.json,1.0,4,conv1,4,2,1.0,1.0,500
cka_feddst,cifar10,0.9,21,results/logs/cka_strength_sweep/cifar10/strength_1p0/seed_21/splits/cifar10_split_seed21_clients5_alpha0p3_ref500.json,1.0,4,conv1,4,3,1.0,1.0,500
cka_feddst,cifar10,0.9,21,results/logs/cka_strength_sweep/cifar10/strength_1p0/seed_21/splits/cifar10_split_seed21_clients5_alpha0p3_ref500.json,1.0,4,conv1,4,4,1.0,1.0,500
cka_feddst,cifar10,0.9,21,results/logs/cka_strength_sweep/cifar10/strength_1p0/seed_21/splits/cifar10_split_seed21_clients5_alpha0p3_ref500.json,1.0,4,conv2,0,0,1.0,0.9999807476997375,500
cka_feddst,cifar10,0.9,21,results/logs/cka_strength_sweep/cifar10/strength_1p0/seed_21/splits/cifar10_split_seed21_clients5_alpha0p3_ref500.json,1.0,4,conv2,0,1,0.9999555349349976,0.9999807476997375,500
cka_feddst,cifar10,0.9,21,results/logs/cka_strength_sweep/cifar10/strength_1p0/seed_21/splits/cifar10_split_seed21_clients5_alpha0p3_ref500.json,1.0,4,conv2,0,2,0.9999563097953796,0.9999807476997375,500
cka_feddst,cifar10,0.9,21,results/logs/cka_strength_sweep/cifar10/strength_1p0/seed_21/splits/cifar10_split_seed21_clients5_alpha0p3_ref500.json,1.0,4,conv2,0,3,0.9999704957008362,0.9999807476997375,500
cka_feddst,cifar10,0.9,21,results/logs/cka_strength_sweep/cifar10/strength_1p0/seed_21/splits/cifar10_split_seed21_clients5_alpha0p3_ref500.json,1.0,4,conv2,0,4,0.9999444484710693,0.9999807476997375,500
cka_feddst,cifar10,0.9,21,results/logs/cka_strength_sweep/cifar10/strength_1p0/seed_21/splits/cifar10_split_seed21_clients5_alpha0p3_ref500.json,1.0,4,conv2,1,0,0.9999555349349976,0.9999807476997375,500
cka_feddst,cifar10,0.9,21,results/logs/cka_strength_sweep/cifar10/strength_1p0/seed_21/splits/cifar10_split_seed21_clients5_alpha0p3_ref500.json,1.0,4,conv2,1,1,1.0,0.9999807476997375,500
cka_feddst,cifar10,0.9,21,results/logs/cka_strength_sweep/cifar10/strength_1p0/seed_21/splits/cifar10_split_seed21_clients5_alpha0p3_ref500.json,1.0,4,conv2,1,2,0.9999991655349731,0.9999807476997375,500
cka_feddst,cifar10,0.9,21,results/logs/cka_strength_sweep/cifar10/strength_1p0/seed_21/splits/cifar10_split_seed21_clients5_alpha0p3_ref500.json,1.0,4,conv2,1,3,0.9999954700469971,0.9999807476997375,500
cka_feddst,cifar10,0.9,21,results/logs/cka_strength_sweep/cifar10/strength_1p0/seed_21/splits/cifar10_split_seed21_clients5_alpha0p3_ref500.json,1.0,4,conv2,1,4,1.0,0.9999807476997375,500
cka_feddst,cifar10,0.9,21,results/logs/cka_strength_sweep/cifar10/strength_1p0/seed_21/splits/cifar10_split_seed21_clients5_alpha0p3_ref500.json,1.0,4,conv2,2,0,0.9999563097953796,0.9999807476997375,500
cka_feddst,cifar10,0.9,21,results/logs/cka_strength_sweep/cifar10/strength_1p0/seed_21/splits/cifar10_split_seed21_clients5_alpha0p3_ref500.json,1.0,4,conv2,2,1,0.9999991655349731,0.9999807476997375,500
cka_feddst,cifar10,0.9,21,results/logs/cka_strength_sweep/cifar10/strength_1p0/seed_21/splits/cifar10_split_seed21_clients5_alpha0p3_ref500.json,1.0,4,conv2,2,2,1.0,0.9999807476997375,500
cka_feddst,cifar10,0.9,21,results/logs/cka_strength_sweep/cifar10/strength_1p0/seed_21/splits/cifar10_split_seed21_clients5_alpha0p3_ref500.json,1.0,4,conv2,2,3,1.0,0.9999807476997375,500
cka_feddst,cifar10,0.9,21,results/logs/cka_strength_sweep/cifar10/strength_1p0/seed_21/splits/cifar10_split_seed21_clients5_alpha0p3_ref500.json,1.0,4,conv2,2,4,0.9999960064888,0.9999807476997375,500
cka_feddst,cifar10,0.9,21,results/logs/cka_strength_sweep/cifar10/strength_1p0/seed_21/splits/cifar10_split_seed21_clients5_alpha0p3_ref500.json,1.0,4,conv2,3,0,0.9999704957008362,0.9999807476997375,500
cka_feddst,cifar10,0.9,21,results/logs/cka_strength_sweep/cifar10/strength_1p0/seed_21/splits/cifar10_split_seed21_clients5_alpha0p3_ref500.json,1.0,4,conv2,3,1,0.9999954700469971,0.9999807476997375,500
cka_feddst,cifar10,0.9,21,results/logs/cka_strength_sweep/cifar10/strength_1p0/seed_21/splits/cifar10_split_seed21_clients5_alpha0p3_ref500.json,1.0,4,conv2,3,2,1.0,0.9999807476997375,500
cka_feddst,cifar10,0.9,21,results/logs/cka_strength_sweep/cifar10/strength_1p0/seed_21/splits/cifar10_split_seed21_clients5_alpha0p3_ref500.json,1.0,4,conv2,3,3,1.0,0.9999807476997375,500
cka_feddst,cifar10,0.9,21,results/logs/cka_strength_sweep/cifar10/strength_1p0/seed_21/splits/cifar10_split_seed21_clients5_alpha0p3_ref500.json,1.0,4,conv2,3,4,0.9999898672103882,0.9999807476997375,500
cka_feddst,cifar10,0.9,21,results/logs/cka_strength_sweep/cifar10/strength_1p0/seed_21/splits/cifar10_split_seed21_clients5_alpha0p3_ref500.json,1.0,4,conv2,4,0,0.9999444484710693,0.9999807476997375,500
cka_feddst,cifar10,0.9,21,results/logs/cka_strength_sweep/cifar10/strength_1p0/seed_21/splits/cifar10_split_seed21_clients5_alpha0p3_ref500.json,1.0,4,conv2,4,1,1.0,0.9999807476997375,500
cka_feddst,cifar10,0.9,21,results/logs/cka_strength_sweep/cifar10/strength_1p0/seed_21/splits/cifar10_split_seed21_clients5_alpha0p3_ref500.json,1.0,4,conv2,4,2,0.9999960064888,0.9999807476997375,500
cka_feddst,cifar10,0.9,21,results/logs/cka_strength_sweep/cifar10/strength_1p0/seed_21/splits/cifar10_split_seed21_clients5_alpha0p3_ref500.json,1.0,4,conv2,4,3,0.9999898672103882,0.9999807476997375,500
cka_feddst,cifar10,0.9,21,results/logs/cka_strength_sweep/cifar10/strength_1p0/seed_21/splits/cifar10_split_seed21_clients5_alpha0p3_ref500.json,1.0,4,conv2,4,4,1.0,0.9999807476997375,500
cka_feddst,cifar10,0.9,21,results/logs/cka_strength_sweep/cifar10/strength_1p0/seed_21/splits/cifar10_split_seed21_clients5_alpha0p3_ref500.json,1.0,4,conv3,0,0,1.0,0.9998924136161804,500
cka_feddst,cifar10,0.9,21,results/logs/cka_strength_sweep/cifar10/strength_1p0/seed_21/splits/cifar10_split_seed21_clients5_alpha0p3_ref500.json,1.0,4,conv3,0,1,0.9997735023498535,0.9998924136161804,500
cka_feddst,cifar10,0.9,21,results/logs/cka_strength_sweep/cifar10/strength_1p0/seed_21/splits/cifar10_split_seed21_clients5_alpha0p3_ref500.json,1.0,4,conv3,0,2,0.9998518228530884,0.9998924136161804,500
cka_feddst,cifar10,0.9,21,results/logs/cka_strength_sweep/cifar10/strength_1p0/seed_21/splits/cifar10_split_seed21_clients5_alpha0p3_ref500.json,1.0,4,conv3,0,3,0.9999189376831055,0.9998924136161804,500
cka_feddst,cifar10,0.9,21,results/logs/cka_strength_sweep/cifar10/strength_1p0/seed_21/splits/cifar10_split_seed21_clients5_alpha0p3_ref500.json,1.0,4,conv3,0,4,0.999738872051239,0.9998924136161804,500
cka_feddst,cifar10,0.9,21,results/logs/cka_strength_sweep/cifar10/strength_1p0/seed_21/splits/cifar10_split_seed21_clients5_alpha0p3_ref500.json,1.0,4,conv3,1,0,0.9997735023498535,0.9998924136161804,500
cka_feddst,cifar10,0.9,21,results/logs/cka_strength_sweep/cifar10/strength_1p0/seed_21/splits/cifar10_split_seed21_clients5_alpha0p3_ref500.json,1.0,4,conv3,1,1,1.0,0.9998924136161804,500
cka_feddst,cifar10,0.9,21,results/logs/cka_strength_sweep/cifar10/strength_1p0/seed_21/splits/cifar10_split_seed21_clients5_alpha0p3_ref500.json,1.0,4,conv3,1,2,0.9999462366104126,0.9998924136161804,500
cka_feddst,cifar10,0.9,21,results/logs/cka_strength_sweep/cifar10/strength_1p0/seed_21/splits/cifar10_split_seed21_clients5_alpha0p3_ref500.json,1.0,4,conv3,1,3,0.9998990297317505,0.9998924136161804,500
cka_feddst,cifar10,0.9,21,results/logs/cka_strength_sweep/cifar10/strength_1p0/seed_21/splits/cifar10_split_seed21_clients5_alpha0p3_ref500.json,1.0,4,conv3,1,4,0.9999704360961914,0.9998924136161804,500
cka_feddst,cifar10,0.9,21,results/logs/cka_strength_sweep/cifar10/strength_1p0/seed_21/splits/cifar10_split_seed21_clients5_alpha0p3_ref500.json,1.0,4,conv3,2,0,0.9998518228530884,0.9998924136161804,500
cka_feddst,cifar10,0.9,21,results/logs/cka_strength_sweep/cifar10/strength_1p0/seed_21/splits/cifar10_split_seed21_clients5_alpha0p3_ref500.json,1.0,4,conv3,2,1,0.9999462366104126,0.9998924136161804,500
cka_feddst,cifar10,0.9,21,results/logs/cka_strength_sweep/cifar10/strength_1p0/seed_21/splits/cifar10_split_seed21_clients5_alpha0p3_ref500.json,1.0,4,conv3,2,2,1.0,0.9998924136161804,500
cka_feddst,cifar10,0.9,21,results/logs/cka_strength_sweep/cifar10/strength_1p0/seed_21/splits/cifar10_split_seed21_clients5_alpha0p3_ref500.json,1.0,4,conv3,2,3,0.9999697208404541,0.9998924136161804,500
cka_feddst,cifar10,0.9,21,results/logs/cka_strength_sweep/cifar10/strength_1p0/seed_21/splits/cifar10_split_seed21_clients5_alpha0p3_ref500.json,1.0,4,conv3,2,4,0.9999576210975647,0.9998924136161804,500
cka_feddst,cifar10,0.9,21,results/logs/cka_strength_sweep/cifar10/strength_1p0/seed_21/splits/cifar10_split_seed21_clients5_alpha0p3_ref500.json,1.0,4,conv3,3,0,0.9999189376831055,0.9998924136161804,500
cka_feddst,cifar10,0.9,21,results/logs/cka_strength_sweep/cifar10/strength_1p0/seed_21/splits/cifar10_split_seed21_clients5_alpha0p3_ref500.json,1.0,4,conv3,3,1,0.9998990297317505,0.9998924136161804,500
cka_feddst,cifar10,0.9,21,results/logs/cka_strength_sweep/cifar10/strength_1p0/seed_21/splits/cifar10_split_seed21_clients5_alpha0p3_ref500.json,1.0,4,conv3,3,2,0.9999697208404541,0.9998924136161804,500
cka_feddst,cifar10,0.9,21,results/logs/cka_strength_sweep/cifar10/strength_1p0/seed_21/splits/cifar10_split_seed21_clients5_alpha0p3_ref500.json,1.0,4,conv3,3,3,1.0,0.9998924136161804,500
cka_feddst,cifar10,0.9,21,results/logs/cka_strength_sweep/cifar10/strength_1p0/seed_21/splits/cifar10_split_seed21_clients5_alpha0p3_ref500.json,1.0,4,conv3,3,4,0.9998992085456848,0.9998924136161804,500
cka_feddst,cifar10,0.9,21,results/logs/cka_strength_sweep/cifar10/strength_1p0/seed_21/splits/cifar10_split_seed21_clients5_alpha0p3_ref500.json,1.0,4,conv3,4,0,0.999738872051239,0.9998924136161804,500
cka_feddst,cifar10,0.9,21,results/logs/cka_strength_sweep/cifar10/strength_1p0/seed_21/splits/cifar10_split_seed21_clients5_alpha0p3_ref500.json,1.0,4,conv3,4,1,0.9999704360961914,0.9998924136161804,500
cka_feddst,cifar10,0.9,21,results/logs/cka_strength_sweep/cifar10/strength_1p0/seed_21/splits/cifar10_split_seed21_clients5_alpha0p3_ref500.json,1.0,4,conv3,4,2,0.9999576210975647,0.9998924136161804,500
cka_feddst,cifar10,0.9,21,results/logs/cka_strength_sweep/cifar10/strength_1p0/seed_21/splits/cifar10_split_seed21_clients5_alpha0p3_ref500.json,1.0,4,conv3,4,3,0.9998992085456848,0.9998924136161804,500
cka_feddst,cifar10,0.9,21,results/logs/cka_strength_sweep/cifar10/strength_1p0/seed_21/splits/cifar10_split_seed21_clients5_alpha0p3_ref500.json,1.0,4,conv3,4,4,1.0,0.9998924136161804,500
cka_feddst,cifar10,0.9,21,results/logs/cka_strength_sweep/cifar10/strength_1p0/seed_21/splits/cifar10_split_seed21_clients5_alpha0p3_ref500.json,1.0,4,fc1,0,0,1.0,0.9887672662734985,500
cka_feddst,cifar10,0.9,21,results/logs/cka_strength_sweep/cifar10/strength_1p0/seed_21/splits/cifar10_split_seed21_clients5_alpha0p3_ref500.json,1.0,4,fc1,0,1,0.9776184558868408,0.9887672662734985,500
cka_feddst,cifar10,0.9,21,results/logs/cka_strength_sweep/cifar10/strength_1p0/seed_21/splits/cifar10_split_seed21_clients5_alpha0p3_ref500.json,1.0,4,fc1,0,2,0.9782557487487793,0.9887672662734985,500
cka_feddst,cifar10,0.9,21,results/logs/cka_strength_sweep/cifar10/strength_1p0/seed_21/splits/cifar10_split_seed21_clients5_alpha0p3_ref500.json,1.0,4,fc1,0,3,0.9860354065895081,0.9887672662734985,500
cka_feddst,cifar10,0.9,21,results/logs/cka_strength_sweep/cifar10/strength_1p0/seed_21/splits/cifar10_split_seed21_clients5_alpha0p3_ref500.json,1.0,4,fc1,0,4,0.9723456501960754,0.9887672662734985,500
cka_feddst,cifar10,0.9,21,results/logs/cka_strength_sweep/cifar10/strength_1p0/seed_21/splits/cifar10_split_seed21_clients5_alpha0p3_ref500.json,1.0,4,fc1,1,0,0.9776184558868408,0.9887672662734985,500
cka_feddst,cifar10,0.9,21,results/logs/cka_strength_sweep/cifar10/strength_1p0/seed_21/splits/cifar10_split_seed21_clients5_alpha0p3_ref500.json,1.0,4,fc1,1,1,1.0,0.9887672662734985,500
cka_feddst,cifar10,0.9,21,results/logs/cka_strength_sweep/cifar10/strength_1p0/seed_21/splits/cifar10_split_seed21_clients5_alpha0p3_ref500.json,1.0,4,fc1,1,2,0.9947914481163025,0.9887672662734985,500
cka_feddst,cifar10,0.9,21,results/logs/cka_strength_sweep/cifar10/strength_1p0/seed_21/splits/cifar10_split_seed21_clients5_alpha0p3_ref500.json,1.0,4,fc1,1,3,0.9944853186607361,0.9887672662734985,500
cka_feddst,cifar10,0.9,21,results/logs/cka_strength_sweep/cifar10/strength_1p0/seed_21/splits/cifar10_split_seed21_clients5_alpha0p3_ref500.json,1.0,4,fc1,1,4,0.9938979148864746,0.9887672662734985,500
cka_feddst,cifar10,0.9,21,results/logs/cka_strength_sweep/cifar10/strength_1p0/seed_21/splits/cifar10_split_seed21_clients5_alpha0p3_ref500.json,1.0,4,fc1,2,0,0.9782557487487793,0.9887672662734985,500
cka_feddst,cifar10,0.9,21,results/logs/cka_strength_sweep/cifar10/strength_1p0/seed_21/splits/cifar10_split_seed21_clients5_alpha0p3_ref500.json,1.0,4,fc1,2,1,0.9947914481163025,0.9887672662734985,500
cka_feddst,cifar10,0.9,21,results/logs/cka_strength_sweep/cifar10/strength_1p0/seed_21/splits/cifar10_split_seed21_clients5_alpha0p3_ref500.json,1.0,4,fc1,2,2,1.0,0.9887672662734985,500
cka_feddst,cifar10,0.9,21,results/logs/cka_strength_sweep/cifar10/strength_1p0/seed_21/splits/cifar10_split_seed21_clients5_alpha0p3_ref500.json,1.0,4,fc1,2,3,0.9977385401725769,0.9887672662734985,500
cka_feddst,cifar10,0.9,21,results/logs/cka_strength_sweep/cifar10/strength_1p0/seed_21/splits/cifar10_split_seed21_clients5_alpha0p3_ref500.json,1.0,4,fc1,2,4,0.9973660111427307,0.9887672662734985,500
cka_feddst,cifar10,0.9,21,results/logs/cka_strength_sweep/cifar10/strength_1p0/seed_21/splits/cifar10_split_seed21_clients5_alpha0p3_ref500.json,1.0,4,fc1,3,0,0.9860354065895081,0.9887672662734985,500
cka_feddst,cifar10,0.9,21,results/logs/cka_strength_sweep/cifar10/strength_1p0/seed_21/splits/cifar10_split_seed21_clients5_alpha0p3_ref500.json,1.0,4,fc1,3,1,0.9944853186607361,0.9887672662734985,500
cka_feddst,cifar10,0.9,21,results/logs/cka_strength_sweep/cifar10/strength_1p0/seed_21/splits/cifar10_split_seed21_clients5_alpha0p3_ref500.json,1.0,4,fc1,3,2,0.9977385401725769,0.9887672662734985,500
cka_feddst,cifar10,0.9,21,results/logs/cka_strength_sweep/cifar10/strength_1p0/seed_21/splits/cifar10_split_seed21_clients5_alpha0p3_ref500.json,1.0,4,fc1,3,3,1.0,0.9887672662734985,500
cka_feddst,cifar10,0.9,21,results/logs/cka_strength_sweep/cifar10/strength_1p0/seed_21/splits/cifar10_split_seed21_clients5_alpha0p3_ref500.json,1.0,4,fc1,3,4,0.9951373338699341,0.9887672662734985,500
cka_feddst,cifar10,0.9,21,results/logs/cka_strength_sweep/cifar10/strength_1p0/seed_21/splits/cifar10_split_seed21_clients5_alpha0p3_ref500.json,1.0,4,fc1,4,0,0.9723456501960754,0.9887672662734985,500
cka_feddst,cifar10,0.9,21,results/logs/cka_strength_sweep/cifar10/strength_1p0/seed_21/splits/cifar10_split_seed21_clients5_alpha0p3_ref500.json,1.0,4,fc1,4,1,0.9938979148864746,0.9887672662734985,500
cka_feddst,cifar10,0.9,21,results/logs/cka_strength_sweep/cifar10/strength_1p0/seed_21/splits/cifar10_split_seed21_clients5_alpha0p3_ref500.json,1.0,4,fc1,4,2,0.9973660111427307,0.9887672662734985,500
cka_feddst,cifar10,0.9,21,results/logs/cka_strength_sweep/cifar10/strength_1p0/seed_21/splits/cifar10_split_seed21_clients5_alpha0p3_ref500.json,1.0,4,fc1,4,3,0.9951373338699341,0.9887672662734985,500
cka_feddst,cifar10,0.9,21,results/logs/cka_strength_sweep/cifar10/strength_1p0/seed_21/splits/cifar10_split_seed21_clients5_alpha0p3_ref500.json,1.0,4,fc1,4,4,1.0,0.9887672662734985,500
cka_feddst,cifar10,0.9,21,results/logs/cka_strength_sweep/cifar10/strength_1p0/seed_21/splits/cifar10_split_seed21_clients5_alpha0p3_ref500.json,1.0,6,conv1,0,0,1.0,1.0,500
cka_feddst,cifar10,0.9,21,results/logs/cka_strength_sweep/cifar10/strength_1p0/seed_21/splits/cifar10_split_seed21_clients5_alpha0p3_ref500.json,1.0,6,conv1,0,1,1.0,1.0,500
cka_feddst,cifar10,0.9,21,results/logs/cka_strength_sweep/cifar10/strength_1p0/seed_21/splits/cifar10_split_seed21_clients5_alpha0p3_ref500.json,1.0,6,conv1,0,2,1.0,1.0,500
cka_feddst,cifar10,0.9,21,results/logs/cka_strength_sweep/cifar10/strength_1p0/seed_21/splits/cifar10_split_seed21_clients5_alpha0p3_ref500.json,1.0,6,conv1,0,3,1.0,1.0,500
cka_feddst,cifar10,0.9,21,results/logs/cka_strength_sweep/cifar10/strength_1p0/seed_21/splits/cifar10_split_seed21_clients5_alpha0p3_ref500.json,1.0,6,conv1,0,4,1.0,1.0,500
cka_feddst,cifar10,0.9,21,results/logs/cka_strength_sweep/cifar10/strength_1p0/seed_21/splits/cifar10_split_seed21_clients5_alpha0p3_ref500.json,1.0,6,conv1,1,0,1.0,1.0,500
cka_feddst,cifar10,0.9,21,results/logs/cka_strength_sweep/cifar10/strength_1p0/seed_21/splits/cifar10_split_seed21_clients5_alpha0p3_ref500.json,1.0,6,conv1,1,1,1.0,1.0,500
cka_feddst,cifar10,0.9,21,results/logs/cka_strength_sweep/cifar10/strength_1p0/seed_21/splits/cifar10_split_seed21_clients5_alpha0p3_ref500.json,1.0,6,conv1,1,2,1.0,1.0,500
cka_feddst,cifar10,0.9,21,results/logs/cka_strength_sweep/cifar10/strength_1p0/seed_21/splits/cifar10_split_seed21_clients5_alpha0p3_ref500.json,1.0,6,conv1,1,3,1.0,1.0,500
cka_feddst,cifar10,0.9,21,results/logs/cka_strength_sweep/cifar10/strength_1p0/seed_21/splits/cifar10_split_seed21_clients5_alpha0p3_ref500.json,1.0,6,conv1,1,4,1.0,1.0,500
cka_feddst,cifar10,0.9,21,results/logs/cka_strength_sweep/cifar10/strength_1p0/seed_21/splits/cifar10_split_seed21_clients5_alpha0p3_ref500.json,1.0,6,conv1,2,0,1.0,1.0,500
cka_feddst,cifar10,0.9,21,results/logs/cka_strength_sweep/cifar10/strength_1p0/seed_21/splits/cifar10_split_seed21_clients5_alpha0p3_ref500.json,1.0,6,conv1,2,1,1.0,1.0,500
cka_feddst,cifar10,0.9,21,results/logs/cka_strength_sweep/cifar10/strength_1p0/seed_21/splits/cifar10_split_seed21_clients5_alpha0p3_ref500.json,1.0,6,conv1,2,2,1.0,1.0,500
cka_feddst,cifar10,0.9,21,results/logs/cka_strength_sweep/cifar10/strength_1p0/seed_21/splits/cifar10_split_seed21_clients5_alpha0p3_ref500.json,1.0,6,conv1,2,3,1.0,1.0,500
cka_feddst,cifar10,0.9,21,results/logs/cka_strength_sweep/cifar10/strength_1p0/seed_21/splits/cifar10_split_seed21_clients5_alpha0p3_ref500.json,1.0,6,conv1,2,4,1.0,1.0,500
cka_feddst,cifar10,0.9,21,results/logs/cka_strength_sweep/cifar10/strength_1p0/seed_21/splits/cifar10_split_seed21_clients5_alpha0p3_ref500.json,1.0,6,conv1,3,0,1.0,1.0,500
cka_feddst,cifar10,0.9,21,results/logs/cka_strength_sweep/cifar10/strength_1p0/seed_21/splits/cifar10_split_seed21_clients5_alpha0p3_ref500.json,1.0,6,conv1,3,1,1.0,1.0,500
cka_feddst,cifar10,0.9,21,results/logs/cka_strength_sweep/cifar10/strength_1p0/seed_21/splits/cifar10_split_seed21_clients5_alpha0p3_ref500.json,1.0,6,conv1,3,2,1.0,1.0,500
cka_feddst,cifar10,0.9,21,results/logs/cka_strength_sweep/cifar10/strength_1p0/seed_21/splits/cifar10_split_seed21_clients5_alpha0p3_ref500.json,1.0,6,conv1,3,3,1.0,1.0,500
cka_feddst,cifar10,0.9,21,results/logs/cka_strength_sweep/cifar10/strength_1p0/seed_21/splits/cifar10_split_seed21_clients5_alpha0p3_ref500.json,1.0,6,conv1,3,4,1.0,1.0,500
cka_feddst,cifar10,0.9,21,results/logs/cka_strength_sweep/cifar10/strength_1p0/seed_21/splits/cifar10_split_seed21_clients5_alpha0p3_ref500.json,1.0,6,conv1,4,0,1.0,1.0,500
cka_feddst,cifar10,0.9,21,results/logs/cka_strength_sweep/cifar10/strength_1p0/seed_21/splits/cifar10_split_seed21_clients5_alpha0p3_ref500.json,1.0,6,conv1,4,1,1.0,1.0,500
cka_feddst,cifar10,0.9,21,results/logs/cka_strength_sweep/cifar10/strength_1p0/seed_21/splits/cifar10_split_seed21_clients5_alpha0p3_ref500.json,1.0,6,conv1,4,2,1.0,1.0,500
cka_feddst,cifar10,0.9,21,results/logs/cka_strength_sweep/cifar10/strength_1p0/seed_21/splits/cifar10_split_seed21_clients5_alpha0p3_ref500.json,1.0,6,conv1,4,3,1.0,1.0,500
cka_feddst,cifar10,0.9,21,results/logs/cka_strength_sweep/cifar10/strength_1p0/seed_21/splits/cifar10_split_seed21_clients5_alpha0p3_ref500.json,1.0,6,conv1,4,4,1.0,1.0,500
cka_feddst,cifar10,0.9,21,results/logs/cka_strength_sweep/cifar10/strength_1p0/seed_21/splits/cifar10_split_seed21_clients5_alpha0p3_ref500.json,1.0,6,conv2,0,0,1.0,0.9999998211860657,500
cka_feddst,cifar10,0.9,21,results/logs/cka_strength_sweep/cifar10/strength_1p0/seed_21/splits/cifar10_split_seed21_clients5_alpha0p3_ref500.json,1.0,6,conv2,0,1,1.0,0.9999998211860657,500
cka_feddst,cifar10,0.9,21,results/logs/cka_strength_sweep/cifar10/strength_1p0/seed_21/splits/cifar10_split_seed21_clients5_alpha0p3_ref500.json,1.0,6,conv2,0,2,1.0,0.9999998211860657,500
cka_feddst,cifar10,0.9,21,results/logs/cka_strength_sweep/cifar10/strength_1p0/seed_21/splits/cifar10_split_seed21_clients5_alpha0p3_ref500.json,1.0,6,conv2,0,3,1.0,0.9999998211860657,500
cka_feddst,cifar10,0.9,21,results/logs/cka_strength_sweep/cifar10/strength_1p0/seed_21/splits/cifar10_split_seed21_clients5_alpha0p3_ref500.json,1.0,6,conv2,0,4,0.999998152256012,0.9999998211860657,500
cka_feddst,cifar10,0.9,21,results/logs/cka_strength_sweep/cifar10/strength_1p0/seed_21/splits/cifar10_split_seed21_clients5_alpha0p3_ref500.json,1.0,6,conv2,1,0,1.0,0.9999998211860657,500
cka_feddst,cifar10,0.9,21,results/logs/cka_strength_sweep/cifar10/strength_1p0/seed_21/splits/cifar10_split_seed21_clients5_alpha0p3_ref500.json,1.0,6,conv2,1,1,1.0,0.9999998211860657,500
cka_feddst,cifar10,0.9,21,results/logs/cka_strength_sweep/cifar10/strength_1p0/seed_21/splits/cifar10_split_seed21_clients5_alpha0p3_ref500.json,1.0,6,conv2,1,2,1.0,0.9999998211860657,500
cka_feddst,cifar10,0.9,21,results/logs/cka_strength_sweep/cifar10/strength_1p0/seed_21/splits/cifar10_split_seed21_clients5_alpha0p3_ref500.json,1.0,6,conv2,1,3,1.0,0.9999998211860657,500
cka_feddst,cifar10,0.9,21,results/logs/cka_strength_sweep/cifar10/strength_1p0/seed_21/splits/cifar10_split_seed21_clients5_alpha0p3_ref500.json,1.0,6,conv2,1,4,1.0,0.9999998211860657,500
cka_feddst,cifar10,0.9,21,results/logs/cka_strength_sweep/cifar10/strength_1p0/seed_21/splits/cifar10_split_seed21_clients5_alpha0p3_ref500.json,1.0,6,conv2,2,0,1.0,0.9999998211860657,500
cka_feddst,cifar10,0.9,21,results/logs/cka_strength_sweep/cifar10/strength_1p0/seed_21/splits/cifar10_split_seed21_clients5_alpha0p3_ref500.json,1.0,6,conv2,2,1,1.0,0.9999998211860657,500
cka_feddst,cifar10,0.9,21,results/logs/cka_strength_sweep/cifar10/strength_1p0/seed_21/splits/cifar10_split_seed21_clients5_alpha0p3_ref500.json,1.0,6,conv2,2,2,1.0,0.9999998211860657,500
cka_feddst,cifar10,0.9,21,results/logs/cka_strength_sweep/cifar10/strength_1p0/seed_21/splits/cifar10_split_seed21_clients5_alpha0p3_ref500.json,1.0,6,conv2,2,3,1.0,0.9999998211860657,500
cka_feddst,cifar10,0.9,21,results/logs/cka_strength_sweep/cifar10/strength_1p0/seed_21/splits/cifar10_split_seed21_clients5_alpha0p3_ref500.json,1.0,6,conv2,2,4,1.0,0.9999998211860657,500
cka_feddst,cifar10,0.9,21,results/logs/cka_strength_sweep/cifar10/strength_1p0/seed_21/splits/cifar10_split_seed21_clients5_alpha0p3_ref500.json,1.0,6,conv2,3,0,1.0,0.9999998211860657,500
cka_feddst,cifar10,0.9,21,results/logs/cka_strength_sweep/cifar10/strength_1p0/seed_21/splits/cifar10_split_seed21_clients5_alpha0p3_ref500.json,1.0,6,conv2,3,1,1.0,0.9999998211860657,500
cka_feddst,cifar10,0.9,21,results/logs/cka_strength_sweep/cifar10/strength_1p0/seed_21/splits/cifar10_split_seed21_clients5_alpha0p3_ref500.json,1.0,6,conv2,3,2,1.0,0.9999998211860657,500
cka_feddst,cifar10,0.9,21,results/logs/cka_strength_sweep/cifar10/strength_1p0/seed_21/splits/cifar10_split_seed21_clients5_alpha0p3_ref500.json,1.0,6,conv2,3,3,1.0,0.9999998211860657,500
cka_feddst,cifar10,0.9,21,results/logs/cka_strength_sweep/cifar10/strength_1p0/seed_21/splits/cifar10_split_seed21_clients5_alpha0p3_ref500.json,1.0,6,conv2,3,4,1.0,0.9999998211860657,500
cka_feddst,cifar10,0.9,21,results/logs/cka_strength_sweep/cifar10/strength_1p0/seed_21/splits/cifar10_split_seed21_clients5_alpha0p3_ref500.json,1.0,6,conv2,4,0,0.999998152256012,0.9999998211860657,500
cka_feddst,cifar10,0.9,21,results/logs/cka_strength_sweep/cifar10/strength_1p0/seed_21/splits/cifar10_split_seed21_clients5_alpha0p3_ref500.json,1.0,6,conv2,4,1,1.0,0.9999998211860657,500
cka_feddst,cifar10,0.9,21,results/logs/cka_strength_sweep/cifar10/strength_1p0/seed_21/splits/cifar10_split_seed21_clients5_alpha0p3_ref500.json,1.0,6,conv2,4,2,1.0,0.9999998211860657,500
cka_feddst,cifar10,0.9,21,results/logs/cka_strength_sweep/cifar10/strength_1p0/seed_21/splits/cifar10_split_seed21_clients5_alpha0p3_ref500.json,1.0,6,conv2,4,3,1.0,0.9999998211860657,500
cka_feddst,cifar10,0.9,21,results/logs/cka_strength_sweep/cifar10/strength_1p0/seed_21/splits/cifar10_split_seed21_clients5_alpha0p3_ref500.json,1.0,6,conv2,4,4,1.0,0.9999998211860657,500
cka_feddst,cifar10,0.9,21,results/logs/cka_strength_sweep/cifar10/strength_1p0/seed_21/splits/cifar10_split_seed21_clients5_alpha0p3_ref500.json,1.0,6,conv3,0,0,1.0,0.9999731183052063,500
cka_feddst,cifar10,0.9,21,results/logs/cka_strength_sweep/cifar10/strength_1p0/seed_21/splits/cifar10_split_seed21_clients5_alpha0p3_ref500.json,1.0,6,conv3,0,1,0.9999531507492065,0.9999731183052063,500
cka_feddst,cifar10,0.9,21,results/logs/cka_strength_sweep/cifar10/strength_1p0/seed_21/splits/cifar10_split_seed21_clients5_alpha0p3_ref500.json,1.0,6,conv3,0,2,0.9999774694442749,0.9999731183052063,500
cka_feddst,cifar10,0.9,21,results/logs/cka_strength_sweep/cifar10/strength_1p0/seed_21/splits/cifar10_split_seed21_clients5_alpha0p3_ref500.json,1.0,6,conv3,0,3,0.9999875426292419,0.9999731183052063,500
cka_feddst,cifar10,0.9,21,results/logs/cka_strength_sweep/cifar10/strength_1p0/seed_21/splits/cifar10_split_seed21_clients5_alpha0p3_ref500.json,1.0,6,conv3,0,4,0.9999516606330872,0.9999731183052063,500
cka_feddst,cifar10,0.9,21,results/logs/cka_strength_sweep/cifar10/strength_1p0/seed_21/splits/cifar10_split_seed21_clients5_alpha0p3_ref500.json,1.0,6,conv3,1,0,0.9999531507492065,0.9999731183052063,500
cka_feddst,cifar10,0.9,21,results/logs/cka_strength_sweep/cifar10/strength_1p0/seed_21/splits/cifar10_split_seed21_clients5_alpha0p3_ref500.json,1.0,6,conv3,1,1,1.0,0.9999731183052063,500
cka_feddst,cifar10,0.9,21,results/logs/cka_strength_sweep/cifar10/strength_1p0/seed_21/splits/cifar10_split_seed21_clients5_alpha0p3_ref500.json,1.0,6,conv3,1,2,0.999966561794281,0.9999731183052063,500
cka_feddst,cifar10,0.9,21,results/logs/cka_strength_sweep/cifar10/strength_1p0/seed_21/splits/cifar10_split_seed21_clients5_alpha0p3_ref500.json,1.0,6,conv3,1,3,0.9999651908874512,0.9999731183052063,500
cka_feddst,cifar10,0.9,21,results/logs/cka_strength_sweep/cifar10/strength_1p0/seed_21/splits/cifar10_split_seed21_clients5_alpha0p3_ref500.json,1.0,6,conv3,1,4,0.9999785423278809,0.9999731183052063,500
cka_feddst,cifar10,0.9,21,results/logs/cka_strength_sweep/cifar10/strength_1p0/seed_21/splits/cifar10_split_seed21_clients5_alpha0p3_ref500.json,1.0,6,conv3,2,0,0.9999774694442749,0.9999731183052063,500
cka_feddst,cifar10,0.9,21,results/logs/cka_strength_sweep/cifar10/strength_1p0/seed_21/splits/cifar10_split_seed21_clients5_alpha0p3_ref500.json,1.0,6,conv3,2,1,0.999966561794281,0.9999731183052063,500
cka_feddst,cifar10,0.9,21,results/logs/cka_strength_sweep/cifar10/strength_1p0/seed_21/splits/cifar10_split_seed21_clients5_alpha0p3_ref500.json,1.0,6,conv3,2,2,1.0,0.9999731183052063,500
cka_feddst,cifar10,0.9,21,results/logs/cka_strength_sweep/cifar10/strength_1p0/seed_21/splits/cifar10_split_seed21_clients5_alpha0p3_ref500.json,1.0,6,conv3,2,3,0.9999895095825195,0.9999731183052063,500
cka_feddst,cifar10,0.9,21,results/logs/cka_strength_sweep/cifar10/strength_1p0/seed_21/splits/cifar10_split_seed21_clients5_alpha0p3_ref500.json,1.0,6,conv3,2,4,0.999986469745636,0.9999731183052063,500
cka_feddst,cifar10,0.9,21,results/logs/cka_strength_sweep/cifar10/strength_1p0/seed_21/splits/cifar10_split_seed21_clients5_alpha0p3_ref500.json,1.0,6,conv3,3,0,0.9999875426292419,0.9999731183052063,500
cka_feddst,cifar10,0.9,21,results/logs/cka_strength_sweep/cifar10/strength_1p0/seed_21/splits/cifar10_split_seed21_clients5_alpha0p3_ref500.json,1.0,6,conv3,3,1,0.9999651908874512,0.9999731183052063,500
cka_feddst,cifar10,0.9,21,results/logs/cka_strength_sweep/cifar10/strength_1p0/seed_21/splits/cifar10_split_seed21_clients5_alpha0p3_ref500.json,1.0,6,conv3,3,2,0.9999895095825195,0.9999731183052063,500
cka_feddst,cifar10,0.9,21,results/logs/cka_strength_sweep/cifar10/strength_1p0/seed_21/splits/cifar10_split_seed21_clients5_alpha0p3_ref500.json,1.0,6,conv3,3,3,1.0,0.9999731183052063,500
cka_feddst,cifar10,0.9,21,results/logs/cka_strength_sweep/cifar10/strength_1p0/seed_21/splits/cifar10_split_seed21_clients5_alpha0p3_ref500.json,1.0,6,conv3,3,4,0.9999743700027466,0.9999731183052063,500
cka_feddst,cifar10,0.9,21,results/logs/cka_strength_sweep/cifar10/strength_1p0/seed_21/splits/cifar10_split_seed21_clients5_alpha0p3_ref500.json,1.0,6,conv3,4,0,0.9999516606330872,0.9999731183052063,500
cka_feddst,cifar10,0.9,21,results/logs/cka_strength_sweep/cifar10/strength_1p0/seed_21/splits/cifar10_split_seed21_clients5_alpha0p3_ref500.json,1.0,6,conv3,4,1,0.9999785423278809,0.9999731183052063,500
cka_feddst,cifar10,0.9,21,results/logs/cka_strength_sweep/cifar10/strength_1p0/seed_21/splits/cifar10_split_seed21_clients5_alpha0p3_ref500.json,1.0,6,conv3,4,2,0.999986469745636,0.9999731183052063,500
cka_feddst,cifar10,0.9,21,results/logs/cka_strength_sweep/cifar10/strength_1p0/seed_21/splits/cifar10_split_seed21_clients5_alpha0p3_ref500.json,1.0,6,conv3,4,3,0.9999743700027466,0.9999731183052063,500
cka_feddst,cifar10,0.9,21,results/logs/cka_strength_sweep/cifar10/strength_1p0/seed_21/splits/cifar10_split_seed21_clients5_alpha0p3_ref500.json,1.0,6,conv3,4,4,1.0,0.9999731183052063,500
cka_feddst,cifar10,0.9,21,results/logs/cka_strength_sweep/cifar10/strength_1p0/seed_21/splits/cifar10_split_seed21_clients5_alpha0p3_ref500.json,1.0,6,fc1,0,0,1.0,0.9972861409187317,500
cka_feddst,cifar10,0.9,21,results/logs/cka_strength_sweep/cifar10/strength_1p0/seed_21/splits/cifar10_split_seed21_clients5_alpha0p3_ref500.json,1.0,6,fc1,0,1,0.9954397082328796,0.9972861409187317,500
cka_feddst,cifar10,0.9,21,results/logs/cka_strength_sweep/cifar10/strength_1p0/seed_21/splits/cifar10_split_seed21_clients5_alpha0p3_ref500.json,1.0,6,fc1,0,2,0.9982352256774902,0.9972861409187317,500
cka_feddst,cifar10,0.9,21,results/logs/cka_strength_sweep/cifar10/strength_1p0/seed_21/splits/cifar10_split_seed21_clients5_alpha0p3_ref500.json,1.0,6,fc1,0,3,0.9972196817398071,0.9972861409187317,500
cka_feddst,cifar10,0.9,21,results/logs/cka_strength_sweep/cifar10/strength_1p0/seed_21/splits/cifar10_split_seed21_clients5_alpha0p3_ref500.json,1.0,6,fc1,0,4,0.9979380965232849,0.9972861409187317,500
cka_feddst,cifar10,0.9,21,results/logs/cka_strength_sweep/cifar10/strength_1p0/seed_21/splits/cifar10_split_seed21_clients5_alpha0p3_ref500.json,1.0,6,fc1,1,0,0.9954397082328796,0.9972861409187317,500
cka_feddst,cifar10,0.9,21,results/logs/cka_strength_sweep/cifar10/strength_1p0/seed_21/splits/cifar10_split_seed21_clients5_alpha0p3_ref500.json,1.0,6,fc1,1,1,1.0,0.9972861409187317,500
cka_feddst,cifar10,0.9,21,results/logs/cka_strength_sweep/cifar10/strength_1p0/seed_21/splits/cifar10_split_seed21_clients5_alpha0p3_ref500.json,1.0,6,fc1,1,2,0.997368574142456,0.9972861409187317,500
cka_feddst,cifar10,0.9,21,results/logs/cka_strength_sweep/cifar10/strength_1p0/seed_21/splits/cifar10_split_seed21_clients5_alpha0p3_ref500.json,1.0,6,fc1,1,3,0.9961182475090027,0.9972861409187317,500
cka_feddst,cifar10,0.9,21,results/logs/cka_strength_sweep/cifar10/strength_1p0/seed_21/splits/cifar10_split_seed21_clients5_alpha0p3_ref500.json,1.0,6,fc1,1,4,0.996368944644928,0.9972861409187317,500
cka_feddst,cifar10,0.9,21,results/logs/cka_strength_sweep/cifar10/strength_1p0/seed_21/splits/cifar10_split_seed21_clients5_alpha0p3_ref500.json,1.0,6,fc1,2,0,0.9982352256774902,0.9972861409187317,500
cka_feddst,cifar10,0.9,21,results/logs/cka_strength_sweep/cifar10/strength_1p0/seed_21/splits/cifar10_split_seed21_clients5_alpha0p3_ref500.json,1.0,6,fc1,2,1,0.997368574142456,0.9972861409187317,500
cka_feddst,cifar10,0.9,21,results/logs/cka_strength_sweep/cifar10/strength_1p0/seed_21/splits/cifar10_split_seed21_clients5_alpha0p3_ref500.json,1.0,6,fc1,2,2,1.0,0.9972861409187317,500
cka_feddst,cifar10,0.9,21,results/logs/cka_strength_sweep/cifar10/strength_1p0/seed_21/splits/cifar10_split_seed21_clients5_alpha0p3_ref500.json,1.0,6,fc1,2,3,0.9987936019897461,0.9972861409187317,500
cka_feddst,cifar10,0.9,21,results/logs/cka_strength_sweep/cifar10/strength_1p0/seed_21/splits/cifar10_split_seed21_clients5_alpha0p3_ref500.json,1.0,6,fc1,2,4,0.9982023239135742,0.9972861409187317,500
cka_feddst,cifar10,0.9,21,results/logs/cka_strength_sweep/cifar10/strength_1p0/seed_21/splits/cifar10_split_seed21_clients5_alpha0p3_ref500.json,1.0,6,fc1,3,0,0.9972196817398071,0.9972861409187317,500
cka_feddst,cifar10,0.9,21,results/logs/cka_strength_sweep/cifar10/strength_1p0/seed_21/splits/cifar10_split_seed21_clients5_alpha0p3_ref500.json,1.0,6,fc1,3,1,0.9961182475090027,0.9972861409187317,500
cka_feddst,cifar10,0.9,21,results/logs/cka_strength_sweep/cifar10/strength_1p0/seed_21/splits/cifar10_split_seed21_clients5_alpha0p3_ref500.json,1.0,6,fc1,3,2,0.9987936019897461,0.9972861409187317,500
cka_feddst,cifar10,0.9,21,results/logs/cka_strength_sweep/cifar10/strength_1p0/seed_21/splits/cifar10_split_seed21_clients5_alpha0p3_ref500.json,1.0,6,fc1,3,3,1.0,0.9972861409187317,500
cka_feddst,cifar10,0.9,21,results/logs/cka_strength_sweep/cifar10/strength_1p0/seed_21/splits/cifar10_split_seed21_clients5_alpha0p3_ref500.json,1.0,6,fc1,3,4,0.9971769452095032,0.9972861409187317,500
cka_feddst,cifar10,0.9,21,results/logs/cka_strength_sweep/cifar10/strength_1p0/seed_21/splits/cifar10_split_seed21_clients5_alpha0p3_ref500.json,1.0,6,fc1,4,0,0.9979380965232849,0.9972861409187317,500
cka_feddst,cifar10,0.9,21,results/logs/cka_strength_sweep/cifar10/strength_1p0/seed_21/splits/cifar10_split_seed21_clients5_alpha0p3_ref500.json,1.0,6,fc1,4,1,0.996368944644928,0.9972861409187317,500
cka_feddst,cifar10,0.9,21,results/logs/cka_strength_sweep/cifar10/strength_1p0/seed_21/splits/cifar10_split_seed21_clients5_alpha0p3_ref500.json,1.0,6,fc1,4,2,0.9982023239135742,0.9972861409187317,500
cka_feddst,cifar10,0.9,21,results/logs/cka_strength_sweep/cifar10/strength_1p0/seed_21/splits/cifar10_split_seed21_clients5_alpha0p3_ref500.json,1.0,6,fc1,4,3,0.9971769452095032,0.9972861409187317,500
cka_feddst,cifar10,0.9,21,results/logs/cka_strength_sweep/cifar10/strength_1p0/seed_21/splits/cifar10_split_seed21_clients5_alpha0p3_ref500.json,1.0,6,fc1,4,4,1.0,0.9972861409187317,500
cka_feddst,cifar10,0.9,21,results/logs/cka_strength_sweep/cifar10/strength_1p0/seed_21/splits/cifar10_split_seed21_clients5_alpha0p3_ref500.json,1.0,8,conv1,0,0,1.0,1.0,500
cka_feddst,cifar10,0.9,21,results/logs/cka_strength_sweep/cifar10/strength_1p0/seed_21/splits/cifar10_split_seed21_clients5_alpha0p3_ref500.json,1.0,8,conv1,0,1,1.0,1.0,500
cka_feddst,cifar10,0.9,21,results/logs/cka_strength_sweep/cifar10/strength_1p0/seed_21/splits/cifar10_split_seed21_clients5_alpha0p3_ref500.json,1.0,8,conv1,0,2,1.0,1.0,500
cka_feddst,cifar10,0.9,21,results/logs/cka_strength_sweep/cifar10/strength_1p0/seed_21/splits/cifar10_split_seed21_clients5_alpha0p3_ref500.json,1.0,8,conv1,0,3,1.0,1.0,500
cka_feddst,cifar10,0.9,21,results/logs/cka_strength_sweep/cifar10/strength_1p0/seed_21/splits/cifar10_split_seed21_clients5_alpha0p3_ref500.json,1.0,8,conv1,0,4,1.0,1.0,500
cka_feddst,cifar10,0.9,21,results/logs/cka_strength_sweep/cifar10/strength_1p0/seed_21/splits/cifar10_split_seed21_clients5_alpha0p3_ref500.json,1.0,8,conv1,1,0,1.0,1.0,500
cka_feddst,cifar10,0.9,21,results/logs/cka_strength_sweep/cifar10/strength_1p0/seed_21/splits/cifar10_split_seed21_clients5_alpha0p3_ref500.json,1.0,8,conv1,1,1,1.0,1.0,500
cka_feddst,cifar10,0.9,21,results/logs/cka_strength_sweep/cifar10/strength_1p0/seed_21/splits/cifar10_split_seed21_clients5_alpha0p3_ref500.json,1.0,8,conv1,1,2,1.0,1.0,500
cka_feddst,cifar10,0.9,21,results/logs/cka_strength_sweep/cifar10/strength_1p0/seed_21/splits/cifar10_split_seed21_clients5_alpha0p3_ref500.json,1.0,8,conv1,1,3,1.0,1.0,500
cka_feddst,cifar10,0.9,21,results/logs/cka_strength_sweep/cifar10/strength_1p0/seed_21/splits/cifar10_split_seed21_clients5_alpha0p3_ref500.json,1.0,8,conv1,1,4,1.0,1.0,500
cka_feddst,cifar10,0.9,21,results/logs/cka_strength_sweep/cifar10/strength_1p0/seed_21/splits/cifar10_split_seed21_clients5_alpha0p3_ref500.json,1.0,8,conv1,2,0,1.0,1.0,500
cka_feddst,cifar10,0.9,21,results/logs/cka_strength_sweep/cifar10/strength_1p0/seed_21/splits/cifar10_split_seed21_clients5_alpha0p3_ref500.json,1.0,8,conv1,2,1,1.0,1.0,500
cka_feddst,cifar10,0.9,21,results/logs/cka_strength_sweep/cifar10/strength_1p0/seed_21/splits/cifar10_split_seed21_clients5_alpha0p3_ref500.json,1.0,8,conv1,2,2,1.0,1.0,500
cka_feddst,cifar10,0.9,21,results/logs/cka_strength_sweep/cifar10/strength_1p0/seed_21/splits/cifar10_split_seed21_clients5_alpha0p3_ref500.json,1.0,8,conv1,2,3,1.0,1.0,500
cka_feddst,cifar10,0.9,21,results/logs/cka_strength_sweep/cifar10/strength_1p0/seed_21/splits/cifar10_split_seed21_clients5_alpha0p3_ref500.json,1.0,8,conv1,2,4,1.0,1.0,500
cka_feddst,cifar10,0.9,21,results/logs/cka_strength_sweep/cifar10/strength_1p0/seed_21/splits/cifar10_split_seed21_clients5_alpha0p3_ref500.json,1.0,8,conv1,3,0,1.0,1.0,500
cka_feddst,cifar10,0.9,21,results/logs/cka_strength_sweep/cifar10/strength_1p0/seed_21/splits/cifar10_split_seed21_clients5_alpha0p3_ref500.json,1.0,8,conv1,3,1,1.0,1.0,500
cka_feddst,cifar10,0.9,21,results/logs/cka_strength_sweep/cifar10/strength_1p0/seed_21/splits/cifar10_split_seed21_clients5_alpha0p3_ref500.json,1.0,8,conv1,3,2,1.0,1.0,500
cka_feddst,cifar10,0.9,21,results/logs/cka_strength_sweep/cifar10/strength_1p0/seed_21/splits/cifar10_split_seed21_clients5_alpha0p3_ref500.json,1.0,8,conv1,3,3,1.0,1.0,500
cka_feddst,cifar10,0.9,21,results/logs/cka_strength_sweep/cifar10/strength_1p0/seed_21/splits/cifar10_split_seed21_clients5_alpha0p3_ref500.json,1.0,8,conv1,3,4,1.0,1.0,500
cka_feddst,cifar10,0.9,21,results/logs/cka_strength_sweep/cifar10/strength_1p0/seed_21/splits/cifar10_split_seed21_clients5_alpha0p3_ref500.json,1.0,8,conv1,4,0,1.0,1.0,500
cka_feddst,cifar10,0.9,21,results/logs/cka_strength_sweep/cifar10/strength_1p0/seed_21/splits/cifar10_split_seed21_clients5_alpha0p3_ref500.json,1.0,8,conv1,4,1,1.0,1.0,500
cka_feddst,cifar10,0.9,21,results/logs/cka_strength_sweep/cifar10/strength_1p0/seed_21/splits/cifar10_split_seed21_clients5_alpha0p3_ref500.json,1.0,8,conv1,4,2,1.0,1.0,500
cka_feddst,cifar10,0.9,21,results/logs/cka_strength_sweep/cifar10/strength_1p0/seed_21/splits/cifar10_split_seed21_clients5_alpha0p3_ref500.json,1.0,8,conv1,4,3,1.0,1.0,500
cka_feddst,cifar10,0.9,21,results/logs/cka_strength_sweep/cifar10/strength_1p0/seed_21/splits/cifar10_split_seed21_clients5_alpha0p3_ref500.json,1.0,8,conv1,4,4,1.0,1.0,500
cka_feddst,cifar10,0.9,21,results/logs/cka_strength_sweep/cifar10/strength_1p0/seed_21/splits/cifar10_split_seed21_clients5_alpha0p3_ref500.json,1.0,8,conv2,0,0,1.0,0.9999641180038452,500
cka_feddst,cifar10,0.9,21,results/logs/cka_strength_sweep/cifar10/strength_1p0/seed_21/splits/cifar10_split_seed21_clients5_alpha0p3_ref500.json,1.0,8,conv2,0,1,0.9999200701713562,0.9999641180038452,500
cka_feddst,cifar10,0.9,21,results/logs/cka_strength_sweep/cifar10/strength_1p0/seed_21/splits/cifar10_split_seed21_clients5_alpha0p3_ref500.json,1.0,8,conv2,0,2,0.9999036192893982,0.9999641180038452,500
cka_feddst,cifar10,0.9,21,results/logs/cka_strength_sweep/cifar10/strength_1p0/seed_21/splits/cifar10_split_seed21_clients5_alpha0p3_ref500.json,1.0,8,conv2,0,3,0.9999357461929321,0.9999641180038452,500
cka_feddst,cifar10,0.9,21,results/logs/cka_strength_sweep/cifar10/strength_1p0/seed_21/splits/cifar10_split_seed21_clients5_alpha0p3_ref500.json,1.0,8,conv2,0,4,0.9999024271965027,0.9999641180038452,500
cka_feddst,cifar10,0.9,21,results/logs/cka_strength_sweep/cifar10/strength_1p0/seed_21/splits/cifar10_split_seed21_clients5_alpha0p3_ref500.json,1.0,8,conv2,1,0,0.9999200701713562,0.9999641180038452,500
cka_feddst,cifar10,0.9,21,results/logs/cka_strength_sweep/cifar10/strength_1p0/seed_21/splits/cifar10_split_seed21_clients5_alpha0p3_ref500.json,1.0,8,conv2,1,1,1.0,0.9999641180038452,500
cka_feddst,cifar10,0.9,21,results/logs/cka_strength_sweep/cifar10/strength_1p0/seed_21/splits/cifar10_split_seed21_clients5_alpha0p3_ref500.json,1.0,8,conv2,1,2,0.9999979734420776,0.9999641180038452,500
cka_feddst,cifar10,0.9,21,results/logs/cka_strength_sweep/cifar10/strength_1p0/seed_21/splits/cifar10_split_seed21_clients5_alpha0p3_ref500.json,1.0,8,conv2,1,3,0.9999953508377075,0.9999641180038452,500
cka_feddst,cifar10,0.9,21,results/logs/cka_strength_sweep/cifar10/strength_1p0/seed_21/splits/cifar10_split_seed21_clients5_alpha0p3_ref500.json,1.0,8,conv2,1,4,0.9999994039535522,0.9999641180038452,500
cka_feddst,cifar10,0.9,21,results/logs/cka_strength_sweep/cifar10/strength_1p0/seed_21/splits/cifar10_split_seed21_clients5_alpha0p3_ref500.json,1.0,8,conv2,2,0,0.9999036192893982,0.9999641180038452,500
cka_feddst,cifar10,0.9,21,results/logs/cka_strength_sweep/cifar10/strength_1p0/seed_21/splits/cifar10_split_seed21_clients5_alpha0p3_ref500.json,1.0,8,conv2,2,1,0.9999979734420776,0.9999641180038452,500
cka_feddst,cifar10,0.9,21,results/logs/cka_strength_sweep/cifar10/strength_1p0/seed_21/splits/cifar10_split_seed21_clients5_alpha0p3_ref500.json,1.0,8,conv2,2,2,1.0,0.9999641180038452,500
cka_feddst,cifar10,0.9,21,results/logs/cka_strength_sweep/cifar10/strength_1p0/seed_21/splits/cifar10_split_seed21_clients5_alpha0p3_ref500.json,1.0,8,conv2,2,3,1.0,0.9999641180038452,500
cka_feddst,cifar10,0.9,21,results/logs/cka_strength_sweep/cifar10/strength_1p0/seed_21/splits/cifar10_split_seed21_clients5_alpha0p3_ref500.json,1.0,8,conv2,2,4,0.9999969005584717,0.9999641180038452,500
cka_feddst,cifar10,0.9,21,results/logs/cka_strength_sweep/cifar10/strength_1p0/seed_21/splits/cifar10_split_seed21_clients5_alpha0p3_ref500.json,1.0,8,conv2,3,0,0.9999357461929321,0.9999641180038452,500
cka_feddst,cifar10,0.9,21,results/logs/cka_strength_sweep/cifar10/strength_1p0/seed_21/splits/cifar10_split_seed21_clients5_alpha0p3_ref500.json,1.0,8,conv2,3,1,0.9999953508377075,0.9999641180038452,500
cka_feddst,cifar10,0.9,21,results/logs/cka_strength_sweep/cifar10/strength_1p0/seed_21/splits/cifar10_split_seed21_clients5_alpha0p3_ref500.json,1.0,8,conv2,3,2,1.0,0.9999641180038452,500
cka_feddst,cifar10,0.9,21,results/logs/cka_strength_sweep/cifar10/strength_1p0/seed_21/splits/cifar10_split_seed21_clients5_alpha0p3_ref500.json,1.0,8,conv2,3,3,1.0,0.9999641180038452,500
cka_feddst,cifar10,0.9,21,results/logs/cka_strength_sweep/cifar10/strength_1p0/seed_21/splits/cifar10_split_seed21_clients5_alpha0p3_ref500.json,1.0,8,conv2,3,4,0.9999900460243225,0.9999641180038452,500
cka_feddst,cifar10,0.9,21,results/logs/cka_strength_sweep/cifar10/strength_1p0/seed_21/splits/cifar10_split_seed21_clients5_alpha0p3_ref500.json,1.0,8,conv2,4,0,0.9999024271965027,0.9999641180038452,500
cka_feddst,cifar10,0.9,21,results/logs/cka_strength_sweep/cifar10/strength_1p0/seed_21/splits/cifar10_split_seed21_clients5_alpha0p3_ref500.json,1.0,8,conv2,4,1,0.9999994039535522,0.9999641180038452,500
cka_feddst,cifar10,0.9,21,results/logs/cka_strength_sweep/cifar10/strength_1p0/seed_21/splits/cifar10_split_seed21_clients5_alpha0p3_ref500.json,1.0,8,conv2,4,2,0.9999969005584717,0.9999641180038452,500
cka_feddst,cifar10,0.9,21,results/logs/cka_strength_sweep/cifar10/strength_1p0/seed_21/splits/cifar10_split_seed21_clients5_alpha0p3_ref500.json,1.0,8,conv2,4,3,0.9999900460243225,0.9999641180038452,500
cka_feddst,cifar10,0.9,21,results/logs/cka_strength_sweep/cifar10/strength_1p0/seed_21/splits/cifar10_split_seed21_clients5_alpha0p3_ref500.json,1.0,8,conv2,4,4,1.0,0.9999641180038452,500
cka_feddst,cifar10,0.9,21,results/logs/cka_strength_sweep/cifar10/strength_1p0/seed_21/splits/cifar10_split_seed21_clients5_alpha0p3_ref500.json,1.0,8,conv3,0,0,1.0,0.9998608827590942,500
cka_feddst,cifar10,0.9,21,results/logs/cka_strength_sweep/cifar10/strength_1p0/seed_21/splits/cifar10_split_seed21_clients5_alpha0p3_ref500.json,1.0,8,conv3,0,1,0.9997079968452454,0.9998608827590942,500
cka_feddst,cifar10,0.9,21,results/logs/cka_strength_sweep/cifar10/strength_1p0/seed_21/splits/cifar10_split_seed21_clients5_alpha0p3_ref500.json,1.0,8,conv3,0,2,0.9997349977493286,0.9998608827590942,500
cka_feddst,cifar10,0.9,21,results/logs/cka_strength_sweep/cifar10/strength_1p0/seed_21/splits/cifar10_split_seed21_clients5_alpha0p3_ref500.json,1.0,8,conv3,0,3,0.9998341202735901,0.9998608827590942,500
cka_feddst,cifar10,0.9,21,results/logs/cka_strength_sweep/cifar10/strength_1p0/seed_21/splits/cifar10_split_seed21_clients5_alpha0p3_ref500.json,1.0,8,conv3,0,4,0.9996401071548462,0.9998608827590942,500
cka_feddst,cifar10,0.9,21,results/logs/cka_strength_sweep/cifar10/strength_1p0/seed_21/splits/cifar10_split_seed21_clients5_alpha0p3_ref500.json,1.0,8,conv3,1,0,0.9997079968452454,0.9998608827590942,500
cka_feddst,cifar10,0.9,21,results/logs/cka_strength_sweep/cifar10/strength_1p0/seed_21/splits/cifar10_split_seed21_clients5_alpha0p3_ref500.json,1.0,8,conv3,1,1,1.0,0.9998608827590942,500
cka_feddst,cifar10,0.9,21,results/logs/cka_strength_sweep/cifar10/strength_1p0/seed_21/splits/cifar10_split_seed21_clients5_alpha0p3_ref500.json,1.0,8,conv3,1,2,0.9999467730522156,0.9998608827590942,500
cka_feddst,cifar10,0.9,21,results/logs/cka_strength_sweep/cifar10/strength_1p0/seed_21/splits/cifar10_split_seed21_clients5_alpha0p3_ref500.json,1.0,8,conv3,1,3,0.9999241232872009,0.9998608827590942,500
cka_feddst,cifar10,0.9,21,results/logs/cka_strength_sweep/cifar10/strength_1p0/seed_21/splits/cifar10_split_seed21_clients5_alpha0p3_ref500.json,1.0,8,conv3,1,4,0.9999656677246094,0.9998608827590942,500
cka_feddst,cifar10,0.9,21,results/logs/cka_strength_sweep/cifar10/strength_1p0/seed_21/splits/cifar10_split_seed21_clients5_alpha0p3_ref500.json,1.0,8,conv3,2,0,0.9997349977493286,0.9998608827590942,500
cka_feddst,cifar10,0.9,21,results/logs/cka_strength_sweep/cifar10/strength_1p0/seed_21/splits/cifar10_split_seed21_clients5_alpha0p3_ref500.json,1.0,8,conv3,2,1,0.9999467730522156,0.9998608827590942,500
cka_feddst,cifar10,0.9,21,results/logs/cka_strength_sweep/cifar10/strength_1p0/seed_21/splits/cifar10_split_seed21_clients5_alpha0p3_ref500.json,1.0,8,conv3,2,2,1.0,0.9998608827590942,500
cka_feddst,cifar10,0.9,21,results/logs/cka_strength_sweep/cifar10/strength_1p0/seed_21/splits/cifar10_split_seed21_clients5_alpha0p3_ref500.json,1.0,8,conv3,2,3,0.9999723434448242,0.9998608827590942,500
cka_feddst,cifar10,0.9,21,results/logs/cka_strength_sweep/cifar10/strength_1p0/seed_21/splits/cifar10_split_seed21_clients5_alpha0p3_ref500.json,1.0,8,conv3,2,4,0.9999639987945557,0.9998608827590942,500
cka_feddst,cifar10,0.9,21,results/logs/cka_strength_sweep/cifar10/strength_1p0/seed_21/splits/cifar10_split_seed21_clients5_alpha0p3_ref500.json,1.0,8,conv3,3,0,0.9998341202735901,0.9998608827590942,500
cka_feddst,cifar10,0.9,21,results/logs/cka_strength_sweep/cifar10/strength_1p0/seed_21/splits/cifar10_split_seed21_clients5_alpha0p3_ref500.json,1.0,8,conv3,3,1,0.9999241232872009,0.9998608827590942,500
cka_feddst,cifar10,0.9,21,results/logs/cka_strength_sweep/cifar10/strength_1p0/seed_21/splits/cifar10_split_seed21_clients5_alpha0p3_ref500.json,1.0,8,conv3,3,2,0.9999723434448242,0.9998608827590942,500
cka_feddst,cifar10,0.9,21,results/logs/cka_strength_sweep/cifar10/strength_1p0/seed_21/splits/cifar10_split_seed21_clients5_alpha0p3_ref500.json,1.0,8,conv3,3,3,1.0,0.9998608827590942,500
cka_feddst,cifar10,0.9,21,results/logs/cka_strength_sweep/cifar10/strength_1p0/seed_21/splits/cifar10_split_seed21_clients5_alpha0p3_ref500.json,1.0,8,conv3,3,4,0.9999191164970398,0.9998608827590942,500
cka_feddst,cifar10,0.9,21,results/logs/cka_strength_sweep/cifar10/strength_1p0/seed_21/splits/cifar10_split_seed21_clients5_alpha0p3_ref500.json,1.0,8,conv3,4,0,0.9996401071548462,0.9998608827590942,500
cka_feddst,cifar10,0.9,21,results/logs/cka_strength_sweep/cifar10/strength_1p0/seed_21/splits/cifar10_split_seed21_clients5_alpha0p3_ref500.json,1.0,8,conv3,4,1,0.9999656677246094,0.9998608827590942,500
cka_feddst,cifar10,0.9,21,results/logs/cka_strength_sweep/cifar10/strength_1p0/seed_21/splits/cifar10_split_seed21_clients5_alpha0p3_ref500.json,1.0,8,conv3,4,2,0.9999639987945557,0.9998608827590942,500
cka_feddst,cifar10,0.9,21,results/logs/cka_strength_sweep/cifar10/strength_1p0/seed_21/splits/cifar10_split_seed21_clients5_alpha0p3_ref500.json,1.0,8,conv3,4,3,0.9999191164970398,0.9998608827590942,500
cka_feddst,cifar10,0.9,21,results/logs/cka_strength_sweep/cifar10/strength_1p0/seed_21/splits/cifar10_split_seed21_clients5_alpha0p3_ref500.json,1.0,8,conv3,4,4,1.0,0.9998608827590942,500
cka_feddst,cifar10,0.9,21,results/logs/cka_strength_sweep/cifar10/strength_1p0/seed_21/splits/cifar10_split_seed21_clients5_alpha0p3_ref500.json,1.0,8,fc1,0,0,1.0,0.9852298498153687,500
cka_feddst,cifar10,0.9,21,results/logs/cka_strength_sweep/cifar10/strength_1p0/seed_21/splits/cifar10_split_seed21_clients5_alpha0p3_ref500.json,1.0,8,fc1,0,1,0.9767517447471619,0.9852298498153687,500
cka_feddst,cifar10,0.9,21,results/logs/cka_strength_sweep/cifar10/strength_1p0/seed_21/splits/cifar10_split_seed21_clients5_alpha0p3_ref500.json,1.0,8,fc1,0,2,0.9670621752738953,0.9852298498153687,500
cka_feddst,cifar10,0.9,21,results/logs/cka_strength_sweep/cifar10/strength_1p0/seed_21/splits/cifar10_split_seed21_clients5_alpha0p3_ref500.json,1.0,8,fc1,0,3,0.982924222946167,0.9852298498153687,500
cka_feddst,cifar10,0.9,21,results/logs/cka_strength_sweep/cifar10/strength_1p0/seed_21/splits/cifar10_split_seed21_clients5_alpha0p3_ref500.json,1.0,8,fc1,0,4,0.9633933901786804,0.9852298498153687,500
cka_feddst,cifar10,0.9,21,results/logs/cka_strength_sweep/cifar10/strength_1p0/seed_21/splits/cifar10_split_seed21_clients5_alpha0p3_ref500.json,1.0,8,fc1,1,0,0.9767517447471619,0.9852298498153687,500
cka_feddst,cifar10,0.9,21,results/logs/cka_strength_sweep/cifar10/strength_1p0/seed_21/splits/cifar10_split_seed21_clients5_alpha0p3_ref500.json,1.0,8,fc1,1,1,1.0,0.9852298498153687,500
cka_feddst,cifar10,0.9,21,results/logs/cka_strength_sweep/cifar10/strength_1p0/seed_21/splits/cifar10_split_seed21_clients5_alpha0p3_ref500.json,1.0,8,fc1,1,2,0.9908602237701416,0.9852298498153687,500
cka_feddst,cifar10,0.9,21,results/logs/cka_strength_sweep/cifar10/strength_1p0/seed_21/splits/cifar10_split_seed21_clients5_alpha0p3_ref500.json,1.0,8,fc1,1,3,0.9937889575958252,0.9852298498153687,500
cka_feddst,cifar10,0.9,21,results/logs/cka_strength_sweep/cifar10/strength_1p0/seed_21/splits/cifar10_split_seed21_clients5_alpha0p3_ref500.json,1.0,8,fc1,1,4,0.990345299243927,0.9852298498153687,500
cka_feddst,cifar10,0.9,21,results/logs/cka_strength_sweep/cifar10/strength_1p0/seed_21/splits/cifar10_split_seed21_clients5_alpha0p3_ref500.json,1.0,8,fc1,2,0,0.9670621752738953,0.9852298498153687,500
cka_feddst,cifar10,0.9,21,results/logs/cka_strength_sweep/cifar10/strength_1p0/seed_21/splits/cifar10_split_seed21_clients5_alpha0p3_ref500.json,1.0,8,fc1,2,1,0.9908602237701416,0.9852298498153687,500
cka_feddst,cifar10,0.9,21,results/logs/cka_strength_sweep/cifar10/strength_1p0/seed_21/splits/cifar10_split_seed21_clients5_alpha0p3_ref500.json,1.0,8,fc1,2,2,1.0,0.9852298498153687,500
cka_feddst,cifar10,0.9,21,results/logs/cka_strength_sweep/cifar10/strength_1p0/seed_21/splits/cifar10_split_seed21_clients5_alpha0p3_ref500.json,1.0,8,fc1,2,3,0.9958304762840271,0.9852298498153687,500
cka_feddst,cifar10,0.9,21,results/logs/cka_strength_sweep/cifar10/strength_1p0/seed_21/splits/cifar10_split_seed21_clients5_alpha0p3_ref500.json,1.0,8,fc1,2,4,0.9976947903633118,0.9852298498153687,500
cka_feddst,cifar10,0.9,21,results/logs/cka_strength_sweep/cifar10/strength_1p0/seed_21/splits/cifar10_split_seed21_clients5_alpha0p3_ref500.json,1.0,8,fc1,3,0,0.982924222946167,0.9852298498153687,500
cka_feddst,cifar10,0.9,21,results/logs/cka_strength_sweep/cifar10/strength_1p0/seed_21/splits/cifar10_split_seed21_clients5_alpha0p3_ref500.json,1.0,8,fc1,3,1,0.9937889575958252,0.9852298498153687,500
cka_feddst,cifar10,0.9,21,results/logs/cka_strength_sweep/cifar10/strength_1p0/seed_21/splits/cifar10_split_seed21_clients5_alpha0p3_ref500.json,1.0,8,fc1,3,2,0.9958304762840271,0.9852298498153687,500
cka_feddst,cifar10,0.9,21,results/logs/cka_strength_sweep/cifar10/strength_1p0/seed_21/splits/cifar10_split_seed21_clients5_alpha0p3_ref500.json,1.0,8,fc1,3,3,1.0,0.9852298498153687,500
cka_feddst,cifar10,0.9,21,results/logs/cka_strength_sweep/cifar10/strength_1p0/seed_21/splits/cifar10_split_seed21_clients5_alpha0p3_ref500.json,1.0,8,fc1,3,4,0.9936484098434448,0.9852298498153687,500
cka_feddst,cifar10,0.9,21,results/logs/cka_strength_sweep/cifar10/strength_1p0/seed_21/splits/cifar10_split_seed21_clients5_alpha0p3_ref500.json,1.0,8,fc1,4,0,0.9633933901786804,0.9852298498153687,500
cka_feddst,cifar10,0.9,21,results/logs/cka_strength_sweep/cifar10/strength_1p0/seed_21/splits/cifar10_split_seed21_clients5_alpha0p3_ref500.json,1.0,8,fc1,4,1,0.990345299243927,0.9852298498153687,500
cka_feddst,cifar10,0.9,21,results/logs/cka_strength_sweep/cifar10/strength_1p0/seed_21/splits/cifar10_split_seed21_clients5_alpha0p3_ref500.json,1.0,8,fc1,4,2,0.9976947903633118,0.9852298498153687,500
cka_feddst,cifar10,0.9,21,results/logs/cka_strength_sweep/cifar10/strength_1p0/seed_21/splits/cifar10_split_seed21_clients5_alpha0p3_ref500.json,1.0,8,fc1,4,3,0.9936484098434448,0.9852298498153687,500
cka_feddst,cifar10,0.9,21,results/logs/cka_strength_sweep/cifar10/strength_1p0/seed_21/splits/cifar10_split_seed21_clients5_alpha0p3_ref500.json,1.0,8,fc1,4,4,1.0,0.9852298498153687,500
cka_feddst,cifar10,0.9,21,results/logs/cka_strength_sweep/cifar10/strength_1p0/seed_21/splits/cifar10_split_seed21_clients5_alpha0p3_ref500.json,1.0,10,conv1,0,0,1.0,1.0,500
cka_feddst,cifar10,0.9,21,results/logs/cka_strength_sweep/cifar10/strength_1p0/seed_21/splits/cifar10_split_seed21_clients5_alpha0p3_ref500.json,1.0,10,conv1,0,1,1.0,1.0,500
cka_feddst,cifar10,0.9,21,results/logs/cka_strength_sweep/cifar10/strength_1p0/seed_21/splits/cifar10_split_seed21_clients5_alpha0p3_ref500.json,1.0,10,conv1,0,2,1.0,1.0,500
cka_feddst,cifar10,0.9,21,results/logs/cka_strength_sweep/cifar10/strength_1p0/seed_21/splits/cifar10_split_seed21_clients5_alpha0p3_ref500.json,1.0,10,conv1,0,3,1.0,1.0,500
cka_feddst,cifar10,0.9,21,results/logs/cka_strength_sweep/cifar10/strength_1p0/seed_21/splits/cifar10_split_seed21_clients5_alpha0p3_ref500.json,1.0,10,conv1,0,4,1.0,1.0,500
cka_feddst,cifar10,0.9,21,results/logs/cka_strength_sweep/cifar10/strength_1p0/seed_21/splits/cifar10_split_seed21_clients5_alpha0p3_ref500.json,1.0,10,conv1,1,0,1.0,1.0,500
cka_feddst,cifar10,0.9,21,results/logs/cka_strength_sweep/cifar10/strength_1p0/seed_21/splits/cifar10_split_seed21_clients5_alpha0p3_ref500.json,1.0,10,conv1,1,1,1.0,1.0,500
cka_feddst,cifar10,0.9,21,results/logs/cka_strength_sweep/cifar10/strength_1p0/seed_21/splits/cifar10_split_seed21_clients5_alpha0p3_ref500.json,1.0,10,conv1,1,2,1.0,1.0,500
cka_feddst,cifar10,0.9,21,results/logs/cka_strength_sweep/cifar10/strength_1p0/seed_21/splits/cifar10_split_seed21_clients5_alpha0p3_ref500.json,1.0,10,conv1,1,3,1.0,1.0,500
cka_feddst,cifar10,0.9,21,results/logs/cka_strength_sweep/cifar10/strength_1p0/seed_21/splits/cifar10_split_seed21_clients5_alpha0p3_ref500.json,1.0,10,conv1,1,4,1.0,1.0,500
cka_feddst,cifar10,0.9,21,results/logs/cka_strength_sweep/cifar10/strength_1p0/seed_21/splits/cifar10_split_seed21_clients5_alpha0p3_ref500.json,1.0,10,conv1,2,0,1.0,1.0,500
cka_feddst,cifar10,0.9,21,results/logs/cka_strength_sweep/cifar10/strength_1p0/seed_21/splits/cifar10_split_seed21_clients5_alpha0p3_ref500.json,1.0,10,conv1,2,1,1.0,1.0,500
cka_feddst,cifar10,0.9,21,results/logs/cka_strength_sweep/cifar10/strength_1p0/seed_21/splits/cifar10_split_seed21_clients5_alpha0p3_ref500.json,1.0,10,conv1,2,2,1.0,1.0,500
cka_feddst,cifar10,0.9,21,results/logs/cka_strength_sweep/cifar10/strength_1p0/seed_21/splits/cifar10_split_seed21_clients5_alpha0p3_ref500.json,1.0,10,conv1,2,3,1.0,1.0,500
cka_feddst,cifar10,0.9,21,results/logs/cka_strength_sweep/cifar10/strength_1p0/seed_21/splits/cifar10_split_seed21_clients5_alpha0p3_ref500.json,1.0,10,conv1,2,4,1.0,1.0,500
cka_feddst,cifar10,0.9,21,results/logs/cka_strength_sweep/cifar10/strength_1p0/seed_21/splits/cifar10_split_seed21_clients5_alpha0p3_ref500.json,1.0,10,conv1,3,0,1.0,1.0,500
cka_feddst,cifar10,0.9,21,results/logs/cka_strength_sweep/cifar10/strength_1p0/seed_21/splits/cifar10_split_seed21_clients5_alpha0p3_ref500.json,1.0,10,conv1,3,1,1.0,1.0,500
cka_feddst,cifar10,0.9,21,results/logs/cka_strength_sweep/cifar10/strength_1p0/seed_21/splits/cifar10_split_seed21_clients5_alpha0p3_ref500.json,1.0,10,conv1,3,2,1.0,1.0,500
cka_feddst,cifar10,0.9,21,results/logs/cka_strength_sweep/cifar10/strength_1p0/seed_21/splits/cifar10_split_seed21_clients5_alpha0p3_ref500.json,1.0,10,conv1,3,3,1.0,1.0,500
cka_feddst,cifar10,0.9,21,results/logs/cka_strength_sweep/cifar10/strength_1p0/seed_21/splits/cifar10_split_seed21_clients5_alpha0p3_ref500.json,1.0,10,conv1,3,4,1.0,1.0,500
cka_feddst,cifar10,0.9,21,results/logs/cka_strength_sweep/cifar10/strength_1p0/seed_21/splits/cifar10_split_seed21_clients5_alpha0p3_ref500.json,1.0,10,conv1,4,0,1.0,1.0,500
cka_feddst,cifar10,0.9,21,results/logs/cka_strength_sweep/cifar10/strength_1p0/seed_21/splits/cifar10_split_seed21_clients5_alpha0p3_ref500.json,1.0,10,conv1,4,1,1.0,1.0,500
cka_feddst,cifar10,0.9,21,results/logs/cka_strength_sweep/cifar10/strength_1p0/seed_21/splits/cifar10_split_seed21_clients5_alpha0p3_ref500.json,1.0,10,conv1,4,2,1.0,1.0,500
cka_feddst,cifar10,0.9,21,results/logs/cka_strength_sweep/cifar10/strength_1p0/seed_21/splits/cifar10_split_seed21_clients5_alpha0p3_ref500.json,1.0,10,conv1,4,3,1.0,1.0,500
cka_feddst,cifar10,0.9,21,results/logs/cka_strength_sweep/cifar10/strength_1p0/seed_21/splits/cifar10_split_seed21_clients5_alpha0p3_ref500.json,1.0,10,conv1,4,4,1.0,1.0,500
cka_feddst,cifar10,0.9,21,results/logs/cka_strength_sweep/cifar10/strength_1p0/seed_21/splits/cifar10_split_seed21_clients5_alpha0p3_ref500.json,1.0,10,conv2,0,0,1.0,0.9999983906745911,500
cka_feddst,cifar10,0.9,21,results/logs/cka_strength_sweep/cifar10/strength_1p0/seed_21/splits/cifar10_split_seed21_clients5_alpha0p3_ref500.json,1.0,10,conv2,0,1,0.9999974966049194,0.9999983906745911,500
cka_feddst,cifar10,0.9,21,results/logs/cka_strength_sweep/cifar10/strength_1p0/seed_21/splits/cifar10_split_seed21_clients5_alpha0p3_ref500.json,1.0,10,conv2,0,2,0.9999992847442627,0.9999983906745911,500
cka_feddst,cifar10,0.9,21,results/logs/cka_strength_sweep/cifar10/strength_1p0/seed_21/splits/cifar10_split_seed21_clients5_alpha0p3_ref500.json,1.0,10,conv2,0,3,0.9999992847442627,0.9999983906745911,500
cka_feddst,cifar10,0.9,21,results/logs/cka_strength_sweep/cifar10/strength_1p0/seed_21/splits/cifar10_split_seed21_clients5_alpha0p3_ref500.json,1.0,10,conv2,0,4,0.999991238117218,0.9999983906745911,500
cka_feddst,cifar10,0.9,21,results/logs/cka_strength_sweep/cifar10/strength_1p0/seed_21/splits/cifar10_split_seed21_clients5_alpha0p3_ref500.json,1.0,10,conv2,1,0,0.9999974966049194,0.9999983906745911,500
cka_feddst,cifar10,0.9,21,results/logs/cka_strength_sweep/cifar10/strength_1p0/seed_21/splits/cifar10_split_seed21_clients5_alpha0p3_ref500.json,1.0,10,conv2,1,1,1.0,0.9999983906745911,500
cka_feddst,cifar10,0.9,21,results/logs/cka_strength_sweep/cifar10/strength_1p0/seed_21/splits/cifar10_split_seed21_clients5_alpha0p3_ref500.json,1.0,10,conv2,1,2,1.0,0.9999983906745911,500
cka_feddst,cifar10,0.9,21,results/logs/cka_strength_sweep/cifar10/strength_1p0/seed_21/splits/cifar10_split_seed21_clients5_alpha0p3_ref500.json,1.0,10,conv2,1,3,1.0,0.9999983906745911,500
cka_feddst,cifar10,0.9,21,results/logs/cka_strength_sweep/cifar10/strength_1p0/seed_21/splits/cifar10_split_seed21_clients5_alpha0p3_ref500.json,1.0,10,conv2,1,4,1.0,0.9999983906745911,500
cka_feddst,cifar10,0.9,21,results/logs/cka_strength_sweep/cifar10/strength_1p0/seed_21/splits/cifar10_split_seed21_clients5_alpha0p3_ref500.json,1.0,10,conv2,2,0,0.9999992847442627,0.9999983906745911,500
cka_feddst,cifar10,0.9,21,results/logs/cka_strength_sweep/cifar10/strength_1p0/seed_21/splits/cifar10_split_seed21_clients5_alpha0p3_ref500.json,1.0,10,conv2,2,1,1.0,0.9999983906745911,500
cka_feddst,cifar10,0.9,21,results/logs/cka_strength_sweep/cifar10/strength_1p0/seed_21/splits/cifar10_split_seed21_clients5_alpha0p3_ref500.json,1.0,10,conv2,2,2,1.0,0.9999983906745911,500
cka_feddst,cifar10,0.9,21,results/logs/cka_strength_sweep/cifar10/strength_1p0/seed_21/splits/cifar10_split_seed21_clients5_alpha0p3_ref500.json,1.0,10,conv2,2,3,1.0,0.9999983906745911,500
cka_feddst,cifar10,0.9,21,results/logs/cka_strength_sweep/cifar10/strength_1p0/seed_21/splits/cifar10_split_seed21_clients5_alpha0p3_ref500.json,1.0,10,conv2,2,4,1.0,0.9999983906745911,500
cka_feddst,cifar10,0.9,21,results/logs/cka_strength_sweep/cifar10/strength_1p0/seed_21/splits/cifar10_split_seed21_clients5_alpha0p3_ref500.json,1.0,10,conv2,3,0,0.9999992847442627,0.9999983906745911,500
cka_feddst,cifar10,0.9,21,results/logs/cka_strength_sweep/cifar10/strength_1p0/seed_21/splits/cifar10_split_seed21_clients5_alpha0p3_ref500.json,1.0,10,conv2,3,1,1.0,0.9999983906745911,500
cka_feddst,cifar10,0.9,21,results/logs/cka_strength_sweep/cifar10/strength_1p0/seed_21/splits/cifar10_split_seed21_clients5_alpha0p3_ref500.json,1.0,10,conv2,3,2,1.0,0.9999983906745911,500
cka_feddst,cifar10,0.9,21,results/logs/cka_strength_sweep/cifar10/strength_1p0/seed_21/splits/cifar10_split_seed21_clients5_alpha0p3_ref500.json,1.0,10,conv2,3,3,1.0,0.9999983906745911,500
cka_feddst,cifar10,0.9,21,results/logs/cka_strength_sweep/cifar10/strength_1p0/seed_21/splits/cifar10_split_seed21_clients5_alpha0p3_ref500.json,1.0,10,conv2,3,4,0.9999964833259583,0.9999983906745911,500
cka_feddst,cifar10,0.9,21,results/logs/cka_strength_sweep/cifar10/strength_1p0/seed_21/splits/cifar10_split_seed21_clients5_alpha0p3_ref500.json,1.0,10,conv2,4,0,0.999991238117218,0.9999983906745911,500
cka_feddst,cifar10,0.9,21,results/logs/cka_strength_sweep/cifar10/strength_1p0/seed_21/splits/cifar10_split_seed21_clients5_alpha0p3_ref500.json,1.0,10,conv2,4,1,1.0,0.9999983906745911,500
cka_feddst,cifar10,0.9,21,results/logs/cka_strength_sweep/cifar10/strength_1p0/seed_21/splits/cifar10_split_seed21_clients5_alpha0p3_ref500.json,1.0,10,conv2,4,2,1.0,0.9999983906745911,500
cka_feddst,cifar10,0.9,21,results/logs/cka_strength_sweep/cifar10/strength_1p0/seed_21/splits/cifar10_split_seed21_clients5_alpha0p3_ref500.json,1.0,10,conv2,4,3,0.9999964833259583,0.9999983906745911,500
cka_feddst,cifar10,0.9,21,results/logs/cka_strength_sweep/cifar10/strength_1p0/seed_21/splits/cifar10_split_seed21_clients5_alpha0p3_ref500.json,1.0,10,conv2,4,4,1.0,0.9999983906745911,500
cka_feddst,cifar10,0.9,21,results/logs/cka_strength_sweep/cifar10/strength_1p0/seed_21/splits/cifar10_split_seed21_clients5_alpha0p3_ref500.json,1.0,10,conv3,0,0,1.0,0.9999562501907349,500
cka_feddst,cifar10,0.9,21,results/logs/cka_strength_sweep/cifar10/strength_1p0/seed_21/splits/cifar10_split_seed21_clients5_alpha0p3_ref500.json,1.0,10,conv3,0,1,0.9999080896377563,0.9999562501907349,500
cka_feddst,cifar10,0.9,21,results/logs/cka_strength_sweep/cifar10/strength_1p0/seed_21/splits/cifar10_split_seed21_clients5_alpha0p3_ref500.json,1.0,10,conv3,0,2,0.9999657273292542,0.9999562501907349,500
cka_feddst,cifar10,0.9,21,results/logs/cka_strength_sweep/cifar10/strength_1p0/seed_21/splits/cifar10_split_seed21_clients5_alpha0p3_ref500.json,1.0,10,conv3,0,3,0.9999822974205017,0.9999562501907349,500
cka_feddst,cifar10,0.9,21,results/logs/cka_strength_sweep/cifar10/strength_1p0/seed_21/splits/cifar10_split_seed21_clients5_alpha0p3_ref500.json,1.0,10,conv3,0,4,0.9999146461486816,0.9999562501907349,500
cka_feddst,cifar10,0.9,21,results/logs/cka_strength_sweep/cifar10/strength_1p0/seed_21/splits/cifar10_split_seed21_clients5_alpha0p3_ref500.json,1.0,10,conv3,1,0,0.9999080896377563,0.9999562501907349,500
cka_feddst,cifar10,0.9,21,results/logs/cka_strength_sweep/cifar10/strength_1p0/seed_21/splits/cifar10_split_seed21_clients5_alpha0p3_ref500.json,1.0,10,conv3,1,1,1.0,0.9999562501907349,500
cka_feddst,cifar10,0.9,21,results/logs/cka_strength_sweep/cifar10/strength_1p0/seed_21/splits/cifar10_split_seed21_clients5_alpha0p3_ref500.json,1.0,10,conv3,1,2,0.99995356798172,0.9999562501907349,500
cka_feddst,cifar10,0.9,21,results/logs/cka_strength_sweep/cifar10/strength_1p0/seed_21/splits/cifar10_split_seed21_clients5_alpha0p3_ref500.json,1.0,10,conv3,1,3,0.999940037727356,0.9999562501907349,500
cka_feddst,cifar10,0.9,21,results/logs/cka_strength_sweep/cifar10/strength_1p0/seed_21/splits/cifar10_split_seed21_clients5_alpha0p3_ref500.json,1.0,10,conv3,1,4,0.999976396560669,0.9999562501907349,500
cka_feddst,cifar10,0.9,21,results/logs/cka_strength_sweep/cifar10/strength_1p0/seed_21/splits/cifar10_split_seed21_clients5_alpha0p3_ref500.json,1.0,10,conv3,2,0,0.9999657273292542,0.9999562501907349,500
cka_feddst,cifar10,0.9,21,results/logs/cka_strength_sweep/cifar10/strength_1p0/seed_21/splits/cifar10_split_seed21_clients5_alpha0p3_ref500.json,1.0,10,conv3,2,1,0.99995356798172,0.9999562501907349,500
cka_feddst,cifar10,0.9,21,results/logs/cka_strength_sweep/cifar10/strength_1p0/seed_21/splits/cifar10_split_seed21_clients5_alpha0p3_ref500.json,1.0,10,conv3,2,2,1.0,0.9999562501907349,500
cka_feddst,cifar10,0.9,21,results/logs/cka_strength_sweep/cifar10/strength_1p0/seed_21/splits/cifar10_split_seed21_clients5_alpha0p3_ref500.json,1.0,10,conv3,2,3,0.999986469745636,0.9999562501907349,500
cka_feddst,cifar10,0.9,21,results/logs/cka_strength_sweep/cifar10/strength_1p0/seed_21/splits/cifar10_split_seed21_clients5_alpha0p3_ref500.json,1.0,10,conv3,2,4,0.9999797344207764,0.9999562501907349,500
cka_feddst,cifar10,0.9,21,results/logs/cka_strength_sweep/cifar10/strength_1p0/seed_21/splits/cifar10_split_seed21_clients5_alpha0p3_ref500.json,1.0,10,conv3,3,0,0.9999822974205017,0.9999562501907349,500
cka_feddst,cifar10,0.9,21,results/logs/cka_strength_sweep/cifar10/strength_1p0/seed_21/splits/cifar10_split_seed21_clients5_alpha0p3_ref500.json,1.0,10,conv3,3,1,0.999940037727356,0.9999562501907349,500
cka_feddst,cifar10,0.9,21,results/logs/cka_strength_sweep/cifar10/strength_1p0/seed_21/splits/cifar10_split_seed21_clients5_alpha0p3_ref500.json,1.0,10,conv3,3,2,0.999986469745636,0.9999562501907349,500
cka_feddst,cifar10,0.9,21,results/logs/cka_strength_sweep/cifar10/strength_1p0/seed_21/splits/cifar10_split_seed21_clients5_alpha0p3_ref500.json,1.0,10,conv3,3,3,1.0,0.9999562501907349,500
cka_feddst,cifar10,0.9,21,results/logs/cka_strength_sweep/cifar10/strength_1p0/seed_21/splits/cifar10_split_seed21_clients5_alpha0p3_ref500.json,1.0,10,conv3,3,4,0.9999554753303528,0.9999562501907349,500
cka_feddst,cifar10,0.9,21,results/logs/cka_strength_sweep/cifar10/strength_1p0/seed_21/splits/cifar10_split_seed21_clients5_alpha0p3_ref500.json,1.0,10,conv3,4,0,0.9999146461486816,0.9999562501907349,500
cka_feddst,cifar10,0.9,21,results/logs/cka_strength_sweep/cifar10/strength_1p0/seed_21/splits/cifar10_split_seed21_clients5_alpha0p3_ref500.json,1.0,10,conv3,4,1,0.999976396560669,0.9999562501907349,500
cka_feddst,cifar10,0.9,21,results/logs/cka_strength_sweep/cifar10/strength_1p0/seed_21/splits/cifar10_split_seed21_clients5_alpha0p3_ref500.json,1.0,10,conv3,4,2,0.9999797344207764,0.9999562501907349,500
cka_feddst,cifar10,0.9,21,results/logs/cka_strength_sweep/cifar10/strength_1p0/seed_21/splits/cifar10_split_seed21_clients5_alpha0p3_ref500.json,1.0,10,conv3,4,3,0.9999554753303528,0.9999562501907349,500
cka_feddst,cifar10,0.9,21,results/logs/cka_strength_sweep/cifar10/strength_1p0/seed_21/splits/cifar10_split_seed21_clients5_alpha0p3_ref500.json,1.0,10,conv3,4,4,1.0,0.9999562501907349,500
cka_feddst,cifar10,0.9,21,results/logs/cka_strength_sweep/cifar10/strength_1p0/seed_21/splits/cifar10_split_seed21_clients5_alpha0p3_ref500.json,1.0,10,fc1,0,0,1.0,0.9965217709541321,500
cka_feddst,cifar10,0.9,21,results/logs/cka_strength_sweep/cifar10/strength_1p0/seed_21/splits/cifar10_split_seed21_clients5_alpha0p3_ref500.json,1.0,10,fc1,0,1,0.9926146268844604,0.9965217709541321,500
cka_feddst,cifar10,0.9,21,results/logs/cka_strength_sweep/cifar10/strength_1p0/seed_21/splits/cifar10_split_seed21_clients5_alpha0p3_ref500.json,1.0,10,fc1,0,2,0.998106062412262,0.9965217709541321,500
cka_feddst,cifar10,0.9,21,results/logs/cka_strength_sweep/cifar10/strength_1p0/seed_21/splits/cifar10_split_seed21_clients5_alpha0p3_ref500.json,1.0,10,fc1,0,3,0.9976255893707275,0.9965217709541321,500
cka_feddst,cifar10,0.9,21,results/logs/cka_strength_sweep/cifar10/strength_1p0/seed_21/splits/cifar10_split_seed21_clients5_alpha0p3_ref500.json,1.0,10,fc1,0,4,0.9972242712974548,0.9965217709541321,500
cka_feddst,cifar10,0.9,21,results/logs/cka_strength_sweep/cifar10/strength_1p0/seed_21/splits/cifar10_split_seed21_clients5_alpha0p3_ref500.json,1.0,10,fc1,1,0,0.9926146268844604,0.9965217709541321,500
cka_feddst,cifar10,0.9,21,results/logs/cka_strength_sweep/cifar10/strength_1p0/seed_21/splits/cifar10_split_seed21_clients5_alpha0p3_ref500.json,1.0,10,fc1,1,1,1.0,0.9965217709541321,500
cka_feddst,cifar10,0.9,21,results/logs/cka_strength_sweep/cifar10/strength_1p0/seed_21/splits/cifar10_split_seed21_clients5_alpha0p3_ref500.json,1.0,10,fc1,1,2,0.9962314963340759,0.9965217709541321,500
cka_feddst,cifar10,0.9,21,results/logs/cka_strength_sweep/cifar10/strength_1p0/seed_21/splits/cifar10_split_seed21_clients5_alpha0p3_ref500.json,1.0,10,fc1,1,3,0.9936982989311218,0.9965217709541321,500
cka_feddst,cifar10,0.9,21,results/logs/cka_strength_sweep/cifar10/strength_1p0/seed_21/splits/cifar10_split_seed21_clients5_alpha0p3_ref500.json,1.0,10,fc1,1,4,0.996027410030365,0.9965217709541321,500
cka_feddst,cifar10,0.9,21,results/logs/cka_strength_sweep/cifar10/strength_1p0/seed_21/splits/cifar10_split_seed21_clients5_alpha0p3_ref500.json,1.0,10,fc1,2,0,0.998106062412262,0.9965217709541321,500
cka_feddst,cifar10,0.9,21,results/logs/cka_strength_sweep/cifar10/strength_1p0/seed_21/splits/cifar10_split_seed21_clients5_alpha0p3_ref500.json,1.0,10,fc1,2,1,0.9962314963340759,0.9965217709541321,500
cka_feddst,cifar10,0.9,21,results/logs/cka_strength_sweep/cifar10/strength_1p0/seed_21/splits/cifar10_split_seed21_clients5_alpha0p3_ref500.json,1.0,10,fc1,2,2,1.0,0.9965217709541321,500
cka_feddst,cifar10,0.9,21,results/logs/cka_strength_sweep/cifar10/strength_1p0/seed_21/splits/cifar10_split_seed21_clients5_alpha0p3_ref500.json,1.0,10,fc1,2,3,0.9986417889595032,0.9965217709541321,500
cka_feddst,cifar10,0.9,21,results/logs/cka_strength_sweep/cifar10/strength_1p0/seed_21/splits/cifar10_split_seed21_clients5_alpha0p3_ref500.json,1.0,10,fc1,2,4,0.9982425570487976,0.9965217709541321,500
cka_feddst,cifar10,0.9,21,results/logs/cka_strength_sweep/cifar10/strength_1p0/seed_21/splits/cifar10_split_seed21_clients5_alpha0p3_ref500.json,1.0,10,fc1,3,0,0.9976255893707275,0.9965217709541321,500
cka_feddst,cifar10,0.9,21,results/logs/cka_strength_sweep/cifar10/strength_1p0/seed_21/splits/cifar10_split_seed21_clients5_alpha0p3_ref500.json,1.0,10,fc1,3,1,0.9936982989311218,0.9965217709541321,500
cka_feddst,cifar10,0.9,21,results/logs/cka_strength_sweep/cifar10/strength_1p0/seed_21/splits/cifar10_split_seed21_clients5_alpha0p3_ref500.json,1.0,10,fc1,3,2,0.9986417889595032,0.9965217709541321,500
cka_feddst,cifar10,0.9,21,results/logs/cka_strength_sweep/cifar10/strength_1p0/seed_21/splits/cifar10_split_seed21_clients5_alpha0p3_ref500.json,1.0,10,fc1,3,3,1.0,0.9965217709541321,500
cka_feddst,cifar10,0.9,21,results/logs/cka_strength_sweep/cifar10/strength_1p0/seed_21/splits/cifar10_split_seed21_clients5_alpha0p3_ref500.json,1.0,10,fc1,3,4,0.9968054294586182,0.9965217709541321,500
cka_feddst,cifar10,0.9,21,results/logs/cka_strength_sweep/cifar10/strength_1p0/seed_21/splits/cifar10_split_seed21_clients5_alpha0p3_ref500.json,1.0,10,fc1,4,0,0.9972242712974548,0.9965217709541321,500
cka_feddst,cifar10,0.9,21,results/logs/cka_strength_sweep/cifar10/strength_1p0/seed_21/splits/cifar10_split_seed21_clients5_alpha0p3_ref500.json,1.0,10,fc1,4,1,0.996027410030365,0.9965217709541321,500
cka_feddst,cifar10,0.9,21,results/logs/cka_strength_sweep/cifar10/strength_1p0/seed_21/splits/cifar10_split_seed21_clients5_alpha0p3_ref500.json,1.0,10,fc1,4,2,0.9982425570487976,0.9965217709541321,500
cka_feddst,cifar10,0.9,21,results/logs/cka_strength_sweep/cifar10/strength_1p0/seed_21/splits/cifar10_split_seed21_clients5_alpha0p3_ref500.json,1.0,10,fc1,4,3,0.9968054294586182,0.9965217709541321,500
cka_feddst,cifar10,0.9,21,results/logs/cka_strength_sweep/cifar10/strength_1p0/seed_21/splits/cifar10_split_seed21_clients5_alpha0p3_ref500.json,1.0,10,fc1,4,4,1.0,0.9965217709541321,500
cka_feddst,cifar10,0.9,21,results/logs/cka_strength_sweep/cifar10/strength_1p0/seed_21/splits/cifar10_split_seed21_clients5_alpha0p3_ref500.json,1.0,12,conv1,0,0,1.0,1.0,500
cka_feddst,cifar10,0.9,21,results/logs/cka_strength_sweep/cifar10/strength_1p0/seed_21/splits/cifar10_split_seed21_clients5_alpha0p3_ref500.json,1.0,12,conv1,0,1,1.0,1.0,500
cka_feddst,cifar10,0.9,21,results/logs/cka_strength_sweep/cifar10/strength_1p0/seed_21/splits/cifar10_split_seed21_clients5_alpha0p3_ref500.json,1.0,12,conv1,0,2,1.0,1.0,500
cka_feddst,cifar10,0.9,21,results/logs/cka_strength_sweep/cifar10/strength_1p0/seed_21/splits/cifar10_split_seed21_clients5_alpha0p3_ref500.json,1.0,12,conv1,0,3,1.0,1.0,500
cka_feddst,cifar10,0.9,21,results/logs/cka_strength_sweep/cifar10/strength_1p0/seed_21/splits/cifar10_split_seed21_clients5_alpha0p3_ref500.json,1.0,12,conv1,0,4,1.0,1.0,500
cka_feddst,cifar10,0.9,21,results/logs/cka_strength_sweep/cifar10/strength_1p0/seed_21/splits/cifar10_split_seed21_clients5_alpha0p3_ref500.json,1.0,12,conv1,1,0,1.0,1.0,500
cka_feddst,cifar10,0.9,21,results/logs/cka_strength_sweep/cifar10/strength_1p0/seed_21/splits/cifar10_split_seed21_clients5_alpha0p3_ref500.json,1.0,12,conv1,1,1,1.0,1.0,500
cka_feddst,cifar10,0.9,21,results/logs/cka_strength_sweep/cifar10/strength_1p0/seed_21/splits/cifar10_split_seed21_clients5_alpha0p3_ref500.json,1.0,12,conv1,1,2,1.0,1.0,500
cka_feddst,cifar10,0.9,21,results/logs/cka_strength_sweep/cifar10/strength_1p0/seed_21/splits/cifar10_split_seed21_clients5_alpha0p3_ref500.json,1.0,12,conv1,1,3,1.0,1.0,500
cka_feddst,cifar10,0.9,21,results/logs/cka_strength_sweep/cifar10/strength_1p0/seed_21/splits/cifar10_split_seed21_clients5_alpha0p3_ref500.json,1.0,12,conv1,1,4,1.0,1.0,500
cka_feddst,cifar10,0.9,21,results/logs/cka_strength_sweep/cifar10/strength_1p0/seed_21/splits/cifar10_split_seed21_clients5_alpha0p3_ref500.json,1.0,12,conv1,2,0,1.0,1.0,500
cka_feddst,cifar10,0.9,21,results/logs/cka_strength_sweep/cifar10/strength_1p0/seed_21/splits/cifar10_split_seed21_clients5_alpha0p3_ref500.json,1.0,12,conv1,2,1,1.0,1.0,500
cka_feddst,cifar10,0.9,21,results/logs/cka_strength_sweep/cifar10/strength_1p0/seed_21/splits/cifar10_split_seed21_clients5_alpha0p3_ref500.json,1.0,12,conv1,2,2,1.0,1.0,500
cka_feddst,cifar10,0.9,21,results/logs/cka_strength_sweep/cifar10/strength_1p0/seed_21/splits/cifar10_split_seed21_clients5_alpha0p3_ref500.json,1.0,12,conv1,2,3,1.0,1.0,500
cka_feddst,cifar10,0.9,21,results/logs/cka_strength_sweep/cifar10/strength_1p0/seed_21/splits/cifar10_split_seed21_clients5_alpha0p3_ref500.json,1.0,12,conv1,2,4,1.0,1.0,500
cka_feddst,cifar10,0.9,21,results/logs/cka_strength_sweep/cifar10/strength_1p0/seed_21/splits/cifar10_split_seed21_clients5_alpha0p3_ref500.json,1.0,12,conv1,3,0,1.0,1.0,500
cka_feddst,cifar10,0.9,21,results/logs/cka_strength_sweep/cifar10/strength_1p0/seed_21/splits/cifar10_split_seed21_clients5_alpha0p3_ref500.json,1.0,12,conv1,3,1,1.0,1.0,500
cka_feddst,cifar10,0.9,21,results/logs/cka_strength_sweep/cifar10/strength_1p0/seed_21/splits/cifar10_split_seed21_clients5_alpha0p3_ref500.json,1.0,12,conv1,3,2,1.0,1.0,500
cka_feddst,cifar10,0.9,21,results/logs/cka_strength_sweep/cifar10/strength_1p0/seed_21/splits/cifar10_split_seed21_clients5_alpha0p3_ref500.json,1.0,12,conv1,3,3,1.0,1.0,500
cka_feddst,cifar10,0.9,21,results/logs/cka_strength_sweep/cifar10/strength_1p0/seed_21/splits/cifar10_split_seed21_clients5_alpha0p3_ref500.json,1.0,12,conv1,3,4,1.0,1.0,500
cka_feddst,cifar10,0.9,21,results/logs/cka_strength_sweep/cifar10/strength_1p0/seed_21/splits/cifar10_split_seed21_clients5_alpha0p3_ref500.json,1.0,12,conv1,4,0,1.0,1.0,500
cka_feddst,cifar10,0.9,21,results/logs/cka_strength_sweep/cifar10/strength_1p0/seed_21/splits/cifar10_split_seed21_clients5_alpha0p3_ref500.json,1.0,12,conv1,4,1,1.0,1.0,500
cka_feddst,cifar10,0.9,21,results/logs/cka_strength_sweep/cifar10/strength_1p0/seed_21/splits/cifar10_split_seed21_clients5_alpha0p3_ref500.json,1.0,12,conv1,4,2,1.0,1.0,500
cka_feddst,cifar10,0.9,21,results/logs/cka_strength_sweep/cifar10/strength_1p0/seed_21/splits/cifar10_split_seed21_clients5_alpha0p3_ref500.json,1.0,12,conv1,4,3,1.0,1.0,500
cka_feddst,cifar10,0.9,21,results/logs/cka_strength_sweep/cifar10/strength_1p0/seed_21/splits/cifar10_split_seed21_clients5_alpha0p3_ref500.json,1.0,12,conv1,4,4,1.0,1.0,500
cka_feddst,cifar10,0.9,21,results/logs/cka_strength_sweep/cifar10/strength_1p0/seed_21/splits/cifar10_split_seed21_clients5_alpha0p3_ref500.json,1.0,12,conv2,0,0,1.0,0.9998968839645386,500
cka_feddst,cifar10,0.9,21,results/logs/cka_strength_sweep/cifar10/strength_1p0/seed_21/splits/cifar10_split_seed21_clients5_alpha0p3_ref500.json,1.0,12,conv2,0,1,0.999803364276886,0.9998968839645386,500
cka_feddst,cifar10,0.9,21,results/logs/cka_strength_sweep/cifar10/strength_1p0/seed_21/splits/cifar10_split_seed21_clients5_alpha0p3_ref500.json,1.0,12,conv2,0,2,0.9997156858444214,0.9998968839645386,500
cka_feddst,cifar10,0.9,21,results/logs/cka_strength_sweep/cifar10/strength_1p0/seed_21/splits/cifar10_split_seed21_clients5_alpha0p3_ref500.json,1.0,12,conv2,0,3,0.9998045563697815,0.9998968839645386,500
cka_feddst,cifar10,0.9,21,results/logs/cka_strength_sweep/cifar10/strength_1p0/seed_21/splits/cifar10_split_seed21_clients5_alpha0p3_ref500.json,1.0,12,conv2,0,4,0.9997110962867737,0.9998968839645386,500
cka_feddst,cifar10,0.9,21,results/logs/cka_strength_sweep/cifar10/strength_1p0/seed_21/splits/cifar10_split_seed21_clients5_alpha0p3_ref500.json,1.0,12,conv2,1,0,0.999803364276886,0.9998968839645386,500
cka_feddst,cifar10,0.9,21,results/logs/cka_strength_sweep/cifar10/strength_1p0/seed_21/splits/cifar10_split_seed21_clients5_alpha0p3_ref500.json,1.0,12,conv2,1,1,1.0,0.9998968839645386,500
cka_feddst,cifar10,0.9,21,results/logs/cka_strength_sweep/cifar10/strength_1p0/seed_21/splits/cifar10_split_seed21_clients5_alpha0p3_ref500.json,1.0,12,conv2,1,2,0.999986469745636,0.9998968839645386,500
cka_feddst,cifar10,0.9,21,results/logs/cka_strength_sweep/cifar10/strength_1p0/seed_21/splits/cifar10_split_seed21_clients5_alpha0p3_ref500.json,1.0,12,conv2,1,3,0.9999890923500061,0.9998968839645386,500
cka_feddst,cifar10,0.9,21,results/logs/cka_strength_sweep/cifar10/strength_1p0/seed_21/splits/cifar10_split_seed21_clients5_alpha0p3_ref500.json,1.0,12,conv2,1,4,0.999991774559021,0.9998968839645386,500
cka_feddst,cifar10,0.9,21,results/logs/cka_strength_sweep/cifar10/strength_1p0/seed_21/splits/cifar10_split_seed21_clients5_alpha0p3_ref500.json,1.0,12,conv2,2,0,0.9997156858444214,0.9998968839645386,500
cka_feddst,cifar10,0.9,21,results/logs/cka_strength_sweep/cifar10/strength_1p0/seed_21/splits/cifar10_split_seed21_clients5_alpha0p3_ref500.json,1.0,12,conv2,2,1,0.999986469745636,0.9998968839645386,500
cka_feddst,cifar10,0.9,21,results/logs/cka_strength_sweep/cifar10/strength_1p0/seed_21/splits/cifar10_split_seed21_clients5_alpha0p3_ref500.json,1.0,12,conv2,2,2,1.0,0.9998968839645386,500
cka_feddst,cifar10,0.9,21,results/logs/cka_strength_sweep/cifar10/strength_1p0/seed_21/splits/cifar10_split_seed21_clients5_alpha0p3_ref500.json,1.0,12,conv2,2,3,0.9999933242797852,0.9998968839645386,500
cka_feddst,cifar10,0.9,21,results/logs/cka_strength_sweep/cifar10/strength_1p0/seed_21/splits/cifar10_split_seed21_clients5_alpha0p3_ref500.json,1.0,12,conv2,2,4,0.999994695186615,0.9998968839645386,500
cka_feddst,cifar10,0.9,21,results/logs/cka_strength_sweep/cifar10/strength_1p0/seed_21/splits/cifar10_split_seed21_clients5_alpha0p3_ref500.json,1.0,12,conv2,3,0,0.9998045563697815,0.9998968839645386,500
cka_feddst,cifar10,0.9,21,results/logs/cka_strength_sweep/cifar10/strength_1p0/seed_21/splits/cifar10_split_seed21_clients5_alpha0p3_ref500.json,1.0,12,conv2,3,1,0.9999890923500061,0.9998968839645386,500
cka_feddst,cifar10,0.9,21,results/logs/cka_strength_sweep/cifar10/strength_1p0/seed_21/splits/cifar10_split_seed21_clients5_alpha0p3_ref500.json,1.0,12,conv2,3,2,0.9999933242797852,0.9998968839645386,500
cka_feddst,cifar10,0.9,21,results/logs/cka_strength_sweep/cifar10/strength_1p0/seed_21/splits/cifar10_split_seed21_clients5_alpha0p3_ref500.json,1.0,12,conv2,3,3,1.0,0.9998968839645386,500
cka_feddst,cifar10,0.9,21,results/logs/cka_strength_sweep/cifar10/strength_1p0/seed_21/splits/cifar10_split_seed21_clients5_alpha0p3_ref500.json,1.0,12,conv2,3,4,0.9999793767929077,0.9998968839645386,500
cka_feddst,cifar10,0.9,21,results/logs/cka_strength_sweep/cifar10/strength_1p0/seed_21/splits/cifar10_split_seed21_clients5_alpha0p3_ref500.json,1.0,12,conv2,4,0,0.9997110962867737,0.9998968839645386,500
cka_feddst,cifar10,0.9,21,results/logs/cka_strength_sweep/cifar10/strength_1p0/seed_21/splits/cifar10_split_seed21_clients5_alpha0p3_ref500.json,1.0,12,conv2,4,1,0.999991774559021,0.9998968839645386,500
cka_feddst,cifar10,0.9,21,results/logs/cka_strength_sweep/cifar10/strength_1p0/seed_21/splits/cifar10_split_seed21_clients5_alpha0p3_ref500.json,1.0,12,conv2,4,2,0.999994695186615,0.9998968839645386,500
cka_feddst,cifar10,0.9,21,results/logs/cka_strength_sweep/cifar10/strength_1p0/seed_21/splits/cifar10_split_seed21_clients5_alpha0p3_ref500.json,1.0,12,conv2,4,3,0.9999793767929077,0.9998968839645386,500
cka_feddst,cifar10,0.9,21,results/logs/cka_strength_sweep/cifar10/strength_1p0/seed_21/splits/cifar10_split_seed21_clients5_alpha0p3_ref500.json,1.0,12,conv2,4,4,1.0,0.9998968839645386,500
cka_feddst,cifar10,0.9,21,results/logs/cka_strength_sweep/cifar10/strength_1p0/seed_21/splits/cifar10_split_seed21_clients5_alpha0p3_ref500.json,1.0,12,conv3,0,0,1.0,0.9996373057365417,500
cka_feddst,cifar10,0.9,21,results/logs/cka_strength_sweep/cifar10/strength_1p0/seed_21/splits/cifar10_split_seed21_clients5_alpha0p3_ref500.json,1.0,12,conv3,0,1,0.9992714524269104,0.9996373057365417,500
cka_feddst,cifar10,0.9,21,results/logs/cka_strength_sweep/cifar10/strength_1p0/seed_21/splits/cifar10_split_seed21_clients5_alpha0p3_ref500.json,1.0,12,conv3,0,2,0.9991475939750671,0.9996373057365417,500
cka_feddst,cifar10,0.9,21,results/logs/cka_strength_sweep/cifar10/strength_1p0/seed_21/splits/cifar10_split_seed21_clients5_alpha0p3_ref500.json,1.0,12,conv3,0,3,0.999449610710144,0.9996373057365417,500
cka_feddst,cifar10,0.9,21,results/logs/cka_strength_sweep/cifar10/strength_1p0/seed_21/splits/cifar10_split_seed21_clients5_alpha0p3_ref500.json,1.0,12,conv3,0,4,0.9989849328994751,0.9996373057365417,500
cka_feddst,cifar10,0.9,21,results/logs/cka_strength_sweep/cifar10/strength_1p0/seed_21/splits/cifar10_split_seed21_clients5_alpha0p3_ref500.json,1.0,12,conv3,1,0,0.9992714524269104,0.9996373057365417,500
cka_feddst,cifar10,0.9,21,results/logs/cka_strength_sweep/cifar10/strength_1p0/seed_21/splits/cifar10_split_seed21_clients5_alpha0p3_ref500.json,1.0,12,conv3,1,1,1.0,0.9996373057365417,500
cka_feddst,cifar10,0.9,21,results/logs/cka_strength_sweep/cifar10/strength_1p0/seed_21/splits/cifar10_split_seed21_clients5_alpha0p3_ref500.json,1.0,12,conv3,1,2,0.9999052882194519,0.9996373057365417,500
cka_feddst,cifar10,0.9,21,results/logs/cka_strength_sweep/cifar10/strength_1p0/seed_21/splits/cifar10_split_seed21_clients5_alpha0p3_ref500.json,1.0,12,conv3,1,3,0.9998893737792969,0.9996373057365417,500
cka_feddst,cifar10,0.9,21,results/logs/cka_strength_sweep/cifar10/strength_1p0/seed_21/splits/cifar10_split_seed21_clients5_alpha0p3_ref500.json,1.0,12,conv3,1,4,0.9999327659606934,0.9996373057365417,500
cka_feddst,cifar10,0.9,21,results/logs/cka_strength_sweep/cifar10/strength_1p0/seed_21/splits/cifar10_split_seed21_clients5_alpha0p3_ref500.json,1.0,12,conv3,2,0,0.9991475939750671,0.9996373057365417,500
cka_feddst,cifar10,0.9,21,results/logs/cka_strength_sweep/cifar10/strength_1p0/seed_21/splits/cifar10_split_seed21_clients5_alpha0p3_ref500.json,1.0,12,conv3,2,1,0.9999052882194519,0.9996373057365417,500
cka_feddst,cifar10,0.9,21,results/logs/cka_strength_sweep/cifar10/strength_1p0/seed_21/splits/cifar10_split_seed21_clients5_alpha0p3_ref500.json,1.0,12,conv3,2,2,1.0,0.9996373057365417,500
cka_feddst,cifar10,0.9,21,results/logs/cka_strength_sweep/cifar10/strength_1p0/seed_21/splits/cifar10_split_seed21_clients5_alpha0p3_ref500.json,1.0,12,conv3,2,3,0.9999533891677856,0.9996373057365417,500
cka_feddst,cifar10,0.9,21,results/logs/cka_strength_sweep/cifar10/strength_1p0/seed_21/splits/cifar10_split_seed21_clients5_alpha0p3_ref500.json,1.0,12,conv3,2,4,0.9999604225158691,0.9996373057365417,500
cka_feddst,cifar10,0.9,21,results/logs/cka_strength_sweep/cifar10/strength_1p0/seed_21/splits/cifar10_split_seed21_clients5_alpha0p3_ref500.json,1.0,12,conv3,3,0,0.999449610710144,0.9996373057365417,500
cka_feddst,cifar10,0.9,21,results/logs/cka_strength_sweep/cifar10/strength_1p0/seed_21/splits/cifar10_split_seed21_clients5_alpha0p3_ref500.json,1.0,12,conv3,3,1,0.9998893737792969,0.9996373057365417,500
cka_feddst,cifar10,0.9,21,results/logs/cka_strength_sweep/cifar10/strength_1p0/seed_21/splits/cifar10_split_seed21_clients5_alpha0p3_ref500.json,1.0,12,conv3,3,2,0.9999533891677856,0.9996373057365417,500
cka_feddst,cifar10,0.9,21,results/logs/cka_strength_sweep/cifar10/strength_1p0/seed_21/splits/cifar10_split_seed21_clients5_alpha0p3_ref500.json,1.0,12,conv3,3,3,1.0,0.9996373057365417,500
cka_feddst,cifar10,0.9,21,results/logs/cka_strength_sweep/cifar10/strength_1p0/seed_21/splits/cifar10_split_seed21_clients5_alpha0p3_ref500.json,1.0,12,conv3,3,4,0.9998793005943298,0.9996373057365417,500
cka_feddst,cifar10,0.9,21,results/logs/cka_strength_sweep/cifar10/strength_1p0/seed_21/splits/cifar10_split_seed21_clients5_alpha0p3_ref500.json,1.0,12,conv3,4,0,0.9989849328994751,0.9996373057365417,500
cka_feddst,cifar10,0.9,21,results/logs/cka_strength_sweep/cifar10/strength_1p0/seed_21/splits/cifar10_split_seed21_clients5_alpha0p3_ref500.json,1.0,12,conv3,4,1,0.9999327659606934,0.9996373057365417,500
cka_feddst,cifar10,0.9,21,results/logs/cka_strength_sweep/cifar10/strength_1p0/seed_21/splits/cifar10_split_seed21_clients5_alpha0p3_ref500.json,1.0,12,conv3,4,2,0.9999604225158691,0.9996373057365417,500
cka_feddst,cifar10,0.9,21,results/logs/cka_strength_sweep/cifar10/strength_1p0/seed_21/splits/cifar10_split_seed21_clients5_alpha0p3_ref500.json,1.0,12,conv3,4,3,0.9998793005943298,0.9996373057365417,500
cka_feddst,cifar10,0.9,21,results/logs/cka_strength_sweep/cifar10/strength_1p0/seed_21/splits/cifar10_split_seed21_clients5_alpha0p3_ref500.json,1.0,12,conv3,4,4,1.0,0.9996373057365417,500
cka_feddst,cifar10,0.9,21,results/logs/cka_strength_sweep/cifar10/strength_1p0/seed_21/splits/cifar10_split_seed21_clients5_alpha0p3_ref500.json,1.0,12,fc1,0,0,1.0,0.9833674430847168,500
cka_feddst,cifar10,0.9,21,results/logs/cka_strength_sweep/cifar10/strength_1p0/seed_21/splits/cifar10_split_seed21_clients5_alpha0p3_ref500.json,1.0,12,fc1,0,1,0.9838281869888306,0.9833674430847168,500
cka_feddst,cifar10,0.9,21,results/logs/cka_strength_sweep/cifar10/strength_1p0/seed_21/splits/cifar10_split_seed21_clients5_alpha0p3_ref500.json,1.0,12,fc1,0,2,0.9612240791320801,0.9833674430847168,500
cka_feddst,cifar10,0.9,21,results/logs/cka_strength_sweep/cifar10/strength_1p0/seed_21/splits/cifar10_split_seed21_clients5_alpha0p3_ref500.json,1.0,12,fc1,0,3,0.9830958247184753,0.9833674430847168,500
cka_feddst,cifar10,0.9,21,results/logs/cka_strength_sweep/cifar10/strength_1p0/seed_21/splits/cifar10_split_seed21_clients5_alpha0p3_ref500.json,1.0,12,fc1,0,4,0.959010660648346,0.9833674430847168,500
cka_feddst,cifar10,0.9,21,results/logs/cka_strength_sweep/cifar10/strength_1p0/seed_21/splits/cifar10_split_seed21_clients5_alpha0p3_ref500.json,1.0,12,fc1,1,0,0.9838281869888306,0.9833674430847168,500
cka_feddst,cifar10,0.9,21,results/logs/cka_strength_sweep/cifar10/strength_1p0/seed_21/splits/cifar10_split_seed21_clients5_alpha0p3_ref500.json,1.0,12,fc1,1,1,1.0,0.9833674430847168,500
cka_feddst,cifar10,0.9,21,results/logs/cka_strength_sweep/cifar10/strength_1p0/seed_21/splits/cifar10_split_seed21_clients5_alpha0p3_ref500.json,1.0,12,fc1,1,2,0.9838341474533081,0.9833674430847168,500
cka_feddst,cifar10,0.9,21,results/logs/cka_strength_sweep/cifar10/strength_1p0/seed_21/splits/cifar10_split_seed21_clients5_alpha0p3_ref500.json,1.0,12,fc1,1,3,0.9934298396110535,0.9833674430847168,500
cka_feddst,cifar10,0.9,21,results/logs/cka_strength_sweep/cifar10/strength_1p0/seed_21/splits/cifar10_split_seed21_clients5_alpha0p3_ref500.json,1.0,12,fc1,1,4,0.9847145676612854,0.9833674430847168,500
cka_feddst,cifar10,0.9,21,results/logs/cka_strength_sweep/cifar10/strength_1p0/seed_21/splits/cifar10_split_seed21_clients5_alpha0p3_ref500.json,1.0,12,fc1,2,0,0.9612240791320801,0.9833674430847168,500
cka_feddst,cifar10,0.9,21,results/logs/cka_strength_sweep/cifar10/strength_1p0/seed_21/splits/cifar10_split_seed21_clients5_alpha0p3_ref500.json,1.0,12,fc1,2,1,0.9838341474533081,0.9833674430847168,500
cka_feddst,cifar10,0.9,21,results/logs/cka_strength_sweep/cifar10/strength_1p0/seed_21/splits/cifar10_split_seed21_clients5_alpha0p3_ref500.json,1.0,12,fc1,2,2,1.0,0.9833674430847168,500
cka_feddst,cifar10,0.9,21,results/logs/cka_strength_sweep/cifar10/strength_1p0/seed_21/splits/cifar10_split_seed21_clients5_alpha0p3_ref500.json,1.0,12,fc1,2,3,0.9941737651824951,0.9833674430847168,500
cka_feddst,cifar10,0.9,21,results/logs/cka_strength_sweep/cifar10/strength_1p0/seed_21/splits/cifar10_split_seed21_clients5_alpha0p3_ref500.json,1.0,12,fc1,2,4,0.9978247880935669,0.9833674430847168,500
cka_feddst,cifar10,0.9,21,results/logs/cka_strength_sweep/cifar10/strength_1p0/seed_21/splits/cifar10_split_seed21_clients5_alpha0p3_ref500.json,1.0,12,fc1,3,0,0.9830958247184753,0.9833674430847168,500
cka_feddst,cifar10,0.9,21,results/logs/cka_strength_sweep/cifar10/strength_1p0/seed_21/splits/cifar10_split_seed21_clients5_alpha0p3_ref500.json,1.0,12,fc1,3,1,0.9934298396110535,0.9833674430847168,500
cka_feddst,cifar10,0.9,21,results/logs/cka_strength_sweep/cifar10/strength_1p0/seed_21/splits/cifar10_split_seed21_clients5_alpha0p3_ref500.json,1.0,12,fc1,3,2,0.9941737651824951,0.9833674430847168,500
cka_feddst,cifar10,0.9,21,results/logs/cka_strength_sweep/cifar10/strength_1p0/seed_21/splits/cifar10_split_seed21_clients5_alpha0p3_ref500.json,1.0,12,fc1,3,3,1.0,0.9833674430847168,500
cka_feddst,cifar10,0.9,21,results/logs/cka_strength_sweep/cifar10/strength_1p0/seed_21/splits/cifar10_split_seed21_clients5_alpha0p3_ref500.json,1.0,12,fc1,3,4,0.9925383925437927,0.9833674430847168,500
cka_feddst,cifar10,0.9,21,results/logs/cka_strength_sweep/cifar10/strength_1p0/seed_21/splits/cifar10_split_seed21_clients5_alpha0p3_ref500.json,1.0,12,fc1,4,0,0.959010660648346,0.9833674430847168,500
cka_feddst,cifar10,0.9,21,results/logs/cka_strength_sweep/cifar10/strength_1p0/seed_21/splits/cifar10_split_seed21_clients5_alpha0p3_ref500.json,1.0,12,fc1,4,1,0.9847145676612854,0.9833674430847168,500
cka_feddst,cifar10,0.9,21,results/logs/cka_strength_sweep/cifar10/strength_1p0/seed_21/splits/cifar10_split_seed21_clients5_alpha0p3_ref500.json,1.0,12,fc1,4,2,0.9978247880935669,0.9833674430847168,500
cka_feddst,cifar10,0.9,21,results/logs/cka_strength_sweep/cifar10/strength_1p0/seed_21/splits/cifar10_split_seed21_clients5_alpha0p3_ref500.json,1.0,12,fc1,4,3,0.9925383925437927,0.9833674430847168,500
cka_feddst,cifar10,0.9,21,results/logs/cka_strength_sweep/cifar10/strength_1p0/seed_21/splits/cifar10_split_seed21_clients5_alpha0p3_ref500.json,1.0,12,fc1,4,4,1.0,0.9833674430847168,500
cka_feddst,cifar10,0.9,21,results/logs/cka_strength_sweep/cifar10/strength_1p0/seed_21/splits/cifar10_split_seed21_clients5_alpha0p3_ref500.json,1.0,14,conv1,0,0,1.0,1.0,500
cka_feddst,cifar10,0.9,21,results/logs/cka_strength_sweep/cifar10/strength_1p0/seed_21/splits/cifar10_split_seed21_clients5_alpha0p3_ref500.json,1.0,14,conv1,0,1,1.0,1.0,500
cka_feddst,cifar10,0.9,21,results/logs/cka_strength_sweep/cifar10/strength_1p0/seed_21/splits/cifar10_split_seed21_clients5_alpha0p3_ref500.json,1.0,14,conv1,0,2,1.0,1.0,500
cka_feddst,cifar10,0.9,21,results/logs/cka_strength_sweep/cifar10/strength_1p0/seed_21/splits/cifar10_split_seed21_clients5_alpha0p3_ref500.json,1.0,14,conv1,0,3,1.0,1.0,500
cka_feddst,cifar10,0.9,21,results/logs/cka_strength_sweep/cifar10/strength_1p0/seed_21/splits/cifar10_split_seed21_clients5_alpha0p3_ref500.json,1.0,14,conv1,0,4,1.0,1.0,500
cka_feddst,cifar10,0.9,21,results/logs/cka_strength_sweep/cifar10/strength_1p0/seed_21/splits/cifar10_split_seed21_clients5_alpha0p3_ref500.json,1.0,14,conv1,1,0,1.0,1.0,500
cka_feddst,cifar10,0.9,21,results/logs/cka_strength_sweep/cifar10/strength_1p0/seed_21/splits/cifar10_split_seed21_clients5_alpha0p3_ref500.json,1.0,14,conv1,1,1,1.0,1.0,500
cka_feddst,cifar10,0.9,21,results/logs/cka_strength_sweep/cifar10/strength_1p0/seed_21/splits/cifar10_split_seed21_clients5_alpha0p3_ref500.json,1.0,14,conv1,1,2,1.0,1.0,500
cka_feddst,cifar10,0.9,21,results/logs/cka_strength_sweep/cifar10/strength_1p0/seed_21/splits/cifar10_split_seed21_clients5_alpha0p3_ref500.json,1.0,14,conv1,1,3,1.0,1.0,500
cka_feddst,cifar10,0.9,21,results/logs/cka_strength_sweep/cifar10/strength_1p0/seed_21/splits/cifar10_split_seed21_clients5_alpha0p3_ref500.json,1.0,14,conv1,1,4,1.0,1.0,500
cka_feddst,cifar10,0.9,21,results/logs/cka_strength_sweep/cifar10/strength_1p0/seed_21/splits/cifar10_split_seed21_clients5_alpha0p3_ref500.json,1.0,14,conv1,2,0,1.0,1.0,500
cka_feddst,cifar10,0.9,21,results/logs/cka_strength_sweep/cifar10/strength_1p0/seed_21/splits/cifar10_split_seed21_clients5_alpha0p3_ref500.json,1.0,14,conv1,2,1,1.0,1.0,500
cka_feddst,cifar10,0.9,21,results/logs/cka_strength_sweep/cifar10/strength_1p0/seed_21/splits/cifar10_split_seed21_clients5_alpha0p3_ref500.json,1.0,14,conv1,2,2,1.0,1.0,500
cka_feddst,cifar10,0.9,21,results/logs/cka_strength_sweep/cifar10/strength_1p0/seed_21/splits/cifar10_split_seed21_clients5_alpha0p3_ref500.json,1.0,14,conv1,2,3,1.0,1.0,500
cka_feddst,cifar10,0.9,21,results/logs/cka_strength_sweep/cifar10/strength_1p0/seed_21/splits/cifar10_split_seed21_clients5_alpha0p3_ref500.json,1.0,14,conv1,2,4,1.0,1.0,500
cka_feddst,cifar10,0.9,21,results/logs/cka_strength_sweep/cifar10/strength_1p0/seed_21/splits/cifar10_split_seed21_clients5_alpha0p3_ref500.json,1.0,14,conv1,3,0,1.0,1.0,500
cka_feddst,cifar10,0.9,21,results/logs/cka_strength_sweep/cifar10/strength_1p0/seed_21/splits/cifar10_split_seed21_clients5_alpha0p3_ref500.json,1.0,14,conv1,3,1,1.0,1.0,500
cka_feddst,cifar10,0.9,21,results/logs/cka_strength_sweep/cifar10/strength_1p0/seed_21/splits/cifar10_split_seed21_clients5_alpha0p3_ref500.json,1.0,14,conv1,3,2,1.0,1.0,500
cka_feddst,cifar10,0.9,21,results/logs/cka_strength_sweep/cifar10/strength_1p0/seed_21/splits/cifar10_split_seed21_clients5_alpha0p3_ref500.json,1.0,14,conv1,3,3,1.0,1.0,500
cka_feddst,cifar10,0.9,21,results/logs/cka_strength_sweep/cifar10/strength_1p0/seed_21/splits/cifar10_split_seed21_clients5_alpha0p3_ref500.json,1.0,14,conv1,3,4,1.0,1.0,500
cka_feddst,cifar10,0.9,21,results/logs/cka_strength_sweep/cifar10/strength_1p0/seed_21/splits/cifar10_split_seed21_clients5_alpha0p3_ref500.json,1.0,14,conv1,4,0,1.0,1.0,500
cka_feddst,cifar10,0.9,21,results/logs/cka_strength_sweep/cifar10/strength_1p0/seed_21/splits/cifar10_split_seed21_clients5_alpha0p3_ref500.json,1.0,14,conv1,4,1,1.0,1.0,500
cka_feddst,cifar10,0.9,21,results/logs/cka_strength_sweep/cifar10/strength_1p0/seed_21/splits/cifar10_split_seed21_clients5_alpha0p3_ref500.json,1.0,14,conv1,4,2,1.0,1.0,500
cka_feddst,cifar10,0.9,21,results/logs/cka_strength_sweep/cifar10/strength_1p0/seed_21/splits/cifar10_split_seed21_clients5_alpha0p3_ref500.json,1.0,14,conv1,4,3,1.0,1.0,500
cka_feddst,cifar10,0.9,21,results/logs/cka_strength_sweep/cifar10/strength_1p0/seed_21/splits/cifar10_split_seed21_clients5_alpha0p3_ref500.json,1.0,14,conv1,4,4,1.0,1.0,500
cka_feddst,cifar10,0.9,21,results/logs/cka_strength_sweep/cifar10/strength_1p0/seed_21/splits/cifar10_split_seed21_clients5_alpha0p3_ref500.json,1.0,14,conv2,0,0,1.0,0.9999918937683105,500
cka_feddst,cifar10,0.9,21,results/logs/cka_strength_sweep/cifar10/strength_1p0/seed_21/splits/cifar10_split_seed21_clients5_alpha0p3_ref500.json,1.0,14,conv2,0,1,0.9999821782112122,0.9999918937683105,500
cka_feddst,cifar10,0.9,21,results/logs/cka_strength_sweep/cifar10/strength_1p0/seed_21/splits/cifar10_split_seed21_clients5_alpha0p3_ref500.json,1.0,14,conv2,0,2,0.9999877214431763,0.9999918937683105,500
cka_feddst,cifar10,0.9,21,results/logs/cka_strength_sweep/cifar10/strength_1p0/seed_21/splits/cifar10_split_seed21_clients5_alpha0p3_ref500.json,1.0,14,conv2,0,3,0.9999898672103882,0.9999918937683105,500
cka_feddst,cifar10,0.9,21,results/logs/cka_strength_sweep/cifar10/strength_1p0/seed_21/splits/cifar10_split_seed21_clients5_alpha0p3_ref500.json,1.0,14,conv2,0,4,0.9999713897705078,0.9999918937683105,500
cka_feddst,cifar10,0.9,21,results/logs/cka_strength_sweep/cifar10/strength_1p0/seed_21/splits/cifar10_split_seed21_clients5_alpha0p3_ref500.json,1.0,14,conv2,1,0,0.9999821782112122,0.9999918937683105,500
cka_feddst,cifar10,0.9,21,results/logs/cka_strength_sweep/cifar10/strength_1p0/seed_21/splits/cifar10_split_seed21_clients5_alpha0p3_ref500.json,1.0,14,conv2,1,1,1.0,0.9999918937683105,500
cka_feddst,cifar10,0.9,21,results/logs/cka_strength_sweep/cifar10/strength_1p0/seed_21/splits/cifar10_split_seed21_clients5_alpha0p3_ref500.json,1.0,14,conv2,1,2,1.0,0.9999918937683105,500
cka_feddst,cifar10,0.9,21,results/logs/cka_strength_sweep/cifar10/strength_1p0/seed_21/splits/cifar10_split_seed21_clients5_alpha0p3_ref500.json,1.0,14,conv2,1,3,0.9999986886978149,0.9999918937683105,500
cka_feddst,cifar10,0.9,21,results/logs/cka_strength_sweep/cifar10/strength_1p0/seed_21/splits/cifar10_split_seed21_clients5_alpha0p3_ref500.json,1.0,14,conv2,1,4,0.9999994039535522,0.9999918937683105,500
cka_feddst,cifar10,0.9,21,results/logs/cka_strength_sweep/cifar10/strength_1p0/seed_21/splits/cifar10_split_seed21_clients5_alpha0p3_ref500.json,1.0,14,conv2,2,0,0.9999877214431763,0.9999918937683105,500
cka_feddst,cifar10,0.9,21,results/logs/cka_strength_sweep/cifar10/strength_1p0/seed_21/splits/cifar10_split_seed21_clients5_alpha0p3_ref500.json,1.0,14,conv2,2,1,1.0,0.9999918937683105,500
cka_feddst,cifar10,0.9,21,results/logs/cka_strength_sweep/cifar10/strength_1p0/seed_21/splits/cifar10_split_seed21_clients5_alpha0p3_ref500.json,1.0,14,conv2,2,2,1.0,0.9999918937683105,500
cka_feddst,cifar10,0.9,21,results/logs/cka_strength_sweep/cifar10/strength_1p0/seed_21/splits/cifar10_split_seed21_clients5_alpha0p3_ref500.json,1.0,14,conv2,2,3,1.0,0.9999918937683105,500
cka_feddst,cifar10,0.9,21,results/logs/cka_strength_sweep/cifar10/strength_1p0/seed_21/splits/cifar10_split_seed21_clients5_alpha0p3_ref500.json,1.0,14,conv2,2,4,0.9999978542327881,0.9999918937683105,500
cka_feddst,cifar10,0.9,21,results/logs/cka_strength_sweep/cifar10/strength_1p0/seed_21/splits/cifar10_split_seed21_clients5_alpha0p3_ref500.json,1.0,14,conv2,3,0,0.9999898672103882,0.9999918937683105,500
cka_feddst,cifar10,0.9,21,results/logs/cka_strength_sweep/cifar10/strength_1p0/seed_21/splits/cifar10_split_seed21_clients5_alpha0p3_ref500.json,1.0,14,conv2,3,1,0.9999986886978149,0.9999918937683105,500
cka_feddst,cifar10,0.9,21,results/logs/cka_strength_sweep/cifar10/strength_1p0/seed_21/splits/cifar10_split_seed21_clients5_alpha0p3_ref500.json,1.0,14,conv2,3,2,1.0,0.9999918937683105,500
cka_feddst,cifar10,0.9,21,results/logs/cka_strength_sweep/cifar10/strength_1p0/seed_21/splits/cifar10_split_seed21_clients5_alpha0p3_ref500.json,1.0,14,conv2,3,3,1.0,0.9999918937683105,500
cka_feddst,cifar10,0.9,21,results/logs/cka_strength_sweep/cifar10/strength_1p0/seed_21/splits/cifar10_split_seed21_clients5_alpha0p3_ref500.json,1.0,14,conv2,3,4,0.9999916553497314,0.9999918937683105,500
cka_feddst,cifar10,0.9,21,results/logs/cka_strength_sweep/cifar10/strength_1p0/seed_21/splits/cifar10_split_seed21_clients5_alpha0p3_ref500.json,1.0,14,conv2,4,0,0.9999713897705078,0.9999918937683105,500
cka_feddst,cifar10,0.9,21,results/logs/cka_strength_sweep/cifar10/strength_1p0/seed_21/splits/cifar10_split_seed21_clients5_alpha0p3_ref500.json,1.0,14,conv2,4,1,0.9999994039535522,0.9999918937683105,500
cka_feddst,cifar10,0.9,21,results/logs/cka_strength_sweep/cifar10/strength_1p0/seed_21/splits/cifar10_split_seed21_clients5_alpha0p3_ref500.json,1.0,14,conv2,4,2,0.9999978542327881,0.9999918937683105,500
cka_feddst,cifar10,0.9,21,results/logs/cka_strength_sweep/cifar10/strength_1p0/seed_21/splits/cifar10_split_seed21_clients5_alpha0p3_ref500.json,1.0,14,conv2,4,3,0.9999916553497314,0.9999918937683105,500
cka_feddst,cifar10,0.9,21,results/logs/cka_strength_sweep/cifar10/strength_1p0/seed_21/splits/cifar10_split_seed21_clients5_alpha0p3_ref500.json,1.0,14,conv2,4,4,1.0,0.9999918937683105,500
cka_feddst,cifar10,0.9,21,results/logs/cka_strength_sweep/cifar10/strength_1p0/seed_21/splits/cifar10_split_seed21_clients5_alpha0p3_ref500.json,1.0,14,conv3,0,0,1.0,0.9999189376831055,500
cka_feddst,cifar10,0.9,21,results/logs/cka_strength_sweep/cifar10/strength_1p0/seed_21/splits/cifar10_split_seed21_clients5_alpha0p3_ref500.json,1.0,14,conv3,0,1,0.999796986579895,0.9999189376831055,500
cka_feddst,cifar10,0.9,21,results/logs/cka_strength_sweep/cifar10/strength_1p0/seed_21/splits/cifar10_split_seed21_clients5_alpha0p3_ref500.json,1.0,14,conv3,0,2,0.9999170303344727,0.9999189376831055,500
cka_feddst,cifar10,0.9,21,results/logs/cka_strength_sweep/cifar10/strength_1p0/seed_21/splits/cifar10_split_seed21_clients5_alpha0p3_ref500.json,1.0,14,conv3,0,3,0.9999444484710693,0.9999189376831055,500
cka_feddst,cifar10,0.9,21,results/logs/cka_strength_sweep/cifar10/strength_1p0/seed_21/splits/cifar10_split_seed21_clients5_alpha0p3_ref500.json,1.0,14,conv3,0,4,0.999800980091095,0.9999189376831055,500
cka_feddst,cifar10,0.9,21,results/logs/cka_strength_sweep/cifar10/strength_1p0/seed_21/splits/cifar10_split_seed21_clients5_alpha0p3_ref500.json,1.0,14,conv3,1,0,0.999796986579895,0.9999189376831055,500
cka_feddst,cifar10,0.9,21,results/logs/cka_strength_sweep/cifar10/strength_1p0/seed_21/splits/cifar10_split_seed21_clients5_alpha0p3_ref500.json,1.0,14,conv3,1,1,1.0,0.9999189376831055,500
cka_feddst,cifar10,0.9,21,results/logs/cka_strength_sweep/cifar10/strength_1p0/seed_21/splits/cifar10_split_seed21_clients5_alpha0p3_ref500.json,1.0,14,conv3,1,2,0.999947726726532,0.9999189376831055,500
cka_feddst,cifar10,0.9,21,results/logs/cka_strength_sweep/cifar10/strength_1p0/seed_21/splits/cifar10_split_seed21_clients5_alpha0p3_ref500.json,1.0,14,conv3,1,3,0.9999197721481323,0.9999189376831055,500
cka_feddst,cifar10,0.9,21,results/logs/cka_strength_sweep/cifar10/strength_1p0/seed_21/splits/cifar10_split_seed21_clients5_alpha0p3_ref500.json,1.0,14,conv3,1,4,0.9999771118164062,0.9999189376831055,500
cka_feddst,cifar10,0.9,21,results/logs/cka_strength_sweep/cifar10/strength_1p0/seed_21/splits/cifar10_split_seed21_clients5_alpha0p3_ref500.json,1.0,14,conv3,2,0,0.9999170303344727,0.9999189376831055,500
cka_feddst,cifar10,0.9,21,results/logs/cka_strength_sweep/cifar10/strength_1p0/seed_21/splits/cifar10_split_seed21_clients5_alpha0p3_ref500.json,1.0,14,conv3,2,1,0.999947726726532,0.9999189376831055,500
cka_feddst,cifar10,0.9,21,results/logs/cka_strength_sweep/cifar10/strength_1p0/seed_21/splits/cifar10_split_seed21_clients5_alpha0p3_ref500.json,1.0,14,conv3,2,2,1.0,0.9999189376831055,500
cka_feddst,cifar10,0.9,21,results/logs/cka_strength_sweep/cifar10/strength_1p0/seed_21/splits/cifar10_split_seed21_clients5_alpha0p3_ref500.json,1.0,14,conv3,2,3,0.9999867677688599,0.9999189376831055,500
cka_feddst,cifar10,0.9,21,results/logs/cka_strength_sweep/cifar10/strength_1p0/seed_21/splits/cifar10_split_seed21_clients5_alpha0p3_ref500.json,1.0,14,conv3,2,4,0.9999679923057556,0.9999189376831055,500
cka_feddst,cifar10,0.9,21,results/logs/cka_strength_sweep/cifar10/strength_1p0/seed_21/splits/cifar10_split_seed21_clients5_alpha0p3_ref500.json,1.0,14,conv3,3,0,0.9999444484710693,0.9999189376831055,500
cka_feddst,cifar10,0.9,21,results/logs/cka_strength_sweep/cifar10/strength_1p0/seed_21/splits/cifar10_split_seed21_clients5_alpha0p3_ref500.json,1.0,14,conv3,3,1,0.9999197721481323,0.9999189376831055,500
cka_feddst,cifar10,0.9,21,results/logs/cka_strength_sweep/cifar10/strength_1p0/seed_21/splits/cifar10_split_seed21_clients5_alpha0p3_ref500.json,1.0,14,conv3,3,2,0.9999867677688599,0.9999189376831055,500
cka_feddst,cifar10,0.9,21,results/logs/cka_strength_sweep/cifar10/strength_1p0/seed_21/splits/cifar10_split_seed21_clients5_alpha0p3_ref500.json,1.0,14,conv3,3,3,1.0,0.9999189376831055,500
cka_feddst,cifar10,0.9,21,results/logs/cka_strength_sweep/cifar10/strength_1p0/seed_21/splits/cifar10_split_seed21_clients5_alpha0p3_ref500.json,1.0,14,conv3,3,4,0.9999306797981262,0.9999189376831055,500
cka_feddst,cifar10,0.9,21,results/logs/cka_strength_sweep/cifar10/strength_1p0/seed_21/splits/cifar10_split_seed21_clients5_alpha0p3_ref500.json,1.0,14,conv3,4,0,0.999800980091095,0.9999189376831055,500
cka_feddst,cifar10,0.9,21,results/logs/cka_strength_sweep/cifar10/strength_1p0/seed_21/splits/cifar10_split_seed21_clients5_alpha0p3_ref500.json,1.0,14,conv3,4,1,0.9999771118164062,0.9999189376831055,500
cka_feddst,cifar10,0.9,21,results/logs/cka_strength_sweep/cifar10/strength_1p0/seed_21/splits/cifar10_split_seed21_clients5_alpha0p3_ref500.json,1.0,14,conv3,4,2,0.9999679923057556,0.9999189376831055,500
cka_feddst,cifar10,0.9,21,results/logs/cka_strength_sweep/cifar10/strength_1p0/seed_21/splits/cifar10_split_seed21_clients5_alpha0p3_ref500.json,1.0,14,conv3,4,3,0.9999306797981262,0.9999189376831055,500
cka_feddst,cifar10,0.9,21,results/logs/cka_strength_sweep/cifar10/strength_1p0/seed_21/splits/cifar10_split_seed21_clients5_alpha0p3_ref500.json,1.0,14,conv3,4,4,1.0,0.9999189376831055,500
cka_feddst,cifar10,0.9,21,results/logs/cka_strength_sweep/cifar10/strength_1p0/seed_21/splits/cifar10_split_seed21_clients5_alpha0p3_ref500.json,1.0,14,fc1,0,0,1.0,0.9949744343757629,500
cka_feddst,cifar10,0.9,21,results/logs/cka_strength_sweep/cifar10/strength_1p0/seed_21/splits/cifar10_split_seed21_clients5_alpha0p3_ref500.json,1.0,14,fc1,0,1,0.9876822829246521,0.9949744343757629,500
cka_feddst,cifar10,0.9,21,results/logs/cka_strength_sweep/cifar10/strength_1p0/seed_21/splits/cifar10_split_seed21_clients5_alpha0p3_ref500.json,1.0,14,fc1,0,2,0.9972362518310547,0.9949744343757629,500
cka_feddst,cifar10,0.9,21,results/logs/cka_strength_sweep/cifar10/strength_1p0/seed_21/splits/cifar10_split_seed21_clients5_alpha0p3_ref500.json,1.0,14,fc1,0,3,0.9976638555526733,0.9949744343757629,500
cka_feddst,cifar10,0.9,21,results/logs/cka_strength_sweep/cifar10/strength_1p0/seed_21/splits/cifar10_split_seed21_clients5_alpha0p3_ref500.json,1.0,14,fc1,0,4,0.9942631721496582,0.9949744343757629,500
cka_feddst,cifar10,0.9,21,results/logs/cka_strength_sweep/cifar10/strength_1p0/seed_21/splits/cifar10_split_seed21_clients5_alpha0p3_ref500.json,1.0,14,fc1,1,0,0.9876822829246521,0.9949744343757629,500
cka_feddst,cifar10,0.9,21,results/logs/cka_strength_sweep/cifar10/strength_1p0/seed_21/splits/cifar10_split_seed21_clients5_alpha0p3_ref500.json,1.0,14,fc1,1,1,1.0,0.9949744343757629,500
cka_feddst,cifar10,0.9,21,results/logs/cka_strength_sweep/cifar10/strength_1p0/seed_21/splits/cifar10_split_seed21_clients5_alpha0p3_ref500.json,1.0,14,fc1,1,2,0.9940969944000244,0.9949744343757629,500
cka_feddst,cifar10,0.9,21,results/logs/cka_strength_sweep/cifar10/strength_1p0/seed_21/splits/cifar10_split_seed21_clients5_alpha0p3_ref500.json,1.0,14,fc1,1,3,0.9904066324234009,0.9949744343757629,500
cka_feddst,cifar10,0.9,21,results/logs/cka_strength_sweep/cifar10/strength_1p0/seed_21/splits/cifar10_split_seed21_clients5_alpha0p3_ref500.json,1.0,14,fc1,1,4,0.9960920810699463,0.9949744343757629,500
cka_feddst,cifar10,0.9,21,results/logs/cka_strength_sweep/cifar10/strength_1p0/seed_21/splits/cifar10_split_seed21_clients5_alpha0p3_ref500.json,1.0,14,fc1,2,0,0.9972362518310547,0.9949744343757629,500
cka_feddst,cifar10,0.9,21,results/logs/cka_strength_sweep/cifar10/strength_1p0/seed_21/splits/cifar10_split_seed21_clients5_alpha0p3_ref500.json,1.0,14,fc1,2,1,0.9940969944000244,0.9949744343757629,500
cka_feddst,cifar10,0.9,21,results/logs/cka_strength_sweep/cifar10/strength_1p0/seed_21/splits/cifar10_split_seed21_clients5_alpha0p3_ref500.json,1.0,14,fc1,2,2,1.0,0.9949744343757629,500
cka_feddst,cifar10,0.9,21,results/logs/cka_strength_sweep/cifar10/strength_1p0/seed_21/splits/cifar10_split_seed21_clients5_alpha0p3_ref500.json,1.0,14,fc1,2,3,0.998600959777832,0.9949744343757629,500
cka_feddst,cifar10,0.9,21,results/logs/cka_strength_sweep/cifar10/strength_1p0/seed_21/splits/cifar10_split_seed21_clients5_alpha0p3_ref500.json,1.0,14,fc1,2,4,0.9981070160865784,0.9949744343757629,500
cka_feddst,cifar10,0.9,21,results/logs/cka_strength_sweep/cifar10/strength_1p0/seed_21/splits/cifar10_split_seed21_clients5_alpha0p3_ref500.json,1.0,14,fc1,3,0,0.9976638555526733,0.9949744343757629,500
cka_feddst,cifar10,0.9,21,results/logs/cka_strength_sweep/cifar10/strength_1p0/seed_21/splits/cifar10_split_seed21_clients5_alpha0p3_ref500.json,1.0,14,fc1,3,1,0.9904066324234009,0.9949744343757629,500
cka_feddst,cifar10,0.9,21,results/logs/cka_strength_sweep/cifar10/strength_1p0/seed_21/splits/cifar10_split_seed21_clients5_alpha0p3_ref500.json,1.0,14,fc1,3,2,0.998600959777832,0.9949744343757629,500
cka_feddst,cifar10,0.9,21,results/logs/cka_strength_sweep/cifar10/strength_1p0/seed_21/splits/cifar10_split_seed21_clients5_alpha0p3_ref500.json,1.0,14,fc1,3,3,1.0,0.9949744343757629,500
cka_feddst,cifar10,0.9,21,results/logs/cka_strength_sweep/cifar10/strength_1p0/seed_21/splits/cifar10_split_seed21_clients5_alpha0p3_ref500.json,1.0,14,fc1,3,4,0.9955950379371643,0.9949744343757629,500
cka_feddst,cifar10,0.9,21,results/logs/cka_strength_sweep/cifar10/strength_1p0/seed_21/splits/cifar10_split_seed21_clients5_alpha0p3_ref500.json,1.0,14,fc1,4,0,0.9942631721496582,0.9949744343757629,500
cka_feddst,cifar10,0.9,21,results/logs/cka_strength_sweep/cifar10/strength_1p0/seed_21/splits/cifar10_split_seed21_clients5_alpha0p3_ref500.json,1.0,14,fc1,4,1,0.9960920810699463,0.9949744343757629,500
cka_feddst,cifar10,0.9,21,results/logs/cka_strength_sweep/cifar10/strength_1p0/seed_21/splits/cifar10_split_seed21_clients5_alpha0p3_ref500.json,1.0,14,fc1,4,2,0.9981070160865784,0.9949744343757629,500
cka_feddst,cifar10,0.9,21,results/logs/cka_strength_sweep/cifar10/strength_1p0/seed_21/splits/cifar10_split_seed21_clients5_alpha0p3_ref500.json,1.0,14,fc1,4,3,0.9955950379371643,0.9949744343757629,500
cka_feddst,cifar10,0.9,21,results/logs/cka_strength_sweep/cifar10/strength_1p0/seed_21/splits/cifar10_split_seed21_clients5_alpha0p3_ref500.json,1.0,14,fc1,4,4,1.0,0.9949744343757629,500
cka_feddst,cifar10,0.9,21,results/logs/cka_strength_sweep/cifar10/strength_1p0/seed_21/splits/cifar10_split_seed21_clients5_alpha0p3_ref500.json,1.0,16,conv1,0,0,1.0,1.0,500
cka_feddst,cifar10,0.9,21,results/logs/cka_strength_sweep/cifar10/strength_1p0/seed_21/splits/cifar10_split_seed21_clients5_alpha0p3_ref500.json,1.0,16,conv1,0,1,1.0,1.0,500
cka_feddst,cifar10,0.9,21,results/logs/cka_strength_sweep/cifar10/strength_1p0/seed_21/splits/cifar10_split_seed21_clients5_alpha0p3_ref500.json,1.0,16,conv1,0,2,1.0,1.0,500
cka_feddst,cifar10,0.9,21,results/logs/cka_strength_sweep/cifar10/strength_1p0/seed_21/splits/cifar10_split_seed21_clients5_alpha0p3_ref500.json,1.0,16,conv1,0,3,1.0,1.0,500
cka_feddst,cifar10,0.9,21,results/logs/cka_strength_sweep/cifar10/strength_1p0/seed_21/splits/cifar10_split_seed21_clients5_alpha0p3_ref500.json,1.0,16,conv1,0,4,1.0,1.0,500
cka_feddst,cifar10,0.9,21,results/logs/cka_strength_sweep/cifar10/strength_1p0/seed_21/splits/cifar10_split_seed21_clients5_alpha0p3_ref500.json,1.0,16,conv1,1,0,1.0,1.0,500
cka_feddst,cifar10,0.9,21,results/logs/cka_strength_sweep/cifar10/strength_1p0/seed_21/splits/cifar10_split_seed21_clients5_alpha0p3_ref500.json,1.0,16,conv1,1,1,1.0,1.0,500
cka_feddst,cifar10,0.9,21,results/logs/cka_strength_sweep/cifar10/strength_1p0/seed_21/splits/cifar10_split_seed21_clients5_alpha0p3_ref500.json,1.0,16,conv1,1,2,1.0,1.0,500
cka_feddst,cifar10,0.9,21,results/logs/cka_strength_sweep/cifar10/strength_1p0/seed_21/splits/cifar10_split_seed21_clients5_alpha0p3_ref500.json,1.0,16,conv1,1,3,1.0,1.0,500
cka_feddst,cifar10,0.9,21,results/logs/cka_strength_sweep/cifar10/strength_1p0/seed_21/splits/cifar10_split_seed21_clients5_alpha0p3_ref500.json,1.0,16,conv1,1,4,1.0,1.0,500
cka_feddst,cifar10,0.9,21,results/logs/cka_strength_sweep/cifar10/strength_1p0/seed_21/splits/cifar10_split_seed21_clients5_alpha0p3_ref500.json,1.0,16,conv1,2,0,1.0,1.0,500
cka_feddst,cifar10,0.9,21,results/logs/cka_strength_sweep/cifar10/strength_1p0/seed_21/splits/cifar10_split_seed21_clients5_alpha0p3_ref500.json,1.0,16,conv1,2,1,1.0,1.0,500
cka_feddst,cifar10,0.9,21,results/logs/cka_strength_sweep/cifar10/strength_1p0/seed_21/splits/cifar10_split_seed21_clients5_alpha0p3_ref500.json,1.0,16,conv1,2,2,1.0,1.0,500
cka_feddst,cifar10,0.9,21,results/logs/cka_strength_sweep/cifar10/strength_1p0/seed_21/splits/cifar10_split_seed21_clients5_alpha0p3_ref500.json,1.0,16,conv1,2,3,1.0,1.0,500
cka_feddst,cifar10,0.9,21,results/logs/cka_strength_sweep/cifar10/strength_1p0/seed_21/splits/cifar10_split_seed21_clients5_alpha0p3_ref500.json,1.0,16,conv1,2,4,1.0,1.0,500
cka_feddst,cifar10,0.9,21,results/logs/cka_strength_sweep/cifar10/strength_1p0/seed_21/splits/cifar10_split_seed21_clients5_alpha0p3_ref500.json,1.0,16,conv1,3,0,1.0,1.0,500
cka_feddst,cifar10,0.9,21,results/logs/cka_strength_sweep/cifar10/strength_1p0/seed_21/splits/cifar10_split_seed21_clients5_alpha0p3_ref500.json,1.0,16,conv1,3,1,1.0,1.0,500
cka_feddst,cifar10,0.9,21,results/logs/cka_strength_sweep/cifar10/strength_1p0/seed_21/splits/cifar10_split_seed21_clients5_alpha0p3_ref500.json,1.0,16,conv1,3,2,1.0,1.0,500
cka_feddst,cifar10,0.9,21,results/logs/cka_strength_sweep/cifar10/strength_1p0/seed_21/splits/cifar10_split_seed21_clients5_alpha0p3_ref500.json,1.0,16,conv1,3,3,1.0,1.0,500
cka_feddst,cifar10,0.9,21,results/logs/cka_strength_sweep/cifar10/strength_1p0/seed_21/splits/cifar10_split_seed21_clients5_alpha0p3_ref500.json,1.0,16,conv1,3,4,1.0,1.0,500
cka_feddst,cifar10,0.9,21,results/logs/cka_strength_sweep/cifar10/strength_1p0/seed_21/splits/cifar10_split_seed21_clients5_alpha0p3_ref500.json,1.0,16,conv1,4,0,1.0,1.0,500
cka_feddst,cifar10,0.9,21,results/logs/cka_strength_sweep/cifar10/strength_1p0/seed_21/splits/cifar10_split_seed21_clients5_alpha0p3_ref500.json,1.0,16,conv1,4,1,1.0,1.0,500
cka_feddst,cifar10,0.9,21,results/logs/cka_strength_sweep/cifar10/strength_1p0/seed_21/splits/cifar10_split_seed21_clients5_alpha0p3_ref500.json,1.0,16,conv1,4,2,1.0,1.0,500
cka_feddst,cifar10,0.9,21,results/logs/cka_strength_sweep/cifar10/strength_1p0/seed_21/splits/cifar10_split_seed21_clients5_alpha0p3_ref500.json,1.0,16,conv1,4,3,1.0,1.0,500
cka_feddst,cifar10,0.9,21,results/logs/cka_strength_sweep/cifar10/strength_1p0/seed_21/splits/cifar10_split_seed21_clients5_alpha0p3_ref500.json,1.0,16,conv1,4,4,1.0,1.0,500
cka_feddst,cifar10,0.9,21,results/logs/cka_strength_sweep/cifar10/strength_1p0/seed_21/splits/cifar10_split_seed21_clients5_alpha0p3_ref500.json,1.0,16,conv2,0,0,1.0,0.9996269345283508,500
cka_feddst,cifar10,0.9,21,results/logs/cka_strength_sweep/cifar10/strength_1p0/seed_21/splits/cifar10_split_seed21_clients5_alpha0p3_ref500.json,1.0,16,conv2,0,1,0.9993848204612732,0.9996269345283508,500
cka_feddst,cifar10,0.9,21,results/logs/cka_strength_sweep/cifar10/strength_1p0/seed_21/splits/cifar10_split_seed21_clients5_alpha0p3_ref500.json,1.0,16,conv2,0,2,0.9989532828330994,0.9996269345283508,500
cka_feddst,cifar10,0.9,21,results/logs/cka_strength_sweep/cifar10/strength_1p0/seed_21/splits/cifar10_split_seed21_clients5_alpha0p3_ref500.json,1.0,16,conv2,0,3,0.9992294907569885,0.9996269345283508,500
cka_feddst,cifar10,0.9,21,results/logs/cka_strength_sweep/cifar10/strength_1p0/seed_21/splits/cifar10_split_seed21_clients5_alpha0p3_ref500.json,1.0,16,conv2,0,4,0.9989405274391174,0.9996269345283508,500
cka_feddst,cifar10,0.9,21,results/logs/cka_strength_sweep/cifar10/strength_1p0/seed_21/splits/cifar10_split_seed21_clients5_alpha0p3_ref500.json,1.0,16,conv2,1,0,0.9993848204612732,0.9996269345283508,500
cka_feddst,cifar10,0.9,21,results/logs/cka_strength_sweep/cifar10/strength_1p0/seed_21/splits/cifar10_split_seed21_clients5_alpha0p3_ref500.json,1.0,16,conv2,1,1,1.0,0.9996269345283508,500
cka_feddst,cifar10,0.9,21,results/logs/cka_strength_sweep/cifar10/strength_1p0/seed_21/splits/cifar10_split_seed21_clients5_alpha0p3_ref500.json,1.0,16,conv2,1,2,0.9999207258224487,0.9996269345283508,500
cka_feddst,cifar10,0.9,21,results/logs/cka_strength_sweep/cifar10/strength_1p0/seed_21/splits/cifar10_split_seed21_clients5_alpha0p3_ref500.json,1.0,16,conv2,1,3,0.999965488910675,0.9996269345283508,500
cka_feddst,cifar10,0.9,21,results/logs/cka_strength_sweep/cifar10/strength_1p0/seed_21/splits/cifar10_split_seed21_clients5_alpha0p3_ref500.json,1.0,16,conv2,1,4,0.9999384880065918,0.9996269345283508,500
cka_feddst,cifar10,0.9,21,results/logs/cka_strength_sweep/cifar10/strength_1p0/seed_21/splits/cifar10_split_seed21_clients5_alpha0p3_ref500.json,1.0,16,conv2,2,0,0.9989532828330994,0.9996269345283508,500
cka_feddst,cifar10,0.9,21,results/logs/cka_strength_sweep/cifar10/strength_1p0/seed_21/splits/cifar10_split_seed21_clients5_alpha0p3_ref500.json,1.0,16,conv2,2,1,0.9999207258224487,0.9996269345283508,500
cka_feddst,cifar10,0.9,21,results/logs/cka_strength_sweep/cifar10/strength_1p0/seed_21/splits/cifar10_split_seed21_clients5_alpha0p3_ref500.json,1.0,16,conv2,2,2,1.0,0.9996269345283508,500
cka_feddst,cifar10,0.9,21,results/logs/cka_strength_sweep/cifar10/strength_1p0/seed_21/splits/cifar10_split_seed21_clients5_alpha0p3_ref500.json,1.0,16,conv2,2,3,0.9999830722808838,0.9996269345283508,500
cka_feddst,cifar10,0.9,21,results/logs/cka_strength_sweep/cifar10/strength_1p0/seed_21/splits/cifar10_split_seed21_clients5_alpha0p3_ref500.json,1.0,16,conv2,2,4,0.9999898672103882,0.9996269345283508,500
cka_feddst,cifar10,0.9,21,results/logs/cka_strength_sweep/cifar10/strength_1p0/seed_21/splits/cifar10_split_seed21_clients5_alpha0p3_ref500.json,1.0,16,conv2,3,0,0.9992294907569885,0.9996269345283508,500
cka_feddst,cifar10,0.9,21,results/logs/cka_strength_sweep/cifar10/strength_1p0/seed_21/splits/cifar10_split_seed21_clients5_alpha0p3_ref500.json,1.0,16,conv2,3,1,0.999965488910675,0.9996269345283508,500
cka_feddst,cifar10,0.9,21,results/logs/cka_strength_sweep/cifar10/strength_1p0/seed_21/splits/cifar10_split_seed21_clients5_alpha0p3_ref500.json,1.0,16,conv2,3,2,0.9999830722808838,0.9996269345283508,500
cka_feddst,cifar10,0.9,21,results/logs/cka_strength_sweep/cifar10/strength_1p0/seed_21/splits/cifar10_split_seed21_clients5_alpha0p3_ref500.json,1.0,16,conv2,3,3,1.0,0.9996269345283508,500
cka_feddst,cifar10,0.9,21,results/logs/cka_strength_sweep/cifar10/strength_1p0/seed_21/splits/cifar10_split_seed21_clients5_alpha0p3_ref500.json,1.0,16,conv2,3,4,0.9999632835388184,0.9996269345283508,500
cka_feddst,cifar10,0.9,21,results/logs/cka_strength_sweep/cifar10/strength_1p0/seed_21/splits/cifar10_split_seed21_clients5_alpha0p3_ref500.json,1.0,16,conv2,4,0,0.9989405274391174,0.9996269345283508,500
cka_feddst,cifar10,0.9,21,results/logs/cka_strength_sweep/cifar10/strength_1p0/seed_21/splits/cifar10_split_seed21_clients5_alpha0p3_ref500.json,1.0,16,conv2,4,1,0.9999384880065918,0.9996269345283508,500
cka_feddst,cifar10,0.9,21,results/logs/cka_strength_sweep/cifar10/strength_1p0/seed_21/splits/cifar10_split_seed21_clients5_alpha0p3_ref500.json,1.0,16,conv2,4,2,0.9999898672103882,0.9996269345283508,500
cka_feddst,cifar10,0.9,21,results/logs/cka_strength_sweep/cifar10/strength_1p0/seed_21/splits/cifar10_split_seed21_clients5_alpha0p3_ref500.json,1.0,16,conv2,4,3,0.9999632835388184,0.9996269345283508,500
cka_feddst,cifar10,0.9,21,results/logs/cka_strength_sweep/cifar10/strength_1p0/seed_21/splits/cifar10_split_seed21_clients5_alpha0p3_ref500.json,1.0,16,conv2,4,4,1.0,0.9996269345283508,500
cka_feddst,cifar10,0.9,21,results/logs/cka_strength_sweep/cifar10/strength_1p0/seed_21/splits/cifar10_split_seed21_clients5_alpha0p3_ref500.json,1.0,16,conv3,0,0,1.0,0.9988430738449097,500
cka_feddst,cifar10,0.9,21,results/logs/cka_strength_sweep/cifar10/strength_1p0/seed_21/splits/cifar10_split_seed21_clients5_alpha0p3_ref500.json,1.0,16,conv3,0,1,0.9979860782623291,0.9988430738449097,500
cka_feddst,cifar10,0.9,21,results/logs/cka_strength_sweep/cifar10/strength_1p0/seed_21/splits/cifar10_split_seed21_clients5_alpha0p3_ref500.json,1.0,16,conv3,0,2,0.9969558715820312,0.9988430738449097,500
cka_feddst,cifar10,0.9,21,results/logs/cka_strength_sweep/cifar10/strength_1p0/seed_21/splits/cifar10_split_seed21_clients5_alpha0p3_ref500.json,1.0,16,conv3,0,3,0.9978080987930298,0.9988430738449097,500
cka_feddst,cifar10,0.9,21,results/logs/cka_strength_sweep/cifar10/strength_1p0/seed_21/splits/cifar10_split_seed21_clients5_alpha0p3_ref500.json,1.0,16,conv3,0,4,0.9966714978218079,0.9988430738449097,500
cka_feddst,cifar10,0.9,21,results/logs/cka_strength_sweep/cifar10/strength_1p0/seed_21/splits/cifar10_split_seed21_clients5_alpha0p3_ref500.json,1.0,16,conv3,1,0,0.9979860782623291,0.9988430738449097,500
cka_feddst,cifar10,0.9,21,results/logs/cka_strength_sweep/cifar10/strength_1p0/seed_21/splits/cifar10_split_seed21_clients5_alpha0p3_ref500.json,1.0,16,conv3,1,1,1.0,0.9988430738449097,500
cka_feddst,cifar10,0.9,21,results/logs/cka_strength_sweep/cifar10/strength_1p0/seed_21/splits/cifar10_split_seed21_clients5_alpha0p3_ref500.json,1.0,16,conv3,1,2,0.9997357130050659,0.9988430738449097,500
cka_feddst,cifar10,0.9,21,results/logs/cka_strength_sweep/cifar10/strength_1p0/seed_21/splits/cifar10_split_seed21_clients5_alpha0p3_ref500.json,1.0,16,conv3,1,3,0.9998223781585693,0.9988430738449097,500
cka_feddst,cifar10,0.9,21,results/logs/cka_strength_sweep/cifar10/strength_1p0/seed_21/splits/cifar10_split_seed21_clients5_alpha0p3_ref500.json,1.0,16,conv3,1,4,0.9997579455375671,0.9988430738449097,500
cka_feddst,cifar10,0.9,21,results/logs/cka_strength_sweep/cifar10/strength_1p0/seed_21/splits/cifar10_split_seed21_clients5_alpha0p3_ref500.json,1.0,16,conv3,2,0,0.9969558715820312,0.9988430738449097,500
cka_feddst,cifar10,0.9,21,results/logs/cka_strength_sweep/cifar10/strength_1p0/seed_21/splits/cifar10_split_seed21_clients5_alpha0p3_ref500.json,1.0,16,conv3,2,1,0.9997357130050659,0.9988430738449097,500
cka_feddst,cifar10,0.9,21,results/logs/cka_strength_sweep/cifar10/strength_1p0/seed_21/splits/cifar10_split_seed21_clients5_alpha0p3_ref500.json,1.0,16,conv3,2,2,1.0,0.9988430738449097,500
cka_feddst,cifar10,0.9,21,results/logs/cka_strength_sweep/cifar10/strength_1p0/seed_21/splits/cifar10_split_seed21_clients5_alpha0p3_ref500.json,1.0,16,conv3,2,3,0.9999133944511414,0.9988430738449097,500
cka_feddst,cifar10,0.9,21,results/logs/cka_strength_sweep/cifar10/strength_1p0/seed_21/splits/cifar10_split_seed21_clients5_alpha0p3_ref500.json,1.0,16,conv3,2,4,0.9999585747718811,0.9988430738449097,500
cka_feddst,cifar10,0.9,21,results/logs/cka_strength_sweep/cifar10/strength_1p0/seed_21/splits/cifar10_split_seed21_clients5_alpha0p3_ref500.json,1.0,16,conv3,3,0,0.9978080987930298,0.9988430738449097,500
cka_feddst,cifar10,0.9,21,results/logs/cka_strength_sweep/cifar10/strength_1p0/seed_21/splits/cifar10_split_seed21_clients5_alpha0p3_ref500.json,1.0,16,conv3,3,1,0.9998223781585693,0.9988430738449097,500
cka_feddst,cifar10,0.9,21,results/logs/cka_strength_sweep/cifar10/strength_1p0/seed_21/splits/cifar10_split_seed21_clients5_alpha0p3_ref500.json,1.0,16,conv3,3,2,0.9999133944511414,0.9988430738449097,500
cka_feddst,cifar10,0.9,21,results/logs/cka_strength_sweep/cifar10/strength_1p0/seed_21/splits/cifar10_split_seed21_clients5_alpha0p3_ref500.json,1.0,16,conv3,3,3,1.0,0.9988430738449097,500
cka_feddst,cifar10,0.9,21,results/logs/cka_strength_sweep/cifar10/strength_1p0/seed_21/splits/cifar10_split_seed21_clients5_alpha0p3_ref500.json,1.0,16,conv3,3,4,0.9998217225074768,0.9988430738449097,500
cka_feddst,cifar10,0.9,21,results/logs/cka_strength_sweep/cifar10/strength_1p0/seed_21/splits/cifar10_split_seed21_clients5_alpha0p3_ref500.json,1.0,16,conv3,4,0,0.9966714978218079,0.9988430738449097,500
cka_feddst,cifar10,0.9,21,results/logs/cka_strength_sweep/cifar10/strength_1p0/seed_21/splits/cifar10_split_seed21_clients5_alpha0p3_ref500.json,1.0,16,conv3,4,1,0.9997579455375671,0.9988430738449097,500
cka_feddst,cifar10,0.9,21,results/logs/cka_strength_sweep/cifar10/strength_1p0/seed_21/splits/cifar10_split_seed21_clients5_alpha0p3_ref500.json,1.0,16,conv3,4,2,0.9999585747718811,0.9988430738449097,500
cka_feddst,cifar10,0.9,21,results/logs/cka_strength_sweep/cifar10/strength_1p0/seed_21/splits/cifar10_split_seed21_clients5_alpha0p3_ref500.json,1.0,16,conv3,4,3,0.9998217225074768,0.9988430738449097,500
cka_feddst,cifar10,0.9,21,results/logs/cka_strength_sweep/cifar10/strength_1p0/seed_21/splits/cifar10_split_seed21_clients5_alpha0p3_ref500.json,1.0,16,conv3,4,4,1.0,0.9988430738449097,500
cka_feddst,cifar10,0.9,21,results/logs/cka_strength_sweep/cifar10/strength_1p0/seed_21/splits/cifar10_split_seed21_clients5_alpha0p3_ref500.json,1.0,16,fc1,0,0,1.0,0.989083468914032,500
cka_feddst,cifar10,0.9,21,results/logs/cka_strength_sweep/cifar10/strength_1p0/seed_21/splits/cifar10_split_seed21_clients5_alpha0p3_ref500.json,1.0,16,fc1,0,1,0.9904020428657532,0.989083468914032,500
cka_feddst,cifar10,0.9,21,results/logs/cka_strength_sweep/cifar10/strength_1p0/seed_21/splits/cifar10_split_seed21_clients5_alpha0p3_ref500.json,1.0,16,fc1,0,2,0.9757466912269592,0.989083468914032,500
cka_feddst,cifar10,0.9,21,results/logs/cka_strength_sweep/cifar10/strength_1p0/seed_21/splits/cifar10_split_seed21_clients5_alpha0p3_ref500.json,1.0,16,fc1,0,3,0.9892376661300659,0.989083468914032,500
cka_feddst,cifar10,0.9,21,results/logs/cka_strength_sweep/cifar10/strength_1p0/seed_21/splits/cifar10_split_seed21_clients5_alpha0p3_ref500.json,1.0,16,fc1,0,4,0.9757734537124634,0.989083468914032,500
cka_feddst,cifar10,0.9,21,results/logs/cka_strength_sweep/cifar10/strength_1p0/seed_21/splits/cifar10_split_seed21_clients5_alpha0p3_ref500.json,1.0,16,fc1,1,0,0.9904020428657532,0.989083468914032,500
cka_feddst,cifar10,0.9,21,results/logs/cka_strength_sweep/cifar10/strength_1p0/seed_21/splits/cifar10_split_seed21_clients5_alpha0p3_ref500.json,1.0,16,fc1,1,1,1.0,0.989083468914032,500
cka_feddst,cifar10,0.9,21,results/logs/cka_strength_sweep/cifar10/strength_1p0/seed_21/splits/cifar10_split_seed21_clients5_alpha0p3_ref500.json,1.0,16,fc1,1,2,0.9860838055610657,0.989083468914032,500
cka_feddst,cifar10,0.9,21,results/logs/cka_strength_sweep/cifar10/strength_1p0/seed_21/splits/cifar10_split_seed21_clients5_alpha0p3_ref500.json,1.0,16,fc1,1,3,0.9953062534332275,0.989083468914032,500
cka_feddst,cifar10,0.9,21,results/logs/cka_strength_sweep/cifar10/strength_1p0/seed_21/splits/cifar10_split_seed21_clients5_alpha0p3_ref500.json,1.0,16,fc1,1,4,0.9884431958198547,0.989083468914032,500
cka_feddst,cifar10,0.9,21,results/logs/cka_strength_sweep/cifar10/strength_1p0/seed_21/splits/cifar10_split_seed21_clients5_alpha0p3_ref500.json,1.0,16,fc1,2,0,0.9757466912269592,0.989083468914032,500
cka_feddst,cifar10,0.9,21,results/logs/cka_strength_sweep/cifar10/strength_1p0/seed_21/splits/cifar10_split_seed21_clients5_alpha0p3_ref500.json,1.0,16,fc1,2,1,0.9860838055610657,0.989083468914032,500
cka_feddst,cifar10,0.9,21,results/logs/cka_strength_sweep/cifar10/strength_1p0/seed_21/splits/cifar10_split_seed21_clients5_alpha0p3_ref500.json,1.0,16,fc1,2,2,1.0,0.989083468914032,500
cka_feddst,cifar10,0.9,21,results/logs/cka_strength_sweep/cifar10/strength_1p0/seed_21/splits/cifar10_split_seed21_clients5_alpha0p3_ref500.json,1.0,16,fc1,2,3,0.9960074424743652,0.989083468914032,500
cka_feddst,cifar10,0.9,21,results/logs/cka_strength_sweep/cifar10/strength_1p0/seed_21/splits/cifar10_split_seed21_clients5_alpha0p3_ref500.json,1.0,16,fc1,2,4,0.9981218576431274,0.989083468914032,500
cka_feddst,cifar10,0.9,21,results/logs/cka_strength_sweep/cifar10/strength_1p0/seed_21/splits/cifar10_split_seed21_clients5_alpha0p3_ref500.json,1.0,16,fc1,3,0,0.9892376661300659,0.989083468914032,500
cka_feddst,cifar10,0.9,21,results/logs/cka_strength_sweep/cifar10/strength_1p0/seed_21/splits/cifar10_split_seed21_clients5_alpha0p3_ref500.json,1.0,16,fc1,3,1,0.9953062534332275,0.989083468914032,500
cka_feddst,cifar10,0.9,21,results/logs/cka_strength_sweep/cifar10/strength_1p0/seed_21/splits/cifar10_split_seed21_clients5_alpha0p3_ref500.json,1.0,16,fc1,3,2,0.9960074424743652,0.989083468914032,500
cka_feddst,cifar10,0.9,21,results/logs/cka_strength_sweep/cifar10/strength_1p0/seed_21/splits/cifar10_split_seed21_clients5_alpha0p3_ref500.json,1.0,16,fc1,3,3,1.0,0.989083468914032,500
cka_feddst,cifar10,0.9,21,results/logs/cka_strength_sweep/cifar10/strength_1p0/seed_21/splits/cifar10_split_seed21_clients5_alpha0p3_ref500.json,1.0,16,fc1,3,4,0.995712399482727,0.989083468914032,500
cka_feddst,cifar10,0.9,21,results/logs/cka_strength_sweep/cifar10/strength_1p0/seed_21/splits/cifar10_split_seed21_clients5_alpha0p3_ref500.json,1.0,16,fc1,4,0,0.9757734537124634,0.989083468914032,500
cka_feddst,cifar10,0.9,21,results/logs/cka_strength_sweep/cifar10/strength_1p0/seed_21/splits/cifar10_split_seed21_clients5_alpha0p3_ref500.json,1.0,16,fc1,4,1,0.9884431958198547,0.989083468914032,500
cka_feddst,cifar10,0.9,21,results/logs/cka_strength_sweep/cifar10/strength_1p0/seed_21/splits/cifar10_split_seed21_clients5_alpha0p3_ref500.json,1.0,16,fc1,4,2,0.9981218576431274,0.989083468914032,500
cka_feddst,cifar10,0.9,21,results/logs/cka_strength_sweep/cifar10/strength_1p0/seed_21/splits/cifar10_split_seed21_clients5_alpha0p3_ref500.json,1.0,16,fc1,4,3,0.995712399482727,0.989083468914032,500
cka_feddst,cifar10,0.9,21,results/logs/cka_strength_sweep/cifar10/strength_1p0/seed_21/splits/cifar10_split_seed21_clients5_alpha0p3_ref500.json,1.0,16,fc1,4,4,1.0,0.989083468914032,500
cka_feddst,cifar10,0.9,21,results/logs/cka_strength_sweep/cifar10/strength_1p0/seed_21/splits/cifar10_split_seed21_clients5_alpha0p3_ref500.json,1.0,18,conv1,0,0,1.0,1.0,500
cka_feddst,cifar10,0.9,21,results/logs/cka_strength_sweep/cifar10/strength_1p0/seed_21/splits/cifar10_split_seed21_clients5_alpha0p3_ref500.json,1.0,18,conv1,0,1,1.0,1.0,500
cka_feddst,cifar10,0.9,21,results/logs/cka_strength_sweep/cifar10/strength_1p0/seed_21/splits/cifar10_split_seed21_clients5_alpha0p3_ref500.json,1.0,18,conv1,0,2,1.0,1.0,500
cka_feddst,cifar10,0.9,21,results/logs/cka_strength_sweep/cifar10/strength_1p0/seed_21/splits/cifar10_split_seed21_clients5_alpha0p3_ref500.json,1.0,18,conv1,0,3,1.0,1.0,500
cka_feddst,cifar10,0.9,21,results/logs/cka_strength_sweep/cifar10/strength_1p0/seed_21/splits/cifar10_split_seed21_clients5_alpha0p3_ref500.json,1.0,18,conv1,0,4,1.0,1.0,500
cka_feddst,cifar10,0.9,21,results/logs/cka_strength_sweep/cifar10/strength_1p0/seed_21/splits/cifar10_split_seed21_clients5_alpha0p3_ref500.json,1.0,18,conv1,1,0,1.0,1.0,500
cka_feddst,cifar10,0.9,21,results/logs/cka_strength_sweep/cifar10/strength_1p0/seed_21/splits/cifar10_split_seed21_clients5_alpha0p3_ref500.json,1.0,18,conv1,1,1,1.0,1.0,500
cka_feddst,cifar10,0.9,21,results/logs/cka_strength_sweep/cifar10/strength_1p0/seed_21/splits/cifar10_split_seed21_clients5_alpha0p3_ref500.json,1.0,18,conv1,1,2,1.0,1.0,500
cka_feddst,cifar10,0.9,21,results/logs/cka_strength_sweep/cifar10/strength_1p0/seed_21/splits/cifar10_split_seed21_clients5_alpha0p3_ref500.json,1.0,18,conv1,1,3,1.0,1.0,500
cka_feddst,cifar10,0.9,21,results/logs/cka_strength_sweep/cifar10/strength_1p0/seed_21/splits/cifar10_split_seed21_clients5_alpha0p3_ref500.json,1.0,18,conv1,1,4,1.0,1.0,500
cka_feddst,cifar10,0.9,21,results/logs/cka_strength_sweep/cifar10/strength_1p0/seed_21/splits/cifar10_split_seed21_clients5_alpha0p3_ref500.json,1.0,18,conv1,2,0,1.0,1.0,500
cka_feddst,cifar10,0.9,21,results/logs/cka_strength_sweep/cifar10/strength_1p0/seed_21/splits/cifar10_split_seed21_clients5_alpha0p3_ref500.json,1.0,18,conv1,2,1,1.0,1.0,500
cka_feddst,cifar10,0.9,21,results/logs/cka_strength_sweep/cifar10/strength_1p0/seed_21/splits/cifar10_split_seed21_clients5_alpha0p3_ref500.json,1.0,18,conv1,2,2,1.0,1.0,500
cka_feddst,cifar10,0.9,21,results/logs/cka_strength_sweep/cifar10/strength_1p0/seed_21/splits/cifar10_split_seed21_clients5_alpha0p3_ref500.json,1.0,18,conv1,2,3,1.0,1.0,500
cka_feddst,cifar10,0.9,21,results/logs/cka_strength_sweep/cifar10/strength_1p0/seed_21/splits/cifar10_split_seed21_clients5_alpha0p3_ref500.json,1.0,18,conv1,2,4,1.0,1.0,500
cka_feddst,cifar10,0.9,21,results/logs/cka_strength_sweep/cifar10/strength_1p0/seed_21/splits/cifar10_split_seed21_clients5_alpha0p3_ref500.json,1.0,18,conv1,3,0,1.0,1.0,500
cka_feddst,cifar10,0.9,21,results/logs/cka_strength_sweep/cifar10/strength_1p0/seed_21/splits/cifar10_split_seed21_clients5_alpha0p3_ref500.json,1.0,18,conv1,3,1,1.0,1.0,500
cka_feddst,cifar10,0.9,21,results/logs/cka_strength_sweep/cifar10/strength_1p0/seed_21/splits/cifar10_split_seed21_clients5_alpha0p3_ref500.json,1.0,18,conv1,3,2,1.0,1.0,500
cka_feddst,cifar10,0.9,21,results/logs/cka_strength_sweep/cifar10/strength_1p0/seed_21/splits/cifar10_split_seed21_clients5_alpha0p3_ref500.json,1.0,18,conv1,3,3,1.0,1.0,500
cka_feddst,cifar10,0.9,21,results/logs/cka_strength_sweep/cifar10/strength_1p0/seed_21/splits/cifar10_split_seed21_clients5_alpha0p3_ref500.json,1.0,18,conv1,3,4,1.0,1.0,500
cka_feddst,cifar10,0.9,21,results/logs/cka_strength_sweep/cifar10/strength_1p0/seed_21/splits/cifar10_split_seed21_clients5_alpha0p3_ref500.json,1.0,18,conv1,4,0,1.0,1.0,500
cka_feddst,cifar10,0.9,21,results/logs/cka_strength_sweep/cifar10/strength_1p0/seed_21/splits/cifar10_split_seed21_clients5_alpha0p3_ref500.json,1.0,18,conv1,4,1,1.0,1.0,500
cka_feddst,cifar10,0.9,21,results/logs/cka_strength_sweep/cifar10/strength_1p0/seed_21/splits/cifar10_split_seed21_clients5_alpha0p3_ref500.json,1.0,18,conv1,4,2,1.0,1.0,500
cka_feddst,cifar10,0.9,21,results/logs/cka_strength_sweep/cifar10/strength_1p0/seed_21/splits/cifar10_split_seed21_clients5_alpha0p3_ref500.json,1.0,18,conv1,4,3,1.0,1.0,500
cka_feddst,cifar10,0.9,21,results/logs/cka_strength_sweep/cifar10/strength_1p0/seed_21/splits/cifar10_split_seed21_clients5_alpha0p3_ref500.json,1.0,18,conv1,4,4,1.0,1.0,500
cka_feddst,cifar10,0.9,21,results/logs/cka_strength_sweep/cifar10/strength_1p0/seed_21/splits/cifar10_split_seed21_clients5_alpha0p3_ref500.json,1.0,18,conv2,0,0,1.0,0.9999384880065918,500
cka_feddst,cifar10,0.9,21,results/logs/cka_strength_sweep/cifar10/strength_1p0/seed_21/splits/cifar10_split_seed21_clients5_alpha0p3_ref500.json,1.0,18,conv2,0,1,0.9998534917831421,0.9999384880065918,500
cka_feddst,cifar10,0.9,21,results/logs/cka_strength_sweep/cifar10/strength_1p0/seed_21/splits/cifar10_split_seed21_clients5_alpha0p3_ref500.json,1.0,18,conv2,0,2,0.9998835325241089,0.9999384880065918,500
cka_feddst,cifar10,0.9,21,results/logs/cka_strength_sweep/cifar10/strength_1p0/seed_21/splits/cifar10_split_seed21_clients5_alpha0p3_ref500.json,1.0,18,conv2,0,3,0.9998997449874878,0.9999384880065918,500
cka_feddst,cifar10,0.9,21,results/logs/cka_strength_sweep/cifar10/strength_1p0/seed_21/splits/cifar10_split_seed21_clients5_alpha0p3_ref500.json,1.0,18,conv2,0,4,0.9997947812080383,0.9999384880065918,500
cka_feddst,cifar10,0.9,21,results/logs/cka_strength_sweep/cifar10/strength_1p0/seed_21/splits/cifar10_split_seed21_clients5_alpha0p3_ref500.json,1.0,18,conv2,1,0,0.9998534917831421,0.9999384880065918,500
cka_feddst,cifar10,0.9,21,results/logs/cka_strength_sweep/cifar10/strength_1p0/seed_21/splits/cifar10_split_seed21_clients5_alpha0p3_ref500.json,1.0,18,conv2,1,1,1.0,0.9999384880065918,500
cka_feddst,cifar10,0.9,21,results/logs/cka_strength_sweep/cifar10/strength_1p0/seed_21/splits/cifar10_split_seed21_clients5_alpha0p3_ref500.json,1.0,18,conv2,1,2,0.9999970197677612,0.9999384880065918,500
cka_feddst,cifar10,0.9,21,results/logs/cka_strength_sweep/cifar10/strength_1p0/seed_21/splits/cifar10_split_seed21_clients5_alpha0p3_ref500.json,1.0,18,conv2,1,3,0.9999930262565613,0.9999384880065918,500
cka_feddst,cifar10,0.9,21,results/logs/cka_strength_sweep/cifar10/strength_1p0/seed_21/splits/cifar10_split_seed21_clients5_alpha0p3_ref500.json,1.0,18,conv2,1,4,0.9999988675117493,0.9999384880065918,500
cka_feddst,cifar10,0.9,21,results/logs/cka_strength_sweep/cifar10/strength_1p0/seed_21/splits/cifar10_split_seed21_clients5_alpha0p3_ref500.json,1.0,18,conv2,2,0,0.9998835325241089,0.9999384880065918,500
cka_feddst,cifar10,0.9,21,results/logs/cka_strength_sweep/cifar10/strength_1p0/seed_21/splits/cifar10_split_seed21_clients5_alpha0p3_ref500.json,1.0,18,conv2,2,1,0.9999970197677612,0.9999384880065918,500
cka_feddst,cifar10,0.9,21,results/logs/cka_strength_sweep/cifar10/strength_1p0/seed_21/splits/cifar10_split_seed21_clients5_alpha0p3_ref500.json,1.0,18,conv2,2,2,1.0,0.9999384880065918,500
cka_feddst,cifar10,0.9,21,results/logs/cka_strength_sweep/cifar10/strength_1p0/seed_21/splits/cifar10_split_seed21_clients5_alpha0p3_ref500.json,1.0,18,conv2,2,3,1.0,0.9999384880065918,500
cka_feddst,cifar10,0.9,21,results/logs/cka_strength_sweep/cifar10/strength_1p0/seed_21/splits/cifar10_split_seed21_clients5_alpha0p3_ref500.json,1.0,18,conv2,2,4,0.9999858736991882,0.9999384880065918,500
cka_feddst,cifar10,0.9,21,results/logs/cka_strength_sweep/cifar10/strength_1p0/seed_21/splits/cifar10_split_seed21_clients5_alpha0p3_ref500.json,1.0,18,conv2,3,0,0.9998997449874878,0.9999384880065918,500
cka_feddst,cifar10,0.9,21,results/logs/cka_strength_sweep/cifar10/strength_1p0/seed_21/splits/cifar10_split_seed21_clients5_alpha0p3_ref500.json,1.0,18,conv2,3,1,0.9999930262565613,0.9999384880065918,500
cka_feddst,cifar10,0.9,21,results/logs/cka_strength_sweep/cifar10/strength_1p0/seed_21/splits/cifar10_split_seed21_clients5_alpha0p3_ref500.json,1.0,18,conv2,3,2,1.0,0.9999384880065918,500
cka_feddst,cifar10,0.9,21,results/logs/cka_strength_sweep/cifar10/strength_1p0/seed_21/splits/cifar10_split_seed21_clients5_alpha0p3_ref500.json,1.0,18,conv2,3,3,1.0,0.9999384880065918,500
cka_feddst,cifar10,0.9,21,results/logs/cka_strength_sweep/cifar10/strength_1p0/seed_21/splits/cifar10_split_seed21_clients5_alpha0p3_ref500.json,1.0,18,conv2,3,4,0.9999781847000122,0.9999384880065918,500
cka_feddst,cifar10,0.9,21,results/logs/cka_strength_sweep/cifar10/strength_1p0/seed_21/splits/cifar10_split_seed21_clients5_alpha0p3_ref500.json,1.0,18,conv2,4,0,0.9997947812080383,0.9999384880065918,500
cka_feddst,cifar10,0.9,21,results/logs/cka_strength_sweep/cifar10/strength_1p0/seed_21/splits/cifar10_split_seed21_clients5_alpha0p3_ref500.json,1.0,18,conv2,4,1,0.9999988675117493,0.9999384880065918,500
cka_feddst,cifar10,0.9,21,results/logs/cka_strength_sweep/cifar10/strength_1p0/seed_21/splits/cifar10_split_seed21_clients5_alpha0p3_ref500.json,1.0,18,conv2,4,2,0.9999858736991882,0.9999384880065918,500
cka_feddst,cifar10,0.9,21,results/logs/cka_strength_sweep/cifar10/strength_1p0/seed_21/splits/cifar10_split_seed21_clients5_alpha0p3_ref500.json,1.0,18,conv2,4,3,0.9999781847000122,0.9999384880065918,500
cka_feddst,cifar10,0.9,21,results/logs/cka_strength_sweep/cifar10/strength_1p0/seed_21/splits/cifar10_split_seed21_clients5_alpha0p3_ref500.json,1.0,18,conv2,4,4,1.0,0.9999384880065918,500
cka_feddst,cifar10,0.9,21,results/logs/cka_strength_sweep/cifar10/strength_1p0/seed_21/splits/cifar10_split_seed21_clients5_alpha0p3_ref500.json,1.0,18,conv3,0,0,1.0,0.9997040629386902,500
cka_feddst,cifar10,0.9,21,results/logs/cka_strength_sweep/cifar10/strength_1p0/seed_21/splits/cifar10_split_seed21_clients5_alpha0p3_ref500.json,1.0,18,conv3,0,1,0.9992151260375977,0.9997040629386902,500
cka_feddst,cifar10,0.9,21,results/logs/cka_strength_sweep/cifar10/strength_1p0/seed_21/splits/cifar10_split_seed21_clients5_alpha0p3_ref500.json,1.0,18,conv3,0,2,0.999548077583313,0.9997040629386902,500
cka_feddst,cifar10,0.9,21,results/logs/cka_strength_sweep/cifar10/strength_1p0/seed_21/splits/cifar10_split_seed21_clients5_alpha0p3_ref500.json,1.0,18,conv3,0,3,0.9996223449707031,0.9997040629386902,500
cka_feddst,cifar10,0.9,21,results/logs/cka_strength_sweep/cifar10/strength_1p0/seed_21/splits/cifar10_split_seed21_clients5_alpha0p3_ref500.json,1.0,18,conv3,0,4,0.9991133809089661,0.9997040629386902,500
cka_feddst,cifar10,0.9,21,results/logs/cka_strength_sweep/cifar10/strength_1p0/seed_21/splits/cifar10_split_seed21_clients5_alpha0p3_ref500.json,1.0,18,conv3,1,0,0.9992151260375977,0.9997040629386902,500
cka_feddst,cifar10,0.9,21,results/logs/cka_strength_sweep/cifar10/strength_1p0/seed_21/splits/cifar10_split_seed21_clients5_alpha0p3_ref500.json,1.0,18,conv3,1,1,1.0,0.9997040629386902,500
cka_feddst,cifar10,0.9,21,results/logs/cka_strength_sweep/cifar10/strength_1p0/seed_21/splits/cifar10_split_seed21_clients5_alpha0p3_ref500.json,1.0,18,conv3,1,2,0.9999175071716309,0.9997040629386902,500
cka_feddst,cifar10,0.9,21,results/logs/cka_strength_sweep/cifar10/strength_1p0/seed_21/splits/cifar10_split_seed21_clients5_alpha0p3_ref500.json,1.0,18,conv3,1,3,0.9998783469200134,0.9997040629386902,500
cka_feddst,cifar10,0.9,21,results/logs/cka_strength_sweep/cifar10/strength_1p0/seed_21/splits/cifar10_split_seed21_clients5_alpha0p3_ref500.json,1.0,18,conv3,1,4,0.9999703168869019,0.9997040629386902,500
cka_feddst,cifar10,0.9,21,results/logs/cka_strength_sweep/cifar10/strength_1p0/seed_21/splits/cifar10_split_seed21_clients5_alpha0p3_ref500.json,1.0,18,conv3,2,0,0.999548077583313,0.9997040629386902,500
cka_feddst,cifar10,0.9,21,results/logs/cka_strength_sweep/cifar10/strength_1p0/seed_21/splits/cifar10_split_seed21_clients5_alpha0p3_ref500.json,1.0,18,conv3,2,1,0.9999175071716309,0.9997040629386902,500
cka_feddst,cifar10,0.9,21,results/logs/cka_strength_sweep/cifar10/strength_1p0/seed_21/splits/cifar10_split_seed21_clients5_alpha0p3_ref500.json,1.0,18,conv3,2,2,1.0,0.9997040629386902,500
cka_feddst,cifar10,0.9,21,results/logs/cka_strength_sweep/cifar10/strength_1p0/seed_21/splits/cifar10_split_seed21_clients5_alpha0p3_ref500.json,1.0,18,conv3,2,3,0.9999895691871643,0.9997040629386902,500
cka_feddst,cifar10,0.9,21,results/logs/cka_strength_sweep/cifar10/strength_1p0/seed_21/splits/cifar10_split_seed21_clients5_alpha0p3_ref500.json,1.0,18,conv3,2,4,0.9999191761016846,0.9997040629386902,500
cka_feddst,cifar10,0.9,21,results/logs/cka_strength_sweep/cifar10/strength_1p0/seed_21/splits/cifar10_split_seed21_clients5_alpha0p3_ref500.json,1.0,18,conv3,3,0,0.9996223449707031,0.9997040629386902,500
cka_feddst,cifar10,0.9,21,results/logs/cka_strength_sweep/cifar10/strength_1p0/seed_21/splits/cifar10_split_seed21_clients5_alpha0p3_ref500.json,1.0,18,conv3,3,1,0.9998783469200134,0.9997040629386902,500
cka_feddst,cifar10,0.9,21,results/logs/cka_strength_sweep/cifar10/strength_1p0/seed_21/splits/cifar10_split_seed21_clients5_alpha0p3_ref500.json,1.0,18,conv3,3,2,0.9999895691871643,0.9997040629386902,500
cka_feddst,cifar10,0.9,21,results/logs/cka_strength_sweep/cifar10/strength_1p0/seed_21/splits/cifar10_split_seed21_clients5_alpha0p3_ref500.json,1.0,18,conv3,3,3,1.0,0.9997040629386902,500
cka_feddst,cifar10,0.9,21,results/logs/cka_strength_sweep/cifar10/strength_1p0/seed_21/splits/cifar10_split_seed21_clients5_alpha0p3_ref500.json,1.0,18,conv3,3,4,0.999866783618927,0.9997040629386902,500
cka_feddst,cifar10,0.9,21,results/logs/cka_strength_sweep/cifar10/strength_1p0/seed_21/splits/cifar10_split_seed21_clients5_alpha0p3_ref500.json,1.0,18,conv3,4,0,0.9991133809089661,0.9997040629386902,500
cka_feddst,cifar10,0.9,21,results/logs/cka_strength_sweep/cifar10/strength_1p0/seed_21/splits/cifar10_split_seed21_clients5_alpha0p3_ref500.json,1.0,18,conv3,4,1,0.9999703168869019,0.9997040629386902,500
cka_feddst,cifar10,0.9,21,results/logs/cka_strength_sweep/cifar10/strength_1p0/seed_21/splits/cifar10_split_seed21_clients5_alpha0p3_ref500.json,1.0,18,conv3,4,2,0.9999191761016846,0.9997040629386902,500
cka_feddst,cifar10,0.9,21,results/logs/cka_strength_sweep/cifar10/strength_1p0/seed_21/splits/cifar10_split_seed21_clients5_alpha0p3_ref500.json,1.0,18,conv3,4,3,0.999866783618927,0.9997040629386902,500
cka_feddst,cifar10,0.9,21,results/logs/cka_strength_sweep/cifar10/strength_1p0/seed_21/splits/cifar10_split_seed21_clients5_alpha0p3_ref500.json,1.0,18,conv3,4,4,1.0,0.9997040629386902,500
cka_feddst,cifar10,0.9,21,results/logs/cka_strength_sweep/cifar10/strength_1p0/seed_21/splits/cifar10_split_seed21_clients5_alpha0p3_ref500.json,1.0,18,fc1,0,0,1.0,0.9937127232551575,500
cka_feddst,cifar10,0.9,21,results/logs/cka_strength_sweep/cifar10/strength_1p0/seed_21/splits/cifar10_split_seed21_clients5_alpha0p3_ref500.json,1.0,18,fc1,0,1,0.9832786917686462,0.9937127232551575,500
cka_feddst,cifar10,0.9,21,results/logs/cka_strength_sweep/cifar10/strength_1p0/seed_21/splits/cifar10_split_seed21_clients5_alpha0p3_ref500.json,1.0,18,fc1,0,2,0.9945379495620728,0.9937127232551575,500
cka_feddst,cifar10,0.9,21,results/logs/cka_strength_sweep/cifar10/strength_1p0/seed_21/splits/cifar10_split_seed21_clients5_alpha0p3_ref500.json,1.0,18,fc1,0,3,0.9954330325126648,0.9937127232551575,500
cka_feddst,cifar10,0.9,21,results/logs/cka_strength_sweep/cifar10/strength_1p0/seed_21/splits/cifar10_split_seed21_clients5_alpha0p3_ref500.json,1.0,18,fc1,0,4,0.9888965487480164,0.9937127232551575,500
cka_feddst,cifar10,0.9,21,results/logs/cka_strength_sweep/cifar10/strength_1p0/seed_21/splits/cifar10_split_seed21_clients5_alpha0p3_ref500.json,1.0,18,fc1,1,0,0.9832786917686462,0.9937127232551575,500
cka_feddst,cifar10,0.9,21,results/logs/cka_strength_sweep/cifar10/strength_1p0/seed_21/splits/cifar10_split_seed21_clients5_alpha0p3_ref500.json,1.0,18,fc1,1,1,1.0,0.9937127232551575,500
cka_feddst,cifar10,0.9,21,results/logs/cka_strength_sweep/cifar10/strength_1p0/seed_21/splits/cifar10_split_seed21_clients5_alpha0p3_ref500.json,1.0,18,fc1,1,2,0.9931910037994385,0.9937127232551575,500
cka_feddst,cifar10,0.9,21,results/logs/cka_strength_sweep/cifar10/strength_1p0/seed_21/splits/cifar10_split_seed21_clients5_alpha0p3_ref500.json,1.0,18,fc1,1,3,0.9914606213569641,0.9937127232551575,500
cka_feddst,cifar10,0.9,21,results/logs/cka_strength_sweep/cifar10/strength_1p0/seed_21/splits/cifar10_split_seed21_clients5_alpha0p3_ref500.json,1.0,18,fc1,1,4,0.9957726001739502,0.9937127232551575,500
cka_feddst,cifar10,0.9,21,results/logs/cka_strength_sweep/cifar10/strength_1p0/seed_21/splits/cifar10_split_seed21_clients5_alpha0p3_ref500.json,1.0,18,fc1,2,0,0.9945379495620728,0.9937127232551575,500
cka_feddst,cifar10,0.9,21,results/logs/cka_strength_sweep/cifar10/strength_1p0/seed_21/splits/cifar10_split_seed21_clients5_alpha0p3_ref500.json,1.0,18,fc1,2,1,0.9931910037994385,0.9937127232551575,500
cka_feddst,cifar10,0.9,21,results/logs/cka_strength_sweep/cifar10/strength_1p0/seed_21/splits/cifar10_split_seed21_clients5_alpha0p3_ref500.json,1.0,18,fc1,2,2,1.0,0.9937127232551575,500
cka_feddst,cifar10,0.9,21,results/logs/cka_strength_sweep/cifar10/strength_1p0/seed_21/splits/cifar10_split_seed21_clients5_alpha0p3_ref500.json,1.0,18,fc1,2,3,0.9994086623191833,0.9937127232551575,500
cka_feddst,cifar10,0.9,21,results/logs/cka_strength_sweep/cifar10/strength_1p0/seed_21/splits/cifar10_split_seed21_clients5_alpha0p3_ref500.json,1.0,18,fc1,2,4,0.9982663989067078,0.9937127232551575,500
cka_feddst,cifar10,0.9,21,results/logs/cka_strength_sweep/cifar10/strength_1p0/seed_21/splits/cifar10_split_seed21_clients5_alpha0p3_ref500.json,1.0,18,fc1,3,0,0.9954330325126648,0.9937127232551575,500
cka_feddst,cifar10,0.9,21,results/logs/cka_strength_sweep/cifar10/strength_1p0/seed_21/splits/cifar10_split_seed21_clients5_alpha0p3_ref500.json,1.0,18,fc1,3,1,0.9914606213569641,0.9937127232551575,500
cka_feddst,cifar10,0.9,21,results/logs/cka_strength_sweep/cifar10/strength_1p0/seed_21/splits/cifar10_split_seed21_clients5_alpha0p3_ref500.json,1.0,18,fc1,3,2,0.9994086623191833,0.9937127232551575,500
cka_feddst,cifar10,0.9,21,results/logs/cka_strength_sweep/cifar10/strength_1p0/seed_21/splits/cifar10_split_seed21_clients5_alpha0p3_ref500.json,1.0,18,fc1,3,3,1.0,0.9937127232551575,500
cka_feddst,cifar10,0.9,21,results/logs/cka_strength_sweep/cifar10/strength_1p0/seed_21/splits/cifar10_split_seed21_clients5_alpha0p3_ref500.json,1.0,18,fc1,3,4,0.9968815445899963,0.9937127232551575,500
cka_feddst,cifar10,0.9,21,results/logs/cka_strength_sweep/cifar10/strength_1p0/seed_21/splits/cifar10_split_seed21_clients5_alpha0p3_ref500.json,1.0,18,fc1,4,0,0.9888965487480164,0.9937127232551575,500
cka_feddst,cifar10,0.9,21,results/logs/cka_strength_sweep/cifar10/strength_1p0/seed_21/splits/cifar10_split_seed21_clients5_alpha0p3_ref500.json,1.0,18,fc1,4,1,0.9957726001739502,0.9937127232551575,500
cka_feddst,cifar10,0.9,21,results/logs/cka_strength_sweep/cifar10/strength_1p0/seed_21/splits/cifar10_split_seed21_clients5_alpha0p3_ref500.json,1.0,18,fc1,4,2,0.9982663989067078,0.9937127232551575,500
cka_feddst,cifar10,0.9,21,results/logs/cka_strength_sweep/cifar10/strength_1p0/seed_21/splits/cifar10_split_seed21_clients5_alpha0p3_ref500.json,1.0,18,fc1,4,3,0.9968815445899963,0.9937127232551575,500
cka_feddst,cifar10,0.9,21,results/logs/cka_strength_sweep/cifar10/strength_1p0/seed_21/splits/cifar10_split_seed21_clients5_alpha0p3_ref500.json,1.0,18,fc1,4,4,1.0,0.9937127232551575,500
cka_feddst,cifar10,0.9,21,results/logs/cka_strength_sweep/cifar10/strength_1p0/seed_21/splits/cifar10_split_seed21_clients5_alpha0p3_ref500.json,1.0,20,conv1,0,0,1.0,0.9999951124191284,500
cka_feddst,cifar10,0.9,21,results/logs/cka_strength_sweep/cifar10/strength_1p0/seed_21/splits/cifar10_split_seed21_clients5_alpha0p3_ref500.json,1.0,20,conv1,0,1,0.9999920129776001,0.9999951124191284,500
cka_feddst,cifar10,0.9,21,results/logs/cka_strength_sweep/cifar10/strength_1p0/seed_21/splits/cifar10_split_seed21_clients5_alpha0p3_ref500.json,1.0,20,conv1,0,2,0.9999863505363464,0.9999951124191284,500
cka_feddst,cifar10,0.9,21,results/logs/cka_strength_sweep/cifar10/strength_1p0/seed_21/splits/cifar10_split_seed21_clients5_alpha0p3_ref500.json,1.0,20,conv1,0,3,0.9999858736991882,0.9999951124191284,500
cka_feddst,cifar10,0.9,21,results/logs/cka_strength_sweep/cifar10/strength_1p0/seed_21/splits/cifar10_split_seed21_clients5_alpha0p3_ref500.json,1.0,20,conv1,0,4,0.9999871253967285,0.9999951124191284,500
cka_feddst,cifar10,0.9,21,results/logs/cka_strength_sweep/cifar10/strength_1p0/seed_21/splits/cifar10_split_seed21_clients5_alpha0p3_ref500.json,1.0,20,conv1,1,0,0.9999920129776001,0.9999951124191284,500
cka_feddst,cifar10,0.9,21,results/logs/cka_strength_sweep/cifar10/strength_1p0/seed_21/splits/cifar10_split_seed21_clients5_alpha0p3_ref500.json,1.0,20,conv1,1,1,1.0,0.9999951124191284,500
cka_feddst,cifar10,0.9,21,results/logs/cka_strength_sweep/cifar10/strength_1p0/seed_21/splits/cifar10_split_seed21_clients5_alpha0p3_ref500.json,1.0,20,conv1,1,2,1.0,0.9999951124191284,500
cka_feddst,cifar10,0.9,21,results/logs/cka_strength_sweep/cifar10/strength_1p0/seed_21/splits/cifar10_split_seed21_clients5_alpha0p3_ref500.json,1.0,20,conv1,1,3,1.0,0.9999951124191284,500
cka_feddst,cifar10,0.9,21,results/logs/cka_strength_sweep/cifar10/strength_1p0/seed_21/splits/cifar10_split_seed21_clients5_alpha0p3_ref500.json,1.0,20,conv1,1,4,1.0,0.9999951124191284,500
cka_feddst,cifar10,0.9,21,results/logs/cka_strength_sweep/cifar10/strength_1p0/seed_21/splits/cifar10_split_seed21_clients5_alpha0p3_ref500.json,1.0,20,conv1,2,0,0.9999863505363464,0.9999951124191284,500
cka_feddst,cifar10,0.9,21,results/logs/cka_strength_sweep/cifar10/strength_1p0/seed_21/splits/cifar10_split_seed21_clients5_alpha0p3_ref500.json,1.0,20,conv1,2,1,1.0,0.9999951124191284,500
cka_feddst,cifar10,0.9,21,results/logs/cka_strength_sweep/cifar10/strength_1p0/seed_21/splits/cifar10_split_seed21_clients5_alpha0p3_ref500.json,1.0,20,conv1,2,2,1.0,0.9999951124191284,500
cka_feddst,cifar10,0.9,21,results/logs/cka_strength_sweep/cifar10/strength_1p0/seed_21/splits/cifar10_split_seed21_clients5_alpha0p3_ref500.json,1.0,20,conv1,2,3,1.0,0.9999951124191284,500
cka_feddst,cifar10,0.9,21,results/logs/cka_strength_sweep/cifar10/strength_1p0/seed_21/splits/cifar10_split_seed21_clients5_alpha0p3_ref500.json,1.0,20,conv1,2,4,1.0,0.9999951124191284,500
cka_feddst,cifar10,0.9,21,results/logs/cka_strength_sweep/cifar10/strength_1p0/seed_21/splits/cifar10_split_seed21_clients5_alpha0p3_ref500.json,1.0,20,conv1,3,0,0.9999858736991882,0.9999951124191284,500
cka_feddst,cifar10,0.9,21,results/logs/cka_strength_sweep/cifar10/strength_1p0/seed_21/splits/cifar10_split_seed21_clients5_alpha0p3_ref500.json,1.0,20,conv1,3,1,1.0,0.9999951124191284,500
cka_feddst,cifar10,0.9,21,results/logs/cka_strength_sweep/cifar10/strength_1p0/seed_21/splits/cifar10_split_seed21_clients5_alpha0p3_ref500.json,1.0,20,conv1,3,2,1.0,0.9999951124191284,500
cka_feddst,cifar10,0.9,21,results/logs/cka_strength_sweep/cifar10/strength_1p0/seed_21/splits/cifar10_split_seed21_clients5_alpha0p3_ref500.json,1.0,20,conv1,3,3,1.0,0.9999951124191284,500
cka_feddst,cifar10,0.9,21,results/logs/cka_strength_sweep/cifar10/strength_1p0/seed_21/splits/cifar10_split_seed21_clients5_alpha0p3_ref500.json,1.0,20,conv1,3,4,1.0,0.9999951124191284,500
cka_feddst,cifar10,0.9,21,results/logs/cka_strength_sweep/cifar10/strength_1p0/seed_21/splits/cifar10_split_seed21_clients5_alpha0p3_ref500.json,1.0,20,conv1,4,0,0.9999871253967285,0.9999951124191284,500
cka_feddst,cifar10,0.9,21,results/logs/cka_strength_sweep/cifar10/strength_1p0/seed_21/splits/cifar10_split_seed21_clients5_alpha0p3_ref500.json,1.0,20,conv1,4,1,1.0,0.9999951124191284,500
cka_feddst,cifar10,0.9,21,results/logs/cka_strength_sweep/cifar10/strength_1p0/seed_21/splits/cifar10_split_seed21_clients5_alpha0p3_ref500.json,1.0,20,conv1,4,2,1.0,0.9999951124191284,500
cka_feddst,cifar10,0.9,21,results/logs/cka_strength_sweep/cifar10/strength_1p0/seed_21/splits/cifar10_split_seed21_clients5_alpha0p3_ref500.json,1.0,20,conv1,4,3,1.0,0.9999951124191284,500
cka_feddst,cifar10,0.9,21,results/logs/cka_strength_sweep/cifar10/strength_1p0/seed_21/splits/cifar10_split_seed21_clients5_alpha0p3_ref500.json,1.0,20,conv1,4,4,1.0,0.9999951124191284,500
cka_feddst,cifar10,0.9,21,results/logs/cka_strength_sweep/cifar10/strength_1p0/seed_21/splits/cifar10_split_seed21_clients5_alpha0p3_ref500.json,1.0,20,conv2,0,0,1.0,0.9992690086364746,500
cka_feddst,cifar10,0.9,21,results/logs/cka_strength_sweep/cifar10/strength_1p0/seed_21/splits/cifar10_split_seed21_clients5_alpha0p3_ref500.json,1.0,20,conv2,0,1,0.9993035793304443,0.9992690086364746,500
cka_feddst,cifar10,0.9,21,results/logs/cka_strength_sweep/cifar10/strength_1p0/seed_21/splits/cifar10_split_seed21_clients5_alpha0p3_ref500.json,1.0,20,conv2,0,2,0.9979574084281921,0.9992690086364746,500
cka_feddst,cifar10,0.9,21,results/logs/cka_strength_sweep/cifar10/strength_1p0/seed_21/splits/cifar10_split_seed21_clients5_alpha0p3_ref500.json,1.0,20,conv2,0,3,0.9984835386276245,0.9992690086364746,500
cka_feddst,cifar10,0.9,21,results/logs/cka_strength_sweep/cifar10/strength_1p0/seed_21/splits/cifar10_split_seed21_clients5_alpha0p3_ref500.json,1.0,20,conv2,0,4,0.9981687068939209,0.9992690086364746,500
cka_feddst,cifar10,0.9,21,results/logs/cka_strength_sweep/cifar10/strength_1p0/seed_21/splits/cifar10_split_seed21_clients5_alpha0p3_ref500.json,1.0,20,conv2,1,0,0.9993035793304443,0.9992690086364746,500
cka_feddst,cifar10,0.9,21,results/logs/cka_strength_sweep/cifar10/strength_1p0/seed_21/splits/cifar10_split_seed21_clients5_alpha0p3_ref500.json,1.0,20,conv2,1,1,1.0,0.9992690086364746,500
cka_feddst,cifar10,0.9,21,results/logs/cka_strength_sweep/cifar10/strength_1p0/seed_21/splits/cifar10_split_seed21_clients5_alpha0p3_ref500.json,1.0,20,conv2,1,2,0.9995182752609253,0.9992690086364746,500
cka_feddst,cifar10,0.9,21,results/logs/cka_strength_sweep/cifar10/strength_1p0/seed_21/splits/cifar10_split_seed21_clients5_alpha0p3_ref500.json,1.0,20,conv2,1,3,0.9997015595436096,0.9992690086364746,500
cka_feddst,cifar10,0.9,21,results/logs/cka_strength_sweep/cifar10/strength_1p0/seed_21/splits/cifar10_split_seed21_clients5_alpha0p3_ref500.json,1.0,20,conv2,1,4,0.9996718168258667,0.9992690086364746,500
cka_feddst,cifar10,0.9,21,results/logs/cka_strength_sweep/cifar10/strength_1p0/seed_21/splits/cifar10_split_seed21_clients5_alpha0p3_ref500.json,1.0,20,conv2,2,0,0.9979574084281921,0.9992690086364746,500
cka_feddst,cifar10,0.9,21,results/logs/cka_strength_sweep/cifar10/strength_1p0/seed_21/splits/cifar10_split_seed21_clients5_alpha0p3_ref500.json,1.0,20,conv2,2,1,0.9995182752609253,0.9992690086364746,500
cka_feddst,cifar10,0.9,21,results/logs/cka_strength_sweep/cifar10/strength_1p0/seed_21/splits/cifar10_split_seed21_clients5_alpha0p3_ref500.json,1.0,20,conv2,2,2,1.0,0.9992690086364746,500
cka_feddst,cifar10,0.9,21,results/logs/cka_strength_sweep/cifar10/strength_1p0/seed_21/splits/cifar10_split_seed21_clients5_alpha0p3_ref500.json,1.0,20,conv2,2,3,0.9999600052833557,0.9992690086364746,500
cka_feddst,cifar10,0.9,21,results/logs/cka_strength_sweep/cifar10/strength_1p0/seed_21/splits/cifar10_split_seed21_clients5_alpha0p3_ref500.json,1.0,20,conv2,2,4,0.999975323677063,0.9992690086364746,500
cka_feddst,cifar10,0.9,21,results/logs/cka_strength_sweep/cifar10/strength_1p0/seed_21/splits/cifar10_split_seed21_clients5_alpha0p3_ref500.json,1.0,20,conv2,3,0,0.9984835386276245,0.9992690086364746,500
cka_feddst,cifar10,0.9,21,results/logs/cka_strength_sweep/cifar10/strength_1p0/seed_21/splits/cifar10_split_seed21_clients5_alpha0p3_ref500.json,1.0,20,conv2,3,1,0.9997015595436096,0.9992690086364746,500
cka_feddst,cifar10,0.9,21,results/logs/cka_strength_sweep/cifar10/strength_1p0/seed_21/splits/cifar10_split_seed21_clients5_alpha0p3_ref500.json,1.0,20,conv2,3,2,0.9999600052833557,0.9992690086364746,500
cka_feddst,cifar10,0.9,21,results/logs/cka_strength_sweep/cifar10/strength_1p0/seed_21/splits/cifar10_split_seed21_clients5_alpha0p3_ref500.json,1.0,20,conv2,3,3,1.0,0.9992690086364746,500
cka_feddst,cifar10,0.9,21,results/logs/cka_strength_sweep/cifar10/strength_1p0/seed_21/splits/cifar10_split_seed21_clients5_alpha0p3_ref500.json,1.0,20,conv2,3,4,0.9999494552612305,0.9992690086364746,500
cka_feddst,cifar10,0.9,21,results/logs/cka_strength_sweep/cifar10/strength_1p0/seed_21/splits/cifar10_split_seed21_clients5_alpha0p3_ref500.json,1.0,20,conv2,4,0,0.9981687068939209,0.9992690086364746,500
cka_feddst,cifar10,0.9,21,results/logs/cka_strength_sweep/cifar10/strength_1p0/seed_21/splits/cifar10_split_seed21_clients5_alpha0p3_ref500.json,1.0,20,conv2,4,1,0.9996718168258667,0.9992690086364746,500
cka_feddst,cifar10,0.9,21,results/logs/cka_strength_sweep/cifar10/strength_1p0/seed_21/splits/cifar10_split_seed21_clients5_alpha0p3_ref500.json,1.0,20,conv2,4,2,0.999975323677063,0.9992690086364746,500
cka_feddst,cifar10,0.9,21,results/logs/cka_strength_sweep/cifar10/strength_1p0/seed_21/splits/cifar10_split_seed21_clients5_alpha0p3_ref500.json,1.0,20,conv2,4,3,0.9999494552612305,0.9992690086364746,500
cka_feddst,cifar10,0.9,21,results/logs/cka_strength_sweep/cifar10/strength_1p0/seed_21/splits/cifar10_split_seed21_clients5_alpha0p3_ref500.json,1.0,20,conv2,4,4,1.0,0.9992690086364746,500
cka_feddst,cifar10,0.9,21,results/logs/cka_strength_sweep/cifar10/strength_1p0/seed_21/splits/cifar10_split_seed21_clients5_alpha0p3_ref500.json,1.0,20,conv3,0,0,1.0,0.9987244606018066,500
cka_feddst,cifar10,0.9,21,results/logs/cka_strength_sweep/cifar10/strength_1p0/seed_21/splits/cifar10_split_seed21_clients5_alpha0p3_ref500.json,1.0,20,conv3,0,1,0.9987817406654358,0.9987244606018066,500
cka_feddst,cifar10,0.9,21,results/logs/cka_strength_sweep/cifar10/strength_1p0/seed_21/splits/cifar10_split_seed21_clients5_alpha0p3_ref500.json,1.0,20,conv3,0,2,0.9964925646781921,0.9987244606018066,500
cka_feddst,cifar10,0.9,21,results/logs/cka_strength_sweep/cifar10/strength_1p0/seed_21/splits/cifar10_split_seed21_clients5_alpha0p3_ref500.json,1.0,20,conv3,0,3,0.9974861145019531,0.9987244606018066,500
cka_feddst,cifar10,0.9,21,results/logs/cka_strength_sweep/cifar10/strength_1p0/seed_21/splits/cifar10_split_seed21_clients5_alpha0p3_ref500.json,1.0,20,conv3,0,4,0.9967882633209229,0.9987244606018066,500
cka_feddst,cifar10,0.9,21,results/logs/cka_strength_sweep/cifar10/strength_1p0/seed_21/splits/cifar10_split_seed21_clients5_alpha0p3_ref500.json,1.0,20,conv3,1,0,0.9987817406654358,0.9987244606018066,500
cka_feddst,cifar10,0.9,21,results/logs/cka_strength_sweep/cifar10/strength_1p0/seed_21/splits/cifar10_split_seed21_clients5_alpha0p3_ref500.json,1.0,20,conv3,1,1,1.0,0.9987244606018066,500
cka_feddst,cifar10,0.9,21,results/logs/cka_strength_sweep/cifar10/strength_1p0/seed_21/splits/cifar10_split_seed21_clients5_alpha0p3_ref500.json,1.0,20,conv3,1,2,0.9991294741630554,0.9987244606018066,500
cka_feddst,cifar10,0.9,21,results/logs/cka_strength_sweep/cifar10/strength_1p0/seed_21/splits/cifar10_split_seed21_clients5_alpha0p3_ref500.json,1.0,20,conv3,1,3,0.9994603395462036,0.9987244606018066,500
cka_feddst,cifar10,0.9,21,results/logs/cka_strength_sweep/cifar10/strength_1p0/seed_21/splits/cifar10_split_seed21_clients5_alpha0p3_ref500.json,1.0,20,conv3,1,4,0.9993560314178467,0.9987244606018066,500
cka_feddst,cifar10,0.9,21,results/logs/cka_strength_sweep/cifar10/strength_1p0/seed_21/splits/cifar10_split_seed21_clients5_alpha0p3_ref500.json,1.0,20,conv3,2,0,0.9964925646781921,0.9987244606018066,500
cka_feddst,cifar10,0.9,21,results/logs/cka_strength_sweep/cifar10/strength_1p0/seed_21/splits/cifar10_split_seed21_clients5_alpha0p3_ref500.json,1.0,20,conv3,2,1,0.9991294741630554,0.9987244606018066,500
cka_feddst,cifar10,0.9,21,results/logs/cka_strength_sweep/cifar10/strength_1p0/seed_21/splits/cifar10_split_seed21_clients5_alpha0p3_ref500.json,1.0,20,conv3,2,2,1.0,0.9987244606018066,500
cka_feddst,cifar10,0.9,21,results/logs/cka_strength_sweep/cifar10/strength_1p0/seed_21/splits/cifar10_split_seed21_clients5_alpha0p3_ref500.json,1.0,20,conv3,2,3,0.9998998641967773,0.9987244606018066,500
cka_feddst,cifar10,0.9,21,results/logs/cka_strength_sweep/cifar10/strength_1p0/seed_21/splits/cifar10_split_seed21_clients5_alpha0p3_ref500.json,1.0,20,conv3,2,4,0.9999653697013855,0.9987244606018066,500
cka_feddst,cifar10,0.9,21,results/logs/cka_strength_sweep/cifar10/strength_1p0/seed_21/splits/cifar10_split_seed21_clients5_alpha0p3_ref500.json,1.0,20,conv3,3,0,0.9974861145019531,0.9987244606018066,500
cka_feddst,cifar10,0.9,21,results/logs/cka_strength_sweep/cifar10/strength_1p0/seed_21/splits/cifar10_split_seed21_clients5_alpha0p3_ref500.json,1.0,20,conv3,3,1,0.9994603395462036,0.9987244606018066,500
cka_feddst,cifar10,0.9,21,results/logs/cka_strength_sweep/cifar10/strength_1p0/seed_21/splits/cifar10_split_seed21_clients5_alpha0p3_ref500.json,1.0,20,conv3,3,2,0.9998998641967773,0.9987244606018066,500
cka_feddst,cifar10,0.9,21,results/logs/cka_strength_sweep/cifar10/strength_1p0/seed_21/splits/cifar10_split_seed21_clients5_alpha0p3_ref500.json,1.0,20,conv3,3,3,1.0,0.9987244606018066,500
cka_feddst,cifar10,0.9,21,results/logs/cka_strength_sweep/cifar10/strength_1p0/seed_21/splits/cifar10_split_seed21_clients5_alpha0p3_ref500.json,1.0,20,conv3,3,4,0.9998846650123596,0.9987244606018066,500
cka_feddst,cifar10,0.9,21,results/logs/cka_strength_sweep/cifar10/strength_1p0/seed_21/splits/cifar10_split_seed21_clients5_alpha0p3_ref500.json,1.0,20,conv3,4,0,0.9967882633209229,0.9987244606018066,500
cka_feddst,cifar10,0.9,21,results/logs/cka_strength_sweep/cifar10/strength_1p0/seed_21/splits/cifar10_split_seed21_clients5_alpha0p3_ref500.json,1.0,20,conv3,4,1,0.9993560314178467,0.9987244606018066,500
cka_feddst,cifar10,0.9,21,results/logs/cka_strength_sweep/cifar10/strength_1p0/seed_21/splits/cifar10_split_seed21_clients5_alpha0p3_ref500.json,1.0,20,conv3,4,2,0.9999653697013855,0.9987244606018066,500
cka_feddst,cifar10,0.9,21,results/logs/cka_strength_sweep/cifar10/strength_1p0/seed_21/splits/cifar10_split_seed21_clients5_alpha0p3_ref500.json,1.0,20,conv3,4,3,0.9998846650123596,0.9987244606018066,500
cka_feddst,cifar10,0.9,21,results/logs/cka_strength_sweep/cifar10/strength_1p0/seed_21/splits/cifar10_split_seed21_clients5_alpha0p3_ref500.json,1.0,20,conv3,4,4,1.0,0.9987244606018066,500
cka_feddst,cifar10,0.9,21,results/logs/cka_strength_sweep/cifar10/strength_1p0/seed_21/splits/cifar10_split_seed21_clients5_alpha0p3_ref500.json,1.0,20,fc1,0,0,1.0,0.9962903261184692,500
cka_feddst,cifar10,0.9,21,results/logs/cka_strength_sweep/cifar10/strength_1p0/seed_21/splits/cifar10_split_seed21_clients5_alpha0p3_ref500.json,1.0,20,fc1,0,1,0.9963403940200806,0.9962903261184692,500
cka_feddst,cifar10,0.9,21,results/logs/cka_strength_sweep/cifar10/strength_1p0/seed_21/splits/cifar10_split_seed21_clients5_alpha0p3_ref500.json,1.0,20,fc1,0,2,0.9900145530700684,0.9962903261184692,500
cka_feddst,cifar10,0.9,21,results/logs/cka_strength_sweep/cifar10/strength_1p0/seed_21/splits/cifar10_split_seed21_clients5_alpha0p3_ref500.json,1.0,20,fc1,0,3,0.9933800101280212,0.9962903261184692,500
cka_feddst,cifar10,0.9,21,results/logs/cka_strength_sweep/cifar10/strength_1p0/seed_21/splits/cifar10_split_seed21_clients5_alpha0p3_ref500.json,1.0,20,fc1,0,4,0.991788923740387,0.9962903261184692,500
cka_feddst,cifar10,0.9,21,results/logs/cka_strength_sweep/cifar10/strength_1p0/seed_21/splits/cifar10_split_seed21_clients5_alpha0p3_ref500.json,1.0,20,fc1,1,0,0.9963403940200806,0.9962903261184692,500
cka_feddst,cifar10,0.9,21,results/logs/cka_strength_sweep/cifar10/strength_1p0/seed_21/splits/cifar10_split_seed21_clients5_alpha0p3_ref500.json,1.0,20,fc1,1,1,1.0,0.9962903261184692,500
cka_feddst,cifar10,0.9,21,results/logs/cka_strength_sweep/cifar10/strength_1p0/seed_21/splits/cifar10_split_seed21_clients5_alpha0p3_ref500.json,1.0,20,fc1,1,2,0.9965853095054626,0.9962903261184692,500
cka_feddst,cifar10,0.9,21,results/logs/cka_strength_sweep/cifar10/strength_1p0/seed_21/splits/cifar10_split_seed21_clients5_alpha0p3_ref500.json,1.0,20,fc1,1,3,0.9983875155448914,0.9962903261184692,500
cka_feddst,cifar10,0.9,21,results/logs/cka_strength_sweep/cifar10/strength_1p0/seed_21/splits/cifar10_split_seed21_clients5_alpha0p3_ref500.json,1.0,20,fc1,1,4,0.9981321692466736,0.9962903261184692,500
cka_feddst,cifar10,0.9,21,results/logs/cka_strength_sweep/cifar10/strength_1p0/seed_21/splits/cifar10_split_seed21_clients5_alpha0p3_ref500.json,1.0,20,fc1,2,0,0.9900145530700684,0.9962903261184692,500
cka_feddst,cifar10,0.9,21,results/logs/cka_strength_sweep/cifar10/strength_1p0/seed_21/splits/cifar10_split_seed21_clients5_alpha0p3_ref500.json,1.0,20,fc1,2,1,0.9965853095054626,0.9962903261184692,500
cka_feddst,cifar10,0.9,21,results/logs/cka_strength_sweep/cifar10/strength_1p0/seed_21/splits/cifar10_split_seed21_clients5_alpha0p3_ref500.json,1.0,20,fc1,2,2,1.0,0.9962903261184692,500
cka_feddst,cifar10,0.9,21,results/logs/cka_strength_sweep/cifar10/strength_1p0/seed_21/splits/cifar10_split_seed21_clients5_alpha0p3_ref500.json,1.0,20,fc1,2,3,0.9993382096290588,0.9962903261184692,500
cka_feddst,cifar10,0.9,21,results/logs/cka_strength_sweep/cifar10/strength_1p0/seed_21/splits/cifar10_split_seed21_clients5_alpha0p3_ref500.json,1.0,20,fc1,2,4,0.9994210600852966,0.9962903261184692,500
cka_feddst,cifar10,0.9,21,results/logs/cka_strength_sweep/cifar10/strength_1p0/seed_21/splits/cifar10_split_seed21_clients5_alpha0p3_ref500.json,1.0,20,fc1,3,0,0.9933800101280212,0.9962903261184692,500
cka_feddst,cifar10,0.9,21,results/logs/cka_strength_sweep/cifar10/strength_1p0/seed_21/splits/cifar10_split_seed21_clients5_alpha0p3_ref500.json,1.0,20,fc1,3,1,0.9983875155448914,0.9962903261184692,500
cka_feddst,cifar10,0.9,21,results/logs/cka_strength_sweep/cifar10/strength_1p0/seed_21/splits/cifar10_split_seed21_clients5_alpha0p3_ref500.json,1.0,20,fc1,3,2,0.9993382096290588,0.9962903261184692,500
cka_feddst,cifar10,0.9,21,results/logs/cka_strength_sweep/cifar10/strength_1p0/seed_21/splits/cifar10_split_seed21_clients5_alpha0p3_ref500.json,1.0,20,fc1,3,3,1.0,0.9962903261184692,500
cka_feddst,cifar10,0.9,21,results/logs/cka_strength_sweep/cifar10/strength_1p0/seed_21/splits/cifar10_split_seed21_clients5_alpha0p3_ref500.json,1.0,20,fc1,3,4,0.9995151162147522,0.9962903261184692,500
cka_feddst,cifar10,0.9,21,results/logs/cka_strength_sweep/cifar10/strength_1p0/seed_21/splits/cifar10_split_seed21_clients5_alpha0p3_ref500.json,1.0,20,fc1,4,0,0.991788923740387,0.9962903261184692,500
cka_feddst,cifar10,0.9,21,results/logs/cka_strength_sweep/cifar10/strength_1p0/seed_21/splits/cifar10_split_seed21_clients5_alpha0p3_ref500.json,1.0,20,fc1,4,1,0.9981321692466736,0.9962903261184692,500
cka_feddst,cifar10,0.9,21,results/logs/cka_strength_sweep/cifar10/strength_1p0/seed_21/splits/cifar10_split_seed21_clients5_alpha0p3_ref500.json,1.0,20,fc1,4,2,0.9994210600852966,0.9962903261184692,500
cka_feddst,cifar10,0.9,21,results/logs/cka_strength_sweep/cifar10/strength_1p0/seed_21/splits/cifar10_split_seed21_clients5_alpha0p3_ref500.json,1.0,20,fc1,4,3,0.9995151162147522,0.9962903261184692,500
cka_feddst,cifar10,0.9,21,results/logs/cka_strength_sweep/cifar10/strength_1p0/seed_21/splits/cifar10_split_seed21_clients5_alpha0p3_ref500.json,1.0,20,fc1,4,4,1.0,0.9962903261184692,500
