/home/users/dsen/.local/lib/python3.11/site-packages/torch/cuda/__init__.py:371: UserWarning: Found GPU0 Tesla V100-SXM2-16GB which is of compute capability (CC) 7.0.
The following list shows the CCs this version of PyTorch was built for and the hardware CCs it supports:
- 7.5 which supports hardware CC >=7.5,<8.0
- 8.0 which supports hardware CC >=8.0,<9.0 except {8.7}
- 8.6 which supports hardware CC >=8.6,<9.0 except {8.7}
- 9.0 which supports hardware CC >=9.0,<10.0
- 10.0 which supports hardware CC >=10.0,<11.0 except {10.1}
- 12.0 which supports hardware CC >=12.0,<13.0
Please follow the instructions at https://pytorch.org/get-started/locally/ to install a PyTorch release that supports one of these CUDA versions: 12.6, 12.8
  _warn_unsupported_code(d, device_cc, code_ccs)
/mnt/aiongpfs/users/dsen/micromamba/envs/cka-cifar/lib/python3.11/site-packages/torchvision/datasets/cifar.py:83: VisibleDeprecationWarning: dtype(): align should be passed as Python or NumPy boolean but got `align=0`. Did you mean to pass a tuple to create a subarray type? (Deprecated NumPy 2.4)
  entry = pickle.load(f, encoding="latin1")
/home/users/dsen/.local/lib/python3.11/site-packages/torch/cuda/__init__.py:371: UserWarning: Found GPU0 Tesla V100-SXM2-16GB which is of compute capability (CC) 7.0.
The following list shows the CCs this version of PyTorch was built for and the hardware CCs it supports:
- 7.5 which supports hardware CC >=7.5,<8.0
- 8.0 which supports hardware CC >=8.0,<9.0 except {8.7}
- 8.6 which supports hardware CC >=8.6,<9.0 except {8.7}
- 9.0 which supports hardware CC >=9.0,<10.0
- 10.0 which supports hardware CC >=10.0,<11.0 except {10.1}
- 12.0 which supports hardware CC >=12.0,<13.0
Please follow the instructions at https://pytorch.org/get-started/locally/ to install a PyTorch release that supports one of these CUDA versions: 12.6, 12.8
  _warn_unsupported_code(d, device_cc, code_ccs)
Traceback (most recent call last):
  File "<frozen runpy>", line 198, in _run_module_as_main
  File "<frozen runpy>", line 88, in _run_code
  File "/mnt/aiongpfs/users/dsen/cka-fed-dynamic-sparsity/src/train.py", line 386, in <module>
    main()
  File "/mnt/aiongpfs/users/dsen/cka-fed-dynamic-sparsity/src/train.py", line 376, in main
    history = run_experiment(config, paths)
              ^^^^^^^^^^^^^^^^^^^^^^^^^^^^^
  File "/mnt/aiongpfs/users/dsen/cka-fed-dynamic-sparsity/src/train.py", line 289, in run_experiment
    history = run_cka_feddst(
              ^^^^^^^^^^^^^^^
  File "/mnt/aiongpfs/users/dsen/cka-fed-dynamic-sparsity/src/federated.py", line 485, in run_cka_feddst
    apply_masks(global_model, masks)
  File "/mnt/aiongpfs/users/dsen/cka-fed-dynamic-sparsity/src/sparsity.py", line 73, in apply_masks
    param.mul_(masks[name].to(device=param.device, dtype=param.dtype))
torch.AcceleratorError: CUDA error: no kernel image is available for execution on the device
Search for `cudaErrorNoKernelImageForDevice' in https://docs.nvidia.com/cuda/cuda-runtime-api/group__CUDART__TYPES.html for more information.
CUDA kernel errors might be asynchronously reported at some other API call, so the stacktrace below might be incorrect.
For debugging consider passing CUDA_LAUNCH_BLOCKING=1
Compile with `TORCH_USE_CUDA_DSA` to enable device-side assertions.


FAILED COMMAND: /mnt/aiongpfs/users/dsen/micromamba/envs/cka-cifar/bin/python -m src.train --global-config configs/global_cifar10.yaml --config configs/cka_feddst_mnist.yaml --seed 42 --sparsity 0.5 --cka-strength 0.2 --log-dir results/logs/cka_strength_sweep/cifar10_cka_strength_20260724_145851/strength_0p2/seed_42 --checkpoint-dir results/checkpoints/cka_strength_sweep/cifar10_cka_strength_20260724_145851/strength_0p2/seed_42 --plot-dir results/plots/cka_strength_sweep/cifar10_cka_strength_20260724_145851
Exit code: 1
/mnt/aiongpfs/users/dsen/micromamba/envs/cka-cifar/lib/python3.11/site-packages/torchvision/datasets/cifar.py:83: VisibleDeprecationWarning: dtype(): align should be passed as Python or NumPy boolean but got `align=0`. Did you mean to pass a tuple to create a subarray type? (Deprecated NumPy 2.4)
  entry = pickle.load(f, encoding="latin1")
/home/users/dsen/.local/lib/python3.11/site-packages/torch/cuda/__init__.py:371: UserWarning: Found GPU0 Tesla V100-SXM2-16GB which is of compute capability (CC) 7.0.
The following list shows the CCs this version of PyTorch was built for and the hardware CCs it supports:
- 7.5 which supports hardware CC >=7.5,<8.0
- 8.0 which supports hardware CC >=8.0,<9.0 except {8.7}
- 8.6 which supports hardware CC >=8.6,<9.0 except {8.7}
- 9.0 which supports hardware CC >=9.0,<10.0
- 10.0 which supports hardware CC >=10.0,<11.0 except {10.1}
- 12.0 which supports hardware CC >=12.0,<13.0
Please follow the instructions at https://pytorch.org/get-started/locally/ to install a PyTorch release that supports one of these CUDA versions: 12.6, 12.8
  _warn_unsupported_code(d, device_cc, code_ccs)
Traceback (most recent call last):
  File "<frozen runpy>", line 198, in _run_module_as_main
  File "<frozen runpy>", line 88, in _run_code
  File "/mnt/aiongpfs/users/dsen/cka-fed-dynamic-sparsity/src/train.py", line 386, in <module>
    main()
  File "/mnt/aiongpfs/users/dsen/cka-fed-dynamic-sparsity/src/train.py", line 376, in main
    history = run_experiment(config, paths)
              ^^^^^^^^^^^^^^^^^^^^^^^^^^^^^
  File "/mnt/aiongpfs/users/dsen/cka-fed-dynamic-sparsity/src/train.py", line 289, in run_experiment
    history = run_cka_feddst(
              ^^^^^^^^^^^^^^^
  File "/mnt/aiongpfs/users/dsen/cka-fed-dynamic-sparsity/src/federated.py", line 485, in run_cka_feddst
    apply_masks(global_model, masks)
  File "/mnt/aiongpfs/users/dsen/cka-fed-dynamic-sparsity/src/sparsity.py", line 73, in apply_masks
    param.mul_(masks[name].to(device=param.device, dtype=param.dtype))
torch.AcceleratorError: CUDA error: no kernel image is available for execution on the device
Search for `cudaErrorNoKernelImageForDevice' in https://docs.nvidia.com/cuda/cuda-runtime-api/group__CUDART__TYPES.html for more information.
CUDA kernel errors might be asynchronously reported at some other API call, so the stacktrace below might be incorrect.
For debugging consider passing CUDA_LAUNCH_BLOCKING=1
Compile with `TORCH_USE_CUDA_DSA` to enable device-side assertions.


FAILED COMMAND: /mnt/aiongpfs/users/dsen/micromamba/envs/cka-cifar/bin/python -m src.train --global-config configs/global_cifar10.yaml --config configs/cka_feddst_mnist.yaml --seed 42 --sparsity 0.7 --cka-strength 0.2 --log-dir results/logs/cka_strength_sweep/cifar10_cka_strength_20260724_145851/strength_0p2/seed_42 --checkpoint-dir results/checkpoints/cka_strength_sweep/cifar10_cka_strength_20260724_145851/strength_0p2/seed_42 --plot-dir results/plots/cka_strength_sweep/cifar10_cka_strength_20260724_145851
Exit code: 1
/mnt/aiongpfs/users/dsen/micromamba/envs/cka-cifar/lib/python3.11/site-packages/torchvision/datasets/cifar.py:83: VisibleDeprecationWarning: dtype(): align should be passed as Python or NumPy boolean but got `align=0`. Did you mean to pass a tuple to create a subarray type? (Deprecated NumPy 2.4)
  entry = pickle.load(f, encoding="latin1")
/home/users/dsen/.local/lib/python3.11/site-packages/torch/cuda/__init__.py:371: UserWarning: Found GPU0 Tesla V100-SXM2-16GB which is of compute capability (CC) 7.0.
The following list shows the CCs this version of PyTorch was built for and the hardware CCs it supports:
- 7.5 which supports hardware CC >=7.5,<8.0
- 8.0 which supports hardware CC >=8.0,<9.0 except {8.7}
- 8.6 which supports hardware CC >=8.6,<9.0 except {8.7}
- 9.0 which supports hardware CC >=9.0,<10.0
- 10.0 which supports hardware CC >=10.0,<11.0 except {10.1}
- 12.0 which supports hardware CC >=12.0,<13.0
Please follow the instructions at https://pytorch.org/get-started/locally/ to install a PyTorch release that supports one of these CUDA versions: 12.6, 12.8
  _warn_unsupported_code(d, device_cc, code_ccs)
Traceback (most recent call last):
  File "<frozen runpy>", line 198, in _run_module_as_main
  File "<frozen runpy>", line 88, in _run_code
  File "/mnt/aiongpfs/users/dsen/cka-fed-dynamic-sparsity/src/train.py", line 386, in <module>
    main()
  File "/mnt/aiongpfs/users/dsen/cka-fed-dynamic-sparsity/src/train.py", line 376, in main
    history = run_experiment(config, paths)
              ^^^^^^^^^^^^^^^^^^^^^^^^^^^^^
  File "/mnt/aiongpfs/users/dsen/cka-fed-dynamic-sparsity/src/train.py", line 289, in run_experiment
    history = run_cka_feddst(
              ^^^^^^^^^^^^^^^
  File "/mnt/aiongpfs/users/dsen/cka-fed-dynamic-sparsity/src/federated.py", line 485, in run_cka_feddst
    apply_masks(global_model, masks)
  File "/mnt/aiongpfs/users/dsen/cka-fed-dynamic-sparsity/src/sparsity.py", line 73, in apply_masks
    param.mul_(masks[name].to(device=param.device, dtype=param.dtype))
torch.AcceleratorError: CUDA error: no kernel image is available for execution on the device
Search for `cudaErrorNoKernelImageForDevice' in https://docs.nvidia.com/cuda/cuda-runtime-api/group__CUDART__TYPES.html for more information.
CUDA kernel errors might be asynchronously reported at some other API call, so the stacktrace below might be incorrect.
For debugging consider passing CUDA_LAUNCH_BLOCKING=1
Compile with `TORCH_USE_CUDA_DSA` to enable device-side assertions.


FAILED COMMAND: /mnt/aiongpfs/users/dsen/micromamba/envs/cka-cifar/bin/python -m src.train --global-config configs/global_cifar10.yaml --config configs/cka_feddst_mnist.yaml --seed 42 --sparsity 0.8 --cka-strength 0.2 --log-dir results/logs/cka_strength_sweep/cifar10_cka_strength_20260724_145851/strength_0p2/seed_42 --checkpoint-dir results/checkpoints/cka_strength_sweep/cifar10_cka_strength_20260724_145851/strength_0p2/seed_42 --plot-dir results/plots/cka_strength_sweep/cifar10_cka_strength_20260724_145851
Exit code: 1
/mnt/aiongpfs/users/dsen/micromamba/envs/cka-cifar/lib/python3.11/site-packages/torchvision/datasets/cifar.py:83: VisibleDeprecationWarning: dtype(): align should be passed as Python or NumPy boolean but got `align=0`. Did you mean to pass a tuple to create a subarray type? (Deprecated NumPy 2.4)
  entry = pickle.load(f, encoding="latin1")
/home/users/dsen/.local/lib/python3.11/site-packages/torch/cuda/__init__.py:371: UserWarning: Found GPU0 Tesla V100-SXM2-16GB which is of compute capability (CC) 7.0.
The following list shows the CCs this version of PyTorch was built for and the hardware CCs it supports:
- 7.5 which supports hardware CC >=7.5,<8.0
- 8.0 which supports hardware CC >=8.0,<9.0 except {8.7}
- 8.6 which supports hardware CC >=8.6,<9.0 except {8.7}
- 9.0 which supports hardware CC >=9.0,<10.0
- 10.0 which supports hardware CC >=10.0,<11.0 except {10.1}
- 12.0 which supports hardware CC >=12.0,<13.0
Please follow the instructions at https://pytorch.org/get-started/locally/ to install a PyTorch release that supports one of these CUDA versions: 12.6, 12.8
  _warn_unsupported_code(d, device_cc, code_ccs)
Traceback (most recent call last):
  File "<frozen runpy>", line 198, in _run_module_as_main
  File "<frozen runpy>", line 88, in _run_code
  File "/mnt/aiongpfs/users/dsen/cka-fed-dynamic-sparsity/src/train.py", line 386, in <module>
    main()
  File "/mnt/aiongpfs/users/dsen/cka-fed-dynamic-sparsity/src/train.py", line 376, in main
    history = run_experiment(config, paths)
              ^^^^^^^^^^^^^^^^^^^^^^^^^^^^^
  File "/mnt/aiongpfs/users/dsen/cka-fed-dynamic-sparsity/src/train.py", line 289, in run_experiment
    history = run_cka_feddst(
              ^^^^^^^^^^^^^^^
  File "/mnt/aiongpfs/users/dsen/cka-fed-dynamic-sparsity/src/federated.py", line 485, in run_cka_feddst
    apply_masks(global_model, masks)
  File "/mnt/aiongpfs/users/dsen/cka-fed-dynamic-sparsity/src/sparsity.py", line 73, in apply_masks
    param.mul_(masks[name].to(device=param.device, dtype=param.dtype))
torch.AcceleratorError: CUDA error: no kernel image is available for execution on the device
Search for `cudaErrorNoKernelImageForDevice' in https://docs.nvidia.com/cuda/cuda-runtime-api/group__CUDART__TYPES.html for more information.
CUDA kernel errors might be asynchronously reported at some other API call, so the stacktrace below might be incorrect.
For debugging consider passing CUDA_LAUNCH_BLOCKING=1
Compile with `TORCH_USE_CUDA_DSA` to enable device-side assertions.


FAILED COMMAND: /mnt/aiongpfs/users/dsen/micromamba/envs/cka-cifar/bin/python -m src.train --global-config configs/global_cifar10.yaml --config configs/cka_feddst_mnist.yaml --seed 42 --sparsity 0.9 --cka-strength 0.2 --log-dir results/logs/cka_strength_sweep/cifar10_cka_strength_20260724_145851/strength_0p2/seed_42 --checkpoint-dir results/checkpoints/cka_strength_sweep/cifar10_cka_strength_20260724_145851/strength_0p2/seed_42 --plot-dir results/plots/cka_strength_sweep/cifar10_cka_strength_20260724_145851
Exit code: 1
/mnt/aiongpfs/users/dsen/micromamba/envs/cka-cifar/lib/python3.11/site-packages/torchvision/datasets/cifar.py:83: VisibleDeprecationWarning: dtype(): align should be passed as Python or NumPy boolean but got `align=0`. Did you mean to pass a tuple to create a subarray type? (Deprecated NumPy 2.4)
  entry = pickle.load(f, encoding="latin1")
/home/users/dsen/.local/lib/python3.11/site-packages/torch/cuda/__init__.py:371: UserWarning: Found GPU0 Tesla V100-SXM2-16GB which is of compute capability (CC) 7.0.
The following list shows the CCs this version of PyTorch was built for and the hardware CCs it supports:
- 7.5 which supports hardware CC >=7.5,<8.0
- 8.0 which supports hardware CC >=8.0,<9.0 except {8.7}
- 8.6 which supports hardware CC >=8.6,<9.0 except {8.7}
- 9.0 which supports hardware CC >=9.0,<10.0
- 10.0 which supports hardware CC >=10.0,<11.0 except {10.1}
- 12.0 which supports hardware CC >=12.0,<13.0
Please follow the instructions at https://pytorch.org/get-started/locally/ to install a PyTorch release that supports one of these CUDA versions: 12.6, 12.8
  _warn_unsupported_code(d, device_cc, code_ccs)
Traceback (most recent call last):
  File "<frozen runpy>", line 198, in _run_module_as_main
  File "<frozen runpy>", line 88, in _run_code
  File "/mnt/aiongpfs/users/dsen/cka-fed-dynamic-sparsity/src/train.py", line 386, in <module>
    main()
  File "/mnt/aiongpfs/users/dsen/cka-fed-dynamic-sparsity/src/train.py", line 376, in main
    history = run_experiment(config, paths)
              ^^^^^^^^^^^^^^^^^^^^^^^^^^^^^
  File "/mnt/aiongpfs/users/dsen/cka-fed-dynamic-sparsity/src/train.py", line 289, in run_experiment
    history = run_cka_feddst(
              ^^^^^^^^^^^^^^^
  File "/mnt/aiongpfs/users/dsen/cka-fed-dynamic-sparsity/src/federated.py", line 485, in run_cka_feddst
    apply_masks(global_model, masks)
  File "/mnt/aiongpfs/users/dsen/cka-fed-dynamic-sparsity/src/sparsity.py", line 73, in apply_masks
    param.mul_(masks[name].to(device=param.device, dtype=param.dtype))
torch.AcceleratorError: CUDA error: no kernel image is available for execution on the device
Search for `cudaErrorNoKernelImageForDevice' in https://docs.nvidia.com/cuda/cuda-runtime-api/group__CUDART__TYPES.html for more information.
CUDA kernel errors might be asynchronously reported at some other API call, so the stacktrace below might be incorrect.
For debugging consider passing CUDA_LAUNCH_BLOCKING=1
Compile with `TORCH_USE_CUDA_DSA` to enable device-side assertions.


FAILED COMMAND: /mnt/aiongpfs/users/dsen/micromamba/envs/cka-cifar/bin/python -m src.train --global-config configs/global_cifar10.yaml --config configs/cka_feddst_mnist.yaml --seed 42 --sparsity 0.95 --cka-strength 0.2 --log-dir results/logs/cka_strength_sweep/cifar10_cka_strength_20260724_145851/strength_0p2/seed_42 --checkpoint-dir results/checkpoints/cka_strength_sweep/cifar10_cka_strength_20260724_145851/strength_0p2/seed_42 --plot-dir results/plots/cka_strength_sweep/cifar10_cka_strength_20260724_145851
Exit code: 1
/mnt/aiongpfs/users/dsen/micromamba/envs/cka-cifar/lib/python3.11/site-packages/torchvision/datasets/cifar.py:83: VisibleDeprecationWarning: dtype(): align should be passed as Python or NumPy boolean but got `align=0`. Did you mean to pass a tuple to create a subarray type? (Deprecated NumPy 2.4)
  entry = pickle.load(f, encoding="latin1")
/home/users/dsen/.local/lib/python3.11/site-packages/torch/cuda/__init__.py:371: UserWarning: Found GPU0 Tesla V100-SXM2-16GB which is of compute capability (CC) 7.0.
The following list shows the CCs this version of PyTorch was built for and the hardware CCs it supports:
- 7.5 which supports hardware CC >=7.5,<8.0
- 8.0 which supports hardware CC >=8.0,<9.0 except {8.7}
- 8.6 which supports hardware CC >=8.6,<9.0 except {8.7}
- 9.0 which supports hardware CC >=9.0,<10.0
- 10.0 which supports hardware CC >=10.0,<11.0 except {10.1}
- 12.0 which supports hardware CC >=12.0,<13.0
Please follow the instructions at https://pytorch.org/get-started/locally/ to install a PyTorch release that supports one of these CUDA versions: 12.6, 12.8
  _warn_unsupported_code(d, device_cc, code_ccs)
Traceback (most recent call last):
  File "<frozen runpy>", line 198, in _run_module_as_main
  File "<frozen runpy>", line 88, in _run_code
  File "/mnt/aiongpfs/users/dsen/cka-fed-dynamic-sparsity/src/train.py", line 386, in <module>
    main()
  File "/mnt/aiongpfs/users/dsen/cka-fed-dynamic-sparsity/src/train.py", line 376, in main
    history = run_experiment(config, paths)
              ^^^^^^^^^^^^^^^^^^^^^^^^^^^^^
  File "/mnt/aiongpfs/users/dsen/cka-fed-dynamic-sparsity/src/train.py", line 289, in run_experiment
    history = run_cka_feddst(
              ^^^^^^^^^^^^^^^
  File "/mnt/aiongpfs/users/dsen/cka-fed-dynamic-sparsity/src/federated.py", line 485, in run_cka_feddst
    apply_masks(global_model, masks)
  File "/mnt/aiongpfs/users/dsen/cka-fed-dynamic-sparsity/src/sparsity.py", line 73, in apply_masks
    param.mul_(masks[name].to(device=param.device, dtype=param.dtype))
torch.AcceleratorError: CUDA error: no kernel image is available for execution on the device
Search for `cudaErrorNoKernelImageForDevice' in https://docs.nvidia.com/cuda/cuda-runtime-api/group__CUDART__TYPES.html for more information.
CUDA kernel errors might be asynchronously reported at some other API call, so the stacktrace below might be incorrect.
For debugging consider passing CUDA_LAUNCH_BLOCKING=1
Compile with `TORCH_USE_CUDA_DSA` to enable device-side assertions.


FAILED COMMAND: /mnt/aiongpfs/users/dsen/micromamba/envs/cka-cifar/bin/python -m src.train --global-config configs/global_cifar10.yaml --config configs/cka_feddst_mnist.yaml --seed 7 --sparsity 0.5 --cka-strength 0.2 --log-dir results/logs/cka_strength_sweep/cifar10_cka_strength_20260724_145851/strength_0p2/seed_7 --checkpoint-dir results/checkpoints/cka_strength_sweep/cifar10_cka_strength_20260724_145851/strength_0p2/seed_7 --plot-dir results/plots/cka_strength_sweep/cifar10_cka_strength_20260724_145851
Exit code: 1
/mnt/aiongpfs/users/dsen/micromamba/envs/cka-cifar/lib/python3.11/site-packages/torchvision/datasets/cifar.py:83: VisibleDeprecationWarning: dtype(): align should be passed as Python or NumPy boolean but got `align=0`. Did you mean to pass a tuple to create a subarray type? (Deprecated NumPy 2.4)
  entry = pickle.load(f, encoding="latin1")
/home/users/dsen/.local/lib/python3.11/site-packages/torch/cuda/__init__.py:371: UserWarning: Found GPU0 Tesla V100-SXM2-16GB which is of compute capability (CC) 7.0.
The following list shows the CCs this version of PyTorch was built for and the hardware CCs it supports:
- 7.5 which supports hardware CC >=7.5,<8.0
- 8.0 which supports hardware CC >=8.0,<9.0 except {8.7}
- 8.6 which supports hardware CC >=8.6,<9.0 except {8.7}
- 9.0 which supports hardware CC >=9.0,<10.0
- 10.0 which supports hardware CC >=10.0,<11.0 except {10.1}
- 12.0 which supports hardware CC >=12.0,<13.0
Please follow the instructions at https://pytorch.org/get-started/locally/ to install a PyTorch release that supports one of these CUDA versions: 12.6, 12.8
  _warn_unsupported_code(d, device_cc, code_ccs)
Traceback (most recent call last):
  File "<frozen runpy>", line 198, in _run_module_as_main
  File "<frozen runpy>", line 88, in _run_code
  File "/mnt/aiongpfs/users/dsen/cka-fed-dynamic-sparsity/src/train.py", line 386, in <module>
    main()
  File "/mnt/aiongpfs/users/dsen/cka-fed-dynamic-sparsity/src/train.py", line 376, in main
    history = run_experiment(config, paths)
              ^^^^^^^^^^^^^^^^^^^^^^^^^^^^^
  File "/mnt/aiongpfs/users/dsen/cka-fed-dynamic-sparsity/src/train.py", line 289, in run_experiment
    history = run_cka_feddst(
              ^^^^^^^^^^^^^^^
  File "/mnt/aiongpfs/users/dsen/cka-fed-dynamic-sparsity/src/federated.py", line 485, in run_cka_feddst
    apply_masks(global_model, masks)
  File "/mnt/aiongpfs/users/dsen/cka-fed-dynamic-sparsity/src/sparsity.py", line 73, in apply_masks
    param.mul_(masks[name].to(device=param.device, dtype=param.dtype))
torch.AcceleratorError: CUDA error: no kernel image is available for execution on the device
Search for `cudaErrorNoKernelImageForDevice' in https://docs.nvidia.com/cuda/cuda-runtime-api/group__CUDART__TYPES.html for more information.
CUDA kernel errors might be asynchronously reported at some other API call, so the stacktrace below might be incorrect.
For debugging consider passing CUDA_LAUNCH_BLOCKING=1
Compile with `TORCH_USE_CUDA_DSA` to enable device-side assertions.


FAILED COMMAND: /mnt/aiongpfs/users/dsen/micromamba/envs/cka-cifar/bin/python -m src.train --global-config configs/global_cifar10.yaml --config configs/cka_feddst_mnist.yaml --seed 7 --sparsity 0.7 --cka-strength 0.2 --log-dir results/logs/cka_strength_sweep/cifar10_cka_strength_20260724_145851/strength_0p2/seed_7 --checkpoint-dir results/checkpoints/cka_strength_sweep/cifar10_cka_strength_20260724_145851/strength_0p2/seed_7 --plot-dir results/plots/cka_strength_sweep/cifar10_cka_strength_20260724_145851
Exit code: 1
/mnt/aiongpfs/users/dsen/micromamba/envs/cka-cifar/lib/python3.11/site-packages/torchvision/datasets/cifar.py:83: VisibleDeprecationWarning: dtype(): align should be passed as Python or NumPy boolean but got `align=0`. Did you mean to pass a tuple to create a subarray type? (Deprecated NumPy 2.4)
  entry = pickle.load(f, encoding="latin1")
/home/users/dsen/.local/lib/python3.11/site-packages/torch/cuda/__init__.py:371: UserWarning: Found GPU0 Tesla V100-SXM2-16GB which is of compute capability (CC) 7.0.
The following list shows the CCs this version of PyTorch was built for and the hardware CCs it supports:
- 7.5 which supports hardware CC >=7.5,<8.0
- 8.0 which supports hardware CC >=8.0,<9.0 except {8.7}
- 8.6 which supports hardware CC >=8.6,<9.0 except {8.7}
- 9.0 which supports hardware CC >=9.0,<10.0
- 10.0 which supports hardware CC >=10.0,<11.0 except {10.1}
- 12.0 which supports hardware CC >=12.0,<13.0
Please follow the instructions at https://pytorch.org/get-started/locally/ to install a PyTorch release that supports one of these CUDA versions: 12.6, 12.8
  _warn_unsupported_code(d, device_cc, code_ccs)
Traceback (most recent call last):
  File "<frozen runpy>", line 198, in _run_module_as_main
  File "<frozen runpy>", line 88, in _run_code
  File "/mnt/aiongpfs/users/dsen/cka-fed-dynamic-sparsity/src/train.py", line 386, in <module>
    main()
  File "/mnt/aiongpfs/users/dsen/cka-fed-dynamic-sparsity/src/train.py", line 376, in main
    history = run_experiment(config, paths)
              ^^^^^^^^^^^^^^^^^^^^^^^^^^^^^
  File "/mnt/aiongpfs/users/dsen/cka-fed-dynamic-sparsity/src/train.py", line 289, in run_experiment
    history = run_cka_feddst(
              ^^^^^^^^^^^^^^^
  File "/mnt/aiongpfs/users/dsen/cka-fed-dynamic-sparsity/src/federated.py", line 485, in run_cka_feddst
    apply_masks(global_model, masks)
  File "/mnt/aiongpfs/users/dsen/cka-fed-dynamic-sparsity/src/sparsity.py", line 73, in apply_masks
    param.mul_(masks[name].to(device=param.device, dtype=param.dtype))
torch.AcceleratorError: CUDA error: no kernel image is available for execution on the device
Search for `cudaErrorNoKernelImageForDevice' in https://docs.nvidia.com/cuda/cuda-runtime-api/group__CUDART__TYPES.html for more information.
CUDA kernel errors might be asynchronously reported at some other API call, so the stacktrace below might be incorrect.
For debugging consider passing CUDA_LAUNCH_BLOCKING=1
Compile with `TORCH_USE_CUDA_DSA` to enable device-side assertions.


FAILED COMMAND: /mnt/aiongpfs/users/dsen/micromamba/envs/cka-cifar/bin/python -m src.train --global-config configs/global_cifar10.yaml --config configs/cka_feddst_mnist.yaml --seed 7 --sparsity 0.8 --cka-strength 0.2 --log-dir results/logs/cka_strength_sweep/cifar10_cka_strength_20260724_145851/strength_0p2/seed_7 --checkpoint-dir results/checkpoints/cka_strength_sweep/cifar10_cka_strength_20260724_145851/strength_0p2/seed_7 --plot-dir results/plots/cka_strength_sweep/cifar10_cka_strength_20260724_145851
Exit code: 1
/mnt/aiongpfs/users/dsen/micromamba/envs/cka-cifar/lib/python3.11/site-packages/torchvision/datasets/cifar.py:83: VisibleDeprecationWarning: dtype(): align should be passed as Python or NumPy boolean but got `align=0`. Did you mean to pass a tuple to create a subarray type? (Deprecated NumPy 2.4)
  entry = pickle.load(f, encoding="latin1")
/home/users/dsen/.local/lib/python3.11/site-packages/torch/cuda/__init__.py:371: UserWarning: Found GPU0 Tesla V100-SXM2-16GB which is of compute capability (CC) 7.0.
The following list shows the CCs this version of PyTorch was built for and the hardware CCs it supports:
- 7.5 which supports hardware CC >=7.5,<8.0
- 8.0 which supports hardware CC >=8.0,<9.0 except {8.7}
- 8.6 which supports hardware CC >=8.6,<9.0 except {8.7}
- 9.0 which supports hardware CC >=9.0,<10.0
- 10.0 which supports hardware CC >=10.0,<11.0 except {10.1}
- 12.0 which supports hardware CC >=12.0,<13.0
Please follow the instructions at https://pytorch.org/get-started/locally/ to install a PyTorch release that supports one of these CUDA versions: 12.6, 12.8
  _warn_unsupported_code(d, device_cc, code_ccs)
Traceback (most recent call last):
  File "<frozen runpy>", line 198, in _run_module_as_main
  File "<frozen runpy>", line 88, in _run_code
  File "/mnt/aiongpfs/users/dsen/cka-fed-dynamic-sparsity/src/train.py", line 386, in <module>
    main()
  File "/mnt/aiongpfs/users/dsen/cka-fed-dynamic-sparsity/src/train.py", line 376, in main
    history = run_experiment(config, paths)
              ^^^^^^^^^^^^^^^^^^^^^^^^^^^^^
  File "/mnt/aiongpfs/users/dsen/cka-fed-dynamic-sparsity/src/train.py", line 289, in run_experiment
    history = run_cka_feddst(
              ^^^^^^^^^^^^^^^
  File "/mnt/aiongpfs/users/dsen/cka-fed-dynamic-sparsity/src/federated.py", line 485, in run_cka_feddst
    apply_masks(global_model, masks)
  File "/mnt/aiongpfs/users/dsen/cka-fed-dynamic-sparsity/src/sparsity.py", line 73, in apply_masks
    param.mul_(masks[name].to(device=param.device, dtype=param.dtype))
torch.AcceleratorError: CUDA error: no kernel image is available for execution on the device
Search for `cudaErrorNoKernelImageForDevice' in https://docs.nvidia.com/cuda/cuda-runtime-api/group__CUDART__TYPES.html for more information.
CUDA kernel errors might be asynchronously reported at some other API call, so the stacktrace below might be incorrect.
For debugging consider passing CUDA_LAUNCH_BLOCKING=1
Compile with `TORCH_USE_CUDA_DSA` to enable device-side assertions.


FAILED COMMAND: /mnt/aiongpfs/users/dsen/micromamba/envs/cka-cifar/bin/python -m src.train --global-config configs/global_cifar10.yaml --config configs/cka_feddst_mnist.yaml --seed 7 --sparsity 0.9 --cka-strength 0.2 --log-dir results/logs/cka_strength_sweep/cifar10_cka_strength_20260724_145851/strength_0p2/seed_7 --checkpoint-dir results/checkpoints/cka_strength_sweep/cifar10_cka_strength_20260724_145851/strength_0p2/seed_7 --plot-dir results/plots/cka_strength_sweep/cifar10_cka_strength_20260724_145851
Exit code: 1
/mnt/aiongpfs/users/dsen/micromamba/envs/cka-cifar/lib/python3.11/site-packages/torchvision/datasets/cifar.py:83: VisibleDeprecationWarning: dtype(): align should be passed as Python or NumPy boolean but got `align=0`. Did you mean to pass a tuple to create a subarray type? (Deprecated NumPy 2.4)
  entry = pickle.load(f, encoding="latin1")
/home/users/dsen/.local/lib/python3.11/site-packages/torch/cuda/__init__.py:371: UserWarning: Found GPU0 Tesla V100-SXM2-16GB which is of compute capability (CC) 7.0.
The following list shows the CCs this version of PyTorch was built for and the hardware CCs it supports:
- 7.5 which supports hardware CC >=7.5,<8.0
- 8.0 which supports hardware CC >=8.0,<9.0 except {8.7}
- 8.6 which supports hardware CC >=8.6,<9.0 except {8.7}
- 9.0 which supports hardware CC >=9.0,<10.0
- 10.0 which supports hardware CC >=10.0,<11.0 except {10.1}
- 12.0 which supports hardware CC >=12.0,<13.0
Please follow the instructions at https://pytorch.org/get-started/locally/ to install a PyTorch release that supports one of these CUDA versions: 12.6, 12.8
  _warn_unsupported_code(d, device_cc, code_ccs)
Traceback (most recent call last):
  File "<frozen runpy>", line 198, in _run_module_as_main
  File "<frozen runpy>", line 88, in _run_code
  File "/mnt/aiongpfs/users/dsen/cka-fed-dynamic-sparsity/src/train.py", line 386, in <module>
    main()
  File "/mnt/aiongpfs/users/dsen/cka-fed-dynamic-sparsity/src/train.py", line 376, in main
    history = run_experiment(config, paths)
              ^^^^^^^^^^^^^^^^^^^^^^^^^^^^^
  File "/mnt/aiongpfs/users/dsen/cka-fed-dynamic-sparsity/src/train.py", line 289, in run_experiment
    history = run_cka_feddst(
              ^^^^^^^^^^^^^^^
  File "/mnt/aiongpfs/users/dsen/cka-fed-dynamic-sparsity/src/federated.py", line 485, in run_cka_feddst
    apply_masks(global_model, masks)
  File "/mnt/aiongpfs/users/dsen/cka-fed-dynamic-sparsity/src/sparsity.py", line 73, in apply_masks
    param.mul_(masks[name].to(device=param.device, dtype=param.dtype))
torch.AcceleratorError: CUDA error: no kernel image is available for execution on the device
Search for `cudaErrorNoKernelImageForDevice' in https://docs.nvidia.com/cuda/cuda-runtime-api/group__CUDART__TYPES.html for more information.
CUDA kernel errors might be asynchronously reported at some other API call, so the stacktrace below might be incorrect.
For debugging consider passing CUDA_LAUNCH_BLOCKING=1
Compile with `TORCH_USE_CUDA_DSA` to enable device-side assertions.


FAILED COMMAND: /mnt/aiongpfs/users/dsen/micromamba/envs/cka-cifar/bin/python -m src.train --global-config configs/global_cifar10.yaml --config configs/cka_feddst_mnist.yaml --seed 7 --sparsity 0.95 --cka-strength 0.2 --log-dir results/logs/cka_strength_sweep/cifar10_cka_strength_20260724_145851/strength_0p2/seed_7 --checkpoint-dir results/checkpoints/cka_strength_sweep/cifar10_cka_strength_20260724_145851/strength_0p2/seed_7 --plot-dir results/plots/cka_strength_sweep/cifar10_cka_strength_20260724_145851
Exit code: 1
/mnt/aiongpfs/users/dsen/micromamba/envs/cka-cifar/lib/python3.11/site-packages/torchvision/datasets/cifar.py:83: VisibleDeprecationWarning: dtype(): align should be passed as Python or NumPy boolean but got `align=0`. Did you mean to pass a tuple to create a subarray type? (Deprecated NumPy 2.4)
  entry = pickle.load(f, encoding="latin1")
/home/users/dsen/.local/lib/python3.11/site-packages/torch/cuda/__init__.py:371: UserWarning: Found GPU0 Tesla V100-SXM2-16GB which is of compute capability (CC) 7.0.
The following list shows the CCs this version of PyTorch was built for and the hardware CCs it supports:
- 7.5 which supports hardware CC >=7.5,<8.0
- 8.0 which supports hardware CC >=8.0,<9.0 except {8.7}
- 8.6 which supports hardware CC >=8.6,<9.0 except {8.7}
- 9.0 which supports hardware CC >=9.0,<10.0
- 10.0 which supports hardware CC >=10.0,<11.0 except {10.1}
- 12.0 which supports hardware CC >=12.0,<13.0
Please follow the instructions at https://pytorch.org/get-started/locally/ to install a PyTorch release that supports one of these CUDA versions: 12.6, 12.8
  _warn_unsupported_code(d, device_cc, code_ccs)
Traceback (most recent call last):
  File "<frozen runpy>", line 198, in _run_module_as_main
  File "<frozen runpy>", line 88, in _run_code
  File "/mnt/aiongpfs/users/dsen/cka-fed-dynamic-sparsity/src/train.py", line 386, in <module>
    main()
  File "/mnt/aiongpfs/users/dsen/cka-fed-dynamic-sparsity/src/train.py", line 376, in main
    history = run_experiment(config, paths)
              ^^^^^^^^^^^^^^^^^^^^^^^^^^^^^
  File "/mnt/aiongpfs/users/dsen/cka-fed-dynamic-sparsity/src/train.py", line 289, in run_experiment
    history = run_cka_feddst(
              ^^^^^^^^^^^^^^^
  File "/mnt/aiongpfs/users/dsen/cka-fed-dynamic-sparsity/src/federated.py", line 485, in run_cka_feddst
    apply_masks(global_model, masks)
  File "/mnt/aiongpfs/users/dsen/cka-fed-dynamic-sparsity/src/sparsity.py", line 73, in apply_masks
    param.mul_(masks[name].to(device=param.device, dtype=param.dtype))
torch.AcceleratorError: CUDA error: no kernel image is available for execution on the device
Search for `cudaErrorNoKernelImageForDevice' in https://docs.nvidia.com/cuda/cuda-runtime-api/group__CUDART__TYPES.html for more information.
CUDA kernel errors might be asynchronously reported at some other API call, so the stacktrace below might be incorrect.
For debugging consider passing CUDA_LAUNCH_BLOCKING=1
Compile with `TORCH_USE_CUDA_DSA` to enable device-side assertions.


FAILED COMMAND: /mnt/aiongpfs/users/dsen/micromamba/envs/cka-cifar/bin/python -m src.train --global-config configs/global_cifar10.yaml --config configs/cka_feddst_mnist.yaml --seed 13 --sparsity 0.5 --cka-strength 0.2 --log-dir results/logs/cka_strength_sweep/cifar10_cka_strength_20260724_145851/strength_0p2/seed_13 --checkpoint-dir results/checkpoints/cka_strength_sweep/cifar10_cka_strength_20260724_145851/strength_0p2/seed_13 --plot-dir results/plots/cka_strength_sweep/cifar10_cka_strength_20260724_145851
Exit code: 1
/mnt/aiongpfs/users/dsen/micromamba/envs/cka-cifar/lib/python3.11/site-packages/torchvision/datasets/cifar.py:83: VisibleDeprecationWarning: dtype(): align should be passed as Python or NumPy boolean but got `align=0`. Did you mean to pass a tuple to create a subarray type? (Deprecated NumPy 2.4)
  entry = pickle.load(f, encoding="latin1")
/home/users/dsen/.local/lib/python3.11/site-packages/torch/cuda/__init__.py:371: UserWarning: Found GPU0 Tesla V100-SXM2-16GB which is of compute capability (CC) 7.0.
The following list shows the CCs this version of PyTorch was built for and the hardware CCs it supports:
- 7.5 which supports hardware CC >=7.5,<8.0
- 8.0 which supports hardware CC >=8.0,<9.0 except {8.7}
- 8.6 which supports hardware CC >=8.6,<9.0 except {8.7}
- 9.0 which supports hardware CC >=9.0,<10.0
- 10.0 which supports hardware CC >=10.0,<11.0 except {10.1}
- 12.0 which supports hardware CC >=12.0,<13.0
Please follow the instructions at https://pytorch.org/get-started/locally/ to install a PyTorch release that supports one of these CUDA versions: 12.6, 12.8
  _warn_unsupported_code(d, device_cc, code_ccs)
Traceback (most recent call last):
  File "<frozen runpy>", line 198, in _run_module_as_main
  File "<frozen runpy>", line 88, in _run_code
  File "/mnt/aiongpfs/users/dsen/cka-fed-dynamic-sparsity/src/train.py", line 386, in <module>
    main()
  File "/mnt/aiongpfs/users/dsen/cka-fed-dynamic-sparsity/src/train.py", line 376, in main
    history = run_experiment(config, paths)
              ^^^^^^^^^^^^^^^^^^^^^^^^^^^^^
  File "/mnt/aiongpfs/users/dsen/cka-fed-dynamic-sparsity/src/train.py", line 289, in run_experiment
    history = run_cka_feddst(
              ^^^^^^^^^^^^^^^
  File "/mnt/aiongpfs/users/dsen/cka-fed-dynamic-sparsity/src/federated.py", line 485, in run_cka_feddst
    apply_masks(global_model, masks)
  File "/mnt/aiongpfs/users/dsen/cka-fed-dynamic-sparsity/src/sparsity.py", line 73, in apply_masks
    param.mul_(masks[name].to(device=param.device, dtype=param.dtype))
torch.AcceleratorError: CUDA error: no kernel image is available for execution on the device
Search for `cudaErrorNoKernelImageForDevice' in https://docs.nvidia.com/cuda/cuda-runtime-api/group__CUDART__TYPES.html for more information.
CUDA kernel errors might be asynchronously reported at some other API call, so the stacktrace below might be incorrect.
For debugging consider passing CUDA_LAUNCH_BLOCKING=1
Compile with `TORCH_USE_CUDA_DSA` to enable device-side assertions.


FAILED COMMAND: /mnt/aiongpfs/users/dsen/micromamba/envs/cka-cifar/bin/python -m src.train --global-config configs/global_cifar10.yaml --config configs/cka_feddst_mnist.yaml --seed 13 --sparsity 0.7 --cka-strength 0.2 --log-dir results/logs/cka_strength_sweep/cifar10_cka_strength_20260724_145851/strength_0p2/seed_13 --checkpoint-dir results/checkpoints/cka_strength_sweep/cifar10_cka_strength_20260724_145851/strength_0p2/seed_13 --plot-dir results/plots/cka_strength_sweep/cifar10_cka_strength_20260724_145851
Exit code: 1
/mnt/aiongpfs/users/dsen/micromamba/envs/cka-cifar/lib/python3.11/site-packages/torchvision/datasets/cifar.py:83: VisibleDeprecationWarning: dtype(): align should be passed as Python or NumPy boolean but got `align=0`. Did you mean to pass a tuple to create a subarray type? (Deprecated NumPy 2.4)
  entry = pickle.load(f, encoding="latin1")
/home/users/dsen/.local/lib/python3.11/site-packages/torch/cuda/__init__.py:371: UserWarning: Found GPU0 Tesla V100-SXM2-16GB which is of compute capability (CC) 7.0.
The following list shows the CCs this version of PyTorch was built for and the hardware CCs it supports:
- 7.5 which supports hardware CC >=7.5,<8.0
- 8.0 which supports hardware CC >=8.0,<9.0 except {8.7}
- 8.6 which supports hardware CC >=8.6,<9.0 except {8.7}
- 9.0 which supports hardware CC >=9.0,<10.0
- 10.0 which supports hardware CC >=10.0,<11.0 except {10.1}
- 12.0 which supports hardware CC >=12.0,<13.0
Please follow the instructions at https://pytorch.org/get-started/locally/ to install a PyTorch release that supports one of these CUDA versions: 12.6, 12.8
  _warn_unsupported_code(d, device_cc, code_ccs)
Traceback (most recent call last):
  File "<frozen runpy>", line 198, in _run_module_as_main
  File "<frozen runpy>", line 88, in _run_code
  File "/mnt/aiongpfs/users/dsen/cka-fed-dynamic-sparsity/src/train.py", line 386, in <module>
    main()
  File "/mnt/aiongpfs/users/dsen/cka-fed-dynamic-sparsity/src/train.py", line 376, in main
    history = run_experiment(config, paths)
              ^^^^^^^^^^^^^^^^^^^^^^^^^^^^^
  File "/mnt/aiongpfs/users/dsen/cka-fed-dynamic-sparsity/src/train.py", line 289, in run_experiment
    history = run_cka_feddst(
              ^^^^^^^^^^^^^^^
  File "/mnt/aiongpfs/users/dsen/cka-fed-dynamic-sparsity/src/federated.py", line 485, in run_cka_feddst
    apply_masks(global_model, masks)
  File "/mnt/aiongpfs/users/dsen/cka-fed-dynamic-sparsity/src/sparsity.py", line 73, in apply_masks
    param.mul_(masks[name].to(device=param.device, dtype=param.dtype))
torch.AcceleratorError: CUDA error: no kernel image is available for execution on the device
Search for `cudaErrorNoKernelImageForDevice' in https://docs.nvidia.com/cuda/cuda-runtime-api/group__CUDART__TYPES.html for more information.
CUDA kernel errors might be asynchronously reported at some other API call, so the stacktrace below might be incorrect.
For debugging consider passing CUDA_LAUNCH_BLOCKING=1
Compile with `TORCH_USE_CUDA_DSA` to enable device-side assertions.


FAILED COMMAND: /mnt/aiongpfs/users/dsen/micromamba/envs/cka-cifar/bin/python -m src.train --global-config configs/global_cifar10.yaml --config configs/cka_feddst_mnist.yaml --seed 13 --sparsity 0.8 --cka-strength 0.2 --log-dir results/logs/cka_strength_sweep/cifar10_cka_strength_20260724_145851/strength_0p2/seed_13 --checkpoint-dir results/checkpoints/cka_strength_sweep/cifar10_cka_strength_20260724_145851/strength_0p2/seed_13 --plot-dir results/plots/cka_strength_sweep/cifar10_cka_strength_20260724_145851
Exit code: 1
/mnt/aiongpfs/users/dsen/micromamba/envs/cka-cifar/lib/python3.11/site-packages/torchvision/datasets/cifar.py:83: VisibleDeprecationWarning: dtype(): align should be passed as Python or NumPy boolean but got `align=0`. Did you mean to pass a tuple to create a subarray type? (Deprecated NumPy 2.4)
  entry = pickle.load(f, encoding="latin1")
/home/users/dsen/.local/lib/python3.11/site-packages/torch/cuda/__init__.py:371: UserWarning: Found GPU0 Tesla V100-SXM2-16GB which is of compute capability (CC) 7.0.
The following list shows the CCs this version of PyTorch was built for and the hardware CCs it supports:
- 7.5 which supports hardware CC >=7.5,<8.0
- 8.0 which supports hardware CC >=8.0,<9.0 except {8.7}
- 8.6 which supports hardware CC >=8.6,<9.0 except {8.7}
- 9.0 which supports hardware CC >=9.0,<10.0
- 10.0 which supports hardware CC >=10.0,<11.0 except {10.1}
- 12.0 which supports hardware CC >=12.0,<13.0
Please follow the instructions at https://pytorch.org/get-started/locally/ to install a PyTorch release that supports one of these CUDA versions: 12.6, 12.8
  _warn_unsupported_code(d, device_cc, code_ccs)
Traceback (most recent call last):
  File "<frozen runpy>", line 198, in _run_module_as_main
  File "<frozen runpy>", line 88, in _run_code
  File "/mnt/aiongpfs/users/dsen/cka-fed-dynamic-sparsity/src/train.py", line 386, in <module>
    main()
  File "/mnt/aiongpfs/users/dsen/cka-fed-dynamic-sparsity/src/train.py", line 376, in main
    history = run_experiment(config, paths)
              ^^^^^^^^^^^^^^^^^^^^^^^^^^^^^
  File "/mnt/aiongpfs/users/dsen/cka-fed-dynamic-sparsity/src/train.py", line 289, in run_experiment
    history = run_cka_feddst(
              ^^^^^^^^^^^^^^^
  File "/mnt/aiongpfs/users/dsen/cka-fed-dynamic-sparsity/src/federated.py", line 485, in run_cka_feddst
    apply_masks(global_model, masks)
  File "/mnt/aiongpfs/users/dsen/cka-fed-dynamic-sparsity/src/sparsity.py", line 73, in apply_masks
    param.mul_(masks[name].to(device=param.device, dtype=param.dtype))
torch.AcceleratorError: CUDA error: no kernel image is available for execution on the device
Search for `cudaErrorNoKernelImageForDevice' in https://docs.nvidia.com/cuda/cuda-runtime-api/group__CUDART__TYPES.html for more information.
CUDA kernel errors might be asynchronously reported at some other API call, so the stacktrace below might be incorrect.
For debugging consider passing CUDA_LAUNCH_BLOCKING=1
Compile with `TORCH_USE_CUDA_DSA` to enable device-side assertions.


FAILED COMMAND: /mnt/aiongpfs/users/dsen/micromamba/envs/cka-cifar/bin/python -m src.train --global-config configs/global_cifar10.yaml --config configs/cka_feddst_mnist.yaml --seed 13 --sparsity 0.9 --cka-strength 0.2 --log-dir results/logs/cka_strength_sweep/cifar10_cka_strength_20260724_145851/strength_0p2/seed_13 --checkpoint-dir results/checkpoints/cka_strength_sweep/cifar10_cka_strength_20260724_145851/strength_0p2/seed_13 --plot-dir results/plots/cka_strength_sweep/cifar10_cka_strength_20260724_145851
Exit code: 1
/mnt/aiongpfs/users/dsen/micromamba/envs/cka-cifar/lib/python3.11/site-packages/torchvision/datasets/cifar.py:83: VisibleDeprecationWarning: dtype(): align should be passed as Python or NumPy boolean but got `align=0`. Did you mean to pass a tuple to create a subarray type? (Deprecated NumPy 2.4)
  entry = pickle.load(f, encoding="latin1")
/home/users/dsen/.local/lib/python3.11/site-packages/torch/cuda/__init__.py:371: UserWarning: Found GPU0 Tesla V100-SXM2-16GB which is of compute capability (CC) 7.0.
The following list shows the CCs this version of PyTorch was built for and the hardware CCs it supports:
- 7.5 which supports hardware CC >=7.5,<8.0
- 8.0 which supports hardware CC >=8.0,<9.0 except {8.7}
- 8.6 which supports hardware CC >=8.6,<9.0 except {8.7}
- 9.0 which supports hardware CC >=9.0,<10.0
- 10.0 which supports hardware CC >=10.0,<11.0 except {10.1}
- 12.0 which supports hardware CC >=12.0,<13.0
Please follow the instructions at https://pytorch.org/get-started/locally/ to install a PyTorch release that supports one of these CUDA versions: 12.6, 12.8
  _warn_unsupported_code(d, device_cc, code_ccs)
Traceback (most recent call last):
  File "<frozen runpy>", line 198, in _run_module_as_main
  File "<frozen runpy>", line 88, in _run_code
  File "/mnt/aiongpfs/users/dsen/cka-fed-dynamic-sparsity/src/train.py", line 386, in <module>
    main()
  File "/mnt/aiongpfs/users/dsen/cka-fed-dynamic-sparsity/src/train.py", line 376, in main
    history = run_experiment(config, paths)
              ^^^^^^^^^^^^^^^^^^^^^^^^^^^^^
  File "/mnt/aiongpfs/users/dsen/cka-fed-dynamic-sparsity/src/train.py", line 289, in run_experiment
    history = run_cka_feddst(
              ^^^^^^^^^^^^^^^
  File "/mnt/aiongpfs/users/dsen/cka-fed-dynamic-sparsity/src/federated.py", line 485, in run_cka_feddst
    apply_masks(global_model, masks)
  File "/mnt/aiongpfs/users/dsen/cka-fed-dynamic-sparsity/src/sparsity.py", line 73, in apply_masks
    param.mul_(masks[name].to(device=param.device, dtype=param.dtype))
torch.AcceleratorError: CUDA error: no kernel image is available for execution on the device
Search for `cudaErrorNoKernelImageForDevice' in https://docs.nvidia.com/cuda/cuda-runtime-api/group__CUDART__TYPES.html for more information.
CUDA kernel errors might be asynchronously reported at some other API call, so the stacktrace below might be incorrect.
For debugging consider passing CUDA_LAUNCH_BLOCKING=1
Compile with `TORCH_USE_CUDA_DSA` to enable device-side assertions.


FAILED COMMAND: /mnt/aiongpfs/users/dsen/micromamba/envs/cka-cifar/bin/python -m src.train --global-config configs/global_cifar10.yaml --config configs/cka_feddst_mnist.yaml --seed 13 --sparsity 0.95 --cka-strength 0.2 --log-dir results/logs/cka_strength_sweep/cifar10_cka_strength_20260724_145851/strength_0p2/seed_13 --checkpoint-dir results/checkpoints/cka_strength_sweep/cifar10_cka_strength_20260724_145851/strength_0p2/seed_13 --plot-dir results/plots/cka_strength_sweep/cifar10_cka_strength_20260724_145851
Exit code: 1
/mnt/aiongpfs/users/dsen/micromamba/envs/cka-cifar/lib/python3.11/site-packages/torchvision/datasets/cifar.py:83: VisibleDeprecationWarning: dtype(): align should be passed as Python or NumPy boolean but got `align=0`. Did you mean to pass a tuple to create a subarray type? (Deprecated NumPy 2.4)
  entry = pickle.load(f, encoding="latin1")
/home/users/dsen/.local/lib/python3.11/site-packages/torch/cuda/__init__.py:371: UserWarning: Found GPU0 Tesla V100-SXM2-16GB which is of compute capability (CC) 7.0.
The following list shows the CCs this version of PyTorch was built for and the hardware CCs it supports:
- 7.5 which supports hardware CC >=7.5,<8.0
- 8.0 which supports hardware CC >=8.0,<9.0 except {8.7}
- 8.6 which supports hardware CC >=8.6,<9.0 except {8.7}
- 9.0 which supports hardware CC >=9.0,<10.0
- 10.0 which supports hardware CC >=10.0,<11.0 except {10.1}
- 12.0 which supports hardware CC >=12.0,<13.0
Please follow the instructions at https://pytorch.org/get-started/locally/ to install a PyTorch release that supports one of these CUDA versions: 12.6, 12.8
  _warn_unsupported_code(d, device_cc, code_ccs)
Traceback (most recent call last):
  File "<frozen runpy>", line 198, in _run_module_as_main
  File "<frozen runpy>", line 88, in _run_code
  File "/mnt/aiongpfs/users/dsen/cka-fed-dynamic-sparsity/src/train.py", line 386, in <module>
    main()
  File "/mnt/aiongpfs/users/dsen/cka-fed-dynamic-sparsity/src/train.py", line 376, in main
    history = run_experiment(config, paths)
              ^^^^^^^^^^^^^^^^^^^^^^^^^^^^^
  File "/mnt/aiongpfs/users/dsen/cka-fed-dynamic-sparsity/src/train.py", line 289, in run_experiment
    history = run_cka_feddst(
              ^^^^^^^^^^^^^^^
  File "/mnt/aiongpfs/users/dsen/cka-fed-dynamic-sparsity/src/federated.py", line 485, in run_cka_feddst
    apply_masks(global_model, masks)
  File "/mnt/aiongpfs/users/dsen/cka-fed-dynamic-sparsity/src/sparsity.py", line 73, in apply_masks
    param.mul_(masks[name].to(device=param.device, dtype=param.dtype))
torch.AcceleratorError: CUDA error: no kernel image is available for execution on the device
Search for `cudaErrorNoKernelImageForDevice' in https://docs.nvidia.com/cuda/cuda-runtime-api/group__CUDART__TYPES.html for more information.
CUDA kernel errors might be asynchronously reported at some other API call, so the stacktrace below might be incorrect.
For debugging consider passing CUDA_LAUNCH_BLOCKING=1
Compile with `TORCH_USE_CUDA_DSA` to enable device-side assertions.


FAILED COMMAND: /mnt/aiongpfs/users/dsen/micromamba/envs/cka-cifar/bin/python -m src.train --global-config configs/global_cifar10.yaml --config configs/cka_feddst_mnist.yaml --seed 21 --sparsity 0.5 --cka-strength 0.2 --log-dir results/logs/cka_strength_sweep/cifar10_cka_strength_20260724_145851/strength_0p2/seed_21 --checkpoint-dir results/checkpoints/cka_strength_sweep/cifar10_cka_strength_20260724_145851/strength_0p2/seed_21 --plot-dir results/plots/cka_strength_sweep/cifar10_cka_strength_20260724_145851
Exit code: 1
/mnt/aiongpfs/users/dsen/micromamba/envs/cka-cifar/lib/python3.11/site-packages/torchvision/datasets/cifar.py:83: VisibleDeprecationWarning: dtype(): align should be passed as Python or NumPy boolean but got `align=0`. Did you mean to pass a tuple to create a subarray type? (Deprecated NumPy 2.4)
  entry = pickle.load(f, encoding="latin1")
/home/users/dsen/.local/lib/python3.11/site-packages/torch/cuda/__init__.py:371: UserWarning: Found GPU0 Tesla V100-SXM2-16GB which is of compute capability (CC) 7.0.
The following list shows the CCs this version of PyTorch was built for and the hardware CCs it supports:
- 7.5 which supports hardware CC >=7.5,<8.0
- 8.0 which supports hardware CC >=8.0,<9.0 except {8.7}
- 8.6 which supports hardware CC >=8.6,<9.0 except {8.7}
- 9.0 which supports hardware CC >=9.0,<10.0
- 10.0 which supports hardware CC >=10.0,<11.0 except {10.1}
- 12.0 which supports hardware CC >=12.0,<13.0
Please follow the instructions at https://pytorch.org/get-started/locally/ to install a PyTorch release that supports one of these CUDA versions: 12.6, 12.8
  _warn_unsupported_code(d, device_cc, code_ccs)
Traceback (most recent call last):
  File "<frozen runpy>", line 198, in _run_module_as_main
  File "<frozen runpy>", line 88, in _run_code
  File "/mnt/aiongpfs/users/dsen/cka-fed-dynamic-sparsity/src/train.py", line 386, in <module>
    main()
  File "/mnt/aiongpfs/users/dsen/cka-fed-dynamic-sparsity/src/train.py", line 376, in main
    history = run_experiment(config, paths)
              ^^^^^^^^^^^^^^^^^^^^^^^^^^^^^
  File "/mnt/aiongpfs/users/dsen/cka-fed-dynamic-sparsity/src/train.py", line 289, in run_experiment
    history = run_cka_feddst(
              ^^^^^^^^^^^^^^^
  File "/mnt/aiongpfs/users/dsen/cka-fed-dynamic-sparsity/src/federated.py", line 485, in run_cka_feddst
    apply_masks(global_model, masks)
  File "/mnt/aiongpfs/users/dsen/cka-fed-dynamic-sparsity/src/sparsity.py", line 73, in apply_masks
    param.mul_(masks[name].to(device=param.device, dtype=param.dtype))
torch.AcceleratorError: CUDA error: no kernel image is available for execution on the device
Search for `cudaErrorNoKernelImageForDevice' in https://docs.nvidia.com/cuda/cuda-runtime-api/group__CUDART__TYPES.html for more information.
CUDA kernel errors might be asynchronously reported at some other API call, so the stacktrace below might be incorrect.
For debugging consider passing CUDA_LAUNCH_BLOCKING=1
Compile with `TORCH_USE_CUDA_DSA` to enable device-side assertions.


FAILED COMMAND: /mnt/aiongpfs/users/dsen/micromamba/envs/cka-cifar/bin/python -m src.train --global-config configs/global_cifar10.yaml --config configs/cka_feddst_mnist.yaml --seed 21 --sparsity 0.7 --cka-strength 0.2 --log-dir results/logs/cka_strength_sweep/cifar10_cka_strength_20260724_145851/strength_0p2/seed_21 --checkpoint-dir results/checkpoints/cka_strength_sweep/cifar10_cka_strength_20260724_145851/strength_0p2/seed_21 --plot-dir results/plots/cka_strength_sweep/cifar10_cka_strength_20260724_145851
Exit code: 1
/mnt/aiongpfs/users/dsen/micromamba/envs/cka-cifar/lib/python3.11/site-packages/torchvision/datasets/cifar.py:83: VisibleDeprecationWarning: dtype(): align should be passed as Python or NumPy boolean but got `align=0`. Did you mean to pass a tuple to create a subarray type? (Deprecated NumPy 2.4)
  entry = pickle.load(f, encoding="latin1")
/home/users/dsen/.local/lib/python3.11/site-packages/torch/cuda/__init__.py:371: UserWarning: Found GPU0 Tesla V100-SXM2-16GB which is of compute capability (CC) 7.0.
The following list shows the CCs this version of PyTorch was built for and the hardware CCs it supports:
- 7.5 which supports hardware CC >=7.5,<8.0
- 8.0 which supports hardware CC >=8.0,<9.0 except {8.7}
- 8.6 which supports hardware CC >=8.6,<9.0 except {8.7}
- 9.0 which supports hardware CC >=9.0,<10.0
- 10.0 which supports hardware CC >=10.0,<11.0 except {10.1}
- 12.0 which supports hardware CC >=12.0,<13.0
Please follow the instructions at https://pytorch.org/get-started/locally/ to install a PyTorch release that supports one of these CUDA versions: 12.6, 12.8
  _warn_unsupported_code(d, device_cc, code_ccs)
Traceback (most recent call last):
  File "<frozen runpy>", line 198, in _run_module_as_main
  File "<frozen runpy>", line 88, in _run_code
  File "/mnt/aiongpfs/users/dsen/cka-fed-dynamic-sparsity/src/train.py", line 386, in <module>
    main()
  File "/mnt/aiongpfs/users/dsen/cka-fed-dynamic-sparsity/src/train.py", line 376, in main
    history = run_experiment(config, paths)
              ^^^^^^^^^^^^^^^^^^^^^^^^^^^^^
  File "/mnt/aiongpfs/users/dsen/cka-fed-dynamic-sparsity/src/train.py", line 289, in run_experiment
    history = run_cka_feddst(
              ^^^^^^^^^^^^^^^
  File "/mnt/aiongpfs/users/dsen/cka-fed-dynamic-sparsity/src/federated.py", line 485, in run_cka_feddst
    apply_masks(global_model, masks)
  File "/mnt/aiongpfs/users/dsen/cka-fed-dynamic-sparsity/src/sparsity.py", line 73, in apply_masks
    param.mul_(masks[name].to(device=param.device, dtype=param.dtype))
torch.AcceleratorError: CUDA error: no kernel image is available for execution on the device
Search for `cudaErrorNoKernelImageForDevice' in https://docs.nvidia.com/cuda/cuda-runtime-api/group__CUDART__TYPES.html for more information.
CUDA kernel errors might be asynchronously reported at some other API call, so the stacktrace below might be incorrect.
For debugging consider passing CUDA_LAUNCH_BLOCKING=1
Compile with `TORCH_USE_CUDA_DSA` to enable device-side assertions.


FAILED COMMAND: /mnt/aiongpfs/users/dsen/micromamba/envs/cka-cifar/bin/python -m src.train --global-config configs/global_cifar10.yaml --config configs/cka_feddst_mnist.yaml --seed 21 --sparsity 0.8 --cka-strength 0.2 --log-dir results/logs/cka_strength_sweep/cifar10_cka_strength_20260724_145851/strength_0p2/seed_21 --checkpoint-dir results/checkpoints/cka_strength_sweep/cifar10_cka_strength_20260724_145851/strength_0p2/seed_21 --plot-dir results/plots/cka_strength_sweep/cifar10_cka_strength_20260724_145851
Exit code: 1
/mnt/aiongpfs/users/dsen/micromamba/envs/cka-cifar/lib/python3.11/site-packages/torchvision/datasets/cifar.py:83: VisibleDeprecationWarning: dtype(): align should be passed as Python or NumPy boolean but got `align=0`. Did you mean to pass a tuple to create a subarray type? (Deprecated NumPy 2.4)
  entry = pickle.load(f, encoding="latin1")
/home/users/dsen/.local/lib/python3.11/site-packages/torch/cuda/__init__.py:371: UserWarning: Found GPU0 Tesla V100-SXM2-16GB which is of compute capability (CC) 7.0.
The following list shows the CCs this version of PyTorch was built for and the hardware CCs it supports:
- 7.5 which supports hardware CC >=7.5,<8.0
- 8.0 which supports hardware CC >=8.0,<9.0 except {8.7}
- 8.6 which supports hardware CC >=8.6,<9.0 except {8.7}
- 9.0 which supports hardware CC >=9.0,<10.0
- 10.0 which supports hardware CC >=10.0,<11.0 except {10.1}
- 12.0 which supports hardware CC >=12.0,<13.0
Please follow the instructions at https://pytorch.org/get-started/locally/ to install a PyTorch release that supports one of these CUDA versions: 12.6, 12.8
  _warn_unsupported_code(d, device_cc, code_ccs)
Traceback (most recent call last):
  File "<frozen runpy>", line 198, in _run_module_as_main
  File "<frozen runpy>", line 88, in _run_code
  File "/mnt/aiongpfs/users/dsen/cka-fed-dynamic-sparsity/src/train.py", line 386, in <module>
    main()
  File "/mnt/aiongpfs/users/dsen/cka-fed-dynamic-sparsity/src/train.py", line 376, in main
    history = run_experiment(config, paths)
              ^^^^^^^^^^^^^^^^^^^^^^^^^^^^^
  File "/mnt/aiongpfs/users/dsen/cka-fed-dynamic-sparsity/src/train.py", line 289, in run_experiment
    history = run_cka_feddst(
              ^^^^^^^^^^^^^^^
  File "/mnt/aiongpfs/users/dsen/cka-fed-dynamic-sparsity/src/federated.py", line 485, in run_cka_feddst
    apply_masks(global_model, masks)
  File "/mnt/aiongpfs/users/dsen/cka-fed-dynamic-sparsity/src/sparsity.py", line 73, in apply_masks
    param.mul_(masks[name].to(device=param.device, dtype=param.dtype))
torch.AcceleratorError: CUDA error: no kernel image is available for execution on the device
Search for `cudaErrorNoKernelImageForDevice' in https://docs.nvidia.com/cuda/cuda-runtime-api/group__CUDART__TYPES.html for more information.
CUDA kernel errors might be asynchronously reported at some other API call, so the stacktrace below might be incorrect.
For debugging consider passing CUDA_LAUNCH_BLOCKING=1
Compile with `TORCH_USE_CUDA_DSA` to enable device-side assertions.


FAILED COMMAND: /mnt/aiongpfs/users/dsen/micromamba/envs/cka-cifar/bin/python -m src.train --global-config configs/global_cifar10.yaml --config configs/cka_feddst_mnist.yaml --seed 21 --sparsity 0.9 --cka-strength 0.2 --log-dir results/logs/cka_strength_sweep/cifar10_cka_strength_20260724_145851/strength_0p2/seed_21 --checkpoint-dir results/checkpoints/cka_strength_sweep/cifar10_cka_strength_20260724_145851/strength_0p2/seed_21 --plot-dir results/plots/cka_strength_sweep/cifar10_cka_strength_20260724_145851
Exit code: 1
/mnt/aiongpfs/users/dsen/micromamba/envs/cka-cifar/lib/python3.11/site-packages/torchvision/datasets/cifar.py:83: VisibleDeprecationWarning: dtype(): align should be passed as Python or NumPy boolean but got `align=0`. Did you mean to pass a tuple to create a subarray type? (Deprecated NumPy 2.4)
  entry = pickle.load(f, encoding="latin1")
/home/users/dsen/.local/lib/python3.11/site-packages/torch/cuda/__init__.py:371: UserWarning: Found GPU0 Tesla V100-SXM2-16GB which is of compute capability (CC) 7.0.
The following list shows the CCs this version of PyTorch was built for and the hardware CCs it supports:
- 7.5 which supports hardware CC >=7.5,<8.0
- 8.0 which supports hardware CC >=8.0,<9.0 except {8.7}
- 8.6 which supports hardware CC >=8.6,<9.0 except {8.7}
- 9.0 which supports hardware CC >=9.0,<10.0
- 10.0 which supports hardware CC >=10.0,<11.0 except {10.1}
- 12.0 which supports hardware CC >=12.0,<13.0
Please follow the instructions at https://pytorch.org/get-started/locally/ to install a PyTorch release that supports one of these CUDA versions: 12.6, 12.8
  _warn_unsupported_code(d, device_cc, code_ccs)
Traceback (most recent call last):
  File "<frozen runpy>", line 198, in _run_module_as_main
  File "<frozen runpy>", line 88, in _run_code
  File "/mnt/aiongpfs/users/dsen/cka-fed-dynamic-sparsity/src/train.py", line 386, in <module>
    main()
  File "/mnt/aiongpfs/users/dsen/cka-fed-dynamic-sparsity/src/train.py", line 376, in main
    history = run_experiment(config, paths)
              ^^^^^^^^^^^^^^^^^^^^^^^^^^^^^
  File "/mnt/aiongpfs/users/dsen/cka-fed-dynamic-sparsity/src/train.py", line 289, in run_experiment
    history = run_cka_feddst(
              ^^^^^^^^^^^^^^^
  File "/mnt/aiongpfs/users/dsen/cka-fed-dynamic-sparsity/src/federated.py", line 485, in run_cka_feddst
    apply_masks(global_model, masks)
  File "/mnt/aiongpfs/users/dsen/cka-fed-dynamic-sparsity/src/sparsity.py", line 73, in apply_masks
    param.mul_(masks[name].to(device=param.device, dtype=param.dtype))
torch.AcceleratorError: CUDA error: no kernel image is available for execution on the device
Search for `cudaErrorNoKernelImageForDevice' in https://docs.nvidia.com/cuda/cuda-runtime-api/group__CUDART__TYPES.html for more information.
CUDA kernel errors might be asynchronously reported at some other API call, so the stacktrace below might be incorrect.
For debugging consider passing CUDA_LAUNCH_BLOCKING=1
Compile with `TORCH_USE_CUDA_DSA` to enable device-side assertions.


FAILED COMMAND: /mnt/aiongpfs/users/dsen/micromamba/envs/cka-cifar/bin/python -m src.train --global-config configs/global_cifar10.yaml --config configs/cka_feddst_mnist.yaml --seed 21 --sparsity 0.95 --cka-strength 0.2 --log-dir results/logs/cka_strength_sweep/cifar10_cka_strength_20260724_145851/strength_0p2/seed_21 --checkpoint-dir results/checkpoints/cka_strength_sweep/cifar10_cka_strength_20260724_145851/strength_0p2/seed_21 --plot-dir results/plots/cka_strength_sweep/cifar10_cka_strength_20260724_145851
Exit code: 1
/mnt/aiongpfs/users/dsen/micromamba/envs/cka-cifar/lib/python3.11/site-packages/torchvision/datasets/cifar.py:83: VisibleDeprecationWarning: dtype(): align should be passed as Python or NumPy boolean but got `align=0`. Did you mean to pass a tuple to create a subarray type? (Deprecated NumPy 2.4)
  entry = pickle.load(f, encoding="latin1")
/home/users/dsen/.local/lib/python3.11/site-packages/torch/cuda/__init__.py:371: UserWarning: Found GPU0 Tesla V100-SXM2-16GB which is of compute capability (CC) 7.0.
The following list shows the CCs this version of PyTorch was built for and the hardware CCs it supports:
- 7.5 which supports hardware CC >=7.5,<8.0
- 8.0 which supports hardware CC >=8.0,<9.0 except {8.7}
- 8.6 which supports hardware CC >=8.6,<9.0 except {8.7}
- 9.0 which supports hardware CC >=9.0,<10.0
- 10.0 which supports hardware CC >=10.0,<11.0 except {10.1}
- 12.0 which supports hardware CC >=12.0,<13.0
Please follow the instructions at https://pytorch.org/get-started/locally/ to install a PyTorch release that supports one of these CUDA versions: 12.6, 12.8
  _warn_unsupported_code(d, device_cc, code_ccs)
Traceback (most recent call last):
  File "<frozen runpy>", line 198, in _run_module_as_main
  File "<frozen runpy>", line 88, in _run_code
  File "/mnt/aiongpfs/users/dsen/cka-fed-dynamic-sparsity/src/train.py", line 386, in <module>
    main()
  File "/mnt/aiongpfs/users/dsen/cka-fed-dynamic-sparsity/src/train.py", line 376, in main
    history = run_experiment(config, paths)
              ^^^^^^^^^^^^^^^^^^^^^^^^^^^^^
  File "/mnt/aiongpfs/users/dsen/cka-fed-dynamic-sparsity/src/train.py", line 289, in run_experiment
    history = run_cka_feddst(
              ^^^^^^^^^^^^^^^
  File "/mnt/aiongpfs/users/dsen/cka-fed-dynamic-sparsity/src/federated.py", line 485, in run_cka_feddst
    apply_masks(global_model, masks)
  File "/mnt/aiongpfs/users/dsen/cka-fed-dynamic-sparsity/src/sparsity.py", line 73, in apply_masks
    param.mul_(masks[name].to(device=param.device, dtype=param.dtype))
torch.AcceleratorError: CUDA error: no kernel image is available for execution on the device
Search for `cudaErrorNoKernelImageForDevice' in https://docs.nvidia.com/cuda/cuda-runtime-api/group__CUDART__TYPES.html for more information.
CUDA kernel errors might be asynchronously reported at some other API call, so the stacktrace below might be incorrect.
For debugging consider passing CUDA_LAUNCH_BLOCKING=1
Compile with `TORCH_USE_CUDA_DSA` to enable device-side assertions.


FAILED COMMAND: /mnt/aiongpfs/users/dsen/micromamba/envs/cka-cifar/bin/python -m src.train --global-config configs/global_cifar10.yaml --config configs/cka_feddst_mnist.yaml --seed 100 --sparsity 0.5 --cka-strength 0.2 --log-dir results/logs/cka_strength_sweep/cifar10_cka_strength_20260724_145851/strength_0p2/seed_100 --checkpoint-dir results/checkpoints/cka_strength_sweep/cifar10_cka_strength_20260724_145851/strength_0p2/seed_100 --plot-dir results/plots/cka_strength_sweep/cifar10_cka_strength_20260724_145851
Exit code: 1
/mnt/aiongpfs/users/dsen/micromamba/envs/cka-cifar/lib/python3.11/site-packages/torchvision/datasets/cifar.py:83: VisibleDeprecationWarning: dtype(): align should be passed as Python or NumPy boolean but got `align=0`. Did you mean to pass a tuple to create a subarray type? (Deprecated NumPy 2.4)
  entry = pickle.load(f, encoding="latin1")
/home/users/dsen/.local/lib/python3.11/site-packages/torch/cuda/__init__.py:371: UserWarning: Found GPU0 Tesla V100-SXM2-16GB which is of compute capability (CC) 7.0.
The following list shows the CCs this version of PyTorch was built for and the hardware CCs it supports:
- 7.5 which supports hardware CC >=7.5,<8.0
- 8.0 which supports hardware CC >=8.0,<9.0 except {8.7}
- 8.6 which supports hardware CC >=8.6,<9.0 except {8.7}
- 9.0 which supports hardware CC >=9.0,<10.0
- 10.0 which supports hardware CC >=10.0,<11.0 except {10.1}
- 12.0 which supports hardware CC >=12.0,<13.0
Please follow the instructions at https://pytorch.org/get-started/locally/ to install a PyTorch release that supports one of these CUDA versions: 12.6, 12.8
  _warn_unsupported_code(d, device_cc, code_ccs)
Traceback (most recent call last):
  File "<frozen runpy>", line 198, in _run_module_as_main
  File "<frozen runpy>", line 88, in _run_code
  File "/mnt/aiongpfs/users/dsen/cka-fed-dynamic-sparsity/src/train.py", line 386, in <module>
    main()
  File "/mnt/aiongpfs/users/dsen/cka-fed-dynamic-sparsity/src/train.py", line 376, in main
    history = run_experiment(config, paths)
              ^^^^^^^^^^^^^^^^^^^^^^^^^^^^^
  File "/mnt/aiongpfs/users/dsen/cka-fed-dynamic-sparsity/src/train.py", line 289, in run_experiment
    history = run_cka_feddst(
              ^^^^^^^^^^^^^^^
  File "/mnt/aiongpfs/users/dsen/cka-fed-dynamic-sparsity/src/federated.py", line 485, in run_cka_feddst
    apply_masks(global_model, masks)
  File "/mnt/aiongpfs/users/dsen/cka-fed-dynamic-sparsity/src/sparsity.py", line 73, in apply_masks
    param.mul_(masks[name].to(device=param.device, dtype=param.dtype))
torch.AcceleratorError: CUDA error: no kernel image is available for execution on the device
Search for `cudaErrorNoKernelImageForDevice' in https://docs.nvidia.com/cuda/cuda-runtime-api/group__CUDART__TYPES.html for more information.
CUDA kernel errors might be asynchronously reported at some other API call, so the stacktrace below might be incorrect.
For debugging consider passing CUDA_LAUNCH_BLOCKING=1
Compile with `TORCH_USE_CUDA_DSA` to enable device-side assertions.


FAILED COMMAND: /mnt/aiongpfs/users/dsen/micromamba/envs/cka-cifar/bin/python -m src.train --global-config configs/global_cifar10.yaml --config configs/cka_feddst_mnist.yaml --seed 100 --sparsity 0.7 --cka-strength 0.2 --log-dir results/logs/cka_strength_sweep/cifar10_cka_strength_20260724_145851/strength_0p2/seed_100 --checkpoint-dir results/checkpoints/cka_strength_sweep/cifar10_cka_strength_20260724_145851/strength_0p2/seed_100 --plot-dir results/plots/cka_strength_sweep/cifar10_cka_strength_20260724_145851
Exit code: 1
/mnt/aiongpfs/users/dsen/micromamba/envs/cka-cifar/lib/python3.11/site-packages/torchvision/datasets/cifar.py:83: VisibleDeprecationWarning: dtype(): align should be passed as Python or NumPy boolean but got `align=0`. Did you mean to pass a tuple to create a subarray type? (Deprecated NumPy 2.4)
  entry = pickle.load(f, encoding="latin1")
/home/users/dsen/.local/lib/python3.11/site-packages/torch/cuda/__init__.py:371: UserWarning: Found GPU0 Tesla V100-SXM2-16GB which is of compute capability (CC) 7.0.
The following list shows the CCs this version of PyTorch was built for and the hardware CCs it supports:
- 7.5 which supports hardware CC >=7.5,<8.0
- 8.0 which supports hardware CC >=8.0,<9.0 except {8.7}
- 8.6 which supports hardware CC >=8.6,<9.0 except {8.7}
- 9.0 which supports hardware CC >=9.0,<10.0
- 10.0 which supports hardware CC >=10.0,<11.0 except {10.1}
- 12.0 which supports hardware CC >=12.0,<13.0
Please follow the instructions at https://pytorch.org/get-started/locally/ to install a PyTorch release that supports one of these CUDA versions: 12.6, 12.8
  _warn_unsupported_code(d, device_cc, code_ccs)
Traceback (most recent call last):
  File "<frozen runpy>", line 198, in _run_module_as_main
  File "<frozen runpy>", line 88, in _run_code
  File "/mnt/aiongpfs/users/dsen/cka-fed-dynamic-sparsity/src/train.py", line 386, in <module>
    main()
  File "/mnt/aiongpfs/users/dsen/cka-fed-dynamic-sparsity/src/train.py", line 376, in main
    history = run_experiment(config, paths)
              ^^^^^^^^^^^^^^^^^^^^^^^^^^^^^
  File "/mnt/aiongpfs/users/dsen/cka-fed-dynamic-sparsity/src/train.py", line 289, in run_experiment
    history = run_cka_feddst(
              ^^^^^^^^^^^^^^^
  File "/mnt/aiongpfs/users/dsen/cka-fed-dynamic-sparsity/src/federated.py", line 485, in run_cka_feddst
    apply_masks(global_model, masks)
  File "/mnt/aiongpfs/users/dsen/cka-fed-dynamic-sparsity/src/sparsity.py", line 73, in apply_masks
    param.mul_(masks[name].to(device=param.device, dtype=param.dtype))
torch.AcceleratorError: CUDA error: no kernel image is available for execution on the device
Search for `cudaErrorNoKernelImageForDevice' in https://docs.nvidia.com/cuda/cuda-runtime-api/group__CUDART__TYPES.html for more information.
CUDA kernel errors might be asynchronously reported at some other API call, so the stacktrace below might be incorrect.
For debugging consider passing CUDA_LAUNCH_BLOCKING=1
Compile with `TORCH_USE_CUDA_DSA` to enable device-side assertions.


FAILED COMMAND: /mnt/aiongpfs/users/dsen/micromamba/envs/cka-cifar/bin/python -m src.train --global-config configs/global_cifar10.yaml --config configs/cka_feddst_mnist.yaml --seed 100 --sparsity 0.8 --cka-strength 0.2 --log-dir results/logs/cka_strength_sweep/cifar10_cka_strength_20260724_145851/strength_0p2/seed_100 --checkpoint-dir results/checkpoints/cka_strength_sweep/cifar10_cka_strength_20260724_145851/strength_0p2/seed_100 --plot-dir results/plots/cka_strength_sweep/cifar10_cka_strength_20260724_145851
Exit code: 1
/mnt/aiongpfs/users/dsen/micromamba/envs/cka-cifar/lib/python3.11/site-packages/torchvision/datasets/cifar.py:83: VisibleDeprecationWarning: dtype(): align should be passed as Python or NumPy boolean but got `align=0`. Did you mean to pass a tuple to create a subarray type? (Deprecated NumPy 2.4)
  entry = pickle.load(f, encoding="latin1")
/home/users/dsen/.local/lib/python3.11/site-packages/torch/cuda/__init__.py:371: UserWarning: Found GPU0 Tesla V100-SXM2-16GB which is of compute capability (CC) 7.0.
The following list shows the CCs this version of PyTorch was built for and the hardware CCs it supports:
- 7.5 which supports hardware CC >=7.5,<8.0
- 8.0 which supports hardware CC >=8.0,<9.0 except {8.7}
- 8.6 which supports hardware CC >=8.6,<9.0 except {8.7}
- 9.0 which supports hardware CC >=9.0,<10.0
- 10.0 which supports hardware CC >=10.0,<11.0 except {10.1}
- 12.0 which supports hardware CC >=12.0,<13.0
Please follow the instructions at https://pytorch.org/get-started/locally/ to install a PyTorch release that supports one of these CUDA versions: 12.6, 12.8
  _warn_unsupported_code(d, device_cc, code_ccs)
Traceback (most recent call last):
  File "<frozen runpy>", line 198, in _run_module_as_main
  File "<frozen runpy>", line 88, in _run_code
  File "/mnt/aiongpfs/users/dsen/cka-fed-dynamic-sparsity/src/train.py", line 386, in <module>
    main()
  File "/mnt/aiongpfs/users/dsen/cka-fed-dynamic-sparsity/src/train.py", line 376, in main
    history = run_experiment(config, paths)
              ^^^^^^^^^^^^^^^^^^^^^^^^^^^^^
  File "/mnt/aiongpfs/users/dsen/cka-fed-dynamic-sparsity/src/train.py", line 289, in run_experiment
    history = run_cka_feddst(
              ^^^^^^^^^^^^^^^
  File "/mnt/aiongpfs/users/dsen/cka-fed-dynamic-sparsity/src/federated.py", line 485, in run_cka_feddst
    apply_masks(global_model, masks)
  File "/mnt/aiongpfs/users/dsen/cka-fed-dynamic-sparsity/src/sparsity.py", line 73, in apply_masks
    param.mul_(masks[name].to(device=param.device, dtype=param.dtype))
torch.AcceleratorError: CUDA error: no kernel image is available for execution on the device
Search for `cudaErrorNoKernelImageForDevice' in https://docs.nvidia.com/cuda/cuda-runtime-api/group__CUDART__TYPES.html for more information.
CUDA kernel errors might be asynchronously reported at some other API call, so the stacktrace below might be incorrect.
For debugging consider passing CUDA_LAUNCH_BLOCKING=1
Compile with `TORCH_USE_CUDA_DSA` to enable device-side assertions.


FAILED COMMAND: /mnt/aiongpfs/users/dsen/micromamba/envs/cka-cifar/bin/python -m src.train --global-config configs/global_cifar10.yaml --config configs/cka_feddst_mnist.yaml --seed 100 --sparsity 0.9 --cka-strength 0.2 --log-dir results/logs/cka_strength_sweep/cifar10_cka_strength_20260724_145851/strength_0p2/seed_100 --checkpoint-dir results/checkpoints/cka_strength_sweep/cifar10_cka_strength_20260724_145851/strength_0p2/seed_100 --plot-dir results/plots/cka_strength_sweep/cifar10_cka_strength_20260724_145851
Exit code: 1
/mnt/aiongpfs/users/dsen/micromamba/envs/cka-cifar/lib/python3.11/site-packages/torchvision/datasets/cifar.py:83: VisibleDeprecationWarning: dtype(): align should be passed as Python or NumPy boolean but got `align=0`. Did you mean to pass a tuple to create a subarray type? (Deprecated NumPy 2.4)
  entry = pickle.load(f, encoding="latin1")
/home/users/dsen/.local/lib/python3.11/site-packages/torch/cuda/__init__.py:371: UserWarning: Found GPU0 Tesla V100-SXM2-16GB which is of compute capability (CC) 7.0.
The following list shows the CCs this version of PyTorch was built for and the hardware CCs it supports:
- 7.5 which supports hardware CC >=7.5,<8.0
- 8.0 which supports hardware CC >=8.0,<9.0 except {8.7}
- 8.6 which supports hardware CC >=8.6,<9.0 except {8.7}
- 9.0 which supports hardware CC >=9.0,<10.0
- 10.0 which supports hardware CC >=10.0,<11.0 except {10.1}
- 12.0 which supports hardware CC >=12.0,<13.0
Please follow the instructions at https://pytorch.org/get-started/locally/ to install a PyTorch release that supports one of these CUDA versions: 12.6, 12.8
  _warn_unsupported_code(d, device_cc, code_ccs)
Traceback (most recent call last):
  File "<frozen runpy>", line 198, in _run_module_as_main
  File "<frozen runpy>", line 88, in _run_code
  File "/mnt/aiongpfs/users/dsen/cka-fed-dynamic-sparsity/src/train.py", line 386, in <module>
    main()
  File "/mnt/aiongpfs/users/dsen/cka-fed-dynamic-sparsity/src/train.py", line 376, in main
    history = run_experiment(config, paths)
              ^^^^^^^^^^^^^^^^^^^^^^^^^^^^^
  File "/mnt/aiongpfs/users/dsen/cka-fed-dynamic-sparsity/src/train.py", line 289, in run_experiment
    history = run_cka_feddst(
              ^^^^^^^^^^^^^^^
  File "/mnt/aiongpfs/users/dsen/cka-fed-dynamic-sparsity/src/federated.py", line 485, in run_cka_feddst
    apply_masks(global_model, masks)
  File "/mnt/aiongpfs/users/dsen/cka-fed-dynamic-sparsity/src/sparsity.py", line 73, in apply_masks
    param.mul_(masks[name].to(device=param.device, dtype=param.dtype))
torch.AcceleratorError: CUDA error: no kernel image is available for execution on the device
Search for `cudaErrorNoKernelImageForDevice' in https://docs.nvidia.com/cuda/cuda-runtime-api/group__CUDART__TYPES.html for more information.
CUDA kernel errors might be asynchronously reported at some other API call, so the stacktrace below might be incorrect.
For debugging consider passing CUDA_LAUNCH_BLOCKING=1
Compile with `TORCH_USE_CUDA_DSA` to enable device-side assertions.


FAILED COMMAND: /mnt/aiongpfs/users/dsen/micromamba/envs/cka-cifar/bin/python -m src.train --global-config configs/global_cifar10.yaml --config configs/cka_feddst_mnist.yaml --seed 100 --sparsity 0.95 --cka-strength 0.2 --log-dir results/logs/cka_strength_sweep/cifar10_cka_strength_20260724_145851/strength_0p2/seed_100 --checkpoint-dir results/checkpoints/cka_strength_sweep/cifar10_cka_strength_20260724_145851/strength_0p2/seed_100 --plot-dir results/plots/cka_strength_sweep/cifar10_cka_strength_20260724_145851
Exit code: 1
/mnt/aiongpfs/users/dsen/micromamba/envs/cka-cifar/lib/python3.11/site-packages/torchvision/datasets/cifar.py:83: VisibleDeprecationWarning: dtype(): align should be passed as Python or NumPy boolean but got `align=0`. Did you mean to pass a tuple to create a subarray type? (Deprecated NumPy 2.4)
  entry = pickle.load(f, encoding="latin1")
/home/users/dsen/.local/lib/python3.11/site-packages/torch/cuda/__init__.py:371: UserWarning: Found GPU0 Tesla V100-SXM2-16GB which is of compute capability (CC) 7.0.
The following list shows the CCs this version of PyTorch was built for and the hardware CCs it supports:
- 7.5 which supports hardware CC >=7.5,<8.0
- 8.0 which supports hardware CC >=8.0,<9.0 except {8.7}
- 8.6 which supports hardware CC >=8.6,<9.0 except {8.7}
- 9.0 which supports hardware CC >=9.0,<10.0
- 10.0 which supports hardware CC >=10.0,<11.0 except {10.1}
- 12.0 which supports hardware CC >=12.0,<13.0
Please follow the instructions at https://pytorch.org/get-started/locally/ to install a PyTorch release that supports one of these CUDA versions: 12.6, 12.8
  _warn_unsupported_code(d, device_cc, code_ccs)
Traceback (most recent call last):
  File "<frozen runpy>", line 198, in _run_module_as_main
  File "<frozen runpy>", line 88, in _run_code
  File "/mnt/aiongpfs/users/dsen/cka-fed-dynamic-sparsity/src/train.py", line 386, in <module>
    main()
  File "/mnt/aiongpfs/users/dsen/cka-fed-dynamic-sparsity/src/train.py", line 376, in main
    history = run_experiment(config, paths)
              ^^^^^^^^^^^^^^^^^^^^^^^^^^^^^
  File "/mnt/aiongpfs/users/dsen/cka-fed-dynamic-sparsity/src/train.py", line 289, in run_experiment
    history = run_cka_feddst(
              ^^^^^^^^^^^^^^^
  File "/mnt/aiongpfs/users/dsen/cka-fed-dynamic-sparsity/src/federated.py", line 485, in run_cka_feddst
    apply_masks(global_model, masks)
  File "/mnt/aiongpfs/users/dsen/cka-fed-dynamic-sparsity/src/sparsity.py", line 73, in apply_masks
    param.mul_(masks[name].to(device=param.device, dtype=param.dtype))
torch.AcceleratorError: CUDA error: no kernel image is available for execution on the device
Search for `cudaErrorNoKernelImageForDevice' in https://docs.nvidia.com/cuda/cuda-runtime-api/group__CUDART__TYPES.html for more information.
CUDA kernel errors might be asynchronously reported at some other API call, so the stacktrace below might be incorrect.
For debugging consider passing CUDA_LAUNCH_BLOCKING=1
Compile with `TORCH_USE_CUDA_DSA` to enable device-side assertions.


FAILED COMMAND: /mnt/aiongpfs/users/dsen/micromamba/envs/cka-cifar/bin/python -m src.train --global-config configs/global_cifar10.yaml --config configs/cka_feddst_mnist.yaml --seed 42 --sparsity 0.5 --cka-strength 0.5 --log-dir results/logs/cka_strength_sweep/cifar10_cka_strength_20260724_145851/strength_0p5/seed_42 --checkpoint-dir results/checkpoints/cka_strength_sweep/cifar10_cka_strength_20260724_145851/strength_0p5/seed_42 --plot-dir results/plots/cka_strength_sweep/cifar10_cka_strength_20260724_145851
Exit code: 1
/mnt/aiongpfs/users/dsen/micromamba/envs/cka-cifar/lib/python3.11/site-packages/torchvision/datasets/cifar.py:83: VisibleDeprecationWarning: dtype(): align should be passed as Python or NumPy boolean but got `align=0`. Did you mean to pass a tuple to create a subarray type? (Deprecated NumPy 2.4)
  entry = pickle.load(f, encoding="latin1")
/home/users/dsen/.local/lib/python3.11/site-packages/torch/cuda/__init__.py:371: UserWarning: Found GPU0 Tesla V100-SXM2-16GB which is of compute capability (CC) 7.0.
The following list shows the CCs this version of PyTorch was built for and the hardware CCs it supports:
- 7.5 which supports hardware CC >=7.5,<8.0
- 8.0 which supports hardware CC >=8.0,<9.0 except {8.7}
- 8.6 which supports hardware CC >=8.6,<9.0 except {8.7}
- 9.0 which supports hardware CC >=9.0,<10.0
- 10.0 which supports hardware CC >=10.0,<11.0 except {10.1}
- 12.0 which supports hardware CC >=12.0,<13.0
Please follow the instructions at https://pytorch.org/get-started/locally/ to install a PyTorch release that supports one of these CUDA versions: 12.6, 12.8
  _warn_unsupported_code(d, device_cc, code_ccs)
Traceback (most recent call last):
  File "<frozen runpy>", line 198, in _run_module_as_main
  File "<frozen runpy>", line 88, in _run_code
  File "/mnt/aiongpfs/users/dsen/cka-fed-dynamic-sparsity/src/train.py", line 386, in <module>
    main()
  File "/mnt/aiongpfs/users/dsen/cka-fed-dynamic-sparsity/src/train.py", line 376, in main
    history = run_experiment(config, paths)
              ^^^^^^^^^^^^^^^^^^^^^^^^^^^^^
  File "/mnt/aiongpfs/users/dsen/cka-fed-dynamic-sparsity/src/train.py", line 289, in run_experiment
    history = run_cka_feddst(
              ^^^^^^^^^^^^^^^
  File "/mnt/aiongpfs/users/dsen/cka-fed-dynamic-sparsity/src/federated.py", line 485, in run_cka_feddst
    apply_masks(global_model, masks)
  File "/mnt/aiongpfs/users/dsen/cka-fed-dynamic-sparsity/src/sparsity.py", line 73, in apply_masks
    param.mul_(masks[name].to(device=param.device, dtype=param.dtype))
torch.AcceleratorError: CUDA error: no kernel image is available for execution on the device
Search for `cudaErrorNoKernelImageForDevice' in https://docs.nvidia.com/cuda/cuda-runtime-api/group__CUDART__TYPES.html for more information.
CUDA kernel errors might be asynchronously reported at some other API call, so the stacktrace below might be incorrect.
For debugging consider passing CUDA_LAUNCH_BLOCKING=1
Compile with `TORCH_USE_CUDA_DSA` to enable device-side assertions.


FAILED COMMAND: /mnt/aiongpfs/users/dsen/micromamba/envs/cka-cifar/bin/python -m src.train --global-config configs/global_cifar10.yaml --config configs/cka_feddst_mnist.yaml --seed 42 --sparsity 0.7 --cka-strength 0.5 --log-dir results/logs/cka_strength_sweep/cifar10_cka_strength_20260724_145851/strength_0p5/seed_42 --checkpoint-dir results/checkpoints/cka_strength_sweep/cifar10_cka_strength_20260724_145851/strength_0p5/seed_42 --plot-dir results/plots/cka_strength_sweep/cifar10_cka_strength_20260724_145851
Exit code: 1
/mnt/aiongpfs/users/dsen/micromamba/envs/cka-cifar/lib/python3.11/site-packages/torchvision/datasets/cifar.py:83: VisibleDeprecationWarning: dtype(): align should be passed as Python or NumPy boolean but got `align=0`. Did you mean to pass a tuple to create a subarray type? (Deprecated NumPy 2.4)
  entry = pickle.load(f, encoding="latin1")
/home/users/dsen/.local/lib/python3.11/site-packages/torch/cuda/__init__.py:371: UserWarning: Found GPU0 Tesla V100-SXM2-16GB which is of compute capability (CC) 7.0.
The following list shows the CCs this version of PyTorch was built for and the hardware CCs it supports:
- 7.5 which supports hardware CC >=7.5,<8.0
- 8.0 which supports hardware CC >=8.0,<9.0 except {8.7}
- 8.6 which supports hardware CC >=8.6,<9.0 except {8.7}
- 9.0 which supports hardware CC >=9.0,<10.0
- 10.0 which supports hardware CC >=10.0,<11.0 except {10.1}
- 12.0 which supports hardware CC >=12.0,<13.0
Please follow the instructions at https://pytorch.org/get-started/locally/ to install a PyTorch release that supports one of these CUDA versions: 12.6, 12.8
  _warn_unsupported_code(d, device_cc, code_ccs)
Traceback (most recent call last):
  File "<frozen runpy>", line 198, in _run_module_as_main
  File "<frozen runpy>", line 88, in _run_code
  File "/mnt/aiongpfs/users/dsen/cka-fed-dynamic-sparsity/src/train.py", line 386, in <module>
    main()
  File "/mnt/aiongpfs/users/dsen/cka-fed-dynamic-sparsity/src/train.py", line 376, in main
    history = run_experiment(config, paths)
              ^^^^^^^^^^^^^^^^^^^^^^^^^^^^^
  File "/mnt/aiongpfs/users/dsen/cka-fed-dynamic-sparsity/src/train.py", line 289, in run_experiment
    history = run_cka_feddst(
              ^^^^^^^^^^^^^^^
  File "/mnt/aiongpfs/users/dsen/cka-fed-dynamic-sparsity/src/federated.py", line 485, in run_cka_feddst
    apply_masks(global_model, masks)
  File "/mnt/aiongpfs/users/dsen/cka-fed-dynamic-sparsity/src/sparsity.py", line 73, in apply_masks
    param.mul_(masks[name].to(device=param.device, dtype=param.dtype))
torch.AcceleratorError: CUDA error: no kernel image is available for execution on the device
Search for `cudaErrorNoKernelImageForDevice' in https://docs.nvidia.com/cuda/cuda-runtime-api/group__CUDART__TYPES.html for more information.
CUDA kernel errors might be asynchronously reported at some other API call, so the stacktrace below might be incorrect.
For debugging consider passing CUDA_LAUNCH_BLOCKING=1
Compile with `TORCH_USE_CUDA_DSA` to enable device-side assertions.


FAILED COMMAND: /mnt/aiongpfs/users/dsen/micromamba/envs/cka-cifar/bin/python -m src.train --global-config configs/global_cifar10.yaml --config configs/cka_feddst_mnist.yaml --seed 42 --sparsity 0.8 --cka-strength 0.5 --log-dir results/logs/cka_strength_sweep/cifar10_cka_strength_20260724_145851/strength_0p5/seed_42 --checkpoint-dir results/checkpoints/cka_strength_sweep/cifar10_cka_strength_20260724_145851/strength_0p5/seed_42 --plot-dir results/plots/cka_strength_sweep/cifar10_cka_strength_20260724_145851
Exit code: 1
/mnt/aiongpfs/users/dsen/micromamba/envs/cka-cifar/lib/python3.11/site-packages/torchvision/datasets/cifar.py:83: VisibleDeprecationWarning: dtype(): align should be passed as Python or NumPy boolean but got `align=0`. Did you mean to pass a tuple to create a subarray type? (Deprecated NumPy 2.4)
  entry = pickle.load(f, encoding="latin1")
/home/users/dsen/.local/lib/python3.11/site-packages/torch/cuda/__init__.py:371: UserWarning: Found GPU0 Tesla V100-SXM2-16GB which is of compute capability (CC) 7.0.
The following list shows the CCs this version of PyTorch was built for and the hardware CCs it supports:
- 7.5 which supports hardware CC >=7.5,<8.0
- 8.0 which supports hardware CC >=8.0,<9.0 except {8.7}
- 8.6 which supports hardware CC >=8.6,<9.0 except {8.7}
- 9.0 which supports hardware CC >=9.0,<10.0
- 10.0 which supports hardware CC >=10.0,<11.0 except {10.1}
- 12.0 which supports hardware CC >=12.0,<13.0
Please follow the instructions at https://pytorch.org/get-started/locally/ to install a PyTorch release that supports one of these CUDA versions: 12.6, 12.8
  _warn_unsupported_code(d, device_cc, code_ccs)
Traceback (most recent call last):
  File "<frozen runpy>", line 198, in _run_module_as_main
  File "<frozen runpy>", line 88, in _run_code
  File "/mnt/aiongpfs/users/dsen/cka-fed-dynamic-sparsity/src/train.py", line 386, in <module>
    main()
  File "/mnt/aiongpfs/users/dsen/cka-fed-dynamic-sparsity/src/train.py", line 376, in main
    history = run_experiment(config, paths)
              ^^^^^^^^^^^^^^^^^^^^^^^^^^^^^
  File "/mnt/aiongpfs/users/dsen/cka-fed-dynamic-sparsity/src/train.py", line 289, in run_experiment
    history = run_cka_feddst(
              ^^^^^^^^^^^^^^^
  File "/mnt/aiongpfs/users/dsen/cka-fed-dynamic-sparsity/src/federated.py", line 485, in run_cka_feddst
    apply_masks(global_model, masks)
  File "/mnt/aiongpfs/users/dsen/cka-fed-dynamic-sparsity/src/sparsity.py", line 73, in apply_masks
    param.mul_(masks[name].to(device=param.device, dtype=param.dtype))
torch.AcceleratorError: CUDA error: no kernel image is available for execution on the device
Search for `cudaErrorNoKernelImageForDevice' in https://docs.nvidia.com/cuda/cuda-runtime-api/group__CUDART__TYPES.html for more information.
CUDA kernel errors might be asynchronously reported at some other API call, so the stacktrace below might be incorrect.
For debugging consider passing CUDA_LAUNCH_BLOCKING=1
Compile with `TORCH_USE_CUDA_DSA` to enable device-side assertions.


FAILED COMMAND: /mnt/aiongpfs/users/dsen/micromamba/envs/cka-cifar/bin/python -m src.train --global-config configs/global_cifar10.yaml --config configs/cka_feddst_mnist.yaml --seed 42 --sparsity 0.9 --cka-strength 0.5 --log-dir results/logs/cka_strength_sweep/cifar10_cka_strength_20260724_145851/strength_0p5/seed_42 --checkpoint-dir results/checkpoints/cka_strength_sweep/cifar10_cka_strength_20260724_145851/strength_0p5/seed_42 --plot-dir results/plots/cka_strength_sweep/cifar10_cka_strength_20260724_145851
Exit code: 1
/mnt/aiongpfs/users/dsen/micromamba/envs/cka-cifar/lib/python3.11/site-packages/torchvision/datasets/cifar.py:83: VisibleDeprecationWarning: dtype(): align should be passed as Python or NumPy boolean but got `align=0`. Did you mean to pass a tuple to create a subarray type? (Deprecated NumPy 2.4)
  entry = pickle.load(f, encoding="latin1")
/home/users/dsen/.local/lib/python3.11/site-packages/torch/cuda/__init__.py:371: UserWarning: Found GPU0 Tesla V100-SXM2-16GB which is of compute capability (CC) 7.0.
The following list shows the CCs this version of PyTorch was built for and the hardware CCs it supports:
- 7.5 which supports hardware CC >=7.5,<8.0
- 8.0 which supports hardware CC >=8.0,<9.0 except {8.7}
- 8.6 which supports hardware CC >=8.6,<9.0 except {8.7}
- 9.0 which supports hardware CC >=9.0,<10.0
- 10.0 which supports hardware CC >=10.0,<11.0 except {10.1}
- 12.0 which supports hardware CC >=12.0,<13.0
Please follow the instructions at https://pytorch.org/get-started/locally/ to install a PyTorch release that supports one of these CUDA versions: 12.6, 12.8
  _warn_unsupported_code(d, device_cc, code_ccs)
Traceback (most recent call last):
  File "<frozen runpy>", line 198, in _run_module_as_main
  File "<frozen runpy>", line 88, in _run_code
  File "/mnt/aiongpfs/users/dsen/cka-fed-dynamic-sparsity/src/train.py", line 386, in <module>
    main()
  File "/mnt/aiongpfs/users/dsen/cka-fed-dynamic-sparsity/src/train.py", line 376, in main
    history = run_experiment(config, paths)
              ^^^^^^^^^^^^^^^^^^^^^^^^^^^^^
  File "/mnt/aiongpfs/users/dsen/cka-fed-dynamic-sparsity/src/train.py", line 289, in run_experiment
    history = run_cka_feddst(
              ^^^^^^^^^^^^^^^
  File "/mnt/aiongpfs/users/dsen/cka-fed-dynamic-sparsity/src/federated.py", line 485, in run_cka_feddst
    apply_masks(global_model, masks)
  File "/mnt/aiongpfs/users/dsen/cka-fed-dynamic-sparsity/src/sparsity.py", line 73, in apply_masks
    param.mul_(masks[name].to(device=param.device, dtype=param.dtype))
torch.AcceleratorError: CUDA error: no kernel image is available for execution on the device
Search for `cudaErrorNoKernelImageForDevice' in https://docs.nvidia.com/cuda/cuda-runtime-api/group__CUDART__TYPES.html for more information.
CUDA kernel errors might be asynchronously reported at some other API call, so the stacktrace below might be incorrect.
For debugging consider passing CUDA_LAUNCH_BLOCKING=1
Compile with `TORCH_USE_CUDA_DSA` to enable device-side assertions.


FAILED COMMAND: /mnt/aiongpfs/users/dsen/micromamba/envs/cka-cifar/bin/python -m src.train --global-config configs/global_cifar10.yaml --config configs/cka_feddst_mnist.yaml --seed 42 --sparsity 0.95 --cka-strength 0.5 --log-dir results/logs/cka_strength_sweep/cifar10_cka_strength_20260724_145851/strength_0p5/seed_42 --checkpoint-dir results/checkpoints/cka_strength_sweep/cifar10_cka_strength_20260724_145851/strength_0p5/seed_42 --plot-dir results/plots/cka_strength_sweep/cifar10_cka_strength_20260724_145851
Exit code: 1
/mnt/aiongpfs/users/dsen/micromamba/envs/cka-cifar/lib/python3.11/site-packages/torchvision/datasets/cifar.py:83: VisibleDeprecationWarning: dtype(): align should be passed as Python or NumPy boolean but got `align=0`. Did you mean to pass a tuple to create a subarray type? (Deprecated NumPy 2.4)
  entry = pickle.load(f, encoding="latin1")
/home/users/dsen/.local/lib/python3.11/site-packages/torch/cuda/__init__.py:371: UserWarning: Found GPU0 Tesla V100-SXM2-16GB which is of compute capability (CC) 7.0.
The following list shows the CCs this version of PyTorch was built for and the hardware CCs it supports:
- 7.5 which supports hardware CC >=7.5,<8.0
- 8.0 which supports hardware CC >=8.0,<9.0 except {8.7}
- 8.6 which supports hardware CC >=8.6,<9.0 except {8.7}
- 9.0 which supports hardware CC >=9.0,<10.0
- 10.0 which supports hardware CC >=10.0,<11.0 except {10.1}
- 12.0 which supports hardware CC >=12.0,<13.0
Please follow the instructions at https://pytorch.org/get-started/locally/ to install a PyTorch release that supports one of these CUDA versions: 12.6, 12.8
  _warn_unsupported_code(d, device_cc, code_ccs)
Traceback (most recent call last):
  File "<frozen runpy>", line 198, in _run_module_as_main
  File "<frozen runpy>", line 88, in _run_code
  File "/mnt/aiongpfs/users/dsen/cka-fed-dynamic-sparsity/src/train.py", line 386, in <module>
    main()
  File "/mnt/aiongpfs/users/dsen/cka-fed-dynamic-sparsity/src/train.py", line 376, in main
    history = run_experiment(config, paths)
              ^^^^^^^^^^^^^^^^^^^^^^^^^^^^^
  File "/mnt/aiongpfs/users/dsen/cka-fed-dynamic-sparsity/src/train.py", line 289, in run_experiment
    history = run_cka_feddst(
              ^^^^^^^^^^^^^^^
  File "/mnt/aiongpfs/users/dsen/cka-fed-dynamic-sparsity/src/federated.py", line 485, in run_cka_feddst
    apply_masks(global_model, masks)
  File "/mnt/aiongpfs/users/dsen/cka-fed-dynamic-sparsity/src/sparsity.py", line 73, in apply_masks
    param.mul_(masks[name].to(device=param.device, dtype=param.dtype))
torch.AcceleratorError: CUDA error: no kernel image is available for execution on the device
Search for `cudaErrorNoKernelImageForDevice' in https://docs.nvidia.com/cuda/cuda-runtime-api/group__CUDART__TYPES.html for more information.
CUDA kernel errors might be asynchronously reported at some other API call, so the stacktrace below might be incorrect.
For debugging consider passing CUDA_LAUNCH_BLOCKING=1
Compile with `TORCH_USE_CUDA_DSA` to enable device-side assertions.


FAILED COMMAND: /mnt/aiongpfs/users/dsen/micromamba/envs/cka-cifar/bin/python -m src.train --global-config configs/global_cifar10.yaml --config configs/cka_feddst_mnist.yaml --seed 7 --sparsity 0.5 --cka-strength 0.5 --log-dir results/logs/cka_strength_sweep/cifar10_cka_strength_20260724_145851/strength_0p5/seed_7 --checkpoint-dir results/checkpoints/cka_strength_sweep/cifar10_cka_strength_20260724_145851/strength_0p5/seed_7 --plot-dir results/plots/cka_strength_sweep/cifar10_cka_strength_20260724_145851
Exit code: 1
/mnt/aiongpfs/users/dsen/micromamba/envs/cka-cifar/lib/python3.11/site-packages/torchvision/datasets/cifar.py:83: VisibleDeprecationWarning: dtype(): align should be passed as Python or NumPy boolean but got `align=0`. Did you mean to pass a tuple to create a subarray type? (Deprecated NumPy 2.4)
  entry = pickle.load(f, encoding="latin1")
/home/users/dsen/.local/lib/python3.11/site-packages/torch/cuda/__init__.py:371: UserWarning: Found GPU0 Tesla V100-SXM2-16GB which is of compute capability (CC) 7.0.
The following list shows the CCs this version of PyTorch was built for and the hardware CCs it supports:
- 7.5 which supports hardware CC >=7.5,<8.0
- 8.0 which supports hardware CC >=8.0,<9.0 except {8.7}
- 8.6 which supports hardware CC >=8.6,<9.0 except {8.7}
- 9.0 which supports hardware CC >=9.0,<10.0
- 10.0 which supports hardware CC >=10.0,<11.0 except {10.1}
- 12.0 which supports hardware CC >=12.0,<13.0
Please follow the instructions at https://pytorch.org/get-started/locally/ to install a PyTorch release that supports one of these CUDA versions: 12.6, 12.8
  _warn_unsupported_code(d, device_cc, code_ccs)
Traceback (most recent call last):
  File "<frozen runpy>", line 198, in _run_module_as_main
  File "<frozen runpy>", line 88, in _run_code
  File "/mnt/aiongpfs/users/dsen/cka-fed-dynamic-sparsity/src/train.py", line 386, in <module>
    main()
  File "/mnt/aiongpfs/users/dsen/cka-fed-dynamic-sparsity/src/train.py", line 376, in main
    history = run_experiment(config, paths)
              ^^^^^^^^^^^^^^^^^^^^^^^^^^^^^
  File "/mnt/aiongpfs/users/dsen/cka-fed-dynamic-sparsity/src/train.py", line 289, in run_experiment
    history = run_cka_feddst(
              ^^^^^^^^^^^^^^^
  File "/mnt/aiongpfs/users/dsen/cka-fed-dynamic-sparsity/src/federated.py", line 485, in run_cka_feddst
    apply_masks(global_model, masks)
  File "/mnt/aiongpfs/users/dsen/cka-fed-dynamic-sparsity/src/sparsity.py", line 73, in apply_masks
    param.mul_(masks[name].to(device=param.device, dtype=param.dtype))
torch.AcceleratorError: CUDA error: no kernel image is available for execution on the device
Search for `cudaErrorNoKernelImageForDevice' in https://docs.nvidia.com/cuda/cuda-runtime-api/group__CUDART__TYPES.html for more information.
CUDA kernel errors might be asynchronously reported at some other API call, so the stacktrace below might be incorrect.
For debugging consider passing CUDA_LAUNCH_BLOCKING=1
Compile with `TORCH_USE_CUDA_DSA` to enable device-side assertions.


FAILED COMMAND: /mnt/aiongpfs/users/dsen/micromamba/envs/cka-cifar/bin/python -m src.train --global-config configs/global_cifar10.yaml --config configs/cka_feddst_mnist.yaml --seed 7 --sparsity 0.7 --cka-strength 0.5 --log-dir results/logs/cka_strength_sweep/cifar10_cka_strength_20260724_145851/strength_0p5/seed_7 --checkpoint-dir results/checkpoints/cka_strength_sweep/cifar10_cka_strength_20260724_145851/strength_0p5/seed_7 --plot-dir results/plots/cka_strength_sweep/cifar10_cka_strength_20260724_145851
Exit code: 1
/mnt/aiongpfs/users/dsen/micromamba/envs/cka-cifar/lib/python3.11/site-packages/torchvision/datasets/cifar.py:83: VisibleDeprecationWarning: dtype(): align should be passed as Python or NumPy boolean but got `align=0`. Did you mean to pass a tuple to create a subarray type? (Deprecated NumPy 2.4)
  entry = pickle.load(f, encoding="latin1")
/home/users/dsen/.local/lib/python3.11/site-packages/torch/cuda/__init__.py:371: UserWarning: Found GPU0 Tesla V100-SXM2-16GB which is of compute capability (CC) 7.0.
The following list shows the CCs this version of PyTorch was built for and the hardware CCs it supports:
- 7.5 which supports hardware CC >=7.5,<8.0
- 8.0 which supports hardware CC >=8.0,<9.0 except {8.7}
- 8.6 which supports hardware CC >=8.6,<9.0 except {8.7}
- 9.0 which supports hardware CC >=9.0,<10.0
- 10.0 which supports hardware CC >=10.0,<11.0 except {10.1}
- 12.0 which supports hardware CC >=12.0,<13.0
Please follow the instructions at https://pytorch.org/get-started/locally/ to install a PyTorch release that supports one of these CUDA versions: 12.6, 12.8
  _warn_unsupported_code(d, device_cc, code_ccs)
Traceback (most recent call last):
  File "<frozen runpy>", line 198, in _run_module_as_main
  File "<frozen runpy>", line 88, in _run_code
  File "/mnt/aiongpfs/users/dsen/cka-fed-dynamic-sparsity/src/train.py", line 386, in <module>
    main()
  File "/mnt/aiongpfs/users/dsen/cka-fed-dynamic-sparsity/src/train.py", line 376, in main
    history = run_experiment(config, paths)
              ^^^^^^^^^^^^^^^^^^^^^^^^^^^^^
  File "/mnt/aiongpfs/users/dsen/cka-fed-dynamic-sparsity/src/train.py", line 289, in run_experiment
    history = run_cka_feddst(
              ^^^^^^^^^^^^^^^
  File "/mnt/aiongpfs/users/dsen/cka-fed-dynamic-sparsity/src/federated.py", line 485, in run_cka_feddst
    apply_masks(global_model, masks)
  File "/mnt/aiongpfs/users/dsen/cka-fed-dynamic-sparsity/src/sparsity.py", line 73, in apply_masks
    param.mul_(masks[name].to(device=param.device, dtype=param.dtype))
torch.AcceleratorError: CUDA error: no kernel image is available for execution on the device
Search for `cudaErrorNoKernelImageForDevice' in https://docs.nvidia.com/cuda/cuda-runtime-api/group__CUDART__TYPES.html for more information.
CUDA kernel errors might be asynchronously reported at some other API call, so the stacktrace below might be incorrect.
For debugging consider passing CUDA_LAUNCH_BLOCKING=1
Compile with `TORCH_USE_CUDA_DSA` to enable device-side assertions.


FAILED COMMAND: /mnt/aiongpfs/users/dsen/micromamba/envs/cka-cifar/bin/python -m src.train --global-config configs/global_cifar10.yaml --config configs/cka_feddst_mnist.yaml --seed 7 --sparsity 0.8 --cka-strength 0.5 --log-dir results/logs/cka_strength_sweep/cifar10_cka_strength_20260724_145851/strength_0p5/seed_7 --checkpoint-dir results/checkpoints/cka_strength_sweep/cifar10_cka_strength_20260724_145851/strength_0p5/seed_7 --plot-dir results/plots/cka_strength_sweep/cifar10_cka_strength_20260724_145851
Exit code: 1
/mnt/aiongpfs/users/dsen/micromamba/envs/cka-cifar/lib/python3.11/site-packages/torchvision/datasets/cifar.py:83: VisibleDeprecationWarning: dtype(): align should be passed as Python or NumPy boolean but got `align=0`. Did you mean to pass a tuple to create a subarray type? (Deprecated NumPy 2.4)
  entry = pickle.load(f, encoding="latin1")
/home/users/dsen/.local/lib/python3.11/site-packages/torch/cuda/__init__.py:371: UserWarning: Found GPU0 Tesla V100-SXM2-16GB which is of compute capability (CC) 7.0.
The following list shows the CCs this version of PyTorch was built for and the hardware CCs it supports:
- 7.5 which supports hardware CC >=7.5,<8.0
- 8.0 which supports hardware CC >=8.0,<9.0 except {8.7}
- 8.6 which supports hardware CC >=8.6,<9.0 except {8.7}
- 9.0 which supports hardware CC >=9.0,<10.0
- 10.0 which supports hardware CC >=10.0,<11.0 except {10.1}
- 12.0 which supports hardware CC >=12.0,<13.0
Please follow the instructions at https://pytorch.org/get-started/locally/ to install a PyTorch release that supports one of these CUDA versions: 12.6, 12.8
  _warn_unsupported_code(d, device_cc, code_ccs)
Traceback (most recent call last):
  File "<frozen runpy>", line 198, in _run_module_as_main
  File "<frozen runpy>", line 88, in _run_code
  File "/mnt/aiongpfs/users/dsen/cka-fed-dynamic-sparsity/src/train.py", line 386, in <module>
    main()
  File "/mnt/aiongpfs/users/dsen/cka-fed-dynamic-sparsity/src/train.py", line 376, in main
    history = run_experiment(config, paths)
              ^^^^^^^^^^^^^^^^^^^^^^^^^^^^^
  File "/mnt/aiongpfs/users/dsen/cka-fed-dynamic-sparsity/src/train.py", line 289, in run_experiment
    history = run_cka_feddst(
              ^^^^^^^^^^^^^^^
  File "/mnt/aiongpfs/users/dsen/cka-fed-dynamic-sparsity/src/federated.py", line 485, in run_cka_feddst
    apply_masks(global_model, masks)
  File "/mnt/aiongpfs/users/dsen/cka-fed-dynamic-sparsity/src/sparsity.py", line 73, in apply_masks
    param.mul_(masks[name].to(device=param.device, dtype=param.dtype))
torch.AcceleratorError: CUDA error: no kernel image is available for execution on the device
Search for `cudaErrorNoKernelImageForDevice' in https://docs.nvidia.com/cuda/cuda-runtime-api/group__CUDART__TYPES.html for more information.
CUDA kernel errors might be asynchronously reported at some other API call, so the stacktrace below might be incorrect.
For debugging consider passing CUDA_LAUNCH_BLOCKING=1
Compile with `TORCH_USE_CUDA_DSA` to enable device-side assertions.


FAILED COMMAND: /mnt/aiongpfs/users/dsen/micromamba/envs/cka-cifar/bin/python -m src.train --global-config configs/global_cifar10.yaml --config configs/cka_feddst_mnist.yaml --seed 7 --sparsity 0.9 --cka-strength 0.5 --log-dir results/logs/cka_strength_sweep/cifar10_cka_strength_20260724_145851/strength_0p5/seed_7 --checkpoint-dir results/checkpoints/cka_strength_sweep/cifar10_cka_strength_20260724_145851/strength_0p5/seed_7 --plot-dir results/plots/cka_strength_sweep/cifar10_cka_strength_20260724_145851
Exit code: 1
/mnt/aiongpfs/users/dsen/micromamba/envs/cka-cifar/lib/python3.11/site-packages/torchvision/datasets/cifar.py:83: VisibleDeprecationWarning: dtype(): align should be passed as Python or NumPy boolean but got `align=0`. Did you mean to pass a tuple to create a subarray type? (Deprecated NumPy 2.4)
  entry = pickle.load(f, encoding="latin1")
/home/users/dsen/.local/lib/python3.11/site-packages/torch/cuda/__init__.py:371: UserWarning: Found GPU0 Tesla V100-SXM2-16GB which is of compute capability (CC) 7.0.
The following list shows the CCs this version of PyTorch was built for and the hardware CCs it supports:
- 7.5 which supports hardware CC >=7.5,<8.0
- 8.0 which supports hardware CC >=8.0,<9.0 except {8.7}
- 8.6 which supports hardware CC >=8.6,<9.0 except {8.7}
- 9.0 which supports hardware CC >=9.0,<10.0
- 10.0 which supports hardware CC >=10.0,<11.0 except {10.1}
- 12.0 which supports hardware CC >=12.0,<13.0
Please follow the instructions at https://pytorch.org/get-started/locally/ to install a PyTorch release that supports one of these CUDA versions: 12.6, 12.8
  _warn_unsupported_code(d, device_cc, code_ccs)
Traceback (most recent call last):
  File "<frozen runpy>", line 198, in _run_module_as_main
  File "<frozen runpy>", line 88, in _run_code
  File "/mnt/aiongpfs/users/dsen/cka-fed-dynamic-sparsity/src/train.py", line 386, in <module>
    main()
  File "/mnt/aiongpfs/users/dsen/cka-fed-dynamic-sparsity/src/train.py", line 376, in main
    history = run_experiment(config, paths)
              ^^^^^^^^^^^^^^^^^^^^^^^^^^^^^
  File "/mnt/aiongpfs/users/dsen/cka-fed-dynamic-sparsity/src/train.py", line 289, in run_experiment
    history = run_cka_feddst(
              ^^^^^^^^^^^^^^^
  File "/mnt/aiongpfs/users/dsen/cka-fed-dynamic-sparsity/src/federated.py", line 485, in run_cka_feddst
    apply_masks(global_model, masks)
  File "/mnt/aiongpfs/users/dsen/cka-fed-dynamic-sparsity/src/sparsity.py", line 73, in apply_masks
    param.mul_(masks[name].to(device=param.device, dtype=param.dtype))
torch.AcceleratorError: CUDA error: no kernel image is available for execution on the device
Search for `cudaErrorNoKernelImageForDevice' in https://docs.nvidia.com/cuda/cuda-runtime-api/group__CUDART__TYPES.html for more information.
CUDA kernel errors might be asynchronously reported at some other API call, so the stacktrace below might be incorrect.
For debugging consider passing CUDA_LAUNCH_BLOCKING=1
Compile with `TORCH_USE_CUDA_DSA` to enable device-side assertions.


FAILED COMMAND: /mnt/aiongpfs/users/dsen/micromamba/envs/cka-cifar/bin/python -m src.train --global-config configs/global_cifar10.yaml --config configs/cka_feddst_mnist.yaml --seed 7 --sparsity 0.95 --cka-strength 0.5 --log-dir results/logs/cka_strength_sweep/cifar10_cka_strength_20260724_145851/strength_0p5/seed_7 --checkpoint-dir results/checkpoints/cka_strength_sweep/cifar10_cka_strength_20260724_145851/strength_0p5/seed_7 --plot-dir results/plots/cka_strength_sweep/cifar10_cka_strength_20260724_145851
Exit code: 1
/mnt/aiongpfs/users/dsen/micromamba/envs/cka-cifar/lib/python3.11/site-packages/torchvision/datasets/cifar.py:83: VisibleDeprecationWarning: dtype(): align should be passed as Python or NumPy boolean but got `align=0`. Did you mean to pass a tuple to create a subarray type? (Deprecated NumPy 2.4)
  entry = pickle.load(f, encoding="latin1")
/home/users/dsen/.local/lib/python3.11/site-packages/torch/cuda/__init__.py:371: UserWarning: Found GPU0 Tesla V100-SXM2-16GB which is of compute capability (CC) 7.0.
The following list shows the CCs this version of PyTorch was built for and the hardware CCs it supports:
- 7.5 which supports hardware CC >=7.5,<8.0
- 8.0 which supports hardware CC >=8.0,<9.0 except {8.7}
- 8.6 which supports hardware CC >=8.6,<9.0 except {8.7}
- 9.0 which supports hardware CC >=9.0,<10.0
- 10.0 which supports hardware CC >=10.0,<11.0 except {10.1}
- 12.0 which supports hardware CC >=12.0,<13.0
Please follow the instructions at https://pytorch.org/get-started/locally/ to install a PyTorch release that supports one of these CUDA versions: 12.6, 12.8
  _warn_unsupported_code(d, device_cc, code_ccs)
Traceback (most recent call last):
  File "<frozen runpy>", line 198, in _run_module_as_main
  File "<frozen runpy>", line 88, in _run_code
  File "/mnt/aiongpfs/users/dsen/cka-fed-dynamic-sparsity/src/train.py", line 386, in <module>
    main()
  File "/mnt/aiongpfs/users/dsen/cka-fed-dynamic-sparsity/src/train.py", line 376, in main
    history = run_experiment(config, paths)
              ^^^^^^^^^^^^^^^^^^^^^^^^^^^^^
  File "/mnt/aiongpfs/users/dsen/cka-fed-dynamic-sparsity/src/train.py", line 289, in run_experiment
    history = run_cka_feddst(
              ^^^^^^^^^^^^^^^
  File "/mnt/aiongpfs/users/dsen/cka-fed-dynamic-sparsity/src/federated.py", line 485, in run_cka_feddst
    apply_masks(global_model, masks)
  File "/mnt/aiongpfs/users/dsen/cka-fed-dynamic-sparsity/src/sparsity.py", line 73, in apply_masks
    param.mul_(masks[name].to(device=param.device, dtype=param.dtype))
torch.AcceleratorError: CUDA error: no kernel image is available for execution on the device
Search for `cudaErrorNoKernelImageForDevice' in https://docs.nvidia.com/cuda/cuda-runtime-api/group__CUDART__TYPES.html for more information.
CUDA kernel errors might be asynchronously reported at some other API call, so the stacktrace below might be incorrect.
For debugging consider passing CUDA_LAUNCH_BLOCKING=1
Compile with `TORCH_USE_CUDA_DSA` to enable device-side assertions.


FAILED COMMAND: /mnt/aiongpfs/users/dsen/micromamba/envs/cka-cifar/bin/python -m src.train --global-config configs/global_cifar10.yaml --config configs/cka_feddst_mnist.yaml --seed 13 --sparsity 0.5 --cka-strength 0.5 --log-dir results/logs/cka_strength_sweep/cifar10_cka_strength_20260724_145851/strength_0p5/seed_13 --checkpoint-dir results/checkpoints/cka_strength_sweep/cifar10_cka_strength_20260724_145851/strength_0p5/seed_13 --plot-dir results/plots/cka_strength_sweep/cifar10_cka_strength_20260724_145851
Exit code: 1
/mnt/aiongpfs/users/dsen/micromamba/envs/cka-cifar/lib/python3.11/site-packages/torchvision/datasets/cifar.py:83: VisibleDeprecationWarning: dtype(): align should be passed as Python or NumPy boolean but got `align=0`. Did you mean to pass a tuple to create a subarray type? (Deprecated NumPy 2.4)
  entry = pickle.load(f, encoding="latin1")
/home/users/dsen/.local/lib/python3.11/site-packages/torch/cuda/__init__.py:371: UserWarning: Found GPU0 Tesla V100-SXM2-16GB which is of compute capability (CC) 7.0.
The following list shows the CCs this version of PyTorch was built for and the hardware CCs it supports:
- 7.5 which supports hardware CC >=7.5,<8.0
- 8.0 which supports hardware CC >=8.0,<9.0 except {8.7}
- 8.6 which supports hardware CC >=8.6,<9.0 except {8.7}
- 9.0 which supports hardware CC >=9.0,<10.0
- 10.0 which supports hardware CC >=10.0,<11.0 except {10.1}
- 12.0 which supports hardware CC >=12.0,<13.0
Please follow the instructions at https://pytorch.org/get-started/locally/ to install a PyTorch release that supports one of these CUDA versions: 12.6, 12.8
  _warn_unsupported_code(d, device_cc, code_ccs)
Traceback (most recent call last):
  File "<frozen runpy>", line 198, in _run_module_as_main
  File "<frozen runpy>", line 88, in _run_code
  File "/mnt/aiongpfs/users/dsen/cka-fed-dynamic-sparsity/src/train.py", line 386, in <module>
    main()
  File "/mnt/aiongpfs/users/dsen/cka-fed-dynamic-sparsity/src/train.py", line 376, in main
    history = run_experiment(config, paths)
              ^^^^^^^^^^^^^^^^^^^^^^^^^^^^^
  File "/mnt/aiongpfs/users/dsen/cka-fed-dynamic-sparsity/src/train.py", line 289, in run_experiment
    history = run_cka_feddst(
              ^^^^^^^^^^^^^^^
  File "/mnt/aiongpfs/users/dsen/cka-fed-dynamic-sparsity/src/federated.py", line 485, in run_cka_feddst
    apply_masks(global_model, masks)
  File "/mnt/aiongpfs/users/dsen/cka-fed-dynamic-sparsity/src/sparsity.py", line 73, in apply_masks
    param.mul_(masks[name].to(device=param.device, dtype=param.dtype))
torch.AcceleratorError: CUDA error: no kernel image is available for execution on the device
Search for `cudaErrorNoKernelImageForDevice' in https://docs.nvidia.com/cuda/cuda-runtime-api/group__CUDART__TYPES.html for more information.
CUDA kernel errors might be asynchronously reported at some other API call, so the stacktrace below might be incorrect.
For debugging consider passing CUDA_LAUNCH_BLOCKING=1
Compile with `TORCH_USE_CUDA_DSA` to enable device-side assertions.


FAILED COMMAND: /mnt/aiongpfs/users/dsen/micromamba/envs/cka-cifar/bin/python -m src.train --global-config configs/global_cifar10.yaml --config configs/cka_feddst_mnist.yaml --seed 13 --sparsity 0.7 --cka-strength 0.5 --log-dir results/logs/cka_strength_sweep/cifar10_cka_strength_20260724_145851/strength_0p5/seed_13 --checkpoint-dir results/checkpoints/cka_strength_sweep/cifar10_cka_strength_20260724_145851/strength_0p5/seed_13 --plot-dir results/plots/cka_strength_sweep/cifar10_cka_strength_20260724_145851
Exit code: 1
/mnt/aiongpfs/users/dsen/micromamba/envs/cka-cifar/lib/python3.11/site-packages/torchvision/datasets/cifar.py:83: VisibleDeprecationWarning: dtype(): align should be passed as Python or NumPy boolean but got `align=0`. Did you mean to pass a tuple to create a subarray type? (Deprecated NumPy 2.4)
  entry = pickle.load(f, encoding="latin1")
/home/users/dsen/.local/lib/python3.11/site-packages/torch/cuda/__init__.py:371: UserWarning: Found GPU0 Tesla V100-SXM2-16GB which is of compute capability (CC) 7.0.
The following list shows the CCs this version of PyTorch was built for and the hardware CCs it supports:
- 7.5 which supports hardware CC >=7.5,<8.0
- 8.0 which supports hardware CC >=8.0,<9.0 except {8.7}
- 8.6 which supports hardware CC >=8.6,<9.0 except {8.7}
- 9.0 which supports hardware CC >=9.0,<10.0
- 10.0 which supports hardware CC >=10.0,<11.0 except {10.1}
- 12.0 which supports hardware CC >=12.0,<13.0
Please follow the instructions at https://pytorch.org/get-started/locally/ to install a PyTorch release that supports one of these CUDA versions: 12.6, 12.8
  _warn_unsupported_code(d, device_cc, code_ccs)
Traceback (most recent call last):
  File "<frozen runpy>", line 198, in _run_module_as_main
  File "<frozen runpy>", line 88, in _run_code
  File "/mnt/aiongpfs/users/dsen/cka-fed-dynamic-sparsity/src/train.py", line 386, in <module>
    main()
  File "/mnt/aiongpfs/users/dsen/cka-fed-dynamic-sparsity/src/train.py", line 376, in main
    history = run_experiment(config, paths)
              ^^^^^^^^^^^^^^^^^^^^^^^^^^^^^
  File "/mnt/aiongpfs/users/dsen/cka-fed-dynamic-sparsity/src/train.py", line 289, in run_experiment
    history = run_cka_feddst(
              ^^^^^^^^^^^^^^^
  File "/mnt/aiongpfs/users/dsen/cka-fed-dynamic-sparsity/src/federated.py", line 485, in run_cka_feddst
    apply_masks(global_model, masks)
  File "/mnt/aiongpfs/users/dsen/cka-fed-dynamic-sparsity/src/sparsity.py", line 73, in apply_masks
    param.mul_(masks[name].to(device=param.device, dtype=param.dtype))
torch.AcceleratorError: CUDA error: no kernel image is available for execution on the device
Search for `cudaErrorNoKernelImageForDevice' in https://docs.nvidia.com/cuda/cuda-runtime-api/group__CUDART__TYPES.html for more information.
CUDA kernel errors might be asynchronously reported at some other API call, so the stacktrace below might be incorrect.
For debugging consider passing CUDA_LAUNCH_BLOCKING=1
Compile with `TORCH_USE_CUDA_DSA` to enable device-side assertions.


FAILED COMMAND: /mnt/aiongpfs/users/dsen/micromamba/envs/cka-cifar/bin/python -m src.train --global-config configs/global_cifar10.yaml --config configs/cka_feddst_mnist.yaml --seed 13 --sparsity 0.8 --cka-strength 0.5 --log-dir results/logs/cka_strength_sweep/cifar10_cka_strength_20260724_145851/strength_0p5/seed_13 --checkpoint-dir results/checkpoints/cka_strength_sweep/cifar10_cka_strength_20260724_145851/strength_0p5/seed_13 --plot-dir results/plots/cka_strength_sweep/cifar10_cka_strength_20260724_145851
Exit code: 1
/mnt/aiongpfs/users/dsen/micromamba/envs/cka-cifar/lib/python3.11/site-packages/torchvision/datasets/cifar.py:83: VisibleDeprecationWarning: dtype(): align should be passed as Python or NumPy boolean but got `align=0`. Did you mean to pass a tuple to create a subarray type? (Deprecated NumPy 2.4)
  entry = pickle.load(f, encoding="latin1")
/home/users/dsen/.local/lib/python3.11/site-packages/torch/cuda/__init__.py:371: UserWarning: Found GPU0 Tesla V100-SXM2-16GB which is of compute capability (CC) 7.0.
The following list shows the CCs this version of PyTorch was built for and the hardware CCs it supports:
- 7.5 which supports hardware CC >=7.5,<8.0
- 8.0 which supports hardware CC >=8.0,<9.0 except {8.7}
- 8.6 which supports hardware CC >=8.6,<9.0 except {8.7}
- 9.0 which supports hardware CC >=9.0,<10.0
- 10.0 which supports hardware CC >=10.0,<11.0 except {10.1}
- 12.0 which supports hardware CC >=12.0,<13.0
Please follow the instructions at https://pytorch.org/get-started/locally/ to install a PyTorch release that supports one of these CUDA versions: 12.6, 12.8
  _warn_unsupported_code(d, device_cc, code_ccs)
Traceback (most recent call last):
  File "<frozen runpy>", line 198, in _run_module_as_main
  File "<frozen runpy>", line 88, in _run_code
  File "/mnt/aiongpfs/users/dsen/cka-fed-dynamic-sparsity/src/train.py", line 386, in <module>
    main()
  File "/mnt/aiongpfs/users/dsen/cka-fed-dynamic-sparsity/src/train.py", line 376, in main
    history = run_experiment(config, paths)
              ^^^^^^^^^^^^^^^^^^^^^^^^^^^^^
  File "/mnt/aiongpfs/users/dsen/cka-fed-dynamic-sparsity/src/train.py", line 289, in run_experiment
    history = run_cka_feddst(
              ^^^^^^^^^^^^^^^
  File "/mnt/aiongpfs/users/dsen/cka-fed-dynamic-sparsity/src/federated.py", line 485, in run_cka_feddst
    apply_masks(global_model, masks)
  File "/mnt/aiongpfs/users/dsen/cka-fed-dynamic-sparsity/src/sparsity.py", line 73, in apply_masks
    param.mul_(masks[name].to(device=param.device, dtype=param.dtype))
torch.AcceleratorError: CUDA error: no kernel image is available for execution on the device
Search for `cudaErrorNoKernelImageForDevice' in https://docs.nvidia.com/cuda/cuda-runtime-api/group__CUDART__TYPES.html for more information.
CUDA kernel errors might be asynchronously reported at some other API call, so the stacktrace below might be incorrect.
For debugging consider passing CUDA_LAUNCH_BLOCKING=1
Compile with `TORCH_USE_CUDA_DSA` to enable device-side assertions.


FAILED COMMAND: /mnt/aiongpfs/users/dsen/micromamba/envs/cka-cifar/bin/python -m src.train --global-config configs/global_cifar10.yaml --config configs/cka_feddst_mnist.yaml --seed 13 --sparsity 0.9 --cka-strength 0.5 --log-dir results/logs/cka_strength_sweep/cifar10_cka_strength_20260724_145851/strength_0p5/seed_13 --checkpoint-dir results/checkpoints/cka_strength_sweep/cifar10_cka_strength_20260724_145851/strength_0p5/seed_13 --plot-dir results/plots/cka_strength_sweep/cifar10_cka_strength_20260724_145851
Exit code: 1
/mnt/aiongpfs/users/dsen/micromamba/envs/cka-cifar/lib/python3.11/site-packages/torchvision/datasets/cifar.py:83: VisibleDeprecationWarning: dtype(): align should be passed as Python or NumPy boolean but got `align=0`. Did you mean to pass a tuple to create a subarray type? (Deprecated NumPy 2.4)
  entry = pickle.load(f, encoding="latin1")
/home/users/dsen/.local/lib/python3.11/site-packages/torch/cuda/__init__.py:371: UserWarning: Found GPU0 Tesla V100-SXM2-16GB which is of compute capability (CC) 7.0.
The following list shows the CCs this version of PyTorch was built for and the hardware CCs it supports:
- 7.5 which supports hardware CC >=7.5,<8.0
- 8.0 which supports hardware CC >=8.0,<9.0 except {8.7}
- 8.6 which supports hardware CC >=8.6,<9.0 except {8.7}
- 9.0 which supports hardware CC >=9.0,<10.0
- 10.0 which supports hardware CC >=10.0,<11.0 except {10.1}
- 12.0 which supports hardware CC >=12.0,<13.0
Please follow the instructions at https://pytorch.org/get-started/locally/ to install a PyTorch release that supports one of these CUDA versions: 12.6, 12.8
  _warn_unsupported_code(d, device_cc, code_ccs)
Traceback (most recent call last):
  File "<frozen runpy>", line 198, in _run_module_as_main
  File "<frozen runpy>", line 88, in _run_code
  File "/mnt/aiongpfs/users/dsen/cka-fed-dynamic-sparsity/src/train.py", line 386, in <module>
    main()
  File "/mnt/aiongpfs/users/dsen/cka-fed-dynamic-sparsity/src/train.py", line 376, in main
    history = run_experiment(config, paths)
              ^^^^^^^^^^^^^^^^^^^^^^^^^^^^^
  File "/mnt/aiongpfs/users/dsen/cka-fed-dynamic-sparsity/src/train.py", line 289, in run_experiment
    history = run_cka_feddst(
              ^^^^^^^^^^^^^^^
  File "/mnt/aiongpfs/users/dsen/cka-fed-dynamic-sparsity/src/federated.py", line 485, in run_cka_feddst
    apply_masks(global_model, masks)
  File "/mnt/aiongpfs/users/dsen/cka-fed-dynamic-sparsity/src/sparsity.py", line 73, in apply_masks
    param.mul_(masks[name].to(device=param.device, dtype=param.dtype))
torch.AcceleratorError: CUDA error: no kernel image is available for execution on the device
Search for `cudaErrorNoKernelImageForDevice' in https://docs.nvidia.com/cuda/cuda-runtime-api/group__CUDART__TYPES.html for more information.
CUDA kernel errors might be asynchronously reported at some other API call, so the stacktrace below might be incorrect.
For debugging consider passing CUDA_LAUNCH_BLOCKING=1
Compile with `TORCH_USE_CUDA_DSA` to enable device-side assertions.


FAILED COMMAND: /mnt/aiongpfs/users/dsen/micromamba/envs/cka-cifar/bin/python -m src.train --global-config configs/global_cifar10.yaml --config configs/cka_feddst_mnist.yaml --seed 13 --sparsity 0.95 --cka-strength 0.5 --log-dir results/logs/cka_strength_sweep/cifar10_cka_strength_20260724_145851/strength_0p5/seed_13 --checkpoint-dir results/checkpoints/cka_strength_sweep/cifar10_cka_strength_20260724_145851/strength_0p5/seed_13 --plot-dir results/plots/cka_strength_sweep/cifar10_cka_strength_20260724_145851
Exit code: 1
/mnt/aiongpfs/users/dsen/micromamba/envs/cka-cifar/lib/python3.11/site-packages/torchvision/datasets/cifar.py:83: VisibleDeprecationWarning: dtype(): align should be passed as Python or NumPy boolean but got `align=0`. Did you mean to pass a tuple to create a subarray type? (Deprecated NumPy 2.4)
  entry = pickle.load(f, encoding="latin1")
/home/users/dsen/.local/lib/python3.11/site-packages/torch/cuda/__init__.py:371: UserWarning: Found GPU0 Tesla V100-SXM2-16GB which is of compute capability (CC) 7.0.
The following list shows the CCs this version of PyTorch was built for and the hardware CCs it supports:
- 7.5 which supports hardware CC >=7.5,<8.0
- 8.0 which supports hardware CC >=8.0,<9.0 except {8.7}
- 8.6 which supports hardware CC >=8.6,<9.0 except {8.7}
- 9.0 which supports hardware CC >=9.0,<10.0
- 10.0 which supports hardware CC >=10.0,<11.0 except {10.1}
- 12.0 which supports hardware CC >=12.0,<13.0
Please follow the instructions at https://pytorch.org/get-started/locally/ to install a PyTorch release that supports one of these CUDA versions: 12.6, 12.8
  _warn_unsupported_code(d, device_cc, code_ccs)
Traceback (most recent call last):
  File "<frozen runpy>", line 198, in _run_module_as_main
  File "<frozen runpy>", line 88, in _run_code
  File "/mnt/aiongpfs/users/dsen/cka-fed-dynamic-sparsity/src/train.py", line 386, in <module>
    main()
  File "/mnt/aiongpfs/users/dsen/cka-fed-dynamic-sparsity/src/train.py", line 376, in main
    history = run_experiment(config, paths)
              ^^^^^^^^^^^^^^^^^^^^^^^^^^^^^
  File "/mnt/aiongpfs/users/dsen/cka-fed-dynamic-sparsity/src/train.py", line 289, in run_experiment
    history = run_cka_feddst(
              ^^^^^^^^^^^^^^^
  File "/mnt/aiongpfs/users/dsen/cka-fed-dynamic-sparsity/src/federated.py", line 485, in run_cka_feddst
    apply_masks(global_model, masks)
  File "/mnt/aiongpfs/users/dsen/cka-fed-dynamic-sparsity/src/sparsity.py", line 73, in apply_masks
    param.mul_(masks[name].to(device=param.device, dtype=param.dtype))
torch.AcceleratorError: CUDA error: no kernel image is available for execution on the device
Search for `cudaErrorNoKernelImageForDevice' in https://docs.nvidia.com/cuda/cuda-runtime-api/group__CUDART__TYPES.html for more information.
CUDA kernel errors might be asynchronously reported at some other API call, so the stacktrace below might be incorrect.
For debugging consider passing CUDA_LAUNCH_BLOCKING=1
Compile with `TORCH_USE_CUDA_DSA` to enable device-side assertions.


FAILED COMMAND: /mnt/aiongpfs/users/dsen/micromamba/envs/cka-cifar/bin/python -m src.train --global-config configs/global_cifar10.yaml --config configs/cka_feddst_mnist.yaml --seed 21 --sparsity 0.5 --cka-strength 0.5 --log-dir results/logs/cka_strength_sweep/cifar10_cka_strength_20260724_145851/strength_0p5/seed_21 --checkpoint-dir results/checkpoints/cka_strength_sweep/cifar10_cka_strength_20260724_145851/strength_0p5/seed_21 --plot-dir results/plots/cka_strength_sweep/cifar10_cka_strength_20260724_145851
Exit code: 1
/mnt/aiongpfs/users/dsen/micromamba/envs/cka-cifar/lib/python3.11/site-packages/torchvision/datasets/cifar.py:83: VisibleDeprecationWarning: dtype(): align should be passed as Python or NumPy boolean but got `align=0`. Did you mean to pass a tuple to create a subarray type? (Deprecated NumPy 2.4)
  entry = pickle.load(f, encoding="latin1")
/home/users/dsen/.local/lib/python3.11/site-packages/torch/cuda/__init__.py:371: UserWarning: Found GPU0 Tesla V100-SXM2-16GB which is of compute capability (CC) 7.0.
The following list shows the CCs this version of PyTorch was built for and the hardware CCs it supports:
- 7.5 which supports hardware CC >=7.5,<8.0
- 8.0 which supports hardware CC >=8.0,<9.0 except {8.7}
- 8.6 which supports hardware CC >=8.6,<9.0 except {8.7}
- 9.0 which supports hardware CC >=9.0,<10.0
- 10.0 which supports hardware CC >=10.0,<11.0 except {10.1}
- 12.0 which supports hardware CC >=12.0,<13.0
Please follow the instructions at https://pytorch.org/get-started/locally/ to install a PyTorch release that supports one of these CUDA versions: 12.6, 12.8
  _warn_unsupported_code(d, device_cc, code_ccs)
Traceback (most recent call last):
  File "<frozen runpy>", line 198, in _run_module_as_main
  File "<frozen runpy>", line 88, in _run_code
  File "/mnt/aiongpfs/users/dsen/cka-fed-dynamic-sparsity/src/train.py", line 386, in <module>
    main()
  File "/mnt/aiongpfs/users/dsen/cka-fed-dynamic-sparsity/src/train.py", line 376, in main
    history = run_experiment(config, paths)
              ^^^^^^^^^^^^^^^^^^^^^^^^^^^^^
  File "/mnt/aiongpfs/users/dsen/cka-fed-dynamic-sparsity/src/train.py", line 289, in run_experiment
    history = run_cka_feddst(
              ^^^^^^^^^^^^^^^
  File "/mnt/aiongpfs/users/dsen/cka-fed-dynamic-sparsity/src/federated.py", line 485, in run_cka_feddst
    apply_masks(global_model, masks)
  File "/mnt/aiongpfs/users/dsen/cka-fed-dynamic-sparsity/src/sparsity.py", line 73, in apply_masks
    param.mul_(masks[name].to(device=param.device, dtype=param.dtype))
torch.AcceleratorError: CUDA error: no kernel image is available for execution on the device
Search for `cudaErrorNoKernelImageForDevice' in https://docs.nvidia.com/cuda/cuda-runtime-api/group__CUDART__TYPES.html for more information.
CUDA kernel errors might be asynchronously reported at some other API call, so the stacktrace below might be incorrect.
For debugging consider passing CUDA_LAUNCH_BLOCKING=1
Compile with `TORCH_USE_CUDA_DSA` to enable device-side assertions.


FAILED COMMAND: /mnt/aiongpfs/users/dsen/micromamba/envs/cka-cifar/bin/python -m src.train --global-config configs/global_cifar10.yaml --config configs/cka_feddst_mnist.yaml --seed 21 --sparsity 0.7 --cka-strength 0.5 --log-dir results/logs/cka_strength_sweep/cifar10_cka_strength_20260724_145851/strength_0p5/seed_21 --checkpoint-dir results/checkpoints/cka_strength_sweep/cifar10_cka_strength_20260724_145851/strength_0p5/seed_21 --plot-dir results/plots/cka_strength_sweep/cifar10_cka_strength_20260724_145851
Exit code: 1
/mnt/aiongpfs/users/dsen/micromamba/envs/cka-cifar/lib/python3.11/site-packages/torchvision/datasets/cifar.py:83: VisibleDeprecationWarning: dtype(): align should be passed as Python or NumPy boolean but got `align=0`. Did you mean to pass a tuple to create a subarray type? (Deprecated NumPy 2.4)
  entry = pickle.load(f, encoding="latin1")
/home/users/dsen/.local/lib/python3.11/site-packages/torch/cuda/__init__.py:371: UserWarning: Found GPU0 Tesla V100-SXM2-16GB which is of compute capability (CC) 7.0.
The following list shows the CCs this version of PyTorch was built for and the hardware CCs it supports:
- 7.5 which supports hardware CC >=7.5,<8.0
- 8.0 which supports hardware CC >=8.0,<9.0 except {8.7}
- 8.6 which supports hardware CC >=8.6,<9.0 except {8.7}
- 9.0 which supports hardware CC >=9.0,<10.0
- 10.0 which supports hardware CC >=10.0,<11.0 except {10.1}
- 12.0 which supports hardware CC >=12.0,<13.0
Please follow the instructions at https://pytorch.org/get-started/locally/ to install a PyTorch release that supports one of these CUDA versions: 12.6, 12.8
  _warn_unsupported_code(d, device_cc, code_ccs)
Traceback (most recent call last):
  File "<frozen runpy>", line 198, in _run_module_as_main
  File "<frozen runpy>", line 88, in _run_code
  File "/mnt/aiongpfs/users/dsen/cka-fed-dynamic-sparsity/src/train.py", line 386, in <module>
    main()
  File "/mnt/aiongpfs/users/dsen/cka-fed-dynamic-sparsity/src/train.py", line 376, in main
    history = run_experiment(config, paths)
              ^^^^^^^^^^^^^^^^^^^^^^^^^^^^^
  File "/mnt/aiongpfs/users/dsen/cka-fed-dynamic-sparsity/src/train.py", line 289, in run_experiment
    history = run_cka_feddst(
              ^^^^^^^^^^^^^^^
  File "/mnt/aiongpfs/users/dsen/cka-fed-dynamic-sparsity/src/federated.py", line 485, in run_cka_feddst
    apply_masks(global_model, masks)
  File "/mnt/aiongpfs/users/dsen/cka-fed-dynamic-sparsity/src/sparsity.py", line 73, in apply_masks
    param.mul_(masks[name].to(device=param.device, dtype=param.dtype))
torch.AcceleratorError: CUDA error: no kernel image is available for execution on the device
Search for `cudaErrorNoKernelImageForDevice' in https://docs.nvidia.com/cuda/cuda-runtime-api/group__CUDART__TYPES.html for more information.
CUDA kernel errors might be asynchronously reported at some other API call, so the stacktrace below might be incorrect.
For debugging consider passing CUDA_LAUNCH_BLOCKING=1
Compile with `TORCH_USE_CUDA_DSA` to enable device-side assertions.


FAILED COMMAND: /mnt/aiongpfs/users/dsen/micromamba/envs/cka-cifar/bin/python -m src.train --global-config configs/global_cifar10.yaml --config configs/cka_feddst_mnist.yaml --seed 21 --sparsity 0.8 --cka-strength 0.5 --log-dir results/logs/cka_strength_sweep/cifar10_cka_strength_20260724_145851/strength_0p5/seed_21 --checkpoint-dir results/checkpoints/cka_strength_sweep/cifar10_cka_strength_20260724_145851/strength_0p5/seed_21 --plot-dir results/plots/cka_strength_sweep/cifar10_cka_strength_20260724_145851
Exit code: 1
/mnt/aiongpfs/users/dsen/micromamba/envs/cka-cifar/lib/python3.11/site-packages/torchvision/datasets/cifar.py:83: VisibleDeprecationWarning: dtype(): align should be passed as Python or NumPy boolean but got `align=0`. Did you mean to pass a tuple to create a subarray type? (Deprecated NumPy 2.4)
  entry = pickle.load(f, encoding="latin1")
/home/users/dsen/.local/lib/python3.11/site-packages/torch/cuda/__init__.py:371: UserWarning: Found GPU0 Tesla V100-SXM2-16GB which is of compute capability (CC) 7.0.
The following list shows the CCs this version of PyTorch was built for and the hardware CCs it supports:
- 7.5 which supports hardware CC >=7.5,<8.0
- 8.0 which supports hardware CC >=8.0,<9.0 except {8.7}
- 8.6 which supports hardware CC >=8.6,<9.0 except {8.7}
- 9.0 which supports hardware CC >=9.0,<10.0
- 10.0 which supports hardware CC >=10.0,<11.0 except {10.1}
- 12.0 which supports hardware CC >=12.0,<13.0
Please follow the instructions at https://pytorch.org/get-started/locally/ to install a PyTorch release that supports one of these CUDA versions: 12.6, 12.8
  _warn_unsupported_code(d, device_cc, code_ccs)
Traceback (most recent call last):
  File "<frozen runpy>", line 198, in _run_module_as_main
  File "<frozen runpy>", line 88, in _run_code
  File "/mnt/aiongpfs/users/dsen/cka-fed-dynamic-sparsity/src/train.py", line 386, in <module>
    main()
  File "/mnt/aiongpfs/users/dsen/cka-fed-dynamic-sparsity/src/train.py", line 376, in main
    history = run_experiment(config, paths)
              ^^^^^^^^^^^^^^^^^^^^^^^^^^^^^
  File "/mnt/aiongpfs/users/dsen/cka-fed-dynamic-sparsity/src/train.py", line 289, in run_experiment
    history = run_cka_feddst(
              ^^^^^^^^^^^^^^^
  File "/mnt/aiongpfs/users/dsen/cka-fed-dynamic-sparsity/src/federated.py", line 485, in run_cka_feddst
    apply_masks(global_model, masks)
  File "/mnt/aiongpfs/users/dsen/cka-fed-dynamic-sparsity/src/sparsity.py", line 73, in apply_masks
    param.mul_(masks[name].to(device=param.device, dtype=param.dtype))
torch.AcceleratorError: CUDA error: no kernel image is available for execution on the device
Search for `cudaErrorNoKernelImageForDevice' in https://docs.nvidia.com/cuda/cuda-runtime-api/group__CUDART__TYPES.html for more information.
CUDA kernel errors might be asynchronously reported at some other API call, so the stacktrace below might be incorrect.
For debugging consider passing CUDA_LAUNCH_BLOCKING=1
Compile with `TORCH_USE_CUDA_DSA` to enable device-side assertions.


FAILED COMMAND: /mnt/aiongpfs/users/dsen/micromamba/envs/cka-cifar/bin/python -m src.train --global-config configs/global_cifar10.yaml --config configs/cka_feddst_mnist.yaml --seed 21 --sparsity 0.9 --cka-strength 0.5 --log-dir results/logs/cka_strength_sweep/cifar10_cka_strength_20260724_145851/strength_0p5/seed_21 --checkpoint-dir results/checkpoints/cka_strength_sweep/cifar10_cka_strength_20260724_145851/strength_0p5/seed_21 --plot-dir results/plots/cka_strength_sweep/cifar10_cka_strength_20260724_145851
Exit code: 1
/mnt/aiongpfs/users/dsen/micromamba/envs/cka-cifar/lib/python3.11/site-packages/torchvision/datasets/cifar.py:83: VisibleDeprecationWarning: dtype(): align should be passed as Python or NumPy boolean but got `align=0`. Did you mean to pass a tuple to create a subarray type? (Deprecated NumPy 2.4)
  entry = pickle.load(f, encoding="latin1")
/home/users/dsen/.local/lib/python3.11/site-packages/torch/cuda/__init__.py:371: UserWarning: Found GPU0 Tesla V100-SXM2-16GB which is of compute capability (CC) 7.0.
The following list shows the CCs this version of PyTorch was built for and the hardware CCs it supports:
- 7.5 which supports hardware CC >=7.5,<8.0
- 8.0 which supports hardware CC >=8.0,<9.0 except {8.7}
- 8.6 which supports hardware CC >=8.6,<9.0 except {8.7}
- 9.0 which supports hardware CC >=9.0,<10.0
- 10.0 which supports hardware CC >=10.0,<11.0 except {10.1}
- 12.0 which supports hardware CC >=12.0,<13.0
Please follow the instructions at https://pytorch.org/get-started/locally/ to install a PyTorch release that supports one of these CUDA versions: 12.6, 12.8
  _warn_unsupported_code(d, device_cc, code_ccs)
Traceback (most recent call last):
  File "<frozen runpy>", line 198, in _run_module_as_main
  File "<frozen runpy>", line 88, in _run_code
  File "/mnt/aiongpfs/users/dsen/cka-fed-dynamic-sparsity/src/train.py", line 386, in <module>
    main()
  File "/mnt/aiongpfs/users/dsen/cka-fed-dynamic-sparsity/src/train.py", line 376, in main
    history = run_experiment(config, paths)
              ^^^^^^^^^^^^^^^^^^^^^^^^^^^^^
  File "/mnt/aiongpfs/users/dsen/cka-fed-dynamic-sparsity/src/train.py", line 289, in run_experiment
    history = run_cka_feddst(
              ^^^^^^^^^^^^^^^
  File "/mnt/aiongpfs/users/dsen/cka-fed-dynamic-sparsity/src/federated.py", line 485, in run_cka_feddst
    apply_masks(global_model, masks)
  File "/mnt/aiongpfs/users/dsen/cka-fed-dynamic-sparsity/src/sparsity.py", line 73, in apply_masks
    param.mul_(masks[name].to(device=param.device, dtype=param.dtype))
torch.AcceleratorError: CUDA error: no kernel image is available for execution on the device
Search for `cudaErrorNoKernelImageForDevice' in https://docs.nvidia.com/cuda/cuda-runtime-api/group__CUDART__TYPES.html for more information.
CUDA kernel errors might be asynchronously reported at some other API call, so the stacktrace below might be incorrect.
For debugging consider passing CUDA_LAUNCH_BLOCKING=1
Compile with `TORCH_USE_CUDA_DSA` to enable device-side assertions.


FAILED COMMAND: /mnt/aiongpfs/users/dsen/micromamba/envs/cka-cifar/bin/python -m src.train --global-config configs/global_cifar10.yaml --config configs/cka_feddst_mnist.yaml --seed 21 --sparsity 0.95 --cka-strength 0.5 --log-dir results/logs/cka_strength_sweep/cifar10_cka_strength_20260724_145851/strength_0p5/seed_21 --checkpoint-dir results/checkpoints/cka_strength_sweep/cifar10_cka_strength_20260724_145851/strength_0p5/seed_21 --plot-dir results/plots/cka_strength_sweep/cifar10_cka_strength_20260724_145851
Exit code: 1
/mnt/aiongpfs/users/dsen/micromamba/envs/cka-cifar/lib/python3.11/site-packages/torchvision/datasets/cifar.py:83: VisibleDeprecationWarning: dtype(): align should be passed as Python or NumPy boolean but got `align=0`. Did you mean to pass a tuple to create a subarray type? (Deprecated NumPy 2.4)
  entry = pickle.load(f, encoding="latin1")
/home/users/dsen/.local/lib/python3.11/site-packages/torch/cuda/__init__.py:371: UserWarning: Found GPU0 Tesla V100-SXM2-16GB which is of compute capability (CC) 7.0.
The following list shows the CCs this version of PyTorch was built for and the hardware CCs it supports:
- 7.5 which supports hardware CC >=7.5,<8.0
- 8.0 which supports hardware CC >=8.0,<9.0 except {8.7}
- 8.6 which supports hardware CC >=8.6,<9.0 except {8.7}
- 9.0 which supports hardware CC >=9.0,<10.0
- 10.0 which supports hardware CC >=10.0,<11.0 except {10.1}
- 12.0 which supports hardware CC >=12.0,<13.0
Please follow the instructions at https://pytorch.org/get-started/locally/ to install a PyTorch release that supports one of these CUDA versions: 12.6, 12.8
  _warn_unsupported_code(d, device_cc, code_ccs)
Traceback (most recent call last):
  File "<frozen runpy>", line 198, in _run_module_as_main
  File "<frozen runpy>", line 88, in _run_code
  File "/mnt/aiongpfs/users/dsen/cka-fed-dynamic-sparsity/src/train.py", line 386, in <module>
    main()
  File "/mnt/aiongpfs/users/dsen/cka-fed-dynamic-sparsity/src/train.py", line 376, in main
    history = run_experiment(config, paths)
              ^^^^^^^^^^^^^^^^^^^^^^^^^^^^^
  File "/mnt/aiongpfs/users/dsen/cka-fed-dynamic-sparsity/src/train.py", line 289, in run_experiment
    history = run_cka_feddst(
              ^^^^^^^^^^^^^^^
  File "/mnt/aiongpfs/users/dsen/cka-fed-dynamic-sparsity/src/federated.py", line 485, in run_cka_feddst
    apply_masks(global_model, masks)
  File "/mnt/aiongpfs/users/dsen/cka-fed-dynamic-sparsity/src/sparsity.py", line 73, in apply_masks
    param.mul_(masks[name].to(device=param.device, dtype=param.dtype))
torch.AcceleratorError: CUDA error: no kernel image is available for execution on the device
Search for `cudaErrorNoKernelImageForDevice' in https://docs.nvidia.com/cuda/cuda-runtime-api/group__CUDART__TYPES.html for more information.
CUDA kernel errors might be asynchronously reported at some other API call, so the stacktrace below might be incorrect.
For debugging consider passing CUDA_LAUNCH_BLOCKING=1
Compile with `TORCH_USE_CUDA_DSA` to enable device-side assertions.


FAILED COMMAND: /mnt/aiongpfs/users/dsen/micromamba/envs/cka-cifar/bin/python -m src.train --global-config configs/global_cifar10.yaml --config configs/cka_feddst_mnist.yaml --seed 100 --sparsity 0.5 --cka-strength 0.5 --log-dir results/logs/cka_strength_sweep/cifar10_cka_strength_20260724_145851/strength_0p5/seed_100 --checkpoint-dir results/checkpoints/cka_strength_sweep/cifar10_cka_strength_20260724_145851/strength_0p5/seed_100 --plot-dir results/plots/cka_strength_sweep/cifar10_cka_strength_20260724_145851
Exit code: 1
/mnt/aiongpfs/users/dsen/micromamba/envs/cka-cifar/lib/python3.11/site-packages/torchvision/datasets/cifar.py:83: VisibleDeprecationWarning: dtype(): align should be passed as Python or NumPy boolean but got `align=0`. Did you mean to pass a tuple to create a subarray type? (Deprecated NumPy 2.4)
  entry = pickle.load(f, encoding="latin1")
/home/users/dsen/.local/lib/python3.11/site-packages/torch/cuda/__init__.py:371: UserWarning: Found GPU0 Tesla V100-SXM2-16GB which is of compute capability (CC) 7.0.
The following list shows the CCs this version of PyTorch was built for and the hardware CCs it supports:
- 7.5 which supports hardware CC >=7.5,<8.0
- 8.0 which supports hardware CC >=8.0,<9.0 except {8.7}
- 8.6 which supports hardware CC >=8.6,<9.0 except {8.7}
- 9.0 which supports hardware CC >=9.0,<10.0
- 10.0 which supports hardware CC >=10.0,<11.0 except {10.1}
- 12.0 which supports hardware CC >=12.0,<13.0
Please follow the instructions at https://pytorch.org/get-started/locally/ to install a PyTorch release that supports one of these CUDA versions: 12.6, 12.8
  _warn_unsupported_code(d, device_cc, code_ccs)
Traceback (most recent call last):
  File "<frozen runpy>", line 198, in _run_module_as_main
  File "<frozen runpy>", line 88, in _run_code
  File "/mnt/aiongpfs/users/dsen/cka-fed-dynamic-sparsity/src/train.py", line 386, in <module>
    main()
  File "/mnt/aiongpfs/users/dsen/cka-fed-dynamic-sparsity/src/train.py", line 376, in main
    history = run_experiment(config, paths)
              ^^^^^^^^^^^^^^^^^^^^^^^^^^^^^
  File "/mnt/aiongpfs/users/dsen/cka-fed-dynamic-sparsity/src/train.py", line 289, in run_experiment
    history = run_cka_feddst(
              ^^^^^^^^^^^^^^^
  File "/mnt/aiongpfs/users/dsen/cka-fed-dynamic-sparsity/src/federated.py", line 485, in run_cka_feddst
    apply_masks(global_model, masks)
  File "/mnt/aiongpfs/users/dsen/cka-fed-dynamic-sparsity/src/sparsity.py", line 73, in apply_masks
    param.mul_(masks[name].to(device=param.device, dtype=param.dtype))
torch.AcceleratorError: CUDA error: no kernel image is available for execution on the device
Search for `cudaErrorNoKernelImageForDevice' in https://docs.nvidia.com/cuda/cuda-runtime-api/group__CUDART__TYPES.html for more information.
CUDA kernel errors might be asynchronously reported at some other API call, so the stacktrace below might be incorrect.
For debugging consider passing CUDA_LAUNCH_BLOCKING=1
Compile with `TORCH_USE_CUDA_DSA` to enable device-side assertions.


FAILED COMMAND: /mnt/aiongpfs/users/dsen/micromamba/envs/cka-cifar/bin/python -m src.train --global-config configs/global_cifar10.yaml --config configs/cka_feddst_mnist.yaml --seed 100 --sparsity 0.7 --cka-strength 0.5 --log-dir results/logs/cka_strength_sweep/cifar10_cka_strength_20260724_145851/strength_0p5/seed_100 --checkpoint-dir results/checkpoints/cka_strength_sweep/cifar10_cka_strength_20260724_145851/strength_0p5/seed_100 --plot-dir results/plots/cka_strength_sweep/cifar10_cka_strength_20260724_145851
Exit code: 1
/mnt/aiongpfs/users/dsen/micromamba/envs/cka-cifar/lib/python3.11/site-packages/torchvision/datasets/cifar.py:83: VisibleDeprecationWarning: dtype(): align should be passed as Python or NumPy boolean but got `align=0`. Did you mean to pass a tuple to create a subarray type? (Deprecated NumPy 2.4)
  entry = pickle.load(f, encoding="latin1")
/home/users/dsen/.local/lib/python3.11/site-packages/torch/cuda/__init__.py:371: UserWarning: Found GPU0 Tesla V100-SXM2-16GB which is of compute capability (CC) 7.0.
The following list shows the CCs this version of PyTorch was built for and the hardware CCs it supports:
- 7.5 which supports hardware CC >=7.5,<8.0
- 8.0 which supports hardware CC >=8.0,<9.0 except {8.7}
- 8.6 which supports hardware CC >=8.6,<9.0 except {8.7}
- 9.0 which supports hardware CC >=9.0,<10.0
- 10.0 which supports hardware CC >=10.0,<11.0 except {10.1}
- 12.0 which supports hardware CC >=12.0,<13.0
Please follow the instructions at https://pytorch.org/get-started/locally/ to install a PyTorch release that supports one of these CUDA versions: 12.6, 12.8
  _warn_unsupported_code(d, device_cc, code_ccs)
Traceback (most recent call last):
  File "<frozen runpy>", line 198, in _run_module_as_main
  File "<frozen runpy>", line 88, in _run_code
  File "/mnt/aiongpfs/users/dsen/cka-fed-dynamic-sparsity/src/train.py", line 386, in <module>
    main()
  File "/mnt/aiongpfs/users/dsen/cka-fed-dynamic-sparsity/src/train.py", line 376, in main
    history = run_experiment(config, paths)
              ^^^^^^^^^^^^^^^^^^^^^^^^^^^^^
  File "/mnt/aiongpfs/users/dsen/cka-fed-dynamic-sparsity/src/train.py", line 289, in run_experiment
    history = run_cka_feddst(
              ^^^^^^^^^^^^^^^
  File "/mnt/aiongpfs/users/dsen/cka-fed-dynamic-sparsity/src/federated.py", line 485, in run_cka_feddst
    apply_masks(global_model, masks)
  File "/mnt/aiongpfs/users/dsen/cka-fed-dynamic-sparsity/src/sparsity.py", line 73, in apply_masks
    param.mul_(masks[name].to(device=param.device, dtype=param.dtype))
torch.AcceleratorError: CUDA error: no kernel image is available for execution on the device
Search for `cudaErrorNoKernelImageForDevice' in https://docs.nvidia.com/cuda/cuda-runtime-api/group__CUDART__TYPES.html for more information.
CUDA kernel errors might be asynchronously reported at some other API call, so the stacktrace below might be incorrect.
For debugging consider passing CUDA_LAUNCH_BLOCKING=1
Compile with `TORCH_USE_CUDA_DSA` to enable device-side assertions.


FAILED COMMAND: /mnt/aiongpfs/users/dsen/micromamba/envs/cka-cifar/bin/python -m src.train --global-config configs/global_cifar10.yaml --config configs/cka_feddst_mnist.yaml --seed 100 --sparsity 0.8 --cka-strength 0.5 --log-dir results/logs/cka_strength_sweep/cifar10_cka_strength_20260724_145851/strength_0p5/seed_100 --checkpoint-dir results/checkpoints/cka_strength_sweep/cifar10_cka_strength_20260724_145851/strength_0p5/seed_100 --plot-dir results/plots/cka_strength_sweep/cifar10_cka_strength_20260724_145851
Exit code: 1
/mnt/aiongpfs/users/dsen/micromamba/envs/cka-cifar/lib/python3.11/site-packages/torchvision/datasets/cifar.py:83: VisibleDeprecationWarning: dtype(): align should be passed as Python or NumPy boolean but got `align=0`. Did you mean to pass a tuple to create a subarray type? (Deprecated NumPy 2.4)
  entry = pickle.load(f, encoding="latin1")
/home/users/dsen/.local/lib/python3.11/site-packages/torch/cuda/__init__.py:371: UserWarning: Found GPU0 Tesla V100-SXM2-16GB which is of compute capability (CC) 7.0.
The following list shows the CCs this version of PyTorch was built for and the hardware CCs it supports:
- 7.5 which supports hardware CC >=7.5,<8.0
- 8.0 which supports hardware CC >=8.0,<9.0 except {8.7}
- 8.6 which supports hardware CC >=8.6,<9.0 except {8.7}
- 9.0 which supports hardware CC >=9.0,<10.0
- 10.0 which supports hardware CC >=10.0,<11.0 except {10.1}
- 12.0 which supports hardware CC >=12.0,<13.0
Please follow the instructions at https://pytorch.org/get-started/locally/ to install a PyTorch release that supports one of these CUDA versions: 12.6, 12.8
  _warn_unsupported_code(d, device_cc, code_ccs)
Traceback (most recent call last):
  File "<frozen runpy>", line 198, in _run_module_as_main
  File "<frozen runpy>", line 88, in _run_code
  File "/mnt/aiongpfs/users/dsen/cka-fed-dynamic-sparsity/src/train.py", line 386, in <module>
    main()
  File "/mnt/aiongpfs/users/dsen/cka-fed-dynamic-sparsity/src/train.py", line 376, in main
    history = run_experiment(config, paths)
              ^^^^^^^^^^^^^^^^^^^^^^^^^^^^^
  File "/mnt/aiongpfs/users/dsen/cka-fed-dynamic-sparsity/src/train.py", line 289, in run_experiment
    history = run_cka_feddst(
              ^^^^^^^^^^^^^^^
  File "/mnt/aiongpfs/users/dsen/cka-fed-dynamic-sparsity/src/federated.py", line 485, in run_cka_feddst
    apply_masks(global_model, masks)
  File "/mnt/aiongpfs/users/dsen/cka-fed-dynamic-sparsity/src/sparsity.py", line 73, in apply_masks
    param.mul_(masks[name].to(device=param.device, dtype=param.dtype))
torch.AcceleratorError: CUDA error: no kernel image is available for execution on the device
Search for `cudaErrorNoKernelImageForDevice' in https://docs.nvidia.com/cuda/cuda-runtime-api/group__CUDART__TYPES.html for more information.
CUDA kernel errors might be asynchronously reported at some other API call, so the stacktrace below might be incorrect.
For debugging consider passing CUDA_LAUNCH_BLOCKING=1
Compile with `TORCH_USE_CUDA_DSA` to enable device-side assertions.


FAILED COMMAND: /mnt/aiongpfs/users/dsen/micromamba/envs/cka-cifar/bin/python -m src.train --global-config configs/global_cifar10.yaml --config configs/cka_feddst_mnist.yaml --seed 100 --sparsity 0.9 --cka-strength 0.5 --log-dir results/logs/cka_strength_sweep/cifar10_cka_strength_20260724_145851/strength_0p5/seed_100 --checkpoint-dir results/checkpoints/cka_strength_sweep/cifar10_cka_strength_20260724_145851/strength_0p5/seed_100 --plot-dir results/plots/cka_strength_sweep/cifar10_cka_strength_20260724_145851
Exit code: 1
/mnt/aiongpfs/users/dsen/micromamba/envs/cka-cifar/lib/python3.11/site-packages/torchvision/datasets/cifar.py:83: VisibleDeprecationWarning: dtype(): align should be passed as Python or NumPy boolean but got `align=0`. Did you mean to pass a tuple to create a subarray type? (Deprecated NumPy 2.4)
  entry = pickle.load(f, encoding="latin1")
/home/users/dsen/.local/lib/python3.11/site-packages/torch/cuda/__init__.py:371: UserWarning: Found GPU0 Tesla V100-SXM2-16GB which is of compute capability (CC) 7.0.
The following list shows the CCs this version of PyTorch was built for and the hardware CCs it supports:
- 7.5 which supports hardware CC >=7.5,<8.0
- 8.0 which supports hardware CC >=8.0,<9.0 except {8.7}
- 8.6 which supports hardware CC >=8.6,<9.0 except {8.7}
- 9.0 which supports hardware CC >=9.0,<10.0
- 10.0 which supports hardware CC >=10.0,<11.0 except {10.1}
- 12.0 which supports hardware CC >=12.0,<13.0
Please follow the instructions at https://pytorch.org/get-started/locally/ to install a PyTorch release that supports one of these CUDA versions: 12.6, 12.8
  _warn_unsupported_code(d, device_cc, code_ccs)
Traceback (most recent call last):
  File "<frozen runpy>", line 198, in _run_module_as_main
  File "<frozen runpy>", line 88, in _run_code
  File "/mnt/aiongpfs/users/dsen/cka-fed-dynamic-sparsity/src/train.py", line 386, in <module>
    main()
  File "/mnt/aiongpfs/users/dsen/cka-fed-dynamic-sparsity/src/train.py", line 376, in main
    history = run_experiment(config, paths)
              ^^^^^^^^^^^^^^^^^^^^^^^^^^^^^
  File "/mnt/aiongpfs/users/dsen/cka-fed-dynamic-sparsity/src/train.py", line 289, in run_experiment
    history = run_cka_feddst(
              ^^^^^^^^^^^^^^^
  File "/mnt/aiongpfs/users/dsen/cka-fed-dynamic-sparsity/src/federated.py", line 485, in run_cka_feddst
    apply_masks(global_model, masks)
  File "/mnt/aiongpfs/users/dsen/cka-fed-dynamic-sparsity/src/sparsity.py", line 73, in apply_masks
    param.mul_(masks[name].to(device=param.device, dtype=param.dtype))
torch.AcceleratorError: CUDA error: no kernel image is available for execution on the device
Search for `cudaErrorNoKernelImageForDevice' in https://docs.nvidia.com/cuda/cuda-runtime-api/group__CUDART__TYPES.html for more information.
CUDA kernel errors might be asynchronously reported at some other API call, so the stacktrace below might be incorrect.
For debugging consider passing CUDA_LAUNCH_BLOCKING=1
Compile with `TORCH_USE_CUDA_DSA` to enable device-side assertions.


FAILED COMMAND: /mnt/aiongpfs/users/dsen/micromamba/envs/cka-cifar/bin/python -m src.train --global-config configs/global_cifar10.yaml --config configs/cka_feddst_mnist.yaml --seed 100 --sparsity 0.95 --cka-strength 0.5 --log-dir results/logs/cka_strength_sweep/cifar10_cka_strength_20260724_145851/strength_0p5/seed_100 --checkpoint-dir results/checkpoints/cka_strength_sweep/cifar10_cka_strength_20260724_145851/strength_0p5/seed_100 --plot-dir results/plots/cka_strength_sweep/cifar10_cka_strength_20260724_145851
Exit code: 1
/mnt/aiongpfs/users/dsen/micromamba/envs/cka-cifar/lib/python3.11/site-packages/torchvision/datasets/cifar.py:83: VisibleDeprecationWarning: dtype(): align should be passed as Python or NumPy boolean but got `align=0`. Did you mean to pass a tuple to create a subarray type? (Deprecated NumPy 2.4)
  entry = pickle.load(f, encoding="latin1")
/home/users/dsen/.local/lib/python3.11/site-packages/torch/cuda/__init__.py:371: UserWarning: Found GPU0 Tesla V100-SXM2-16GB which is of compute capability (CC) 7.0.
The following list shows the CCs this version of PyTorch was built for and the hardware CCs it supports:
- 7.5 which supports hardware CC >=7.5,<8.0
- 8.0 which supports hardware CC >=8.0,<9.0 except {8.7}
- 8.6 which supports hardware CC >=8.6,<9.0 except {8.7}
- 9.0 which supports hardware CC >=9.0,<10.0
- 10.0 which supports hardware CC >=10.0,<11.0 except {10.1}
- 12.0 which supports hardware CC >=12.0,<13.0
Please follow the instructions at https://pytorch.org/get-started/locally/ to install a PyTorch release that supports one of these CUDA versions: 12.6, 12.8
  _warn_unsupported_code(d, device_cc, code_ccs)
Traceback (most recent call last):
  File "<frozen runpy>", line 198, in _run_module_as_main
  File "<frozen runpy>", line 88, in _run_code
  File "/mnt/aiongpfs/users/dsen/cka-fed-dynamic-sparsity/src/train.py", line 386, in <module>
    main()
  File "/mnt/aiongpfs/users/dsen/cka-fed-dynamic-sparsity/src/train.py", line 376, in main
    history = run_experiment(config, paths)
              ^^^^^^^^^^^^^^^^^^^^^^^^^^^^^
  File "/mnt/aiongpfs/users/dsen/cka-fed-dynamic-sparsity/src/train.py", line 289, in run_experiment
    history = run_cka_feddst(
              ^^^^^^^^^^^^^^^
  File "/mnt/aiongpfs/users/dsen/cka-fed-dynamic-sparsity/src/federated.py", line 485, in run_cka_feddst
    apply_masks(global_model, masks)
  File "/mnt/aiongpfs/users/dsen/cka-fed-dynamic-sparsity/src/sparsity.py", line 73, in apply_masks
    param.mul_(masks[name].to(device=param.device, dtype=param.dtype))
torch.AcceleratorError: CUDA error: no kernel image is available for execution on the device
Search for `cudaErrorNoKernelImageForDevice' in https://docs.nvidia.com/cuda/cuda-runtime-api/group__CUDART__TYPES.html for more information.
CUDA kernel errors might be asynchronously reported at some other API call, so the stacktrace below might be incorrect.
For debugging consider passing CUDA_LAUNCH_BLOCKING=1
Compile with `TORCH_USE_CUDA_DSA` to enable device-side assertions.


FAILED COMMAND: /mnt/aiongpfs/users/dsen/micromamba/envs/cka-cifar/bin/python -m src.train --global-config configs/global_cifar10.yaml --config configs/cka_feddst_mnist.yaml --seed 42 --sparsity 0.5 --cka-strength 0.8 --log-dir results/logs/cka_strength_sweep/cifar10_cka_strength_20260724_145851/strength_0p8/seed_42 --checkpoint-dir results/checkpoints/cka_strength_sweep/cifar10_cka_strength_20260724_145851/strength_0p8/seed_42 --plot-dir results/plots/cka_strength_sweep/cifar10_cka_strength_20260724_145851
Exit code: 1
/mnt/aiongpfs/users/dsen/micromamba/envs/cka-cifar/lib/python3.11/site-packages/torchvision/datasets/cifar.py:83: VisibleDeprecationWarning: dtype(): align should be passed as Python or NumPy boolean but got `align=0`. Did you mean to pass a tuple to create a subarray type? (Deprecated NumPy 2.4)
  entry = pickle.load(f, encoding="latin1")
/home/users/dsen/.local/lib/python3.11/site-packages/torch/cuda/__init__.py:371: UserWarning: Found GPU0 Tesla V100-SXM2-16GB which is of compute capability (CC) 7.0.
The following list shows the CCs this version of PyTorch was built for and the hardware CCs it supports:
- 7.5 which supports hardware CC >=7.5,<8.0
- 8.0 which supports hardware CC >=8.0,<9.0 except {8.7}
- 8.6 which supports hardware CC >=8.6,<9.0 except {8.7}
- 9.0 which supports hardware CC >=9.0,<10.0
- 10.0 which supports hardware CC >=10.0,<11.0 except {10.1}
- 12.0 which supports hardware CC >=12.0,<13.0
Please follow the instructions at https://pytorch.org/get-started/locally/ to install a PyTorch release that supports one of these CUDA versions: 12.6, 12.8
  _warn_unsupported_code(d, device_cc, code_ccs)
Traceback (most recent call last):
  File "<frozen runpy>", line 198, in _run_module_as_main
  File "<frozen runpy>", line 88, in _run_code
  File "/mnt/aiongpfs/users/dsen/cka-fed-dynamic-sparsity/src/train.py", line 386, in <module>
    main()
  File "/mnt/aiongpfs/users/dsen/cka-fed-dynamic-sparsity/src/train.py", line 376, in main
    history = run_experiment(config, paths)
              ^^^^^^^^^^^^^^^^^^^^^^^^^^^^^
  File "/mnt/aiongpfs/users/dsen/cka-fed-dynamic-sparsity/src/train.py", line 289, in run_experiment
    history = run_cka_feddst(
              ^^^^^^^^^^^^^^^
  File "/mnt/aiongpfs/users/dsen/cka-fed-dynamic-sparsity/src/federated.py", line 485, in run_cka_feddst
    apply_masks(global_model, masks)
  File "/mnt/aiongpfs/users/dsen/cka-fed-dynamic-sparsity/src/sparsity.py", line 73, in apply_masks
    param.mul_(masks[name].to(device=param.device, dtype=param.dtype))
torch.AcceleratorError: CUDA error: no kernel image is available for execution on the device
Search for `cudaErrorNoKernelImageForDevice' in https://docs.nvidia.com/cuda/cuda-runtime-api/group__CUDART__TYPES.html for more information.
CUDA kernel errors might be asynchronously reported at some other API call, so the stacktrace below might be incorrect.
For debugging consider passing CUDA_LAUNCH_BLOCKING=1
Compile with `TORCH_USE_CUDA_DSA` to enable device-side assertions.


FAILED COMMAND: /mnt/aiongpfs/users/dsen/micromamba/envs/cka-cifar/bin/python -m src.train --global-config configs/global_cifar10.yaml --config configs/cka_feddst_mnist.yaml --seed 42 --sparsity 0.7 --cka-strength 0.8 --log-dir results/logs/cka_strength_sweep/cifar10_cka_strength_20260724_145851/strength_0p8/seed_42 --checkpoint-dir results/checkpoints/cka_strength_sweep/cifar10_cka_strength_20260724_145851/strength_0p8/seed_42 --plot-dir results/plots/cka_strength_sweep/cifar10_cka_strength_20260724_145851
Exit code: 1
/mnt/aiongpfs/users/dsen/micromamba/envs/cka-cifar/lib/python3.11/site-packages/torchvision/datasets/cifar.py:83: VisibleDeprecationWarning: dtype(): align should be passed as Python or NumPy boolean but got `align=0`. Did you mean to pass a tuple to create a subarray type? (Deprecated NumPy 2.4)
  entry = pickle.load(f, encoding="latin1")
/home/users/dsen/.local/lib/python3.11/site-packages/torch/cuda/__init__.py:371: UserWarning: Found GPU0 Tesla V100-SXM2-16GB which is of compute capability (CC) 7.0.
The following list shows the CCs this version of PyTorch was built for and the hardware CCs it supports:
- 7.5 which supports hardware CC >=7.5,<8.0
- 8.0 which supports hardware CC >=8.0,<9.0 except {8.7}
- 8.6 which supports hardware CC >=8.6,<9.0 except {8.7}
- 9.0 which supports hardware CC >=9.0,<10.0
- 10.0 which supports hardware CC >=10.0,<11.0 except {10.1}
- 12.0 which supports hardware CC >=12.0,<13.0
Please follow the instructions at https://pytorch.org/get-started/locally/ to install a PyTorch release that supports one of these CUDA versions: 12.6, 12.8
  _warn_unsupported_code(d, device_cc, code_ccs)
Traceback (most recent call last):
  File "<frozen runpy>", line 198, in _run_module_as_main
  File "<frozen runpy>", line 88, in _run_code
  File "/mnt/aiongpfs/users/dsen/cka-fed-dynamic-sparsity/src/train.py", line 386, in <module>
    main()
  File "/mnt/aiongpfs/users/dsen/cka-fed-dynamic-sparsity/src/train.py", line 376, in main
    history = run_experiment(config, paths)
              ^^^^^^^^^^^^^^^^^^^^^^^^^^^^^
  File "/mnt/aiongpfs/users/dsen/cka-fed-dynamic-sparsity/src/train.py", line 289, in run_experiment
    history = run_cka_feddst(
              ^^^^^^^^^^^^^^^
  File "/mnt/aiongpfs/users/dsen/cka-fed-dynamic-sparsity/src/federated.py", line 485, in run_cka_feddst
    apply_masks(global_model, masks)
  File "/mnt/aiongpfs/users/dsen/cka-fed-dynamic-sparsity/src/sparsity.py", line 73, in apply_masks
    param.mul_(masks[name].to(device=param.device, dtype=param.dtype))
torch.AcceleratorError: CUDA error: no kernel image is available for execution on the device
Search for `cudaErrorNoKernelImageForDevice' in https://docs.nvidia.com/cuda/cuda-runtime-api/group__CUDART__TYPES.html for more information.
CUDA kernel errors might be asynchronously reported at some other API call, so the stacktrace below might be incorrect.
For debugging consider passing CUDA_LAUNCH_BLOCKING=1
Compile with `TORCH_USE_CUDA_DSA` to enable device-side assertions.


FAILED COMMAND: /mnt/aiongpfs/users/dsen/micromamba/envs/cka-cifar/bin/python -m src.train --global-config configs/global_cifar10.yaml --config configs/cka_feddst_mnist.yaml --seed 42 --sparsity 0.8 --cka-strength 0.8 --log-dir results/logs/cka_strength_sweep/cifar10_cka_strength_20260724_145851/strength_0p8/seed_42 --checkpoint-dir results/checkpoints/cka_strength_sweep/cifar10_cka_strength_20260724_145851/strength_0p8/seed_42 --plot-dir results/plots/cka_strength_sweep/cifar10_cka_strength_20260724_145851
Exit code: 1
/mnt/aiongpfs/users/dsen/micromamba/envs/cka-cifar/lib/python3.11/site-packages/torchvision/datasets/cifar.py:83: VisibleDeprecationWarning: dtype(): align should be passed as Python or NumPy boolean but got `align=0`. Did you mean to pass a tuple to create a subarray type? (Deprecated NumPy 2.4)
  entry = pickle.load(f, encoding="latin1")
/home/users/dsen/.local/lib/python3.11/site-packages/torch/cuda/__init__.py:371: UserWarning: Found GPU0 Tesla V100-SXM2-16GB which is of compute capability (CC) 7.0.
The following list shows the CCs this version of PyTorch was built for and the hardware CCs it supports:
- 7.5 which supports hardware CC >=7.5,<8.0
- 8.0 which supports hardware CC >=8.0,<9.0 except {8.7}
- 8.6 which supports hardware CC >=8.6,<9.0 except {8.7}
- 9.0 which supports hardware CC >=9.0,<10.0
- 10.0 which supports hardware CC >=10.0,<11.0 except {10.1}
- 12.0 which supports hardware CC >=12.0,<13.0
Please follow the instructions at https://pytorch.org/get-started/locally/ to install a PyTorch release that supports one of these CUDA versions: 12.6, 12.8
  _warn_unsupported_code(d, device_cc, code_ccs)
Traceback (most recent call last):
  File "<frozen runpy>", line 198, in _run_module_as_main
  File "<frozen runpy>", line 88, in _run_code
  File "/mnt/aiongpfs/users/dsen/cka-fed-dynamic-sparsity/src/train.py", line 386, in <module>
    main()
  File "/mnt/aiongpfs/users/dsen/cka-fed-dynamic-sparsity/src/train.py", line 376, in main
    history = run_experiment(config, paths)
              ^^^^^^^^^^^^^^^^^^^^^^^^^^^^^
  File "/mnt/aiongpfs/users/dsen/cka-fed-dynamic-sparsity/src/train.py", line 289, in run_experiment
    history = run_cka_feddst(
              ^^^^^^^^^^^^^^^
  File "/mnt/aiongpfs/users/dsen/cka-fed-dynamic-sparsity/src/federated.py", line 485, in run_cka_feddst
    apply_masks(global_model, masks)
  File "/mnt/aiongpfs/users/dsen/cka-fed-dynamic-sparsity/src/sparsity.py", line 73, in apply_masks
    param.mul_(masks[name].to(device=param.device, dtype=param.dtype))
torch.AcceleratorError: CUDA error: no kernel image is available for execution on the device
Search for `cudaErrorNoKernelImageForDevice' in https://docs.nvidia.com/cuda/cuda-runtime-api/group__CUDART__TYPES.html for more information.
CUDA kernel errors might be asynchronously reported at some other API call, so the stacktrace below might be incorrect.
For debugging consider passing CUDA_LAUNCH_BLOCKING=1
Compile with `TORCH_USE_CUDA_DSA` to enable device-side assertions.


FAILED COMMAND: /mnt/aiongpfs/users/dsen/micromamba/envs/cka-cifar/bin/python -m src.train --global-config configs/global_cifar10.yaml --config configs/cka_feddst_mnist.yaml --seed 42 --sparsity 0.9 --cka-strength 0.8 --log-dir results/logs/cka_strength_sweep/cifar10_cka_strength_20260724_145851/strength_0p8/seed_42 --checkpoint-dir results/checkpoints/cka_strength_sweep/cifar10_cka_strength_20260724_145851/strength_0p8/seed_42 --plot-dir results/plots/cka_strength_sweep/cifar10_cka_strength_20260724_145851
Exit code: 1
/mnt/aiongpfs/users/dsen/micromamba/envs/cka-cifar/lib/python3.11/site-packages/torchvision/datasets/cifar.py:83: VisibleDeprecationWarning: dtype(): align should be passed as Python or NumPy boolean but got `align=0`. Did you mean to pass a tuple to create a subarray type? (Deprecated NumPy 2.4)
  entry = pickle.load(f, encoding="latin1")
/home/users/dsen/.local/lib/python3.11/site-packages/torch/cuda/__init__.py:371: UserWarning: Found GPU0 Tesla V100-SXM2-16GB which is of compute capability (CC) 7.0.
The following list shows the CCs this version of PyTorch was built for and the hardware CCs it supports:
- 7.5 which supports hardware CC >=7.5,<8.0
- 8.0 which supports hardware CC >=8.0,<9.0 except {8.7}
- 8.6 which supports hardware CC >=8.6,<9.0 except {8.7}
- 9.0 which supports hardware CC >=9.0,<10.0
- 10.0 which supports hardware CC >=10.0,<11.0 except {10.1}
- 12.0 which supports hardware CC >=12.0,<13.0
Please follow the instructions at https://pytorch.org/get-started/locally/ to install a PyTorch release that supports one of these CUDA versions: 12.6, 12.8
  _warn_unsupported_code(d, device_cc, code_ccs)
Traceback (most recent call last):
  File "<frozen runpy>", line 198, in _run_module_as_main
  File "<frozen runpy>", line 88, in _run_code
  File "/mnt/aiongpfs/users/dsen/cka-fed-dynamic-sparsity/src/train.py", line 386, in <module>
    main()
  File "/mnt/aiongpfs/users/dsen/cka-fed-dynamic-sparsity/src/train.py", line 376, in main
    history = run_experiment(config, paths)
              ^^^^^^^^^^^^^^^^^^^^^^^^^^^^^
  File "/mnt/aiongpfs/users/dsen/cka-fed-dynamic-sparsity/src/train.py", line 289, in run_experiment
    history = run_cka_feddst(
              ^^^^^^^^^^^^^^^
  File "/mnt/aiongpfs/users/dsen/cka-fed-dynamic-sparsity/src/federated.py", line 485, in run_cka_feddst
    apply_masks(global_model, masks)
  File "/mnt/aiongpfs/users/dsen/cka-fed-dynamic-sparsity/src/sparsity.py", line 73, in apply_masks
    param.mul_(masks[name].to(device=param.device, dtype=param.dtype))
torch.AcceleratorError: CUDA error: no kernel image is available for execution on the device
Search for `cudaErrorNoKernelImageForDevice' in https://docs.nvidia.com/cuda/cuda-runtime-api/group__CUDART__TYPES.html for more information.
CUDA kernel errors might be asynchronously reported at some other API call, so the stacktrace below might be incorrect.
For debugging consider passing CUDA_LAUNCH_BLOCKING=1
Compile with `TORCH_USE_CUDA_DSA` to enable device-side assertions.


FAILED COMMAND: /mnt/aiongpfs/users/dsen/micromamba/envs/cka-cifar/bin/python -m src.train --global-config configs/global_cifar10.yaml --config configs/cka_feddst_mnist.yaml --seed 42 --sparsity 0.95 --cka-strength 0.8 --log-dir results/logs/cka_strength_sweep/cifar10_cka_strength_20260724_145851/strength_0p8/seed_42 --checkpoint-dir results/checkpoints/cka_strength_sweep/cifar10_cka_strength_20260724_145851/strength_0p8/seed_42 --plot-dir results/plots/cka_strength_sweep/cifar10_cka_strength_20260724_145851
Exit code: 1
/mnt/aiongpfs/users/dsen/micromamba/envs/cka-cifar/lib/python3.11/site-packages/torchvision/datasets/cifar.py:83: VisibleDeprecationWarning: dtype(): align should be passed as Python or NumPy boolean but got `align=0`. Did you mean to pass a tuple to create a subarray type? (Deprecated NumPy 2.4)
  entry = pickle.load(f, encoding="latin1")
/home/users/dsen/.local/lib/python3.11/site-packages/torch/cuda/__init__.py:371: UserWarning: Found GPU0 Tesla V100-SXM2-16GB which is of compute capability (CC) 7.0.
The following list shows the CCs this version of PyTorch was built for and the hardware CCs it supports:
- 7.5 which supports hardware CC >=7.5,<8.0
- 8.0 which supports hardware CC >=8.0,<9.0 except {8.7}
- 8.6 which supports hardware CC >=8.6,<9.0 except {8.7}
- 9.0 which supports hardware CC >=9.0,<10.0
- 10.0 which supports hardware CC >=10.0,<11.0 except {10.1}
- 12.0 which supports hardware CC >=12.0,<13.0
Please follow the instructions at https://pytorch.org/get-started/locally/ to install a PyTorch release that supports one of these CUDA versions: 12.6, 12.8
  _warn_unsupported_code(d, device_cc, code_ccs)
Traceback (most recent call last):
  File "<frozen runpy>", line 198, in _run_module_as_main
  File "<frozen runpy>", line 88, in _run_code
  File "/mnt/aiongpfs/users/dsen/cka-fed-dynamic-sparsity/src/train.py", line 386, in <module>
    main()
  File "/mnt/aiongpfs/users/dsen/cka-fed-dynamic-sparsity/src/train.py", line 376, in main
    history = run_experiment(config, paths)
              ^^^^^^^^^^^^^^^^^^^^^^^^^^^^^
  File "/mnt/aiongpfs/users/dsen/cka-fed-dynamic-sparsity/src/train.py", line 289, in run_experiment
    history = run_cka_feddst(
              ^^^^^^^^^^^^^^^
  File "/mnt/aiongpfs/users/dsen/cka-fed-dynamic-sparsity/src/federated.py", line 485, in run_cka_feddst
    apply_masks(global_model, masks)
  File "/mnt/aiongpfs/users/dsen/cka-fed-dynamic-sparsity/src/sparsity.py", line 73, in apply_masks
    param.mul_(masks[name].to(device=param.device, dtype=param.dtype))
torch.AcceleratorError: CUDA error: no kernel image is available for execution on the device
Search for `cudaErrorNoKernelImageForDevice' in https://docs.nvidia.com/cuda/cuda-runtime-api/group__CUDART__TYPES.html for more information.
CUDA kernel errors might be asynchronously reported at some other API call, so the stacktrace below might be incorrect.
For debugging consider passing CUDA_LAUNCH_BLOCKING=1
Compile with `TORCH_USE_CUDA_DSA` to enable device-side assertions.


FAILED COMMAND: /mnt/aiongpfs/users/dsen/micromamba/envs/cka-cifar/bin/python -m src.train --global-config configs/global_cifar10.yaml --config configs/cka_feddst_mnist.yaml --seed 7 --sparsity 0.5 --cka-strength 0.8 --log-dir results/logs/cka_strength_sweep/cifar10_cka_strength_20260724_145851/strength_0p8/seed_7 --checkpoint-dir results/checkpoints/cka_strength_sweep/cifar10_cka_strength_20260724_145851/strength_0p8/seed_7 --plot-dir results/plots/cka_strength_sweep/cifar10_cka_strength_20260724_145851
Exit code: 1
/mnt/aiongpfs/users/dsen/micromamba/envs/cka-cifar/lib/python3.11/site-packages/torchvision/datasets/cifar.py:83: VisibleDeprecationWarning: dtype(): align should be passed as Python or NumPy boolean but got `align=0`. Did you mean to pass a tuple to create a subarray type? (Deprecated NumPy 2.4)
  entry = pickle.load(f, encoding="latin1")
/home/users/dsen/.local/lib/python3.11/site-packages/torch/cuda/__init__.py:371: UserWarning: Found GPU0 Tesla V100-SXM2-16GB which is of compute capability (CC) 7.0.
The following list shows the CCs this version of PyTorch was built for and the hardware CCs it supports:
- 7.5 which supports hardware CC >=7.5,<8.0
- 8.0 which supports hardware CC >=8.0,<9.0 except {8.7}
- 8.6 which supports hardware CC >=8.6,<9.0 except {8.7}
- 9.0 which supports hardware CC >=9.0,<10.0
- 10.0 which supports hardware CC >=10.0,<11.0 except {10.1}
- 12.0 which supports hardware CC >=12.0,<13.0
Please follow the instructions at https://pytorch.org/get-started/locally/ to install a PyTorch release that supports one of these CUDA versions: 12.6, 12.8
  _warn_unsupported_code(d, device_cc, code_ccs)
Traceback (most recent call last):
  File "<frozen runpy>", line 198, in _run_module_as_main
  File "<frozen runpy>", line 88, in _run_code
  File "/mnt/aiongpfs/users/dsen/cka-fed-dynamic-sparsity/src/train.py", line 386, in <module>
    main()
  File "/mnt/aiongpfs/users/dsen/cka-fed-dynamic-sparsity/src/train.py", line 376, in main
    history = run_experiment(config, paths)
              ^^^^^^^^^^^^^^^^^^^^^^^^^^^^^
  File "/mnt/aiongpfs/users/dsen/cka-fed-dynamic-sparsity/src/train.py", line 289, in run_experiment
    history = run_cka_feddst(
              ^^^^^^^^^^^^^^^
  File "/mnt/aiongpfs/users/dsen/cka-fed-dynamic-sparsity/src/federated.py", line 485, in run_cka_feddst
    apply_masks(global_model, masks)
  File "/mnt/aiongpfs/users/dsen/cka-fed-dynamic-sparsity/src/sparsity.py", line 73, in apply_masks
    param.mul_(masks[name].to(device=param.device, dtype=param.dtype))
torch.AcceleratorError: CUDA error: no kernel image is available for execution on the device
Search for `cudaErrorNoKernelImageForDevice' in https://docs.nvidia.com/cuda/cuda-runtime-api/group__CUDART__TYPES.html for more information.
CUDA kernel errors might be asynchronously reported at some other API call, so the stacktrace below might be incorrect.
For debugging consider passing CUDA_LAUNCH_BLOCKING=1
Compile with `TORCH_USE_CUDA_DSA` to enable device-side assertions.


FAILED COMMAND: /mnt/aiongpfs/users/dsen/micromamba/envs/cka-cifar/bin/python -m src.train --global-config configs/global_cifar10.yaml --config configs/cka_feddst_mnist.yaml --seed 7 --sparsity 0.7 --cka-strength 0.8 --log-dir results/logs/cka_strength_sweep/cifar10_cka_strength_20260724_145851/strength_0p8/seed_7 --checkpoint-dir results/checkpoints/cka_strength_sweep/cifar10_cka_strength_20260724_145851/strength_0p8/seed_7 --plot-dir results/plots/cka_strength_sweep/cifar10_cka_strength_20260724_145851
Exit code: 1
/mnt/aiongpfs/users/dsen/micromamba/envs/cka-cifar/lib/python3.11/site-packages/torchvision/datasets/cifar.py:83: VisibleDeprecationWarning: dtype(): align should be passed as Python or NumPy boolean but got `align=0`. Did you mean to pass a tuple to create a subarray type? (Deprecated NumPy 2.4)
  entry = pickle.load(f, encoding="latin1")
/home/users/dsen/.local/lib/python3.11/site-packages/torch/cuda/__init__.py:371: UserWarning: Found GPU0 Tesla V100-SXM2-16GB which is of compute capability (CC) 7.0.
The following list shows the CCs this version of PyTorch was built for and the hardware CCs it supports:
- 7.5 which supports hardware CC >=7.5,<8.0
- 8.0 which supports hardware CC >=8.0,<9.0 except {8.7}
- 8.6 which supports hardware CC >=8.6,<9.0 except {8.7}
- 9.0 which supports hardware CC >=9.0,<10.0
- 10.0 which supports hardware CC >=10.0,<11.0 except {10.1}
- 12.0 which supports hardware CC >=12.0,<13.0
Please follow the instructions at https://pytorch.org/get-started/locally/ to install a PyTorch release that supports one of these CUDA versions: 12.6, 12.8
  _warn_unsupported_code(d, device_cc, code_ccs)
Traceback (most recent call last):
  File "<frozen runpy>", line 198, in _run_module_as_main
  File "<frozen runpy>", line 88, in _run_code
  File "/mnt/aiongpfs/users/dsen/cka-fed-dynamic-sparsity/src/train.py", line 386, in <module>
    main()
  File "/mnt/aiongpfs/users/dsen/cka-fed-dynamic-sparsity/src/train.py", line 376, in main
    history = run_experiment(config, paths)
              ^^^^^^^^^^^^^^^^^^^^^^^^^^^^^
  File "/mnt/aiongpfs/users/dsen/cka-fed-dynamic-sparsity/src/train.py", line 289, in run_experiment
    history = run_cka_feddst(
              ^^^^^^^^^^^^^^^
  File "/mnt/aiongpfs/users/dsen/cka-fed-dynamic-sparsity/src/federated.py", line 485, in run_cka_feddst
    apply_masks(global_model, masks)
  File "/mnt/aiongpfs/users/dsen/cka-fed-dynamic-sparsity/src/sparsity.py", line 73, in apply_masks
    param.mul_(masks[name].to(device=param.device, dtype=param.dtype))
torch.AcceleratorError: CUDA error: no kernel image is available for execution on the device
Search for `cudaErrorNoKernelImageForDevice' in https://docs.nvidia.com/cuda/cuda-runtime-api/group__CUDART__TYPES.html for more information.
CUDA kernel errors might be asynchronously reported at some other API call, so the stacktrace below might be incorrect.
For debugging consider passing CUDA_LAUNCH_BLOCKING=1
Compile with `TORCH_USE_CUDA_DSA` to enable device-side assertions.


FAILED COMMAND: /mnt/aiongpfs/users/dsen/micromamba/envs/cka-cifar/bin/python -m src.train --global-config configs/global_cifar10.yaml --config configs/cka_feddst_mnist.yaml --seed 7 --sparsity 0.8 --cka-strength 0.8 --log-dir results/logs/cka_strength_sweep/cifar10_cka_strength_20260724_145851/strength_0p8/seed_7 --checkpoint-dir results/checkpoints/cka_strength_sweep/cifar10_cka_strength_20260724_145851/strength_0p8/seed_7 --plot-dir results/plots/cka_strength_sweep/cifar10_cka_strength_20260724_145851
Exit code: 1
/mnt/aiongpfs/users/dsen/micromamba/envs/cka-cifar/lib/python3.11/site-packages/torchvision/datasets/cifar.py:83: VisibleDeprecationWarning: dtype(): align should be passed as Python or NumPy boolean but got `align=0`. Did you mean to pass a tuple to create a subarray type? (Deprecated NumPy 2.4)
  entry = pickle.load(f, encoding="latin1")
/home/users/dsen/.local/lib/python3.11/site-packages/torch/cuda/__init__.py:371: UserWarning: Found GPU0 Tesla V100-SXM2-16GB which is of compute capability (CC) 7.0.
The following list shows the CCs this version of PyTorch was built for and the hardware CCs it supports:
- 7.5 which supports hardware CC >=7.5,<8.0
- 8.0 which supports hardware CC >=8.0,<9.0 except {8.7}
- 8.6 which supports hardware CC >=8.6,<9.0 except {8.7}
- 9.0 which supports hardware CC >=9.0,<10.0
- 10.0 which supports hardware CC >=10.0,<11.0 except {10.1}
- 12.0 which supports hardware CC >=12.0,<13.0
Please follow the instructions at https://pytorch.org/get-started/locally/ to install a PyTorch release that supports one of these CUDA versions: 12.6, 12.8
  _warn_unsupported_code(d, device_cc, code_ccs)
Traceback (most recent call last):
  File "<frozen runpy>", line 198, in _run_module_as_main
  File "<frozen runpy>", line 88, in _run_code
  File "/mnt/aiongpfs/users/dsen/cka-fed-dynamic-sparsity/src/train.py", line 386, in <module>
    main()
  File "/mnt/aiongpfs/users/dsen/cka-fed-dynamic-sparsity/src/train.py", line 376, in main
    history = run_experiment(config, paths)
              ^^^^^^^^^^^^^^^^^^^^^^^^^^^^^
  File "/mnt/aiongpfs/users/dsen/cka-fed-dynamic-sparsity/src/train.py", line 289, in run_experiment
    history = run_cka_feddst(
              ^^^^^^^^^^^^^^^
  File "/mnt/aiongpfs/users/dsen/cka-fed-dynamic-sparsity/src/federated.py", line 485, in run_cka_feddst
    apply_masks(global_model, masks)
  File "/mnt/aiongpfs/users/dsen/cka-fed-dynamic-sparsity/src/sparsity.py", line 73, in apply_masks
    param.mul_(masks[name].to(device=param.device, dtype=param.dtype))
torch.AcceleratorError: CUDA error: no kernel image is available for execution on the device
Search for `cudaErrorNoKernelImageForDevice' in https://docs.nvidia.com/cuda/cuda-runtime-api/group__CUDART__TYPES.html for more information.
CUDA kernel errors might be asynchronously reported at some other API call, so the stacktrace below might be incorrect.
For debugging consider passing CUDA_LAUNCH_BLOCKING=1
Compile with `TORCH_USE_CUDA_DSA` to enable device-side assertions.


FAILED COMMAND: /mnt/aiongpfs/users/dsen/micromamba/envs/cka-cifar/bin/python -m src.train --global-config configs/global_cifar10.yaml --config configs/cka_feddst_mnist.yaml --seed 7 --sparsity 0.9 --cka-strength 0.8 --log-dir results/logs/cka_strength_sweep/cifar10_cka_strength_20260724_145851/strength_0p8/seed_7 --checkpoint-dir results/checkpoints/cka_strength_sweep/cifar10_cka_strength_20260724_145851/strength_0p8/seed_7 --plot-dir results/plots/cka_strength_sweep/cifar10_cka_strength_20260724_145851
Exit code: 1
/mnt/aiongpfs/users/dsen/micromamba/envs/cka-cifar/lib/python3.11/site-packages/torchvision/datasets/cifar.py:83: VisibleDeprecationWarning: dtype(): align should be passed as Python or NumPy boolean but got `align=0`. Did you mean to pass a tuple to create a subarray type? (Deprecated NumPy 2.4)
  entry = pickle.load(f, encoding="latin1")
/home/users/dsen/.local/lib/python3.11/site-packages/torch/cuda/__init__.py:371: UserWarning: Found GPU0 Tesla V100-SXM2-16GB which is of compute capability (CC) 7.0.
The following list shows the CCs this version of PyTorch was built for and the hardware CCs it supports:
- 7.5 which supports hardware CC >=7.5,<8.0
- 8.0 which supports hardware CC >=8.0,<9.0 except {8.7}
- 8.6 which supports hardware CC >=8.6,<9.0 except {8.7}
- 9.0 which supports hardware CC >=9.0,<10.0
- 10.0 which supports hardware CC >=10.0,<11.0 except {10.1}
- 12.0 which supports hardware CC >=12.0,<13.0
Please follow the instructions at https://pytorch.org/get-started/locally/ to install a PyTorch release that supports one of these CUDA versions: 12.6, 12.8
  _warn_unsupported_code(d, device_cc, code_ccs)
Traceback (most recent call last):
  File "<frozen runpy>", line 198, in _run_module_as_main
  File "<frozen runpy>", line 88, in _run_code
  File "/mnt/aiongpfs/users/dsen/cka-fed-dynamic-sparsity/src/train.py", line 386, in <module>
    main()
  File "/mnt/aiongpfs/users/dsen/cka-fed-dynamic-sparsity/src/train.py", line 376, in main
    history = run_experiment(config, paths)
              ^^^^^^^^^^^^^^^^^^^^^^^^^^^^^
  File "/mnt/aiongpfs/users/dsen/cka-fed-dynamic-sparsity/src/train.py", line 289, in run_experiment
    history = run_cka_feddst(
              ^^^^^^^^^^^^^^^
  File "/mnt/aiongpfs/users/dsen/cka-fed-dynamic-sparsity/src/federated.py", line 485, in run_cka_feddst
    apply_masks(global_model, masks)
  File "/mnt/aiongpfs/users/dsen/cka-fed-dynamic-sparsity/src/sparsity.py", line 73, in apply_masks
    param.mul_(masks[name].to(device=param.device, dtype=param.dtype))
torch.AcceleratorError: CUDA error: no kernel image is available for execution on the device
Search for `cudaErrorNoKernelImageForDevice' in https://docs.nvidia.com/cuda/cuda-runtime-api/group__CUDART__TYPES.html for more information.
CUDA kernel errors might be asynchronously reported at some other API call, so the stacktrace below might be incorrect.
For debugging consider passing CUDA_LAUNCH_BLOCKING=1
Compile with `TORCH_USE_CUDA_DSA` to enable device-side assertions.


FAILED COMMAND: /mnt/aiongpfs/users/dsen/micromamba/envs/cka-cifar/bin/python -m src.train --global-config configs/global_cifar10.yaml --config configs/cka_feddst_mnist.yaml --seed 7 --sparsity 0.95 --cka-strength 0.8 --log-dir results/logs/cka_strength_sweep/cifar10_cka_strength_20260724_145851/strength_0p8/seed_7 --checkpoint-dir results/checkpoints/cka_strength_sweep/cifar10_cka_strength_20260724_145851/strength_0p8/seed_7 --plot-dir results/plots/cka_strength_sweep/cifar10_cka_strength_20260724_145851
Exit code: 1
/mnt/aiongpfs/users/dsen/micromamba/envs/cka-cifar/lib/python3.11/site-packages/torchvision/datasets/cifar.py:83: VisibleDeprecationWarning: dtype(): align should be passed as Python or NumPy boolean but got `align=0`. Did you mean to pass a tuple to create a subarray type? (Deprecated NumPy 2.4)
  entry = pickle.load(f, encoding="latin1")
/home/users/dsen/.local/lib/python3.11/site-packages/torch/cuda/__init__.py:371: UserWarning: Found GPU0 Tesla V100-SXM2-16GB which is of compute capability (CC) 7.0.
The following list shows the CCs this version of PyTorch was built for and the hardware CCs it supports:
- 7.5 which supports hardware CC >=7.5,<8.0
- 8.0 which supports hardware CC >=8.0,<9.0 except {8.7}
- 8.6 which supports hardware CC >=8.6,<9.0 except {8.7}
- 9.0 which supports hardware CC >=9.0,<10.0
- 10.0 which supports hardware CC >=10.0,<11.0 except {10.1}
- 12.0 which supports hardware CC >=12.0,<13.0
Please follow the instructions at https://pytorch.org/get-started/locally/ to install a PyTorch release that supports one of these CUDA versions: 12.6, 12.8
  _warn_unsupported_code(d, device_cc, code_ccs)
Traceback (most recent call last):
  File "<frozen runpy>", line 198, in _run_module_as_main
  File "<frozen runpy>", line 88, in _run_code
  File "/mnt/aiongpfs/users/dsen/cka-fed-dynamic-sparsity/src/train.py", line 386, in <module>
    main()
  File "/mnt/aiongpfs/users/dsen/cka-fed-dynamic-sparsity/src/train.py", line 376, in main
    history = run_experiment(config, paths)
              ^^^^^^^^^^^^^^^^^^^^^^^^^^^^^
  File "/mnt/aiongpfs/users/dsen/cka-fed-dynamic-sparsity/src/train.py", line 289, in run_experiment
    history = run_cka_feddst(
              ^^^^^^^^^^^^^^^
  File "/mnt/aiongpfs/users/dsen/cka-fed-dynamic-sparsity/src/federated.py", line 485, in run_cka_feddst
    apply_masks(global_model, masks)
  File "/mnt/aiongpfs/users/dsen/cka-fed-dynamic-sparsity/src/sparsity.py", line 73, in apply_masks
    param.mul_(masks[name].to(device=param.device, dtype=param.dtype))
torch.AcceleratorError: CUDA error: no kernel image is available for execution on the device
Search for `cudaErrorNoKernelImageForDevice' in https://docs.nvidia.com/cuda/cuda-runtime-api/group__CUDART__TYPES.html for more information.
CUDA kernel errors might be asynchronously reported at some other API call, so the stacktrace below might be incorrect.
For debugging consider passing CUDA_LAUNCH_BLOCKING=1
Compile with `TORCH_USE_CUDA_DSA` to enable device-side assertions.


FAILED COMMAND: /mnt/aiongpfs/users/dsen/micromamba/envs/cka-cifar/bin/python -m src.train --global-config configs/global_cifar10.yaml --config configs/cka_feddst_mnist.yaml --seed 13 --sparsity 0.5 --cka-strength 0.8 --log-dir results/logs/cka_strength_sweep/cifar10_cka_strength_20260724_145851/strength_0p8/seed_13 --checkpoint-dir results/checkpoints/cka_strength_sweep/cifar10_cka_strength_20260724_145851/strength_0p8/seed_13 --plot-dir results/plots/cka_strength_sweep/cifar10_cka_strength_20260724_145851
Exit code: 1
/mnt/aiongpfs/users/dsen/micromamba/envs/cka-cifar/lib/python3.11/site-packages/torchvision/datasets/cifar.py:83: VisibleDeprecationWarning: dtype(): align should be passed as Python or NumPy boolean but got `align=0`. Did you mean to pass a tuple to create a subarray type? (Deprecated NumPy 2.4)
  entry = pickle.load(f, encoding="latin1")
/home/users/dsen/.local/lib/python3.11/site-packages/torch/cuda/__init__.py:371: UserWarning: Found GPU0 Tesla V100-SXM2-16GB which is of compute capability (CC) 7.0.
The following list shows the CCs this version of PyTorch was built for and the hardware CCs it supports:
- 7.5 which supports hardware CC >=7.5,<8.0
- 8.0 which supports hardware CC >=8.0,<9.0 except {8.7}
- 8.6 which supports hardware CC >=8.6,<9.0 except {8.7}
- 9.0 which supports hardware CC >=9.0,<10.0
- 10.0 which supports hardware CC >=10.0,<11.0 except {10.1}
- 12.0 which supports hardware CC >=12.0,<13.0
Please follow the instructions at https://pytorch.org/get-started/locally/ to install a PyTorch release that supports one of these CUDA versions: 12.6, 12.8
  _warn_unsupported_code(d, device_cc, code_ccs)
Traceback (most recent call last):
  File "<frozen runpy>", line 198, in _run_module_as_main
  File "<frozen runpy>", line 88, in _run_code
  File "/mnt/aiongpfs/users/dsen/cka-fed-dynamic-sparsity/src/train.py", line 386, in <module>
    main()
  File "/mnt/aiongpfs/users/dsen/cka-fed-dynamic-sparsity/src/train.py", line 376, in main
    history = run_experiment(config, paths)
              ^^^^^^^^^^^^^^^^^^^^^^^^^^^^^
  File "/mnt/aiongpfs/users/dsen/cka-fed-dynamic-sparsity/src/train.py", line 289, in run_experiment
    history = run_cka_feddst(
              ^^^^^^^^^^^^^^^
  File "/mnt/aiongpfs/users/dsen/cka-fed-dynamic-sparsity/src/federated.py", line 485, in run_cka_feddst
    apply_masks(global_model, masks)
  File "/mnt/aiongpfs/users/dsen/cka-fed-dynamic-sparsity/src/sparsity.py", line 73, in apply_masks
    param.mul_(masks[name].to(device=param.device, dtype=param.dtype))
torch.AcceleratorError: CUDA error: no kernel image is available for execution on the device
Search for `cudaErrorNoKernelImageForDevice' in https://docs.nvidia.com/cuda/cuda-runtime-api/group__CUDART__TYPES.html for more information.
CUDA kernel errors might be asynchronously reported at some other API call, so the stacktrace below might be incorrect.
For debugging consider passing CUDA_LAUNCH_BLOCKING=1
Compile with `TORCH_USE_CUDA_DSA` to enable device-side assertions.


FAILED COMMAND: /mnt/aiongpfs/users/dsen/micromamba/envs/cka-cifar/bin/python -m src.train --global-config configs/global_cifar10.yaml --config configs/cka_feddst_mnist.yaml --seed 13 --sparsity 0.7 --cka-strength 0.8 --log-dir results/logs/cka_strength_sweep/cifar10_cka_strength_20260724_145851/strength_0p8/seed_13 --checkpoint-dir results/checkpoints/cka_strength_sweep/cifar10_cka_strength_20260724_145851/strength_0p8/seed_13 --plot-dir results/plots/cka_strength_sweep/cifar10_cka_strength_20260724_145851
Exit code: 1
/mnt/aiongpfs/users/dsen/micromamba/envs/cka-cifar/lib/python3.11/site-packages/torchvision/datasets/cifar.py:83: VisibleDeprecationWarning: dtype(): align should be passed as Python or NumPy boolean but got `align=0`. Did you mean to pass a tuple to create a subarray type? (Deprecated NumPy 2.4)
  entry = pickle.load(f, encoding="latin1")
/home/users/dsen/.local/lib/python3.11/site-packages/torch/cuda/__init__.py:371: UserWarning: Found GPU0 Tesla V100-SXM2-16GB which is of compute capability (CC) 7.0.
The following list shows the CCs this version of PyTorch was built for and the hardware CCs it supports:
- 7.5 which supports hardware CC >=7.5,<8.0
- 8.0 which supports hardware CC >=8.0,<9.0 except {8.7}
- 8.6 which supports hardware CC >=8.6,<9.0 except {8.7}
- 9.0 which supports hardware CC >=9.0,<10.0
- 10.0 which supports hardware CC >=10.0,<11.0 except {10.1}
- 12.0 which supports hardware CC >=12.0,<13.0
Please follow the instructions at https://pytorch.org/get-started/locally/ to install a PyTorch release that supports one of these CUDA versions: 12.6, 12.8
  _warn_unsupported_code(d, device_cc, code_ccs)
Traceback (most recent call last):
  File "<frozen runpy>", line 198, in _run_module_as_main
  File "<frozen runpy>", line 88, in _run_code
  File "/mnt/aiongpfs/users/dsen/cka-fed-dynamic-sparsity/src/train.py", line 386, in <module>
    main()
  File "/mnt/aiongpfs/users/dsen/cka-fed-dynamic-sparsity/src/train.py", line 376, in main
    history = run_experiment(config, paths)
              ^^^^^^^^^^^^^^^^^^^^^^^^^^^^^
  File "/mnt/aiongpfs/users/dsen/cka-fed-dynamic-sparsity/src/train.py", line 289, in run_experiment
    history = run_cka_feddst(
              ^^^^^^^^^^^^^^^
  File "/mnt/aiongpfs/users/dsen/cka-fed-dynamic-sparsity/src/federated.py", line 485, in run_cka_feddst
    apply_masks(global_model, masks)
  File "/mnt/aiongpfs/users/dsen/cka-fed-dynamic-sparsity/src/sparsity.py", line 73, in apply_masks
    param.mul_(masks[name].to(device=param.device, dtype=param.dtype))
torch.AcceleratorError: CUDA error: no kernel image is available for execution on the device
Search for `cudaErrorNoKernelImageForDevice' in https://docs.nvidia.com/cuda/cuda-runtime-api/group__CUDART__TYPES.html for more information.
CUDA kernel errors might be asynchronously reported at some other API call, so the stacktrace below might be incorrect.
For debugging consider passing CUDA_LAUNCH_BLOCKING=1
Compile with `TORCH_USE_CUDA_DSA` to enable device-side assertions.


FAILED COMMAND: /mnt/aiongpfs/users/dsen/micromamba/envs/cka-cifar/bin/python -m src.train --global-config configs/global_cifar10.yaml --config configs/cka_feddst_mnist.yaml --seed 13 --sparsity 0.8 --cka-strength 0.8 --log-dir results/logs/cka_strength_sweep/cifar10_cka_strength_20260724_145851/strength_0p8/seed_13 --checkpoint-dir results/checkpoints/cka_strength_sweep/cifar10_cka_strength_20260724_145851/strength_0p8/seed_13 --plot-dir results/plots/cka_strength_sweep/cifar10_cka_strength_20260724_145851
Exit code: 1
/mnt/aiongpfs/users/dsen/micromamba/envs/cka-cifar/lib/python3.11/site-packages/torchvision/datasets/cifar.py:83: VisibleDeprecationWarning: dtype(): align should be passed as Python or NumPy boolean but got `align=0`. Did you mean to pass a tuple to create a subarray type? (Deprecated NumPy 2.4)
  entry = pickle.load(f, encoding="latin1")
/home/users/dsen/.local/lib/python3.11/site-packages/torch/cuda/__init__.py:371: UserWarning: Found GPU0 Tesla V100-SXM2-16GB which is of compute capability (CC) 7.0.
The following list shows the CCs this version of PyTorch was built for and the hardware CCs it supports:
- 7.5 which supports hardware CC >=7.5,<8.0
- 8.0 which supports hardware CC >=8.0,<9.0 except {8.7}
- 8.6 which supports hardware CC >=8.6,<9.0 except {8.7}
- 9.0 which supports hardware CC >=9.0,<10.0
- 10.0 which supports hardware CC >=10.0,<11.0 except {10.1}
- 12.0 which supports hardware CC >=12.0,<13.0
Please follow the instructions at https://pytorch.org/get-started/locally/ to install a PyTorch release that supports one of these CUDA versions: 12.6, 12.8
  _warn_unsupported_code(d, device_cc, code_ccs)
Traceback (most recent call last):
  File "<frozen runpy>", line 198, in _run_module_as_main
  File "<frozen runpy>", line 88, in _run_code
  File "/mnt/aiongpfs/users/dsen/cka-fed-dynamic-sparsity/src/train.py", line 386, in <module>
    main()
  File "/mnt/aiongpfs/users/dsen/cka-fed-dynamic-sparsity/src/train.py", line 376, in main
    history = run_experiment(config, paths)
              ^^^^^^^^^^^^^^^^^^^^^^^^^^^^^
  File "/mnt/aiongpfs/users/dsen/cka-fed-dynamic-sparsity/src/train.py", line 289, in run_experiment
    history = run_cka_feddst(
              ^^^^^^^^^^^^^^^
  File "/mnt/aiongpfs/users/dsen/cka-fed-dynamic-sparsity/src/federated.py", line 485, in run_cka_feddst
    apply_masks(global_model, masks)
  File "/mnt/aiongpfs/users/dsen/cka-fed-dynamic-sparsity/src/sparsity.py", line 73, in apply_masks
    param.mul_(masks[name].to(device=param.device, dtype=param.dtype))
torch.AcceleratorError: CUDA error: no kernel image is available for execution on the device
Search for `cudaErrorNoKernelImageForDevice' in https://docs.nvidia.com/cuda/cuda-runtime-api/group__CUDART__TYPES.html for more information.
CUDA kernel errors might be asynchronously reported at some other API call, so the stacktrace below might be incorrect.
For debugging consider passing CUDA_LAUNCH_BLOCKING=1
Compile with `TORCH_USE_CUDA_DSA` to enable device-side assertions.


FAILED COMMAND: /mnt/aiongpfs/users/dsen/micromamba/envs/cka-cifar/bin/python -m src.train --global-config configs/global_cifar10.yaml --config configs/cka_feddst_mnist.yaml --seed 13 --sparsity 0.9 --cka-strength 0.8 --log-dir results/logs/cka_strength_sweep/cifar10_cka_strength_20260724_145851/strength_0p8/seed_13 --checkpoint-dir results/checkpoints/cka_strength_sweep/cifar10_cka_strength_20260724_145851/strength_0p8/seed_13 --plot-dir results/plots/cka_strength_sweep/cifar10_cka_strength_20260724_145851
Exit code: 1
/mnt/aiongpfs/users/dsen/micromamba/envs/cka-cifar/lib/python3.11/site-packages/torchvision/datasets/cifar.py:83: VisibleDeprecationWarning: dtype(): align should be passed as Python or NumPy boolean but got `align=0`. Did you mean to pass a tuple to create a subarray type? (Deprecated NumPy 2.4)
  entry = pickle.load(f, encoding="latin1")
/home/users/dsen/.local/lib/python3.11/site-packages/torch/cuda/__init__.py:371: UserWarning: Found GPU0 Tesla V100-SXM2-16GB which is of compute capability (CC) 7.0.
The following list shows the CCs this version of PyTorch was built for and the hardware CCs it supports:
- 7.5 which supports hardware CC >=7.5,<8.0
- 8.0 which supports hardware CC >=8.0,<9.0 except {8.7}
- 8.6 which supports hardware CC >=8.6,<9.0 except {8.7}
- 9.0 which supports hardware CC >=9.0,<10.0
- 10.0 which supports hardware CC >=10.0,<11.0 except {10.1}
- 12.0 which supports hardware CC >=12.0,<13.0
Please follow the instructions at https://pytorch.org/get-started/locally/ to install a PyTorch release that supports one of these CUDA versions: 12.6, 12.8
  _warn_unsupported_code(d, device_cc, code_ccs)
Traceback (most recent call last):
  File "<frozen runpy>", line 198, in _run_module_as_main
  File "<frozen runpy>", line 88, in _run_code
  File "/mnt/aiongpfs/users/dsen/cka-fed-dynamic-sparsity/src/train.py", line 386, in <module>
    main()
  File "/mnt/aiongpfs/users/dsen/cka-fed-dynamic-sparsity/src/train.py", line 376, in main
    history = run_experiment(config, paths)
              ^^^^^^^^^^^^^^^^^^^^^^^^^^^^^
  File "/mnt/aiongpfs/users/dsen/cka-fed-dynamic-sparsity/src/train.py", line 289, in run_experiment
    history = run_cka_feddst(
              ^^^^^^^^^^^^^^^
  File "/mnt/aiongpfs/users/dsen/cka-fed-dynamic-sparsity/src/federated.py", line 485, in run_cka_feddst
    apply_masks(global_model, masks)
  File "/mnt/aiongpfs/users/dsen/cka-fed-dynamic-sparsity/src/sparsity.py", line 73, in apply_masks
    param.mul_(masks[name].to(device=param.device, dtype=param.dtype))
torch.AcceleratorError: CUDA error: no kernel image is available for execution on the device
Search for `cudaErrorNoKernelImageForDevice' in https://docs.nvidia.com/cuda/cuda-runtime-api/group__CUDART__TYPES.html for more information.
CUDA kernel errors might be asynchronously reported at some other API call, so the stacktrace below might be incorrect.
For debugging consider passing CUDA_LAUNCH_BLOCKING=1
Compile with `TORCH_USE_CUDA_DSA` to enable device-side assertions.


FAILED COMMAND: /mnt/aiongpfs/users/dsen/micromamba/envs/cka-cifar/bin/python -m src.train --global-config configs/global_cifar10.yaml --config configs/cka_feddst_mnist.yaml --seed 13 --sparsity 0.95 --cka-strength 0.8 --log-dir results/logs/cka_strength_sweep/cifar10_cka_strength_20260724_145851/strength_0p8/seed_13 --checkpoint-dir results/checkpoints/cka_strength_sweep/cifar10_cka_strength_20260724_145851/strength_0p8/seed_13 --plot-dir results/plots/cka_strength_sweep/cifar10_cka_strength_20260724_145851
Exit code: 1
/mnt/aiongpfs/users/dsen/micromamba/envs/cka-cifar/lib/python3.11/site-packages/torchvision/datasets/cifar.py:83: VisibleDeprecationWarning: dtype(): align should be passed as Python or NumPy boolean but got `align=0`. Did you mean to pass a tuple to create a subarray type? (Deprecated NumPy 2.4)
  entry = pickle.load(f, encoding="latin1")
/home/users/dsen/.local/lib/python3.11/site-packages/torch/cuda/__init__.py:371: UserWarning: Found GPU0 Tesla V100-SXM2-16GB which is of compute capability (CC) 7.0.
The following list shows the CCs this version of PyTorch was built for and the hardware CCs it supports:
- 7.5 which supports hardware CC >=7.5,<8.0
- 8.0 which supports hardware CC >=8.0,<9.0 except {8.7}
- 8.6 which supports hardware CC >=8.6,<9.0 except {8.7}
- 9.0 which supports hardware CC >=9.0,<10.0
- 10.0 which supports hardware CC >=10.0,<11.0 except {10.1}
- 12.0 which supports hardware CC >=12.0,<13.0
Please follow the instructions at https://pytorch.org/get-started/locally/ to install a PyTorch release that supports one of these CUDA versions: 12.6, 12.8
  _warn_unsupported_code(d, device_cc, code_ccs)
Traceback (most recent call last):
  File "<frozen runpy>", line 198, in _run_module_as_main
  File "<frozen runpy>", line 88, in _run_code
  File "/mnt/aiongpfs/users/dsen/cka-fed-dynamic-sparsity/src/train.py", line 386, in <module>
    main()
  File "/mnt/aiongpfs/users/dsen/cka-fed-dynamic-sparsity/src/train.py", line 376, in main
    history = run_experiment(config, paths)
              ^^^^^^^^^^^^^^^^^^^^^^^^^^^^^
  File "/mnt/aiongpfs/users/dsen/cka-fed-dynamic-sparsity/src/train.py", line 289, in run_experiment
    history = run_cka_feddst(
              ^^^^^^^^^^^^^^^
  File "/mnt/aiongpfs/users/dsen/cka-fed-dynamic-sparsity/src/federated.py", line 485, in run_cka_feddst
    apply_masks(global_model, masks)
  File "/mnt/aiongpfs/users/dsen/cka-fed-dynamic-sparsity/src/sparsity.py", line 73, in apply_masks
    param.mul_(masks[name].to(device=param.device, dtype=param.dtype))
torch.AcceleratorError: CUDA error: no kernel image is available for execution on the device
Search for `cudaErrorNoKernelImageForDevice' in https://docs.nvidia.com/cuda/cuda-runtime-api/group__CUDART__TYPES.html for more information.
CUDA kernel errors might be asynchronously reported at some other API call, so the stacktrace below might be incorrect.
For debugging consider passing CUDA_LAUNCH_BLOCKING=1
Compile with `TORCH_USE_CUDA_DSA` to enable device-side assertions.


FAILED COMMAND: /mnt/aiongpfs/users/dsen/micromamba/envs/cka-cifar/bin/python -m src.train --global-config configs/global_cifar10.yaml --config configs/cka_feddst_mnist.yaml --seed 21 --sparsity 0.5 --cka-strength 0.8 --log-dir results/logs/cka_strength_sweep/cifar10_cka_strength_20260724_145851/strength_0p8/seed_21 --checkpoint-dir results/checkpoints/cka_strength_sweep/cifar10_cka_strength_20260724_145851/strength_0p8/seed_21 --plot-dir results/plots/cka_strength_sweep/cifar10_cka_strength_20260724_145851
Exit code: 1
/mnt/aiongpfs/users/dsen/micromamba/envs/cka-cifar/lib/python3.11/site-packages/torchvision/datasets/cifar.py:83: VisibleDeprecationWarning: dtype(): align should be passed as Python or NumPy boolean but got `align=0`. Did you mean to pass a tuple to create a subarray type? (Deprecated NumPy 2.4)
  entry = pickle.load(f, encoding="latin1")
/home/users/dsen/.local/lib/python3.11/site-packages/torch/cuda/__init__.py:371: UserWarning: Found GPU0 Tesla V100-SXM2-16GB which is of compute capability (CC) 7.0.
The following list shows the CCs this version of PyTorch was built for and the hardware CCs it supports:
- 7.5 which supports hardware CC >=7.5,<8.0
- 8.0 which supports hardware CC >=8.0,<9.0 except {8.7}
- 8.6 which supports hardware CC >=8.6,<9.0 except {8.7}
- 9.0 which supports hardware CC >=9.0,<10.0
- 10.0 which supports hardware CC >=10.0,<11.0 except {10.1}
- 12.0 which supports hardware CC >=12.0,<13.0
Please follow the instructions at https://pytorch.org/get-started/locally/ to install a PyTorch release that supports one of these CUDA versions: 12.6, 12.8
  _warn_unsupported_code(d, device_cc, code_ccs)
Traceback (most recent call last):
  File "<frozen runpy>", line 198, in _run_module_as_main
  File "<frozen runpy>", line 88, in _run_code
  File "/mnt/aiongpfs/users/dsen/cka-fed-dynamic-sparsity/src/train.py", line 386, in <module>
    main()
  File "/mnt/aiongpfs/users/dsen/cka-fed-dynamic-sparsity/src/train.py", line 376, in main
    history = run_experiment(config, paths)
              ^^^^^^^^^^^^^^^^^^^^^^^^^^^^^
  File "/mnt/aiongpfs/users/dsen/cka-fed-dynamic-sparsity/src/train.py", line 289, in run_experiment
    history = run_cka_feddst(
              ^^^^^^^^^^^^^^^
  File "/mnt/aiongpfs/users/dsen/cka-fed-dynamic-sparsity/src/federated.py", line 485, in run_cka_feddst
    apply_masks(global_model, masks)
  File "/mnt/aiongpfs/users/dsen/cka-fed-dynamic-sparsity/src/sparsity.py", line 73, in apply_masks
    param.mul_(masks[name].to(device=param.device, dtype=param.dtype))
torch.AcceleratorError: CUDA error: no kernel image is available for execution on the device
Search for `cudaErrorNoKernelImageForDevice' in https://docs.nvidia.com/cuda/cuda-runtime-api/group__CUDART__TYPES.html for more information.
CUDA kernel errors might be asynchronously reported at some other API call, so the stacktrace below might be incorrect.
For debugging consider passing CUDA_LAUNCH_BLOCKING=1
Compile with `TORCH_USE_CUDA_DSA` to enable device-side assertions.


FAILED COMMAND: /mnt/aiongpfs/users/dsen/micromamba/envs/cka-cifar/bin/python -m src.train --global-config configs/global_cifar10.yaml --config configs/cka_feddst_mnist.yaml --seed 21 --sparsity 0.7 --cka-strength 0.8 --log-dir results/logs/cka_strength_sweep/cifar10_cka_strength_20260724_145851/strength_0p8/seed_21 --checkpoint-dir results/checkpoints/cka_strength_sweep/cifar10_cka_strength_20260724_145851/strength_0p8/seed_21 --plot-dir results/plots/cka_strength_sweep/cifar10_cka_strength_20260724_145851
Exit code: 1
/mnt/aiongpfs/users/dsen/micromamba/envs/cka-cifar/lib/python3.11/site-packages/torchvision/datasets/cifar.py:83: VisibleDeprecationWarning: dtype(): align should be passed as Python or NumPy boolean but got `align=0`. Did you mean to pass a tuple to create a subarray type? (Deprecated NumPy 2.4)
  entry = pickle.load(f, encoding="latin1")
/home/users/dsen/.local/lib/python3.11/site-packages/torch/cuda/__init__.py:371: UserWarning: Found GPU0 Tesla V100-SXM2-16GB which is of compute capability (CC) 7.0.
The following list shows the CCs this version of PyTorch was built for and the hardware CCs it supports:
- 7.5 which supports hardware CC >=7.5,<8.0
- 8.0 which supports hardware CC >=8.0,<9.0 except {8.7}
- 8.6 which supports hardware CC >=8.6,<9.0 except {8.7}
- 9.0 which supports hardware CC >=9.0,<10.0
- 10.0 which supports hardware CC >=10.0,<11.0 except {10.1}
- 12.0 which supports hardware CC >=12.0,<13.0
Please follow the instructions at https://pytorch.org/get-started/locally/ to install a PyTorch release that supports one of these CUDA versions: 12.6, 12.8
  _warn_unsupported_code(d, device_cc, code_ccs)
Traceback (most recent call last):
  File "<frozen runpy>", line 198, in _run_module_as_main
  File "<frozen runpy>", line 88, in _run_code
  File "/mnt/aiongpfs/users/dsen/cka-fed-dynamic-sparsity/src/train.py", line 386, in <module>
    main()
  File "/mnt/aiongpfs/users/dsen/cka-fed-dynamic-sparsity/src/train.py", line 376, in main
    history = run_experiment(config, paths)
              ^^^^^^^^^^^^^^^^^^^^^^^^^^^^^
  File "/mnt/aiongpfs/users/dsen/cka-fed-dynamic-sparsity/src/train.py", line 289, in run_experiment
    history = run_cka_feddst(
              ^^^^^^^^^^^^^^^
  File "/mnt/aiongpfs/users/dsen/cka-fed-dynamic-sparsity/src/federated.py", line 485, in run_cka_feddst
    apply_masks(global_model, masks)
  File "/mnt/aiongpfs/users/dsen/cka-fed-dynamic-sparsity/src/sparsity.py", line 73, in apply_masks
    param.mul_(masks[name].to(device=param.device, dtype=param.dtype))
torch.AcceleratorError: CUDA error: no kernel image is available for execution on the device
Search for `cudaErrorNoKernelImageForDevice' in https://docs.nvidia.com/cuda/cuda-runtime-api/group__CUDART__TYPES.html for more information.
CUDA kernel errors might be asynchronously reported at some other API call, so the stacktrace below might be incorrect.
For debugging consider passing CUDA_LAUNCH_BLOCKING=1
Compile with `TORCH_USE_CUDA_DSA` to enable device-side assertions.


FAILED COMMAND: /mnt/aiongpfs/users/dsen/micromamba/envs/cka-cifar/bin/python -m src.train --global-config configs/global_cifar10.yaml --config configs/cka_feddst_mnist.yaml --seed 21 --sparsity 0.8 --cka-strength 0.8 --log-dir results/logs/cka_strength_sweep/cifar10_cka_strength_20260724_145851/strength_0p8/seed_21 --checkpoint-dir results/checkpoints/cka_strength_sweep/cifar10_cka_strength_20260724_145851/strength_0p8/seed_21 --plot-dir results/plots/cka_strength_sweep/cifar10_cka_strength_20260724_145851
Exit code: 1
/mnt/aiongpfs/users/dsen/micromamba/envs/cka-cifar/lib/python3.11/site-packages/torchvision/datasets/cifar.py:83: VisibleDeprecationWarning: dtype(): align should be passed as Python or NumPy boolean but got `align=0`. Did you mean to pass a tuple to create a subarray type? (Deprecated NumPy 2.4)
  entry = pickle.load(f, encoding="latin1")
/home/users/dsen/.local/lib/python3.11/site-packages/torch/cuda/__init__.py:371: UserWarning: Found GPU0 Tesla V100-SXM2-16GB which is of compute capability (CC) 7.0.
The following list shows the CCs this version of PyTorch was built for and the hardware CCs it supports:
- 7.5 which supports hardware CC >=7.5,<8.0
- 8.0 which supports hardware CC >=8.0,<9.0 except {8.7}
- 8.6 which supports hardware CC >=8.6,<9.0 except {8.7}
- 9.0 which supports hardware CC >=9.0,<10.0
- 10.0 which supports hardware CC >=10.0,<11.0 except {10.1}
- 12.0 which supports hardware CC >=12.0,<13.0
Please follow the instructions at https://pytorch.org/get-started/locally/ to install a PyTorch release that supports one of these CUDA versions: 12.6, 12.8
  _warn_unsupported_code(d, device_cc, code_ccs)
Traceback (most recent call last):
  File "<frozen runpy>", line 198, in _run_module_as_main
  File "<frozen runpy>", line 88, in _run_code
  File "/mnt/aiongpfs/users/dsen/cka-fed-dynamic-sparsity/src/train.py", line 386, in <module>
    main()
  File "/mnt/aiongpfs/users/dsen/cka-fed-dynamic-sparsity/src/train.py", line 376, in main
    history = run_experiment(config, paths)
              ^^^^^^^^^^^^^^^^^^^^^^^^^^^^^
  File "/mnt/aiongpfs/users/dsen/cka-fed-dynamic-sparsity/src/train.py", line 289, in run_experiment
    history = run_cka_feddst(
              ^^^^^^^^^^^^^^^
  File "/mnt/aiongpfs/users/dsen/cka-fed-dynamic-sparsity/src/federated.py", line 485, in run_cka_feddst
    apply_masks(global_model, masks)
  File "/mnt/aiongpfs/users/dsen/cka-fed-dynamic-sparsity/src/sparsity.py", line 73, in apply_masks
    param.mul_(masks[name].to(device=param.device, dtype=param.dtype))
torch.AcceleratorError: CUDA error: no kernel image is available for execution on the device
Search for `cudaErrorNoKernelImageForDevice' in https://docs.nvidia.com/cuda/cuda-runtime-api/group__CUDART__TYPES.html for more information.
CUDA kernel errors might be asynchronously reported at some other API call, so the stacktrace below might be incorrect.
For debugging consider passing CUDA_LAUNCH_BLOCKING=1
Compile with `TORCH_USE_CUDA_DSA` to enable device-side assertions.


FAILED COMMAND: /mnt/aiongpfs/users/dsen/micromamba/envs/cka-cifar/bin/python -m src.train --global-config configs/global_cifar10.yaml --config configs/cka_feddst_mnist.yaml --seed 21 --sparsity 0.9 --cka-strength 0.8 --log-dir results/logs/cka_strength_sweep/cifar10_cka_strength_20260724_145851/strength_0p8/seed_21 --checkpoint-dir results/checkpoints/cka_strength_sweep/cifar10_cka_strength_20260724_145851/strength_0p8/seed_21 --plot-dir results/plots/cka_strength_sweep/cifar10_cka_strength_20260724_145851
Exit code: 1
/mnt/aiongpfs/users/dsen/micromamba/envs/cka-cifar/lib/python3.11/site-packages/torchvision/datasets/cifar.py:83: VisibleDeprecationWarning: dtype(): align should be passed as Python or NumPy boolean but got `align=0`. Did you mean to pass a tuple to create a subarray type? (Deprecated NumPy 2.4)
  entry = pickle.load(f, encoding="latin1")
/home/users/dsen/.local/lib/python3.11/site-packages/torch/cuda/__init__.py:371: UserWarning: Found GPU0 Tesla V100-SXM2-16GB which is of compute capability (CC) 7.0.
The following list shows the CCs this version of PyTorch was built for and the hardware CCs it supports:
- 7.5 which supports hardware CC >=7.5,<8.0
- 8.0 which supports hardware CC >=8.0,<9.0 except {8.7}
- 8.6 which supports hardware CC >=8.6,<9.0 except {8.7}
- 9.0 which supports hardware CC >=9.0,<10.0
- 10.0 which supports hardware CC >=10.0,<11.0 except {10.1}
- 12.0 which supports hardware CC >=12.0,<13.0
Please follow the instructions at https://pytorch.org/get-started/locally/ to install a PyTorch release that supports one of these CUDA versions: 12.6, 12.8
  _warn_unsupported_code(d, device_cc, code_ccs)
Traceback (most recent call last):
  File "<frozen runpy>", line 198, in _run_module_as_main
  File "<frozen runpy>", line 88, in _run_code
  File "/mnt/aiongpfs/users/dsen/cka-fed-dynamic-sparsity/src/train.py", line 386, in <module>
    main()
  File "/mnt/aiongpfs/users/dsen/cka-fed-dynamic-sparsity/src/train.py", line 376, in main
    history = run_experiment(config, paths)
              ^^^^^^^^^^^^^^^^^^^^^^^^^^^^^
  File "/mnt/aiongpfs/users/dsen/cka-fed-dynamic-sparsity/src/train.py", line 289, in run_experiment
    history = run_cka_feddst(
              ^^^^^^^^^^^^^^^
  File "/mnt/aiongpfs/users/dsen/cka-fed-dynamic-sparsity/src/federated.py", line 485, in run_cka_feddst
    apply_masks(global_model, masks)
  File "/mnt/aiongpfs/users/dsen/cka-fed-dynamic-sparsity/src/sparsity.py", line 73, in apply_masks
    param.mul_(masks[name].to(device=param.device, dtype=param.dtype))
torch.AcceleratorError: CUDA error: no kernel image is available for execution on the device
Search for `cudaErrorNoKernelImageForDevice' in https://docs.nvidia.com/cuda/cuda-runtime-api/group__CUDART__TYPES.html for more information.
CUDA kernel errors might be asynchronously reported at some other API call, so the stacktrace below might be incorrect.
For debugging consider passing CUDA_LAUNCH_BLOCKING=1
Compile with `TORCH_USE_CUDA_DSA` to enable device-side assertions.


FAILED COMMAND: /mnt/aiongpfs/users/dsen/micromamba/envs/cka-cifar/bin/python -m src.train --global-config configs/global_cifar10.yaml --config configs/cka_feddst_mnist.yaml --seed 21 --sparsity 0.95 --cka-strength 0.8 --log-dir results/logs/cka_strength_sweep/cifar10_cka_strength_20260724_145851/strength_0p8/seed_21 --checkpoint-dir results/checkpoints/cka_strength_sweep/cifar10_cka_strength_20260724_145851/strength_0p8/seed_21 --plot-dir results/plots/cka_strength_sweep/cifar10_cka_strength_20260724_145851
Exit code: 1
/mnt/aiongpfs/users/dsen/micromamba/envs/cka-cifar/lib/python3.11/site-packages/torchvision/datasets/cifar.py:83: VisibleDeprecationWarning: dtype(): align should be passed as Python or NumPy boolean but got `align=0`. Did you mean to pass a tuple to create a subarray type? (Deprecated NumPy 2.4)
  entry = pickle.load(f, encoding="latin1")
/home/users/dsen/.local/lib/python3.11/site-packages/torch/cuda/__init__.py:371: UserWarning: Found GPU0 Tesla V100-SXM2-16GB which is of compute capability (CC) 7.0.
The following list shows the CCs this version of PyTorch was built for and the hardware CCs it supports:
- 7.5 which supports hardware CC >=7.5,<8.0
- 8.0 which supports hardware CC >=8.0,<9.0 except {8.7}
- 8.6 which supports hardware CC >=8.6,<9.0 except {8.7}
- 9.0 which supports hardware CC >=9.0,<10.0
- 10.0 which supports hardware CC >=10.0,<11.0 except {10.1}
- 12.0 which supports hardware CC >=12.0,<13.0
Please follow the instructions at https://pytorch.org/get-started/locally/ to install a PyTorch release that supports one of these CUDA versions: 12.6, 12.8
  _warn_unsupported_code(d, device_cc, code_ccs)
Traceback (most recent call last):
  File "<frozen runpy>", line 198, in _run_module_as_main
  File "<frozen runpy>", line 88, in _run_code
  File "/mnt/aiongpfs/users/dsen/cka-fed-dynamic-sparsity/src/train.py", line 386, in <module>
    main()
  File "/mnt/aiongpfs/users/dsen/cka-fed-dynamic-sparsity/src/train.py", line 376, in main
    history = run_experiment(config, paths)
              ^^^^^^^^^^^^^^^^^^^^^^^^^^^^^
  File "/mnt/aiongpfs/users/dsen/cka-fed-dynamic-sparsity/src/train.py", line 289, in run_experiment
    history = run_cka_feddst(
              ^^^^^^^^^^^^^^^
  File "/mnt/aiongpfs/users/dsen/cka-fed-dynamic-sparsity/src/federated.py", line 485, in run_cka_feddst
    apply_masks(global_model, masks)
  File "/mnt/aiongpfs/users/dsen/cka-fed-dynamic-sparsity/src/sparsity.py", line 73, in apply_masks
    param.mul_(masks[name].to(device=param.device, dtype=param.dtype))
torch.AcceleratorError: CUDA error: no kernel image is available for execution on the device
Search for `cudaErrorNoKernelImageForDevice' in https://docs.nvidia.com/cuda/cuda-runtime-api/group__CUDART__TYPES.html for more information.
CUDA kernel errors might be asynchronously reported at some other API call, so the stacktrace below might be incorrect.
For debugging consider passing CUDA_LAUNCH_BLOCKING=1
Compile with `TORCH_USE_CUDA_DSA` to enable device-side assertions.


FAILED COMMAND: /mnt/aiongpfs/users/dsen/micromamba/envs/cka-cifar/bin/python -m src.train --global-config configs/global_cifar10.yaml --config configs/cka_feddst_mnist.yaml --seed 100 --sparsity 0.5 --cka-strength 0.8 --log-dir results/logs/cka_strength_sweep/cifar10_cka_strength_20260724_145851/strength_0p8/seed_100 --checkpoint-dir results/checkpoints/cka_strength_sweep/cifar10_cka_strength_20260724_145851/strength_0p8/seed_100 --plot-dir results/plots/cka_strength_sweep/cifar10_cka_strength_20260724_145851
Exit code: 1
/mnt/aiongpfs/users/dsen/micromamba/envs/cka-cifar/lib/python3.11/site-packages/torchvision/datasets/cifar.py:83: VisibleDeprecationWarning: dtype(): align should be passed as Python or NumPy boolean but got `align=0`. Did you mean to pass a tuple to create a subarray type? (Deprecated NumPy 2.4)
  entry = pickle.load(f, encoding="latin1")
/home/users/dsen/.local/lib/python3.11/site-packages/torch/cuda/__init__.py:371: UserWarning: Found GPU0 Tesla V100-SXM2-16GB which is of compute capability (CC) 7.0.
The following list shows the CCs this version of PyTorch was built for and the hardware CCs it supports:
- 7.5 which supports hardware CC >=7.5,<8.0
- 8.0 which supports hardware CC >=8.0,<9.0 except {8.7}
- 8.6 which supports hardware CC >=8.6,<9.0 except {8.7}
- 9.0 which supports hardware CC >=9.0,<10.0
- 10.0 which supports hardware CC >=10.0,<11.0 except {10.1}
- 12.0 which supports hardware CC >=12.0,<13.0
Please follow the instructions at https://pytorch.org/get-started/locally/ to install a PyTorch release that supports one of these CUDA versions: 12.6, 12.8
  _warn_unsupported_code(d, device_cc, code_ccs)
Traceback (most recent call last):
  File "<frozen runpy>", line 198, in _run_module_as_main
  File "<frozen runpy>", line 88, in _run_code
  File "/mnt/aiongpfs/users/dsen/cka-fed-dynamic-sparsity/src/train.py", line 386, in <module>
    main()
  File "/mnt/aiongpfs/users/dsen/cka-fed-dynamic-sparsity/src/train.py", line 376, in main
    history = run_experiment(config, paths)
              ^^^^^^^^^^^^^^^^^^^^^^^^^^^^^
  File "/mnt/aiongpfs/users/dsen/cka-fed-dynamic-sparsity/src/train.py", line 289, in run_experiment
    history = run_cka_feddst(
              ^^^^^^^^^^^^^^^
  File "/mnt/aiongpfs/users/dsen/cka-fed-dynamic-sparsity/src/federated.py", line 485, in run_cka_feddst
    apply_masks(global_model, masks)
  File "/mnt/aiongpfs/users/dsen/cka-fed-dynamic-sparsity/src/sparsity.py", line 73, in apply_masks
    param.mul_(masks[name].to(device=param.device, dtype=param.dtype))
torch.AcceleratorError: CUDA error: no kernel image is available for execution on the device
Search for `cudaErrorNoKernelImageForDevice' in https://docs.nvidia.com/cuda/cuda-runtime-api/group__CUDART__TYPES.html for more information.
CUDA kernel errors might be asynchronously reported at some other API call, so the stacktrace below might be incorrect.
For debugging consider passing CUDA_LAUNCH_BLOCKING=1
Compile with `TORCH_USE_CUDA_DSA` to enable device-side assertions.


FAILED COMMAND: /mnt/aiongpfs/users/dsen/micromamba/envs/cka-cifar/bin/python -m src.train --global-config configs/global_cifar10.yaml --config configs/cka_feddst_mnist.yaml --seed 100 --sparsity 0.7 --cka-strength 0.8 --log-dir results/logs/cka_strength_sweep/cifar10_cka_strength_20260724_145851/strength_0p8/seed_100 --checkpoint-dir results/checkpoints/cka_strength_sweep/cifar10_cka_strength_20260724_145851/strength_0p8/seed_100 --plot-dir results/plots/cka_strength_sweep/cifar10_cka_strength_20260724_145851
Exit code: 1
/mnt/aiongpfs/users/dsen/micromamba/envs/cka-cifar/lib/python3.11/site-packages/torchvision/datasets/cifar.py:83: VisibleDeprecationWarning: dtype(): align should be passed as Python or NumPy boolean but got `align=0`. Did you mean to pass a tuple to create a subarray type? (Deprecated NumPy 2.4)
  entry = pickle.load(f, encoding="latin1")
/home/users/dsen/.local/lib/python3.11/site-packages/torch/cuda/__init__.py:371: UserWarning: Found GPU0 Tesla V100-SXM2-16GB which is of compute capability (CC) 7.0.
The following list shows the CCs this version of PyTorch was built for and the hardware CCs it supports:
- 7.5 which supports hardware CC >=7.5,<8.0
- 8.0 which supports hardware CC >=8.0,<9.0 except {8.7}
- 8.6 which supports hardware CC >=8.6,<9.0 except {8.7}
- 9.0 which supports hardware CC >=9.0,<10.0
- 10.0 which supports hardware CC >=10.0,<11.0 except {10.1}
- 12.0 which supports hardware CC >=12.0,<13.0
Please follow the instructions at https://pytorch.org/get-started/locally/ to install a PyTorch release that supports one of these CUDA versions: 12.6, 12.8
  _warn_unsupported_code(d, device_cc, code_ccs)
Traceback (most recent call last):
  File "<frozen runpy>", line 198, in _run_module_as_main
  File "<frozen runpy>", line 88, in _run_code
  File "/mnt/aiongpfs/users/dsen/cka-fed-dynamic-sparsity/src/train.py", line 386, in <module>
    main()
  File "/mnt/aiongpfs/users/dsen/cka-fed-dynamic-sparsity/src/train.py", line 376, in main
    history = run_experiment(config, paths)
              ^^^^^^^^^^^^^^^^^^^^^^^^^^^^^
  File "/mnt/aiongpfs/users/dsen/cka-fed-dynamic-sparsity/src/train.py", line 289, in run_experiment
    history = run_cka_feddst(
              ^^^^^^^^^^^^^^^
  File "/mnt/aiongpfs/users/dsen/cka-fed-dynamic-sparsity/src/federated.py", line 485, in run_cka_feddst
    apply_masks(global_model, masks)
  File "/mnt/aiongpfs/users/dsen/cka-fed-dynamic-sparsity/src/sparsity.py", line 73, in apply_masks
    param.mul_(masks[name].to(device=param.device, dtype=param.dtype))
torch.AcceleratorError: CUDA error: no kernel image is available for execution on the device
Search for `cudaErrorNoKernelImageForDevice' in https://docs.nvidia.com/cuda/cuda-runtime-api/group__CUDART__TYPES.html for more information.
CUDA kernel errors might be asynchronously reported at some other API call, so the stacktrace below might be incorrect.
For debugging consider passing CUDA_LAUNCH_BLOCKING=1
Compile with `TORCH_USE_CUDA_DSA` to enable device-side assertions.


FAILED COMMAND: /mnt/aiongpfs/users/dsen/micromamba/envs/cka-cifar/bin/python -m src.train --global-config configs/global_cifar10.yaml --config configs/cka_feddst_mnist.yaml --seed 100 --sparsity 0.8 --cka-strength 0.8 --log-dir results/logs/cka_strength_sweep/cifar10_cka_strength_20260724_145851/strength_0p8/seed_100 --checkpoint-dir results/checkpoints/cka_strength_sweep/cifar10_cka_strength_20260724_145851/strength_0p8/seed_100 --plot-dir results/plots/cka_strength_sweep/cifar10_cka_strength_20260724_145851
Exit code: 1
/mnt/aiongpfs/users/dsen/micromamba/envs/cka-cifar/lib/python3.11/site-packages/torchvision/datasets/cifar.py:83: VisibleDeprecationWarning: dtype(): align should be passed as Python or NumPy boolean but got `align=0`. Did you mean to pass a tuple to create a subarray type? (Deprecated NumPy 2.4)
  entry = pickle.load(f, encoding="latin1")
/home/users/dsen/.local/lib/python3.11/site-packages/torch/cuda/__init__.py:371: UserWarning: Found GPU0 Tesla V100-SXM2-16GB which is of compute capability (CC) 7.0.
The following list shows the CCs this version of PyTorch was built for and the hardware CCs it supports:
- 7.5 which supports hardware CC >=7.5,<8.0
- 8.0 which supports hardware CC >=8.0,<9.0 except {8.7}
- 8.6 which supports hardware CC >=8.6,<9.0 except {8.7}
- 9.0 which supports hardware CC >=9.0,<10.0
- 10.0 which supports hardware CC >=10.0,<11.0 except {10.1}
- 12.0 which supports hardware CC >=12.0,<13.0
Please follow the instructions at https://pytorch.org/get-started/locally/ to install a PyTorch release that supports one of these CUDA versions: 12.6, 12.8
  _warn_unsupported_code(d, device_cc, code_ccs)
Traceback (most recent call last):
  File "<frozen runpy>", line 198, in _run_module_as_main
  File "<frozen runpy>", line 88, in _run_code
  File "/mnt/aiongpfs/users/dsen/cka-fed-dynamic-sparsity/src/train.py", line 386, in <module>
    main()
  File "/mnt/aiongpfs/users/dsen/cka-fed-dynamic-sparsity/src/train.py", line 376, in main
    history = run_experiment(config, paths)
              ^^^^^^^^^^^^^^^^^^^^^^^^^^^^^
  File "/mnt/aiongpfs/users/dsen/cka-fed-dynamic-sparsity/src/train.py", line 289, in run_experiment
    history = run_cka_feddst(
              ^^^^^^^^^^^^^^^
  File "/mnt/aiongpfs/users/dsen/cka-fed-dynamic-sparsity/src/federated.py", line 485, in run_cka_feddst
    apply_masks(global_model, masks)
  File "/mnt/aiongpfs/users/dsen/cka-fed-dynamic-sparsity/src/sparsity.py", line 73, in apply_masks
    param.mul_(masks[name].to(device=param.device, dtype=param.dtype))
torch.AcceleratorError: CUDA error: no kernel image is available for execution on the device
Search for `cudaErrorNoKernelImageForDevice' in https://docs.nvidia.com/cuda/cuda-runtime-api/group__CUDART__TYPES.html for more information.
CUDA kernel errors might be asynchronously reported at some other API call, so the stacktrace below might be incorrect.
For debugging consider passing CUDA_LAUNCH_BLOCKING=1
Compile with `TORCH_USE_CUDA_DSA` to enable device-side assertions.


FAILED COMMAND: /mnt/aiongpfs/users/dsen/micromamba/envs/cka-cifar/bin/python -m src.train --global-config configs/global_cifar10.yaml --config configs/cka_feddst_mnist.yaml --seed 100 --sparsity 0.9 --cka-strength 0.8 --log-dir results/logs/cka_strength_sweep/cifar10_cka_strength_20260724_145851/strength_0p8/seed_100 --checkpoint-dir results/checkpoints/cka_strength_sweep/cifar10_cka_strength_20260724_145851/strength_0p8/seed_100 --plot-dir results/plots/cka_strength_sweep/cifar10_cka_strength_20260724_145851
Exit code: 1
/mnt/aiongpfs/users/dsen/micromamba/envs/cka-cifar/lib/python3.11/site-packages/torchvision/datasets/cifar.py:83: VisibleDeprecationWarning: dtype(): align should be passed as Python or NumPy boolean but got `align=0`. Did you mean to pass a tuple to create a subarray type? (Deprecated NumPy 2.4)
  entry = pickle.load(f, encoding="latin1")
/home/users/dsen/.local/lib/python3.11/site-packages/torch/cuda/__init__.py:371: UserWarning: Found GPU0 Tesla V100-SXM2-16GB which is of compute capability (CC) 7.0.
The following list shows the CCs this version of PyTorch was built for and the hardware CCs it supports:
- 7.5 which supports hardware CC >=7.5,<8.0
- 8.0 which supports hardware CC >=8.0,<9.0 except {8.7}
- 8.6 which supports hardware CC >=8.6,<9.0 except {8.7}
- 9.0 which supports hardware CC >=9.0,<10.0
- 10.0 which supports hardware CC >=10.0,<11.0 except {10.1}
- 12.0 which supports hardware CC >=12.0,<13.0
Please follow the instructions at https://pytorch.org/get-started/locally/ to install a PyTorch release that supports one of these CUDA versions: 12.6, 12.8
  _warn_unsupported_code(d, device_cc, code_ccs)
Traceback (most recent call last):
  File "<frozen runpy>", line 198, in _run_module_as_main
  File "<frozen runpy>", line 88, in _run_code
  File "/mnt/aiongpfs/users/dsen/cka-fed-dynamic-sparsity/src/train.py", line 386, in <module>
    main()
  File "/mnt/aiongpfs/users/dsen/cka-fed-dynamic-sparsity/src/train.py", line 376, in main
    history = run_experiment(config, paths)
              ^^^^^^^^^^^^^^^^^^^^^^^^^^^^^
  File "/mnt/aiongpfs/users/dsen/cka-fed-dynamic-sparsity/src/train.py", line 289, in run_experiment
    history = run_cka_feddst(
              ^^^^^^^^^^^^^^^
  File "/mnt/aiongpfs/users/dsen/cka-fed-dynamic-sparsity/src/federated.py", line 485, in run_cka_feddst
    apply_masks(global_model, masks)
  File "/mnt/aiongpfs/users/dsen/cka-fed-dynamic-sparsity/src/sparsity.py", line 73, in apply_masks
    param.mul_(masks[name].to(device=param.device, dtype=param.dtype))
torch.AcceleratorError: CUDA error: no kernel image is available for execution on the device
Search for `cudaErrorNoKernelImageForDevice' in https://docs.nvidia.com/cuda/cuda-runtime-api/group__CUDART__TYPES.html for more information.
CUDA kernel errors might be asynchronously reported at some other API call, so the stacktrace below might be incorrect.
For debugging consider passing CUDA_LAUNCH_BLOCKING=1
Compile with `TORCH_USE_CUDA_DSA` to enable device-side assertions.


FAILED COMMAND: /mnt/aiongpfs/users/dsen/micromamba/envs/cka-cifar/bin/python -m src.train --global-config configs/global_cifar10.yaml --config configs/cka_feddst_mnist.yaml --seed 100 --sparsity 0.95 --cka-strength 0.8 --log-dir results/logs/cka_strength_sweep/cifar10_cka_strength_20260724_145851/strength_0p8/seed_100 --checkpoint-dir results/checkpoints/cka_strength_sweep/cifar10_cka_strength_20260724_145851/strength_0p8/seed_100 --plot-dir results/plots/cka_strength_sweep/cifar10_cka_strength_20260724_145851
Exit code: 1
/mnt/aiongpfs/users/dsen/micromamba/envs/cka-cifar/lib/python3.11/site-packages/torchvision/datasets/cifar.py:83: VisibleDeprecationWarning: dtype(): align should be passed as Python or NumPy boolean but got `align=0`. Did you mean to pass a tuple to create a subarray type? (Deprecated NumPy 2.4)
  entry = pickle.load(f, encoding="latin1")
/home/users/dsen/.local/lib/python3.11/site-packages/torch/cuda/__init__.py:371: UserWarning: Found GPU0 Tesla V100-SXM2-16GB which is of compute capability (CC) 7.0.
The following list shows the CCs this version of PyTorch was built for and the hardware CCs it supports:
- 7.5 which supports hardware CC >=7.5,<8.0
- 8.0 which supports hardware CC >=8.0,<9.0 except {8.7}
- 8.6 which supports hardware CC >=8.6,<9.0 except {8.7}
- 9.0 which supports hardware CC >=9.0,<10.0
- 10.0 which supports hardware CC >=10.0,<11.0 except {10.1}
- 12.0 which supports hardware CC >=12.0,<13.0
Please follow the instructions at https://pytorch.org/get-started/locally/ to install a PyTorch release that supports one of these CUDA versions: 12.6, 12.8
  _warn_unsupported_code(d, device_cc, code_ccs)
Traceback (most recent call last):
  File "<frozen runpy>", line 198, in _run_module_as_main
  File "<frozen runpy>", line 88, in _run_code
  File "/mnt/aiongpfs/users/dsen/cka-fed-dynamic-sparsity/src/train.py", line 386, in <module>
    main()
  File "/mnt/aiongpfs/users/dsen/cka-fed-dynamic-sparsity/src/train.py", line 376, in main
    history = run_experiment(config, paths)
              ^^^^^^^^^^^^^^^^^^^^^^^^^^^^^
  File "/mnt/aiongpfs/users/dsen/cka-fed-dynamic-sparsity/src/train.py", line 289, in run_experiment
    history = run_cka_feddst(
              ^^^^^^^^^^^^^^^
  File "/mnt/aiongpfs/users/dsen/cka-fed-dynamic-sparsity/src/federated.py", line 485, in run_cka_feddst
    apply_masks(global_model, masks)
  File "/mnt/aiongpfs/users/dsen/cka-fed-dynamic-sparsity/src/sparsity.py", line 73, in apply_masks
    param.mul_(masks[name].to(device=param.device, dtype=param.dtype))
torch.AcceleratorError: CUDA error: no kernel image is available for execution on the device
Search for `cudaErrorNoKernelImageForDevice' in https://docs.nvidia.com/cuda/cuda-runtime-api/group__CUDART__TYPES.html for more information.
CUDA kernel errors might be asynchronously reported at some other API call, so the stacktrace below might be incorrect.
For debugging consider passing CUDA_LAUNCH_BLOCKING=1
Compile with `TORCH_USE_CUDA_DSA` to enable device-side assertions.


FAILED COMMAND: /mnt/aiongpfs/users/dsen/micromamba/envs/cka-cifar/bin/python -m src.train --global-config configs/global_cifar10.yaml --config configs/cka_feddst_mnist.yaml --seed 42 --sparsity 0.5 --cka-strength 0.9 --log-dir results/logs/cka_strength_sweep/cifar10_cka_strength_20260724_145851/strength_0p9/seed_42 --checkpoint-dir results/checkpoints/cka_strength_sweep/cifar10_cka_strength_20260724_145851/strength_0p9/seed_42 --plot-dir results/plots/cka_strength_sweep/cifar10_cka_strength_20260724_145851
Exit code: 1
/mnt/aiongpfs/users/dsen/micromamba/envs/cka-cifar/lib/python3.11/site-packages/torchvision/datasets/cifar.py:83: VisibleDeprecationWarning: dtype(): align should be passed as Python or NumPy boolean but got `align=0`. Did you mean to pass a tuple to create a subarray type? (Deprecated NumPy 2.4)
  entry = pickle.load(f, encoding="latin1")
/home/users/dsen/.local/lib/python3.11/site-packages/torch/cuda/__init__.py:371: UserWarning: Found GPU0 Tesla V100-SXM2-16GB which is of compute capability (CC) 7.0.
The following list shows the CCs this version of PyTorch was built for and the hardware CCs it supports:
- 7.5 which supports hardware CC >=7.5,<8.0
- 8.0 which supports hardware CC >=8.0,<9.0 except {8.7}
- 8.6 which supports hardware CC >=8.6,<9.0 except {8.7}
- 9.0 which supports hardware CC >=9.0,<10.0
- 10.0 which supports hardware CC >=10.0,<11.0 except {10.1}
- 12.0 which supports hardware CC >=12.0,<13.0
Please follow the instructions at https://pytorch.org/get-started/locally/ to install a PyTorch release that supports one of these CUDA versions: 12.6, 12.8
  _warn_unsupported_code(d, device_cc, code_ccs)
Traceback (most recent call last):
  File "<frozen runpy>", line 198, in _run_module_as_main
  File "<frozen runpy>", line 88, in _run_code
  File "/mnt/aiongpfs/users/dsen/cka-fed-dynamic-sparsity/src/train.py", line 386, in <module>
    main()
  File "/mnt/aiongpfs/users/dsen/cka-fed-dynamic-sparsity/src/train.py", line 376, in main
    history = run_experiment(config, paths)
              ^^^^^^^^^^^^^^^^^^^^^^^^^^^^^
  File "/mnt/aiongpfs/users/dsen/cka-fed-dynamic-sparsity/src/train.py", line 289, in run_experiment
    history = run_cka_feddst(
              ^^^^^^^^^^^^^^^
  File "/mnt/aiongpfs/users/dsen/cka-fed-dynamic-sparsity/src/federated.py", line 485, in run_cka_feddst
    apply_masks(global_model, masks)
  File "/mnt/aiongpfs/users/dsen/cka-fed-dynamic-sparsity/src/sparsity.py", line 73, in apply_masks
    param.mul_(masks[name].to(device=param.device, dtype=param.dtype))
torch.AcceleratorError: CUDA error: no kernel image is available for execution on the device
Search for `cudaErrorNoKernelImageForDevice' in https://docs.nvidia.com/cuda/cuda-runtime-api/group__CUDART__TYPES.html for more information.
CUDA kernel errors might be asynchronously reported at some other API call, so the stacktrace below might be incorrect.
For debugging consider passing CUDA_LAUNCH_BLOCKING=1
Compile with `TORCH_USE_CUDA_DSA` to enable device-side assertions.


FAILED COMMAND: /mnt/aiongpfs/users/dsen/micromamba/envs/cka-cifar/bin/python -m src.train --global-config configs/global_cifar10.yaml --config configs/cka_feddst_mnist.yaml --seed 42 --sparsity 0.7 --cka-strength 0.9 --log-dir results/logs/cka_strength_sweep/cifar10_cka_strength_20260724_145851/strength_0p9/seed_42 --checkpoint-dir results/checkpoints/cka_strength_sweep/cifar10_cka_strength_20260724_145851/strength_0p9/seed_42 --plot-dir results/plots/cka_strength_sweep/cifar10_cka_strength_20260724_145851
Exit code: 1
/mnt/aiongpfs/users/dsen/micromamba/envs/cka-cifar/lib/python3.11/site-packages/torchvision/datasets/cifar.py:83: VisibleDeprecationWarning: dtype(): align should be passed as Python or NumPy boolean but got `align=0`. Did you mean to pass a tuple to create a subarray type? (Deprecated NumPy 2.4)
  entry = pickle.load(f, encoding="latin1")
/home/users/dsen/.local/lib/python3.11/site-packages/torch/cuda/__init__.py:371: UserWarning: Found GPU0 Tesla V100-SXM2-16GB which is of compute capability (CC) 7.0.
The following list shows the CCs this version of PyTorch was built for and the hardware CCs it supports:
- 7.5 which supports hardware CC >=7.5,<8.0
- 8.0 which supports hardware CC >=8.0,<9.0 except {8.7}
- 8.6 which supports hardware CC >=8.6,<9.0 except {8.7}
- 9.0 which supports hardware CC >=9.0,<10.0
- 10.0 which supports hardware CC >=10.0,<11.0 except {10.1}
- 12.0 which supports hardware CC >=12.0,<13.0
Please follow the instructions at https://pytorch.org/get-started/locally/ to install a PyTorch release that supports one of these CUDA versions: 12.6, 12.8
  _warn_unsupported_code(d, device_cc, code_ccs)
Traceback (most recent call last):
  File "<frozen runpy>", line 198, in _run_module_as_main
  File "<frozen runpy>", line 88, in _run_code
  File "/mnt/aiongpfs/users/dsen/cka-fed-dynamic-sparsity/src/train.py", line 386, in <module>
    main()
  File "/mnt/aiongpfs/users/dsen/cka-fed-dynamic-sparsity/src/train.py", line 376, in main
    history = run_experiment(config, paths)
              ^^^^^^^^^^^^^^^^^^^^^^^^^^^^^
  File "/mnt/aiongpfs/users/dsen/cka-fed-dynamic-sparsity/src/train.py", line 289, in run_experiment
    history = run_cka_feddst(
              ^^^^^^^^^^^^^^^
  File "/mnt/aiongpfs/users/dsen/cka-fed-dynamic-sparsity/src/federated.py", line 485, in run_cka_feddst
    apply_masks(global_model, masks)
  File "/mnt/aiongpfs/users/dsen/cka-fed-dynamic-sparsity/src/sparsity.py", line 73, in apply_masks
    param.mul_(masks[name].to(device=param.device, dtype=param.dtype))
torch.AcceleratorError: CUDA error: no kernel image is available for execution on the device
Search for `cudaErrorNoKernelImageForDevice' in https://docs.nvidia.com/cuda/cuda-runtime-api/group__CUDART__TYPES.html for more information.
CUDA kernel errors might be asynchronously reported at some other API call, so the stacktrace below might be incorrect.
For debugging consider passing CUDA_LAUNCH_BLOCKING=1
Compile with `TORCH_USE_CUDA_DSA` to enable device-side assertions.


FAILED COMMAND: /mnt/aiongpfs/users/dsen/micromamba/envs/cka-cifar/bin/python -m src.train --global-config configs/global_cifar10.yaml --config configs/cka_feddst_mnist.yaml --seed 42 --sparsity 0.8 --cka-strength 0.9 --log-dir results/logs/cka_strength_sweep/cifar10_cka_strength_20260724_145851/strength_0p9/seed_42 --checkpoint-dir results/checkpoints/cka_strength_sweep/cifar10_cka_strength_20260724_145851/strength_0p9/seed_42 --plot-dir results/plots/cka_strength_sweep/cifar10_cka_strength_20260724_145851
Exit code: 1
/mnt/aiongpfs/users/dsen/micromamba/envs/cka-cifar/lib/python3.11/site-packages/torchvision/datasets/cifar.py:83: VisibleDeprecationWarning: dtype(): align should be passed as Python or NumPy boolean but got `align=0`. Did you mean to pass a tuple to create a subarray type? (Deprecated NumPy 2.4)
  entry = pickle.load(f, encoding="latin1")
/home/users/dsen/.local/lib/python3.11/site-packages/torch/cuda/__init__.py:371: UserWarning: Found GPU0 Tesla V100-SXM2-16GB which is of compute capability (CC) 7.0.
The following list shows the CCs this version of PyTorch was built for and the hardware CCs it supports:
- 7.5 which supports hardware CC >=7.5,<8.0
- 8.0 which supports hardware CC >=8.0,<9.0 except {8.7}
- 8.6 which supports hardware CC >=8.6,<9.0 except {8.7}
- 9.0 which supports hardware CC >=9.0,<10.0
- 10.0 which supports hardware CC >=10.0,<11.0 except {10.1}
- 12.0 which supports hardware CC >=12.0,<13.0
Please follow the instructions at https://pytorch.org/get-started/locally/ to install a PyTorch release that supports one of these CUDA versions: 12.6, 12.8
  _warn_unsupported_code(d, device_cc, code_ccs)
Traceback (most recent call last):
  File "<frozen runpy>", line 198, in _run_module_as_main
  File "<frozen runpy>", line 88, in _run_code
  File "/mnt/aiongpfs/users/dsen/cka-fed-dynamic-sparsity/src/train.py", line 386, in <module>
    main()
  File "/mnt/aiongpfs/users/dsen/cka-fed-dynamic-sparsity/src/train.py", line 376, in main
    history = run_experiment(config, paths)
              ^^^^^^^^^^^^^^^^^^^^^^^^^^^^^
  File "/mnt/aiongpfs/users/dsen/cka-fed-dynamic-sparsity/src/train.py", line 289, in run_experiment
    history = run_cka_feddst(
              ^^^^^^^^^^^^^^^
  File "/mnt/aiongpfs/users/dsen/cka-fed-dynamic-sparsity/src/federated.py", line 485, in run_cka_feddst
    apply_masks(global_model, masks)
  File "/mnt/aiongpfs/users/dsen/cka-fed-dynamic-sparsity/src/sparsity.py", line 73, in apply_masks
    param.mul_(masks[name].to(device=param.device, dtype=param.dtype))
torch.AcceleratorError: CUDA error: no kernel image is available for execution on the device
Search for `cudaErrorNoKernelImageForDevice' in https://docs.nvidia.com/cuda/cuda-runtime-api/group__CUDART__TYPES.html for more information.
CUDA kernel errors might be asynchronously reported at some other API call, so the stacktrace below might be incorrect.
For debugging consider passing CUDA_LAUNCH_BLOCKING=1
Compile with `TORCH_USE_CUDA_DSA` to enable device-side assertions.


FAILED COMMAND: /mnt/aiongpfs/users/dsen/micromamba/envs/cka-cifar/bin/python -m src.train --global-config configs/global_cifar10.yaml --config configs/cka_feddst_mnist.yaml --seed 42 --sparsity 0.9 --cka-strength 0.9 --log-dir results/logs/cka_strength_sweep/cifar10_cka_strength_20260724_145851/strength_0p9/seed_42 --checkpoint-dir results/checkpoints/cka_strength_sweep/cifar10_cka_strength_20260724_145851/strength_0p9/seed_42 --plot-dir results/plots/cka_strength_sweep/cifar10_cka_strength_20260724_145851
Exit code: 1
/mnt/aiongpfs/users/dsen/micromamba/envs/cka-cifar/lib/python3.11/site-packages/torchvision/datasets/cifar.py:83: VisibleDeprecationWarning: dtype(): align should be passed as Python or NumPy boolean but got `align=0`. Did you mean to pass a tuple to create a subarray type? (Deprecated NumPy 2.4)
  entry = pickle.load(f, encoding="latin1")
/home/users/dsen/.local/lib/python3.11/site-packages/torch/cuda/__init__.py:371: UserWarning: Found GPU0 Tesla V100-SXM2-16GB which is of compute capability (CC) 7.0.
The following list shows the CCs this version of PyTorch was built for and the hardware CCs it supports:
- 7.5 which supports hardware CC >=7.5,<8.0
- 8.0 which supports hardware CC >=8.0,<9.0 except {8.7}
- 8.6 which supports hardware CC >=8.6,<9.0 except {8.7}
- 9.0 which supports hardware CC >=9.0,<10.0
- 10.0 which supports hardware CC >=10.0,<11.0 except {10.1}
- 12.0 which supports hardware CC >=12.0,<13.0
Please follow the instructions at https://pytorch.org/get-started/locally/ to install a PyTorch release that supports one of these CUDA versions: 12.6, 12.8
  _warn_unsupported_code(d, device_cc, code_ccs)
Traceback (most recent call last):
  File "<frozen runpy>", line 198, in _run_module_as_main
  File "<frozen runpy>", line 88, in _run_code
  File "/mnt/aiongpfs/users/dsen/cka-fed-dynamic-sparsity/src/train.py", line 386, in <module>
    main()
  File "/mnt/aiongpfs/users/dsen/cka-fed-dynamic-sparsity/src/train.py", line 376, in main
    history = run_experiment(config, paths)
              ^^^^^^^^^^^^^^^^^^^^^^^^^^^^^
  File "/mnt/aiongpfs/users/dsen/cka-fed-dynamic-sparsity/src/train.py", line 289, in run_experiment
    history = run_cka_feddst(
              ^^^^^^^^^^^^^^^
  File "/mnt/aiongpfs/users/dsen/cka-fed-dynamic-sparsity/src/federated.py", line 485, in run_cka_feddst
    apply_masks(global_model, masks)
  File "/mnt/aiongpfs/users/dsen/cka-fed-dynamic-sparsity/src/sparsity.py", line 73, in apply_masks
    param.mul_(masks[name].to(device=param.device, dtype=param.dtype))
torch.AcceleratorError: CUDA error: no kernel image is available for execution on the device
Search for `cudaErrorNoKernelImageForDevice' in https://docs.nvidia.com/cuda/cuda-runtime-api/group__CUDART__TYPES.html for more information.
CUDA kernel errors might be asynchronously reported at some other API call, so the stacktrace below might be incorrect.
For debugging consider passing CUDA_LAUNCH_BLOCKING=1
Compile with `TORCH_USE_CUDA_DSA` to enable device-side assertions.


FAILED COMMAND: /mnt/aiongpfs/users/dsen/micromamba/envs/cka-cifar/bin/python -m src.train --global-config configs/global_cifar10.yaml --config configs/cka_feddst_mnist.yaml --seed 42 --sparsity 0.95 --cka-strength 0.9 --log-dir results/logs/cka_strength_sweep/cifar10_cka_strength_20260724_145851/strength_0p9/seed_42 --checkpoint-dir results/checkpoints/cka_strength_sweep/cifar10_cka_strength_20260724_145851/strength_0p9/seed_42 --plot-dir results/plots/cka_strength_sweep/cifar10_cka_strength_20260724_145851
Exit code: 1
/mnt/aiongpfs/users/dsen/micromamba/envs/cka-cifar/lib/python3.11/site-packages/torchvision/datasets/cifar.py:83: VisibleDeprecationWarning: dtype(): align should be passed as Python or NumPy boolean but got `align=0`. Did you mean to pass a tuple to create a subarray type? (Deprecated NumPy 2.4)
  entry = pickle.load(f, encoding="latin1")
/home/users/dsen/.local/lib/python3.11/site-packages/torch/cuda/__init__.py:371: UserWarning: Found GPU0 Tesla V100-SXM2-16GB which is of compute capability (CC) 7.0.
The following list shows the CCs this version of PyTorch was built for and the hardware CCs it supports:
- 7.5 which supports hardware CC >=7.5,<8.0
- 8.0 which supports hardware CC >=8.0,<9.0 except {8.7}
- 8.6 which supports hardware CC >=8.6,<9.0 except {8.7}
- 9.0 which supports hardware CC >=9.0,<10.0
- 10.0 which supports hardware CC >=10.0,<11.0 except {10.1}
- 12.0 which supports hardware CC >=12.0,<13.0
Please follow the instructions at https://pytorch.org/get-started/locally/ to install a PyTorch release that supports one of these CUDA versions: 12.6, 12.8
  _warn_unsupported_code(d, device_cc, code_ccs)
Traceback (most recent call last):
  File "<frozen runpy>", line 198, in _run_module_as_main
  File "<frozen runpy>", line 88, in _run_code
  File "/mnt/aiongpfs/users/dsen/cka-fed-dynamic-sparsity/src/train.py", line 386, in <module>
    main()
  File "/mnt/aiongpfs/users/dsen/cka-fed-dynamic-sparsity/src/train.py", line 376, in main
    history = run_experiment(config, paths)
              ^^^^^^^^^^^^^^^^^^^^^^^^^^^^^
  File "/mnt/aiongpfs/users/dsen/cka-fed-dynamic-sparsity/src/train.py", line 289, in run_experiment
    history = run_cka_feddst(
              ^^^^^^^^^^^^^^^
  File "/mnt/aiongpfs/users/dsen/cka-fed-dynamic-sparsity/src/federated.py", line 485, in run_cka_feddst
    apply_masks(global_model, masks)
  File "/mnt/aiongpfs/users/dsen/cka-fed-dynamic-sparsity/src/sparsity.py", line 73, in apply_masks
    param.mul_(masks[name].to(device=param.device, dtype=param.dtype))
torch.AcceleratorError: CUDA error: no kernel image is available for execution on the device
Search for `cudaErrorNoKernelImageForDevice' in https://docs.nvidia.com/cuda/cuda-runtime-api/group__CUDART__TYPES.html for more information.
CUDA kernel errors might be asynchronously reported at some other API call, so the stacktrace below might be incorrect.
For debugging consider passing CUDA_LAUNCH_BLOCKING=1
Compile with `TORCH_USE_CUDA_DSA` to enable device-side assertions.


FAILED COMMAND: /mnt/aiongpfs/users/dsen/micromamba/envs/cka-cifar/bin/python -m src.train --global-config configs/global_cifar10.yaml --config configs/cka_feddst_mnist.yaml --seed 7 --sparsity 0.5 --cka-strength 0.9 --log-dir results/logs/cka_strength_sweep/cifar10_cka_strength_20260724_145851/strength_0p9/seed_7 --checkpoint-dir results/checkpoints/cka_strength_sweep/cifar10_cka_strength_20260724_145851/strength_0p9/seed_7 --plot-dir results/plots/cka_strength_sweep/cifar10_cka_strength_20260724_145851
Exit code: 1
/mnt/aiongpfs/users/dsen/micromamba/envs/cka-cifar/lib/python3.11/site-packages/torchvision/datasets/cifar.py:83: VisibleDeprecationWarning: dtype(): align should be passed as Python or NumPy boolean but got `align=0`. Did you mean to pass a tuple to create a subarray type? (Deprecated NumPy 2.4)
  entry = pickle.load(f, encoding="latin1")
/home/users/dsen/.local/lib/python3.11/site-packages/torch/cuda/__init__.py:371: UserWarning: Found GPU0 Tesla V100-SXM2-16GB which is of compute capability (CC) 7.0.
The following list shows the CCs this version of PyTorch was built for and the hardware CCs it supports:
- 7.5 which supports hardware CC >=7.5,<8.0
- 8.0 which supports hardware CC >=8.0,<9.0 except {8.7}
- 8.6 which supports hardware CC >=8.6,<9.0 except {8.7}
- 9.0 which supports hardware CC >=9.0,<10.0
- 10.0 which supports hardware CC >=10.0,<11.0 except {10.1}
- 12.0 which supports hardware CC >=12.0,<13.0
Please follow the instructions at https://pytorch.org/get-started/locally/ to install a PyTorch release that supports one of these CUDA versions: 12.6, 12.8
  _warn_unsupported_code(d, device_cc, code_ccs)
Traceback (most recent call last):
  File "<frozen runpy>", line 198, in _run_module_as_main
  File "<frozen runpy>", line 88, in _run_code
  File "/mnt/aiongpfs/users/dsen/cka-fed-dynamic-sparsity/src/train.py", line 386, in <module>
    main()
  File "/mnt/aiongpfs/users/dsen/cka-fed-dynamic-sparsity/src/train.py", line 376, in main
    history = run_experiment(config, paths)
              ^^^^^^^^^^^^^^^^^^^^^^^^^^^^^
  File "/mnt/aiongpfs/users/dsen/cka-fed-dynamic-sparsity/src/train.py", line 289, in run_experiment
    history = run_cka_feddst(
              ^^^^^^^^^^^^^^^
  File "/mnt/aiongpfs/users/dsen/cka-fed-dynamic-sparsity/src/federated.py", line 485, in run_cka_feddst
    apply_masks(global_model, masks)
  File "/mnt/aiongpfs/users/dsen/cka-fed-dynamic-sparsity/src/sparsity.py", line 73, in apply_masks
    param.mul_(masks[name].to(device=param.device, dtype=param.dtype))
torch.AcceleratorError: CUDA error: no kernel image is available for execution on the device
Search for `cudaErrorNoKernelImageForDevice' in https://docs.nvidia.com/cuda/cuda-runtime-api/group__CUDART__TYPES.html for more information.
CUDA kernel errors might be asynchronously reported at some other API call, so the stacktrace below might be incorrect.
For debugging consider passing CUDA_LAUNCH_BLOCKING=1
Compile with `TORCH_USE_CUDA_DSA` to enable device-side assertions.


FAILED COMMAND: /mnt/aiongpfs/users/dsen/micromamba/envs/cka-cifar/bin/python -m src.train --global-config configs/global_cifar10.yaml --config configs/cka_feddst_mnist.yaml --seed 7 --sparsity 0.7 --cka-strength 0.9 --log-dir results/logs/cka_strength_sweep/cifar10_cka_strength_20260724_145851/strength_0p9/seed_7 --checkpoint-dir results/checkpoints/cka_strength_sweep/cifar10_cka_strength_20260724_145851/strength_0p9/seed_7 --plot-dir results/plots/cka_strength_sweep/cifar10_cka_strength_20260724_145851
Exit code: 1
/mnt/aiongpfs/users/dsen/micromamba/envs/cka-cifar/lib/python3.11/site-packages/torchvision/datasets/cifar.py:83: VisibleDeprecationWarning: dtype(): align should be passed as Python or NumPy boolean but got `align=0`. Did you mean to pass a tuple to create a subarray type? (Deprecated NumPy 2.4)
  entry = pickle.load(f, encoding="latin1")
/home/users/dsen/.local/lib/python3.11/site-packages/torch/cuda/__init__.py:371: UserWarning: Found GPU0 Tesla V100-SXM2-16GB which is of compute capability (CC) 7.0.
The following list shows the CCs this version of PyTorch was built for and the hardware CCs it supports:
- 7.5 which supports hardware CC >=7.5,<8.0
- 8.0 which supports hardware CC >=8.0,<9.0 except {8.7}
- 8.6 which supports hardware CC >=8.6,<9.0 except {8.7}
- 9.0 which supports hardware CC >=9.0,<10.0
- 10.0 which supports hardware CC >=10.0,<11.0 except {10.1}
- 12.0 which supports hardware CC >=12.0,<13.0
Please follow the instructions at https://pytorch.org/get-started/locally/ to install a PyTorch release that supports one of these CUDA versions: 12.6, 12.8
  _warn_unsupported_code(d, device_cc, code_ccs)
Traceback (most recent call last):
  File "<frozen runpy>", line 198, in _run_module_as_main
  File "<frozen runpy>", line 88, in _run_code
  File "/mnt/aiongpfs/users/dsen/cka-fed-dynamic-sparsity/src/train.py", line 386, in <module>
    main()
  File "/mnt/aiongpfs/users/dsen/cka-fed-dynamic-sparsity/src/train.py", line 376, in main
    history = run_experiment(config, paths)
              ^^^^^^^^^^^^^^^^^^^^^^^^^^^^^
  File "/mnt/aiongpfs/users/dsen/cka-fed-dynamic-sparsity/src/train.py", line 289, in run_experiment
    history = run_cka_feddst(
              ^^^^^^^^^^^^^^^
  File "/mnt/aiongpfs/users/dsen/cka-fed-dynamic-sparsity/src/federated.py", line 485, in run_cka_feddst
    apply_masks(global_model, masks)
  File "/mnt/aiongpfs/users/dsen/cka-fed-dynamic-sparsity/src/sparsity.py", line 73, in apply_masks
    param.mul_(masks[name].to(device=param.device, dtype=param.dtype))
torch.AcceleratorError: CUDA error: no kernel image is available for execution on the device
Search for `cudaErrorNoKernelImageForDevice' in https://docs.nvidia.com/cuda/cuda-runtime-api/group__CUDART__TYPES.html for more information.
CUDA kernel errors might be asynchronously reported at some other API call, so the stacktrace below might be incorrect.
For debugging consider passing CUDA_LAUNCH_BLOCKING=1
Compile with `TORCH_USE_CUDA_DSA` to enable device-side assertions.


FAILED COMMAND: /mnt/aiongpfs/users/dsen/micromamba/envs/cka-cifar/bin/python -m src.train --global-config configs/global_cifar10.yaml --config configs/cka_feddst_mnist.yaml --seed 7 --sparsity 0.8 --cka-strength 0.9 --log-dir results/logs/cka_strength_sweep/cifar10_cka_strength_20260724_145851/strength_0p9/seed_7 --checkpoint-dir results/checkpoints/cka_strength_sweep/cifar10_cka_strength_20260724_145851/strength_0p9/seed_7 --plot-dir results/plots/cka_strength_sweep/cifar10_cka_strength_20260724_145851
Exit code: 1
/mnt/aiongpfs/users/dsen/micromamba/envs/cka-cifar/lib/python3.11/site-packages/torchvision/datasets/cifar.py:83: VisibleDeprecationWarning: dtype(): align should be passed as Python or NumPy boolean but got `align=0`. Did you mean to pass a tuple to create a subarray type? (Deprecated NumPy 2.4)
  entry = pickle.load(f, encoding="latin1")
/home/users/dsen/.local/lib/python3.11/site-packages/torch/cuda/__init__.py:371: UserWarning: Found GPU0 Tesla V100-SXM2-16GB which is of compute capability (CC) 7.0.
The following list shows the CCs this version of PyTorch was built for and the hardware CCs it supports:
- 7.5 which supports hardware CC >=7.5,<8.0
- 8.0 which supports hardware CC >=8.0,<9.0 except {8.7}
- 8.6 which supports hardware CC >=8.6,<9.0 except {8.7}
- 9.0 which supports hardware CC >=9.0,<10.0
- 10.0 which supports hardware CC >=10.0,<11.0 except {10.1}
- 12.0 which supports hardware CC >=12.0,<13.0
Please follow the instructions at https://pytorch.org/get-started/locally/ to install a PyTorch release that supports one of these CUDA versions: 12.6, 12.8
  _warn_unsupported_code(d, device_cc, code_ccs)
Traceback (most recent call last):
  File "<frozen runpy>", line 198, in _run_module_as_main
  File "<frozen runpy>", line 88, in _run_code
  File "/mnt/aiongpfs/users/dsen/cka-fed-dynamic-sparsity/src/train.py", line 386, in <module>
    main()
  File "/mnt/aiongpfs/users/dsen/cka-fed-dynamic-sparsity/src/train.py", line 376, in main
    history = run_experiment(config, paths)
              ^^^^^^^^^^^^^^^^^^^^^^^^^^^^^
  File "/mnt/aiongpfs/users/dsen/cka-fed-dynamic-sparsity/src/train.py", line 289, in run_experiment
    history = run_cka_feddst(
              ^^^^^^^^^^^^^^^
  File "/mnt/aiongpfs/users/dsen/cka-fed-dynamic-sparsity/src/federated.py", line 485, in run_cka_feddst
    apply_masks(global_model, masks)
  File "/mnt/aiongpfs/users/dsen/cka-fed-dynamic-sparsity/src/sparsity.py", line 73, in apply_masks
    param.mul_(masks[name].to(device=param.device, dtype=param.dtype))
torch.AcceleratorError: CUDA error: no kernel image is available for execution on the device
Search for `cudaErrorNoKernelImageForDevice' in https://docs.nvidia.com/cuda/cuda-runtime-api/group__CUDART__TYPES.html for more information.
CUDA kernel errors might be asynchronously reported at some other API call, so the stacktrace below might be incorrect.
For debugging consider passing CUDA_LAUNCH_BLOCKING=1
Compile with `TORCH_USE_CUDA_DSA` to enable device-side assertions.


FAILED COMMAND: /mnt/aiongpfs/users/dsen/micromamba/envs/cka-cifar/bin/python -m src.train --global-config configs/global_cifar10.yaml --config configs/cka_feddst_mnist.yaml --seed 7 --sparsity 0.9 --cka-strength 0.9 --log-dir results/logs/cka_strength_sweep/cifar10_cka_strength_20260724_145851/strength_0p9/seed_7 --checkpoint-dir results/checkpoints/cka_strength_sweep/cifar10_cka_strength_20260724_145851/strength_0p9/seed_7 --plot-dir results/plots/cka_strength_sweep/cifar10_cka_strength_20260724_145851
Exit code: 1
/mnt/aiongpfs/users/dsen/micromamba/envs/cka-cifar/lib/python3.11/site-packages/torchvision/datasets/cifar.py:83: VisibleDeprecationWarning: dtype(): align should be passed as Python or NumPy boolean but got `align=0`. Did you mean to pass a tuple to create a subarray type? (Deprecated NumPy 2.4)
  entry = pickle.load(f, encoding="latin1")
/home/users/dsen/.local/lib/python3.11/site-packages/torch/cuda/__init__.py:371: UserWarning: Found GPU0 Tesla V100-SXM2-16GB which is of compute capability (CC) 7.0.
The following list shows the CCs this version of PyTorch was built for and the hardware CCs it supports:
- 7.5 which supports hardware CC >=7.5,<8.0
- 8.0 which supports hardware CC >=8.0,<9.0 except {8.7}
- 8.6 which supports hardware CC >=8.6,<9.0 except {8.7}
- 9.0 which supports hardware CC >=9.0,<10.0
- 10.0 which supports hardware CC >=10.0,<11.0 except {10.1}
- 12.0 which supports hardware CC >=12.0,<13.0
Please follow the instructions at https://pytorch.org/get-started/locally/ to install a PyTorch release that supports one of these CUDA versions: 12.6, 12.8
  _warn_unsupported_code(d, device_cc, code_ccs)
Traceback (most recent call last):
  File "<frozen runpy>", line 198, in _run_module_as_main
  File "<frozen runpy>", line 88, in _run_code
  File "/mnt/aiongpfs/users/dsen/cka-fed-dynamic-sparsity/src/train.py", line 386, in <module>
    main()
  File "/mnt/aiongpfs/users/dsen/cka-fed-dynamic-sparsity/src/train.py", line 376, in main
    history = run_experiment(config, paths)
              ^^^^^^^^^^^^^^^^^^^^^^^^^^^^^
  File "/mnt/aiongpfs/users/dsen/cka-fed-dynamic-sparsity/src/train.py", line 289, in run_experiment
    history = run_cka_feddst(
              ^^^^^^^^^^^^^^^
  File "/mnt/aiongpfs/users/dsen/cka-fed-dynamic-sparsity/src/federated.py", line 485, in run_cka_feddst
    apply_masks(global_model, masks)
  File "/mnt/aiongpfs/users/dsen/cka-fed-dynamic-sparsity/src/sparsity.py", line 73, in apply_masks
    param.mul_(masks[name].to(device=param.device, dtype=param.dtype))
torch.AcceleratorError: CUDA error: no kernel image is available for execution on the device
Search for `cudaErrorNoKernelImageForDevice' in https://docs.nvidia.com/cuda/cuda-runtime-api/group__CUDART__TYPES.html for more information.
CUDA kernel errors might be asynchronously reported at some other API call, so the stacktrace below might be incorrect.
For debugging consider passing CUDA_LAUNCH_BLOCKING=1
Compile with `TORCH_USE_CUDA_DSA` to enable device-side assertions.


FAILED COMMAND: /mnt/aiongpfs/users/dsen/micromamba/envs/cka-cifar/bin/python -m src.train --global-config configs/global_cifar10.yaml --config configs/cka_feddst_mnist.yaml --seed 7 --sparsity 0.95 --cka-strength 0.9 --log-dir results/logs/cka_strength_sweep/cifar10_cka_strength_20260724_145851/strength_0p9/seed_7 --checkpoint-dir results/checkpoints/cka_strength_sweep/cifar10_cka_strength_20260724_145851/strength_0p9/seed_7 --plot-dir results/plots/cka_strength_sweep/cifar10_cka_strength_20260724_145851
Exit code: 1
/mnt/aiongpfs/users/dsen/micromamba/envs/cka-cifar/lib/python3.11/site-packages/torchvision/datasets/cifar.py:83: VisibleDeprecationWarning: dtype(): align should be passed as Python or NumPy boolean but got `align=0`. Did you mean to pass a tuple to create a subarray type? (Deprecated NumPy 2.4)
  entry = pickle.load(f, encoding="latin1")
/home/users/dsen/.local/lib/python3.11/site-packages/torch/cuda/__init__.py:371: UserWarning: Found GPU0 Tesla V100-SXM2-16GB which is of compute capability (CC) 7.0.
The following list shows the CCs this version of PyTorch was built for and the hardware CCs it supports:
- 7.5 which supports hardware CC >=7.5,<8.0
- 8.0 which supports hardware CC >=8.0,<9.0 except {8.7}
- 8.6 which supports hardware CC >=8.6,<9.0 except {8.7}
- 9.0 which supports hardware CC >=9.0,<10.0
- 10.0 which supports hardware CC >=10.0,<11.0 except {10.1}
- 12.0 which supports hardware CC >=12.0,<13.0
Please follow the instructions at https://pytorch.org/get-started/locally/ to install a PyTorch release that supports one of these CUDA versions: 12.6, 12.8
  _warn_unsupported_code(d, device_cc, code_ccs)
Traceback (most recent call last):
  File "<frozen runpy>", line 198, in _run_module_as_main
  File "<frozen runpy>", line 88, in _run_code
  File "/mnt/aiongpfs/users/dsen/cka-fed-dynamic-sparsity/src/train.py", line 386, in <module>
    main()
  File "/mnt/aiongpfs/users/dsen/cka-fed-dynamic-sparsity/src/train.py", line 376, in main
    history = run_experiment(config, paths)
              ^^^^^^^^^^^^^^^^^^^^^^^^^^^^^
  File "/mnt/aiongpfs/users/dsen/cka-fed-dynamic-sparsity/src/train.py", line 289, in run_experiment
    history = run_cka_feddst(
              ^^^^^^^^^^^^^^^
  File "/mnt/aiongpfs/users/dsen/cka-fed-dynamic-sparsity/src/federated.py", line 485, in run_cka_feddst
    apply_masks(global_model, masks)
  File "/mnt/aiongpfs/users/dsen/cka-fed-dynamic-sparsity/src/sparsity.py", line 73, in apply_masks
    param.mul_(masks[name].to(device=param.device, dtype=param.dtype))
torch.AcceleratorError: CUDA error: no kernel image is available for execution on the device
Search for `cudaErrorNoKernelImageForDevice' in https://docs.nvidia.com/cuda/cuda-runtime-api/group__CUDART__TYPES.html for more information.
CUDA kernel errors might be asynchronously reported at some other API call, so the stacktrace below might be incorrect.
For debugging consider passing CUDA_LAUNCH_BLOCKING=1
Compile with `TORCH_USE_CUDA_DSA` to enable device-side assertions.


FAILED COMMAND: /mnt/aiongpfs/users/dsen/micromamba/envs/cka-cifar/bin/python -m src.train --global-config configs/global_cifar10.yaml --config configs/cka_feddst_mnist.yaml --seed 13 --sparsity 0.5 --cka-strength 0.9 --log-dir results/logs/cka_strength_sweep/cifar10_cka_strength_20260724_145851/strength_0p9/seed_13 --checkpoint-dir results/checkpoints/cka_strength_sweep/cifar10_cka_strength_20260724_145851/strength_0p9/seed_13 --plot-dir results/plots/cka_strength_sweep/cifar10_cka_strength_20260724_145851
Exit code: 1
/mnt/aiongpfs/users/dsen/micromamba/envs/cka-cifar/lib/python3.11/site-packages/torchvision/datasets/cifar.py:83: VisibleDeprecationWarning: dtype(): align should be passed as Python or NumPy boolean but got `align=0`. Did you mean to pass a tuple to create a subarray type? (Deprecated NumPy 2.4)
  entry = pickle.load(f, encoding="latin1")
/home/users/dsen/.local/lib/python3.11/site-packages/torch/cuda/__init__.py:371: UserWarning: Found GPU0 Tesla V100-SXM2-16GB which is of compute capability (CC) 7.0.
The following list shows the CCs this version of PyTorch was built for and the hardware CCs it supports:
- 7.5 which supports hardware CC >=7.5,<8.0
- 8.0 which supports hardware CC >=8.0,<9.0 except {8.7}
- 8.6 which supports hardware CC >=8.6,<9.0 except {8.7}
- 9.0 which supports hardware CC >=9.0,<10.0
- 10.0 which supports hardware CC >=10.0,<11.0 except {10.1}
- 12.0 which supports hardware CC >=12.0,<13.0
Please follow the instructions at https://pytorch.org/get-started/locally/ to install a PyTorch release that supports one of these CUDA versions: 12.6, 12.8
  _warn_unsupported_code(d, device_cc, code_ccs)
Traceback (most recent call last):
  File "<frozen runpy>", line 198, in _run_module_as_main
  File "<frozen runpy>", line 88, in _run_code
  File "/mnt/aiongpfs/users/dsen/cka-fed-dynamic-sparsity/src/train.py", line 386, in <module>
    main()
  File "/mnt/aiongpfs/users/dsen/cka-fed-dynamic-sparsity/src/train.py", line 376, in main
    history = run_experiment(config, paths)
              ^^^^^^^^^^^^^^^^^^^^^^^^^^^^^
  File "/mnt/aiongpfs/users/dsen/cka-fed-dynamic-sparsity/src/train.py", line 289, in run_experiment
    history = run_cka_feddst(
              ^^^^^^^^^^^^^^^
  File "/mnt/aiongpfs/users/dsen/cka-fed-dynamic-sparsity/src/federated.py", line 485, in run_cka_feddst
    apply_masks(global_model, masks)
  File "/mnt/aiongpfs/users/dsen/cka-fed-dynamic-sparsity/src/sparsity.py", line 73, in apply_masks
    param.mul_(masks[name].to(device=param.device, dtype=param.dtype))
torch.AcceleratorError: CUDA error: no kernel image is available for execution on the device
Search for `cudaErrorNoKernelImageForDevice' in https://docs.nvidia.com/cuda/cuda-runtime-api/group__CUDART__TYPES.html for more information.
CUDA kernel errors might be asynchronously reported at some other API call, so the stacktrace below might be incorrect.
For debugging consider passing CUDA_LAUNCH_BLOCKING=1
Compile with `TORCH_USE_CUDA_DSA` to enable device-side assertions.


FAILED COMMAND: /mnt/aiongpfs/users/dsen/micromamba/envs/cka-cifar/bin/python -m src.train --global-config configs/global_cifar10.yaml --config configs/cka_feddst_mnist.yaml --seed 13 --sparsity 0.7 --cka-strength 0.9 --log-dir results/logs/cka_strength_sweep/cifar10_cka_strength_20260724_145851/strength_0p9/seed_13 --checkpoint-dir results/checkpoints/cka_strength_sweep/cifar10_cka_strength_20260724_145851/strength_0p9/seed_13 --plot-dir results/plots/cka_strength_sweep/cifar10_cka_strength_20260724_145851
Exit code: 1
/mnt/aiongpfs/users/dsen/micromamba/envs/cka-cifar/lib/python3.11/site-packages/torchvision/datasets/cifar.py:83: VisibleDeprecationWarning: dtype(): align should be passed as Python or NumPy boolean but got `align=0`. Did you mean to pass a tuple to create a subarray type? (Deprecated NumPy 2.4)
  entry = pickle.load(f, encoding="latin1")
/home/users/dsen/.local/lib/python3.11/site-packages/torch/cuda/__init__.py:371: UserWarning: Found GPU0 Tesla V100-SXM2-16GB which is of compute capability (CC) 7.0.
The following list shows the CCs this version of PyTorch was built for and the hardware CCs it supports:
- 7.5 which supports hardware CC >=7.5,<8.0
- 8.0 which supports hardware CC >=8.0,<9.0 except {8.7}
- 8.6 which supports hardware CC >=8.6,<9.0 except {8.7}
- 9.0 which supports hardware CC >=9.0,<10.0
- 10.0 which supports hardware CC >=10.0,<11.0 except {10.1}
- 12.0 which supports hardware CC >=12.0,<13.0
Please follow the instructions at https://pytorch.org/get-started/locally/ to install a PyTorch release that supports one of these CUDA versions: 12.6, 12.8
  _warn_unsupported_code(d, device_cc, code_ccs)
Traceback (most recent call last):
  File "<frozen runpy>", line 198, in _run_module_as_main
  File "<frozen runpy>", line 88, in _run_code
  File "/mnt/aiongpfs/users/dsen/cka-fed-dynamic-sparsity/src/train.py", line 386, in <module>
    main()
  File "/mnt/aiongpfs/users/dsen/cka-fed-dynamic-sparsity/src/train.py", line 376, in main
    history = run_experiment(config, paths)
              ^^^^^^^^^^^^^^^^^^^^^^^^^^^^^
  File "/mnt/aiongpfs/users/dsen/cka-fed-dynamic-sparsity/src/train.py", line 289, in run_experiment
    history = run_cka_feddst(
              ^^^^^^^^^^^^^^^
  File "/mnt/aiongpfs/users/dsen/cka-fed-dynamic-sparsity/src/federated.py", line 485, in run_cka_feddst
    apply_masks(global_model, masks)
  File "/mnt/aiongpfs/users/dsen/cka-fed-dynamic-sparsity/src/sparsity.py", line 73, in apply_masks
    param.mul_(masks[name].to(device=param.device, dtype=param.dtype))
torch.AcceleratorError: CUDA error: no kernel image is available for execution on the device
Search for `cudaErrorNoKernelImageForDevice' in https://docs.nvidia.com/cuda/cuda-runtime-api/group__CUDART__TYPES.html for more information.
CUDA kernel errors might be asynchronously reported at some other API call, so the stacktrace below might be incorrect.
For debugging consider passing CUDA_LAUNCH_BLOCKING=1
Compile with `TORCH_USE_CUDA_DSA` to enable device-side assertions.


FAILED COMMAND: /mnt/aiongpfs/users/dsen/micromamba/envs/cka-cifar/bin/python -m src.train --global-config configs/global_cifar10.yaml --config configs/cka_feddst_mnist.yaml --seed 13 --sparsity 0.8 --cka-strength 0.9 --log-dir results/logs/cka_strength_sweep/cifar10_cka_strength_20260724_145851/strength_0p9/seed_13 --checkpoint-dir results/checkpoints/cka_strength_sweep/cifar10_cka_strength_20260724_145851/strength_0p9/seed_13 --plot-dir results/plots/cka_strength_sweep/cifar10_cka_strength_20260724_145851
Exit code: 1
/mnt/aiongpfs/users/dsen/micromamba/envs/cka-cifar/lib/python3.11/site-packages/torchvision/datasets/cifar.py:83: VisibleDeprecationWarning: dtype(): align should be passed as Python or NumPy boolean but got `align=0`. Did you mean to pass a tuple to create a subarray type? (Deprecated NumPy 2.4)
  entry = pickle.load(f, encoding="latin1")
/home/users/dsen/.local/lib/python3.11/site-packages/torch/cuda/__init__.py:371: UserWarning: Found GPU0 Tesla V100-SXM2-16GB which is of compute capability (CC) 7.0.
The following list shows the CCs this version of PyTorch was built for and the hardware CCs it supports:
- 7.5 which supports hardware CC >=7.5,<8.0
- 8.0 which supports hardware CC >=8.0,<9.0 except {8.7}
- 8.6 which supports hardware CC >=8.6,<9.0 except {8.7}
- 9.0 which supports hardware CC >=9.0,<10.0
- 10.0 which supports hardware CC >=10.0,<11.0 except {10.1}
- 12.0 which supports hardware CC >=12.0,<13.0
Please follow the instructions at https://pytorch.org/get-started/locally/ to install a PyTorch release that supports one of these CUDA versions: 12.6, 12.8
  _warn_unsupported_code(d, device_cc, code_ccs)
Traceback (most recent call last):
  File "<frozen runpy>", line 198, in _run_module_as_main
  File "<frozen runpy>", line 88, in _run_code
  File "/mnt/aiongpfs/users/dsen/cka-fed-dynamic-sparsity/src/train.py", line 386, in <module>
    main()
  File "/mnt/aiongpfs/users/dsen/cka-fed-dynamic-sparsity/src/train.py", line 376, in main
    history = run_experiment(config, paths)
              ^^^^^^^^^^^^^^^^^^^^^^^^^^^^^
  File "/mnt/aiongpfs/users/dsen/cka-fed-dynamic-sparsity/src/train.py", line 289, in run_experiment
    history = run_cka_feddst(
              ^^^^^^^^^^^^^^^
  File "/mnt/aiongpfs/users/dsen/cka-fed-dynamic-sparsity/src/federated.py", line 485, in run_cka_feddst
    apply_masks(global_model, masks)
  File "/mnt/aiongpfs/users/dsen/cka-fed-dynamic-sparsity/src/sparsity.py", line 73, in apply_masks
    param.mul_(masks[name].to(device=param.device, dtype=param.dtype))
torch.AcceleratorError: CUDA error: no kernel image is available for execution on the device
Search for `cudaErrorNoKernelImageForDevice' in https://docs.nvidia.com/cuda/cuda-runtime-api/group__CUDART__TYPES.html for more information.
CUDA kernel errors might be asynchronously reported at some other API call, so the stacktrace below might be incorrect.
For debugging consider passing CUDA_LAUNCH_BLOCKING=1
Compile with `TORCH_USE_CUDA_DSA` to enable device-side assertions.


FAILED COMMAND: /mnt/aiongpfs/users/dsen/micromamba/envs/cka-cifar/bin/python -m src.train --global-config configs/global_cifar10.yaml --config configs/cka_feddst_mnist.yaml --seed 13 --sparsity 0.9 --cka-strength 0.9 --log-dir results/logs/cka_strength_sweep/cifar10_cka_strength_20260724_145851/strength_0p9/seed_13 --checkpoint-dir results/checkpoints/cka_strength_sweep/cifar10_cka_strength_20260724_145851/strength_0p9/seed_13 --plot-dir results/plots/cka_strength_sweep/cifar10_cka_strength_20260724_145851
Exit code: 1
/mnt/aiongpfs/users/dsen/micromamba/envs/cka-cifar/lib/python3.11/site-packages/torchvision/datasets/cifar.py:83: VisibleDeprecationWarning: dtype(): align should be passed as Python or NumPy boolean but got `align=0`. Did you mean to pass a tuple to create a subarray type? (Deprecated NumPy 2.4)
  entry = pickle.load(f, encoding="latin1")
/home/users/dsen/.local/lib/python3.11/site-packages/torch/cuda/__init__.py:371: UserWarning: Found GPU0 Tesla V100-SXM2-16GB which is of compute capability (CC) 7.0.
The following list shows the CCs this version of PyTorch was built for and the hardware CCs it supports:
- 7.5 which supports hardware CC >=7.5,<8.0
- 8.0 which supports hardware CC >=8.0,<9.0 except {8.7}
- 8.6 which supports hardware CC >=8.6,<9.0 except {8.7}
- 9.0 which supports hardware CC >=9.0,<10.0
- 10.0 which supports hardware CC >=10.0,<11.0 except {10.1}
- 12.0 which supports hardware CC >=12.0,<13.0
Please follow the instructions at https://pytorch.org/get-started/locally/ to install a PyTorch release that supports one of these CUDA versions: 12.6, 12.8
  _warn_unsupported_code(d, device_cc, code_ccs)
Traceback (most recent call last):
  File "<frozen runpy>", line 198, in _run_module_as_main
  File "<frozen runpy>", line 88, in _run_code
  File "/mnt/aiongpfs/users/dsen/cka-fed-dynamic-sparsity/src/train.py", line 386, in <module>
    main()
  File "/mnt/aiongpfs/users/dsen/cka-fed-dynamic-sparsity/src/train.py", line 376, in main
    history = run_experiment(config, paths)
              ^^^^^^^^^^^^^^^^^^^^^^^^^^^^^
  File "/mnt/aiongpfs/users/dsen/cka-fed-dynamic-sparsity/src/train.py", line 289, in run_experiment
    history = run_cka_feddst(
              ^^^^^^^^^^^^^^^
  File "/mnt/aiongpfs/users/dsen/cka-fed-dynamic-sparsity/src/federated.py", line 485, in run_cka_feddst
    apply_masks(global_model, masks)
  File "/mnt/aiongpfs/users/dsen/cka-fed-dynamic-sparsity/src/sparsity.py", line 73, in apply_masks
    param.mul_(masks[name].to(device=param.device, dtype=param.dtype))
torch.AcceleratorError: CUDA error: no kernel image is available for execution on the device
Search for `cudaErrorNoKernelImageForDevice' in https://docs.nvidia.com/cuda/cuda-runtime-api/group__CUDART__TYPES.html for more information.
CUDA kernel errors might be asynchronously reported at some other API call, so the stacktrace below might be incorrect.
For debugging consider passing CUDA_LAUNCH_BLOCKING=1
Compile with `TORCH_USE_CUDA_DSA` to enable device-side assertions.


FAILED COMMAND: /mnt/aiongpfs/users/dsen/micromamba/envs/cka-cifar/bin/python -m src.train --global-config configs/global_cifar10.yaml --config configs/cka_feddst_mnist.yaml --seed 13 --sparsity 0.95 --cka-strength 0.9 --log-dir results/logs/cka_strength_sweep/cifar10_cka_strength_20260724_145851/strength_0p9/seed_13 --checkpoint-dir results/checkpoints/cka_strength_sweep/cifar10_cka_strength_20260724_145851/strength_0p9/seed_13 --plot-dir results/plots/cka_strength_sweep/cifar10_cka_strength_20260724_145851
Exit code: 1
/mnt/aiongpfs/users/dsen/micromamba/envs/cka-cifar/lib/python3.11/site-packages/torchvision/datasets/cifar.py:83: VisibleDeprecationWarning: dtype(): align should be passed as Python or NumPy boolean but got `align=0`. Did you mean to pass a tuple to create a subarray type? (Deprecated NumPy 2.4)
  entry = pickle.load(f, encoding="latin1")
/home/users/dsen/.local/lib/python3.11/site-packages/torch/cuda/__init__.py:371: UserWarning: Found GPU0 Tesla V100-SXM2-16GB which is of compute capability (CC) 7.0.
The following list shows the CCs this version of PyTorch was built for and the hardware CCs it supports:
- 7.5 which supports hardware CC >=7.5,<8.0
- 8.0 which supports hardware CC >=8.0,<9.0 except {8.7}
- 8.6 which supports hardware CC >=8.6,<9.0 except {8.7}
- 9.0 which supports hardware CC >=9.0,<10.0
- 10.0 which supports hardware CC >=10.0,<11.0 except {10.1}
- 12.0 which supports hardware CC >=12.0,<13.0
Please follow the instructions at https://pytorch.org/get-started/locally/ to install a PyTorch release that supports one of these CUDA versions: 12.6, 12.8
  _warn_unsupported_code(d, device_cc, code_ccs)
Traceback (most recent call last):
  File "<frozen runpy>", line 198, in _run_module_as_main
  File "<frozen runpy>", line 88, in _run_code
  File "/mnt/aiongpfs/users/dsen/cka-fed-dynamic-sparsity/src/train.py", line 386, in <module>
    main()
  File "/mnt/aiongpfs/users/dsen/cka-fed-dynamic-sparsity/src/train.py", line 376, in main
    history = run_experiment(config, paths)
              ^^^^^^^^^^^^^^^^^^^^^^^^^^^^^
  File "/mnt/aiongpfs/users/dsen/cka-fed-dynamic-sparsity/src/train.py", line 289, in run_experiment
    history = run_cka_feddst(
              ^^^^^^^^^^^^^^^
  File "/mnt/aiongpfs/users/dsen/cka-fed-dynamic-sparsity/src/federated.py", line 485, in run_cka_feddst
    apply_masks(global_model, masks)
  File "/mnt/aiongpfs/users/dsen/cka-fed-dynamic-sparsity/src/sparsity.py", line 73, in apply_masks
    param.mul_(masks[name].to(device=param.device, dtype=param.dtype))
torch.AcceleratorError: CUDA error: no kernel image is available for execution on the device
Search for `cudaErrorNoKernelImageForDevice' in https://docs.nvidia.com/cuda/cuda-runtime-api/group__CUDART__TYPES.html for more information.
CUDA kernel errors might be asynchronously reported at some other API call, so the stacktrace below might be incorrect.
For debugging consider passing CUDA_LAUNCH_BLOCKING=1
Compile with `TORCH_USE_CUDA_DSA` to enable device-side assertions.


FAILED COMMAND: /mnt/aiongpfs/users/dsen/micromamba/envs/cka-cifar/bin/python -m src.train --global-config configs/global_cifar10.yaml --config configs/cka_feddst_mnist.yaml --seed 21 --sparsity 0.5 --cka-strength 0.9 --log-dir results/logs/cka_strength_sweep/cifar10_cka_strength_20260724_145851/strength_0p9/seed_21 --checkpoint-dir results/checkpoints/cka_strength_sweep/cifar10_cka_strength_20260724_145851/strength_0p9/seed_21 --plot-dir results/plots/cka_strength_sweep/cifar10_cka_strength_20260724_145851
Exit code: 1
/mnt/aiongpfs/users/dsen/micromamba/envs/cka-cifar/lib/python3.11/site-packages/torchvision/datasets/cifar.py:83: VisibleDeprecationWarning: dtype(): align should be passed as Python or NumPy boolean but got `align=0`. Did you mean to pass a tuple to create a subarray type? (Deprecated NumPy 2.4)
  entry = pickle.load(f, encoding="latin1")
/home/users/dsen/.local/lib/python3.11/site-packages/torch/cuda/__init__.py:371: UserWarning: Found GPU0 Tesla V100-SXM2-16GB which is of compute capability (CC) 7.0.
The following list shows the CCs this version of PyTorch was built for and the hardware CCs it supports:
- 7.5 which supports hardware CC >=7.5,<8.0
- 8.0 which supports hardware CC >=8.0,<9.0 except {8.7}
- 8.6 which supports hardware CC >=8.6,<9.0 except {8.7}
- 9.0 which supports hardware CC >=9.0,<10.0
- 10.0 which supports hardware CC >=10.0,<11.0 except {10.1}
- 12.0 which supports hardware CC >=12.0,<13.0
Please follow the instructions at https://pytorch.org/get-started/locally/ to install a PyTorch release that supports one of these CUDA versions: 12.6, 12.8
  _warn_unsupported_code(d, device_cc, code_ccs)
Traceback (most recent call last):
  File "<frozen runpy>", line 198, in _run_module_as_main
  File "<frozen runpy>", line 88, in _run_code
  File "/mnt/aiongpfs/users/dsen/cka-fed-dynamic-sparsity/src/train.py", line 386, in <module>
    main()
  File "/mnt/aiongpfs/users/dsen/cka-fed-dynamic-sparsity/src/train.py", line 376, in main
    history = run_experiment(config, paths)
              ^^^^^^^^^^^^^^^^^^^^^^^^^^^^^
  File "/mnt/aiongpfs/users/dsen/cka-fed-dynamic-sparsity/src/train.py", line 289, in run_experiment
    history = run_cka_feddst(
              ^^^^^^^^^^^^^^^
  File "/mnt/aiongpfs/users/dsen/cka-fed-dynamic-sparsity/src/federated.py", line 485, in run_cka_feddst
    apply_masks(global_model, masks)
  File "/mnt/aiongpfs/users/dsen/cka-fed-dynamic-sparsity/src/sparsity.py", line 73, in apply_masks
    param.mul_(masks[name].to(device=param.device, dtype=param.dtype))
torch.AcceleratorError: CUDA error: no kernel image is available for execution on the device
Search for `cudaErrorNoKernelImageForDevice' in https://docs.nvidia.com/cuda/cuda-runtime-api/group__CUDART__TYPES.html for more information.
CUDA kernel errors might be asynchronously reported at some other API call, so the stacktrace below might be incorrect.
For debugging consider passing CUDA_LAUNCH_BLOCKING=1
Compile with `TORCH_USE_CUDA_DSA` to enable device-side assertions.


FAILED COMMAND: /mnt/aiongpfs/users/dsen/micromamba/envs/cka-cifar/bin/python -m src.train --global-config configs/global_cifar10.yaml --config configs/cka_feddst_mnist.yaml --seed 21 --sparsity 0.7 --cka-strength 0.9 --log-dir results/logs/cka_strength_sweep/cifar10_cka_strength_20260724_145851/strength_0p9/seed_21 --checkpoint-dir results/checkpoints/cka_strength_sweep/cifar10_cka_strength_20260724_145851/strength_0p9/seed_21 --plot-dir results/plots/cka_strength_sweep/cifar10_cka_strength_20260724_145851
Exit code: 1
/mnt/aiongpfs/users/dsen/micromamba/envs/cka-cifar/lib/python3.11/site-packages/torchvision/datasets/cifar.py:83: VisibleDeprecationWarning: dtype(): align should be passed as Python or NumPy boolean but got `align=0`. Did you mean to pass a tuple to create a subarray type? (Deprecated NumPy 2.4)
  entry = pickle.load(f, encoding="latin1")
/home/users/dsen/.local/lib/python3.11/site-packages/torch/cuda/__init__.py:371: UserWarning: Found GPU0 Tesla V100-SXM2-16GB which is of compute capability (CC) 7.0.
The following list shows the CCs this version of PyTorch was built for and the hardware CCs it supports:
- 7.5 which supports hardware CC >=7.5,<8.0
- 8.0 which supports hardware CC >=8.0,<9.0 except {8.7}
- 8.6 which supports hardware CC >=8.6,<9.0 except {8.7}
- 9.0 which supports hardware CC >=9.0,<10.0
- 10.0 which supports hardware CC >=10.0,<11.0 except {10.1}
- 12.0 which supports hardware CC >=12.0,<13.0
Please follow the instructions at https://pytorch.org/get-started/locally/ to install a PyTorch release that supports one of these CUDA versions: 12.6, 12.8
  _warn_unsupported_code(d, device_cc, code_ccs)
Traceback (most recent call last):
  File "<frozen runpy>", line 198, in _run_module_as_main
  File "<frozen runpy>", line 88, in _run_code
  File "/mnt/aiongpfs/users/dsen/cka-fed-dynamic-sparsity/src/train.py", line 386, in <module>
    main()
  File "/mnt/aiongpfs/users/dsen/cka-fed-dynamic-sparsity/src/train.py", line 376, in main
    history = run_experiment(config, paths)
              ^^^^^^^^^^^^^^^^^^^^^^^^^^^^^
  File "/mnt/aiongpfs/users/dsen/cka-fed-dynamic-sparsity/src/train.py", line 289, in run_experiment
    history = run_cka_feddst(
              ^^^^^^^^^^^^^^^
  File "/mnt/aiongpfs/users/dsen/cka-fed-dynamic-sparsity/src/federated.py", line 485, in run_cka_feddst
    apply_masks(global_model, masks)
  File "/mnt/aiongpfs/users/dsen/cka-fed-dynamic-sparsity/src/sparsity.py", line 73, in apply_masks
    param.mul_(masks[name].to(device=param.device, dtype=param.dtype))
torch.AcceleratorError: CUDA error: no kernel image is available for execution on the device
Search for `cudaErrorNoKernelImageForDevice' in https://docs.nvidia.com/cuda/cuda-runtime-api/group__CUDART__TYPES.html for more information.
CUDA kernel errors might be asynchronously reported at some other API call, so the stacktrace below might be incorrect.
For debugging consider passing CUDA_LAUNCH_BLOCKING=1
Compile with `TORCH_USE_CUDA_DSA` to enable device-side assertions.


FAILED COMMAND: /mnt/aiongpfs/users/dsen/micromamba/envs/cka-cifar/bin/python -m src.train --global-config configs/global_cifar10.yaml --config configs/cka_feddst_mnist.yaml --seed 21 --sparsity 0.8 --cka-strength 0.9 --log-dir results/logs/cka_strength_sweep/cifar10_cka_strength_20260724_145851/strength_0p9/seed_21 --checkpoint-dir results/checkpoints/cka_strength_sweep/cifar10_cka_strength_20260724_145851/strength_0p9/seed_21 --plot-dir results/plots/cka_strength_sweep/cifar10_cka_strength_20260724_145851
Exit code: 1
/mnt/aiongpfs/users/dsen/micromamba/envs/cka-cifar/lib/python3.11/site-packages/torchvision/datasets/cifar.py:83: VisibleDeprecationWarning: dtype(): align should be passed as Python or NumPy boolean but got `align=0`. Did you mean to pass a tuple to create a subarray type? (Deprecated NumPy 2.4)
  entry = pickle.load(f, encoding="latin1")
/home/users/dsen/.local/lib/python3.11/site-packages/torch/cuda/__init__.py:371: UserWarning: Found GPU0 Tesla V100-SXM2-16GB which is of compute capability (CC) 7.0.
The following list shows the CCs this version of PyTorch was built for and the hardware CCs it supports:
- 7.5 which supports hardware CC >=7.5,<8.0
- 8.0 which supports hardware CC >=8.0,<9.0 except {8.7}
- 8.6 which supports hardware CC >=8.6,<9.0 except {8.7}
- 9.0 which supports hardware CC >=9.0,<10.0
- 10.0 which supports hardware CC >=10.0,<11.0 except {10.1}
- 12.0 which supports hardware CC >=12.0,<13.0
Please follow the instructions at https://pytorch.org/get-started/locally/ to install a PyTorch release that supports one of these CUDA versions: 12.6, 12.8
  _warn_unsupported_code(d, device_cc, code_ccs)
Traceback (most recent call last):
  File "<frozen runpy>", line 198, in _run_module_as_main
  File "<frozen runpy>", line 88, in _run_code
  File "/mnt/aiongpfs/users/dsen/cka-fed-dynamic-sparsity/src/train.py", line 386, in <module>
    main()
  File "/mnt/aiongpfs/users/dsen/cka-fed-dynamic-sparsity/src/train.py", line 376, in main
    history = run_experiment(config, paths)
              ^^^^^^^^^^^^^^^^^^^^^^^^^^^^^
  File "/mnt/aiongpfs/users/dsen/cka-fed-dynamic-sparsity/src/train.py", line 289, in run_experiment
    history = run_cka_feddst(
              ^^^^^^^^^^^^^^^
  File "/mnt/aiongpfs/users/dsen/cka-fed-dynamic-sparsity/src/federated.py", line 485, in run_cka_feddst
    apply_masks(global_model, masks)
  File "/mnt/aiongpfs/users/dsen/cka-fed-dynamic-sparsity/src/sparsity.py", line 73, in apply_masks
    param.mul_(masks[name].to(device=param.device, dtype=param.dtype))
torch.AcceleratorError: CUDA error: no kernel image is available for execution on the device
Search for `cudaErrorNoKernelImageForDevice' in https://docs.nvidia.com/cuda/cuda-runtime-api/group__CUDART__TYPES.html for more information.
CUDA kernel errors might be asynchronously reported at some other API call, so the stacktrace below might be incorrect.
For debugging consider passing CUDA_LAUNCH_BLOCKING=1
Compile with `TORCH_USE_CUDA_DSA` to enable device-side assertions.


FAILED COMMAND: /mnt/aiongpfs/users/dsen/micromamba/envs/cka-cifar/bin/python -m src.train --global-config configs/global_cifar10.yaml --config configs/cka_feddst_mnist.yaml --seed 21 --sparsity 0.9 --cka-strength 0.9 --log-dir results/logs/cka_strength_sweep/cifar10_cka_strength_20260724_145851/strength_0p9/seed_21 --checkpoint-dir results/checkpoints/cka_strength_sweep/cifar10_cka_strength_20260724_145851/strength_0p9/seed_21 --plot-dir results/plots/cka_strength_sweep/cifar10_cka_strength_20260724_145851
Exit code: 1
/mnt/aiongpfs/users/dsen/micromamba/envs/cka-cifar/lib/python3.11/site-packages/torchvision/datasets/cifar.py:83: VisibleDeprecationWarning: dtype(): align should be passed as Python or NumPy boolean but got `align=0`. Did you mean to pass a tuple to create a subarray type? (Deprecated NumPy 2.4)
  entry = pickle.load(f, encoding="latin1")
/home/users/dsen/.local/lib/python3.11/site-packages/torch/cuda/__init__.py:371: UserWarning: Found GPU0 Tesla V100-SXM2-16GB which is of compute capability (CC) 7.0.
The following list shows the CCs this version of PyTorch was built for and the hardware CCs it supports:
- 7.5 which supports hardware CC >=7.5,<8.0
- 8.0 which supports hardware CC >=8.0,<9.0 except {8.7}
- 8.6 which supports hardware CC >=8.6,<9.0 except {8.7}
- 9.0 which supports hardware CC >=9.0,<10.0
- 10.0 which supports hardware CC >=10.0,<11.0 except {10.1}
- 12.0 which supports hardware CC >=12.0,<13.0
Please follow the instructions at https://pytorch.org/get-started/locally/ to install a PyTorch release that supports one of these CUDA versions: 12.6, 12.8
  _warn_unsupported_code(d, device_cc, code_ccs)
Traceback (most recent call last):
  File "<frozen runpy>", line 198, in _run_module_as_main
  File "<frozen runpy>", line 88, in _run_code
  File "/mnt/aiongpfs/users/dsen/cka-fed-dynamic-sparsity/src/train.py", line 386, in <module>
    main()
  File "/mnt/aiongpfs/users/dsen/cka-fed-dynamic-sparsity/src/train.py", line 376, in main
    history = run_experiment(config, paths)
              ^^^^^^^^^^^^^^^^^^^^^^^^^^^^^
  File "/mnt/aiongpfs/users/dsen/cka-fed-dynamic-sparsity/src/train.py", line 289, in run_experiment
    history = run_cka_feddst(
              ^^^^^^^^^^^^^^^
  File "/mnt/aiongpfs/users/dsen/cka-fed-dynamic-sparsity/src/federated.py", line 485, in run_cka_feddst
    apply_masks(global_model, masks)
  File "/mnt/aiongpfs/users/dsen/cka-fed-dynamic-sparsity/src/sparsity.py", line 73, in apply_masks
    param.mul_(masks[name].to(device=param.device, dtype=param.dtype))
torch.AcceleratorError: CUDA error: no kernel image is available for execution on the device
Search for `cudaErrorNoKernelImageForDevice' in https://docs.nvidia.com/cuda/cuda-runtime-api/group__CUDART__TYPES.html for more information.
CUDA kernel errors might be asynchronously reported at some other API call, so the stacktrace below might be incorrect.
For debugging consider passing CUDA_LAUNCH_BLOCKING=1
Compile with `TORCH_USE_CUDA_DSA` to enable device-side assertions.


FAILED COMMAND: /mnt/aiongpfs/users/dsen/micromamba/envs/cka-cifar/bin/python -m src.train --global-config configs/global_cifar10.yaml --config configs/cka_feddst_mnist.yaml --seed 21 --sparsity 0.95 --cka-strength 0.9 --log-dir results/logs/cka_strength_sweep/cifar10_cka_strength_20260724_145851/strength_0p9/seed_21 --checkpoint-dir results/checkpoints/cka_strength_sweep/cifar10_cka_strength_20260724_145851/strength_0p9/seed_21 --plot-dir results/plots/cka_strength_sweep/cifar10_cka_strength_20260724_145851
Exit code: 1
/mnt/aiongpfs/users/dsen/micromamba/envs/cka-cifar/lib/python3.11/site-packages/torchvision/datasets/cifar.py:83: VisibleDeprecationWarning: dtype(): align should be passed as Python or NumPy boolean but got `align=0`. Did you mean to pass a tuple to create a subarray type? (Deprecated NumPy 2.4)
  entry = pickle.load(f, encoding="latin1")
/home/users/dsen/.local/lib/python3.11/site-packages/torch/cuda/__init__.py:371: UserWarning: Found GPU0 Tesla V100-SXM2-16GB which is of compute capability (CC) 7.0.
The following list shows the CCs this version of PyTorch was built for and the hardware CCs it supports:
- 7.5 which supports hardware CC >=7.5,<8.0
- 8.0 which supports hardware CC >=8.0,<9.0 except {8.7}
- 8.6 which supports hardware CC >=8.6,<9.0 except {8.7}
- 9.0 which supports hardware CC >=9.0,<10.0
- 10.0 which supports hardware CC >=10.0,<11.0 except {10.1}
- 12.0 which supports hardware CC >=12.0,<13.0
Please follow the instructions at https://pytorch.org/get-started/locally/ to install a PyTorch release that supports one of these CUDA versions: 12.6, 12.8
  _warn_unsupported_code(d, device_cc, code_ccs)
Traceback (most recent call last):
  File "<frozen runpy>", line 198, in _run_module_as_main
  File "<frozen runpy>", line 88, in _run_code
  File "/mnt/aiongpfs/users/dsen/cka-fed-dynamic-sparsity/src/train.py", line 386, in <module>
    main()
  File "/mnt/aiongpfs/users/dsen/cka-fed-dynamic-sparsity/src/train.py", line 376, in main
    history = run_experiment(config, paths)
              ^^^^^^^^^^^^^^^^^^^^^^^^^^^^^
  File "/mnt/aiongpfs/users/dsen/cka-fed-dynamic-sparsity/src/train.py", line 289, in run_experiment
    history = run_cka_feddst(
              ^^^^^^^^^^^^^^^
  File "/mnt/aiongpfs/users/dsen/cka-fed-dynamic-sparsity/src/federated.py", line 485, in run_cka_feddst
    apply_masks(global_model, masks)
  File "/mnt/aiongpfs/users/dsen/cka-fed-dynamic-sparsity/src/sparsity.py", line 73, in apply_masks
    param.mul_(masks[name].to(device=param.device, dtype=param.dtype))
torch.AcceleratorError: CUDA error: no kernel image is available for execution on the device
Search for `cudaErrorNoKernelImageForDevice' in https://docs.nvidia.com/cuda/cuda-runtime-api/group__CUDART__TYPES.html for more information.
CUDA kernel errors might be asynchronously reported at some other API call, so the stacktrace below might be incorrect.
For debugging consider passing CUDA_LAUNCH_BLOCKING=1
Compile with `TORCH_USE_CUDA_DSA` to enable device-side assertions.


FAILED COMMAND: /mnt/aiongpfs/users/dsen/micromamba/envs/cka-cifar/bin/python -m src.train --global-config configs/global_cifar10.yaml --config configs/cka_feddst_mnist.yaml --seed 100 --sparsity 0.5 --cka-strength 0.9 --log-dir results/logs/cka_strength_sweep/cifar10_cka_strength_20260724_145851/strength_0p9/seed_100 --checkpoint-dir results/checkpoints/cka_strength_sweep/cifar10_cka_strength_20260724_145851/strength_0p9/seed_100 --plot-dir results/plots/cka_strength_sweep/cifar10_cka_strength_20260724_145851
Exit code: 1
/mnt/aiongpfs/users/dsen/micromamba/envs/cka-cifar/lib/python3.11/site-packages/torchvision/datasets/cifar.py:83: VisibleDeprecationWarning: dtype(): align should be passed as Python or NumPy boolean but got `align=0`. Did you mean to pass a tuple to create a subarray type? (Deprecated NumPy 2.4)
  entry = pickle.load(f, encoding="latin1")
/home/users/dsen/.local/lib/python3.11/site-packages/torch/cuda/__init__.py:371: UserWarning: Found GPU0 Tesla V100-SXM2-16GB which is of compute capability (CC) 7.0.
The following list shows the CCs this version of PyTorch was built for and the hardware CCs it supports:
- 7.5 which supports hardware CC >=7.5,<8.0
- 8.0 which supports hardware CC >=8.0,<9.0 except {8.7}
- 8.6 which supports hardware CC >=8.6,<9.0 except {8.7}
- 9.0 which supports hardware CC >=9.0,<10.0
- 10.0 which supports hardware CC >=10.0,<11.0 except {10.1}
- 12.0 which supports hardware CC >=12.0,<13.0
Please follow the instructions at https://pytorch.org/get-started/locally/ to install a PyTorch release that supports one of these CUDA versions: 12.6, 12.8
  _warn_unsupported_code(d, device_cc, code_ccs)
Traceback (most recent call last):
  File "<frozen runpy>", line 198, in _run_module_as_main
  File "<frozen runpy>", line 88, in _run_code
  File "/mnt/aiongpfs/users/dsen/cka-fed-dynamic-sparsity/src/train.py", line 386, in <module>
    main()
  File "/mnt/aiongpfs/users/dsen/cka-fed-dynamic-sparsity/src/train.py", line 376, in main
    history = run_experiment(config, paths)
              ^^^^^^^^^^^^^^^^^^^^^^^^^^^^^
  File "/mnt/aiongpfs/users/dsen/cka-fed-dynamic-sparsity/src/train.py", line 289, in run_experiment
    history = run_cka_feddst(
              ^^^^^^^^^^^^^^^
  File "/mnt/aiongpfs/users/dsen/cka-fed-dynamic-sparsity/src/federated.py", line 485, in run_cka_feddst
    apply_masks(global_model, masks)
  File "/mnt/aiongpfs/users/dsen/cka-fed-dynamic-sparsity/src/sparsity.py", line 73, in apply_masks
    param.mul_(masks[name].to(device=param.device, dtype=param.dtype))
torch.AcceleratorError: CUDA error: no kernel image is available for execution on the device
Search for `cudaErrorNoKernelImageForDevice' in https://docs.nvidia.com/cuda/cuda-runtime-api/group__CUDART__TYPES.html for more information.
CUDA kernel errors might be asynchronously reported at some other API call, so the stacktrace below might be incorrect.
For debugging consider passing CUDA_LAUNCH_BLOCKING=1
Compile with `TORCH_USE_CUDA_DSA` to enable device-side assertions.


FAILED COMMAND: /mnt/aiongpfs/users/dsen/micromamba/envs/cka-cifar/bin/python -m src.train --global-config configs/global_cifar10.yaml --config configs/cka_feddst_mnist.yaml --seed 100 --sparsity 0.7 --cka-strength 0.9 --log-dir results/logs/cka_strength_sweep/cifar10_cka_strength_20260724_145851/strength_0p9/seed_100 --checkpoint-dir results/checkpoints/cka_strength_sweep/cifar10_cka_strength_20260724_145851/strength_0p9/seed_100 --plot-dir results/plots/cka_strength_sweep/cifar10_cka_strength_20260724_145851
Exit code: 1
/mnt/aiongpfs/users/dsen/micromamba/envs/cka-cifar/lib/python3.11/site-packages/torchvision/datasets/cifar.py:83: VisibleDeprecationWarning: dtype(): align should be passed as Python or NumPy boolean but got `align=0`. Did you mean to pass a tuple to create a subarray type? (Deprecated NumPy 2.4)
  entry = pickle.load(f, encoding="latin1")
/home/users/dsen/.local/lib/python3.11/site-packages/torch/cuda/__init__.py:371: UserWarning: Found GPU0 Tesla V100-SXM2-16GB which is of compute capability (CC) 7.0.
The following list shows the CCs this version of PyTorch was built for and the hardware CCs it supports:
- 7.5 which supports hardware CC >=7.5,<8.0
- 8.0 which supports hardware CC >=8.0,<9.0 except {8.7}
- 8.6 which supports hardware CC >=8.6,<9.0 except {8.7}
- 9.0 which supports hardware CC >=9.0,<10.0
- 10.0 which supports hardware CC >=10.0,<11.0 except {10.1}
- 12.0 which supports hardware CC >=12.0,<13.0
Please follow the instructions at https://pytorch.org/get-started/locally/ to install a PyTorch release that supports one of these CUDA versions: 12.6, 12.8
  _warn_unsupported_code(d, device_cc, code_ccs)
Traceback (most recent call last):
  File "<frozen runpy>", line 198, in _run_module_as_main
  File "<frozen runpy>", line 88, in _run_code
  File "/mnt/aiongpfs/users/dsen/cka-fed-dynamic-sparsity/src/train.py", line 386, in <module>
    main()
  File "/mnt/aiongpfs/users/dsen/cka-fed-dynamic-sparsity/src/train.py", line 376, in main
    history = run_experiment(config, paths)
              ^^^^^^^^^^^^^^^^^^^^^^^^^^^^^
  File "/mnt/aiongpfs/users/dsen/cka-fed-dynamic-sparsity/src/train.py", line 289, in run_experiment
    history = run_cka_feddst(
              ^^^^^^^^^^^^^^^
  File "/mnt/aiongpfs/users/dsen/cka-fed-dynamic-sparsity/src/federated.py", line 485, in run_cka_feddst
    apply_masks(global_model, masks)
  File "/mnt/aiongpfs/users/dsen/cka-fed-dynamic-sparsity/src/sparsity.py", line 73, in apply_masks
    param.mul_(masks[name].to(device=param.device, dtype=param.dtype))
torch.AcceleratorError: CUDA error: no kernel image is available for execution on the device
Search for `cudaErrorNoKernelImageForDevice' in https://docs.nvidia.com/cuda/cuda-runtime-api/group__CUDART__TYPES.html for more information.
CUDA kernel errors might be asynchronously reported at some other API call, so the stacktrace below might be incorrect.
For debugging consider passing CUDA_LAUNCH_BLOCKING=1
Compile with `TORCH_USE_CUDA_DSA` to enable device-side assertions.


FAILED COMMAND: /mnt/aiongpfs/users/dsen/micromamba/envs/cka-cifar/bin/python -m src.train --global-config configs/global_cifar10.yaml --config configs/cka_feddst_mnist.yaml --seed 100 --sparsity 0.8 --cka-strength 0.9 --log-dir results/logs/cka_strength_sweep/cifar10_cka_strength_20260724_145851/strength_0p9/seed_100 --checkpoint-dir results/checkpoints/cka_strength_sweep/cifar10_cka_strength_20260724_145851/strength_0p9/seed_100 --plot-dir results/plots/cka_strength_sweep/cifar10_cka_strength_20260724_145851
Exit code: 1
/mnt/aiongpfs/users/dsen/micromamba/envs/cka-cifar/lib/python3.11/site-packages/torchvision/datasets/cifar.py:83: VisibleDeprecationWarning: dtype(): align should be passed as Python or NumPy boolean but got `align=0`. Did you mean to pass a tuple to create a subarray type? (Deprecated NumPy 2.4)
  entry = pickle.load(f, encoding="latin1")
/home/users/dsen/.local/lib/python3.11/site-packages/torch/cuda/__init__.py:371: UserWarning: Found GPU0 Tesla V100-SXM2-16GB which is of compute capability (CC) 7.0.
The following list shows the CCs this version of PyTorch was built for and the hardware CCs it supports:
- 7.5 which supports hardware CC >=7.5,<8.0
- 8.0 which supports hardware CC >=8.0,<9.0 except {8.7}
- 8.6 which supports hardware CC >=8.6,<9.0 except {8.7}
- 9.0 which supports hardware CC >=9.0,<10.0
- 10.0 which supports hardware CC >=10.0,<11.0 except {10.1}
- 12.0 which supports hardware CC >=12.0,<13.0
Please follow the instructions at https://pytorch.org/get-started/locally/ to install a PyTorch release that supports one of these CUDA versions: 12.6, 12.8
  _warn_unsupported_code(d, device_cc, code_ccs)
Traceback (most recent call last):
  File "<frozen runpy>", line 198, in _run_module_as_main
  File "<frozen runpy>", line 88, in _run_code
  File "/mnt/aiongpfs/users/dsen/cka-fed-dynamic-sparsity/src/train.py", line 386, in <module>
    main()
  File "/mnt/aiongpfs/users/dsen/cka-fed-dynamic-sparsity/src/train.py", line 376, in main
    history = run_experiment(config, paths)
              ^^^^^^^^^^^^^^^^^^^^^^^^^^^^^
  File "/mnt/aiongpfs/users/dsen/cka-fed-dynamic-sparsity/src/train.py", line 289, in run_experiment
    history = run_cka_feddst(
              ^^^^^^^^^^^^^^^
  File "/mnt/aiongpfs/users/dsen/cka-fed-dynamic-sparsity/src/federated.py", line 485, in run_cka_feddst
    apply_masks(global_model, masks)
  File "/mnt/aiongpfs/users/dsen/cka-fed-dynamic-sparsity/src/sparsity.py", line 73, in apply_masks
    param.mul_(masks[name].to(device=param.device, dtype=param.dtype))
torch.AcceleratorError: CUDA error: no kernel image is available for execution on the device
Search for `cudaErrorNoKernelImageForDevice' in https://docs.nvidia.com/cuda/cuda-runtime-api/group__CUDART__TYPES.html for more information.
CUDA kernel errors might be asynchronously reported at some other API call, so the stacktrace below might be incorrect.
For debugging consider passing CUDA_LAUNCH_BLOCKING=1
Compile with `TORCH_USE_CUDA_DSA` to enable device-side assertions.


FAILED COMMAND: /mnt/aiongpfs/users/dsen/micromamba/envs/cka-cifar/bin/python -m src.train --global-config configs/global_cifar10.yaml --config configs/cka_feddst_mnist.yaml --seed 100 --sparsity 0.9 --cka-strength 0.9 --log-dir results/logs/cka_strength_sweep/cifar10_cka_strength_20260724_145851/strength_0p9/seed_100 --checkpoint-dir results/checkpoints/cka_strength_sweep/cifar10_cka_strength_20260724_145851/strength_0p9/seed_100 --plot-dir results/plots/cka_strength_sweep/cifar10_cka_strength_20260724_145851
Exit code: 1
/mnt/aiongpfs/users/dsen/micromamba/envs/cka-cifar/lib/python3.11/site-packages/torchvision/datasets/cifar.py:83: VisibleDeprecationWarning: dtype(): align should be passed as Python or NumPy boolean but got `align=0`. Did you mean to pass a tuple to create a subarray type? (Deprecated NumPy 2.4)
  entry = pickle.load(f, encoding="latin1")
/home/users/dsen/.local/lib/python3.11/site-packages/torch/cuda/__init__.py:371: UserWarning: Found GPU0 Tesla V100-SXM2-16GB which is of compute capability (CC) 7.0.
The following list shows the CCs this version of PyTorch was built for and the hardware CCs it supports:
- 7.5 which supports hardware CC >=7.5,<8.0
- 8.0 which supports hardware CC >=8.0,<9.0 except {8.7}
- 8.6 which supports hardware CC >=8.6,<9.0 except {8.7}
- 9.0 which supports hardware CC >=9.0,<10.0
- 10.0 which supports hardware CC >=10.0,<11.0 except {10.1}
- 12.0 which supports hardware CC >=12.0,<13.0
Please follow the instructions at https://pytorch.org/get-started/locally/ to install a PyTorch release that supports one of these CUDA versions: 12.6, 12.8
  _warn_unsupported_code(d, device_cc, code_ccs)
Traceback (most recent call last):
  File "<frozen runpy>", line 198, in _run_module_as_main
  File "<frozen runpy>", line 88, in _run_code
  File "/mnt/aiongpfs/users/dsen/cka-fed-dynamic-sparsity/src/train.py", line 386, in <module>
    main()
  File "/mnt/aiongpfs/users/dsen/cka-fed-dynamic-sparsity/src/train.py", line 376, in main
    history = run_experiment(config, paths)
              ^^^^^^^^^^^^^^^^^^^^^^^^^^^^^
  File "/mnt/aiongpfs/users/dsen/cka-fed-dynamic-sparsity/src/train.py", line 289, in run_experiment
    history = run_cka_feddst(
              ^^^^^^^^^^^^^^^
  File "/mnt/aiongpfs/users/dsen/cka-fed-dynamic-sparsity/src/federated.py", line 485, in run_cka_feddst
    apply_masks(global_model, masks)
  File "/mnt/aiongpfs/users/dsen/cka-fed-dynamic-sparsity/src/sparsity.py", line 73, in apply_masks
    param.mul_(masks[name].to(device=param.device, dtype=param.dtype))
torch.AcceleratorError: CUDA error: no kernel image is available for execution on the device
Search for `cudaErrorNoKernelImageForDevice' in https://docs.nvidia.com/cuda/cuda-runtime-api/group__CUDART__TYPES.html for more information.
CUDA kernel errors might be asynchronously reported at some other API call, so the stacktrace below might be incorrect.
For debugging consider passing CUDA_LAUNCH_BLOCKING=1
Compile with `TORCH_USE_CUDA_DSA` to enable device-side assertions.


FAILED COMMAND: /mnt/aiongpfs/users/dsen/micromamba/envs/cka-cifar/bin/python -m src.train --global-config configs/global_cifar10.yaml --config configs/cka_feddst_mnist.yaml --seed 100 --sparsity 0.95 --cka-strength 0.9 --log-dir results/logs/cka_strength_sweep/cifar10_cka_strength_20260724_145851/strength_0p9/seed_100 --checkpoint-dir results/checkpoints/cka_strength_sweep/cifar10_cka_strength_20260724_145851/strength_0p9/seed_100 --plot-dir results/plots/cka_strength_sweep/cifar10_cka_strength_20260724_145851
Exit code: 1
/mnt/aiongpfs/users/dsen/micromamba/envs/cka-cifar/lib/python3.11/site-packages/torchvision/datasets/cifar.py:83: VisibleDeprecationWarning: dtype(): align should be passed as Python or NumPy boolean but got `align=0`. Did you mean to pass a tuple to create a subarray type? (Deprecated NumPy 2.4)
  entry = pickle.load(f, encoding="latin1")
/home/users/dsen/.local/lib/python3.11/site-packages/torch/cuda/__init__.py:371: UserWarning: Found GPU0 Tesla V100-SXM2-16GB which is of compute capability (CC) 7.0.
The following list shows the CCs this version of PyTorch was built for and the hardware CCs it supports:
- 7.5 which supports hardware CC >=7.5,<8.0
- 8.0 which supports hardware CC >=8.0,<9.0 except {8.7}
- 8.6 which supports hardware CC >=8.6,<9.0 except {8.7}
- 9.0 which supports hardware CC >=9.0,<10.0
- 10.0 which supports hardware CC >=10.0,<11.0 except {10.1}
- 12.0 which supports hardware CC >=12.0,<13.0
Please follow the instructions at https://pytorch.org/get-started/locally/ to install a PyTorch release that supports one of these CUDA versions: 12.6, 12.8
  _warn_unsupported_code(d, device_cc, code_ccs)
Traceback (most recent call last):
  File "<frozen runpy>", line 198, in _run_module_as_main
  File "<frozen runpy>", line 88, in _run_code
  File "/mnt/aiongpfs/users/dsen/cka-fed-dynamic-sparsity/src/train.py", line 386, in <module>
    main()
  File "/mnt/aiongpfs/users/dsen/cka-fed-dynamic-sparsity/src/train.py", line 376, in main
    history = run_experiment(config, paths)
              ^^^^^^^^^^^^^^^^^^^^^^^^^^^^^
  File "/mnt/aiongpfs/users/dsen/cka-fed-dynamic-sparsity/src/train.py", line 289, in run_experiment
    history = run_cka_feddst(
              ^^^^^^^^^^^^^^^
  File "/mnt/aiongpfs/users/dsen/cka-fed-dynamic-sparsity/src/federated.py", line 485, in run_cka_feddst
    apply_masks(global_model, masks)
  File "/mnt/aiongpfs/users/dsen/cka-fed-dynamic-sparsity/src/sparsity.py", line 73, in apply_masks
    param.mul_(masks[name].to(device=param.device, dtype=param.dtype))
torch.AcceleratorError: CUDA error: no kernel image is available for execution on the device
Search for `cudaErrorNoKernelImageForDevice' in https://docs.nvidia.com/cuda/cuda-runtime-api/group__CUDART__TYPES.html for more information.
CUDA kernel errors might be asynchronously reported at some other API call, so the stacktrace below might be incorrect.
For debugging consider passing CUDA_LAUNCH_BLOCKING=1
Compile with `TORCH_USE_CUDA_DSA` to enable device-side assertions.


FAILED COMMAND: /mnt/aiongpfs/users/dsen/micromamba/envs/cka-cifar/bin/python -m src.train --global-config configs/global_cifar10.yaml --config configs/cka_feddst_mnist.yaml --seed 42 --sparsity 0.5 --cka-strength 1 --log-dir results/logs/cka_strength_sweep/cifar10_cka_strength_20260724_145851/strength_1p0/seed_42 --checkpoint-dir results/checkpoints/cka_strength_sweep/cifar10_cka_strength_20260724_145851/strength_1p0/seed_42 --plot-dir results/plots/cka_strength_sweep/cifar10_cka_strength_20260724_145851
Exit code: 1
/mnt/aiongpfs/users/dsen/micromamba/envs/cka-cifar/lib/python3.11/site-packages/torchvision/datasets/cifar.py:83: VisibleDeprecationWarning: dtype(): align should be passed as Python or NumPy boolean but got `align=0`. Did you mean to pass a tuple to create a subarray type? (Deprecated NumPy 2.4)
  entry = pickle.load(f, encoding="latin1")
/home/users/dsen/.local/lib/python3.11/site-packages/torch/cuda/__init__.py:371: UserWarning: Found GPU0 Tesla V100-SXM2-16GB which is of compute capability (CC) 7.0.
The following list shows the CCs this version of PyTorch was built for and the hardware CCs it supports:
- 7.5 which supports hardware CC >=7.5,<8.0
- 8.0 which supports hardware CC >=8.0,<9.0 except {8.7}
- 8.6 which supports hardware CC >=8.6,<9.0 except {8.7}
- 9.0 which supports hardware CC >=9.0,<10.0
- 10.0 which supports hardware CC >=10.0,<11.0 except {10.1}
- 12.0 which supports hardware CC >=12.0,<13.0
Please follow the instructions at https://pytorch.org/get-started/locally/ to install a PyTorch release that supports one of these CUDA versions: 12.6, 12.8
  _warn_unsupported_code(d, device_cc, code_ccs)
Traceback (most recent call last):
  File "<frozen runpy>", line 198, in _run_module_as_main
  File "<frozen runpy>", line 88, in _run_code
  File "/mnt/aiongpfs/users/dsen/cka-fed-dynamic-sparsity/src/train.py", line 386, in <module>
    main()
  File "/mnt/aiongpfs/users/dsen/cka-fed-dynamic-sparsity/src/train.py", line 376, in main
    history = run_experiment(config, paths)
              ^^^^^^^^^^^^^^^^^^^^^^^^^^^^^
  File "/mnt/aiongpfs/users/dsen/cka-fed-dynamic-sparsity/src/train.py", line 289, in run_experiment
    history = run_cka_feddst(
              ^^^^^^^^^^^^^^^
  File "/mnt/aiongpfs/users/dsen/cka-fed-dynamic-sparsity/src/federated.py", line 485, in run_cka_feddst
    apply_masks(global_model, masks)
  File "/mnt/aiongpfs/users/dsen/cka-fed-dynamic-sparsity/src/sparsity.py", line 73, in apply_masks
    param.mul_(masks[name].to(device=param.device, dtype=param.dtype))
torch.AcceleratorError: CUDA error: no kernel image is available for execution on the device
Search for `cudaErrorNoKernelImageForDevice' in https://docs.nvidia.com/cuda/cuda-runtime-api/group__CUDART__TYPES.html for more information.
CUDA kernel errors might be asynchronously reported at some other API call, so the stacktrace below might be incorrect.
For debugging consider passing CUDA_LAUNCH_BLOCKING=1
Compile with `TORCH_USE_CUDA_DSA` to enable device-side assertions.


FAILED COMMAND: /mnt/aiongpfs/users/dsen/micromamba/envs/cka-cifar/bin/python -m src.train --global-config configs/global_cifar10.yaml --config configs/cka_feddst_mnist.yaml --seed 42 --sparsity 0.7 --cka-strength 1 --log-dir results/logs/cka_strength_sweep/cifar10_cka_strength_20260724_145851/strength_1p0/seed_42 --checkpoint-dir results/checkpoints/cka_strength_sweep/cifar10_cka_strength_20260724_145851/strength_1p0/seed_42 --plot-dir results/plots/cka_strength_sweep/cifar10_cka_strength_20260724_145851
Exit code: 1
/mnt/aiongpfs/users/dsen/micromamba/envs/cka-cifar/lib/python3.11/site-packages/torchvision/datasets/cifar.py:83: VisibleDeprecationWarning: dtype(): align should be passed as Python or NumPy boolean but got `align=0`. Did you mean to pass a tuple to create a subarray type? (Deprecated NumPy 2.4)
  entry = pickle.load(f, encoding="latin1")
/home/users/dsen/.local/lib/python3.11/site-packages/torch/cuda/__init__.py:371: UserWarning: Found GPU0 Tesla V100-SXM2-16GB which is of compute capability (CC) 7.0.
The following list shows the CCs this version of PyTorch was built for and the hardware CCs it supports:
- 7.5 which supports hardware CC >=7.5,<8.0
- 8.0 which supports hardware CC >=8.0,<9.0 except {8.7}
- 8.6 which supports hardware CC >=8.6,<9.0 except {8.7}
- 9.0 which supports hardware CC >=9.0,<10.0
- 10.0 which supports hardware CC >=10.0,<11.0 except {10.1}
- 12.0 which supports hardware CC >=12.0,<13.0
Please follow the instructions at https://pytorch.org/get-started/locally/ to install a PyTorch release that supports one of these CUDA versions: 12.6, 12.8
  _warn_unsupported_code(d, device_cc, code_ccs)
Traceback (most recent call last):
  File "<frozen runpy>", line 198, in _run_module_as_main
  File "<frozen runpy>", line 88, in _run_code
  File "/mnt/aiongpfs/users/dsen/cka-fed-dynamic-sparsity/src/train.py", line 386, in <module>
    main()
  File "/mnt/aiongpfs/users/dsen/cka-fed-dynamic-sparsity/src/train.py", line 376, in main
    history = run_experiment(config, paths)
              ^^^^^^^^^^^^^^^^^^^^^^^^^^^^^
  File "/mnt/aiongpfs/users/dsen/cka-fed-dynamic-sparsity/src/train.py", line 289, in run_experiment
    history = run_cka_feddst(
              ^^^^^^^^^^^^^^^
  File "/mnt/aiongpfs/users/dsen/cka-fed-dynamic-sparsity/src/federated.py", line 485, in run_cka_feddst
    apply_masks(global_model, masks)
  File "/mnt/aiongpfs/users/dsen/cka-fed-dynamic-sparsity/src/sparsity.py", line 73, in apply_masks
    param.mul_(masks[name].to(device=param.device, dtype=param.dtype))
torch.AcceleratorError: CUDA error: no kernel image is available for execution on the device
Search for `cudaErrorNoKernelImageForDevice' in https://docs.nvidia.com/cuda/cuda-runtime-api/group__CUDART__TYPES.html for more information.
CUDA kernel errors might be asynchronously reported at some other API call, so the stacktrace below might be incorrect.
For debugging consider passing CUDA_LAUNCH_BLOCKING=1
Compile with `TORCH_USE_CUDA_DSA` to enable device-side assertions.


FAILED COMMAND: /mnt/aiongpfs/users/dsen/micromamba/envs/cka-cifar/bin/python -m src.train --global-config configs/global_cifar10.yaml --config configs/cka_feddst_mnist.yaml --seed 42 --sparsity 0.8 --cka-strength 1 --log-dir results/logs/cka_strength_sweep/cifar10_cka_strength_20260724_145851/strength_1p0/seed_42 --checkpoint-dir results/checkpoints/cka_strength_sweep/cifar10_cka_strength_20260724_145851/strength_1p0/seed_42 --plot-dir results/plots/cka_strength_sweep/cifar10_cka_strength_20260724_145851
Exit code: 1
/mnt/aiongpfs/users/dsen/micromamba/envs/cka-cifar/lib/python3.11/site-packages/torchvision/datasets/cifar.py:83: VisibleDeprecationWarning: dtype(): align should be passed as Python or NumPy boolean but got `align=0`. Did you mean to pass a tuple to create a subarray type? (Deprecated NumPy 2.4)
  entry = pickle.load(f, encoding="latin1")
/home/users/dsen/.local/lib/python3.11/site-packages/torch/cuda/__init__.py:371: UserWarning: Found GPU0 Tesla V100-SXM2-16GB which is of compute capability (CC) 7.0.
The following list shows the CCs this version of PyTorch was built for and the hardware CCs it supports:
- 7.5 which supports hardware CC >=7.5,<8.0
- 8.0 which supports hardware CC >=8.0,<9.0 except {8.7}
- 8.6 which supports hardware CC >=8.6,<9.0 except {8.7}
- 9.0 which supports hardware CC >=9.0,<10.0
- 10.0 which supports hardware CC >=10.0,<11.0 except {10.1}
- 12.0 which supports hardware CC >=12.0,<13.0
Please follow the instructions at https://pytorch.org/get-started/locally/ to install a PyTorch release that supports one of these CUDA versions: 12.6, 12.8
  _warn_unsupported_code(d, device_cc, code_ccs)
Traceback (most recent call last):
  File "<frozen runpy>", line 198, in _run_module_as_main
  File "<frozen runpy>", line 88, in _run_code
  File "/mnt/aiongpfs/users/dsen/cka-fed-dynamic-sparsity/src/train.py", line 386, in <module>
    main()
  File "/mnt/aiongpfs/users/dsen/cka-fed-dynamic-sparsity/src/train.py", line 376, in main
    history = run_experiment(config, paths)
              ^^^^^^^^^^^^^^^^^^^^^^^^^^^^^
  File "/mnt/aiongpfs/users/dsen/cka-fed-dynamic-sparsity/src/train.py", line 289, in run_experiment
    history = run_cka_feddst(
              ^^^^^^^^^^^^^^^
  File "/mnt/aiongpfs/users/dsen/cka-fed-dynamic-sparsity/src/federated.py", line 485, in run_cka_feddst
    apply_masks(global_model, masks)
  File "/mnt/aiongpfs/users/dsen/cka-fed-dynamic-sparsity/src/sparsity.py", line 73, in apply_masks
    param.mul_(masks[name].to(device=param.device, dtype=param.dtype))
torch.AcceleratorError: CUDA error: no kernel image is available for execution on the device
Search for `cudaErrorNoKernelImageForDevice' in https://docs.nvidia.com/cuda/cuda-runtime-api/group__CUDART__TYPES.html for more information.
CUDA kernel errors might be asynchronously reported at some other API call, so the stacktrace below might be incorrect.
For debugging consider passing CUDA_LAUNCH_BLOCKING=1
Compile with `TORCH_USE_CUDA_DSA` to enable device-side assertions.


FAILED COMMAND: /mnt/aiongpfs/users/dsen/micromamba/envs/cka-cifar/bin/python -m src.train --global-config configs/global_cifar10.yaml --config configs/cka_feddst_mnist.yaml --seed 42 --sparsity 0.9 --cka-strength 1 --log-dir results/logs/cka_strength_sweep/cifar10_cka_strength_20260724_145851/strength_1p0/seed_42 --checkpoint-dir results/checkpoints/cka_strength_sweep/cifar10_cka_strength_20260724_145851/strength_1p0/seed_42 --plot-dir results/plots/cka_strength_sweep/cifar10_cka_strength_20260724_145851
Exit code: 1
/mnt/aiongpfs/users/dsen/micromamba/envs/cka-cifar/lib/python3.11/site-packages/torchvision/datasets/cifar.py:83: VisibleDeprecationWarning: dtype(): align should be passed as Python or NumPy boolean but got `align=0`. Did you mean to pass a tuple to create a subarray type? (Deprecated NumPy 2.4)
  entry = pickle.load(f, encoding="latin1")
/home/users/dsen/.local/lib/python3.11/site-packages/torch/cuda/__init__.py:371: UserWarning: Found GPU0 Tesla V100-SXM2-16GB which is of compute capability (CC) 7.0.
The following list shows the CCs this version of PyTorch was built for and the hardware CCs it supports:
- 7.5 which supports hardware CC >=7.5,<8.0
- 8.0 which supports hardware CC >=8.0,<9.0 except {8.7}
- 8.6 which supports hardware CC >=8.6,<9.0 except {8.7}
- 9.0 which supports hardware CC >=9.0,<10.0
- 10.0 which supports hardware CC >=10.0,<11.0 except {10.1}
- 12.0 which supports hardware CC >=12.0,<13.0
Please follow the instructions at https://pytorch.org/get-started/locally/ to install a PyTorch release that supports one of these CUDA versions: 12.6, 12.8
  _warn_unsupported_code(d, device_cc, code_ccs)
Traceback (most recent call last):
  File "<frozen runpy>", line 198, in _run_module_as_main
  File "<frozen runpy>", line 88, in _run_code
  File "/mnt/aiongpfs/users/dsen/cka-fed-dynamic-sparsity/src/train.py", line 386, in <module>
    main()
  File "/mnt/aiongpfs/users/dsen/cka-fed-dynamic-sparsity/src/train.py", line 376, in main
    history = run_experiment(config, paths)
              ^^^^^^^^^^^^^^^^^^^^^^^^^^^^^
  File "/mnt/aiongpfs/users/dsen/cka-fed-dynamic-sparsity/src/train.py", line 289, in run_experiment
    history = run_cka_feddst(
              ^^^^^^^^^^^^^^^
  File "/mnt/aiongpfs/users/dsen/cka-fed-dynamic-sparsity/src/federated.py", line 485, in run_cka_feddst
    apply_masks(global_model, masks)
  File "/mnt/aiongpfs/users/dsen/cka-fed-dynamic-sparsity/src/sparsity.py", line 73, in apply_masks
    param.mul_(masks[name].to(device=param.device, dtype=param.dtype))
torch.AcceleratorError: CUDA error: no kernel image is available for execution on the device
Search for `cudaErrorNoKernelImageForDevice' in https://docs.nvidia.com/cuda/cuda-runtime-api/group__CUDART__TYPES.html for more information.
CUDA kernel errors might be asynchronously reported at some other API call, so the stacktrace below might be incorrect.
For debugging consider passing CUDA_LAUNCH_BLOCKING=1
Compile with `TORCH_USE_CUDA_DSA` to enable device-side assertions.


FAILED COMMAND: /mnt/aiongpfs/users/dsen/micromamba/envs/cka-cifar/bin/python -m src.train --global-config configs/global_cifar10.yaml --config configs/cka_feddst_mnist.yaml --seed 42 --sparsity 0.95 --cka-strength 1 --log-dir results/logs/cka_strength_sweep/cifar10_cka_strength_20260724_145851/strength_1p0/seed_42 --checkpoint-dir results/checkpoints/cka_strength_sweep/cifar10_cka_strength_20260724_145851/strength_1p0/seed_42 --plot-dir results/plots/cka_strength_sweep/cifar10_cka_strength_20260724_145851
Exit code: 1
/mnt/aiongpfs/users/dsen/micromamba/envs/cka-cifar/lib/python3.11/site-packages/torchvision/datasets/cifar.py:83: VisibleDeprecationWarning: dtype(): align should be passed as Python or NumPy boolean but got `align=0`. Did you mean to pass a tuple to create a subarray type? (Deprecated NumPy 2.4)
  entry = pickle.load(f, encoding="latin1")
/home/users/dsen/.local/lib/python3.11/site-packages/torch/cuda/__init__.py:371: UserWarning: Found GPU0 Tesla V100-SXM2-16GB which is of compute capability (CC) 7.0.
The following list shows the CCs this version of PyTorch was built for and the hardware CCs it supports:
- 7.5 which supports hardware CC >=7.5,<8.0
- 8.0 which supports hardware CC >=8.0,<9.0 except {8.7}
- 8.6 which supports hardware CC >=8.6,<9.0 except {8.7}
- 9.0 which supports hardware CC >=9.0,<10.0
- 10.0 which supports hardware CC >=10.0,<11.0 except {10.1}
- 12.0 which supports hardware CC >=12.0,<13.0
Please follow the instructions at https://pytorch.org/get-started/locally/ to install a PyTorch release that supports one of these CUDA versions: 12.6, 12.8
  _warn_unsupported_code(d, device_cc, code_ccs)
Traceback (most recent call last):
  File "<frozen runpy>", line 198, in _run_module_as_main
  File "<frozen runpy>", line 88, in _run_code
  File "/mnt/aiongpfs/users/dsen/cka-fed-dynamic-sparsity/src/train.py", line 386, in <module>
    main()
  File "/mnt/aiongpfs/users/dsen/cka-fed-dynamic-sparsity/src/train.py", line 376, in main
    history = run_experiment(config, paths)
              ^^^^^^^^^^^^^^^^^^^^^^^^^^^^^
  File "/mnt/aiongpfs/users/dsen/cka-fed-dynamic-sparsity/src/train.py", line 289, in run_experiment
    history = run_cka_feddst(
              ^^^^^^^^^^^^^^^
  File "/mnt/aiongpfs/users/dsen/cka-fed-dynamic-sparsity/src/federated.py", line 485, in run_cka_feddst
    apply_masks(global_model, masks)
  File "/mnt/aiongpfs/users/dsen/cka-fed-dynamic-sparsity/src/sparsity.py", line 73, in apply_masks
    param.mul_(masks[name].to(device=param.device, dtype=param.dtype))
torch.AcceleratorError: CUDA error: no kernel image is available for execution on the device
Search for `cudaErrorNoKernelImageForDevice' in https://docs.nvidia.com/cuda/cuda-runtime-api/group__CUDART__TYPES.html for more information.
CUDA kernel errors might be asynchronously reported at some other API call, so the stacktrace below might be incorrect.
For debugging consider passing CUDA_LAUNCH_BLOCKING=1
Compile with `TORCH_USE_CUDA_DSA` to enable device-side assertions.


FAILED COMMAND: /mnt/aiongpfs/users/dsen/micromamba/envs/cka-cifar/bin/python -m src.train --global-config configs/global_cifar10.yaml --config configs/cka_feddst_mnist.yaml --seed 7 --sparsity 0.5 --cka-strength 1 --log-dir results/logs/cka_strength_sweep/cifar10_cka_strength_20260724_145851/strength_1p0/seed_7 --checkpoint-dir results/checkpoints/cka_strength_sweep/cifar10_cka_strength_20260724_145851/strength_1p0/seed_7 --plot-dir results/plots/cka_strength_sweep/cifar10_cka_strength_20260724_145851
Exit code: 1
/mnt/aiongpfs/users/dsen/micromamba/envs/cka-cifar/lib/python3.11/site-packages/torchvision/datasets/cifar.py:83: VisibleDeprecationWarning: dtype(): align should be passed as Python or NumPy boolean but got `align=0`. Did you mean to pass a tuple to create a subarray type? (Deprecated NumPy 2.4)
  entry = pickle.load(f, encoding="latin1")
/home/users/dsen/.local/lib/python3.11/site-packages/torch/cuda/__init__.py:371: UserWarning: Found GPU0 Tesla V100-SXM2-16GB which is of compute capability (CC) 7.0.
The following list shows the CCs this version of PyTorch was built for and the hardware CCs it supports:
- 7.5 which supports hardware CC >=7.5,<8.0
- 8.0 which supports hardware CC >=8.0,<9.0 except {8.7}
- 8.6 which supports hardware CC >=8.6,<9.0 except {8.7}
- 9.0 which supports hardware CC >=9.0,<10.0
- 10.0 which supports hardware CC >=10.0,<11.0 except {10.1}
- 12.0 which supports hardware CC >=12.0,<13.0
Please follow the instructions at https://pytorch.org/get-started/locally/ to install a PyTorch release that supports one of these CUDA versions: 12.6, 12.8
  _warn_unsupported_code(d, device_cc, code_ccs)
Traceback (most recent call last):
  File "<frozen runpy>", line 198, in _run_module_as_main
  File "<frozen runpy>", line 88, in _run_code
  File "/mnt/aiongpfs/users/dsen/cka-fed-dynamic-sparsity/src/train.py", line 386, in <module>
    main()
  File "/mnt/aiongpfs/users/dsen/cka-fed-dynamic-sparsity/src/train.py", line 376, in main
    history = run_experiment(config, paths)
              ^^^^^^^^^^^^^^^^^^^^^^^^^^^^^
  File "/mnt/aiongpfs/users/dsen/cka-fed-dynamic-sparsity/src/train.py", line 289, in run_experiment
    history = run_cka_feddst(
              ^^^^^^^^^^^^^^^
  File "/mnt/aiongpfs/users/dsen/cka-fed-dynamic-sparsity/src/federated.py", line 485, in run_cka_feddst
    apply_masks(global_model, masks)
  File "/mnt/aiongpfs/users/dsen/cka-fed-dynamic-sparsity/src/sparsity.py", line 73, in apply_masks
    param.mul_(masks[name].to(device=param.device, dtype=param.dtype))
torch.AcceleratorError: CUDA error: no kernel image is available for execution on the device
Search for `cudaErrorNoKernelImageForDevice' in https://docs.nvidia.com/cuda/cuda-runtime-api/group__CUDART__TYPES.html for more information.
CUDA kernel errors might be asynchronously reported at some other API call, so the stacktrace below might be incorrect.
For debugging consider passing CUDA_LAUNCH_BLOCKING=1
Compile with `TORCH_USE_CUDA_DSA` to enable device-side assertions.


FAILED COMMAND: /mnt/aiongpfs/users/dsen/micromamba/envs/cka-cifar/bin/python -m src.train --global-config configs/global_cifar10.yaml --config configs/cka_feddst_mnist.yaml --seed 7 --sparsity 0.7 --cka-strength 1 --log-dir results/logs/cka_strength_sweep/cifar10_cka_strength_20260724_145851/strength_1p0/seed_7 --checkpoint-dir results/checkpoints/cka_strength_sweep/cifar10_cka_strength_20260724_145851/strength_1p0/seed_7 --plot-dir results/plots/cka_strength_sweep/cifar10_cka_strength_20260724_145851
Exit code: 1
/mnt/aiongpfs/users/dsen/micromamba/envs/cka-cifar/lib/python3.11/site-packages/torchvision/datasets/cifar.py:83: VisibleDeprecationWarning: dtype(): align should be passed as Python or NumPy boolean but got `align=0`. Did you mean to pass a tuple to create a subarray type? (Deprecated NumPy 2.4)
  entry = pickle.load(f, encoding="latin1")
/home/users/dsen/.local/lib/python3.11/site-packages/torch/cuda/__init__.py:371: UserWarning: Found GPU0 Tesla V100-SXM2-16GB which is of compute capability (CC) 7.0.
The following list shows the CCs this version of PyTorch was built for and the hardware CCs it supports:
- 7.5 which supports hardware CC >=7.5,<8.0
- 8.0 which supports hardware CC >=8.0,<9.0 except {8.7}
- 8.6 which supports hardware CC >=8.6,<9.0 except {8.7}
- 9.0 which supports hardware CC >=9.0,<10.0
- 10.0 which supports hardware CC >=10.0,<11.0 except {10.1}
- 12.0 which supports hardware CC >=12.0,<13.0
Please follow the instructions at https://pytorch.org/get-started/locally/ to install a PyTorch release that supports one of these CUDA versions: 12.6, 12.8
  _warn_unsupported_code(d, device_cc, code_ccs)
Traceback (most recent call last):
  File "<frozen runpy>", line 198, in _run_module_as_main
  File "<frozen runpy>", line 88, in _run_code
  File "/mnt/aiongpfs/users/dsen/cka-fed-dynamic-sparsity/src/train.py", line 386, in <module>
    main()
  File "/mnt/aiongpfs/users/dsen/cka-fed-dynamic-sparsity/src/train.py", line 376, in main
    history = run_experiment(config, paths)
              ^^^^^^^^^^^^^^^^^^^^^^^^^^^^^
  File "/mnt/aiongpfs/users/dsen/cka-fed-dynamic-sparsity/src/train.py", line 289, in run_experiment
    history = run_cka_feddst(
              ^^^^^^^^^^^^^^^
  File "/mnt/aiongpfs/users/dsen/cka-fed-dynamic-sparsity/src/federated.py", line 485, in run_cka_feddst
    apply_masks(global_model, masks)
  File "/mnt/aiongpfs/users/dsen/cka-fed-dynamic-sparsity/src/sparsity.py", line 73, in apply_masks
    param.mul_(masks[name].to(device=param.device, dtype=param.dtype))
torch.AcceleratorError: CUDA error: no kernel image is available for execution on the device
Search for `cudaErrorNoKernelImageForDevice' in https://docs.nvidia.com/cuda/cuda-runtime-api/group__CUDART__TYPES.html for more information.
CUDA kernel errors might be asynchronously reported at some other API call, so the stacktrace below might be incorrect.
For debugging consider passing CUDA_LAUNCH_BLOCKING=1
Compile with `TORCH_USE_CUDA_DSA` to enable device-side assertions.


FAILED COMMAND: /mnt/aiongpfs/users/dsen/micromamba/envs/cka-cifar/bin/python -m src.train --global-config configs/global_cifar10.yaml --config configs/cka_feddst_mnist.yaml --seed 7 --sparsity 0.8 --cka-strength 1 --log-dir results/logs/cka_strength_sweep/cifar10_cka_strength_20260724_145851/strength_1p0/seed_7 --checkpoint-dir results/checkpoints/cka_strength_sweep/cifar10_cka_strength_20260724_145851/strength_1p0/seed_7 --plot-dir results/plots/cka_strength_sweep/cifar10_cka_strength_20260724_145851
Exit code: 1
/mnt/aiongpfs/users/dsen/micromamba/envs/cka-cifar/lib/python3.11/site-packages/torchvision/datasets/cifar.py:83: VisibleDeprecationWarning: dtype(): align should be passed as Python or NumPy boolean but got `align=0`. Did you mean to pass a tuple to create a subarray type? (Deprecated NumPy 2.4)
  entry = pickle.load(f, encoding="latin1")
/home/users/dsen/.local/lib/python3.11/site-packages/torch/cuda/__init__.py:371: UserWarning: Found GPU0 Tesla V100-SXM2-16GB which is of compute capability (CC) 7.0.
The following list shows the CCs this version of PyTorch was built for and the hardware CCs it supports:
- 7.5 which supports hardware CC >=7.5,<8.0
- 8.0 which supports hardware CC >=8.0,<9.0 except {8.7}
- 8.6 which supports hardware CC >=8.6,<9.0 except {8.7}
- 9.0 which supports hardware CC >=9.0,<10.0
- 10.0 which supports hardware CC >=10.0,<11.0 except {10.1}
- 12.0 which supports hardware CC >=12.0,<13.0
Please follow the instructions at https://pytorch.org/get-started/locally/ to install a PyTorch release that supports one of these CUDA versions: 12.6, 12.8
  _warn_unsupported_code(d, device_cc, code_ccs)
Traceback (most recent call last):
  File "<frozen runpy>", line 198, in _run_module_as_main
  File "<frozen runpy>", line 88, in _run_code
  File "/mnt/aiongpfs/users/dsen/cka-fed-dynamic-sparsity/src/train.py", line 386, in <module>
    main()
  File "/mnt/aiongpfs/users/dsen/cka-fed-dynamic-sparsity/src/train.py", line 376, in main
    history = run_experiment(config, paths)
              ^^^^^^^^^^^^^^^^^^^^^^^^^^^^^
  File "/mnt/aiongpfs/users/dsen/cka-fed-dynamic-sparsity/src/train.py", line 289, in run_experiment
    history = run_cka_feddst(
              ^^^^^^^^^^^^^^^
  File "/mnt/aiongpfs/users/dsen/cka-fed-dynamic-sparsity/src/federated.py", line 485, in run_cka_feddst
    apply_masks(global_model, masks)
  File "/mnt/aiongpfs/users/dsen/cka-fed-dynamic-sparsity/src/sparsity.py", line 73, in apply_masks
    param.mul_(masks[name].to(device=param.device, dtype=param.dtype))
torch.AcceleratorError: CUDA error: no kernel image is available for execution on the device
Search for `cudaErrorNoKernelImageForDevice' in https://docs.nvidia.com/cuda/cuda-runtime-api/group__CUDART__TYPES.html for more information.
CUDA kernel errors might be asynchronously reported at some other API call, so the stacktrace below might be incorrect.
For debugging consider passing CUDA_LAUNCH_BLOCKING=1
Compile with `TORCH_USE_CUDA_DSA` to enable device-side assertions.


FAILED COMMAND: /mnt/aiongpfs/users/dsen/micromamba/envs/cka-cifar/bin/python -m src.train --global-config configs/global_cifar10.yaml --config configs/cka_feddst_mnist.yaml --seed 7 --sparsity 0.9 --cka-strength 1 --log-dir results/logs/cka_strength_sweep/cifar10_cka_strength_20260724_145851/strength_1p0/seed_7 --checkpoint-dir results/checkpoints/cka_strength_sweep/cifar10_cka_strength_20260724_145851/strength_1p0/seed_7 --plot-dir results/plots/cka_strength_sweep/cifar10_cka_strength_20260724_145851
Exit code: 1
/mnt/aiongpfs/users/dsen/micromamba/envs/cka-cifar/lib/python3.11/site-packages/torchvision/datasets/cifar.py:83: VisibleDeprecationWarning: dtype(): align should be passed as Python or NumPy boolean but got `align=0`. Did you mean to pass a tuple to create a subarray type? (Deprecated NumPy 2.4)
  entry = pickle.load(f, encoding="latin1")
/home/users/dsen/.local/lib/python3.11/site-packages/torch/cuda/__init__.py:371: UserWarning: Found GPU0 Tesla V100-SXM2-16GB which is of compute capability (CC) 7.0.
The following list shows the CCs this version of PyTorch was built for and the hardware CCs it supports:
- 7.5 which supports hardware CC >=7.5,<8.0
- 8.0 which supports hardware CC >=8.0,<9.0 except {8.7}
- 8.6 which supports hardware CC >=8.6,<9.0 except {8.7}
- 9.0 which supports hardware CC >=9.0,<10.0
- 10.0 which supports hardware CC >=10.0,<11.0 except {10.1}
- 12.0 which supports hardware CC >=12.0,<13.0
Please follow the instructions at https://pytorch.org/get-started/locally/ to install a PyTorch release that supports one of these CUDA versions: 12.6, 12.8
  _warn_unsupported_code(d, device_cc, code_ccs)
Traceback (most recent call last):
  File "<frozen runpy>", line 198, in _run_module_as_main
  File "<frozen runpy>", line 88, in _run_code
  File "/mnt/aiongpfs/users/dsen/cka-fed-dynamic-sparsity/src/train.py", line 386, in <module>
    main()
  File "/mnt/aiongpfs/users/dsen/cka-fed-dynamic-sparsity/src/train.py", line 376, in main
    history = run_experiment(config, paths)
              ^^^^^^^^^^^^^^^^^^^^^^^^^^^^^
  File "/mnt/aiongpfs/users/dsen/cka-fed-dynamic-sparsity/src/train.py", line 289, in run_experiment
    history = run_cka_feddst(
              ^^^^^^^^^^^^^^^
  File "/mnt/aiongpfs/users/dsen/cka-fed-dynamic-sparsity/src/federated.py", line 485, in run_cka_feddst
    apply_masks(global_model, masks)
  File "/mnt/aiongpfs/users/dsen/cka-fed-dynamic-sparsity/src/sparsity.py", line 73, in apply_masks
    param.mul_(masks[name].to(device=param.device, dtype=param.dtype))
torch.AcceleratorError: CUDA error: no kernel image is available for execution on the device
Search for `cudaErrorNoKernelImageForDevice' in https://docs.nvidia.com/cuda/cuda-runtime-api/group__CUDART__TYPES.html for more information.
CUDA kernel errors might be asynchronously reported at some other API call, so the stacktrace below might be incorrect.
For debugging consider passing CUDA_LAUNCH_BLOCKING=1
Compile with `TORCH_USE_CUDA_DSA` to enable device-side assertions.


FAILED COMMAND: /mnt/aiongpfs/users/dsen/micromamba/envs/cka-cifar/bin/python -m src.train --global-config configs/global_cifar10.yaml --config configs/cka_feddst_mnist.yaml --seed 7 --sparsity 0.95 --cka-strength 1 --log-dir results/logs/cka_strength_sweep/cifar10_cka_strength_20260724_145851/strength_1p0/seed_7 --checkpoint-dir results/checkpoints/cka_strength_sweep/cifar10_cka_strength_20260724_145851/strength_1p0/seed_7 --plot-dir results/plots/cka_strength_sweep/cifar10_cka_strength_20260724_145851
Exit code: 1
/mnt/aiongpfs/users/dsen/micromamba/envs/cka-cifar/lib/python3.11/site-packages/torchvision/datasets/cifar.py:83: VisibleDeprecationWarning: dtype(): align should be passed as Python or NumPy boolean but got `align=0`. Did you mean to pass a tuple to create a subarray type? (Deprecated NumPy 2.4)
  entry = pickle.load(f, encoding="latin1")
/home/users/dsen/.local/lib/python3.11/site-packages/torch/cuda/__init__.py:371: UserWarning: Found GPU0 Tesla V100-SXM2-16GB which is of compute capability (CC) 7.0.
The following list shows the CCs this version of PyTorch was built for and the hardware CCs it supports:
- 7.5 which supports hardware CC >=7.5,<8.0
- 8.0 which supports hardware CC >=8.0,<9.0 except {8.7}
- 8.6 which supports hardware CC >=8.6,<9.0 except {8.7}
- 9.0 which supports hardware CC >=9.0,<10.0
- 10.0 which supports hardware CC >=10.0,<11.0 except {10.1}
- 12.0 which supports hardware CC >=12.0,<13.0
Please follow the instructions at https://pytorch.org/get-started/locally/ to install a PyTorch release that supports one of these CUDA versions: 12.6, 12.8
  _warn_unsupported_code(d, device_cc, code_ccs)
Traceback (most recent call last):
  File "<frozen runpy>", line 198, in _run_module_as_main
  File "<frozen runpy>", line 88, in _run_code
  File "/mnt/aiongpfs/users/dsen/cka-fed-dynamic-sparsity/src/train.py", line 386, in <module>
    main()
  File "/mnt/aiongpfs/users/dsen/cka-fed-dynamic-sparsity/src/train.py", line 376, in main
    history = run_experiment(config, paths)
              ^^^^^^^^^^^^^^^^^^^^^^^^^^^^^
  File "/mnt/aiongpfs/users/dsen/cka-fed-dynamic-sparsity/src/train.py", line 289, in run_experiment
    history = run_cka_feddst(
              ^^^^^^^^^^^^^^^
  File "/mnt/aiongpfs/users/dsen/cka-fed-dynamic-sparsity/src/federated.py", line 485, in run_cka_feddst
    apply_masks(global_model, masks)
  File "/mnt/aiongpfs/users/dsen/cka-fed-dynamic-sparsity/src/sparsity.py", line 73, in apply_masks
    param.mul_(masks[name].to(device=param.device, dtype=param.dtype))
torch.AcceleratorError: CUDA error: no kernel image is available for execution on the device
Search for `cudaErrorNoKernelImageForDevice' in https://docs.nvidia.com/cuda/cuda-runtime-api/group__CUDART__TYPES.html for more information.
CUDA kernel errors might be asynchronously reported at some other API call, so the stacktrace below might be incorrect.
For debugging consider passing CUDA_LAUNCH_BLOCKING=1
Compile with `TORCH_USE_CUDA_DSA` to enable device-side assertions.


FAILED COMMAND: /mnt/aiongpfs/users/dsen/micromamba/envs/cka-cifar/bin/python -m src.train --global-config configs/global_cifar10.yaml --config configs/cka_feddst_mnist.yaml --seed 13 --sparsity 0.5 --cka-strength 1 --log-dir results/logs/cka_strength_sweep/cifar10_cka_strength_20260724_145851/strength_1p0/seed_13 --checkpoint-dir results/checkpoints/cka_strength_sweep/cifar10_cka_strength_20260724_145851/strength_1p0/seed_13 --plot-dir results/plots/cka_strength_sweep/cifar10_cka_strength_20260724_145851
Exit code: 1
/mnt/aiongpfs/users/dsen/micromamba/envs/cka-cifar/lib/python3.11/site-packages/torchvision/datasets/cifar.py:83: VisibleDeprecationWarning: dtype(): align should be passed as Python or NumPy boolean but got `align=0`. Did you mean to pass a tuple to create a subarray type? (Deprecated NumPy 2.4)
  entry = pickle.load(f, encoding="latin1")
/home/users/dsen/.local/lib/python3.11/site-packages/torch/cuda/__init__.py:371: UserWarning: Found GPU0 Tesla V100-SXM2-16GB which is of compute capability (CC) 7.0.
The following list shows the CCs this version of PyTorch was built for and the hardware CCs it supports:
- 7.5 which supports hardware CC >=7.5,<8.0
- 8.0 which supports hardware CC >=8.0,<9.0 except {8.7}
- 8.6 which supports hardware CC >=8.6,<9.0 except {8.7}
- 9.0 which supports hardware CC >=9.0,<10.0
- 10.0 which supports hardware CC >=10.0,<11.0 except {10.1}
- 12.0 which supports hardware CC >=12.0,<13.0
Please follow the instructions at https://pytorch.org/get-started/locally/ to install a PyTorch release that supports one of these CUDA versions: 12.6, 12.8
  _warn_unsupported_code(d, device_cc, code_ccs)
Traceback (most recent call last):
  File "<frozen runpy>", line 198, in _run_module_as_main
  File "<frozen runpy>", line 88, in _run_code
  File "/mnt/aiongpfs/users/dsen/cka-fed-dynamic-sparsity/src/train.py", line 386, in <module>
    main()
  File "/mnt/aiongpfs/users/dsen/cka-fed-dynamic-sparsity/src/train.py", line 376, in main
    history = run_experiment(config, paths)
              ^^^^^^^^^^^^^^^^^^^^^^^^^^^^^
  File "/mnt/aiongpfs/users/dsen/cka-fed-dynamic-sparsity/src/train.py", line 289, in run_experiment
    history = run_cka_feddst(
              ^^^^^^^^^^^^^^^
  File "/mnt/aiongpfs/users/dsen/cka-fed-dynamic-sparsity/src/federated.py", line 485, in run_cka_feddst
    apply_masks(global_model, masks)
  File "/mnt/aiongpfs/users/dsen/cka-fed-dynamic-sparsity/src/sparsity.py", line 73, in apply_masks
    param.mul_(masks[name].to(device=param.device, dtype=param.dtype))
torch.AcceleratorError: CUDA error: no kernel image is available for execution on the device
Search for `cudaErrorNoKernelImageForDevice' in https://docs.nvidia.com/cuda/cuda-runtime-api/group__CUDART__TYPES.html for more information.
CUDA kernel errors might be asynchronously reported at some other API call, so the stacktrace below might be incorrect.
For debugging consider passing CUDA_LAUNCH_BLOCKING=1
Compile with `TORCH_USE_CUDA_DSA` to enable device-side assertions.


FAILED COMMAND: /mnt/aiongpfs/users/dsen/micromamba/envs/cka-cifar/bin/python -m src.train --global-config configs/global_cifar10.yaml --config configs/cka_feddst_mnist.yaml --seed 13 --sparsity 0.7 --cka-strength 1 --log-dir results/logs/cka_strength_sweep/cifar10_cka_strength_20260724_145851/strength_1p0/seed_13 --checkpoint-dir results/checkpoints/cka_strength_sweep/cifar10_cka_strength_20260724_145851/strength_1p0/seed_13 --plot-dir results/plots/cka_strength_sweep/cifar10_cka_strength_20260724_145851
Exit code: 1
/mnt/aiongpfs/users/dsen/micromamba/envs/cka-cifar/lib/python3.11/site-packages/torchvision/datasets/cifar.py:83: VisibleDeprecationWarning: dtype(): align should be passed as Python or NumPy boolean but got `align=0`. Did you mean to pass a tuple to create a subarray type? (Deprecated NumPy 2.4)
  entry = pickle.load(f, encoding="latin1")
/home/users/dsen/.local/lib/python3.11/site-packages/torch/cuda/__init__.py:371: UserWarning: Found GPU0 Tesla V100-SXM2-16GB which is of compute capability (CC) 7.0.
The following list shows the CCs this version of PyTorch was built for and the hardware CCs it supports:
- 7.5 which supports hardware CC >=7.5,<8.0
- 8.0 which supports hardware CC >=8.0,<9.0 except {8.7}
- 8.6 which supports hardware CC >=8.6,<9.0 except {8.7}
- 9.0 which supports hardware CC >=9.0,<10.0
- 10.0 which supports hardware CC >=10.0,<11.0 except {10.1}
- 12.0 which supports hardware CC >=12.0,<13.0
Please follow the instructions at https://pytorch.org/get-started/locally/ to install a PyTorch release that supports one of these CUDA versions: 12.6, 12.8
  _warn_unsupported_code(d, device_cc, code_ccs)
Traceback (most recent call last):
  File "<frozen runpy>", line 198, in _run_module_as_main
  File "<frozen runpy>", line 88, in _run_code
  File "/mnt/aiongpfs/users/dsen/cka-fed-dynamic-sparsity/src/train.py", line 386, in <module>
    main()
  File "/mnt/aiongpfs/users/dsen/cka-fed-dynamic-sparsity/src/train.py", line 376, in main
    history = run_experiment(config, paths)
              ^^^^^^^^^^^^^^^^^^^^^^^^^^^^^
  File "/mnt/aiongpfs/users/dsen/cka-fed-dynamic-sparsity/src/train.py", line 289, in run_experiment
    history = run_cka_feddst(
              ^^^^^^^^^^^^^^^
  File "/mnt/aiongpfs/users/dsen/cka-fed-dynamic-sparsity/src/federated.py", line 485, in run_cka_feddst
    apply_masks(global_model, masks)
  File "/mnt/aiongpfs/users/dsen/cka-fed-dynamic-sparsity/src/sparsity.py", line 73, in apply_masks
    param.mul_(masks[name].to(device=param.device, dtype=param.dtype))
torch.AcceleratorError: CUDA error: no kernel image is available for execution on the device
Search for `cudaErrorNoKernelImageForDevice' in https://docs.nvidia.com/cuda/cuda-runtime-api/group__CUDART__TYPES.html for more information.
CUDA kernel errors might be asynchronously reported at some other API call, so the stacktrace below might be incorrect.
For debugging consider passing CUDA_LAUNCH_BLOCKING=1
Compile with `TORCH_USE_CUDA_DSA` to enable device-side assertions.


FAILED COMMAND: /mnt/aiongpfs/users/dsen/micromamba/envs/cka-cifar/bin/python -m src.train --global-config configs/global_cifar10.yaml --config configs/cka_feddst_mnist.yaml --seed 13 --sparsity 0.8 --cka-strength 1 --log-dir results/logs/cka_strength_sweep/cifar10_cka_strength_20260724_145851/strength_1p0/seed_13 --checkpoint-dir results/checkpoints/cka_strength_sweep/cifar10_cka_strength_20260724_145851/strength_1p0/seed_13 --plot-dir results/plots/cka_strength_sweep/cifar10_cka_strength_20260724_145851
Exit code: 1
/mnt/aiongpfs/users/dsen/micromamba/envs/cka-cifar/lib/python3.11/site-packages/torchvision/datasets/cifar.py:83: VisibleDeprecationWarning: dtype(): align should be passed as Python or NumPy boolean but got `align=0`. Did you mean to pass a tuple to create a subarray type? (Deprecated NumPy 2.4)
  entry = pickle.load(f, encoding="latin1")
/home/users/dsen/.local/lib/python3.11/site-packages/torch/cuda/__init__.py:371: UserWarning: Found GPU0 Tesla V100-SXM2-16GB which is of compute capability (CC) 7.0.
The following list shows the CCs this version of PyTorch was built for and the hardware CCs it supports:
- 7.5 which supports hardware CC >=7.5,<8.0
- 8.0 which supports hardware CC >=8.0,<9.0 except {8.7}
- 8.6 which supports hardware CC >=8.6,<9.0 except {8.7}
- 9.0 which supports hardware CC >=9.0,<10.0
- 10.0 which supports hardware CC >=10.0,<11.0 except {10.1}
- 12.0 which supports hardware CC >=12.0,<13.0
Please follow the instructions at https://pytorch.org/get-started/locally/ to install a PyTorch release that supports one of these CUDA versions: 12.6, 12.8
  _warn_unsupported_code(d, device_cc, code_ccs)
Traceback (most recent call last):
  File "<frozen runpy>", line 198, in _run_module_as_main
  File "<frozen runpy>", line 88, in _run_code
  File "/mnt/aiongpfs/users/dsen/cka-fed-dynamic-sparsity/src/train.py", line 386, in <module>
    main()
  File "/mnt/aiongpfs/users/dsen/cka-fed-dynamic-sparsity/src/train.py", line 376, in main
    history = run_experiment(config, paths)
              ^^^^^^^^^^^^^^^^^^^^^^^^^^^^^
  File "/mnt/aiongpfs/users/dsen/cka-fed-dynamic-sparsity/src/train.py", line 289, in run_experiment
    history = run_cka_feddst(
              ^^^^^^^^^^^^^^^
  File "/mnt/aiongpfs/users/dsen/cka-fed-dynamic-sparsity/src/federated.py", line 485, in run_cka_feddst
    apply_masks(global_model, masks)
  File "/mnt/aiongpfs/users/dsen/cka-fed-dynamic-sparsity/src/sparsity.py", line 73, in apply_masks
    param.mul_(masks[name].to(device=param.device, dtype=param.dtype))
torch.AcceleratorError: CUDA error: no kernel image is available for execution on the device
Search for `cudaErrorNoKernelImageForDevice' in https://docs.nvidia.com/cuda/cuda-runtime-api/group__CUDART__TYPES.html for more information.
CUDA kernel errors might be asynchronously reported at some other API call, so the stacktrace below might be incorrect.
For debugging consider passing CUDA_LAUNCH_BLOCKING=1
Compile with `TORCH_USE_CUDA_DSA` to enable device-side assertions.


FAILED COMMAND: /mnt/aiongpfs/users/dsen/micromamba/envs/cka-cifar/bin/python -m src.train --global-config configs/global_cifar10.yaml --config configs/cka_feddst_mnist.yaml --seed 13 --sparsity 0.9 --cka-strength 1 --log-dir results/logs/cka_strength_sweep/cifar10_cka_strength_20260724_145851/strength_1p0/seed_13 --checkpoint-dir results/checkpoints/cka_strength_sweep/cifar10_cka_strength_20260724_145851/strength_1p0/seed_13 --plot-dir results/plots/cka_strength_sweep/cifar10_cka_strength_20260724_145851
Exit code: 1
/mnt/aiongpfs/users/dsen/micromamba/envs/cka-cifar/lib/python3.11/site-packages/torchvision/datasets/cifar.py:83: VisibleDeprecationWarning: dtype(): align should be passed as Python or NumPy boolean but got `align=0`. Did you mean to pass a tuple to create a subarray type? (Deprecated NumPy 2.4)
  entry = pickle.load(f, encoding="latin1")
/home/users/dsen/.local/lib/python3.11/site-packages/torch/cuda/__init__.py:371: UserWarning: Found GPU0 Tesla V100-SXM2-16GB which is of compute capability (CC) 7.0.
The following list shows the CCs this version of PyTorch was built for and the hardware CCs it supports:
- 7.5 which supports hardware CC >=7.5,<8.0
- 8.0 which supports hardware CC >=8.0,<9.0 except {8.7}
- 8.6 which supports hardware CC >=8.6,<9.0 except {8.7}
- 9.0 which supports hardware CC >=9.0,<10.0
- 10.0 which supports hardware CC >=10.0,<11.0 except {10.1}
- 12.0 which supports hardware CC >=12.0,<13.0
Please follow the instructions at https://pytorch.org/get-started/locally/ to install a PyTorch release that supports one of these CUDA versions: 12.6, 12.8
  _warn_unsupported_code(d, device_cc, code_ccs)
Traceback (most recent call last):
  File "<frozen runpy>", line 198, in _run_module_as_main
  File "<frozen runpy>", line 88, in _run_code
  File "/mnt/aiongpfs/users/dsen/cka-fed-dynamic-sparsity/src/train.py", line 386, in <module>
    main()
  File "/mnt/aiongpfs/users/dsen/cka-fed-dynamic-sparsity/src/train.py", line 376, in main
    history = run_experiment(config, paths)
              ^^^^^^^^^^^^^^^^^^^^^^^^^^^^^
  File "/mnt/aiongpfs/users/dsen/cka-fed-dynamic-sparsity/src/train.py", line 289, in run_experiment
    history = run_cka_feddst(
              ^^^^^^^^^^^^^^^
  File "/mnt/aiongpfs/users/dsen/cka-fed-dynamic-sparsity/src/federated.py", line 485, in run_cka_feddst
    apply_masks(global_model, masks)
  File "/mnt/aiongpfs/users/dsen/cka-fed-dynamic-sparsity/src/sparsity.py", line 73, in apply_masks
    param.mul_(masks[name].to(device=param.device, dtype=param.dtype))
torch.AcceleratorError: CUDA error: no kernel image is available for execution on the device
Search for `cudaErrorNoKernelImageForDevice' in https://docs.nvidia.com/cuda/cuda-runtime-api/group__CUDART__TYPES.html for more information.
CUDA kernel errors might be asynchronously reported at some other API call, so the stacktrace below might be incorrect.
For debugging consider passing CUDA_LAUNCH_BLOCKING=1
Compile with `TORCH_USE_CUDA_DSA` to enable device-side assertions.


FAILED COMMAND: /mnt/aiongpfs/users/dsen/micromamba/envs/cka-cifar/bin/python -m src.train --global-config configs/global_cifar10.yaml --config configs/cka_feddst_mnist.yaml --seed 13 --sparsity 0.95 --cka-strength 1 --log-dir results/logs/cka_strength_sweep/cifar10_cka_strength_20260724_145851/strength_1p0/seed_13 --checkpoint-dir results/checkpoints/cka_strength_sweep/cifar10_cka_strength_20260724_145851/strength_1p0/seed_13 --plot-dir results/plots/cka_strength_sweep/cifar10_cka_strength_20260724_145851
Exit code: 1
/mnt/aiongpfs/users/dsen/micromamba/envs/cka-cifar/lib/python3.11/site-packages/torchvision/datasets/cifar.py:83: VisibleDeprecationWarning: dtype(): align should be passed as Python or NumPy boolean but got `align=0`. Did you mean to pass a tuple to create a subarray type? (Deprecated NumPy 2.4)
  entry = pickle.load(f, encoding="latin1")
/home/users/dsen/.local/lib/python3.11/site-packages/torch/cuda/__init__.py:371: UserWarning: Found GPU0 Tesla V100-SXM2-16GB which is of compute capability (CC) 7.0.
The following list shows the CCs this version of PyTorch was built for and the hardware CCs it supports:
- 7.5 which supports hardware CC >=7.5,<8.0
- 8.0 which supports hardware CC >=8.0,<9.0 except {8.7}
- 8.6 which supports hardware CC >=8.6,<9.0 except {8.7}
- 9.0 which supports hardware CC >=9.0,<10.0
- 10.0 which supports hardware CC >=10.0,<11.0 except {10.1}
- 12.0 which supports hardware CC >=12.0,<13.0
Please follow the instructions at https://pytorch.org/get-started/locally/ to install a PyTorch release that supports one of these CUDA versions: 12.6, 12.8
  _warn_unsupported_code(d, device_cc, code_ccs)
Traceback (most recent call last):
  File "<frozen runpy>", line 198, in _run_module_as_main
  File "<frozen runpy>", line 88, in _run_code
  File "/mnt/aiongpfs/users/dsen/cka-fed-dynamic-sparsity/src/train.py", line 386, in <module>
    main()
  File "/mnt/aiongpfs/users/dsen/cka-fed-dynamic-sparsity/src/train.py", line 376, in main
    history = run_experiment(config, paths)
              ^^^^^^^^^^^^^^^^^^^^^^^^^^^^^
  File "/mnt/aiongpfs/users/dsen/cka-fed-dynamic-sparsity/src/train.py", line 289, in run_experiment
    history = run_cka_feddst(
              ^^^^^^^^^^^^^^^
  File "/mnt/aiongpfs/users/dsen/cka-fed-dynamic-sparsity/src/federated.py", line 485, in run_cka_feddst
    apply_masks(global_model, masks)
  File "/mnt/aiongpfs/users/dsen/cka-fed-dynamic-sparsity/src/sparsity.py", line 73, in apply_masks
    param.mul_(masks[name].to(device=param.device, dtype=param.dtype))
torch.AcceleratorError: CUDA error: no kernel image is available for execution on the device
Search for `cudaErrorNoKernelImageForDevice' in https://docs.nvidia.com/cuda/cuda-runtime-api/group__CUDART__TYPES.html for more information.
CUDA kernel errors might be asynchronously reported at some other API call, so the stacktrace below might be incorrect.
For debugging consider passing CUDA_LAUNCH_BLOCKING=1
Compile with `TORCH_USE_CUDA_DSA` to enable device-side assertions.


FAILED COMMAND: /mnt/aiongpfs/users/dsen/micromamba/envs/cka-cifar/bin/python -m src.train --global-config configs/global_cifar10.yaml --config configs/cka_feddst_mnist.yaml --seed 21 --sparsity 0.5 --cka-strength 1 --log-dir results/logs/cka_strength_sweep/cifar10_cka_strength_20260724_145851/strength_1p0/seed_21 --checkpoint-dir results/checkpoints/cka_strength_sweep/cifar10_cka_strength_20260724_145851/strength_1p0/seed_21 --plot-dir results/plots/cka_strength_sweep/cifar10_cka_strength_20260724_145851
Exit code: 1
/mnt/aiongpfs/users/dsen/micromamba/envs/cka-cifar/lib/python3.11/site-packages/torchvision/datasets/cifar.py:83: VisibleDeprecationWarning: dtype(): align should be passed as Python or NumPy boolean but got `align=0`. Did you mean to pass a tuple to create a subarray type? (Deprecated NumPy 2.4)
  entry = pickle.load(f, encoding="latin1")
/home/users/dsen/.local/lib/python3.11/site-packages/torch/cuda/__init__.py:371: UserWarning: Found GPU0 Tesla V100-SXM2-16GB which is of compute capability (CC) 7.0.
The following list shows the CCs this version of PyTorch was built for and the hardware CCs it supports:
- 7.5 which supports hardware CC >=7.5,<8.0
- 8.0 which supports hardware CC >=8.0,<9.0 except {8.7}
- 8.6 which supports hardware CC >=8.6,<9.0 except {8.7}
- 9.0 which supports hardware CC >=9.0,<10.0
- 10.0 which supports hardware CC >=10.0,<11.0 except {10.1}
- 12.0 which supports hardware CC >=12.0,<13.0
Please follow the instructions at https://pytorch.org/get-started/locally/ to install a PyTorch release that supports one of these CUDA versions: 12.6, 12.8
  _warn_unsupported_code(d, device_cc, code_ccs)
Traceback (most recent call last):
  File "<frozen runpy>", line 198, in _run_module_as_main
  File "<frozen runpy>", line 88, in _run_code
  File "/mnt/aiongpfs/users/dsen/cka-fed-dynamic-sparsity/src/train.py", line 386, in <module>
    main()
  File "/mnt/aiongpfs/users/dsen/cka-fed-dynamic-sparsity/src/train.py", line 376, in main
    history = run_experiment(config, paths)
              ^^^^^^^^^^^^^^^^^^^^^^^^^^^^^
  File "/mnt/aiongpfs/users/dsen/cka-fed-dynamic-sparsity/src/train.py", line 289, in run_experiment
    history = run_cka_feddst(
              ^^^^^^^^^^^^^^^
  File "/mnt/aiongpfs/users/dsen/cka-fed-dynamic-sparsity/src/federated.py", line 485, in run_cka_feddst
    apply_masks(global_model, masks)
  File "/mnt/aiongpfs/users/dsen/cka-fed-dynamic-sparsity/src/sparsity.py", line 73, in apply_masks
    param.mul_(masks[name].to(device=param.device, dtype=param.dtype))
torch.AcceleratorError: CUDA error: no kernel image is available for execution on the device
Search for `cudaErrorNoKernelImageForDevice' in https://docs.nvidia.com/cuda/cuda-runtime-api/group__CUDART__TYPES.html for more information.
CUDA kernel errors might be asynchronously reported at some other API call, so the stacktrace below might be incorrect.
For debugging consider passing CUDA_LAUNCH_BLOCKING=1
Compile with `TORCH_USE_CUDA_DSA` to enable device-side assertions.


FAILED COMMAND: /mnt/aiongpfs/users/dsen/micromamba/envs/cka-cifar/bin/python -m src.train --global-config configs/global_cifar10.yaml --config configs/cka_feddst_mnist.yaml --seed 21 --sparsity 0.7 --cka-strength 1 --log-dir results/logs/cka_strength_sweep/cifar10_cka_strength_20260724_145851/strength_1p0/seed_21 --checkpoint-dir results/checkpoints/cka_strength_sweep/cifar10_cka_strength_20260724_145851/strength_1p0/seed_21 --plot-dir results/plots/cka_strength_sweep/cifar10_cka_strength_20260724_145851
Exit code: 1
/mnt/aiongpfs/users/dsen/micromamba/envs/cka-cifar/lib/python3.11/site-packages/torchvision/datasets/cifar.py:83: VisibleDeprecationWarning: dtype(): align should be passed as Python or NumPy boolean but got `align=0`. Did you mean to pass a tuple to create a subarray type? (Deprecated NumPy 2.4)
  entry = pickle.load(f, encoding="latin1")
/home/users/dsen/.local/lib/python3.11/site-packages/torch/cuda/__init__.py:371: UserWarning: Found GPU0 Tesla V100-SXM2-16GB which is of compute capability (CC) 7.0.
The following list shows the CCs this version of PyTorch was built for and the hardware CCs it supports:
- 7.5 which supports hardware CC >=7.5,<8.0
- 8.0 which supports hardware CC >=8.0,<9.0 except {8.7}
- 8.6 which supports hardware CC >=8.6,<9.0 except {8.7}
- 9.0 which supports hardware CC >=9.0,<10.0
- 10.0 which supports hardware CC >=10.0,<11.0 except {10.1}
- 12.0 which supports hardware CC >=12.0,<13.0
Please follow the instructions at https://pytorch.org/get-started/locally/ to install a PyTorch release that supports one of these CUDA versions: 12.6, 12.8
  _warn_unsupported_code(d, device_cc, code_ccs)
Traceback (most recent call last):
  File "<frozen runpy>", line 198, in _run_module_as_main
  File "<frozen runpy>", line 88, in _run_code
  File "/mnt/aiongpfs/users/dsen/cka-fed-dynamic-sparsity/src/train.py", line 386, in <module>
    main()
  File "/mnt/aiongpfs/users/dsen/cka-fed-dynamic-sparsity/src/train.py", line 376, in main
    history = run_experiment(config, paths)
              ^^^^^^^^^^^^^^^^^^^^^^^^^^^^^
  File "/mnt/aiongpfs/users/dsen/cka-fed-dynamic-sparsity/src/train.py", line 289, in run_experiment
    history = run_cka_feddst(
              ^^^^^^^^^^^^^^^
  File "/mnt/aiongpfs/users/dsen/cka-fed-dynamic-sparsity/src/federated.py", line 485, in run_cka_feddst
    apply_masks(global_model, masks)
  File "/mnt/aiongpfs/users/dsen/cka-fed-dynamic-sparsity/src/sparsity.py", line 73, in apply_masks
    param.mul_(masks[name].to(device=param.device, dtype=param.dtype))
torch.AcceleratorError: CUDA error: no kernel image is available for execution on the device
Search for `cudaErrorNoKernelImageForDevice' in https://docs.nvidia.com/cuda/cuda-runtime-api/group__CUDART__TYPES.html for more information.
CUDA kernel errors might be asynchronously reported at some other API call, so the stacktrace below might be incorrect.
For debugging consider passing CUDA_LAUNCH_BLOCKING=1
Compile with `TORCH_USE_CUDA_DSA` to enable device-side assertions.


FAILED COMMAND: /mnt/aiongpfs/users/dsen/micromamba/envs/cka-cifar/bin/python -m src.train --global-config configs/global_cifar10.yaml --config configs/cka_feddst_mnist.yaml --seed 21 --sparsity 0.8 --cka-strength 1 --log-dir results/logs/cka_strength_sweep/cifar10_cka_strength_20260724_145851/strength_1p0/seed_21 --checkpoint-dir results/checkpoints/cka_strength_sweep/cifar10_cka_strength_20260724_145851/strength_1p0/seed_21 --plot-dir results/plots/cka_strength_sweep/cifar10_cka_strength_20260724_145851
Exit code: 1
/mnt/aiongpfs/users/dsen/micromamba/envs/cka-cifar/lib/python3.11/site-packages/torchvision/datasets/cifar.py:83: VisibleDeprecationWarning: dtype(): align should be passed as Python or NumPy boolean but got `align=0`. Did you mean to pass a tuple to create a subarray type? (Deprecated NumPy 2.4)
  entry = pickle.load(f, encoding="latin1")
/home/users/dsen/.local/lib/python3.11/site-packages/torch/cuda/__init__.py:371: UserWarning: Found GPU0 Tesla V100-SXM2-16GB which is of compute capability (CC) 7.0.
The following list shows the CCs this version of PyTorch was built for and the hardware CCs it supports:
- 7.5 which supports hardware CC >=7.5,<8.0
- 8.0 which supports hardware CC >=8.0,<9.0 except {8.7}
- 8.6 which supports hardware CC >=8.6,<9.0 except {8.7}
- 9.0 which supports hardware CC >=9.0,<10.0
- 10.0 which supports hardware CC >=10.0,<11.0 except {10.1}
- 12.0 which supports hardware CC >=12.0,<13.0
Please follow the instructions at https://pytorch.org/get-started/locally/ to install a PyTorch release that supports one of these CUDA versions: 12.6, 12.8
  _warn_unsupported_code(d, device_cc, code_ccs)
Traceback (most recent call last):
  File "<frozen runpy>", line 198, in _run_module_as_main
  File "<frozen runpy>", line 88, in _run_code
  File "/mnt/aiongpfs/users/dsen/cka-fed-dynamic-sparsity/src/train.py", line 386, in <module>
    main()
  File "/mnt/aiongpfs/users/dsen/cka-fed-dynamic-sparsity/src/train.py", line 376, in main
    history = run_experiment(config, paths)
              ^^^^^^^^^^^^^^^^^^^^^^^^^^^^^
  File "/mnt/aiongpfs/users/dsen/cka-fed-dynamic-sparsity/src/train.py", line 289, in run_experiment
    history = run_cka_feddst(
              ^^^^^^^^^^^^^^^
  File "/mnt/aiongpfs/users/dsen/cka-fed-dynamic-sparsity/src/federated.py", line 485, in run_cka_feddst
    apply_masks(global_model, masks)
  File "/mnt/aiongpfs/users/dsen/cka-fed-dynamic-sparsity/src/sparsity.py", line 73, in apply_masks
    param.mul_(masks[name].to(device=param.device, dtype=param.dtype))
torch.AcceleratorError: CUDA error: no kernel image is available for execution on the device
Search for `cudaErrorNoKernelImageForDevice' in https://docs.nvidia.com/cuda/cuda-runtime-api/group__CUDART__TYPES.html for more information.
CUDA kernel errors might be asynchronously reported at some other API call, so the stacktrace below might be incorrect.
For debugging consider passing CUDA_LAUNCH_BLOCKING=1
Compile with `TORCH_USE_CUDA_DSA` to enable device-side assertions.


FAILED COMMAND: /mnt/aiongpfs/users/dsen/micromamba/envs/cka-cifar/bin/python -m src.train --global-config configs/global_cifar10.yaml --config configs/cka_feddst_mnist.yaml --seed 21 --sparsity 0.9 --cka-strength 1 --log-dir results/logs/cka_strength_sweep/cifar10_cka_strength_20260724_145851/strength_1p0/seed_21 --checkpoint-dir results/checkpoints/cka_strength_sweep/cifar10_cka_strength_20260724_145851/strength_1p0/seed_21 --plot-dir results/plots/cka_strength_sweep/cifar10_cka_strength_20260724_145851
Exit code: 1
/mnt/aiongpfs/users/dsen/micromamba/envs/cka-cifar/lib/python3.11/site-packages/torchvision/datasets/cifar.py:83: VisibleDeprecationWarning: dtype(): align should be passed as Python or NumPy boolean but got `align=0`. Did you mean to pass a tuple to create a subarray type? (Deprecated NumPy 2.4)
  entry = pickle.load(f, encoding="latin1")
/home/users/dsen/.local/lib/python3.11/site-packages/torch/cuda/__init__.py:371: UserWarning: Found GPU0 Tesla V100-SXM2-16GB which is of compute capability (CC) 7.0.
The following list shows the CCs this version of PyTorch was built for and the hardware CCs it supports:
- 7.5 which supports hardware CC >=7.5,<8.0
- 8.0 which supports hardware CC >=8.0,<9.0 except {8.7}
- 8.6 which supports hardware CC >=8.6,<9.0 except {8.7}
- 9.0 which supports hardware CC >=9.0,<10.0
- 10.0 which supports hardware CC >=10.0,<11.0 except {10.1}
- 12.0 which supports hardware CC >=12.0,<13.0
Please follow the instructions at https://pytorch.org/get-started/locally/ to install a PyTorch release that supports one of these CUDA versions: 12.6, 12.8
  _warn_unsupported_code(d, device_cc, code_ccs)
Traceback (most recent call last):
  File "<frozen runpy>", line 198, in _run_module_as_main
  File "<frozen runpy>", line 88, in _run_code
  File "/mnt/aiongpfs/users/dsen/cka-fed-dynamic-sparsity/src/train.py", line 386, in <module>
    main()
  File "/mnt/aiongpfs/users/dsen/cka-fed-dynamic-sparsity/src/train.py", line 376, in main
    history = run_experiment(config, paths)
              ^^^^^^^^^^^^^^^^^^^^^^^^^^^^^
  File "/mnt/aiongpfs/users/dsen/cka-fed-dynamic-sparsity/src/train.py", line 289, in run_experiment
    history = run_cka_feddst(
              ^^^^^^^^^^^^^^^
  File "/mnt/aiongpfs/users/dsen/cka-fed-dynamic-sparsity/src/federated.py", line 485, in run_cka_feddst
    apply_masks(global_model, masks)
  File "/mnt/aiongpfs/users/dsen/cka-fed-dynamic-sparsity/src/sparsity.py", line 73, in apply_masks
    param.mul_(masks[name].to(device=param.device, dtype=param.dtype))
torch.AcceleratorError: CUDA error: no kernel image is available for execution on the device
Search for `cudaErrorNoKernelImageForDevice' in https://docs.nvidia.com/cuda/cuda-runtime-api/group__CUDART__TYPES.html for more information.
CUDA kernel errors might be asynchronously reported at some other API call, so the stacktrace below might be incorrect.
For debugging consider passing CUDA_LAUNCH_BLOCKING=1
Compile with `TORCH_USE_CUDA_DSA` to enable device-side assertions.


FAILED COMMAND: /mnt/aiongpfs/users/dsen/micromamba/envs/cka-cifar/bin/python -m src.train --global-config configs/global_cifar10.yaml --config configs/cka_feddst_mnist.yaml --seed 21 --sparsity 0.95 --cka-strength 1 --log-dir results/logs/cka_strength_sweep/cifar10_cka_strength_20260724_145851/strength_1p0/seed_21 --checkpoint-dir results/checkpoints/cka_strength_sweep/cifar10_cka_strength_20260724_145851/strength_1p0/seed_21 --plot-dir results/plots/cka_strength_sweep/cifar10_cka_strength_20260724_145851
Exit code: 1
/mnt/aiongpfs/users/dsen/micromamba/envs/cka-cifar/lib/python3.11/site-packages/torchvision/datasets/cifar.py:83: VisibleDeprecationWarning: dtype(): align should be passed as Python or NumPy boolean but got `align=0`. Did you mean to pass a tuple to create a subarray type? (Deprecated NumPy 2.4)
  entry = pickle.load(f, encoding="latin1")
/home/users/dsen/.local/lib/python3.11/site-packages/torch/cuda/__init__.py:371: UserWarning: Found GPU0 Tesla V100-SXM2-16GB which is of compute capability (CC) 7.0.
The following list shows the CCs this version of PyTorch was built for and the hardware CCs it supports:
- 7.5 which supports hardware CC >=7.5,<8.0
- 8.0 which supports hardware CC >=8.0,<9.0 except {8.7}
- 8.6 which supports hardware CC >=8.6,<9.0 except {8.7}
- 9.0 which supports hardware CC >=9.0,<10.0
- 10.0 which supports hardware CC >=10.0,<11.0 except {10.1}
- 12.0 which supports hardware CC >=12.0,<13.0
Please follow the instructions at https://pytorch.org/get-started/locally/ to install a PyTorch release that supports one of these CUDA versions: 12.6, 12.8
  _warn_unsupported_code(d, device_cc, code_ccs)
Traceback (most recent call last):
  File "<frozen runpy>", line 198, in _run_module_as_main
  File "<frozen runpy>", line 88, in _run_code
  File "/mnt/aiongpfs/users/dsen/cka-fed-dynamic-sparsity/src/train.py", line 386, in <module>
    main()
  File "/mnt/aiongpfs/users/dsen/cka-fed-dynamic-sparsity/src/train.py", line 376, in main
    history = run_experiment(config, paths)
              ^^^^^^^^^^^^^^^^^^^^^^^^^^^^^
  File "/mnt/aiongpfs/users/dsen/cka-fed-dynamic-sparsity/src/train.py", line 289, in run_experiment
    history = run_cka_feddst(
              ^^^^^^^^^^^^^^^
  File "/mnt/aiongpfs/users/dsen/cka-fed-dynamic-sparsity/src/federated.py", line 485, in run_cka_feddst
    apply_masks(global_model, masks)
  File "/mnt/aiongpfs/users/dsen/cka-fed-dynamic-sparsity/src/sparsity.py", line 73, in apply_masks
    param.mul_(masks[name].to(device=param.device, dtype=param.dtype))
torch.AcceleratorError: CUDA error: no kernel image is available for execution on the device
Search for `cudaErrorNoKernelImageForDevice' in https://docs.nvidia.com/cuda/cuda-runtime-api/group__CUDART__TYPES.html for more information.
CUDA kernel errors might be asynchronously reported at some other API call, so the stacktrace below might be incorrect.
For debugging consider passing CUDA_LAUNCH_BLOCKING=1
Compile with `TORCH_USE_CUDA_DSA` to enable device-side assertions.


FAILED COMMAND: /mnt/aiongpfs/users/dsen/micromamba/envs/cka-cifar/bin/python -m src.train --global-config configs/global_cifar10.yaml --config configs/cka_feddst_mnist.yaml --seed 100 --sparsity 0.5 --cka-strength 1 --log-dir results/logs/cka_strength_sweep/cifar10_cka_strength_20260724_145851/strength_1p0/seed_100 --checkpoint-dir results/checkpoints/cka_strength_sweep/cifar10_cka_strength_20260724_145851/strength_1p0/seed_100 --plot-dir results/plots/cka_strength_sweep/cifar10_cka_strength_20260724_145851
Exit code: 1
/mnt/aiongpfs/users/dsen/micromamba/envs/cka-cifar/lib/python3.11/site-packages/torchvision/datasets/cifar.py:83: VisibleDeprecationWarning: dtype(): align should be passed as Python or NumPy boolean but got `align=0`. Did you mean to pass a tuple to create a subarray type? (Deprecated NumPy 2.4)
  entry = pickle.load(f, encoding="latin1")
/home/users/dsen/.local/lib/python3.11/site-packages/torch/cuda/__init__.py:371: UserWarning: Found GPU0 Tesla V100-SXM2-16GB which is of compute capability (CC) 7.0.
The following list shows the CCs this version of PyTorch was built for and the hardware CCs it supports:
- 7.5 which supports hardware CC >=7.5,<8.0
- 8.0 which supports hardware CC >=8.0,<9.0 except {8.7}
- 8.6 which supports hardware CC >=8.6,<9.0 except {8.7}
- 9.0 which supports hardware CC >=9.0,<10.0
- 10.0 which supports hardware CC >=10.0,<11.0 except {10.1}
- 12.0 which supports hardware CC >=12.0,<13.0
Please follow the instructions at https://pytorch.org/get-started/locally/ to install a PyTorch release that supports one of these CUDA versions: 12.6, 12.8
  _warn_unsupported_code(d, device_cc, code_ccs)
Traceback (most recent call last):
  File "<frozen runpy>", line 198, in _run_module_as_main
  File "<frozen runpy>", line 88, in _run_code
  File "/mnt/aiongpfs/users/dsen/cka-fed-dynamic-sparsity/src/train.py", line 386, in <module>
    main()
  File "/mnt/aiongpfs/users/dsen/cka-fed-dynamic-sparsity/src/train.py", line 376, in main
    history = run_experiment(config, paths)
              ^^^^^^^^^^^^^^^^^^^^^^^^^^^^^
  File "/mnt/aiongpfs/users/dsen/cka-fed-dynamic-sparsity/src/train.py", line 289, in run_experiment
    history = run_cka_feddst(
              ^^^^^^^^^^^^^^^
  File "/mnt/aiongpfs/users/dsen/cka-fed-dynamic-sparsity/src/federated.py", line 485, in run_cka_feddst
    apply_masks(global_model, masks)
  File "/mnt/aiongpfs/users/dsen/cka-fed-dynamic-sparsity/src/sparsity.py", line 73, in apply_masks
    param.mul_(masks[name].to(device=param.device, dtype=param.dtype))
torch.AcceleratorError: CUDA error: no kernel image is available for execution on the device
Search for `cudaErrorNoKernelImageForDevice' in https://docs.nvidia.com/cuda/cuda-runtime-api/group__CUDART__TYPES.html for more information.
CUDA kernel errors might be asynchronously reported at some other API call, so the stacktrace below might be incorrect.
For debugging consider passing CUDA_LAUNCH_BLOCKING=1
Compile with `TORCH_USE_CUDA_DSA` to enable device-side assertions.


FAILED COMMAND: /mnt/aiongpfs/users/dsen/micromamba/envs/cka-cifar/bin/python -m src.train --global-config configs/global_cifar10.yaml --config configs/cka_feddst_mnist.yaml --seed 100 --sparsity 0.7 --cka-strength 1 --log-dir results/logs/cka_strength_sweep/cifar10_cka_strength_20260724_145851/strength_1p0/seed_100 --checkpoint-dir results/checkpoints/cka_strength_sweep/cifar10_cka_strength_20260724_145851/strength_1p0/seed_100 --plot-dir results/plots/cka_strength_sweep/cifar10_cka_strength_20260724_145851
Exit code: 1
/mnt/aiongpfs/users/dsen/micromamba/envs/cka-cifar/lib/python3.11/site-packages/torchvision/datasets/cifar.py:83: VisibleDeprecationWarning: dtype(): align should be passed as Python or NumPy boolean but got `align=0`. Did you mean to pass a tuple to create a subarray type? (Deprecated NumPy 2.4)
  entry = pickle.load(f, encoding="latin1")
/home/users/dsen/.local/lib/python3.11/site-packages/torch/cuda/__init__.py:371: UserWarning: Found GPU0 Tesla V100-SXM2-16GB which is of compute capability (CC) 7.0.
The following list shows the CCs this version of PyTorch was built for and the hardware CCs it supports:
- 7.5 which supports hardware CC >=7.5,<8.0
- 8.0 which supports hardware CC >=8.0,<9.0 except {8.7}
- 8.6 which supports hardware CC >=8.6,<9.0 except {8.7}
- 9.0 which supports hardware CC >=9.0,<10.0
- 10.0 which supports hardware CC >=10.0,<11.0 except {10.1}
- 12.0 which supports hardware CC >=12.0,<13.0
Please follow the instructions at https://pytorch.org/get-started/locally/ to install a PyTorch release that supports one of these CUDA versions: 12.6, 12.8
  _warn_unsupported_code(d, device_cc, code_ccs)
Traceback (most recent call last):
  File "<frozen runpy>", line 198, in _run_module_as_main
  File "<frozen runpy>", line 88, in _run_code
  File "/mnt/aiongpfs/users/dsen/cka-fed-dynamic-sparsity/src/train.py", line 386, in <module>
    main()
  File "/mnt/aiongpfs/users/dsen/cka-fed-dynamic-sparsity/src/train.py", line 376, in main
    history = run_experiment(config, paths)
              ^^^^^^^^^^^^^^^^^^^^^^^^^^^^^
  File "/mnt/aiongpfs/users/dsen/cka-fed-dynamic-sparsity/src/train.py", line 289, in run_experiment
    history = run_cka_feddst(
              ^^^^^^^^^^^^^^^
  File "/mnt/aiongpfs/users/dsen/cka-fed-dynamic-sparsity/src/federated.py", line 485, in run_cka_feddst
    apply_masks(global_model, masks)
  File "/mnt/aiongpfs/users/dsen/cka-fed-dynamic-sparsity/src/sparsity.py", line 73, in apply_masks
    param.mul_(masks[name].to(device=param.device, dtype=param.dtype))
torch.AcceleratorError: CUDA error: no kernel image is available for execution on the device
Search for `cudaErrorNoKernelImageForDevice' in https://docs.nvidia.com/cuda/cuda-runtime-api/group__CUDART__TYPES.html for more information.
CUDA kernel errors might be asynchronously reported at some other API call, so the stacktrace below might be incorrect.
For debugging consider passing CUDA_LAUNCH_BLOCKING=1
Compile with `TORCH_USE_CUDA_DSA` to enable device-side assertions.


FAILED COMMAND: /mnt/aiongpfs/users/dsen/micromamba/envs/cka-cifar/bin/python -m src.train --global-config configs/global_cifar10.yaml --config configs/cka_feddst_mnist.yaml --seed 100 --sparsity 0.8 --cka-strength 1 --log-dir results/logs/cka_strength_sweep/cifar10_cka_strength_20260724_145851/strength_1p0/seed_100 --checkpoint-dir results/checkpoints/cka_strength_sweep/cifar10_cka_strength_20260724_145851/strength_1p0/seed_100 --plot-dir results/plots/cka_strength_sweep/cifar10_cka_strength_20260724_145851
Exit code: 1
/mnt/aiongpfs/users/dsen/micromamba/envs/cka-cifar/lib/python3.11/site-packages/torchvision/datasets/cifar.py:83: VisibleDeprecationWarning: dtype(): align should be passed as Python or NumPy boolean but got `align=0`. Did you mean to pass a tuple to create a subarray type? (Deprecated NumPy 2.4)
  entry = pickle.load(f, encoding="latin1")
/home/users/dsen/.local/lib/python3.11/site-packages/torch/cuda/__init__.py:371: UserWarning: Found GPU0 Tesla V100-SXM2-16GB which is of compute capability (CC) 7.0.
The following list shows the CCs this version of PyTorch was built for and the hardware CCs it supports:
- 7.5 which supports hardware CC >=7.5,<8.0
- 8.0 which supports hardware CC >=8.0,<9.0 except {8.7}
- 8.6 which supports hardware CC >=8.6,<9.0 except {8.7}
- 9.0 which supports hardware CC >=9.0,<10.0
- 10.0 which supports hardware CC >=10.0,<11.0 except {10.1}
- 12.0 which supports hardware CC >=12.0,<13.0
Please follow the instructions at https://pytorch.org/get-started/locally/ to install a PyTorch release that supports one of these CUDA versions: 12.6, 12.8
  _warn_unsupported_code(d, device_cc, code_ccs)
Traceback (most recent call last):
  File "<frozen runpy>", line 198, in _run_module_as_main
  File "<frozen runpy>", line 88, in _run_code
  File "/mnt/aiongpfs/users/dsen/cka-fed-dynamic-sparsity/src/train.py", line 386, in <module>
    main()
  File "/mnt/aiongpfs/users/dsen/cka-fed-dynamic-sparsity/src/train.py", line 376, in main
    history = run_experiment(config, paths)
              ^^^^^^^^^^^^^^^^^^^^^^^^^^^^^
  File "/mnt/aiongpfs/users/dsen/cka-fed-dynamic-sparsity/src/train.py", line 289, in run_experiment
    history = run_cka_feddst(
              ^^^^^^^^^^^^^^^
  File "/mnt/aiongpfs/users/dsen/cka-fed-dynamic-sparsity/src/federated.py", line 485, in run_cka_feddst
    apply_masks(global_model, masks)
  File "/mnt/aiongpfs/users/dsen/cka-fed-dynamic-sparsity/src/sparsity.py", line 73, in apply_masks
    param.mul_(masks[name].to(device=param.device, dtype=param.dtype))
torch.AcceleratorError: CUDA error: no kernel image is available for execution on the device
Search for `cudaErrorNoKernelImageForDevice' in https://docs.nvidia.com/cuda/cuda-runtime-api/group__CUDART__TYPES.html for more information.
CUDA kernel errors might be asynchronously reported at some other API call, so the stacktrace below might be incorrect.
For debugging consider passing CUDA_LAUNCH_BLOCKING=1
Compile with `TORCH_USE_CUDA_DSA` to enable device-side assertions.


FAILED COMMAND: /mnt/aiongpfs/users/dsen/micromamba/envs/cka-cifar/bin/python -m src.train --global-config configs/global_cifar10.yaml --config configs/cka_feddst_mnist.yaml --seed 100 --sparsity 0.9 --cka-strength 1 --log-dir results/logs/cka_strength_sweep/cifar10_cka_strength_20260724_145851/strength_1p0/seed_100 --checkpoint-dir results/checkpoints/cka_strength_sweep/cifar10_cka_strength_20260724_145851/strength_1p0/seed_100 --plot-dir results/plots/cka_strength_sweep/cifar10_cka_strength_20260724_145851
Exit code: 1
/mnt/aiongpfs/users/dsen/micromamba/envs/cka-cifar/lib/python3.11/site-packages/torchvision/datasets/cifar.py:83: VisibleDeprecationWarning: dtype(): align should be passed as Python or NumPy boolean but got `align=0`. Did you mean to pass a tuple to create a subarray type? (Deprecated NumPy 2.4)
  entry = pickle.load(f, encoding="latin1")
/home/users/dsen/.local/lib/python3.11/site-packages/torch/cuda/__init__.py:371: UserWarning: Found GPU0 Tesla V100-SXM2-16GB which is of compute capability (CC) 7.0.
The following list shows the CCs this version of PyTorch was built for and the hardware CCs it supports:
- 7.5 which supports hardware CC >=7.5,<8.0
- 8.0 which supports hardware CC >=8.0,<9.0 except {8.7}
- 8.6 which supports hardware CC >=8.6,<9.0 except {8.7}
- 9.0 which supports hardware CC >=9.0,<10.0
- 10.0 which supports hardware CC >=10.0,<11.0 except {10.1}
- 12.0 which supports hardware CC >=12.0,<13.0
Please follow the instructions at https://pytorch.org/get-started/locally/ to install a PyTorch release that supports one of these CUDA versions: 12.6, 12.8
  _warn_unsupported_code(d, device_cc, code_ccs)
Traceback (most recent call last):
  File "<frozen runpy>", line 198, in _run_module_as_main
  File "<frozen runpy>", line 88, in _run_code
  File "/mnt/aiongpfs/users/dsen/cka-fed-dynamic-sparsity/src/train.py", line 386, in <module>
    main()
  File "/mnt/aiongpfs/users/dsen/cka-fed-dynamic-sparsity/src/train.py", line 376, in main
    history = run_experiment(config, paths)
              ^^^^^^^^^^^^^^^^^^^^^^^^^^^^^
  File "/mnt/aiongpfs/users/dsen/cka-fed-dynamic-sparsity/src/train.py", line 289, in run_experiment
    history = run_cka_feddst(
              ^^^^^^^^^^^^^^^
  File "/mnt/aiongpfs/users/dsen/cka-fed-dynamic-sparsity/src/federated.py", line 485, in run_cka_feddst
    apply_masks(global_model, masks)
  File "/mnt/aiongpfs/users/dsen/cka-fed-dynamic-sparsity/src/sparsity.py", line 73, in apply_masks
    param.mul_(masks[name].to(device=param.device, dtype=param.dtype))
torch.AcceleratorError: CUDA error: no kernel image is available for execution on the device
Search for `cudaErrorNoKernelImageForDevice' in https://docs.nvidia.com/cuda/cuda-runtime-api/group__CUDART__TYPES.html for more information.
CUDA kernel errors might be asynchronously reported at some other API call, so the stacktrace below might be incorrect.
For debugging consider passing CUDA_LAUNCH_BLOCKING=1
Compile with `TORCH_USE_CUDA_DSA` to enable device-side assertions.


FAILED COMMAND: /mnt/aiongpfs/users/dsen/micromamba/envs/cka-cifar/bin/python -m src.train --global-config configs/global_cifar10.yaml --config configs/cka_feddst_mnist.yaml --seed 100 --sparsity 0.95 --cka-strength 1 --log-dir results/logs/cka_strength_sweep/cifar10_cka_strength_20260724_145851/strength_1p0/seed_100 --checkpoint-dir results/checkpoints/cka_strength_sweep/cifar10_cka_strength_20260724_145851/strength_1p0/seed_100 --plot-dir results/plots/cka_strength_sweep/cifar10_cka_strength_20260724_145851
Exit code: 1

Some runs failed:
- suite=cka_strength method=cka_feddst seed=42 sparsity=0.5 exit_code=1: /mnt/aiongpfs/users/dsen/micromamba/envs/cka-cifar/bin/python -m src.train --global-config configs/global_cifar10.yaml --config configs/cka_feddst_mnist.yaml --seed 42 --sparsity 0.5 --cka-strength 0.2 --log-dir results/logs/cka_strength_sweep/cifar10_cka_strength_20260724_145851/strength_0p2/seed_42 --checkpoint-dir results/checkpoints/cka_strength_sweep/cifar10_cka_strength_20260724_145851/strength_0p2/seed_42 --plot-dir results/plots/cka_strength_sweep/cifar10_cka_strength_20260724_145851
- suite=cka_strength method=cka_feddst seed=42 sparsity=0.7 exit_code=1: /mnt/aiongpfs/users/dsen/micromamba/envs/cka-cifar/bin/python -m src.train --global-config configs/global_cifar10.yaml --config configs/cka_feddst_mnist.yaml --seed 42 --sparsity 0.7 --cka-strength 0.2 --log-dir results/logs/cka_strength_sweep/cifar10_cka_strength_20260724_145851/strength_0p2/seed_42 --checkpoint-dir results/checkpoints/cka_strength_sweep/cifar10_cka_strength_20260724_145851/strength_0p2/seed_42 --plot-dir results/plots/cka_strength_sweep/cifar10_cka_strength_20260724_145851
- suite=cka_strength method=cka_feddst seed=42 sparsity=0.8 exit_code=1: /mnt/aiongpfs/users/dsen/micromamba/envs/cka-cifar/bin/python -m src.train --global-config configs/global_cifar10.yaml --config configs/cka_feddst_mnist.yaml --seed 42 --sparsity 0.8 --cka-strength 0.2 --log-dir results/logs/cka_strength_sweep/cifar10_cka_strength_20260724_145851/strength_0p2/seed_42 --checkpoint-dir results/checkpoints/cka_strength_sweep/cifar10_cka_strength_20260724_145851/strength_0p2/seed_42 --plot-dir results/plots/cka_strength_sweep/cifar10_cka_strength_20260724_145851
- suite=cka_strength method=cka_feddst seed=42 sparsity=0.9 exit_code=1: /mnt/aiongpfs/users/dsen/micromamba/envs/cka-cifar/bin/python -m src.train --global-config configs/global_cifar10.yaml --config configs/cka_feddst_mnist.yaml --seed 42 --sparsity 0.9 --cka-strength 0.2 --log-dir results/logs/cka_strength_sweep/cifar10_cka_strength_20260724_145851/strength_0p2/seed_42 --checkpoint-dir results/checkpoints/cka_strength_sweep/cifar10_cka_strength_20260724_145851/strength_0p2/seed_42 --plot-dir results/plots/cka_strength_sweep/cifar10_cka_strength_20260724_145851
- suite=cka_strength method=cka_feddst seed=42 sparsity=0.95 exit_code=1: /mnt/aiongpfs/users/dsen/micromamba/envs/cka-cifar/bin/python -m src.train --global-config configs/global_cifar10.yaml --config configs/cka_feddst_mnist.yaml --seed 42 --sparsity 0.95 --cka-strength 0.2 --log-dir results/logs/cka_strength_sweep/cifar10_cka_strength_20260724_145851/strength_0p2/seed_42 --checkpoint-dir results/checkpoints/cka_strength_sweep/cifar10_cka_strength_20260724_145851/strength_0p2/seed_42 --plot-dir results/plots/cka_strength_sweep/cifar10_cka_strength_20260724_145851
- suite=cka_strength method=cka_feddst seed=7 sparsity=0.5 exit_code=1: /mnt/aiongpfs/users/dsen/micromamba/envs/cka-cifar/bin/python -m src.train --global-config configs/global_cifar10.yaml --config configs/cka_feddst_mnist.yaml --seed 7 --sparsity 0.5 --cka-strength 0.2 --log-dir results/logs/cka_strength_sweep/cifar10_cka_strength_20260724_145851/strength_0p2/seed_7 --checkpoint-dir results/checkpoints/cka_strength_sweep/cifar10_cka_strength_20260724_145851/strength_0p2/seed_7 --plot-dir results/plots/cka_strength_sweep/cifar10_cka_strength_20260724_145851
- suite=cka_strength method=cka_feddst seed=7 sparsity=0.7 exit_code=1: /mnt/aiongpfs/users/dsen/micromamba/envs/cka-cifar/bin/python -m src.train --global-config configs/global_cifar10.yaml --config configs/cka_feddst_mnist.yaml --seed 7 --sparsity 0.7 --cka-strength 0.2 --log-dir results/logs/cka_strength_sweep/cifar10_cka_strength_20260724_145851/strength_0p2/seed_7 --checkpoint-dir results/checkpoints/cka_strength_sweep/cifar10_cka_strength_20260724_145851/strength_0p2/seed_7 --plot-dir results/plots/cka_strength_sweep/cifar10_cka_strength_20260724_145851
- suite=cka_strength method=cka_feddst seed=7 sparsity=0.8 exit_code=1: /mnt/aiongpfs/users/dsen/micromamba/envs/cka-cifar/bin/python -m src.train --global-config configs/global_cifar10.yaml --config configs/cka_feddst_mnist.yaml --seed 7 --sparsity 0.8 --cka-strength 0.2 --log-dir results/logs/cka_strength_sweep/cifar10_cka_strength_20260724_145851/strength_0p2/seed_7 --checkpoint-dir results/checkpoints/cka_strength_sweep/cifar10_cka_strength_20260724_145851/strength_0p2/seed_7 --plot-dir results/plots/cka_strength_sweep/cifar10_cka_strength_20260724_145851
- suite=cka_strength method=cka_feddst seed=7 sparsity=0.9 exit_code=1: /mnt/aiongpfs/users/dsen/micromamba/envs/cka-cifar/bin/python -m src.train --global-config configs/global_cifar10.yaml --config configs/cka_feddst_mnist.yaml --seed 7 --sparsity 0.9 --cka-strength 0.2 --log-dir results/logs/cka_strength_sweep/cifar10_cka_strength_20260724_145851/strength_0p2/seed_7 --checkpoint-dir results/checkpoints/cka_strength_sweep/cifar10_cka_strength_20260724_145851/strength_0p2/seed_7 --plot-dir results/plots/cka_strength_sweep/cifar10_cka_strength_20260724_145851
- suite=cka_strength method=cka_feddst seed=7 sparsity=0.95 exit_code=1: /mnt/aiongpfs/users/dsen/micromamba/envs/cka-cifar/bin/python -m src.train --global-config configs/global_cifar10.yaml --config configs/cka_feddst_mnist.yaml --seed 7 --sparsity 0.95 --cka-strength 0.2 --log-dir results/logs/cka_strength_sweep/cifar10_cka_strength_20260724_145851/strength_0p2/seed_7 --checkpoint-dir results/checkpoints/cka_strength_sweep/cifar10_cka_strength_20260724_145851/strength_0p2/seed_7 --plot-dir results/plots/cka_strength_sweep/cifar10_cka_strength_20260724_145851
- suite=cka_strength method=cka_feddst seed=13 sparsity=0.5 exit_code=1: /mnt/aiongpfs/users/dsen/micromamba/envs/cka-cifar/bin/python -m src.train --global-config configs/global_cifar10.yaml --config configs/cka_feddst_mnist.yaml --seed 13 --sparsity 0.5 --cka-strength 0.2 --log-dir results/logs/cka_strength_sweep/cifar10_cka_strength_20260724_145851/strength_0p2/seed_13 --checkpoint-dir results/checkpoints/cka_strength_sweep/cifar10_cka_strength_20260724_145851/strength_0p2/seed_13 --plot-dir results/plots/cka_strength_sweep/cifar10_cka_strength_20260724_145851
- suite=cka_strength method=cka_feddst seed=13 sparsity=0.7 exit_code=1: /mnt/aiongpfs/users/dsen/micromamba/envs/cka-cifar/bin/python -m src.train --global-config configs/global_cifar10.yaml --config configs/cka_feddst_mnist.yaml --seed 13 --sparsity 0.7 --cka-strength 0.2 --log-dir results/logs/cka_strength_sweep/cifar10_cka_strength_20260724_145851/strength_0p2/seed_13 --checkpoint-dir results/checkpoints/cka_strength_sweep/cifar10_cka_strength_20260724_145851/strength_0p2/seed_13 --plot-dir results/plots/cka_strength_sweep/cifar10_cka_strength_20260724_145851
- suite=cka_strength method=cka_feddst seed=13 sparsity=0.8 exit_code=1: /mnt/aiongpfs/users/dsen/micromamba/envs/cka-cifar/bin/python -m src.train --global-config configs/global_cifar10.yaml --config configs/cka_feddst_mnist.yaml --seed 13 --sparsity 0.8 --cka-strength 0.2 --log-dir results/logs/cka_strength_sweep/cifar10_cka_strength_20260724_145851/strength_0p2/seed_13 --checkpoint-dir results/checkpoints/cka_strength_sweep/cifar10_cka_strength_20260724_145851/strength_0p2/seed_13 --plot-dir results/plots/cka_strength_sweep/cifar10_cka_strength_20260724_145851
- suite=cka_strength method=cka_feddst seed=13 sparsity=0.9 exit_code=1: /mnt/aiongpfs/users/dsen/micromamba/envs/cka-cifar/bin/python -m src.train --global-config configs/global_cifar10.yaml --config configs/cka_feddst_mnist.yaml --seed 13 --sparsity 0.9 --cka-strength 0.2 --log-dir results/logs/cka_strength_sweep/cifar10_cka_strength_20260724_145851/strength_0p2/seed_13 --checkpoint-dir results/checkpoints/cka_strength_sweep/cifar10_cka_strength_20260724_145851/strength_0p2/seed_13 --plot-dir results/plots/cka_strength_sweep/cifar10_cka_strength_20260724_145851
- suite=cka_strength method=cka_feddst seed=13 sparsity=0.95 exit_code=1: /mnt/aiongpfs/users/dsen/micromamba/envs/cka-cifar/bin/python -m src.train --global-config configs/global_cifar10.yaml --config configs/cka_feddst_mnist.yaml --seed 13 --sparsity 0.95 --cka-strength 0.2 --log-dir results/logs/cka_strength_sweep/cifar10_cka_strength_20260724_145851/strength_0p2/seed_13 --checkpoint-dir results/checkpoints/cka_strength_sweep/cifar10_cka_strength_20260724_145851/strength_0p2/seed_13 --plot-dir results/plots/cka_strength_sweep/cifar10_cka_strength_20260724_145851
- suite=cka_strength method=cka_feddst seed=21 sparsity=0.5 exit_code=1: /mnt/aiongpfs/users/dsen/micromamba/envs/cka-cifar/bin/python -m src.train --global-config configs/global_cifar10.yaml --config configs/cka_feddst_mnist.yaml --seed 21 --sparsity 0.5 --cka-strength 0.2 --log-dir results/logs/cka_strength_sweep/cifar10_cka_strength_20260724_145851/strength_0p2/seed_21 --checkpoint-dir results/checkpoints/cka_strength_sweep/cifar10_cka_strength_20260724_145851/strength_0p2/seed_21 --plot-dir results/plots/cka_strength_sweep/cifar10_cka_strength_20260724_145851
- suite=cka_strength method=cka_feddst seed=21 sparsity=0.7 exit_code=1: /mnt/aiongpfs/users/dsen/micromamba/envs/cka-cifar/bin/python -m src.train --global-config configs/global_cifar10.yaml --config configs/cka_feddst_mnist.yaml --seed 21 --sparsity 0.7 --cka-strength 0.2 --log-dir results/logs/cka_strength_sweep/cifar10_cka_strength_20260724_145851/strength_0p2/seed_21 --checkpoint-dir results/checkpoints/cka_strength_sweep/cifar10_cka_strength_20260724_145851/strength_0p2/seed_21 --plot-dir results/plots/cka_strength_sweep/cifar10_cka_strength_20260724_145851
- suite=cka_strength method=cka_feddst seed=21 sparsity=0.8 exit_code=1: /mnt/aiongpfs/users/dsen/micromamba/envs/cka-cifar/bin/python -m src.train --global-config configs/global_cifar10.yaml --config configs/cka_feddst_mnist.yaml --seed 21 --sparsity 0.8 --cka-strength 0.2 --log-dir results/logs/cka_strength_sweep/cifar10_cka_strength_20260724_145851/strength_0p2/seed_21 --checkpoint-dir results/checkpoints/cka_strength_sweep/cifar10_cka_strength_20260724_145851/strength_0p2/seed_21 --plot-dir results/plots/cka_strength_sweep/cifar10_cka_strength_20260724_145851
- suite=cka_strength method=cka_feddst seed=21 sparsity=0.9 exit_code=1: /mnt/aiongpfs/users/dsen/micromamba/envs/cka-cifar/bin/python -m src.train --global-config configs/global_cifar10.yaml --config configs/cka_feddst_mnist.yaml --seed 21 --sparsity 0.9 --cka-strength 0.2 --log-dir results/logs/cka_strength_sweep/cifar10_cka_strength_20260724_145851/strength_0p2/seed_21 --checkpoint-dir results/checkpoints/cka_strength_sweep/cifar10_cka_strength_20260724_145851/strength_0p2/seed_21 --plot-dir results/plots/cka_strength_sweep/cifar10_cka_strength_20260724_145851
- suite=cka_strength method=cka_feddst seed=21 sparsity=0.95 exit_code=1: /mnt/aiongpfs/users/dsen/micromamba/envs/cka-cifar/bin/python -m src.train --global-config configs/global_cifar10.yaml --config configs/cka_feddst_mnist.yaml --seed 21 --sparsity 0.95 --cka-strength 0.2 --log-dir results/logs/cka_strength_sweep/cifar10_cka_strength_20260724_145851/strength_0p2/seed_21 --checkpoint-dir results/checkpoints/cka_strength_sweep/cifar10_cka_strength_20260724_145851/strength_0p2/seed_21 --plot-dir results/plots/cka_strength_sweep/cifar10_cka_strength_20260724_145851
- suite=cka_strength method=cka_feddst seed=100 sparsity=0.5 exit_code=1: /mnt/aiongpfs/users/dsen/micromamba/envs/cka-cifar/bin/python -m src.train --global-config configs/global_cifar10.yaml --config configs/cka_feddst_mnist.yaml --seed 100 --sparsity 0.5 --cka-strength 0.2 --log-dir results/logs/cka_strength_sweep/cifar10_cka_strength_20260724_145851/strength_0p2/seed_100 --checkpoint-dir results/checkpoints/cka_strength_sweep/cifar10_cka_strength_20260724_145851/strength_0p2/seed_100 --plot-dir results/plots/cka_strength_sweep/cifar10_cka_strength_20260724_145851
- suite=cka_strength method=cka_feddst seed=100 sparsity=0.7 exit_code=1: /mnt/aiongpfs/users/dsen/micromamba/envs/cka-cifar/bin/python -m src.train --global-config configs/global_cifar10.yaml --config configs/cka_feddst_mnist.yaml --seed 100 --sparsity 0.7 --cka-strength 0.2 --log-dir results/logs/cka_strength_sweep/cifar10_cka_strength_20260724_145851/strength_0p2/seed_100 --checkpoint-dir results/checkpoints/cka_strength_sweep/cifar10_cka_strength_20260724_145851/strength_0p2/seed_100 --plot-dir results/plots/cka_strength_sweep/cifar10_cka_strength_20260724_145851
- suite=cka_strength method=cka_feddst seed=100 sparsity=0.8 exit_code=1: /mnt/aiongpfs/users/dsen/micromamba/envs/cka-cifar/bin/python -m src.train --global-config configs/global_cifar10.yaml --config configs/cka_feddst_mnist.yaml --seed 100 --sparsity 0.8 --cka-strength 0.2 --log-dir results/logs/cka_strength_sweep/cifar10_cka_strength_20260724_145851/strength_0p2/seed_100 --checkpoint-dir results/checkpoints/cka_strength_sweep/cifar10_cka_strength_20260724_145851/strength_0p2/seed_100 --plot-dir results/plots/cka_strength_sweep/cifar10_cka_strength_20260724_145851
- suite=cka_strength method=cka_feddst seed=100 sparsity=0.9 exit_code=1: /mnt/aiongpfs/users/dsen/micromamba/envs/cka-cifar/bin/python -m src.train --global-config configs/global_cifar10.yaml --config configs/cka_feddst_mnist.yaml --seed 100 --sparsity 0.9 --cka-strength 0.2 --log-dir results/logs/cka_strength_sweep/cifar10_cka_strength_20260724_145851/strength_0p2/seed_100 --checkpoint-dir results/checkpoints/cka_strength_sweep/cifar10_cka_strength_20260724_145851/strength_0p2/seed_100 --plot-dir results/plots/cka_strength_sweep/cifar10_cka_strength_20260724_145851
- suite=cka_strength method=cka_feddst seed=100 sparsity=0.95 exit_code=1: /mnt/aiongpfs/users/dsen/micromamba/envs/cka-cifar/bin/python -m src.train --global-config configs/global_cifar10.yaml --config configs/cka_feddst_mnist.yaml --seed 100 --sparsity 0.95 --cka-strength 0.2 --log-dir results/logs/cka_strength_sweep/cifar10_cka_strength_20260724_145851/strength_0p2/seed_100 --checkpoint-dir results/checkpoints/cka_strength_sweep/cifar10_cka_strength_20260724_145851/strength_0p2/seed_100 --plot-dir results/plots/cka_strength_sweep/cifar10_cka_strength_20260724_145851
- suite=cka_strength method=cka_feddst seed=42 sparsity=0.5 exit_code=1: /mnt/aiongpfs/users/dsen/micromamba/envs/cka-cifar/bin/python -m src.train --global-config configs/global_cifar10.yaml --config configs/cka_feddst_mnist.yaml --seed 42 --sparsity 0.5 --cka-strength 0.5 --log-dir results/logs/cka_strength_sweep/cifar10_cka_strength_20260724_145851/strength_0p5/seed_42 --checkpoint-dir results/checkpoints/cka_strength_sweep/cifar10_cka_strength_20260724_145851/strength_0p5/seed_42 --plot-dir results/plots/cka_strength_sweep/cifar10_cka_strength_20260724_145851
- suite=cka_strength method=cka_feddst seed=42 sparsity=0.7 exit_code=1: /mnt/aiongpfs/users/dsen/micromamba/envs/cka-cifar/bin/python -m src.train --global-config configs/global_cifar10.yaml --config configs/cka_feddst_mnist.yaml --seed 42 --sparsity 0.7 --cka-strength 0.5 --log-dir results/logs/cka_strength_sweep/cifar10_cka_strength_20260724_145851/strength_0p5/seed_42 --checkpoint-dir results/checkpoints/cka_strength_sweep/cifar10_cka_strength_20260724_145851/strength_0p5/seed_42 --plot-dir results/plots/cka_strength_sweep/cifar10_cka_strength_20260724_145851
- suite=cka_strength method=cka_feddst seed=42 sparsity=0.8 exit_code=1: /mnt/aiongpfs/users/dsen/micromamba/envs/cka-cifar/bin/python -m src.train --global-config configs/global_cifar10.yaml --config configs/cka_feddst_mnist.yaml --seed 42 --sparsity 0.8 --cka-strength 0.5 --log-dir results/logs/cka_strength_sweep/cifar10_cka_strength_20260724_145851/strength_0p5/seed_42 --checkpoint-dir results/checkpoints/cka_strength_sweep/cifar10_cka_strength_20260724_145851/strength_0p5/seed_42 --plot-dir results/plots/cka_strength_sweep/cifar10_cka_strength_20260724_145851
- suite=cka_strength method=cka_feddst seed=42 sparsity=0.9 exit_code=1: /mnt/aiongpfs/users/dsen/micromamba/envs/cka-cifar/bin/python -m src.train --global-config configs/global_cifar10.yaml --config configs/cka_feddst_mnist.yaml --seed 42 --sparsity 0.9 --cka-strength 0.5 --log-dir results/logs/cka_strength_sweep/cifar10_cka_strength_20260724_145851/strength_0p5/seed_42 --checkpoint-dir results/checkpoints/cka_strength_sweep/cifar10_cka_strength_20260724_145851/strength_0p5/seed_42 --plot-dir results/plots/cka_strength_sweep/cifar10_cka_strength_20260724_145851
- suite=cka_strength method=cka_feddst seed=42 sparsity=0.95 exit_code=1: /mnt/aiongpfs/users/dsen/micromamba/envs/cka-cifar/bin/python -m src.train --global-config configs/global_cifar10.yaml --config configs/cka_feddst_mnist.yaml --seed 42 --sparsity 0.95 --cka-strength 0.5 --log-dir results/logs/cka_strength_sweep/cifar10_cka_strength_20260724_145851/strength_0p5/seed_42 --checkpoint-dir results/checkpoints/cka_strength_sweep/cifar10_cka_strength_20260724_145851/strength_0p5/seed_42 --plot-dir results/plots/cka_strength_sweep/cifar10_cka_strength_20260724_145851
- suite=cka_strength method=cka_feddst seed=7 sparsity=0.5 exit_code=1: /mnt/aiongpfs/users/dsen/micromamba/envs/cka-cifar/bin/python -m src.train --global-config configs/global_cifar10.yaml --config configs/cka_feddst_mnist.yaml --seed 7 --sparsity 0.5 --cka-strength 0.5 --log-dir results/logs/cka_strength_sweep/cifar10_cka_strength_20260724_145851/strength_0p5/seed_7 --checkpoint-dir results/checkpoints/cka_strength_sweep/cifar10_cka_strength_20260724_145851/strength_0p5/seed_7 --plot-dir results/plots/cka_strength_sweep/cifar10_cka_strength_20260724_145851
- suite=cka_strength method=cka_feddst seed=7 sparsity=0.7 exit_code=1: /mnt/aiongpfs/users/dsen/micromamba/envs/cka-cifar/bin/python -m src.train --global-config configs/global_cifar10.yaml --config configs/cka_feddst_mnist.yaml --seed 7 --sparsity 0.7 --cka-strength 0.5 --log-dir results/logs/cka_strength_sweep/cifar10_cka_strength_20260724_145851/strength_0p5/seed_7 --checkpoint-dir results/checkpoints/cka_strength_sweep/cifar10_cka_strength_20260724_145851/strength_0p5/seed_7 --plot-dir results/plots/cka_strength_sweep/cifar10_cka_strength_20260724_145851
- suite=cka_strength method=cka_feddst seed=7 sparsity=0.8 exit_code=1: /mnt/aiongpfs/users/dsen/micromamba/envs/cka-cifar/bin/python -m src.train --global-config configs/global_cifar10.yaml --config configs/cka_feddst_mnist.yaml --seed 7 --sparsity 0.8 --cka-strength 0.5 --log-dir results/logs/cka_strength_sweep/cifar10_cka_strength_20260724_145851/strength_0p5/seed_7 --checkpoint-dir results/checkpoints/cka_strength_sweep/cifar10_cka_strength_20260724_145851/strength_0p5/seed_7 --plot-dir results/plots/cka_strength_sweep/cifar10_cka_strength_20260724_145851
- suite=cka_strength method=cka_feddst seed=7 sparsity=0.9 exit_code=1: /mnt/aiongpfs/users/dsen/micromamba/envs/cka-cifar/bin/python -m src.train --global-config configs/global_cifar10.yaml --config configs/cka_feddst_mnist.yaml --seed 7 --sparsity 0.9 --cka-strength 0.5 --log-dir results/logs/cka_strength_sweep/cifar10_cka_strength_20260724_145851/strength_0p5/seed_7 --checkpoint-dir results/checkpoints/cka_strength_sweep/cifar10_cka_strength_20260724_145851/strength_0p5/seed_7 --plot-dir results/plots/cka_strength_sweep/cifar10_cka_strength_20260724_145851
- suite=cka_strength method=cka_feddst seed=7 sparsity=0.95 exit_code=1: /mnt/aiongpfs/users/dsen/micromamba/envs/cka-cifar/bin/python -m src.train --global-config configs/global_cifar10.yaml --config configs/cka_feddst_mnist.yaml --seed 7 --sparsity 0.95 --cka-strength 0.5 --log-dir results/logs/cka_strength_sweep/cifar10_cka_strength_20260724_145851/strength_0p5/seed_7 --checkpoint-dir results/checkpoints/cka_strength_sweep/cifar10_cka_strength_20260724_145851/strength_0p5/seed_7 --plot-dir results/plots/cka_strength_sweep/cifar10_cka_strength_20260724_145851
- suite=cka_strength method=cka_feddst seed=13 sparsity=0.5 exit_code=1: /mnt/aiongpfs/users/dsen/micromamba/envs/cka-cifar/bin/python -m src.train --global-config configs/global_cifar10.yaml --config configs/cka_feddst_mnist.yaml --seed 13 --sparsity 0.5 --cka-strength 0.5 --log-dir results/logs/cka_strength_sweep/cifar10_cka_strength_20260724_145851/strength_0p5/seed_13 --checkpoint-dir results/checkpoints/cka_strength_sweep/cifar10_cka_strength_20260724_145851/strength_0p5/seed_13 --plot-dir results/plots/cka_strength_sweep/cifar10_cka_strength_20260724_145851
- suite=cka_strength method=cka_feddst seed=13 sparsity=0.7 exit_code=1: /mnt/aiongpfs/users/dsen/micromamba/envs/cka-cifar/bin/python -m src.train --global-config configs/global_cifar10.yaml --config configs/cka_feddst_mnist.yaml --seed 13 --sparsity 0.7 --cka-strength 0.5 --log-dir results/logs/cka_strength_sweep/cifar10_cka_strength_20260724_145851/strength_0p5/seed_13 --checkpoint-dir results/checkpoints/cka_strength_sweep/cifar10_cka_strength_20260724_145851/strength_0p5/seed_13 --plot-dir results/plots/cka_strength_sweep/cifar10_cka_strength_20260724_145851
- suite=cka_strength method=cka_feddst seed=13 sparsity=0.8 exit_code=1: /mnt/aiongpfs/users/dsen/micromamba/envs/cka-cifar/bin/python -m src.train --global-config configs/global_cifar10.yaml --config configs/cka_feddst_mnist.yaml --seed 13 --sparsity 0.8 --cka-strength 0.5 --log-dir results/logs/cka_strength_sweep/cifar10_cka_strength_20260724_145851/strength_0p5/seed_13 --checkpoint-dir results/checkpoints/cka_strength_sweep/cifar10_cka_strength_20260724_145851/strength_0p5/seed_13 --plot-dir results/plots/cka_strength_sweep/cifar10_cka_strength_20260724_145851
- suite=cka_strength method=cka_feddst seed=13 sparsity=0.9 exit_code=1: /mnt/aiongpfs/users/dsen/micromamba/envs/cka-cifar/bin/python -m src.train --global-config configs/global_cifar10.yaml --config configs/cka_feddst_mnist.yaml --seed 13 --sparsity 0.9 --cka-strength 0.5 --log-dir results/logs/cka_strength_sweep/cifar10_cka_strength_20260724_145851/strength_0p5/seed_13 --checkpoint-dir results/checkpoints/cka_strength_sweep/cifar10_cka_strength_20260724_145851/strength_0p5/seed_13 --plot-dir results/plots/cka_strength_sweep/cifar10_cka_strength_20260724_145851
- suite=cka_strength method=cka_feddst seed=13 sparsity=0.95 exit_code=1: /mnt/aiongpfs/users/dsen/micromamba/envs/cka-cifar/bin/python -m src.train --global-config configs/global_cifar10.yaml --config configs/cka_feddst_mnist.yaml --seed 13 --sparsity 0.95 --cka-strength 0.5 --log-dir results/logs/cka_strength_sweep/cifar10_cka_strength_20260724_145851/strength_0p5/seed_13 --checkpoint-dir results/checkpoints/cka_strength_sweep/cifar10_cka_strength_20260724_145851/strength_0p5/seed_13 --plot-dir results/plots/cka_strength_sweep/cifar10_cka_strength_20260724_145851
- suite=cka_strength method=cka_feddst seed=21 sparsity=0.5 exit_code=1: /mnt/aiongpfs/users/dsen/micromamba/envs/cka-cifar/bin/python -m src.train --global-config configs/global_cifar10.yaml --config configs/cka_feddst_mnist.yaml --seed 21 --sparsity 0.5 --cka-strength 0.5 --log-dir results/logs/cka_strength_sweep/cifar10_cka_strength_20260724_145851/strength_0p5/seed_21 --checkpoint-dir results/checkpoints/cka_strength_sweep/cifar10_cka_strength_20260724_145851/strength_0p5/seed_21 --plot-dir results/plots/cka_strength_sweep/cifar10_cka_strength_20260724_145851
- suite=cka_strength method=cka_feddst seed=21 sparsity=0.7 exit_code=1: /mnt/aiongpfs/users/dsen/micromamba/envs/cka-cifar/bin/python -m src.train --global-config configs/global_cifar10.yaml --config configs/cka_feddst_mnist.yaml --seed 21 --sparsity 0.7 --cka-strength 0.5 --log-dir results/logs/cka_strength_sweep/cifar10_cka_strength_20260724_145851/strength_0p5/seed_21 --checkpoint-dir results/checkpoints/cka_strength_sweep/cifar10_cka_strength_20260724_145851/strength_0p5/seed_21 --plot-dir results/plots/cka_strength_sweep/cifar10_cka_strength_20260724_145851
- suite=cka_strength method=cka_feddst seed=21 sparsity=0.8 exit_code=1: /mnt/aiongpfs/users/dsen/micromamba/envs/cka-cifar/bin/python -m src.train --global-config configs/global_cifar10.yaml --config configs/cka_feddst_mnist.yaml --seed 21 --sparsity 0.8 --cka-strength 0.5 --log-dir results/logs/cka_strength_sweep/cifar10_cka_strength_20260724_145851/strength_0p5/seed_21 --checkpoint-dir results/checkpoints/cka_strength_sweep/cifar10_cka_strength_20260724_145851/strength_0p5/seed_21 --plot-dir results/plots/cka_strength_sweep/cifar10_cka_strength_20260724_145851
- suite=cka_strength method=cka_feddst seed=21 sparsity=0.9 exit_code=1: /mnt/aiongpfs/users/dsen/micromamba/envs/cka-cifar/bin/python -m src.train --global-config configs/global_cifar10.yaml --config configs/cka_feddst_mnist.yaml --seed 21 --sparsity 0.9 --cka-strength 0.5 --log-dir results/logs/cka_strength_sweep/cifar10_cka_strength_20260724_145851/strength_0p5/seed_21 --checkpoint-dir results/checkpoints/cka_strength_sweep/cifar10_cka_strength_20260724_145851/strength_0p5/seed_21 --plot-dir results/plots/cka_strength_sweep/cifar10_cka_strength_20260724_145851
- suite=cka_strength method=cka_feddst seed=21 sparsity=0.95 exit_code=1: /mnt/aiongpfs/users/dsen/micromamba/envs/cka-cifar/bin/python -m src.train --global-config configs/global_cifar10.yaml --config configs/cka_feddst_mnist.yaml --seed 21 --sparsity 0.95 --cka-strength 0.5 --log-dir results/logs/cka_strength_sweep/cifar10_cka_strength_20260724_145851/strength_0p5/seed_21 --checkpoint-dir results/checkpoints/cka_strength_sweep/cifar10_cka_strength_20260724_145851/strength_0p5/seed_21 --plot-dir results/plots/cka_strength_sweep/cifar10_cka_strength_20260724_145851
- suite=cka_strength method=cka_feddst seed=100 sparsity=0.5 exit_code=1: /mnt/aiongpfs/users/dsen/micromamba/envs/cka-cifar/bin/python -m src.train --global-config configs/global_cifar10.yaml --config configs/cka_feddst_mnist.yaml --seed 100 --sparsity 0.5 --cka-strength 0.5 --log-dir results/logs/cka_strength_sweep/cifar10_cka_strength_20260724_145851/strength_0p5/seed_100 --checkpoint-dir results/checkpoints/cka_strength_sweep/cifar10_cka_strength_20260724_145851/strength_0p5/seed_100 --plot-dir results/plots/cka_strength_sweep/cifar10_cka_strength_20260724_145851
- suite=cka_strength method=cka_feddst seed=100 sparsity=0.7 exit_code=1: /mnt/aiongpfs/users/dsen/micromamba/envs/cka-cifar/bin/python -m src.train --global-config configs/global_cifar10.yaml --config configs/cka_feddst_mnist.yaml --seed 100 --sparsity 0.7 --cka-strength 0.5 --log-dir results/logs/cka_strength_sweep/cifar10_cka_strength_20260724_145851/strength_0p5/seed_100 --checkpoint-dir results/checkpoints/cka_strength_sweep/cifar10_cka_strength_20260724_145851/strength_0p5/seed_100 --plot-dir results/plots/cka_strength_sweep/cifar10_cka_strength_20260724_145851
- suite=cka_strength method=cka_feddst seed=100 sparsity=0.8 exit_code=1: /mnt/aiongpfs/users/dsen/micromamba/envs/cka-cifar/bin/python -m src.train --global-config configs/global_cifar10.yaml --config configs/cka_feddst_mnist.yaml --seed 100 --sparsity 0.8 --cka-strength 0.5 --log-dir results/logs/cka_strength_sweep/cifar10_cka_strength_20260724_145851/strength_0p5/seed_100 --checkpoint-dir results/checkpoints/cka_strength_sweep/cifar10_cka_strength_20260724_145851/strength_0p5/seed_100 --plot-dir results/plots/cka_strength_sweep/cifar10_cka_strength_20260724_145851
- suite=cka_strength method=cka_feddst seed=100 sparsity=0.9 exit_code=1: /mnt/aiongpfs/users/dsen/micromamba/envs/cka-cifar/bin/python -m src.train --global-config configs/global_cifar10.yaml --config configs/cka_feddst_mnist.yaml --seed 100 --sparsity 0.9 --cka-strength 0.5 --log-dir results/logs/cka_strength_sweep/cifar10_cka_strength_20260724_145851/strength_0p5/seed_100 --checkpoint-dir results/checkpoints/cka_strength_sweep/cifar10_cka_strength_20260724_145851/strength_0p5/seed_100 --plot-dir results/plots/cka_strength_sweep/cifar10_cka_strength_20260724_145851
- suite=cka_strength method=cka_feddst seed=100 sparsity=0.95 exit_code=1: /mnt/aiongpfs/users/dsen/micromamba/envs/cka-cifar/bin/python -m src.train --global-config configs/global_cifar10.yaml --config configs/cka_feddst_mnist.yaml --seed 100 --sparsity 0.95 --cka-strength 0.5 --log-dir results/logs/cka_strength_sweep/cifar10_cka_strength_20260724_145851/strength_0p5/seed_100 --checkpoint-dir results/checkpoints/cka_strength_sweep/cifar10_cka_strength_20260724_145851/strength_0p5/seed_100 --plot-dir results/plots/cka_strength_sweep/cifar10_cka_strength_20260724_145851
- suite=cka_strength method=cka_feddst seed=42 sparsity=0.5 exit_code=1: /mnt/aiongpfs/users/dsen/micromamba/envs/cka-cifar/bin/python -m src.train --global-config configs/global_cifar10.yaml --config configs/cka_feddst_mnist.yaml --seed 42 --sparsity 0.5 --cka-strength 0.8 --log-dir results/logs/cka_strength_sweep/cifar10_cka_strength_20260724_145851/strength_0p8/seed_42 --checkpoint-dir results/checkpoints/cka_strength_sweep/cifar10_cka_strength_20260724_145851/strength_0p8/seed_42 --plot-dir results/plots/cka_strength_sweep/cifar10_cka_strength_20260724_145851
- suite=cka_strength method=cka_feddst seed=42 sparsity=0.7 exit_code=1: /mnt/aiongpfs/users/dsen/micromamba/envs/cka-cifar/bin/python -m src.train --global-config configs/global_cifar10.yaml --config configs/cka_feddst_mnist.yaml --seed 42 --sparsity 0.7 --cka-strength 0.8 --log-dir results/logs/cka_strength_sweep/cifar10_cka_strength_20260724_145851/strength_0p8/seed_42 --checkpoint-dir results/checkpoints/cka_strength_sweep/cifar10_cka_strength_20260724_145851/strength_0p8/seed_42 --plot-dir results/plots/cka_strength_sweep/cifar10_cka_strength_20260724_145851
- suite=cka_strength method=cka_feddst seed=42 sparsity=0.8 exit_code=1: /mnt/aiongpfs/users/dsen/micromamba/envs/cka-cifar/bin/python -m src.train --global-config configs/global_cifar10.yaml --config configs/cka_feddst_mnist.yaml --seed 42 --sparsity 0.8 --cka-strength 0.8 --log-dir results/logs/cka_strength_sweep/cifar10_cka_strength_20260724_145851/strength_0p8/seed_42 --checkpoint-dir results/checkpoints/cka_strength_sweep/cifar10_cka_strength_20260724_145851/strength_0p8/seed_42 --plot-dir results/plots/cka_strength_sweep/cifar10_cka_strength_20260724_145851
- suite=cka_strength method=cka_feddst seed=42 sparsity=0.9 exit_code=1: /mnt/aiongpfs/users/dsen/micromamba/envs/cka-cifar/bin/python -m src.train --global-config configs/global_cifar10.yaml --config configs/cka_feddst_mnist.yaml --seed 42 --sparsity 0.9 --cka-strength 0.8 --log-dir results/logs/cka_strength_sweep/cifar10_cka_strength_20260724_145851/strength_0p8/seed_42 --checkpoint-dir results/checkpoints/cka_strength_sweep/cifar10_cka_strength_20260724_145851/strength_0p8/seed_42 --plot-dir results/plots/cka_strength_sweep/cifar10_cka_strength_20260724_145851
- suite=cka_strength method=cka_feddst seed=42 sparsity=0.95 exit_code=1: /mnt/aiongpfs/users/dsen/micromamba/envs/cka-cifar/bin/python -m src.train --global-config configs/global_cifar10.yaml --config configs/cka_feddst_mnist.yaml --seed 42 --sparsity 0.95 --cka-strength 0.8 --log-dir results/logs/cka_strength_sweep/cifar10_cka_strength_20260724_145851/strength_0p8/seed_42 --checkpoint-dir results/checkpoints/cka_strength_sweep/cifar10_cka_strength_20260724_145851/strength_0p8/seed_42 --plot-dir results/plots/cka_strength_sweep/cifar10_cka_strength_20260724_145851
- suite=cka_strength method=cka_feddst seed=7 sparsity=0.5 exit_code=1: /mnt/aiongpfs/users/dsen/micromamba/envs/cka-cifar/bin/python -m src.train --global-config configs/global_cifar10.yaml --config configs/cka_feddst_mnist.yaml --seed 7 --sparsity 0.5 --cka-strength 0.8 --log-dir results/logs/cka_strength_sweep/cifar10_cka_strength_20260724_145851/strength_0p8/seed_7 --checkpoint-dir results/checkpoints/cka_strength_sweep/cifar10_cka_strength_20260724_145851/strength_0p8/seed_7 --plot-dir results/plots/cka_strength_sweep/cifar10_cka_strength_20260724_145851
- suite=cka_strength method=cka_feddst seed=7 sparsity=0.7 exit_code=1: /mnt/aiongpfs/users/dsen/micromamba/envs/cka-cifar/bin/python -m src.train --global-config configs/global_cifar10.yaml --config configs/cka_feddst_mnist.yaml --seed 7 --sparsity 0.7 --cka-strength 0.8 --log-dir results/logs/cka_strength_sweep/cifar10_cka_strength_20260724_145851/strength_0p8/seed_7 --checkpoint-dir results/checkpoints/cka_strength_sweep/cifar10_cka_strength_20260724_145851/strength_0p8/seed_7 --plot-dir results/plots/cka_strength_sweep/cifar10_cka_strength_20260724_145851
- suite=cka_strength method=cka_feddst seed=7 sparsity=0.8 exit_code=1: /mnt/aiongpfs/users/dsen/micromamba/envs/cka-cifar/bin/python -m src.train --global-config configs/global_cifar10.yaml --config configs/cka_feddst_mnist.yaml --seed 7 --sparsity 0.8 --cka-strength 0.8 --log-dir results/logs/cka_strength_sweep/cifar10_cka_strength_20260724_145851/strength_0p8/seed_7 --checkpoint-dir results/checkpoints/cka_strength_sweep/cifar10_cka_strength_20260724_145851/strength_0p8/seed_7 --plot-dir results/plots/cka_strength_sweep/cifar10_cka_strength_20260724_145851
- suite=cka_strength method=cka_feddst seed=7 sparsity=0.9 exit_code=1: /mnt/aiongpfs/users/dsen/micromamba/envs/cka-cifar/bin/python -m src.train --global-config configs/global_cifar10.yaml --config configs/cka_feddst_mnist.yaml --seed 7 --sparsity 0.9 --cka-strength 0.8 --log-dir results/logs/cka_strength_sweep/cifar10_cka_strength_20260724_145851/strength_0p8/seed_7 --checkpoint-dir results/checkpoints/cka_strength_sweep/cifar10_cka_strength_20260724_145851/strength_0p8/seed_7 --plot-dir results/plots/cka_strength_sweep/cifar10_cka_strength_20260724_145851
- suite=cka_strength method=cka_feddst seed=7 sparsity=0.95 exit_code=1: /mnt/aiongpfs/users/dsen/micromamba/envs/cka-cifar/bin/python -m src.train --global-config configs/global_cifar10.yaml --config configs/cka_feddst_mnist.yaml --seed 7 --sparsity 0.95 --cka-strength 0.8 --log-dir results/logs/cka_strength_sweep/cifar10_cka_strength_20260724_145851/strength_0p8/seed_7 --checkpoint-dir results/checkpoints/cka_strength_sweep/cifar10_cka_strength_20260724_145851/strength_0p8/seed_7 --plot-dir results/plots/cka_strength_sweep/cifar10_cka_strength_20260724_145851
- suite=cka_strength method=cka_feddst seed=13 sparsity=0.5 exit_code=1: /mnt/aiongpfs/users/dsen/micromamba/envs/cka-cifar/bin/python -m src.train --global-config configs/global_cifar10.yaml --config configs/cka_feddst_mnist.yaml --seed 13 --sparsity 0.5 --cka-strength 0.8 --log-dir results/logs/cka_strength_sweep/cifar10_cka_strength_20260724_145851/strength_0p8/seed_13 --checkpoint-dir results/checkpoints/cka_strength_sweep/cifar10_cka_strength_20260724_145851/strength_0p8/seed_13 --plot-dir results/plots/cka_strength_sweep/cifar10_cka_strength_20260724_145851
- suite=cka_strength method=cka_feddst seed=13 sparsity=0.7 exit_code=1: /mnt/aiongpfs/users/dsen/micromamba/envs/cka-cifar/bin/python -m src.train --global-config configs/global_cifar10.yaml --config configs/cka_feddst_mnist.yaml --seed 13 --sparsity 0.7 --cka-strength 0.8 --log-dir results/logs/cka_strength_sweep/cifar10_cka_strength_20260724_145851/strength_0p8/seed_13 --checkpoint-dir results/checkpoints/cka_strength_sweep/cifar10_cka_strength_20260724_145851/strength_0p8/seed_13 --plot-dir results/plots/cka_strength_sweep/cifar10_cka_strength_20260724_145851
- suite=cka_strength method=cka_feddst seed=13 sparsity=0.8 exit_code=1: /mnt/aiongpfs/users/dsen/micromamba/envs/cka-cifar/bin/python -m src.train --global-config configs/global_cifar10.yaml --config configs/cka_feddst_mnist.yaml --seed 13 --sparsity 0.8 --cka-strength 0.8 --log-dir results/logs/cka_strength_sweep/cifar10_cka_strength_20260724_145851/strength_0p8/seed_13 --checkpoint-dir results/checkpoints/cka_strength_sweep/cifar10_cka_strength_20260724_145851/strength_0p8/seed_13 --plot-dir results/plots/cka_strength_sweep/cifar10_cka_strength_20260724_145851
- suite=cka_strength method=cka_feddst seed=13 sparsity=0.9 exit_code=1: /mnt/aiongpfs/users/dsen/micromamba/envs/cka-cifar/bin/python -m src.train --global-config configs/global_cifar10.yaml --config configs/cka_feddst_mnist.yaml --seed 13 --sparsity 0.9 --cka-strength 0.8 --log-dir results/logs/cka_strength_sweep/cifar10_cka_strength_20260724_145851/strength_0p8/seed_13 --checkpoint-dir results/checkpoints/cka_strength_sweep/cifar10_cka_strength_20260724_145851/strength_0p8/seed_13 --plot-dir results/plots/cka_strength_sweep/cifar10_cka_strength_20260724_145851
- suite=cka_strength method=cka_feddst seed=13 sparsity=0.95 exit_code=1: /mnt/aiongpfs/users/dsen/micromamba/envs/cka-cifar/bin/python -m src.train --global-config configs/global_cifar10.yaml --config configs/cka_feddst_mnist.yaml --seed 13 --sparsity 0.95 --cka-strength 0.8 --log-dir results/logs/cka_strength_sweep/cifar10_cka_strength_20260724_145851/strength_0p8/seed_13 --checkpoint-dir results/checkpoints/cka_strength_sweep/cifar10_cka_strength_20260724_145851/strength_0p8/seed_13 --plot-dir results/plots/cka_strength_sweep/cifar10_cka_strength_20260724_145851
- suite=cka_strength method=cka_feddst seed=21 sparsity=0.5 exit_code=1: /mnt/aiongpfs/users/dsen/micromamba/envs/cka-cifar/bin/python -m src.train --global-config configs/global_cifar10.yaml --config configs/cka_feddst_mnist.yaml --seed 21 --sparsity 0.5 --cka-strength 0.8 --log-dir results/logs/cka_strength_sweep/cifar10_cka_strength_20260724_145851/strength_0p8/seed_21 --checkpoint-dir results/checkpoints/cka_strength_sweep/cifar10_cka_strength_20260724_145851/strength_0p8/seed_21 --plot-dir results/plots/cka_strength_sweep/cifar10_cka_strength_20260724_145851
- suite=cka_strength method=cka_feddst seed=21 sparsity=0.7 exit_code=1: /mnt/aiongpfs/users/dsen/micromamba/envs/cka-cifar/bin/python -m src.train --global-config configs/global_cifar10.yaml --config configs/cka_feddst_mnist.yaml --seed 21 --sparsity 0.7 --cka-strength 0.8 --log-dir results/logs/cka_strength_sweep/cifar10_cka_strength_20260724_145851/strength_0p8/seed_21 --checkpoint-dir results/checkpoints/cka_strength_sweep/cifar10_cka_strength_20260724_145851/strength_0p8/seed_21 --plot-dir results/plots/cka_strength_sweep/cifar10_cka_strength_20260724_145851
- suite=cka_strength method=cka_feddst seed=21 sparsity=0.8 exit_code=1: /mnt/aiongpfs/users/dsen/micromamba/envs/cka-cifar/bin/python -m src.train --global-config configs/global_cifar10.yaml --config configs/cka_feddst_mnist.yaml --seed 21 --sparsity 0.8 --cka-strength 0.8 --log-dir results/logs/cka_strength_sweep/cifar10_cka_strength_20260724_145851/strength_0p8/seed_21 --checkpoint-dir results/checkpoints/cka_strength_sweep/cifar10_cka_strength_20260724_145851/strength_0p8/seed_21 --plot-dir results/plots/cka_strength_sweep/cifar10_cka_strength_20260724_145851
- suite=cka_strength method=cka_feddst seed=21 sparsity=0.9 exit_code=1: /mnt/aiongpfs/users/dsen/micromamba/envs/cka-cifar/bin/python -m src.train --global-config configs/global_cifar10.yaml --config configs/cka_feddst_mnist.yaml --seed 21 --sparsity 0.9 --cka-strength 0.8 --log-dir results/logs/cka_strength_sweep/cifar10_cka_strength_20260724_145851/strength_0p8/seed_21 --checkpoint-dir results/checkpoints/cka_strength_sweep/cifar10_cka_strength_20260724_145851/strength_0p8/seed_21 --plot-dir results/plots/cka_strength_sweep/cifar10_cka_strength_20260724_145851
- suite=cka_strength method=cka_feddst seed=21 sparsity=0.95 exit_code=1: /mnt/aiongpfs/users/dsen/micromamba/envs/cka-cifar/bin/python -m src.train --global-config configs/global_cifar10.yaml --config configs/cka_feddst_mnist.yaml --seed 21 --sparsity 0.95 --cka-strength 0.8 --log-dir results/logs/cka_strength_sweep/cifar10_cka_strength_20260724_145851/strength_0p8/seed_21 --checkpoint-dir results/checkpoints/cka_strength_sweep/cifar10_cka_strength_20260724_145851/strength_0p8/seed_21 --plot-dir results/plots/cka_strength_sweep/cifar10_cka_strength_20260724_145851
- suite=cka_strength method=cka_feddst seed=100 sparsity=0.5 exit_code=1: /mnt/aiongpfs/users/dsen/micromamba/envs/cka-cifar/bin/python -m src.train --global-config configs/global_cifar10.yaml --config configs/cka_feddst_mnist.yaml --seed 100 --sparsity 0.5 --cka-strength 0.8 --log-dir results/logs/cka_strength_sweep/cifar10_cka_strength_20260724_145851/strength_0p8/seed_100 --checkpoint-dir results/checkpoints/cka_strength_sweep/cifar10_cka_strength_20260724_145851/strength_0p8/seed_100 --plot-dir results/plots/cka_strength_sweep/cifar10_cka_strength_20260724_145851
- suite=cka_strength method=cka_feddst seed=100 sparsity=0.7 exit_code=1: /mnt/aiongpfs/users/dsen/micromamba/envs/cka-cifar/bin/python -m src.train --global-config configs/global_cifar10.yaml --config configs/cka_feddst_mnist.yaml --seed 100 --sparsity 0.7 --cka-strength 0.8 --log-dir results/logs/cka_strength_sweep/cifar10_cka_strength_20260724_145851/strength_0p8/seed_100 --checkpoint-dir results/checkpoints/cka_strength_sweep/cifar10_cka_strength_20260724_145851/strength_0p8/seed_100 --plot-dir results/plots/cka_strength_sweep/cifar10_cka_strength_20260724_145851
- suite=cka_strength method=cka_feddst seed=100 sparsity=0.8 exit_code=1: /mnt/aiongpfs/users/dsen/micromamba/envs/cka-cifar/bin/python -m src.train --global-config configs/global_cifar10.yaml --config configs/cka_feddst_mnist.yaml --seed 100 --sparsity 0.8 --cka-strength 0.8 --log-dir results/logs/cka_strength_sweep/cifar10_cka_strength_20260724_145851/strength_0p8/seed_100 --checkpoint-dir results/checkpoints/cka_strength_sweep/cifar10_cka_strength_20260724_145851/strength_0p8/seed_100 --plot-dir results/plots/cka_strength_sweep/cifar10_cka_strength_20260724_145851
- suite=cka_strength method=cka_feddst seed=100 sparsity=0.9 exit_code=1: /mnt/aiongpfs/users/dsen/micromamba/envs/cka-cifar/bin/python -m src.train --global-config configs/global_cifar10.yaml --config configs/cka_feddst_mnist.yaml --seed 100 --sparsity 0.9 --cka-strength 0.8 --log-dir results/logs/cka_strength_sweep/cifar10_cka_strength_20260724_145851/strength_0p8/seed_100 --checkpoint-dir results/checkpoints/cka_strength_sweep/cifar10_cka_strength_20260724_145851/strength_0p8/seed_100 --plot-dir results/plots/cka_strength_sweep/cifar10_cka_strength_20260724_145851
- suite=cka_strength method=cka_feddst seed=100 sparsity=0.95 exit_code=1: /mnt/aiongpfs/users/dsen/micromamba/envs/cka-cifar/bin/python -m src.train --global-config configs/global_cifar10.yaml --config configs/cka_feddst_mnist.yaml --seed 100 --sparsity 0.95 --cka-strength 0.8 --log-dir results/logs/cka_strength_sweep/cifar10_cka_strength_20260724_145851/strength_0p8/seed_100 --checkpoint-dir results/checkpoints/cka_strength_sweep/cifar10_cka_strength_20260724_145851/strength_0p8/seed_100 --plot-dir results/plots/cka_strength_sweep/cifar10_cka_strength_20260724_145851
- suite=cka_strength method=cka_feddst seed=42 sparsity=0.5 exit_code=1: /mnt/aiongpfs/users/dsen/micromamba/envs/cka-cifar/bin/python -m src.train --global-config configs/global_cifar10.yaml --config configs/cka_feddst_mnist.yaml --seed 42 --sparsity 0.5 --cka-strength 0.9 --log-dir results/logs/cka_strength_sweep/cifar10_cka_strength_20260724_145851/strength_0p9/seed_42 --checkpoint-dir results/checkpoints/cka_strength_sweep/cifar10_cka_strength_20260724_145851/strength_0p9/seed_42 --plot-dir results/plots/cka_strength_sweep/cifar10_cka_strength_20260724_145851
- suite=cka_strength method=cka_feddst seed=42 sparsity=0.7 exit_code=1: /mnt/aiongpfs/users/dsen/micromamba/envs/cka-cifar/bin/python -m src.train --global-config configs/global_cifar10.yaml --config configs/cka_feddst_mnist.yaml --seed 42 --sparsity 0.7 --cka-strength 0.9 --log-dir results/logs/cka_strength_sweep/cifar10_cka_strength_20260724_145851/strength_0p9/seed_42 --checkpoint-dir results/checkpoints/cka_strength_sweep/cifar10_cka_strength_20260724_145851/strength_0p9/seed_42 --plot-dir results/plots/cka_strength_sweep/cifar10_cka_strength_20260724_145851
- suite=cka_strength method=cka_feddst seed=42 sparsity=0.8 exit_code=1: /mnt/aiongpfs/users/dsen/micromamba/envs/cka-cifar/bin/python -m src.train --global-config configs/global_cifar10.yaml --config configs/cka_feddst_mnist.yaml --seed 42 --sparsity 0.8 --cka-strength 0.9 --log-dir results/logs/cka_strength_sweep/cifar10_cka_strength_20260724_145851/strength_0p9/seed_42 --checkpoint-dir results/checkpoints/cka_strength_sweep/cifar10_cka_strength_20260724_145851/strength_0p9/seed_42 --plot-dir results/plots/cka_strength_sweep/cifar10_cka_strength_20260724_145851
- suite=cka_strength method=cka_feddst seed=42 sparsity=0.9 exit_code=1: /mnt/aiongpfs/users/dsen/micromamba/envs/cka-cifar/bin/python -m src.train --global-config configs/global_cifar10.yaml --config configs/cka_feddst_mnist.yaml --seed 42 --sparsity 0.9 --cka-strength 0.9 --log-dir results/logs/cka_strength_sweep/cifar10_cka_strength_20260724_145851/strength_0p9/seed_42 --checkpoint-dir results/checkpoints/cka_strength_sweep/cifar10_cka_strength_20260724_145851/strength_0p9/seed_42 --plot-dir results/plots/cka_strength_sweep/cifar10_cka_strength_20260724_145851
- suite=cka_strength method=cka_feddst seed=42 sparsity=0.95 exit_code=1: /mnt/aiongpfs/users/dsen/micromamba/envs/cka-cifar/bin/python -m src.train --global-config configs/global_cifar10.yaml --config configs/cka_feddst_mnist.yaml --seed 42 --sparsity 0.95 --cka-strength 0.9 --log-dir results/logs/cka_strength_sweep/cifar10_cka_strength_20260724_145851/strength_0p9/seed_42 --checkpoint-dir results/checkpoints/cka_strength_sweep/cifar10_cka_strength_20260724_145851/strength_0p9/seed_42 --plot-dir results/plots/cka_strength_sweep/cifar10_cka_strength_20260724_145851
- suite=cka_strength method=cka_feddst seed=7 sparsity=0.5 exit_code=1: /mnt/aiongpfs/users/dsen/micromamba/envs/cka-cifar/bin/python -m src.train --global-config configs/global_cifar10.yaml --config configs/cka_feddst_mnist.yaml --seed 7 --sparsity 0.5 --cka-strength 0.9 --log-dir results/logs/cka_strength_sweep/cifar10_cka_strength_20260724_145851/strength_0p9/seed_7 --checkpoint-dir results/checkpoints/cka_strength_sweep/cifar10_cka_strength_20260724_145851/strength_0p9/seed_7 --plot-dir results/plots/cka_strength_sweep/cifar10_cka_strength_20260724_145851
- suite=cka_strength method=cka_feddst seed=7 sparsity=0.7 exit_code=1: /mnt/aiongpfs/users/dsen/micromamba/envs/cka-cifar/bin/python -m src.train --global-config configs/global_cifar10.yaml --config configs/cka_feddst_mnist.yaml --seed 7 --sparsity 0.7 --cka-strength 0.9 --log-dir results/logs/cka_strength_sweep/cifar10_cka_strength_20260724_145851/strength_0p9/seed_7 --checkpoint-dir results/checkpoints/cka_strength_sweep/cifar10_cka_strength_20260724_145851/strength_0p9/seed_7 --plot-dir results/plots/cka_strength_sweep/cifar10_cka_strength_20260724_145851
- suite=cka_strength method=cka_feddst seed=7 sparsity=0.8 exit_code=1: /mnt/aiongpfs/users/dsen/micromamba/envs/cka-cifar/bin/python -m src.train --global-config configs/global_cifar10.yaml --config configs/cka_feddst_mnist.yaml --seed 7 --sparsity 0.8 --cka-strength 0.9 --log-dir results/logs/cka_strength_sweep/cifar10_cka_strength_20260724_145851/strength_0p9/seed_7 --checkpoint-dir results/checkpoints/cka_strength_sweep/cifar10_cka_strength_20260724_145851/strength_0p9/seed_7 --plot-dir results/plots/cka_strength_sweep/cifar10_cka_strength_20260724_145851
- suite=cka_strength method=cka_feddst seed=7 sparsity=0.9 exit_code=1: /mnt/aiongpfs/users/dsen/micromamba/envs/cka-cifar/bin/python -m src.train --global-config configs/global_cifar10.yaml --config configs/cka_feddst_mnist.yaml --seed 7 --sparsity 0.9 --cka-strength 0.9 --log-dir results/logs/cka_strength_sweep/cifar10_cka_strength_20260724_145851/strength_0p9/seed_7 --checkpoint-dir results/checkpoints/cka_strength_sweep/cifar10_cka_strength_20260724_145851/strength_0p9/seed_7 --plot-dir results/plots/cka_strength_sweep/cifar10_cka_strength_20260724_145851
- suite=cka_strength method=cka_feddst seed=7 sparsity=0.95 exit_code=1: /mnt/aiongpfs/users/dsen/micromamba/envs/cka-cifar/bin/python -m src.train --global-config configs/global_cifar10.yaml --config configs/cka_feddst_mnist.yaml --seed 7 --sparsity 0.95 --cka-strength 0.9 --log-dir results/logs/cka_strength_sweep/cifar10_cka_strength_20260724_145851/strength_0p9/seed_7 --checkpoint-dir results/checkpoints/cka_strength_sweep/cifar10_cka_strength_20260724_145851/strength_0p9/seed_7 --plot-dir results/plots/cka_strength_sweep/cifar10_cka_strength_20260724_145851
- suite=cka_strength method=cka_feddst seed=13 sparsity=0.5 exit_code=1: /mnt/aiongpfs/users/dsen/micromamba/envs/cka-cifar/bin/python -m src.train --global-config configs/global_cifar10.yaml --config configs/cka_feddst_mnist.yaml --seed 13 --sparsity 0.5 --cka-strength 0.9 --log-dir results/logs/cka_strength_sweep/cifar10_cka_strength_20260724_145851/strength_0p9/seed_13 --checkpoint-dir results/checkpoints/cka_strength_sweep/cifar10_cka_strength_20260724_145851/strength_0p9/seed_13 --plot-dir results/plots/cka_strength_sweep/cifar10_cka_strength_20260724_145851
- suite=cka_strength method=cka_feddst seed=13 sparsity=0.7 exit_code=1: /mnt/aiongpfs/users/dsen/micromamba/envs/cka-cifar/bin/python -m src.train --global-config configs/global_cifar10.yaml --config configs/cka_feddst_mnist.yaml --seed 13 --sparsity 0.7 --cka-strength 0.9 --log-dir results/logs/cka_strength_sweep/cifar10_cka_strength_20260724_145851/strength_0p9/seed_13 --checkpoint-dir results/checkpoints/cka_strength_sweep/cifar10_cka_strength_20260724_145851/strength_0p9/seed_13 --plot-dir results/plots/cka_strength_sweep/cifar10_cka_strength_20260724_145851
- suite=cka_strength method=cka_feddst seed=13 sparsity=0.8 exit_code=1: /mnt/aiongpfs/users/dsen/micromamba/envs/cka-cifar/bin/python -m src.train --global-config configs/global_cifar10.yaml --config configs/cka_feddst_mnist.yaml --seed 13 --sparsity 0.8 --cka-strength 0.9 --log-dir results/logs/cka_strength_sweep/cifar10_cka_strength_20260724_145851/strength_0p9/seed_13 --checkpoint-dir results/checkpoints/cka_strength_sweep/cifar10_cka_strength_20260724_145851/strength_0p9/seed_13 --plot-dir results/plots/cka_strength_sweep/cifar10_cka_strength_20260724_145851
- suite=cka_strength method=cka_feddst seed=13 sparsity=0.9 exit_code=1: /mnt/aiongpfs/users/dsen/micromamba/envs/cka-cifar/bin/python -m src.train --global-config configs/global_cifar10.yaml --config configs/cka_feddst_mnist.yaml --seed 13 --sparsity 0.9 --cka-strength 0.9 --log-dir results/logs/cka_strength_sweep/cifar10_cka_strength_20260724_145851/strength_0p9/seed_13 --checkpoint-dir results/checkpoints/cka_strength_sweep/cifar10_cka_strength_20260724_145851/strength_0p9/seed_13 --plot-dir results/plots/cka_strength_sweep/cifar10_cka_strength_20260724_145851
- suite=cka_strength method=cka_feddst seed=13 sparsity=0.95 exit_code=1: /mnt/aiongpfs/users/dsen/micromamba/envs/cka-cifar/bin/python -m src.train --global-config configs/global_cifar10.yaml --config configs/cka_feddst_mnist.yaml --seed 13 --sparsity 0.95 --cka-strength 0.9 --log-dir results/logs/cka_strength_sweep/cifar10_cka_strength_20260724_145851/strength_0p9/seed_13 --checkpoint-dir results/checkpoints/cka_strength_sweep/cifar10_cka_strength_20260724_145851/strength_0p9/seed_13 --plot-dir results/plots/cka_strength_sweep/cifar10_cka_strength_20260724_145851
- suite=cka_strength method=cka_feddst seed=21 sparsity=0.5 exit_code=1: /mnt/aiongpfs/users/dsen/micromamba/envs/cka-cifar/bin/python -m src.train --global-config configs/global_cifar10.yaml --config configs/cka_feddst_mnist.yaml --seed 21 --sparsity 0.5 --cka-strength 0.9 --log-dir results/logs/cka_strength_sweep/cifar10_cka_strength_20260724_145851/strength_0p9/seed_21 --checkpoint-dir results/checkpoints/cka_strength_sweep/cifar10_cka_strength_20260724_145851/strength_0p9/seed_21 --plot-dir results/plots/cka_strength_sweep/cifar10_cka_strength_20260724_145851
- suite=cka_strength method=cka_feddst seed=21 sparsity=0.7 exit_code=1: /mnt/aiongpfs/users/dsen/micromamba/envs/cka-cifar/bin/python -m src.train --global-config configs/global_cifar10.yaml --config configs/cka_feddst_mnist.yaml --seed 21 --sparsity 0.7 --cka-strength 0.9 --log-dir results/logs/cka_strength_sweep/cifar10_cka_strength_20260724_145851/strength_0p9/seed_21 --checkpoint-dir results/checkpoints/cka_strength_sweep/cifar10_cka_strength_20260724_145851/strength_0p9/seed_21 --plot-dir results/plots/cka_strength_sweep/cifar10_cka_strength_20260724_145851
- suite=cka_strength method=cka_feddst seed=21 sparsity=0.8 exit_code=1: /mnt/aiongpfs/users/dsen/micromamba/envs/cka-cifar/bin/python -m src.train --global-config configs/global_cifar10.yaml --config configs/cka_feddst_mnist.yaml --seed 21 --sparsity 0.8 --cka-strength 0.9 --log-dir results/logs/cka_strength_sweep/cifar10_cka_strength_20260724_145851/strength_0p9/seed_21 --checkpoint-dir results/checkpoints/cka_strength_sweep/cifar10_cka_strength_20260724_145851/strength_0p9/seed_21 --plot-dir results/plots/cka_strength_sweep/cifar10_cka_strength_20260724_145851
- suite=cka_strength method=cka_feddst seed=21 sparsity=0.9 exit_code=1: /mnt/aiongpfs/users/dsen/micromamba/envs/cka-cifar/bin/python -m src.train --global-config configs/global_cifar10.yaml --config configs/cka_feddst_mnist.yaml --seed 21 --sparsity 0.9 --cka-strength 0.9 --log-dir results/logs/cka_strength_sweep/cifar10_cka_strength_20260724_145851/strength_0p9/seed_21 --checkpoint-dir results/checkpoints/cka_strength_sweep/cifar10_cka_strength_20260724_145851/strength_0p9/seed_21 --plot-dir results/plots/cka_strength_sweep/cifar10_cka_strength_20260724_145851
- suite=cka_strength method=cka_feddst seed=21 sparsity=0.95 exit_code=1: /mnt/aiongpfs/users/dsen/micromamba/envs/cka-cifar/bin/python -m src.train --global-config configs/global_cifar10.yaml --config configs/cka_feddst_mnist.yaml --seed 21 --sparsity 0.95 --cka-strength 0.9 --log-dir results/logs/cka_strength_sweep/cifar10_cka_strength_20260724_145851/strength_0p9/seed_21 --checkpoint-dir results/checkpoints/cka_strength_sweep/cifar10_cka_strength_20260724_145851/strength_0p9/seed_21 --plot-dir results/plots/cka_strength_sweep/cifar10_cka_strength_20260724_145851
- suite=cka_strength method=cka_feddst seed=100 sparsity=0.5 exit_code=1: /mnt/aiongpfs/users/dsen/micromamba/envs/cka-cifar/bin/python -m src.train --global-config configs/global_cifar10.yaml --config configs/cka_feddst_mnist.yaml --seed 100 --sparsity 0.5 --cka-strength 0.9 --log-dir results/logs/cka_strength_sweep/cifar10_cka_strength_20260724_145851/strength_0p9/seed_100 --checkpoint-dir results/checkpoints/cka_strength_sweep/cifar10_cka_strength_20260724_145851/strength_0p9/seed_100 --plot-dir results/plots/cka_strength_sweep/cifar10_cka_strength_20260724_145851
- suite=cka_strength method=cka_feddst seed=100 sparsity=0.7 exit_code=1: /mnt/aiongpfs/users/dsen/micromamba/envs/cka-cifar/bin/python -m src.train --global-config configs/global_cifar10.yaml --config configs/cka_feddst_mnist.yaml --seed 100 --sparsity 0.7 --cka-strength 0.9 --log-dir results/logs/cka_strength_sweep/cifar10_cka_strength_20260724_145851/strength_0p9/seed_100 --checkpoint-dir results/checkpoints/cka_strength_sweep/cifar10_cka_strength_20260724_145851/strength_0p9/seed_100 --plot-dir results/plots/cka_strength_sweep/cifar10_cka_strength_20260724_145851
- suite=cka_strength method=cka_feddst seed=100 sparsity=0.8 exit_code=1: /mnt/aiongpfs/users/dsen/micromamba/envs/cka-cifar/bin/python -m src.train --global-config configs/global_cifar10.yaml --config configs/cka_feddst_mnist.yaml --seed 100 --sparsity 0.8 --cka-strength 0.9 --log-dir results/logs/cka_strength_sweep/cifar10_cka_strength_20260724_145851/strength_0p9/seed_100 --checkpoint-dir results/checkpoints/cka_strength_sweep/cifar10_cka_strength_20260724_145851/strength_0p9/seed_100 --plot-dir results/plots/cka_strength_sweep/cifar10_cka_strength_20260724_145851
- suite=cka_strength method=cka_feddst seed=100 sparsity=0.9 exit_code=1: /mnt/aiongpfs/users/dsen/micromamba/envs/cka-cifar/bin/python -m src.train --global-config configs/global_cifar10.yaml --config configs/cka_feddst_mnist.yaml --seed 100 --sparsity 0.9 --cka-strength 0.9 --log-dir results/logs/cka_strength_sweep/cifar10_cka_strength_20260724_145851/strength_0p9/seed_100 --checkpoint-dir results/checkpoints/cka_strength_sweep/cifar10_cka_strength_20260724_145851/strength_0p9/seed_100 --plot-dir results/plots/cka_strength_sweep/cifar10_cka_strength_20260724_145851
- suite=cka_strength method=cka_feddst seed=100 sparsity=0.95 exit_code=1: /mnt/aiongpfs/users/dsen/micromamba/envs/cka-cifar/bin/python -m src.train --global-config configs/global_cifar10.yaml --config configs/cka_feddst_mnist.yaml --seed 100 --sparsity 0.95 --cka-strength 0.9 --log-dir results/logs/cka_strength_sweep/cifar10_cka_strength_20260724_145851/strength_0p9/seed_100 --checkpoint-dir results/checkpoints/cka_strength_sweep/cifar10_cka_strength_20260724_145851/strength_0p9/seed_100 --plot-dir results/plots/cka_strength_sweep/cifar10_cka_strength_20260724_145851
- suite=cka_strength method=cka_feddst seed=42 sparsity=0.5 exit_code=1: /mnt/aiongpfs/users/dsen/micromamba/envs/cka-cifar/bin/python -m src.train --global-config configs/global_cifar10.yaml --config configs/cka_feddst_mnist.yaml --seed 42 --sparsity 0.5 --cka-strength 1 --log-dir results/logs/cka_strength_sweep/cifar10_cka_strength_20260724_145851/strength_1p0/seed_42 --checkpoint-dir results/checkpoints/cka_strength_sweep/cifar10_cka_strength_20260724_145851/strength_1p0/seed_42 --plot-dir results/plots/cka_strength_sweep/cifar10_cka_strength_20260724_145851
- suite=cka_strength method=cka_feddst seed=42 sparsity=0.7 exit_code=1: /mnt/aiongpfs/users/dsen/micromamba/envs/cka-cifar/bin/python -m src.train --global-config configs/global_cifar10.yaml --config configs/cka_feddst_mnist.yaml --seed 42 --sparsity 0.7 --cka-strength 1 --log-dir results/logs/cka_strength_sweep/cifar10_cka_strength_20260724_145851/strength_1p0/seed_42 --checkpoint-dir results/checkpoints/cka_strength_sweep/cifar10_cka_strength_20260724_145851/strength_1p0/seed_42 --plot-dir results/plots/cka_strength_sweep/cifar10_cka_strength_20260724_145851
- suite=cka_strength method=cka_feddst seed=42 sparsity=0.8 exit_code=1: /mnt/aiongpfs/users/dsen/micromamba/envs/cka-cifar/bin/python -m src.train --global-config configs/global_cifar10.yaml --config configs/cka_feddst_mnist.yaml --seed 42 --sparsity 0.8 --cka-strength 1 --log-dir results/logs/cka_strength_sweep/cifar10_cka_strength_20260724_145851/strength_1p0/seed_42 --checkpoint-dir results/checkpoints/cka_strength_sweep/cifar10_cka_strength_20260724_145851/strength_1p0/seed_42 --plot-dir results/plots/cka_strength_sweep/cifar10_cka_strength_20260724_145851
- suite=cka_strength method=cka_feddst seed=42 sparsity=0.9 exit_code=1: /mnt/aiongpfs/users/dsen/micromamba/envs/cka-cifar/bin/python -m src.train --global-config configs/global_cifar10.yaml --config configs/cka_feddst_mnist.yaml --seed 42 --sparsity 0.9 --cka-strength 1 --log-dir results/logs/cka_strength_sweep/cifar10_cka_strength_20260724_145851/strength_1p0/seed_42 --checkpoint-dir results/checkpoints/cka_strength_sweep/cifar10_cka_strength_20260724_145851/strength_1p0/seed_42 --plot-dir results/plots/cka_strength_sweep/cifar10_cka_strength_20260724_145851
- suite=cka_strength method=cka_feddst seed=42 sparsity=0.95 exit_code=1: /mnt/aiongpfs/users/dsen/micromamba/envs/cka-cifar/bin/python -m src.train --global-config configs/global_cifar10.yaml --config configs/cka_feddst_mnist.yaml --seed 42 --sparsity 0.95 --cka-strength 1 --log-dir results/logs/cka_strength_sweep/cifar10_cka_strength_20260724_145851/strength_1p0/seed_42 --checkpoint-dir results/checkpoints/cka_strength_sweep/cifar10_cka_strength_20260724_145851/strength_1p0/seed_42 --plot-dir results/plots/cka_strength_sweep/cifar10_cka_strength_20260724_145851
- suite=cka_strength method=cka_feddst seed=7 sparsity=0.5 exit_code=1: /mnt/aiongpfs/users/dsen/micromamba/envs/cka-cifar/bin/python -m src.train --global-config configs/global_cifar10.yaml --config configs/cka_feddst_mnist.yaml --seed 7 --sparsity 0.5 --cka-strength 1 --log-dir results/logs/cka_strength_sweep/cifar10_cka_strength_20260724_145851/strength_1p0/seed_7 --checkpoint-dir results/checkpoints/cka_strength_sweep/cifar10_cka_strength_20260724_145851/strength_1p0/seed_7 --plot-dir results/plots/cka_strength_sweep/cifar10_cka_strength_20260724_145851
- suite=cka_strength method=cka_feddst seed=7 sparsity=0.7 exit_code=1: /mnt/aiongpfs/users/dsen/micromamba/envs/cka-cifar/bin/python -m src.train --global-config configs/global_cifar10.yaml --config configs/cka_feddst_mnist.yaml --seed 7 --sparsity 0.7 --cka-strength 1 --log-dir results/logs/cka_strength_sweep/cifar10_cka_strength_20260724_145851/strength_1p0/seed_7 --checkpoint-dir results/checkpoints/cka_strength_sweep/cifar10_cka_strength_20260724_145851/strength_1p0/seed_7 --plot-dir results/plots/cka_strength_sweep/cifar10_cka_strength_20260724_145851
- suite=cka_strength method=cka_feddst seed=7 sparsity=0.8 exit_code=1: /mnt/aiongpfs/users/dsen/micromamba/envs/cka-cifar/bin/python -m src.train --global-config configs/global_cifar10.yaml --config configs/cka_feddst_mnist.yaml --seed 7 --sparsity 0.8 --cka-strength 1 --log-dir results/logs/cka_strength_sweep/cifar10_cka_strength_20260724_145851/strength_1p0/seed_7 --checkpoint-dir results/checkpoints/cka_strength_sweep/cifar10_cka_strength_20260724_145851/strength_1p0/seed_7 --plot-dir results/plots/cka_strength_sweep/cifar10_cka_strength_20260724_145851
- suite=cka_strength method=cka_feddst seed=7 sparsity=0.9 exit_code=1: /mnt/aiongpfs/users/dsen/micromamba/envs/cka-cifar/bin/python -m src.train --global-config configs/global_cifar10.yaml --config configs/cka_feddst_mnist.yaml --seed 7 --sparsity 0.9 --cka-strength 1 --log-dir results/logs/cka_strength_sweep/cifar10_cka_strength_20260724_145851/strength_1p0/seed_7 --checkpoint-dir results/checkpoints/cka_strength_sweep/cifar10_cka_strength_20260724_145851/strength_1p0/seed_7 --plot-dir results/plots/cka_strength_sweep/cifar10_cka_strength_20260724_145851
- suite=cka_strength method=cka_feddst seed=7 sparsity=0.95 exit_code=1: /mnt/aiongpfs/users/dsen/micromamba/envs/cka-cifar/bin/python -m src.train --global-config configs/global_cifar10.yaml --config configs/cka_feddst_mnist.yaml --seed 7 --sparsity 0.95 --cka-strength 1 --log-dir results/logs/cka_strength_sweep/cifar10_cka_strength_20260724_145851/strength_1p0/seed_7 --checkpoint-dir results/checkpoints/cka_strength_sweep/cifar10_cka_strength_20260724_145851/strength_1p0/seed_7 --plot-dir results/plots/cka_strength_sweep/cifar10_cka_strength_20260724_145851
- suite=cka_strength method=cka_feddst seed=13 sparsity=0.5 exit_code=1: /mnt/aiongpfs/users/dsen/micromamba/envs/cka-cifar/bin/python -m src.train --global-config configs/global_cifar10.yaml --config configs/cka_feddst_mnist.yaml --seed 13 --sparsity 0.5 --cka-strength 1 --log-dir results/logs/cka_strength_sweep/cifar10_cka_strength_20260724_145851/strength_1p0/seed_13 --checkpoint-dir results/checkpoints/cka_strength_sweep/cifar10_cka_strength_20260724_145851/strength_1p0/seed_13 --plot-dir results/plots/cka_strength_sweep/cifar10_cka_strength_20260724_145851
- suite=cka_strength method=cka_feddst seed=13 sparsity=0.7 exit_code=1: /mnt/aiongpfs/users/dsen/micromamba/envs/cka-cifar/bin/python -m src.train --global-config configs/global_cifar10.yaml --config configs/cka_feddst_mnist.yaml --seed 13 --sparsity 0.7 --cka-strength 1 --log-dir results/logs/cka_strength_sweep/cifar10_cka_strength_20260724_145851/strength_1p0/seed_13 --checkpoint-dir results/checkpoints/cka_strength_sweep/cifar10_cka_strength_20260724_145851/strength_1p0/seed_13 --plot-dir results/plots/cka_strength_sweep/cifar10_cka_strength_20260724_145851
- suite=cka_strength method=cka_feddst seed=13 sparsity=0.8 exit_code=1: /mnt/aiongpfs/users/dsen/micromamba/envs/cka-cifar/bin/python -m src.train --global-config configs/global_cifar10.yaml --config configs/cka_feddst_mnist.yaml --seed 13 --sparsity 0.8 --cka-strength 1 --log-dir results/logs/cka_strength_sweep/cifar10_cka_strength_20260724_145851/strength_1p0/seed_13 --checkpoint-dir results/checkpoints/cka_strength_sweep/cifar10_cka_strength_20260724_145851/strength_1p0/seed_13 --plot-dir results/plots/cka_strength_sweep/cifar10_cka_strength_20260724_145851
- suite=cka_strength method=cka_feddst seed=13 sparsity=0.9 exit_code=1: /mnt/aiongpfs/users/dsen/micromamba/envs/cka-cifar/bin/python -m src.train --global-config configs/global_cifar10.yaml --config configs/cka_feddst_mnist.yaml --seed 13 --sparsity 0.9 --cka-strength 1 --log-dir results/logs/cka_strength_sweep/cifar10_cka_strength_20260724_145851/strength_1p0/seed_13 --checkpoint-dir results/checkpoints/cka_strength_sweep/cifar10_cka_strength_20260724_145851/strength_1p0/seed_13 --plot-dir results/plots/cka_strength_sweep/cifar10_cka_strength_20260724_145851
- suite=cka_strength method=cka_feddst seed=13 sparsity=0.95 exit_code=1: /mnt/aiongpfs/users/dsen/micromamba/envs/cka-cifar/bin/python -m src.train --global-config configs/global_cifar10.yaml --config configs/cka_feddst_mnist.yaml --seed 13 --sparsity 0.95 --cka-strength 1 --log-dir results/logs/cka_strength_sweep/cifar10_cka_strength_20260724_145851/strength_1p0/seed_13 --checkpoint-dir results/checkpoints/cka_strength_sweep/cifar10_cka_strength_20260724_145851/strength_1p0/seed_13 --plot-dir results/plots/cka_strength_sweep/cifar10_cka_strength_20260724_145851
- suite=cka_strength method=cka_feddst seed=21 sparsity=0.5 exit_code=1: /mnt/aiongpfs/users/dsen/micromamba/envs/cka-cifar/bin/python -m src.train --global-config configs/global_cifar10.yaml --config configs/cka_feddst_mnist.yaml --seed 21 --sparsity 0.5 --cka-strength 1 --log-dir results/logs/cka_strength_sweep/cifar10_cka_strength_20260724_145851/strength_1p0/seed_21 --checkpoint-dir results/checkpoints/cka_strength_sweep/cifar10_cka_strength_20260724_145851/strength_1p0/seed_21 --plot-dir results/plots/cka_strength_sweep/cifar10_cka_strength_20260724_145851
- suite=cka_strength method=cka_feddst seed=21 sparsity=0.7 exit_code=1: /mnt/aiongpfs/users/dsen/micromamba/envs/cka-cifar/bin/python -m src.train --global-config configs/global_cifar10.yaml --config configs/cka_feddst_mnist.yaml --seed 21 --sparsity 0.7 --cka-strength 1 --log-dir results/logs/cka_strength_sweep/cifar10_cka_strength_20260724_145851/strength_1p0/seed_21 --checkpoint-dir results/checkpoints/cka_strength_sweep/cifar10_cka_strength_20260724_145851/strength_1p0/seed_21 --plot-dir results/plots/cka_strength_sweep/cifar10_cka_strength_20260724_145851
- suite=cka_strength method=cka_feddst seed=21 sparsity=0.8 exit_code=1: /mnt/aiongpfs/users/dsen/micromamba/envs/cka-cifar/bin/python -m src.train --global-config configs/global_cifar10.yaml --config configs/cka_feddst_mnist.yaml --seed 21 --sparsity 0.8 --cka-strength 1 --log-dir results/logs/cka_strength_sweep/cifar10_cka_strength_20260724_145851/strength_1p0/seed_21 --checkpoint-dir results/checkpoints/cka_strength_sweep/cifar10_cka_strength_20260724_145851/strength_1p0/seed_21 --plot-dir results/plots/cka_strength_sweep/cifar10_cka_strength_20260724_145851
- suite=cka_strength method=cka_feddst seed=21 sparsity=0.9 exit_code=1: /mnt/aiongpfs/users/dsen/micromamba/envs/cka-cifar/bin/python -m src.train --global-config configs/global_cifar10.yaml --config configs/cka_feddst_mnist.yaml --seed 21 --sparsity 0.9 --cka-strength 1 --log-dir results/logs/cka_strength_sweep/cifar10_cka_strength_20260724_145851/strength_1p0/seed_21 --checkpoint-dir results/checkpoints/cka_strength_sweep/cifar10_cka_strength_20260724_145851/strength_1p0/seed_21 --plot-dir results/plots/cka_strength_sweep/cifar10_cka_strength_20260724_145851
- suite=cka_strength method=cka_feddst seed=21 sparsity=0.95 exit_code=1: /mnt/aiongpfs/users/dsen/micromamba/envs/cka-cifar/bin/python -m src.train --global-config configs/global_cifar10.yaml --config configs/cka_feddst_mnist.yaml --seed 21 --sparsity 0.95 --cka-strength 1 --log-dir results/logs/cka_strength_sweep/cifar10_cka_strength_20260724_145851/strength_1p0/seed_21 --checkpoint-dir results/checkpoints/cka_strength_sweep/cifar10_cka_strength_20260724_145851/strength_1p0/seed_21 --plot-dir results/plots/cka_strength_sweep/cifar10_cka_strength_20260724_145851
- suite=cka_strength method=cka_feddst seed=100 sparsity=0.5 exit_code=1: /mnt/aiongpfs/users/dsen/micromamba/envs/cka-cifar/bin/python -m src.train --global-config configs/global_cifar10.yaml --config configs/cka_feddst_mnist.yaml --seed 100 --sparsity 0.5 --cka-strength 1 --log-dir results/logs/cka_strength_sweep/cifar10_cka_strength_20260724_145851/strength_1p0/seed_100 --checkpoint-dir results/checkpoints/cka_strength_sweep/cifar10_cka_strength_20260724_145851/strength_1p0/seed_100 --plot-dir results/plots/cka_strength_sweep/cifar10_cka_strength_20260724_145851
- suite=cka_strength method=cka_feddst seed=100 sparsity=0.7 exit_code=1: /mnt/aiongpfs/users/dsen/micromamba/envs/cka-cifar/bin/python -m src.train --global-config configs/global_cifar10.yaml --config configs/cka_feddst_mnist.yaml --seed 100 --sparsity 0.7 --cka-strength 1 --log-dir results/logs/cka_strength_sweep/cifar10_cka_strength_20260724_145851/strength_1p0/seed_100 --checkpoint-dir results/checkpoints/cka_strength_sweep/cifar10_cka_strength_20260724_145851/strength_1p0/seed_100 --plot-dir results/plots/cka_strength_sweep/cifar10_cka_strength_20260724_145851
- suite=cka_strength method=cka_feddst seed=100 sparsity=0.8 exit_code=1: /mnt/aiongpfs/users/dsen/micromamba/envs/cka-cifar/bin/python -m src.train --global-config configs/global_cifar10.yaml --config configs/cka_feddst_mnist.yaml --seed 100 --sparsity 0.8 --cka-strength 1 --log-dir results/logs/cka_strength_sweep/cifar10_cka_strength_20260724_145851/strength_1p0/seed_100 --checkpoint-dir results/checkpoints/cka_strength_sweep/cifar10_cka_strength_20260724_145851/strength_1p0/seed_100 --plot-dir results/plots/cka_strength_sweep/cifar10_cka_strength_20260724_145851
- suite=cka_strength method=cka_feddst seed=100 sparsity=0.9 exit_code=1: /mnt/aiongpfs/users/dsen/micromamba/envs/cka-cifar/bin/python -m src.train --global-config configs/global_cifar10.yaml --config configs/cka_feddst_mnist.yaml --seed 100 --sparsity 0.9 --cka-strength 1 --log-dir results/logs/cka_strength_sweep/cifar10_cka_strength_20260724_145851/strength_1p0/seed_100 --checkpoint-dir results/checkpoints/cka_strength_sweep/cifar10_cka_strength_20260724_145851/strength_1p0/seed_100 --plot-dir results/plots/cka_strength_sweep/cifar10_cka_strength_20260724_145851
- suite=cka_strength method=cka_feddst seed=100 sparsity=0.95 exit_code=1: /mnt/aiongpfs/users/dsen/micromamba/envs/cka-cifar/bin/python -m src.train --global-config configs/global_cifar10.yaml --config configs/cka_feddst_mnist.yaml --seed 100 --sparsity 0.95 --cka-strength 1 --log-dir results/logs/cka_strength_sweep/cifar10_cka_strength_20260724_145851/strength_1p0/seed_100 --checkpoint-dir results/checkpoints/cka_strength_sweep/cifar10_cka_strength_20260724_145851/strength_1p0/seed_100 --plot-dir results/plots/cka_strength_sweep/cifar10_cka_strength_20260724_145851
