Host: iris-176
Started: Sat Aug  1 15:15:02 UTC 2026
Python 3.11.15
Torch: 2.7.1+cu118
Torch file: /mnt/aiongpfs/users/dsen/micromamba/envs/cka-cifar/lib/python3.11/site-packages/torch/__init__.py
CUDA build: 11.8
CUDA: True
GPU: Tesla V100-SXM2-16GB
Suite: cka_strength
Dataset: cifar10
Suite id: cifar10_cka_strength_fixed_5605137
Planned runs: 125
Seeds: 7 13 21 42 100
Sparsities: 0.5 0.7 0.8 0.9 0.95
CKA strengths: 0.2 0.5 0.8 0.9 1

[Run 1/125] suite=cka_strength method=cka_feddst seed=42 sparsity=0.5 cka_strength=0.2
Output log dir: results/logs/cka_strength_sweep/cifar10_cka_strength_fixed_5605137/strength_0p2/seed_42
Command: /mnt/aiongpfs/users/dsen/micromamba/envs/cka-cifar/bin/python -m src.train --global-config configs/global_cifar10.yaml --config configs/cka_feddst_mnist.yaml --seed 42 --sparsity 0.5 --cka-strength 0.2 --log-dir results/logs/cka_strength_sweep/cifar10_cka_strength_fixed_5605137/strength_0p2/seed_42 --checkpoint-dir results/checkpoints/cka_strength_sweep/cifar10_cka_strength_fixed_5605137/strength_0p2/seed_42 --plot-dir results/plots/cka_strength_sweep/cifar10_cka_strength_fixed_5605137
Final merged configuration:
alpha: 0.3
batch_size: 64
checkpoint_dir: results/checkpoints/cka_strength_sweep/cifar10_cka_strength_fixed_5605137/strength_0p2/seed_42
cka_interval: 2
cka_layers:
- conv1
- conv2
- conv3
- fc1
cka_max_sparsity: 0.95
cka_min_sparsity: 0.5
cka_strength: 0.2
data_check: false
data_dir: data
dataset: cifar10
device: auto
disable_cudnn: true
dry_run: false
eval_interval: 1
experiment_config_path: configs/cka_feddst_mnist.yaml
global_config_path: configs/global_cifar10.yaml
local_epochs: 1
log_cka: false
log_dir: results/logs/cka_strength_sweep/cifar10_cka_strength_fixed_5605137/strength_0p2/seed_42
lr: 0.01
mask_update_interval: 2
method: cka_feddst
model: cifar_cnn
num_clients: 5
num_workers: 2
output_dir: results
plot_dir: results/plots/cka_strength_sweep/cifar10_cka_strength_fixed_5605137
prune_fraction: 0.2
reference_size: 500
regrowth_method: gradient
rounds: 20
save_checkpoint: false
seed: 42
sparsity: 0.5
sparsity_init: random
split_dir: null
Saved merged config to: results/logs/cka_strength_sweep/cifar10_cka_strength_fixed_5605137/strength_0p2/seed_42/cka_feddst_cifar10_clients5_alpha0.3_sparsity0.5_cka0.2_seed42_20260801_151510_config.yaml
cuDNN disabled for this run.
Client label distributions:
  client 00: n= 6173, labels=[449, 1577, 16, 53, 288, 1254, 18, 319, 1561, 638]
  client 01: n= 6712, labels=[388, 41, 1016, 674, 619, 293, 705, 1884, 2, 1090]
  client 02: n= 6610, labels=[14, 2050, 564, 1192, 934, 206, 33, 1318, 147, 152]
  client 03: n=12351, labels=[4094, 1282, 465, 1114, 4, 0, 3603, 1424, 313, 52]
  client 04: n=17654, labels=[5, 0, 2889, 1917, 3105, 3197, 591, 5, 2927, 3018]
Initial sparsity | total=0.5000 | active=309936/619872
Layer sparsity | conv1.weight:0.525463;conv2.weight:0.501519;conv3.weight:0.496962;fc1.weight:0.500244;fc2.weight:0.517969
Round 001 | train_loss=2.0918 | test_loss=2.2846 | test_acc=0.1524 | sparsity=0.5000 | cka=0 | targets=
Round 002 | train_loss=1.8567 | test_loss=2.3521 | test_acc=0.1577 | sparsity=0.5001 | cka=1 | targets=conv1.weight:0.500000;conv2.weight:0.500000;conv3.weight:0.500000;fc1.weight:0.500000
Round 003 | train_loss=1.8052 | test_loss=2.4403 | test_acc=0.1591 | sparsity=0.5001 | cka=0 | targets=conv1.weight:0.500000;conv2.weight:0.500000;conv3.weight:0.500000;fc1.weight:0.500000
Round 004 | train_loss=1.7868 | test_loss=2.3911 | test_acc=0.1754 | sparsity=0.5001 | cka=1 | targets=conv1.weight:0.500000;conv2.weight:0.500000;conv3.weight:0.500000;fc1.weight:0.500000
Round 005 | train_loss=1.7760 | test_loss=2.4274 | test_acc=0.1820 | sparsity=0.5001 | cka=0 | targets=conv1.weight:0.500000;conv2.weight:0.500000;conv3.weight:0.500000;fc1.weight:0.500000
Round 006 | train_loss=1.7556 | test_loss=2.4417 | test_acc=0.1920 | sparsity=0.5001 | cka=1 | targets=conv1.weight:0.500000;conv2.weight:0.500000;conv3.weight:0.500000;fc1.weight:0.500000
Round 007 | train_loss=1.7513 | test_loss=2.4010 | test_acc=0.1929 | sparsity=0.5001 | cka=0 | targets=conv1.weight:0.500000;conv2.weight:0.500000;conv3.weight:0.500000;fc1.weight:0.500000
Round 008 | train_loss=1.7316 | test_loss=2.4184 | test_acc=0.1941 | sparsity=0.5001 | cka=1 | targets=conv1.weight:0.500000;conv2.weight:0.500000;conv3.weight:0.500000;fc1.weight:0.500000
Round 009 | train_loss=1.7120 | test_loss=2.3988 | test_acc=0.2239 | sparsity=0.5001 | cka=0 | targets=conv1.weight:0.500000;conv2.weight:0.500000;conv3.weight:0.500000;fc1.weight:0.500000
Round 010 | train_loss=1.6881 | test_loss=2.4113 | test_acc=0.2196 | sparsity=0.5001 | cka=1 | targets=conv1.weight:0.500000;conv2.weight:0.500000;conv3.weight:0.500000;fc1.weight:0.500000
Round 011 | train_loss=1.6841 | test_loss=2.2289 | test_acc=0.2264 | sparsity=0.5001 | cka=0 | targets=conv1.weight:0.500000;conv2.weight:0.500000;conv3.weight:0.500000;fc1.weight:0.500000
Round 012 | train_loss=1.6421 | test_loss=2.2394 | test_acc=0.2371 | sparsity=0.5001 | cka=1 | targets=conv1.weight:0.500000;conv2.weight:0.500000;conv3.weight:0.500000;fc1.weight:0.500000
Round 013 | train_loss=1.5998 | test_loss=2.2038 | test_acc=0.2445 | sparsity=0.5001 | cka=0 | targets=conv1.weight:0.500000;conv2.weight:0.500000;conv3.weight:0.500000;fc1.weight:0.500000
Round 014 | train_loss=1.5611 | test_loss=2.1487 | test_acc=0.2551 | sparsity=0.5001 | cka=1 | targets=conv1.weight:0.500000;conv2.weight:0.500000;conv3.weight:0.500000;fc1.weight:0.500000
Round 015 | train_loss=1.5521 | test_loss=2.0823 | test_acc=0.2549 | sparsity=0.5001 | cka=0 | targets=conv1.weight:0.500000;conv2.weight:0.500000;conv3.weight:0.500000;fc1.weight:0.500000
Round 016 | train_loss=1.5137 | test_loss=2.0607 | test_acc=0.2598 | sparsity=0.5001 | cka=1 | targets=conv1.weight:0.500000;conv2.weight:0.500000;conv3.weight:0.500000;fc1.weight:0.500000
Round 017 | train_loss=1.4840 | test_loss=2.0316 | test_acc=0.2719 | sparsity=0.5001 | cka=0 | targets=conv1.weight:0.500000;conv2.weight:0.500000;conv3.weight:0.500000;fc1.weight:0.500000
Round 018 | train_loss=1.4657 | test_loss=2.0151 | test_acc=0.2787 | sparsity=0.5001 | cka=1 | targets=conv1.weight:0.500000;conv2.weight:0.500000;conv3.weight:0.500000;fc1.weight:0.500000
Round 019 | train_loss=1.4561 | test_loss=1.9594 | test_acc=0.2882 | sparsity=0.5001 | cka=0 | targets=conv1.weight:0.500000;conv2.weight:0.500000;conv3.weight:0.500000;fc1.weight:0.500000
Round 020 | train_loss=1.4340 | test_loss=1.9596 | test_acc=0.2913 | sparsity=0.5001 | cka=1 | targets=conv1.weight:0.500000;conv2.weight:0.500000;conv3.weight:0.500000;fc1.weight:0.500000
Saved training log to: results/logs/cka_strength_sweep/cifar10_cka_strength_fixed_5605137/strength_0p2/seed_42/cka_feddst_cifar10_clients5_alpha0.3_sparsity0.5_cka0.2_seed42_20260801_151510.csv
Saved CKA log to: results/logs/cka_strength_sweep/cifar10_cka_strength_fixed_5605137/strength_0p2/seed_42/cka_feddst_cifar10_clients5_alpha0.3_sparsity0.5_cka0.2_seed42_20260801_151510_cka.csv

[Run 2/125] suite=cka_strength method=cka_feddst seed=42 sparsity=0.7 cka_strength=0.2
Output log dir: results/logs/cka_strength_sweep/cifar10_cka_strength_fixed_5605137/strength_0p2/seed_42
Command: /mnt/aiongpfs/users/dsen/micromamba/envs/cka-cifar/bin/python -m src.train --global-config configs/global_cifar10.yaml --config configs/cka_feddst_mnist.yaml --seed 42 --sparsity 0.7 --cka-strength 0.2 --log-dir results/logs/cka_strength_sweep/cifar10_cka_strength_fixed_5605137/strength_0p2/seed_42 --checkpoint-dir results/checkpoints/cka_strength_sweep/cifar10_cka_strength_fixed_5605137/strength_0p2/seed_42 --plot-dir results/plots/cka_strength_sweep/cifar10_cka_strength_fixed_5605137
Final merged configuration:
alpha: 0.3
batch_size: 64
checkpoint_dir: results/checkpoints/cka_strength_sweep/cifar10_cka_strength_fixed_5605137/strength_0p2/seed_42
cka_interval: 2
cka_layers:
- conv1
- conv2
- conv3
- fc1
cka_max_sparsity: 0.95
cka_min_sparsity: 0.5
cka_strength: 0.2
data_check: false
data_dir: data
dataset: cifar10
device: auto
disable_cudnn: true
dry_run: false
eval_interval: 1
experiment_config_path: configs/cka_feddst_mnist.yaml
global_config_path: configs/global_cifar10.yaml
local_epochs: 1
log_cka: false
log_dir: results/logs/cka_strength_sweep/cifar10_cka_strength_fixed_5605137/strength_0p2/seed_42
lr: 0.01
mask_update_interval: 2
method: cka_feddst
model: cifar_cnn
num_clients: 5
num_workers: 2
output_dir: results
plot_dir: results/plots/cka_strength_sweep/cifar10_cka_strength_fixed_5605137
prune_fraction: 0.2
reference_size: 500
regrowth_method: gradient
rounds: 20
save_checkpoint: false
seed: 42
sparsity: 0.7
sparsity_init: random
split_dir: null
Saved merged config to: results/logs/cka_strength_sweep/cifar10_cka_strength_fixed_5605137/strength_0p2/seed_42/cka_feddst_cifar10_clients5_alpha0.3_sparsity0.7_cka0.2_seed42_20260801_152237_config.yaml
cuDNN disabled for this run.
Client label distributions:
  client 00: n= 6173, labels=[449, 1577, 16, 53, 288, 1254, 18, 319, 1561, 638]
  client 01: n= 6712, labels=[388, 41, 1016, 674, 619, 293, 705, 1884, 2, 1090]
  client 02: n= 6610, labels=[14, 2050, 564, 1192, 934, 206, 33, 1318, 147, 152]
  client 03: n=12351, labels=[4094, 1282, 465, 1114, 4, 0, 3603, 1424, 313, 52]
  client 04: n=17654, labels=[5, 0, 2889, 1917, 3105, 3197, 591, 5, 2927, 3018]
Initial sparsity | total=0.7000 | active=185962/619872
Layer sparsity | conv1.weight:0.722222;conv2.weight:0.700955;conv3.weight:0.698893;fc1.weight:0.700014;fc2.weight:0.714453
Round 001 | train_loss=2.2264 | test_loss=2.3020 | test_acc=0.1002 | sparsity=0.7000 | cka=0 | targets=
Round 002 | train_loss=2.1997 | test_loss=2.2987 | test_acc=0.1323 | sparsity=0.7001 | cka=1 | targets=conv1.weight:0.697917;conv2.weight:0.698730;conv3.weight:0.698947;fc1.weight:0.700195
Round 003 | train_loss=1.9836 | test_loss=2.3018 | test_acc=0.1567 | sparsity=0.7001 | cka=0 | targets=conv1.weight:0.697917;conv2.weight:0.698730;conv3.weight:0.698947;fc1.weight:0.700195
Round 004 | train_loss=1.8288 | test_loss=2.2867 | test_acc=0.1500 | sparsity=0.7001 | cka=1 | targets=conv1.weight:0.700231;conv2.weight:0.699653;conv3.weight:0.699666;fc1.weight:0.700058
Round 005 | train_loss=1.8316 | test_loss=2.3714 | test_acc=0.1574 | sparsity=0.7001 | cka=0 | targets=conv1.weight:0.700231;conv2.weight:0.699653;conv3.weight:0.699666;fc1.weight:0.700058
Round 006 | train_loss=1.7909 | test_loss=2.3914 | test_acc=0.1688 | sparsity=0.7001 | cka=1 | targets=conv1.weight:0.699074;conv2.weight:0.699544;conv3.weight:0.699571;fc1.weight:0.700077
Round 007 | train_loss=1.7822 | test_loss=2.4671 | test_acc=0.1588 | sparsity=0.7001 | cka=0 | targets=conv1.weight:0.699074;conv2.weight:0.699544;conv3.weight:0.699571;fc1.weight:0.700077
Round 008 | train_loss=1.7719 | test_loss=2.4473 | test_acc=0.1675 | sparsity=0.7001 | cka=1 | targets=conv1.weight:0.699074;conv2.weight:0.699219;conv3.weight:0.699246;fc1.weight:0.700134
Round 009 | train_loss=1.7643 | test_loss=2.4296 | test_acc=0.1881 | sparsity=0.7001 | cka=0 | targets=conv1.weight:0.699074;conv2.weight:0.699219;conv3.weight:0.699246;fc1.weight:0.700134
Round 010 | train_loss=1.7526 | test_loss=2.4769 | test_acc=0.1787 | sparsity=0.7001 | cka=1 | targets=conv1.weight:0.699074;conv2.weight:0.699327;conv3.weight:0.699314;fc1.weight:0.700121
Round 011 | train_loss=1.7501 | test_loss=2.3842 | test_acc=0.1836 | sparsity=0.7001 | cka=0 | targets=conv1.weight:0.699074;conv2.weight:0.699327;conv3.weight:0.699314;fc1.weight:0.700121
Round 012 | train_loss=1.7360 | test_loss=2.4343 | test_acc=0.1858 | sparsity=0.7001 | cka=1 | targets=conv1.weight:0.699074;conv2.weight:0.699327;conv3.weight:0.699327;fc1.weight:0.700119
Round 013 | train_loss=1.7263 | test_loss=2.4049 | test_acc=0.2063 | sparsity=0.7001 | cka=0 | targets=conv1.weight:0.699074;conv2.weight:0.699327;conv3.weight:0.699327;fc1.weight:0.700119
Round 014 | train_loss=1.7143 | test_loss=2.4084 | test_acc=0.2058 | sparsity=0.7001 | cka=1 | targets=conv1.weight:0.699074;conv2.weight:0.699382;conv3.weight:0.699368;fc1.weight:0.700111
Round 015 | train_loss=1.7098 | test_loss=2.3835 | test_acc=0.2073 | sparsity=0.7001 | cka=0 | targets=conv1.weight:0.699074;conv2.weight:0.699382;conv3.weight:0.699368;fc1.weight:0.700111
Round 016 | train_loss=1.6846 | test_loss=2.3623 | test_acc=0.2105 | sparsity=0.7001 | cka=1 | targets=conv1.weight:0.699074;conv2.weight:0.698785;conv3.weight:0.699083;fc1.weight:0.700172
Round 017 | train_loss=1.6629 | test_loss=2.3387 | test_acc=0.2239 | sparsity=0.7001 | cka=0 | targets=conv1.weight:0.699074;conv2.weight:0.698785;conv3.weight:0.699083;fc1.weight:0.700172
Round 018 | train_loss=1.6292 | test_loss=2.2678 | test_acc=0.2295 | sparsity=0.7001 | cka=1 | targets=conv1.weight:0.699074;conv2.weight:0.698947;conv3.weight:0.699124;fc1.weight:0.700161
Round 019 | train_loss=1.6059 | test_loss=2.1916 | test_acc=0.2328 | sparsity=0.7001 | cka=0 | targets=conv1.weight:0.699074;conv2.weight:0.698947;conv3.weight:0.699124;fc1.weight:0.700161
Round 020 | train_loss=1.5806 | test_loss=2.1938 | test_acc=0.2337 | sparsity=0.7001 | cka=1 | targets=conv1.weight:0.697917;conv2.weight:0.698730;conv3.weight:0.698798;fc1.weight:0.700216
Saved training log to: results/logs/cka_strength_sweep/cifar10_cka_strength_fixed_5605137/strength_0p2/seed_42/cka_feddst_cifar10_clients5_alpha0.3_sparsity0.7_cka0.2_seed42_20260801_152237.csv
Saved CKA log to: results/logs/cka_strength_sweep/cifar10_cka_strength_fixed_5605137/strength_0p2/seed_42/cka_feddst_cifar10_clients5_alpha0.3_sparsity0.7_cka0.2_seed42_20260801_152237_cka.csv

[Run 3/125] suite=cka_strength method=cka_feddst seed=42 sparsity=0.8 cka_strength=0.2
Output log dir: results/logs/cka_strength_sweep/cifar10_cka_strength_fixed_5605137/strength_0p2/seed_42
Command: /mnt/aiongpfs/users/dsen/micromamba/envs/cka-cifar/bin/python -m src.train --global-config configs/global_cifar10.yaml --config configs/cka_feddst_mnist.yaml --seed 42 --sparsity 0.8 --cka-strength 0.2 --log-dir results/logs/cka_strength_sweep/cifar10_cka_strength_fixed_5605137/strength_0p2/seed_42 --checkpoint-dir results/checkpoints/cka_strength_sweep/cifar10_cka_strength_fixed_5605137/strength_0p2/seed_42 --plot-dir results/plots/cka_strength_sweep/cifar10_cka_strength_fixed_5605137
Final merged configuration:
alpha: 0.3
batch_size: 64
checkpoint_dir: results/checkpoints/cka_strength_sweep/cifar10_cka_strength_fixed_5605137/strength_0p2/seed_42
cka_interval: 2
cka_layers:
- conv1
- conv2
- conv3
- fc1
cka_max_sparsity: 0.95
cka_min_sparsity: 0.5
cka_strength: 0.2
data_check: false
data_dir: data
dataset: cifar10
device: auto
disable_cudnn: true
dry_run: false
eval_interval: 1
experiment_config_path: configs/cka_feddst_mnist.yaml
global_config_path: configs/global_cifar10.yaml
local_epochs: 1
log_cka: false
log_dir: results/logs/cka_strength_sweep/cifar10_cka_strength_fixed_5605137/strength_0p2/seed_42
lr: 0.01
mask_update_interval: 2
method: cka_feddst
model: cifar_cnn
num_clients: 5
num_workers: 2
output_dir: results
plot_dir: results/plots/cka_strength_sweep/cifar10_cka_strength_fixed_5605137
prune_fraction: 0.2
reference_size: 500
regrowth_method: gradient
rounds: 20
save_checkpoint: false
seed: 42
sparsity: 0.8
sparsity_init: random
split_dir: null
Saved merged config to: results/logs/cka_strength_sweep/cifar10_cka_strength_fixed_5605137/strength_0p2/seed_42/cka_feddst_cifar10_clients5_alpha0.3_sparsity0.8_cka0.2_seed42_20260801_152930_config.yaml
cuDNN disabled for this run.
Client label distributions:
  client 00: n= 6173, labels=[449, 1577, 16, 53, 288, 1254, 18, 319, 1561, 638]
  client 01: n= 6712, labels=[388, 41, 1016, 674, 619, 293, 705, 1884, 2, 1090]
  client 02: n= 6610, labels=[14, 2050, 564, 1192, 934, 206, 33, 1318, 147, 152]
  client 03: n=12351, labels=[4094, 1282, 465, 1114, 4, 0, 3603, 1424, 313, 52]
  client 04: n=17654, labels=[5, 0, 2889, 1917, 3105, 3197, 591, 5, 2927, 3018]
Initial sparsity | total=0.8000 | active=123974/619872
Layer sparsity | conv1.weight:0.818287;conv2.weight:0.798177;conv3.weight:0.798815;fc1.weight:0.800186;fc2.weight:0.803125
Round 001 | train_loss=2.2321 | test_loss=2.3030 | test_acc=0.1000 | sparsity=0.8000 | cka=0 | targets=
Round 002 | train_loss=2.2317 | test_loss=2.3036 | test_acc=0.1000 | sparsity=0.8000 | cka=1 | targets=conv1.weight:0.799769;conv2.weight:0.799533;conv3.weight:0.799533;fc1.weight:0.800083
Round 003 | train_loss=2.2150 | test_loss=2.3025 | test_acc=0.1160 | sparsity=0.8000 | cka=0 | targets=conv1.weight:0.799769;conv2.weight:0.799533;conv3.weight:0.799533;fc1.weight:0.800083
Round 004 | train_loss=2.0794 | test_loss=2.3014 | test_acc=0.1629 | sparsity=0.8000 | cka=1 | targets=conv1.weight:0.799769;conv2.weight:0.799859;conv3.weight:0.799886;fc1.weight:0.800022
Round 005 | train_loss=1.9366 | test_loss=2.3193 | test_acc=0.1494 | sparsity=0.8000 | cka=0 | targets=conv1.weight:0.799769;conv2.weight:0.799859;conv3.weight:0.799886;fc1.weight:0.800022
Round 006 | train_loss=1.8184 | test_loss=2.3834 | test_acc=0.1634 | sparsity=0.8000 | cka=1 | targets=conv1.weight:0.799769;conv2.weight:0.799859;conv3.weight:0.799845;fc1.weight:0.800028
Round 007 | train_loss=1.7992 | test_loss=2.4591 | test_acc=0.1546 | sparsity=0.8000 | cka=0 | targets=conv1.weight:0.799769;conv2.weight:0.799859;conv3.weight:0.799845;fc1.weight:0.800028
Round 008 | train_loss=1.7877 | test_loss=2.4243 | test_acc=0.1624 | sparsity=0.8000 | cka=1 | targets=conv1.weight:0.799769;conv2.weight:0.799750;conv3.weight:0.799723;fc1.weight:0.800049
Round 009 | train_loss=1.7807 | test_loss=2.4231 | test_acc=0.1797 | sparsity=0.8000 | cka=0 | targets=conv1.weight:0.799769;conv2.weight:0.799750;conv3.weight:0.799723;fc1.weight:0.800049
Round 010 | train_loss=1.7697 | test_loss=2.4444 | test_acc=0.1737 | sparsity=0.8000 | cka=1 | targets=conv1.weight:0.799769;conv2.weight:0.799533;conv3.weight:0.799520;fc1.weight:0.800085
Round 011 | train_loss=1.7668 | test_loss=2.3980 | test_acc=0.1870 | sparsity=0.8000 | cka=0 | targets=conv1.weight:0.799769;conv2.weight:0.799533;conv3.weight:0.799520;fc1.weight:0.800085
Round 012 | train_loss=1.7552 | test_loss=2.3811 | test_acc=0.1865 | sparsity=0.8000 | cka=1 | targets=conv1.weight:0.799769;conv2.weight:0.799425;conv3.weight:0.799411;fc1.weight:0.800104
Round 013 | train_loss=1.7471 | test_loss=2.3993 | test_acc=0.1953 | sparsity=0.8000 | cka=0 | targets=conv1.weight:0.799769;conv2.weight:0.799425;conv3.weight:0.799411;fc1.weight:0.800104
Round 014 | train_loss=1.7381 | test_loss=2.3877 | test_acc=0.1992 | sparsity=0.8000 | cka=1 | targets=conv1.weight:0.799769;conv2.weight:0.799262;conv3.weight:0.799289;fc1.weight:0.800127
Round 015 | train_loss=1.7373 | test_loss=2.4202 | test_acc=0.1981 | sparsity=0.8000 | cka=0 | targets=conv1.weight:0.799769;conv2.weight:0.799262;conv3.weight:0.799289;fc1.weight:0.800127
Round 016 | train_loss=1.7243 | test_loss=2.3696 | test_acc=0.2026 | sparsity=0.8000 | cka=1 | targets=conv1.weight:0.799769;conv2.weight:0.799208;conv3.weight:0.799194;fc1.weight:0.800142
Round 017 | train_loss=1.7188 | test_loss=2.4042 | test_acc=0.2043 | sparsity=0.8000 | cka=0 | targets=conv1.weight:0.799769;conv2.weight:0.799208;conv3.weight:0.799194;fc1.weight:0.800142
Round 018 | train_loss=1.7103 | test_loss=2.3885 | test_acc=0.2075 | sparsity=0.8000 | cka=1 | targets=conv1.weight:0.799769;conv2.weight:0.799316;conv3.weight:0.799316;fc1.weight:0.800121
Round 019 | train_loss=1.7093 | test_loss=2.3763 | test_acc=0.2087 | sparsity=0.8000 | cka=0 | targets=conv1.weight:0.799769;conv2.weight:0.799316;conv3.weight:0.799316;fc1.weight:0.800121
Round 020 | train_loss=1.6952 | test_loss=2.3013 | test_acc=0.2161 | sparsity=0.8000 | cka=1 | targets=conv1.weight:0.799769;conv2.weight:0.799316;conv3.weight:0.799330;fc1.weight:0.800119
Saved training log to: results/logs/cka_strength_sweep/cifar10_cka_strength_fixed_5605137/strength_0p2/seed_42/cka_feddst_cifar10_clients5_alpha0.3_sparsity0.8_cka0.2_seed42_20260801_152930.csv
Saved CKA log to: results/logs/cka_strength_sweep/cifar10_cka_strength_fixed_5605137/strength_0p2/seed_42/cka_feddst_cifar10_clients5_alpha0.3_sparsity0.8_cka0.2_seed42_20260801_152930_cka.csv

[Run 4/125] suite=cka_strength method=cka_feddst seed=42 sparsity=0.9 cka_strength=0.2
Output log dir: results/logs/cka_strength_sweep/cifar10_cka_strength_fixed_5605137/strength_0p2/seed_42
Command: /mnt/aiongpfs/users/dsen/micromamba/envs/cka-cifar/bin/python -m src.train --global-config configs/global_cifar10.yaml --config configs/cka_feddst_mnist.yaml --seed 42 --sparsity 0.9 --cka-strength 0.2 --log-dir results/logs/cka_strength_sweep/cifar10_cka_strength_fixed_5605137/strength_0p2/seed_42 --checkpoint-dir results/checkpoints/cka_strength_sweep/cifar10_cka_strength_fixed_5605137/strength_0p2/seed_42 --plot-dir results/plots/cka_strength_sweep/cifar10_cka_strength_fixed_5605137
Final merged configuration:
alpha: 0.3
batch_size: 64
checkpoint_dir: results/checkpoints/cka_strength_sweep/cifar10_cka_strength_fixed_5605137/strength_0p2/seed_42
cka_interval: 2
cka_layers:
- conv1
- conv2
- conv3
- fc1
cka_max_sparsity: 0.95
cka_min_sparsity: 0.5
cka_strength: 0.2
data_check: false
data_dir: data
dataset: cifar10
device: auto
disable_cudnn: true
dry_run: false
eval_interval: 1
experiment_config_path: configs/cka_feddst_mnist.yaml
global_config_path: configs/global_cifar10.yaml
local_epochs: 1
log_cka: false
log_dir: results/logs/cka_strength_sweep/cifar10_cka_strength_fixed_5605137/strength_0p2/seed_42
lr: 0.01
mask_update_interval: 2
method: cka_feddst
model: cifar_cnn
num_clients: 5
num_workers: 2
output_dir: results
plot_dir: results/plots/cka_strength_sweep/cifar10_cka_strength_fixed_5605137
prune_fraction: 0.2
reference_size: 500
regrowth_method: gradient
rounds: 20
save_checkpoint: false
seed: 42
sparsity: 0.9
sparsity_init: random
split_dir: null
Saved merged config to: results/logs/cka_strength_sweep/cifar10_cka_strength_fixed_5605137/strength_0p2/seed_42/cka_feddst_cifar10_clients5_alpha0.3_sparsity0.9_cka0.2_seed42_20260801_153622_config.yaml
cuDNN disabled for this run.
Client label distributions:
  client 00: n= 6173, labels=[449, 1577, 16, 53, 288, 1254, 18, 319, 1561, 638]
  client 01: n= 6712, labels=[388, 41, 1016, 674, 619, 293, 705, 1884, 2, 1090]
  client 02: n= 6610, labels=[14, 2050, 564, 1192, 934, 206, 33, 1318, 147, 152]
  client 03: n=12351, labels=[4094, 1282, 465, 1114, 4, 0, 3603, 1424, 313, 52]
  client 04: n=17654, labels=[5, 0, 2889, 1917, 3105, 3197, 591, 5, 2927, 3018]
Initial sparsity | total=0.9000 | active=61987/619872
Layer sparsity | conv1.weight:0.895833;conv2.weight:0.898872;conv3.weight:0.897461;fc1.weight:0.900391;fc2.weight:0.902734
Round 001 | train_loss=2.2342 | test_loss=2.3031 | test_acc=0.1000 | sparsity=0.9000 | cka=0 | targets=
Round 002 | train_loss=2.2346 | test_loss=2.3037 | test_acc=0.1000 | sparsity=0.9000 | cka=1 | targets=conv1.weight:0.900463;conv2.weight:0.899957;conv3.weight:0.899943;fc1.weight:0.900009
Round 003 | train_loss=2.2348 | test_loss=2.3047 | test_acc=0.1000 | sparsity=0.9000 | cka=0 | targets=conv1.weight:0.900463;conv2.weight:0.899957;conv3.weight:0.899943;fc1.weight:0.900009
Round 004 | train_loss=2.2355 | test_loss=2.3057 | test_acc=0.1000 | sparsity=0.9000 | cka=1 | targets=conv1.weight:0.899306;conv2.weight:0.899523;conv3.weight:0.899563;fc1.weight:0.900080
Round 005 | train_loss=2.2372 | test_loss=2.3069 | test_acc=0.1000 | sparsity=0.9000 | cka=0 | targets=conv1.weight:0.899306;conv2.weight:0.899523;conv3.weight:0.899563;fc1.weight:0.900080
Round 006 | train_loss=2.2381 | test_loss=2.3080 | test_acc=0.1021 | sparsity=0.9000 | cka=1 | targets=conv1.weight:0.899306;conv2.weight:0.899848;conv3.weight:0.899835;fc1.weight:0.900030
Round 007 | train_loss=2.2382 | test_loss=2.3091 | test_acc=0.1000 | sparsity=0.9000 | cka=0 | targets=conv1.weight:0.899306;conv2.weight:0.899848;conv3.weight:0.899835;fc1.weight:0.900030
Round 008 | train_loss=2.2383 | test_loss=2.3101 | test_acc=0.1000 | sparsity=0.9000 | cka=1 | targets=conv1.weight:0.899306;conv2.weight:0.899631;conv3.weight:0.899631;fc1.weight:0.900066
Round 009 | train_loss=2.2402 | test_loss=2.3111 | test_acc=0.1000 | sparsity=0.9000 | cka=0 | targets=conv1.weight:0.899306;conv2.weight:0.899631;conv3.weight:0.899631;fc1.weight:0.900066
Round 010 | train_loss=2.2403 | test_loss=2.3119 | test_acc=0.1000 | sparsity=0.9000 | cka=1 | targets=conv1.weight:0.899306;conv2.weight:0.899794;conv3.weight:0.899807;fc1.weight:0.900036
Round 011 | train_loss=2.2387 | test_loss=2.3127 | test_acc=0.1000 | sparsity=0.9000 | cka=0 | targets=conv1.weight:0.899306;conv2.weight:0.899794;conv3.weight:0.899807;fc1.weight:0.900036
Round 012 | train_loss=2.2361 | test_loss=2.3134 | test_acc=0.1000 | sparsity=0.9000 | cka=1 | targets=conv1.weight:0.899306;conv2.weight:0.899794;conv3.weight:0.899848;fc1.weight:0.900030
Round 013 | train_loss=2.2390 | test_loss=2.3142 | test_acc=0.1000 | sparsity=0.9000 | cka=0 | targets=conv1.weight:0.899306;conv2.weight:0.899794;conv3.weight:0.899848;fc1.weight:0.900030
Round 014 | train_loss=2.2367 | test_loss=2.3148 | test_acc=0.1000 | sparsity=0.9000 | cka=1 | targets=conv1.weight:0.899306;conv2.weight:0.899794;conv3.weight:0.899821;fc1.weight:0.900034
Round 015 | train_loss=2.2262 | test_loss=2.3163 | test_acc=0.1000 | sparsity=0.9000 | cka=0 | targets=conv1.weight:0.899306;conv2.weight:0.899794;conv3.weight:0.899821;fc1.weight:0.900034
Round 016 | train_loss=2.1774 | test_loss=2.3198 | test_acc=0.1069 | sparsity=0.9000 | cka=1 | targets=conv1.weight:0.899306;conv2.weight:0.899957;conv3.weight:0.899957;fc1.weight:0.900009
Round 017 | train_loss=2.0887 | test_loss=2.3497 | test_acc=0.1012 | sparsity=0.9000 | cka=0 | targets=conv1.weight:0.899306;conv2.weight:0.899957;conv3.weight:0.899957;fc1.weight:0.900009
Round 018 | train_loss=1.9053 | test_loss=2.3837 | test_acc=0.1004 | sparsity=0.9000 | cka=1 | targets=conv1.weight:0.899306;conv2.weight:0.899902;conv3.weight:0.899916;fc1.weight:0.900017
Round 019 | train_loss=1.8286 | test_loss=2.4562 | test_acc=0.1458 | sparsity=0.9000 | cka=0 | targets=conv1.weight:0.899306;conv2.weight:0.899902;conv3.weight:0.899916;fc1.weight:0.900017
Round 020 | train_loss=1.7930 | test_loss=2.4319 | test_acc=0.1576 | sparsity=0.9000 | cka=1 | targets=conv1.weight:0.900463;conv2.weight:0.899957;conv3.weight:0.899970;fc1.weight:0.900005
Saved training log to: results/logs/cka_strength_sweep/cifar10_cka_strength_fixed_5605137/strength_0p2/seed_42/cka_feddst_cifar10_clients5_alpha0.3_sparsity0.9_cka0.2_seed42_20260801_153622.csv
Saved CKA log to: results/logs/cka_strength_sweep/cifar10_cka_strength_fixed_5605137/strength_0p2/seed_42/cka_feddst_cifar10_clients5_alpha0.3_sparsity0.9_cka0.2_seed42_20260801_153622_cka.csv

[Run 5/125] suite=cka_strength method=cka_feddst seed=42 sparsity=0.95 cka_strength=0.2
Output log dir: results/logs/cka_strength_sweep/cifar10_cka_strength_fixed_5605137/strength_0p2/seed_42
Command: /mnt/aiongpfs/users/dsen/micromamba/envs/cka-cifar/bin/python -m src.train --global-config configs/global_cifar10.yaml --config configs/cka_feddst_mnist.yaml --seed 42 --sparsity 0.95 --cka-strength 0.2 --log-dir results/logs/cka_strength_sweep/cifar10_cka_strength_fixed_5605137/strength_0p2/seed_42 --checkpoint-dir results/checkpoints/cka_strength_sweep/cifar10_cka_strength_fixed_5605137/strength_0p2/seed_42 --plot-dir results/plots/cka_strength_sweep/cifar10_cka_strength_fixed_5605137
Final merged configuration:
alpha: 0.3
batch_size: 64
checkpoint_dir: results/checkpoints/cka_strength_sweep/cifar10_cka_strength_fixed_5605137/strength_0p2/seed_42
cka_interval: 2
cka_layers:
- conv1
- conv2
- conv3
- fc1
cka_max_sparsity: 0.95
cka_min_sparsity: 0.5
cka_strength: 0.2
data_check: false
data_dir: data
dataset: cifar10
device: auto
disable_cudnn: true
dry_run: false
eval_interval: 1
experiment_config_path: configs/cka_feddst_mnist.yaml
global_config_path: configs/global_cifar10.yaml
local_epochs: 1
log_cka: false
log_dir: results/logs/cka_strength_sweep/cifar10_cka_strength_fixed_5605137/strength_0p2/seed_42
lr: 0.01
mask_update_interval: 2
method: cka_feddst
model: cifar_cnn
num_clients: 5
num_workers: 2
output_dir: results
plot_dir: results/plots/cka_strength_sweep/cifar10_cka_strength_fixed_5605137
prune_fraction: 0.2
reference_size: 500
regrowth_method: gradient
rounds: 20
save_checkpoint: false
seed: 42
sparsity: 0.95
sparsity_init: random
split_dir: null
Saved merged config to: results/logs/cka_strength_sweep/cifar10_cka_strength_fixed_5605137/strength_0p2/seed_42/cka_feddst_cifar10_clients5_alpha0.3_sparsity0.95_cka0.2_seed42_20260801_154316_config.yaml
cuDNN disabled for this run.
Client label distributions:
  client 00: n= 6173, labels=[449, 1577, 16, 53, 288, 1254, 18, 319, 1561, 638]
  client 01: n= 6712, labels=[388, 41, 1016, 674, 619, 293, 705, 1884, 2, 1090]
  client 02: n= 6610, labels=[14, 2050, 564, 1192, 934, 206, 33, 1318, 147, 152]
  client 03: n=12351, labels=[4094, 1282, 465, 1114, 4, 0, 3603, 1424, 313, 52]
  client 04: n=17654, labels=[5, 0, 2889, 1917, 3105, 3197, 591, 5, 2927, 3018]
Initial sparsity | total=0.9500 | active=30994/619872
Layer sparsity | conv1.weight:0.946759;conv2.weight:0.948730;conv3.weight:0.948419;fc1.weight:0.950260;fc2.weight:0.952344
Round 001 | train_loss=2.2348 | test_loss=2.3030 | test_acc=0.1000 | sparsity=0.9500 | cka=0 | targets=
Round 002 | train_loss=2.2354 | test_loss=2.3037 | test_acc=0.1000 | sparsity=0.9500 | cka=1 | targets=conv1.weight:0.949074;conv2.weight:0.949978;conv3.weight:0.949992;fc1.weight:0.949999
Round 003 | train_loss=2.2361 | test_loss=2.3046 | test_acc=0.1000 | sparsity=0.9500 | cka=0 | targets=conv1.weight:0.949074;conv2.weight:0.949978;conv3.weight:0.949992;fc1.weight:0.949999
Round 004 | train_loss=2.2372 | test_loss=2.3057 | test_acc=0.1000 | sparsity=0.9500 | cka=1 | targets=conv1.weight:0.949074;conv2.weight:0.949978;conv3.weight:0.949992;fc1.weight:0.949999
Round 005 | train_loss=2.2386 | test_loss=2.3068 | test_acc=0.1000 | sparsity=0.9500 | cka=0 | targets=conv1.weight:0.949074;conv2.weight:0.949978;conv3.weight:0.949992;fc1.weight:0.949999
Round 006 | train_loss=2.2398 | test_loss=2.3079 | test_acc=0.1000 | sparsity=0.9500 | cka=1 | targets=conv1.weight:0.949074;conv2.weight:0.949978;conv3.weight:0.949992;fc1.weight:0.949999
Round 007 | train_loss=2.2407 | test_loss=2.3090 | test_acc=0.1000 | sparsity=0.9500 | cka=0 | targets=conv1.weight:0.949074;conv2.weight:0.949978;conv3.weight:0.949992;fc1.weight:0.949999
Round 008 | train_loss=2.2416 | test_loss=2.3099 | test_acc=0.1000 | sparsity=0.9500 | cka=1 | targets=conv1.weight:0.949074;conv2.weight:0.949978;conv3.weight:0.949992;fc1.weight:0.949999
Round 009 | train_loss=2.2428 | test_loss=2.3108 | test_acc=0.1000 | sparsity=0.9500 | cka=0 | targets=conv1.weight:0.949074;conv2.weight:0.949978;conv3.weight:0.949992;fc1.weight:0.949999
Round 010 | train_loss=2.2436 | test_loss=2.3116 | test_acc=0.1000 | sparsity=0.9500 | cka=1 | targets=conv1.weight:0.949074;conv2.weight:0.949978;conv3.weight:0.949992;fc1.weight:0.949999
Round 011 | train_loss=2.2439 | test_loss=2.3123 | test_acc=0.1000 | sparsity=0.9500 | cka=0 | targets=conv1.weight:0.949074;conv2.weight:0.949978;conv3.weight:0.949992;fc1.weight:0.949999
Round 012 | train_loss=2.2444 | test_loss=2.3130 | test_acc=0.1000 | sparsity=0.9500 | cka=1 | targets=conv1.weight:0.949074;conv2.weight:0.949978;conv3.weight:0.949992;fc1.weight:0.949999
Round 013 | train_loss=2.2453 | test_loss=2.3135 | test_acc=0.1000 | sparsity=0.9500 | cka=0 | targets=conv1.weight:0.949074;conv2.weight:0.949978;conv3.weight:0.949992;fc1.weight:0.949999
Round 014 | train_loss=2.2457 | test_loss=2.3140 | test_acc=0.1000 | sparsity=0.9500 | cka=1 | targets=conv1.weight:0.949074;conv2.weight:0.949978;conv3.weight:0.949992;fc1.weight:0.949999
Round 015 | train_loss=2.2454 | test_loss=2.3145 | test_acc=0.1000 | sparsity=0.9500 | cka=0 | targets=conv1.weight:0.949074;conv2.weight:0.949978;conv3.weight:0.949992;fc1.weight:0.949999
Round 016 | train_loss=2.2452 | test_loss=2.3149 | test_acc=0.1000 | sparsity=0.9500 | cka=1 | targets=conv1.weight:0.949074;conv2.weight:0.949978;conv3.weight:0.949992;fc1.weight:0.949999
Round 017 | train_loss=2.2462 | test_loss=2.3152 | test_acc=0.1000 | sparsity=0.9500 | cka=0 | targets=conv1.weight:0.949074;conv2.weight:0.949978;conv3.weight:0.949992;fc1.weight:0.949999
Round 018 | train_loss=2.2462 | test_loss=2.3155 | test_acc=0.1000 | sparsity=0.9500 | cka=1 | targets=conv1.weight:0.949074;conv2.weight:0.949978;conv3.weight:0.949992;fc1.weight:0.949999
Round 019 | train_loss=2.2449 | test_loss=2.3158 | test_acc=0.1000 | sparsity=0.9500 | cka=0 | targets=conv1.weight:0.949074;conv2.weight:0.949978;conv3.weight:0.949992;fc1.weight:0.949999
Round 020 | train_loss=2.2439 | test_loss=2.3161 | test_acc=0.1000 | sparsity=0.9500 | cka=1 | targets=conv1.weight:0.949074;conv2.weight:0.949978;conv3.weight:0.949992;fc1.weight:0.949999
Saved training log to: results/logs/cka_strength_sweep/cifar10_cka_strength_fixed_5605137/strength_0p2/seed_42/cka_feddst_cifar10_clients5_alpha0.3_sparsity0.95_cka0.2_seed42_20260801_154316.csv
Saved CKA log to: results/logs/cka_strength_sweep/cifar10_cka_strength_fixed_5605137/strength_0p2/seed_42/cka_feddst_cifar10_clients5_alpha0.3_sparsity0.95_cka0.2_seed42_20260801_154316_cka.csv

[Run 6/125] suite=cka_strength method=cka_feddst seed=7 sparsity=0.5 cka_strength=0.2
Output log dir: results/logs/cka_strength_sweep/cifar10_cka_strength_fixed_5605137/strength_0p2/seed_7
Command: /mnt/aiongpfs/users/dsen/micromamba/envs/cka-cifar/bin/python -m src.train --global-config configs/global_cifar10.yaml --config configs/cka_feddst_mnist.yaml --seed 7 --sparsity 0.5 --cka-strength 0.2 --log-dir results/logs/cka_strength_sweep/cifar10_cka_strength_fixed_5605137/strength_0p2/seed_7 --checkpoint-dir results/checkpoints/cka_strength_sweep/cifar10_cka_strength_fixed_5605137/strength_0p2/seed_7 --plot-dir results/plots/cka_strength_sweep/cifar10_cka_strength_fixed_5605137
Final merged configuration:
alpha: 0.3
batch_size: 64
checkpoint_dir: results/checkpoints/cka_strength_sweep/cifar10_cka_strength_fixed_5605137/strength_0p2/seed_7
cka_interval: 2
cka_layers:
- conv1
- conv2
- conv3
- fc1
cka_max_sparsity: 0.95
cka_min_sparsity: 0.5
cka_strength: 0.2
data_check: false
data_dir: data
dataset: cifar10
device: auto
disable_cudnn: true
dry_run: false
eval_interval: 1
experiment_config_path: configs/cka_feddst_mnist.yaml
global_config_path: configs/global_cifar10.yaml
local_epochs: 1
log_cka: false
log_dir: results/logs/cka_strength_sweep/cifar10_cka_strength_fixed_5605137/strength_0p2/seed_7
lr: 0.01
mask_update_interval: 2
method: cka_feddst
model: cifar_cnn
num_clients: 5
num_workers: 2
output_dir: results
plot_dir: results/plots/cka_strength_sweep/cifar10_cka_strength_fixed_5605137
prune_fraction: 0.2
reference_size: 500
regrowth_method: gradient
rounds: 20
save_checkpoint: false
seed: 7
sparsity: 0.5
sparsity_init: random
split_dir: null
Saved merged config to: results/logs/cka_strength_sweep/cifar10_cka_strength_fixed_5605137/strength_0p2/seed_7/cka_feddst_cifar10_clients5_alpha0.3_sparsity0.5_cka0.2_seed7_20260801_155018_config.yaml
cuDNN disabled for this run.
Client label distributions:
  client 00: n= 7681, labels=[142, 16, 5, 202, 411, 2130, 3884, 876, 12, 3]
  client 01: n= 8711, labels=[1321, 1281, 355, 76, 3165, 8, 25, 0, 1922, 558]
  client 02: n=19320, labels=[2810, 141, 3133, 4649, 1064, 2142, 26, 2148, 2915, 292]
  client 03: n= 5169, labels=[22, 3285, 1093, 5, 3, 639, 18, 41, 63, 0]
  client 04: n= 8619, labels=[655, 227, 364, 18, 307, 31, 997, 1885, 38, 4097]
Initial sparsity | total=0.5000 | active=309936/619872
Layer sparsity | conv1.weight:0.508102;conv2.weight:0.501302;conv3.weight:0.499146;fc1.weight:0.500034;fc2.weight:0.505469
Round 001 | train_loss=1.9954 | test_loss=2.2963 | test_acc=0.1211 | sparsity=0.5000 | cka=0 | targets=
Round 002 | train_loss=1.7366 | test_loss=2.3502 | test_acc=0.1232 | sparsity=0.5000 | cka=1 | targets=conv1.weight:0.500000;conv2.weight:0.500000;conv3.weight:0.500000;fc1.weight:0.500000
Round 003 | train_loss=1.6802 | test_loss=2.3642 | test_acc=0.1336 | sparsity=0.5000 | cka=0 | targets=conv1.weight:0.500000;conv2.weight:0.500000;conv3.weight:0.500000;fc1.weight:0.500000
Round 004 | train_loss=1.6558 | test_loss=2.3356 | test_acc=0.1538 | sparsity=0.5000 | cka=1 | targets=conv1.weight:0.500000;conv2.weight:0.500000;conv3.weight:0.500000;fc1.weight:0.500000
Round 005 | train_loss=1.6402 | test_loss=2.3892 | test_acc=0.1494 | sparsity=0.5000 | cka=0 | targets=conv1.weight:0.500000;conv2.weight:0.500000;conv3.weight:0.500000;fc1.weight:0.500000
Round 006 | train_loss=1.6163 | test_loss=2.4012 | test_acc=0.1541 | sparsity=0.5000 | cka=1 | targets=conv1.weight:0.500000;conv2.weight:0.500000;conv3.weight:0.500000;fc1.weight:0.500000
Round 007 | train_loss=1.6055 | test_loss=2.3134 | test_acc=0.2011 | sparsity=0.5000 | cka=0 | targets=conv1.weight:0.500000;conv2.weight:0.500000;conv3.weight:0.500000;fc1.weight:0.500000
Round 008 | train_loss=1.5723 | test_loss=2.2977 | test_acc=0.2001 | sparsity=0.5000 | cka=1 | targets=conv1.weight:0.500000;conv2.weight:0.500000;conv3.weight:0.500000;fc1.weight:0.500000
Round 009 | train_loss=1.5406 | test_loss=2.2598 | test_acc=0.2141 | sparsity=0.5000 | cka=0 | targets=conv1.weight:0.500000;conv2.weight:0.500000;conv3.weight:0.500000;fc1.weight:0.500000
Round 010 | train_loss=1.4937 | test_loss=2.3195 | test_acc=0.2084 | sparsity=0.5000 | cka=1 | targets=conv1.weight:0.500000;conv2.weight:0.500000;conv3.weight:0.500000;fc1.weight:0.500000
Round 011 | train_loss=1.4785 | test_loss=2.3698 | test_acc=0.2157 | sparsity=0.5000 | cka=0 | targets=conv1.weight:0.500000;conv2.weight:0.500000;conv3.weight:0.500000;fc1.weight:0.500000
Round 012 | train_loss=1.4356 | test_loss=2.1566 | test_acc=0.2440 | sparsity=0.5000 | cka=1 | targets=conv1.weight:0.500000;conv2.weight:0.500000;conv3.weight:0.500000;fc1.weight:0.500000
Round 013 | train_loss=1.4031 | test_loss=2.0213 | test_acc=0.2631 | sparsity=0.5000 | cka=0 | targets=conv1.weight:0.500000;conv2.weight:0.500000;conv3.weight:0.500000;fc1.weight:0.500000
Round 014 | train_loss=1.3783 | test_loss=2.0921 | test_acc=0.2480 | sparsity=0.5000 | cka=1 | targets=conv1.weight:0.500000;conv2.weight:0.500000;conv3.weight:0.500000;fc1.weight:0.500000
Round 015 | train_loss=1.3674 | test_loss=1.9429 | test_acc=0.2807 | sparsity=0.5000 | cka=0 | targets=conv1.weight:0.500000;conv2.weight:0.500000;conv3.weight:0.500000;fc1.weight:0.500000
Round 016 | train_loss=1.3377 | test_loss=2.0020 | test_acc=0.2834 | sparsity=0.5000 | cka=1 | targets=conv1.weight:0.500000;conv2.weight:0.500000;conv3.weight:0.500000;fc1.weight:0.500000
Round 017 | train_loss=1.3238 | test_loss=1.9906 | test_acc=0.2970 | sparsity=0.5000 | cka=0 | targets=conv1.weight:0.500000;conv2.weight:0.500000;conv3.weight:0.500000;fc1.weight:0.500000
Round 018 | train_loss=1.3021 | test_loss=1.9335 | test_acc=0.3141 | sparsity=0.5000 | cka=1 | targets=conv1.weight:0.500000;conv2.weight:0.500000;conv3.weight:0.500000;fc1.weight:0.500000
Round 019 | train_loss=1.2936 | test_loss=1.9832 | test_acc=0.2891 | sparsity=0.5000 | cka=0 | targets=conv1.weight:0.500000;conv2.weight:0.500000;conv3.weight:0.500000;fc1.weight:0.500000
Round 020 | train_loss=1.2753 | test_loss=1.8757 | test_acc=0.3316 | sparsity=0.5000 | cka=1 | targets=conv1.weight:0.500000;conv2.weight:0.500000;conv3.weight:0.500000;fc1.weight:0.500000
Saved training log to: results/logs/cka_strength_sweep/cifar10_cka_strength_fixed_5605137/strength_0p2/seed_7/cka_feddst_cifar10_clients5_alpha0.3_sparsity0.5_cka0.2_seed7_20260801_155018.csv
Saved CKA log to: results/logs/cka_strength_sweep/cifar10_cka_strength_fixed_5605137/strength_0p2/seed_7/cka_feddst_cifar10_clients5_alpha0.3_sparsity0.5_cka0.2_seed7_20260801_155018_cka.csv

[Run 7/125] suite=cka_strength method=cka_feddst seed=7 sparsity=0.7 cka_strength=0.2
Output log dir: results/logs/cka_strength_sweep/cifar10_cka_strength_fixed_5605137/strength_0p2/seed_7
Command: /mnt/aiongpfs/users/dsen/micromamba/envs/cka-cifar/bin/python -m src.train --global-config configs/global_cifar10.yaml --config configs/cka_feddst_mnist.yaml --seed 7 --sparsity 0.7 --cka-strength 0.2 --log-dir results/logs/cka_strength_sweep/cifar10_cka_strength_fixed_5605137/strength_0p2/seed_7 --checkpoint-dir results/checkpoints/cka_strength_sweep/cifar10_cka_strength_fixed_5605137/strength_0p2/seed_7 --plot-dir results/plots/cka_strength_sweep/cifar10_cka_strength_fixed_5605137
Final merged configuration:
alpha: 0.3
batch_size: 64
checkpoint_dir: results/checkpoints/cka_strength_sweep/cifar10_cka_strength_fixed_5605137/strength_0p2/seed_7
cka_interval: 2
cka_layers:
- conv1
- conv2
- conv3
- fc1
cka_max_sparsity: 0.95
cka_min_sparsity: 0.5
cka_strength: 0.2
data_check: false
data_dir: data
dataset: cifar10
device: auto
disable_cudnn: true
dry_run: false
eval_interval: 1
experiment_config_path: configs/cka_feddst_mnist.yaml
global_config_path: configs/global_cifar10.yaml
local_epochs: 1
log_cka: false
log_dir: results/logs/cka_strength_sweep/cifar10_cka_strength_fixed_5605137/strength_0p2/seed_7
lr: 0.01
mask_update_interval: 2
method: cka_feddst
model: cifar_cnn
num_clients: 5
num_workers: 2
output_dir: results
plot_dir: results/plots/cka_strength_sweep/cifar10_cka_strength_fixed_5605137
prune_fraction: 0.2
reference_size: 500
regrowth_method: gradient
rounds: 20
save_checkpoint: false
seed: 7
sparsity: 0.7
sparsity_init: random
split_dir: null
Saved merged config to: results/logs/cka_strength_sweep/cifar10_cka_strength_fixed_5605137/strength_0p2/seed_7/cka_feddst_cifar10_clients5_alpha0.3_sparsity0.7_cka0.2_seed7_20260801_155707_config.yaml
cuDNN disabled for this run.
Client label distributions:
  client 00: n= 7681, labels=[142, 16, 5, 202, 411, 2130, 3884, 876, 12, 3]
  client 01: n= 8711, labels=[1321, 1281, 355, 76, 3165, 8, 25, 0, 1922, 558]
  client 02: n=19320, labels=[2810, 141, 3133, 4649, 1064, 2142, 26, 2148, 2915, 292]
  client 03: n= 5169, labels=[22, 3285, 1093, 5, 3, 639, 18, 41, 63, 0]
  client 04: n= 8619, labels=[655, 227, 364, 18, 307, 31, 997, 1885, 38, 4097]
Initial sparsity | total=0.7000 | active=185962/619872
Layer sparsity | conv1.weight:0.700231;conv2.weight:0.701335;conv3.weight:0.700033;fc1.weight:0.699921;fc2.weight:0.705469
Round 001 | train_loss=2.1907 | test_loss=2.3037 | test_acc=0.1001 | sparsity=0.7000 | cka=0 | targets=
Round 002 | train_loss=2.1415 | test_loss=2.3033 | test_acc=0.1369 | sparsity=0.7000 | cka=1 | targets=conv1.weight:0.699074;conv2.weight:0.698947;conv3.weight:0.699042;fc1.weight:0.700172
Round 003 | train_loss=1.8425 | test_loss=2.3903 | test_acc=0.1070 | sparsity=0.7000 | cka=0 | targets=conv1.weight:0.699074;conv2.weight:0.698947;conv3.weight:0.699042;fc1.weight:0.700172
Round 004 | train_loss=1.7061 | test_loss=2.3009 | test_acc=0.1261 | sparsity=0.7000 | cka=1 | targets=conv1.weight:0.699074;conv2.weight:0.698893;conv3.weight:0.698893;fc1.weight:0.700195
Round 005 | train_loss=1.7116 | test_loss=2.3591 | test_acc=0.1253 | sparsity=0.7000 | cka=0 | targets=conv1.weight:0.699074;conv2.weight:0.698893;conv3.weight:0.698893;fc1.weight:0.700195
Round 006 | train_loss=1.6702 | test_loss=2.4010 | test_acc=0.1247 | sparsity=0.7000 | cka=1 | targets=conv1.weight:0.699074;conv2.weight:0.699164;conv3.weight:0.699178;fc1.weight:0.700146
Round 007 | train_loss=1.6554 | test_loss=2.3626 | test_acc=0.1552 | sparsity=0.7000 | cka=0 | targets=conv1.weight:0.699074;conv2.weight:0.699164;conv3.weight:0.699178;fc1.weight:0.700146
Round 008 | train_loss=1.6410 | test_loss=2.4001 | test_acc=0.1462 | sparsity=0.7000 | cka=1 | targets=conv1.weight:0.699074;conv2.weight:0.698947;conv3.weight:0.698947;fc1.weight:0.700186
Round 009 | train_loss=1.6330 | test_loss=2.3640 | test_acc=0.1568 | sparsity=0.7000 | cka=0 | targets=conv1.weight:0.699074;conv2.weight:0.698947;conv3.weight:0.698947;fc1.weight:0.700186
Round 010 | train_loss=1.6142 | test_loss=2.3871 | test_acc=0.1689 | sparsity=0.7000 | cka=1 | targets=conv1.weight:0.699074;conv2.weight:0.699273;conv3.weight:0.699287;fc1.weight:0.700127
Round 011 | train_loss=1.6133 | test_loss=2.3994 | test_acc=0.1657 | sparsity=0.7000 | cka=0 | targets=conv1.weight:0.699074;conv2.weight:0.699273;conv3.weight:0.699287;fc1.weight:0.700127
Round 012 | train_loss=1.5921 | test_loss=2.3717 | test_acc=0.1836 | sparsity=0.7000 | cka=1 | targets=conv1.weight:0.699074;conv2.weight:0.698730;conv3.weight:0.698798;fc1.weight:0.700214
Round 013 | train_loss=1.5798 | test_loss=2.2631 | test_acc=0.1982 | sparsity=0.7000 | cka=0 | targets=conv1.weight:0.699074;conv2.weight:0.698730;conv3.weight:0.698798;fc1.weight:0.700214
Round 014 | train_loss=1.5583 | test_loss=2.3457 | test_acc=0.1996 | sparsity=0.7000 | cka=1 | targets=conv1.weight:0.699074;conv2.weight:0.699056;conv3.weight:0.699178;fc1.weight:0.700150
Round 015 | train_loss=1.5438 | test_loss=2.1903 | test_acc=0.2059 | sparsity=0.7000 | cka=0 | targets=conv1.weight:0.699074;conv2.weight:0.699056;conv3.weight:0.699178;fc1.weight:0.700150
Round 016 | train_loss=1.5004 | test_loss=2.3692 | test_acc=0.2012 | sparsity=0.7000 | cka=1 | targets=conv1.weight:0.699074;conv2.weight:0.698730;conv3.weight:0.699151;fc1.weight:0.700165
Round 017 | train_loss=1.4779 | test_loss=2.2552 | test_acc=0.2243 | sparsity=0.7000 | cka=0 | targets=conv1.weight:0.699074;conv2.weight:0.698730;conv3.weight:0.699151;fc1.weight:0.700165
Round 018 | train_loss=1.4399 | test_loss=2.2636 | test_acc=0.2372 | sparsity=0.7000 | cka=1 | targets=conv1.weight:0.697917;conv2.weight:0.698405;conv3.weight:0.698500;fc1.weight:0.700270
Round 019 | train_loss=1.4396 | test_loss=2.5692 | test_acc=0.1906 | sparsity=0.7000 | cka=0 | targets=conv1.weight:0.697917;conv2.weight:0.698405;conv3.weight:0.698500;fc1.weight:0.700270
Round 020 | train_loss=1.4186 | test_loss=2.1145 | test_acc=0.2488 | sparsity=0.7000 | cka=1 | targets=conv1.weight:0.697917;conv2.weight:0.698242;conv3.weight:0.698419;fc1.weight:0.700287
Saved training log to: results/logs/cka_strength_sweep/cifar10_cka_strength_fixed_5605137/strength_0p2/seed_7/cka_feddst_cifar10_clients5_alpha0.3_sparsity0.7_cka0.2_seed7_20260801_155707.csv
Saved CKA log to: results/logs/cka_strength_sweep/cifar10_cka_strength_fixed_5605137/strength_0p2/seed_7/cka_feddst_cifar10_clients5_alpha0.3_sparsity0.7_cka0.2_seed7_20260801_155707_cka.csv

[Run 8/125] suite=cka_strength method=cka_feddst seed=7 sparsity=0.8 cka_strength=0.2
Output log dir: results/logs/cka_strength_sweep/cifar10_cka_strength_fixed_5605137/strength_0p2/seed_7
Command: /mnt/aiongpfs/users/dsen/micromamba/envs/cka-cifar/bin/python -m src.train --global-config configs/global_cifar10.yaml --config configs/cka_feddst_mnist.yaml --seed 7 --sparsity 0.8 --cka-strength 0.2 --log-dir results/logs/cka_strength_sweep/cifar10_cka_strength_fixed_5605137/strength_0p2/seed_7 --checkpoint-dir results/checkpoints/cka_strength_sweep/cifar10_cka_strength_fixed_5605137/strength_0p2/seed_7 --plot-dir results/plots/cka_strength_sweep/cifar10_cka_strength_fixed_5605137
Final merged configuration:
alpha: 0.3
batch_size: 64
checkpoint_dir: results/checkpoints/cka_strength_sweep/cifar10_cka_strength_fixed_5605137/strength_0p2/seed_7
cka_interval: 2
cka_layers:
- conv1
- conv2
- conv3
- fc1
cka_max_sparsity: 0.95
cka_min_sparsity: 0.5
cka_strength: 0.2
data_check: false
data_dir: data
dataset: cifar10
device: auto
disable_cudnn: true
dry_run: false
eval_interval: 1
experiment_config_path: configs/cka_feddst_mnist.yaml
global_config_path: configs/global_cifar10.yaml
local_epochs: 1
log_cka: false
log_dir: results/logs/cka_strength_sweep/cifar10_cka_strength_fixed_5605137/strength_0p2/seed_7
lr: 0.01
mask_update_interval: 2
method: cka_feddst
model: cifar_cnn
num_clients: 5
num_workers: 2
output_dir: results
plot_dir: results/plots/cka_strength_sweep/cifar10_cka_strength_fixed_5605137
prune_fraction: 0.2
reference_size: 500
regrowth_method: gradient
rounds: 20
save_checkpoint: false
seed: 7
sparsity: 0.8
sparsity_init: random
split_dir: null
Saved merged config to: results/logs/cka_strength_sweep/cifar10_cka_strength_fixed_5605137/strength_0p2/seed_7/cka_feddst_cifar10_clients5_alpha0.3_sparsity0.8_cka0.2_seed7_20260801_160419_config.yaml
cuDNN disabled for this run.
Client label distributions:
  client 00: n= 7681, labels=[142, 16, 5, 202, 411, 2130, 3884, 876, 12, 3]
  client 01: n= 8711, labels=[1321, 1281, 355, 76, 3165, 8, 25, 0, 1922, 558]
  client 02: n=19320, labels=[2810, 141, 3133, 4649, 1064, 2142, 26, 2148, 2915, 292]
  client 03: n= 5169, labels=[22, 3285, 1093, 5, 3, 639, 18, 41, 63, 0]
  client 04: n= 8619, labels=[655, 227, 364, 18, 307, 31, 997, 1885, 38, 4097]
Initial sparsity | total=0.8000 | active=123974/619872
Layer sparsity | conv1.weight:0.807870;conv2.weight:0.799533;conv3.weight:0.801866;fc1.weight:0.799719;fc2.weight:0.804688
Round 001 | train_loss=2.2012 | test_loss=2.3042 | test_acc=0.1000 | sparsity=0.8000 | cka=0 | targets=
Round 002 | train_loss=2.2024 | test_loss=2.3065 | test_acc=0.1000 | sparsity=0.8000 | cka=1 | targets=conv1.weight:0.799769;conv2.weight:0.799588;conv3.weight:0.799588;fc1.weight:0.800074
Round 003 | train_loss=2.1937 | test_loss=2.3092 | test_acc=0.1000 | sparsity=0.8000 | cka=0 | targets=conv1.weight:0.799769;conv2.weight:0.799588;conv3.weight:0.799588;fc1.weight:0.800074
Round 004 | train_loss=2.0771 | test_loss=2.3075 | test_acc=0.1350 | sparsity=0.8000 | cka=1 | targets=conv1.weight:0.798611;conv2.weight:0.799099;conv3.weight:0.799113;fc1.weight:0.800159
Round 005 | train_loss=1.8764 | test_loss=2.3756 | test_acc=0.1044 | sparsity=0.8000 | cka=0 | targets=conv1.weight:0.798611;conv2.weight:0.799099;conv3.weight:0.799113;fc1.weight:0.800159
Round 006 | train_loss=1.7171 | test_loss=2.3993 | test_acc=0.1062 | sparsity=0.8000 | cka=1 | targets=conv1.weight:0.798611;conv2.weight:0.799371;conv3.weight:0.799371;fc1.weight:0.800114
Round 007 | train_loss=1.6839 | test_loss=2.4249 | test_acc=0.1300 | sparsity=0.8000 | cka=0 | targets=conv1.weight:0.798611;conv2.weight:0.799371;conv3.weight:0.799371;fc1.weight:0.800114
Round 008 | train_loss=1.6675 | test_loss=2.4164 | test_acc=0.1186 | sparsity=0.8000 | cka=1 | targets=conv1.weight:0.799769;conv2.weight:0.799425;conv3.weight:0.799452;fc1.weight:0.800098
Round 009 | train_loss=1.6595 | test_loss=2.3794 | test_acc=0.1247 | sparsity=0.8000 | cka=0 | targets=conv1.weight:0.799769;conv2.weight:0.799425;conv3.weight:0.799452;fc1.weight:0.800098
Round 010 | train_loss=1.6419 | test_loss=2.3904 | test_acc=0.1374 | sparsity=0.8000 | cka=1 | targets=conv1.weight:0.799769;conv2.weight:0.799425;conv3.weight:0.799438;fc1.weight:0.800100
Round 011 | train_loss=1.6381 | test_loss=2.4273 | test_acc=0.1305 | sparsity=0.8000 | cka=0 | targets=conv1.weight:0.799769;conv2.weight:0.799425;conv3.weight:0.799438;fc1.weight:0.800100
Round 012 | train_loss=1.6238 | test_loss=2.3529 | test_acc=0.1501 | sparsity=0.8000 | cka=1 | targets=conv1.weight:0.798611;conv2.weight:0.799208;conv3.weight:0.799235;fc1.weight:0.800138
Round 013 | train_loss=1.6141 | test_loss=2.2993 | test_acc=0.1684 | sparsity=0.8000 | cka=0 | targets=conv1.weight:0.798611;conv2.weight:0.799208;conv3.weight:0.799235;fc1.weight:0.800138
Round 014 | train_loss=1.6043 | test_loss=2.3082 | test_acc=0.1740 | sparsity=0.8000 | cka=1 | targets=conv1.weight:0.798611;conv2.weight:0.799154;conv3.weight:0.799154;fc1.weight:0.800152
Round 015 | train_loss=1.5949 | test_loss=2.2857 | test_acc=0.1818 | sparsity=0.8000 | cka=0 | targets=conv1.weight:0.798611;conv2.weight:0.799154;conv3.weight:0.799154;fc1.weight:0.800152
Round 016 | train_loss=1.5817 | test_loss=2.2997 | test_acc=0.1823 | sparsity=0.8000 | cka=1 | targets=conv1.weight:0.799769;conv2.weight:0.799371;conv3.weight:0.799384;fc1.weight:0.800110
Round 017 | train_loss=1.5763 | test_loss=2.3086 | test_acc=0.1774 | sparsity=0.8000 | cka=0 | targets=conv1.weight:0.799769;conv2.weight:0.799371;conv3.weight:0.799384;fc1.weight:0.800110
Round 018 | train_loss=1.5597 | test_loss=2.2788 | test_acc=0.1946 | sparsity=0.8000 | cka=1 | targets=conv1.weight:0.798611;conv2.weight:0.799208;conv3.weight:0.799154;fc1.weight:0.800150
Round 019 | train_loss=1.5588 | test_loss=2.4001 | test_acc=0.1459 | sparsity=0.8000 | cka=0 | targets=conv1.weight:0.798611;conv2.weight:0.799208;conv3.weight:0.799154;fc1.weight:0.800150
Round 020 | train_loss=1.5438 | test_loss=2.2574 | test_acc=0.1925 | sparsity=0.8000 | cka=1 | targets=conv1.weight:0.798611;conv2.weight:0.798882;conv3.weight:0.798964;fc1.weight:0.800188
Saved training log to: results/logs/cka_strength_sweep/cifar10_cka_strength_fixed_5605137/strength_0p2/seed_7/cka_feddst_cifar10_clients5_alpha0.3_sparsity0.8_cka0.2_seed7_20260801_160419.csv
Saved CKA log to: results/logs/cka_strength_sweep/cifar10_cka_strength_fixed_5605137/strength_0p2/seed_7/cka_feddst_cifar10_clients5_alpha0.3_sparsity0.8_cka0.2_seed7_20260801_160419_cka.csv

[Run 9/125] suite=cka_strength method=cka_feddst seed=7 sparsity=0.9 cka_strength=0.2
Output log dir: results/logs/cka_strength_sweep/cifar10_cka_strength_fixed_5605137/strength_0p2/seed_7
Command: /mnt/aiongpfs/users/dsen/micromamba/envs/cka-cifar/bin/python -m src.train --global-config configs/global_cifar10.yaml --config configs/cka_feddst_mnist.yaml --seed 7 --sparsity 0.9 --cka-strength 0.2 --log-dir results/logs/cka_strength_sweep/cifar10_cka_strength_fixed_5605137/strength_0p2/seed_7 --checkpoint-dir results/checkpoints/cka_strength_sweep/cifar10_cka_strength_fixed_5605137/strength_0p2/seed_7 --plot-dir results/plots/cka_strength_sweep/cifar10_cka_strength_fixed_5605137
Final merged configuration:
alpha: 0.3
batch_size: 64
checkpoint_dir: results/checkpoints/cka_strength_sweep/cifar10_cka_strength_fixed_5605137/strength_0p2/seed_7
cka_interval: 2
cka_layers:
- conv1
- conv2
- conv3
- fc1
cka_max_sparsity: 0.95
cka_min_sparsity: 0.5
cka_strength: 0.2
data_check: false
data_dir: data
dataset: cifar10
device: auto
disable_cudnn: true
dry_run: false
eval_interval: 1
experiment_config_path: configs/cka_feddst_mnist.yaml
global_config_path: configs/global_cifar10.yaml
local_epochs: 1
log_cka: false
log_dir: results/logs/cka_strength_sweep/cifar10_cka_strength_fixed_5605137/strength_0p2/seed_7
lr: 0.01
mask_update_interval: 2
method: cka_feddst
model: cifar_cnn
num_clients: 5
num_workers: 2
output_dir: results
plot_dir: results/plots/cka_strength_sweep/cifar10_cka_strength_fixed_5605137
prune_fraction: 0.2
reference_size: 500
regrowth_method: gradient
rounds: 20
save_checkpoint: false
seed: 7
sparsity: 0.9
sparsity_init: random
split_dir: null
Saved merged config to: results/logs/cka_strength_sweep/cifar10_cka_strength_fixed_5605137/strength_0p2/seed_7/cka_feddst_cifar10_clients5_alpha0.3_sparsity0.9_cka0.2_seed7_20260801_161130_config.yaml
cuDNN disabled for this run.
Client label distributions:
  client 00: n= 7681, labels=[142, 16, 5, 202, 411, 2130, 3884, 876, 12, 3]
  client 01: n= 8711, labels=[1321, 1281, 355, 76, 3165, 8, 25, 0, 1922, 558]
  client 02: n=19320, labels=[2810, 141, 3133, 4649, 1064, 2142, 26, 2148, 2915, 292]
  client 03: n= 5169, labels=[22, 3285, 1093, 5, 3, 639, 18, 41, 63, 0]
  client 04: n= 8619, labels=[655, 227, 364, 18, 307, 31, 997, 1885, 38, 4097]
Initial sparsity | total=0.9000 | active=61987/619872
Layer sparsity | conv1.weight:0.901620;conv2.weight:0.898058;conv3.weight:0.901299;fc1.weight:0.899843;fc2.weight:0.908203
Round 001 | train_loss=2.2040 | test_loss=2.3043 | test_acc=0.1000 | sparsity=0.9000 | cka=0 | targets=
Round 002 | train_loss=2.2062 | test_loss=2.3066 | test_acc=0.1000 | sparsity=0.9000 | cka=1 | targets=conv1.weight:0.899306;conv2.weight:0.899957;conv3.weight:0.899957;fc1.weight:0.900009
Round 003 | train_loss=2.2082 | test_loss=2.3096 | test_acc=0.1000 | sparsity=0.9000 | cka=0 | targets=conv1.weight:0.899306;conv2.weight:0.899957;conv3.weight:0.899957;fc1.weight:0.900009
Round 004 | train_loss=2.2108 | test_loss=2.3127 | test_acc=0.1000 | sparsity=0.9000 | cka=1 | targets=conv1.weight:0.899306;conv2.weight:0.899848;conv3.weight:0.899821;fc1.weight:0.900032
Round 005 | train_loss=2.2150 | test_loss=2.3159 | test_acc=0.1000 | sparsity=0.9000 | cka=0 | targets=conv1.weight:0.899306;conv2.weight:0.899848;conv3.weight:0.899821;fc1.weight:0.900032
Round 006 | train_loss=2.2179 | test_loss=2.3188 | test_acc=0.1000 | sparsity=0.9000 | cka=1 | targets=conv1.weight:0.899306;conv2.weight:0.899957;conv3.weight:0.899943;fc1.weight:0.900011
Round 007 | train_loss=2.2189 | test_loss=2.3218 | test_acc=0.1000 | sparsity=0.9000 | cka=0 | targets=conv1.weight:0.899306;conv2.weight:0.899957;conv3.weight:0.899943;fc1.weight:0.900011
Round 008 | train_loss=2.2196 | test_loss=2.3239 | test_acc=0.1000 | sparsity=0.9000 | cka=1 | targets=conv1.weight:0.899306;conv2.weight:0.899794;conv3.weight:0.899807;fc1.weight:0.900036
Round 009 | train_loss=2.2237 | test_loss=2.3263 | test_acc=0.1000 | sparsity=0.9000 | cka=0 | targets=conv1.weight:0.899306;conv2.weight:0.899794;conv3.weight:0.899807;fc1.weight:0.900036
Round 010 | train_loss=2.2245 | test_loss=2.3282 | test_acc=0.1000 | sparsity=0.9000 | cka=1 | targets=conv1.weight:0.900463;conv2.weight:0.899902;conv3.weight:0.899929;fc1.weight:0.900013
Round 011 | train_loss=2.2212 | test_loss=2.3309 | test_acc=0.1000 | sparsity=0.9000 | cka=0 | targets=conv1.weight:0.900463;conv2.weight:0.899902;conv3.weight:0.899929;fc1.weight:0.900013
Round 012 | train_loss=2.2155 | test_loss=2.3321 | test_acc=0.1000 | sparsity=0.9000 | cka=1 | targets=conv1.weight:0.900463;conv2.weight:0.899848;conv3.weight:0.899862;fc1.weight:0.900024
Round 013 | train_loss=2.2189 | test_loss=2.3351 | test_acc=0.1000 | sparsity=0.9000 | cka=0 | targets=conv1.weight:0.900463;conv2.weight:0.899848;conv3.weight:0.899862;fc1.weight:0.900024
Round 014 | train_loss=2.2063 | test_loss=2.3397 | test_acc=0.1000 | sparsity=0.9000 | cka=1 | targets=conv1.weight:0.900463;conv2.weight:0.899848;conv3.weight:0.899862;fc1.weight:0.900024
Round 015 | train_loss=2.1414 | test_loss=2.3673 | test_acc=0.1302 | sparsity=0.9000 | cka=0 | targets=conv1.weight:0.900463;conv2.weight:0.899848;conv3.weight:0.899862;fc1.weight:0.900024
Round 016 | train_loss=1.9113 | test_loss=2.3835 | test_acc=0.1002 | sparsity=0.9000 | cka=1 | targets=conv1.weight:0.899306;conv2.weight:0.899468;conv3.weight:0.899468;fc1.weight:0.900095
Round 017 | train_loss=1.7584 | test_loss=2.4389 | test_acc=0.1087 | sparsity=0.9000 | cka=0 | targets=conv1.weight:0.899306;conv2.weight:0.899468;conv3.weight:0.899468;fc1.weight:0.900095
Round 018 | train_loss=1.6895 | test_loss=2.3956 | test_acc=0.1141 | sparsity=0.9000 | cka=1 | targets=conv1.weight:0.899306;conv2.weight:0.899848;conv3.weight:0.899848;fc1.weight:0.900028
Round 019 | train_loss=1.6782 | test_loss=2.4007 | test_acc=0.1092 | sparsity=0.9000 | cka=0 | targets=conv1.weight:0.899306;conv2.weight:0.899848;conv3.weight:0.899848;fc1.weight:0.900028
Round 020 | train_loss=1.6548 | test_loss=2.3858 | test_acc=0.1216 | sparsity=0.9000 | cka=1 | targets=conv1.weight:0.899306;conv2.weight:0.899794;conv3.weight:0.899794;fc1.weight:0.900038
Saved training log to: results/logs/cka_strength_sweep/cifar10_cka_strength_fixed_5605137/strength_0p2/seed_7/cka_feddst_cifar10_clients5_alpha0.3_sparsity0.9_cka0.2_seed7_20260801_161130.csv
Saved CKA log to: results/logs/cka_strength_sweep/cifar10_cka_strength_fixed_5605137/strength_0p2/seed_7/cka_feddst_cifar10_clients5_alpha0.3_sparsity0.9_cka0.2_seed7_20260801_161130_cka.csv

[Run 10/125] suite=cka_strength method=cka_feddst seed=7 sparsity=0.95 cka_strength=0.2
Output log dir: results/logs/cka_strength_sweep/cifar10_cka_strength_fixed_5605137/strength_0p2/seed_7
Command: /mnt/aiongpfs/users/dsen/micromamba/envs/cka-cifar/bin/python -m src.train --global-config configs/global_cifar10.yaml --config configs/cka_feddst_mnist.yaml --seed 7 --sparsity 0.95 --cka-strength 0.2 --log-dir results/logs/cka_strength_sweep/cifar10_cka_strength_fixed_5605137/strength_0p2/seed_7 --checkpoint-dir results/checkpoints/cka_strength_sweep/cifar10_cka_strength_fixed_5605137/strength_0p2/seed_7 --plot-dir results/plots/cka_strength_sweep/cifar10_cka_strength_fixed_5605137
Final merged configuration:
alpha: 0.3
batch_size: 64
checkpoint_dir: results/checkpoints/cka_strength_sweep/cifar10_cka_strength_fixed_5605137/strength_0p2/seed_7
cka_interval: 2
cka_layers:
- conv1
- conv2
- conv3
- fc1
cka_max_sparsity: 0.95
cka_min_sparsity: 0.5
cka_strength: 0.2
data_check: false
data_dir: data
dataset: cifar10
device: auto
disable_cudnn: true
dry_run: false
eval_interval: 1
experiment_config_path: configs/cka_feddst_mnist.yaml
global_config_path: configs/global_cifar10.yaml
local_epochs: 1
log_cka: false
log_dir: results/logs/cka_strength_sweep/cifar10_cka_strength_fixed_5605137/strength_0p2/seed_7
lr: 0.01
mask_update_interval: 2
method: cka_feddst
model: cifar_cnn
num_clients: 5
num_workers: 2
output_dir: results
plot_dir: results/plots/cka_strength_sweep/cifar10_cka_strength_fixed_5605137
prune_fraction: 0.2
reference_size: 500
regrowth_method: gradient
rounds: 20
save_checkpoint: false
seed: 7
sparsity: 0.95
sparsity_init: random
split_dir: null
Saved merged config to: results/logs/cka_strength_sweep/cifar10_cka_strength_fixed_5605137/strength_0p2/seed_7/cka_feddst_cifar10_clients5_alpha0.3_sparsity0.95_cka0.2_seed7_20260801_161825_config.yaml
cuDNN disabled for this run.
Client label distributions:
  client 00: n= 7681, labels=[142, 16, 5, 202, 411, 2130, 3884, 876, 12, 3]
  client 01: n= 8711, labels=[1321, 1281, 355, 76, 3165, 8, 25, 0, 1922, 558]
  client 02: n=19320, labels=[2810, 141, 3133, 4649, 1064, 2142, 26, 2148, 2915, 292]
  client 03: n= 5169, labels=[22, 3285, 1093, 5, 3, 639, 18, 41, 63, 0]
  client 04: n= 8619, labels=[655, 227, 364, 18, 307, 31, 997, 1885, 38, 4097]
Initial sparsity | total=0.9500 | active=30994/619872
Layer sparsity | conv1.weight:0.946759;conv2.weight:0.951769;conv3.weight:0.949531;fc1.weight:0.949959;fc2.weight:0.960156
Round 001 | train_loss=2.2050 | test_loss=2.3043 | test_acc=0.1000 | sparsity=0.9500 | cka=0 | targets=
Round 002 | train_loss=2.2074 | test_loss=2.3065 | test_acc=0.1000 | sparsity=0.9500 | cka=1 | targets=conv1.weight:0.949074;conv2.weight:0.949978;conv3.weight:0.949992;fc1.weight:0.949999
Round 003 | train_loss=2.2103 | test_loss=2.3094 | test_acc=0.1000 | sparsity=0.9500 | cka=0 | targets=conv1.weight:0.949074;conv2.weight:0.949978;conv3.weight:0.949992;fc1.weight:0.949999
Round 004 | train_loss=2.2136 | test_loss=2.3125 | test_acc=0.1000 | sparsity=0.9500 | cka=1 | targets=conv1.weight:0.949074;conv2.weight:0.949978;conv3.weight:0.949992;fc1.weight:0.949999
Round 005 | train_loss=2.2173 | test_loss=2.3156 | test_acc=0.1000 | sparsity=0.9500 | cka=0 | targets=conv1.weight:0.949074;conv2.weight:0.949978;conv3.weight:0.949992;fc1.weight:0.949999
Round 006 | train_loss=2.2206 | test_loss=2.3185 | test_acc=0.1000 | sparsity=0.9500 | cka=1 | targets=conv1.weight:0.949074;conv2.weight:0.949978;conv3.weight:0.949992;fc1.weight:0.949999
Round 007 | train_loss=2.2232 | test_loss=2.3212 | test_acc=0.1000 | sparsity=0.9500 | cka=0 | targets=conv1.weight:0.949074;conv2.weight:0.949978;conv3.weight:0.949992;fc1.weight:0.949999
Round 008 | train_loss=2.2256 | test_loss=2.3234 | test_acc=0.1000 | sparsity=0.9500 | cka=1 | targets=conv1.weight:0.949074;conv2.weight:0.949978;conv3.weight:0.949992;fc1.weight:0.949999
Round 009 | train_loss=2.2283 | test_loss=2.3255 | test_acc=0.1000 | sparsity=0.9500 | cka=0 | targets=conv1.weight:0.949074;conv2.weight:0.949978;conv3.weight:0.949992;fc1.weight:0.949999
Round 010 | train_loss=2.2302 | test_loss=2.3274 | test_acc=0.1000 | sparsity=0.9500 | cka=1 | targets=conv1.weight:0.949074;conv2.weight:0.949978;conv3.weight:0.949992;fc1.weight:0.949999
Round 011 | train_loss=2.2313 | test_loss=2.3291 | test_acc=0.1000 | sparsity=0.9500 | cka=0 | targets=conv1.weight:0.949074;conv2.weight:0.949978;conv3.weight:0.949992;fc1.weight:0.949999
Round 012 | train_loss=2.2326 | test_loss=2.3304 | test_acc=0.1000 | sparsity=0.9500 | cka=1 | targets=conv1.weight:0.949074;conv2.weight:0.949978;conv3.weight:0.949992;fc1.weight:0.949999
Round 013 | train_loss=2.2343 | test_loss=2.3316 | test_acc=0.1000 | sparsity=0.9500 | cka=0 | targets=conv1.weight:0.949074;conv2.weight:0.949978;conv3.weight:0.949992;fc1.weight:0.949999
Round 014 | train_loss=2.2352 | test_loss=2.3327 | test_acc=0.1000 | sparsity=0.9500 | cka=1 | targets=conv1.weight:0.949074;conv2.weight:0.949978;conv3.weight:0.949992;fc1.weight:0.949999
Round 015 | train_loss=2.2350 | test_loss=2.3337 | test_acc=0.1000 | sparsity=0.9500 | cka=0 | targets=conv1.weight:0.949074;conv2.weight:0.949978;conv3.weight:0.949992;fc1.weight:0.949999
Round 016 | train_loss=2.2351 | test_loss=2.3345 | test_acc=0.1000 | sparsity=0.9500 | cka=1 | targets=conv1.weight:0.949074;conv2.weight:0.949978;conv3.weight:0.949992;fc1.weight:0.949999
Round 017 | train_loss=2.2368 | test_loss=2.3353 | test_acc=0.1000 | sparsity=0.9500 | cka=0 | targets=conv1.weight:0.949074;conv2.weight:0.949978;conv3.weight:0.949992;fc1.weight:0.949999
Round 018 | train_loss=2.2369 | test_loss=2.3359 | test_acc=0.1000 | sparsity=0.9500 | cka=1 | targets=conv1.weight:0.949074;conv2.weight:0.949978;conv3.weight:0.949992;fc1.weight:0.949999
Round 019 | train_loss=2.2353 | test_loss=2.3367 | test_acc=0.1000 | sparsity=0.9500 | cka=0 | targets=conv1.weight:0.949074;conv2.weight:0.949978;conv3.weight:0.949992;fc1.weight:0.949999
Round 020 | train_loss=2.2344 | test_loss=2.3371 | test_acc=0.1000 | sparsity=0.9500 | cka=1 | targets=conv1.weight:0.949074;conv2.weight:0.949978;conv3.weight:0.949992;fc1.weight:0.949999
Saved training log to: results/logs/cka_strength_sweep/cifar10_cka_strength_fixed_5605137/strength_0p2/seed_7/cka_feddst_cifar10_clients5_alpha0.3_sparsity0.95_cka0.2_seed7_20260801_161825.csv
Saved CKA log to: results/logs/cka_strength_sweep/cifar10_cka_strength_fixed_5605137/strength_0p2/seed_7/cka_feddst_cifar10_clients5_alpha0.3_sparsity0.95_cka0.2_seed7_20260801_161825_cka.csv

[Run 11/125] suite=cka_strength method=cka_feddst seed=13 sparsity=0.5 cka_strength=0.2
Output log dir: results/logs/cka_strength_sweep/cifar10_cka_strength_fixed_5605137/strength_0p2/seed_13
Command: /mnt/aiongpfs/users/dsen/micromamba/envs/cka-cifar/bin/python -m src.train --global-config configs/global_cifar10.yaml --config configs/cka_feddst_mnist.yaml --seed 13 --sparsity 0.5 --cka-strength 0.2 --log-dir results/logs/cka_strength_sweep/cifar10_cka_strength_fixed_5605137/strength_0p2/seed_13 --checkpoint-dir results/checkpoints/cka_strength_sweep/cifar10_cka_strength_fixed_5605137/strength_0p2/seed_13 --plot-dir results/plots/cka_strength_sweep/cifar10_cka_strength_fixed_5605137
Final merged configuration:
alpha: 0.3
batch_size: 64
checkpoint_dir: results/checkpoints/cka_strength_sweep/cifar10_cka_strength_fixed_5605137/strength_0p2/seed_13
cka_interval: 2
cka_layers:
- conv1
- conv2
- conv3
- fc1
cka_max_sparsity: 0.95
cka_min_sparsity: 0.5
cka_strength: 0.2
data_check: false
data_dir: data
dataset: cifar10
device: auto
disable_cudnn: true
dry_run: false
eval_interval: 1
experiment_config_path: configs/cka_feddst_mnist.yaml
global_config_path: configs/global_cifar10.yaml
local_epochs: 1
log_cka: false
log_dir: results/logs/cka_strength_sweep/cifar10_cka_strength_fixed_5605137/strength_0p2/seed_13
lr: 0.01
mask_update_interval: 2
method: cka_feddst
model: cifar_cnn
num_clients: 5
num_workers: 2
output_dir: results
plot_dir: results/plots/cka_strength_sweep/cifar10_cka_strength_fixed_5605137
prune_fraction: 0.2
reference_size: 500
regrowth_method: gradient
rounds: 20
save_checkpoint: false
seed: 13
sparsity: 0.5
sparsity_init: random
split_dir: null
Saved merged config to: results/logs/cka_strength_sweep/cifar10_cka_strength_fixed_5605137/strength_0p2/seed_13/cka_feddst_cifar10_clients5_alpha0.3_sparsity0.5_cka0.2_seed13_20260801_162536_config.yaml
cuDNN disabled for this run.
Client label distributions:
  client 00: n=19994, labels=[2952, 878, 4230, 1942, 3893, 2947, 1170, 1268, 17, 697]
  client 01: n= 5273, labels=[1186, 629, 719, 163, 777, 852, 428, 22, 488, 9]
  client 02: n= 7607, labels=[2, 105, 1, 0, 96, 68, 60, 1042, 2038, 4195]
  client 03: n= 4678, labels=[463, 27, 0, 654, 2, 62, 287, 776, 2407, 0]
  client 04: n=11948, labels=[347, 3311, 0, 2191, 182, 1021, 3005, 1842, 0, 49]
Initial sparsity | total=0.5000 | active=309936/619872
Layer sparsity | conv1.weight:0.493056;conv2.weight:0.499891;conv3.weight:0.499797;fc1.weight:0.500042;fc2.weight:0.500391
Round 001 | train_loss=2.0145 | test_loss=2.3059 | test_acc=0.1242 | sparsity=0.5000 | cka=0 | targets=
Round 002 | train_loss=1.8226 | test_loss=2.4185 | test_acc=0.1358 | sparsity=0.5000 | cka=1 | targets=conv1.weight:0.500000;conv2.weight:0.500000;conv3.weight:0.500000;fc1.weight:0.500000
Round 003 | train_loss=1.7741 | test_loss=2.5015 | test_acc=0.1426 | sparsity=0.5000 | cka=0 | targets=conv1.weight:0.500000;conv2.weight:0.500000;conv3.weight:0.500000;fc1.weight:0.500000
Round 004 | train_loss=1.7569 | test_loss=2.4353 | test_acc=0.1550 | sparsity=0.5000 | cka=1 | targets=conv1.weight:0.500000;conv2.weight:0.500000;conv3.weight:0.500000;fc1.weight:0.500000
Round 005 | train_loss=1.7453 | test_loss=2.4372 | test_acc=0.1907 | sparsity=0.5000 | cka=0 | targets=conv1.weight:0.500000;conv2.weight:0.500000;conv3.weight:0.500000;fc1.weight:0.500000
Round 006 | train_loss=1.7296 | test_loss=2.4398 | test_acc=0.2129 | sparsity=0.5000 | cka=1 | targets=conv1.weight:0.500000;conv2.weight:0.500000;conv3.weight:0.500000;fc1.weight:0.500000
Round 007 | train_loss=1.7231 | test_loss=2.3712 | test_acc=0.2067 | sparsity=0.5000 | cka=0 | targets=conv1.weight:0.500000;conv2.weight:0.500000;conv3.weight:0.500000;fc1.weight:0.500000
Round 008 | train_loss=1.6959 | test_loss=2.3886 | test_acc=0.2334 | sparsity=0.5000 | cka=1 | targets=conv1.weight:0.500000;conv2.weight:0.500000;conv3.weight:0.500000;fc1.weight:0.500000
Round 009 | train_loss=1.6728 | test_loss=2.3185 | test_acc=0.2517 | sparsity=0.5000 | cka=0 | targets=conv1.weight:0.500000;conv2.weight:0.500000;conv3.weight:0.500000;fc1.weight:0.500000
Round 010 | train_loss=1.6322 | test_loss=2.3200 | test_acc=0.2542 | sparsity=0.5000 | cka=1 | targets=conv1.weight:0.500000;conv2.weight:0.500000;conv3.weight:0.500000;fc1.weight:0.500000
Round 011 | train_loss=1.6155 | test_loss=2.1624 | test_acc=0.2800 | sparsity=0.5000 | cka=0 | targets=conv1.weight:0.500000;conv2.weight:0.500000;conv3.weight:0.500000;fc1.weight:0.500000
Round 012 | train_loss=1.5707 | test_loss=2.1912 | test_acc=0.2746 | sparsity=0.5000 | cka=1 | targets=conv1.weight:0.500000;conv2.weight:0.500000;conv3.weight:0.500000;fc1.weight:0.500000
Round 013 | train_loss=1.5302 | test_loss=2.0810 | test_acc=0.2940 | sparsity=0.5000 | cka=0 | targets=conv1.weight:0.500000;conv2.weight:0.500000;conv3.weight:0.500000;fc1.weight:0.500000
Round 014 | train_loss=1.4922 | test_loss=2.0471 | test_acc=0.2979 | sparsity=0.5000 | cka=1 | targets=conv1.weight:0.500000;conv2.weight:0.500000;conv3.weight:0.500000;fc1.weight:0.500000
Round 015 | train_loss=1.4869 | test_loss=1.9586 | test_acc=0.3098 | sparsity=0.5000 | cka=0 | targets=conv1.weight:0.500000;conv2.weight:0.500000;conv3.weight:0.500000;fc1.weight:0.500000
Round 016 | train_loss=1.4479 | test_loss=1.9588 | test_acc=0.3165 | sparsity=0.5000 | cka=1 | targets=conv1.weight:0.500000;conv2.weight:0.500000;conv3.weight:0.500000;fc1.weight:0.500000
Round 017 | train_loss=1.4289 | test_loss=1.9388 | test_acc=0.3284 | sparsity=0.5000 | cka=0 | targets=conv1.weight:0.500000;conv2.weight:0.500000;conv3.weight:0.500000;fc1.weight:0.500000
Round 018 | train_loss=1.4042 | test_loss=1.9015 | test_acc=0.3340 | sparsity=0.5000 | cka=1 | targets=conv1.weight:0.500000;conv2.weight:0.500000;conv3.weight:0.500000;fc1.weight:0.500000
Round 019 | train_loss=1.3932 | test_loss=1.8418 | test_acc=0.3471 | sparsity=0.5000 | cka=0 | targets=conv1.weight:0.500000;conv2.weight:0.500000;conv3.weight:0.500000;fc1.weight:0.500000
Round 020 | train_loss=1.3661 | test_loss=1.8638 | test_acc=0.3424 | sparsity=0.5000 | cka=1 | targets=conv1.weight:0.500000;conv2.weight:0.500000;conv3.weight:0.500000;fc1.weight:0.500000
Saved training log to: results/logs/cka_strength_sweep/cifar10_cka_strength_fixed_5605137/strength_0p2/seed_13/cka_feddst_cifar10_clients5_alpha0.3_sparsity0.5_cka0.2_seed13_20260801_162536.csv
Saved CKA log to: results/logs/cka_strength_sweep/cifar10_cka_strength_fixed_5605137/strength_0p2/seed_13/cka_feddst_cifar10_clients5_alpha0.3_sparsity0.5_cka0.2_seed13_20260801_162536_cka.csv

[Run 12/125] suite=cka_strength method=cka_feddst seed=13 sparsity=0.7 cka_strength=0.2
Output log dir: results/logs/cka_strength_sweep/cifar10_cka_strength_fixed_5605137/strength_0p2/seed_13
Command: /mnt/aiongpfs/users/dsen/micromamba/envs/cka-cifar/bin/python -m src.train --global-config configs/global_cifar10.yaml --config configs/cka_feddst_mnist.yaml --seed 13 --sparsity 0.7 --cka-strength 0.2 --log-dir results/logs/cka_strength_sweep/cifar10_cka_strength_fixed_5605137/strength_0p2/seed_13 --checkpoint-dir results/checkpoints/cka_strength_sweep/cifar10_cka_strength_fixed_5605137/strength_0p2/seed_13 --plot-dir results/plots/cka_strength_sweep/cifar10_cka_strength_fixed_5605137
Final merged configuration:
alpha: 0.3
batch_size: 64
checkpoint_dir: results/checkpoints/cka_strength_sweep/cifar10_cka_strength_fixed_5605137/strength_0p2/seed_13
cka_interval: 2
cka_layers:
- conv1
- conv2
- conv3
- fc1
cka_max_sparsity: 0.95
cka_min_sparsity: 0.5
cka_strength: 0.2
data_check: false
data_dir: data
dataset: cifar10
device: auto
disable_cudnn: true
dry_run: false
eval_interval: 1
experiment_config_path: configs/cka_feddst_mnist.yaml
global_config_path: configs/global_cifar10.yaml
local_epochs: 1
log_cka: false
log_dir: results/logs/cka_strength_sweep/cifar10_cka_strength_fixed_5605137/strength_0p2/seed_13
lr: 0.01
mask_update_interval: 2
method: cka_feddst
model: cifar_cnn
num_clients: 5
num_workers: 2
output_dir: results
plot_dir: results/plots/cka_strength_sweep/cifar10_cka_strength_fixed_5605137
prune_fraction: 0.2
reference_size: 500
regrowth_method: gradient
rounds: 20
save_checkpoint: false
seed: 13
sparsity: 0.7
sparsity_init: random
split_dir: null
Saved merged config to: results/logs/cka_strength_sweep/cifar10_cka_strength_fixed_5605137/strength_0p2/seed_13/cka_feddst_cifar10_clients5_alpha0.3_sparsity0.7_cka0.2_seed13_20260801_163237_config.yaml
cuDNN disabled for this run.
Client label distributions:
  client 00: n=19994, labels=[2952, 878, 4230, 1942, 3893, 2947, 1170, 1268, 17, 697]
  client 01: n= 5273, labels=[1186, 629, 719, 163, 777, 852, 428, 22, 488, 9]
  client 02: n= 7607, labels=[2, 105, 1, 0, 96, 68, 60, 1042, 2038, 4195]
  client 03: n= 4678, labels=[463, 27, 0, 654, 2, 62, 287, 776, 2407, 0]
  client 04: n=11948, labels=[347, 3311, 0, 2191, 182, 1021, 3005, 1842, 0, 49]
Initial sparsity | total=0.7000 | active=185962/619872
Layer sparsity | conv1.weight:0.684028;conv2.weight:0.700575;conv3.weight:0.698201;fc1.weight:0.700253;fc2.weight:0.701172
Round 001 | train_loss=2.1989 | test_loss=2.3016 | test_acc=0.1114 | sparsity=0.7000 | cka=0 | targets=
Round 002 | train_loss=2.1109 | test_loss=2.2953 | test_acc=0.1423 | sparsity=0.7000 | cka=1 | targets=conv1.weight:0.699074;conv2.weight:0.699273;conv3.weight:0.699314;fc1.weight:0.700123
Round 003 | train_loss=1.8586 | test_loss=2.4245 | test_acc=0.1409 | sparsity=0.7000 | cka=0 | targets=conv1.weight:0.699074;conv2.weight:0.699273;conv3.weight:0.699314;fc1.weight:0.700123
Round 004 | train_loss=1.7852 | test_loss=2.3079 | test_acc=0.1575 | sparsity=0.7000 | cka=1 | targets=conv1.weight:0.699074;conv2.weight:0.699110;conv3.weight:0.699097;fc1.weight:0.700159
Round 005 | train_loss=1.7951 | test_loss=2.4185 | test_acc=0.1631 | sparsity=0.7000 | cka=0 | targets=conv1.weight:0.699074;conv2.weight:0.699110;conv3.weight:0.699097;fc1.weight:0.700159
Round 006 | train_loss=1.7623 | test_loss=2.4327 | test_acc=0.1723 | sparsity=0.7000 | cka=1 | targets=conv1.weight:0.699074;conv2.weight:0.699164;conv3.weight:0.699151;fc1.weight:0.700150
Round 007 | train_loss=1.7539 | test_loss=2.4397 | test_acc=0.1780 | sparsity=0.7000 | cka=0 | targets=conv1.weight:0.699074;conv2.weight:0.699164;conv3.weight:0.699151;fc1.weight:0.700150
Round 008 | train_loss=1.7412 | test_loss=2.4542 | test_acc=0.1910 | sparsity=0.7000 | cka=1 | targets=conv1.weight:0.699074;conv2.weight:0.699002;conv3.weight:0.699029;fc1.weight:0.700172
Round 009 | train_loss=1.7337 | test_loss=2.4389 | test_acc=0.2003 | sparsity=0.7000 | cka=0 | targets=conv1.weight:0.699074;conv2.weight:0.699002;conv3.weight:0.699029;fc1.weight:0.700172
Round 010 | train_loss=1.7200 | test_loss=2.4632 | test_acc=0.2034 | sparsity=0.7000 | cka=1 | targets=conv1.weight:0.699074;conv2.weight:0.699110;conv3.weight:0.699083;fc1.weight:0.700161
Round 011 | train_loss=1.7176 | test_loss=2.3577 | test_acc=0.2188 | sparsity=0.7000 | cka=0 | targets=conv1.weight:0.699074;conv2.weight:0.699110;conv3.weight:0.699083;fc1.weight:0.700161
Round 012 | train_loss=1.7035 | test_loss=2.3997 | test_acc=0.2167 | sparsity=0.7000 | cka=1 | targets=conv1.weight:0.699074;conv2.weight:0.698785;conv3.weight:0.698771;fc1.weight:0.700216
Round 013 | train_loss=1.6911 | test_loss=2.3504 | test_acc=0.2322 | sparsity=0.7000 | cka=0 | targets=conv1.weight:0.699074;conv2.weight:0.698785;conv3.weight:0.698771;fc1.weight:0.700216
Round 014 | train_loss=1.6761 | test_loss=2.3489 | test_acc=0.2299 | sparsity=0.7000 | cka=1 | targets=conv1.weight:0.699074;conv2.weight:0.699056;conv3.weight:0.699070;fc1.weight:0.700165
Round 015 | train_loss=1.6800 | test_loss=2.2619 | test_acc=0.2344 | sparsity=0.7000 | cka=0 | targets=conv1.weight:0.699074;conv2.weight:0.699056;conv3.weight:0.699070;fc1.weight:0.700165
Round 016 | train_loss=1.6588 | test_loss=2.2800 | test_acc=0.2402 | sparsity=0.7000 | cka=1 | targets=conv1.weight:0.699074;conv2.weight:0.698622;conv3.weight:0.698649;fc1.weight:0.700239
Round 017 | train_loss=1.6475 | test_loss=2.2795 | test_acc=0.2540 | sparsity=0.7000 | cka=0 | targets=conv1.weight:0.699074;conv2.weight:0.698622;conv3.weight:0.698649;fc1.weight:0.700239
Round 018 | train_loss=1.6244 | test_loss=2.2934 | test_acc=0.2424 | sparsity=0.7000 | cka=1 | targets=conv1.weight:0.699074;conv2.weight:0.698676;conv3.weight:0.698744;fc1.weight:0.700224
Round 019 | train_loss=1.6200 | test_loss=2.1438 | test_acc=0.2718 | sparsity=0.7000 | cka=0 | targets=conv1.weight:0.699074;conv2.weight:0.698676;conv3.weight:0.698744;fc1.weight:0.700224
Round 020 | train_loss=1.5801 | test_loss=2.1771 | test_acc=0.2714 | sparsity=0.7000 | cka=1 | targets=conv1.weight:0.697917;conv2.weight:0.698242;conv3.weight:0.698256;fc1.weight:0.700310
Saved training log to: results/logs/cka_strength_sweep/cifar10_cka_strength_fixed_5605137/strength_0p2/seed_13/cka_feddst_cifar10_clients5_alpha0.3_sparsity0.7_cka0.2_seed13_20260801_163237.csv
Saved CKA log to: results/logs/cka_strength_sweep/cifar10_cka_strength_fixed_5605137/strength_0p2/seed_13/cka_feddst_cifar10_clients5_alpha0.3_sparsity0.7_cka0.2_seed13_20260801_163237_cka.csv

[Run 13/125] suite=cka_strength method=cka_feddst seed=13 sparsity=0.8 cka_strength=0.2
Output log dir: results/logs/cka_strength_sweep/cifar10_cka_strength_fixed_5605137/strength_0p2/seed_13
Command: /mnt/aiongpfs/users/dsen/micromamba/envs/cka-cifar/bin/python -m src.train --global-config configs/global_cifar10.yaml --config configs/cka_feddst_mnist.yaml --seed 13 --sparsity 0.8 --cka-strength 0.2 --log-dir results/logs/cka_strength_sweep/cifar10_cka_strength_fixed_5605137/strength_0p2/seed_13 --checkpoint-dir results/checkpoints/cka_strength_sweep/cifar10_cka_strength_fixed_5605137/strength_0p2/seed_13 --plot-dir results/plots/cka_strength_sweep/cifar10_cka_strength_fixed_5605137
Final merged configuration:
alpha: 0.3
batch_size: 64
checkpoint_dir: results/checkpoints/cka_strength_sweep/cifar10_cka_strength_fixed_5605137/strength_0p2/seed_13
cka_interval: 2
cka_layers:
- conv1
- conv2
- conv3
- fc1
cka_max_sparsity: 0.95
cka_min_sparsity: 0.5
cka_strength: 0.2
data_check: false
data_dir: data
dataset: cifar10
device: auto
disable_cudnn: true
dry_run: false
eval_interval: 1
experiment_config_path: configs/cka_feddst_mnist.yaml
global_config_path: configs/global_cifar10.yaml
local_epochs: 1
log_cka: false
log_dir: results/logs/cka_strength_sweep/cifar10_cka_strength_fixed_5605137/strength_0p2/seed_13
lr: 0.01
mask_update_interval: 2
method: cka_feddst
model: cifar_cnn
num_clients: 5
num_workers: 2
output_dir: results
plot_dir: results/plots/cka_strength_sweep/cifar10_cka_strength_fixed_5605137
prune_fraction: 0.2
reference_size: 500
regrowth_method: gradient
rounds: 20
save_checkpoint: false
seed: 13
sparsity: 0.8
sparsity_init: random
split_dir: null
Saved merged config to: results/logs/cka_strength_sweep/cifar10_cka_strength_fixed_5605137/strength_0p2/seed_13/cka_feddst_cifar10_clients5_alpha0.3_sparsity0.8_cka0.2_seed13_20260801_163927_config.yaml
cuDNN disabled for this run.
Client label distributions:
  client 00: n=19994, labels=[2952, 878, 4230, 1942, 3893, 2947, 1170, 1268, 17, 697]
  client 01: n= 5273, labels=[1186, 629, 719, 163, 777, 852, 428, 22, 488, 9]
  client 02: n= 7607, labels=[2, 105, 1, 0, 96, 68, 60, 1042, 2038, 4195]
  client 03: n= 4678, labels=[463, 27, 0, 654, 2, 62, 287, 776, 2407, 0]
  client 04: n=11948, labels=[347, 3311, 0, 2191, 182, 1021, 3005, 1842, 0, 49]
Initial sparsity | total=0.8000 | active=123974/619872
Layer sparsity | conv1.weight:0.800926;conv2.weight:0.801975;conv3.weight:0.797472;fc1.weight:0.800318;fc2.weight:0.793359
Round 001 | train_loss=2.2201 | test_loss=2.3034 | test_acc=0.1000 | sparsity=0.8000 | cka=0 | targets=
Round 002 | train_loss=2.2208 | test_loss=2.3052 | test_acc=0.1002 | sparsity=0.8000 | cka=1 | targets=conv1.weight:0.799769;conv2.weight:0.799533;conv3.weight:0.799547;fc1.weight:0.800081
Round 003 | train_loss=2.1857 | test_loss=2.3051 | test_acc=0.1000 | sparsity=0.8000 | cka=0 | targets=conv1.weight:0.799769;conv2.weight:0.799533;conv3.weight:0.799547;fc1.weight:0.800081
Round 004 | train_loss=2.0441 | test_loss=2.3049 | test_acc=0.1171 | sparsity=0.8000 | cka=1 | targets=conv1.weight:0.799769;conv2.weight:0.799479;conv3.weight:0.799479;fc1.weight:0.800093
Round 005 | train_loss=1.9061 | test_loss=2.3571 | test_acc=0.1385 | sparsity=0.8000 | cka=0 | targets=conv1.weight:0.799769;conv2.weight:0.799479;conv3.weight:0.799479;fc1.weight:0.800093
Round 006 | train_loss=1.7904 | test_loss=2.3846 | test_acc=0.1465 | sparsity=0.8000 | cka=1 | targets=conv1.weight:0.798611;conv2.weight:0.799316;conv3.weight:0.799303;fc1.weight:0.800125
Round 007 | train_loss=1.7728 | test_loss=2.4542 | test_acc=0.1407 | sparsity=0.8000 | cka=0 | targets=conv1.weight:0.798611;conv2.weight:0.799316;conv3.weight:0.799303;fc1.weight:0.800125
Round 008 | train_loss=1.7576 | test_loss=2.4539 | test_acc=0.1425 | sparsity=0.8000 | cka=1 | targets=conv1.weight:0.799769;conv2.weight:0.799479;conv3.weight:0.799479;fc1.weight:0.800093
Round 009 | train_loss=1.7495 | test_loss=2.4325 | test_acc=0.1845 | sparsity=0.8000 | cka=0 | targets=conv1.weight:0.799769;conv2.weight:0.799479;conv3.weight:0.799479;fc1.weight:0.800093
Round 010 | train_loss=1.7369 | test_loss=2.4698 | test_acc=0.1525 | sparsity=0.8000 | cka=1 | targets=conv1.weight:0.799769;conv2.weight:0.799371;conv3.weight:0.799384;fc1.weight:0.800110
Round 011 | train_loss=1.7317 | test_loss=2.4021 | test_acc=0.1970 | sparsity=0.8000 | cka=0 | targets=conv1.weight:0.799769;conv2.weight:0.799371;conv3.weight:0.799384;fc1.weight:0.800110
Round 012 | train_loss=1.7219 | test_loss=2.4365 | test_acc=0.1689 | sparsity=0.8000 | cka=1 | targets=conv1.weight:0.799769;conv2.weight:0.799371;conv3.weight:0.799371;fc1.weight:0.800112
Round 013 | train_loss=1.7134 | test_loss=2.3598 | test_acc=0.2142 | sparsity=0.8000 | cka=0 | targets=conv1.weight:0.799769;conv2.weight:0.799371;conv3.weight:0.799371;fc1.weight:0.800112
Round 014 | train_loss=1.7002 | test_loss=2.3696 | test_acc=0.2132 | sparsity=0.8000 | cka=1 | targets=conv1.weight:0.799769;conv2.weight:0.799262;conv3.weight:0.799276;fc1.weight:0.800129
Round 015 | train_loss=1.7007 | test_loss=2.3212 | test_acc=0.2092 | sparsity=0.8000 | cka=0 | targets=conv1.weight:0.799769;conv2.weight:0.799262;conv3.weight:0.799276;fc1.weight:0.800129
Round 016 | train_loss=1.6856 | test_loss=2.3568 | test_acc=0.1999 | sparsity=0.8000 | cka=1 | targets=conv1.weight:0.799769;conv2.weight:0.799208;conv3.weight:0.799235;fc1.weight:0.800137
Round 017 | train_loss=1.6817 | test_loss=2.3309 | test_acc=0.2296 | sparsity=0.8000 | cka=0 | targets=conv1.weight:0.799769;conv2.weight:0.799208;conv3.weight:0.799235;fc1.weight:0.800137
Round 018 | train_loss=1.6684 | test_loss=2.3821 | test_acc=0.2196 | sparsity=0.8000 | cka=1 | targets=conv1.weight:0.799769;conv2.weight:0.799154;conv3.weight:0.799154;fc1.weight:0.800150
Round 019 | train_loss=1.6698 | test_loss=2.3198 | test_acc=0.2314 | sparsity=0.8000 | cka=0 | targets=conv1.weight:0.799769;conv2.weight:0.799154;conv3.weight:0.799154;fc1.weight:0.800150
Round 020 | train_loss=1.6523 | test_loss=2.3303 | test_acc=0.2190 | sparsity=0.8000 | cka=1 | targets=conv1.weight:0.798611;conv2.weight:0.798991;conv3.weight:0.798991;fc1.weight:0.800180
Saved training log to: results/logs/cka_strength_sweep/cifar10_cka_strength_fixed_5605137/strength_0p2/seed_13/cka_feddst_cifar10_clients5_alpha0.3_sparsity0.8_cka0.2_seed13_20260801_163927.csv
Saved CKA log to: results/logs/cka_strength_sweep/cifar10_cka_strength_fixed_5605137/strength_0p2/seed_13/cka_feddst_cifar10_clients5_alpha0.3_sparsity0.8_cka0.2_seed13_20260801_163927_cka.csv

[Run 14/125] suite=cka_strength method=cka_feddst seed=13 sparsity=0.9 cka_strength=0.2
Output log dir: results/logs/cka_strength_sweep/cifar10_cka_strength_fixed_5605137/strength_0p2/seed_13
Command: /mnt/aiongpfs/users/dsen/micromamba/envs/cka-cifar/bin/python -m src.train --global-config configs/global_cifar10.yaml --config configs/cka_feddst_mnist.yaml --seed 13 --sparsity 0.9 --cka-strength 0.2 --log-dir results/logs/cka_strength_sweep/cifar10_cka_strength_fixed_5605137/strength_0p2/seed_13 --checkpoint-dir results/checkpoints/cka_strength_sweep/cifar10_cka_strength_fixed_5605137/strength_0p2/seed_13 --plot-dir results/plots/cka_strength_sweep/cifar10_cka_strength_fixed_5605137
Final merged configuration:
alpha: 0.3
batch_size: 64
checkpoint_dir: results/checkpoints/cka_strength_sweep/cifar10_cka_strength_fixed_5605137/strength_0p2/seed_13
cka_interval: 2
cka_layers:
- conv1
- conv2
- conv3
- fc1
cka_max_sparsity: 0.95
cka_min_sparsity: 0.5
cka_strength: 0.2
data_check: false
data_dir: data
dataset: cifar10
device: auto
disable_cudnn: true
dry_run: false
eval_interval: 1
experiment_config_path: configs/cka_feddst_mnist.yaml
global_config_path: configs/global_cifar10.yaml
local_epochs: 1
log_cka: false
log_dir: results/logs/cka_strength_sweep/cifar10_cka_strength_fixed_5605137/strength_0p2/seed_13
lr: 0.01
mask_update_interval: 2
method: cka_feddst
model: cifar_cnn
num_clients: 5
num_workers: 2
output_dir: results
plot_dir: results/plots/cka_strength_sweep/cifar10_cka_strength_fixed_5605137
prune_fraction: 0.2
reference_size: 500
regrowth_method: gradient
rounds: 20
save_checkpoint: false
seed: 13
sparsity: 0.9
sparsity_init: random
split_dir: null
Saved merged config to: results/logs/cka_strength_sweep/cifar10_cka_strength_fixed_5605137/strength_0p2/seed_13/cka_feddst_cifar10_clients5_alpha0.3_sparsity0.9_cka0.2_seed13_20260801_164631_config.yaml
cuDNN disabled for this run.
Client label distributions:
  client 00: n=19994, labels=[2952, 878, 4230, 1942, 3893, 2947, 1170, 1268, 17, 697]
  client 01: n= 5273, labels=[1186, 629, 719, 163, 777, 852, 428, 22, 488, 9]
  client 02: n= 7607, labels=[2, 105, 1, 0, 96, 68, 60, 1042, 2038, 4195]
  client 03: n= 4678, labels=[463, 27, 0, 654, 2, 62, 287, 776, 2407, 0]
  client 04: n=11948, labels=[347, 3311, 0, 2191, 182, 1021, 3005, 1842, 0, 49]
Initial sparsity | total=0.9000 | active=61987/619872
Layer sparsity | conv1.weight:0.896991;conv2.weight:0.900825;conv3.weight:0.898560;fc1.weight:0.900152;fc2.weight:0.905469
Round 001 | train_loss=2.2230 | test_loss=2.3036 | test_acc=0.1000 | sparsity=0.9000 | cka=0 | targets=
Round 002 | train_loss=2.2249 | test_loss=2.3055 | test_acc=0.1000 | sparsity=0.9000 | cka=1 | targets=conv1.weight:0.900463;conv2.weight:0.899957;conv3.weight:0.899957;fc1.weight:0.900007
Round 003 | train_loss=2.2268 | test_loss=2.3081 | test_acc=0.1003 | sparsity=0.9000 | cka=0 | targets=conv1.weight:0.900463;conv2.weight:0.899957;conv3.weight:0.899957;fc1.weight:0.900007
Round 004 | train_loss=2.2295 | test_loss=2.3108 | test_acc=0.1000 | sparsity=0.9000 | cka=1 | targets=conv1.weight:0.899306;conv2.weight:0.899740;conv3.weight:0.899740;fc1.weight:0.900047
Round 005 | train_loss=2.2332 | test_loss=2.3136 | test_acc=0.1000 | sparsity=0.9000 | cka=0 | targets=conv1.weight:0.899306;conv2.weight:0.899740;conv3.weight:0.899740;fc1.weight:0.900047
Round 006 | train_loss=2.2359 | test_loss=2.3163 | test_acc=0.1000 | sparsity=0.9000 | cka=1 | targets=conv1.weight:0.900463;conv2.weight:0.899902;conv3.weight:0.899929;fc1.weight:0.900013
Round 007 | train_loss=2.2377 | test_loss=2.3189 | test_acc=0.1000 | sparsity=0.9000 | cka=0 | targets=conv1.weight:0.900463;conv2.weight:0.899902;conv3.weight:0.899929;fc1.weight:0.900013
Round 008 | train_loss=2.2393 | test_loss=2.3210 | test_acc=0.1000 | sparsity=0.9000 | cka=1 | targets=conv1.weight:0.899306;conv2.weight:0.899631;conv3.weight:0.899631;fc1.weight:0.900066
Round 009 | train_loss=2.2425 | test_loss=2.3230 | test_acc=0.1000 | sparsity=0.9000 | cka=0 | targets=conv1.weight:0.899306;conv2.weight:0.899631;conv3.weight:0.899631;fc1.weight:0.900066
Round 010 | train_loss=2.2442 | test_loss=2.3248 | test_acc=0.1000 | sparsity=0.9000 | cka=1 | targets=conv1.weight:0.899306;conv2.weight:0.899902;conv3.weight:0.899875;fc1.weight:0.900023
Round 011 | train_loss=2.2436 | test_loss=2.3267 | test_acc=0.1000 | sparsity=0.9000 | cka=0 | targets=conv1.weight:0.899306;conv2.weight:0.899902;conv3.weight:0.899875;fc1.weight:0.900023
Round 012 | train_loss=2.2431 | test_loss=2.3280 | test_acc=0.1000 | sparsity=0.9000 | cka=1 | targets=conv1.weight:0.899306;conv2.weight:0.899577;conv3.weight:0.899577;fc1.weight:0.900076
Round 013 | train_loss=2.2465 | test_loss=2.3294 | test_acc=0.1000 | sparsity=0.9000 | cka=0 | targets=conv1.weight:0.899306;conv2.weight:0.899577;conv3.weight:0.899577;fc1.weight:0.900076
Round 014 | train_loss=2.2466 | test_loss=2.3306 | test_acc=0.1000 | sparsity=0.9000 | cka=1 | targets=conv1.weight:0.899306;conv2.weight:0.899740;conv3.weight:0.899726;fc1.weight:0.900049
Round 015 | train_loss=2.2417 | test_loss=2.3324 | test_acc=0.1000 | sparsity=0.9000 | cka=0 | targets=conv1.weight:0.899306;conv2.weight:0.899740;conv3.weight:0.899726;fc1.weight:0.900049
Round 016 | train_loss=2.2264 | test_loss=2.3336 | test_acc=0.1000 | sparsity=0.9000 | cka=1 | targets=conv1.weight:0.899306;conv2.weight:0.899631;conv3.weight:0.899712;fc1.weight:0.900055
Round 017 | train_loss=2.2393 | test_loss=2.3360 | test_acc=0.1000 | sparsity=0.9000 | cka=0 | targets=conv1.weight:0.899306;conv2.weight:0.899631;conv3.weight:0.899712;fc1.weight:0.900055
Round 018 | train_loss=2.2268 | test_loss=2.3405 | test_acc=0.0974 | sparsity=0.9000 | cka=1 | targets=conv1.weight:0.899306;conv2.weight:0.899740;conv3.weight:0.899740;fc1.weight:0.900047
Round 019 | train_loss=2.1094 | test_loss=2.3674 | test_acc=0.1230 | sparsity=0.9000 | cka=0 | targets=conv1.weight:0.899306;conv2.weight:0.899740;conv3.weight:0.899740;fc1.weight:0.900047
Round 020 | train_loss=1.8979 | test_loss=2.4040 | test_acc=0.1042 | sparsity=0.9000 | cka=1 | targets=conv1.weight:0.899306;conv2.weight:0.899848;conv3.weight:0.899835;fc1.weight:0.900030
Saved training log to: results/logs/cka_strength_sweep/cifar10_cka_strength_fixed_5605137/strength_0p2/seed_13/cka_feddst_cifar10_clients5_alpha0.3_sparsity0.9_cka0.2_seed13_20260801_164631.csv
Saved CKA log to: results/logs/cka_strength_sweep/cifar10_cka_strength_fixed_5605137/strength_0p2/seed_13/cka_feddst_cifar10_clients5_alpha0.3_sparsity0.9_cka0.2_seed13_20260801_164631_cka.csv

[Run 15/125] suite=cka_strength method=cka_feddst seed=13 sparsity=0.95 cka_strength=0.2
Output log dir: results/logs/cka_strength_sweep/cifar10_cka_strength_fixed_5605137/strength_0p2/seed_13
Command: /mnt/aiongpfs/users/dsen/micromamba/envs/cka-cifar/bin/python -m src.train --global-config configs/global_cifar10.yaml --config configs/cka_feddst_mnist.yaml --seed 13 --sparsity 0.95 --cka-strength 0.2 --log-dir results/logs/cka_strength_sweep/cifar10_cka_strength_fixed_5605137/strength_0p2/seed_13 --checkpoint-dir results/checkpoints/cka_strength_sweep/cifar10_cka_strength_fixed_5605137/strength_0p2/seed_13 --plot-dir results/plots/cka_strength_sweep/cifar10_cka_strength_fixed_5605137
Final merged configuration:
alpha: 0.3
batch_size: 64
checkpoint_dir: results/checkpoints/cka_strength_sweep/cifar10_cka_strength_fixed_5605137/strength_0p2/seed_13
cka_interval: 2
cka_layers:
- conv1
- conv2
- conv3
- fc1
cka_max_sparsity: 0.95
cka_min_sparsity: 0.5
cka_strength: 0.2
data_check: false
data_dir: data
dataset: cifar10
device: auto
disable_cudnn: true
dry_run: false
eval_interval: 1
experiment_config_path: configs/cka_feddst_mnist.yaml
global_config_path: configs/global_cifar10.yaml
local_epochs: 1
log_cka: false
log_dir: results/logs/cka_strength_sweep/cifar10_cka_strength_fixed_5605137/strength_0p2/seed_13
lr: 0.01
mask_update_interval: 2
method: cka_feddst
model: cifar_cnn
num_clients: 5
num_workers: 2
output_dir: results
plot_dir: results/plots/cka_strength_sweep/cifar10_cka_strength_fixed_5605137
prune_fraction: 0.2
reference_size: 500
regrowth_method: gradient
rounds: 20
save_checkpoint: false
seed: 13
sparsity: 0.95
sparsity_init: random
split_dir: null
Saved merged config to: results/logs/cka_strength_sweep/cifar10_cka_strength_fixed_5605137/strength_0p2/seed_13/cka_feddst_cifar10_clients5_alpha0.3_sparsity0.95_cka0.2_seed13_20260801_165337_config.yaml
cuDNN disabled for this run.
Client label distributions:
  client 00: n=19994, labels=[2952, 878, 4230, 1942, 3893, 2947, 1170, 1268, 17, 697]
  client 01: n= 5273, labels=[1186, 629, 719, 163, 777, 852, 428, 22, 488, 9]
  client 02: n= 7607, labels=[2, 105, 1, 0, 96, 68, 60, 1042, 2038, 4195]
  client 03: n= 4678, labels=[463, 27, 0, 654, 2, 62, 287, 776, 2407, 0]
  client 04: n=11948, labels=[347, 3311, 0, 2191, 182, 1021, 3005, 1842, 0, 49]
Initial sparsity | total=0.9500 | active=30994/619872
Layer sparsity | conv1.weight:0.944444;conv2.weight:0.950575;conv3.weight:0.949273;fc1.weight:0.950089;fc2.weight:0.950391
Round 001 | train_loss=2.2237 | test_loss=2.3037 | test_acc=0.1000 | sparsity=0.9500 | cka=0 | targets=
Round 002 | train_loss=2.2257 | test_loss=2.3055 | test_acc=0.1000 | sparsity=0.9500 | cka=1 | targets=conv1.weight:0.949074;conv2.weight:0.949978;conv3.weight:0.949992;fc1.weight:0.949999
Round 003 | train_loss=2.2281 | test_loss=2.3081 | test_acc=0.1000 | sparsity=0.9500 | cka=0 | targets=conv1.weight:0.949074;conv2.weight:0.949978;conv3.weight:0.949992;fc1.weight:0.949999
Round 004 | train_loss=2.2312 | test_loss=2.3108 | test_acc=0.1000 | sparsity=0.9500 | cka=1 | targets=conv1.weight:0.949074;conv2.weight:0.949978;conv3.weight:0.949992;fc1.weight:0.949999
Round 005 | train_loss=2.2346 | test_loss=2.3136 | test_acc=0.1000 | sparsity=0.9500 | cka=0 | targets=conv1.weight:0.949074;conv2.weight:0.949978;conv3.weight:0.949992;fc1.weight:0.949999
Round 006 | train_loss=2.2375 | test_loss=2.3162 | test_acc=0.1000 | sparsity=0.9500 | cka=1 | targets=conv1.weight:0.949074;conv2.weight:0.949978;conv3.weight:0.949992;fc1.weight:0.949999
Round 007 | train_loss=2.2400 | test_loss=2.3186 | test_acc=0.1000 | sparsity=0.9500 | cka=0 | targets=conv1.weight:0.949074;conv2.weight:0.949978;conv3.weight:0.949992;fc1.weight:0.949999
Round 008 | train_loss=2.2423 | test_loss=2.3208 | test_acc=0.1000 | sparsity=0.9500 | cka=1 | targets=conv1.weight:0.949074;conv2.weight:0.949978;conv3.weight:0.949992;fc1.weight:0.949999
Round 009 | train_loss=2.2449 | test_loss=2.3228 | test_acc=0.1000 | sparsity=0.9500 | cka=0 | targets=conv1.weight:0.949074;conv2.weight:0.949978;conv3.weight:0.949992;fc1.weight:0.949999
Round 010 | train_loss=2.2468 | test_loss=2.3245 | test_acc=0.1000 | sparsity=0.9500 | cka=1 | targets=conv1.weight:0.949074;conv2.weight:0.949978;conv3.weight:0.949992;fc1.weight:0.949999
Round 011 | train_loss=2.2480 | test_loss=2.3261 | test_acc=0.1000 | sparsity=0.9500 | cka=0 | targets=conv1.weight:0.949074;conv2.weight:0.949978;conv3.weight:0.949992;fc1.weight:0.949999
Round 012 | train_loss=2.2494 | test_loss=2.3274 | test_acc=0.1000 | sparsity=0.9500 | cka=1 | targets=conv1.weight:0.949074;conv2.weight:0.949978;conv3.weight:0.949992;fc1.weight:0.949999
Round 013 | train_loss=2.2511 | test_loss=2.3287 | test_acc=0.1000 | sparsity=0.9500 | cka=0 | targets=conv1.weight:0.949074;conv2.weight:0.949978;conv3.weight:0.949992;fc1.weight:0.949999
Round 014 | train_loss=2.2522 | test_loss=2.3298 | test_acc=0.1000 | sparsity=0.9500 | cka=1 | targets=conv1.weight:0.949074;conv2.weight:0.949978;conv3.weight:0.949992;fc1.weight:0.949999
Round 015 | train_loss=2.2524 | test_loss=2.3307 | test_acc=0.1000 | sparsity=0.9500 | cka=0 | targets=conv1.weight:0.949074;conv2.weight:0.949978;conv3.weight:0.949992;fc1.weight:0.949999
Round 016 | train_loss=2.2529 | test_loss=2.3315 | test_acc=0.1000 | sparsity=0.9500 | cka=1 | targets=conv1.weight:0.949074;conv2.weight:0.949978;conv3.weight:0.949992;fc1.weight:0.949999
Round 017 | train_loss=2.2545 | test_loss=2.3323 | test_acc=0.1000 | sparsity=0.9500 | cka=0 | targets=conv1.weight:0.949074;conv2.weight:0.949978;conv3.weight:0.949992;fc1.weight:0.949999
Round 018 | train_loss=2.2550 | test_loss=2.3330 | test_acc=0.1000 | sparsity=0.9500 | cka=1 | targets=conv1.weight:0.949074;conv2.weight:0.949978;conv3.weight:0.949992;fc1.weight:0.949999
Round 019 | train_loss=2.2542 | test_loss=2.3337 | test_acc=0.1000 | sparsity=0.9500 | cka=0 | targets=conv1.weight:0.949074;conv2.weight:0.949978;conv3.weight:0.949992;fc1.weight:0.949999
Round 020 | train_loss=2.2542 | test_loss=2.3341 | test_acc=0.1000 | sparsity=0.9500 | cka=1 | targets=conv1.weight:0.949074;conv2.weight:0.949978;conv3.weight:0.949992;fc1.weight:0.949999
Saved training log to: results/logs/cka_strength_sweep/cifar10_cka_strength_fixed_5605137/strength_0p2/seed_13/cka_feddst_cifar10_clients5_alpha0.3_sparsity0.95_cka0.2_seed13_20260801_165337.csv
Saved CKA log to: results/logs/cka_strength_sweep/cifar10_cka_strength_fixed_5605137/strength_0p2/seed_13/cka_feddst_cifar10_clients5_alpha0.3_sparsity0.95_cka0.2_seed13_20260801_165337_cka.csv

[Run 16/125] suite=cka_strength method=cka_feddst seed=21 sparsity=0.5 cka_strength=0.2
Output log dir: results/logs/cka_strength_sweep/cifar10_cka_strength_fixed_5605137/strength_0p2/seed_21
Command: /mnt/aiongpfs/users/dsen/micromamba/envs/cka-cifar/bin/python -m src.train --global-config configs/global_cifar10.yaml --config configs/cka_feddst_mnist.yaml --seed 21 --sparsity 0.5 --cka-strength 0.2 --log-dir results/logs/cka_strength_sweep/cifar10_cka_strength_fixed_5605137/strength_0p2/seed_21 --checkpoint-dir results/checkpoints/cka_strength_sweep/cifar10_cka_strength_fixed_5605137/strength_0p2/seed_21 --plot-dir results/plots/cka_strength_sweep/cifar10_cka_strength_fixed_5605137
Final merged configuration:
alpha: 0.3
batch_size: 64
checkpoint_dir: results/checkpoints/cka_strength_sweep/cifar10_cka_strength_fixed_5605137/strength_0p2/seed_21
cka_interval: 2
cka_layers:
- conv1
- conv2
- conv3
- fc1
cka_max_sparsity: 0.95
cka_min_sparsity: 0.5
cka_strength: 0.2
data_check: false
data_dir: data
dataset: cifar10
device: auto
disable_cudnn: true
dry_run: false
eval_interval: 1
experiment_config_path: configs/cka_feddst_mnist.yaml
global_config_path: configs/global_cifar10.yaml
local_epochs: 1
log_cka: false
log_dir: results/logs/cka_strength_sweep/cifar10_cka_strength_fixed_5605137/strength_0p2/seed_21
lr: 0.01
mask_update_interval: 2
method: cka_feddst
model: cifar_cnn
num_clients: 5
num_workers: 2
output_dir: results
plot_dir: results/plots/cka_strength_sweep/cifar10_cka_strength_fixed_5605137
prune_fraction: 0.2
reference_size: 500
regrowth_method: gradient
rounds: 20
save_checkpoint: false
seed: 21
sparsity: 0.5
sparsity_init: random
split_dir: null
Saved merged config to: results/logs/cka_strength_sweep/cifar10_cka_strength_fixed_5605137/strength_0p2/seed_21/cka_feddst_cifar10_clients5_alpha0.3_sparsity0.5_cka0.2_seed21_20260801_170029_config.yaml
cuDNN disabled for this run.
Client label distributions:
  client 00: n=10151, labels=[68, 0, 4345, 758, 1058, 713, 0, 122, 882, 2205]
  client 01: n=10420, labels=[957, 2155, 26, 376, 2359, 483, 4054, 4, 6, 0]
  client 02: n= 7384, labels=[1406, 266, 313, 764, 191, 13, 184, 2, 3127, 1118]
  client 03: n=13329, labels=[2519, 2506, 245, 1146, 1341, 359, 6, 3254, 563, 1390]
  client 04: n= 8216, labels=[0, 23, 21, 1906, 1, 3382, 706, 1568, 372, 237]
Initial sparsity | total=0.5000 | active=309936/619872
Layer sparsity | conv1.weight:0.486111;conv2.weight:0.498806;conv3.weight:0.498834;fc1.weight:0.500118;fc2.weight:0.522656
Round 001 | train_loss=2.0278 | test_loss=2.2765 | test_acc=0.1305 | sparsity=0.5000 | cka=0 | targets=
Round 002 | train_loss=1.7818 | test_loss=2.3185 | test_acc=0.1485 | sparsity=0.5001 | cka=1 | targets=conv1.weight:0.500000;conv2.weight:0.500000;conv3.weight:0.500000;fc1.weight:0.500000
Round 003 | train_loss=1.7277 | test_loss=2.3980 | test_acc=0.1394 | sparsity=0.5001 | cka=0 | targets=conv1.weight:0.500000;conv2.weight:0.500000;conv3.weight:0.500000;fc1.weight:0.500000
Round 004 | train_loss=1.7083 | test_loss=2.3191 | test_acc=0.1537 | sparsity=0.5001 | cka=1 | targets=conv1.weight:0.500000;conv2.weight:0.500000;conv3.weight:0.500000;fc1.weight:0.500000
Round 005 | train_loss=1.6963 | test_loss=2.3377 | test_acc=0.1544 | sparsity=0.5001 | cka=0 | targets=conv1.weight:0.500000;conv2.weight:0.500000;conv3.weight:0.500000;fc1.weight:0.500000
Round 006 | train_loss=1.6767 | test_loss=2.3392 | test_acc=0.1657 | sparsity=0.5001 | cka=1 | targets=conv1.weight:0.500000;conv2.weight:0.500000;conv3.weight:0.500000;fc1.weight:0.500000
Round 007 | train_loss=1.6705 | test_loss=2.2965 | test_acc=0.1762 | sparsity=0.5001 | cka=0 | targets=conv1.weight:0.500000;conv2.weight:0.500000;conv3.weight:0.500000;fc1.weight:0.500000
Round 008 | train_loss=1.6455 | test_loss=2.2844 | test_acc=0.1812 | sparsity=0.5001 | cka=1 | targets=conv1.weight:0.500000;conv2.weight:0.500000;conv3.weight:0.500000;fc1.weight:0.500000
Round 009 | train_loss=1.6229 | test_loss=2.2764 | test_acc=0.2067 | sparsity=0.5001 | cka=0 | targets=conv1.weight:0.500000;conv2.weight:0.500000;conv3.weight:0.500000;fc1.weight:0.500000
Round 010 | train_loss=1.5912 | test_loss=2.2427 | test_acc=0.2228 | sparsity=0.5001 | cka=1 | targets=conv1.weight:0.500000;conv2.weight:0.500000;conv3.weight:0.500000;fc1.weight:0.500000
Round 011 | train_loss=1.5821 | test_loss=2.1882 | test_acc=0.2433 | sparsity=0.5001 | cka=0 | targets=conv1.weight:0.500000;conv2.weight:0.500000;conv3.weight:0.500000;fc1.weight:0.500000
Round 012 | train_loss=1.5339 | test_loss=2.1932 | test_acc=0.2558 | sparsity=0.5001 | cka=1 | targets=conv1.weight:0.500000;conv2.weight:0.500000;conv3.weight:0.500000;fc1.weight:0.500000
Round 013 | train_loss=1.5015 | test_loss=2.1169 | test_acc=0.2553 | sparsity=0.5001 | cka=0 | targets=conv1.weight:0.500000;conv2.weight:0.500000;conv3.weight:0.500000;fc1.weight:0.500000
Round 014 | train_loss=1.4667 | test_loss=2.0739 | test_acc=0.2781 | sparsity=0.5001 | cka=1 | targets=conv1.weight:0.500000;conv2.weight:0.500000;conv3.weight:0.500000;fc1.weight:0.500000
Round 015 | train_loss=1.4560 | test_loss=2.0370 | test_acc=0.2850 | sparsity=0.5001 | cka=0 | targets=conv1.weight:0.500000;conv2.weight:0.500000;conv3.weight:0.500000;fc1.weight:0.500000
Round 016 | train_loss=1.4174 | test_loss=2.0162 | test_acc=0.2873 | sparsity=0.5001 | cka=1 | targets=conv1.weight:0.500000;conv2.weight:0.500000;conv3.weight:0.500000;fc1.weight:0.500000
Round 017 | train_loss=1.3958 | test_loss=1.9638 | test_acc=0.3027 | sparsity=0.5001 | cka=0 | targets=conv1.weight:0.500000;conv2.weight:0.500000;conv3.weight:0.500000;fc1.weight:0.500000
Round 018 | train_loss=1.3720 | test_loss=1.9856 | test_acc=0.2980 | sparsity=0.5001 | cka=1 | targets=conv1.weight:0.500000;conv2.weight:0.500000;conv3.weight:0.500000;fc1.weight:0.500000
Round 019 | train_loss=1.3715 | test_loss=1.9732 | test_acc=0.3071 | sparsity=0.5001 | cka=0 | targets=conv1.weight:0.500000;conv2.weight:0.500000;conv3.weight:0.500000;fc1.weight:0.500000
Round 020 | train_loss=1.3466 | test_loss=1.9332 | test_acc=0.3115 | sparsity=0.5001 | cka=1 | targets=conv1.weight:0.500000;conv2.weight:0.500000;conv3.weight:0.500000;fc1.weight:0.500000
Saved training log to: results/logs/cka_strength_sweep/cifar10_cka_strength_fixed_5605137/strength_0p2/seed_21/cka_feddst_cifar10_clients5_alpha0.3_sparsity0.5_cka0.2_seed21_20260801_170029.csv
Saved CKA log to: results/logs/cka_strength_sweep/cifar10_cka_strength_fixed_5605137/strength_0p2/seed_21/cka_feddst_cifar10_clients5_alpha0.3_sparsity0.5_cka0.2_seed21_20260801_170029_cka.csv

[Run 17/125] suite=cka_strength method=cka_feddst seed=21 sparsity=0.7 cka_strength=0.2
Output log dir: results/logs/cka_strength_sweep/cifar10_cka_strength_fixed_5605137/strength_0p2/seed_21
Command: /mnt/aiongpfs/users/dsen/micromamba/envs/cka-cifar/bin/python -m src.train --global-config configs/global_cifar10.yaml --config configs/cka_feddst_mnist.yaml --seed 21 --sparsity 0.7 --cka-strength 0.2 --log-dir results/logs/cka_strength_sweep/cifar10_cka_strength_fixed_5605137/strength_0p2/seed_21 --checkpoint-dir results/checkpoints/cka_strength_sweep/cifar10_cka_strength_fixed_5605137/strength_0p2/seed_21 --plot-dir results/plots/cka_strength_sweep/cifar10_cka_strength_fixed_5605137
Final merged configuration:
alpha: 0.3
batch_size: 64
checkpoint_dir: results/checkpoints/cka_strength_sweep/cifar10_cka_strength_fixed_5605137/strength_0p2/seed_21
cka_interval: 2
cka_layers:
- conv1
- conv2
- conv3
- fc1
cka_max_sparsity: 0.95
cka_min_sparsity: 0.5
cka_strength: 0.2
data_check: false
data_dir: data
dataset: cifar10
device: auto
disable_cudnn: true
dry_run: false
eval_interval: 1
experiment_config_path: configs/cka_feddst_mnist.yaml
global_config_path: configs/global_cifar10.yaml
local_epochs: 1
log_cka: false
log_dir: results/logs/cka_strength_sweep/cifar10_cka_strength_fixed_5605137/strength_0p2/seed_21
lr: 0.01
mask_update_interval: 2
method: cka_feddst
model: cifar_cnn
num_clients: 5
num_workers: 2
output_dir: results
plot_dir: results/plots/cka_strength_sweep/cifar10_cka_strength_fixed_5605137
prune_fraction: 0.2
reference_size: 500
regrowth_method: gradient
rounds: 20
save_checkpoint: false
seed: 21
sparsity: 0.7
sparsity_init: random
split_dir: null
Saved merged config to: results/logs/cka_strength_sweep/cifar10_cka_strength_fixed_5605137/strength_0p2/seed_21/cka_feddst_cifar10_clients5_alpha0.3_sparsity0.7_cka0.2_seed21_20260801_170718_config.yaml
cuDNN disabled for this run.
Client label distributions:
  client 00: n=10151, labels=[68, 0, 4345, 758, 1058, 713, 0, 122, 882, 2205]
  client 01: n=10420, labels=[957, 2155, 26, 376, 2359, 483, 4054, 4, 6, 0]
  client 02: n= 7384, labels=[1406, 266, 313, 764, 191, 13, 184, 2, 3127, 1118]
  client 03: n=13329, labels=[2519, 2506, 245, 1146, 1341, 359, 6, 3254, 563, 1390]
  client 04: n= 8216, labels=[0, 23, 21, 1906, 1, 3382, 706, 1568, 372, 237]
Initial sparsity | total=0.7000 | active=185962/619872
Layer sparsity | conv1.weight:0.682870;conv2.weight:0.695367;conv3.weight:0.700928;fc1.weight:0.699989;fc2.weight:0.714453
Round 001 | train_loss=2.1984 | test_loss=2.3004 | test_acc=0.1189 | sparsity=0.7000 | cka=0 | targets=
Round 002 | train_loss=2.1529 | test_loss=2.2899 | test_acc=0.1091 | sparsity=0.7001 | cka=1 | targets=conv1.weight:0.699074;conv2.weight:0.699436;conv3.weight:0.699490;fc1.weight:0.700092
Round 003 | train_loss=1.8655 | test_loss=2.3049 | test_acc=0.1455 | sparsity=0.7001 | cka=0 | targets=conv1.weight:0.699074;conv2.weight:0.699436;conv3.weight:0.699490;fc1.weight:0.700092
Round 004 | train_loss=1.7432 | test_loss=2.2668 | test_acc=0.1410 | sparsity=0.7001 | cka=1 | targets=conv1.weight:0.699074;conv2.weight:0.699490;conv3.weight:0.699517;fc1.weight:0.700087
Round 005 | train_loss=1.7506 | test_loss=2.3404 | test_acc=0.1428 | sparsity=0.7001 | cka=0 | targets=conv1.weight:0.699074;conv2.weight:0.699490;conv3.weight:0.699517;fc1.weight:0.700087
Round 006 | train_loss=1.7117 | test_loss=2.3504 | test_acc=0.1464 | sparsity=0.7001 | cka=1 | targets=conv1.weight:0.699074;conv2.weight:0.699382;conv3.weight:0.699382;fc1.weight:0.700109
Round 007 | train_loss=1.7014 | test_loss=2.3570 | test_acc=0.1566 | sparsity=0.7001 | cka=0 | targets=conv1.weight:0.699074;conv2.weight:0.699382;conv3.weight:0.699382;fc1.weight:0.700109
Round 008 | train_loss=1.6902 | test_loss=2.3708 | test_acc=0.1500 | sparsity=0.7001 | cka=1 | targets=conv1.weight:0.699074;conv2.weight:0.699382;conv3.weight:0.699409;fc1.weight:0.700106
Round 009 | train_loss=1.6843 | test_loss=2.3597 | test_acc=0.1620 | sparsity=0.7001 | cka=0 | targets=conv1.weight:0.699074;conv2.weight:0.699382;conv3.weight:0.699409;fc1.weight:0.700106
Round 010 | train_loss=1.6735 | test_loss=2.3535 | test_acc=0.1582 | sparsity=0.7001 | cka=1 | targets=conv1.weight:0.699074;conv2.weight:0.699436;conv3.weight:0.699449;fc1.weight:0.700098
Round 011 | train_loss=1.6717 | test_loss=2.3205 | test_acc=0.1660 | sparsity=0.7001 | cka=0 | targets=conv1.weight:0.699074;conv2.weight:0.699436;conv3.weight:0.699449;fc1.weight:0.700098
Round 012 | train_loss=1.6563 | test_loss=2.3461 | test_acc=0.1676 | sparsity=0.7001 | cka=1 | targets=conv1.weight:0.699074;conv2.weight:0.699273;conv3.weight:0.699314;fc1.weight:0.700123
Round 013 | train_loss=1.6542 | test_loss=2.3415 | test_acc=0.1639 | sparsity=0.7001 | cka=0 | targets=conv1.weight:0.699074;conv2.weight:0.699273;conv3.weight:0.699314;fc1.weight:0.700123
Round 014 | train_loss=1.6426 | test_loss=2.3079 | test_acc=0.1767 | sparsity=0.7001 | cka=1 | targets=conv1.weight:0.699074;conv2.weight:0.699327;conv3.weight:0.699327;fc1.weight:0.700119
Round 015 | train_loss=1.6382 | test_loss=2.2760 | test_acc=0.1842 | sparsity=0.7001 | cka=0 | targets=conv1.weight:0.699074;conv2.weight:0.699327;conv3.weight:0.699327;fc1.weight:0.700119
Round 016 | train_loss=1.6235 | test_loss=2.3070 | test_acc=0.1806 | sparsity=0.7001 | cka=1 | targets=conv1.weight:0.699074;conv2.weight:0.699110;conv3.weight:0.699178;fc1.weight:0.700148
Round 017 | train_loss=1.6162 | test_loss=2.2609 | test_acc=0.1980 | sparsity=0.7001 | cka=0 | targets=conv1.weight:0.699074;conv2.weight:0.699110;conv3.weight:0.699178;fc1.weight:0.700148
Round 018 | train_loss=1.5994 | test_loss=2.2991 | test_acc=0.2152 | sparsity=0.7001 | cka=1 | targets=conv1.weight:0.699074;conv2.weight:0.699219;conv3.weight:0.699273;fc1.weight:0.700130
Round 019 | train_loss=1.5935 | test_loss=2.2384 | test_acc=0.2208 | sparsity=0.7001 | cka=0 | targets=conv1.weight:0.699074;conv2.weight:0.699219;conv3.weight:0.699273;fc1.weight:0.700130
Round 020 | train_loss=1.5586 | test_loss=2.2762 | test_acc=0.2313 | sparsity=0.7001 | cka=1 | targets=conv1.weight:0.697917;conv2.weight:0.698405;conv3.weight:0.698907;fc1.weight:0.700212
Saved training log to: results/logs/cka_strength_sweep/cifar10_cka_strength_fixed_5605137/strength_0p2/seed_21/cka_feddst_cifar10_clients5_alpha0.3_sparsity0.7_cka0.2_seed21_20260801_170718.csv
Saved CKA log to: results/logs/cka_strength_sweep/cifar10_cka_strength_fixed_5605137/strength_0p2/seed_21/cka_feddst_cifar10_clients5_alpha0.3_sparsity0.7_cka0.2_seed21_20260801_170718_cka.csv

[Run 18/125] suite=cka_strength method=cka_feddst seed=21 sparsity=0.8 cka_strength=0.2
Output log dir: results/logs/cka_strength_sweep/cifar10_cka_strength_fixed_5605137/strength_0p2/seed_21
Command: /mnt/aiongpfs/users/dsen/micromamba/envs/cka-cifar/bin/python -m src.train --global-config configs/global_cifar10.yaml --config configs/cka_feddst_mnist.yaml --seed 21 --sparsity 0.8 --cka-strength 0.2 --log-dir results/logs/cka_strength_sweep/cifar10_cka_strength_fixed_5605137/strength_0p2/seed_21 --checkpoint-dir results/checkpoints/cka_strength_sweep/cifar10_cka_strength_fixed_5605137/strength_0p2/seed_21 --plot-dir results/plots/cka_strength_sweep/cifar10_cka_strength_fixed_5605137
Final merged configuration:
alpha: 0.3
batch_size: 64
checkpoint_dir: results/checkpoints/cka_strength_sweep/cifar10_cka_strength_fixed_5605137/strength_0p2/seed_21
cka_interval: 2
cka_layers:
- conv1
- conv2
- conv3
- fc1
cka_max_sparsity: 0.95
cka_min_sparsity: 0.5
cka_strength: 0.2
data_check: false
data_dir: data
dataset: cifar10
device: auto
disable_cudnn: true
dry_run: false
eval_interval: 1
experiment_config_path: configs/cka_feddst_mnist.yaml
global_config_path: configs/global_cifar10.yaml
local_epochs: 1
log_cka: false
log_dir: results/logs/cka_strength_sweep/cifar10_cka_strength_fixed_5605137/strength_0p2/seed_21
lr: 0.01
mask_update_interval: 2
method: cka_feddst
model: cifar_cnn
num_clients: 5
num_workers: 2
output_dir: results
plot_dir: results/plots/cka_strength_sweep/cifar10_cka_strength_fixed_5605137
prune_fraction: 0.2
reference_size: 500
regrowth_method: gradient
rounds: 20
save_checkpoint: false
seed: 21
sparsity: 0.8
sparsity_init: random
split_dir: null
Saved merged config to: results/logs/cka_strength_sweep/cifar10_cka_strength_fixed_5605137/strength_0p2/seed_21/cka_feddst_cifar10_clients5_alpha0.3_sparsity0.8_cka0.2_seed21_20260801_171416_config.yaml
cuDNN disabled for this run.
Client label distributions:
  client 00: n=10151, labels=[68, 0, 4345, 758, 1058, 713, 0, 122, 882, 2205]
  client 01: n=10420, labels=[957, 2155, 26, 376, 2359, 483, 4054, 4, 6, 0]
  client 02: n= 7384, labels=[1406, 266, 313, 764, 191, 13, 184, 2, 3127, 1118]
  client 03: n=13329, labels=[2519, 2506, 245, 1146, 1341, 359, 6, 3254, 563, 1390]
  client 04: n= 8216, labels=[0, 23, 21, 1906, 1, 3382, 706, 1568, 372, 237]
Initial sparsity | total=0.8000 | active=123974/619872
Layer sparsity | conv1.weight:0.776620;conv2.weight:0.796115;conv3.weight:0.799981;fc1.weight:0.800104;fc2.weight:0.815234
Round 001 | train_loss=2.2094 | test_loss=2.3028 | test_acc=0.1000 | sparsity=0.8000 | cka=0 | targets=
Round 002 | train_loss=2.2085 | test_loss=2.3027 | test_acc=0.0989 | sparsity=0.8001 | cka=1 | targets=conv1.weight:0.799769;conv2.weight:0.799696;conv3.weight:0.799710;fc1.weight:0.800053
Round 003 | train_loss=2.2034 | test_loss=2.3025 | test_acc=0.1269 | sparsity=0.8001 | cka=0 | targets=conv1.weight:0.799769;conv2.weight:0.799696;conv3.weight:0.799710;fc1.weight:0.800053
Round 004 | train_loss=2.1775 | test_loss=2.3023 | test_acc=0.1000 | sparsity=0.8001 | cka=1 | targets=conv1.weight:0.799769;conv2.weight:0.799859;conv3.weight:0.799873;fc1.weight:0.800024
Round 005 | train_loss=2.1848 | test_loss=2.2990 | test_acc=0.1019 | sparsity=0.8001 | cka=0 | targets=conv1.weight:0.799769;conv2.weight:0.799859;conv3.weight:0.799873;fc1.weight:0.800024
Round 006 | train_loss=2.0468 | test_loss=2.2889 | test_acc=0.1127 | sparsity=0.8001 | cka=1 | targets=conv1.weight:0.799769;conv2.weight:0.799696;conv3.weight:0.799683;fc1.weight:0.800056
Round 007 | train_loss=1.8325 | test_loss=2.3541 | test_acc=0.1338 | sparsity=0.8001 | cka=0 | targets=conv1.weight:0.799769;conv2.weight:0.799696;conv3.weight:0.799683;fc1.weight:0.800056
Round 008 | train_loss=1.7347 | test_loss=2.3183 | test_acc=0.1356 | sparsity=0.8001 | cka=1 | targets=conv1.weight:0.799769;conv2.weight:0.799750;conv3.weight:0.799737;fc1.weight:0.800047
Round 009 | train_loss=1.7158 | test_loss=2.4015 | test_acc=0.1349 | sparsity=0.8001 | cka=0 | targets=conv1.weight:0.799769;conv2.weight:0.799750;conv3.weight:0.799737;fc1.weight:0.800047
Round 010 | train_loss=1.6986 | test_loss=2.3556 | test_acc=0.1433 | sparsity=0.8001 | cka=1 | targets=conv1.weight:0.799769;conv2.weight:0.799588;conv3.weight:0.799628;fc1.weight:0.800068
Round 011 | train_loss=1.6927 | test_loss=2.3576 | test_acc=0.1446 | sparsity=0.8001 | cka=0 | targets=conv1.weight:0.799769;conv2.weight:0.799588;conv3.weight:0.799628;fc1.weight:0.800068
Round 012 | train_loss=1.6802 | test_loss=2.3653 | test_acc=0.1467 | sparsity=0.8001 | cka=1 | targets=conv1.weight:0.799769;conv2.weight:0.799642;conv3.weight:0.799655;fc1.weight:0.800062
Round 013 | train_loss=1.6771 | test_loss=2.3638 | test_acc=0.1432 | sparsity=0.8001 | cka=0 | targets=conv1.weight:0.799769;conv2.weight:0.799642;conv3.weight:0.799655;fc1.weight:0.800062
Round 014 | train_loss=1.6666 | test_loss=2.3554 | test_acc=0.1483 | sparsity=0.8001 | cka=1 | targets=conv1.weight:0.799769;conv2.weight:0.799533;conv3.weight:0.799533;fc1.weight:0.800083
Round 015 | train_loss=1.6617 | test_loss=2.3030 | test_acc=0.1592 | sparsity=0.8001 | cka=0 | targets=conv1.weight:0.799769;conv2.weight:0.799533;conv3.weight:0.799533;fc1.weight:0.800083
Round 016 | train_loss=1.6523 | test_loss=2.3432 | test_acc=0.1550 | sparsity=0.8001 | cka=1 | targets=conv1.weight:0.799769;conv2.weight:0.799479;conv3.weight:0.799493;fc1.weight:0.800091
Round 017 | train_loss=1.6480 | test_loss=2.2927 | test_acc=0.1597 | sparsity=0.8001 | cka=0 | targets=conv1.weight:0.799769;conv2.weight:0.799479;conv3.weight:0.799493;fc1.weight:0.800091
Round 018 | train_loss=1.6381 | test_loss=2.3425 | test_acc=0.1596 | sparsity=0.8001 | cka=1 | targets=conv1.weight:0.798611;conv2.weight:0.799316;conv3.weight:0.799411;fc1.weight:0.800110
Round 019 | train_loss=1.6355 | test_loss=2.2857 | test_acc=0.1725 | sparsity=0.8001 | cka=0 | targets=conv1.weight:0.798611;conv2.weight:0.799316;conv3.weight:0.799411;fc1.weight:0.800110
Round 020 | train_loss=1.6261 | test_loss=2.3050 | test_acc=0.1677 | sparsity=0.8001 | cka=1 | targets=conv1.weight:0.799769;conv2.weight:0.799316;conv3.weight:0.799425;fc1.weight:0.800106
Saved training log to: results/logs/cka_strength_sweep/cifar10_cka_strength_fixed_5605137/strength_0p2/seed_21/cka_feddst_cifar10_clients5_alpha0.3_sparsity0.8_cka0.2_seed21_20260801_171416.csv
Saved CKA log to: results/logs/cka_strength_sweep/cifar10_cka_strength_fixed_5605137/strength_0p2/seed_21/cka_feddst_cifar10_clients5_alpha0.3_sparsity0.8_cka0.2_seed21_20260801_171416_cka.csv

[Run 19/125] suite=cka_strength method=cka_feddst seed=21 sparsity=0.9 cka_strength=0.2
Output log dir: results/logs/cka_strength_sweep/cifar10_cka_strength_fixed_5605137/strength_0p2/seed_21
Command: /mnt/aiongpfs/users/dsen/micromamba/envs/cka-cifar/bin/python -m src.train --global-config configs/global_cifar10.yaml --config configs/cka_feddst_mnist.yaml --seed 21 --sparsity 0.9 --cka-strength 0.2 --log-dir results/logs/cka_strength_sweep/cifar10_cka_strength_fixed_5605137/strength_0p2/seed_21 --checkpoint-dir results/checkpoints/cka_strength_sweep/cifar10_cka_strength_fixed_5605137/strength_0p2/seed_21 --plot-dir results/plots/cka_strength_sweep/cifar10_cka_strength_fixed_5605137
Final merged configuration:
alpha: 0.3
batch_size: 64
checkpoint_dir: results/checkpoints/cka_strength_sweep/cifar10_cka_strength_fixed_5605137/strength_0p2/seed_21
cka_interval: 2
cka_layers:
- conv1
- conv2
- conv3
- fc1
cka_max_sparsity: 0.95
cka_min_sparsity: 0.5
cka_strength: 0.2
data_check: false
data_dir: data
dataset: cifar10
device: auto
disable_cudnn: true
dry_run: false
eval_interval: 1
experiment_config_path: configs/cka_feddst_mnist.yaml
global_config_path: configs/global_cifar10.yaml
local_epochs: 1
log_cka: false
log_dir: results/logs/cka_strength_sweep/cifar10_cka_strength_fixed_5605137/strength_0p2/seed_21
lr: 0.01
mask_update_interval: 2
method: cka_feddst
model: cifar_cnn
num_clients: 5
num_workers: 2
output_dir: results
plot_dir: results/plots/cka_strength_sweep/cifar10_cka_strength_fixed_5605137
prune_fraction: 0.2
reference_size: 500
regrowth_method: gradient
rounds: 20
save_checkpoint: false
seed: 21
sparsity: 0.9
sparsity_init: random
split_dir: null
Saved merged config to: results/logs/cka_strength_sweep/cifar10_cka_strength_fixed_5605137/strength_0p2/seed_21/cka_feddst_cifar10_clients5_alpha0.3_sparsity0.9_cka0.2_seed21_20260801_172143_config.yaml
cuDNN disabled for this run.
Client label distributions:
  client 00: n=10151, labels=[68, 0, 4345, 758, 1058, 713, 0, 122, 882, 2205]
  client 01: n=10420, labels=[957, 2155, 26, 376, 2359, 483, 4054, 4, 6, 0]
  client 02: n= 7384, labels=[1406, 266, 313, 764, 191, 13, 184, 2, 3127, 1118]
  client 03: n=13329, labels=[2519, 2506, 245, 1146, 1341, 359, 6, 3254, 563, 1390]
  client 04: n= 8216, labels=[0, 23, 21, 1906, 1, 3382, 706, 1568, 372, 237]
Initial sparsity | total=0.9000 | active=61987/619872
Layer sparsity | conv1.weight:0.890046;conv2.weight:0.896973;conv3.weight:0.900798;fc1.weight:0.899969;fc2.weight:0.908594
Round 001 | train_loss=2.2110 | test_loss=2.3028 | test_acc=0.1000 | sparsity=0.9000 | cka=0 | targets=
Round 002 | train_loss=2.2107 | test_loss=2.3027 | test_acc=0.1000 | sparsity=0.9000 | cka=1 | targets=conv1.weight:0.900463;conv2.weight:0.899957;conv3.weight:0.899970;fc1.weight:0.900005
Round 003 | train_loss=2.2098 | test_loss=2.3028 | test_acc=0.1000 | sparsity=0.9000 | cka=0 | targets=conv1.weight:0.900463;conv2.weight:0.899957;conv3.weight:0.899970;fc1.weight:0.900005
Round 004 | train_loss=2.2096 | test_loss=2.3030 | test_acc=0.1000 | sparsity=0.9000 | cka=1 | targets=conv1.weight:0.900463;conv2.weight:0.899794;conv3.weight:0.899807;fc1.weight:0.900034
Round 005 | train_loss=2.2104 | test_loss=2.3033 | test_acc=0.1000 | sparsity=0.9000 | cka=0 | targets=conv1.weight:0.900463;conv2.weight:0.899794;conv3.weight:0.899807;fc1.weight:0.900034
Round 006 | train_loss=2.2105 | test_loss=2.3036 | test_acc=0.1000 | sparsity=0.9000 | cka=1 | targets=conv1.weight:0.899306;conv2.weight:0.899957;conv3.weight:0.899957;fc1.weight:0.900009
Round 007 | train_loss=2.2098 | test_loss=2.3039 | test_acc=0.1000 | sparsity=0.9000 | cka=0 | targets=conv1.weight:0.899306;conv2.weight:0.899957;conv3.weight:0.899957;fc1.weight:0.900009
Round 008 | train_loss=2.2095 | test_loss=2.3042 | test_acc=0.1000 | sparsity=0.9000 | cka=1 | targets=conv1.weight:0.899306;conv2.weight:0.899740;conv3.weight:0.899753;fc1.weight:0.900045
Round 009 | train_loss=2.2105 | test_loss=2.3045 | test_acc=0.1000 | sparsity=0.9000 | cka=0 | targets=conv1.weight:0.899306;conv2.weight:0.899740;conv3.weight:0.899753;fc1.weight:0.900045
Round 010 | train_loss=2.2104 | test_loss=2.3047 | test_acc=0.1000 | sparsity=0.9000 | cka=1 | targets=conv1.weight:0.899306;conv2.weight:0.899957;conv3.weight:0.899943;fc1.weight:0.900011
Round 011 | train_loss=2.2088 | test_loss=2.3049 | test_acc=0.1000 | sparsity=0.9000 | cka=0 | targets=conv1.weight:0.899306;conv2.weight:0.899957;conv3.weight:0.899943;fc1.weight:0.900011
Round 012 | train_loss=2.2078 | test_loss=2.3052 | test_acc=0.1000 | sparsity=0.9000 | cka=1 | targets=conv1.weight:0.899306;conv2.weight:0.899740;conv3.weight:0.899726;fc1.weight:0.900049
Round 013 | train_loss=2.2093 | test_loss=2.3053 | test_acc=0.1000 | sparsity=0.9000 | cka=0 | targets=conv1.weight:0.899306;conv2.weight:0.899740;conv3.weight:0.899726;fc1.weight:0.900049
Round 014 | train_loss=2.2085 | test_loss=2.3055 | test_acc=0.1000 | sparsity=0.9000 | cka=1 | targets=conv1.weight:0.900463;conv2.weight:0.899902;conv3.weight:0.899916;fc1.weight:0.900015
Round 015 | train_loss=2.2051 | test_loss=2.3057 | test_acc=0.1000 | sparsity=0.9000 | cka=0 | targets=conv1.weight:0.900463;conv2.weight:0.899902;conv3.weight:0.899916;fc1.weight:0.900015
Round 016 | train_loss=2.2016 | test_loss=2.3058 | test_acc=0.1000 | sparsity=0.9000 | cka=1 | targets=conv1.weight:0.900463;conv2.weight:0.899794;conv3.weight:0.899821;fc1.weight:0.900032
Round 017 | train_loss=2.2049 | test_loss=2.3059 | test_acc=0.1000 | sparsity=0.9000 | cka=0 | targets=conv1.weight:0.900463;conv2.weight:0.899794;conv3.weight:0.899821;fc1.weight:0.900032
Round 018 | train_loss=2.2025 | test_loss=2.3060 | test_acc=0.1000 | sparsity=0.9000 | cka=1 | targets=conv1.weight:0.900463;conv2.weight:0.899902;conv3.weight:0.899916;fc1.weight:0.900015
Round 019 | train_loss=2.1926 | test_loss=2.3061 | test_acc=0.1000 | sparsity=0.9000 | cka=0 | targets=conv1.weight:0.900463;conv2.weight:0.899902;conv3.weight:0.899916;fc1.weight:0.900015
Round 020 | train_loss=2.1750 | test_loss=2.3062 | test_acc=0.1000 | sparsity=0.9000 | cka=1 | targets=conv1.weight:0.900463;conv2.weight:0.899902;conv3.weight:0.899943;fc1.weight:0.900011
Saved training log to: results/logs/cka_strength_sweep/cifar10_cka_strength_fixed_5605137/strength_0p2/seed_21/cka_feddst_cifar10_clients5_alpha0.3_sparsity0.9_cka0.2_seed21_20260801_172143.csv
Saved CKA log to: results/logs/cka_strength_sweep/cifar10_cka_strength_fixed_5605137/strength_0p2/seed_21/cka_feddst_cifar10_clients5_alpha0.3_sparsity0.9_cka0.2_seed21_20260801_172143_cka.csv

[Run 20/125] suite=cka_strength method=cka_feddst seed=21 sparsity=0.95 cka_strength=0.2
Output log dir: results/logs/cka_strength_sweep/cifar10_cka_strength_fixed_5605137/strength_0p2/seed_21
Command: /mnt/aiongpfs/users/dsen/micromamba/envs/cka-cifar/bin/python -m src.train --global-config configs/global_cifar10.yaml --config configs/cka_feddst_mnist.yaml --seed 21 --sparsity 0.95 --cka-strength 0.2 --log-dir results/logs/cka_strength_sweep/cifar10_cka_strength_fixed_5605137/strength_0p2/seed_21 --checkpoint-dir results/checkpoints/cka_strength_sweep/cifar10_cka_strength_fixed_5605137/strength_0p2/seed_21 --plot-dir results/plots/cka_strength_sweep/cifar10_cka_strength_fixed_5605137
Final merged configuration:
alpha: 0.3
batch_size: 64
checkpoint_dir: results/checkpoints/cka_strength_sweep/cifar10_cka_strength_fixed_5605137/strength_0p2/seed_21
cka_interval: 2
cka_layers:
- conv1
- conv2
- conv3
- fc1
cka_max_sparsity: 0.95
cka_min_sparsity: 0.5
cka_strength: 0.2
data_check: false
data_dir: data
dataset: cifar10
device: auto
disable_cudnn: true
dry_run: false
eval_interval: 1
experiment_config_path: configs/cka_feddst_mnist.yaml
global_config_path: configs/global_cifar10.yaml
local_epochs: 1
log_cka: false
log_dir: results/logs/cka_strength_sweep/cifar10_cka_strength_fixed_5605137/strength_0p2/seed_21
lr: 0.01
mask_update_interval: 2
method: cka_feddst
model: cifar_cnn
num_clients: 5
num_workers: 2
output_dir: results
plot_dir: results/plots/cka_strength_sweep/cifar10_cka_strength_fixed_5605137
prune_fraction: 0.2
reference_size: 500
regrowth_method: gradient
rounds: 20
save_checkpoint: false
seed: 21
sparsity: 0.95
sparsity_init: random
split_dir: null
Saved merged config to: results/logs/cka_strength_sweep/cifar10_cka_strength_fixed_5605137/strength_0p2/seed_21/cka_feddst_cifar10_clients5_alpha0.3_sparsity0.95_cka0.2_seed21_20260801_172901_config.yaml
cuDNN disabled for this run.
Client label distributions:
  client 00: n=10151, labels=[68, 0, 4345, 758, 1058, 713, 0, 122, 882, 2205]
  client 01: n=10420, labels=[957, 2155, 26, 376, 2359, 483, 4054, 4, 6, 0]
  client 02: n= 7384, labels=[1406, 266, 313, 764, 191, 13, 184, 2, 3127, 1118]
  client 03: n=13329, labels=[2519, 2506, 245, 1146, 1341, 359, 6, 3254, 563, 1390]
  client 04: n= 8216, labels=[0, 23, 21, 1906, 1, 3382, 706, 1568, 372, 237]
Initial sparsity | total=0.9500 | active=30994/619872
Layer sparsity | conv1.weight:0.947917;conv2.weight:0.948459;conv3.weight:0.950602;fc1.weight:0.949945;fc2.weight:0.955469
Round 001 | train_loss=2.2115 | test_loss=2.3028 | test_acc=0.1000 | sparsity=0.9500 | cka=0 | targets=
Round 002 | train_loss=2.2113 | test_loss=2.3027 | test_acc=0.1000 | sparsity=0.9500 | cka=1 | targets=conv1.weight:0.949074;conv2.weight:0.949978;conv3.weight:0.949992;fc1.weight:0.949999
Round 003 | train_loss=2.2110 | test_loss=2.3028 | test_acc=0.1000 | sparsity=0.9500 | cka=0 | targets=conv1.weight:0.949074;conv2.weight:0.949978;conv3.weight:0.949992;fc1.weight:0.949999
Round 004 | train_loss=2.2111 | test_loss=2.3030 | test_acc=0.1000 | sparsity=0.9500 | cka=1 | targets=conv1.weight:0.949074;conv2.weight:0.949978;conv3.weight:0.949992;fc1.weight:0.949999
Round 005 | train_loss=2.2116 | test_loss=2.3033 | test_acc=0.1000 | sparsity=0.9500 | cka=0 | targets=conv1.weight:0.949074;conv2.weight:0.949978;conv3.weight:0.949992;fc1.weight:0.949999
Round 006 | train_loss=2.2118 | test_loss=2.3036 | test_acc=0.1000 | sparsity=0.9500 | cka=1 | targets=conv1.weight:0.949074;conv2.weight:0.949978;conv3.weight:0.949992;fc1.weight:0.949999
Round 007 | train_loss=2.2118 | test_loss=2.3039 | test_acc=0.1000 | sparsity=0.9500 | cka=0 | targets=conv1.weight:0.949074;conv2.weight:0.949978;conv3.weight:0.949992;fc1.weight:0.949999
Round 008 | train_loss=2.2119 | test_loss=2.3042 | test_acc=0.1000 | sparsity=0.9500 | cka=1 | targets=conv1.weight:0.949074;conv2.weight:0.949978;conv3.weight:0.949992;fc1.weight:0.949999
Round 009 | train_loss=2.2126 | test_loss=2.3045 | test_acc=0.1000 | sparsity=0.9500 | cka=0 | targets=conv1.weight:0.949074;conv2.weight:0.949978;conv3.weight:0.949992;fc1.weight:0.949999
Round 010 | train_loss=2.2127 | test_loss=2.3047 | test_acc=0.1000 | sparsity=0.9500 | cka=1 | targets=conv1.weight:0.949074;conv2.weight:0.949978;conv3.weight:0.949992;fc1.weight:0.949999
Round 011 | train_loss=2.2124 | test_loss=2.3049 | test_acc=0.1000 | sparsity=0.9500 | cka=0 | targets=conv1.weight:0.949074;conv2.weight:0.949978;conv3.weight:0.949992;fc1.weight:0.949999
Round 012 | train_loss=2.2124 | test_loss=2.3051 | test_acc=0.1000 | sparsity=0.9500 | cka=1 | targets=conv1.weight:0.949074;conv2.weight:0.949978;conv3.weight:0.949992;fc1.weight:0.949999
Round 013 | train_loss=2.2130 | test_loss=2.3053 | test_acc=0.1000 | sparsity=0.9500 | cka=0 | targets=conv1.weight:0.949074;conv2.weight:0.949978;conv3.weight:0.949992;fc1.weight:0.949999
Round 014 | train_loss=2.2130 | test_loss=2.3055 | test_acc=0.1000 | sparsity=0.9500 | cka=1 | targets=conv1.weight:0.949074;conv2.weight:0.949978;conv3.weight:0.949992;fc1.weight:0.949999
Round 015 | train_loss=2.2123 | test_loss=2.3056 | test_acc=0.1000 | sparsity=0.9500 | cka=0 | targets=conv1.weight:0.949074;conv2.weight:0.949978;conv3.weight:0.949992;fc1.weight:0.949999
Round 016 | train_loss=2.2121 | test_loss=2.3058 | test_acc=0.1000 | sparsity=0.9500 | cka=1 | targets=conv1.weight:0.949074;conv2.weight:0.949978;conv3.weight:0.949992;fc1.weight:0.949999
Round 017 | train_loss=2.2128 | test_loss=2.3059 | test_acc=0.1000 | sparsity=0.9500 | cka=0 | targets=conv1.weight:0.949074;conv2.weight:0.949978;conv3.weight:0.949992;fc1.weight:0.949999
Round 018 | train_loss=2.2125 | test_loss=2.3060 | test_acc=0.1000 | sparsity=0.9500 | cka=1 | targets=conv1.weight:0.949074;conv2.weight:0.949978;conv3.weight:0.949992;fc1.weight:0.949999
Round 019 | train_loss=2.2114 | test_loss=2.3060 | test_acc=0.1000 | sparsity=0.9500 | cka=0 | targets=conv1.weight:0.949074;conv2.weight:0.949978;conv3.weight:0.949992;fc1.weight:0.949999
Round 020 | train_loss=2.2107 | test_loss=2.3061 | test_acc=0.1000 | sparsity=0.9500 | cka=1 | targets=conv1.weight:0.949074;conv2.weight:0.949978;conv3.weight:0.949992;fc1.weight:0.949999
Saved training log to: results/logs/cka_strength_sweep/cifar10_cka_strength_fixed_5605137/strength_0p2/seed_21/cka_feddst_cifar10_clients5_alpha0.3_sparsity0.95_cka0.2_seed21_20260801_172901.csv
Saved CKA log to: results/logs/cka_strength_sweep/cifar10_cka_strength_fixed_5605137/strength_0p2/seed_21/cka_feddst_cifar10_clients5_alpha0.3_sparsity0.95_cka0.2_seed21_20260801_172901_cka.csv

[Run 21/125] suite=cka_strength method=cka_feddst seed=100 sparsity=0.5 cka_strength=0.2
Output log dir: results/logs/cka_strength_sweep/cifar10_cka_strength_fixed_5605137/strength_0p2/seed_100
Command: /mnt/aiongpfs/users/dsen/micromamba/envs/cka-cifar/bin/python -m src.train --global-config configs/global_cifar10.yaml --config configs/cka_feddst_mnist.yaml --seed 100 --sparsity 0.5 --cka-strength 0.2 --log-dir results/logs/cka_strength_sweep/cifar10_cka_strength_fixed_5605137/strength_0p2/seed_100 --checkpoint-dir results/checkpoints/cka_strength_sweep/cifar10_cka_strength_fixed_5605137/strength_0p2/seed_100 --plot-dir results/plots/cka_strength_sweep/cifar10_cka_strength_fixed_5605137
Final merged configuration:
alpha: 0.3
batch_size: 64
checkpoint_dir: results/checkpoints/cka_strength_sweep/cifar10_cka_strength_fixed_5605137/strength_0p2/seed_100
cka_interval: 2
cka_layers:
- conv1
- conv2
- conv3
- fc1
cka_max_sparsity: 0.95
cka_min_sparsity: 0.5
cka_strength: 0.2
data_check: false
data_dir: data
dataset: cifar10
device: auto
disable_cudnn: true
dry_run: false
eval_interval: 1
experiment_config_path: configs/cka_feddst_mnist.yaml
global_config_path: configs/global_cifar10.yaml
local_epochs: 1
log_cka: false
log_dir: results/logs/cka_strength_sweep/cifar10_cka_strength_fixed_5605137/strength_0p2/seed_100
lr: 0.01
mask_update_interval: 2
method: cka_feddst
model: cifar_cnn
num_clients: 5
num_workers: 2
output_dir: results
plot_dir: results/plots/cka_strength_sweep/cifar10_cka_strength_fixed_5605137
prune_fraction: 0.2
reference_size: 500
regrowth_method: gradient
rounds: 20
save_checkpoint: false
seed: 100
sparsity: 0.5
sparsity_init: random
split_dir: null
Saved merged config to: results/logs/cka_strength_sweep/cifar10_cka_strength_fixed_5605137/strength_0p2/seed_100/cka_feddst_cifar10_clients5_alpha0.3_sparsity0.5_cka0.2_seed100_20260801_173627_config.yaml
cuDNN disabled for this run.
Client label distributions:
  client 00: n= 6485, labels=[2604, 0, 589, 2, 2, 5, 173, 2831, 8, 271]
  client 01: n= 9836, labels=[30, 0, 237, 3053, 347, 2329, 15, 2008, 2, 1815]
  client 02: n= 9670, labels=[180, 2324, 0, 407, 463, 481, 1656, 64, 4094, 1]
  client 03: n= 6110, labels=[2074, 92, 1, 1395, 1095, 27, 832, 24, 30, 540]
  client 04: n=17399, labels=[62, 2534, 4123, 93, 3043, 2108, 2274, 23, 816, 2323]
Initial sparsity | total=0.5000 | active=309936/619872
Layer sparsity | conv1.weight:0.535880;conv2.weight:0.500651;conv3.weight:0.499769;fc1.weight:0.499912;fc2.weight:0.507812
Round 001 | train_loss=1.9797 | test_loss=2.3196 | test_acc=0.1490 | sparsity=0.5000 | cka=0 | targets=
Round 002 | train_loss=1.7043 | test_loss=2.4374 | test_acc=0.1617 | sparsity=0.5000 | cka=1 | targets=conv1.weight:0.500000;conv2.weight:0.500000;conv3.weight:0.500000;fc1.weight:0.500000
Round 003 | train_loss=1.6586 | test_loss=2.3887 | test_acc=0.1813 | sparsity=0.5000 | cka=0 | targets=conv1.weight:0.500000;conv2.weight:0.500000;conv3.weight:0.500000;fc1.weight:0.500000
Round 004 | train_loss=1.6460 | test_loss=2.4148 | test_acc=0.1790 | sparsity=0.5000 | cka=1 | targets=conv1.weight:0.500000;conv2.weight:0.500000;conv3.weight:0.500000;fc1.weight:0.500000
Round 005 | train_loss=1.6351 | test_loss=2.3875 | test_acc=0.1863 | sparsity=0.5000 | cka=0 | targets=conv1.weight:0.500000;conv2.weight:0.500000;conv3.weight:0.500000;fc1.weight:0.500000
Round 006 | train_loss=1.6162 | test_loss=2.3687 | test_acc=0.1907 | sparsity=0.5000 | cka=1 | targets=conv1.weight:0.500000;conv2.weight:0.500000;conv3.weight:0.500000;fc1.weight:0.500000
Round 007 | train_loss=1.6129 | test_loss=2.3234 | test_acc=0.1942 | sparsity=0.5000 | cka=0 | targets=conv1.weight:0.500000;conv2.weight:0.500000;conv3.weight:0.500000;fc1.weight:0.500000
Round 008 | train_loss=1.5927 | test_loss=2.3228 | test_acc=0.2015 | sparsity=0.5000 | cka=1 | targets=conv1.weight:0.500000;conv2.weight:0.500000;conv3.weight:0.500000;fc1.weight:0.500000
Round 009 | train_loss=1.5769 | test_loss=2.3041 | test_acc=0.2133 | sparsity=0.5000 | cka=0 | targets=conv1.weight:0.500000;conv2.weight:0.500000;conv3.weight:0.500000;fc1.weight:0.500000
Round 010 | train_loss=1.5540 | test_loss=2.2495 | test_acc=0.2151 | sparsity=0.5000 | cka=1 | targets=conv1.weight:0.500000;conv2.weight:0.500000;conv3.weight:0.500000;fc1.weight:0.500000
Round 011 | train_loss=1.5467 | test_loss=2.1544 | test_acc=0.2315 | sparsity=0.5000 | cka=0 | targets=conv1.weight:0.500000;conv2.weight:0.500000;conv3.weight:0.500000;fc1.weight:0.500000
Round 012 | train_loss=1.5088 | test_loss=2.1850 | test_acc=0.2268 | sparsity=0.5000 | cka=1 | targets=conv1.weight:0.500000;conv2.weight:0.500000;conv3.weight:0.500000;fc1.weight:0.500000
Round 013 | train_loss=1.4813 | test_loss=2.0599 | test_acc=0.2603 | sparsity=0.5000 | cka=0 | targets=conv1.weight:0.500000;conv2.weight:0.500000;conv3.weight:0.500000;fc1.weight:0.500000
Round 014 | train_loss=1.4445 | test_loss=2.0325 | test_acc=0.2692 | sparsity=0.5000 | cka=1 | targets=conv1.weight:0.500000;conv2.weight:0.500000;conv3.weight:0.500000;fc1.weight:0.500000
Round 015 | train_loss=1.4345 | test_loss=1.9393 | test_acc=0.2960 | sparsity=0.5000 | cka=0 | targets=conv1.weight:0.500000;conv2.weight:0.500000;conv3.weight:0.500000;fc1.weight:0.500000
Round 016 | train_loss=1.3928 | test_loss=1.9322 | test_acc=0.3031 | sparsity=0.5000 | cka=1 | targets=conv1.weight:0.500000;conv2.weight:0.500000;conv3.weight:0.500000;fc1.weight:0.500000
Round 017 | train_loss=1.3614 | test_loss=1.9119 | test_acc=0.3035 | sparsity=0.5000 | cka=0 | targets=conv1.weight:0.500000;conv2.weight:0.500000;conv3.weight:0.500000;fc1.weight:0.500000
Round 018 | train_loss=1.3375 | test_loss=1.8847 | test_acc=0.3156 | sparsity=0.5000 | cka=1 | targets=conv1.weight:0.500000;conv2.weight:0.500000;conv3.weight:0.500000;fc1.weight:0.500000
Round 019 | train_loss=1.3267 | test_loss=1.8836 | test_acc=0.3121 | sparsity=0.5000 | cka=0 | targets=conv1.weight:0.500000;conv2.weight:0.500000;conv3.weight:0.500000;fc1.weight:0.500000
Round 020 | train_loss=1.2993 | test_loss=1.8230 | test_acc=0.3282 | sparsity=0.5000 | cka=1 | targets=conv1.weight:0.500000;conv2.weight:0.500000;conv3.weight:0.500000;fc1.weight:0.500000
Saved training log to: results/logs/cka_strength_sweep/cifar10_cka_strength_fixed_5605137/strength_0p2/seed_100/cka_feddst_cifar10_clients5_alpha0.3_sparsity0.5_cka0.2_seed100_20260801_173627.csv
Saved CKA log to: results/logs/cka_strength_sweep/cifar10_cka_strength_fixed_5605137/strength_0p2/seed_100/cka_feddst_cifar10_clients5_alpha0.3_sparsity0.5_cka0.2_seed100_20260801_173627_cka.csv

[Run 22/125] suite=cka_strength method=cka_feddst seed=100 sparsity=0.7 cka_strength=0.2
Output log dir: results/logs/cka_strength_sweep/cifar10_cka_strength_fixed_5605137/strength_0p2/seed_100
Command: /mnt/aiongpfs/users/dsen/micromamba/envs/cka-cifar/bin/python -m src.train --global-config configs/global_cifar10.yaml --config configs/cka_feddst_mnist.yaml --seed 100 --sparsity 0.7 --cka-strength 0.2 --log-dir results/logs/cka_strength_sweep/cifar10_cka_strength_fixed_5605137/strength_0p2/seed_100 --checkpoint-dir results/checkpoints/cka_strength_sweep/cifar10_cka_strength_fixed_5605137/strength_0p2/seed_100 --plot-dir results/plots/cka_strength_sweep/cifar10_cka_strength_fixed_5605137
Final merged configuration:
alpha: 0.3
batch_size: 64
checkpoint_dir: results/checkpoints/cka_strength_sweep/cifar10_cka_strength_fixed_5605137/strength_0p2/seed_100
cka_interval: 2
cka_layers:
- conv1
- conv2
- conv3
- fc1
cka_max_sparsity: 0.95
cka_min_sparsity: 0.5
cka_strength: 0.2
data_check: false
data_dir: data
dataset: cifar10
device: auto
disable_cudnn: true
dry_run: false
eval_interval: 1
experiment_config_path: configs/cka_feddst_mnist.yaml
global_config_path: configs/global_cifar10.yaml
local_epochs: 1
log_cka: false
log_dir: results/logs/cka_strength_sweep/cifar10_cka_strength_fixed_5605137/strength_0p2/seed_100
lr: 0.01
mask_update_interval: 2
method: cka_feddst
model: cifar_cnn
num_clients: 5
num_workers: 2
output_dir: results
plot_dir: results/plots/cka_strength_sweep/cifar10_cka_strength_fixed_5605137
prune_fraction: 0.2
reference_size: 500
regrowth_method: gradient
rounds: 20
save_checkpoint: false
seed: 100
sparsity: 0.7
sparsity_init: random
split_dir: null
Saved merged config to: results/logs/cka_strength_sweep/cifar10_cka_strength_fixed_5605137/strength_0p2/seed_100/cka_feddst_cifar10_clients5_alpha0.3_sparsity0.7_cka0.2_seed100_20260801_174317_config.yaml
cuDNN disabled for this run.
Client label distributions:
  client 00: n= 6485, labels=[2604, 0, 589, 2, 2, 5, 173, 2831, 8, 271]
  client 01: n= 9836, labels=[30, 0, 237, 3053, 347, 2329, 15, 2008, 2, 1815]
  client 02: n= 9670, labels=[180, 2324, 0, 407, 463, 481, 1656, 64, 4094, 1]
  client 03: n= 6110, labels=[2074, 92, 1, 1395, 1095, 27, 832, 24, 30, 540]
  client 04: n=17399, labels=[62, 2534, 4123, 93, 3043, 2108, 2274, 23, 816, 2323]
Initial sparsity | total=0.7000 | active=185962/619872
Layer sparsity | conv1.weight:0.723380;conv2.weight:0.702962;conv3.weight:0.701280;fc1.weight:0.699663;fc2.weight:0.702734
Round 001 | train_loss=2.1994 | test_loss=2.3033 | test_acc=0.1000 | sparsity=0.7000 | cka=0 | targets=
Round 002 | train_loss=2.1273 | test_loss=2.3058 | test_acc=0.1214 | sparsity=0.7000 | cka=1 | targets=conv1.weight:0.699074;conv2.weight:0.699544;conv3.weight:0.699544;fc1.weight:0.700081
Round 003 | train_loss=1.7656 | test_loss=2.4116 | test_acc=0.1460 | sparsity=0.7000 | cka=0 | targets=conv1.weight:0.699074;conv2.weight:0.699544;conv3.weight:0.699544;fc1.weight:0.700081
Round 004 | train_loss=1.6731 | test_loss=2.3203 | test_acc=0.1708 | sparsity=0.7000 | cka=1 | targets=conv1.weight:0.700231;conv2.weight:0.699653;conv3.weight:0.699639;fc1.weight:0.700062
Round 005 | train_loss=1.6713 | test_loss=2.4039 | test_acc=0.1791 | sparsity=0.7000 | cka=0 | targets=conv1.weight:0.700231;conv2.weight:0.699653;conv3.weight:0.699639;fc1.weight:0.700062
Round 006 | train_loss=1.6427 | test_loss=2.4016 | test_acc=0.1825 | sparsity=0.7000 | cka=1 | targets=conv1.weight:0.699074;conv2.weight:0.699599;conv3.weight:0.699599;fc1.weight:0.700071
Round 007 | train_loss=1.6390 | test_loss=2.3830 | test_acc=0.1837 | sparsity=0.7000 | cka=0 | targets=conv1.weight:0.699074;conv2.weight:0.699599;conv3.weight:0.699599;fc1.weight:0.700071
Round 008 | train_loss=1.6275 | test_loss=2.4024 | test_acc=0.1836 | sparsity=0.7000 | cka=1 | targets=conv1.weight:0.699074;conv2.weight:0.699327;conv3.weight:0.699300;fc1.weight:0.700123
Round 009 | train_loss=1.6213 | test_loss=2.3858 | test_acc=0.1874 | sparsity=0.7000 | cka=0 | targets=conv1.weight:0.699074;conv2.weight:0.699327;conv3.weight:0.699300;fc1.weight:0.700123
Round 010 | train_loss=1.6117 | test_loss=2.3540 | test_acc=0.1885 | sparsity=0.7000 | cka=1 | targets=conv1.weight:0.699074;conv2.weight:0.699382;conv3.weight:0.699382;fc1.weight:0.700109
Round 011 | train_loss=1.6112 | test_loss=2.3060 | test_acc=0.1940 | sparsity=0.7000 | cka=0 | targets=conv1.weight:0.699074;conv2.weight:0.699382;conv3.weight:0.699382;fc1.weight:0.700109
Round 012 | train_loss=1.5953 | test_loss=2.3459 | test_acc=0.1936 | sparsity=0.7000 | cka=1 | targets=conv1.weight:0.699074;conv2.weight:0.699273;conv3.weight:0.699246;fc1.weight:0.700132
Round 013 | train_loss=1.5919 | test_loss=2.2985 | test_acc=0.2060 | sparsity=0.7000 | cka=0 | targets=conv1.weight:0.699074;conv2.weight:0.699273;conv3.weight:0.699246;fc1.weight:0.700132
Round 014 | train_loss=1.5793 | test_loss=2.3088 | test_acc=0.1992 | sparsity=0.7000 | cka=1 | targets=conv1.weight:0.699074;conv2.weight:0.699327;conv3.weight:0.699341;fc1.weight:0.700117
Round 015 | train_loss=1.5814 | test_loss=2.2530 | test_acc=0.2056 | sparsity=0.7000 | cka=0 | targets=conv1.weight:0.699074;conv2.weight:0.699327;conv3.weight:0.699341;fc1.weight:0.700117
Round 016 | train_loss=1.5640 | test_loss=2.2944 | test_acc=0.2050 | sparsity=0.7000 | cka=1 | targets=conv1.weight:0.699074;conv2.weight:0.699002;conv3.weight:0.699042;fc1.weight:0.700171
Round 017 | train_loss=1.5529 | test_loss=2.2621 | test_acc=0.2076 | sparsity=0.7000 | cka=0 | targets=conv1.weight:0.699074;conv2.weight:0.699002;conv3.weight:0.699042;fc1.weight:0.700171
Round 018 | train_loss=1.5410 | test_loss=2.2511 | test_acc=0.2013 | sparsity=0.7000 | cka=1 | targets=conv1.weight:0.699074;conv2.weight:0.699056;conv3.weight:0.699029;fc1.weight:0.700171
Round 019 | train_loss=1.5414 | test_loss=2.2241 | test_acc=0.2031 | sparsity=0.7000 | cka=0 | targets=conv1.weight:0.699074;conv2.weight:0.699056;conv3.weight:0.699029;fc1.weight:0.700171
Round 020 | train_loss=1.5185 | test_loss=2.1890 | test_acc=0.2120 | sparsity=0.7000 | cka=1 | targets=conv1.weight:0.699074;conv2.weight:0.698622;conv3.weight:0.698703;fc1.weight:0.700232
Saved training log to: results/logs/cka_strength_sweep/cifar10_cka_strength_fixed_5605137/strength_0p2/seed_100/cka_feddst_cifar10_clients5_alpha0.3_sparsity0.7_cka0.2_seed100_20260801_174317.csv
Saved CKA log to: results/logs/cka_strength_sweep/cifar10_cka_strength_fixed_5605137/strength_0p2/seed_100/cka_feddst_cifar10_clients5_alpha0.3_sparsity0.7_cka0.2_seed100_20260801_174317_cka.csv

[Run 23/125] suite=cka_strength method=cka_feddst seed=100 sparsity=0.8 cka_strength=0.2
Output log dir: results/logs/cka_strength_sweep/cifar10_cka_strength_fixed_5605137/strength_0p2/seed_100
Command: /mnt/aiongpfs/users/dsen/micromamba/envs/cka-cifar/bin/python -m src.train --global-config configs/global_cifar10.yaml --config configs/cka_feddst_mnist.yaml --seed 100 --sparsity 0.8 --cka-strength 0.2 --log-dir results/logs/cka_strength_sweep/cifar10_cka_strength_fixed_5605137/strength_0p2/seed_100 --checkpoint-dir results/checkpoints/cka_strength_sweep/cifar10_cka_strength_fixed_5605137/strength_0p2/seed_100 --plot-dir results/plots/cka_strength_sweep/cifar10_cka_strength_fixed_5605137
Final merged configuration:
alpha: 0.3
batch_size: 64
checkpoint_dir: results/checkpoints/cka_strength_sweep/cifar10_cka_strength_fixed_5605137/strength_0p2/seed_100
cka_interval: 2
cka_layers:
- conv1
- conv2
- conv3
- fc1
cka_max_sparsity: 0.95
cka_min_sparsity: 0.5
cka_strength: 0.2
data_check: false
data_dir: data
dataset: cifar10
device: auto
disable_cudnn: true
dry_run: false
eval_interval: 1
experiment_config_path: configs/cka_feddst_mnist.yaml
global_config_path: configs/global_cifar10.yaml
local_epochs: 1
log_cka: false
log_dir: results/logs/cka_strength_sweep/cifar10_cka_strength_fixed_5605137/strength_0p2/seed_100
lr: 0.01
mask_update_interval: 2
method: cka_feddst
model: cifar_cnn
num_clients: 5
num_workers: 2
output_dir: results
plot_dir: results/plots/cka_strength_sweep/cifar10_cka_strength_fixed_5605137
prune_fraction: 0.2
reference_size: 500
regrowth_method: gradient
rounds: 20
save_checkpoint: false
seed: 100
sparsity: 0.8
sparsity_init: random
split_dir: null
Saved merged config to: results/logs/cka_strength_sweep/cifar10_cka_strength_fixed_5605137/strength_0p2/seed_100/cka_feddst_cifar10_clients5_alpha0.3_sparsity0.8_cka0.2_seed100_20260801_175025_config.yaml
cuDNN disabled for this run.
Client label distributions:
  client 00: n= 6485, labels=[2604, 0, 589, 2, 2, 5, 173, 2831, 8, 271]
  client 01: n= 9836, labels=[30, 0, 237, 3053, 347, 2329, 15, 2008, 2, 1815]
  client 02: n= 9670, labels=[180, 2324, 0, 407, 463, 481, 1656, 64, 4094, 1]
  client 03: n= 6110, labels=[2074, 92, 1, 1395, 1095, 27, 832, 24, 30, 540]
  client 04: n=17399, labels=[62, 2534, 4123, 93, 3043, 2108, 2274, 23, 816, 2323]
Initial sparsity | total=0.8000 | active=123974/619872
Layer sparsity | conv1.weight:0.815972;conv2.weight:0.802734;conv3.weight:0.801731;fc1.weight:0.799652;fc2.weight:0.796484
Round 001 | train_loss=2.2113 | test_loss=2.3036 | test_acc=0.1000 | sparsity=0.8000 | cka=0 | targets=
Round 002 | train_loss=2.2112 | test_loss=2.3049 | test_acc=0.1000 | sparsity=0.8000 | cka=1 | targets=conv1.weight:0.799769;conv2.weight:0.799696;conv3.weight:0.799710;fc1.weight:0.800053
Round 003 | train_loss=2.1982 | test_loss=2.3067 | test_acc=0.1000 | sparsity=0.8000 | cka=0 | targets=conv1.weight:0.799769;conv2.weight:0.799696;conv3.weight:0.799710;fc1.weight:0.800053
Round 004 | train_loss=1.9624 | test_loss=2.3219 | test_acc=0.1429 | sparsity=0.8000 | cka=1 | targets=conv1.weight:0.799769;conv2.weight:0.799642;conv3.weight:0.799669;fc1.weight:0.800060
Round 005 | train_loss=1.7604 | test_loss=2.4399 | test_acc=0.1597 | sparsity=0.8000 | cka=0 | targets=conv1.weight:0.799769;conv2.weight:0.799642;conv3.weight:0.799669;fc1.weight:0.800060
Round 006 | train_loss=1.6661 | test_loss=2.4049 | test_acc=0.1703 | sparsity=0.8000 | cka=1 | targets=conv1.weight:0.799769;conv2.weight:0.799859;conv3.weight:0.799886;fc1.weight:0.800022
Round 007 | train_loss=1.6523 | test_loss=2.4106 | test_acc=0.1789 | sparsity=0.8000 | cka=0 | targets=conv1.weight:0.799769;conv2.weight:0.799859;conv3.weight:0.799886;fc1.weight:0.800022
Round 008 | train_loss=1.6388 | test_loss=2.3949 | test_acc=0.1806 | sparsity=0.8000 | cka=1 | targets=conv1.weight:0.799769;conv2.weight:0.799750;conv3.weight:0.799750;fc1.weight:0.800045
Round 009 | train_loss=1.6330 | test_loss=2.3770 | test_acc=0.1858 | sparsity=0.8000 | cka=0 | targets=conv1.weight:0.799769;conv2.weight:0.799750;conv3.weight:0.799750;fc1.weight:0.800045
Round 010 | train_loss=1.6227 | test_loss=2.3532 | test_acc=0.1851 | sparsity=0.8000 | cka=1 | targets=conv1.weight:0.799769;conv2.weight:0.799696;conv3.weight:0.799696;fc1.weight:0.800055
Round 011 | train_loss=1.6165 | test_loss=2.3260 | test_acc=0.1926 | sparsity=0.8000 | cka=0 | targets=conv1.weight:0.799769;conv2.weight:0.799696;conv3.weight:0.799696;fc1.weight:0.800055
Round 012 | train_loss=1.6022 | test_loss=2.3562 | test_acc=0.1895 | sparsity=0.8000 | cka=1 | targets=conv1.weight:0.799769;conv2.weight:0.799588;conv3.weight:0.799601;fc1.weight:0.800072
Round 013 | train_loss=1.6022 | test_loss=2.2981 | test_acc=0.1975 | sparsity=0.8000 | cka=0 | targets=conv1.weight:0.799769;conv2.weight:0.799588;conv3.weight:0.799601;fc1.weight:0.800072
Round 014 | train_loss=1.5892 | test_loss=2.3378 | test_acc=0.1913 | sparsity=0.8000 | cka=1 | targets=conv1.weight:0.799769;conv2.weight:0.799588;conv3.weight:0.799561;fc1.weight:0.800077
Round 015 | train_loss=1.5870 | test_loss=2.2872 | test_acc=0.2004 | sparsity=0.8000 | cka=0 | targets=conv1.weight:0.799769;conv2.weight:0.799588;conv3.weight:0.799561;fc1.weight:0.800077
Round 016 | train_loss=1.5726 | test_loss=2.3280 | test_acc=0.1972 | sparsity=0.8000 | cka=1 | targets=conv1.weight:0.799769;conv2.weight:0.799425;conv3.weight:0.799466;fc1.weight:0.800097
Round 017 | train_loss=1.5682 | test_loss=2.2768 | test_acc=0.1985 | sparsity=0.8000 | cka=0 | targets=conv1.weight:0.799769;conv2.weight:0.799425;conv3.weight:0.799466;fc1.weight:0.800097
Round 018 | train_loss=1.5593 | test_loss=2.3101 | test_acc=0.1929 | sparsity=0.8000 | cka=1 | targets=conv1.weight:0.799769;conv2.weight:0.799316;conv3.weight:0.799330;fc1.weight:0.800119
Round 019 | train_loss=1.5557 | test_loss=2.2879 | test_acc=0.1980 | sparsity=0.8000 | cka=0 | targets=conv1.weight:0.799769;conv2.weight:0.799316;conv3.weight:0.799330;fc1.weight:0.800119
Round 020 | train_loss=1.5438 | test_loss=2.2764 | test_acc=0.2063 | sparsity=0.8000 | cka=1 | targets=conv1.weight:0.798611;conv2.weight:0.799154;conv3.weight:0.799181;fc1.weight:0.800148
Saved training log to: results/logs/cka_strength_sweep/cifar10_cka_strength_fixed_5605137/strength_0p2/seed_100/cka_feddst_cifar10_clients5_alpha0.3_sparsity0.8_cka0.2_seed100_20260801_175025.csv
Saved CKA log to: results/logs/cka_strength_sweep/cifar10_cka_strength_fixed_5605137/strength_0p2/seed_100/cka_feddst_cifar10_clients5_alpha0.3_sparsity0.8_cka0.2_seed100_20260801_175025_cka.csv

[Run 24/125] suite=cka_strength method=cka_feddst seed=100 sparsity=0.9 cka_strength=0.2
Output log dir: results/logs/cka_strength_sweep/cifar10_cka_strength_fixed_5605137/strength_0p2/seed_100
Command: /mnt/aiongpfs/users/dsen/micromamba/envs/cka-cifar/bin/python -m src.train --global-config configs/global_cifar10.yaml --config configs/cka_feddst_mnist.yaml --seed 100 --sparsity 0.9 --cka-strength 0.2 --log-dir results/logs/cka_strength_sweep/cifar10_cka_strength_fixed_5605137/strength_0p2/seed_100 --checkpoint-dir results/checkpoints/cka_strength_sweep/cifar10_cka_strength_fixed_5605137/strength_0p2/seed_100 --plot-dir results/plots/cka_strength_sweep/cifar10_cka_strength_fixed_5605137
Final merged configuration:
alpha: 0.3
batch_size: 64
checkpoint_dir: results/checkpoints/cka_strength_sweep/cifar10_cka_strength_fixed_5605137/strength_0p2/seed_100
cka_interval: 2
cka_layers:
- conv1
- conv2
- conv3
- fc1
cka_max_sparsity: 0.95
cka_min_sparsity: 0.5
cka_strength: 0.2
data_check: false
data_dir: data
dataset: cifar10
device: auto
disable_cudnn: true
dry_run: false
eval_interval: 1
experiment_config_path: configs/cka_feddst_mnist.yaml
global_config_path: configs/global_cifar10.yaml
local_epochs: 1
log_cka: false
log_dir: results/logs/cka_strength_sweep/cifar10_cka_strength_fixed_5605137/strength_0p2/seed_100
lr: 0.01
mask_update_interval: 2
method: cka_feddst
model: cifar_cnn
num_clients: 5
num_workers: 2
output_dir: results
plot_dir: results/plots/cka_strength_sweep/cifar10_cka_strength_fixed_5605137
prune_fraction: 0.2
reference_size: 500
regrowth_method: gradient
rounds: 20
save_checkpoint: false
seed: 100
sparsity: 0.9
sparsity_init: random
split_dir: null
Saved merged config to: results/logs/cka_strength_sweep/cifar10_cka_strength_fixed_5605137/strength_0p2/seed_100/cka_feddst_cifar10_clients5_alpha0.3_sparsity0.9_cka0.2_seed100_20260801_175726_config.yaml
cuDNN disabled for this run.
Client label distributions:
  client 00: n= 6485, labels=[2604, 0, 589, 2, 2, 5, 173, 2831, 8, 271]
  client 01: n= 9836, labels=[30, 0, 237, 3053, 347, 2329, 15, 2008, 2, 1815]
  client 02: n= 9670, labels=[180, 2324, 0, 407, 463, 481, 1656, 64, 4094, 1]
  client 03: n= 6110, labels=[2074, 92, 1, 1395, 1095, 27, 832, 24, 30, 540]
  client 04: n=17399, labels=[62, 2534, 4123, 93, 3043, 2108, 2274, 23, 816, 2323]
Initial sparsity | total=0.9000 | active=61987/619872
Layer sparsity | conv1.weight:0.895833;conv2.weight:0.897569;conv3.weight:0.899129;fc1.weight:0.900221;fc2.weight:0.898828
Round 001 | train_loss=2.2142 | test_loss=2.3038 | test_acc=0.1000 | sparsity=0.9000 | cka=0 | targets=
Round 002 | train_loss=2.2154 | test_loss=2.3051 | test_acc=0.1000 | sparsity=0.9000 | cka=1 | targets=conv1.weight:0.900463;conv2.weight:0.899902;conv3.weight:0.899916;fc1.weight:0.900015
Round 003 | train_loss=2.2163 | test_loss=2.3069 | test_acc=0.1000 | sparsity=0.9000 | cka=0 | targets=conv1.weight:0.900463;conv2.weight:0.899902;conv3.weight:0.899916;fc1.weight:0.900015
Round 004 | train_loss=2.2180 | test_loss=2.3089 | test_acc=0.1000 | sparsity=0.9000 | cka=1 | targets=conv1.weight:0.900463;conv2.weight:0.899794;conv3.weight:0.899807;fc1.weight:0.900034
Round 005 | train_loss=2.2209 | test_loss=2.3110 | test_acc=0.1000 | sparsity=0.9000 | cka=0 | targets=conv1.weight:0.900463;conv2.weight:0.899794;conv3.weight:0.899807;fc1.weight:0.900034
Round 006 | train_loss=2.2229 | test_loss=2.3130 | test_acc=0.1000 | sparsity=0.9000 | cka=1 | targets=conv1.weight:0.899306;conv2.weight:0.899902;conv3.weight:0.899889;fc1.weight:0.900021
Round 007 | train_loss=2.2237 | test_loss=2.3150 | test_acc=0.1000 | sparsity=0.9000 | cka=0 | targets=conv1.weight:0.899306;conv2.weight:0.899902;conv3.weight:0.899889;fc1.weight:0.900021
Round 008 | train_loss=2.2246 | test_loss=2.3167 | test_acc=0.1000 | sparsity=0.9000 | cka=1 | targets=conv1.weight:0.899306;conv2.weight:0.899794;conv3.weight:0.899794;fc1.weight:0.900038
Round 009 | train_loss=2.2276 | test_loss=2.3184 | test_acc=0.1000 | sparsity=0.9000 | cka=0 | targets=conv1.weight:0.899306;conv2.weight:0.899794;conv3.weight:0.899794;fc1.weight:0.900038
Round 010 | train_loss=2.2286 | test_loss=2.3198 | test_acc=0.1000 | sparsity=0.9000 | cka=1 | targets=conv1.weight:0.900463;conv2.weight:0.899848;conv3.weight:0.899835;fc1.weight:0.900028
Round 011 | train_loss=2.2274 | test_loss=2.3212 | test_acc=0.1000 | sparsity=0.9000 | cka=0 | targets=conv1.weight:0.900463;conv2.weight:0.899848;conv3.weight:0.899835;fc1.weight:0.900028
Round 012 | train_loss=2.2261 | test_loss=2.3224 | test_acc=0.1000 | sparsity=0.9000 | cka=1 | targets=conv1.weight:0.900463;conv2.weight:0.899848;conv3.weight:0.899848;fc1.weight:0.900026
Round 013 | train_loss=2.2295 | test_loss=2.3237 | test_acc=0.1000 | sparsity=0.9000 | cka=0 | targets=conv1.weight:0.900463;conv2.weight:0.899848;conv3.weight:0.899848;fc1.weight:0.900026
Round 014 | train_loss=2.2291 | test_loss=2.3247 | test_acc=0.1000 | sparsity=0.9000 | cka=1 | targets=conv1.weight:0.899306;conv2.weight:0.899794;conv3.weight:0.899794;fc1.weight:0.900038
Round 015 | train_loss=2.2231 | test_loss=2.3260 | test_acc=0.1000 | sparsity=0.9000 | cka=0 | targets=conv1.weight:0.899306;conv2.weight:0.899794;conv3.weight:0.899794;fc1.weight:0.900038
Round 016 | train_loss=2.2113 | test_loss=2.3276 | test_acc=0.1000 | sparsity=0.9000 | cka=1 | targets=conv1.weight:0.900463;conv2.weight:0.899902;conv3.weight:0.899943;fc1.weight:0.900011
Round 017 | train_loss=2.2088 | test_loss=2.3314 | test_acc=0.1000 | sparsity=0.9000 | cka=0 | targets=conv1.weight:0.900463;conv2.weight:0.899902;conv3.weight:0.899943;fc1.weight:0.900011
Round 018 | train_loss=2.1566 | test_loss=2.3384 | test_acc=0.1000 | sparsity=0.9000 | cka=1 | targets=conv1.weight:0.899306;conv2.weight:0.899957;conv3.weight:0.899970;fc1.weight:0.900007
Round 019 | train_loss=1.9593 | test_loss=2.3824 | test_acc=0.1387 | sparsity=0.9000 | cka=0 | targets=conv1.weight:0.899306;conv2.weight:0.899957;conv3.weight:0.899970;fc1.weight:0.900007
Round 020 | train_loss=1.7539 | test_loss=2.4975 | test_acc=0.1271 | sparsity=0.9000 | cka=1 | targets=conv1.weight:0.900463;conv2.weight:0.899902;conv3.weight:0.899929;fc1.weight:0.900013
Saved training log to: results/logs/cka_strength_sweep/cifar10_cka_strength_fixed_5605137/strength_0p2/seed_100/cka_feddst_cifar10_clients5_alpha0.3_sparsity0.9_cka0.2_seed100_20260801_175726.csv
Saved CKA log to: results/logs/cka_strength_sweep/cifar10_cka_strength_fixed_5605137/strength_0p2/seed_100/cka_feddst_cifar10_clients5_alpha0.3_sparsity0.9_cka0.2_seed100_20260801_175726_cka.csv

[Run 25/125] suite=cka_strength method=cka_feddst seed=100 sparsity=0.95 cka_strength=0.2
Output log dir: results/logs/cka_strength_sweep/cifar10_cka_strength_fixed_5605137/strength_0p2/seed_100
Command: /mnt/aiongpfs/users/dsen/micromamba/envs/cka-cifar/bin/python -m src.train --global-config configs/global_cifar10.yaml --config configs/cka_feddst_mnist.yaml --seed 100 --sparsity 0.95 --cka-strength 0.2 --log-dir results/logs/cka_strength_sweep/cifar10_cka_strength_fixed_5605137/strength_0p2/seed_100 --checkpoint-dir results/checkpoints/cka_strength_sweep/cifar10_cka_strength_fixed_5605137/strength_0p2/seed_100 --plot-dir results/plots/cka_strength_sweep/cifar10_cka_strength_fixed_5605137
Final merged configuration:
alpha: 0.3
batch_size: 64
checkpoint_dir: results/checkpoints/cka_strength_sweep/cifar10_cka_strength_fixed_5605137/strength_0p2/seed_100
cka_interval: 2
cka_layers:
- conv1
- conv2
- conv3
- fc1
cka_max_sparsity: 0.95
cka_min_sparsity: 0.5
cka_strength: 0.2
data_check: false
data_dir: data
dataset: cifar10
device: auto
disable_cudnn: true
dry_run: false
eval_interval: 1
experiment_config_path: configs/cka_feddst_mnist.yaml
global_config_path: configs/global_cifar10.yaml
local_epochs: 1
log_cka: false
log_dir: results/logs/cka_strength_sweep/cifar10_cka_strength_fixed_5605137/strength_0p2/seed_100
lr: 0.01
mask_update_interval: 2
method: cka_feddst
model: cifar_cnn
num_clients: 5
num_workers: 2
output_dir: results
plot_dir: results/plots/cka_strength_sweep/cifar10_cka_strength_fixed_5605137
prune_fraction: 0.2
reference_size: 500
regrowth_method: gradient
rounds: 20
save_checkpoint: false
seed: 100
sparsity: 0.95
sparsity_init: random
split_dir: null
Saved merged config to: results/logs/cka_strength_sweep/cifar10_cka_strength_fixed_5605137/strength_0p2/seed_100/cka_feddst_cifar10_clients5_alpha0.3_sparsity0.95_cka0.2_seed100_20260801_180434_config.yaml
cuDNN disabled for this run.
Client label distributions:
  client 00: n= 6485, labels=[2604, 0, 589, 2, 2, 5, 173, 2831, 8, 271]
  client 01: n= 9836, labels=[30, 0, 237, 3053, 347, 2329, 15, 2008, 2, 1815]
  client 02: n= 9670, labels=[180, 2324, 0, 407, 463, 481, 1656, 64, 4094, 1]
  client 03: n= 6110, labels=[2074, 92, 1, 1395, 1095, 27, 832, 24, 30, 540]
  client 04: n=17399, labels=[62, 2534, 4123, 93, 3043, 2108, 2274, 23, 816, 2323]
Initial sparsity | total=0.9500 | active=30994/619872
Layer sparsity | conv1.weight:0.950231;conv2.weight:0.947591;conv3.weight:0.949151;fc1.weight:0.950207;fc2.weight:0.949219
Round 001 | train_loss=2.2150 | test_loss=2.3038 | test_acc=0.1000 | sparsity=0.9500 | cka=0 | targets=
Round 002 | train_loss=2.2164 | test_loss=2.3051 | test_acc=0.1000 | sparsity=0.9500 | cka=1 | targets=conv1.weight:0.949074;conv2.weight:0.949978;conv3.weight:0.949992;fc1.weight:0.949999
Round 003 | train_loss=2.2180 | test_loss=2.3069 | test_acc=0.1000 | sparsity=0.9500 | cka=0 | targets=conv1.weight:0.949074;conv2.weight:0.949978;conv3.weight:0.949992;fc1.weight:0.949999
Round 004 | train_loss=2.2201 | test_loss=2.3089 | test_acc=0.1000 | sparsity=0.9500 | cka=1 | targets=conv1.weight:0.949074;conv2.weight:0.949978;conv3.weight:0.949992;fc1.weight:0.949999
Round 005 | train_loss=2.2227 | test_loss=2.3110 | test_acc=0.1000 | sparsity=0.9500 | cka=0 | targets=conv1.weight:0.949074;conv2.weight:0.949978;conv3.weight:0.949992;fc1.weight:0.949999
Round 006 | train_loss=2.2249 | test_loss=2.3129 | test_acc=0.1000 | sparsity=0.9500 | cka=1 | targets=conv1.weight:0.949074;conv2.weight:0.949978;conv3.weight:0.949992;fc1.weight:0.949999
Round 007 | train_loss=2.2265 | test_loss=2.3149 | test_acc=0.1000 | sparsity=0.9500 | cka=0 | targets=conv1.weight:0.949074;conv2.weight:0.949978;conv3.weight:0.949992;fc1.weight:0.949999
Round 008 | train_loss=2.2282 | test_loss=2.3166 | test_acc=0.1000 | sparsity=0.9500 | cka=1 | targets=conv1.weight:0.949074;conv2.weight:0.949978;conv3.weight:0.949992;fc1.weight:0.949999
Round 009 | train_loss=2.2305 | test_loss=2.3182 | test_acc=0.1000 | sparsity=0.9500 | cka=0 | targets=conv1.weight:0.949074;conv2.weight:0.949978;conv3.weight:0.949992;fc1.weight:0.949999
Round 010 | train_loss=2.2319 | test_loss=2.3196 | test_acc=0.1000 | sparsity=0.9500 | cka=1 | targets=conv1.weight:0.949074;conv2.weight:0.949978;conv3.weight:0.949992;fc1.weight:0.949999
Round 011 | train_loss=2.2326 | test_loss=2.3209 | test_acc=0.1000 | sparsity=0.9500 | cka=0 | targets=conv1.weight:0.949074;conv2.weight:0.949978;conv3.weight:0.949992;fc1.weight:0.949999
Round 012 | train_loss=2.2334 | test_loss=2.3220 | test_acc=0.1000 | sparsity=0.9500 | cka=1 | targets=conv1.weight:0.949074;conv2.weight:0.949978;conv3.weight:0.949992;fc1.weight:0.949999
Round 013 | train_loss=2.2353 | test_loss=2.3231 | test_acc=0.1000 | sparsity=0.9500 | cka=0 | targets=conv1.weight:0.949074;conv2.weight:0.949978;conv3.weight:0.949992;fc1.weight:0.949999
Round 014 | train_loss=2.2362 | test_loss=2.3240 | test_acc=0.1000 | sparsity=0.9500 | cka=1 | targets=conv1.weight:0.949074;conv2.weight:0.949978;conv3.weight:0.949992;fc1.weight:0.949999
Round 015 | train_loss=2.2355 | test_loss=2.3249 | test_acc=0.1000 | sparsity=0.9500 | cka=0 | targets=conv1.weight:0.949074;conv2.weight:0.949978;conv3.weight:0.949992;fc1.weight:0.949999
Round 016 | train_loss=2.2355 | test_loss=2.3256 | test_acc=0.1000 | sparsity=0.9500 | cka=1 | targets=conv1.weight:0.949074;conv2.weight:0.949978;conv3.weight:0.949992;fc1.weight:0.949999
Round 017 | train_loss=2.2377 | test_loss=2.3262 | test_acc=0.1000 | sparsity=0.9500 | cka=0 | targets=conv1.weight:0.949074;conv2.weight:0.949978;conv3.weight:0.949992;fc1.weight:0.949999
Round 018 | train_loss=2.2379 | test_loss=2.3268 | test_acc=0.1000 | sparsity=0.9500 | cka=1 | targets=conv1.weight:0.949074;conv2.weight:0.949978;conv3.weight:0.949992;fc1.weight:0.949999
Round 019 | train_loss=2.2356 | test_loss=2.3274 | test_acc=0.1000 | sparsity=0.9500 | cka=0 | targets=conv1.weight:0.949074;conv2.weight:0.949978;conv3.weight:0.949992;fc1.weight:0.949999
Round 020 | train_loss=2.2344 | test_loss=2.3278 | test_acc=0.1000 | sparsity=0.9500 | cka=1 | targets=conv1.weight:0.949074;conv2.weight:0.949978;conv3.weight:0.949992;fc1.weight:0.949999
Saved training log to: results/logs/cka_strength_sweep/cifar10_cka_strength_fixed_5605137/strength_0p2/seed_100/cka_feddst_cifar10_clients5_alpha0.3_sparsity0.95_cka0.2_seed100_20260801_180434.csv
Saved CKA log to: results/logs/cka_strength_sweep/cifar10_cka_strength_fixed_5605137/strength_0p2/seed_100/cka_feddst_cifar10_clients5_alpha0.3_sparsity0.95_cka0.2_seed100_20260801_180434_cka.csv

[Run 26/125] suite=cka_strength method=cka_feddst seed=42 sparsity=0.5 cka_strength=0.5
Output log dir: results/logs/cka_strength_sweep/cifar10_cka_strength_fixed_5605137/strength_0p5/seed_42
Command: /mnt/aiongpfs/users/dsen/micromamba/envs/cka-cifar/bin/python -m src.train --global-config configs/global_cifar10.yaml --config configs/cka_feddst_mnist.yaml --seed 42 --sparsity 0.5 --cka-strength 0.5 --log-dir results/logs/cka_strength_sweep/cifar10_cka_strength_fixed_5605137/strength_0p5/seed_42 --checkpoint-dir results/checkpoints/cka_strength_sweep/cifar10_cka_strength_fixed_5605137/strength_0p5/seed_42 --plot-dir results/plots/cka_strength_sweep/cifar10_cka_strength_fixed_5605137
Final merged configuration:
alpha: 0.3
batch_size: 64
checkpoint_dir: results/checkpoints/cka_strength_sweep/cifar10_cka_strength_fixed_5605137/strength_0p5/seed_42
cka_interval: 2
cka_layers:
- conv1
- conv2
- conv3
- fc1
cka_max_sparsity: 0.95
cka_min_sparsity: 0.5
cka_strength: 0.5
data_check: false
data_dir: data
dataset: cifar10
device: auto
disable_cudnn: true
dry_run: false
eval_interval: 1
experiment_config_path: configs/cka_feddst_mnist.yaml
global_config_path: configs/global_cifar10.yaml
local_epochs: 1
log_cka: false
log_dir: results/logs/cka_strength_sweep/cifar10_cka_strength_fixed_5605137/strength_0p5/seed_42
lr: 0.01
mask_update_interval: 2
method: cka_feddst
model: cifar_cnn
num_clients: 5
num_workers: 2
output_dir: results
plot_dir: results/plots/cka_strength_sweep/cifar10_cka_strength_fixed_5605137
prune_fraction: 0.2
reference_size: 500
regrowth_method: gradient
rounds: 20
save_checkpoint: false
seed: 42
sparsity: 0.5
sparsity_init: random
split_dir: null
Saved merged config to: results/logs/cka_strength_sweep/cifar10_cka_strength_fixed_5605137/strength_0p5/seed_42/cka_feddst_cifar10_clients5_alpha0.3_sparsity0.5_cka0.5_seed42_20260801_181152_config.yaml
cuDNN disabled for this run.
Client label distributions:
  client 00: n= 6173, labels=[449, 1577, 16, 53, 288, 1254, 18, 319, 1561, 638]
  client 01: n= 6712, labels=[388, 41, 1016, 674, 619, 293, 705, 1884, 2, 1090]
  client 02: n= 6610, labels=[14, 2050, 564, 1192, 934, 206, 33, 1318, 147, 152]
  client 03: n=12351, labels=[4094, 1282, 465, 1114, 4, 0, 3603, 1424, 313, 52]
  client 04: n=17654, labels=[5, 0, 2889, 1917, 3105, 3197, 591, 5, 2927, 3018]
Initial sparsity | total=0.5000 | active=309936/619872
Layer sparsity | conv1.weight:0.525463;conv2.weight:0.501519;conv3.weight:0.496962;fc1.weight:0.500244;fc2.weight:0.517969
Round 001 | train_loss=2.0918 | test_loss=2.2846 | test_acc=0.1524 | sparsity=0.5000 | cka=0 | targets=
Round 002 | train_loss=1.8567 | test_loss=2.3521 | test_acc=0.1577 | sparsity=0.5001 | cka=1 | targets=conv1.weight:0.500000;conv2.weight:0.500000;conv3.weight:0.500000;fc1.weight:0.500000
Round 003 | train_loss=1.8052 | test_loss=2.4403 | test_acc=0.1591 | sparsity=0.5001 | cka=0 | targets=conv1.weight:0.500000;conv2.weight:0.500000;conv3.weight:0.500000;fc1.weight:0.500000
Round 004 | train_loss=1.7868 | test_loss=2.3911 | test_acc=0.1754 | sparsity=0.5001 | cka=1 | targets=conv1.weight:0.500000;conv2.weight:0.500000;conv3.weight:0.500000;fc1.weight:0.500000
Round 005 | train_loss=1.7760 | test_loss=2.4274 | test_acc=0.1820 | sparsity=0.5001 | cka=0 | targets=conv1.weight:0.500000;conv2.weight:0.500000;conv3.weight:0.500000;fc1.weight:0.500000
Round 006 | train_loss=1.7556 | test_loss=2.4417 | test_acc=0.1920 | sparsity=0.5001 | cka=1 | targets=conv1.weight:0.500000;conv2.weight:0.500000;conv3.weight:0.500000;fc1.weight:0.500000
Round 007 | train_loss=1.7513 | test_loss=2.4010 | test_acc=0.1929 | sparsity=0.5001 | cka=0 | targets=conv1.weight:0.500000;conv2.weight:0.500000;conv3.weight:0.500000;fc1.weight:0.500000
Round 008 | train_loss=1.7316 | test_loss=2.4184 | test_acc=0.1941 | sparsity=0.5001 | cka=1 | targets=conv1.weight:0.500000;conv2.weight:0.500000;conv3.weight:0.500000;fc1.weight:0.500000
Round 009 | train_loss=1.7120 | test_loss=2.3988 | test_acc=0.2239 | sparsity=0.5001 | cka=0 | targets=conv1.weight:0.500000;conv2.weight:0.500000;conv3.weight:0.500000;fc1.weight:0.500000
Round 010 | train_loss=1.6881 | test_loss=2.4113 | test_acc=0.2196 | sparsity=0.5001 | cka=1 | targets=conv1.weight:0.500000;conv2.weight:0.500000;conv3.weight:0.500000;fc1.weight:0.500000
Round 011 | train_loss=1.6841 | test_loss=2.2289 | test_acc=0.2264 | sparsity=0.5001 | cka=0 | targets=conv1.weight:0.500000;conv2.weight:0.500000;conv3.weight:0.500000;fc1.weight:0.500000
Round 012 | train_loss=1.6421 | test_loss=2.2394 | test_acc=0.2371 | sparsity=0.5001 | cka=1 | targets=conv1.weight:0.500000;conv2.weight:0.500000;conv3.weight:0.500000;fc1.weight:0.500000
Round 013 | train_loss=1.5998 | test_loss=2.2038 | test_acc=0.2445 | sparsity=0.5001 | cka=0 | targets=conv1.weight:0.500000;conv2.weight:0.500000;conv3.weight:0.500000;fc1.weight:0.500000
Round 014 | train_loss=1.5611 | test_loss=2.1487 | test_acc=0.2551 | sparsity=0.5001 | cka=1 | targets=conv1.weight:0.500000;conv2.weight:0.500000;conv3.weight:0.500000;fc1.weight:0.500000
Round 015 | train_loss=1.5521 | test_loss=2.0823 | test_acc=0.2549 | sparsity=0.5001 | cka=0 | targets=conv1.weight:0.500000;conv2.weight:0.500000;conv3.weight:0.500000;fc1.weight:0.500000
Round 016 | train_loss=1.5137 | test_loss=2.0607 | test_acc=0.2598 | sparsity=0.5001 | cka=1 | targets=conv1.weight:0.500000;conv2.weight:0.500000;conv3.weight:0.500000;fc1.weight:0.500000
Round 017 | train_loss=1.4840 | test_loss=2.0316 | test_acc=0.2719 | sparsity=0.5001 | cka=0 | targets=conv1.weight:0.500000;conv2.weight:0.500000;conv3.weight:0.500000;fc1.weight:0.500000
Round 018 | train_loss=1.4657 | test_loss=2.0151 | test_acc=0.2787 | sparsity=0.5001 | cka=1 | targets=conv1.weight:0.500000;conv2.weight:0.500000;conv3.weight:0.500000;fc1.weight:0.500000
Round 019 | train_loss=1.4561 | test_loss=1.9594 | test_acc=0.2882 | sparsity=0.5001 | cka=0 | targets=conv1.weight:0.500000;conv2.weight:0.500000;conv3.weight:0.500000;fc1.weight:0.500000
Round 020 | train_loss=1.4340 | test_loss=1.9596 | test_acc=0.2913 | sparsity=0.5001 | cka=1 | targets=conv1.weight:0.500000;conv2.weight:0.500000;conv3.weight:0.500000;fc1.weight:0.500000
Saved training log to: results/logs/cka_strength_sweep/cifar10_cka_strength_fixed_5605137/strength_0p5/seed_42/cka_feddst_cifar10_clients5_alpha0.3_sparsity0.5_cka0.5_seed42_20260801_181152.csv
Saved CKA log to: results/logs/cka_strength_sweep/cifar10_cka_strength_fixed_5605137/strength_0p5/seed_42/cka_feddst_cifar10_clients5_alpha0.3_sparsity0.5_cka0.5_seed42_20260801_181152_cka.csv

[Run 27/125] suite=cka_strength method=cka_feddst seed=42 sparsity=0.7 cka_strength=0.5
Output log dir: results/logs/cka_strength_sweep/cifar10_cka_strength_fixed_5605137/strength_0p5/seed_42
Command: /mnt/aiongpfs/users/dsen/micromamba/envs/cka-cifar/bin/python -m src.train --global-config configs/global_cifar10.yaml --config configs/cka_feddst_mnist.yaml --seed 42 --sparsity 0.7 --cka-strength 0.5 --log-dir results/logs/cka_strength_sweep/cifar10_cka_strength_fixed_5605137/strength_0p5/seed_42 --checkpoint-dir results/checkpoints/cka_strength_sweep/cifar10_cka_strength_fixed_5605137/strength_0p5/seed_42 --plot-dir results/plots/cka_strength_sweep/cifar10_cka_strength_fixed_5605137
Final merged configuration:
alpha: 0.3
batch_size: 64
checkpoint_dir: results/checkpoints/cka_strength_sweep/cifar10_cka_strength_fixed_5605137/strength_0p5/seed_42
cka_interval: 2
cka_layers:
- conv1
- conv2
- conv3
- fc1
cka_max_sparsity: 0.95
cka_min_sparsity: 0.5
cka_strength: 0.5
data_check: false
data_dir: data
dataset: cifar10
device: auto
disable_cudnn: true
dry_run: false
eval_interval: 1
experiment_config_path: configs/cka_feddst_mnist.yaml
global_config_path: configs/global_cifar10.yaml
local_epochs: 1
log_cka: false
log_dir: results/logs/cka_strength_sweep/cifar10_cka_strength_fixed_5605137/strength_0p5/seed_42
lr: 0.01
mask_update_interval: 2
method: cka_feddst
model: cifar_cnn
num_clients: 5
num_workers: 2
output_dir: results
plot_dir: results/plots/cka_strength_sweep/cifar10_cka_strength_fixed_5605137
prune_fraction: 0.2
reference_size: 500
regrowth_method: gradient
rounds: 20
save_checkpoint: false
seed: 42
sparsity: 0.7
sparsity_init: random
split_dir: null
Saved merged config to: results/logs/cka_strength_sweep/cifar10_cka_strength_fixed_5605137/strength_0p5/seed_42/cka_feddst_cifar10_clients5_alpha0.3_sparsity0.7_cka0.5_seed42_20260801_181912_config.yaml
cuDNN disabled for this run.
Client label distributions:
  client 00: n= 6173, labels=[449, 1577, 16, 53, 288, 1254, 18, 319, 1561, 638]
  client 01: n= 6712, labels=[388, 41, 1016, 674, 619, 293, 705, 1884, 2, 1090]
  client 02: n= 6610, labels=[14, 2050, 564, 1192, 934, 206, 33, 1318, 147, 152]
  client 03: n=12351, labels=[4094, 1282, 465, 1114, 4, 0, 3603, 1424, 313, 52]
  client 04: n=17654, labels=[5, 0, 2889, 1917, 3105, 3197, 591, 5, 2927, 3018]
Initial sparsity | total=0.7000 | active=185962/619872
Layer sparsity | conv1.weight:0.722222;conv2.weight:0.700955;conv3.weight:0.698893;fc1.weight:0.700014;fc2.weight:0.714453
Round 001 | train_loss=2.2264 | test_loss=2.3020 | test_acc=0.1002 | sparsity=0.7000 | cka=0 | targets=
Round 002 | train_loss=2.1997 | test_loss=2.2987 | test_acc=0.1323 | sparsity=0.7001 | cka=1 | targets=conv1.weight:0.696759;conv2.weight:0.696777;conv3.weight:0.697361;fc1.weight:0.700489
Round 003 | train_loss=1.9834 | test_loss=2.3016 | test_acc=0.1566 | sparsity=0.7001 | cka=0 | targets=conv1.weight:0.696759;conv2.weight:0.696777;conv3.weight:0.697361;fc1.weight:0.700489
Round 004 | train_loss=1.8287 | test_loss=2.2867 | test_acc=0.1495 | sparsity=0.7001 | cka=1 | targets=conv1.weight:0.699074;conv2.weight:0.699164;conv3.weight:0.699178;fc1.weight:0.700146
Round 005 | train_loss=1.8312 | test_loss=2.3713 | test_acc=0.1577 | sparsity=0.7001 | cka=0 | targets=conv1.weight:0.699074;conv2.weight:0.699164;conv3.weight:0.699178;fc1.weight:0.700146
Round 006 | train_loss=1.7907 | test_loss=2.3890 | test_acc=0.1676 | sparsity=0.7001 | cka=1 | targets=conv1.weight:0.699074;conv2.weight:0.698893;conv3.weight:0.698907;fc1.weight:0.700193
Round 007 | train_loss=1.7821 | test_loss=2.4606 | test_acc=0.1598 | sparsity=0.7001 | cka=0 | targets=conv1.weight:0.699074;conv2.weight:0.698893;conv3.weight:0.698907;fc1.weight:0.700193
Round 008 | train_loss=1.7718 | test_loss=2.4432 | test_acc=0.1672 | sparsity=0.7001 | cka=1 | targets=conv1.weight:0.697917;conv2.weight:0.698079;conv3.weight:0.698107;fc1.weight:0.700336
Round 009 | train_loss=1.7635 | test_loss=2.4328 | test_acc=0.1880 | sparsity=0.7001 | cka=0 | targets=conv1.weight:0.697917;conv2.weight:0.698079;conv3.weight:0.698107;fc1.weight:0.700336
Round 010 | train_loss=1.7517 | test_loss=2.4776 | test_acc=0.1784 | sparsity=0.7001 | cka=1 | targets=conv1.weight:0.697917;conv2.weight:0.698405;conv3.weight:0.698419;fc1.weight:0.700281
Round 011 | train_loss=1.7490 | test_loss=2.3834 | test_acc=0.1856 | sparsity=0.7001 | cka=0 | targets=conv1.weight:0.697917;conv2.weight:0.698405;conv3.weight:0.698419;fc1.weight:0.700281
Round 012 | train_loss=1.7348 | test_loss=2.4341 | test_acc=0.1870 | sparsity=0.7001 | cka=1 | targets=conv1.weight:0.697917;conv2.weight:0.698188;conv3.weight:0.698242;fc1.weight:0.700314
Round 013 | train_loss=1.7245 | test_loss=2.3987 | test_acc=0.2082 | sparsity=0.7001 | cka=0 | targets=conv1.weight:0.697917;conv2.weight:0.698188;conv3.weight:0.698242;fc1.weight:0.700314
Round 014 | train_loss=1.7121 | test_loss=2.3985 | test_acc=0.2091 | sparsity=0.7001 | cka=1 | targets=conv1.weight:0.697917;conv2.weight:0.698351;conv3.weight:0.698419;fc1.weight:0.700283
Round 015 | train_loss=1.7060 | test_loss=2.3759 | test_acc=0.2088 | sparsity=0.7001 | cka=0 | targets=conv1.weight:0.697917;conv2.weight:0.698351;conv3.weight:0.698419;fc1.weight:0.700283
Round 016 | train_loss=1.6803 | test_loss=2.3508 | test_acc=0.2115 | sparsity=0.7001 | cka=1 | targets=conv1.weight:0.695602;conv2.weight:0.696615;conv3.weight:0.697578;fc1.weight:0.700466
Round 017 | train_loss=1.6579 | test_loss=2.3262 | test_acc=0.2271 | sparsity=0.7001 | cka=0 | targets=conv1.weight:0.695602;conv2.weight:0.696615;conv3.weight:0.697578;fc1.weight:0.700466
Round 018 | train_loss=1.6248 | test_loss=2.2669 | test_acc=0.2321 | sparsity=0.7001 | cka=1 | targets=conv1.weight:0.696759;conv2.weight:0.697320;conv3.weight:0.697645;fc1.weight:0.700430
Round 019 | train_loss=1.6026 | test_loss=2.1782 | test_acc=0.2335 | sparsity=0.7001 | cka=0 | targets=conv1.weight:0.696759;conv2.weight:0.697320;conv3.weight:0.697645;fc1.weight:0.700430
Round 020 | train_loss=1.5778 | test_loss=2.1931 | test_acc=0.2362 | sparsity=0.7001 | cka=1 | targets=conv1.weight:0.695602;conv2.weight:0.696832;conv3.weight:0.697008;fc1.weight:0.700539
Saved training log to: results/logs/cka_strength_sweep/cifar10_cka_strength_fixed_5605137/strength_0p5/seed_42/cka_feddst_cifar10_clients5_alpha0.3_sparsity0.7_cka0.5_seed42_20260801_181912.csv
Saved CKA log to: results/logs/cka_strength_sweep/cifar10_cka_strength_fixed_5605137/strength_0p5/seed_42/cka_feddst_cifar10_clients5_alpha0.3_sparsity0.7_cka0.5_seed42_20260801_181912_cka.csv

[Run 28/125] suite=cka_strength method=cka_feddst seed=42 sparsity=0.8 cka_strength=0.5
Output log dir: results/logs/cka_strength_sweep/cifar10_cka_strength_fixed_5605137/strength_0p5/seed_42
Command: /mnt/aiongpfs/users/dsen/micromamba/envs/cka-cifar/bin/python -m src.train --global-config configs/global_cifar10.yaml --config configs/cka_feddst_mnist.yaml --seed 42 --sparsity 0.8 --cka-strength 0.5 --log-dir results/logs/cka_strength_sweep/cifar10_cka_strength_fixed_5605137/strength_0p5/seed_42 --checkpoint-dir results/checkpoints/cka_strength_sweep/cifar10_cka_strength_fixed_5605137/strength_0p5/seed_42 --plot-dir results/plots/cka_strength_sweep/cifar10_cka_strength_fixed_5605137
Final merged configuration:
alpha: 0.3
batch_size: 64
checkpoint_dir: results/checkpoints/cka_strength_sweep/cifar10_cka_strength_fixed_5605137/strength_0p5/seed_42
cka_interval: 2
cka_layers:
- conv1
- conv2
- conv3
- fc1
cka_max_sparsity: 0.95
cka_min_sparsity: 0.5
cka_strength: 0.5
data_check: false
data_dir: data
dataset: cifar10
device: auto
disable_cudnn: true
dry_run: false
eval_interval: 1
experiment_config_path: configs/cka_feddst_mnist.yaml
global_config_path: configs/global_cifar10.yaml
local_epochs: 1
log_cka: false
log_dir: results/logs/cka_strength_sweep/cifar10_cka_strength_fixed_5605137/strength_0p5/seed_42
lr: 0.01
mask_update_interval: 2
method: cka_feddst
model: cifar_cnn
num_clients: 5
num_workers: 2
output_dir: results
plot_dir: results/plots/cka_strength_sweep/cifar10_cka_strength_fixed_5605137
prune_fraction: 0.2
reference_size: 500
regrowth_method: gradient
rounds: 20
save_checkpoint: false
seed: 42
sparsity: 0.8
sparsity_init: random
split_dir: null
Saved merged config to: results/logs/cka_strength_sweep/cifar10_cka_strength_fixed_5605137/strength_0p5/seed_42/cka_feddst_cifar10_clients5_alpha0.3_sparsity0.8_cka0.5_seed42_20260801_182607_config.yaml
cuDNN disabled for this run.
Client label distributions:
  client 00: n= 6173, labels=[449, 1577, 16, 53, 288, 1254, 18, 319, 1561, 638]
  client 01: n= 6712, labels=[388, 41, 1016, 674, 619, 293, 705, 1884, 2, 1090]
  client 02: n= 6610, labels=[14, 2050, 564, 1192, 934, 206, 33, 1318, 147, 152]
  client 03: n=12351, labels=[4094, 1282, 465, 1114, 4, 0, 3603, 1424, 313, 52]
  client 04: n=17654, labels=[5, 0, 2889, 1917, 3105, 3197, 591, 5, 2927, 3018]
Initial sparsity | total=0.8000 | active=123974/619872
Layer sparsity | conv1.weight:0.818287;conv2.weight:0.798177;conv3.weight:0.798815;fc1.weight:0.800186;fc2.weight:0.803125
Round 001 | train_loss=2.2321 | test_loss=2.3030 | test_acc=0.1000 | sparsity=0.8000 | cka=0 | targets=
Round 002 | train_loss=2.2317 | test_loss=2.3036 | test_acc=0.1000 | sparsity=0.8000 | cka=1 | targets=conv1.weight:0.798611;conv2.weight:0.798828;conv3.weight:0.798855;fc1.weight:0.800205
Round 003 | train_loss=2.2149 | test_loss=2.3025 | test_acc=0.1160 | sparsity=0.8000 | cka=0 | targets=conv1.weight:0.798611;conv2.weight:0.798828;conv3.weight:0.798855;fc1.weight:0.800205
Round 004 | train_loss=2.0791 | test_loss=2.3013 | test_acc=0.1632 | sparsity=0.8000 | cka=1 | targets=conv1.weight:0.799769;conv2.weight:0.799696;conv3.weight:0.799696;fc1.weight:0.800055
Round 005 | train_loss=1.9361 | test_loss=2.3184 | test_acc=0.1488 | sparsity=0.8000 | cka=0 | targets=conv1.weight:0.799769;conv2.weight:0.799696;conv3.weight:0.799696;fc1.weight:0.800055
Round 006 | train_loss=1.8182 | test_loss=2.3862 | test_acc=0.1634 | sparsity=0.8000 | cka=1 | targets=conv1.weight:0.799769;conv2.weight:0.799642;conv3.weight:0.799615;fc1.weight:0.800068
Round 007 | train_loss=1.7993 | test_loss=2.4622 | test_acc=0.1548 | sparsity=0.8000 | cka=0 | targets=conv1.weight:0.799769;conv2.weight:0.799642;conv3.weight:0.799615;fc1.weight:0.800068
Round 008 | train_loss=1.7878 | test_loss=2.4326 | test_acc=0.1616 | sparsity=0.8000 | cka=1 | targets=conv1.weight:0.799769;conv2.weight:0.799316;conv3.weight:0.799330;fc1.weight:0.800119
Round 009 | train_loss=1.7808 | test_loss=2.4210 | test_acc=0.1800 | sparsity=0.8000 | cka=0 | targets=conv1.weight:0.799769;conv2.weight:0.799316;conv3.weight:0.799330;fc1.weight:0.800119
Round 010 | train_loss=1.7698 | test_loss=2.4443 | test_acc=0.1731 | sparsity=0.8000 | cka=1 | targets=conv1.weight:0.798611;conv2.weight:0.798828;conv3.weight:0.798842;fc1.weight:0.800207
Round 011 | train_loss=1.7666 | test_loss=2.3945 | test_acc=0.1864 | sparsity=0.8000 | cka=0 | targets=conv1.weight:0.798611;conv2.weight:0.798828;conv3.weight:0.798842;fc1.weight:0.800207
Round 012 | train_loss=1.7550 | test_loss=2.3778 | test_acc=0.1857 | sparsity=0.8000 | cka=1 | targets=conv1.weight:0.798611;conv2.weight:0.798503;conv3.weight:0.798530;fc1.weight:0.800262
Round 013 | train_loss=1.7467 | test_loss=2.3953 | test_acc=0.1958 | sparsity=0.8000 | cka=0 | targets=conv1.weight:0.798611;conv2.weight:0.798503;conv3.weight:0.798530;fc1.weight:0.800262
Round 014 | train_loss=1.7377 | test_loss=2.3816 | test_acc=0.1997 | sparsity=0.8000 | cka=1 | targets=conv1.weight:0.798611;conv2.weight:0.798286;conv3.weight:0.798299;fc1.weight:0.800303
Round 015 | train_loss=1.7370 | test_loss=2.4172 | test_acc=0.1994 | sparsity=0.8000 | cka=0 | targets=conv1.weight:0.798611;conv2.weight:0.798286;conv3.weight:0.798299;fc1.weight:0.800303
Round 016 | train_loss=1.7237 | test_loss=2.3707 | test_acc=0.2031 | sparsity=0.8000 | cka=1 | targets=conv1.weight:0.797454;conv2.weight:0.798069;conv3.weight:0.798069;fc1.weight:0.800344
Round 017 | train_loss=1.7179 | test_loss=2.4015 | test_acc=0.2046 | sparsity=0.8000 | cka=0 | targets=conv1.weight:0.797454;conv2.weight:0.798069;conv3.weight:0.798069;fc1.weight:0.800344
Round 018 | train_loss=1.7093 | test_loss=2.3901 | test_acc=0.2088 | sparsity=0.8000 | cka=1 | targets=conv1.weight:0.798611;conv2.weight:0.798231;conv3.weight:0.798245;fc1.weight:0.800312
Round 019 | train_loss=1.7073 | test_loss=2.3738 | test_acc=0.2099 | sparsity=0.8000 | cka=0 | targets=conv1.weight:0.798611;conv2.weight:0.798231;conv3.weight:0.798245;fc1.weight:0.800312
Round 020 | train_loss=1.6939 | test_loss=2.3109 | test_acc=0.2150 | sparsity=0.8000 | cka=1 | targets=conv1.weight:0.797454;conv2.weight:0.798069;conv3.weight:0.798096;fc1.weight:0.800341
Saved training log to: results/logs/cka_strength_sweep/cifar10_cka_strength_fixed_5605137/strength_0p5/seed_42/cka_feddst_cifar10_clients5_alpha0.3_sparsity0.8_cka0.5_seed42_20260801_182607.csv
Saved CKA log to: results/logs/cka_strength_sweep/cifar10_cka_strength_fixed_5605137/strength_0p5/seed_42/cka_feddst_cifar10_clients5_alpha0.3_sparsity0.8_cka0.5_seed42_20260801_182607_cka.csv

[Run 29/125] suite=cka_strength method=cka_feddst seed=42 sparsity=0.9 cka_strength=0.5
Output log dir: results/logs/cka_strength_sweep/cifar10_cka_strength_fixed_5605137/strength_0p5/seed_42
Command: /mnt/aiongpfs/users/dsen/micromamba/envs/cka-cifar/bin/python -m src.train --global-config configs/global_cifar10.yaml --config configs/cka_feddst_mnist.yaml --seed 42 --sparsity 0.9 --cka-strength 0.5 --log-dir results/logs/cka_strength_sweep/cifar10_cka_strength_fixed_5605137/strength_0p5/seed_42 --checkpoint-dir results/checkpoints/cka_strength_sweep/cifar10_cka_strength_fixed_5605137/strength_0p5/seed_42 --plot-dir results/plots/cka_strength_sweep/cifar10_cka_strength_fixed_5605137
Final merged configuration:
alpha: 0.3
batch_size: 64
checkpoint_dir: results/checkpoints/cka_strength_sweep/cifar10_cka_strength_fixed_5605137/strength_0p5/seed_42
cka_interval: 2
cka_layers:
- conv1
- conv2
- conv3
- fc1
cka_max_sparsity: 0.95
cka_min_sparsity: 0.5
cka_strength: 0.5
data_check: false
data_dir: data
dataset: cifar10
device: auto
disable_cudnn: true
dry_run: false
eval_interval: 1
experiment_config_path: configs/cka_feddst_mnist.yaml
global_config_path: configs/global_cifar10.yaml
local_epochs: 1
log_cka: false
log_dir: results/logs/cka_strength_sweep/cifar10_cka_strength_fixed_5605137/strength_0p5/seed_42
lr: 0.01
mask_update_interval: 2
method: cka_feddst
model: cifar_cnn
num_clients: 5
num_workers: 2
output_dir: results
plot_dir: results/plots/cka_strength_sweep/cifar10_cka_strength_fixed_5605137
prune_fraction: 0.2
reference_size: 500
regrowth_method: gradient
rounds: 20
save_checkpoint: false
seed: 42
sparsity: 0.9
sparsity_init: random
split_dir: null
Saved merged config to: results/logs/cka_strength_sweep/cifar10_cka_strength_fixed_5605137/strength_0p5/seed_42/cka_feddst_cifar10_clients5_alpha0.3_sparsity0.9_cka0.5_seed42_20260801_183310_config.yaml
cuDNN disabled for this run.
Client label distributions:
  client 00: n= 6173, labels=[449, 1577, 16, 53, 288, 1254, 18, 319, 1561, 638]
  client 01: n= 6712, labels=[388, 41, 1016, 674, 619, 293, 705, 1884, 2, 1090]
  client 02: n= 6610, labels=[14, 2050, 564, 1192, 934, 206, 33, 1318, 147, 152]
  client 03: n=12351, labels=[4094, 1282, 465, 1114, 4, 0, 3603, 1424, 313, 52]
  client 04: n=17654, labels=[5, 0, 2889, 1917, 3105, 3197, 591, 5, 2927, 3018]
Initial sparsity | total=0.9000 | active=61987/619872
Layer sparsity | conv1.weight:0.895833;conv2.weight:0.898872;conv3.weight:0.897461;fc1.weight:0.900391;fc2.weight:0.902734
Round 001 | train_loss=2.2342 | test_loss=2.3031 | test_acc=0.1000 | sparsity=0.9000 | cka=0 | targets=
Round 002 | train_loss=2.2346 | test_loss=2.3037 | test_acc=0.1000 | sparsity=0.9000 | cka=1 | targets=conv1.weight:0.900463;conv2.weight:0.899848;conv3.weight:0.899862;fc1.weight:0.900024
Round 003 | train_loss=2.2348 | test_loss=2.3047 | test_acc=0.1000 | sparsity=0.9000 | cka=0 | targets=conv1.weight:0.900463;conv2.weight:0.899848;conv3.weight:0.899862;fc1.weight:0.900024
Round 004 | train_loss=2.2355 | test_loss=2.3057 | test_acc=0.1000 | sparsity=0.9000 | cka=1 | targets=conv1.weight:0.899306;conv2.weight:0.898872;conv3.weight:0.898885;fc1.weight:0.900198
Round 005 | train_loss=2.2372 | test_loss=2.3069 | test_acc=0.1000 | sparsity=0.9000 | cka=0 | targets=conv1.weight:0.899306;conv2.weight:0.898872;conv3.weight:0.898885;fc1.weight:0.900198
Round 006 | train_loss=2.2381 | test_loss=2.3080 | test_acc=0.1024 | sparsity=0.9000 | cka=1 | targets=conv1.weight:0.899306;conv2.weight:0.899577;conv3.weight:0.899604;fc1.weight:0.900072
Round 007 | train_loss=2.2383 | test_loss=2.3091 | test_acc=0.1000 | sparsity=0.9000 | cka=0 | targets=conv1.weight:0.899306;conv2.weight:0.899577;conv3.weight:0.899604;fc1.weight:0.900072
Round 008 | train_loss=2.2383 | test_loss=2.3101 | test_acc=0.1000 | sparsity=0.9000 | cka=1 | targets=conv1.weight:0.899306;conv2.weight:0.898980;conv3.weight:0.899061;fc1.weight:0.900169
Round 009 | train_loss=2.2402 | test_loss=2.3111 | test_acc=0.1000 | sparsity=0.9000 | cka=0 | targets=conv1.weight:0.899306;conv2.weight:0.898980;conv3.weight:0.899061;fc1.weight:0.900169
Round 010 | train_loss=2.2404 | test_loss=2.3119 | test_acc=0.1000 | sparsity=0.9000 | cka=1 | targets=conv1.weight:0.899306;conv2.weight:0.899468;conv3.weight:0.899495;fc1.weight:0.900091
Round 011 | train_loss=2.2388 | test_loss=2.3127 | test_acc=0.1000 | sparsity=0.9000 | cka=0 | targets=conv1.weight:0.899306;conv2.weight:0.899468;conv3.weight:0.899495;fc1.weight:0.900091
Round 012 | train_loss=2.2364 | test_loss=2.3134 | test_acc=0.1000 | sparsity=0.9000 | cka=1 | targets=conv1.weight:0.899306;conv2.weight:0.899414;conv3.weight:0.899550;fc1.weight:0.900085
Round 013 | train_loss=2.2388 | test_loss=2.3142 | test_acc=0.1000 | sparsity=0.9000 | cka=0 | targets=conv1.weight:0.899306;conv2.weight:0.899414;conv3.weight:0.899550;fc1.weight:0.900085
Round 014 | train_loss=2.2362 | test_loss=2.3148 | test_acc=0.1000 | sparsity=0.9000 | cka=1 | targets=conv1.weight:0.899306;conv2.weight:0.899523;conv3.weight:0.899577;fc1.weight:0.900078
Round 015 | train_loss=2.2246 | test_loss=2.3162 | test_acc=0.1000 | sparsity=0.9000 | cka=0 | targets=conv1.weight:0.899306;conv2.weight:0.899523;conv3.weight:0.899577;fc1.weight:0.900078
Round 016 | train_loss=2.1593 | test_loss=2.3197 | test_acc=0.1249 | sparsity=0.9000 | cka=1 | targets=conv1.weight:0.900463;conv2.weight:0.899902;conv3.weight:0.899902;fc1.weight:0.900017
Round 017 | train_loss=2.0331 | test_loss=2.3470 | test_acc=0.1318 | sparsity=0.9000 | cka=0 | targets=conv1.weight:0.900463;conv2.weight:0.899902;conv3.weight:0.899902;fc1.weight:0.900017
Round 018 | train_loss=1.8607 | test_loss=2.3940 | test_acc=0.1211 | sparsity=0.9000 | cka=1 | targets=conv1.weight:0.899306;conv2.weight:0.899740;conv3.weight:0.899767;fc1.weight:0.900043
Round 019 | train_loss=1.8143 | test_loss=2.4642 | test_acc=0.1594 | sparsity=0.9000 | cka=0 | targets=conv1.weight:0.899306;conv2.weight:0.899740;conv3.weight:0.899767;fc1.weight:0.900043
Round 020 | train_loss=1.7874 | test_loss=2.4269 | test_acc=0.1597 | sparsity=0.9000 | cka=1 | targets=conv1.weight:0.900463;conv2.weight:0.899848;conv3.weight:0.899862;fc1.weight:0.900024
Saved training log to: results/logs/cka_strength_sweep/cifar10_cka_strength_fixed_5605137/strength_0p5/seed_42/cka_feddst_cifar10_clients5_alpha0.3_sparsity0.9_cka0.5_seed42_20260801_183310.csv
Saved CKA log to: results/logs/cka_strength_sweep/cifar10_cka_strength_fixed_5605137/strength_0p5/seed_42/cka_feddst_cifar10_clients5_alpha0.3_sparsity0.9_cka0.5_seed42_20260801_183310_cka.csv

[Run 30/125] suite=cka_strength method=cka_feddst seed=42 sparsity=0.95 cka_strength=0.5
Output log dir: results/logs/cka_strength_sweep/cifar10_cka_strength_fixed_5605137/strength_0p5/seed_42
Command: /mnt/aiongpfs/users/dsen/micromamba/envs/cka-cifar/bin/python -m src.train --global-config configs/global_cifar10.yaml --config configs/cka_feddst_mnist.yaml --seed 42 --sparsity 0.95 --cka-strength 0.5 --log-dir results/logs/cka_strength_sweep/cifar10_cka_strength_fixed_5605137/strength_0p5/seed_42 --checkpoint-dir results/checkpoints/cka_strength_sweep/cifar10_cka_strength_fixed_5605137/strength_0p5/seed_42 --plot-dir results/plots/cka_strength_sweep/cifar10_cka_strength_fixed_5605137
Final merged configuration:
alpha: 0.3
batch_size: 64
checkpoint_dir: results/checkpoints/cka_strength_sweep/cifar10_cka_strength_fixed_5605137/strength_0p5/seed_42
cka_interval: 2
cka_layers:
- conv1
- conv2
- conv3
- fc1
cka_max_sparsity: 0.95
cka_min_sparsity: 0.5
cka_strength: 0.5
data_check: false
data_dir: data
dataset: cifar10
device: auto
disable_cudnn: true
dry_run: false
eval_interval: 1
experiment_config_path: configs/cka_feddst_mnist.yaml
global_config_path: configs/global_cifar10.yaml
local_epochs: 1
log_cka: false
log_dir: results/logs/cka_strength_sweep/cifar10_cka_strength_fixed_5605137/strength_0p5/seed_42
lr: 0.01
mask_update_interval: 2
method: cka_feddst
model: cifar_cnn
num_clients: 5
num_workers: 2
output_dir: results
plot_dir: results/plots/cka_strength_sweep/cifar10_cka_strength_fixed_5605137
prune_fraction: 0.2
reference_size: 500
regrowth_method: gradient
rounds: 20
save_checkpoint: false
seed: 42
sparsity: 0.95
sparsity_init: random
split_dir: null
Saved merged config to: results/logs/cka_strength_sweep/cifar10_cka_strength_fixed_5605137/strength_0p5/seed_42/cka_feddst_cifar10_clients5_alpha0.3_sparsity0.95_cka0.5_seed42_20260801_183955_config.yaml
cuDNN disabled for this run.
Client label distributions:
  client 00: n= 6173, labels=[449, 1577, 16, 53, 288, 1254, 18, 319, 1561, 638]
  client 01: n= 6712, labels=[388, 41, 1016, 674, 619, 293, 705, 1884, 2, 1090]
  client 02: n= 6610, labels=[14, 2050, 564, 1192, 934, 206, 33, 1318, 147, 152]
  client 03: n=12351, labels=[4094, 1282, 465, 1114, 4, 0, 3603, 1424, 313, 52]
  client 04: n=17654, labels=[5, 0, 2889, 1917, 3105, 3197, 591, 5, 2927, 3018]
Initial sparsity | total=0.9500 | active=30994/619872
Layer sparsity | conv1.weight:0.946759;conv2.weight:0.948730;conv3.weight:0.948419;fc1.weight:0.950260;fc2.weight:0.952344
Round 001 | train_loss=2.2348 | test_loss=2.3030 | test_acc=0.1000 | sparsity=0.9500 | cka=0 | targets=
Round 002 | train_loss=2.2354 | test_loss=2.3037 | test_acc=0.1000 | sparsity=0.9500 | cka=1 | targets=conv1.weight:0.949074;conv2.weight:0.949978;conv3.weight:0.949992;fc1.weight:0.949999
Round 003 | train_loss=2.2361 | test_loss=2.3046 | test_acc=0.1000 | sparsity=0.9500 | cka=0 | targets=conv1.weight:0.949074;conv2.weight:0.949978;conv3.weight:0.949992;fc1.weight:0.949999
Round 004 | train_loss=2.2372 | test_loss=2.3057 | test_acc=0.1000 | sparsity=0.9500 | cka=1 | targets=conv1.weight:0.949074;conv2.weight:0.949978;conv3.weight:0.949992;fc1.weight:0.949999
Round 005 | train_loss=2.2386 | test_loss=2.3068 | test_acc=0.1000 | sparsity=0.9500 | cka=0 | targets=conv1.weight:0.949074;conv2.weight:0.949978;conv3.weight:0.949992;fc1.weight:0.949999
Round 006 | train_loss=2.2398 | test_loss=2.3079 | test_acc=0.1000 | sparsity=0.9500 | cka=1 | targets=conv1.weight:0.949074;conv2.weight:0.949978;conv3.weight:0.949992;fc1.weight:0.949999
Round 007 | train_loss=2.2407 | test_loss=2.3090 | test_acc=0.1000 | sparsity=0.9500 | cka=0 | targets=conv1.weight:0.949074;conv2.weight:0.949978;conv3.weight:0.949992;fc1.weight:0.949999
Round 008 | train_loss=2.2416 | test_loss=2.3099 | test_acc=0.1000 | sparsity=0.9500 | cka=1 | targets=conv1.weight:0.949074;conv2.weight:0.949978;conv3.weight:0.949992;fc1.weight:0.949999
Round 009 | train_loss=2.2428 | test_loss=2.3108 | test_acc=0.1000 | sparsity=0.9500 | cka=0 | targets=conv1.weight:0.949074;conv2.weight:0.949978;conv3.weight:0.949992;fc1.weight:0.949999
Round 010 | train_loss=2.2436 | test_loss=2.3116 | test_acc=0.1000 | sparsity=0.9500 | cka=1 | targets=conv1.weight:0.949074;conv2.weight:0.949978;conv3.weight:0.949992;fc1.weight:0.949999
Round 011 | train_loss=2.2439 | test_loss=2.3123 | test_acc=0.1000 | sparsity=0.9500 | cka=0 | targets=conv1.weight:0.949074;conv2.weight:0.949978;conv3.weight:0.949992;fc1.weight:0.949999
Round 012 | train_loss=2.2444 | test_loss=2.3130 | test_acc=0.1000 | sparsity=0.9500 | cka=1 | targets=conv1.weight:0.949074;conv2.weight:0.949978;conv3.weight:0.949992;fc1.weight:0.949999
Round 013 | train_loss=2.2453 | test_loss=2.3135 | test_acc=0.1000 | sparsity=0.9500 | cka=0 | targets=conv1.weight:0.949074;conv2.weight:0.949978;conv3.weight:0.949992;fc1.weight:0.949999
Round 014 | train_loss=2.2457 | test_loss=2.3140 | test_acc=0.1000 | sparsity=0.9500 | cka=1 | targets=conv1.weight:0.949074;conv2.weight:0.949978;conv3.weight:0.949992;fc1.weight:0.949999
Round 015 | train_loss=2.2454 | test_loss=2.3145 | test_acc=0.1000 | sparsity=0.9500 | cka=0 | targets=conv1.weight:0.949074;conv2.weight:0.949978;conv3.weight:0.949992;fc1.weight:0.949999
Round 016 | train_loss=2.2452 | test_loss=2.3149 | test_acc=0.1000 | sparsity=0.9500 | cka=1 | targets=conv1.weight:0.949074;conv2.weight:0.949978;conv3.weight:0.949992;fc1.weight:0.949999
Round 017 | train_loss=2.2462 | test_loss=2.3152 | test_acc=0.1000 | sparsity=0.9500 | cka=0 | targets=conv1.weight:0.949074;conv2.weight:0.949978;conv3.weight:0.949992;fc1.weight:0.949999
Round 018 | train_loss=2.2462 | test_loss=2.3155 | test_acc=0.1000 | sparsity=0.9500 | cka=1 | targets=conv1.weight:0.949074;conv2.weight:0.949978;conv3.weight:0.949992;fc1.weight:0.949999
Round 019 | train_loss=2.2449 | test_loss=2.3158 | test_acc=0.1000 | sparsity=0.9500 | cka=0 | targets=conv1.weight:0.949074;conv2.weight:0.949978;conv3.weight:0.949992;fc1.weight:0.949999
Round 020 | train_loss=2.2439 | test_loss=2.3161 | test_acc=0.1000 | sparsity=0.9500 | cka=1 | targets=conv1.weight:0.949074;conv2.weight:0.949978;conv3.weight:0.949992;fc1.weight:0.949999
Saved training log to: results/logs/cka_strength_sweep/cifar10_cka_strength_fixed_5605137/strength_0p5/seed_42/cka_feddst_cifar10_clients5_alpha0.3_sparsity0.95_cka0.5_seed42_20260801_183955.csv
Saved CKA log to: results/logs/cka_strength_sweep/cifar10_cka_strength_fixed_5605137/strength_0p5/seed_42/cka_feddst_cifar10_clients5_alpha0.3_sparsity0.95_cka0.5_seed42_20260801_183955_cka.csv

[Run 31/125] suite=cka_strength method=cka_feddst seed=7 sparsity=0.5 cka_strength=0.5
Output log dir: results/logs/cka_strength_sweep/cifar10_cka_strength_fixed_5605137/strength_0p5/seed_7
Command: /mnt/aiongpfs/users/dsen/micromamba/envs/cka-cifar/bin/python -m src.train --global-config configs/global_cifar10.yaml --config configs/cka_feddst_mnist.yaml --seed 7 --sparsity 0.5 --cka-strength 0.5 --log-dir results/logs/cka_strength_sweep/cifar10_cka_strength_fixed_5605137/strength_0p5/seed_7 --checkpoint-dir results/checkpoints/cka_strength_sweep/cifar10_cka_strength_fixed_5605137/strength_0p5/seed_7 --plot-dir results/plots/cka_strength_sweep/cifar10_cka_strength_fixed_5605137
Final merged configuration:
alpha: 0.3
batch_size: 64
checkpoint_dir: results/checkpoints/cka_strength_sweep/cifar10_cka_strength_fixed_5605137/strength_0p5/seed_7
cka_interval: 2
cka_layers:
- conv1
- conv2
- conv3
- fc1
cka_max_sparsity: 0.95
cka_min_sparsity: 0.5
cka_strength: 0.5
data_check: false
data_dir: data
dataset: cifar10
device: auto
disable_cudnn: true
dry_run: false
eval_interval: 1
experiment_config_path: configs/cka_feddst_mnist.yaml
global_config_path: configs/global_cifar10.yaml
local_epochs: 1
log_cka: false
log_dir: results/logs/cka_strength_sweep/cifar10_cka_strength_fixed_5605137/strength_0p5/seed_7
lr: 0.01
mask_update_interval: 2
method: cka_feddst
model: cifar_cnn
num_clients: 5
num_workers: 2
output_dir: results
plot_dir: results/plots/cka_strength_sweep/cifar10_cka_strength_fixed_5605137
prune_fraction: 0.2
reference_size: 500
regrowth_method: gradient
rounds: 20
save_checkpoint: false
seed: 7
sparsity: 0.5
sparsity_init: random
split_dir: null
Saved merged config to: results/logs/cka_strength_sweep/cifar10_cka_strength_fixed_5605137/strength_0p5/seed_7/cka_feddst_cifar10_clients5_alpha0.3_sparsity0.5_cka0.5_seed7_20260801_184643_config.yaml
cuDNN disabled for this run.
Client label distributions:
  client 00: n= 7681, labels=[142, 16, 5, 202, 411, 2130, 3884, 876, 12, 3]
  client 01: n= 8711, labels=[1321, 1281, 355, 76, 3165, 8, 25, 0, 1922, 558]
  client 02: n=19320, labels=[2810, 141, 3133, 4649, 1064, 2142, 26, 2148, 2915, 292]
  client 03: n= 5169, labels=[22, 3285, 1093, 5, 3, 639, 18, 41, 63, 0]
  client 04: n= 8619, labels=[655, 227, 364, 18, 307, 31, 997, 1885, 38, 4097]
Initial sparsity | total=0.5000 | active=309936/619872
Layer sparsity | conv1.weight:0.508102;conv2.weight:0.501302;conv3.weight:0.499146;fc1.weight:0.500034;fc2.weight:0.505469
Round 001 | train_loss=1.9954 | test_loss=2.2963 | test_acc=0.1211 | sparsity=0.5000 | cka=0 | targets=
Round 002 | train_loss=1.7366 | test_loss=2.3502 | test_acc=0.1232 | sparsity=0.5000 | cka=1 | targets=conv1.weight:0.500000;conv2.weight:0.500000;conv3.weight:0.500000;fc1.weight:0.500000
Round 003 | train_loss=1.6802 | test_loss=2.3642 | test_acc=0.1336 | sparsity=0.5000 | cka=0 | targets=conv1.weight:0.500000;conv2.weight:0.500000;conv3.weight:0.500000;fc1.weight:0.500000
Round 004 | train_loss=1.6558 | test_loss=2.3356 | test_acc=0.1538 | sparsity=0.5000 | cka=1 | targets=conv1.weight:0.500000;conv2.weight:0.500000;conv3.weight:0.500000;fc1.weight:0.500000
Round 005 | train_loss=1.6402 | test_loss=2.3892 | test_acc=0.1494 | sparsity=0.5000 | cka=0 | targets=conv1.weight:0.500000;conv2.weight:0.500000;conv3.weight:0.500000;fc1.weight:0.500000
Round 006 | train_loss=1.6163 | test_loss=2.4012 | test_acc=0.1541 | sparsity=0.5000 | cka=1 | targets=conv1.weight:0.500000;conv2.weight:0.500000;conv3.weight:0.500000;fc1.weight:0.500000
Round 007 | train_loss=1.6055 | test_loss=2.3134 | test_acc=0.2011 | sparsity=0.5000 | cka=0 | targets=conv1.weight:0.500000;conv2.weight:0.500000;conv3.weight:0.500000;fc1.weight:0.500000
Round 008 | train_loss=1.5723 | test_loss=2.2977 | test_acc=0.2001 | sparsity=0.5000 | cka=1 | targets=conv1.weight:0.500000;conv2.weight:0.500000;conv3.weight:0.500000;fc1.weight:0.500000
Round 009 | train_loss=1.5406 | test_loss=2.2598 | test_acc=0.2141 | sparsity=0.5000 | cka=0 | targets=conv1.weight:0.500000;conv2.weight:0.500000;conv3.weight:0.500000;fc1.weight:0.500000
Round 010 | train_loss=1.4937 | test_loss=2.3195 | test_acc=0.2084 | sparsity=0.5000 | cka=1 | targets=conv1.weight:0.500000;conv2.weight:0.500000;conv3.weight:0.500000;fc1.weight:0.500000
Round 011 | train_loss=1.4785 | test_loss=2.3698 | test_acc=0.2157 | sparsity=0.5000 | cka=0 | targets=conv1.weight:0.500000;conv2.weight:0.500000;conv3.weight:0.500000;fc1.weight:0.500000
Round 012 | train_loss=1.4356 | test_loss=2.1566 | test_acc=0.2440 | sparsity=0.5000 | cka=1 | targets=conv1.weight:0.500000;conv2.weight:0.500000;conv3.weight:0.500000;fc1.weight:0.500000
Round 013 | train_loss=1.4031 | test_loss=2.0213 | test_acc=0.2631 | sparsity=0.5000 | cka=0 | targets=conv1.weight:0.500000;conv2.weight:0.500000;conv3.weight:0.500000;fc1.weight:0.500000
Round 014 | train_loss=1.3783 | test_loss=2.0921 | test_acc=0.2480 | sparsity=0.5000 | cka=1 | targets=conv1.weight:0.500000;conv2.weight:0.500000;conv3.weight:0.500000;fc1.weight:0.500000
Round 015 | train_loss=1.3674 | test_loss=1.9429 | test_acc=0.2807 | sparsity=0.5000 | cka=0 | targets=conv1.weight:0.500000;conv2.weight:0.500000;conv3.weight:0.500000;fc1.weight:0.500000
Round 016 | train_loss=1.3377 | test_loss=2.0020 | test_acc=0.2834 | sparsity=0.5000 | cka=1 | targets=conv1.weight:0.500000;conv2.weight:0.500000;conv3.weight:0.500000;fc1.weight:0.500000
Round 017 | train_loss=1.3238 | test_loss=1.9906 | test_acc=0.2970 | sparsity=0.5000 | cka=0 | targets=conv1.weight:0.500000;conv2.weight:0.500000;conv3.weight:0.500000;fc1.weight:0.500000
Round 018 | train_loss=1.3021 | test_loss=1.9335 | test_acc=0.3141 | sparsity=0.5000 | cka=1 | targets=conv1.weight:0.500000;conv2.weight:0.500000;conv3.weight:0.500000;fc1.weight:0.500000
Round 019 | train_loss=1.2936 | test_loss=1.9832 | test_acc=0.2891 | sparsity=0.5000 | cka=0 | targets=conv1.weight:0.500000;conv2.weight:0.500000;conv3.weight:0.500000;fc1.weight:0.500000
Round 020 | train_loss=1.2753 | test_loss=1.8757 | test_acc=0.3316 | sparsity=0.5000 | cka=1 | targets=conv1.weight:0.500000;conv2.weight:0.500000;conv3.weight:0.500000;fc1.weight:0.500000
Saved training log to: results/logs/cka_strength_sweep/cifar10_cka_strength_fixed_5605137/strength_0p5/seed_7/cka_feddst_cifar10_clients5_alpha0.3_sparsity0.5_cka0.5_seed7_20260801_184643.csv
Saved CKA log to: results/logs/cka_strength_sweep/cifar10_cka_strength_fixed_5605137/strength_0p5/seed_7/cka_feddst_cifar10_clients5_alpha0.3_sparsity0.5_cka0.5_seed7_20260801_184643_cka.csv

[Run 32/125] suite=cka_strength method=cka_feddst seed=7 sparsity=0.7 cka_strength=0.5
Output log dir: results/logs/cka_strength_sweep/cifar10_cka_strength_fixed_5605137/strength_0p5/seed_7
Command: /mnt/aiongpfs/users/dsen/micromamba/envs/cka-cifar/bin/python -m src.train --global-config configs/global_cifar10.yaml --config configs/cka_feddst_mnist.yaml --seed 7 --sparsity 0.7 --cka-strength 0.5 --log-dir results/logs/cka_strength_sweep/cifar10_cka_strength_fixed_5605137/strength_0p5/seed_7 --checkpoint-dir results/checkpoints/cka_strength_sweep/cifar10_cka_strength_fixed_5605137/strength_0p5/seed_7 --plot-dir results/plots/cka_strength_sweep/cifar10_cka_strength_fixed_5605137
Final merged configuration:
alpha: 0.3
batch_size: 64
checkpoint_dir: results/checkpoints/cka_strength_sweep/cifar10_cka_strength_fixed_5605137/strength_0p5/seed_7
cka_interval: 2
cka_layers:
- conv1
- conv2
- conv3
- fc1
cka_max_sparsity: 0.95
cka_min_sparsity: 0.5
cka_strength: 0.5
data_check: false
data_dir: data
dataset: cifar10
device: auto
disable_cudnn: true
dry_run: false
eval_interval: 1
experiment_config_path: configs/cka_feddst_mnist.yaml
global_config_path: configs/global_cifar10.yaml
local_epochs: 1
log_cka: false
log_dir: results/logs/cka_strength_sweep/cifar10_cka_strength_fixed_5605137/strength_0p5/seed_7
lr: 0.01
mask_update_interval: 2
method: cka_feddst
model: cifar_cnn
num_clients: 5
num_workers: 2
output_dir: results
plot_dir: results/plots/cka_strength_sweep/cifar10_cka_strength_fixed_5605137
prune_fraction: 0.2
reference_size: 500
regrowth_method: gradient
rounds: 20
save_checkpoint: false
seed: 7
sparsity: 0.7
sparsity_init: random
split_dir: null
Saved merged config to: results/logs/cka_strength_sweep/cifar10_cka_strength_fixed_5605137/strength_0p5/seed_7/cka_feddst_cifar10_clients5_alpha0.3_sparsity0.7_cka0.5_seed7_20260801_185349_config.yaml
cuDNN disabled for this run.
Client label distributions:
  client 00: n= 7681, labels=[142, 16, 5, 202, 411, 2130, 3884, 876, 12, 3]
  client 01: n= 8711, labels=[1321, 1281, 355, 76, 3165, 8, 25, 0, 1922, 558]
  client 02: n=19320, labels=[2810, 141, 3133, 4649, 1064, 2142, 26, 2148, 2915, 292]
  client 03: n= 5169, labels=[22, 3285, 1093, 5, 3, 639, 18, 41, 63, 0]
  client 04: n= 8619, labels=[655, 227, 364, 18, 307, 31, 997, 1885, 38, 4097]
Initial sparsity | total=0.7000 | active=185962/619872
Layer sparsity | conv1.weight:0.700231;conv2.weight:0.701335;conv3.weight:0.700033;fc1.weight:0.699921;fc2.weight:0.705469
Round 001 | train_loss=2.1907 | test_loss=2.3037 | test_acc=0.1001 | sparsity=0.7000 | cka=0 | targets=
Round 002 | train_loss=2.1415 | test_loss=2.3033 | test_acc=0.1369 | sparsity=0.7000 | cka=1 | targets=conv1.weight:0.696759;conv2.weight:0.697428;conv3.weight:0.697591;fc1.weight:0.700434
Round 003 | train_loss=1.8424 | test_loss=2.3905 | test_acc=0.1072 | sparsity=0.7000 | cka=0 | targets=conv1.weight:0.696759;conv2.weight:0.697428;conv3.weight:0.697591;fc1.weight:0.700434
Round 004 | train_loss=1.7061 | test_loss=2.3013 | test_acc=0.1258 | sparsity=0.7000 | cka=1 | targets=conv1.weight:0.696759;conv2.weight:0.697211;conv3.weight:0.697238;fc1.weight:0.700491
Round 005 | train_loss=1.7112 | test_loss=2.3597 | test_acc=0.1252 | sparsity=0.7000 | cka=0 | targets=conv1.weight:0.696759;conv2.weight:0.697211;conv3.weight:0.697238;fc1.weight:0.700491
Round 006 | train_loss=1.6701 | test_loss=2.4030 | test_acc=0.1243 | sparsity=0.7000 | cka=1 | targets=conv1.weight:0.697917;conv2.weight:0.697917;conv3.weight:0.697957;fc1.weight:0.700363
Round 007 | train_loss=1.6556 | test_loss=2.3622 | test_acc=0.1546 | sparsity=0.7000 | cka=0 | targets=conv1.weight:0.697917;conv2.weight:0.697917;conv3.weight:0.697957;fc1.weight:0.700363
Round 008 | train_loss=1.6412 | test_loss=2.3970 | test_acc=0.1466 | sparsity=0.7000 | cka=1 | targets=conv1.weight:0.696759;conv2.weight:0.697374;conv3.weight:0.697401;fc1.weight:0.700462
Round 009 | train_loss=1.6328 | test_loss=2.3633 | test_acc=0.1567 | sparsity=0.7000 | cka=0 | targets=conv1.weight:0.696759;conv2.weight:0.697374;conv3.weight:0.697401;fc1.weight:0.700462
Round 010 | train_loss=1.6140 | test_loss=2.3839 | test_acc=0.1689 | sparsity=0.7000 | cka=1 | targets=conv1.weight:0.697917;conv2.weight:0.698242;conv3.weight:0.698242;fc1.weight:0.700312
Round 011 | train_loss=1.6134 | test_loss=2.3959 | test_acc=0.1654 | sparsity=0.7000 | cka=0 | targets=conv1.weight:0.697917;conv2.weight:0.698242;conv3.weight:0.698242;fc1.weight:0.700312
Round 012 | train_loss=1.5918 | test_loss=2.3694 | test_acc=0.1854 | sparsity=0.7000 | cka=1 | targets=conv1.weight:0.696759;conv2.weight:0.696723;conv3.weight:0.696927;fc1.weight:0.700552
Round 013 | train_loss=1.5802 | test_loss=2.2641 | test_acc=0.1967 | sparsity=0.7000 | cka=0 | targets=conv1.weight:0.696759;conv2.weight:0.696723;conv3.weight:0.696927;fc1.weight:0.700552
Round 014 | train_loss=1.5592 | test_loss=2.3378 | test_acc=0.2007 | sparsity=0.7000 | cka=1 | targets=conv1.weight:0.696759;conv2.weight:0.697645;conv3.weight:0.697971;fc1.weight:0.700373
Round 015 | train_loss=1.5435 | test_loss=2.1919 | test_acc=0.2069 | sparsity=0.7000 | cka=0 | targets=conv1.weight:0.696759;conv2.weight:0.697645;conv3.weight:0.697971;fc1.weight:0.700373
Round 016 | train_loss=1.5005 | test_loss=2.3548 | test_acc=0.2005 | sparsity=0.7000 | cka=1 | targets=conv1.weight:0.696759;conv2.weight:0.696723;conv3.weight:0.697849;fc1.weight:0.700422
Round 017 | train_loss=1.4780 | test_loss=2.2530 | test_acc=0.2230 | sparsity=0.7000 | cka=0 | targets=conv1.weight:0.696759;conv2.weight:0.696723;conv3.weight:0.697849;fc1.weight:0.700422
Round 018 | train_loss=1.4402 | test_loss=2.2503 | test_acc=0.2376 | sparsity=0.7000 | cka=1 | targets=conv1.weight:0.695602;conv2.weight:0.695909;conv3.weight:0.696153;fc1.weight:0.700691
Round 019 | train_loss=1.4386 | test_loss=2.5538 | test_acc=0.1882 | sparsity=0.7000 | cka=0 | targets=conv1.weight:0.695602;conv2.weight:0.695909;conv3.weight:0.696153;fc1.weight:0.700691
Round 020 | train_loss=1.4170 | test_loss=2.1221 | test_acc=0.2483 | sparsity=0.7000 | cka=1 | targets=conv1.weight:0.694444;conv2.weight:0.695530;conv3.weight:0.696018;fc1.weight:0.700726
Saved training log to: results/logs/cka_strength_sweep/cifar10_cka_strength_fixed_5605137/strength_0p5/seed_7/cka_feddst_cifar10_clients5_alpha0.3_sparsity0.7_cka0.5_seed7_20260801_185349.csv
Saved CKA log to: results/logs/cka_strength_sweep/cifar10_cka_strength_fixed_5605137/strength_0p5/seed_7/cka_feddst_cifar10_clients5_alpha0.3_sparsity0.7_cka0.5_seed7_20260801_185349_cka.csv

[Run 33/125] suite=cka_strength method=cka_feddst seed=7 sparsity=0.8 cka_strength=0.5
Output log dir: results/logs/cka_strength_sweep/cifar10_cka_strength_fixed_5605137/strength_0p5/seed_7
Command: /mnt/aiongpfs/users/dsen/micromamba/envs/cka-cifar/bin/python -m src.train --global-config configs/global_cifar10.yaml --config configs/cka_feddst_mnist.yaml --seed 7 --sparsity 0.8 --cka-strength 0.5 --log-dir results/logs/cka_strength_sweep/cifar10_cka_strength_fixed_5605137/strength_0p5/seed_7 --checkpoint-dir results/checkpoints/cka_strength_sweep/cifar10_cka_strength_fixed_5605137/strength_0p5/seed_7 --plot-dir results/plots/cka_strength_sweep/cifar10_cka_strength_fixed_5605137
Final merged configuration:
alpha: 0.3
batch_size: 64
checkpoint_dir: results/checkpoints/cka_strength_sweep/cifar10_cka_strength_fixed_5605137/strength_0p5/seed_7
cka_interval: 2
cka_layers:
- conv1
- conv2
- conv3
- fc1
cka_max_sparsity: 0.95
cka_min_sparsity: 0.5
cka_strength: 0.5
data_check: false
data_dir: data
dataset: cifar10
device: auto
disable_cudnn: true
dry_run: false
eval_interval: 1
experiment_config_path: configs/cka_feddst_mnist.yaml
global_config_path: configs/global_cifar10.yaml
local_epochs: 1
log_cka: false
log_dir: results/logs/cka_strength_sweep/cifar10_cka_strength_fixed_5605137/strength_0p5/seed_7
lr: 0.01
mask_update_interval: 2
method: cka_feddst
model: cifar_cnn
num_clients: 5
num_workers: 2
output_dir: results
plot_dir: results/plots/cka_strength_sweep/cifar10_cka_strength_fixed_5605137
prune_fraction: 0.2
reference_size: 500
regrowth_method: gradient
rounds: 20
save_checkpoint: false
seed: 7
sparsity: 0.8
sparsity_init: random
split_dir: null
Saved merged config to: results/logs/cka_strength_sweep/cifar10_cka_strength_fixed_5605137/strength_0p5/seed_7/cka_feddst_cifar10_clients5_alpha0.3_sparsity0.8_cka0.5_seed7_20260801_190059_config.yaml
cuDNN disabled for this run.
Client label distributions:
  client 00: n= 7681, labels=[142, 16, 5, 202, 411, 2130, 3884, 876, 12, 3]
  client 01: n= 8711, labels=[1321, 1281, 355, 76, 3165, 8, 25, 0, 1922, 558]
  client 02: n=19320, labels=[2810, 141, 3133, 4649, 1064, 2142, 26, 2148, 2915, 292]
  client 03: n= 5169, labels=[22, 3285, 1093, 5, 3, 639, 18, 41, 63, 0]
  client 04: n= 8619, labels=[655, 227, 364, 18, 307, 31, 997, 1885, 38, 4097]
Initial sparsity | total=0.8000 | active=123974/619872
Layer sparsity | conv1.weight:0.807870;conv2.weight:0.799533;conv3.weight:0.801866;fc1.weight:0.799719;fc2.weight:0.804688
Round 001 | train_loss=2.2012 | test_loss=2.3042 | test_acc=0.1000 | sparsity=0.8000 | cka=0 | targets=
Round 002 | train_loss=2.2024 | test_loss=2.3065 | test_acc=0.1000 | sparsity=0.8000 | cka=1 | targets=conv1.weight:0.798611;conv2.weight:0.798937;conv3.weight:0.798991;fc1.weight:0.800182
Round 003 | train_loss=2.1937 | test_loss=2.3092 | test_acc=0.1000 | sparsity=0.8000 | cka=0 | targets=conv1.weight:0.798611;conv2.weight:0.798937;conv3.weight:0.798991;fc1.weight:0.800182
Round 004 | train_loss=2.0765 | test_loss=2.3074 | test_acc=0.1347 | sparsity=0.8000 | cka=1 | targets=conv1.weight:0.797454;conv2.weight:0.797743;conv3.weight:0.797757;fc1.weight:0.800400
Round 005 | train_loss=1.8758 | test_loss=2.3756 | test_acc=0.1044 | sparsity=0.8000 | cka=0 | targets=conv1.weight:0.797454;conv2.weight:0.797743;conv3.weight:0.797757;fc1.weight:0.800400
Round 006 | train_loss=1.7169 | test_loss=2.4040 | test_acc=0.1064 | sparsity=0.8000 | cka=1 | targets=conv1.weight:0.798611;conv2.weight:0.798394;conv3.weight:0.798421;fc1.weight:0.800282
Round 007 | train_loss=1.6837 | test_loss=2.4237 | test_acc=0.1308 | sparsity=0.8000 | cka=0 | targets=conv1.weight:0.798611;conv2.weight:0.798394;conv3.weight:0.798421;fc1.weight:0.800282
Round 008 | train_loss=1.6672 | test_loss=2.4114 | test_acc=0.1189 | sparsity=0.8000 | cka=1 | targets=conv1.weight:0.798611;conv2.weight:0.798665;conv3.weight:0.798706;fc1.weight:0.800232
Round 009 | train_loss=1.6596 | test_loss=2.3797 | test_acc=0.1258 | sparsity=0.8000 | cka=0 | targets=conv1.weight:0.798611;conv2.weight:0.798665;conv3.weight:0.798706;fc1.weight:0.800232
Round 010 | train_loss=1.6421 | test_loss=2.3727 | test_acc=0.1418 | sparsity=0.8000 | cka=1 | targets=conv1.weight:0.798611;conv2.weight:0.798720;conv3.weight:0.798706;fc1.weight:0.800230
Round 011 | train_loss=1.6372 | test_loss=2.4235 | test_acc=0.1328 | sparsity=0.8000 | cka=0 | targets=conv1.weight:0.798611;conv2.weight:0.798720;conv3.weight:0.798706;fc1.weight:0.800230
Round 012 | train_loss=1.6228 | test_loss=2.3550 | test_acc=0.1492 | sparsity=0.8000 | cka=1 | targets=conv1.weight:0.798611;conv2.weight:0.798177;conv3.weight:0.798231;fc1.weight:0.800316
Round 013 | train_loss=1.6139 | test_loss=2.3018 | test_acc=0.1674 | sparsity=0.8000 | cka=0 | targets=conv1.weight:0.798611;conv2.weight:0.798177;conv3.weight:0.798231;fc1.weight:0.800316
Round 014 | train_loss=1.6037 | test_loss=2.3024 | test_acc=0.1733 | sparsity=0.8000 | cka=1 | targets=conv1.weight:0.797454;conv2.weight:0.798069;conv3.weight:0.798055;fc1.weight:0.800346
Round 015 | train_loss=1.5929 | test_loss=2.2881 | test_acc=0.1810 | sparsity=0.8000 | cka=0 | targets=conv1.weight:0.797454;conv2.weight:0.798069;conv3.weight:0.798055;fc1.weight:0.800346
Round 016 | train_loss=1.5789 | test_loss=2.3060 | test_acc=0.1821 | sparsity=0.8000 | cka=1 | targets=conv1.weight:0.798611;conv2.weight:0.798557;conv3.weight:0.798570;fc1.weight:0.800255
Round 017 | train_loss=1.5717 | test_loss=2.3047 | test_acc=0.1782 | sparsity=0.8000 | cka=0 | targets=conv1.weight:0.798611;conv2.weight:0.798557;conv3.weight:0.798570;fc1.weight:0.800255
Round 018 | train_loss=1.5532 | test_loss=2.2687 | test_acc=0.1995 | sparsity=0.8000 | cka=1 | targets=conv1.weight:0.796296;conv2.weight:0.798231;conv3.weight:0.798096;fc1.weight:0.800337
Round 019 | train_loss=1.5512 | test_loss=2.4114 | test_acc=0.1343 | sparsity=0.8000 | cka=0 | targets=conv1.weight:0.796296;conv2.weight:0.798231;conv3.weight:0.798096;fc1.weight:0.800337
Round 020 | train_loss=1.5381 | test_loss=2.2612 | test_acc=0.1947 | sparsity=0.8000 | cka=1 | targets=conv1.weight:0.795139;conv2.weight:0.797797;conv3.weight:0.797852;fc1.weight:0.800388
Saved training log to: results/logs/cka_strength_sweep/cifar10_cka_strength_fixed_5605137/strength_0p5/seed_7/cka_feddst_cifar10_clients5_alpha0.3_sparsity0.8_cka0.5_seed7_20260801_190059.csv
Saved CKA log to: results/logs/cka_strength_sweep/cifar10_cka_strength_fixed_5605137/strength_0p5/seed_7/cka_feddst_cifar10_clients5_alpha0.3_sparsity0.8_cka0.5_seed7_20260801_190059_cka.csv

[Run 34/125] suite=cka_strength method=cka_feddst seed=7 sparsity=0.9 cka_strength=0.5
Output log dir: results/logs/cka_strength_sweep/cifar10_cka_strength_fixed_5605137/strength_0p5/seed_7
Command: /mnt/aiongpfs/users/dsen/micromamba/envs/cka-cifar/bin/python -m src.train --global-config configs/global_cifar10.yaml --config configs/cka_feddst_mnist.yaml --seed 7 --sparsity 0.9 --cka-strength 0.5 --log-dir results/logs/cka_strength_sweep/cifar10_cka_strength_fixed_5605137/strength_0p5/seed_7 --checkpoint-dir results/checkpoints/cka_strength_sweep/cifar10_cka_strength_fixed_5605137/strength_0p5/seed_7 --plot-dir results/plots/cka_strength_sweep/cifar10_cka_strength_fixed_5605137
Final merged configuration:
alpha: 0.3
batch_size: 64
checkpoint_dir: results/checkpoints/cka_strength_sweep/cifar10_cka_strength_fixed_5605137/strength_0p5/seed_7
cka_interval: 2
cka_layers:
- conv1
- conv2
- conv3
- fc1
cka_max_sparsity: 0.95
cka_min_sparsity: 0.5
cka_strength: 0.5
data_check: false
data_dir: data
dataset: cifar10
device: auto
disable_cudnn: true
dry_run: false
eval_interval: 1
experiment_config_path: configs/cka_feddst_mnist.yaml
global_config_path: configs/global_cifar10.yaml
local_epochs: 1
log_cka: false
log_dir: results/logs/cka_strength_sweep/cifar10_cka_strength_fixed_5605137/strength_0p5/seed_7
lr: 0.01
mask_update_interval: 2
method: cka_feddst
model: cifar_cnn
num_clients: 5
num_workers: 2
output_dir: results
plot_dir: results/plots/cka_strength_sweep/cifar10_cka_strength_fixed_5605137
prune_fraction: 0.2
reference_size: 500
regrowth_method: gradient
rounds: 20
save_checkpoint: false
seed: 7
sparsity: 0.9
sparsity_init: random
split_dir: null
Saved merged config to: results/logs/cka_strength_sweep/cifar10_cka_strength_fixed_5605137/strength_0p5/seed_7/cka_feddst_cifar10_clients5_alpha0.3_sparsity0.9_cka0.5_seed7_20260801_190757_config.yaml
cuDNN disabled for this run.
Client label distributions:
  client 00: n= 7681, labels=[142, 16, 5, 202, 411, 2130, 3884, 876, 12, 3]
  client 01: n= 8711, labels=[1321, 1281, 355, 76, 3165, 8, 25, 0, 1922, 558]
  client 02: n=19320, labels=[2810, 141, 3133, 4649, 1064, 2142, 26, 2148, 2915, 292]
  client 03: n= 5169, labels=[22, 3285, 1093, 5, 3, 639, 18, 41, 63, 0]
  client 04: n= 8619, labels=[655, 227, 364, 18, 307, 31, 997, 1885, 38, 4097]
Initial sparsity | total=0.9000 | active=61987/619872
Layer sparsity | conv1.weight:0.901620;conv2.weight:0.898058;conv3.weight:0.901299;fc1.weight:0.899843;fc2.weight:0.908203
Round 001 | train_loss=2.2040 | test_loss=2.3043 | test_acc=0.1000 | sparsity=0.9000 | cka=0 | targets=
Round 002 | train_loss=2.2062 | test_loss=2.3066 | test_acc=0.1000 | sparsity=0.9000 | cka=1 | targets=conv1.weight:0.899306;conv2.weight:0.899902;conv3.weight:0.899875;fc1.weight:0.900023
Round 003 | train_loss=2.2082 | test_loss=2.3096 | test_acc=0.1000 | sparsity=0.9000 | cka=0 | targets=conv1.weight:0.899306;conv2.weight:0.899902;conv3.weight:0.899875;fc1.weight:0.900023
Round 004 | train_loss=2.2108 | test_loss=2.3127 | test_acc=0.1000 | sparsity=0.9000 | cka=1 | targets=conv1.weight:0.899306;conv2.weight:0.899577;conv3.weight:0.899563;fc1.weight:0.900078
Round 005 | train_loss=2.2150 | test_loss=2.3159 | test_acc=0.1000 | sparsity=0.9000 | cka=0 | targets=conv1.weight:0.899306;conv2.weight:0.899577;conv3.weight:0.899563;fc1.weight:0.900078
Round 006 | train_loss=2.2179 | test_loss=2.3188 | test_acc=0.1000 | sparsity=0.9000 | cka=1 | targets=conv1.weight:0.899306;conv2.weight:0.899848;conv3.weight:0.899848;fc1.weight:0.900028
Round 007 | train_loss=2.2188 | test_loss=2.3218 | test_acc=0.1000 | sparsity=0.9000 | cka=0 | targets=conv1.weight:0.899306;conv2.weight:0.899848;conv3.weight:0.899848;fc1.weight:0.900028
Round 008 | train_loss=2.2196 | test_loss=2.3240 | test_acc=0.1000 | sparsity=0.9000 | cka=1 | targets=conv1.weight:0.899306;conv2.weight:0.899468;conv3.weight:0.899509;fc1.weight:0.900089
Round 009 | train_loss=2.2236 | test_loss=2.3263 | test_acc=0.1000 | sparsity=0.9000 | cka=0 | targets=conv1.weight:0.899306;conv2.weight:0.899468;conv3.weight:0.899509;fc1.weight:0.900089
Round 010 | train_loss=2.2244 | test_loss=2.3282 | test_acc=0.1000 | sparsity=0.9000 | cka=1 | targets=conv1.weight:0.899306;conv2.weight:0.899740;conv3.weight:0.899780;fc1.weight:0.900042
Round 011 | train_loss=2.2210 | test_loss=2.3310 | test_acc=0.1000 | sparsity=0.9000 | cka=0 | targets=conv1.weight:0.899306;conv2.weight:0.899740;conv3.weight:0.899780;fc1.weight:0.900042
Round 012 | train_loss=2.2144 | test_loss=2.3324 | test_acc=0.1000 | sparsity=0.9000 | cka=1 | targets=conv1.weight:0.899306;conv2.weight:0.899631;conv3.weight:0.899672;fc1.weight:0.900061
Round 013 | train_loss=2.2165 | test_loss=2.3364 | test_acc=0.1000 | sparsity=0.9000 | cka=0 | targets=conv1.weight:0.899306;conv2.weight:0.899631;conv3.weight:0.899672;fc1.weight:0.900061
Round 014 | train_loss=2.1934 | test_loss=2.3435 | test_acc=0.1000 | sparsity=0.9000 | cka=1 | targets=conv1.weight:0.899306;conv2.weight:0.899685;conv3.weight:0.899726;fc1.weight:0.900051
Round 015 | train_loss=2.0699 | test_loss=2.3864 | test_acc=0.1085 | sparsity=0.9000 | cka=0 | targets=conv1.weight:0.899306;conv2.weight:0.899685;conv3.weight:0.899726;fc1.weight:0.900051
Round 016 | train_loss=1.8026 | test_loss=2.4066 | test_acc=0.1000 | sparsity=0.9000 | cka=1 | targets=conv1.weight:0.899306;conv2.weight:0.898980;conv3.weight:0.899034;fc1.weight:0.900173
Round 017 | train_loss=1.7411 | test_loss=2.4468 | test_acc=0.1146 | sparsity=0.9000 | cka=0 | targets=conv1.weight:0.899306;conv2.weight:0.898980;conv3.weight:0.899034;fc1.weight:0.900173
Round 018 | train_loss=1.6852 | test_loss=2.4190 | test_acc=0.1019 | sparsity=0.9000 | cka=1 | targets=conv1.weight:0.899306;conv2.weight:0.899631;conv3.weight:0.899631;fc1.weight:0.900066
Round 019 | train_loss=1.6595 | test_loss=2.3814 | test_acc=0.1098 | sparsity=0.9000 | cka=0 | targets=conv1.weight:0.899306;conv2.weight:0.899631;conv3.weight:0.899631;fc1.weight:0.900066
Round 020 | train_loss=1.6414 | test_loss=2.3577 | test_acc=0.1291 | sparsity=0.9000 | cka=1 | targets=conv1.weight:0.899306;conv2.weight:0.899414;conv3.weight:0.899495;fc1.weight:0.900093
Saved training log to: results/logs/cka_strength_sweep/cifar10_cka_strength_fixed_5605137/strength_0p5/seed_7/cka_feddst_cifar10_clients5_alpha0.3_sparsity0.9_cka0.5_seed7_20260801_190757.csv
Saved CKA log to: results/logs/cka_strength_sweep/cifar10_cka_strength_fixed_5605137/strength_0p5/seed_7/cka_feddst_cifar10_clients5_alpha0.3_sparsity0.9_cka0.5_seed7_20260801_190757_cka.csv

[Run 35/125] suite=cka_strength method=cka_feddst seed=7 sparsity=0.95 cka_strength=0.5
Output log dir: results/logs/cka_strength_sweep/cifar10_cka_strength_fixed_5605137/strength_0p5/seed_7
Command: /mnt/aiongpfs/users/dsen/micromamba/envs/cka-cifar/bin/python -m src.train --global-config configs/global_cifar10.yaml --config configs/cka_feddst_mnist.yaml --seed 7 --sparsity 0.95 --cka-strength 0.5 --log-dir results/logs/cka_strength_sweep/cifar10_cka_strength_fixed_5605137/strength_0p5/seed_7 --checkpoint-dir results/checkpoints/cka_strength_sweep/cifar10_cka_strength_fixed_5605137/strength_0p5/seed_7 --plot-dir results/plots/cka_strength_sweep/cifar10_cka_strength_fixed_5605137
Final merged configuration:
alpha: 0.3
batch_size: 64
checkpoint_dir: results/checkpoints/cka_strength_sweep/cifar10_cka_strength_fixed_5605137/strength_0p5/seed_7
cka_interval: 2
cka_layers:
- conv1
- conv2
- conv3
- fc1
cka_max_sparsity: 0.95
cka_min_sparsity: 0.5
cka_strength: 0.5
data_check: false
data_dir: data
dataset: cifar10
device: auto
disable_cudnn: true
dry_run: false
eval_interval: 1
experiment_config_path: configs/cka_feddst_mnist.yaml
global_config_path: configs/global_cifar10.yaml
local_epochs: 1
log_cka: false
log_dir: results/logs/cka_strength_sweep/cifar10_cka_strength_fixed_5605137/strength_0p5/seed_7
lr: 0.01
mask_update_interval: 2
method: cka_feddst
model: cifar_cnn
num_clients: 5
num_workers: 2
output_dir: results
plot_dir: results/plots/cka_strength_sweep/cifar10_cka_strength_fixed_5605137
prune_fraction: 0.2
reference_size: 500
regrowth_method: gradient
rounds: 20
save_checkpoint: false
seed: 7
sparsity: 0.95
sparsity_init: random
split_dir: null
Saved merged config to: results/logs/cka_strength_sweep/cifar10_cka_strength_fixed_5605137/strength_0p5/seed_7/cka_feddst_cifar10_clients5_alpha0.3_sparsity0.95_cka0.5_seed7_20260801_191500_config.yaml
cuDNN disabled for this run.
Client label distributions:
  client 00: n= 7681, labels=[142, 16, 5, 202, 411, 2130, 3884, 876, 12, 3]
  client 01: n= 8711, labels=[1321, 1281, 355, 76, 3165, 8, 25, 0, 1922, 558]
  client 02: n=19320, labels=[2810, 141, 3133, 4649, 1064, 2142, 26, 2148, 2915, 292]
  client 03: n= 5169, labels=[22, 3285, 1093, 5, 3, 639, 18, 41, 63, 0]
  client 04: n= 8619, labels=[655, 227, 364, 18, 307, 31, 997, 1885, 38, 4097]
Initial sparsity | total=0.9500 | active=30994/619872
Layer sparsity | conv1.weight:0.946759;conv2.weight:0.951769;conv3.weight:0.949531;fc1.weight:0.949959;fc2.weight:0.960156
Round 001 | train_loss=2.2050 | test_loss=2.3043 | test_acc=0.1000 | sparsity=0.9500 | cka=0 | targets=
Round 002 | train_loss=2.2074 | test_loss=2.3065 | test_acc=0.1000 | sparsity=0.9500 | cka=1 | targets=conv1.weight:0.949074;conv2.weight:0.949978;conv3.weight:0.949992;fc1.weight:0.949999
Round 003 | train_loss=2.2103 | test_loss=2.3094 | test_acc=0.1000 | sparsity=0.9500 | cka=0 | targets=conv1.weight:0.949074;conv2.weight:0.949978;conv3.weight:0.949992;fc1.weight:0.949999
Round 004 | train_loss=2.2136 | test_loss=2.3125 | test_acc=0.1000 | sparsity=0.9500 | cka=1 | targets=conv1.weight:0.949074;conv2.weight:0.949978;conv3.weight:0.949992;fc1.weight:0.949999
Round 005 | train_loss=2.2173 | test_loss=2.3156 | test_acc=0.1000 | sparsity=0.9500 | cka=0 | targets=conv1.weight:0.949074;conv2.weight:0.949978;conv3.weight:0.949992;fc1.weight:0.949999
Round 006 | train_loss=2.2206 | test_loss=2.3185 | test_acc=0.1000 | sparsity=0.9500 | cka=1 | targets=conv1.weight:0.949074;conv2.weight:0.949978;conv3.weight:0.949992;fc1.weight:0.949999
Round 007 | train_loss=2.2232 | test_loss=2.3212 | test_acc=0.1000 | sparsity=0.9500 | cka=0 | targets=conv1.weight:0.949074;conv2.weight:0.949978;conv3.weight:0.949992;fc1.weight:0.949999
Round 008 | train_loss=2.2256 | test_loss=2.3234 | test_acc=0.1000 | sparsity=0.9500 | cka=1 | targets=conv1.weight:0.949074;conv2.weight:0.949978;conv3.weight:0.949992;fc1.weight:0.949999
Round 009 | train_loss=2.2283 | test_loss=2.3255 | test_acc=0.1000 | sparsity=0.9500 | cka=0 | targets=conv1.weight:0.949074;conv2.weight:0.949978;conv3.weight:0.949992;fc1.weight:0.949999
Round 010 | train_loss=2.2302 | test_loss=2.3274 | test_acc=0.1000 | sparsity=0.9500 | cka=1 | targets=conv1.weight:0.949074;conv2.weight:0.949978;conv3.weight:0.949992;fc1.weight:0.949999
Round 011 | train_loss=2.2313 | test_loss=2.3291 | test_acc=0.1000 | sparsity=0.9500 | cka=0 | targets=conv1.weight:0.949074;conv2.weight:0.949978;conv3.weight:0.949992;fc1.weight:0.949999
Round 012 | train_loss=2.2326 | test_loss=2.3304 | test_acc=0.1000 | sparsity=0.9500 | cka=1 | targets=conv1.weight:0.949074;conv2.weight:0.949978;conv3.weight:0.949992;fc1.weight:0.949999
Round 013 | train_loss=2.2343 | test_loss=2.3316 | test_acc=0.1000 | sparsity=0.9500 | cka=0 | targets=conv1.weight:0.949074;conv2.weight:0.949978;conv3.weight:0.949992;fc1.weight:0.949999
Round 014 | train_loss=2.2352 | test_loss=2.3327 | test_acc=0.1000 | sparsity=0.9500 | cka=1 | targets=conv1.weight:0.949074;conv2.weight:0.949978;conv3.weight:0.949992;fc1.weight:0.949999
Round 015 | train_loss=2.2350 | test_loss=2.3337 | test_acc=0.1000 | sparsity=0.9500 | cka=0 | targets=conv1.weight:0.949074;conv2.weight:0.949978;conv3.weight:0.949992;fc1.weight:0.949999
Round 016 | train_loss=2.2351 | test_loss=2.3345 | test_acc=0.1000 | sparsity=0.9500 | cka=1 | targets=conv1.weight:0.949074;conv2.weight:0.949978;conv3.weight:0.949992;fc1.weight:0.949999
Round 017 | train_loss=2.2368 | test_loss=2.3353 | test_acc=0.1000 | sparsity=0.9500 | cka=0 | targets=conv1.weight:0.949074;conv2.weight:0.949978;conv3.weight:0.949992;fc1.weight:0.949999
Round 018 | train_loss=2.2369 | test_loss=2.3359 | test_acc=0.1000 | sparsity=0.9500 | cka=1 | targets=conv1.weight:0.949074;conv2.weight:0.949978;conv3.weight:0.949992;fc1.weight:0.949999
Round 019 | train_loss=2.2353 | test_loss=2.3367 | test_acc=0.1000 | sparsity=0.9500 | cka=0 | targets=conv1.weight:0.949074;conv2.weight:0.949978;conv3.weight:0.949992;fc1.weight:0.949999
Round 020 | train_loss=2.2344 | test_loss=2.3371 | test_acc=0.1000 | sparsity=0.9500 | cka=1 | targets=conv1.weight:0.949074;conv2.weight:0.949978;conv3.weight:0.949992;fc1.weight:0.949999
Saved training log to: results/logs/cka_strength_sweep/cifar10_cka_strength_fixed_5605137/strength_0p5/seed_7/cka_feddst_cifar10_clients5_alpha0.3_sparsity0.95_cka0.5_seed7_20260801_191500.csv
Saved CKA log to: results/logs/cka_strength_sweep/cifar10_cka_strength_fixed_5605137/strength_0p5/seed_7/cka_feddst_cifar10_clients5_alpha0.3_sparsity0.95_cka0.5_seed7_20260801_191500_cka.csv

[Run 36/125] suite=cka_strength method=cka_feddst seed=13 sparsity=0.5 cka_strength=0.5
Output log dir: results/logs/cka_strength_sweep/cifar10_cka_strength_fixed_5605137/strength_0p5/seed_13
Command: /mnt/aiongpfs/users/dsen/micromamba/envs/cka-cifar/bin/python -m src.train --global-config configs/global_cifar10.yaml --config configs/cka_feddst_mnist.yaml --seed 13 --sparsity 0.5 --cka-strength 0.5 --log-dir results/logs/cka_strength_sweep/cifar10_cka_strength_fixed_5605137/strength_0p5/seed_13 --checkpoint-dir results/checkpoints/cka_strength_sweep/cifar10_cka_strength_fixed_5605137/strength_0p5/seed_13 --plot-dir results/plots/cka_strength_sweep/cifar10_cka_strength_fixed_5605137
Final merged configuration:
alpha: 0.3
batch_size: 64
checkpoint_dir: results/checkpoints/cka_strength_sweep/cifar10_cka_strength_fixed_5605137/strength_0p5/seed_13
cka_interval: 2
cka_layers:
- conv1
- conv2
- conv3
- fc1
cka_max_sparsity: 0.95
cka_min_sparsity: 0.5
cka_strength: 0.5
data_check: false
data_dir: data
dataset: cifar10
device: auto
disable_cudnn: true
dry_run: false
eval_interval: 1
experiment_config_path: configs/cka_feddst_mnist.yaml
global_config_path: configs/global_cifar10.yaml
local_epochs: 1
log_cka: false
log_dir: results/logs/cka_strength_sweep/cifar10_cka_strength_fixed_5605137/strength_0p5/seed_13
lr: 0.01
mask_update_interval: 2
method: cka_feddst
model: cifar_cnn
num_clients: 5
num_workers: 2
output_dir: results
plot_dir: results/plots/cka_strength_sweep/cifar10_cka_strength_fixed_5605137
prune_fraction: 0.2
reference_size: 500
regrowth_method: gradient
rounds: 20
save_checkpoint: false
seed: 13
sparsity: 0.5
sparsity_init: random
split_dir: null
Saved merged config to: results/logs/cka_strength_sweep/cifar10_cka_strength_fixed_5605137/strength_0p5/seed_13/cka_feddst_cifar10_clients5_alpha0.3_sparsity0.5_cka0.5_seed13_20260801_192207_config.yaml
cuDNN disabled for this run.
Client label distributions:
  client 00: n=19994, labels=[2952, 878, 4230, 1942, 3893, 2947, 1170, 1268, 17, 697]
  client 01: n= 5273, labels=[1186, 629, 719, 163, 777, 852, 428, 22, 488, 9]
  client 02: n= 7607, labels=[2, 105, 1, 0, 96, 68, 60, 1042, 2038, 4195]
  client 03: n= 4678, labels=[463, 27, 0, 654, 2, 62, 287, 776, 2407, 0]
  client 04: n=11948, labels=[347, 3311, 0, 2191, 182, 1021, 3005, 1842, 0, 49]
Initial sparsity | total=0.5000 | active=309936/619872
Layer sparsity | conv1.weight:0.493056;conv2.weight:0.499891;conv3.weight:0.499797;fc1.weight:0.500042;fc2.weight:0.500391
Round 001 | train_loss=2.0145 | test_loss=2.3059 | test_acc=0.1242 | sparsity=0.5000 | cka=0 | targets=
Round 002 | train_loss=1.8226 | test_loss=2.4185 | test_acc=0.1358 | sparsity=0.5000 | cka=1 | targets=conv1.weight:0.500000;conv2.weight:0.500000;conv3.weight:0.500000;fc1.weight:0.500000
Round 003 | train_loss=1.7741 | test_loss=2.5015 | test_acc=0.1426 | sparsity=0.5000 | cka=0 | targets=conv1.weight:0.500000;conv2.weight:0.500000;conv3.weight:0.500000;fc1.weight:0.500000
Round 004 | train_loss=1.7569 | test_loss=2.4353 | test_acc=0.1550 | sparsity=0.5000 | cka=1 | targets=conv1.weight:0.500000;conv2.weight:0.500000;conv3.weight:0.500000;fc1.weight:0.500000
Round 005 | train_loss=1.7453 | test_loss=2.4372 | test_acc=0.1907 | sparsity=0.5000 | cka=0 | targets=conv1.weight:0.500000;conv2.weight:0.500000;conv3.weight:0.500000;fc1.weight:0.500000
Round 006 | train_loss=1.7296 | test_loss=2.4398 | test_acc=0.2129 | sparsity=0.5000 | cka=1 | targets=conv1.weight:0.500000;conv2.weight:0.500000;conv3.weight:0.500000;fc1.weight:0.500000
Round 007 | train_loss=1.7231 | test_loss=2.3712 | test_acc=0.2067 | sparsity=0.5000 | cka=0 | targets=conv1.weight:0.500000;conv2.weight:0.500000;conv3.weight:0.500000;fc1.weight:0.500000
Round 008 | train_loss=1.6959 | test_loss=2.3886 | test_acc=0.2334 | sparsity=0.5000 | cka=1 | targets=conv1.weight:0.500000;conv2.weight:0.500000;conv3.weight:0.500000;fc1.weight:0.500000
Round 009 | train_loss=1.6728 | test_loss=2.3185 | test_acc=0.2517 | sparsity=0.5000 | cka=0 | targets=conv1.weight:0.500000;conv2.weight:0.500000;conv3.weight:0.500000;fc1.weight:0.500000
Round 010 | train_loss=1.6322 | test_loss=2.3200 | test_acc=0.2542 | sparsity=0.5000 | cka=1 | targets=conv1.weight:0.500000;conv2.weight:0.500000;conv3.weight:0.500000;fc1.weight:0.500000
Round 011 | train_loss=1.6155 | test_loss=2.1624 | test_acc=0.2800 | sparsity=0.5000 | cka=0 | targets=conv1.weight:0.500000;conv2.weight:0.500000;conv3.weight:0.500000;fc1.weight:0.500000
Round 012 | train_loss=1.5707 | test_loss=2.1912 | test_acc=0.2746 | sparsity=0.5000 | cka=1 | targets=conv1.weight:0.500000;conv2.weight:0.500000;conv3.weight:0.500000;fc1.weight:0.500000
Round 013 | train_loss=1.5302 | test_loss=2.0810 | test_acc=0.2940 | sparsity=0.5000 | cka=0 | targets=conv1.weight:0.500000;conv2.weight:0.500000;conv3.weight:0.500000;fc1.weight:0.500000
Round 014 | train_loss=1.4922 | test_loss=2.0471 | test_acc=0.2979 | sparsity=0.5000 | cka=1 | targets=conv1.weight:0.500000;conv2.weight:0.500000;conv3.weight:0.500000;fc1.weight:0.500000
Round 015 | train_loss=1.4869 | test_loss=1.9586 | test_acc=0.3098 | sparsity=0.5000 | cka=0 | targets=conv1.weight:0.500000;conv2.weight:0.500000;conv3.weight:0.500000;fc1.weight:0.500000
Round 016 | train_loss=1.4479 | test_loss=1.9588 | test_acc=0.3165 | sparsity=0.5000 | cka=1 | targets=conv1.weight:0.500000;conv2.weight:0.500000;conv3.weight:0.500000;fc1.weight:0.500000
Round 017 | train_loss=1.4289 | test_loss=1.9388 | test_acc=0.3284 | sparsity=0.5000 | cka=0 | targets=conv1.weight:0.500000;conv2.weight:0.500000;conv3.weight:0.500000;fc1.weight:0.500000
Round 018 | train_loss=1.4042 | test_loss=1.9015 | test_acc=0.3340 | sparsity=0.5000 | cka=1 | targets=conv1.weight:0.500000;conv2.weight:0.500000;conv3.weight:0.500000;fc1.weight:0.500000
Round 019 | train_loss=1.3932 | test_loss=1.8418 | test_acc=0.3471 | sparsity=0.5000 | cka=0 | targets=conv1.weight:0.500000;conv2.weight:0.500000;conv3.weight:0.500000;fc1.weight:0.500000
Round 020 | train_loss=1.3661 | test_loss=1.8638 | test_acc=0.3424 | sparsity=0.5000 | cka=1 | targets=conv1.weight:0.500000;conv2.weight:0.500000;conv3.weight:0.500000;fc1.weight:0.500000
Saved training log to: results/logs/cka_strength_sweep/cifar10_cka_strength_fixed_5605137/strength_0p5/seed_13/cka_feddst_cifar10_clients5_alpha0.3_sparsity0.5_cka0.5_seed13_20260801_192207.csv
Saved CKA log to: results/logs/cka_strength_sweep/cifar10_cka_strength_fixed_5605137/strength_0p5/seed_13/cka_feddst_cifar10_clients5_alpha0.3_sparsity0.5_cka0.5_seed13_20260801_192207_cka.csv

[Run 37/125] suite=cka_strength method=cka_feddst seed=13 sparsity=0.7 cka_strength=0.5
Output log dir: results/logs/cka_strength_sweep/cifar10_cka_strength_fixed_5605137/strength_0p5/seed_13
Command: /mnt/aiongpfs/users/dsen/micromamba/envs/cka-cifar/bin/python -m src.train --global-config configs/global_cifar10.yaml --config configs/cka_feddst_mnist.yaml --seed 13 --sparsity 0.7 --cka-strength 0.5 --log-dir results/logs/cka_strength_sweep/cifar10_cka_strength_fixed_5605137/strength_0p5/seed_13 --checkpoint-dir results/checkpoints/cka_strength_sweep/cifar10_cka_strength_fixed_5605137/strength_0p5/seed_13 --plot-dir results/plots/cka_strength_sweep/cifar10_cka_strength_fixed_5605137
Final merged configuration:
alpha: 0.3
batch_size: 64
checkpoint_dir: results/checkpoints/cka_strength_sweep/cifar10_cka_strength_fixed_5605137/strength_0p5/seed_13
cka_interval: 2
cka_layers:
- conv1
- conv2
- conv3
- fc1
cka_max_sparsity: 0.95
cka_min_sparsity: 0.5
cka_strength: 0.5
data_check: false
data_dir: data
dataset: cifar10
device: auto
disable_cudnn: true
dry_run: false
eval_interval: 1
experiment_config_path: configs/cka_feddst_mnist.yaml
global_config_path: configs/global_cifar10.yaml
local_epochs: 1
log_cka: false
log_dir: results/logs/cka_strength_sweep/cifar10_cka_strength_fixed_5605137/strength_0p5/seed_13
lr: 0.01
mask_update_interval: 2
method: cka_feddst
model: cifar_cnn
num_clients: 5
num_workers: 2
output_dir: results
plot_dir: results/plots/cka_strength_sweep/cifar10_cka_strength_fixed_5605137
prune_fraction: 0.2
reference_size: 500
regrowth_method: gradient
rounds: 20
save_checkpoint: false
seed: 13
sparsity: 0.7
sparsity_init: random
split_dir: null
Saved merged config to: results/logs/cka_strength_sweep/cifar10_cka_strength_fixed_5605137/strength_0p5/seed_13/cka_feddst_cifar10_clients5_alpha0.3_sparsity0.7_cka0.5_seed13_20260801_192852_config.yaml
cuDNN disabled for this run.
Client label distributions:
  client 00: n=19994, labels=[2952, 878, 4230, 1942, 3893, 2947, 1170, 1268, 17, 697]
  client 01: n= 5273, labels=[1186, 629, 719, 163, 777, 852, 428, 22, 488, 9]
  client 02: n= 7607, labels=[2, 105, 1, 0, 96, 68, 60, 1042, 2038, 4195]
  client 03: n= 4678, labels=[463, 27, 0, 654, 2, 62, 287, 776, 2407, 0]
  client 04: n=11948, labels=[347, 3311, 0, 2191, 182, 1021, 3005, 1842, 0, 49]
Initial sparsity | total=0.7000 | active=185962/619872
Layer sparsity | conv1.weight:0.684028;conv2.weight:0.700575;conv3.weight:0.698201;fc1.weight:0.700253;fc2.weight:0.701172
Round 001 | train_loss=2.1989 | test_loss=2.3016 | test_acc=0.1114 | sparsity=0.7000 | cka=0 | targets=
Round 002 | train_loss=2.1109 | test_loss=2.2953 | test_acc=0.1423 | sparsity=0.7000 | cka=1 | targets=conv1.weight:0.697917;conv2.weight:0.698188;conv3.weight:0.698283;fc1.weight:0.700308
Round 003 | train_loss=1.8586 | test_loss=2.4247 | test_acc=0.1412 | sparsity=0.7000 | cka=0 | targets=conv1.weight:0.697917;conv2.weight:0.698188;conv3.weight:0.698283;fc1.weight:0.700308
Round 004 | train_loss=1.7851 | test_loss=2.3082 | test_acc=0.1575 | sparsity=0.7000 | cka=1 | targets=conv1.weight:0.697917;conv2.weight:0.697700;conv3.weight:0.697727;fc1.weight:0.700403
Round 005 | train_loss=1.7944 | test_loss=2.4198 | test_acc=0.1634 | sparsity=0.7000 | cka=0 | targets=conv1.weight:0.697917;conv2.weight:0.697700;conv3.weight:0.697727;fc1.weight:0.700403
Round 006 | train_loss=1.7620 | test_loss=2.4350 | test_acc=0.1716 | sparsity=0.7000 | cka=1 | targets=conv1.weight:0.697917;conv2.weight:0.697917;conv3.weight:0.697903;fc1.weight:0.700371
Round 007 | train_loss=1.7539 | test_loss=2.4388 | test_acc=0.1818 | sparsity=0.7000 | cka=0 | targets=conv1.weight:0.697917;conv2.weight:0.697917;conv3.weight:0.697903;fc1.weight:0.700371
Round 008 | train_loss=1.7410 | test_loss=2.4522 | test_acc=0.1919 | sparsity=0.7000 | cka=1 | targets=conv1.weight:0.697917;conv2.weight:0.697537;conv3.weight:0.697537;fc1.weight:0.700436
Round 009 | train_loss=1.7336 | test_loss=2.4394 | test_acc=0.2000 | sparsity=0.7000 | cka=0 | targets=conv1.weight:0.697917;conv2.weight:0.697537;conv3.weight:0.697537;fc1.weight:0.700436
Round 010 | train_loss=1.7199 | test_loss=2.4624 | test_acc=0.2046 | sparsity=0.7000 | cka=1 | targets=conv1.weight:0.697917;conv2.weight:0.697700;conv3.weight:0.697713;fc1.weight:0.700405
Round 011 | train_loss=1.7175 | test_loss=2.3550 | test_acc=0.2185 | sparsity=0.7000 | cka=0 | targets=conv1.weight:0.697917;conv2.weight:0.697700;conv3.weight:0.697713;fc1.weight:0.700405
Round 012 | train_loss=1.7032 | test_loss=2.3980 | test_acc=0.2169 | sparsity=0.7000 | cka=1 | targets=conv1.weight:0.696759;conv2.weight:0.696832;conv3.weight:0.696832;fc1.weight:0.700562
Round 013 | train_loss=1.6908 | test_loss=2.3510 | test_acc=0.2321 | sparsity=0.7000 | cka=0 | targets=conv1.weight:0.696759;conv2.weight:0.696832;conv3.weight:0.696832;fc1.weight:0.700562
Round 014 | train_loss=1.6758 | test_loss=2.3493 | test_acc=0.2299 | sparsity=0.7000 | cka=1 | targets=conv1.weight:0.697917;conv2.weight:0.697645;conv3.weight:0.697673;fc1.weight:0.700413
Round 015 | train_loss=1.6792 | test_loss=2.2611 | test_acc=0.2362 | sparsity=0.7000 | cka=0 | targets=conv1.weight:0.697917;conv2.weight:0.697645;conv3.weight:0.697673;fc1.weight:0.700413
Round 016 | train_loss=1.6578 | test_loss=2.2864 | test_acc=0.2411 | sparsity=0.7000 | cka=1 | targets=conv1.weight:0.696759;conv2.weight:0.696398;conv3.weight:0.696493;fc1.weight:0.700624
Round 017 | train_loss=1.6466 | test_loss=2.2791 | test_acc=0.2548 | sparsity=0.7000 | cka=0 | targets=conv1.weight:0.696759;conv2.weight:0.696398;conv3.weight:0.696493;fc1.weight:0.700624
Round 018 | train_loss=1.6236 | test_loss=2.2927 | test_acc=0.2434 | sparsity=0.7000 | cka=1 | targets=conv1.weight:0.696759;conv2.weight:0.696777;conv3.weight:0.696872;fc1.weight:0.700558
Round 019 | train_loss=1.6186 | test_loss=2.1466 | test_acc=0.2714 | sparsity=0.7000 | cka=0 | targets=conv1.weight:0.696759;conv2.weight:0.696777;conv3.weight:0.696872;fc1.weight:0.700558
Round 020 | train_loss=1.5781 | test_loss=2.1736 | test_acc=0.2720 | sparsity=0.7000 | cka=1 | targets=conv1.weight:0.695602;conv2.weight:0.695312;conv3.weight:0.695394;fc1.weight:0.700819
Saved training log to: results/logs/cka_strength_sweep/cifar10_cka_strength_fixed_5605137/strength_0p5/seed_13/cka_feddst_cifar10_clients5_alpha0.3_sparsity0.7_cka0.5_seed13_20260801_192852.csv
Saved CKA log to: results/logs/cka_strength_sweep/cifar10_cka_strength_fixed_5605137/strength_0p5/seed_13/cka_feddst_cifar10_clients5_alpha0.3_sparsity0.7_cka0.5_seed13_20260801_192852_cka.csv

[Run 38/125] suite=cka_strength method=cka_feddst seed=13 sparsity=0.8 cka_strength=0.5
Output log dir: results/logs/cka_strength_sweep/cifar10_cka_strength_fixed_5605137/strength_0p5/seed_13
Command: /mnt/aiongpfs/users/dsen/micromamba/envs/cka-cifar/bin/python -m src.train --global-config configs/global_cifar10.yaml --config configs/cka_feddst_mnist.yaml --seed 13 --sparsity 0.8 --cka-strength 0.5 --log-dir results/logs/cka_strength_sweep/cifar10_cka_strength_fixed_5605137/strength_0p5/seed_13 --checkpoint-dir results/checkpoints/cka_strength_sweep/cifar10_cka_strength_fixed_5605137/strength_0p5/seed_13 --plot-dir results/plots/cka_strength_sweep/cifar10_cka_strength_fixed_5605137
Final merged configuration:
alpha: 0.3
batch_size: 64
checkpoint_dir: results/checkpoints/cka_strength_sweep/cifar10_cka_strength_fixed_5605137/strength_0p5/seed_13
cka_interval: 2
cka_layers:
- conv1
- conv2
- conv3
- fc1
cka_max_sparsity: 0.95
cka_min_sparsity: 0.5
cka_strength: 0.5
data_check: false
data_dir: data
dataset: cifar10
device: auto
disable_cudnn: true
dry_run: false
eval_interval: 1
experiment_config_path: configs/cka_feddst_mnist.yaml
global_config_path: configs/global_cifar10.yaml
local_epochs: 1
log_cka: false
log_dir: results/logs/cka_strength_sweep/cifar10_cka_strength_fixed_5605137/strength_0p5/seed_13
lr: 0.01
mask_update_interval: 2
method: cka_feddst
model: cifar_cnn
num_clients: 5
num_workers: 2
output_dir: results
plot_dir: results/plots/cka_strength_sweep/cifar10_cka_strength_fixed_5605137
prune_fraction: 0.2
reference_size: 500
regrowth_method: gradient
rounds: 20
save_checkpoint: false
seed: 13
sparsity: 0.8
sparsity_init: random
split_dir: null
Saved merged config to: results/logs/cka_strength_sweep/cifar10_cka_strength_fixed_5605137/strength_0p5/seed_13/cka_feddst_cifar10_clients5_alpha0.3_sparsity0.8_cka0.5_seed13_20260801_193609_config.yaml
cuDNN disabled for this run.
Client label distributions:
  client 00: n=19994, labels=[2952, 878, 4230, 1942, 3893, 2947, 1170, 1268, 17, 697]
  client 01: n= 5273, labels=[1186, 629, 719, 163, 777, 852, 428, 22, 488, 9]
  client 02: n= 7607, labels=[2, 105, 1, 0, 96, 68, 60, 1042, 2038, 4195]
  client 03: n= 4678, labels=[463, 27, 0, 654, 2, 62, 287, 776, 2407, 0]
  client 04: n=11948, labels=[347, 3311, 0, 2191, 182, 1021, 3005, 1842, 0, 49]
Initial sparsity | total=0.8000 | active=123974/619872
Layer sparsity | conv1.weight:0.800926;conv2.weight:0.801975;conv3.weight:0.797472;fc1.weight:0.800318;fc2.weight:0.793359
Round 001 | train_loss=2.2201 | test_loss=2.3034 | test_acc=0.1000 | sparsity=0.8000 | cka=0 | targets=
Round 002 | train_loss=2.2208 | test_loss=2.3052 | test_acc=0.1002 | sparsity=0.8000 | cka=1 | targets=conv1.weight:0.798611;conv2.weight:0.798828;conv3.weight:0.798869;fc1.weight:0.800203
Round 003 | train_loss=2.1856 | test_loss=2.3051 | test_acc=0.1000 | sparsity=0.8000 | cka=0 | targets=conv1.weight:0.798611;conv2.weight:0.798828;conv3.weight:0.798869;fc1.weight:0.800203
Round 004 | train_loss=2.0437 | test_loss=2.3049 | test_acc=0.1175 | sparsity=0.8000 | cka=1 | targets=conv1.weight:0.798611;conv2.weight:0.798665;conv3.weight:0.798692;fc1.weight:0.800234
Round 005 | train_loss=1.9053 | test_loss=2.3573 | test_acc=0.1386 | sparsity=0.8000 | cka=0 | targets=conv1.weight:0.798611;conv2.weight:0.798665;conv3.weight:0.798692;fc1.weight:0.800234
Round 006 | train_loss=1.7902 | test_loss=2.3847 | test_acc=0.1494 | sparsity=0.8000 | cka=1 | targets=conv1.weight:0.798611;conv2.weight:0.798231;conv3.weight:0.798245;fc1.weight:0.800312
Round 007 | train_loss=1.7727 | test_loss=2.4560 | test_acc=0.1399 | sparsity=0.8000 | cka=0 | targets=conv1.weight:0.798611;conv2.weight:0.798231;conv3.weight:0.798245;fc1.weight:0.800312
Round 008 | train_loss=1.7575 | test_loss=2.4532 | test_acc=0.1427 | sparsity=0.8000 | cka=1 | targets=conv1.weight:0.798611;conv2.weight:0.798720;conv3.weight:0.798692;fc1.weight:0.800232
Round 009 | train_loss=1.7492 | test_loss=2.4334 | test_acc=0.1840 | sparsity=0.8000 | cka=0 | targets=conv1.weight:0.798611;conv2.weight:0.798720;conv3.weight:0.798692;fc1.weight:0.800232
Round 010 | train_loss=1.7368 | test_loss=2.4668 | test_acc=0.1528 | sparsity=0.8000 | cka=1 | targets=conv1.weight:0.798611;conv2.weight:0.798448;conv3.weight:0.798435;fc1.weight:0.800278
Round 011 | train_loss=1.7314 | test_loss=2.3991 | test_acc=0.1975 | sparsity=0.8000 | cka=0 | targets=conv1.weight:0.798611;conv2.weight:0.798448;conv3.weight:0.798435;fc1.weight:0.800278
Round 012 | train_loss=1.7215 | test_loss=2.4342 | test_acc=0.1714 | sparsity=0.8000 | cka=1 | targets=conv1.weight:0.798611;conv2.weight:0.798394;conv3.weight:0.798421;fc1.weight:0.800282
Round 013 | train_loss=1.7134 | test_loss=2.3589 | test_acc=0.2152 | sparsity=0.8000 | cka=0 | targets=conv1.weight:0.798611;conv2.weight:0.798394;conv3.weight:0.798421;fc1.weight:0.800282
Round 014 | train_loss=1.7001 | test_loss=2.3678 | test_acc=0.2125 | sparsity=0.8000 | cka=1 | targets=conv1.weight:0.797454;conv2.weight:0.798177;conv3.weight:0.798191;fc1.weight:0.800323
Round 015 | train_loss=1.7005 | test_loss=2.3226 | test_acc=0.2074 | sparsity=0.8000 | cka=0 | targets=conv1.weight:0.797454;conv2.weight:0.798177;conv3.weight:0.798191;fc1.weight:0.800323
Round 016 | train_loss=1.6854 | test_loss=2.3553 | test_acc=0.1950 | sparsity=0.8000 | cka=1 | targets=conv1.weight:0.797454;conv2.weight:0.798069;conv3.weight:0.798055;fc1.weight:0.800346
Round 017 | train_loss=1.6817 | test_loss=2.3323 | test_acc=0.2315 | sparsity=0.8000 | cka=0 | targets=conv1.weight:0.797454;conv2.weight:0.798069;conv3.weight:0.798055;fc1.weight:0.800346
Round 018 | train_loss=1.6680 | test_loss=2.3789 | test_acc=0.2200 | sparsity=0.8000 | cka=1 | targets=conv1.weight:0.797454;conv2.weight:0.797852;conv3.weight:0.797879;fc1.weight:0.800379
Round 019 | train_loss=1.6690 | test_loss=2.3210 | test_acc=0.2303 | sparsity=0.8000 | cka=0 | targets=conv1.weight:0.797454;conv2.weight:0.797852;conv3.weight:0.797879;fc1.weight:0.800379
Round 020 | train_loss=1.6520 | test_loss=2.3215 | test_acc=0.2189 | sparsity=0.8000 | cka=1 | targets=conv1.weight:0.797454;conv2.weight:0.797363;conv3.weight:0.797390;fc1.weight:0.800465
Saved training log to: results/logs/cka_strength_sweep/cifar10_cka_strength_fixed_5605137/strength_0p5/seed_13/cka_feddst_cifar10_clients5_alpha0.3_sparsity0.8_cka0.5_seed13_20260801_193609.csv
Saved CKA log to: results/logs/cka_strength_sweep/cifar10_cka_strength_fixed_5605137/strength_0p5/seed_13/cka_feddst_cifar10_clients5_alpha0.3_sparsity0.8_cka0.5_seed13_20260801_193609_cka.csv

[Run 39/125] suite=cka_strength method=cka_feddst seed=13 sparsity=0.9 cka_strength=0.5
Output log dir: results/logs/cka_strength_sweep/cifar10_cka_strength_fixed_5605137/strength_0p5/seed_13
Command: /mnt/aiongpfs/users/dsen/micromamba/envs/cka-cifar/bin/python -m src.train --global-config configs/global_cifar10.yaml --config configs/cka_feddst_mnist.yaml --seed 13 --sparsity 0.9 --cka-strength 0.5 --log-dir results/logs/cka_strength_sweep/cifar10_cka_strength_fixed_5605137/strength_0p5/seed_13 --checkpoint-dir results/checkpoints/cka_strength_sweep/cifar10_cka_strength_fixed_5605137/strength_0p5/seed_13 --plot-dir results/plots/cka_strength_sweep/cifar10_cka_strength_fixed_5605137
Final merged configuration:
alpha: 0.3
batch_size: 64
checkpoint_dir: results/checkpoints/cka_strength_sweep/cifar10_cka_strength_fixed_5605137/strength_0p5/seed_13
cka_interval: 2
cka_layers:
- conv1
- conv2
- conv3
- fc1
cka_max_sparsity: 0.95
cka_min_sparsity: 0.5
cka_strength: 0.5
data_check: false
data_dir: data
dataset: cifar10
device: auto
disable_cudnn: true
dry_run: false
eval_interval: 1
experiment_config_path: configs/cka_feddst_mnist.yaml
global_config_path: configs/global_cifar10.yaml
local_epochs: 1
log_cka: false
log_dir: results/logs/cka_strength_sweep/cifar10_cka_strength_fixed_5605137/strength_0p5/seed_13
lr: 0.01
mask_update_interval: 2
method: cka_feddst
model: cifar_cnn
num_clients: 5
num_workers: 2
output_dir: results
plot_dir: results/plots/cka_strength_sweep/cifar10_cka_strength_fixed_5605137
prune_fraction: 0.2
reference_size: 500
regrowth_method: gradient
rounds: 20
save_checkpoint: false
seed: 13
sparsity: 0.9
sparsity_init: random
split_dir: null
Saved merged config to: results/logs/cka_strength_sweep/cifar10_cka_strength_fixed_5605137/strength_0p5/seed_13/cka_feddst_cifar10_clients5_alpha0.3_sparsity0.9_cka0.5_seed13_20260801_194249_config.yaml
cuDNN disabled for this run.
Client label distributions:
  client 00: n=19994, labels=[2952, 878, 4230, 1942, 3893, 2947, 1170, 1268, 17, 697]
  client 01: n= 5273, labels=[1186, 629, 719, 163, 777, 852, 428, 22, 488, 9]
  client 02: n= 7607, labels=[2, 105, 1, 0, 96, 68, 60, 1042, 2038, 4195]
  client 03: n= 4678, labels=[463, 27, 0, 654, 2, 62, 287, 776, 2407, 0]
  client 04: n=11948, labels=[347, 3311, 0, 2191, 182, 1021, 3005, 1842, 0, 49]
Initial sparsity | total=0.9000 | active=61987/619872
Layer sparsity | conv1.weight:0.896991;conv2.weight:0.900825;conv3.weight:0.898560;fc1.weight:0.900152;fc2.weight:0.905469
Round 001 | train_loss=2.2230 | test_loss=2.3036 | test_acc=0.1000 | sparsity=0.9000 | cka=0 | targets=
Round 002 | train_loss=2.2249 | test_loss=2.3055 | test_acc=0.1000 | sparsity=0.9000 | cka=1 | targets=conv1.weight:0.899306;conv2.weight:0.899902;conv3.weight:0.899902;fc1.weight:0.900019
Round 003 | train_loss=2.2268 | test_loss=2.3081 | test_acc=0.1003 | sparsity=0.9000 | cka=0 | targets=conv1.weight:0.899306;conv2.weight:0.899902;conv3.weight:0.899902;fc1.weight:0.900019
Round 004 | train_loss=2.2295 | test_loss=2.3108 | test_acc=0.1000 | sparsity=0.9000 | cka=1 | targets=conv1.weight:0.899306;conv2.weight:0.899306;conv3.weight:0.899346;fc1.weight:0.900118
Round 005 | train_loss=2.2332 | test_loss=2.3136 | test_acc=0.1000 | sparsity=0.9000 | cka=0 | targets=conv1.weight:0.899306;conv2.weight:0.899306;conv3.weight:0.899346;fc1.weight:0.900118
Round 006 | train_loss=2.2359 | test_loss=2.3163 | test_acc=0.1000 | sparsity=0.9000 | cka=1 | targets=conv1.weight:0.900463;conv2.weight:0.899794;conv3.weight:0.899821;fc1.weight:0.900032
Round 007 | train_loss=2.2377 | test_loss=2.3189 | test_acc=0.1000 | sparsity=0.9000 | cka=0 | targets=conv1.weight:0.900463;conv2.weight:0.899794;conv3.weight:0.899821;fc1.weight:0.900032
Round 008 | train_loss=2.2393 | test_loss=2.3210 | test_acc=0.1000 | sparsity=0.9000 | cka=1 | targets=conv1.weight:0.899306;conv2.weight:0.899089;conv3.weight:0.899143;fc1.weight:0.900154
Round 009 | train_loss=2.2426 | test_loss=2.3230 | test_acc=0.1000 | sparsity=0.9000 | cka=0 | targets=conv1.weight:0.899306;conv2.weight:0.899089;conv3.weight:0.899143;fc1.weight:0.900154
Round 010 | train_loss=2.2442 | test_loss=2.3248 | test_acc=0.1000 | sparsity=0.9000 | cka=1 | targets=conv1.weight:0.899306;conv2.weight:0.899685;conv3.weight:0.899685;fc1.weight:0.900057
Round 011 | train_loss=2.2437 | test_loss=2.3266 | test_acc=0.1000 | sparsity=0.9000 | cka=0 | targets=conv1.weight:0.899306;conv2.weight:0.899685;conv3.weight:0.899685;fc1.weight:0.900057
Round 012 | train_loss=2.2432 | test_loss=2.3279 | test_acc=0.1000 | sparsity=0.9000 | cka=1 | targets=conv1.weight:0.899306;conv2.weight:0.898926;conv3.weight:0.899007;fc1.weight:0.900179
Round 013 | train_loss=2.2466 | test_loss=2.3293 | test_acc=0.1000 | sparsity=0.9000 | cka=0 | targets=conv1.weight:0.899306;conv2.weight:0.898926;conv3.weight:0.899007;fc1.weight:0.900179
Round 014 | train_loss=2.2467 | test_loss=2.3304 | test_acc=0.1000 | sparsity=0.9000 | cka=1 | targets=conv1.weight:0.899306;conv2.weight:0.899360;conv3.weight:0.899333;fc1.weight:0.900118
Round 015 | train_loss=2.2420 | test_loss=2.3319 | test_acc=0.1000 | sparsity=0.9000 | cka=0 | targets=conv1.weight:0.899306;conv2.weight:0.899360;conv3.weight:0.899333;fc1.weight:0.900118
Round 016 | train_loss=2.2258 | test_loss=2.3328 | test_acc=0.1000 | sparsity=0.9000 | cka=1 | targets=conv1.weight:0.899306;conv2.weight:0.899089;conv3.weight:0.899265;fc1.weight:0.900137
Round 017 | train_loss=2.2367 | test_loss=2.3342 | test_acc=0.1000 | sparsity=0.9000 | cka=0 | targets=conv1.weight:0.899306;conv2.weight:0.899089;conv3.weight:0.899265;fc1.weight:0.900137
Round 018 | train_loss=2.1961 | test_loss=2.3367 | test_acc=0.0994 | sparsity=0.9000 | cka=1 | targets=conv1.weight:0.896991;conv2.weight:0.897135;conv3.weight:0.897190;fc1.weight:0.900501
Round 019 | train_loss=2.0553 | test_loss=2.3534 | test_acc=0.1379 | sparsity=0.9000 | cka=0 | targets=conv1.weight:0.896991;conv2.weight:0.897135;conv3.weight:0.897190;fc1.weight:0.900501
Round 020 | train_loss=1.8640 | test_loss=2.3688 | test_acc=0.1139 | sparsity=0.9000 | cka=1 | targets=conv1.weight:0.899306;conv2.weight:0.899468;conv3.weight:0.899441;fc1.weight:0.900099
Saved training log to: results/logs/cka_strength_sweep/cifar10_cka_strength_fixed_5605137/strength_0p5/seed_13/cka_feddst_cifar10_clients5_alpha0.3_sparsity0.9_cka0.5_seed13_20260801_194249.csv
Saved CKA log to: results/logs/cka_strength_sweep/cifar10_cka_strength_fixed_5605137/strength_0p5/seed_13/cka_feddst_cifar10_clients5_alpha0.3_sparsity0.9_cka0.5_seed13_20260801_194249_cka.csv

[Run 40/125] suite=cka_strength method=cka_feddst seed=13 sparsity=0.95 cka_strength=0.5
Output log dir: results/logs/cka_strength_sweep/cifar10_cka_strength_fixed_5605137/strength_0p5/seed_13
Command: /mnt/aiongpfs/users/dsen/micromamba/envs/cka-cifar/bin/python -m src.train --global-config configs/global_cifar10.yaml --config configs/cka_feddst_mnist.yaml --seed 13 --sparsity 0.95 --cka-strength 0.5 --log-dir results/logs/cka_strength_sweep/cifar10_cka_strength_fixed_5605137/strength_0p5/seed_13 --checkpoint-dir results/checkpoints/cka_strength_sweep/cifar10_cka_strength_fixed_5605137/strength_0p5/seed_13 --plot-dir results/plots/cka_strength_sweep/cifar10_cka_strength_fixed_5605137
Final merged configuration:
alpha: 0.3
batch_size: 64
checkpoint_dir: results/checkpoints/cka_strength_sweep/cifar10_cka_strength_fixed_5605137/strength_0p5/seed_13
cka_interval: 2
cka_layers:
- conv1
- conv2
- conv3
- fc1
cka_max_sparsity: 0.95
cka_min_sparsity: 0.5
cka_strength: 0.5
data_check: false
data_dir: data
dataset: cifar10
device: auto
disable_cudnn: true
dry_run: false
eval_interval: 1
experiment_config_path: configs/cka_feddst_mnist.yaml
global_config_path: configs/global_cifar10.yaml
local_epochs: 1
log_cka: false
log_dir: results/logs/cka_strength_sweep/cifar10_cka_strength_fixed_5605137/strength_0p5/seed_13
lr: 0.01
mask_update_interval: 2
method: cka_feddst
model: cifar_cnn
num_clients: 5
num_workers: 2
output_dir: results
plot_dir: results/plots/cka_strength_sweep/cifar10_cka_strength_fixed_5605137
prune_fraction: 0.2
reference_size: 500
regrowth_method: gradient
rounds: 20
save_checkpoint: false
seed: 13
sparsity: 0.95
sparsity_init: random
split_dir: null
Saved merged config to: results/logs/cka_strength_sweep/cifar10_cka_strength_fixed_5605137/strength_0p5/seed_13/cka_feddst_cifar10_clients5_alpha0.3_sparsity0.95_cka0.5_seed13_20260801_195017_config.yaml
cuDNN disabled for this run.
Client label distributions:
  client 00: n=19994, labels=[2952, 878, 4230, 1942, 3893, 2947, 1170, 1268, 17, 697]
  client 01: n= 5273, labels=[1186, 629, 719, 163, 777, 852, 428, 22, 488, 9]
  client 02: n= 7607, labels=[2, 105, 1, 0, 96, 68, 60, 1042, 2038, 4195]
  client 03: n= 4678, labels=[463, 27, 0, 654, 2, 62, 287, 776, 2407, 0]
  client 04: n=11948, labels=[347, 3311, 0, 2191, 182, 1021, 3005, 1842, 0, 49]
Initial sparsity | total=0.9500 | active=30994/619872
Layer sparsity | conv1.weight:0.944444;conv2.weight:0.950575;conv3.weight:0.949273;fc1.weight:0.950089;fc2.weight:0.950391
Round 001 | train_loss=2.2237 | test_loss=2.3037 | test_acc=0.1000 | sparsity=0.9500 | cka=0 | targets=
Round 002 | train_loss=2.2257 | test_loss=2.3055 | test_acc=0.1000 | sparsity=0.9500 | cka=1 | targets=conv1.weight:0.949074;conv2.weight:0.949978;conv3.weight:0.949992;fc1.weight:0.949999
Round 003 | train_loss=2.2281 | test_loss=2.3081 | test_acc=0.1000 | sparsity=0.9500 | cka=0 | targets=conv1.weight:0.949074;conv2.weight:0.949978;conv3.weight:0.949992;fc1.weight:0.949999
Round 004 | train_loss=2.2312 | test_loss=2.3108 | test_acc=0.1000 | sparsity=0.9500 | cka=1 | targets=conv1.weight:0.949074;conv2.weight:0.949978;conv3.weight:0.949992;fc1.weight:0.949999
Round 005 | train_loss=2.2346 | test_loss=2.3136 | test_acc=0.1000 | sparsity=0.9500 | cka=0 | targets=conv1.weight:0.949074;conv2.weight:0.949978;conv3.weight:0.949992;fc1.weight:0.949999
Round 006 | train_loss=2.2375 | test_loss=2.3162 | test_acc=0.1000 | sparsity=0.9500 | cka=1 | targets=conv1.weight:0.949074;conv2.weight:0.949978;conv3.weight:0.949992;fc1.weight:0.949999
Round 007 | train_loss=2.2400 | test_loss=2.3186 | test_acc=0.1000 | sparsity=0.9500 | cka=0 | targets=conv1.weight:0.949074;conv2.weight:0.949978;conv3.weight:0.949992;fc1.weight:0.949999
Round 008 | train_loss=2.2423 | test_loss=2.3208 | test_acc=0.1000 | sparsity=0.9500 | cka=1 | targets=conv1.weight:0.949074;conv2.weight:0.949978;conv3.weight:0.949992;fc1.weight:0.949999
Round 009 | train_loss=2.2449 | test_loss=2.3228 | test_acc=0.1000 | sparsity=0.9500 | cka=0 | targets=conv1.weight:0.949074;conv2.weight:0.949978;conv3.weight:0.949992;fc1.weight:0.949999
Round 010 | train_loss=2.2468 | test_loss=2.3245 | test_acc=0.1000 | sparsity=0.9500 | cka=1 | targets=conv1.weight:0.949074;conv2.weight:0.949978;conv3.weight:0.949992;fc1.weight:0.949999
Round 011 | train_loss=2.2480 | test_loss=2.3261 | test_acc=0.1000 | sparsity=0.9500 | cka=0 | targets=conv1.weight:0.949074;conv2.weight:0.949978;conv3.weight:0.949992;fc1.weight:0.949999
Round 012 | train_loss=2.2494 | test_loss=2.3274 | test_acc=0.1000 | sparsity=0.9500 | cka=1 | targets=conv1.weight:0.949074;conv2.weight:0.949978;conv3.weight:0.949992;fc1.weight:0.949999
Round 013 | train_loss=2.2511 | test_loss=2.3287 | test_acc=0.1000 | sparsity=0.9500 | cka=0 | targets=conv1.weight:0.949074;conv2.weight:0.949978;conv3.weight:0.949992;fc1.weight:0.949999
Round 014 | train_loss=2.2522 | test_loss=2.3298 | test_acc=0.1000 | sparsity=0.9500 | cka=1 | targets=conv1.weight:0.949074;conv2.weight:0.949978;conv3.weight:0.949992;fc1.weight:0.949999
Round 015 | train_loss=2.2524 | test_loss=2.3307 | test_acc=0.1000 | sparsity=0.9500 | cka=0 | targets=conv1.weight:0.949074;conv2.weight:0.949978;conv3.weight:0.949992;fc1.weight:0.949999
Round 016 | train_loss=2.2529 | test_loss=2.3315 | test_acc=0.1000 | sparsity=0.9500 | cka=1 | targets=conv1.weight:0.949074;conv2.weight:0.949978;conv3.weight:0.949992;fc1.weight:0.949999
Round 017 | train_loss=2.2545 | test_loss=2.3323 | test_acc=0.1000 | sparsity=0.9500 | cka=0 | targets=conv1.weight:0.949074;conv2.weight:0.949978;conv3.weight:0.949992;fc1.weight:0.949999
Round 018 | train_loss=2.2550 | test_loss=2.3330 | test_acc=0.1000 | sparsity=0.9500 | cka=1 | targets=conv1.weight:0.949074;conv2.weight:0.949978;conv3.weight:0.949992;fc1.weight:0.949999
Round 019 | train_loss=2.2542 | test_loss=2.3337 | test_acc=0.1000 | sparsity=0.9500 | cka=0 | targets=conv1.weight:0.949074;conv2.weight:0.949978;conv3.weight:0.949992;fc1.weight:0.949999
Round 020 | train_loss=2.2542 | test_loss=2.3341 | test_acc=0.1000 | sparsity=0.9500 | cka=1 | targets=conv1.weight:0.949074;conv2.weight:0.949978;conv3.weight:0.949992;fc1.weight:0.949999
Saved training log to: results/logs/cka_strength_sweep/cifar10_cka_strength_fixed_5605137/strength_0p5/seed_13/cka_feddst_cifar10_clients5_alpha0.3_sparsity0.95_cka0.5_seed13_20260801_195017.csv
Saved CKA log to: results/logs/cka_strength_sweep/cifar10_cka_strength_fixed_5605137/strength_0p5/seed_13/cka_feddst_cifar10_clients5_alpha0.3_sparsity0.95_cka0.5_seed13_20260801_195017_cka.csv

[Run 41/125] suite=cka_strength method=cka_feddst seed=21 sparsity=0.5 cka_strength=0.5
Output log dir: results/logs/cka_strength_sweep/cifar10_cka_strength_fixed_5605137/strength_0p5/seed_21
Command: /mnt/aiongpfs/users/dsen/micromamba/envs/cka-cifar/bin/python -m src.train --global-config configs/global_cifar10.yaml --config configs/cka_feddst_mnist.yaml --seed 21 --sparsity 0.5 --cka-strength 0.5 --log-dir results/logs/cka_strength_sweep/cifar10_cka_strength_fixed_5605137/strength_0p5/seed_21 --checkpoint-dir results/checkpoints/cka_strength_sweep/cifar10_cka_strength_fixed_5605137/strength_0p5/seed_21 --plot-dir results/plots/cka_strength_sweep/cifar10_cka_strength_fixed_5605137
Final merged configuration:
alpha: 0.3
batch_size: 64
checkpoint_dir: results/checkpoints/cka_strength_sweep/cifar10_cka_strength_fixed_5605137/strength_0p5/seed_21
cka_interval: 2
cka_layers:
- conv1
- conv2
- conv3
- fc1
cka_max_sparsity: 0.95
cka_min_sparsity: 0.5
cka_strength: 0.5
data_check: false
data_dir: data
dataset: cifar10
device: auto
disable_cudnn: true
dry_run: false
eval_interval: 1
experiment_config_path: configs/cka_feddst_mnist.yaml
global_config_path: configs/global_cifar10.yaml
local_epochs: 1
log_cka: false
log_dir: results/logs/cka_strength_sweep/cifar10_cka_strength_fixed_5605137/strength_0p5/seed_21
lr: 0.01
mask_update_interval: 2
method: cka_feddst
model: cifar_cnn
num_clients: 5
num_workers: 2
output_dir: results
plot_dir: results/plots/cka_strength_sweep/cifar10_cka_strength_fixed_5605137
prune_fraction: 0.2
reference_size: 500
regrowth_method: gradient
rounds: 20
save_checkpoint: false
seed: 21
sparsity: 0.5
sparsity_init: random
split_dir: null
Saved merged config to: results/logs/cka_strength_sweep/cifar10_cka_strength_fixed_5605137/strength_0p5/seed_21/cka_feddst_cifar10_clients5_alpha0.3_sparsity0.5_cka0.5_seed21_20260801_195705_config.yaml
cuDNN disabled for this run.
Client label distributions:
  client 00: n=10151, labels=[68, 0, 4345, 758, 1058, 713, 0, 122, 882, 2205]
  client 01: n=10420, labels=[957, 2155, 26, 376, 2359, 483, 4054, 4, 6, 0]
  client 02: n= 7384, labels=[1406, 266, 313, 764, 191, 13, 184, 2, 3127, 1118]
  client 03: n=13329, labels=[2519, 2506, 245, 1146, 1341, 359, 6, 3254, 563, 1390]
  client 04: n= 8216, labels=[0, 23, 21, 1906, 1, 3382, 706, 1568, 372, 237]
Initial sparsity | total=0.5000 | active=309936/619872
Layer sparsity | conv1.weight:0.486111;conv2.weight:0.498806;conv3.weight:0.498834;fc1.weight:0.500118;fc2.weight:0.522656
Round 001 | train_loss=2.0278 | test_loss=2.2765 | test_acc=0.1305 | sparsity=0.5000 | cka=0 | targets=
Round 002 | train_loss=1.7818 | test_loss=2.3185 | test_acc=0.1485 | sparsity=0.5001 | cka=1 | targets=conv1.weight:0.500000;conv2.weight:0.500000;conv3.weight:0.500000;fc1.weight:0.500000
Round 003 | train_loss=1.7277 | test_loss=2.3980 | test_acc=0.1394 | sparsity=0.5001 | cka=0 | targets=conv1.weight:0.500000;conv2.weight:0.500000;conv3.weight:0.500000;fc1.weight:0.500000
Round 004 | train_loss=1.7083 | test_loss=2.3191 | test_acc=0.1537 | sparsity=0.5001 | cka=1 | targets=conv1.weight:0.500000;conv2.weight:0.500000;conv3.weight:0.500000;fc1.weight:0.500000
Round 005 | train_loss=1.6963 | test_loss=2.3377 | test_acc=0.1544 | sparsity=0.5001 | cka=0 | targets=conv1.weight:0.500000;conv2.weight:0.500000;conv3.weight:0.500000;fc1.weight:0.500000
Round 006 | train_loss=1.6767 | test_loss=2.3392 | test_acc=0.1657 | sparsity=0.5001 | cka=1 | targets=conv1.weight:0.500000;conv2.weight:0.500000;conv3.weight:0.500000;fc1.weight:0.500000
Round 007 | train_loss=1.6705 | test_loss=2.2965 | test_acc=0.1762 | sparsity=0.5001 | cka=0 | targets=conv1.weight:0.500000;conv2.weight:0.500000;conv3.weight:0.500000;fc1.weight:0.500000
Round 008 | train_loss=1.6455 | test_loss=2.2844 | test_acc=0.1812 | sparsity=0.5001 | cka=1 | targets=conv1.weight:0.500000;conv2.weight:0.500000;conv3.weight:0.500000;fc1.weight:0.500000
Round 009 | train_loss=1.6229 | test_loss=2.2764 | test_acc=0.2067 | sparsity=0.5001 | cka=0 | targets=conv1.weight:0.500000;conv2.weight:0.500000;conv3.weight:0.500000;fc1.weight:0.500000
Round 010 | train_loss=1.5912 | test_loss=2.2427 | test_acc=0.2228 | sparsity=0.5001 | cka=1 | targets=conv1.weight:0.500000;conv2.weight:0.500000;conv3.weight:0.500000;fc1.weight:0.500000
Round 011 | train_loss=1.5821 | test_loss=2.1882 | test_acc=0.2433 | sparsity=0.5001 | cka=0 | targets=conv1.weight:0.500000;conv2.weight:0.500000;conv3.weight:0.500000;fc1.weight:0.500000
Round 012 | train_loss=1.5339 | test_loss=2.1932 | test_acc=0.2558 | sparsity=0.5001 | cka=1 | targets=conv1.weight:0.500000;conv2.weight:0.500000;conv3.weight:0.500000;fc1.weight:0.500000
Round 013 | train_loss=1.5015 | test_loss=2.1169 | test_acc=0.2553 | sparsity=0.5001 | cka=0 | targets=conv1.weight:0.500000;conv2.weight:0.500000;conv3.weight:0.500000;fc1.weight:0.500000
Round 014 | train_loss=1.4667 | test_loss=2.0739 | test_acc=0.2781 | sparsity=0.5001 | cka=1 | targets=conv1.weight:0.500000;conv2.weight:0.500000;conv3.weight:0.500000;fc1.weight:0.500000
Round 015 | train_loss=1.4560 | test_loss=2.0370 | test_acc=0.2850 | sparsity=0.5001 | cka=0 | targets=conv1.weight:0.500000;conv2.weight:0.500000;conv3.weight:0.500000;fc1.weight:0.500000
Round 016 | train_loss=1.4174 | test_loss=2.0162 | test_acc=0.2873 | sparsity=0.5001 | cka=1 | targets=conv1.weight:0.500000;conv2.weight:0.500000;conv3.weight:0.500000;fc1.weight:0.500000
Round 017 | train_loss=1.3958 | test_loss=1.9638 | test_acc=0.3027 | sparsity=0.5001 | cka=0 | targets=conv1.weight:0.500000;conv2.weight:0.500000;conv3.weight:0.500000;fc1.weight:0.500000
Round 018 | train_loss=1.3720 | test_loss=1.9856 | test_acc=0.2980 | sparsity=0.5001 | cka=1 | targets=conv1.weight:0.500000;conv2.weight:0.500000;conv3.weight:0.500000;fc1.weight:0.500000
Round 019 | train_loss=1.3715 | test_loss=1.9732 | test_acc=0.3071 | sparsity=0.5001 | cka=0 | targets=conv1.weight:0.500000;conv2.weight:0.500000;conv3.weight:0.500000;fc1.weight:0.500000
Round 020 | train_loss=1.3466 | test_loss=1.9332 | test_acc=0.3115 | sparsity=0.5001 | cka=1 | targets=conv1.weight:0.500000;conv2.weight:0.500000;conv3.weight:0.500000;fc1.weight:0.500000
Saved training log to: results/logs/cka_strength_sweep/cifar10_cka_strength_fixed_5605137/strength_0p5/seed_21/cka_feddst_cifar10_clients5_alpha0.3_sparsity0.5_cka0.5_seed21_20260801_195705.csv
Saved CKA log to: results/logs/cka_strength_sweep/cifar10_cka_strength_fixed_5605137/strength_0p5/seed_21/cka_feddst_cifar10_clients5_alpha0.3_sparsity0.5_cka0.5_seed21_20260801_195705_cka.csv

[Run 42/125] suite=cka_strength method=cka_feddst seed=21 sparsity=0.7 cka_strength=0.5
Output log dir: results/logs/cka_strength_sweep/cifar10_cka_strength_fixed_5605137/strength_0p5/seed_21
Command: /mnt/aiongpfs/users/dsen/micromamba/envs/cka-cifar/bin/python -m src.train --global-config configs/global_cifar10.yaml --config configs/cka_feddst_mnist.yaml --seed 21 --sparsity 0.7 --cka-strength 0.5 --log-dir results/logs/cka_strength_sweep/cifar10_cka_strength_fixed_5605137/strength_0p5/seed_21 --checkpoint-dir results/checkpoints/cka_strength_sweep/cifar10_cka_strength_fixed_5605137/strength_0p5/seed_21 --plot-dir results/plots/cka_strength_sweep/cifar10_cka_strength_fixed_5605137
Final merged configuration:
alpha: 0.3
batch_size: 64
checkpoint_dir: results/checkpoints/cka_strength_sweep/cifar10_cka_strength_fixed_5605137/strength_0p5/seed_21
cka_interval: 2
cka_layers:
- conv1
- conv2
- conv3
- fc1
cka_max_sparsity: 0.95
cka_min_sparsity: 0.5
cka_strength: 0.5
data_check: false
data_dir: data
dataset: cifar10
device: auto
disable_cudnn: true
dry_run: false
eval_interval: 1
experiment_config_path: configs/cka_feddst_mnist.yaml
global_config_path: configs/global_cifar10.yaml
local_epochs: 1
log_cka: false
log_dir: results/logs/cka_strength_sweep/cifar10_cka_strength_fixed_5605137/strength_0p5/seed_21
lr: 0.01
mask_update_interval: 2
method: cka_feddst
model: cifar_cnn
num_clients: 5
num_workers: 2
output_dir: results
plot_dir: results/plots/cka_strength_sweep/cifar10_cka_strength_fixed_5605137
prune_fraction: 0.2
reference_size: 500
regrowth_method: gradient
rounds: 20
save_checkpoint: false
seed: 21
sparsity: 0.7
sparsity_init: random
split_dir: null
Saved merged config to: results/logs/cka_strength_sweep/cifar10_cka_strength_fixed_5605137/strength_0p5/seed_21/cka_feddst_cifar10_clients5_alpha0.3_sparsity0.7_cka0.5_seed21_20260801_200420_config.yaml
cuDNN disabled for this run.
Client label distributions:
  client 00: n=10151, labels=[68, 0, 4345, 758, 1058, 713, 0, 122, 882, 2205]
  client 01: n=10420, labels=[957, 2155, 26, 376, 2359, 483, 4054, 4, 6, 0]
  client 02: n= 7384, labels=[1406, 266, 313, 764, 191, 13, 184, 2, 3127, 1118]
  client 03: n=13329, labels=[2519, 2506, 245, 1146, 1341, 359, 6, 3254, 563, 1390]
  client 04: n= 8216, labels=[0, 23, 21, 1906, 1, 3382, 706, 1568, 372, 237]
Initial sparsity | total=0.7000 | active=185962/619872
Layer sparsity | conv1.weight:0.682870;conv2.weight:0.695367;conv3.weight:0.700928;fc1.weight:0.699989;fc2.weight:0.714453
Round 001 | train_loss=2.1984 | test_loss=2.3004 | test_acc=0.1189 | sparsity=0.7000 | cka=0 | targets=
Round 002 | train_loss=2.1529 | test_loss=2.2899 | test_acc=0.1091 | sparsity=0.7001 | cka=1 | targets=conv1.weight:0.699074;conv2.weight:0.698622;conv3.weight:0.698717;fc1.weight:0.700230
Round 003 | train_loss=1.8654 | test_loss=2.3050 | test_acc=0.1453 | sparsity=0.7001 | cka=0 | targets=conv1.weight:0.699074;conv2.weight:0.698622;conv3.weight:0.698717;fc1.weight:0.700230
Round 004 | train_loss=1.7431 | test_loss=2.2668 | test_acc=0.1408 | sparsity=0.7001 | cka=1 | targets=conv1.weight:0.699074;conv2.weight:0.698730;conv3.weight:0.698771;fc1.weight:0.700218
Round 005 | train_loss=1.7503 | test_loss=2.3407 | test_acc=0.1429 | sparsity=0.7001 | cka=0 | targets=conv1.weight:0.699074;conv2.weight:0.698730;conv3.weight:0.698771;fc1.weight:0.700218
Round 006 | train_loss=1.7115 | test_loss=2.3508 | test_acc=0.1457 | sparsity=0.7001 | cka=1 | targets=conv1.weight:0.697917;conv2.weight:0.698459;conv3.weight:0.698473;fc1.weight:0.700272
Round 007 | train_loss=1.7016 | test_loss=2.3575 | test_acc=0.1565 | sparsity=0.7001 | cka=0 | targets=conv1.weight:0.697917;conv2.weight:0.698459;conv3.weight:0.698473;fc1.weight:0.700272
Round 008 | train_loss=1.6903 | test_loss=2.3708 | test_acc=0.1497 | sparsity=0.7001 | cka=1 | targets=conv1.weight:0.697917;conv2.weight:0.698459;conv3.weight:0.698486;fc1.weight:0.700270
Round 009 | train_loss=1.6842 | test_loss=2.3591 | test_acc=0.1624 | sparsity=0.7001 | cka=0 | targets=conv1.weight:0.697917;conv2.weight:0.698459;conv3.weight:0.698486;fc1.weight:0.700270
Round 010 | train_loss=1.6734 | test_loss=2.3560 | test_acc=0.1586 | sparsity=0.7001 | cka=1 | targets=conv1.weight:0.699074;conv2.weight:0.698622;conv3.weight:0.698649;fc1.weight:0.700239
Round 011 | train_loss=1.6718 | test_loss=2.3201 | test_acc=0.1658 | sparsity=0.7001 | cka=0 | targets=conv1.weight:0.699074;conv2.weight:0.698622;conv3.weight:0.698649;fc1.weight:0.700239
Round 012 | train_loss=1.6565 | test_loss=2.3424 | test_acc=0.1675 | sparsity=0.7001 | cka=1 | targets=conv1.weight:0.697917;conv2.weight:0.698188;conv3.weight:0.698242;fc1.weight:0.700314
Round 013 | train_loss=1.6539 | test_loss=2.3404 | test_acc=0.1639 | sparsity=0.7001 | cka=0 | targets=conv1.weight:0.697917;conv2.weight:0.698188;conv3.weight:0.698242;fc1.weight:0.700314
Round 014 | train_loss=1.6423 | test_loss=2.3029 | test_acc=0.1782 | sparsity=0.7001 | cka=1 | targets=conv1.weight:0.697917;conv2.weight:0.698296;conv3.weight:0.698324;fc1.weight:0.700298
Round 015 | train_loss=1.6378 | test_loss=2.2760 | test_acc=0.1830 | sparsity=0.7001 | cka=0 | targets=conv1.weight:0.697917;conv2.weight:0.698296;conv3.weight:0.698324;fc1.weight:0.700298
Round 016 | train_loss=1.6228 | test_loss=2.3047 | test_acc=0.1802 | sparsity=0.7001 | cka=1 | targets=conv1.weight:0.697917;conv2.weight:0.697754;conv3.weight:0.697862;fc1.weight:0.700382
Round 017 | train_loss=1.6148 | test_loss=2.2592 | test_acc=0.1963 | sparsity=0.7001 | cka=0 | targets=conv1.weight:0.697917;conv2.weight:0.697754;conv3.weight:0.697862;fc1.weight:0.700382
Round 018 | train_loss=1.5977 | test_loss=2.2954 | test_acc=0.2168 | sparsity=0.7001 | cka=1 | targets=conv1.weight:0.697917;conv2.weight:0.698025;conv3.weight:0.698161;fc1.weight:0.700331
Round 019 | train_loss=1.5902 | test_loss=2.2335 | test_acc=0.2233 | sparsity=0.7001 | cka=0 | targets=conv1.weight:0.697917;conv2.weight:0.698025;conv3.weight:0.698161;fc1.weight:0.700331
Round 020 | train_loss=1.5524 | test_loss=2.2679 | test_acc=0.2315 | sparsity=0.7001 | cka=1 | targets=conv1.weight:0.695602;conv2.weight:0.695367;conv3.weight:0.696927;fc1.weight:0.700602
Saved training log to: results/logs/cka_strength_sweep/cifar10_cka_strength_fixed_5605137/strength_0p5/seed_21/cka_feddst_cifar10_clients5_alpha0.3_sparsity0.7_cka0.5_seed21_20260801_200420.csv
Saved CKA log to: results/logs/cka_strength_sweep/cifar10_cka_strength_fixed_5605137/strength_0p5/seed_21/cka_feddst_cifar10_clients5_alpha0.3_sparsity0.7_cka0.5_seed21_20260801_200420_cka.csv

[Run 43/125] suite=cka_strength method=cka_feddst seed=21 sparsity=0.8 cka_strength=0.5
Output log dir: results/logs/cka_strength_sweep/cifar10_cka_strength_fixed_5605137/strength_0p5/seed_21
Command: /mnt/aiongpfs/users/dsen/micromamba/envs/cka-cifar/bin/python -m src.train --global-config configs/global_cifar10.yaml --config configs/cka_feddst_mnist.yaml --seed 21 --sparsity 0.8 --cka-strength 0.5 --log-dir results/logs/cka_strength_sweep/cifar10_cka_strength_fixed_5605137/strength_0p5/seed_21 --checkpoint-dir results/checkpoints/cka_strength_sweep/cifar10_cka_strength_fixed_5605137/strength_0p5/seed_21 --plot-dir results/plots/cka_strength_sweep/cifar10_cka_strength_fixed_5605137
Final merged configuration:
alpha: 0.3
batch_size: 64
checkpoint_dir: results/checkpoints/cka_strength_sweep/cifar10_cka_strength_fixed_5605137/strength_0p5/seed_21
cka_interval: 2
cka_layers:
- conv1
- conv2
- conv3
- fc1
cka_max_sparsity: 0.95
cka_min_sparsity: 0.5
cka_strength: 0.5
data_check: false
data_dir: data
dataset: cifar10
device: auto
disable_cudnn: true
dry_run: false
eval_interval: 1
experiment_config_path: configs/cka_feddst_mnist.yaml
global_config_path: configs/global_cifar10.yaml
local_epochs: 1
log_cka: false
log_dir: results/logs/cka_strength_sweep/cifar10_cka_strength_fixed_5605137/strength_0p5/seed_21
lr: 0.01
mask_update_interval: 2
method: cka_feddst
model: cifar_cnn
num_clients: 5
num_workers: 2
output_dir: results
plot_dir: results/plots/cka_strength_sweep/cifar10_cka_strength_fixed_5605137
prune_fraction: 0.2
reference_size: 500
regrowth_method: gradient
rounds: 20
save_checkpoint: false
seed: 21
sparsity: 0.8
sparsity_init: random
split_dir: null
Saved merged config to: results/logs/cka_strength_sweep/cifar10_cka_strength_fixed_5605137/strength_0p5/seed_21/cka_feddst_cifar10_clients5_alpha0.3_sparsity0.8_cka0.5_seed21_20260801_201109_config.yaml
cuDNN disabled for this run.
Client label distributions:
  client 00: n=10151, labels=[68, 0, 4345, 758, 1058, 713, 0, 122, 882, 2205]
  client 01: n=10420, labels=[957, 2155, 26, 376, 2359, 483, 4054, 4, 6, 0]
  client 02: n= 7384, labels=[1406, 266, 313, 764, 191, 13, 184, 2, 3127, 1118]
  client 03: n=13329, labels=[2519, 2506, 245, 1146, 1341, 359, 6, 3254, 563, 1390]
  client 04: n= 8216, labels=[0, 23, 21, 1906, 1, 3382, 706, 1568, 372, 237]
Initial sparsity | total=0.8000 | active=123974/619872
Layer sparsity | conv1.weight:0.776620;conv2.weight:0.796115;conv3.weight:0.799981;fc1.weight:0.800104;fc2.weight:0.815234
Round 001 | train_loss=2.2094 | test_loss=2.3028 | test_acc=0.1000 | sparsity=0.8000 | cka=0 | targets=
Round 002 | train_loss=2.2085 | test_loss=2.3027 | test_acc=0.0989 | sparsity=0.8001 | cka=1 | targets=conv1.weight:0.798611;conv2.weight:0.799262;conv3.weight:0.799262;fc1.weight:0.800133
Round 003 | train_loss=2.2034 | test_loss=2.3025 | test_acc=0.1269 | sparsity=0.8001 | cka=0 | targets=conv1.weight:0.798611;conv2.weight:0.799262;conv3.weight:0.799262;fc1.weight:0.800133
Round 004 | train_loss=2.1773 | test_loss=2.3023 | test_acc=0.1000 | sparsity=0.8001 | cka=1 | targets=conv1.weight:0.799769;conv2.weight:0.799642;conv3.weight:0.799655;fc1.weight:0.800062
Round 005 | train_loss=2.1837 | test_loss=2.2989 | test_acc=0.1000 | sparsity=0.8001 | cka=0 | targets=conv1.weight:0.799769;conv2.weight:0.799642;conv3.weight:0.799655;fc1.weight:0.800062
Round 006 | train_loss=2.0414 | test_loss=2.2892 | test_acc=0.1277 | sparsity=0.8001 | cka=1 | targets=conv1.weight:0.798611;conv2.weight:0.799099;conv3.weight:0.799072;fc1.weight:0.800165
Round 007 | train_loss=1.8260 | test_loss=2.3524 | test_acc=0.1384 | sparsity=0.8001 | cka=0 | targets=conv1.weight:0.798611;conv2.weight:0.799099;conv3.weight:0.799072;fc1.weight:0.800165
Round 008 | train_loss=1.7323 | test_loss=2.3173 | test_acc=0.1378 | sparsity=0.8001 | cka=1 | targets=conv1.weight:0.799769;conv2.weight:0.799316;conv3.weight:0.799357;fc1.weight:0.800116
Round 009 | train_loss=1.7156 | test_loss=2.3964 | test_acc=0.1364 | sparsity=0.8001 | cka=0 | targets=conv1.weight:0.799769;conv2.weight:0.799316;conv3.weight:0.799357;fc1.weight:0.800116
Round 010 | train_loss=1.6985 | test_loss=2.3641 | test_acc=0.1425 | sparsity=0.8001 | cka=1 | targets=conv1.weight:0.798611;conv2.weight:0.799045;conv3.weight:0.799099;fc1.weight:0.800163
Round 011 | train_loss=1.6922 | test_loss=2.3607 | test_acc=0.1439 | sparsity=0.8001 | cka=0 | targets=conv1.weight:0.798611;conv2.weight:0.799045;conv3.weight:0.799099;fc1.weight:0.800163
Round 012 | train_loss=1.6794 | test_loss=2.3702 | test_acc=0.1482 | sparsity=0.8001 | cka=1 | targets=conv1.weight:0.798611;conv2.weight:0.799045;conv3.weight:0.799099;fc1.weight:0.800163
Round 013 | train_loss=1.6767 | test_loss=2.3590 | test_acc=0.1437 | sparsity=0.8001 | cka=0 | targets=conv1.weight:0.798611;conv2.weight:0.799045;conv3.weight:0.799099;fc1.weight:0.800163
Round 014 | train_loss=1.6659 | test_loss=2.3474 | test_acc=0.1500 | sparsity=0.8001 | cka=1 | targets=conv1.weight:0.798611;conv2.weight:0.798828;conv3.weight:0.798869;fc1.weight:0.800203
Round 015 | train_loss=1.6604 | test_loss=2.3070 | test_acc=0.1584 | sparsity=0.8001 | cka=0 | targets=conv1.weight:0.798611;conv2.weight:0.798828;conv3.weight:0.798869;fc1.weight:0.800203
Round 016 | train_loss=1.6503 | test_loss=2.3444 | test_acc=0.1546 | sparsity=0.8001 | cka=1 | targets=conv1.weight:0.798611;conv2.weight:0.798611;conv3.weight:0.798679;fc1.weight:0.800238
Round 017 | train_loss=1.6453 | test_loss=2.2864 | test_acc=0.1586 | sparsity=0.8001 | cka=0 | targets=conv1.weight:0.798611;conv2.weight:0.798611;conv3.weight:0.798679;fc1.weight:0.800238
Round 018 | train_loss=1.6341 | test_loss=2.3298 | test_acc=0.1617 | sparsity=0.8001 | cka=1 | targets=conv1.weight:0.797454;conv2.weight:0.798448;conv3.weight:0.798706;fc1.weight:0.800241
Round 019 | train_loss=1.6313 | test_loss=2.2832 | test_acc=0.1723 | sparsity=0.8001 | cka=0 | targets=conv1.weight:0.797454;conv2.weight:0.798448;conv3.weight:0.798706;fc1.weight:0.800241
Round 020 | train_loss=1.6212 | test_loss=2.2993 | test_acc=0.1704 | sparsity=0.8001 | cka=1 | targets=conv1.weight:0.797454;conv2.weight:0.798177;conv3.weight:0.798503;fc1.weight:0.800280
Saved training log to: results/logs/cka_strength_sweep/cifar10_cka_strength_fixed_5605137/strength_0p5/seed_21/cka_feddst_cifar10_clients5_alpha0.3_sparsity0.8_cka0.5_seed21_20260801_201109.csv
Saved CKA log to: results/logs/cka_strength_sweep/cifar10_cka_strength_fixed_5605137/strength_0p5/seed_21/cka_feddst_cifar10_clients5_alpha0.3_sparsity0.8_cka0.5_seed21_20260801_201109_cka.csv

[Run 44/125] suite=cka_strength method=cka_feddst seed=21 sparsity=0.9 cka_strength=0.5
Output log dir: results/logs/cka_strength_sweep/cifar10_cka_strength_fixed_5605137/strength_0p5/seed_21
Command: /mnt/aiongpfs/users/dsen/micromamba/envs/cka-cifar/bin/python -m src.train --global-config configs/global_cifar10.yaml --config configs/cka_feddst_mnist.yaml --seed 21 --sparsity 0.9 --cka-strength 0.5 --log-dir results/logs/cka_strength_sweep/cifar10_cka_strength_fixed_5605137/strength_0p5/seed_21 --checkpoint-dir results/checkpoints/cka_strength_sweep/cifar10_cka_strength_fixed_5605137/strength_0p5/seed_21 --plot-dir results/plots/cka_strength_sweep/cifar10_cka_strength_fixed_5605137
Final merged configuration:
alpha: 0.3
batch_size: 64
checkpoint_dir: results/checkpoints/cka_strength_sweep/cifar10_cka_strength_fixed_5605137/strength_0p5/seed_21
cka_interval: 2
cka_layers:
- conv1
- conv2
- conv3
- fc1
cka_max_sparsity: 0.95
cka_min_sparsity: 0.5
cka_strength: 0.5
data_check: false
data_dir: data
dataset: cifar10
device: auto
disable_cudnn: true
dry_run: false
eval_interval: 1
experiment_config_path: configs/cka_feddst_mnist.yaml
global_config_path: configs/global_cifar10.yaml
local_epochs: 1
log_cka: false
log_dir: results/logs/cka_strength_sweep/cifar10_cka_strength_fixed_5605137/strength_0p5/seed_21
lr: 0.01
mask_update_interval: 2
method: cka_feddst
model: cifar_cnn
num_clients: 5
num_workers: 2
output_dir: results
plot_dir: results/plots/cka_strength_sweep/cifar10_cka_strength_fixed_5605137
prune_fraction: 0.2
reference_size: 500
regrowth_method: gradient
rounds: 20
save_checkpoint: false
seed: 21
sparsity: 0.9
sparsity_init: random
split_dir: null
Saved merged config to: results/logs/cka_strength_sweep/cifar10_cka_strength_fixed_5605137/strength_0p5/seed_21/cka_feddst_cifar10_clients5_alpha0.3_sparsity0.9_cka0.5_seed21_20260801_201806_config.yaml
cuDNN disabled for this run.
Client label distributions:
  client 00: n=10151, labels=[68, 0, 4345, 758, 1058, 713, 0, 122, 882, 2205]
  client 01: n=10420, labels=[957, 2155, 26, 376, 2359, 483, 4054, 4, 6, 0]
  client 02: n= 7384, labels=[1406, 266, 313, 764, 191, 13, 184, 2, 3127, 1118]
  client 03: n=13329, labels=[2519, 2506, 245, 1146, 1341, 359, 6, 3254, 563, 1390]
  client 04: n= 8216, labels=[0, 23, 21, 1906, 1, 3382, 706, 1568, 372, 237]
Initial sparsity | total=0.9000 | active=61987/619872
Layer sparsity | conv1.weight:0.890046;conv2.weight:0.896973;conv3.weight:0.900798;fc1.weight:0.899969;fc2.weight:0.908594
Round 001 | train_loss=2.2110 | test_loss=2.3028 | test_acc=0.1000 | sparsity=0.9000 | cka=0 | targets=
Round 002 | train_loss=2.2107 | test_loss=2.3027 | test_acc=0.1000 | sparsity=0.9000 | cka=1 | targets=conv1.weight:0.900463;conv2.weight:0.899902;conv3.weight:0.899929;fc1.weight:0.900013
Round 003 | train_loss=2.2098 | test_loss=2.3028 | test_acc=0.1000 | sparsity=0.9000 | cka=0 | targets=conv1.weight:0.900463;conv2.weight:0.899902;conv3.weight:0.899929;fc1.weight:0.900013
Round 004 | train_loss=2.2096 | test_loss=2.3030 | test_acc=0.1000 | sparsity=0.9000 | cka=1 | targets=conv1.weight:0.899306;conv2.weight:0.899523;conv3.weight:0.899523;fc1.weight:0.900085
Round 005 | train_loss=2.2104 | test_loss=2.3033 | test_acc=0.1000 | sparsity=0.9000 | cka=0 | targets=conv1.weight:0.899306;conv2.weight:0.899523;conv3.weight:0.899523;fc1.weight:0.900085
Round 006 | train_loss=2.2105 | test_loss=2.3036 | test_acc=0.1000 | sparsity=0.9000 | cka=1 | targets=conv1.weight:0.899306;conv2.weight:0.899902;conv3.weight:0.899889;fc1.weight:0.900021
Round 007 | train_loss=2.2098 | test_loss=2.3039 | test_acc=0.1000 | sparsity=0.9000 | cka=0 | targets=conv1.weight:0.899306;conv2.weight:0.899902;conv3.weight:0.899889;fc1.weight:0.900021
Round 008 | train_loss=2.2095 | test_loss=2.3042 | test_acc=0.1000 | sparsity=0.9000 | cka=1 | targets=conv1.weight:0.899306;conv2.weight:0.899360;conv3.weight:0.899373;fc1.weight:0.900112
Round 009 | train_loss=2.2105 | test_loss=2.3045 | test_acc=0.1000 | sparsity=0.9000 | cka=0 | targets=conv1.weight:0.899306;conv2.weight:0.899360;conv3.weight:0.899373;fc1.weight:0.900112
Round 010 | train_loss=2.2104 | test_loss=2.3047 | test_acc=0.1000 | sparsity=0.9000 | cka=1 | targets=conv1.weight:0.899306;conv2.weight:0.899848;conv3.weight:0.899862;fc1.weight:0.900026
Round 011 | train_loss=2.2088 | test_loss=2.3049 | test_acc=0.1000 | sparsity=0.9000 | cka=0 | targets=conv1.weight:0.899306;conv2.weight:0.899848;conv3.weight:0.899862;fc1.weight:0.900026
Round 012 | train_loss=2.2078 | test_loss=2.3052 | test_acc=0.1000 | sparsity=0.9000 | cka=1 | targets=conv1.weight:0.899306;conv2.weight:0.899306;conv3.weight:0.899306;fc1.weight:0.900124
Round 013 | train_loss=2.2093 | test_loss=2.3053 | test_acc=0.1000 | sparsity=0.9000 | cka=0 | targets=conv1.weight:0.899306;conv2.weight:0.899306;conv3.weight:0.899306;fc1.weight:0.900124
Round 014 | train_loss=2.2085 | test_loss=2.3055 | test_acc=0.1000 | sparsity=0.9000 | cka=1 | targets=conv1.weight:0.899306;conv2.weight:0.899794;conv3.weight:0.899794;fc1.weight:0.900038
Round 015 | train_loss=2.2051 | test_loss=2.3057 | test_acc=0.1000 | sparsity=0.9000 | cka=0 | targets=conv1.weight:0.899306;conv2.weight:0.899794;conv3.weight:0.899794;fc1.weight:0.900038
Round 016 | train_loss=2.2015 | test_loss=2.3058 | test_acc=0.1000 | sparsity=0.9000 | cka=1 | targets=conv1.weight:0.899306;conv2.weight:0.899523;conv3.weight:0.899563;fc1.weight:0.900080
Round 017 | train_loss=2.2047 | test_loss=2.3059 | test_acc=0.1000 | sparsity=0.9000 | cka=0 | targets=conv1.weight:0.899306;conv2.weight:0.899523;conv3.weight:0.899563;fc1.weight:0.900080
Round 018 | train_loss=2.2022 | test_loss=2.3060 | test_acc=0.1000 | sparsity=0.9000 | cka=1 | targets=conv1.weight:0.899306;conv2.weight:0.899794;conv3.weight:0.899794;fc1.weight:0.900038
Round 019 | train_loss=2.1921 | test_loss=2.3061 | test_acc=0.1000 | sparsity=0.9000 | cka=0 | targets=conv1.weight:0.899306;conv2.weight:0.899794;conv3.weight:0.899794;fc1.weight:0.900038
Round 020 | train_loss=2.1729 | test_loss=2.3062 | test_acc=0.1000 | sparsity=0.9000 | cka=1 | targets=conv1.weight:0.900463;conv2.weight:0.899848;conv3.weight:0.899875;fc1.weight:0.900023
Saved training log to: results/logs/cka_strength_sweep/cifar10_cka_strength_fixed_5605137/strength_0p5/seed_21/cka_feddst_cifar10_clients5_alpha0.3_sparsity0.9_cka0.5_seed21_20260801_201806.csv
Saved CKA log to: results/logs/cka_strength_sweep/cifar10_cka_strength_fixed_5605137/strength_0p5/seed_21/cka_feddst_cifar10_clients5_alpha0.3_sparsity0.9_cka0.5_seed21_20260801_201806_cka.csv

[Run 45/125] suite=cka_strength method=cka_feddst seed=21 sparsity=0.95 cka_strength=0.5
Output log dir: results/logs/cka_strength_sweep/cifar10_cka_strength_fixed_5605137/strength_0p5/seed_21
Command: /mnt/aiongpfs/users/dsen/micromamba/envs/cka-cifar/bin/python -m src.train --global-config configs/global_cifar10.yaml --config configs/cka_feddst_mnist.yaml --seed 21 --sparsity 0.95 --cka-strength 0.5 --log-dir results/logs/cka_strength_sweep/cifar10_cka_strength_fixed_5605137/strength_0p5/seed_21 --checkpoint-dir results/checkpoints/cka_strength_sweep/cifar10_cka_strength_fixed_5605137/strength_0p5/seed_21 --plot-dir results/plots/cka_strength_sweep/cifar10_cka_strength_fixed_5605137
Final merged configuration:
alpha: 0.3
batch_size: 64
checkpoint_dir: results/checkpoints/cka_strength_sweep/cifar10_cka_strength_fixed_5605137/strength_0p5/seed_21
cka_interval: 2
cka_layers:
- conv1
- conv2
- conv3
- fc1
cka_max_sparsity: 0.95
cka_min_sparsity: 0.5
cka_strength: 0.5
data_check: false
data_dir: data
dataset: cifar10
device: auto
disable_cudnn: true
dry_run: false
eval_interval: 1
experiment_config_path: configs/cka_feddst_mnist.yaml
global_config_path: configs/global_cifar10.yaml
local_epochs: 1
log_cka: false
log_dir: results/logs/cka_strength_sweep/cifar10_cka_strength_fixed_5605137/strength_0p5/seed_21
lr: 0.01
mask_update_interval: 2
method: cka_feddst
model: cifar_cnn
num_clients: 5
num_workers: 2
output_dir: results
plot_dir: results/plots/cka_strength_sweep/cifar10_cka_strength_fixed_5605137
prune_fraction: 0.2
reference_size: 500
regrowth_method: gradient
rounds: 20
save_checkpoint: false
seed: 21
sparsity: 0.95
sparsity_init: random
split_dir: null
Saved merged config to: results/logs/cka_strength_sweep/cifar10_cka_strength_fixed_5605137/strength_0p5/seed_21/cka_feddst_cifar10_clients5_alpha0.3_sparsity0.95_cka0.5_seed21_20260801_202501_config.yaml
cuDNN disabled for this run.
Client label distributions:
  client 00: n=10151, labels=[68, 0, 4345, 758, 1058, 713, 0, 122, 882, 2205]
  client 01: n=10420, labels=[957, 2155, 26, 376, 2359, 483, 4054, 4, 6, 0]
  client 02: n= 7384, labels=[1406, 266, 313, 764, 191, 13, 184, 2, 3127, 1118]
  client 03: n=13329, labels=[2519, 2506, 245, 1146, 1341, 359, 6, 3254, 563, 1390]
  client 04: n= 8216, labels=[0, 23, 21, 1906, 1, 3382, 706, 1568, 372, 237]
Initial sparsity | total=0.9500 | active=30994/619872
Layer sparsity | conv1.weight:0.947917;conv2.weight:0.948459;conv3.weight:0.950602;fc1.weight:0.949945;fc2.weight:0.955469
Round 001 | train_loss=2.2115 | test_loss=2.3028 | test_acc=0.1000 | sparsity=0.9500 | cka=0 | targets=
Round 002 | train_loss=2.2113 | test_loss=2.3027 | test_acc=0.1000 | sparsity=0.9500 | cka=1 | targets=conv1.weight:0.949074;conv2.weight:0.949978;conv3.weight:0.949992;fc1.weight:0.949999
Round 003 | train_loss=2.2110 | test_loss=2.3028 | test_acc=0.1000 | sparsity=0.9500 | cka=0 | targets=conv1.weight:0.949074;conv2.weight:0.949978;conv3.weight:0.949992;fc1.weight:0.949999
Round 004 | train_loss=2.2111 | test_loss=2.3030 | test_acc=0.1000 | sparsity=0.9500 | cka=1 | targets=conv1.weight:0.949074;conv2.weight:0.949978;conv3.weight:0.949992;fc1.weight:0.949999
Round 005 | train_loss=2.2116 | test_loss=2.3033 | test_acc=0.1000 | sparsity=0.9500 | cka=0 | targets=conv1.weight:0.949074;conv2.weight:0.949978;conv3.weight:0.949992;fc1.weight:0.949999
Round 006 | train_loss=2.2118 | test_loss=2.3036 | test_acc=0.1000 | sparsity=0.9500 | cka=1 | targets=conv1.weight:0.949074;conv2.weight:0.949978;conv3.weight:0.949992;fc1.weight:0.949999
Round 007 | train_loss=2.2118 | test_loss=2.3039 | test_acc=0.1000 | sparsity=0.9500 | cka=0 | targets=conv1.weight:0.949074;conv2.weight:0.949978;conv3.weight:0.949992;fc1.weight:0.949999
Round 008 | train_loss=2.2119 | test_loss=2.3042 | test_acc=0.1000 | sparsity=0.9500 | cka=1 | targets=conv1.weight:0.949074;conv2.weight:0.949978;conv3.weight:0.949992;fc1.weight:0.949999
Round 009 | train_loss=2.2126 | test_loss=2.3045 | test_acc=0.1000 | sparsity=0.9500 | cka=0 | targets=conv1.weight:0.949074;conv2.weight:0.949978;conv3.weight:0.949992;fc1.weight:0.949999
Round 010 | train_loss=2.2127 | test_loss=2.3047 | test_acc=0.1000 | sparsity=0.9500 | cka=1 | targets=conv1.weight:0.949074;conv2.weight:0.949978;conv3.weight:0.949992;fc1.weight:0.949999
Round 011 | train_loss=2.2124 | test_loss=2.3049 | test_acc=0.1000 | sparsity=0.9500 | cka=0 | targets=conv1.weight:0.949074;conv2.weight:0.949978;conv3.weight:0.949992;fc1.weight:0.949999
Round 012 | train_loss=2.2124 | test_loss=2.3051 | test_acc=0.1000 | sparsity=0.9500 | cka=1 | targets=conv1.weight:0.949074;conv2.weight:0.949978;conv3.weight:0.949992;fc1.weight:0.949999
Round 013 | train_loss=2.2130 | test_loss=2.3053 | test_acc=0.1000 | sparsity=0.9500 | cka=0 | targets=conv1.weight:0.949074;conv2.weight:0.949978;conv3.weight:0.949992;fc1.weight:0.949999
Round 014 | train_loss=2.2130 | test_loss=2.3055 | test_acc=0.1000 | sparsity=0.9500 | cka=1 | targets=conv1.weight:0.949074;conv2.weight:0.949978;conv3.weight:0.949992;fc1.weight:0.949999
Round 015 | train_loss=2.2123 | test_loss=2.3056 | test_acc=0.1000 | sparsity=0.9500 | cka=0 | targets=conv1.weight:0.949074;conv2.weight:0.949978;conv3.weight:0.949992;fc1.weight:0.949999
Round 016 | train_loss=2.2121 | test_loss=2.3058 | test_acc=0.1000 | sparsity=0.9500 | cka=1 | targets=conv1.weight:0.949074;conv2.weight:0.949978;conv3.weight:0.949992;fc1.weight:0.949999
Round 017 | train_loss=2.2128 | test_loss=2.3059 | test_acc=0.1000 | sparsity=0.9500 | cka=0 | targets=conv1.weight:0.949074;conv2.weight:0.949978;conv3.weight:0.949992;fc1.weight:0.949999
Round 018 | train_loss=2.2125 | test_loss=2.3060 | test_acc=0.1000 | sparsity=0.9500 | cka=1 | targets=conv1.weight:0.949074;conv2.weight:0.949978;conv3.weight:0.949992;fc1.weight:0.949999
Round 019 | train_loss=2.2114 | test_loss=2.3060 | test_acc=0.1000 | sparsity=0.9500 | cka=0 | targets=conv1.weight:0.949074;conv2.weight:0.949978;conv3.weight:0.949992;fc1.weight:0.949999
Round 020 | train_loss=2.2107 | test_loss=2.3061 | test_acc=0.1000 | sparsity=0.9500 | cka=1 | targets=conv1.weight:0.949074;conv2.weight:0.949978;conv3.weight:0.949992;fc1.weight:0.949999
Saved training log to: results/logs/cka_strength_sweep/cifar10_cka_strength_fixed_5605137/strength_0p5/seed_21/cka_feddst_cifar10_clients5_alpha0.3_sparsity0.95_cka0.5_seed21_20260801_202501.csv
Saved CKA log to: results/logs/cka_strength_sweep/cifar10_cka_strength_fixed_5605137/strength_0p5/seed_21/cka_feddst_cifar10_clients5_alpha0.3_sparsity0.95_cka0.5_seed21_20260801_202501_cka.csv

[Run 46/125] suite=cka_strength method=cka_feddst seed=100 sparsity=0.5 cka_strength=0.5
Output log dir: results/logs/cka_strength_sweep/cifar10_cka_strength_fixed_5605137/strength_0p5/seed_100
Command: /mnt/aiongpfs/users/dsen/micromamba/envs/cka-cifar/bin/python -m src.train --global-config configs/global_cifar10.yaml --config configs/cka_feddst_mnist.yaml --seed 100 --sparsity 0.5 --cka-strength 0.5 --log-dir results/logs/cka_strength_sweep/cifar10_cka_strength_fixed_5605137/strength_0p5/seed_100 --checkpoint-dir results/checkpoints/cka_strength_sweep/cifar10_cka_strength_fixed_5605137/strength_0p5/seed_100 --plot-dir results/plots/cka_strength_sweep/cifar10_cka_strength_fixed_5605137
Final merged configuration:
alpha: 0.3
batch_size: 64
checkpoint_dir: results/checkpoints/cka_strength_sweep/cifar10_cka_strength_fixed_5605137/strength_0p5/seed_100
cka_interval: 2
cka_layers:
- conv1
- conv2
- conv3
- fc1
cka_max_sparsity: 0.95
cka_min_sparsity: 0.5
cka_strength: 0.5
data_check: false
data_dir: data
dataset: cifar10
device: auto
disable_cudnn: true
dry_run: false
eval_interval: 1
experiment_config_path: configs/cka_feddst_mnist.yaml
global_config_path: configs/global_cifar10.yaml
local_epochs: 1
log_cka: false
log_dir: results/logs/cka_strength_sweep/cifar10_cka_strength_fixed_5605137/strength_0p5/seed_100
lr: 0.01
mask_update_interval: 2
method: cka_feddst
model: cifar_cnn
num_clients: 5
num_workers: 2
output_dir: results
plot_dir: results/plots/cka_strength_sweep/cifar10_cka_strength_fixed_5605137
prune_fraction: 0.2
reference_size: 500
regrowth_method: gradient
rounds: 20
save_checkpoint: false
seed: 100
sparsity: 0.5
sparsity_init: random
split_dir: null
Saved merged config to: results/logs/cka_strength_sweep/cifar10_cka_strength_fixed_5605137/strength_0p5/seed_100/cka_feddst_cifar10_clients5_alpha0.3_sparsity0.5_cka0.5_seed100_20260801_203204_config.yaml
cuDNN disabled for this run.
Client label distributions:
  client 00: n= 6485, labels=[2604, 0, 589, 2, 2, 5, 173, 2831, 8, 271]
  client 01: n= 9836, labels=[30, 0, 237, 3053, 347, 2329, 15, 2008, 2, 1815]
  client 02: n= 9670, labels=[180, 2324, 0, 407, 463, 481, 1656, 64, 4094, 1]
  client 03: n= 6110, labels=[2074, 92, 1, 1395, 1095, 27, 832, 24, 30, 540]
  client 04: n=17399, labels=[62, 2534, 4123, 93, 3043, 2108, 2274, 23, 816, 2323]
Initial sparsity | total=0.5000 | active=309936/619872
Layer sparsity | conv1.weight:0.535880;conv2.weight:0.500651;conv3.weight:0.499769;fc1.weight:0.499912;fc2.weight:0.507812
Round 001 | train_loss=1.9797 | test_loss=2.3196 | test_acc=0.1490 | sparsity=0.5000 | cka=0 | targets=
Round 002 | train_loss=1.7043 | test_loss=2.4374 | test_acc=0.1617 | sparsity=0.5000 | cka=1 | targets=conv1.weight:0.500000;conv2.weight:0.500000;conv3.weight:0.500000;fc1.weight:0.500000
Round 003 | train_loss=1.6586 | test_loss=2.3887 | test_acc=0.1813 | sparsity=0.5000 | cka=0 | targets=conv1.weight:0.500000;conv2.weight:0.500000;conv3.weight:0.500000;fc1.weight:0.500000
Round 004 | train_loss=1.6460 | test_loss=2.4148 | test_acc=0.1790 | sparsity=0.5000 | cka=1 | targets=conv1.weight:0.500000;conv2.weight:0.500000;conv3.weight:0.500000;fc1.weight:0.500000
Round 005 | train_loss=1.6351 | test_loss=2.3875 | test_acc=0.1863 | sparsity=0.5000 | cka=0 | targets=conv1.weight:0.500000;conv2.weight:0.500000;conv3.weight:0.500000;fc1.weight:0.500000
Round 006 | train_loss=1.6162 | test_loss=2.3687 | test_acc=0.1907 | sparsity=0.5000 | cka=1 | targets=conv1.weight:0.500000;conv2.weight:0.500000;conv3.weight:0.500000;fc1.weight:0.500000
Round 007 | train_loss=1.6129 | test_loss=2.3234 | test_acc=0.1942 | sparsity=0.5000 | cka=0 | targets=conv1.weight:0.500000;conv2.weight:0.500000;conv3.weight:0.500000;fc1.weight:0.500000
Round 008 | train_loss=1.5927 | test_loss=2.3228 | test_acc=0.2015 | sparsity=0.5000 | cka=1 | targets=conv1.weight:0.500000;conv2.weight:0.500000;conv3.weight:0.500000;fc1.weight:0.500000
Round 009 | train_loss=1.5769 | test_loss=2.3041 | test_acc=0.2133 | sparsity=0.5000 | cka=0 | targets=conv1.weight:0.500000;conv2.weight:0.500000;conv3.weight:0.500000;fc1.weight:0.500000
Round 010 | train_loss=1.5540 | test_loss=2.2495 | test_acc=0.2151 | sparsity=0.5000 | cka=1 | targets=conv1.weight:0.500000;conv2.weight:0.500000;conv3.weight:0.500000;fc1.weight:0.500000
Round 011 | train_loss=1.5467 | test_loss=2.1544 | test_acc=0.2315 | sparsity=0.5000 | cka=0 | targets=conv1.weight:0.500000;conv2.weight:0.500000;conv3.weight:0.500000;fc1.weight:0.500000
Round 012 | train_loss=1.5088 | test_loss=2.1850 | test_acc=0.2268 | sparsity=0.5000 | cka=1 | targets=conv1.weight:0.500000;conv2.weight:0.500000;conv3.weight:0.500000;fc1.weight:0.500000
Round 013 | train_loss=1.4813 | test_loss=2.0599 | test_acc=0.2603 | sparsity=0.5000 | cka=0 | targets=conv1.weight:0.500000;conv2.weight:0.500000;conv3.weight:0.500000;fc1.weight:0.500000
Round 014 | train_loss=1.4445 | test_loss=2.0325 | test_acc=0.2692 | sparsity=0.5000 | cka=1 | targets=conv1.weight:0.500000;conv2.weight:0.500000;conv3.weight:0.500000;fc1.weight:0.500000
Round 015 | train_loss=1.4345 | test_loss=1.9393 | test_acc=0.2960 | sparsity=0.5000 | cka=0 | targets=conv1.weight:0.500000;conv2.weight:0.500000;conv3.weight:0.500000;fc1.weight:0.500000
Round 016 | train_loss=1.3928 | test_loss=1.9322 | test_acc=0.3031 | sparsity=0.5000 | cka=1 | targets=conv1.weight:0.500000;conv2.weight:0.500000;conv3.weight:0.500000;fc1.weight:0.500000
Round 017 | train_loss=1.3614 | test_loss=1.9119 | test_acc=0.3035 | sparsity=0.5000 | cka=0 | targets=conv1.weight:0.500000;conv2.weight:0.500000;conv3.weight:0.500000;fc1.weight:0.500000
Round 018 | train_loss=1.3375 | test_loss=1.8847 | test_acc=0.3156 | sparsity=0.5000 | cka=1 | targets=conv1.weight:0.500000;conv2.weight:0.500000;conv3.weight:0.500000;fc1.weight:0.500000
Round 019 | train_loss=1.3267 | test_loss=1.8836 | test_acc=0.3121 | sparsity=0.5000 | cka=0 | targets=conv1.weight:0.500000;conv2.weight:0.500000;conv3.weight:0.500000;fc1.weight:0.500000
Round 020 | train_loss=1.2993 | test_loss=1.8230 | test_acc=0.3282 | sparsity=0.5000 | cka=1 | targets=conv1.weight:0.500000;conv2.weight:0.500000;conv3.weight:0.500000;fc1.weight:0.500000
Saved training log to: results/logs/cka_strength_sweep/cifar10_cka_strength_fixed_5605137/strength_0p5/seed_100/cka_feddst_cifar10_clients5_alpha0.3_sparsity0.5_cka0.5_seed100_20260801_203204.csv
Saved CKA log to: results/logs/cka_strength_sweep/cifar10_cka_strength_fixed_5605137/strength_0p5/seed_100/cka_feddst_cifar10_clients5_alpha0.3_sparsity0.5_cka0.5_seed100_20260801_203204_cka.csv

[Run 47/125] suite=cka_strength method=cka_feddst seed=100 sparsity=0.7 cka_strength=0.5
Output log dir: results/logs/cka_strength_sweep/cifar10_cka_strength_fixed_5605137/strength_0p5/seed_100
Command: /mnt/aiongpfs/users/dsen/micromamba/envs/cka-cifar/bin/python -m src.train --global-config configs/global_cifar10.yaml --config configs/cka_feddst_mnist.yaml --seed 100 --sparsity 0.7 --cka-strength 0.5 --log-dir results/logs/cka_strength_sweep/cifar10_cka_strength_fixed_5605137/strength_0p5/seed_100 --checkpoint-dir results/checkpoints/cka_strength_sweep/cifar10_cka_strength_fixed_5605137/strength_0p5/seed_100 --plot-dir results/plots/cka_strength_sweep/cifar10_cka_strength_fixed_5605137
Final merged configuration:
alpha: 0.3
batch_size: 64
checkpoint_dir: results/checkpoints/cka_strength_sweep/cifar10_cka_strength_fixed_5605137/strength_0p5/seed_100
cka_interval: 2
cka_layers:
- conv1
- conv2
- conv3
- fc1
cka_max_sparsity: 0.95
cka_min_sparsity: 0.5
cka_strength: 0.5
data_check: false
data_dir: data
dataset: cifar10
device: auto
disable_cudnn: true
dry_run: false
eval_interval: 1
experiment_config_path: configs/cka_feddst_mnist.yaml
global_config_path: configs/global_cifar10.yaml
local_epochs: 1
log_cka: false
log_dir: results/logs/cka_strength_sweep/cifar10_cka_strength_fixed_5605137/strength_0p5/seed_100
lr: 0.01
mask_update_interval: 2
method: cka_feddst
model: cifar_cnn
num_clients: 5
num_workers: 2
output_dir: results
plot_dir: results/plots/cka_strength_sweep/cifar10_cka_strength_fixed_5605137
prune_fraction: 0.2
reference_size: 500
regrowth_method: gradient
rounds: 20
save_checkpoint: false
seed: 100
sparsity: 0.7
sparsity_init: random
split_dir: null
Saved merged config to: results/logs/cka_strength_sweep/cifar10_cka_strength_fixed_5605137/strength_0p5/seed_100/cka_feddst_cifar10_clients5_alpha0.3_sparsity0.7_cka0.5_seed100_20260801_203858_config.yaml
cuDNN disabled for this run.
Client label distributions:
  client 00: n= 6485, labels=[2604, 0, 589, 2, 2, 5, 173, 2831, 8, 271]
  client 01: n= 9836, labels=[30, 0, 237, 3053, 347, 2329, 15, 2008, 2, 1815]
  client 02: n= 9670, labels=[180, 2324, 0, 407, 463, 481, 1656, 64, 4094, 1]
  client 03: n= 6110, labels=[2074, 92, 1, 1395, 1095, 27, 832, 24, 30, 540]
  client 04: n=17399, labels=[62, 2534, 4123, 93, 3043, 2108, 2274, 23, 816, 2323]
Initial sparsity | total=0.7000 | active=185962/619872
Layer sparsity | conv1.weight:0.723380;conv2.weight:0.702962;conv3.weight:0.701280;fc1.weight:0.699663;fc2.weight:0.702734
Round 001 | train_loss=2.1994 | test_loss=2.3033 | test_acc=0.1000 | sparsity=0.7000 | cka=0 | targets=
Round 002 | train_loss=2.1273 | test_loss=2.3058 | test_acc=0.1214 | sparsity=0.7000 | cka=1 | targets=conv1.weight:0.699074;conv2.weight:0.698839;conv3.weight:0.698853;fc1.weight:0.700203
Round 003 | train_loss=1.7656 | test_loss=2.4113 | test_acc=0.1459 | sparsity=0.7000 | cka=0 | targets=conv1.weight:0.699074;conv2.weight:0.698839;conv3.weight:0.698853;fc1.weight:0.700203
Round 004 | train_loss=1.6731 | test_loss=2.3208 | test_acc=0.1707 | sparsity=0.7000 | cka=1 | targets=conv1.weight:0.699074;conv2.weight:0.699110;conv3.weight:0.699110;fc1.weight:0.700157
Round 005 | train_loss=1.6711 | test_loss=2.4038 | test_acc=0.1794 | sparsity=0.7000 | cka=0 | targets=conv1.weight:0.699074;conv2.weight:0.699110;conv3.weight:0.699110;fc1.weight:0.700157
Round 006 | train_loss=1.6428 | test_loss=2.4020 | test_acc=0.1823 | sparsity=0.7000 | cka=1 | targets=conv1.weight:0.699074;conv2.weight:0.699002;conv3.weight:0.699015;fc1.weight:0.700174
Round 007 | train_loss=1.6393 | test_loss=2.3835 | test_acc=0.1837 | sparsity=0.7000 | cka=0 | targets=conv1.weight:0.699074;conv2.weight:0.699002;conv3.weight:0.699015;fc1.weight:0.700174
Round 008 | train_loss=1.6277 | test_loss=2.3991 | test_acc=0.1838 | sparsity=0.7000 | cka=1 | targets=conv1.weight:0.697917;conv2.weight:0.698242;conv3.weight:0.698215;fc1.weight:0.700315
Round 009 | train_loss=1.6212 | test_loss=2.3852 | test_acc=0.1877 | sparsity=0.7000 | cka=0 | targets=conv1.weight:0.697917;conv2.weight:0.698242;conv3.weight:0.698215;fc1.weight:0.700315
Round 010 | train_loss=1.6117 | test_loss=2.3489 | test_acc=0.1892 | sparsity=0.7000 | cka=1 | targets=conv1.weight:0.697917;conv2.weight:0.698513;conv3.weight:0.698500;fc1.weight:0.700266
Round 011 | train_loss=1.6111 | test_loss=2.3043 | test_acc=0.1938 | sparsity=0.7000 | cka=0 | targets=conv1.weight:0.697917;conv2.weight:0.698513;conv3.weight:0.698500;fc1.weight:0.700266
Round 012 | train_loss=1.5950 | test_loss=2.3381 | test_acc=0.1949 | sparsity=0.7000 | cka=1 | targets=conv1.weight:0.697917;conv2.weight:0.698079;conv3.weight:0.698107;fc1.weight:0.700336
Round 013 | train_loss=1.5914 | test_loss=2.2963 | test_acc=0.2063 | sparsity=0.7000 | cka=0 | targets=conv1.weight:0.697917;conv2.weight:0.698079;conv3.weight:0.698107;fc1.weight:0.700336
Round 014 | train_loss=1.5785 | test_loss=2.3084 | test_acc=0.1991 | sparsity=0.7000 | cka=1 | targets=conv1.weight:0.697917;conv2.weight:0.698351;conv3.weight:0.698351;fc1.weight:0.700293
Round 015 | train_loss=1.5805 | test_loss=2.2524 | test_acc=0.2062 | sparsity=0.7000 | cka=0 | targets=conv1.weight:0.697917;conv2.weight:0.698351;conv3.weight:0.698351;fc1.weight:0.700293
Round 016 | train_loss=1.5629 | test_loss=2.2897 | test_acc=0.2035 | sparsity=0.7000 | cka=1 | targets=conv1.weight:0.697917;conv2.weight:0.697537;conv3.weight:0.697578;fc1.weight:0.700430
Round 017 | train_loss=1.5512 | test_loss=2.2643 | test_acc=0.2072 | sparsity=0.7000 | cka=0 | targets=conv1.weight:0.697917;conv2.weight:0.697537;conv3.weight:0.697578;fc1.weight:0.700430
Round 018 | train_loss=1.5393 | test_loss=2.2536 | test_acc=0.2016 | sparsity=0.7000 | cka=1 | targets=conv1.weight:0.697917;conv2.weight:0.697591;conv3.weight:0.697618;fc1.weight:0.700422
Round 019 | train_loss=1.5394 | test_loss=2.2194 | test_acc=0.2043 | sparsity=0.7000 | cka=0 | targets=conv1.weight:0.697917;conv2.weight:0.697591;conv3.weight:0.697618;fc1.weight:0.700422
Round 020 | train_loss=1.5165 | test_loss=2.1884 | test_acc=0.2151 | sparsity=0.7000 | cka=1 | targets=conv1.weight:0.695602;conv2.weight:0.696398;conv3.weight:0.696547;fc1.weight:0.700619
Saved training log to: results/logs/cka_strength_sweep/cifar10_cka_strength_fixed_5605137/strength_0p5/seed_100/cka_feddst_cifar10_clients5_alpha0.3_sparsity0.7_cka0.5_seed100_20260801_203858.csv
Saved CKA log to: results/logs/cka_strength_sweep/cifar10_cka_strength_fixed_5605137/strength_0p5/seed_100/cka_feddst_cifar10_clients5_alpha0.3_sparsity0.7_cka0.5_seed100_20260801_203858_cka.csv

[Run 48/125] suite=cka_strength method=cka_feddst seed=100 sparsity=0.8 cka_strength=0.5
Output log dir: results/logs/cka_strength_sweep/cifar10_cka_strength_fixed_5605137/strength_0p5/seed_100
Command: /mnt/aiongpfs/users/dsen/micromamba/envs/cka-cifar/bin/python -m src.train --global-config configs/global_cifar10.yaml --config configs/cka_feddst_mnist.yaml --seed 100 --sparsity 0.8 --cka-strength 0.5 --log-dir results/logs/cka_strength_sweep/cifar10_cka_strength_fixed_5605137/strength_0p5/seed_100 --checkpoint-dir results/checkpoints/cka_strength_sweep/cifar10_cka_strength_fixed_5605137/strength_0p5/seed_100 --plot-dir results/plots/cka_strength_sweep/cifar10_cka_strength_fixed_5605137
Final merged configuration:
alpha: 0.3
batch_size: 64
checkpoint_dir: results/checkpoints/cka_strength_sweep/cifar10_cka_strength_fixed_5605137/strength_0p5/seed_100
cka_interval: 2
cka_layers:
- conv1
- conv2
- conv3
- fc1
cka_max_sparsity: 0.95
cka_min_sparsity: 0.5
cka_strength: 0.5
data_check: false
data_dir: data
dataset: cifar10
device: auto
disable_cudnn: true
dry_run: false
eval_interval: 1
experiment_config_path: configs/cka_feddst_mnist.yaml
global_config_path: configs/global_cifar10.yaml
local_epochs: 1
log_cka: false
log_dir: results/logs/cka_strength_sweep/cifar10_cka_strength_fixed_5605137/strength_0p5/seed_100
lr: 0.01
mask_update_interval: 2
method: cka_feddst
model: cifar_cnn
num_clients: 5
num_workers: 2
output_dir: results
plot_dir: results/plots/cka_strength_sweep/cifar10_cka_strength_fixed_5605137
prune_fraction: 0.2
reference_size: 500
regrowth_method: gradient
rounds: 20
save_checkpoint: false
seed: 100
sparsity: 0.8
sparsity_init: random
split_dir: null
Saved merged config to: results/logs/cka_strength_sweep/cifar10_cka_strength_fixed_5605137/strength_0p5/seed_100/cka_feddst_cifar10_clients5_alpha0.3_sparsity0.8_cka0.5_seed100_20260801_204610_config.yaml
cuDNN disabled for this run.
Client label distributions:
  client 00: n= 6485, labels=[2604, 0, 589, 2, 2, 5, 173, 2831, 8, 271]
  client 01: n= 9836, labels=[30, 0, 237, 3053, 347, 2329, 15, 2008, 2, 1815]
  client 02: n= 9670, labels=[180, 2324, 0, 407, 463, 481, 1656, 64, 4094, 1]
  client 03: n= 6110, labels=[2074, 92, 1, 1395, 1095, 27, 832, 24, 30, 540]
  client 04: n=17399, labels=[62, 2534, 4123, 93, 3043, 2108, 2274, 23, 816, 2323]
Initial sparsity | total=0.8000 | active=123974/619872
Layer sparsity | conv1.weight:0.815972;conv2.weight:0.802734;conv3.weight:0.801731;fc1.weight:0.799652;fc2.weight:0.796484
Round 001 | train_loss=2.2113 | test_loss=2.3036 | test_acc=0.1000 | sparsity=0.8000 | cka=0 | targets=
Round 002 | train_loss=2.2112 | test_loss=2.3049 | test_acc=0.1000 | sparsity=0.8000 | cka=1 | targets=conv1.weight:0.798611;conv2.weight:0.799262;conv3.weight:0.799289;fc1.weight:0.800129
Round 003 | train_loss=2.1982 | test_loss=2.3067 | test_acc=0.1000 | sparsity=0.8000 | cka=0 | targets=conv1.weight:0.798611;conv2.weight:0.799262;conv3.weight:0.799289;fc1.weight:0.800129
Round 004 | train_loss=1.9620 | test_loss=2.3218 | test_acc=0.1430 | sparsity=0.8000 | cka=1 | targets=conv1.weight:0.798611;conv2.weight:0.799154;conv3.weight:0.799154;fc1.weight:0.800152
Round 005 | train_loss=1.7603 | test_loss=2.4401 | test_acc=0.1597 | sparsity=0.8000 | cka=0 | targets=conv1.weight:0.798611;conv2.weight:0.799154;conv3.weight:0.799154;fc1.weight:0.800152
Round 006 | train_loss=1.6661 | test_loss=2.4060 | test_acc=0.1704 | sparsity=0.8000 | cka=1 | targets=conv1.weight:0.799769;conv2.weight:0.799696;conv3.weight:0.799710;fc1.weight:0.800053
Round 007 | train_loss=1.6523 | test_loss=2.4089 | test_acc=0.1786 | sparsity=0.8000 | cka=0 | targets=conv1.weight:0.799769;conv2.weight:0.799696;conv3.weight:0.799710;fc1.weight:0.800053
Round 008 | train_loss=1.6390 | test_loss=2.3963 | test_acc=0.1814 | sparsity=0.8000 | cka=1 | targets=conv1.weight:0.799769;conv2.weight:0.799371;conv3.weight:0.799357;fc1.weight:0.800114
Round 009 | train_loss=1.6329 | test_loss=2.3792 | test_acc=0.1858 | sparsity=0.8000 | cka=0 | targets=conv1.weight:0.799769;conv2.weight:0.799371;conv3.weight:0.799357;fc1.weight:0.800114
Round 010 | train_loss=1.6226 | test_loss=2.3562 | test_acc=0.1852 | sparsity=0.8000 | cka=1 | targets=conv1.weight:0.798611;conv2.weight:0.799262;conv3.weight:0.799249;fc1.weight:0.800135
Round 011 | train_loss=1.6164 | test_loss=2.3296 | test_acc=0.1921 | sparsity=0.8000 | cka=0 | targets=conv1.weight:0.798611;conv2.weight:0.799262;conv3.weight:0.799249;fc1.weight:0.800135
Round 012 | train_loss=1.6024 | test_loss=2.3581 | test_acc=0.1893 | sparsity=0.8000 | cka=1 | targets=conv1.weight:0.798611;conv2.weight:0.798991;conv3.weight:0.799004;fc1.weight:0.800179
Round 013 | train_loss=1.6018 | test_loss=2.2967 | test_acc=0.1976 | sparsity=0.8000 | cka=0 | targets=conv1.weight:0.798611;conv2.weight:0.798991;conv3.weight:0.799004;fc1.weight:0.800179
Round 014 | train_loss=1.5887 | test_loss=2.3389 | test_acc=0.1914 | sparsity=0.8000 | cka=1 | targets=conv1.weight:0.798611;conv2.weight:0.798937;conv3.weight:0.798923;fc1.weight:0.800192
Round 015 | train_loss=1.5867 | test_loss=2.2888 | test_acc=0.1997 | sparsity=0.8000 | cka=0 | targets=conv1.weight:0.798611;conv2.weight:0.798937;conv3.weight:0.798923;fc1.weight:0.800192
Round 016 | train_loss=1.5724 | test_loss=2.3293 | test_acc=0.1976 | sparsity=0.8000 | cka=1 | targets=conv1.weight:0.798611;conv2.weight:0.798611;conv3.weight:0.798625;fc1.weight:0.800245
Round 017 | train_loss=1.5670 | test_loss=2.2794 | test_acc=0.1976 | sparsity=0.8000 | cka=0 | targets=conv1.weight:0.798611;conv2.weight:0.798611;conv3.weight:0.798625;fc1.weight:0.800245
Round 018 | train_loss=1.5582 | test_loss=2.3111 | test_acc=0.1929 | sparsity=0.8000 | cka=1 | targets=conv1.weight:0.797454;conv2.weight:0.798340;conv3.weight:0.798367;fc1.weight:0.800293
Round 019 | train_loss=1.5550 | test_loss=2.2896 | test_acc=0.1984 | sparsity=0.8000 | cka=0 | targets=conv1.weight:0.797454;conv2.weight:0.798340;conv3.weight:0.798367;fc1.weight:0.800293
Round 020 | train_loss=1.5438 | test_loss=2.2721 | test_acc=0.2061 | sparsity=0.8000 | cka=1 | targets=conv1.weight:0.797454;conv2.weight:0.797797;conv3.weight:0.797892;fc1.weight:0.800379
Saved training log to: results/logs/cka_strength_sweep/cifar10_cka_strength_fixed_5605137/strength_0p5/seed_100/cka_feddst_cifar10_clients5_alpha0.3_sparsity0.8_cka0.5_seed100_20260801_204610.csv
Saved CKA log to: results/logs/cka_strength_sweep/cifar10_cka_strength_fixed_5605137/strength_0p5/seed_100/cka_feddst_cifar10_clients5_alpha0.3_sparsity0.8_cka0.5_seed100_20260801_204610_cka.csv

[Run 49/125] suite=cka_strength method=cka_feddst seed=100 sparsity=0.9 cka_strength=0.5
Output log dir: results/logs/cka_strength_sweep/cifar10_cka_strength_fixed_5605137/strength_0p5/seed_100
Command: /mnt/aiongpfs/users/dsen/micromamba/envs/cka-cifar/bin/python -m src.train --global-config configs/global_cifar10.yaml --config configs/cka_feddst_mnist.yaml --seed 100 --sparsity 0.9 --cka-strength 0.5 --log-dir results/logs/cka_strength_sweep/cifar10_cka_strength_fixed_5605137/strength_0p5/seed_100 --checkpoint-dir results/checkpoints/cka_strength_sweep/cifar10_cka_strength_fixed_5605137/strength_0p5/seed_100 --plot-dir results/plots/cka_strength_sweep/cifar10_cka_strength_fixed_5605137
Final merged configuration:
alpha: 0.3
batch_size: 64
checkpoint_dir: results/checkpoints/cka_strength_sweep/cifar10_cka_strength_fixed_5605137/strength_0p5/seed_100
cka_interval: 2
cka_layers:
- conv1
- conv2
- conv3
- fc1
cka_max_sparsity: 0.95
cka_min_sparsity: 0.5
cka_strength: 0.5
data_check: false
data_dir: data
dataset: cifar10
device: auto
disable_cudnn: true
dry_run: false
eval_interval: 1
experiment_config_path: configs/cka_feddst_mnist.yaml
global_config_path: configs/global_cifar10.yaml
local_epochs: 1
log_cka: false
log_dir: results/logs/cka_strength_sweep/cifar10_cka_strength_fixed_5605137/strength_0p5/seed_100
lr: 0.01
mask_update_interval: 2
method: cka_feddst
model: cifar_cnn
num_clients: 5
num_workers: 2
output_dir: results
plot_dir: results/plots/cka_strength_sweep/cifar10_cka_strength_fixed_5605137
prune_fraction: 0.2
reference_size: 500
regrowth_method: gradient
rounds: 20
save_checkpoint: false
seed: 100
sparsity: 0.9
sparsity_init: random
split_dir: null
Saved merged config to: results/logs/cka_strength_sweep/cifar10_cka_strength_fixed_5605137/strength_0p5/seed_100/cka_feddst_cifar10_clients5_alpha0.3_sparsity0.9_cka0.5_seed100_20260801_205237_config.yaml
cuDNN disabled for this run.
Client label distributions:
  client 00: n= 6485, labels=[2604, 0, 589, 2, 2, 5, 173, 2831, 8, 271]
  client 01: n= 9836, labels=[30, 0, 237, 3053, 347, 2329, 15, 2008, 2, 1815]
  client 02: n= 9670, labels=[180, 2324, 0, 407, 463, 481, 1656, 64, 4094, 1]
  client 03: n= 6110, labels=[2074, 92, 1, 1395, 1095, 27, 832, 24, 30, 540]
  client 04: n=17399, labels=[62, 2534, 4123, 93, 3043, 2108, 2274, 23, 816, 2323]
Initial sparsity | total=0.9000 | active=61987/619872
Layer sparsity | conv1.weight:0.895833;conv2.weight:0.897569;conv3.weight:0.899129;fc1.weight:0.900221;fc2.weight:0.898828
Round 001 | train_loss=2.2142 | test_loss=2.3038 | test_acc=0.1000 | sparsity=0.9000 | cka=0 | targets=
Round 002 | train_loss=2.2154 | test_loss=2.3051 | test_acc=0.1000 | sparsity=0.9000 | cka=1 | targets=conv1.weight:0.900463;conv2.weight:0.899794;conv3.weight:0.899794;fc1.weight:0.900036
Round 003 | train_loss=2.2163 | test_loss=2.3069 | test_acc=0.1000 | sparsity=0.9000 | cka=0 | targets=conv1.weight:0.900463;conv2.weight:0.899794;conv3.weight:0.899794;fc1.weight:0.900036
Round 004 | train_loss=2.2180 | test_loss=2.3089 | test_acc=0.1000 | sparsity=0.9000 | cka=1 | targets=conv1.weight:0.899306;conv2.weight:0.899523;conv3.weight:0.899523;fc1.weight:0.900085
Round 005 | train_loss=2.2209 | test_loss=2.3110 | test_acc=0.1000 | sparsity=0.9000 | cka=0 | targets=conv1.weight:0.899306;conv2.weight:0.899523;conv3.weight:0.899523;fc1.weight:0.900085
Round 006 | train_loss=2.2229 | test_loss=2.3130 | test_acc=0.1000 | sparsity=0.9000 | cka=1 | targets=conv1.weight:0.899306;conv2.weight:0.899740;conv3.weight:0.899726;fc1.weight:0.900049
Round 007 | train_loss=2.2237 | test_loss=2.3150 | test_acc=0.1000 | sparsity=0.9000 | cka=0 | targets=conv1.weight:0.899306;conv2.weight:0.899740;conv3.weight:0.899726;fc1.weight:0.900049
Round 008 | train_loss=2.2246 | test_loss=2.3167 | test_acc=0.1000 | sparsity=0.9000 | cka=1 | targets=conv1.weight:0.899306;conv2.weight:0.899468;conv3.weight:0.899495;fc1.weight:0.900091
Round 009 | train_loss=2.2276 | test_loss=2.3184 | test_acc=0.1000 | sparsity=0.9000 | cka=0 | targets=conv1.weight:0.899306;conv2.weight:0.899468;conv3.weight:0.899495;fc1.weight:0.900091
Round 010 | train_loss=2.2286 | test_loss=2.3198 | test_acc=0.1000 | sparsity=0.9000 | cka=1 | targets=conv1.weight:0.899306;conv2.weight:0.899631;conv3.weight:0.899604;fc1.weight:0.900070
Round 011 | train_loss=2.2275 | test_loss=2.3212 | test_acc=0.1000 | sparsity=0.9000 | cka=0 | targets=conv1.weight:0.899306;conv2.weight:0.899631;conv3.weight:0.899604;fc1.weight:0.900070
Round 012 | train_loss=2.2263 | test_loss=2.3224 | test_acc=0.1000 | sparsity=0.9000 | cka=1 | targets=conv1.weight:0.899306;conv2.weight:0.899631;conv3.weight:0.899618;fc1.weight:0.900068
Round 013 | train_loss=2.2296 | test_loss=2.3236 | test_acc=0.1000 | sparsity=0.9000 | cka=0 | targets=conv1.weight:0.899306;conv2.weight:0.899631;conv3.weight:0.899618;fc1.weight:0.900068
Round 014 | train_loss=2.2293 | test_loss=2.3246 | test_acc=0.1000 | sparsity=0.9000 | cka=1 | targets=conv1.weight:0.899306;conv2.weight:0.899414;conv3.weight:0.899400;fc1.weight:0.900106
Round 015 | train_loss=2.2238 | test_loss=2.3259 | test_acc=0.1000 | sparsity=0.9000 | cka=0 | targets=conv1.weight:0.899306;conv2.weight:0.899414;conv3.weight:0.899400;fc1.weight:0.900106
Round 016 | train_loss=2.2139 | test_loss=2.3271 | test_acc=0.1000 | sparsity=0.9000 | cka=1 | targets=conv1.weight:0.900463;conv2.weight:0.899794;conv3.weight:0.899848;fc1.weight:0.900028
Round 017 | train_loss=2.2149 | test_loss=2.3300 | test_acc=0.1000 | sparsity=0.9000 | cka=0 | targets=conv1.weight:0.900463;conv2.weight:0.899794;conv3.weight:0.899848;fc1.weight:0.900028
Round 018 | train_loss=2.1753 | test_loss=2.3359 | test_acc=0.1000 | sparsity=0.9000 | cka=1 | targets=conv1.weight:0.899306;conv2.weight:0.899848;conv3.weight:0.899902;fc1.weight:0.900021
Round 019 | train_loss=2.0052 | test_loss=2.3693 | test_acc=0.1391 | sparsity=0.9000 | cka=0 | targets=conv1.weight:0.899306;conv2.weight:0.899848;conv3.weight:0.899902;fc1.weight:0.900021
Round 020 | train_loss=1.7614 | test_loss=2.4817 | test_acc=0.1279 | sparsity=0.9000 | cka=1 | targets=conv1.weight:0.899306;conv2.weight:0.899794;conv3.weight:0.899794;fc1.weight:0.900038
Saved training log to: results/logs/cka_strength_sweep/cifar10_cka_strength_fixed_5605137/strength_0p5/seed_100/cka_feddst_cifar10_clients5_alpha0.3_sparsity0.9_cka0.5_seed100_20260801_205237.csv
Saved CKA log to: results/logs/cka_strength_sweep/cifar10_cka_strength_fixed_5605137/strength_0p5/seed_100/cka_feddst_cifar10_clients5_alpha0.3_sparsity0.9_cka0.5_seed100_20260801_205237_cka.csv

[Run 50/125] suite=cka_strength method=cka_feddst seed=100 sparsity=0.95 cka_strength=0.5
Output log dir: results/logs/cka_strength_sweep/cifar10_cka_strength_fixed_5605137/strength_0p5/seed_100
Command: /mnt/aiongpfs/users/dsen/micromamba/envs/cka-cifar/bin/python -m src.train --global-config configs/global_cifar10.yaml --config configs/cka_feddst_mnist.yaml --seed 100 --sparsity 0.95 --cka-strength 0.5 --log-dir results/logs/cka_strength_sweep/cifar10_cka_strength_fixed_5605137/strength_0p5/seed_100 --checkpoint-dir results/checkpoints/cka_strength_sweep/cifar10_cka_strength_fixed_5605137/strength_0p5/seed_100 --plot-dir results/plots/cka_strength_sweep/cifar10_cka_strength_fixed_5605137
Final merged configuration:
alpha: 0.3
batch_size: 64
checkpoint_dir: results/checkpoints/cka_strength_sweep/cifar10_cka_strength_fixed_5605137/strength_0p5/seed_100
cka_interval: 2
cka_layers:
- conv1
- conv2
- conv3
- fc1
cka_max_sparsity: 0.95
cka_min_sparsity: 0.5
cka_strength: 0.5
data_check: false
data_dir: data
dataset: cifar10
device: auto
disable_cudnn: true
dry_run: false
eval_interval: 1
experiment_config_path: configs/cka_feddst_mnist.yaml
global_config_path: configs/global_cifar10.yaml
local_epochs: 1
log_cka: false
log_dir: results/logs/cka_strength_sweep/cifar10_cka_strength_fixed_5605137/strength_0p5/seed_100
lr: 0.01
mask_update_interval: 2
method: cka_feddst
model: cifar_cnn
num_clients: 5
num_workers: 2
output_dir: results
plot_dir: results/plots/cka_strength_sweep/cifar10_cka_strength_fixed_5605137
prune_fraction: 0.2
reference_size: 500
regrowth_method: gradient
rounds: 20
save_checkpoint: false
seed: 100
sparsity: 0.95
sparsity_init: random
split_dir: null
Saved merged config to: results/logs/cka_strength_sweep/cifar10_cka_strength_fixed_5605137/strength_0p5/seed_100/cka_feddst_cifar10_clients5_alpha0.3_sparsity0.95_cka0.5_seed100_20260801_210003_config.yaml
cuDNN disabled for this run.
Client label distributions:
  client 00: n= 6485, labels=[2604, 0, 589, 2, 2, 5, 173, 2831, 8, 271]
  client 01: n= 9836, labels=[30, 0, 237, 3053, 347, 2329, 15, 2008, 2, 1815]
  client 02: n= 9670, labels=[180, 2324, 0, 407, 463, 481, 1656, 64, 4094, 1]
  client 03: n= 6110, labels=[2074, 92, 1, 1395, 1095, 27, 832, 24, 30, 540]
  client 04: n=17399, labels=[62, 2534, 4123, 93, 3043, 2108, 2274, 23, 816, 2323]
Initial sparsity | total=0.9500 | active=30994/619872
Layer sparsity | conv1.weight:0.950231;conv2.weight:0.947591;conv3.weight:0.949151;fc1.weight:0.950207;fc2.weight:0.949219
Round 001 | train_loss=2.2150 | test_loss=2.3038 | test_acc=0.1000 | sparsity=0.9500 | cka=0 | targets=
Round 002 | train_loss=2.2164 | test_loss=2.3051 | test_acc=0.1000 | sparsity=0.9500 | cka=1 | targets=conv1.weight:0.949074;conv2.weight:0.949978;conv3.weight:0.949992;fc1.weight:0.949999
Round 003 | train_loss=2.2180 | test_loss=2.3069 | test_acc=0.1000 | sparsity=0.9500 | cka=0 | targets=conv1.weight:0.949074;conv2.weight:0.949978;conv3.weight:0.949992;fc1.weight:0.949999
Round 004 | train_loss=2.2201 | test_loss=2.3089 | test_acc=0.1000 | sparsity=0.9500 | cka=1 | targets=conv1.weight:0.949074;conv2.weight:0.949978;conv3.weight:0.949992;fc1.weight:0.949999
Round 005 | train_loss=2.2227 | test_loss=2.3110 | test_acc=0.1000 | sparsity=0.9500 | cka=0 | targets=conv1.weight:0.949074;conv2.weight:0.949978;conv3.weight:0.949992;fc1.weight:0.949999
Round 006 | train_loss=2.2249 | test_loss=2.3129 | test_acc=0.1000 | sparsity=0.9500 | cka=1 | targets=conv1.weight:0.949074;conv2.weight:0.949978;conv3.weight:0.949992;fc1.weight:0.949999
Round 007 | train_loss=2.2265 | test_loss=2.3149 | test_acc=0.1000 | sparsity=0.9500 | cka=0 | targets=conv1.weight:0.949074;conv2.weight:0.949978;conv3.weight:0.949992;fc1.weight:0.949999
Round 008 | train_loss=2.2282 | test_loss=2.3166 | test_acc=0.1000 | sparsity=0.9500 | cka=1 | targets=conv1.weight:0.949074;conv2.weight:0.949978;conv3.weight:0.949992;fc1.weight:0.949999
Round 009 | train_loss=2.2305 | test_loss=2.3182 | test_acc=0.1000 | sparsity=0.9500 | cka=0 | targets=conv1.weight:0.949074;conv2.weight:0.949978;conv3.weight:0.949992;fc1.weight:0.949999
Round 010 | train_loss=2.2319 | test_loss=2.3196 | test_acc=0.1000 | sparsity=0.9500 | cka=1 | targets=conv1.weight:0.949074;conv2.weight:0.949978;conv3.weight:0.949992;fc1.weight:0.949999
Round 011 | train_loss=2.2326 | test_loss=2.3209 | test_acc=0.1000 | sparsity=0.9500 | cka=0 | targets=conv1.weight:0.949074;conv2.weight:0.949978;conv3.weight:0.949992;fc1.weight:0.949999
Round 012 | train_loss=2.2334 | test_loss=2.3220 | test_acc=0.1000 | sparsity=0.9500 | cka=1 | targets=conv1.weight:0.949074;conv2.weight:0.949978;conv3.weight:0.949992;fc1.weight:0.949999
Round 013 | train_loss=2.2353 | test_loss=2.3231 | test_acc=0.1000 | sparsity=0.9500 | cka=0 | targets=conv1.weight:0.949074;conv2.weight:0.949978;conv3.weight:0.949992;fc1.weight:0.949999
Round 014 | train_loss=2.2362 | test_loss=2.3240 | test_acc=0.1000 | sparsity=0.9500 | cka=1 | targets=conv1.weight:0.949074;conv2.weight:0.949978;conv3.weight:0.949992;fc1.weight:0.949999
Round 015 | train_loss=2.2355 | test_loss=2.3249 | test_acc=0.1000 | sparsity=0.9500 | cka=0 | targets=conv1.weight:0.949074;conv2.weight:0.949978;conv3.weight:0.949992;fc1.weight:0.949999
Round 016 | train_loss=2.2355 | test_loss=2.3256 | test_acc=0.1000 | sparsity=0.9500 | cka=1 | targets=conv1.weight:0.949074;conv2.weight:0.949978;conv3.weight:0.949992;fc1.weight:0.949999
Round 017 | train_loss=2.2377 | test_loss=2.3262 | test_acc=0.1000 | sparsity=0.9500 | cka=0 | targets=conv1.weight:0.949074;conv2.weight:0.949978;conv3.weight:0.949992;fc1.weight:0.949999
Round 018 | train_loss=2.2379 | test_loss=2.3268 | test_acc=0.1000 | sparsity=0.9500 | cka=1 | targets=conv1.weight:0.949074;conv2.weight:0.949978;conv3.weight:0.949992;fc1.weight:0.949999
Round 019 | train_loss=2.2356 | test_loss=2.3274 | test_acc=0.1000 | sparsity=0.9500 | cka=0 | targets=conv1.weight:0.949074;conv2.weight:0.949978;conv3.weight:0.949992;fc1.weight:0.949999
Round 020 | train_loss=2.2344 | test_loss=2.3278 | test_acc=0.1000 | sparsity=0.9500 | cka=1 | targets=conv1.weight:0.949074;conv2.weight:0.949978;conv3.weight:0.949992;fc1.weight:0.949999
Saved training log to: results/logs/cka_strength_sweep/cifar10_cka_strength_fixed_5605137/strength_0p5/seed_100/cka_feddst_cifar10_clients5_alpha0.3_sparsity0.95_cka0.5_seed100_20260801_210003.csv
Saved CKA log to: results/logs/cka_strength_sweep/cifar10_cka_strength_fixed_5605137/strength_0p5/seed_100/cka_feddst_cifar10_clients5_alpha0.3_sparsity0.95_cka0.5_seed100_20260801_210003_cka.csv

[Run 51/125] suite=cka_strength method=cka_feddst seed=42 sparsity=0.5 cka_strength=0.8
Output log dir: results/logs/cka_strength_sweep/cifar10_cka_strength_fixed_5605137/strength_0p8/seed_42
Command: /mnt/aiongpfs/users/dsen/micromamba/envs/cka-cifar/bin/python -m src.train --global-config configs/global_cifar10.yaml --config configs/cka_feddst_mnist.yaml --seed 42 --sparsity 0.5 --cka-strength 0.8 --log-dir results/logs/cka_strength_sweep/cifar10_cka_strength_fixed_5605137/strength_0p8/seed_42 --checkpoint-dir results/checkpoints/cka_strength_sweep/cifar10_cka_strength_fixed_5605137/strength_0p8/seed_42 --plot-dir results/plots/cka_strength_sweep/cifar10_cka_strength_fixed_5605137
Final merged configuration:
alpha: 0.3
batch_size: 64
checkpoint_dir: results/checkpoints/cka_strength_sweep/cifar10_cka_strength_fixed_5605137/strength_0p8/seed_42
cka_interval: 2
cka_layers:
- conv1
- conv2
- conv3
- fc1
cka_max_sparsity: 0.95
cka_min_sparsity: 0.5
cka_strength: 0.8
data_check: false
data_dir: data
dataset: cifar10
device: auto
disable_cudnn: true
dry_run: false
eval_interval: 1
experiment_config_path: configs/cka_feddst_mnist.yaml
global_config_path: configs/global_cifar10.yaml
local_epochs: 1
log_cka: false
log_dir: results/logs/cka_strength_sweep/cifar10_cka_strength_fixed_5605137/strength_0p8/seed_42
lr: 0.01
mask_update_interval: 2
method: cka_feddst
model: cifar_cnn
num_clients: 5
num_workers: 2
output_dir: results
plot_dir: results/plots/cka_strength_sweep/cifar10_cka_strength_fixed_5605137
prune_fraction: 0.2
reference_size: 500
regrowth_method: gradient
rounds: 20
save_checkpoint: false
seed: 42
sparsity: 0.5
sparsity_init: random
split_dir: null
Saved merged config to: results/logs/cka_strength_sweep/cifar10_cka_strength_fixed_5605137/strength_0p8/seed_42/cka_feddst_cifar10_clients5_alpha0.3_sparsity0.5_cka0.8_seed42_20260801_210712_config.yaml
cuDNN disabled for this run.
Client label distributions:
  client 00: n= 6173, labels=[449, 1577, 16, 53, 288, 1254, 18, 319, 1561, 638]
  client 01: n= 6712, labels=[388, 41, 1016, 674, 619, 293, 705, 1884, 2, 1090]
  client 02: n= 6610, labels=[14, 2050, 564, 1192, 934, 206, 33, 1318, 147, 152]
  client 03: n=12351, labels=[4094, 1282, 465, 1114, 4, 0, 3603, 1424, 313, 52]
  client 04: n=17654, labels=[5, 0, 2889, 1917, 3105, 3197, 591, 5, 2927, 3018]
Initial sparsity | total=0.5000 | active=309936/619872
Layer sparsity | conv1.weight:0.525463;conv2.weight:0.501519;conv3.weight:0.496962;fc1.weight:0.500244;fc2.weight:0.517969
Round 001 | train_loss=2.0918 | test_loss=2.2846 | test_acc=0.1524 | sparsity=0.5000 | cka=0 | targets=
Round 002 | train_loss=1.8567 | test_loss=2.3521 | test_acc=0.1577 | sparsity=0.5001 | cka=1 | targets=conv1.weight:0.500000;conv2.weight:0.500000;conv3.weight:0.500000;fc1.weight:0.500000
Round 003 | train_loss=1.8052 | test_loss=2.4403 | test_acc=0.1591 | sparsity=0.5001 | cka=0 | targets=conv1.weight:0.500000;conv2.weight:0.500000;conv3.weight:0.500000;fc1.weight:0.500000
Round 004 | train_loss=1.7868 | test_loss=2.3911 | test_acc=0.1754 | sparsity=0.5001 | cka=1 | targets=conv1.weight:0.500000;conv2.weight:0.500000;conv3.weight:0.500000;fc1.weight:0.500000
Round 005 | train_loss=1.7760 | test_loss=2.4274 | test_acc=0.1820 | sparsity=0.5001 | cka=0 | targets=conv1.weight:0.500000;conv2.weight:0.500000;conv3.weight:0.500000;fc1.weight:0.500000
Round 006 | train_loss=1.7556 | test_loss=2.4417 | test_acc=0.1920 | sparsity=0.5001 | cka=1 | targets=conv1.weight:0.500000;conv2.weight:0.500000;conv3.weight:0.500000;fc1.weight:0.500000
Round 007 | train_loss=1.7513 | test_loss=2.4010 | test_acc=0.1929 | sparsity=0.5001 | cka=0 | targets=conv1.weight:0.500000;conv2.weight:0.500000;conv3.weight:0.500000;fc1.weight:0.500000
Round 008 | train_loss=1.7316 | test_loss=2.4184 | test_acc=0.1941 | sparsity=0.5001 | cka=1 | targets=conv1.weight:0.500000;conv2.weight:0.500000;conv3.weight:0.500000;fc1.weight:0.500000
Round 009 | train_loss=1.7120 | test_loss=2.3988 | test_acc=0.2239 | sparsity=0.5001 | cka=0 | targets=conv1.weight:0.500000;conv2.weight:0.500000;conv3.weight:0.500000;fc1.weight:0.500000
Round 010 | train_loss=1.6881 | test_loss=2.4113 | test_acc=0.2196 | sparsity=0.5001 | cka=1 | targets=conv1.weight:0.500000;conv2.weight:0.500000;conv3.weight:0.500000;fc1.weight:0.500000
Round 011 | train_loss=1.6841 | test_loss=2.2289 | test_acc=0.2264 | sparsity=0.5001 | cka=0 | targets=conv1.weight:0.500000;conv2.weight:0.500000;conv3.weight:0.500000;fc1.weight:0.500000
Round 012 | train_loss=1.6421 | test_loss=2.2394 | test_acc=0.2371 | sparsity=0.5001 | cka=1 | targets=conv1.weight:0.500000;conv2.weight:0.500000;conv3.weight:0.500000;fc1.weight:0.500000
Round 013 | train_loss=1.5998 | test_loss=2.2038 | test_acc=0.2445 | sparsity=0.5001 | cka=0 | targets=conv1.weight:0.500000;conv2.weight:0.500000;conv3.weight:0.500000;fc1.weight:0.500000
Round 014 | train_loss=1.5611 | test_loss=2.1487 | test_acc=0.2551 | sparsity=0.5001 | cka=1 | targets=conv1.weight:0.500000;conv2.weight:0.500000;conv3.weight:0.500000;fc1.weight:0.500000
Round 015 | train_loss=1.5521 | test_loss=2.0823 | test_acc=0.2549 | sparsity=0.5001 | cka=0 | targets=conv1.weight:0.500000;conv2.weight:0.500000;conv3.weight:0.500000;fc1.weight:0.500000
Round 016 | train_loss=1.5137 | test_loss=2.0607 | test_acc=0.2598 | sparsity=0.5001 | cka=1 | targets=conv1.weight:0.500000;conv2.weight:0.500000;conv3.weight:0.500000;fc1.weight:0.500000
Round 017 | train_loss=1.4840 | test_loss=2.0316 | test_acc=0.2719 | sparsity=0.5001 | cka=0 | targets=conv1.weight:0.500000;conv2.weight:0.500000;conv3.weight:0.500000;fc1.weight:0.500000
Round 018 | train_loss=1.4657 | test_loss=2.0151 | test_acc=0.2787 | sparsity=0.5001 | cka=1 | targets=conv1.weight:0.500000;conv2.weight:0.500000;conv3.weight:0.500000;fc1.weight:0.500000
Round 019 | train_loss=1.4561 | test_loss=1.9594 | test_acc=0.2882 | sparsity=0.5001 | cka=0 | targets=conv1.weight:0.500000;conv2.weight:0.500000;conv3.weight:0.500000;fc1.weight:0.500000
Round 020 | train_loss=1.4340 | test_loss=1.9596 | test_acc=0.2913 | sparsity=0.5001 | cka=1 | targets=conv1.weight:0.500000;conv2.weight:0.500000;conv3.weight:0.500000;fc1.weight:0.500000
Saved training log to: results/logs/cka_strength_sweep/cifar10_cka_strength_fixed_5605137/strength_0p8/seed_42/cka_feddst_cifar10_clients5_alpha0.3_sparsity0.5_cka0.8_seed42_20260801_210712.csv
Saved CKA log to: results/logs/cka_strength_sweep/cifar10_cka_strength_fixed_5605137/strength_0p8/seed_42/cka_feddst_cifar10_clients5_alpha0.3_sparsity0.5_cka0.8_seed42_20260801_210712_cka.csv

[Run 52/125] suite=cka_strength method=cka_feddst seed=42 sparsity=0.7 cka_strength=0.8
Output log dir: results/logs/cka_strength_sweep/cifar10_cka_strength_fixed_5605137/strength_0p8/seed_42
Command: /mnt/aiongpfs/users/dsen/micromamba/envs/cka-cifar/bin/python -m src.train --global-config configs/global_cifar10.yaml --config configs/cka_feddst_mnist.yaml --seed 42 --sparsity 0.7 --cka-strength 0.8 --log-dir results/logs/cka_strength_sweep/cifar10_cka_strength_fixed_5605137/strength_0p8/seed_42 --checkpoint-dir results/checkpoints/cka_strength_sweep/cifar10_cka_strength_fixed_5605137/strength_0p8/seed_42 --plot-dir results/plots/cka_strength_sweep/cifar10_cka_strength_fixed_5605137
Final merged configuration:
alpha: 0.3
batch_size: 64
checkpoint_dir: results/checkpoints/cka_strength_sweep/cifar10_cka_strength_fixed_5605137/strength_0p8/seed_42
cka_interval: 2
cka_layers:
- conv1
- conv2
- conv3
- fc1
cka_max_sparsity: 0.95
cka_min_sparsity: 0.5
cka_strength: 0.8
data_check: false
data_dir: data
dataset: cifar10
device: auto
disable_cudnn: true
dry_run: false
eval_interval: 1
experiment_config_path: configs/cka_feddst_mnist.yaml
global_config_path: configs/global_cifar10.yaml
local_epochs: 1
log_cka: false
log_dir: results/logs/cka_strength_sweep/cifar10_cka_strength_fixed_5605137/strength_0p8/seed_42
lr: 0.01
mask_update_interval: 2
method: cka_feddst
model: cifar_cnn
num_clients: 5
num_workers: 2
output_dir: results
plot_dir: results/plots/cka_strength_sweep/cifar10_cka_strength_fixed_5605137
prune_fraction: 0.2
reference_size: 500
regrowth_method: gradient
rounds: 20
save_checkpoint: false
seed: 42
sparsity: 0.7
sparsity_init: random
split_dir: null
Saved merged config to: results/logs/cka_strength_sweep/cifar10_cka_strength_fixed_5605137/strength_0p8/seed_42/cka_feddst_cifar10_clients5_alpha0.3_sparsity0.7_cka0.8_seed42_20260801_211425_config.yaml
cuDNN disabled for this run.
Client label distributions:
  client 00: n= 6173, labels=[449, 1577, 16, 53, 288, 1254, 18, 319, 1561, 638]
  client 01: n= 6712, labels=[388, 41, 1016, 674, 619, 293, 705, 1884, 2, 1090]
  client 02: n= 6610, labels=[14, 2050, 564, 1192, 934, 206, 33, 1318, 147, 152]
  client 03: n=12351, labels=[4094, 1282, 465, 1114, 4, 0, 3603, 1424, 313, 52]
  client 04: n=17654, labels=[5, 0, 2889, 1917, 3105, 3197, 591, 5, 2927, 3018]
Initial sparsity | total=0.7000 | active=185962/619872
Layer sparsity | conv1.weight:0.722222;conv2.weight:0.700955;conv3.weight:0.698893;fc1.weight:0.700014;fc2.weight:0.714453
Round 001 | train_loss=2.2264 | test_loss=2.3020 | test_acc=0.1002 | sparsity=0.7000 | cka=0 | targets=
Round 002 | train_loss=2.1997 | test_loss=2.2987 | test_acc=0.1323 | sparsity=0.7001 | cka=1 | targets=conv1.weight:0.694444;conv2.weight:0.694824;conv3.weight:0.695747;fc1.weight:0.700788
Round 003 | train_loss=1.9833 | test_loss=2.3020 | test_acc=0.1566 | sparsity=0.7001 | cka=0 | targets=conv1.weight:0.694444;conv2.weight:0.694824;conv3.weight:0.695747;fc1.weight:0.700788
Round 004 | train_loss=1.8286 | test_loss=2.2874 | test_acc=0.1502 | sparsity=0.7001 | cka=1 | targets=conv1.weight:0.697917;conv2.weight:0.698676;conv3.weight:0.698690;fc1.weight:0.700233
Round 005 | train_loss=1.8303 | test_loss=2.3731 | test_acc=0.1576 | sparsity=0.7001 | cka=0 | targets=conv1.weight:0.697917;conv2.weight:0.698676;conv3.weight:0.698690;fc1.weight:0.700233
Round 006 | train_loss=1.7904 | test_loss=2.3916 | test_acc=0.1682 | sparsity=0.7001 | cka=1 | targets=conv1.weight:0.697917;conv2.weight:0.698242;conv3.weight:0.698256;fc1.weight:0.700310
Round 007 | train_loss=1.7820 | test_loss=2.4587 | test_acc=0.1605 | sparsity=0.7001 | cka=0 | targets=conv1.weight:0.697917;conv2.weight:0.698242;conv3.weight:0.698256;fc1.weight:0.700310
Round 008 | train_loss=1.7714 | test_loss=2.4476 | test_acc=0.1670 | sparsity=0.7001 | cka=1 | targets=conv1.weight:0.696759;conv2.weight:0.696886;conv3.weight:0.696872;fc1.weight:0.700554
Round 009 | train_loss=1.7631 | test_loss=2.4308 | test_acc=0.1886 | sparsity=0.7001 | cka=0 | targets=conv1.weight:0.696759;conv2.weight:0.696886;conv3.weight:0.696872;fc1.weight:0.700554
Round 010 | train_loss=1.7512 | test_loss=2.4781 | test_acc=0.1789 | sparsity=0.7001 | cka=1 | targets=conv1.weight:0.696759;conv2.weight:0.697428;conv3.weight:0.697442;fc1.weight:0.700455
Round 011 | train_loss=1.7486 | test_loss=2.3818 | test_acc=0.1852 | sparsity=0.7001 | cka=0 | targets=conv1.weight:0.696759;conv2.weight:0.697428;conv3.weight:0.697442;fc1.weight:0.700455
Round 012 | train_loss=1.7343 | test_loss=2.4297 | test_acc=0.1869 | sparsity=0.7001 | cka=1 | targets=conv1.weight:0.696759;conv2.weight:0.697049;conv3.weight:0.697103;fc1.weight:0.700516
Round 013 | train_loss=1.7237 | test_loss=2.3958 | test_acc=0.2089 | sparsity=0.7001 | cka=0 | targets=conv1.weight:0.696759;conv2.weight:0.697049;conv3.weight:0.697103;fc1.weight:0.700516
Round 014 | train_loss=1.7113 | test_loss=2.4032 | test_acc=0.2096 | sparsity=0.7001 | cka=1 | targets=conv1.weight:0.696759;conv2.weight:0.697320;conv3.weight:0.697401;fc1.weight:0.700464
Round 015 | train_loss=1.7056 | test_loss=2.3786 | test_acc=0.2104 | sparsity=0.7001 | cka=0 | targets=conv1.weight:0.696759;conv2.weight:0.697320;conv3.weight:0.697401;fc1.weight:0.700464
Round 016 | train_loss=1.6794 | test_loss=2.3542 | test_acc=0.2124 | sparsity=0.7001 | cka=1 | targets=conv1.weight:0.692130;conv2.weight:0.694227;conv3.weight:0.696113;fc1.weight:0.700762
Round 017 | train_loss=1.6570 | test_loss=2.3369 | test_acc=0.2269 | sparsity=0.7001 | cka=0 | targets=conv1.weight:0.692130;conv2.weight:0.694227;conv3.weight:0.696113;fc1.weight:0.700762
Round 018 | train_loss=1.6242 | test_loss=2.2684 | test_acc=0.2306 | sparsity=0.7001 | cka=1 | targets=conv1.weight:0.694444;conv2.weight:0.695747;conv3.weight:0.696330;fc1.weight:0.700674
Round 019 | train_loss=1.6025 | test_loss=2.1860 | test_acc=0.2329 | sparsity=0.7001 | cka=0 | targets=conv1.weight:0.694444;conv2.weight:0.695747;conv3.weight:0.696330;fc1.weight:0.700674
Round 020 | train_loss=1.5779 | test_loss=2.1944 | test_acc=0.2345 | sparsity=0.7001 | cka=1 | targets=conv1.weight:0.693287;conv2.weight:0.695150;conv3.weight:0.695421;fc1.weight:0.700825
Saved training log to: results/logs/cka_strength_sweep/cifar10_cka_strength_fixed_5605137/strength_0p8/seed_42/cka_feddst_cifar10_clients5_alpha0.3_sparsity0.7_cka0.8_seed42_20260801_211425.csv
Saved CKA log to: results/logs/cka_strength_sweep/cifar10_cka_strength_fixed_5605137/strength_0p8/seed_42/cka_feddst_cifar10_clients5_alpha0.3_sparsity0.7_cka0.8_seed42_20260801_211425_cka.csv

[Run 53/125] suite=cka_strength method=cka_feddst seed=42 sparsity=0.8 cka_strength=0.8
Output log dir: results/logs/cka_strength_sweep/cifar10_cka_strength_fixed_5605137/strength_0p8/seed_42
Command: /mnt/aiongpfs/users/dsen/micromamba/envs/cka-cifar/bin/python -m src.train --global-config configs/global_cifar10.yaml --config configs/cka_feddst_mnist.yaml --seed 42 --sparsity 0.8 --cka-strength 0.8 --log-dir results/logs/cka_strength_sweep/cifar10_cka_strength_fixed_5605137/strength_0p8/seed_42 --checkpoint-dir results/checkpoints/cka_strength_sweep/cifar10_cka_strength_fixed_5605137/strength_0p8/seed_42 --plot-dir results/plots/cka_strength_sweep/cifar10_cka_strength_fixed_5605137
Final merged configuration:
alpha: 0.3
batch_size: 64
checkpoint_dir: results/checkpoints/cka_strength_sweep/cifar10_cka_strength_fixed_5605137/strength_0p8/seed_42
cka_interval: 2
cka_layers:
- conv1
- conv2
- conv3
- fc1
cka_max_sparsity: 0.95
cka_min_sparsity: 0.5
cka_strength: 0.8
data_check: false
data_dir: data
dataset: cifar10
device: auto
disable_cudnn: true
dry_run: false
eval_interval: 1
experiment_config_path: configs/cka_feddst_mnist.yaml
global_config_path: configs/global_cifar10.yaml
local_epochs: 1
log_cka: false
log_dir: results/logs/cka_strength_sweep/cifar10_cka_strength_fixed_5605137/strength_0p8/seed_42
lr: 0.01
mask_update_interval: 2
method: cka_feddst
model: cifar_cnn
num_clients: 5
num_workers: 2
output_dir: results
plot_dir: results/plots/cka_strength_sweep/cifar10_cka_strength_fixed_5605137
prune_fraction: 0.2
reference_size: 500
regrowth_method: gradient
rounds: 20
save_checkpoint: false
seed: 42
sparsity: 0.8
sparsity_init: random
split_dir: null
Saved merged config to: results/logs/cka_strength_sweep/cifar10_cka_strength_fixed_5605137/strength_0p8/seed_42/cka_feddst_cifar10_clients5_alpha0.3_sparsity0.8_cka0.8_seed42_20260801_212144_config.yaml
cuDNN disabled for this run.
Client label distributions:
  client 00: n= 6173, labels=[449, 1577, 16, 53, 288, 1254, 18, 319, 1561, 638]
  client 01: n= 6712, labels=[388, 41, 1016, 674, 619, 293, 705, 1884, 2, 1090]
  client 02: n= 6610, labels=[14, 2050, 564, 1192, 934, 206, 33, 1318, 147, 152]
  client 03: n=12351, labels=[4094, 1282, 465, 1114, 4, 0, 3603, 1424, 313, 52]
  client 04: n=17654, labels=[5, 0, 2889, 1917, 3105, 3197, 591, 5, 2927, 3018]
Initial sparsity | total=0.8000 | active=123974/619872
Layer sparsity | conv1.weight:0.818287;conv2.weight:0.798177;conv3.weight:0.798815;fc1.weight:0.800186;fc2.weight:0.803125
Round 001 | train_loss=2.2321 | test_loss=2.3030 | test_acc=0.1000 | sparsity=0.8000 | cka=0 | targets=
Round 002 | train_loss=2.2317 | test_loss=2.3036 | test_acc=0.1000 | sparsity=0.8000 | cka=1 | targets=conv1.weight:0.798611;conv2.weight:0.798123;conv3.weight:0.798150;fc1.weight:0.800329
Round 003 | train_loss=2.2148 | test_loss=2.3025 | test_acc=0.1155 | sparsity=0.8000 | cka=0 | targets=conv1.weight:0.798611;conv2.weight:0.798123;conv3.weight:0.798150;fc1.weight:0.800329
Round 004 | train_loss=2.0787 | test_loss=2.3012 | test_acc=0.1629 | sparsity=0.8000 | cka=1 | targets=conv1.weight:0.799769;conv2.weight:0.799479;conv3.weight:0.799520;fc1.weight:0.800087
Round 005 | train_loss=1.9351 | test_loss=2.3183 | test_acc=0.1488 | sparsity=0.8000 | cka=0 | targets=conv1.weight:0.799769;conv2.weight:0.799479;conv3.weight:0.799520;fc1.weight:0.800087
Round 006 | train_loss=1.8180 | test_loss=2.3866 | test_acc=0.1629 | sparsity=0.8000 | cka=1 | targets=conv1.weight:0.799769;conv2.weight:0.799371;conv3.weight:0.799398;fc1.weight:0.800108
Round 007 | train_loss=1.7994 | test_loss=2.4620 | test_acc=0.1545 | sparsity=0.8000 | cka=0 | targets=conv1.weight:0.799769;conv2.weight:0.799371;conv3.weight:0.799398;fc1.weight:0.800108
Round 008 | train_loss=1.7879 | test_loss=2.4238 | test_acc=0.1637 | sparsity=0.8000 | cka=1 | targets=conv1.weight:0.798611;conv2.weight:0.798937;conv3.weight:0.798910;fc1.weight:0.800194
Round 009 | train_loss=1.7807 | test_loss=2.4241 | test_acc=0.1797 | sparsity=0.8000 | cka=0 | targets=conv1.weight:0.798611;conv2.weight:0.798937;conv3.weight:0.798910;fc1.weight:0.800194
Round 010 | train_loss=1.7697 | test_loss=2.4460 | test_acc=0.1729 | sparsity=0.8000 | cka=1 | targets=conv1.weight:0.797454;conv2.weight:0.798123;conv3.weight:0.798109;fc1.weight:0.800337
Round 011 | train_loss=1.7668 | test_loss=2.3985 | test_acc=0.1874 | sparsity=0.8000 | cka=0 | targets=conv1.weight:0.797454;conv2.weight:0.798123;conv3.weight:0.798109;fc1.weight:0.800337
Round 012 | train_loss=1.7550 | test_loss=2.3786 | test_acc=0.1876 | sparsity=0.8000 | cka=1 | targets=conv1.weight:0.797454;conv2.weight:0.797635;conv3.weight:0.797635;fc1.weight:0.800421
Round 013 | train_loss=1.7467 | test_loss=2.3999 | test_acc=0.1957 | sparsity=0.8000 | cka=0 | targets=conv1.weight:0.797454;conv2.weight:0.797635;conv3.weight:0.797635;fc1.weight:0.800421
Round 014 | train_loss=1.7375 | test_loss=2.3896 | test_acc=0.1990 | sparsity=0.8000 | cka=1 | targets=conv1.weight:0.797454;conv2.weight:0.797146;conv3.weight:0.797187;fc1.weight:0.800501
Round 015 | train_loss=1.7366 | test_loss=2.4181 | test_acc=0.1992 | sparsity=0.8000 | cka=0 | targets=conv1.weight:0.797454;conv2.weight:0.797146;conv3.weight:0.797187;fc1.weight:0.800501
Round 016 | train_loss=1.7233 | test_loss=2.3705 | test_acc=0.2039 | sparsity=0.8000 | cka=1 | targets=conv1.weight:0.796296;conv2.weight:0.796604;conv3.weight:0.796658;fc1.weight:0.800596
Round 017 | train_loss=1.7174 | test_loss=2.4047 | test_acc=0.2032 | sparsity=0.8000 | cka=0 | targets=conv1.weight:0.796296;conv2.weight:0.796604;conv3.weight:0.796658;fc1.weight:0.800596
Round 018 | train_loss=1.7085 | test_loss=2.3826 | test_acc=0.2059 | sparsity=0.8000 | cka=1 | targets=conv1.weight:0.796296;conv2.weight:0.796875;conv3.weight:0.796943;fc1.weight:0.800547
Round 019 | train_loss=1.7056 | test_loss=2.3779 | test_acc=0.2082 | sparsity=0.8000 | cka=0 | targets=conv1.weight:0.796296;conv2.weight:0.796875;conv3.weight:0.796943;fc1.weight:0.800547
Round 020 | train_loss=1.6919 | test_loss=2.3122 | test_acc=0.2148 | sparsity=0.8000 | cka=1 | targets=conv1.weight:0.795139;conv2.weight:0.796604;conv3.weight:0.796726;fc1.weight:0.800589
Saved training log to: results/logs/cka_strength_sweep/cifar10_cka_strength_fixed_5605137/strength_0p8/seed_42/cka_feddst_cifar10_clients5_alpha0.3_sparsity0.8_cka0.8_seed42_20260801_212144.csv
Saved CKA log to: results/logs/cka_strength_sweep/cifar10_cka_strength_fixed_5605137/strength_0p8/seed_42/cka_feddst_cifar10_clients5_alpha0.3_sparsity0.8_cka0.8_seed42_20260801_212144_cka.csv

[Run 54/125] suite=cka_strength method=cka_feddst seed=42 sparsity=0.9 cka_strength=0.8
Output log dir: results/logs/cka_strength_sweep/cifar10_cka_strength_fixed_5605137/strength_0p8/seed_42
Command: /mnt/aiongpfs/users/dsen/micromamba/envs/cka-cifar/bin/python -m src.train --global-config configs/global_cifar10.yaml --config configs/cka_feddst_mnist.yaml --seed 42 --sparsity 0.9 --cka-strength 0.8 --log-dir results/logs/cka_strength_sweep/cifar10_cka_strength_fixed_5605137/strength_0p8/seed_42 --checkpoint-dir results/checkpoints/cka_strength_sweep/cifar10_cka_strength_fixed_5605137/strength_0p8/seed_42 --plot-dir results/plots/cka_strength_sweep/cifar10_cka_strength_fixed_5605137
Final merged configuration:
alpha: 0.3
batch_size: 64
checkpoint_dir: results/checkpoints/cka_strength_sweep/cifar10_cka_strength_fixed_5605137/strength_0p8/seed_42
cka_interval: 2
cka_layers:
- conv1
- conv2
- conv3
- fc1
cka_max_sparsity: 0.95
cka_min_sparsity: 0.5
cka_strength: 0.8
data_check: false
data_dir: data
dataset: cifar10
device: auto
disable_cudnn: true
dry_run: false
eval_interval: 1
experiment_config_path: configs/cka_feddst_mnist.yaml
global_config_path: configs/global_cifar10.yaml
local_epochs: 1
log_cka: false
log_dir: results/logs/cka_strength_sweep/cifar10_cka_strength_fixed_5605137/strength_0p8/seed_42
lr: 0.01
mask_update_interval: 2
method: cka_feddst
model: cifar_cnn
num_clients: 5
num_workers: 2
output_dir: results
plot_dir: results/plots/cka_strength_sweep/cifar10_cka_strength_fixed_5605137
prune_fraction: 0.2
reference_size: 500
regrowth_method: gradient
rounds: 20
save_checkpoint: false
seed: 42
sparsity: 0.9
sparsity_init: random
split_dir: null
Saved merged config to: results/logs/cka_strength_sweep/cifar10_cka_strength_fixed_5605137/strength_0p8/seed_42/cka_feddst_cifar10_clients5_alpha0.3_sparsity0.9_cka0.8_seed42_20260801_212859_config.yaml
cuDNN disabled for this run.
Client label distributions:
  client 00: n= 6173, labels=[449, 1577, 16, 53, 288, 1254, 18, 319, 1561, 638]
  client 01: n= 6712, labels=[388, 41, 1016, 674, 619, 293, 705, 1884, 2, 1090]
  client 02: n= 6610, labels=[14, 2050, 564, 1192, 934, 206, 33, 1318, 147, 152]
  client 03: n=12351, labels=[4094, 1282, 465, 1114, 4, 0, 3603, 1424, 313, 52]
  client 04: n=17654, labels=[5, 0, 2889, 1917, 3105, 3197, 591, 5, 2927, 3018]
Initial sparsity | total=0.9000 | active=61987/619872
Layer sparsity | conv1.weight:0.895833;conv2.weight:0.898872;conv3.weight:0.897461;fc1.weight:0.900391;fc2.weight:0.902734
Round 001 | train_loss=2.2342 | test_loss=2.3031 | test_acc=0.1000 | sparsity=0.9000 | cka=0 | targets=
Round 002 | train_loss=2.2346 | test_loss=2.3037 | test_acc=0.1000 | sparsity=0.9000 | cka=1 | targets=conv1.weight:0.899306;conv2.weight:0.899794;conv3.weight:0.899780;fc1.weight:0.900040
Round 003 | train_loss=2.2348 | test_loss=2.3047 | test_acc=0.1000 | sparsity=0.9000 | cka=0 | targets=conv1.weight:0.899306;conv2.weight:0.899794;conv3.weight:0.899780;fc1.weight:0.900040
Round 004 | train_loss=2.2355 | test_loss=2.3057 | test_acc=0.1000 | sparsity=0.9000 | cka=1 | targets=conv1.weight:0.898148;conv2.weight:0.898166;conv3.weight:0.898220;fc1.weight:0.900318
Round 005 | train_loss=2.2372 | test_loss=2.3069 | test_acc=0.1000 | sparsity=0.9000 | cka=0 | targets=conv1.weight:0.898148;conv2.weight:0.898166;conv3.weight:0.898220;fc1.weight:0.900318
Round 006 | train_loss=2.2382 | test_loss=2.3080 | test_acc=0.1032 | sparsity=0.9000 | cka=1 | targets=conv1.weight:0.899306;conv2.weight:0.899360;conv3.weight:0.899360;fc1.weight:0.900114
Round 007 | train_loss=2.2383 | test_loss=2.3091 | test_acc=0.1000 | sparsity=0.9000 | cka=0 | targets=conv1.weight:0.899306;conv2.weight:0.899360;conv3.weight:0.899360;fc1.weight:0.900114
Round 008 | train_loss=2.2384 | test_loss=2.3101 | test_acc=0.1000 | sparsity=0.9000 | cka=1 | targets=conv1.weight:0.898148;conv2.weight:0.898329;conv3.weight:0.898438;fc1.weight:0.900282
Round 009 | train_loss=2.2402 | test_loss=2.3111 | test_acc=0.1000 | sparsity=0.9000 | cka=0 | targets=conv1.weight:0.898148;conv2.weight:0.898329;conv3.weight:0.898438;fc1.weight:0.900282
Round 010 | train_loss=2.2404 | test_loss=2.3119 | test_acc=0.1000 | sparsity=0.9000 | cka=1 | targets=conv1.weight:0.899306;conv2.weight:0.899143;conv3.weight:0.899211;fc1.weight:0.900143
Round 011 | train_loss=2.2389 | test_loss=2.3127 | test_acc=0.1000 | sparsity=0.9000 | cka=0 | targets=conv1.weight:0.899306;conv2.weight:0.899143;conv3.weight:0.899211;fc1.weight:0.900143
Round 012 | train_loss=2.2367 | test_loss=2.3133 | test_acc=0.1000 | sparsity=0.9000 | cka=1 | targets=conv1.weight:0.899306;conv2.weight:0.898980;conv3.weight:0.899197;fc1.weight:0.900150
Round 013 | train_loss=2.2386 | test_loss=2.3141 | test_acc=0.1000 | sparsity=0.9000 | cka=0 | targets=conv1.weight:0.899306;conv2.weight:0.898980;conv3.weight:0.899197;fc1.weight:0.900150
Round 014 | train_loss=2.2354 | test_loss=2.3149 | test_acc=0.1000 | sparsity=0.9000 | cka=1 | targets=conv1.weight:0.899306;conv2.weight:0.899197;conv3.weight:0.899265;fc1.weight:0.900133
Round 015 | train_loss=2.2183 | test_loss=2.3174 | test_acc=0.1000 | sparsity=0.9000 | cka=0 | targets=conv1.weight:0.899306;conv2.weight:0.899197;conv3.weight:0.899265;fc1.weight:0.900133
Round 016 | train_loss=2.1171 | test_loss=2.3275 | test_acc=0.1104 | sparsity=0.9000 | cka=1 | targets=conv1.weight:0.899306;conv2.weight:0.899848;conv3.weight:0.899835;fc1.weight:0.900030
Round 017 | train_loss=1.9634 | test_loss=2.3613 | test_acc=0.1494 | sparsity=0.9000 | cka=0 | targets=conv1.weight:0.899306;conv2.weight:0.899848;conv3.weight:0.899835;fc1.weight:0.900030
Round 018 | train_loss=1.8388 | test_loss=2.4091 | test_acc=0.1255 | sparsity=0.9000 | cka=1 | targets=conv1.weight:0.899306;conv2.weight:0.899577;conv3.weight:0.899563;fc1.weight:0.900078
Round 019 | train_loss=1.8045 | test_loss=2.4672 | test_acc=0.1477 | sparsity=0.9000 | cka=0 | targets=conv1.weight:0.899306;conv2.weight:0.899577;conv3.weight:0.899563;fc1.weight:0.900078
Round 020 | train_loss=1.7845 | test_loss=2.4290 | test_acc=0.1714 | sparsity=0.9000 | cka=1 | targets=conv1.weight:0.900463;conv2.weight:0.899794;conv3.weight:0.899807;fc1.weight:0.900034
Saved training log to: results/logs/cka_strength_sweep/cifar10_cka_strength_fixed_5605137/strength_0p8/seed_42/cka_feddst_cifar10_clients5_alpha0.3_sparsity0.9_cka0.8_seed42_20260801_212859.csv
Saved CKA log to: results/logs/cka_strength_sweep/cifar10_cka_strength_fixed_5605137/strength_0p8/seed_42/cka_feddst_cifar10_clients5_alpha0.3_sparsity0.9_cka0.8_seed42_20260801_212859_cka.csv

[Run 55/125] suite=cka_strength method=cka_feddst seed=42 sparsity=0.95 cka_strength=0.8
Output log dir: results/logs/cka_strength_sweep/cifar10_cka_strength_fixed_5605137/strength_0p8/seed_42
Command: /mnt/aiongpfs/users/dsen/micromamba/envs/cka-cifar/bin/python -m src.train --global-config configs/global_cifar10.yaml --config configs/cka_feddst_mnist.yaml --seed 42 --sparsity 0.95 --cka-strength 0.8 --log-dir results/logs/cka_strength_sweep/cifar10_cka_strength_fixed_5605137/strength_0p8/seed_42 --checkpoint-dir results/checkpoints/cka_strength_sweep/cifar10_cka_strength_fixed_5605137/strength_0p8/seed_42 --plot-dir results/plots/cka_strength_sweep/cifar10_cka_strength_fixed_5605137
Final merged configuration:
alpha: 0.3
batch_size: 64
checkpoint_dir: results/checkpoints/cka_strength_sweep/cifar10_cka_strength_fixed_5605137/strength_0p8/seed_42
cka_interval: 2
cka_layers:
- conv1
- conv2
- conv3
- fc1
cka_max_sparsity: 0.95
cka_min_sparsity: 0.5
cka_strength: 0.8
data_check: false
data_dir: data
dataset: cifar10
device: auto
disable_cudnn: true
dry_run: false
eval_interval: 1
experiment_config_path: configs/cka_feddst_mnist.yaml
global_config_path: configs/global_cifar10.yaml
local_epochs: 1
log_cka: false
log_dir: results/logs/cka_strength_sweep/cifar10_cka_strength_fixed_5605137/strength_0p8/seed_42
lr: 0.01
mask_update_interval: 2
method: cka_feddst
model: cifar_cnn
num_clients: 5
num_workers: 2
output_dir: results
plot_dir: results/plots/cka_strength_sweep/cifar10_cka_strength_fixed_5605137
prune_fraction: 0.2
reference_size: 500
regrowth_method: gradient
rounds: 20
save_checkpoint: false
seed: 42
sparsity: 0.95
sparsity_init: random
split_dir: null
Saved merged config to: results/logs/cka_strength_sweep/cifar10_cka_strength_fixed_5605137/strength_0p8/seed_42/cka_feddst_cifar10_clients5_alpha0.3_sparsity0.95_cka0.8_seed42_20260801_213625_config.yaml
cuDNN disabled for this run.
Client label distributions:
  client 00: n= 6173, labels=[449, 1577, 16, 53, 288, 1254, 18, 319, 1561, 638]
  client 01: n= 6712, labels=[388, 41, 1016, 674, 619, 293, 705, 1884, 2, 1090]
  client 02: n= 6610, labels=[14, 2050, 564, 1192, 934, 206, 33, 1318, 147, 152]
  client 03: n=12351, labels=[4094, 1282, 465, 1114, 4, 0, 3603, 1424, 313, 52]
  client 04: n=17654, labels=[5, 0, 2889, 1917, 3105, 3197, 591, 5, 2927, 3018]
Initial sparsity | total=0.9500 | active=30994/619872
Layer sparsity | conv1.weight:0.946759;conv2.weight:0.948730;conv3.weight:0.948419;fc1.weight:0.950260;fc2.weight:0.952344
Round 001 | train_loss=2.2348 | test_loss=2.3030 | test_acc=0.1000 | sparsity=0.9500 | cka=0 | targets=
Round 002 | train_loss=2.2354 | test_loss=2.3037 | test_acc=0.1000 | sparsity=0.9500 | cka=1 | targets=conv1.weight:0.949074;conv2.weight:0.949978;conv3.weight:0.949992;fc1.weight:0.949999
Round 003 | train_loss=2.2361 | test_loss=2.3046 | test_acc=0.1000 | sparsity=0.9500 | cka=0 | targets=conv1.weight:0.949074;conv2.weight:0.949978;conv3.weight:0.949992;fc1.weight:0.949999
Round 004 | train_loss=2.2372 | test_loss=2.3057 | test_acc=0.1000 | sparsity=0.9500 | cka=1 | targets=conv1.weight:0.949074;conv2.weight:0.949978;conv3.weight:0.949992;fc1.weight:0.949999
Round 005 | train_loss=2.2386 | test_loss=2.3068 | test_acc=0.1000 | sparsity=0.9500 | cka=0 | targets=conv1.weight:0.949074;conv2.weight:0.949978;conv3.weight:0.949992;fc1.weight:0.949999
Round 006 | train_loss=2.2398 | test_loss=2.3079 | test_acc=0.1000 | sparsity=0.9500 | cka=1 | targets=conv1.weight:0.949074;conv2.weight:0.949978;conv3.weight:0.949992;fc1.weight:0.949999
Round 007 | train_loss=2.2407 | test_loss=2.3090 | test_acc=0.1000 | sparsity=0.9500 | cka=0 | targets=conv1.weight:0.949074;conv2.weight:0.949978;conv3.weight:0.949992;fc1.weight:0.949999
Round 008 | train_loss=2.2416 | test_loss=2.3099 | test_acc=0.1000 | sparsity=0.9500 | cka=1 | targets=conv1.weight:0.949074;conv2.weight:0.949978;conv3.weight:0.949992;fc1.weight:0.949999
Round 009 | train_loss=2.2428 | test_loss=2.3108 | test_acc=0.1000 | sparsity=0.9500 | cka=0 | targets=conv1.weight:0.949074;conv2.weight:0.949978;conv3.weight:0.949992;fc1.weight:0.949999
Round 010 | train_loss=2.2436 | test_loss=2.3116 | test_acc=0.1000 | sparsity=0.9500 | cka=1 | targets=conv1.weight:0.949074;conv2.weight:0.949978;conv3.weight:0.949992;fc1.weight:0.949999
Round 011 | train_loss=2.2439 | test_loss=2.3123 | test_acc=0.1000 | sparsity=0.9500 | cka=0 | targets=conv1.weight:0.949074;conv2.weight:0.949978;conv3.weight:0.949992;fc1.weight:0.949999
Round 012 | train_loss=2.2444 | test_loss=2.3130 | test_acc=0.1000 | sparsity=0.9500 | cka=1 | targets=conv1.weight:0.949074;conv2.weight:0.949978;conv3.weight:0.949992;fc1.weight:0.949999
Round 013 | train_loss=2.2453 | test_loss=2.3135 | test_acc=0.1000 | sparsity=0.9500 | cka=0 | targets=conv1.weight:0.949074;conv2.weight:0.949978;conv3.weight:0.949992;fc1.weight:0.949999
Round 014 | train_loss=2.2457 | test_loss=2.3140 | test_acc=0.1000 | sparsity=0.9500 | cka=1 | targets=conv1.weight:0.949074;conv2.weight:0.949978;conv3.weight:0.949992;fc1.weight:0.949999
Round 015 | train_loss=2.2454 | test_loss=2.3145 | test_acc=0.1000 | sparsity=0.9500 | cka=0 | targets=conv1.weight:0.949074;conv2.weight:0.949978;conv3.weight:0.949992;fc1.weight:0.949999
Round 016 | train_loss=2.2452 | test_loss=2.3149 | test_acc=0.1000 | sparsity=0.9500 | cka=1 | targets=conv1.weight:0.949074;conv2.weight:0.949978;conv3.weight:0.949992;fc1.weight:0.949999
Round 017 | train_loss=2.2462 | test_loss=2.3152 | test_acc=0.1000 | sparsity=0.9500 | cka=0 | targets=conv1.weight:0.949074;conv2.weight:0.949978;conv3.weight:0.949992;fc1.weight:0.949999
Round 018 | train_loss=2.2462 | test_loss=2.3155 | test_acc=0.1000 | sparsity=0.9500 | cka=1 | targets=conv1.weight:0.949074;conv2.weight:0.949978;conv3.weight:0.949992;fc1.weight:0.949999
Round 019 | train_loss=2.2449 | test_loss=2.3158 | test_acc=0.1000 | sparsity=0.9500 | cka=0 | targets=conv1.weight:0.949074;conv2.weight:0.949978;conv3.weight:0.949992;fc1.weight:0.949999
Round 020 | train_loss=2.2439 | test_loss=2.3161 | test_acc=0.1000 | sparsity=0.9500 | cka=1 | targets=conv1.weight:0.949074;conv2.weight:0.949978;conv3.weight:0.949992;fc1.weight:0.949999
Saved training log to: results/logs/cka_strength_sweep/cifar10_cka_strength_fixed_5605137/strength_0p8/seed_42/cka_feddst_cifar10_clients5_alpha0.3_sparsity0.95_cka0.8_seed42_20260801_213625.csv
Saved CKA log to: results/logs/cka_strength_sweep/cifar10_cka_strength_fixed_5605137/strength_0p8/seed_42/cka_feddst_cifar10_clients5_alpha0.3_sparsity0.95_cka0.8_seed42_20260801_213625_cka.csv

[Run 56/125] suite=cka_strength method=cka_feddst seed=7 sparsity=0.5 cka_strength=0.8
Output log dir: results/logs/cka_strength_sweep/cifar10_cka_strength_fixed_5605137/strength_0p8/seed_7
Command: /mnt/aiongpfs/users/dsen/micromamba/envs/cka-cifar/bin/python -m src.train --global-config configs/global_cifar10.yaml --config configs/cka_feddst_mnist.yaml --seed 7 --sparsity 0.5 --cka-strength 0.8 --log-dir results/logs/cka_strength_sweep/cifar10_cka_strength_fixed_5605137/strength_0p8/seed_7 --checkpoint-dir results/checkpoints/cka_strength_sweep/cifar10_cka_strength_fixed_5605137/strength_0p8/seed_7 --plot-dir results/plots/cka_strength_sweep/cifar10_cka_strength_fixed_5605137
Final merged configuration:
alpha: 0.3
batch_size: 64
checkpoint_dir: results/checkpoints/cka_strength_sweep/cifar10_cka_strength_fixed_5605137/strength_0p8/seed_7
cka_interval: 2
cka_layers:
- conv1
- conv2
- conv3
- fc1
cka_max_sparsity: 0.95
cka_min_sparsity: 0.5
cka_strength: 0.8
data_check: false
data_dir: data
dataset: cifar10
device: auto
disable_cudnn: true
dry_run: false
eval_interval: 1
experiment_config_path: configs/cka_feddst_mnist.yaml
global_config_path: configs/global_cifar10.yaml
local_epochs: 1
log_cka: false
log_dir: results/logs/cka_strength_sweep/cifar10_cka_strength_fixed_5605137/strength_0p8/seed_7
lr: 0.01
mask_update_interval: 2
method: cka_feddst
model: cifar_cnn
num_clients: 5
num_workers: 2
output_dir: results
plot_dir: results/plots/cka_strength_sweep/cifar10_cka_strength_fixed_5605137
prune_fraction: 0.2
reference_size: 500
regrowth_method: gradient
rounds: 20
save_checkpoint: false
seed: 7
sparsity: 0.5
sparsity_init: random
split_dir: null
Saved merged config to: results/logs/cka_strength_sweep/cifar10_cka_strength_fixed_5605137/strength_0p8/seed_7/cka_feddst_cifar10_clients5_alpha0.3_sparsity0.5_cka0.8_seed7_20260801_214345_config.yaml
cuDNN disabled for this run.
Client label distributions:
  client 00: n= 7681, labels=[142, 16, 5, 202, 411, 2130, 3884, 876, 12, 3]
  client 01: n= 8711, labels=[1321, 1281, 355, 76, 3165, 8, 25, 0, 1922, 558]
  client 02: n=19320, labels=[2810, 141, 3133, 4649, 1064, 2142, 26, 2148, 2915, 292]
  client 03: n= 5169, labels=[22, 3285, 1093, 5, 3, 639, 18, 41, 63, 0]
  client 04: n= 8619, labels=[655, 227, 364, 18, 307, 31, 997, 1885, 38, 4097]
Initial sparsity | total=0.5000 | active=309936/619872
Layer sparsity | conv1.weight:0.508102;conv2.weight:0.501302;conv3.weight:0.499146;fc1.weight:0.500034;fc2.weight:0.505469
Round 001 | train_loss=1.9954 | test_loss=2.2963 | test_acc=0.1211 | sparsity=0.5000 | cka=0 | targets=
Round 002 | train_loss=1.7366 | test_loss=2.3502 | test_acc=0.1232 | sparsity=0.5000 | cka=1 | targets=conv1.weight:0.500000;conv2.weight:0.500000;conv3.weight:0.500000;fc1.weight:0.500000
Round 003 | train_loss=1.6802 | test_loss=2.3642 | test_acc=0.1336 | sparsity=0.5000 | cka=0 | targets=conv1.weight:0.500000;conv2.weight:0.500000;conv3.weight:0.500000;fc1.weight:0.500000
Round 004 | train_loss=1.6558 | test_loss=2.3356 | test_acc=0.1538 | sparsity=0.5000 | cka=1 | targets=conv1.weight:0.500000;conv2.weight:0.500000;conv3.weight:0.500000;fc1.weight:0.500000
Round 005 | train_loss=1.6402 | test_loss=2.3892 | test_acc=0.1494 | sparsity=0.5000 | cka=0 | targets=conv1.weight:0.500000;conv2.weight:0.500000;conv3.weight:0.500000;fc1.weight:0.500000
Round 006 | train_loss=1.6163 | test_loss=2.4012 | test_acc=0.1541 | sparsity=0.5000 | cka=1 | targets=conv1.weight:0.500000;conv2.weight:0.500000;conv3.weight:0.500000;fc1.weight:0.500000
Round 007 | train_loss=1.6055 | test_loss=2.3134 | test_acc=0.2011 | sparsity=0.5000 | cka=0 | targets=conv1.weight:0.500000;conv2.weight:0.500000;conv3.weight:0.500000;fc1.weight:0.500000
Round 008 | train_loss=1.5723 | test_loss=2.2977 | test_acc=0.2001 | sparsity=0.5000 | cka=1 | targets=conv1.weight:0.500000;conv2.weight:0.500000;conv3.weight:0.500000;fc1.weight:0.500000
Round 009 | train_loss=1.5406 | test_loss=2.2598 | test_acc=0.2141 | sparsity=0.5000 | cka=0 | targets=conv1.weight:0.500000;conv2.weight:0.500000;conv3.weight:0.500000;fc1.weight:0.500000
Round 010 | train_loss=1.4937 | test_loss=2.3195 | test_acc=0.2084 | sparsity=0.5000 | cka=1 | targets=conv1.weight:0.500000;conv2.weight:0.500000;conv3.weight:0.500000;fc1.weight:0.500000
Round 011 | train_loss=1.4785 | test_loss=2.3698 | test_acc=0.2157 | sparsity=0.5000 | cka=0 | targets=conv1.weight:0.500000;conv2.weight:0.500000;conv3.weight:0.500000;fc1.weight:0.500000
Round 012 | train_loss=1.4356 | test_loss=2.1566 | test_acc=0.2440 | sparsity=0.5000 | cka=1 | targets=conv1.weight:0.500000;conv2.weight:0.500000;conv3.weight:0.500000;fc1.weight:0.500000
Round 013 | train_loss=1.4031 | test_loss=2.0213 | test_acc=0.2631 | sparsity=0.5000 | cka=0 | targets=conv1.weight:0.500000;conv2.weight:0.500000;conv3.weight:0.500000;fc1.weight:0.500000
Round 014 | train_loss=1.3783 | test_loss=2.0921 | test_acc=0.2480 | sparsity=0.5000 | cka=1 | targets=conv1.weight:0.500000;conv2.weight:0.500000;conv3.weight:0.500000;fc1.weight:0.500000
Round 015 | train_loss=1.3674 | test_loss=1.9429 | test_acc=0.2807 | sparsity=0.5000 | cka=0 | targets=conv1.weight:0.500000;conv2.weight:0.500000;conv3.weight:0.500000;fc1.weight:0.500000
Round 016 | train_loss=1.3377 | test_loss=2.0020 | test_acc=0.2834 | sparsity=0.5000 | cka=1 | targets=conv1.weight:0.500000;conv2.weight:0.500000;conv3.weight:0.500000;fc1.weight:0.500000
Round 017 | train_loss=1.3238 | test_loss=1.9906 | test_acc=0.2970 | sparsity=0.5000 | cka=0 | targets=conv1.weight:0.500000;conv2.weight:0.500000;conv3.weight:0.500000;fc1.weight:0.500000
Round 018 | train_loss=1.3021 | test_loss=1.9335 | test_acc=0.3141 | sparsity=0.5000 | cka=1 | targets=conv1.weight:0.500000;conv2.weight:0.500000;conv3.weight:0.500000;fc1.weight:0.500000
Round 019 | train_loss=1.2936 | test_loss=1.9832 | test_acc=0.2891 | sparsity=0.5000 | cka=0 | targets=conv1.weight:0.500000;conv2.weight:0.500000;conv3.weight:0.500000;fc1.weight:0.500000
Round 020 | train_loss=1.2753 | test_loss=1.8757 | test_acc=0.3316 | sparsity=0.5000 | cka=1 | targets=conv1.weight:0.500000;conv2.weight:0.500000;conv3.weight:0.500000;fc1.weight:0.500000
Saved training log to: results/logs/cka_strength_sweep/cifar10_cka_strength_fixed_5605137/strength_0p8/seed_7/cka_feddst_cifar10_clients5_alpha0.3_sparsity0.5_cka0.8_seed7_20260801_214345.csv
Saved CKA log to: results/logs/cka_strength_sweep/cifar10_cka_strength_fixed_5605137/strength_0p8/seed_7/cka_feddst_cifar10_clients5_alpha0.3_sparsity0.5_cka0.8_seed7_20260801_214345_cka.csv

[Run 57/125] suite=cka_strength method=cka_feddst seed=7 sparsity=0.7 cka_strength=0.8
Output log dir: results/logs/cka_strength_sweep/cifar10_cka_strength_fixed_5605137/strength_0p8/seed_7
Command: /mnt/aiongpfs/users/dsen/micromamba/envs/cka-cifar/bin/python -m src.train --global-config configs/global_cifar10.yaml --config configs/cka_feddst_mnist.yaml --seed 7 --sparsity 0.7 --cka-strength 0.8 --log-dir results/logs/cka_strength_sweep/cifar10_cka_strength_fixed_5605137/strength_0p8/seed_7 --checkpoint-dir results/checkpoints/cka_strength_sweep/cifar10_cka_strength_fixed_5605137/strength_0p8/seed_7 --plot-dir results/plots/cka_strength_sweep/cifar10_cka_strength_fixed_5605137
Final merged configuration:
alpha: 0.3
batch_size: 64
checkpoint_dir: results/checkpoints/cka_strength_sweep/cifar10_cka_strength_fixed_5605137/strength_0p8/seed_7
cka_interval: 2
cka_layers:
- conv1
- conv2
- conv3
- fc1
cka_max_sparsity: 0.95
cka_min_sparsity: 0.5
cka_strength: 0.8
data_check: false
data_dir: data
dataset: cifar10
device: auto
disable_cudnn: true
dry_run: false
eval_interval: 1
experiment_config_path: configs/cka_feddst_mnist.yaml
global_config_path: configs/global_cifar10.yaml
local_epochs: 1
log_cka: false
log_dir: results/logs/cka_strength_sweep/cifar10_cka_strength_fixed_5605137/strength_0p8/seed_7
lr: 0.01
mask_update_interval: 2
method: cka_feddst
model: cifar_cnn
num_clients: 5
num_workers: 2
output_dir: results
plot_dir: results/plots/cka_strength_sweep/cifar10_cka_strength_fixed_5605137
prune_fraction: 0.2
reference_size: 500
regrowth_method: gradient
rounds: 20
save_checkpoint: false
seed: 7
sparsity: 0.7
sparsity_init: random
split_dir: null
Saved merged config to: results/logs/cka_strength_sweep/cifar10_cka_strength_fixed_5605137/strength_0p8/seed_7/cka_feddst_cifar10_clients5_alpha0.3_sparsity0.7_cka0.8_seed7_20260801_215124_config.yaml
cuDNN disabled for this run.
Client label distributions:
  client 00: n= 7681, labels=[142, 16, 5, 202, 411, 2130, 3884, 876, 12, 3]
  client 01: n= 8711, labels=[1321, 1281, 355, 76, 3165, 8, 25, 0, 1922, 558]
  client 02: n=19320, labels=[2810, 141, 3133, 4649, 1064, 2142, 26, 2148, 2915, 292]
  client 03: n= 5169, labels=[22, 3285, 1093, 5, 3, 639, 18, 41, 63, 0]
  client 04: n= 8619, labels=[655, 227, 364, 18, 307, 31, 997, 1885, 38, 4097]
Initial sparsity | total=0.7000 | active=185962/619872
Layer sparsity | conv1.weight:0.700231;conv2.weight:0.701335;conv3.weight:0.700033;fc1.weight:0.699921;fc2.weight:0.705469
Round 001 | train_loss=2.1907 | test_loss=2.3037 | test_acc=0.1001 | sparsity=0.7000 | cka=0 | targets=
Round 002 | train_loss=2.1415 | test_loss=2.3033 | test_acc=0.1369 | sparsity=0.7000 | cka=1 | targets=conv1.weight:0.695602;conv2.weight:0.695855;conv3.weight:0.696126;fc1.weight:0.700697
Round 003 | train_loss=1.8424 | test_loss=2.3905 | test_acc=0.1072 | sparsity=0.7000 | cka=0 | targets=conv1.weight:0.695602;conv2.weight:0.695855;conv3.weight:0.696126;fc1.weight:0.700697
Round 004 | train_loss=1.7061 | test_loss=2.3028 | test_acc=0.1250 | sparsity=0.7000 | cka=1 | targets=conv1.weight:0.695602;conv2.weight:0.695475;conv3.weight:0.695543;fc1.weight:0.700792
Round 005 | train_loss=1.7097 | test_loss=2.3611 | test_acc=0.1248 | sparsity=0.7000 | cka=0 | targets=conv1.weight:0.695602;conv2.weight:0.695475;conv3.weight:0.695543;fc1.weight:0.700792
Round 006 | train_loss=1.6698 | test_loss=2.4059 | test_acc=0.1244 | sparsity=0.7000 | cka=1 | targets=conv1.weight:0.696759;conv2.weight:0.696723;conv3.weight:0.696750;fc1.weight:0.700577
Round 007 | train_loss=1.6556 | test_loss=2.3581 | test_acc=0.1558 | sparsity=0.7000 | cka=0 | targets=conv1.weight:0.696759;conv2.weight:0.696723;conv3.weight:0.696750;fc1.weight:0.700577
Round 008 | train_loss=1.6412 | test_loss=2.3964 | test_acc=0.1462 | sparsity=0.7000 | cka=1 | targets=conv1.weight:0.695602;conv2.weight:0.695692;conv3.weight:0.695760;fc1.weight:0.700754
Round 009 | train_loss=1.6327 | test_loss=2.3643 | test_acc=0.1569 | sparsity=0.7000 | cka=0 | targets=conv1.weight:0.695602;conv2.weight:0.695692;conv3.weight:0.695760;fc1.weight:0.700754
Round 010 | train_loss=1.6140 | test_loss=2.3849 | test_acc=0.1698 | sparsity=0.7000 | cka=1 | targets=conv1.weight:0.696759;conv2.weight:0.697103;conv3.weight:0.697130;fc1.weight:0.700510
Round 011 | train_loss=1.6134 | test_loss=2.3921 | test_acc=0.1660 | sparsity=0.7000 | cka=0 | targets=conv1.weight:0.696759;conv2.weight:0.697103;conv3.weight:0.697130;fc1.weight:0.700510
Round 012 | train_loss=1.5914 | test_loss=2.3775 | test_acc=0.1845 | sparsity=0.7000 | cka=1 | targets=conv1.weight:0.694444;conv2.weight:0.694824;conv3.weight:0.695109;fc1.weight:0.700878
Round 013 | train_loss=1.5798 | test_loss=2.2651 | test_acc=0.1959 | sparsity=0.7000 | cka=0 | targets=conv1.weight:0.694444;conv2.weight:0.694824;conv3.weight:0.695109;fc1.weight:0.700878
Round 014 | train_loss=1.5586 | test_loss=2.3319 | test_acc=0.2013 | sparsity=0.7000 | cka=1 | targets=conv1.weight:0.695602;conv2.weight:0.696072;conv3.weight:0.696642;fc1.weight:0.700617
Round 015 | train_loss=1.5413 | test_loss=2.1889 | test_acc=0.2078 | sparsity=0.7000 | cka=0 | targets=conv1.weight:0.695602;conv2.weight:0.696072;conv3.weight:0.696642;fc1.weight:0.700617
Round 016 | train_loss=1.4963 | test_loss=2.3569 | test_acc=0.2015 | sparsity=0.7000 | cka=1 | targets=conv1.weight:0.694444;conv2.weight:0.694878;conv3.weight:0.696533;fc1.weight:0.700676
Round 017 | train_loss=1.4735 | test_loss=2.2418 | test_acc=0.2234 | sparsity=0.7000 | cka=0 | targets=conv1.weight:0.694444;conv2.weight:0.694878;conv3.weight:0.696533;fc1.weight:0.700676
Round 018 | train_loss=1.4361 | test_loss=2.2530 | test_acc=0.2390 | sparsity=0.7000 | cka=1 | targets=conv1.weight:0.692130;conv2.weight:0.693359;conv3.weight:0.693861;fc1.weight:0.701109
Round 019 | train_loss=1.4331 | test_loss=2.5265 | test_acc=0.1902 | sparsity=0.7000 | cka=0 | targets=conv1.weight:0.692130;conv2.weight:0.693359;conv3.weight:0.693861;fc1.weight:0.701109
Round 020 | train_loss=1.4124 | test_loss=2.1009 | test_acc=0.2511 | sparsity=0.7000 | cka=1 | targets=conv1.weight:0.690972;conv2.weight:0.691949;conv3.weight:0.693102;fc1.weight:0.701267
Saved training log to: results/logs/cka_strength_sweep/cifar10_cka_strength_fixed_5605137/strength_0p8/seed_7/cka_feddst_cifar10_clients5_alpha0.3_sparsity0.7_cka0.8_seed7_20260801_215124.csv
Saved CKA log to: results/logs/cka_strength_sweep/cifar10_cka_strength_fixed_5605137/strength_0p8/seed_7/cka_feddst_cifar10_clients5_alpha0.3_sparsity0.7_cka0.8_seed7_20260801_215124_cka.csv

[Run 58/125] suite=cka_strength method=cka_feddst seed=7 sparsity=0.8 cka_strength=0.8
Output log dir: results/logs/cka_strength_sweep/cifar10_cka_strength_fixed_5605137/strength_0p8/seed_7
Command: /mnt/aiongpfs/users/dsen/micromamba/envs/cka-cifar/bin/python -m src.train --global-config configs/global_cifar10.yaml --config configs/cka_feddst_mnist.yaml --seed 7 --sparsity 0.8 --cka-strength 0.8 --log-dir results/logs/cka_strength_sweep/cifar10_cka_strength_fixed_5605137/strength_0p8/seed_7 --checkpoint-dir results/checkpoints/cka_strength_sweep/cifar10_cka_strength_fixed_5605137/strength_0p8/seed_7 --plot-dir results/plots/cka_strength_sweep/cifar10_cka_strength_fixed_5605137
Final merged configuration:
alpha: 0.3
batch_size: 64
checkpoint_dir: results/checkpoints/cka_strength_sweep/cifar10_cka_strength_fixed_5605137/strength_0p8/seed_7
cka_interval: 2
cka_layers:
- conv1
- conv2
- conv3
- fc1
cka_max_sparsity: 0.95
cka_min_sparsity: 0.5
cka_strength: 0.8
data_check: false
data_dir: data
dataset: cifar10
device: auto
disable_cudnn: true
dry_run: false
eval_interval: 1
experiment_config_path: configs/cka_feddst_mnist.yaml
global_config_path: configs/global_cifar10.yaml
local_epochs: 1
log_cka: false
log_dir: results/logs/cka_strength_sweep/cifar10_cka_strength_fixed_5605137/strength_0p8/seed_7
lr: 0.01
mask_update_interval: 2
method: cka_feddst
model: cifar_cnn
num_clients: 5
num_workers: 2
output_dir: results
plot_dir: results/plots/cka_strength_sweep/cifar10_cka_strength_fixed_5605137
prune_fraction: 0.2
reference_size: 500
regrowth_method: gradient
rounds: 20
save_checkpoint: false
seed: 7
sparsity: 0.8
sparsity_init: random
split_dir: null
Saved merged config to: results/logs/cka_strength_sweep/cifar10_cka_strength_fixed_5605137/strength_0p8/seed_7/cka_feddst_cifar10_clients5_alpha0.3_sparsity0.8_cka0.8_seed7_20260801_215835_config.yaml
cuDNN disabled for this run.
Client label distributions:
  client 00: n= 7681, labels=[142, 16, 5, 202, 411, 2130, 3884, 876, 12, 3]
  client 01: n= 8711, labels=[1321, 1281, 355, 76, 3165, 8, 25, 0, 1922, 558]
  client 02: n=19320, labels=[2810, 141, 3133, 4649, 1064, 2142, 26, 2148, 2915, 292]
  client 03: n= 5169, labels=[22, 3285, 1093, 5, 3, 639, 18, 41, 63, 0]
  client 04: n= 8619, labels=[655, 227, 364, 18, 307, 31, 997, 1885, 38, 4097]
Initial sparsity | total=0.8000 | active=123974/619872
Layer sparsity | conv1.weight:0.807870;conv2.weight:0.799533;conv3.weight:0.801866;fc1.weight:0.799719;fc2.weight:0.804688
Round 001 | train_loss=2.2012 | test_loss=2.3042 | test_acc=0.1000 | sparsity=0.8000 | cka=0 | targets=
Round 002 | train_loss=2.2024 | test_loss=2.3065 | test_acc=0.1000 | sparsity=0.8000 | cka=1 | targets=conv1.weight:0.798611;conv2.weight:0.798286;conv3.weight:0.798367;fc1.weight:0.800293
Round 003 | train_loss=2.1936 | test_loss=2.3092 | test_acc=0.1000 | sparsity=0.8000 | cka=0 | targets=conv1.weight:0.798611;conv2.weight:0.798286;conv3.weight:0.798367;fc1.weight:0.800293
Round 004 | train_loss=2.0759 | test_loss=2.3074 | test_acc=0.1345 | sparsity=0.8000 | cka=1 | targets=conv1.weight:0.796296;conv2.weight:0.796332;conv3.weight:0.796400;fc1.weight:0.800642
Round 005 | train_loss=1.8752 | test_loss=2.3752 | test_acc=0.1044 | sparsity=0.8000 | cka=0 | targets=conv1.weight:0.796296;conv2.weight:0.796332;conv3.weight:0.796400;fc1.weight:0.800642
Round 006 | train_loss=1.7169 | test_loss=2.4048 | test_acc=0.1063 | sparsity=0.8000 | cka=1 | targets=conv1.weight:0.797454;conv2.weight:0.797418;conv3.weight:0.797472;fc1.weight:0.800451
Round 007 | train_loss=1.6835 | test_loss=2.4235 | test_acc=0.1308 | sparsity=0.8000 | cka=0 | targets=conv1.weight:0.797454;conv2.weight:0.797418;conv3.weight:0.797472;fc1.weight:0.800451
Round 008 | train_loss=1.6670 | test_loss=2.4114 | test_acc=0.1188 | sparsity=0.8000 | cka=1 | targets=conv1.weight:0.797454;conv2.weight:0.797852;conv3.weight:0.797879;fc1.weight:0.800379
Round 009 | train_loss=1.6594 | test_loss=2.3787 | test_acc=0.1262 | sparsity=0.8000 | cka=0 | targets=conv1.weight:0.797454;conv2.weight:0.797852;conv3.weight:0.797879;fc1.weight:0.800379
Round 010 | train_loss=1.6418 | test_loss=2.3733 | test_acc=0.1415 | sparsity=0.8000 | cka=1 | targets=conv1.weight:0.797454;conv2.weight:0.797906;conv3.weight:0.797892;fc1.weight:0.800375
Round 011 | train_loss=1.6366 | test_loss=2.4211 | test_acc=0.1333 | sparsity=0.8000 | cka=0 | targets=conv1.weight:0.797454;conv2.weight:0.797906;conv3.weight:0.797892;fc1.weight:0.800375
Round 012 | train_loss=1.6221 | test_loss=2.3567 | test_acc=0.1499 | sparsity=0.8000 | cka=1 | targets=conv1.weight:0.796296;conv2.weight:0.797092;conv3.weight:0.797119;fc1.weight:0.800514
Round 013 | train_loss=1.6134 | test_loss=2.3007 | test_acc=0.1674 | sparsity=0.8000 | cka=0 | targets=conv1.weight:0.796296;conv2.weight:0.797092;conv3.weight:0.797119;fc1.weight:0.800514
Round 014 | train_loss=1.6032 | test_loss=2.3053 | test_acc=0.1717 | sparsity=0.8000 | cka=1 | targets=conv1.weight:0.796296;conv2.weight:0.796821;conv3.weight:0.796821;fc1.weight:0.800566
Round 015 | train_loss=1.5921 | test_loss=2.2892 | test_acc=0.1805 | sparsity=0.8000 | cka=0 | targets=conv1.weight:0.796296;conv2.weight:0.796821;conv3.weight:0.796821;fc1.weight:0.800566
Round 016 | train_loss=1.5775 | test_loss=2.3052 | test_acc=0.1832 | sparsity=0.8000 | cka=1 | targets=conv1.weight:0.797454;conv2.weight:0.797689;conv3.weight:0.797716;fc1.weight:0.800407
Round 017 | train_loss=1.5701 | test_loss=2.3037 | test_acc=0.1791 | sparsity=0.8000 | cka=0 | targets=conv1.weight:0.797454;conv2.weight:0.797689;conv3.weight:0.797716;fc1.weight:0.800407
Round 018 | train_loss=1.5526 | test_loss=2.2668 | test_acc=0.1975 | sparsity=0.8000 | cka=1 | targets=conv1.weight:0.792824;conv2.weight:0.797092;conv3.weight:0.796861;fc1.weight:0.800556
Round 019 | train_loss=1.5497 | test_loss=2.4057 | test_acc=0.1344 | sparsity=0.8000 | cka=0 | targets=conv1.weight:0.792824;conv2.weight:0.797092;conv3.weight:0.796861;fc1.weight:0.800556
Round 020 | train_loss=1.5375 | test_loss=2.2591 | test_acc=0.1941 | sparsity=0.8000 | cka=1 | targets=conv1.weight:0.791667;conv2.weight:0.796387;conv3.weight:0.796468;fc1.weight:0.800638
Saved training log to: results/logs/cka_strength_sweep/cifar10_cka_strength_fixed_5605137/strength_0p8/seed_7/cka_feddst_cifar10_clients5_alpha0.3_sparsity0.8_cka0.8_seed7_20260801_215835.csv
Saved CKA log to: results/logs/cka_strength_sweep/cifar10_cka_strength_fixed_5605137/strength_0p8/seed_7/cka_feddst_cifar10_clients5_alpha0.3_sparsity0.8_cka0.8_seed7_20260801_215835_cka.csv

[Run 59/125] suite=cka_strength method=cka_feddst seed=7 sparsity=0.9 cka_strength=0.8
Output log dir: results/logs/cka_strength_sweep/cifar10_cka_strength_fixed_5605137/strength_0p8/seed_7
Command: /mnt/aiongpfs/users/dsen/micromamba/envs/cka-cifar/bin/python -m src.train --global-config configs/global_cifar10.yaml --config configs/cka_feddst_mnist.yaml --seed 7 --sparsity 0.9 --cka-strength 0.8 --log-dir results/logs/cka_strength_sweep/cifar10_cka_strength_fixed_5605137/strength_0p8/seed_7 --checkpoint-dir results/checkpoints/cka_strength_sweep/cifar10_cka_strength_fixed_5605137/strength_0p8/seed_7 --plot-dir results/plots/cka_strength_sweep/cifar10_cka_strength_fixed_5605137
Final merged configuration:
alpha: 0.3
batch_size: 64
checkpoint_dir: results/checkpoints/cka_strength_sweep/cifar10_cka_strength_fixed_5605137/strength_0p8/seed_7
cka_interval: 2
cka_layers:
- conv1
- conv2
- conv3
- fc1
cka_max_sparsity: 0.95
cka_min_sparsity: 0.5
cka_strength: 0.8
data_check: false
data_dir: data
dataset: cifar10
device: auto
disable_cudnn: true
dry_run: false
eval_interval: 1
experiment_config_path: configs/cka_feddst_mnist.yaml
global_config_path: configs/global_cifar10.yaml
local_epochs: 1
log_cka: false
log_dir: results/logs/cka_strength_sweep/cifar10_cka_strength_fixed_5605137/strength_0p8/seed_7
lr: 0.01
mask_update_interval: 2
method: cka_feddst
model: cifar_cnn
num_clients: 5
num_workers: 2
output_dir: results
plot_dir: results/plots/cka_strength_sweep/cifar10_cka_strength_fixed_5605137
prune_fraction: 0.2
reference_size: 500
regrowth_method: gradient
rounds: 20
save_checkpoint: false
seed: 7
sparsity: 0.9
sparsity_init: random
split_dir: null
Saved merged config to: results/logs/cka_strength_sweep/cifar10_cka_strength_fixed_5605137/strength_0p8/seed_7/cka_feddst_cifar10_clients5_alpha0.3_sparsity0.9_cka0.8_seed7_20260801_220557_config.yaml
cuDNN disabled for this run.
Client label distributions:
  client 00: n= 7681, labels=[142, 16, 5, 202, 411, 2130, 3884, 876, 12, 3]
  client 01: n= 8711, labels=[1321, 1281, 355, 76, 3165, 8, 25, 0, 1922, 558]
  client 02: n=19320, labels=[2810, 141, 3133, 4649, 1064, 2142, 26, 2148, 2915, 292]
  client 03: n= 5169, labels=[22, 3285, 1093, 5, 3, 639, 18, 41, 63, 0]
  client 04: n= 8619, labels=[655, 227, 364, 18, 307, 31, 997, 1885, 38, 4097]
Initial sparsity | total=0.9000 | active=61987/619872
Layer sparsity | conv1.weight:0.901620;conv2.weight:0.898058;conv3.weight:0.901299;fc1.weight:0.899843;fc2.weight:0.908203
Round 001 | train_loss=2.2040 | test_loss=2.3043 | test_acc=0.1000 | sparsity=0.9000 | cka=0 | targets=
Round 002 | train_loss=2.2062 | test_loss=2.3066 | test_acc=0.1000 | sparsity=0.9000 | cka=1 | targets=conv1.weight:0.899306;conv2.weight:0.899794;conv3.weight:0.899807;fc1.weight:0.900036
Round 003 | train_loss=2.2082 | test_loss=2.3096 | test_acc=0.1000 | sparsity=0.9000 | cka=0 | targets=conv1.weight:0.899306;conv2.weight:0.899794;conv3.weight:0.899807;fc1.weight:0.900036
Round 004 | train_loss=2.2108 | test_loss=2.3127 | test_acc=0.1000 | sparsity=0.9000 | cka=1 | targets=conv1.weight:0.899306;conv2.weight:0.899251;conv3.weight:0.899306;fc1.weight:0.900126
Round 005 | train_loss=2.2150 | test_loss=2.3159 | test_acc=0.1000 | sparsity=0.9000 | cka=0 | targets=conv1.weight:0.899306;conv2.weight:0.899251;conv3.weight:0.899306;fc1.weight:0.900126
Round 006 | train_loss=2.2179 | test_loss=2.3188 | test_acc=0.1000 | sparsity=0.9000 | cka=1 | targets=conv1.weight:0.900463;conv2.weight:0.899740;conv3.weight:0.899753;fc1.weight:0.900043
Round 007 | train_loss=2.2188 | test_loss=2.3218 | test_acc=0.1000 | sparsity=0.9000 | cka=0 | targets=conv1.weight:0.900463;conv2.weight:0.899740;conv3.weight:0.899753;fc1.weight:0.900043
Round 008 | train_loss=2.2196 | test_loss=2.3240 | test_acc=0.1000 | sparsity=0.9000 | cka=1 | targets=conv1.weight:0.899306;conv2.weight:0.899143;conv3.weight:0.899211;fc1.weight:0.900143
Round 009 | train_loss=2.2236 | test_loss=2.3263 | test_acc=0.1000 | sparsity=0.9000 | cka=0 | targets=conv1.weight:0.899306;conv2.weight:0.899143;conv3.weight:0.899211;fc1.weight:0.900143
Round 010 | train_loss=2.2243 | test_loss=2.3283 | test_acc=0.1000 | sparsity=0.9000 | cka=1 | targets=conv1.weight:0.899306;conv2.weight:0.899523;conv3.weight:0.899577;fc1.weight:0.900078
Round 011 | train_loss=2.2207 | test_loss=2.3311 | test_acc=0.1000 | sparsity=0.9000 | cka=0 | targets=conv1.weight:0.899306;conv2.weight:0.899523;conv3.weight:0.899577;fc1.weight:0.900078
Round 012 | train_loss=2.2133 | test_loss=2.3327 | test_acc=0.1000 | sparsity=0.9000 | cka=1 | targets=conv1.weight:0.899306;conv2.weight:0.899468;conv3.weight:0.899495;fc1.weight:0.900091
Round 013 | train_loss=2.2131 | test_loss=2.3382 | test_acc=0.1000 | sparsity=0.9000 | cka=0 | targets=conv1.weight:0.899306;conv2.weight:0.899468;conv3.weight:0.899495;fc1.weight:0.900091
Round 014 | train_loss=2.1724 | test_loss=2.3505 | test_acc=0.1003 | sparsity=0.9000 | cka=1 | targets=conv1.weight:0.899306;conv2.weight:0.899631;conv3.weight:0.899658;fc1.weight:0.900063
Round 015 | train_loss=1.9746 | test_loss=2.3998 | test_acc=0.1008 | sparsity=0.9000 | cka=0 | targets=conv1.weight:0.899306;conv2.weight:0.899631;conv3.weight:0.899658;fc1.weight:0.900063
Round 016 | train_loss=1.7545 | test_loss=2.4204 | test_acc=0.1026 | sparsity=0.9000 | cka=1 | targets=conv1.weight:0.898148;conv2.weight:0.898817;conv3.weight:0.898872;fc1.weight:0.900204
Round 017 | train_loss=1.7281 | test_loss=2.4334 | test_acc=0.1181 | sparsity=0.9000 | cka=0 | targets=conv1.weight:0.898148;conv2.weight:0.898817;conv3.weight:0.898872;fc1.weight:0.900204
Round 018 | train_loss=1.6766 | test_loss=2.4208 | test_acc=0.1000 | sparsity=0.9000 | cka=1 | targets=conv1.weight:0.899306;conv2.weight:0.899414;conv3.weight:0.899482;fc1.weight:0.900095
Round 019 | train_loss=1.6528 | test_loss=2.3754 | test_acc=0.1095 | sparsity=0.9000 | cka=0 | targets=conv1.weight:0.899306;conv2.weight:0.899414;conv3.weight:0.899482;fc1.weight:0.900095
Round 020 | train_loss=1.6335 | test_loss=2.3706 | test_acc=0.1261 | sparsity=0.9000 | cka=1 | targets=conv1.weight:0.896991;conv2.weight:0.898980;conv3.weight:0.899224;fc1.weight:0.900150
Saved training log to: results/logs/cka_strength_sweep/cifar10_cka_strength_fixed_5605137/strength_0p8/seed_7/cka_feddst_cifar10_clients5_alpha0.3_sparsity0.9_cka0.8_seed7_20260801_220557.csv
Saved CKA log to: results/logs/cka_strength_sweep/cifar10_cka_strength_fixed_5605137/strength_0p8/seed_7/cka_feddst_cifar10_clients5_alpha0.3_sparsity0.9_cka0.8_seed7_20260801_220557_cka.csv

[Run 60/125] suite=cka_strength method=cka_feddst seed=7 sparsity=0.95 cka_strength=0.8
Output log dir: results/logs/cka_strength_sweep/cifar10_cka_strength_fixed_5605137/strength_0p8/seed_7
Command: /mnt/aiongpfs/users/dsen/micromamba/envs/cka-cifar/bin/python -m src.train --global-config configs/global_cifar10.yaml --config configs/cka_feddst_mnist.yaml --seed 7 --sparsity 0.95 --cka-strength 0.8 --log-dir results/logs/cka_strength_sweep/cifar10_cka_strength_fixed_5605137/strength_0p8/seed_7 --checkpoint-dir results/checkpoints/cka_strength_sweep/cifar10_cka_strength_fixed_5605137/strength_0p8/seed_7 --plot-dir results/plots/cka_strength_sweep/cifar10_cka_strength_fixed_5605137
Final merged configuration:
alpha: 0.3
batch_size: 64
checkpoint_dir: results/checkpoints/cka_strength_sweep/cifar10_cka_strength_fixed_5605137/strength_0p8/seed_7
cka_interval: 2
cka_layers:
- conv1
- conv2
- conv3
- fc1
cka_max_sparsity: 0.95
cka_min_sparsity: 0.5
cka_strength: 0.8
data_check: false
data_dir: data
dataset: cifar10
device: auto
disable_cudnn: true
dry_run: false
eval_interval: 1
experiment_config_path: configs/cka_feddst_mnist.yaml
global_config_path: configs/global_cifar10.yaml
local_epochs: 1
log_cka: false
log_dir: results/logs/cka_strength_sweep/cifar10_cka_strength_fixed_5605137/strength_0p8/seed_7
lr: 0.01
mask_update_interval: 2
method: cka_feddst
model: cifar_cnn
num_clients: 5
num_workers: 2
output_dir: results
plot_dir: results/plots/cka_strength_sweep/cifar10_cka_strength_fixed_5605137
prune_fraction: 0.2
reference_size: 500
regrowth_method: gradient
rounds: 20
save_checkpoint: false
seed: 7
sparsity: 0.95
sparsity_init: random
split_dir: null
Saved merged config to: results/logs/cka_strength_sweep/cifar10_cka_strength_fixed_5605137/strength_0p8/seed_7/cka_feddst_cifar10_clients5_alpha0.3_sparsity0.95_cka0.8_seed7_20260801_221341_config.yaml
cuDNN disabled for this run.
Client label distributions:
  client 00: n= 7681, labels=[142, 16, 5, 202, 411, 2130, 3884, 876, 12, 3]
  client 01: n= 8711, labels=[1321, 1281, 355, 76, 3165, 8, 25, 0, 1922, 558]
  client 02: n=19320, labels=[2810, 141, 3133, 4649, 1064, 2142, 26, 2148, 2915, 292]
  client 03: n= 5169, labels=[22, 3285, 1093, 5, 3, 639, 18, 41, 63, 0]
  client 04: n= 8619, labels=[655, 227, 364, 18, 307, 31, 997, 1885, 38, 4097]
Initial sparsity | total=0.9500 | active=30994/619872
Layer sparsity | conv1.weight:0.946759;conv2.weight:0.951769;conv3.weight:0.949531;fc1.weight:0.949959;fc2.weight:0.960156
Round 001 | train_loss=2.2050 | test_loss=2.3043 | test_acc=0.1000 | sparsity=0.9500 | cka=0 | targets=
Round 002 | train_loss=2.2074 | test_loss=2.3065 | test_acc=0.1000 | sparsity=0.9500 | cka=1 | targets=conv1.weight:0.949074;conv2.weight:0.949978;conv3.weight:0.949992;fc1.weight:0.949999
Round 003 | train_loss=2.2103 | test_loss=2.3094 | test_acc=0.1000 | sparsity=0.9500 | cka=0 | targets=conv1.weight:0.949074;conv2.weight:0.949978;conv3.weight:0.949992;fc1.weight:0.949999
Round 004 | train_loss=2.2136 | test_loss=2.3125 | test_acc=0.1000 | sparsity=0.9500 | cka=1 | targets=conv1.weight:0.949074;conv2.weight:0.949978;conv3.weight:0.949992;fc1.weight:0.949999
Round 005 | train_loss=2.2173 | test_loss=2.3156 | test_acc=0.1000 | sparsity=0.9500 | cka=0 | targets=conv1.weight:0.949074;conv2.weight:0.949978;conv3.weight:0.949992;fc1.weight:0.949999
Round 006 | train_loss=2.2206 | test_loss=2.3185 | test_acc=0.1000 | sparsity=0.9500 | cka=1 | targets=conv1.weight:0.949074;conv2.weight:0.949978;conv3.weight:0.949992;fc1.weight:0.949999
Round 007 | train_loss=2.2232 | test_loss=2.3212 | test_acc=0.1000 | sparsity=0.9500 | cka=0 | targets=conv1.weight:0.949074;conv2.weight:0.949978;conv3.weight:0.949992;fc1.weight:0.949999
Round 008 | train_loss=2.2256 | test_loss=2.3234 | test_acc=0.1000 | sparsity=0.9500 | cka=1 | targets=conv1.weight:0.949074;conv2.weight:0.949978;conv3.weight:0.949992;fc1.weight:0.949999
Round 009 | train_loss=2.2283 | test_loss=2.3255 | test_acc=0.1000 | sparsity=0.9500 | cka=0 | targets=conv1.weight:0.949074;conv2.weight:0.949978;conv3.weight:0.949992;fc1.weight:0.949999
Round 010 | train_loss=2.2302 | test_loss=2.3274 | test_acc=0.1000 | sparsity=0.9500 | cka=1 | targets=conv1.weight:0.949074;conv2.weight:0.949978;conv3.weight:0.949992;fc1.weight:0.949999
Round 011 | train_loss=2.2313 | test_loss=2.3291 | test_acc=0.1000 | sparsity=0.9500 | cka=0 | targets=conv1.weight:0.949074;conv2.weight:0.949978;conv3.weight:0.949992;fc1.weight:0.949999
Round 012 | train_loss=2.2326 | test_loss=2.3304 | test_acc=0.1000 | sparsity=0.9500 | cka=1 | targets=conv1.weight:0.949074;conv2.weight:0.949978;conv3.weight:0.949992;fc1.weight:0.949999
Round 013 | train_loss=2.2343 | test_loss=2.3316 | test_acc=0.1000 | sparsity=0.9500 | cka=0 | targets=conv1.weight:0.949074;conv2.weight:0.949978;conv3.weight:0.949992;fc1.weight:0.949999
Round 014 | train_loss=2.2352 | test_loss=2.3327 | test_acc=0.1000 | sparsity=0.9500 | cka=1 | targets=conv1.weight:0.949074;conv2.weight:0.949978;conv3.weight:0.949992;fc1.weight:0.949999
Round 015 | train_loss=2.2350 | test_loss=2.3337 | test_acc=0.1000 | sparsity=0.9500 | cka=0 | targets=conv1.weight:0.949074;conv2.weight:0.949978;conv3.weight:0.949992;fc1.weight:0.949999
Round 016 | train_loss=2.2351 | test_loss=2.3345 | test_acc=0.1000 | sparsity=0.9500 | cka=1 | targets=conv1.weight:0.949074;conv2.weight:0.949978;conv3.weight:0.949992;fc1.weight:0.949999
Round 017 | train_loss=2.2368 | test_loss=2.3353 | test_acc=0.1000 | sparsity=0.9500 | cka=0 | targets=conv1.weight:0.949074;conv2.weight:0.949978;conv3.weight:0.949992;fc1.weight:0.949999
Round 018 | train_loss=2.2369 | test_loss=2.3359 | test_acc=0.1000 | sparsity=0.9500 | cka=1 | targets=conv1.weight:0.949074;conv2.weight:0.949978;conv3.weight:0.949992;fc1.weight:0.949999
Round 019 | train_loss=2.2353 | test_loss=2.3367 | test_acc=0.1000 | sparsity=0.9500 | cka=0 | targets=conv1.weight:0.949074;conv2.weight:0.949978;conv3.weight:0.949992;fc1.weight:0.949999
Round 020 | train_loss=2.2344 | test_loss=2.3371 | test_acc=0.1000 | sparsity=0.9500 | cka=1 | targets=conv1.weight:0.949074;conv2.weight:0.949978;conv3.weight:0.949992;fc1.weight:0.949999
Saved training log to: results/logs/cka_strength_sweep/cifar10_cka_strength_fixed_5605137/strength_0p8/seed_7/cka_feddst_cifar10_clients5_alpha0.3_sparsity0.95_cka0.8_seed7_20260801_221341.csv
Saved CKA log to: results/logs/cka_strength_sweep/cifar10_cka_strength_fixed_5605137/strength_0p8/seed_7/cka_feddst_cifar10_clients5_alpha0.3_sparsity0.95_cka0.8_seed7_20260801_221341_cka.csv

[Run 61/125] suite=cka_strength method=cka_feddst seed=13 sparsity=0.5 cka_strength=0.8
Output log dir: results/logs/cka_strength_sweep/cifar10_cka_strength_fixed_5605137/strength_0p8/seed_13
Command: /mnt/aiongpfs/users/dsen/micromamba/envs/cka-cifar/bin/python -m src.train --global-config configs/global_cifar10.yaml --config configs/cka_feddst_mnist.yaml --seed 13 --sparsity 0.5 --cka-strength 0.8 --log-dir results/logs/cka_strength_sweep/cifar10_cka_strength_fixed_5605137/strength_0p8/seed_13 --checkpoint-dir results/checkpoints/cka_strength_sweep/cifar10_cka_strength_fixed_5605137/strength_0p8/seed_13 --plot-dir results/plots/cka_strength_sweep/cifar10_cka_strength_fixed_5605137
Final merged configuration:
alpha: 0.3
batch_size: 64
checkpoint_dir: results/checkpoints/cka_strength_sweep/cifar10_cka_strength_fixed_5605137/strength_0p8/seed_13
cka_interval: 2
cka_layers:
- conv1
- conv2
- conv3
- fc1
cka_max_sparsity: 0.95
cka_min_sparsity: 0.5
cka_strength: 0.8
data_check: false
data_dir: data
dataset: cifar10
device: auto
disable_cudnn: true
dry_run: false
eval_interval: 1
experiment_config_path: configs/cka_feddst_mnist.yaml
global_config_path: configs/global_cifar10.yaml
local_epochs: 1
log_cka: false
log_dir: results/logs/cka_strength_sweep/cifar10_cka_strength_fixed_5605137/strength_0p8/seed_13
lr: 0.01
mask_update_interval: 2
method: cka_feddst
model: cifar_cnn
num_clients: 5
num_workers: 2
output_dir: results
plot_dir: results/plots/cka_strength_sweep/cifar10_cka_strength_fixed_5605137
prune_fraction: 0.2
reference_size: 500
regrowth_method: gradient
rounds: 20
save_checkpoint: false
seed: 13
sparsity: 0.5
sparsity_init: random
split_dir: null
Saved merged config to: results/logs/cka_strength_sweep/cifar10_cka_strength_fixed_5605137/strength_0p8/seed_13/cka_feddst_cifar10_clients5_alpha0.3_sparsity0.5_cka0.8_seed13_20260801_222105_config.yaml
cuDNN disabled for this run.
Client label distributions:
  client 00: n=19994, labels=[2952, 878, 4230, 1942, 3893, 2947, 1170, 1268, 17, 697]
  client 01: n= 5273, labels=[1186, 629, 719, 163, 777, 852, 428, 22, 488, 9]
  client 02: n= 7607, labels=[2, 105, 1, 0, 96, 68, 60, 1042, 2038, 4195]
  client 03: n= 4678, labels=[463, 27, 0, 654, 2, 62, 287, 776, 2407, 0]
  client 04: n=11948, labels=[347, 3311, 0, 2191, 182, 1021, 3005, 1842, 0, 49]
Initial sparsity | total=0.5000 | active=309936/619872
Layer sparsity | conv1.weight:0.493056;conv2.weight:0.499891;conv3.weight:0.499797;fc1.weight:0.500042;fc2.weight:0.500391
Round 001 | train_loss=2.0145 | test_loss=2.3059 | test_acc=0.1242 | sparsity=0.5000 | cka=0 | targets=
Round 002 | train_loss=1.8226 | test_loss=2.4185 | test_acc=0.1358 | sparsity=0.5000 | cka=1 | targets=conv1.weight:0.500000;conv2.weight:0.500000;conv3.weight:0.500000;fc1.weight:0.500000
Round 003 | train_loss=1.7741 | test_loss=2.5015 | test_acc=0.1426 | sparsity=0.5000 | cka=0 | targets=conv1.weight:0.500000;conv2.weight:0.500000;conv3.weight:0.500000;fc1.weight:0.500000
Round 004 | train_loss=1.7569 | test_loss=2.4353 | test_acc=0.1550 | sparsity=0.5000 | cka=1 | targets=conv1.weight:0.500000;conv2.weight:0.500000;conv3.weight:0.500000;fc1.weight:0.500000
Round 005 | train_loss=1.7453 | test_loss=2.4372 | test_acc=0.1907 | sparsity=0.5000 | cka=0 | targets=conv1.weight:0.500000;conv2.weight:0.500000;conv3.weight:0.500000;fc1.weight:0.500000
Round 006 | train_loss=1.7296 | test_loss=2.4398 | test_acc=0.2129 | sparsity=0.5000 | cka=1 | targets=conv1.weight:0.500000;conv2.weight:0.500000;conv3.weight:0.500000;fc1.weight:0.500000
Round 007 | train_loss=1.7231 | test_loss=2.3712 | test_acc=0.2067 | sparsity=0.5000 | cka=0 | targets=conv1.weight:0.500000;conv2.weight:0.500000;conv3.weight:0.500000;fc1.weight:0.500000
Round 008 | train_loss=1.6959 | test_loss=2.3886 | test_acc=0.2334 | sparsity=0.5000 | cka=1 | targets=conv1.weight:0.500000;conv2.weight:0.500000;conv3.weight:0.500000;fc1.weight:0.500000
Round 009 | train_loss=1.6728 | test_loss=2.3185 | test_acc=0.2517 | sparsity=0.5000 | cka=0 | targets=conv1.weight:0.500000;conv2.weight:0.500000;conv3.weight:0.500000;fc1.weight:0.500000
Round 010 | train_loss=1.6322 | test_loss=2.3200 | test_acc=0.2542 | sparsity=0.5000 | cka=1 | targets=conv1.weight:0.500000;conv2.weight:0.500000;conv3.weight:0.500000;fc1.weight:0.500000
Round 011 | train_loss=1.6155 | test_loss=2.1624 | test_acc=0.2800 | sparsity=0.5000 | cka=0 | targets=conv1.weight:0.500000;conv2.weight:0.500000;conv3.weight:0.500000;fc1.weight:0.500000
Round 012 | train_loss=1.5707 | test_loss=2.1912 | test_acc=0.2746 | sparsity=0.5000 | cka=1 | targets=conv1.weight:0.500000;conv2.weight:0.500000;conv3.weight:0.500000;fc1.weight:0.500000
Round 013 | train_loss=1.5302 | test_loss=2.0810 | test_acc=0.2940 | sparsity=0.5000 | cka=0 | targets=conv1.weight:0.500000;conv2.weight:0.500000;conv3.weight:0.500000;fc1.weight:0.500000
Round 014 | train_loss=1.4922 | test_loss=2.0471 | test_acc=0.2979 | sparsity=0.5000 | cka=1 | targets=conv1.weight:0.500000;conv2.weight:0.500000;conv3.weight:0.500000;fc1.weight:0.500000
Round 015 | train_loss=1.4869 | test_loss=1.9586 | test_acc=0.3098 | sparsity=0.5000 | cka=0 | targets=conv1.weight:0.500000;conv2.weight:0.500000;conv3.weight:0.500000;fc1.weight:0.500000
Round 016 | train_loss=1.4479 | test_loss=1.9588 | test_acc=0.3165 | sparsity=0.5000 | cka=1 | targets=conv1.weight:0.500000;conv2.weight:0.500000;conv3.weight:0.500000;fc1.weight:0.500000
Round 017 | train_loss=1.4289 | test_loss=1.9388 | test_acc=0.3284 | sparsity=0.5000 | cka=0 | targets=conv1.weight:0.500000;conv2.weight:0.500000;conv3.weight:0.500000;fc1.weight:0.500000
Round 018 | train_loss=1.4042 | test_loss=1.9015 | test_acc=0.3340 | sparsity=0.5000 | cka=1 | targets=conv1.weight:0.500000;conv2.weight:0.500000;conv3.weight:0.500000;fc1.weight:0.500000
Round 019 | train_loss=1.3932 | test_loss=1.8418 | test_acc=0.3471 | sparsity=0.5000 | cka=0 | targets=conv1.weight:0.500000;conv2.weight:0.500000;conv3.weight:0.500000;fc1.weight:0.500000
Round 020 | train_loss=1.3661 | test_loss=1.8638 | test_acc=0.3424 | sparsity=0.5000 | cka=1 | targets=conv1.weight:0.500000;conv2.weight:0.500000;conv3.weight:0.500000;fc1.weight:0.500000
Saved training log to: results/logs/cka_strength_sweep/cifar10_cka_strength_fixed_5605137/strength_0p8/seed_13/cka_feddst_cifar10_clients5_alpha0.3_sparsity0.5_cka0.8_seed13_20260801_222105.csv
Saved CKA log to: results/logs/cka_strength_sweep/cifar10_cka_strength_fixed_5605137/strength_0p8/seed_13/cka_feddst_cifar10_clients5_alpha0.3_sparsity0.5_cka0.8_seed13_20260801_222105_cka.csv

[Run 62/125] suite=cka_strength method=cka_feddst seed=13 sparsity=0.7 cka_strength=0.8
Output log dir: results/logs/cka_strength_sweep/cifar10_cka_strength_fixed_5605137/strength_0p8/seed_13
Command: /mnt/aiongpfs/users/dsen/micromamba/envs/cka-cifar/bin/python -m src.train --global-config configs/global_cifar10.yaml --config configs/cka_feddst_mnist.yaml --seed 13 --sparsity 0.7 --cka-strength 0.8 --log-dir results/logs/cka_strength_sweep/cifar10_cka_strength_fixed_5605137/strength_0p8/seed_13 --checkpoint-dir results/checkpoints/cka_strength_sweep/cifar10_cka_strength_fixed_5605137/strength_0p8/seed_13 --plot-dir results/plots/cka_strength_sweep/cifar10_cka_strength_fixed_5605137
Final merged configuration:
alpha: 0.3
batch_size: 64
checkpoint_dir: results/checkpoints/cka_strength_sweep/cifar10_cka_strength_fixed_5605137/strength_0p8/seed_13
cka_interval: 2
cka_layers:
- conv1
- conv2
- conv3
- fc1
cka_max_sparsity: 0.95
cka_min_sparsity: 0.5
cka_strength: 0.8
data_check: false
data_dir: data
dataset: cifar10
device: auto
disable_cudnn: true
dry_run: false
eval_interval: 1
experiment_config_path: configs/cka_feddst_mnist.yaml
global_config_path: configs/global_cifar10.yaml
local_epochs: 1
log_cka: false
log_dir: results/logs/cka_strength_sweep/cifar10_cka_strength_fixed_5605137/strength_0p8/seed_13
lr: 0.01
mask_update_interval: 2
method: cka_feddst
model: cifar_cnn
num_clients: 5
num_workers: 2
output_dir: results
plot_dir: results/plots/cka_strength_sweep/cifar10_cka_strength_fixed_5605137
prune_fraction: 0.2
reference_size: 500
regrowth_method: gradient
rounds: 20
save_checkpoint: false
seed: 13
sparsity: 0.7
sparsity_init: random
split_dir: null
Saved merged config to: results/logs/cka_strength_sweep/cifar10_cka_strength_fixed_5605137/strength_0p8/seed_13/cka_feddst_cifar10_clients5_alpha0.3_sparsity0.7_cka0.8_seed13_20260801_222830_config.yaml
cuDNN disabled for this run.
Client label distributions:
  client 00: n=19994, labels=[2952, 878, 4230, 1942, 3893, 2947, 1170, 1268, 17, 697]
  client 01: n= 5273, labels=[1186, 629, 719, 163, 777, 852, 428, 22, 488, 9]
  client 02: n= 7607, labels=[2, 105, 1, 0, 96, 68, 60, 1042, 2038, 4195]
  client 03: n= 4678, labels=[463, 27, 0, 654, 2, 62, 287, 776, 2407, 0]
  client 04: n=11948, labels=[347, 3311, 0, 2191, 182, 1021, 3005, 1842, 0, 49]
Initial sparsity | total=0.7000 | active=185962/619872
Layer sparsity | conv1.weight:0.684028;conv2.weight:0.700575;conv3.weight:0.698201;fc1.weight:0.700253;fc2.weight:0.701172
Round 001 | train_loss=2.1989 | test_loss=2.3016 | test_acc=0.1114 | sparsity=0.7000 | cka=0 | targets=
Round 002 | train_loss=2.1109 | test_loss=2.2953 | test_acc=0.1423 | sparsity=0.7000 | cka=1 | targets=conv1.weight:0.696759;conv2.weight:0.697157;conv3.weight:0.697238;fc1.weight:0.700493
Round 003 | train_loss=1.8585 | test_loss=2.4251 | test_acc=0.1413 | sparsity=0.7000 | cka=0 | targets=conv1.weight:0.696759;conv2.weight:0.697157;conv3.weight:0.697238;fc1.weight:0.700493
Round 004 | train_loss=1.7851 | test_loss=2.3086 | test_acc=0.1574 | sparsity=0.7000 | cka=1 | targets=conv1.weight:0.696759;conv2.weight:0.696343;conv3.weight:0.696343;fc1.weight:0.700647
Round 005 | train_loss=1.7939 | test_loss=2.4207 | test_acc=0.1626 | sparsity=0.7000 | cka=0 | targets=conv1.weight:0.696759;conv2.weight:0.696343;conv3.weight:0.696343;fc1.weight:0.700647
Round 006 | train_loss=1.7618 | test_loss=2.4366 | test_acc=0.1715 | sparsity=0.7000 | cka=1 | targets=conv1.weight:0.696759;conv2.weight:0.696669;conv3.weight:0.696682;fc1.weight:0.700588
Round 007 | train_loss=1.7539 | test_loss=2.4373 | test_acc=0.1776 | sparsity=0.7000 | cka=0 | targets=conv1.weight:0.696759;conv2.weight:0.696669;conv3.weight:0.696682;fc1.weight:0.700588
Round 008 | train_loss=1.7410 | test_loss=2.4529 | test_acc=0.1913 | sparsity=0.7000 | cka=1 | targets=conv1.weight:0.695602;conv2.weight:0.696018;conv3.weight:0.696004;fc1.weight:0.700708
Round 009 | train_loss=1.7332 | test_loss=2.4384 | test_acc=0.2008 | sparsity=0.7000 | cka=0 | targets=conv1.weight:0.695602;conv2.weight:0.696018;conv3.weight:0.696004;fc1.weight:0.700708
Round 010 | train_loss=1.7193 | test_loss=2.4634 | test_acc=0.2042 | sparsity=0.7000 | cka=1 | targets=conv1.weight:0.696759;conv2.weight:0.696289;conv3.weight:0.696275;fc1.weight:0.700659
Round 011 | train_loss=1.7169 | test_loss=2.3538 | test_acc=0.2189 | sparsity=0.7000 | cka=0 | targets=conv1.weight:0.696759;conv2.weight:0.696289;conv3.weight:0.696275;fc1.weight:0.700659
Round 012 | train_loss=1.7024 | test_loss=2.3965 | test_acc=0.2180 | sparsity=0.7000 | cka=1 | targets=conv1.weight:0.694444;conv2.weight:0.694933;conv3.weight:0.694933;fc1.weight:0.700899
Round 013 | train_loss=1.6898 | test_loss=2.3497 | test_acc=0.2314 | sparsity=0.7000 | cka=0 | targets=conv1.weight:0.694444;conv2.weight:0.694933;conv3.weight:0.694933;fc1.weight:0.700899
Round 014 | train_loss=1.6748 | test_loss=2.3446 | test_acc=0.2310 | sparsity=0.7000 | cka=1 | targets=conv1.weight:0.696759;conv2.weight:0.696181;conv3.weight:0.696208;fc1.weight:0.700672
Round 015 | train_loss=1.6783 | test_loss=2.2581 | test_acc=0.2362 | sparsity=0.7000 | cka=0 | targets=conv1.weight:0.696759;conv2.weight:0.696181;conv3.weight:0.696208;fc1.weight:0.700672
Round 016 | train_loss=1.6560 | test_loss=2.2780 | test_acc=0.2418 | sparsity=0.7000 | cka=1 | targets=conv1.weight:0.694444;conv2.weight:0.694282;conv3.weight:0.694431;fc1.weight:0.700993
Round 017 | train_loss=1.6443 | test_loss=2.2744 | test_acc=0.2549 | sparsity=0.7000 | cka=0 | targets=conv1.weight:0.694444;conv2.weight:0.694282;conv3.weight:0.694431;fc1.weight:0.700993
Round 018 | train_loss=1.6206 | test_loss=2.2910 | test_acc=0.2439 | sparsity=0.7000 | cka=1 | targets=conv1.weight:0.694444;conv2.weight:0.694661;conv3.weight:0.694878;fc1.weight:0.700916
Round 019 | train_loss=1.6145 | test_loss=2.1379 | test_acc=0.2756 | sparsity=0.7000 | cka=0 | targets=conv1.weight:0.694444;conv2.weight:0.694661;conv3.weight:0.694878;fc1.weight:0.700916
Round 020 | train_loss=1.5723 | test_loss=2.1806 | test_acc=0.2721 | sparsity=0.7000 | cka=1 | targets=conv1.weight:0.692130;conv2.weight:0.692491;conv3.weight:0.692559;fc1.weight:0.701323
Saved training log to: results/logs/cka_strength_sweep/cifar10_cka_strength_fixed_5605137/strength_0p8/seed_13/cka_feddst_cifar10_clients5_alpha0.3_sparsity0.7_cka0.8_seed13_20260801_222830.csv
Saved CKA log to: results/logs/cka_strength_sweep/cifar10_cka_strength_fixed_5605137/strength_0p8/seed_13/cka_feddst_cifar10_clients5_alpha0.3_sparsity0.7_cka0.8_seed13_20260801_222830_cka.csv

[Run 63/125] suite=cka_strength method=cka_feddst seed=13 sparsity=0.8 cka_strength=0.8
Output log dir: results/logs/cka_strength_sweep/cifar10_cka_strength_fixed_5605137/strength_0p8/seed_13
Command: /mnt/aiongpfs/users/dsen/micromamba/envs/cka-cifar/bin/python -m src.train --global-config configs/global_cifar10.yaml --config configs/cka_feddst_mnist.yaml --seed 13 --sparsity 0.8 --cka-strength 0.8 --log-dir results/logs/cka_strength_sweep/cifar10_cka_strength_fixed_5605137/strength_0p8/seed_13 --checkpoint-dir results/checkpoints/cka_strength_sweep/cifar10_cka_strength_fixed_5605137/strength_0p8/seed_13 --plot-dir results/plots/cka_strength_sweep/cifar10_cka_strength_fixed_5605137
Final merged configuration:
alpha: 0.3
batch_size: 64
checkpoint_dir: results/checkpoints/cka_strength_sweep/cifar10_cka_strength_fixed_5605137/strength_0p8/seed_13
cka_interval: 2
cka_layers:
- conv1
- conv2
- conv3
- fc1
cka_max_sparsity: 0.95
cka_min_sparsity: 0.5
cka_strength: 0.8
data_check: false
data_dir: data
dataset: cifar10
device: auto
disable_cudnn: true
dry_run: false
eval_interval: 1
experiment_config_path: configs/cka_feddst_mnist.yaml
global_config_path: configs/global_cifar10.yaml
local_epochs: 1
log_cka: false
log_dir: results/logs/cka_strength_sweep/cifar10_cka_strength_fixed_5605137/strength_0p8/seed_13
lr: 0.01
mask_update_interval: 2
method: cka_feddst
model: cifar_cnn
num_clients: 5
num_workers: 2
output_dir: results
plot_dir: results/plots/cka_strength_sweep/cifar10_cka_strength_fixed_5605137
prune_fraction: 0.2
reference_size: 500
regrowth_method: gradient
rounds: 20
save_checkpoint: false
seed: 13
sparsity: 0.8
sparsity_init: random
split_dir: null
Saved merged config to: results/logs/cka_strength_sweep/cifar10_cka_strength_fixed_5605137/strength_0p8/seed_13/cka_feddst_cifar10_clients5_alpha0.3_sparsity0.8_cka0.8_seed13_20260801_223559_config.yaml
cuDNN disabled for this run.
Client label distributions:
  client 00: n=19994, labels=[2952, 878, 4230, 1942, 3893, 2947, 1170, 1268, 17, 697]
  client 01: n= 5273, labels=[1186, 629, 719, 163, 777, 852, 428, 22, 488, 9]
  client 02: n= 7607, labels=[2, 105, 1, 0, 96, 68, 60, 1042, 2038, 4195]
  client 03: n= 4678, labels=[463, 27, 0, 654, 2, 62, 287, 776, 2407, 0]
  client 04: n=11948, labels=[347, 3311, 0, 2191, 182, 1021, 3005, 1842, 0, 49]
Initial sparsity | total=0.8000 | active=123974/619872
Layer sparsity | conv1.weight:0.800926;conv2.weight:0.801975;conv3.weight:0.797472;fc1.weight:0.800318;fc2.weight:0.793359
Round 001 | train_loss=2.2201 | test_loss=2.3034 | test_acc=0.1000 | sparsity=0.8000 | cka=0 | targets=
Round 002 | train_loss=2.2208 | test_loss=2.3052 | test_acc=0.1002 | sparsity=0.8000 | cka=1 | targets=conv1.weight:0.798611;conv2.weight:0.798123;conv3.weight:0.798177;fc1.weight:0.800325
Round 003 | train_loss=2.1854 | test_loss=2.3051 | test_acc=0.1000 | sparsity=0.8000 | cka=0 | targets=conv1.weight:0.798611;conv2.weight:0.798123;conv3.weight:0.798177;fc1.weight:0.800325
Round 004 | train_loss=2.0427 | test_loss=2.3048 | test_acc=0.1185 | sparsity=0.8000 | cka=1 | targets=conv1.weight:0.797454;conv2.weight:0.797852;conv3.weight:0.797906;fc1.weight:0.800375
Round 005 | train_loss=1.9035 | test_loss=2.3579 | test_acc=0.1390 | sparsity=0.8000 | cka=0 | targets=conv1.weight:0.797454;conv2.weight:0.797852;conv3.weight:0.797906;fc1.weight:0.800375
Round 006 | train_loss=1.7898 | test_loss=2.3863 | test_acc=0.1485 | sparsity=0.8000 | cka=1 | targets=conv1.weight:0.797454;conv2.weight:0.797146;conv3.weight:0.797173;fc1.weight:0.800503
Round 007 | train_loss=1.7724 | test_loss=2.4563 | test_acc=0.1401 | sparsity=0.8000 | cka=0 | targets=conv1.weight:0.797454;conv2.weight:0.797146;conv3.weight:0.797173;fc1.weight:0.800503
Round 008 | train_loss=1.7573 | test_loss=2.4542 | test_acc=0.1431 | sparsity=0.8000 | cka=1 | targets=conv1.weight:0.797454;conv2.weight:0.797906;conv3.weight:0.797892;fc1.weight:0.800375
Round 009 | train_loss=1.7489 | test_loss=2.4330 | test_acc=0.1851 | sparsity=0.8000 | cka=0 | targets=conv1.weight:0.797454;conv2.weight:0.797906;conv3.weight:0.797892;fc1.weight:0.800375
Round 010 | train_loss=1.7366 | test_loss=2.4680 | test_acc=0.1535 | sparsity=0.8000 | cka=1 | targets=conv1.weight:0.797454;conv2.weight:0.797472;conv3.weight:0.797499;fc1.weight:0.800446
Round 011 | train_loss=1.7315 | test_loss=2.3989 | test_acc=0.1982 | sparsity=0.8000 | cka=0 | targets=conv1.weight:0.797454;conv2.weight:0.797472;conv3.weight:0.797499;fc1.weight:0.800446
Round 012 | train_loss=1.7217 | test_loss=2.4320 | test_acc=0.1750 | sparsity=0.8000 | cka=1 | targets=conv1.weight:0.797454;conv2.weight:0.797418;conv3.weight:0.797418;fc1.weight:0.800459
Round 013 | train_loss=1.7129 | test_loss=2.3594 | test_acc=0.2147 | sparsity=0.8000 | cka=0 | targets=conv1.weight:0.797454;conv2.weight:0.797418;conv3.weight:0.797418;fc1.weight:0.800459
Round 014 | train_loss=1.6997 | test_loss=2.3680 | test_acc=0.2120 | sparsity=0.8000 | cka=1 | targets=conv1.weight:0.797454;conv2.weight:0.797038;conv3.weight:0.797051;fc1.weight:0.800524
Round 015 | train_loss=1.7003 | test_loss=2.3169 | test_acc=0.2102 | sparsity=0.8000 | cka=0 | targets=conv1.weight:0.797454;conv2.weight:0.797038;conv3.weight:0.797051;fc1.weight:0.800524
Round 016 | train_loss=1.6838 | test_loss=2.3548 | test_acc=0.2007 | sparsity=0.8000 | cka=1 | targets=conv1.weight:0.796296;conv2.weight:0.796929;conv3.weight:0.796916;fc1.weight:0.800549
Round 017 | train_loss=1.6807 | test_loss=2.3265 | test_acc=0.2309 | sparsity=0.8000 | cka=0 | targets=conv1.weight:0.796296;conv2.weight:0.796929;conv3.weight:0.796916;fc1.weight:0.800549
Round 018 | train_loss=1.6672 | test_loss=2.3789 | test_acc=0.2185 | sparsity=0.8000 | cka=1 | targets=conv1.weight:0.796296;conv2.weight:0.796495;conv3.weight:0.796495;fc1.weight:0.800623
Round 019 | train_loss=1.6678 | test_loss=2.3137 | test_acc=0.2336 | sparsity=0.8000 | cka=0 | targets=conv1.weight:0.796296;conv2.weight:0.796495;conv3.weight:0.796495;fc1.weight:0.800623
Round 020 | train_loss=1.6482 | test_loss=2.3191 | test_acc=0.2181 | sparsity=0.8000 | cka=1 | targets=conv1.weight:0.795139;conv2.weight:0.795898;conv3.weight:0.795898;fc1.weight:0.800730
Saved training log to: results/logs/cka_strength_sweep/cifar10_cka_strength_fixed_5605137/strength_0p8/seed_13/cka_feddst_cifar10_clients5_alpha0.3_sparsity0.8_cka0.8_seed13_20260801_223559.csv
Saved CKA log to: results/logs/cka_strength_sweep/cifar10_cka_strength_fixed_5605137/strength_0p8/seed_13/cka_feddst_cifar10_clients5_alpha0.3_sparsity0.8_cka0.8_seed13_20260801_223559_cka.csv

[Run 64/125] suite=cka_strength method=cka_feddst seed=13 sparsity=0.9 cka_strength=0.8
Output log dir: results/logs/cka_strength_sweep/cifar10_cka_strength_fixed_5605137/strength_0p8/seed_13
Command: /mnt/aiongpfs/users/dsen/micromamba/envs/cka-cifar/bin/python -m src.train --global-config configs/global_cifar10.yaml --config configs/cka_feddst_mnist.yaml --seed 13 --sparsity 0.9 --cka-strength 0.8 --log-dir results/logs/cka_strength_sweep/cifar10_cka_strength_fixed_5605137/strength_0p8/seed_13 --checkpoint-dir results/checkpoints/cka_strength_sweep/cifar10_cka_strength_fixed_5605137/strength_0p8/seed_13 --plot-dir results/plots/cka_strength_sweep/cifar10_cka_strength_fixed_5605137
Final merged configuration:
alpha: 0.3
batch_size: 64
checkpoint_dir: results/checkpoints/cka_strength_sweep/cifar10_cka_strength_fixed_5605137/strength_0p8/seed_13
cka_interval: 2
cka_layers:
- conv1
- conv2
- conv3
- fc1
cka_max_sparsity: 0.95
cka_min_sparsity: 0.5
cka_strength: 0.8
data_check: false
data_dir: data
dataset: cifar10
device: auto
disable_cudnn: true
dry_run: false
eval_interval: 1
experiment_config_path: configs/cka_feddst_mnist.yaml
global_config_path: configs/global_cifar10.yaml
local_epochs: 1
log_cka: false
log_dir: results/logs/cka_strength_sweep/cifar10_cka_strength_fixed_5605137/strength_0p8/seed_13
lr: 0.01
mask_update_interval: 2
method: cka_feddst
model: cifar_cnn
num_clients: 5
num_workers: 2
output_dir: results
plot_dir: results/plots/cka_strength_sweep/cifar10_cka_strength_fixed_5605137
prune_fraction: 0.2
reference_size: 500
regrowth_method: gradient
rounds: 20
save_checkpoint: false
seed: 13
sparsity: 0.9
sparsity_init: random
split_dir: null
Saved merged config to: results/logs/cka_strength_sweep/cifar10_cka_strength_fixed_5605137/strength_0p8/seed_13/cka_feddst_cifar10_clients5_alpha0.3_sparsity0.9_cka0.8_seed13_20260801_224335_config.yaml
cuDNN disabled for this run.
Client label distributions:
  client 00: n=19994, labels=[2952, 878, 4230, 1942, 3893, 2947, 1170, 1268, 17, 697]
  client 01: n= 5273, labels=[1186, 629, 719, 163, 777, 852, 428, 22, 488, 9]
  client 02: n= 7607, labels=[2, 105, 1, 0, 96, 68, 60, 1042, 2038, 4195]
  client 03: n= 4678, labels=[463, 27, 0, 654, 2, 62, 287, 776, 2407, 0]
  client 04: n=11948, labels=[347, 3311, 0, 2191, 182, 1021, 3005, 1842, 0, 49]
Initial sparsity | total=0.9000 | active=61987/619872
Layer sparsity | conv1.weight:0.896991;conv2.weight:0.900825;conv3.weight:0.898560;fc1.weight:0.900152;fc2.weight:0.905469
Round 001 | train_loss=2.2230 | test_loss=2.3036 | test_acc=0.1000 | sparsity=0.9000 | cka=0 | targets=
Round 002 | train_loss=2.2249 | test_loss=2.3055 | test_acc=0.1000 | sparsity=0.9000 | cka=1 | targets=conv1.weight:0.899306;conv2.weight:0.899848;conv3.weight:0.899835;fc1.weight:0.900030
Round 003 | train_loss=2.2268 | test_loss=2.3081 | test_acc=0.1003 | sparsity=0.9000 | cka=0 | targets=conv1.weight:0.899306;conv2.weight:0.899848;conv3.weight:0.899835;fc1.weight:0.900030
Round 004 | train_loss=2.2295 | test_loss=2.3108 | test_acc=0.1000 | sparsity=0.9000 | cka=1 | targets=conv1.weight:0.899306;conv2.weight:0.898926;conv3.weight:0.898939;fc1.weight:0.900188
Round 005 | train_loss=2.2332 | test_loss=2.3136 | test_acc=0.1000 | sparsity=0.9000 | cka=0 | targets=conv1.weight:0.899306;conv2.weight:0.898926;conv3.weight:0.898939;fc1.weight:0.900188
Round 006 | train_loss=2.2359 | test_loss=2.3163 | test_acc=0.1000 | sparsity=0.9000 | cka=1 | targets=conv1.weight:0.899306;conv2.weight:0.899685;conv3.weight:0.899712;fc1.weight:0.900053
Round 007 | train_loss=2.2377 | test_loss=2.3188 | test_acc=0.1000 | sparsity=0.9000 | cka=0 | targets=conv1.weight:0.899306;conv2.weight:0.899685;conv3.weight:0.899712;fc1.weight:0.900053
Round 008 | train_loss=2.2393 | test_loss=2.3210 | test_acc=0.1000 | sparsity=0.9000 | cka=1 | targets=conv1.weight:0.898148;conv2.weight:0.898600;conv3.weight:0.898614;fc1.weight:0.900248
Round 009 | train_loss=2.2425 | test_loss=2.3230 | test_acc=0.1000 | sparsity=0.9000 | cka=0 | targets=conv1.weight:0.898148;conv2.weight:0.898600;conv3.weight:0.898614;fc1.weight:0.900248
Round 010 | train_loss=2.2442 | test_loss=2.3247 | test_acc=0.1000 | sparsity=0.9000 | cka=1 | targets=conv1.weight:0.899306;conv2.weight:0.899468;conv3.weight:0.899495;fc1.weight:0.900091
Round 011 | train_loss=2.2437 | test_loss=2.3265 | test_acc=0.1000 | sparsity=0.9000 | cka=0 | targets=conv1.weight:0.899306;conv2.weight:0.899468;conv3.weight:0.899495;fc1.weight:0.900091
Round 012 | train_loss=2.2432 | test_loss=2.3278 | test_acc=0.1000 | sparsity=0.9000 | cka=1 | targets=conv1.weight:0.898148;conv2.weight:0.898329;conv3.weight:0.898478;fc1.weight:0.900276
Round 013 | train_loss=2.2465 | test_loss=2.3292 | test_acc=0.1000 | sparsity=0.9000 | cka=0 | targets=conv1.weight:0.898148;conv2.weight:0.898329;conv3.weight:0.898478;fc1.weight:0.900276
Round 014 | train_loss=2.2466 | test_loss=2.3303 | test_acc=0.1000 | sparsity=0.9000 | cka=1 | targets=conv1.weight:0.899306;conv2.weight:0.898980;conv3.weight:0.898994;fc1.weight:0.900179
Round 015 | train_loss=2.2418 | test_loss=2.3317 | test_acc=0.1000 | sparsity=0.9000 | cka=0 | targets=conv1.weight:0.899306;conv2.weight:0.898980;conv3.weight:0.898994;fc1.weight:0.900179
Round 016 | train_loss=2.2216 | test_loss=2.3325 | test_acc=0.1000 | sparsity=0.9000 | cka=1 | targets=conv1.weight:0.898148;conv2.weight:0.898709;conv3.weight:0.898912;fc1.weight:0.900202
Round 017 | train_loss=2.2250 | test_loss=2.3327 | test_acc=0.1000 | sparsity=0.9000 | cka=0 | targets=conv1.weight:0.898148;conv2.weight:0.898709;conv3.weight:0.898912;fc1.weight:0.900202
Round 018 | train_loss=2.1507 | test_loss=2.3358 | test_acc=0.0959 | sparsity=0.9000 | cka=1 | targets=conv1.weight:0.895833;conv2.weight:0.896267;conv3.weight:0.896294;fc1.weight:0.900660
Round 019 | train_loss=1.9959 | test_loss=2.3416 | test_acc=0.1369 | sparsity=0.9000 | cka=0 | targets=conv1.weight:0.895833;conv2.weight:0.896267;conv3.weight:0.896294;fc1.weight:0.900660
Round 020 | train_loss=1.8315 | test_loss=2.3717 | test_acc=0.1096 | sparsity=0.9000 | cka=1 | targets=conv1.weight:0.899306;conv2.weight:0.899089;conv3.weight:0.899116;fc1.weight:0.900158
Saved training log to: results/logs/cka_strength_sweep/cifar10_cka_strength_fixed_5605137/strength_0p8/seed_13/cka_feddst_cifar10_clients5_alpha0.3_sparsity0.9_cka0.8_seed13_20260801_224335.csv
Saved CKA log to: results/logs/cka_strength_sweep/cifar10_cka_strength_fixed_5605137/strength_0p8/seed_13/cka_feddst_cifar10_clients5_alpha0.3_sparsity0.9_cka0.8_seed13_20260801_224335_cka.csv

[Run 65/125] suite=cka_strength method=cka_feddst seed=13 sparsity=0.95 cka_strength=0.8
Output log dir: results/logs/cka_strength_sweep/cifar10_cka_strength_fixed_5605137/strength_0p8/seed_13
Command: /mnt/aiongpfs/users/dsen/micromamba/envs/cka-cifar/bin/python -m src.train --global-config configs/global_cifar10.yaml --config configs/cka_feddst_mnist.yaml --seed 13 --sparsity 0.95 --cka-strength 0.8 --log-dir results/logs/cka_strength_sweep/cifar10_cka_strength_fixed_5605137/strength_0p8/seed_13 --checkpoint-dir results/checkpoints/cka_strength_sweep/cifar10_cka_strength_fixed_5605137/strength_0p8/seed_13 --plot-dir results/plots/cka_strength_sweep/cifar10_cka_strength_fixed_5605137
Final merged configuration:
alpha: 0.3
batch_size: 64
checkpoint_dir: results/checkpoints/cka_strength_sweep/cifar10_cka_strength_fixed_5605137/strength_0p8/seed_13
cka_interval: 2
cka_layers:
- conv1
- conv2
- conv3
- fc1
cka_max_sparsity: 0.95
cka_min_sparsity: 0.5
cka_strength: 0.8
data_check: false
data_dir: data
dataset: cifar10
device: auto
disable_cudnn: true
dry_run: false
eval_interval: 1
experiment_config_path: configs/cka_feddst_mnist.yaml
global_config_path: configs/global_cifar10.yaml
local_epochs: 1
log_cka: false
log_dir: results/logs/cka_strength_sweep/cifar10_cka_strength_fixed_5605137/strength_0p8/seed_13
lr: 0.01
mask_update_interval: 2
method: cka_feddst
model: cifar_cnn
num_clients: 5
num_workers: 2
output_dir: results
plot_dir: results/plots/cka_strength_sweep/cifar10_cka_strength_fixed_5605137
prune_fraction: 0.2
reference_size: 500
regrowth_method: gradient
rounds: 20
save_checkpoint: false
seed: 13
sparsity: 0.95
sparsity_init: random
split_dir: null
Saved merged config to: results/logs/cka_strength_sweep/cifar10_cka_strength_fixed_5605137/strength_0p8/seed_13/cka_feddst_cifar10_clients5_alpha0.3_sparsity0.95_cka0.8_seed13_20260801_225055_config.yaml
cuDNN disabled for this run.
Client label distributions:
  client 00: n=19994, labels=[2952, 878, 4230, 1942, 3893, 2947, 1170, 1268, 17, 697]
  client 01: n= 5273, labels=[1186, 629, 719, 163, 777, 852, 428, 22, 488, 9]
  client 02: n= 7607, labels=[2, 105, 1, 0, 96, 68, 60, 1042, 2038, 4195]
  client 03: n= 4678, labels=[463, 27, 0, 654, 2, 62, 287, 776, 2407, 0]
  client 04: n=11948, labels=[347, 3311, 0, 2191, 182, 1021, 3005, 1842, 0, 49]
Initial sparsity | total=0.9500 | active=30994/619872
Layer sparsity | conv1.weight:0.944444;conv2.weight:0.950575;conv3.weight:0.949273;fc1.weight:0.950089;fc2.weight:0.950391
Round 001 | train_loss=2.2237 | test_loss=2.3037 | test_acc=0.1000 | sparsity=0.9500 | cka=0 | targets=
Round 002 | train_loss=2.2257 | test_loss=2.3055 | test_acc=0.1000 | sparsity=0.9500 | cka=1 | targets=conv1.weight:0.949074;conv2.weight:0.949978;conv3.weight:0.949992;fc1.weight:0.949999
Round 003 | train_loss=2.2281 | test_loss=2.3081 | test_acc=0.1000 | sparsity=0.9500 | cka=0 | targets=conv1.weight:0.949074;conv2.weight:0.949978;conv3.weight:0.949992;fc1.weight:0.949999
Round 004 | train_loss=2.2312 | test_loss=2.3108 | test_acc=0.1000 | sparsity=0.9500 | cka=1 | targets=conv1.weight:0.949074;conv2.weight:0.949978;conv3.weight:0.949992;fc1.weight:0.949999
Round 005 | train_loss=2.2346 | test_loss=2.3136 | test_acc=0.1000 | sparsity=0.9500 | cka=0 | targets=conv1.weight:0.949074;conv2.weight:0.949978;conv3.weight:0.949992;fc1.weight:0.949999
Round 006 | train_loss=2.2375 | test_loss=2.3162 | test_acc=0.1000 | sparsity=0.9500 | cka=1 | targets=conv1.weight:0.949074;conv2.weight:0.949978;conv3.weight:0.949992;fc1.weight:0.949999
Round 007 | train_loss=2.2400 | test_loss=2.3186 | test_acc=0.1000 | sparsity=0.9500 | cka=0 | targets=conv1.weight:0.949074;conv2.weight:0.949978;conv3.weight:0.949992;fc1.weight:0.949999
Round 008 | train_loss=2.2423 | test_loss=2.3208 | test_acc=0.1000 | sparsity=0.9500 | cka=1 | targets=conv1.weight:0.949074;conv2.weight:0.949978;conv3.weight:0.949992;fc1.weight:0.949999
Round 009 | train_loss=2.2449 | test_loss=2.3228 | test_acc=0.1000 | sparsity=0.9500 | cka=0 | targets=conv1.weight:0.949074;conv2.weight:0.949978;conv3.weight:0.949992;fc1.weight:0.949999
Round 010 | train_loss=2.2468 | test_loss=2.3245 | test_acc=0.1000 | sparsity=0.9500 | cka=1 | targets=conv1.weight:0.949074;conv2.weight:0.949978;conv3.weight:0.949992;fc1.weight:0.949999
Round 011 | train_loss=2.2480 | test_loss=2.3261 | test_acc=0.1000 | sparsity=0.9500 | cka=0 | targets=conv1.weight:0.949074;conv2.weight:0.949978;conv3.weight:0.949992;fc1.weight:0.949999
Round 012 | train_loss=2.2494 | test_loss=2.3274 | test_acc=0.1000 | sparsity=0.9500 | cka=1 | targets=conv1.weight:0.949074;conv2.weight:0.949978;conv3.weight:0.949992;fc1.weight:0.949999
Round 013 | train_loss=2.2511 | test_loss=2.3287 | test_acc=0.1000 | sparsity=0.9500 | cka=0 | targets=conv1.weight:0.949074;conv2.weight:0.949978;conv3.weight:0.949992;fc1.weight:0.949999
Round 014 | train_loss=2.2522 | test_loss=2.3298 | test_acc=0.1000 | sparsity=0.9500 | cka=1 | targets=conv1.weight:0.949074;conv2.weight:0.949978;conv3.weight:0.949992;fc1.weight:0.949999
Round 015 | train_loss=2.2524 | test_loss=2.3307 | test_acc=0.1000 | sparsity=0.9500 | cka=0 | targets=conv1.weight:0.949074;conv2.weight:0.949978;conv3.weight:0.949992;fc1.weight:0.949999
Round 016 | train_loss=2.2529 | test_loss=2.3315 | test_acc=0.1000 | sparsity=0.9500 | cka=1 | targets=conv1.weight:0.949074;conv2.weight:0.949978;conv3.weight:0.949992;fc1.weight:0.949999
Round 017 | train_loss=2.2545 | test_loss=2.3323 | test_acc=0.1000 | sparsity=0.9500 | cka=0 | targets=conv1.weight:0.949074;conv2.weight:0.949978;conv3.weight:0.949992;fc1.weight:0.949999
Round 018 | train_loss=2.2550 | test_loss=2.3330 | test_acc=0.1000 | sparsity=0.9500 | cka=1 | targets=conv1.weight:0.949074;conv2.weight:0.949978;conv3.weight:0.949992;fc1.weight:0.949999
Round 019 | train_loss=2.2542 | test_loss=2.3337 | test_acc=0.1000 | sparsity=0.9500 | cka=0 | targets=conv1.weight:0.949074;conv2.weight:0.949978;conv3.weight:0.949992;fc1.weight:0.949999
Round 020 | train_loss=2.2542 | test_loss=2.3341 | test_acc=0.1000 | sparsity=0.9500 | cka=1 | targets=conv1.weight:0.949074;conv2.weight:0.949978;conv3.weight:0.949992;fc1.weight:0.949999
Saved training log to: results/logs/cka_strength_sweep/cifar10_cka_strength_fixed_5605137/strength_0p8/seed_13/cka_feddst_cifar10_clients5_alpha0.3_sparsity0.95_cka0.8_seed13_20260801_225055.csv
Saved CKA log to: results/logs/cka_strength_sweep/cifar10_cka_strength_fixed_5605137/strength_0p8/seed_13/cka_feddst_cifar10_clients5_alpha0.3_sparsity0.95_cka0.8_seed13_20260801_225055_cka.csv

[Run 66/125] suite=cka_strength method=cka_feddst seed=21 sparsity=0.5 cka_strength=0.8
Output log dir: results/logs/cka_strength_sweep/cifar10_cka_strength_fixed_5605137/strength_0p8/seed_21
Command: /mnt/aiongpfs/users/dsen/micromamba/envs/cka-cifar/bin/python -m src.train --global-config configs/global_cifar10.yaml --config configs/cka_feddst_mnist.yaml --seed 21 --sparsity 0.5 --cka-strength 0.8 --log-dir results/logs/cka_strength_sweep/cifar10_cka_strength_fixed_5605137/strength_0p8/seed_21 --checkpoint-dir results/checkpoints/cka_strength_sweep/cifar10_cka_strength_fixed_5605137/strength_0p8/seed_21 --plot-dir results/plots/cka_strength_sweep/cifar10_cka_strength_fixed_5605137
Final merged configuration:
alpha: 0.3
batch_size: 64
checkpoint_dir: results/checkpoints/cka_strength_sweep/cifar10_cka_strength_fixed_5605137/strength_0p8/seed_21
cka_interval: 2
cka_layers:
- conv1
- conv2
- conv3
- fc1
cka_max_sparsity: 0.95
cka_min_sparsity: 0.5
cka_strength: 0.8
data_check: false
data_dir: data
dataset: cifar10
device: auto
disable_cudnn: true
dry_run: false
eval_interval: 1
experiment_config_path: configs/cka_feddst_mnist.yaml
global_config_path: configs/global_cifar10.yaml
local_epochs: 1
log_cka: false
log_dir: results/logs/cka_strength_sweep/cifar10_cka_strength_fixed_5605137/strength_0p8/seed_21
lr: 0.01
mask_update_interval: 2
method: cka_feddst
model: cifar_cnn
num_clients: 5
num_workers: 2
output_dir: results
plot_dir: results/plots/cka_strength_sweep/cifar10_cka_strength_fixed_5605137
prune_fraction: 0.2
reference_size: 500
regrowth_method: gradient
rounds: 20
save_checkpoint: false
seed: 21
sparsity: 0.5
sparsity_init: random
split_dir: null
Saved merged config to: results/logs/cka_strength_sweep/cifar10_cka_strength_fixed_5605137/strength_0p8/seed_21/cka_feddst_cifar10_clients5_alpha0.3_sparsity0.5_cka0.8_seed21_20260801_225816_config.yaml
cuDNN disabled for this run.
Client label distributions:
  client 00: n=10151, labels=[68, 0, 4345, 758, 1058, 713, 0, 122, 882, 2205]
  client 01: n=10420, labels=[957, 2155, 26, 376, 2359, 483, 4054, 4, 6, 0]
  client 02: n= 7384, labels=[1406, 266, 313, 764, 191, 13, 184, 2, 3127, 1118]
  client 03: n=13329, labels=[2519, 2506, 245, 1146, 1341, 359, 6, 3254, 563, 1390]
  client 04: n= 8216, labels=[0, 23, 21, 1906, 1, 3382, 706, 1568, 372, 237]
Initial sparsity | total=0.5000 | active=309936/619872
Layer sparsity | conv1.weight:0.486111;conv2.weight:0.498806;conv3.weight:0.498834;fc1.weight:0.500118;fc2.weight:0.522656
Round 001 | train_loss=2.0278 | test_loss=2.2765 | test_acc=0.1305 | sparsity=0.5000 | cka=0 | targets=
Round 002 | train_loss=1.7818 | test_loss=2.3185 | test_acc=0.1485 | sparsity=0.5001 | cka=1 | targets=conv1.weight:0.500000;conv2.weight:0.500000;conv3.weight:0.500000;fc1.weight:0.500000
Round 003 | train_loss=1.7277 | test_loss=2.3980 | test_acc=0.1394 | sparsity=0.5001 | cka=0 | targets=conv1.weight:0.500000;conv2.weight:0.500000;conv3.weight:0.500000;fc1.weight:0.500000
Round 004 | train_loss=1.7083 | test_loss=2.3191 | test_acc=0.1537 | sparsity=0.5001 | cka=1 | targets=conv1.weight:0.500000;conv2.weight:0.500000;conv3.weight:0.500000;fc1.weight:0.500000
Round 005 | train_loss=1.6963 | test_loss=2.3377 | test_acc=0.1544 | sparsity=0.5001 | cka=0 | targets=conv1.weight:0.500000;conv2.weight:0.500000;conv3.weight:0.500000;fc1.weight:0.500000
Round 006 | train_loss=1.6767 | test_loss=2.3392 | test_acc=0.1657 | sparsity=0.5001 | cka=1 | targets=conv1.weight:0.500000;conv2.weight:0.500000;conv3.weight:0.500000;fc1.weight:0.500000
Round 007 | train_loss=1.6705 | test_loss=2.2965 | test_acc=0.1762 | sparsity=0.5001 | cka=0 | targets=conv1.weight:0.500000;conv2.weight:0.500000;conv3.weight:0.500000;fc1.weight:0.500000
Round 008 | train_loss=1.6455 | test_loss=2.2844 | test_acc=0.1812 | sparsity=0.5001 | cka=1 | targets=conv1.weight:0.500000;conv2.weight:0.500000;conv3.weight:0.500000;fc1.weight:0.500000
Round 009 | train_loss=1.6229 | test_loss=2.2764 | test_acc=0.2067 | sparsity=0.5001 | cka=0 | targets=conv1.weight:0.500000;conv2.weight:0.500000;conv3.weight:0.500000;fc1.weight:0.500000
Round 010 | train_loss=1.5912 | test_loss=2.2427 | test_acc=0.2228 | sparsity=0.5001 | cka=1 | targets=conv1.weight:0.500000;conv2.weight:0.500000;conv3.weight:0.500000;fc1.weight:0.500000
Round 011 | train_loss=1.5821 | test_loss=2.1882 | test_acc=0.2433 | sparsity=0.5001 | cka=0 | targets=conv1.weight:0.500000;conv2.weight:0.500000;conv3.weight:0.500000;fc1.weight:0.500000
Round 012 | train_loss=1.5339 | test_loss=2.1932 | test_acc=0.2558 | sparsity=0.5001 | cka=1 | targets=conv1.weight:0.500000;conv2.weight:0.500000;conv3.weight:0.500000;fc1.weight:0.500000
Round 013 | train_loss=1.5015 | test_loss=2.1169 | test_acc=0.2553 | sparsity=0.5001 | cka=0 | targets=conv1.weight:0.500000;conv2.weight:0.500000;conv3.weight:0.500000;fc1.weight:0.500000
Round 014 | train_loss=1.4667 | test_loss=2.0739 | test_acc=0.2781 | sparsity=0.5001 | cka=1 | targets=conv1.weight:0.500000;conv2.weight:0.500000;conv3.weight:0.500000;fc1.weight:0.500000
Round 015 | train_loss=1.4560 | test_loss=2.0370 | test_acc=0.2850 | sparsity=0.5001 | cka=0 | targets=conv1.weight:0.500000;conv2.weight:0.500000;conv3.weight:0.500000;fc1.weight:0.500000
Round 016 | train_loss=1.4174 | test_loss=2.0162 | test_acc=0.2873 | sparsity=0.5001 | cka=1 | targets=conv1.weight:0.500000;conv2.weight:0.500000;conv3.weight:0.500000;fc1.weight:0.500000
Round 017 | train_loss=1.3958 | test_loss=1.9638 | test_acc=0.3027 | sparsity=0.5001 | cka=0 | targets=conv1.weight:0.500000;conv2.weight:0.500000;conv3.weight:0.500000;fc1.weight:0.500000
Round 018 | train_loss=1.3720 | test_loss=1.9856 | test_acc=0.2980 | sparsity=0.5001 | cka=1 | targets=conv1.weight:0.500000;conv2.weight:0.500000;conv3.weight:0.500000;fc1.weight:0.500000
Round 019 | train_loss=1.3715 | test_loss=1.9732 | test_acc=0.3071 | sparsity=0.5001 | cka=0 | targets=conv1.weight:0.500000;conv2.weight:0.500000;conv3.weight:0.500000;fc1.weight:0.500000
Round 020 | train_loss=1.3466 | test_loss=1.9332 | test_acc=0.3115 | sparsity=0.5001 | cka=1 | targets=conv1.weight:0.500000;conv2.weight:0.500000;conv3.weight:0.500000;fc1.weight:0.500000
Saved training log to: results/logs/cka_strength_sweep/cifar10_cka_strength_fixed_5605137/strength_0p8/seed_21/cka_feddst_cifar10_clients5_alpha0.3_sparsity0.5_cka0.8_seed21_20260801_225816.csv
Saved CKA log to: results/logs/cka_strength_sweep/cifar10_cka_strength_fixed_5605137/strength_0p8/seed_21/cka_feddst_cifar10_clients5_alpha0.3_sparsity0.5_cka0.8_seed21_20260801_225816_cka.csv

[Run 67/125] suite=cka_strength method=cka_feddst seed=21 sparsity=0.7 cka_strength=0.8
Output log dir: results/logs/cka_strength_sweep/cifar10_cka_strength_fixed_5605137/strength_0p8/seed_21
Command: /mnt/aiongpfs/users/dsen/micromamba/envs/cka-cifar/bin/python -m src.train --global-config configs/global_cifar10.yaml --config configs/cka_feddst_mnist.yaml --seed 21 --sparsity 0.7 --cka-strength 0.8 --log-dir results/logs/cka_strength_sweep/cifar10_cka_strength_fixed_5605137/strength_0p8/seed_21 --checkpoint-dir results/checkpoints/cka_strength_sweep/cifar10_cka_strength_fixed_5605137/strength_0p8/seed_21 --plot-dir results/plots/cka_strength_sweep/cifar10_cka_strength_fixed_5605137
Final merged configuration:
alpha: 0.3
batch_size: 64
checkpoint_dir: results/checkpoints/cka_strength_sweep/cifar10_cka_strength_fixed_5605137/strength_0p8/seed_21
cka_interval: 2
cka_layers:
- conv1
- conv2
- conv3
- fc1
cka_max_sparsity: 0.95
cka_min_sparsity: 0.5
cka_strength: 0.8
data_check: false
data_dir: data
dataset: cifar10
device: auto
disable_cudnn: true
dry_run: false
eval_interval: 1
experiment_config_path: configs/cka_feddst_mnist.yaml
global_config_path: configs/global_cifar10.yaml
local_epochs: 1
log_cka: false
log_dir: results/logs/cka_strength_sweep/cifar10_cka_strength_fixed_5605137/strength_0p8/seed_21
lr: 0.01
mask_update_interval: 2
method: cka_feddst
model: cifar_cnn
num_clients: 5
num_workers: 2
output_dir: results
plot_dir: results/plots/cka_strength_sweep/cifar10_cka_strength_fixed_5605137
prune_fraction: 0.2
reference_size: 500
regrowth_method: gradient
rounds: 20
save_checkpoint: false
seed: 21
sparsity: 0.7
sparsity_init: random
split_dir: null
Saved merged config to: results/logs/cka_strength_sweep/cifar10_cka_strength_fixed_5605137/strength_0p8/seed_21/cka_feddst_cifar10_clients5_alpha0.3_sparsity0.7_cka0.8_seed21_20260801_230536_config.yaml
cuDNN disabled for this run.
Client label distributions:
  client 00: n=10151, labels=[68, 0, 4345, 758, 1058, 713, 0, 122, 882, 2205]
  client 01: n=10420, labels=[957, 2155, 26, 376, 2359, 483, 4054, 4, 6, 0]
  client 02: n= 7384, labels=[1406, 266, 313, 764, 191, 13, 184, 2, 3127, 1118]
  client 03: n=13329, labels=[2519, 2506, 245, 1146, 1341, 359, 6, 3254, 563, 1390]
  client 04: n= 8216, labels=[0, 23, 21, 1906, 1, 3382, 706, 1568, 372, 237]
Initial sparsity | total=0.7000 | active=185962/619872
Layer sparsity | conv1.weight:0.682870;conv2.weight:0.695367;conv3.weight:0.700928;fc1.weight:0.699989;fc2.weight:0.714453
Round 001 | train_loss=2.1984 | test_loss=2.3004 | test_acc=0.1189 | sparsity=0.7000 | cka=0 | targets=
Round 002 | train_loss=2.1529 | test_loss=2.2899 | test_acc=0.1091 | sparsity=0.7001 | cka=1 | targets=conv1.weight:0.697917;conv2.weight:0.697808;conv3.weight:0.697944;fc1.weight:0.700369
Round 003 | train_loss=1.8654 | test_loss=2.3050 | test_acc=0.1453 | sparsity=0.7001 | cka=0 | targets=conv1.weight:0.697917;conv2.weight:0.697808;conv3.weight:0.697944;fc1.weight:0.700369
Round 004 | train_loss=1.7431 | test_loss=2.2670 | test_acc=0.1408 | sparsity=0.7001 | cka=1 | targets=conv1.weight:0.697917;conv2.weight:0.698025;conv3.weight:0.698025;fc1.weight:0.700350
Round 005 | train_loss=1.7495 | test_loss=2.3415 | test_acc=0.1429 | sparsity=0.7001 | cka=0 | targets=conv1.weight:0.697917;conv2.weight:0.698025;conv3.weight:0.698025;fc1.weight:0.700350
Round 006 | train_loss=1.7114 | test_loss=2.3521 | test_acc=0.1460 | sparsity=0.7001 | cka=1 | targets=conv1.weight:0.697917;conv2.weight:0.697537;conv3.weight:0.697537;fc1.weight:0.700436
Round 007 | train_loss=1.7016 | test_loss=2.3566 | test_acc=0.1568 | sparsity=0.7001 | cka=0 | targets=conv1.weight:0.697917;conv2.weight:0.697537;conv3.weight:0.697537;fc1.weight:0.700436
Round 008 | train_loss=1.6904 | test_loss=2.3728 | test_acc=0.1494 | sparsity=0.7001 | cka=1 | targets=conv1.weight:0.697917;conv2.weight:0.697537;conv3.weight:0.697550;fc1.weight:0.700434
Round 009 | train_loss=1.6842 | test_loss=2.3588 | test_acc=0.1623 | sparsity=0.7001 | cka=0 | targets=conv1.weight:0.697917;conv2.weight:0.697537;conv3.weight:0.697550;fc1.weight:0.700434
Round 010 | train_loss=1.6734 | test_loss=2.3541 | test_acc=0.1582 | sparsity=0.7001 | cka=1 | targets=conv1.weight:0.697917;conv2.weight:0.697754;conv3.weight:0.697754;fc1.weight:0.700397
Round 011 | train_loss=1.6720 | test_loss=2.3195 | test_acc=0.1659 | sparsity=0.7001 | cka=0 | targets=conv1.weight:0.697917;conv2.weight:0.697754;conv3.weight:0.697754;fc1.weight:0.700397
Round 012 | train_loss=1.6565 | test_loss=2.3405 | test_acc=0.1665 | sparsity=0.7001 | cka=1 | targets=conv1.weight:0.696759;conv2.weight:0.697103;conv3.weight:0.697157;fc1.weight:0.700506
Round 013 | train_loss=1.6536 | test_loss=2.3415 | test_acc=0.1635 | sparsity=0.7001 | cka=0 | targets=conv1.weight:0.696759;conv2.weight:0.697103;conv3.weight:0.697157;fc1.weight:0.700506
Round 014 | train_loss=1.6420 | test_loss=2.3033 | test_acc=0.1776 | sparsity=0.7001 | cka=1 | targets=conv1.weight:0.696759;conv2.weight:0.697266;conv3.weight:0.697293;fc1.weight:0.700481
Round 015 | train_loss=1.6376 | test_loss=2.2738 | test_acc=0.1841 | sparsity=0.7001 | cka=0 | targets=conv1.weight:0.696759;conv2.weight:0.697266;conv3.weight:0.697293;fc1.weight:0.700481
Round 016 | train_loss=1.6225 | test_loss=2.3089 | test_acc=0.1812 | sparsity=0.7001 | cka=1 | targets=conv1.weight:0.696759;conv2.weight:0.696398;conv3.weight:0.696601;fc1.weight:0.700609
Round 017 | train_loss=1.6144 | test_loss=2.2585 | test_acc=0.1962 | sparsity=0.7001 | cka=0 | targets=conv1.weight:0.696759;conv2.weight:0.696398;conv3.weight:0.696601;fc1.weight:0.700609
Round 018 | train_loss=1.5974 | test_loss=2.2990 | test_acc=0.2161 | sparsity=0.7001 | cka=1 | targets=conv1.weight:0.696759;conv2.weight:0.696832;conv3.weight:0.697103;fc1.weight:0.700523
Round 019 | train_loss=1.5901 | test_loss=2.2300 | test_acc=0.2245 | sparsity=0.7001 | cka=0 | targets=conv1.weight:0.696759;conv2.weight:0.696832;conv3.weight:0.697103;fc1.weight:0.700523
Round 020 | train_loss=1.5524 | test_loss=2.2699 | test_acc=0.2308 | sparsity=0.7001 | cka=1 | targets=conv1.weight:0.692130;conv2.weight:0.692654;conv3.weight:0.695150;fc1.weight:0.700953
Saved training log to: results/logs/cka_strength_sweep/cifar10_cka_strength_fixed_5605137/strength_0p8/seed_21/cka_feddst_cifar10_clients5_alpha0.3_sparsity0.7_cka0.8_seed21_20260801_230536.csv
Saved CKA log to: results/logs/cka_strength_sweep/cifar10_cka_strength_fixed_5605137/strength_0p8/seed_21/cka_feddst_cifar10_clients5_alpha0.3_sparsity0.7_cka0.8_seed21_20260801_230536_cka.csv

[Run 68/125] suite=cka_strength method=cka_feddst seed=21 sparsity=0.8 cka_strength=0.8
Output log dir: results/logs/cka_strength_sweep/cifar10_cka_strength_fixed_5605137/strength_0p8/seed_21
Command: /mnt/aiongpfs/users/dsen/micromamba/envs/cka-cifar/bin/python -m src.train --global-config configs/global_cifar10.yaml --config configs/cka_feddst_mnist.yaml --seed 21 --sparsity 0.8 --cka-strength 0.8 --log-dir results/logs/cka_strength_sweep/cifar10_cka_strength_fixed_5605137/strength_0p8/seed_21 --checkpoint-dir results/checkpoints/cka_strength_sweep/cifar10_cka_strength_fixed_5605137/strength_0p8/seed_21 --plot-dir results/plots/cka_strength_sweep/cifar10_cka_strength_fixed_5605137
Final merged configuration:
alpha: 0.3
batch_size: 64
checkpoint_dir: results/checkpoints/cka_strength_sweep/cifar10_cka_strength_fixed_5605137/strength_0p8/seed_21
cka_interval: 2
cka_layers:
- conv1
- conv2
- conv3
- fc1
cka_max_sparsity: 0.95
cka_min_sparsity: 0.5
cka_strength: 0.8
data_check: false
data_dir: data
dataset: cifar10
device: auto
disable_cudnn: true
dry_run: false
eval_interval: 1
experiment_config_path: configs/cka_feddst_mnist.yaml
global_config_path: configs/global_cifar10.yaml
local_epochs: 1
log_cka: false
log_dir: results/logs/cka_strength_sweep/cifar10_cka_strength_fixed_5605137/strength_0p8/seed_21
lr: 0.01
mask_update_interval: 2
method: cka_feddst
model: cifar_cnn
num_clients: 5
num_workers: 2
output_dir: results
plot_dir: results/plots/cka_strength_sweep/cifar10_cka_strength_fixed_5605137
prune_fraction: 0.2
reference_size: 500
regrowth_method: gradient
rounds: 20
save_checkpoint: false
seed: 21
sparsity: 0.8
sparsity_init: random
split_dir: null
Saved merged config to: results/logs/cka_strength_sweep/cifar10_cka_strength_fixed_5605137/strength_0p8/seed_21/cka_feddst_cifar10_clients5_alpha0.3_sparsity0.8_cka0.8_seed21_20260801_231304_config.yaml
cuDNN disabled for this run.
Client label distributions:
  client 00: n=10151, labels=[68, 0, 4345, 758, 1058, 713, 0, 122, 882, 2205]
  client 01: n=10420, labels=[957, 2155, 26, 376, 2359, 483, 4054, 4, 6, 0]
  client 02: n= 7384, labels=[1406, 266, 313, 764, 191, 13, 184, 2, 3127, 1118]
  client 03: n=13329, labels=[2519, 2506, 245, 1146, 1341, 359, 6, 3254, 563, 1390]
  client 04: n= 8216, labels=[0, 23, 21, 1906, 1, 3382, 706, 1568, 372, 237]
Initial sparsity | total=0.8000 | active=123974/619872
Layer sparsity | conv1.weight:0.776620;conv2.weight:0.796115;conv3.weight:0.799981;fc1.weight:0.800104;fc2.weight:0.815234
Round 001 | train_loss=2.2094 | test_loss=2.3028 | test_acc=0.1000 | sparsity=0.8000 | cka=0 | targets=
Round 002 | train_loss=2.2085 | test_loss=2.3027 | test_acc=0.0989 | sparsity=0.8001 | cka=1 | targets=conv1.weight:0.798611;conv2.weight:0.798774;conv3.weight:0.798815;fc1.weight:0.800213
Round 003 | train_loss=2.2034 | test_loss=2.3025 | test_acc=0.1269 | sparsity=0.8001 | cka=0 | targets=conv1.weight:0.798611;conv2.weight:0.798774;conv3.weight:0.798815;fc1.weight:0.800213
Round 004 | train_loss=2.1771 | test_loss=2.3022 | test_acc=0.1000 | sparsity=0.8001 | cka=1 | targets=conv1.weight:0.799769;conv2.weight:0.799371;conv3.weight:0.799466;fc1.weight:0.800098
Round 005 | train_loss=2.1819 | test_loss=2.2986 | test_acc=0.1019 | sparsity=0.8001 | cka=0 | targets=conv1.weight:0.799769;conv2.weight:0.799371;conv3.weight:0.799466;fc1.weight:0.800098
Round 006 | train_loss=2.0286 | test_loss=2.2896 | test_acc=0.1351 | sparsity=0.8001 | cka=1 | targets=conv1.weight:0.798611;conv2.weight:0.798394;conv3.weight:0.798408;fc1.weight:0.800283
Round 007 | train_loss=1.8163 | test_loss=2.3538 | test_acc=0.1349 | sparsity=0.8001 | cka=0 | targets=conv1.weight:0.798611;conv2.weight:0.798394;conv3.weight:0.798408;fc1.weight:0.800283
Round 008 | train_loss=1.7301 | test_loss=2.3231 | test_acc=0.1365 | sparsity=0.8001 | cka=1 | targets=conv1.weight:0.798611;conv2.weight:0.798882;conv3.weight:0.798910;fc1.weight:0.800196
Round 009 | train_loss=1.7156 | test_loss=2.3946 | test_acc=0.1373 | sparsity=0.8001 | cka=0 | targets=conv1.weight:0.798611;conv2.weight:0.798882;conv3.weight:0.798910;fc1.weight:0.800196
Round 010 | train_loss=1.6983 | test_loss=2.3688 | test_acc=0.1425 | sparsity=0.8001 | cka=1 | targets=conv1.weight:0.797454;conv2.weight:0.798340;conv3.weight:0.798367;fc1.weight:0.800293
Round 011 | train_loss=1.6921 | test_loss=2.3591 | test_acc=0.1448 | sparsity=0.8001 | cka=0 | targets=conv1.weight:0.797454;conv2.weight:0.798340;conv3.weight:0.798367;fc1.weight:0.800293
Round 012 | train_loss=1.6789 | test_loss=2.3614 | test_acc=0.1486 | sparsity=0.8001 | cka=1 | targets=conv1.weight:0.798611;conv2.weight:0.798340;conv3.weight:0.798408;fc1.weight:0.800285
Round 013 | train_loss=1.6763 | test_loss=2.3590 | test_acc=0.1436 | sparsity=0.8001 | cka=0 | targets=conv1.weight:0.798611;conv2.weight:0.798340;conv3.weight:0.798408;fc1.weight:0.800285
Round 014 | train_loss=1.6658 | test_loss=2.3386 | test_acc=0.1496 | sparsity=0.8001 | cka=1 | targets=conv1.weight:0.797454;conv2.weight:0.797906;conv3.weight:0.797987;fc1.weight:0.800362
Round 015 | train_loss=1.6600 | test_loss=2.3036 | test_acc=0.1586 | sparsity=0.8001 | cka=0 | targets=conv1.weight:0.797454;conv2.weight:0.797906;conv3.weight:0.797987;fc1.weight:0.800362
Round 016 | train_loss=1.6496 | test_loss=2.3355 | test_acc=0.1520 | sparsity=0.8001 | cka=1 | targets=conv1.weight:0.797454;conv2.weight:0.797635;conv3.weight:0.797784;fc1.weight:0.800400
Round 017 | train_loss=1.6447 | test_loss=2.2831 | test_acc=0.1592 | sparsity=0.8001 | cka=0 | targets=conv1.weight:0.797454;conv2.weight:0.797635;conv3.weight:0.797784;fc1.weight:0.800400
Round 018 | train_loss=1.6338 | test_loss=2.3214 | test_acc=0.1610 | sparsity=0.8001 | cka=1 | targets=conv1.weight:0.796296;conv2.weight:0.797472;conv3.weight:0.797879;fc1.weight:0.800394
Round 019 | train_loss=1.6311 | test_loss=2.2824 | test_acc=0.1719 | sparsity=0.8001 | cka=0 | targets=conv1.weight:0.796296;conv2.weight:0.797472;conv3.weight:0.797879;fc1.weight:0.800394
Round 020 | train_loss=1.6211 | test_loss=2.2879 | test_acc=0.1661 | sparsity=0.8001 | cka=1 | targets=conv1.weight:0.796296;conv2.weight:0.796929;conv3.weight:0.797445;fc1.weight:0.800474
Saved training log to: results/logs/cka_strength_sweep/cifar10_cka_strength_fixed_5605137/strength_0p8/seed_21/cka_feddst_cifar10_clients5_alpha0.3_sparsity0.8_cka0.8_seed21_20260801_231304.csv
Saved CKA log to: results/logs/cka_strength_sweep/cifar10_cka_strength_fixed_5605137/strength_0p8/seed_21/cka_feddst_cifar10_clients5_alpha0.3_sparsity0.8_cka0.8_seed21_20260801_231304_cka.csv

[Run 69/125] suite=cka_strength method=cka_feddst seed=21 sparsity=0.9 cka_strength=0.8
Output log dir: results/logs/cka_strength_sweep/cifar10_cka_strength_fixed_5605137/strength_0p8/seed_21
Command: /mnt/aiongpfs/users/dsen/micromamba/envs/cka-cifar/bin/python -m src.train --global-config configs/global_cifar10.yaml --config configs/cka_feddst_mnist.yaml --seed 21 --sparsity 0.9 --cka-strength 0.8 --log-dir results/logs/cka_strength_sweep/cifar10_cka_strength_fixed_5605137/strength_0p8/seed_21 --checkpoint-dir results/checkpoints/cka_strength_sweep/cifar10_cka_strength_fixed_5605137/strength_0p8/seed_21 --plot-dir results/plots/cka_strength_sweep/cifar10_cka_strength_fixed_5605137
Final merged configuration:
alpha: 0.3
batch_size: 64
checkpoint_dir: results/checkpoints/cka_strength_sweep/cifar10_cka_strength_fixed_5605137/strength_0p8/seed_21
cka_interval: 2
cka_layers:
- conv1
- conv2
- conv3
- fc1
cka_max_sparsity: 0.95
cka_min_sparsity: 0.5
cka_strength: 0.8
data_check: false
data_dir: data
dataset: cifar10
device: auto
disable_cudnn: true
dry_run: false
eval_interval: 1
experiment_config_path: configs/cka_feddst_mnist.yaml
global_config_path: configs/global_cifar10.yaml
local_epochs: 1
log_cka: false
log_dir: results/logs/cka_strength_sweep/cifar10_cka_strength_fixed_5605137/strength_0p8/seed_21
lr: 0.01
mask_update_interval: 2
method: cka_feddst
model: cifar_cnn
num_clients: 5
num_workers: 2
output_dir: results
plot_dir: results/plots/cka_strength_sweep/cifar10_cka_strength_fixed_5605137
prune_fraction: 0.2
reference_size: 500
regrowth_method: gradient
rounds: 20
save_checkpoint: false
seed: 21
sparsity: 0.9
sparsity_init: random
split_dir: null
Saved merged config to: results/logs/cka_strength_sweep/cifar10_cka_strength_fixed_5605137/strength_0p8/seed_21/cka_feddst_cifar10_clients5_alpha0.3_sparsity0.9_cka0.8_seed21_20260801_232017_config.yaml
cuDNN disabled for this run.
Client label distributions:
  client 00: n=10151, labels=[68, 0, 4345, 758, 1058, 713, 0, 122, 882, 2205]
  client 01: n=10420, labels=[957, 2155, 26, 376, 2359, 483, 4054, 4, 6, 0]
  client 02: n= 7384, labels=[1406, 266, 313, 764, 191, 13, 184, 2, 3127, 1118]
  client 03: n=13329, labels=[2519, 2506, 245, 1146, 1341, 359, 6, 3254, 563, 1390]
  client 04: n= 8216, labels=[0, 23, 21, 1906, 1, 3382, 706, 1568, 372, 237]
Initial sparsity | total=0.9000 | active=61987/619872
Layer sparsity | conv1.weight:0.890046;conv2.weight:0.896973;conv3.weight:0.900798;fc1.weight:0.899969;fc2.weight:0.908594
Round 001 | train_loss=2.2110 | test_loss=2.3028 | test_acc=0.1000 | sparsity=0.9000 | cka=0 | targets=
Round 002 | train_loss=2.2107 | test_loss=2.3027 | test_acc=0.1000 | sparsity=0.9000 | cka=1 | targets=conv1.weight:0.899306;conv2.weight:0.899902;conv3.weight:0.899889;fc1.weight:0.900021
Round 003 | train_loss=2.2098 | test_loss=2.3028 | test_acc=0.1000 | sparsity=0.9000 | cka=0 | targets=conv1.weight:0.899306;conv2.weight:0.899902;conv3.weight:0.899889;fc1.weight:0.900021
Round 004 | train_loss=2.2096 | test_loss=2.3030 | test_acc=0.1000 | sparsity=0.9000 | cka=1 | targets=conv1.weight:0.899306;conv2.weight:0.899251;conv3.weight:0.899238;fc1.weight:0.900135
Round 005 | train_loss=2.2104 | test_loss=2.3033 | test_acc=0.1000 | sparsity=0.9000 | cka=0 | targets=conv1.weight:0.899306;conv2.weight:0.899251;conv3.weight:0.899238;fc1.weight:0.900135
Round 006 | train_loss=2.2105 | test_loss=2.3036 | test_acc=0.1000 | sparsity=0.9000 | cka=1 | targets=conv1.weight:0.899306;conv2.weight:0.899794;conv3.weight:0.899821;fc1.weight:0.900034
Round 007 | train_loss=2.2098 | test_loss=2.3039 | test_acc=0.1000 | sparsity=0.9000 | cka=0 | targets=conv1.weight:0.899306;conv2.weight:0.899794;conv3.weight:0.899821;fc1.weight:0.900034
Round 008 | train_loss=2.2095 | test_loss=2.3042 | test_acc=0.1000 | sparsity=0.9000 | cka=1 | targets=conv1.weight:0.899306;conv2.weight:0.898980;conv3.weight:0.899007;fc1.weight:0.900177
Round 009 | train_loss=2.2105 | test_loss=2.3045 | test_acc=0.1000 | sparsity=0.9000 | cka=0 | targets=conv1.weight:0.899306;conv2.weight:0.898980;conv3.weight:0.899007;fc1.weight:0.900177
Round 010 | train_loss=2.2104 | test_loss=2.3047 | test_acc=0.1000 | sparsity=0.9000 | cka=1 | targets=conv1.weight:0.899306;conv2.weight:0.899740;conv3.weight:0.899767;fc1.weight:0.900043
Round 011 | train_loss=2.2088 | test_loss=2.3049 | test_acc=0.1000 | sparsity=0.9000 | cka=0 | targets=conv1.weight:0.899306;conv2.weight:0.899740;conv3.weight:0.899767;fc1.weight:0.900043
Round 012 | train_loss=2.2077 | test_loss=2.3052 | test_acc=0.1000 | sparsity=0.9000 | cka=1 | targets=conv1.weight:0.899306;conv2.weight:0.898872;conv3.weight:0.898912;fc1.weight:0.900194
Round 013 | train_loss=2.2092 | test_loss=2.3053 | test_acc=0.1000 | sparsity=0.9000 | cka=0 | targets=conv1.weight:0.899306;conv2.weight:0.898872;conv3.weight:0.898912;fc1.weight:0.900194
Round 014 | train_loss=2.2084 | test_loss=2.3055 | test_acc=0.1000 | sparsity=0.9000 | cka=1 | targets=conv1.weight:0.899306;conv2.weight:0.899631;conv3.weight:0.899658;fc1.weight:0.900063
Round 015 | train_loss=2.2050 | test_loss=2.3057 | test_acc=0.1000 | sparsity=0.9000 | cka=0 | targets=conv1.weight:0.899306;conv2.weight:0.899631;conv3.weight:0.899658;fc1.weight:0.900063
Round 016 | train_loss=2.2013 | test_loss=2.3058 | test_acc=0.1000 | sparsity=0.9000 | cka=1 | targets=conv1.weight:0.899306;conv2.weight:0.899306;conv3.weight:0.899333;fc1.weight:0.900120
Round 017 | train_loss=2.2045 | test_loss=2.3059 | test_acc=0.1000 | sparsity=0.9000 | cka=0 | targets=conv1.weight:0.899306;conv2.weight:0.899306;conv3.weight:0.899333;fc1.weight:0.900120
Round 018 | train_loss=2.2017 | test_loss=2.3060 | test_acc=0.1000 | sparsity=0.9000 | cka=1 | targets=conv1.weight:0.899306;conv2.weight:0.899631;conv3.weight:0.899618;fc1.weight:0.900068
Round 019 | train_loss=2.1910 | test_loss=2.3061 | test_acc=0.1000 | sparsity=0.9000 | cka=0 | targets=conv1.weight:0.899306;conv2.weight:0.899631;conv3.weight:0.899618;fc1.weight:0.900068
Round 020 | train_loss=2.1688 | test_loss=2.3062 | test_acc=0.1000 | sparsity=0.9000 | cka=1 | targets=conv1.weight:0.899306;conv2.weight:0.899794;conv3.weight:0.899848;fc1.weight:0.900030
Saved training log to: results/logs/cka_strength_sweep/cifar10_cka_strength_fixed_5605137/strength_0p8/seed_21/cka_feddst_cifar10_clients5_alpha0.3_sparsity0.9_cka0.8_seed21_20260801_232017.csv
Saved CKA log to: results/logs/cka_strength_sweep/cifar10_cka_strength_fixed_5605137/strength_0p8/seed_21/cka_feddst_cifar10_clients5_alpha0.3_sparsity0.9_cka0.8_seed21_20260801_232017_cka.csv

[Run 70/125] suite=cka_strength method=cka_feddst seed=21 sparsity=0.95 cka_strength=0.8
Output log dir: results/logs/cka_strength_sweep/cifar10_cka_strength_fixed_5605137/strength_0p8/seed_21
Command: /mnt/aiongpfs/users/dsen/micromamba/envs/cka-cifar/bin/python -m src.train --global-config configs/global_cifar10.yaml --config configs/cka_feddst_mnist.yaml --seed 21 --sparsity 0.95 --cka-strength 0.8 --log-dir results/logs/cka_strength_sweep/cifar10_cka_strength_fixed_5605137/strength_0p8/seed_21 --checkpoint-dir results/checkpoints/cka_strength_sweep/cifar10_cka_strength_fixed_5605137/strength_0p8/seed_21 --plot-dir results/plots/cka_strength_sweep/cifar10_cka_strength_fixed_5605137
Final merged configuration:
alpha: 0.3
batch_size: 64
checkpoint_dir: results/checkpoints/cka_strength_sweep/cifar10_cka_strength_fixed_5605137/strength_0p8/seed_21
cka_interval: 2
cka_layers:
- conv1
- conv2
- conv3
- fc1
cka_max_sparsity: 0.95
cka_min_sparsity: 0.5
cka_strength: 0.8
data_check: false
data_dir: data
dataset: cifar10
device: auto
disable_cudnn: true
dry_run: false
eval_interval: 1
experiment_config_path: configs/cka_feddst_mnist.yaml
global_config_path: configs/global_cifar10.yaml
local_epochs: 1
log_cka: false
log_dir: results/logs/cka_strength_sweep/cifar10_cka_strength_fixed_5605137/strength_0p8/seed_21
lr: 0.01
mask_update_interval: 2
method: cka_feddst
model: cifar_cnn
num_clients: 5
num_workers: 2
output_dir: results
plot_dir: results/plots/cka_strength_sweep/cifar10_cka_strength_fixed_5605137
prune_fraction: 0.2
reference_size: 500
regrowth_method: gradient
rounds: 20
save_checkpoint: false
seed: 21
sparsity: 0.95
sparsity_init: random
split_dir: null
Saved merged config to: results/logs/cka_strength_sweep/cifar10_cka_strength_fixed_5605137/strength_0p8/seed_21/cka_feddst_cifar10_clients5_alpha0.3_sparsity0.95_cka0.8_seed21_20260801_232735_config.yaml
cuDNN disabled for this run.
Client label distributions:
  client 00: n=10151, labels=[68, 0, 4345, 758, 1058, 713, 0, 122, 882, 2205]
  client 01: n=10420, labels=[957, 2155, 26, 376, 2359, 483, 4054, 4, 6, 0]
  client 02: n= 7384, labels=[1406, 266, 313, 764, 191, 13, 184, 2, 3127, 1118]
  client 03: n=13329, labels=[2519, 2506, 245, 1146, 1341, 359, 6, 3254, 563, 1390]
  client 04: n= 8216, labels=[0, 23, 21, 1906, 1, 3382, 706, 1568, 372, 237]
Initial sparsity | total=0.9500 | active=30994/619872
Layer sparsity | conv1.weight:0.947917;conv2.weight:0.948459;conv3.weight:0.950602;fc1.weight:0.949945;fc2.weight:0.955469
Round 001 | train_loss=2.2115 | test_loss=2.3028 | test_acc=0.1000 | sparsity=0.9500 | cka=0 | targets=
Round 002 | train_loss=2.2113 | test_loss=2.3027 | test_acc=0.1000 | sparsity=0.9500 | cka=1 | targets=conv1.weight:0.949074;conv2.weight:0.949978;conv3.weight:0.949992;fc1.weight:0.949999
Round 003 | train_loss=2.2110 | test_loss=2.3028 | test_acc=0.1000 | sparsity=0.9500 | cka=0 | targets=conv1.weight:0.949074;conv2.weight:0.949978;conv3.weight:0.949992;fc1.weight:0.949999
Round 004 | train_loss=2.2111 | test_loss=2.3030 | test_acc=0.1000 | sparsity=0.9500 | cka=1 | targets=conv1.weight:0.949074;conv2.weight:0.949978;conv3.weight:0.949992;fc1.weight:0.949999
Round 005 | train_loss=2.2116 | test_loss=2.3033 | test_acc=0.1000 | sparsity=0.9500 | cka=0 | targets=conv1.weight:0.949074;conv2.weight:0.949978;conv3.weight:0.949992;fc1.weight:0.949999
Round 006 | train_loss=2.2118 | test_loss=2.3036 | test_acc=0.1000 | sparsity=0.9500 | cka=1 | targets=conv1.weight:0.949074;conv2.weight:0.949978;conv3.weight:0.949992;fc1.weight:0.949999
Round 007 | train_loss=2.2118 | test_loss=2.3039 | test_acc=0.1000 | sparsity=0.9500 | cka=0 | targets=conv1.weight:0.949074;conv2.weight:0.949978;conv3.weight:0.949992;fc1.weight:0.949999
Round 008 | train_loss=2.2119 | test_loss=2.3042 | test_acc=0.1000 | sparsity=0.9500 | cka=1 | targets=conv1.weight:0.949074;conv2.weight:0.949978;conv3.weight:0.949992;fc1.weight:0.949999
Round 009 | train_loss=2.2126 | test_loss=2.3045 | test_acc=0.1000 | sparsity=0.9500 | cka=0 | targets=conv1.weight:0.949074;conv2.weight:0.949978;conv3.weight:0.949992;fc1.weight:0.949999
Round 010 | train_loss=2.2127 | test_loss=2.3047 | test_acc=0.1000 | sparsity=0.9500 | cka=1 | targets=conv1.weight:0.949074;conv2.weight:0.949978;conv3.weight:0.949992;fc1.weight:0.949999
Round 011 | train_loss=2.2124 | test_loss=2.3049 | test_acc=0.1000 | sparsity=0.9500 | cka=0 | targets=conv1.weight:0.949074;conv2.weight:0.949978;conv3.weight:0.949992;fc1.weight:0.949999
Round 012 | train_loss=2.2124 | test_loss=2.3051 | test_acc=0.1000 | sparsity=0.9500 | cka=1 | targets=conv1.weight:0.949074;conv2.weight:0.949978;conv3.weight:0.949992;fc1.weight:0.949999
Round 013 | train_loss=2.2130 | test_loss=2.3053 | test_acc=0.1000 | sparsity=0.9500 | cka=0 | targets=conv1.weight:0.949074;conv2.weight:0.949978;conv3.weight:0.949992;fc1.weight:0.949999
Round 014 | train_loss=2.2130 | test_loss=2.3055 | test_acc=0.1000 | sparsity=0.9500 | cka=1 | targets=conv1.weight:0.949074;conv2.weight:0.949978;conv3.weight:0.949992;fc1.weight:0.949999
Round 015 | train_loss=2.2123 | test_loss=2.3056 | test_acc=0.1000 | sparsity=0.9500 | cka=0 | targets=conv1.weight:0.949074;conv2.weight:0.949978;conv3.weight:0.949992;fc1.weight:0.949999
Round 016 | train_loss=2.2121 | test_loss=2.3058 | test_acc=0.1000 | sparsity=0.9500 | cka=1 | targets=conv1.weight:0.949074;conv2.weight:0.949978;conv3.weight:0.949992;fc1.weight:0.949999
Round 017 | train_loss=2.2128 | test_loss=2.3059 | test_acc=0.1000 | sparsity=0.9500 | cka=0 | targets=conv1.weight:0.949074;conv2.weight:0.949978;conv3.weight:0.949992;fc1.weight:0.949999
Round 018 | train_loss=2.2125 | test_loss=2.3060 | test_acc=0.1000 | sparsity=0.9500 | cka=1 | targets=conv1.weight:0.949074;conv2.weight:0.949978;conv3.weight:0.949992;fc1.weight:0.949999
Round 019 | train_loss=2.2114 | test_loss=2.3060 | test_acc=0.1000 | sparsity=0.9500 | cka=0 | targets=conv1.weight:0.949074;conv2.weight:0.949978;conv3.weight:0.949992;fc1.weight:0.949999
Round 020 | train_loss=2.2107 | test_loss=2.3061 | test_acc=0.1000 | sparsity=0.9500 | cka=1 | targets=conv1.weight:0.949074;conv2.weight:0.949978;conv3.weight:0.949992;fc1.weight:0.949999
Saved training log to: results/logs/cka_strength_sweep/cifar10_cka_strength_fixed_5605137/strength_0p8/seed_21/cka_feddst_cifar10_clients5_alpha0.3_sparsity0.95_cka0.8_seed21_20260801_232735.csv
Saved CKA log to: results/logs/cka_strength_sweep/cifar10_cka_strength_fixed_5605137/strength_0p8/seed_21/cka_feddst_cifar10_clients5_alpha0.3_sparsity0.95_cka0.8_seed21_20260801_232735_cka.csv

[Run 71/125] suite=cka_strength method=cka_feddst seed=100 sparsity=0.5 cka_strength=0.8
Output log dir: results/logs/cka_strength_sweep/cifar10_cka_strength_fixed_5605137/strength_0p8/seed_100
Command: /mnt/aiongpfs/users/dsen/micromamba/envs/cka-cifar/bin/python -m src.train --global-config configs/global_cifar10.yaml --config configs/cka_feddst_mnist.yaml --seed 100 --sparsity 0.5 --cka-strength 0.8 --log-dir results/logs/cka_strength_sweep/cifar10_cka_strength_fixed_5605137/strength_0p8/seed_100 --checkpoint-dir results/checkpoints/cka_strength_sweep/cifar10_cka_strength_fixed_5605137/strength_0p8/seed_100 --plot-dir results/plots/cka_strength_sweep/cifar10_cka_strength_fixed_5605137
Final merged configuration:
alpha: 0.3
batch_size: 64
checkpoint_dir: results/checkpoints/cka_strength_sweep/cifar10_cka_strength_fixed_5605137/strength_0p8/seed_100
cka_interval: 2
cka_layers:
- conv1
- conv2
- conv3
- fc1
cka_max_sparsity: 0.95
cka_min_sparsity: 0.5
cka_strength: 0.8
data_check: false
data_dir: data
dataset: cifar10
device: auto
disable_cudnn: true
dry_run: false
eval_interval: 1
experiment_config_path: configs/cka_feddst_mnist.yaml
global_config_path: configs/global_cifar10.yaml
local_epochs: 1
log_cka: false
log_dir: results/logs/cka_strength_sweep/cifar10_cka_strength_fixed_5605137/strength_0p8/seed_100
lr: 0.01
mask_update_interval: 2
method: cka_feddst
model: cifar_cnn
num_clients: 5
num_workers: 2
output_dir: results
plot_dir: results/plots/cka_strength_sweep/cifar10_cka_strength_fixed_5605137
prune_fraction: 0.2
reference_size: 500
regrowth_method: gradient
rounds: 20
save_checkpoint: false
seed: 100
sparsity: 0.5
sparsity_init: random
split_dir: null
Saved merged config to: results/logs/cka_strength_sweep/cifar10_cka_strength_fixed_5605137/strength_0p8/seed_100/cka_feddst_cifar10_clients5_alpha0.3_sparsity0.5_cka0.8_seed100_20260801_233456_config.yaml
cuDNN disabled for this run.
Client label distributions:
  client 00: n= 6485, labels=[2604, 0, 589, 2, 2, 5, 173, 2831, 8, 271]
  client 01: n= 9836, labels=[30, 0, 237, 3053, 347, 2329, 15, 2008, 2, 1815]
  client 02: n= 9670, labels=[180, 2324, 0, 407, 463, 481, 1656, 64, 4094, 1]
  client 03: n= 6110, labels=[2074, 92, 1, 1395, 1095, 27, 832, 24, 30, 540]
  client 04: n=17399, labels=[62, 2534, 4123, 93, 3043, 2108, 2274, 23, 816, 2323]
Initial sparsity | total=0.5000 | active=309936/619872
Layer sparsity | conv1.weight:0.535880;conv2.weight:0.500651;conv3.weight:0.499769;fc1.weight:0.499912;fc2.weight:0.507812
Round 001 | train_loss=1.9797 | test_loss=2.3196 | test_acc=0.1490 | sparsity=0.5000 | cka=0 | targets=
Round 002 | train_loss=1.7043 | test_loss=2.4374 | test_acc=0.1617 | sparsity=0.5000 | cka=1 | targets=conv1.weight:0.500000;conv2.weight:0.500000;conv3.weight:0.500000;fc1.weight:0.500000
Round 003 | train_loss=1.6586 | test_loss=2.3887 | test_acc=0.1813 | sparsity=0.5000 | cka=0 | targets=conv1.weight:0.500000;conv2.weight:0.500000;conv3.weight:0.500000;fc1.weight:0.500000
Round 004 | train_loss=1.6460 | test_loss=2.4148 | test_acc=0.1790 | sparsity=0.5000 | cka=1 | targets=conv1.weight:0.500000;conv2.weight:0.500000;conv3.weight:0.500000;fc1.weight:0.500000
Round 005 | train_loss=1.6351 | test_loss=2.3875 | test_acc=0.1863 | sparsity=0.5000 | cka=0 | targets=conv1.weight:0.500000;conv2.weight:0.500000;conv3.weight:0.500000;fc1.weight:0.500000
Round 006 | train_loss=1.6162 | test_loss=2.3687 | test_acc=0.1907 | sparsity=0.5000 | cka=1 | targets=conv1.weight:0.500000;conv2.weight:0.500000;conv3.weight:0.500000;fc1.weight:0.500000
Round 007 | train_loss=1.6129 | test_loss=2.3234 | test_acc=0.1942 | sparsity=0.5000 | cka=0 | targets=conv1.weight:0.500000;conv2.weight:0.500000;conv3.weight:0.500000;fc1.weight:0.500000
Round 008 | train_loss=1.5927 | test_loss=2.3228 | test_acc=0.2015 | sparsity=0.5000 | cka=1 | targets=conv1.weight:0.500000;conv2.weight:0.500000;conv3.weight:0.500000;fc1.weight:0.500000
Round 009 | train_loss=1.5769 | test_loss=2.3041 | test_acc=0.2133 | sparsity=0.5000 | cka=0 | targets=conv1.weight:0.500000;conv2.weight:0.500000;conv3.weight:0.500000;fc1.weight:0.500000
Round 010 | train_loss=1.5540 | test_loss=2.2495 | test_acc=0.2151 | sparsity=0.5000 | cka=1 | targets=conv1.weight:0.500000;conv2.weight:0.500000;conv3.weight:0.500000;fc1.weight:0.500000
Round 011 | train_loss=1.5467 | test_loss=2.1544 | test_acc=0.2315 | sparsity=0.5000 | cka=0 | targets=conv1.weight:0.500000;conv2.weight:0.500000;conv3.weight:0.500000;fc1.weight:0.500000
Round 012 | train_loss=1.5088 | test_loss=2.1850 | test_acc=0.2268 | sparsity=0.5000 | cka=1 | targets=conv1.weight:0.500000;conv2.weight:0.500000;conv3.weight:0.500000;fc1.weight:0.500000
Round 013 | train_loss=1.4813 | test_loss=2.0599 | test_acc=0.2603 | sparsity=0.5000 | cka=0 | targets=conv1.weight:0.500000;conv2.weight:0.500000;conv3.weight:0.500000;fc1.weight:0.500000
Round 014 | train_loss=1.4445 | test_loss=2.0325 | test_acc=0.2692 | sparsity=0.5000 | cka=1 | targets=conv1.weight:0.500000;conv2.weight:0.500000;conv3.weight:0.500000;fc1.weight:0.500000
Round 015 | train_loss=1.4345 | test_loss=1.9393 | test_acc=0.2960 | sparsity=0.5000 | cka=0 | targets=conv1.weight:0.500000;conv2.weight:0.500000;conv3.weight:0.500000;fc1.weight:0.500000
Round 016 | train_loss=1.3928 | test_loss=1.9322 | test_acc=0.3031 | sparsity=0.5000 | cka=1 | targets=conv1.weight:0.500000;conv2.weight:0.500000;conv3.weight:0.500000;fc1.weight:0.500000
Round 017 | train_loss=1.3614 | test_loss=1.9119 | test_acc=0.3035 | sparsity=0.5000 | cka=0 | targets=conv1.weight:0.500000;conv2.weight:0.500000;conv3.weight:0.500000;fc1.weight:0.500000
Round 018 | train_loss=1.3375 | test_loss=1.8847 | test_acc=0.3156 | sparsity=0.5000 | cka=1 | targets=conv1.weight:0.500000;conv2.weight:0.500000;conv3.weight:0.500000;fc1.weight:0.500000
Round 019 | train_loss=1.3267 | test_loss=1.8836 | test_acc=0.3121 | sparsity=0.5000 | cka=0 | targets=conv1.weight:0.500000;conv2.weight:0.500000;conv3.weight:0.500000;fc1.weight:0.500000
Round 020 | train_loss=1.2993 | test_loss=1.8230 | test_acc=0.3282 | sparsity=0.5000 | cka=1 | targets=conv1.weight:0.500000;conv2.weight:0.500000;conv3.weight:0.500000;fc1.weight:0.500000
Saved training log to: results/logs/cka_strength_sweep/cifar10_cka_strength_fixed_5605137/strength_0p8/seed_100/cka_feddst_cifar10_clients5_alpha0.3_sparsity0.5_cka0.8_seed100_20260801_233456.csv
Saved CKA log to: results/logs/cka_strength_sweep/cifar10_cka_strength_fixed_5605137/strength_0p8/seed_100/cka_feddst_cifar10_clients5_alpha0.3_sparsity0.5_cka0.8_seed100_20260801_233456_cka.csv

[Run 72/125] suite=cka_strength method=cka_feddst seed=100 sparsity=0.7 cka_strength=0.8
Output log dir: results/logs/cka_strength_sweep/cifar10_cka_strength_fixed_5605137/strength_0p8/seed_100
Command: /mnt/aiongpfs/users/dsen/micromamba/envs/cka-cifar/bin/python -m src.train --global-config configs/global_cifar10.yaml --config configs/cka_feddst_mnist.yaml --seed 100 --sparsity 0.7 --cka-strength 0.8 --log-dir results/logs/cka_strength_sweep/cifar10_cka_strength_fixed_5605137/strength_0p8/seed_100 --checkpoint-dir results/checkpoints/cka_strength_sweep/cifar10_cka_strength_fixed_5605137/strength_0p8/seed_100 --plot-dir results/plots/cka_strength_sweep/cifar10_cka_strength_fixed_5605137
Final merged configuration:
alpha: 0.3
batch_size: 64
checkpoint_dir: results/checkpoints/cka_strength_sweep/cifar10_cka_strength_fixed_5605137/strength_0p8/seed_100
cka_interval: 2
cka_layers:
- conv1
- conv2
- conv3
- fc1
cka_max_sparsity: 0.95
cka_min_sparsity: 0.5
cka_strength: 0.8
data_check: false
data_dir: data
dataset: cifar10
device: auto
disable_cudnn: true
dry_run: false
eval_interval: 1
experiment_config_path: configs/cka_feddst_mnist.yaml
global_config_path: configs/global_cifar10.yaml
local_epochs: 1
log_cka: false
log_dir: results/logs/cka_strength_sweep/cifar10_cka_strength_fixed_5605137/strength_0p8/seed_100
lr: 0.01
mask_update_interval: 2
method: cka_feddst
model: cifar_cnn
num_clients: 5
num_workers: 2
output_dir: results
plot_dir: results/plots/cka_strength_sweep/cifar10_cka_strength_fixed_5605137
prune_fraction: 0.2
reference_size: 500
regrowth_method: gradient
rounds: 20
save_checkpoint: false
seed: 100
sparsity: 0.7
sparsity_init: random
split_dir: null
Saved merged config to: results/logs/cka_strength_sweep/cifar10_cka_strength_fixed_5605137/strength_0p8/seed_100/cka_feddst_cifar10_clients5_alpha0.3_sparsity0.7_cka0.8_seed100_20260801_234211_config.yaml
cuDNN disabled for this run.
Client label distributions:
  client 00: n= 6485, labels=[2604, 0, 589, 2, 2, 5, 173, 2831, 8, 271]
  client 01: n= 9836, labels=[30, 0, 237, 3053, 347, 2329, 15, 2008, 2, 1815]
  client 02: n= 9670, labels=[180, 2324, 0, 407, 463, 481, 1656, 64, 4094, 1]
  client 03: n= 6110, labels=[2074, 92, 1, 1395, 1095, 27, 832, 24, 30, 540]
  client 04: n=17399, labels=[62, 2534, 4123, 93, 3043, 2108, 2274, 23, 816, 2323]
Initial sparsity | total=0.7000 | active=185962/619872
Layer sparsity | conv1.weight:0.723380;conv2.weight:0.702962;conv3.weight:0.701280;fc1.weight:0.699663;fc2.weight:0.702734
Round 001 | train_loss=2.1994 | test_loss=2.3033 | test_acc=0.1000 | sparsity=0.7000 | cka=0 | targets=
Round 002 | train_loss=2.1273 | test_loss=2.3058 | test_acc=0.1214 | sparsity=0.7000 | cka=1 | targets=conv1.weight:0.697917;conv2.weight:0.698134;conv3.weight:0.698174;fc1.weight:0.700325
Round 003 | train_loss=1.7656 | test_loss=2.4119 | test_acc=0.1455 | sparsity=0.7000 | cka=0 | targets=conv1.weight:0.697917;conv2.weight:0.698134;conv3.weight:0.698174;fc1.weight:0.700325
Round 004 | train_loss=1.6730 | test_loss=2.3219 | test_acc=0.1700 | sparsity=0.7000 | cka=1 | targets=conv1.weight:0.699074;conv2.weight:0.698568;conv3.weight:0.698581;fc1.weight:0.700251
Round 005 | train_loss=1.6708 | test_loss=2.4034 | test_acc=0.1791 | sparsity=0.7000 | cka=0 | targets=conv1.weight:0.699074;conv2.weight:0.698568;conv3.weight:0.698581;fc1.weight:0.700251
Round 006 | train_loss=1.6428 | test_loss=2.4033 | test_acc=0.1816 | sparsity=0.7000 | cka=1 | targets=conv1.weight:0.697917;conv2.weight:0.698405;conv3.weight:0.698432;fc1.weight:0.700279
Round 007 | train_loss=1.6394 | test_loss=2.3844 | test_acc=0.1835 | sparsity=0.7000 | cka=0 | targets=conv1.weight:0.697917;conv2.weight:0.698405;conv3.weight:0.698432;fc1.weight:0.700279
Round 008 | train_loss=1.6279 | test_loss=2.3998 | test_acc=0.1843 | sparsity=0.7000 | cka=1 | targets=conv1.weight:0.696759;conv2.weight:0.697157;conv3.weight:0.697171;fc1.weight:0.700502
Round 009 | train_loss=1.6212 | test_loss=2.3845 | test_acc=0.1875 | sparsity=0.7000 | cka=0 | targets=conv1.weight:0.696759;conv2.weight:0.697157;conv3.weight:0.697171;fc1.weight:0.700502
Round 010 | train_loss=1.6115 | test_loss=2.3502 | test_acc=0.1891 | sparsity=0.7000 | cka=1 | targets=conv1.weight:0.697917;conv2.weight:0.697537;conv3.weight:0.697550;fc1.weight:0.700434
Round 011 | train_loss=1.6110 | test_loss=2.3019 | test_acc=0.1945 | sparsity=0.7000 | cka=0 | targets=conv1.weight:0.697917;conv2.weight:0.697537;conv3.weight:0.697550;fc1.weight:0.700434
Round 012 | train_loss=1.5950 | test_loss=2.3385 | test_acc=0.1953 | sparsity=0.7000 | cka=1 | targets=conv1.weight:0.696759;conv2.weight:0.696994;conv3.weight:0.697008;fc1.weight:0.700531
Round 013 | train_loss=1.5912 | test_loss=2.2965 | test_acc=0.2069 | sparsity=0.7000 | cka=0 | targets=conv1.weight:0.696759;conv2.weight:0.696994;conv3.weight:0.697008;fc1.weight:0.700531
Round 014 | train_loss=1.5781 | test_loss=2.3078 | test_acc=0.1976 | sparsity=0.7000 | cka=1 | targets=conv1.weight:0.696759;conv2.weight:0.697374;conv3.weight:0.697388;fc1.weight:0.700464
Round 015 | train_loss=1.5805 | test_loss=2.2483 | test_acc=0.2081 | sparsity=0.7000 | cka=0 | targets=conv1.weight:0.696759;conv2.weight:0.697374;conv3.weight:0.697388;fc1.weight:0.700464
Round 016 | train_loss=1.5627 | test_loss=2.2920 | test_acc=0.2024 | sparsity=0.7000 | cka=1 | targets=conv1.weight:0.695602;conv2.weight:0.696289;conv3.weight:0.696316;fc1.weight:0.700655
Round 017 | train_loss=1.5512 | test_loss=2.2612 | test_acc=0.2073 | sparsity=0.7000 | cka=0 | targets=conv1.weight:0.695602;conv2.weight:0.696289;conv3.weight:0.696316;fc1.weight:0.700655
Round 018 | train_loss=1.5389 | test_loss=2.2523 | test_acc=0.2006 | sparsity=0.7000 | cka=1 | targets=conv1.weight:0.695602;conv2.weight:0.696289;conv3.weight:0.696303;fc1.weight:0.700657
Round 019 | train_loss=1.5390 | test_loss=2.2145 | test_acc=0.2038 | sparsity=0.7000 | cka=0 | targets=conv1.weight:0.695602;conv2.weight:0.696289;conv3.weight:0.696303;fc1.weight:0.700657
Round 020 | train_loss=1.5152 | test_loss=2.1902 | test_acc=0.2154 | sparsity=0.7000 | cka=1 | targets=conv1.weight:0.693287;conv2.weight:0.694336;conv3.weight:0.694648;fc1.weight:0.700962
Saved training log to: results/logs/cka_strength_sweep/cifar10_cka_strength_fixed_5605137/strength_0p8/seed_100/cka_feddst_cifar10_clients5_alpha0.3_sparsity0.7_cka0.8_seed100_20260801_234211.csv
Saved CKA log to: results/logs/cka_strength_sweep/cifar10_cka_strength_fixed_5605137/strength_0p8/seed_100/cka_feddst_cifar10_clients5_alpha0.3_sparsity0.7_cka0.8_seed100_20260801_234211_cka.csv

[Run 73/125] suite=cka_strength method=cka_feddst seed=100 sparsity=0.8 cka_strength=0.8
Output log dir: results/logs/cka_strength_sweep/cifar10_cka_strength_fixed_5605137/strength_0p8/seed_100
Command: /mnt/aiongpfs/users/dsen/micromamba/envs/cka-cifar/bin/python -m src.train --global-config configs/global_cifar10.yaml --config configs/cka_feddst_mnist.yaml --seed 100 --sparsity 0.8 --cka-strength 0.8 --log-dir results/logs/cka_strength_sweep/cifar10_cka_strength_fixed_5605137/strength_0p8/seed_100 --checkpoint-dir results/checkpoints/cka_strength_sweep/cifar10_cka_strength_fixed_5605137/strength_0p8/seed_100 --plot-dir results/plots/cka_strength_sweep/cifar10_cka_strength_fixed_5605137
Final merged configuration:
alpha: 0.3
batch_size: 64
checkpoint_dir: results/checkpoints/cka_strength_sweep/cifar10_cka_strength_fixed_5605137/strength_0p8/seed_100
cka_interval: 2
cka_layers:
- conv1
- conv2
- conv3
- fc1
cka_max_sparsity: 0.95
cka_min_sparsity: 0.5
cka_strength: 0.8
data_check: false
data_dir: data
dataset: cifar10
device: auto
disable_cudnn: true
dry_run: false
eval_interval: 1
experiment_config_path: configs/cka_feddst_mnist.yaml
global_config_path: configs/global_cifar10.yaml
local_epochs: 1
log_cka: false
log_dir: results/logs/cka_strength_sweep/cifar10_cka_strength_fixed_5605137/strength_0p8/seed_100
lr: 0.01
mask_update_interval: 2
method: cka_feddst
model: cifar_cnn
num_clients: 5
num_workers: 2
output_dir: results
plot_dir: results/plots/cka_strength_sweep/cifar10_cka_strength_fixed_5605137
prune_fraction: 0.2
reference_size: 500
regrowth_method: gradient
rounds: 20
save_checkpoint: false
seed: 100
sparsity: 0.8
sparsity_init: random
split_dir: null
Saved merged config to: results/logs/cka_strength_sweep/cifar10_cka_strength_fixed_5605137/strength_0p8/seed_100/cka_feddst_cifar10_clients5_alpha0.3_sparsity0.8_cka0.8_seed100_20260801_234941_config.yaml
cuDNN disabled for this run.
Client label distributions:
  client 00: n= 6485, labels=[2604, 0, 589, 2, 2, 5, 173, 2831, 8, 271]
  client 01: n= 9836, labels=[30, 0, 237, 3053, 347, 2329, 15, 2008, 2, 1815]
  client 02: n= 9670, labels=[180, 2324, 0, 407, 463, 481, 1656, 64, 4094, 1]
  client 03: n= 6110, labels=[2074, 92, 1, 1395, 1095, 27, 832, 24, 30, 540]
  client 04: n=17399, labels=[62, 2534, 4123, 93, 3043, 2108, 2274, 23, 816, 2323]
Initial sparsity | total=0.8000 | active=123974/619872
Layer sparsity | conv1.weight:0.815972;conv2.weight:0.802734;conv3.weight:0.801731;fc1.weight:0.799652;fc2.weight:0.796484
Round 001 | train_loss=2.2113 | test_loss=2.3036 | test_acc=0.1000 | sparsity=0.8000 | cka=0 | targets=
Round 002 | train_loss=2.2112 | test_loss=2.3049 | test_acc=0.1000 | sparsity=0.8000 | cka=1 | targets=conv1.weight:0.798611;conv2.weight:0.798828;conv3.weight:0.798855;fc1.weight:0.800205
Round 003 | train_loss=2.1982 | test_loss=2.3067 | test_acc=0.1000 | sparsity=0.8000 | cka=0 | targets=conv1.weight:0.798611;conv2.weight:0.798828;conv3.weight:0.798855;fc1.weight:0.800205
Round 004 | train_loss=1.9617 | test_loss=2.3218 | test_acc=0.1428 | sparsity=0.8000 | cka=1 | targets=conv1.weight:0.798611;conv2.weight:0.798611;conv3.weight:0.798638;fc1.weight:0.800243
Round 005 | train_loss=1.7601 | test_loss=2.4400 | test_acc=0.1601 | sparsity=0.8000 | cka=0 | targets=conv1.weight:0.798611;conv2.weight:0.798611;conv3.weight:0.798638;fc1.weight:0.800243
Round 006 | train_loss=1.6660 | test_loss=2.4065 | test_acc=0.1708 | sparsity=0.8000 | cka=1 | targets=conv1.weight:0.799769;conv2.weight:0.799533;conv3.weight:0.799533;fc1.weight:0.800083
Round 007 | train_loss=1.6522 | test_loss=2.4067 | test_acc=0.1788 | sparsity=0.8000 | cka=0 | targets=conv1.weight:0.799769;conv2.weight:0.799533;conv3.weight:0.799533;fc1.weight:0.800083
Round 008 | train_loss=1.6388 | test_loss=2.3975 | test_acc=0.1818 | sparsity=0.8000 | cka=1 | targets=conv1.weight:0.798611;conv2.weight:0.798991;conv3.weight:0.798977;fc1.weight:0.800182
Round 009 | train_loss=1.6329 | test_loss=2.3791 | test_acc=0.1848 | sparsity=0.8000 | cka=0 | targets=conv1.weight:0.798611;conv2.weight:0.798991;conv3.weight:0.798977;fc1.weight:0.800182
Round 010 | train_loss=1.6225 | test_loss=2.3569 | test_acc=0.1853 | sparsity=0.8000 | cka=1 | targets=conv1.weight:0.798611;conv2.weight:0.798774;conv3.weight:0.798774;fc1.weight:0.800219
Round 011 | train_loss=1.6163 | test_loss=2.3304 | test_acc=0.1913 | sparsity=0.8000 | cka=0 | targets=conv1.weight:0.798611;conv2.weight:0.798774;conv3.weight:0.798774;fc1.weight:0.800219
Round 012 | train_loss=1.6021 | test_loss=2.3590 | test_acc=0.1888 | sparsity=0.8000 | cka=1 | targets=conv1.weight:0.798611;conv2.weight:0.798394;conv3.weight:0.798421;fc1.weight:0.800282
Round 013 | train_loss=1.6017 | test_loss=2.2988 | test_acc=0.1985 | sparsity=0.8000 | cka=0 | targets=conv1.weight:0.798611;conv2.weight:0.798394;conv3.weight:0.798421;fc1.weight:0.800282
Round 014 | train_loss=1.5885 | test_loss=2.3397 | test_acc=0.1916 | sparsity=0.8000 | cka=1 | targets=conv1.weight:0.798611;conv2.weight:0.798231;conv3.weight:0.798245;fc1.weight:0.800312
Round 015 | train_loss=1.5864 | test_loss=2.2906 | test_acc=0.2001 | sparsity=0.8000 | cka=0 | targets=conv1.weight:0.798611;conv2.weight:0.798231;conv3.weight:0.798245;fc1.weight:0.800312
Round 016 | train_loss=1.5716 | test_loss=2.3289 | test_acc=0.1965 | sparsity=0.8000 | cka=1 | targets=conv1.weight:0.797454;conv2.weight:0.797743;conv3.weight:0.797811;fc1.weight:0.800392
Round 017 | train_loss=1.5667 | test_loss=2.2790 | test_acc=0.1987 | sparsity=0.8000 | cka=0 | targets=conv1.weight:0.797454;conv2.weight:0.797743;conv3.weight:0.797811;fc1.weight:0.800392
Round 018 | train_loss=1.5577 | test_loss=2.3087 | test_acc=0.1920 | sparsity=0.8000 | cka=1 | targets=conv1.weight:0.796296;conv2.weight:0.797309;conv3.weight:0.797363;fc1.weight:0.800472
Round 019 | train_loss=1.5534 | test_loss=2.2853 | test_acc=0.1976 | sparsity=0.8000 | cka=0 | targets=conv1.weight:0.796296;conv2.weight:0.797309;conv3.weight:0.797363;fc1.weight:0.800472
Round 020 | train_loss=1.5417 | test_loss=2.2726 | test_acc=0.2063 | sparsity=0.8000 | cka=1 | targets=conv1.weight:0.795139;conv2.weight:0.796387;conv3.weight:0.796577;fc1.weight:0.800617
Saved training log to: results/logs/cka_strength_sweep/cifar10_cka_strength_fixed_5605137/strength_0p8/seed_100/cka_feddst_cifar10_clients5_alpha0.3_sparsity0.8_cka0.8_seed100_20260801_234941.csv
Saved CKA log to: results/logs/cka_strength_sweep/cifar10_cka_strength_fixed_5605137/strength_0p8/seed_100/cka_feddst_cifar10_clients5_alpha0.3_sparsity0.8_cka0.8_seed100_20260801_234941_cka.csv

[Run 74/125] suite=cka_strength method=cka_feddst seed=100 sparsity=0.9 cka_strength=0.8
Output log dir: results/logs/cka_strength_sweep/cifar10_cka_strength_fixed_5605137/strength_0p8/seed_100
Command: /mnt/aiongpfs/users/dsen/micromamba/envs/cka-cifar/bin/python -m src.train --global-config configs/global_cifar10.yaml --config configs/cka_feddst_mnist.yaml --seed 100 --sparsity 0.9 --cka-strength 0.8 --log-dir results/logs/cka_strength_sweep/cifar10_cka_strength_fixed_5605137/strength_0p8/seed_100 --checkpoint-dir results/checkpoints/cka_strength_sweep/cifar10_cka_strength_fixed_5605137/strength_0p8/seed_100 --plot-dir results/plots/cka_strength_sweep/cifar10_cka_strength_fixed_5605137
Final merged configuration:
alpha: 0.3
batch_size: 64
checkpoint_dir: results/checkpoints/cka_strength_sweep/cifar10_cka_strength_fixed_5605137/strength_0p8/seed_100
cka_interval: 2
cka_layers:
- conv1
- conv2
- conv3
- fc1
cka_max_sparsity: 0.95
cka_min_sparsity: 0.5
cka_strength: 0.8
data_check: false
data_dir: data
dataset: cifar10
device: auto
disable_cudnn: true
dry_run: false
eval_interval: 1
experiment_config_path: configs/cka_feddst_mnist.yaml
global_config_path: configs/global_cifar10.yaml
local_epochs: 1
log_cka: false
log_dir: results/logs/cka_strength_sweep/cifar10_cka_strength_fixed_5605137/strength_0p8/seed_100
lr: 0.01
mask_update_interval: 2
method: cka_feddst
model: cifar_cnn
num_clients: 5
num_workers: 2
output_dir: results
plot_dir: results/plots/cka_strength_sweep/cifar10_cka_strength_fixed_5605137
prune_fraction: 0.2
reference_size: 500
regrowth_method: gradient
rounds: 20
save_checkpoint: false
seed: 100
sparsity: 0.9
sparsity_init: random
split_dir: null
Saved merged config to: results/logs/cka_strength_sweep/cifar10_cka_strength_fixed_5605137/strength_0p8/seed_100/cka_feddst_cifar10_clients5_alpha0.3_sparsity0.9_cka0.8_seed100_20260801_235713_config.yaml
cuDNN disabled for this run.
Client label distributions:
  client 00: n= 6485, labels=[2604, 0, 589, 2, 2, 5, 173, 2831, 8, 271]
  client 01: n= 9836, labels=[30, 0, 237, 3053, 347, 2329, 15, 2008, 2, 1815]
  client 02: n= 9670, labels=[180, 2324, 0, 407, 463, 481, 1656, 64, 4094, 1]
  client 03: n= 6110, labels=[2074, 92, 1, 1395, 1095, 27, 832, 24, 30, 540]
  client 04: n=17399, labels=[62, 2534, 4123, 93, 3043, 2108, 2274, 23, 816, 2323]
Initial sparsity | total=0.9000 | active=61987/619872
Layer sparsity | conv1.weight:0.895833;conv2.weight:0.897569;conv3.weight:0.899129;fc1.weight:0.900221;fc2.weight:0.898828
Round 001 | train_loss=2.2142 | test_loss=2.3038 | test_acc=0.1000 | sparsity=0.9000 | cka=0 | targets=
Round 002 | train_loss=2.2154 | test_loss=2.3051 | test_acc=0.1000 | sparsity=0.9000 | cka=1 | targets=conv1.weight:0.899306;conv2.weight:0.899685;conv3.weight:0.899672;fc1.weight:0.900059
Round 003 | train_loss=2.2163 | test_loss=2.3069 | test_acc=0.1000 | sparsity=0.9000 | cka=0 | targets=conv1.weight:0.899306;conv2.weight:0.899685;conv3.weight:0.899672;fc1.weight:0.900059
Round 004 | train_loss=2.2180 | test_loss=2.3089 | test_acc=0.1000 | sparsity=0.9000 | cka=1 | targets=conv1.weight:0.899306;conv2.weight:0.899251;conv3.weight:0.899238;fc1.weight:0.900135
Round 005 | train_loss=2.2209 | test_loss=2.3110 | test_acc=0.1000 | sparsity=0.9000 | cka=0 | targets=conv1.weight:0.899306;conv2.weight:0.899251;conv3.weight:0.899238;fc1.weight:0.900135
Round 006 | train_loss=2.2229 | test_loss=2.3130 | test_acc=0.1000 | sparsity=0.9000 | cka=1 | targets=conv1.weight:0.899306;conv2.weight:0.899577;conv3.weight:0.899590;fc1.weight:0.900074
Round 007 | train_loss=2.2237 | test_loss=2.3150 | test_acc=0.1000 | sparsity=0.9000 | cka=0 | targets=conv1.weight:0.899306;conv2.weight:0.899577;conv3.weight:0.899590;fc1.weight:0.900074
Round 008 | train_loss=2.2247 | test_loss=2.3167 | test_acc=0.1000 | sparsity=0.9000 | cka=1 | targets=conv1.weight:0.899306;conv2.weight:0.899197;conv3.weight:0.899183;fc1.weight:0.900145
Round 009 | train_loss=2.2276 | test_loss=2.3184 | test_acc=0.1000 | sparsity=0.9000 | cka=0 | targets=conv1.weight:0.899306;conv2.weight:0.899197;conv3.weight:0.899183;fc1.weight:0.900145
Round 010 | train_loss=2.2286 | test_loss=2.3198 | test_acc=0.1000 | sparsity=0.9000 | cka=1 | targets=conv1.weight:0.899306;conv2.weight:0.899360;conv3.weight:0.899373;fc1.weight:0.900112
Round 011 | train_loss=2.2276 | test_loss=2.3212 | test_acc=0.1000 | sparsity=0.9000 | cka=0 | targets=conv1.weight:0.899306;conv2.weight:0.899360;conv3.weight:0.899373;fc1.weight:0.900112
Round 012 | train_loss=2.2266 | test_loss=2.3223 | test_acc=0.1000 | sparsity=0.9000 | cka=1 | targets=conv1.weight:0.899306;conv2.weight:0.899360;conv3.weight:0.899373;fc1.weight:0.900112
Round 013 | train_loss=2.2298 | test_loss=2.3236 | test_acc=0.1000 | sparsity=0.9000 | cka=0 | targets=conv1.weight:0.899306;conv2.weight:0.899360;conv3.weight:0.899373;fc1.weight:0.900112
Round 014 | train_loss=2.2295 | test_loss=2.3245 | test_acc=0.1000 | sparsity=0.9000 | cka=1 | targets=conv1.weight:0.899306;conv2.weight:0.898980;conv3.weight:0.898980;fc1.weight:0.900181
Round 015 | train_loss=2.2246 | test_loss=2.3257 | test_acc=0.1000 | sparsity=0.9000 | cka=0 | targets=conv1.weight:0.899306;conv2.weight:0.898980;conv3.weight:0.898980;fc1.weight:0.900181
Round 016 | train_loss=2.2163 | test_loss=2.3267 | test_acc=0.1000 | sparsity=0.9000 | cka=1 | targets=conv1.weight:0.899306;conv2.weight:0.899685;conv3.weight:0.899753;fc1.weight:0.900047
Round 017 | train_loss=2.2196 | test_loss=2.3288 | test_acc=0.1000 | sparsity=0.9000 | cka=0 | targets=conv1.weight:0.899306;conv2.weight:0.899685;conv3.weight:0.899753;fc1.weight:0.900047
Round 018 | train_loss=2.1957 | test_loss=2.3323 | test_acc=0.1000 | sparsity=0.9000 | cka=1 | targets=conv1.weight:0.899306;conv2.weight:0.899685;conv3.weight:0.899794;fc1.weight:0.900042
Round 019 | train_loss=2.0786 | test_loss=2.3526 | test_acc=0.1324 | sparsity=0.9000 | cka=0 | targets=conv1.weight:0.899306;conv2.weight:0.899685;conv3.weight:0.899794;fc1.weight:0.900042
Round 020 | train_loss=1.8048 | test_loss=2.4278 | test_acc=0.1366 | sparsity=0.9000 | cka=1 | targets=conv1.weight:0.899306;conv2.weight:0.899631;conv3.weight:0.899658;fc1.weight:0.900063
Saved training log to: results/logs/cka_strength_sweep/cifar10_cka_strength_fixed_5605137/strength_0p8/seed_100/cka_feddst_cifar10_clients5_alpha0.3_sparsity0.9_cka0.8_seed100_20260801_235713.csv
Saved CKA log to: results/logs/cka_strength_sweep/cifar10_cka_strength_fixed_5605137/strength_0p8/seed_100/cka_feddst_cifar10_clients5_alpha0.3_sparsity0.9_cka0.8_seed100_20260801_235713_cka.csv

[Run 75/125] suite=cka_strength method=cka_feddst seed=100 sparsity=0.95 cka_strength=0.8
Output log dir: results/logs/cka_strength_sweep/cifar10_cka_strength_fixed_5605137/strength_0p8/seed_100
Command: /mnt/aiongpfs/users/dsen/micromamba/envs/cka-cifar/bin/python -m src.train --global-config configs/global_cifar10.yaml --config configs/cka_feddst_mnist.yaml --seed 100 --sparsity 0.95 --cka-strength 0.8 --log-dir results/logs/cka_strength_sweep/cifar10_cka_strength_fixed_5605137/strength_0p8/seed_100 --checkpoint-dir results/checkpoints/cka_strength_sweep/cifar10_cka_strength_fixed_5605137/strength_0p8/seed_100 --plot-dir results/plots/cka_strength_sweep/cifar10_cka_strength_fixed_5605137
Final merged configuration:
alpha: 0.3
batch_size: 64
checkpoint_dir: results/checkpoints/cka_strength_sweep/cifar10_cka_strength_fixed_5605137/strength_0p8/seed_100
cka_interval: 2
cka_layers:
- conv1
- conv2
- conv3
- fc1
cka_max_sparsity: 0.95
cka_min_sparsity: 0.5
cka_strength: 0.8
data_check: false
data_dir: data
dataset: cifar10
device: auto
disable_cudnn: true
dry_run: false
eval_interval: 1
experiment_config_path: configs/cka_feddst_mnist.yaml
global_config_path: configs/global_cifar10.yaml
local_epochs: 1
log_cka: false
log_dir: results/logs/cka_strength_sweep/cifar10_cka_strength_fixed_5605137/strength_0p8/seed_100
lr: 0.01
mask_update_interval: 2
method: cka_feddst
model: cifar_cnn
num_clients: 5
num_workers: 2
output_dir: results
plot_dir: results/plots/cka_strength_sweep/cifar10_cka_strength_fixed_5605137
prune_fraction: 0.2
reference_size: 500
regrowth_method: gradient
rounds: 20
save_checkpoint: false
seed: 100
sparsity: 0.95
sparsity_init: random
split_dir: null
Saved merged config to: results/logs/cka_strength_sweep/cifar10_cka_strength_fixed_5605137/strength_0p8/seed_100/cka_feddst_cifar10_clients5_alpha0.3_sparsity0.95_cka0.8_seed100_20260802_000442_config.yaml
cuDNN disabled for this run.
Client label distributions:
  client 00: n= 6485, labels=[2604, 0, 589, 2, 2, 5, 173, 2831, 8, 271]
  client 01: n= 9836, labels=[30, 0, 237, 3053, 347, 2329, 15, 2008, 2, 1815]
  client 02: n= 9670, labels=[180, 2324, 0, 407, 463, 481, 1656, 64, 4094, 1]
  client 03: n= 6110, labels=[2074, 92, 1, 1395, 1095, 27, 832, 24, 30, 540]
  client 04: n=17399, labels=[62, 2534, 4123, 93, 3043, 2108, 2274, 23, 816, 2323]
Initial sparsity | total=0.9500 | active=30994/619872
Layer sparsity | conv1.weight:0.950231;conv2.weight:0.947591;conv3.weight:0.949151;fc1.weight:0.950207;fc2.weight:0.949219
Round 001 | train_loss=2.2150 | test_loss=2.3038 | test_acc=0.1000 | sparsity=0.9500 | cka=0 | targets=
Round 002 | train_loss=2.2164 | test_loss=2.3051 | test_acc=0.1000 | sparsity=0.9500 | cka=1 | targets=conv1.weight:0.949074;conv2.weight:0.949978;conv3.weight:0.949992;fc1.weight:0.949999
Round 003 | train_loss=2.2180 | test_loss=2.3069 | test_acc=0.1000 | sparsity=0.9500 | cka=0 | targets=conv1.weight:0.949074;conv2.weight:0.949978;conv3.weight:0.949992;fc1.weight:0.949999
Round 004 | train_loss=2.2201 | test_loss=2.3089 | test_acc=0.1000 | sparsity=0.9500 | cka=1 | targets=conv1.weight:0.949074;conv2.weight:0.949978;conv3.weight:0.949992;fc1.weight:0.949999
Round 005 | train_loss=2.2227 | test_loss=2.3110 | test_acc=0.1000 | sparsity=0.9500 | cka=0 | targets=conv1.weight:0.949074;conv2.weight:0.949978;conv3.weight:0.949992;fc1.weight:0.949999
Round 006 | train_loss=2.2249 | test_loss=2.3129 | test_acc=0.1000 | sparsity=0.9500 | cka=1 | targets=conv1.weight:0.949074;conv2.weight:0.949978;conv3.weight:0.949992;fc1.weight:0.949999
Round 007 | train_loss=2.2265 | test_loss=2.3149 | test_acc=0.1000 | sparsity=0.9500 | cka=0 | targets=conv1.weight:0.949074;conv2.weight:0.949978;conv3.weight:0.949992;fc1.weight:0.949999
Round 008 | train_loss=2.2282 | test_loss=2.3166 | test_acc=0.1000 | sparsity=0.9500 | cka=1 | targets=conv1.weight:0.949074;conv2.weight:0.949978;conv3.weight:0.949992;fc1.weight:0.949999
Round 009 | train_loss=2.2305 | test_loss=2.3182 | test_acc=0.1000 | sparsity=0.9500 | cka=0 | targets=conv1.weight:0.949074;conv2.weight:0.949978;conv3.weight:0.949992;fc1.weight:0.949999
Round 010 | train_loss=2.2319 | test_loss=2.3196 | test_acc=0.1000 | sparsity=0.9500 | cka=1 | targets=conv1.weight:0.949074;conv2.weight:0.949978;conv3.weight:0.949992;fc1.weight:0.949999
Round 011 | train_loss=2.2326 | test_loss=2.3209 | test_acc=0.1000 | sparsity=0.9500 | cka=0 | targets=conv1.weight:0.949074;conv2.weight:0.949978;conv3.weight:0.949992;fc1.weight:0.949999
Round 012 | train_loss=2.2334 | test_loss=2.3220 | test_acc=0.1000 | sparsity=0.9500 | cka=1 | targets=conv1.weight:0.949074;conv2.weight:0.949978;conv3.weight:0.949992;fc1.weight:0.949999
Round 013 | train_loss=2.2353 | test_loss=2.3231 | test_acc=0.1000 | sparsity=0.9500 | cka=0 | targets=conv1.weight:0.949074;conv2.weight:0.949978;conv3.weight:0.949992;fc1.weight:0.949999
Round 014 | train_loss=2.2362 | test_loss=2.3240 | test_acc=0.1000 | sparsity=0.9500 | cka=1 | targets=conv1.weight:0.949074;conv2.weight:0.949978;conv3.weight:0.949992;fc1.weight:0.949999
Round 015 | train_loss=2.2355 | test_loss=2.3249 | test_acc=0.1000 | sparsity=0.9500 | cka=0 | targets=conv1.weight:0.949074;conv2.weight:0.949978;conv3.weight:0.949992;fc1.weight:0.949999
Round 016 | train_loss=2.2355 | test_loss=2.3256 | test_acc=0.1000 | sparsity=0.9500 | cka=1 | targets=conv1.weight:0.949074;conv2.weight:0.949978;conv3.weight:0.949992;fc1.weight:0.949999
Round 017 | train_loss=2.2377 | test_loss=2.3262 | test_acc=0.1000 | sparsity=0.9500 | cka=0 | targets=conv1.weight:0.949074;conv2.weight:0.949978;conv3.weight:0.949992;fc1.weight:0.949999
Round 018 | train_loss=2.2379 | test_loss=2.3268 | test_acc=0.1000 | sparsity=0.9500 | cka=1 | targets=conv1.weight:0.949074;conv2.weight:0.949978;conv3.weight:0.949992;fc1.weight:0.949999
Round 019 | train_loss=2.2356 | test_loss=2.3274 | test_acc=0.1000 | sparsity=0.9500 | cka=0 | targets=conv1.weight:0.949074;conv2.weight:0.949978;conv3.weight:0.949992;fc1.weight:0.949999
Round 020 | train_loss=2.2344 | test_loss=2.3278 | test_acc=0.1000 | sparsity=0.9500 | cka=1 | targets=conv1.weight:0.949074;conv2.weight:0.949978;conv3.weight:0.949992;fc1.weight:0.949999
Saved training log to: results/logs/cka_strength_sweep/cifar10_cka_strength_fixed_5605137/strength_0p8/seed_100/cka_feddst_cifar10_clients5_alpha0.3_sparsity0.95_cka0.8_seed100_20260802_000442.csv
Saved CKA log to: results/logs/cka_strength_sweep/cifar10_cka_strength_fixed_5605137/strength_0p8/seed_100/cka_feddst_cifar10_clients5_alpha0.3_sparsity0.95_cka0.8_seed100_20260802_000442_cka.csv

[Run 76/125] suite=cka_strength method=cka_feddst seed=42 sparsity=0.5 cka_strength=0.9
Output log dir: results/logs/cka_strength_sweep/cifar10_cka_strength_fixed_5605137/strength_0p9/seed_42
Command: /mnt/aiongpfs/users/dsen/micromamba/envs/cka-cifar/bin/python -m src.train --global-config configs/global_cifar10.yaml --config configs/cka_feddst_mnist.yaml --seed 42 --sparsity 0.5 --cka-strength 0.9 --log-dir results/logs/cka_strength_sweep/cifar10_cka_strength_fixed_5605137/strength_0p9/seed_42 --checkpoint-dir results/checkpoints/cka_strength_sweep/cifar10_cka_strength_fixed_5605137/strength_0p9/seed_42 --plot-dir results/plots/cka_strength_sweep/cifar10_cka_strength_fixed_5605137
Final merged configuration:
alpha: 0.3
batch_size: 64
checkpoint_dir: results/checkpoints/cka_strength_sweep/cifar10_cka_strength_fixed_5605137/strength_0p9/seed_42
cka_interval: 2
cka_layers:
- conv1
- conv2
- conv3
- fc1
cka_max_sparsity: 0.95
cka_min_sparsity: 0.5
cka_strength: 0.9
data_check: false
data_dir: data
dataset: cifar10
device: auto
disable_cudnn: true
dry_run: false
eval_interval: 1
experiment_config_path: configs/cka_feddst_mnist.yaml
global_config_path: configs/global_cifar10.yaml
local_epochs: 1
log_cka: false
log_dir: results/logs/cka_strength_sweep/cifar10_cka_strength_fixed_5605137/strength_0p9/seed_42
lr: 0.01
mask_update_interval: 2
method: cka_feddst
model: cifar_cnn
num_clients: 5
num_workers: 2
output_dir: results
plot_dir: results/plots/cka_strength_sweep/cifar10_cka_strength_fixed_5605137
prune_fraction: 0.2
reference_size: 500
regrowth_method: gradient
rounds: 20
save_checkpoint: false
seed: 42
sparsity: 0.5
sparsity_init: random
split_dir: null
Saved merged config to: results/logs/cka_strength_sweep/cifar10_cka_strength_fixed_5605137/strength_0p9/seed_42/cka_feddst_cifar10_clients5_alpha0.3_sparsity0.5_cka0.9_seed42_20260802_001227_config.yaml
cuDNN disabled for this run.
Client label distributions:
  client 00: n= 6173, labels=[449, 1577, 16, 53, 288, 1254, 18, 319, 1561, 638]
  client 01: n= 6712, labels=[388, 41, 1016, 674, 619, 293, 705, 1884, 2, 1090]
  client 02: n= 6610, labels=[14, 2050, 564, 1192, 934, 206, 33, 1318, 147, 152]
  client 03: n=12351, labels=[4094, 1282, 465, 1114, 4, 0, 3603, 1424, 313, 52]
  client 04: n=17654, labels=[5, 0, 2889, 1917, 3105, 3197, 591, 5, 2927, 3018]
Initial sparsity | total=0.5000 | active=309936/619872
Layer sparsity | conv1.weight:0.525463;conv2.weight:0.501519;conv3.weight:0.496962;fc1.weight:0.500244;fc2.weight:0.517969
Round 001 | train_loss=2.0918 | test_loss=2.2846 | test_acc=0.1524 | sparsity=0.5000 | cka=0 | targets=
Round 002 | train_loss=1.8567 | test_loss=2.3521 | test_acc=0.1577 | sparsity=0.5001 | cka=1 | targets=conv1.weight:0.500000;conv2.weight:0.500000;conv3.weight:0.500000;fc1.weight:0.500000
Round 003 | train_loss=1.8052 | test_loss=2.4403 | test_acc=0.1591 | sparsity=0.5001 | cka=0 | targets=conv1.weight:0.500000;conv2.weight:0.500000;conv3.weight:0.500000;fc1.weight:0.500000
Round 004 | train_loss=1.7868 | test_loss=2.3911 | test_acc=0.1754 | sparsity=0.5001 | cka=1 | targets=conv1.weight:0.500000;conv2.weight:0.500000;conv3.weight:0.500000;fc1.weight:0.500000
Round 005 | train_loss=1.7760 | test_loss=2.4274 | test_acc=0.1820 | sparsity=0.5001 | cka=0 | targets=conv1.weight:0.500000;conv2.weight:0.500000;conv3.weight:0.500000;fc1.weight:0.500000
Round 006 | train_loss=1.7556 | test_loss=2.4417 | test_acc=0.1920 | sparsity=0.5001 | cka=1 | targets=conv1.weight:0.500000;conv2.weight:0.500000;conv3.weight:0.500000;fc1.weight:0.500000
Round 007 | train_loss=1.7513 | test_loss=2.4010 | test_acc=0.1929 | sparsity=0.5001 | cka=0 | targets=conv1.weight:0.500000;conv2.weight:0.500000;conv3.weight:0.500000;fc1.weight:0.500000
Round 008 | train_loss=1.7316 | test_loss=2.4184 | test_acc=0.1941 | sparsity=0.5001 | cka=1 | targets=conv1.weight:0.500000;conv2.weight:0.500000;conv3.weight:0.500000;fc1.weight:0.500000
Round 009 | train_loss=1.7120 | test_loss=2.3988 | test_acc=0.2239 | sparsity=0.5001 | cka=0 | targets=conv1.weight:0.500000;conv2.weight:0.500000;conv3.weight:0.500000;fc1.weight:0.500000
Round 010 | train_loss=1.6881 | test_loss=2.4113 | test_acc=0.2196 | sparsity=0.5001 | cka=1 | targets=conv1.weight:0.500000;conv2.weight:0.500000;conv3.weight:0.500000;fc1.weight:0.500000
Round 011 | train_loss=1.6841 | test_loss=2.2289 | test_acc=0.2264 | sparsity=0.5001 | cka=0 | targets=conv1.weight:0.500000;conv2.weight:0.500000;conv3.weight:0.500000;fc1.weight:0.500000
Round 012 | train_loss=1.6421 | test_loss=2.2394 | test_acc=0.2371 | sparsity=0.5001 | cka=1 | targets=conv1.weight:0.500000;conv2.weight:0.500000;conv3.weight:0.500000;fc1.weight:0.500000
Round 013 | train_loss=1.5998 | test_loss=2.2038 | test_acc=0.2445 | sparsity=0.5001 | cka=0 | targets=conv1.weight:0.500000;conv2.weight:0.500000;conv3.weight:0.500000;fc1.weight:0.500000
Round 014 | train_loss=1.5611 | test_loss=2.1487 | test_acc=0.2551 | sparsity=0.5001 | cka=1 | targets=conv1.weight:0.500000;conv2.weight:0.500000;conv3.weight:0.500000;fc1.weight:0.500000
Round 015 | train_loss=1.5521 | test_loss=2.0823 | test_acc=0.2549 | sparsity=0.5001 | cka=0 | targets=conv1.weight:0.500000;conv2.weight:0.500000;conv3.weight:0.500000;fc1.weight:0.500000
Round 016 | train_loss=1.5137 | test_loss=2.0607 | test_acc=0.2598 | sparsity=0.5001 | cka=1 | targets=conv1.weight:0.500000;conv2.weight:0.500000;conv3.weight:0.500000;fc1.weight:0.500000
Round 017 | train_loss=1.4840 | test_loss=2.0316 | test_acc=0.2719 | sparsity=0.5001 | cka=0 | targets=conv1.weight:0.500000;conv2.weight:0.500000;conv3.weight:0.500000;fc1.weight:0.500000
Round 018 | train_loss=1.4657 | test_loss=2.0151 | test_acc=0.2787 | sparsity=0.5001 | cka=1 | targets=conv1.weight:0.500000;conv2.weight:0.500000;conv3.weight:0.500000;fc1.weight:0.500000
Round 019 | train_loss=1.4561 | test_loss=1.9594 | test_acc=0.2882 | sparsity=0.5001 | cka=0 | targets=conv1.weight:0.500000;conv2.weight:0.500000;conv3.weight:0.500000;fc1.weight:0.500000
Round 020 | train_loss=1.4340 | test_loss=1.9596 | test_acc=0.2913 | sparsity=0.5001 | cka=1 | targets=conv1.weight:0.500000;conv2.weight:0.500000;conv3.weight:0.500000;fc1.weight:0.500000
Saved training log to: results/logs/cka_strength_sweep/cifar10_cka_strength_fixed_5605137/strength_0p9/seed_42/cka_feddst_cifar10_clients5_alpha0.3_sparsity0.5_cka0.9_seed42_20260802_001227.csv
Saved CKA log to: results/logs/cka_strength_sweep/cifar10_cka_strength_fixed_5605137/strength_0p9/seed_42/cka_feddst_cifar10_clients5_alpha0.3_sparsity0.5_cka0.9_seed42_20260802_001227_cka.csv

[Run 77/125] suite=cka_strength method=cka_feddst seed=42 sparsity=0.7 cka_strength=0.9
Output log dir: results/logs/cka_strength_sweep/cifar10_cka_strength_fixed_5605137/strength_0p9/seed_42
Command: /mnt/aiongpfs/users/dsen/micromamba/envs/cka-cifar/bin/python -m src.train --global-config configs/global_cifar10.yaml --config configs/cka_feddst_mnist.yaml --seed 42 --sparsity 0.7 --cka-strength 0.9 --log-dir results/logs/cka_strength_sweep/cifar10_cka_strength_fixed_5605137/strength_0p9/seed_42 --checkpoint-dir results/checkpoints/cka_strength_sweep/cifar10_cka_strength_fixed_5605137/strength_0p9/seed_42 --plot-dir results/plots/cka_strength_sweep/cifar10_cka_strength_fixed_5605137
Final merged configuration:
alpha: 0.3
batch_size: 64
checkpoint_dir: results/checkpoints/cka_strength_sweep/cifar10_cka_strength_fixed_5605137/strength_0p9/seed_42
cka_interval: 2
cka_layers:
- conv1
- conv2
- conv3
- fc1
cka_max_sparsity: 0.95
cka_min_sparsity: 0.5
cka_strength: 0.9
data_check: false
data_dir: data
dataset: cifar10
device: auto
disable_cudnn: true
dry_run: false
eval_interval: 1
experiment_config_path: configs/cka_feddst_mnist.yaml
global_config_path: configs/global_cifar10.yaml
local_epochs: 1
log_cka: false
log_dir: results/logs/cka_strength_sweep/cifar10_cka_strength_fixed_5605137/strength_0p9/seed_42
lr: 0.01
mask_update_interval: 2
method: cka_feddst
model: cifar_cnn
num_clients: 5
num_workers: 2
output_dir: results
plot_dir: results/plots/cka_strength_sweep/cifar10_cka_strength_fixed_5605137
prune_fraction: 0.2
reference_size: 500
regrowth_method: gradient
rounds: 20
save_checkpoint: false
seed: 42
sparsity: 0.7
sparsity_init: random
split_dir: null
Saved merged config to: results/logs/cka_strength_sweep/cifar10_cka_strength_fixed_5605137/strength_0p9/seed_42/cka_feddst_cifar10_clients5_alpha0.3_sparsity0.7_cka0.9_seed42_20260802_002008_config.yaml
cuDNN disabled for this run.
Client label distributions:
  client 00: n= 6173, labels=[449, 1577, 16, 53, 288, 1254, 18, 319, 1561, 638]
  client 01: n= 6712, labels=[388, 41, 1016, 674, 619, 293, 705, 1884, 2, 1090]
  client 02: n= 6610, labels=[14, 2050, 564, 1192, 934, 206, 33, 1318, 147, 152]
  client 03: n=12351, labels=[4094, 1282, 465, 1114, 4, 0, 3603, 1424, 313, 52]
  client 04: n=17654, labels=[5, 0, 2889, 1917, 3105, 3197, 591, 5, 2927, 3018]
Initial sparsity | total=0.7000 | active=185962/619872
Layer sparsity | conv1.weight:0.722222;conv2.weight:0.700955;conv3.weight:0.698893;fc1.weight:0.700014;fc2.weight:0.714453
Round 001 | train_loss=2.2264 | test_loss=2.3020 | test_acc=0.1002 | sparsity=0.7000 | cka=0 | targets=
Round 002 | train_loss=2.1997 | test_loss=2.2987 | test_acc=0.1323 | sparsity=0.7001 | cka=1 | targets=conv1.weight:0.694444;conv2.weight:0.694173;conv3.weight:0.695204;fc1.weight:0.700888
Round 003 | train_loss=1.9832 | test_loss=2.3018 | test_acc=0.1570 | sparsity=0.7001 | cka=0 | targets=conv1.weight:0.694444;conv2.weight:0.694173;conv3.weight:0.695204;fc1.weight:0.700888
Round 004 | train_loss=1.8286 | test_loss=2.2873 | test_acc=0.1503 | sparsity=0.7001 | cka=1 | targets=conv1.weight:0.699074;conv2.weight:0.698513;conv3.weight:0.698513;fc1.weight:0.700262
Round 005 | train_loss=1.8297 | test_loss=2.3736 | test_acc=0.1579 | sparsity=0.7001 | cka=0 | targets=conv1.weight:0.699074;conv2.weight:0.698513;conv3.weight:0.698513;fc1.weight:0.700262
Round 006 | train_loss=1.7902 | test_loss=2.3930 | test_acc=0.1683 | sparsity=0.7001 | cka=1 | targets=conv1.weight:0.697917;conv2.weight:0.698025;conv3.weight:0.698039;fc1.weight:0.700348
Round 007 | train_loss=1.7818 | test_loss=2.4590 | test_acc=0.1603 | sparsity=0.7001 | cka=0 | targets=conv1.weight:0.697917;conv2.weight:0.698025;conv3.weight:0.698039;fc1.weight:0.700348
Round 008 | train_loss=1.7713 | test_loss=2.4489 | test_acc=0.1664 | sparsity=0.7001 | cka=1 | targets=conv1.weight:0.696759;conv2.weight:0.696398;conv3.weight:0.696438;fc1.weight:0.700632
Round 009 | train_loss=1.7629 | test_loss=2.4324 | test_acc=0.1885 | sparsity=0.7001 | cka=0 | targets=conv1.weight:0.696759;conv2.weight:0.696398;conv3.weight:0.696438;fc1.weight:0.700632
Round 010 | train_loss=1.7509 | test_loss=2.4785 | test_acc=0.1784 | sparsity=0.7001 | cka=1 | targets=conv1.weight:0.696759;conv2.weight:0.697103;conv3.weight:0.697089;fc1.weight:0.700516
Round 011 | train_loss=1.7484 | test_loss=2.3840 | test_acc=0.1852 | sparsity=0.7001 | cka=0 | targets=conv1.weight:0.696759;conv2.weight:0.697103;conv3.weight:0.697089;fc1.weight:0.700516
Round 012 | train_loss=1.7340 | test_loss=2.4305 | test_acc=0.1876 | sparsity=0.7001 | cka=1 | targets=conv1.weight:0.695602;conv2.weight:0.696615;conv3.weight:0.696696;fc1.weight:0.700590
Round 013 | train_loss=1.7234 | test_loss=2.4005 | test_acc=0.2099 | sparsity=0.7001 | cka=0 | targets=conv1.weight:0.695602;conv2.weight:0.696615;conv3.weight:0.696696;fc1.weight:0.700590
Round 014 | train_loss=1.7113 | test_loss=2.3933 | test_acc=0.2100 | sparsity=0.7001 | cka=1 | targets=conv1.weight:0.696759;conv2.weight:0.697049;conv3.weight:0.697089;fc1.weight:0.700518
Round 015 | train_loss=1.7055 | test_loss=2.3762 | test_acc=0.2103 | sparsity=0.7001 | cka=0 | targets=conv1.weight:0.696759;conv2.weight:0.697049;conv3.weight:0.697089;fc1.weight:0.700518
Round 016 | train_loss=1.6802 | test_loss=2.3538 | test_acc=0.2124 | sparsity=0.7001 | cka=1 | targets=conv1.weight:0.690972;conv2.weight:0.693522;conv3.weight:0.695597;fc1.weight:0.700861
Round 017 | train_loss=1.6588 | test_loss=2.3339 | test_acc=0.2256 | sparsity=0.7001 | cka=0 | targets=conv1.weight:0.690972;conv2.weight:0.693522;conv3.weight:0.695597;fc1.weight:0.700861
Round 018 | train_loss=1.6263 | test_loss=2.2684 | test_acc=0.2307 | sparsity=0.7001 | cka=1 | targets=conv1.weight:0.694444;conv2.weight:0.695150;conv3.weight:0.695869;fc1.weight:0.700760
Round 019 | train_loss=1.6039 | test_loss=2.1887 | test_acc=0.2338 | sparsity=0.7001 | cka=0 | targets=conv1.weight:0.694444;conv2.weight:0.695150;conv3.weight:0.695869;fc1.weight:0.700760
Round 020 | train_loss=1.5788 | test_loss=2.1982 | test_acc=0.2367 | sparsity=0.7001 | cka=1 | targets=conv1.weight:0.692130;conv2.weight:0.694336;conv3.weight:0.694567;fc1.weight:0.700975
Saved training log to: results/logs/cka_strength_sweep/cifar10_cka_strength_fixed_5605137/strength_0p9/seed_42/cka_feddst_cifar10_clients5_alpha0.3_sparsity0.7_cka0.9_seed42_20260802_002008.csv
Saved CKA log to: results/logs/cka_strength_sweep/cifar10_cka_strength_fixed_5605137/strength_0p9/seed_42/cka_feddst_cifar10_clients5_alpha0.3_sparsity0.7_cka0.9_seed42_20260802_002008_cka.csv

[Run 78/125] suite=cka_strength method=cka_feddst seed=42 sparsity=0.8 cka_strength=0.9
Output log dir: results/logs/cka_strength_sweep/cifar10_cka_strength_fixed_5605137/strength_0p9/seed_42
Command: /mnt/aiongpfs/users/dsen/micromamba/envs/cka-cifar/bin/python -m src.train --global-config configs/global_cifar10.yaml --config configs/cka_feddst_mnist.yaml --seed 42 --sparsity 0.8 --cka-strength 0.9 --log-dir results/logs/cka_strength_sweep/cifar10_cka_strength_fixed_5605137/strength_0p9/seed_42 --checkpoint-dir results/checkpoints/cka_strength_sweep/cifar10_cka_strength_fixed_5605137/strength_0p9/seed_42 --plot-dir results/plots/cka_strength_sweep/cifar10_cka_strength_fixed_5605137
Final merged configuration:
alpha: 0.3
batch_size: 64
checkpoint_dir: results/checkpoints/cka_strength_sweep/cifar10_cka_strength_fixed_5605137/strength_0p9/seed_42
cka_interval: 2
cka_layers:
- conv1
- conv2
- conv3
- fc1
cka_max_sparsity: 0.95
cka_min_sparsity: 0.5
cka_strength: 0.9
data_check: false
data_dir: data
dataset: cifar10
device: auto
disable_cudnn: true
dry_run: false
eval_interval: 1
experiment_config_path: configs/cka_feddst_mnist.yaml
global_config_path: configs/global_cifar10.yaml
local_epochs: 1
log_cka: false
log_dir: results/logs/cka_strength_sweep/cifar10_cka_strength_fixed_5605137/strength_0p9/seed_42
lr: 0.01
mask_update_interval: 2
method: cka_feddst
model: cifar_cnn
num_clients: 5
num_workers: 2
output_dir: results
plot_dir: results/plots/cka_strength_sweep/cifar10_cka_strength_fixed_5605137
prune_fraction: 0.2
reference_size: 500
regrowth_method: gradient
rounds: 20
save_checkpoint: false
seed: 42
sparsity: 0.8
sparsity_init: random
split_dir: null
Saved merged config to: results/logs/cka_strength_sweep/cifar10_cka_strength_fixed_5605137/strength_0p9/seed_42/cka_feddst_cifar10_clients5_alpha0.3_sparsity0.8_cka0.9_seed42_20260802_002750_config.yaml
cuDNN disabled for this run.
Client label distributions:
  client 00: n= 6173, labels=[449, 1577, 16, 53, 288, 1254, 18, 319, 1561, 638]
  client 01: n= 6712, labels=[388, 41, 1016, 674, 619, 293, 705, 1884, 2, 1090]
  client 02: n= 6610, labels=[14, 2050, 564, 1192, 934, 206, 33, 1318, 147, 152]
  client 03: n=12351, labels=[4094, 1282, 465, 1114, 4, 0, 3603, 1424, 313, 52]
  client 04: n=17654, labels=[5, 0, 2889, 1917, 3105, 3197, 591, 5, 2927, 3018]
Initial sparsity | total=0.8000 | active=123974/619872
Layer sparsity | conv1.weight:0.818287;conv2.weight:0.798177;conv3.weight:0.798815;fc1.weight:0.800186;fc2.weight:0.803125
Round 001 | train_loss=2.2321 | test_loss=2.3030 | test_acc=0.1000 | sparsity=0.8000 | cka=0 | targets=
Round 002 | train_loss=2.2317 | test_loss=2.3036 | test_acc=0.1000 | sparsity=0.8000 | cka=1 | targets=conv1.weight:0.798611;conv2.weight:0.797852;conv3.weight:0.797919;fc1.weight:0.800371
Round 003 | train_loss=2.2148 | test_loss=2.3025 | test_acc=0.1155 | sparsity=0.8000 | cka=0 | targets=conv1.weight:0.798611;conv2.weight:0.797852;conv3.weight:0.797919;fc1.weight:0.800371
Round 004 | train_loss=2.0784 | test_loss=2.3012 | test_acc=0.1635 | sparsity=0.8000 | cka=1 | targets=conv1.weight:0.799769;conv2.weight:0.799425;conv3.weight:0.799452;fc1.weight:0.800098
Round 005 | train_loss=1.9347 | test_loss=2.3200 | test_acc=0.1491 | sparsity=0.8000 | cka=0 | targets=conv1.weight:0.799769;conv2.weight:0.799425;conv3.weight:0.799452;fc1.weight:0.800098
Round 006 | train_loss=1.8181 | test_loss=2.3862 | test_acc=0.1634 | sparsity=0.8000 | cka=1 | targets=conv1.weight:0.798611;conv2.weight:0.799316;conv3.weight:0.799303;fc1.weight:0.800125
Round 007 | train_loss=1.7994 | test_loss=2.4594 | test_acc=0.1545 | sparsity=0.8000 | cka=0 | targets=conv1.weight:0.798611;conv2.weight:0.799316;conv3.weight:0.799303;fc1.weight:0.800125
Round 008 | train_loss=1.7879 | test_loss=2.4306 | test_acc=0.1615 | sparsity=0.8000 | cka=1 | targets=conv1.weight:0.798611;conv2.weight:0.798774;conv3.weight:0.798760;fc1.weight:0.800220
Round 009 | train_loss=1.7807 | test_loss=2.4225 | test_acc=0.1802 | sparsity=0.8000 | cka=0 | targets=conv1.weight:0.798611;conv2.weight:0.798774;conv3.weight:0.798760;fc1.weight:0.800220
Round 010 | train_loss=1.7696 | test_loss=2.4434 | test_acc=0.1731 | sparsity=0.8000 | cka=1 | targets=conv1.weight:0.797454;conv2.weight:0.797852;conv3.weight:0.797852;fc1.weight:0.800383
Round 011 | train_loss=1.7665 | test_loss=2.3960 | test_acc=0.1862 | sparsity=0.8000 | cka=0 | targets=conv1.weight:0.797454;conv2.weight:0.797852;conv3.weight:0.797852;fc1.weight:0.800383
Round 012 | train_loss=1.7550 | test_loss=2.3778 | test_acc=0.1864 | sparsity=0.8000 | cka=1 | targets=conv1.weight:0.797454;conv2.weight:0.797363;conv3.weight:0.797363;fc1.weight:0.800468
Round 013 | train_loss=1.7466 | test_loss=2.3970 | test_acc=0.1965 | sparsity=0.8000 | cka=0 | targets=conv1.weight:0.797454;conv2.weight:0.797363;conv3.weight:0.797363;fc1.weight:0.800468
Round 014 | train_loss=1.7373 | test_loss=2.3874 | test_acc=0.1993 | sparsity=0.8000 | cka=1 | targets=conv1.weight:0.796296;conv2.weight:0.796875;conv3.weight:0.796875;fc1.weight:0.800556
Round 015 | train_loss=1.7364 | test_loss=2.4209 | test_acc=0.1993 | sparsity=0.8000 | cka=0 | targets=conv1.weight:0.796296;conv2.weight:0.796875;conv3.weight:0.796875;fc1.weight:0.800556
Round 016 | train_loss=1.7231 | test_loss=2.3670 | test_acc=0.2033 | sparsity=0.8000 | cka=1 | targets=conv1.weight:0.796296;conv2.weight:0.796332;conv3.weight:0.796332;fc1.weight:0.800652
Round 017 | train_loss=1.7171 | test_loss=2.3983 | test_acc=0.2040 | sparsity=0.8000 | cka=0 | targets=conv1.weight:0.796296;conv2.weight:0.796332;conv3.weight:0.796332;fc1.weight:0.800652
Round 018 | train_loss=1.7081 | test_loss=2.3874 | test_acc=0.2074 | sparsity=0.8000 | cka=1 | targets=conv1.weight:0.796296;conv2.weight:0.796332;conv3.weight:0.796400;fc1.weight:0.800642
Round 019 | train_loss=1.7057 | test_loss=2.3748 | test_acc=0.2070 | sparsity=0.8000 | cka=0 | targets=conv1.weight:0.796296;conv2.weight:0.796332;conv3.weight:0.796400;fc1.weight:0.800642
Round 020 | train_loss=1.6924 | test_loss=2.3184 | test_acc=0.2140 | sparsity=0.8000 | cka=1 | targets=conv1.weight:0.795139;conv2.weight:0.796170;conv3.weight:0.796292;fc1.weight:0.800665
Saved training log to: results/logs/cka_strength_sweep/cifar10_cka_strength_fixed_5605137/strength_0p9/seed_42/cka_feddst_cifar10_clients5_alpha0.3_sparsity0.8_cka0.9_seed42_20260802_002750.csv
Saved CKA log to: results/logs/cka_strength_sweep/cifar10_cka_strength_fixed_5605137/strength_0p9/seed_42/cka_feddst_cifar10_clients5_alpha0.3_sparsity0.8_cka0.9_seed42_20260802_002750_cka.csv

[Run 79/125] suite=cka_strength method=cka_feddst seed=42 sparsity=0.9 cka_strength=0.9
Output log dir: results/logs/cka_strength_sweep/cifar10_cka_strength_fixed_5605137/strength_0p9/seed_42
Command: /mnt/aiongpfs/users/dsen/micromamba/envs/cka-cifar/bin/python -m src.train --global-config configs/global_cifar10.yaml --config configs/cka_feddst_mnist.yaml --seed 42 --sparsity 0.9 --cka-strength 0.9 --log-dir results/logs/cka_strength_sweep/cifar10_cka_strength_fixed_5605137/strength_0p9/seed_42 --checkpoint-dir results/checkpoints/cka_strength_sweep/cifar10_cka_strength_fixed_5605137/strength_0p9/seed_42 --plot-dir results/plots/cka_strength_sweep/cifar10_cka_strength_fixed_5605137
Final merged configuration:
alpha: 0.3
batch_size: 64
checkpoint_dir: results/checkpoints/cka_strength_sweep/cifar10_cka_strength_fixed_5605137/strength_0p9/seed_42
cka_interval: 2
cka_layers:
- conv1
- conv2
- conv3
- fc1
cka_max_sparsity: 0.95
cka_min_sparsity: 0.5
cka_strength: 0.9
data_check: false
data_dir: data
dataset: cifar10
device: auto
disable_cudnn: true
dry_run: false
eval_interval: 1
experiment_config_path: configs/cka_feddst_mnist.yaml
global_config_path: configs/global_cifar10.yaml
local_epochs: 1
log_cka: false
log_dir: results/logs/cka_strength_sweep/cifar10_cka_strength_fixed_5605137/strength_0p9/seed_42
lr: 0.01
mask_update_interval: 2
method: cka_feddst
model: cifar_cnn
num_clients: 5
num_workers: 2
output_dir: results
plot_dir: results/plots/cka_strength_sweep/cifar10_cka_strength_fixed_5605137
prune_fraction: 0.2
reference_size: 500
regrowth_method: gradient
rounds: 20
save_checkpoint: false
seed: 42
sparsity: 0.9
sparsity_init: random
split_dir: null
Saved merged config to: results/logs/cka_strength_sweep/cifar10_cka_strength_fixed_5605137/strength_0p9/seed_42/cka_feddst_cifar10_clients5_alpha0.3_sparsity0.9_cka0.9_seed42_20260802_003529_config.yaml
cuDNN disabled for this run.
Client label distributions:
  client 00: n= 6173, labels=[449, 1577, 16, 53, 288, 1254, 18, 319, 1561, 638]
  client 01: n= 6712, labels=[388, 41, 1016, 674, 619, 293, 705, 1884, 2, 1090]
  client 02: n= 6610, labels=[14, 2050, 564, 1192, 934, 206, 33, 1318, 147, 152]
  client 03: n=12351, labels=[4094, 1282, 465, 1114, 4, 0, 3603, 1424, 313, 52]
  client 04: n=17654, labels=[5, 0, 2889, 1917, 3105, 3197, 591, 5, 2927, 3018]
Initial sparsity | total=0.9000 | active=61987/619872
Layer sparsity | conv1.weight:0.895833;conv2.weight:0.898872;conv3.weight:0.897461;fc1.weight:0.900391;fc2.weight:0.902734
Round 001 | train_loss=2.2342 | test_loss=2.3031 | test_acc=0.1000 | sparsity=0.9000 | cka=0 | targets=
Round 002 | train_loss=2.2346 | test_loss=2.3037 | test_acc=0.1000 | sparsity=0.9000 | cka=1 | targets=conv1.weight:0.900463;conv2.weight:0.899740;conv3.weight:0.899753;fc1.weight:0.900043
Round 003 | train_loss=2.2348 | test_loss=2.3047 | test_acc=0.1000 | sparsity=0.9000 | cka=0 | targets=conv1.weight:0.900463;conv2.weight:0.899740;conv3.weight:0.899753;fc1.weight:0.900043
Round 004 | train_loss=2.2355 | test_loss=2.3057 | test_acc=0.1000 | sparsity=0.9000 | cka=1 | targets=conv1.weight:0.898148;conv2.weight:0.897949;conv3.weight:0.897990;fc1.weight:0.900358
Round 005 | train_loss=2.2372 | test_loss=2.3069 | test_acc=0.1000 | sparsity=0.9000 | cka=0 | targets=conv1.weight:0.898148;conv2.weight:0.897949;conv3.weight:0.897990;fc1.weight:0.900358
Round 006 | train_loss=2.2382 | test_loss=2.3080 | test_acc=0.1024 | sparsity=0.9000 | cka=1 | targets=conv1.weight:0.899306;conv2.weight:0.899251;conv3.weight:0.899292;fc1.weight:0.900127
Round 007 | train_loss=2.2383 | test_loss=2.3091 | test_acc=0.1000 | sparsity=0.9000 | cka=0 | targets=conv1.weight:0.899306;conv2.weight:0.899251;conv3.weight:0.899292;fc1.weight:0.900127
Round 008 | train_loss=2.2384 | test_loss=2.3101 | test_acc=0.1000 | sparsity=0.9000 | cka=1 | targets=conv1.weight:0.898148;conv2.weight:0.898058;conv3.weight:0.898193;fc1.weight:0.900326
Round 009 | train_loss=2.2402 | test_loss=2.3111 | test_acc=0.1000 | sparsity=0.9000 | cka=0 | targets=conv1.weight:0.898148;conv2.weight:0.898058;conv3.weight:0.898193;fc1.weight:0.900326
Round 010 | train_loss=2.2404 | test_loss=2.3118 | test_acc=0.1000 | sparsity=0.9000 | cka=1 | targets=conv1.weight:0.899306;conv2.weight:0.899034;conv3.weight:0.899089;fc1.weight:0.900164
Round 011 | train_loss=2.2390 | test_loss=2.3127 | test_acc=0.1000 | sparsity=0.9000 | cka=0 | targets=conv1.weight:0.899306;conv2.weight:0.899034;conv3.weight:0.899089;fc1.weight:0.900164
Round 012 | train_loss=2.2368 | test_loss=2.3133 | test_acc=0.1000 | sparsity=0.9000 | cka=1 | targets=conv1.weight:0.899306;conv2.weight:0.898817;conv3.weight:0.899034;fc1.weight:0.900179
Round 013 | train_loss=2.2387 | test_loss=2.3141 | test_acc=0.1000 | sparsity=0.9000 | cka=0 | targets=conv1.weight:0.899306;conv2.weight:0.898817;conv3.weight:0.899034;fc1.weight:0.900179
Round 014 | train_loss=2.2355 | test_loss=2.3147 | test_acc=0.1000 | sparsity=0.9000 | cka=1 | targets=conv1.weight:0.899306;conv2.weight:0.899034;conv3.weight:0.899116;fc1.weight:0.900160
Round 015 | train_loss=2.2195 | test_loss=2.3159 | test_acc=0.1000 | sparsity=0.9000 | cka=0 | targets=conv1.weight:0.899306;conv2.weight:0.899034;conv3.weight:0.899116;fc1.weight:0.900160
Round 016 | train_loss=2.1270 | test_loss=2.3206 | test_acc=0.1142 | sparsity=0.9000 | cka=1 | targets=conv1.weight:0.899306;conv2.weight:0.899794;conv3.weight:0.899835;fc1.weight:0.900032
Round 017 | train_loss=1.9694 | test_loss=2.3558 | test_acc=0.1494 | sparsity=0.9000 | cka=0 | targets=conv1.weight:0.899306;conv2.weight:0.899794;conv3.weight:0.899835;fc1.weight:0.900032
Round 018 | train_loss=1.8384 | test_loss=2.3959 | test_acc=0.1346 | sparsity=0.9000 | cka=1 | targets=conv1.weight:0.899306;conv2.weight:0.899468;conv3.weight:0.899482;fc1.weight:0.900093
Round 019 | train_loss=1.8035 | test_loss=2.4643 | test_acc=0.1510 | sparsity=0.9000 | cka=0 | targets=conv1.weight:0.899306;conv2.weight:0.899468;conv3.weight:0.899482;fc1.weight:0.900093
Round 020 | train_loss=1.7843 | test_loss=2.4332 | test_acc=0.1641 | sparsity=0.9000 | cka=1 | targets=conv1.weight:0.899306;conv2.weight:0.899740;conv3.weight:0.899753;fc1.weight:0.900045
Saved training log to: results/logs/cka_strength_sweep/cifar10_cka_strength_fixed_5605137/strength_0p9/seed_42/cka_feddst_cifar10_clients5_alpha0.3_sparsity0.9_cka0.9_seed42_20260802_003529.csv
Saved CKA log to: results/logs/cka_strength_sweep/cifar10_cka_strength_fixed_5605137/strength_0p9/seed_42/cka_feddst_cifar10_clients5_alpha0.3_sparsity0.9_cka0.9_seed42_20260802_003529_cka.csv

[Run 80/125] suite=cka_strength method=cka_feddst seed=42 sparsity=0.95 cka_strength=0.9
Output log dir: results/logs/cka_strength_sweep/cifar10_cka_strength_fixed_5605137/strength_0p9/seed_42
Command: /mnt/aiongpfs/users/dsen/micromamba/envs/cka-cifar/bin/python -m src.train --global-config configs/global_cifar10.yaml --config configs/cka_feddst_mnist.yaml --seed 42 --sparsity 0.95 --cka-strength 0.9 --log-dir results/logs/cka_strength_sweep/cifar10_cka_strength_fixed_5605137/strength_0p9/seed_42 --checkpoint-dir results/checkpoints/cka_strength_sweep/cifar10_cka_strength_fixed_5605137/strength_0p9/seed_42 --plot-dir results/plots/cka_strength_sweep/cifar10_cka_strength_fixed_5605137
Final merged configuration:
alpha: 0.3
batch_size: 64
checkpoint_dir: results/checkpoints/cka_strength_sweep/cifar10_cka_strength_fixed_5605137/strength_0p9/seed_42
cka_interval: 2
cka_layers:
- conv1
- conv2
- conv3
- fc1
cka_max_sparsity: 0.95
cka_min_sparsity: 0.5
cka_strength: 0.9
data_check: false
data_dir: data
dataset: cifar10
device: auto
disable_cudnn: true
dry_run: false
eval_interval: 1
experiment_config_path: configs/cka_feddst_mnist.yaml
global_config_path: configs/global_cifar10.yaml
local_epochs: 1
log_cka: false
log_dir: results/logs/cka_strength_sweep/cifar10_cka_strength_fixed_5605137/strength_0p9/seed_42
lr: 0.01
mask_update_interval: 2
method: cka_feddst
model: cifar_cnn
num_clients: 5
num_workers: 2
output_dir: results
plot_dir: results/plots/cka_strength_sweep/cifar10_cka_strength_fixed_5605137
prune_fraction: 0.2
reference_size: 500
regrowth_method: gradient
rounds: 20
save_checkpoint: false
seed: 42
sparsity: 0.95
sparsity_init: random
split_dir: null
Saved merged config to: results/logs/cka_strength_sweep/cifar10_cka_strength_fixed_5605137/strength_0p9/seed_42/cka_feddst_cifar10_clients5_alpha0.3_sparsity0.95_cka0.9_seed42_20260802_004305_config.yaml
cuDNN disabled for this run.
Client label distributions:
  client 00: n= 6173, labels=[449, 1577, 16, 53, 288, 1254, 18, 319, 1561, 638]
  client 01: n= 6712, labels=[388, 41, 1016, 674, 619, 293, 705, 1884, 2, 1090]
  client 02: n= 6610, labels=[14, 2050, 564, 1192, 934, 206, 33, 1318, 147, 152]
  client 03: n=12351, labels=[4094, 1282, 465, 1114, 4, 0, 3603, 1424, 313, 52]
  client 04: n=17654, labels=[5, 0, 2889, 1917, 3105, 3197, 591, 5, 2927, 3018]
Initial sparsity | total=0.9500 | active=30994/619872
Layer sparsity | conv1.weight:0.946759;conv2.weight:0.948730;conv3.weight:0.948419;fc1.weight:0.950260;fc2.weight:0.952344
Round 001 | train_loss=2.2348 | test_loss=2.3030 | test_acc=0.1000 | sparsity=0.9500 | cka=0 | targets=
Round 002 | train_loss=2.2354 | test_loss=2.3037 | test_acc=0.1000 | sparsity=0.9500 | cka=1 | targets=conv1.weight:0.949074;conv2.weight:0.949978;conv3.weight:0.949992;fc1.weight:0.949999
Round 003 | train_loss=2.2361 | test_loss=2.3046 | test_acc=0.1000 | sparsity=0.9500 | cka=0 | targets=conv1.weight:0.949074;conv2.weight:0.949978;conv3.weight:0.949992;fc1.weight:0.949999
Round 004 | train_loss=2.2372 | test_loss=2.3057 | test_acc=0.1000 | sparsity=0.9500 | cka=1 | targets=conv1.weight:0.949074;conv2.weight:0.949978;conv3.weight:0.949992;fc1.weight:0.949999
Round 005 | train_loss=2.2386 | test_loss=2.3068 | test_acc=0.1000 | sparsity=0.9500 | cka=0 | targets=conv1.weight:0.949074;conv2.weight:0.949978;conv3.weight:0.949992;fc1.weight:0.949999
Round 006 | train_loss=2.2398 | test_loss=2.3079 | test_acc=0.1000 | sparsity=0.9500 | cka=1 | targets=conv1.weight:0.949074;conv2.weight:0.949978;conv3.weight:0.949992;fc1.weight:0.949999
Round 007 | train_loss=2.2407 | test_loss=2.3090 | test_acc=0.1000 | sparsity=0.9500 | cka=0 | targets=conv1.weight:0.949074;conv2.weight:0.949978;conv3.weight:0.949992;fc1.weight:0.949999
Round 008 | train_loss=2.2416 | test_loss=2.3099 | test_acc=0.1000 | sparsity=0.9500 | cka=1 | targets=conv1.weight:0.949074;conv2.weight:0.949978;conv3.weight:0.949992;fc1.weight:0.949999
Round 009 | train_loss=2.2428 | test_loss=2.3108 | test_acc=0.1000 | sparsity=0.9500 | cka=0 | targets=conv1.weight:0.949074;conv2.weight:0.949978;conv3.weight:0.949992;fc1.weight:0.949999
Round 010 | train_loss=2.2436 | test_loss=2.3116 | test_acc=0.1000 | sparsity=0.9500 | cka=1 | targets=conv1.weight:0.949074;conv2.weight:0.949978;conv3.weight:0.949992;fc1.weight:0.949999
Round 011 | train_loss=2.2439 | test_loss=2.3123 | test_acc=0.1000 | sparsity=0.9500 | cka=0 | targets=conv1.weight:0.949074;conv2.weight:0.949978;conv3.weight:0.949992;fc1.weight:0.949999
Round 012 | train_loss=2.2444 | test_loss=2.3130 | test_acc=0.1000 | sparsity=0.9500 | cka=1 | targets=conv1.weight:0.949074;conv2.weight:0.949978;conv3.weight:0.949992;fc1.weight:0.949999
Round 013 | train_loss=2.2453 | test_loss=2.3135 | test_acc=0.1000 | sparsity=0.9500 | cka=0 | targets=conv1.weight:0.949074;conv2.weight:0.949978;conv3.weight:0.949992;fc1.weight:0.949999
Round 014 | train_loss=2.2457 | test_loss=2.3140 | test_acc=0.1000 | sparsity=0.9500 | cka=1 | targets=conv1.weight:0.949074;conv2.weight:0.949978;conv3.weight:0.949992;fc1.weight:0.949999
Round 015 | train_loss=2.2454 | test_loss=2.3145 | test_acc=0.1000 | sparsity=0.9500 | cka=0 | targets=conv1.weight:0.949074;conv2.weight:0.949978;conv3.weight:0.949992;fc1.weight:0.949999
Round 016 | train_loss=2.2452 | test_loss=2.3149 | test_acc=0.1000 | sparsity=0.9500 | cka=1 | targets=conv1.weight:0.949074;conv2.weight:0.949978;conv3.weight:0.949992;fc1.weight:0.949999
Round 017 | train_loss=2.2462 | test_loss=2.3152 | test_acc=0.1000 | sparsity=0.9500 | cka=0 | targets=conv1.weight:0.949074;conv2.weight:0.949978;conv3.weight:0.949992;fc1.weight:0.949999
Round 018 | train_loss=2.2462 | test_loss=2.3155 | test_acc=0.1000 | sparsity=0.9500 | cka=1 | targets=conv1.weight:0.949074;conv2.weight:0.949978;conv3.weight:0.949992;fc1.weight:0.949999
Round 019 | train_loss=2.2449 | test_loss=2.3158 | test_acc=0.1000 | sparsity=0.9500 | cka=0 | targets=conv1.weight:0.949074;conv2.weight:0.949978;conv3.weight:0.949992;fc1.weight:0.949999
Round 020 | train_loss=2.2439 | test_loss=2.3161 | test_acc=0.1000 | sparsity=0.9500 | cka=1 | targets=conv1.weight:0.949074;conv2.weight:0.949978;conv3.weight:0.949992;fc1.weight:0.949999
Saved training log to: results/logs/cka_strength_sweep/cifar10_cka_strength_fixed_5605137/strength_0p9/seed_42/cka_feddst_cifar10_clients5_alpha0.3_sparsity0.95_cka0.9_seed42_20260802_004305.csv
Saved CKA log to: results/logs/cka_strength_sweep/cifar10_cka_strength_fixed_5605137/strength_0p9/seed_42/cka_feddst_cifar10_clients5_alpha0.3_sparsity0.95_cka0.9_seed42_20260802_004305_cka.csv

[Run 81/125] suite=cka_strength method=cka_feddst seed=7 sparsity=0.5 cka_strength=0.9
Output log dir: results/logs/cka_strength_sweep/cifar10_cka_strength_fixed_5605137/strength_0p9/seed_7
Command: /mnt/aiongpfs/users/dsen/micromamba/envs/cka-cifar/bin/python -m src.train --global-config configs/global_cifar10.yaml --config configs/cka_feddst_mnist.yaml --seed 7 --sparsity 0.5 --cka-strength 0.9 --log-dir results/logs/cka_strength_sweep/cifar10_cka_strength_fixed_5605137/strength_0p9/seed_7 --checkpoint-dir results/checkpoints/cka_strength_sweep/cifar10_cka_strength_fixed_5605137/strength_0p9/seed_7 --plot-dir results/plots/cka_strength_sweep/cifar10_cka_strength_fixed_5605137
Final merged configuration:
alpha: 0.3
batch_size: 64
checkpoint_dir: results/checkpoints/cka_strength_sweep/cifar10_cka_strength_fixed_5605137/strength_0p9/seed_7
cka_interval: 2
cka_layers:
- conv1
- conv2
- conv3
- fc1
cka_max_sparsity: 0.95
cka_min_sparsity: 0.5
cka_strength: 0.9
data_check: false
data_dir: data
dataset: cifar10
device: auto
disable_cudnn: true
dry_run: false
eval_interval: 1
experiment_config_path: configs/cka_feddst_mnist.yaml
global_config_path: configs/global_cifar10.yaml
local_epochs: 1
log_cka: false
log_dir: results/logs/cka_strength_sweep/cifar10_cka_strength_fixed_5605137/strength_0p9/seed_7
lr: 0.01
mask_update_interval: 2
method: cka_feddst
model: cifar_cnn
num_clients: 5
num_workers: 2
output_dir: results
plot_dir: results/plots/cka_strength_sweep/cifar10_cka_strength_fixed_5605137
prune_fraction: 0.2
reference_size: 500
regrowth_method: gradient
rounds: 20
save_checkpoint: false
seed: 7
sparsity: 0.5
sparsity_init: random
split_dir: null
Saved merged config to: results/logs/cka_strength_sweep/cifar10_cka_strength_fixed_5605137/strength_0p9/seed_7/cka_feddst_cifar10_clients5_alpha0.3_sparsity0.5_cka0.9_seed7_20260802_005039_config.yaml
cuDNN disabled for this run.
Client label distributions:
  client 00: n= 7681, labels=[142, 16, 5, 202, 411, 2130, 3884, 876, 12, 3]
  client 01: n= 8711, labels=[1321, 1281, 355, 76, 3165, 8, 25, 0, 1922, 558]
  client 02: n=19320, labels=[2810, 141, 3133, 4649, 1064, 2142, 26, 2148, 2915, 292]
  client 03: n= 5169, labels=[22, 3285, 1093, 5, 3, 639, 18, 41, 63, 0]
  client 04: n= 8619, labels=[655, 227, 364, 18, 307, 31, 997, 1885, 38, 4097]
Initial sparsity | total=0.5000 | active=309936/619872
Layer sparsity | conv1.weight:0.508102;conv2.weight:0.501302;conv3.weight:0.499146;fc1.weight:0.500034;fc2.weight:0.505469
Round 001 | train_loss=1.9954 | test_loss=2.2963 | test_acc=0.1211 | sparsity=0.5000 | cka=0 | targets=
Round 002 | train_loss=1.7366 | test_loss=2.3502 | test_acc=0.1232 | sparsity=0.5000 | cka=1 | targets=conv1.weight:0.500000;conv2.weight:0.500000;conv3.weight:0.500000;fc1.weight:0.500000
Round 003 | train_loss=1.6802 | test_loss=2.3642 | test_acc=0.1336 | sparsity=0.5000 | cka=0 | targets=conv1.weight:0.500000;conv2.weight:0.500000;conv3.weight:0.500000;fc1.weight:0.500000
Round 004 | train_loss=1.6558 | test_loss=2.3356 | test_acc=0.1538 | sparsity=0.5000 | cka=1 | targets=conv1.weight:0.500000;conv2.weight:0.500000;conv3.weight:0.500000;fc1.weight:0.500000
Round 005 | train_loss=1.6402 | test_loss=2.3892 | test_acc=0.1494 | sparsity=0.5000 | cka=0 | targets=conv1.weight:0.500000;conv2.weight:0.500000;conv3.weight:0.500000;fc1.weight:0.500000
Round 006 | train_loss=1.6163 | test_loss=2.4012 | test_acc=0.1541 | sparsity=0.5000 | cka=1 | targets=conv1.weight:0.500000;conv2.weight:0.500000;conv3.weight:0.500000;fc1.weight:0.500000
Round 007 | train_loss=1.6055 | test_loss=2.3134 | test_acc=0.2011 | sparsity=0.5000 | cka=0 | targets=conv1.weight:0.500000;conv2.weight:0.500000;conv3.weight:0.500000;fc1.weight:0.500000
Round 008 | train_loss=1.5723 | test_loss=2.2977 | test_acc=0.2001 | sparsity=0.5000 | cka=1 | targets=conv1.weight:0.500000;conv2.weight:0.500000;conv3.weight:0.500000;fc1.weight:0.500000
Round 009 | train_loss=1.5406 | test_loss=2.2598 | test_acc=0.2141 | sparsity=0.5000 | cka=0 | targets=conv1.weight:0.500000;conv2.weight:0.500000;conv3.weight:0.500000;fc1.weight:0.500000
Round 010 | train_loss=1.4937 | test_loss=2.3195 | test_acc=0.2084 | sparsity=0.5000 | cka=1 | targets=conv1.weight:0.500000;conv2.weight:0.500000;conv3.weight:0.500000;fc1.weight:0.500000
Round 011 | train_loss=1.4785 | test_loss=2.3698 | test_acc=0.2157 | sparsity=0.5000 | cka=0 | targets=conv1.weight:0.500000;conv2.weight:0.500000;conv3.weight:0.500000;fc1.weight:0.500000
Round 012 | train_loss=1.4356 | test_loss=2.1566 | test_acc=0.2440 | sparsity=0.5000 | cka=1 | targets=conv1.weight:0.500000;conv2.weight:0.500000;conv3.weight:0.500000;fc1.weight:0.500000
Round 013 | train_loss=1.4031 | test_loss=2.0213 | test_acc=0.2631 | sparsity=0.5000 | cka=0 | targets=conv1.weight:0.500000;conv2.weight:0.500000;conv3.weight:0.500000;fc1.weight:0.500000
Round 014 | train_loss=1.3783 | test_loss=2.0921 | test_acc=0.2480 | sparsity=0.5000 | cka=1 | targets=conv1.weight:0.500000;conv2.weight:0.500000;conv3.weight:0.500000;fc1.weight:0.500000
Round 015 | train_loss=1.3674 | test_loss=1.9429 | test_acc=0.2807 | sparsity=0.5000 | cka=0 | targets=conv1.weight:0.500000;conv2.weight:0.500000;conv3.weight:0.500000;fc1.weight:0.500000
Round 016 | train_loss=1.3377 | test_loss=2.0020 | test_acc=0.2834 | sparsity=0.5000 | cka=1 | targets=conv1.weight:0.500000;conv2.weight:0.500000;conv3.weight:0.500000;fc1.weight:0.500000
Round 017 | train_loss=1.3238 | test_loss=1.9906 | test_acc=0.2970 | sparsity=0.5000 | cka=0 | targets=conv1.weight:0.500000;conv2.weight:0.500000;conv3.weight:0.500000;fc1.weight:0.500000
Round 018 | train_loss=1.3021 | test_loss=1.9335 | test_acc=0.3141 | sparsity=0.5000 | cka=1 | targets=conv1.weight:0.500000;conv2.weight:0.500000;conv3.weight:0.500000;fc1.weight:0.500000
Round 019 | train_loss=1.2936 | test_loss=1.9832 | test_acc=0.2891 | sparsity=0.5000 | cka=0 | targets=conv1.weight:0.500000;conv2.weight:0.500000;conv3.weight:0.500000;fc1.weight:0.500000
Round 020 | train_loss=1.2753 | test_loss=1.8757 | test_acc=0.3316 | sparsity=0.5000 | cka=1 | targets=conv1.weight:0.500000;conv2.weight:0.500000;conv3.weight:0.500000;fc1.weight:0.500000
Saved training log to: results/logs/cka_strength_sweep/cifar10_cka_strength_fixed_5605137/strength_0p9/seed_7/cka_feddst_cifar10_clients5_alpha0.3_sparsity0.5_cka0.9_seed7_20260802_005039.csv
Saved CKA log to: results/logs/cka_strength_sweep/cifar10_cka_strength_fixed_5605137/strength_0p9/seed_7/cka_feddst_cifar10_clients5_alpha0.3_sparsity0.5_cka0.9_seed7_20260802_005039_cka.csv

[Run 82/125] suite=cka_strength method=cka_feddst seed=7 sparsity=0.7 cka_strength=0.9
Output log dir: results/logs/cka_strength_sweep/cifar10_cka_strength_fixed_5605137/strength_0p9/seed_7
Command: /mnt/aiongpfs/users/dsen/micromamba/envs/cka-cifar/bin/python -m src.train --global-config configs/global_cifar10.yaml --config configs/cka_feddst_mnist.yaml --seed 7 --sparsity 0.7 --cka-strength 0.9 --log-dir results/logs/cka_strength_sweep/cifar10_cka_strength_fixed_5605137/strength_0p9/seed_7 --checkpoint-dir results/checkpoints/cka_strength_sweep/cifar10_cka_strength_fixed_5605137/strength_0p9/seed_7 --plot-dir results/plots/cka_strength_sweep/cifar10_cka_strength_fixed_5605137
Final merged configuration:
alpha: 0.3
batch_size: 64
checkpoint_dir: results/checkpoints/cka_strength_sweep/cifar10_cka_strength_fixed_5605137/strength_0p9/seed_7
cka_interval: 2
cka_layers:
- conv1
- conv2
- conv3
- fc1
cka_max_sparsity: 0.95
cka_min_sparsity: 0.5
cka_strength: 0.9
data_check: false
data_dir: data
dataset: cifar10
device: auto
disable_cudnn: true
dry_run: false
eval_interval: 1
experiment_config_path: configs/cka_feddst_mnist.yaml
global_config_path: configs/global_cifar10.yaml
local_epochs: 1
log_cka: false
log_dir: results/logs/cka_strength_sweep/cifar10_cka_strength_fixed_5605137/strength_0p9/seed_7
lr: 0.01
mask_update_interval: 2
method: cka_feddst
model: cifar_cnn
num_clients: 5
num_workers: 2
output_dir: results
plot_dir: results/plots/cka_strength_sweep/cifar10_cka_strength_fixed_5605137
prune_fraction: 0.2
reference_size: 500
regrowth_method: gradient
rounds: 20
save_checkpoint: false
seed: 7
sparsity: 0.7
sparsity_init: random
split_dir: null
Saved merged config to: results/logs/cka_strength_sweep/cifar10_cka_strength_fixed_5605137/strength_0p9/seed_7/cka_feddst_cifar10_clients5_alpha0.3_sparsity0.7_cka0.9_seed7_20260802_005816_config.yaml
cuDNN disabled for this run.
Client label distributions:
  client 00: n= 7681, labels=[142, 16, 5, 202, 411, 2130, 3884, 876, 12, 3]
  client 01: n= 8711, labels=[1321, 1281, 355, 76, 3165, 8, 25, 0, 1922, 558]
  client 02: n=19320, labels=[2810, 141, 3133, 4649, 1064, 2142, 26, 2148, 2915, 292]
  client 03: n= 5169, labels=[22, 3285, 1093, 5, 3, 639, 18, 41, 63, 0]
  client 04: n= 8619, labels=[655, 227, 364, 18, 307, 31, 997, 1885, 38, 4097]
Initial sparsity | total=0.7000 | active=185962/619872
Layer sparsity | conv1.weight:0.700231;conv2.weight:0.701335;conv3.weight:0.700033;fc1.weight:0.699921;fc2.weight:0.705469
Round 001 | train_loss=2.1907 | test_loss=2.3037 | test_acc=0.1001 | sparsity=0.7000 | cka=0 | targets=
Round 002 | train_loss=2.1415 | test_loss=2.3033 | test_acc=0.1369 | sparsity=0.7000 | cka=1 | targets=conv1.weight:0.695602;conv2.weight:0.695312;conv3.weight:0.695638;fc1.weight:0.700785
Round 003 | train_loss=1.8424 | test_loss=2.3906 | test_acc=0.1072 | sparsity=0.7000 | cka=0 | targets=conv1.weight:0.695602;conv2.weight:0.695312;conv3.weight:0.695638;fc1.weight:0.700785
Round 004 | train_loss=1.7061 | test_loss=2.3034 | test_acc=0.1248 | sparsity=0.7000 | cka=1 | targets=conv1.weight:0.694444;conv2.weight:0.694933;conv3.weight:0.694973;fc1.weight:0.700893
Round 005 | train_loss=1.7092 | test_loss=2.3608 | test_acc=0.1254 | sparsity=0.7000 | cka=0 | targets=conv1.weight:0.694444;conv2.weight:0.694933;conv3.weight:0.694973;fc1.weight:0.700893
Round 006 | train_loss=1.6697 | test_loss=2.4083 | test_acc=0.1244 | sparsity=0.7000 | cka=1 | targets=conv1.weight:0.696759;conv2.weight:0.696289;conv3.weight:0.696343;fc1.weight:0.700649
Round 007 | train_loss=1.6557 | test_loss=2.3577 | test_acc=0.1560 | sparsity=0.7000 | cka=0 | targets=conv1.weight:0.696759;conv2.weight:0.696289;conv3.weight:0.696343;fc1.weight:0.700649
Round 008 | train_loss=1.6412 | test_loss=2.3978 | test_acc=0.1468 | sparsity=0.7000 | cka=1 | targets=conv1.weight:0.694444;conv2.weight:0.695150;conv3.weight:0.695204;fc1.weight:0.700853
Round 009 | train_loss=1.6327 | test_loss=2.3649 | test_acc=0.1571 | sparsity=0.7000 | cka=0 | targets=conv1.weight:0.694444;conv2.weight:0.695150;conv3.weight:0.695204;fc1.weight:0.700853
Round 010 | train_loss=1.6140 | test_loss=2.3837 | test_acc=0.1698 | sparsity=0.7000 | cka=1 | targets=conv1.weight:0.696759;conv2.weight:0.696669;conv3.weight:0.696737;fc1.weight:0.700581
Round 011 | train_loss=1.6131 | test_loss=2.3950 | test_acc=0.1651 | sparsity=0.7000 | cka=0 | targets=conv1.weight:0.696759;conv2.weight:0.696669;conv3.weight:0.696737;fc1.weight:0.700581
Round 012 | train_loss=1.5910 | test_loss=2.3703 | test_acc=0.1845 | sparsity=0.7000 | cka=1 | targets=conv1.weight:0.693287;conv2.weight:0.694173;conv3.weight:0.694539;fc1.weight:0.700983
Round 013 | train_loss=1.5795 | test_loss=2.2634 | test_acc=0.1958 | sparsity=0.7000 | cka=0 | targets=conv1.weight:0.693287;conv2.weight:0.694173;conv3.weight:0.694539;fc1.weight:0.700983
Round 014 | train_loss=1.5585 | test_loss=2.3301 | test_acc=0.2012 | sparsity=0.7000 | cka=1 | targets=conv1.weight:0.694444;conv2.weight:0.695530;conv3.weight:0.696167;fc1.weight:0.700705
Round 015 | train_loss=1.5402 | test_loss=2.1863 | test_acc=0.2073 | sparsity=0.7000 | cka=0 | targets=conv1.weight:0.694444;conv2.weight:0.695530;conv3.weight:0.696167;fc1.weight:0.700705
Round 016 | train_loss=1.4955 | test_loss=2.3454 | test_acc=0.2014 | sparsity=0.7000 | cka=1 | targets=conv1.weight:0.693287;conv2.weight:0.694227;conv3.weight:0.696167;fc1.weight:0.700752
Round 017 | train_loss=1.4742 | test_loss=2.2488 | test_acc=0.2237 | sparsity=0.7000 | cka=0 | targets=conv1.weight:0.693287;conv2.weight:0.694227;conv3.weight:0.696167;fc1.weight:0.700752
Round 018 | train_loss=1.4376 | test_loss=2.2429 | test_acc=0.2354 | sparsity=0.7000 | cka=1 | targets=conv1.weight:0.692130;conv2.weight:0.692491;conv3.weight:0.693115;fc1.weight:0.701244
Round 019 | train_loss=1.4337 | test_loss=2.5404 | test_acc=0.1875 | sparsity=0.7000 | cka=0 | targets=conv1.weight:0.692130;conv2.weight:0.692491;conv3.weight:0.693115;fc1.weight:0.701244
Round 020 | train_loss=1.4122 | test_loss=2.0976 | test_acc=0.2495 | sparsity=0.7000 | cka=1 | targets=conv1.weight:0.689815;conv2.weight:0.691135;conv3.weight:0.692532;fc1.weight:0.701378
Saved training log to: results/logs/cka_strength_sweep/cifar10_cka_strength_fixed_5605137/strength_0p9/seed_7/cka_feddst_cifar10_clients5_alpha0.3_sparsity0.7_cka0.9_seed7_20260802_005816.csv
Saved CKA log to: results/logs/cka_strength_sweep/cifar10_cka_strength_fixed_5605137/strength_0p9/seed_7/cka_feddst_cifar10_clients5_alpha0.3_sparsity0.7_cka0.9_seed7_20260802_005816_cka.csv

[Run 83/125] suite=cka_strength method=cka_feddst seed=7 sparsity=0.8 cka_strength=0.9
Output log dir: results/logs/cka_strength_sweep/cifar10_cka_strength_fixed_5605137/strength_0p9/seed_7
Command: /mnt/aiongpfs/users/dsen/micromamba/envs/cka-cifar/bin/python -m src.train --global-config configs/global_cifar10.yaml --config configs/cka_feddst_mnist.yaml --seed 7 --sparsity 0.8 --cka-strength 0.9 --log-dir results/logs/cka_strength_sweep/cifar10_cka_strength_fixed_5605137/strength_0p9/seed_7 --checkpoint-dir results/checkpoints/cka_strength_sweep/cifar10_cka_strength_fixed_5605137/strength_0p9/seed_7 --plot-dir results/plots/cka_strength_sweep/cifar10_cka_strength_fixed_5605137
Final merged configuration:
alpha: 0.3
batch_size: 64
checkpoint_dir: results/checkpoints/cka_strength_sweep/cifar10_cka_strength_fixed_5605137/strength_0p9/seed_7
cka_interval: 2
cka_layers:
- conv1
- conv2
- conv3
- fc1
cka_max_sparsity: 0.95
cka_min_sparsity: 0.5
cka_strength: 0.9
data_check: false
data_dir: data
dataset: cifar10
device: auto
disable_cudnn: true
dry_run: false
eval_interval: 1
experiment_config_path: configs/cka_feddst_mnist.yaml
global_config_path: configs/global_cifar10.yaml
local_epochs: 1
log_cka: false
log_dir: results/logs/cka_strength_sweep/cifar10_cka_strength_fixed_5605137/strength_0p9/seed_7
lr: 0.01
mask_update_interval: 2
method: cka_feddst
model: cifar_cnn
num_clients: 5
num_workers: 2
output_dir: results
plot_dir: results/plots/cka_strength_sweep/cifar10_cka_strength_fixed_5605137
prune_fraction: 0.2
reference_size: 500
regrowth_method: gradient
rounds: 20
save_checkpoint: false
seed: 7
sparsity: 0.8
sparsity_init: random
split_dir: null
Saved merged config to: results/logs/cka_strength_sweep/cifar10_cka_strength_fixed_5605137/strength_0p9/seed_7/cka_feddst_cifar10_clients5_alpha0.3_sparsity0.8_cka0.9_seed7_20260802_010602_config.yaml
cuDNN disabled for this run.
Client label distributions:
  client 00: n= 7681, labels=[142, 16, 5, 202, 411, 2130, 3884, 876, 12, 3]
  client 01: n= 8711, labels=[1321, 1281, 355, 76, 3165, 8, 25, 0, 1922, 558]
  client 02: n=19320, labels=[2810, 141, 3133, 4649, 1064, 2142, 26, 2148, 2915, 292]
  client 03: n= 5169, labels=[22, 3285, 1093, 5, 3, 639, 18, 41, 63, 0]
  client 04: n= 8619, labels=[655, 227, 364, 18, 307, 31, 997, 1885, 38, 4097]
Initial sparsity | total=0.8000 | active=123974/619872
Layer sparsity | conv1.weight:0.807870;conv2.weight:0.799533;conv3.weight:0.801866;fc1.weight:0.799719;fc2.weight:0.804688
Round 001 | train_loss=2.2012 | test_loss=2.3042 | test_acc=0.1000 | sparsity=0.8000 | cka=0 | targets=
Round 002 | train_loss=2.2024 | test_loss=2.3065 | test_acc=0.1000 | sparsity=0.8000 | cka=1 | targets=conv1.weight:0.798611;conv2.weight:0.798069;conv3.weight:0.798164;fc1.weight:0.800329
Round 003 | train_loss=2.1936 | test_loss=2.3092 | test_acc=0.1000 | sparsity=0.8000 | cka=0 | targets=conv1.weight:0.798611;conv2.weight:0.798069;conv3.weight:0.798164;fc1.weight:0.800329
Round 004 | train_loss=2.0756 | test_loss=2.3074 | test_acc=0.1344 | sparsity=0.8000 | cka=1 | targets=conv1.weight:0.796296;conv2.weight:0.795898;conv3.weight:0.795926;fc1.weight:0.800724
Round 005 | train_loss=1.8751 | test_loss=2.3752 | test_acc=0.1044 | sparsity=0.8000 | cka=0 | targets=conv1.weight:0.796296;conv2.weight:0.795898;conv3.weight:0.795926;fc1.weight:0.800724
Round 006 | train_loss=1.7168 | test_loss=2.4050 | test_acc=0.1062 | sparsity=0.8000 | cka=1 | targets=conv1.weight:0.797454;conv2.weight:0.797146;conv3.weight:0.797160;fc1.weight:0.800505
Round 007 | train_loss=1.6834 | test_loss=2.4237 | test_acc=0.1311 | sparsity=0.8000 | cka=0 | targets=conv1.weight:0.797454;conv2.weight:0.797146;conv3.weight:0.797160;fc1.weight:0.800505
Round 008 | train_loss=1.6669 | test_loss=2.4112 | test_acc=0.1191 | sparsity=0.8000 | cka=1 | targets=conv1.weight:0.797454;conv2.weight:0.797635;conv3.weight:0.797635;fc1.weight:0.800421
Round 009 | train_loss=1.6593 | test_loss=2.3790 | test_acc=0.1262 | sparsity=0.8000 | cka=0 | targets=conv1.weight:0.797454;conv2.weight:0.797635;conv3.weight:0.797635;fc1.weight:0.800421
Round 010 | train_loss=1.6418 | test_loss=2.3719 | test_acc=0.1424 | sparsity=0.8000 | cka=1 | targets=conv1.weight:0.797454;conv2.weight:0.797635;conv3.weight:0.797648;fc1.weight:0.800419
Round 011 | train_loss=1.6366 | test_loss=2.4246 | test_acc=0.1322 | sparsity=0.8000 | cka=0 | targets=conv1.weight:0.797454;conv2.weight:0.797635;conv3.weight:0.797648;fc1.weight:0.800419
Round 012 | train_loss=1.6221 | test_loss=2.3573 | test_acc=0.1494 | sparsity=0.8000 | cka=1 | targets=conv1.weight:0.796296;conv2.weight:0.796766;conv3.weight:0.796794;fc1.weight:0.800571
Round 013 | train_loss=1.6132 | test_loss=2.3007 | test_acc=0.1667 | sparsity=0.8000 | cka=0 | targets=conv1.weight:0.796296;conv2.weight:0.796766;conv3.weight:0.796794;fc1.weight:0.800571
Round 014 | train_loss=1.6031 | test_loss=2.3033 | test_acc=0.1720 | sparsity=0.8000 | cka=1 | targets=conv1.weight:0.796296;conv2.weight:0.796387;conv3.weight:0.796414;fc1.weight:0.800638
Round 015 | train_loss=1.5918 | test_loss=2.2884 | test_acc=0.1810 | sparsity=0.8000 | cka=0 | targets=conv1.weight:0.796296;conv2.weight:0.796387;conv3.weight:0.796414;fc1.weight:0.800638
Round 016 | train_loss=1.5773 | test_loss=2.2999 | test_acc=0.1835 | sparsity=0.8000 | cka=1 | targets=conv1.weight:0.797454;conv2.weight:0.797363;conv3.weight:0.797418;fc1.weight:0.800461
Round 017 | train_loss=1.5700 | test_loss=2.3020 | test_acc=0.1786 | sparsity=0.8000 | cka=0 | targets=conv1.weight:0.797454;conv2.weight:0.797363;conv3.weight:0.797418;fc1.weight:0.800461
Round 018 | train_loss=1.5525 | test_loss=2.2686 | test_acc=0.1971 | sparsity=0.8000 | cka=1 | targets=conv1.weight:0.792824;conv2.weight:0.796821;conv3.weight:0.796549;fc1.weight:0.800610
Round 019 | train_loss=1.5496 | test_loss=2.4110 | test_acc=0.1331 | sparsity=0.8000 | cka=0 | targets=conv1.weight:0.792824;conv2.weight:0.796821;conv3.weight:0.796549;fc1.weight:0.800610
Round 020 | train_loss=1.5376 | test_loss=2.2540 | test_acc=0.1930 | sparsity=0.8000 | cka=1 | targets=conv1.weight:0.790509;conv2.weight:0.795898;conv3.weight:0.795953;fc1.weight:0.800730
Saved training log to: results/logs/cka_strength_sweep/cifar10_cka_strength_fixed_5605137/strength_0p9/seed_7/cka_feddst_cifar10_clients5_alpha0.3_sparsity0.8_cka0.9_seed7_20260802_010602.csv
Saved CKA log to: results/logs/cka_strength_sweep/cifar10_cka_strength_fixed_5605137/strength_0p9/seed_7/cka_feddst_cifar10_clients5_alpha0.3_sparsity0.8_cka0.9_seed7_20260802_010602_cka.csv

[Run 84/125] suite=cka_strength method=cka_feddst seed=7 sparsity=0.9 cka_strength=0.9
Output log dir: results/logs/cka_strength_sweep/cifar10_cka_strength_fixed_5605137/strength_0p9/seed_7
Command: /mnt/aiongpfs/users/dsen/micromamba/envs/cka-cifar/bin/python -m src.train --global-config configs/global_cifar10.yaml --config configs/cka_feddst_mnist.yaml --seed 7 --sparsity 0.9 --cka-strength 0.9 --log-dir results/logs/cka_strength_sweep/cifar10_cka_strength_fixed_5605137/strength_0p9/seed_7 --checkpoint-dir results/checkpoints/cka_strength_sweep/cifar10_cka_strength_fixed_5605137/strength_0p9/seed_7 --plot-dir results/plots/cka_strength_sweep/cifar10_cka_strength_fixed_5605137
Final merged configuration:
alpha: 0.3
batch_size: 64
checkpoint_dir: results/checkpoints/cka_strength_sweep/cifar10_cka_strength_fixed_5605137/strength_0p9/seed_7
cka_interval: 2
cka_layers:
- conv1
- conv2
- conv3
- fc1
cka_max_sparsity: 0.95
cka_min_sparsity: 0.5
cka_strength: 0.9
data_check: false
data_dir: data
dataset: cifar10
device: auto
disable_cudnn: true
dry_run: false
eval_interval: 1
experiment_config_path: configs/cka_feddst_mnist.yaml
global_config_path: configs/global_cifar10.yaml
local_epochs: 1
log_cka: false
log_dir: results/logs/cka_strength_sweep/cifar10_cka_strength_fixed_5605137/strength_0p9/seed_7
lr: 0.01
mask_update_interval: 2
method: cka_feddst
model: cifar_cnn
num_clients: 5
num_workers: 2
output_dir: results
plot_dir: results/plots/cka_strength_sweep/cifar10_cka_strength_fixed_5605137
prune_fraction: 0.2
reference_size: 500
regrowth_method: gradient
rounds: 20
save_checkpoint: false
seed: 7
sparsity: 0.9
sparsity_init: random
split_dir: null
Saved merged config to: results/logs/cka_strength_sweep/cifar10_cka_strength_fixed_5605137/strength_0p9/seed_7/cka_feddst_cifar10_clients5_alpha0.3_sparsity0.9_cka0.9_seed7_20260802_011356_config.yaml
cuDNN disabled for this run.
Client label distributions:
  client 00: n= 7681, labels=[142, 16, 5, 202, 411, 2130, 3884, 876, 12, 3]
  client 01: n= 8711, labels=[1321, 1281, 355, 76, 3165, 8, 25, 0, 1922, 558]
  client 02: n=19320, labels=[2810, 141, 3133, 4649, 1064, 2142, 26, 2148, 2915, 292]
  client 03: n= 5169, labels=[22, 3285, 1093, 5, 3, 639, 18, 41, 63, 0]
  client 04: n= 8619, labels=[655, 227, 364, 18, 307, 31, 997, 1885, 38, 4097]
Initial sparsity | total=0.9000 | active=61987/619872
Layer sparsity | conv1.weight:0.901620;conv2.weight:0.898058;conv3.weight:0.901299;fc1.weight:0.899843;fc2.weight:0.908203
Round 001 | train_loss=2.2040 | test_loss=2.3043 | test_acc=0.1000 | sparsity=0.9000 | cka=0 | targets=
Round 002 | train_loss=2.2062 | test_loss=2.3066 | test_acc=0.1000 | sparsity=0.9000 | cka=1 | targets=conv1.weight:0.899306;conv2.weight:0.899794;conv3.weight:0.899780;fc1.weight:0.900040
Round 003 | train_loss=2.2082 | test_loss=2.3096 | test_acc=0.1000 | sparsity=0.9000 | cka=0 | targets=conv1.weight:0.899306;conv2.weight:0.899794;conv3.weight:0.899780;fc1.weight:0.900040
Round 004 | train_loss=2.2108 | test_loss=2.3127 | test_acc=0.1000 | sparsity=0.9000 | cka=1 | targets=conv1.weight:0.899306;conv2.weight:0.899197;conv3.weight:0.899211;fc1.weight:0.900141
Round 005 | train_loss=2.2150 | test_loss=2.3159 | test_acc=0.1000 | sparsity=0.9000 | cka=0 | targets=conv1.weight:0.899306;conv2.weight:0.899197;conv3.weight:0.899211;fc1.weight:0.900141
Round 006 | train_loss=2.2179 | test_loss=2.3188 | test_acc=0.1000 | sparsity=0.9000 | cka=1 | targets=conv1.weight:0.899306;conv2.weight:0.899740;conv3.weight:0.899726;fc1.weight:0.900049
Round 007 | train_loss=2.2188 | test_loss=2.3218 | test_acc=0.1000 | sparsity=0.9000 | cka=0 | targets=conv1.weight:0.899306;conv2.weight:0.899740;conv3.weight:0.899726;fc1.weight:0.900049
Round 008 | train_loss=2.2196 | test_loss=2.3240 | test_acc=0.1000 | sparsity=0.9000 | cka=1 | targets=conv1.weight:0.899306;conv2.weight:0.899034;conv3.weight:0.899116;fc1.weight:0.900160
Round 009 | train_loss=2.2236 | test_loss=2.3263 | test_acc=0.1000 | sparsity=0.9000 | cka=0 | targets=conv1.weight:0.899306;conv2.weight:0.899034;conv3.weight:0.899116;fc1.weight:0.900160
Round 010 | train_loss=2.2243 | test_loss=2.3283 | test_acc=0.1000 | sparsity=0.9000 | cka=1 | targets=conv1.weight:0.899306;conv2.weight:0.899468;conv3.weight:0.899509;fc1.weight:0.900089
Round 011 | train_loss=2.2206 | test_loss=2.3312 | test_acc=0.1000 | sparsity=0.9000 | cka=0 | targets=conv1.weight:0.899306;conv2.weight:0.899468;conv3.weight:0.899509;fc1.weight:0.900089
Round 012 | train_loss=2.2129 | test_loss=2.3328 | test_acc=0.1000 | sparsity=0.9000 | cka=1 | targets=conv1.weight:0.899306;conv2.weight:0.899414;conv3.weight:0.899441;fc1.weight:0.900101
Round 013 | train_loss=2.2121 | test_loss=2.3387 | test_acc=0.1000 | sparsity=0.9000 | cka=0 | targets=conv1.weight:0.899306;conv2.weight:0.899414;conv3.weight:0.899441;fc1.weight:0.900101
Round 014 | train_loss=2.1661 | test_loss=2.3531 | test_acc=0.1014 | sparsity=0.9000 | cka=1 | targets=conv1.weight:0.899306;conv2.weight:0.899631;conv3.weight:0.899618;fc1.weight:0.900068
Round 015 | train_loss=1.9520 | test_loss=2.4000 | test_acc=0.1004 | sparsity=0.9000 | cka=0 | targets=conv1.weight:0.899306;conv2.weight:0.899631;conv3.weight:0.899618;fc1.weight:0.900068
Round 016 | train_loss=1.7480 | test_loss=2.4229 | test_acc=0.1035 | sparsity=0.9000 | cka=1 | targets=conv1.weight:0.898148;conv2.weight:0.898709;conv3.weight:0.898777;fc1.weight:0.900221
Round 017 | train_loss=1.7260 | test_loss=2.4356 | test_acc=0.1178 | sparsity=0.9000 | cka=0 | targets=conv1.weight:0.898148;conv2.weight:0.898709;conv3.weight:0.898777;fc1.weight:0.900221
Round 018 | train_loss=1.6751 | test_loss=2.4223 | test_acc=0.1000 | sparsity=0.9000 | cka=1 | targets=conv1.weight:0.898148;conv2.weight:0.899414;conv3.weight:0.899455;fc1.weight:0.900101
Round 019 | train_loss=1.6527 | test_loss=2.3728 | test_acc=0.1097 | sparsity=0.9000 | cka=0 | targets=conv1.weight:0.898148;conv2.weight:0.899414;conv3.weight:0.899455;fc1.weight:0.900101
Round 020 | train_loss=1.6334 | test_loss=2.3600 | test_acc=0.1278 | sparsity=0.9000 | cka=1 | targets=conv1.weight:0.896991;conv2.weight:0.898763;conv3.weight:0.899034;fc1.weight:0.900185
Saved training log to: results/logs/cka_strength_sweep/cifar10_cka_strength_fixed_5605137/strength_0p9/seed_7/cka_feddst_cifar10_clients5_alpha0.3_sparsity0.9_cka0.9_seed7_20260802_011356.csv
Saved CKA log to: results/logs/cka_strength_sweep/cifar10_cka_strength_fixed_5605137/strength_0p9/seed_7/cka_feddst_cifar10_clients5_alpha0.3_sparsity0.9_cka0.9_seed7_20260802_011356_cka.csv

[Run 85/125] suite=cka_strength method=cka_feddst seed=7 sparsity=0.95 cka_strength=0.9
Output log dir: results/logs/cka_strength_sweep/cifar10_cka_strength_fixed_5605137/strength_0p9/seed_7
Command: /mnt/aiongpfs/users/dsen/micromamba/envs/cka-cifar/bin/python -m src.train --global-config configs/global_cifar10.yaml --config configs/cka_feddst_mnist.yaml --seed 7 --sparsity 0.95 --cka-strength 0.9 --log-dir results/logs/cka_strength_sweep/cifar10_cka_strength_fixed_5605137/strength_0p9/seed_7 --checkpoint-dir results/checkpoints/cka_strength_sweep/cifar10_cka_strength_fixed_5605137/strength_0p9/seed_7 --plot-dir results/plots/cka_strength_sweep/cifar10_cka_strength_fixed_5605137
Final merged configuration:
alpha: 0.3
batch_size: 64
checkpoint_dir: results/checkpoints/cka_strength_sweep/cifar10_cka_strength_fixed_5605137/strength_0p9/seed_7
cka_interval: 2
cka_layers:
- conv1
- conv2
- conv3
- fc1
cka_max_sparsity: 0.95
cka_min_sparsity: 0.5
cka_strength: 0.9
data_check: false
data_dir: data
dataset: cifar10
device: auto
disable_cudnn: true
dry_run: false
eval_interval: 1
experiment_config_path: configs/cka_feddst_mnist.yaml
global_config_path: configs/global_cifar10.yaml
local_epochs: 1
log_cka: false
log_dir: results/logs/cka_strength_sweep/cifar10_cka_strength_fixed_5605137/strength_0p9/seed_7
lr: 0.01
mask_update_interval: 2
method: cka_feddst
model: cifar_cnn
num_clients: 5
num_workers: 2
output_dir: results
plot_dir: results/plots/cka_strength_sweep/cifar10_cka_strength_fixed_5605137
prune_fraction: 0.2
reference_size: 500
regrowth_method: gradient
rounds: 20
save_checkpoint: false
seed: 7
sparsity: 0.95
sparsity_init: random
split_dir: null
Saved merged config to: results/logs/cka_strength_sweep/cifar10_cka_strength_fixed_5605137/strength_0p9/seed_7/cka_feddst_cifar10_clients5_alpha0.3_sparsity0.95_cka0.9_seed7_20260802_012126_config.yaml
cuDNN disabled for this run.
Client label distributions:
  client 00: n= 7681, labels=[142, 16, 5, 202, 411, 2130, 3884, 876, 12, 3]
  client 01: n= 8711, labels=[1321, 1281, 355, 76, 3165, 8, 25, 0, 1922, 558]
  client 02: n=19320, labels=[2810, 141, 3133, 4649, 1064, 2142, 26, 2148, 2915, 292]
  client 03: n= 5169, labels=[22, 3285, 1093, 5, 3, 639, 18, 41, 63, 0]
  client 04: n= 8619, labels=[655, 227, 364, 18, 307, 31, 997, 1885, 38, 4097]
Initial sparsity | total=0.9500 | active=30994/619872
Layer sparsity | conv1.weight:0.946759;conv2.weight:0.951769;conv3.weight:0.949531;fc1.weight:0.949959;fc2.weight:0.960156
Round 001 | train_loss=2.2050 | test_loss=2.3043 | test_acc=0.1000 | sparsity=0.9500 | cka=0 | targets=
Round 002 | train_loss=2.2074 | test_loss=2.3065 | test_acc=0.1000 | sparsity=0.9500 | cka=1 | targets=conv1.weight:0.949074;conv2.weight:0.949978;conv3.weight:0.949992;fc1.weight:0.949999
Round 003 | train_loss=2.2103 | test_loss=2.3094 | test_acc=0.1000 | sparsity=0.9500 | cka=0 | targets=conv1.weight:0.949074;conv2.weight:0.949978;conv3.weight:0.949992;fc1.weight:0.949999
Round 004 | train_loss=2.2136 | test_loss=2.3125 | test_acc=0.1000 | sparsity=0.9500 | cka=1 | targets=conv1.weight:0.949074;conv2.weight:0.949978;conv3.weight:0.949992;fc1.weight:0.949999
Round 005 | train_loss=2.2173 | test_loss=2.3156 | test_acc=0.1000 | sparsity=0.9500 | cka=0 | targets=conv1.weight:0.949074;conv2.weight:0.949978;conv3.weight:0.949992;fc1.weight:0.949999
Round 006 | train_loss=2.2206 | test_loss=2.3185 | test_acc=0.1000 | sparsity=0.9500 | cka=1 | targets=conv1.weight:0.949074;conv2.weight:0.949978;conv3.weight:0.949992;fc1.weight:0.949999
Round 007 | train_loss=2.2232 | test_loss=2.3212 | test_acc=0.1000 | sparsity=0.9500 | cka=0 | targets=conv1.weight:0.949074;conv2.weight:0.949978;conv3.weight:0.949992;fc1.weight:0.949999
Round 008 | train_loss=2.2256 | test_loss=2.3234 | test_acc=0.1000 | sparsity=0.9500 | cka=1 | targets=conv1.weight:0.949074;conv2.weight:0.949978;conv3.weight:0.949992;fc1.weight:0.949999
Round 009 | train_loss=2.2283 | test_loss=2.3255 | test_acc=0.1000 | sparsity=0.9500 | cka=0 | targets=conv1.weight:0.949074;conv2.weight:0.949978;conv3.weight:0.949992;fc1.weight:0.949999
Round 010 | train_loss=2.2302 | test_loss=2.3274 | test_acc=0.1000 | sparsity=0.9500 | cka=1 | targets=conv1.weight:0.949074;conv2.weight:0.949978;conv3.weight:0.949992;fc1.weight:0.949999
Round 011 | train_loss=2.2313 | test_loss=2.3291 | test_acc=0.1000 | sparsity=0.9500 | cka=0 | targets=conv1.weight:0.949074;conv2.weight:0.949978;conv3.weight:0.949992;fc1.weight:0.949999
Round 012 | train_loss=2.2326 | test_loss=2.3304 | test_acc=0.1000 | sparsity=0.9500 | cka=1 | targets=conv1.weight:0.949074;conv2.weight:0.949978;conv3.weight:0.949992;fc1.weight:0.949999
Round 013 | train_loss=2.2343 | test_loss=2.3316 | test_acc=0.1000 | sparsity=0.9500 | cka=0 | targets=conv1.weight:0.949074;conv2.weight:0.949978;conv3.weight:0.949992;fc1.weight:0.949999
Round 014 | train_loss=2.2352 | test_loss=2.3327 | test_acc=0.1000 | sparsity=0.9500 | cka=1 | targets=conv1.weight:0.949074;conv2.weight:0.949978;conv3.weight:0.949992;fc1.weight:0.949999
Round 015 | train_loss=2.2350 | test_loss=2.3337 | test_acc=0.1000 | sparsity=0.9500 | cka=0 | targets=conv1.weight:0.949074;conv2.weight:0.949978;conv3.weight:0.949992;fc1.weight:0.949999
Round 016 | train_loss=2.2351 | test_loss=2.3345 | test_acc=0.1000 | sparsity=0.9500 | cka=1 | targets=conv1.weight:0.949074;conv2.weight:0.949978;conv3.weight:0.949992;fc1.weight:0.949999
Round 017 | train_loss=2.2368 | test_loss=2.3353 | test_acc=0.1000 | sparsity=0.9500 | cka=0 | targets=conv1.weight:0.949074;conv2.weight:0.949978;conv3.weight:0.949992;fc1.weight:0.949999
Round 018 | train_loss=2.2369 | test_loss=2.3359 | test_acc=0.1000 | sparsity=0.9500 | cka=1 | targets=conv1.weight:0.949074;conv2.weight:0.949978;conv3.weight:0.949992;fc1.weight:0.949999
Round 019 | train_loss=2.2353 | test_loss=2.3367 | test_acc=0.1000 | sparsity=0.9500 | cka=0 | targets=conv1.weight:0.949074;conv2.weight:0.949978;conv3.weight:0.949992;fc1.weight:0.949999
Round 020 | train_loss=2.2344 | test_loss=2.3371 | test_acc=0.1000 | sparsity=0.9500 | cka=1 | targets=conv1.weight:0.949074;conv2.weight:0.949978;conv3.weight:0.949992;fc1.weight:0.949999
Saved training log to: results/logs/cka_strength_sweep/cifar10_cka_strength_fixed_5605137/strength_0p9/seed_7/cka_feddst_cifar10_clients5_alpha0.3_sparsity0.95_cka0.9_seed7_20260802_012126.csv
Saved CKA log to: results/logs/cka_strength_sweep/cifar10_cka_strength_fixed_5605137/strength_0p9/seed_7/cka_feddst_cifar10_clients5_alpha0.3_sparsity0.95_cka0.9_seed7_20260802_012126_cka.csv

[Run 86/125] suite=cka_strength method=cka_feddst seed=13 sparsity=0.5 cka_strength=0.9
Output log dir: results/logs/cka_strength_sweep/cifar10_cka_strength_fixed_5605137/strength_0p9/seed_13
Command: /mnt/aiongpfs/users/dsen/micromamba/envs/cka-cifar/bin/python -m src.train --global-config configs/global_cifar10.yaml --config configs/cka_feddst_mnist.yaml --seed 13 --sparsity 0.5 --cka-strength 0.9 --log-dir results/logs/cka_strength_sweep/cifar10_cka_strength_fixed_5605137/strength_0p9/seed_13 --checkpoint-dir results/checkpoints/cka_strength_sweep/cifar10_cka_strength_fixed_5605137/strength_0p9/seed_13 --plot-dir results/plots/cka_strength_sweep/cifar10_cka_strength_fixed_5605137
Final merged configuration:
alpha: 0.3
batch_size: 64
checkpoint_dir: results/checkpoints/cka_strength_sweep/cifar10_cka_strength_fixed_5605137/strength_0p9/seed_13
cka_interval: 2
cka_layers:
- conv1
- conv2
- conv3
- fc1
cka_max_sparsity: 0.95
cka_min_sparsity: 0.5
cka_strength: 0.9
data_check: false
data_dir: data
dataset: cifar10
device: auto
disable_cudnn: true
dry_run: false
eval_interval: 1
experiment_config_path: configs/cka_feddst_mnist.yaml
global_config_path: configs/global_cifar10.yaml
local_epochs: 1
log_cka: false
log_dir: results/logs/cka_strength_sweep/cifar10_cka_strength_fixed_5605137/strength_0p9/seed_13
lr: 0.01
mask_update_interval: 2
method: cka_feddst
model: cifar_cnn
num_clients: 5
num_workers: 2
output_dir: results
plot_dir: results/plots/cka_strength_sweep/cifar10_cka_strength_fixed_5605137
prune_fraction: 0.2
reference_size: 500
regrowth_method: gradient
rounds: 20
save_checkpoint: false
seed: 13
sparsity: 0.5
sparsity_init: random
split_dir: null
Saved merged config to: results/logs/cka_strength_sweep/cifar10_cka_strength_fixed_5605137/strength_0p9/seed_13/cka_feddst_cifar10_clients5_alpha0.3_sparsity0.5_cka0.9_seed13_20260802_012908_config.yaml
cuDNN disabled for this run.
Client label distributions:
  client 00: n=19994, labels=[2952, 878, 4230, 1942, 3893, 2947, 1170, 1268, 17, 697]
  client 01: n= 5273, labels=[1186, 629, 719, 163, 777, 852, 428, 22, 488, 9]
  client 02: n= 7607, labels=[2, 105, 1, 0, 96, 68, 60, 1042, 2038, 4195]
  client 03: n= 4678, labels=[463, 27, 0, 654, 2, 62, 287, 776, 2407, 0]
  client 04: n=11948, labels=[347, 3311, 0, 2191, 182, 1021, 3005, 1842, 0, 49]
Initial sparsity | total=0.5000 | active=309936/619872
Layer sparsity | conv1.weight:0.493056;conv2.weight:0.499891;conv3.weight:0.499797;fc1.weight:0.500042;fc2.weight:0.500391
Round 001 | train_loss=2.0145 | test_loss=2.3059 | test_acc=0.1242 | sparsity=0.5000 | cka=0 | targets=
Round 002 | train_loss=1.8226 | test_loss=2.4185 | test_acc=0.1358 | sparsity=0.5000 | cka=1 | targets=conv1.weight:0.500000;conv2.weight:0.500000;conv3.weight:0.500000;fc1.weight:0.500000
Round 003 | train_loss=1.7741 | test_loss=2.5015 | test_acc=0.1426 | sparsity=0.5000 | cka=0 | targets=conv1.weight:0.500000;conv2.weight:0.500000;conv3.weight:0.500000;fc1.weight:0.500000
Round 004 | train_loss=1.7569 | test_loss=2.4353 | test_acc=0.1550 | sparsity=0.5000 | cka=1 | targets=conv1.weight:0.500000;conv2.weight:0.500000;conv3.weight:0.500000;fc1.weight:0.500000
Round 005 | train_loss=1.7453 | test_loss=2.4372 | test_acc=0.1907 | sparsity=0.5000 | cka=0 | targets=conv1.weight:0.500000;conv2.weight:0.500000;conv3.weight:0.500000;fc1.weight:0.500000
Round 006 | train_loss=1.7296 | test_loss=2.4398 | test_acc=0.2129 | sparsity=0.5000 | cka=1 | targets=conv1.weight:0.500000;conv2.weight:0.500000;conv3.weight:0.500000;fc1.weight:0.500000
Round 007 | train_loss=1.7231 | test_loss=2.3712 | test_acc=0.2067 | sparsity=0.5000 | cka=0 | targets=conv1.weight:0.500000;conv2.weight:0.500000;conv3.weight:0.500000;fc1.weight:0.500000
Round 008 | train_loss=1.6959 | test_loss=2.3886 | test_acc=0.2334 | sparsity=0.5000 | cka=1 | targets=conv1.weight:0.500000;conv2.weight:0.500000;conv3.weight:0.500000;fc1.weight:0.500000
Round 009 | train_loss=1.6728 | test_loss=2.3185 | test_acc=0.2517 | sparsity=0.5000 | cka=0 | targets=conv1.weight:0.500000;conv2.weight:0.500000;conv3.weight:0.500000;fc1.weight:0.500000
Round 010 | train_loss=1.6322 | test_loss=2.3200 | test_acc=0.2542 | sparsity=0.5000 | cka=1 | targets=conv1.weight:0.500000;conv2.weight:0.500000;conv3.weight:0.500000;fc1.weight:0.500000
Round 011 | train_loss=1.6155 | test_loss=2.1624 | test_acc=0.2800 | sparsity=0.5000 | cka=0 | targets=conv1.weight:0.500000;conv2.weight:0.500000;conv3.weight:0.500000;fc1.weight:0.500000
Round 012 | train_loss=1.5707 | test_loss=2.1912 | test_acc=0.2746 | sparsity=0.5000 | cka=1 | targets=conv1.weight:0.500000;conv2.weight:0.500000;conv3.weight:0.500000;fc1.weight:0.500000
Round 013 | train_loss=1.5302 | test_loss=2.0810 | test_acc=0.2940 | sparsity=0.5000 | cka=0 | targets=conv1.weight:0.500000;conv2.weight:0.500000;conv3.weight:0.500000;fc1.weight:0.500000
Round 014 | train_loss=1.4922 | test_loss=2.0471 | test_acc=0.2979 | sparsity=0.5000 | cka=1 | targets=conv1.weight:0.500000;conv2.weight:0.500000;conv3.weight:0.500000;fc1.weight:0.500000
Round 015 | train_loss=1.4869 | test_loss=1.9586 | test_acc=0.3098 | sparsity=0.5000 | cka=0 | targets=conv1.weight:0.500000;conv2.weight:0.500000;conv3.weight:0.500000;fc1.weight:0.500000
Round 016 | train_loss=1.4479 | test_loss=1.9588 | test_acc=0.3165 | sparsity=0.5000 | cka=1 | targets=conv1.weight:0.500000;conv2.weight:0.500000;conv3.weight:0.500000;fc1.weight:0.500000
Round 017 | train_loss=1.4289 | test_loss=1.9388 | test_acc=0.3284 | sparsity=0.5000 | cka=0 | targets=conv1.weight:0.500000;conv2.weight:0.500000;conv3.weight:0.500000;fc1.weight:0.500000
Round 018 | train_loss=1.4042 | test_loss=1.9015 | test_acc=0.3340 | sparsity=0.5000 | cka=1 | targets=conv1.weight:0.500000;conv2.weight:0.500000;conv3.weight:0.500000;fc1.weight:0.500000
Round 019 | train_loss=1.3932 | test_loss=1.8418 | test_acc=0.3471 | sparsity=0.5000 | cka=0 | targets=conv1.weight:0.500000;conv2.weight:0.500000;conv3.weight:0.500000;fc1.weight:0.500000
Round 020 | train_loss=1.3661 | test_loss=1.8638 | test_acc=0.3424 | sparsity=0.5000 | cka=1 | targets=conv1.weight:0.500000;conv2.weight:0.500000;conv3.weight:0.500000;fc1.weight:0.500000
Saved training log to: results/logs/cka_strength_sweep/cifar10_cka_strength_fixed_5605137/strength_0p9/seed_13/cka_feddst_cifar10_clients5_alpha0.3_sparsity0.5_cka0.9_seed13_20260802_012908.csv
Saved CKA log to: results/logs/cka_strength_sweep/cifar10_cka_strength_fixed_5605137/strength_0p9/seed_13/cka_feddst_cifar10_clients5_alpha0.3_sparsity0.5_cka0.9_seed13_20260802_012908_cka.csv

[Run 87/125] suite=cka_strength method=cka_feddst seed=13 sparsity=0.7 cka_strength=0.9
Output log dir: results/logs/cka_strength_sweep/cifar10_cka_strength_fixed_5605137/strength_0p9/seed_13
Command: /mnt/aiongpfs/users/dsen/micromamba/envs/cka-cifar/bin/python -m src.train --global-config configs/global_cifar10.yaml --config configs/cka_feddst_mnist.yaml --seed 13 --sparsity 0.7 --cka-strength 0.9 --log-dir results/logs/cka_strength_sweep/cifar10_cka_strength_fixed_5605137/strength_0p9/seed_13 --checkpoint-dir results/checkpoints/cka_strength_sweep/cifar10_cka_strength_fixed_5605137/strength_0p9/seed_13 --plot-dir results/plots/cka_strength_sweep/cifar10_cka_strength_fixed_5605137
Final merged configuration:
alpha: 0.3
batch_size: 64
checkpoint_dir: results/checkpoints/cka_strength_sweep/cifar10_cka_strength_fixed_5605137/strength_0p9/seed_13
cka_interval: 2
cka_layers:
- conv1
- conv2
- conv3
- fc1
cka_max_sparsity: 0.95
cka_min_sparsity: 0.5
cka_strength: 0.9
data_check: false
data_dir: data
dataset: cifar10
device: auto
disable_cudnn: true
dry_run: false
eval_interval: 1
experiment_config_path: configs/cka_feddst_mnist.yaml
global_config_path: configs/global_cifar10.yaml
local_epochs: 1
log_cka: false
log_dir: results/logs/cka_strength_sweep/cifar10_cka_strength_fixed_5605137/strength_0p9/seed_13
lr: 0.01
mask_update_interval: 2
method: cka_feddst
model: cifar_cnn
num_clients: 5
num_workers: 2
output_dir: results
plot_dir: results/plots/cka_strength_sweep/cifar10_cka_strength_fixed_5605137
prune_fraction: 0.2
reference_size: 500
regrowth_method: gradient
rounds: 20
save_checkpoint: false
seed: 13
sparsity: 0.7
sparsity_init: random
split_dir: null
Saved merged config to: results/logs/cka_strength_sweep/cifar10_cka_strength_fixed_5605137/strength_0p9/seed_13/cka_feddst_cifar10_clients5_alpha0.3_sparsity0.7_cka0.9_seed13_20260802_013645_config.yaml
cuDNN disabled for this run.
Client label distributions:
  client 00: n=19994, labels=[2952, 878, 4230, 1942, 3893, 2947, 1170, 1268, 17, 697]
  client 01: n= 5273, labels=[1186, 629, 719, 163, 777, 852, 428, 22, 488, 9]
  client 02: n= 7607, labels=[2, 105, 1, 0, 96, 68, 60, 1042, 2038, 4195]
  client 03: n= 4678, labels=[463, 27, 0, 654, 2, 62, 287, 776, 2407, 0]
  client 04: n=11948, labels=[347, 3311, 0, 2191, 182, 1021, 3005, 1842, 0, 49]
Initial sparsity | total=0.7000 | active=185962/619872
Layer sparsity | conv1.weight:0.684028;conv2.weight:0.700575;conv3.weight:0.698201;fc1.weight:0.700253;fc2.weight:0.701172
Round 001 | train_loss=2.1989 | test_loss=2.3016 | test_acc=0.1114 | sparsity=0.7000 | cka=0 | targets=
Round 002 | train_loss=2.1109 | test_loss=2.2953 | test_acc=0.1423 | sparsity=0.7000 | cka=1 | targets=conv1.weight:0.696759;conv2.weight:0.696777;conv3.weight:0.696886;fc1.weight:0.700556
Round 003 | train_loss=1.8585 | test_loss=2.4252 | test_acc=0.1413 | sparsity=0.7000 | cka=0 | targets=conv1.weight:0.696759;conv2.weight:0.696777;conv3.weight:0.696886;fc1.weight:0.700556
Round 004 | train_loss=1.7851 | test_loss=2.3092 | test_acc=0.1567 | sparsity=0.7000 | cka=1 | targets=conv1.weight:0.695602;conv2.weight:0.695855;conv3.weight:0.695896;fc1.weight:0.700729
Round 005 | train_loss=1.7934 | test_loss=2.4213 | test_acc=0.1616 | sparsity=0.7000 | cka=0 | targets=conv1.weight:0.695602;conv2.weight:0.695855;conv3.weight:0.695896;fc1.weight:0.700729
Round 006 | train_loss=1.7617 | test_loss=2.4382 | test_acc=0.1715 | sparsity=0.7000 | cka=1 | targets=conv1.weight:0.696759;conv2.weight:0.696289;conv3.weight:0.696289;fc1.weight:0.700657
Round 007 | train_loss=1.7539 | test_loss=2.4356 | test_acc=0.1833 | sparsity=0.7000 | cka=0 | targets=conv1.weight:0.696759;conv2.weight:0.696289;conv3.weight:0.696289;fc1.weight:0.700657
Round 008 | train_loss=1.7409 | test_loss=2.4539 | test_acc=0.1910 | sparsity=0.7000 | cka=1 | targets=conv1.weight:0.695602;conv2.weight:0.695475;conv3.weight:0.695489;fc1.weight:0.700800
Round 009 | train_loss=1.7330 | test_loss=2.4374 | test_acc=0.2007 | sparsity=0.7000 | cka=0 | targets=conv1.weight:0.695602;conv2.weight:0.695475;conv3.weight:0.695489;fc1.weight:0.700800
Round 010 | train_loss=1.7189 | test_loss=2.4612 | test_acc=0.2044 | sparsity=0.7000 | cka=1 | targets=conv1.weight:0.695602;conv2.weight:0.695747;conv3.weight:0.695760;fc1.weight:0.700752
Round 011 | train_loss=1.7167 | test_loss=2.3539 | test_acc=0.2202 | sparsity=0.7000 | cka=0 | targets=conv1.weight:0.695602;conv2.weight:0.695747;conv3.weight:0.695760;fc1.weight:0.700752
Round 012 | train_loss=1.7024 | test_loss=2.3929 | test_acc=0.2182 | sparsity=0.7000 | cka=1 | targets=conv1.weight:0.694444;conv2.weight:0.694390;conv3.weight:0.694444;fc1.weight:0.700987
Round 013 | train_loss=1.6894 | test_loss=2.3473 | test_acc=0.2324 | sparsity=0.7000 | cka=0 | targets=conv1.weight:0.694444;conv2.weight:0.694390;conv3.weight:0.694444;fc1.weight:0.700987
Round 014 | train_loss=1.6744 | test_loss=2.3478 | test_acc=0.2298 | sparsity=0.7000 | cka=1 | targets=conv1.weight:0.695602;conv2.weight:0.695801;conv3.weight:0.695801;fc1.weight:0.700745
Round 015 | train_loss=1.6777 | test_loss=2.2612 | test_acc=0.2318 | sparsity=0.7000 | cka=0 | targets=conv1.weight:0.695602;conv2.weight:0.695801;conv3.weight:0.695801;fc1.weight:0.700745
Round 016 | train_loss=1.6554 | test_loss=2.2712 | test_acc=0.2414 | sparsity=0.7000 | cka=1 | targets=conv1.weight:0.693287;conv2.weight:0.693576;conv3.weight:0.693739;fc1.weight:0.701117
Round 017 | train_loss=1.6432 | test_loss=2.2724 | test_acc=0.2559 | sparsity=0.7000 | cka=0 | targets=conv1.weight:0.693287;conv2.weight:0.693576;conv3.weight:0.693739;fc1.weight:0.701117
Round 018 | train_loss=1.6189 | test_loss=2.2960 | test_acc=0.2435 | sparsity=0.7000 | cka=1 | targets=conv1.weight:0.693287;conv2.weight:0.694065;conv3.weight:0.694255;fc1.weight:0.701027
Round 019 | train_loss=1.6126 | test_loss=2.1389 | test_acc=0.2743 | sparsity=0.7000 | cka=0 | targets=conv1.weight:0.693287;conv2.weight:0.694065;conv3.weight:0.694255;fc1.weight:0.701027
Round 020 | train_loss=1.5702 | test_loss=2.1656 | test_acc=0.2736 | sparsity=0.7000 | cka=1 | targets=conv1.weight:0.692130;conv2.weight:0.691732;conv3.weight:0.691827;fc1.weight:0.701452
Saved training log to: results/logs/cka_strength_sweep/cifar10_cka_strength_fixed_5605137/strength_0p9/seed_13/cka_feddst_cifar10_clients5_alpha0.3_sparsity0.7_cka0.9_seed13_20260802_013645.csv
Saved CKA log to: results/logs/cka_strength_sweep/cifar10_cka_strength_fixed_5605137/strength_0p9/seed_13/cka_feddst_cifar10_clients5_alpha0.3_sparsity0.7_cka0.9_seed13_20260802_013645_cka.csv

[Run 88/125] suite=cka_strength method=cka_feddst seed=13 sparsity=0.8 cka_strength=0.9
Output log dir: results/logs/cka_strength_sweep/cifar10_cka_strength_fixed_5605137/strength_0p9/seed_13
Command: /mnt/aiongpfs/users/dsen/micromamba/envs/cka-cifar/bin/python -m src.train --global-config configs/global_cifar10.yaml --config configs/cka_feddst_mnist.yaml --seed 13 --sparsity 0.8 --cka-strength 0.9 --log-dir results/logs/cka_strength_sweep/cifar10_cka_strength_fixed_5605137/strength_0p9/seed_13 --checkpoint-dir results/checkpoints/cka_strength_sweep/cifar10_cka_strength_fixed_5605137/strength_0p9/seed_13 --plot-dir results/plots/cka_strength_sweep/cifar10_cka_strength_fixed_5605137
Final merged configuration:
alpha: 0.3
batch_size: 64
checkpoint_dir: results/checkpoints/cka_strength_sweep/cifar10_cka_strength_fixed_5605137/strength_0p9/seed_13
cka_interval: 2
cka_layers:
- conv1
- conv2
- conv3
- fc1
cka_max_sparsity: 0.95
cka_min_sparsity: 0.5
cka_strength: 0.9
data_check: false
data_dir: data
dataset: cifar10
device: auto
disable_cudnn: true
dry_run: false
eval_interval: 1
experiment_config_path: configs/cka_feddst_mnist.yaml
global_config_path: configs/global_cifar10.yaml
local_epochs: 1
log_cka: false
log_dir: results/logs/cka_strength_sweep/cifar10_cka_strength_fixed_5605137/strength_0p9/seed_13
lr: 0.01
mask_update_interval: 2
method: cka_feddst
model: cifar_cnn
num_clients: 5
num_workers: 2
output_dir: results
plot_dir: results/plots/cka_strength_sweep/cifar10_cka_strength_fixed_5605137
prune_fraction: 0.2
reference_size: 500
regrowth_method: gradient
rounds: 20
save_checkpoint: false
seed: 13
sparsity: 0.8
sparsity_init: random
split_dir: null
Saved merged config to: results/logs/cka_strength_sweep/cifar10_cka_strength_fixed_5605137/strength_0p9/seed_13/cka_feddst_cifar10_clients5_alpha0.3_sparsity0.8_cka0.9_seed13_20260802_014407_config.yaml
cuDNN disabled for this run.
Client label distributions:
  client 00: n=19994, labels=[2952, 878, 4230, 1942, 3893, 2947, 1170, 1268, 17, 697]
  client 01: n= 5273, labels=[1186, 629, 719, 163, 777, 852, 428, 22, 488, 9]
  client 02: n= 7607, labels=[2, 105, 1, 0, 96, 68, 60, 1042, 2038, 4195]
  client 03: n= 4678, labels=[463, 27, 0, 654, 2, 62, 287, 776, 2407, 0]
  client 04: n=11948, labels=[347, 3311, 0, 2191, 182, 1021, 3005, 1842, 0, 49]
Initial sparsity | total=0.8000 | active=123974/619872
Layer sparsity | conv1.weight:0.800926;conv2.weight:0.801975;conv3.weight:0.797472;fc1.weight:0.800318;fc2.weight:0.793359
Round 001 | train_loss=2.2201 | test_loss=2.3034 | test_acc=0.1000 | sparsity=0.8000 | cka=0 | targets=
Round 002 | train_loss=2.2208 | test_loss=2.3052 | test_acc=0.1002 | sparsity=0.8000 | cka=1 | targets=conv1.weight:0.797454;conv2.weight:0.797906;conv3.weight:0.797947;fc1.weight:0.800367
Round 003 | train_loss=2.1854 | test_loss=2.3051 | test_acc=0.1000 | sparsity=0.8000 | cka=0 | targets=conv1.weight:0.797454;conv2.weight:0.797906;conv3.weight:0.797947;fc1.weight:0.800367
Round 004 | train_loss=2.0426 | test_loss=2.3047 | test_acc=0.1191 | sparsity=0.8000 | cka=1 | targets=conv1.weight:0.797454;conv2.weight:0.797580;conv3.weight:0.797635;fc1.weight:0.800423
Round 005 | train_loss=1.9032 | test_loss=2.3580 | test_acc=0.1394 | sparsity=0.8000 | cka=0 | targets=conv1.weight:0.797454;conv2.weight:0.797580;conv3.weight:0.797635;fc1.weight:0.800423
Round 006 | train_loss=1.7898 | test_loss=2.3865 | test_acc=0.1483 | sparsity=0.8000 | cka=1 | targets=conv1.weight:0.796296;conv2.weight:0.796821;conv3.weight:0.796821;fc1.weight:0.800566
Round 007 | train_loss=1.7725 | test_loss=2.4560 | test_acc=0.1403 | sparsity=0.8000 | cka=0 | targets=conv1.weight:0.796296;conv2.weight:0.796821;conv3.weight:0.796821;fc1.weight:0.800566
Round 008 | train_loss=1.7574 | test_loss=2.4552 | test_acc=0.1433 | sparsity=0.8000 | cka=1 | targets=conv1.weight:0.797454;conv2.weight:0.797635;conv3.weight:0.797648;fc1.weight:0.800419
Round 009 | train_loss=1.7490 | test_loss=2.4331 | test_acc=0.1842 | sparsity=0.8000 | cka=0 | targets=conv1.weight:0.797454;conv2.weight:0.797635;conv3.weight:0.797648;fc1.weight:0.800419
Round 010 | train_loss=1.7367 | test_loss=2.4674 | test_acc=0.1528 | sparsity=0.8000 | cka=1 | targets=conv1.weight:0.797454;conv2.weight:0.797146;conv3.weight:0.797173;fc1.weight:0.800503
Round 011 | train_loss=1.7315 | test_loss=2.3979 | test_acc=0.1979 | sparsity=0.8000 | cka=0 | targets=conv1.weight:0.797454;conv2.weight:0.797146;conv3.weight:0.797173;fc1.weight:0.800503
Round 012 | train_loss=1.7217 | test_loss=2.4311 | test_acc=0.1728 | sparsity=0.8000 | cka=1 | targets=conv1.weight:0.797454;conv2.weight:0.797092;conv3.weight:0.797092;fc1.weight:0.800516
Round 013 | train_loss=1.7131 | test_loss=2.3576 | test_acc=0.2163 | sparsity=0.8000 | cka=0 | targets=conv1.weight:0.797454;conv2.weight:0.797092;conv3.weight:0.797092;fc1.weight:0.800516
Round 014 | train_loss=1.6999 | test_loss=2.3682 | test_acc=0.2116 | sparsity=0.8000 | cka=1 | targets=conv1.weight:0.796296;conv2.weight:0.796766;conv3.weight:0.796753;fc1.weight:0.800577
Round 015 | train_loss=1.7002 | test_loss=2.3192 | test_acc=0.2088 | sparsity=0.8000 | cka=0 | targets=conv1.weight:0.796296;conv2.weight:0.796766;conv3.weight:0.796753;fc1.weight:0.800577
Round 016 | train_loss=1.6842 | test_loss=2.3543 | test_acc=0.1969 | sparsity=0.8000 | cka=1 | targets=conv1.weight:0.796296;conv2.weight:0.796495;conv3.weight:0.796495;fc1.weight:0.800623
Round 017 | train_loss=1.6808 | test_loss=2.3273 | test_acc=0.2306 | sparsity=0.8000 | cka=0 | targets=conv1.weight:0.796296;conv2.weight:0.796495;conv3.weight:0.796495;fc1.weight:0.800623
Round 018 | train_loss=1.6668 | test_loss=2.3666 | test_acc=0.2219 | sparsity=0.8000 | cka=1 | targets=conv1.weight:0.795139;conv2.weight:0.796061;conv3.weight:0.796088;fc1.weight:0.800697
Round 019 | train_loss=1.6670 | test_loss=2.3145 | test_acc=0.2347 | sparsity=0.8000 | cka=0 | targets=conv1.weight:0.795139;conv2.weight:0.796061;conv3.weight:0.796088;fc1.weight:0.800697
Round 020 | train_loss=1.6476 | test_loss=2.3151 | test_acc=0.2236 | sparsity=0.8000 | cka=1 | targets=conv1.weight:0.795139;conv2.weight:0.795464;conv3.weight:0.795505;fc1.weight:0.800800
Saved training log to: results/logs/cka_strength_sweep/cifar10_cka_strength_fixed_5605137/strength_0p9/seed_13/cka_feddst_cifar10_clients5_alpha0.3_sparsity0.8_cka0.9_seed13_20260802_014407.csv
Saved CKA log to: results/logs/cka_strength_sweep/cifar10_cka_strength_fixed_5605137/strength_0p9/seed_13/cka_feddst_cifar10_clients5_alpha0.3_sparsity0.8_cka0.9_seed13_20260802_014407_cka.csv

[Run 89/125] suite=cka_strength method=cka_feddst seed=13 sparsity=0.9 cka_strength=0.9
Output log dir: results/logs/cka_strength_sweep/cifar10_cka_strength_fixed_5605137/strength_0p9/seed_13
Command: /mnt/aiongpfs/users/dsen/micromamba/envs/cka-cifar/bin/python -m src.train --global-config configs/global_cifar10.yaml --config configs/cka_feddst_mnist.yaml --seed 13 --sparsity 0.9 --cka-strength 0.9 --log-dir results/logs/cka_strength_sweep/cifar10_cka_strength_fixed_5605137/strength_0p9/seed_13 --checkpoint-dir results/checkpoints/cka_strength_sweep/cifar10_cka_strength_fixed_5605137/strength_0p9/seed_13 --plot-dir results/plots/cka_strength_sweep/cifar10_cka_strength_fixed_5605137
Final merged configuration:
alpha: 0.3
batch_size: 64
checkpoint_dir: results/checkpoints/cka_strength_sweep/cifar10_cka_strength_fixed_5605137/strength_0p9/seed_13
cka_interval: 2
cka_layers:
- conv1
- conv2
- conv3
- fc1
cka_max_sparsity: 0.95
cka_min_sparsity: 0.5
cka_strength: 0.9
data_check: false
data_dir: data
dataset: cifar10
device: auto
disable_cudnn: true
dry_run: false
eval_interval: 1
experiment_config_path: configs/cka_feddst_mnist.yaml
global_config_path: configs/global_cifar10.yaml
local_epochs: 1
log_cka: false
log_dir: results/logs/cka_strength_sweep/cifar10_cka_strength_fixed_5605137/strength_0p9/seed_13
lr: 0.01
mask_update_interval: 2
method: cka_feddst
model: cifar_cnn
num_clients: 5
num_workers: 2
output_dir: results
plot_dir: results/plots/cka_strength_sweep/cifar10_cka_strength_fixed_5605137
prune_fraction: 0.2
reference_size: 500
regrowth_method: gradient
rounds: 20
save_checkpoint: false
seed: 13
sparsity: 0.9
sparsity_init: random
split_dir: null
Saved merged config to: results/logs/cka_strength_sweep/cifar10_cka_strength_fixed_5605137/strength_0p9/seed_13/cka_feddst_cifar10_clients5_alpha0.3_sparsity0.9_cka0.9_seed13_20260802_015142_config.yaml
cuDNN disabled for this run.
Client label distributions:
  client 00: n=19994, labels=[2952, 878, 4230, 1942, 3893, 2947, 1170, 1268, 17, 697]
  client 01: n= 5273, labels=[1186, 629, 719, 163, 777, 852, 428, 22, 488, 9]
  client 02: n= 7607, labels=[2, 105, 1, 0, 96, 68, 60, 1042, 2038, 4195]
  client 03: n= 4678, labels=[463, 27, 0, 654, 2, 62, 287, 776, 2407, 0]
  client 04: n=11948, labels=[347, 3311, 0, 2191, 182, 1021, 3005, 1842, 0, 49]
Initial sparsity | total=0.9000 | active=61987/619872
Layer sparsity | conv1.weight:0.896991;conv2.weight:0.900825;conv3.weight:0.898560;fc1.weight:0.900152;fc2.weight:0.905469
Round 001 | train_loss=2.2230 | test_loss=2.3036 | test_acc=0.1000 | sparsity=0.9000 | cka=0 | targets=
Round 002 | train_loss=2.2249 | test_loss=2.3055 | test_acc=0.1000 | sparsity=0.9000 | cka=1 | targets=conv1.weight:0.900463;conv2.weight:0.899794;conv3.weight:0.899807;fc1.weight:0.900034
Round 003 | train_loss=2.2268 | test_loss=2.3081 | test_acc=0.1003 | sparsity=0.9000 | cka=0 | targets=conv1.weight:0.900463;conv2.weight:0.899794;conv3.weight:0.899807;fc1.weight:0.900034
Round 004 | train_loss=2.2295 | test_loss=2.3108 | test_acc=0.1000 | sparsity=0.9000 | cka=1 | targets=conv1.weight:0.899306;conv2.weight:0.898763;conv3.weight:0.898817;fc1.weight:0.900211
Round 005 | train_loss=2.2332 | test_loss=2.3136 | test_acc=0.1000 | sparsity=0.9000 | cka=0 | targets=conv1.weight:0.899306;conv2.weight:0.898763;conv3.weight:0.898817;fc1.weight:0.900211
Round 006 | train_loss=2.2359 | test_loss=2.3163 | test_acc=0.1000 | sparsity=0.9000 | cka=1 | targets=conv1.weight:0.899306;conv2.weight:0.899685;conv3.weight:0.899658;fc1.weight:0.900061
Round 007 | train_loss=2.2377 | test_loss=2.3189 | test_acc=0.1000 | sparsity=0.9000 | cka=0 | targets=conv1.weight:0.899306;conv2.weight:0.899685;conv3.weight:0.899658;fc1.weight:0.900061
Round 008 | train_loss=2.2393 | test_loss=2.3210 | test_acc=0.1000 | sparsity=0.9000 | cka=1 | targets=conv1.weight:0.898148;conv2.weight:0.898383;conv3.weight:0.898397;fc1.weight:0.900286
Round 009 | train_loss=2.2425 | test_loss=2.3230 | test_acc=0.1000 | sparsity=0.9000 | cka=0 | targets=conv1.weight:0.898148;conv2.weight:0.898383;conv3.weight:0.898397;fc1.weight:0.900286
Round 010 | train_loss=2.2442 | test_loss=2.3247 | test_acc=0.1000 | sparsity=0.9000 | cka=1 | targets=conv1.weight:0.899306;conv2.weight:0.899414;conv3.weight:0.899414;fc1.weight:0.900105
Round 011 | train_loss=2.2437 | test_loss=2.3265 | test_acc=0.1000 | sparsity=0.9000 | cka=0 | targets=conv1.weight:0.899306;conv2.weight:0.899414;conv3.weight:0.899414;fc1.weight:0.900105
Round 012 | train_loss=2.2433 | test_loss=2.3278 | test_acc=0.1000 | sparsity=0.9000 | cka=1 | targets=conv1.weight:0.898148;conv2.weight:0.898058;conv3.weight:0.898234;fc1.weight:0.900320
Round 013 | train_loss=2.2465 | test_loss=2.3292 | test_acc=0.1000 | sparsity=0.9000 | cka=0 | targets=conv1.weight:0.898148;conv2.weight:0.898058;conv3.weight:0.898234;fc1.weight:0.900320
Round 014 | train_loss=2.2466 | test_loss=2.3303 | test_acc=0.1000 | sparsity=0.9000 | cka=1 | targets=conv1.weight:0.899306;conv2.weight:0.898763;conv3.weight:0.898804;fc1.weight:0.900213
Round 015 | train_loss=2.2418 | test_loss=2.3317 | test_acc=0.1000 | sparsity=0.9000 | cka=0 | targets=conv1.weight:0.899306;conv2.weight:0.898763;conv3.weight:0.898804;fc1.weight:0.900213
Round 016 | train_loss=2.2214 | test_loss=2.3325 | test_acc=0.1000 | sparsity=0.9000 | cka=1 | targets=conv1.weight:0.898148;conv2.weight:0.898546;conv3.weight:0.898749;fc1.weight:0.900230
Round 017 | train_loss=2.2226 | test_loss=2.3327 | test_acc=0.1000 | sparsity=0.9000 | cka=0 | targets=conv1.weight:0.898148;conv2.weight:0.898546;conv3.weight:0.898749;fc1.weight:0.900230
Round 018 | train_loss=2.1462 | test_loss=2.3365 | test_acc=0.0946 | sparsity=0.9000 | cka=1 | targets=conv1.weight:0.895833;conv2.weight:0.895888;conv3.weight:0.895942;fc1.weight:0.900723
Round 019 | train_loss=1.9844 | test_loss=2.3463 | test_acc=0.1134 | sparsity=0.9000 | cka=0 | targets=conv1.weight:0.895833;conv2.weight:0.895888;conv3.weight:0.895942;fc1.weight:0.900723
Round 020 | train_loss=1.8273 | test_loss=2.3742 | test_acc=0.1033 | sparsity=0.9000 | cka=1 | targets=conv1.weight:0.899306;conv2.weight:0.898980;conv3.weight:0.899007;fc1.weight:0.900177
Saved training log to: results/logs/cka_strength_sweep/cifar10_cka_strength_fixed_5605137/strength_0p9/seed_13/cka_feddst_cifar10_clients5_alpha0.3_sparsity0.9_cka0.9_seed13_20260802_015142.csv
Saved CKA log to: results/logs/cka_strength_sweep/cifar10_cka_strength_fixed_5605137/strength_0p9/seed_13/cka_feddst_cifar10_clients5_alpha0.3_sparsity0.9_cka0.9_seed13_20260802_015142_cka.csv

[Run 90/125] suite=cka_strength method=cka_feddst seed=13 sparsity=0.95 cka_strength=0.9
Output log dir: results/logs/cka_strength_sweep/cifar10_cka_strength_fixed_5605137/strength_0p9/seed_13
Command: /mnt/aiongpfs/users/dsen/micromamba/envs/cka-cifar/bin/python -m src.train --global-config configs/global_cifar10.yaml --config configs/cka_feddst_mnist.yaml --seed 13 --sparsity 0.95 --cka-strength 0.9 --log-dir results/logs/cka_strength_sweep/cifar10_cka_strength_fixed_5605137/strength_0p9/seed_13 --checkpoint-dir results/checkpoints/cka_strength_sweep/cifar10_cka_strength_fixed_5605137/strength_0p9/seed_13 --plot-dir results/plots/cka_strength_sweep/cifar10_cka_strength_fixed_5605137
Final merged configuration:
alpha: 0.3
batch_size: 64
checkpoint_dir: results/checkpoints/cka_strength_sweep/cifar10_cka_strength_fixed_5605137/strength_0p9/seed_13
cka_interval: 2
cka_layers:
- conv1
- conv2
- conv3
- fc1
cka_max_sparsity: 0.95
cka_min_sparsity: 0.5
cka_strength: 0.9
data_check: false
data_dir: data
dataset: cifar10
device: auto
disable_cudnn: true
dry_run: false
eval_interval: 1
experiment_config_path: configs/cka_feddst_mnist.yaml
global_config_path: configs/global_cifar10.yaml
local_epochs: 1
log_cka: false
log_dir: results/logs/cka_strength_sweep/cifar10_cka_strength_fixed_5605137/strength_0p9/seed_13
lr: 0.01
mask_update_interval: 2
method: cka_feddst
model: cifar_cnn
num_clients: 5
num_workers: 2
output_dir: results
plot_dir: results/plots/cka_strength_sweep/cifar10_cka_strength_fixed_5605137
prune_fraction: 0.2
reference_size: 500
regrowth_method: gradient
rounds: 20
save_checkpoint: false
seed: 13
sparsity: 0.95
sparsity_init: random
split_dir: null
Saved merged config to: results/logs/cka_strength_sweep/cifar10_cka_strength_fixed_5605137/strength_0p9/seed_13/cka_feddst_cifar10_clients5_alpha0.3_sparsity0.95_cka0.9_seed13_20260802_015931_config.yaml
cuDNN disabled for this run.
Client label distributions:
  client 00: n=19994, labels=[2952, 878, 4230, 1942, 3893, 2947, 1170, 1268, 17, 697]
  client 01: n= 5273, labels=[1186, 629, 719, 163, 777, 852, 428, 22, 488, 9]
  client 02: n= 7607, labels=[2, 105, 1, 0, 96, 68, 60, 1042, 2038, 4195]
  client 03: n= 4678, labels=[463, 27, 0, 654, 2, 62, 287, 776, 2407, 0]
  client 04: n=11948, labels=[347, 3311, 0, 2191, 182, 1021, 3005, 1842, 0, 49]
Initial sparsity | total=0.9500 | active=30994/619872
Layer sparsity | conv1.weight:0.944444;conv2.weight:0.950575;conv3.weight:0.949273;fc1.weight:0.950089;fc2.weight:0.950391
Round 001 | train_loss=2.2237 | test_loss=2.3037 | test_acc=0.1000 | sparsity=0.9500 | cka=0 | targets=
Round 002 | train_loss=2.2257 | test_loss=2.3055 | test_acc=0.1000 | sparsity=0.9500 | cka=1 | targets=conv1.weight:0.949074;conv2.weight:0.949978;conv3.weight:0.949992;fc1.weight:0.949999
Round 003 | train_loss=2.2281 | test_loss=2.3081 | test_acc=0.1000 | sparsity=0.9500 | cka=0 | targets=conv1.weight:0.949074;conv2.weight:0.949978;conv3.weight:0.949992;fc1.weight:0.949999
Round 004 | train_loss=2.2312 | test_loss=2.3108 | test_acc=0.1000 | sparsity=0.9500 | cka=1 | targets=conv1.weight:0.949074;conv2.weight:0.949978;conv3.weight:0.949992;fc1.weight:0.949999
Round 005 | train_loss=2.2346 | test_loss=2.3136 | test_acc=0.1000 | sparsity=0.9500 | cka=0 | targets=conv1.weight:0.949074;conv2.weight:0.949978;conv3.weight:0.949992;fc1.weight:0.949999
Round 006 | train_loss=2.2375 | test_loss=2.3162 | test_acc=0.1000 | sparsity=0.9500 | cka=1 | targets=conv1.weight:0.949074;conv2.weight:0.949978;conv3.weight:0.949992;fc1.weight:0.949999
Round 007 | train_loss=2.2400 | test_loss=2.3186 | test_acc=0.1000 | sparsity=0.9500 | cka=0 | targets=conv1.weight:0.949074;conv2.weight:0.949978;conv3.weight:0.949992;fc1.weight:0.949999
Round 008 | train_loss=2.2423 | test_loss=2.3208 | test_acc=0.1000 | sparsity=0.9500 | cka=1 | targets=conv1.weight:0.949074;conv2.weight:0.949978;conv3.weight:0.949992;fc1.weight:0.949999
Round 009 | train_loss=2.2449 | test_loss=2.3228 | test_acc=0.1000 | sparsity=0.9500 | cka=0 | targets=conv1.weight:0.949074;conv2.weight:0.949978;conv3.weight:0.949992;fc1.weight:0.949999
Round 010 | train_loss=2.2468 | test_loss=2.3245 | test_acc=0.1000 | sparsity=0.9500 | cka=1 | targets=conv1.weight:0.949074;conv2.weight:0.949978;conv3.weight:0.949992;fc1.weight:0.949999
Round 011 | train_loss=2.2480 | test_loss=2.3261 | test_acc=0.1000 | sparsity=0.9500 | cka=0 | targets=conv1.weight:0.949074;conv2.weight:0.949978;conv3.weight:0.949992;fc1.weight:0.949999
Round 012 | train_loss=2.2494 | test_loss=2.3274 | test_acc=0.1000 | sparsity=0.9500 | cka=1 | targets=conv1.weight:0.949074;conv2.weight:0.949978;conv3.weight:0.949992;fc1.weight:0.949999
Round 013 | train_loss=2.2511 | test_loss=2.3287 | test_acc=0.1000 | sparsity=0.9500 | cka=0 | targets=conv1.weight:0.949074;conv2.weight:0.949978;conv3.weight:0.949992;fc1.weight:0.949999
Round 014 | train_loss=2.2522 | test_loss=2.3298 | test_acc=0.1000 | sparsity=0.9500 | cka=1 | targets=conv1.weight:0.949074;conv2.weight:0.949978;conv3.weight:0.949992;fc1.weight:0.949999
Round 015 | train_loss=2.2524 | test_loss=2.3307 | test_acc=0.1000 | sparsity=0.9500 | cka=0 | targets=conv1.weight:0.949074;conv2.weight:0.949978;conv3.weight:0.949992;fc1.weight:0.949999
Round 016 | train_loss=2.2529 | test_loss=2.3315 | test_acc=0.1000 | sparsity=0.9500 | cka=1 | targets=conv1.weight:0.949074;conv2.weight:0.949978;conv3.weight:0.949992;fc1.weight:0.949999
Round 017 | train_loss=2.2545 | test_loss=2.3323 | test_acc=0.1000 | sparsity=0.9500 | cka=0 | targets=conv1.weight:0.949074;conv2.weight:0.949978;conv3.weight:0.949992;fc1.weight:0.949999
Round 018 | train_loss=2.2550 | test_loss=2.3330 | test_acc=0.1000 | sparsity=0.9500 | cka=1 | targets=conv1.weight:0.949074;conv2.weight:0.949978;conv3.weight:0.949992;fc1.weight:0.949999
Round 019 | train_loss=2.2542 | test_loss=2.3337 | test_acc=0.1000 | sparsity=0.9500 | cka=0 | targets=conv1.weight:0.949074;conv2.weight:0.949978;conv3.weight:0.949992;fc1.weight:0.949999
Round 020 | train_loss=2.2542 | test_loss=2.3341 | test_acc=0.1000 | sparsity=0.9500 | cka=1 | targets=conv1.weight:0.949074;conv2.weight:0.949978;conv3.weight:0.949992;fc1.weight:0.949999
Saved training log to: results/logs/cka_strength_sweep/cifar10_cka_strength_fixed_5605137/strength_0p9/seed_13/cka_feddst_cifar10_clients5_alpha0.3_sparsity0.95_cka0.9_seed13_20260802_015931.csv
Saved CKA log to: results/logs/cka_strength_sweep/cifar10_cka_strength_fixed_5605137/strength_0p9/seed_13/cka_feddst_cifar10_clients5_alpha0.3_sparsity0.95_cka0.9_seed13_20260802_015931_cka.csv

[Run 91/125] suite=cka_strength method=cka_feddst seed=21 sparsity=0.5 cka_strength=0.9
Output log dir: results/logs/cka_strength_sweep/cifar10_cka_strength_fixed_5605137/strength_0p9/seed_21
Command: /mnt/aiongpfs/users/dsen/micromamba/envs/cka-cifar/bin/python -m src.train --global-config configs/global_cifar10.yaml --config configs/cka_feddst_mnist.yaml --seed 21 --sparsity 0.5 --cka-strength 0.9 --log-dir results/logs/cka_strength_sweep/cifar10_cka_strength_fixed_5605137/strength_0p9/seed_21 --checkpoint-dir results/checkpoints/cka_strength_sweep/cifar10_cka_strength_fixed_5605137/strength_0p9/seed_21 --plot-dir results/plots/cka_strength_sweep/cifar10_cka_strength_fixed_5605137
Final merged configuration:
alpha: 0.3
batch_size: 64
checkpoint_dir: results/checkpoints/cka_strength_sweep/cifar10_cka_strength_fixed_5605137/strength_0p9/seed_21
cka_interval: 2
cka_layers:
- conv1
- conv2
- conv3
- fc1
cka_max_sparsity: 0.95
cka_min_sparsity: 0.5
cka_strength: 0.9
data_check: false
data_dir: data
dataset: cifar10
device: auto
disable_cudnn: true
dry_run: false
eval_interval: 1
experiment_config_path: configs/cka_feddst_mnist.yaml
global_config_path: configs/global_cifar10.yaml
local_epochs: 1
log_cka: false
log_dir: results/logs/cka_strength_sweep/cifar10_cka_strength_fixed_5605137/strength_0p9/seed_21
lr: 0.01
mask_update_interval: 2
method: cka_feddst
model: cifar_cnn
num_clients: 5
num_workers: 2
output_dir: results
plot_dir: results/plots/cka_strength_sweep/cifar10_cka_strength_fixed_5605137
prune_fraction: 0.2
reference_size: 500
regrowth_method: gradient
rounds: 20
save_checkpoint: false
seed: 21
sparsity: 0.5
sparsity_init: random
split_dir: null
Saved merged config to: results/logs/cka_strength_sweep/cifar10_cka_strength_fixed_5605137/strength_0p9/seed_21/cka_feddst_cifar10_clients5_alpha0.3_sparsity0.5_cka0.9_seed21_20260802_020713_config.yaml
cuDNN disabled for this run.
Client label distributions:
  client 00: n=10151, labels=[68, 0, 4345, 758, 1058, 713, 0, 122, 882, 2205]
  client 01: n=10420, labels=[957, 2155, 26, 376, 2359, 483, 4054, 4, 6, 0]
  client 02: n= 7384, labels=[1406, 266, 313, 764, 191, 13, 184, 2, 3127, 1118]
  client 03: n=13329, labels=[2519, 2506, 245, 1146, 1341, 359, 6, 3254, 563, 1390]
  client 04: n= 8216, labels=[0, 23, 21, 1906, 1, 3382, 706, 1568, 372, 237]
Initial sparsity | total=0.5000 | active=309936/619872
Layer sparsity | conv1.weight:0.486111;conv2.weight:0.498806;conv3.weight:0.498834;fc1.weight:0.500118;fc2.weight:0.522656
Round 001 | train_loss=2.0278 | test_loss=2.2765 | test_acc=0.1305 | sparsity=0.5000 | cka=0 | targets=
Round 002 | train_loss=1.7818 | test_loss=2.3185 | test_acc=0.1485 | sparsity=0.5001 | cka=1 | targets=conv1.weight:0.500000;conv2.weight:0.500000;conv3.weight:0.500000;fc1.weight:0.500000
Round 003 | train_loss=1.7277 | test_loss=2.3980 | test_acc=0.1394 | sparsity=0.5001 | cka=0 | targets=conv1.weight:0.500000;conv2.weight:0.500000;conv3.weight:0.500000;fc1.weight:0.500000
Round 004 | train_loss=1.7083 | test_loss=2.3191 | test_acc=0.1537 | sparsity=0.5001 | cka=1 | targets=conv1.weight:0.500000;conv2.weight:0.500000;conv3.weight:0.500000;fc1.weight:0.500000
Round 005 | train_loss=1.6963 | test_loss=2.3377 | test_acc=0.1544 | sparsity=0.5001 | cka=0 | targets=conv1.weight:0.500000;conv2.weight:0.500000;conv3.weight:0.500000;fc1.weight:0.500000
Round 006 | train_loss=1.6767 | test_loss=2.3392 | test_acc=0.1657 | sparsity=0.5001 | cka=1 | targets=conv1.weight:0.500000;conv2.weight:0.500000;conv3.weight:0.500000;fc1.weight:0.500000
Round 007 | train_loss=1.6705 | test_loss=2.2965 | test_acc=0.1762 | sparsity=0.5001 | cka=0 | targets=conv1.weight:0.500000;conv2.weight:0.500000;conv3.weight:0.500000;fc1.weight:0.500000
Round 008 | train_loss=1.6455 | test_loss=2.2844 | test_acc=0.1812 | sparsity=0.5001 | cka=1 | targets=conv1.weight:0.500000;conv2.weight:0.500000;conv3.weight:0.500000;fc1.weight:0.500000
Round 009 | train_loss=1.6229 | test_loss=2.2764 | test_acc=0.2067 | sparsity=0.5001 | cka=0 | targets=conv1.weight:0.500000;conv2.weight:0.500000;conv3.weight:0.500000;fc1.weight:0.500000
Round 010 | train_loss=1.5912 | test_loss=2.2427 | test_acc=0.2228 | sparsity=0.5001 | cka=1 | targets=conv1.weight:0.500000;conv2.weight:0.500000;conv3.weight:0.500000;fc1.weight:0.500000
Round 011 | train_loss=1.5821 | test_loss=2.1882 | test_acc=0.2433 | sparsity=0.5001 | cka=0 | targets=conv1.weight:0.500000;conv2.weight:0.500000;conv3.weight:0.500000;fc1.weight:0.500000
Round 012 | train_loss=1.5339 | test_loss=2.1932 | test_acc=0.2558 | sparsity=0.5001 | cka=1 | targets=conv1.weight:0.500000;conv2.weight:0.500000;conv3.weight:0.500000;fc1.weight:0.500000
Round 013 | train_loss=1.5015 | test_loss=2.1169 | test_acc=0.2553 | sparsity=0.5001 | cka=0 | targets=conv1.weight:0.500000;conv2.weight:0.500000;conv3.weight:0.500000;fc1.weight:0.500000
Round 014 | train_loss=1.4667 | test_loss=2.0739 | test_acc=0.2781 | sparsity=0.5001 | cka=1 | targets=conv1.weight:0.500000;conv2.weight:0.500000;conv3.weight:0.500000;fc1.weight:0.500000
Round 015 | train_loss=1.4560 | test_loss=2.0370 | test_acc=0.2850 | sparsity=0.5001 | cka=0 | targets=conv1.weight:0.500000;conv2.weight:0.500000;conv3.weight:0.500000;fc1.weight:0.500000
Round 016 | train_loss=1.4174 | test_loss=2.0162 | test_acc=0.2873 | sparsity=0.5001 | cka=1 | targets=conv1.weight:0.500000;conv2.weight:0.500000;conv3.weight:0.500000;fc1.weight:0.500000
Round 017 | train_loss=1.3958 | test_loss=1.9638 | test_acc=0.3027 | sparsity=0.5001 | cka=0 | targets=conv1.weight:0.500000;conv2.weight:0.500000;conv3.weight:0.500000;fc1.weight:0.500000
Round 018 | train_loss=1.3720 | test_loss=1.9856 | test_acc=0.2980 | sparsity=0.5001 | cka=1 | targets=conv1.weight:0.500000;conv2.weight:0.500000;conv3.weight:0.500000;fc1.weight:0.500000
Round 019 | train_loss=1.3715 | test_loss=1.9732 | test_acc=0.3071 | sparsity=0.5001 | cka=0 | targets=conv1.weight:0.500000;conv2.weight:0.500000;conv3.weight:0.500000;fc1.weight:0.500000
Round 020 | train_loss=1.3466 | test_loss=1.9332 | test_acc=0.3115 | sparsity=0.5001 | cka=1 | targets=conv1.weight:0.500000;conv2.weight:0.500000;conv3.weight:0.500000;fc1.weight:0.500000
Saved training log to: results/logs/cka_strength_sweep/cifar10_cka_strength_fixed_5605137/strength_0p9/seed_21/cka_feddst_cifar10_clients5_alpha0.3_sparsity0.5_cka0.9_seed21_20260802_020713.csv
Saved CKA log to: results/logs/cka_strength_sweep/cifar10_cka_strength_fixed_5605137/strength_0p9/seed_21/cka_feddst_cifar10_clients5_alpha0.3_sparsity0.5_cka0.9_seed21_20260802_020713_cka.csv

[Run 92/125] suite=cka_strength method=cka_feddst seed=21 sparsity=0.7 cka_strength=0.9
Output log dir: results/logs/cka_strength_sweep/cifar10_cka_strength_fixed_5605137/strength_0p9/seed_21
Command: /mnt/aiongpfs/users/dsen/micromamba/envs/cka-cifar/bin/python -m src.train --global-config configs/global_cifar10.yaml --config configs/cka_feddst_mnist.yaml --seed 21 --sparsity 0.7 --cka-strength 0.9 --log-dir results/logs/cka_strength_sweep/cifar10_cka_strength_fixed_5605137/strength_0p9/seed_21 --checkpoint-dir results/checkpoints/cka_strength_sweep/cifar10_cka_strength_fixed_5605137/strength_0p9/seed_21 --plot-dir results/plots/cka_strength_sweep/cifar10_cka_strength_fixed_5605137
Final merged configuration:
alpha: 0.3
batch_size: 64
checkpoint_dir: results/checkpoints/cka_strength_sweep/cifar10_cka_strength_fixed_5605137/strength_0p9/seed_21
cka_interval: 2
cka_layers:
- conv1
- conv2
- conv3
- fc1
cka_max_sparsity: 0.95
cka_min_sparsity: 0.5
cka_strength: 0.9
data_check: false
data_dir: data
dataset: cifar10
device: auto
disable_cudnn: true
dry_run: false
eval_interval: 1
experiment_config_path: configs/cka_feddst_mnist.yaml
global_config_path: configs/global_cifar10.yaml
local_epochs: 1
log_cka: false
log_dir: results/logs/cka_strength_sweep/cifar10_cka_strength_fixed_5605137/strength_0p9/seed_21
lr: 0.01
mask_update_interval: 2
method: cka_feddst
model: cifar_cnn
num_clients: 5
num_workers: 2
output_dir: results
plot_dir: results/plots/cka_strength_sweep/cifar10_cka_strength_fixed_5605137
prune_fraction: 0.2
reference_size: 500
regrowth_method: gradient
rounds: 20
save_checkpoint: false
seed: 21
sparsity: 0.7
sparsity_init: random
split_dir: null
Saved merged config to: results/logs/cka_strength_sweep/cifar10_cka_strength_fixed_5605137/strength_0p9/seed_21/cka_feddst_cifar10_clients5_alpha0.3_sparsity0.7_cka0.9_seed21_20260802_021450_config.yaml
cuDNN disabled for this run.
Client label distributions:
  client 00: n=10151, labels=[68, 0, 4345, 758, 1058, 713, 0, 122, 882, 2205]
  client 01: n=10420, labels=[957, 2155, 26, 376, 2359, 483, 4054, 4, 6, 0]
  client 02: n= 7384, labels=[1406, 266, 313, 764, 191, 13, 184, 2, 3127, 1118]
  client 03: n=13329, labels=[2519, 2506, 245, 1146, 1341, 359, 6, 3254, 563, 1390]
  client 04: n= 8216, labels=[0, 23, 21, 1906, 1, 3382, 706, 1568, 372, 237]
Initial sparsity | total=0.7000 | active=185962/619872
Layer sparsity | conv1.weight:0.682870;conv2.weight:0.695367;conv3.weight:0.700928;fc1.weight:0.699989;fc2.weight:0.714453
Round 001 | train_loss=2.1984 | test_loss=2.3004 | test_acc=0.1189 | sparsity=0.7000 | cka=0 | targets=
Round 002 | train_loss=2.1529 | test_loss=2.2899 | test_acc=0.1091 | sparsity=0.7001 | cka=1 | targets=conv1.weight:0.697917;conv2.weight:0.697537;conv3.weight:0.697686;fc1.weight:0.700415
Round 003 | train_loss=1.8653 | test_loss=2.3050 | test_acc=0.1453 | sparsity=0.7001 | cka=0 | targets=conv1.weight:0.697917;conv2.weight:0.697537;conv3.weight:0.697686;fc1.weight:0.700415
Round 004 | train_loss=1.7431 | test_loss=2.2668 | test_acc=0.1410 | sparsity=0.7001 | cka=1 | targets=conv1.weight:0.697917;conv2.weight:0.697754;conv3.weight:0.697767;fc1.weight:0.700396
Round 005 | train_loss=1.7492 | test_loss=2.3419 | test_acc=0.1429 | sparsity=0.7001 | cka=0 | targets=conv1.weight:0.697917;conv2.weight:0.697754;conv3.weight:0.697767;fc1.weight:0.700396
Round 006 | train_loss=1.7113 | test_loss=2.3520 | test_acc=0.1461 | sparsity=0.7001 | cka=1 | targets=conv1.weight:0.696759;conv2.weight:0.697211;conv3.weight:0.697225;fc1.weight:0.700493
Round 007 | train_loss=1.7015 | test_loss=2.3569 | test_acc=0.1562 | sparsity=0.7001 | cka=0 | targets=conv1.weight:0.696759;conv2.weight:0.697211;conv3.weight:0.697225;fc1.weight:0.700493
Round 008 | train_loss=1.6901 | test_loss=2.3714 | test_acc=0.1501 | sparsity=0.7001 | cka=1 | targets=conv1.weight:0.696759;conv2.weight:0.697157;conv3.weight:0.697198;fc1.weight:0.700499
Round 009 | train_loss=1.6839 | test_loss=2.3582 | test_acc=0.1627 | sparsity=0.7001 | cka=0 | targets=conv1.weight:0.696759;conv2.weight:0.697157;conv3.weight:0.697198;fc1.weight:0.700499
Round 010 | train_loss=1.6730 | test_loss=2.3525 | test_acc=0.1583 | sparsity=0.7001 | cka=1 | targets=conv1.weight:0.697917;conv2.weight:0.697483;conv3.weight:0.697510;fc1.weight:0.700441
Round 011 | train_loss=1.6716 | test_loss=2.3203 | test_acc=0.1660 | sparsity=0.7001 | cka=0 | targets=conv1.weight:0.697917;conv2.weight:0.697483;conv3.weight:0.697510;fc1.weight:0.700441
Round 012 | train_loss=1.6560 | test_loss=2.3429 | test_acc=0.1681 | sparsity=0.7001 | cka=1 | targets=conv1.weight:0.696759;conv2.weight:0.696669;conv3.weight:0.696777;fc1.weight:0.700575
Round 013 | train_loss=1.6533 | test_loss=2.3393 | test_acc=0.1645 | sparsity=0.7001 | cka=0 | targets=conv1.weight:0.696759;conv2.weight:0.696669;conv3.weight:0.696777;fc1.weight:0.700575
Round 014 | train_loss=1.6415 | test_loss=2.3041 | test_acc=0.1773 | sparsity=0.7001 | cka=1 | targets=conv1.weight:0.696759;conv2.weight:0.696886;conv3.weight:0.696940;fc1.weight:0.700544
Round 015 | train_loss=1.6369 | test_loss=2.2725 | test_acc=0.1830 | sparsity=0.7001 | cka=0 | targets=conv1.weight:0.696759;conv2.weight:0.696886;conv3.weight:0.696940;fc1.weight:0.700544
Round 016 | train_loss=1.6214 | test_loss=2.3036 | test_acc=0.1811 | sparsity=0.7001 | cka=1 | targets=conv1.weight:0.695602;conv2.weight:0.695909;conv3.weight:0.696153;fc1.weight:0.700691
Round 017 | train_loss=1.6132 | test_loss=2.2576 | test_acc=0.1957 | sparsity=0.7001 | cka=0 | targets=conv1.weight:0.695602;conv2.weight:0.695909;conv3.weight:0.696153;fc1.weight:0.700691
Round 018 | train_loss=1.5956 | test_loss=2.2931 | test_acc=0.2161 | sparsity=0.7001 | cka=1 | targets=conv1.weight:0.696759;conv2.weight:0.696398;conv3.weight:0.696682;fc1.weight:0.700598
Round 019 | train_loss=1.5875 | test_loss=2.2232 | test_acc=0.2267 | sparsity=0.7001 | cka=0 | targets=conv1.weight:0.696759;conv2.weight:0.696398;conv3.weight:0.696682;fc1.weight:0.700598
Round 020 | train_loss=1.5478 | test_loss=2.2617 | test_acc=0.2328 | sparsity=0.7001 | cka=1 | targets=conv1.weight:0.690972;conv2.weight:0.691243;conv3.weight:0.694282;fc1.weight:0.701126
Saved training log to: results/logs/cka_strength_sweep/cifar10_cka_strength_fixed_5605137/strength_0p9/seed_21/cka_feddst_cifar10_clients5_alpha0.3_sparsity0.7_cka0.9_seed21_20260802_021450.csv
Saved CKA log to: results/logs/cka_strength_sweep/cifar10_cka_strength_fixed_5605137/strength_0p9/seed_21/cka_feddst_cifar10_clients5_alpha0.3_sparsity0.7_cka0.9_seed21_20260802_021450_cka.csv

[Run 93/125] suite=cka_strength method=cka_feddst seed=21 sparsity=0.8 cka_strength=0.9
Output log dir: results/logs/cka_strength_sweep/cifar10_cka_strength_fixed_5605137/strength_0p9/seed_21
Command: /mnt/aiongpfs/users/dsen/micromamba/envs/cka-cifar/bin/python -m src.train --global-config configs/global_cifar10.yaml --config configs/cka_feddst_mnist.yaml --seed 21 --sparsity 0.8 --cka-strength 0.9 --log-dir results/logs/cka_strength_sweep/cifar10_cka_strength_fixed_5605137/strength_0p9/seed_21 --checkpoint-dir results/checkpoints/cka_strength_sweep/cifar10_cka_strength_fixed_5605137/strength_0p9/seed_21 --plot-dir results/plots/cka_strength_sweep/cifar10_cka_strength_fixed_5605137
Final merged configuration:
alpha: 0.3
batch_size: 64
checkpoint_dir: results/checkpoints/cka_strength_sweep/cifar10_cka_strength_fixed_5605137/strength_0p9/seed_21
cka_interval: 2
cka_layers:
- conv1
- conv2
- conv3
- fc1
cka_max_sparsity: 0.95
cka_min_sparsity: 0.5
cka_strength: 0.9
data_check: false
data_dir: data
dataset: cifar10
device: auto
disable_cudnn: true
dry_run: false
eval_interval: 1
experiment_config_path: configs/cka_feddst_mnist.yaml
global_config_path: configs/global_cifar10.yaml
local_epochs: 1
log_cka: false
log_dir: results/logs/cka_strength_sweep/cifar10_cka_strength_fixed_5605137/strength_0p9/seed_21
lr: 0.01
mask_update_interval: 2
method: cka_feddst
model: cifar_cnn
num_clients: 5
num_workers: 2
output_dir: results
plot_dir: results/plots/cka_strength_sweep/cifar10_cka_strength_fixed_5605137
prune_fraction: 0.2
reference_size: 500
regrowth_method: gradient
rounds: 20
save_checkpoint: false
seed: 21
sparsity: 0.8
sparsity_init: random
split_dir: null
Saved merged config to: results/logs/cka_strength_sweep/cifar10_cka_strength_fixed_5605137/strength_0p9/seed_21/cka_feddst_cifar10_clients5_alpha0.3_sparsity0.8_cka0.9_seed21_20260802_022235_config.yaml
cuDNN disabled for this run.
Client label distributions:
  client 00: n=10151, labels=[68, 0, 4345, 758, 1058, 713, 0, 122, 882, 2205]
  client 01: n=10420, labels=[957, 2155, 26, 376, 2359, 483, 4054, 4, 6, 0]
  client 02: n= 7384, labels=[1406, 266, 313, 764, 191, 13, 184, 2, 3127, 1118]
  client 03: n=13329, labels=[2519, 2506, 245, 1146, 1341, 359, 6, 3254, 563, 1390]
  client 04: n= 8216, labels=[0, 23, 21, 1906, 1, 3382, 706, 1568, 372, 237]
Initial sparsity | total=0.8000 | active=123974/619872
Layer sparsity | conv1.weight:0.776620;conv2.weight:0.796115;conv3.weight:0.799981;fc1.weight:0.800104;fc2.weight:0.815234
Round 001 | train_loss=2.2094 | test_loss=2.3028 | test_acc=0.1000 | sparsity=0.8000 | cka=0 | targets=
Round 002 | train_loss=2.2085 | test_loss=2.3027 | test_acc=0.0989 | sparsity=0.8001 | cka=1 | targets=conv1.weight:0.798611;conv2.weight:0.798665;conv3.weight:0.798665;fc1.weight:0.800238
Round 003 | train_loss=2.2034 | test_loss=2.3025 | test_acc=0.1270 | sparsity=0.8001 | cka=0 | targets=conv1.weight:0.798611;conv2.weight:0.798665;conv3.weight:0.798665;fc1.weight:0.800238
Round 004 | train_loss=2.1771 | test_loss=2.3022 | test_acc=0.1000 | sparsity=0.8001 | cka=1 | targets=conv1.weight:0.799769;conv2.weight:0.799316;conv3.weight:0.799398;fc1.weight:0.800110
Round 005 | train_loss=2.1813 | test_loss=2.2985 | test_acc=0.1003 | sparsity=0.8001 | cka=0 | targets=conv1.weight:0.799769;conv2.weight:0.799316;conv3.weight:0.799398;fc1.weight:0.800110
Round 006 | train_loss=2.0257 | test_loss=2.2897 | test_acc=0.1362 | sparsity=0.8001 | cka=1 | targets=conv1.weight:0.798611;conv2.weight:0.798177;conv3.weight:0.798204;fc1.weight:0.800320
Round 007 | train_loss=1.8138 | test_loss=2.3536 | test_acc=0.1358 | sparsity=0.8001 | cka=0 | targets=conv1.weight:0.798611;conv2.weight:0.798177;conv3.weight:0.798204;fc1.weight:0.800320
Round 008 | train_loss=1.7293 | test_loss=2.3250 | test_acc=0.1360 | sparsity=0.8001 | cka=1 | targets=conv1.weight:0.798611;conv2.weight:0.798720;conv3.weight:0.798733;fc1.weight:0.800226
Round 009 | train_loss=1.7156 | test_loss=2.3936 | test_acc=0.1378 | sparsity=0.8001 | cka=0 | targets=conv1.weight:0.798611;conv2.weight:0.798720;conv3.weight:0.798733;fc1.weight:0.800226
Round 010 | train_loss=1.6984 | test_loss=2.3729 | test_acc=0.1422 | sparsity=0.8001 | cka=1 | targets=conv1.weight:0.797454;conv2.weight:0.798123;conv3.weight:0.798177;fc1.weight:0.800327
Round 011 | train_loss=1.6919 | test_loss=2.3595 | test_acc=0.1450 | sparsity=0.8001 | cka=0 | targets=conv1.weight:0.797454;conv2.weight:0.798123;conv3.weight:0.798177;fc1.weight:0.800327
Round 012 | train_loss=1.6785 | test_loss=2.3590 | test_acc=0.1503 | sparsity=0.8001 | cka=1 | targets=conv1.weight:0.797454;conv2.weight:0.798123;conv3.weight:0.798204;fc1.weight:0.800323
Round 013 | train_loss=1.6764 | test_loss=2.3590 | test_acc=0.1440 | sparsity=0.8001 | cka=0 | targets=conv1.weight:0.797454;conv2.weight:0.798123;conv3.weight:0.798204;fc1.weight:0.800323
Round 014 | train_loss=1.6659 | test_loss=2.3371 | test_acc=0.1495 | sparsity=0.8001 | cka=1 | targets=conv1.weight:0.797454;conv2.weight:0.797580;conv3.weight:0.797702;fc1.weight:0.800413
Round 015 | train_loss=1.6597 | test_loss=2.3021 | test_acc=0.1580 | sparsity=0.8001 | cka=0 | targets=conv1.weight:0.797454;conv2.weight:0.797580;conv3.weight:0.797702;fc1.weight:0.800413
Round 016 | train_loss=1.6489 | test_loss=2.3348 | test_acc=0.1521 | sparsity=0.8001 | cka=1 | targets=conv1.weight:0.796296;conv2.weight:0.797146;conv3.weight:0.797323;fc1.weight:0.800484
Round 017 | train_loss=1.6448 | test_loss=2.2824 | test_acc=0.1594 | sparsity=0.8001 | cka=0 | targets=conv1.weight:0.796296;conv2.weight:0.797146;conv3.weight:0.797323;fc1.weight:0.800484
Round 018 | train_loss=1.6343 | test_loss=2.3246 | test_acc=0.1615 | sparsity=0.8001 | cka=1 | targets=conv1.weight:0.796296;conv2.weight:0.797038;conv3.weight:0.797526;fc1.weight:0.800459
Round 019 | train_loss=1.6302 | test_loss=2.2785 | test_acc=0.1704 | sparsity=0.8001 | cka=0 | targets=conv1.weight:0.796296;conv2.weight:0.797038;conv3.weight:0.797526;fc1.weight:0.800459
Round 020 | train_loss=1.6194 | test_loss=2.2894 | test_acc=0.1680 | sparsity=0.8001 | cka=1 | targets=conv1.weight:0.795139;conv2.weight:0.796224;conv3.weight:0.797133;fc1.weight:0.800545
Saved training log to: results/logs/cka_strength_sweep/cifar10_cka_strength_fixed_5605137/strength_0p9/seed_21/cka_feddst_cifar10_clients5_alpha0.3_sparsity0.8_cka0.9_seed21_20260802_022235.csv
Saved CKA log to: results/logs/cka_strength_sweep/cifar10_cka_strength_fixed_5605137/strength_0p9/seed_21/cka_feddst_cifar10_clients5_alpha0.3_sparsity0.8_cka0.9_seed21_20260802_022235_cka.csv

[Run 94/125] suite=cka_strength method=cka_feddst seed=21 sparsity=0.9 cka_strength=0.9
Output log dir: results/logs/cka_strength_sweep/cifar10_cka_strength_fixed_5605137/strength_0p9/seed_21
Command: /mnt/aiongpfs/users/dsen/micromamba/envs/cka-cifar/bin/python -m src.train --global-config configs/global_cifar10.yaml --config configs/cka_feddst_mnist.yaml --seed 21 --sparsity 0.9 --cka-strength 0.9 --log-dir results/logs/cka_strength_sweep/cifar10_cka_strength_fixed_5605137/strength_0p9/seed_21 --checkpoint-dir results/checkpoints/cka_strength_sweep/cifar10_cka_strength_fixed_5605137/strength_0p9/seed_21 --plot-dir results/plots/cka_strength_sweep/cifar10_cka_strength_fixed_5605137
Final merged configuration:
alpha: 0.3
batch_size: 64
checkpoint_dir: results/checkpoints/cka_strength_sweep/cifar10_cka_strength_fixed_5605137/strength_0p9/seed_21
cka_interval: 2
cka_layers:
- conv1
- conv2
- conv3
- fc1
cka_max_sparsity: 0.95
cka_min_sparsity: 0.5
cka_strength: 0.9
data_check: false
data_dir: data
dataset: cifar10
device: auto
disable_cudnn: true
dry_run: false
eval_interval: 1
experiment_config_path: configs/cka_feddst_mnist.yaml
global_config_path: configs/global_cifar10.yaml
local_epochs: 1
log_cka: false
log_dir: results/logs/cka_strength_sweep/cifar10_cka_strength_fixed_5605137/strength_0p9/seed_21
lr: 0.01
mask_update_interval: 2
method: cka_feddst
model: cifar_cnn
num_clients: 5
num_workers: 2
output_dir: results
plot_dir: results/plots/cka_strength_sweep/cifar10_cka_strength_fixed_5605137
prune_fraction: 0.2
reference_size: 500
regrowth_method: gradient
rounds: 20
save_checkpoint: false
seed: 21
sparsity: 0.9
sparsity_init: random
split_dir: null
Saved merged config to: results/logs/cka_strength_sweep/cifar10_cka_strength_fixed_5605137/strength_0p9/seed_21/cka_feddst_cifar10_clients5_alpha0.3_sparsity0.9_cka0.9_seed21_20260802_023011_config.yaml
cuDNN disabled for this run.
Client label distributions:
  client 00: n=10151, labels=[68, 0, 4345, 758, 1058, 713, 0, 122, 882, 2205]
  client 01: n=10420, labels=[957, 2155, 26, 376, 2359, 483, 4054, 4, 6, 0]
  client 02: n= 7384, labels=[1406, 266, 313, 764, 191, 13, 184, 2, 3127, 1118]
  client 03: n=13329, labels=[2519, 2506, 245, 1146, 1341, 359, 6, 3254, 563, 1390]
  client 04: n= 8216, labels=[0, 23, 21, 1906, 1, 3382, 706, 1568, 372, 237]
Initial sparsity | total=0.9000 | active=61987/619872
Layer sparsity | conv1.weight:0.890046;conv2.weight:0.896973;conv3.weight:0.900798;fc1.weight:0.899969;fc2.weight:0.908594
Round 001 | train_loss=2.2110 | test_loss=2.3028 | test_acc=0.1000 | sparsity=0.9000 | cka=0 | targets=
Round 002 | train_loss=2.2107 | test_loss=2.3027 | test_acc=0.1000 | sparsity=0.9000 | cka=1 | targets=conv1.weight:0.900463;conv2.weight:0.899848;conv3.weight:0.899875;fc1.weight:0.900023
Round 003 | train_loss=2.2098 | test_loss=2.3028 | test_acc=0.1000 | sparsity=0.9000 | cka=0 | targets=conv1.weight:0.900463;conv2.weight:0.899848;conv3.weight:0.899875;fc1.weight:0.900023
Round 004 | train_loss=2.2096 | test_loss=2.3030 | test_acc=0.1000 | sparsity=0.9000 | cka=1 | targets=conv1.weight:0.899306;conv2.weight:0.899143;conv3.weight:0.899143;fc1.weight:0.900152
Round 005 | train_loss=2.2104 | test_loss=2.3033 | test_acc=0.1000 | sparsity=0.9000 | cka=0 | targets=conv1.weight:0.899306;conv2.weight:0.899143;conv3.weight:0.899143;fc1.weight:0.900152
Round 006 | train_loss=2.2105 | test_loss=2.3036 | test_acc=0.1000 | sparsity=0.9000 | cka=1 | targets=conv1.weight:0.899306;conv2.weight:0.899794;conv3.weight:0.899794;fc1.weight:0.900038
Round 007 | train_loss=2.2098 | test_loss=2.3039 | test_acc=0.1000 | sparsity=0.9000 | cka=0 | targets=conv1.weight:0.899306;conv2.weight:0.899794;conv3.weight:0.899794;fc1.weight:0.900038
Round 008 | train_loss=2.2095 | test_loss=2.3042 | test_acc=0.1000 | sparsity=0.9000 | cka=1 | targets=conv1.weight:0.898148;conv2.weight:0.898872;conv3.weight:0.898872;fc1.weight:0.900202
Round 009 | train_loss=2.2105 | test_loss=2.3045 | test_acc=0.1000 | sparsity=0.9000 | cka=0 | targets=conv1.weight:0.898148;conv2.weight:0.898872;conv3.weight:0.898872;fc1.weight:0.900202
Round 010 | train_loss=2.2104 | test_loss=2.3047 | test_acc=0.1000 | sparsity=0.9000 | cka=1 | targets=conv1.weight:0.899306;conv2.weight:0.899740;conv3.weight:0.899740;fc1.weight:0.900047
Round 011 | train_loss=2.2088 | test_loss=2.3049 | test_acc=0.1000 | sparsity=0.9000 | cka=0 | targets=conv1.weight:0.899306;conv2.weight:0.899740;conv3.weight:0.899740;fc1.weight:0.900047
Round 012 | train_loss=2.2078 | test_loss=2.3052 | test_acc=0.1000 | sparsity=0.9000 | cka=1 | targets=conv1.weight:0.898148;conv2.weight:0.898709;conv3.weight:0.898749;fc1.weight:0.900225
Round 013 | train_loss=2.2093 | test_loss=2.3053 | test_acc=0.1000 | sparsity=0.9000 | cka=0 | targets=conv1.weight:0.898148;conv2.weight:0.898709;conv3.weight:0.898749;fc1.weight:0.900225
Round 014 | train_loss=2.2085 | test_loss=2.3055 | test_acc=0.1000 | sparsity=0.9000 | cka=1 | targets=conv1.weight:0.899306;conv2.weight:0.899631;conv3.weight:0.899631;fc1.weight:0.900066
Round 015 | train_loss=2.2051 | test_loss=2.3057 | test_acc=0.1000 | sparsity=0.9000 | cka=0 | targets=conv1.weight:0.899306;conv2.weight:0.899631;conv3.weight:0.899631;fc1.weight:0.900066
Round 016 | train_loss=2.2015 | test_loss=2.3058 | test_acc=0.1000 | sparsity=0.9000 | cka=1 | targets=conv1.weight:0.899306;conv2.weight:0.899143;conv3.weight:0.899224;fc1.weight:0.900141
Round 017 | train_loss=2.2045 | test_loss=2.3059 | test_acc=0.1000 | sparsity=0.9000 | cka=0 | targets=conv1.weight:0.899306;conv2.weight:0.899143;conv3.weight:0.899224;fc1.weight:0.900141
Round 018 | train_loss=2.2019 | test_loss=2.3060 | test_acc=0.1000 | sparsity=0.9000 | cka=1 | targets=conv1.weight:0.899306;conv2.weight:0.899577;conv3.weight:0.899604;fc1.weight:0.900072
Round 019 | train_loss=2.1917 | test_loss=2.3061 | test_acc=0.1000 | sparsity=0.9000 | cka=0 | targets=conv1.weight:0.899306;conv2.weight:0.899577;conv3.weight:0.899604;fc1.weight:0.900072
Round 020 | train_loss=2.1710 | test_loss=2.3061 | test_acc=0.1000 | sparsity=0.9000 | cka=1 | targets=conv1.weight:0.899306;conv2.weight:0.899740;conv3.weight:0.899794;fc1.weight:0.900040
Saved training log to: results/logs/cka_strength_sweep/cifar10_cka_strength_fixed_5605137/strength_0p9/seed_21/cka_feddst_cifar10_clients5_alpha0.3_sparsity0.9_cka0.9_seed21_20260802_023011.csv
Saved CKA log to: results/logs/cka_strength_sweep/cifar10_cka_strength_fixed_5605137/strength_0p9/seed_21/cka_feddst_cifar10_clients5_alpha0.3_sparsity0.9_cka0.9_seed21_20260802_023011_cka.csv

[Run 95/125] suite=cka_strength method=cka_feddst seed=21 sparsity=0.95 cka_strength=0.9
Output log dir: results/logs/cka_strength_sweep/cifar10_cka_strength_fixed_5605137/strength_0p9/seed_21
Command: /mnt/aiongpfs/users/dsen/micromamba/envs/cka-cifar/bin/python -m src.train --global-config configs/global_cifar10.yaml --config configs/cka_feddst_mnist.yaml --seed 21 --sparsity 0.95 --cka-strength 0.9 --log-dir results/logs/cka_strength_sweep/cifar10_cka_strength_fixed_5605137/strength_0p9/seed_21 --checkpoint-dir results/checkpoints/cka_strength_sweep/cifar10_cka_strength_fixed_5605137/strength_0p9/seed_21 --plot-dir results/plots/cka_strength_sweep/cifar10_cka_strength_fixed_5605137
Final merged configuration:
alpha: 0.3
batch_size: 64
checkpoint_dir: results/checkpoints/cka_strength_sweep/cifar10_cka_strength_fixed_5605137/strength_0p9/seed_21
cka_interval: 2
cka_layers:
- conv1
- conv2
- conv3
- fc1
cka_max_sparsity: 0.95
cka_min_sparsity: 0.5
cka_strength: 0.9
data_check: false
data_dir: data
dataset: cifar10
device: auto
disable_cudnn: true
dry_run: false
eval_interval: 1
experiment_config_path: configs/cka_feddst_mnist.yaml
global_config_path: configs/global_cifar10.yaml
local_epochs: 1
log_cka: false
log_dir: results/logs/cka_strength_sweep/cifar10_cka_strength_fixed_5605137/strength_0p9/seed_21
lr: 0.01
mask_update_interval: 2
method: cka_feddst
model: cifar_cnn
num_clients: 5
num_workers: 2
output_dir: results
plot_dir: results/plots/cka_strength_sweep/cifar10_cka_strength_fixed_5605137
prune_fraction: 0.2
reference_size: 500
regrowth_method: gradient
rounds: 20
save_checkpoint: false
seed: 21
sparsity: 0.95
sparsity_init: random
split_dir: null
Saved merged config to: results/logs/cka_strength_sweep/cifar10_cka_strength_fixed_5605137/strength_0p9/seed_21/cka_feddst_cifar10_clients5_alpha0.3_sparsity0.95_cka0.9_seed21_20260802_023735_config.yaml
cuDNN disabled for this run.
Client label distributions:
  client 00: n=10151, labels=[68, 0, 4345, 758, 1058, 713, 0, 122, 882, 2205]
  client 01: n=10420, labels=[957, 2155, 26, 376, 2359, 483, 4054, 4, 6, 0]
  client 02: n= 7384, labels=[1406, 266, 313, 764, 191, 13, 184, 2, 3127, 1118]
  client 03: n=13329, labels=[2519, 2506, 245, 1146, 1341, 359, 6, 3254, 563, 1390]
  client 04: n= 8216, labels=[0, 23, 21, 1906, 1, 3382, 706, 1568, 372, 237]
Initial sparsity | total=0.9500 | active=30994/619872
Layer sparsity | conv1.weight:0.947917;conv2.weight:0.948459;conv3.weight:0.950602;fc1.weight:0.949945;fc2.weight:0.955469
Round 001 | train_loss=2.2115 | test_loss=2.3028 | test_acc=0.1000 | sparsity=0.9500 | cka=0 | targets=
Round 002 | train_loss=2.2113 | test_loss=2.3027 | test_acc=0.1000 | sparsity=0.9500 | cka=1 | targets=conv1.weight:0.949074;conv2.weight:0.949978;conv3.weight:0.949992;fc1.weight:0.949999
Round 003 | train_loss=2.2110 | test_loss=2.3028 | test_acc=0.1000 | sparsity=0.9500 | cka=0 | targets=conv1.weight:0.949074;conv2.weight:0.949978;conv3.weight:0.949992;fc1.weight:0.949999
Round 004 | train_loss=2.2111 | test_loss=2.3030 | test_acc=0.1000 | sparsity=0.9500 | cka=1 | targets=conv1.weight:0.949074;conv2.weight:0.949978;conv3.weight:0.949992;fc1.weight:0.949999
Round 005 | train_loss=2.2116 | test_loss=2.3033 | test_acc=0.1000 | sparsity=0.9500 | cka=0 | targets=conv1.weight:0.949074;conv2.weight:0.949978;conv3.weight:0.949992;fc1.weight:0.949999
Round 006 | train_loss=2.2118 | test_loss=2.3036 | test_acc=0.1000 | sparsity=0.9500 | cka=1 | targets=conv1.weight:0.949074;conv2.weight:0.949978;conv3.weight:0.949992;fc1.weight:0.949999
Round 007 | train_loss=2.2118 | test_loss=2.3039 | test_acc=0.1000 | sparsity=0.9500 | cka=0 | targets=conv1.weight:0.949074;conv2.weight:0.949978;conv3.weight:0.949992;fc1.weight:0.949999
Round 008 | train_loss=2.2119 | test_loss=2.3042 | test_acc=0.1000 | sparsity=0.9500 | cka=1 | targets=conv1.weight:0.949074;conv2.weight:0.949978;conv3.weight:0.949992;fc1.weight:0.949999
Round 009 | train_loss=2.2126 | test_loss=2.3045 | test_acc=0.1000 | sparsity=0.9500 | cka=0 | targets=conv1.weight:0.949074;conv2.weight:0.949978;conv3.weight:0.949992;fc1.weight:0.949999
Round 010 | train_loss=2.2127 | test_loss=2.3047 | test_acc=0.1000 | sparsity=0.9500 | cka=1 | targets=conv1.weight:0.949074;conv2.weight:0.949978;conv3.weight:0.949992;fc1.weight:0.949999
Round 011 | train_loss=2.2124 | test_loss=2.3049 | test_acc=0.1000 | sparsity=0.9500 | cka=0 | targets=conv1.weight:0.949074;conv2.weight:0.949978;conv3.weight:0.949992;fc1.weight:0.949999
Round 012 | train_loss=2.2124 | test_loss=2.3051 | test_acc=0.1000 | sparsity=0.9500 | cka=1 | targets=conv1.weight:0.949074;conv2.weight:0.949978;conv3.weight:0.949992;fc1.weight:0.949999
Round 013 | train_loss=2.2130 | test_loss=2.3053 | test_acc=0.1000 | sparsity=0.9500 | cka=0 | targets=conv1.weight:0.949074;conv2.weight:0.949978;conv3.weight:0.949992;fc1.weight:0.949999
Round 014 | train_loss=2.2130 | test_loss=2.3055 | test_acc=0.1000 | sparsity=0.9500 | cka=1 | targets=conv1.weight:0.949074;conv2.weight:0.949978;conv3.weight:0.949992;fc1.weight:0.949999
Round 015 | train_loss=2.2123 | test_loss=2.3056 | test_acc=0.1000 | sparsity=0.9500 | cka=0 | targets=conv1.weight:0.949074;conv2.weight:0.949978;conv3.weight:0.949992;fc1.weight:0.949999
Round 016 | train_loss=2.2121 | test_loss=2.3058 | test_acc=0.1000 | sparsity=0.9500 | cka=1 | targets=conv1.weight:0.949074;conv2.weight:0.949978;conv3.weight:0.949992;fc1.weight:0.949999
Round 017 | train_loss=2.2128 | test_loss=2.3059 | test_acc=0.1000 | sparsity=0.9500 | cka=0 | targets=conv1.weight:0.949074;conv2.weight:0.949978;conv3.weight:0.949992;fc1.weight:0.949999
Round 018 | train_loss=2.2125 | test_loss=2.3060 | test_acc=0.1000 | sparsity=0.9500 | cka=1 | targets=conv1.weight:0.949074;conv2.weight:0.949978;conv3.weight:0.949992;fc1.weight:0.949999
Round 019 | train_loss=2.2114 | test_loss=2.3060 | test_acc=0.1000 | sparsity=0.9500 | cka=0 | targets=conv1.weight:0.949074;conv2.weight:0.949978;conv3.weight:0.949992;fc1.weight:0.949999
Round 020 | train_loss=2.2107 | test_loss=2.3061 | test_acc=0.1000 | sparsity=0.9500 | cka=1 | targets=conv1.weight:0.949074;conv2.weight:0.949978;conv3.weight:0.949992;fc1.weight:0.949999
Saved training log to: results/logs/cka_strength_sweep/cifar10_cka_strength_fixed_5605137/strength_0p9/seed_21/cka_feddst_cifar10_clients5_alpha0.3_sparsity0.95_cka0.9_seed21_20260802_023735.csv
Saved CKA log to: results/logs/cka_strength_sweep/cifar10_cka_strength_fixed_5605137/strength_0p9/seed_21/cka_feddst_cifar10_clients5_alpha0.3_sparsity0.95_cka0.9_seed21_20260802_023735_cka.csv

[Run 96/125] suite=cka_strength method=cka_feddst seed=100 sparsity=0.5 cka_strength=0.9
Output log dir: results/logs/cka_strength_sweep/cifar10_cka_strength_fixed_5605137/strength_0p9/seed_100
Command: /mnt/aiongpfs/users/dsen/micromamba/envs/cka-cifar/bin/python -m src.train --global-config configs/global_cifar10.yaml --config configs/cka_feddst_mnist.yaml --seed 100 --sparsity 0.5 --cka-strength 0.9 --log-dir results/logs/cka_strength_sweep/cifar10_cka_strength_fixed_5605137/strength_0p9/seed_100 --checkpoint-dir results/checkpoints/cka_strength_sweep/cifar10_cka_strength_fixed_5605137/strength_0p9/seed_100 --plot-dir results/plots/cka_strength_sweep/cifar10_cka_strength_fixed_5605137
Final merged configuration:
alpha: 0.3
batch_size: 64
checkpoint_dir: results/checkpoints/cka_strength_sweep/cifar10_cka_strength_fixed_5605137/strength_0p9/seed_100
cka_interval: 2
cka_layers:
- conv1
- conv2
- conv3
- fc1
cka_max_sparsity: 0.95
cka_min_sparsity: 0.5
cka_strength: 0.9
data_check: false
data_dir: data
dataset: cifar10
device: auto
disable_cudnn: true
dry_run: false
eval_interval: 1
experiment_config_path: configs/cka_feddst_mnist.yaml
global_config_path: configs/global_cifar10.yaml
local_epochs: 1
log_cka: false
log_dir: results/logs/cka_strength_sweep/cifar10_cka_strength_fixed_5605137/strength_0p9/seed_100
lr: 0.01
mask_update_interval: 2
method: cka_feddst
model: cifar_cnn
num_clients: 5
num_workers: 2
output_dir: results
plot_dir: results/plots/cka_strength_sweep/cifar10_cka_strength_fixed_5605137
prune_fraction: 0.2
reference_size: 500
regrowth_method: gradient
rounds: 20
save_checkpoint: false
seed: 100
sparsity: 0.5
sparsity_init: random
split_dir: null
Saved merged config to: results/logs/cka_strength_sweep/cifar10_cka_strength_fixed_5605137/strength_0p9/seed_100/cka_feddst_cifar10_clients5_alpha0.3_sparsity0.5_cka0.9_seed100_20260802_024511_config.yaml
cuDNN disabled for this run.
Client label distributions:
  client 00: n= 6485, labels=[2604, 0, 589, 2, 2, 5, 173, 2831, 8, 271]
  client 01: n= 9836, labels=[30, 0, 237, 3053, 347, 2329, 15, 2008, 2, 1815]
  client 02: n= 9670, labels=[180, 2324, 0, 407, 463, 481, 1656, 64, 4094, 1]
  client 03: n= 6110, labels=[2074, 92, 1, 1395, 1095, 27, 832, 24, 30, 540]
  client 04: n=17399, labels=[62, 2534, 4123, 93, 3043, 2108, 2274, 23, 816, 2323]
Initial sparsity | total=0.5000 | active=309936/619872
Layer sparsity | conv1.weight:0.535880;conv2.weight:0.500651;conv3.weight:0.499769;fc1.weight:0.499912;fc2.weight:0.507812
Round 001 | train_loss=1.9797 | test_loss=2.3196 | test_acc=0.1490 | sparsity=0.5000 | cka=0 | targets=
Round 002 | train_loss=1.7043 | test_loss=2.4374 | test_acc=0.1617 | sparsity=0.5000 | cka=1 | targets=conv1.weight:0.500000;conv2.weight:0.500000;conv3.weight:0.500000;fc1.weight:0.500000
Round 003 | train_loss=1.6586 | test_loss=2.3887 | test_acc=0.1813 | sparsity=0.5000 | cka=0 | targets=conv1.weight:0.500000;conv2.weight:0.500000;conv3.weight:0.500000;fc1.weight:0.500000
Round 004 | train_loss=1.6460 | test_loss=2.4148 | test_acc=0.1790 | sparsity=0.5000 | cka=1 | targets=conv1.weight:0.500000;conv2.weight:0.500000;conv3.weight:0.500000;fc1.weight:0.500000
Round 005 | train_loss=1.6351 | test_loss=2.3875 | test_acc=0.1863 | sparsity=0.5000 | cka=0 | targets=conv1.weight:0.500000;conv2.weight:0.500000;conv3.weight:0.500000;fc1.weight:0.500000
Round 006 | train_loss=1.6162 | test_loss=2.3687 | test_acc=0.1907 | sparsity=0.5000 | cka=1 | targets=conv1.weight:0.500000;conv2.weight:0.500000;conv3.weight:0.500000;fc1.weight:0.500000
Round 007 | train_loss=1.6129 | test_loss=2.3234 | test_acc=0.1942 | sparsity=0.5000 | cka=0 | targets=conv1.weight:0.500000;conv2.weight:0.500000;conv3.weight:0.500000;fc1.weight:0.500000
Round 008 | train_loss=1.5927 | test_loss=2.3228 | test_acc=0.2015 | sparsity=0.5000 | cka=1 | targets=conv1.weight:0.500000;conv2.weight:0.500000;conv3.weight:0.500000;fc1.weight:0.500000
Round 009 | train_loss=1.5769 | test_loss=2.3041 | test_acc=0.2133 | sparsity=0.5000 | cka=0 | targets=conv1.weight:0.500000;conv2.weight:0.500000;conv3.weight:0.500000;fc1.weight:0.500000
Round 010 | train_loss=1.5540 | test_loss=2.2495 | test_acc=0.2151 | sparsity=0.5000 | cka=1 | targets=conv1.weight:0.500000;conv2.weight:0.500000;conv3.weight:0.500000;fc1.weight:0.500000
Round 011 | train_loss=1.5467 | test_loss=2.1544 | test_acc=0.2315 | sparsity=0.5000 | cka=0 | targets=conv1.weight:0.500000;conv2.weight:0.500000;conv3.weight:0.500000;fc1.weight:0.500000
Round 012 | train_loss=1.5088 | test_loss=2.1850 | test_acc=0.2268 | sparsity=0.5000 | cka=1 | targets=conv1.weight:0.500000;conv2.weight:0.500000;conv3.weight:0.500000;fc1.weight:0.500000
Round 013 | train_loss=1.4813 | test_loss=2.0599 | test_acc=0.2603 | sparsity=0.5000 | cka=0 | targets=conv1.weight:0.500000;conv2.weight:0.500000;conv3.weight:0.500000;fc1.weight:0.500000
Round 014 | train_loss=1.4445 | test_loss=2.0325 | test_acc=0.2692 | sparsity=0.5000 | cka=1 | targets=conv1.weight:0.500000;conv2.weight:0.500000;conv3.weight:0.500000;fc1.weight:0.500000
Round 015 | train_loss=1.4345 | test_loss=1.9393 | test_acc=0.2960 | sparsity=0.5000 | cka=0 | targets=conv1.weight:0.500000;conv2.weight:0.500000;conv3.weight:0.500000;fc1.weight:0.500000
Round 016 | train_loss=1.3928 | test_loss=1.9322 | test_acc=0.3031 | sparsity=0.5000 | cka=1 | targets=conv1.weight:0.500000;conv2.weight:0.500000;conv3.weight:0.500000;fc1.weight:0.500000
Round 017 | train_loss=1.3614 | test_loss=1.9119 | test_acc=0.3035 | sparsity=0.5000 | cka=0 | targets=conv1.weight:0.500000;conv2.weight:0.500000;conv3.weight:0.500000;fc1.weight:0.500000
Round 018 | train_loss=1.3375 | test_loss=1.8847 | test_acc=0.3156 | sparsity=0.5000 | cka=1 | targets=conv1.weight:0.500000;conv2.weight:0.500000;conv3.weight:0.500000;fc1.weight:0.500000
Round 019 | train_loss=1.3267 | test_loss=1.8836 | test_acc=0.3121 | sparsity=0.5000 | cka=0 | targets=conv1.weight:0.500000;conv2.weight:0.500000;conv3.weight:0.500000;fc1.weight:0.500000
Round 020 | train_loss=1.2993 | test_loss=1.8230 | test_acc=0.3282 | sparsity=0.5000 | cka=1 | targets=conv1.weight:0.500000;conv2.weight:0.500000;conv3.weight:0.500000;fc1.weight:0.500000
Saved training log to: results/logs/cka_strength_sweep/cifar10_cka_strength_fixed_5605137/strength_0p9/seed_100/cka_feddst_cifar10_clients5_alpha0.3_sparsity0.5_cka0.9_seed100_20260802_024511.csv
Saved CKA log to: results/logs/cka_strength_sweep/cifar10_cka_strength_fixed_5605137/strength_0p9/seed_100/cka_feddst_cifar10_clients5_alpha0.3_sparsity0.5_cka0.9_seed100_20260802_024511_cka.csv

[Run 97/125] suite=cka_strength method=cka_feddst seed=100 sparsity=0.7 cka_strength=0.9
Output log dir: results/logs/cka_strength_sweep/cifar10_cka_strength_fixed_5605137/strength_0p9/seed_100
Command: /mnt/aiongpfs/users/dsen/micromamba/envs/cka-cifar/bin/python -m src.train --global-config configs/global_cifar10.yaml --config configs/cka_feddst_mnist.yaml --seed 100 --sparsity 0.7 --cka-strength 0.9 --log-dir results/logs/cka_strength_sweep/cifar10_cka_strength_fixed_5605137/strength_0p9/seed_100 --checkpoint-dir results/checkpoints/cka_strength_sweep/cifar10_cka_strength_fixed_5605137/strength_0p9/seed_100 --plot-dir results/plots/cka_strength_sweep/cifar10_cka_strength_fixed_5605137
Final merged configuration:
alpha: 0.3
batch_size: 64
checkpoint_dir: results/checkpoints/cka_strength_sweep/cifar10_cka_strength_fixed_5605137/strength_0p9/seed_100
cka_interval: 2
cka_layers:
- conv1
- conv2
- conv3
- fc1
cka_max_sparsity: 0.95
cka_min_sparsity: 0.5
cka_strength: 0.9
data_check: false
data_dir: data
dataset: cifar10
device: auto
disable_cudnn: true
dry_run: false
eval_interval: 1
experiment_config_path: configs/cka_feddst_mnist.yaml
global_config_path: configs/global_cifar10.yaml
local_epochs: 1
log_cka: false
log_dir: results/logs/cka_strength_sweep/cifar10_cka_strength_fixed_5605137/strength_0p9/seed_100
lr: 0.01
mask_update_interval: 2
method: cka_feddst
model: cifar_cnn
num_clients: 5
num_workers: 2
output_dir: results
plot_dir: results/plots/cka_strength_sweep/cifar10_cka_strength_fixed_5605137
prune_fraction: 0.2
reference_size: 500
regrowth_method: gradient
rounds: 20
save_checkpoint: false
seed: 100
sparsity: 0.7
sparsity_init: random
split_dir: null
Saved merged config to: results/logs/cka_strength_sweep/cifar10_cka_strength_fixed_5605137/strength_0p9/seed_100/cka_feddst_cifar10_clients5_alpha0.3_sparsity0.7_cka0.9_seed100_20260802_025257_config.yaml
cuDNN disabled for this run.
Client label distributions:
  client 00: n= 6485, labels=[2604, 0, 589, 2, 2, 5, 173, 2831, 8, 271]
  client 01: n= 9836, labels=[30, 0, 237, 3053, 347, 2329, 15, 2008, 2, 1815]
  client 02: n= 9670, labels=[180, 2324, 0, 407, 463, 481, 1656, 64, 4094, 1]
  client 03: n= 6110, labels=[2074, 92, 1, 1395, 1095, 27, 832, 24, 30, 540]
  client 04: n=17399, labels=[62, 2534, 4123, 93, 3043, 2108, 2274, 23, 816, 2323]
Initial sparsity | total=0.7000 | active=185962/619872
Layer sparsity | conv1.weight:0.723380;conv2.weight:0.702962;conv3.weight:0.701280;fc1.weight:0.699663;fc2.weight:0.702734
Round 001 | train_loss=2.1994 | test_loss=2.3033 | test_acc=0.1000 | sparsity=0.7000 | cka=0 | targets=
Round 002 | train_loss=2.1273 | test_loss=2.3058 | test_acc=0.1214 | sparsity=0.7000 | cka=1 | targets=conv1.weight:0.697917;conv2.weight:0.697917;conv3.weight:0.697944;fc1.weight:0.700365
Round 003 | train_loss=1.7656 | test_loss=2.4120 | test_acc=0.1456 | sparsity=0.7000 | cka=0 | targets=conv1.weight:0.697917;conv2.weight:0.697917;conv3.weight:0.697944;fc1.weight:0.700365
Round 004 | train_loss=1.6731 | test_loss=2.3223 | test_acc=0.1696 | sparsity=0.7000 | cka=1 | targets=conv1.weight:0.697917;conv2.weight:0.698405;conv3.weight:0.698391;fc1.weight:0.700285
Round 005 | train_loss=1.6706 | test_loss=2.4037 | test_acc=0.1792 | sparsity=0.7000 | cka=0 | targets=conv1.weight:0.697917;conv2.weight:0.698405;conv3.weight:0.698391;fc1.weight:0.700285
Round 006 | train_loss=1.6428 | test_loss=2.4026 | test_acc=0.1821 | sparsity=0.7000 | cka=1 | targets=conv1.weight:0.697917;conv2.weight:0.698188;conv3.weight:0.698229;fc1.weight:0.700315
Round 007 | train_loss=1.6396 | test_loss=2.3832 | test_acc=0.1834 | sparsity=0.7000 | cka=0 | targets=conv1.weight:0.697917;conv2.weight:0.698188;conv3.weight:0.698229;fc1.weight:0.700315
Round 008 | train_loss=1.6279 | test_loss=2.3967 | test_acc=0.1844 | sparsity=0.7000 | cka=1 | targets=conv1.weight:0.696759;conv2.weight:0.696832;conv3.weight:0.696845;fc1.weight:0.700560
Round 009 | train_loss=1.6213 | test_loss=2.3839 | test_acc=0.1877 | sparsity=0.7000 | cka=0 | targets=conv1.weight:0.696759;conv2.weight:0.696832;conv3.weight:0.696845;fc1.weight:0.700560
Round 010 | train_loss=1.6117 | test_loss=2.3522 | test_acc=0.1896 | sparsity=0.7000 | cka=1 | targets=conv1.weight:0.696759;conv2.weight:0.697266;conv3.weight:0.697306;fc1.weight:0.700480
Round 011 | train_loss=1.6111 | test_loss=2.3052 | test_acc=0.1933 | sparsity=0.7000 | cka=0 | targets=conv1.weight:0.696759;conv2.weight:0.697266;conv3.weight:0.697306;fc1.weight:0.700480
Round 012 | train_loss=1.5950 | test_loss=2.3416 | test_acc=0.1942 | sparsity=0.7000 | cka=1 | targets=conv1.weight:0.696759;conv2.weight:0.696615;conv3.weight:0.696628;fc1.weight:0.700598
Round 013 | train_loss=1.5912 | test_loss=2.2968 | test_acc=0.2065 | sparsity=0.7000 | cka=0 | targets=conv1.weight:0.696759;conv2.weight:0.696615;conv3.weight:0.696628;fc1.weight:0.700598
Round 014 | train_loss=1.5781 | test_loss=2.3097 | test_acc=0.1981 | sparsity=0.7000 | cka=1 | targets=conv1.weight:0.696759;conv2.weight:0.697103;conv3.weight:0.697116;fc1.weight:0.700512
Round 015 | train_loss=1.5803 | test_loss=2.2507 | test_acc=0.2056 | sparsity=0.7000 | cka=0 | targets=conv1.weight:0.696759;conv2.weight:0.697103;conv3.weight:0.697116;fc1.weight:0.700512
Round 016 | train_loss=1.5623 | test_loss=2.2909 | test_acc=0.2024 | sparsity=0.7000 | cka=1 | targets=conv1.weight:0.695602;conv2.weight:0.695747;conv3.weight:0.695801;fc1.weight:0.700747
Round 017 | train_loss=1.5505 | test_loss=2.2625 | test_acc=0.2078 | sparsity=0.7000 | cka=0 | targets=conv1.weight:0.695602;conv2.weight:0.695747;conv3.weight:0.695801;fc1.weight:0.700747
Round 018 | train_loss=1.5384 | test_loss=2.2535 | test_acc=0.2003 | sparsity=0.7000 | cka=1 | targets=conv1.weight:0.695602;conv2.weight:0.695638;conv3.weight:0.695719;fc1.weight:0.700762
Round 019 | train_loss=1.5382 | test_loss=2.2224 | test_acc=0.2028 | sparsity=0.7000 | cka=0 | targets=conv1.weight:0.695602;conv2.weight:0.695638;conv3.weight:0.695719;fc1.weight:0.700762
Round 020 | train_loss=1.5150 | test_loss=2.1895 | test_acc=0.2141 | sparsity=0.7000 | cka=1 | targets=conv1.weight:0.693287;conv2.weight:0.693522;conv3.weight:0.693780;fc1.weight:0.701113
Saved training log to: results/logs/cka_strength_sweep/cifar10_cka_strength_fixed_5605137/strength_0p9/seed_100/cka_feddst_cifar10_clients5_alpha0.3_sparsity0.7_cka0.9_seed100_20260802_025257.csv
Saved CKA log to: results/logs/cka_strength_sweep/cifar10_cka_strength_fixed_5605137/strength_0p9/seed_100/cka_feddst_cifar10_clients5_alpha0.3_sparsity0.7_cka0.9_seed100_20260802_025257_cka.csv

[Run 98/125] suite=cka_strength method=cka_feddst seed=100 sparsity=0.8 cka_strength=0.9
Output log dir: results/logs/cka_strength_sweep/cifar10_cka_strength_fixed_5605137/strength_0p9/seed_100
Command: /mnt/aiongpfs/users/dsen/micromamba/envs/cka-cifar/bin/python -m src.train --global-config configs/global_cifar10.yaml --config configs/cka_feddst_mnist.yaml --seed 100 --sparsity 0.8 --cka-strength 0.9 --log-dir results/logs/cka_strength_sweep/cifar10_cka_strength_fixed_5605137/strength_0p9/seed_100 --checkpoint-dir results/checkpoints/cka_strength_sweep/cifar10_cka_strength_fixed_5605137/strength_0p9/seed_100 --plot-dir results/plots/cka_strength_sweep/cifar10_cka_strength_fixed_5605137
Final merged configuration:
alpha: 0.3
batch_size: 64
checkpoint_dir: results/checkpoints/cka_strength_sweep/cifar10_cka_strength_fixed_5605137/strength_0p9/seed_100
cka_interval: 2
cka_layers:
- conv1
- conv2
- conv3
- fc1
cka_max_sparsity: 0.95
cka_min_sparsity: 0.5
cka_strength: 0.9
data_check: false
data_dir: data
dataset: cifar10
device: auto
disable_cudnn: true
dry_run: false
eval_interval: 1
experiment_config_path: configs/cka_feddst_mnist.yaml
global_config_path: configs/global_cifar10.yaml
local_epochs: 1
log_cka: false
log_dir: results/logs/cka_strength_sweep/cifar10_cka_strength_fixed_5605137/strength_0p9/seed_100
lr: 0.01
mask_update_interval: 2
method: cka_feddst
model: cifar_cnn
num_clients: 5
num_workers: 2
output_dir: results
plot_dir: results/plots/cka_strength_sweep/cifar10_cka_strength_fixed_5605137
prune_fraction: 0.2
reference_size: 500
regrowth_method: gradient
rounds: 20
save_checkpoint: false
seed: 100
sparsity: 0.8
sparsity_init: random
split_dir: null
Saved merged config to: results/logs/cka_strength_sweep/cifar10_cka_strength_fixed_5605137/strength_0p9/seed_100/cka_feddst_cifar10_clients5_alpha0.3_sparsity0.8_cka0.9_seed100_20260802_030043_config.yaml
cuDNN disabled for this run.
Client label distributions:
  client 00: n= 6485, labels=[2604, 0, 589, 2, 2, 5, 173, 2831, 8, 271]
  client 01: n= 9836, labels=[30, 0, 237, 3053, 347, 2329, 15, 2008, 2, 1815]
  client 02: n= 9670, labels=[180, 2324, 0, 407, 463, 481, 1656, 64, 4094, 1]
  client 03: n= 6110, labels=[2074, 92, 1, 1395, 1095, 27, 832, 24, 30, 540]
  client 04: n=17399, labels=[62, 2534, 4123, 93, 3043, 2108, 2274, 23, 816, 2323]
Initial sparsity | total=0.8000 | active=123974/619872
Layer sparsity | conv1.weight:0.815972;conv2.weight:0.802734;conv3.weight:0.801731;fc1.weight:0.799652;fc2.weight:0.796484
Round 001 | train_loss=2.2113 | test_loss=2.3036 | test_acc=0.1000 | sparsity=0.8000 | cka=0 | targets=
Round 002 | train_loss=2.2112 | test_loss=2.3049 | test_acc=0.1000 | sparsity=0.8000 | cka=1 | targets=conv1.weight:0.798611;conv2.weight:0.798720;conv3.weight:0.798706;fc1.weight:0.800230
Round 003 | train_loss=2.1982 | test_loss=2.3067 | test_acc=0.1000 | sparsity=0.8000 | cka=0 | targets=conv1.weight:0.798611;conv2.weight:0.798720;conv3.weight:0.798706;fc1.weight:0.800230
Round 004 | train_loss=1.9616 | test_loss=2.3218 | test_acc=0.1426 | sparsity=0.8000 | cka=1 | targets=conv1.weight:0.798611;conv2.weight:0.798448;conv3.weight:0.798462;fc1.weight:0.800274
Round 005 | train_loss=1.7598 | test_loss=2.4402 | test_acc=0.1601 | sparsity=0.8000 | cka=0 | targets=conv1.weight:0.798611;conv2.weight:0.798448;conv3.weight:0.798462;fc1.weight:0.800274
Round 006 | train_loss=1.6660 | test_loss=2.4076 | test_acc=0.1711 | sparsity=0.8000 | cka=1 | targets=conv1.weight:0.799769;conv2.weight:0.799479;conv3.weight:0.799466;fc1.weight:0.800095
Round 007 | train_loss=1.6523 | test_loss=2.4081 | test_acc=0.1786 | sparsity=0.8000 | cka=0 | targets=conv1.weight:0.799769;conv2.weight:0.799479;conv3.weight:0.799466;fc1.weight:0.800095
Round 008 | train_loss=1.6388 | test_loss=2.3989 | test_acc=0.1822 | sparsity=0.8000 | cka=1 | targets=conv1.weight:0.798611;conv2.weight:0.798828;conv3.weight:0.798842;fc1.weight:0.800207
Round 009 | train_loss=1.6329 | test_loss=2.3781 | test_acc=0.1850 | sparsity=0.8000 | cka=0 | targets=conv1.weight:0.798611;conv2.weight:0.798828;conv3.weight:0.798842;fc1.weight:0.800207
Round 010 | train_loss=1.6224 | test_loss=2.3586 | test_acc=0.1849 | sparsity=0.8000 | cka=1 | targets=conv1.weight:0.798611;conv2.weight:0.798611;conv3.weight:0.798611;fc1.weight:0.800247
Round 011 | train_loss=1.6163 | test_loss=2.3295 | test_acc=0.1917 | sparsity=0.8000 | cka=0 | targets=conv1.weight:0.798611;conv2.weight:0.798611;conv3.weight:0.798611;fc1.weight:0.800247
Round 012 | train_loss=1.6021 | test_loss=2.3577 | test_acc=0.1892 | sparsity=0.8000 | cka=1 | targets=conv1.weight:0.798611;conv2.weight:0.798177;conv3.weight:0.798204;fc1.weight:0.800320
Round 013 | train_loss=1.6017 | test_loss=2.2972 | test_acc=0.1985 | sparsity=0.8000 | cka=0 | targets=conv1.weight:0.798611;conv2.weight:0.798177;conv3.weight:0.798204;fc1.weight:0.800320
Round 014 | train_loss=1.5884 | test_loss=2.3390 | test_acc=0.1918 | sparsity=0.8000 | cka=1 | targets=conv1.weight:0.797454;conv2.weight:0.798069;conv3.weight:0.798069;fc1.weight:0.800344
Round 015 | train_loss=1.5861 | test_loss=2.2922 | test_acc=0.2003 | sparsity=0.8000 | cka=0 | targets=conv1.weight:0.797454;conv2.weight:0.798069;conv3.weight:0.798069;fc1.weight:0.800344
Round 016 | train_loss=1.5714 | test_loss=2.3269 | test_acc=0.1973 | sparsity=0.8000 | cka=1 | targets=conv1.weight:0.796296;conv2.weight:0.797472;conv3.weight:0.797512;fc1.weight:0.800446
Round 017 | train_loss=1.5661 | test_loss=2.2782 | test_acc=0.1989 | sparsity=0.8000 | cka=0 | targets=conv1.weight:0.796296;conv2.weight:0.797472;conv3.weight:0.797512;fc1.weight:0.800446
Round 018 | train_loss=1.5571 | test_loss=2.3071 | test_acc=0.1928 | sparsity=0.8000 | cka=1 | targets=conv1.weight:0.796296;conv2.weight:0.797038;conv3.weight:0.797106;fc1.weight:0.800518
Round 019 | train_loss=1.5530 | test_loss=2.2875 | test_acc=0.1991 | sparsity=0.8000 | cka=0 | targets=conv1.weight:0.796296;conv2.weight:0.797038;conv3.weight:0.797106;fc1.weight:0.800518
Round 020 | train_loss=1.5415 | test_loss=2.2736 | test_acc=0.2068 | sparsity=0.8000 | cka=1 | targets=conv1.weight:0.793981;conv2.weight:0.795953;conv3.weight:0.796129;fc1.weight:0.800697
Saved training log to: results/logs/cka_strength_sweep/cifar10_cka_strength_fixed_5605137/strength_0p9/seed_100/cka_feddst_cifar10_clients5_alpha0.3_sparsity0.8_cka0.9_seed100_20260802_030043.csv
Saved CKA log to: results/logs/cka_strength_sweep/cifar10_cka_strength_fixed_5605137/strength_0p9/seed_100/cka_feddst_cifar10_clients5_alpha0.3_sparsity0.8_cka0.9_seed100_20260802_030043_cka.csv

[Run 99/125] suite=cka_strength method=cka_feddst seed=100 sparsity=0.9 cka_strength=0.9
Output log dir: results/logs/cka_strength_sweep/cifar10_cka_strength_fixed_5605137/strength_0p9/seed_100
Command: /mnt/aiongpfs/users/dsen/micromamba/envs/cka-cifar/bin/python -m src.train --global-config configs/global_cifar10.yaml --config configs/cka_feddst_mnist.yaml --seed 100 --sparsity 0.9 --cka-strength 0.9 --log-dir results/logs/cka_strength_sweep/cifar10_cka_strength_fixed_5605137/strength_0p9/seed_100 --checkpoint-dir results/checkpoints/cka_strength_sweep/cifar10_cka_strength_fixed_5605137/strength_0p9/seed_100 --plot-dir results/plots/cka_strength_sweep/cifar10_cka_strength_fixed_5605137
Final merged configuration:
alpha: 0.3
batch_size: 64
checkpoint_dir: results/checkpoints/cka_strength_sweep/cifar10_cka_strength_fixed_5605137/strength_0p9/seed_100
cka_interval: 2
cka_layers:
- conv1
- conv2
- conv3
- fc1
cka_max_sparsity: 0.95
cka_min_sparsity: 0.5
cka_strength: 0.9
data_check: false
data_dir: data
dataset: cifar10
device: auto
disable_cudnn: true
dry_run: false
eval_interval: 1
experiment_config_path: configs/cka_feddst_mnist.yaml
global_config_path: configs/global_cifar10.yaml
local_epochs: 1
log_cka: false
log_dir: results/logs/cka_strength_sweep/cifar10_cka_strength_fixed_5605137/strength_0p9/seed_100
lr: 0.01
mask_update_interval: 2
method: cka_feddst
model: cifar_cnn
num_clients: 5
num_workers: 2
output_dir: results
plot_dir: results/plots/cka_strength_sweep/cifar10_cka_strength_fixed_5605137
prune_fraction: 0.2
reference_size: 500
regrowth_method: gradient
rounds: 20
save_checkpoint: false
seed: 100
sparsity: 0.9
sparsity_init: random
split_dir: null
Saved merged config to: results/logs/cka_strength_sweep/cifar10_cka_strength_fixed_5605137/strength_0p9/seed_100/cka_feddst_cifar10_clients5_alpha0.3_sparsity0.9_cka0.9_seed100_20260802_030750_config.yaml
cuDNN disabled for this run.
Client label distributions:
  client 00: n= 6485, labels=[2604, 0, 589, 2, 2, 5, 173, 2831, 8, 271]
  client 01: n= 9836, labels=[30, 0, 237, 3053, 347, 2329, 15, 2008, 2, 1815]
  client 02: n= 9670, labels=[180, 2324, 0, 407, 463, 481, 1656, 64, 4094, 1]
  client 03: n= 6110, labels=[2074, 92, 1, 1395, 1095, 27, 832, 24, 30, 540]
  client 04: n=17399, labels=[62, 2534, 4123, 93, 3043, 2108, 2274, 23, 816, 2323]
Initial sparsity | total=0.9000 | active=61987/619872
Layer sparsity | conv1.weight:0.895833;conv2.weight:0.897569;conv3.weight:0.899129;fc1.weight:0.900221;fc2.weight:0.898828
Round 001 | train_loss=2.2142 | test_loss=2.3038 | test_acc=0.1000 | sparsity=0.9000 | cka=0 | targets=
Round 002 | train_loss=2.2154 | test_loss=2.3051 | test_acc=0.1000 | sparsity=0.9000 | cka=1 | targets=conv1.weight:0.899306;conv2.weight:0.899631;conv3.weight:0.899645;fc1.weight:0.900064
Round 003 | train_loss=2.2163 | test_loss=2.3069 | test_acc=0.1000 | sparsity=0.9000 | cka=0 | targets=conv1.weight:0.899306;conv2.weight:0.899631;conv3.weight:0.899645;fc1.weight:0.900064
Round 004 | train_loss=2.2180 | test_loss=2.3089 | test_acc=0.1000 | sparsity=0.9000 | cka=1 | targets=conv1.weight:0.899306;conv2.weight:0.899143;conv3.weight:0.899143;fc1.weight:0.900152
Round 005 | train_loss=2.2209 | test_loss=2.3110 | test_acc=0.1000 | sparsity=0.9000 | cka=0 | targets=conv1.weight:0.899306;conv2.weight:0.899143;conv3.weight:0.899143;fc1.weight:0.900152
Round 006 | train_loss=2.2229 | test_loss=2.3130 | test_acc=0.1000 | sparsity=0.9000 | cka=1 | targets=conv1.weight:0.899306;conv2.weight:0.899523;conv3.weight:0.899536;fc1.weight:0.900084
Round 007 | train_loss=2.2237 | test_loss=2.3150 | test_acc=0.1000 | sparsity=0.9000 | cka=0 | targets=conv1.weight:0.899306;conv2.weight:0.899523;conv3.weight:0.899536;fc1.weight:0.900084
Round 008 | train_loss=2.2247 | test_loss=2.3167 | test_acc=0.1000 | sparsity=0.9000 | cka=1 | targets=conv1.weight:0.899306;conv2.weight:0.899089;conv3.weight:0.899089;fc1.weight:0.900162
Round 009 | train_loss=2.2276 | test_loss=2.3184 | test_acc=0.1000 | sparsity=0.9000 | cka=0 | targets=conv1.weight:0.899306;conv2.weight:0.899089;conv3.weight:0.899089;fc1.weight:0.900162
Round 010 | train_loss=2.2286 | test_loss=2.3198 | test_acc=0.1000 | sparsity=0.9000 | cka=1 | targets=conv1.weight:0.899306;conv2.weight:0.899251;conv3.weight:0.899292;fc1.weight:0.900127
Round 011 | train_loss=2.2276 | test_loss=2.3212 | test_acc=0.1000 | sparsity=0.9000 | cka=0 | targets=conv1.weight:0.899306;conv2.weight:0.899251;conv3.weight:0.899292;fc1.weight:0.900127
Round 012 | train_loss=2.2267 | test_loss=2.3223 | test_acc=0.1000 | sparsity=0.9000 | cka=1 | targets=conv1.weight:0.899306;conv2.weight:0.899251;conv3.weight:0.899306;fc1.weight:0.900126
Round 013 | train_loss=2.2301 | test_loss=2.3235 | test_acc=0.1000 | sparsity=0.9000 | cka=0 | targets=conv1.weight:0.899306;conv2.weight:0.899251;conv3.weight:0.899306;fc1.weight:0.900126
Round 014 | train_loss=2.2299 | test_loss=2.3245 | test_acc=0.1000 | sparsity=0.9000 | cka=1 | targets=conv1.weight:0.899306;conv2.weight:0.898817;conv3.weight:0.898858;fc1.weight:0.900204
Round 015 | train_loss=2.2250 | test_loss=2.3256 | test_acc=0.1000 | sparsity=0.9000 | cka=0 | targets=conv1.weight:0.899306;conv2.weight:0.898817;conv3.weight:0.898858;fc1.weight:0.900204
Round 016 | train_loss=2.2176 | test_loss=2.3265 | test_acc=0.1000 | sparsity=0.9000 | cka=1 | targets=conv1.weight:0.899306;conv2.weight:0.899685;conv3.weight:0.899712;fc1.weight:0.900053
Round 017 | train_loss=2.2242 | test_loss=2.3279 | test_acc=0.1000 | sparsity=0.9000 | cka=0 | targets=conv1.weight:0.899306;conv2.weight:0.899685;conv3.weight:0.899712;fc1.weight:0.900053
Round 018 | train_loss=2.2182 | test_loss=2.3290 | test_acc=0.1000 | sparsity=0.9000 | cka=1 | targets=conv1.weight:0.899306;conv2.weight:0.899523;conv3.weight:0.899550;fc1.weight:0.900082
Round 019 | train_loss=2.1744 | test_loss=2.3357 | test_acc=0.1000 | sparsity=0.9000 | cka=0 | targets=conv1.weight:0.899306;conv2.weight:0.899523;conv3.weight:0.899550;fc1.weight:0.900082
Round 020 | train_loss=1.9564 | test_loss=2.3640 | test_acc=0.1038 | sparsity=0.9000 | cka=1 | targets=conv1.weight:0.899306;conv2.weight:0.899468;conv3.weight:0.899509;fc1.weight:0.900089
Saved training log to: results/logs/cka_strength_sweep/cifar10_cka_strength_fixed_5605137/strength_0p9/seed_100/cka_feddst_cifar10_clients5_alpha0.3_sparsity0.9_cka0.9_seed100_20260802_030750.csv
Saved CKA log to: results/logs/cka_strength_sweep/cifar10_cka_strength_fixed_5605137/strength_0p9/seed_100/cka_feddst_cifar10_clients5_alpha0.3_sparsity0.9_cka0.9_seed100_20260802_030750_cka.csv

[Run 100/125] suite=cka_strength method=cka_feddst seed=100 sparsity=0.95 cka_strength=0.9
Output log dir: results/logs/cka_strength_sweep/cifar10_cka_strength_fixed_5605137/strength_0p9/seed_100
Command: /mnt/aiongpfs/users/dsen/micromamba/envs/cka-cifar/bin/python -m src.train --global-config configs/global_cifar10.yaml --config configs/cka_feddst_mnist.yaml --seed 100 --sparsity 0.95 --cka-strength 0.9 --log-dir results/logs/cka_strength_sweep/cifar10_cka_strength_fixed_5605137/strength_0p9/seed_100 --checkpoint-dir results/checkpoints/cka_strength_sweep/cifar10_cka_strength_fixed_5605137/strength_0p9/seed_100 --plot-dir results/plots/cka_strength_sweep/cifar10_cka_strength_fixed_5605137
Final merged configuration:
alpha: 0.3
batch_size: 64
checkpoint_dir: results/checkpoints/cka_strength_sweep/cifar10_cka_strength_fixed_5605137/strength_0p9/seed_100
cka_interval: 2
cka_layers:
- conv1
- conv2
- conv3
- fc1
cka_max_sparsity: 0.95
cka_min_sparsity: 0.5
cka_strength: 0.9
data_check: false
data_dir: data
dataset: cifar10
device: auto
disable_cudnn: true
dry_run: false
eval_interval: 1
experiment_config_path: configs/cka_feddst_mnist.yaml
global_config_path: configs/global_cifar10.yaml
local_epochs: 1
log_cka: false
log_dir: results/logs/cka_strength_sweep/cifar10_cka_strength_fixed_5605137/strength_0p9/seed_100
lr: 0.01
mask_update_interval: 2
method: cka_feddst
model: cifar_cnn
num_clients: 5
num_workers: 2
output_dir: results
plot_dir: results/plots/cka_strength_sweep/cifar10_cka_strength_fixed_5605137
prune_fraction: 0.2
reference_size: 500
regrowth_method: gradient
rounds: 20
save_checkpoint: false
seed: 100
sparsity: 0.95
sparsity_init: random
split_dir: null
Saved merged config to: results/logs/cka_strength_sweep/cifar10_cka_strength_fixed_5605137/strength_0p9/seed_100/cka_feddst_cifar10_clients5_alpha0.3_sparsity0.95_cka0.9_seed100_20260802_031525_config.yaml
cuDNN disabled for this run.
Client label distributions:
  client 00: n= 6485, labels=[2604, 0, 589, 2, 2, 5, 173, 2831, 8, 271]
  client 01: n= 9836, labels=[30, 0, 237, 3053, 347, 2329, 15, 2008, 2, 1815]
  client 02: n= 9670, labels=[180, 2324, 0, 407, 463, 481, 1656, 64, 4094, 1]
  client 03: n= 6110, labels=[2074, 92, 1, 1395, 1095, 27, 832, 24, 30, 540]
  client 04: n=17399, labels=[62, 2534, 4123, 93, 3043, 2108, 2274, 23, 816, 2323]
Initial sparsity | total=0.9500 | active=30994/619872
Layer sparsity | conv1.weight:0.950231;conv2.weight:0.947591;conv3.weight:0.949151;fc1.weight:0.950207;fc2.weight:0.949219
Round 001 | train_loss=2.2150 | test_loss=2.3038 | test_acc=0.1000 | sparsity=0.9500 | cka=0 | targets=
Round 002 | train_loss=2.2164 | test_loss=2.3051 | test_acc=0.1000 | sparsity=0.9500 | cka=1 | targets=conv1.weight:0.949074;conv2.weight:0.949978;conv3.weight:0.949992;fc1.weight:0.949999
Round 003 | train_loss=2.2180 | test_loss=2.3069 | test_acc=0.1000 | sparsity=0.9500 | cka=0 | targets=conv1.weight:0.949074;conv2.weight:0.949978;conv3.weight:0.949992;fc1.weight:0.949999
Round 004 | train_loss=2.2201 | test_loss=2.3089 | test_acc=0.1000 | sparsity=0.9500 | cka=1 | targets=conv1.weight:0.949074;conv2.weight:0.949978;conv3.weight:0.949992;fc1.weight:0.949999
Round 005 | train_loss=2.2227 | test_loss=2.3110 | test_acc=0.1000 | sparsity=0.9500 | cka=0 | targets=conv1.weight:0.949074;conv2.weight:0.949978;conv3.weight:0.949992;fc1.weight:0.949999
Round 006 | train_loss=2.2249 | test_loss=2.3129 | test_acc=0.1000 | sparsity=0.9500 | cka=1 | targets=conv1.weight:0.949074;conv2.weight:0.949978;conv3.weight:0.949992;fc1.weight:0.949999
Round 007 | train_loss=2.2265 | test_loss=2.3149 | test_acc=0.1000 | sparsity=0.9500 | cka=0 | targets=conv1.weight:0.949074;conv2.weight:0.949978;conv3.weight:0.949992;fc1.weight:0.949999
Round 008 | train_loss=2.2282 | test_loss=2.3166 | test_acc=0.1000 | sparsity=0.9500 | cka=1 | targets=conv1.weight:0.949074;conv2.weight:0.949978;conv3.weight:0.949992;fc1.weight:0.949999
Round 009 | train_loss=2.2305 | test_loss=2.3182 | test_acc=0.1000 | sparsity=0.9500 | cka=0 | targets=conv1.weight:0.949074;conv2.weight:0.949978;conv3.weight:0.949992;fc1.weight:0.949999
Round 010 | train_loss=2.2319 | test_loss=2.3196 | test_acc=0.1000 | sparsity=0.9500 | cka=1 | targets=conv1.weight:0.949074;conv2.weight:0.949978;conv3.weight:0.949992;fc1.weight:0.949999
Round 011 | train_loss=2.2326 | test_loss=2.3209 | test_acc=0.1000 | sparsity=0.9500 | cka=0 | targets=conv1.weight:0.949074;conv2.weight:0.949978;conv3.weight:0.949992;fc1.weight:0.949999
Round 012 | train_loss=2.2334 | test_loss=2.3220 | test_acc=0.1000 | sparsity=0.9500 | cka=1 | targets=conv1.weight:0.949074;conv2.weight:0.949978;conv3.weight:0.949992;fc1.weight:0.949999
Round 013 | train_loss=2.2353 | test_loss=2.3231 | test_acc=0.1000 | sparsity=0.9500 | cka=0 | targets=conv1.weight:0.949074;conv2.weight:0.949978;conv3.weight:0.949992;fc1.weight:0.949999
Round 014 | train_loss=2.2362 | test_loss=2.3240 | test_acc=0.1000 | sparsity=0.9500 | cka=1 | targets=conv1.weight:0.949074;conv2.weight:0.949978;conv3.weight:0.949992;fc1.weight:0.949999
Round 015 | train_loss=2.2355 | test_loss=2.3249 | test_acc=0.1000 | sparsity=0.9500 | cka=0 | targets=conv1.weight:0.949074;conv2.weight:0.949978;conv3.weight:0.949992;fc1.weight:0.949999
Round 016 | train_loss=2.2355 | test_loss=2.3256 | test_acc=0.1000 | sparsity=0.9500 | cka=1 | targets=conv1.weight:0.949074;conv2.weight:0.949978;conv3.weight:0.949992;fc1.weight:0.949999
Round 017 | train_loss=2.2377 | test_loss=2.3262 | test_acc=0.1000 | sparsity=0.9500 | cka=0 | targets=conv1.weight:0.949074;conv2.weight:0.949978;conv3.weight:0.949992;fc1.weight:0.949999
Round 018 | train_loss=2.2379 | test_loss=2.3268 | test_acc=0.1000 | sparsity=0.9500 | cka=1 | targets=conv1.weight:0.949074;conv2.weight:0.949978;conv3.weight:0.949992;fc1.weight:0.949999
Round 019 | train_loss=2.2356 | test_loss=2.3274 | test_acc=0.1000 | sparsity=0.9500 | cka=0 | targets=conv1.weight:0.949074;conv2.weight:0.949978;conv3.weight:0.949992;fc1.weight:0.949999
Round 020 | train_loss=2.2344 | test_loss=2.3278 | test_acc=0.1000 | sparsity=0.9500 | cka=1 | targets=conv1.weight:0.949074;conv2.weight:0.949978;conv3.weight:0.949992;fc1.weight:0.949999
Saved training log to: results/logs/cka_strength_sweep/cifar10_cka_strength_fixed_5605137/strength_0p9/seed_100/cka_feddst_cifar10_clients5_alpha0.3_sparsity0.95_cka0.9_seed100_20260802_031525.csv
Saved CKA log to: results/logs/cka_strength_sweep/cifar10_cka_strength_fixed_5605137/strength_0p9/seed_100/cka_feddst_cifar10_clients5_alpha0.3_sparsity0.95_cka0.9_seed100_20260802_031525_cka.csv

[Run 101/125] suite=cka_strength method=cka_feddst seed=42 sparsity=0.5 cka_strength=1
Output log dir: results/logs/cka_strength_sweep/cifar10_cka_strength_fixed_5605137/strength_1p0/seed_42
Command: /mnt/aiongpfs/users/dsen/micromamba/envs/cka-cifar/bin/python -m src.train --global-config configs/global_cifar10.yaml --config configs/cka_feddst_mnist.yaml --seed 42 --sparsity 0.5 --cka-strength 1 --log-dir results/logs/cka_strength_sweep/cifar10_cka_strength_fixed_5605137/strength_1p0/seed_42 --checkpoint-dir results/checkpoints/cka_strength_sweep/cifar10_cka_strength_fixed_5605137/strength_1p0/seed_42 --plot-dir results/plots/cka_strength_sweep/cifar10_cka_strength_fixed_5605137
Final merged configuration:
alpha: 0.3
batch_size: 64
checkpoint_dir: results/checkpoints/cka_strength_sweep/cifar10_cka_strength_fixed_5605137/strength_1p0/seed_42
cka_interval: 2
cka_layers:
- conv1
- conv2
- conv3
- fc1
cka_max_sparsity: 0.95
cka_min_sparsity: 0.5
cka_strength: 1.0
data_check: false
data_dir: data
dataset: cifar10
device: auto
disable_cudnn: true
dry_run: false
eval_interval: 1
experiment_config_path: configs/cka_feddst_mnist.yaml
global_config_path: configs/global_cifar10.yaml
local_epochs: 1
log_cka: false
log_dir: results/logs/cka_strength_sweep/cifar10_cka_strength_fixed_5605137/strength_1p0/seed_42
lr: 0.01
mask_update_interval: 2
method: cka_feddst
model: cifar_cnn
num_clients: 5
num_workers: 2
output_dir: results
plot_dir: results/plots/cka_strength_sweep/cifar10_cka_strength_fixed_5605137
prune_fraction: 0.2
reference_size: 500
regrowth_method: gradient
rounds: 20
save_checkpoint: false
seed: 42
sparsity: 0.5
sparsity_init: random
split_dir: null
Saved merged config to: results/logs/cka_strength_sweep/cifar10_cka_strength_fixed_5605137/strength_1p0/seed_42/cka_feddst_cifar10_clients5_alpha0.3_sparsity0.5_cka1.0_seed42_20260802_032316_config.yaml
cuDNN disabled for this run.
Client label distributions:
  client 00: n= 6173, labels=[449, 1577, 16, 53, 288, 1254, 18, 319, 1561, 638]
  client 01: n= 6712, labels=[388, 41, 1016, 674, 619, 293, 705, 1884, 2, 1090]
  client 02: n= 6610, labels=[14, 2050, 564, 1192, 934, 206, 33, 1318, 147, 152]
  client 03: n=12351, labels=[4094, 1282, 465, 1114, 4, 0, 3603, 1424, 313, 52]
  client 04: n=17654, labels=[5, 0, 2889, 1917, 3105, 3197, 591, 5, 2927, 3018]
Initial sparsity | total=0.5000 | active=309936/619872
Layer sparsity | conv1.weight:0.525463;conv2.weight:0.501519;conv3.weight:0.496962;fc1.weight:0.500244;fc2.weight:0.517969
Round 001 | train_loss=2.0918 | test_loss=2.2846 | test_acc=0.1524 | sparsity=0.5000 | cka=0 | targets=
Round 002 | train_loss=1.8567 | test_loss=2.3521 | test_acc=0.1577 | sparsity=0.5001 | cka=1 | targets=conv1.weight:0.500000;conv2.weight:0.500000;conv3.weight:0.500000;fc1.weight:0.500000
Round 003 | train_loss=1.8052 | test_loss=2.4403 | test_acc=0.1591 | sparsity=0.5001 | cka=0 | targets=conv1.weight:0.500000;conv2.weight:0.500000;conv3.weight:0.500000;fc1.weight:0.500000
Round 004 | train_loss=1.7868 | test_loss=2.3911 | test_acc=0.1754 | sparsity=0.5001 | cka=1 | targets=conv1.weight:0.500000;conv2.weight:0.500000;conv3.weight:0.500000;fc1.weight:0.500000
Round 005 | train_loss=1.7760 | test_loss=2.4274 | test_acc=0.1820 | sparsity=0.5001 | cka=0 | targets=conv1.weight:0.500000;conv2.weight:0.500000;conv3.weight:0.500000;fc1.weight:0.500000
Round 006 | train_loss=1.7556 | test_loss=2.4417 | test_acc=0.1920 | sparsity=0.5001 | cka=1 | targets=conv1.weight:0.500000;conv2.weight:0.500000;conv3.weight:0.500000;fc1.weight:0.500000
Round 007 | train_loss=1.7513 | test_loss=2.4010 | test_acc=0.1929 | sparsity=0.5001 | cka=0 | targets=conv1.weight:0.500000;conv2.weight:0.500000;conv3.weight:0.500000;fc1.weight:0.500000
Round 008 | train_loss=1.7316 | test_loss=2.4184 | test_acc=0.1941 | sparsity=0.5001 | cka=1 | targets=conv1.weight:0.500000;conv2.weight:0.500000;conv3.weight:0.500000;fc1.weight:0.500000
Round 009 | train_loss=1.7120 | test_loss=2.3988 | test_acc=0.2239 | sparsity=0.5001 | cka=0 | targets=conv1.weight:0.500000;conv2.weight:0.500000;conv3.weight:0.500000;fc1.weight:0.500000
Round 010 | train_loss=1.6881 | test_loss=2.4113 | test_acc=0.2196 | sparsity=0.5001 | cka=1 | targets=conv1.weight:0.500000;conv2.weight:0.500000;conv3.weight:0.500000;fc1.weight:0.500000
Round 011 | train_loss=1.6841 | test_loss=2.2289 | test_acc=0.2264 | sparsity=0.5001 | cka=0 | targets=conv1.weight:0.500000;conv2.weight:0.500000;conv3.weight:0.500000;fc1.weight:0.500000
Round 012 | train_loss=1.6421 | test_loss=2.2394 | test_acc=0.2371 | sparsity=0.5001 | cka=1 | targets=conv1.weight:0.500000;conv2.weight:0.500000;conv3.weight:0.500000;fc1.weight:0.500000
Round 013 | train_loss=1.5998 | test_loss=2.2038 | test_acc=0.2445 | sparsity=0.5001 | cka=0 | targets=conv1.weight:0.500000;conv2.weight:0.500000;conv3.weight:0.500000;fc1.weight:0.500000
Round 014 | train_loss=1.5611 | test_loss=2.1487 | test_acc=0.2551 | sparsity=0.5001 | cka=1 | targets=conv1.weight:0.500000;conv2.weight:0.500000;conv3.weight:0.500000;fc1.weight:0.500000
Round 015 | train_loss=1.5521 | test_loss=2.0823 | test_acc=0.2549 | sparsity=0.5001 | cka=0 | targets=conv1.weight:0.500000;conv2.weight:0.500000;conv3.weight:0.500000;fc1.weight:0.500000
Round 016 | train_loss=1.5137 | test_loss=2.0607 | test_acc=0.2598 | sparsity=0.5001 | cka=1 | targets=conv1.weight:0.500000;conv2.weight:0.500000;conv3.weight:0.500000;fc1.weight:0.500000
Round 017 | train_loss=1.4840 | test_loss=2.0316 | test_acc=0.2719 | sparsity=0.5001 | cka=0 | targets=conv1.weight:0.500000;conv2.weight:0.500000;conv3.weight:0.500000;fc1.weight:0.500000
Round 018 | train_loss=1.4657 | test_loss=2.0151 | test_acc=0.2787 | sparsity=0.5001 | cka=1 | targets=conv1.weight:0.500000;conv2.weight:0.500000;conv3.weight:0.500000;fc1.weight:0.500000
Round 019 | train_loss=1.4561 | test_loss=1.9594 | test_acc=0.2882 | sparsity=0.5001 | cka=0 | targets=conv1.weight:0.500000;conv2.weight:0.500000;conv3.weight:0.500000;fc1.weight:0.500000
Round 020 | train_loss=1.4340 | test_loss=1.9596 | test_acc=0.2913 | sparsity=0.5001 | cka=1 | targets=conv1.weight:0.500000;conv2.weight:0.500000;conv3.weight:0.500000;fc1.weight:0.500000
Saved training log to: results/logs/cka_strength_sweep/cifar10_cka_strength_fixed_5605137/strength_1p0/seed_42/cka_feddst_cifar10_clients5_alpha0.3_sparsity0.5_cka1.0_seed42_20260802_032316.csv
Saved CKA log to: results/logs/cka_strength_sweep/cifar10_cka_strength_fixed_5605137/strength_1p0/seed_42/cka_feddst_cifar10_clients5_alpha0.3_sparsity0.5_cka1.0_seed42_20260802_032316_cka.csv

[Run 102/125] suite=cka_strength method=cka_feddst seed=42 sparsity=0.7 cka_strength=1
Output log dir: results/logs/cka_strength_sweep/cifar10_cka_strength_fixed_5605137/strength_1p0/seed_42
Command: /mnt/aiongpfs/users/dsen/micromamba/envs/cka-cifar/bin/python -m src.train --global-config configs/global_cifar10.yaml --config configs/cka_feddst_mnist.yaml --seed 42 --sparsity 0.7 --cka-strength 1 --log-dir results/logs/cka_strength_sweep/cifar10_cka_strength_fixed_5605137/strength_1p0/seed_42 --checkpoint-dir results/checkpoints/cka_strength_sweep/cifar10_cka_strength_fixed_5605137/strength_1p0/seed_42 --plot-dir results/plots/cka_strength_sweep/cifar10_cka_strength_fixed_5605137
Final merged configuration:
alpha: 0.3
batch_size: 64
checkpoint_dir: results/checkpoints/cka_strength_sweep/cifar10_cka_strength_fixed_5605137/strength_1p0/seed_42
cka_interval: 2
cka_layers:
- conv1
- conv2
- conv3
- fc1
cka_max_sparsity: 0.95
cka_min_sparsity: 0.5
cka_strength: 1.0
data_check: false
data_dir: data
dataset: cifar10
device: auto
disable_cudnn: true
dry_run: false
eval_interval: 1
experiment_config_path: configs/cka_feddst_mnist.yaml
global_config_path: configs/global_cifar10.yaml
local_epochs: 1
log_cka: false
log_dir: results/logs/cka_strength_sweep/cifar10_cka_strength_fixed_5605137/strength_1p0/seed_42
lr: 0.01
mask_update_interval: 2
method: cka_feddst
model: cifar_cnn
num_clients: 5
num_workers: 2
output_dir: results
plot_dir: results/plots/cka_strength_sweep/cifar10_cka_strength_fixed_5605137
prune_fraction: 0.2
reference_size: 500
regrowth_method: gradient
rounds: 20
save_checkpoint: false
seed: 42
sparsity: 0.7
sparsity_init: random
split_dir: null
Saved merged config to: results/logs/cka_strength_sweep/cifar10_cka_strength_fixed_5605137/strength_1p0/seed_42/cka_feddst_cifar10_clients5_alpha0.3_sparsity0.7_cka1.0_seed42_20260802_033047_config.yaml
cuDNN disabled for this run.
Client label distributions:
  client 00: n= 6173, labels=[449, 1577, 16, 53, 288, 1254, 18, 319, 1561, 638]
  client 01: n= 6712, labels=[388, 41, 1016, 674, 619, 293, 705, 1884, 2, 1090]
  client 02: n= 6610, labels=[14, 2050, 564, 1192, 934, 206, 33, 1318, 147, 152]
  client 03: n=12351, labels=[4094, 1282, 465, 1114, 4, 0, 3603, 1424, 313, 52]
  client 04: n=17654, labels=[5, 0, 2889, 1917, 3105, 3197, 591, 5, 2927, 3018]
Initial sparsity | total=0.7000 | active=185962/619872
Layer sparsity | conv1.weight:0.722222;conv2.weight:0.700955;conv3.weight:0.698893;fc1.weight:0.700014;fc2.weight:0.714453
Round 001 | train_loss=2.2264 | test_loss=2.3020 | test_acc=0.1002 | sparsity=0.7000 | cka=0 | targets=
Round 002 | train_loss=2.1997 | test_loss=2.2987 | test_acc=0.1323 | sparsity=0.7001 | cka=1 | targets=conv1.weight:0.693287;conv2.weight:0.693522;conv3.weight:0.694675;fc1.weight:0.700987
Round 003 | train_loss=1.9832 | test_loss=2.3021 | test_acc=0.1569 | sparsity=0.7001 | cka=0 | targets=conv1.weight:0.693287;conv2.weight:0.693522;conv3.weight:0.694675;fc1.weight:0.700987
Round 004 | train_loss=1.8286 | test_loss=2.2880 | test_acc=0.1502 | sparsity=0.7001 | cka=1 | targets=conv1.weight:0.697917;conv2.weight:0.698351;conv3.weight:0.698351;fc1.weight:0.700293
Round 005 | train_loss=1.8292 | test_loss=2.3745 | test_acc=0.1578 | sparsity=0.7001 | cka=0 | targets=conv1.weight:0.697917;conv2.weight:0.698351;conv3.weight:0.698351;fc1.weight:0.700293
Round 006 | train_loss=1.7900 | test_loss=2.3948 | test_acc=0.1680 | sparsity=0.7001 | cka=1 | targets=conv1.weight:0.697917;conv2.weight:0.697808;conv3.weight:0.697822;fc1.weight:0.700386
Round 007 | train_loss=1.7817 | test_loss=2.4627 | test_acc=0.1603 | sparsity=0.7001 | cka=0 | targets=conv1.weight:0.697917;conv2.weight:0.697808;conv3.weight:0.697822;fc1.weight:0.700386
Round 008 | train_loss=1.7711 | test_loss=2.4502 | test_acc=0.1667 | sparsity=0.7001 | cka=1 | targets=conv1.weight:0.695602;conv2.weight:0.695909;conv3.weight:0.695909;fc1.weight:0.700726
Round 009 | train_loss=1.7626 | test_loss=2.4316 | test_acc=0.1891 | sparsity=0.7001 | cka=0 | targets=conv1.weight:0.695602;conv2.weight:0.695909;conv3.weight:0.695909;fc1.weight:0.700726
Round 010 | train_loss=1.7505 | test_loss=2.4786 | test_acc=0.1787 | sparsity=0.7001 | cka=1 | targets=conv1.weight:0.696759;conv2.weight:0.697320;conv3.weight:0.697320;fc1.weight:0.700476
Round 011 | train_loss=1.7482 | test_loss=2.3804 | test_acc=0.1863 | sparsity=0.7001 | cka=0 | targets=conv1.weight:0.696759;conv2.weight:0.697320;conv3.weight:0.697320;fc1.weight:0.700476
Round 012 | train_loss=1.7341 | test_loss=2.4283 | test_acc=0.1878 | sparsity=0.7001 | cka=1 | targets=conv1.weight:0.695602;conv2.weight:0.696181;conv3.weight:0.696235;fc1.weight:0.700670
Round 013 | train_loss=1.7232 | test_loss=2.4019 | test_acc=0.2098 | sparsity=0.7001 | cka=0 | targets=conv1.weight:0.695602;conv2.weight:0.696181;conv3.weight:0.696235;fc1.weight:0.700670
Round 014 | train_loss=1.7115 | test_loss=2.3950 | test_acc=0.2098 | sparsity=0.7001 | cka=1 | targets=conv1.weight:0.696759;conv2.weight:0.696615;conv3.weight:0.696696;fc1.weight:0.700588
Round 015 | train_loss=1.7061 | test_loss=2.3766 | test_acc=0.2105 | sparsity=0.7001 | cka=0 | targets=conv1.weight:0.696759;conv2.weight:0.696615;conv3.weight:0.696696;fc1.weight:0.700588
Round 016 | train_loss=1.6811 | test_loss=2.3560 | test_acc=0.2124 | sparsity=0.7001 | cka=1 | targets=conv1.weight:0.690972;conv2.weight:0.692980;conv3.weight:0.695082;fc1.weight:0.700953
Round 017 | train_loss=1.6606 | test_loss=2.3455 | test_acc=0.2254 | sparsity=0.7001 | cka=0 | targets=conv1.weight:0.690972;conv2.weight:0.692980;conv3.weight:0.695082;fc1.weight:0.700953
Round 018 | train_loss=1.6284 | test_loss=2.2694 | test_acc=0.2309 | sparsity=0.7001 | cka=1 | targets=conv1.weight:0.693287;conv2.weight:0.694336;conv3.weight:0.695245;fc1.weight:0.700878
Round 019 | train_loss=1.6049 | test_loss=2.1847 | test_acc=0.2335 | sparsity=0.7001 | cka=0 | targets=conv1.weight:0.693287;conv2.weight:0.694336;conv3.weight:0.695245;fc1.weight:0.700878
Round 020 | train_loss=1.5793 | test_loss=2.1993 | test_acc=0.2354 | sparsity=0.7001 | cka=1 | targets=conv1.weight:0.690972;conv2.weight:0.693685;conv3.weight:0.693929;fc1.weight:0.701090
Saved training log to: results/logs/cka_strength_sweep/cifar10_cka_strength_fixed_5605137/strength_1p0/seed_42/cka_feddst_cifar10_clients5_alpha0.3_sparsity0.7_cka1.0_seed42_20260802_033047.csv
Saved CKA log to: results/logs/cka_strength_sweep/cifar10_cka_strength_fixed_5605137/strength_1p0/seed_42/cka_feddst_cifar10_clients5_alpha0.3_sparsity0.7_cka1.0_seed42_20260802_033047_cka.csv

[Run 103/125] suite=cka_strength method=cka_feddst seed=42 sparsity=0.8 cka_strength=1
Output log dir: results/logs/cka_strength_sweep/cifar10_cka_strength_fixed_5605137/strength_1p0/seed_42
Command: /mnt/aiongpfs/users/dsen/micromamba/envs/cka-cifar/bin/python -m src.train --global-config configs/global_cifar10.yaml --config configs/cka_feddst_mnist.yaml --seed 42 --sparsity 0.8 --cka-strength 1 --log-dir results/logs/cka_strength_sweep/cifar10_cka_strength_fixed_5605137/strength_1p0/seed_42 --checkpoint-dir results/checkpoints/cka_strength_sweep/cifar10_cka_strength_fixed_5605137/strength_1p0/seed_42 --plot-dir results/plots/cka_strength_sweep/cifar10_cka_strength_fixed_5605137
Final merged configuration:
alpha: 0.3
batch_size: 64
checkpoint_dir: results/checkpoints/cka_strength_sweep/cifar10_cka_strength_fixed_5605137/strength_1p0/seed_42
cka_interval: 2
cka_layers:
- conv1
- conv2
- conv3
- fc1
cka_max_sparsity: 0.95
cka_min_sparsity: 0.5
cka_strength: 1.0
data_check: false
data_dir: data
dataset: cifar10
device: auto
disable_cudnn: true
dry_run: false
eval_interval: 1
experiment_config_path: configs/cka_feddst_mnist.yaml
global_config_path: configs/global_cifar10.yaml
local_epochs: 1
log_cka: false
log_dir: results/logs/cka_strength_sweep/cifar10_cka_strength_fixed_5605137/strength_1p0/seed_42
lr: 0.01
mask_update_interval: 2
method: cka_feddst
model: cifar_cnn
num_clients: 5
num_workers: 2
output_dir: results
plot_dir: results/plots/cka_strength_sweep/cifar10_cka_strength_fixed_5605137
prune_fraction: 0.2
reference_size: 500
regrowth_method: gradient
rounds: 20
save_checkpoint: false
seed: 42
sparsity: 0.8
sparsity_init: random
split_dir: null
Saved merged config to: results/logs/cka_strength_sweep/cifar10_cka_strength_fixed_5605137/strength_1p0/seed_42/cka_feddst_cifar10_clients5_alpha0.3_sparsity0.8_cka1.0_seed42_20260802_033824_config.yaml
cuDNN disabled for this run.
Client label distributions:
  client 00: n= 6173, labels=[449, 1577, 16, 53, 288, 1254, 18, 319, 1561, 638]
  client 01: n= 6712, labels=[388, 41, 1016, 674, 619, 293, 705, 1884, 2, 1090]
  client 02: n= 6610, labels=[14, 2050, 564, 1192, 934, 206, 33, 1318, 147, 152]
  client 03: n=12351, labels=[4094, 1282, 465, 1114, 4, 0, 3603, 1424, 313, 52]
  client 04: n=17654, labels=[5, 0, 2889, 1917, 3105, 3197, 591, 5, 2927, 3018]
Initial sparsity | total=0.8000 | active=123974/619872
Layer sparsity | conv1.weight:0.818287;conv2.weight:0.798177;conv3.weight:0.798815;fc1.weight:0.800186;fc2.weight:0.803125
Round 001 | train_loss=2.2321 | test_loss=2.3030 | test_acc=0.1000 | sparsity=0.8000 | cka=0 | targets=
Round 002 | train_loss=2.2317 | test_loss=2.3036 | test_acc=0.1000 | sparsity=0.8000 | cka=1 | targets=conv1.weight:0.797454;conv2.weight:0.797635;conv3.weight:0.797689;fc1.weight:0.800413
Round 003 | train_loss=2.2148 | test_loss=2.3025 | test_acc=0.1155 | sparsity=0.8000 | cka=0 | targets=conv1.weight:0.797454;conv2.weight:0.797635;conv3.weight:0.797689;fc1.weight:0.800413
Round 004 | train_loss=2.0783 | test_loss=2.3012 | test_acc=0.1633 | sparsity=0.8000 | cka=1 | targets=conv1.weight:0.799769;conv2.weight:0.799316;conv3.weight:0.799398;fc1.weight:0.800110
Round 005 | train_loss=1.9348 | test_loss=2.3193 | test_acc=0.1496 | sparsity=0.8000 | cka=0 | targets=conv1.weight:0.799769;conv2.weight:0.799316;conv3.weight:0.799398;fc1.weight:0.800110
Round 006 | train_loss=1.8181 | test_loss=2.3853 | test_acc=0.1629 | sparsity=0.8000 | cka=1 | targets=conv1.weight:0.798611;conv2.weight:0.799208;conv3.weight:0.799221;fc1.weight:0.800140
Round 007 | train_loss=1.7993 | test_loss=2.4579 | test_acc=0.1548 | sparsity=0.8000 | cka=0 | targets=conv1.weight:0.798611;conv2.weight:0.799208;conv3.weight:0.799221;fc1.weight:0.800140
Round 008 | train_loss=1.7879 | test_loss=2.4256 | test_acc=0.1625 | sparsity=0.8000 | cka=1 | targets=conv1.weight:0.798611;conv2.weight:0.798611;conv3.weight:0.798638;fc1.weight:0.800243
Round 009 | train_loss=1.7806 | test_loss=2.4236 | test_acc=0.1790 | sparsity=0.8000 | cka=0 | targets=conv1.weight:0.798611;conv2.weight:0.798611;conv3.weight:0.798638;fc1.weight:0.800243
Round 010 | train_loss=1.7696 | test_loss=2.4467 | test_acc=0.1732 | sparsity=0.8000 | cka=1 | targets=conv1.weight:0.797454;conv2.weight:0.797580;conv3.weight:0.797594;fc1.weight:0.800428
Round 011 | train_loss=1.7665 | test_loss=2.3984 | test_acc=0.1871 | sparsity=0.8000 | cka=0 | targets=conv1.weight:0.797454;conv2.weight:0.797580;conv3.weight:0.797594;fc1.weight:0.800428
Round 012 | train_loss=1.7551 | test_loss=2.3754 | test_acc=0.1880 | sparsity=0.8000 | cka=1 | targets=conv1.weight:0.797454;conv2.weight:0.797092;conv3.weight:0.797106;fc1.weight:0.800514
Round 013 | train_loss=1.7464 | test_loss=2.4006 | test_acc=0.1952 | sparsity=0.8000 | cka=0 | targets=conv1.weight:0.797454;conv2.weight:0.797092;conv3.weight:0.797106;fc1.weight:0.800514
Round 014 | train_loss=1.7373 | test_loss=2.3827 | test_acc=0.1992 | sparsity=0.8000 | cka=1 | targets=conv1.weight:0.796296;conv2.weight:0.796495;conv3.weight:0.796536;fc1.weight:0.800617
Round 015 | train_loss=1.7366 | test_loss=2.4138 | test_acc=0.1982 | sparsity=0.8000 | cka=0 | targets=conv1.weight:0.796296;conv2.weight:0.796495;conv3.weight:0.796536;fc1.weight:0.800617
Round 016 | train_loss=1.7233 | test_loss=2.3606 | test_acc=0.2020 | sparsity=0.8000 | cka=1 | targets=conv1.weight:0.795139;conv2.weight:0.796170;conv3.weight:0.796197;fc1.weight:0.800678
Round 017 | train_loss=1.7170 | test_loss=2.4038 | test_acc=0.2029 | sparsity=0.8000 | cka=0 | targets=conv1.weight:0.795139;conv2.weight:0.796170;conv3.weight:0.796197;fc1.weight:0.800678
Round 018 | train_loss=1.7081 | test_loss=2.3834 | test_acc=0.2072 | sparsity=0.8000 | cka=1 | targets=conv1.weight:0.795139;conv2.weight:0.796007;conv3.weight:0.796088;fc1.weight:0.800699
Round 019 | train_loss=1.7055 | test_loss=2.3772 | test_acc=0.2080 | sparsity=0.8000 | cka=0 | targets=conv1.weight:0.795139;conv2.weight:0.796007;conv3.weight:0.796088;fc1.weight:0.800699
Round 020 | train_loss=1.6921 | test_loss=2.3142 | test_acc=0.2131 | sparsity=0.8000 | cka=1 | targets=conv1.weight:0.793981;conv2.weight:0.795736;conv3.weight:0.795926;fc1.weight:0.800734
Saved training log to: results/logs/cka_strength_sweep/cifar10_cka_strength_fixed_5605137/strength_1p0/seed_42/cka_feddst_cifar10_clients5_alpha0.3_sparsity0.8_cka1.0_seed42_20260802_033824.csv
Saved CKA log to: results/logs/cka_strength_sweep/cifar10_cka_strength_fixed_5605137/strength_1p0/seed_42/cka_feddst_cifar10_clients5_alpha0.3_sparsity0.8_cka1.0_seed42_20260802_033824_cka.csv

[Run 104/125] suite=cka_strength method=cka_feddst seed=42 sparsity=0.9 cka_strength=1
Output log dir: results/logs/cka_strength_sweep/cifar10_cka_strength_fixed_5605137/strength_1p0/seed_42
Command: /mnt/aiongpfs/users/dsen/micromamba/envs/cka-cifar/bin/python -m src.train --global-config configs/global_cifar10.yaml --config configs/cka_feddst_mnist.yaml --seed 42 --sparsity 0.9 --cka-strength 1 --log-dir results/logs/cka_strength_sweep/cifar10_cka_strength_fixed_5605137/strength_1p0/seed_42 --checkpoint-dir results/checkpoints/cka_strength_sweep/cifar10_cka_strength_fixed_5605137/strength_1p0/seed_42 --plot-dir results/plots/cka_strength_sweep/cifar10_cka_strength_fixed_5605137
Final merged configuration:
alpha: 0.3
batch_size: 64
checkpoint_dir: results/checkpoints/cka_strength_sweep/cifar10_cka_strength_fixed_5605137/strength_1p0/seed_42
cka_interval: 2
cka_layers:
- conv1
- conv2
- conv3
- fc1
cka_max_sparsity: 0.95
cka_min_sparsity: 0.5
cka_strength: 1.0
data_check: false
data_dir: data
dataset: cifar10
device: auto
disable_cudnn: true
dry_run: false
eval_interval: 1
experiment_config_path: configs/cka_feddst_mnist.yaml
global_config_path: configs/global_cifar10.yaml
local_epochs: 1
log_cka: false
log_dir: results/logs/cka_strength_sweep/cifar10_cka_strength_fixed_5605137/strength_1p0/seed_42
lr: 0.01
mask_update_interval: 2
method: cka_feddst
model: cifar_cnn
num_clients: 5
num_workers: 2
output_dir: results
plot_dir: results/plots/cka_strength_sweep/cifar10_cka_strength_fixed_5605137
prune_fraction: 0.2
reference_size: 500
regrowth_method: gradient
rounds: 20
save_checkpoint: false
seed: 42
sparsity: 0.9
sparsity_init: random
split_dir: null
Saved merged config to: results/logs/cka_strength_sweep/cifar10_cka_strength_fixed_5605137/strength_1p0/seed_42/cka_feddst_cifar10_clients5_alpha0.3_sparsity0.9_cka1.0_seed42_20260802_034611_config.yaml
cuDNN disabled for this run.
Client label distributions:
  client 00: n= 6173, labels=[449, 1577, 16, 53, 288, 1254, 18, 319, 1561, 638]
  client 01: n= 6712, labels=[388, 41, 1016, 674, 619, 293, 705, 1884, 2, 1090]
  client 02: n= 6610, labels=[14, 2050, 564, 1192, 934, 206, 33, 1318, 147, 152]
  client 03: n=12351, labels=[4094, 1282, 465, 1114, 4, 0, 3603, 1424, 313, 52]
  client 04: n=17654, labels=[5, 0, 2889, 1917, 3105, 3197, 591, 5, 2927, 3018]
Initial sparsity | total=0.9000 | active=61987/619872
Layer sparsity | conv1.weight:0.895833;conv2.weight:0.898872;conv3.weight:0.897461;fc1.weight:0.900391;fc2.weight:0.902734
Round 001 | train_loss=2.2342 | test_loss=2.3031 | test_acc=0.1000 | sparsity=0.9000 | cka=0 | targets=
Round 002 | train_loss=2.2346 | test_loss=2.3037 | test_acc=0.1000 | sparsity=0.9000 | cka=1 | targets=conv1.weight:0.899306;conv2.weight:0.899740;conv3.weight:0.899726;fc1.weight:0.900049
Round 003 | train_loss=2.2348 | test_loss=2.3047 | test_acc=0.1000 | sparsity=0.9000 | cka=0 | targets=conv1.weight:0.899306;conv2.weight:0.899740;conv3.weight:0.899726;fc1.weight:0.900049
Round 004 | train_loss=2.2355 | test_loss=2.3057 | test_acc=0.1000 | sparsity=0.9000 | cka=1 | targets=conv1.weight:0.898148;conv2.weight:0.897732;conv3.weight:0.897759;fc1.weight:0.900398
Round 005 | train_loss=2.2372 | test_loss=2.3069 | test_acc=0.1000 | sparsity=0.9000 | cka=0 | targets=conv1.weight:0.898148;conv2.weight:0.897732;conv3.weight:0.897759;fc1.weight:0.900398
Round 006 | train_loss=2.2382 | test_loss=2.3080 | test_acc=0.1032 | sparsity=0.9000 | cka=1 | targets=conv1.weight:0.899306;conv2.weight:0.899197;conv3.weight:0.899211;fc1.weight:0.900141
Round 007 | train_loss=2.2383 | test_loss=2.3091 | test_acc=0.1000 | sparsity=0.9000 | cka=0 | targets=conv1.weight:0.899306;conv2.weight:0.899197;conv3.weight:0.899211;fc1.weight:0.900141
Round 008 | train_loss=2.2384 | test_loss=2.3101 | test_acc=0.1000 | sparsity=0.9000 | cka=1 | targets=conv1.weight:0.898148;conv2.weight:0.897786;conv3.weight:0.897909;fc1.weight:0.900375
Round 009 | train_loss=2.2402 | test_loss=2.3110 | test_acc=0.1000 | sparsity=0.9000 | cka=0 | targets=conv1.weight:0.898148;conv2.weight:0.897786;conv3.weight:0.897909;fc1.weight:0.900375
Round 010 | train_loss=2.2405 | test_loss=2.3118 | test_acc=0.1000 | sparsity=0.9000 | cka=1 | targets=conv1.weight:0.899306;conv2.weight:0.898926;conv3.weight:0.898994;fc1.weight:0.900181
Round 011 | train_loss=2.2391 | test_loss=2.3126 | test_acc=0.1000 | sparsity=0.9000 | cka=0 | targets=conv1.weight:0.899306;conv2.weight:0.898926;conv3.weight:0.898994;fc1.weight:0.900181
Round 012 | train_loss=2.2370 | test_loss=2.3133 | test_acc=0.1000 | sparsity=0.9000 | cka=1 | targets=conv1.weight:0.898148;conv2.weight:0.898600;conv3.weight:0.898831;fc1.weight:0.900217
Round 013 | train_loss=2.2388 | test_loss=2.3140 | test_acc=0.1000 | sparsity=0.9000 | cka=0 | targets=conv1.weight:0.898148;conv2.weight:0.898600;conv3.weight:0.898831;fc1.weight:0.900217
Round 014 | train_loss=2.2358 | test_loss=2.3145 | test_acc=0.1000 | sparsity=0.9000 | cka=1 | targets=conv1.weight:0.899306;conv2.weight:0.898872;conv3.weight:0.899007;fc1.weight:0.900181
Round 015 | train_loss=2.2186 | test_loss=2.3147 | test_acc=0.1003 | sparsity=0.9000 | cka=0 | targets=conv1.weight:0.899306;conv2.weight:0.898872;conv3.weight:0.899007;fc1.weight:0.900181
Round 016 | train_loss=2.1328 | test_loss=2.3165 | test_acc=0.1111 | sparsity=0.9000 | cka=1 | targets=conv1.weight:0.900463;conv2.weight:0.899902;conv3.weight:0.899943;fc1.weight:0.900011
Round 017 | train_loss=1.9695 | test_loss=2.3415 | test_acc=0.1462 | sparsity=0.9000 | cka=0 | targets=conv1.weight:0.900463;conv2.weight:0.899902;conv3.weight:0.899943;fc1.weight:0.900011
Round 018 | train_loss=1.8392 | test_loss=2.4013 | test_acc=0.1194 | sparsity=0.9000 | cka=1 | targets=conv1.weight:0.899306;conv2.weight:0.899577;conv3.weight:0.899563;fc1.weight:0.900078
Round 019 | train_loss=1.8054 | test_loss=2.4596 | test_acc=0.1672 | sparsity=0.9000 | cka=0 | targets=conv1.weight:0.899306;conv2.weight:0.899577;conv3.weight:0.899563;fc1.weight:0.900078
Round 020 | train_loss=1.7845 | test_loss=2.4311 | test_acc=0.1579 | sparsity=0.9000 | cka=1 | targets=conv1.weight:0.899306;conv2.weight:0.899631;conv3.weight:0.899658;fc1.weight:0.900063
Saved training log to: results/logs/cka_strength_sweep/cifar10_cka_strength_fixed_5605137/strength_1p0/seed_42/cka_feddst_cifar10_clients5_alpha0.3_sparsity0.9_cka1.0_seed42_20260802_034611.csv
Saved CKA log to: results/logs/cka_strength_sweep/cifar10_cka_strength_fixed_5605137/strength_1p0/seed_42/cka_feddst_cifar10_clients5_alpha0.3_sparsity0.9_cka1.0_seed42_20260802_034611_cka.csv

[Run 105/125] suite=cka_strength method=cka_feddst seed=42 sparsity=0.95 cka_strength=1
Output log dir: results/logs/cka_strength_sweep/cifar10_cka_strength_fixed_5605137/strength_1p0/seed_42
Command: /mnt/aiongpfs/users/dsen/micromamba/envs/cka-cifar/bin/python -m src.train --global-config configs/global_cifar10.yaml --config configs/cka_feddst_mnist.yaml --seed 42 --sparsity 0.95 --cka-strength 1 --log-dir results/logs/cka_strength_sweep/cifar10_cka_strength_fixed_5605137/strength_1p0/seed_42 --checkpoint-dir results/checkpoints/cka_strength_sweep/cifar10_cka_strength_fixed_5605137/strength_1p0/seed_42 --plot-dir results/plots/cka_strength_sweep/cifar10_cka_strength_fixed_5605137
Final merged configuration:
alpha: 0.3
batch_size: 64
checkpoint_dir: results/checkpoints/cka_strength_sweep/cifar10_cka_strength_fixed_5605137/strength_1p0/seed_42
cka_interval: 2
cka_layers:
- conv1
- conv2
- conv3
- fc1
cka_max_sparsity: 0.95
cka_min_sparsity: 0.5
cka_strength: 1.0
data_check: false
data_dir: data
dataset: cifar10
device: auto
disable_cudnn: true
dry_run: false
eval_interval: 1
experiment_config_path: configs/cka_feddst_mnist.yaml
global_config_path: configs/global_cifar10.yaml
local_epochs: 1
log_cka: false
log_dir: results/logs/cka_strength_sweep/cifar10_cka_strength_fixed_5605137/strength_1p0/seed_42
lr: 0.01
mask_update_interval: 2
method: cka_feddst
model: cifar_cnn
num_clients: 5
num_workers: 2
output_dir: results
plot_dir: results/plots/cka_strength_sweep/cifar10_cka_strength_fixed_5605137
prune_fraction: 0.2
reference_size: 500
regrowth_method: gradient
rounds: 20
save_checkpoint: false
seed: 42
sparsity: 0.95
sparsity_init: random
split_dir: null
Saved merged config to: results/logs/cka_strength_sweep/cifar10_cka_strength_fixed_5605137/strength_1p0/seed_42/cka_feddst_cifar10_clients5_alpha0.3_sparsity0.95_cka1.0_seed42_20260802_035355_config.yaml
cuDNN disabled for this run.
Client label distributions:
  client 00: n= 6173, labels=[449, 1577, 16, 53, 288, 1254, 18, 319, 1561, 638]
  client 01: n= 6712, labels=[388, 41, 1016, 674, 619, 293, 705, 1884, 2, 1090]
  client 02: n= 6610, labels=[14, 2050, 564, 1192, 934, 206, 33, 1318, 147, 152]
  client 03: n=12351, labels=[4094, 1282, 465, 1114, 4, 0, 3603, 1424, 313, 52]
  client 04: n=17654, labels=[5, 0, 2889, 1917, 3105, 3197, 591, 5, 2927, 3018]
Initial sparsity | total=0.9500 | active=30994/619872
Layer sparsity | conv1.weight:0.946759;conv2.weight:0.948730;conv3.weight:0.948419;fc1.weight:0.950260;fc2.weight:0.952344
Round 001 | train_loss=2.2348 | test_loss=2.3030 | test_acc=0.1000 | sparsity=0.9500 | cka=0 | targets=
Round 002 | train_loss=2.2354 | test_loss=2.3037 | test_acc=0.1000 | sparsity=0.9500 | cka=1 | targets=conv1.weight:0.949074;conv2.weight:0.949978;conv3.weight:0.949992;fc1.weight:0.949999
Round 003 | train_loss=2.2361 | test_loss=2.3046 | test_acc=0.1000 | sparsity=0.9500 | cka=0 | targets=conv1.weight:0.949074;conv2.weight:0.949978;conv3.weight:0.949992;fc1.weight:0.949999
Round 004 | train_loss=2.2372 | test_loss=2.3057 | test_acc=0.1000 | sparsity=0.9500 | cka=1 | targets=conv1.weight:0.949074;conv2.weight:0.949978;conv3.weight:0.949992;fc1.weight:0.949999
Round 005 | train_loss=2.2386 | test_loss=2.3068 | test_acc=0.1000 | sparsity=0.9500 | cka=0 | targets=conv1.weight:0.949074;conv2.weight:0.949978;conv3.weight:0.949992;fc1.weight:0.949999
Round 006 | train_loss=2.2398 | test_loss=2.3079 | test_acc=0.1000 | sparsity=0.9500 | cka=1 | targets=conv1.weight:0.949074;conv2.weight:0.949978;conv3.weight:0.949992;fc1.weight:0.949999
Round 007 | train_loss=2.2407 | test_loss=2.3090 | test_acc=0.1000 | sparsity=0.9500 | cka=0 | targets=conv1.weight:0.949074;conv2.weight:0.949978;conv3.weight:0.949992;fc1.weight:0.949999
Round 008 | train_loss=2.2416 | test_loss=2.3099 | test_acc=0.1000 | sparsity=0.9500 | cka=1 | targets=conv1.weight:0.949074;conv2.weight:0.949978;conv3.weight:0.949992;fc1.weight:0.949999
Round 009 | train_loss=2.2428 | test_loss=2.3108 | test_acc=0.1000 | sparsity=0.9500 | cka=0 | targets=conv1.weight:0.949074;conv2.weight:0.949978;conv3.weight:0.949992;fc1.weight:0.949999
Round 010 | train_loss=2.2436 | test_loss=2.3116 | test_acc=0.1000 | sparsity=0.9500 | cka=1 | targets=conv1.weight:0.949074;conv2.weight:0.949978;conv3.weight:0.949992;fc1.weight:0.949999
Round 011 | train_loss=2.2439 | test_loss=2.3123 | test_acc=0.1000 | sparsity=0.9500 | cka=0 | targets=conv1.weight:0.949074;conv2.weight:0.949978;conv3.weight:0.949992;fc1.weight:0.949999
Round 012 | train_loss=2.2444 | test_loss=2.3130 | test_acc=0.1000 | sparsity=0.9500 | cka=1 | targets=conv1.weight:0.949074;conv2.weight:0.949978;conv3.weight:0.949992;fc1.weight:0.949999
Round 013 | train_loss=2.2453 | test_loss=2.3135 | test_acc=0.1000 | sparsity=0.9500 | cka=0 | targets=conv1.weight:0.949074;conv2.weight:0.949978;conv3.weight:0.949992;fc1.weight:0.949999
Round 014 | train_loss=2.2457 | test_loss=2.3140 | test_acc=0.1000 | sparsity=0.9500 | cka=1 | targets=conv1.weight:0.949074;conv2.weight:0.949978;conv3.weight:0.949992;fc1.weight:0.949999
Round 015 | train_loss=2.2454 | test_loss=2.3145 | test_acc=0.1000 | sparsity=0.9500 | cka=0 | targets=conv1.weight:0.949074;conv2.weight:0.949978;conv3.weight:0.949992;fc1.weight:0.949999
Round 016 | train_loss=2.2452 | test_loss=2.3149 | test_acc=0.1000 | sparsity=0.9500 | cka=1 | targets=conv1.weight:0.949074;conv2.weight:0.949978;conv3.weight:0.949992;fc1.weight:0.949999
Round 017 | train_loss=2.2462 | test_loss=2.3152 | test_acc=0.1000 | sparsity=0.9500 | cka=0 | targets=conv1.weight:0.949074;conv2.weight:0.949978;conv3.weight:0.949992;fc1.weight:0.949999
Round 018 | train_loss=2.2462 | test_loss=2.3155 | test_acc=0.1000 | sparsity=0.9500 | cka=1 | targets=conv1.weight:0.949074;conv2.weight:0.949978;conv3.weight:0.949992;fc1.weight:0.949999
Round 019 | train_loss=2.2449 | test_loss=2.3158 | test_acc=0.1000 | sparsity=0.9500 | cka=0 | targets=conv1.weight:0.949074;conv2.weight:0.949978;conv3.weight:0.949992;fc1.weight:0.949999
Round 020 | train_loss=2.2439 | test_loss=2.3161 | test_acc=0.1000 | sparsity=0.9500 | cka=1 | targets=conv1.weight:0.949074;conv2.weight:0.949978;conv3.weight:0.949992;fc1.weight:0.949999
Saved training log to: results/logs/cka_strength_sweep/cifar10_cka_strength_fixed_5605137/strength_1p0/seed_42/cka_feddst_cifar10_clients5_alpha0.3_sparsity0.95_cka1.0_seed42_20260802_035355.csv
Saved CKA log to: results/logs/cka_strength_sweep/cifar10_cka_strength_fixed_5605137/strength_1p0/seed_42/cka_feddst_cifar10_clients5_alpha0.3_sparsity0.95_cka1.0_seed42_20260802_035355_cka.csv

[Run 106/125] suite=cka_strength method=cka_feddst seed=7 sparsity=0.5 cka_strength=1
Output log dir: results/logs/cka_strength_sweep/cifar10_cka_strength_fixed_5605137/strength_1p0/seed_7
Command: /mnt/aiongpfs/users/dsen/micromamba/envs/cka-cifar/bin/python -m src.train --global-config configs/global_cifar10.yaml --config configs/cka_feddst_mnist.yaml --seed 7 --sparsity 0.5 --cka-strength 1 --log-dir results/logs/cka_strength_sweep/cifar10_cka_strength_fixed_5605137/strength_1p0/seed_7 --checkpoint-dir results/checkpoints/cka_strength_sweep/cifar10_cka_strength_fixed_5605137/strength_1p0/seed_7 --plot-dir results/plots/cka_strength_sweep/cifar10_cka_strength_fixed_5605137
Final merged configuration:
alpha: 0.3
batch_size: 64
checkpoint_dir: results/checkpoints/cka_strength_sweep/cifar10_cka_strength_fixed_5605137/strength_1p0/seed_7
cka_interval: 2
cka_layers:
- conv1
- conv2
- conv3
- fc1
cka_max_sparsity: 0.95
cka_min_sparsity: 0.5
cka_strength: 1.0
data_check: false
data_dir: data
dataset: cifar10
device: auto
disable_cudnn: true
dry_run: false
eval_interval: 1
experiment_config_path: configs/cka_feddst_mnist.yaml
global_config_path: configs/global_cifar10.yaml
local_epochs: 1
log_cka: false
log_dir: results/logs/cka_strength_sweep/cifar10_cka_strength_fixed_5605137/strength_1p0/seed_7
lr: 0.01
mask_update_interval: 2
method: cka_feddst
model: cifar_cnn
num_clients: 5
num_workers: 2
output_dir: results
plot_dir: results/plots/cka_strength_sweep/cifar10_cka_strength_fixed_5605137
prune_fraction: 0.2
reference_size: 500
regrowth_method: gradient
rounds: 20
save_checkpoint: false
seed: 7
sparsity: 0.5
sparsity_init: random
split_dir: null
Saved merged config to: results/logs/cka_strength_sweep/cifar10_cka_strength_fixed_5605137/strength_1p0/seed_7/cka_feddst_cifar10_clients5_alpha0.3_sparsity0.5_cka1.0_seed7_20260802_040128_config.yaml
cuDNN disabled for this run.
Client label distributions:
  client 00: n= 7681, labels=[142, 16, 5, 202, 411, 2130, 3884, 876, 12, 3]
  client 01: n= 8711, labels=[1321, 1281, 355, 76, 3165, 8, 25, 0, 1922, 558]
  client 02: n=19320, labels=[2810, 141, 3133, 4649, 1064, 2142, 26, 2148, 2915, 292]
  client 03: n= 5169, labels=[22, 3285, 1093, 5, 3, 639, 18, 41, 63, 0]
  client 04: n= 8619, labels=[655, 227, 364, 18, 307, 31, 997, 1885, 38, 4097]
Initial sparsity | total=0.5000 | active=309936/619872
Layer sparsity | conv1.weight:0.508102;conv2.weight:0.501302;conv3.weight:0.499146;fc1.weight:0.500034;fc2.weight:0.505469
Round 001 | train_loss=1.9954 | test_loss=2.2963 | test_acc=0.1211 | sparsity=0.5000 | cka=0 | targets=
Round 002 | train_loss=1.7366 | test_loss=2.3502 | test_acc=0.1232 | sparsity=0.5000 | cka=1 | targets=conv1.weight:0.500000;conv2.weight:0.500000;conv3.weight:0.500000;fc1.weight:0.500000
Round 003 | train_loss=1.6802 | test_loss=2.3642 | test_acc=0.1336 | sparsity=0.5000 | cka=0 | targets=conv1.weight:0.500000;conv2.weight:0.500000;conv3.weight:0.500000;fc1.weight:0.500000
Round 004 | train_loss=1.6558 | test_loss=2.3356 | test_acc=0.1538 | sparsity=0.5000 | cka=1 | targets=conv1.weight:0.500000;conv2.weight:0.500000;conv3.weight:0.500000;fc1.weight:0.500000
Round 005 | train_loss=1.6402 | test_loss=2.3892 | test_acc=0.1494 | sparsity=0.5000 | cka=0 | targets=conv1.weight:0.500000;conv2.weight:0.500000;conv3.weight:0.500000;fc1.weight:0.500000
Round 006 | train_loss=1.6163 | test_loss=2.4012 | test_acc=0.1541 | sparsity=0.5000 | cka=1 | targets=conv1.weight:0.500000;conv2.weight:0.500000;conv3.weight:0.500000;fc1.weight:0.500000
Round 007 | train_loss=1.6055 | test_loss=2.3134 | test_acc=0.2011 | sparsity=0.5000 | cka=0 | targets=conv1.weight:0.500000;conv2.weight:0.500000;conv3.weight:0.500000;fc1.weight:0.500000
Round 008 | train_loss=1.5723 | test_loss=2.2977 | test_acc=0.2001 | sparsity=0.5000 | cka=1 | targets=conv1.weight:0.500000;conv2.weight:0.500000;conv3.weight:0.500000;fc1.weight:0.500000
Round 009 | train_loss=1.5406 | test_loss=2.2598 | test_acc=0.2141 | sparsity=0.5000 | cka=0 | targets=conv1.weight:0.500000;conv2.weight:0.500000;conv3.weight:0.500000;fc1.weight:0.500000
Round 010 | train_loss=1.4937 | test_loss=2.3195 | test_acc=0.2084 | sparsity=0.5000 | cka=1 | targets=conv1.weight:0.500000;conv2.weight:0.500000;conv3.weight:0.500000;fc1.weight:0.500000
Round 011 | train_loss=1.4785 | test_loss=2.3698 | test_acc=0.2157 | sparsity=0.5000 | cka=0 | targets=conv1.weight:0.500000;conv2.weight:0.500000;conv3.weight:0.500000;fc1.weight:0.500000
Round 012 | train_loss=1.4356 | test_loss=2.1566 | test_acc=0.2440 | sparsity=0.5000 | cka=1 | targets=conv1.weight:0.500000;conv2.weight:0.500000;conv3.weight:0.500000;fc1.weight:0.500000
Round 013 | train_loss=1.4031 | test_loss=2.0213 | test_acc=0.2631 | sparsity=0.5000 | cka=0 | targets=conv1.weight:0.500000;conv2.weight:0.500000;conv3.weight:0.500000;fc1.weight:0.500000
Round 014 | train_loss=1.3783 | test_loss=2.0921 | test_acc=0.2480 | sparsity=0.5000 | cka=1 | targets=conv1.weight:0.500000;conv2.weight:0.500000;conv3.weight:0.500000;fc1.weight:0.500000
Round 015 | train_loss=1.3674 | test_loss=1.9429 | test_acc=0.2807 | sparsity=0.5000 | cka=0 | targets=conv1.weight:0.500000;conv2.weight:0.500000;conv3.weight:0.500000;fc1.weight:0.500000
Round 016 | train_loss=1.3377 | test_loss=2.0020 | test_acc=0.2834 | sparsity=0.5000 | cka=1 | targets=conv1.weight:0.500000;conv2.weight:0.500000;conv3.weight:0.500000;fc1.weight:0.500000
Round 017 | train_loss=1.3238 | test_loss=1.9906 | test_acc=0.2970 | sparsity=0.5000 | cka=0 | targets=conv1.weight:0.500000;conv2.weight:0.500000;conv3.weight:0.500000;fc1.weight:0.500000
Round 018 | train_loss=1.3021 | test_loss=1.9335 | test_acc=0.3141 | sparsity=0.5000 | cka=1 | targets=conv1.weight:0.500000;conv2.weight:0.500000;conv3.weight:0.500000;fc1.weight:0.500000
Round 019 | train_loss=1.2936 | test_loss=1.9832 | test_acc=0.2891 | sparsity=0.5000 | cka=0 | targets=conv1.weight:0.500000;conv2.weight:0.500000;conv3.weight:0.500000;fc1.weight:0.500000
Round 020 | train_loss=1.2753 | test_loss=1.8757 | test_acc=0.3316 | sparsity=0.5000 | cka=1 | targets=conv1.weight:0.500000;conv2.weight:0.500000;conv3.weight:0.500000;fc1.weight:0.500000
Saved training log to: results/logs/cka_strength_sweep/cifar10_cka_strength_fixed_5605137/strength_1p0/seed_7/cka_feddst_cifar10_clients5_alpha0.3_sparsity0.5_cka1.0_seed7_20260802_040128.csv
Saved CKA log to: results/logs/cka_strength_sweep/cifar10_cka_strength_fixed_5605137/strength_1p0/seed_7/cka_feddst_cifar10_clients5_alpha0.3_sparsity0.5_cka1.0_seed7_20260802_040128_cka.csv

[Run 107/125] suite=cka_strength method=cka_feddst seed=7 sparsity=0.7 cka_strength=1
Output log dir: results/logs/cka_strength_sweep/cifar10_cka_strength_fixed_5605137/strength_1p0/seed_7
Command: /mnt/aiongpfs/users/dsen/micromamba/envs/cka-cifar/bin/python -m src.train --global-config configs/global_cifar10.yaml --config configs/cka_feddst_mnist.yaml --seed 7 --sparsity 0.7 --cka-strength 1 --log-dir results/logs/cka_strength_sweep/cifar10_cka_strength_fixed_5605137/strength_1p0/seed_7 --checkpoint-dir results/checkpoints/cka_strength_sweep/cifar10_cka_strength_fixed_5605137/strength_1p0/seed_7 --plot-dir results/plots/cka_strength_sweep/cifar10_cka_strength_fixed_5605137
Final merged configuration:
alpha: 0.3
batch_size: 64
checkpoint_dir: results/checkpoints/cka_strength_sweep/cifar10_cka_strength_fixed_5605137/strength_1p0/seed_7
cka_interval: 2
cka_layers:
- conv1
- conv2
- conv3
- fc1
cka_max_sparsity: 0.95
cka_min_sparsity: 0.5
cka_strength: 1.0
data_check: false
data_dir: data
dataset: cifar10
device: auto
disable_cudnn: true
dry_run: false
eval_interval: 1
experiment_config_path: configs/cka_feddst_mnist.yaml
global_config_path: configs/global_cifar10.yaml
local_epochs: 1
log_cka: false
log_dir: results/logs/cka_strength_sweep/cifar10_cka_strength_fixed_5605137/strength_1p0/seed_7
lr: 0.01
mask_update_interval: 2
method: cka_feddst
model: cifar_cnn
num_clients: 5
num_workers: 2
output_dir: results
plot_dir: results/plots/cka_strength_sweep/cifar10_cka_strength_fixed_5605137
prune_fraction: 0.2
reference_size: 500
regrowth_method: gradient
rounds: 20
save_checkpoint: false
seed: 7
sparsity: 0.7
sparsity_init: random
split_dir: null
Saved merged config to: results/logs/cka_strength_sweep/cifar10_cka_strength_fixed_5605137/strength_1p0/seed_7/cka_feddst_cifar10_clients5_alpha0.3_sparsity0.7_cka1.0_seed7_20260802_040901_config.yaml
cuDNN disabled for this run.
Client label distributions:
  client 00: n= 7681, labels=[142, 16, 5, 202, 411, 2130, 3884, 876, 12, 3]
  client 01: n= 8711, labels=[1321, 1281, 355, 76, 3165, 8, 25, 0, 1922, 558]
  client 02: n=19320, labels=[2810, 141, 3133, 4649, 1064, 2142, 26, 2148, 2915, 292]
  client 03: n= 5169, labels=[22, 3285, 1093, 5, 3, 639, 18, 41, 63, 0]
  client 04: n= 8619, labels=[655, 227, 364, 18, 307, 31, 997, 1885, 38, 4097]
Initial sparsity | total=0.7000 | active=185962/619872
Layer sparsity | conv1.weight:0.700231;conv2.weight:0.701335;conv3.weight:0.700033;fc1.weight:0.699921;fc2.weight:0.705469
Round 001 | train_loss=2.1907 | test_loss=2.3037 | test_acc=0.1001 | sparsity=0.7000 | cka=0 | targets=
Round 002 | train_loss=2.1415 | test_loss=2.3033 | test_acc=0.1369 | sparsity=0.7000 | cka=1 | targets=conv1.weight:0.694444;conv2.weight:0.694824;conv3.weight:0.695150;fc1.weight:0.700872
Round 003 | train_loss=1.8424 | test_loss=2.3906 | test_acc=0.1072 | sparsity=0.7000 | cka=0 | targets=conv1.weight:0.694444;conv2.weight:0.694824;conv3.weight:0.695150;fc1.weight:0.700872
Round 004 | train_loss=1.7061 | test_loss=2.3043 | test_acc=0.1248 | sparsity=0.7000 | cka=1 | targets=conv1.weight:0.694444;conv2.weight:0.694390;conv3.weight:0.694404;fc1.weight:0.700993
Round 005 | train_loss=1.7085 | test_loss=2.3620 | test_acc=0.1249 | sparsity=0.7000 | cka=0 | targets=conv1.weight:0.694444;conv2.weight:0.694390;conv3.weight:0.694404;fc1.weight:0.700993
Round 006 | train_loss=1.6695 | test_loss=2.4080 | test_acc=0.1243 | sparsity=0.7000 | cka=1 | targets=conv1.weight:0.695602;conv2.weight:0.695909;conv3.weight:0.695936;fc1.weight:0.700722
Round 007 | train_loss=1.6557 | test_loss=2.3584 | test_acc=0.1566 | sparsity=0.7000 | cka=0 | targets=conv1.weight:0.695602;conv2.weight:0.695909;conv3.weight:0.695936;fc1.weight:0.700722
Round 008 | train_loss=1.6411 | test_loss=2.3972 | test_acc=0.1467 | sparsity=0.7000 | cka=1 | targets=conv1.weight:0.694444;conv2.weight:0.694607;conv3.weight:0.694702;fc1.weight:0.700943
Round 009 | train_loss=1.6326 | test_loss=2.3628 | test_acc=0.1570 | sparsity=0.7000 | cka=0 | targets=conv1.weight:0.694444;conv2.weight:0.694607;conv3.weight:0.694702;fc1.weight:0.700943
Round 010 | train_loss=1.6138 | test_loss=2.3803 | test_acc=0.1704 | sparsity=0.7000 | cka=1 | targets=conv1.weight:0.696759;conv2.weight:0.696343;conv3.weight:0.696411;fc1.weight:0.700638
Round 011 | train_loss=1.6130 | test_loss=2.3925 | test_acc=0.1671 | sparsity=0.7000 | cka=0 | targets=conv1.weight:0.696759;conv2.weight:0.696343;conv3.weight:0.696411;fc1.weight:0.700638
Round 012 | train_loss=1.5907 | test_loss=2.3693 | test_acc=0.1853 | sparsity=0.7000 | cka=1 | targets=conv1.weight:0.693287;conv2.weight:0.693522;conv3.weight:0.694010;fc1.weight:0.701080
Round 013 | train_loss=1.5790 | test_loss=2.2630 | test_acc=0.1966 | sparsity=0.7000 | cka=0 | targets=conv1.weight:0.693287;conv2.weight:0.693522;conv3.weight:0.694010;fc1.weight:0.701080
Round 014 | train_loss=1.5578 | test_loss=2.3394 | test_acc=0.1979 | sparsity=0.7000 | cka=1 | targets=conv1.weight:0.694444;conv2.weight:0.695367;conv3.weight:0.696099;fc1.weight:0.700720
Round 015 | train_loss=1.5405 | test_loss=2.1859 | test_acc=0.2070 | sparsity=0.7000 | cka=0 | targets=conv1.weight:0.694444;conv2.weight:0.695367;conv3.weight:0.696099;fc1.weight:0.700720
Round 016 | train_loss=1.4961 | test_loss=2.3462 | test_acc=0.1999 | sparsity=0.7000 | cka=1 | targets=conv1.weight:0.693287;conv2.weight:0.693631;conv3.weight:0.695597;fc1.weight:0.700853
Round 017 | train_loss=1.4741 | test_loss=2.2443 | test_acc=0.2246 | sparsity=0.7000 | cka=0 | targets=conv1.weight:0.693287;conv2.weight:0.693631;conv3.weight:0.695597;fc1.weight:0.700853
Round 018 | train_loss=1.4371 | test_loss=2.2271 | test_acc=0.2357 | sparsity=0.7000 | cka=1 | targets=conv1.weight:0.690972;conv2.weight:0.691732;conv3.weight:0.692356;fc1.weight:0.701380
Round 019 | train_loss=1.4329 | test_loss=2.5403 | test_acc=0.1865 | sparsity=0.7000 | cka=0 | targets=conv1.weight:0.690972;conv2.weight:0.691732;conv3.weight:0.692356;fc1.weight:0.701380
Round 020 | train_loss=1.4116 | test_loss=2.0983 | test_acc=0.2480 | sparsity=0.7000 | cka=1 | targets=conv1.weight:0.688657;conv2.weight:0.689779;conv3.weight:0.691596;fc1.weight:0.701559
Saved training log to: results/logs/cka_strength_sweep/cifar10_cka_strength_fixed_5605137/strength_1p0/seed_7/cka_feddst_cifar10_clients5_alpha0.3_sparsity0.7_cka1.0_seed7_20260802_040901.csv
Saved CKA log to: results/logs/cka_strength_sweep/cifar10_cka_strength_fixed_5605137/strength_1p0/seed_7/cka_feddst_cifar10_clients5_alpha0.3_sparsity0.7_cka1.0_seed7_20260802_040901_cka.csv

[Run 108/125] suite=cka_strength method=cka_feddst seed=7 sparsity=0.8 cka_strength=1
Output log dir: results/logs/cka_strength_sweep/cifar10_cka_strength_fixed_5605137/strength_1p0/seed_7
Command: /mnt/aiongpfs/users/dsen/micromamba/envs/cka-cifar/bin/python -m src.train --global-config configs/global_cifar10.yaml --config configs/cka_feddst_mnist.yaml --seed 7 --sparsity 0.8 --cka-strength 1 --log-dir results/logs/cka_strength_sweep/cifar10_cka_strength_fixed_5605137/strength_1p0/seed_7 --checkpoint-dir results/checkpoints/cka_strength_sweep/cifar10_cka_strength_fixed_5605137/strength_1p0/seed_7 --plot-dir results/plots/cka_strength_sweep/cifar10_cka_strength_fixed_5605137
Final merged configuration:
alpha: 0.3
batch_size: 64
checkpoint_dir: results/checkpoints/cka_strength_sweep/cifar10_cka_strength_fixed_5605137/strength_1p0/seed_7
cka_interval: 2
cka_layers:
- conv1
- conv2
- conv3
- fc1
cka_max_sparsity: 0.95
cka_min_sparsity: 0.5
cka_strength: 1.0
data_check: false
data_dir: data
dataset: cifar10
device: auto
disable_cudnn: true
dry_run: false
eval_interval: 1
experiment_config_path: configs/cka_feddst_mnist.yaml
global_config_path: configs/global_cifar10.yaml
local_epochs: 1
log_cka: false
log_dir: results/logs/cka_strength_sweep/cifar10_cka_strength_fixed_5605137/strength_1p0/seed_7
lr: 0.01
mask_update_interval: 2
method: cka_feddst
model: cifar_cnn
num_clients: 5
num_workers: 2
output_dir: results
plot_dir: results/plots/cka_strength_sweep/cifar10_cka_strength_fixed_5605137
prune_fraction: 0.2
reference_size: 500
regrowth_method: gradient
rounds: 20
save_checkpoint: false
seed: 7
sparsity: 0.8
sparsity_init: random
split_dir: null
Saved merged config to: results/logs/cka_strength_sweep/cifar10_cka_strength_fixed_5605137/strength_1p0/seed_7/cka_feddst_cifar10_clients5_alpha0.3_sparsity0.8_cka1.0_seed7_20260802_041646_config.yaml
cuDNN disabled for this run.
Client label distributions:
  client 00: n= 7681, labels=[142, 16, 5, 202, 411, 2130, 3884, 876, 12, 3]
  client 01: n= 8711, labels=[1321, 1281, 355, 76, 3165, 8, 25, 0, 1922, 558]
  client 02: n=19320, labels=[2810, 141, 3133, 4649, 1064, 2142, 26, 2148, 2915, 292]
  client 03: n= 5169, labels=[22, 3285, 1093, 5, 3, 639, 18, 41, 63, 0]
  client 04: n= 8619, labels=[655, 227, 364, 18, 307, 31, 997, 1885, 38, 4097]
Initial sparsity | total=0.8000 | active=123974/619872
Layer sparsity | conv1.weight:0.807870;conv2.weight:0.799533;conv3.weight:0.801866;fc1.weight:0.799719;fc2.weight:0.804688
Round 001 | train_loss=2.2012 | test_loss=2.3042 | test_acc=0.1000 | sparsity=0.8000 | cka=0 | targets=
Round 002 | train_loss=2.2024 | test_loss=2.3065 | test_acc=0.1000 | sparsity=0.8000 | cka=1 | targets=conv1.weight:0.797454;conv2.weight:0.797852;conv3.weight:0.797960;fc1.weight:0.800367
Round 003 | train_loss=2.1936 | test_loss=2.3092 | test_acc=0.1000 | sparsity=0.8000 | cka=0 | targets=conv1.weight:0.797454;conv2.weight:0.797852;conv3.weight:0.797960;fc1.weight:0.800367
Round 004 | train_loss=2.0754 | test_loss=2.3074 | test_acc=0.1346 | sparsity=0.8000 | cka=1 | targets=conv1.weight:0.795139;conv2.weight:0.795410;conv3.weight:0.795478;fc1.weight:0.800806
Round 005 | train_loss=1.8743 | test_loss=2.3759 | test_acc=0.1045 | sparsity=0.8000 | cka=0 | targets=conv1.weight:0.795139;conv2.weight:0.795410;conv3.weight:0.795478;fc1.weight:0.800806
Round 006 | train_loss=1.7167 | test_loss=2.4044 | test_acc=0.1067 | sparsity=0.8000 | cka=1 | targets=conv1.weight:0.796296;conv2.weight:0.796821;conv3.weight:0.796848;fc1.weight:0.800562
Round 007 | train_loss=1.6834 | test_loss=2.4238 | test_acc=0.1311 | sparsity=0.8000 | cka=0 | targets=conv1.weight:0.796296;conv2.weight:0.796821;conv3.weight:0.796848;fc1.weight:0.800562
Round 008 | train_loss=1.6669 | test_loss=2.4109 | test_acc=0.1189 | sparsity=0.8000 | cka=1 | targets=conv1.weight:0.797454;conv2.weight:0.797309;conv3.weight:0.797350;fc1.weight:0.800472
Round 009 | train_loss=1.6593 | test_loss=2.3793 | test_acc=0.1261 | sparsity=0.8000 | cka=0 | targets=conv1.weight:0.797454;conv2.weight:0.797309;conv3.weight:0.797350;fc1.weight:0.800472
Round 010 | train_loss=1.6417 | test_loss=2.3723 | test_acc=0.1415 | sparsity=0.8000 | cka=1 | targets=conv1.weight:0.797454;conv2.weight:0.797363;conv3.weight:0.797377;fc1.weight:0.800467
Round 011 | train_loss=1.6365 | test_loss=2.4231 | test_acc=0.1328 | sparsity=0.8000 | cka=0 | targets=conv1.weight:0.797454;conv2.weight:0.797363;conv3.weight:0.797377;fc1.weight:0.800467
Round 012 | train_loss=1.6220 | test_loss=2.3584 | test_acc=0.1502 | sparsity=0.8000 | cka=1 | targets=conv1.weight:0.796296;conv2.weight:0.796332;conv3.weight:0.796387;fc1.weight:0.800644
Round 013 | train_loss=1.6131 | test_loss=2.2993 | test_acc=0.1676 | sparsity=0.8000 | cka=0 | targets=conv1.weight:0.796296;conv2.weight:0.796332;conv3.weight:0.796387;fc1.weight:0.800644
Round 014 | train_loss=1.6029 | test_loss=2.3010 | test_acc=0.1730 | sparsity=0.8000 | cka=1 | targets=conv1.weight:0.795139;conv2.weight:0.795898;conv3.weight:0.795926;fc1.weight:0.800726
Round 015 | train_loss=1.5917 | test_loss=2.2868 | test_acc=0.1811 | sparsity=0.8000 | cka=0 | targets=conv1.weight:0.795139;conv2.weight:0.795898;conv3.weight:0.795926;fc1.weight:0.800726
Round 016 | train_loss=1.5775 | test_loss=2.3019 | test_acc=0.1816 | sparsity=0.8000 | cka=1 | targets=conv1.weight:0.796296;conv2.weight:0.797092;conv3.weight:0.797106;fc1.weight:0.800516
Round 017 | train_loss=1.5692 | test_loss=2.3005 | test_acc=0.1783 | sparsity=0.8000 | cka=0 | targets=conv1.weight:0.796296;conv2.weight:0.797092;conv3.weight:0.797106;fc1.weight:0.800516
Round 018 | train_loss=1.5521 | test_loss=2.2644 | test_acc=0.1964 | sparsity=0.8000 | cka=1 | targets=conv1.weight:0.791667;conv2.weight:0.796441;conv3.weight:0.796143;fc1.weight:0.800682
Round 019 | train_loss=1.5491 | test_loss=2.4063 | test_acc=0.1348 | sparsity=0.8000 | cka=0 | targets=conv1.weight:0.791667;conv2.weight:0.796441;conv3.weight:0.796143;fc1.weight:0.800682
Round 020 | train_loss=1.5374 | test_loss=2.2580 | test_acc=0.1937 | sparsity=0.8000 | cka=1 | targets=conv1.weight:0.789352;conv2.weight:0.795410;conv3.weight:0.795478;fc1.weight:0.800816
Saved training log to: results/logs/cka_strength_sweep/cifar10_cka_strength_fixed_5605137/strength_1p0/seed_7/cka_feddst_cifar10_clients5_alpha0.3_sparsity0.8_cka1.0_seed7_20260802_041646.csv
Saved CKA log to: results/logs/cka_strength_sweep/cifar10_cka_strength_fixed_5605137/strength_1p0/seed_7/cka_feddst_cifar10_clients5_alpha0.3_sparsity0.8_cka1.0_seed7_20260802_041646_cka.csv

[Run 109/125] suite=cka_strength method=cka_feddst seed=7 sparsity=0.9 cka_strength=1
Output log dir: results/logs/cka_strength_sweep/cifar10_cka_strength_fixed_5605137/strength_1p0/seed_7
Command: /mnt/aiongpfs/users/dsen/micromamba/envs/cka-cifar/bin/python -m src.train --global-config configs/global_cifar10.yaml --config configs/cka_feddst_mnist.yaml --seed 7 --sparsity 0.9 --cka-strength 1 --log-dir results/logs/cka_strength_sweep/cifar10_cka_strength_fixed_5605137/strength_1p0/seed_7 --checkpoint-dir results/checkpoints/cka_strength_sweep/cifar10_cka_strength_fixed_5605137/strength_1p0/seed_7 --plot-dir results/plots/cka_strength_sweep/cifar10_cka_strength_fixed_5605137
Final merged configuration:
alpha: 0.3
batch_size: 64
checkpoint_dir: results/checkpoints/cka_strength_sweep/cifar10_cka_strength_fixed_5605137/strength_1p0/seed_7
cka_interval: 2
cka_layers:
- conv1
- conv2
- conv3
- fc1
cka_max_sparsity: 0.95
cka_min_sparsity: 0.5
cka_strength: 1.0
data_check: false
data_dir: data
dataset: cifar10
device: auto
disable_cudnn: true
dry_run: false
eval_interval: 1
experiment_config_path: configs/cka_feddst_mnist.yaml
global_config_path: configs/global_cifar10.yaml
local_epochs: 1
log_cka: false
log_dir: results/logs/cka_strength_sweep/cifar10_cka_strength_fixed_5605137/strength_1p0/seed_7
lr: 0.01
mask_update_interval: 2
method: cka_feddst
model: cifar_cnn
num_clients: 5
num_workers: 2
output_dir: results
plot_dir: results/plots/cka_strength_sweep/cifar10_cka_strength_fixed_5605137
prune_fraction: 0.2
reference_size: 500
regrowth_method: gradient
rounds: 20
save_checkpoint: false
seed: 7
sparsity: 0.9
sparsity_init: random
split_dir: null
Saved merged config to: results/logs/cka_strength_sweep/cifar10_cka_strength_fixed_5605137/strength_1p0/seed_7/cka_feddst_cifar10_clients5_alpha0.3_sparsity0.9_cka1.0_seed7_20260802_042429_config.yaml
cuDNN disabled for this run.
Client label distributions:
  client 00: n= 7681, labels=[142, 16, 5, 202, 411, 2130, 3884, 876, 12, 3]
  client 01: n= 8711, labels=[1321, 1281, 355, 76, 3165, 8, 25, 0, 1922, 558]
  client 02: n=19320, labels=[2810, 141, 3133, 4649, 1064, 2142, 26, 2148, 2915, 292]
  client 03: n= 5169, labels=[22, 3285, 1093, 5, 3, 639, 18, 41, 63, 0]
  client 04: n= 8619, labels=[655, 227, 364, 18, 307, 31, 997, 1885, 38, 4097]
Initial sparsity | total=0.9000 | active=61987/619872
Layer sparsity | conv1.weight:0.901620;conv2.weight:0.898058;conv3.weight:0.901299;fc1.weight:0.899843;fc2.weight:0.908203
Round 001 | train_loss=2.2040 | test_loss=2.3043 | test_acc=0.1000 | sparsity=0.9000 | cka=0 | targets=
Round 002 | train_loss=2.2062 | test_loss=2.3066 | test_acc=0.1000 | sparsity=0.9000 | cka=1 | targets=conv1.weight:0.900463;conv2.weight:0.899740;conv3.weight:0.899753;fc1.weight:0.900043
Round 003 | train_loss=2.2082 | test_loss=2.3096 | test_acc=0.1000 | sparsity=0.9000 | cka=0 | targets=conv1.weight:0.900463;conv2.weight:0.899740;conv3.weight:0.899753;fc1.weight:0.900043
Round 004 | train_loss=2.2108 | test_loss=2.3127 | test_acc=0.1000 | sparsity=0.9000 | cka=1 | targets=conv1.weight:0.899306;conv2.weight:0.899089;conv3.weight:0.899129;fc1.weight:0.900156
Round 005 | train_loss=2.2150 | test_loss=2.3159 | test_acc=0.1000 | sparsity=0.9000 | cka=0 | targets=conv1.weight:0.899306;conv2.weight:0.899089;conv3.weight:0.899129;fc1.weight:0.900156
Round 006 | train_loss=2.2179 | test_loss=2.3188 | test_acc=0.1000 | sparsity=0.9000 | cka=1 | targets=conv1.weight:0.899306;conv2.weight:0.899685;conv3.weight:0.899699;fc1.weight:0.900055
Round 007 | train_loss=2.2188 | test_loss=2.3218 | test_acc=0.1000 | sparsity=0.9000 | cka=0 | targets=conv1.weight:0.899306;conv2.weight:0.899685;conv3.weight:0.899699;fc1.weight:0.900055
Round 008 | train_loss=2.2196 | test_loss=2.3240 | test_acc=0.1000 | sparsity=0.9000 | cka=1 | targets=conv1.weight:0.899306;conv2.weight:0.898926;conv3.weight:0.899021;fc1.weight:0.900177
Round 009 | train_loss=2.2235 | test_loss=2.3263 | test_acc=0.1000 | sparsity=0.9000 | cka=0 | targets=conv1.weight:0.899306;conv2.weight:0.898926;conv3.weight:0.899021;fc1.weight:0.900177
Round 010 | train_loss=2.2243 | test_loss=2.3283 | test_acc=0.1000 | sparsity=0.9000 | cka=1 | targets=conv1.weight:0.899306;conv2.weight:0.899360;conv3.weight:0.899428;fc1.weight:0.900105
Round 011 | train_loss=2.2205 | test_loss=2.3312 | test_acc=0.1000 | sparsity=0.9000 | cka=0 | targets=conv1.weight:0.899306;conv2.weight:0.899360;conv3.weight:0.899428;fc1.weight:0.900105
Round 012 | train_loss=2.2124 | test_loss=2.3330 | test_acc=0.1000 | sparsity=0.9000 | cka=1 | targets=conv1.weight:0.899306;conv2.weight:0.899360;conv3.weight:0.899387;fc1.weight:0.900110
Round 013 | train_loss=2.2094 | test_loss=2.3402 | test_acc=0.1000 | sparsity=0.9000 | cka=0 | targets=conv1.weight:0.899306;conv2.weight:0.899360;conv3.weight:0.899387;fc1.weight:0.900110
Round 014 | train_loss=2.1450 | test_loss=2.3600 | test_acc=0.1255 | sparsity=0.9000 | cka=1 | targets=conv1.weight:0.899306;conv2.weight:0.899631;conv3.weight:0.899631;fc1.weight:0.900066
Round 015 | train_loss=1.9039 | test_loss=2.4020 | test_acc=0.1000 | sparsity=0.9000 | cka=0 | targets=conv1.weight:0.899306;conv2.weight:0.899631;conv3.weight:0.899631;fc1.weight:0.900066
Round 016 | train_loss=1.7356 | test_loss=2.4288 | test_acc=0.1069 | sparsity=0.9000 | cka=1 | targets=conv1.weight:0.898148;conv2.weight:0.898600;conv3.weight:0.898722;fc1.weight:0.900232
Round 017 | train_loss=1.7220 | test_loss=2.4382 | test_acc=0.1195 | sparsity=0.9000 | cka=0 | targets=conv1.weight:0.898148;conv2.weight:0.898600;conv3.weight:0.898722;fc1.weight:0.900232
Round 018 | train_loss=1.6715 | test_loss=2.4095 | test_acc=0.1015 | sparsity=0.9000 | cka=1 | targets=conv1.weight:0.898148;conv2.weight:0.899414;conv3.weight:0.899468;fc1.weight:0.900099
Round 019 | train_loss=1.6509 | test_loss=2.3704 | test_acc=0.1113 | sparsity=0.9000 | cka=0 | targets=conv1.weight:0.898148;conv2.weight:0.899414;conv3.weight:0.899468;fc1.weight:0.900099
Round 020 | train_loss=1.6301 | test_loss=2.3610 | test_acc=0.1311 | sparsity=0.9000 | cka=1 | targets=conv1.weight:0.891204;conv2.weight:0.898058;conv3.weight:0.899197;fc1.weight:0.900196
Saved training log to: results/logs/cka_strength_sweep/cifar10_cka_strength_fixed_5605137/strength_1p0/seed_7/cka_feddst_cifar10_clients5_alpha0.3_sparsity0.9_cka1.0_seed7_20260802_042429.csv
Saved CKA log to: results/logs/cka_strength_sweep/cifar10_cka_strength_fixed_5605137/strength_1p0/seed_7/cka_feddst_cifar10_clients5_alpha0.3_sparsity0.9_cka1.0_seed7_20260802_042429_cka.csv

[Run 110/125] suite=cka_strength method=cka_feddst seed=7 sparsity=0.95 cka_strength=1
Output log dir: results/logs/cka_strength_sweep/cifar10_cka_strength_fixed_5605137/strength_1p0/seed_7
Command: /mnt/aiongpfs/users/dsen/micromamba/envs/cka-cifar/bin/python -m src.train --global-config configs/global_cifar10.yaml --config configs/cka_feddst_mnist.yaml --seed 7 --sparsity 0.95 --cka-strength 1 --log-dir results/logs/cka_strength_sweep/cifar10_cka_strength_fixed_5605137/strength_1p0/seed_7 --checkpoint-dir results/checkpoints/cka_strength_sweep/cifar10_cka_strength_fixed_5605137/strength_1p0/seed_7 --plot-dir results/plots/cka_strength_sweep/cifar10_cka_strength_fixed_5605137
Final merged configuration:
alpha: 0.3
batch_size: 64
checkpoint_dir: results/checkpoints/cka_strength_sweep/cifar10_cka_strength_fixed_5605137/strength_1p0/seed_7
cka_interval: 2
cka_layers:
- conv1
- conv2
- conv3
- fc1
cka_max_sparsity: 0.95
cka_min_sparsity: 0.5
cka_strength: 1.0
data_check: false
data_dir: data
dataset: cifar10
device: auto
disable_cudnn: true
dry_run: false
eval_interval: 1
experiment_config_path: configs/cka_feddst_mnist.yaml
global_config_path: configs/global_cifar10.yaml
local_epochs: 1
log_cka: false
log_dir: results/logs/cka_strength_sweep/cifar10_cka_strength_fixed_5605137/strength_1p0/seed_7
lr: 0.01
mask_update_interval: 2
method: cka_feddst
model: cifar_cnn
num_clients: 5
num_workers: 2
output_dir: results
plot_dir: results/plots/cka_strength_sweep/cifar10_cka_strength_fixed_5605137
prune_fraction: 0.2
reference_size: 500
regrowth_method: gradient
rounds: 20
save_checkpoint: false
seed: 7
sparsity: 0.95
sparsity_init: random
split_dir: null
Saved merged config to: results/logs/cka_strength_sweep/cifar10_cka_strength_fixed_5605137/strength_1p0/seed_7/cka_feddst_cifar10_clients5_alpha0.3_sparsity0.95_cka1.0_seed7_20260802_043227_config.yaml
cuDNN disabled for this run.
Client label distributions:
  client 00: n= 7681, labels=[142, 16, 5, 202, 411, 2130, 3884, 876, 12, 3]
  client 01: n= 8711, labels=[1321, 1281, 355, 76, 3165, 8, 25, 0, 1922, 558]
  client 02: n=19320, labels=[2810, 141, 3133, 4649, 1064, 2142, 26, 2148, 2915, 292]
  client 03: n= 5169, labels=[22, 3285, 1093, 5, 3, 639, 18, 41, 63, 0]
  client 04: n= 8619, labels=[655, 227, 364, 18, 307, 31, 997, 1885, 38, 4097]
Initial sparsity | total=0.9500 | active=30994/619872
Layer sparsity | conv1.weight:0.946759;conv2.weight:0.951769;conv3.weight:0.949531;fc1.weight:0.949959;fc2.weight:0.960156
Round 001 | train_loss=2.2050 | test_loss=2.3043 | test_acc=0.1000 | sparsity=0.9500 | cka=0 | targets=
Round 002 | train_loss=2.2074 | test_loss=2.3065 | test_acc=0.1000 | sparsity=0.9500 | cka=1 | targets=conv1.weight:0.949074;conv2.weight:0.949978;conv3.weight:0.949992;fc1.weight:0.949999
Round 003 | train_loss=2.2103 | test_loss=2.3094 | test_acc=0.1000 | sparsity=0.9500 | cka=0 | targets=conv1.weight:0.949074;conv2.weight:0.949978;conv3.weight:0.949992;fc1.weight:0.949999
Round 004 | train_loss=2.2136 | test_loss=2.3125 | test_acc=0.1000 | sparsity=0.9500 | cka=1 | targets=conv1.weight:0.949074;conv2.weight:0.949978;conv3.weight:0.949992;fc1.weight:0.949999
Round 005 | train_loss=2.2173 | test_loss=2.3156 | test_acc=0.1000 | sparsity=0.9500 | cka=0 | targets=conv1.weight:0.949074;conv2.weight:0.949978;conv3.weight:0.949992;fc1.weight:0.949999
Round 006 | train_loss=2.2206 | test_loss=2.3185 | test_acc=0.1000 | sparsity=0.9500 | cka=1 | targets=conv1.weight:0.949074;conv2.weight:0.949978;conv3.weight:0.949992;fc1.weight:0.949999
Round 007 | train_loss=2.2232 | test_loss=2.3212 | test_acc=0.1000 | sparsity=0.9500 | cka=0 | targets=conv1.weight:0.949074;conv2.weight:0.949978;conv3.weight:0.949992;fc1.weight:0.949999
Round 008 | train_loss=2.2256 | test_loss=2.3234 | test_acc=0.1000 | sparsity=0.9500 | cka=1 | targets=conv1.weight:0.949074;conv2.weight:0.949978;conv3.weight:0.949992;fc1.weight:0.949999
Round 009 | train_loss=2.2283 | test_loss=2.3255 | test_acc=0.1000 | sparsity=0.9500 | cka=0 | targets=conv1.weight:0.949074;conv2.weight:0.949978;conv3.weight:0.949992;fc1.weight:0.949999
Round 010 | train_loss=2.2302 | test_loss=2.3274 | test_acc=0.1000 | sparsity=0.9500 | cka=1 | targets=conv1.weight:0.949074;conv2.weight:0.949978;conv3.weight:0.949992;fc1.weight:0.949999
Round 011 | train_loss=2.2313 | test_loss=2.3291 | test_acc=0.1000 | sparsity=0.9500 | cka=0 | targets=conv1.weight:0.949074;conv2.weight:0.949978;conv3.weight:0.949992;fc1.weight:0.949999
Round 012 | train_loss=2.2326 | test_loss=2.3304 | test_acc=0.1000 | sparsity=0.9500 | cka=1 | targets=conv1.weight:0.949074;conv2.weight:0.949978;conv3.weight:0.949992;fc1.weight:0.949999
Round 013 | train_loss=2.2343 | test_loss=2.3316 | test_acc=0.1000 | sparsity=0.9500 | cka=0 | targets=conv1.weight:0.949074;conv2.weight:0.949978;conv3.weight:0.949992;fc1.weight:0.949999
Round 014 | train_loss=2.2352 | test_loss=2.3327 | test_acc=0.1000 | sparsity=0.9500 | cka=1 | targets=conv1.weight:0.949074;conv2.weight:0.949978;conv3.weight:0.949992;fc1.weight:0.949999
Round 015 | train_loss=2.2350 | test_loss=2.3337 | test_acc=0.1000 | sparsity=0.9500 | cka=0 | targets=conv1.weight:0.949074;conv2.weight:0.949978;conv3.weight:0.949992;fc1.weight:0.949999
Round 016 | train_loss=2.2351 | test_loss=2.3345 | test_acc=0.1000 | sparsity=0.9500 | cka=1 | targets=conv1.weight:0.949074;conv2.weight:0.949978;conv3.weight:0.949992;fc1.weight:0.949999
Round 017 | train_loss=2.2368 | test_loss=2.3353 | test_acc=0.1000 | sparsity=0.9500 | cka=0 | targets=conv1.weight:0.949074;conv2.weight:0.949978;conv3.weight:0.949992;fc1.weight:0.949999
Round 018 | train_loss=2.2369 | test_loss=2.3359 | test_acc=0.1000 | sparsity=0.9500 | cka=1 | targets=conv1.weight:0.949074;conv2.weight:0.949978;conv3.weight:0.949992;fc1.weight:0.949999
Round 019 | train_loss=2.2353 | test_loss=2.3367 | test_acc=0.1000 | sparsity=0.9500 | cka=0 | targets=conv1.weight:0.949074;conv2.weight:0.949978;conv3.weight:0.949992;fc1.weight:0.949999
Round 020 | train_loss=2.2344 | test_loss=2.3371 | test_acc=0.1000 | sparsity=0.9500 | cka=1 | targets=conv1.weight:0.949074;conv2.weight:0.949978;conv3.weight:0.949992;fc1.weight:0.949999
Saved training log to: results/logs/cka_strength_sweep/cifar10_cka_strength_fixed_5605137/strength_1p0/seed_7/cka_feddst_cifar10_clients5_alpha0.3_sparsity0.95_cka1.0_seed7_20260802_043227.csv
Saved CKA log to: results/logs/cka_strength_sweep/cifar10_cka_strength_fixed_5605137/strength_1p0/seed_7/cka_feddst_cifar10_clients5_alpha0.3_sparsity0.95_cka1.0_seed7_20260802_043227_cka.csv

[Run 111/125] suite=cka_strength method=cka_feddst seed=13 sparsity=0.5 cka_strength=1
Output log dir: results/logs/cka_strength_sweep/cifar10_cka_strength_fixed_5605137/strength_1p0/seed_13
Command: /mnt/aiongpfs/users/dsen/micromamba/envs/cka-cifar/bin/python -m src.train --global-config configs/global_cifar10.yaml --config configs/cka_feddst_mnist.yaml --seed 13 --sparsity 0.5 --cka-strength 1 --log-dir results/logs/cka_strength_sweep/cifar10_cka_strength_fixed_5605137/strength_1p0/seed_13 --checkpoint-dir results/checkpoints/cka_strength_sweep/cifar10_cka_strength_fixed_5605137/strength_1p0/seed_13 --plot-dir results/plots/cka_strength_sweep/cifar10_cka_strength_fixed_5605137
Final merged configuration:
alpha: 0.3
batch_size: 64
checkpoint_dir: results/checkpoints/cka_strength_sweep/cifar10_cka_strength_fixed_5605137/strength_1p0/seed_13
cka_interval: 2
cka_layers:
- conv1
- conv2
- conv3
- fc1
cka_max_sparsity: 0.95
cka_min_sparsity: 0.5
cka_strength: 1.0
data_check: false
data_dir: data
dataset: cifar10
device: auto
disable_cudnn: true
dry_run: false
eval_interval: 1
experiment_config_path: configs/cka_feddst_mnist.yaml
global_config_path: configs/global_cifar10.yaml
local_epochs: 1
log_cka: false
log_dir: results/logs/cka_strength_sweep/cifar10_cka_strength_fixed_5605137/strength_1p0/seed_13
lr: 0.01
mask_update_interval: 2
method: cka_feddst
model: cifar_cnn
num_clients: 5
num_workers: 2
output_dir: results
plot_dir: results/plots/cka_strength_sweep/cifar10_cka_strength_fixed_5605137
prune_fraction: 0.2
reference_size: 500
regrowth_method: gradient
rounds: 20
save_checkpoint: false
seed: 13
sparsity: 0.5
sparsity_init: random
split_dir: null
Saved merged config to: results/logs/cka_strength_sweep/cifar10_cka_strength_fixed_5605137/strength_1p0/seed_13/cka_feddst_cifar10_clients5_alpha0.3_sparsity0.5_cka1.0_seed13_20260802_044003_config.yaml
cuDNN disabled for this run.
Client label distributions:
  client 00: n=19994, labels=[2952, 878, 4230, 1942, 3893, 2947, 1170, 1268, 17, 697]
  client 01: n= 5273, labels=[1186, 629, 719, 163, 777, 852, 428, 22, 488, 9]
  client 02: n= 7607, labels=[2, 105, 1, 0, 96, 68, 60, 1042, 2038, 4195]
  client 03: n= 4678, labels=[463, 27, 0, 654, 2, 62, 287, 776, 2407, 0]
  client 04: n=11948, labels=[347, 3311, 0, 2191, 182, 1021, 3005, 1842, 0, 49]
Initial sparsity | total=0.5000 | active=309936/619872
Layer sparsity | conv1.weight:0.493056;conv2.weight:0.499891;conv3.weight:0.499797;fc1.weight:0.500042;fc2.weight:0.500391
Round 001 | train_loss=2.0145 | test_loss=2.3059 | test_acc=0.1242 | sparsity=0.5000 | cka=0 | targets=
Round 002 | train_loss=1.8226 | test_loss=2.4185 | test_acc=0.1358 | sparsity=0.5000 | cka=1 | targets=conv1.weight:0.500000;conv2.weight:0.500000;conv3.weight:0.500000;fc1.weight:0.500000
Round 003 | train_loss=1.7741 | test_loss=2.5015 | test_acc=0.1426 | sparsity=0.5000 | cka=0 | targets=conv1.weight:0.500000;conv2.weight:0.500000;conv3.weight:0.500000;fc1.weight:0.500000
Round 004 | train_loss=1.7569 | test_loss=2.4353 | test_acc=0.1550 | sparsity=0.5000 | cka=1 | targets=conv1.weight:0.500000;conv2.weight:0.500000;conv3.weight:0.500000;fc1.weight:0.500000
Round 005 | train_loss=1.7453 | test_loss=2.4372 | test_acc=0.1907 | sparsity=0.5000 | cka=0 | targets=conv1.weight:0.500000;conv2.weight:0.500000;conv3.weight:0.500000;fc1.weight:0.500000
Round 006 | train_loss=1.7296 | test_loss=2.4398 | test_acc=0.2129 | sparsity=0.5000 | cka=1 | targets=conv1.weight:0.500000;conv2.weight:0.500000;conv3.weight:0.500000;fc1.weight:0.500000
Round 007 | train_loss=1.7231 | test_loss=2.3712 | test_acc=0.2067 | sparsity=0.5000 | cka=0 | targets=conv1.weight:0.500000;conv2.weight:0.500000;conv3.weight:0.500000;fc1.weight:0.500000
Round 008 | train_loss=1.6959 | test_loss=2.3886 | test_acc=0.2334 | sparsity=0.5000 | cka=1 | targets=conv1.weight:0.500000;conv2.weight:0.500000;conv3.weight:0.500000;fc1.weight:0.500000
Round 009 | train_loss=1.6728 | test_loss=2.3185 | test_acc=0.2517 | sparsity=0.5000 | cka=0 | targets=conv1.weight:0.500000;conv2.weight:0.500000;conv3.weight:0.500000;fc1.weight:0.500000
Round 010 | train_loss=1.6322 | test_loss=2.3200 | test_acc=0.2542 | sparsity=0.5000 | cka=1 | targets=conv1.weight:0.500000;conv2.weight:0.500000;conv3.weight:0.500000;fc1.weight:0.500000
Round 011 | train_loss=1.6155 | test_loss=2.1624 | test_acc=0.2800 | sparsity=0.5000 | cka=0 | targets=conv1.weight:0.500000;conv2.weight:0.500000;conv3.weight:0.500000;fc1.weight:0.500000
Round 012 | train_loss=1.5707 | test_loss=2.1912 | test_acc=0.2746 | sparsity=0.5000 | cka=1 | targets=conv1.weight:0.500000;conv2.weight:0.500000;conv3.weight:0.500000;fc1.weight:0.500000
Round 013 | train_loss=1.5302 | test_loss=2.0810 | test_acc=0.2940 | sparsity=0.5000 | cka=0 | targets=conv1.weight:0.500000;conv2.weight:0.500000;conv3.weight:0.500000;fc1.weight:0.500000
Round 014 | train_loss=1.4922 | test_loss=2.0471 | test_acc=0.2979 | sparsity=0.5000 | cka=1 | targets=conv1.weight:0.500000;conv2.weight:0.500000;conv3.weight:0.500000;fc1.weight:0.500000
Round 015 | train_loss=1.4869 | test_loss=1.9586 | test_acc=0.3098 | sparsity=0.5000 | cka=0 | targets=conv1.weight:0.500000;conv2.weight:0.500000;conv3.weight:0.500000;fc1.weight:0.500000
Round 016 | train_loss=1.4479 | test_loss=1.9588 | test_acc=0.3165 | sparsity=0.5000 | cka=1 | targets=conv1.weight:0.500000;conv2.weight:0.500000;conv3.weight:0.500000;fc1.weight:0.500000
Round 017 | train_loss=1.4289 | test_loss=1.9388 | test_acc=0.3284 | sparsity=0.5000 | cka=0 | targets=conv1.weight:0.500000;conv2.weight:0.500000;conv3.weight:0.500000;fc1.weight:0.500000
Round 018 | train_loss=1.4042 | test_loss=1.9015 | test_acc=0.3340 | sparsity=0.5000 | cka=1 | targets=conv1.weight:0.500000;conv2.weight:0.500000;conv3.weight:0.500000;fc1.weight:0.500000
Round 019 | train_loss=1.3932 | test_loss=1.8418 | test_acc=0.3471 | sparsity=0.5000 | cka=0 | targets=conv1.weight:0.500000;conv2.weight:0.500000;conv3.weight:0.500000;fc1.weight:0.500000
Round 020 | train_loss=1.3661 | test_loss=1.8638 | test_acc=0.3424 | sparsity=0.5000 | cka=1 | targets=conv1.weight:0.500000;conv2.weight:0.500000;conv3.weight:0.500000;fc1.weight:0.500000
Saved training log to: results/logs/cka_strength_sweep/cifar10_cka_strength_fixed_5605137/strength_1p0/seed_13/cka_feddst_cifar10_clients5_alpha0.3_sparsity0.5_cka1.0_seed13_20260802_044003.csv
Saved CKA log to: results/logs/cka_strength_sweep/cifar10_cka_strength_fixed_5605137/strength_1p0/seed_13/cka_feddst_cifar10_clients5_alpha0.3_sparsity0.5_cka1.0_seed13_20260802_044003_cka.csv

[Run 112/125] suite=cka_strength method=cka_feddst seed=13 sparsity=0.7 cka_strength=1
Output log dir: results/logs/cka_strength_sweep/cifar10_cka_strength_fixed_5605137/strength_1p0/seed_13
Command: /mnt/aiongpfs/users/dsen/micromamba/envs/cka-cifar/bin/python -m src.train --global-config configs/global_cifar10.yaml --config configs/cka_feddst_mnist.yaml --seed 13 --sparsity 0.7 --cka-strength 1 --log-dir results/logs/cka_strength_sweep/cifar10_cka_strength_fixed_5605137/strength_1p0/seed_13 --checkpoint-dir results/checkpoints/cka_strength_sweep/cifar10_cka_strength_fixed_5605137/strength_1p0/seed_13 --plot-dir results/plots/cka_strength_sweep/cifar10_cka_strength_fixed_5605137
Final merged configuration:
alpha: 0.3
batch_size: 64
checkpoint_dir: results/checkpoints/cka_strength_sweep/cifar10_cka_strength_fixed_5605137/strength_1p0/seed_13
cka_interval: 2
cka_layers:
- conv1
- conv2
- conv3
- fc1
cka_max_sparsity: 0.95
cka_min_sparsity: 0.5
cka_strength: 1.0
data_check: false
data_dir: data
dataset: cifar10
device: auto
disable_cudnn: true
dry_run: false
eval_interval: 1
experiment_config_path: configs/cka_feddst_mnist.yaml
global_config_path: configs/global_cifar10.yaml
local_epochs: 1
log_cka: false
log_dir: results/logs/cka_strength_sweep/cifar10_cka_strength_fixed_5605137/strength_1p0/seed_13
lr: 0.01
mask_update_interval: 2
method: cka_feddst
model: cifar_cnn
num_clients: 5
num_workers: 2
output_dir: results
plot_dir: results/plots/cka_strength_sweep/cifar10_cka_strength_fixed_5605137
prune_fraction: 0.2
reference_size: 500
regrowth_method: gradient
rounds: 20
save_checkpoint: false
seed: 13
sparsity: 0.7
sparsity_init: random
split_dir: null
Saved merged config to: results/logs/cka_strength_sweep/cifar10_cka_strength_fixed_5605137/strength_1p0/seed_13/cka_feddst_cifar10_clients5_alpha0.3_sparsity0.7_cka1.0_seed13_20260802_044734_config.yaml
cuDNN disabled for this run.
Client label distributions:
  client 00: n=19994, labels=[2952, 878, 4230, 1942, 3893, 2947, 1170, 1268, 17, 697]
  client 01: n= 5273, labels=[1186, 629, 719, 163, 777, 852, 428, 22, 488, 9]
  client 02: n= 7607, labels=[2, 105, 1, 0, 96, 68, 60, 1042, 2038, 4195]
  client 03: n= 4678, labels=[463, 27, 0, 654, 2, 62, 287, 776, 2407, 0]
  client 04: n=11948, labels=[347, 3311, 0, 2191, 182, 1021, 3005, 1842, 0, 49]
Initial sparsity | total=0.7000 | active=185962/619872
Layer sparsity | conv1.weight:0.684028;conv2.weight:0.700575;conv3.weight:0.698201;fc1.weight:0.700253;fc2.weight:0.701172
Round 001 | train_loss=2.1989 | test_loss=2.3016 | test_acc=0.1114 | sparsity=0.7000 | cka=0 | targets=
Round 002 | train_loss=2.1109 | test_loss=2.2953 | test_acc=0.1423 | sparsity=0.7000 | cka=1 | targets=conv1.weight:0.696759;conv2.weight:0.696398;conv3.weight:0.696547;fc1.weight:0.700617
Round 003 | train_loss=1.8585 | test_loss=2.4249 | test_acc=0.1410 | sparsity=0.7000 | cka=0 | targets=conv1.weight:0.696759;conv2.weight:0.696398;conv3.weight:0.696547;fc1.weight:0.700617
Round 004 | train_loss=1.7852 | test_loss=2.3098 | test_acc=0.1560 | sparsity=0.7000 | cka=1 | targets=conv1.weight:0.695602;conv2.weight:0.695421;conv3.weight:0.695421;fc1.weight:0.700811
Round 005 | train_loss=1.7929 | test_loss=2.4220 | test_acc=0.1636 | sparsity=0.7000 | cka=0 | targets=conv1.weight:0.695602;conv2.weight:0.695421;conv3.weight:0.695421;fc1.weight:0.700811
Round 006 | train_loss=1.7615 | test_loss=2.4395 | test_acc=0.1709 | sparsity=0.7000 | cka=1 | targets=conv1.weight:0.695602;conv2.weight:0.695855;conv3.weight:0.695882;fc1.weight:0.700731
Round 007 | train_loss=1.7539 | test_loss=2.4370 | test_acc=0.1839 | sparsity=0.7000 | cka=0 | targets=conv1.weight:0.695602;conv2.weight:0.695855;conv3.weight:0.695882;fc1.weight:0.700731
Round 008 | train_loss=1.7408 | test_loss=2.4551 | test_acc=0.1899 | sparsity=0.7000 | cka=1 | targets=conv1.weight:0.694444;conv2.weight:0.694933;conv3.weight:0.694960;fc1.weight:0.700895
Round 009 | train_loss=1.7328 | test_loss=2.4380 | test_acc=0.2015 | sparsity=0.7000 | cka=0 | targets=conv1.weight:0.694444;conv2.weight:0.694933;conv3.weight:0.694960;fc1.weight:0.700895
Round 010 | train_loss=1.7186 | test_loss=2.4620 | test_acc=0.2062 | sparsity=0.7000 | cka=1 | targets=conv1.weight:0.695602;conv2.weight:0.695258;conv3.weight:0.695272;fc1.weight:0.700838
Round 011 | train_loss=1.7165 | test_loss=2.3554 | test_acc=0.2196 | sparsity=0.7000 | cka=0 | targets=conv1.weight:0.695602;conv2.weight:0.695258;conv3.weight:0.695272;fc1.weight:0.700838
Round 012 | train_loss=1.7018 | test_loss=2.3946 | test_acc=0.2171 | sparsity=0.7000 | cka=1 | targets=conv1.weight:0.693287;conv2.weight:0.693468;conv3.weight:0.693509;fc1.weight:0.701153
Round 013 | train_loss=1.6888 | test_loss=2.3452 | test_acc=0.2333 | sparsity=0.7000 | cka=0 | targets=conv1.weight:0.693287;conv2.weight:0.693468;conv3.weight:0.693509;fc1.weight:0.701153
Round 014 | train_loss=1.6738 | test_loss=2.3435 | test_acc=0.2312 | sparsity=0.7000 | cka=1 | targets=conv1.weight:0.695602;conv2.weight:0.695258;conv3.weight:0.695285;fc1.weight:0.700836
Round 015 | train_loss=1.6769 | test_loss=2.2567 | test_acc=0.2335 | sparsity=0.7000 | cka=0 | targets=conv1.weight:0.695602;conv2.weight:0.695258;conv3.weight:0.695285;fc1.weight:0.700836
Round 016 | train_loss=1.6538 | test_loss=2.2717 | test_acc=0.2398 | sparsity=0.7000 | cka=1 | targets=conv1.weight:0.692130;conv2.weight:0.692871;conv3.weight:0.693088;fc1.weight:0.701235
Round 017 | train_loss=1.6423 | test_loss=2.2678 | test_acc=0.2558 | sparsity=0.7000 | cka=0 | targets=conv1.weight:0.692130;conv2.weight:0.692871;conv3.weight:0.693088;fc1.weight:0.701235
Round 018 | train_loss=1.6172 | test_loss=2.2955 | test_acc=0.2436 | sparsity=0.7000 | cka=1 | targets=conv1.weight:0.693287;conv2.weight:0.693305;conv3.weight:0.693576;fc1.weight:0.701149
Round 019 | train_loss=1.6088 | test_loss=2.1301 | test_acc=0.2744 | sparsity=0.7000 | cka=0 | targets=conv1.weight:0.693287;conv2.weight:0.693305;conv3.weight:0.693576;fc1.weight:0.701149
Round 020 | train_loss=1.5665 | test_loss=2.1670 | test_acc=0.2731 | sparsity=0.7000 | cka=1 | targets=conv1.weight:0.690972;conv2.weight:0.691026;conv3.weight:0.691067;fc1.weight:0.701586
Saved training log to: results/logs/cka_strength_sweep/cifar10_cka_strength_fixed_5605137/strength_1p0/seed_13/cka_feddst_cifar10_clients5_alpha0.3_sparsity0.7_cka1.0_seed13_20260802_044734.csv
Saved CKA log to: results/logs/cka_strength_sweep/cifar10_cka_strength_fixed_5605137/strength_1p0/seed_13/cka_feddst_cifar10_clients5_alpha0.3_sparsity0.7_cka1.0_seed13_20260802_044734_cka.csv

[Run 113/125] suite=cka_strength method=cka_feddst seed=13 sparsity=0.8 cka_strength=1
Output log dir: results/logs/cka_strength_sweep/cifar10_cka_strength_fixed_5605137/strength_1p0/seed_13
Command: /mnt/aiongpfs/users/dsen/micromamba/envs/cka-cifar/bin/python -m src.train --global-config configs/global_cifar10.yaml --config configs/cka_feddst_mnist.yaml --seed 13 --sparsity 0.8 --cka-strength 1 --log-dir results/logs/cka_strength_sweep/cifar10_cka_strength_fixed_5605137/strength_1p0/seed_13 --checkpoint-dir results/checkpoints/cka_strength_sweep/cifar10_cka_strength_fixed_5605137/strength_1p0/seed_13 --plot-dir results/plots/cka_strength_sweep/cifar10_cka_strength_fixed_5605137
Final merged configuration:
alpha: 0.3
batch_size: 64
checkpoint_dir: results/checkpoints/cka_strength_sweep/cifar10_cka_strength_fixed_5605137/strength_1p0/seed_13
cka_interval: 2
cka_layers:
- conv1
- conv2
- conv3
- fc1
cka_max_sparsity: 0.95
cka_min_sparsity: 0.5
cka_strength: 1.0
data_check: false
data_dir: data
dataset: cifar10
device: auto
disable_cudnn: true
dry_run: false
eval_interval: 1
experiment_config_path: configs/cka_feddst_mnist.yaml
global_config_path: configs/global_cifar10.yaml
local_epochs: 1
log_cka: false
log_dir: results/logs/cka_strength_sweep/cifar10_cka_strength_fixed_5605137/strength_1p0/seed_13
lr: 0.01
mask_update_interval: 2
method: cka_feddst
model: cifar_cnn
num_clients: 5
num_workers: 2
output_dir: results
plot_dir: results/plots/cka_strength_sweep/cifar10_cka_strength_fixed_5605137
prune_fraction: 0.2
reference_size: 500
regrowth_method: gradient
rounds: 20
save_checkpoint: false
seed: 13
sparsity: 0.8
sparsity_init: random
split_dir: null
Saved merged config to: results/logs/cka_strength_sweep/cifar10_cka_strength_fixed_5605137/strength_1p0/seed_13/cka_feddst_cifar10_clients5_alpha0.3_sparsity0.8_cka1.0_seed13_20260802_045510_config.yaml
cuDNN disabled for this run.
Client label distributions:
  client 00: n=19994, labels=[2952, 878, 4230, 1942, 3893, 2947, 1170, 1268, 17, 697]
  client 01: n= 5273, labels=[1186, 629, 719, 163, 777, 852, 428, 22, 488, 9]
  client 02: n= 7607, labels=[2, 105, 1, 0, 96, 68, 60, 1042, 2038, 4195]
  client 03: n= 4678, labels=[463, 27, 0, 654, 2, 62, 287, 776, 2407, 0]
  client 04: n=11948, labels=[347, 3311, 0, 2191, 182, 1021, 3005, 1842, 0, 49]
Initial sparsity | total=0.8000 | active=123974/619872
Layer sparsity | conv1.weight:0.800926;conv2.weight:0.801975;conv3.weight:0.797472;fc1.weight:0.800318;fc2.weight:0.793359
Round 001 | train_loss=2.2201 | test_loss=2.3034 | test_acc=0.1000 | sparsity=0.8000 | cka=0 | targets=
Round 002 | train_loss=2.2208 | test_loss=2.3052 | test_acc=0.1002 | sparsity=0.8000 | cka=1 | targets=conv1.weight:0.797454;conv2.weight:0.797635;conv3.weight:0.797716;fc1.weight:0.800409
Round 003 | train_loss=2.1853 | test_loss=2.3051 | test_acc=0.1000 | sparsity=0.8000 | cka=0 | targets=conv1.weight:0.797454;conv2.weight:0.797635;conv3.weight:0.797716;fc1.weight:0.800409
Round 004 | train_loss=2.0424 | test_loss=2.3048 | test_acc=0.1211 | sparsity=0.8000 | cka=1 | targets=conv1.weight:0.797454;conv2.weight:0.797309;conv3.weight:0.797363;fc1.weight:0.800470
Round 005 | train_loss=1.9030 | test_loss=2.3581 | test_acc=0.1388 | sparsity=0.8000 | cka=0 | targets=conv1.weight:0.797454;conv2.weight:0.797309;conv3.weight:0.797363;fc1.weight:0.800470
Round 006 | train_loss=1.7897 | test_loss=2.3871 | test_acc=0.1478 | sparsity=0.8000 | cka=1 | targets=conv1.weight:0.796296;conv2.weight:0.796441;conv3.weight:0.796455;fc1.weight:0.800631
Round 007 | train_loss=1.7724 | test_loss=2.4560 | test_acc=0.1405 | sparsity=0.8000 | cka=0 | targets=conv1.weight:0.796296;conv2.weight:0.796441;conv3.weight:0.796455;fc1.weight:0.800631
Round 008 | train_loss=1.7574 | test_loss=2.4550 | test_acc=0.1424 | sparsity=0.8000 | cka=1 | targets=conv1.weight:0.797454;conv2.weight:0.797363;conv3.weight:0.797377;fc1.weight:0.800467
Round 009 | train_loss=1.7491 | test_loss=2.4328 | test_acc=0.1852 | sparsity=0.8000 | cka=0 | targets=conv1.weight:0.797454;conv2.weight:0.797363;conv3.weight:0.797377;fc1.weight:0.800467
Round 010 | train_loss=1.7366 | test_loss=2.4663 | test_acc=0.1524 | sparsity=0.8000 | cka=1 | targets=conv1.weight:0.796296;conv2.weight:0.796821;conv3.weight:0.796821;fc1.weight:0.800566
Round 011 | train_loss=1.7315 | test_loss=2.3983 | test_acc=0.1980 | sparsity=0.8000 | cka=0 | targets=conv1.weight:0.796296;conv2.weight:0.796821;conv3.weight:0.796821;fc1.weight:0.800566
Round 012 | train_loss=1.7218 | test_loss=2.4325 | test_acc=0.1763 | sparsity=0.8000 | cka=1 | targets=conv1.weight:0.796296;conv2.weight:0.796766;conv3.weight:0.796766;fc1.weight:0.800575
Round 013 | train_loss=1.7130 | test_loss=2.3603 | test_acc=0.2155 | sparsity=0.8000 | cka=0 | targets=conv1.weight:0.796296;conv2.weight:0.796766;conv3.weight:0.796766;fc1.weight:0.800575
Round 014 | train_loss=1.6996 | test_loss=2.3690 | test_acc=0.2122 | sparsity=0.8000 | cka=1 | targets=conv1.weight:0.796296;conv2.weight:0.796441;conv3.weight:0.796427;fc1.weight:0.800634
Round 015 | train_loss=1.7000 | test_loss=2.3207 | test_acc=0.2106 | sparsity=0.8000 | cka=0 | targets=conv1.weight:0.796296;conv2.weight:0.796441;conv3.weight:0.796427;fc1.weight:0.800634
Round 016 | train_loss=1.6836 | test_loss=2.3587 | test_acc=0.1994 | sparsity=0.8000 | cka=1 | targets=conv1.weight:0.796296;conv2.weight:0.796007;conv3.weight:0.796048;fc1.weight:0.800703
Round 017 | train_loss=1.6797 | test_loss=2.3314 | test_acc=0.2314 | sparsity=0.8000 | cka=0 | targets=conv1.weight:0.796296;conv2.weight:0.796007;conv3.weight:0.796048;fc1.weight:0.800703
Round 018 | train_loss=1.6656 | test_loss=2.3763 | test_acc=0.2189 | sparsity=0.8000 | cka=1 | targets=conv1.weight:0.795139;conv2.weight:0.795681;conv3.weight:0.795722;fc1.weight:0.800762
Round 019 | train_loss=1.6651 | test_loss=2.3145 | test_acc=0.2342 | sparsity=0.8000 | cka=0 | targets=conv1.weight:0.795139;conv2.weight:0.795681;conv3.weight:0.795722;fc1.weight:0.800762
Round 020 | train_loss=1.6447 | test_loss=2.3218 | test_acc=0.2151 | sparsity=0.8000 | cka=1 | targets=conv1.weight:0.795139;conv2.weight:0.795085;conv3.weight:0.795152;fc1.weight:0.800863
Saved training log to: results/logs/cka_strength_sweep/cifar10_cka_strength_fixed_5605137/strength_1p0/seed_13/cka_feddst_cifar10_clients5_alpha0.3_sparsity0.8_cka1.0_seed13_20260802_045510.csv
Saved CKA log to: results/logs/cka_strength_sweep/cifar10_cka_strength_fixed_5605137/strength_1p0/seed_13/cka_feddst_cifar10_clients5_alpha0.3_sparsity0.8_cka1.0_seed13_20260802_045510_cka.csv

[Run 114/125] suite=cka_strength method=cka_feddst seed=13 sparsity=0.9 cka_strength=1
Output log dir: results/logs/cka_strength_sweep/cifar10_cka_strength_fixed_5605137/strength_1p0/seed_13
Command: /mnt/aiongpfs/users/dsen/micromamba/envs/cka-cifar/bin/python -m src.train --global-config configs/global_cifar10.yaml --config configs/cka_feddst_mnist.yaml --seed 13 --sparsity 0.9 --cka-strength 1 --log-dir results/logs/cka_strength_sweep/cifar10_cka_strength_fixed_5605137/strength_1p0/seed_13 --checkpoint-dir results/checkpoints/cka_strength_sweep/cifar10_cka_strength_fixed_5605137/strength_1p0/seed_13 --plot-dir results/plots/cka_strength_sweep/cifar10_cka_strength_fixed_5605137
Final merged configuration:
alpha: 0.3
batch_size: 64
checkpoint_dir: results/checkpoints/cka_strength_sweep/cifar10_cka_strength_fixed_5605137/strength_1p0/seed_13
cka_interval: 2
cka_layers:
- conv1
- conv2
- conv3
- fc1
cka_max_sparsity: 0.95
cka_min_sparsity: 0.5
cka_strength: 1.0
data_check: false
data_dir: data
dataset: cifar10
device: auto
disable_cudnn: true
dry_run: false
eval_interval: 1
experiment_config_path: configs/cka_feddst_mnist.yaml
global_config_path: configs/global_cifar10.yaml
local_epochs: 1
log_cka: false
log_dir: results/logs/cka_strength_sweep/cifar10_cka_strength_fixed_5605137/strength_1p0/seed_13
lr: 0.01
mask_update_interval: 2
method: cka_feddst
model: cifar_cnn
num_clients: 5
num_workers: 2
output_dir: results
plot_dir: results/plots/cka_strength_sweep/cifar10_cka_strength_fixed_5605137
prune_fraction: 0.2
reference_size: 500
regrowth_method: gradient
rounds: 20
save_checkpoint: false
seed: 13
sparsity: 0.9
sparsity_init: random
split_dir: null
Saved merged config to: results/logs/cka_strength_sweep/cifar10_cka_strength_fixed_5605137/strength_1p0/seed_13/cka_feddst_cifar10_clients5_alpha0.3_sparsity0.9_cka1.0_seed13_20260802_050258_config.yaml
cuDNN disabled for this run.
Client label distributions:
  client 00: n=19994, labels=[2952, 878, 4230, 1942, 3893, 2947, 1170, 1268, 17, 697]
  client 01: n= 5273, labels=[1186, 629, 719, 163, 777, 852, 428, 22, 488, 9]
  client 02: n= 7607, labels=[2, 105, 1, 0, 96, 68, 60, 1042, 2038, 4195]
  client 03: n= 4678, labels=[463, 27, 0, 654, 2, 62, 287, 776, 2407, 0]
  client 04: n=11948, labels=[347, 3311, 0, 2191, 182, 1021, 3005, 1842, 0, 49]
Initial sparsity | total=0.9000 | active=61987/619872
Layer sparsity | conv1.weight:0.896991;conv2.weight:0.900825;conv3.weight:0.898560;fc1.weight:0.900152;fc2.weight:0.905469
Round 001 | train_loss=2.2230 | test_loss=2.3036 | test_acc=0.1000 | sparsity=0.9000 | cka=0 | targets=
Round 002 | train_loss=2.2249 | test_loss=2.3055 | test_acc=0.1000 | sparsity=0.9000 | cka=1 | targets=conv1.weight:0.899306;conv2.weight:0.899794;conv3.weight:0.899794;fc1.weight:0.900038
Round 003 | train_loss=2.2268 | test_loss=2.3081 | test_acc=0.1003 | sparsity=0.9000 | cka=0 | targets=conv1.weight:0.899306;conv2.weight:0.899794;conv3.weight:0.899794;fc1.weight:0.900038
Round 004 | train_loss=2.2295 | test_loss=2.3108 | test_acc=0.1000 | sparsity=0.9000 | cka=1 | targets=conv1.weight:0.898148;conv2.weight:0.898655;conv3.weight:0.898682;fc1.weight:0.900236
Round 005 | train_loss=2.2332 | test_loss=2.3136 | test_acc=0.1000 | sparsity=0.9000 | cka=0 | targets=conv1.weight:0.898148;conv2.weight:0.898655;conv3.weight:0.898682;fc1.weight:0.900236
Round 006 | train_loss=2.2359 | test_loss=2.3163 | test_acc=0.1000 | sparsity=0.9000 | cka=1 | targets=conv1.weight:0.899306;conv2.weight:0.899631;conv3.weight:0.899645;fc1.weight:0.900064
Round 007 | train_loss=2.2377 | test_loss=2.3189 | test_acc=0.1000 | sparsity=0.9000 | cka=0 | targets=conv1.weight:0.899306;conv2.weight:0.899631;conv3.weight:0.899645;fc1.weight:0.900064
Round 008 | train_loss=2.2393 | test_loss=2.3210 | test_acc=0.1000 | sparsity=0.9000 | cka=1 | targets=conv1.weight:0.898148;conv2.weight:0.898220;conv3.weight:0.898275;fc1.weight:0.900309
Round 009 | train_loss=2.2425 | test_loss=2.3230 | test_acc=0.1000 | sparsity=0.9000 | cka=0 | targets=conv1.weight:0.898148;conv2.weight:0.898220;conv3.weight:0.898275;fc1.weight:0.900309
Round 010 | train_loss=2.2441 | test_loss=2.3247 | test_acc=0.1000 | sparsity=0.9000 | cka=1 | targets=conv1.weight:0.899306;conv2.weight:0.899360;conv3.weight:0.899346;fc1.weight:0.900116
Round 011 | train_loss=2.2436 | test_loss=2.3265 | test_acc=0.1000 | sparsity=0.9000 | cka=0 | targets=conv1.weight:0.899306;conv2.weight:0.899360;conv3.weight:0.899346;fc1.weight:0.900116
Round 012 | train_loss=2.2432 | test_loss=2.3278 | test_acc=0.1000 | sparsity=0.9000 | cka=1 | targets=conv1.weight:0.898148;conv2.weight:0.897949;conv3.weight:0.898098;fc1.weight:0.900343
Round 013 | train_loss=2.2464 | test_loss=2.3292 | test_acc=0.1000 | sparsity=0.9000 | cka=0 | targets=conv1.weight:0.898148;conv2.weight:0.897949;conv3.weight:0.898098;fc1.weight:0.900343
Round 014 | train_loss=2.2465 | test_loss=2.3303 | test_acc=0.1000 | sparsity=0.9000 | cka=1 | targets=conv1.weight:0.898148;conv2.weight:0.898600;conv3.weight:0.898614;fc1.weight:0.900248
Round 015 | train_loss=2.2412 | test_loss=2.3316 | test_acc=0.1000 | sparsity=0.9000 | cka=0 | targets=conv1.weight:0.898148;conv2.weight:0.898600;conv3.weight:0.898614;fc1.weight:0.900248
Round 016 | train_loss=2.2172 | test_loss=2.3325 | test_acc=0.1000 | sparsity=0.9000 | cka=1 | targets=conv1.weight:0.898148;conv2.weight:0.898438;conv3.weight:0.898655;fc1.weight:0.900248
Round 017 | train_loss=2.2162 | test_loss=2.3328 | test_acc=0.1000 | sparsity=0.9000 | cka=0 | targets=conv1.weight:0.898148;conv2.weight:0.898438;conv3.weight:0.898655;fc1.weight:0.900248
Round 018 | train_loss=2.1334 | test_loss=2.3391 | test_acc=0.0903 | sparsity=0.9000 | cka=1 | targets=conv1.weight:0.895833;conv2.weight:0.895454;conv3.weight:0.895508;fc1.weight:0.900799
Round 019 | train_loss=1.9501 | test_loss=2.3575 | test_acc=0.1083 | sparsity=0.9000 | cka=0 | targets=conv1.weight:0.895833;conv2.weight:0.895454;conv3.weight:0.895508;fc1.weight:0.900799
Round 020 | train_loss=1.8112 | test_loss=2.3750 | test_acc=0.1140 | sparsity=0.9000 | cka=1 | targets=conv1.weight:0.898148;conv2.weight:0.898655;conv3.weight:0.898668;fc1.weight:0.900238
Saved training log to: results/logs/cka_strength_sweep/cifar10_cka_strength_fixed_5605137/strength_1p0/seed_13/cka_feddst_cifar10_clients5_alpha0.3_sparsity0.9_cka1.0_seed13_20260802_050258.csv
Saved CKA log to: results/logs/cka_strength_sweep/cifar10_cka_strength_fixed_5605137/strength_1p0/seed_13/cka_feddst_cifar10_clients5_alpha0.3_sparsity0.9_cka1.0_seed13_20260802_050258_cka.csv

[Run 115/125] suite=cka_strength method=cka_feddst seed=13 sparsity=0.95 cka_strength=1
Output log dir: results/logs/cka_strength_sweep/cifar10_cka_strength_fixed_5605137/strength_1p0/seed_13
Command: /mnt/aiongpfs/users/dsen/micromamba/envs/cka-cifar/bin/python -m src.train --global-config configs/global_cifar10.yaml --config configs/cka_feddst_mnist.yaml --seed 13 --sparsity 0.95 --cka-strength 1 --log-dir results/logs/cka_strength_sweep/cifar10_cka_strength_fixed_5605137/strength_1p0/seed_13 --checkpoint-dir results/checkpoints/cka_strength_sweep/cifar10_cka_strength_fixed_5605137/strength_1p0/seed_13 --plot-dir results/plots/cka_strength_sweep/cifar10_cka_strength_fixed_5605137
Final merged configuration:
alpha: 0.3
batch_size: 64
checkpoint_dir: results/checkpoints/cka_strength_sweep/cifar10_cka_strength_fixed_5605137/strength_1p0/seed_13
cka_interval: 2
cka_layers:
- conv1
- conv2
- conv3
- fc1
cka_max_sparsity: 0.95
cka_min_sparsity: 0.5
cka_strength: 1.0
data_check: false
data_dir: data
dataset: cifar10
device: auto
disable_cudnn: true
dry_run: false
eval_interval: 1
experiment_config_path: configs/cka_feddst_mnist.yaml
global_config_path: configs/global_cifar10.yaml
local_epochs: 1
log_cka: false
log_dir: results/logs/cka_strength_sweep/cifar10_cka_strength_fixed_5605137/strength_1p0/seed_13
lr: 0.01
mask_update_interval: 2
method: cka_feddst
model: cifar_cnn
num_clients: 5
num_workers: 2
output_dir: results
plot_dir: results/plots/cka_strength_sweep/cifar10_cka_strength_fixed_5605137
prune_fraction: 0.2
reference_size: 500
regrowth_method: gradient
rounds: 20
save_checkpoint: false
seed: 13
sparsity: 0.95
sparsity_init: random
split_dir: null
Saved merged config to: results/logs/cka_strength_sweep/cifar10_cka_strength_fixed_5605137/strength_1p0/seed_13/cka_feddst_cifar10_clients5_alpha0.3_sparsity0.95_cka1.0_seed13_20260802_051016_config.yaml
cuDNN disabled for this run.
Client label distributions:
  client 00: n=19994, labels=[2952, 878, 4230, 1942, 3893, 2947, 1170, 1268, 17, 697]
  client 01: n= 5273, labels=[1186, 629, 719, 163, 777, 852, 428, 22, 488, 9]
  client 02: n= 7607, labels=[2, 105, 1, 0, 96, 68, 60, 1042, 2038, 4195]
  client 03: n= 4678, labels=[463, 27, 0, 654, 2, 62, 287, 776, 2407, 0]
  client 04: n=11948, labels=[347, 3311, 0, 2191, 182, 1021, 3005, 1842, 0, 49]
Initial sparsity | total=0.9500 | active=30994/619872
Layer sparsity | conv1.weight:0.944444;conv2.weight:0.950575;conv3.weight:0.949273;fc1.weight:0.950089;fc2.weight:0.950391
Round 001 | train_loss=2.2237 | test_loss=2.3037 | test_acc=0.1000 | sparsity=0.9500 | cka=0 | targets=
Round 002 | train_loss=2.2257 | test_loss=2.3055 | test_acc=0.1000 | sparsity=0.9500 | cka=1 | targets=conv1.weight:0.949074;conv2.weight:0.949978;conv3.weight:0.949992;fc1.weight:0.949999
Round 003 | train_loss=2.2281 | test_loss=2.3081 | test_acc=0.1000 | sparsity=0.9500 | cka=0 | targets=conv1.weight:0.949074;conv2.weight:0.949978;conv3.weight:0.949992;fc1.weight:0.949999
Round 004 | train_loss=2.2312 | test_loss=2.3108 | test_acc=0.1000 | sparsity=0.9500 | cka=1 | targets=conv1.weight:0.949074;conv2.weight:0.949978;conv3.weight:0.949992;fc1.weight:0.949999
Round 005 | train_loss=2.2346 | test_loss=2.3136 | test_acc=0.1000 | sparsity=0.9500 | cka=0 | targets=conv1.weight:0.949074;conv2.weight:0.949978;conv3.weight:0.949992;fc1.weight:0.949999
Round 006 | train_loss=2.2375 | test_loss=2.3162 | test_acc=0.1000 | sparsity=0.9500 | cka=1 | targets=conv1.weight:0.949074;conv2.weight:0.949978;conv3.weight:0.949992;fc1.weight:0.949999
Round 007 | train_loss=2.2400 | test_loss=2.3186 | test_acc=0.1000 | sparsity=0.9500 | cka=0 | targets=conv1.weight:0.949074;conv2.weight:0.949978;conv3.weight:0.949992;fc1.weight:0.949999
Round 008 | train_loss=2.2423 | test_loss=2.3208 | test_acc=0.1000 | sparsity=0.9500 | cka=1 | targets=conv1.weight:0.949074;conv2.weight:0.949978;conv3.weight:0.949992;fc1.weight:0.949999
Round 009 | train_loss=2.2449 | test_loss=2.3228 | test_acc=0.1000 | sparsity=0.9500 | cka=0 | targets=conv1.weight:0.949074;conv2.weight:0.949978;conv3.weight:0.949992;fc1.weight:0.949999
Round 010 | train_loss=2.2468 | test_loss=2.3245 | test_acc=0.1000 | sparsity=0.9500 | cka=1 | targets=conv1.weight:0.949074;conv2.weight:0.949978;conv3.weight:0.949992;fc1.weight:0.949999
Round 011 | train_loss=2.2480 | test_loss=2.3261 | test_acc=0.1000 | sparsity=0.9500 | cka=0 | targets=conv1.weight:0.949074;conv2.weight:0.949978;conv3.weight:0.949992;fc1.weight:0.949999
Round 012 | train_loss=2.2494 | test_loss=2.3274 | test_acc=0.1000 | sparsity=0.9500 | cka=1 | targets=conv1.weight:0.949074;conv2.weight:0.949978;conv3.weight:0.949992;fc1.weight:0.949999
Round 013 | train_loss=2.2511 | test_loss=2.3287 | test_acc=0.1000 | sparsity=0.9500 | cka=0 | targets=conv1.weight:0.949074;conv2.weight:0.949978;conv3.weight:0.949992;fc1.weight:0.949999
Round 014 | train_loss=2.2522 | test_loss=2.3298 | test_acc=0.1000 | sparsity=0.9500 | cka=1 | targets=conv1.weight:0.949074;conv2.weight:0.949978;conv3.weight:0.949992;fc1.weight:0.949999
Round 015 | train_loss=2.2524 | test_loss=2.3307 | test_acc=0.1000 | sparsity=0.9500 | cka=0 | targets=conv1.weight:0.949074;conv2.weight:0.949978;conv3.weight:0.949992;fc1.weight:0.949999
Round 016 | train_loss=2.2529 | test_loss=2.3315 | test_acc=0.1000 | sparsity=0.9500 | cka=1 | targets=conv1.weight:0.949074;conv2.weight:0.949978;conv3.weight:0.949992;fc1.weight:0.949999
Round 017 | train_loss=2.2545 | test_loss=2.3323 | test_acc=0.1000 | sparsity=0.9500 | cka=0 | targets=conv1.weight:0.949074;conv2.weight:0.949978;conv3.weight:0.949992;fc1.weight:0.949999
Round 018 | train_loss=2.2550 | test_loss=2.3330 | test_acc=0.1000 | sparsity=0.9500 | cka=1 | targets=conv1.weight:0.949074;conv2.weight:0.949978;conv3.weight:0.949992;fc1.weight:0.949999
Round 019 | train_loss=2.2542 | test_loss=2.3337 | test_acc=0.1000 | sparsity=0.9500 | cka=0 | targets=conv1.weight:0.949074;conv2.weight:0.949978;conv3.weight:0.949992;fc1.weight:0.949999
Round 020 | train_loss=2.2542 | test_loss=2.3341 | test_acc=0.1000 | sparsity=0.9500 | cka=1 | targets=conv1.weight:0.949074;conv2.weight:0.949978;conv3.weight:0.949992;fc1.weight:0.949999
Saved training log to: results/logs/cka_strength_sweep/cifar10_cka_strength_fixed_5605137/strength_1p0/seed_13/cka_feddst_cifar10_clients5_alpha0.3_sparsity0.95_cka1.0_seed13_20260802_051016.csv
Saved CKA log to: results/logs/cka_strength_sweep/cifar10_cka_strength_fixed_5605137/strength_1p0/seed_13/cka_feddst_cifar10_clients5_alpha0.3_sparsity0.95_cka1.0_seed13_20260802_051016_cka.csv

[Run 116/125] suite=cka_strength method=cka_feddst seed=21 sparsity=0.5 cka_strength=1
Output log dir: results/logs/cka_strength_sweep/cifar10_cka_strength_fixed_5605137/strength_1p0/seed_21
Command: /mnt/aiongpfs/users/dsen/micromamba/envs/cka-cifar/bin/python -m src.train --global-config configs/global_cifar10.yaml --config configs/cka_feddst_mnist.yaml --seed 21 --sparsity 0.5 --cka-strength 1 --log-dir results/logs/cka_strength_sweep/cifar10_cka_strength_fixed_5605137/strength_1p0/seed_21 --checkpoint-dir results/checkpoints/cka_strength_sweep/cifar10_cka_strength_fixed_5605137/strength_1p0/seed_21 --plot-dir results/plots/cka_strength_sweep/cifar10_cka_strength_fixed_5605137
Final merged configuration:
alpha: 0.3
batch_size: 64
checkpoint_dir: results/checkpoints/cka_strength_sweep/cifar10_cka_strength_fixed_5605137/strength_1p0/seed_21
cka_interval: 2
cka_layers:
- conv1
- conv2
- conv3
- fc1
cka_max_sparsity: 0.95
cka_min_sparsity: 0.5
cka_strength: 1.0
data_check: false
data_dir: data
dataset: cifar10
device: auto
disable_cudnn: true
dry_run: false
eval_interval: 1
experiment_config_path: configs/cka_feddst_mnist.yaml
global_config_path: configs/global_cifar10.yaml
local_epochs: 1
log_cka: false
log_dir: results/logs/cka_strength_sweep/cifar10_cka_strength_fixed_5605137/strength_1p0/seed_21
lr: 0.01
mask_update_interval: 2
method: cka_feddst
model: cifar_cnn
num_clients: 5
num_workers: 2
output_dir: results
plot_dir: results/plots/cka_strength_sweep/cifar10_cka_strength_fixed_5605137
prune_fraction: 0.2
reference_size: 500
regrowth_method: gradient
rounds: 20
save_checkpoint: false
seed: 21
sparsity: 0.5
sparsity_init: random
split_dir: null
Saved merged config to: results/logs/cka_strength_sweep/cifar10_cka_strength_fixed_5605137/strength_1p0/seed_21/cka_feddst_cifar10_clients5_alpha0.3_sparsity0.5_cka1.0_seed21_20260802_051721_config.yaml
cuDNN disabled for this run.
Client label distributions:
  client 00: n=10151, labels=[68, 0, 4345, 758, 1058, 713, 0, 122, 882, 2205]
  client 01: n=10420, labels=[957, 2155, 26, 376, 2359, 483, 4054, 4, 6, 0]
  client 02: n= 7384, labels=[1406, 266, 313, 764, 191, 13, 184, 2, 3127, 1118]
  client 03: n=13329, labels=[2519, 2506, 245, 1146, 1341, 359, 6, 3254, 563, 1390]
  client 04: n= 8216, labels=[0, 23, 21, 1906, 1, 3382, 706, 1568, 372, 237]
Initial sparsity | total=0.5000 | active=309936/619872
Layer sparsity | conv1.weight:0.486111;conv2.weight:0.498806;conv3.weight:0.498834;fc1.weight:0.500118;fc2.weight:0.522656
Round 001 | train_loss=2.0278 | test_loss=2.2765 | test_acc=0.1305 | sparsity=0.5000 | cka=0 | targets=
Round 002 | train_loss=1.7818 | test_loss=2.3185 | test_acc=0.1485 | sparsity=0.5001 | cka=1 | targets=conv1.weight:0.500000;conv2.weight:0.500000;conv3.weight:0.500000;fc1.weight:0.500000
Round 003 | train_loss=1.7277 | test_loss=2.3980 | test_acc=0.1394 | sparsity=0.5001 | cka=0 | targets=conv1.weight:0.500000;conv2.weight:0.500000;conv3.weight:0.500000;fc1.weight:0.500000
Round 004 | train_loss=1.7083 | test_loss=2.3191 | test_acc=0.1537 | sparsity=0.5001 | cka=1 | targets=conv1.weight:0.500000;conv2.weight:0.500000;conv3.weight:0.500000;fc1.weight:0.500000
Round 005 | train_loss=1.6963 | test_loss=2.3377 | test_acc=0.1544 | sparsity=0.5001 | cka=0 | targets=conv1.weight:0.500000;conv2.weight:0.500000;conv3.weight:0.500000;fc1.weight:0.500000
Round 006 | train_loss=1.6767 | test_loss=2.3392 | test_acc=0.1657 | sparsity=0.5001 | cka=1 | targets=conv1.weight:0.500000;conv2.weight:0.500000;conv3.weight:0.500000;fc1.weight:0.500000
Round 007 | train_loss=1.6705 | test_loss=2.2965 | test_acc=0.1762 | sparsity=0.5001 | cka=0 | targets=conv1.weight:0.500000;conv2.weight:0.500000;conv3.weight:0.500000;fc1.weight:0.500000
Round 008 | train_loss=1.6455 | test_loss=2.2844 | test_acc=0.1812 | sparsity=0.5001 | cka=1 | targets=conv1.weight:0.500000;conv2.weight:0.500000;conv3.weight:0.500000;fc1.weight:0.500000
Round 009 | train_loss=1.6229 | test_loss=2.2764 | test_acc=0.2067 | sparsity=0.5001 | cka=0 | targets=conv1.weight:0.500000;conv2.weight:0.500000;conv3.weight:0.500000;fc1.weight:0.500000
Round 010 | train_loss=1.5912 | test_loss=2.2427 | test_acc=0.2228 | sparsity=0.5001 | cka=1 | targets=conv1.weight:0.500000;conv2.weight:0.500000;conv3.weight:0.500000;fc1.weight:0.500000
Round 011 | train_loss=1.5821 | test_loss=2.1882 | test_acc=0.2433 | sparsity=0.5001 | cka=0 | targets=conv1.weight:0.500000;conv2.weight:0.500000;conv3.weight:0.500000;fc1.weight:0.500000
Round 012 | train_loss=1.5339 | test_loss=2.1932 | test_acc=0.2558 | sparsity=0.5001 | cka=1 | targets=conv1.weight:0.500000;conv2.weight:0.500000;conv3.weight:0.500000;fc1.weight:0.500000
Round 013 | train_loss=1.5015 | test_loss=2.1169 | test_acc=0.2553 | sparsity=0.5001 | cka=0 | targets=conv1.weight:0.500000;conv2.weight:0.500000;conv3.weight:0.500000;fc1.weight:0.500000
Round 014 | train_loss=1.4667 | test_loss=2.0739 | test_acc=0.2781 | sparsity=0.5001 | cka=1 | targets=conv1.weight:0.500000;conv2.weight:0.500000;conv3.weight:0.500000;fc1.weight:0.500000
Round 015 | train_loss=1.4560 | test_loss=2.0370 | test_acc=0.2850 | sparsity=0.5001 | cka=0 | targets=conv1.weight:0.500000;conv2.weight:0.500000;conv3.weight:0.500000;fc1.weight:0.500000
Round 016 | train_loss=1.4174 | test_loss=2.0162 | test_acc=0.2873 | sparsity=0.5001 | cka=1 | targets=conv1.weight:0.500000;conv2.weight:0.500000;conv3.weight:0.500000;fc1.weight:0.500000
Round 017 | train_loss=1.3958 | test_loss=1.9638 | test_acc=0.3027 | sparsity=0.5001 | cka=0 | targets=conv1.weight:0.500000;conv2.weight:0.500000;conv3.weight:0.500000;fc1.weight:0.500000
Round 018 | train_loss=1.3720 | test_loss=1.9856 | test_acc=0.2980 | sparsity=0.5001 | cka=1 | targets=conv1.weight:0.500000;conv2.weight:0.500000;conv3.weight:0.500000;fc1.weight:0.500000
Round 019 | train_loss=1.3715 | test_loss=1.9732 | test_acc=0.3071 | sparsity=0.5001 | cka=0 | targets=conv1.weight:0.500000;conv2.weight:0.500000;conv3.weight:0.500000;fc1.weight:0.500000
Round 020 | train_loss=1.3466 | test_loss=1.9332 | test_acc=0.3115 | sparsity=0.5001 | cka=1 | targets=conv1.weight:0.500000;conv2.weight:0.500000;conv3.weight:0.500000;fc1.weight:0.500000
Saved training log to: results/logs/cka_strength_sweep/cifar10_cka_strength_fixed_5605137/strength_1p0/seed_21/cka_feddst_cifar10_clients5_alpha0.3_sparsity0.5_cka1.0_seed21_20260802_051721.csv
Saved CKA log to: results/logs/cka_strength_sweep/cifar10_cka_strength_fixed_5605137/strength_1p0/seed_21/cka_feddst_cifar10_clients5_alpha0.3_sparsity0.5_cka1.0_seed21_20260802_051721_cka.csv

[Run 117/125] suite=cka_strength method=cka_feddst seed=21 sparsity=0.7 cka_strength=1
Output log dir: results/logs/cka_strength_sweep/cifar10_cka_strength_fixed_5605137/strength_1p0/seed_21
Command: /mnt/aiongpfs/users/dsen/micromamba/envs/cka-cifar/bin/python -m src.train --global-config configs/global_cifar10.yaml --config configs/cka_feddst_mnist.yaml --seed 21 --sparsity 0.7 --cka-strength 1 --log-dir results/logs/cka_strength_sweep/cifar10_cka_strength_fixed_5605137/strength_1p0/seed_21 --checkpoint-dir results/checkpoints/cka_strength_sweep/cifar10_cka_strength_fixed_5605137/strength_1p0/seed_21 --plot-dir results/plots/cka_strength_sweep/cifar10_cka_strength_fixed_5605137
Final merged configuration:
alpha: 0.3
batch_size: 64
checkpoint_dir: results/checkpoints/cka_strength_sweep/cifar10_cka_strength_fixed_5605137/strength_1p0/seed_21
cka_interval: 2
cka_layers:
- conv1
- conv2
- conv3
- fc1
cka_max_sparsity: 0.95
cka_min_sparsity: 0.5
cka_strength: 1.0
data_check: false
data_dir: data
dataset: cifar10
device: auto
disable_cudnn: true
dry_run: false
eval_interval: 1
experiment_config_path: configs/cka_feddst_mnist.yaml
global_config_path: configs/global_cifar10.yaml
local_epochs: 1
log_cka: false
log_dir: results/logs/cka_strength_sweep/cifar10_cka_strength_fixed_5605137/strength_1p0/seed_21
lr: 0.01
mask_update_interval: 2
method: cka_feddst
model: cifar_cnn
num_clients: 5
num_workers: 2
output_dir: results
plot_dir: results/plots/cka_strength_sweep/cifar10_cka_strength_fixed_5605137
prune_fraction: 0.2
reference_size: 500
regrowth_method: gradient
rounds: 20
save_checkpoint: false
seed: 21
sparsity: 0.7
sparsity_init: random
split_dir: null
Saved merged config to: results/logs/cka_strength_sweep/cifar10_cka_strength_fixed_5605137/strength_1p0/seed_21/cka_feddst_cifar10_clients5_alpha0.3_sparsity0.7_cka1.0_seed21_20260802_052504_config.yaml
cuDNN disabled for this run.
Client label distributions:
  client 00: n=10151, labels=[68, 0, 4345, 758, 1058, 713, 0, 122, 882, 2205]
  client 01: n=10420, labels=[957, 2155, 26, 376, 2359, 483, 4054, 4, 6, 0]
  client 02: n= 7384, labels=[1406, 266, 313, 764, 191, 13, 184, 2, 3127, 1118]
  client 03: n=13329, labels=[2519, 2506, 245, 1146, 1341, 359, 6, 3254, 563, 1390]
  client 04: n= 8216, labels=[0, 23, 21, 1906, 1, 3382, 706, 1568, 372, 237]
Initial sparsity | total=0.7000 | active=185962/619872
Layer sparsity | conv1.weight:0.682870;conv2.weight:0.695367;conv3.weight:0.700928;fc1.weight:0.699989;fc2.weight:0.714453
Round 001 | train_loss=2.1984 | test_loss=2.3004 | test_acc=0.1189 | sparsity=0.7000 | cka=0 | targets=
Round 002 | train_loss=2.1529 | test_loss=2.2899 | test_acc=0.1091 | sparsity=0.7001 | cka=1 | targets=conv1.weight:0.696759;conv2.weight:0.697266;conv3.weight:0.697428;fc1.weight:0.700462
Round 003 | train_loss=1.8653 | test_loss=2.3051 | test_acc=0.1454 | sparsity=0.7001 | cka=0 | targets=conv1.weight:0.696759;conv2.weight:0.697266;conv3.weight:0.697428;fc1.weight:0.700462
Round 004 | train_loss=1.7431 | test_loss=2.2668 | test_acc=0.1411 | sparsity=0.7001 | cka=1 | targets=conv1.weight:0.697917;conv2.weight:0.697483;conv3.weight:0.697523;fc1.weight:0.700439
Round 005 | train_loss=1.7488 | test_loss=2.3422 | test_acc=0.1429 | sparsity=0.7001 | cka=0 | targets=conv1.weight:0.697917;conv2.weight:0.697483;conv3.weight:0.697523;fc1.weight:0.700439
Round 006 | train_loss=1.7113 | test_loss=2.3514 | test_acc=0.1464 | sparsity=0.7001 | cka=1 | targets=conv1.weight:0.696759;conv2.weight:0.696940;conv3.weight:0.696927;fc1.weight:0.700544
Round 007 | train_loss=1.7016 | test_loss=2.3571 | test_acc=0.1565 | sparsity=0.7001 | cka=0 | targets=conv1.weight:0.696759;conv2.weight:0.696940;conv3.weight:0.696927;fc1.weight:0.700544
Round 008 | train_loss=1.6901 | test_loss=2.3709 | test_acc=0.1502 | sparsity=0.7001 | cka=1 | targets=conv1.weight:0.696759;conv2.weight:0.696832;conv3.weight:0.696913;fc1.weight:0.700550
Round 009 | train_loss=1.6840 | test_loss=2.3585 | test_acc=0.1622 | sparsity=0.7001 | cka=0 | targets=conv1.weight:0.696759;conv2.weight:0.696832;conv3.weight:0.696913;fc1.weight:0.700550
Round 010 | train_loss=1.6731 | test_loss=2.3525 | test_acc=0.1580 | sparsity=0.7001 | cka=1 | targets=conv1.weight:0.696759;conv2.weight:0.697211;conv3.weight:0.697238;fc1.weight:0.700491
Round 011 | train_loss=1.6717 | test_loss=2.3184 | test_acc=0.1668 | sparsity=0.7001 | cka=0 | targets=conv1.weight:0.696759;conv2.weight:0.697211;conv3.weight:0.697238;fc1.weight:0.700491
Round 012 | train_loss=1.6560 | test_loss=2.3422 | test_acc=0.1680 | sparsity=0.7001 | cka=1 | targets=conv1.weight:0.696759;conv2.weight:0.696343;conv3.weight:0.696465;fc1.weight:0.700630
Round 013 | train_loss=1.6532 | test_loss=2.3403 | test_acc=0.1645 | sparsity=0.7001 | cka=0 | targets=conv1.weight:0.696759;conv2.weight:0.696343;conv3.weight:0.696465;fc1.weight:0.700630
Round 014 | train_loss=1.6414 | test_loss=2.3053 | test_acc=0.1772 | sparsity=0.7001 | cka=1 | targets=conv1.weight:0.696759;conv2.weight:0.696560;conv3.weight:0.696655;fc1.weight:0.700596
Round 015 | train_loss=1.6370 | test_loss=2.2727 | test_acc=0.1843 | sparsity=0.7001 | cka=0 | targets=conv1.weight:0.696759;conv2.weight:0.696560;conv3.weight:0.696655;fc1.weight:0.700596
Round 016 | train_loss=1.6217 | test_loss=2.3075 | test_acc=0.1809 | sparsity=0.7001 | cka=1 | targets=conv1.weight:0.695602;conv2.weight:0.695530;conv3.weight:0.695733;fc1.weight:0.700764
Round 017 | train_loss=1.6137 | test_loss=2.2581 | test_acc=0.1954 | sparsity=0.7001 | cka=0 | targets=conv1.weight:0.695602;conv2.weight:0.695530;conv3.weight:0.695733;fc1.weight:0.700764
Round 018 | train_loss=1.5960 | test_loss=2.2943 | test_acc=0.2166 | sparsity=0.7001 | cka=1 | targets=conv1.weight:0.695602;conv2.weight:0.696126;conv3.weight:0.696425;fc1.weight:0.700645
Round 019 | train_loss=1.5886 | test_loss=2.2267 | test_acc=0.2248 | sparsity=0.7001 | cka=0 | targets=conv1.weight:0.695602;conv2.weight:0.696126;conv3.weight:0.696425;fc1.weight:0.700645
Round 020 | train_loss=1.5498 | test_loss=2.2592 | test_acc=0.2349 | sparsity=0.7001 | cka=1 | targets=conv1.weight:0.690972;conv2.weight:0.691135;conv3.weight:0.693943;fc1.weight:0.701178
Saved training log to: results/logs/cka_strength_sweep/cifar10_cka_strength_fixed_5605137/strength_1p0/seed_21/cka_feddst_cifar10_clients5_alpha0.3_sparsity0.7_cka1.0_seed21_20260802_052504.csv
Saved CKA log to: results/logs/cka_strength_sweep/cifar10_cka_strength_fixed_5605137/strength_1p0/seed_21/cka_feddst_cifar10_clients5_alpha0.3_sparsity0.7_cka1.0_seed21_20260802_052504_cka.csv

[Run 118/125] suite=cka_strength method=cka_feddst seed=21 sparsity=0.8 cka_strength=1
Output log dir: results/logs/cka_strength_sweep/cifar10_cka_strength_fixed_5605137/strength_1p0/seed_21
Command: /mnt/aiongpfs/users/dsen/micromamba/envs/cka-cifar/bin/python -m src.train --global-config configs/global_cifar10.yaml --config configs/cka_feddst_mnist.yaml --seed 21 --sparsity 0.8 --cka-strength 1 --log-dir results/logs/cka_strength_sweep/cifar10_cka_strength_fixed_5605137/strength_1p0/seed_21 --checkpoint-dir results/checkpoints/cka_strength_sweep/cifar10_cka_strength_fixed_5605137/strength_1p0/seed_21 --plot-dir results/plots/cka_strength_sweep/cifar10_cka_strength_fixed_5605137
Final merged configuration:
alpha: 0.3
batch_size: 64
checkpoint_dir: results/checkpoints/cka_strength_sweep/cifar10_cka_strength_fixed_5605137/strength_1p0/seed_21
cka_interval: 2
cka_layers:
- conv1
- conv2
- conv3
- fc1
cka_max_sparsity: 0.95
cka_min_sparsity: 0.5
cka_strength: 1.0
data_check: false
data_dir: data
dataset: cifar10
device: auto
disable_cudnn: true
dry_run: false
eval_interval: 1
experiment_config_path: configs/cka_feddst_mnist.yaml
global_config_path: configs/global_cifar10.yaml
local_epochs: 1
log_cka: false
log_dir: results/logs/cka_strength_sweep/cifar10_cka_strength_fixed_5605137/strength_1p0/seed_21
lr: 0.01
mask_update_interval: 2
method: cka_feddst
model: cifar_cnn
num_clients: 5
num_workers: 2
output_dir: results
plot_dir: results/plots/cka_strength_sweep/cifar10_cka_strength_fixed_5605137
prune_fraction: 0.2
reference_size: 500
regrowth_method: gradient
rounds: 20
save_checkpoint: false
seed: 21
sparsity: 0.8
sparsity_init: random
split_dir: null
Saved merged config to: results/logs/cka_strength_sweep/cifar10_cka_strength_fixed_5605137/strength_1p0/seed_21/cka_feddst_cifar10_clients5_alpha0.3_sparsity0.8_cka1.0_seed21_20260802_053229_config.yaml
cuDNN disabled for this run.
Client label distributions:
  client 00: n=10151, labels=[68, 0, 4345, 758, 1058, 713, 0, 122, 882, 2205]
  client 01: n=10420, labels=[957, 2155, 26, 376, 2359, 483, 4054, 4, 6, 0]
  client 02: n= 7384, labels=[1406, 266, 313, 764, 191, 13, 184, 2, 3127, 1118]
  client 03: n=13329, labels=[2519, 2506, 245, 1146, 1341, 359, 6, 3254, 563, 1390]
  client 04: n= 8216, labels=[0, 23, 21, 1906, 1, 3382, 706, 1568, 372, 237]
Initial sparsity | total=0.8000 | active=123974/619872
Layer sparsity | conv1.weight:0.776620;conv2.weight:0.796115;conv3.weight:0.799981;fc1.weight:0.800104;fc2.weight:0.815234
Round 001 | train_loss=2.2094 | test_loss=2.3028 | test_acc=0.1000 | sparsity=0.8000 | cka=0 | targets=
Round 002 | train_loss=2.2085 | test_loss=2.3027 | test_acc=0.0989 | sparsity=0.8001 | cka=1 | targets=conv1.weight:0.798611;conv2.weight:0.798503;conv3.weight:0.798516;fc1.weight:0.800264
Round 003 | train_loss=2.2034 | test_loss=2.3025 | test_acc=0.1270 | sparsity=0.8001 | cka=0 | targets=conv1.weight:0.798611;conv2.weight:0.798503;conv3.weight:0.798516;fc1.weight:0.800264
Round 004 | train_loss=2.1770 | test_loss=2.3022 | test_acc=0.1000 | sparsity=0.8001 | cka=1 | targets=conv1.weight:0.799769;conv2.weight:0.799262;conv3.weight:0.799316;fc1.weight:0.800123
Round 005 | train_loss=2.1804 | test_loss=2.2983 | test_acc=0.1028 | sparsity=0.8001 | cka=0 | targets=conv1.weight:0.799769;conv2.weight:0.799262;conv3.weight:0.799316;fc1.weight:0.800123
Round 006 | train_loss=2.0206 | test_loss=2.2899 | test_acc=0.1411 | sparsity=0.8001 | cka=1 | targets=conv1.weight:0.797454;conv2.weight:0.797960;conv3.weight:0.797974;fc1.weight:0.800362
Round 007 | train_loss=1.8108 | test_loss=2.3541 | test_acc=0.1347 | sparsity=0.8001 | cka=0 | targets=conv1.weight:0.797454;conv2.weight:0.797960;conv3.weight:0.797974;fc1.weight:0.800362
Round 008 | train_loss=1.7284 | test_loss=2.3214 | test_acc=0.1371 | sparsity=0.8001 | cka=1 | targets=conv1.weight:0.798611;conv2.weight:0.798557;conv3.weight:0.798570;fc1.weight:0.800255
Round 009 | train_loss=1.7158 | test_loss=2.3937 | test_acc=0.1380 | sparsity=0.8001 | cka=0 | targets=conv1.weight:0.798611;conv2.weight:0.798557;conv3.weight:0.798570;fc1.weight:0.800255
Round 010 | train_loss=1.6984 | test_loss=2.3634 | test_acc=0.1427 | sparsity=0.8001 | cka=1 | targets=conv1.weight:0.797454;conv2.weight:0.798014;conv3.weight:0.798069;fc1.weight:0.800346
Round 011 | train_loss=1.6917 | test_loss=2.3617 | test_acc=0.1442 | sparsity=0.8001 | cka=0 | targets=conv1.weight:0.797454;conv2.weight:0.798014;conv3.weight:0.798069;fc1.weight:0.800346
Round 012 | train_loss=1.6781 | test_loss=2.3693 | test_acc=0.1454 | sparsity=0.8001 | cka=1 | targets=conv1.weight:0.797454;conv2.weight:0.797852;conv3.weight:0.797919;fc1.weight:0.800373
Round 013 | train_loss=1.6764 | test_loss=2.3583 | test_acc=0.1438 | sparsity=0.8001 | cka=0 | targets=conv1.weight:0.797454;conv2.weight:0.797852;conv3.weight:0.797919;fc1.weight:0.800373
Round 014 | train_loss=1.6661 | test_loss=2.3405 | test_acc=0.1485 | sparsity=0.8001 | cka=1 | targets=conv1.weight:0.796296;conv2.weight:0.797363;conv3.weight:0.797485;fc1.weight:0.800453
Round 015 | train_loss=1.6600 | test_loss=2.3033 | test_acc=0.1572 | sparsity=0.8001 | cka=0 | targets=conv1.weight:0.796296;conv2.weight:0.797363;conv3.weight:0.797485;fc1.weight:0.800453
Round 016 | train_loss=1.6487 | test_loss=2.3303 | test_acc=0.1520 | sparsity=0.8001 | cka=1 | targets=conv1.weight:0.796296;conv2.weight:0.796821;conv3.weight:0.797011;fc1.weight:0.800539
Round 017 | train_loss=1.6448 | test_loss=2.2841 | test_acc=0.1591 | sparsity=0.8001 | cka=0 | targets=conv1.weight:0.796296;conv2.weight:0.796821;conv3.weight:0.797011;fc1.weight:0.800539
Round 018 | train_loss=1.6346 | test_loss=2.3241 | test_acc=0.1615 | sparsity=0.8001 | cka=1 | targets=conv1.weight:0.795139;conv2.weight:0.796495;conv3.weight:0.797011;fc1.weight:0.800552
Round 019 | train_loss=1.6311 | test_loss=2.2805 | test_acc=0.1702 | sparsity=0.8001 | cka=0 | targets=conv1.weight:0.795139;conv2.weight:0.796495;conv3.weight:0.797011;fc1.weight:0.800552
Round 020 | train_loss=1.6205 | test_loss=2.2955 | test_acc=0.1673 | sparsity=0.8001 | cka=1 | targets=conv1.weight:0.795139;conv2.weight:0.796007;conv3.weight:0.796726;fc1.weight:0.800610
Saved training log to: results/logs/cka_strength_sweep/cifar10_cka_strength_fixed_5605137/strength_1p0/seed_21/cka_feddst_cifar10_clients5_alpha0.3_sparsity0.8_cka1.0_seed21_20260802_053229.csv
Saved CKA log to: results/logs/cka_strength_sweep/cifar10_cka_strength_fixed_5605137/strength_1p0/seed_21/cka_feddst_cifar10_clients5_alpha0.3_sparsity0.8_cka1.0_seed21_20260802_053229_cka.csv

[Run 119/125] suite=cka_strength method=cka_feddst seed=21 sparsity=0.9 cka_strength=1
Output log dir: results/logs/cka_strength_sweep/cifar10_cka_strength_fixed_5605137/strength_1p0/seed_21
Command: /mnt/aiongpfs/users/dsen/micromamba/envs/cka-cifar/bin/python -m src.train --global-config configs/global_cifar10.yaml --config configs/cka_feddst_mnist.yaml --seed 21 --sparsity 0.9 --cka-strength 1 --log-dir results/logs/cka_strength_sweep/cifar10_cka_strength_fixed_5605137/strength_1p0/seed_21 --checkpoint-dir results/checkpoints/cka_strength_sweep/cifar10_cka_strength_fixed_5605137/strength_1p0/seed_21 --plot-dir results/plots/cka_strength_sweep/cifar10_cka_strength_fixed_5605137
Final merged configuration:
alpha: 0.3
batch_size: 64
checkpoint_dir: results/checkpoints/cka_strength_sweep/cifar10_cka_strength_fixed_5605137/strength_1p0/seed_21
cka_interval: 2
cka_layers:
- conv1
- conv2
- conv3
- fc1
cka_max_sparsity: 0.95
cka_min_sparsity: 0.5
cka_strength: 1.0
data_check: false
data_dir: data
dataset: cifar10
device: auto
disable_cudnn: true
dry_run: false
eval_interval: 1
experiment_config_path: configs/cka_feddst_mnist.yaml
global_config_path: configs/global_cifar10.yaml
local_epochs: 1
log_cka: false
log_dir: results/logs/cka_strength_sweep/cifar10_cka_strength_fixed_5605137/strength_1p0/seed_21
lr: 0.01
mask_update_interval: 2
method: cka_feddst
model: cifar_cnn
num_clients: 5
num_workers: 2
output_dir: results
plot_dir: results/plots/cka_strength_sweep/cifar10_cka_strength_fixed_5605137
prune_fraction: 0.2
reference_size: 500
regrowth_method: gradient
rounds: 20
save_checkpoint: false
seed: 21
sparsity: 0.9
sparsity_init: random
split_dir: null
Saved merged config to: results/logs/cka_strength_sweep/cifar10_cka_strength_fixed_5605137/strength_1p0/seed_21/cka_feddst_cifar10_clients5_alpha0.3_sparsity0.9_cka1.0_seed21_20260802_054032_config.yaml
cuDNN disabled for this run.
Client label distributions:
  client 00: n=10151, labels=[68, 0, 4345, 758, 1058, 713, 0, 122, 882, 2205]
  client 01: n=10420, labels=[957, 2155, 26, 376, 2359, 483, 4054, 4, 6, 0]
  client 02: n= 7384, labels=[1406, 266, 313, 764, 191, 13, 184, 2, 3127, 1118]
  client 03: n=13329, labels=[2519, 2506, 245, 1146, 1341, 359, 6, 3254, 563, 1390]
  client 04: n= 8216, labels=[0, 23, 21, 1906, 1, 3382, 706, 1568, 372, 237]
Initial sparsity | total=0.9000 | active=61987/619872
Layer sparsity | conv1.weight:0.890046;conv2.weight:0.896973;conv3.weight:0.900798;fc1.weight:0.899969;fc2.weight:0.908594
Round 001 | train_loss=2.2110 | test_loss=2.3028 | test_acc=0.1000 | sparsity=0.9000 | cka=0 | targets=
Round 002 | train_loss=2.2107 | test_loss=2.3027 | test_acc=0.1000 | sparsity=0.9000 | cka=1 | targets=conv1.weight:0.900463;conv2.weight:0.899848;conv3.weight:0.899862;fc1.weight:0.900024
Round 003 | train_loss=2.2098 | test_loss=2.3028 | test_acc=0.1000 | sparsity=0.9000 | cka=0 | targets=conv1.weight:0.900463;conv2.weight:0.899848;conv3.weight:0.899862;fc1.weight:0.900024
Round 004 | train_loss=2.2096 | test_loss=2.3030 | test_acc=0.1000 | sparsity=0.9000 | cka=1 | targets=conv1.weight:0.899306;conv2.weight:0.899034;conv3.weight:0.899048;fc1.weight:0.900169
Round 005 | train_loss=2.2104 | test_loss=2.3033 | test_acc=0.1000 | sparsity=0.9000 | cka=0 | targets=conv1.weight:0.899306;conv2.weight:0.899034;conv3.weight:0.899048;fc1.weight:0.900169
Round 006 | train_loss=2.2105 | test_loss=2.3036 | test_acc=0.1000 | sparsity=0.9000 | cka=1 | targets=conv1.weight:0.899306;conv2.weight:0.899794;conv3.weight:0.899767;fc1.weight:0.900042
Round 007 | train_loss=2.2098 | test_loss=2.3039 | test_acc=0.1000 | sparsity=0.9000 | cka=0 | targets=conv1.weight:0.899306;conv2.weight:0.899794;conv3.weight:0.899767;fc1.weight:0.900042
Round 008 | train_loss=2.2095 | test_loss=2.3042 | test_acc=0.1000 | sparsity=0.9000 | cka=1 | targets=conv1.weight:0.898148;conv2.weight:0.898763;conv3.weight:0.898749;fc1.weight:0.900223
Round 009 | train_loss=2.2105 | test_loss=2.3045 | test_acc=0.1000 | sparsity=0.9000 | cka=0 | targets=conv1.weight:0.898148;conv2.weight:0.898763;conv3.weight:0.898749;fc1.weight:0.900223
Round 010 | train_loss=2.2104 | test_loss=2.3047 | test_acc=0.1000 | sparsity=0.9000 | cka=1 | targets=conv1.weight:0.899306;conv2.weight:0.899685;conv3.weight:0.899712;fc1.weight:0.900053
Round 011 | train_loss=2.2088 | test_loss=2.3049 | test_acc=0.1000 | sparsity=0.9000 | cka=0 | targets=conv1.weight:0.899306;conv2.weight:0.899685;conv3.weight:0.899712;fc1.weight:0.900053
Round 012 | train_loss=2.2078 | test_loss=2.3052 | test_acc=0.1000 | sparsity=0.9000 | cka=1 | targets=conv1.weight:0.898148;conv2.weight:0.898600;conv3.weight:0.898600;fc1.weight:0.900249
Round 013 | train_loss=2.2093 | test_loss=2.3053 | test_acc=0.1000 | sparsity=0.9000 | cka=0 | targets=conv1.weight:0.898148;conv2.weight:0.898600;conv3.weight:0.898600;fc1.weight:0.900249
Round 014 | train_loss=2.2084 | test_loss=2.3055 | test_acc=0.1000 | sparsity=0.9000 | cka=1 | targets=conv1.weight:0.899306;conv2.weight:0.899577;conv3.weight:0.899577;fc1.weight:0.900076
Round 015 | train_loss=2.2051 | test_loss=2.3057 | test_acc=0.1000 | sparsity=0.9000 | cka=0 | targets=conv1.weight:0.899306;conv2.weight:0.899577;conv3.weight:0.899577;fc1.weight:0.900076
Round 016 | train_loss=2.2015 | test_loss=2.3058 | test_acc=0.1000 | sparsity=0.9000 | cka=1 | targets=conv1.weight:0.899306;conv2.weight:0.899089;conv3.weight:0.899170;fc1.weight:0.900150
Round 017 | train_loss=2.2045 | test_loss=2.3059 | test_acc=0.1000 | sparsity=0.9000 | cka=0 | targets=conv1.weight:0.899306;conv2.weight:0.899089;conv3.weight:0.899170;fc1.weight:0.900150
Round 018 | train_loss=2.2017 | test_loss=2.3060 | test_acc=0.1000 | sparsity=0.9000 | cka=1 | targets=conv1.weight:0.899306;conv2.weight:0.899468;conv3.weight:0.899495;fc1.weight:0.900091
Round 019 | train_loss=2.1909 | test_loss=2.3060 | test_acc=0.1000 | sparsity=0.9000 | cka=0 | targets=conv1.weight:0.899306;conv2.weight:0.899468;conv3.weight:0.899495;fc1.weight:0.900091
Round 020 | train_loss=2.1682 | test_loss=2.3061 | test_acc=0.1000 | sparsity=0.9000 | cka=1 | targets=conv1.weight:0.899306;conv2.weight:0.899740;conv3.weight:0.899794;fc1.weight:0.900040
Saved training log to: results/logs/cka_strength_sweep/cifar10_cka_strength_fixed_5605137/strength_1p0/seed_21/cka_feddst_cifar10_clients5_alpha0.3_sparsity0.9_cka1.0_seed21_20260802_054032.csv
Saved CKA log to: results/logs/cka_strength_sweep/cifar10_cka_strength_fixed_5605137/strength_1p0/seed_21/cka_feddst_cifar10_clients5_alpha0.3_sparsity0.9_cka1.0_seed21_20260802_054032_cka.csv

[Run 120/125] suite=cka_strength method=cka_feddst seed=21 sparsity=0.95 cka_strength=1
Output log dir: results/logs/cka_strength_sweep/cifar10_cka_strength_fixed_5605137/strength_1p0/seed_21
Command: /mnt/aiongpfs/users/dsen/micromamba/envs/cka-cifar/bin/python -m src.train --global-config configs/global_cifar10.yaml --config configs/cka_feddst_mnist.yaml --seed 21 --sparsity 0.95 --cka-strength 1 --log-dir results/logs/cka_strength_sweep/cifar10_cka_strength_fixed_5605137/strength_1p0/seed_21 --checkpoint-dir results/checkpoints/cka_strength_sweep/cifar10_cka_strength_fixed_5605137/strength_1p0/seed_21 --plot-dir results/plots/cka_strength_sweep/cifar10_cka_strength_fixed_5605137
Final merged configuration:
alpha: 0.3
batch_size: 64
checkpoint_dir: results/checkpoints/cka_strength_sweep/cifar10_cka_strength_fixed_5605137/strength_1p0/seed_21
cka_interval: 2
cka_layers:
- conv1
- conv2
- conv3
- fc1
cka_max_sparsity: 0.95
cka_min_sparsity: 0.5
cka_strength: 1.0
data_check: false
data_dir: data
dataset: cifar10
device: auto
disable_cudnn: true
dry_run: false
eval_interval: 1
experiment_config_path: configs/cka_feddst_mnist.yaml
global_config_path: configs/global_cifar10.yaml
local_epochs: 1
log_cka: false
log_dir: results/logs/cka_strength_sweep/cifar10_cka_strength_fixed_5605137/strength_1p0/seed_21
lr: 0.01
mask_update_interval: 2
method: cka_feddst
model: cifar_cnn
num_clients: 5
num_workers: 2
output_dir: results
plot_dir: results/plots/cka_strength_sweep/cifar10_cka_strength_fixed_5605137
prune_fraction: 0.2
reference_size: 500
regrowth_method: gradient
rounds: 20
save_checkpoint: false
seed: 21
sparsity: 0.95
sparsity_init: random
split_dir: null
Saved merged config to: results/logs/cka_strength_sweep/cifar10_cka_strength_fixed_5605137/strength_1p0/seed_21/cka_feddst_cifar10_clients5_alpha0.3_sparsity0.95_cka1.0_seed21_20260802_054724_config.yaml
cuDNN disabled for this run.
Client label distributions:
  client 00: n=10151, labels=[68, 0, 4345, 758, 1058, 713, 0, 122, 882, 2205]
  client 01: n=10420, labels=[957, 2155, 26, 376, 2359, 483, 4054, 4, 6, 0]
  client 02: n= 7384, labels=[1406, 266, 313, 764, 191, 13, 184, 2, 3127, 1118]
  client 03: n=13329, labels=[2519, 2506, 245, 1146, 1341, 359, 6, 3254, 563, 1390]
  client 04: n= 8216, labels=[0, 23, 21, 1906, 1, 3382, 706, 1568, 372, 237]
Initial sparsity | total=0.9500 | active=30994/619872
Layer sparsity | conv1.weight:0.947917;conv2.weight:0.948459;conv3.weight:0.950602;fc1.weight:0.949945;fc2.weight:0.955469
Round 001 | train_loss=2.2115 | test_loss=2.3028 | test_acc=0.1000 | sparsity=0.9500 | cka=0 | targets=
Round 002 | train_loss=2.2113 | test_loss=2.3027 | test_acc=0.1000 | sparsity=0.9500 | cka=1 | targets=conv1.weight:0.949074;conv2.weight:0.949978;conv3.weight:0.949992;fc1.weight:0.949999
Round 003 | train_loss=2.2110 | test_loss=2.3028 | test_acc=0.1000 | sparsity=0.9500 | cka=0 | targets=conv1.weight:0.949074;conv2.weight:0.949978;conv3.weight:0.949992;fc1.weight:0.949999
Round 004 | train_loss=2.2111 | test_loss=2.3030 | test_acc=0.1000 | sparsity=0.9500 | cka=1 | targets=conv1.weight:0.949074;conv2.weight:0.949978;conv3.weight:0.949992;fc1.weight:0.949999
Round 005 | train_loss=2.2116 | test_loss=2.3033 | test_acc=0.1000 | sparsity=0.9500 | cka=0 | targets=conv1.weight:0.949074;conv2.weight:0.949978;conv3.weight:0.949992;fc1.weight:0.949999
Round 006 | train_loss=2.2118 | test_loss=2.3036 | test_acc=0.1000 | sparsity=0.9500 | cka=1 | targets=conv1.weight:0.949074;conv2.weight:0.949978;conv3.weight:0.949992;fc1.weight:0.949999
Round 007 | train_loss=2.2118 | test_loss=2.3039 | test_acc=0.1000 | sparsity=0.9500 | cka=0 | targets=conv1.weight:0.949074;conv2.weight:0.949978;conv3.weight:0.949992;fc1.weight:0.949999
Round 008 | train_loss=2.2119 | test_loss=2.3042 | test_acc=0.1000 | sparsity=0.9500 | cka=1 | targets=conv1.weight:0.949074;conv2.weight:0.949978;conv3.weight:0.949992;fc1.weight:0.949999
Round 009 | train_loss=2.2126 | test_loss=2.3045 | test_acc=0.1000 | sparsity=0.9500 | cka=0 | targets=conv1.weight:0.949074;conv2.weight:0.949978;conv3.weight:0.949992;fc1.weight:0.949999
Round 010 | train_loss=2.2127 | test_loss=2.3047 | test_acc=0.1000 | sparsity=0.9500 | cka=1 | targets=conv1.weight:0.949074;conv2.weight:0.949978;conv3.weight:0.949992;fc1.weight:0.949999
Round 011 | train_loss=2.2124 | test_loss=2.3049 | test_acc=0.1000 | sparsity=0.9500 | cka=0 | targets=conv1.weight:0.949074;conv2.weight:0.949978;conv3.weight:0.949992;fc1.weight:0.949999
Round 012 | train_loss=2.2124 | test_loss=2.3051 | test_acc=0.1000 | sparsity=0.9500 | cka=1 | targets=conv1.weight:0.949074;conv2.weight:0.949978;conv3.weight:0.949992;fc1.weight:0.949999
Round 013 | train_loss=2.2130 | test_loss=2.3053 | test_acc=0.1000 | sparsity=0.9500 | cka=0 | targets=conv1.weight:0.949074;conv2.weight:0.949978;conv3.weight:0.949992;fc1.weight:0.949999
Round 014 | train_loss=2.2130 | test_loss=2.3055 | test_acc=0.1000 | sparsity=0.9500 | cka=1 | targets=conv1.weight:0.949074;conv2.weight:0.949978;conv3.weight:0.949992;fc1.weight:0.949999
Round 015 | train_loss=2.2123 | test_loss=2.3056 | test_acc=0.1000 | sparsity=0.9500 | cka=0 | targets=conv1.weight:0.949074;conv2.weight:0.949978;conv3.weight:0.949992;fc1.weight:0.949999
Round 016 | train_loss=2.2121 | test_loss=2.3058 | test_acc=0.1000 | sparsity=0.9500 | cka=1 | targets=conv1.weight:0.949074;conv2.weight:0.949978;conv3.weight:0.949992;fc1.weight:0.949999
Round 017 | train_loss=2.2128 | test_loss=2.3059 | test_acc=0.1000 | sparsity=0.9500 | cka=0 | targets=conv1.weight:0.949074;conv2.weight:0.949978;conv3.weight:0.949992;fc1.weight:0.949999
Round 018 | train_loss=2.2125 | test_loss=2.3060 | test_acc=0.1000 | sparsity=0.9500 | cka=1 | targets=conv1.weight:0.949074;conv2.weight:0.949978;conv3.weight:0.949992;fc1.weight:0.949999
Round 019 | train_loss=2.2114 | test_loss=2.3060 | test_acc=0.1000 | sparsity=0.9500 | cka=0 | targets=conv1.weight:0.949074;conv2.weight:0.949978;conv3.weight:0.949992;fc1.weight:0.949999
Round 020 | train_loss=2.2107 | test_loss=2.3061 | test_acc=0.1000 | sparsity=0.9500 | cka=1 | targets=conv1.weight:0.949074;conv2.weight:0.949978;conv3.weight:0.949992;fc1.weight:0.949999
Saved training log to: results/logs/cka_strength_sweep/cifar10_cka_strength_fixed_5605137/strength_1p0/seed_21/cka_feddst_cifar10_clients5_alpha0.3_sparsity0.95_cka1.0_seed21_20260802_054724.csv
Saved CKA log to: results/logs/cka_strength_sweep/cifar10_cka_strength_fixed_5605137/strength_1p0/seed_21/cka_feddst_cifar10_clients5_alpha0.3_sparsity0.95_cka1.0_seed21_20260802_054724_cka.csv

[Run 121/125] suite=cka_strength method=cka_feddst seed=100 sparsity=0.5 cka_strength=1
Output log dir: results/logs/cka_strength_sweep/cifar10_cka_strength_fixed_5605137/strength_1p0/seed_100
Command: /mnt/aiongpfs/users/dsen/micromamba/envs/cka-cifar/bin/python -m src.train --global-config configs/global_cifar10.yaml --config configs/cka_feddst_mnist.yaml --seed 100 --sparsity 0.5 --cka-strength 1 --log-dir results/logs/cka_strength_sweep/cifar10_cka_strength_fixed_5605137/strength_1p0/seed_100 --checkpoint-dir results/checkpoints/cka_strength_sweep/cifar10_cka_strength_fixed_5605137/strength_1p0/seed_100 --plot-dir results/plots/cka_strength_sweep/cifar10_cka_strength_fixed_5605137
Final merged configuration:
alpha: 0.3
batch_size: 64
checkpoint_dir: results/checkpoints/cka_strength_sweep/cifar10_cka_strength_fixed_5605137/strength_1p0/seed_100
cka_interval: 2
cka_layers:
- conv1
- conv2
- conv3
- fc1
cka_max_sparsity: 0.95
cka_min_sparsity: 0.5
cka_strength: 1.0
data_check: false
data_dir: data
dataset: cifar10
device: auto
disable_cudnn: true
dry_run: false
eval_interval: 1
experiment_config_path: configs/cka_feddst_mnist.yaml
global_config_path: configs/global_cifar10.yaml
local_epochs: 1
log_cka: false
log_dir: results/logs/cka_strength_sweep/cifar10_cka_strength_fixed_5605137/strength_1p0/seed_100
lr: 0.01
mask_update_interval: 2
method: cka_feddst
model: cifar_cnn
num_clients: 5
num_workers: 2
output_dir: results
plot_dir: results/plots/cka_strength_sweep/cifar10_cka_strength_fixed_5605137
prune_fraction: 0.2
reference_size: 500
regrowth_method: gradient
rounds: 20
save_checkpoint: false
seed: 100
sparsity: 0.5
sparsity_init: random
split_dir: null
Saved merged config to: results/logs/cka_strength_sweep/cifar10_cka_strength_fixed_5605137/strength_1p0/seed_100/cka_feddst_cifar10_clients5_alpha0.3_sparsity0.5_cka1.0_seed100_20260802_055510_config.yaml
cuDNN disabled for this run.
Client label distributions:
  client 00: n= 6485, labels=[2604, 0, 589, 2, 2, 5, 173, 2831, 8, 271]
  client 01: n= 9836, labels=[30, 0, 237, 3053, 347, 2329, 15, 2008, 2, 1815]
  client 02: n= 9670, labels=[180, 2324, 0, 407, 463, 481, 1656, 64, 4094, 1]
  client 03: n= 6110, labels=[2074, 92, 1, 1395, 1095, 27, 832, 24, 30, 540]
  client 04: n=17399, labels=[62, 2534, 4123, 93, 3043, 2108, 2274, 23, 816, 2323]
Initial sparsity | total=0.5000 | active=309936/619872
Layer sparsity | conv1.weight:0.535880;conv2.weight:0.500651;conv3.weight:0.499769;fc1.weight:0.499912;fc2.weight:0.507812
Round 001 | train_loss=1.9797 | test_loss=2.3196 | test_acc=0.1490 | sparsity=0.5000 | cka=0 | targets=
Round 002 | train_loss=1.7043 | test_loss=2.4374 | test_acc=0.1617 | sparsity=0.5000 | cka=1 | targets=conv1.weight:0.500000;conv2.weight:0.500000;conv3.weight:0.500000;fc1.weight:0.500000
Round 003 | train_loss=1.6586 | test_loss=2.3887 | test_acc=0.1813 | sparsity=0.5000 | cka=0 | targets=conv1.weight:0.500000;conv2.weight:0.500000;conv3.weight:0.500000;fc1.weight:0.500000
Round 004 | train_loss=1.6460 | test_loss=2.4148 | test_acc=0.1790 | sparsity=0.5000 | cka=1 | targets=conv1.weight:0.500000;conv2.weight:0.500000;conv3.weight:0.500000;fc1.weight:0.500000
Round 005 | train_loss=1.6351 | test_loss=2.3875 | test_acc=0.1863 | sparsity=0.5000 | cka=0 | targets=conv1.weight:0.500000;conv2.weight:0.500000;conv3.weight:0.500000;fc1.weight:0.500000
Round 006 | train_loss=1.6162 | test_loss=2.3687 | test_acc=0.1907 | sparsity=0.5000 | cka=1 | targets=conv1.weight:0.500000;conv2.weight:0.500000;conv3.weight:0.500000;fc1.weight:0.500000
Round 007 | train_loss=1.6129 | test_loss=2.3234 | test_acc=0.1942 | sparsity=0.5000 | cka=0 | targets=conv1.weight:0.500000;conv2.weight:0.500000;conv3.weight:0.500000;fc1.weight:0.500000
Round 008 | train_loss=1.5927 | test_loss=2.3228 | test_acc=0.2015 | sparsity=0.5000 | cka=1 | targets=conv1.weight:0.500000;conv2.weight:0.500000;conv3.weight:0.500000;fc1.weight:0.500000
Round 009 | train_loss=1.5769 | test_loss=2.3041 | test_acc=0.2133 | sparsity=0.5000 | cka=0 | targets=conv1.weight:0.500000;conv2.weight:0.500000;conv3.weight:0.500000;fc1.weight:0.500000
Round 010 | train_loss=1.5540 | test_loss=2.2495 | test_acc=0.2151 | sparsity=0.5000 | cka=1 | targets=conv1.weight:0.500000;conv2.weight:0.500000;conv3.weight:0.500000;fc1.weight:0.500000
Round 011 | train_loss=1.5467 | test_loss=2.1544 | test_acc=0.2315 | sparsity=0.5000 | cka=0 | targets=conv1.weight:0.500000;conv2.weight:0.500000;conv3.weight:0.500000;fc1.weight:0.500000
Round 012 | train_loss=1.5088 | test_loss=2.1850 | test_acc=0.2268 | sparsity=0.5000 | cka=1 | targets=conv1.weight:0.500000;conv2.weight:0.500000;conv3.weight:0.500000;fc1.weight:0.500000
Round 013 | train_loss=1.4813 | test_loss=2.0599 | test_acc=0.2603 | sparsity=0.5000 | cka=0 | targets=conv1.weight:0.500000;conv2.weight:0.500000;conv3.weight:0.500000;fc1.weight:0.500000
Round 014 | train_loss=1.4445 | test_loss=2.0325 | test_acc=0.2692 | sparsity=0.5000 | cka=1 | targets=conv1.weight:0.500000;conv2.weight:0.500000;conv3.weight:0.500000;fc1.weight:0.500000
Round 015 | train_loss=1.4345 | test_loss=1.9393 | test_acc=0.2960 | sparsity=0.5000 | cka=0 | targets=conv1.weight:0.500000;conv2.weight:0.500000;conv3.weight:0.500000;fc1.weight:0.500000
Round 016 | train_loss=1.3928 | test_loss=1.9322 | test_acc=0.3031 | sparsity=0.5000 | cka=1 | targets=conv1.weight:0.500000;conv2.weight:0.500000;conv3.weight:0.500000;fc1.weight:0.500000
Round 017 | train_loss=1.3614 | test_loss=1.9119 | test_acc=0.3035 | sparsity=0.5000 | cka=0 | targets=conv1.weight:0.500000;conv2.weight:0.500000;conv3.weight:0.500000;fc1.weight:0.500000
Round 018 | train_loss=1.3375 | test_loss=1.8847 | test_acc=0.3156 | sparsity=0.5000 | cka=1 | targets=conv1.weight:0.500000;conv2.weight:0.500000;conv3.weight:0.500000;fc1.weight:0.500000
Round 019 | train_loss=1.3267 | test_loss=1.8836 | test_acc=0.3121 | sparsity=0.5000 | cka=0 | targets=conv1.weight:0.500000;conv2.weight:0.500000;conv3.weight:0.500000;fc1.weight:0.500000
Round 020 | train_loss=1.2993 | test_loss=1.8230 | test_acc=0.3282 | sparsity=0.5000 | cka=1 | targets=conv1.weight:0.500000;conv2.weight:0.500000;conv3.weight:0.500000;fc1.weight:0.500000
Saved training log to: results/logs/cka_strength_sweep/cifar10_cka_strength_fixed_5605137/strength_1p0/seed_100/cka_feddst_cifar10_clients5_alpha0.3_sparsity0.5_cka1.0_seed100_20260802_055510.csv
Saved CKA log to: results/logs/cka_strength_sweep/cifar10_cka_strength_fixed_5605137/strength_1p0/seed_100/cka_feddst_cifar10_clients5_alpha0.3_sparsity0.5_cka1.0_seed100_20260802_055510_cka.csv

[Run 122/125] suite=cka_strength method=cka_feddst seed=100 sparsity=0.7 cka_strength=1
Output log dir: results/logs/cka_strength_sweep/cifar10_cka_strength_fixed_5605137/strength_1p0/seed_100
Command: /mnt/aiongpfs/users/dsen/micromamba/envs/cka-cifar/bin/python -m src.train --global-config configs/global_cifar10.yaml --config configs/cka_feddst_mnist.yaml --seed 100 --sparsity 0.7 --cka-strength 1 --log-dir results/logs/cka_strength_sweep/cifar10_cka_strength_fixed_5605137/strength_1p0/seed_100 --checkpoint-dir results/checkpoints/cka_strength_sweep/cifar10_cka_strength_fixed_5605137/strength_1p0/seed_100 --plot-dir results/plots/cka_strength_sweep/cifar10_cka_strength_fixed_5605137
Final merged configuration:
alpha: 0.3
batch_size: 64
checkpoint_dir: results/checkpoints/cka_strength_sweep/cifar10_cka_strength_fixed_5605137/strength_1p0/seed_100
cka_interval: 2
cka_layers:
- conv1
- conv2
- conv3
- fc1
cka_max_sparsity: 0.95
cka_min_sparsity: 0.5
cka_strength: 1.0
data_check: false
data_dir: data
dataset: cifar10
device: auto
disable_cudnn: true
dry_run: false
eval_interval: 1
experiment_config_path: configs/cka_feddst_mnist.yaml
global_config_path: configs/global_cifar10.yaml
local_epochs: 1
log_cka: false
log_dir: results/logs/cka_strength_sweep/cifar10_cka_strength_fixed_5605137/strength_1p0/seed_100
lr: 0.01
mask_update_interval: 2
method: cka_feddst
model: cifar_cnn
num_clients: 5
num_workers: 2
output_dir: results
plot_dir: results/plots/cka_strength_sweep/cifar10_cka_strength_fixed_5605137
prune_fraction: 0.2
reference_size: 500
regrowth_method: gradient
rounds: 20
save_checkpoint: false
seed: 100
sparsity: 0.7
sparsity_init: random
split_dir: null
Saved merged config to: results/logs/cka_strength_sweep/cifar10_cka_strength_fixed_5605137/strength_1p0/seed_100/cka_feddst_cifar10_clients5_alpha0.3_sparsity0.7_cka1.0_seed100_20260802_060248_config.yaml
cuDNN disabled for this run.
Client label distributions:
  client 00: n= 6485, labels=[2604, 0, 589, 2, 2, 5, 173, 2831, 8, 271]
  client 01: n= 9836, labels=[30, 0, 237, 3053, 347, 2329, 15, 2008, 2, 1815]
  client 02: n= 9670, labels=[180, 2324, 0, 407, 463, 481, 1656, 64, 4094, 1]
  client 03: n= 6110, labels=[2074, 92, 1, 1395, 1095, 27, 832, 24, 30, 540]
  client 04: n=17399, labels=[62, 2534, 4123, 93, 3043, 2108, 2274, 23, 816, 2323]
Initial sparsity | total=0.7000 | active=185962/619872
Layer sparsity | conv1.weight:0.723380;conv2.weight:0.702962;conv3.weight:0.701280;fc1.weight:0.699663;fc2.weight:0.702734
Round 001 | train_loss=2.1994 | test_loss=2.3033 | test_acc=0.1000 | sparsity=0.7000 | cka=0 | targets=
Round 002 | train_loss=2.1273 | test_loss=2.3058 | test_acc=0.1214 | sparsity=0.7000 | cka=1 | targets=conv1.weight:0.697917;conv2.weight:0.697645;conv3.weight:0.697713;fc1.weight:0.700407
Round 003 | train_loss=1.7656 | test_loss=2.4118 | test_acc=0.1459 | sparsity=0.7000 | cka=0 | targets=conv1.weight:0.697917;conv2.weight:0.697645;conv3.weight:0.697713;fc1.weight:0.700407
Round 004 | train_loss=1.6731 | test_loss=2.3223 | test_acc=0.1705 | sparsity=0.7000 | cka=1 | targets=conv1.weight:0.697917;conv2.weight:0.698188;conv3.weight:0.698215;fc1.weight:0.700317
Round 005 | train_loss=1.6704 | test_loss=2.4033 | test_acc=0.1797 | sparsity=0.7000 | cka=0 | targets=conv1.weight:0.697917;conv2.weight:0.698188;conv3.weight:0.698215;fc1.weight:0.700317
Round 006 | train_loss=1.6428 | test_loss=2.4017 | test_acc=0.1822 | sparsity=0.7000 | cka=1 | targets=conv1.weight:0.697917;conv2.weight:0.698025;conv3.weight:0.698039;fc1.weight:0.700348
Round 007 | train_loss=1.6397 | test_loss=2.3856 | test_acc=0.1835 | sparsity=0.7000 | cka=0 | targets=conv1.weight:0.697917;conv2.weight:0.698025;conv3.weight:0.698039;fc1.weight:0.700348
Round 008 | train_loss=1.6279 | test_loss=2.4004 | test_acc=0.1834 | sparsity=0.7000 | cka=1 | targets=conv1.weight:0.696759;conv2.weight:0.696398;conv3.weight:0.696438;fc1.weight:0.700632
Round 009 | train_loss=1.6214 | test_loss=2.3845 | test_acc=0.1873 | sparsity=0.7000 | cka=0 | targets=conv1.weight:0.696759;conv2.weight:0.696398;conv3.weight:0.696438;fc1.weight:0.700632
Round 010 | train_loss=1.6118 | test_loss=2.3533 | test_acc=0.1894 | sparsity=0.7000 | cka=1 | targets=conv1.weight:0.696759;conv2.weight:0.696994;conv3.weight:0.696967;fc1.weight:0.700537
Round 011 | train_loss=1.6112 | test_loss=2.3043 | test_acc=0.1937 | sparsity=0.7000 | cka=0 | targets=conv1.weight:0.696759;conv2.weight:0.696994;conv3.weight:0.696967;fc1.weight:0.700537
Round 012 | train_loss=1.5950 | test_loss=2.3407 | test_acc=0.1942 | sparsity=0.7000 | cka=1 | targets=conv1.weight:0.696759;conv2.weight:0.696235;conv3.weight:0.696248;fc1.weight:0.700665
Round 013 | train_loss=1.5912 | test_loss=2.2967 | test_acc=0.2069 | sparsity=0.7000 | cka=0 | targets=conv1.weight:0.696759;conv2.weight:0.696235;conv3.weight:0.696248;fc1.weight:0.700665
Round 014 | train_loss=1.5781 | test_loss=2.3122 | test_acc=0.1969 | sparsity=0.7000 | cka=1 | targets=conv1.weight:0.696759;conv2.weight:0.696669;conv3.weight:0.696682;fc1.weight:0.700588
Round 015 | train_loss=1.5800 | test_loss=2.2498 | test_acc=0.2066 | sparsity=0.7000 | cka=0 | targets=conv1.weight:0.696759;conv2.weight:0.696669;conv3.weight:0.696682;fc1.weight:0.700588
Round 016 | train_loss=1.5621 | test_loss=2.2880 | test_acc=0.2033 | sparsity=0.7000 | cka=1 | targets=conv1.weight:0.694444;conv2.weight:0.695095;conv3.weight:0.695150;fc1.weight:0.700863
Round 017 | train_loss=1.5501 | test_loss=2.2639 | test_acc=0.2071 | sparsity=0.7000 | cka=0 | targets=conv1.weight:0.694444;conv2.weight:0.695095;conv3.weight:0.695150;fc1.weight:0.700863
Round 018 | train_loss=1.5377 | test_loss=2.2508 | test_acc=0.1998 | sparsity=0.7000 | cka=1 | targets=conv1.weight:0.694444;conv2.weight:0.695150;conv3.weight:0.695190;fc1.weight:0.700855
Round 019 | train_loss=1.5375 | test_loss=2.2255 | test_acc=0.2031 | sparsity=0.7000 | cka=0 | targets=conv1.weight:0.694444;conv2.weight:0.695150;conv3.weight:0.695190;fc1.weight:0.700855
Round 020 | train_loss=1.5143 | test_loss=2.1885 | test_acc=0.2148 | sparsity=0.7000 | cka=1 | targets=conv1.weight:0.692130;conv2.weight:0.692708;conv3.weight:0.693075;fc1.weight:0.701242
Saved training log to: results/logs/cka_strength_sweep/cifar10_cka_strength_fixed_5605137/strength_1p0/seed_100/cka_feddst_cifar10_clients5_alpha0.3_sparsity0.7_cka1.0_seed100_20260802_060248.csv
Saved CKA log to: results/logs/cka_strength_sweep/cifar10_cka_strength_fixed_5605137/strength_1p0/seed_100/cka_feddst_cifar10_clients5_alpha0.3_sparsity0.7_cka1.0_seed100_20260802_060248_cka.csv

[Run 123/125] suite=cka_strength method=cka_feddst seed=100 sparsity=0.8 cka_strength=1
Output log dir: results/logs/cka_strength_sweep/cifar10_cka_strength_fixed_5605137/strength_1p0/seed_100
Command: /mnt/aiongpfs/users/dsen/micromamba/envs/cka-cifar/bin/python -m src.train --global-config configs/global_cifar10.yaml --config configs/cka_feddst_mnist.yaml --seed 100 --sparsity 0.8 --cka-strength 1 --log-dir results/logs/cka_strength_sweep/cifar10_cka_strength_fixed_5605137/strength_1p0/seed_100 --checkpoint-dir results/checkpoints/cka_strength_sweep/cifar10_cka_strength_fixed_5605137/strength_1p0/seed_100 --plot-dir results/plots/cka_strength_sweep/cifar10_cka_strength_fixed_5605137
Final merged configuration:
alpha: 0.3
batch_size: 64
checkpoint_dir: results/checkpoints/cka_strength_sweep/cifar10_cka_strength_fixed_5605137/strength_1p0/seed_100
cka_interval: 2
cka_layers:
- conv1
- conv2
- conv3
- fc1
cka_max_sparsity: 0.95
cka_min_sparsity: 0.5
cka_strength: 1.0
data_check: false
data_dir: data
dataset: cifar10
device: auto
disable_cudnn: true
dry_run: false
eval_interval: 1
experiment_config_path: configs/cka_feddst_mnist.yaml
global_config_path: configs/global_cifar10.yaml
local_epochs: 1
log_cka: false
log_dir: results/logs/cka_strength_sweep/cifar10_cka_strength_fixed_5605137/strength_1p0/seed_100
lr: 0.01
mask_update_interval: 2
method: cka_feddst
model: cifar_cnn
num_clients: 5
num_workers: 2
output_dir: results
plot_dir: results/plots/cka_strength_sweep/cifar10_cka_strength_fixed_5605137
prune_fraction: 0.2
reference_size: 500
regrowth_method: gradient
rounds: 20
save_checkpoint: false
seed: 100
sparsity: 0.8
sparsity_init: random
split_dir: null
Saved merged config to: results/logs/cka_strength_sweep/cifar10_cka_strength_fixed_5605137/strength_1p0/seed_100/cka_feddst_cifar10_clients5_alpha0.3_sparsity0.8_cka1.0_seed100_20260802_061027_config.yaml
cuDNN disabled for this run.
Client label distributions:
  client 00: n= 6485, labels=[2604, 0, 589, 2, 2, 5, 173, 2831, 8, 271]
  client 01: n= 9836, labels=[30, 0, 237, 3053, 347, 2329, 15, 2008, 2, 1815]
  client 02: n= 9670, labels=[180, 2324, 0, 407, 463, 481, 1656, 64, 4094, 1]
  client 03: n= 6110, labels=[2074, 92, 1, 1395, 1095, 27, 832, 24, 30, 540]
  client 04: n=17399, labels=[62, 2534, 4123, 93, 3043, 2108, 2274, 23, 816, 2323]
Initial sparsity | total=0.8000 | active=123974/619872
Layer sparsity | conv1.weight:0.815972;conv2.weight:0.802734;conv3.weight:0.801731;fc1.weight:0.799652;fc2.weight:0.796484
Round 001 | train_loss=2.2113 | test_loss=2.3036 | test_acc=0.1000 | sparsity=0.8000 | cka=0 | targets=
Round 002 | train_loss=2.2112 | test_loss=2.3049 | test_acc=0.1000 | sparsity=0.8000 | cka=1 | targets=conv1.weight:0.798611;conv2.weight:0.798557;conv3.weight:0.798557;fc1.weight:0.800257
Round 003 | train_loss=2.1982 | test_loss=2.3067 | test_acc=0.1000 | sparsity=0.8000 | cka=0 | targets=conv1.weight:0.798611;conv2.weight:0.798557;conv3.weight:0.798557;fc1.weight:0.800257
Round 004 | train_loss=1.9615 | test_loss=2.3218 | test_acc=0.1427 | sparsity=0.8000 | cka=1 | targets=conv1.weight:0.798611;conv2.weight:0.798286;conv3.weight:0.798286;fc1.weight:0.800304
Round 005 | train_loss=1.7599 | test_loss=2.4397 | test_acc=0.1601 | sparsity=0.8000 | cka=0 | targets=conv1.weight:0.798611;conv2.weight:0.798286;conv3.weight:0.798286;fc1.weight:0.800304
Round 006 | train_loss=1.6660 | test_loss=2.4064 | test_acc=0.1712 | sparsity=0.8000 | cka=1 | targets=conv1.weight:0.799769;conv2.weight:0.799371;conv3.weight:0.799411;fc1.weight:0.800106
Round 007 | train_loss=1.6524 | test_loss=2.4096 | test_acc=0.1786 | sparsity=0.8000 | cka=0 | targets=conv1.weight:0.799769;conv2.weight:0.799371;conv3.weight:0.799411;fc1.weight:0.800106
Round 008 | train_loss=1.6389 | test_loss=2.3987 | test_acc=0.1812 | sparsity=0.8000 | cka=1 | targets=conv1.weight:0.798611;conv2.weight:0.798665;conv3.weight:0.798706;fc1.weight:0.800232
Round 009 | train_loss=1.6329 | test_loss=2.3786 | test_acc=0.1856 | sparsity=0.8000 | cka=0 | targets=conv1.weight:0.798611;conv2.weight:0.798665;conv3.weight:0.798706;fc1.weight:0.800232
Round 010 | train_loss=1.6224 | test_loss=2.3548 | test_acc=0.1854 | sparsity=0.8000 | cka=1 | targets=conv1.weight:0.798611;conv2.weight:0.798448;conv3.weight:0.798475;fc1.weight:0.800272
Round 011 | train_loss=1.6163 | test_loss=2.3280 | test_acc=0.1921 | sparsity=0.8000 | cka=0 | targets=conv1.weight:0.798611;conv2.weight:0.798448;conv3.weight:0.798475;fc1.weight:0.800272
Round 012 | train_loss=1.6020 | test_loss=2.3572 | test_acc=0.1897 | sparsity=0.8000 | cka=1 | targets=conv1.weight:0.797454;conv2.weight:0.798014;conv3.weight:0.798028;fc1.weight:0.800352
Round 013 | train_loss=1.6014 | test_loss=2.2966 | test_acc=0.1988 | sparsity=0.8000 | cka=0 | targets=conv1.weight:0.797454;conv2.weight:0.798014;conv3.weight:0.798028;fc1.weight:0.800352
Round 014 | train_loss=1.5882 | test_loss=2.3379 | test_acc=0.1918 | sparsity=0.8000 | cka=1 | targets=conv1.weight:0.797454;conv2.weight:0.797852;conv3.weight:0.797852;fc1.weight:0.800383
Round 015 | train_loss=1.5861 | test_loss=2.2892 | test_acc=0.1985 | sparsity=0.8000 | cka=0 | targets=conv1.weight:0.797454;conv2.weight:0.797852;conv3.weight:0.797852;fc1.weight:0.800383
Round 016 | train_loss=1.5713 | test_loss=2.3271 | test_acc=0.1965 | sparsity=0.8000 | cka=1 | targets=conv1.weight:0.796296;conv2.weight:0.797201;conv3.weight:0.797268;fc1.weight:0.800489
Round 017 | train_loss=1.5660 | test_loss=2.2806 | test_acc=0.1983 | sparsity=0.8000 | cka=0 | targets=conv1.weight:0.796296;conv2.weight:0.797201;conv3.weight:0.797268;fc1.weight:0.800489
Round 018 | train_loss=1.5570 | test_loss=2.3094 | test_acc=0.1920 | sparsity=0.8000 | cka=1 | targets=conv1.weight:0.795139;conv2.weight:0.796712;conv3.weight:0.796726;fc1.weight:0.800585
Round 019 | train_loss=1.5531 | test_loss=2.2877 | test_acc=0.1981 | sparsity=0.8000 | cka=0 | targets=conv1.weight:0.795139;conv2.weight:0.796712;conv3.weight:0.796726;fc1.weight:0.800585
Round 020 | train_loss=1.5414 | test_loss=2.2730 | test_acc=0.2071 | sparsity=0.8000 | cka=1 | targets=conv1.weight:0.793981;conv2.weight:0.795519;conv3.weight:0.795709;fc1.weight:0.800772
Saved training log to: results/logs/cka_strength_sweep/cifar10_cka_strength_fixed_5605137/strength_1p0/seed_100/cka_feddst_cifar10_clients5_alpha0.3_sparsity0.8_cka1.0_seed100_20260802_061027.csv
Saved CKA log to: results/logs/cka_strength_sweep/cifar10_cka_strength_fixed_5605137/strength_1p0/seed_100/cka_feddst_cifar10_clients5_alpha0.3_sparsity0.8_cka1.0_seed100_20260802_061027_cka.csv

[Run 124/125] suite=cka_strength method=cka_feddst seed=100 sparsity=0.9 cka_strength=1
Output log dir: results/logs/cka_strength_sweep/cifar10_cka_strength_fixed_5605137/strength_1p0/seed_100
Command: /mnt/aiongpfs/users/dsen/micromamba/envs/cka-cifar/bin/python -m src.train --global-config configs/global_cifar10.yaml --config configs/cka_feddst_mnist.yaml --seed 100 --sparsity 0.9 --cka-strength 1 --log-dir results/logs/cka_strength_sweep/cifar10_cka_strength_fixed_5605137/strength_1p0/seed_100 --checkpoint-dir results/checkpoints/cka_strength_sweep/cifar10_cka_strength_fixed_5605137/strength_1p0/seed_100 --plot-dir results/plots/cka_strength_sweep/cifar10_cka_strength_fixed_5605137
Final merged configuration:
alpha: 0.3
batch_size: 64
checkpoint_dir: results/checkpoints/cka_strength_sweep/cifar10_cka_strength_fixed_5605137/strength_1p0/seed_100
cka_interval: 2
cka_layers:
- conv1
- conv2
- conv3
- fc1
cka_max_sparsity: 0.95
cka_min_sparsity: 0.5
cka_strength: 1.0
data_check: false
data_dir: data
dataset: cifar10
device: auto
disable_cudnn: true
dry_run: false
eval_interval: 1
experiment_config_path: configs/cka_feddst_mnist.yaml
global_config_path: configs/global_cifar10.yaml
local_epochs: 1
log_cka: false
log_dir: results/logs/cka_strength_sweep/cifar10_cka_strength_fixed_5605137/strength_1p0/seed_100
lr: 0.01
mask_update_interval: 2
method: cka_feddst
model: cifar_cnn
num_clients: 5
num_workers: 2
output_dir: results
plot_dir: results/plots/cka_strength_sweep/cifar10_cka_strength_fixed_5605137
prune_fraction: 0.2
reference_size: 500
regrowth_method: gradient
rounds: 20
save_checkpoint: false
seed: 100
sparsity: 0.9
sparsity_init: random
split_dir: null
Saved merged config to: results/logs/cka_strength_sweep/cifar10_cka_strength_fixed_5605137/strength_1p0/seed_100/cka_feddst_cifar10_clients5_alpha0.3_sparsity0.9_cka1.0_seed100_20260802_061730_config.yaml
cuDNN disabled for this run.
Client label distributions:
  client 00: n= 6485, labels=[2604, 0, 589, 2, 2, 5, 173, 2831, 8, 271]
  client 01: n= 9836, labels=[30, 0, 237, 3053, 347, 2329, 15, 2008, 2, 1815]
  client 02: n= 9670, labels=[180, 2324, 0, 407, 463, 481, 1656, 64, 4094, 1]
  client 03: n= 6110, labels=[2074, 92, 1, 1395, 1095, 27, 832, 24, 30, 540]
  client 04: n=17399, labels=[62, 2534, 4123, 93, 3043, 2108, 2274, 23, 816, 2323]
Initial sparsity | total=0.9000 | active=61987/619872
Layer sparsity | conv1.weight:0.895833;conv2.weight:0.897569;conv3.weight:0.899129;fc1.weight:0.900221;fc2.weight:0.898828
Round 001 | train_loss=2.2142 | test_loss=2.3038 | test_acc=0.1000 | sparsity=0.9000 | cka=0 | targets=
Round 002 | train_loss=2.2154 | test_loss=2.3051 | test_acc=0.1000 | sparsity=0.9000 | cka=1 | targets=conv1.weight:0.899306;conv2.weight:0.899577;conv3.weight:0.899604;fc1.weight:0.900072
Round 003 | train_loss=2.2163 | test_loss=2.3069 | test_acc=0.1000 | sparsity=0.9000 | cka=0 | targets=conv1.weight:0.899306;conv2.weight:0.899577;conv3.weight:0.899604;fc1.weight:0.900072
Round 004 | train_loss=2.2180 | test_loss=2.3089 | test_acc=0.1000 | sparsity=0.9000 | cka=1 | targets=conv1.weight:0.899306;conv2.weight:0.899034;conv3.weight:0.899048;fc1.weight:0.900169
Round 005 | train_loss=2.2209 | test_loss=2.3110 | test_acc=0.1000 | sparsity=0.9000 | cka=0 | targets=conv1.weight:0.899306;conv2.weight:0.899034;conv3.weight:0.899048;fc1.weight:0.900169
Round 006 | train_loss=2.2229 | test_loss=2.3130 | test_acc=0.1000 | sparsity=0.9000 | cka=1 | targets=conv1.weight:0.899306;conv2.weight:0.899468;conv3.weight:0.899495;fc1.weight:0.900091
Round 007 | train_loss=2.2237 | test_loss=2.3150 | test_acc=0.1000 | sparsity=0.9000 | cka=0 | targets=conv1.weight:0.899306;conv2.weight:0.899468;conv3.weight:0.899495;fc1.weight:0.900091
Round 008 | train_loss=2.2247 | test_loss=2.3167 | test_acc=0.1000 | sparsity=0.9000 | cka=1 | targets=conv1.weight:0.899306;conv2.weight:0.898980;conv3.weight:0.899007;fc1.weight:0.900177
Round 009 | train_loss=2.2276 | test_loss=2.3184 | test_acc=0.1000 | sparsity=0.9000 | cka=0 | targets=conv1.weight:0.899306;conv2.weight:0.898980;conv3.weight:0.899007;fc1.weight:0.900177
Round 010 | train_loss=2.2287 | test_loss=2.3198 | test_acc=0.1000 | sparsity=0.9000 | cka=1 | targets=conv1.weight:0.899306;conv2.weight:0.899197;conv3.weight:0.899224;fc1.weight:0.900139
Round 011 | train_loss=2.2277 | test_loss=2.3212 | test_acc=0.1000 | sparsity=0.9000 | cka=0 | targets=conv1.weight:0.899306;conv2.weight:0.899197;conv3.weight:0.899224;fc1.weight:0.900139
Round 012 | train_loss=2.2268 | test_loss=2.3223 | test_acc=0.1000 | sparsity=0.9000 | cka=1 | targets=conv1.weight:0.899306;conv2.weight:0.899197;conv3.weight:0.899251;fc1.weight:0.900135
Round 013 | train_loss=2.2301 | test_loss=2.3235 | test_acc=0.1000 | sparsity=0.9000 | cka=0 | targets=conv1.weight:0.899306;conv2.weight:0.899197;conv3.weight:0.899251;fc1.weight:0.900135
Round 014 | train_loss=2.2299 | test_loss=2.3244 | test_acc=0.1000 | sparsity=0.9000 | cka=1 | targets=conv1.weight:0.898148;conv2.weight:0.898763;conv3.weight:0.898749;fc1.weight:0.900223
Round 015 | train_loss=2.2253 | test_loss=2.3255 | test_acc=0.1000 | sparsity=0.9000 | cka=0 | targets=conv1.weight:0.898148;conv2.weight:0.898763;conv3.weight:0.898749;fc1.weight:0.900223
Round 016 | train_loss=2.2183 | test_loss=2.3264 | test_acc=0.1000 | sparsity=0.9000 | cka=1 | targets=conv1.weight:0.899306;conv2.weight:0.899631;conv3.weight:0.899685;fc1.weight:0.900059
Round 017 | train_loss=2.2247 | test_loss=2.3278 | test_acc=0.1000 | sparsity=0.9000 | cka=0 | targets=conv1.weight:0.899306;conv2.weight:0.899631;conv3.weight:0.899685;fc1.weight:0.900059
Round 018 | train_loss=2.2194 | test_loss=2.3287 | test_acc=0.1000 | sparsity=0.9000 | cka=1 | targets=conv1.weight:0.899306;conv2.weight:0.899306;conv3.weight:0.899360;fc1.weight:0.900116
Round 019 | train_loss=2.1870 | test_loss=2.3333 | test_acc=0.1000 | sparsity=0.9000 | cka=0 | targets=conv1.weight:0.899306;conv2.weight:0.899306;conv3.weight:0.899360;fc1.weight:0.900116
Round 020 | train_loss=2.0120 | test_loss=2.3529 | test_acc=0.1425 | sparsity=0.9000 | cka=1 | targets=conv1.weight:0.899306;conv2.weight:0.899523;conv3.weight:0.899563;fc1.weight:0.900080
Saved training log to: results/logs/cka_strength_sweep/cifar10_cka_strength_fixed_5605137/strength_1p0/seed_100/cka_feddst_cifar10_clients5_alpha0.3_sparsity0.9_cka1.0_seed100_20260802_061730.csv
Saved CKA log to: results/logs/cka_strength_sweep/cifar10_cka_strength_fixed_5605137/strength_1p0/seed_100/cka_feddst_cifar10_clients5_alpha0.3_sparsity0.9_cka1.0_seed100_20260802_061730_cka.csv

[Run 125/125] suite=cka_strength method=cka_feddst seed=100 sparsity=0.95 cka_strength=1
Output log dir: results/logs/cka_strength_sweep/cifar10_cka_strength_fixed_5605137/strength_1p0/seed_100
Command: /mnt/aiongpfs/users/dsen/micromamba/envs/cka-cifar/bin/python -m src.train --global-config configs/global_cifar10.yaml --config configs/cka_feddst_mnist.yaml --seed 100 --sparsity 0.95 --cka-strength 1 --log-dir results/logs/cka_strength_sweep/cifar10_cka_strength_fixed_5605137/strength_1p0/seed_100 --checkpoint-dir results/checkpoints/cka_strength_sweep/cifar10_cka_strength_fixed_5605137/strength_1p0/seed_100 --plot-dir results/plots/cka_strength_sweep/cifar10_cka_strength_fixed_5605137
Final merged configuration:
alpha: 0.3
batch_size: 64
checkpoint_dir: results/checkpoints/cka_strength_sweep/cifar10_cka_strength_fixed_5605137/strength_1p0/seed_100
cka_interval: 2
cka_layers:
- conv1
- conv2
- conv3
- fc1
cka_max_sparsity: 0.95
cka_min_sparsity: 0.5
cka_strength: 1.0
data_check: false
data_dir: data
dataset: cifar10
device: auto
disable_cudnn: true
dry_run: false
eval_interval: 1
experiment_config_path: configs/cka_feddst_mnist.yaml
global_config_path: configs/global_cifar10.yaml
local_epochs: 1
log_cka: false
log_dir: results/logs/cka_strength_sweep/cifar10_cka_strength_fixed_5605137/strength_1p0/seed_100
lr: 0.01
mask_update_interval: 2
method: cka_feddst
model: cifar_cnn
num_clients: 5
num_workers: 2
output_dir: results
plot_dir: results/plots/cka_strength_sweep/cifar10_cka_strength_fixed_5605137
prune_fraction: 0.2
reference_size: 500
regrowth_method: gradient
rounds: 20
save_checkpoint: false
seed: 100
sparsity: 0.95
sparsity_init: random
split_dir: null
Saved merged config to: results/logs/cka_strength_sweep/cifar10_cka_strength_fixed_5605137/strength_1p0/seed_100/cka_feddst_cifar10_clients5_alpha0.3_sparsity0.95_cka1.0_seed100_20260802_062504_config.yaml
cuDNN disabled for this run.
Client label distributions:
  client 00: n= 6485, labels=[2604, 0, 589, 2, 2, 5, 173, 2831, 8, 271]
  client 01: n= 9836, labels=[30, 0, 237, 3053, 347, 2329, 15, 2008, 2, 1815]
  client 02: n= 9670, labels=[180, 2324, 0, 407, 463, 481, 1656, 64, 4094, 1]
  client 03: n= 6110, labels=[2074, 92, 1, 1395, 1095, 27, 832, 24, 30, 540]
  client 04: n=17399, labels=[62, 2534, 4123, 93, 3043, 2108, 2274, 23, 816, 2323]
Initial sparsity | total=0.9500 | active=30994/619872
Layer sparsity | conv1.weight:0.950231;conv2.weight:0.947591;conv3.weight:0.949151;fc1.weight:0.950207;fc2.weight:0.949219
Round 001 | train_loss=2.2150 | test_loss=2.3038 | test_acc=0.1000 | sparsity=0.9500 | cka=0 | targets=
Round 002 | train_loss=2.2164 | test_loss=2.3051 | test_acc=0.1000 | sparsity=0.9500 | cka=1 | targets=conv1.weight:0.949074;conv2.weight:0.949978;conv3.weight:0.949992;fc1.weight:0.949999
Round 003 | train_loss=2.2180 | test_loss=2.3069 | test_acc=0.1000 | sparsity=0.9500 | cka=0 | targets=conv1.weight:0.949074;conv2.weight:0.949978;conv3.weight:0.949992;fc1.weight:0.949999
Round 004 | train_loss=2.2201 | test_loss=2.3089 | test_acc=0.1000 | sparsity=0.9500 | cka=1 | targets=conv1.weight:0.949074;conv2.weight:0.949978;conv3.weight:0.949992;fc1.weight:0.949999
Round 005 | train_loss=2.2227 | test_loss=2.3110 | test_acc=0.1000 | sparsity=0.9500 | cka=0 | targets=conv1.weight:0.949074;conv2.weight:0.949978;conv3.weight:0.949992;fc1.weight:0.949999
Round 006 | train_loss=2.2249 | test_loss=2.3129 | test_acc=0.1000 | sparsity=0.9500 | cka=1 | targets=conv1.weight:0.949074;conv2.weight:0.949978;conv3.weight:0.949992;fc1.weight:0.949999
Round 007 | train_loss=2.2265 | test_loss=2.3149 | test_acc=0.1000 | sparsity=0.9500 | cka=0 | targets=conv1.weight:0.949074;conv2.weight:0.949978;conv3.weight:0.949992;fc1.weight:0.949999
Round 008 | train_loss=2.2282 | test_loss=2.3166 | test_acc=0.1000 | sparsity=0.9500 | cka=1 | targets=conv1.weight:0.949074;conv2.weight:0.949978;conv3.weight:0.949992;fc1.weight:0.949999
Round 009 | train_loss=2.2305 | test_loss=2.3182 | test_acc=0.1000 | sparsity=0.9500 | cka=0 | targets=conv1.weight:0.949074;conv2.weight:0.949978;conv3.weight:0.949992;fc1.weight:0.949999
Round 010 | train_loss=2.2319 | test_loss=2.3196 | test_acc=0.1000 | sparsity=0.9500 | cka=1 | targets=conv1.weight:0.949074;conv2.weight:0.949978;conv3.weight:0.949992;fc1.weight:0.949999
Round 011 | train_loss=2.2326 | test_loss=2.3209 | test_acc=0.1000 | sparsity=0.9500 | cka=0 | targets=conv1.weight:0.949074;conv2.weight:0.949978;conv3.weight:0.949992;fc1.weight:0.949999
Round 012 | train_loss=2.2334 | test_loss=2.3220 | test_acc=0.1000 | sparsity=0.9500 | cka=1 | targets=conv1.weight:0.949074;conv2.weight:0.949978;conv3.weight:0.949992;fc1.weight:0.949999
Round 013 | train_loss=2.2353 | test_loss=2.3231 | test_acc=0.1000 | sparsity=0.9500 | cka=0 | targets=conv1.weight:0.949074;conv2.weight:0.949978;conv3.weight:0.949992;fc1.weight:0.949999
Round 014 | train_loss=2.2362 | test_loss=2.3240 | test_acc=0.1000 | sparsity=0.9500 | cka=1 | targets=conv1.weight:0.949074;conv2.weight:0.949978;conv3.weight:0.949992;fc1.weight:0.949999
Round 015 | train_loss=2.2355 | test_loss=2.3249 | test_acc=0.1000 | sparsity=0.9500 | cka=0 | targets=conv1.weight:0.949074;conv2.weight:0.949978;conv3.weight:0.949992;fc1.weight:0.949999
Round 016 | train_loss=2.2355 | test_loss=2.3256 | test_acc=0.1000 | sparsity=0.9500 | cka=1 | targets=conv1.weight:0.949074;conv2.weight:0.949978;conv3.weight:0.949992;fc1.weight:0.949999
Round 017 | train_loss=2.2377 | test_loss=2.3262 | test_acc=0.1000 | sparsity=0.9500 | cka=0 | targets=conv1.weight:0.949074;conv2.weight:0.949978;conv3.weight:0.949992;fc1.weight:0.949999
Round 018 | train_loss=2.2379 | test_loss=2.3268 | test_acc=0.1000 | sparsity=0.9500 | cka=1 | targets=conv1.weight:0.949074;conv2.weight:0.949978;conv3.weight:0.949992;fc1.weight:0.949999
Round 019 | train_loss=2.2356 | test_loss=2.3274 | test_acc=0.1000 | sparsity=0.9500 | cka=0 | targets=conv1.weight:0.949074;conv2.weight:0.949978;conv3.weight:0.949992;fc1.weight:0.949999
Round 020 | train_loss=2.2344 | test_loss=2.3278 | test_acc=0.1000 | sparsity=0.9500 | cka=1 | targets=conv1.weight:0.949074;conv2.weight:0.949978;conv3.weight:0.949992;fc1.weight:0.949999
Saved training log to: results/logs/cka_strength_sweep/cifar10_cka_strength_fixed_5605137/strength_1p0/seed_100/cka_feddst_cifar10_clients5_alpha0.3_sparsity0.95_cka1.0_seed100_20260802_062504.csv
Saved CKA log to: results/logs/cka_strength_sweep/cifar10_cka_strength_fixed_5605137/strength_1p0/seed_100/cka_feddst_cifar10_clients5_alpha0.3_sparsity0.95_cka1.0_seed100_20260802_062504_cka.csv

All experiments completed.
Finished cka_strength: Sun Aug  2 06:32:29 UTC 2026
