Host: iris-171
Started: Fri Jul 24 14:58:49 UTC 2026
Python 3.11.15
Torch: 2.11.0+cu130
CUDA: True
Tesla V100-SXM2-16GB
Suite: cka_strength
Dataset: cifar10
Suite id: cifar10_cka_strength_20260724_145851
Planned runs: 125
Seeds: 7 13 21 42 100
Sparsities: 0.5 0.7 0.8 0.9 0.95
CKA strengths: 0.2 0.5 0.8 0.9 1

[Run 1/125] suite=cka_strength method=cka_feddst seed=42 sparsity=0.5 cka_strength=0.2
Output log dir: results/logs/cka_strength_sweep/cifar10_cka_strength_20260724_145851/strength_0p2/seed_42
Command: /mnt/aiongpfs/users/dsen/micromamba/envs/cka-cifar/bin/python -m src.train --global-config configs/global_cifar10.yaml --config configs/cka_feddst_mnist.yaml --seed 42 --sparsity 0.5 --cka-strength 0.2 --log-dir results/logs/cka_strength_sweep/cifar10_cka_strength_20260724_145851/strength_0p2/seed_42 --checkpoint-dir results/checkpoints/cka_strength_sweep/cifar10_cka_strength_20260724_145851/strength_0p2/seed_42 --plot-dir results/plots/cka_strength_sweep/cifar10_cka_strength_20260724_145851
Final merged configuration:
alpha: 0.3
batch_size: 64
checkpoint_dir: results/checkpoints/cka_strength_sweep/cifar10_cka_strength_20260724_145851/strength_0p2/seed_42
cka_interval: 2
cka_layers:
- conv1
- conv2
- conv3
- fc1
cka_max_sparsity: 0.95
cka_min_sparsity: 0.5
cka_strength: 0.2
data_check: false
data_dir: data
dataset: cifar10
device: auto
dry_run: false
eval_interval: 1
experiment_config_path: configs/cka_feddst_mnist.yaml
global_config_path: configs/global_cifar10.yaml
local_epochs: 1
log_cka: false
log_dir: results/logs/cka_strength_sweep/cifar10_cka_strength_20260724_145851/strength_0p2/seed_42
lr: 0.01
mask_update_interval: 2
method: cka_feddst
model: cifar_cnn
num_clients: 5
num_workers: 2
output_dir: results
plot_dir: results/plots/cka_strength_sweep/cifar10_cka_strength_20260724_145851
prune_fraction: 0.2
reference_size: 500
regrowth_method: gradient
rounds: 20
save_checkpoint: false
seed: 42
sparsity: 0.5
sparsity_init: random
split_dir: null
Saved merged config to: results/logs/cka_strength_sweep/cifar10_cka_strength_20260724_145851/strength_0p2/seed_42/cka_feddst_cifar10_clients5_alpha0.3_sparsity0.5_cka0.2_seed42_20260724_145852_config.yaml
Client label distributions:
  client 00: n= 6173, labels=[449, 1577, 16, 53, 288, 1254, 18, 319, 1561, 638]
  client 01: n= 6712, labels=[388, 41, 1016, 674, 619, 293, 705, 1884, 2, 1090]
  client 02: n= 6610, labels=[14, 2050, 564, 1192, 934, 206, 33, 1318, 147, 152]
  client 03: n=12351, labels=[4094, 1282, 465, 1114, 4, 0, 3603, 1424, 313, 52]
  client 04: n=17654, labels=[5, 0, 2889, 1917, 3105, 3197, 591, 5, 2927, 3018]

[Run 2/125] suite=cka_strength method=cka_feddst seed=42 sparsity=0.7 cka_strength=0.2
Output log dir: results/logs/cka_strength_sweep/cifar10_cka_strength_20260724_145851/strength_0p2/seed_42
Command: /mnt/aiongpfs/users/dsen/micromamba/envs/cka-cifar/bin/python -m src.train --global-config configs/global_cifar10.yaml --config configs/cka_feddst_mnist.yaml --seed 42 --sparsity 0.7 --cka-strength 0.2 --log-dir results/logs/cka_strength_sweep/cifar10_cka_strength_20260724_145851/strength_0p2/seed_42 --checkpoint-dir results/checkpoints/cka_strength_sweep/cifar10_cka_strength_20260724_145851/strength_0p2/seed_42 --plot-dir results/plots/cka_strength_sweep/cifar10_cka_strength_20260724_145851
Final merged configuration:
alpha: 0.3
batch_size: 64
checkpoint_dir: results/checkpoints/cka_strength_sweep/cifar10_cka_strength_20260724_145851/strength_0p2/seed_42
cka_interval: 2
cka_layers:
- conv1
- conv2
- conv3
- fc1
cka_max_sparsity: 0.95
cka_min_sparsity: 0.5
cka_strength: 0.2
data_check: false
data_dir: data
dataset: cifar10
device: auto
dry_run: false
eval_interval: 1
experiment_config_path: configs/cka_feddst_mnist.yaml
global_config_path: configs/global_cifar10.yaml
local_epochs: 1
log_cka: false
log_dir: results/logs/cka_strength_sweep/cifar10_cka_strength_20260724_145851/strength_0p2/seed_42
lr: 0.01
mask_update_interval: 2
method: cka_feddst
model: cifar_cnn
num_clients: 5
num_workers: 2
output_dir: results
plot_dir: results/plots/cka_strength_sweep/cifar10_cka_strength_20260724_145851
prune_fraction: 0.2
reference_size: 500
regrowth_method: gradient
rounds: 20
save_checkpoint: false
seed: 42
sparsity: 0.7
sparsity_init: random
split_dir: null
Saved merged config to: results/logs/cka_strength_sweep/cifar10_cka_strength_20260724_145851/strength_0p2/seed_42/cka_feddst_cifar10_clients5_alpha0.3_sparsity0.7_cka0.2_seed42_20260724_145858_config.yaml
Client label distributions:
  client 00: n= 6173, labels=[449, 1577, 16, 53, 288, 1254, 18, 319, 1561, 638]
  client 01: n= 6712, labels=[388, 41, 1016, 674, 619, 293, 705, 1884, 2, 1090]
  client 02: n= 6610, labels=[14, 2050, 564, 1192, 934, 206, 33, 1318, 147, 152]
  client 03: n=12351, labels=[4094, 1282, 465, 1114, 4, 0, 3603, 1424, 313, 52]
  client 04: n=17654, labels=[5, 0, 2889, 1917, 3105, 3197, 591, 5, 2927, 3018]

[Run 3/125] suite=cka_strength method=cka_feddst seed=42 sparsity=0.8 cka_strength=0.2
Output log dir: results/logs/cka_strength_sweep/cifar10_cka_strength_20260724_145851/strength_0p2/seed_42
Command: /mnt/aiongpfs/users/dsen/micromamba/envs/cka-cifar/bin/python -m src.train --global-config configs/global_cifar10.yaml --config configs/cka_feddst_mnist.yaml --seed 42 --sparsity 0.8 --cka-strength 0.2 --log-dir results/logs/cka_strength_sweep/cifar10_cka_strength_20260724_145851/strength_0p2/seed_42 --checkpoint-dir results/checkpoints/cka_strength_sweep/cifar10_cka_strength_20260724_145851/strength_0p2/seed_42 --plot-dir results/plots/cka_strength_sweep/cifar10_cka_strength_20260724_145851
Final merged configuration:
alpha: 0.3
batch_size: 64
checkpoint_dir: results/checkpoints/cka_strength_sweep/cifar10_cka_strength_20260724_145851/strength_0p2/seed_42
cka_interval: 2
cka_layers:
- conv1
- conv2
- conv3
- fc1
cka_max_sparsity: 0.95
cka_min_sparsity: 0.5
cka_strength: 0.2
data_check: false
data_dir: data
dataset: cifar10
device: auto
dry_run: false
eval_interval: 1
experiment_config_path: configs/cka_feddst_mnist.yaml
global_config_path: configs/global_cifar10.yaml
local_epochs: 1
log_cka: false
log_dir: results/logs/cka_strength_sweep/cifar10_cka_strength_20260724_145851/strength_0p2/seed_42
lr: 0.01
mask_update_interval: 2
method: cka_feddst
model: cifar_cnn
num_clients: 5
num_workers: 2
output_dir: results
plot_dir: results/plots/cka_strength_sweep/cifar10_cka_strength_20260724_145851
prune_fraction: 0.2
reference_size: 500
regrowth_method: gradient
rounds: 20
save_checkpoint: false
seed: 42
sparsity: 0.8
sparsity_init: random
split_dir: null
Saved merged config to: results/logs/cka_strength_sweep/cifar10_cka_strength_20260724_145851/strength_0p2/seed_42/cka_feddst_cifar10_clients5_alpha0.3_sparsity0.8_cka0.2_seed42_20260724_145904_config.yaml
Client label distributions:
  client 00: n= 6173, labels=[449, 1577, 16, 53, 288, 1254, 18, 319, 1561, 638]
  client 01: n= 6712, labels=[388, 41, 1016, 674, 619, 293, 705, 1884, 2, 1090]
  client 02: n= 6610, labels=[14, 2050, 564, 1192, 934, 206, 33, 1318, 147, 152]
  client 03: n=12351, labels=[4094, 1282, 465, 1114, 4, 0, 3603, 1424, 313, 52]
  client 04: n=17654, labels=[5, 0, 2889, 1917, 3105, 3197, 591, 5, 2927, 3018]

[Run 4/125] suite=cka_strength method=cka_feddst seed=42 sparsity=0.9 cka_strength=0.2
Output log dir: results/logs/cka_strength_sweep/cifar10_cka_strength_20260724_145851/strength_0p2/seed_42
Command: /mnt/aiongpfs/users/dsen/micromamba/envs/cka-cifar/bin/python -m src.train --global-config configs/global_cifar10.yaml --config configs/cka_feddst_mnist.yaml --seed 42 --sparsity 0.9 --cka-strength 0.2 --log-dir results/logs/cka_strength_sweep/cifar10_cka_strength_20260724_145851/strength_0p2/seed_42 --checkpoint-dir results/checkpoints/cka_strength_sweep/cifar10_cka_strength_20260724_145851/strength_0p2/seed_42 --plot-dir results/plots/cka_strength_sweep/cifar10_cka_strength_20260724_145851
Final merged configuration:
alpha: 0.3
batch_size: 64
checkpoint_dir: results/checkpoints/cka_strength_sweep/cifar10_cka_strength_20260724_145851/strength_0p2/seed_42
cka_interval: 2
cka_layers:
- conv1
- conv2
- conv3
- fc1
cka_max_sparsity: 0.95
cka_min_sparsity: 0.5
cka_strength: 0.2
data_check: false
data_dir: data
dataset: cifar10
device: auto
dry_run: false
eval_interval: 1
experiment_config_path: configs/cka_feddst_mnist.yaml
global_config_path: configs/global_cifar10.yaml
local_epochs: 1
log_cka: false
log_dir: results/logs/cka_strength_sweep/cifar10_cka_strength_20260724_145851/strength_0p2/seed_42
lr: 0.01
mask_update_interval: 2
method: cka_feddst
model: cifar_cnn
num_clients: 5
num_workers: 2
output_dir: results
plot_dir: results/plots/cka_strength_sweep/cifar10_cka_strength_20260724_145851
prune_fraction: 0.2
reference_size: 500
regrowth_method: gradient
rounds: 20
save_checkpoint: false
seed: 42
sparsity: 0.9
sparsity_init: random
split_dir: null
Saved merged config to: results/logs/cka_strength_sweep/cifar10_cka_strength_20260724_145851/strength_0p2/seed_42/cka_feddst_cifar10_clients5_alpha0.3_sparsity0.9_cka0.2_seed42_20260724_145909_config.yaml
Client label distributions:
  client 00: n= 6173, labels=[449, 1577, 16, 53, 288, 1254, 18, 319, 1561, 638]
  client 01: n= 6712, labels=[388, 41, 1016, 674, 619, 293, 705, 1884, 2, 1090]
  client 02: n= 6610, labels=[14, 2050, 564, 1192, 934, 206, 33, 1318, 147, 152]
  client 03: n=12351, labels=[4094, 1282, 465, 1114, 4, 0, 3603, 1424, 313, 52]
  client 04: n=17654, labels=[5, 0, 2889, 1917, 3105, 3197, 591, 5, 2927, 3018]

[Run 5/125] suite=cka_strength method=cka_feddst seed=42 sparsity=0.95 cka_strength=0.2
Output log dir: results/logs/cka_strength_sweep/cifar10_cka_strength_20260724_145851/strength_0p2/seed_42
Command: /mnt/aiongpfs/users/dsen/micromamba/envs/cka-cifar/bin/python -m src.train --global-config configs/global_cifar10.yaml --config configs/cka_feddst_mnist.yaml --seed 42 --sparsity 0.95 --cka-strength 0.2 --log-dir results/logs/cka_strength_sweep/cifar10_cka_strength_20260724_145851/strength_0p2/seed_42 --checkpoint-dir results/checkpoints/cka_strength_sweep/cifar10_cka_strength_20260724_145851/strength_0p2/seed_42 --plot-dir results/plots/cka_strength_sweep/cifar10_cka_strength_20260724_145851
Final merged configuration:
alpha: 0.3
batch_size: 64
checkpoint_dir: results/checkpoints/cka_strength_sweep/cifar10_cka_strength_20260724_145851/strength_0p2/seed_42
cka_interval: 2
cka_layers:
- conv1
- conv2
- conv3
- fc1
cka_max_sparsity: 0.95
cka_min_sparsity: 0.5
cka_strength: 0.2
data_check: false
data_dir: data
dataset: cifar10
device: auto
dry_run: false
eval_interval: 1
experiment_config_path: configs/cka_feddst_mnist.yaml
global_config_path: configs/global_cifar10.yaml
local_epochs: 1
log_cka: false
log_dir: results/logs/cka_strength_sweep/cifar10_cka_strength_20260724_145851/strength_0p2/seed_42
lr: 0.01
mask_update_interval: 2
method: cka_feddst
model: cifar_cnn
num_clients: 5
num_workers: 2
output_dir: results
plot_dir: results/plots/cka_strength_sweep/cifar10_cka_strength_20260724_145851
prune_fraction: 0.2
reference_size: 500
regrowth_method: gradient
rounds: 20
save_checkpoint: false
seed: 42
sparsity: 0.95
sparsity_init: random
split_dir: null
Saved merged config to: results/logs/cka_strength_sweep/cifar10_cka_strength_20260724_145851/strength_0p2/seed_42/cka_feddst_cifar10_clients5_alpha0.3_sparsity0.95_cka0.2_seed42_20260724_145915_config.yaml
Client label distributions:
  client 00: n= 6173, labels=[449, 1577, 16, 53, 288, 1254, 18, 319, 1561, 638]
  client 01: n= 6712, labels=[388, 41, 1016, 674, 619, 293, 705, 1884, 2, 1090]
  client 02: n= 6610, labels=[14, 2050, 564, 1192, 934, 206, 33, 1318, 147, 152]
  client 03: n=12351, labels=[4094, 1282, 465, 1114, 4, 0, 3603, 1424, 313, 52]
  client 04: n=17654, labels=[5, 0, 2889, 1917, 3105, 3197, 591, 5, 2927, 3018]

[Run 6/125] suite=cka_strength method=cka_feddst seed=7 sparsity=0.5 cka_strength=0.2
Output log dir: results/logs/cka_strength_sweep/cifar10_cka_strength_20260724_145851/strength_0p2/seed_7
Command: /mnt/aiongpfs/users/dsen/micromamba/envs/cka-cifar/bin/python -m src.train --global-config configs/global_cifar10.yaml --config configs/cka_feddst_mnist.yaml --seed 7 --sparsity 0.5 --cka-strength 0.2 --log-dir results/logs/cka_strength_sweep/cifar10_cka_strength_20260724_145851/strength_0p2/seed_7 --checkpoint-dir results/checkpoints/cka_strength_sweep/cifar10_cka_strength_20260724_145851/strength_0p2/seed_7 --plot-dir results/plots/cka_strength_sweep/cifar10_cka_strength_20260724_145851
Final merged configuration:
alpha: 0.3
batch_size: 64
checkpoint_dir: results/checkpoints/cka_strength_sweep/cifar10_cka_strength_20260724_145851/strength_0p2/seed_7
cka_interval: 2
cka_layers:
- conv1
- conv2
- conv3
- fc1
cka_max_sparsity: 0.95
cka_min_sparsity: 0.5
cka_strength: 0.2
data_check: false
data_dir: data
dataset: cifar10
device: auto
dry_run: false
eval_interval: 1
experiment_config_path: configs/cka_feddst_mnist.yaml
global_config_path: configs/global_cifar10.yaml
local_epochs: 1
log_cka: false
log_dir: results/logs/cka_strength_sweep/cifar10_cka_strength_20260724_145851/strength_0p2/seed_7
lr: 0.01
mask_update_interval: 2
method: cka_feddst
model: cifar_cnn
num_clients: 5
num_workers: 2
output_dir: results
plot_dir: results/plots/cka_strength_sweep/cifar10_cka_strength_20260724_145851
prune_fraction: 0.2
reference_size: 500
regrowth_method: gradient
rounds: 20
save_checkpoint: false
seed: 7
sparsity: 0.5
sparsity_init: random
split_dir: null
Saved merged config to: results/logs/cka_strength_sweep/cifar10_cka_strength_20260724_145851/strength_0p2/seed_7/cka_feddst_cifar10_clients5_alpha0.3_sparsity0.5_cka0.2_seed7_20260724_145921_config.yaml
Client label distributions:
  client 00: n= 7681, labels=[142, 16, 5, 202, 411, 2130, 3884, 876, 12, 3]
  client 01: n= 8711, labels=[1321, 1281, 355, 76, 3165, 8, 25, 0, 1922, 558]
  client 02: n=19320, labels=[2810, 141, 3133, 4649, 1064, 2142, 26, 2148, 2915, 292]
  client 03: n= 5169, labels=[22, 3285, 1093, 5, 3, 639, 18, 41, 63, 0]
  client 04: n= 8619, labels=[655, 227, 364, 18, 307, 31, 997, 1885, 38, 4097]

[Run 7/125] suite=cka_strength method=cka_feddst seed=7 sparsity=0.7 cka_strength=0.2
Output log dir: results/logs/cka_strength_sweep/cifar10_cka_strength_20260724_145851/strength_0p2/seed_7
Command: /mnt/aiongpfs/users/dsen/micromamba/envs/cka-cifar/bin/python -m src.train --global-config configs/global_cifar10.yaml --config configs/cka_feddst_mnist.yaml --seed 7 --sparsity 0.7 --cka-strength 0.2 --log-dir results/logs/cka_strength_sweep/cifar10_cka_strength_20260724_145851/strength_0p2/seed_7 --checkpoint-dir results/checkpoints/cka_strength_sweep/cifar10_cka_strength_20260724_145851/strength_0p2/seed_7 --plot-dir results/plots/cka_strength_sweep/cifar10_cka_strength_20260724_145851
Final merged configuration:
alpha: 0.3
batch_size: 64
checkpoint_dir: results/checkpoints/cka_strength_sweep/cifar10_cka_strength_20260724_145851/strength_0p2/seed_7
cka_interval: 2
cka_layers:
- conv1
- conv2
- conv3
- fc1
cka_max_sparsity: 0.95
cka_min_sparsity: 0.5
cka_strength: 0.2
data_check: false
data_dir: data
dataset: cifar10
device: auto
dry_run: false
eval_interval: 1
experiment_config_path: configs/cka_feddst_mnist.yaml
global_config_path: configs/global_cifar10.yaml
local_epochs: 1
log_cka: false
log_dir: results/logs/cka_strength_sweep/cifar10_cka_strength_20260724_145851/strength_0p2/seed_7
lr: 0.01
mask_update_interval: 2
method: cka_feddst
model: cifar_cnn
num_clients: 5
num_workers: 2
output_dir: results
plot_dir: results/plots/cka_strength_sweep/cifar10_cka_strength_20260724_145851
prune_fraction: 0.2
reference_size: 500
regrowth_method: gradient
rounds: 20
save_checkpoint: false
seed: 7
sparsity: 0.7
sparsity_init: random
split_dir: null
Saved merged config to: results/logs/cka_strength_sweep/cifar10_cka_strength_20260724_145851/strength_0p2/seed_7/cka_feddst_cifar10_clients5_alpha0.3_sparsity0.7_cka0.2_seed7_20260724_145926_config.yaml
Client label distributions:
  client 00: n= 7681, labels=[142, 16, 5, 202, 411, 2130, 3884, 876, 12, 3]
  client 01: n= 8711, labels=[1321, 1281, 355, 76, 3165, 8, 25, 0, 1922, 558]
  client 02: n=19320, labels=[2810, 141, 3133, 4649, 1064, 2142, 26, 2148, 2915, 292]
  client 03: n= 5169, labels=[22, 3285, 1093, 5, 3, 639, 18, 41, 63, 0]
  client 04: n= 8619, labels=[655, 227, 364, 18, 307, 31, 997, 1885, 38, 4097]

[Run 8/125] suite=cka_strength method=cka_feddst seed=7 sparsity=0.8 cka_strength=0.2
Output log dir: results/logs/cka_strength_sweep/cifar10_cka_strength_20260724_145851/strength_0p2/seed_7
Command: /mnt/aiongpfs/users/dsen/micromamba/envs/cka-cifar/bin/python -m src.train --global-config configs/global_cifar10.yaml --config configs/cka_feddst_mnist.yaml --seed 7 --sparsity 0.8 --cka-strength 0.2 --log-dir results/logs/cka_strength_sweep/cifar10_cka_strength_20260724_145851/strength_0p2/seed_7 --checkpoint-dir results/checkpoints/cka_strength_sweep/cifar10_cka_strength_20260724_145851/strength_0p2/seed_7 --plot-dir results/plots/cka_strength_sweep/cifar10_cka_strength_20260724_145851
Final merged configuration:
alpha: 0.3
batch_size: 64
checkpoint_dir: results/checkpoints/cka_strength_sweep/cifar10_cka_strength_20260724_145851/strength_0p2/seed_7
cka_interval: 2
cka_layers:
- conv1
- conv2
- conv3
- fc1
cka_max_sparsity: 0.95
cka_min_sparsity: 0.5
cka_strength: 0.2
data_check: false
data_dir: data
dataset: cifar10
device: auto
dry_run: false
eval_interval: 1
experiment_config_path: configs/cka_feddst_mnist.yaml
global_config_path: configs/global_cifar10.yaml
local_epochs: 1
log_cka: false
log_dir: results/logs/cka_strength_sweep/cifar10_cka_strength_20260724_145851/strength_0p2/seed_7
lr: 0.01
mask_update_interval: 2
method: cka_feddst
model: cifar_cnn
num_clients: 5
num_workers: 2
output_dir: results
plot_dir: results/plots/cka_strength_sweep/cifar10_cka_strength_20260724_145851
prune_fraction: 0.2
reference_size: 500
regrowth_method: gradient
rounds: 20
save_checkpoint: false
seed: 7
sparsity: 0.8
sparsity_init: random
split_dir: null
Saved merged config to: results/logs/cka_strength_sweep/cifar10_cka_strength_20260724_145851/strength_0p2/seed_7/cka_feddst_cifar10_clients5_alpha0.3_sparsity0.8_cka0.2_seed7_20260724_145932_config.yaml
Client label distributions:
  client 00: n= 7681, labels=[142, 16, 5, 202, 411, 2130, 3884, 876, 12, 3]
  client 01: n= 8711, labels=[1321, 1281, 355, 76, 3165, 8, 25, 0, 1922, 558]
  client 02: n=19320, labels=[2810, 141, 3133, 4649, 1064, 2142, 26, 2148, 2915, 292]
  client 03: n= 5169, labels=[22, 3285, 1093, 5, 3, 639, 18, 41, 63, 0]
  client 04: n= 8619, labels=[655, 227, 364, 18, 307, 31, 997, 1885, 38, 4097]

[Run 9/125] suite=cka_strength method=cka_feddst seed=7 sparsity=0.9 cka_strength=0.2
Output log dir: results/logs/cka_strength_sweep/cifar10_cka_strength_20260724_145851/strength_0p2/seed_7
Command: /mnt/aiongpfs/users/dsen/micromamba/envs/cka-cifar/bin/python -m src.train --global-config configs/global_cifar10.yaml --config configs/cka_feddst_mnist.yaml --seed 7 --sparsity 0.9 --cka-strength 0.2 --log-dir results/logs/cka_strength_sweep/cifar10_cka_strength_20260724_145851/strength_0p2/seed_7 --checkpoint-dir results/checkpoints/cka_strength_sweep/cifar10_cka_strength_20260724_145851/strength_0p2/seed_7 --plot-dir results/plots/cka_strength_sweep/cifar10_cka_strength_20260724_145851
Final merged configuration:
alpha: 0.3
batch_size: 64
checkpoint_dir: results/checkpoints/cka_strength_sweep/cifar10_cka_strength_20260724_145851/strength_0p2/seed_7
cka_interval: 2
cka_layers:
- conv1
- conv2
- conv3
- fc1
cka_max_sparsity: 0.95
cka_min_sparsity: 0.5
cka_strength: 0.2
data_check: false
data_dir: data
dataset: cifar10
device: auto
dry_run: false
eval_interval: 1
experiment_config_path: configs/cka_feddst_mnist.yaml
global_config_path: configs/global_cifar10.yaml
local_epochs: 1
log_cka: false
log_dir: results/logs/cka_strength_sweep/cifar10_cka_strength_20260724_145851/strength_0p2/seed_7
lr: 0.01
mask_update_interval: 2
method: cka_feddst
model: cifar_cnn
num_clients: 5
num_workers: 2
output_dir: results
plot_dir: results/plots/cka_strength_sweep/cifar10_cka_strength_20260724_145851
prune_fraction: 0.2
reference_size: 500
regrowth_method: gradient
rounds: 20
save_checkpoint: false
seed: 7
sparsity: 0.9
sparsity_init: random
split_dir: null
Saved merged config to: results/logs/cka_strength_sweep/cifar10_cka_strength_20260724_145851/strength_0p2/seed_7/cka_feddst_cifar10_clients5_alpha0.3_sparsity0.9_cka0.2_seed7_20260724_145938_config.yaml
Client label distributions:
  client 00: n= 7681, labels=[142, 16, 5, 202, 411, 2130, 3884, 876, 12, 3]
  client 01: n= 8711, labels=[1321, 1281, 355, 76, 3165, 8, 25, 0, 1922, 558]
  client 02: n=19320, labels=[2810, 141, 3133, 4649, 1064, 2142, 26, 2148, 2915, 292]
  client 03: n= 5169, labels=[22, 3285, 1093, 5, 3, 639, 18, 41, 63, 0]
  client 04: n= 8619, labels=[655, 227, 364, 18, 307, 31, 997, 1885, 38, 4097]

[Run 10/125] suite=cka_strength method=cka_feddst seed=7 sparsity=0.95 cka_strength=0.2
Output log dir: results/logs/cka_strength_sweep/cifar10_cka_strength_20260724_145851/strength_0p2/seed_7
Command: /mnt/aiongpfs/users/dsen/micromamba/envs/cka-cifar/bin/python -m src.train --global-config configs/global_cifar10.yaml --config configs/cka_feddst_mnist.yaml --seed 7 --sparsity 0.95 --cka-strength 0.2 --log-dir results/logs/cka_strength_sweep/cifar10_cka_strength_20260724_145851/strength_0p2/seed_7 --checkpoint-dir results/checkpoints/cka_strength_sweep/cifar10_cka_strength_20260724_145851/strength_0p2/seed_7 --plot-dir results/plots/cka_strength_sweep/cifar10_cka_strength_20260724_145851
Final merged configuration:
alpha: 0.3
batch_size: 64
checkpoint_dir: results/checkpoints/cka_strength_sweep/cifar10_cka_strength_20260724_145851/strength_0p2/seed_7
cka_interval: 2
cka_layers:
- conv1
- conv2
- conv3
- fc1
cka_max_sparsity: 0.95
cka_min_sparsity: 0.5
cka_strength: 0.2
data_check: false
data_dir: data
dataset: cifar10
device: auto
dry_run: false
eval_interval: 1
experiment_config_path: configs/cka_feddst_mnist.yaml
global_config_path: configs/global_cifar10.yaml
local_epochs: 1
log_cka: false
log_dir: results/logs/cka_strength_sweep/cifar10_cka_strength_20260724_145851/strength_0p2/seed_7
lr: 0.01
mask_update_interval: 2
method: cka_feddst
model: cifar_cnn
num_clients: 5
num_workers: 2
output_dir: results
plot_dir: results/plots/cka_strength_sweep/cifar10_cka_strength_20260724_145851
prune_fraction: 0.2
reference_size: 500
regrowth_method: gradient
rounds: 20
save_checkpoint: false
seed: 7
sparsity: 0.95
sparsity_init: random
split_dir: null
Saved merged config to: results/logs/cka_strength_sweep/cifar10_cka_strength_20260724_145851/strength_0p2/seed_7/cka_feddst_cifar10_clients5_alpha0.3_sparsity0.95_cka0.2_seed7_20260724_145943_config.yaml
Client label distributions:
  client 00: n= 7681, labels=[142, 16, 5, 202, 411, 2130, 3884, 876, 12, 3]
  client 01: n= 8711, labels=[1321, 1281, 355, 76, 3165, 8, 25, 0, 1922, 558]
  client 02: n=19320, labels=[2810, 141, 3133, 4649, 1064, 2142, 26, 2148, 2915, 292]
  client 03: n= 5169, labels=[22, 3285, 1093, 5, 3, 639, 18, 41, 63, 0]
  client 04: n= 8619, labels=[655, 227, 364, 18, 307, 31, 997, 1885, 38, 4097]

[Run 11/125] suite=cka_strength method=cka_feddst seed=13 sparsity=0.5 cka_strength=0.2
Output log dir: results/logs/cka_strength_sweep/cifar10_cka_strength_20260724_145851/strength_0p2/seed_13
Command: /mnt/aiongpfs/users/dsen/micromamba/envs/cka-cifar/bin/python -m src.train --global-config configs/global_cifar10.yaml --config configs/cka_feddst_mnist.yaml --seed 13 --sparsity 0.5 --cka-strength 0.2 --log-dir results/logs/cka_strength_sweep/cifar10_cka_strength_20260724_145851/strength_0p2/seed_13 --checkpoint-dir results/checkpoints/cka_strength_sweep/cifar10_cka_strength_20260724_145851/strength_0p2/seed_13 --plot-dir results/plots/cka_strength_sweep/cifar10_cka_strength_20260724_145851
Final merged configuration:
alpha: 0.3
batch_size: 64
checkpoint_dir: results/checkpoints/cka_strength_sweep/cifar10_cka_strength_20260724_145851/strength_0p2/seed_13
cka_interval: 2
cka_layers:
- conv1
- conv2
- conv3
- fc1
cka_max_sparsity: 0.95
cka_min_sparsity: 0.5
cka_strength: 0.2
data_check: false
data_dir: data
dataset: cifar10
device: auto
dry_run: false
eval_interval: 1
experiment_config_path: configs/cka_feddst_mnist.yaml
global_config_path: configs/global_cifar10.yaml
local_epochs: 1
log_cka: false
log_dir: results/logs/cka_strength_sweep/cifar10_cka_strength_20260724_145851/strength_0p2/seed_13
lr: 0.01
mask_update_interval: 2
method: cka_feddst
model: cifar_cnn
num_clients: 5
num_workers: 2
output_dir: results
plot_dir: results/plots/cka_strength_sweep/cifar10_cka_strength_20260724_145851
prune_fraction: 0.2
reference_size: 500
regrowth_method: gradient
rounds: 20
save_checkpoint: false
seed: 13
sparsity: 0.5
sparsity_init: random
split_dir: null
Saved merged config to: results/logs/cka_strength_sweep/cifar10_cka_strength_20260724_145851/strength_0p2/seed_13/cka_feddst_cifar10_clients5_alpha0.3_sparsity0.5_cka0.2_seed13_20260724_145949_config.yaml
Client label distributions:
  client 00: n=19994, labels=[2952, 878, 4230, 1942, 3893, 2947, 1170, 1268, 17, 697]
  client 01: n= 5273, labels=[1186, 629, 719, 163, 777, 852, 428, 22, 488, 9]
  client 02: n= 7607, labels=[2, 105, 1, 0, 96, 68, 60, 1042, 2038, 4195]
  client 03: n= 4678, labels=[463, 27, 0, 654, 2, 62, 287, 776, 2407, 0]
  client 04: n=11948, labels=[347, 3311, 0, 2191, 182, 1021, 3005, 1842, 0, 49]

[Run 12/125] suite=cka_strength method=cka_feddst seed=13 sparsity=0.7 cka_strength=0.2
Output log dir: results/logs/cka_strength_sweep/cifar10_cka_strength_20260724_145851/strength_0p2/seed_13
Command: /mnt/aiongpfs/users/dsen/micromamba/envs/cka-cifar/bin/python -m src.train --global-config configs/global_cifar10.yaml --config configs/cka_feddst_mnist.yaml --seed 13 --sparsity 0.7 --cka-strength 0.2 --log-dir results/logs/cka_strength_sweep/cifar10_cka_strength_20260724_145851/strength_0p2/seed_13 --checkpoint-dir results/checkpoints/cka_strength_sweep/cifar10_cka_strength_20260724_145851/strength_0p2/seed_13 --plot-dir results/plots/cka_strength_sweep/cifar10_cka_strength_20260724_145851
Final merged configuration:
alpha: 0.3
batch_size: 64
checkpoint_dir: results/checkpoints/cka_strength_sweep/cifar10_cka_strength_20260724_145851/strength_0p2/seed_13
cka_interval: 2
cka_layers:
- conv1
- conv2
- conv3
- fc1
cka_max_sparsity: 0.95
cka_min_sparsity: 0.5
cka_strength: 0.2
data_check: false
data_dir: data
dataset: cifar10
device: auto
dry_run: false
eval_interval: 1
experiment_config_path: configs/cka_feddst_mnist.yaml
global_config_path: configs/global_cifar10.yaml
local_epochs: 1
log_cka: false
log_dir: results/logs/cka_strength_sweep/cifar10_cka_strength_20260724_145851/strength_0p2/seed_13
lr: 0.01
mask_update_interval: 2
method: cka_feddst
model: cifar_cnn
num_clients: 5
num_workers: 2
output_dir: results
plot_dir: results/plots/cka_strength_sweep/cifar10_cka_strength_20260724_145851
prune_fraction: 0.2
reference_size: 500
regrowth_method: gradient
rounds: 20
save_checkpoint: false
seed: 13
sparsity: 0.7
sparsity_init: random
split_dir: null
Saved merged config to: results/logs/cka_strength_sweep/cifar10_cka_strength_20260724_145851/strength_0p2/seed_13/cka_feddst_cifar10_clients5_alpha0.3_sparsity0.7_cka0.2_seed13_20260724_145955_config.yaml
Client label distributions:
  client 00: n=19994, labels=[2952, 878, 4230, 1942, 3893, 2947, 1170, 1268, 17, 697]
  client 01: n= 5273, labels=[1186, 629, 719, 163, 777, 852, 428, 22, 488, 9]
  client 02: n= 7607, labels=[2, 105, 1, 0, 96, 68, 60, 1042, 2038, 4195]
  client 03: n= 4678, labels=[463, 27, 0, 654, 2, 62, 287, 776, 2407, 0]
  client 04: n=11948, labels=[347, 3311, 0, 2191, 182, 1021, 3005, 1842, 0, 49]

[Run 13/125] suite=cka_strength method=cka_feddst seed=13 sparsity=0.8 cka_strength=0.2
Output log dir: results/logs/cka_strength_sweep/cifar10_cka_strength_20260724_145851/strength_0p2/seed_13
Command: /mnt/aiongpfs/users/dsen/micromamba/envs/cka-cifar/bin/python -m src.train --global-config configs/global_cifar10.yaml --config configs/cka_feddst_mnist.yaml --seed 13 --sparsity 0.8 --cka-strength 0.2 --log-dir results/logs/cka_strength_sweep/cifar10_cka_strength_20260724_145851/strength_0p2/seed_13 --checkpoint-dir results/checkpoints/cka_strength_sweep/cifar10_cka_strength_20260724_145851/strength_0p2/seed_13 --plot-dir results/plots/cka_strength_sweep/cifar10_cka_strength_20260724_145851
Final merged configuration:
alpha: 0.3
batch_size: 64
checkpoint_dir: results/checkpoints/cka_strength_sweep/cifar10_cka_strength_20260724_145851/strength_0p2/seed_13
cka_interval: 2
cka_layers:
- conv1
- conv2
- conv3
- fc1
cka_max_sparsity: 0.95
cka_min_sparsity: 0.5
cka_strength: 0.2
data_check: false
data_dir: data
dataset: cifar10
device: auto
dry_run: false
eval_interval: 1
experiment_config_path: configs/cka_feddst_mnist.yaml
global_config_path: configs/global_cifar10.yaml
local_epochs: 1
log_cka: false
log_dir: results/logs/cka_strength_sweep/cifar10_cka_strength_20260724_145851/strength_0p2/seed_13
lr: 0.01
mask_update_interval: 2
method: cka_feddst
model: cifar_cnn
num_clients: 5
num_workers: 2
output_dir: results
plot_dir: results/plots/cka_strength_sweep/cifar10_cka_strength_20260724_145851
prune_fraction: 0.2
reference_size: 500
regrowth_method: gradient
rounds: 20
save_checkpoint: false
seed: 13
sparsity: 0.8
sparsity_init: random
split_dir: null
Saved merged config to: results/logs/cka_strength_sweep/cifar10_cka_strength_20260724_145851/strength_0p2/seed_13/cka_feddst_cifar10_clients5_alpha0.3_sparsity0.8_cka0.2_seed13_20260724_150000_config.yaml
Client label distributions:
  client 00: n=19994, labels=[2952, 878, 4230, 1942, 3893, 2947, 1170, 1268, 17, 697]
  client 01: n= 5273, labels=[1186, 629, 719, 163, 777, 852, 428, 22, 488, 9]
  client 02: n= 7607, labels=[2, 105, 1, 0, 96, 68, 60, 1042, 2038, 4195]
  client 03: n= 4678, labels=[463, 27, 0, 654, 2, 62, 287, 776, 2407, 0]
  client 04: n=11948, labels=[347, 3311, 0, 2191, 182, 1021, 3005, 1842, 0, 49]

[Run 14/125] suite=cka_strength method=cka_feddst seed=13 sparsity=0.9 cka_strength=0.2
Output log dir: results/logs/cka_strength_sweep/cifar10_cka_strength_20260724_145851/strength_0p2/seed_13
Command: /mnt/aiongpfs/users/dsen/micromamba/envs/cka-cifar/bin/python -m src.train --global-config configs/global_cifar10.yaml --config configs/cka_feddst_mnist.yaml --seed 13 --sparsity 0.9 --cka-strength 0.2 --log-dir results/logs/cka_strength_sweep/cifar10_cka_strength_20260724_145851/strength_0p2/seed_13 --checkpoint-dir results/checkpoints/cka_strength_sweep/cifar10_cka_strength_20260724_145851/strength_0p2/seed_13 --plot-dir results/plots/cka_strength_sweep/cifar10_cka_strength_20260724_145851
Final merged configuration:
alpha: 0.3
batch_size: 64
checkpoint_dir: results/checkpoints/cka_strength_sweep/cifar10_cka_strength_20260724_145851/strength_0p2/seed_13
cka_interval: 2
cka_layers:
- conv1
- conv2
- conv3
- fc1
cka_max_sparsity: 0.95
cka_min_sparsity: 0.5
cka_strength: 0.2
data_check: false
data_dir: data
dataset: cifar10
device: auto
dry_run: false
eval_interval: 1
experiment_config_path: configs/cka_feddst_mnist.yaml
global_config_path: configs/global_cifar10.yaml
local_epochs: 1
log_cka: false
log_dir: results/logs/cka_strength_sweep/cifar10_cka_strength_20260724_145851/strength_0p2/seed_13
lr: 0.01
mask_update_interval: 2
method: cka_feddst
model: cifar_cnn
num_clients: 5
num_workers: 2
output_dir: results
plot_dir: results/plots/cka_strength_sweep/cifar10_cka_strength_20260724_145851
prune_fraction: 0.2
reference_size: 500
regrowth_method: gradient
rounds: 20
save_checkpoint: false
seed: 13
sparsity: 0.9
sparsity_init: random
split_dir: null
Saved merged config to: results/logs/cka_strength_sweep/cifar10_cka_strength_20260724_145851/strength_0p2/seed_13/cka_feddst_cifar10_clients5_alpha0.3_sparsity0.9_cka0.2_seed13_20260724_150006_config.yaml
Client label distributions:
  client 00: n=19994, labels=[2952, 878, 4230, 1942, 3893, 2947, 1170, 1268, 17, 697]
  client 01: n= 5273, labels=[1186, 629, 719, 163, 777, 852, 428, 22, 488, 9]
  client 02: n= 7607, labels=[2, 105, 1, 0, 96, 68, 60, 1042, 2038, 4195]
  client 03: n= 4678, labels=[463, 27, 0, 654, 2, 62, 287, 776, 2407, 0]
  client 04: n=11948, labels=[347, 3311, 0, 2191, 182, 1021, 3005, 1842, 0, 49]

[Run 15/125] suite=cka_strength method=cka_feddst seed=13 sparsity=0.95 cka_strength=0.2
Output log dir: results/logs/cka_strength_sweep/cifar10_cka_strength_20260724_145851/strength_0p2/seed_13
Command: /mnt/aiongpfs/users/dsen/micromamba/envs/cka-cifar/bin/python -m src.train --global-config configs/global_cifar10.yaml --config configs/cka_feddst_mnist.yaml --seed 13 --sparsity 0.95 --cka-strength 0.2 --log-dir results/logs/cka_strength_sweep/cifar10_cka_strength_20260724_145851/strength_0p2/seed_13 --checkpoint-dir results/checkpoints/cka_strength_sweep/cifar10_cka_strength_20260724_145851/strength_0p2/seed_13 --plot-dir results/plots/cka_strength_sweep/cifar10_cka_strength_20260724_145851
Final merged configuration:
alpha: 0.3
batch_size: 64
checkpoint_dir: results/checkpoints/cka_strength_sweep/cifar10_cka_strength_20260724_145851/strength_0p2/seed_13
cka_interval: 2
cka_layers:
- conv1
- conv2
- conv3
- fc1
cka_max_sparsity: 0.95
cka_min_sparsity: 0.5
cka_strength: 0.2
data_check: false
data_dir: data
dataset: cifar10
device: auto
dry_run: false
eval_interval: 1
experiment_config_path: configs/cka_feddst_mnist.yaml
global_config_path: configs/global_cifar10.yaml
local_epochs: 1
log_cka: false
log_dir: results/logs/cka_strength_sweep/cifar10_cka_strength_20260724_145851/strength_0p2/seed_13
lr: 0.01
mask_update_interval: 2
method: cka_feddst
model: cifar_cnn
num_clients: 5
num_workers: 2
output_dir: results
plot_dir: results/plots/cka_strength_sweep/cifar10_cka_strength_20260724_145851
prune_fraction: 0.2
reference_size: 500
regrowth_method: gradient
rounds: 20
save_checkpoint: false
seed: 13
sparsity: 0.95
sparsity_init: random
split_dir: null
Saved merged config to: results/logs/cka_strength_sweep/cifar10_cka_strength_20260724_145851/strength_0p2/seed_13/cka_feddst_cifar10_clients5_alpha0.3_sparsity0.95_cka0.2_seed13_20260724_150011_config.yaml
Client label distributions:
  client 00: n=19994, labels=[2952, 878, 4230, 1942, 3893, 2947, 1170, 1268, 17, 697]
  client 01: n= 5273, labels=[1186, 629, 719, 163, 777, 852, 428, 22, 488, 9]
  client 02: n= 7607, labels=[2, 105, 1, 0, 96, 68, 60, 1042, 2038, 4195]
  client 03: n= 4678, labels=[463, 27, 0, 654, 2, 62, 287, 776, 2407, 0]
  client 04: n=11948, labels=[347, 3311, 0, 2191, 182, 1021, 3005, 1842, 0, 49]

[Run 16/125] suite=cka_strength method=cka_feddst seed=21 sparsity=0.5 cka_strength=0.2
Output log dir: results/logs/cka_strength_sweep/cifar10_cka_strength_20260724_145851/strength_0p2/seed_21
Command: /mnt/aiongpfs/users/dsen/micromamba/envs/cka-cifar/bin/python -m src.train --global-config configs/global_cifar10.yaml --config configs/cka_feddst_mnist.yaml --seed 21 --sparsity 0.5 --cka-strength 0.2 --log-dir results/logs/cka_strength_sweep/cifar10_cka_strength_20260724_145851/strength_0p2/seed_21 --checkpoint-dir results/checkpoints/cka_strength_sweep/cifar10_cka_strength_20260724_145851/strength_0p2/seed_21 --plot-dir results/plots/cka_strength_sweep/cifar10_cka_strength_20260724_145851
Final merged configuration:
alpha: 0.3
batch_size: 64
checkpoint_dir: results/checkpoints/cka_strength_sweep/cifar10_cka_strength_20260724_145851/strength_0p2/seed_21
cka_interval: 2
cka_layers:
- conv1
- conv2
- conv3
- fc1
cka_max_sparsity: 0.95
cka_min_sparsity: 0.5
cka_strength: 0.2
data_check: false
data_dir: data
dataset: cifar10
device: auto
dry_run: false
eval_interval: 1
experiment_config_path: configs/cka_feddst_mnist.yaml
global_config_path: configs/global_cifar10.yaml
local_epochs: 1
log_cka: false
log_dir: results/logs/cka_strength_sweep/cifar10_cka_strength_20260724_145851/strength_0p2/seed_21
lr: 0.01
mask_update_interval: 2
method: cka_feddst
model: cifar_cnn
num_clients: 5
num_workers: 2
output_dir: results
plot_dir: results/plots/cka_strength_sweep/cifar10_cka_strength_20260724_145851
prune_fraction: 0.2
reference_size: 500
regrowth_method: gradient
rounds: 20
save_checkpoint: false
seed: 21
sparsity: 0.5
sparsity_init: random
split_dir: null
Saved merged config to: results/logs/cka_strength_sweep/cifar10_cka_strength_20260724_145851/strength_0p2/seed_21/cka_feddst_cifar10_clients5_alpha0.3_sparsity0.5_cka0.2_seed21_20260724_150017_config.yaml
Client label distributions:
  client 00: n=10151, labels=[68, 0, 4345, 758, 1058, 713, 0, 122, 882, 2205]
  client 01: n=10420, labels=[957, 2155, 26, 376, 2359, 483, 4054, 4, 6, 0]
  client 02: n= 7384, labels=[1406, 266, 313, 764, 191, 13, 184, 2, 3127, 1118]
  client 03: n=13329, labels=[2519, 2506, 245, 1146, 1341, 359, 6, 3254, 563, 1390]
  client 04: n= 8216, labels=[0, 23, 21, 1906, 1, 3382, 706, 1568, 372, 237]

[Run 17/125] suite=cka_strength method=cka_feddst seed=21 sparsity=0.7 cka_strength=0.2
Output log dir: results/logs/cka_strength_sweep/cifar10_cka_strength_20260724_145851/strength_0p2/seed_21
Command: /mnt/aiongpfs/users/dsen/micromamba/envs/cka-cifar/bin/python -m src.train --global-config configs/global_cifar10.yaml --config configs/cka_feddst_mnist.yaml --seed 21 --sparsity 0.7 --cka-strength 0.2 --log-dir results/logs/cka_strength_sweep/cifar10_cka_strength_20260724_145851/strength_0p2/seed_21 --checkpoint-dir results/checkpoints/cka_strength_sweep/cifar10_cka_strength_20260724_145851/strength_0p2/seed_21 --plot-dir results/plots/cka_strength_sweep/cifar10_cka_strength_20260724_145851
Final merged configuration:
alpha: 0.3
batch_size: 64
checkpoint_dir: results/checkpoints/cka_strength_sweep/cifar10_cka_strength_20260724_145851/strength_0p2/seed_21
cka_interval: 2
cka_layers:
- conv1
- conv2
- conv3
- fc1
cka_max_sparsity: 0.95
cka_min_sparsity: 0.5
cka_strength: 0.2
data_check: false
data_dir: data
dataset: cifar10
device: auto
dry_run: false
eval_interval: 1
experiment_config_path: configs/cka_feddst_mnist.yaml
global_config_path: configs/global_cifar10.yaml
local_epochs: 1
log_cka: false
log_dir: results/logs/cka_strength_sweep/cifar10_cka_strength_20260724_145851/strength_0p2/seed_21
lr: 0.01
mask_update_interval: 2
method: cka_feddst
model: cifar_cnn
num_clients: 5
num_workers: 2
output_dir: results
plot_dir: results/plots/cka_strength_sweep/cifar10_cka_strength_20260724_145851
prune_fraction: 0.2
reference_size: 500
regrowth_method: gradient
rounds: 20
save_checkpoint: false
seed: 21
sparsity: 0.7
sparsity_init: random
split_dir: null
Saved merged config to: results/logs/cka_strength_sweep/cifar10_cka_strength_20260724_145851/strength_0p2/seed_21/cka_feddst_cifar10_clients5_alpha0.3_sparsity0.7_cka0.2_seed21_20260724_150023_config.yaml
Client label distributions:
  client 00: n=10151, labels=[68, 0, 4345, 758, 1058, 713, 0, 122, 882, 2205]
  client 01: n=10420, labels=[957, 2155, 26, 376, 2359, 483, 4054, 4, 6, 0]
  client 02: n= 7384, labels=[1406, 266, 313, 764, 191, 13, 184, 2, 3127, 1118]
  client 03: n=13329, labels=[2519, 2506, 245, 1146, 1341, 359, 6, 3254, 563, 1390]
  client 04: n= 8216, labels=[0, 23, 21, 1906, 1, 3382, 706, 1568, 372, 237]

[Run 18/125] suite=cka_strength method=cka_feddst seed=21 sparsity=0.8 cka_strength=0.2
Output log dir: results/logs/cka_strength_sweep/cifar10_cka_strength_20260724_145851/strength_0p2/seed_21
Command: /mnt/aiongpfs/users/dsen/micromamba/envs/cka-cifar/bin/python -m src.train --global-config configs/global_cifar10.yaml --config configs/cka_feddst_mnist.yaml --seed 21 --sparsity 0.8 --cka-strength 0.2 --log-dir results/logs/cka_strength_sweep/cifar10_cka_strength_20260724_145851/strength_0p2/seed_21 --checkpoint-dir results/checkpoints/cka_strength_sweep/cifar10_cka_strength_20260724_145851/strength_0p2/seed_21 --plot-dir results/plots/cka_strength_sweep/cifar10_cka_strength_20260724_145851
Final merged configuration:
alpha: 0.3
batch_size: 64
checkpoint_dir: results/checkpoints/cka_strength_sweep/cifar10_cka_strength_20260724_145851/strength_0p2/seed_21
cka_interval: 2
cka_layers:
- conv1
- conv2
- conv3
- fc1
cka_max_sparsity: 0.95
cka_min_sparsity: 0.5
cka_strength: 0.2
data_check: false
data_dir: data
dataset: cifar10
device: auto
dry_run: false
eval_interval: 1
experiment_config_path: configs/cka_feddst_mnist.yaml
global_config_path: configs/global_cifar10.yaml
local_epochs: 1
log_cka: false
log_dir: results/logs/cka_strength_sweep/cifar10_cka_strength_20260724_145851/strength_0p2/seed_21
lr: 0.01
mask_update_interval: 2
method: cka_feddst
model: cifar_cnn
num_clients: 5
num_workers: 2
output_dir: results
plot_dir: results/plots/cka_strength_sweep/cifar10_cka_strength_20260724_145851
prune_fraction: 0.2
reference_size: 500
regrowth_method: gradient
rounds: 20
save_checkpoint: false
seed: 21
sparsity: 0.8
sparsity_init: random
split_dir: null
Saved merged config to: results/logs/cka_strength_sweep/cifar10_cka_strength_20260724_145851/strength_0p2/seed_21/cka_feddst_cifar10_clients5_alpha0.3_sparsity0.8_cka0.2_seed21_20260724_150028_config.yaml
Client label distributions:
  client 00: n=10151, labels=[68, 0, 4345, 758, 1058, 713, 0, 122, 882, 2205]
  client 01: n=10420, labels=[957, 2155, 26, 376, 2359, 483, 4054, 4, 6, 0]
  client 02: n= 7384, labels=[1406, 266, 313, 764, 191, 13, 184, 2, 3127, 1118]
  client 03: n=13329, labels=[2519, 2506, 245, 1146, 1341, 359, 6, 3254, 563, 1390]
  client 04: n= 8216, labels=[0, 23, 21, 1906, 1, 3382, 706, 1568, 372, 237]

[Run 19/125] suite=cka_strength method=cka_feddst seed=21 sparsity=0.9 cka_strength=0.2
Output log dir: results/logs/cka_strength_sweep/cifar10_cka_strength_20260724_145851/strength_0p2/seed_21
Command: /mnt/aiongpfs/users/dsen/micromamba/envs/cka-cifar/bin/python -m src.train --global-config configs/global_cifar10.yaml --config configs/cka_feddst_mnist.yaml --seed 21 --sparsity 0.9 --cka-strength 0.2 --log-dir results/logs/cka_strength_sweep/cifar10_cka_strength_20260724_145851/strength_0p2/seed_21 --checkpoint-dir results/checkpoints/cka_strength_sweep/cifar10_cka_strength_20260724_145851/strength_0p2/seed_21 --plot-dir results/plots/cka_strength_sweep/cifar10_cka_strength_20260724_145851
Final merged configuration:
alpha: 0.3
batch_size: 64
checkpoint_dir: results/checkpoints/cka_strength_sweep/cifar10_cka_strength_20260724_145851/strength_0p2/seed_21
cka_interval: 2
cka_layers:
- conv1
- conv2
- conv3
- fc1
cka_max_sparsity: 0.95
cka_min_sparsity: 0.5
cka_strength: 0.2
data_check: false
data_dir: data
dataset: cifar10
device: auto
dry_run: false
eval_interval: 1
experiment_config_path: configs/cka_feddst_mnist.yaml
global_config_path: configs/global_cifar10.yaml
local_epochs: 1
log_cka: false
log_dir: results/logs/cka_strength_sweep/cifar10_cka_strength_20260724_145851/strength_0p2/seed_21
lr: 0.01
mask_update_interval: 2
method: cka_feddst
model: cifar_cnn
num_clients: 5
num_workers: 2
output_dir: results
plot_dir: results/plots/cka_strength_sweep/cifar10_cka_strength_20260724_145851
prune_fraction: 0.2
reference_size: 500
regrowth_method: gradient
rounds: 20
save_checkpoint: false
seed: 21
sparsity: 0.9
sparsity_init: random
split_dir: null
Saved merged config to: results/logs/cka_strength_sweep/cifar10_cka_strength_20260724_145851/strength_0p2/seed_21/cka_feddst_cifar10_clients5_alpha0.3_sparsity0.9_cka0.2_seed21_20260724_150034_config.yaml
Client label distributions:
  client 00: n=10151, labels=[68, 0, 4345, 758, 1058, 713, 0, 122, 882, 2205]
  client 01: n=10420, labels=[957, 2155, 26, 376, 2359, 483, 4054, 4, 6, 0]
  client 02: n= 7384, labels=[1406, 266, 313, 764, 191, 13, 184, 2, 3127, 1118]
  client 03: n=13329, labels=[2519, 2506, 245, 1146, 1341, 359, 6, 3254, 563, 1390]
  client 04: n= 8216, labels=[0, 23, 21, 1906, 1, 3382, 706, 1568, 372, 237]

[Run 20/125] suite=cka_strength method=cka_feddst seed=21 sparsity=0.95 cka_strength=0.2
Output log dir: results/logs/cka_strength_sweep/cifar10_cka_strength_20260724_145851/strength_0p2/seed_21
Command: /mnt/aiongpfs/users/dsen/micromamba/envs/cka-cifar/bin/python -m src.train --global-config configs/global_cifar10.yaml --config configs/cka_feddst_mnist.yaml --seed 21 --sparsity 0.95 --cka-strength 0.2 --log-dir results/logs/cka_strength_sweep/cifar10_cka_strength_20260724_145851/strength_0p2/seed_21 --checkpoint-dir results/checkpoints/cka_strength_sweep/cifar10_cka_strength_20260724_145851/strength_0p2/seed_21 --plot-dir results/plots/cka_strength_sweep/cifar10_cka_strength_20260724_145851
Final merged configuration:
alpha: 0.3
batch_size: 64
checkpoint_dir: results/checkpoints/cka_strength_sweep/cifar10_cka_strength_20260724_145851/strength_0p2/seed_21
cka_interval: 2
cka_layers:
- conv1
- conv2
- conv3
- fc1
cka_max_sparsity: 0.95
cka_min_sparsity: 0.5
cka_strength: 0.2
data_check: false
data_dir: data
dataset: cifar10
device: auto
dry_run: false
eval_interval: 1
experiment_config_path: configs/cka_feddst_mnist.yaml
global_config_path: configs/global_cifar10.yaml
local_epochs: 1
log_cka: false
log_dir: results/logs/cka_strength_sweep/cifar10_cka_strength_20260724_145851/strength_0p2/seed_21
lr: 0.01
mask_update_interval: 2
method: cka_feddst
model: cifar_cnn
num_clients: 5
num_workers: 2
output_dir: results
plot_dir: results/plots/cka_strength_sweep/cifar10_cka_strength_20260724_145851
prune_fraction: 0.2
reference_size: 500
regrowth_method: gradient
rounds: 20
save_checkpoint: false
seed: 21
sparsity: 0.95
sparsity_init: random
split_dir: null
Saved merged config to: results/logs/cka_strength_sweep/cifar10_cka_strength_20260724_145851/strength_0p2/seed_21/cka_feddst_cifar10_clients5_alpha0.3_sparsity0.95_cka0.2_seed21_20260724_150040_config.yaml
Client label distributions:
  client 00: n=10151, labels=[68, 0, 4345, 758, 1058, 713, 0, 122, 882, 2205]
  client 01: n=10420, labels=[957, 2155, 26, 376, 2359, 483, 4054, 4, 6, 0]
  client 02: n= 7384, labels=[1406, 266, 313, 764, 191, 13, 184, 2, 3127, 1118]
  client 03: n=13329, labels=[2519, 2506, 245, 1146, 1341, 359, 6, 3254, 563, 1390]
  client 04: n= 8216, labels=[0, 23, 21, 1906, 1, 3382, 706, 1568, 372, 237]

[Run 21/125] suite=cka_strength method=cka_feddst seed=100 sparsity=0.5 cka_strength=0.2
Output log dir: results/logs/cka_strength_sweep/cifar10_cka_strength_20260724_145851/strength_0p2/seed_100
Command: /mnt/aiongpfs/users/dsen/micromamba/envs/cka-cifar/bin/python -m src.train --global-config configs/global_cifar10.yaml --config configs/cka_feddst_mnist.yaml --seed 100 --sparsity 0.5 --cka-strength 0.2 --log-dir results/logs/cka_strength_sweep/cifar10_cka_strength_20260724_145851/strength_0p2/seed_100 --checkpoint-dir results/checkpoints/cka_strength_sweep/cifar10_cka_strength_20260724_145851/strength_0p2/seed_100 --plot-dir results/plots/cka_strength_sweep/cifar10_cka_strength_20260724_145851
Final merged configuration:
alpha: 0.3
batch_size: 64
checkpoint_dir: results/checkpoints/cka_strength_sweep/cifar10_cka_strength_20260724_145851/strength_0p2/seed_100
cka_interval: 2
cka_layers:
- conv1
- conv2
- conv3
- fc1
cka_max_sparsity: 0.95
cka_min_sparsity: 0.5
cka_strength: 0.2
data_check: false
data_dir: data
dataset: cifar10
device: auto
dry_run: false
eval_interval: 1
experiment_config_path: configs/cka_feddst_mnist.yaml
global_config_path: configs/global_cifar10.yaml
local_epochs: 1
log_cka: false
log_dir: results/logs/cka_strength_sweep/cifar10_cka_strength_20260724_145851/strength_0p2/seed_100
lr: 0.01
mask_update_interval: 2
method: cka_feddst
model: cifar_cnn
num_clients: 5
num_workers: 2
output_dir: results
plot_dir: results/plots/cka_strength_sweep/cifar10_cka_strength_20260724_145851
prune_fraction: 0.2
reference_size: 500
regrowth_method: gradient
rounds: 20
save_checkpoint: false
seed: 100
sparsity: 0.5
sparsity_init: random
split_dir: null
Saved merged config to: results/logs/cka_strength_sweep/cifar10_cka_strength_20260724_145851/strength_0p2/seed_100/cka_feddst_cifar10_clients5_alpha0.3_sparsity0.5_cka0.2_seed100_20260724_150045_config.yaml
Client label distributions:
  client 00: n= 6485, labels=[2604, 0, 589, 2, 2, 5, 173, 2831, 8, 271]
  client 01: n= 9836, labels=[30, 0, 237, 3053, 347, 2329, 15, 2008, 2, 1815]
  client 02: n= 9670, labels=[180, 2324, 0, 407, 463, 481, 1656, 64, 4094, 1]
  client 03: n= 6110, labels=[2074, 92, 1, 1395, 1095, 27, 832, 24, 30, 540]
  client 04: n=17399, labels=[62, 2534, 4123, 93, 3043, 2108, 2274, 23, 816, 2323]

[Run 22/125] suite=cka_strength method=cka_feddst seed=100 sparsity=0.7 cka_strength=0.2
Output log dir: results/logs/cka_strength_sweep/cifar10_cka_strength_20260724_145851/strength_0p2/seed_100
Command: /mnt/aiongpfs/users/dsen/micromamba/envs/cka-cifar/bin/python -m src.train --global-config configs/global_cifar10.yaml --config configs/cka_feddst_mnist.yaml --seed 100 --sparsity 0.7 --cka-strength 0.2 --log-dir results/logs/cka_strength_sweep/cifar10_cka_strength_20260724_145851/strength_0p2/seed_100 --checkpoint-dir results/checkpoints/cka_strength_sweep/cifar10_cka_strength_20260724_145851/strength_0p2/seed_100 --plot-dir results/plots/cka_strength_sweep/cifar10_cka_strength_20260724_145851
Final merged configuration:
alpha: 0.3
batch_size: 64
checkpoint_dir: results/checkpoints/cka_strength_sweep/cifar10_cka_strength_20260724_145851/strength_0p2/seed_100
cka_interval: 2
cka_layers:
- conv1
- conv2
- conv3
- fc1
cka_max_sparsity: 0.95
cka_min_sparsity: 0.5
cka_strength: 0.2
data_check: false
data_dir: data
dataset: cifar10
device: auto
dry_run: false
eval_interval: 1
experiment_config_path: configs/cka_feddst_mnist.yaml
global_config_path: configs/global_cifar10.yaml
local_epochs: 1
log_cka: false
log_dir: results/logs/cka_strength_sweep/cifar10_cka_strength_20260724_145851/strength_0p2/seed_100
lr: 0.01
mask_update_interval: 2
method: cka_feddst
model: cifar_cnn
num_clients: 5
num_workers: 2
output_dir: results
plot_dir: results/plots/cka_strength_sweep/cifar10_cka_strength_20260724_145851
prune_fraction: 0.2
reference_size: 500
regrowth_method: gradient
rounds: 20
save_checkpoint: false
seed: 100
sparsity: 0.7
sparsity_init: random
split_dir: null
Saved merged config to: results/logs/cka_strength_sweep/cifar10_cka_strength_20260724_145851/strength_0p2/seed_100/cka_feddst_cifar10_clients5_alpha0.3_sparsity0.7_cka0.2_seed100_20260724_150051_config.yaml
Client label distributions:
  client 00: n= 6485, labels=[2604, 0, 589, 2, 2, 5, 173, 2831, 8, 271]
  client 01: n= 9836, labels=[30, 0, 237, 3053, 347, 2329, 15, 2008, 2, 1815]
  client 02: n= 9670, labels=[180, 2324, 0, 407, 463, 481, 1656, 64, 4094, 1]
  client 03: n= 6110, labels=[2074, 92, 1, 1395, 1095, 27, 832, 24, 30, 540]
  client 04: n=17399, labels=[62, 2534, 4123, 93, 3043, 2108, 2274, 23, 816, 2323]

[Run 23/125] suite=cka_strength method=cka_feddst seed=100 sparsity=0.8 cka_strength=0.2
Output log dir: results/logs/cka_strength_sweep/cifar10_cka_strength_20260724_145851/strength_0p2/seed_100
Command: /mnt/aiongpfs/users/dsen/micromamba/envs/cka-cifar/bin/python -m src.train --global-config configs/global_cifar10.yaml --config configs/cka_feddst_mnist.yaml --seed 100 --sparsity 0.8 --cka-strength 0.2 --log-dir results/logs/cka_strength_sweep/cifar10_cka_strength_20260724_145851/strength_0p2/seed_100 --checkpoint-dir results/checkpoints/cka_strength_sweep/cifar10_cka_strength_20260724_145851/strength_0p2/seed_100 --plot-dir results/plots/cka_strength_sweep/cifar10_cka_strength_20260724_145851
Final merged configuration:
alpha: 0.3
batch_size: 64
checkpoint_dir: results/checkpoints/cka_strength_sweep/cifar10_cka_strength_20260724_145851/strength_0p2/seed_100
cka_interval: 2
cka_layers:
- conv1
- conv2
- conv3
- fc1
cka_max_sparsity: 0.95
cka_min_sparsity: 0.5
cka_strength: 0.2
data_check: false
data_dir: data
dataset: cifar10
device: auto
dry_run: false
eval_interval: 1
experiment_config_path: configs/cka_feddst_mnist.yaml
global_config_path: configs/global_cifar10.yaml
local_epochs: 1
log_cka: false
log_dir: results/logs/cka_strength_sweep/cifar10_cka_strength_20260724_145851/strength_0p2/seed_100
lr: 0.01
mask_update_interval: 2
method: cka_feddst
model: cifar_cnn
num_clients: 5
num_workers: 2
output_dir: results
plot_dir: results/plots/cka_strength_sweep/cifar10_cka_strength_20260724_145851
prune_fraction: 0.2
reference_size: 500
regrowth_method: gradient
rounds: 20
save_checkpoint: false
seed: 100
sparsity: 0.8
sparsity_init: random
split_dir: null
Saved merged config to: results/logs/cka_strength_sweep/cifar10_cka_strength_20260724_145851/strength_0p2/seed_100/cka_feddst_cifar10_clients5_alpha0.3_sparsity0.8_cka0.2_seed100_20260724_150057_config.yaml
Client label distributions:
  client 00: n= 6485, labels=[2604, 0, 589, 2, 2, 5, 173, 2831, 8, 271]
  client 01: n= 9836, labels=[30, 0, 237, 3053, 347, 2329, 15, 2008, 2, 1815]
  client 02: n= 9670, labels=[180, 2324, 0, 407, 463, 481, 1656, 64, 4094, 1]
  client 03: n= 6110, labels=[2074, 92, 1, 1395, 1095, 27, 832, 24, 30, 540]
  client 04: n=17399, labels=[62, 2534, 4123, 93, 3043, 2108, 2274, 23, 816, 2323]

[Run 24/125] suite=cka_strength method=cka_feddst seed=100 sparsity=0.9 cka_strength=0.2
Output log dir: results/logs/cka_strength_sweep/cifar10_cka_strength_20260724_145851/strength_0p2/seed_100
Command: /mnt/aiongpfs/users/dsen/micromamba/envs/cka-cifar/bin/python -m src.train --global-config configs/global_cifar10.yaml --config configs/cka_feddst_mnist.yaml --seed 100 --sparsity 0.9 --cka-strength 0.2 --log-dir results/logs/cka_strength_sweep/cifar10_cka_strength_20260724_145851/strength_0p2/seed_100 --checkpoint-dir results/checkpoints/cka_strength_sweep/cifar10_cka_strength_20260724_145851/strength_0p2/seed_100 --plot-dir results/plots/cka_strength_sweep/cifar10_cka_strength_20260724_145851
Final merged configuration:
alpha: 0.3
batch_size: 64
checkpoint_dir: results/checkpoints/cka_strength_sweep/cifar10_cka_strength_20260724_145851/strength_0p2/seed_100
cka_interval: 2
cka_layers:
- conv1
- conv2
- conv3
- fc1
cka_max_sparsity: 0.95
cka_min_sparsity: 0.5
cka_strength: 0.2
data_check: false
data_dir: data
dataset: cifar10
device: auto
dry_run: false
eval_interval: 1
experiment_config_path: configs/cka_feddst_mnist.yaml
global_config_path: configs/global_cifar10.yaml
local_epochs: 1
log_cka: false
log_dir: results/logs/cka_strength_sweep/cifar10_cka_strength_20260724_145851/strength_0p2/seed_100
lr: 0.01
mask_update_interval: 2
method: cka_feddst
model: cifar_cnn
num_clients: 5
num_workers: 2
output_dir: results
plot_dir: results/plots/cka_strength_sweep/cifar10_cka_strength_20260724_145851
prune_fraction: 0.2
reference_size: 500
regrowth_method: gradient
rounds: 20
save_checkpoint: false
seed: 100
sparsity: 0.9
sparsity_init: random
split_dir: null
Saved merged config to: results/logs/cka_strength_sweep/cifar10_cka_strength_20260724_145851/strength_0p2/seed_100/cka_feddst_cifar10_clients5_alpha0.3_sparsity0.9_cka0.2_seed100_20260724_150102_config.yaml
Client label distributions:
  client 00: n= 6485, labels=[2604, 0, 589, 2, 2, 5, 173, 2831, 8, 271]
  client 01: n= 9836, labels=[30, 0, 237, 3053, 347, 2329, 15, 2008, 2, 1815]
  client 02: n= 9670, labels=[180, 2324, 0, 407, 463, 481, 1656, 64, 4094, 1]
  client 03: n= 6110, labels=[2074, 92, 1, 1395, 1095, 27, 832, 24, 30, 540]
  client 04: n=17399, labels=[62, 2534, 4123, 93, 3043, 2108, 2274, 23, 816, 2323]

[Run 25/125] suite=cka_strength method=cka_feddst seed=100 sparsity=0.95 cka_strength=0.2
Output log dir: results/logs/cka_strength_sweep/cifar10_cka_strength_20260724_145851/strength_0p2/seed_100
Command: /mnt/aiongpfs/users/dsen/micromamba/envs/cka-cifar/bin/python -m src.train --global-config configs/global_cifar10.yaml --config configs/cka_feddst_mnist.yaml --seed 100 --sparsity 0.95 --cka-strength 0.2 --log-dir results/logs/cka_strength_sweep/cifar10_cka_strength_20260724_145851/strength_0p2/seed_100 --checkpoint-dir results/checkpoints/cka_strength_sweep/cifar10_cka_strength_20260724_145851/strength_0p2/seed_100 --plot-dir results/plots/cka_strength_sweep/cifar10_cka_strength_20260724_145851
Final merged configuration:
alpha: 0.3
batch_size: 64
checkpoint_dir: results/checkpoints/cka_strength_sweep/cifar10_cka_strength_20260724_145851/strength_0p2/seed_100
cka_interval: 2
cka_layers:
- conv1
- conv2
- conv3
- fc1
cka_max_sparsity: 0.95
cka_min_sparsity: 0.5
cka_strength: 0.2
data_check: false
data_dir: data
dataset: cifar10
device: auto
dry_run: false
eval_interval: 1
experiment_config_path: configs/cka_feddst_mnist.yaml
global_config_path: configs/global_cifar10.yaml
local_epochs: 1
log_cka: false
log_dir: results/logs/cka_strength_sweep/cifar10_cka_strength_20260724_145851/strength_0p2/seed_100
lr: 0.01
mask_update_interval: 2
method: cka_feddst
model: cifar_cnn
num_clients: 5
num_workers: 2
output_dir: results
plot_dir: results/plots/cka_strength_sweep/cifar10_cka_strength_20260724_145851
prune_fraction: 0.2
reference_size: 500
regrowth_method: gradient
rounds: 20
save_checkpoint: false
seed: 100
sparsity: 0.95
sparsity_init: random
split_dir: null
Saved merged config to: results/logs/cka_strength_sweep/cifar10_cka_strength_20260724_145851/strength_0p2/seed_100/cka_feddst_cifar10_clients5_alpha0.3_sparsity0.95_cka0.2_seed100_20260724_150108_config.yaml
Client label distributions:
  client 00: n= 6485, labels=[2604, 0, 589, 2, 2, 5, 173, 2831, 8, 271]
  client 01: n= 9836, labels=[30, 0, 237, 3053, 347, 2329, 15, 2008, 2, 1815]
  client 02: n= 9670, labels=[180, 2324, 0, 407, 463, 481, 1656, 64, 4094, 1]
  client 03: n= 6110, labels=[2074, 92, 1, 1395, 1095, 27, 832, 24, 30, 540]
  client 04: n=17399, labels=[62, 2534, 4123, 93, 3043, 2108, 2274, 23, 816, 2323]

[Run 26/125] suite=cka_strength method=cka_feddst seed=42 sparsity=0.5 cka_strength=0.5
Output log dir: results/logs/cka_strength_sweep/cifar10_cka_strength_20260724_145851/strength_0p5/seed_42
Command: /mnt/aiongpfs/users/dsen/micromamba/envs/cka-cifar/bin/python -m src.train --global-config configs/global_cifar10.yaml --config configs/cka_feddst_mnist.yaml --seed 42 --sparsity 0.5 --cka-strength 0.5 --log-dir results/logs/cka_strength_sweep/cifar10_cka_strength_20260724_145851/strength_0p5/seed_42 --checkpoint-dir results/checkpoints/cka_strength_sweep/cifar10_cka_strength_20260724_145851/strength_0p5/seed_42 --plot-dir results/plots/cka_strength_sweep/cifar10_cka_strength_20260724_145851
Final merged configuration:
alpha: 0.3
batch_size: 64
checkpoint_dir: results/checkpoints/cka_strength_sweep/cifar10_cka_strength_20260724_145851/strength_0p5/seed_42
cka_interval: 2
cka_layers:
- conv1
- conv2
- conv3
- fc1
cka_max_sparsity: 0.95
cka_min_sparsity: 0.5
cka_strength: 0.5
data_check: false
data_dir: data
dataset: cifar10
device: auto
dry_run: false
eval_interval: 1
experiment_config_path: configs/cka_feddst_mnist.yaml
global_config_path: configs/global_cifar10.yaml
local_epochs: 1
log_cka: false
log_dir: results/logs/cka_strength_sweep/cifar10_cka_strength_20260724_145851/strength_0p5/seed_42
lr: 0.01
mask_update_interval: 2
method: cka_feddst
model: cifar_cnn
num_clients: 5
num_workers: 2
output_dir: results
plot_dir: results/plots/cka_strength_sweep/cifar10_cka_strength_20260724_145851
prune_fraction: 0.2
reference_size: 500
regrowth_method: gradient
rounds: 20
save_checkpoint: false
seed: 42
sparsity: 0.5
sparsity_init: random
split_dir: null
Saved merged config to: results/logs/cka_strength_sweep/cifar10_cka_strength_20260724_145851/strength_0p5/seed_42/cka_feddst_cifar10_clients5_alpha0.3_sparsity0.5_cka0.5_seed42_20260724_150113_config.yaml
Client label distributions:
  client 00: n= 6173, labels=[449, 1577, 16, 53, 288, 1254, 18, 319, 1561, 638]
  client 01: n= 6712, labels=[388, 41, 1016, 674, 619, 293, 705, 1884, 2, 1090]
  client 02: n= 6610, labels=[14, 2050, 564, 1192, 934, 206, 33, 1318, 147, 152]
  client 03: n=12351, labels=[4094, 1282, 465, 1114, 4, 0, 3603, 1424, 313, 52]
  client 04: n=17654, labels=[5, 0, 2889, 1917, 3105, 3197, 591, 5, 2927, 3018]

[Run 27/125] suite=cka_strength method=cka_feddst seed=42 sparsity=0.7 cka_strength=0.5
Output log dir: results/logs/cka_strength_sweep/cifar10_cka_strength_20260724_145851/strength_0p5/seed_42
Command: /mnt/aiongpfs/users/dsen/micromamba/envs/cka-cifar/bin/python -m src.train --global-config configs/global_cifar10.yaml --config configs/cka_feddst_mnist.yaml --seed 42 --sparsity 0.7 --cka-strength 0.5 --log-dir results/logs/cka_strength_sweep/cifar10_cka_strength_20260724_145851/strength_0p5/seed_42 --checkpoint-dir results/checkpoints/cka_strength_sweep/cifar10_cka_strength_20260724_145851/strength_0p5/seed_42 --plot-dir results/plots/cka_strength_sweep/cifar10_cka_strength_20260724_145851
Final merged configuration:
alpha: 0.3
batch_size: 64
checkpoint_dir: results/checkpoints/cka_strength_sweep/cifar10_cka_strength_20260724_145851/strength_0p5/seed_42
cka_interval: 2
cka_layers:
- conv1
- conv2
- conv3
- fc1
cka_max_sparsity: 0.95
cka_min_sparsity: 0.5
cka_strength: 0.5
data_check: false
data_dir: data
dataset: cifar10
device: auto
dry_run: false
eval_interval: 1
experiment_config_path: configs/cka_feddst_mnist.yaml
global_config_path: configs/global_cifar10.yaml
local_epochs: 1
log_cka: false
log_dir: results/logs/cka_strength_sweep/cifar10_cka_strength_20260724_145851/strength_0p5/seed_42
lr: 0.01
mask_update_interval: 2
method: cka_feddst
model: cifar_cnn
num_clients: 5
num_workers: 2
output_dir: results
plot_dir: results/plots/cka_strength_sweep/cifar10_cka_strength_20260724_145851
prune_fraction: 0.2
reference_size: 500
regrowth_method: gradient
rounds: 20
save_checkpoint: false
seed: 42
sparsity: 0.7
sparsity_init: random
split_dir: null
Saved merged config to: results/logs/cka_strength_sweep/cifar10_cka_strength_20260724_145851/strength_0p5/seed_42/cka_feddst_cifar10_clients5_alpha0.3_sparsity0.7_cka0.5_seed42_20260724_150119_config.yaml
Client label distributions:
  client 00: n= 6173, labels=[449, 1577, 16, 53, 288, 1254, 18, 319, 1561, 638]
  client 01: n= 6712, labels=[388, 41, 1016, 674, 619, 293, 705, 1884, 2, 1090]
  client 02: n= 6610, labels=[14, 2050, 564, 1192, 934, 206, 33, 1318, 147, 152]
  client 03: n=12351, labels=[4094, 1282, 465, 1114, 4, 0, 3603, 1424, 313, 52]
  client 04: n=17654, labels=[5, 0, 2889, 1917, 3105, 3197, 591, 5, 2927, 3018]

[Run 28/125] suite=cka_strength method=cka_feddst seed=42 sparsity=0.8 cka_strength=0.5
Output log dir: results/logs/cka_strength_sweep/cifar10_cka_strength_20260724_145851/strength_0p5/seed_42
Command: /mnt/aiongpfs/users/dsen/micromamba/envs/cka-cifar/bin/python -m src.train --global-config configs/global_cifar10.yaml --config configs/cka_feddst_mnist.yaml --seed 42 --sparsity 0.8 --cka-strength 0.5 --log-dir results/logs/cka_strength_sweep/cifar10_cka_strength_20260724_145851/strength_0p5/seed_42 --checkpoint-dir results/checkpoints/cka_strength_sweep/cifar10_cka_strength_20260724_145851/strength_0p5/seed_42 --plot-dir results/plots/cka_strength_sweep/cifar10_cka_strength_20260724_145851
Final merged configuration:
alpha: 0.3
batch_size: 64
checkpoint_dir: results/checkpoints/cka_strength_sweep/cifar10_cka_strength_20260724_145851/strength_0p5/seed_42
cka_interval: 2
cka_layers:
- conv1
- conv2
- conv3
- fc1
cka_max_sparsity: 0.95
cka_min_sparsity: 0.5
cka_strength: 0.5
data_check: false
data_dir: data
dataset: cifar10
device: auto
dry_run: false
eval_interval: 1
experiment_config_path: configs/cka_feddst_mnist.yaml
global_config_path: configs/global_cifar10.yaml
local_epochs: 1
log_cka: false
log_dir: results/logs/cka_strength_sweep/cifar10_cka_strength_20260724_145851/strength_0p5/seed_42
lr: 0.01
mask_update_interval: 2
method: cka_feddst
model: cifar_cnn
num_clients: 5
num_workers: 2
output_dir: results
plot_dir: results/plots/cka_strength_sweep/cifar10_cka_strength_20260724_145851
prune_fraction: 0.2
reference_size: 500
regrowth_method: gradient
rounds: 20
save_checkpoint: false
seed: 42
sparsity: 0.8
sparsity_init: random
split_dir: null
Saved merged config to: results/logs/cka_strength_sweep/cifar10_cka_strength_20260724_145851/strength_0p5/seed_42/cka_feddst_cifar10_clients5_alpha0.3_sparsity0.8_cka0.5_seed42_20260724_150125_config.yaml
Client label distributions:
  client 00: n= 6173, labels=[449, 1577, 16, 53, 288, 1254, 18, 319, 1561, 638]
  client 01: n= 6712, labels=[388, 41, 1016, 674, 619, 293, 705, 1884, 2, 1090]
  client 02: n= 6610, labels=[14, 2050, 564, 1192, 934, 206, 33, 1318, 147, 152]
  client 03: n=12351, labels=[4094, 1282, 465, 1114, 4, 0, 3603, 1424, 313, 52]
  client 04: n=17654, labels=[5, 0, 2889, 1917, 3105, 3197, 591, 5, 2927, 3018]

[Run 29/125] suite=cka_strength method=cka_feddst seed=42 sparsity=0.9 cka_strength=0.5
Output log dir: results/logs/cka_strength_sweep/cifar10_cka_strength_20260724_145851/strength_0p5/seed_42
Command: /mnt/aiongpfs/users/dsen/micromamba/envs/cka-cifar/bin/python -m src.train --global-config configs/global_cifar10.yaml --config configs/cka_feddst_mnist.yaml --seed 42 --sparsity 0.9 --cka-strength 0.5 --log-dir results/logs/cka_strength_sweep/cifar10_cka_strength_20260724_145851/strength_0p5/seed_42 --checkpoint-dir results/checkpoints/cka_strength_sweep/cifar10_cka_strength_20260724_145851/strength_0p5/seed_42 --plot-dir results/plots/cka_strength_sweep/cifar10_cka_strength_20260724_145851
Final merged configuration:
alpha: 0.3
batch_size: 64
checkpoint_dir: results/checkpoints/cka_strength_sweep/cifar10_cka_strength_20260724_145851/strength_0p5/seed_42
cka_interval: 2
cka_layers:
- conv1
- conv2
- conv3
- fc1
cka_max_sparsity: 0.95
cka_min_sparsity: 0.5
cka_strength: 0.5
data_check: false
data_dir: data
dataset: cifar10
device: auto
dry_run: false
eval_interval: 1
experiment_config_path: configs/cka_feddst_mnist.yaml
global_config_path: configs/global_cifar10.yaml
local_epochs: 1
log_cka: false
log_dir: results/logs/cka_strength_sweep/cifar10_cka_strength_20260724_145851/strength_0p5/seed_42
lr: 0.01
mask_update_interval: 2
method: cka_feddst
model: cifar_cnn
num_clients: 5
num_workers: 2
output_dir: results
plot_dir: results/plots/cka_strength_sweep/cifar10_cka_strength_20260724_145851
prune_fraction: 0.2
reference_size: 500
regrowth_method: gradient
rounds: 20
save_checkpoint: false
seed: 42
sparsity: 0.9
sparsity_init: random
split_dir: null
Saved merged config to: results/logs/cka_strength_sweep/cifar10_cka_strength_20260724_145851/strength_0p5/seed_42/cka_feddst_cifar10_clients5_alpha0.3_sparsity0.9_cka0.5_seed42_20260724_150130_config.yaml
Client label distributions:
  client 00: n= 6173, labels=[449, 1577, 16, 53, 288, 1254, 18, 319, 1561, 638]
  client 01: n= 6712, labels=[388, 41, 1016, 674, 619, 293, 705, 1884, 2, 1090]
  client 02: n= 6610, labels=[14, 2050, 564, 1192, 934, 206, 33, 1318, 147, 152]
  client 03: n=12351, labels=[4094, 1282, 465, 1114, 4, 0, 3603, 1424, 313, 52]
  client 04: n=17654, labels=[5, 0, 2889, 1917, 3105, 3197, 591, 5, 2927, 3018]

[Run 30/125] suite=cka_strength method=cka_feddst seed=42 sparsity=0.95 cka_strength=0.5
Output log dir: results/logs/cka_strength_sweep/cifar10_cka_strength_20260724_145851/strength_0p5/seed_42
Command: /mnt/aiongpfs/users/dsen/micromamba/envs/cka-cifar/bin/python -m src.train --global-config configs/global_cifar10.yaml --config configs/cka_feddst_mnist.yaml --seed 42 --sparsity 0.95 --cka-strength 0.5 --log-dir results/logs/cka_strength_sweep/cifar10_cka_strength_20260724_145851/strength_0p5/seed_42 --checkpoint-dir results/checkpoints/cka_strength_sweep/cifar10_cka_strength_20260724_145851/strength_0p5/seed_42 --plot-dir results/plots/cka_strength_sweep/cifar10_cka_strength_20260724_145851
Final merged configuration:
alpha: 0.3
batch_size: 64
checkpoint_dir: results/checkpoints/cka_strength_sweep/cifar10_cka_strength_20260724_145851/strength_0p5/seed_42
cka_interval: 2
cka_layers:
- conv1
- conv2
- conv3
- fc1
cka_max_sparsity: 0.95
cka_min_sparsity: 0.5
cka_strength: 0.5
data_check: false
data_dir: data
dataset: cifar10
device: auto
dry_run: false
eval_interval: 1
experiment_config_path: configs/cka_feddst_mnist.yaml
global_config_path: configs/global_cifar10.yaml
local_epochs: 1
log_cka: false
log_dir: results/logs/cka_strength_sweep/cifar10_cka_strength_20260724_145851/strength_0p5/seed_42
lr: 0.01
mask_update_interval: 2
method: cka_feddst
model: cifar_cnn
num_clients: 5
num_workers: 2
output_dir: results
plot_dir: results/plots/cka_strength_sweep/cifar10_cka_strength_20260724_145851
prune_fraction: 0.2
reference_size: 500
regrowth_method: gradient
rounds: 20
save_checkpoint: false
seed: 42
sparsity: 0.95
sparsity_init: random
split_dir: null
Saved merged config to: results/logs/cka_strength_sweep/cifar10_cka_strength_20260724_145851/strength_0p5/seed_42/cka_feddst_cifar10_clients5_alpha0.3_sparsity0.95_cka0.5_seed42_20260724_150136_config.yaml
Client label distributions:
  client 00: n= 6173, labels=[449, 1577, 16, 53, 288, 1254, 18, 319, 1561, 638]
  client 01: n= 6712, labels=[388, 41, 1016, 674, 619, 293, 705, 1884, 2, 1090]
  client 02: n= 6610, labels=[14, 2050, 564, 1192, 934, 206, 33, 1318, 147, 152]
  client 03: n=12351, labels=[4094, 1282, 465, 1114, 4, 0, 3603, 1424, 313, 52]
  client 04: n=17654, labels=[5, 0, 2889, 1917, 3105, 3197, 591, 5, 2927, 3018]

[Run 31/125] suite=cka_strength method=cka_feddst seed=7 sparsity=0.5 cka_strength=0.5
Output log dir: results/logs/cka_strength_sweep/cifar10_cka_strength_20260724_145851/strength_0p5/seed_7
Command: /mnt/aiongpfs/users/dsen/micromamba/envs/cka-cifar/bin/python -m src.train --global-config configs/global_cifar10.yaml --config configs/cka_feddst_mnist.yaml --seed 7 --sparsity 0.5 --cka-strength 0.5 --log-dir results/logs/cka_strength_sweep/cifar10_cka_strength_20260724_145851/strength_0p5/seed_7 --checkpoint-dir results/checkpoints/cka_strength_sweep/cifar10_cka_strength_20260724_145851/strength_0p5/seed_7 --plot-dir results/plots/cka_strength_sweep/cifar10_cka_strength_20260724_145851
Final merged configuration:
alpha: 0.3
batch_size: 64
checkpoint_dir: results/checkpoints/cka_strength_sweep/cifar10_cka_strength_20260724_145851/strength_0p5/seed_7
cka_interval: 2
cka_layers:
- conv1
- conv2
- conv3
- fc1
cka_max_sparsity: 0.95
cka_min_sparsity: 0.5
cka_strength: 0.5
data_check: false
data_dir: data
dataset: cifar10
device: auto
dry_run: false
eval_interval: 1
experiment_config_path: configs/cka_feddst_mnist.yaml
global_config_path: configs/global_cifar10.yaml
local_epochs: 1
log_cka: false
log_dir: results/logs/cka_strength_sweep/cifar10_cka_strength_20260724_145851/strength_0p5/seed_7
lr: 0.01
mask_update_interval: 2
method: cka_feddst
model: cifar_cnn
num_clients: 5
num_workers: 2
output_dir: results
plot_dir: results/plots/cka_strength_sweep/cifar10_cka_strength_20260724_145851
prune_fraction: 0.2
reference_size: 500
regrowth_method: gradient
rounds: 20
save_checkpoint: false
seed: 7
sparsity: 0.5
sparsity_init: random
split_dir: null
Saved merged config to: results/logs/cka_strength_sweep/cifar10_cka_strength_20260724_145851/strength_0p5/seed_7/cka_feddst_cifar10_clients5_alpha0.3_sparsity0.5_cka0.5_seed7_20260724_150142_config.yaml
Client label distributions:
  client 00: n= 7681, labels=[142, 16, 5, 202, 411, 2130, 3884, 876, 12, 3]
  client 01: n= 8711, labels=[1321, 1281, 355, 76, 3165, 8, 25, 0, 1922, 558]
  client 02: n=19320, labels=[2810, 141, 3133, 4649, 1064, 2142, 26, 2148, 2915, 292]
  client 03: n= 5169, labels=[22, 3285, 1093, 5, 3, 639, 18, 41, 63, 0]
  client 04: n= 8619, labels=[655, 227, 364, 18, 307, 31, 997, 1885, 38, 4097]

[Run 32/125] suite=cka_strength method=cka_feddst seed=7 sparsity=0.7 cka_strength=0.5
Output log dir: results/logs/cka_strength_sweep/cifar10_cka_strength_20260724_145851/strength_0p5/seed_7
Command: /mnt/aiongpfs/users/dsen/micromamba/envs/cka-cifar/bin/python -m src.train --global-config configs/global_cifar10.yaml --config configs/cka_feddst_mnist.yaml --seed 7 --sparsity 0.7 --cka-strength 0.5 --log-dir results/logs/cka_strength_sweep/cifar10_cka_strength_20260724_145851/strength_0p5/seed_7 --checkpoint-dir results/checkpoints/cka_strength_sweep/cifar10_cka_strength_20260724_145851/strength_0p5/seed_7 --plot-dir results/plots/cka_strength_sweep/cifar10_cka_strength_20260724_145851
Final merged configuration:
alpha: 0.3
batch_size: 64
checkpoint_dir: results/checkpoints/cka_strength_sweep/cifar10_cka_strength_20260724_145851/strength_0p5/seed_7
cka_interval: 2
cka_layers:
- conv1
- conv2
- conv3
- fc1
cka_max_sparsity: 0.95
cka_min_sparsity: 0.5
cka_strength: 0.5
data_check: false
data_dir: data
dataset: cifar10
device: auto
dry_run: false
eval_interval: 1
experiment_config_path: configs/cka_feddst_mnist.yaml
global_config_path: configs/global_cifar10.yaml
local_epochs: 1
log_cka: false
log_dir: results/logs/cka_strength_sweep/cifar10_cka_strength_20260724_145851/strength_0p5/seed_7
lr: 0.01
mask_update_interval: 2
method: cka_feddst
model: cifar_cnn
num_clients: 5
num_workers: 2
output_dir: results
plot_dir: results/plots/cka_strength_sweep/cifar10_cka_strength_20260724_145851
prune_fraction: 0.2
reference_size: 500
regrowth_method: gradient
rounds: 20
save_checkpoint: false
seed: 7
sparsity: 0.7
sparsity_init: random
split_dir: null
Saved merged config to: results/logs/cka_strength_sweep/cifar10_cka_strength_20260724_145851/strength_0p5/seed_7/cka_feddst_cifar10_clients5_alpha0.3_sparsity0.7_cka0.5_seed7_20260724_150147_config.yaml
Client label distributions:
  client 00: n= 7681, labels=[142, 16, 5, 202, 411, 2130, 3884, 876, 12, 3]
  client 01: n= 8711, labels=[1321, 1281, 355, 76, 3165, 8, 25, 0, 1922, 558]
  client 02: n=19320, labels=[2810, 141, 3133, 4649, 1064, 2142, 26, 2148, 2915, 292]
  client 03: n= 5169, labels=[22, 3285, 1093, 5, 3, 639, 18, 41, 63, 0]
  client 04: n= 8619, labels=[655, 227, 364, 18, 307, 31, 997, 1885, 38, 4097]

[Run 33/125] suite=cka_strength method=cka_feddst seed=7 sparsity=0.8 cka_strength=0.5
Output log dir: results/logs/cka_strength_sweep/cifar10_cka_strength_20260724_145851/strength_0p5/seed_7
Command: /mnt/aiongpfs/users/dsen/micromamba/envs/cka-cifar/bin/python -m src.train --global-config configs/global_cifar10.yaml --config configs/cka_feddst_mnist.yaml --seed 7 --sparsity 0.8 --cka-strength 0.5 --log-dir results/logs/cka_strength_sweep/cifar10_cka_strength_20260724_145851/strength_0p5/seed_7 --checkpoint-dir results/checkpoints/cka_strength_sweep/cifar10_cka_strength_20260724_145851/strength_0p5/seed_7 --plot-dir results/plots/cka_strength_sweep/cifar10_cka_strength_20260724_145851
Final merged configuration:
alpha: 0.3
batch_size: 64
checkpoint_dir: results/checkpoints/cka_strength_sweep/cifar10_cka_strength_20260724_145851/strength_0p5/seed_7
cka_interval: 2
cka_layers:
- conv1
- conv2
- conv3
- fc1
cka_max_sparsity: 0.95
cka_min_sparsity: 0.5
cka_strength: 0.5
data_check: false
data_dir: data
dataset: cifar10
device: auto
dry_run: false
eval_interval: 1
experiment_config_path: configs/cka_feddst_mnist.yaml
global_config_path: configs/global_cifar10.yaml
local_epochs: 1
log_cka: false
log_dir: results/logs/cka_strength_sweep/cifar10_cka_strength_20260724_145851/strength_0p5/seed_7
lr: 0.01
mask_update_interval: 2
method: cka_feddst
model: cifar_cnn
num_clients: 5
num_workers: 2
output_dir: results
plot_dir: results/plots/cka_strength_sweep/cifar10_cka_strength_20260724_145851
prune_fraction: 0.2
reference_size: 500
regrowth_method: gradient
rounds: 20
save_checkpoint: false
seed: 7
sparsity: 0.8
sparsity_init: random
split_dir: null
Saved merged config to: results/logs/cka_strength_sweep/cifar10_cka_strength_20260724_145851/strength_0p5/seed_7/cka_feddst_cifar10_clients5_alpha0.3_sparsity0.8_cka0.5_seed7_20260724_150153_config.yaml
Client label distributions:
  client 00: n= 7681, labels=[142, 16, 5, 202, 411, 2130, 3884, 876, 12, 3]
  client 01: n= 8711, labels=[1321, 1281, 355, 76, 3165, 8, 25, 0, 1922, 558]
  client 02: n=19320, labels=[2810, 141, 3133, 4649, 1064, 2142, 26, 2148, 2915, 292]
  client 03: n= 5169, labels=[22, 3285, 1093, 5, 3, 639, 18, 41, 63, 0]
  client 04: n= 8619, labels=[655, 227, 364, 18, 307, 31, 997, 1885, 38, 4097]

[Run 34/125] suite=cka_strength method=cka_feddst seed=7 sparsity=0.9 cka_strength=0.5
Output log dir: results/logs/cka_strength_sweep/cifar10_cka_strength_20260724_145851/strength_0p5/seed_7
Command: /mnt/aiongpfs/users/dsen/micromamba/envs/cka-cifar/bin/python -m src.train --global-config configs/global_cifar10.yaml --config configs/cka_feddst_mnist.yaml --seed 7 --sparsity 0.9 --cka-strength 0.5 --log-dir results/logs/cka_strength_sweep/cifar10_cka_strength_20260724_145851/strength_0p5/seed_7 --checkpoint-dir results/checkpoints/cka_strength_sweep/cifar10_cka_strength_20260724_145851/strength_0p5/seed_7 --plot-dir results/plots/cka_strength_sweep/cifar10_cka_strength_20260724_145851
Final merged configuration:
alpha: 0.3
batch_size: 64
checkpoint_dir: results/checkpoints/cka_strength_sweep/cifar10_cka_strength_20260724_145851/strength_0p5/seed_7
cka_interval: 2
cka_layers:
- conv1
- conv2
- conv3
- fc1
cka_max_sparsity: 0.95
cka_min_sparsity: 0.5
cka_strength: 0.5
data_check: false
data_dir: data
dataset: cifar10
device: auto
dry_run: false
eval_interval: 1
experiment_config_path: configs/cka_feddst_mnist.yaml
global_config_path: configs/global_cifar10.yaml
local_epochs: 1
log_cka: false
log_dir: results/logs/cka_strength_sweep/cifar10_cka_strength_20260724_145851/strength_0p5/seed_7
lr: 0.01
mask_update_interval: 2
method: cka_feddst
model: cifar_cnn
num_clients: 5
num_workers: 2
output_dir: results
plot_dir: results/plots/cka_strength_sweep/cifar10_cka_strength_20260724_145851
prune_fraction: 0.2
reference_size: 500
regrowth_method: gradient
rounds: 20
save_checkpoint: false
seed: 7
sparsity: 0.9
sparsity_init: random
split_dir: null
Saved merged config to: results/logs/cka_strength_sweep/cifar10_cka_strength_20260724_145851/strength_0p5/seed_7/cka_feddst_cifar10_clients5_alpha0.3_sparsity0.9_cka0.5_seed7_20260724_150159_config.yaml
Client label distributions:
  client 00: n= 7681, labels=[142, 16, 5, 202, 411, 2130, 3884, 876, 12, 3]
  client 01: n= 8711, labels=[1321, 1281, 355, 76, 3165, 8, 25, 0, 1922, 558]
  client 02: n=19320, labels=[2810, 141, 3133, 4649, 1064, 2142, 26, 2148, 2915, 292]
  client 03: n= 5169, labels=[22, 3285, 1093, 5, 3, 639, 18, 41, 63, 0]
  client 04: n= 8619, labels=[655, 227, 364, 18, 307, 31, 997, 1885, 38, 4097]

[Run 35/125] suite=cka_strength method=cka_feddst seed=7 sparsity=0.95 cka_strength=0.5
Output log dir: results/logs/cka_strength_sweep/cifar10_cka_strength_20260724_145851/strength_0p5/seed_7
Command: /mnt/aiongpfs/users/dsen/micromamba/envs/cka-cifar/bin/python -m src.train --global-config configs/global_cifar10.yaml --config configs/cka_feddst_mnist.yaml --seed 7 --sparsity 0.95 --cka-strength 0.5 --log-dir results/logs/cka_strength_sweep/cifar10_cka_strength_20260724_145851/strength_0p5/seed_7 --checkpoint-dir results/checkpoints/cka_strength_sweep/cifar10_cka_strength_20260724_145851/strength_0p5/seed_7 --plot-dir results/plots/cka_strength_sweep/cifar10_cka_strength_20260724_145851
Final merged configuration:
alpha: 0.3
batch_size: 64
checkpoint_dir: results/checkpoints/cka_strength_sweep/cifar10_cka_strength_20260724_145851/strength_0p5/seed_7
cka_interval: 2
cka_layers:
- conv1
- conv2
- conv3
- fc1
cka_max_sparsity: 0.95
cka_min_sparsity: 0.5
cka_strength: 0.5
data_check: false
data_dir: data
dataset: cifar10
device: auto
dry_run: false
eval_interval: 1
experiment_config_path: configs/cka_feddst_mnist.yaml
global_config_path: configs/global_cifar10.yaml
local_epochs: 1
log_cka: false
log_dir: results/logs/cka_strength_sweep/cifar10_cka_strength_20260724_145851/strength_0p5/seed_7
lr: 0.01
mask_update_interval: 2
method: cka_feddst
model: cifar_cnn
num_clients: 5
num_workers: 2
output_dir: results
plot_dir: results/plots/cka_strength_sweep/cifar10_cka_strength_20260724_145851
prune_fraction: 0.2
reference_size: 500
regrowth_method: gradient
rounds: 20
save_checkpoint: false
seed: 7
sparsity: 0.95
sparsity_init: random
split_dir: null
Saved merged config to: results/logs/cka_strength_sweep/cifar10_cka_strength_20260724_145851/strength_0p5/seed_7/cka_feddst_cifar10_clients5_alpha0.3_sparsity0.95_cka0.5_seed7_20260724_150204_config.yaml
Client label distributions:
  client 00: n= 7681, labels=[142, 16, 5, 202, 411, 2130, 3884, 876, 12, 3]
  client 01: n= 8711, labels=[1321, 1281, 355, 76, 3165, 8, 25, 0, 1922, 558]
  client 02: n=19320, labels=[2810, 141, 3133, 4649, 1064, 2142, 26, 2148, 2915, 292]
  client 03: n= 5169, labels=[22, 3285, 1093, 5, 3, 639, 18, 41, 63, 0]
  client 04: n= 8619, labels=[655, 227, 364, 18, 307, 31, 997, 1885, 38, 4097]

[Run 36/125] suite=cka_strength method=cka_feddst seed=13 sparsity=0.5 cka_strength=0.5
Output log dir: results/logs/cka_strength_sweep/cifar10_cka_strength_20260724_145851/strength_0p5/seed_13
Command: /mnt/aiongpfs/users/dsen/micromamba/envs/cka-cifar/bin/python -m src.train --global-config configs/global_cifar10.yaml --config configs/cka_feddst_mnist.yaml --seed 13 --sparsity 0.5 --cka-strength 0.5 --log-dir results/logs/cka_strength_sweep/cifar10_cka_strength_20260724_145851/strength_0p5/seed_13 --checkpoint-dir results/checkpoints/cka_strength_sweep/cifar10_cka_strength_20260724_145851/strength_0p5/seed_13 --plot-dir results/plots/cka_strength_sweep/cifar10_cka_strength_20260724_145851
Final merged configuration:
alpha: 0.3
batch_size: 64
checkpoint_dir: results/checkpoints/cka_strength_sweep/cifar10_cka_strength_20260724_145851/strength_0p5/seed_13
cka_interval: 2
cka_layers:
- conv1
- conv2
- conv3
- fc1
cka_max_sparsity: 0.95
cka_min_sparsity: 0.5
cka_strength: 0.5
data_check: false
data_dir: data
dataset: cifar10
device: auto
dry_run: false
eval_interval: 1
experiment_config_path: configs/cka_feddst_mnist.yaml
global_config_path: configs/global_cifar10.yaml
local_epochs: 1
log_cka: false
log_dir: results/logs/cka_strength_sweep/cifar10_cka_strength_20260724_145851/strength_0p5/seed_13
lr: 0.01
mask_update_interval: 2
method: cka_feddst
model: cifar_cnn
num_clients: 5
num_workers: 2
output_dir: results
plot_dir: results/plots/cka_strength_sweep/cifar10_cka_strength_20260724_145851
prune_fraction: 0.2
reference_size: 500
regrowth_method: gradient
rounds: 20
save_checkpoint: false
seed: 13
sparsity: 0.5
sparsity_init: random
split_dir: null
Saved merged config to: results/logs/cka_strength_sweep/cifar10_cka_strength_20260724_145851/strength_0p5/seed_13/cka_feddst_cifar10_clients5_alpha0.3_sparsity0.5_cka0.5_seed13_20260724_150210_config.yaml
Client label distributions:
  client 00: n=19994, labels=[2952, 878, 4230, 1942, 3893, 2947, 1170, 1268, 17, 697]
  client 01: n= 5273, labels=[1186, 629, 719, 163, 777, 852, 428, 22, 488, 9]
  client 02: n= 7607, labels=[2, 105, 1, 0, 96, 68, 60, 1042, 2038, 4195]
  client 03: n= 4678, labels=[463, 27, 0, 654, 2, 62, 287, 776, 2407, 0]
  client 04: n=11948, labels=[347, 3311, 0, 2191, 182, 1021, 3005, 1842, 0, 49]

[Run 37/125] suite=cka_strength method=cka_feddst seed=13 sparsity=0.7 cka_strength=0.5
Output log dir: results/logs/cka_strength_sweep/cifar10_cka_strength_20260724_145851/strength_0p5/seed_13
Command: /mnt/aiongpfs/users/dsen/micromamba/envs/cka-cifar/bin/python -m src.train --global-config configs/global_cifar10.yaml --config configs/cka_feddst_mnist.yaml --seed 13 --sparsity 0.7 --cka-strength 0.5 --log-dir results/logs/cka_strength_sweep/cifar10_cka_strength_20260724_145851/strength_0p5/seed_13 --checkpoint-dir results/checkpoints/cka_strength_sweep/cifar10_cka_strength_20260724_145851/strength_0p5/seed_13 --plot-dir results/plots/cka_strength_sweep/cifar10_cka_strength_20260724_145851
Final merged configuration:
alpha: 0.3
batch_size: 64
checkpoint_dir: results/checkpoints/cka_strength_sweep/cifar10_cka_strength_20260724_145851/strength_0p5/seed_13
cka_interval: 2
cka_layers:
- conv1
- conv2
- conv3
- fc1
cka_max_sparsity: 0.95
cka_min_sparsity: 0.5
cka_strength: 0.5
data_check: false
data_dir: data
dataset: cifar10
device: auto
dry_run: false
eval_interval: 1
experiment_config_path: configs/cka_feddst_mnist.yaml
global_config_path: configs/global_cifar10.yaml
local_epochs: 1
log_cka: false
log_dir: results/logs/cka_strength_sweep/cifar10_cka_strength_20260724_145851/strength_0p5/seed_13
lr: 0.01
mask_update_interval: 2
method: cka_feddst
model: cifar_cnn
num_clients: 5
num_workers: 2
output_dir: results
plot_dir: results/plots/cka_strength_sweep/cifar10_cka_strength_20260724_145851
prune_fraction: 0.2
reference_size: 500
regrowth_method: gradient
rounds: 20
save_checkpoint: false
seed: 13
sparsity: 0.7
sparsity_init: random
split_dir: null
Saved merged config to: results/logs/cka_strength_sweep/cifar10_cka_strength_20260724_145851/strength_0p5/seed_13/cka_feddst_cifar10_clients5_alpha0.3_sparsity0.7_cka0.5_seed13_20260724_150216_config.yaml
Client label distributions:
  client 00: n=19994, labels=[2952, 878, 4230, 1942, 3893, 2947, 1170, 1268, 17, 697]
  client 01: n= 5273, labels=[1186, 629, 719, 163, 777, 852, 428, 22, 488, 9]
  client 02: n= 7607, labels=[2, 105, 1, 0, 96, 68, 60, 1042, 2038, 4195]
  client 03: n= 4678, labels=[463, 27, 0, 654, 2, 62, 287, 776, 2407, 0]
  client 04: n=11948, labels=[347, 3311, 0, 2191, 182, 1021, 3005, 1842, 0, 49]

[Run 38/125] suite=cka_strength method=cka_feddst seed=13 sparsity=0.8 cka_strength=0.5
Output log dir: results/logs/cka_strength_sweep/cifar10_cka_strength_20260724_145851/strength_0p5/seed_13
Command: /mnt/aiongpfs/users/dsen/micromamba/envs/cka-cifar/bin/python -m src.train --global-config configs/global_cifar10.yaml --config configs/cka_feddst_mnist.yaml --seed 13 --sparsity 0.8 --cka-strength 0.5 --log-dir results/logs/cka_strength_sweep/cifar10_cka_strength_20260724_145851/strength_0p5/seed_13 --checkpoint-dir results/checkpoints/cka_strength_sweep/cifar10_cka_strength_20260724_145851/strength_0p5/seed_13 --plot-dir results/plots/cka_strength_sweep/cifar10_cka_strength_20260724_145851
Final merged configuration:
alpha: 0.3
batch_size: 64
checkpoint_dir: results/checkpoints/cka_strength_sweep/cifar10_cka_strength_20260724_145851/strength_0p5/seed_13
cka_interval: 2
cka_layers:
- conv1
- conv2
- conv3
- fc1
cka_max_sparsity: 0.95
cka_min_sparsity: 0.5
cka_strength: 0.5
data_check: false
data_dir: data
dataset: cifar10
device: auto
dry_run: false
eval_interval: 1
experiment_config_path: configs/cka_feddst_mnist.yaml
global_config_path: configs/global_cifar10.yaml
local_epochs: 1
log_cka: false
log_dir: results/logs/cka_strength_sweep/cifar10_cka_strength_20260724_145851/strength_0p5/seed_13
lr: 0.01
mask_update_interval: 2
method: cka_feddst
model: cifar_cnn
num_clients: 5
num_workers: 2
output_dir: results
plot_dir: results/plots/cka_strength_sweep/cifar10_cka_strength_20260724_145851
prune_fraction: 0.2
reference_size: 500
regrowth_method: gradient
rounds: 20
save_checkpoint: false
seed: 13
sparsity: 0.8
sparsity_init: random
split_dir: null
Saved merged config to: results/logs/cka_strength_sweep/cifar10_cka_strength_20260724_145851/strength_0p5/seed_13/cka_feddst_cifar10_clients5_alpha0.3_sparsity0.8_cka0.5_seed13_20260724_150221_config.yaml
Client label distributions:
  client 00: n=19994, labels=[2952, 878, 4230, 1942, 3893, 2947, 1170, 1268, 17, 697]
  client 01: n= 5273, labels=[1186, 629, 719, 163, 777, 852, 428, 22, 488, 9]
  client 02: n= 7607, labels=[2, 105, 1, 0, 96, 68, 60, 1042, 2038, 4195]
  client 03: n= 4678, labels=[463, 27, 0, 654, 2, 62, 287, 776, 2407, 0]
  client 04: n=11948, labels=[347, 3311, 0, 2191, 182, 1021, 3005, 1842, 0, 49]

[Run 39/125] suite=cka_strength method=cka_feddst seed=13 sparsity=0.9 cka_strength=0.5
Output log dir: results/logs/cka_strength_sweep/cifar10_cka_strength_20260724_145851/strength_0p5/seed_13
Command: /mnt/aiongpfs/users/dsen/micromamba/envs/cka-cifar/bin/python -m src.train --global-config configs/global_cifar10.yaml --config configs/cka_feddst_mnist.yaml --seed 13 --sparsity 0.9 --cka-strength 0.5 --log-dir results/logs/cka_strength_sweep/cifar10_cka_strength_20260724_145851/strength_0p5/seed_13 --checkpoint-dir results/checkpoints/cka_strength_sweep/cifar10_cka_strength_20260724_145851/strength_0p5/seed_13 --plot-dir results/plots/cka_strength_sweep/cifar10_cka_strength_20260724_145851
Final merged configuration:
alpha: 0.3
batch_size: 64
checkpoint_dir: results/checkpoints/cka_strength_sweep/cifar10_cka_strength_20260724_145851/strength_0p5/seed_13
cka_interval: 2
cka_layers:
- conv1
- conv2
- conv3
- fc1
cka_max_sparsity: 0.95
cka_min_sparsity: 0.5
cka_strength: 0.5
data_check: false
data_dir: data
dataset: cifar10
device: auto
dry_run: false
eval_interval: 1
experiment_config_path: configs/cka_feddst_mnist.yaml
global_config_path: configs/global_cifar10.yaml
local_epochs: 1
log_cka: false
log_dir: results/logs/cka_strength_sweep/cifar10_cka_strength_20260724_145851/strength_0p5/seed_13
lr: 0.01
mask_update_interval: 2
method: cka_feddst
model: cifar_cnn
num_clients: 5
num_workers: 2
output_dir: results
plot_dir: results/plots/cka_strength_sweep/cifar10_cka_strength_20260724_145851
prune_fraction: 0.2
reference_size: 500
regrowth_method: gradient
rounds: 20
save_checkpoint: false
seed: 13
sparsity: 0.9
sparsity_init: random
split_dir: null
Saved merged config to: results/logs/cka_strength_sweep/cifar10_cka_strength_20260724_145851/strength_0p5/seed_13/cka_feddst_cifar10_clients5_alpha0.3_sparsity0.9_cka0.5_seed13_20260724_150227_config.yaml
Client label distributions:
  client 00: n=19994, labels=[2952, 878, 4230, 1942, 3893, 2947, 1170, 1268, 17, 697]
  client 01: n= 5273, labels=[1186, 629, 719, 163, 777, 852, 428, 22, 488, 9]
  client 02: n= 7607, labels=[2, 105, 1, 0, 96, 68, 60, 1042, 2038, 4195]
  client 03: n= 4678, labels=[463, 27, 0, 654, 2, 62, 287, 776, 2407, 0]
  client 04: n=11948, labels=[347, 3311, 0, 2191, 182, 1021, 3005, 1842, 0, 49]

[Run 40/125] suite=cka_strength method=cka_feddst seed=13 sparsity=0.95 cka_strength=0.5
Output log dir: results/logs/cka_strength_sweep/cifar10_cka_strength_20260724_145851/strength_0p5/seed_13
Command: /mnt/aiongpfs/users/dsen/micromamba/envs/cka-cifar/bin/python -m src.train --global-config configs/global_cifar10.yaml --config configs/cka_feddst_mnist.yaml --seed 13 --sparsity 0.95 --cka-strength 0.5 --log-dir results/logs/cka_strength_sweep/cifar10_cka_strength_20260724_145851/strength_0p5/seed_13 --checkpoint-dir results/checkpoints/cka_strength_sweep/cifar10_cka_strength_20260724_145851/strength_0p5/seed_13 --plot-dir results/plots/cka_strength_sweep/cifar10_cka_strength_20260724_145851
Final merged configuration:
alpha: 0.3
batch_size: 64
checkpoint_dir: results/checkpoints/cka_strength_sweep/cifar10_cka_strength_20260724_145851/strength_0p5/seed_13
cka_interval: 2
cka_layers:
- conv1
- conv2
- conv3
- fc1
cka_max_sparsity: 0.95
cka_min_sparsity: 0.5
cka_strength: 0.5
data_check: false
data_dir: data
dataset: cifar10
device: auto
dry_run: false
eval_interval: 1
experiment_config_path: configs/cka_feddst_mnist.yaml
global_config_path: configs/global_cifar10.yaml
local_epochs: 1
log_cka: false
log_dir: results/logs/cka_strength_sweep/cifar10_cka_strength_20260724_145851/strength_0p5/seed_13
lr: 0.01
mask_update_interval: 2
method: cka_feddst
model: cifar_cnn
num_clients: 5
num_workers: 2
output_dir: results
plot_dir: results/plots/cka_strength_sweep/cifar10_cka_strength_20260724_145851
prune_fraction: 0.2
reference_size: 500
regrowth_method: gradient
rounds: 20
save_checkpoint: false
seed: 13
sparsity: 0.95
sparsity_init: random
split_dir: null
Saved merged config to: results/logs/cka_strength_sweep/cifar10_cka_strength_20260724_145851/strength_0p5/seed_13/cka_feddst_cifar10_clients5_alpha0.3_sparsity0.95_cka0.5_seed13_20260724_150233_config.yaml
Client label distributions:
  client 00: n=19994, labels=[2952, 878, 4230, 1942, 3893, 2947, 1170, 1268, 17, 697]
  client 01: n= 5273, labels=[1186, 629, 719, 163, 777, 852, 428, 22, 488, 9]
  client 02: n= 7607, labels=[2, 105, 1, 0, 96, 68, 60, 1042, 2038, 4195]
  client 03: n= 4678, labels=[463, 27, 0, 654, 2, 62, 287, 776, 2407, 0]
  client 04: n=11948, labels=[347, 3311, 0, 2191, 182, 1021, 3005, 1842, 0, 49]

[Run 41/125] suite=cka_strength method=cka_feddst seed=21 sparsity=0.5 cka_strength=0.5
Output log dir: results/logs/cka_strength_sweep/cifar10_cka_strength_20260724_145851/strength_0p5/seed_21
Command: /mnt/aiongpfs/users/dsen/micromamba/envs/cka-cifar/bin/python -m src.train --global-config configs/global_cifar10.yaml --config configs/cka_feddst_mnist.yaml --seed 21 --sparsity 0.5 --cka-strength 0.5 --log-dir results/logs/cka_strength_sweep/cifar10_cka_strength_20260724_145851/strength_0p5/seed_21 --checkpoint-dir results/checkpoints/cka_strength_sweep/cifar10_cka_strength_20260724_145851/strength_0p5/seed_21 --plot-dir results/plots/cka_strength_sweep/cifar10_cka_strength_20260724_145851
Final merged configuration:
alpha: 0.3
batch_size: 64
checkpoint_dir: results/checkpoints/cka_strength_sweep/cifar10_cka_strength_20260724_145851/strength_0p5/seed_21
cka_interval: 2
cka_layers:
- conv1
- conv2
- conv3
- fc1
cka_max_sparsity: 0.95
cka_min_sparsity: 0.5
cka_strength: 0.5
data_check: false
data_dir: data
dataset: cifar10
device: auto
dry_run: false
eval_interval: 1
experiment_config_path: configs/cka_feddst_mnist.yaml
global_config_path: configs/global_cifar10.yaml
local_epochs: 1
log_cka: false
log_dir: results/logs/cka_strength_sweep/cifar10_cka_strength_20260724_145851/strength_0p5/seed_21
lr: 0.01
mask_update_interval: 2
method: cka_feddst
model: cifar_cnn
num_clients: 5
num_workers: 2
output_dir: results
plot_dir: results/plots/cka_strength_sweep/cifar10_cka_strength_20260724_145851
prune_fraction: 0.2
reference_size: 500
regrowth_method: gradient
rounds: 20
save_checkpoint: false
seed: 21
sparsity: 0.5
sparsity_init: random
split_dir: null
Saved merged config to: results/logs/cka_strength_sweep/cifar10_cka_strength_20260724_145851/strength_0p5/seed_21/cka_feddst_cifar10_clients5_alpha0.3_sparsity0.5_cka0.5_seed21_20260724_150238_config.yaml
Client label distributions:
  client 00: n=10151, labels=[68, 0, 4345, 758, 1058, 713, 0, 122, 882, 2205]
  client 01: n=10420, labels=[957, 2155, 26, 376, 2359, 483, 4054, 4, 6, 0]
  client 02: n= 7384, labels=[1406, 266, 313, 764, 191, 13, 184, 2, 3127, 1118]
  client 03: n=13329, labels=[2519, 2506, 245, 1146, 1341, 359, 6, 3254, 563, 1390]
  client 04: n= 8216, labels=[0, 23, 21, 1906, 1, 3382, 706, 1568, 372, 237]

[Run 42/125] suite=cka_strength method=cka_feddst seed=21 sparsity=0.7 cka_strength=0.5
Output log dir: results/logs/cka_strength_sweep/cifar10_cka_strength_20260724_145851/strength_0p5/seed_21
Command: /mnt/aiongpfs/users/dsen/micromamba/envs/cka-cifar/bin/python -m src.train --global-config configs/global_cifar10.yaml --config configs/cka_feddst_mnist.yaml --seed 21 --sparsity 0.7 --cka-strength 0.5 --log-dir results/logs/cka_strength_sweep/cifar10_cka_strength_20260724_145851/strength_0p5/seed_21 --checkpoint-dir results/checkpoints/cka_strength_sweep/cifar10_cka_strength_20260724_145851/strength_0p5/seed_21 --plot-dir results/plots/cka_strength_sweep/cifar10_cka_strength_20260724_145851
Final merged configuration:
alpha: 0.3
batch_size: 64
checkpoint_dir: results/checkpoints/cka_strength_sweep/cifar10_cka_strength_20260724_145851/strength_0p5/seed_21
cka_interval: 2
cka_layers:
- conv1
- conv2
- conv3
- fc1
cka_max_sparsity: 0.95
cka_min_sparsity: 0.5
cka_strength: 0.5
data_check: false
data_dir: data
dataset: cifar10
device: auto
dry_run: false
eval_interval: 1
experiment_config_path: configs/cka_feddst_mnist.yaml
global_config_path: configs/global_cifar10.yaml
local_epochs: 1
log_cka: false
log_dir: results/logs/cka_strength_sweep/cifar10_cka_strength_20260724_145851/strength_0p5/seed_21
lr: 0.01
mask_update_interval: 2
method: cka_feddst
model: cifar_cnn
num_clients: 5
num_workers: 2
output_dir: results
plot_dir: results/plots/cka_strength_sweep/cifar10_cka_strength_20260724_145851
prune_fraction: 0.2
reference_size: 500
regrowth_method: gradient
rounds: 20
save_checkpoint: false
seed: 21
sparsity: 0.7
sparsity_init: random
split_dir: null
Saved merged config to: results/logs/cka_strength_sweep/cifar10_cka_strength_20260724_145851/strength_0p5/seed_21/cka_feddst_cifar10_clients5_alpha0.3_sparsity0.7_cka0.5_seed21_20260724_150244_config.yaml
Client label distributions:
  client 00: n=10151, labels=[68, 0, 4345, 758, 1058, 713, 0, 122, 882, 2205]
  client 01: n=10420, labels=[957, 2155, 26, 376, 2359, 483, 4054, 4, 6, 0]
  client 02: n= 7384, labels=[1406, 266, 313, 764, 191, 13, 184, 2, 3127, 1118]
  client 03: n=13329, labels=[2519, 2506, 245, 1146, 1341, 359, 6, 3254, 563, 1390]
  client 04: n= 8216, labels=[0, 23, 21, 1906, 1, 3382, 706, 1568, 372, 237]

[Run 43/125] suite=cka_strength method=cka_feddst seed=21 sparsity=0.8 cka_strength=0.5
Output log dir: results/logs/cka_strength_sweep/cifar10_cka_strength_20260724_145851/strength_0p5/seed_21
Command: /mnt/aiongpfs/users/dsen/micromamba/envs/cka-cifar/bin/python -m src.train --global-config configs/global_cifar10.yaml --config configs/cka_feddst_mnist.yaml --seed 21 --sparsity 0.8 --cka-strength 0.5 --log-dir results/logs/cka_strength_sweep/cifar10_cka_strength_20260724_145851/strength_0p5/seed_21 --checkpoint-dir results/checkpoints/cka_strength_sweep/cifar10_cka_strength_20260724_145851/strength_0p5/seed_21 --plot-dir results/plots/cka_strength_sweep/cifar10_cka_strength_20260724_145851
Final merged configuration:
alpha: 0.3
batch_size: 64
checkpoint_dir: results/checkpoints/cka_strength_sweep/cifar10_cka_strength_20260724_145851/strength_0p5/seed_21
cka_interval: 2
cka_layers:
- conv1
- conv2
- conv3
- fc1
cka_max_sparsity: 0.95
cka_min_sparsity: 0.5
cka_strength: 0.5
data_check: false
data_dir: data
dataset: cifar10
device: auto
dry_run: false
eval_interval: 1
experiment_config_path: configs/cka_feddst_mnist.yaml
global_config_path: configs/global_cifar10.yaml
local_epochs: 1
log_cka: false
log_dir: results/logs/cka_strength_sweep/cifar10_cka_strength_20260724_145851/strength_0p5/seed_21
lr: 0.01
mask_update_interval: 2
method: cka_feddst
model: cifar_cnn
num_clients: 5
num_workers: 2
output_dir: results
plot_dir: results/plots/cka_strength_sweep/cifar10_cka_strength_20260724_145851
prune_fraction: 0.2
reference_size: 500
regrowth_method: gradient
rounds: 20
save_checkpoint: false
seed: 21
sparsity: 0.8
sparsity_init: random
split_dir: null
Saved merged config to: results/logs/cka_strength_sweep/cifar10_cka_strength_20260724_145851/strength_0p5/seed_21/cka_feddst_cifar10_clients5_alpha0.3_sparsity0.8_cka0.5_seed21_20260724_150250_config.yaml
Client label distributions:
  client 00: n=10151, labels=[68, 0, 4345, 758, 1058, 713, 0, 122, 882, 2205]
  client 01: n=10420, labels=[957, 2155, 26, 376, 2359, 483, 4054, 4, 6, 0]
  client 02: n= 7384, labels=[1406, 266, 313, 764, 191, 13, 184, 2, 3127, 1118]
  client 03: n=13329, labels=[2519, 2506, 245, 1146, 1341, 359, 6, 3254, 563, 1390]
  client 04: n= 8216, labels=[0, 23, 21, 1906, 1, 3382, 706, 1568, 372, 237]

[Run 44/125] suite=cka_strength method=cka_feddst seed=21 sparsity=0.9 cka_strength=0.5
Output log dir: results/logs/cka_strength_sweep/cifar10_cka_strength_20260724_145851/strength_0p5/seed_21
Command: /mnt/aiongpfs/users/dsen/micromamba/envs/cka-cifar/bin/python -m src.train --global-config configs/global_cifar10.yaml --config configs/cka_feddst_mnist.yaml --seed 21 --sparsity 0.9 --cka-strength 0.5 --log-dir results/logs/cka_strength_sweep/cifar10_cka_strength_20260724_145851/strength_0p5/seed_21 --checkpoint-dir results/checkpoints/cka_strength_sweep/cifar10_cka_strength_20260724_145851/strength_0p5/seed_21 --plot-dir results/plots/cka_strength_sweep/cifar10_cka_strength_20260724_145851
Final merged configuration:
alpha: 0.3
batch_size: 64
checkpoint_dir: results/checkpoints/cka_strength_sweep/cifar10_cka_strength_20260724_145851/strength_0p5/seed_21
cka_interval: 2
cka_layers:
- conv1
- conv2
- conv3
- fc1
cka_max_sparsity: 0.95
cka_min_sparsity: 0.5
cka_strength: 0.5
data_check: false
data_dir: data
dataset: cifar10
device: auto
dry_run: false
eval_interval: 1
experiment_config_path: configs/cka_feddst_mnist.yaml
global_config_path: configs/global_cifar10.yaml
local_epochs: 1
log_cka: false
log_dir: results/logs/cka_strength_sweep/cifar10_cka_strength_20260724_145851/strength_0p5/seed_21
lr: 0.01
mask_update_interval: 2
method: cka_feddst
model: cifar_cnn
num_clients: 5
num_workers: 2
output_dir: results
plot_dir: results/plots/cka_strength_sweep/cifar10_cka_strength_20260724_145851
prune_fraction: 0.2
reference_size: 500
regrowth_method: gradient
rounds: 20
save_checkpoint: false
seed: 21
sparsity: 0.9
sparsity_init: random
split_dir: null
Saved merged config to: results/logs/cka_strength_sweep/cifar10_cka_strength_20260724_145851/strength_0p5/seed_21/cka_feddst_cifar10_clients5_alpha0.3_sparsity0.9_cka0.5_seed21_20260724_150255_config.yaml
Client label distributions:
  client 00: n=10151, labels=[68, 0, 4345, 758, 1058, 713, 0, 122, 882, 2205]
  client 01: n=10420, labels=[957, 2155, 26, 376, 2359, 483, 4054, 4, 6, 0]
  client 02: n= 7384, labels=[1406, 266, 313, 764, 191, 13, 184, 2, 3127, 1118]
  client 03: n=13329, labels=[2519, 2506, 245, 1146, 1341, 359, 6, 3254, 563, 1390]
  client 04: n= 8216, labels=[0, 23, 21, 1906, 1, 3382, 706, 1568, 372, 237]

[Run 45/125] suite=cka_strength method=cka_feddst seed=21 sparsity=0.95 cka_strength=0.5
Output log dir: results/logs/cka_strength_sweep/cifar10_cka_strength_20260724_145851/strength_0p5/seed_21
Command: /mnt/aiongpfs/users/dsen/micromamba/envs/cka-cifar/bin/python -m src.train --global-config configs/global_cifar10.yaml --config configs/cka_feddst_mnist.yaml --seed 21 --sparsity 0.95 --cka-strength 0.5 --log-dir results/logs/cka_strength_sweep/cifar10_cka_strength_20260724_145851/strength_0p5/seed_21 --checkpoint-dir results/checkpoints/cka_strength_sweep/cifar10_cka_strength_20260724_145851/strength_0p5/seed_21 --plot-dir results/plots/cka_strength_sweep/cifar10_cka_strength_20260724_145851
Final merged configuration:
alpha: 0.3
batch_size: 64
checkpoint_dir: results/checkpoints/cka_strength_sweep/cifar10_cka_strength_20260724_145851/strength_0p5/seed_21
cka_interval: 2
cka_layers:
- conv1
- conv2
- conv3
- fc1
cka_max_sparsity: 0.95
cka_min_sparsity: 0.5
cka_strength: 0.5
data_check: false
data_dir: data
dataset: cifar10
device: auto
dry_run: false
eval_interval: 1
experiment_config_path: configs/cka_feddst_mnist.yaml
global_config_path: configs/global_cifar10.yaml
local_epochs: 1
log_cka: false
log_dir: results/logs/cka_strength_sweep/cifar10_cka_strength_20260724_145851/strength_0p5/seed_21
lr: 0.01
mask_update_interval: 2
method: cka_feddst
model: cifar_cnn
num_clients: 5
num_workers: 2
output_dir: results
plot_dir: results/plots/cka_strength_sweep/cifar10_cka_strength_20260724_145851
prune_fraction: 0.2
reference_size: 500
regrowth_method: gradient
rounds: 20
save_checkpoint: false
seed: 21
sparsity: 0.95
sparsity_init: random
split_dir: null
Saved merged config to: results/logs/cka_strength_sweep/cifar10_cka_strength_20260724_145851/strength_0p5/seed_21/cka_feddst_cifar10_clients5_alpha0.3_sparsity0.95_cka0.5_seed21_20260724_150301_config.yaml
Client label distributions:
  client 00: n=10151, labels=[68, 0, 4345, 758, 1058, 713, 0, 122, 882, 2205]
  client 01: n=10420, labels=[957, 2155, 26, 376, 2359, 483, 4054, 4, 6, 0]
  client 02: n= 7384, labels=[1406, 266, 313, 764, 191, 13, 184, 2, 3127, 1118]
  client 03: n=13329, labels=[2519, 2506, 245, 1146, 1341, 359, 6, 3254, 563, 1390]
  client 04: n= 8216, labels=[0, 23, 21, 1906, 1, 3382, 706, 1568, 372, 237]

[Run 46/125] suite=cka_strength method=cka_feddst seed=100 sparsity=0.5 cka_strength=0.5
Output log dir: results/logs/cka_strength_sweep/cifar10_cka_strength_20260724_145851/strength_0p5/seed_100
Command: /mnt/aiongpfs/users/dsen/micromamba/envs/cka-cifar/bin/python -m src.train --global-config configs/global_cifar10.yaml --config configs/cka_feddst_mnist.yaml --seed 100 --sparsity 0.5 --cka-strength 0.5 --log-dir results/logs/cka_strength_sweep/cifar10_cka_strength_20260724_145851/strength_0p5/seed_100 --checkpoint-dir results/checkpoints/cka_strength_sweep/cifar10_cka_strength_20260724_145851/strength_0p5/seed_100 --plot-dir results/plots/cka_strength_sweep/cifar10_cka_strength_20260724_145851
Final merged configuration:
alpha: 0.3
batch_size: 64
checkpoint_dir: results/checkpoints/cka_strength_sweep/cifar10_cka_strength_20260724_145851/strength_0p5/seed_100
cka_interval: 2
cka_layers:
- conv1
- conv2
- conv3
- fc1
cka_max_sparsity: 0.95
cka_min_sparsity: 0.5
cka_strength: 0.5
data_check: false
data_dir: data
dataset: cifar10
device: auto
dry_run: false
eval_interval: 1
experiment_config_path: configs/cka_feddst_mnist.yaml
global_config_path: configs/global_cifar10.yaml
local_epochs: 1
log_cka: false
log_dir: results/logs/cka_strength_sweep/cifar10_cka_strength_20260724_145851/strength_0p5/seed_100
lr: 0.01
mask_update_interval: 2
method: cka_feddst
model: cifar_cnn
num_clients: 5
num_workers: 2
output_dir: results
plot_dir: results/plots/cka_strength_sweep/cifar10_cka_strength_20260724_145851
prune_fraction: 0.2
reference_size: 500
regrowth_method: gradient
rounds: 20
save_checkpoint: false
seed: 100
sparsity: 0.5
sparsity_init: random
split_dir: null
Saved merged config to: results/logs/cka_strength_sweep/cifar10_cka_strength_20260724_145851/strength_0p5/seed_100/cka_feddst_cifar10_clients5_alpha0.3_sparsity0.5_cka0.5_seed100_20260724_150307_config.yaml
Client label distributions:
  client 00: n= 6485, labels=[2604, 0, 589, 2, 2, 5, 173, 2831, 8, 271]
  client 01: n= 9836, labels=[30, 0, 237, 3053, 347, 2329, 15, 2008, 2, 1815]
  client 02: n= 9670, labels=[180, 2324, 0, 407, 463, 481, 1656, 64, 4094, 1]
  client 03: n= 6110, labels=[2074, 92, 1, 1395, 1095, 27, 832, 24, 30, 540]
  client 04: n=17399, labels=[62, 2534, 4123, 93, 3043, 2108, 2274, 23, 816, 2323]

[Run 47/125] suite=cka_strength method=cka_feddst seed=100 sparsity=0.7 cka_strength=0.5
Output log dir: results/logs/cka_strength_sweep/cifar10_cka_strength_20260724_145851/strength_0p5/seed_100
Command: /mnt/aiongpfs/users/dsen/micromamba/envs/cka-cifar/bin/python -m src.train --global-config configs/global_cifar10.yaml --config configs/cka_feddst_mnist.yaml --seed 100 --sparsity 0.7 --cka-strength 0.5 --log-dir results/logs/cka_strength_sweep/cifar10_cka_strength_20260724_145851/strength_0p5/seed_100 --checkpoint-dir results/checkpoints/cka_strength_sweep/cifar10_cka_strength_20260724_145851/strength_0p5/seed_100 --plot-dir results/plots/cka_strength_sweep/cifar10_cka_strength_20260724_145851
Final merged configuration:
alpha: 0.3
batch_size: 64
checkpoint_dir: results/checkpoints/cka_strength_sweep/cifar10_cka_strength_20260724_145851/strength_0p5/seed_100
cka_interval: 2
cka_layers:
- conv1
- conv2
- conv3
- fc1
cka_max_sparsity: 0.95
cka_min_sparsity: 0.5
cka_strength: 0.5
data_check: false
data_dir: data
dataset: cifar10
device: auto
dry_run: false
eval_interval: 1
experiment_config_path: configs/cka_feddst_mnist.yaml
global_config_path: configs/global_cifar10.yaml
local_epochs: 1
log_cka: false
log_dir: results/logs/cka_strength_sweep/cifar10_cka_strength_20260724_145851/strength_0p5/seed_100
lr: 0.01
mask_update_interval: 2
method: cka_feddst
model: cifar_cnn
num_clients: 5
num_workers: 2
output_dir: results
plot_dir: results/plots/cka_strength_sweep/cifar10_cka_strength_20260724_145851
prune_fraction: 0.2
reference_size: 500
regrowth_method: gradient
rounds: 20
save_checkpoint: false
seed: 100
sparsity: 0.7
sparsity_init: random
split_dir: null
Saved merged config to: results/logs/cka_strength_sweep/cifar10_cka_strength_20260724_145851/strength_0p5/seed_100/cka_feddst_cifar10_clients5_alpha0.3_sparsity0.7_cka0.5_seed100_20260724_150313_config.yaml
Client label distributions:
  client 00: n= 6485, labels=[2604, 0, 589, 2, 2, 5, 173, 2831, 8, 271]
  client 01: n= 9836, labels=[30, 0, 237, 3053, 347, 2329, 15, 2008, 2, 1815]
  client 02: n= 9670, labels=[180, 2324, 0, 407, 463, 481, 1656, 64, 4094, 1]
  client 03: n= 6110, labels=[2074, 92, 1, 1395, 1095, 27, 832, 24, 30, 540]
  client 04: n=17399, labels=[62, 2534, 4123, 93, 3043, 2108, 2274, 23, 816, 2323]

[Run 48/125] suite=cka_strength method=cka_feddst seed=100 sparsity=0.8 cka_strength=0.5
Output log dir: results/logs/cka_strength_sweep/cifar10_cka_strength_20260724_145851/strength_0p5/seed_100
Command: /mnt/aiongpfs/users/dsen/micromamba/envs/cka-cifar/bin/python -m src.train --global-config configs/global_cifar10.yaml --config configs/cka_feddst_mnist.yaml --seed 100 --sparsity 0.8 --cka-strength 0.5 --log-dir results/logs/cka_strength_sweep/cifar10_cka_strength_20260724_145851/strength_0p5/seed_100 --checkpoint-dir results/checkpoints/cka_strength_sweep/cifar10_cka_strength_20260724_145851/strength_0p5/seed_100 --plot-dir results/plots/cka_strength_sweep/cifar10_cka_strength_20260724_145851
Final merged configuration:
alpha: 0.3
batch_size: 64
checkpoint_dir: results/checkpoints/cka_strength_sweep/cifar10_cka_strength_20260724_145851/strength_0p5/seed_100
cka_interval: 2
cka_layers:
- conv1
- conv2
- conv3
- fc1
cka_max_sparsity: 0.95
cka_min_sparsity: 0.5
cka_strength: 0.5
data_check: false
data_dir: data
dataset: cifar10
device: auto
dry_run: false
eval_interval: 1
experiment_config_path: configs/cka_feddst_mnist.yaml
global_config_path: configs/global_cifar10.yaml
local_epochs: 1
log_cka: false
log_dir: results/logs/cka_strength_sweep/cifar10_cka_strength_20260724_145851/strength_0p5/seed_100
lr: 0.01
mask_update_interval: 2
method: cka_feddst
model: cifar_cnn
num_clients: 5
num_workers: 2
output_dir: results
plot_dir: results/plots/cka_strength_sweep/cifar10_cka_strength_20260724_145851
prune_fraction: 0.2
reference_size: 500
regrowth_method: gradient
rounds: 20
save_checkpoint: false
seed: 100
sparsity: 0.8
sparsity_init: random
split_dir: null
Saved merged config to: results/logs/cka_strength_sweep/cifar10_cka_strength_20260724_145851/strength_0p5/seed_100/cka_feddst_cifar10_clients5_alpha0.3_sparsity0.8_cka0.5_seed100_20260724_150319_config.yaml
Client label distributions:
  client 00: n= 6485, labels=[2604, 0, 589, 2, 2, 5, 173, 2831, 8, 271]
  client 01: n= 9836, labels=[30, 0, 237, 3053, 347, 2329, 15, 2008, 2, 1815]
  client 02: n= 9670, labels=[180, 2324, 0, 407, 463, 481, 1656, 64, 4094, 1]
  client 03: n= 6110, labels=[2074, 92, 1, 1395, 1095, 27, 832, 24, 30, 540]
  client 04: n=17399, labels=[62, 2534, 4123, 93, 3043, 2108, 2274, 23, 816, 2323]

[Run 49/125] suite=cka_strength method=cka_feddst seed=100 sparsity=0.9 cka_strength=0.5
Output log dir: results/logs/cka_strength_sweep/cifar10_cka_strength_20260724_145851/strength_0p5/seed_100
Command: /mnt/aiongpfs/users/dsen/micromamba/envs/cka-cifar/bin/python -m src.train --global-config configs/global_cifar10.yaml --config configs/cka_feddst_mnist.yaml --seed 100 --sparsity 0.9 --cka-strength 0.5 --log-dir results/logs/cka_strength_sweep/cifar10_cka_strength_20260724_145851/strength_0p5/seed_100 --checkpoint-dir results/checkpoints/cka_strength_sweep/cifar10_cka_strength_20260724_145851/strength_0p5/seed_100 --plot-dir results/plots/cka_strength_sweep/cifar10_cka_strength_20260724_145851
Final merged configuration:
alpha: 0.3
batch_size: 64
checkpoint_dir: results/checkpoints/cka_strength_sweep/cifar10_cka_strength_20260724_145851/strength_0p5/seed_100
cka_interval: 2
cka_layers:
- conv1
- conv2
- conv3
- fc1
cka_max_sparsity: 0.95
cka_min_sparsity: 0.5
cka_strength: 0.5
data_check: false
data_dir: data
dataset: cifar10
device: auto
dry_run: false
eval_interval: 1
experiment_config_path: configs/cka_feddst_mnist.yaml
global_config_path: configs/global_cifar10.yaml
local_epochs: 1
log_cka: false
log_dir: results/logs/cka_strength_sweep/cifar10_cka_strength_20260724_145851/strength_0p5/seed_100
lr: 0.01
mask_update_interval: 2
method: cka_feddst
model: cifar_cnn
num_clients: 5
num_workers: 2
output_dir: results
plot_dir: results/plots/cka_strength_sweep/cifar10_cka_strength_20260724_145851
prune_fraction: 0.2
reference_size: 500
regrowth_method: gradient
rounds: 20
save_checkpoint: false
seed: 100
sparsity: 0.9
sparsity_init: random
split_dir: null
Saved merged config to: results/logs/cka_strength_sweep/cifar10_cka_strength_20260724_145851/strength_0p5/seed_100/cka_feddst_cifar10_clients5_alpha0.3_sparsity0.9_cka0.5_seed100_20260724_150324_config.yaml
Client label distributions:
  client 00: n= 6485, labels=[2604, 0, 589, 2, 2, 5, 173, 2831, 8, 271]
  client 01: n= 9836, labels=[30, 0, 237, 3053, 347, 2329, 15, 2008, 2, 1815]
  client 02: n= 9670, labels=[180, 2324, 0, 407, 463, 481, 1656, 64, 4094, 1]
  client 03: n= 6110, labels=[2074, 92, 1, 1395, 1095, 27, 832, 24, 30, 540]
  client 04: n=17399, labels=[62, 2534, 4123, 93, 3043, 2108, 2274, 23, 816, 2323]

[Run 50/125] suite=cka_strength method=cka_feddst seed=100 sparsity=0.95 cka_strength=0.5
Output log dir: results/logs/cka_strength_sweep/cifar10_cka_strength_20260724_145851/strength_0p5/seed_100
Command: /mnt/aiongpfs/users/dsen/micromamba/envs/cka-cifar/bin/python -m src.train --global-config configs/global_cifar10.yaml --config configs/cka_feddst_mnist.yaml --seed 100 --sparsity 0.95 --cka-strength 0.5 --log-dir results/logs/cka_strength_sweep/cifar10_cka_strength_20260724_145851/strength_0p5/seed_100 --checkpoint-dir results/checkpoints/cka_strength_sweep/cifar10_cka_strength_20260724_145851/strength_0p5/seed_100 --plot-dir results/plots/cka_strength_sweep/cifar10_cka_strength_20260724_145851
Final merged configuration:
alpha: 0.3
batch_size: 64
checkpoint_dir: results/checkpoints/cka_strength_sweep/cifar10_cka_strength_20260724_145851/strength_0p5/seed_100
cka_interval: 2
cka_layers:
- conv1
- conv2
- conv3
- fc1
cka_max_sparsity: 0.95
cka_min_sparsity: 0.5
cka_strength: 0.5
data_check: false
data_dir: data
dataset: cifar10
device: auto
dry_run: false
eval_interval: 1
experiment_config_path: configs/cka_feddst_mnist.yaml
global_config_path: configs/global_cifar10.yaml
local_epochs: 1
log_cka: false
log_dir: results/logs/cka_strength_sweep/cifar10_cka_strength_20260724_145851/strength_0p5/seed_100
lr: 0.01
mask_update_interval: 2
method: cka_feddst
model: cifar_cnn
num_clients: 5
num_workers: 2
output_dir: results
plot_dir: results/plots/cka_strength_sweep/cifar10_cka_strength_20260724_145851
prune_fraction: 0.2
reference_size: 500
regrowth_method: gradient
rounds: 20
save_checkpoint: false
seed: 100
sparsity: 0.95
sparsity_init: random
split_dir: null
Saved merged config to: results/logs/cka_strength_sweep/cifar10_cka_strength_20260724_145851/strength_0p5/seed_100/cka_feddst_cifar10_clients5_alpha0.3_sparsity0.95_cka0.5_seed100_20260724_150330_config.yaml
Client label distributions:
  client 00: n= 6485, labels=[2604, 0, 589, 2, 2, 5, 173, 2831, 8, 271]
  client 01: n= 9836, labels=[30, 0, 237, 3053, 347, 2329, 15, 2008, 2, 1815]
  client 02: n= 9670, labels=[180, 2324, 0, 407, 463, 481, 1656, 64, 4094, 1]
  client 03: n= 6110, labels=[2074, 92, 1, 1395, 1095, 27, 832, 24, 30, 540]
  client 04: n=17399, labels=[62, 2534, 4123, 93, 3043, 2108, 2274, 23, 816, 2323]

[Run 51/125] suite=cka_strength method=cka_feddst seed=42 sparsity=0.5 cka_strength=0.8
Output log dir: results/logs/cka_strength_sweep/cifar10_cka_strength_20260724_145851/strength_0p8/seed_42
Command: /mnt/aiongpfs/users/dsen/micromamba/envs/cka-cifar/bin/python -m src.train --global-config configs/global_cifar10.yaml --config configs/cka_feddst_mnist.yaml --seed 42 --sparsity 0.5 --cka-strength 0.8 --log-dir results/logs/cka_strength_sweep/cifar10_cka_strength_20260724_145851/strength_0p8/seed_42 --checkpoint-dir results/checkpoints/cka_strength_sweep/cifar10_cka_strength_20260724_145851/strength_0p8/seed_42 --plot-dir results/plots/cka_strength_sweep/cifar10_cka_strength_20260724_145851
Final merged configuration:
alpha: 0.3
batch_size: 64
checkpoint_dir: results/checkpoints/cka_strength_sweep/cifar10_cka_strength_20260724_145851/strength_0p8/seed_42
cka_interval: 2
cka_layers:
- conv1
- conv2
- conv3
- fc1
cka_max_sparsity: 0.95
cka_min_sparsity: 0.5
cka_strength: 0.8
data_check: false
data_dir: data
dataset: cifar10
device: auto
dry_run: false
eval_interval: 1
experiment_config_path: configs/cka_feddst_mnist.yaml
global_config_path: configs/global_cifar10.yaml
local_epochs: 1
log_cka: false
log_dir: results/logs/cka_strength_sweep/cifar10_cka_strength_20260724_145851/strength_0p8/seed_42
lr: 0.01
mask_update_interval: 2
method: cka_feddst
model: cifar_cnn
num_clients: 5
num_workers: 2
output_dir: results
plot_dir: results/plots/cka_strength_sweep/cifar10_cka_strength_20260724_145851
prune_fraction: 0.2
reference_size: 500
regrowth_method: gradient
rounds: 20
save_checkpoint: false
seed: 42
sparsity: 0.5
sparsity_init: random
split_dir: null
Saved merged config to: results/logs/cka_strength_sweep/cifar10_cka_strength_20260724_145851/strength_0p8/seed_42/cka_feddst_cifar10_clients5_alpha0.3_sparsity0.5_cka0.8_seed42_20260724_150336_config.yaml
Client label distributions:
  client 00: n= 6173, labels=[449, 1577, 16, 53, 288, 1254, 18, 319, 1561, 638]
  client 01: n= 6712, labels=[388, 41, 1016, 674, 619, 293, 705, 1884, 2, 1090]
  client 02: n= 6610, labels=[14, 2050, 564, 1192, 934, 206, 33, 1318, 147, 152]
  client 03: n=12351, labels=[4094, 1282, 465, 1114, 4, 0, 3603, 1424, 313, 52]
  client 04: n=17654, labels=[5, 0, 2889, 1917, 3105, 3197, 591, 5, 2927, 3018]

[Run 52/125] suite=cka_strength method=cka_feddst seed=42 sparsity=0.7 cka_strength=0.8
Output log dir: results/logs/cka_strength_sweep/cifar10_cka_strength_20260724_145851/strength_0p8/seed_42
Command: /mnt/aiongpfs/users/dsen/micromamba/envs/cka-cifar/bin/python -m src.train --global-config configs/global_cifar10.yaml --config configs/cka_feddst_mnist.yaml --seed 42 --sparsity 0.7 --cka-strength 0.8 --log-dir results/logs/cka_strength_sweep/cifar10_cka_strength_20260724_145851/strength_0p8/seed_42 --checkpoint-dir results/checkpoints/cka_strength_sweep/cifar10_cka_strength_20260724_145851/strength_0p8/seed_42 --plot-dir results/plots/cka_strength_sweep/cifar10_cka_strength_20260724_145851
Final merged configuration:
alpha: 0.3
batch_size: 64
checkpoint_dir: results/checkpoints/cka_strength_sweep/cifar10_cka_strength_20260724_145851/strength_0p8/seed_42
cka_interval: 2
cka_layers:
- conv1
- conv2
- conv3
- fc1
cka_max_sparsity: 0.95
cka_min_sparsity: 0.5
cka_strength: 0.8
data_check: false
data_dir: data
dataset: cifar10
device: auto
dry_run: false
eval_interval: 1
experiment_config_path: configs/cka_feddst_mnist.yaml
global_config_path: configs/global_cifar10.yaml
local_epochs: 1
log_cka: false
log_dir: results/logs/cka_strength_sweep/cifar10_cka_strength_20260724_145851/strength_0p8/seed_42
lr: 0.01
mask_update_interval: 2
method: cka_feddst
model: cifar_cnn
num_clients: 5
num_workers: 2
output_dir: results
plot_dir: results/plots/cka_strength_sweep/cifar10_cka_strength_20260724_145851
prune_fraction: 0.2
reference_size: 500
regrowth_method: gradient
rounds: 20
save_checkpoint: false
seed: 42
sparsity: 0.7
sparsity_init: random
split_dir: null
Saved merged config to: results/logs/cka_strength_sweep/cifar10_cka_strength_20260724_145851/strength_0p8/seed_42/cka_feddst_cifar10_clients5_alpha0.3_sparsity0.7_cka0.8_seed42_20260724_150342_config.yaml
Client label distributions:
  client 00: n= 6173, labels=[449, 1577, 16, 53, 288, 1254, 18, 319, 1561, 638]
  client 01: n= 6712, labels=[388, 41, 1016, 674, 619, 293, 705, 1884, 2, 1090]
  client 02: n= 6610, labels=[14, 2050, 564, 1192, 934, 206, 33, 1318, 147, 152]
  client 03: n=12351, labels=[4094, 1282, 465, 1114, 4, 0, 3603, 1424, 313, 52]
  client 04: n=17654, labels=[5, 0, 2889, 1917, 3105, 3197, 591, 5, 2927, 3018]

[Run 53/125] suite=cka_strength method=cka_feddst seed=42 sparsity=0.8 cka_strength=0.8
Output log dir: results/logs/cka_strength_sweep/cifar10_cka_strength_20260724_145851/strength_0p8/seed_42
Command: /mnt/aiongpfs/users/dsen/micromamba/envs/cka-cifar/bin/python -m src.train --global-config configs/global_cifar10.yaml --config configs/cka_feddst_mnist.yaml --seed 42 --sparsity 0.8 --cka-strength 0.8 --log-dir results/logs/cka_strength_sweep/cifar10_cka_strength_20260724_145851/strength_0p8/seed_42 --checkpoint-dir results/checkpoints/cka_strength_sweep/cifar10_cka_strength_20260724_145851/strength_0p8/seed_42 --plot-dir results/plots/cka_strength_sweep/cifar10_cka_strength_20260724_145851
Final merged configuration:
alpha: 0.3
batch_size: 64
checkpoint_dir: results/checkpoints/cka_strength_sweep/cifar10_cka_strength_20260724_145851/strength_0p8/seed_42
cka_interval: 2
cka_layers:
- conv1
- conv2
- conv3
- fc1
cka_max_sparsity: 0.95
cka_min_sparsity: 0.5
cka_strength: 0.8
data_check: false
data_dir: data
dataset: cifar10
device: auto
dry_run: false
eval_interval: 1
experiment_config_path: configs/cka_feddst_mnist.yaml
global_config_path: configs/global_cifar10.yaml
local_epochs: 1
log_cka: false
log_dir: results/logs/cka_strength_sweep/cifar10_cka_strength_20260724_145851/strength_0p8/seed_42
lr: 0.01
mask_update_interval: 2
method: cka_feddst
model: cifar_cnn
num_clients: 5
num_workers: 2
output_dir: results
plot_dir: results/plots/cka_strength_sweep/cifar10_cka_strength_20260724_145851
prune_fraction: 0.2
reference_size: 500
regrowth_method: gradient
rounds: 20
save_checkpoint: false
seed: 42
sparsity: 0.8
sparsity_init: random
split_dir: null
Saved merged config to: results/logs/cka_strength_sweep/cifar10_cka_strength_20260724_145851/strength_0p8/seed_42/cka_feddst_cifar10_clients5_alpha0.3_sparsity0.8_cka0.8_seed42_20260724_150347_config.yaml
Client label distributions:
  client 00: n= 6173, labels=[449, 1577, 16, 53, 288, 1254, 18, 319, 1561, 638]
  client 01: n= 6712, labels=[388, 41, 1016, 674, 619, 293, 705, 1884, 2, 1090]
  client 02: n= 6610, labels=[14, 2050, 564, 1192, 934, 206, 33, 1318, 147, 152]
  client 03: n=12351, labels=[4094, 1282, 465, 1114, 4, 0, 3603, 1424, 313, 52]
  client 04: n=17654, labels=[5, 0, 2889, 1917, 3105, 3197, 591, 5, 2927, 3018]

[Run 54/125] suite=cka_strength method=cka_feddst seed=42 sparsity=0.9 cka_strength=0.8
Output log dir: results/logs/cka_strength_sweep/cifar10_cka_strength_20260724_145851/strength_0p8/seed_42
Command: /mnt/aiongpfs/users/dsen/micromamba/envs/cka-cifar/bin/python -m src.train --global-config configs/global_cifar10.yaml --config configs/cka_feddst_mnist.yaml --seed 42 --sparsity 0.9 --cka-strength 0.8 --log-dir results/logs/cka_strength_sweep/cifar10_cka_strength_20260724_145851/strength_0p8/seed_42 --checkpoint-dir results/checkpoints/cka_strength_sweep/cifar10_cka_strength_20260724_145851/strength_0p8/seed_42 --plot-dir results/plots/cka_strength_sweep/cifar10_cka_strength_20260724_145851
Final merged configuration:
alpha: 0.3
batch_size: 64
checkpoint_dir: results/checkpoints/cka_strength_sweep/cifar10_cka_strength_20260724_145851/strength_0p8/seed_42
cka_interval: 2
cka_layers:
- conv1
- conv2
- conv3
- fc1
cka_max_sparsity: 0.95
cka_min_sparsity: 0.5
cka_strength: 0.8
data_check: false
data_dir: data
dataset: cifar10
device: auto
dry_run: false
eval_interval: 1
experiment_config_path: configs/cka_feddst_mnist.yaml
global_config_path: configs/global_cifar10.yaml
local_epochs: 1
log_cka: false
log_dir: results/logs/cka_strength_sweep/cifar10_cka_strength_20260724_145851/strength_0p8/seed_42
lr: 0.01
mask_update_interval: 2
method: cka_feddst
model: cifar_cnn
num_clients: 5
num_workers: 2
output_dir: results
plot_dir: results/plots/cka_strength_sweep/cifar10_cka_strength_20260724_145851
prune_fraction: 0.2
reference_size: 500
regrowth_method: gradient
rounds: 20
save_checkpoint: false
seed: 42
sparsity: 0.9
sparsity_init: random
split_dir: null
Saved merged config to: results/logs/cka_strength_sweep/cifar10_cka_strength_20260724_145851/strength_0p8/seed_42/cka_feddst_cifar10_clients5_alpha0.3_sparsity0.9_cka0.8_seed42_20260724_150353_config.yaml
Client label distributions:
  client 00: n= 6173, labels=[449, 1577, 16, 53, 288, 1254, 18, 319, 1561, 638]
  client 01: n= 6712, labels=[388, 41, 1016, 674, 619, 293, 705, 1884, 2, 1090]
  client 02: n= 6610, labels=[14, 2050, 564, 1192, 934, 206, 33, 1318, 147, 152]
  client 03: n=12351, labels=[4094, 1282, 465, 1114, 4, 0, 3603, 1424, 313, 52]
  client 04: n=17654, labels=[5, 0, 2889, 1917, 3105, 3197, 591, 5, 2927, 3018]

[Run 55/125] suite=cka_strength method=cka_feddst seed=42 sparsity=0.95 cka_strength=0.8
Output log dir: results/logs/cka_strength_sweep/cifar10_cka_strength_20260724_145851/strength_0p8/seed_42
Command: /mnt/aiongpfs/users/dsen/micromamba/envs/cka-cifar/bin/python -m src.train --global-config configs/global_cifar10.yaml --config configs/cka_feddst_mnist.yaml --seed 42 --sparsity 0.95 --cka-strength 0.8 --log-dir results/logs/cka_strength_sweep/cifar10_cka_strength_20260724_145851/strength_0p8/seed_42 --checkpoint-dir results/checkpoints/cka_strength_sweep/cifar10_cka_strength_20260724_145851/strength_0p8/seed_42 --plot-dir results/plots/cka_strength_sweep/cifar10_cka_strength_20260724_145851
Final merged configuration:
alpha: 0.3
batch_size: 64
checkpoint_dir: results/checkpoints/cka_strength_sweep/cifar10_cka_strength_20260724_145851/strength_0p8/seed_42
cka_interval: 2
cka_layers:
- conv1
- conv2
- conv3
- fc1
cka_max_sparsity: 0.95
cka_min_sparsity: 0.5
cka_strength: 0.8
data_check: false
data_dir: data
dataset: cifar10
device: auto
dry_run: false
eval_interval: 1
experiment_config_path: configs/cka_feddst_mnist.yaml
global_config_path: configs/global_cifar10.yaml
local_epochs: 1
log_cka: false
log_dir: results/logs/cka_strength_sweep/cifar10_cka_strength_20260724_145851/strength_0p8/seed_42
lr: 0.01
mask_update_interval: 2
method: cka_feddst
model: cifar_cnn
num_clients: 5
num_workers: 2
output_dir: results
plot_dir: results/plots/cka_strength_sweep/cifar10_cka_strength_20260724_145851
prune_fraction: 0.2
reference_size: 500
regrowth_method: gradient
rounds: 20
save_checkpoint: false
seed: 42
sparsity: 0.95
sparsity_init: random
split_dir: null
Saved merged config to: results/logs/cka_strength_sweep/cifar10_cka_strength_20260724_145851/strength_0p8/seed_42/cka_feddst_cifar10_clients5_alpha0.3_sparsity0.95_cka0.8_seed42_20260724_150359_config.yaml
Client label distributions:
  client 00: n= 6173, labels=[449, 1577, 16, 53, 288, 1254, 18, 319, 1561, 638]
  client 01: n= 6712, labels=[388, 41, 1016, 674, 619, 293, 705, 1884, 2, 1090]
  client 02: n= 6610, labels=[14, 2050, 564, 1192, 934, 206, 33, 1318, 147, 152]
  client 03: n=12351, labels=[4094, 1282, 465, 1114, 4, 0, 3603, 1424, 313, 52]
  client 04: n=17654, labels=[5, 0, 2889, 1917, 3105, 3197, 591, 5, 2927, 3018]

[Run 56/125] suite=cka_strength method=cka_feddst seed=7 sparsity=0.5 cka_strength=0.8
Output log dir: results/logs/cka_strength_sweep/cifar10_cka_strength_20260724_145851/strength_0p8/seed_7
Command: /mnt/aiongpfs/users/dsen/micromamba/envs/cka-cifar/bin/python -m src.train --global-config configs/global_cifar10.yaml --config configs/cka_feddst_mnist.yaml --seed 7 --sparsity 0.5 --cka-strength 0.8 --log-dir results/logs/cka_strength_sweep/cifar10_cka_strength_20260724_145851/strength_0p8/seed_7 --checkpoint-dir results/checkpoints/cka_strength_sweep/cifar10_cka_strength_20260724_145851/strength_0p8/seed_7 --plot-dir results/plots/cka_strength_sweep/cifar10_cka_strength_20260724_145851
Final merged configuration:
alpha: 0.3
batch_size: 64
checkpoint_dir: results/checkpoints/cka_strength_sweep/cifar10_cka_strength_20260724_145851/strength_0p8/seed_7
cka_interval: 2
cka_layers:
- conv1
- conv2
- conv3
- fc1
cka_max_sparsity: 0.95
cka_min_sparsity: 0.5
cka_strength: 0.8
data_check: false
data_dir: data
dataset: cifar10
device: auto
dry_run: false
eval_interval: 1
experiment_config_path: configs/cka_feddst_mnist.yaml
global_config_path: configs/global_cifar10.yaml
local_epochs: 1
log_cka: false
log_dir: results/logs/cka_strength_sweep/cifar10_cka_strength_20260724_145851/strength_0p8/seed_7
lr: 0.01
mask_update_interval: 2
method: cka_feddst
model: cifar_cnn
num_clients: 5
num_workers: 2
output_dir: results
plot_dir: results/plots/cka_strength_sweep/cifar10_cka_strength_20260724_145851
prune_fraction: 0.2
reference_size: 500
regrowth_method: gradient
rounds: 20
save_checkpoint: false
seed: 7
sparsity: 0.5
sparsity_init: random
split_dir: null
Saved merged config to: results/logs/cka_strength_sweep/cifar10_cka_strength_20260724_145851/strength_0p8/seed_7/cka_feddst_cifar10_clients5_alpha0.3_sparsity0.5_cka0.8_seed7_20260724_150405_config.yaml
Client label distributions:
  client 00: n= 7681, labels=[142, 16, 5, 202, 411, 2130, 3884, 876, 12, 3]
  client 01: n= 8711, labels=[1321, 1281, 355, 76, 3165, 8, 25, 0, 1922, 558]
  client 02: n=19320, labels=[2810, 141, 3133, 4649, 1064, 2142, 26, 2148, 2915, 292]
  client 03: n= 5169, labels=[22, 3285, 1093, 5, 3, 639, 18, 41, 63, 0]
  client 04: n= 8619, labels=[655, 227, 364, 18, 307, 31, 997, 1885, 38, 4097]

[Run 57/125] suite=cka_strength method=cka_feddst seed=7 sparsity=0.7 cka_strength=0.8
Output log dir: results/logs/cka_strength_sweep/cifar10_cka_strength_20260724_145851/strength_0p8/seed_7
Command: /mnt/aiongpfs/users/dsen/micromamba/envs/cka-cifar/bin/python -m src.train --global-config configs/global_cifar10.yaml --config configs/cka_feddst_mnist.yaml --seed 7 --sparsity 0.7 --cka-strength 0.8 --log-dir results/logs/cka_strength_sweep/cifar10_cka_strength_20260724_145851/strength_0p8/seed_7 --checkpoint-dir results/checkpoints/cka_strength_sweep/cifar10_cka_strength_20260724_145851/strength_0p8/seed_7 --plot-dir results/plots/cka_strength_sweep/cifar10_cka_strength_20260724_145851
Final merged configuration:
alpha: 0.3
batch_size: 64
checkpoint_dir: results/checkpoints/cka_strength_sweep/cifar10_cka_strength_20260724_145851/strength_0p8/seed_7
cka_interval: 2
cka_layers:
- conv1
- conv2
- conv3
- fc1
cka_max_sparsity: 0.95
cka_min_sparsity: 0.5
cka_strength: 0.8
data_check: false
data_dir: data
dataset: cifar10
device: auto
dry_run: false
eval_interval: 1
experiment_config_path: configs/cka_feddst_mnist.yaml
global_config_path: configs/global_cifar10.yaml
local_epochs: 1
log_cka: false
log_dir: results/logs/cka_strength_sweep/cifar10_cka_strength_20260724_145851/strength_0p8/seed_7
lr: 0.01
mask_update_interval: 2
method: cka_feddst
model: cifar_cnn
num_clients: 5
num_workers: 2
output_dir: results
plot_dir: results/plots/cka_strength_sweep/cifar10_cka_strength_20260724_145851
prune_fraction: 0.2
reference_size: 500
regrowth_method: gradient
rounds: 20
save_checkpoint: false
seed: 7
sparsity: 0.7
sparsity_init: random
split_dir: null
Saved merged config to: results/logs/cka_strength_sweep/cifar10_cka_strength_20260724_145851/strength_0p8/seed_7/cka_feddst_cifar10_clients5_alpha0.3_sparsity0.7_cka0.8_seed7_20260724_150411_config.yaml
Client label distributions:
  client 00: n= 7681, labels=[142, 16, 5, 202, 411, 2130, 3884, 876, 12, 3]
  client 01: n= 8711, labels=[1321, 1281, 355, 76, 3165, 8, 25, 0, 1922, 558]
  client 02: n=19320, labels=[2810, 141, 3133, 4649, 1064, 2142, 26, 2148, 2915, 292]
  client 03: n= 5169, labels=[22, 3285, 1093, 5, 3, 639, 18, 41, 63, 0]
  client 04: n= 8619, labels=[655, 227, 364, 18, 307, 31, 997, 1885, 38, 4097]

[Run 58/125] suite=cka_strength method=cka_feddst seed=7 sparsity=0.8 cka_strength=0.8
Output log dir: results/logs/cka_strength_sweep/cifar10_cka_strength_20260724_145851/strength_0p8/seed_7
Command: /mnt/aiongpfs/users/dsen/micromamba/envs/cka-cifar/bin/python -m src.train --global-config configs/global_cifar10.yaml --config configs/cka_feddst_mnist.yaml --seed 7 --sparsity 0.8 --cka-strength 0.8 --log-dir results/logs/cka_strength_sweep/cifar10_cka_strength_20260724_145851/strength_0p8/seed_7 --checkpoint-dir results/checkpoints/cka_strength_sweep/cifar10_cka_strength_20260724_145851/strength_0p8/seed_7 --plot-dir results/plots/cka_strength_sweep/cifar10_cka_strength_20260724_145851
Final merged configuration:
alpha: 0.3
batch_size: 64
checkpoint_dir: results/checkpoints/cka_strength_sweep/cifar10_cka_strength_20260724_145851/strength_0p8/seed_7
cka_interval: 2
cka_layers:
- conv1
- conv2
- conv3
- fc1
cka_max_sparsity: 0.95
cka_min_sparsity: 0.5
cka_strength: 0.8
data_check: false
data_dir: data
dataset: cifar10
device: auto
dry_run: false
eval_interval: 1
experiment_config_path: configs/cka_feddst_mnist.yaml
global_config_path: configs/global_cifar10.yaml
local_epochs: 1
log_cka: false
log_dir: results/logs/cka_strength_sweep/cifar10_cka_strength_20260724_145851/strength_0p8/seed_7
lr: 0.01
mask_update_interval: 2
method: cka_feddst
model: cifar_cnn
num_clients: 5
num_workers: 2
output_dir: results
plot_dir: results/plots/cka_strength_sweep/cifar10_cka_strength_20260724_145851
prune_fraction: 0.2
reference_size: 500
regrowth_method: gradient
rounds: 20
save_checkpoint: false
seed: 7
sparsity: 0.8
sparsity_init: random
split_dir: null
Saved merged config to: results/logs/cka_strength_sweep/cifar10_cka_strength_20260724_145851/strength_0p8/seed_7/cka_feddst_cifar10_clients5_alpha0.3_sparsity0.8_cka0.8_seed7_20260724_150416_config.yaml
Client label distributions:
  client 00: n= 7681, labels=[142, 16, 5, 202, 411, 2130, 3884, 876, 12, 3]
  client 01: n= 8711, labels=[1321, 1281, 355, 76, 3165, 8, 25, 0, 1922, 558]
  client 02: n=19320, labels=[2810, 141, 3133, 4649, 1064, 2142, 26, 2148, 2915, 292]
  client 03: n= 5169, labels=[22, 3285, 1093, 5, 3, 639, 18, 41, 63, 0]
  client 04: n= 8619, labels=[655, 227, 364, 18, 307, 31, 997, 1885, 38, 4097]

[Run 59/125] suite=cka_strength method=cka_feddst seed=7 sparsity=0.9 cka_strength=0.8
Output log dir: results/logs/cka_strength_sweep/cifar10_cka_strength_20260724_145851/strength_0p8/seed_7
Command: /mnt/aiongpfs/users/dsen/micromamba/envs/cka-cifar/bin/python -m src.train --global-config configs/global_cifar10.yaml --config configs/cka_feddst_mnist.yaml --seed 7 --sparsity 0.9 --cka-strength 0.8 --log-dir results/logs/cka_strength_sweep/cifar10_cka_strength_20260724_145851/strength_0p8/seed_7 --checkpoint-dir results/checkpoints/cka_strength_sweep/cifar10_cka_strength_20260724_145851/strength_0p8/seed_7 --plot-dir results/plots/cka_strength_sweep/cifar10_cka_strength_20260724_145851
Final merged configuration:
alpha: 0.3
batch_size: 64
checkpoint_dir: results/checkpoints/cka_strength_sweep/cifar10_cka_strength_20260724_145851/strength_0p8/seed_7
cka_interval: 2
cka_layers:
- conv1
- conv2
- conv3
- fc1
cka_max_sparsity: 0.95
cka_min_sparsity: 0.5
cka_strength: 0.8
data_check: false
data_dir: data
dataset: cifar10
device: auto
dry_run: false
eval_interval: 1
experiment_config_path: configs/cka_feddst_mnist.yaml
global_config_path: configs/global_cifar10.yaml
local_epochs: 1
log_cka: false
log_dir: results/logs/cka_strength_sweep/cifar10_cka_strength_20260724_145851/strength_0p8/seed_7
lr: 0.01
mask_update_interval: 2
method: cka_feddst
model: cifar_cnn
num_clients: 5
num_workers: 2
output_dir: results
plot_dir: results/plots/cka_strength_sweep/cifar10_cka_strength_20260724_145851
prune_fraction: 0.2
reference_size: 500
regrowth_method: gradient
rounds: 20
save_checkpoint: false
seed: 7
sparsity: 0.9
sparsity_init: random
split_dir: null
Saved merged config to: results/logs/cka_strength_sweep/cifar10_cka_strength_20260724_145851/strength_0p8/seed_7/cka_feddst_cifar10_clients5_alpha0.3_sparsity0.9_cka0.8_seed7_20260724_150422_config.yaml
Client label distributions:
  client 00: n= 7681, labels=[142, 16, 5, 202, 411, 2130, 3884, 876, 12, 3]
  client 01: n= 8711, labels=[1321, 1281, 355, 76, 3165, 8, 25, 0, 1922, 558]
  client 02: n=19320, labels=[2810, 141, 3133, 4649, 1064, 2142, 26, 2148, 2915, 292]
  client 03: n= 5169, labels=[22, 3285, 1093, 5, 3, 639, 18, 41, 63, 0]
  client 04: n= 8619, labels=[655, 227, 364, 18, 307, 31, 997, 1885, 38, 4097]

[Run 60/125] suite=cka_strength method=cka_feddst seed=7 sparsity=0.95 cka_strength=0.8
Output log dir: results/logs/cka_strength_sweep/cifar10_cka_strength_20260724_145851/strength_0p8/seed_7
Command: /mnt/aiongpfs/users/dsen/micromamba/envs/cka-cifar/bin/python -m src.train --global-config configs/global_cifar10.yaml --config configs/cka_feddst_mnist.yaml --seed 7 --sparsity 0.95 --cka-strength 0.8 --log-dir results/logs/cka_strength_sweep/cifar10_cka_strength_20260724_145851/strength_0p8/seed_7 --checkpoint-dir results/checkpoints/cka_strength_sweep/cifar10_cka_strength_20260724_145851/strength_0p8/seed_7 --plot-dir results/plots/cka_strength_sweep/cifar10_cka_strength_20260724_145851
Final merged configuration:
alpha: 0.3
batch_size: 64
checkpoint_dir: results/checkpoints/cka_strength_sweep/cifar10_cka_strength_20260724_145851/strength_0p8/seed_7
cka_interval: 2
cka_layers:
- conv1
- conv2
- conv3
- fc1
cka_max_sparsity: 0.95
cka_min_sparsity: 0.5
cka_strength: 0.8
data_check: false
data_dir: data
dataset: cifar10
device: auto
dry_run: false
eval_interval: 1
experiment_config_path: configs/cka_feddst_mnist.yaml
global_config_path: configs/global_cifar10.yaml
local_epochs: 1
log_cka: false
log_dir: results/logs/cka_strength_sweep/cifar10_cka_strength_20260724_145851/strength_0p8/seed_7
lr: 0.01
mask_update_interval: 2
method: cka_feddst
model: cifar_cnn
num_clients: 5
num_workers: 2
output_dir: results
plot_dir: results/plots/cka_strength_sweep/cifar10_cka_strength_20260724_145851
prune_fraction: 0.2
reference_size: 500
regrowth_method: gradient
rounds: 20
save_checkpoint: false
seed: 7
sparsity: 0.95
sparsity_init: random
split_dir: null
Saved merged config to: results/logs/cka_strength_sweep/cifar10_cka_strength_20260724_145851/strength_0p8/seed_7/cka_feddst_cifar10_clients5_alpha0.3_sparsity0.95_cka0.8_seed7_20260724_150428_config.yaml
Client label distributions:
  client 00: n= 7681, labels=[142, 16, 5, 202, 411, 2130, 3884, 876, 12, 3]
  client 01: n= 8711, labels=[1321, 1281, 355, 76, 3165, 8, 25, 0, 1922, 558]
  client 02: n=19320, labels=[2810, 141, 3133, 4649, 1064, 2142, 26, 2148, 2915, 292]
  client 03: n= 5169, labels=[22, 3285, 1093, 5, 3, 639, 18, 41, 63, 0]
  client 04: n= 8619, labels=[655, 227, 364, 18, 307, 31, 997, 1885, 38, 4097]

[Run 61/125] suite=cka_strength method=cka_feddst seed=13 sparsity=0.5 cka_strength=0.8
Output log dir: results/logs/cka_strength_sweep/cifar10_cka_strength_20260724_145851/strength_0p8/seed_13
Command: /mnt/aiongpfs/users/dsen/micromamba/envs/cka-cifar/bin/python -m src.train --global-config configs/global_cifar10.yaml --config configs/cka_feddst_mnist.yaml --seed 13 --sparsity 0.5 --cka-strength 0.8 --log-dir results/logs/cka_strength_sweep/cifar10_cka_strength_20260724_145851/strength_0p8/seed_13 --checkpoint-dir results/checkpoints/cka_strength_sweep/cifar10_cka_strength_20260724_145851/strength_0p8/seed_13 --plot-dir results/plots/cka_strength_sweep/cifar10_cka_strength_20260724_145851
Final merged configuration:
alpha: 0.3
batch_size: 64
checkpoint_dir: results/checkpoints/cka_strength_sweep/cifar10_cka_strength_20260724_145851/strength_0p8/seed_13
cka_interval: 2
cka_layers:
- conv1
- conv2
- conv3
- fc1
cka_max_sparsity: 0.95
cka_min_sparsity: 0.5
cka_strength: 0.8
data_check: false
data_dir: data
dataset: cifar10
device: auto
dry_run: false
eval_interval: 1
experiment_config_path: configs/cka_feddst_mnist.yaml
global_config_path: configs/global_cifar10.yaml
local_epochs: 1
log_cka: false
log_dir: results/logs/cka_strength_sweep/cifar10_cka_strength_20260724_145851/strength_0p8/seed_13
lr: 0.01
mask_update_interval: 2
method: cka_feddst
model: cifar_cnn
num_clients: 5
num_workers: 2
output_dir: results
plot_dir: results/plots/cka_strength_sweep/cifar10_cka_strength_20260724_145851
prune_fraction: 0.2
reference_size: 500
regrowth_method: gradient
rounds: 20
save_checkpoint: false
seed: 13
sparsity: 0.5
sparsity_init: random
split_dir: null
Saved merged config to: results/logs/cka_strength_sweep/cifar10_cka_strength_20260724_145851/strength_0p8/seed_13/cka_feddst_cifar10_clients5_alpha0.3_sparsity0.5_cka0.8_seed13_20260724_150434_config.yaml
Client label distributions:
  client 00: n=19994, labels=[2952, 878, 4230, 1942, 3893, 2947, 1170, 1268, 17, 697]
  client 01: n= 5273, labels=[1186, 629, 719, 163, 777, 852, 428, 22, 488, 9]
  client 02: n= 7607, labels=[2, 105, 1, 0, 96, 68, 60, 1042, 2038, 4195]
  client 03: n= 4678, labels=[463, 27, 0, 654, 2, 62, 287, 776, 2407, 0]
  client 04: n=11948, labels=[347, 3311, 0, 2191, 182, 1021, 3005, 1842, 0, 49]

[Run 62/125] suite=cka_strength method=cka_feddst seed=13 sparsity=0.7 cka_strength=0.8
Output log dir: results/logs/cka_strength_sweep/cifar10_cka_strength_20260724_145851/strength_0p8/seed_13
Command: /mnt/aiongpfs/users/dsen/micromamba/envs/cka-cifar/bin/python -m src.train --global-config configs/global_cifar10.yaml --config configs/cka_feddst_mnist.yaml --seed 13 --sparsity 0.7 --cka-strength 0.8 --log-dir results/logs/cka_strength_sweep/cifar10_cka_strength_20260724_145851/strength_0p8/seed_13 --checkpoint-dir results/checkpoints/cka_strength_sweep/cifar10_cka_strength_20260724_145851/strength_0p8/seed_13 --plot-dir results/plots/cka_strength_sweep/cifar10_cka_strength_20260724_145851
Final merged configuration:
alpha: 0.3
batch_size: 64
checkpoint_dir: results/checkpoints/cka_strength_sweep/cifar10_cka_strength_20260724_145851/strength_0p8/seed_13
cka_interval: 2
cka_layers:
- conv1
- conv2
- conv3
- fc1
cka_max_sparsity: 0.95
cka_min_sparsity: 0.5
cka_strength: 0.8
data_check: false
data_dir: data
dataset: cifar10
device: auto
dry_run: false
eval_interval: 1
experiment_config_path: configs/cka_feddst_mnist.yaml
global_config_path: configs/global_cifar10.yaml
local_epochs: 1
log_cka: false
log_dir: results/logs/cka_strength_sweep/cifar10_cka_strength_20260724_145851/strength_0p8/seed_13
lr: 0.01
mask_update_interval: 2
method: cka_feddst
model: cifar_cnn
num_clients: 5
num_workers: 2
output_dir: results
plot_dir: results/plots/cka_strength_sweep/cifar10_cka_strength_20260724_145851
prune_fraction: 0.2
reference_size: 500
regrowth_method: gradient
rounds: 20
save_checkpoint: false
seed: 13
sparsity: 0.7
sparsity_init: random
split_dir: null
Saved merged config to: results/logs/cka_strength_sweep/cifar10_cka_strength_20260724_145851/strength_0p8/seed_13/cka_feddst_cifar10_clients5_alpha0.3_sparsity0.7_cka0.8_seed13_20260724_150439_config.yaml
Client label distributions:
  client 00: n=19994, labels=[2952, 878, 4230, 1942, 3893, 2947, 1170, 1268, 17, 697]
  client 01: n= 5273, labels=[1186, 629, 719, 163, 777, 852, 428, 22, 488, 9]
  client 02: n= 7607, labels=[2, 105, 1, 0, 96, 68, 60, 1042, 2038, 4195]
  client 03: n= 4678, labels=[463, 27, 0, 654, 2, 62, 287, 776, 2407, 0]
  client 04: n=11948, labels=[347, 3311, 0, 2191, 182, 1021, 3005, 1842, 0, 49]

[Run 63/125] suite=cka_strength method=cka_feddst seed=13 sparsity=0.8 cka_strength=0.8
Output log dir: results/logs/cka_strength_sweep/cifar10_cka_strength_20260724_145851/strength_0p8/seed_13
Command: /mnt/aiongpfs/users/dsen/micromamba/envs/cka-cifar/bin/python -m src.train --global-config configs/global_cifar10.yaml --config configs/cka_feddst_mnist.yaml --seed 13 --sparsity 0.8 --cka-strength 0.8 --log-dir results/logs/cka_strength_sweep/cifar10_cka_strength_20260724_145851/strength_0p8/seed_13 --checkpoint-dir results/checkpoints/cka_strength_sweep/cifar10_cka_strength_20260724_145851/strength_0p8/seed_13 --plot-dir results/plots/cka_strength_sweep/cifar10_cka_strength_20260724_145851
Final merged configuration:
alpha: 0.3
batch_size: 64
checkpoint_dir: results/checkpoints/cka_strength_sweep/cifar10_cka_strength_20260724_145851/strength_0p8/seed_13
cka_interval: 2
cka_layers:
- conv1
- conv2
- conv3
- fc1
cka_max_sparsity: 0.95
cka_min_sparsity: 0.5
cka_strength: 0.8
data_check: false
data_dir: data
dataset: cifar10
device: auto
dry_run: false
eval_interval: 1
experiment_config_path: configs/cka_feddst_mnist.yaml
global_config_path: configs/global_cifar10.yaml
local_epochs: 1
log_cka: false
log_dir: results/logs/cka_strength_sweep/cifar10_cka_strength_20260724_145851/strength_0p8/seed_13
lr: 0.01
mask_update_interval: 2
method: cka_feddst
model: cifar_cnn
num_clients: 5
num_workers: 2
output_dir: results
plot_dir: results/plots/cka_strength_sweep/cifar10_cka_strength_20260724_145851
prune_fraction: 0.2
reference_size: 500
regrowth_method: gradient
rounds: 20
save_checkpoint: false
seed: 13
sparsity: 0.8
sparsity_init: random
split_dir: null
Saved merged config to: results/logs/cka_strength_sweep/cifar10_cka_strength_20260724_145851/strength_0p8/seed_13/cka_feddst_cifar10_clients5_alpha0.3_sparsity0.8_cka0.8_seed13_20260724_150445_config.yaml
Client label distributions:
  client 00: n=19994, labels=[2952, 878, 4230, 1942, 3893, 2947, 1170, 1268, 17, 697]
  client 01: n= 5273, labels=[1186, 629, 719, 163, 777, 852, 428, 22, 488, 9]
  client 02: n= 7607, labels=[2, 105, 1, 0, 96, 68, 60, 1042, 2038, 4195]
  client 03: n= 4678, labels=[463, 27, 0, 654, 2, 62, 287, 776, 2407, 0]
  client 04: n=11948, labels=[347, 3311, 0, 2191, 182, 1021, 3005, 1842, 0, 49]

[Run 64/125] suite=cka_strength method=cka_feddst seed=13 sparsity=0.9 cka_strength=0.8
Output log dir: results/logs/cka_strength_sweep/cifar10_cka_strength_20260724_145851/strength_0p8/seed_13
Command: /mnt/aiongpfs/users/dsen/micromamba/envs/cka-cifar/bin/python -m src.train --global-config configs/global_cifar10.yaml --config configs/cka_feddst_mnist.yaml --seed 13 --sparsity 0.9 --cka-strength 0.8 --log-dir results/logs/cka_strength_sweep/cifar10_cka_strength_20260724_145851/strength_0p8/seed_13 --checkpoint-dir results/checkpoints/cka_strength_sweep/cifar10_cka_strength_20260724_145851/strength_0p8/seed_13 --plot-dir results/plots/cka_strength_sweep/cifar10_cka_strength_20260724_145851
Final merged configuration:
alpha: 0.3
batch_size: 64
checkpoint_dir: results/checkpoints/cka_strength_sweep/cifar10_cka_strength_20260724_145851/strength_0p8/seed_13
cka_interval: 2
cka_layers:
- conv1
- conv2
- conv3
- fc1
cka_max_sparsity: 0.95
cka_min_sparsity: 0.5
cka_strength: 0.8
data_check: false
data_dir: data
dataset: cifar10
device: auto
dry_run: false
eval_interval: 1
experiment_config_path: configs/cka_feddst_mnist.yaml
global_config_path: configs/global_cifar10.yaml
local_epochs: 1
log_cka: false
log_dir: results/logs/cka_strength_sweep/cifar10_cka_strength_20260724_145851/strength_0p8/seed_13
lr: 0.01
mask_update_interval: 2
method: cka_feddst
model: cifar_cnn
num_clients: 5
num_workers: 2
output_dir: results
plot_dir: results/plots/cka_strength_sweep/cifar10_cka_strength_20260724_145851
prune_fraction: 0.2
reference_size: 500
regrowth_method: gradient
rounds: 20
save_checkpoint: false
seed: 13
sparsity: 0.9
sparsity_init: random
split_dir: null
Saved merged config to: results/logs/cka_strength_sweep/cifar10_cka_strength_20260724_145851/strength_0p8/seed_13/cka_feddst_cifar10_clients5_alpha0.3_sparsity0.9_cka0.8_seed13_20260724_150451_config.yaml
Client label distributions:
  client 00: n=19994, labels=[2952, 878, 4230, 1942, 3893, 2947, 1170, 1268, 17, 697]
  client 01: n= 5273, labels=[1186, 629, 719, 163, 777, 852, 428, 22, 488, 9]
  client 02: n= 7607, labels=[2, 105, 1, 0, 96, 68, 60, 1042, 2038, 4195]
  client 03: n= 4678, labels=[463, 27, 0, 654, 2, 62, 287, 776, 2407, 0]
  client 04: n=11948, labels=[347, 3311, 0, 2191, 182, 1021, 3005, 1842, 0, 49]

[Run 65/125] suite=cka_strength method=cka_feddst seed=13 sparsity=0.95 cka_strength=0.8
Output log dir: results/logs/cka_strength_sweep/cifar10_cka_strength_20260724_145851/strength_0p8/seed_13
Command: /mnt/aiongpfs/users/dsen/micromamba/envs/cka-cifar/bin/python -m src.train --global-config configs/global_cifar10.yaml --config configs/cka_feddst_mnist.yaml --seed 13 --sparsity 0.95 --cka-strength 0.8 --log-dir results/logs/cka_strength_sweep/cifar10_cka_strength_20260724_145851/strength_0p8/seed_13 --checkpoint-dir results/checkpoints/cka_strength_sweep/cifar10_cka_strength_20260724_145851/strength_0p8/seed_13 --plot-dir results/plots/cka_strength_sweep/cifar10_cka_strength_20260724_145851
Final merged configuration:
alpha: 0.3
batch_size: 64
checkpoint_dir: results/checkpoints/cka_strength_sweep/cifar10_cka_strength_20260724_145851/strength_0p8/seed_13
cka_interval: 2
cka_layers:
- conv1
- conv2
- conv3
- fc1
cka_max_sparsity: 0.95
cka_min_sparsity: 0.5
cka_strength: 0.8
data_check: false
data_dir: data
dataset: cifar10
device: auto
dry_run: false
eval_interval: 1
experiment_config_path: configs/cka_feddst_mnist.yaml
global_config_path: configs/global_cifar10.yaml
local_epochs: 1
log_cka: false
log_dir: results/logs/cka_strength_sweep/cifar10_cka_strength_20260724_145851/strength_0p8/seed_13
lr: 0.01
mask_update_interval: 2
method: cka_feddst
model: cifar_cnn
num_clients: 5
num_workers: 2
output_dir: results
plot_dir: results/plots/cka_strength_sweep/cifar10_cka_strength_20260724_145851
prune_fraction: 0.2
reference_size: 500
regrowth_method: gradient
rounds: 20
save_checkpoint: false
seed: 13
sparsity: 0.95
sparsity_init: random
split_dir: null
Saved merged config to: results/logs/cka_strength_sweep/cifar10_cka_strength_20260724_145851/strength_0p8/seed_13/cka_feddst_cifar10_clients5_alpha0.3_sparsity0.95_cka0.8_seed13_20260724_150456_config.yaml
Client label distributions:
  client 00: n=19994, labels=[2952, 878, 4230, 1942, 3893, 2947, 1170, 1268, 17, 697]
  client 01: n= 5273, labels=[1186, 629, 719, 163, 777, 852, 428, 22, 488, 9]
  client 02: n= 7607, labels=[2, 105, 1, 0, 96, 68, 60, 1042, 2038, 4195]
  client 03: n= 4678, labels=[463, 27, 0, 654, 2, 62, 287, 776, 2407, 0]
  client 04: n=11948, labels=[347, 3311, 0, 2191, 182, 1021, 3005, 1842, 0, 49]

[Run 66/125] suite=cka_strength method=cka_feddst seed=21 sparsity=0.5 cka_strength=0.8
Output log dir: results/logs/cka_strength_sweep/cifar10_cka_strength_20260724_145851/strength_0p8/seed_21
Command: /mnt/aiongpfs/users/dsen/micromamba/envs/cka-cifar/bin/python -m src.train --global-config configs/global_cifar10.yaml --config configs/cka_feddst_mnist.yaml --seed 21 --sparsity 0.5 --cka-strength 0.8 --log-dir results/logs/cka_strength_sweep/cifar10_cka_strength_20260724_145851/strength_0p8/seed_21 --checkpoint-dir results/checkpoints/cka_strength_sweep/cifar10_cka_strength_20260724_145851/strength_0p8/seed_21 --plot-dir results/plots/cka_strength_sweep/cifar10_cka_strength_20260724_145851
Final merged configuration:
alpha: 0.3
batch_size: 64
checkpoint_dir: results/checkpoints/cka_strength_sweep/cifar10_cka_strength_20260724_145851/strength_0p8/seed_21
cka_interval: 2
cka_layers:
- conv1
- conv2
- conv3
- fc1
cka_max_sparsity: 0.95
cka_min_sparsity: 0.5
cka_strength: 0.8
data_check: false
data_dir: data
dataset: cifar10
device: auto
dry_run: false
eval_interval: 1
experiment_config_path: configs/cka_feddst_mnist.yaml
global_config_path: configs/global_cifar10.yaml
local_epochs: 1
log_cka: false
log_dir: results/logs/cka_strength_sweep/cifar10_cka_strength_20260724_145851/strength_0p8/seed_21
lr: 0.01
mask_update_interval: 2
method: cka_feddst
model: cifar_cnn
num_clients: 5
num_workers: 2
output_dir: results
plot_dir: results/plots/cka_strength_sweep/cifar10_cka_strength_20260724_145851
prune_fraction: 0.2
reference_size: 500
regrowth_method: gradient
rounds: 20
save_checkpoint: false
seed: 21
sparsity: 0.5
sparsity_init: random
split_dir: null
Saved merged config to: results/logs/cka_strength_sweep/cifar10_cka_strength_20260724_145851/strength_0p8/seed_21/cka_feddst_cifar10_clients5_alpha0.3_sparsity0.5_cka0.8_seed21_20260724_150502_config.yaml
Client label distributions:
  client 00: n=10151, labels=[68, 0, 4345, 758, 1058, 713, 0, 122, 882, 2205]
  client 01: n=10420, labels=[957, 2155, 26, 376, 2359, 483, 4054, 4, 6, 0]
  client 02: n= 7384, labels=[1406, 266, 313, 764, 191, 13, 184, 2, 3127, 1118]
  client 03: n=13329, labels=[2519, 2506, 245, 1146, 1341, 359, 6, 3254, 563, 1390]
  client 04: n= 8216, labels=[0, 23, 21, 1906, 1, 3382, 706, 1568, 372, 237]

[Run 67/125] suite=cka_strength method=cka_feddst seed=21 sparsity=0.7 cka_strength=0.8
Output log dir: results/logs/cka_strength_sweep/cifar10_cka_strength_20260724_145851/strength_0p8/seed_21
Command: /mnt/aiongpfs/users/dsen/micromamba/envs/cka-cifar/bin/python -m src.train --global-config configs/global_cifar10.yaml --config configs/cka_feddst_mnist.yaml --seed 21 --sparsity 0.7 --cka-strength 0.8 --log-dir results/logs/cka_strength_sweep/cifar10_cka_strength_20260724_145851/strength_0p8/seed_21 --checkpoint-dir results/checkpoints/cka_strength_sweep/cifar10_cka_strength_20260724_145851/strength_0p8/seed_21 --plot-dir results/plots/cka_strength_sweep/cifar10_cka_strength_20260724_145851
Final merged configuration:
alpha: 0.3
batch_size: 64
checkpoint_dir: results/checkpoints/cka_strength_sweep/cifar10_cka_strength_20260724_145851/strength_0p8/seed_21
cka_interval: 2
cka_layers:
- conv1
- conv2
- conv3
- fc1
cka_max_sparsity: 0.95
cka_min_sparsity: 0.5
cka_strength: 0.8
data_check: false
data_dir: data
dataset: cifar10
device: auto
dry_run: false
eval_interval: 1
experiment_config_path: configs/cka_feddst_mnist.yaml
global_config_path: configs/global_cifar10.yaml
local_epochs: 1
log_cka: false
log_dir: results/logs/cka_strength_sweep/cifar10_cka_strength_20260724_145851/strength_0p8/seed_21
lr: 0.01
mask_update_interval: 2
method: cka_feddst
model: cifar_cnn
num_clients: 5
num_workers: 2
output_dir: results
plot_dir: results/plots/cka_strength_sweep/cifar10_cka_strength_20260724_145851
prune_fraction: 0.2
reference_size: 500
regrowth_method: gradient
rounds: 20
save_checkpoint: false
seed: 21
sparsity: 0.7
sparsity_init: random
split_dir: null
Saved merged config to: results/logs/cka_strength_sweep/cifar10_cka_strength_20260724_145851/strength_0p8/seed_21/cka_feddst_cifar10_clients5_alpha0.3_sparsity0.7_cka0.8_seed21_20260724_150508_config.yaml
Client label distributions:
  client 00: n=10151, labels=[68, 0, 4345, 758, 1058, 713, 0, 122, 882, 2205]
  client 01: n=10420, labels=[957, 2155, 26, 376, 2359, 483, 4054, 4, 6, 0]
  client 02: n= 7384, labels=[1406, 266, 313, 764, 191, 13, 184, 2, 3127, 1118]
  client 03: n=13329, labels=[2519, 2506, 245, 1146, 1341, 359, 6, 3254, 563, 1390]
  client 04: n= 8216, labels=[0, 23, 21, 1906, 1, 3382, 706, 1568, 372, 237]

[Run 68/125] suite=cka_strength method=cka_feddst seed=21 sparsity=0.8 cka_strength=0.8
Output log dir: results/logs/cka_strength_sweep/cifar10_cka_strength_20260724_145851/strength_0p8/seed_21
Command: /mnt/aiongpfs/users/dsen/micromamba/envs/cka-cifar/bin/python -m src.train --global-config configs/global_cifar10.yaml --config configs/cka_feddst_mnist.yaml --seed 21 --sparsity 0.8 --cka-strength 0.8 --log-dir results/logs/cka_strength_sweep/cifar10_cka_strength_20260724_145851/strength_0p8/seed_21 --checkpoint-dir results/checkpoints/cka_strength_sweep/cifar10_cka_strength_20260724_145851/strength_0p8/seed_21 --plot-dir results/plots/cka_strength_sweep/cifar10_cka_strength_20260724_145851
Final merged configuration:
alpha: 0.3
batch_size: 64
checkpoint_dir: results/checkpoints/cka_strength_sweep/cifar10_cka_strength_20260724_145851/strength_0p8/seed_21
cka_interval: 2
cka_layers:
- conv1
- conv2
- conv3
- fc1
cka_max_sparsity: 0.95
cka_min_sparsity: 0.5
cka_strength: 0.8
data_check: false
data_dir: data
dataset: cifar10
device: auto
dry_run: false
eval_interval: 1
experiment_config_path: configs/cka_feddst_mnist.yaml
global_config_path: configs/global_cifar10.yaml
local_epochs: 1
log_cka: false
log_dir: results/logs/cka_strength_sweep/cifar10_cka_strength_20260724_145851/strength_0p8/seed_21
lr: 0.01
mask_update_interval: 2
method: cka_feddst
model: cifar_cnn
num_clients: 5
num_workers: 2
output_dir: results
plot_dir: results/plots/cka_strength_sweep/cifar10_cka_strength_20260724_145851
prune_fraction: 0.2
reference_size: 500
regrowth_method: gradient
rounds: 20
save_checkpoint: false
seed: 21
sparsity: 0.8
sparsity_init: random
split_dir: null
Saved merged config to: results/logs/cka_strength_sweep/cifar10_cka_strength_20260724_145851/strength_0p8/seed_21/cka_feddst_cifar10_clients5_alpha0.3_sparsity0.8_cka0.8_seed21_20260724_150513_config.yaml
Client label distributions:
  client 00: n=10151, labels=[68, 0, 4345, 758, 1058, 713, 0, 122, 882, 2205]
  client 01: n=10420, labels=[957, 2155, 26, 376, 2359, 483, 4054, 4, 6, 0]
  client 02: n= 7384, labels=[1406, 266, 313, 764, 191, 13, 184, 2, 3127, 1118]
  client 03: n=13329, labels=[2519, 2506, 245, 1146, 1341, 359, 6, 3254, 563, 1390]
  client 04: n= 8216, labels=[0, 23, 21, 1906, 1, 3382, 706, 1568, 372, 237]

[Run 69/125] suite=cka_strength method=cka_feddst seed=21 sparsity=0.9 cka_strength=0.8
Output log dir: results/logs/cka_strength_sweep/cifar10_cka_strength_20260724_145851/strength_0p8/seed_21
Command: /mnt/aiongpfs/users/dsen/micromamba/envs/cka-cifar/bin/python -m src.train --global-config configs/global_cifar10.yaml --config configs/cka_feddst_mnist.yaml --seed 21 --sparsity 0.9 --cka-strength 0.8 --log-dir results/logs/cka_strength_sweep/cifar10_cka_strength_20260724_145851/strength_0p8/seed_21 --checkpoint-dir results/checkpoints/cka_strength_sweep/cifar10_cka_strength_20260724_145851/strength_0p8/seed_21 --plot-dir results/plots/cka_strength_sweep/cifar10_cka_strength_20260724_145851
Final merged configuration:
alpha: 0.3
batch_size: 64
checkpoint_dir: results/checkpoints/cka_strength_sweep/cifar10_cka_strength_20260724_145851/strength_0p8/seed_21
cka_interval: 2
cka_layers:
- conv1
- conv2
- conv3
- fc1
cka_max_sparsity: 0.95
cka_min_sparsity: 0.5
cka_strength: 0.8
data_check: false
data_dir: data
dataset: cifar10
device: auto
dry_run: false
eval_interval: 1
experiment_config_path: configs/cka_feddst_mnist.yaml
global_config_path: configs/global_cifar10.yaml
local_epochs: 1
log_cka: false
log_dir: results/logs/cka_strength_sweep/cifar10_cka_strength_20260724_145851/strength_0p8/seed_21
lr: 0.01
mask_update_interval: 2
method: cka_feddst
model: cifar_cnn
num_clients: 5
num_workers: 2
output_dir: results
plot_dir: results/plots/cka_strength_sweep/cifar10_cka_strength_20260724_145851
prune_fraction: 0.2
reference_size: 500
regrowth_method: gradient
rounds: 20
save_checkpoint: false
seed: 21
sparsity: 0.9
sparsity_init: random
split_dir: null
Saved merged config to: results/logs/cka_strength_sweep/cifar10_cka_strength_20260724_145851/strength_0p8/seed_21/cka_feddst_cifar10_clients5_alpha0.3_sparsity0.9_cka0.8_seed21_20260724_150519_config.yaml
Client label distributions:
  client 00: n=10151, labels=[68, 0, 4345, 758, 1058, 713, 0, 122, 882, 2205]
  client 01: n=10420, labels=[957, 2155, 26, 376, 2359, 483, 4054, 4, 6, 0]
  client 02: n= 7384, labels=[1406, 266, 313, 764, 191, 13, 184, 2, 3127, 1118]
  client 03: n=13329, labels=[2519, 2506, 245, 1146, 1341, 359, 6, 3254, 563, 1390]
  client 04: n= 8216, labels=[0, 23, 21, 1906, 1, 3382, 706, 1568, 372, 237]

[Run 70/125] suite=cka_strength method=cka_feddst seed=21 sparsity=0.95 cka_strength=0.8
Output log dir: results/logs/cka_strength_sweep/cifar10_cka_strength_20260724_145851/strength_0p8/seed_21
Command: /mnt/aiongpfs/users/dsen/micromamba/envs/cka-cifar/bin/python -m src.train --global-config configs/global_cifar10.yaml --config configs/cka_feddst_mnist.yaml --seed 21 --sparsity 0.95 --cka-strength 0.8 --log-dir results/logs/cka_strength_sweep/cifar10_cka_strength_20260724_145851/strength_0p8/seed_21 --checkpoint-dir results/checkpoints/cka_strength_sweep/cifar10_cka_strength_20260724_145851/strength_0p8/seed_21 --plot-dir results/plots/cka_strength_sweep/cifar10_cka_strength_20260724_145851
Final merged configuration:
alpha: 0.3
batch_size: 64
checkpoint_dir: results/checkpoints/cka_strength_sweep/cifar10_cka_strength_20260724_145851/strength_0p8/seed_21
cka_interval: 2
cka_layers:
- conv1
- conv2
- conv3
- fc1
cka_max_sparsity: 0.95
cka_min_sparsity: 0.5
cka_strength: 0.8
data_check: false
data_dir: data
dataset: cifar10
device: auto
dry_run: false
eval_interval: 1
experiment_config_path: configs/cka_feddst_mnist.yaml
global_config_path: configs/global_cifar10.yaml
local_epochs: 1
log_cka: false
log_dir: results/logs/cka_strength_sweep/cifar10_cka_strength_20260724_145851/strength_0p8/seed_21
lr: 0.01
mask_update_interval: 2
method: cka_feddst
model: cifar_cnn
num_clients: 5
num_workers: 2
output_dir: results
plot_dir: results/plots/cka_strength_sweep/cifar10_cka_strength_20260724_145851
prune_fraction: 0.2
reference_size: 500
regrowth_method: gradient
rounds: 20
save_checkpoint: false
seed: 21
sparsity: 0.95
sparsity_init: random
split_dir: null
Saved merged config to: results/logs/cka_strength_sweep/cifar10_cka_strength_20260724_145851/strength_0p8/seed_21/cka_feddst_cifar10_clients5_alpha0.3_sparsity0.95_cka0.8_seed21_20260724_150525_config.yaml
Client label distributions:
  client 00: n=10151, labels=[68, 0, 4345, 758, 1058, 713, 0, 122, 882, 2205]
  client 01: n=10420, labels=[957, 2155, 26, 376, 2359, 483, 4054, 4, 6, 0]
  client 02: n= 7384, labels=[1406, 266, 313, 764, 191, 13, 184, 2, 3127, 1118]
  client 03: n=13329, labels=[2519, 2506, 245, 1146, 1341, 359, 6, 3254, 563, 1390]
  client 04: n= 8216, labels=[0, 23, 21, 1906, 1, 3382, 706, 1568, 372, 237]

[Run 71/125] suite=cka_strength method=cka_feddst seed=100 sparsity=0.5 cka_strength=0.8
Output log dir: results/logs/cka_strength_sweep/cifar10_cka_strength_20260724_145851/strength_0p8/seed_100
Command: /mnt/aiongpfs/users/dsen/micromamba/envs/cka-cifar/bin/python -m src.train --global-config configs/global_cifar10.yaml --config configs/cka_feddst_mnist.yaml --seed 100 --sparsity 0.5 --cka-strength 0.8 --log-dir results/logs/cka_strength_sweep/cifar10_cka_strength_20260724_145851/strength_0p8/seed_100 --checkpoint-dir results/checkpoints/cka_strength_sweep/cifar10_cka_strength_20260724_145851/strength_0p8/seed_100 --plot-dir results/plots/cka_strength_sweep/cifar10_cka_strength_20260724_145851
Final merged configuration:
alpha: 0.3
batch_size: 64
checkpoint_dir: results/checkpoints/cka_strength_sweep/cifar10_cka_strength_20260724_145851/strength_0p8/seed_100
cka_interval: 2
cka_layers:
- conv1
- conv2
- conv3
- fc1
cka_max_sparsity: 0.95
cka_min_sparsity: 0.5
cka_strength: 0.8
data_check: false
data_dir: data
dataset: cifar10
device: auto
dry_run: false
eval_interval: 1
experiment_config_path: configs/cka_feddst_mnist.yaml
global_config_path: configs/global_cifar10.yaml
local_epochs: 1
log_cka: false
log_dir: results/logs/cka_strength_sweep/cifar10_cka_strength_20260724_145851/strength_0p8/seed_100
lr: 0.01
mask_update_interval: 2
method: cka_feddst
model: cifar_cnn
num_clients: 5
num_workers: 2
output_dir: results
plot_dir: results/plots/cka_strength_sweep/cifar10_cka_strength_20260724_145851
prune_fraction: 0.2
reference_size: 500
regrowth_method: gradient
rounds: 20
save_checkpoint: false
seed: 100
sparsity: 0.5
sparsity_init: random
split_dir: null
Saved merged config to: results/logs/cka_strength_sweep/cifar10_cka_strength_20260724_145851/strength_0p8/seed_100/cka_feddst_cifar10_clients5_alpha0.3_sparsity0.5_cka0.8_seed100_20260724_150530_config.yaml
Client label distributions:
  client 00: n= 6485, labels=[2604, 0, 589, 2, 2, 5, 173, 2831, 8, 271]
  client 01: n= 9836, labels=[30, 0, 237, 3053, 347, 2329, 15, 2008, 2, 1815]
  client 02: n= 9670, labels=[180, 2324, 0, 407, 463, 481, 1656, 64, 4094, 1]
  client 03: n= 6110, labels=[2074, 92, 1, 1395, 1095, 27, 832, 24, 30, 540]
  client 04: n=17399, labels=[62, 2534, 4123, 93, 3043, 2108, 2274, 23, 816, 2323]

[Run 72/125] suite=cka_strength method=cka_feddst seed=100 sparsity=0.7 cka_strength=0.8
Output log dir: results/logs/cka_strength_sweep/cifar10_cka_strength_20260724_145851/strength_0p8/seed_100
Command: /mnt/aiongpfs/users/dsen/micromamba/envs/cka-cifar/bin/python -m src.train --global-config configs/global_cifar10.yaml --config configs/cka_feddst_mnist.yaml --seed 100 --sparsity 0.7 --cka-strength 0.8 --log-dir results/logs/cka_strength_sweep/cifar10_cka_strength_20260724_145851/strength_0p8/seed_100 --checkpoint-dir results/checkpoints/cka_strength_sweep/cifar10_cka_strength_20260724_145851/strength_0p8/seed_100 --plot-dir results/plots/cka_strength_sweep/cifar10_cka_strength_20260724_145851
Final merged configuration:
alpha: 0.3
batch_size: 64
checkpoint_dir: results/checkpoints/cka_strength_sweep/cifar10_cka_strength_20260724_145851/strength_0p8/seed_100
cka_interval: 2
cka_layers:
- conv1
- conv2
- conv3
- fc1
cka_max_sparsity: 0.95
cka_min_sparsity: 0.5
cka_strength: 0.8
data_check: false
data_dir: data
dataset: cifar10
device: auto
dry_run: false
eval_interval: 1
experiment_config_path: configs/cka_feddst_mnist.yaml
global_config_path: configs/global_cifar10.yaml
local_epochs: 1
log_cka: false
log_dir: results/logs/cka_strength_sweep/cifar10_cka_strength_20260724_145851/strength_0p8/seed_100
lr: 0.01
mask_update_interval: 2
method: cka_feddst
model: cifar_cnn
num_clients: 5
num_workers: 2
output_dir: results
plot_dir: results/plots/cka_strength_sweep/cifar10_cka_strength_20260724_145851
prune_fraction: 0.2
reference_size: 500
regrowth_method: gradient
rounds: 20
save_checkpoint: false
seed: 100
sparsity: 0.7
sparsity_init: random
split_dir: null
Saved merged config to: results/logs/cka_strength_sweep/cifar10_cka_strength_20260724_145851/strength_0p8/seed_100/cka_feddst_cifar10_clients5_alpha0.3_sparsity0.7_cka0.8_seed100_20260724_150536_config.yaml
Client label distributions:
  client 00: n= 6485, labels=[2604, 0, 589, 2, 2, 5, 173, 2831, 8, 271]
  client 01: n= 9836, labels=[30, 0, 237, 3053, 347, 2329, 15, 2008, 2, 1815]
  client 02: n= 9670, labels=[180, 2324, 0, 407, 463, 481, 1656, 64, 4094, 1]
  client 03: n= 6110, labels=[2074, 92, 1, 1395, 1095, 27, 832, 24, 30, 540]
  client 04: n=17399, labels=[62, 2534, 4123, 93, 3043, 2108, 2274, 23, 816, 2323]

[Run 73/125] suite=cka_strength method=cka_feddst seed=100 sparsity=0.8 cka_strength=0.8
Output log dir: results/logs/cka_strength_sweep/cifar10_cka_strength_20260724_145851/strength_0p8/seed_100
Command: /mnt/aiongpfs/users/dsen/micromamba/envs/cka-cifar/bin/python -m src.train --global-config configs/global_cifar10.yaml --config configs/cka_feddst_mnist.yaml --seed 100 --sparsity 0.8 --cka-strength 0.8 --log-dir results/logs/cka_strength_sweep/cifar10_cka_strength_20260724_145851/strength_0p8/seed_100 --checkpoint-dir results/checkpoints/cka_strength_sweep/cifar10_cka_strength_20260724_145851/strength_0p8/seed_100 --plot-dir results/plots/cka_strength_sweep/cifar10_cka_strength_20260724_145851
Final merged configuration:
alpha: 0.3
batch_size: 64
checkpoint_dir: results/checkpoints/cka_strength_sweep/cifar10_cka_strength_20260724_145851/strength_0p8/seed_100
cka_interval: 2
cka_layers:
- conv1
- conv2
- conv3
- fc1
cka_max_sparsity: 0.95
cka_min_sparsity: 0.5
cka_strength: 0.8
data_check: false
data_dir: data
dataset: cifar10
device: auto
dry_run: false
eval_interval: 1
experiment_config_path: configs/cka_feddst_mnist.yaml
global_config_path: configs/global_cifar10.yaml
local_epochs: 1
log_cka: false
log_dir: results/logs/cka_strength_sweep/cifar10_cka_strength_20260724_145851/strength_0p8/seed_100
lr: 0.01
mask_update_interval: 2
method: cka_feddst
model: cifar_cnn
num_clients: 5
num_workers: 2
output_dir: results
plot_dir: results/plots/cka_strength_sweep/cifar10_cka_strength_20260724_145851
prune_fraction: 0.2
reference_size: 500
regrowth_method: gradient
rounds: 20
save_checkpoint: false
seed: 100
sparsity: 0.8
sparsity_init: random
split_dir: null
Saved merged config to: results/logs/cka_strength_sweep/cifar10_cka_strength_20260724_145851/strength_0p8/seed_100/cka_feddst_cifar10_clients5_alpha0.3_sparsity0.8_cka0.8_seed100_20260724_150542_config.yaml
Client label distributions:
  client 00: n= 6485, labels=[2604, 0, 589, 2, 2, 5, 173, 2831, 8, 271]
  client 01: n= 9836, labels=[30, 0, 237, 3053, 347, 2329, 15, 2008, 2, 1815]
  client 02: n= 9670, labels=[180, 2324, 0, 407, 463, 481, 1656, 64, 4094, 1]
  client 03: n= 6110, labels=[2074, 92, 1, 1395, 1095, 27, 832, 24, 30, 540]
  client 04: n=17399, labels=[62, 2534, 4123, 93, 3043, 2108, 2274, 23, 816, 2323]

[Run 74/125] suite=cka_strength method=cka_feddst seed=100 sparsity=0.9 cka_strength=0.8
Output log dir: results/logs/cka_strength_sweep/cifar10_cka_strength_20260724_145851/strength_0p8/seed_100
Command: /mnt/aiongpfs/users/dsen/micromamba/envs/cka-cifar/bin/python -m src.train --global-config configs/global_cifar10.yaml --config configs/cka_feddst_mnist.yaml --seed 100 --sparsity 0.9 --cka-strength 0.8 --log-dir results/logs/cka_strength_sweep/cifar10_cka_strength_20260724_145851/strength_0p8/seed_100 --checkpoint-dir results/checkpoints/cka_strength_sweep/cifar10_cka_strength_20260724_145851/strength_0p8/seed_100 --plot-dir results/plots/cka_strength_sweep/cifar10_cka_strength_20260724_145851
Final merged configuration:
alpha: 0.3
batch_size: 64
checkpoint_dir: results/checkpoints/cka_strength_sweep/cifar10_cka_strength_20260724_145851/strength_0p8/seed_100
cka_interval: 2
cka_layers:
- conv1
- conv2
- conv3
- fc1
cka_max_sparsity: 0.95
cka_min_sparsity: 0.5
cka_strength: 0.8
data_check: false
data_dir: data
dataset: cifar10
device: auto
dry_run: false
eval_interval: 1
experiment_config_path: configs/cka_feddst_mnist.yaml
global_config_path: configs/global_cifar10.yaml
local_epochs: 1
log_cka: false
log_dir: results/logs/cka_strength_sweep/cifar10_cka_strength_20260724_145851/strength_0p8/seed_100
lr: 0.01
mask_update_interval: 2
method: cka_feddst
model: cifar_cnn
num_clients: 5
num_workers: 2
output_dir: results
plot_dir: results/plots/cka_strength_sweep/cifar10_cka_strength_20260724_145851
prune_fraction: 0.2
reference_size: 500
regrowth_method: gradient
rounds: 20
save_checkpoint: false
seed: 100
sparsity: 0.9
sparsity_init: random
split_dir: null
Saved merged config to: results/logs/cka_strength_sweep/cifar10_cka_strength_20260724_145851/strength_0p8/seed_100/cka_feddst_cifar10_clients5_alpha0.3_sparsity0.9_cka0.8_seed100_20260724_150547_config.yaml
Client label distributions:
  client 00: n= 6485, labels=[2604, 0, 589, 2, 2, 5, 173, 2831, 8, 271]
  client 01: n= 9836, labels=[30, 0, 237, 3053, 347, 2329, 15, 2008, 2, 1815]
  client 02: n= 9670, labels=[180, 2324, 0, 407, 463, 481, 1656, 64, 4094, 1]
  client 03: n= 6110, labels=[2074, 92, 1, 1395, 1095, 27, 832, 24, 30, 540]
  client 04: n=17399, labels=[62, 2534, 4123, 93, 3043, 2108, 2274, 23, 816, 2323]

[Run 75/125] suite=cka_strength method=cka_feddst seed=100 sparsity=0.95 cka_strength=0.8
Output log dir: results/logs/cka_strength_sweep/cifar10_cka_strength_20260724_145851/strength_0p8/seed_100
Command: /mnt/aiongpfs/users/dsen/micromamba/envs/cka-cifar/bin/python -m src.train --global-config configs/global_cifar10.yaml --config configs/cka_feddst_mnist.yaml --seed 100 --sparsity 0.95 --cka-strength 0.8 --log-dir results/logs/cka_strength_sweep/cifar10_cka_strength_20260724_145851/strength_0p8/seed_100 --checkpoint-dir results/checkpoints/cka_strength_sweep/cifar10_cka_strength_20260724_145851/strength_0p8/seed_100 --plot-dir results/plots/cka_strength_sweep/cifar10_cka_strength_20260724_145851
Final merged configuration:
alpha: 0.3
batch_size: 64
checkpoint_dir: results/checkpoints/cka_strength_sweep/cifar10_cka_strength_20260724_145851/strength_0p8/seed_100
cka_interval: 2
cka_layers:
- conv1
- conv2
- conv3
- fc1
cka_max_sparsity: 0.95
cka_min_sparsity: 0.5
cka_strength: 0.8
data_check: false
data_dir: data
dataset: cifar10
device: auto
dry_run: false
eval_interval: 1
experiment_config_path: configs/cka_feddst_mnist.yaml
global_config_path: configs/global_cifar10.yaml
local_epochs: 1
log_cka: false
log_dir: results/logs/cka_strength_sweep/cifar10_cka_strength_20260724_145851/strength_0p8/seed_100
lr: 0.01
mask_update_interval: 2
method: cka_feddst
model: cifar_cnn
num_clients: 5
num_workers: 2
output_dir: results
plot_dir: results/plots/cka_strength_sweep/cifar10_cka_strength_20260724_145851
prune_fraction: 0.2
reference_size: 500
regrowth_method: gradient
rounds: 20
save_checkpoint: false
seed: 100
sparsity: 0.95
sparsity_init: random
split_dir: null
Saved merged config to: results/logs/cka_strength_sweep/cifar10_cka_strength_20260724_145851/strength_0p8/seed_100/cka_feddst_cifar10_clients5_alpha0.3_sparsity0.95_cka0.8_seed100_20260724_150553_config.yaml
Client label distributions:
  client 00: n= 6485, labels=[2604, 0, 589, 2, 2, 5, 173, 2831, 8, 271]
  client 01: n= 9836, labels=[30, 0, 237, 3053, 347, 2329, 15, 2008, 2, 1815]
  client 02: n= 9670, labels=[180, 2324, 0, 407, 463, 481, 1656, 64, 4094, 1]
  client 03: n= 6110, labels=[2074, 92, 1, 1395, 1095, 27, 832, 24, 30, 540]
  client 04: n=17399, labels=[62, 2534, 4123, 93, 3043, 2108, 2274, 23, 816, 2323]

[Run 76/125] suite=cka_strength method=cka_feddst seed=42 sparsity=0.5 cka_strength=0.9
Output log dir: results/logs/cka_strength_sweep/cifar10_cka_strength_20260724_145851/strength_0p9/seed_42
Command: /mnt/aiongpfs/users/dsen/micromamba/envs/cka-cifar/bin/python -m src.train --global-config configs/global_cifar10.yaml --config configs/cka_feddst_mnist.yaml --seed 42 --sparsity 0.5 --cka-strength 0.9 --log-dir results/logs/cka_strength_sweep/cifar10_cka_strength_20260724_145851/strength_0p9/seed_42 --checkpoint-dir results/checkpoints/cka_strength_sweep/cifar10_cka_strength_20260724_145851/strength_0p9/seed_42 --plot-dir results/plots/cka_strength_sweep/cifar10_cka_strength_20260724_145851
Final merged configuration:
alpha: 0.3
batch_size: 64
checkpoint_dir: results/checkpoints/cka_strength_sweep/cifar10_cka_strength_20260724_145851/strength_0p9/seed_42
cka_interval: 2
cka_layers:
- conv1
- conv2
- conv3
- fc1
cka_max_sparsity: 0.95
cka_min_sparsity: 0.5
cka_strength: 0.9
data_check: false
data_dir: data
dataset: cifar10
device: auto
dry_run: false
eval_interval: 1
experiment_config_path: configs/cka_feddst_mnist.yaml
global_config_path: configs/global_cifar10.yaml
local_epochs: 1
log_cka: false
log_dir: results/logs/cka_strength_sweep/cifar10_cka_strength_20260724_145851/strength_0p9/seed_42
lr: 0.01
mask_update_interval: 2
method: cka_feddst
model: cifar_cnn
num_clients: 5
num_workers: 2
output_dir: results
plot_dir: results/plots/cka_strength_sweep/cifar10_cka_strength_20260724_145851
prune_fraction: 0.2
reference_size: 500
regrowth_method: gradient
rounds: 20
save_checkpoint: false
seed: 42
sparsity: 0.5
sparsity_init: random
split_dir: null
Saved merged config to: results/logs/cka_strength_sweep/cifar10_cka_strength_20260724_145851/strength_0p9/seed_42/cka_feddst_cifar10_clients5_alpha0.3_sparsity0.5_cka0.9_seed42_20260724_150559_config.yaml
Client label distributions:
  client 00: n= 6173, labels=[449, 1577, 16, 53, 288, 1254, 18, 319, 1561, 638]
  client 01: n= 6712, labels=[388, 41, 1016, 674, 619, 293, 705, 1884, 2, 1090]
  client 02: n= 6610, labels=[14, 2050, 564, 1192, 934, 206, 33, 1318, 147, 152]
  client 03: n=12351, labels=[4094, 1282, 465, 1114, 4, 0, 3603, 1424, 313, 52]
  client 04: n=17654, labels=[5, 0, 2889, 1917, 3105, 3197, 591, 5, 2927, 3018]

[Run 77/125] suite=cka_strength method=cka_feddst seed=42 sparsity=0.7 cka_strength=0.9
Output log dir: results/logs/cka_strength_sweep/cifar10_cka_strength_20260724_145851/strength_0p9/seed_42
Command: /mnt/aiongpfs/users/dsen/micromamba/envs/cka-cifar/bin/python -m src.train --global-config configs/global_cifar10.yaml --config configs/cka_feddst_mnist.yaml --seed 42 --sparsity 0.7 --cka-strength 0.9 --log-dir results/logs/cka_strength_sweep/cifar10_cka_strength_20260724_145851/strength_0p9/seed_42 --checkpoint-dir results/checkpoints/cka_strength_sweep/cifar10_cka_strength_20260724_145851/strength_0p9/seed_42 --plot-dir results/plots/cka_strength_sweep/cifar10_cka_strength_20260724_145851
Final merged configuration:
alpha: 0.3
batch_size: 64
checkpoint_dir: results/checkpoints/cka_strength_sweep/cifar10_cka_strength_20260724_145851/strength_0p9/seed_42
cka_interval: 2
cka_layers:
- conv1
- conv2
- conv3
- fc1
cka_max_sparsity: 0.95
cka_min_sparsity: 0.5
cka_strength: 0.9
data_check: false
data_dir: data
dataset: cifar10
device: auto
dry_run: false
eval_interval: 1
experiment_config_path: configs/cka_feddst_mnist.yaml
global_config_path: configs/global_cifar10.yaml
local_epochs: 1
log_cka: false
log_dir: results/logs/cka_strength_sweep/cifar10_cka_strength_20260724_145851/strength_0p9/seed_42
lr: 0.01
mask_update_interval: 2
method: cka_feddst
model: cifar_cnn
num_clients: 5
num_workers: 2
output_dir: results
plot_dir: results/plots/cka_strength_sweep/cifar10_cka_strength_20260724_145851
prune_fraction: 0.2
reference_size: 500
regrowth_method: gradient
rounds: 20
save_checkpoint: false
seed: 42
sparsity: 0.7
sparsity_init: random
split_dir: null
Saved merged config to: results/logs/cka_strength_sweep/cifar10_cka_strength_20260724_145851/strength_0p9/seed_42/cka_feddst_cifar10_clients5_alpha0.3_sparsity0.7_cka0.9_seed42_20260724_150604_config.yaml
Client label distributions:
  client 00: n= 6173, labels=[449, 1577, 16, 53, 288, 1254, 18, 319, 1561, 638]
  client 01: n= 6712, labels=[388, 41, 1016, 674, 619, 293, 705, 1884, 2, 1090]
  client 02: n= 6610, labels=[14, 2050, 564, 1192, 934, 206, 33, 1318, 147, 152]
  client 03: n=12351, labels=[4094, 1282, 465, 1114, 4, 0, 3603, 1424, 313, 52]
  client 04: n=17654, labels=[5, 0, 2889, 1917, 3105, 3197, 591, 5, 2927, 3018]

[Run 78/125] suite=cka_strength method=cka_feddst seed=42 sparsity=0.8 cka_strength=0.9
Output log dir: results/logs/cka_strength_sweep/cifar10_cka_strength_20260724_145851/strength_0p9/seed_42
Command: /mnt/aiongpfs/users/dsen/micromamba/envs/cka-cifar/bin/python -m src.train --global-config configs/global_cifar10.yaml --config configs/cka_feddst_mnist.yaml --seed 42 --sparsity 0.8 --cka-strength 0.9 --log-dir results/logs/cka_strength_sweep/cifar10_cka_strength_20260724_145851/strength_0p9/seed_42 --checkpoint-dir results/checkpoints/cka_strength_sweep/cifar10_cka_strength_20260724_145851/strength_0p9/seed_42 --plot-dir results/plots/cka_strength_sweep/cifar10_cka_strength_20260724_145851
Final merged configuration:
alpha: 0.3
batch_size: 64
checkpoint_dir: results/checkpoints/cka_strength_sweep/cifar10_cka_strength_20260724_145851/strength_0p9/seed_42
cka_interval: 2
cka_layers:
- conv1
- conv2
- conv3
- fc1
cka_max_sparsity: 0.95
cka_min_sparsity: 0.5
cka_strength: 0.9
data_check: false
data_dir: data
dataset: cifar10
device: auto
dry_run: false
eval_interval: 1
experiment_config_path: configs/cka_feddst_mnist.yaml
global_config_path: configs/global_cifar10.yaml
local_epochs: 1
log_cka: false
log_dir: results/logs/cka_strength_sweep/cifar10_cka_strength_20260724_145851/strength_0p9/seed_42
lr: 0.01
mask_update_interval: 2
method: cka_feddst
model: cifar_cnn
num_clients: 5
num_workers: 2
output_dir: results
plot_dir: results/plots/cka_strength_sweep/cifar10_cka_strength_20260724_145851
prune_fraction: 0.2
reference_size: 500
regrowth_method: gradient
rounds: 20
save_checkpoint: false
seed: 42
sparsity: 0.8
sparsity_init: random
split_dir: null
Saved merged config to: results/logs/cka_strength_sweep/cifar10_cka_strength_20260724_145851/strength_0p9/seed_42/cka_feddst_cifar10_clients5_alpha0.3_sparsity0.8_cka0.9_seed42_20260724_150610_config.yaml
Client label distributions:
  client 00: n= 6173, labels=[449, 1577, 16, 53, 288, 1254, 18, 319, 1561, 638]
  client 01: n= 6712, labels=[388, 41, 1016, 674, 619, 293, 705, 1884, 2, 1090]
  client 02: n= 6610, labels=[14, 2050, 564, 1192, 934, 206, 33, 1318, 147, 152]
  client 03: n=12351, labels=[4094, 1282, 465, 1114, 4, 0, 3603, 1424, 313, 52]
  client 04: n=17654, labels=[5, 0, 2889, 1917, 3105, 3197, 591, 5, 2927, 3018]

[Run 79/125] suite=cka_strength method=cka_feddst seed=42 sparsity=0.9 cka_strength=0.9
Output log dir: results/logs/cka_strength_sweep/cifar10_cka_strength_20260724_145851/strength_0p9/seed_42
Command: /mnt/aiongpfs/users/dsen/micromamba/envs/cka-cifar/bin/python -m src.train --global-config configs/global_cifar10.yaml --config configs/cka_feddst_mnist.yaml --seed 42 --sparsity 0.9 --cka-strength 0.9 --log-dir results/logs/cka_strength_sweep/cifar10_cka_strength_20260724_145851/strength_0p9/seed_42 --checkpoint-dir results/checkpoints/cka_strength_sweep/cifar10_cka_strength_20260724_145851/strength_0p9/seed_42 --plot-dir results/plots/cka_strength_sweep/cifar10_cka_strength_20260724_145851
Final merged configuration:
alpha: 0.3
batch_size: 64
checkpoint_dir: results/checkpoints/cka_strength_sweep/cifar10_cka_strength_20260724_145851/strength_0p9/seed_42
cka_interval: 2
cka_layers:
- conv1
- conv2
- conv3
- fc1
cka_max_sparsity: 0.95
cka_min_sparsity: 0.5
cka_strength: 0.9
data_check: false
data_dir: data
dataset: cifar10
device: auto
dry_run: false
eval_interval: 1
experiment_config_path: configs/cka_feddst_mnist.yaml
global_config_path: configs/global_cifar10.yaml
local_epochs: 1
log_cka: false
log_dir: results/logs/cka_strength_sweep/cifar10_cka_strength_20260724_145851/strength_0p9/seed_42
lr: 0.01
mask_update_interval: 2
method: cka_feddst
model: cifar_cnn
num_clients: 5
num_workers: 2
output_dir: results
plot_dir: results/plots/cka_strength_sweep/cifar10_cka_strength_20260724_145851
prune_fraction: 0.2
reference_size: 500
regrowth_method: gradient
rounds: 20
save_checkpoint: false
seed: 42
sparsity: 0.9
sparsity_init: random
split_dir: null
Saved merged config to: results/logs/cka_strength_sweep/cifar10_cka_strength_20260724_145851/strength_0p9/seed_42/cka_feddst_cifar10_clients5_alpha0.3_sparsity0.9_cka0.9_seed42_20260724_150616_config.yaml
Client label distributions:
  client 00: n= 6173, labels=[449, 1577, 16, 53, 288, 1254, 18, 319, 1561, 638]
  client 01: n= 6712, labels=[388, 41, 1016, 674, 619, 293, 705, 1884, 2, 1090]
  client 02: n= 6610, labels=[14, 2050, 564, 1192, 934, 206, 33, 1318, 147, 152]
  client 03: n=12351, labels=[4094, 1282, 465, 1114, 4, 0, 3603, 1424, 313, 52]
  client 04: n=17654, labels=[5, 0, 2889, 1917, 3105, 3197, 591, 5, 2927, 3018]

[Run 80/125] suite=cka_strength method=cka_feddst seed=42 sparsity=0.95 cka_strength=0.9
Output log dir: results/logs/cka_strength_sweep/cifar10_cka_strength_20260724_145851/strength_0p9/seed_42
Command: /mnt/aiongpfs/users/dsen/micromamba/envs/cka-cifar/bin/python -m src.train --global-config configs/global_cifar10.yaml --config configs/cka_feddst_mnist.yaml --seed 42 --sparsity 0.95 --cka-strength 0.9 --log-dir results/logs/cka_strength_sweep/cifar10_cka_strength_20260724_145851/strength_0p9/seed_42 --checkpoint-dir results/checkpoints/cka_strength_sweep/cifar10_cka_strength_20260724_145851/strength_0p9/seed_42 --plot-dir results/plots/cka_strength_sweep/cifar10_cka_strength_20260724_145851
Final merged configuration:
alpha: 0.3
batch_size: 64
checkpoint_dir: results/checkpoints/cka_strength_sweep/cifar10_cka_strength_20260724_145851/strength_0p9/seed_42
cka_interval: 2
cka_layers:
- conv1
- conv2
- conv3
- fc1
cka_max_sparsity: 0.95
cka_min_sparsity: 0.5
cka_strength: 0.9
data_check: false
data_dir: data
dataset: cifar10
device: auto
dry_run: false
eval_interval: 1
experiment_config_path: configs/cka_feddst_mnist.yaml
global_config_path: configs/global_cifar10.yaml
local_epochs: 1
log_cka: false
log_dir: results/logs/cka_strength_sweep/cifar10_cka_strength_20260724_145851/strength_0p9/seed_42
lr: 0.01
mask_update_interval: 2
method: cka_feddst
model: cifar_cnn
num_clients: 5
num_workers: 2
output_dir: results
plot_dir: results/plots/cka_strength_sweep/cifar10_cka_strength_20260724_145851
prune_fraction: 0.2
reference_size: 500
regrowth_method: gradient
rounds: 20
save_checkpoint: false
seed: 42
sparsity: 0.95
sparsity_init: random
split_dir: null
Saved merged config to: results/logs/cka_strength_sweep/cifar10_cka_strength_20260724_145851/strength_0p9/seed_42/cka_feddst_cifar10_clients5_alpha0.3_sparsity0.95_cka0.9_seed42_20260724_150621_config.yaml
Client label distributions:
  client 00: n= 6173, labels=[449, 1577, 16, 53, 288, 1254, 18, 319, 1561, 638]
  client 01: n= 6712, labels=[388, 41, 1016, 674, 619, 293, 705, 1884, 2, 1090]
  client 02: n= 6610, labels=[14, 2050, 564, 1192, 934, 206, 33, 1318, 147, 152]
  client 03: n=12351, labels=[4094, 1282, 465, 1114, 4, 0, 3603, 1424, 313, 52]
  client 04: n=17654, labels=[5, 0, 2889, 1917, 3105, 3197, 591, 5, 2927, 3018]

[Run 81/125] suite=cka_strength method=cka_feddst seed=7 sparsity=0.5 cka_strength=0.9
Output log dir: results/logs/cka_strength_sweep/cifar10_cka_strength_20260724_145851/strength_0p9/seed_7
Command: /mnt/aiongpfs/users/dsen/micromamba/envs/cka-cifar/bin/python -m src.train --global-config configs/global_cifar10.yaml --config configs/cka_feddst_mnist.yaml --seed 7 --sparsity 0.5 --cka-strength 0.9 --log-dir results/logs/cka_strength_sweep/cifar10_cka_strength_20260724_145851/strength_0p9/seed_7 --checkpoint-dir results/checkpoints/cka_strength_sweep/cifar10_cka_strength_20260724_145851/strength_0p9/seed_7 --plot-dir results/plots/cka_strength_sweep/cifar10_cka_strength_20260724_145851
Final merged configuration:
alpha: 0.3
batch_size: 64
checkpoint_dir: results/checkpoints/cka_strength_sweep/cifar10_cka_strength_20260724_145851/strength_0p9/seed_7
cka_interval: 2
cka_layers:
- conv1
- conv2
- conv3
- fc1
cka_max_sparsity: 0.95
cka_min_sparsity: 0.5
cka_strength: 0.9
data_check: false
data_dir: data
dataset: cifar10
device: auto
dry_run: false
eval_interval: 1
experiment_config_path: configs/cka_feddst_mnist.yaml
global_config_path: configs/global_cifar10.yaml
local_epochs: 1
log_cka: false
log_dir: results/logs/cka_strength_sweep/cifar10_cka_strength_20260724_145851/strength_0p9/seed_7
lr: 0.01
mask_update_interval: 2
method: cka_feddst
model: cifar_cnn
num_clients: 5
num_workers: 2
output_dir: results
plot_dir: results/plots/cka_strength_sweep/cifar10_cka_strength_20260724_145851
prune_fraction: 0.2
reference_size: 500
regrowth_method: gradient
rounds: 20
save_checkpoint: false
seed: 7
sparsity: 0.5
sparsity_init: random
split_dir: null
Saved merged config to: results/logs/cka_strength_sweep/cifar10_cka_strength_20260724_145851/strength_0p9/seed_7/cka_feddst_cifar10_clients5_alpha0.3_sparsity0.5_cka0.9_seed7_20260724_150627_config.yaml
Client label distributions:
  client 00: n= 7681, labels=[142, 16, 5, 202, 411, 2130, 3884, 876, 12, 3]
  client 01: n= 8711, labels=[1321, 1281, 355, 76, 3165, 8, 25, 0, 1922, 558]
  client 02: n=19320, labels=[2810, 141, 3133, 4649, 1064, 2142, 26, 2148, 2915, 292]
  client 03: n= 5169, labels=[22, 3285, 1093, 5, 3, 639, 18, 41, 63, 0]
  client 04: n= 8619, labels=[655, 227, 364, 18, 307, 31, 997, 1885, 38, 4097]

[Run 82/125] suite=cka_strength method=cka_feddst seed=7 sparsity=0.7 cka_strength=0.9
Output log dir: results/logs/cka_strength_sweep/cifar10_cka_strength_20260724_145851/strength_0p9/seed_7
Command: /mnt/aiongpfs/users/dsen/micromamba/envs/cka-cifar/bin/python -m src.train --global-config configs/global_cifar10.yaml --config configs/cka_feddst_mnist.yaml --seed 7 --sparsity 0.7 --cka-strength 0.9 --log-dir results/logs/cka_strength_sweep/cifar10_cka_strength_20260724_145851/strength_0p9/seed_7 --checkpoint-dir results/checkpoints/cka_strength_sweep/cifar10_cka_strength_20260724_145851/strength_0p9/seed_7 --plot-dir results/plots/cka_strength_sweep/cifar10_cka_strength_20260724_145851
Final merged configuration:
alpha: 0.3
batch_size: 64
checkpoint_dir: results/checkpoints/cka_strength_sweep/cifar10_cka_strength_20260724_145851/strength_0p9/seed_7
cka_interval: 2
cka_layers:
- conv1
- conv2
- conv3
- fc1
cka_max_sparsity: 0.95
cka_min_sparsity: 0.5
cka_strength: 0.9
data_check: false
data_dir: data
dataset: cifar10
device: auto
dry_run: false
eval_interval: 1
experiment_config_path: configs/cka_feddst_mnist.yaml
global_config_path: configs/global_cifar10.yaml
local_epochs: 1
log_cka: false
log_dir: results/logs/cka_strength_sweep/cifar10_cka_strength_20260724_145851/strength_0p9/seed_7
lr: 0.01
mask_update_interval: 2
method: cka_feddst
model: cifar_cnn
num_clients: 5
num_workers: 2
output_dir: results
plot_dir: results/plots/cka_strength_sweep/cifar10_cka_strength_20260724_145851
prune_fraction: 0.2
reference_size: 500
regrowth_method: gradient
rounds: 20
save_checkpoint: false
seed: 7
sparsity: 0.7
sparsity_init: random
split_dir: null
Saved merged config to: results/logs/cka_strength_sweep/cifar10_cka_strength_20260724_145851/strength_0p9/seed_7/cka_feddst_cifar10_clients5_alpha0.3_sparsity0.7_cka0.9_seed7_20260724_150633_config.yaml
Client label distributions:
  client 00: n= 7681, labels=[142, 16, 5, 202, 411, 2130, 3884, 876, 12, 3]
  client 01: n= 8711, labels=[1321, 1281, 355, 76, 3165, 8, 25, 0, 1922, 558]
  client 02: n=19320, labels=[2810, 141, 3133, 4649, 1064, 2142, 26, 2148, 2915, 292]
  client 03: n= 5169, labels=[22, 3285, 1093, 5, 3, 639, 18, 41, 63, 0]
  client 04: n= 8619, labels=[655, 227, 364, 18, 307, 31, 997, 1885, 38, 4097]

[Run 83/125] suite=cka_strength method=cka_feddst seed=7 sparsity=0.8 cka_strength=0.9
Output log dir: results/logs/cka_strength_sweep/cifar10_cka_strength_20260724_145851/strength_0p9/seed_7
Command: /mnt/aiongpfs/users/dsen/micromamba/envs/cka-cifar/bin/python -m src.train --global-config configs/global_cifar10.yaml --config configs/cka_feddst_mnist.yaml --seed 7 --sparsity 0.8 --cka-strength 0.9 --log-dir results/logs/cka_strength_sweep/cifar10_cka_strength_20260724_145851/strength_0p9/seed_7 --checkpoint-dir results/checkpoints/cka_strength_sweep/cifar10_cka_strength_20260724_145851/strength_0p9/seed_7 --plot-dir results/plots/cka_strength_sweep/cifar10_cka_strength_20260724_145851
Final merged configuration:
alpha: 0.3
batch_size: 64
checkpoint_dir: results/checkpoints/cka_strength_sweep/cifar10_cka_strength_20260724_145851/strength_0p9/seed_7
cka_interval: 2
cka_layers:
- conv1
- conv2
- conv3
- fc1
cka_max_sparsity: 0.95
cka_min_sparsity: 0.5
cka_strength: 0.9
data_check: false
data_dir: data
dataset: cifar10
device: auto
dry_run: false
eval_interval: 1
experiment_config_path: configs/cka_feddst_mnist.yaml
global_config_path: configs/global_cifar10.yaml
local_epochs: 1
log_cka: false
log_dir: results/logs/cka_strength_sweep/cifar10_cka_strength_20260724_145851/strength_0p9/seed_7
lr: 0.01
mask_update_interval: 2
method: cka_feddst
model: cifar_cnn
num_clients: 5
num_workers: 2
output_dir: results
plot_dir: results/plots/cka_strength_sweep/cifar10_cka_strength_20260724_145851
prune_fraction: 0.2
reference_size: 500
regrowth_method: gradient
rounds: 20
save_checkpoint: false
seed: 7
sparsity: 0.8
sparsity_init: random
split_dir: null
Saved merged config to: results/logs/cka_strength_sweep/cifar10_cka_strength_20260724_145851/strength_0p9/seed_7/cka_feddst_cifar10_clients5_alpha0.3_sparsity0.8_cka0.9_seed7_20260724_150638_config.yaml
Client label distributions:
  client 00: n= 7681, labels=[142, 16, 5, 202, 411, 2130, 3884, 876, 12, 3]
  client 01: n= 8711, labels=[1321, 1281, 355, 76, 3165, 8, 25, 0, 1922, 558]
  client 02: n=19320, labels=[2810, 141, 3133, 4649, 1064, 2142, 26, 2148, 2915, 292]
  client 03: n= 5169, labels=[22, 3285, 1093, 5, 3, 639, 18, 41, 63, 0]
  client 04: n= 8619, labels=[655, 227, 364, 18, 307, 31, 997, 1885, 38, 4097]

[Run 84/125] suite=cka_strength method=cka_feddst seed=7 sparsity=0.9 cka_strength=0.9
Output log dir: results/logs/cka_strength_sweep/cifar10_cka_strength_20260724_145851/strength_0p9/seed_7
Command: /mnt/aiongpfs/users/dsen/micromamba/envs/cka-cifar/bin/python -m src.train --global-config configs/global_cifar10.yaml --config configs/cka_feddst_mnist.yaml --seed 7 --sparsity 0.9 --cka-strength 0.9 --log-dir results/logs/cka_strength_sweep/cifar10_cka_strength_20260724_145851/strength_0p9/seed_7 --checkpoint-dir results/checkpoints/cka_strength_sweep/cifar10_cka_strength_20260724_145851/strength_0p9/seed_7 --plot-dir results/plots/cka_strength_sweep/cifar10_cka_strength_20260724_145851
Final merged configuration:
alpha: 0.3
batch_size: 64
checkpoint_dir: results/checkpoints/cka_strength_sweep/cifar10_cka_strength_20260724_145851/strength_0p9/seed_7
cka_interval: 2
cka_layers:
- conv1
- conv2
- conv3
- fc1
cka_max_sparsity: 0.95
cka_min_sparsity: 0.5
cka_strength: 0.9
data_check: false
data_dir: data
dataset: cifar10
device: auto
dry_run: false
eval_interval: 1
experiment_config_path: configs/cka_feddst_mnist.yaml
global_config_path: configs/global_cifar10.yaml
local_epochs: 1
log_cka: false
log_dir: results/logs/cka_strength_sweep/cifar10_cka_strength_20260724_145851/strength_0p9/seed_7
lr: 0.01
mask_update_interval: 2
method: cka_feddst
model: cifar_cnn
num_clients: 5
num_workers: 2
output_dir: results
plot_dir: results/plots/cka_strength_sweep/cifar10_cka_strength_20260724_145851
prune_fraction: 0.2
reference_size: 500
regrowth_method: gradient
rounds: 20
save_checkpoint: false
seed: 7
sparsity: 0.9
sparsity_init: random
split_dir: null
Saved merged config to: results/logs/cka_strength_sweep/cifar10_cka_strength_20260724_145851/strength_0p9/seed_7/cka_feddst_cifar10_clients5_alpha0.3_sparsity0.9_cka0.9_seed7_20260724_150644_config.yaml
Client label distributions:
  client 00: n= 7681, labels=[142, 16, 5, 202, 411, 2130, 3884, 876, 12, 3]
  client 01: n= 8711, labels=[1321, 1281, 355, 76, 3165, 8, 25, 0, 1922, 558]
  client 02: n=19320, labels=[2810, 141, 3133, 4649, 1064, 2142, 26, 2148, 2915, 292]
  client 03: n= 5169, labels=[22, 3285, 1093, 5, 3, 639, 18, 41, 63, 0]
  client 04: n= 8619, labels=[655, 227, 364, 18, 307, 31, 997, 1885, 38, 4097]

[Run 85/125] suite=cka_strength method=cka_feddst seed=7 sparsity=0.95 cka_strength=0.9
Output log dir: results/logs/cka_strength_sweep/cifar10_cka_strength_20260724_145851/strength_0p9/seed_7
Command: /mnt/aiongpfs/users/dsen/micromamba/envs/cka-cifar/bin/python -m src.train --global-config configs/global_cifar10.yaml --config configs/cka_feddst_mnist.yaml --seed 7 --sparsity 0.95 --cka-strength 0.9 --log-dir results/logs/cka_strength_sweep/cifar10_cka_strength_20260724_145851/strength_0p9/seed_7 --checkpoint-dir results/checkpoints/cka_strength_sweep/cifar10_cka_strength_20260724_145851/strength_0p9/seed_7 --plot-dir results/plots/cka_strength_sweep/cifar10_cka_strength_20260724_145851
Final merged configuration:
alpha: 0.3
batch_size: 64
checkpoint_dir: results/checkpoints/cka_strength_sweep/cifar10_cka_strength_20260724_145851/strength_0p9/seed_7
cka_interval: 2
cka_layers:
- conv1
- conv2
- conv3
- fc1
cka_max_sparsity: 0.95
cka_min_sparsity: 0.5
cka_strength: 0.9
data_check: false
data_dir: data
dataset: cifar10
device: auto
dry_run: false
eval_interval: 1
experiment_config_path: configs/cka_feddst_mnist.yaml
global_config_path: configs/global_cifar10.yaml
local_epochs: 1
log_cka: false
log_dir: results/logs/cka_strength_sweep/cifar10_cka_strength_20260724_145851/strength_0p9/seed_7
lr: 0.01
mask_update_interval: 2
method: cka_feddst
model: cifar_cnn
num_clients: 5
num_workers: 2
output_dir: results
plot_dir: results/plots/cka_strength_sweep/cifar10_cka_strength_20260724_145851
prune_fraction: 0.2
reference_size: 500
regrowth_method: gradient
rounds: 20
save_checkpoint: false
seed: 7
sparsity: 0.95
sparsity_init: random
split_dir: null
Saved merged config to: results/logs/cka_strength_sweep/cifar10_cka_strength_20260724_145851/strength_0p9/seed_7/cka_feddst_cifar10_clients5_alpha0.3_sparsity0.95_cka0.9_seed7_20260724_150650_config.yaml
Client label distributions:
  client 00: n= 7681, labels=[142, 16, 5, 202, 411, 2130, 3884, 876, 12, 3]
  client 01: n= 8711, labels=[1321, 1281, 355, 76, 3165, 8, 25, 0, 1922, 558]
  client 02: n=19320, labels=[2810, 141, 3133, 4649, 1064, 2142, 26, 2148, 2915, 292]
  client 03: n= 5169, labels=[22, 3285, 1093, 5, 3, 639, 18, 41, 63, 0]
  client 04: n= 8619, labels=[655, 227, 364, 18, 307, 31, 997, 1885, 38, 4097]

[Run 86/125] suite=cka_strength method=cka_feddst seed=13 sparsity=0.5 cka_strength=0.9
Output log dir: results/logs/cka_strength_sweep/cifar10_cka_strength_20260724_145851/strength_0p9/seed_13
Command: /mnt/aiongpfs/users/dsen/micromamba/envs/cka-cifar/bin/python -m src.train --global-config configs/global_cifar10.yaml --config configs/cka_feddst_mnist.yaml --seed 13 --sparsity 0.5 --cka-strength 0.9 --log-dir results/logs/cka_strength_sweep/cifar10_cka_strength_20260724_145851/strength_0p9/seed_13 --checkpoint-dir results/checkpoints/cka_strength_sweep/cifar10_cka_strength_20260724_145851/strength_0p9/seed_13 --plot-dir results/plots/cka_strength_sweep/cifar10_cka_strength_20260724_145851
Final merged configuration:
alpha: 0.3
batch_size: 64
checkpoint_dir: results/checkpoints/cka_strength_sweep/cifar10_cka_strength_20260724_145851/strength_0p9/seed_13
cka_interval: 2
cka_layers:
- conv1
- conv2
- conv3
- fc1
cka_max_sparsity: 0.95
cka_min_sparsity: 0.5
cka_strength: 0.9
data_check: false
data_dir: data
dataset: cifar10
device: auto
dry_run: false
eval_interval: 1
experiment_config_path: configs/cka_feddst_mnist.yaml
global_config_path: configs/global_cifar10.yaml
local_epochs: 1
log_cka: false
log_dir: results/logs/cka_strength_sweep/cifar10_cka_strength_20260724_145851/strength_0p9/seed_13
lr: 0.01
mask_update_interval: 2
method: cka_feddst
model: cifar_cnn
num_clients: 5
num_workers: 2
output_dir: results
plot_dir: results/plots/cka_strength_sweep/cifar10_cka_strength_20260724_145851
prune_fraction: 0.2
reference_size: 500
regrowth_method: gradient
rounds: 20
save_checkpoint: false
seed: 13
sparsity: 0.5
sparsity_init: random
split_dir: null
Saved merged config to: results/logs/cka_strength_sweep/cifar10_cka_strength_20260724_145851/strength_0p9/seed_13/cka_feddst_cifar10_clients5_alpha0.3_sparsity0.5_cka0.9_seed13_20260724_150655_config.yaml
Client label distributions:
  client 00: n=19994, labels=[2952, 878, 4230, 1942, 3893, 2947, 1170, 1268, 17, 697]
  client 01: n= 5273, labels=[1186, 629, 719, 163, 777, 852, 428, 22, 488, 9]
  client 02: n= 7607, labels=[2, 105, 1, 0, 96, 68, 60, 1042, 2038, 4195]
  client 03: n= 4678, labels=[463, 27, 0, 654, 2, 62, 287, 776, 2407, 0]
  client 04: n=11948, labels=[347, 3311, 0, 2191, 182, 1021, 3005, 1842, 0, 49]

[Run 87/125] suite=cka_strength method=cka_feddst seed=13 sparsity=0.7 cka_strength=0.9
Output log dir: results/logs/cka_strength_sweep/cifar10_cka_strength_20260724_145851/strength_0p9/seed_13
Command: /mnt/aiongpfs/users/dsen/micromamba/envs/cka-cifar/bin/python -m src.train --global-config configs/global_cifar10.yaml --config configs/cka_feddst_mnist.yaml --seed 13 --sparsity 0.7 --cka-strength 0.9 --log-dir results/logs/cka_strength_sweep/cifar10_cka_strength_20260724_145851/strength_0p9/seed_13 --checkpoint-dir results/checkpoints/cka_strength_sweep/cifar10_cka_strength_20260724_145851/strength_0p9/seed_13 --plot-dir results/plots/cka_strength_sweep/cifar10_cka_strength_20260724_145851
Final merged configuration:
alpha: 0.3
batch_size: 64
checkpoint_dir: results/checkpoints/cka_strength_sweep/cifar10_cka_strength_20260724_145851/strength_0p9/seed_13
cka_interval: 2
cka_layers:
- conv1
- conv2
- conv3
- fc1
cka_max_sparsity: 0.95
cka_min_sparsity: 0.5
cka_strength: 0.9
data_check: false
data_dir: data
dataset: cifar10
device: auto
dry_run: false
eval_interval: 1
experiment_config_path: configs/cka_feddst_mnist.yaml
global_config_path: configs/global_cifar10.yaml
local_epochs: 1
log_cka: false
log_dir: results/logs/cka_strength_sweep/cifar10_cka_strength_20260724_145851/strength_0p9/seed_13
lr: 0.01
mask_update_interval: 2
method: cka_feddst
model: cifar_cnn
num_clients: 5
num_workers: 2
output_dir: results
plot_dir: results/plots/cka_strength_sweep/cifar10_cka_strength_20260724_145851
prune_fraction: 0.2
reference_size: 500
regrowth_method: gradient
rounds: 20
save_checkpoint: false
seed: 13
sparsity: 0.7
sparsity_init: random
split_dir: null
Saved merged config to: results/logs/cka_strength_sweep/cifar10_cka_strength_20260724_145851/strength_0p9/seed_13/cka_feddst_cifar10_clients5_alpha0.3_sparsity0.7_cka0.9_seed13_20260724_150701_config.yaml
Client label distributions:
  client 00: n=19994, labels=[2952, 878, 4230, 1942, 3893, 2947, 1170, 1268, 17, 697]
  client 01: n= 5273, labels=[1186, 629, 719, 163, 777, 852, 428, 22, 488, 9]
  client 02: n= 7607, labels=[2, 105, 1, 0, 96, 68, 60, 1042, 2038, 4195]
  client 03: n= 4678, labels=[463, 27, 0, 654, 2, 62, 287, 776, 2407, 0]
  client 04: n=11948, labels=[347, 3311, 0, 2191, 182, 1021, 3005, 1842, 0, 49]

[Run 88/125] suite=cka_strength method=cka_feddst seed=13 sparsity=0.8 cka_strength=0.9
Output log dir: results/logs/cka_strength_sweep/cifar10_cka_strength_20260724_145851/strength_0p9/seed_13
Command: /mnt/aiongpfs/users/dsen/micromamba/envs/cka-cifar/bin/python -m src.train --global-config configs/global_cifar10.yaml --config configs/cka_feddst_mnist.yaml --seed 13 --sparsity 0.8 --cka-strength 0.9 --log-dir results/logs/cka_strength_sweep/cifar10_cka_strength_20260724_145851/strength_0p9/seed_13 --checkpoint-dir results/checkpoints/cka_strength_sweep/cifar10_cka_strength_20260724_145851/strength_0p9/seed_13 --plot-dir results/plots/cka_strength_sweep/cifar10_cka_strength_20260724_145851
Final merged configuration:
alpha: 0.3
batch_size: 64
checkpoint_dir: results/checkpoints/cka_strength_sweep/cifar10_cka_strength_20260724_145851/strength_0p9/seed_13
cka_interval: 2
cka_layers:
- conv1
- conv2
- conv3
- fc1
cka_max_sparsity: 0.95
cka_min_sparsity: 0.5
cka_strength: 0.9
data_check: false
data_dir: data
dataset: cifar10
device: auto
dry_run: false
eval_interval: 1
experiment_config_path: configs/cka_feddst_mnist.yaml
global_config_path: configs/global_cifar10.yaml
local_epochs: 1
log_cka: false
log_dir: results/logs/cka_strength_sweep/cifar10_cka_strength_20260724_145851/strength_0p9/seed_13
lr: 0.01
mask_update_interval: 2
method: cka_feddst
model: cifar_cnn
num_clients: 5
num_workers: 2
output_dir: results
plot_dir: results/plots/cka_strength_sweep/cifar10_cka_strength_20260724_145851
prune_fraction: 0.2
reference_size: 500
regrowth_method: gradient
rounds: 20
save_checkpoint: false
seed: 13
sparsity: 0.8
sparsity_init: random
split_dir: null
Saved merged config to: results/logs/cka_strength_sweep/cifar10_cka_strength_20260724_145851/strength_0p9/seed_13/cka_feddst_cifar10_clients5_alpha0.3_sparsity0.8_cka0.9_seed13_20260724_150707_config.yaml
Client label distributions:
  client 00: n=19994, labels=[2952, 878, 4230, 1942, 3893, 2947, 1170, 1268, 17, 697]
  client 01: n= 5273, labels=[1186, 629, 719, 163, 777, 852, 428, 22, 488, 9]
  client 02: n= 7607, labels=[2, 105, 1, 0, 96, 68, 60, 1042, 2038, 4195]
  client 03: n= 4678, labels=[463, 27, 0, 654, 2, 62, 287, 776, 2407, 0]
  client 04: n=11948, labels=[347, 3311, 0, 2191, 182, 1021, 3005, 1842, 0, 49]

[Run 89/125] suite=cka_strength method=cka_feddst seed=13 sparsity=0.9 cka_strength=0.9
Output log dir: results/logs/cka_strength_sweep/cifar10_cka_strength_20260724_145851/strength_0p9/seed_13
Command: /mnt/aiongpfs/users/dsen/micromamba/envs/cka-cifar/bin/python -m src.train --global-config configs/global_cifar10.yaml --config configs/cka_feddst_mnist.yaml --seed 13 --sparsity 0.9 --cka-strength 0.9 --log-dir results/logs/cka_strength_sweep/cifar10_cka_strength_20260724_145851/strength_0p9/seed_13 --checkpoint-dir results/checkpoints/cka_strength_sweep/cifar10_cka_strength_20260724_145851/strength_0p9/seed_13 --plot-dir results/plots/cka_strength_sweep/cifar10_cka_strength_20260724_145851
Final merged configuration:
alpha: 0.3
batch_size: 64
checkpoint_dir: results/checkpoints/cka_strength_sweep/cifar10_cka_strength_20260724_145851/strength_0p9/seed_13
cka_interval: 2
cka_layers:
- conv1
- conv2
- conv3
- fc1
cka_max_sparsity: 0.95
cka_min_sparsity: 0.5
cka_strength: 0.9
data_check: false
data_dir: data
dataset: cifar10
device: auto
dry_run: false
eval_interval: 1
experiment_config_path: configs/cka_feddst_mnist.yaml
global_config_path: configs/global_cifar10.yaml
local_epochs: 1
log_cka: false
log_dir: results/logs/cka_strength_sweep/cifar10_cka_strength_20260724_145851/strength_0p9/seed_13
lr: 0.01
mask_update_interval: 2
method: cka_feddst
model: cifar_cnn
num_clients: 5
num_workers: 2
output_dir: results
plot_dir: results/plots/cka_strength_sweep/cifar10_cka_strength_20260724_145851
prune_fraction: 0.2
reference_size: 500
regrowth_method: gradient
rounds: 20
save_checkpoint: false
seed: 13
sparsity: 0.9
sparsity_init: random
split_dir: null
Saved merged config to: results/logs/cka_strength_sweep/cifar10_cka_strength_20260724_145851/strength_0p9/seed_13/cka_feddst_cifar10_clients5_alpha0.3_sparsity0.9_cka0.9_seed13_20260724_150712_config.yaml
Client label distributions:
  client 00: n=19994, labels=[2952, 878, 4230, 1942, 3893, 2947, 1170, 1268, 17, 697]
  client 01: n= 5273, labels=[1186, 629, 719, 163, 777, 852, 428, 22, 488, 9]
  client 02: n= 7607, labels=[2, 105, 1, 0, 96, 68, 60, 1042, 2038, 4195]
  client 03: n= 4678, labels=[463, 27, 0, 654, 2, 62, 287, 776, 2407, 0]
  client 04: n=11948, labels=[347, 3311, 0, 2191, 182, 1021, 3005, 1842, 0, 49]

[Run 90/125] suite=cka_strength method=cka_feddst seed=13 sparsity=0.95 cka_strength=0.9
Output log dir: results/logs/cka_strength_sweep/cifar10_cka_strength_20260724_145851/strength_0p9/seed_13
Command: /mnt/aiongpfs/users/dsen/micromamba/envs/cka-cifar/bin/python -m src.train --global-config configs/global_cifar10.yaml --config configs/cka_feddst_mnist.yaml --seed 13 --sparsity 0.95 --cka-strength 0.9 --log-dir results/logs/cka_strength_sweep/cifar10_cka_strength_20260724_145851/strength_0p9/seed_13 --checkpoint-dir results/checkpoints/cka_strength_sweep/cifar10_cka_strength_20260724_145851/strength_0p9/seed_13 --plot-dir results/plots/cka_strength_sweep/cifar10_cka_strength_20260724_145851
Final merged configuration:
alpha: 0.3
batch_size: 64
checkpoint_dir: results/checkpoints/cka_strength_sweep/cifar10_cka_strength_20260724_145851/strength_0p9/seed_13
cka_interval: 2
cka_layers:
- conv1
- conv2
- conv3
- fc1
cka_max_sparsity: 0.95
cka_min_sparsity: 0.5
cka_strength: 0.9
data_check: false
data_dir: data
dataset: cifar10
device: auto
dry_run: false
eval_interval: 1
experiment_config_path: configs/cka_feddst_mnist.yaml
global_config_path: configs/global_cifar10.yaml
local_epochs: 1
log_cka: false
log_dir: results/logs/cka_strength_sweep/cifar10_cka_strength_20260724_145851/strength_0p9/seed_13
lr: 0.01
mask_update_interval: 2
method: cka_feddst
model: cifar_cnn
num_clients: 5
num_workers: 2
output_dir: results
plot_dir: results/plots/cka_strength_sweep/cifar10_cka_strength_20260724_145851
prune_fraction: 0.2
reference_size: 500
regrowth_method: gradient
rounds: 20
save_checkpoint: false
seed: 13
sparsity: 0.95
sparsity_init: random
split_dir: null
Saved merged config to: results/logs/cka_strength_sweep/cifar10_cka_strength_20260724_145851/strength_0p9/seed_13/cka_feddst_cifar10_clients5_alpha0.3_sparsity0.95_cka0.9_seed13_20260724_150718_config.yaml
Client label distributions:
  client 00: n=19994, labels=[2952, 878, 4230, 1942, 3893, 2947, 1170, 1268, 17, 697]
  client 01: n= 5273, labels=[1186, 629, 719, 163, 777, 852, 428, 22, 488, 9]
  client 02: n= 7607, labels=[2, 105, 1, 0, 96, 68, 60, 1042, 2038, 4195]
  client 03: n= 4678, labels=[463, 27, 0, 654, 2, 62, 287, 776, 2407, 0]
  client 04: n=11948, labels=[347, 3311, 0, 2191, 182, 1021, 3005, 1842, 0, 49]

[Run 91/125] suite=cka_strength method=cka_feddst seed=21 sparsity=0.5 cka_strength=0.9
Output log dir: results/logs/cka_strength_sweep/cifar10_cka_strength_20260724_145851/strength_0p9/seed_21
Command: /mnt/aiongpfs/users/dsen/micromamba/envs/cka-cifar/bin/python -m src.train --global-config configs/global_cifar10.yaml --config configs/cka_feddst_mnist.yaml --seed 21 --sparsity 0.5 --cka-strength 0.9 --log-dir results/logs/cka_strength_sweep/cifar10_cka_strength_20260724_145851/strength_0p9/seed_21 --checkpoint-dir results/checkpoints/cka_strength_sweep/cifar10_cka_strength_20260724_145851/strength_0p9/seed_21 --plot-dir results/plots/cka_strength_sweep/cifar10_cka_strength_20260724_145851
Final merged configuration:
alpha: 0.3
batch_size: 64
checkpoint_dir: results/checkpoints/cka_strength_sweep/cifar10_cka_strength_20260724_145851/strength_0p9/seed_21
cka_interval: 2
cka_layers:
- conv1
- conv2
- conv3
- fc1
cka_max_sparsity: 0.95
cka_min_sparsity: 0.5
cka_strength: 0.9
data_check: false
data_dir: data
dataset: cifar10
device: auto
dry_run: false
eval_interval: 1
experiment_config_path: configs/cka_feddst_mnist.yaml
global_config_path: configs/global_cifar10.yaml
local_epochs: 1
log_cka: false
log_dir: results/logs/cka_strength_sweep/cifar10_cka_strength_20260724_145851/strength_0p9/seed_21
lr: 0.01
mask_update_interval: 2
method: cka_feddst
model: cifar_cnn
num_clients: 5
num_workers: 2
output_dir: results
plot_dir: results/plots/cka_strength_sweep/cifar10_cka_strength_20260724_145851
prune_fraction: 0.2
reference_size: 500
regrowth_method: gradient
rounds: 20
save_checkpoint: false
seed: 21
sparsity: 0.5
sparsity_init: random
split_dir: null
Saved merged config to: results/logs/cka_strength_sweep/cifar10_cka_strength_20260724_145851/strength_0p9/seed_21/cka_feddst_cifar10_clients5_alpha0.3_sparsity0.5_cka0.9_seed21_20260724_150723_config.yaml
Client label distributions:
  client 00: n=10151, labels=[68, 0, 4345, 758, 1058, 713, 0, 122, 882, 2205]
  client 01: n=10420, labels=[957, 2155, 26, 376, 2359, 483, 4054, 4, 6, 0]
  client 02: n= 7384, labels=[1406, 266, 313, 764, 191, 13, 184, 2, 3127, 1118]
  client 03: n=13329, labels=[2519, 2506, 245, 1146, 1341, 359, 6, 3254, 563, 1390]
  client 04: n= 8216, labels=[0, 23, 21, 1906, 1, 3382, 706, 1568, 372, 237]

[Run 92/125] suite=cka_strength method=cka_feddst seed=21 sparsity=0.7 cka_strength=0.9
Output log dir: results/logs/cka_strength_sweep/cifar10_cka_strength_20260724_145851/strength_0p9/seed_21
Command: /mnt/aiongpfs/users/dsen/micromamba/envs/cka-cifar/bin/python -m src.train --global-config configs/global_cifar10.yaml --config configs/cka_feddst_mnist.yaml --seed 21 --sparsity 0.7 --cka-strength 0.9 --log-dir results/logs/cka_strength_sweep/cifar10_cka_strength_20260724_145851/strength_0p9/seed_21 --checkpoint-dir results/checkpoints/cka_strength_sweep/cifar10_cka_strength_20260724_145851/strength_0p9/seed_21 --plot-dir results/plots/cka_strength_sweep/cifar10_cka_strength_20260724_145851
Final merged configuration:
alpha: 0.3
batch_size: 64
checkpoint_dir: results/checkpoints/cka_strength_sweep/cifar10_cka_strength_20260724_145851/strength_0p9/seed_21
cka_interval: 2
cka_layers:
- conv1
- conv2
- conv3
- fc1
cka_max_sparsity: 0.95
cka_min_sparsity: 0.5
cka_strength: 0.9
data_check: false
data_dir: data
dataset: cifar10
device: auto
dry_run: false
eval_interval: 1
experiment_config_path: configs/cka_feddst_mnist.yaml
global_config_path: configs/global_cifar10.yaml
local_epochs: 1
log_cka: false
log_dir: results/logs/cka_strength_sweep/cifar10_cka_strength_20260724_145851/strength_0p9/seed_21
lr: 0.01
mask_update_interval: 2
method: cka_feddst
model: cifar_cnn
num_clients: 5
num_workers: 2
output_dir: results
plot_dir: results/plots/cka_strength_sweep/cifar10_cka_strength_20260724_145851
prune_fraction: 0.2
reference_size: 500
regrowth_method: gradient
rounds: 20
save_checkpoint: false
seed: 21
sparsity: 0.7
sparsity_init: random
split_dir: null
Saved merged config to: results/logs/cka_strength_sweep/cifar10_cka_strength_20260724_145851/strength_0p9/seed_21/cka_feddst_cifar10_clients5_alpha0.3_sparsity0.7_cka0.9_seed21_20260724_150729_config.yaml
Client label distributions:
  client 00: n=10151, labels=[68, 0, 4345, 758, 1058, 713, 0, 122, 882, 2205]
  client 01: n=10420, labels=[957, 2155, 26, 376, 2359, 483, 4054, 4, 6, 0]
  client 02: n= 7384, labels=[1406, 266, 313, 764, 191, 13, 184, 2, 3127, 1118]
  client 03: n=13329, labels=[2519, 2506, 245, 1146, 1341, 359, 6, 3254, 563, 1390]
  client 04: n= 8216, labels=[0, 23, 21, 1906, 1, 3382, 706, 1568, 372, 237]

[Run 93/125] suite=cka_strength method=cka_feddst seed=21 sparsity=0.8 cka_strength=0.9
Output log dir: results/logs/cka_strength_sweep/cifar10_cka_strength_20260724_145851/strength_0p9/seed_21
Command: /mnt/aiongpfs/users/dsen/micromamba/envs/cka-cifar/bin/python -m src.train --global-config configs/global_cifar10.yaml --config configs/cka_feddst_mnist.yaml --seed 21 --sparsity 0.8 --cka-strength 0.9 --log-dir results/logs/cka_strength_sweep/cifar10_cka_strength_20260724_145851/strength_0p9/seed_21 --checkpoint-dir results/checkpoints/cka_strength_sweep/cifar10_cka_strength_20260724_145851/strength_0p9/seed_21 --plot-dir results/plots/cka_strength_sweep/cifar10_cka_strength_20260724_145851
Final merged configuration:
alpha: 0.3
batch_size: 64
checkpoint_dir: results/checkpoints/cka_strength_sweep/cifar10_cka_strength_20260724_145851/strength_0p9/seed_21
cka_interval: 2
cka_layers:
- conv1
- conv2
- conv3
- fc1
cka_max_sparsity: 0.95
cka_min_sparsity: 0.5
cka_strength: 0.9
data_check: false
data_dir: data
dataset: cifar10
device: auto
dry_run: false
eval_interval: 1
experiment_config_path: configs/cka_feddst_mnist.yaml
global_config_path: configs/global_cifar10.yaml
local_epochs: 1
log_cka: false
log_dir: results/logs/cka_strength_sweep/cifar10_cka_strength_20260724_145851/strength_0p9/seed_21
lr: 0.01
mask_update_interval: 2
method: cka_feddst
model: cifar_cnn
num_clients: 5
num_workers: 2
output_dir: results
plot_dir: results/plots/cka_strength_sweep/cifar10_cka_strength_20260724_145851
prune_fraction: 0.2
reference_size: 500
regrowth_method: gradient
rounds: 20
save_checkpoint: false
seed: 21
sparsity: 0.8
sparsity_init: random
split_dir: null
Saved merged config to: results/logs/cka_strength_sweep/cifar10_cka_strength_20260724_145851/strength_0p9/seed_21/cka_feddst_cifar10_clients5_alpha0.3_sparsity0.8_cka0.9_seed21_20260724_150735_config.yaml
Client label distributions:
  client 00: n=10151, labels=[68, 0, 4345, 758, 1058, 713, 0, 122, 882, 2205]
  client 01: n=10420, labels=[957, 2155, 26, 376, 2359, 483, 4054, 4, 6, 0]
  client 02: n= 7384, labels=[1406, 266, 313, 764, 191, 13, 184, 2, 3127, 1118]
  client 03: n=13329, labels=[2519, 2506, 245, 1146, 1341, 359, 6, 3254, 563, 1390]
  client 04: n= 8216, labels=[0, 23, 21, 1906, 1, 3382, 706, 1568, 372, 237]

[Run 94/125] suite=cka_strength method=cka_feddst seed=21 sparsity=0.9 cka_strength=0.9
Output log dir: results/logs/cka_strength_sweep/cifar10_cka_strength_20260724_145851/strength_0p9/seed_21
Command: /mnt/aiongpfs/users/dsen/micromamba/envs/cka-cifar/bin/python -m src.train --global-config configs/global_cifar10.yaml --config configs/cka_feddst_mnist.yaml --seed 21 --sparsity 0.9 --cka-strength 0.9 --log-dir results/logs/cka_strength_sweep/cifar10_cka_strength_20260724_145851/strength_0p9/seed_21 --checkpoint-dir results/checkpoints/cka_strength_sweep/cifar10_cka_strength_20260724_145851/strength_0p9/seed_21 --plot-dir results/plots/cka_strength_sweep/cifar10_cka_strength_20260724_145851
Final merged configuration:
alpha: 0.3
batch_size: 64
checkpoint_dir: results/checkpoints/cka_strength_sweep/cifar10_cka_strength_20260724_145851/strength_0p9/seed_21
cka_interval: 2
cka_layers:
- conv1
- conv2
- conv3
- fc1
cka_max_sparsity: 0.95
cka_min_sparsity: 0.5
cka_strength: 0.9
data_check: false
data_dir: data
dataset: cifar10
device: auto
dry_run: false
eval_interval: 1
experiment_config_path: configs/cka_feddst_mnist.yaml
global_config_path: configs/global_cifar10.yaml
local_epochs: 1
log_cka: false
log_dir: results/logs/cka_strength_sweep/cifar10_cka_strength_20260724_145851/strength_0p9/seed_21
lr: 0.01
mask_update_interval: 2
method: cka_feddst
model: cifar_cnn
num_clients: 5
num_workers: 2
output_dir: results
plot_dir: results/plots/cka_strength_sweep/cifar10_cka_strength_20260724_145851
prune_fraction: 0.2
reference_size: 500
regrowth_method: gradient
rounds: 20
save_checkpoint: false
seed: 21
sparsity: 0.9
sparsity_init: random
split_dir: null
Saved merged config to: results/logs/cka_strength_sweep/cifar10_cka_strength_20260724_145851/strength_0p9/seed_21/cka_feddst_cifar10_clients5_alpha0.3_sparsity0.9_cka0.9_seed21_20260724_150741_config.yaml
Client label distributions:
  client 00: n=10151, labels=[68, 0, 4345, 758, 1058, 713, 0, 122, 882, 2205]
  client 01: n=10420, labels=[957, 2155, 26, 376, 2359, 483, 4054, 4, 6, 0]
  client 02: n= 7384, labels=[1406, 266, 313, 764, 191, 13, 184, 2, 3127, 1118]
  client 03: n=13329, labels=[2519, 2506, 245, 1146, 1341, 359, 6, 3254, 563, 1390]
  client 04: n= 8216, labels=[0, 23, 21, 1906, 1, 3382, 706, 1568, 372, 237]

[Run 95/125] suite=cka_strength method=cka_feddst seed=21 sparsity=0.95 cka_strength=0.9
Output log dir: results/logs/cka_strength_sweep/cifar10_cka_strength_20260724_145851/strength_0p9/seed_21
Command: /mnt/aiongpfs/users/dsen/micromamba/envs/cka-cifar/bin/python -m src.train --global-config configs/global_cifar10.yaml --config configs/cka_feddst_mnist.yaml --seed 21 --sparsity 0.95 --cka-strength 0.9 --log-dir results/logs/cka_strength_sweep/cifar10_cka_strength_20260724_145851/strength_0p9/seed_21 --checkpoint-dir results/checkpoints/cka_strength_sweep/cifar10_cka_strength_20260724_145851/strength_0p9/seed_21 --plot-dir results/plots/cka_strength_sweep/cifar10_cka_strength_20260724_145851
Final merged configuration:
alpha: 0.3
batch_size: 64
checkpoint_dir: results/checkpoints/cka_strength_sweep/cifar10_cka_strength_20260724_145851/strength_0p9/seed_21
cka_interval: 2
cka_layers:
- conv1
- conv2
- conv3
- fc1
cka_max_sparsity: 0.95
cka_min_sparsity: 0.5
cka_strength: 0.9
data_check: false
data_dir: data
dataset: cifar10
device: auto
dry_run: false
eval_interval: 1
experiment_config_path: configs/cka_feddst_mnist.yaml
global_config_path: configs/global_cifar10.yaml
local_epochs: 1
log_cka: false
log_dir: results/logs/cka_strength_sweep/cifar10_cka_strength_20260724_145851/strength_0p9/seed_21
lr: 0.01
mask_update_interval: 2
method: cka_feddst
model: cifar_cnn
num_clients: 5
num_workers: 2
output_dir: results
plot_dir: results/plots/cka_strength_sweep/cifar10_cka_strength_20260724_145851
prune_fraction: 0.2
reference_size: 500
regrowth_method: gradient
rounds: 20
save_checkpoint: false
seed: 21
sparsity: 0.95
sparsity_init: random
split_dir: null
Saved merged config to: results/logs/cka_strength_sweep/cifar10_cka_strength_20260724_145851/strength_0p9/seed_21/cka_feddst_cifar10_clients5_alpha0.3_sparsity0.95_cka0.9_seed21_20260724_150747_config.yaml
Client label distributions:
  client 00: n=10151, labels=[68, 0, 4345, 758, 1058, 713, 0, 122, 882, 2205]
  client 01: n=10420, labels=[957, 2155, 26, 376, 2359, 483, 4054, 4, 6, 0]
  client 02: n= 7384, labels=[1406, 266, 313, 764, 191, 13, 184, 2, 3127, 1118]
  client 03: n=13329, labels=[2519, 2506, 245, 1146, 1341, 359, 6, 3254, 563, 1390]
  client 04: n= 8216, labels=[0, 23, 21, 1906, 1, 3382, 706, 1568, 372, 237]

[Run 96/125] suite=cka_strength method=cka_feddst seed=100 sparsity=0.5 cka_strength=0.9
Output log dir: results/logs/cka_strength_sweep/cifar10_cka_strength_20260724_145851/strength_0p9/seed_100
Command: /mnt/aiongpfs/users/dsen/micromamba/envs/cka-cifar/bin/python -m src.train --global-config configs/global_cifar10.yaml --config configs/cka_feddst_mnist.yaml --seed 100 --sparsity 0.5 --cka-strength 0.9 --log-dir results/logs/cka_strength_sweep/cifar10_cka_strength_20260724_145851/strength_0p9/seed_100 --checkpoint-dir results/checkpoints/cka_strength_sweep/cifar10_cka_strength_20260724_145851/strength_0p9/seed_100 --plot-dir results/plots/cka_strength_sweep/cifar10_cka_strength_20260724_145851
Final merged configuration:
alpha: 0.3
batch_size: 64
checkpoint_dir: results/checkpoints/cka_strength_sweep/cifar10_cka_strength_20260724_145851/strength_0p9/seed_100
cka_interval: 2
cka_layers:
- conv1
- conv2
- conv3
- fc1
cka_max_sparsity: 0.95
cka_min_sparsity: 0.5
cka_strength: 0.9
data_check: false
data_dir: data
dataset: cifar10
device: auto
dry_run: false
eval_interval: 1
experiment_config_path: configs/cka_feddst_mnist.yaml
global_config_path: configs/global_cifar10.yaml
local_epochs: 1
log_cka: false
log_dir: results/logs/cka_strength_sweep/cifar10_cka_strength_20260724_145851/strength_0p9/seed_100
lr: 0.01
mask_update_interval: 2
method: cka_feddst
model: cifar_cnn
num_clients: 5
num_workers: 2
output_dir: results
plot_dir: results/plots/cka_strength_sweep/cifar10_cka_strength_20260724_145851
prune_fraction: 0.2
reference_size: 500
regrowth_method: gradient
rounds: 20
save_checkpoint: false
seed: 100
sparsity: 0.5
sparsity_init: random
split_dir: null
Saved merged config to: results/logs/cka_strength_sweep/cifar10_cka_strength_20260724_145851/strength_0p9/seed_100/cka_feddst_cifar10_clients5_alpha0.3_sparsity0.5_cka0.9_seed100_20260724_150752_config.yaml
Client label distributions:
  client 00: n= 6485, labels=[2604, 0, 589, 2, 2, 5, 173, 2831, 8, 271]
  client 01: n= 9836, labels=[30, 0, 237, 3053, 347, 2329, 15, 2008, 2, 1815]
  client 02: n= 9670, labels=[180, 2324, 0, 407, 463, 481, 1656, 64, 4094, 1]
  client 03: n= 6110, labels=[2074, 92, 1, 1395, 1095, 27, 832, 24, 30, 540]
  client 04: n=17399, labels=[62, 2534, 4123, 93, 3043, 2108, 2274, 23, 816, 2323]

[Run 97/125] suite=cka_strength method=cka_feddst seed=100 sparsity=0.7 cka_strength=0.9
Output log dir: results/logs/cka_strength_sweep/cifar10_cka_strength_20260724_145851/strength_0p9/seed_100
Command: /mnt/aiongpfs/users/dsen/micromamba/envs/cka-cifar/bin/python -m src.train --global-config configs/global_cifar10.yaml --config configs/cka_feddst_mnist.yaml --seed 100 --sparsity 0.7 --cka-strength 0.9 --log-dir results/logs/cka_strength_sweep/cifar10_cka_strength_20260724_145851/strength_0p9/seed_100 --checkpoint-dir results/checkpoints/cka_strength_sweep/cifar10_cka_strength_20260724_145851/strength_0p9/seed_100 --plot-dir results/plots/cka_strength_sweep/cifar10_cka_strength_20260724_145851
Final merged configuration:
alpha: 0.3
batch_size: 64
checkpoint_dir: results/checkpoints/cka_strength_sweep/cifar10_cka_strength_20260724_145851/strength_0p9/seed_100
cka_interval: 2
cka_layers:
- conv1
- conv2
- conv3
- fc1
cka_max_sparsity: 0.95
cka_min_sparsity: 0.5
cka_strength: 0.9
data_check: false
data_dir: data
dataset: cifar10
device: auto
dry_run: false
eval_interval: 1
experiment_config_path: configs/cka_feddst_mnist.yaml
global_config_path: configs/global_cifar10.yaml
local_epochs: 1
log_cka: false
log_dir: results/logs/cka_strength_sweep/cifar10_cka_strength_20260724_145851/strength_0p9/seed_100
lr: 0.01
mask_update_interval: 2
method: cka_feddst
model: cifar_cnn
num_clients: 5
num_workers: 2
output_dir: results
plot_dir: results/plots/cka_strength_sweep/cifar10_cka_strength_20260724_145851
prune_fraction: 0.2
reference_size: 500
regrowth_method: gradient
rounds: 20
save_checkpoint: false
seed: 100
sparsity: 0.7
sparsity_init: random
split_dir: null
Saved merged config to: results/logs/cka_strength_sweep/cifar10_cka_strength_20260724_145851/strength_0p9/seed_100/cka_feddst_cifar10_clients5_alpha0.3_sparsity0.7_cka0.9_seed100_20260724_150758_config.yaml
Client label distributions:
  client 00: n= 6485, labels=[2604, 0, 589, 2, 2, 5, 173, 2831, 8, 271]
  client 01: n= 9836, labels=[30, 0, 237, 3053, 347, 2329, 15, 2008, 2, 1815]
  client 02: n= 9670, labels=[180, 2324, 0, 407, 463, 481, 1656, 64, 4094, 1]
  client 03: n= 6110, labels=[2074, 92, 1, 1395, 1095, 27, 832, 24, 30, 540]
  client 04: n=17399, labels=[62, 2534, 4123, 93, 3043, 2108, 2274, 23, 816, 2323]

[Run 98/125] suite=cka_strength method=cka_feddst seed=100 sparsity=0.8 cka_strength=0.9
Output log dir: results/logs/cka_strength_sweep/cifar10_cka_strength_20260724_145851/strength_0p9/seed_100
Command: /mnt/aiongpfs/users/dsen/micromamba/envs/cka-cifar/bin/python -m src.train --global-config configs/global_cifar10.yaml --config configs/cka_feddst_mnist.yaml --seed 100 --sparsity 0.8 --cka-strength 0.9 --log-dir results/logs/cka_strength_sweep/cifar10_cka_strength_20260724_145851/strength_0p9/seed_100 --checkpoint-dir results/checkpoints/cka_strength_sweep/cifar10_cka_strength_20260724_145851/strength_0p9/seed_100 --plot-dir results/plots/cka_strength_sweep/cifar10_cka_strength_20260724_145851
Final merged configuration:
alpha: 0.3
batch_size: 64
checkpoint_dir: results/checkpoints/cka_strength_sweep/cifar10_cka_strength_20260724_145851/strength_0p9/seed_100
cka_interval: 2
cka_layers:
- conv1
- conv2
- conv3
- fc1
cka_max_sparsity: 0.95
cka_min_sparsity: 0.5
cka_strength: 0.9
data_check: false
data_dir: data
dataset: cifar10
device: auto
dry_run: false
eval_interval: 1
experiment_config_path: configs/cka_feddst_mnist.yaml
global_config_path: configs/global_cifar10.yaml
local_epochs: 1
log_cka: false
log_dir: results/logs/cka_strength_sweep/cifar10_cka_strength_20260724_145851/strength_0p9/seed_100
lr: 0.01
mask_update_interval: 2
method: cka_feddst
model: cifar_cnn
num_clients: 5
num_workers: 2
output_dir: results
plot_dir: results/plots/cka_strength_sweep/cifar10_cka_strength_20260724_145851
prune_fraction: 0.2
reference_size: 500
regrowth_method: gradient
rounds: 20
save_checkpoint: false
seed: 100
sparsity: 0.8
sparsity_init: random
split_dir: null
Saved merged config to: results/logs/cka_strength_sweep/cifar10_cka_strength_20260724_145851/strength_0p9/seed_100/cka_feddst_cifar10_clients5_alpha0.3_sparsity0.8_cka0.9_seed100_20260724_150804_config.yaml
Client label distributions:
  client 00: n= 6485, labels=[2604, 0, 589, 2, 2, 5, 173, 2831, 8, 271]
  client 01: n= 9836, labels=[30, 0, 237, 3053, 347, 2329, 15, 2008, 2, 1815]
  client 02: n= 9670, labels=[180, 2324, 0, 407, 463, 481, 1656, 64, 4094, 1]
  client 03: n= 6110, labels=[2074, 92, 1, 1395, 1095, 27, 832, 24, 30, 540]
  client 04: n=17399, labels=[62, 2534, 4123, 93, 3043, 2108, 2274, 23, 816, 2323]

[Run 99/125] suite=cka_strength method=cka_feddst seed=100 sparsity=0.9 cka_strength=0.9
Output log dir: results/logs/cka_strength_sweep/cifar10_cka_strength_20260724_145851/strength_0p9/seed_100
Command: /mnt/aiongpfs/users/dsen/micromamba/envs/cka-cifar/bin/python -m src.train --global-config configs/global_cifar10.yaml --config configs/cka_feddst_mnist.yaml --seed 100 --sparsity 0.9 --cka-strength 0.9 --log-dir results/logs/cka_strength_sweep/cifar10_cka_strength_20260724_145851/strength_0p9/seed_100 --checkpoint-dir results/checkpoints/cka_strength_sweep/cifar10_cka_strength_20260724_145851/strength_0p9/seed_100 --plot-dir results/plots/cka_strength_sweep/cifar10_cka_strength_20260724_145851
Final merged configuration:
alpha: 0.3
batch_size: 64
checkpoint_dir: results/checkpoints/cka_strength_sweep/cifar10_cka_strength_20260724_145851/strength_0p9/seed_100
cka_interval: 2
cka_layers:
- conv1
- conv2
- conv3
- fc1
cka_max_sparsity: 0.95
cka_min_sparsity: 0.5
cka_strength: 0.9
data_check: false
data_dir: data
dataset: cifar10
device: auto
dry_run: false
eval_interval: 1
experiment_config_path: configs/cka_feddst_mnist.yaml
global_config_path: configs/global_cifar10.yaml
local_epochs: 1
log_cka: false
log_dir: results/logs/cka_strength_sweep/cifar10_cka_strength_20260724_145851/strength_0p9/seed_100
lr: 0.01
mask_update_interval: 2
method: cka_feddst
model: cifar_cnn
num_clients: 5
num_workers: 2
output_dir: results
plot_dir: results/plots/cka_strength_sweep/cifar10_cka_strength_20260724_145851
prune_fraction: 0.2
reference_size: 500
regrowth_method: gradient
rounds: 20
save_checkpoint: false
seed: 100
sparsity: 0.9
sparsity_init: random
split_dir: null
Saved merged config to: results/logs/cka_strength_sweep/cifar10_cka_strength_20260724_145851/strength_0p9/seed_100/cka_feddst_cifar10_clients5_alpha0.3_sparsity0.9_cka0.9_seed100_20260724_150810_config.yaml
Client label distributions:
  client 00: n= 6485, labels=[2604, 0, 589, 2, 2, 5, 173, 2831, 8, 271]
  client 01: n= 9836, labels=[30, 0, 237, 3053, 347, 2329, 15, 2008, 2, 1815]
  client 02: n= 9670, labels=[180, 2324, 0, 407, 463, 481, 1656, 64, 4094, 1]
  client 03: n= 6110, labels=[2074, 92, 1, 1395, 1095, 27, 832, 24, 30, 540]
  client 04: n=17399, labels=[62, 2534, 4123, 93, 3043, 2108, 2274, 23, 816, 2323]

[Run 100/125] suite=cka_strength method=cka_feddst seed=100 sparsity=0.95 cka_strength=0.9
Output log dir: results/logs/cka_strength_sweep/cifar10_cka_strength_20260724_145851/strength_0p9/seed_100
Command: /mnt/aiongpfs/users/dsen/micromamba/envs/cka-cifar/bin/python -m src.train --global-config configs/global_cifar10.yaml --config configs/cka_feddst_mnist.yaml --seed 100 --sparsity 0.95 --cka-strength 0.9 --log-dir results/logs/cka_strength_sweep/cifar10_cka_strength_20260724_145851/strength_0p9/seed_100 --checkpoint-dir results/checkpoints/cka_strength_sweep/cifar10_cka_strength_20260724_145851/strength_0p9/seed_100 --plot-dir results/plots/cka_strength_sweep/cifar10_cka_strength_20260724_145851
Final merged configuration:
alpha: 0.3
batch_size: 64
checkpoint_dir: results/checkpoints/cka_strength_sweep/cifar10_cka_strength_20260724_145851/strength_0p9/seed_100
cka_interval: 2
cka_layers:
- conv1
- conv2
- conv3
- fc1
cka_max_sparsity: 0.95
cka_min_sparsity: 0.5
cka_strength: 0.9
data_check: false
data_dir: data
dataset: cifar10
device: auto
dry_run: false
eval_interval: 1
experiment_config_path: configs/cka_feddst_mnist.yaml
global_config_path: configs/global_cifar10.yaml
local_epochs: 1
log_cka: false
log_dir: results/logs/cka_strength_sweep/cifar10_cka_strength_20260724_145851/strength_0p9/seed_100
lr: 0.01
mask_update_interval: 2
method: cka_feddst
model: cifar_cnn
num_clients: 5
num_workers: 2
output_dir: results
plot_dir: results/plots/cka_strength_sweep/cifar10_cka_strength_20260724_145851
prune_fraction: 0.2
reference_size: 500
regrowth_method: gradient
rounds: 20
save_checkpoint: false
seed: 100
sparsity: 0.95
sparsity_init: random
split_dir: null
Saved merged config to: results/logs/cka_strength_sweep/cifar10_cka_strength_20260724_145851/strength_0p9/seed_100/cka_feddst_cifar10_clients5_alpha0.3_sparsity0.95_cka0.9_seed100_20260724_150815_config.yaml
Client label distributions:
  client 00: n= 6485, labels=[2604, 0, 589, 2, 2, 5, 173, 2831, 8, 271]
  client 01: n= 9836, labels=[30, 0, 237, 3053, 347, 2329, 15, 2008, 2, 1815]
  client 02: n= 9670, labels=[180, 2324, 0, 407, 463, 481, 1656, 64, 4094, 1]
  client 03: n= 6110, labels=[2074, 92, 1, 1395, 1095, 27, 832, 24, 30, 540]
  client 04: n=17399, labels=[62, 2534, 4123, 93, 3043, 2108, 2274, 23, 816, 2323]

[Run 101/125] suite=cka_strength method=cka_feddst seed=42 sparsity=0.5 cka_strength=1
Output log dir: results/logs/cka_strength_sweep/cifar10_cka_strength_20260724_145851/strength_1p0/seed_42
Command: /mnt/aiongpfs/users/dsen/micromamba/envs/cka-cifar/bin/python -m src.train --global-config configs/global_cifar10.yaml --config configs/cka_feddst_mnist.yaml --seed 42 --sparsity 0.5 --cka-strength 1 --log-dir results/logs/cka_strength_sweep/cifar10_cka_strength_20260724_145851/strength_1p0/seed_42 --checkpoint-dir results/checkpoints/cka_strength_sweep/cifar10_cka_strength_20260724_145851/strength_1p0/seed_42 --plot-dir results/plots/cka_strength_sweep/cifar10_cka_strength_20260724_145851
Final merged configuration:
alpha: 0.3
batch_size: 64
checkpoint_dir: results/checkpoints/cka_strength_sweep/cifar10_cka_strength_20260724_145851/strength_1p0/seed_42
cka_interval: 2
cka_layers:
- conv1
- conv2
- conv3
- fc1
cka_max_sparsity: 0.95
cka_min_sparsity: 0.5
cka_strength: 1.0
data_check: false
data_dir: data
dataset: cifar10
device: auto
dry_run: false
eval_interval: 1
experiment_config_path: configs/cka_feddst_mnist.yaml
global_config_path: configs/global_cifar10.yaml
local_epochs: 1
log_cka: false
log_dir: results/logs/cka_strength_sweep/cifar10_cka_strength_20260724_145851/strength_1p0/seed_42
lr: 0.01
mask_update_interval: 2
method: cka_feddst
model: cifar_cnn
num_clients: 5
num_workers: 2
output_dir: results
plot_dir: results/plots/cka_strength_sweep/cifar10_cka_strength_20260724_145851
prune_fraction: 0.2
reference_size: 500
regrowth_method: gradient
rounds: 20
save_checkpoint: false
seed: 42
sparsity: 0.5
sparsity_init: random
split_dir: null
Saved merged config to: results/logs/cka_strength_sweep/cifar10_cka_strength_20260724_145851/strength_1p0/seed_42/cka_feddst_cifar10_clients5_alpha0.3_sparsity0.5_cka1.0_seed42_20260724_150821_config.yaml
Client label distributions:
  client 00: n= 6173, labels=[449, 1577, 16, 53, 288, 1254, 18, 319, 1561, 638]
  client 01: n= 6712, labels=[388, 41, 1016, 674, 619, 293, 705, 1884, 2, 1090]
  client 02: n= 6610, labels=[14, 2050, 564, 1192, 934, 206, 33, 1318, 147, 152]
  client 03: n=12351, labels=[4094, 1282, 465, 1114, 4, 0, 3603, 1424, 313, 52]
  client 04: n=17654, labels=[5, 0, 2889, 1917, 3105, 3197, 591, 5, 2927, 3018]

[Run 102/125] suite=cka_strength method=cka_feddst seed=42 sparsity=0.7 cka_strength=1
Output log dir: results/logs/cka_strength_sweep/cifar10_cka_strength_20260724_145851/strength_1p0/seed_42
Command: /mnt/aiongpfs/users/dsen/micromamba/envs/cka-cifar/bin/python -m src.train --global-config configs/global_cifar10.yaml --config configs/cka_feddst_mnist.yaml --seed 42 --sparsity 0.7 --cka-strength 1 --log-dir results/logs/cka_strength_sweep/cifar10_cka_strength_20260724_145851/strength_1p0/seed_42 --checkpoint-dir results/checkpoints/cka_strength_sweep/cifar10_cka_strength_20260724_145851/strength_1p0/seed_42 --plot-dir results/plots/cka_strength_sweep/cifar10_cka_strength_20260724_145851
Final merged configuration:
alpha: 0.3
batch_size: 64
checkpoint_dir: results/checkpoints/cka_strength_sweep/cifar10_cka_strength_20260724_145851/strength_1p0/seed_42
cka_interval: 2
cka_layers:
- conv1
- conv2
- conv3
- fc1
cka_max_sparsity: 0.95
cka_min_sparsity: 0.5
cka_strength: 1.0
data_check: false
data_dir: data
dataset: cifar10
device: auto
dry_run: false
eval_interval: 1
experiment_config_path: configs/cka_feddst_mnist.yaml
global_config_path: configs/global_cifar10.yaml
local_epochs: 1
log_cka: false
log_dir: results/logs/cka_strength_sweep/cifar10_cka_strength_20260724_145851/strength_1p0/seed_42
lr: 0.01
mask_update_interval: 2
method: cka_feddst
model: cifar_cnn
num_clients: 5
num_workers: 2
output_dir: results
plot_dir: results/plots/cka_strength_sweep/cifar10_cka_strength_20260724_145851
prune_fraction: 0.2
reference_size: 500
regrowth_method: gradient
rounds: 20
save_checkpoint: false
seed: 42
sparsity: 0.7
sparsity_init: random
split_dir: null
Saved merged config to: results/logs/cka_strength_sweep/cifar10_cka_strength_20260724_145851/strength_1p0/seed_42/cka_feddst_cifar10_clients5_alpha0.3_sparsity0.7_cka1.0_seed42_20260724_150827_config.yaml
Client label distributions:
  client 00: n= 6173, labels=[449, 1577, 16, 53, 288, 1254, 18, 319, 1561, 638]
  client 01: n= 6712, labels=[388, 41, 1016, 674, 619, 293, 705, 1884, 2, 1090]
  client 02: n= 6610, labels=[14, 2050, 564, 1192, 934, 206, 33, 1318, 147, 152]
  client 03: n=12351, labels=[4094, 1282, 465, 1114, 4, 0, 3603, 1424, 313, 52]
  client 04: n=17654, labels=[5, 0, 2889, 1917, 3105, 3197, 591, 5, 2927, 3018]

[Run 103/125] suite=cka_strength method=cka_feddst seed=42 sparsity=0.8 cka_strength=1
Output log dir: results/logs/cka_strength_sweep/cifar10_cka_strength_20260724_145851/strength_1p0/seed_42
Command: /mnt/aiongpfs/users/dsen/micromamba/envs/cka-cifar/bin/python -m src.train --global-config configs/global_cifar10.yaml --config configs/cka_feddst_mnist.yaml --seed 42 --sparsity 0.8 --cka-strength 1 --log-dir results/logs/cka_strength_sweep/cifar10_cka_strength_20260724_145851/strength_1p0/seed_42 --checkpoint-dir results/checkpoints/cka_strength_sweep/cifar10_cka_strength_20260724_145851/strength_1p0/seed_42 --plot-dir results/plots/cka_strength_sweep/cifar10_cka_strength_20260724_145851
Final merged configuration:
alpha: 0.3
batch_size: 64
checkpoint_dir: results/checkpoints/cka_strength_sweep/cifar10_cka_strength_20260724_145851/strength_1p0/seed_42
cka_interval: 2
cka_layers:
- conv1
- conv2
- conv3
- fc1
cka_max_sparsity: 0.95
cka_min_sparsity: 0.5
cka_strength: 1.0
data_check: false
data_dir: data
dataset: cifar10
device: auto
dry_run: false
eval_interval: 1
experiment_config_path: configs/cka_feddst_mnist.yaml
global_config_path: configs/global_cifar10.yaml
local_epochs: 1
log_cka: false
log_dir: results/logs/cka_strength_sweep/cifar10_cka_strength_20260724_145851/strength_1p0/seed_42
lr: 0.01
mask_update_interval: 2
method: cka_feddst
model: cifar_cnn
num_clients: 5
num_workers: 2
output_dir: results
plot_dir: results/plots/cka_strength_sweep/cifar10_cka_strength_20260724_145851
prune_fraction: 0.2
reference_size: 500
regrowth_method: gradient
rounds: 20
save_checkpoint: false
seed: 42
sparsity: 0.8
sparsity_init: random
split_dir: null
Saved merged config to: results/logs/cka_strength_sweep/cifar10_cka_strength_20260724_145851/strength_1p0/seed_42/cka_feddst_cifar10_clients5_alpha0.3_sparsity0.8_cka1.0_seed42_20260724_150833_config.yaml
Client label distributions:
  client 00: n= 6173, labels=[449, 1577, 16, 53, 288, 1254, 18, 319, 1561, 638]
  client 01: n= 6712, labels=[388, 41, 1016, 674, 619, 293, 705, 1884, 2, 1090]
  client 02: n= 6610, labels=[14, 2050, 564, 1192, 934, 206, 33, 1318, 147, 152]
  client 03: n=12351, labels=[4094, 1282, 465, 1114, 4, 0, 3603, 1424, 313, 52]
  client 04: n=17654, labels=[5, 0, 2889, 1917, 3105, 3197, 591, 5, 2927, 3018]

[Run 104/125] suite=cka_strength method=cka_feddst seed=42 sparsity=0.9 cka_strength=1
Output log dir: results/logs/cka_strength_sweep/cifar10_cka_strength_20260724_145851/strength_1p0/seed_42
Command: /mnt/aiongpfs/users/dsen/micromamba/envs/cka-cifar/bin/python -m src.train --global-config configs/global_cifar10.yaml --config configs/cka_feddst_mnist.yaml --seed 42 --sparsity 0.9 --cka-strength 1 --log-dir results/logs/cka_strength_sweep/cifar10_cka_strength_20260724_145851/strength_1p0/seed_42 --checkpoint-dir results/checkpoints/cka_strength_sweep/cifar10_cka_strength_20260724_145851/strength_1p0/seed_42 --plot-dir results/plots/cka_strength_sweep/cifar10_cka_strength_20260724_145851
Final merged configuration:
alpha: 0.3
batch_size: 64
checkpoint_dir: results/checkpoints/cka_strength_sweep/cifar10_cka_strength_20260724_145851/strength_1p0/seed_42
cka_interval: 2
cka_layers:
- conv1
- conv2
- conv3
- fc1
cka_max_sparsity: 0.95
cka_min_sparsity: 0.5
cka_strength: 1.0
data_check: false
data_dir: data
dataset: cifar10
device: auto
dry_run: false
eval_interval: 1
experiment_config_path: configs/cka_feddst_mnist.yaml
global_config_path: configs/global_cifar10.yaml
local_epochs: 1
log_cka: false
log_dir: results/logs/cka_strength_sweep/cifar10_cka_strength_20260724_145851/strength_1p0/seed_42
lr: 0.01
mask_update_interval: 2
method: cka_feddst
model: cifar_cnn
num_clients: 5
num_workers: 2
output_dir: results
plot_dir: results/plots/cka_strength_sweep/cifar10_cka_strength_20260724_145851
prune_fraction: 0.2
reference_size: 500
regrowth_method: gradient
rounds: 20
save_checkpoint: false
seed: 42
sparsity: 0.9
sparsity_init: random
split_dir: null
Saved merged config to: results/logs/cka_strength_sweep/cifar10_cka_strength_20260724_145851/strength_1p0/seed_42/cka_feddst_cifar10_clients5_alpha0.3_sparsity0.9_cka1.0_seed42_20260724_150838_config.yaml
Client label distributions:
  client 00: n= 6173, labels=[449, 1577, 16, 53, 288, 1254, 18, 319, 1561, 638]
  client 01: n= 6712, labels=[388, 41, 1016, 674, 619, 293, 705, 1884, 2, 1090]
  client 02: n= 6610, labels=[14, 2050, 564, 1192, 934, 206, 33, 1318, 147, 152]
  client 03: n=12351, labels=[4094, 1282, 465, 1114, 4, 0, 3603, 1424, 313, 52]
  client 04: n=17654, labels=[5, 0, 2889, 1917, 3105, 3197, 591, 5, 2927, 3018]

[Run 105/125] suite=cka_strength method=cka_feddst seed=42 sparsity=0.95 cka_strength=1
Output log dir: results/logs/cka_strength_sweep/cifar10_cka_strength_20260724_145851/strength_1p0/seed_42
Command: /mnt/aiongpfs/users/dsen/micromamba/envs/cka-cifar/bin/python -m src.train --global-config configs/global_cifar10.yaml --config configs/cka_feddst_mnist.yaml --seed 42 --sparsity 0.95 --cka-strength 1 --log-dir results/logs/cka_strength_sweep/cifar10_cka_strength_20260724_145851/strength_1p0/seed_42 --checkpoint-dir results/checkpoints/cka_strength_sweep/cifar10_cka_strength_20260724_145851/strength_1p0/seed_42 --plot-dir results/plots/cka_strength_sweep/cifar10_cka_strength_20260724_145851
Final merged configuration:
alpha: 0.3
batch_size: 64
checkpoint_dir: results/checkpoints/cka_strength_sweep/cifar10_cka_strength_20260724_145851/strength_1p0/seed_42
cka_interval: 2
cka_layers:
- conv1
- conv2
- conv3
- fc1
cka_max_sparsity: 0.95
cka_min_sparsity: 0.5
cka_strength: 1.0
data_check: false
data_dir: data
dataset: cifar10
device: auto
dry_run: false
eval_interval: 1
experiment_config_path: configs/cka_feddst_mnist.yaml
global_config_path: configs/global_cifar10.yaml
local_epochs: 1
log_cka: false
log_dir: results/logs/cka_strength_sweep/cifar10_cka_strength_20260724_145851/strength_1p0/seed_42
lr: 0.01
mask_update_interval: 2
method: cka_feddst
model: cifar_cnn
num_clients: 5
num_workers: 2
output_dir: results
plot_dir: results/plots/cka_strength_sweep/cifar10_cka_strength_20260724_145851
prune_fraction: 0.2
reference_size: 500
regrowth_method: gradient
rounds: 20
save_checkpoint: false
seed: 42
sparsity: 0.95
sparsity_init: random
split_dir: null
Saved merged config to: results/logs/cka_strength_sweep/cifar10_cka_strength_20260724_145851/strength_1p0/seed_42/cka_feddst_cifar10_clients5_alpha0.3_sparsity0.95_cka1.0_seed42_20260724_150844_config.yaml
Client label distributions:
  client 00: n= 6173, labels=[449, 1577, 16, 53, 288, 1254, 18, 319, 1561, 638]
  client 01: n= 6712, labels=[388, 41, 1016, 674, 619, 293, 705, 1884, 2, 1090]
  client 02: n= 6610, labels=[14, 2050, 564, 1192, 934, 206, 33, 1318, 147, 152]
  client 03: n=12351, labels=[4094, 1282, 465, 1114, 4, 0, 3603, 1424, 313, 52]
  client 04: n=17654, labels=[5, 0, 2889, 1917, 3105, 3197, 591, 5, 2927, 3018]

[Run 106/125] suite=cka_strength method=cka_feddst seed=7 sparsity=0.5 cka_strength=1
Output log dir: results/logs/cka_strength_sweep/cifar10_cka_strength_20260724_145851/strength_1p0/seed_7
Command: /mnt/aiongpfs/users/dsen/micromamba/envs/cka-cifar/bin/python -m src.train --global-config configs/global_cifar10.yaml --config configs/cka_feddst_mnist.yaml --seed 7 --sparsity 0.5 --cka-strength 1 --log-dir results/logs/cka_strength_sweep/cifar10_cka_strength_20260724_145851/strength_1p0/seed_7 --checkpoint-dir results/checkpoints/cka_strength_sweep/cifar10_cka_strength_20260724_145851/strength_1p0/seed_7 --plot-dir results/plots/cka_strength_sweep/cifar10_cka_strength_20260724_145851
Final merged configuration:
alpha: 0.3
batch_size: 64
checkpoint_dir: results/checkpoints/cka_strength_sweep/cifar10_cka_strength_20260724_145851/strength_1p0/seed_7
cka_interval: 2
cka_layers:
- conv1
- conv2
- conv3
- fc1
cka_max_sparsity: 0.95
cka_min_sparsity: 0.5
cka_strength: 1.0
data_check: false
data_dir: data
dataset: cifar10
device: auto
dry_run: false
eval_interval: 1
experiment_config_path: configs/cka_feddst_mnist.yaml
global_config_path: configs/global_cifar10.yaml
local_epochs: 1
log_cka: false
log_dir: results/logs/cka_strength_sweep/cifar10_cka_strength_20260724_145851/strength_1p0/seed_7
lr: 0.01
mask_update_interval: 2
method: cka_feddst
model: cifar_cnn
num_clients: 5
num_workers: 2
output_dir: results
plot_dir: results/plots/cka_strength_sweep/cifar10_cka_strength_20260724_145851
prune_fraction: 0.2
reference_size: 500
regrowth_method: gradient
rounds: 20
save_checkpoint: false
seed: 7
sparsity: 0.5
sparsity_init: random
split_dir: null
Saved merged config to: results/logs/cka_strength_sweep/cifar10_cka_strength_20260724_145851/strength_1p0/seed_7/cka_feddst_cifar10_clients5_alpha0.3_sparsity0.5_cka1.0_seed7_20260724_150850_config.yaml
Client label distributions:
  client 00: n= 7681, labels=[142, 16, 5, 202, 411, 2130, 3884, 876, 12, 3]
  client 01: n= 8711, labels=[1321, 1281, 355, 76, 3165, 8, 25, 0, 1922, 558]
  client 02: n=19320, labels=[2810, 141, 3133, 4649, 1064, 2142, 26, 2148, 2915, 292]
  client 03: n= 5169, labels=[22, 3285, 1093, 5, 3, 639, 18, 41, 63, 0]
  client 04: n= 8619, labels=[655, 227, 364, 18, 307, 31, 997, 1885, 38, 4097]

[Run 107/125] suite=cka_strength method=cka_feddst seed=7 sparsity=0.7 cka_strength=1
Output log dir: results/logs/cka_strength_sweep/cifar10_cka_strength_20260724_145851/strength_1p0/seed_7
Command: /mnt/aiongpfs/users/dsen/micromamba/envs/cka-cifar/bin/python -m src.train --global-config configs/global_cifar10.yaml --config configs/cka_feddst_mnist.yaml --seed 7 --sparsity 0.7 --cka-strength 1 --log-dir results/logs/cka_strength_sweep/cifar10_cka_strength_20260724_145851/strength_1p0/seed_7 --checkpoint-dir results/checkpoints/cka_strength_sweep/cifar10_cka_strength_20260724_145851/strength_1p0/seed_7 --plot-dir results/plots/cka_strength_sweep/cifar10_cka_strength_20260724_145851
Final merged configuration:
alpha: 0.3
batch_size: 64
checkpoint_dir: results/checkpoints/cka_strength_sweep/cifar10_cka_strength_20260724_145851/strength_1p0/seed_7
cka_interval: 2
cka_layers:
- conv1
- conv2
- conv3
- fc1
cka_max_sparsity: 0.95
cka_min_sparsity: 0.5
cka_strength: 1.0
data_check: false
data_dir: data
dataset: cifar10
device: auto
dry_run: false
eval_interval: 1
experiment_config_path: configs/cka_feddst_mnist.yaml
global_config_path: configs/global_cifar10.yaml
local_epochs: 1
log_cka: false
log_dir: results/logs/cka_strength_sweep/cifar10_cka_strength_20260724_145851/strength_1p0/seed_7
lr: 0.01
mask_update_interval: 2
method: cka_feddst
model: cifar_cnn
num_clients: 5
num_workers: 2
output_dir: results
plot_dir: results/plots/cka_strength_sweep/cifar10_cka_strength_20260724_145851
prune_fraction: 0.2
reference_size: 500
regrowth_method: gradient
rounds: 20
save_checkpoint: false
seed: 7
sparsity: 0.7
sparsity_init: random
split_dir: null
Saved merged config to: results/logs/cka_strength_sweep/cifar10_cka_strength_20260724_145851/strength_1p0/seed_7/cka_feddst_cifar10_clients5_alpha0.3_sparsity0.7_cka1.0_seed7_20260724_150855_config.yaml
Client label distributions:
  client 00: n= 7681, labels=[142, 16, 5, 202, 411, 2130, 3884, 876, 12, 3]
  client 01: n= 8711, labels=[1321, 1281, 355, 76, 3165, 8, 25, 0, 1922, 558]
  client 02: n=19320, labels=[2810, 141, 3133, 4649, 1064, 2142, 26, 2148, 2915, 292]
  client 03: n= 5169, labels=[22, 3285, 1093, 5, 3, 639, 18, 41, 63, 0]
  client 04: n= 8619, labels=[655, 227, 364, 18, 307, 31, 997, 1885, 38, 4097]

[Run 108/125] suite=cka_strength method=cka_feddst seed=7 sparsity=0.8 cka_strength=1
Output log dir: results/logs/cka_strength_sweep/cifar10_cka_strength_20260724_145851/strength_1p0/seed_7
Command: /mnt/aiongpfs/users/dsen/micromamba/envs/cka-cifar/bin/python -m src.train --global-config configs/global_cifar10.yaml --config configs/cka_feddst_mnist.yaml --seed 7 --sparsity 0.8 --cka-strength 1 --log-dir results/logs/cka_strength_sweep/cifar10_cka_strength_20260724_145851/strength_1p0/seed_7 --checkpoint-dir results/checkpoints/cka_strength_sweep/cifar10_cka_strength_20260724_145851/strength_1p0/seed_7 --plot-dir results/plots/cka_strength_sweep/cifar10_cka_strength_20260724_145851
Final merged configuration:
alpha: 0.3
batch_size: 64
checkpoint_dir: results/checkpoints/cka_strength_sweep/cifar10_cka_strength_20260724_145851/strength_1p0/seed_7
cka_interval: 2
cka_layers:
- conv1
- conv2
- conv3
- fc1
cka_max_sparsity: 0.95
cka_min_sparsity: 0.5
cka_strength: 1.0
data_check: false
data_dir: data
dataset: cifar10
device: auto
dry_run: false
eval_interval: 1
experiment_config_path: configs/cka_feddst_mnist.yaml
global_config_path: configs/global_cifar10.yaml
local_epochs: 1
log_cka: false
log_dir: results/logs/cka_strength_sweep/cifar10_cka_strength_20260724_145851/strength_1p0/seed_7
lr: 0.01
mask_update_interval: 2
method: cka_feddst
model: cifar_cnn
num_clients: 5
num_workers: 2
output_dir: results
plot_dir: results/plots/cka_strength_sweep/cifar10_cka_strength_20260724_145851
prune_fraction: 0.2
reference_size: 500
regrowth_method: gradient
rounds: 20
save_checkpoint: false
seed: 7
sparsity: 0.8
sparsity_init: random
split_dir: null
Saved merged config to: results/logs/cka_strength_sweep/cifar10_cka_strength_20260724_145851/strength_1p0/seed_7/cka_feddst_cifar10_clients5_alpha0.3_sparsity0.8_cka1.0_seed7_20260724_150901_config.yaml
Client label distributions:
  client 00: n= 7681, labels=[142, 16, 5, 202, 411, 2130, 3884, 876, 12, 3]
  client 01: n= 8711, labels=[1321, 1281, 355, 76, 3165, 8, 25, 0, 1922, 558]
  client 02: n=19320, labels=[2810, 141, 3133, 4649, 1064, 2142, 26, 2148, 2915, 292]
  client 03: n= 5169, labels=[22, 3285, 1093, 5, 3, 639, 18, 41, 63, 0]
  client 04: n= 8619, labels=[655, 227, 364, 18, 307, 31, 997, 1885, 38, 4097]

[Run 109/125] suite=cka_strength method=cka_feddst seed=7 sparsity=0.9 cka_strength=1
Output log dir: results/logs/cka_strength_sweep/cifar10_cka_strength_20260724_145851/strength_1p0/seed_7
Command: /mnt/aiongpfs/users/dsen/micromamba/envs/cka-cifar/bin/python -m src.train --global-config configs/global_cifar10.yaml --config configs/cka_feddst_mnist.yaml --seed 7 --sparsity 0.9 --cka-strength 1 --log-dir results/logs/cka_strength_sweep/cifar10_cka_strength_20260724_145851/strength_1p0/seed_7 --checkpoint-dir results/checkpoints/cka_strength_sweep/cifar10_cka_strength_20260724_145851/strength_1p0/seed_7 --plot-dir results/plots/cka_strength_sweep/cifar10_cka_strength_20260724_145851
Final merged configuration:
alpha: 0.3
batch_size: 64
checkpoint_dir: results/checkpoints/cka_strength_sweep/cifar10_cka_strength_20260724_145851/strength_1p0/seed_7
cka_interval: 2
cka_layers:
- conv1
- conv2
- conv3
- fc1
cka_max_sparsity: 0.95
cka_min_sparsity: 0.5
cka_strength: 1.0
data_check: false
data_dir: data
dataset: cifar10
device: auto
dry_run: false
eval_interval: 1
experiment_config_path: configs/cka_feddst_mnist.yaml
global_config_path: configs/global_cifar10.yaml
local_epochs: 1
log_cka: false
log_dir: results/logs/cka_strength_sweep/cifar10_cka_strength_20260724_145851/strength_1p0/seed_7
lr: 0.01
mask_update_interval: 2
method: cka_feddst
model: cifar_cnn
num_clients: 5
num_workers: 2
output_dir: results
plot_dir: results/plots/cka_strength_sweep/cifar10_cka_strength_20260724_145851
prune_fraction: 0.2
reference_size: 500
regrowth_method: gradient
rounds: 20
save_checkpoint: false
seed: 7
sparsity: 0.9
sparsity_init: random
split_dir: null
Saved merged config to: results/logs/cka_strength_sweep/cifar10_cka_strength_20260724_145851/strength_1p0/seed_7/cka_feddst_cifar10_clients5_alpha0.3_sparsity0.9_cka1.0_seed7_20260724_150907_config.yaml
Client label distributions:
  client 00: n= 7681, labels=[142, 16, 5, 202, 411, 2130, 3884, 876, 12, 3]
  client 01: n= 8711, labels=[1321, 1281, 355, 76, 3165, 8, 25, 0, 1922, 558]
  client 02: n=19320, labels=[2810, 141, 3133, 4649, 1064, 2142, 26, 2148, 2915, 292]
  client 03: n= 5169, labels=[22, 3285, 1093, 5, 3, 639, 18, 41, 63, 0]
  client 04: n= 8619, labels=[655, 227, 364, 18, 307, 31, 997, 1885, 38, 4097]

[Run 110/125] suite=cka_strength method=cka_feddst seed=7 sparsity=0.95 cka_strength=1
Output log dir: results/logs/cka_strength_sweep/cifar10_cka_strength_20260724_145851/strength_1p0/seed_7
Command: /mnt/aiongpfs/users/dsen/micromamba/envs/cka-cifar/bin/python -m src.train --global-config configs/global_cifar10.yaml --config configs/cka_feddst_mnist.yaml --seed 7 --sparsity 0.95 --cka-strength 1 --log-dir results/logs/cka_strength_sweep/cifar10_cka_strength_20260724_145851/strength_1p0/seed_7 --checkpoint-dir results/checkpoints/cka_strength_sweep/cifar10_cka_strength_20260724_145851/strength_1p0/seed_7 --plot-dir results/plots/cka_strength_sweep/cifar10_cka_strength_20260724_145851
Final merged configuration:
alpha: 0.3
batch_size: 64
checkpoint_dir: results/checkpoints/cka_strength_sweep/cifar10_cka_strength_20260724_145851/strength_1p0/seed_7
cka_interval: 2
cka_layers:
- conv1
- conv2
- conv3
- fc1
cka_max_sparsity: 0.95
cka_min_sparsity: 0.5
cka_strength: 1.0
data_check: false
data_dir: data
dataset: cifar10
device: auto
dry_run: false
eval_interval: 1
experiment_config_path: configs/cka_feddst_mnist.yaml
global_config_path: configs/global_cifar10.yaml
local_epochs: 1
log_cka: false
log_dir: results/logs/cka_strength_sweep/cifar10_cka_strength_20260724_145851/strength_1p0/seed_7
lr: 0.01
mask_update_interval: 2
method: cka_feddst
model: cifar_cnn
num_clients: 5
num_workers: 2
output_dir: results
plot_dir: results/plots/cka_strength_sweep/cifar10_cka_strength_20260724_145851
prune_fraction: 0.2
reference_size: 500
regrowth_method: gradient
rounds: 20
save_checkpoint: false
seed: 7
sparsity: 0.95
sparsity_init: random
split_dir: null
Saved merged config to: results/logs/cka_strength_sweep/cifar10_cka_strength_20260724_145851/strength_1p0/seed_7/cka_feddst_cifar10_clients5_alpha0.3_sparsity0.95_cka1.0_seed7_20260724_150912_config.yaml
Client label distributions:
  client 00: n= 7681, labels=[142, 16, 5, 202, 411, 2130, 3884, 876, 12, 3]
  client 01: n= 8711, labels=[1321, 1281, 355, 76, 3165, 8, 25, 0, 1922, 558]
  client 02: n=19320, labels=[2810, 141, 3133, 4649, 1064, 2142, 26, 2148, 2915, 292]
  client 03: n= 5169, labels=[22, 3285, 1093, 5, 3, 639, 18, 41, 63, 0]
  client 04: n= 8619, labels=[655, 227, 364, 18, 307, 31, 997, 1885, 38, 4097]

[Run 111/125] suite=cka_strength method=cka_feddst seed=13 sparsity=0.5 cka_strength=1
Output log dir: results/logs/cka_strength_sweep/cifar10_cka_strength_20260724_145851/strength_1p0/seed_13
Command: /mnt/aiongpfs/users/dsen/micromamba/envs/cka-cifar/bin/python -m src.train --global-config configs/global_cifar10.yaml --config configs/cka_feddst_mnist.yaml --seed 13 --sparsity 0.5 --cka-strength 1 --log-dir results/logs/cka_strength_sweep/cifar10_cka_strength_20260724_145851/strength_1p0/seed_13 --checkpoint-dir results/checkpoints/cka_strength_sweep/cifar10_cka_strength_20260724_145851/strength_1p0/seed_13 --plot-dir results/plots/cka_strength_sweep/cifar10_cka_strength_20260724_145851
Final merged configuration:
alpha: 0.3
batch_size: 64
checkpoint_dir: results/checkpoints/cka_strength_sweep/cifar10_cka_strength_20260724_145851/strength_1p0/seed_13
cka_interval: 2
cka_layers:
- conv1
- conv2
- conv3
- fc1
cka_max_sparsity: 0.95
cka_min_sparsity: 0.5
cka_strength: 1.0
data_check: false
data_dir: data
dataset: cifar10
device: auto
dry_run: false
eval_interval: 1
experiment_config_path: configs/cka_feddst_mnist.yaml
global_config_path: configs/global_cifar10.yaml
local_epochs: 1
log_cka: false
log_dir: results/logs/cka_strength_sweep/cifar10_cka_strength_20260724_145851/strength_1p0/seed_13
lr: 0.01
mask_update_interval: 2
method: cka_feddst
model: cifar_cnn
num_clients: 5
num_workers: 2
output_dir: results
plot_dir: results/plots/cka_strength_sweep/cifar10_cka_strength_20260724_145851
prune_fraction: 0.2
reference_size: 500
regrowth_method: gradient
rounds: 20
save_checkpoint: false
seed: 13
sparsity: 0.5
sparsity_init: random
split_dir: null
Saved merged config to: results/logs/cka_strength_sweep/cifar10_cka_strength_20260724_145851/strength_1p0/seed_13/cka_feddst_cifar10_clients5_alpha0.3_sparsity0.5_cka1.0_seed13_20260724_150918_config.yaml
Client label distributions:
  client 00: n=19994, labels=[2952, 878, 4230, 1942, 3893, 2947, 1170, 1268, 17, 697]
  client 01: n= 5273, labels=[1186, 629, 719, 163, 777, 852, 428, 22, 488, 9]
  client 02: n= 7607, labels=[2, 105, 1, 0, 96, 68, 60, 1042, 2038, 4195]
  client 03: n= 4678, labels=[463, 27, 0, 654, 2, 62, 287, 776, 2407, 0]
  client 04: n=11948, labels=[347, 3311, 0, 2191, 182, 1021, 3005, 1842, 0, 49]

[Run 112/125] suite=cka_strength method=cka_feddst seed=13 sparsity=0.7 cka_strength=1
Output log dir: results/logs/cka_strength_sweep/cifar10_cka_strength_20260724_145851/strength_1p0/seed_13
Command: /mnt/aiongpfs/users/dsen/micromamba/envs/cka-cifar/bin/python -m src.train --global-config configs/global_cifar10.yaml --config configs/cka_feddst_mnist.yaml --seed 13 --sparsity 0.7 --cka-strength 1 --log-dir results/logs/cka_strength_sweep/cifar10_cka_strength_20260724_145851/strength_1p0/seed_13 --checkpoint-dir results/checkpoints/cka_strength_sweep/cifar10_cka_strength_20260724_145851/strength_1p0/seed_13 --plot-dir results/plots/cka_strength_sweep/cifar10_cka_strength_20260724_145851
Final merged configuration:
alpha: 0.3
batch_size: 64
checkpoint_dir: results/checkpoints/cka_strength_sweep/cifar10_cka_strength_20260724_145851/strength_1p0/seed_13
cka_interval: 2
cka_layers:
- conv1
- conv2
- conv3
- fc1
cka_max_sparsity: 0.95
cka_min_sparsity: 0.5
cka_strength: 1.0
data_check: false
data_dir: data
dataset: cifar10
device: auto
dry_run: false
eval_interval: 1
experiment_config_path: configs/cka_feddst_mnist.yaml
global_config_path: configs/global_cifar10.yaml
local_epochs: 1
log_cka: false
log_dir: results/logs/cka_strength_sweep/cifar10_cka_strength_20260724_145851/strength_1p0/seed_13
lr: 0.01
mask_update_interval: 2
method: cka_feddst
model: cifar_cnn
num_clients: 5
num_workers: 2
output_dir: results
plot_dir: results/plots/cka_strength_sweep/cifar10_cka_strength_20260724_145851
prune_fraction: 0.2
reference_size: 500
regrowth_method: gradient
rounds: 20
save_checkpoint: false
seed: 13
sparsity: 0.7
sparsity_init: random
split_dir: null
Saved merged config to: results/logs/cka_strength_sweep/cifar10_cka_strength_20260724_145851/strength_1p0/seed_13/cka_feddst_cifar10_clients5_alpha0.3_sparsity0.7_cka1.0_seed13_20260724_150924_config.yaml
Client label distributions:
  client 00: n=19994, labels=[2952, 878, 4230, 1942, 3893, 2947, 1170, 1268, 17, 697]
  client 01: n= 5273, labels=[1186, 629, 719, 163, 777, 852, 428, 22, 488, 9]
  client 02: n= 7607, labels=[2, 105, 1, 0, 96, 68, 60, 1042, 2038, 4195]
  client 03: n= 4678, labels=[463, 27, 0, 654, 2, 62, 287, 776, 2407, 0]
  client 04: n=11948, labels=[347, 3311, 0, 2191, 182, 1021, 3005, 1842, 0, 49]

[Run 113/125] suite=cka_strength method=cka_feddst seed=13 sparsity=0.8 cka_strength=1
Output log dir: results/logs/cka_strength_sweep/cifar10_cka_strength_20260724_145851/strength_1p0/seed_13
Command: /mnt/aiongpfs/users/dsen/micromamba/envs/cka-cifar/bin/python -m src.train --global-config configs/global_cifar10.yaml --config configs/cka_feddst_mnist.yaml --seed 13 --sparsity 0.8 --cka-strength 1 --log-dir results/logs/cka_strength_sweep/cifar10_cka_strength_20260724_145851/strength_1p0/seed_13 --checkpoint-dir results/checkpoints/cka_strength_sweep/cifar10_cka_strength_20260724_145851/strength_1p0/seed_13 --plot-dir results/plots/cka_strength_sweep/cifar10_cka_strength_20260724_145851
Final merged configuration:
alpha: 0.3
batch_size: 64
checkpoint_dir: results/checkpoints/cka_strength_sweep/cifar10_cka_strength_20260724_145851/strength_1p0/seed_13
cka_interval: 2
cka_layers:
- conv1
- conv2
- conv3
- fc1
cka_max_sparsity: 0.95
cka_min_sparsity: 0.5
cka_strength: 1.0
data_check: false
data_dir: data
dataset: cifar10
device: auto
dry_run: false
eval_interval: 1
experiment_config_path: configs/cka_feddst_mnist.yaml
global_config_path: configs/global_cifar10.yaml
local_epochs: 1
log_cka: false
log_dir: results/logs/cka_strength_sweep/cifar10_cka_strength_20260724_145851/strength_1p0/seed_13
lr: 0.01
mask_update_interval: 2
method: cka_feddst
model: cifar_cnn
num_clients: 5
num_workers: 2
output_dir: results
plot_dir: results/plots/cka_strength_sweep/cifar10_cka_strength_20260724_145851
prune_fraction: 0.2
reference_size: 500
regrowth_method: gradient
rounds: 20
save_checkpoint: false
seed: 13
sparsity: 0.8
sparsity_init: random
split_dir: null
Saved merged config to: results/logs/cka_strength_sweep/cifar10_cka_strength_20260724_145851/strength_1p0/seed_13/cka_feddst_cifar10_clients5_alpha0.3_sparsity0.8_cka1.0_seed13_20260724_150929_config.yaml
Client label distributions:
  client 00: n=19994, labels=[2952, 878, 4230, 1942, 3893, 2947, 1170, 1268, 17, 697]
  client 01: n= 5273, labels=[1186, 629, 719, 163, 777, 852, 428, 22, 488, 9]
  client 02: n= 7607, labels=[2, 105, 1, 0, 96, 68, 60, 1042, 2038, 4195]
  client 03: n= 4678, labels=[463, 27, 0, 654, 2, 62, 287, 776, 2407, 0]
  client 04: n=11948, labels=[347, 3311, 0, 2191, 182, 1021, 3005, 1842, 0, 49]

[Run 114/125] suite=cka_strength method=cka_feddst seed=13 sparsity=0.9 cka_strength=1
Output log dir: results/logs/cka_strength_sweep/cifar10_cka_strength_20260724_145851/strength_1p0/seed_13
Command: /mnt/aiongpfs/users/dsen/micromamba/envs/cka-cifar/bin/python -m src.train --global-config configs/global_cifar10.yaml --config configs/cka_feddst_mnist.yaml --seed 13 --sparsity 0.9 --cka-strength 1 --log-dir results/logs/cka_strength_sweep/cifar10_cka_strength_20260724_145851/strength_1p0/seed_13 --checkpoint-dir results/checkpoints/cka_strength_sweep/cifar10_cka_strength_20260724_145851/strength_1p0/seed_13 --plot-dir results/plots/cka_strength_sweep/cifar10_cka_strength_20260724_145851
Final merged configuration:
alpha: 0.3
batch_size: 64
checkpoint_dir: results/checkpoints/cka_strength_sweep/cifar10_cka_strength_20260724_145851/strength_1p0/seed_13
cka_interval: 2
cka_layers:
- conv1
- conv2
- conv3
- fc1
cka_max_sparsity: 0.95
cka_min_sparsity: 0.5
cka_strength: 1.0
data_check: false
data_dir: data
dataset: cifar10
device: auto
dry_run: false
eval_interval: 1
experiment_config_path: configs/cka_feddst_mnist.yaml
global_config_path: configs/global_cifar10.yaml
local_epochs: 1
log_cka: false
log_dir: results/logs/cka_strength_sweep/cifar10_cka_strength_20260724_145851/strength_1p0/seed_13
lr: 0.01
mask_update_interval: 2
method: cka_feddst
model: cifar_cnn
num_clients: 5
num_workers: 2
output_dir: results
plot_dir: results/plots/cka_strength_sweep/cifar10_cka_strength_20260724_145851
prune_fraction: 0.2
reference_size: 500
regrowth_method: gradient
rounds: 20
save_checkpoint: false
seed: 13
sparsity: 0.9
sparsity_init: random
split_dir: null
Saved merged config to: results/logs/cka_strength_sweep/cifar10_cka_strength_20260724_145851/strength_1p0/seed_13/cka_feddst_cifar10_clients5_alpha0.3_sparsity0.9_cka1.0_seed13_20260724_150935_config.yaml
Client label distributions:
  client 00: n=19994, labels=[2952, 878, 4230, 1942, 3893, 2947, 1170, 1268, 17, 697]
  client 01: n= 5273, labels=[1186, 629, 719, 163, 777, 852, 428, 22, 488, 9]
  client 02: n= 7607, labels=[2, 105, 1, 0, 96, 68, 60, 1042, 2038, 4195]
  client 03: n= 4678, labels=[463, 27, 0, 654, 2, 62, 287, 776, 2407, 0]
  client 04: n=11948, labels=[347, 3311, 0, 2191, 182, 1021, 3005, 1842, 0, 49]

[Run 115/125] suite=cka_strength method=cka_feddst seed=13 sparsity=0.95 cka_strength=1
Output log dir: results/logs/cka_strength_sweep/cifar10_cka_strength_20260724_145851/strength_1p0/seed_13
Command: /mnt/aiongpfs/users/dsen/micromamba/envs/cka-cifar/bin/python -m src.train --global-config configs/global_cifar10.yaml --config configs/cka_feddst_mnist.yaml --seed 13 --sparsity 0.95 --cka-strength 1 --log-dir results/logs/cka_strength_sweep/cifar10_cka_strength_20260724_145851/strength_1p0/seed_13 --checkpoint-dir results/checkpoints/cka_strength_sweep/cifar10_cka_strength_20260724_145851/strength_1p0/seed_13 --plot-dir results/plots/cka_strength_sweep/cifar10_cka_strength_20260724_145851
Final merged configuration:
alpha: 0.3
batch_size: 64
checkpoint_dir: results/checkpoints/cka_strength_sweep/cifar10_cka_strength_20260724_145851/strength_1p0/seed_13
cka_interval: 2
cka_layers:
- conv1
- conv2
- conv3
- fc1
cka_max_sparsity: 0.95
cka_min_sparsity: 0.5
cka_strength: 1.0
data_check: false
data_dir: data
dataset: cifar10
device: auto
dry_run: false
eval_interval: 1
experiment_config_path: configs/cka_feddst_mnist.yaml
global_config_path: configs/global_cifar10.yaml
local_epochs: 1
log_cka: false
log_dir: results/logs/cka_strength_sweep/cifar10_cka_strength_20260724_145851/strength_1p0/seed_13
lr: 0.01
mask_update_interval: 2
method: cka_feddst
model: cifar_cnn
num_clients: 5
num_workers: 2
output_dir: results
plot_dir: results/plots/cka_strength_sweep/cifar10_cka_strength_20260724_145851
prune_fraction: 0.2
reference_size: 500
regrowth_method: gradient
rounds: 20
save_checkpoint: false
seed: 13
sparsity: 0.95
sparsity_init: random
split_dir: null
Saved merged config to: results/logs/cka_strength_sweep/cifar10_cka_strength_20260724_145851/strength_1p0/seed_13/cka_feddst_cifar10_clients5_alpha0.3_sparsity0.95_cka1.0_seed13_20260724_150940_config.yaml
Client label distributions:
  client 00: n=19994, labels=[2952, 878, 4230, 1942, 3893, 2947, 1170, 1268, 17, 697]
  client 01: n= 5273, labels=[1186, 629, 719, 163, 777, 852, 428, 22, 488, 9]
  client 02: n= 7607, labels=[2, 105, 1, 0, 96, 68, 60, 1042, 2038, 4195]
  client 03: n= 4678, labels=[463, 27, 0, 654, 2, 62, 287, 776, 2407, 0]
  client 04: n=11948, labels=[347, 3311, 0, 2191, 182, 1021, 3005, 1842, 0, 49]

[Run 116/125] suite=cka_strength method=cka_feddst seed=21 sparsity=0.5 cka_strength=1
Output log dir: results/logs/cka_strength_sweep/cifar10_cka_strength_20260724_145851/strength_1p0/seed_21
Command: /mnt/aiongpfs/users/dsen/micromamba/envs/cka-cifar/bin/python -m src.train --global-config configs/global_cifar10.yaml --config configs/cka_feddst_mnist.yaml --seed 21 --sparsity 0.5 --cka-strength 1 --log-dir results/logs/cka_strength_sweep/cifar10_cka_strength_20260724_145851/strength_1p0/seed_21 --checkpoint-dir results/checkpoints/cka_strength_sweep/cifar10_cka_strength_20260724_145851/strength_1p0/seed_21 --plot-dir results/plots/cka_strength_sweep/cifar10_cka_strength_20260724_145851
Final merged configuration:
alpha: 0.3
batch_size: 64
checkpoint_dir: results/checkpoints/cka_strength_sweep/cifar10_cka_strength_20260724_145851/strength_1p0/seed_21
cka_interval: 2
cka_layers:
- conv1
- conv2
- conv3
- fc1
cka_max_sparsity: 0.95
cka_min_sparsity: 0.5
cka_strength: 1.0
data_check: false
data_dir: data
dataset: cifar10
device: auto
dry_run: false
eval_interval: 1
experiment_config_path: configs/cka_feddst_mnist.yaml
global_config_path: configs/global_cifar10.yaml
local_epochs: 1
log_cka: false
log_dir: results/logs/cka_strength_sweep/cifar10_cka_strength_20260724_145851/strength_1p0/seed_21
lr: 0.01
mask_update_interval: 2
method: cka_feddst
model: cifar_cnn
num_clients: 5
num_workers: 2
output_dir: results
plot_dir: results/plots/cka_strength_sweep/cifar10_cka_strength_20260724_145851
prune_fraction: 0.2
reference_size: 500
regrowth_method: gradient
rounds: 20
save_checkpoint: false
seed: 21
sparsity: 0.5
sparsity_init: random
split_dir: null
Saved merged config to: results/logs/cka_strength_sweep/cifar10_cka_strength_20260724_145851/strength_1p0/seed_21/cka_feddst_cifar10_clients5_alpha0.3_sparsity0.5_cka1.0_seed21_20260724_150946_config.yaml
Client label distributions:
  client 00: n=10151, labels=[68, 0, 4345, 758, 1058, 713, 0, 122, 882, 2205]
  client 01: n=10420, labels=[957, 2155, 26, 376, 2359, 483, 4054, 4, 6, 0]
  client 02: n= 7384, labels=[1406, 266, 313, 764, 191, 13, 184, 2, 3127, 1118]
  client 03: n=13329, labels=[2519, 2506, 245, 1146, 1341, 359, 6, 3254, 563, 1390]
  client 04: n= 8216, labels=[0, 23, 21, 1906, 1, 3382, 706, 1568, 372, 237]

[Run 117/125] suite=cka_strength method=cka_feddst seed=21 sparsity=0.7 cka_strength=1
Output log dir: results/logs/cka_strength_sweep/cifar10_cka_strength_20260724_145851/strength_1p0/seed_21
Command: /mnt/aiongpfs/users/dsen/micromamba/envs/cka-cifar/bin/python -m src.train --global-config configs/global_cifar10.yaml --config configs/cka_feddst_mnist.yaml --seed 21 --sparsity 0.7 --cka-strength 1 --log-dir results/logs/cka_strength_sweep/cifar10_cka_strength_20260724_145851/strength_1p0/seed_21 --checkpoint-dir results/checkpoints/cka_strength_sweep/cifar10_cka_strength_20260724_145851/strength_1p0/seed_21 --plot-dir results/plots/cka_strength_sweep/cifar10_cka_strength_20260724_145851
Final merged configuration:
alpha: 0.3
batch_size: 64
checkpoint_dir: results/checkpoints/cka_strength_sweep/cifar10_cka_strength_20260724_145851/strength_1p0/seed_21
cka_interval: 2
cka_layers:
- conv1
- conv2
- conv3
- fc1
cka_max_sparsity: 0.95
cka_min_sparsity: 0.5
cka_strength: 1.0
data_check: false
data_dir: data
dataset: cifar10
device: auto
dry_run: false
eval_interval: 1
experiment_config_path: configs/cka_feddst_mnist.yaml
global_config_path: configs/global_cifar10.yaml
local_epochs: 1
log_cka: false
log_dir: results/logs/cka_strength_sweep/cifar10_cka_strength_20260724_145851/strength_1p0/seed_21
lr: 0.01
mask_update_interval: 2
method: cka_feddst
model: cifar_cnn
num_clients: 5
num_workers: 2
output_dir: results
plot_dir: results/plots/cka_strength_sweep/cifar10_cka_strength_20260724_145851
prune_fraction: 0.2
reference_size: 500
regrowth_method: gradient
rounds: 20
save_checkpoint: false
seed: 21
sparsity: 0.7
sparsity_init: random
split_dir: null
Saved merged config to: results/logs/cka_strength_sweep/cifar10_cka_strength_20260724_145851/strength_1p0/seed_21/cka_feddst_cifar10_clients5_alpha0.3_sparsity0.7_cka1.0_seed21_20260724_150952_config.yaml
Client label distributions:
  client 00: n=10151, labels=[68, 0, 4345, 758, 1058, 713, 0, 122, 882, 2205]
  client 01: n=10420, labels=[957, 2155, 26, 376, 2359, 483, 4054, 4, 6, 0]
  client 02: n= 7384, labels=[1406, 266, 313, 764, 191, 13, 184, 2, 3127, 1118]
  client 03: n=13329, labels=[2519, 2506, 245, 1146, 1341, 359, 6, 3254, 563, 1390]
  client 04: n= 8216, labels=[0, 23, 21, 1906, 1, 3382, 706, 1568, 372, 237]

[Run 118/125] suite=cka_strength method=cka_feddst seed=21 sparsity=0.8 cka_strength=1
Output log dir: results/logs/cka_strength_sweep/cifar10_cka_strength_20260724_145851/strength_1p0/seed_21
Command: /mnt/aiongpfs/users/dsen/micromamba/envs/cka-cifar/bin/python -m src.train --global-config configs/global_cifar10.yaml --config configs/cka_feddst_mnist.yaml --seed 21 --sparsity 0.8 --cka-strength 1 --log-dir results/logs/cka_strength_sweep/cifar10_cka_strength_20260724_145851/strength_1p0/seed_21 --checkpoint-dir results/checkpoints/cka_strength_sweep/cifar10_cka_strength_20260724_145851/strength_1p0/seed_21 --plot-dir results/plots/cka_strength_sweep/cifar10_cka_strength_20260724_145851
Final merged configuration:
alpha: 0.3
batch_size: 64
checkpoint_dir: results/checkpoints/cka_strength_sweep/cifar10_cka_strength_20260724_145851/strength_1p0/seed_21
cka_interval: 2
cka_layers:
- conv1
- conv2
- conv3
- fc1
cka_max_sparsity: 0.95
cka_min_sparsity: 0.5
cka_strength: 1.0
data_check: false
data_dir: data
dataset: cifar10
device: auto
dry_run: false
eval_interval: 1
experiment_config_path: configs/cka_feddst_mnist.yaml
global_config_path: configs/global_cifar10.yaml
local_epochs: 1
log_cka: false
log_dir: results/logs/cka_strength_sweep/cifar10_cka_strength_20260724_145851/strength_1p0/seed_21
lr: 0.01
mask_update_interval: 2
method: cka_feddst
model: cifar_cnn
num_clients: 5
num_workers: 2
output_dir: results
plot_dir: results/plots/cka_strength_sweep/cifar10_cka_strength_20260724_145851
prune_fraction: 0.2
reference_size: 500
regrowth_method: gradient
rounds: 20
save_checkpoint: false
seed: 21
sparsity: 0.8
sparsity_init: random
split_dir: null
Saved merged config to: results/logs/cka_strength_sweep/cifar10_cka_strength_20260724_145851/strength_1p0/seed_21/cka_feddst_cifar10_clients5_alpha0.3_sparsity0.8_cka1.0_seed21_20260724_150957_config.yaml
Client label distributions:
  client 00: n=10151, labels=[68, 0, 4345, 758, 1058, 713, 0, 122, 882, 2205]
  client 01: n=10420, labels=[957, 2155, 26, 376, 2359, 483, 4054, 4, 6, 0]
  client 02: n= 7384, labels=[1406, 266, 313, 764, 191, 13, 184, 2, 3127, 1118]
  client 03: n=13329, labels=[2519, 2506, 245, 1146, 1341, 359, 6, 3254, 563, 1390]
  client 04: n= 8216, labels=[0, 23, 21, 1906, 1, 3382, 706, 1568, 372, 237]

[Run 119/125] suite=cka_strength method=cka_feddst seed=21 sparsity=0.9 cka_strength=1
Output log dir: results/logs/cka_strength_sweep/cifar10_cka_strength_20260724_145851/strength_1p0/seed_21
Command: /mnt/aiongpfs/users/dsen/micromamba/envs/cka-cifar/bin/python -m src.train --global-config configs/global_cifar10.yaml --config configs/cka_feddst_mnist.yaml --seed 21 --sparsity 0.9 --cka-strength 1 --log-dir results/logs/cka_strength_sweep/cifar10_cka_strength_20260724_145851/strength_1p0/seed_21 --checkpoint-dir results/checkpoints/cka_strength_sweep/cifar10_cka_strength_20260724_145851/strength_1p0/seed_21 --plot-dir results/plots/cka_strength_sweep/cifar10_cka_strength_20260724_145851
Final merged configuration:
alpha: 0.3
batch_size: 64
checkpoint_dir: results/checkpoints/cka_strength_sweep/cifar10_cka_strength_20260724_145851/strength_1p0/seed_21
cka_interval: 2
cka_layers:
- conv1
- conv2
- conv3
- fc1
cka_max_sparsity: 0.95
cka_min_sparsity: 0.5
cka_strength: 1.0
data_check: false
data_dir: data
dataset: cifar10
device: auto
dry_run: false
eval_interval: 1
experiment_config_path: configs/cka_feddst_mnist.yaml
global_config_path: configs/global_cifar10.yaml
local_epochs: 1
log_cka: false
log_dir: results/logs/cka_strength_sweep/cifar10_cka_strength_20260724_145851/strength_1p0/seed_21
lr: 0.01
mask_update_interval: 2
method: cka_feddst
model: cifar_cnn
num_clients: 5
num_workers: 2
output_dir: results
plot_dir: results/plots/cka_strength_sweep/cifar10_cka_strength_20260724_145851
prune_fraction: 0.2
reference_size: 500
regrowth_method: gradient
rounds: 20
save_checkpoint: false
seed: 21
sparsity: 0.9
sparsity_init: random
split_dir: null
Saved merged config to: results/logs/cka_strength_sweep/cifar10_cka_strength_20260724_145851/strength_1p0/seed_21/cka_feddst_cifar10_clients5_alpha0.3_sparsity0.9_cka1.0_seed21_20260724_151003_config.yaml
Client label distributions:
  client 00: n=10151, labels=[68, 0, 4345, 758, 1058, 713, 0, 122, 882, 2205]
  client 01: n=10420, labels=[957, 2155, 26, 376, 2359, 483, 4054, 4, 6, 0]
  client 02: n= 7384, labels=[1406, 266, 313, 764, 191, 13, 184, 2, 3127, 1118]
  client 03: n=13329, labels=[2519, 2506, 245, 1146, 1341, 359, 6, 3254, 563, 1390]
  client 04: n= 8216, labels=[0, 23, 21, 1906, 1, 3382, 706, 1568, 372, 237]

[Run 120/125] suite=cka_strength method=cka_feddst seed=21 sparsity=0.95 cka_strength=1
Output log dir: results/logs/cka_strength_sweep/cifar10_cka_strength_20260724_145851/strength_1p0/seed_21
Command: /mnt/aiongpfs/users/dsen/micromamba/envs/cka-cifar/bin/python -m src.train --global-config configs/global_cifar10.yaml --config configs/cka_feddst_mnist.yaml --seed 21 --sparsity 0.95 --cka-strength 1 --log-dir results/logs/cka_strength_sweep/cifar10_cka_strength_20260724_145851/strength_1p0/seed_21 --checkpoint-dir results/checkpoints/cka_strength_sweep/cifar10_cka_strength_20260724_145851/strength_1p0/seed_21 --plot-dir results/plots/cka_strength_sweep/cifar10_cka_strength_20260724_145851
Final merged configuration:
alpha: 0.3
batch_size: 64
checkpoint_dir: results/checkpoints/cka_strength_sweep/cifar10_cka_strength_20260724_145851/strength_1p0/seed_21
cka_interval: 2
cka_layers:
- conv1
- conv2
- conv3
- fc1
cka_max_sparsity: 0.95
cka_min_sparsity: 0.5
cka_strength: 1.0
data_check: false
data_dir: data
dataset: cifar10
device: auto
dry_run: false
eval_interval: 1
experiment_config_path: configs/cka_feddst_mnist.yaml
global_config_path: configs/global_cifar10.yaml
local_epochs: 1
log_cka: false
log_dir: results/logs/cka_strength_sweep/cifar10_cka_strength_20260724_145851/strength_1p0/seed_21
lr: 0.01
mask_update_interval: 2
method: cka_feddst
model: cifar_cnn
num_clients: 5
num_workers: 2
output_dir: results
plot_dir: results/plots/cka_strength_sweep/cifar10_cka_strength_20260724_145851
prune_fraction: 0.2
reference_size: 500
regrowth_method: gradient
rounds: 20
save_checkpoint: false
seed: 21
sparsity: 0.95
sparsity_init: random
split_dir: null
Saved merged config to: results/logs/cka_strength_sweep/cifar10_cka_strength_20260724_145851/strength_1p0/seed_21/cka_feddst_cifar10_clients5_alpha0.3_sparsity0.95_cka1.0_seed21_20260724_151009_config.yaml
Client label distributions:
  client 00: n=10151, labels=[68, 0, 4345, 758, 1058, 713, 0, 122, 882, 2205]
  client 01: n=10420, labels=[957, 2155, 26, 376, 2359, 483, 4054, 4, 6, 0]
  client 02: n= 7384, labels=[1406, 266, 313, 764, 191, 13, 184, 2, 3127, 1118]
  client 03: n=13329, labels=[2519, 2506, 245, 1146, 1341, 359, 6, 3254, 563, 1390]
  client 04: n= 8216, labels=[0, 23, 21, 1906, 1, 3382, 706, 1568, 372, 237]

[Run 121/125] suite=cka_strength method=cka_feddst seed=100 sparsity=0.5 cka_strength=1
Output log dir: results/logs/cka_strength_sweep/cifar10_cka_strength_20260724_145851/strength_1p0/seed_100
Command: /mnt/aiongpfs/users/dsen/micromamba/envs/cka-cifar/bin/python -m src.train --global-config configs/global_cifar10.yaml --config configs/cka_feddst_mnist.yaml --seed 100 --sparsity 0.5 --cka-strength 1 --log-dir results/logs/cka_strength_sweep/cifar10_cka_strength_20260724_145851/strength_1p0/seed_100 --checkpoint-dir results/checkpoints/cka_strength_sweep/cifar10_cka_strength_20260724_145851/strength_1p0/seed_100 --plot-dir results/plots/cka_strength_sweep/cifar10_cka_strength_20260724_145851
Final merged configuration:
alpha: 0.3
batch_size: 64
checkpoint_dir: results/checkpoints/cka_strength_sweep/cifar10_cka_strength_20260724_145851/strength_1p0/seed_100
cka_interval: 2
cka_layers:
- conv1
- conv2
- conv3
- fc1
cka_max_sparsity: 0.95
cka_min_sparsity: 0.5
cka_strength: 1.0
data_check: false
data_dir: data
dataset: cifar10
device: auto
dry_run: false
eval_interval: 1
experiment_config_path: configs/cka_feddst_mnist.yaml
global_config_path: configs/global_cifar10.yaml
local_epochs: 1
log_cka: false
log_dir: results/logs/cka_strength_sweep/cifar10_cka_strength_20260724_145851/strength_1p0/seed_100
lr: 0.01
mask_update_interval: 2
method: cka_feddst
model: cifar_cnn
num_clients: 5
num_workers: 2
output_dir: results
plot_dir: results/plots/cka_strength_sweep/cifar10_cka_strength_20260724_145851
prune_fraction: 0.2
reference_size: 500
regrowth_method: gradient
rounds: 20
save_checkpoint: false
seed: 100
sparsity: 0.5
sparsity_init: random
split_dir: null
Saved merged config to: results/logs/cka_strength_sweep/cifar10_cka_strength_20260724_145851/strength_1p0/seed_100/cka_feddst_cifar10_clients5_alpha0.3_sparsity0.5_cka1.0_seed100_20260724_151014_config.yaml
Client label distributions:
  client 00: n= 6485, labels=[2604, 0, 589, 2, 2, 5, 173, 2831, 8, 271]
  client 01: n= 9836, labels=[30, 0, 237, 3053, 347, 2329, 15, 2008, 2, 1815]
  client 02: n= 9670, labels=[180, 2324, 0, 407, 463, 481, 1656, 64, 4094, 1]
  client 03: n= 6110, labels=[2074, 92, 1, 1395, 1095, 27, 832, 24, 30, 540]
  client 04: n=17399, labels=[62, 2534, 4123, 93, 3043, 2108, 2274, 23, 816, 2323]

[Run 122/125] suite=cka_strength method=cka_feddst seed=100 sparsity=0.7 cka_strength=1
Output log dir: results/logs/cka_strength_sweep/cifar10_cka_strength_20260724_145851/strength_1p0/seed_100
Command: /mnt/aiongpfs/users/dsen/micromamba/envs/cka-cifar/bin/python -m src.train --global-config configs/global_cifar10.yaml --config configs/cka_feddst_mnist.yaml --seed 100 --sparsity 0.7 --cka-strength 1 --log-dir results/logs/cka_strength_sweep/cifar10_cka_strength_20260724_145851/strength_1p0/seed_100 --checkpoint-dir results/checkpoints/cka_strength_sweep/cifar10_cka_strength_20260724_145851/strength_1p0/seed_100 --plot-dir results/plots/cka_strength_sweep/cifar10_cka_strength_20260724_145851
Final merged configuration:
alpha: 0.3
batch_size: 64
checkpoint_dir: results/checkpoints/cka_strength_sweep/cifar10_cka_strength_20260724_145851/strength_1p0/seed_100
cka_interval: 2
cka_layers:
- conv1
- conv2
- conv3
- fc1
cka_max_sparsity: 0.95
cka_min_sparsity: 0.5
cka_strength: 1.0
data_check: false
data_dir: data
dataset: cifar10
device: auto
dry_run: false
eval_interval: 1
experiment_config_path: configs/cka_feddst_mnist.yaml
global_config_path: configs/global_cifar10.yaml
local_epochs: 1
log_cka: false
log_dir: results/logs/cka_strength_sweep/cifar10_cka_strength_20260724_145851/strength_1p0/seed_100
lr: 0.01
mask_update_interval: 2
method: cka_feddst
model: cifar_cnn
num_clients: 5
num_workers: 2
output_dir: results
plot_dir: results/plots/cka_strength_sweep/cifar10_cka_strength_20260724_145851
prune_fraction: 0.2
reference_size: 500
regrowth_method: gradient
rounds: 20
save_checkpoint: false
seed: 100
sparsity: 0.7
sparsity_init: random
split_dir: null
Saved merged config to: results/logs/cka_strength_sweep/cifar10_cka_strength_20260724_145851/strength_1p0/seed_100/cka_feddst_cifar10_clients5_alpha0.3_sparsity0.7_cka1.0_seed100_20260724_151020_config.yaml
Client label distributions:
  client 00: n= 6485, labels=[2604, 0, 589, 2, 2, 5, 173, 2831, 8, 271]
  client 01: n= 9836, labels=[30, 0, 237, 3053, 347, 2329, 15, 2008, 2, 1815]
  client 02: n= 9670, labels=[180, 2324, 0, 407, 463, 481, 1656, 64, 4094, 1]
  client 03: n= 6110, labels=[2074, 92, 1, 1395, 1095, 27, 832, 24, 30, 540]
  client 04: n=17399, labels=[62, 2534, 4123, 93, 3043, 2108, 2274, 23, 816, 2323]

[Run 123/125] suite=cka_strength method=cka_feddst seed=100 sparsity=0.8 cka_strength=1
Output log dir: results/logs/cka_strength_sweep/cifar10_cka_strength_20260724_145851/strength_1p0/seed_100
Command: /mnt/aiongpfs/users/dsen/micromamba/envs/cka-cifar/bin/python -m src.train --global-config configs/global_cifar10.yaml --config configs/cka_feddst_mnist.yaml --seed 100 --sparsity 0.8 --cka-strength 1 --log-dir results/logs/cka_strength_sweep/cifar10_cka_strength_20260724_145851/strength_1p0/seed_100 --checkpoint-dir results/checkpoints/cka_strength_sweep/cifar10_cka_strength_20260724_145851/strength_1p0/seed_100 --plot-dir results/plots/cka_strength_sweep/cifar10_cka_strength_20260724_145851
Final merged configuration:
alpha: 0.3
batch_size: 64
checkpoint_dir: results/checkpoints/cka_strength_sweep/cifar10_cka_strength_20260724_145851/strength_1p0/seed_100
cka_interval: 2
cka_layers:
- conv1
- conv2
- conv3
- fc1
cka_max_sparsity: 0.95
cka_min_sparsity: 0.5
cka_strength: 1.0
data_check: false
data_dir: data
dataset: cifar10
device: auto
dry_run: false
eval_interval: 1
experiment_config_path: configs/cka_feddst_mnist.yaml
global_config_path: configs/global_cifar10.yaml
local_epochs: 1
log_cka: false
log_dir: results/logs/cka_strength_sweep/cifar10_cka_strength_20260724_145851/strength_1p0/seed_100
lr: 0.01
mask_update_interval: 2
method: cka_feddst
model: cifar_cnn
num_clients: 5
num_workers: 2
output_dir: results
plot_dir: results/plots/cka_strength_sweep/cifar10_cka_strength_20260724_145851
prune_fraction: 0.2
reference_size: 500
regrowth_method: gradient
rounds: 20
save_checkpoint: false
seed: 100
sparsity: 0.8
sparsity_init: random
split_dir: null
Saved merged config to: results/logs/cka_strength_sweep/cifar10_cka_strength_20260724_145851/strength_1p0/seed_100/cka_feddst_cifar10_clients5_alpha0.3_sparsity0.8_cka1.0_seed100_20260724_151026_config.yaml
Client label distributions:
  client 00: n= 6485, labels=[2604, 0, 589, 2, 2, 5, 173, 2831, 8, 271]
  client 01: n= 9836, labels=[30, 0, 237, 3053, 347, 2329, 15, 2008, 2, 1815]
  client 02: n= 9670, labels=[180, 2324, 0, 407, 463, 481, 1656, 64, 4094, 1]
  client 03: n= 6110, labels=[2074, 92, 1, 1395, 1095, 27, 832, 24, 30, 540]
  client 04: n=17399, labels=[62, 2534, 4123, 93, 3043, 2108, 2274, 23, 816, 2323]

[Run 124/125] suite=cka_strength method=cka_feddst seed=100 sparsity=0.9 cka_strength=1
Output log dir: results/logs/cka_strength_sweep/cifar10_cka_strength_20260724_145851/strength_1p0/seed_100
Command: /mnt/aiongpfs/users/dsen/micromamba/envs/cka-cifar/bin/python -m src.train --global-config configs/global_cifar10.yaml --config configs/cka_feddst_mnist.yaml --seed 100 --sparsity 0.9 --cka-strength 1 --log-dir results/logs/cka_strength_sweep/cifar10_cka_strength_20260724_145851/strength_1p0/seed_100 --checkpoint-dir results/checkpoints/cka_strength_sweep/cifar10_cka_strength_20260724_145851/strength_1p0/seed_100 --plot-dir results/plots/cka_strength_sweep/cifar10_cka_strength_20260724_145851
Final merged configuration:
alpha: 0.3
batch_size: 64
checkpoint_dir: results/checkpoints/cka_strength_sweep/cifar10_cka_strength_20260724_145851/strength_1p0/seed_100
cka_interval: 2
cka_layers:
- conv1
- conv2
- conv3
- fc1
cka_max_sparsity: 0.95
cka_min_sparsity: 0.5
cka_strength: 1.0
data_check: false
data_dir: data
dataset: cifar10
device: auto
dry_run: false
eval_interval: 1
experiment_config_path: configs/cka_feddst_mnist.yaml
global_config_path: configs/global_cifar10.yaml
local_epochs: 1
log_cka: false
log_dir: results/logs/cka_strength_sweep/cifar10_cka_strength_20260724_145851/strength_1p0/seed_100
lr: 0.01
mask_update_interval: 2
method: cka_feddst
model: cifar_cnn
num_clients: 5
num_workers: 2
output_dir: results
plot_dir: results/plots/cka_strength_sweep/cifar10_cka_strength_20260724_145851
prune_fraction: 0.2
reference_size: 500
regrowth_method: gradient
rounds: 20
save_checkpoint: false
seed: 100
sparsity: 0.9
sparsity_init: random
split_dir: null
Saved merged config to: results/logs/cka_strength_sweep/cifar10_cka_strength_20260724_145851/strength_1p0/seed_100/cka_feddst_cifar10_clients5_alpha0.3_sparsity0.9_cka1.0_seed100_20260724_151031_config.yaml
Client label distributions:
  client 00: n= 6485, labels=[2604, 0, 589, 2, 2, 5, 173, 2831, 8, 271]
  client 01: n= 9836, labels=[30, 0, 237, 3053, 347, 2329, 15, 2008, 2, 1815]
  client 02: n= 9670, labels=[180, 2324, 0, 407, 463, 481, 1656, 64, 4094, 1]
  client 03: n= 6110, labels=[2074, 92, 1, 1395, 1095, 27, 832, 24, 30, 540]
  client 04: n=17399, labels=[62, 2534, 4123, 93, 3043, 2108, 2274, 23, 816, 2323]

[Run 125/125] suite=cka_strength method=cka_feddst seed=100 sparsity=0.95 cka_strength=1
Output log dir: results/logs/cka_strength_sweep/cifar10_cka_strength_20260724_145851/strength_1p0/seed_100
Command: /mnt/aiongpfs/users/dsen/micromamba/envs/cka-cifar/bin/python -m src.train --global-config configs/global_cifar10.yaml --config configs/cka_feddst_mnist.yaml --seed 100 --sparsity 0.95 --cka-strength 1 --log-dir results/logs/cka_strength_sweep/cifar10_cka_strength_20260724_145851/strength_1p0/seed_100 --checkpoint-dir results/checkpoints/cka_strength_sweep/cifar10_cka_strength_20260724_145851/strength_1p0/seed_100 --plot-dir results/plots/cka_strength_sweep/cifar10_cka_strength_20260724_145851
Final merged configuration:
alpha: 0.3
batch_size: 64
checkpoint_dir: results/checkpoints/cka_strength_sweep/cifar10_cka_strength_20260724_145851/strength_1p0/seed_100
cka_interval: 2
cka_layers:
- conv1
- conv2
- conv3
- fc1
cka_max_sparsity: 0.95
cka_min_sparsity: 0.5
cka_strength: 1.0
data_check: false
data_dir: data
dataset: cifar10
device: auto
dry_run: false
eval_interval: 1
experiment_config_path: configs/cka_feddst_mnist.yaml
global_config_path: configs/global_cifar10.yaml
local_epochs: 1
log_cka: false
log_dir: results/logs/cka_strength_sweep/cifar10_cka_strength_20260724_145851/strength_1p0/seed_100
lr: 0.01
mask_update_interval: 2
method: cka_feddst
model: cifar_cnn
num_clients: 5
num_workers: 2
output_dir: results
plot_dir: results/plots/cka_strength_sweep/cifar10_cka_strength_20260724_145851
prune_fraction: 0.2
reference_size: 500
regrowth_method: gradient
rounds: 20
save_checkpoint: false
seed: 100
sparsity: 0.95
sparsity_init: random
split_dir: null
Saved merged config to: results/logs/cka_strength_sweep/cifar10_cka_strength_20260724_145851/strength_1p0/seed_100/cka_feddst_cifar10_clients5_alpha0.3_sparsity0.95_cka1.0_seed100_20260724_151037_config.yaml
Client label distributions:
  client 00: n= 6485, labels=[2604, 0, 589, 2, 2, 5, 173, 2831, 8, 271]
  client 01: n= 9836, labels=[30, 0, 237, 3053, 347, 2329, 15, 2008, 2, 1815]
  client 02: n= 9670, labels=[180, 2324, 0, 407, 463, 481, 1656, 64, 4094, 1]
  client 03: n= 6110, labels=[2074, 92, 1, 1395, 1095, 27, 832, 24, 30, 540]
  client 04: n=17399, labels=[62, 2534, 4123, 93, 3043, 2108, 2274, 23, 816, 2323]
Finished cka_strength: Fri Jul 24 15:10:41 UTC 2026
