Host: iris-176
Started: Sat Aug  1 15:15:02 UTC 2026
Python 3.11.15
Torch: 2.7.1+cu118
Torch file: /mnt/aiongpfs/users/dsen/micromamba/envs/cka-cifar/lib/python3.11/site-packages/torch/__init__.py
CUDA build: 11.8
CUDA: True
GPU: Tesla V100-SXM2-16GB
Suite: multiseed
Dataset: cifar10
Suite id: cifar10_multiseed_fixed_5605136
Planned runs: 80
Seeds: 7 13 21 42 100
Sparsities: 0.5 0.7 0.8 0.9 0.95

[Run 1/80] suite=multiseed method=fedavg seed=42 sparsity=dense cka_strength=yaml
Output log dir: results/logs/multiseed/cifar10_multiseed_fixed_5605136/seed_42
Command: /mnt/aiongpfs/users/dsen/micromamba/envs/cka-cifar/bin/python -m src.train --global-config configs/global_cifar10.yaml --config configs/fedavg_mnist.yaml --seed 42 --log-dir results/logs/multiseed/cifar10_multiseed_fixed_5605136/seed_42 --checkpoint-dir results/checkpoints/multiseed/cifar10_multiseed_fixed_5605136/seed_42 --plot-dir results/plots/multiseed/cifar10_multiseed_fixed_5605136
Final merged configuration:
alpha: 0.3
batch_size: 64
checkpoint_dir: results/checkpoints/multiseed/cifar10_multiseed_fixed_5605136/seed_42
cka_interval: 1
cka_layers:
- conv1
- conv2
- conv3
- fc1
cka_max_sparsity: 0.99
cka_min_sparsity: 0.0
cka_strength: 0.5
data_check: false
data_dir: data
dataset: cifar10
device: auto
disable_cudnn: true
dry_run: false
eval_interval: 1
experiment_config_path: configs/fedavg_mnist.yaml
global_config_path: configs/global_cifar10.yaml
local_epochs: 1
log_cka: false
log_dir: results/logs/multiseed/cifar10_multiseed_fixed_5605136/seed_42
lr: 0.01
mask_update_interval: 1
method: fedavg
model: cifar_cnn
num_clients: 5
num_workers: 2
output_dir: results
plot_dir: results/plots/multiseed/cifar10_multiseed_fixed_5605136
prune_fraction: 0.1
reference_size: 500
regrowth_method: gradient
rounds: 20
save_checkpoint: false
seed: 42
sparsity: 0.0
sparsity_init: random
split_dir: null
Saved merged config to: results/logs/multiseed/cifar10_multiseed_fixed_5605136/seed_42/fedavg_cifar10_clients5_alpha0.3_seed42_20260801_151512_config.yaml
cuDNN disabled for this run.
Client label distributions:
  client 00: n= 6173, labels=[449, 1577, 16, 53, 288, 1254, 18, 319, 1561, 638]
  client 01: n= 6712, labels=[388, 41, 1016, 674, 619, 293, 705, 1884, 2, 1090]
  client 02: n= 6610, labels=[14, 2050, 564, 1192, 934, 206, 33, 1318, 147, 152]
  client 03: n=12351, labels=[4094, 1282, 465, 1114, 4, 0, 3603, 1424, 313, 52]
  client 04: n=17654, labels=[5, 0, 2889, 1917, 3105, 3197, 591, 5, 2927, 3018]
Round 001 | train_loss=1.8662 | test_loss=2.2888 | test_acc=0.1539
Round 002 | train_loss=1.6997 | test_loss=2.1809 | test_acc=0.1883
Round 003 | train_loss=1.5963 | test_loss=2.0530 | test_acc=0.2174
Round 004 | train_loss=1.5353 | test_loss=2.0044 | test_acc=0.2446
Round 005 | train_loss=1.4904 | test_loss=1.9234 | test_acc=0.2847
Round 006 | train_loss=1.4431 | test_loss=1.8464 | test_acc=0.3137
Round 007 | train_loss=1.3971 | test_loss=1.8211 | test_acc=0.3152
Round 008 | train_loss=1.3521 | test_loss=1.7345 | test_acc=0.3472
Round 009 | train_loss=1.3060 | test_loss=1.7164 | test_acc=0.3487
Round 010 | train_loss=1.2694 | test_loss=1.6456 | test_acc=0.3730
Round 011 | train_loss=1.2409 | test_loss=1.6433 | test_acc=0.3756
Round 012 | train_loss=1.2162 | test_loss=1.5740 | test_acc=0.4115
Round 013 | train_loss=1.1903 | test_loss=1.5620 | test_acc=0.4069
Round 014 | train_loss=1.1736 | test_loss=1.5395 | test_acc=0.4201
Round 015 | train_loss=1.1532 | test_loss=1.5036 | test_acc=0.4304
Round 016 | train_loss=1.1368 | test_loss=1.5170 | test_acc=0.4319
Round 017 | train_loss=1.1249 | test_loss=1.4948 | test_acc=0.4344
Round 018 | train_loss=1.1150 | test_loss=1.4539 | test_acc=0.4522
Round 019 | train_loss=1.0964 | test_loss=1.4658 | test_acc=0.4442
Round 020 | train_loss=1.0866 | test_loss=1.4293 | test_acc=0.4678
Saved training log to: results/logs/multiseed/cifar10_multiseed_fixed_5605136/seed_42/fedavg_cifar10_clients5_alpha0.3_seed42_20260801_151512.csv

[Run 2/80] suite=multiseed method=sparse_fedavg seed=42 sparsity=0.5 cka_strength=yaml
Output log dir: results/logs/multiseed/cifar10_multiseed_fixed_5605136/seed_42
Command: /mnt/aiongpfs/users/dsen/micromamba/envs/cka-cifar/bin/python -m src.train --global-config configs/global_cifar10.yaml --config configs/sparse_fedavg_mnist.yaml --seed 42 --sparsity 0.5 --log-dir results/logs/multiseed/cifar10_multiseed_fixed_5605136/seed_42 --checkpoint-dir results/checkpoints/multiseed/cifar10_multiseed_fixed_5605136/seed_42 --plot-dir results/plots/multiseed/cifar10_multiseed_fixed_5605136
Final merged configuration:
alpha: 0.3
batch_size: 64
checkpoint_dir: results/checkpoints/multiseed/cifar10_multiseed_fixed_5605136/seed_42
cka_interval: 1
cka_layers:
- conv1
- conv2
- conv3
- fc1
cka_max_sparsity: 0.99
cka_min_sparsity: 0.0
cka_strength: 0.5
data_check: false
data_dir: data
dataset: cifar10
device: auto
disable_cudnn: true
dry_run: false
eval_interval: 1
experiment_config_path: configs/sparse_fedavg_mnist.yaml
global_config_path: configs/global_cifar10.yaml
local_epochs: 1
log_cka: false
log_dir: results/logs/multiseed/cifar10_multiseed_fixed_5605136/seed_42
lr: 0.01
mask_update_interval: 1
method: sparse_fedavg
model: cifar_cnn
num_clients: 5
num_workers: 2
output_dir: results
plot_dir: results/plots/multiseed/cifar10_multiseed_fixed_5605136
prune_fraction: 0.1
reference_size: 500
regrowth_method: gradient
rounds: 20
save_checkpoint: false
seed: 42
sparsity: 0.5
sparsity_init: random
split_dir: null
Saved merged config to: results/logs/multiseed/cifar10_multiseed_fixed_5605136/seed_42/sparse_fedavg_cifar10_clients5_alpha0.3_sparsity0.5_seed42_20260801_151810_config.yaml
cuDNN disabled for this run.
Client label distributions:
  client 00: n= 6173, labels=[449, 1577, 16, 53, 288, 1254, 18, 319, 1561, 638]
  client 01: n= 6712, labels=[388, 41, 1016, 674, 619, 293, 705, 1884, 2, 1090]
  client 02: n= 6610, labels=[14, 2050, 564, 1192, 934, 206, 33, 1318, 147, 152]
  client 03: n=12351, labels=[4094, 1282, 465, 1114, 4, 0, 3603, 1424, 313, 52]
  client 04: n=17654, labels=[5, 0, 2889, 1917, 3105, 3197, 591, 5, 2927, 3018]
Initial sparsity | total=0.5000 | active=309936/619872
Layer sparsity | conv1.weight:0.525463;conv2.weight:0.501519;conv3.weight:0.496962;fc1.weight:0.500244;fc2.weight:0.517969
Round 001 | train_loss=2.0918 | test_loss=2.2846 | test_acc=0.1524 | sparsity=0.5000
Round 002 | train_loss=1.8567 | test_loss=2.3623 | test_acc=0.1577 | sparsity=0.5000
Round 003 | train_loss=1.8055 | test_loss=2.4463 | test_acc=0.1642 | sparsity=0.5000
Round 004 | train_loss=1.7867 | test_loss=2.4401 | test_acc=0.1727 | sparsity=0.5000
Round 005 | train_loss=1.7727 | test_loss=2.4352 | test_acc=0.1856 | sparsity=0.5000
Round 006 | train_loss=1.7537 | test_loss=2.4349 | test_acc=0.1957 | sparsity=0.5000
Round 007 | train_loss=1.7378 | test_loss=2.4531 | test_acc=0.1968 | sparsity=0.5000
Round 008 | train_loss=1.7211 | test_loss=2.3922 | test_acc=0.1947 | sparsity=0.5000
Round 009 | train_loss=1.6992 | test_loss=2.3775 | test_acc=0.2303 | sparsity=0.5000
Round 010 | train_loss=1.6764 | test_loss=2.3403 | test_acc=0.2271 | sparsity=0.5000
Round 011 | train_loss=1.6502 | test_loss=2.2332 | test_acc=0.2355 | sparsity=0.5000
Round 012 | train_loss=1.6170 | test_loss=2.1682 | test_acc=0.2502 | sparsity=0.5000
Round 013 | train_loss=1.5785 | test_loss=2.1686 | test_acc=0.2501 | sparsity=0.5000
Round 014 | train_loss=1.5504 | test_loss=2.0902 | test_acc=0.2618 | sparsity=0.5000
Round 015 | train_loss=1.5246 | test_loss=2.1193 | test_acc=0.2570 | sparsity=0.5000
Round 016 | train_loss=1.5030 | test_loss=2.0758 | test_acc=0.2629 | sparsity=0.5000
Round 017 | train_loss=1.4806 | test_loss=2.0336 | test_acc=0.2750 | sparsity=0.5000
Round 018 | train_loss=1.4702 | test_loss=2.0055 | test_acc=0.2872 | sparsity=0.5000
Round 019 | train_loss=1.4502 | test_loss=1.9920 | test_acc=0.2899 | sparsity=0.5000
Round 020 | train_loss=1.4382 | test_loss=1.9961 | test_acc=0.2954 | sparsity=0.5000
Saved training log to: results/logs/multiseed/cifar10_multiseed_fixed_5605136/seed_42/sparse_fedavg_cifar10_clients5_alpha0.3_sparsity0.5_seed42_20260801_151810.csv

[Run 3/80] suite=multiseed method=feddst seed=42 sparsity=0.5 cka_strength=yaml
Output log dir: results/logs/multiseed/cifar10_multiseed_fixed_5605136/seed_42
Command: /mnt/aiongpfs/users/dsen/micromamba/envs/cka-cifar/bin/python -m src.train --global-config configs/global_cifar10.yaml --config configs/feddst_mnist.yaml --seed 42 --sparsity 0.5 --log-dir results/logs/multiseed/cifar10_multiseed_fixed_5605136/seed_42 --checkpoint-dir results/checkpoints/multiseed/cifar10_multiseed_fixed_5605136/seed_42 --plot-dir results/plots/multiseed/cifar10_multiseed_fixed_5605136
Final merged configuration:
alpha: 0.3
batch_size: 64
checkpoint_dir: results/checkpoints/multiseed/cifar10_multiseed_fixed_5605136/seed_42
cka_interval: 1
cka_layers:
- conv1
- conv2
- conv3
- fc1
cka_max_sparsity: 0.99
cka_min_sparsity: 0.0
cka_strength: 0.5
data_check: false
data_dir: data
dataset: cifar10
device: auto
disable_cudnn: true
dry_run: false
eval_interval: 1
experiment_config_path: configs/feddst_mnist.yaml
global_config_path: configs/global_cifar10.yaml
local_epochs: 1
log_cka: false
log_dir: results/logs/multiseed/cifar10_multiseed_fixed_5605136/seed_42
lr: 0.01
mask_update_interval: 2
method: feddst
model: cifar_cnn
num_clients: 5
num_workers: 2
output_dir: results
plot_dir: results/plots/multiseed/cifar10_multiseed_fixed_5605136
prune_fraction: 0.2
reference_size: 500
regrowth_method: gradient
rounds: 20
save_checkpoint: false
seed: 42
sparsity: 0.5
sparsity_init: random
split_dir: null
Saved merged config to: results/logs/multiseed/cifar10_multiseed_fixed_5605136/seed_42/feddst_cifar10_clients5_alpha0.3_sparsity0.5_seed42_20260801_152119_config.yaml
cuDNN disabled for this run.
Client label distributions:
  client 00: n= 6173, labels=[449, 1577, 16, 53, 288, 1254, 18, 319, 1561, 638]
  client 01: n= 6712, labels=[388, 41, 1016, 674, 619, 293, 705, 1884, 2, 1090]
  client 02: n= 6610, labels=[14, 2050, 564, 1192, 934, 206, 33, 1318, 147, 152]
  client 03: n=12351, labels=[4094, 1282, 465, 1114, 4, 0, 3603, 1424, 313, 52]
  client 04: n=17654, labels=[5, 0, 2889, 1917, 3105, 3197, 591, 5, 2927, 3018]
Initial sparsity | total=0.5000 | active=309936/619872
Layer sparsity | conv1.weight:0.525463;conv2.weight:0.501519;conv3.weight:0.496962;fc1.weight:0.500244;fc2.weight:0.517969
Round 001 | train_loss=2.0918 | test_loss=2.2846 | test_acc=0.1524 | sparsity=0.5000 | pruned=0 | regrown=0 | mask_changes=0
Round 002 | train_loss=1.8567 | test_loss=2.3521 | test_acc=0.1577 | sparsity=0.5000 | pruned=61988 | regrown=61988 | mask_changes=123976
Round 003 | train_loss=1.8052 | test_loss=2.4406 | test_acc=0.1590 | sparsity=0.5000 | pruned=0 | regrown=0 | mask_changes=0
Round 004 | train_loss=1.7869 | test_loss=2.3880 | test_acc=0.1745 | sparsity=0.5000 | pruned=61988 | regrown=61988 | mask_changes=123976
Round 005 | train_loss=1.7767 | test_loss=2.4311 | test_acc=0.1800 | sparsity=0.5000 | pruned=0 | regrown=0 | mask_changes=0
Round 006 | train_loss=1.7566 | test_loss=2.4422 | test_acc=0.1909 | sparsity=0.5000 | pruned=61988 | regrown=61988 | mask_changes=123976
Round 007 | train_loss=1.7524 | test_loss=2.4022 | test_acc=0.1925 | sparsity=0.5000 | pruned=0 | regrown=0 | mask_changes=0
Round 008 | train_loss=1.7330 | test_loss=2.4176 | test_acc=0.1940 | sparsity=0.5000 | pruned=61988 | regrown=61988 | mask_changes=123976
Round 009 | train_loss=1.7138 | test_loss=2.4061 | test_acc=0.2238 | sparsity=0.5000 | pruned=0 | regrown=0 | mask_changes=0
Round 010 | train_loss=1.6910 | test_loss=2.4191 | test_acc=0.2161 | sparsity=0.5000 | pruned=61988 | regrown=61988 | mask_changes=123976
Round 011 | train_loss=1.6883 | test_loss=2.2453 | test_acc=0.2243 | sparsity=0.5000 | pruned=0 | regrown=0 | mask_changes=0
Round 012 | train_loss=1.6496 | test_loss=2.2595 | test_acc=0.2331 | sparsity=0.5000 | pruned=61988 | regrown=61988 | mask_changes=123976
Round 013 | train_loss=1.6100 | test_loss=2.2158 | test_acc=0.2443 | sparsity=0.5000 | pruned=0 | regrown=0 | mask_changes=0
Round 014 | train_loss=1.5708 | test_loss=2.1645 | test_acc=0.2537 | sparsity=0.5000 | pruned=61988 | regrown=61988 | mask_changes=123976
Round 015 | train_loss=1.5630 | test_loss=2.0935 | test_acc=0.2521 | sparsity=0.5000 | pruned=0 | regrown=0 | mask_changes=0
Round 016 | train_loss=1.5234 | test_loss=2.0661 | test_acc=0.2580 | sparsity=0.5000 | pruned=61988 | regrown=61988 | mask_changes=123976
Round 017 | train_loss=1.4933 | test_loss=2.0434 | test_acc=0.2691 | sparsity=0.5000 | pruned=0 | regrown=0 | mask_changes=0
Round 018 | train_loss=1.4756 | test_loss=2.0233 | test_acc=0.2769 | sparsity=0.5000 | pruned=61988 | regrown=61988 | mask_changes=123976
Round 019 | train_loss=1.4679 | test_loss=1.9705 | test_acc=0.2852 | sparsity=0.5000 | pruned=0 | regrown=0 | mask_changes=0
Round 020 | train_loss=1.4459 | test_loss=1.9669 | test_acc=0.2873 | sparsity=0.5000 | pruned=61988 | regrown=61988 | mask_changes=123976
Saved training log to: results/logs/multiseed/cifar10_multiseed_fixed_5605136/seed_42/feddst_cifar10_clients5_alpha0.3_sparsity0.5_seed42_20260801_152119.csv

[Run 4/80] suite=multiseed method=cka_feddst seed=42 sparsity=0.5 cka_strength=yaml
Output log dir: results/logs/multiseed/cifar10_multiseed_fixed_5605136/seed_42
Command: /mnt/aiongpfs/users/dsen/micromamba/envs/cka-cifar/bin/python -m src.train --global-config configs/global_cifar10.yaml --config configs/cka_feddst_mnist.yaml --seed 42 --sparsity 0.5 --log-dir results/logs/multiseed/cifar10_multiseed_fixed_5605136/seed_42 --checkpoint-dir results/checkpoints/multiseed/cifar10_multiseed_fixed_5605136/seed_42 --plot-dir results/plots/multiseed/cifar10_multiseed_fixed_5605136
Final merged configuration:
alpha: 0.3
batch_size: 64
checkpoint_dir: results/checkpoints/multiseed/cifar10_multiseed_fixed_5605136/seed_42
cka_interval: 2
cka_layers:
- conv1
- conv2
- conv3
- fc1
cka_max_sparsity: 0.95
cka_min_sparsity: 0.5
cka_strength: 0.2
data_check: false
data_dir: data
dataset: cifar10
device: auto
disable_cudnn: true
dry_run: false
eval_interval: 1
experiment_config_path: configs/cka_feddst_mnist.yaml
global_config_path: configs/global_cifar10.yaml
local_epochs: 1
log_cka: false
log_dir: results/logs/multiseed/cifar10_multiseed_fixed_5605136/seed_42
lr: 0.01
mask_update_interval: 2
method: cka_feddst
model: cifar_cnn
num_clients: 5
num_workers: 2
output_dir: results
plot_dir: results/plots/multiseed/cifar10_multiseed_fixed_5605136
prune_fraction: 0.2
reference_size: 500
regrowth_method: gradient
rounds: 20
save_checkpoint: false
seed: 42
sparsity: 0.5
sparsity_init: random
split_dir: null
Saved merged config to: results/logs/multiseed/cifar10_multiseed_fixed_5605136/seed_42/cka_feddst_cifar10_clients5_alpha0.3_sparsity0.5_cka0.2_seed42_20260801_152543_config.yaml
cuDNN disabled for this run.
Client label distributions:
  client 00: n= 6173, labels=[449, 1577, 16, 53, 288, 1254, 18, 319, 1561, 638]
  client 01: n= 6712, labels=[388, 41, 1016, 674, 619, 293, 705, 1884, 2, 1090]
  client 02: n= 6610, labels=[14, 2050, 564, 1192, 934, 206, 33, 1318, 147, 152]
  client 03: n=12351, labels=[4094, 1282, 465, 1114, 4, 0, 3603, 1424, 313, 52]
  client 04: n=17654, labels=[5, 0, 2889, 1917, 3105, 3197, 591, 5, 2927, 3018]
Initial sparsity | total=0.5000 | active=309936/619872
Layer sparsity | conv1.weight:0.525463;conv2.weight:0.501519;conv3.weight:0.496962;fc1.weight:0.500244;fc2.weight:0.517969
Round 001 | train_loss=2.0918 | test_loss=2.2846 | test_acc=0.1524 | sparsity=0.5000 | cka=0 | targets=
Round 002 | train_loss=1.8567 | test_loss=2.3521 | test_acc=0.1577 | sparsity=0.5001 | cka=1 | targets=conv1.weight:0.500000;conv2.weight:0.500000;conv3.weight:0.500000;fc1.weight:0.500000
Round 003 | train_loss=1.8052 | test_loss=2.4403 | test_acc=0.1591 | sparsity=0.5001 | cka=0 | targets=conv1.weight:0.500000;conv2.weight:0.500000;conv3.weight:0.500000;fc1.weight:0.500000
Round 004 | train_loss=1.7868 | test_loss=2.3911 | test_acc=0.1754 | sparsity=0.5001 | cka=1 | targets=conv1.weight:0.500000;conv2.weight:0.500000;conv3.weight:0.500000;fc1.weight:0.500000
Round 005 | train_loss=1.7760 | test_loss=2.4274 | test_acc=0.1820 | sparsity=0.5001 | cka=0 | targets=conv1.weight:0.500000;conv2.weight:0.500000;conv3.weight:0.500000;fc1.weight:0.500000
Round 006 | train_loss=1.7556 | test_loss=2.4417 | test_acc=0.1920 | sparsity=0.5001 | cka=1 | targets=conv1.weight:0.500000;conv2.weight:0.500000;conv3.weight:0.500000;fc1.weight:0.500000
Round 007 | train_loss=1.7513 | test_loss=2.4010 | test_acc=0.1929 | sparsity=0.5001 | cka=0 | targets=conv1.weight:0.500000;conv2.weight:0.500000;conv3.weight:0.500000;fc1.weight:0.500000
Round 008 | train_loss=1.7316 | test_loss=2.4184 | test_acc=0.1941 | sparsity=0.5001 | cka=1 | targets=conv1.weight:0.500000;conv2.weight:0.500000;conv3.weight:0.500000;fc1.weight:0.500000
Round 009 | train_loss=1.7120 | test_loss=2.3988 | test_acc=0.2239 | sparsity=0.5001 | cka=0 | targets=conv1.weight:0.500000;conv2.weight:0.500000;conv3.weight:0.500000;fc1.weight:0.500000
Round 010 | train_loss=1.6881 | test_loss=2.4113 | test_acc=0.2196 | sparsity=0.5001 | cka=1 | targets=conv1.weight:0.500000;conv2.weight:0.500000;conv3.weight:0.500000;fc1.weight:0.500000
Round 011 | train_loss=1.6841 | test_loss=2.2289 | test_acc=0.2264 | sparsity=0.5001 | cka=0 | targets=conv1.weight:0.500000;conv2.weight:0.500000;conv3.weight:0.500000;fc1.weight:0.500000
Round 012 | train_loss=1.6421 | test_loss=2.2394 | test_acc=0.2371 | sparsity=0.5001 | cka=1 | targets=conv1.weight:0.500000;conv2.weight:0.500000;conv3.weight:0.500000;fc1.weight:0.500000
Round 013 | train_loss=1.5998 | test_loss=2.2038 | test_acc=0.2445 | sparsity=0.5001 | cka=0 | targets=conv1.weight:0.500000;conv2.weight:0.500000;conv3.weight:0.500000;fc1.weight:0.500000
Round 014 | train_loss=1.5611 | test_loss=2.1487 | test_acc=0.2551 | sparsity=0.5001 | cka=1 | targets=conv1.weight:0.500000;conv2.weight:0.500000;conv3.weight:0.500000;fc1.weight:0.500000
Round 015 | train_loss=1.5521 | test_loss=2.0823 | test_acc=0.2549 | sparsity=0.5001 | cka=0 | targets=conv1.weight:0.500000;conv2.weight:0.500000;conv3.weight:0.500000;fc1.weight:0.500000
Round 016 | train_loss=1.5137 | test_loss=2.0607 | test_acc=0.2598 | sparsity=0.5001 | cka=1 | targets=conv1.weight:0.500000;conv2.weight:0.500000;conv3.weight:0.500000;fc1.weight:0.500000
Round 017 | train_loss=1.4840 | test_loss=2.0316 | test_acc=0.2719 | sparsity=0.5001 | cka=0 | targets=conv1.weight:0.500000;conv2.weight:0.500000;conv3.weight:0.500000;fc1.weight:0.500000
Round 018 | train_loss=1.4657 | test_loss=2.0151 | test_acc=0.2787 | sparsity=0.5001 | cka=1 | targets=conv1.weight:0.500000;conv2.weight:0.500000;conv3.weight:0.500000;fc1.weight:0.500000
Round 019 | train_loss=1.4561 | test_loss=1.9594 | test_acc=0.2882 | sparsity=0.5001 | cka=0 | targets=conv1.weight:0.500000;conv2.weight:0.500000;conv3.weight:0.500000;fc1.weight:0.500000
Round 020 | train_loss=1.4340 | test_loss=1.9596 | test_acc=0.2913 | sparsity=0.5001 | cka=1 | targets=conv1.weight:0.500000;conv2.weight:0.500000;conv3.weight:0.500000;fc1.weight:0.500000
Saved training log to: results/logs/multiseed/cifar10_multiseed_fixed_5605136/seed_42/cka_feddst_cifar10_clients5_alpha0.3_sparsity0.5_cka0.2_seed42_20260801_152543.csv
Saved CKA log to: results/logs/multiseed/cifar10_multiseed_fixed_5605136/seed_42/cka_feddst_cifar10_clients5_alpha0.3_sparsity0.5_cka0.2_seed42_20260801_152543_cka.csv

[Run 5/80] suite=multiseed method=sparse_fedavg seed=42 sparsity=0.7 cka_strength=yaml
Output log dir: results/logs/multiseed/cifar10_multiseed_fixed_5605136/seed_42
Command: /mnt/aiongpfs/users/dsen/micromamba/envs/cka-cifar/bin/python -m src.train --global-config configs/global_cifar10.yaml --config configs/sparse_fedavg_mnist.yaml --seed 42 --sparsity 0.7 --log-dir results/logs/multiseed/cifar10_multiseed_fixed_5605136/seed_42 --checkpoint-dir results/checkpoints/multiseed/cifar10_multiseed_fixed_5605136/seed_42 --plot-dir results/plots/multiseed/cifar10_multiseed_fixed_5605136
Final merged configuration:
alpha: 0.3
batch_size: 64
checkpoint_dir: results/checkpoints/multiseed/cifar10_multiseed_fixed_5605136/seed_42
cka_interval: 1
cka_layers:
- conv1
- conv2
- conv3
- fc1
cka_max_sparsity: 0.99
cka_min_sparsity: 0.0
cka_strength: 0.5
data_check: false
data_dir: data
dataset: cifar10
device: auto
disable_cudnn: true
dry_run: false
eval_interval: 1
experiment_config_path: configs/sparse_fedavg_mnist.yaml
global_config_path: configs/global_cifar10.yaml
local_epochs: 1
log_cka: false
log_dir: results/logs/multiseed/cifar10_multiseed_fixed_5605136/seed_42
lr: 0.01
mask_update_interval: 1
method: sparse_fedavg
model: cifar_cnn
num_clients: 5
num_workers: 2
output_dir: results
plot_dir: results/plots/multiseed/cifar10_multiseed_fixed_5605136
prune_fraction: 0.1
reference_size: 500
regrowth_method: gradient
rounds: 20
save_checkpoint: false
seed: 42
sparsity: 0.7
sparsity_init: random
split_dir: null
Saved merged config to: results/logs/multiseed/cifar10_multiseed_fixed_5605136/seed_42/sparse_fedavg_cifar10_clients5_alpha0.3_sparsity0.7_seed42_20260801_153051_config.yaml
cuDNN disabled for this run.
Client label distributions:
  client 00: n= 6173, labels=[449, 1577, 16, 53, 288, 1254, 18, 319, 1561, 638]
  client 01: n= 6712, labels=[388, 41, 1016, 674, 619, 293, 705, 1884, 2, 1090]
  client 02: n= 6610, labels=[14, 2050, 564, 1192, 934, 206, 33, 1318, 147, 152]
  client 03: n=12351, labels=[4094, 1282, 465, 1114, 4, 0, 3603, 1424, 313, 52]
  client 04: n=17654, labels=[5, 0, 2889, 1917, 3105, 3197, 591, 5, 2927, 3018]
Initial sparsity | total=0.7000 | active=185962/619872
Layer sparsity | conv1.weight:0.722222;conv2.weight:0.700955;conv3.weight:0.698893;fc1.weight:0.700014;fc2.weight:0.714453
Round 001 | train_loss=2.2264 | test_loss=2.3020 | test_acc=0.1002 | sparsity=0.7000
Round 002 | train_loss=2.1997 | test_loss=2.2982 | test_acc=0.1314 | sparsity=0.7000
Round 003 | train_loss=2.0740 | test_loss=2.2918 | test_acc=0.1405 | sparsity=0.7000
Round 004 | train_loss=1.9068 | test_loss=2.3108 | test_acc=0.1481 | sparsity=0.7000
Round 005 | train_loss=1.8281 | test_loss=2.4016 | test_acc=0.1547 | sparsity=0.7000
Round 006 | train_loss=1.8003 | test_loss=2.4513 | test_acc=0.1628 | sparsity=0.7000
Round 007 | train_loss=1.7867 | test_loss=2.5126 | test_acc=0.1636 | sparsity=0.7000
Round 008 | train_loss=1.7794 | test_loss=2.4851 | test_acc=0.1681 | sparsity=0.7000
Round 009 | train_loss=1.7686 | test_loss=2.4874 | test_acc=0.1866 | sparsity=0.7000
Round 010 | train_loss=1.7600 | test_loss=2.4901 | test_acc=0.1834 | sparsity=0.7000
Round 011 | train_loss=1.7524 | test_loss=2.4571 | test_acc=0.1887 | sparsity=0.7000
Round 012 | train_loss=1.7440 | test_loss=2.4370 | test_acc=0.1931 | sparsity=0.7000
Round 013 | train_loss=1.7317 | test_loss=2.4528 | test_acc=0.2032 | sparsity=0.7000
Round 014 | train_loss=1.7231 | test_loss=2.4329 | test_acc=0.2147 | sparsity=0.7000
Round 015 | train_loss=1.7134 | test_loss=2.4938 | test_acc=0.2097 | sparsity=0.7000
Round 016 | train_loss=1.7007 | test_loss=2.4326 | test_acc=0.2045 | sparsity=0.7000
Round 017 | train_loss=1.6859 | test_loss=2.4290 | test_acc=0.2208 | sparsity=0.7000
Round 018 | train_loss=1.6755 | test_loss=2.3889 | test_acc=0.2260 | sparsity=0.7000
Round 019 | train_loss=1.6533 | test_loss=2.3560 | test_acc=0.2351 | sparsity=0.7000
Round 020 | train_loss=1.6323 | test_loss=2.2889 | test_acc=0.2390 | sparsity=0.7000
Saved training log to: results/logs/multiseed/cifar10_multiseed_fixed_5605136/seed_42/sparse_fedavg_cifar10_clients5_alpha0.3_sparsity0.7_seed42_20260801_153051.csv

[Run 6/80] suite=multiseed method=feddst seed=42 sparsity=0.7 cka_strength=yaml
Output log dir: results/logs/multiseed/cifar10_multiseed_fixed_5605136/seed_42
Command: /mnt/aiongpfs/users/dsen/micromamba/envs/cka-cifar/bin/python -m src.train --global-config configs/global_cifar10.yaml --config configs/feddst_mnist.yaml --seed 42 --sparsity 0.7 --log-dir results/logs/multiseed/cifar10_multiseed_fixed_5605136/seed_42 --checkpoint-dir results/checkpoints/multiseed/cifar10_multiseed_fixed_5605136/seed_42 --plot-dir results/plots/multiseed/cifar10_multiseed_fixed_5605136
Final merged configuration:
alpha: 0.3
batch_size: 64
checkpoint_dir: results/checkpoints/multiseed/cifar10_multiseed_fixed_5605136/seed_42
cka_interval: 1
cka_layers:
- conv1
- conv2
- conv3
- fc1
cka_max_sparsity: 0.99
cka_min_sparsity: 0.0
cka_strength: 0.5
data_check: false
data_dir: data
dataset: cifar10
device: auto
disable_cudnn: true
dry_run: false
eval_interval: 1
experiment_config_path: configs/feddst_mnist.yaml
global_config_path: configs/global_cifar10.yaml
local_epochs: 1
log_cka: false
log_dir: results/logs/multiseed/cifar10_multiseed_fixed_5605136/seed_42
lr: 0.01
mask_update_interval: 2
method: feddst
model: cifar_cnn
num_clients: 5
num_workers: 2
output_dir: results
plot_dir: results/plots/multiseed/cifar10_multiseed_fixed_5605136
prune_fraction: 0.2
reference_size: 500
regrowth_method: gradient
rounds: 20
save_checkpoint: false
seed: 42
sparsity: 0.7
sparsity_init: random
split_dir: null
Saved merged config to: results/logs/multiseed/cifar10_multiseed_fixed_5605136/seed_42/feddst_cifar10_clients5_alpha0.3_sparsity0.7_seed42_20260801_153407_config.yaml
cuDNN disabled for this run.
Client label distributions:
  client 00: n= 6173, labels=[449, 1577, 16, 53, 288, 1254, 18, 319, 1561, 638]
  client 01: n= 6712, labels=[388, 41, 1016, 674, 619, 293, 705, 1884, 2, 1090]
  client 02: n= 6610, labels=[14, 2050, 564, 1192, 934, 206, 33, 1318, 147, 152]
  client 03: n=12351, labels=[4094, 1282, 465, 1114, 4, 0, 3603, 1424, 313, 52]
  client 04: n=17654, labels=[5, 0, 2889, 1917, 3105, 3197, 591, 5, 2927, 3018]
Initial sparsity | total=0.7000 | active=185962/619872
Layer sparsity | conv1.weight:0.722222;conv2.weight:0.700955;conv3.weight:0.698893;fc1.weight:0.700014;fc2.weight:0.714453
Round 001 | train_loss=2.2264 | test_loss=2.3020 | test_acc=0.1002 | sparsity=0.7000 | pruned=0 | regrown=0 | mask_changes=0
Round 002 | train_loss=2.1997 | test_loss=2.2987 | test_acc=0.1323 | sparsity=0.7000 | pruned=37192 | regrown=37192 | mask_changes=74384
Round 003 | train_loss=1.9839 | test_loss=2.3021 | test_acc=0.1570 | sparsity=0.7000 | pruned=0 | regrown=0 | mask_changes=0
Round 004 | train_loss=1.8290 | test_loss=2.2868 | test_acc=0.1490 | sparsity=0.7000 | pruned=37192 | regrown=37192 | mask_changes=74384
Round 005 | train_loss=1.8325 | test_loss=2.3681 | test_acc=0.1571 | sparsity=0.7000 | pruned=0 | regrown=0 | mask_changes=0
Round 006 | train_loss=1.7913 | test_loss=2.3842 | test_acc=0.1674 | sparsity=0.7000 | pruned=37192 | regrown=37192 | mask_changes=74384
Round 007 | train_loss=1.7824 | test_loss=2.4614 | test_acc=0.1599 | sparsity=0.7000 | pruned=0 | regrown=0 | mask_changes=0
Round 008 | train_loss=1.7725 | test_loss=2.4377 | test_acc=0.1664 | sparsity=0.7000 | pruned=37192 | regrown=37192 | mask_changes=74384
Round 009 | train_loss=1.7644 | test_loss=2.4315 | test_acc=0.1869 | sparsity=0.7000 | pruned=0 | regrown=0 | mask_changes=0
Round 010 | train_loss=1.7529 | test_loss=2.4786 | test_acc=0.1760 | sparsity=0.7000 | pruned=37192 | regrown=37192 | mask_changes=74384
Round 011 | train_loss=1.7507 | test_loss=2.3850 | test_acc=0.1841 | sparsity=0.7000 | pruned=0 | regrown=0 | mask_changes=0
Round 012 | train_loss=1.7370 | test_loss=2.4359 | test_acc=0.1838 | sparsity=0.7000 | pruned=37192 | regrown=37192 | mask_changes=74384
Round 013 | train_loss=1.7273 | test_loss=2.4013 | test_acc=0.2065 | sparsity=0.7000 | pruned=0 | regrown=0 | mask_changes=0
Round 014 | train_loss=1.7154 | test_loss=2.4125 | test_acc=0.2052 | sparsity=0.7000 | pruned=37192 | regrown=37192 | mask_changes=74384
Round 015 | train_loss=1.7133 | test_loss=2.3856 | test_acc=0.2080 | sparsity=0.7000 | pruned=0 | regrown=0 | mask_changes=0
Round 016 | train_loss=1.6923 | test_loss=2.3765 | test_acc=0.2067 | sparsity=0.7000 | pruned=37192 | regrown=37192 | mask_changes=74384
Round 017 | train_loss=1.6767 | test_loss=2.3539 | test_acc=0.2170 | sparsity=0.7000 | pruned=0 | regrown=0 | mask_changes=0
Round 018 | train_loss=1.6493 | test_loss=2.3155 | test_acc=0.2239 | sparsity=0.7000 | pruned=37192 | regrown=37192 | mask_changes=74384
Round 019 | train_loss=1.6299 | test_loss=2.2009 | test_acc=0.2324 | sparsity=0.7000 | pruned=0 | regrown=0 | mask_changes=0
Round 020 | train_loss=1.5965 | test_loss=2.2508 | test_acc=0.2261 | sparsity=0.7000 | pruned=37192 | regrown=37192 | mask_changes=74384
Saved training log to: results/logs/multiseed/cifar10_multiseed_fixed_5605136/seed_42/feddst_cifar10_clients5_alpha0.3_sparsity0.7_seed42_20260801_153407.csv

[Run 7/80] suite=multiseed method=cka_feddst seed=42 sparsity=0.7 cka_strength=yaml
Output log dir: results/logs/multiseed/cifar10_multiseed_fixed_5605136/seed_42
Command: /mnt/aiongpfs/users/dsen/micromamba/envs/cka-cifar/bin/python -m src.train --global-config configs/global_cifar10.yaml --config configs/cka_feddst_mnist.yaml --seed 42 --sparsity 0.7 --log-dir results/logs/multiseed/cifar10_multiseed_fixed_5605136/seed_42 --checkpoint-dir results/checkpoints/multiseed/cifar10_multiseed_fixed_5605136/seed_42 --plot-dir results/plots/multiseed/cifar10_multiseed_fixed_5605136
Final merged configuration:
alpha: 0.3
batch_size: 64
checkpoint_dir: results/checkpoints/multiseed/cifar10_multiseed_fixed_5605136/seed_42
cka_interval: 2
cka_layers:
- conv1
- conv2
- conv3
- fc1
cka_max_sparsity: 0.95
cka_min_sparsity: 0.5
cka_strength: 0.2
data_check: false
data_dir: data
dataset: cifar10
device: auto
disable_cudnn: true
dry_run: false
eval_interval: 1
experiment_config_path: configs/cka_feddst_mnist.yaml
global_config_path: configs/global_cifar10.yaml
local_epochs: 1
log_cka: false
log_dir: results/logs/multiseed/cifar10_multiseed_fixed_5605136/seed_42
lr: 0.01
mask_update_interval: 2
method: cka_feddst
model: cifar_cnn
num_clients: 5
num_workers: 2
output_dir: results
plot_dir: results/plots/multiseed/cifar10_multiseed_fixed_5605136
prune_fraction: 0.2
reference_size: 500
regrowth_method: gradient
rounds: 20
save_checkpoint: false
seed: 42
sparsity: 0.7
sparsity_init: random
split_dir: null
Saved merged config to: results/logs/multiseed/cifar10_multiseed_fixed_5605136/seed_42/cka_feddst_cifar10_clients5_alpha0.3_sparsity0.7_cka0.2_seed42_20260801_153839_config.yaml
cuDNN disabled for this run.
Client label distributions:
  client 00: n= 6173, labels=[449, 1577, 16, 53, 288, 1254, 18, 319, 1561, 638]
  client 01: n= 6712, labels=[388, 41, 1016, 674, 619, 293, 705, 1884, 2, 1090]
  client 02: n= 6610, labels=[14, 2050, 564, 1192, 934, 206, 33, 1318, 147, 152]
  client 03: n=12351, labels=[4094, 1282, 465, 1114, 4, 0, 3603, 1424, 313, 52]
  client 04: n=17654, labels=[5, 0, 2889, 1917, 3105, 3197, 591, 5, 2927, 3018]
Initial sparsity | total=0.7000 | active=185962/619872
Layer sparsity | conv1.weight:0.722222;conv2.weight:0.700955;conv3.weight:0.698893;fc1.weight:0.700014;fc2.weight:0.714453
Round 001 | train_loss=2.2264 | test_loss=2.3020 | test_acc=0.1002 | sparsity=0.7000 | cka=0 | targets=
Round 002 | train_loss=2.1997 | test_loss=2.2987 | test_acc=0.1323 | sparsity=0.7001 | cka=1 | targets=conv1.weight:0.697917;conv2.weight:0.698730;conv3.weight:0.698947;fc1.weight:0.700195
Round 003 | train_loss=1.9836 | test_loss=2.3018 | test_acc=0.1567 | sparsity=0.7001 | cka=0 | targets=conv1.weight:0.697917;conv2.weight:0.698730;conv3.weight:0.698947;fc1.weight:0.700195
Round 004 | train_loss=1.8288 | test_loss=2.2867 | test_acc=0.1500 | sparsity=0.7001 | cka=1 | targets=conv1.weight:0.700231;conv2.weight:0.699653;conv3.weight:0.699666;fc1.weight:0.700058
Round 005 | train_loss=1.8316 | test_loss=2.3714 | test_acc=0.1574 | sparsity=0.7001 | cka=0 | targets=conv1.weight:0.700231;conv2.weight:0.699653;conv3.weight:0.699666;fc1.weight:0.700058
Round 006 | train_loss=1.7909 | test_loss=2.3914 | test_acc=0.1688 | sparsity=0.7001 | cka=1 | targets=conv1.weight:0.699074;conv2.weight:0.699544;conv3.weight:0.699571;fc1.weight:0.700077
Round 007 | train_loss=1.7822 | test_loss=2.4671 | test_acc=0.1588 | sparsity=0.7001 | cka=0 | targets=conv1.weight:0.699074;conv2.weight:0.699544;conv3.weight:0.699571;fc1.weight:0.700077
Round 008 | train_loss=1.7719 | test_loss=2.4473 | test_acc=0.1675 | sparsity=0.7001 | cka=1 | targets=conv1.weight:0.699074;conv2.weight:0.699219;conv3.weight:0.699246;fc1.weight:0.700134
Round 009 | train_loss=1.7643 | test_loss=2.4296 | test_acc=0.1881 | sparsity=0.7001 | cka=0 | targets=conv1.weight:0.699074;conv2.weight:0.699219;conv3.weight:0.699246;fc1.weight:0.700134
Round 010 | train_loss=1.7526 | test_loss=2.4769 | test_acc=0.1787 | sparsity=0.7001 | cka=1 | targets=conv1.weight:0.699074;conv2.weight:0.699327;conv3.weight:0.699314;fc1.weight:0.700121
Round 011 | train_loss=1.7501 | test_loss=2.3842 | test_acc=0.1836 | sparsity=0.7001 | cka=0 | targets=conv1.weight:0.699074;conv2.weight:0.699327;conv3.weight:0.699314;fc1.weight:0.700121
Round 012 | train_loss=1.7360 | test_loss=2.4343 | test_acc=0.1858 | sparsity=0.7001 | cka=1 | targets=conv1.weight:0.699074;conv2.weight:0.699327;conv3.weight:0.699327;fc1.weight:0.700119
Round 013 | train_loss=1.7263 | test_loss=2.4049 | test_acc=0.2063 | sparsity=0.7001 | cka=0 | targets=conv1.weight:0.699074;conv2.weight:0.699327;conv3.weight:0.699327;fc1.weight:0.700119
Round 014 | train_loss=1.7143 | test_loss=2.4084 | test_acc=0.2058 | sparsity=0.7001 | cka=1 | targets=conv1.weight:0.699074;conv2.weight:0.699382;conv3.weight:0.699368;fc1.weight:0.700111
Round 015 | train_loss=1.7098 | test_loss=2.3835 | test_acc=0.2073 | sparsity=0.7001 | cka=0 | targets=conv1.weight:0.699074;conv2.weight:0.699382;conv3.weight:0.699368;fc1.weight:0.700111
Round 016 | train_loss=1.6846 | test_loss=2.3623 | test_acc=0.2105 | sparsity=0.7001 | cka=1 | targets=conv1.weight:0.699074;conv2.weight:0.698785;conv3.weight:0.699083;fc1.weight:0.700172
Round 017 | train_loss=1.6629 | test_loss=2.3387 | test_acc=0.2239 | sparsity=0.7001 | cka=0 | targets=conv1.weight:0.699074;conv2.weight:0.698785;conv3.weight:0.699083;fc1.weight:0.700172
Round 018 | train_loss=1.6292 | test_loss=2.2678 | test_acc=0.2295 | sparsity=0.7001 | cka=1 | targets=conv1.weight:0.699074;conv2.weight:0.698947;conv3.weight:0.699124;fc1.weight:0.700161
Round 019 | train_loss=1.6059 | test_loss=2.1916 | test_acc=0.2328 | sparsity=0.7001 | cka=0 | targets=conv1.weight:0.699074;conv2.weight:0.698947;conv3.weight:0.699124;fc1.weight:0.700161
Round 020 | train_loss=1.5806 | test_loss=2.1938 | test_acc=0.2337 | sparsity=0.7001 | cka=1 | targets=conv1.weight:0.697917;conv2.weight:0.698730;conv3.weight:0.698798;fc1.weight:0.700216
Saved training log to: results/logs/multiseed/cifar10_multiseed_fixed_5605136/seed_42/cka_feddst_cifar10_clients5_alpha0.3_sparsity0.7_cka0.2_seed42_20260801_153839.csv
Saved CKA log to: results/logs/multiseed/cifar10_multiseed_fixed_5605136/seed_42/cka_feddst_cifar10_clients5_alpha0.3_sparsity0.7_cka0.2_seed42_20260801_153839_cka.csv

[Run 8/80] suite=multiseed method=sparse_fedavg seed=42 sparsity=0.8 cka_strength=yaml
Output log dir: results/logs/multiseed/cifar10_multiseed_fixed_5605136/seed_42
Command: /mnt/aiongpfs/users/dsen/micromamba/envs/cka-cifar/bin/python -m src.train --global-config configs/global_cifar10.yaml --config configs/sparse_fedavg_mnist.yaml --seed 42 --sparsity 0.8 --log-dir results/logs/multiseed/cifar10_multiseed_fixed_5605136/seed_42 --checkpoint-dir results/checkpoints/multiseed/cifar10_multiseed_fixed_5605136/seed_42 --plot-dir results/plots/multiseed/cifar10_multiseed_fixed_5605136
Final merged configuration:
alpha: 0.3
batch_size: 64
checkpoint_dir: results/checkpoints/multiseed/cifar10_multiseed_fixed_5605136/seed_42
cka_interval: 1
cka_layers:
- conv1
- conv2
- conv3
- fc1
cka_max_sparsity: 0.99
cka_min_sparsity: 0.0
cka_strength: 0.5
data_check: false
data_dir: data
dataset: cifar10
device: auto
disable_cudnn: true
dry_run: false
eval_interval: 1
experiment_config_path: configs/sparse_fedavg_mnist.yaml
global_config_path: configs/global_cifar10.yaml
local_epochs: 1
log_cka: false
log_dir: results/logs/multiseed/cifar10_multiseed_fixed_5605136/seed_42
lr: 0.01
mask_update_interval: 1
method: sparse_fedavg
model: cifar_cnn
num_clients: 5
num_workers: 2
output_dir: results
plot_dir: results/plots/multiseed/cifar10_multiseed_fixed_5605136
prune_fraction: 0.1
reference_size: 500
regrowth_method: gradient
rounds: 20
save_checkpoint: false
seed: 42
sparsity: 0.8
sparsity_init: random
split_dir: null
Saved merged config to: results/logs/multiseed/cifar10_multiseed_fixed_5605136/seed_42/sparse_fedavg_cifar10_clients5_alpha0.3_sparsity0.8_seed42_20260801_154342_config.yaml
cuDNN disabled for this run.
Client label distributions:
  client 00: n= 6173, labels=[449, 1577, 16, 53, 288, 1254, 18, 319, 1561, 638]
  client 01: n= 6712, labels=[388, 41, 1016, 674, 619, 293, 705, 1884, 2, 1090]
  client 02: n= 6610, labels=[14, 2050, 564, 1192, 934, 206, 33, 1318, 147, 152]
  client 03: n=12351, labels=[4094, 1282, 465, 1114, 4, 0, 3603, 1424, 313, 52]
  client 04: n=17654, labels=[5, 0, 2889, 1917, 3105, 3197, 591, 5, 2927, 3018]
Initial sparsity | total=0.8000 | active=123974/619872
Layer sparsity | conv1.weight:0.818287;conv2.weight:0.798177;conv3.weight:0.798815;fc1.weight:0.800186;fc2.weight:0.803125
Round 001 | train_loss=2.2321 | test_loss=2.3030 | test_acc=0.1000 | sparsity=0.8000
Round 002 | train_loss=2.2317 | test_loss=2.3035 | test_acc=0.1000 | sparsity=0.8000
Round 003 | train_loss=2.2316 | test_loss=2.3044 | test_acc=0.1000 | sparsity=0.8000
Round 004 | train_loss=2.2310 | test_loss=2.3052 | test_acc=0.1182 | sparsity=0.8000
Round 005 | train_loss=2.2288 | test_loss=2.3058 | test_acc=0.1318 | sparsity=0.8000
Round 006 | train_loss=2.2210 | test_loss=2.3053 | test_acc=0.1290 | sparsity=0.8000
Round 007 | train_loss=2.1912 | test_loss=2.3018 | test_acc=0.1527 | sparsity=0.8000
Round 008 | train_loss=2.1216 | test_loss=2.2951 | test_acc=0.1381 | sparsity=0.8000
Round 009 | train_loss=1.9956 | test_loss=2.2819 | test_acc=0.1613 | sparsity=0.8000
Round 010 | train_loss=1.8797 | test_loss=2.3174 | test_acc=0.1575 | sparsity=0.8000
Round 011 | train_loss=1.8253 | test_loss=2.3717 | test_acc=0.1655 | sparsity=0.8000
Round 012 | train_loss=1.8015 | test_loss=2.4033 | test_acc=0.1688 | sparsity=0.8000
Round 013 | train_loss=1.7853 | test_loss=2.4257 | test_acc=0.1770 | sparsity=0.8000
Round 014 | train_loss=1.7754 | test_loss=2.4383 | test_acc=0.1846 | sparsity=0.8000
Round 015 | train_loss=1.7686 | test_loss=2.4978 | test_acc=0.1801 | sparsity=0.8000
Round 016 | train_loss=1.7612 | test_loss=2.4758 | test_acc=0.1818 | sparsity=0.8000
Round 017 | train_loss=1.7534 | test_loss=2.4806 | test_acc=0.1890 | sparsity=0.8000
Round 018 | train_loss=1.7497 | test_loss=2.4608 | test_acc=0.1880 | sparsity=0.8000
Round 019 | train_loss=1.7426 | test_loss=2.4753 | test_acc=0.1909 | sparsity=0.8000
Round 020 | train_loss=1.7347 | test_loss=2.4474 | test_acc=0.1988 | sparsity=0.8000
Saved training log to: results/logs/multiseed/cifar10_multiseed_fixed_5605136/seed_42/sparse_fedavg_cifar10_clients5_alpha0.3_sparsity0.8_seed42_20260801_154342.csv

[Run 9/80] suite=multiseed method=feddst seed=42 sparsity=0.8 cka_strength=yaml
Output log dir: results/logs/multiseed/cifar10_multiseed_fixed_5605136/seed_42
Command: /mnt/aiongpfs/users/dsen/micromamba/envs/cka-cifar/bin/python -m src.train --global-config configs/global_cifar10.yaml --config configs/feddst_mnist.yaml --seed 42 --sparsity 0.8 --log-dir results/logs/multiseed/cifar10_multiseed_fixed_5605136/seed_42 --checkpoint-dir results/checkpoints/multiseed/cifar10_multiseed_fixed_5605136/seed_42 --plot-dir results/plots/multiseed/cifar10_multiseed_fixed_5605136
Final merged configuration:
alpha: 0.3
batch_size: 64
checkpoint_dir: results/checkpoints/multiseed/cifar10_multiseed_fixed_5605136/seed_42
cka_interval: 1
cka_layers:
- conv1
- conv2
- conv3
- fc1
cka_max_sparsity: 0.99
cka_min_sparsity: 0.0
cka_strength: 0.5
data_check: false
data_dir: data
dataset: cifar10
device: auto
disable_cudnn: true
dry_run: false
eval_interval: 1
experiment_config_path: configs/feddst_mnist.yaml
global_config_path: configs/global_cifar10.yaml
local_epochs: 1
log_cka: false
log_dir: results/logs/multiseed/cifar10_multiseed_fixed_5605136/seed_42
lr: 0.01
mask_update_interval: 2
method: feddst
model: cifar_cnn
num_clients: 5
num_workers: 2
output_dir: results
plot_dir: results/plots/multiseed/cifar10_multiseed_fixed_5605136
prune_fraction: 0.2
reference_size: 500
regrowth_method: gradient
rounds: 20
save_checkpoint: false
seed: 42
sparsity: 0.8
sparsity_init: random
split_dir: null
Saved merged config to: results/logs/multiseed/cifar10_multiseed_fixed_5605136/seed_42/feddst_cifar10_clients5_alpha0.3_sparsity0.8_seed42_20260801_154658_config.yaml
cuDNN disabled for this run.
Client label distributions:
  client 00: n= 6173, labels=[449, 1577, 16, 53, 288, 1254, 18, 319, 1561, 638]
  client 01: n= 6712, labels=[388, 41, 1016, 674, 619, 293, 705, 1884, 2, 1090]
  client 02: n= 6610, labels=[14, 2050, 564, 1192, 934, 206, 33, 1318, 147, 152]
  client 03: n=12351, labels=[4094, 1282, 465, 1114, 4, 0, 3603, 1424, 313, 52]
  client 04: n=17654, labels=[5, 0, 2889, 1917, 3105, 3197, 591, 5, 2927, 3018]
Initial sparsity | total=0.8000 | active=123974/619872
Layer sparsity | conv1.weight:0.818287;conv2.weight:0.798177;conv3.weight:0.798815;fc1.weight:0.800186;fc2.weight:0.803125
Round 001 | train_loss=2.2321 | test_loss=2.3030 | test_acc=0.1000 | sparsity=0.8000 | pruned=0 | regrown=0 | mask_changes=0
Round 002 | train_loss=2.2317 | test_loss=2.3036 | test_acc=0.1000 | sparsity=0.8000 | pruned=24795 | regrown=24795 | mask_changes=49590
Round 003 | train_loss=2.2149 | test_loss=2.3025 | test_acc=0.1161 | sparsity=0.8000 | pruned=0 | regrown=0 | mask_changes=0
Round 004 | train_loss=2.0791 | test_loss=2.3014 | test_acc=0.1625 | sparsity=0.8000 | pruned=24795 | regrown=24795 | mask_changes=49590
Round 005 | train_loss=1.9365 | test_loss=2.3192 | test_acc=0.1488 | sparsity=0.8000 | pruned=0 | regrown=0 | mask_changes=0
Round 006 | train_loss=1.8187 | test_loss=2.3855 | test_acc=0.1630 | sparsity=0.8000 | pruned=24795 | regrown=24795 | mask_changes=49590
Round 007 | train_loss=1.7996 | test_loss=2.4590 | test_acc=0.1539 | sparsity=0.8000 | pruned=0 | regrown=0 | mask_changes=0
Round 008 | train_loss=1.7884 | test_loss=2.4304 | test_acc=0.1608 | sparsity=0.8000 | pruned=24795 | regrown=24795 | mask_changes=49590
Round 009 | train_loss=1.7813 | test_loss=2.4208 | test_acc=0.1788 | sparsity=0.8000 | pruned=0 | regrown=0 | mask_changes=0
Round 010 | train_loss=1.7703 | test_loss=2.4414 | test_acc=0.1730 | sparsity=0.8000 | pruned=24795 | regrown=24795 | mask_changes=49590
Round 011 | train_loss=1.7675 | test_loss=2.4004 | test_acc=0.1854 | sparsity=0.8000 | pruned=0 | regrown=0 | mask_changes=0
Round 012 | train_loss=1.7564 | test_loss=2.3790 | test_acc=0.1837 | sparsity=0.8000 | pruned=24795 | regrown=24795 | mask_changes=49590
Round 013 | train_loss=1.7480 | test_loss=2.3994 | test_acc=0.1943 | sparsity=0.8000 | pruned=0 | regrown=0 | mask_changes=0
Round 014 | train_loss=1.7391 | test_loss=2.3896 | test_acc=0.2003 | sparsity=0.8000 | pruned=24795 | regrown=24795 | mask_changes=49590
Round 015 | train_loss=1.7384 | test_loss=2.4207 | test_acc=0.1969 | sparsity=0.8000 | pruned=0 | regrown=0 | mask_changes=0
Round 016 | train_loss=1.7256 | test_loss=2.3743 | test_acc=0.2039 | sparsity=0.8000 | pruned=24795 | regrown=24795 | mask_changes=49590
Round 017 | train_loss=1.7203 | test_loss=2.4010 | test_acc=0.2049 | sparsity=0.8000 | pruned=0 | regrown=0 | mask_changes=0
Round 018 | train_loss=1.7122 | test_loss=2.3989 | test_acc=0.2061 | sparsity=0.8000 | pruned=24795 | regrown=24795 | mask_changes=49590
Round 019 | train_loss=1.7109 | test_loss=2.3755 | test_acc=0.2076 | sparsity=0.8000 | pruned=0 | regrown=0 | mask_changes=0
Round 020 | train_loss=1.6976 | test_loss=2.3182 | test_acc=0.2149 | sparsity=0.8000 | pruned=24795 | regrown=24795 | mask_changes=49590
Saved training log to: results/logs/multiseed/cifar10_multiseed_fixed_5605136/seed_42/feddst_cifar10_clients5_alpha0.3_sparsity0.8_seed42_20260801_154658.csv

[Run 10/80] suite=multiseed method=cka_feddst seed=42 sparsity=0.8 cka_strength=yaml
Output log dir: results/logs/multiseed/cifar10_multiseed_fixed_5605136/seed_42
Command: /mnt/aiongpfs/users/dsen/micromamba/envs/cka-cifar/bin/python -m src.train --global-config configs/global_cifar10.yaml --config configs/cka_feddst_mnist.yaml --seed 42 --sparsity 0.8 --log-dir results/logs/multiseed/cifar10_multiseed_fixed_5605136/seed_42 --checkpoint-dir results/checkpoints/multiseed/cifar10_multiseed_fixed_5605136/seed_42 --plot-dir results/plots/multiseed/cifar10_multiseed_fixed_5605136
Final merged configuration:
alpha: 0.3
batch_size: 64
checkpoint_dir: results/checkpoints/multiseed/cifar10_multiseed_fixed_5605136/seed_42
cka_interval: 2
cka_layers:
- conv1
- conv2
- conv3
- fc1
cka_max_sparsity: 0.95
cka_min_sparsity: 0.5
cka_strength: 0.2
data_check: false
data_dir: data
dataset: cifar10
device: auto
disable_cudnn: true
dry_run: false
eval_interval: 1
experiment_config_path: configs/cka_feddst_mnist.yaml
global_config_path: configs/global_cifar10.yaml
local_epochs: 1
log_cka: false
log_dir: results/logs/multiseed/cifar10_multiseed_fixed_5605136/seed_42
lr: 0.01
mask_update_interval: 2
method: cka_feddst
model: cifar_cnn
num_clients: 5
num_workers: 2
output_dir: results
plot_dir: results/plots/multiseed/cifar10_multiseed_fixed_5605136
prune_fraction: 0.2
reference_size: 500
regrowth_method: gradient
rounds: 20
save_checkpoint: false
seed: 42
sparsity: 0.8
sparsity_init: random
split_dir: null
Saved merged config to: results/logs/multiseed/cifar10_multiseed_fixed_5605136/seed_42/cka_feddst_cifar10_clients5_alpha0.3_sparsity0.8_cka0.2_seed42_20260801_155131_config.yaml
cuDNN disabled for this run.
Client label distributions:
  client 00: n= 6173, labels=[449, 1577, 16, 53, 288, 1254, 18, 319, 1561, 638]
  client 01: n= 6712, labels=[388, 41, 1016, 674, 619, 293, 705, 1884, 2, 1090]
  client 02: n= 6610, labels=[14, 2050, 564, 1192, 934, 206, 33, 1318, 147, 152]
  client 03: n=12351, labels=[4094, 1282, 465, 1114, 4, 0, 3603, 1424, 313, 52]
  client 04: n=17654, labels=[5, 0, 2889, 1917, 3105, 3197, 591, 5, 2927, 3018]
Initial sparsity | total=0.8000 | active=123974/619872
Layer sparsity | conv1.weight:0.818287;conv2.weight:0.798177;conv3.weight:0.798815;fc1.weight:0.800186;fc2.weight:0.803125
Round 001 | train_loss=2.2321 | test_loss=2.3030 | test_acc=0.1000 | sparsity=0.8000 | cka=0 | targets=
Round 002 | train_loss=2.2317 | test_loss=2.3036 | test_acc=0.1000 | sparsity=0.8000 | cka=1 | targets=conv1.weight:0.799769;conv2.weight:0.799533;conv3.weight:0.799533;fc1.weight:0.800083
Round 003 | train_loss=2.2150 | test_loss=2.3025 | test_acc=0.1160 | sparsity=0.8000 | cka=0 | targets=conv1.weight:0.799769;conv2.weight:0.799533;conv3.weight:0.799533;fc1.weight:0.800083
Round 004 | train_loss=2.0794 | test_loss=2.3014 | test_acc=0.1629 | sparsity=0.8000 | cka=1 | targets=conv1.weight:0.799769;conv2.weight:0.799859;conv3.weight:0.799886;fc1.weight:0.800022
Round 005 | train_loss=1.9366 | test_loss=2.3193 | test_acc=0.1494 | sparsity=0.8000 | cka=0 | targets=conv1.weight:0.799769;conv2.weight:0.799859;conv3.weight:0.799886;fc1.weight:0.800022
Round 006 | train_loss=1.8184 | test_loss=2.3834 | test_acc=0.1634 | sparsity=0.8000 | cka=1 | targets=conv1.weight:0.799769;conv2.weight:0.799859;conv3.weight:0.799845;fc1.weight:0.800028
Round 007 | train_loss=1.7992 | test_loss=2.4591 | test_acc=0.1546 | sparsity=0.8000 | cka=0 | targets=conv1.weight:0.799769;conv2.weight:0.799859;conv3.weight:0.799845;fc1.weight:0.800028
Round 008 | train_loss=1.7877 | test_loss=2.4243 | test_acc=0.1624 | sparsity=0.8000 | cka=1 | targets=conv1.weight:0.799769;conv2.weight:0.799750;conv3.weight:0.799723;fc1.weight:0.800049
Round 009 | train_loss=1.7807 | test_loss=2.4231 | test_acc=0.1797 | sparsity=0.8000 | cka=0 | targets=conv1.weight:0.799769;conv2.weight:0.799750;conv3.weight:0.799723;fc1.weight:0.800049
Round 010 | train_loss=1.7697 | test_loss=2.4444 | test_acc=0.1737 | sparsity=0.8000 | cka=1 | targets=conv1.weight:0.799769;conv2.weight:0.799533;conv3.weight:0.799520;fc1.weight:0.800085
Round 011 | train_loss=1.7668 | test_loss=2.3980 | test_acc=0.1870 | sparsity=0.8000 | cka=0 | targets=conv1.weight:0.799769;conv2.weight:0.799533;conv3.weight:0.799520;fc1.weight:0.800085
Round 012 | train_loss=1.7552 | test_loss=2.3811 | test_acc=0.1865 | sparsity=0.8000 | cka=1 | targets=conv1.weight:0.799769;conv2.weight:0.799425;conv3.weight:0.799411;fc1.weight:0.800104
Round 013 | train_loss=1.7471 | test_loss=2.3993 | test_acc=0.1953 | sparsity=0.8000 | cka=0 | targets=conv1.weight:0.799769;conv2.weight:0.799425;conv3.weight:0.799411;fc1.weight:0.800104
Round 014 | train_loss=1.7381 | test_loss=2.3877 | test_acc=0.1992 | sparsity=0.8000 | cka=1 | targets=conv1.weight:0.799769;conv2.weight:0.799262;conv3.weight:0.799289;fc1.weight:0.800127
Round 015 | train_loss=1.7373 | test_loss=2.4202 | test_acc=0.1981 | sparsity=0.8000 | cka=0 | targets=conv1.weight:0.799769;conv2.weight:0.799262;conv3.weight:0.799289;fc1.weight:0.800127
Round 016 | train_loss=1.7243 | test_loss=2.3696 | test_acc=0.2026 | sparsity=0.8000 | cka=1 | targets=conv1.weight:0.799769;conv2.weight:0.799208;conv3.weight:0.799194;fc1.weight:0.800142
Round 017 | train_loss=1.7188 | test_loss=2.4042 | test_acc=0.2043 | sparsity=0.8000 | cka=0 | targets=conv1.weight:0.799769;conv2.weight:0.799208;conv3.weight:0.799194;fc1.weight:0.800142
Round 018 | train_loss=1.7103 | test_loss=2.3885 | test_acc=0.2075 | sparsity=0.8000 | cka=1 | targets=conv1.weight:0.799769;conv2.weight:0.799316;conv3.weight:0.799316;fc1.weight:0.800121
Round 019 | train_loss=1.7093 | test_loss=2.3763 | test_acc=0.2087 | sparsity=0.8000 | cka=0 | targets=conv1.weight:0.799769;conv2.weight:0.799316;conv3.weight:0.799316;fc1.weight:0.800121
Round 020 | train_loss=1.6952 | test_loss=2.3013 | test_acc=0.2161 | sparsity=0.8000 | cka=1 | targets=conv1.weight:0.799769;conv2.weight:0.799316;conv3.weight:0.799330;fc1.weight:0.800119
Saved training log to: results/logs/multiseed/cifar10_multiseed_fixed_5605136/seed_42/cka_feddst_cifar10_clients5_alpha0.3_sparsity0.8_cka0.2_seed42_20260801_155131.csv
Saved CKA log to: results/logs/multiseed/cifar10_multiseed_fixed_5605136/seed_42/cka_feddst_cifar10_clients5_alpha0.3_sparsity0.8_cka0.2_seed42_20260801_155131_cka.csv

[Run 11/80] suite=multiseed method=sparse_fedavg seed=42 sparsity=0.9 cka_strength=yaml
Output log dir: results/logs/multiseed/cifar10_multiseed_fixed_5605136/seed_42
Command: /mnt/aiongpfs/users/dsen/micromamba/envs/cka-cifar/bin/python -m src.train --global-config configs/global_cifar10.yaml --config configs/sparse_fedavg_mnist.yaml --seed 42 --sparsity 0.9 --log-dir results/logs/multiseed/cifar10_multiseed_fixed_5605136/seed_42 --checkpoint-dir results/checkpoints/multiseed/cifar10_multiseed_fixed_5605136/seed_42 --plot-dir results/plots/multiseed/cifar10_multiseed_fixed_5605136
Final merged configuration:
alpha: 0.3
batch_size: 64
checkpoint_dir: results/checkpoints/multiseed/cifar10_multiseed_fixed_5605136/seed_42
cka_interval: 1
cka_layers:
- conv1
- conv2
- conv3
- fc1
cka_max_sparsity: 0.99
cka_min_sparsity: 0.0
cka_strength: 0.5
data_check: false
data_dir: data
dataset: cifar10
device: auto
disable_cudnn: true
dry_run: false
eval_interval: 1
experiment_config_path: configs/sparse_fedavg_mnist.yaml
global_config_path: configs/global_cifar10.yaml
local_epochs: 1
log_cka: false
log_dir: results/logs/multiseed/cifar10_multiseed_fixed_5605136/seed_42
lr: 0.01
mask_update_interval: 1
method: sparse_fedavg
model: cifar_cnn
num_clients: 5
num_workers: 2
output_dir: results
plot_dir: results/plots/multiseed/cifar10_multiseed_fixed_5605136
prune_fraction: 0.1
reference_size: 500
regrowth_method: gradient
rounds: 20
save_checkpoint: false
seed: 42
sparsity: 0.9
sparsity_init: random
split_dir: null
Saved merged config to: results/logs/multiseed/cifar10_multiseed_fixed_5605136/seed_42/sparse_fedavg_cifar10_clients5_alpha0.3_sparsity0.9_seed42_20260801_155636_config.yaml
cuDNN disabled for this run.
Client label distributions:
  client 00: n= 6173, labels=[449, 1577, 16, 53, 288, 1254, 18, 319, 1561, 638]
  client 01: n= 6712, labels=[388, 41, 1016, 674, 619, 293, 705, 1884, 2, 1090]
  client 02: n= 6610, labels=[14, 2050, 564, 1192, 934, 206, 33, 1318, 147, 152]
  client 03: n=12351, labels=[4094, 1282, 465, 1114, 4, 0, 3603, 1424, 313, 52]
  client 04: n=17654, labels=[5, 0, 2889, 1917, 3105, 3197, 591, 5, 2927, 3018]
Initial sparsity | total=0.9000 | active=61987/619872
Layer sparsity | conv1.weight:0.895833;conv2.weight:0.898872;conv3.weight:0.897461;fc1.weight:0.900391;fc2.weight:0.902734
Round 001 | train_loss=2.2342 | test_loss=2.3031 | test_acc=0.1000 | sparsity=0.9000
Round 002 | train_loss=2.2346 | test_loss=2.3037 | test_acc=0.1000 | sparsity=0.9000
Round 003 | train_loss=2.2356 | test_loss=2.3046 | test_acc=0.1000 | sparsity=0.9000
Round 004 | train_loss=2.2367 | test_loss=2.3057 | test_acc=0.1000 | sparsity=0.9000
Round 005 | train_loss=2.2379 | test_loss=2.3069 | test_acc=0.1000 | sparsity=0.9000
Round 006 | train_loss=2.2390 | test_loss=2.3080 | test_acc=0.0999 | sparsity=0.9000
Round 007 | train_loss=2.2401 | test_loss=2.3090 | test_acc=0.1000 | sparsity=0.9000
Round 008 | train_loss=2.2411 | test_loss=2.3100 | test_acc=0.1000 | sparsity=0.9000
Round 009 | train_loss=2.2419 | test_loss=2.3109 | test_acc=0.1000 | sparsity=0.9000
Round 010 | train_loss=2.2427 | test_loss=2.3117 | test_acc=0.1000 | sparsity=0.9000
Round 011 | train_loss=2.2433 | test_loss=2.3124 | test_acc=0.1000 | sparsity=0.9000
Round 012 | train_loss=2.2438 | test_loss=2.3130 | test_acc=0.1000 | sparsity=0.9000
Round 013 | train_loss=2.2443 | test_loss=2.3136 | test_acc=0.1000 | sparsity=0.9000
Round 014 | train_loss=2.2446 | test_loss=2.3141 | test_acc=0.1000 | sparsity=0.9000
Round 015 | train_loss=2.2449 | test_loss=2.3145 | test_acc=0.1000 | sparsity=0.9000
Round 016 | train_loss=2.2450 | test_loss=2.3149 | test_acc=0.1000 | sparsity=0.9000
Round 017 | train_loss=2.2451 | test_loss=2.3152 | test_acc=0.1000 | sparsity=0.9000
Round 018 | train_loss=2.2451 | test_loss=2.3155 | test_acc=0.1000 | sparsity=0.9000
Round 019 | train_loss=2.2451 | test_loss=2.3158 | test_acc=0.1000 | sparsity=0.9000
Round 020 | train_loss=2.2449 | test_loss=2.3160 | test_acc=0.1000 | sparsity=0.9000
Saved training log to: results/logs/multiseed/cifar10_multiseed_fixed_5605136/seed_42/sparse_fedavg_cifar10_clients5_alpha0.3_sparsity0.9_seed42_20260801_155636.csv

[Run 12/80] suite=multiseed method=feddst seed=42 sparsity=0.9 cka_strength=yaml
Output log dir: results/logs/multiseed/cifar10_multiseed_fixed_5605136/seed_42
Command: /mnt/aiongpfs/users/dsen/micromamba/envs/cka-cifar/bin/python -m src.train --global-config configs/global_cifar10.yaml --config configs/feddst_mnist.yaml --seed 42 --sparsity 0.9 --log-dir results/logs/multiseed/cifar10_multiseed_fixed_5605136/seed_42 --checkpoint-dir results/checkpoints/multiseed/cifar10_multiseed_fixed_5605136/seed_42 --plot-dir results/plots/multiseed/cifar10_multiseed_fixed_5605136
Final merged configuration:
alpha: 0.3
batch_size: 64
checkpoint_dir: results/checkpoints/multiseed/cifar10_multiseed_fixed_5605136/seed_42
cka_interval: 1
cka_layers:
- conv1
- conv2
- conv3
- fc1
cka_max_sparsity: 0.99
cka_min_sparsity: 0.0
cka_strength: 0.5
data_check: false
data_dir: data
dataset: cifar10
device: auto
disable_cudnn: true
dry_run: false
eval_interval: 1
experiment_config_path: configs/feddst_mnist.yaml
global_config_path: configs/global_cifar10.yaml
local_epochs: 1
log_cka: false
log_dir: results/logs/multiseed/cifar10_multiseed_fixed_5605136/seed_42
lr: 0.01
mask_update_interval: 2
method: feddst
model: cifar_cnn
num_clients: 5
num_workers: 2
output_dir: results
plot_dir: results/plots/multiseed/cifar10_multiseed_fixed_5605136
prune_fraction: 0.2
reference_size: 500
regrowth_method: gradient
rounds: 20
save_checkpoint: false
seed: 42
sparsity: 0.9
sparsity_init: random
split_dir: null
Saved merged config to: results/logs/multiseed/cifar10_multiseed_fixed_5605136/seed_42/feddst_cifar10_clients5_alpha0.3_sparsity0.9_seed42_20260801_155951_config.yaml
cuDNN disabled for this run.
Client label distributions:
  client 00: n= 6173, labels=[449, 1577, 16, 53, 288, 1254, 18, 319, 1561, 638]
  client 01: n= 6712, labels=[388, 41, 1016, 674, 619, 293, 705, 1884, 2, 1090]
  client 02: n= 6610, labels=[14, 2050, 564, 1192, 934, 206, 33, 1318, 147, 152]
  client 03: n=12351, labels=[4094, 1282, 465, 1114, 4, 0, 3603, 1424, 313, 52]
  client 04: n=17654, labels=[5, 0, 2889, 1917, 3105, 3197, 591, 5, 2927, 3018]
Initial sparsity | total=0.9000 | active=61987/619872
Layer sparsity | conv1.weight:0.895833;conv2.weight:0.898872;conv3.weight:0.897461;fc1.weight:0.900391;fc2.weight:0.902734
Round 001 | train_loss=2.2342 | test_loss=2.3031 | test_acc=0.1000 | sparsity=0.9000 | pruned=0 | regrown=0 | mask_changes=0
Round 002 | train_loss=2.2346 | test_loss=2.3037 | test_acc=0.1000 | sparsity=0.9000 | pruned=12398 | regrown=12398 | mask_changes=24796
Round 003 | train_loss=2.2348 | test_loss=2.3047 | test_acc=0.1000 | sparsity=0.9000 | pruned=0 | regrown=0 | mask_changes=0
Round 004 | train_loss=2.2355 | test_loss=2.3057 | test_acc=0.1000 | sparsity=0.9000 | pruned=12398 | regrown=12398 | mask_changes=24796
Round 005 | train_loss=2.2372 | test_loss=2.3069 | test_acc=0.1000 | sparsity=0.9000 | pruned=0 | regrown=0 | mask_changes=0
Round 006 | train_loss=2.2382 | test_loss=2.3080 | test_acc=0.1055 | sparsity=0.9000 | pruned=12398 | regrown=12398 | mask_changes=24796
Round 007 | train_loss=2.2383 | test_loss=2.3091 | test_acc=0.1000 | sparsity=0.9000 | pruned=0 | regrown=0 | mask_changes=0
Round 008 | train_loss=2.2384 | test_loss=2.3101 | test_acc=0.1000 | sparsity=0.9000 | pruned=12398 | regrown=12398 | mask_changes=24796
Round 009 | train_loss=2.2403 | test_loss=2.3110 | test_acc=0.1000 | sparsity=0.9000 | pruned=0 | regrown=0 | mask_changes=0
Round 010 | train_loss=2.2406 | test_loss=2.3118 | test_acc=0.1000 | sparsity=0.9000 | pruned=12398 | regrown=12398 | mask_changes=24796
Round 011 | train_loss=2.2391 | test_loss=2.3126 | test_acc=0.1000 | sparsity=0.9000 | pruned=0 | regrown=0 | mask_changes=0
Round 012 | train_loss=2.2372 | test_loss=2.3133 | test_acc=0.1000 | sparsity=0.9000 | pruned=12398 | regrown=12398 | mask_changes=24796
Round 013 | train_loss=2.2399 | test_loss=2.3139 | test_acc=0.1000 | sparsity=0.9000 | pruned=0 | regrown=0 | mask_changes=0
Round 014 | train_loss=2.2384 | test_loss=2.3145 | test_acc=0.1000 | sparsity=0.9000 | pruned=12398 | regrown=12398 | mask_changes=24796
Round 015 | train_loss=2.2317 | test_loss=2.3151 | test_acc=0.1012 | sparsity=0.9000 | pruned=0 | regrown=0 | mask_changes=0
Round 016 | train_loss=2.2070 | test_loss=2.3152 | test_acc=0.1000 | sparsity=0.9000 | pruned=12398 | regrown=12398 | mask_changes=24796
Round 017 | train_loss=2.1825 | test_loss=2.3126 | test_acc=0.1368 | sparsity=0.9000 | pruned=0 | regrown=0 | mask_changes=0
Round 018 | train_loss=2.0718 | test_loss=2.3028 | test_acc=0.1207 | sparsity=0.9000 | pruned=12398 | regrown=12398 | mask_changes=24796
Round 019 | train_loss=1.8908 | test_loss=2.3832 | test_acc=0.1259 | sparsity=0.9000 | pruned=0 | regrown=0 | mask_changes=0
Round 020 | train_loss=1.8174 | test_loss=2.3991 | test_acc=0.1365 | sparsity=0.9000 | pruned=12398 | regrown=12398 | mask_changes=24796
Saved training log to: results/logs/multiseed/cifar10_multiseed_fixed_5605136/seed_42/feddst_cifar10_clients5_alpha0.3_sparsity0.9_seed42_20260801_155951.csv

[Run 13/80] suite=multiseed method=cka_feddst seed=42 sparsity=0.9 cka_strength=yaml
Output log dir: results/logs/multiseed/cifar10_multiseed_fixed_5605136/seed_42
Command: /mnt/aiongpfs/users/dsen/micromamba/envs/cka-cifar/bin/python -m src.train --global-config configs/global_cifar10.yaml --config configs/cka_feddst_mnist.yaml --seed 42 --sparsity 0.9 --log-dir results/logs/multiseed/cifar10_multiseed_fixed_5605136/seed_42 --checkpoint-dir results/checkpoints/multiseed/cifar10_multiseed_fixed_5605136/seed_42 --plot-dir results/plots/multiseed/cifar10_multiseed_fixed_5605136
Final merged configuration:
alpha: 0.3
batch_size: 64
checkpoint_dir: results/checkpoints/multiseed/cifar10_multiseed_fixed_5605136/seed_42
cka_interval: 2
cka_layers:
- conv1
- conv2
- conv3
- fc1
cka_max_sparsity: 0.95
cka_min_sparsity: 0.5
cka_strength: 0.2
data_check: false
data_dir: data
dataset: cifar10
device: auto
disable_cudnn: true
dry_run: false
eval_interval: 1
experiment_config_path: configs/cka_feddst_mnist.yaml
global_config_path: configs/global_cifar10.yaml
local_epochs: 1
log_cka: false
log_dir: results/logs/multiseed/cifar10_multiseed_fixed_5605136/seed_42
lr: 0.01
mask_update_interval: 2
method: cka_feddst
model: cifar_cnn
num_clients: 5
num_workers: 2
output_dir: results
plot_dir: results/plots/multiseed/cifar10_multiseed_fixed_5605136
prune_fraction: 0.2
reference_size: 500
regrowth_method: gradient
rounds: 20
save_checkpoint: false
seed: 42
sparsity: 0.9
sparsity_init: random
split_dir: null
Saved merged config to: results/logs/multiseed/cifar10_multiseed_fixed_5605136/seed_42/cka_feddst_cifar10_clients5_alpha0.3_sparsity0.9_cka0.2_seed42_20260801_160425_config.yaml
cuDNN disabled for this run.
Client label distributions:
  client 00: n= 6173, labels=[449, 1577, 16, 53, 288, 1254, 18, 319, 1561, 638]
  client 01: n= 6712, labels=[388, 41, 1016, 674, 619, 293, 705, 1884, 2, 1090]
  client 02: n= 6610, labels=[14, 2050, 564, 1192, 934, 206, 33, 1318, 147, 152]
  client 03: n=12351, labels=[4094, 1282, 465, 1114, 4, 0, 3603, 1424, 313, 52]
  client 04: n=17654, labels=[5, 0, 2889, 1917, 3105, 3197, 591, 5, 2927, 3018]
Initial sparsity | total=0.9000 | active=61987/619872
Layer sparsity | conv1.weight:0.895833;conv2.weight:0.898872;conv3.weight:0.897461;fc1.weight:0.900391;fc2.weight:0.902734
Round 001 | train_loss=2.2342 | test_loss=2.3031 | test_acc=0.1000 | sparsity=0.9000 | cka=0 | targets=
Round 002 | train_loss=2.2346 | test_loss=2.3037 | test_acc=0.1000 | sparsity=0.9000 | cka=1 | targets=conv1.weight:0.900463;conv2.weight:0.899957;conv3.weight:0.899943;fc1.weight:0.900009
Round 003 | train_loss=2.2348 | test_loss=2.3047 | test_acc=0.1000 | sparsity=0.9000 | cka=0 | targets=conv1.weight:0.900463;conv2.weight:0.899957;conv3.weight:0.899943;fc1.weight:0.900009
Round 004 | train_loss=2.2355 | test_loss=2.3057 | test_acc=0.1000 | sparsity=0.9000 | cka=1 | targets=conv1.weight:0.899306;conv2.weight:0.899523;conv3.weight:0.899563;fc1.weight:0.900080
Round 005 | train_loss=2.2372 | test_loss=2.3069 | test_acc=0.1000 | sparsity=0.9000 | cka=0 | targets=conv1.weight:0.899306;conv2.weight:0.899523;conv3.weight:0.899563;fc1.weight:0.900080
Round 006 | train_loss=2.2381 | test_loss=2.3080 | test_acc=0.1021 | sparsity=0.9000 | cka=1 | targets=conv1.weight:0.899306;conv2.weight:0.899848;conv3.weight:0.899835;fc1.weight:0.900030
Round 007 | train_loss=2.2382 | test_loss=2.3091 | test_acc=0.1000 | sparsity=0.9000 | cka=0 | targets=conv1.weight:0.899306;conv2.weight:0.899848;conv3.weight:0.899835;fc1.weight:0.900030
Round 008 | train_loss=2.2383 | test_loss=2.3101 | test_acc=0.1000 | sparsity=0.9000 | cka=1 | targets=conv1.weight:0.899306;conv2.weight:0.899631;conv3.weight:0.899631;fc1.weight:0.900066
Round 009 | train_loss=2.2402 | test_loss=2.3111 | test_acc=0.1000 | sparsity=0.9000 | cka=0 | targets=conv1.weight:0.899306;conv2.weight:0.899631;conv3.weight:0.899631;fc1.weight:0.900066
Round 010 | train_loss=2.2403 | test_loss=2.3119 | test_acc=0.1000 | sparsity=0.9000 | cka=1 | targets=conv1.weight:0.899306;conv2.weight:0.899794;conv3.weight:0.899807;fc1.weight:0.900036
Round 011 | train_loss=2.2387 | test_loss=2.3127 | test_acc=0.1000 | sparsity=0.9000 | cka=0 | targets=conv1.weight:0.899306;conv2.weight:0.899794;conv3.weight:0.899807;fc1.weight:0.900036
Round 012 | train_loss=2.2361 | test_loss=2.3134 | test_acc=0.1000 | sparsity=0.9000 | cka=1 | targets=conv1.weight:0.899306;conv2.weight:0.899794;conv3.weight:0.899848;fc1.weight:0.900030
Round 013 | train_loss=2.2390 | test_loss=2.3142 | test_acc=0.1000 | sparsity=0.9000 | cka=0 | targets=conv1.weight:0.899306;conv2.weight:0.899794;conv3.weight:0.899848;fc1.weight:0.900030
Round 014 | train_loss=2.2367 | test_loss=2.3148 | test_acc=0.1000 | sparsity=0.9000 | cka=1 | targets=conv1.weight:0.899306;conv2.weight:0.899794;conv3.weight:0.899821;fc1.weight:0.900034
Round 015 | train_loss=2.2262 | test_loss=2.3163 | test_acc=0.1000 | sparsity=0.9000 | cka=0 | targets=conv1.weight:0.899306;conv2.weight:0.899794;conv3.weight:0.899821;fc1.weight:0.900034
Round 016 | train_loss=2.1774 | test_loss=2.3198 | test_acc=0.1069 | sparsity=0.9000 | cka=1 | targets=conv1.weight:0.899306;conv2.weight:0.899957;conv3.weight:0.899957;fc1.weight:0.900009
Round 017 | train_loss=2.0887 | test_loss=2.3497 | test_acc=0.1012 | sparsity=0.9000 | cka=0 | targets=conv1.weight:0.899306;conv2.weight:0.899957;conv3.weight:0.899957;fc1.weight:0.900009
Round 018 | train_loss=1.9053 | test_loss=2.3837 | test_acc=0.1004 | sparsity=0.9000 | cka=1 | targets=conv1.weight:0.899306;conv2.weight:0.899902;conv3.weight:0.899916;fc1.weight:0.900017
Round 019 | train_loss=1.8286 | test_loss=2.4562 | test_acc=0.1458 | sparsity=0.9000 | cka=0 | targets=conv1.weight:0.899306;conv2.weight:0.899902;conv3.weight:0.899916;fc1.weight:0.900017
Round 020 | train_loss=1.7930 | test_loss=2.4319 | test_acc=0.1576 | sparsity=0.9000 | cka=1 | targets=conv1.weight:0.900463;conv2.weight:0.899957;conv3.weight:0.899970;fc1.weight:0.900005
Saved training log to: results/logs/multiseed/cifar10_multiseed_fixed_5605136/seed_42/cka_feddst_cifar10_clients5_alpha0.3_sparsity0.9_cka0.2_seed42_20260801_160425.csv
Saved CKA log to: results/logs/multiseed/cifar10_multiseed_fixed_5605136/seed_42/cka_feddst_cifar10_clients5_alpha0.3_sparsity0.9_cka0.2_seed42_20260801_160425_cka.csv

[Run 14/80] suite=multiseed method=sparse_fedavg seed=42 sparsity=0.95 cka_strength=yaml
Output log dir: results/logs/multiseed/cifar10_multiseed_fixed_5605136/seed_42
Command: /mnt/aiongpfs/users/dsen/micromamba/envs/cka-cifar/bin/python -m src.train --global-config configs/global_cifar10.yaml --config configs/sparse_fedavg_mnist.yaml --seed 42 --sparsity 0.95 --log-dir results/logs/multiseed/cifar10_multiseed_fixed_5605136/seed_42 --checkpoint-dir results/checkpoints/multiseed/cifar10_multiseed_fixed_5605136/seed_42 --plot-dir results/plots/multiseed/cifar10_multiseed_fixed_5605136
Final merged configuration:
alpha: 0.3
batch_size: 64
checkpoint_dir: results/checkpoints/multiseed/cifar10_multiseed_fixed_5605136/seed_42
cka_interval: 1
cka_layers:
- conv1
- conv2
- conv3
- fc1
cka_max_sparsity: 0.99
cka_min_sparsity: 0.0
cka_strength: 0.5
data_check: false
data_dir: data
dataset: cifar10
device: auto
disable_cudnn: true
dry_run: false
eval_interval: 1
experiment_config_path: configs/sparse_fedavg_mnist.yaml
global_config_path: configs/global_cifar10.yaml
local_epochs: 1
log_cka: false
log_dir: results/logs/multiseed/cifar10_multiseed_fixed_5605136/seed_42
lr: 0.01
mask_update_interval: 1
method: sparse_fedavg
model: cifar_cnn
num_clients: 5
num_workers: 2
output_dir: results
plot_dir: results/plots/multiseed/cifar10_multiseed_fixed_5605136
prune_fraction: 0.1
reference_size: 500
regrowth_method: gradient
rounds: 20
save_checkpoint: false
seed: 42
sparsity: 0.95
sparsity_init: random
split_dir: null
Saved merged config to: results/logs/multiseed/cifar10_multiseed_fixed_5605136/seed_42/sparse_fedavg_cifar10_clients5_alpha0.3_sparsity0.95_seed42_20260801_160931_config.yaml
cuDNN disabled for this run.
Client label distributions:
  client 00: n= 6173, labels=[449, 1577, 16, 53, 288, 1254, 18, 319, 1561, 638]
  client 01: n= 6712, labels=[388, 41, 1016, 674, 619, 293, 705, 1884, 2, 1090]
  client 02: n= 6610, labels=[14, 2050, 564, 1192, 934, 206, 33, 1318, 147, 152]
  client 03: n=12351, labels=[4094, 1282, 465, 1114, 4, 0, 3603, 1424, 313, 52]
  client 04: n=17654, labels=[5, 0, 2889, 1917, 3105, 3197, 591, 5, 2927, 3018]
Initial sparsity | total=0.9500 | active=30994/619872
Layer sparsity | conv1.weight:0.946759;conv2.weight:0.948730;conv3.weight:0.948419;fc1.weight:0.950260;fc2.weight:0.952344
Round 001 | train_loss=2.2348 | test_loss=2.3030 | test_acc=0.1000 | sparsity=0.9500
Round 002 | train_loss=2.2354 | test_loss=2.3037 | test_acc=0.1000 | sparsity=0.9500
Round 003 | train_loss=2.2364 | test_loss=2.3046 | test_acc=0.1000 | sparsity=0.9500
Round 004 | train_loss=2.2376 | test_loss=2.3057 | test_acc=0.1000 | sparsity=0.9500
Round 005 | train_loss=2.2388 | test_loss=2.3068 | test_acc=0.1000 | sparsity=0.9500
Round 006 | train_loss=2.2401 | test_loss=2.3079 | test_acc=0.1000 | sparsity=0.9500
Round 007 | train_loss=2.2413 | test_loss=2.3089 | test_acc=0.1000 | sparsity=0.9500
Round 008 | train_loss=2.2423 | test_loss=2.3099 | test_acc=0.1000 | sparsity=0.9500
Round 009 | train_loss=2.2432 | test_loss=2.3108 | test_acc=0.1000 | sparsity=0.9500
Round 010 | train_loss=2.2441 | test_loss=2.3116 | test_acc=0.1000 | sparsity=0.9500
Round 011 | train_loss=2.2449 | test_loss=2.3123 | test_acc=0.1000 | sparsity=0.9500
Round 012 | train_loss=2.2455 | test_loss=2.3129 | test_acc=0.1000 | sparsity=0.9500
Round 013 | train_loss=2.2462 | test_loss=2.3135 | test_acc=0.1000 | sparsity=0.9500
Round 014 | train_loss=2.2466 | test_loss=2.3140 | test_acc=0.1000 | sparsity=0.9500
Round 015 | train_loss=2.2471 | test_loss=2.3144 | test_acc=0.1000 | sparsity=0.9500
Round 016 | train_loss=2.2474 | test_loss=2.3148 | test_acc=0.1000 | sparsity=0.9500
Round 017 | train_loss=2.2478 | test_loss=2.3151 | test_acc=0.1000 | sparsity=0.9500
Round 018 | train_loss=2.2480 | test_loss=2.3154 | test_acc=0.1000 | sparsity=0.9500
Round 019 | train_loss=2.2482 | test_loss=2.3157 | test_acc=0.1000 | sparsity=0.9500
Round 020 | train_loss=2.2484 | test_loss=2.3159 | test_acc=0.1000 | sparsity=0.9500
Saved training log to: results/logs/multiseed/cifar10_multiseed_fixed_5605136/seed_42/sparse_fedavg_cifar10_clients5_alpha0.3_sparsity0.95_seed42_20260801_160931.csv

[Run 15/80] suite=multiseed method=feddst seed=42 sparsity=0.95 cka_strength=yaml
Output log dir: results/logs/multiseed/cifar10_multiseed_fixed_5605136/seed_42
Command: /mnt/aiongpfs/users/dsen/micromamba/envs/cka-cifar/bin/python -m src.train --global-config configs/global_cifar10.yaml --config configs/feddst_mnist.yaml --seed 42 --sparsity 0.95 --log-dir results/logs/multiseed/cifar10_multiseed_fixed_5605136/seed_42 --checkpoint-dir results/checkpoints/multiseed/cifar10_multiseed_fixed_5605136/seed_42 --plot-dir results/plots/multiseed/cifar10_multiseed_fixed_5605136
Final merged configuration:
alpha: 0.3
batch_size: 64
checkpoint_dir: results/checkpoints/multiseed/cifar10_multiseed_fixed_5605136/seed_42
cka_interval: 1
cka_layers:
- conv1
- conv2
- conv3
- fc1
cka_max_sparsity: 0.99
cka_min_sparsity: 0.0
cka_strength: 0.5
data_check: false
data_dir: data
dataset: cifar10
device: auto
disable_cudnn: true
dry_run: false
eval_interval: 1
experiment_config_path: configs/feddst_mnist.yaml
global_config_path: configs/global_cifar10.yaml
local_epochs: 1
log_cka: false
log_dir: results/logs/multiseed/cifar10_multiseed_fixed_5605136/seed_42
lr: 0.01
mask_update_interval: 2
method: feddst
model: cifar_cnn
num_clients: 5
num_workers: 2
output_dir: results
plot_dir: results/plots/multiseed/cifar10_multiseed_fixed_5605136
prune_fraction: 0.2
reference_size: 500
regrowth_method: gradient
rounds: 20
save_checkpoint: false
seed: 42
sparsity: 0.95
sparsity_init: random
split_dir: null
Saved merged config to: results/logs/multiseed/cifar10_multiseed_fixed_5605136/seed_42/feddst_cifar10_clients5_alpha0.3_sparsity0.95_seed42_20260801_161246_config.yaml
cuDNN disabled for this run.
Client label distributions:
  client 00: n= 6173, labels=[449, 1577, 16, 53, 288, 1254, 18, 319, 1561, 638]
  client 01: n= 6712, labels=[388, 41, 1016, 674, 619, 293, 705, 1884, 2, 1090]
  client 02: n= 6610, labels=[14, 2050, 564, 1192, 934, 206, 33, 1318, 147, 152]
  client 03: n=12351, labels=[4094, 1282, 465, 1114, 4, 0, 3603, 1424, 313, 52]
  client 04: n=17654, labels=[5, 0, 2889, 1917, 3105, 3197, 591, 5, 2927, 3018]
Initial sparsity | total=0.9500 | active=30994/619872
Layer sparsity | conv1.weight:0.946759;conv2.weight:0.948730;conv3.weight:0.948419;fc1.weight:0.950260;fc2.weight:0.952344
Round 001 | train_loss=2.2348 | test_loss=2.3030 | test_acc=0.1000 | sparsity=0.9500 | pruned=0 | regrown=0 | mask_changes=0
Round 002 | train_loss=2.2354 | test_loss=2.3037 | test_acc=0.1000 | sparsity=0.9500 | pruned=6199 | regrown=6199 | mask_changes=12398
Round 003 | train_loss=2.2361 | test_loss=2.3046 | test_acc=0.1000 | sparsity=0.9500 | pruned=0 | regrown=0 | mask_changes=0
Round 004 | train_loss=2.2372 | test_loss=2.3057 | test_acc=0.1000 | sparsity=0.9500 | pruned=6199 | regrown=6199 | mask_changes=12398
Round 005 | train_loss=2.2386 | test_loss=2.3068 | test_acc=0.1000 | sparsity=0.9500 | pruned=0 | regrown=0 | mask_changes=0
Round 006 | train_loss=2.2398 | test_loss=2.3079 | test_acc=0.1000 | sparsity=0.9500 | pruned=6199 | regrown=6199 | mask_changes=12398
Round 007 | train_loss=2.2407 | test_loss=2.3090 | test_acc=0.1000 | sparsity=0.9500 | pruned=0 | regrown=0 | mask_changes=0
Round 008 | train_loss=2.2416 | test_loss=2.3099 | test_acc=0.1000 | sparsity=0.9500 | pruned=6199 | regrown=6199 | mask_changes=12398
Round 009 | train_loss=2.2428 | test_loss=2.3108 | test_acc=0.1000 | sparsity=0.9500 | pruned=0 | regrown=0 | mask_changes=0
Round 010 | train_loss=2.2436 | test_loss=2.3116 | test_acc=0.1000 | sparsity=0.9500 | pruned=6199 | regrown=6199 | mask_changes=12398
Round 011 | train_loss=2.2440 | test_loss=2.3123 | test_acc=0.1000 | sparsity=0.9500 | pruned=0 | regrown=0 | mask_changes=0
Round 012 | train_loss=2.2445 | test_loss=2.3129 | test_acc=0.1000 | sparsity=0.9500 | pruned=6199 | regrown=6199 | mask_changes=12398
Round 013 | train_loss=2.2454 | test_loss=2.3135 | test_acc=0.1000 | sparsity=0.9500 | pruned=0 | regrown=0 | mask_changes=0
Round 014 | train_loss=2.2457 | test_loss=2.3140 | test_acc=0.1000 | sparsity=0.9500 | pruned=6199 | regrown=6199 | mask_changes=12398
Round 015 | train_loss=2.2456 | test_loss=2.3144 | test_acc=0.1000 | sparsity=0.9500 | pruned=0 | regrown=0 | mask_changes=0
Round 016 | train_loss=2.2455 | test_loss=2.3148 | test_acc=0.1000 | sparsity=0.9500 | pruned=6199 | regrown=6199 | mask_changes=12398
Round 017 | train_loss=2.2464 | test_loss=2.3152 | test_acc=0.1000 | sparsity=0.9500 | pruned=0 | regrown=0 | mask_changes=0
Round 018 | train_loss=2.2464 | test_loss=2.3154 | test_acc=0.1000 | sparsity=0.9500 | pruned=6199 | regrown=6199 | mask_changes=12398
Round 019 | train_loss=2.2456 | test_loss=2.3158 | test_acc=0.1000 | sparsity=0.9500 | pruned=0 | regrown=0 | mask_changes=0
Round 020 | train_loss=2.2450 | test_loss=2.3160 | test_acc=0.1000 | sparsity=0.9500 | pruned=6199 | regrown=6199 | mask_changes=12398
Saved training log to: results/logs/multiseed/cifar10_multiseed_fixed_5605136/seed_42/feddst_cifar10_clients5_alpha0.3_sparsity0.95_seed42_20260801_161246.csv

[Run 16/80] suite=multiseed method=cka_feddst seed=42 sparsity=0.95 cka_strength=yaml
Output log dir: results/logs/multiseed/cifar10_multiseed_fixed_5605136/seed_42
Command: /mnt/aiongpfs/users/dsen/micromamba/envs/cka-cifar/bin/python -m src.train --global-config configs/global_cifar10.yaml --config configs/cka_feddst_mnist.yaml --seed 42 --sparsity 0.95 --log-dir results/logs/multiseed/cifar10_multiseed_fixed_5605136/seed_42 --checkpoint-dir results/checkpoints/multiseed/cifar10_multiseed_fixed_5605136/seed_42 --plot-dir results/plots/multiseed/cifar10_multiseed_fixed_5605136
Final merged configuration:
alpha: 0.3
batch_size: 64
checkpoint_dir: results/checkpoints/multiseed/cifar10_multiseed_fixed_5605136/seed_42
cka_interval: 2
cka_layers:
- conv1
- conv2
- conv3
- fc1
cka_max_sparsity: 0.95
cka_min_sparsity: 0.5
cka_strength: 0.2
data_check: false
data_dir: data
dataset: cifar10
device: auto
disable_cudnn: true
dry_run: false
eval_interval: 1
experiment_config_path: configs/cka_feddst_mnist.yaml
global_config_path: configs/global_cifar10.yaml
local_epochs: 1
log_cka: false
log_dir: results/logs/multiseed/cifar10_multiseed_fixed_5605136/seed_42
lr: 0.01
mask_update_interval: 2
method: cka_feddst
model: cifar_cnn
num_clients: 5
num_workers: 2
output_dir: results
plot_dir: results/plots/multiseed/cifar10_multiseed_fixed_5605136
prune_fraction: 0.2
reference_size: 500
regrowth_method: gradient
rounds: 20
save_checkpoint: false
seed: 42
sparsity: 0.95
sparsity_init: random
split_dir: null
Saved merged config to: results/logs/multiseed/cifar10_multiseed_fixed_5605136/seed_42/cka_feddst_cifar10_clients5_alpha0.3_sparsity0.95_cka0.2_seed42_20260801_161719_config.yaml
cuDNN disabled for this run.
Client label distributions:
  client 00: n= 6173, labels=[449, 1577, 16, 53, 288, 1254, 18, 319, 1561, 638]
  client 01: n= 6712, labels=[388, 41, 1016, 674, 619, 293, 705, 1884, 2, 1090]
  client 02: n= 6610, labels=[14, 2050, 564, 1192, 934, 206, 33, 1318, 147, 152]
  client 03: n=12351, labels=[4094, 1282, 465, 1114, 4, 0, 3603, 1424, 313, 52]
  client 04: n=17654, labels=[5, 0, 2889, 1917, 3105, 3197, 591, 5, 2927, 3018]
Initial sparsity | total=0.9500 | active=30994/619872
Layer sparsity | conv1.weight:0.946759;conv2.weight:0.948730;conv3.weight:0.948419;fc1.weight:0.950260;fc2.weight:0.952344
Round 001 | train_loss=2.2348 | test_loss=2.3030 | test_acc=0.1000 | sparsity=0.9500 | cka=0 | targets=
Round 002 | train_loss=2.2354 | test_loss=2.3037 | test_acc=0.1000 | sparsity=0.9500 | cka=1 | targets=conv1.weight:0.949074;conv2.weight:0.949978;conv3.weight:0.949992;fc1.weight:0.949999
Round 003 | train_loss=2.2361 | test_loss=2.3046 | test_acc=0.1000 | sparsity=0.9500 | cka=0 | targets=conv1.weight:0.949074;conv2.weight:0.949978;conv3.weight:0.949992;fc1.weight:0.949999
Round 004 | train_loss=2.2372 | test_loss=2.3057 | test_acc=0.1000 | sparsity=0.9500 | cka=1 | targets=conv1.weight:0.949074;conv2.weight:0.949978;conv3.weight:0.949992;fc1.weight:0.949999
Round 005 | train_loss=2.2386 | test_loss=2.3068 | test_acc=0.1000 | sparsity=0.9500 | cka=0 | targets=conv1.weight:0.949074;conv2.weight:0.949978;conv3.weight:0.949992;fc1.weight:0.949999
Round 006 | train_loss=2.2398 | test_loss=2.3079 | test_acc=0.1000 | sparsity=0.9500 | cka=1 | targets=conv1.weight:0.949074;conv2.weight:0.949978;conv3.weight:0.949992;fc1.weight:0.949999
Round 007 | train_loss=2.2407 | test_loss=2.3090 | test_acc=0.1000 | sparsity=0.9500 | cka=0 | targets=conv1.weight:0.949074;conv2.weight:0.949978;conv3.weight:0.949992;fc1.weight:0.949999
Round 008 | train_loss=2.2416 | test_loss=2.3099 | test_acc=0.1000 | sparsity=0.9500 | cka=1 | targets=conv1.weight:0.949074;conv2.weight:0.949978;conv3.weight:0.949992;fc1.weight:0.949999
Round 009 | train_loss=2.2428 | test_loss=2.3108 | test_acc=0.1000 | sparsity=0.9500 | cka=0 | targets=conv1.weight:0.949074;conv2.weight:0.949978;conv3.weight:0.949992;fc1.weight:0.949999
Round 010 | train_loss=2.2436 | test_loss=2.3116 | test_acc=0.1000 | sparsity=0.9500 | cka=1 | targets=conv1.weight:0.949074;conv2.weight:0.949978;conv3.weight:0.949992;fc1.weight:0.949999
Round 011 | train_loss=2.2439 | test_loss=2.3123 | test_acc=0.1000 | sparsity=0.9500 | cka=0 | targets=conv1.weight:0.949074;conv2.weight:0.949978;conv3.weight:0.949992;fc1.weight:0.949999
Round 012 | train_loss=2.2444 | test_loss=2.3130 | test_acc=0.1000 | sparsity=0.9500 | cka=1 | targets=conv1.weight:0.949074;conv2.weight:0.949978;conv3.weight:0.949992;fc1.weight:0.949999
Round 013 | train_loss=2.2453 | test_loss=2.3135 | test_acc=0.1000 | sparsity=0.9500 | cka=0 | targets=conv1.weight:0.949074;conv2.weight:0.949978;conv3.weight:0.949992;fc1.weight:0.949999
Round 014 | train_loss=2.2457 | test_loss=2.3140 | test_acc=0.1000 | sparsity=0.9500 | cka=1 | targets=conv1.weight:0.949074;conv2.weight:0.949978;conv3.weight:0.949992;fc1.weight:0.949999
Round 015 | train_loss=2.2454 | test_loss=2.3145 | test_acc=0.1000 | sparsity=0.9500 | cka=0 | targets=conv1.weight:0.949074;conv2.weight:0.949978;conv3.weight:0.949992;fc1.weight:0.949999
Round 016 | train_loss=2.2452 | test_loss=2.3149 | test_acc=0.1000 | sparsity=0.9500 | cka=1 | targets=conv1.weight:0.949074;conv2.weight:0.949978;conv3.weight:0.949992;fc1.weight:0.949999
Round 017 | train_loss=2.2462 | test_loss=2.3152 | test_acc=0.1000 | sparsity=0.9500 | cka=0 | targets=conv1.weight:0.949074;conv2.weight:0.949978;conv3.weight:0.949992;fc1.weight:0.949999
Round 018 | train_loss=2.2462 | test_loss=2.3155 | test_acc=0.1000 | sparsity=0.9500 | cka=1 | targets=conv1.weight:0.949074;conv2.weight:0.949978;conv3.weight:0.949992;fc1.weight:0.949999
Round 019 | train_loss=2.2449 | test_loss=2.3158 | test_acc=0.1000 | sparsity=0.9500 | cka=0 | targets=conv1.weight:0.949074;conv2.weight:0.949978;conv3.weight:0.949992;fc1.weight:0.949999
Round 020 | train_loss=2.2439 | test_loss=2.3161 | test_acc=0.1000 | sparsity=0.9500 | cka=1 | targets=conv1.weight:0.949074;conv2.weight:0.949978;conv3.weight:0.949992;fc1.weight:0.949999
Saved training log to: results/logs/multiseed/cifar10_multiseed_fixed_5605136/seed_42/cka_feddst_cifar10_clients5_alpha0.3_sparsity0.95_cka0.2_seed42_20260801_161719.csv
Saved CKA log to: results/logs/multiseed/cifar10_multiseed_fixed_5605136/seed_42/cka_feddst_cifar10_clients5_alpha0.3_sparsity0.95_cka0.2_seed42_20260801_161719_cka.csv

[Run 17/80] suite=multiseed method=fedavg seed=7 sparsity=dense cka_strength=yaml
Output log dir: results/logs/multiseed/cifar10_multiseed_fixed_5605136/seed_7
Command: /mnt/aiongpfs/users/dsen/micromamba/envs/cka-cifar/bin/python -m src.train --global-config configs/global_cifar10.yaml --config configs/fedavg_mnist.yaml --seed 7 --log-dir results/logs/multiseed/cifar10_multiseed_fixed_5605136/seed_7 --checkpoint-dir results/checkpoints/multiseed/cifar10_multiseed_fixed_5605136/seed_7 --plot-dir results/plots/multiseed/cifar10_multiseed_fixed_5605136
Final merged configuration:
alpha: 0.3
batch_size: 64
checkpoint_dir: results/checkpoints/multiseed/cifar10_multiseed_fixed_5605136/seed_7
cka_interval: 1
cka_layers:
- conv1
- conv2
- conv3
- fc1
cka_max_sparsity: 0.99
cka_min_sparsity: 0.0
cka_strength: 0.5
data_check: false
data_dir: data
dataset: cifar10
device: auto
disable_cudnn: true
dry_run: false
eval_interval: 1
experiment_config_path: configs/fedavg_mnist.yaml
global_config_path: configs/global_cifar10.yaml
local_epochs: 1
log_cka: false
log_dir: results/logs/multiseed/cifar10_multiseed_fixed_5605136/seed_7
lr: 0.01
mask_update_interval: 1
method: fedavg
model: cifar_cnn
num_clients: 5
num_workers: 2
output_dir: results
plot_dir: results/plots/multiseed/cifar10_multiseed_fixed_5605136
prune_fraction: 0.1
reference_size: 500
regrowth_method: gradient
rounds: 20
save_checkpoint: false
seed: 7
sparsity: 0.0
sparsity_init: random
split_dir: null
Saved merged config to: results/logs/multiseed/cifar10_multiseed_fixed_5605136/seed_7/fedavg_cifar10_clients5_alpha0.3_seed7_20260801_162222_config.yaml
cuDNN disabled for this run.
Client label distributions:
  client 00: n= 7681, labels=[142, 16, 5, 202, 411, 2130, 3884, 876, 12, 3]
  client 01: n= 8711, labels=[1321, 1281, 355, 76, 3165, 8, 25, 0, 1922, 558]
  client 02: n=19320, labels=[2810, 141, 3133, 4649, 1064, 2142, 26, 2148, 2915, 292]
  client 03: n= 5169, labels=[22, 3285, 1093, 5, 3, 639, 18, 41, 63, 0]
  client 04: n= 8619, labels=[655, 227, 364, 18, 307, 31, 997, 1885, 38, 4097]
Round 001 | train_loss=1.7288 | test_loss=2.3194 | test_acc=0.1630
Round 002 | train_loss=1.5288 | test_loss=2.2229 | test_acc=0.2021
Round 003 | train_loss=1.4388 | test_loss=2.1563 | test_acc=0.2132
Round 004 | train_loss=1.3756 | test_loss=2.0597 | test_acc=0.2386
Round 005 | train_loss=1.3314 | test_loss=2.0237 | test_acc=0.2519
Round 006 | train_loss=1.2907 | test_loss=1.9199 | test_acc=0.2761
Round 007 | train_loss=1.2510 | test_loss=1.8249 | test_acc=0.3293
Round 008 | train_loss=1.2118 | test_loss=1.7646 | test_acc=0.3343
Round 009 | train_loss=1.1865 | test_loss=1.6813 | test_acc=0.3706
Round 010 | train_loss=1.1636 | test_loss=1.6885 | test_acc=0.3631
Round 011 | train_loss=1.1411 | test_loss=1.7492 | test_acc=0.3466
Round 012 | train_loss=1.1271 | test_loss=1.6291 | test_acc=0.3935
Round 013 | train_loss=1.1061 | test_loss=1.5624 | test_acc=0.4170
Round 014 | train_loss=1.0943 | test_loss=1.6365 | test_acc=0.3993
Round 015 | train_loss=1.0795 | test_loss=1.5092 | test_acc=0.4425
Round 016 | train_loss=1.0659 | test_loss=1.6743 | test_acc=0.3724
Round 017 | train_loss=1.0565 | test_loss=1.5855 | test_acc=0.4206
Round 018 | train_loss=1.0443 | test_loss=1.5048 | test_acc=0.4491
Round 019 | train_loss=1.0353 | test_loss=1.4906 | test_acc=0.4474
Round 020 | train_loss=1.0236 | test_loss=1.5271 | test_acc=0.4341
Saved training log to: results/logs/multiseed/cifar10_multiseed_fixed_5605136/seed_7/fedavg_cifar10_clients5_alpha0.3_seed7_20260801_162222.csv

[Run 18/80] suite=multiseed method=sparse_fedavg seed=7 sparsity=0.5 cka_strength=yaml
Output log dir: results/logs/multiseed/cifar10_multiseed_fixed_5605136/seed_7
Command: /mnt/aiongpfs/users/dsen/micromamba/envs/cka-cifar/bin/python -m src.train --global-config configs/global_cifar10.yaml --config configs/sparse_fedavg_mnist.yaml --seed 7 --sparsity 0.5 --log-dir results/logs/multiseed/cifar10_multiseed_fixed_5605136/seed_7 --checkpoint-dir results/checkpoints/multiseed/cifar10_multiseed_fixed_5605136/seed_7 --plot-dir results/plots/multiseed/cifar10_multiseed_fixed_5605136
Final merged configuration:
alpha: 0.3
batch_size: 64
checkpoint_dir: results/checkpoints/multiseed/cifar10_multiseed_fixed_5605136/seed_7
cka_interval: 1
cka_layers:
- conv1
- conv2
- conv3
- fc1
cka_max_sparsity: 0.99
cka_min_sparsity: 0.0
cka_strength: 0.5
data_check: false
data_dir: data
dataset: cifar10
device: auto
disable_cudnn: true
dry_run: false
eval_interval: 1
experiment_config_path: configs/sparse_fedavg_mnist.yaml
global_config_path: configs/global_cifar10.yaml
local_epochs: 1
log_cka: false
log_dir: results/logs/multiseed/cifar10_multiseed_fixed_5605136/seed_7
lr: 0.01
mask_update_interval: 1
method: sparse_fedavg
model: cifar_cnn
num_clients: 5
num_workers: 2
output_dir: results
plot_dir: results/plots/multiseed/cifar10_multiseed_fixed_5605136
prune_fraction: 0.1
reference_size: 500
regrowth_method: gradient
rounds: 20
save_checkpoint: false
seed: 7
sparsity: 0.5
sparsity_init: random
split_dir: null
Saved merged config to: results/logs/multiseed/cifar10_multiseed_fixed_5605136/seed_7/sparse_fedavg_cifar10_clients5_alpha0.3_sparsity0.5_seed7_20260801_162524_config.yaml
cuDNN disabled for this run.
Client label distributions:
  client 00: n= 7681, labels=[142, 16, 5, 202, 411, 2130, 3884, 876, 12, 3]
  client 01: n= 8711, labels=[1321, 1281, 355, 76, 3165, 8, 25, 0, 1922, 558]
  client 02: n=19320, labels=[2810, 141, 3133, 4649, 1064, 2142, 26, 2148, 2915, 292]
  client 03: n= 5169, labels=[22, 3285, 1093, 5, 3, 639, 18, 41, 63, 0]
  client 04: n= 8619, labels=[655, 227, 364, 18, 307, 31, 997, 1885, 38, 4097]
Initial sparsity | total=0.5000 | active=309936/619872
Layer sparsity | conv1.weight:0.508102;conv2.weight:0.501302;conv3.weight:0.499146;fc1.weight:0.500034;fc2.weight:0.505469
Round 001 | train_loss=1.9954 | test_loss=2.2963 | test_acc=0.1211 | sparsity=0.5000
Round 002 | train_loss=1.7366 | test_loss=2.3606 | test_acc=0.1196 | sparsity=0.5000
Round 003 | train_loss=1.6805 | test_loss=2.3907 | test_acc=0.1323 | sparsity=0.5000
Round 004 | train_loss=1.6560 | test_loss=2.3839 | test_acc=0.1537 | sparsity=0.5000
Round 005 | train_loss=1.6361 | test_loss=2.4034 | test_acc=0.1549 | sparsity=0.5000
Round 006 | train_loss=1.6145 | test_loss=2.4002 | test_acc=0.1607 | sparsity=0.5000
Round 007 | train_loss=1.5888 | test_loss=2.3506 | test_acc=0.2094 | sparsity=0.5000
Round 008 | train_loss=1.5633 | test_loss=2.2700 | test_acc=0.2094 | sparsity=0.5000
Round 009 | train_loss=1.5340 | test_loss=2.2600 | test_acc=0.2205 | sparsity=0.5000
Round 010 | train_loss=1.4971 | test_loss=2.2407 | test_acc=0.2335 | sparsity=0.5000
Round 011 | train_loss=1.4635 | test_loss=2.3830 | test_acc=0.2283 | sparsity=0.5000
Round 012 | train_loss=1.4365 | test_loss=2.1471 | test_acc=0.2625 | sparsity=0.5000
Round 013 | train_loss=1.4071 | test_loss=2.0417 | test_acc=0.2711 | sparsity=0.5000
Round 014 | train_loss=1.3868 | test_loss=2.1281 | test_acc=0.2514 | sparsity=0.5000
Round 015 | train_loss=1.3626 | test_loss=1.9639 | test_acc=0.2791 | sparsity=0.5000
Round 016 | train_loss=1.3402 | test_loss=1.9952 | test_acc=0.2925 | sparsity=0.5000
Round 017 | train_loss=1.3244 | test_loss=2.0188 | test_acc=0.2936 | sparsity=0.5000
Round 018 | train_loss=1.3051 | test_loss=1.9535 | test_acc=0.3089 | sparsity=0.5000
Round 019 | train_loss=1.2864 | test_loss=1.9608 | test_acc=0.2975 | sparsity=0.5000
Round 020 | train_loss=1.2726 | test_loss=1.8850 | test_acc=0.3236 | sparsity=0.5000
Saved training log to: results/logs/multiseed/cifar10_multiseed_fixed_5605136/seed_7/sparse_fedavg_cifar10_clients5_alpha0.3_sparsity0.5_seed7_20260801_162524.csv

[Run 19/80] suite=multiseed method=feddst seed=7 sparsity=0.5 cka_strength=yaml
Output log dir: results/logs/multiseed/cifar10_multiseed_fixed_5605136/seed_7
Command: /mnt/aiongpfs/users/dsen/micromamba/envs/cka-cifar/bin/python -m src.train --global-config configs/global_cifar10.yaml --config configs/feddst_mnist.yaml --seed 7 --sparsity 0.5 --log-dir results/logs/multiseed/cifar10_multiseed_fixed_5605136/seed_7 --checkpoint-dir results/checkpoints/multiseed/cifar10_multiseed_fixed_5605136/seed_7 --plot-dir results/plots/multiseed/cifar10_multiseed_fixed_5605136
Final merged configuration:
alpha: 0.3
batch_size: 64
checkpoint_dir: results/checkpoints/multiseed/cifar10_multiseed_fixed_5605136/seed_7
cka_interval: 1
cka_layers:
- conv1
- conv2
- conv3
- fc1
cka_max_sparsity: 0.99
cka_min_sparsity: 0.0
cka_strength: 0.5
data_check: false
data_dir: data
dataset: cifar10
device: auto
disable_cudnn: true
dry_run: false
eval_interval: 1
experiment_config_path: configs/feddst_mnist.yaml
global_config_path: configs/global_cifar10.yaml
local_epochs: 1
log_cka: false
log_dir: results/logs/multiseed/cifar10_multiseed_fixed_5605136/seed_7
lr: 0.01
mask_update_interval: 2
method: feddst
model: cifar_cnn
num_clients: 5
num_workers: 2
output_dir: results
plot_dir: results/plots/multiseed/cifar10_multiseed_fixed_5605136
prune_fraction: 0.2
reference_size: 500
regrowth_method: gradient
rounds: 20
save_checkpoint: false
seed: 7
sparsity: 0.5
sparsity_init: random
split_dir: null
Saved merged config to: results/logs/multiseed/cifar10_multiseed_fixed_5605136/seed_7/feddst_cifar10_clients5_alpha0.3_sparsity0.5_seed7_20260801_162841_config.yaml
cuDNN disabled for this run.
Client label distributions:
  client 00: n= 7681, labels=[142, 16, 5, 202, 411, 2130, 3884, 876, 12, 3]
  client 01: n= 8711, labels=[1321, 1281, 355, 76, 3165, 8, 25, 0, 1922, 558]
  client 02: n=19320, labels=[2810, 141, 3133, 4649, 1064, 2142, 26, 2148, 2915, 292]
  client 03: n= 5169, labels=[22, 3285, 1093, 5, 3, 639, 18, 41, 63, 0]
  client 04: n= 8619, labels=[655, 227, 364, 18, 307, 31, 997, 1885, 38, 4097]
Initial sparsity | total=0.5000 | active=309936/619872
Layer sparsity | conv1.weight:0.508102;conv2.weight:0.501302;conv3.weight:0.499146;fc1.weight:0.500034;fc2.weight:0.505469
Round 001 | train_loss=1.9954 | test_loss=2.2963 | test_acc=0.1211 | sparsity=0.5000 | pruned=0 | regrown=0 | mask_changes=0
Round 002 | train_loss=1.7366 | test_loss=2.3502 | test_acc=0.1232 | sparsity=0.5000 | pruned=61986 | regrown=61986 | mask_changes=123972
Round 003 | train_loss=1.6802 | test_loss=2.3633 | test_acc=0.1332 | sparsity=0.5000 | pruned=0 | regrown=0 | mask_changes=0
Round 004 | train_loss=1.6558 | test_loss=2.3342 | test_acc=0.1545 | sparsity=0.5000 | pruned=61986 | regrown=61986 | mask_changes=123972
Round 005 | train_loss=1.6406 | test_loss=2.3896 | test_acc=0.1492 | sparsity=0.5000 | pruned=0 | regrown=0 | mask_changes=0
Round 006 | train_loss=1.6168 | test_loss=2.3997 | test_acc=0.1543 | sparsity=0.5000 | pruned=61986 | regrown=61986 | mask_changes=123972
Round 007 | train_loss=1.6058 | test_loss=2.3184 | test_acc=0.1992 | sparsity=0.5000 | pruned=0 | regrown=0 | mask_changes=0
Round 008 | train_loss=1.5733 | test_loss=2.2952 | test_acc=0.2004 | sparsity=0.5000 | pruned=61986 | regrown=61986 | mask_changes=123972
Round 009 | train_loss=1.5431 | test_loss=2.2650 | test_acc=0.2120 | sparsity=0.5000 | pruned=0 | regrown=0 | mask_changes=0
Round 010 | train_loss=1.4985 | test_loss=2.3118 | test_acc=0.2091 | sparsity=0.5000 | pruned=61986 | regrown=61986 | mask_changes=123972
Round 011 | train_loss=1.4863 | test_loss=2.3893 | test_acc=0.2152 | sparsity=0.5000 | pruned=0 | regrown=0 | mask_changes=0
Round 012 | train_loss=1.4461 | test_loss=2.1781 | test_acc=0.2425 | sparsity=0.5000 | pruned=61986 | regrown=61986 | mask_changes=123972
Round 013 | train_loss=1.4152 | test_loss=2.0432 | test_acc=0.2612 | sparsity=0.5000 | pruned=0 | regrown=0 | mask_changes=0
Round 014 | train_loss=1.3888 | test_loss=2.1131 | test_acc=0.2453 | sparsity=0.5000 | pruned=61986 | regrown=61986 | mask_changes=123972
Round 015 | train_loss=1.3758 | test_loss=1.9546 | test_acc=0.2783 | sparsity=0.5000 | pruned=0 | regrown=0 | mask_changes=0
Round 016 | train_loss=1.3452 | test_loss=2.0054 | test_acc=0.2801 | sparsity=0.5000 | pruned=61986 | regrown=61986 | mask_changes=123972
Round 017 | train_loss=1.3307 | test_loss=2.0037 | test_acc=0.2908 | sparsity=0.5000 | pruned=0 | regrown=0 | mask_changes=0
Round 018 | train_loss=1.3078 | test_loss=1.9387 | test_acc=0.3132 | sparsity=0.5000 | pruned=61986 | regrown=61986 | mask_changes=123972
Round 019 | train_loss=1.2980 | test_loss=1.9837 | test_acc=0.2886 | sparsity=0.5000 | pruned=0 | regrown=0 | mask_changes=0
Round 020 | train_loss=1.2781 | test_loss=1.8788 | test_acc=0.3276 | sparsity=0.5000 | pruned=61986 | regrown=61986 | mask_changes=123972
Saved training log to: results/logs/multiseed/cifar10_multiseed_fixed_5605136/seed_7/feddst_cifar10_clients5_alpha0.3_sparsity0.5_seed7_20260801_162841.csv

[Run 20/80] suite=multiseed method=cka_feddst seed=7 sparsity=0.5 cka_strength=yaml
Output log dir: results/logs/multiseed/cifar10_multiseed_fixed_5605136/seed_7
Command: /mnt/aiongpfs/users/dsen/micromamba/envs/cka-cifar/bin/python -m src.train --global-config configs/global_cifar10.yaml --config configs/cka_feddst_mnist.yaml --seed 7 --sparsity 0.5 --log-dir results/logs/multiseed/cifar10_multiseed_fixed_5605136/seed_7 --checkpoint-dir results/checkpoints/multiseed/cifar10_multiseed_fixed_5605136/seed_7 --plot-dir results/plots/multiseed/cifar10_multiseed_fixed_5605136
Final merged configuration:
alpha: 0.3
batch_size: 64
checkpoint_dir: results/checkpoints/multiseed/cifar10_multiseed_fixed_5605136/seed_7
cka_interval: 2
cka_layers:
- conv1
- conv2
- conv3
- fc1
cka_max_sparsity: 0.95
cka_min_sparsity: 0.5
cka_strength: 0.2
data_check: false
data_dir: data
dataset: cifar10
device: auto
disable_cudnn: true
dry_run: false
eval_interval: 1
experiment_config_path: configs/cka_feddst_mnist.yaml
global_config_path: configs/global_cifar10.yaml
local_epochs: 1
log_cka: false
log_dir: results/logs/multiseed/cifar10_multiseed_fixed_5605136/seed_7
lr: 0.01
mask_update_interval: 2
method: cka_feddst
model: cifar_cnn
num_clients: 5
num_workers: 2
output_dir: results
plot_dir: results/plots/multiseed/cifar10_multiseed_fixed_5605136
prune_fraction: 0.2
reference_size: 500
regrowth_method: gradient
rounds: 20
save_checkpoint: false
seed: 7
sparsity: 0.5
sparsity_init: random
split_dir: null
Saved merged config to: results/logs/multiseed/cifar10_multiseed_fixed_5605136/seed_7/cka_feddst_cifar10_clients5_alpha0.3_sparsity0.5_cka0.2_seed7_20260801_163316_config.yaml
cuDNN disabled for this run.
Client label distributions:
  client 00: n= 7681, labels=[142, 16, 5, 202, 411, 2130, 3884, 876, 12, 3]
  client 01: n= 8711, labels=[1321, 1281, 355, 76, 3165, 8, 25, 0, 1922, 558]
  client 02: n=19320, labels=[2810, 141, 3133, 4649, 1064, 2142, 26, 2148, 2915, 292]
  client 03: n= 5169, labels=[22, 3285, 1093, 5, 3, 639, 18, 41, 63, 0]
  client 04: n= 8619, labels=[655, 227, 364, 18, 307, 31, 997, 1885, 38, 4097]
Initial sparsity | total=0.5000 | active=309936/619872
Layer sparsity | conv1.weight:0.508102;conv2.weight:0.501302;conv3.weight:0.499146;fc1.weight:0.500034;fc2.weight:0.505469
Round 001 | train_loss=1.9954 | test_loss=2.2963 | test_acc=0.1211 | sparsity=0.5000 | cka=0 | targets=
Round 002 | train_loss=1.7366 | test_loss=2.3502 | test_acc=0.1232 | sparsity=0.5000 | cka=1 | targets=conv1.weight:0.500000;conv2.weight:0.500000;conv3.weight:0.500000;fc1.weight:0.500000
Round 003 | train_loss=1.6802 | test_loss=2.3642 | test_acc=0.1336 | sparsity=0.5000 | cka=0 | targets=conv1.weight:0.500000;conv2.weight:0.500000;conv3.weight:0.500000;fc1.weight:0.500000
Round 004 | train_loss=1.6558 | test_loss=2.3356 | test_acc=0.1538 | sparsity=0.5000 | cka=1 | targets=conv1.weight:0.500000;conv2.weight:0.500000;conv3.weight:0.500000;fc1.weight:0.500000
Round 005 | train_loss=1.6402 | test_loss=2.3892 | test_acc=0.1494 | sparsity=0.5000 | cka=0 | targets=conv1.weight:0.500000;conv2.weight:0.500000;conv3.weight:0.500000;fc1.weight:0.500000
Round 006 | train_loss=1.6163 | test_loss=2.4012 | test_acc=0.1541 | sparsity=0.5000 | cka=1 | targets=conv1.weight:0.500000;conv2.weight:0.500000;conv3.weight:0.500000;fc1.weight:0.500000
Round 007 | train_loss=1.6055 | test_loss=2.3134 | test_acc=0.2011 | sparsity=0.5000 | cka=0 | targets=conv1.weight:0.500000;conv2.weight:0.500000;conv3.weight:0.500000;fc1.weight:0.500000
Round 008 | train_loss=1.5723 | test_loss=2.2977 | test_acc=0.2001 | sparsity=0.5000 | cka=1 | targets=conv1.weight:0.500000;conv2.weight:0.500000;conv3.weight:0.500000;fc1.weight:0.500000
Round 009 | train_loss=1.5406 | test_loss=2.2598 | test_acc=0.2141 | sparsity=0.5000 | cka=0 | targets=conv1.weight:0.500000;conv2.weight:0.500000;conv3.weight:0.500000;fc1.weight:0.500000
Round 010 | train_loss=1.4937 | test_loss=2.3195 | test_acc=0.2084 | sparsity=0.5000 | cka=1 | targets=conv1.weight:0.500000;conv2.weight:0.500000;conv3.weight:0.500000;fc1.weight:0.500000
Round 011 | train_loss=1.4785 | test_loss=2.3698 | test_acc=0.2157 | sparsity=0.5000 | cka=0 | targets=conv1.weight:0.500000;conv2.weight:0.500000;conv3.weight:0.500000;fc1.weight:0.500000
Round 012 | train_loss=1.4356 | test_loss=2.1566 | test_acc=0.2440 | sparsity=0.5000 | cka=1 | targets=conv1.weight:0.500000;conv2.weight:0.500000;conv3.weight:0.500000;fc1.weight:0.500000
Round 013 | train_loss=1.4031 | test_loss=2.0213 | test_acc=0.2631 | sparsity=0.5000 | cka=0 | targets=conv1.weight:0.500000;conv2.weight:0.500000;conv3.weight:0.500000;fc1.weight:0.500000
Round 014 | train_loss=1.3783 | test_loss=2.0921 | test_acc=0.2480 | sparsity=0.5000 | cka=1 | targets=conv1.weight:0.500000;conv2.weight:0.500000;conv3.weight:0.500000;fc1.weight:0.500000
Round 015 | train_loss=1.3674 | test_loss=1.9429 | test_acc=0.2807 | sparsity=0.5000 | cka=0 | targets=conv1.weight:0.500000;conv2.weight:0.500000;conv3.weight:0.500000;fc1.weight:0.500000
Round 016 | train_loss=1.3377 | test_loss=2.0020 | test_acc=0.2834 | sparsity=0.5000 | cka=1 | targets=conv1.weight:0.500000;conv2.weight:0.500000;conv3.weight:0.500000;fc1.weight:0.500000
Round 017 | train_loss=1.3238 | test_loss=1.9906 | test_acc=0.2970 | sparsity=0.5000 | cka=0 | targets=conv1.weight:0.500000;conv2.weight:0.500000;conv3.weight:0.500000;fc1.weight:0.500000
Round 018 | train_loss=1.3021 | test_loss=1.9335 | test_acc=0.3141 | sparsity=0.5000 | cka=1 | targets=conv1.weight:0.500000;conv2.weight:0.500000;conv3.weight:0.500000;fc1.weight:0.500000
Round 019 | train_loss=1.2936 | test_loss=1.9832 | test_acc=0.2891 | sparsity=0.5000 | cka=0 | targets=conv1.weight:0.500000;conv2.weight:0.500000;conv3.weight:0.500000;fc1.weight:0.500000
Round 020 | train_loss=1.2753 | test_loss=1.8757 | test_acc=0.3316 | sparsity=0.5000 | cka=1 | targets=conv1.weight:0.500000;conv2.weight:0.500000;conv3.weight:0.500000;fc1.weight:0.500000
Saved training log to: results/logs/multiseed/cifar10_multiseed_fixed_5605136/seed_7/cka_feddst_cifar10_clients5_alpha0.3_sparsity0.5_cka0.2_seed7_20260801_163316.csv
Saved CKA log to: results/logs/multiseed/cifar10_multiseed_fixed_5605136/seed_7/cka_feddst_cifar10_clients5_alpha0.3_sparsity0.5_cka0.2_seed7_20260801_163316_cka.csv

[Run 21/80] suite=multiseed method=sparse_fedavg seed=7 sparsity=0.7 cka_strength=yaml
Output log dir: results/logs/multiseed/cifar10_multiseed_fixed_5605136/seed_7
Command: /mnt/aiongpfs/users/dsen/micromamba/envs/cka-cifar/bin/python -m src.train --global-config configs/global_cifar10.yaml --config configs/sparse_fedavg_mnist.yaml --seed 7 --sparsity 0.7 --log-dir results/logs/multiseed/cifar10_multiseed_fixed_5605136/seed_7 --checkpoint-dir results/checkpoints/multiseed/cifar10_multiseed_fixed_5605136/seed_7 --plot-dir results/plots/multiseed/cifar10_multiseed_fixed_5605136
Final merged configuration:
alpha: 0.3
batch_size: 64
checkpoint_dir: results/checkpoints/multiseed/cifar10_multiseed_fixed_5605136/seed_7
cka_interval: 1
cka_layers:
- conv1
- conv2
- conv3
- fc1
cka_max_sparsity: 0.99
cka_min_sparsity: 0.0
cka_strength: 0.5
data_check: false
data_dir: data
dataset: cifar10
device: auto
disable_cudnn: true
dry_run: false
eval_interval: 1
experiment_config_path: configs/sparse_fedavg_mnist.yaml
global_config_path: configs/global_cifar10.yaml
local_epochs: 1
log_cka: false
log_dir: results/logs/multiseed/cifar10_multiseed_fixed_5605136/seed_7
lr: 0.01
mask_update_interval: 1
method: sparse_fedavg
model: cifar_cnn
num_clients: 5
num_workers: 2
output_dir: results
plot_dir: results/plots/multiseed/cifar10_multiseed_fixed_5605136
prune_fraction: 0.1
reference_size: 500
regrowth_method: gradient
rounds: 20
save_checkpoint: false
seed: 7
sparsity: 0.7
sparsity_init: random
split_dir: null
Saved merged config to: results/logs/multiseed/cifar10_multiseed_fixed_5605136/seed_7/sparse_fedavg_cifar10_clients5_alpha0.3_sparsity0.7_seed7_20260801_163822_config.yaml
cuDNN disabled for this run.
Client label distributions:
  client 00: n= 7681, labels=[142, 16, 5, 202, 411, 2130, 3884, 876, 12, 3]
  client 01: n= 8711, labels=[1321, 1281, 355, 76, 3165, 8, 25, 0, 1922, 558]
  client 02: n=19320, labels=[2810, 141, 3133, 4649, 1064, 2142, 26, 2148, 2915, 292]
  client 03: n= 5169, labels=[22, 3285, 1093, 5, 3, 639, 18, 41, 63, 0]
  client 04: n= 8619, labels=[655, 227, 364, 18, 307, 31, 997, 1885, 38, 4097]
Initial sparsity | total=0.7000 | active=185962/619872
Layer sparsity | conv1.weight:0.700231;conv2.weight:0.701335;conv3.weight:0.700033;fc1.weight:0.699921;fc2.weight:0.705469
Round 001 | train_loss=2.1907 | test_loss=2.3037 | test_acc=0.1001 | sparsity=0.7000
Round 002 | train_loss=2.1415 | test_loss=2.3039 | test_acc=0.1362 | sparsity=0.7000
Round 003 | train_loss=1.9426 | test_loss=2.3388 | test_acc=0.1074 | sparsity=0.7000
Round 004 | train_loss=1.7632 | test_loss=2.3822 | test_acc=0.1119 | sparsity=0.7000
Round 005 | train_loss=1.7032 | test_loss=2.3856 | test_acc=0.1256 | sparsity=0.7000
Round 006 | train_loss=1.6789 | test_loss=2.4392 | test_acc=0.1251 | sparsity=0.7000
Round 007 | train_loss=1.6619 | test_loss=2.4042 | test_acc=0.1514 | sparsity=0.7000
Round 008 | train_loss=1.6514 | test_loss=2.4002 | test_acc=0.1549 | sparsity=0.7000
Round 009 | train_loss=1.6400 | test_loss=2.3912 | test_acc=0.1548 | sparsity=0.7000
Round 010 | train_loss=1.6251 | test_loss=2.3846 | test_acc=0.1690 | sparsity=0.7000
Round 011 | train_loss=1.6166 | test_loss=2.4866 | test_acc=0.1569 | sparsity=0.7000
Round 012 | train_loss=1.6037 | test_loss=2.3603 | test_acc=0.1855 | sparsity=0.7000
Round 013 | train_loss=1.5875 | test_loss=2.3010 | test_acc=0.1913 | sparsity=0.7000
Round 014 | train_loss=1.5761 | test_loss=2.3498 | test_acc=0.1909 | sparsity=0.7000
Round 015 | train_loss=1.5562 | test_loss=2.2731 | test_acc=0.1942 | sparsity=0.7000
Round 016 | train_loss=1.5374 | test_loss=2.3095 | test_acc=0.2127 | sparsity=0.7000
Round 017 | train_loss=1.5187 | test_loss=2.3091 | test_acc=0.2240 | sparsity=0.7000
Round 018 | train_loss=1.4926 | test_loss=2.3497 | test_acc=0.2301 | sparsity=0.7000
Round 019 | train_loss=1.4736 | test_loss=2.5285 | test_acc=0.2021 | sparsity=0.7000
Round 020 | train_loss=1.4605 | test_loss=2.1982 | test_acc=0.2459 | sparsity=0.7000
Saved training log to: results/logs/multiseed/cifar10_multiseed_fixed_5605136/seed_7/sparse_fedavg_cifar10_clients5_alpha0.3_sparsity0.7_seed7_20260801_163822.csv

[Run 22/80] suite=multiseed method=feddst seed=7 sparsity=0.7 cka_strength=yaml
Output log dir: results/logs/multiseed/cifar10_multiseed_fixed_5605136/seed_7
Command: /mnt/aiongpfs/users/dsen/micromamba/envs/cka-cifar/bin/python -m src.train --global-config configs/global_cifar10.yaml --config configs/feddst_mnist.yaml --seed 7 --sparsity 0.7 --log-dir results/logs/multiseed/cifar10_multiseed_fixed_5605136/seed_7 --checkpoint-dir results/checkpoints/multiseed/cifar10_multiseed_fixed_5605136/seed_7 --plot-dir results/plots/multiseed/cifar10_multiseed_fixed_5605136
Final merged configuration:
alpha: 0.3
batch_size: 64
checkpoint_dir: results/checkpoints/multiseed/cifar10_multiseed_fixed_5605136/seed_7
cka_interval: 1
cka_layers:
- conv1
- conv2
- conv3
- fc1
cka_max_sparsity: 0.99
cka_min_sparsity: 0.0
cka_strength: 0.5
data_check: false
data_dir: data
dataset: cifar10
device: auto
disable_cudnn: true
dry_run: false
eval_interval: 1
experiment_config_path: configs/feddst_mnist.yaml
global_config_path: configs/global_cifar10.yaml
local_epochs: 1
log_cka: false
log_dir: results/logs/multiseed/cifar10_multiseed_fixed_5605136/seed_7
lr: 0.01
mask_update_interval: 2
method: feddst
model: cifar_cnn
num_clients: 5
num_workers: 2
output_dir: results
plot_dir: results/plots/multiseed/cifar10_multiseed_fixed_5605136
prune_fraction: 0.2
reference_size: 500
regrowth_method: gradient
rounds: 20
save_checkpoint: false
seed: 7
sparsity: 0.7
sparsity_init: random
split_dir: null
Saved merged config to: results/logs/multiseed/cifar10_multiseed_fixed_5605136/seed_7/feddst_cifar10_clients5_alpha0.3_sparsity0.7_seed7_20260801_164138_config.yaml
cuDNN disabled for this run.
Client label distributions:
  client 00: n= 7681, labels=[142, 16, 5, 202, 411, 2130, 3884, 876, 12, 3]
  client 01: n= 8711, labels=[1321, 1281, 355, 76, 3165, 8, 25, 0, 1922, 558]
  client 02: n=19320, labels=[2810, 141, 3133, 4649, 1064, 2142, 26, 2148, 2915, 292]
  client 03: n= 5169, labels=[22, 3285, 1093, 5, 3, 639, 18, 41, 63, 0]
  client 04: n= 8619, labels=[655, 227, 364, 18, 307, 31, 997, 1885, 38, 4097]
Initial sparsity | total=0.7000 | active=185962/619872
Layer sparsity | conv1.weight:0.700231;conv2.weight:0.701335;conv3.weight:0.700033;fc1.weight:0.699921;fc2.weight:0.705469
Round 001 | train_loss=2.1907 | test_loss=2.3037 | test_acc=0.1001 | sparsity=0.7000 | pruned=0 | regrown=0 | mask_changes=0
Round 002 | train_loss=2.1415 | test_loss=2.3033 | test_acc=0.1369 | sparsity=0.7000 | pruned=37193 | regrown=37193 | mask_changes=74386
Round 003 | train_loss=1.8425 | test_loss=2.3900 | test_acc=0.1070 | sparsity=0.7000 | pruned=0 | regrown=0 | mask_changes=0
Round 004 | train_loss=1.7062 | test_loss=2.3004 | test_acc=0.1263 | sparsity=0.7000 | pruned=37193 | regrown=37193 | mask_changes=74386
Round 005 | train_loss=1.7118 | test_loss=2.3585 | test_acc=0.1251 | sparsity=0.7000 | pruned=0 | regrown=0 | mask_changes=0
Round 006 | train_loss=1.6702 | test_loss=2.3989 | test_acc=0.1247 | sparsity=0.7000 | pruned=37193 | regrown=37193 | mask_changes=74386
Round 007 | train_loss=1.6553 | test_loss=2.3651 | test_acc=0.1521 | sparsity=0.7000 | pruned=0 | regrown=0 | mask_changes=0
Round 008 | train_loss=1.6410 | test_loss=2.3943 | test_acc=0.1475 | sparsity=0.7000 | pruned=37193 | regrown=37193 | mask_changes=74386
Round 009 | train_loss=1.6330 | test_loss=2.3633 | test_acc=0.1557 | sparsity=0.7000 | pruned=0 | regrown=0 | mask_changes=0
Round 010 | train_loss=1.6142 | test_loss=2.3846 | test_acc=0.1708 | sparsity=0.7000 | pruned=37193 | regrown=37193 | mask_changes=74386
Round 011 | train_loss=1.6132 | test_loss=2.4037 | test_acc=0.1638 | sparsity=0.7000 | pruned=0 | regrown=0 | mask_changes=0
Round 012 | train_loss=1.5917 | test_loss=2.3713 | test_acc=0.1849 | sparsity=0.7000 | pruned=37193 | regrown=37193 | mask_changes=74386
Round 013 | train_loss=1.5795 | test_loss=2.2645 | test_acc=0.1972 | sparsity=0.7000 | pruned=0 | regrown=0 | mask_changes=0
Round 014 | train_loss=1.5573 | test_loss=2.3498 | test_acc=0.1996 | sparsity=0.7000 | pruned=37193 | regrown=37193 | mask_changes=74386
Round 015 | train_loss=1.5431 | test_loss=2.1899 | test_acc=0.2064 | sparsity=0.7000 | pruned=0 | regrown=0 | mask_changes=0
Round 016 | train_loss=1.5004 | test_loss=2.3837 | test_acc=0.1990 | sparsity=0.7000 | pruned=37193 | regrown=37193 | mask_changes=74386
Round 017 | train_loss=1.4800 | test_loss=2.2605 | test_acc=0.2243 | sparsity=0.7000 | pruned=0 | regrown=0 | mask_changes=0
Round 018 | train_loss=1.4429 | test_loss=2.2891 | test_acc=0.2346 | sparsity=0.7000 | pruned=37193 | regrown=37193 | mask_changes=74386
Round 019 | train_loss=1.4415 | test_loss=2.5819 | test_acc=0.1891 | sparsity=0.7000 | pruned=0 | regrown=0 | mask_changes=0
Round 020 | train_loss=1.4199 | test_loss=2.1225 | test_acc=0.2484 | sparsity=0.7000 | pruned=37193 | regrown=37193 | mask_changes=74386
Saved training log to: results/logs/multiseed/cifar10_multiseed_fixed_5605136/seed_7/feddst_cifar10_clients5_alpha0.3_sparsity0.7_seed7_20260801_164138.csv

[Run 23/80] suite=multiseed method=cka_feddst seed=7 sparsity=0.7 cka_strength=yaml
Output log dir: results/logs/multiseed/cifar10_multiseed_fixed_5605136/seed_7
Command: /mnt/aiongpfs/users/dsen/micromamba/envs/cka-cifar/bin/python -m src.train --global-config configs/global_cifar10.yaml --config configs/cka_feddst_mnist.yaml --seed 7 --sparsity 0.7 --log-dir results/logs/multiseed/cifar10_multiseed_fixed_5605136/seed_7 --checkpoint-dir results/checkpoints/multiseed/cifar10_multiseed_fixed_5605136/seed_7 --plot-dir results/plots/multiseed/cifar10_multiseed_fixed_5605136
Final merged configuration:
alpha: 0.3
batch_size: 64
checkpoint_dir: results/checkpoints/multiseed/cifar10_multiseed_fixed_5605136/seed_7
cka_interval: 2
cka_layers:
- conv1
- conv2
- conv3
- fc1
cka_max_sparsity: 0.95
cka_min_sparsity: 0.5
cka_strength: 0.2
data_check: false
data_dir: data
dataset: cifar10
device: auto
disable_cudnn: true
dry_run: false
eval_interval: 1
experiment_config_path: configs/cka_feddst_mnist.yaml
global_config_path: configs/global_cifar10.yaml
local_epochs: 1
log_cka: false
log_dir: results/logs/multiseed/cifar10_multiseed_fixed_5605136/seed_7
lr: 0.01
mask_update_interval: 2
method: cka_feddst
model: cifar_cnn
num_clients: 5
num_workers: 2
output_dir: results
plot_dir: results/plots/multiseed/cifar10_multiseed_fixed_5605136
prune_fraction: 0.2
reference_size: 500
regrowth_method: gradient
rounds: 20
save_checkpoint: false
seed: 7
sparsity: 0.7
sparsity_init: random
split_dir: null
Saved merged config to: results/logs/multiseed/cifar10_multiseed_fixed_5605136/seed_7/cka_feddst_cifar10_clients5_alpha0.3_sparsity0.7_cka0.2_seed7_20260801_164615_config.yaml
cuDNN disabled for this run.
Client label distributions:
  client 00: n= 7681, labels=[142, 16, 5, 202, 411, 2130, 3884, 876, 12, 3]
  client 01: n= 8711, labels=[1321, 1281, 355, 76, 3165, 8, 25, 0, 1922, 558]
  client 02: n=19320, labels=[2810, 141, 3133, 4649, 1064, 2142, 26, 2148, 2915, 292]
  client 03: n= 5169, labels=[22, 3285, 1093, 5, 3, 639, 18, 41, 63, 0]
  client 04: n= 8619, labels=[655, 227, 364, 18, 307, 31, 997, 1885, 38, 4097]
Initial sparsity | total=0.7000 | active=185962/619872
Layer sparsity | conv1.weight:0.700231;conv2.weight:0.701335;conv3.weight:0.700033;fc1.weight:0.699921;fc2.weight:0.705469
Round 001 | train_loss=2.1907 | test_loss=2.3037 | test_acc=0.1001 | sparsity=0.7000 | cka=0 | targets=
Round 002 | train_loss=2.1415 | test_loss=2.3033 | test_acc=0.1369 | sparsity=0.7000 | cka=1 | targets=conv1.weight:0.699074;conv2.weight:0.698947;conv3.weight:0.699042;fc1.weight:0.700172
Round 003 | train_loss=1.8425 | test_loss=2.3903 | test_acc=0.1070 | sparsity=0.7000 | cka=0 | targets=conv1.weight:0.699074;conv2.weight:0.698947;conv3.weight:0.699042;fc1.weight:0.700172
Round 004 | train_loss=1.7061 | test_loss=2.3009 | test_acc=0.1261 | sparsity=0.7000 | cka=1 | targets=conv1.weight:0.699074;conv2.weight:0.698893;conv3.weight:0.698893;fc1.weight:0.700195
Round 005 | train_loss=1.7116 | test_loss=2.3591 | test_acc=0.1253 | sparsity=0.7000 | cka=0 | targets=conv1.weight:0.699074;conv2.weight:0.698893;conv3.weight:0.698893;fc1.weight:0.700195
Round 006 | train_loss=1.6702 | test_loss=2.4010 | test_acc=0.1247 | sparsity=0.7000 | cka=1 | targets=conv1.weight:0.699074;conv2.weight:0.699164;conv3.weight:0.699178;fc1.weight:0.700146
Round 007 | train_loss=1.6554 | test_loss=2.3626 | test_acc=0.1552 | sparsity=0.7000 | cka=0 | targets=conv1.weight:0.699074;conv2.weight:0.699164;conv3.weight:0.699178;fc1.weight:0.700146
Round 008 | train_loss=1.6410 | test_loss=2.4001 | test_acc=0.1462 | sparsity=0.7000 | cka=1 | targets=conv1.weight:0.699074;conv2.weight:0.698947;conv3.weight:0.698947;fc1.weight:0.700186
Round 009 | train_loss=1.6330 | test_loss=2.3640 | test_acc=0.1568 | sparsity=0.7000 | cka=0 | targets=conv1.weight:0.699074;conv2.weight:0.698947;conv3.weight:0.698947;fc1.weight:0.700186
Round 010 | train_loss=1.6142 | test_loss=2.3871 | test_acc=0.1689 | sparsity=0.7000 | cka=1 | targets=conv1.weight:0.699074;conv2.weight:0.699273;conv3.weight:0.699287;fc1.weight:0.700127
Round 011 | train_loss=1.6133 | test_loss=2.3994 | test_acc=0.1657 | sparsity=0.7000 | cka=0 | targets=conv1.weight:0.699074;conv2.weight:0.699273;conv3.weight:0.699287;fc1.weight:0.700127
Round 012 | train_loss=1.5921 | test_loss=2.3717 | test_acc=0.1836 | sparsity=0.7000 | cka=1 | targets=conv1.weight:0.699074;conv2.weight:0.698730;conv3.weight:0.698798;fc1.weight:0.700214
Round 013 | train_loss=1.5798 | test_loss=2.2631 | test_acc=0.1982 | sparsity=0.7000 | cka=0 | targets=conv1.weight:0.699074;conv2.weight:0.698730;conv3.weight:0.698798;fc1.weight:0.700214
Round 014 | train_loss=1.5583 | test_loss=2.3457 | test_acc=0.1996 | sparsity=0.7000 | cka=1 | targets=conv1.weight:0.699074;conv2.weight:0.699056;conv3.weight:0.699178;fc1.weight:0.700150
Round 015 | train_loss=1.5438 | test_loss=2.1903 | test_acc=0.2059 | sparsity=0.7000 | cka=0 | targets=conv1.weight:0.699074;conv2.weight:0.699056;conv3.weight:0.699178;fc1.weight:0.700150
Round 016 | train_loss=1.5004 | test_loss=2.3692 | test_acc=0.2012 | sparsity=0.7000 | cka=1 | targets=conv1.weight:0.699074;conv2.weight:0.698730;conv3.weight:0.699151;fc1.weight:0.700165
Round 017 | train_loss=1.4779 | test_loss=2.2552 | test_acc=0.2243 | sparsity=0.7000 | cka=0 | targets=conv1.weight:0.699074;conv2.weight:0.698730;conv3.weight:0.699151;fc1.weight:0.700165
Round 018 | train_loss=1.4399 | test_loss=2.2636 | test_acc=0.2372 | sparsity=0.7000 | cka=1 | targets=conv1.weight:0.697917;conv2.weight:0.698405;conv3.weight:0.698500;fc1.weight:0.700270
Round 019 | train_loss=1.4396 | test_loss=2.5692 | test_acc=0.1906 | sparsity=0.7000 | cka=0 | targets=conv1.weight:0.697917;conv2.weight:0.698405;conv3.weight:0.698500;fc1.weight:0.700270
Round 020 | train_loss=1.4186 | test_loss=2.1145 | test_acc=0.2488 | sparsity=0.7000 | cka=1 | targets=conv1.weight:0.697917;conv2.weight:0.698242;conv3.weight:0.698419;fc1.weight:0.700287
Saved training log to: results/logs/multiseed/cifar10_multiseed_fixed_5605136/seed_7/cka_feddst_cifar10_clients5_alpha0.3_sparsity0.7_cka0.2_seed7_20260801_164615.csv
Saved CKA log to: results/logs/multiseed/cifar10_multiseed_fixed_5605136/seed_7/cka_feddst_cifar10_clients5_alpha0.3_sparsity0.7_cka0.2_seed7_20260801_164615_cka.csv

[Run 24/80] suite=multiseed method=sparse_fedavg seed=7 sparsity=0.8 cka_strength=yaml
Output log dir: results/logs/multiseed/cifar10_multiseed_fixed_5605136/seed_7
Command: /mnt/aiongpfs/users/dsen/micromamba/envs/cka-cifar/bin/python -m src.train --global-config configs/global_cifar10.yaml --config configs/sparse_fedavg_mnist.yaml --seed 7 --sparsity 0.8 --log-dir results/logs/multiseed/cifar10_multiseed_fixed_5605136/seed_7 --checkpoint-dir results/checkpoints/multiseed/cifar10_multiseed_fixed_5605136/seed_7 --plot-dir results/plots/multiseed/cifar10_multiseed_fixed_5605136
Final merged configuration:
alpha: 0.3
batch_size: 64
checkpoint_dir: results/checkpoints/multiseed/cifar10_multiseed_fixed_5605136/seed_7
cka_interval: 1
cka_layers:
- conv1
- conv2
- conv3
- fc1
cka_max_sparsity: 0.99
cka_min_sparsity: 0.0
cka_strength: 0.5
data_check: false
data_dir: data
dataset: cifar10
device: auto
disable_cudnn: true
dry_run: false
eval_interval: 1
experiment_config_path: configs/sparse_fedavg_mnist.yaml
global_config_path: configs/global_cifar10.yaml
local_epochs: 1
log_cka: false
log_dir: results/logs/multiseed/cifar10_multiseed_fixed_5605136/seed_7
lr: 0.01
mask_update_interval: 1
method: sparse_fedavg
model: cifar_cnn
num_clients: 5
num_workers: 2
output_dir: results
plot_dir: results/plots/multiseed/cifar10_multiseed_fixed_5605136
prune_fraction: 0.1
reference_size: 500
regrowth_method: gradient
rounds: 20
save_checkpoint: false
seed: 7
sparsity: 0.8
sparsity_init: random
split_dir: null
Saved merged config to: results/logs/multiseed/cifar10_multiseed_fixed_5605136/seed_7/sparse_fedavg_cifar10_clients5_alpha0.3_sparsity0.8_seed7_20260801_165118_config.yaml
cuDNN disabled for this run.
Client label distributions:
  client 00: n= 7681, labels=[142, 16, 5, 202, 411, 2130, 3884, 876, 12, 3]
  client 01: n= 8711, labels=[1321, 1281, 355, 76, 3165, 8, 25, 0, 1922, 558]
  client 02: n=19320, labels=[2810, 141, 3133, 4649, 1064, 2142, 26, 2148, 2915, 292]
  client 03: n= 5169, labels=[22, 3285, 1093, 5, 3, 639, 18, 41, 63, 0]
  client 04: n= 8619, labels=[655, 227, 364, 18, 307, 31, 997, 1885, 38, 4097]
Initial sparsity | total=0.8000 | active=123974/619872
Layer sparsity | conv1.weight:0.807870;conv2.weight:0.799533;conv3.weight:0.801866;fc1.weight:0.799719;fc2.weight:0.804688
Round 001 | train_loss=2.2012 | test_loss=2.3042 | test_acc=0.1000 | sparsity=0.8000
Round 002 | train_loss=2.2024 | test_loss=2.3065 | test_acc=0.1000 | sparsity=0.8000
Round 003 | train_loss=2.2044 | test_loss=2.3094 | test_acc=0.1000 | sparsity=0.8000
Round 004 | train_loss=2.2060 | test_loss=2.3126 | test_acc=0.1000 | sparsity=0.8000
Round 005 | train_loss=2.2063 | test_loss=2.3158 | test_acc=0.1000 | sparsity=0.8000
Round 006 | train_loss=2.2030 | test_loss=2.3186 | test_acc=0.1000 | sparsity=0.8000
Round 007 | train_loss=2.1859 | test_loss=2.3209 | test_acc=0.1000 | sparsity=0.8000
Round 008 | train_loss=2.1255 | test_loss=2.3249 | test_acc=0.1615 | sparsity=0.8000
Round 009 | train_loss=1.9867 | test_loss=2.3365 | test_acc=0.1071 | sparsity=0.8000
Round 010 | train_loss=1.8247 | test_loss=2.3464 | test_acc=0.1103 | sparsity=0.8000
Round 011 | train_loss=1.7423 | test_loss=2.3800 | test_acc=0.1131 | sparsity=0.8000
Round 012 | train_loss=1.7006 | test_loss=2.3586 | test_acc=0.1277 | sparsity=0.8000
Round 013 | train_loss=1.6766 | test_loss=2.3418 | test_acc=0.1390 | sparsity=0.8000
Round 014 | train_loss=1.6629 | test_loss=2.3731 | test_acc=0.1482 | sparsity=0.8000
Round 015 | train_loss=1.6480 | test_loss=2.3544 | test_acc=0.1595 | sparsity=0.8000
Round 016 | train_loss=1.6391 | test_loss=2.3916 | test_acc=0.1614 | sparsity=0.8000
Round 017 | train_loss=1.6319 | test_loss=2.4060 | test_acc=0.1583 | sparsity=0.8000
Round 018 | train_loss=1.6230 | test_loss=2.3716 | test_acc=0.1760 | sparsity=0.8000
Round 019 | train_loss=1.6139 | test_loss=2.4199 | test_acc=0.1523 | sparsity=0.8000
Round 020 | train_loss=1.6066 | test_loss=2.3761 | test_acc=0.1760 | sparsity=0.8000
Saved training log to: results/logs/multiseed/cifar10_multiseed_fixed_5605136/seed_7/sparse_fedavg_cifar10_clients5_alpha0.3_sparsity0.8_seed7_20260801_165118.csv

[Run 25/80] suite=multiseed method=feddst seed=7 sparsity=0.8 cka_strength=yaml
Output log dir: results/logs/multiseed/cifar10_multiseed_fixed_5605136/seed_7
Command: /mnt/aiongpfs/users/dsen/micromamba/envs/cka-cifar/bin/python -m src.train --global-config configs/global_cifar10.yaml --config configs/feddst_mnist.yaml --seed 7 --sparsity 0.8 --log-dir results/logs/multiseed/cifar10_multiseed_fixed_5605136/seed_7 --checkpoint-dir results/checkpoints/multiseed/cifar10_multiseed_fixed_5605136/seed_7 --plot-dir results/plots/multiseed/cifar10_multiseed_fixed_5605136
Final merged configuration:
alpha: 0.3
batch_size: 64
checkpoint_dir: results/checkpoints/multiseed/cifar10_multiseed_fixed_5605136/seed_7
cka_interval: 1
cka_layers:
- conv1
- conv2
- conv3
- fc1
cka_max_sparsity: 0.99
cka_min_sparsity: 0.0
cka_strength: 0.5
data_check: false
data_dir: data
dataset: cifar10
device: auto
disable_cudnn: true
dry_run: false
eval_interval: 1
experiment_config_path: configs/feddst_mnist.yaml
global_config_path: configs/global_cifar10.yaml
local_epochs: 1
log_cka: false
log_dir: results/logs/multiseed/cifar10_multiseed_fixed_5605136/seed_7
lr: 0.01
mask_update_interval: 2
method: feddst
model: cifar_cnn
num_clients: 5
num_workers: 2
output_dir: results
plot_dir: results/plots/multiseed/cifar10_multiseed_fixed_5605136
prune_fraction: 0.2
reference_size: 500
regrowth_method: gradient
rounds: 20
save_checkpoint: false
seed: 7
sparsity: 0.8
sparsity_init: random
split_dir: null
Saved merged config to: results/logs/multiseed/cifar10_multiseed_fixed_5605136/seed_7/feddst_cifar10_clients5_alpha0.3_sparsity0.8_seed7_20260801_165433_config.yaml
cuDNN disabled for this run.
Client label distributions:
  client 00: n= 7681, labels=[142, 16, 5, 202, 411, 2130, 3884, 876, 12, 3]
  client 01: n= 8711, labels=[1321, 1281, 355, 76, 3165, 8, 25, 0, 1922, 558]
  client 02: n=19320, labels=[2810, 141, 3133, 4649, 1064, 2142, 26, 2148, 2915, 292]
  client 03: n= 5169, labels=[22, 3285, 1093, 5, 3, 639, 18, 41, 63, 0]
  client 04: n= 8619, labels=[655, 227, 364, 18, 307, 31, 997, 1885, 38, 4097]
Initial sparsity | total=0.8000 | active=123974/619872
Layer sparsity | conv1.weight:0.807870;conv2.weight:0.799533;conv3.weight:0.801866;fc1.weight:0.799719;fc2.weight:0.804688
Round 001 | train_loss=2.2012 | test_loss=2.3042 | test_acc=0.1000 | sparsity=0.8000 | pruned=0 | regrown=0 | mask_changes=0
Round 002 | train_loss=2.2024 | test_loss=2.3065 | test_acc=0.1000 | sparsity=0.8000 | pruned=24795 | regrown=24795 | mask_changes=49590
Round 003 | train_loss=2.1937 | test_loss=2.3092 | test_acc=0.1000 | sparsity=0.8000 | pruned=0 | regrown=0 | mask_changes=0
Round 004 | train_loss=2.0780 | test_loss=2.3075 | test_acc=0.1356 | sparsity=0.8000 | pruned=24795 | regrown=24795 | mask_changes=49590
Round 005 | train_loss=1.8775 | test_loss=2.3756 | test_acc=0.1045 | sparsity=0.8000 | pruned=0 | regrown=0 | mask_changes=0
Round 006 | train_loss=1.7172 | test_loss=2.3995 | test_acc=0.1056 | sparsity=0.8000 | pruned=24795 | regrown=24795 | mask_changes=49590
Round 007 | train_loss=1.6841 | test_loss=2.4243 | test_acc=0.1301 | sparsity=0.8000 | pruned=0 | regrown=0 | mask_changes=0
Round 008 | train_loss=1.6676 | test_loss=2.4154 | test_acc=0.1181 | sparsity=0.8000 | pruned=24795 | regrown=24795 | mask_changes=49590
Round 009 | train_loss=1.6594 | test_loss=2.3794 | test_acc=0.1242 | sparsity=0.8000 | pruned=0 | regrown=0 | mask_changes=0
Round 010 | train_loss=1.6419 | test_loss=2.3926 | test_acc=0.1360 | sparsity=0.8000 | pruned=24795 | regrown=24795 | mask_changes=49590
Round 011 | train_loss=1.6383 | test_loss=2.4342 | test_acc=0.1304 | sparsity=0.8000 | pruned=0 | regrown=0 | mask_changes=0
Round 012 | train_loss=1.6240 | test_loss=2.3556 | test_acc=0.1494 | sparsity=0.8000 | pruned=24795 | regrown=24795 | mask_changes=49590
Round 013 | train_loss=1.6148 | test_loss=2.2958 | test_acc=0.1683 | sparsity=0.8000 | pruned=0 | regrown=0 | mask_changes=0
Round 014 | train_loss=1.6058 | test_loss=2.3092 | test_acc=0.1732 | sparsity=0.8000 | pruned=24795 | regrown=24795 | mask_changes=49590
Round 015 | train_loss=1.5966 | test_loss=2.2877 | test_acc=0.1819 | sparsity=0.8000 | pruned=0 | regrown=0 | mask_changes=0
Round 016 | train_loss=1.5836 | test_loss=2.2989 | test_acc=0.1851 | sparsity=0.8000 | pruned=24795 | regrown=24795 | mask_changes=49590
Round 017 | train_loss=1.5810 | test_loss=2.3171 | test_acc=0.1772 | sparsity=0.8000 | pruned=0 | regrown=0 | mask_changes=0
Round 018 | train_loss=1.5680 | test_loss=2.3019 | test_acc=0.1959 | sparsity=0.8000 | pruned=24795 | regrown=24795 | mask_changes=49590
Round 019 | train_loss=1.5661 | test_loss=2.3952 | test_acc=0.1491 | sparsity=0.8000 | pruned=0 | regrown=0 | mask_changes=0
Round 020 | train_loss=1.5502 | test_loss=2.2680 | test_acc=0.1994 | sparsity=0.8000 | pruned=24795 | regrown=24795 | mask_changes=49590
Saved training log to: results/logs/multiseed/cifar10_multiseed_fixed_5605136/seed_7/feddst_cifar10_clients5_alpha0.3_sparsity0.8_seed7_20260801_165433.csv

[Run 26/80] suite=multiseed method=cka_feddst seed=7 sparsity=0.8 cka_strength=yaml
Output log dir: results/logs/multiseed/cifar10_multiseed_fixed_5605136/seed_7
Command: /mnt/aiongpfs/users/dsen/micromamba/envs/cka-cifar/bin/python -m src.train --global-config configs/global_cifar10.yaml --config configs/cka_feddst_mnist.yaml --seed 7 --sparsity 0.8 --log-dir results/logs/multiseed/cifar10_multiseed_fixed_5605136/seed_7 --checkpoint-dir results/checkpoints/multiseed/cifar10_multiseed_fixed_5605136/seed_7 --plot-dir results/plots/multiseed/cifar10_multiseed_fixed_5605136
Final merged configuration:
alpha: 0.3
batch_size: 64
checkpoint_dir: results/checkpoints/multiseed/cifar10_multiseed_fixed_5605136/seed_7
cka_interval: 2
cka_layers:
- conv1
- conv2
- conv3
- fc1
cka_max_sparsity: 0.95
cka_min_sparsity: 0.5
cka_strength: 0.2
data_check: false
data_dir: data
dataset: cifar10
device: auto
disable_cudnn: true
dry_run: false
eval_interval: 1
experiment_config_path: configs/cka_feddst_mnist.yaml
global_config_path: configs/global_cifar10.yaml
local_epochs: 1
log_cka: false
log_dir: results/logs/multiseed/cifar10_multiseed_fixed_5605136/seed_7
lr: 0.01
mask_update_interval: 2
method: cka_feddst
model: cifar_cnn
num_clients: 5
num_workers: 2
output_dir: results
plot_dir: results/plots/multiseed/cifar10_multiseed_fixed_5605136
prune_fraction: 0.2
reference_size: 500
regrowth_method: gradient
rounds: 20
save_checkpoint: false
seed: 7
sparsity: 0.8
sparsity_init: random
split_dir: null
Saved merged config to: results/logs/multiseed/cifar10_multiseed_fixed_5605136/seed_7/cka_feddst_cifar10_clients5_alpha0.3_sparsity0.8_cka0.2_seed7_20260801_165907_config.yaml
cuDNN disabled for this run.
Client label distributions:
  client 00: n= 7681, labels=[142, 16, 5, 202, 411, 2130, 3884, 876, 12, 3]
  client 01: n= 8711, labels=[1321, 1281, 355, 76, 3165, 8, 25, 0, 1922, 558]
  client 02: n=19320, labels=[2810, 141, 3133, 4649, 1064, 2142, 26, 2148, 2915, 292]
  client 03: n= 5169, labels=[22, 3285, 1093, 5, 3, 639, 18, 41, 63, 0]
  client 04: n= 8619, labels=[655, 227, 364, 18, 307, 31, 997, 1885, 38, 4097]
Initial sparsity | total=0.8000 | active=123974/619872
Layer sparsity | conv1.weight:0.807870;conv2.weight:0.799533;conv3.weight:0.801866;fc1.weight:0.799719;fc2.weight:0.804688
Round 001 | train_loss=2.2012 | test_loss=2.3042 | test_acc=0.1000 | sparsity=0.8000 | cka=0 | targets=
Round 002 | train_loss=2.2024 | test_loss=2.3065 | test_acc=0.1000 | sparsity=0.8000 | cka=1 | targets=conv1.weight:0.799769;conv2.weight:0.799588;conv3.weight:0.799588;fc1.weight:0.800074
Round 003 | train_loss=2.1937 | test_loss=2.3092 | test_acc=0.1000 | sparsity=0.8000 | cka=0 | targets=conv1.weight:0.799769;conv2.weight:0.799588;conv3.weight:0.799588;fc1.weight:0.800074
Round 004 | train_loss=2.0771 | test_loss=2.3075 | test_acc=0.1350 | sparsity=0.8000 | cka=1 | targets=conv1.weight:0.798611;conv2.weight:0.799099;conv3.weight:0.799113;fc1.weight:0.800159
Round 005 | train_loss=1.8764 | test_loss=2.3756 | test_acc=0.1044 | sparsity=0.8000 | cka=0 | targets=conv1.weight:0.798611;conv2.weight:0.799099;conv3.weight:0.799113;fc1.weight:0.800159
Round 006 | train_loss=1.7171 | test_loss=2.3993 | test_acc=0.1062 | sparsity=0.8000 | cka=1 | targets=conv1.weight:0.798611;conv2.weight:0.799371;conv3.weight:0.799371;fc1.weight:0.800114
Round 007 | train_loss=1.6839 | test_loss=2.4249 | test_acc=0.1300 | sparsity=0.8000 | cka=0 | targets=conv1.weight:0.798611;conv2.weight:0.799371;conv3.weight:0.799371;fc1.weight:0.800114
Round 008 | train_loss=1.6675 | test_loss=2.4164 | test_acc=0.1186 | sparsity=0.8000 | cka=1 | targets=conv1.weight:0.799769;conv2.weight:0.799425;conv3.weight:0.799452;fc1.weight:0.800098
Round 009 | train_loss=1.6595 | test_loss=2.3794 | test_acc=0.1247 | sparsity=0.8000 | cka=0 | targets=conv1.weight:0.799769;conv2.weight:0.799425;conv3.weight:0.799452;fc1.weight:0.800098
Round 010 | train_loss=1.6419 | test_loss=2.3904 | test_acc=0.1374 | sparsity=0.8000 | cka=1 | targets=conv1.weight:0.799769;conv2.weight:0.799425;conv3.weight:0.799438;fc1.weight:0.800100
Round 011 | train_loss=1.6381 | test_loss=2.4273 | test_acc=0.1305 | sparsity=0.8000 | cka=0 | targets=conv1.weight:0.799769;conv2.weight:0.799425;conv3.weight:0.799438;fc1.weight:0.800100
Round 012 | train_loss=1.6238 | test_loss=2.3529 | test_acc=0.1501 | sparsity=0.8000 | cka=1 | targets=conv1.weight:0.798611;conv2.weight:0.799208;conv3.weight:0.799235;fc1.weight:0.800138
Round 013 | train_loss=1.6141 | test_loss=2.2993 | test_acc=0.1684 | sparsity=0.8000 | cka=0 | targets=conv1.weight:0.798611;conv2.weight:0.799208;conv3.weight:0.799235;fc1.weight:0.800138
Round 014 | train_loss=1.6043 | test_loss=2.3082 | test_acc=0.1740 | sparsity=0.8000 | cka=1 | targets=conv1.weight:0.798611;conv2.weight:0.799154;conv3.weight:0.799154;fc1.weight:0.800152
Round 015 | train_loss=1.5949 | test_loss=2.2857 | test_acc=0.1818 | sparsity=0.8000 | cka=0 | targets=conv1.weight:0.798611;conv2.weight:0.799154;conv3.weight:0.799154;fc1.weight:0.800152
Round 016 | train_loss=1.5817 | test_loss=2.2997 | test_acc=0.1823 | sparsity=0.8000 | cka=1 | targets=conv1.weight:0.799769;conv2.weight:0.799371;conv3.weight:0.799384;fc1.weight:0.800110
Round 017 | train_loss=1.5763 | test_loss=2.3086 | test_acc=0.1774 | sparsity=0.8000 | cka=0 | targets=conv1.weight:0.799769;conv2.weight:0.799371;conv3.weight:0.799384;fc1.weight:0.800110
Round 018 | train_loss=1.5597 | test_loss=2.2788 | test_acc=0.1946 | sparsity=0.8000 | cka=1 | targets=conv1.weight:0.798611;conv2.weight:0.799208;conv3.weight:0.799154;fc1.weight:0.800150
Round 019 | train_loss=1.5588 | test_loss=2.4001 | test_acc=0.1459 | sparsity=0.8000 | cka=0 | targets=conv1.weight:0.798611;conv2.weight:0.799208;conv3.weight:0.799154;fc1.weight:0.800150
Round 020 | train_loss=1.5438 | test_loss=2.2574 | test_acc=0.1925 | sparsity=0.8000 | cka=1 | targets=conv1.weight:0.798611;conv2.weight:0.798882;conv3.weight:0.798964;fc1.weight:0.800188
Saved training log to: results/logs/multiseed/cifar10_multiseed_fixed_5605136/seed_7/cka_feddst_cifar10_clients5_alpha0.3_sparsity0.8_cka0.2_seed7_20260801_165907.csv
Saved CKA log to: results/logs/multiseed/cifar10_multiseed_fixed_5605136/seed_7/cka_feddst_cifar10_clients5_alpha0.3_sparsity0.8_cka0.2_seed7_20260801_165907_cka.csv

[Run 27/80] suite=multiseed method=sparse_fedavg seed=7 sparsity=0.9 cka_strength=yaml
Output log dir: results/logs/multiseed/cifar10_multiseed_fixed_5605136/seed_7
Command: /mnt/aiongpfs/users/dsen/micromamba/envs/cka-cifar/bin/python -m src.train --global-config configs/global_cifar10.yaml --config configs/sparse_fedavg_mnist.yaml --seed 7 --sparsity 0.9 --log-dir results/logs/multiseed/cifar10_multiseed_fixed_5605136/seed_7 --checkpoint-dir results/checkpoints/multiseed/cifar10_multiseed_fixed_5605136/seed_7 --plot-dir results/plots/multiseed/cifar10_multiseed_fixed_5605136
Final merged configuration:
alpha: 0.3
batch_size: 64
checkpoint_dir: results/checkpoints/multiseed/cifar10_multiseed_fixed_5605136/seed_7
cka_interval: 1
cka_layers:
- conv1
- conv2
- conv3
- fc1
cka_max_sparsity: 0.99
cka_min_sparsity: 0.0
cka_strength: 0.5
data_check: false
data_dir: data
dataset: cifar10
device: auto
disable_cudnn: true
dry_run: false
eval_interval: 1
experiment_config_path: configs/sparse_fedavg_mnist.yaml
global_config_path: configs/global_cifar10.yaml
local_epochs: 1
log_cka: false
log_dir: results/logs/multiseed/cifar10_multiseed_fixed_5605136/seed_7
lr: 0.01
mask_update_interval: 1
method: sparse_fedavg
model: cifar_cnn
num_clients: 5
num_workers: 2
output_dir: results
plot_dir: results/plots/multiseed/cifar10_multiseed_fixed_5605136
prune_fraction: 0.1
reference_size: 500
regrowth_method: gradient
rounds: 20
save_checkpoint: false
seed: 7
sparsity: 0.9
sparsity_init: random
split_dir: null
Saved merged config to: results/logs/multiseed/cifar10_multiseed_fixed_5605136/seed_7/sparse_fedavg_cifar10_clients5_alpha0.3_sparsity0.9_seed7_20260801_170411_config.yaml
cuDNN disabled for this run.
Client label distributions:
  client 00: n= 7681, labels=[142, 16, 5, 202, 411, 2130, 3884, 876, 12, 3]
  client 01: n= 8711, labels=[1321, 1281, 355, 76, 3165, 8, 25, 0, 1922, 558]
  client 02: n=19320, labels=[2810, 141, 3133, 4649, 1064, 2142, 26, 2148, 2915, 292]
  client 03: n= 5169, labels=[22, 3285, 1093, 5, 3, 639, 18, 41, 63, 0]
  client 04: n= 8619, labels=[655, 227, 364, 18, 307, 31, 997, 1885, 38, 4097]
Initial sparsity | total=0.9000 | active=61987/619872
Layer sparsity | conv1.weight:0.901620;conv2.weight:0.898058;conv3.weight:0.901299;fc1.weight:0.899843;fc2.weight:0.908203
Round 001 | train_loss=2.2040 | test_loss=2.3043 | test_acc=0.1000 | sparsity=0.9000
Round 002 | train_loss=2.2062 | test_loss=2.3066 | test_acc=0.1000 | sparsity=0.9000
Round 003 | train_loss=2.2094 | test_loss=2.3095 | test_acc=0.1000 | sparsity=0.9000
Round 004 | train_loss=2.2128 | test_loss=2.3127 | test_acc=0.1000 | sparsity=0.9000
Round 005 | train_loss=2.2161 | test_loss=2.3158 | test_acc=0.1000 | sparsity=0.9000
Round 006 | train_loss=2.2194 | test_loss=2.3187 | test_acc=0.1000 | sparsity=0.9000
Round 007 | train_loss=2.2222 | test_loss=2.3214 | test_acc=0.1000 | sparsity=0.9000
Round 008 | train_loss=2.2248 | test_loss=2.3237 | test_acc=0.1000 | sparsity=0.9000
Round 009 | train_loss=2.2269 | test_loss=2.3258 | test_acc=0.1000 | sparsity=0.9000
Round 010 | train_loss=2.2287 | test_loss=2.3277 | test_acc=0.1000 | sparsity=0.9000
Round 011 | train_loss=2.2304 | test_loss=2.3293 | test_acc=0.1000 | sparsity=0.9000
Round 012 | train_loss=2.2318 | test_loss=2.3307 | test_acc=0.1000 | sparsity=0.9000
Round 013 | train_loss=2.2328 | test_loss=2.3319 | test_acc=0.1000 | sparsity=0.9000
Round 014 | train_loss=2.2336 | test_loss=2.3330 | test_acc=0.1000 | sparsity=0.9000
Round 015 | train_loss=2.2343 | test_loss=2.3339 | test_acc=0.1000 | sparsity=0.9000
Round 016 | train_loss=2.2348 | test_loss=2.3348 | test_acc=0.1000 | sparsity=0.9000
Round 017 | train_loss=2.2352 | test_loss=2.3356 | test_acc=0.1000 | sparsity=0.9000
Round 018 | train_loss=2.2355 | test_loss=2.3362 | test_acc=0.1000 | sparsity=0.9000
Round 019 | train_loss=2.2356 | test_loss=2.3369 | test_acc=0.1000 | sparsity=0.9000
Round 020 | train_loss=2.2356 | test_loss=2.3374 | test_acc=0.1000 | sparsity=0.9000
Saved training log to: results/logs/multiseed/cifar10_multiseed_fixed_5605136/seed_7/sparse_fedavg_cifar10_clients5_alpha0.3_sparsity0.9_seed7_20260801_170411.csv

[Run 28/80] suite=multiseed method=feddst seed=7 sparsity=0.9 cka_strength=yaml
Output log dir: results/logs/multiseed/cifar10_multiseed_fixed_5605136/seed_7
Command: /mnt/aiongpfs/users/dsen/micromamba/envs/cka-cifar/bin/python -m src.train --global-config configs/global_cifar10.yaml --config configs/feddst_mnist.yaml --seed 7 --sparsity 0.9 --log-dir results/logs/multiseed/cifar10_multiseed_fixed_5605136/seed_7 --checkpoint-dir results/checkpoints/multiseed/cifar10_multiseed_fixed_5605136/seed_7 --plot-dir results/plots/multiseed/cifar10_multiseed_fixed_5605136
Final merged configuration:
alpha: 0.3
batch_size: 64
checkpoint_dir: results/checkpoints/multiseed/cifar10_multiseed_fixed_5605136/seed_7
cka_interval: 1
cka_layers:
- conv1
- conv2
- conv3
- fc1
cka_max_sparsity: 0.99
cka_min_sparsity: 0.0
cka_strength: 0.5
data_check: false
data_dir: data
dataset: cifar10
device: auto
disable_cudnn: true
dry_run: false
eval_interval: 1
experiment_config_path: configs/feddst_mnist.yaml
global_config_path: configs/global_cifar10.yaml
local_epochs: 1
log_cka: false
log_dir: results/logs/multiseed/cifar10_multiseed_fixed_5605136/seed_7
lr: 0.01
mask_update_interval: 2
method: feddst
model: cifar_cnn
num_clients: 5
num_workers: 2
output_dir: results
plot_dir: results/plots/multiseed/cifar10_multiseed_fixed_5605136
prune_fraction: 0.2
reference_size: 500
regrowth_method: gradient
rounds: 20
save_checkpoint: false
seed: 7
sparsity: 0.9
sparsity_init: random
split_dir: null
Saved merged config to: results/logs/multiseed/cifar10_multiseed_fixed_5605136/seed_7/feddst_cifar10_clients5_alpha0.3_sparsity0.9_seed7_20260801_170727_config.yaml
cuDNN disabled for this run.
Client label distributions:
  client 00: n= 7681, labels=[142, 16, 5, 202, 411, 2130, 3884, 876, 12, 3]
  client 01: n= 8711, labels=[1321, 1281, 355, 76, 3165, 8, 25, 0, 1922, 558]
  client 02: n=19320, labels=[2810, 141, 3133, 4649, 1064, 2142, 26, 2148, 2915, 292]
  client 03: n= 5169, labels=[22, 3285, 1093, 5, 3, 639, 18, 41, 63, 0]
  client 04: n= 8619, labels=[655, 227, 364, 18, 307, 31, 997, 1885, 38, 4097]
Initial sparsity | total=0.9000 | active=61987/619872
Layer sparsity | conv1.weight:0.901620;conv2.weight:0.898058;conv3.weight:0.901299;fc1.weight:0.899843;fc2.weight:0.908203
Round 001 | train_loss=2.2040 | test_loss=2.3043 | test_acc=0.1000 | sparsity=0.9000 | pruned=0 | regrown=0 | mask_changes=0
Round 002 | train_loss=2.2062 | test_loss=2.3066 | test_acc=0.1000 | sparsity=0.9000 | pruned=12397 | regrown=12397 | mask_changes=24794
Round 003 | train_loss=2.2082 | test_loss=2.3096 | test_acc=0.1000 | sparsity=0.9000 | pruned=0 | regrown=0 | mask_changes=0
Round 004 | train_loss=2.2108 | test_loss=2.3127 | test_acc=0.1000 | sparsity=0.9000 | pruned=12397 | regrown=12397 | mask_changes=24794
Round 005 | train_loss=2.2151 | test_loss=2.3159 | test_acc=0.1000 | sparsity=0.9000 | pruned=0 | regrown=0 | mask_changes=0
Round 006 | train_loss=2.2180 | test_loss=2.3188 | test_acc=0.1000 | sparsity=0.9000 | pruned=12397 | regrown=12397 | mask_changes=24794
Round 007 | train_loss=2.2189 | test_loss=2.3218 | test_acc=0.1000 | sparsity=0.9000 | pruned=0 | regrown=0 | mask_changes=0
Round 008 | train_loss=2.2198 | test_loss=2.3239 | test_acc=0.1000 | sparsity=0.9000 | pruned=12397 | regrown=12397 | mask_changes=24794
Round 009 | train_loss=2.2238 | test_loss=2.3262 | test_acc=0.1000 | sparsity=0.9000 | pruned=0 | regrown=0 | mask_changes=0
Round 010 | train_loss=2.2248 | test_loss=2.3282 | test_acc=0.1000 | sparsity=0.9000 | pruned=12397 | regrown=12397 | mask_changes=24794
Round 011 | train_loss=2.2219 | test_loss=2.3308 | test_acc=0.1000 | sparsity=0.9000 | pruned=0 | regrown=0 | mask_changes=0
Round 012 | train_loss=2.2179 | test_loss=2.3318 | test_acc=0.1000 | sparsity=0.9000 | pruned=12397 | regrown=12397 | mask_changes=24794
Round 013 | train_loss=2.2222 | test_loss=2.3339 | test_acc=0.1000 | sparsity=0.9000 | pruned=0 | regrown=0 | mask_changes=0
Round 014 | train_loss=2.2185 | test_loss=2.3359 | test_acc=0.1000 | sparsity=0.9000 | pruned=12397 | regrown=12397 | mask_changes=24794
Round 015 | train_loss=2.2024 | test_loss=2.3433 | test_acc=0.1000 | sparsity=0.9000 | pruned=0 | regrown=0 | mask_changes=0
Round 016 | train_loss=2.1412 | test_loss=2.3585 | test_acc=0.1002 | sparsity=0.9000 | pruned=12397 | regrown=12397 | mask_changes=24794
Round 017 | train_loss=2.0102 | test_loss=2.4320 | test_acc=0.1000 | sparsity=0.9000 | pruned=0 | regrown=0 | mask_changes=0
Round 018 | train_loss=1.7648 | test_loss=2.4175 | test_acc=0.1000 | sparsity=0.9000 | pruned=12397 | regrown=12397 | mask_changes=24794
Round 019 | train_loss=1.7405 | test_loss=2.4423 | test_acc=0.1051 | sparsity=0.9000 | pruned=0 | regrown=0 | mask_changes=0
Round 020 | train_loss=1.6891 | test_loss=2.4042 | test_acc=0.1326 | sparsity=0.9000 | pruned=12397 | regrown=12397 | mask_changes=24794
Saved training log to: results/logs/multiseed/cifar10_multiseed_fixed_5605136/seed_7/feddst_cifar10_clients5_alpha0.3_sparsity0.9_seed7_20260801_170727.csv

[Run 29/80] suite=multiseed method=cka_feddst seed=7 sparsity=0.9 cka_strength=yaml
Output log dir: results/logs/multiseed/cifar10_multiseed_fixed_5605136/seed_7
Command: /mnt/aiongpfs/users/dsen/micromamba/envs/cka-cifar/bin/python -m src.train --global-config configs/global_cifar10.yaml --config configs/cka_feddst_mnist.yaml --seed 7 --sparsity 0.9 --log-dir results/logs/multiseed/cifar10_multiseed_fixed_5605136/seed_7 --checkpoint-dir results/checkpoints/multiseed/cifar10_multiseed_fixed_5605136/seed_7 --plot-dir results/plots/multiseed/cifar10_multiseed_fixed_5605136
Final merged configuration:
alpha: 0.3
batch_size: 64
checkpoint_dir: results/checkpoints/multiseed/cifar10_multiseed_fixed_5605136/seed_7
cka_interval: 2
cka_layers:
- conv1
- conv2
- conv3
- fc1
cka_max_sparsity: 0.95
cka_min_sparsity: 0.5
cka_strength: 0.2
data_check: false
data_dir: data
dataset: cifar10
device: auto
disable_cudnn: true
dry_run: false
eval_interval: 1
experiment_config_path: configs/cka_feddst_mnist.yaml
global_config_path: configs/global_cifar10.yaml
local_epochs: 1
log_cka: false
log_dir: results/logs/multiseed/cifar10_multiseed_fixed_5605136/seed_7
lr: 0.01
mask_update_interval: 2
method: cka_feddst
model: cifar_cnn
num_clients: 5
num_workers: 2
output_dir: results
plot_dir: results/plots/multiseed/cifar10_multiseed_fixed_5605136
prune_fraction: 0.2
reference_size: 500
regrowth_method: gradient
rounds: 20
save_checkpoint: false
seed: 7
sparsity: 0.9
sparsity_init: random
split_dir: null
Saved merged config to: results/logs/multiseed/cifar10_multiseed_fixed_5605136/seed_7/cka_feddst_cifar10_clients5_alpha0.3_sparsity0.9_cka0.2_seed7_20260801_171200_config.yaml
cuDNN disabled for this run.
Client label distributions:
  client 00: n= 7681, labels=[142, 16, 5, 202, 411, 2130, 3884, 876, 12, 3]
  client 01: n= 8711, labels=[1321, 1281, 355, 76, 3165, 8, 25, 0, 1922, 558]
  client 02: n=19320, labels=[2810, 141, 3133, 4649, 1064, 2142, 26, 2148, 2915, 292]
  client 03: n= 5169, labels=[22, 3285, 1093, 5, 3, 639, 18, 41, 63, 0]
  client 04: n= 8619, labels=[655, 227, 364, 18, 307, 31, 997, 1885, 38, 4097]
Initial sparsity | total=0.9000 | active=61987/619872
Layer sparsity | conv1.weight:0.901620;conv2.weight:0.898058;conv3.weight:0.901299;fc1.weight:0.899843;fc2.weight:0.908203
Round 001 | train_loss=2.2040 | test_loss=2.3043 | test_acc=0.1000 | sparsity=0.9000 | cka=0 | targets=
Round 002 | train_loss=2.2062 | test_loss=2.3066 | test_acc=0.1000 | sparsity=0.9000 | cka=1 | targets=conv1.weight:0.899306;conv2.weight:0.899957;conv3.weight:0.899957;fc1.weight:0.900009
Round 003 | train_loss=2.2082 | test_loss=2.3096 | test_acc=0.1000 | sparsity=0.9000 | cka=0 | targets=conv1.weight:0.899306;conv2.weight:0.899957;conv3.weight:0.899957;fc1.weight:0.900009
Round 004 | train_loss=2.2108 | test_loss=2.3127 | test_acc=0.1000 | sparsity=0.9000 | cka=1 | targets=conv1.weight:0.899306;conv2.weight:0.899848;conv3.weight:0.899821;fc1.weight:0.900032
Round 005 | train_loss=2.2150 | test_loss=2.3159 | test_acc=0.1000 | sparsity=0.9000 | cka=0 | targets=conv1.weight:0.899306;conv2.weight:0.899848;conv3.weight:0.899821;fc1.weight:0.900032
Round 006 | train_loss=2.2179 | test_loss=2.3188 | test_acc=0.1000 | sparsity=0.9000 | cka=1 | targets=conv1.weight:0.899306;conv2.weight:0.899957;conv3.weight:0.899943;fc1.weight:0.900011
Round 007 | train_loss=2.2189 | test_loss=2.3218 | test_acc=0.1000 | sparsity=0.9000 | cka=0 | targets=conv1.weight:0.899306;conv2.weight:0.899957;conv3.weight:0.899943;fc1.weight:0.900011
Round 008 | train_loss=2.2196 | test_loss=2.3239 | test_acc=0.1000 | sparsity=0.9000 | cka=1 | targets=conv1.weight:0.899306;conv2.weight:0.899794;conv3.weight:0.899807;fc1.weight:0.900036
Round 009 | train_loss=2.2237 | test_loss=2.3263 | test_acc=0.1000 | sparsity=0.9000 | cka=0 | targets=conv1.weight:0.899306;conv2.weight:0.899794;conv3.weight:0.899807;fc1.weight:0.900036
Round 010 | train_loss=2.2245 | test_loss=2.3282 | test_acc=0.1000 | sparsity=0.9000 | cka=1 | targets=conv1.weight:0.900463;conv2.weight:0.899902;conv3.weight:0.899929;fc1.weight:0.900013
Round 011 | train_loss=2.2212 | test_loss=2.3309 | test_acc=0.1000 | sparsity=0.9000 | cka=0 | targets=conv1.weight:0.900463;conv2.weight:0.899902;conv3.weight:0.899929;fc1.weight:0.900013
Round 012 | train_loss=2.2155 | test_loss=2.3321 | test_acc=0.1000 | sparsity=0.9000 | cka=1 | targets=conv1.weight:0.900463;conv2.weight:0.899848;conv3.weight:0.899862;fc1.weight:0.900024
Round 013 | train_loss=2.2189 | test_loss=2.3351 | test_acc=0.1000 | sparsity=0.9000 | cka=0 | targets=conv1.weight:0.900463;conv2.weight:0.899848;conv3.weight:0.899862;fc1.weight:0.900024
Round 014 | train_loss=2.2063 | test_loss=2.3397 | test_acc=0.1000 | sparsity=0.9000 | cka=1 | targets=conv1.weight:0.900463;conv2.weight:0.899848;conv3.weight:0.899862;fc1.weight:0.900024
Round 015 | train_loss=2.1414 | test_loss=2.3673 | test_acc=0.1302 | sparsity=0.9000 | cka=0 | targets=conv1.weight:0.900463;conv2.weight:0.899848;conv3.weight:0.899862;fc1.weight:0.900024
Round 016 | train_loss=1.9113 | test_loss=2.3835 | test_acc=0.1002 | sparsity=0.9000 | cka=1 | targets=conv1.weight:0.899306;conv2.weight:0.899468;conv3.weight:0.899468;fc1.weight:0.900095
Round 017 | train_loss=1.7584 | test_loss=2.4389 | test_acc=0.1087 | sparsity=0.9000 | cka=0 | targets=conv1.weight:0.899306;conv2.weight:0.899468;conv3.weight:0.899468;fc1.weight:0.900095
Round 018 | train_loss=1.6895 | test_loss=2.3956 | test_acc=0.1141 | sparsity=0.9000 | cka=1 | targets=conv1.weight:0.899306;conv2.weight:0.899848;conv3.weight:0.899848;fc1.weight:0.900028
Round 019 | train_loss=1.6782 | test_loss=2.4007 | test_acc=0.1092 | sparsity=0.9000 | cka=0 | targets=conv1.weight:0.899306;conv2.weight:0.899848;conv3.weight:0.899848;fc1.weight:0.900028
Round 020 | train_loss=1.6548 | test_loss=2.3858 | test_acc=0.1216 | sparsity=0.9000 | cka=1 | targets=conv1.weight:0.899306;conv2.weight:0.899794;conv3.weight:0.899794;fc1.weight:0.900038
Saved training log to: results/logs/multiseed/cifar10_multiseed_fixed_5605136/seed_7/cka_feddst_cifar10_clients5_alpha0.3_sparsity0.9_cka0.2_seed7_20260801_171200.csv
Saved CKA log to: results/logs/multiseed/cifar10_multiseed_fixed_5605136/seed_7/cka_feddst_cifar10_clients5_alpha0.3_sparsity0.9_cka0.2_seed7_20260801_171200_cka.csv

[Run 30/80] suite=multiseed method=sparse_fedavg seed=7 sparsity=0.95 cka_strength=yaml
Output log dir: results/logs/multiseed/cifar10_multiseed_fixed_5605136/seed_7
Command: /mnt/aiongpfs/users/dsen/micromamba/envs/cka-cifar/bin/python -m src.train --global-config configs/global_cifar10.yaml --config configs/sparse_fedavg_mnist.yaml --seed 7 --sparsity 0.95 --log-dir results/logs/multiseed/cifar10_multiseed_fixed_5605136/seed_7 --checkpoint-dir results/checkpoints/multiseed/cifar10_multiseed_fixed_5605136/seed_7 --plot-dir results/plots/multiseed/cifar10_multiseed_fixed_5605136
Final merged configuration:
alpha: 0.3
batch_size: 64
checkpoint_dir: results/checkpoints/multiseed/cifar10_multiseed_fixed_5605136/seed_7
cka_interval: 1
cka_layers:
- conv1
- conv2
- conv3
- fc1
cka_max_sparsity: 0.99
cka_min_sparsity: 0.0
cka_strength: 0.5
data_check: false
data_dir: data
dataset: cifar10
device: auto
disable_cudnn: true
dry_run: false
eval_interval: 1
experiment_config_path: configs/sparse_fedavg_mnist.yaml
global_config_path: configs/global_cifar10.yaml
local_epochs: 1
log_cka: false
log_dir: results/logs/multiseed/cifar10_multiseed_fixed_5605136/seed_7
lr: 0.01
mask_update_interval: 1
method: sparse_fedavg
model: cifar_cnn
num_clients: 5
num_workers: 2
output_dir: results
plot_dir: results/plots/multiseed/cifar10_multiseed_fixed_5605136
prune_fraction: 0.1
reference_size: 500
regrowth_method: gradient
rounds: 20
save_checkpoint: false
seed: 7
sparsity: 0.95
sparsity_init: random
split_dir: null
Saved merged config to: results/logs/multiseed/cifar10_multiseed_fixed_5605136/seed_7/sparse_fedavg_cifar10_clients5_alpha0.3_sparsity0.95_seed7_20260801_171703_config.yaml
cuDNN disabled for this run.
Client label distributions:
  client 00: n= 7681, labels=[142, 16, 5, 202, 411, 2130, 3884, 876, 12, 3]
  client 01: n= 8711, labels=[1321, 1281, 355, 76, 3165, 8, 25, 0, 1922, 558]
  client 02: n=19320, labels=[2810, 141, 3133, 4649, 1064, 2142, 26, 2148, 2915, 292]
  client 03: n= 5169, labels=[22, 3285, 1093, 5, 3, 639, 18, 41, 63, 0]
  client 04: n= 8619, labels=[655, 227, 364, 18, 307, 31, 997, 1885, 38, 4097]
Initial sparsity | total=0.9500 | active=30994/619872
Layer sparsity | conv1.weight:0.946759;conv2.weight:0.951769;conv3.weight:0.949531;fc1.weight:0.949959;fc2.weight:0.960156
Round 001 | train_loss=2.2050 | test_loss=2.3043 | test_acc=0.1000 | sparsity=0.9500
Round 002 | train_loss=2.2074 | test_loss=2.3065 | test_acc=0.1000 | sparsity=0.9500
Round 003 | train_loss=2.2107 | test_loss=2.3094 | test_acc=0.1000 | sparsity=0.9500
Round 004 | train_loss=2.2141 | test_loss=2.3125 | test_acc=0.1000 | sparsity=0.9500
Round 005 | train_loss=2.2176 | test_loss=2.3156 | test_acc=0.1000 | sparsity=0.9500
Round 006 | train_loss=2.2209 | test_loss=2.3185 | test_acc=0.1000 | sparsity=0.9500
Round 007 | train_loss=2.2239 | test_loss=2.3211 | test_acc=0.1000 | sparsity=0.9500
Round 008 | train_loss=2.2266 | test_loss=2.3234 | test_acc=0.1000 | sparsity=0.9500
Round 009 | train_loss=2.2289 | test_loss=2.3255 | test_acc=0.1000 | sparsity=0.9500
Round 010 | train_loss=2.2309 | test_loss=2.3273 | test_acc=0.1000 | sparsity=0.9500
Round 011 | train_loss=2.2328 | test_loss=2.3290 | test_acc=0.1000 | sparsity=0.9500
Round 012 | train_loss=2.2344 | test_loss=2.3303 | test_acc=0.1000 | sparsity=0.9500
Round 013 | train_loss=2.2356 | test_loss=2.3315 | test_acc=0.1000 | sparsity=0.9500
Round 014 | train_loss=2.2367 | test_loss=2.3325 | test_acc=0.1000 | sparsity=0.9500
Round 015 | train_loss=2.2377 | test_loss=2.3334 | test_acc=0.1000 | sparsity=0.9500
Round 016 | train_loss=2.2385 | test_loss=2.3343 | test_acc=0.1000 | sparsity=0.9500
Round 017 | train_loss=2.2393 | test_loss=2.3350 | test_acc=0.1000 | sparsity=0.9500
Round 018 | train_loss=2.2399 | test_loss=2.3356 | test_acc=0.1000 | sparsity=0.9500
Round 019 | train_loss=2.2404 | test_loss=2.3362 | test_acc=0.1000 | sparsity=0.9500
Round 020 | train_loss=2.2409 | test_loss=2.3367 | test_acc=0.1000 | sparsity=0.9500
Saved training log to: results/logs/multiseed/cifar10_multiseed_fixed_5605136/seed_7/sparse_fedavg_cifar10_clients5_alpha0.3_sparsity0.95_seed7_20260801_171703.csv

[Run 31/80] suite=multiseed method=feddst seed=7 sparsity=0.95 cka_strength=yaml
Output log dir: results/logs/multiseed/cifar10_multiseed_fixed_5605136/seed_7
Command: /mnt/aiongpfs/users/dsen/micromamba/envs/cka-cifar/bin/python -m src.train --global-config configs/global_cifar10.yaml --config configs/feddst_mnist.yaml --seed 7 --sparsity 0.95 --log-dir results/logs/multiseed/cifar10_multiseed_fixed_5605136/seed_7 --checkpoint-dir results/checkpoints/multiseed/cifar10_multiseed_fixed_5605136/seed_7 --plot-dir results/plots/multiseed/cifar10_multiseed_fixed_5605136
Final merged configuration:
alpha: 0.3
batch_size: 64
checkpoint_dir: results/checkpoints/multiseed/cifar10_multiseed_fixed_5605136/seed_7
cka_interval: 1
cka_layers:
- conv1
- conv2
- conv3
- fc1
cka_max_sparsity: 0.99
cka_min_sparsity: 0.0
cka_strength: 0.5
data_check: false
data_dir: data
dataset: cifar10
device: auto
disable_cudnn: true
dry_run: false
eval_interval: 1
experiment_config_path: configs/feddst_mnist.yaml
global_config_path: configs/global_cifar10.yaml
local_epochs: 1
log_cka: false
log_dir: results/logs/multiseed/cifar10_multiseed_fixed_5605136/seed_7
lr: 0.01
mask_update_interval: 2
method: feddst
model: cifar_cnn
num_clients: 5
num_workers: 2
output_dir: results
plot_dir: results/plots/multiseed/cifar10_multiseed_fixed_5605136
prune_fraction: 0.2
reference_size: 500
regrowth_method: gradient
rounds: 20
save_checkpoint: false
seed: 7
sparsity: 0.95
sparsity_init: random
split_dir: null
Saved merged config to: results/logs/multiseed/cifar10_multiseed_fixed_5605136/seed_7/feddst_cifar10_clients5_alpha0.3_sparsity0.95_seed7_20260801_172018_config.yaml
cuDNN disabled for this run.
Client label distributions:
  client 00: n= 7681, labels=[142, 16, 5, 202, 411, 2130, 3884, 876, 12, 3]
  client 01: n= 8711, labels=[1321, 1281, 355, 76, 3165, 8, 25, 0, 1922, 558]
  client 02: n=19320, labels=[2810, 141, 3133, 4649, 1064, 2142, 26, 2148, 2915, 292]
  client 03: n= 5169, labels=[22, 3285, 1093, 5, 3, 639, 18, 41, 63, 0]
  client 04: n= 8619, labels=[655, 227, 364, 18, 307, 31, 997, 1885, 38, 4097]
Initial sparsity | total=0.9500 | active=30994/619872
Layer sparsity | conv1.weight:0.946759;conv2.weight:0.951769;conv3.weight:0.949531;fc1.weight:0.949959;fc2.weight:0.960156
Round 001 | train_loss=2.2050 | test_loss=2.3043 | test_acc=0.1000 | sparsity=0.9500 | pruned=0 | regrown=0 | mask_changes=0
Round 002 | train_loss=2.2074 | test_loss=2.3065 | test_acc=0.1000 | sparsity=0.9500 | pruned=6198 | regrown=6198 | mask_changes=12396
Round 003 | train_loss=2.2103 | test_loss=2.3094 | test_acc=0.1000 | sparsity=0.9500 | pruned=0 | regrown=0 | mask_changes=0
Round 004 | train_loss=2.2136 | test_loss=2.3125 | test_acc=0.1000 | sparsity=0.9500 | pruned=6198 | regrown=6198 | mask_changes=12396
Round 005 | train_loss=2.2173 | test_loss=2.3156 | test_acc=0.1000 | sparsity=0.9500 | pruned=0 | regrown=0 | mask_changes=0
Round 006 | train_loss=2.2206 | test_loss=2.3185 | test_acc=0.1000 | sparsity=0.9500 | pruned=6198 | regrown=6198 | mask_changes=12396
Round 007 | train_loss=2.2232 | test_loss=2.3212 | test_acc=0.1000 | sparsity=0.9500 | pruned=0 | regrown=0 | mask_changes=0
Round 008 | train_loss=2.2256 | test_loss=2.3234 | test_acc=0.1000 | sparsity=0.9500 | pruned=6198 | regrown=6198 | mask_changes=12396
Round 009 | train_loss=2.2283 | test_loss=2.3255 | test_acc=0.1000 | sparsity=0.9500 | pruned=0 | regrown=0 | mask_changes=0
Round 010 | train_loss=2.2302 | test_loss=2.3274 | test_acc=0.1000 | sparsity=0.9500 | pruned=6198 | regrown=6198 | mask_changes=12396
Round 011 | train_loss=2.2313 | test_loss=2.3291 | test_acc=0.1000 | sparsity=0.9500 | pruned=0 | regrown=0 | mask_changes=0
Round 012 | train_loss=2.2326 | test_loss=2.3304 | test_acc=0.1000 | sparsity=0.9500 | pruned=6198 | regrown=6198 | mask_changes=12396
Round 013 | train_loss=2.2343 | test_loss=2.3316 | test_acc=0.1000 | sparsity=0.9500 | pruned=0 | regrown=0 | mask_changes=0
Round 014 | train_loss=2.2352 | test_loss=2.3327 | test_acc=0.1000 | sparsity=0.9500 | pruned=6198 | regrown=6198 | mask_changes=12396
Round 015 | train_loss=2.2350 | test_loss=2.3337 | test_acc=0.1000 | sparsity=0.9500 | pruned=0 | regrown=0 | mask_changes=0
Round 016 | train_loss=2.2351 | test_loss=2.3345 | test_acc=0.1000 | sparsity=0.9500 | pruned=6198 | regrown=6198 | mask_changes=12396
Round 017 | train_loss=2.2368 | test_loss=2.3353 | test_acc=0.1000 | sparsity=0.9500 | pruned=0 | regrown=0 | mask_changes=0
Round 018 | train_loss=2.2369 | test_loss=2.3359 | test_acc=0.1000 | sparsity=0.9500 | pruned=6198 | regrown=6198 | mask_changes=12396
Round 019 | train_loss=2.2353 | test_loss=2.3367 | test_acc=0.1000 | sparsity=0.9500 | pruned=0 | regrown=0 | mask_changes=0
Round 020 | train_loss=2.2344 | test_loss=2.3371 | test_acc=0.1000 | sparsity=0.9500 | pruned=6198 | regrown=6198 | mask_changes=12396
Saved training log to: results/logs/multiseed/cifar10_multiseed_fixed_5605136/seed_7/feddst_cifar10_clients5_alpha0.3_sparsity0.95_seed7_20260801_172018.csv

[Run 32/80] suite=multiseed method=cka_feddst seed=7 sparsity=0.95 cka_strength=yaml
Output log dir: results/logs/multiseed/cifar10_multiseed_fixed_5605136/seed_7
Command: /mnt/aiongpfs/users/dsen/micromamba/envs/cka-cifar/bin/python -m src.train --global-config configs/global_cifar10.yaml --config configs/cka_feddst_mnist.yaml --seed 7 --sparsity 0.95 --log-dir results/logs/multiseed/cifar10_multiseed_fixed_5605136/seed_7 --checkpoint-dir results/checkpoints/multiseed/cifar10_multiseed_fixed_5605136/seed_7 --plot-dir results/plots/multiseed/cifar10_multiseed_fixed_5605136
Final merged configuration:
alpha: 0.3
batch_size: 64
checkpoint_dir: results/checkpoints/multiseed/cifar10_multiseed_fixed_5605136/seed_7
cka_interval: 2
cka_layers:
- conv1
- conv2
- conv3
- fc1
cka_max_sparsity: 0.95
cka_min_sparsity: 0.5
cka_strength: 0.2
data_check: false
data_dir: data
dataset: cifar10
device: auto
disable_cudnn: true
dry_run: false
eval_interval: 1
experiment_config_path: configs/cka_feddst_mnist.yaml
global_config_path: configs/global_cifar10.yaml
local_epochs: 1
log_cka: false
log_dir: results/logs/multiseed/cifar10_multiseed_fixed_5605136/seed_7
lr: 0.01
mask_update_interval: 2
method: cka_feddst
model: cifar_cnn
num_clients: 5
num_workers: 2
output_dir: results
plot_dir: results/plots/multiseed/cifar10_multiseed_fixed_5605136
prune_fraction: 0.2
reference_size: 500
regrowth_method: gradient
rounds: 20
save_checkpoint: false
seed: 7
sparsity: 0.95
sparsity_init: random
split_dir: null
Saved merged config to: results/logs/multiseed/cifar10_multiseed_fixed_5605136/seed_7/cka_feddst_cifar10_clients5_alpha0.3_sparsity0.95_cka0.2_seed7_20260801_172450_config.yaml
cuDNN disabled for this run.
Client label distributions:
  client 00: n= 7681, labels=[142, 16, 5, 202, 411, 2130, 3884, 876, 12, 3]
  client 01: n= 8711, labels=[1321, 1281, 355, 76, 3165, 8, 25, 0, 1922, 558]
  client 02: n=19320, labels=[2810, 141, 3133, 4649, 1064, 2142, 26, 2148, 2915, 292]
  client 03: n= 5169, labels=[22, 3285, 1093, 5, 3, 639, 18, 41, 63, 0]
  client 04: n= 8619, labels=[655, 227, 364, 18, 307, 31, 997, 1885, 38, 4097]
Initial sparsity | total=0.9500 | active=30994/619872
Layer sparsity | conv1.weight:0.946759;conv2.weight:0.951769;conv3.weight:0.949531;fc1.weight:0.949959;fc2.weight:0.960156
Round 001 | train_loss=2.2050 | test_loss=2.3043 | test_acc=0.1000 | sparsity=0.9500 | cka=0 | targets=
Round 002 | train_loss=2.2074 | test_loss=2.3065 | test_acc=0.1000 | sparsity=0.9500 | cka=1 | targets=conv1.weight:0.949074;conv2.weight:0.949978;conv3.weight:0.949992;fc1.weight:0.949999
Round 003 | train_loss=2.2103 | test_loss=2.3094 | test_acc=0.1000 | sparsity=0.9500 | cka=0 | targets=conv1.weight:0.949074;conv2.weight:0.949978;conv3.weight:0.949992;fc1.weight:0.949999
Round 004 | train_loss=2.2136 | test_loss=2.3125 | test_acc=0.1000 | sparsity=0.9500 | cka=1 | targets=conv1.weight:0.949074;conv2.weight:0.949978;conv3.weight:0.949992;fc1.weight:0.949999
Round 005 | train_loss=2.2173 | test_loss=2.3156 | test_acc=0.1000 | sparsity=0.9500 | cka=0 | targets=conv1.weight:0.949074;conv2.weight:0.949978;conv3.weight:0.949992;fc1.weight:0.949999
Round 006 | train_loss=2.2206 | test_loss=2.3185 | test_acc=0.1000 | sparsity=0.9500 | cka=1 | targets=conv1.weight:0.949074;conv2.weight:0.949978;conv3.weight:0.949992;fc1.weight:0.949999
Round 007 | train_loss=2.2232 | test_loss=2.3212 | test_acc=0.1000 | sparsity=0.9500 | cka=0 | targets=conv1.weight:0.949074;conv2.weight:0.949978;conv3.weight:0.949992;fc1.weight:0.949999
Round 008 | train_loss=2.2256 | test_loss=2.3234 | test_acc=0.1000 | sparsity=0.9500 | cka=1 | targets=conv1.weight:0.949074;conv2.weight:0.949978;conv3.weight:0.949992;fc1.weight:0.949999
Round 009 | train_loss=2.2283 | test_loss=2.3255 | test_acc=0.1000 | sparsity=0.9500 | cka=0 | targets=conv1.weight:0.949074;conv2.weight:0.949978;conv3.weight:0.949992;fc1.weight:0.949999
Round 010 | train_loss=2.2302 | test_loss=2.3274 | test_acc=0.1000 | sparsity=0.9500 | cka=1 | targets=conv1.weight:0.949074;conv2.weight:0.949978;conv3.weight:0.949992;fc1.weight:0.949999
Round 011 | train_loss=2.2313 | test_loss=2.3291 | test_acc=0.1000 | sparsity=0.9500 | cka=0 | targets=conv1.weight:0.949074;conv2.weight:0.949978;conv3.weight:0.949992;fc1.weight:0.949999
Round 012 | train_loss=2.2326 | test_loss=2.3304 | test_acc=0.1000 | sparsity=0.9500 | cka=1 | targets=conv1.weight:0.949074;conv2.weight:0.949978;conv3.weight:0.949992;fc1.weight:0.949999
Round 013 | train_loss=2.2343 | test_loss=2.3316 | test_acc=0.1000 | sparsity=0.9500 | cka=0 | targets=conv1.weight:0.949074;conv2.weight:0.949978;conv3.weight:0.949992;fc1.weight:0.949999
Round 014 | train_loss=2.2352 | test_loss=2.3327 | test_acc=0.1000 | sparsity=0.9500 | cka=1 | targets=conv1.weight:0.949074;conv2.weight:0.949978;conv3.weight:0.949992;fc1.weight:0.949999
Round 015 | train_loss=2.2350 | test_loss=2.3337 | test_acc=0.1000 | sparsity=0.9500 | cka=0 | targets=conv1.weight:0.949074;conv2.weight:0.949978;conv3.weight:0.949992;fc1.weight:0.949999
Round 016 | train_loss=2.2351 | test_loss=2.3345 | test_acc=0.1000 | sparsity=0.9500 | cka=1 | targets=conv1.weight:0.949074;conv2.weight:0.949978;conv3.weight:0.949992;fc1.weight:0.949999
Round 017 | train_loss=2.2368 | test_loss=2.3353 | test_acc=0.1000 | sparsity=0.9500 | cka=0 | targets=conv1.weight:0.949074;conv2.weight:0.949978;conv3.weight:0.949992;fc1.weight:0.949999
Round 018 | train_loss=2.2369 | test_loss=2.3359 | test_acc=0.1000 | sparsity=0.9500 | cka=1 | targets=conv1.weight:0.949074;conv2.weight:0.949978;conv3.weight:0.949992;fc1.weight:0.949999
Round 019 | train_loss=2.2353 | test_loss=2.3367 | test_acc=0.1000 | sparsity=0.9500 | cka=0 | targets=conv1.weight:0.949074;conv2.weight:0.949978;conv3.weight:0.949992;fc1.weight:0.949999
Round 020 | train_loss=2.2344 | test_loss=2.3371 | test_acc=0.1000 | sparsity=0.9500 | cka=1 | targets=conv1.weight:0.949074;conv2.weight:0.949978;conv3.weight:0.949992;fc1.weight:0.949999
Saved training log to: results/logs/multiseed/cifar10_multiseed_fixed_5605136/seed_7/cka_feddst_cifar10_clients5_alpha0.3_sparsity0.95_cka0.2_seed7_20260801_172450.csv
Saved CKA log to: results/logs/multiseed/cifar10_multiseed_fixed_5605136/seed_7/cka_feddst_cifar10_clients5_alpha0.3_sparsity0.95_cka0.2_seed7_20260801_172450_cka.csv

[Run 33/80] suite=multiseed method=fedavg seed=13 sparsity=dense cka_strength=yaml
Output log dir: results/logs/multiseed/cifar10_multiseed_fixed_5605136/seed_13
Command: /mnt/aiongpfs/users/dsen/micromamba/envs/cka-cifar/bin/python -m src.train --global-config configs/global_cifar10.yaml --config configs/fedavg_mnist.yaml --seed 13 --log-dir results/logs/multiseed/cifar10_multiseed_fixed_5605136/seed_13 --checkpoint-dir results/checkpoints/multiseed/cifar10_multiseed_fixed_5605136/seed_13 --plot-dir results/plots/multiseed/cifar10_multiseed_fixed_5605136
Final merged configuration:
alpha: 0.3
batch_size: 64
checkpoint_dir: results/checkpoints/multiseed/cifar10_multiseed_fixed_5605136/seed_13
cka_interval: 1
cka_layers:
- conv1
- conv2
- conv3
- fc1
cka_max_sparsity: 0.99
cka_min_sparsity: 0.0
cka_strength: 0.5
data_check: false
data_dir: data
dataset: cifar10
device: auto
disable_cudnn: true
dry_run: false
eval_interval: 1
experiment_config_path: configs/fedavg_mnist.yaml
global_config_path: configs/global_cifar10.yaml
local_epochs: 1
log_cka: false
log_dir: results/logs/multiseed/cifar10_multiseed_fixed_5605136/seed_13
lr: 0.01
mask_update_interval: 1
method: fedavg
model: cifar_cnn
num_clients: 5
num_workers: 2
output_dir: results
plot_dir: results/plots/multiseed/cifar10_multiseed_fixed_5605136
prune_fraction: 0.1
reference_size: 500
regrowth_method: gradient
rounds: 20
save_checkpoint: false
seed: 13
sparsity: 0.0
sparsity_init: random
split_dir: null
Saved merged config to: results/logs/multiseed/cifar10_multiseed_fixed_5605136/seed_13/fedavg_cifar10_clients5_alpha0.3_seed13_20260801_172953_config.yaml
cuDNN disabled for this run.
Client label distributions:
  client 00: n=19994, labels=[2952, 878, 4230, 1942, 3893, 2947, 1170, 1268, 17, 697]
  client 01: n= 5273, labels=[1186, 629, 719, 163, 777, 852, 428, 22, 488, 9]
  client 02: n= 7607, labels=[2, 105, 1, 0, 96, 68, 60, 1042, 2038, 4195]
  client 03: n= 4678, labels=[463, 27, 0, 654, 2, 62, 287, 776, 2407, 0]
  client 04: n=11948, labels=[347, 3311, 0, 2191, 182, 1021, 3005, 1842, 0, 49]
Round 001 | train_loss=1.8260 | test_loss=2.2690 | test_acc=0.1546
Round 002 | train_loss=1.6665 | test_loss=2.2043 | test_acc=0.2252
Round 003 | train_loss=1.5738 | test_loss=2.1365 | test_acc=0.2570
Round 004 | train_loss=1.5108 | test_loss=2.0501 | test_acc=0.2799
Round 005 | train_loss=1.4641 | test_loss=1.9482 | test_acc=0.3065
Round 006 | train_loss=1.4207 | test_loss=1.8870 | test_acc=0.3316
Round 007 | train_loss=1.3811 | test_loss=1.8451 | test_acc=0.3438
Round 008 | train_loss=1.3435 | test_loss=1.8044 | test_acc=0.3529
Round 009 | train_loss=1.3124 | test_loss=1.7481 | test_acc=0.3617
Round 010 | train_loss=1.2791 | test_loss=1.7586 | test_acc=0.3651
Round 011 | train_loss=1.2521 | test_loss=1.6897 | test_acc=0.3794
Round 012 | train_loss=1.2330 | test_loss=1.6500 | test_acc=0.3915
Round 013 | train_loss=1.2132 | test_loss=1.6418 | test_acc=0.3939
Round 014 | train_loss=1.1947 | test_loss=1.5952 | test_acc=0.4136
Round 015 | train_loss=1.1768 | test_loss=1.5807 | test_acc=0.4204
Round 016 | train_loss=1.1621 | test_loss=1.5687 | test_acc=0.4180
Round 017 | train_loss=1.1495 | test_loss=1.5196 | test_acc=0.4440
Round 018 | train_loss=1.1389 | test_loss=1.5215 | test_acc=0.4415
Round 019 | train_loss=1.1241 | test_loss=1.4969 | test_acc=0.4557
Round 020 | train_loss=1.1112 | test_loss=1.5478 | test_acc=0.4317
Saved training log to: results/logs/multiseed/cifar10_multiseed_fixed_5605136/seed_13/fedavg_cifar10_clients5_alpha0.3_seed13_20260801_172953.csv

[Run 34/80] suite=multiseed method=sparse_fedavg seed=13 sparsity=0.5 cka_strength=yaml
Output log dir: results/logs/multiseed/cifar10_multiseed_fixed_5605136/seed_13
Command: /mnt/aiongpfs/users/dsen/micromamba/envs/cka-cifar/bin/python -m src.train --global-config configs/global_cifar10.yaml --config configs/sparse_fedavg_mnist.yaml --seed 13 --sparsity 0.5 --log-dir results/logs/multiseed/cifar10_multiseed_fixed_5605136/seed_13 --checkpoint-dir results/checkpoints/multiseed/cifar10_multiseed_fixed_5605136/seed_13 --plot-dir results/plots/multiseed/cifar10_multiseed_fixed_5605136
Final merged configuration:
alpha: 0.3
batch_size: 64
checkpoint_dir: results/checkpoints/multiseed/cifar10_multiseed_fixed_5605136/seed_13
cka_interval: 1
cka_layers:
- conv1
- conv2
- conv3
- fc1
cka_max_sparsity: 0.99
cka_min_sparsity: 0.0
cka_strength: 0.5
data_check: false
data_dir: data
dataset: cifar10
device: auto
disable_cudnn: true
dry_run: false
eval_interval: 1
experiment_config_path: configs/sparse_fedavg_mnist.yaml
global_config_path: configs/global_cifar10.yaml
local_epochs: 1
log_cka: false
log_dir: results/logs/multiseed/cifar10_multiseed_fixed_5605136/seed_13
lr: 0.01
mask_update_interval: 1
method: sparse_fedavg
model: cifar_cnn
num_clients: 5
num_workers: 2
output_dir: results
plot_dir: results/plots/multiseed/cifar10_multiseed_fixed_5605136
prune_fraction: 0.1
reference_size: 500
regrowth_method: gradient
rounds: 20
save_checkpoint: false
seed: 13
sparsity: 0.5
sparsity_init: random
split_dir: null
Saved merged config to: results/logs/multiseed/cifar10_multiseed_fixed_5605136/seed_13/sparse_fedavg_cifar10_clients5_alpha0.3_sparsity0.5_seed13_20260801_173255_config.yaml
cuDNN disabled for this run.
Client label distributions:
  client 00: n=19994, labels=[2952, 878, 4230, 1942, 3893, 2947, 1170, 1268, 17, 697]
  client 01: n= 5273, labels=[1186, 629, 719, 163, 777, 852, 428, 22, 488, 9]
  client 02: n= 7607, labels=[2, 105, 1, 0, 96, 68, 60, 1042, 2038, 4195]
  client 03: n= 4678, labels=[463, 27, 0, 654, 2, 62, 287, 776, 2407, 0]
  client 04: n=11948, labels=[347, 3311, 0, 2191, 182, 1021, 3005, 1842, 0, 49]
Initial sparsity | total=0.5000 | active=309936/619872
Layer sparsity | conv1.weight:0.493056;conv2.weight:0.499891;conv3.weight:0.499797;fc1.weight:0.500042;fc2.weight:0.500391
Round 001 | train_loss=2.0145 | test_loss=2.3059 | test_acc=0.1242 | sparsity=0.5000
Round 002 | train_loss=1.8226 | test_loss=2.4345 | test_acc=0.1361 | sparsity=0.5000
Round 003 | train_loss=1.7740 | test_loss=2.5188 | test_acc=0.1446 | sparsity=0.5000
Round 004 | train_loss=1.7565 | test_loss=2.4736 | test_acc=0.1736 | sparsity=0.5000
Round 005 | train_loss=1.7390 | test_loss=2.4247 | test_acc=0.1984 | sparsity=0.5000
Round 006 | train_loss=1.7261 | test_loss=2.4270 | test_acc=0.2213 | sparsity=0.5000
Round 007 | train_loss=1.7068 | test_loss=2.3949 | test_acc=0.2269 | sparsity=0.5000
Round 008 | train_loss=1.6831 | test_loss=2.3398 | test_acc=0.2493 | sparsity=0.5000
Round 009 | train_loss=1.6560 | test_loss=2.2790 | test_acc=0.2628 | sparsity=0.5000
Round 010 | train_loss=1.6200 | test_loss=2.2791 | test_acc=0.2655 | sparsity=0.5000
Round 011 | train_loss=1.5821 | test_loss=2.1701 | test_acc=0.2889 | sparsity=0.5000
Round 012 | train_loss=1.5519 | test_loss=2.0953 | test_acc=0.2876 | sparsity=0.5000
Round 013 | train_loss=1.5125 | test_loss=2.0564 | test_acc=0.3010 | sparsity=0.5000
Round 014 | train_loss=1.4840 | test_loss=1.9987 | test_acc=0.3171 | sparsity=0.5000
Round 015 | train_loss=1.4621 | test_loss=1.9569 | test_acc=0.3177 | sparsity=0.5000
Round 016 | train_loss=1.4359 | test_loss=1.9311 | test_acc=0.3248 | sparsity=0.5000
Round 017 | train_loss=1.4190 | test_loss=1.9238 | test_acc=0.3375 | sparsity=0.5000
Round 018 | train_loss=1.4025 | test_loss=1.8823 | test_acc=0.3413 | sparsity=0.5000
Round 019 | train_loss=1.3819 | test_loss=1.8530 | test_acc=0.3460 | sparsity=0.5000
Round 020 | train_loss=1.3642 | test_loss=1.8527 | test_acc=0.3402 | sparsity=0.5000
Saved training log to: results/logs/multiseed/cifar10_multiseed_fixed_5605136/seed_13/sparse_fedavg_cifar10_clients5_alpha0.3_sparsity0.5_seed13_20260801_173255.csv

[Run 35/80] suite=multiseed method=feddst seed=13 sparsity=0.5 cka_strength=yaml
Output log dir: results/logs/multiseed/cifar10_multiseed_fixed_5605136/seed_13
Command: /mnt/aiongpfs/users/dsen/micromamba/envs/cka-cifar/bin/python -m src.train --global-config configs/global_cifar10.yaml --config configs/feddst_mnist.yaml --seed 13 --sparsity 0.5 --log-dir results/logs/multiseed/cifar10_multiseed_fixed_5605136/seed_13 --checkpoint-dir results/checkpoints/multiseed/cifar10_multiseed_fixed_5605136/seed_13 --plot-dir results/plots/multiseed/cifar10_multiseed_fixed_5605136
Final merged configuration:
alpha: 0.3
batch_size: 64
checkpoint_dir: results/checkpoints/multiseed/cifar10_multiseed_fixed_5605136/seed_13
cka_interval: 1
cka_layers:
- conv1
- conv2
- conv3
- fc1
cka_max_sparsity: 0.99
cka_min_sparsity: 0.0
cka_strength: 0.5
data_check: false
data_dir: data
dataset: cifar10
device: auto
disable_cudnn: true
dry_run: false
eval_interval: 1
experiment_config_path: configs/feddst_mnist.yaml
global_config_path: configs/global_cifar10.yaml
local_epochs: 1
log_cka: false
log_dir: results/logs/multiseed/cifar10_multiseed_fixed_5605136/seed_13
lr: 0.01
mask_update_interval: 2
method: feddst
model: cifar_cnn
num_clients: 5
num_workers: 2
output_dir: results
plot_dir: results/plots/multiseed/cifar10_multiseed_fixed_5605136
prune_fraction: 0.2
reference_size: 500
regrowth_method: gradient
rounds: 20
save_checkpoint: false
seed: 13
sparsity: 0.5
sparsity_init: random
split_dir: null
Saved merged config to: results/logs/multiseed/cifar10_multiseed_fixed_5605136/seed_13/feddst_cifar10_clients5_alpha0.3_sparsity0.5_seed13_20260801_173611_config.yaml
cuDNN disabled for this run.
Client label distributions:
  client 00: n=19994, labels=[2952, 878, 4230, 1942, 3893, 2947, 1170, 1268, 17, 697]
  client 01: n= 5273, labels=[1186, 629, 719, 163, 777, 852, 428, 22, 488, 9]
  client 02: n= 7607, labels=[2, 105, 1, 0, 96, 68, 60, 1042, 2038, 4195]
  client 03: n= 4678, labels=[463, 27, 0, 654, 2, 62, 287, 776, 2407, 0]
  client 04: n=11948, labels=[347, 3311, 0, 2191, 182, 1021, 3005, 1842, 0, 49]
Initial sparsity | total=0.5000 | active=309936/619872
Layer sparsity | conv1.weight:0.493056;conv2.weight:0.499891;conv3.weight:0.499797;fc1.weight:0.500042;fc2.weight:0.500391
Round 001 | train_loss=2.0145 | test_loss=2.3059 | test_acc=0.1242 | sparsity=0.5000 | pruned=0 | regrown=0 | mask_changes=0
Round 002 | train_loss=1.8226 | test_loss=2.4185 | test_acc=0.1358 | sparsity=0.5000 | pruned=61988 | regrown=61988 | mask_changes=123976
Round 003 | train_loss=1.7741 | test_loss=2.4989 | test_acc=0.1429 | sparsity=0.5000 | pruned=0 | regrown=0 | mask_changes=0
Round 004 | train_loss=1.7569 | test_loss=2.4360 | test_acc=0.1549 | sparsity=0.5000 | pruned=61988 | regrown=61988 | mask_changes=123976
Round 005 | train_loss=1.7454 | test_loss=2.4381 | test_acc=0.1912 | sparsity=0.5000 | pruned=0 | regrown=0 | mask_changes=0
Round 006 | train_loss=1.7297 | test_loss=2.4387 | test_acc=0.2129 | sparsity=0.5000 | pruned=61988 | regrown=61988 | mask_changes=123976
Round 007 | train_loss=1.7232 | test_loss=2.3708 | test_acc=0.2067 | sparsity=0.5000 | pruned=0 | regrown=0 | mask_changes=0
Round 008 | train_loss=1.6962 | test_loss=2.3893 | test_acc=0.2331 | sparsity=0.5000 | pruned=61988 | regrown=61988 | mask_changes=123976
Round 009 | train_loss=1.6729 | test_loss=2.3164 | test_acc=0.2523 | sparsity=0.5000 | pruned=0 | regrown=0 | mask_changes=0
Round 010 | train_loss=1.6324 | test_loss=2.3212 | test_acc=0.2552 | sparsity=0.5000 | pruned=61988 | regrown=61988 | mask_changes=123976
Round 011 | train_loss=1.6153 | test_loss=2.1622 | test_acc=0.2800 | sparsity=0.5000 | pruned=0 | regrown=0 | mask_changes=0
Round 012 | train_loss=1.5703 | test_loss=2.1917 | test_acc=0.2739 | sparsity=0.5000 | pruned=61988 | regrown=61988 | mask_changes=123976
Round 013 | train_loss=1.5296 | test_loss=2.0813 | test_acc=0.2941 | sparsity=0.5000 | pruned=0 | regrown=0 | mask_changes=0
Round 014 | train_loss=1.4917 | test_loss=2.0458 | test_acc=0.2999 | sparsity=0.5000 | pruned=61988 | regrown=61988 | mask_changes=123976
Round 015 | train_loss=1.4856 | test_loss=1.9583 | test_acc=0.3093 | sparsity=0.5000 | pruned=0 | regrown=0 | mask_changes=0
Round 016 | train_loss=1.4467 | test_loss=1.9571 | test_acc=0.3176 | sparsity=0.5000 | pruned=61988 | regrown=61988 | mask_changes=123976
Round 017 | train_loss=1.4274 | test_loss=1.9346 | test_acc=0.3288 | sparsity=0.5000 | pruned=0 | regrown=0 | mask_changes=0
Round 018 | train_loss=1.4030 | test_loss=1.8998 | test_acc=0.3340 | sparsity=0.5000 | pruned=61988 | regrown=61988 | mask_changes=123976
Round 019 | train_loss=1.3910 | test_loss=1.8399 | test_acc=0.3473 | sparsity=0.5000 | pruned=0 | regrown=0 | mask_changes=0
Round 020 | train_loss=1.3646 | test_loss=1.8609 | test_acc=0.3413 | sparsity=0.5000 | pruned=61988 | regrown=61988 | mask_changes=123976
Saved training log to: results/logs/multiseed/cifar10_multiseed_fixed_5605136/seed_13/feddst_cifar10_clients5_alpha0.3_sparsity0.5_seed13_20260801_173611.csv

[Run 36/80] suite=multiseed method=cka_feddst seed=13 sparsity=0.5 cka_strength=yaml
Output log dir: results/logs/multiseed/cifar10_multiseed_fixed_5605136/seed_13
Command: /mnt/aiongpfs/users/dsen/micromamba/envs/cka-cifar/bin/python -m src.train --global-config configs/global_cifar10.yaml --config configs/cka_feddst_mnist.yaml --seed 13 --sparsity 0.5 --log-dir results/logs/multiseed/cifar10_multiseed_fixed_5605136/seed_13 --checkpoint-dir results/checkpoints/multiseed/cifar10_multiseed_fixed_5605136/seed_13 --plot-dir results/plots/multiseed/cifar10_multiseed_fixed_5605136
Final merged configuration:
alpha: 0.3
batch_size: 64
checkpoint_dir: results/checkpoints/multiseed/cifar10_multiseed_fixed_5605136/seed_13
cka_interval: 2
cka_layers:
- conv1
- conv2
- conv3
- fc1
cka_max_sparsity: 0.95
cka_min_sparsity: 0.5
cka_strength: 0.2
data_check: false
data_dir: data
dataset: cifar10
device: auto
disable_cudnn: true
dry_run: false
eval_interval: 1
experiment_config_path: configs/cka_feddst_mnist.yaml
global_config_path: configs/global_cifar10.yaml
local_epochs: 1
log_cka: false
log_dir: results/logs/multiseed/cifar10_multiseed_fixed_5605136/seed_13
lr: 0.01
mask_update_interval: 2
method: cka_feddst
model: cifar_cnn
num_clients: 5
num_workers: 2
output_dir: results
plot_dir: results/plots/multiseed/cifar10_multiseed_fixed_5605136
prune_fraction: 0.2
reference_size: 500
regrowth_method: gradient
rounds: 20
save_checkpoint: false
seed: 13
sparsity: 0.5
sparsity_init: random
split_dir: null
Saved merged config to: results/logs/multiseed/cifar10_multiseed_fixed_5605136/seed_13/cka_feddst_cifar10_clients5_alpha0.3_sparsity0.5_cka0.2_seed13_20260801_174046_config.yaml
cuDNN disabled for this run.
Client label distributions:
  client 00: n=19994, labels=[2952, 878, 4230, 1942, 3893, 2947, 1170, 1268, 17, 697]
  client 01: n= 5273, labels=[1186, 629, 719, 163, 777, 852, 428, 22, 488, 9]
  client 02: n= 7607, labels=[2, 105, 1, 0, 96, 68, 60, 1042, 2038, 4195]
  client 03: n= 4678, labels=[463, 27, 0, 654, 2, 62, 287, 776, 2407, 0]
  client 04: n=11948, labels=[347, 3311, 0, 2191, 182, 1021, 3005, 1842, 0, 49]
Initial sparsity | total=0.5000 | active=309936/619872
Layer sparsity | conv1.weight:0.493056;conv2.weight:0.499891;conv3.weight:0.499797;fc1.weight:0.500042;fc2.weight:0.500391
Round 001 | train_loss=2.0145 | test_loss=2.3059 | test_acc=0.1242 | sparsity=0.5000 | cka=0 | targets=
Round 002 | train_loss=1.8226 | test_loss=2.4185 | test_acc=0.1358 | sparsity=0.5000 | cka=1 | targets=conv1.weight:0.500000;conv2.weight:0.500000;conv3.weight:0.500000;fc1.weight:0.500000
Round 003 | train_loss=1.7741 | test_loss=2.5015 | test_acc=0.1426 | sparsity=0.5000 | cka=0 | targets=conv1.weight:0.500000;conv2.weight:0.500000;conv3.weight:0.500000;fc1.weight:0.500000
Round 004 | train_loss=1.7569 | test_loss=2.4353 | test_acc=0.1550 | sparsity=0.5000 | cka=1 | targets=conv1.weight:0.500000;conv2.weight:0.500000;conv3.weight:0.500000;fc1.weight:0.500000
Round 005 | train_loss=1.7453 | test_loss=2.4372 | test_acc=0.1907 | sparsity=0.5000 | cka=0 | targets=conv1.weight:0.500000;conv2.weight:0.500000;conv3.weight:0.500000;fc1.weight:0.500000
Round 006 | train_loss=1.7296 | test_loss=2.4398 | test_acc=0.2129 | sparsity=0.5000 | cka=1 | targets=conv1.weight:0.500000;conv2.weight:0.500000;conv3.weight:0.500000;fc1.weight:0.500000
Round 007 | train_loss=1.7231 | test_loss=2.3712 | test_acc=0.2067 | sparsity=0.5000 | cka=0 | targets=conv1.weight:0.500000;conv2.weight:0.500000;conv3.weight:0.500000;fc1.weight:0.500000
Round 008 | train_loss=1.6959 | test_loss=2.3886 | test_acc=0.2334 | sparsity=0.5000 | cka=1 | targets=conv1.weight:0.500000;conv2.weight:0.500000;conv3.weight:0.500000;fc1.weight:0.500000
Round 009 | train_loss=1.6728 | test_loss=2.3185 | test_acc=0.2517 | sparsity=0.5000 | cka=0 | targets=conv1.weight:0.500000;conv2.weight:0.500000;conv3.weight:0.500000;fc1.weight:0.500000
Round 010 | train_loss=1.6322 | test_loss=2.3200 | test_acc=0.2542 | sparsity=0.5000 | cka=1 | targets=conv1.weight:0.500000;conv2.weight:0.500000;conv3.weight:0.500000;fc1.weight:0.500000
Round 011 | train_loss=1.6155 | test_loss=2.1624 | test_acc=0.2800 | sparsity=0.5000 | cka=0 | targets=conv1.weight:0.500000;conv2.weight:0.500000;conv3.weight:0.500000;fc1.weight:0.500000
Round 012 | train_loss=1.5707 | test_loss=2.1912 | test_acc=0.2746 | sparsity=0.5000 | cka=1 | targets=conv1.weight:0.500000;conv2.weight:0.500000;conv3.weight:0.500000;fc1.weight:0.500000
Round 013 | train_loss=1.5302 | test_loss=2.0810 | test_acc=0.2940 | sparsity=0.5000 | cka=0 | targets=conv1.weight:0.500000;conv2.weight:0.500000;conv3.weight:0.500000;fc1.weight:0.500000
Round 014 | train_loss=1.4922 | test_loss=2.0471 | test_acc=0.2979 | sparsity=0.5000 | cka=1 | targets=conv1.weight:0.500000;conv2.weight:0.500000;conv3.weight:0.500000;fc1.weight:0.500000
Round 015 | train_loss=1.4869 | test_loss=1.9586 | test_acc=0.3098 | sparsity=0.5000 | cka=0 | targets=conv1.weight:0.500000;conv2.weight:0.500000;conv3.weight:0.500000;fc1.weight:0.500000
Round 016 | train_loss=1.4479 | test_loss=1.9588 | test_acc=0.3165 | sparsity=0.5000 | cka=1 | targets=conv1.weight:0.500000;conv2.weight:0.500000;conv3.weight:0.500000;fc1.weight:0.500000
Round 017 | train_loss=1.4289 | test_loss=1.9388 | test_acc=0.3284 | sparsity=0.5000 | cka=0 | targets=conv1.weight:0.500000;conv2.weight:0.500000;conv3.weight:0.500000;fc1.weight:0.500000
Round 018 | train_loss=1.4042 | test_loss=1.9015 | test_acc=0.3340 | sparsity=0.5000 | cka=1 | targets=conv1.weight:0.500000;conv2.weight:0.500000;conv3.weight:0.500000;fc1.weight:0.500000
Round 019 | train_loss=1.3932 | test_loss=1.8418 | test_acc=0.3471 | sparsity=0.5000 | cka=0 | targets=conv1.weight:0.500000;conv2.weight:0.500000;conv3.weight:0.500000;fc1.weight:0.500000
Round 020 | train_loss=1.3661 | test_loss=1.8638 | test_acc=0.3424 | sparsity=0.5000 | cka=1 | targets=conv1.weight:0.500000;conv2.weight:0.500000;conv3.weight:0.500000;fc1.weight:0.500000
Saved training log to: results/logs/multiseed/cifar10_multiseed_fixed_5605136/seed_13/cka_feddst_cifar10_clients5_alpha0.3_sparsity0.5_cka0.2_seed13_20260801_174046.csv
Saved CKA log to: results/logs/multiseed/cifar10_multiseed_fixed_5605136/seed_13/cka_feddst_cifar10_clients5_alpha0.3_sparsity0.5_cka0.2_seed13_20260801_174046_cka.csv

[Run 37/80] suite=multiseed method=sparse_fedavg seed=13 sparsity=0.7 cka_strength=yaml
Output log dir: results/logs/multiseed/cifar10_multiseed_fixed_5605136/seed_13
Command: /mnt/aiongpfs/users/dsen/micromamba/envs/cka-cifar/bin/python -m src.train --global-config configs/global_cifar10.yaml --config configs/sparse_fedavg_mnist.yaml --seed 13 --sparsity 0.7 --log-dir results/logs/multiseed/cifar10_multiseed_fixed_5605136/seed_13 --checkpoint-dir results/checkpoints/multiseed/cifar10_multiseed_fixed_5605136/seed_13 --plot-dir results/plots/multiseed/cifar10_multiseed_fixed_5605136
Final merged configuration:
alpha: 0.3
batch_size: 64
checkpoint_dir: results/checkpoints/multiseed/cifar10_multiseed_fixed_5605136/seed_13
cka_interval: 1
cka_layers:
- conv1
- conv2
- conv3
- fc1
cka_max_sparsity: 0.99
cka_min_sparsity: 0.0
cka_strength: 0.5
data_check: false
data_dir: data
dataset: cifar10
device: auto
disable_cudnn: true
dry_run: false
eval_interval: 1
experiment_config_path: configs/sparse_fedavg_mnist.yaml
global_config_path: configs/global_cifar10.yaml
local_epochs: 1
log_cka: false
log_dir: results/logs/multiseed/cifar10_multiseed_fixed_5605136/seed_13
lr: 0.01
mask_update_interval: 1
method: sparse_fedavg
model: cifar_cnn
num_clients: 5
num_workers: 2
output_dir: results
plot_dir: results/plots/multiseed/cifar10_multiseed_fixed_5605136
prune_fraction: 0.1
reference_size: 500
regrowth_method: gradient
rounds: 20
save_checkpoint: false
seed: 13
sparsity: 0.7
sparsity_init: random
split_dir: null
Saved merged config to: results/logs/multiseed/cifar10_multiseed_fixed_5605136/seed_13/sparse_fedavg_cifar10_clients5_alpha0.3_sparsity0.7_seed13_20260801_174550_config.yaml
cuDNN disabled for this run.
Client label distributions:
  client 00: n=19994, labels=[2952, 878, 4230, 1942, 3893, 2947, 1170, 1268, 17, 697]
  client 01: n= 5273, labels=[1186, 629, 719, 163, 777, 852, 428, 22, 488, 9]
  client 02: n= 7607, labels=[2, 105, 1, 0, 96, 68, 60, 1042, 2038, 4195]
  client 03: n= 4678, labels=[463, 27, 0, 654, 2, 62, 287, 776, 2407, 0]
  client 04: n=11948, labels=[347, 3311, 0, 2191, 182, 1021, 3005, 1842, 0, 49]
Initial sparsity | total=0.7000 | active=185962/619872
Layer sparsity | conv1.weight:0.684028;conv2.weight:0.700575;conv3.weight:0.698201;fc1.weight:0.700253;fc2.weight:0.701172
Round 001 | train_loss=2.1989 | test_loss=2.3016 | test_acc=0.1114 | sparsity=0.7000
Round 002 | train_loss=2.1109 | test_loss=2.2951 | test_acc=0.1429 | sparsity=0.7000
Round 003 | train_loss=1.9212 | test_loss=2.3487 | test_acc=0.1466 | sparsity=0.7000
Round 004 | train_loss=1.8212 | test_loss=2.4147 | test_acc=0.1342 | sparsity=0.7000
Round 005 | train_loss=1.7842 | test_loss=2.4459 | test_acc=0.1426 | sparsity=0.7000
Round 006 | train_loss=1.7675 | test_loss=2.4747 | test_acc=0.1676 | sparsity=0.7000
Round 007 | train_loss=1.7565 | test_loss=2.4749 | test_acc=0.1586 | sparsity=0.7000
Round 008 | train_loss=1.7467 | test_loss=2.4556 | test_acc=0.1721 | sparsity=0.7000
Round 009 | train_loss=1.7367 | test_loss=2.4643 | test_acc=0.1861 | sparsity=0.7000
Round 010 | train_loss=1.7275 | test_loss=2.4927 | test_acc=0.1724 | sparsity=0.7000
Round 011 | train_loss=1.7178 | test_loss=2.4286 | test_acc=0.2135 | sparsity=0.7000
Round 012 | train_loss=1.7093 | test_loss=2.4117 | test_acc=0.2150 | sparsity=0.7000
Round 013 | train_loss=1.6975 | test_loss=2.3844 | test_acc=0.2332 | sparsity=0.7000
Round 014 | train_loss=1.6849 | test_loss=2.3731 | test_acc=0.2380 | sparsity=0.7000
Round 015 | train_loss=1.6776 | test_loss=2.3496 | test_acc=0.2238 | sparsity=0.7000
Round 016 | train_loss=1.6625 | test_loss=2.3310 | test_acc=0.2257 | sparsity=0.7000
Round 017 | train_loss=1.6523 | test_loss=2.3237 | test_acc=0.2585 | sparsity=0.7000
Round 018 | train_loss=1.6373 | test_loss=2.3199 | test_acc=0.2506 | sparsity=0.7000
Round 019 | train_loss=1.6218 | test_loss=2.2443 | test_acc=0.2714 | sparsity=0.7000
Round 020 | train_loss=1.6020 | test_loss=2.2630 | test_acc=0.2552 | sparsity=0.7000
Saved training log to: results/logs/multiseed/cifar10_multiseed_fixed_5605136/seed_13/sparse_fedavg_cifar10_clients5_alpha0.3_sparsity0.7_seed13_20260801_174550.csv

[Run 38/80] suite=multiseed method=feddst seed=13 sparsity=0.7 cka_strength=yaml
Output log dir: results/logs/multiseed/cifar10_multiseed_fixed_5605136/seed_13
Command: /mnt/aiongpfs/users/dsen/micromamba/envs/cka-cifar/bin/python -m src.train --global-config configs/global_cifar10.yaml --config configs/feddst_mnist.yaml --seed 13 --sparsity 0.7 --log-dir results/logs/multiseed/cifar10_multiseed_fixed_5605136/seed_13 --checkpoint-dir results/checkpoints/multiseed/cifar10_multiseed_fixed_5605136/seed_13 --plot-dir results/plots/multiseed/cifar10_multiseed_fixed_5605136
Final merged configuration:
alpha: 0.3
batch_size: 64
checkpoint_dir: results/checkpoints/multiseed/cifar10_multiseed_fixed_5605136/seed_13
cka_interval: 1
cka_layers:
- conv1
- conv2
- conv3
- fc1
cka_max_sparsity: 0.99
cka_min_sparsity: 0.0
cka_strength: 0.5
data_check: false
data_dir: data
dataset: cifar10
device: auto
disable_cudnn: true
dry_run: false
eval_interval: 1
experiment_config_path: configs/feddst_mnist.yaml
global_config_path: configs/global_cifar10.yaml
local_epochs: 1
log_cka: false
log_dir: results/logs/multiseed/cifar10_multiseed_fixed_5605136/seed_13
lr: 0.01
mask_update_interval: 2
method: feddst
model: cifar_cnn
num_clients: 5
num_workers: 2
output_dir: results
plot_dir: results/plots/multiseed/cifar10_multiseed_fixed_5605136
prune_fraction: 0.2
reference_size: 500
regrowth_method: gradient
rounds: 20
save_checkpoint: false
seed: 13
sparsity: 0.7
sparsity_init: random
split_dir: null
Saved merged config to: results/logs/multiseed/cifar10_multiseed_fixed_5605136/seed_13/feddst_cifar10_clients5_alpha0.3_sparsity0.7_seed13_20260801_174906_config.yaml
cuDNN disabled for this run.
Client label distributions:
  client 00: n=19994, labels=[2952, 878, 4230, 1942, 3893, 2947, 1170, 1268, 17, 697]
  client 01: n= 5273, labels=[1186, 629, 719, 163, 777, 852, 428, 22, 488, 9]
  client 02: n= 7607, labels=[2, 105, 1, 0, 96, 68, 60, 1042, 2038, 4195]
  client 03: n= 4678, labels=[463, 27, 0, 654, 2, 62, 287, 776, 2407, 0]
  client 04: n=11948, labels=[347, 3311, 0, 2191, 182, 1021, 3005, 1842, 0, 49]
Initial sparsity | total=0.7000 | active=185962/619872
Layer sparsity | conv1.weight:0.684028;conv2.weight:0.700575;conv3.weight:0.698201;fc1.weight:0.700253;fc2.weight:0.701172
Round 001 | train_loss=2.1989 | test_loss=2.3016 | test_acc=0.1114 | sparsity=0.7000 | pruned=0 | regrown=0 | mask_changes=0
Round 002 | train_loss=2.1109 | test_loss=2.2953 | test_acc=0.1423 | sparsity=0.7000 | pruned=37193 | regrown=37193 | mask_changes=74386
Round 003 | train_loss=1.8586 | test_loss=2.4245 | test_acc=0.1411 | sparsity=0.7000 | pruned=0 | regrown=0 | mask_changes=0
Round 004 | train_loss=1.7852 | test_loss=2.3081 | test_acc=0.1572 | sparsity=0.7000 | pruned=37193 | regrown=37193 | mask_changes=74386
Round 005 | train_loss=1.7953 | test_loss=2.4183 | test_acc=0.1604 | sparsity=0.7000 | pruned=0 | regrown=0 | mask_changes=0
Round 006 | train_loss=1.7628 | test_loss=2.4311 | test_acc=0.1722 | sparsity=0.7000 | pruned=37193 | regrown=37193 | mask_changes=74386
Round 007 | train_loss=1.7545 | test_loss=2.4393 | test_acc=0.1807 | sparsity=0.7000 | pruned=0 | regrown=0 | mask_changes=0
Round 008 | train_loss=1.7416 | test_loss=2.4518 | test_acc=0.1900 | sparsity=0.7000 | pruned=37193 | regrown=37193 | mask_changes=74386
Round 009 | train_loss=1.7346 | test_loss=2.4398 | test_acc=0.1997 | sparsity=0.7000 | pruned=0 | regrown=0 | mask_changes=0
Round 010 | train_loss=1.7208 | test_loss=2.4624 | test_acc=0.2027 | sparsity=0.7000 | pruned=37193 | regrown=37193 | mask_changes=74386
Round 011 | train_loss=1.7183 | test_loss=2.3593 | test_acc=0.2179 | sparsity=0.7000 | pruned=0 | regrown=0 | mask_changes=0
Round 012 | train_loss=1.7043 | test_loss=2.3996 | test_acc=0.2166 | sparsity=0.7000 | pruned=37193 | regrown=37193 | mask_changes=74386
Round 013 | train_loss=1.6921 | test_loss=2.3534 | test_acc=0.2301 | sparsity=0.7000 | pruned=0 | regrown=0 | mask_changes=0
Round 014 | train_loss=1.6772 | test_loss=2.3465 | test_acc=0.2293 | sparsity=0.7000 | pruned=37193 | regrown=37193 | mask_changes=74386
Round 015 | train_loss=1.6810 | test_loss=2.2649 | test_acc=0.2316 | sparsity=0.7000 | pruned=0 | regrown=0 | mask_changes=0
Round 016 | train_loss=1.6599 | test_loss=2.2797 | test_acc=0.2391 | sparsity=0.7000 | pruned=37193 | regrown=37193 | mask_changes=74386
Round 017 | train_loss=1.6483 | test_loss=2.2814 | test_acc=0.2525 | sparsity=0.7000 | pruned=0 | regrown=0 | mask_changes=0
Round 018 | train_loss=1.6242 | test_loss=2.2944 | test_acc=0.2404 | sparsity=0.7000 | pruned=37193 | regrown=37193 | mask_changes=74386
Round 019 | train_loss=1.6196 | test_loss=2.1459 | test_acc=0.2719 | sparsity=0.7000 | pruned=0 | regrown=0 | mask_changes=0
Round 020 | train_loss=1.5802 | test_loss=2.1646 | test_acc=0.2713 | sparsity=0.7000 | pruned=37193 | regrown=37193 | mask_changes=74386
Saved training log to: results/logs/multiseed/cifar10_multiseed_fixed_5605136/seed_13/feddst_cifar10_clients5_alpha0.3_sparsity0.7_seed13_20260801_174906.csv

[Run 39/80] suite=multiseed method=cka_feddst seed=13 sparsity=0.7 cka_strength=yaml
Output log dir: results/logs/multiseed/cifar10_multiseed_fixed_5605136/seed_13
Command: /mnt/aiongpfs/users/dsen/micromamba/envs/cka-cifar/bin/python -m src.train --global-config configs/global_cifar10.yaml --config configs/cka_feddst_mnist.yaml --seed 13 --sparsity 0.7 --log-dir results/logs/multiseed/cifar10_multiseed_fixed_5605136/seed_13 --checkpoint-dir results/checkpoints/multiseed/cifar10_multiseed_fixed_5605136/seed_13 --plot-dir results/plots/multiseed/cifar10_multiseed_fixed_5605136
Final merged configuration:
alpha: 0.3
batch_size: 64
checkpoint_dir: results/checkpoints/multiseed/cifar10_multiseed_fixed_5605136/seed_13
cka_interval: 2
cka_layers:
- conv1
- conv2
- conv3
- fc1
cka_max_sparsity: 0.95
cka_min_sparsity: 0.5
cka_strength: 0.2
data_check: false
data_dir: data
dataset: cifar10
device: auto
disable_cudnn: true
dry_run: false
eval_interval: 1
experiment_config_path: configs/cka_feddst_mnist.yaml
global_config_path: configs/global_cifar10.yaml
local_epochs: 1
log_cka: false
log_dir: results/logs/multiseed/cifar10_multiseed_fixed_5605136/seed_13
lr: 0.01
mask_update_interval: 2
method: cka_feddst
model: cifar_cnn
num_clients: 5
num_workers: 2
output_dir: results
plot_dir: results/plots/multiseed/cifar10_multiseed_fixed_5605136
prune_fraction: 0.2
reference_size: 500
regrowth_method: gradient
rounds: 20
save_checkpoint: false
seed: 13
sparsity: 0.7
sparsity_init: random
split_dir: null
Saved merged config to: results/logs/multiseed/cifar10_multiseed_fixed_5605136/seed_13/cka_feddst_cifar10_clients5_alpha0.3_sparsity0.7_cka0.2_seed13_20260801_175340_config.yaml
cuDNN disabled for this run.
Client label distributions:
  client 00: n=19994, labels=[2952, 878, 4230, 1942, 3893, 2947, 1170, 1268, 17, 697]
  client 01: n= 5273, labels=[1186, 629, 719, 163, 777, 852, 428, 22, 488, 9]
  client 02: n= 7607, labels=[2, 105, 1, 0, 96, 68, 60, 1042, 2038, 4195]
  client 03: n= 4678, labels=[463, 27, 0, 654, 2, 62, 287, 776, 2407, 0]
  client 04: n=11948, labels=[347, 3311, 0, 2191, 182, 1021, 3005, 1842, 0, 49]
Initial sparsity | total=0.7000 | active=185962/619872
Layer sparsity | conv1.weight:0.684028;conv2.weight:0.700575;conv3.weight:0.698201;fc1.weight:0.700253;fc2.weight:0.701172
Round 001 | train_loss=2.1989 | test_loss=2.3016 | test_acc=0.1114 | sparsity=0.7000 | cka=0 | targets=
Round 002 | train_loss=2.1109 | test_loss=2.2953 | test_acc=0.1423 | sparsity=0.7000 | cka=1 | targets=conv1.weight:0.699074;conv2.weight:0.699273;conv3.weight:0.699314;fc1.weight:0.700123
Round 003 | train_loss=1.8586 | test_loss=2.4245 | test_acc=0.1409 | sparsity=0.7000 | cka=0 | targets=conv1.weight:0.699074;conv2.weight:0.699273;conv3.weight:0.699314;fc1.weight:0.700123
Round 004 | train_loss=1.7852 | test_loss=2.3079 | test_acc=0.1575 | sparsity=0.7000 | cka=1 | targets=conv1.weight:0.699074;conv2.weight:0.699110;conv3.weight:0.699097;fc1.weight:0.700159
Round 005 | train_loss=1.7951 | test_loss=2.4185 | test_acc=0.1631 | sparsity=0.7000 | cka=0 | targets=conv1.weight:0.699074;conv2.weight:0.699110;conv3.weight:0.699097;fc1.weight:0.700159
Round 006 | train_loss=1.7623 | test_loss=2.4327 | test_acc=0.1723 | sparsity=0.7000 | cka=1 | targets=conv1.weight:0.699074;conv2.weight:0.699164;conv3.weight:0.699151;fc1.weight:0.700150
Round 007 | train_loss=1.7539 | test_loss=2.4397 | test_acc=0.1780 | sparsity=0.7000 | cka=0 | targets=conv1.weight:0.699074;conv2.weight:0.699164;conv3.weight:0.699151;fc1.weight:0.700150
Round 008 | train_loss=1.7412 | test_loss=2.4542 | test_acc=0.1910 | sparsity=0.7000 | cka=1 | targets=conv1.weight:0.699074;conv2.weight:0.699002;conv3.weight:0.699029;fc1.weight:0.700172
Round 009 | train_loss=1.7337 | test_loss=2.4389 | test_acc=0.2003 | sparsity=0.7000 | cka=0 | targets=conv1.weight:0.699074;conv2.weight:0.699002;conv3.weight:0.699029;fc1.weight:0.700172
Round 010 | train_loss=1.7200 | test_loss=2.4632 | test_acc=0.2034 | sparsity=0.7000 | cka=1 | targets=conv1.weight:0.699074;conv2.weight:0.699110;conv3.weight:0.699083;fc1.weight:0.700161
Round 011 | train_loss=1.7176 | test_loss=2.3577 | test_acc=0.2188 | sparsity=0.7000 | cka=0 | targets=conv1.weight:0.699074;conv2.weight:0.699110;conv3.weight:0.699083;fc1.weight:0.700161
Round 012 | train_loss=1.7035 | test_loss=2.3997 | test_acc=0.2167 | sparsity=0.7000 | cka=1 | targets=conv1.weight:0.699074;conv2.weight:0.698785;conv3.weight:0.698771;fc1.weight:0.700216
Round 013 | train_loss=1.6911 | test_loss=2.3504 | test_acc=0.2322 | sparsity=0.7000 | cka=0 | targets=conv1.weight:0.699074;conv2.weight:0.698785;conv3.weight:0.698771;fc1.weight:0.700216
Round 014 | train_loss=1.6761 | test_loss=2.3489 | test_acc=0.2299 | sparsity=0.7000 | cka=1 | targets=conv1.weight:0.699074;conv2.weight:0.699056;conv3.weight:0.699070;fc1.weight:0.700165
Round 015 | train_loss=1.6800 | test_loss=2.2619 | test_acc=0.2344 | sparsity=0.7000 | cka=0 | targets=conv1.weight:0.699074;conv2.weight:0.699056;conv3.weight:0.699070;fc1.weight:0.700165
Round 016 | train_loss=1.6588 | test_loss=2.2800 | test_acc=0.2402 | sparsity=0.7000 | cka=1 | targets=conv1.weight:0.699074;conv2.weight:0.698622;conv3.weight:0.698649;fc1.weight:0.700239
Round 017 | train_loss=1.6475 | test_loss=2.2795 | test_acc=0.2540 | sparsity=0.7000 | cka=0 | targets=conv1.weight:0.699074;conv2.weight:0.698622;conv3.weight:0.698649;fc1.weight:0.700239
Round 018 | train_loss=1.6244 | test_loss=2.2934 | test_acc=0.2424 | sparsity=0.7000 | cka=1 | targets=conv1.weight:0.699074;conv2.weight:0.698676;conv3.weight:0.698744;fc1.weight:0.700224
Round 019 | train_loss=1.6200 | test_loss=2.1438 | test_acc=0.2718 | sparsity=0.7000 | cka=0 | targets=conv1.weight:0.699074;conv2.weight:0.698676;conv3.weight:0.698744;fc1.weight:0.700224
Round 020 | train_loss=1.5801 | test_loss=2.1771 | test_acc=0.2714 | sparsity=0.7000 | cka=1 | targets=conv1.weight:0.697917;conv2.weight:0.698242;conv3.weight:0.698256;fc1.weight:0.700310
Saved training log to: results/logs/multiseed/cifar10_multiseed_fixed_5605136/seed_13/cka_feddst_cifar10_clients5_alpha0.3_sparsity0.7_cka0.2_seed13_20260801_175340.csv
Saved CKA log to: results/logs/multiseed/cifar10_multiseed_fixed_5605136/seed_13/cka_feddst_cifar10_clients5_alpha0.3_sparsity0.7_cka0.2_seed13_20260801_175340_cka.csv

[Run 40/80] suite=multiseed method=sparse_fedavg seed=13 sparsity=0.8 cka_strength=yaml
Output log dir: results/logs/multiseed/cifar10_multiseed_fixed_5605136/seed_13
Command: /mnt/aiongpfs/users/dsen/micromamba/envs/cka-cifar/bin/python -m src.train --global-config configs/global_cifar10.yaml --config configs/sparse_fedavg_mnist.yaml --seed 13 --sparsity 0.8 --log-dir results/logs/multiseed/cifar10_multiseed_fixed_5605136/seed_13 --checkpoint-dir results/checkpoints/multiseed/cifar10_multiseed_fixed_5605136/seed_13 --plot-dir results/plots/multiseed/cifar10_multiseed_fixed_5605136
Final merged configuration:
alpha: 0.3
batch_size: 64
checkpoint_dir: results/checkpoints/multiseed/cifar10_multiseed_fixed_5605136/seed_13
cka_interval: 1
cka_layers:
- conv1
- conv2
- conv3
- fc1
cka_max_sparsity: 0.99
cka_min_sparsity: 0.0
cka_strength: 0.5
data_check: false
data_dir: data
dataset: cifar10
device: auto
disable_cudnn: true
dry_run: false
eval_interval: 1
experiment_config_path: configs/sparse_fedavg_mnist.yaml
global_config_path: configs/global_cifar10.yaml
local_epochs: 1
log_cka: false
log_dir: results/logs/multiseed/cifar10_multiseed_fixed_5605136/seed_13
lr: 0.01
mask_update_interval: 1
method: sparse_fedavg
model: cifar_cnn
num_clients: 5
num_workers: 2
output_dir: results
plot_dir: results/plots/multiseed/cifar10_multiseed_fixed_5605136
prune_fraction: 0.1
reference_size: 500
regrowth_method: gradient
rounds: 20
save_checkpoint: false
seed: 13
sparsity: 0.8
sparsity_init: random
split_dir: null
Saved merged config to: results/logs/multiseed/cifar10_multiseed_fixed_5605136/seed_13/sparse_fedavg_cifar10_clients5_alpha0.3_sparsity0.8_seed13_20260801_175848_config.yaml
cuDNN disabled for this run.
Client label distributions:
  client 00: n=19994, labels=[2952, 878, 4230, 1942, 3893, 2947, 1170, 1268, 17, 697]
  client 01: n= 5273, labels=[1186, 629, 719, 163, 777, 852, 428, 22, 488, 9]
  client 02: n= 7607, labels=[2, 105, 1, 0, 96, 68, 60, 1042, 2038, 4195]
  client 03: n= 4678, labels=[463, 27, 0, 654, 2, 62, 287, 776, 2407, 0]
  client 04: n=11948, labels=[347, 3311, 0, 2191, 182, 1021, 3005, 1842, 0, 49]
Initial sparsity | total=0.8000 | active=123974/619872
Layer sparsity | conv1.weight:0.800926;conv2.weight:0.801975;conv3.weight:0.797472;fc1.weight:0.800318;fc2.weight:0.793359
Round 001 | train_loss=2.2201 | test_loss=2.3034 | test_acc=0.1000 | sparsity=0.8000
Round 002 | train_loss=2.2208 | test_loss=2.3051 | test_acc=0.1019 | sparsity=0.8000
Round 003 | train_loss=2.2216 | test_loss=2.3073 | test_acc=0.1007 | sparsity=0.8000
Round 004 | train_loss=2.2212 | test_loss=2.3095 | test_acc=0.1000 | sparsity=0.8000
Round 005 | train_loss=2.2146 | test_loss=2.3105 | test_acc=0.1000 | sparsity=0.8000
Round 006 | train_loss=2.1837 | test_loss=2.3082 | test_acc=0.1000 | sparsity=0.8000
Round 007 | train_loss=2.1174 | test_loss=2.2966 | test_acc=0.1183 | sparsity=0.8000
Round 008 | train_loss=1.9841 | test_loss=2.2859 | test_acc=0.1422 | sparsity=0.8000
Round 009 | train_loss=1.8676 | test_loss=2.3116 | test_acc=0.1525 | sparsity=0.8000
Round 010 | train_loss=1.8093 | test_loss=2.3633 | test_acc=0.1344 | sparsity=0.8000
Round 011 | train_loss=1.7810 | test_loss=2.3753 | test_acc=0.1402 | sparsity=0.8000
Round 012 | train_loss=1.7653 | test_loss=2.3987 | test_acc=0.1419 | sparsity=0.8000
Round 013 | train_loss=1.7534 | test_loss=2.4030 | test_acc=0.1535 | sparsity=0.8000
Round 014 | train_loss=1.7421 | test_loss=2.4013 | test_acc=0.1628 | sparsity=0.8000
Round 015 | train_loss=1.7390 | test_loss=2.4138 | test_acc=0.1589 | sparsity=0.8000
Round 016 | train_loss=1.7290 | test_loss=2.4097 | test_acc=0.1602 | sparsity=0.8000
Round 017 | train_loss=1.7246 | test_loss=2.4247 | test_acc=0.1994 | sparsity=0.8000
Round 018 | train_loss=1.7186 | test_loss=2.4354 | test_acc=0.1807 | sparsity=0.8000
Round 019 | train_loss=1.7140 | test_loss=2.4047 | test_acc=0.2109 | sparsity=0.8000
Round 020 | train_loss=1.7044 | test_loss=2.4058 | test_acc=0.1883 | sparsity=0.8000
Saved training log to: results/logs/multiseed/cifar10_multiseed_fixed_5605136/seed_13/sparse_fedavg_cifar10_clients5_alpha0.3_sparsity0.8_seed13_20260801_175848.csv

[Run 41/80] suite=multiseed method=feddst seed=13 sparsity=0.8 cka_strength=yaml
Output log dir: results/logs/multiseed/cifar10_multiseed_fixed_5605136/seed_13
Command: /mnt/aiongpfs/users/dsen/micromamba/envs/cka-cifar/bin/python -m src.train --global-config configs/global_cifar10.yaml --config configs/feddst_mnist.yaml --seed 13 --sparsity 0.8 --log-dir results/logs/multiseed/cifar10_multiseed_fixed_5605136/seed_13 --checkpoint-dir results/checkpoints/multiseed/cifar10_multiseed_fixed_5605136/seed_13 --plot-dir results/plots/multiseed/cifar10_multiseed_fixed_5605136
Final merged configuration:
alpha: 0.3
batch_size: 64
checkpoint_dir: results/checkpoints/multiseed/cifar10_multiseed_fixed_5605136/seed_13
cka_interval: 1
cka_layers:
- conv1
- conv2
- conv3
- fc1
cka_max_sparsity: 0.99
cka_min_sparsity: 0.0
cka_strength: 0.5
data_check: false
data_dir: data
dataset: cifar10
device: auto
disable_cudnn: true
dry_run: false
eval_interval: 1
experiment_config_path: configs/feddst_mnist.yaml
global_config_path: configs/global_cifar10.yaml
local_epochs: 1
log_cka: false
log_dir: results/logs/multiseed/cifar10_multiseed_fixed_5605136/seed_13
lr: 0.01
mask_update_interval: 2
method: feddst
model: cifar_cnn
num_clients: 5
num_workers: 2
output_dir: results
plot_dir: results/plots/multiseed/cifar10_multiseed_fixed_5605136
prune_fraction: 0.2
reference_size: 500
regrowth_method: gradient
rounds: 20
save_checkpoint: false
seed: 13
sparsity: 0.8
sparsity_init: random
split_dir: null
Saved merged config to: results/logs/multiseed/cifar10_multiseed_fixed_5605136/seed_13/feddst_cifar10_clients5_alpha0.3_sparsity0.8_seed13_20260801_180203_config.yaml
cuDNN disabled for this run.
Client label distributions:
  client 00: n=19994, labels=[2952, 878, 4230, 1942, 3893, 2947, 1170, 1268, 17, 697]
  client 01: n= 5273, labels=[1186, 629, 719, 163, 777, 852, 428, 22, 488, 9]
  client 02: n= 7607, labels=[2, 105, 1, 0, 96, 68, 60, 1042, 2038, 4195]
  client 03: n= 4678, labels=[463, 27, 0, 654, 2, 62, 287, 776, 2407, 0]
  client 04: n=11948, labels=[347, 3311, 0, 2191, 182, 1021, 3005, 1842, 0, 49]
Initial sparsity | total=0.8000 | active=123974/619872
Layer sparsity | conv1.weight:0.800926;conv2.weight:0.801975;conv3.weight:0.797472;fc1.weight:0.800318;fc2.weight:0.793359
Round 001 | train_loss=2.2201 | test_loss=2.3034 | test_acc=0.1000 | sparsity=0.8000 | pruned=0 | regrown=0 | mask_changes=0
Round 002 | train_loss=2.2208 | test_loss=2.3052 | test_acc=0.1002 | sparsity=0.8000 | pruned=24794 | regrown=24794 | mask_changes=49588
Round 003 | train_loss=2.1860 | test_loss=2.3051 | test_acc=0.1000 | sparsity=0.8000 | pruned=0 | regrown=0 | mask_changes=0
Round 004 | train_loss=2.0455 | test_loss=2.3049 | test_acc=0.1146 | sparsity=0.8000 | pruned=24794 | regrown=24794 | mask_changes=49588
Round 005 | train_loss=1.9072 | test_loss=2.3561 | test_acc=0.1349 | sparsity=0.8000 | pruned=0 | regrown=0 | mask_changes=0
Round 006 | train_loss=1.7906 | test_loss=2.3806 | test_acc=0.1565 | sparsity=0.8000 | pruned=24794 | regrown=24794 | mask_changes=49588
Round 007 | train_loss=1.7729 | test_loss=2.4536 | test_acc=0.1405 | sparsity=0.8000 | pruned=0 | regrown=0 | mask_changes=0
Round 008 | train_loss=1.7578 | test_loss=2.4510 | test_acc=0.1422 | sparsity=0.8000 | pruned=24794 | regrown=24794 | mask_changes=49588
Round 009 | train_loss=1.7501 | test_loss=2.4324 | test_acc=0.1823 | sparsity=0.8000 | pruned=0 | regrown=0 | mask_changes=0
Round 010 | train_loss=1.7378 | test_loss=2.4698 | test_acc=0.1521 | sparsity=0.8000 | pruned=24794 | regrown=24794 | mask_changes=49588
Round 011 | train_loss=1.7325 | test_loss=2.4002 | test_acc=0.1972 | sparsity=0.8000 | pruned=0 | regrown=0 | mask_changes=0
Round 012 | train_loss=1.7228 | test_loss=2.4382 | test_acc=0.1676 | sparsity=0.8000 | pruned=24794 | regrown=24794 | mask_changes=49588
Round 013 | train_loss=1.7154 | test_loss=2.3602 | test_acc=0.2125 | sparsity=0.8000 | pruned=0 | regrown=0 | mask_changes=0
Round 014 | train_loss=1.7024 | test_loss=2.3698 | test_acc=0.2109 | sparsity=0.8000 | pruned=24794 | regrown=24794 | mask_changes=49588
Round 015 | train_loss=1.7024 | test_loss=2.3227 | test_acc=0.2031 | sparsity=0.8000 | pruned=0 | regrown=0 | mask_changes=0
Round 016 | train_loss=1.6871 | test_loss=2.3618 | test_acc=0.1928 | sparsity=0.8000 | pruned=24794 | regrown=24794 | mask_changes=49588
Round 017 | train_loss=1.6848 | test_loss=2.3309 | test_acc=0.2295 | sparsity=0.8000 | pruned=0 | regrown=0 | mask_changes=0
Round 018 | train_loss=1.6715 | test_loss=2.3646 | test_acc=0.2218 | sparsity=0.8000 | pruned=24794 | regrown=24794 | mask_changes=49588
Round 019 | train_loss=1.6720 | test_loss=2.3150 | test_acc=0.2317 | sparsity=0.8000 | pruned=0 | regrown=0 | mask_changes=0
Round 020 | train_loss=1.6564 | test_loss=2.3153 | test_acc=0.2224 | sparsity=0.8000 | pruned=24794 | regrown=24794 | mask_changes=49588
Saved training log to: results/logs/multiseed/cifar10_multiseed_fixed_5605136/seed_13/feddst_cifar10_clients5_alpha0.3_sparsity0.8_seed13_20260801_180203.csv

[Run 42/80] suite=multiseed method=cka_feddst seed=13 sparsity=0.8 cka_strength=yaml
Output log dir: results/logs/multiseed/cifar10_multiseed_fixed_5605136/seed_13
Command: /mnt/aiongpfs/users/dsen/micromamba/envs/cka-cifar/bin/python -m src.train --global-config configs/global_cifar10.yaml --config configs/cka_feddst_mnist.yaml --seed 13 --sparsity 0.8 --log-dir results/logs/multiseed/cifar10_multiseed_fixed_5605136/seed_13 --checkpoint-dir results/checkpoints/multiseed/cifar10_multiseed_fixed_5605136/seed_13 --plot-dir results/plots/multiseed/cifar10_multiseed_fixed_5605136
Final merged configuration:
alpha: 0.3
batch_size: 64
checkpoint_dir: results/checkpoints/multiseed/cifar10_multiseed_fixed_5605136/seed_13
cka_interval: 2
cka_layers:
- conv1
- conv2
- conv3
- fc1
cka_max_sparsity: 0.95
cka_min_sparsity: 0.5
cka_strength: 0.2
data_check: false
data_dir: data
dataset: cifar10
device: auto
disable_cudnn: true
dry_run: false
eval_interval: 1
experiment_config_path: configs/cka_feddst_mnist.yaml
global_config_path: configs/global_cifar10.yaml
local_epochs: 1
log_cka: false
log_dir: results/logs/multiseed/cifar10_multiseed_fixed_5605136/seed_13
lr: 0.01
mask_update_interval: 2
method: cka_feddst
model: cifar_cnn
num_clients: 5
num_workers: 2
output_dir: results
plot_dir: results/plots/multiseed/cifar10_multiseed_fixed_5605136
prune_fraction: 0.2
reference_size: 500
regrowth_method: gradient
rounds: 20
save_checkpoint: false
seed: 13
sparsity: 0.8
sparsity_init: random
split_dir: null
Saved merged config to: results/logs/multiseed/cifar10_multiseed_fixed_5605136/seed_13/cka_feddst_cifar10_clients5_alpha0.3_sparsity0.8_cka0.2_seed13_20260801_180637_config.yaml
cuDNN disabled for this run.
Client label distributions:
  client 00: n=19994, labels=[2952, 878, 4230, 1942, 3893, 2947, 1170, 1268, 17, 697]
  client 01: n= 5273, labels=[1186, 629, 719, 163, 777, 852, 428, 22, 488, 9]
  client 02: n= 7607, labels=[2, 105, 1, 0, 96, 68, 60, 1042, 2038, 4195]
  client 03: n= 4678, labels=[463, 27, 0, 654, 2, 62, 287, 776, 2407, 0]
  client 04: n=11948, labels=[347, 3311, 0, 2191, 182, 1021, 3005, 1842, 0, 49]
Initial sparsity | total=0.8000 | active=123974/619872
Layer sparsity | conv1.weight:0.800926;conv2.weight:0.801975;conv3.weight:0.797472;fc1.weight:0.800318;fc2.weight:0.793359
Round 001 | train_loss=2.2201 | test_loss=2.3034 | test_acc=0.1000 | sparsity=0.8000 | cka=0 | targets=
Round 002 | train_loss=2.2208 | test_loss=2.3052 | test_acc=0.1002 | sparsity=0.8000 | cka=1 | targets=conv1.weight:0.799769;conv2.weight:0.799533;conv3.weight:0.799547;fc1.weight:0.800081
Round 003 | train_loss=2.1857 | test_loss=2.3051 | test_acc=0.1000 | sparsity=0.8000 | cka=0 | targets=conv1.weight:0.799769;conv2.weight:0.799533;conv3.weight:0.799547;fc1.weight:0.800081
Round 004 | train_loss=2.0441 | test_loss=2.3049 | test_acc=0.1171 | sparsity=0.8000 | cka=1 | targets=conv1.weight:0.799769;conv2.weight:0.799479;conv3.weight:0.799479;fc1.weight:0.800093
Round 005 | train_loss=1.9061 | test_loss=2.3571 | test_acc=0.1385 | sparsity=0.8000 | cka=0 | targets=conv1.weight:0.799769;conv2.weight:0.799479;conv3.weight:0.799479;fc1.weight:0.800093
Round 006 | train_loss=1.7904 | test_loss=2.3846 | test_acc=0.1465 | sparsity=0.8000 | cka=1 | targets=conv1.weight:0.798611;conv2.weight:0.799316;conv3.weight:0.799303;fc1.weight:0.800125
Round 007 | train_loss=1.7728 | test_loss=2.4542 | test_acc=0.1407 | sparsity=0.8000 | cka=0 | targets=conv1.weight:0.798611;conv2.weight:0.799316;conv3.weight:0.799303;fc1.weight:0.800125
Round 008 | train_loss=1.7576 | test_loss=2.4539 | test_acc=0.1425 | sparsity=0.8000 | cka=1 | targets=conv1.weight:0.799769;conv2.weight:0.799479;conv3.weight:0.799479;fc1.weight:0.800093
Round 009 | train_loss=1.7495 | test_loss=2.4325 | test_acc=0.1845 | sparsity=0.8000 | cka=0 | targets=conv1.weight:0.799769;conv2.weight:0.799479;conv3.weight:0.799479;fc1.weight:0.800093
Round 010 | train_loss=1.7369 | test_loss=2.4698 | test_acc=0.1525 | sparsity=0.8000 | cka=1 | targets=conv1.weight:0.799769;conv2.weight:0.799371;conv3.weight:0.799384;fc1.weight:0.800110
Round 011 | train_loss=1.7317 | test_loss=2.4021 | test_acc=0.1970 | sparsity=0.8000 | cka=0 | targets=conv1.weight:0.799769;conv2.weight:0.799371;conv3.weight:0.799384;fc1.weight:0.800110
Round 012 | train_loss=1.7219 | test_loss=2.4365 | test_acc=0.1689 | sparsity=0.8000 | cka=1 | targets=conv1.weight:0.799769;conv2.weight:0.799371;conv3.weight:0.799371;fc1.weight:0.800112
Round 013 | train_loss=1.7134 | test_loss=2.3598 | test_acc=0.2142 | sparsity=0.8000 | cka=0 | targets=conv1.weight:0.799769;conv2.weight:0.799371;conv3.weight:0.799371;fc1.weight:0.800112
Round 014 | train_loss=1.7002 | test_loss=2.3696 | test_acc=0.2132 | sparsity=0.8000 | cka=1 | targets=conv1.weight:0.799769;conv2.weight:0.799262;conv3.weight:0.799276;fc1.weight:0.800129
Round 015 | train_loss=1.7007 | test_loss=2.3212 | test_acc=0.2092 | sparsity=0.8000 | cka=0 | targets=conv1.weight:0.799769;conv2.weight:0.799262;conv3.weight:0.799276;fc1.weight:0.800129
Round 016 | train_loss=1.6856 | test_loss=2.3568 | test_acc=0.1999 | sparsity=0.8000 | cka=1 | targets=conv1.weight:0.799769;conv2.weight:0.799208;conv3.weight:0.799235;fc1.weight:0.800137
Round 017 | train_loss=1.6817 | test_loss=2.3309 | test_acc=0.2296 | sparsity=0.8000 | cka=0 | targets=conv1.weight:0.799769;conv2.weight:0.799208;conv3.weight:0.799235;fc1.weight:0.800137
Round 018 | train_loss=1.6684 | test_loss=2.3821 | test_acc=0.2196 | sparsity=0.8000 | cka=1 | targets=conv1.weight:0.799769;conv2.weight:0.799154;conv3.weight:0.799154;fc1.weight:0.800150
Round 019 | train_loss=1.6698 | test_loss=2.3198 | test_acc=0.2314 | sparsity=0.8000 | cka=0 | targets=conv1.weight:0.799769;conv2.weight:0.799154;conv3.weight:0.799154;fc1.weight:0.800150
Round 020 | train_loss=1.6523 | test_loss=2.3303 | test_acc=0.2190 | sparsity=0.8000 | cka=1 | targets=conv1.weight:0.798611;conv2.weight:0.798991;conv3.weight:0.798991;fc1.weight:0.800180
Saved training log to: results/logs/multiseed/cifar10_multiseed_fixed_5605136/seed_13/cka_feddst_cifar10_clients5_alpha0.3_sparsity0.8_cka0.2_seed13_20260801_180637.csv
Saved CKA log to: results/logs/multiseed/cifar10_multiseed_fixed_5605136/seed_13/cka_feddst_cifar10_clients5_alpha0.3_sparsity0.8_cka0.2_seed13_20260801_180637_cka.csv

[Run 43/80] suite=multiseed method=sparse_fedavg seed=13 sparsity=0.9 cka_strength=yaml
Output log dir: results/logs/multiseed/cifar10_multiseed_fixed_5605136/seed_13
Command: /mnt/aiongpfs/users/dsen/micromamba/envs/cka-cifar/bin/python -m src.train --global-config configs/global_cifar10.yaml --config configs/sparse_fedavg_mnist.yaml --seed 13 --sparsity 0.9 --log-dir results/logs/multiseed/cifar10_multiseed_fixed_5605136/seed_13 --checkpoint-dir results/checkpoints/multiseed/cifar10_multiseed_fixed_5605136/seed_13 --plot-dir results/plots/multiseed/cifar10_multiseed_fixed_5605136
Final merged configuration:
alpha: 0.3
batch_size: 64
checkpoint_dir: results/checkpoints/multiseed/cifar10_multiseed_fixed_5605136/seed_13
cka_interval: 1
cka_layers:
- conv1
- conv2
- conv3
- fc1
cka_max_sparsity: 0.99
cka_min_sparsity: 0.0
cka_strength: 0.5
data_check: false
data_dir: data
dataset: cifar10
device: auto
disable_cudnn: true
dry_run: false
eval_interval: 1
experiment_config_path: configs/sparse_fedavg_mnist.yaml
global_config_path: configs/global_cifar10.yaml
local_epochs: 1
log_cka: false
log_dir: results/logs/multiseed/cifar10_multiseed_fixed_5605136/seed_13
lr: 0.01
mask_update_interval: 1
method: sparse_fedavg
model: cifar_cnn
num_clients: 5
num_workers: 2
output_dir: results
plot_dir: results/plots/multiseed/cifar10_multiseed_fixed_5605136
prune_fraction: 0.1
reference_size: 500
regrowth_method: gradient
rounds: 20
save_checkpoint: false
seed: 13
sparsity: 0.9
sparsity_init: random
split_dir: null
Saved merged config to: results/logs/multiseed/cifar10_multiseed_fixed_5605136/seed_13/sparse_fedavg_cifar10_clients5_alpha0.3_sparsity0.9_seed13_20260801_181139_config.yaml
cuDNN disabled for this run.
Client label distributions:
  client 00: n=19994, labels=[2952, 878, 4230, 1942, 3893, 2947, 1170, 1268, 17, 697]
  client 01: n= 5273, labels=[1186, 629, 719, 163, 777, 852, 428, 22, 488, 9]
  client 02: n= 7607, labels=[2, 105, 1, 0, 96, 68, 60, 1042, 2038, 4195]
  client 03: n= 4678, labels=[463, 27, 0, 654, 2, 62, 287, 776, 2407, 0]
  client 04: n=11948, labels=[347, 3311, 0, 2191, 182, 1021, 3005, 1842, 0, 49]
Initial sparsity | total=0.9000 | active=61987/619872
Layer sparsity | conv1.weight:0.896991;conv2.weight:0.900825;conv3.weight:0.898560;fc1.weight:0.900152;fc2.weight:0.905469
Round 001 | train_loss=2.2230 | test_loss=2.3036 | test_acc=0.1000 | sparsity=0.9000
Round 002 | train_loss=2.2249 | test_loss=2.3055 | test_acc=0.1000 | sparsity=0.9000
Round 003 | train_loss=2.2277 | test_loss=2.3081 | test_acc=0.1000 | sparsity=0.9000
Round 004 | train_loss=2.2308 | test_loss=2.3108 | test_acc=0.1000 | sparsity=0.9000
Round 005 | train_loss=2.2339 | test_loss=2.3136 | test_acc=0.1000 | sparsity=0.9000
Round 006 | train_loss=2.2368 | test_loss=2.3163 | test_acc=0.1000 | sparsity=0.9000
Round 007 | train_loss=2.2396 | test_loss=2.3187 | test_acc=0.1000 | sparsity=0.9000
Round 008 | train_loss=2.2419 | test_loss=2.3209 | test_acc=0.1000 | sparsity=0.9000
Round 009 | train_loss=2.2441 | test_loss=2.3229 | test_acc=0.1000 | sparsity=0.9000
Round 010 | train_loss=2.2460 | test_loss=2.3246 | test_acc=0.1000 | sparsity=0.9000
Round 011 | train_loss=2.2476 | test_loss=2.3262 | test_acc=0.1000 | sparsity=0.9000
Round 012 | train_loss=2.2491 | test_loss=2.3276 | test_acc=0.1000 | sparsity=0.9000
Round 013 | train_loss=2.2503 | test_loss=2.3288 | test_acc=0.1000 | sparsity=0.9000
Round 014 | train_loss=2.2513 | test_loss=2.3298 | test_acc=0.1000 | sparsity=0.9000
Round 015 | train_loss=2.2522 | test_loss=2.3308 | test_acc=0.1000 | sparsity=0.9000
Round 016 | train_loss=2.2529 | test_loss=2.3316 | test_acc=0.1000 | sparsity=0.9000
Round 017 | train_loss=2.2536 | test_loss=2.3323 | test_acc=0.1000 | sparsity=0.9000
Round 018 | train_loss=2.2541 | test_loss=2.3330 | test_acc=0.1000 | sparsity=0.9000
Round 019 | train_loss=2.2545 | test_loss=2.3336 | test_acc=0.1000 | sparsity=0.9000
Round 020 | train_loss=2.2549 | test_loss=2.3341 | test_acc=0.1000 | sparsity=0.9000
Saved training log to: results/logs/multiseed/cifar10_multiseed_fixed_5605136/seed_13/sparse_fedavg_cifar10_clients5_alpha0.3_sparsity0.9_seed13_20260801_181139.csv

[Run 44/80] suite=multiseed method=feddst seed=13 sparsity=0.9 cka_strength=yaml
Output log dir: results/logs/multiseed/cifar10_multiseed_fixed_5605136/seed_13
Command: /mnt/aiongpfs/users/dsen/micromamba/envs/cka-cifar/bin/python -m src.train --global-config configs/global_cifar10.yaml --config configs/feddst_mnist.yaml --seed 13 --sparsity 0.9 --log-dir results/logs/multiseed/cifar10_multiseed_fixed_5605136/seed_13 --checkpoint-dir results/checkpoints/multiseed/cifar10_multiseed_fixed_5605136/seed_13 --plot-dir results/plots/multiseed/cifar10_multiseed_fixed_5605136
Final merged configuration:
alpha: 0.3
batch_size: 64
checkpoint_dir: results/checkpoints/multiseed/cifar10_multiseed_fixed_5605136/seed_13
cka_interval: 1
cka_layers:
- conv1
- conv2
- conv3
- fc1
cka_max_sparsity: 0.99
cka_min_sparsity: 0.0
cka_strength: 0.5
data_check: false
data_dir: data
dataset: cifar10
device: auto
disable_cudnn: true
dry_run: false
eval_interval: 1
experiment_config_path: configs/feddst_mnist.yaml
global_config_path: configs/global_cifar10.yaml
local_epochs: 1
log_cka: false
log_dir: results/logs/multiseed/cifar10_multiseed_fixed_5605136/seed_13
lr: 0.01
mask_update_interval: 2
method: feddst
model: cifar_cnn
num_clients: 5
num_workers: 2
output_dir: results
plot_dir: results/plots/multiseed/cifar10_multiseed_fixed_5605136
prune_fraction: 0.2
reference_size: 500
regrowth_method: gradient
rounds: 20
save_checkpoint: false
seed: 13
sparsity: 0.9
sparsity_init: random
split_dir: null
Saved merged config to: results/logs/multiseed/cifar10_multiseed_fixed_5605136/seed_13/feddst_cifar10_clients5_alpha0.3_sparsity0.9_seed13_20260801_181456_config.yaml
cuDNN disabled for this run.
Client label distributions:
  client 00: n=19994, labels=[2952, 878, 4230, 1942, 3893, 2947, 1170, 1268, 17, 697]
  client 01: n= 5273, labels=[1186, 629, 719, 163, 777, 852, 428, 22, 488, 9]
  client 02: n= 7607, labels=[2, 105, 1, 0, 96, 68, 60, 1042, 2038, 4195]
  client 03: n= 4678, labels=[463, 27, 0, 654, 2, 62, 287, 776, 2407, 0]
  client 04: n=11948, labels=[347, 3311, 0, 2191, 182, 1021, 3005, 1842, 0, 49]
Initial sparsity | total=0.9000 | active=61987/619872
Layer sparsity | conv1.weight:0.896991;conv2.weight:0.900825;conv3.weight:0.898560;fc1.weight:0.900152;fc2.weight:0.905469
Round 001 | train_loss=2.2230 | test_loss=2.3036 | test_acc=0.1000 | sparsity=0.9000 | pruned=0 | regrown=0 | mask_changes=0
Round 002 | train_loss=2.2249 | test_loss=2.3055 | test_acc=0.1000 | sparsity=0.9000 | pruned=12398 | regrown=12398 | mask_changes=24796
Round 003 | train_loss=2.2268 | test_loss=2.3081 | test_acc=0.1003 | sparsity=0.9000 | pruned=0 | regrown=0 | mask_changes=0
Round 004 | train_loss=2.2295 | test_loss=2.3108 | test_acc=0.1000 | sparsity=0.9000 | pruned=12398 | regrown=12398 | mask_changes=24796
Round 005 | train_loss=2.2332 | test_loss=2.3136 | test_acc=0.1000 | sparsity=0.9000 | pruned=0 | regrown=0 | mask_changes=0
Round 006 | train_loss=2.2360 | test_loss=2.3163 | test_acc=0.1000 | sparsity=0.9000 | pruned=12398 | regrown=12398 | mask_changes=24796
Round 007 | train_loss=2.2377 | test_loss=2.3189 | test_acc=0.1000 | sparsity=0.9000 | pruned=0 | regrown=0 | mask_changes=0
Round 008 | train_loss=2.2393 | test_loss=2.3209 | test_acc=0.1000 | sparsity=0.9000 | pruned=12398 | regrown=12398 | mask_changes=24796
Round 009 | train_loss=2.2426 | test_loss=2.3230 | test_acc=0.1000 | sparsity=0.9000 | pruned=0 | regrown=0 | mask_changes=0
Round 010 | train_loss=2.2442 | test_loss=2.3247 | test_acc=0.1000 | sparsity=0.9000 | pruned=12398 | regrown=12398 | mask_changes=24796
Round 011 | train_loss=2.2438 | test_loss=2.3266 | test_acc=0.1000 | sparsity=0.9000 | pruned=0 | regrown=0 | mask_changes=0
Round 012 | train_loss=2.2435 | test_loss=2.3278 | test_acc=0.1000 | sparsity=0.9000 | pruned=12398 | regrown=12398 | mask_changes=24796
Round 013 | train_loss=2.2469 | test_loss=2.3291 | test_acc=0.1000 | sparsity=0.9000 | pruned=0 | regrown=0 | mask_changes=0
Round 014 | train_loss=2.2471 | test_loss=2.3303 | test_acc=0.1000 | sparsity=0.9000 | pruned=12398 | regrown=12398 | mask_changes=24796
Round 015 | train_loss=2.2433 | test_loss=2.3318 | test_acc=0.1000 | sparsity=0.9000 | pruned=0 | regrown=0 | mask_changes=0
Round 016 | train_loss=2.2352 | test_loss=2.3325 | test_acc=0.1000 | sparsity=0.9000 | pruned=12398 | regrown=12398 | mask_changes=24796
Round 017 | train_loss=2.2435 | test_loss=2.3337 | test_acc=0.1000 | sparsity=0.9000 | pruned=0 | regrown=0 | mask_changes=0
Round 018 | train_loss=2.2399 | test_loss=2.3348 | test_acc=0.1000 | sparsity=0.9000 | pruned=12398 | regrown=12398 | mask_changes=24796
Round 019 | train_loss=2.2130 | test_loss=2.3385 | test_acc=0.1000 | sparsity=0.9000 | pruned=0 | regrown=0 | mask_changes=0
Round 020 | train_loss=2.1396 | test_loss=2.3480 | test_acc=0.1000 | sparsity=0.9000 | pruned=12398 | regrown=12398 | mask_changes=24796
Saved training log to: results/logs/multiseed/cifar10_multiseed_fixed_5605136/seed_13/feddst_cifar10_clients5_alpha0.3_sparsity0.9_seed13_20260801_181456.csv

[Run 45/80] suite=multiseed method=cka_feddst seed=13 sparsity=0.9 cka_strength=yaml
Output log dir: results/logs/multiseed/cifar10_multiseed_fixed_5605136/seed_13
Command: /mnt/aiongpfs/users/dsen/micromamba/envs/cka-cifar/bin/python -m src.train --global-config configs/global_cifar10.yaml --config configs/cka_feddst_mnist.yaml --seed 13 --sparsity 0.9 --log-dir results/logs/multiseed/cifar10_multiseed_fixed_5605136/seed_13 --checkpoint-dir results/checkpoints/multiseed/cifar10_multiseed_fixed_5605136/seed_13 --plot-dir results/plots/multiseed/cifar10_multiseed_fixed_5605136
Final merged configuration:
alpha: 0.3
batch_size: 64
checkpoint_dir: results/checkpoints/multiseed/cifar10_multiseed_fixed_5605136/seed_13
cka_interval: 2
cka_layers:
- conv1
- conv2
- conv3
- fc1
cka_max_sparsity: 0.95
cka_min_sparsity: 0.5
cka_strength: 0.2
data_check: false
data_dir: data
dataset: cifar10
device: auto
disable_cudnn: true
dry_run: false
eval_interval: 1
experiment_config_path: configs/cka_feddst_mnist.yaml
global_config_path: configs/global_cifar10.yaml
local_epochs: 1
log_cka: false
log_dir: results/logs/multiseed/cifar10_multiseed_fixed_5605136/seed_13
lr: 0.01
mask_update_interval: 2
method: cka_feddst
model: cifar_cnn
num_clients: 5
num_workers: 2
output_dir: results
plot_dir: results/plots/multiseed/cifar10_multiseed_fixed_5605136
prune_fraction: 0.2
reference_size: 500
regrowth_method: gradient
rounds: 20
save_checkpoint: false
seed: 13
sparsity: 0.9
sparsity_init: random
split_dir: null
Saved merged config to: results/logs/multiseed/cifar10_multiseed_fixed_5605136/seed_13/cka_feddst_cifar10_clients5_alpha0.3_sparsity0.9_cka0.2_seed13_20260801_181928_config.yaml
cuDNN disabled for this run.
Client label distributions:
  client 00: n=19994, labels=[2952, 878, 4230, 1942, 3893, 2947, 1170, 1268, 17, 697]
  client 01: n= 5273, labels=[1186, 629, 719, 163, 777, 852, 428, 22, 488, 9]
  client 02: n= 7607, labels=[2, 105, 1, 0, 96, 68, 60, 1042, 2038, 4195]
  client 03: n= 4678, labels=[463, 27, 0, 654, 2, 62, 287, 776, 2407, 0]
  client 04: n=11948, labels=[347, 3311, 0, 2191, 182, 1021, 3005, 1842, 0, 49]
Initial sparsity | total=0.9000 | active=61987/619872
Layer sparsity | conv1.weight:0.896991;conv2.weight:0.900825;conv3.weight:0.898560;fc1.weight:0.900152;fc2.weight:0.905469
Round 001 | train_loss=2.2230 | test_loss=2.3036 | test_acc=0.1000 | sparsity=0.9000 | cka=0 | targets=
Round 002 | train_loss=2.2249 | test_loss=2.3055 | test_acc=0.1000 | sparsity=0.9000 | cka=1 | targets=conv1.weight:0.900463;conv2.weight:0.899957;conv3.weight:0.899957;fc1.weight:0.900007
Round 003 | train_loss=2.2268 | test_loss=2.3081 | test_acc=0.1003 | sparsity=0.9000 | cka=0 | targets=conv1.weight:0.900463;conv2.weight:0.899957;conv3.weight:0.899957;fc1.weight:0.900007
Round 004 | train_loss=2.2295 | test_loss=2.3108 | test_acc=0.1000 | sparsity=0.9000 | cka=1 | targets=conv1.weight:0.899306;conv2.weight:0.899740;conv3.weight:0.899740;fc1.weight:0.900047
Round 005 | train_loss=2.2332 | test_loss=2.3136 | test_acc=0.1000 | sparsity=0.9000 | cka=0 | targets=conv1.weight:0.899306;conv2.weight:0.899740;conv3.weight:0.899740;fc1.weight:0.900047
Round 006 | train_loss=2.2359 | test_loss=2.3163 | test_acc=0.1000 | sparsity=0.9000 | cka=1 | targets=conv1.weight:0.900463;conv2.weight:0.899902;conv3.weight:0.899929;fc1.weight:0.900013
Round 007 | train_loss=2.2377 | test_loss=2.3189 | test_acc=0.1000 | sparsity=0.9000 | cka=0 | targets=conv1.weight:0.900463;conv2.weight:0.899902;conv3.weight:0.899929;fc1.weight:0.900013
Round 008 | train_loss=2.2393 | test_loss=2.3210 | test_acc=0.1000 | sparsity=0.9000 | cka=1 | targets=conv1.weight:0.899306;conv2.weight:0.899631;conv3.weight:0.899631;fc1.weight:0.900066
Round 009 | train_loss=2.2425 | test_loss=2.3230 | test_acc=0.1000 | sparsity=0.9000 | cka=0 | targets=conv1.weight:0.899306;conv2.weight:0.899631;conv3.weight:0.899631;fc1.weight:0.900066
Round 010 | train_loss=2.2442 | test_loss=2.3248 | test_acc=0.1000 | sparsity=0.9000 | cka=1 | targets=conv1.weight:0.899306;conv2.weight:0.899902;conv3.weight:0.899875;fc1.weight:0.900023
Round 011 | train_loss=2.2436 | test_loss=2.3267 | test_acc=0.1000 | sparsity=0.9000 | cka=0 | targets=conv1.weight:0.899306;conv2.weight:0.899902;conv3.weight:0.899875;fc1.weight:0.900023
Round 012 | train_loss=2.2431 | test_loss=2.3280 | test_acc=0.1000 | sparsity=0.9000 | cka=1 | targets=conv1.weight:0.899306;conv2.weight:0.899577;conv3.weight:0.899577;fc1.weight:0.900076
Round 013 | train_loss=2.2465 | test_loss=2.3294 | test_acc=0.1000 | sparsity=0.9000 | cka=0 | targets=conv1.weight:0.899306;conv2.weight:0.899577;conv3.weight:0.899577;fc1.weight:0.900076
Round 014 | train_loss=2.2466 | test_loss=2.3306 | test_acc=0.1000 | sparsity=0.9000 | cka=1 | targets=conv1.weight:0.899306;conv2.weight:0.899740;conv3.weight:0.899726;fc1.weight:0.900049
Round 015 | train_loss=2.2417 | test_loss=2.3324 | test_acc=0.1000 | sparsity=0.9000 | cka=0 | targets=conv1.weight:0.899306;conv2.weight:0.899740;conv3.weight:0.899726;fc1.weight:0.900049
Round 016 | train_loss=2.2264 | test_loss=2.3336 | test_acc=0.1000 | sparsity=0.9000 | cka=1 | targets=conv1.weight:0.899306;conv2.weight:0.899631;conv3.weight:0.899712;fc1.weight:0.900055
Round 017 | train_loss=2.2393 | test_loss=2.3360 | test_acc=0.1000 | sparsity=0.9000 | cka=0 | targets=conv1.weight:0.899306;conv2.weight:0.899631;conv3.weight:0.899712;fc1.weight:0.900055
Round 018 | train_loss=2.2268 | test_loss=2.3405 | test_acc=0.0974 | sparsity=0.9000 | cka=1 | targets=conv1.weight:0.899306;conv2.weight:0.899740;conv3.weight:0.899740;fc1.weight:0.900047
Round 019 | train_loss=2.1094 | test_loss=2.3674 | test_acc=0.1230 | sparsity=0.9000 | cka=0 | targets=conv1.weight:0.899306;conv2.weight:0.899740;conv3.weight:0.899740;fc1.weight:0.900047
Round 020 | train_loss=1.8979 | test_loss=2.4040 | test_acc=0.1042 | sparsity=0.9000 | cka=1 | targets=conv1.weight:0.899306;conv2.weight:0.899848;conv3.weight:0.899835;fc1.weight:0.900030
Saved training log to: results/logs/multiseed/cifar10_multiseed_fixed_5605136/seed_13/cka_feddst_cifar10_clients5_alpha0.3_sparsity0.9_cka0.2_seed13_20260801_181928.csv
Saved CKA log to: results/logs/multiseed/cifar10_multiseed_fixed_5605136/seed_13/cka_feddst_cifar10_clients5_alpha0.3_sparsity0.9_cka0.2_seed13_20260801_181928_cka.csv

[Run 46/80] suite=multiseed method=sparse_fedavg seed=13 sparsity=0.95 cka_strength=yaml
Output log dir: results/logs/multiseed/cifar10_multiseed_fixed_5605136/seed_13
Command: /mnt/aiongpfs/users/dsen/micromamba/envs/cka-cifar/bin/python -m src.train --global-config configs/global_cifar10.yaml --config configs/sparse_fedavg_mnist.yaml --seed 13 --sparsity 0.95 --log-dir results/logs/multiseed/cifar10_multiseed_fixed_5605136/seed_13 --checkpoint-dir results/checkpoints/multiseed/cifar10_multiseed_fixed_5605136/seed_13 --plot-dir results/plots/multiseed/cifar10_multiseed_fixed_5605136
Final merged configuration:
alpha: 0.3
batch_size: 64
checkpoint_dir: results/checkpoints/multiseed/cifar10_multiseed_fixed_5605136/seed_13
cka_interval: 1
cka_layers:
- conv1
- conv2
- conv3
- fc1
cka_max_sparsity: 0.99
cka_min_sparsity: 0.0
cka_strength: 0.5
data_check: false
data_dir: data
dataset: cifar10
device: auto
disable_cudnn: true
dry_run: false
eval_interval: 1
experiment_config_path: configs/sparse_fedavg_mnist.yaml
global_config_path: configs/global_cifar10.yaml
local_epochs: 1
log_cka: false
log_dir: results/logs/multiseed/cifar10_multiseed_fixed_5605136/seed_13
lr: 0.01
mask_update_interval: 1
method: sparse_fedavg
model: cifar_cnn
num_clients: 5
num_workers: 2
output_dir: results
plot_dir: results/plots/multiseed/cifar10_multiseed_fixed_5605136
prune_fraction: 0.1
reference_size: 500
regrowth_method: gradient
rounds: 20
save_checkpoint: false
seed: 13
sparsity: 0.95
sparsity_init: random
split_dir: null
Saved merged config to: results/logs/multiseed/cifar10_multiseed_fixed_5605136/seed_13/sparse_fedavg_cifar10_clients5_alpha0.3_sparsity0.95_seed13_20260801_182428_config.yaml
cuDNN disabled for this run.
Client label distributions:
  client 00: n=19994, labels=[2952, 878, 4230, 1942, 3893, 2947, 1170, 1268, 17, 697]
  client 01: n= 5273, labels=[1186, 629, 719, 163, 777, 852, 428, 22, 488, 9]
  client 02: n= 7607, labels=[2, 105, 1, 0, 96, 68, 60, 1042, 2038, 4195]
  client 03: n= 4678, labels=[463, 27, 0, 654, 2, 62, 287, 776, 2407, 0]
  client 04: n=11948, labels=[347, 3311, 0, 2191, 182, 1021, 3005, 1842, 0, 49]
Initial sparsity | total=0.9500 | active=30994/619872
Layer sparsity | conv1.weight:0.944444;conv2.weight:0.950575;conv3.weight:0.949273;fc1.weight:0.950089;fc2.weight:0.950391
Round 001 | train_loss=2.2237 | test_loss=2.3037 | test_acc=0.1000 | sparsity=0.9500
Round 002 | train_loss=2.2257 | test_loss=2.3055 | test_acc=0.1000 | sparsity=0.9500
Round 003 | train_loss=2.2285 | test_loss=2.3081 | test_acc=0.1000 | sparsity=0.9500
Round 004 | train_loss=2.2317 | test_loss=2.3108 | test_acc=0.1000 | sparsity=0.9500
Round 005 | train_loss=2.2348 | test_loss=2.3136 | test_acc=0.1000 | sparsity=0.9500
Round 006 | train_loss=2.2378 | test_loss=2.3162 | test_acc=0.1000 | sparsity=0.9500
Round 007 | train_loss=2.2406 | test_loss=2.3186 | test_acc=0.1000 | sparsity=0.9500
Round 008 | train_loss=2.2431 | test_loss=2.3208 | test_acc=0.1000 | sparsity=0.9500
Round 009 | train_loss=2.2453 | test_loss=2.3228 | test_acc=0.1000 | sparsity=0.9500
Round 010 | train_loss=2.2473 | test_loss=2.3245 | test_acc=0.1000 | sparsity=0.9500
Round 011 | train_loss=2.2490 | test_loss=2.3261 | test_acc=0.1000 | sparsity=0.9500
Round 012 | train_loss=2.2506 | test_loss=2.3274 | test_acc=0.1000 | sparsity=0.9500
Round 013 | train_loss=2.2519 | test_loss=2.3287 | test_acc=0.1000 | sparsity=0.9500
Round 014 | train_loss=2.2530 | test_loss=2.3297 | test_acc=0.1000 | sparsity=0.9500
Round 015 | train_loss=2.2541 | test_loss=2.3307 | test_acc=0.1000 | sparsity=0.9500
Round 016 | train_loss=2.2550 | test_loss=2.3315 | test_acc=0.1000 | sparsity=0.9500
Round 017 | train_loss=2.2558 | test_loss=2.3323 | test_acc=0.1000 | sparsity=0.9500
Round 018 | train_loss=2.2564 | test_loss=2.3329 | test_acc=0.1000 | sparsity=0.9500
Round 019 | train_loss=2.2571 | test_loss=2.3335 | test_acc=0.1000 | sparsity=0.9500
Round 020 | train_loss=2.2576 | test_loss=2.3340 | test_acc=0.1000 | sparsity=0.9500
Saved training log to: results/logs/multiseed/cifar10_multiseed_fixed_5605136/seed_13/sparse_fedavg_cifar10_clients5_alpha0.3_sparsity0.95_seed13_20260801_182428.csv

[Run 47/80] suite=multiseed method=feddst seed=13 sparsity=0.95 cka_strength=yaml
Output log dir: results/logs/multiseed/cifar10_multiseed_fixed_5605136/seed_13
Command: /mnt/aiongpfs/users/dsen/micromamba/envs/cka-cifar/bin/python -m src.train --global-config configs/global_cifar10.yaml --config configs/feddst_mnist.yaml --seed 13 --sparsity 0.95 --log-dir results/logs/multiseed/cifar10_multiseed_fixed_5605136/seed_13 --checkpoint-dir results/checkpoints/multiseed/cifar10_multiseed_fixed_5605136/seed_13 --plot-dir results/plots/multiseed/cifar10_multiseed_fixed_5605136
Final merged configuration:
alpha: 0.3
batch_size: 64
checkpoint_dir: results/checkpoints/multiseed/cifar10_multiseed_fixed_5605136/seed_13
cka_interval: 1
cka_layers:
- conv1
- conv2
- conv3
- fc1
cka_max_sparsity: 0.99
cka_min_sparsity: 0.0
cka_strength: 0.5
data_check: false
data_dir: data
dataset: cifar10
device: auto
disable_cudnn: true
dry_run: false
eval_interval: 1
experiment_config_path: configs/feddst_mnist.yaml
global_config_path: configs/global_cifar10.yaml
local_epochs: 1
log_cka: false
log_dir: results/logs/multiseed/cifar10_multiseed_fixed_5605136/seed_13
lr: 0.01
mask_update_interval: 2
method: feddst
model: cifar_cnn
num_clients: 5
num_workers: 2
output_dir: results
plot_dir: results/plots/multiseed/cifar10_multiseed_fixed_5605136
prune_fraction: 0.2
reference_size: 500
regrowth_method: gradient
rounds: 20
save_checkpoint: false
seed: 13
sparsity: 0.95
sparsity_init: random
split_dir: null
Saved merged config to: results/logs/multiseed/cifar10_multiseed_fixed_5605136/seed_13/feddst_cifar10_clients5_alpha0.3_sparsity0.95_seed13_20260801_182744_config.yaml
cuDNN disabled for this run.
Client label distributions:
  client 00: n=19994, labels=[2952, 878, 4230, 1942, 3893, 2947, 1170, 1268, 17, 697]
  client 01: n= 5273, labels=[1186, 629, 719, 163, 777, 852, 428, 22, 488, 9]
  client 02: n= 7607, labels=[2, 105, 1, 0, 96, 68, 60, 1042, 2038, 4195]
  client 03: n= 4678, labels=[463, 27, 0, 654, 2, 62, 287, 776, 2407, 0]
  client 04: n=11948, labels=[347, 3311, 0, 2191, 182, 1021, 3005, 1842, 0, 49]
Initial sparsity | total=0.9500 | active=30994/619872
Layer sparsity | conv1.weight:0.944444;conv2.weight:0.950575;conv3.weight:0.949273;fc1.weight:0.950089;fc2.weight:0.950391
Round 001 | train_loss=2.2237 | test_loss=2.3037 | test_acc=0.1000 | sparsity=0.9500 | pruned=0 | regrown=0 | mask_changes=0
Round 002 | train_loss=2.2257 | test_loss=2.3055 | test_acc=0.1000 | sparsity=0.9500 | pruned=6199 | regrown=6199 | mask_changes=12398
Round 003 | train_loss=2.2281 | test_loss=2.3081 | test_acc=0.1000 | sparsity=0.9500 | pruned=0 | regrown=0 | mask_changes=0
Round 004 | train_loss=2.2312 | test_loss=2.3108 | test_acc=0.1000 | sparsity=0.9500 | pruned=6199 | regrown=6199 | mask_changes=12398
Round 005 | train_loss=2.2346 | test_loss=2.3136 | test_acc=0.1000 | sparsity=0.9500 | pruned=0 | regrown=0 | mask_changes=0
Round 006 | train_loss=2.2375 | test_loss=2.3162 | test_acc=0.1000 | sparsity=0.9500 | pruned=6199 | regrown=6199 | mask_changes=12398
Round 007 | train_loss=2.2400 | test_loss=2.3186 | test_acc=0.1000 | sparsity=0.9500 | pruned=0 | regrown=0 | mask_changes=0
Round 008 | train_loss=2.2423 | test_loss=2.3208 | test_acc=0.1000 | sparsity=0.9500 | pruned=6199 | regrown=6199 | mask_changes=12398
Round 009 | train_loss=2.2449 | test_loss=2.3228 | test_acc=0.1000 | sparsity=0.9500 | pruned=0 | regrown=0 | mask_changes=0
Round 010 | train_loss=2.2468 | test_loss=2.3245 | test_acc=0.1000 | sparsity=0.9500 | pruned=6199 | regrown=6199 | mask_changes=12398
Round 011 | train_loss=2.2480 | test_loss=2.3261 | test_acc=0.1000 | sparsity=0.9500 | pruned=0 | regrown=0 | mask_changes=0
Round 012 | train_loss=2.2494 | test_loss=2.3274 | test_acc=0.1000 | sparsity=0.9500 | pruned=6199 | regrown=6199 | mask_changes=12398
Round 013 | train_loss=2.2512 | test_loss=2.3287 | test_acc=0.1000 | sparsity=0.9500 | pruned=0 | regrown=0 | mask_changes=0
Round 014 | train_loss=2.2522 | test_loss=2.3298 | test_acc=0.1000 | sparsity=0.9500 | pruned=6199 | regrown=6199 | mask_changes=12398
Round 015 | train_loss=2.2525 | test_loss=2.3307 | test_acc=0.1000 | sparsity=0.9500 | pruned=0 | regrown=0 | mask_changes=0
Round 016 | train_loss=2.2530 | test_loss=2.3315 | test_acc=0.1000 | sparsity=0.9500 | pruned=6199 | regrown=6199 | mask_changes=12398
Round 017 | train_loss=2.2546 | test_loss=2.3323 | test_acc=0.1000 | sparsity=0.9500 | pruned=0 | regrown=0 | mask_changes=0
Round 018 | train_loss=2.2551 | test_loss=2.3330 | test_acc=0.1000 | sparsity=0.9500 | pruned=6199 | regrown=6199 | mask_changes=12398
Round 019 | train_loss=2.2544 | test_loss=2.3336 | test_acc=0.1000 | sparsity=0.9500 | pruned=0 | regrown=0 | mask_changes=0
Round 020 | train_loss=2.2544 | test_loss=2.3341 | test_acc=0.1000 | sparsity=0.9500 | pruned=6199 | regrown=6199 | mask_changes=12398
Saved training log to: results/logs/multiseed/cifar10_multiseed_fixed_5605136/seed_13/feddst_cifar10_clients5_alpha0.3_sparsity0.95_seed13_20260801_182744.csv

[Run 48/80] suite=multiseed method=cka_feddst seed=13 sparsity=0.95 cka_strength=yaml
Output log dir: results/logs/multiseed/cifar10_multiseed_fixed_5605136/seed_13
Command: /mnt/aiongpfs/users/dsen/micromamba/envs/cka-cifar/bin/python -m src.train --global-config configs/global_cifar10.yaml --config configs/cka_feddst_mnist.yaml --seed 13 --sparsity 0.95 --log-dir results/logs/multiseed/cifar10_multiseed_fixed_5605136/seed_13 --checkpoint-dir results/checkpoints/multiseed/cifar10_multiseed_fixed_5605136/seed_13 --plot-dir results/plots/multiseed/cifar10_multiseed_fixed_5605136
Final merged configuration:
alpha: 0.3
batch_size: 64
checkpoint_dir: results/checkpoints/multiseed/cifar10_multiseed_fixed_5605136/seed_13
cka_interval: 2
cka_layers:
- conv1
- conv2
- conv3
- fc1
cka_max_sparsity: 0.95
cka_min_sparsity: 0.5
cka_strength: 0.2
data_check: false
data_dir: data
dataset: cifar10
device: auto
disable_cudnn: true
dry_run: false
eval_interval: 1
experiment_config_path: configs/cka_feddst_mnist.yaml
global_config_path: configs/global_cifar10.yaml
local_epochs: 1
log_cka: false
log_dir: results/logs/multiseed/cifar10_multiseed_fixed_5605136/seed_13
lr: 0.01
mask_update_interval: 2
method: cka_feddst
model: cifar_cnn
num_clients: 5
num_workers: 2
output_dir: results
plot_dir: results/plots/multiseed/cifar10_multiseed_fixed_5605136
prune_fraction: 0.2
reference_size: 500
regrowth_method: gradient
rounds: 20
save_checkpoint: false
seed: 13
sparsity: 0.95
sparsity_init: random
split_dir: null
Saved merged config to: results/logs/multiseed/cifar10_multiseed_fixed_5605136/seed_13/cka_feddst_cifar10_clients5_alpha0.3_sparsity0.95_cka0.2_seed13_20260801_183217_config.yaml
cuDNN disabled for this run.
Client label distributions:
  client 00: n=19994, labels=[2952, 878, 4230, 1942, 3893, 2947, 1170, 1268, 17, 697]
  client 01: n= 5273, labels=[1186, 629, 719, 163, 777, 852, 428, 22, 488, 9]
  client 02: n= 7607, labels=[2, 105, 1, 0, 96, 68, 60, 1042, 2038, 4195]
  client 03: n= 4678, labels=[463, 27, 0, 654, 2, 62, 287, 776, 2407, 0]
  client 04: n=11948, labels=[347, 3311, 0, 2191, 182, 1021, 3005, 1842, 0, 49]
Initial sparsity | total=0.9500 | active=30994/619872
Layer sparsity | conv1.weight:0.944444;conv2.weight:0.950575;conv3.weight:0.949273;fc1.weight:0.950089;fc2.weight:0.950391
Round 001 | train_loss=2.2237 | test_loss=2.3037 | test_acc=0.1000 | sparsity=0.9500 | cka=0 | targets=
Round 002 | train_loss=2.2257 | test_loss=2.3055 | test_acc=0.1000 | sparsity=0.9500 | cka=1 | targets=conv1.weight:0.949074;conv2.weight:0.949978;conv3.weight:0.949992;fc1.weight:0.949999
Round 003 | train_loss=2.2281 | test_loss=2.3081 | test_acc=0.1000 | sparsity=0.9500 | cka=0 | targets=conv1.weight:0.949074;conv2.weight:0.949978;conv3.weight:0.949992;fc1.weight:0.949999
Round 004 | train_loss=2.2312 | test_loss=2.3108 | test_acc=0.1000 | sparsity=0.9500 | cka=1 | targets=conv1.weight:0.949074;conv2.weight:0.949978;conv3.weight:0.949992;fc1.weight:0.949999
Round 005 | train_loss=2.2346 | test_loss=2.3136 | test_acc=0.1000 | sparsity=0.9500 | cka=0 | targets=conv1.weight:0.949074;conv2.weight:0.949978;conv3.weight:0.949992;fc1.weight:0.949999
Round 006 | train_loss=2.2375 | test_loss=2.3162 | test_acc=0.1000 | sparsity=0.9500 | cka=1 | targets=conv1.weight:0.949074;conv2.weight:0.949978;conv3.weight:0.949992;fc1.weight:0.949999
Round 007 | train_loss=2.2400 | test_loss=2.3186 | test_acc=0.1000 | sparsity=0.9500 | cka=0 | targets=conv1.weight:0.949074;conv2.weight:0.949978;conv3.weight:0.949992;fc1.weight:0.949999
Round 008 | train_loss=2.2423 | test_loss=2.3208 | test_acc=0.1000 | sparsity=0.9500 | cka=1 | targets=conv1.weight:0.949074;conv2.weight:0.949978;conv3.weight:0.949992;fc1.weight:0.949999
Round 009 | train_loss=2.2449 | test_loss=2.3228 | test_acc=0.1000 | sparsity=0.9500 | cka=0 | targets=conv1.weight:0.949074;conv2.weight:0.949978;conv3.weight:0.949992;fc1.weight:0.949999
Round 010 | train_loss=2.2468 | test_loss=2.3245 | test_acc=0.1000 | sparsity=0.9500 | cka=1 | targets=conv1.weight:0.949074;conv2.weight:0.949978;conv3.weight:0.949992;fc1.weight:0.949999
Round 011 | train_loss=2.2480 | test_loss=2.3261 | test_acc=0.1000 | sparsity=0.9500 | cka=0 | targets=conv1.weight:0.949074;conv2.weight:0.949978;conv3.weight:0.949992;fc1.weight:0.949999
Round 012 | train_loss=2.2494 | test_loss=2.3274 | test_acc=0.1000 | sparsity=0.9500 | cka=1 | targets=conv1.weight:0.949074;conv2.weight:0.949978;conv3.weight:0.949992;fc1.weight:0.949999
Round 013 | train_loss=2.2511 | test_loss=2.3287 | test_acc=0.1000 | sparsity=0.9500 | cka=0 | targets=conv1.weight:0.949074;conv2.weight:0.949978;conv3.weight:0.949992;fc1.weight:0.949999
Round 014 | train_loss=2.2522 | test_loss=2.3298 | test_acc=0.1000 | sparsity=0.9500 | cka=1 | targets=conv1.weight:0.949074;conv2.weight:0.949978;conv3.weight:0.949992;fc1.weight:0.949999
Round 015 | train_loss=2.2524 | test_loss=2.3307 | test_acc=0.1000 | sparsity=0.9500 | cka=0 | targets=conv1.weight:0.949074;conv2.weight:0.949978;conv3.weight:0.949992;fc1.weight:0.949999
Round 016 | train_loss=2.2529 | test_loss=2.3315 | test_acc=0.1000 | sparsity=0.9500 | cka=1 | targets=conv1.weight:0.949074;conv2.weight:0.949978;conv3.weight:0.949992;fc1.weight:0.949999
Round 017 | train_loss=2.2545 | test_loss=2.3323 | test_acc=0.1000 | sparsity=0.9500 | cka=0 | targets=conv1.weight:0.949074;conv2.weight:0.949978;conv3.weight:0.949992;fc1.weight:0.949999
Round 018 | train_loss=2.2550 | test_loss=2.3330 | test_acc=0.1000 | sparsity=0.9500 | cka=1 | targets=conv1.weight:0.949074;conv2.weight:0.949978;conv3.weight:0.949992;fc1.weight:0.949999
Round 019 | train_loss=2.2542 | test_loss=2.3337 | test_acc=0.1000 | sparsity=0.9500 | cka=0 | targets=conv1.weight:0.949074;conv2.weight:0.949978;conv3.weight:0.949992;fc1.weight:0.949999
Round 020 | train_loss=2.2542 | test_loss=2.3341 | test_acc=0.1000 | sparsity=0.9500 | cka=1 | targets=conv1.weight:0.949074;conv2.weight:0.949978;conv3.weight:0.949992;fc1.weight:0.949999
Saved training log to: results/logs/multiseed/cifar10_multiseed_fixed_5605136/seed_13/cka_feddst_cifar10_clients5_alpha0.3_sparsity0.95_cka0.2_seed13_20260801_183217.csv
Saved CKA log to: results/logs/multiseed/cifar10_multiseed_fixed_5605136/seed_13/cka_feddst_cifar10_clients5_alpha0.3_sparsity0.95_cka0.2_seed13_20260801_183217_cka.csv

[Run 49/80] suite=multiseed method=fedavg seed=21 sparsity=dense cka_strength=yaml
Output log dir: results/logs/multiseed/cifar10_multiseed_fixed_5605136/seed_21
Command: /mnt/aiongpfs/users/dsen/micromamba/envs/cka-cifar/bin/python -m src.train --global-config configs/global_cifar10.yaml --config configs/fedavg_mnist.yaml --seed 21 --log-dir results/logs/multiseed/cifar10_multiseed_fixed_5605136/seed_21 --checkpoint-dir results/checkpoints/multiseed/cifar10_multiseed_fixed_5605136/seed_21 --plot-dir results/plots/multiseed/cifar10_multiseed_fixed_5605136
Final merged configuration:
alpha: 0.3
batch_size: 64
checkpoint_dir: results/checkpoints/multiseed/cifar10_multiseed_fixed_5605136/seed_21
cka_interval: 1
cka_layers:
- conv1
- conv2
- conv3
- fc1
cka_max_sparsity: 0.99
cka_min_sparsity: 0.0
cka_strength: 0.5
data_check: false
data_dir: data
dataset: cifar10
device: auto
disable_cudnn: true
dry_run: false
eval_interval: 1
experiment_config_path: configs/fedavg_mnist.yaml
global_config_path: configs/global_cifar10.yaml
local_epochs: 1
log_cka: false
log_dir: results/logs/multiseed/cifar10_multiseed_fixed_5605136/seed_21
lr: 0.01
mask_update_interval: 1
method: fedavg
model: cifar_cnn
num_clients: 5
num_workers: 2
output_dir: results
plot_dir: results/plots/multiseed/cifar10_multiseed_fixed_5605136
prune_fraction: 0.1
reference_size: 500
regrowth_method: gradient
rounds: 20
save_checkpoint: false
seed: 21
sparsity: 0.0
sparsity_init: random
split_dir: null
Saved merged config to: results/logs/multiseed/cifar10_multiseed_fixed_5605136/seed_21/fedavg_cifar10_clients5_alpha0.3_seed21_20260801_183722_config.yaml
cuDNN disabled for this run.
Client label distributions:
  client 00: n=10151, labels=[68, 0, 4345, 758, 1058, 713, 0, 122, 882, 2205]
  client 01: n=10420, labels=[957, 2155, 26, 376, 2359, 483, 4054, 4, 6, 0]
  client 02: n= 7384, labels=[1406, 266, 313, 764, 191, 13, 184, 2, 3127, 1118]
  client 03: n=13329, labels=[2519, 2506, 245, 1146, 1341, 359, 6, 3254, 563, 1390]
  client 04: n= 8216, labels=[0, 23, 21, 1906, 1, 3382, 706, 1568, 372, 237]
Round 001 | train_loss=1.7813 | test_loss=2.2935 | test_acc=0.1280
Round 002 | train_loss=1.6261 | test_loss=2.2149 | test_acc=0.1923
Round 003 | train_loss=1.5214 | test_loss=2.0851 | test_acc=0.2123
Round 004 | train_loss=1.4548 | test_loss=1.9779 | test_acc=0.2608
Round 005 | train_loss=1.4071 | test_loss=1.9133 | test_acc=0.2888
Round 006 | train_loss=1.3614 | test_loss=1.8707 | test_acc=0.3069
Round 007 | train_loss=1.3178 | test_loss=1.8088 | test_acc=0.3306
Round 008 | train_loss=1.2843 | test_loss=1.7514 | test_acc=0.3510
Round 009 | train_loss=1.2567 | test_loss=1.7135 | test_acc=0.3611
Round 010 | train_loss=1.2292 | test_loss=1.7016 | test_acc=0.3638
Round 011 | train_loss=1.2084 | test_loss=1.6855 | test_acc=0.3702
Round 012 | train_loss=1.1861 | test_loss=1.6336 | test_acc=0.3903
Round 013 | train_loss=1.1738 | test_loss=1.6377 | test_acc=0.3854
Round 014 | train_loss=1.1527 | test_loss=1.6050 | test_acc=0.4083
Round 015 | train_loss=1.1397 | test_loss=1.5737 | test_acc=0.4155
Round 016 | train_loss=1.1251 | test_loss=1.5588 | test_acc=0.4204
Round 017 | train_loss=1.1120 | test_loss=1.5428 | test_acc=0.4269
Round 018 | train_loss=1.1038 | test_loss=1.5181 | test_acc=0.4322
Round 019 | train_loss=1.0875 | test_loss=1.5844 | test_acc=0.4205
Round 020 | train_loss=1.0788 | test_loss=1.5068 | test_acc=0.4405
Saved training log to: results/logs/multiseed/cifar10_multiseed_fixed_5605136/seed_21/fedavg_cifar10_clients5_alpha0.3_seed21_20260801_183722.csv

[Run 50/80] suite=multiseed method=sparse_fedavg seed=21 sparsity=0.5 cka_strength=yaml
Output log dir: results/logs/multiseed/cifar10_multiseed_fixed_5605136/seed_21
Command: /mnt/aiongpfs/users/dsen/micromamba/envs/cka-cifar/bin/python -m src.train --global-config configs/global_cifar10.yaml --config configs/sparse_fedavg_mnist.yaml --seed 21 --sparsity 0.5 --log-dir results/logs/multiseed/cifar10_multiseed_fixed_5605136/seed_21 --checkpoint-dir results/checkpoints/multiseed/cifar10_multiseed_fixed_5605136/seed_21 --plot-dir results/plots/multiseed/cifar10_multiseed_fixed_5605136
Final merged configuration:
alpha: 0.3
batch_size: 64
checkpoint_dir: results/checkpoints/multiseed/cifar10_multiseed_fixed_5605136/seed_21
cka_interval: 1
cka_layers:
- conv1
- conv2
- conv3
- fc1
cka_max_sparsity: 0.99
cka_min_sparsity: 0.0
cka_strength: 0.5
data_check: false
data_dir: data
dataset: cifar10
device: auto
disable_cudnn: true
dry_run: false
eval_interval: 1
experiment_config_path: configs/sparse_fedavg_mnist.yaml
global_config_path: configs/global_cifar10.yaml
local_epochs: 1
log_cka: false
log_dir: results/logs/multiseed/cifar10_multiseed_fixed_5605136/seed_21
lr: 0.01
mask_update_interval: 1
method: sparse_fedavg
model: cifar_cnn
num_clients: 5
num_workers: 2
output_dir: results
plot_dir: results/plots/multiseed/cifar10_multiseed_fixed_5605136
prune_fraction: 0.1
reference_size: 500
regrowth_method: gradient
rounds: 20
save_checkpoint: false
seed: 21
sparsity: 0.5
sparsity_init: random
split_dir: null
Saved merged config to: results/logs/multiseed/cifar10_multiseed_fixed_5605136/seed_21/sparse_fedavg_cifar10_clients5_alpha0.3_sparsity0.5_seed21_20260801_184025_config.yaml
cuDNN disabled for this run.
Client label distributions:
  client 00: n=10151, labels=[68, 0, 4345, 758, 1058, 713, 0, 122, 882, 2205]
  client 01: n=10420, labels=[957, 2155, 26, 376, 2359, 483, 4054, 4, 6, 0]
  client 02: n= 7384, labels=[1406, 266, 313, 764, 191, 13, 184, 2, 3127, 1118]
  client 03: n=13329, labels=[2519, 2506, 245, 1146, 1341, 359, 6, 3254, 563, 1390]
  client 04: n= 8216, labels=[0, 23, 21, 1906, 1, 3382, 706, 1568, 372, 237]
Initial sparsity | total=0.5000 | active=309936/619872
Layer sparsity | conv1.weight:0.486111;conv2.weight:0.498806;conv3.weight:0.498834;fc1.weight:0.500118;fc2.weight:0.522656
Round 001 | train_loss=2.0278 | test_loss=2.2765 | test_acc=0.1305 | sparsity=0.5000
Round 002 | train_loss=1.7818 | test_loss=2.3239 | test_acc=0.1479 | sparsity=0.5000
Round 003 | train_loss=1.7275 | test_loss=2.3990 | test_acc=0.1414 | sparsity=0.5000
Round 004 | train_loss=1.7080 | test_loss=2.3554 | test_acc=0.1541 | sparsity=0.5000
Round 005 | train_loss=1.6926 | test_loss=2.3319 | test_acc=0.1593 | sparsity=0.5000
Round 006 | train_loss=1.6745 | test_loss=2.3418 | test_acc=0.1698 | sparsity=0.5000
Round 007 | train_loss=1.6562 | test_loss=2.3054 | test_acc=0.1805 | sparsity=0.5000
Round 008 | train_loss=1.6368 | test_loss=2.2713 | test_acc=0.1949 | sparsity=0.5000
Round 009 | train_loss=1.6128 | test_loss=2.2697 | test_acc=0.2189 | sparsity=0.5000
Round 010 | train_loss=1.5861 | test_loss=2.2273 | test_acc=0.2321 | sparsity=0.5000
Round 011 | train_loss=1.5576 | test_loss=2.2041 | test_acc=0.2473 | sparsity=0.5000
Round 012 | train_loss=1.5229 | test_loss=2.1659 | test_acc=0.2697 | sparsity=0.5000
Round 013 | train_loss=1.4901 | test_loss=2.1051 | test_acc=0.2609 | sparsity=0.5000
Round 014 | train_loss=1.4615 | test_loss=2.0327 | test_acc=0.2860 | sparsity=0.5000
Round 015 | train_loss=1.4338 | test_loss=2.0374 | test_acc=0.2889 | sparsity=0.5000
Round 016 | train_loss=1.4110 | test_loss=2.0026 | test_acc=0.2985 | sparsity=0.5000
Round 017 | train_loss=1.3972 | test_loss=1.9636 | test_acc=0.3064 | sparsity=0.5000
Round 018 | train_loss=1.3770 | test_loss=1.9859 | test_acc=0.3033 | sparsity=0.5000
Round 019 | train_loss=1.3621 | test_loss=1.9916 | test_acc=0.3057 | sparsity=0.5000
Round 020 | train_loss=1.3458 | test_loss=1.9006 | test_acc=0.3207 | sparsity=0.5000
Saved training log to: results/logs/multiseed/cifar10_multiseed_fixed_5605136/seed_21/sparse_fedavg_cifar10_clients5_alpha0.3_sparsity0.5_seed21_20260801_184025.csv

[Run 51/80] suite=multiseed method=feddst seed=21 sparsity=0.5 cka_strength=yaml
Output log dir: results/logs/multiseed/cifar10_multiseed_fixed_5605136/seed_21
Command: /mnt/aiongpfs/users/dsen/micromamba/envs/cka-cifar/bin/python -m src.train --global-config configs/global_cifar10.yaml --config configs/feddst_mnist.yaml --seed 21 --sparsity 0.5 --log-dir results/logs/multiseed/cifar10_multiseed_fixed_5605136/seed_21 --checkpoint-dir results/checkpoints/multiseed/cifar10_multiseed_fixed_5605136/seed_21 --plot-dir results/plots/multiseed/cifar10_multiseed_fixed_5605136
Final merged configuration:
alpha: 0.3
batch_size: 64
checkpoint_dir: results/checkpoints/multiseed/cifar10_multiseed_fixed_5605136/seed_21
cka_interval: 1
cka_layers:
- conv1
- conv2
- conv3
- fc1
cka_max_sparsity: 0.99
cka_min_sparsity: 0.0
cka_strength: 0.5
data_check: false
data_dir: data
dataset: cifar10
device: auto
disable_cudnn: true
dry_run: false
eval_interval: 1
experiment_config_path: configs/feddst_mnist.yaml
global_config_path: configs/global_cifar10.yaml
local_epochs: 1
log_cka: false
log_dir: results/logs/multiseed/cifar10_multiseed_fixed_5605136/seed_21
lr: 0.01
mask_update_interval: 2
method: feddst
model: cifar_cnn
num_clients: 5
num_workers: 2
output_dir: results
plot_dir: results/plots/multiseed/cifar10_multiseed_fixed_5605136
prune_fraction: 0.2
reference_size: 500
regrowth_method: gradient
rounds: 20
save_checkpoint: false
seed: 21
sparsity: 0.5
sparsity_init: random
split_dir: null
Saved merged config to: results/logs/multiseed/cifar10_multiseed_fixed_5605136/seed_21/feddst_cifar10_clients5_alpha0.3_sparsity0.5_seed21_20260801_184341_config.yaml
cuDNN disabled for this run.
Client label distributions:
  client 00: n=10151, labels=[68, 0, 4345, 758, 1058, 713, 0, 122, 882, 2205]
  client 01: n=10420, labels=[957, 2155, 26, 376, 2359, 483, 4054, 4, 6, 0]
  client 02: n= 7384, labels=[1406, 266, 313, 764, 191, 13, 184, 2, 3127, 1118]
  client 03: n=13329, labels=[2519, 2506, 245, 1146, 1341, 359, 6, 3254, 563, 1390]
  client 04: n= 8216, labels=[0, 23, 21, 1906, 1, 3382, 706, 1568, 372, 237]
Initial sparsity | total=0.5000 | active=309936/619872
Layer sparsity | conv1.weight:0.486111;conv2.weight:0.498806;conv3.weight:0.498834;fc1.weight:0.500118;fc2.weight:0.522656
Round 001 | train_loss=2.0278 | test_loss=2.2765 | test_acc=0.1305 | sparsity=0.5000 | pruned=0 | regrown=0 | mask_changes=0
Round 002 | train_loss=1.7818 | test_loss=2.3185 | test_acc=0.1485 | sparsity=0.5000 | pruned=61987 | regrown=61987 | mask_changes=123974
Round 003 | train_loss=1.7277 | test_loss=2.3978 | test_acc=0.1394 | sparsity=0.5000 | pruned=0 | regrown=0 | mask_changes=0
Round 004 | train_loss=1.7082 | test_loss=2.3189 | test_acc=0.1538 | sparsity=0.5000 | pruned=61987 | regrown=61987 | mask_changes=123974
Round 005 | train_loss=1.6966 | test_loss=2.3378 | test_acc=0.1540 | sparsity=0.5000 | pruned=0 | regrown=0 | mask_changes=0
Round 006 | train_loss=1.6769 | test_loss=2.3412 | test_acc=0.1657 | sparsity=0.5000 | pruned=61987 | regrown=61987 | mask_changes=123974
Round 007 | train_loss=1.6707 | test_loss=2.2975 | test_acc=0.1761 | sparsity=0.5000 | pruned=0 | regrown=0 | mask_changes=0
Round 008 | train_loss=1.6454 | test_loss=2.2851 | test_acc=0.1812 | sparsity=0.5000 | pruned=61987 | regrown=61987 | mask_changes=123974
Round 009 | train_loss=1.6222 | test_loss=2.2744 | test_acc=0.2081 | sparsity=0.5000 | pruned=0 | regrown=0 | mask_changes=0
Round 010 | train_loss=1.5898 | test_loss=2.2422 | test_acc=0.2243 | sparsity=0.5000 | pruned=61987 | regrown=61987 | mask_changes=123974
Round 011 | train_loss=1.5801 | test_loss=2.1827 | test_acc=0.2451 | sparsity=0.5000 | pruned=0 | regrown=0 | mask_changes=0
Round 012 | train_loss=1.5315 | test_loss=2.1907 | test_acc=0.2574 | sparsity=0.5000 | pruned=61987 | regrown=61987 | mask_changes=123974
Round 013 | train_loss=1.4991 | test_loss=2.1131 | test_acc=0.2565 | sparsity=0.5000 | pruned=0 | regrown=0 | mask_changes=0
Round 014 | train_loss=1.4643 | test_loss=2.0737 | test_acc=0.2780 | sparsity=0.5000 | pruned=61987 | regrown=61987 | mask_changes=123974
Round 015 | train_loss=1.4541 | test_loss=2.0336 | test_acc=0.2871 | sparsity=0.5000 | pruned=0 | regrown=0 | mask_changes=0
Round 016 | train_loss=1.4155 | test_loss=2.0127 | test_acc=0.2894 | sparsity=0.5000 | pruned=61987 | regrown=61987 | mask_changes=123974
Round 017 | train_loss=1.3939 | test_loss=1.9625 | test_acc=0.3050 | sparsity=0.5000 | pruned=0 | regrown=0 | mask_changes=0
Round 018 | train_loss=1.3700 | test_loss=1.9787 | test_acc=0.3004 | sparsity=0.5000 | pruned=61987 | regrown=61987 | mask_changes=123974
Round 019 | train_loss=1.3693 | test_loss=1.9718 | test_acc=0.3083 | sparsity=0.5000 | pruned=0 | regrown=0 | mask_changes=0
Round 020 | train_loss=1.3445 | test_loss=1.9262 | test_acc=0.3165 | sparsity=0.5000 | pruned=61987 | regrown=61987 | mask_changes=123974
Saved training log to: results/logs/multiseed/cifar10_multiseed_fixed_5605136/seed_21/feddst_cifar10_clients5_alpha0.3_sparsity0.5_seed21_20260801_184341.csv

[Run 52/80] suite=multiseed method=cka_feddst seed=21 sparsity=0.5 cka_strength=yaml
Output log dir: results/logs/multiseed/cifar10_multiseed_fixed_5605136/seed_21
Command: /mnt/aiongpfs/users/dsen/micromamba/envs/cka-cifar/bin/python -m src.train --global-config configs/global_cifar10.yaml --config configs/cka_feddst_mnist.yaml --seed 21 --sparsity 0.5 --log-dir results/logs/multiseed/cifar10_multiseed_fixed_5605136/seed_21 --checkpoint-dir results/checkpoints/multiseed/cifar10_multiseed_fixed_5605136/seed_21 --plot-dir results/plots/multiseed/cifar10_multiseed_fixed_5605136
Final merged configuration:
alpha: 0.3
batch_size: 64
checkpoint_dir: results/checkpoints/multiseed/cifar10_multiseed_fixed_5605136/seed_21
cka_interval: 2
cka_layers:
- conv1
- conv2
- conv3
- fc1
cka_max_sparsity: 0.95
cka_min_sparsity: 0.5
cka_strength: 0.2
data_check: false
data_dir: data
dataset: cifar10
device: auto
disable_cudnn: true
dry_run: false
eval_interval: 1
experiment_config_path: configs/cka_feddst_mnist.yaml
global_config_path: configs/global_cifar10.yaml
local_epochs: 1
log_cka: false
log_dir: results/logs/multiseed/cifar10_multiseed_fixed_5605136/seed_21
lr: 0.01
mask_update_interval: 2
method: cka_feddst
model: cifar_cnn
num_clients: 5
num_workers: 2
output_dir: results
plot_dir: results/plots/multiseed/cifar10_multiseed_fixed_5605136
prune_fraction: 0.2
reference_size: 500
regrowth_method: gradient
rounds: 20
save_checkpoint: false
seed: 21
sparsity: 0.5
sparsity_init: random
split_dir: null
Saved merged config to: results/logs/multiseed/cifar10_multiseed_fixed_5605136/seed_21/cka_feddst_cifar10_clients5_alpha0.3_sparsity0.5_cka0.2_seed21_20260801_184815_config.yaml
cuDNN disabled for this run.
Client label distributions:
  client 00: n=10151, labels=[68, 0, 4345, 758, 1058, 713, 0, 122, 882, 2205]
  client 01: n=10420, labels=[957, 2155, 26, 376, 2359, 483, 4054, 4, 6, 0]
  client 02: n= 7384, labels=[1406, 266, 313, 764, 191, 13, 184, 2, 3127, 1118]
  client 03: n=13329, labels=[2519, 2506, 245, 1146, 1341, 359, 6, 3254, 563, 1390]
  client 04: n= 8216, labels=[0, 23, 21, 1906, 1, 3382, 706, 1568, 372, 237]
Initial sparsity | total=0.5000 | active=309936/619872
Layer sparsity | conv1.weight:0.486111;conv2.weight:0.498806;conv3.weight:0.498834;fc1.weight:0.500118;fc2.weight:0.522656
Round 001 | train_loss=2.0278 | test_loss=2.2765 | test_acc=0.1305 | sparsity=0.5000 | cka=0 | targets=
Round 002 | train_loss=1.7818 | test_loss=2.3185 | test_acc=0.1485 | sparsity=0.5001 | cka=1 | targets=conv1.weight:0.500000;conv2.weight:0.500000;conv3.weight:0.500000;fc1.weight:0.500000
Round 003 | train_loss=1.7277 | test_loss=2.3980 | test_acc=0.1394 | sparsity=0.5001 | cka=0 | targets=conv1.weight:0.500000;conv2.weight:0.500000;conv3.weight:0.500000;fc1.weight:0.500000
Round 004 | train_loss=1.7083 | test_loss=2.3191 | test_acc=0.1537 | sparsity=0.5001 | cka=1 | targets=conv1.weight:0.500000;conv2.weight:0.500000;conv3.weight:0.500000;fc1.weight:0.500000
Round 005 | train_loss=1.6963 | test_loss=2.3377 | test_acc=0.1544 | sparsity=0.5001 | cka=0 | targets=conv1.weight:0.500000;conv2.weight:0.500000;conv3.weight:0.500000;fc1.weight:0.500000
Round 006 | train_loss=1.6767 | test_loss=2.3392 | test_acc=0.1657 | sparsity=0.5001 | cka=1 | targets=conv1.weight:0.500000;conv2.weight:0.500000;conv3.weight:0.500000;fc1.weight:0.500000
Round 007 | train_loss=1.6705 | test_loss=2.2965 | test_acc=0.1762 | sparsity=0.5001 | cka=0 | targets=conv1.weight:0.500000;conv2.weight:0.500000;conv3.weight:0.500000;fc1.weight:0.500000
Round 008 | train_loss=1.6455 | test_loss=2.2844 | test_acc=0.1812 | sparsity=0.5001 | cka=1 | targets=conv1.weight:0.500000;conv2.weight:0.500000;conv3.weight:0.500000;fc1.weight:0.500000
Round 009 | train_loss=1.6229 | test_loss=2.2764 | test_acc=0.2067 | sparsity=0.5001 | cka=0 | targets=conv1.weight:0.500000;conv2.weight:0.500000;conv3.weight:0.500000;fc1.weight:0.500000
Round 010 | train_loss=1.5912 | test_loss=2.2427 | test_acc=0.2228 | sparsity=0.5001 | cka=1 | targets=conv1.weight:0.500000;conv2.weight:0.500000;conv3.weight:0.500000;fc1.weight:0.500000
Round 011 | train_loss=1.5821 | test_loss=2.1882 | test_acc=0.2433 | sparsity=0.5001 | cka=0 | targets=conv1.weight:0.500000;conv2.weight:0.500000;conv3.weight:0.500000;fc1.weight:0.500000
Round 012 | train_loss=1.5339 | test_loss=2.1932 | test_acc=0.2558 | sparsity=0.5001 | cka=1 | targets=conv1.weight:0.500000;conv2.weight:0.500000;conv3.weight:0.500000;fc1.weight:0.500000
Round 013 | train_loss=1.5015 | test_loss=2.1169 | test_acc=0.2553 | sparsity=0.5001 | cka=0 | targets=conv1.weight:0.500000;conv2.weight:0.500000;conv3.weight:0.500000;fc1.weight:0.500000
Round 014 | train_loss=1.4667 | test_loss=2.0739 | test_acc=0.2781 | sparsity=0.5001 | cka=1 | targets=conv1.weight:0.500000;conv2.weight:0.500000;conv3.weight:0.500000;fc1.weight:0.500000
Round 015 | train_loss=1.4560 | test_loss=2.0370 | test_acc=0.2850 | sparsity=0.5001 | cka=0 | targets=conv1.weight:0.500000;conv2.weight:0.500000;conv3.weight:0.500000;fc1.weight:0.500000
Round 016 | train_loss=1.4174 | test_loss=2.0162 | test_acc=0.2873 | sparsity=0.5001 | cka=1 | targets=conv1.weight:0.500000;conv2.weight:0.500000;conv3.weight:0.500000;fc1.weight:0.500000
Round 017 | train_loss=1.3958 | test_loss=1.9638 | test_acc=0.3027 | sparsity=0.5001 | cka=0 | targets=conv1.weight:0.500000;conv2.weight:0.500000;conv3.weight:0.500000;fc1.weight:0.500000
Round 018 | train_loss=1.3720 | test_loss=1.9856 | test_acc=0.2980 | sparsity=0.5001 | cka=1 | targets=conv1.weight:0.500000;conv2.weight:0.500000;conv3.weight:0.500000;fc1.weight:0.500000
Round 019 | train_loss=1.3715 | test_loss=1.9732 | test_acc=0.3071 | sparsity=0.5001 | cka=0 | targets=conv1.weight:0.500000;conv2.weight:0.500000;conv3.weight:0.500000;fc1.weight:0.500000
Round 020 | train_loss=1.3466 | test_loss=1.9332 | test_acc=0.3115 | sparsity=0.5001 | cka=1 | targets=conv1.weight:0.500000;conv2.weight:0.500000;conv3.weight:0.500000;fc1.weight:0.500000
Saved training log to: results/logs/multiseed/cifar10_multiseed_fixed_5605136/seed_21/cka_feddst_cifar10_clients5_alpha0.3_sparsity0.5_cka0.2_seed21_20260801_184815.csv
Saved CKA log to: results/logs/multiseed/cifar10_multiseed_fixed_5605136/seed_21/cka_feddst_cifar10_clients5_alpha0.3_sparsity0.5_cka0.2_seed21_20260801_184815_cka.csv

[Run 53/80] suite=multiseed method=sparse_fedavg seed=21 sparsity=0.7 cka_strength=yaml
Output log dir: results/logs/multiseed/cifar10_multiseed_fixed_5605136/seed_21
Command: /mnt/aiongpfs/users/dsen/micromamba/envs/cka-cifar/bin/python -m src.train --global-config configs/global_cifar10.yaml --config configs/sparse_fedavg_mnist.yaml --seed 21 --sparsity 0.7 --log-dir results/logs/multiseed/cifar10_multiseed_fixed_5605136/seed_21 --checkpoint-dir results/checkpoints/multiseed/cifar10_multiseed_fixed_5605136/seed_21 --plot-dir results/plots/multiseed/cifar10_multiseed_fixed_5605136
Final merged configuration:
alpha: 0.3
batch_size: 64
checkpoint_dir: results/checkpoints/multiseed/cifar10_multiseed_fixed_5605136/seed_21
cka_interval: 1
cka_layers:
- conv1
- conv2
- conv3
- fc1
cka_max_sparsity: 0.99
cka_min_sparsity: 0.0
cka_strength: 0.5
data_check: false
data_dir: data
dataset: cifar10
device: auto
disable_cudnn: true
dry_run: false
eval_interval: 1
experiment_config_path: configs/sparse_fedavg_mnist.yaml
global_config_path: configs/global_cifar10.yaml
local_epochs: 1
log_cka: false
log_dir: results/logs/multiseed/cifar10_multiseed_fixed_5605136/seed_21
lr: 0.01
mask_update_interval: 1
method: sparse_fedavg
model: cifar_cnn
num_clients: 5
num_workers: 2
output_dir: results
plot_dir: results/plots/multiseed/cifar10_multiseed_fixed_5605136
prune_fraction: 0.1
reference_size: 500
regrowth_method: gradient
rounds: 20
save_checkpoint: false
seed: 21
sparsity: 0.7
sparsity_init: random
split_dir: null
Saved merged config to: results/logs/multiseed/cifar10_multiseed_fixed_5605136/seed_21/sparse_fedavg_cifar10_clients5_alpha0.3_sparsity0.7_seed21_20260801_185316_config.yaml
cuDNN disabled for this run.
Client label distributions:
  client 00: n=10151, labels=[68, 0, 4345, 758, 1058, 713, 0, 122, 882, 2205]
  client 01: n=10420, labels=[957, 2155, 26, 376, 2359, 483, 4054, 4, 6, 0]
  client 02: n= 7384, labels=[1406, 266, 313, 764, 191, 13, 184, 2, 3127, 1118]
  client 03: n=13329, labels=[2519, 2506, 245, 1146, 1341, 359, 6, 3254, 563, 1390]
  client 04: n= 8216, labels=[0, 23, 21, 1906, 1, 3382, 706, 1568, 372, 237]
Initial sparsity | total=0.7000 | active=185962/619872
Layer sparsity | conv1.weight:0.682870;conv2.weight:0.695367;conv3.weight:0.700928;fc1.weight:0.699989;fc2.weight:0.714453
Round 001 | train_loss=2.1984 | test_loss=2.3004 | test_acc=0.1189 | sparsity=0.7000
Round 002 | train_loss=2.1529 | test_loss=2.2887 | test_acc=0.1079 | sparsity=0.7000
Round 003 | train_loss=1.9564 | test_loss=2.2793 | test_acc=0.1674 | sparsity=0.7000
Round 004 | train_loss=1.8002 | test_loss=2.3116 | test_acc=0.1488 | sparsity=0.7000
Round 005 | train_loss=1.7427 | test_loss=2.3507 | test_acc=0.1477 | sparsity=0.7000
Round 006 | train_loss=1.7196 | test_loss=2.3774 | test_acc=0.1500 | sparsity=0.7000
Round 007 | train_loss=1.7063 | test_loss=2.3705 | test_acc=0.1580 | sparsity=0.7000
Round 008 | train_loss=1.6970 | test_loss=2.3762 | test_acc=0.1549 | sparsity=0.7000
Round 009 | train_loss=1.6878 | test_loss=2.3975 | test_acc=0.1632 | sparsity=0.7000
Round 010 | train_loss=1.6789 | test_loss=2.3720 | test_acc=0.1654 | sparsity=0.7000
Round 011 | train_loss=1.6711 | test_loss=2.3735 | test_acc=0.1681 | sparsity=0.7000
Round 012 | train_loss=1.6606 | test_loss=2.3405 | test_acc=0.1859 | sparsity=0.7000
Round 013 | train_loss=1.6533 | test_loss=2.3861 | test_acc=0.1723 | sparsity=0.7000
Round 014 | train_loss=1.6433 | test_loss=2.3259 | test_acc=0.1792 | sparsity=0.7000
Round 015 | train_loss=1.6286 | test_loss=2.3146 | test_acc=0.1927 | sparsity=0.7000
Round 016 | train_loss=1.6171 | test_loss=2.3136 | test_acc=0.1966 | sparsity=0.7000
Round 017 | train_loss=1.6046 | test_loss=2.2877 | test_acc=0.2146 | sparsity=0.7000
Round 018 | train_loss=1.5879 | test_loss=2.3075 | test_acc=0.2332 | sparsity=0.7000
Round 019 | train_loss=1.5713 | test_loss=2.2850 | test_acc=0.2388 | sparsity=0.7000
Round 020 | train_loss=1.5513 | test_loss=2.2231 | test_acc=0.2515 | sparsity=0.7000
Saved training log to: results/logs/multiseed/cifar10_multiseed_fixed_5605136/seed_21/sparse_fedavg_cifar10_clients5_alpha0.3_sparsity0.7_seed21_20260801_185316.csv

[Run 54/80] suite=multiseed method=feddst seed=21 sparsity=0.7 cka_strength=yaml
Output log dir: results/logs/multiseed/cifar10_multiseed_fixed_5605136/seed_21
Command: /mnt/aiongpfs/users/dsen/micromamba/envs/cka-cifar/bin/python -m src.train --global-config configs/global_cifar10.yaml --config configs/feddst_mnist.yaml --seed 21 --sparsity 0.7 --log-dir results/logs/multiseed/cifar10_multiseed_fixed_5605136/seed_21 --checkpoint-dir results/checkpoints/multiseed/cifar10_multiseed_fixed_5605136/seed_21 --plot-dir results/plots/multiseed/cifar10_multiseed_fixed_5605136
Final merged configuration:
alpha: 0.3
batch_size: 64
checkpoint_dir: results/checkpoints/multiseed/cifar10_multiseed_fixed_5605136/seed_21
cka_interval: 1
cka_layers:
- conv1
- conv2
- conv3
- fc1
cka_max_sparsity: 0.99
cka_min_sparsity: 0.0
cka_strength: 0.5
data_check: false
data_dir: data
dataset: cifar10
device: auto
disable_cudnn: true
dry_run: false
eval_interval: 1
experiment_config_path: configs/feddst_mnist.yaml
global_config_path: configs/global_cifar10.yaml
local_epochs: 1
log_cka: false
log_dir: results/logs/multiseed/cifar10_multiseed_fixed_5605136/seed_21
lr: 0.01
mask_update_interval: 2
method: feddst
model: cifar_cnn
num_clients: 5
num_workers: 2
output_dir: results
plot_dir: results/plots/multiseed/cifar10_multiseed_fixed_5605136
prune_fraction: 0.2
reference_size: 500
regrowth_method: gradient
rounds: 20
save_checkpoint: false
seed: 21
sparsity: 0.7
sparsity_init: random
split_dir: null
Saved merged config to: results/logs/multiseed/cifar10_multiseed_fixed_5605136/seed_21/feddst_cifar10_clients5_alpha0.3_sparsity0.7_seed21_20260801_185631_config.yaml
cuDNN disabled for this run.
Client label distributions:
  client 00: n=10151, labels=[68, 0, 4345, 758, 1058, 713, 0, 122, 882, 2205]
  client 01: n=10420, labels=[957, 2155, 26, 376, 2359, 483, 4054, 4, 6, 0]
  client 02: n= 7384, labels=[1406, 266, 313, 764, 191, 13, 184, 2, 3127, 1118]
  client 03: n=13329, labels=[2519, 2506, 245, 1146, 1341, 359, 6, 3254, 563, 1390]
  client 04: n= 8216, labels=[0, 23, 21, 1906, 1, 3382, 706, 1568, 372, 237]
Initial sparsity | total=0.7000 | active=185962/619872
Layer sparsity | conv1.weight:0.682870;conv2.weight:0.695367;conv3.weight:0.700928;fc1.weight:0.699989;fc2.weight:0.714453
Round 001 | train_loss=2.1984 | test_loss=2.3004 | test_acc=0.1189 | sparsity=0.7000 | pruned=0 | regrown=0 | mask_changes=0
Round 002 | train_loss=2.1529 | test_loss=2.2899 | test_acc=0.1091 | sparsity=0.7000 | pruned=37192 | regrown=37192 | mask_changes=74384
Round 003 | train_loss=1.8651 | test_loss=2.3053 | test_acc=0.1453 | sparsity=0.7000 | pruned=0 | regrown=0 | mask_changes=0
Round 004 | train_loss=1.7431 | test_loss=2.2669 | test_acc=0.1409 | sparsity=0.7000 | pruned=37192 | regrown=37192 | mask_changes=74384
Round 005 | train_loss=1.7488 | test_loss=2.3427 | test_acc=0.1428 | sparsity=0.7000 | pruned=0 | regrown=0 | mask_changes=0
Round 006 | train_loss=1.7117 | test_loss=2.3538 | test_acc=0.1465 | sparsity=0.7000 | pruned=37192 | regrown=37192 | mask_changes=74384
Round 007 | train_loss=1.7021 | test_loss=2.3572 | test_acc=0.1566 | sparsity=0.7000 | pruned=0 | regrown=0 | mask_changes=0
Round 008 | train_loss=1.6908 | test_loss=2.3724 | test_acc=0.1505 | sparsity=0.7000 | pruned=37192 | regrown=37192 | mask_changes=74384
Round 009 | train_loss=1.6848 | test_loss=2.3601 | test_acc=0.1627 | sparsity=0.7000 | pruned=0 | regrown=0 | mask_changes=0
Round 010 | train_loss=1.6741 | test_loss=2.3537 | test_acc=0.1580 | sparsity=0.7000 | pruned=37192 | regrown=37192 | mask_changes=74384
Round 011 | train_loss=1.6726 | test_loss=2.3216 | test_acc=0.1673 | sparsity=0.7000 | pruned=0 | regrown=0 | mask_changes=0
Round 012 | train_loss=1.6570 | test_loss=2.3463 | test_acc=0.1681 | sparsity=0.7000 | pruned=37192 | regrown=37192 | mask_changes=74384
Round 013 | train_loss=1.6544 | test_loss=2.3419 | test_acc=0.1649 | sparsity=0.7000 | pruned=0 | regrown=0 | mask_changes=0
Round 014 | train_loss=1.6425 | test_loss=2.3067 | test_acc=0.1791 | sparsity=0.7000 | pruned=37192 | regrown=37192 | mask_changes=74384
Round 015 | train_loss=1.6386 | test_loss=2.2758 | test_acc=0.1848 | sparsity=0.7000 | pruned=0 | regrown=0 | mask_changes=0
Round 016 | train_loss=1.6233 | test_loss=2.3057 | test_acc=0.1820 | sparsity=0.7000 | pruned=37192 | regrown=37192 | mask_changes=74384
Round 017 | train_loss=1.6154 | test_loss=2.2601 | test_acc=0.1984 | sparsity=0.7000 | pruned=0 | regrown=0 | mask_changes=0
Round 018 | train_loss=1.5979 | test_loss=2.3028 | test_acc=0.2187 | sparsity=0.7000 | pruned=37192 | regrown=37192 | mask_changes=74384
Round 019 | train_loss=1.5924 | test_loss=2.2352 | test_acc=0.2266 | sparsity=0.7000 | pruned=0 | regrown=0 | mask_changes=0
Round 020 | train_loss=1.5555 | test_loss=2.2740 | test_acc=0.2342 | sparsity=0.7000 | pruned=37192 | regrown=37192 | mask_changes=74384
Saved training log to: results/logs/multiseed/cifar10_multiseed_fixed_5605136/seed_21/feddst_cifar10_clients5_alpha0.3_sparsity0.7_seed21_20260801_185631.csv

[Run 55/80] suite=multiseed method=cka_feddst seed=21 sparsity=0.7 cka_strength=yaml
Output log dir: results/logs/multiseed/cifar10_multiseed_fixed_5605136/seed_21
Command: /mnt/aiongpfs/users/dsen/micromamba/envs/cka-cifar/bin/python -m src.train --global-config configs/global_cifar10.yaml --config configs/cka_feddst_mnist.yaml --seed 21 --sparsity 0.7 --log-dir results/logs/multiseed/cifar10_multiseed_fixed_5605136/seed_21 --checkpoint-dir results/checkpoints/multiseed/cifar10_multiseed_fixed_5605136/seed_21 --plot-dir results/plots/multiseed/cifar10_multiseed_fixed_5605136
Final merged configuration:
alpha: 0.3
batch_size: 64
checkpoint_dir: results/checkpoints/multiseed/cifar10_multiseed_fixed_5605136/seed_21
cka_interval: 2
cka_layers:
- conv1
- conv2
- conv3
- fc1
cka_max_sparsity: 0.95
cka_min_sparsity: 0.5
cka_strength: 0.2
data_check: false
data_dir: data
dataset: cifar10
device: auto
disable_cudnn: true
dry_run: false
eval_interval: 1
experiment_config_path: configs/cka_feddst_mnist.yaml
global_config_path: configs/global_cifar10.yaml
local_epochs: 1
log_cka: false
log_dir: results/logs/multiseed/cifar10_multiseed_fixed_5605136/seed_21
lr: 0.01
mask_update_interval: 2
method: cka_feddst
model: cifar_cnn
num_clients: 5
num_workers: 2
output_dir: results
plot_dir: results/plots/multiseed/cifar10_multiseed_fixed_5605136
prune_fraction: 0.2
reference_size: 500
regrowth_method: gradient
rounds: 20
save_checkpoint: false
seed: 21
sparsity: 0.7
sparsity_init: random
split_dir: null
Saved merged config to: results/logs/multiseed/cifar10_multiseed_fixed_5605136/seed_21/cka_feddst_cifar10_clients5_alpha0.3_sparsity0.7_cka0.2_seed21_20260801_190104_config.yaml
cuDNN disabled for this run.
Client label distributions:
  client 00: n=10151, labels=[68, 0, 4345, 758, 1058, 713, 0, 122, 882, 2205]
  client 01: n=10420, labels=[957, 2155, 26, 376, 2359, 483, 4054, 4, 6, 0]
  client 02: n= 7384, labels=[1406, 266, 313, 764, 191, 13, 184, 2, 3127, 1118]
  client 03: n=13329, labels=[2519, 2506, 245, 1146, 1341, 359, 6, 3254, 563, 1390]
  client 04: n= 8216, labels=[0, 23, 21, 1906, 1, 3382, 706, 1568, 372, 237]
Initial sparsity | total=0.7000 | active=185962/619872
Layer sparsity | conv1.weight:0.682870;conv2.weight:0.695367;conv3.weight:0.700928;fc1.weight:0.699989;fc2.weight:0.714453
Round 001 | train_loss=2.1984 | test_loss=2.3004 | test_acc=0.1189 | sparsity=0.7000 | cka=0 | targets=
Round 002 | train_loss=2.1529 | test_loss=2.2899 | test_acc=0.1091 | sparsity=0.7001 | cka=1 | targets=conv1.weight:0.699074;conv2.weight:0.699436;conv3.weight:0.699490;fc1.weight:0.700092
Round 003 | train_loss=1.8655 | test_loss=2.3049 | test_acc=0.1455 | sparsity=0.7001 | cka=0 | targets=conv1.weight:0.699074;conv2.weight:0.699436;conv3.weight:0.699490;fc1.weight:0.700092
Round 004 | train_loss=1.7432 | test_loss=2.2668 | test_acc=0.1410 | sparsity=0.7001 | cka=1 | targets=conv1.weight:0.699074;conv2.weight:0.699490;conv3.weight:0.699517;fc1.weight:0.700087
Round 005 | train_loss=1.7506 | test_loss=2.3404 | test_acc=0.1428 | sparsity=0.7001 | cka=0 | targets=conv1.weight:0.699074;conv2.weight:0.699490;conv3.weight:0.699517;fc1.weight:0.700087
Round 006 | train_loss=1.7117 | test_loss=2.3504 | test_acc=0.1464 | sparsity=0.7001 | cka=1 | targets=conv1.weight:0.699074;conv2.weight:0.699382;conv3.weight:0.699382;fc1.weight:0.700109
Round 007 | train_loss=1.7014 | test_loss=2.3570 | test_acc=0.1566 | sparsity=0.7001 | cka=0 | targets=conv1.weight:0.699074;conv2.weight:0.699382;conv3.weight:0.699382;fc1.weight:0.700109
Round 008 | train_loss=1.6902 | test_loss=2.3708 | test_acc=0.1500 | sparsity=0.7001 | cka=1 | targets=conv1.weight:0.699074;conv2.weight:0.699382;conv3.weight:0.699409;fc1.weight:0.700106
Round 009 | train_loss=1.6843 | test_loss=2.3597 | test_acc=0.1620 | sparsity=0.7001 | cka=0 | targets=conv1.weight:0.699074;conv2.weight:0.699382;conv3.weight:0.699409;fc1.weight:0.700106
Round 010 | train_loss=1.6735 | test_loss=2.3535 | test_acc=0.1582 | sparsity=0.7001 | cka=1 | targets=conv1.weight:0.699074;conv2.weight:0.699436;conv3.weight:0.699449;fc1.weight:0.700098
Round 011 | train_loss=1.6717 | test_loss=2.3205 | test_acc=0.1660 | sparsity=0.7001 | cka=0 | targets=conv1.weight:0.699074;conv2.weight:0.699436;conv3.weight:0.699449;fc1.weight:0.700098
Round 012 | train_loss=1.6563 | test_loss=2.3461 | test_acc=0.1676 | sparsity=0.7001 | cka=1 | targets=conv1.weight:0.699074;conv2.weight:0.699273;conv3.weight:0.699314;fc1.weight:0.700123
Round 013 | train_loss=1.6542 | test_loss=2.3415 | test_acc=0.1639 | sparsity=0.7001 | cka=0 | targets=conv1.weight:0.699074;conv2.weight:0.699273;conv3.weight:0.699314;fc1.weight:0.700123
Round 014 | train_loss=1.6426 | test_loss=2.3079 | test_acc=0.1767 | sparsity=0.7001 | cka=1 | targets=conv1.weight:0.699074;conv2.weight:0.699327;conv3.weight:0.699327;fc1.weight:0.700119
Round 015 | train_loss=1.6382 | test_loss=2.2760 | test_acc=0.1842 | sparsity=0.7001 | cka=0 | targets=conv1.weight:0.699074;conv2.weight:0.699327;conv3.weight:0.699327;fc1.weight:0.700119
Round 016 | train_loss=1.6235 | test_loss=2.3070 | test_acc=0.1806 | sparsity=0.7001 | cka=1 | targets=conv1.weight:0.699074;conv2.weight:0.699110;conv3.weight:0.699178;fc1.weight:0.700148
Round 017 | train_loss=1.6162 | test_loss=2.2609 | test_acc=0.1980 | sparsity=0.7001 | cka=0 | targets=conv1.weight:0.699074;conv2.weight:0.699110;conv3.weight:0.699178;fc1.weight:0.700148
Round 018 | train_loss=1.5994 | test_loss=2.2991 | test_acc=0.2152 | sparsity=0.7001 | cka=1 | targets=conv1.weight:0.699074;conv2.weight:0.699219;conv3.weight:0.699273;fc1.weight:0.700130
Round 019 | train_loss=1.5935 | test_loss=2.2384 | test_acc=0.2208 | sparsity=0.7001 | cka=0 | targets=conv1.weight:0.699074;conv2.weight:0.699219;conv3.weight:0.699273;fc1.weight:0.700130
Round 020 | train_loss=1.5586 | test_loss=2.2762 | test_acc=0.2313 | sparsity=0.7001 | cka=1 | targets=conv1.weight:0.697917;conv2.weight:0.698405;conv3.weight:0.698907;fc1.weight:0.700212
Saved training log to: results/logs/multiseed/cifar10_multiseed_fixed_5605136/seed_21/cka_feddst_cifar10_clients5_alpha0.3_sparsity0.7_cka0.2_seed21_20260801_190104.csv
Saved CKA log to: results/logs/multiseed/cifar10_multiseed_fixed_5605136/seed_21/cka_feddst_cifar10_clients5_alpha0.3_sparsity0.7_cka0.2_seed21_20260801_190104_cka.csv

[Run 56/80] suite=multiseed method=sparse_fedavg seed=21 sparsity=0.8 cka_strength=yaml
Output log dir: results/logs/multiseed/cifar10_multiseed_fixed_5605136/seed_21
Command: /mnt/aiongpfs/users/dsen/micromamba/envs/cka-cifar/bin/python -m src.train --global-config configs/global_cifar10.yaml --config configs/sparse_fedavg_mnist.yaml --seed 21 --sparsity 0.8 --log-dir results/logs/multiseed/cifar10_multiseed_fixed_5605136/seed_21 --checkpoint-dir results/checkpoints/multiseed/cifar10_multiseed_fixed_5605136/seed_21 --plot-dir results/plots/multiseed/cifar10_multiseed_fixed_5605136
Final merged configuration:
alpha: 0.3
batch_size: 64
checkpoint_dir: results/checkpoints/multiseed/cifar10_multiseed_fixed_5605136/seed_21
cka_interval: 1
cka_layers:
- conv1
- conv2
- conv3
- fc1
cka_max_sparsity: 0.99
cka_min_sparsity: 0.0
cka_strength: 0.5
data_check: false
data_dir: data
dataset: cifar10
device: auto
disable_cudnn: true
dry_run: false
eval_interval: 1
experiment_config_path: configs/sparse_fedavg_mnist.yaml
global_config_path: configs/global_cifar10.yaml
local_epochs: 1
log_cka: false
log_dir: results/logs/multiseed/cifar10_multiseed_fixed_5605136/seed_21
lr: 0.01
mask_update_interval: 1
method: sparse_fedavg
model: cifar_cnn
num_clients: 5
num_workers: 2
output_dir: results
plot_dir: results/plots/multiseed/cifar10_multiseed_fixed_5605136
prune_fraction: 0.1
reference_size: 500
regrowth_method: gradient
rounds: 20
save_checkpoint: false
seed: 21
sparsity: 0.8
sparsity_init: random
split_dir: null
Saved merged config to: results/logs/multiseed/cifar10_multiseed_fixed_5605136/seed_21/sparse_fedavg_cifar10_clients5_alpha0.3_sparsity0.8_seed21_20260801_190608_config.yaml
cuDNN disabled for this run.
Client label distributions:
  client 00: n=10151, labels=[68, 0, 4345, 758, 1058, 713, 0, 122, 882, 2205]
  client 01: n=10420, labels=[957, 2155, 26, 376, 2359, 483, 4054, 4, 6, 0]
  client 02: n= 7384, labels=[1406, 266, 313, 764, 191, 13, 184, 2, 3127, 1118]
  client 03: n=13329, labels=[2519, 2506, 245, 1146, 1341, 359, 6, 3254, 563, 1390]
  client 04: n= 8216, labels=[0, 23, 21, 1906, 1, 3382, 706, 1568, 372, 237]
Initial sparsity | total=0.8000 | active=123974/619872
Layer sparsity | conv1.weight:0.776620;conv2.weight:0.796115;conv3.weight:0.799981;fc1.weight:0.800104;fc2.weight:0.815234
Round 001 | train_loss=2.2094 | test_loss=2.3028 | test_acc=0.1000 | sparsity=0.8000
Round 002 | train_loss=2.2085 | test_loss=2.3027 | test_acc=0.0985 | sparsity=0.8000
Round 003 | train_loss=2.2078 | test_loss=2.3027 | test_acc=0.1428 | sparsity=0.8000
Round 004 | train_loss=2.2071 | test_loss=2.3028 | test_acc=0.1000 | sparsity=0.8000
Round 005 | train_loss=2.2063 | test_loss=2.3029 | test_acc=0.1000 | sparsity=0.8000
Round 006 | train_loss=2.2050 | test_loss=2.3030 | test_acc=0.1000 | sparsity=0.8000
Round 007 | train_loss=2.2030 | test_loss=2.3029 | test_acc=0.1000 | sparsity=0.8000
Round 008 | train_loss=2.1991 | test_loss=2.3024 | test_acc=0.1000 | sparsity=0.8000
Round 009 | train_loss=2.1901 | test_loss=2.3009 | test_acc=0.1000 | sparsity=0.8000
Round 010 | train_loss=2.1608 | test_loss=2.2957 | test_acc=0.1033 | sparsity=0.8000
Round 011 | train_loss=2.0463 | test_loss=2.2904 | test_acc=0.1273 | sparsity=0.8000
Round 012 | train_loss=1.8856 | test_loss=2.3002 | test_acc=0.1624 | sparsity=0.8000
Round 013 | train_loss=1.7925 | test_loss=2.3186 | test_acc=0.1536 | sparsity=0.8000
Round 014 | train_loss=1.7433 | test_loss=2.3407 | test_acc=0.1544 | sparsity=0.8000
Round 015 | train_loss=1.7175 | test_loss=2.3492 | test_acc=0.1539 | sparsity=0.8000
Round 016 | train_loss=1.7030 | test_loss=2.3581 | test_acc=0.1577 | sparsity=0.8000
Round 017 | train_loss=1.6942 | test_loss=2.3685 | test_acc=0.1632 | sparsity=0.8000
Round 018 | train_loss=1.6865 | test_loss=2.3910 | test_acc=0.1633 | sparsity=0.8000
Round 019 | train_loss=1.6804 | test_loss=2.3827 | test_acc=0.1767 | sparsity=0.8000
Round 020 | train_loss=1.6746 | test_loss=2.3675 | test_acc=0.1721 | sparsity=0.8000
Saved training log to: results/logs/multiseed/cifar10_multiseed_fixed_5605136/seed_21/sparse_fedavg_cifar10_clients5_alpha0.3_sparsity0.8_seed21_20260801_190608.csv

[Run 57/80] suite=multiseed method=feddst seed=21 sparsity=0.8 cka_strength=yaml
Output log dir: results/logs/multiseed/cifar10_multiseed_fixed_5605136/seed_21
Command: /mnt/aiongpfs/users/dsen/micromamba/envs/cka-cifar/bin/python -m src.train --global-config configs/global_cifar10.yaml --config configs/feddst_mnist.yaml --seed 21 --sparsity 0.8 --log-dir results/logs/multiseed/cifar10_multiseed_fixed_5605136/seed_21 --checkpoint-dir results/checkpoints/multiseed/cifar10_multiseed_fixed_5605136/seed_21 --plot-dir results/plots/multiseed/cifar10_multiseed_fixed_5605136
Final merged configuration:
alpha: 0.3
batch_size: 64
checkpoint_dir: results/checkpoints/multiseed/cifar10_multiseed_fixed_5605136/seed_21
cka_interval: 1
cka_layers:
- conv1
- conv2
- conv3
- fc1
cka_max_sparsity: 0.99
cka_min_sparsity: 0.0
cka_strength: 0.5
data_check: false
data_dir: data
dataset: cifar10
device: auto
disable_cudnn: true
dry_run: false
eval_interval: 1
experiment_config_path: configs/feddst_mnist.yaml
global_config_path: configs/global_cifar10.yaml
local_epochs: 1
log_cka: false
log_dir: results/logs/multiseed/cifar10_multiseed_fixed_5605136/seed_21
lr: 0.01
mask_update_interval: 2
method: feddst
model: cifar_cnn
num_clients: 5
num_workers: 2
output_dir: results
plot_dir: results/plots/multiseed/cifar10_multiseed_fixed_5605136
prune_fraction: 0.2
reference_size: 500
regrowth_method: gradient
rounds: 20
save_checkpoint: false
seed: 21
sparsity: 0.8
sparsity_init: random
split_dir: null
Saved merged config to: results/logs/multiseed/cifar10_multiseed_fixed_5605136/seed_21/feddst_cifar10_clients5_alpha0.3_sparsity0.8_seed21_20260801_190923_config.yaml
cuDNN disabled for this run.
Client label distributions:
  client 00: n=10151, labels=[68, 0, 4345, 758, 1058, 713, 0, 122, 882, 2205]
  client 01: n=10420, labels=[957, 2155, 26, 376, 2359, 483, 4054, 4, 6, 0]
  client 02: n= 7384, labels=[1406, 266, 313, 764, 191, 13, 184, 2, 3127, 1118]
  client 03: n=13329, labels=[2519, 2506, 245, 1146, 1341, 359, 6, 3254, 563, 1390]
  client 04: n= 8216, labels=[0, 23, 21, 1906, 1, 3382, 706, 1568, 372, 237]
Initial sparsity | total=0.8000 | active=123974/619872
Layer sparsity | conv1.weight:0.776620;conv2.weight:0.796115;conv3.weight:0.799981;fc1.weight:0.800104;fc2.weight:0.815234
Round 001 | train_loss=2.2094 | test_loss=2.3028 | test_acc=0.1000 | sparsity=0.8000 | pruned=0 | regrown=0 | mask_changes=0
Round 002 | train_loss=2.2085 | test_loss=2.3027 | test_acc=0.0989 | sparsity=0.8000 | pruned=24796 | regrown=24796 | mask_changes=49592
Round 003 | train_loss=2.2034 | test_loss=2.3025 | test_acc=0.1269 | sparsity=0.8000 | pruned=0 | regrown=0 | mask_changes=0
Round 004 | train_loss=2.1767 | test_loss=2.3022 | test_acc=0.1000 | sparsity=0.8000 | pruned=24796 | regrown=24796 | mask_changes=49592
Round 005 | train_loss=2.1752 | test_loss=2.2968 | test_acc=0.1154 | sparsity=0.8000 | pruned=0 | regrown=0 | mask_changes=0
Round 006 | train_loss=1.9836 | test_loss=2.2882 | test_acc=0.1331 | sparsity=0.8000 | pruned=24796 | regrown=24796 | mask_changes=49592
Round 007 | train_loss=1.7965 | test_loss=2.3657 | test_acc=0.1341 | sparsity=0.8000 | pruned=0 | regrown=0 | mask_changes=0
Round 008 | train_loss=1.7269 | test_loss=2.3077 | test_acc=0.1398 | sparsity=0.8000 | pruned=24796 | regrown=24796 | mask_changes=49592
Round 009 | train_loss=1.7149 | test_loss=2.3950 | test_acc=0.1387 | sparsity=0.8000 | pruned=0 | regrown=0 | mask_changes=0
Round 010 | train_loss=1.6993 | test_loss=2.3647 | test_acc=0.1447 | sparsity=0.8000 | pruned=24796 | regrown=24796 | mask_changes=49592
Round 011 | train_loss=1.6931 | test_loss=2.3575 | test_acc=0.1464 | sparsity=0.8000 | pruned=0 | regrown=0 | mask_changes=0
Round 012 | train_loss=1.6801 | test_loss=2.3653 | test_acc=0.1492 | sparsity=0.8000 | pruned=24796 | regrown=24796 | mask_changes=49592
Round 013 | train_loss=1.6782 | test_loss=2.3597 | test_acc=0.1467 | sparsity=0.8000 | pruned=0 | regrown=0 | mask_changes=0
Round 014 | train_loss=1.6682 | test_loss=2.3472 | test_acc=0.1520 | sparsity=0.8000 | pruned=24796 | regrown=24796 | mask_changes=49592
Round 015 | train_loss=1.6617 | test_loss=2.3025 | test_acc=0.1612 | sparsity=0.8000 | pruned=0 | regrown=0 | mask_changes=0
Round 016 | train_loss=1.6517 | test_loss=2.3479 | test_acc=0.1563 | sparsity=0.8000 | pruned=24796 | regrown=24796 | mask_changes=49592
Round 017 | train_loss=1.6482 | test_loss=2.2942 | test_acc=0.1637 | sparsity=0.8000 | pruned=0 | regrown=0 | mask_changes=0
Round 018 | train_loss=1.6386 | test_loss=2.3363 | test_acc=0.1633 | sparsity=0.8000 | pruned=24796 | regrown=24796 | mask_changes=49592
Round 019 | train_loss=1.6346 | test_loss=2.2892 | test_acc=0.1738 | sparsity=0.8000 | pruned=0 | regrown=0 | mask_changes=0
Round 020 | train_loss=1.6241 | test_loss=2.3188 | test_acc=0.1690 | sparsity=0.8000 | pruned=24796 | regrown=24796 | mask_changes=49592
Saved training log to: results/logs/multiseed/cifar10_multiseed_fixed_5605136/seed_21/feddst_cifar10_clients5_alpha0.3_sparsity0.8_seed21_20260801_190923.csv

[Run 58/80] suite=multiseed method=cka_feddst seed=21 sparsity=0.8 cka_strength=yaml
Output log dir: results/logs/multiseed/cifar10_multiseed_fixed_5605136/seed_21
Command: /mnt/aiongpfs/users/dsen/micromamba/envs/cka-cifar/bin/python -m src.train --global-config configs/global_cifar10.yaml --config configs/cka_feddst_mnist.yaml --seed 21 --sparsity 0.8 --log-dir results/logs/multiseed/cifar10_multiseed_fixed_5605136/seed_21 --checkpoint-dir results/checkpoints/multiseed/cifar10_multiseed_fixed_5605136/seed_21 --plot-dir results/plots/multiseed/cifar10_multiseed_fixed_5605136
Final merged configuration:
alpha: 0.3
batch_size: 64
checkpoint_dir: results/checkpoints/multiseed/cifar10_multiseed_fixed_5605136/seed_21
cka_interval: 2
cka_layers:
- conv1
- conv2
- conv3
- fc1
cka_max_sparsity: 0.95
cka_min_sparsity: 0.5
cka_strength: 0.2
data_check: false
data_dir: data
dataset: cifar10
device: auto
disable_cudnn: true
dry_run: false
eval_interval: 1
experiment_config_path: configs/cka_feddst_mnist.yaml
global_config_path: configs/global_cifar10.yaml
local_epochs: 1
log_cka: false
log_dir: results/logs/multiseed/cifar10_multiseed_fixed_5605136/seed_21
lr: 0.01
mask_update_interval: 2
method: cka_feddst
model: cifar_cnn
num_clients: 5
num_workers: 2
output_dir: results
plot_dir: results/plots/multiseed/cifar10_multiseed_fixed_5605136
prune_fraction: 0.2
reference_size: 500
regrowth_method: gradient
rounds: 20
save_checkpoint: false
seed: 21
sparsity: 0.8
sparsity_init: random
split_dir: null
Saved merged config to: results/logs/multiseed/cifar10_multiseed_fixed_5605136/seed_21/cka_feddst_cifar10_clients5_alpha0.3_sparsity0.8_cka0.2_seed21_20260801_191357_config.yaml
cuDNN disabled for this run.
Client label distributions:
  client 00: n=10151, labels=[68, 0, 4345, 758, 1058, 713, 0, 122, 882, 2205]
  client 01: n=10420, labels=[957, 2155, 26, 376, 2359, 483, 4054, 4, 6, 0]
  client 02: n= 7384, labels=[1406, 266, 313, 764, 191, 13, 184, 2, 3127, 1118]
  client 03: n=13329, labels=[2519, 2506, 245, 1146, 1341, 359, 6, 3254, 563, 1390]
  client 04: n= 8216, labels=[0, 23, 21, 1906, 1, 3382, 706, 1568, 372, 237]
Initial sparsity | total=0.8000 | active=123974/619872
Layer sparsity | conv1.weight:0.776620;conv2.weight:0.796115;conv3.weight:0.799981;fc1.weight:0.800104;fc2.weight:0.815234
Round 001 | train_loss=2.2094 | test_loss=2.3028 | test_acc=0.1000 | sparsity=0.8000 | cka=0 | targets=
Round 002 | train_loss=2.2085 | test_loss=2.3027 | test_acc=0.0989 | sparsity=0.8001 | cka=1 | targets=conv1.weight:0.799769;conv2.weight:0.799696;conv3.weight:0.799710;fc1.weight:0.800053
Round 003 | train_loss=2.2034 | test_loss=2.3025 | test_acc=0.1269 | sparsity=0.8001 | cka=0 | targets=conv1.weight:0.799769;conv2.weight:0.799696;conv3.weight:0.799710;fc1.weight:0.800053
Round 004 | train_loss=2.1775 | test_loss=2.3023 | test_acc=0.1000 | sparsity=0.8001 | cka=1 | targets=conv1.weight:0.799769;conv2.weight:0.799859;conv3.weight:0.799873;fc1.weight:0.800024
Round 005 | train_loss=2.1848 | test_loss=2.2990 | test_acc=0.1019 | sparsity=0.8001 | cka=0 | targets=conv1.weight:0.799769;conv2.weight:0.799859;conv3.weight:0.799873;fc1.weight:0.800024
Round 006 | train_loss=2.0468 | test_loss=2.2889 | test_acc=0.1127 | sparsity=0.8001 | cka=1 | targets=conv1.weight:0.799769;conv2.weight:0.799696;conv3.weight:0.799683;fc1.weight:0.800056
Round 007 | train_loss=1.8325 | test_loss=2.3541 | test_acc=0.1338 | sparsity=0.8001 | cka=0 | targets=conv1.weight:0.799769;conv2.weight:0.799696;conv3.weight:0.799683;fc1.weight:0.800056
Round 008 | train_loss=1.7347 | test_loss=2.3183 | test_acc=0.1356 | sparsity=0.8001 | cka=1 | targets=conv1.weight:0.799769;conv2.weight:0.799750;conv3.weight:0.799737;fc1.weight:0.800047
Round 009 | train_loss=1.7158 | test_loss=2.4015 | test_acc=0.1349 | sparsity=0.8001 | cka=0 | targets=conv1.weight:0.799769;conv2.weight:0.799750;conv3.weight:0.799737;fc1.weight:0.800047
Round 010 | train_loss=1.6986 | test_loss=2.3556 | test_acc=0.1433 | sparsity=0.8001 | cka=1 | targets=conv1.weight:0.799769;conv2.weight:0.799588;conv3.weight:0.799628;fc1.weight:0.800068
Round 011 | train_loss=1.6927 | test_loss=2.3576 | test_acc=0.1446 | sparsity=0.8001 | cka=0 | targets=conv1.weight:0.799769;conv2.weight:0.799588;conv3.weight:0.799628;fc1.weight:0.800068
Round 012 | train_loss=1.6802 | test_loss=2.3653 | test_acc=0.1467 | sparsity=0.8001 | cka=1 | targets=conv1.weight:0.799769;conv2.weight:0.799642;conv3.weight:0.799655;fc1.weight:0.800062
Round 013 | train_loss=1.6771 | test_loss=2.3638 | test_acc=0.1432 | sparsity=0.8001 | cka=0 | targets=conv1.weight:0.799769;conv2.weight:0.799642;conv3.weight:0.799655;fc1.weight:0.800062
Round 014 | train_loss=1.6666 | test_loss=2.3554 | test_acc=0.1483 | sparsity=0.8001 | cka=1 | targets=conv1.weight:0.799769;conv2.weight:0.799533;conv3.weight:0.799533;fc1.weight:0.800083
Round 015 | train_loss=1.6617 | test_loss=2.3030 | test_acc=0.1592 | sparsity=0.8001 | cka=0 | targets=conv1.weight:0.799769;conv2.weight:0.799533;conv3.weight:0.799533;fc1.weight:0.800083
Round 016 | train_loss=1.6523 | test_loss=2.3432 | test_acc=0.1550 | sparsity=0.8001 | cka=1 | targets=conv1.weight:0.799769;conv2.weight:0.799479;conv3.weight:0.799493;fc1.weight:0.800091
Round 017 | train_loss=1.6480 | test_loss=2.2927 | test_acc=0.1597 | sparsity=0.8001 | cka=0 | targets=conv1.weight:0.799769;conv2.weight:0.799479;conv3.weight:0.799493;fc1.weight:0.800091
Round 018 | train_loss=1.6381 | test_loss=2.3425 | test_acc=0.1596 | sparsity=0.8001 | cka=1 | targets=conv1.weight:0.798611;conv2.weight:0.799316;conv3.weight:0.799411;fc1.weight:0.800110
Round 019 | train_loss=1.6355 | test_loss=2.2857 | test_acc=0.1725 | sparsity=0.8001 | cka=0 | targets=conv1.weight:0.798611;conv2.weight:0.799316;conv3.weight:0.799411;fc1.weight:0.800110
Round 020 | train_loss=1.6261 | test_loss=2.3050 | test_acc=0.1677 | sparsity=0.8001 | cka=1 | targets=conv1.weight:0.799769;conv2.weight:0.799316;conv3.weight:0.799425;fc1.weight:0.800106
Saved training log to: results/logs/multiseed/cifar10_multiseed_fixed_5605136/seed_21/cka_feddst_cifar10_clients5_alpha0.3_sparsity0.8_cka0.2_seed21_20260801_191357.csv
Saved CKA log to: results/logs/multiseed/cifar10_multiseed_fixed_5605136/seed_21/cka_feddst_cifar10_clients5_alpha0.3_sparsity0.8_cka0.2_seed21_20260801_191357_cka.csv

[Run 59/80] suite=multiseed method=sparse_fedavg seed=21 sparsity=0.9 cka_strength=yaml
Output log dir: results/logs/multiseed/cifar10_multiseed_fixed_5605136/seed_21
Command: /mnt/aiongpfs/users/dsen/micromamba/envs/cka-cifar/bin/python -m src.train --global-config configs/global_cifar10.yaml --config configs/sparse_fedavg_mnist.yaml --seed 21 --sparsity 0.9 --log-dir results/logs/multiseed/cifar10_multiseed_fixed_5605136/seed_21 --checkpoint-dir results/checkpoints/multiseed/cifar10_multiseed_fixed_5605136/seed_21 --plot-dir results/plots/multiseed/cifar10_multiseed_fixed_5605136
Final merged configuration:
alpha: 0.3
batch_size: 64
checkpoint_dir: results/checkpoints/multiseed/cifar10_multiseed_fixed_5605136/seed_21
cka_interval: 1
cka_layers:
- conv1
- conv2
- conv3
- fc1
cka_max_sparsity: 0.99
cka_min_sparsity: 0.0
cka_strength: 0.5
data_check: false
data_dir: data
dataset: cifar10
device: auto
disable_cudnn: true
dry_run: false
eval_interval: 1
experiment_config_path: configs/sparse_fedavg_mnist.yaml
global_config_path: configs/global_cifar10.yaml
local_epochs: 1
log_cka: false
log_dir: results/logs/multiseed/cifar10_multiseed_fixed_5605136/seed_21
lr: 0.01
mask_update_interval: 1
method: sparse_fedavg
model: cifar_cnn
num_clients: 5
num_workers: 2
output_dir: results
plot_dir: results/plots/multiseed/cifar10_multiseed_fixed_5605136
prune_fraction: 0.1
reference_size: 500
regrowth_method: gradient
rounds: 20
save_checkpoint: false
seed: 21
sparsity: 0.9
sparsity_init: random
split_dir: null
Saved merged config to: results/logs/multiseed/cifar10_multiseed_fixed_5605136/seed_21/sparse_fedavg_cifar10_clients5_alpha0.3_sparsity0.9_seed21_20260801_191900_config.yaml
cuDNN disabled for this run.
Client label distributions:
  client 00: n=10151, labels=[68, 0, 4345, 758, 1058, 713, 0, 122, 882, 2205]
  client 01: n=10420, labels=[957, 2155, 26, 376, 2359, 483, 4054, 4, 6, 0]
  client 02: n= 7384, labels=[1406, 266, 313, 764, 191, 13, 184, 2, 3127, 1118]
  client 03: n=13329, labels=[2519, 2506, 245, 1146, 1341, 359, 6, 3254, 563, 1390]
  client 04: n= 8216, labels=[0, 23, 21, 1906, 1, 3382, 706, 1568, 372, 237]
Initial sparsity | total=0.9000 | active=61987/619872
Layer sparsity | conv1.weight:0.890046;conv2.weight:0.896973;conv3.weight:0.900798;fc1.weight:0.899969;fc2.weight:0.908594
Round 001 | train_loss=2.2110 | test_loss=2.3028 | test_acc=0.1000 | sparsity=0.9000
Round 002 | train_loss=2.2107 | test_loss=2.3027 | test_acc=0.1000 | sparsity=0.9000
Round 003 | train_loss=2.2106 | test_loss=2.3028 | test_acc=0.1000 | sparsity=0.9000
Round 004 | train_loss=2.2108 | test_loss=2.3030 | test_acc=0.1000 | sparsity=0.9000
Round 005 | train_loss=2.2110 | test_loss=2.3033 | test_acc=0.1000 | sparsity=0.9000
Round 006 | train_loss=2.2112 | test_loss=2.3036 | test_acc=0.1000 | sparsity=0.9000
Round 007 | train_loss=2.2114 | test_loss=2.3039 | test_acc=0.1000 | sparsity=0.9000
Round 008 | train_loss=2.2116 | test_loss=2.3042 | test_acc=0.1000 | sparsity=0.9000
Round 009 | train_loss=2.2118 | test_loss=2.3045 | test_acc=0.1000 | sparsity=0.9000
Round 010 | train_loss=2.2120 | test_loss=2.3047 | test_acc=0.1000 | sparsity=0.9000
Round 011 | train_loss=2.2121 | test_loss=2.3049 | test_acc=0.1000 | sparsity=0.9000
Round 012 | train_loss=2.2122 | test_loss=2.3051 | test_acc=0.1000 | sparsity=0.9000
Round 013 | train_loss=2.2123 | test_loss=2.3053 | test_acc=0.1000 | sparsity=0.9000
Round 014 | train_loss=2.2122 | test_loss=2.3055 | test_acc=0.1000 | sparsity=0.9000
Round 015 | train_loss=2.2122 | test_loss=2.3056 | test_acc=0.1000 | sparsity=0.9000
Round 016 | train_loss=2.2122 | test_loss=2.3057 | test_acc=0.1000 | sparsity=0.9000
Round 017 | train_loss=2.2121 | test_loss=2.3059 | test_acc=0.1000 | sparsity=0.9000
Round 018 | train_loss=2.2120 | test_loss=2.3059 | test_acc=0.1000 | sparsity=0.9000
Round 019 | train_loss=2.2118 | test_loss=2.3060 | test_acc=0.1000 | sparsity=0.9000
Round 020 | train_loss=2.2116 | test_loss=2.3061 | test_acc=0.1000 | sparsity=0.9000
Saved training log to: results/logs/multiseed/cifar10_multiseed_fixed_5605136/seed_21/sparse_fedavg_cifar10_clients5_alpha0.3_sparsity0.9_seed21_20260801_191900.csv

[Run 60/80] suite=multiseed method=feddst seed=21 sparsity=0.9 cka_strength=yaml
Output log dir: results/logs/multiseed/cifar10_multiseed_fixed_5605136/seed_21
Command: /mnt/aiongpfs/users/dsen/micromamba/envs/cka-cifar/bin/python -m src.train --global-config configs/global_cifar10.yaml --config configs/feddst_mnist.yaml --seed 21 --sparsity 0.9 --log-dir results/logs/multiseed/cifar10_multiseed_fixed_5605136/seed_21 --checkpoint-dir results/checkpoints/multiseed/cifar10_multiseed_fixed_5605136/seed_21 --plot-dir results/plots/multiseed/cifar10_multiseed_fixed_5605136
Final merged configuration:
alpha: 0.3
batch_size: 64
checkpoint_dir: results/checkpoints/multiseed/cifar10_multiseed_fixed_5605136/seed_21
cka_interval: 1
cka_layers:
- conv1
- conv2
- conv3
- fc1
cka_max_sparsity: 0.99
cka_min_sparsity: 0.0
cka_strength: 0.5
data_check: false
data_dir: data
dataset: cifar10
device: auto
disable_cudnn: true
dry_run: false
eval_interval: 1
experiment_config_path: configs/feddst_mnist.yaml
global_config_path: configs/global_cifar10.yaml
local_epochs: 1
log_cka: false
log_dir: results/logs/multiseed/cifar10_multiseed_fixed_5605136/seed_21
lr: 0.01
mask_update_interval: 2
method: feddst
model: cifar_cnn
num_clients: 5
num_workers: 2
output_dir: results
plot_dir: results/plots/multiseed/cifar10_multiseed_fixed_5605136
prune_fraction: 0.2
reference_size: 500
regrowth_method: gradient
rounds: 20
save_checkpoint: false
seed: 21
sparsity: 0.9
sparsity_init: random
split_dir: null
Saved merged config to: results/logs/multiseed/cifar10_multiseed_fixed_5605136/seed_21/feddst_cifar10_clients5_alpha0.3_sparsity0.9_seed21_20260801_192216_config.yaml
cuDNN disabled for this run.
Client label distributions:
  client 00: n=10151, labels=[68, 0, 4345, 758, 1058, 713, 0, 122, 882, 2205]
  client 01: n=10420, labels=[957, 2155, 26, 376, 2359, 483, 4054, 4, 6, 0]
  client 02: n= 7384, labels=[1406, 266, 313, 764, 191, 13, 184, 2, 3127, 1118]
  client 03: n=13329, labels=[2519, 2506, 245, 1146, 1341, 359, 6, 3254, 563, 1390]
  client 04: n= 8216, labels=[0, 23, 21, 1906, 1, 3382, 706, 1568, 372, 237]
Initial sparsity | total=0.9000 | active=61987/619872
Layer sparsity | conv1.weight:0.890046;conv2.weight:0.896973;conv3.weight:0.900798;fc1.weight:0.899969;fc2.weight:0.908594
Round 001 | train_loss=2.2110 | test_loss=2.3028 | test_acc=0.1000 | sparsity=0.9000 | pruned=0 | regrown=0 | mask_changes=0
Round 002 | train_loss=2.2107 | test_loss=2.3027 | test_acc=0.1000 | sparsity=0.9000 | pruned=12398 | regrown=12398 | mask_changes=24796
Round 003 | train_loss=2.2098 | test_loss=2.3028 | test_acc=0.1000 | sparsity=0.9000 | pruned=0 | regrown=0 | mask_changes=0
Round 004 | train_loss=2.2096 | test_loss=2.3030 | test_acc=0.1000 | sparsity=0.9000 | pruned=12398 | regrown=12398 | mask_changes=24796
Round 005 | train_loss=2.2104 | test_loss=2.3033 | test_acc=0.1000 | sparsity=0.9000 | pruned=0 | regrown=0 | mask_changes=0
Round 006 | train_loss=2.2105 | test_loss=2.3036 | test_acc=0.1000 | sparsity=0.9000 | pruned=12398 | regrown=12398 | mask_changes=24796
Round 007 | train_loss=2.2098 | test_loss=2.3039 | test_acc=0.1000 | sparsity=0.9000 | pruned=0 | regrown=0 | mask_changes=0
Round 008 | train_loss=2.2094 | test_loss=2.3042 | test_acc=0.1000 | sparsity=0.9000 | pruned=12398 | regrown=12398 | mask_changes=24796
Round 009 | train_loss=2.2105 | test_loss=2.3045 | test_acc=0.1000 | sparsity=0.9000 | pruned=0 | regrown=0 | mask_changes=0
Round 010 | train_loss=2.2104 | test_loss=2.3047 | test_acc=0.1000 | sparsity=0.9000 | pruned=12398 | regrown=12398 | mask_changes=24796
Round 011 | train_loss=2.2088 | test_loss=2.3049 | test_acc=0.1000 | sparsity=0.9000 | pruned=0 | regrown=0 | mask_changes=0
Round 012 | train_loss=2.2077 | test_loss=2.3052 | test_acc=0.1000 | sparsity=0.9000 | pruned=12398 | regrown=12398 | mask_changes=24796
Round 013 | train_loss=2.2093 | test_loss=2.3053 | test_acc=0.1000 | sparsity=0.9000 | pruned=0 | regrown=0 | mask_changes=0
Round 014 | train_loss=2.2085 | test_loss=2.3055 | test_acc=0.1000 | sparsity=0.9000 | pruned=12398 | regrown=12398 | mask_changes=24796
Round 015 | train_loss=2.2050 | test_loss=2.3057 | test_acc=0.1000 | sparsity=0.9000 | pruned=0 | regrown=0 | mask_changes=0
Round 016 | train_loss=2.2012 | test_loss=2.3058 | test_acc=0.1000 | sparsity=0.9000 | pruned=12398 | regrown=12398 | mask_changes=24796
Round 017 | train_loss=2.2047 | test_loss=2.3059 | test_acc=0.1000 | sparsity=0.9000 | pruned=0 | regrown=0 | mask_changes=0
Round 018 | train_loss=2.2023 | test_loss=2.3060 | test_acc=0.1000 | sparsity=0.9000 | pruned=12398 | regrown=12398 | mask_changes=24796
Round 019 | train_loss=2.1919 | test_loss=2.3061 | test_acc=0.1000 | sparsity=0.9000 | pruned=0 | regrown=0 | mask_changes=0
Round 020 | train_loss=2.1728 | test_loss=2.3062 | test_acc=0.1000 | sparsity=0.9000 | pruned=12398 | regrown=12398 | mask_changes=24796
Saved training log to: results/logs/multiseed/cifar10_multiseed_fixed_5605136/seed_21/feddst_cifar10_clients5_alpha0.3_sparsity0.9_seed21_20260801_192216.csv

[Run 61/80] suite=multiseed method=cka_feddst seed=21 sparsity=0.9 cka_strength=yaml
Output log dir: results/logs/multiseed/cifar10_multiseed_fixed_5605136/seed_21
Command: /mnt/aiongpfs/users/dsen/micromamba/envs/cka-cifar/bin/python -m src.train --global-config configs/global_cifar10.yaml --config configs/cka_feddst_mnist.yaml --seed 21 --sparsity 0.9 --log-dir results/logs/multiseed/cifar10_multiseed_fixed_5605136/seed_21 --checkpoint-dir results/checkpoints/multiseed/cifar10_multiseed_fixed_5605136/seed_21 --plot-dir results/plots/multiseed/cifar10_multiseed_fixed_5605136
Final merged configuration:
alpha: 0.3
batch_size: 64
checkpoint_dir: results/checkpoints/multiseed/cifar10_multiseed_fixed_5605136/seed_21
cka_interval: 2
cka_layers:
- conv1
- conv2
- conv3
- fc1
cka_max_sparsity: 0.95
cka_min_sparsity: 0.5
cka_strength: 0.2
data_check: false
data_dir: data
dataset: cifar10
device: auto
disable_cudnn: true
dry_run: false
eval_interval: 1
experiment_config_path: configs/cka_feddst_mnist.yaml
global_config_path: configs/global_cifar10.yaml
local_epochs: 1
log_cka: false
log_dir: results/logs/multiseed/cifar10_multiseed_fixed_5605136/seed_21
lr: 0.01
mask_update_interval: 2
method: cka_feddst
model: cifar_cnn
num_clients: 5
num_workers: 2
output_dir: results
plot_dir: results/plots/multiseed/cifar10_multiseed_fixed_5605136
prune_fraction: 0.2
reference_size: 500
regrowth_method: gradient
rounds: 20
save_checkpoint: false
seed: 21
sparsity: 0.9
sparsity_init: random
split_dir: null
Saved merged config to: results/logs/multiseed/cifar10_multiseed_fixed_5605136/seed_21/cka_feddst_cifar10_clients5_alpha0.3_sparsity0.9_cka0.2_seed21_20260801_192653_config.yaml
cuDNN disabled for this run.
Client label distributions:
  client 00: n=10151, labels=[68, 0, 4345, 758, 1058, 713, 0, 122, 882, 2205]
  client 01: n=10420, labels=[957, 2155, 26, 376, 2359, 483, 4054, 4, 6, 0]
  client 02: n= 7384, labels=[1406, 266, 313, 764, 191, 13, 184, 2, 3127, 1118]
  client 03: n=13329, labels=[2519, 2506, 245, 1146, 1341, 359, 6, 3254, 563, 1390]
  client 04: n= 8216, labels=[0, 23, 21, 1906, 1, 3382, 706, 1568, 372, 237]
Initial sparsity | total=0.9000 | active=61987/619872
Layer sparsity | conv1.weight:0.890046;conv2.weight:0.896973;conv3.weight:0.900798;fc1.weight:0.899969;fc2.weight:0.908594
Round 001 | train_loss=2.2110 | test_loss=2.3028 | test_acc=0.1000 | sparsity=0.9000 | cka=0 | targets=
Round 002 | train_loss=2.2107 | test_loss=2.3027 | test_acc=0.1000 | sparsity=0.9000 | cka=1 | targets=conv1.weight:0.900463;conv2.weight:0.899957;conv3.weight:0.899970;fc1.weight:0.900005
Round 003 | train_loss=2.2098 | test_loss=2.3028 | test_acc=0.1000 | sparsity=0.9000 | cka=0 | targets=conv1.weight:0.900463;conv2.weight:0.899957;conv3.weight:0.899970;fc1.weight:0.900005
Round 004 | train_loss=2.2096 | test_loss=2.3030 | test_acc=0.1000 | sparsity=0.9000 | cka=1 | targets=conv1.weight:0.900463;conv2.weight:0.899794;conv3.weight:0.899807;fc1.weight:0.900034
Round 005 | train_loss=2.2104 | test_loss=2.3033 | test_acc=0.1000 | sparsity=0.9000 | cka=0 | targets=conv1.weight:0.900463;conv2.weight:0.899794;conv3.weight:0.899807;fc1.weight:0.900034
Round 006 | train_loss=2.2105 | test_loss=2.3036 | test_acc=0.1000 | sparsity=0.9000 | cka=1 | targets=conv1.weight:0.899306;conv2.weight:0.899957;conv3.weight:0.899957;fc1.weight:0.900009
Round 007 | train_loss=2.2098 | test_loss=2.3039 | test_acc=0.1000 | sparsity=0.9000 | cka=0 | targets=conv1.weight:0.899306;conv2.weight:0.899957;conv3.weight:0.899957;fc1.weight:0.900009
Round 008 | train_loss=2.2095 | test_loss=2.3042 | test_acc=0.1000 | sparsity=0.9000 | cka=1 | targets=conv1.weight:0.899306;conv2.weight:0.899740;conv3.weight:0.899753;fc1.weight:0.900045
Round 009 | train_loss=2.2105 | test_loss=2.3045 | test_acc=0.1000 | sparsity=0.9000 | cka=0 | targets=conv1.weight:0.899306;conv2.weight:0.899740;conv3.weight:0.899753;fc1.weight:0.900045
Round 010 | train_loss=2.2104 | test_loss=2.3047 | test_acc=0.1000 | sparsity=0.9000 | cka=1 | targets=conv1.weight:0.899306;conv2.weight:0.899957;conv3.weight:0.899943;fc1.weight:0.900011
Round 011 | train_loss=2.2088 | test_loss=2.3049 | test_acc=0.1000 | sparsity=0.9000 | cka=0 | targets=conv1.weight:0.899306;conv2.weight:0.899957;conv3.weight:0.899943;fc1.weight:0.900011
Round 012 | train_loss=2.2078 | test_loss=2.3052 | test_acc=0.1000 | sparsity=0.9000 | cka=1 | targets=conv1.weight:0.899306;conv2.weight:0.899740;conv3.weight:0.899726;fc1.weight:0.900049
Round 013 | train_loss=2.2093 | test_loss=2.3053 | test_acc=0.1000 | sparsity=0.9000 | cka=0 | targets=conv1.weight:0.899306;conv2.weight:0.899740;conv3.weight:0.899726;fc1.weight:0.900049
Round 014 | train_loss=2.2085 | test_loss=2.3055 | test_acc=0.1000 | sparsity=0.9000 | cka=1 | targets=conv1.weight:0.900463;conv2.weight:0.899902;conv3.weight:0.899916;fc1.weight:0.900015
Round 015 | train_loss=2.2051 | test_loss=2.3057 | test_acc=0.1000 | sparsity=0.9000 | cka=0 | targets=conv1.weight:0.900463;conv2.weight:0.899902;conv3.weight:0.899916;fc1.weight:0.900015
Round 016 | train_loss=2.2016 | test_loss=2.3058 | test_acc=0.1000 | sparsity=0.9000 | cka=1 | targets=conv1.weight:0.900463;conv2.weight:0.899794;conv3.weight:0.899821;fc1.weight:0.900032
Round 017 | train_loss=2.2049 | test_loss=2.3059 | test_acc=0.1000 | sparsity=0.9000 | cka=0 | targets=conv1.weight:0.900463;conv2.weight:0.899794;conv3.weight:0.899821;fc1.weight:0.900032
Round 018 | train_loss=2.2025 | test_loss=2.3060 | test_acc=0.1000 | sparsity=0.9000 | cka=1 | targets=conv1.weight:0.900463;conv2.weight:0.899902;conv3.weight:0.899916;fc1.weight:0.900015
Round 019 | train_loss=2.1926 | test_loss=2.3061 | test_acc=0.1000 | sparsity=0.9000 | cka=0 | targets=conv1.weight:0.900463;conv2.weight:0.899902;conv3.weight:0.899916;fc1.weight:0.900015
Round 020 | train_loss=2.1750 | test_loss=2.3062 | test_acc=0.1000 | sparsity=0.9000 | cka=1 | targets=conv1.weight:0.900463;conv2.weight:0.899902;conv3.weight:0.899943;fc1.weight:0.900011
Saved training log to: results/logs/multiseed/cifar10_multiseed_fixed_5605136/seed_21/cka_feddst_cifar10_clients5_alpha0.3_sparsity0.9_cka0.2_seed21_20260801_192653.csv
Saved CKA log to: results/logs/multiseed/cifar10_multiseed_fixed_5605136/seed_21/cka_feddst_cifar10_clients5_alpha0.3_sparsity0.9_cka0.2_seed21_20260801_192653_cka.csv

[Run 62/80] suite=multiseed method=sparse_fedavg seed=21 sparsity=0.95 cka_strength=yaml
Output log dir: results/logs/multiseed/cifar10_multiseed_fixed_5605136/seed_21
Command: /mnt/aiongpfs/users/dsen/micromamba/envs/cka-cifar/bin/python -m src.train --global-config configs/global_cifar10.yaml --config configs/sparse_fedavg_mnist.yaml --seed 21 --sparsity 0.95 --log-dir results/logs/multiseed/cifar10_multiseed_fixed_5605136/seed_21 --checkpoint-dir results/checkpoints/multiseed/cifar10_multiseed_fixed_5605136/seed_21 --plot-dir results/plots/multiseed/cifar10_multiseed_fixed_5605136
Final merged configuration:
alpha: 0.3
batch_size: 64
checkpoint_dir: results/checkpoints/multiseed/cifar10_multiseed_fixed_5605136/seed_21
cka_interval: 1
cka_layers:
- conv1
- conv2
- conv3
- fc1
cka_max_sparsity: 0.99
cka_min_sparsity: 0.0
cka_strength: 0.5
data_check: false
data_dir: data
dataset: cifar10
device: auto
disable_cudnn: true
dry_run: false
eval_interval: 1
experiment_config_path: configs/sparse_fedavg_mnist.yaml
global_config_path: configs/global_cifar10.yaml
local_epochs: 1
log_cka: false
log_dir: results/logs/multiseed/cifar10_multiseed_fixed_5605136/seed_21
lr: 0.01
mask_update_interval: 1
method: sparse_fedavg
model: cifar_cnn
num_clients: 5
num_workers: 2
output_dir: results
plot_dir: results/plots/multiseed/cifar10_multiseed_fixed_5605136
prune_fraction: 0.1
reference_size: 500
regrowth_method: gradient
rounds: 20
save_checkpoint: false
seed: 21
sparsity: 0.95
sparsity_init: random
split_dir: null
Saved merged config to: results/logs/multiseed/cifar10_multiseed_fixed_5605136/seed_21/sparse_fedavg_cifar10_clients5_alpha0.3_sparsity0.95_seed21_20260801_193157_config.yaml
cuDNN disabled for this run.
Client label distributions:
  client 00: n=10151, labels=[68, 0, 4345, 758, 1058, 713, 0, 122, 882, 2205]
  client 01: n=10420, labels=[957, 2155, 26, 376, 2359, 483, 4054, 4, 6, 0]
  client 02: n= 7384, labels=[1406, 266, 313, 764, 191, 13, 184, 2, 3127, 1118]
  client 03: n=13329, labels=[2519, 2506, 245, 1146, 1341, 359, 6, 3254, 563, 1390]
  client 04: n= 8216, labels=[0, 23, 21, 1906, 1, 3382, 706, 1568, 372, 237]
Initial sparsity | total=0.9500 | active=30994/619872
Layer sparsity | conv1.weight:0.947917;conv2.weight:0.948459;conv3.weight:0.950602;fc1.weight:0.949945;fc2.weight:0.955469
Round 001 | train_loss=2.2115 | test_loss=2.3028 | test_acc=0.1000 | sparsity=0.9500
Round 002 | train_loss=2.2113 | test_loss=2.3027 | test_acc=0.1000 | sparsity=0.9500
Round 003 | train_loss=2.2114 | test_loss=2.3028 | test_acc=0.1000 | sparsity=0.9500
Round 004 | train_loss=2.2116 | test_loss=2.3030 | test_acc=0.1000 | sparsity=0.9500
Round 005 | train_loss=2.2118 | test_loss=2.3033 | test_acc=0.1000 | sparsity=0.9500
Round 006 | train_loss=2.2121 | test_loss=2.3036 | test_acc=0.1000 | sparsity=0.9500
Round 007 | train_loss=2.2124 | test_loss=2.3039 | test_acc=0.1000 | sparsity=0.9500
Round 008 | train_loss=2.2127 | test_loss=2.3042 | test_acc=0.1000 | sparsity=0.9500
Round 009 | train_loss=2.2130 | test_loss=2.3045 | test_acc=0.1000 | sparsity=0.9500
Round 010 | train_loss=2.2132 | test_loss=2.3047 | test_acc=0.1000 | sparsity=0.9500
Round 011 | train_loss=2.2134 | test_loss=2.3049 | test_acc=0.1000 | sparsity=0.9500
Round 012 | train_loss=2.2136 | test_loss=2.3051 | test_acc=0.1000 | sparsity=0.9500
Round 013 | train_loss=2.2138 | test_loss=2.3053 | test_acc=0.1000 | sparsity=0.9500
Round 014 | train_loss=2.2139 | test_loss=2.3055 | test_acc=0.1000 | sparsity=0.9500
Round 015 | train_loss=2.2140 | test_loss=2.3056 | test_acc=0.1000 | sparsity=0.9500
Round 016 | train_loss=2.2141 | test_loss=2.3058 | test_acc=0.1000 | sparsity=0.9500
Round 017 | train_loss=2.2141 | test_loss=2.3059 | test_acc=0.1000 | sparsity=0.9500
Round 018 | train_loss=2.2141 | test_loss=2.3060 | test_acc=0.1000 | sparsity=0.9500
Round 019 | train_loss=2.2142 | test_loss=2.3060 | test_acc=0.1000 | sparsity=0.9500
Round 020 | train_loss=2.2141 | test_loss=2.3061 | test_acc=0.1000 | sparsity=0.9500
Saved training log to: results/logs/multiseed/cifar10_multiseed_fixed_5605136/seed_21/sparse_fedavg_cifar10_clients5_alpha0.3_sparsity0.95_seed21_20260801_193157.csv

[Run 63/80] suite=multiseed method=feddst seed=21 sparsity=0.95 cka_strength=yaml
Output log dir: results/logs/multiseed/cifar10_multiseed_fixed_5605136/seed_21
Command: /mnt/aiongpfs/users/dsen/micromamba/envs/cka-cifar/bin/python -m src.train --global-config configs/global_cifar10.yaml --config configs/feddst_mnist.yaml --seed 21 --sparsity 0.95 --log-dir results/logs/multiseed/cifar10_multiseed_fixed_5605136/seed_21 --checkpoint-dir results/checkpoints/multiseed/cifar10_multiseed_fixed_5605136/seed_21 --plot-dir results/plots/multiseed/cifar10_multiseed_fixed_5605136
Final merged configuration:
alpha: 0.3
batch_size: 64
checkpoint_dir: results/checkpoints/multiseed/cifar10_multiseed_fixed_5605136/seed_21
cka_interval: 1
cka_layers:
- conv1
- conv2
- conv3
- fc1
cka_max_sparsity: 0.99
cka_min_sparsity: 0.0
cka_strength: 0.5
data_check: false
data_dir: data
dataset: cifar10
device: auto
disable_cudnn: true
dry_run: false
eval_interval: 1
experiment_config_path: configs/feddst_mnist.yaml
global_config_path: configs/global_cifar10.yaml
local_epochs: 1
log_cka: false
log_dir: results/logs/multiseed/cifar10_multiseed_fixed_5605136/seed_21
lr: 0.01
mask_update_interval: 2
method: feddst
model: cifar_cnn
num_clients: 5
num_workers: 2
output_dir: results
plot_dir: results/plots/multiseed/cifar10_multiseed_fixed_5605136
prune_fraction: 0.2
reference_size: 500
regrowth_method: gradient
rounds: 20
save_checkpoint: false
seed: 21
sparsity: 0.95
sparsity_init: random
split_dir: null
Saved merged config to: results/logs/multiseed/cifar10_multiseed_fixed_5605136/seed_21/feddst_cifar10_clients5_alpha0.3_sparsity0.95_seed21_20260801_193513_config.yaml
cuDNN disabled for this run.
Client label distributions:
  client 00: n=10151, labels=[68, 0, 4345, 758, 1058, 713, 0, 122, 882, 2205]
  client 01: n=10420, labels=[957, 2155, 26, 376, 2359, 483, 4054, 4, 6, 0]
  client 02: n= 7384, labels=[1406, 266, 313, 764, 191, 13, 184, 2, 3127, 1118]
  client 03: n=13329, labels=[2519, 2506, 245, 1146, 1341, 359, 6, 3254, 563, 1390]
  client 04: n= 8216, labels=[0, 23, 21, 1906, 1, 3382, 706, 1568, 372, 237]
Initial sparsity | total=0.9500 | active=30994/619872
Layer sparsity | conv1.weight:0.947917;conv2.weight:0.948459;conv3.weight:0.950602;fc1.weight:0.949945;fc2.weight:0.955469
Round 001 | train_loss=2.2115 | test_loss=2.3028 | test_acc=0.1000 | sparsity=0.9500 | pruned=0 | regrown=0 | mask_changes=0
Round 002 | train_loss=2.2113 | test_loss=2.3027 | test_acc=0.1000 | sparsity=0.9500 | pruned=6199 | regrown=6199 | mask_changes=12398
Round 003 | train_loss=2.2110 | test_loss=2.3028 | test_acc=0.1000 | sparsity=0.9500 | pruned=0 | regrown=0 | mask_changes=0
Round 004 | train_loss=2.2111 | test_loss=2.3030 | test_acc=0.1000 | sparsity=0.9500 | pruned=6199 | regrown=6199 | mask_changes=12398
Round 005 | train_loss=2.2116 | test_loss=2.3033 | test_acc=0.1000 | sparsity=0.9500 | pruned=0 | regrown=0 | mask_changes=0
Round 006 | train_loss=2.2118 | test_loss=2.3036 | test_acc=0.1000 | sparsity=0.9500 | pruned=6199 | regrown=6199 | mask_changes=12398
Round 007 | train_loss=2.2118 | test_loss=2.3039 | test_acc=0.1000 | sparsity=0.9500 | pruned=0 | regrown=0 | mask_changes=0
Round 008 | train_loss=2.2119 | test_loss=2.3042 | test_acc=0.1000 | sparsity=0.9500 | pruned=6199 | regrown=6199 | mask_changes=12398
Round 009 | train_loss=2.2126 | test_loss=2.3045 | test_acc=0.1000 | sparsity=0.9500 | pruned=0 | regrown=0 | mask_changes=0
Round 010 | train_loss=2.2127 | test_loss=2.3047 | test_acc=0.1000 | sparsity=0.9500 | pruned=6199 | regrown=6199 | mask_changes=12398
Round 011 | train_loss=2.2124 | test_loss=2.3049 | test_acc=0.1000 | sparsity=0.9500 | pruned=0 | regrown=0 | mask_changes=0
Round 012 | train_loss=2.2124 | test_loss=2.3051 | test_acc=0.1000 | sparsity=0.9500 | pruned=6199 | regrown=6199 | mask_changes=12398
Round 013 | train_loss=2.2130 | test_loss=2.3053 | test_acc=0.1000 | sparsity=0.9500 | pruned=0 | regrown=0 | mask_changes=0
Round 014 | train_loss=2.2130 | test_loss=2.3055 | test_acc=0.1000 | sparsity=0.9500 | pruned=6199 | regrown=6199 | mask_changes=12398
Round 015 | train_loss=2.2124 | test_loss=2.3056 | test_acc=0.1000 | sparsity=0.9500 | pruned=0 | regrown=0 | mask_changes=0
Round 016 | train_loss=2.2121 | test_loss=2.3058 | test_acc=0.1000 | sparsity=0.9500 | pruned=6199 | regrown=6199 | mask_changes=12398
Round 017 | train_loss=2.2128 | test_loss=2.3059 | test_acc=0.1000 | sparsity=0.9500 | pruned=0 | regrown=0 | mask_changes=0
Round 018 | train_loss=2.2125 | test_loss=2.3060 | test_acc=0.1000 | sparsity=0.9500 | pruned=6199 | regrown=6199 | mask_changes=12398
Round 019 | train_loss=2.2115 | test_loss=2.3060 | test_acc=0.1000 | sparsity=0.9500 | pruned=0 | regrown=0 | mask_changes=0
Round 020 | train_loss=2.2108 | test_loss=2.3061 | test_acc=0.1000 | sparsity=0.9500 | pruned=6199 | regrown=6199 | mask_changes=12398
Saved training log to: results/logs/multiseed/cifar10_multiseed_fixed_5605136/seed_21/feddst_cifar10_clients5_alpha0.3_sparsity0.95_seed21_20260801_193513.csv

[Run 64/80] suite=multiseed method=cka_feddst seed=21 sparsity=0.95 cka_strength=yaml
Output log dir: results/logs/multiseed/cifar10_multiseed_fixed_5605136/seed_21
Command: /mnt/aiongpfs/users/dsen/micromamba/envs/cka-cifar/bin/python -m src.train --global-config configs/global_cifar10.yaml --config configs/cka_feddst_mnist.yaml --seed 21 --sparsity 0.95 --log-dir results/logs/multiseed/cifar10_multiseed_fixed_5605136/seed_21 --checkpoint-dir results/checkpoints/multiseed/cifar10_multiseed_fixed_5605136/seed_21 --plot-dir results/plots/multiseed/cifar10_multiseed_fixed_5605136
Final merged configuration:
alpha: 0.3
batch_size: 64
checkpoint_dir: results/checkpoints/multiseed/cifar10_multiseed_fixed_5605136/seed_21
cka_interval: 2
cka_layers:
- conv1
- conv2
- conv3
- fc1
cka_max_sparsity: 0.95
cka_min_sparsity: 0.5
cka_strength: 0.2
data_check: false
data_dir: data
dataset: cifar10
device: auto
disable_cudnn: true
dry_run: false
eval_interval: 1
experiment_config_path: configs/cka_feddst_mnist.yaml
global_config_path: configs/global_cifar10.yaml
local_epochs: 1
log_cka: false
log_dir: results/logs/multiseed/cifar10_multiseed_fixed_5605136/seed_21
lr: 0.01
mask_update_interval: 2
method: cka_feddst
model: cifar_cnn
num_clients: 5
num_workers: 2
output_dir: results
plot_dir: results/plots/multiseed/cifar10_multiseed_fixed_5605136
prune_fraction: 0.2
reference_size: 500
regrowth_method: gradient
rounds: 20
save_checkpoint: false
seed: 21
sparsity: 0.95
sparsity_init: random
split_dir: null
Saved merged config to: results/logs/multiseed/cifar10_multiseed_fixed_5605136/seed_21/cka_feddst_cifar10_clients5_alpha0.3_sparsity0.95_cka0.2_seed21_20260801_193947_config.yaml
cuDNN disabled for this run.
Client label distributions:
  client 00: n=10151, labels=[68, 0, 4345, 758, 1058, 713, 0, 122, 882, 2205]
  client 01: n=10420, labels=[957, 2155, 26, 376, 2359, 483, 4054, 4, 6, 0]
  client 02: n= 7384, labels=[1406, 266, 313, 764, 191, 13, 184, 2, 3127, 1118]
  client 03: n=13329, labels=[2519, 2506, 245, 1146, 1341, 359, 6, 3254, 563, 1390]
  client 04: n= 8216, labels=[0, 23, 21, 1906, 1, 3382, 706, 1568, 372, 237]
Initial sparsity | total=0.9500 | active=30994/619872
Layer sparsity | conv1.weight:0.947917;conv2.weight:0.948459;conv3.weight:0.950602;fc1.weight:0.949945;fc2.weight:0.955469
Round 001 | train_loss=2.2115 | test_loss=2.3028 | test_acc=0.1000 | sparsity=0.9500 | cka=0 | targets=
Round 002 | train_loss=2.2113 | test_loss=2.3027 | test_acc=0.1000 | sparsity=0.9500 | cka=1 | targets=conv1.weight:0.949074;conv2.weight:0.949978;conv3.weight:0.949992;fc1.weight:0.949999
Round 003 | train_loss=2.2110 | test_loss=2.3028 | test_acc=0.1000 | sparsity=0.9500 | cka=0 | targets=conv1.weight:0.949074;conv2.weight:0.949978;conv3.weight:0.949992;fc1.weight:0.949999
Round 004 | train_loss=2.2111 | test_loss=2.3030 | test_acc=0.1000 | sparsity=0.9500 | cka=1 | targets=conv1.weight:0.949074;conv2.weight:0.949978;conv3.weight:0.949992;fc1.weight:0.949999
Round 005 | train_loss=2.2116 | test_loss=2.3033 | test_acc=0.1000 | sparsity=0.9500 | cka=0 | targets=conv1.weight:0.949074;conv2.weight:0.949978;conv3.weight:0.949992;fc1.weight:0.949999
Round 006 | train_loss=2.2118 | test_loss=2.3036 | test_acc=0.1000 | sparsity=0.9500 | cka=1 | targets=conv1.weight:0.949074;conv2.weight:0.949978;conv3.weight:0.949992;fc1.weight:0.949999
Round 007 | train_loss=2.2118 | test_loss=2.3039 | test_acc=0.1000 | sparsity=0.9500 | cka=0 | targets=conv1.weight:0.949074;conv2.weight:0.949978;conv3.weight:0.949992;fc1.weight:0.949999
Round 008 | train_loss=2.2119 | test_loss=2.3042 | test_acc=0.1000 | sparsity=0.9500 | cka=1 | targets=conv1.weight:0.949074;conv2.weight:0.949978;conv3.weight:0.949992;fc1.weight:0.949999
Round 009 | train_loss=2.2126 | test_loss=2.3045 | test_acc=0.1000 | sparsity=0.9500 | cka=0 | targets=conv1.weight:0.949074;conv2.weight:0.949978;conv3.weight:0.949992;fc1.weight:0.949999
Round 010 | train_loss=2.2127 | test_loss=2.3047 | test_acc=0.1000 | sparsity=0.9500 | cka=1 | targets=conv1.weight:0.949074;conv2.weight:0.949978;conv3.weight:0.949992;fc1.weight:0.949999
Round 011 | train_loss=2.2124 | test_loss=2.3049 | test_acc=0.1000 | sparsity=0.9500 | cka=0 | targets=conv1.weight:0.949074;conv2.weight:0.949978;conv3.weight:0.949992;fc1.weight:0.949999
Round 012 | train_loss=2.2124 | test_loss=2.3051 | test_acc=0.1000 | sparsity=0.9500 | cka=1 | targets=conv1.weight:0.949074;conv2.weight:0.949978;conv3.weight:0.949992;fc1.weight:0.949999
Round 013 | train_loss=2.2130 | test_loss=2.3053 | test_acc=0.1000 | sparsity=0.9500 | cka=0 | targets=conv1.weight:0.949074;conv2.weight:0.949978;conv3.weight:0.949992;fc1.weight:0.949999
Round 014 | train_loss=2.2130 | test_loss=2.3055 | test_acc=0.1000 | sparsity=0.9500 | cka=1 | targets=conv1.weight:0.949074;conv2.weight:0.949978;conv3.weight:0.949992;fc1.weight:0.949999
Round 015 | train_loss=2.2123 | test_loss=2.3056 | test_acc=0.1000 | sparsity=0.9500 | cka=0 | targets=conv1.weight:0.949074;conv2.weight:0.949978;conv3.weight:0.949992;fc1.weight:0.949999
Round 016 | train_loss=2.2121 | test_loss=2.3058 | test_acc=0.1000 | sparsity=0.9500 | cka=1 | targets=conv1.weight:0.949074;conv2.weight:0.949978;conv3.weight:0.949992;fc1.weight:0.949999
Round 017 | train_loss=2.2128 | test_loss=2.3059 | test_acc=0.1000 | sparsity=0.9500 | cka=0 | targets=conv1.weight:0.949074;conv2.weight:0.949978;conv3.weight:0.949992;fc1.weight:0.949999
Round 018 | train_loss=2.2125 | test_loss=2.3060 | test_acc=0.1000 | sparsity=0.9500 | cka=1 | targets=conv1.weight:0.949074;conv2.weight:0.949978;conv3.weight:0.949992;fc1.weight:0.949999
Round 019 | train_loss=2.2114 | test_loss=2.3060 | test_acc=0.1000 | sparsity=0.9500 | cka=0 | targets=conv1.weight:0.949074;conv2.weight:0.949978;conv3.weight:0.949992;fc1.weight:0.949999
Round 020 | train_loss=2.2107 | test_loss=2.3061 | test_acc=0.1000 | sparsity=0.9500 | cka=1 | targets=conv1.weight:0.949074;conv2.weight:0.949978;conv3.weight:0.949992;fc1.weight:0.949999
Saved training log to: results/logs/multiseed/cifar10_multiseed_fixed_5605136/seed_21/cka_feddst_cifar10_clients5_alpha0.3_sparsity0.95_cka0.2_seed21_20260801_193947.csv
Saved CKA log to: results/logs/multiseed/cifar10_multiseed_fixed_5605136/seed_21/cka_feddst_cifar10_clients5_alpha0.3_sparsity0.95_cka0.2_seed21_20260801_193947_cka.csv

[Run 65/80] suite=multiseed method=fedavg seed=100 sparsity=dense cka_strength=yaml
Output log dir: results/logs/multiseed/cifar10_multiseed_fixed_5605136/seed_100
Command: /mnt/aiongpfs/users/dsen/micromamba/envs/cka-cifar/bin/python -m src.train --global-config configs/global_cifar10.yaml --config configs/fedavg_mnist.yaml --seed 100 --log-dir results/logs/multiseed/cifar10_multiseed_fixed_5605136/seed_100 --checkpoint-dir results/checkpoints/multiseed/cifar10_multiseed_fixed_5605136/seed_100 --plot-dir results/plots/multiseed/cifar10_multiseed_fixed_5605136
Final merged configuration:
alpha: 0.3
batch_size: 64
checkpoint_dir: results/checkpoints/multiseed/cifar10_multiseed_fixed_5605136/seed_100
cka_interval: 1
cka_layers:
- conv1
- conv2
- conv3
- fc1
cka_max_sparsity: 0.99
cka_min_sparsity: 0.0
cka_strength: 0.5
data_check: false
data_dir: data
dataset: cifar10
device: auto
disable_cudnn: true
dry_run: false
eval_interval: 1
experiment_config_path: configs/fedavg_mnist.yaml
global_config_path: configs/global_cifar10.yaml
local_epochs: 1
log_cka: false
log_dir: results/logs/multiseed/cifar10_multiseed_fixed_5605136/seed_100
lr: 0.01
mask_update_interval: 1
method: fedavg
model: cifar_cnn
num_clients: 5
num_workers: 2
output_dir: results
plot_dir: results/plots/multiseed/cifar10_multiseed_fixed_5605136
prune_fraction: 0.1
reference_size: 500
regrowth_method: gradient
rounds: 20
save_checkpoint: false
seed: 100
sparsity: 0.0
sparsity_init: random
split_dir: null
Saved merged config to: results/logs/multiseed/cifar10_multiseed_fixed_5605136/seed_100/fedavg_cifar10_clients5_alpha0.3_seed100_20260801_194448_config.yaml
cuDNN disabled for this run.
Client label distributions:
  client 00: n= 6485, labels=[2604, 0, 589, 2, 2, 5, 173, 2831, 8, 271]
  client 01: n= 9836, labels=[30, 0, 237, 3053, 347, 2329, 15, 2008, 2, 1815]
  client 02: n= 9670, labels=[180, 2324, 0, 407, 463, 481, 1656, 64, 4094, 1]
  client 03: n= 6110, labels=[2074, 92, 1, 1395, 1095, 27, 832, 24, 30, 540]
  client 04: n=17399, labels=[62, 2534, 4123, 93, 3043, 2108, 2274, 23, 816, 2323]
Round 001 | train_loss=1.7408 | test_loss=2.2730 | test_acc=0.1654
Round 002 | train_loss=1.5859 | test_loss=2.2128 | test_acc=0.1879
Round 003 | train_loss=1.4964 | test_loss=2.1135 | test_acc=0.2176
Round 004 | train_loss=1.4155 | test_loss=2.0106 | test_acc=0.2548
Round 005 | train_loss=1.3448 | test_loss=1.9093 | test_acc=0.3002
Round 006 | train_loss=1.2887 | test_loss=1.8157 | test_acc=0.3290
Round 007 | train_loss=1.2492 | test_loss=1.7970 | test_acc=0.3349
Round 008 | train_loss=1.2112 | test_loss=1.7055 | test_acc=0.3712
Round 009 | train_loss=1.1836 | test_loss=1.6965 | test_acc=0.3723
Round 010 | train_loss=1.1557 | test_loss=1.6380 | test_acc=0.3944
Round 011 | train_loss=1.1391 | test_loss=1.5927 | test_acc=0.4058
Round 012 | train_loss=1.1140 | test_loss=1.6043 | test_acc=0.4009
Round 013 | train_loss=1.1028 | test_loss=1.5755 | test_acc=0.4248
Round 014 | train_loss=1.0870 | test_loss=1.5331 | test_acc=0.4291
Round 015 | train_loss=1.0759 | test_loss=1.5025 | test_acc=0.4442
Round 016 | train_loss=1.0634 | test_loss=1.4989 | test_acc=0.4436
Round 017 | train_loss=1.0462 | test_loss=1.5136 | test_acc=0.4402
Round 018 | train_loss=1.0376 | test_loss=1.4680 | test_acc=0.4573
Round 019 | train_loss=1.0248 | test_loss=1.4681 | test_acc=0.4560
Round 020 | train_loss=1.0125 | test_loss=1.4378 | test_acc=0.4709
Saved training log to: results/logs/multiseed/cifar10_multiseed_fixed_5605136/seed_100/fedavg_cifar10_clients5_alpha0.3_seed100_20260801_194448.csv

[Run 66/80] suite=multiseed method=sparse_fedavg seed=100 sparsity=0.5 cka_strength=yaml
Output log dir: results/logs/multiseed/cifar10_multiseed_fixed_5605136/seed_100
Command: /mnt/aiongpfs/users/dsen/micromamba/envs/cka-cifar/bin/python -m src.train --global-config configs/global_cifar10.yaml --config configs/sparse_fedavg_mnist.yaml --seed 100 --sparsity 0.5 --log-dir results/logs/multiseed/cifar10_multiseed_fixed_5605136/seed_100 --checkpoint-dir results/checkpoints/multiseed/cifar10_multiseed_fixed_5605136/seed_100 --plot-dir results/plots/multiseed/cifar10_multiseed_fixed_5605136
Final merged configuration:
alpha: 0.3
batch_size: 64
checkpoint_dir: results/checkpoints/multiseed/cifar10_multiseed_fixed_5605136/seed_100
cka_interval: 1
cka_layers:
- conv1
- conv2
- conv3
- fc1
cka_max_sparsity: 0.99
cka_min_sparsity: 0.0
cka_strength: 0.5
data_check: false
data_dir: data
dataset: cifar10
device: auto
disable_cudnn: true
dry_run: false
eval_interval: 1
experiment_config_path: configs/sparse_fedavg_mnist.yaml
global_config_path: configs/global_cifar10.yaml
local_epochs: 1
log_cka: false
log_dir: results/logs/multiseed/cifar10_multiseed_fixed_5605136/seed_100
lr: 0.01
mask_update_interval: 1
method: sparse_fedavg
model: cifar_cnn
num_clients: 5
num_workers: 2
output_dir: results
plot_dir: results/plots/multiseed/cifar10_multiseed_fixed_5605136
prune_fraction: 0.1
reference_size: 500
regrowth_method: gradient
rounds: 20
save_checkpoint: false
seed: 100
sparsity: 0.5
sparsity_init: random
split_dir: null
Saved merged config to: results/logs/multiseed/cifar10_multiseed_fixed_5605136/seed_100/sparse_fedavg_cifar10_clients5_alpha0.3_sparsity0.5_seed100_20260801_194752_config.yaml
cuDNN disabled for this run.
Client label distributions:
  client 00: n= 6485, labels=[2604, 0, 589, 2, 2, 5, 173, 2831, 8, 271]
  client 01: n= 9836, labels=[30, 0, 237, 3053, 347, 2329, 15, 2008, 2, 1815]
  client 02: n= 9670, labels=[180, 2324, 0, 407, 463, 481, 1656, 64, 4094, 1]
  client 03: n= 6110, labels=[2074, 92, 1, 1395, 1095, 27, 832, 24, 30, 540]
  client 04: n=17399, labels=[62, 2534, 4123, 93, 3043, 2108, 2274, 23, 816, 2323]
Initial sparsity | total=0.5000 | active=309936/619872
Layer sparsity | conv1.weight:0.535880;conv2.weight:0.500651;conv3.weight:0.499769;fc1.weight:0.499912;fc2.weight:0.507812
Round 001 | train_loss=1.9797 | test_loss=2.3196 | test_acc=0.1490 | sparsity=0.5000
Round 002 | train_loss=1.7043 | test_loss=2.4449 | test_acc=0.1623 | sparsity=0.5000
Round 003 | train_loss=1.6598 | test_loss=2.4104 | test_acc=0.1813 | sparsity=0.5000
Round 004 | train_loss=1.6484 | test_loss=2.3809 | test_acc=0.1842 | sparsity=0.5000
Round 005 | train_loss=1.6333 | test_loss=2.3691 | test_acc=0.1870 | sparsity=0.5000
Round 006 | train_loss=1.6153 | test_loss=2.3351 | test_acc=0.1905 | sparsity=0.5000
Round 007 | train_loss=1.6029 | test_loss=2.3227 | test_acc=0.1986 | sparsity=0.5000
Round 008 | train_loss=1.5882 | test_loss=2.2813 | test_acc=0.2055 | sparsity=0.5000
Round 009 | train_loss=1.5718 | test_loss=2.2850 | test_acc=0.2147 | sparsity=0.5000
Round 010 | train_loss=1.5518 | test_loss=2.2065 | test_acc=0.2231 | sparsity=0.5000
Round 011 | train_loss=1.5322 | test_loss=2.1574 | test_acc=0.2324 | sparsity=0.5000
Round 012 | train_loss=1.5043 | test_loss=2.1629 | test_acc=0.2304 | sparsity=0.5000
Round 013 | train_loss=1.4808 | test_loss=2.0562 | test_acc=0.2675 | sparsity=0.5000
Round 014 | train_loss=1.4507 | test_loss=2.0163 | test_acc=0.2785 | sparsity=0.5000
Round 015 | train_loss=1.4254 | test_loss=1.9546 | test_acc=0.2963 | sparsity=0.5000
Round 016 | train_loss=1.3975 | test_loss=1.9228 | test_acc=0.3112 | sparsity=0.5000
Round 017 | train_loss=1.3728 | test_loss=1.9129 | test_acc=0.3039 | sparsity=0.5000
Round 018 | train_loss=1.3581 | test_loss=1.8967 | test_acc=0.3101 | sparsity=0.5000
Round 019 | train_loss=1.3381 | test_loss=1.8898 | test_acc=0.3168 | sparsity=0.5000
Round 020 | train_loss=1.3206 | test_loss=1.8368 | test_acc=0.3307 | sparsity=0.5000
Saved training log to: results/logs/multiseed/cifar10_multiseed_fixed_5605136/seed_100/sparse_fedavg_cifar10_clients5_alpha0.3_sparsity0.5_seed100_20260801_194752.csv

[Run 67/80] suite=multiseed method=feddst seed=100 sparsity=0.5 cka_strength=yaml
Output log dir: results/logs/multiseed/cifar10_multiseed_fixed_5605136/seed_100
Command: /mnt/aiongpfs/users/dsen/micromamba/envs/cka-cifar/bin/python -m src.train --global-config configs/global_cifar10.yaml --config configs/feddst_mnist.yaml --seed 100 --sparsity 0.5 --log-dir results/logs/multiseed/cifar10_multiseed_fixed_5605136/seed_100 --checkpoint-dir results/checkpoints/multiseed/cifar10_multiseed_fixed_5605136/seed_100 --plot-dir results/plots/multiseed/cifar10_multiseed_fixed_5605136
Final merged configuration:
alpha: 0.3
batch_size: 64
checkpoint_dir: results/checkpoints/multiseed/cifar10_multiseed_fixed_5605136/seed_100
cka_interval: 1
cka_layers:
- conv1
- conv2
- conv3
- fc1
cka_max_sparsity: 0.99
cka_min_sparsity: 0.0
cka_strength: 0.5
data_check: false
data_dir: data
dataset: cifar10
device: auto
disable_cudnn: true
dry_run: false
eval_interval: 1
experiment_config_path: configs/feddst_mnist.yaml
global_config_path: configs/global_cifar10.yaml
local_epochs: 1
log_cka: false
log_dir: results/logs/multiseed/cifar10_multiseed_fixed_5605136/seed_100
lr: 0.01
mask_update_interval: 2
method: feddst
model: cifar_cnn
num_clients: 5
num_workers: 2
output_dir: results
plot_dir: results/plots/multiseed/cifar10_multiseed_fixed_5605136
prune_fraction: 0.2
reference_size: 500
regrowth_method: gradient
rounds: 20
save_checkpoint: false
seed: 100
sparsity: 0.5
sparsity_init: random
split_dir: null
Saved merged config to: results/logs/multiseed/cifar10_multiseed_fixed_5605136/seed_100/feddst_cifar10_clients5_alpha0.3_sparsity0.5_seed100_20260801_195108_config.yaml
cuDNN disabled for this run.
Client label distributions:
  client 00: n= 6485, labels=[2604, 0, 589, 2, 2, 5, 173, 2831, 8, 271]
  client 01: n= 9836, labels=[30, 0, 237, 3053, 347, 2329, 15, 2008, 2, 1815]
  client 02: n= 9670, labels=[180, 2324, 0, 407, 463, 481, 1656, 64, 4094, 1]
  client 03: n= 6110, labels=[2074, 92, 1, 1395, 1095, 27, 832, 24, 30, 540]
  client 04: n=17399, labels=[62, 2534, 4123, 93, 3043, 2108, 2274, 23, 816, 2323]
Initial sparsity | total=0.5000 | active=309936/619872
Layer sparsity | conv1.weight:0.535880;conv2.weight:0.500651;conv3.weight:0.499769;fc1.weight:0.499912;fc2.weight:0.507812
Round 001 | train_loss=1.9797 | test_loss=2.3196 | test_acc=0.1490 | sparsity=0.5000 | pruned=0 | regrown=0 | mask_changes=0
Round 002 | train_loss=1.7043 | test_loss=2.4374 | test_acc=0.1617 | sparsity=0.5000 | pruned=61987 | regrown=61987 | mask_changes=123974
Round 003 | train_loss=1.6586 | test_loss=2.3878 | test_acc=0.1815 | sparsity=0.5000 | pruned=0 | regrown=0 | mask_changes=0
Round 004 | train_loss=1.6461 | test_loss=2.4138 | test_acc=0.1785 | sparsity=0.5000 | pruned=61987 | regrown=61987 | mask_changes=123974
Round 005 | train_loss=1.6354 | test_loss=2.3879 | test_acc=0.1858 | sparsity=0.5000 | pruned=0 | regrown=0 | mask_changes=0
Round 006 | train_loss=1.6166 | test_loss=2.3687 | test_acc=0.1904 | sparsity=0.5000 | pruned=61987 | regrown=61987 | mask_changes=123974
Round 007 | train_loss=1.6133 | test_loss=2.3247 | test_acc=0.1945 | sparsity=0.5000 | pruned=0 | regrown=0 | mask_changes=0
Round 008 | train_loss=1.5936 | test_loss=2.3239 | test_acc=0.1996 | sparsity=0.5000 | pruned=61987 | regrown=61987 | mask_changes=123974
Round 009 | train_loss=1.5779 | test_loss=2.3082 | test_acc=0.2116 | sparsity=0.5000 | pruned=0 | regrown=0 | mask_changes=0
Round 010 | train_loss=1.5559 | test_loss=2.2535 | test_acc=0.2152 | sparsity=0.5000 | pruned=61987 | regrown=61987 | mask_changes=123974
Round 011 | train_loss=1.5494 | test_loss=2.1638 | test_acc=0.2301 | sparsity=0.5000 | pruned=0 | regrown=0 | mask_changes=0
Round 012 | train_loss=1.5134 | test_loss=2.1984 | test_acc=0.2242 | sparsity=0.5000 | pruned=61987 | regrown=61987 | mask_changes=123974
Round 013 | train_loss=1.4884 | test_loss=2.0763 | test_acc=0.2547 | sparsity=0.5000 | pruned=0 | regrown=0 | mask_changes=0
Round 014 | train_loss=1.4546 | test_loss=2.0551 | test_acc=0.2614 | sparsity=0.5000 | pruned=61987 | regrown=61987 | mask_changes=123974
Round 015 | train_loss=1.4480 | test_loss=1.9606 | test_acc=0.2884 | sparsity=0.5000 | pruned=0 | regrown=0 | mask_changes=0
Round 016 | train_loss=1.4100 | test_loss=1.9502 | test_acc=0.2965 | sparsity=0.5000 | pruned=61987 | regrown=61987 | mask_changes=123974
Round 017 | train_loss=1.3816 | test_loss=1.9289 | test_acc=0.2975 | sparsity=0.5000 | pruned=0 | regrown=0 | mask_changes=0
Round 018 | train_loss=1.3597 | test_loss=1.9028 | test_acc=0.3124 | sparsity=0.5000 | pruned=61987 | regrown=61987 | mask_changes=123974
Round 019 | train_loss=1.3492 | test_loss=1.8972 | test_acc=0.3102 | sparsity=0.5000 | pruned=0 | regrown=0 | mask_changes=0
Round 020 | train_loss=1.3187 | test_loss=1.8407 | test_acc=0.3282 | sparsity=0.5000 | pruned=61987 | regrown=61987 | mask_changes=123974
Saved training log to: results/logs/multiseed/cifar10_multiseed_fixed_5605136/seed_100/feddst_cifar10_clients5_alpha0.3_sparsity0.5_seed100_20260801_195108.csv

[Run 68/80] suite=multiseed method=cka_feddst seed=100 sparsity=0.5 cka_strength=yaml
Output log dir: results/logs/multiseed/cifar10_multiseed_fixed_5605136/seed_100
Command: /mnt/aiongpfs/users/dsen/micromamba/envs/cka-cifar/bin/python -m src.train --global-config configs/global_cifar10.yaml --config configs/cka_feddst_mnist.yaml --seed 100 --sparsity 0.5 --log-dir results/logs/multiseed/cifar10_multiseed_fixed_5605136/seed_100 --checkpoint-dir results/checkpoints/multiseed/cifar10_multiseed_fixed_5605136/seed_100 --plot-dir results/plots/multiseed/cifar10_multiseed_fixed_5605136
Final merged configuration:
alpha: 0.3
batch_size: 64
checkpoint_dir: results/checkpoints/multiseed/cifar10_multiseed_fixed_5605136/seed_100
cka_interval: 2
cka_layers:
- conv1
- conv2
- conv3
- fc1
cka_max_sparsity: 0.95
cka_min_sparsity: 0.5
cka_strength: 0.2
data_check: false
data_dir: data
dataset: cifar10
device: auto
disable_cudnn: true
dry_run: false
eval_interval: 1
experiment_config_path: configs/cka_feddst_mnist.yaml
global_config_path: configs/global_cifar10.yaml
local_epochs: 1
log_cka: false
log_dir: results/logs/multiseed/cifar10_multiseed_fixed_5605136/seed_100
lr: 0.01
mask_update_interval: 2
method: cka_feddst
model: cifar_cnn
num_clients: 5
num_workers: 2
output_dir: results
plot_dir: results/plots/multiseed/cifar10_multiseed_fixed_5605136
prune_fraction: 0.2
reference_size: 500
regrowth_method: gradient
rounds: 20
save_checkpoint: false
seed: 100
sparsity: 0.5
sparsity_init: random
split_dir: null
Saved merged config to: results/logs/multiseed/cifar10_multiseed_fixed_5605136/seed_100/cka_feddst_cifar10_clients5_alpha0.3_sparsity0.5_cka0.2_seed100_20260801_195540_config.yaml
cuDNN disabled for this run.
Client label distributions:
  client 00: n= 6485, labels=[2604, 0, 589, 2, 2, 5, 173, 2831, 8, 271]
  client 01: n= 9836, labels=[30, 0, 237, 3053, 347, 2329, 15, 2008, 2, 1815]
  client 02: n= 9670, labels=[180, 2324, 0, 407, 463, 481, 1656, 64, 4094, 1]
  client 03: n= 6110, labels=[2074, 92, 1, 1395, 1095, 27, 832, 24, 30, 540]
  client 04: n=17399, labels=[62, 2534, 4123, 93, 3043, 2108, 2274, 23, 816, 2323]
Initial sparsity | total=0.5000 | active=309936/619872
Layer sparsity | conv1.weight:0.535880;conv2.weight:0.500651;conv3.weight:0.499769;fc1.weight:0.499912;fc2.weight:0.507812
Round 001 | train_loss=1.9797 | test_loss=2.3196 | test_acc=0.1490 | sparsity=0.5000 | cka=0 | targets=
Round 002 | train_loss=1.7043 | test_loss=2.4374 | test_acc=0.1617 | sparsity=0.5000 | cka=1 | targets=conv1.weight:0.500000;conv2.weight:0.500000;conv3.weight:0.500000;fc1.weight:0.500000
Round 003 | train_loss=1.6586 | test_loss=2.3887 | test_acc=0.1813 | sparsity=0.5000 | cka=0 | targets=conv1.weight:0.500000;conv2.weight:0.500000;conv3.weight:0.500000;fc1.weight:0.500000
Round 004 | train_loss=1.6460 | test_loss=2.4148 | test_acc=0.1790 | sparsity=0.5000 | cka=1 | targets=conv1.weight:0.500000;conv2.weight:0.500000;conv3.weight:0.500000;fc1.weight:0.500000
Round 005 | train_loss=1.6351 | test_loss=2.3875 | test_acc=0.1863 | sparsity=0.5000 | cka=0 | targets=conv1.weight:0.500000;conv2.weight:0.500000;conv3.weight:0.500000;fc1.weight:0.500000
Round 006 | train_loss=1.6162 | test_loss=2.3687 | test_acc=0.1907 | sparsity=0.5000 | cka=1 | targets=conv1.weight:0.500000;conv2.weight:0.500000;conv3.weight:0.500000;fc1.weight:0.500000
Round 007 | train_loss=1.6129 | test_loss=2.3234 | test_acc=0.1942 | sparsity=0.5000 | cka=0 | targets=conv1.weight:0.500000;conv2.weight:0.500000;conv3.weight:0.500000;fc1.weight:0.500000
Round 008 | train_loss=1.5927 | test_loss=2.3228 | test_acc=0.2015 | sparsity=0.5000 | cka=1 | targets=conv1.weight:0.500000;conv2.weight:0.500000;conv3.weight:0.500000;fc1.weight:0.500000
Round 009 | train_loss=1.5769 | test_loss=2.3041 | test_acc=0.2133 | sparsity=0.5000 | cka=0 | targets=conv1.weight:0.500000;conv2.weight:0.500000;conv3.weight:0.500000;fc1.weight:0.500000
Round 010 | train_loss=1.5540 | test_loss=2.2495 | test_acc=0.2151 | sparsity=0.5000 | cka=1 | targets=conv1.weight:0.500000;conv2.weight:0.500000;conv3.weight:0.500000;fc1.weight:0.500000
Round 011 | train_loss=1.5467 | test_loss=2.1544 | test_acc=0.2315 | sparsity=0.5000 | cka=0 | targets=conv1.weight:0.500000;conv2.weight:0.500000;conv3.weight:0.500000;fc1.weight:0.500000
Round 012 | train_loss=1.5088 | test_loss=2.1850 | test_acc=0.2268 | sparsity=0.5000 | cka=1 | targets=conv1.weight:0.500000;conv2.weight:0.500000;conv3.weight:0.500000;fc1.weight:0.500000
Round 013 | train_loss=1.4813 | test_loss=2.0599 | test_acc=0.2603 | sparsity=0.5000 | cka=0 | targets=conv1.weight:0.500000;conv2.weight:0.500000;conv3.weight:0.500000;fc1.weight:0.500000
Round 014 | train_loss=1.4445 | test_loss=2.0325 | test_acc=0.2692 | sparsity=0.5000 | cka=1 | targets=conv1.weight:0.500000;conv2.weight:0.500000;conv3.weight:0.500000;fc1.weight:0.500000
Round 015 | train_loss=1.4345 | test_loss=1.9393 | test_acc=0.2960 | sparsity=0.5000 | cka=0 | targets=conv1.weight:0.500000;conv2.weight:0.500000;conv3.weight:0.500000;fc1.weight:0.500000
Round 016 | train_loss=1.3928 | test_loss=1.9322 | test_acc=0.3031 | sparsity=0.5000 | cka=1 | targets=conv1.weight:0.500000;conv2.weight:0.500000;conv3.weight:0.500000;fc1.weight:0.500000
Round 017 | train_loss=1.3614 | test_loss=1.9119 | test_acc=0.3035 | sparsity=0.5000 | cka=0 | targets=conv1.weight:0.500000;conv2.weight:0.500000;conv3.weight:0.500000;fc1.weight:0.500000
Round 018 | train_loss=1.3375 | test_loss=1.8847 | test_acc=0.3156 | sparsity=0.5000 | cka=1 | targets=conv1.weight:0.500000;conv2.weight:0.500000;conv3.weight:0.500000;fc1.weight:0.500000
Round 019 | train_loss=1.3267 | test_loss=1.8836 | test_acc=0.3121 | sparsity=0.5000 | cka=0 | targets=conv1.weight:0.500000;conv2.weight:0.500000;conv3.weight:0.500000;fc1.weight:0.500000
Round 020 | train_loss=1.2993 | test_loss=1.8230 | test_acc=0.3282 | sparsity=0.5000 | cka=1 | targets=conv1.weight:0.500000;conv2.weight:0.500000;conv3.weight:0.500000;fc1.weight:0.500000
Saved training log to: results/logs/multiseed/cifar10_multiseed_fixed_5605136/seed_100/cka_feddst_cifar10_clients5_alpha0.3_sparsity0.5_cka0.2_seed100_20260801_195540.csv
Saved CKA log to: results/logs/multiseed/cifar10_multiseed_fixed_5605136/seed_100/cka_feddst_cifar10_clients5_alpha0.3_sparsity0.5_cka0.2_seed100_20260801_195540_cka.csv

[Run 69/80] suite=multiseed method=sparse_fedavg seed=100 sparsity=0.7 cka_strength=yaml
Output log dir: results/logs/multiseed/cifar10_multiseed_fixed_5605136/seed_100
Command: /mnt/aiongpfs/users/dsen/micromamba/envs/cka-cifar/bin/python -m src.train --global-config configs/global_cifar10.yaml --config configs/sparse_fedavg_mnist.yaml --seed 100 --sparsity 0.7 --log-dir results/logs/multiseed/cifar10_multiseed_fixed_5605136/seed_100 --checkpoint-dir results/checkpoints/multiseed/cifar10_multiseed_fixed_5605136/seed_100 --plot-dir results/plots/multiseed/cifar10_multiseed_fixed_5605136
Final merged configuration:
alpha: 0.3
batch_size: 64
checkpoint_dir: results/checkpoints/multiseed/cifar10_multiseed_fixed_5605136/seed_100
cka_interval: 1
cka_layers:
- conv1
- conv2
- conv3
- fc1
cka_max_sparsity: 0.99
cka_min_sparsity: 0.0
cka_strength: 0.5
data_check: false
data_dir: data
dataset: cifar10
device: auto
disable_cudnn: true
dry_run: false
eval_interval: 1
experiment_config_path: configs/sparse_fedavg_mnist.yaml
global_config_path: configs/global_cifar10.yaml
local_epochs: 1
log_cka: false
log_dir: results/logs/multiseed/cifar10_multiseed_fixed_5605136/seed_100
lr: 0.01
mask_update_interval: 1
method: sparse_fedavg
model: cifar_cnn
num_clients: 5
num_workers: 2
output_dir: results
plot_dir: results/plots/multiseed/cifar10_multiseed_fixed_5605136
prune_fraction: 0.1
reference_size: 500
regrowth_method: gradient
rounds: 20
save_checkpoint: false
seed: 100
sparsity: 0.7
sparsity_init: random
split_dir: null
Saved merged config to: results/logs/multiseed/cifar10_multiseed_fixed_5605136/seed_100/sparse_fedavg_cifar10_clients5_alpha0.3_sparsity0.7_seed100_20260801_200041_config.yaml
cuDNN disabled for this run.
Client label distributions:
  client 00: n= 6485, labels=[2604, 0, 589, 2, 2, 5, 173, 2831, 8, 271]
  client 01: n= 9836, labels=[30, 0, 237, 3053, 347, 2329, 15, 2008, 2, 1815]
  client 02: n= 9670, labels=[180, 2324, 0, 407, 463, 481, 1656, 64, 4094, 1]
  client 03: n= 6110, labels=[2074, 92, 1, 1395, 1095, 27, 832, 24, 30, 540]
  client 04: n=17399, labels=[62, 2534, 4123, 93, 3043, 2108, 2274, 23, 816, 2323]
Initial sparsity | total=0.7000 | active=185962/619872
Layer sparsity | conv1.weight:0.723380;conv2.weight:0.702962;conv3.weight:0.701280;fc1.weight:0.699663;fc2.weight:0.702734
Round 001 | train_loss=2.1994 | test_loss=2.3033 | test_acc=0.1000 | sparsity=0.7000
Round 002 | train_loss=2.1273 | test_loss=2.3077 | test_acc=0.1283 | sparsity=0.7000
Round 003 | train_loss=1.8455 | test_loss=2.3615 | test_acc=0.1409 | sparsity=0.7000
Round 004 | train_loss=1.7080 | test_loss=2.4189 | test_acc=0.1596 | sparsity=0.7000
Round 005 | train_loss=1.6663 | test_loss=2.4324 | test_acc=0.1779 | sparsity=0.7000
Round 006 | train_loss=1.6486 | test_loss=2.4208 | test_acc=0.1793 | sparsity=0.7000
Round 007 | train_loss=1.6415 | test_loss=2.4119 | test_acc=0.1852 | sparsity=0.7000
Round 008 | train_loss=1.6355 | test_loss=2.3759 | test_acc=0.1890 | sparsity=0.7000
Round 009 | train_loss=1.6277 | test_loss=2.4028 | test_acc=0.1877 | sparsity=0.7000
Round 010 | train_loss=1.6208 | test_loss=2.3413 | test_acc=0.1924 | sparsity=0.7000
Round 011 | train_loss=1.6126 | test_loss=2.3232 | test_acc=0.1963 | sparsity=0.7000
Round 012 | train_loss=1.6034 | test_loss=2.3607 | test_acc=0.1982 | sparsity=0.7000
Round 013 | train_loss=1.6008 | test_loss=2.2992 | test_acc=0.2071 | sparsity=0.7000
Round 014 | train_loss=1.5906 | test_loss=2.2965 | test_acc=0.1980 | sparsity=0.7000
Round 015 | train_loss=1.5853 | test_loss=2.2732 | test_acc=0.2066 | sparsity=0.7000
Round 016 | train_loss=1.5752 | test_loss=2.2947 | test_acc=0.2067 | sparsity=0.7000
Round 017 | train_loss=1.5643 | test_loss=2.2669 | test_acc=0.2092 | sparsity=0.7000
Round 018 | train_loss=1.5569 | test_loss=2.2543 | test_acc=0.2038 | sparsity=0.7000
Round 019 | train_loss=1.5456 | test_loss=2.2465 | test_acc=0.2082 | sparsity=0.7000
Round 020 | train_loss=1.5318 | test_loss=2.1718 | test_acc=0.2280 | sparsity=0.7000
Saved training log to: results/logs/multiseed/cifar10_multiseed_fixed_5605136/seed_100/sparse_fedavg_cifar10_clients5_alpha0.3_sparsity0.7_seed100_20260801_200041.csv

[Run 70/80] suite=multiseed method=feddst seed=100 sparsity=0.7 cka_strength=yaml
Output log dir: results/logs/multiseed/cifar10_multiseed_fixed_5605136/seed_100
Command: /mnt/aiongpfs/users/dsen/micromamba/envs/cka-cifar/bin/python -m src.train --global-config configs/global_cifar10.yaml --config configs/feddst_mnist.yaml --seed 100 --sparsity 0.7 --log-dir results/logs/multiseed/cifar10_multiseed_fixed_5605136/seed_100 --checkpoint-dir results/checkpoints/multiseed/cifar10_multiseed_fixed_5605136/seed_100 --plot-dir results/plots/multiseed/cifar10_multiseed_fixed_5605136
Final merged configuration:
alpha: 0.3
batch_size: 64
checkpoint_dir: results/checkpoints/multiseed/cifar10_multiseed_fixed_5605136/seed_100
cka_interval: 1
cka_layers:
- conv1
- conv2
- conv3
- fc1
cka_max_sparsity: 0.99
cka_min_sparsity: 0.0
cka_strength: 0.5
data_check: false
data_dir: data
dataset: cifar10
device: auto
disable_cudnn: true
dry_run: false
eval_interval: 1
experiment_config_path: configs/feddst_mnist.yaml
global_config_path: configs/global_cifar10.yaml
local_epochs: 1
log_cka: false
log_dir: results/logs/multiseed/cifar10_multiseed_fixed_5605136/seed_100
lr: 0.01
mask_update_interval: 2
method: feddst
model: cifar_cnn
num_clients: 5
num_workers: 2
output_dir: results
plot_dir: results/plots/multiseed/cifar10_multiseed_fixed_5605136
prune_fraction: 0.2
reference_size: 500
regrowth_method: gradient
rounds: 20
save_checkpoint: false
seed: 100
sparsity: 0.7
sparsity_init: random
split_dir: null
Saved merged config to: results/logs/multiseed/cifar10_multiseed_fixed_5605136/seed_100/feddst_cifar10_clients5_alpha0.3_sparsity0.7_seed100_20260801_200356_config.yaml
cuDNN disabled for this run.
Client label distributions:
  client 00: n= 6485, labels=[2604, 0, 589, 2, 2, 5, 173, 2831, 8, 271]
  client 01: n= 9836, labels=[30, 0, 237, 3053, 347, 2329, 15, 2008, 2, 1815]
  client 02: n= 9670, labels=[180, 2324, 0, 407, 463, 481, 1656, 64, 4094, 1]
  client 03: n= 6110, labels=[2074, 92, 1, 1395, 1095, 27, 832, 24, 30, 540]
  client 04: n=17399, labels=[62, 2534, 4123, 93, 3043, 2108, 2274, 23, 816, 2323]
Initial sparsity | total=0.7000 | active=185962/619872
Layer sparsity | conv1.weight:0.723380;conv2.weight:0.702962;conv3.weight:0.701280;fc1.weight:0.699663;fc2.weight:0.702734
Round 001 | train_loss=2.1994 | test_loss=2.3033 | test_acc=0.1000 | sparsity=0.7000 | pruned=0 | regrown=0 | mask_changes=0
Round 002 | train_loss=2.1273 | test_loss=2.3058 | test_acc=0.1214 | sparsity=0.7000 | pruned=37193 | regrown=37193 | mask_changes=74386
Round 003 | train_loss=1.7659 | test_loss=2.4111 | test_acc=0.1455 | sparsity=0.7000 | pruned=0 | regrown=0 | mask_changes=0
Round 004 | train_loss=1.6731 | test_loss=2.3194 | test_acc=0.1706 | sparsity=0.7000 | pruned=37193 | regrown=37193 | mask_changes=74386
Round 005 | train_loss=1.6721 | test_loss=2.4033 | test_acc=0.1790 | sparsity=0.7000 | pruned=0 | regrown=0 | mask_changes=0
Round 006 | train_loss=1.6428 | test_loss=2.4024 | test_acc=0.1815 | sparsity=0.7000 | pruned=37193 | regrown=37193 | mask_changes=74386
Round 007 | train_loss=1.6389 | test_loss=2.3864 | test_acc=0.1833 | sparsity=0.7000 | pruned=0 | regrown=0 | mask_changes=0
Round 008 | train_loss=1.6276 | test_loss=2.4059 | test_acc=0.1834 | sparsity=0.7000 | pruned=37193 | regrown=37193 | mask_changes=74386
Round 009 | train_loss=1.6217 | test_loss=2.3879 | test_acc=0.1873 | sparsity=0.7000 | pruned=0 | regrown=0 | mask_changes=0
Round 010 | train_loss=1.6124 | test_loss=2.3527 | test_acc=0.1885 | sparsity=0.7000 | pruned=37193 | regrown=37193 | mask_changes=74386
Round 011 | train_loss=1.6118 | test_loss=2.3062 | test_acc=0.1934 | sparsity=0.7000 | pruned=0 | regrown=0 | mask_changes=0
Round 012 | train_loss=1.5962 | test_loss=2.3471 | test_acc=0.1931 | sparsity=0.7000 | pruned=37193 | regrown=37193 | mask_changes=74386
Round 013 | train_loss=1.5935 | test_loss=2.2994 | test_acc=0.2061 | sparsity=0.7000 | pruned=0 | regrown=0 | mask_changes=0
Round 014 | train_loss=1.5811 | test_loss=2.3107 | test_acc=0.1980 | sparsity=0.7000 | pruned=37193 | regrown=37193 | mask_changes=74386
Round 015 | train_loss=1.5839 | test_loss=2.2556 | test_acc=0.2054 | sparsity=0.7000 | pruned=0 | regrown=0 | mask_changes=0
Round 016 | train_loss=1.5666 | test_loss=2.2975 | test_acc=0.2053 | sparsity=0.7000 | pruned=37193 | regrown=37193 | mask_changes=74386
Round 017 | train_loss=1.5563 | test_loss=2.2641 | test_acc=0.2063 | sparsity=0.7000 | pruned=0 | regrown=0 | mask_changes=0
Round 018 | train_loss=1.5455 | test_loss=2.2591 | test_acc=0.2019 | sparsity=0.7000 | pruned=37193 | regrown=37193 | mask_changes=74386
Round 019 | train_loss=1.5467 | test_loss=2.2319 | test_acc=0.2026 | sparsity=0.7000 | pruned=0 | regrown=0 | mask_changes=0
Round 020 | train_loss=1.5259 | test_loss=2.1974 | test_acc=0.2141 | sparsity=0.7000 | pruned=37193 | regrown=37193 | mask_changes=74386
Saved training log to: results/logs/multiseed/cifar10_multiseed_fixed_5605136/seed_100/feddst_cifar10_clients5_alpha0.3_sparsity0.7_seed100_20260801_200356.csv

[Run 71/80] suite=multiseed method=cka_feddst seed=100 sparsity=0.7 cka_strength=yaml
Output log dir: results/logs/multiseed/cifar10_multiseed_fixed_5605136/seed_100
Command: /mnt/aiongpfs/users/dsen/micromamba/envs/cka-cifar/bin/python -m src.train --global-config configs/global_cifar10.yaml --config configs/cka_feddst_mnist.yaml --seed 100 --sparsity 0.7 --log-dir results/logs/multiseed/cifar10_multiseed_fixed_5605136/seed_100 --checkpoint-dir results/checkpoints/multiseed/cifar10_multiseed_fixed_5605136/seed_100 --plot-dir results/plots/multiseed/cifar10_multiseed_fixed_5605136
Final merged configuration:
alpha: 0.3
batch_size: 64
checkpoint_dir: results/checkpoints/multiseed/cifar10_multiseed_fixed_5605136/seed_100
cka_interval: 2
cka_layers:
- conv1
- conv2
- conv3
- fc1
cka_max_sparsity: 0.95
cka_min_sparsity: 0.5
cka_strength: 0.2
data_check: false
data_dir: data
dataset: cifar10
device: auto
disable_cudnn: true
dry_run: false
eval_interval: 1
experiment_config_path: configs/cka_feddst_mnist.yaml
global_config_path: configs/global_cifar10.yaml
local_epochs: 1
log_cka: false
log_dir: results/logs/multiseed/cifar10_multiseed_fixed_5605136/seed_100
lr: 0.01
mask_update_interval: 2
method: cka_feddst
model: cifar_cnn
num_clients: 5
num_workers: 2
output_dir: results
plot_dir: results/plots/multiseed/cifar10_multiseed_fixed_5605136
prune_fraction: 0.2
reference_size: 500
regrowth_method: gradient
rounds: 20
save_checkpoint: false
seed: 100
sparsity: 0.7
sparsity_init: random
split_dir: null
Saved merged config to: results/logs/multiseed/cifar10_multiseed_fixed_5605136/seed_100/cka_feddst_cifar10_clients5_alpha0.3_sparsity0.7_cka0.2_seed100_20260801_200829_config.yaml
cuDNN disabled for this run.
Client label distributions:
  client 00: n= 6485, labels=[2604, 0, 589, 2, 2, 5, 173, 2831, 8, 271]
  client 01: n= 9836, labels=[30, 0, 237, 3053, 347, 2329, 15, 2008, 2, 1815]
  client 02: n= 9670, labels=[180, 2324, 0, 407, 463, 481, 1656, 64, 4094, 1]
  client 03: n= 6110, labels=[2074, 92, 1, 1395, 1095, 27, 832, 24, 30, 540]
  client 04: n=17399, labels=[62, 2534, 4123, 93, 3043, 2108, 2274, 23, 816, 2323]
Initial sparsity | total=0.7000 | active=185962/619872
Layer sparsity | conv1.weight:0.723380;conv2.weight:0.702962;conv3.weight:0.701280;fc1.weight:0.699663;fc2.weight:0.702734
Round 001 | train_loss=2.1994 | test_loss=2.3033 | test_acc=0.1000 | sparsity=0.7000 | cka=0 | targets=
Round 002 | train_loss=2.1273 | test_loss=2.3058 | test_acc=0.1214 | sparsity=0.7000 | cka=1 | targets=conv1.weight:0.699074;conv2.weight:0.699544;conv3.weight:0.699544;fc1.weight:0.700081
Round 003 | train_loss=1.7656 | test_loss=2.4116 | test_acc=0.1460 | sparsity=0.7000 | cka=0 | targets=conv1.weight:0.699074;conv2.weight:0.699544;conv3.weight:0.699544;fc1.weight:0.700081
Round 004 | train_loss=1.6731 | test_loss=2.3203 | test_acc=0.1708 | sparsity=0.7000 | cka=1 | targets=conv1.weight:0.700231;conv2.weight:0.699653;conv3.weight:0.699639;fc1.weight:0.700062
Round 005 | train_loss=1.6713 | test_loss=2.4039 | test_acc=0.1791 | sparsity=0.7000 | cka=0 | targets=conv1.weight:0.700231;conv2.weight:0.699653;conv3.weight:0.699639;fc1.weight:0.700062
Round 006 | train_loss=1.6427 | test_loss=2.4016 | test_acc=0.1825 | sparsity=0.7000 | cka=1 | targets=conv1.weight:0.699074;conv2.weight:0.699599;conv3.weight:0.699599;fc1.weight:0.700071
Round 007 | train_loss=1.6390 | test_loss=2.3830 | test_acc=0.1837 | sparsity=0.7000 | cka=0 | targets=conv1.weight:0.699074;conv2.weight:0.699599;conv3.weight:0.699599;fc1.weight:0.700071
Round 008 | train_loss=1.6275 | test_loss=2.4024 | test_acc=0.1836 | sparsity=0.7000 | cka=1 | targets=conv1.weight:0.699074;conv2.weight:0.699327;conv3.weight:0.699300;fc1.weight:0.700123
Round 009 | train_loss=1.6213 | test_loss=2.3858 | test_acc=0.1874 | sparsity=0.7000 | cka=0 | targets=conv1.weight:0.699074;conv2.weight:0.699327;conv3.weight:0.699300;fc1.weight:0.700123
Round 010 | train_loss=1.6117 | test_loss=2.3540 | test_acc=0.1885 | sparsity=0.7000 | cka=1 | targets=conv1.weight:0.699074;conv2.weight:0.699382;conv3.weight:0.699382;fc1.weight:0.700109
Round 011 | train_loss=1.6112 | test_loss=2.3060 | test_acc=0.1940 | sparsity=0.7000 | cka=0 | targets=conv1.weight:0.699074;conv2.weight:0.699382;conv3.weight:0.699382;fc1.weight:0.700109
Round 012 | train_loss=1.5953 | test_loss=2.3459 | test_acc=0.1936 | sparsity=0.7000 | cka=1 | targets=conv1.weight:0.699074;conv2.weight:0.699273;conv3.weight:0.699246;fc1.weight:0.700132
Round 013 | train_loss=1.5919 | test_loss=2.2985 | test_acc=0.2060 | sparsity=0.7000 | cka=0 | targets=conv1.weight:0.699074;conv2.weight:0.699273;conv3.weight:0.699246;fc1.weight:0.700132
Round 014 | train_loss=1.5793 | test_loss=2.3088 | test_acc=0.1992 | sparsity=0.7000 | cka=1 | targets=conv1.weight:0.699074;conv2.weight:0.699327;conv3.weight:0.699341;fc1.weight:0.700117
Round 015 | train_loss=1.5814 | test_loss=2.2530 | test_acc=0.2056 | sparsity=0.7000 | cka=0 | targets=conv1.weight:0.699074;conv2.weight:0.699327;conv3.weight:0.699341;fc1.weight:0.700117
Round 016 | train_loss=1.5640 | test_loss=2.2944 | test_acc=0.2050 | sparsity=0.7000 | cka=1 | targets=conv1.weight:0.699074;conv2.weight:0.699002;conv3.weight:0.699042;fc1.weight:0.700171
Round 017 | train_loss=1.5529 | test_loss=2.2621 | test_acc=0.2076 | sparsity=0.7000 | cka=0 | targets=conv1.weight:0.699074;conv2.weight:0.699002;conv3.weight:0.699042;fc1.weight:0.700171
Round 018 | train_loss=1.5410 | test_loss=2.2511 | test_acc=0.2013 | sparsity=0.7000 | cka=1 | targets=conv1.weight:0.699074;conv2.weight:0.699056;conv3.weight:0.699029;fc1.weight:0.700171
Round 019 | train_loss=1.5414 | test_loss=2.2241 | test_acc=0.2031 | sparsity=0.7000 | cka=0 | targets=conv1.weight:0.699074;conv2.weight:0.699056;conv3.weight:0.699029;fc1.weight:0.700171
Round 020 | train_loss=1.5185 | test_loss=2.1890 | test_acc=0.2120 | sparsity=0.7000 | cka=1 | targets=conv1.weight:0.699074;conv2.weight:0.698622;conv3.weight:0.698703;fc1.weight:0.700232
Saved training log to: results/logs/multiseed/cifar10_multiseed_fixed_5605136/seed_100/cka_feddst_cifar10_clients5_alpha0.3_sparsity0.7_cka0.2_seed100_20260801_200829.csv
Saved CKA log to: results/logs/multiseed/cifar10_multiseed_fixed_5605136/seed_100/cka_feddst_cifar10_clients5_alpha0.3_sparsity0.7_cka0.2_seed100_20260801_200829_cka.csv

[Run 72/80] suite=multiseed method=sparse_fedavg seed=100 sparsity=0.8 cka_strength=yaml
Output log dir: results/logs/multiseed/cifar10_multiseed_fixed_5605136/seed_100
Command: /mnt/aiongpfs/users/dsen/micromamba/envs/cka-cifar/bin/python -m src.train --global-config configs/global_cifar10.yaml --config configs/sparse_fedavg_mnist.yaml --seed 100 --sparsity 0.8 --log-dir results/logs/multiseed/cifar10_multiseed_fixed_5605136/seed_100 --checkpoint-dir results/checkpoints/multiseed/cifar10_multiseed_fixed_5605136/seed_100 --plot-dir results/plots/multiseed/cifar10_multiseed_fixed_5605136
Final merged configuration:
alpha: 0.3
batch_size: 64
checkpoint_dir: results/checkpoints/multiseed/cifar10_multiseed_fixed_5605136/seed_100
cka_interval: 1
cka_layers:
- conv1
- conv2
- conv3
- fc1
cka_max_sparsity: 0.99
cka_min_sparsity: 0.0
cka_strength: 0.5
data_check: false
data_dir: data
dataset: cifar10
device: auto
disable_cudnn: true
dry_run: false
eval_interval: 1
experiment_config_path: configs/sparse_fedavg_mnist.yaml
global_config_path: configs/global_cifar10.yaml
local_epochs: 1
log_cka: false
log_dir: results/logs/multiseed/cifar10_multiseed_fixed_5605136/seed_100
lr: 0.01
mask_update_interval: 1
method: sparse_fedavg
model: cifar_cnn
num_clients: 5
num_workers: 2
output_dir: results
plot_dir: results/plots/multiseed/cifar10_multiseed_fixed_5605136
prune_fraction: 0.1
reference_size: 500
regrowth_method: gradient
rounds: 20
save_checkpoint: false
seed: 100
sparsity: 0.8
sparsity_init: random
split_dir: null
Saved merged config to: results/logs/multiseed/cifar10_multiseed_fixed_5605136/seed_100/sparse_fedavg_cifar10_clients5_alpha0.3_sparsity0.8_seed100_20260801_201328_config.yaml
cuDNN disabled for this run.
Client label distributions:
  client 00: n= 6485, labels=[2604, 0, 589, 2, 2, 5, 173, 2831, 8, 271]
  client 01: n= 9836, labels=[30, 0, 237, 3053, 347, 2329, 15, 2008, 2, 1815]
  client 02: n= 9670, labels=[180, 2324, 0, 407, 463, 481, 1656, 64, 4094, 1]
  client 03: n= 6110, labels=[2074, 92, 1, 1395, 1095, 27, 832, 24, 30, 540]
  client 04: n=17399, labels=[62, 2534, 4123, 93, 3043, 2108, 2274, 23, 816, 2323]
Initial sparsity | total=0.8000 | active=123974/619872
Layer sparsity | conv1.weight:0.815972;conv2.weight:0.802734;conv3.weight:0.801731;fc1.weight:0.799652;fc2.weight:0.796484
Round 001 | train_loss=2.2113 | test_loss=2.3036 | test_acc=0.1000 | sparsity=0.8000
Round 002 | train_loss=2.2112 | test_loss=2.3049 | test_acc=0.1000 | sparsity=0.8000
Round 003 | train_loss=2.2116 | test_loss=2.3066 | test_acc=0.1000 | sparsity=0.8000
Round 004 | train_loss=2.2116 | test_loss=2.3086 | test_acc=0.1000 | sparsity=0.8000
Round 005 | train_loss=2.2101 | test_loss=2.3105 | test_acc=0.1000 | sparsity=0.8000
Round 006 | train_loss=2.2043 | test_loss=2.3122 | test_acc=0.1000 | sparsity=0.8000
Round 007 | train_loss=2.1793 | test_loss=2.3124 | test_acc=0.1000 | sparsity=0.8000
Round 008 | train_loss=2.0507 | test_loss=2.3088 | test_acc=0.1455 | sparsity=0.8000
Round 009 | train_loss=1.8320 | test_loss=2.3365 | test_acc=0.1424 | sparsity=0.8000
Round 010 | train_loss=1.7206 | test_loss=2.3751 | test_acc=0.1585 | sparsity=0.8000
Round 011 | train_loss=1.6695 | test_loss=2.3953 | test_acc=0.1693 | sparsity=0.8000
Round 012 | train_loss=1.6476 | test_loss=2.4144 | test_acc=0.1815 | sparsity=0.8000
Round 013 | train_loss=1.6400 | test_loss=2.3838 | test_acc=0.1825 | sparsity=0.8000
Round 014 | train_loss=1.6303 | test_loss=2.3784 | test_acc=0.1862 | sparsity=0.8000
Round 015 | train_loss=1.6259 | test_loss=2.3501 | test_acc=0.1890 | sparsity=0.8000
Round 016 | train_loss=1.6198 | test_loss=2.3789 | test_acc=0.1887 | sparsity=0.8000
Round 017 | train_loss=1.6118 | test_loss=2.3475 | test_acc=0.1932 | sparsity=0.8000
Round 018 | train_loss=1.6090 | test_loss=2.3544 | test_acc=0.1877 | sparsity=0.8000
Round 019 | train_loss=1.6043 | test_loss=2.3565 | test_acc=0.1895 | sparsity=0.8000
Round 020 | train_loss=1.5964 | test_loss=2.3117 | test_acc=0.1920 | sparsity=0.8000
Saved training log to: results/logs/multiseed/cifar10_multiseed_fixed_5605136/seed_100/sparse_fedavg_cifar10_clients5_alpha0.3_sparsity0.8_seed100_20260801_201328.csv

[Run 73/80] suite=multiseed method=feddst seed=100 sparsity=0.8 cka_strength=yaml
Output log dir: results/logs/multiseed/cifar10_multiseed_fixed_5605136/seed_100
Command: /mnt/aiongpfs/users/dsen/micromamba/envs/cka-cifar/bin/python -m src.train --global-config configs/global_cifar10.yaml --config configs/feddst_mnist.yaml --seed 100 --sparsity 0.8 --log-dir results/logs/multiseed/cifar10_multiseed_fixed_5605136/seed_100 --checkpoint-dir results/checkpoints/multiseed/cifar10_multiseed_fixed_5605136/seed_100 --plot-dir results/plots/multiseed/cifar10_multiseed_fixed_5605136
Final merged configuration:
alpha: 0.3
batch_size: 64
checkpoint_dir: results/checkpoints/multiseed/cifar10_multiseed_fixed_5605136/seed_100
cka_interval: 1
cka_layers:
- conv1
- conv2
- conv3
- fc1
cka_max_sparsity: 0.99
cka_min_sparsity: 0.0
cka_strength: 0.5
data_check: false
data_dir: data
dataset: cifar10
device: auto
disable_cudnn: true
dry_run: false
eval_interval: 1
experiment_config_path: configs/feddst_mnist.yaml
global_config_path: configs/global_cifar10.yaml
local_epochs: 1
log_cka: false
log_dir: results/logs/multiseed/cifar10_multiseed_fixed_5605136/seed_100
lr: 0.01
mask_update_interval: 2
method: feddst
model: cifar_cnn
num_clients: 5
num_workers: 2
output_dir: results
plot_dir: results/plots/multiseed/cifar10_multiseed_fixed_5605136
prune_fraction: 0.2
reference_size: 500
regrowth_method: gradient
rounds: 20
save_checkpoint: false
seed: 100
sparsity: 0.8
sparsity_init: random
split_dir: null
Saved merged config to: results/logs/multiseed/cifar10_multiseed_fixed_5605136/seed_100/feddst_cifar10_clients5_alpha0.3_sparsity0.8_seed100_20260801_201643_config.yaml
cuDNN disabled for this run.
Client label distributions:
  client 00: n= 6485, labels=[2604, 0, 589, 2, 2, 5, 173, 2831, 8, 271]
  client 01: n= 9836, labels=[30, 0, 237, 3053, 347, 2329, 15, 2008, 2, 1815]
  client 02: n= 9670, labels=[180, 2324, 0, 407, 463, 481, 1656, 64, 4094, 1]
  client 03: n= 6110, labels=[2074, 92, 1, 1395, 1095, 27, 832, 24, 30, 540]
  client 04: n=17399, labels=[62, 2534, 4123, 93, 3043, 2108, 2274, 23, 816, 2323]
Initial sparsity | total=0.8000 | active=123974/619872
Layer sparsity | conv1.weight:0.815972;conv2.weight:0.802734;conv3.weight:0.801731;fc1.weight:0.799652;fc2.weight:0.796484
Round 001 | train_loss=2.2113 | test_loss=2.3036 | test_acc=0.1000 | sparsity=0.8000 | pruned=0 | regrown=0 | mask_changes=0
Round 002 | train_loss=2.2112 | test_loss=2.3049 | test_acc=0.1000 | sparsity=0.8000 | pruned=24795 | regrown=24795 | mask_changes=49590
Round 003 | train_loss=2.1984 | test_loss=2.3067 | test_acc=0.1000 | sparsity=0.8000 | pruned=0 | regrown=0 | mask_changes=0
Round 004 | train_loss=1.9661 | test_loss=2.3220 | test_acc=0.1434 | sparsity=0.8000 | pruned=24795 | regrown=24795 | mask_changes=49590
Round 005 | train_loss=1.7628 | test_loss=2.4356 | test_acc=0.1591 | sparsity=0.8000 | pruned=0 | regrown=0 | mask_changes=0
Round 006 | train_loss=1.6667 | test_loss=2.4064 | test_acc=0.1703 | sparsity=0.8000 | pruned=24795 | regrown=24795 | mask_changes=49590
Round 007 | train_loss=1.6528 | test_loss=2.4272 | test_acc=0.1781 | sparsity=0.8000 | pruned=0 | regrown=0 | mask_changes=0
Round 008 | train_loss=1.6398 | test_loss=2.4102 | test_acc=0.1791 | sparsity=0.8000 | pruned=24795 | regrown=24795 | mask_changes=49590
Round 009 | train_loss=1.6336 | test_loss=2.3773 | test_acc=0.1852 | sparsity=0.8000 | pruned=0 | regrown=0 | mask_changes=0
Round 010 | train_loss=1.6229 | test_loss=2.3699 | test_acc=0.1837 | sparsity=0.8000 | pruned=24795 | regrown=24795 | mask_changes=49590
Round 011 | train_loss=1.6175 | test_loss=2.3413 | test_acc=0.1908 | sparsity=0.8000 | pruned=0 | regrown=0 | mask_changes=0
Round 012 | train_loss=1.6039 | test_loss=2.3712 | test_acc=0.1889 | sparsity=0.8000 | pruned=24795 | regrown=24795 | mask_changes=49590
Round 013 | train_loss=1.6042 | test_loss=2.2950 | test_acc=0.1985 | sparsity=0.8000 | pruned=0 | regrown=0 | mask_changes=0
Round 014 | train_loss=1.5914 | test_loss=2.3592 | test_acc=0.1903 | sparsity=0.8000 | pruned=24795 | regrown=24795 | mask_changes=49590
Round 015 | train_loss=1.5905 | test_loss=2.3011 | test_acc=0.1997 | sparsity=0.8000 | pruned=0 | regrown=0 | mask_changes=0
Round 016 | train_loss=1.5765 | test_loss=2.3444 | test_acc=0.1963 | sparsity=0.8000 | pruned=24795 | regrown=24795 | mask_changes=49590
Round 017 | train_loss=1.5729 | test_loss=2.2764 | test_acc=0.1986 | sparsity=0.8000 | pruned=0 | regrown=0 | mask_changes=0
Round 018 | train_loss=1.5629 | test_loss=2.3295 | test_acc=0.1908 | sparsity=0.8000 | pruned=24795 | regrown=24795 | mask_changes=49590
Round 019 | train_loss=1.5601 | test_loss=2.3012 | test_acc=0.1963 | sparsity=0.8000 | pruned=0 | regrown=0 | mask_changes=0
Round 020 | train_loss=1.5468 | test_loss=2.2870 | test_acc=0.2050 | sparsity=0.8000 | pruned=24795 | regrown=24795 | mask_changes=49590
Saved training log to: results/logs/multiseed/cifar10_multiseed_fixed_5605136/seed_100/feddst_cifar10_clients5_alpha0.3_sparsity0.8_seed100_20260801_201643.csv

[Run 74/80] suite=multiseed method=cka_feddst seed=100 sparsity=0.8 cka_strength=yaml
Output log dir: results/logs/multiseed/cifar10_multiseed_fixed_5605136/seed_100
Command: /mnt/aiongpfs/users/dsen/micromamba/envs/cka-cifar/bin/python -m src.train --global-config configs/global_cifar10.yaml --config configs/cka_feddst_mnist.yaml --seed 100 --sparsity 0.8 --log-dir results/logs/multiseed/cifar10_multiseed_fixed_5605136/seed_100 --checkpoint-dir results/checkpoints/multiseed/cifar10_multiseed_fixed_5605136/seed_100 --plot-dir results/plots/multiseed/cifar10_multiseed_fixed_5605136
Final merged configuration:
alpha: 0.3
batch_size: 64
checkpoint_dir: results/checkpoints/multiseed/cifar10_multiseed_fixed_5605136/seed_100
cka_interval: 2
cka_layers:
- conv1
- conv2
- conv3
- fc1
cka_max_sparsity: 0.95
cka_min_sparsity: 0.5
cka_strength: 0.2
data_check: false
data_dir: data
dataset: cifar10
device: auto
disable_cudnn: true
dry_run: false
eval_interval: 1
experiment_config_path: configs/cka_feddst_mnist.yaml
global_config_path: configs/global_cifar10.yaml
local_epochs: 1
log_cka: false
log_dir: results/logs/multiseed/cifar10_multiseed_fixed_5605136/seed_100
lr: 0.01
mask_update_interval: 2
method: cka_feddst
model: cifar_cnn
num_clients: 5
num_workers: 2
output_dir: results
plot_dir: results/plots/multiseed/cifar10_multiseed_fixed_5605136
prune_fraction: 0.2
reference_size: 500
regrowth_method: gradient
rounds: 20
save_checkpoint: false
seed: 100
sparsity: 0.8
sparsity_init: random
split_dir: null
Saved merged config to: results/logs/multiseed/cifar10_multiseed_fixed_5605136/seed_100/cka_feddst_cifar10_clients5_alpha0.3_sparsity0.8_cka0.2_seed100_20260801_202115_config.yaml
cuDNN disabled for this run.
Client label distributions:
  client 00: n= 6485, labels=[2604, 0, 589, 2, 2, 5, 173, 2831, 8, 271]
  client 01: n= 9836, labels=[30, 0, 237, 3053, 347, 2329, 15, 2008, 2, 1815]
  client 02: n= 9670, labels=[180, 2324, 0, 407, 463, 481, 1656, 64, 4094, 1]
  client 03: n= 6110, labels=[2074, 92, 1, 1395, 1095, 27, 832, 24, 30, 540]
  client 04: n=17399, labels=[62, 2534, 4123, 93, 3043, 2108, 2274, 23, 816, 2323]
Initial sparsity | total=0.8000 | active=123974/619872
Layer sparsity | conv1.weight:0.815972;conv2.weight:0.802734;conv3.weight:0.801731;fc1.weight:0.799652;fc2.weight:0.796484
Round 001 | train_loss=2.2113 | test_loss=2.3036 | test_acc=0.1000 | sparsity=0.8000 | cka=0 | targets=
Round 002 | train_loss=2.2112 | test_loss=2.3049 | test_acc=0.1000 | sparsity=0.8000 | cka=1 | targets=conv1.weight:0.799769;conv2.weight:0.799696;conv3.weight:0.799710;fc1.weight:0.800053
Round 003 | train_loss=2.1982 | test_loss=2.3067 | test_acc=0.1000 | sparsity=0.8000 | cka=0 | targets=conv1.weight:0.799769;conv2.weight:0.799696;conv3.weight:0.799710;fc1.weight:0.800053
Round 004 | train_loss=1.9624 | test_loss=2.3219 | test_acc=0.1429 | sparsity=0.8000 | cka=1 | targets=conv1.weight:0.799769;conv2.weight:0.799642;conv3.weight:0.799669;fc1.weight:0.800060
Round 005 | train_loss=1.7604 | test_loss=2.4399 | test_acc=0.1597 | sparsity=0.8000 | cka=0 | targets=conv1.weight:0.799769;conv2.weight:0.799642;conv3.weight:0.799669;fc1.weight:0.800060
Round 006 | train_loss=1.6661 | test_loss=2.4049 | test_acc=0.1703 | sparsity=0.8000 | cka=1 | targets=conv1.weight:0.799769;conv2.weight:0.799859;conv3.weight:0.799886;fc1.weight:0.800022
Round 007 | train_loss=1.6523 | test_loss=2.4106 | test_acc=0.1789 | sparsity=0.8000 | cka=0 | targets=conv1.weight:0.799769;conv2.weight:0.799859;conv3.weight:0.799886;fc1.weight:0.800022
Round 008 | train_loss=1.6388 | test_loss=2.3949 | test_acc=0.1806 | sparsity=0.8000 | cka=1 | targets=conv1.weight:0.799769;conv2.weight:0.799750;conv3.weight:0.799750;fc1.weight:0.800045
Round 009 | train_loss=1.6330 | test_loss=2.3770 | test_acc=0.1858 | sparsity=0.8000 | cka=0 | targets=conv1.weight:0.799769;conv2.weight:0.799750;conv3.weight:0.799750;fc1.weight:0.800045
Round 010 | train_loss=1.6227 | test_loss=2.3532 | test_acc=0.1851 | sparsity=0.8000 | cka=1 | targets=conv1.weight:0.799769;conv2.weight:0.799696;conv3.weight:0.799696;fc1.weight:0.800055
Round 011 | train_loss=1.6165 | test_loss=2.3260 | test_acc=0.1926 | sparsity=0.8000 | cka=0 | targets=conv1.weight:0.799769;conv2.weight:0.799696;conv3.weight:0.799696;fc1.weight:0.800055
Round 012 | train_loss=1.6022 | test_loss=2.3562 | test_acc=0.1895 | sparsity=0.8000 | cka=1 | targets=conv1.weight:0.799769;conv2.weight:0.799588;conv3.weight:0.799601;fc1.weight:0.800072
Round 013 | train_loss=1.6022 | test_loss=2.2981 | test_acc=0.1975 | sparsity=0.8000 | cka=0 | targets=conv1.weight:0.799769;conv2.weight:0.799588;conv3.weight:0.799601;fc1.weight:0.800072
Round 014 | train_loss=1.5892 | test_loss=2.3378 | test_acc=0.1913 | sparsity=0.8000 | cka=1 | targets=conv1.weight:0.799769;conv2.weight:0.799588;conv3.weight:0.799561;fc1.weight:0.800077
Round 015 | train_loss=1.5870 | test_loss=2.2872 | test_acc=0.2004 | sparsity=0.8000 | cka=0 | targets=conv1.weight:0.799769;conv2.weight:0.799588;conv3.weight:0.799561;fc1.weight:0.800077
Round 016 | train_loss=1.5726 | test_loss=2.3280 | test_acc=0.1972 | sparsity=0.8000 | cka=1 | targets=conv1.weight:0.799769;conv2.weight:0.799425;conv3.weight:0.799466;fc1.weight:0.800097
Round 017 | train_loss=1.5682 | test_loss=2.2768 | test_acc=0.1985 | sparsity=0.8000 | cka=0 | targets=conv1.weight:0.799769;conv2.weight:0.799425;conv3.weight:0.799466;fc1.weight:0.800097
Round 018 | train_loss=1.5593 | test_loss=2.3101 | test_acc=0.1929 | sparsity=0.8000 | cka=1 | targets=conv1.weight:0.799769;conv2.weight:0.799316;conv3.weight:0.799330;fc1.weight:0.800119
Round 019 | train_loss=1.5557 | test_loss=2.2879 | test_acc=0.1980 | sparsity=0.8000 | cka=0 | targets=conv1.weight:0.799769;conv2.weight:0.799316;conv3.weight:0.799330;fc1.weight:0.800119
Round 020 | train_loss=1.5438 | test_loss=2.2764 | test_acc=0.2063 | sparsity=0.8000 | cka=1 | targets=conv1.weight:0.798611;conv2.weight:0.799154;conv3.weight:0.799181;fc1.weight:0.800148
Saved training log to: results/logs/multiseed/cifar10_multiseed_fixed_5605136/seed_100/cka_feddst_cifar10_clients5_alpha0.3_sparsity0.8_cka0.2_seed100_20260801_202115.csv
Saved CKA log to: results/logs/multiseed/cifar10_multiseed_fixed_5605136/seed_100/cka_feddst_cifar10_clients5_alpha0.3_sparsity0.8_cka0.2_seed100_20260801_202115_cka.csv

[Run 75/80] suite=multiseed method=sparse_fedavg seed=100 sparsity=0.9 cka_strength=yaml
Output log dir: results/logs/multiseed/cifar10_multiseed_fixed_5605136/seed_100
Command: /mnt/aiongpfs/users/dsen/micromamba/envs/cka-cifar/bin/python -m src.train --global-config configs/global_cifar10.yaml --config configs/sparse_fedavg_mnist.yaml --seed 100 --sparsity 0.9 --log-dir results/logs/multiseed/cifar10_multiseed_fixed_5605136/seed_100 --checkpoint-dir results/checkpoints/multiseed/cifar10_multiseed_fixed_5605136/seed_100 --plot-dir results/plots/multiseed/cifar10_multiseed_fixed_5605136
Final merged configuration:
alpha: 0.3
batch_size: 64
checkpoint_dir: results/checkpoints/multiseed/cifar10_multiseed_fixed_5605136/seed_100
cka_interval: 1
cka_layers:
- conv1
- conv2
- conv3
- fc1
cka_max_sparsity: 0.99
cka_min_sparsity: 0.0
cka_strength: 0.5
data_check: false
data_dir: data
dataset: cifar10
device: auto
disable_cudnn: true
dry_run: false
eval_interval: 1
experiment_config_path: configs/sparse_fedavg_mnist.yaml
global_config_path: configs/global_cifar10.yaml
local_epochs: 1
log_cka: false
log_dir: results/logs/multiseed/cifar10_multiseed_fixed_5605136/seed_100
lr: 0.01
mask_update_interval: 1
method: sparse_fedavg
model: cifar_cnn
num_clients: 5
num_workers: 2
output_dir: results
plot_dir: results/plots/multiseed/cifar10_multiseed_fixed_5605136
prune_fraction: 0.1
reference_size: 500
regrowth_method: gradient
rounds: 20
save_checkpoint: false
seed: 100
sparsity: 0.9
sparsity_init: random
split_dir: null
Saved merged config to: results/logs/multiseed/cifar10_multiseed_fixed_5605136/seed_100/sparse_fedavg_cifar10_clients5_alpha0.3_sparsity0.9_seed100_20260801_202617_config.yaml
cuDNN disabled for this run.
Client label distributions:
  client 00: n= 6485, labels=[2604, 0, 589, 2, 2, 5, 173, 2831, 8, 271]
  client 01: n= 9836, labels=[30, 0, 237, 3053, 347, 2329, 15, 2008, 2, 1815]
  client 02: n= 9670, labels=[180, 2324, 0, 407, 463, 481, 1656, 64, 4094, 1]
  client 03: n= 6110, labels=[2074, 92, 1, 1395, 1095, 27, 832, 24, 30, 540]
  client 04: n=17399, labels=[62, 2534, 4123, 93, 3043, 2108, 2274, 23, 816, 2323]
Initial sparsity | total=0.9000 | active=61987/619872
Layer sparsity | conv1.weight:0.895833;conv2.weight:0.897569;conv3.weight:0.899129;fc1.weight:0.900221;fc2.weight:0.898828
Round 001 | train_loss=2.2142 | test_loss=2.3038 | test_acc=0.1000 | sparsity=0.9000
Round 002 | train_loss=2.2154 | test_loss=2.3051 | test_acc=0.1000 | sparsity=0.9000
Round 003 | train_loss=2.2173 | test_loss=2.3069 | test_acc=0.1000 | sparsity=0.9000
Round 004 | train_loss=2.2195 | test_loss=2.3089 | test_acc=0.1000 | sparsity=0.9000
Round 005 | train_loss=2.2217 | test_loss=2.3110 | test_acc=0.1000 | sparsity=0.9000
Round 006 | train_loss=2.2239 | test_loss=2.3130 | test_acc=0.1000 | sparsity=0.9000
Round 007 | train_loss=2.2259 | test_loss=2.3149 | test_acc=0.1000 | sparsity=0.9000
Round 008 | train_loss=2.2277 | test_loss=2.3166 | test_acc=0.1000 | sparsity=0.9000
Round 009 | train_loss=2.2294 | test_loss=2.3182 | test_acc=0.1000 | sparsity=0.9000
Round 010 | train_loss=2.2309 | test_loss=2.3196 | test_acc=0.1000 | sparsity=0.9000
Round 011 | train_loss=2.2321 | test_loss=2.3209 | test_acc=0.1000 | sparsity=0.9000
Round 012 | train_loss=2.2332 | test_loss=2.3220 | test_acc=0.1000 | sparsity=0.9000
Round 013 | train_loss=2.2342 | test_loss=2.3230 | test_acc=0.1000 | sparsity=0.9000
Round 014 | train_loss=2.2350 | test_loss=2.3239 | test_acc=0.1000 | sparsity=0.9000
Round 015 | train_loss=2.2357 | test_loss=2.3247 | test_acc=0.1000 | sparsity=0.9000
Round 016 | train_loss=2.2362 | test_loss=2.3254 | test_acc=0.1000 | sparsity=0.9000
Round 017 | train_loss=2.2367 | test_loss=2.3260 | test_acc=0.1000 | sparsity=0.9000
Round 018 | train_loss=2.2370 | test_loss=2.3266 | test_acc=0.1000 | sparsity=0.9000
Round 019 | train_loss=2.2373 | test_loss=2.3270 | test_acc=0.1000 | sparsity=0.9000
Round 020 | train_loss=2.2375 | test_loss=2.3274 | test_acc=0.1000 | sparsity=0.9000
Saved training log to: results/logs/multiseed/cifar10_multiseed_fixed_5605136/seed_100/sparse_fedavg_cifar10_clients5_alpha0.3_sparsity0.9_seed100_20260801_202617.csv

[Run 76/80] suite=multiseed method=feddst seed=100 sparsity=0.9 cka_strength=yaml
Output log dir: results/logs/multiseed/cifar10_multiseed_fixed_5605136/seed_100
Command: /mnt/aiongpfs/users/dsen/micromamba/envs/cka-cifar/bin/python -m src.train --global-config configs/global_cifar10.yaml --config configs/feddst_mnist.yaml --seed 100 --sparsity 0.9 --log-dir results/logs/multiseed/cifar10_multiseed_fixed_5605136/seed_100 --checkpoint-dir results/checkpoints/multiseed/cifar10_multiseed_fixed_5605136/seed_100 --plot-dir results/plots/multiseed/cifar10_multiseed_fixed_5605136
Final merged configuration:
alpha: 0.3
batch_size: 64
checkpoint_dir: results/checkpoints/multiseed/cifar10_multiseed_fixed_5605136/seed_100
cka_interval: 1
cka_layers:
- conv1
- conv2
- conv3
- fc1
cka_max_sparsity: 0.99
cka_min_sparsity: 0.0
cka_strength: 0.5
data_check: false
data_dir: data
dataset: cifar10
device: auto
disable_cudnn: true
dry_run: false
eval_interval: 1
experiment_config_path: configs/feddst_mnist.yaml
global_config_path: configs/global_cifar10.yaml
local_epochs: 1
log_cka: false
log_dir: results/logs/multiseed/cifar10_multiseed_fixed_5605136/seed_100
lr: 0.01
mask_update_interval: 2
method: feddst
model: cifar_cnn
num_clients: 5
num_workers: 2
output_dir: results
plot_dir: results/plots/multiseed/cifar10_multiseed_fixed_5605136
prune_fraction: 0.2
reference_size: 500
regrowth_method: gradient
rounds: 20
save_checkpoint: false
seed: 100
sparsity: 0.9
sparsity_init: random
split_dir: null
Saved merged config to: results/logs/multiseed/cifar10_multiseed_fixed_5605136/seed_100/feddst_cifar10_clients5_alpha0.3_sparsity0.9_seed100_20260801_202932_config.yaml
cuDNN disabled for this run.
Client label distributions:
  client 00: n= 6485, labels=[2604, 0, 589, 2, 2, 5, 173, 2831, 8, 271]
  client 01: n= 9836, labels=[30, 0, 237, 3053, 347, 2329, 15, 2008, 2, 1815]
  client 02: n= 9670, labels=[180, 2324, 0, 407, 463, 481, 1656, 64, 4094, 1]
  client 03: n= 6110, labels=[2074, 92, 1, 1395, 1095, 27, 832, 24, 30, 540]
  client 04: n=17399, labels=[62, 2534, 4123, 93, 3043, 2108, 2274, 23, 816, 2323]
Initial sparsity | total=0.9000 | active=61987/619872
Layer sparsity | conv1.weight:0.895833;conv2.weight:0.897569;conv3.weight:0.899129;fc1.weight:0.900221;fc2.weight:0.898828
Round 001 | train_loss=2.2142 | test_loss=2.3038 | test_acc=0.1000 | sparsity=0.9000 | pruned=0 | regrown=0 | mask_changes=0
Round 002 | train_loss=2.2154 | test_loss=2.3051 | test_acc=0.1000 | sparsity=0.9000 | pruned=12398 | regrown=12398 | mask_changes=24796
Round 003 | train_loss=2.2163 | test_loss=2.3069 | test_acc=0.1000 | sparsity=0.9000 | pruned=0 | regrown=0 | mask_changes=0
Round 004 | train_loss=2.2180 | test_loss=2.3089 | test_acc=0.1000 | sparsity=0.9000 | pruned=12398 | regrown=12398 | mask_changes=24796
Round 005 | train_loss=2.2209 | test_loss=2.3110 | test_acc=0.1000 | sparsity=0.9000 | pruned=0 | regrown=0 | mask_changes=0
Round 006 | train_loss=2.2229 | test_loss=2.3130 | test_acc=0.1000 | sparsity=0.9000 | pruned=12398 | regrown=12398 | mask_changes=24796
Round 007 | train_loss=2.2237 | test_loss=2.3150 | test_acc=0.1000 | sparsity=0.9000 | pruned=0 | regrown=0 | mask_changes=0
Round 008 | train_loss=2.2247 | test_loss=2.3167 | test_acc=0.1000 | sparsity=0.9000 | pruned=12398 | regrown=12398 | mask_changes=24796
Round 009 | train_loss=2.2277 | test_loss=2.3183 | test_acc=0.1000 | sparsity=0.9000 | pruned=0 | regrown=0 | mask_changes=0
Round 010 | train_loss=2.2287 | test_loss=2.3198 | test_acc=0.1000 | sparsity=0.9000 | pruned=12398 | regrown=12398 | mask_changes=24796
Round 011 | train_loss=2.2278 | test_loss=2.3211 | test_acc=0.1000 | sparsity=0.9000 | pruned=0 | regrown=0 | mask_changes=0
Round 012 | train_loss=2.2270 | test_loss=2.3222 | test_acc=0.1000 | sparsity=0.9000 | pruned=12398 | regrown=12398 | mask_changes=24796
Round 013 | train_loss=2.2301 | test_loss=2.3235 | test_acc=0.1000 | sparsity=0.9000 | pruned=0 | regrown=0 | mask_changes=0
Round 014 | train_loss=2.2300 | test_loss=2.3244 | test_acc=0.1000 | sparsity=0.9000 | pruned=12398 | regrown=12398 | mask_changes=24796
Round 015 | train_loss=2.2260 | test_loss=2.3254 | test_acc=0.1000 | sparsity=0.9000 | pruned=0 | regrown=0 | mask_changes=0
Round 016 | train_loss=2.2202 | test_loss=2.3262 | test_acc=0.1000 | sparsity=0.9000 | pruned=12398 | regrown=12398 | mask_changes=24796
Round 017 | train_loss=2.2264 | test_loss=2.3273 | test_acc=0.1000 | sparsity=0.9000 | pruned=0 | regrown=0 | mask_changes=0
Round 018 | train_loss=2.2231 | test_loss=2.3280 | test_acc=0.1000 | sparsity=0.9000 | pruned=12398 | regrown=12398 | mask_changes=24796
Round 019 | train_loss=2.2055 | test_loss=2.3301 | test_acc=0.1000 | sparsity=0.9000 | pruned=0 | regrown=0 | mask_changes=0
Round 020 | train_loss=2.1258 | test_loss=2.3391 | test_acc=0.1000 | sparsity=0.9000 | pruned=12398 | regrown=12398 | mask_changes=24796
Saved training log to: results/logs/multiseed/cifar10_multiseed_fixed_5605136/seed_100/feddst_cifar10_clients5_alpha0.3_sparsity0.9_seed100_20260801_202932.csv

[Run 77/80] suite=multiseed method=cka_feddst seed=100 sparsity=0.9 cka_strength=yaml
Output log dir: results/logs/multiseed/cifar10_multiseed_fixed_5605136/seed_100
Command: /mnt/aiongpfs/users/dsen/micromamba/envs/cka-cifar/bin/python -m src.train --global-config configs/global_cifar10.yaml --config configs/cka_feddst_mnist.yaml --seed 100 --sparsity 0.9 --log-dir results/logs/multiseed/cifar10_multiseed_fixed_5605136/seed_100 --checkpoint-dir results/checkpoints/multiseed/cifar10_multiseed_fixed_5605136/seed_100 --plot-dir results/plots/multiseed/cifar10_multiseed_fixed_5605136
Final merged configuration:
alpha: 0.3
batch_size: 64
checkpoint_dir: results/checkpoints/multiseed/cifar10_multiseed_fixed_5605136/seed_100
cka_interval: 2
cka_layers:
- conv1
- conv2
- conv3
- fc1
cka_max_sparsity: 0.95
cka_min_sparsity: 0.5
cka_strength: 0.2
data_check: false
data_dir: data
dataset: cifar10
device: auto
disable_cudnn: true
dry_run: false
eval_interval: 1
experiment_config_path: configs/cka_feddst_mnist.yaml
global_config_path: configs/global_cifar10.yaml
local_epochs: 1
log_cka: false
log_dir: results/logs/multiseed/cifar10_multiseed_fixed_5605136/seed_100
lr: 0.01
mask_update_interval: 2
method: cka_feddst
model: cifar_cnn
num_clients: 5
num_workers: 2
output_dir: results
plot_dir: results/plots/multiseed/cifar10_multiseed_fixed_5605136
prune_fraction: 0.2
reference_size: 500
regrowth_method: gradient
rounds: 20
save_checkpoint: false
seed: 100
sparsity: 0.9
sparsity_init: random
split_dir: null
Saved merged config to: results/logs/multiseed/cifar10_multiseed_fixed_5605136/seed_100/cka_feddst_cifar10_clients5_alpha0.3_sparsity0.9_cka0.2_seed100_20260801_203406_config.yaml
cuDNN disabled for this run.
Client label distributions:
  client 00: n= 6485, labels=[2604, 0, 589, 2, 2, 5, 173, 2831, 8, 271]
  client 01: n= 9836, labels=[30, 0, 237, 3053, 347, 2329, 15, 2008, 2, 1815]
  client 02: n= 9670, labels=[180, 2324, 0, 407, 463, 481, 1656, 64, 4094, 1]
  client 03: n= 6110, labels=[2074, 92, 1, 1395, 1095, 27, 832, 24, 30, 540]
  client 04: n=17399, labels=[62, 2534, 4123, 93, 3043, 2108, 2274, 23, 816, 2323]
Initial sparsity | total=0.9000 | active=61987/619872
Layer sparsity | conv1.weight:0.895833;conv2.weight:0.897569;conv3.weight:0.899129;fc1.weight:0.900221;fc2.weight:0.898828
Round 001 | train_loss=2.2142 | test_loss=2.3038 | test_acc=0.1000 | sparsity=0.9000 | cka=0 | targets=
Round 002 | train_loss=2.2154 | test_loss=2.3051 | test_acc=0.1000 | sparsity=0.9000 | cka=1 | targets=conv1.weight:0.900463;conv2.weight:0.899902;conv3.weight:0.899916;fc1.weight:0.900015
Round 003 | train_loss=2.2163 | test_loss=2.3069 | test_acc=0.1000 | sparsity=0.9000 | cka=0 | targets=conv1.weight:0.900463;conv2.weight:0.899902;conv3.weight:0.899916;fc1.weight:0.900015
Round 004 | train_loss=2.2180 | test_loss=2.3089 | test_acc=0.1000 | sparsity=0.9000 | cka=1 | targets=conv1.weight:0.900463;conv2.weight:0.899794;conv3.weight:0.899807;fc1.weight:0.900034
Round 005 | train_loss=2.2209 | test_loss=2.3110 | test_acc=0.1000 | sparsity=0.9000 | cka=0 | targets=conv1.weight:0.900463;conv2.weight:0.899794;conv3.weight:0.899807;fc1.weight:0.900034
Round 006 | train_loss=2.2229 | test_loss=2.3130 | test_acc=0.1000 | sparsity=0.9000 | cka=1 | targets=conv1.weight:0.899306;conv2.weight:0.899902;conv3.weight:0.899889;fc1.weight:0.900021
Round 007 | train_loss=2.2237 | test_loss=2.3150 | test_acc=0.1000 | sparsity=0.9000 | cka=0 | targets=conv1.weight:0.899306;conv2.weight:0.899902;conv3.weight:0.899889;fc1.weight:0.900021
Round 008 | train_loss=2.2246 | test_loss=2.3167 | test_acc=0.1000 | sparsity=0.9000 | cka=1 | targets=conv1.weight:0.899306;conv2.weight:0.899794;conv3.weight:0.899794;fc1.weight:0.900038
Round 009 | train_loss=2.2276 | test_loss=2.3184 | test_acc=0.1000 | sparsity=0.9000 | cka=0 | targets=conv1.weight:0.899306;conv2.weight:0.899794;conv3.weight:0.899794;fc1.weight:0.900038
Round 010 | train_loss=2.2286 | test_loss=2.3198 | test_acc=0.1000 | sparsity=0.9000 | cka=1 | targets=conv1.weight:0.900463;conv2.weight:0.899848;conv3.weight:0.899835;fc1.weight:0.900028
Round 011 | train_loss=2.2274 | test_loss=2.3212 | test_acc=0.1000 | sparsity=0.9000 | cka=0 | targets=conv1.weight:0.900463;conv2.weight:0.899848;conv3.weight:0.899835;fc1.weight:0.900028
Round 012 | train_loss=2.2261 | test_loss=2.3224 | test_acc=0.1000 | sparsity=0.9000 | cka=1 | targets=conv1.weight:0.900463;conv2.weight:0.899848;conv3.weight:0.899848;fc1.weight:0.900026
Round 013 | train_loss=2.2295 | test_loss=2.3237 | test_acc=0.1000 | sparsity=0.9000 | cka=0 | targets=conv1.weight:0.900463;conv2.weight:0.899848;conv3.weight:0.899848;fc1.weight:0.900026
Round 014 | train_loss=2.2291 | test_loss=2.3247 | test_acc=0.1000 | sparsity=0.9000 | cka=1 | targets=conv1.weight:0.899306;conv2.weight:0.899794;conv3.weight:0.899794;fc1.weight:0.900038
Round 015 | train_loss=2.2231 | test_loss=2.3260 | test_acc=0.1000 | sparsity=0.9000 | cka=0 | targets=conv1.weight:0.899306;conv2.weight:0.899794;conv3.weight:0.899794;fc1.weight:0.900038
Round 016 | train_loss=2.2113 | test_loss=2.3276 | test_acc=0.1000 | sparsity=0.9000 | cka=1 | targets=conv1.weight:0.900463;conv2.weight:0.899902;conv3.weight:0.899943;fc1.weight:0.900011
Round 017 | train_loss=2.2088 | test_loss=2.3314 | test_acc=0.1000 | sparsity=0.9000 | cka=0 | targets=conv1.weight:0.900463;conv2.weight:0.899902;conv3.weight:0.899943;fc1.weight:0.900011
Round 018 | train_loss=2.1566 | test_loss=2.3384 | test_acc=0.1000 | sparsity=0.9000 | cka=1 | targets=conv1.weight:0.899306;conv2.weight:0.899957;conv3.weight:0.899970;fc1.weight:0.900007
Round 019 | train_loss=1.9593 | test_loss=2.3824 | test_acc=0.1387 | sparsity=0.9000 | cka=0 | targets=conv1.weight:0.899306;conv2.weight:0.899957;conv3.weight:0.899970;fc1.weight:0.900007
Round 020 | train_loss=1.7539 | test_loss=2.4975 | test_acc=0.1271 | sparsity=0.9000 | cka=1 | targets=conv1.weight:0.900463;conv2.weight:0.899902;conv3.weight:0.899929;fc1.weight:0.900013
Saved training log to: results/logs/multiseed/cifar10_multiseed_fixed_5605136/seed_100/cka_feddst_cifar10_clients5_alpha0.3_sparsity0.9_cka0.2_seed100_20260801_203406.csv
Saved CKA log to: results/logs/multiseed/cifar10_multiseed_fixed_5605136/seed_100/cka_feddst_cifar10_clients5_alpha0.3_sparsity0.9_cka0.2_seed100_20260801_203406_cka.csv

[Run 78/80] suite=multiseed method=sparse_fedavg seed=100 sparsity=0.95 cka_strength=yaml
Output log dir: results/logs/multiseed/cifar10_multiseed_fixed_5605136/seed_100
Command: /mnt/aiongpfs/users/dsen/micromamba/envs/cka-cifar/bin/python -m src.train --global-config configs/global_cifar10.yaml --config configs/sparse_fedavg_mnist.yaml --seed 100 --sparsity 0.95 --log-dir results/logs/multiseed/cifar10_multiseed_fixed_5605136/seed_100 --checkpoint-dir results/checkpoints/multiseed/cifar10_multiseed_fixed_5605136/seed_100 --plot-dir results/plots/multiseed/cifar10_multiseed_fixed_5605136
Final merged configuration:
alpha: 0.3
batch_size: 64
checkpoint_dir: results/checkpoints/multiseed/cifar10_multiseed_fixed_5605136/seed_100
cka_interval: 1
cka_layers:
- conv1
- conv2
- conv3
- fc1
cka_max_sparsity: 0.99
cka_min_sparsity: 0.0
cka_strength: 0.5
data_check: false
data_dir: data
dataset: cifar10
device: auto
disable_cudnn: true
dry_run: false
eval_interval: 1
experiment_config_path: configs/sparse_fedavg_mnist.yaml
global_config_path: configs/global_cifar10.yaml
local_epochs: 1
log_cka: false
log_dir: results/logs/multiseed/cifar10_multiseed_fixed_5605136/seed_100
lr: 0.01
mask_update_interval: 1
method: sparse_fedavg
model: cifar_cnn
num_clients: 5
num_workers: 2
output_dir: results
plot_dir: results/plots/multiseed/cifar10_multiseed_fixed_5605136
prune_fraction: 0.1
reference_size: 500
regrowth_method: gradient
rounds: 20
save_checkpoint: false
seed: 100
sparsity: 0.95
sparsity_init: random
split_dir: null
Saved merged config to: results/logs/multiseed/cifar10_multiseed_fixed_5605136/seed_100/sparse_fedavg_cifar10_clients5_alpha0.3_sparsity0.95_seed100_20260801_203911_config.yaml
cuDNN disabled for this run.
Client label distributions:
  client 00: n= 6485, labels=[2604, 0, 589, 2, 2, 5, 173, 2831, 8, 271]
  client 01: n= 9836, labels=[30, 0, 237, 3053, 347, 2329, 15, 2008, 2, 1815]
  client 02: n= 9670, labels=[180, 2324, 0, 407, 463, 481, 1656, 64, 4094, 1]
  client 03: n= 6110, labels=[2074, 92, 1, 1395, 1095, 27, 832, 24, 30, 540]
  client 04: n=17399, labels=[62, 2534, 4123, 93, 3043, 2108, 2274, 23, 816, 2323]
Initial sparsity | total=0.9500 | active=30994/619872
Layer sparsity | conv1.weight:0.950231;conv2.weight:0.947591;conv3.weight:0.949151;fc1.weight:0.950207;fc2.weight:0.949219
Round 001 | train_loss=2.2150 | test_loss=2.3038 | test_acc=0.1000 | sparsity=0.9500
Round 002 | train_loss=2.2164 | test_loss=2.3051 | test_acc=0.1000 | sparsity=0.9500
Round 003 | train_loss=2.2184 | test_loss=2.3069 | test_acc=0.1000 | sparsity=0.9500
Round 004 | train_loss=2.2206 | test_loss=2.3089 | test_acc=0.1000 | sparsity=0.9500
Round 005 | train_loss=2.2230 | test_loss=2.3110 | test_acc=0.1000 | sparsity=0.9500
Round 006 | train_loss=2.2252 | test_loss=2.3129 | test_acc=0.1000 | sparsity=0.9500
Round 007 | train_loss=2.2273 | test_loss=2.3148 | test_acc=0.1000 | sparsity=0.9500
Round 008 | train_loss=2.2292 | test_loss=2.3166 | test_acc=0.1000 | sparsity=0.9500
Round 009 | train_loss=2.2310 | test_loss=2.3181 | test_acc=0.1000 | sparsity=0.9500
Round 010 | train_loss=2.2326 | test_loss=2.3195 | test_acc=0.1000 | sparsity=0.9500
Round 011 | train_loss=2.2340 | test_loss=2.3208 | test_acc=0.1000 | sparsity=0.9500
Round 012 | train_loss=2.2352 | test_loss=2.3219 | test_acc=0.1000 | sparsity=0.9500
Round 013 | train_loss=2.2363 | test_loss=2.3230 | test_acc=0.1000 | sparsity=0.9500
Round 014 | train_loss=2.2373 | test_loss=2.3238 | test_acc=0.1000 | sparsity=0.9500
Round 015 | train_loss=2.2381 | test_loss=2.3246 | test_acc=0.1000 | sparsity=0.9500
Round 016 | train_loss=2.2389 | test_loss=2.3253 | test_acc=0.1000 | sparsity=0.9500
Round 017 | train_loss=2.2395 | test_loss=2.3260 | test_acc=0.1000 | sparsity=0.9500
Round 018 | train_loss=2.2401 | test_loss=2.3265 | test_acc=0.1000 | sparsity=0.9500
Round 019 | train_loss=2.2405 | test_loss=2.3270 | test_acc=0.1000 | sparsity=0.9500
Round 020 | train_loss=2.2410 | test_loss=2.3274 | test_acc=0.1000 | sparsity=0.9500
Saved training log to: results/logs/multiseed/cifar10_multiseed_fixed_5605136/seed_100/sparse_fedavg_cifar10_clients5_alpha0.3_sparsity0.95_seed100_20260801_203911.csv

[Run 79/80] suite=multiseed method=feddst seed=100 sparsity=0.95 cka_strength=yaml
Output log dir: results/logs/multiseed/cifar10_multiseed_fixed_5605136/seed_100
Command: /mnt/aiongpfs/users/dsen/micromamba/envs/cka-cifar/bin/python -m src.train --global-config configs/global_cifar10.yaml --config configs/feddst_mnist.yaml --seed 100 --sparsity 0.95 --log-dir results/logs/multiseed/cifar10_multiseed_fixed_5605136/seed_100 --checkpoint-dir results/checkpoints/multiseed/cifar10_multiseed_fixed_5605136/seed_100 --plot-dir results/plots/multiseed/cifar10_multiseed_fixed_5605136
Final merged configuration:
alpha: 0.3
batch_size: 64
checkpoint_dir: results/checkpoints/multiseed/cifar10_multiseed_fixed_5605136/seed_100
cka_interval: 1
cka_layers:
- conv1
- conv2
- conv3
- fc1
cka_max_sparsity: 0.99
cka_min_sparsity: 0.0
cka_strength: 0.5
data_check: false
data_dir: data
dataset: cifar10
device: auto
disable_cudnn: true
dry_run: false
eval_interval: 1
experiment_config_path: configs/feddst_mnist.yaml
global_config_path: configs/global_cifar10.yaml
local_epochs: 1
log_cka: false
log_dir: results/logs/multiseed/cifar10_multiseed_fixed_5605136/seed_100
lr: 0.01
mask_update_interval: 2
method: feddst
model: cifar_cnn
num_clients: 5
num_workers: 2
output_dir: results
plot_dir: results/plots/multiseed/cifar10_multiseed_fixed_5605136
prune_fraction: 0.2
reference_size: 500
regrowth_method: gradient
rounds: 20
save_checkpoint: false
seed: 100
sparsity: 0.95
sparsity_init: random
split_dir: null
Saved merged config to: results/logs/multiseed/cifar10_multiseed_fixed_5605136/seed_100/feddst_cifar10_clients5_alpha0.3_sparsity0.95_seed100_20260801_204226_config.yaml
cuDNN disabled for this run.
Client label distributions:
  client 00: n= 6485, labels=[2604, 0, 589, 2, 2, 5, 173, 2831, 8, 271]
  client 01: n= 9836, labels=[30, 0, 237, 3053, 347, 2329, 15, 2008, 2, 1815]
  client 02: n= 9670, labels=[180, 2324, 0, 407, 463, 481, 1656, 64, 4094, 1]
  client 03: n= 6110, labels=[2074, 92, 1, 1395, 1095, 27, 832, 24, 30, 540]
  client 04: n=17399, labels=[62, 2534, 4123, 93, 3043, 2108, 2274, 23, 816, 2323]
Initial sparsity | total=0.9500 | active=30994/619872
Layer sparsity | conv1.weight:0.950231;conv2.weight:0.947591;conv3.weight:0.949151;fc1.weight:0.950207;fc2.weight:0.949219
Round 001 | train_loss=2.2150 | test_loss=2.3038 | test_acc=0.1000 | sparsity=0.9500 | pruned=0 | regrown=0 | mask_changes=0
Round 002 | train_loss=2.2164 | test_loss=2.3051 | test_acc=0.1000 | sparsity=0.9500 | pruned=6199 | regrown=6199 | mask_changes=12398
Round 003 | train_loss=2.2180 | test_loss=2.3069 | test_acc=0.1000 | sparsity=0.9500 | pruned=0 | regrown=0 | mask_changes=0
Round 004 | train_loss=2.2201 | test_loss=2.3089 | test_acc=0.1000 | sparsity=0.9500 | pruned=6199 | regrown=6199 | mask_changes=12398
Round 005 | train_loss=2.2227 | test_loss=2.3110 | test_acc=0.1000 | sparsity=0.9500 | pruned=0 | regrown=0 | mask_changes=0
Round 006 | train_loss=2.2249 | test_loss=2.3129 | test_acc=0.1000 | sparsity=0.9500 | pruned=6199 | regrown=6199 | mask_changes=12398
Round 007 | train_loss=2.2266 | test_loss=2.3149 | test_acc=0.1000 | sparsity=0.9500 | pruned=0 | regrown=0 | mask_changes=0
Round 008 | train_loss=2.2283 | test_loss=2.3166 | test_acc=0.1000 | sparsity=0.9500 | pruned=6199 | regrown=6199 | mask_changes=12398
Round 009 | train_loss=2.2305 | test_loss=2.3181 | test_acc=0.1000 | sparsity=0.9500 | pruned=0 | regrown=0 | mask_changes=0
Round 010 | train_loss=2.2320 | test_loss=2.3196 | test_acc=0.1000 | sparsity=0.9500 | pruned=6199 | regrown=6199 | mask_changes=12398
Round 011 | train_loss=2.2327 | test_loss=2.3209 | test_acc=0.1000 | sparsity=0.9500 | pruned=0 | regrown=0 | mask_changes=0
Round 012 | train_loss=2.2336 | test_loss=2.3220 | test_acc=0.1000 | sparsity=0.9500 | pruned=6199 | regrown=6199 | mask_changes=12398
Round 013 | train_loss=2.2354 | test_loss=2.3230 | test_acc=0.1000 | sparsity=0.9500 | pruned=0 | regrown=0 | mask_changes=0
Round 014 | train_loss=2.2363 | test_loss=2.3239 | test_acc=0.1000 | sparsity=0.9500 | pruned=6199 | regrown=6199 | mask_changes=12398
Round 015 | train_loss=2.2359 | test_loss=2.3248 | test_acc=0.1000 | sparsity=0.9500 | pruned=0 | regrown=0 | mask_changes=0
Round 016 | train_loss=2.2361 | test_loss=2.3255 | test_acc=0.1000 | sparsity=0.9500 | pruned=6199 | regrown=6199 | mask_changes=12398
Round 017 | train_loss=2.2380 | test_loss=2.3261 | test_acc=0.1000 | sparsity=0.9500 | pruned=0 | regrown=0 | mask_changes=0
Round 018 | train_loss=2.2383 | test_loss=2.3266 | test_acc=0.1000 | sparsity=0.9500 | pruned=6199 | regrown=6199 | mask_changes=12398
Round 019 | train_loss=2.2368 | test_loss=2.3272 | test_acc=0.1000 | sparsity=0.9500 | pruned=0 | regrown=0 | mask_changes=0
Round 020 | train_loss=2.2362 | test_loss=2.3276 | test_acc=0.1000 | sparsity=0.9500 | pruned=6199 | regrown=6199 | mask_changes=12398
Saved training log to: results/logs/multiseed/cifar10_multiseed_fixed_5605136/seed_100/feddst_cifar10_clients5_alpha0.3_sparsity0.95_seed100_20260801_204226.csv

[Run 80/80] suite=multiseed method=cka_feddst seed=100 sparsity=0.95 cka_strength=yaml
Output log dir: results/logs/multiseed/cifar10_multiseed_fixed_5605136/seed_100
Command: /mnt/aiongpfs/users/dsen/micromamba/envs/cka-cifar/bin/python -m src.train --global-config configs/global_cifar10.yaml --config configs/cka_feddst_mnist.yaml --seed 100 --sparsity 0.95 --log-dir results/logs/multiseed/cifar10_multiseed_fixed_5605136/seed_100 --checkpoint-dir results/checkpoints/multiseed/cifar10_multiseed_fixed_5605136/seed_100 --plot-dir results/plots/multiseed/cifar10_multiseed_fixed_5605136
Final merged configuration:
alpha: 0.3
batch_size: 64
checkpoint_dir: results/checkpoints/multiseed/cifar10_multiseed_fixed_5605136/seed_100
cka_interval: 2
cka_layers:
- conv1
- conv2
- conv3
- fc1
cka_max_sparsity: 0.95
cka_min_sparsity: 0.5
cka_strength: 0.2
data_check: false
data_dir: data
dataset: cifar10
device: auto
disable_cudnn: true
dry_run: false
eval_interval: 1
experiment_config_path: configs/cka_feddst_mnist.yaml
global_config_path: configs/global_cifar10.yaml
local_epochs: 1
log_cka: false
log_dir: results/logs/multiseed/cifar10_multiseed_fixed_5605136/seed_100
lr: 0.01
mask_update_interval: 2
method: cka_feddst
model: cifar_cnn
num_clients: 5
num_workers: 2
output_dir: results
plot_dir: results/plots/multiseed/cifar10_multiseed_fixed_5605136
prune_fraction: 0.2
reference_size: 500
regrowth_method: gradient
rounds: 20
save_checkpoint: false
seed: 100
sparsity: 0.95
sparsity_init: random
split_dir: null
Saved merged config to: results/logs/multiseed/cifar10_multiseed_fixed_5605136/seed_100/cka_feddst_cifar10_clients5_alpha0.3_sparsity0.95_cka0.2_seed100_20260801_204658_config.yaml
cuDNN disabled for this run.
Client label distributions:
  client 00: n= 6485, labels=[2604, 0, 589, 2, 2, 5, 173, 2831, 8, 271]
  client 01: n= 9836, labels=[30, 0, 237, 3053, 347, 2329, 15, 2008, 2, 1815]
  client 02: n= 9670, labels=[180, 2324, 0, 407, 463, 481, 1656, 64, 4094, 1]
  client 03: n= 6110, labels=[2074, 92, 1, 1395, 1095, 27, 832, 24, 30, 540]
  client 04: n=17399, labels=[62, 2534, 4123, 93, 3043, 2108, 2274, 23, 816, 2323]
Initial sparsity | total=0.9500 | active=30994/619872
Layer sparsity | conv1.weight:0.950231;conv2.weight:0.947591;conv3.weight:0.949151;fc1.weight:0.950207;fc2.weight:0.949219
Round 001 | train_loss=2.2150 | test_loss=2.3038 | test_acc=0.1000 | sparsity=0.9500 | cka=0 | targets=
Round 002 | train_loss=2.2164 | test_loss=2.3051 | test_acc=0.1000 | sparsity=0.9500 | cka=1 | targets=conv1.weight:0.949074;conv2.weight:0.949978;conv3.weight:0.949992;fc1.weight:0.949999
Round 003 | train_loss=2.2180 | test_loss=2.3069 | test_acc=0.1000 | sparsity=0.9500 | cka=0 | targets=conv1.weight:0.949074;conv2.weight:0.949978;conv3.weight:0.949992;fc1.weight:0.949999
Round 004 | train_loss=2.2201 | test_loss=2.3089 | test_acc=0.1000 | sparsity=0.9500 | cka=1 | targets=conv1.weight:0.949074;conv2.weight:0.949978;conv3.weight:0.949992;fc1.weight:0.949999
Round 005 | train_loss=2.2227 | test_loss=2.3110 | test_acc=0.1000 | sparsity=0.9500 | cka=0 | targets=conv1.weight:0.949074;conv2.weight:0.949978;conv3.weight:0.949992;fc1.weight:0.949999
Round 006 | train_loss=2.2249 | test_loss=2.3129 | test_acc=0.1000 | sparsity=0.9500 | cka=1 | targets=conv1.weight:0.949074;conv2.weight:0.949978;conv3.weight:0.949992;fc1.weight:0.949999
Round 007 | train_loss=2.2265 | test_loss=2.3149 | test_acc=0.1000 | sparsity=0.9500 | cka=0 | targets=conv1.weight:0.949074;conv2.weight:0.949978;conv3.weight:0.949992;fc1.weight:0.949999
Round 008 | train_loss=2.2282 | test_loss=2.3166 | test_acc=0.1000 | sparsity=0.9500 | cka=1 | targets=conv1.weight:0.949074;conv2.weight:0.949978;conv3.weight:0.949992;fc1.weight:0.949999
Round 009 | train_loss=2.2305 | test_loss=2.3182 | test_acc=0.1000 | sparsity=0.9500 | cka=0 | targets=conv1.weight:0.949074;conv2.weight:0.949978;conv3.weight:0.949992;fc1.weight:0.949999
Round 010 | train_loss=2.2319 | test_loss=2.3196 | test_acc=0.1000 | sparsity=0.9500 | cka=1 | targets=conv1.weight:0.949074;conv2.weight:0.949978;conv3.weight:0.949992;fc1.weight:0.949999
Round 011 | train_loss=2.2326 | test_loss=2.3209 | test_acc=0.1000 | sparsity=0.9500 | cka=0 | targets=conv1.weight:0.949074;conv2.weight:0.949978;conv3.weight:0.949992;fc1.weight:0.949999
Round 012 | train_loss=2.2334 | test_loss=2.3220 | test_acc=0.1000 | sparsity=0.9500 | cka=1 | targets=conv1.weight:0.949074;conv2.weight:0.949978;conv3.weight:0.949992;fc1.weight:0.949999
Round 013 | train_loss=2.2353 | test_loss=2.3231 | test_acc=0.1000 | sparsity=0.9500 | cka=0 | targets=conv1.weight:0.949074;conv2.weight:0.949978;conv3.weight:0.949992;fc1.weight:0.949999
Round 014 | train_loss=2.2362 | test_loss=2.3240 | test_acc=0.1000 | sparsity=0.9500 | cka=1 | targets=conv1.weight:0.949074;conv2.weight:0.949978;conv3.weight:0.949992;fc1.weight:0.949999
Round 015 | train_loss=2.2355 | test_loss=2.3249 | test_acc=0.1000 | sparsity=0.9500 | cka=0 | targets=conv1.weight:0.949074;conv2.weight:0.949978;conv3.weight:0.949992;fc1.weight:0.949999
Round 016 | train_loss=2.2355 | test_loss=2.3256 | test_acc=0.1000 | sparsity=0.9500 | cka=1 | targets=conv1.weight:0.949074;conv2.weight:0.949978;conv3.weight:0.949992;fc1.weight:0.949999
Round 017 | train_loss=2.2377 | test_loss=2.3262 | test_acc=0.1000 | sparsity=0.9500 | cka=0 | targets=conv1.weight:0.949074;conv2.weight:0.949978;conv3.weight:0.949992;fc1.weight:0.949999
Round 018 | train_loss=2.2379 | test_loss=2.3268 | test_acc=0.1000 | sparsity=0.9500 | cka=1 | targets=conv1.weight:0.949074;conv2.weight:0.949978;conv3.weight:0.949992;fc1.weight:0.949999
Round 019 | train_loss=2.2356 | test_loss=2.3274 | test_acc=0.1000 | sparsity=0.9500 | cka=0 | targets=conv1.weight:0.949074;conv2.weight:0.949978;conv3.weight:0.949992;fc1.weight:0.949999
Round 020 | train_loss=2.2344 | test_loss=2.3278 | test_acc=0.1000 | sparsity=0.9500 | cka=1 | targets=conv1.weight:0.949074;conv2.weight:0.949978;conv3.weight:0.949992;fc1.weight:0.949999
Saved training log to: results/logs/multiseed/cifar10_multiseed_fixed_5605136/seed_100/cka_feddst_cifar10_clients5_alpha0.3_sparsity0.95_cka0.2_seed100_20260801_204658.csv
Saved CKA log to: results/logs/multiseed/cifar10_multiseed_fixed_5605136/seed_100/cka_feddst_cifar10_clients5_alpha0.3_sparsity0.95_cka0.2_seed100_20260801_204658_cka.csv

All experiments completed.
Finished multiseed: Sat Aug  1 20:51:56 UTC 2026
