/home/users/dsen/.local/lib/python3.11/site-packages/torch/cuda/__init__.py:371: UserWarning: Found GPU0 Tesla V100-SXM2-32GB which is of compute capability (CC) 7.0.
The following list shows the CCs this version of PyTorch was built for and the hardware CCs it supports:
- 7.5 which supports hardware CC >=7.5,<8.0
- 8.0 which supports hardware CC >=8.0,<9.0 except {8.7}
- 8.6 which supports hardware CC >=8.6,<9.0 except {8.7}
- 9.0 which supports hardware CC >=9.0,<10.0
- 10.0 which supports hardware CC >=10.0,<11.0 except {10.1}
- 12.0 which supports hardware CC >=12.0,<13.0
Please follow the instructions at https://pytorch.org/get-started/locally/ to install a PyTorch release that supports one of these CUDA versions: 12.6, 12.8
  _warn_unsupported_code(d, device_cc, code_ccs)
/mnt/aiongpfs/users/dsen/micromamba/envs/cka-cifar/lib/python3.11/site-packages/torchvision/datasets/cifar.py:83: VisibleDeprecationWarning: dtype(): align should be passed as Python or NumPy boolean but got `align=0`. Did you mean to pass a tuple to create a subarray type? (Deprecated NumPy 2.4)
  entry = pickle.load(f, encoding="latin1")
/home/users/dsen/.local/lib/python3.11/site-packages/torch/cuda/__init__.py:371: UserWarning: Found GPU0 Tesla V100-SXM2-32GB which is of compute capability (CC) 7.0.
The following list shows the CCs this version of PyTorch was built for and the hardware CCs it supports:
- 7.5 which supports hardware CC >=7.5,<8.0
- 8.0 which supports hardware CC >=8.0,<9.0 except {8.7}
- 8.6 which supports hardware CC >=8.6,<9.0 except {8.7}
- 9.0 which supports hardware CC >=9.0,<10.0
- 10.0 which supports hardware CC >=10.0,<11.0 except {10.1}
- 12.0 which supports hardware CC >=12.0,<13.0
Please follow the instructions at https://pytorch.org/get-started/locally/ to install a PyTorch release that supports one of these CUDA versions: 12.6, 12.8
  _warn_unsupported_code(d, device_cc, code_ccs)
Traceback (most recent call last):
  File "<frozen runpy>", line 198, in _run_module_as_main
  File "<frozen runpy>", line 88, in _run_code
  File "/mnt/aiongpfs/users/dsen/cka-fed-dynamic-sparsity/src/train.py", line 386, in <module>
    main()
  File "/mnt/aiongpfs/users/dsen/cka-fed-dynamic-sparsity/src/train.py", line 376, in main
    history = run_experiment(config, paths)
              ^^^^^^^^^^^^^^^^^^^^^^^^^^^^^
  File "/mnt/aiongpfs/users/dsen/cka-fed-dynamic-sparsity/src/train.py", line 253, in run_experiment
    history = run_fedavg(
              ^^^^^^^^^^^
  File "/mnt/aiongpfs/users/dsen/cka-fed-dynamic-sparsity/src/federated.py", line 210, in run_fedavg
    round_result = run_federated_round(
                   ^^^^^^^^^^^^^^^^^^^^
  File "/mnt/aiongpfs/users/dsen/cka-fed-dynamic-sparsity/src/federated.py", line 150, in run_federated_round
    client_updates = [
                     ^
  File "/mnt/aiongpfs/users/dsen/cka-fed-dynamic-sparsity/src/federated.py", line 151, in <listcomp>
    train_client(
  File "/mnt/aiongpfs/users/dsen/cka-fed-dynamic-sparsity/src/federated.py", line 71, in train_client
    logits = client_model(images)
             ^^^^^^^^^^^^^^^^^^^^
  File "/home/users/dsen/.local/lib/python3.11/site-packages/torch/nn/modules/module.py", line 1779, in _wrapped_call_impl
    return self._call_impl(*args, **kwargs)
           ^^^^^^^^^^^^^^^^^^^^^^^^^^^^^^^^
  File "/home/users/dsen/.local/lib/python3.11/site-packages/torch/nn/modules/module.py", line 1790, in _call_impl
    return forward_call(*args, **kwargs)
           ^^^^^^^^^^^^^^^^^^^^^^^^^^^^^
  File "/mnt/aiongpfs/users/dsen/cka-fed-dynamic-sparsity/src/models.py", line 108, in forward
    x = F.relu(self.conv1(x))
               ^^^^^^^^^^^^^
  File "/home/users/dsen/.local/lib/python3.11/site-packages/torch/nn/modules/module.py", line 1779, in _wrapped_call_impl
    return self._call_impl(*args, **kwargs)
           ^^^^^^^^^^^^^^^^^^^^^^^^^^^^^^^^
  File "/home/users/dsen/.local/lib/python3.11/site-packages/torch/nn/modules/module.py", line 1790, in _call_impl
    return forward_call(*args, **kwargs)
           ^^^^^^^^^^^^^^^^^^^^^^^^^^^^^
  File "/home/users/dsen/.local/lib/python3.11/site-packages/torch/nn/modules/conv.py", line 553, in forward
    return self._conv_forward(input, self.weight, self.bias)
           ^^^^^^^^^^^^^^^^^^^^^^^^^^^^^^^^^^^^^^^^^^^^^^^^^
  File "/home/users/dsen/.local/lib/python3.11/site-packages/torch/nn/modules/conv.py", line 548, in _conv_forward
    return F.conv2d(
           ^^^^^^^^^
RuntimeError: GET was unable to find an engine to execute this computation

FAILED COMMAND: /mnt/aiongpfs/users/dsen/micromamba/envs/cka-cifar/bin/python -m src.train --global-config configs/global_cifar10.yaml --config configs/fedavg_mnist.yaml --seed 42 --log-dir results/logs/multiseed/cifar10_multiseed_20260724_145839/seed_42 --checkpoint-dir results/checkpoints/multiseed/cifar10_multiseed_20260724_145839/seed_42 --plot-dir results/plots/multiseed/cifar10_multiseed_20260724_145839
Exit code: 1
/mnt/aiongpfs/users/dsen/micromamba/envs/cka-cifar/lib/python3.11/site-packages/torchvision/datasets/cifar.py:83: VisibleDeprecationWarning: dtype(): align should be passed as Python or NumPy boolean but got `align=0`. Did you mean to pass a tuple to create a subarray type? (Deprecated NumPy 2.4)
  entry = pickle.load(f, encoding="latin1")
/home/users/dsen/.local/lib/python3.11/site-packages/torch/cuda/__init__.py:371: UserWarning: Found GPU0 Tesla V100-SXM2-32GB which is of compute capability (CC) 7.0.
The following list shows the CCs this version of PyTorch was built for and the hardware CCs it supports:
- 7.5 which supports hardware CC >=7.5,<8.0
- 8.0 which supports hardware CC >=8.0,<9.0 except {8.7}
- 8.6 which supports hardware CC >=8.6,<9.0 except {8.7}
- 9.0 which supports hardware CC >=9.0,<10.0
- 10.0 which supports hardware CC >=10.0,<11.0 except {10.1}
- 12.0 which supports hardware CC >=12.0,<13.0
Please follow the instructions at https://pytorch.org/get-started/locally/ to install a PyTorch release that supports one of these CUDA versions: 12.6, 12.8
  _warn_unsupported_code(d, device_cc, code_ccs)
Traceback (most recent call last):
  File "<frozen runpy>", line 198, in _run_module_as_main
  File "<frozen runpy>", line 88, in _run_code
  File "/mnt/aiongpfs/users/dsen/cka-fed-dynamic-sparsity/src/train.py", line 386, in <module>
    main()
  File "/mnt/aiongpfs/users/dsen/cka-fed-dynamic-sparsity/src/train.py", line 376, in main
    history = run_experiment(config, paths)
              ^^^^^^^^^^^^^^^^^^^^^^^^^^^^^
  File "/mnt/aiongpfs/users/dsen/cka-fed-dynamic-sparsity/src/train.py", line 264, in run_experiment
    history = run_sparse_fedavg(
              ^^^^^^^^^^^^^^^^^^
  File "/mnt/aiongpfs/users/dsen/cka-fed-dynamic-sparsity/src/federated.py", line 273, in run_sparse_fedavg
    apply_masks(global_model, masks)
  File "/mnt/aiongpfs/users/dsen/cka-fed-dynamic-sparsity/src/sparsity.py", line 73, in apply_masks
    param.mul_(masks[name].to(device=param.device, dtype=param.dtype))
torch.AcceleratorError: CUDA error: no kernel image is available for execution on the device
Search for `cudaErrorNoKernelImageForDevice' in https://docs.nvidia.com/cuda/cuda-runtime-api/group__CUDART__TYPES.html for more information.
CUDA kernel errors might be asynchronously reported at some other API call, so the stacktrace below might be incorrect.
For debugging consider passing CUDA_LAUNCH_BLOCKING=1
Compile with `TORCH_USE_CUDA_DSA` to enable device-side assertions.


FAILED COMMAND: /mnt/aiongpfs/users/dsen/micromamba/envs/cka-cifar/bin/python -m src.train --global-config configs/global_cifar10.yaml --config configs/sparse_fedavg_mnist.yaml --seed 42 --sparsity 0.5 --log-dir results/logs/multiseed/cifar10_multiseed_20260724_145839/seed_42 --checkpoint-dir results/checkpoints/multiseed/cifar10_multiseed_20260724_145839/seed_42 --plot-dir results/plots/multiseed/cifar10_multiseed_20260724_145839
Exit code: 1
/mnt/aiongpfs/users/dsen/micromamba/envs/cka-cifar/lib/python3.11/site-packages/torchvision/datasets/cifar.py:83: VisibleDeprecationWarning: dtype(): align should be passed as Python or NumPy boolean but got `align=0`. Did you mean to pass a tuple to create a subarray type? (Deprecated NumPy 2.4)
  entry = pickle.load(f, encoding="latin1")
/home/users/dsen/.local/lib/python3.11/site-packages/torch/cuda/__init__.py:371: UserWarning: Found GPU0 Tesla V100-SXM2-32GB which is of compute capability (CC) 7.0.
The following list shows the CCs this version of PyTorch was built for and the hardware CCs it supports:
- 7.5 which supports hardware CC >=7.5,<8.0
- 8.0 which supports hardware CC >=8.0,<9.0 except {8.7}
- 8.6 which supports hardware CC >=8.6,<9.0 except {8.7}
- 9.0 which supports hardware CC >=9.0,<10.0
- 10.0 which supports hardware CC >=10.0,<11.0 except {10.1}
- 12.0 which supports hardware CC >=12.0,<13.0
Please follow the instructions at https://pytorch.org/get-started/locally/ to install a PyTorch release that supports one of these CUDA versions: 12.6, 12.8
  _warn_unsupported_code(d, device_cc, code_ccs)
Traceback (most recent call last):
  File "<frozen runpy>", line 198, in _run_module_as_main
  File "<frozen runpy>", line 88, in _run_code
  File "/mnt/aiongpfs/users/dsen/cka-fed-dynamic-sparsity/src/train.py", line 386, in <module>
    main()
  File "/mnt/aiongpfs/users/dsen/cka-fed-dynamic-sparsity/src/train.py", line 376, in main
    history = run_experiment(config, paths)
              ^^^^^^^^^^^^^^^^^^^^^^^^^^^^^
  File "/mnt/aiongpfs/users/dsen/cka-fed-dynamic-sparsity/src/train.py", line 276, in run_experiment
    history = run_feddst(
              ^^^^^^^^^^^
  File "/mnt/aiongpfs/users/dsen/cka-fed-dynamic-sparsity/src/federated.py", line 361, in run_feddst
    apply_masks(global_model, masks)
  File "/mnt/aiongpfs/users/dsen/cka-fed-dynamic-sparsity/src/sparsity.py", line 73, in apply_masks
    param.mul_(masks[name].to(device=param.device, dtype=param.dtype))
torch.AcceleratorError: CUDA error: no kernel image is available for execution on the device
Search for `cudaErrorNoKernelImageForDevice' in https://docs.nvidia.com/cuda/cuda-runtime-api/group__CUDART__TYPES.html for more information.
CUDA kernel errors might be asynchronously reported at some other API call, so the stacktrace below might be incorrect.
For debugging consider passing CUDA_LAUNCH_BLOCKING=1
Compile with `TORCH_USE_CUDA_DSA` to enable device-side assertions.


FAILED COMMAND: /mnt/aiongpfs/users/dsen/micromamba/envs/cka-cifar/bin/python -m src.train --global-config configs/global_cifar10.yaml --config configs/feddst_mnist.yaml --seed 42 --sparsity 0.5 --log-dir results/logs/multiseed/cifar10_multiseed_20260724_145839/seed_42 --checkpoint-dir results/checkpoints/multiseed/cifar10_multiseed_20260724_145839/seed_42 --plot-dir results/plots/multiseed/cifar10_multiseed_20260724_145839
Exit code: 1
/mnt/aiongpfs/users/dsen/micromamba/envs/cka-cifar/lib/python3.11/site-packages/torchvision/datasets/cifar.py:83: VisibleDeprecationWarning: dtype(): align should be passed as Python or NumPy boolean but got `align=0`. Did you mean to pass a tuple to create a subarray type? (Deprecated NumPy 2.4)
  entry = pickle.load(f, encoding="latin1")
/home/users/dsen/.local/lib/python3.11/site-packages/torch/cuda/__init__.py:371: UserWarning: Found GPU0 Tesla V100-SXM2-32GB which is of compute capability (CC) 7.0.
The following list shows the CCs this version of PyTorch was built for and the hardware CCs it supports:
- 7.5 which supports hardware CC >=7.5,<8.0
- 8.0 which supports hardware CC >=8.0,<9.0 except {8.7}
- 8.6 which supports hardware CC >=8.6,<9.0 except {8.7}
- 9.0 which supports hardware CC >=9.0,<10.0
- 10.0 which supports hardware CC >=10.0,<11.0 except {10.1}
- 12.0 which supports hardware CC >=12.0,<13.0
Please follow the instructions at https://pytorch.org/get-started/locally/ to install a PyTorch release that supports one of these CUDA versions: 12.6, 12.8
  _warn_unsupported_code(d, device_cc, code_ccs)
Traceback (most recent call last):
  File "<frozen runpy>", line 198, in _run_module_as_main
  File "<frozen runpy>", line 88, in _run_code
  File "/mnt/aiongpfs/users/dsen/cka-fed-dynamic-sparsity/src/train.py", line 386, in <module>
    main()
  File "/mnt/aiongpfs/users/dsen/cka-fed-dynamic-sparsity/src/train.py", line 376, in main
    history = run_experiment(config, paths)
              ^^^^^^^^^^^^^^^^^^^^^^^^^^^^^
  File "/mnt/aiongpfs/users/dsen/cka-fed-dynamic-sparsity/src/train.py", line 289, in run_experiment
    history = run_cka_feddst(
              ^^^^^^^^^^^^^^^
  File "/mnt/aiongpfs/users/dsen/cka-fed-dynamic-sparsity/src/federated.py", line 485, in run_cka_feddst
    apply_masks(global_model, masks)
  File "/mnt/aiongpfs/users/dsen/cka-fed-dynamic-sparsity/src/sparsity.py", line 73, in apply_masks
    param.mul_(masks[name].to(device=param.device, dtype=param.dtype))
torch.AcceleratorError: CUDA error: no kernel image is available for execution on the device
Search for `cudaErrorNoKernelImageForDevice' in https://docs.nvidia.com/cuda/cuda-runtime-api/group__CUDART__TYPES.html for more information.
CUDA kernel errors might be asynchronously reported at some other API call, so the stacktrace below might be incorrect.
For debugging consider passing CUDA_LAUNCH_BLOCKING=1
Compile with `TORCH_USE_CUDA_DSA` to enable device-side assertions.


FAILED COMMAND: /mnt/aiongpfs/users/dsen/micromamba/envs/cka-cifar/bin/python -m src.train --global-config configs/global_cifar10.yaml --config configs/cka_feddst_mnist.yaml --seed 42 --sparsity 0.5 --log-dir results/logs/multiseed/cifar10_multiseed_20260724_145839/seed_42 --checkpoint-dir results/checkpoints/multiseed/cifar10_multiseed_20260724_145839/seed_42 --plot-dir results/plots/multiseed/cifar10_multiseed_20260724_145839
Exit code: 1
/mnt/aiongpfs/users/dsen/micromamba/envs/cka-cifar/lib/python3.11/site-packages/torchvision/datasets/cifar.py:83: VisibleDeprecationWarning: dtype(): align should be passed as Python or NumPy boolean but got `align=0`. Did you mean to pass a tuple to create a subarray type? (Deprecated NumPy 2.4)
  entry = pickle.load(f, encoding="latin1")
/home/users/dsen/.local/lib/python3.11/site-packages/torch/cuda/__init__.py:371: UserWarning: Found GPU0 Tesla V100-SXM2-32GB which is of compute capability (CC) 7.0.
The following list shows the CCs this version of PyTorch was built for and the hardware CCs it supports:
- 7.5 which supports hardware CC >=7.5,<8.0
- 8.0 which supports hardware CC >=8.0,<9.0 except {8.7}
- 8.6 which supports hardware CC >=8.6,<9.0 except {8.7}
- 9.0 which supports hardware CC >=9.0,<10.0
- 10.0 which supports hardware CC >=10.0,<11.0 except {10.1}
- 12.0 which supports hardware CC >=12.0,<13.0
Please follow the instructions at https://pytorch.org/get-started/locally/ to install a PyTorch release that supports one of these CUDA versions: 12.6, 12.8
  _warn_unsupported_code(d, device_cc, code_ccs)
Traceback (most recent call last):
  File "<frozen runpy>", line 198, in _run_module_as_main
  File "<frozen runpy>", line 88, in _run_code
  File "/mnt/aiongpfs/users/dsen/cka-fed-dynamic-sparsity/src/train.py", line 386, in <module>
    main()
  File "/mnt/aiongpfs/users/dsen/cka-fed-dynamic-sparsity/src/train.py", line 376, in main
    history = run_experiment(config, paths)
              ^^^^^^^^^^^^^^^^^^^^^^^^^^^^^
  File "/mnt/aiongpfs/users/dsen/cka-fed-dynamic-sparsity/src/train.py", line 264, in run_experiment
    history = run_sparse_fedavg(
              ^^^^^^^^^^^^^^^^^^
  File "/mnt/aiongpfs/users/dsen/cka-fed-dynamic-sparsity/src/federated.py", line 273, in run_sparse_fedavg
    apply_masks(global_model, masks)
  File "/mnt/aiongpfs/users/dsen/cka-fed-dynamic-sparsity/src/sparsity.py", line 73, in apply_masks
    param.mul_(masks[name].to(device=param.device, dtype=param.dtype))
torch.AcceleratorError: CUDA error: no kernel image is available for execution on the device
Search for `cudaErrorNoKernelImageForDevice' in https://docs.nvidia.com/cuda/cuda-runtime-api/group__CUDART__TYPES.html for more information.
CUDA kernel errors might be asynchronously reported at some other API call, so the stacktrace below might be incorrect.
For debugging consider passing CUDA_LAUNCH_BLOCKING=1
Compile with `TORCH_USE_CUDA_DSA` to enable device-side assertions.


FAILED COMMAND: /mnt/aiongpfs/users/dsen/micromamba/envs/cka-cifar/bin/python -m src.train --global-config configs/global_cifar10.yaml --config configs/sparse_fedavg_mnist.yaml --seed 42 --sparsity 0.7 --log-dir results/logs/multiseed/cifar10_multiseed_20260724_145839/seed_42 --checkpoint-dir results/checkpoints/multiseed/cifar10_multiseed_20260724_145839/seed_42 --plot-dir results/plots/multiseed/cifar10_multiseed_20260724_145839
Exit code: 1
/mnt/aiongpfs/users/dsen/micromamba/envs/cka-cifar/lib/python3.11/site-packages/torchvision/datasets/cifar.py:83: VisibleDeprecationWarning: dtype(): align should be passed as Python or NumPy boolean but got `align=0`. Did you mean to pass a tuple to create a subarray type? (Deprecated NumPy 2.4)
  entry = pickle.load(f, encoding="latin1")
/home/users/dsen/.local/lib/python3.11/site-packages/torch/cuda/__init__.py:371: UserWarning: Found GPU0 Tesla V100-SXM2-32GB which is of compute capability (CC) 7.0.
The following list shows the CCs this version of PyTorch was built for and the hardware CCs it supports:
- 7.5 which supports hardware CC >=7.5,<8.0
- 8.0 which supports hardware CC >=8.0,<9.0 except {8.7}
- 8.6 which supports hardware CC >=8.6,<9.0 except {8.7}
- 9.0 which supports hardware CC >=9.0,<10.0
- 10.0 which supports hardware CC >=10.0,<11.0 except {10.1}
- 12.0 which supports hardware CC >=12.0,<13.0
Please follow the instructions at https://pytorch.org/get-started/locally/ to install a PyTorch release that supports one of these CUDA versions: 12.6, 12.8
  _warn_unsupported_code(d, device_cc, code_ccs)
Traceback (most recent call last):
  File "<frozen runpy>", line 198, in _run_module_as_main
  File "<frozen runpy>", line 88, in _run_code
  File "/mnt/aiongpfs/users/dsen/cka-fed-dynamic-sparsity/src/train.py", line 386, in <module>
    main()
  File "/mnt/aiongpfs/users/dsen/cka-fed-dynamic-sparsity/src/train.py", line 376, in main
    history = run_experiment(config, paths)
              ^^^^^^^^^^^^^^^^^^^^^^^^^^^^^
  File "/mnt/aiongpfs/users/dsen/cka-fed-dynamic-sparsity/src/train.py", line 276, in run_experiment
    history = run_feddst(
              ^^^^^^^^^^^
  File "/mnt/aiongpfs/users/dsen/cka-fed-dynamic-sparsity/src/federated.py", line 361, in run_feddst
    apply_masks(global_model, masks)
  File "/mnt/aiongpfs/users/dsen/cka-fed-dynamic-sparsity/src/sparsity.py", line 73, in apply_masks
    param.mul_(masks[name].to(device=param.device, dtype=param.dtype))
torch.AcceleratorError: CUDA error: no kernel image is available for execution on the device
Search for `cudaErrorNoKernelImageForDevice' in https://docs.nvidia.com/cuda/cuda-runtime-api/group__CUDART__TYPES.html for more information.
CUDA kernel errors might be asynchronously reported at some other API call, so the stacktrace below might be incorrect.
For debugging consider passing CUDA_LAUNCH_BLOCKING=1
Compile with `TORCH_USE_CUDA_DSA` to enable device-side assertions.


FAILED COMMAND: /mnt/aiongpfs/users/dsen/micromamba/envs/cka-cifar/bin/python -m src.train --global-config configs/global_cifar10.yaml --config configs/feddst_mnist.yaml --seed 42 --sparsity 0.7 --log-dir results/logs/multiseed/cifar10_multiseed_20260724_145839/seed_42 --checkpoint-dir results/checkpoints/multiseed/cifar10_multiseed_20260724_145839/seed_42 --plot-dir results/plots/multiseed/cifar10_multiseed_20260724_145839
Exit code: 1
/mnt/aiongpfs/users/dsen/micromamba/envs/cka-cifar/lib/python3.11/site-packages/torchvision/datasets/cifar.py:83: VisibleDeprecationWarning: dtype(): align should be passed as Python or NumPy boolean but got `align=0`. Did you mean to pass a tuple to create a subarray type? (Deprecated NumPy 2.4)
  entry = pickle.load(f, encoding="latin1")
/home/users/dsen/.local/lib/python3.11/site-packages/torch/cuda/__init__.py:371: UserWarning: Found GPU0 Tesla V100-SXM2-32GB which is of compute capability (CC) 7.0.
The following list shows the CCs this version of PyTorch was built for and the hardware CCs it supports:
- 7.5 which supports hardware CC >=7.5,<8.0
- 8.0 which supports hardware CC >=8.0,<9.0 except {8.7}
- 8.6 which supports hardware CC >=8.6,<9.0 except {8.7}
- 9.0 which supports hardware CC >=9.0,<10.0
- 10.0 which supports hardware CC >=10.0,<11.0 except {10.1}
- 12.0 which supports hardware CC >=12.0,<13.0
Please follow the instructions at https://pytorch.org/get-started/locally/ to install a PyTorch release that supports one of these CUDA versions: 12.6, 12.8
  _warn_unsupported_code(d, device_cc, code_ccs)
Traceback (most recent call last):
  File "<frozen runpy>", line 198, in _run_module_as_main
  File "<frozen runpy>", line 88, in _run_code
  File "/mnt/aiongpfs/users/dsen/cka-fed-dynamic-sparsity/src/train.py", line 386, in <module>
    main()
  File "/mnt/aiongpfs/users/dsen/cka-fed-dynamic-sparsity/src/train.py", line 376, in main
    history = run_experiment(config, paths)
              ^^^^^^^^^^^^^^^^^^^^^^^^^^^^^
  File "/mnt/aiongpfs/users/dsen/cka-fed-dynamic-sparsity/src/train.py", line 289, in run_experiment
    history = run_cka_feddst(
              ^^^^^^^^^^^^^^^
  File "/mnt/aiongpfs/users/dsen/cka-fed-dynamic-sparsity/src/federated.py", line 485, in run_cka_feddst
    apply_masks(global_model, masks)
  File "/mnt/aiongpfs/users/dsen/cka-fed-dynamic-sparsity/src/sparsity.py", line 73, in apply_masks
    param.mul_(masks[name].to(device=param.device, dtype=param.dtype))
torch.AcceleratorError: CUDA error: no kernel image is available for execution on the device
Search for `cudaErrorNoKernelImageForDevice' in https://docs.nvidia.com/cuda/cuda-runtime-api/group__CUDART__TYPES.html for more information.
CUDA kernel errors might be asynchronously reported at some other API call, so the stacktrace below might be incorrect.
For debugging consider passing CUDA_LAUNCH_BLOCKING=1
Compile with `TORCH_USE_CUDA_DSA` to enable device-side assertions.


FAILED COMMAND: /mnt/aiongpfs/users/dsen/micromamba/envs/cka-cifar/bin/python -m src.train --global-config configs/global_cifar10.yaml --config configs/cka_feddst_mnist.yaml --seed 42 --sparsity 0.7 --log-dir results/logs/multiseed/cifar10_multiseed_20260724_145839/seed_42 --checkpoint-dir results/checkpoints/multiseed/cifar10_multiseed_20260724_145839/seed_42 --plot-dir results/plots/multiseed/cifar10_multiseed_20260724_145839
Exit code: 1
/mnt/aiongpfs/users/dsen/micromamba/envs/cka-cifar/lib/python3.11/site-packages/torchvision/datasets/cifar.py:83: VisibleDeprecationWarning: dtype(): align should be passed as Python or NumPy boolean but got `align=0`. Did you mean to pass a tuple to create a subarray type? (Deprecated NumPy 2.4)
  entry = pickle.load(f, encoding="latin1")
/home/users/dsen/.local/lib/python3.11/site-packages/torch/cuda/__init__.py:371: UserWarning: Found GPU0 Tesla V100-SXM2-32GB which is of compute capability (CC) 7.0.
The following list shows the CCs this version of PyTorch was built for and the hardware CCs it supports:
- 7.5 which supports hardware CC >=7.5,<8.0
- 8.0 which supports hardware CC >=8.0,<9.0 except {8.7}
- 8.6 which supports hardware CC >=8.6,<9.0 except {8.7}
- 9.0 which supports hardware CC >=9.0,<10.0
- 10.0 which supports hardware CC >=10.0,<11.0 except {10.1}
- 12.0 which supports hardware CC >=12.0,<13.0
Please follow the instructions at https://pytorch.org/get-started/locally/ to install a PyTorch release that supports one of these CUDA versions: 12.6, 12.8
  _warn_unsupported_code(d, device_cc, code_ccs)
Traceback (most recent call last):
  File "<frozen runpy>", line 198, in _run_module_as_main
  File "<frozen runpy>", line 88, in _run_code
  File "/mnt/aiongpfs/users/dsen/cka-fed-dynamic-sparsity/src/train.py", line 386, in <module>
    main()
  File "/mnt/aiongpfs/users/dsen/cka-fed-dynamic-sparsity/src/train.py", line 376, in main
    history = run_experiment(config, paths)
              ^^^^^^^^^^^^^^^^^^^^^^^^^^^^^
  File "/mnt/aiongpfs/users/dsen/cka-fed-dynamic-sparsity/src/train.py", line 264, in run_experiment
    history = run_sparse_fedavg(
              ^^^^^^^^^^^^^^^^^^
  File "/mnt/aiongpfs/users/dsen/cka-fed-dynamic-sparsity/src/federated.py", line 273, in run_sparse_fedavg
    apply_masks(global_model, masks)
  File "/mnt/aiongpfs/users/dsen/cka-fed-dynamic-sparsity/src/sparsity.py", line 73, in apply_masks
    param.mul_(masks[name].to(device=param.device, dtype=param.dtype))
torch.AcceleratorError: CUDA error: no kernel image is available for execution on the device
Search for `cudaErrorNoKernelImageForDevice' in https://docs.nvidia.com/cuda/cuda-runtime-api/group__CUDART__TYPES.html for more information.
CUDA kernel errors might be asynchronously reported at some other API call, so the stacktrace below might be incorrect.
For debugging consider passing CUDA_LAUNCH_BLOCKING=1
Compile with `TORCH_USE_CUDA_DSA` to enable device-side assertions.


FAILED COMMAND: /mnt/aiongpfs/users/dsen/micromamba/envs/cka-cifar/bin/python -m src.train --global-config configs/global_cifar10.yaml --config configs/sparse_fedavg_mnist.yaml --seed 42 --sparsity 0.8 --log-dir results/logs/multiseed/cifar10_multiseed_20260724_145839/seed_42 --checkpoint-dir results/checkpoints/multiseed/cifar10_multiseed_20260724_145839/seed_42 --plot-dir results/plots/multiseed/cifar10_multiseed_20260724_145839
Exit code: 1
/mnt/aiongpfs/users/dsen/micromamba/envs/cka-cifar/lib/python3.11/site-packages/torchvision/datasets/cifar.py:83: VisibleDeprecationWarning: dtype(): align should be passed as Python or NumPy boolean but got `align=0`. Did you mean to pass a tuple to create a subarray type? (Deprecated NumPy 2.4)
  entry = pickle.load(f, encoding="latin1")
/home/users/dsen/.local/lib/python3.11/site-packages/torch/cuda/__init__.py:371: UserWarning: Found GPU0 Tesla V100-SXM2-32GB which is of compute capability (CC) 7.0.
The following list shows the CCs this version of PyTorch was built for and the hardware CCs it supports:
- 7.5 which supports hardware CC >=7.5,<8.0
- 8.0 which supports hardware CC >=8.0,<9.0 except {8.7}
- 8.6 which supports hardware CC >=8.6,<9.0 except {8.7}
- 9.0 which supports hardware CC >=9.0,<10.0
- 10.0 which supports hardware CC >=10.0,<11.0 except {10.1}
- 12.0 which supports hardware CC >=12.0,<13.0
Please follow the instructions at https://pytorch.org/get-started/locally/ to install a PyTorch release that supports one of these CUDA versions: 12.6, 12.8
  _warn_unsupported_code(d, device_cc, code_ccs)
Traceback (most recent call last):
  File "<frozen runpy>", line 198, in _run_module_as_main
  File "<frozen runpy>", line 88, in _run_code
  File "/mnt/aiongpfs/users/dsen/cka-fed-dynamic-sparsity/src/train.py", line 386, in <module>
    main()
  File "/mnt/aiongpfs/users/dsen/cka-fed-dynamic-sparsity/src/train.py", line 376, in main
    history = run_experiment(config, paths)
              ^^^^^^^^^^^^^^^^^^^^^^^^^^^^^
  File "/mnt/aiongpfs/users/dsen/cka-fed-dynamic-sparsity/src/train.py", line 276, in run_experiment
    history = run_feddst(
              ^^^^^^^^^^^
  File "/mnt/aiongpfs/users/dsen/cka-fed-dynamic-sparsity/src/federated.py", line 361, in run_feddst
    apply_masks(global_model, masks)
  File "/mnt/aiongpfs/users/dsen/cka-fed-dynamic-sparsity/src/sparsity.py", line 73, in apply_masks
    param.mul_(masks[name].to(device=param.device, dtype=param.dtype))
torch.AcceleratorError: CUDA error: no kernel image is available for execution on the device
Search for `cudaErrorNoKernelImageForDevice' in https://docs.nvidia.com/cuda/cuda-runtime-api/group__CUDART__TYPES.html for more information.
CUDA kernel errors might be asynchronously reported at some other API call, so the stacktrace below might be incorrect.
For debugging consider passing CUDA_LAUNCH_BLOCKING=1
Compile with `TORCH_USE_CUDA_DSA` to enable device-side assertions.


FAILED COMMAND: /mnt/aiongpfs/users/dsen/micromamba/envs/cka-cifar/bin/python -m src.train --global-config configs/global_cifar10.yaml --config configs/feddst_mnist.yaml --seed 42 --sparsity 0.8 --log-dir results/logs/multiseed/cifar10_multiseed_20260724_145839/seed_42 --checkpoint-dir results/checkpoints/multiseed/cifar10_multiseed_20260724_145839/seed_42 --plot-dir results/plots/multiseed/cifar10_multiseed_20260724_145839
Exit code: 1
/mnt/aiongpfs/users/dsen/micromamba/envs/cka-cifar/lib/python3.11/site-packages/torchvision/datasets/cifar.py:83: VisibleDeprecationWarning: dtype(): align should be passed as Python or NumPy boolean but got `align=0`. Did you mean to pass a tuple to create a subarray type? (Deprecated NumPy 2.4)
  entry = pickle.load(f, encoding="latin1")
/home/users/dsen/.local/lib/python3.11/site-packages/torch/cuda/__init__.py:371: UserWarning: Found GPU0 Tesla V100-SXM2-32GB which is of compute capability (CC) 7.0.
The following list shows the CCs this version of PyTorch was built for and the hardware CCs it supports:
- 7.5 which supports hardware CC >=7.5,<8.0
- 8.0 which supports hardware CC >=8.0,<9.0 except {8.7}
- 8.6 which supports hardware CC >=8.6,<9.0 except {8.7}
- 9.0 which supports hardware CC >=9.0,<10.0
- 10.0 which supports hardware CC >=10.0,<11.0 except {10.1}
- 12.0 which supports hardware CC >=12.0,<13.0
Please follow the instructions at https://pytorch.org/get-started/locally/ to install a PyTorch release that supports one of these CUDA versions: 12.6, 12.8
  _warn_unsupported_code(d, device_cc, code_ccs)
Traceback (most recent call last):
  File "<frozen runpy>", line 198, in _run_module_as_main
  File "<frozen runpy>", line 88, in _run_code
  File "/mnt/aiongpfs/users/dsen/cka-fed-dynamic-sparsity/src/train.py", line 386, in <module>
    main()
  File "/mnt/aiongpfs/users/dsen/cka-fed-dynamic-sparsity/src/train.py", line 376, in main
    history = run_experiment(config, paths)
              ^^^^^^^^^^^^^^^^^^^^^^^^^^^^^
  File "/mnt/aiongpfs/users/dsen/cka-fed-dynamic-sparsity/src/train.py", line 289, in run_experiment
    history = run_cka_feddst(
              ^^^^^^^^^^^^^^^
  File "/mnt/aiongpfs/users/dsen/cka-fed-dynamic-sparsity/src/federated.py", line 485, in run_cka_feddst
    apply_masks(global_model, masks)
  File "/mnt/aiongpfs/users/dsen/cka-fed-dynamic-sparsity/src/sparsity.py", line 73, in apply_masks
    param.mul_(masks[name].to(device=param.device, dtype=param.dtype))
torch.AcceleratorError: CUDA error: no kernel image is available for execution on the device
Search for `cudaErrorNoKernelImageForDevice' in https://docs.nvidia.com/cuda/cuda-runtime-api/group__CUDART__TYPES.html for more information.
CUDA kernel errors might be asynchronously reported at some other API call, so the stacktrace below might be incorrect.
For debugging consider passing CUDA_LAUNCH_BLOCKING=1
Compile with `TORCH_USE_CUDA_DSA` to enable device-side assertions.


FAILED COMMAND: /mnt/aiongpfs/users/dsen/micromamba/envs/cka-cifar/bin/python -m src.train --global-config configs/global_cifar10.yaml --config configs/cka_feddst_mnist.yaml --seed 42 --sparsity 0.8 --log-dir results/logs/multiseed/cifar10_multiseed_20260724_145839/seed_42 --checkpoint-dir results/checkpoints/multiseed/cifar10_multiseed_20260724_145839/seed_42 --plot-dir results/plots/multiseed/cifar10_multiseed_20260724_145839
Exit code: 1
/mnt/aiongpfs/users/dsen/micromamba/envs/cka-cifar/lib/python3.11/site-packages/torchvision/datasets/cifar.py:83: VisibleDeprecationWarning: dtype(): align should be passed as Python or NumPy boolean but got `align=0`. Did you mean to pass a tuple to create a subarray type? (Deprecated NumPy 2.4)
  entry = pickle.load(f, encoding="latin1")
/home/users/dsen/.local/lib/python3.11/site-packages/torch/cuda/__init__.py:371: UserWarning: Found GPU0 Tesla V100-SXM2-32GB which is of compute capability (CC) 7.0.
The following list shows the CCs this version of PyTorch was built for and the hardware CCs it supports:
- 7.5 which supports hardware CC >=7.5,<8.0
- 8.0 which supports hardware CC >=8.0,<9.0 except {8.7}
- 8.6 which supports hardware CC >=8.6,<9.0 except {8.7}
- 9.0 which supports hardware CC >=9.0,<10.0
- 10.0 which supports hardware CC >=10.0,<11.0 except {10.1}
- 12.0 which supports hardware CC >=12.0,<13.0
Please follow the instructions at https://pytorch.org/get-started/locally/ to install a PyTorch release that supports one of these CUDA versions: 12.6, 12.8
  _warn_unsupported_code(d, device_cc, code_ccs)
Traceback (most recent call last):
  File "<frozen runpy>", line 198, in _run_module_as_main
  File "<frozen runpy>", line 88, in _run_code
  File "/mnt/aiongpfs/users/dsen/cka-fed-dynamic-sparsity/src/train.py", line 386, in <module>
    main()
  File "/mnt/aiongpfs/users/dsen/cka-fed-dynamic-sparsity/src/train.py", line 376, in main
    history = run_experiment(config, paths)
              ^^^^^^^^^^^^^^^^^^^^^^^^^^^^^
  File "/mnt/aiongpfs/users/dsen/cka-fed-dynamic-sparsity/src/train.py", line 264, in run_experiment
    history = run_sparse_fedavg(
              ^^^^^^^^^^^^^^^^^^
  File "/mnt/aiongpfs/users/dsen/cka-fed-dynamic-sparsity/src/federated.py", line 273, in run_sparse_fedavg
    apply_masks(global_model, masks)
  File "/mnt/aiongpfs/users/dsen/cka-fed-dynamic-sparsity/src/sparsity.py", line 73, in apply_masks
    param.mul_(masks[name].to(device=param.device, dtype=param.dtype))
torch.AcceleratorError: CUDA error: no kernel image is available for execution on the device
Search for `cudaErrorNoKernelImageForDevice' in https://docs.nvidia.com/cuda/cuda-runtime-api/group__CUDART__TYPES.html for more information.
CUDA kernel errors might be asynchronously reported at some other API call, so the stacktrace below might be incorrect.
For debugging consider passing CUDA_LAUNCH_BLOCKING=1
Compile with `TORCH_USE_CUDA_DSA` to enable device-side assertions.


FAILED COMMAND: /mnt/aiongpfs/users/dsen/micromamba/envs/cka-cifar/bin/python -m src.train --global-config configs/global_cifar10.yaml --config configs/sparse_fedavg_mnist.yaml --seed 42 --sparsity 0.9 --log-dir results/logs/multiseed/cifar10_multiseed_20260724_145839/seed_42 --checkpoint-dir results/checkpoints/multiseed/cifar10_multiseed_20260724_145839/seed_42 --plot-dir results/plots/multiseed/cifar10_multiseed_20260724_145839
Exit code: 1
/mnt/aiongpfs/users/dsen/micromamba/envs/cka-cifar/lib/python3.11/site-packages/torchvision/datasets/cifar.py:83: VisibleDeprecationWarning: dtype(): align should be passed as Python or NumPy boolean but got `align=0`. Did you mean to pass a tuple to create a subarray type? (Deprecated NumPy 2.4)
  entry = pickle.load(f, encoding="latin1")
/home/users/dsen/.local/lib/python3.11/site-packages/torch/cuda/__init__.py:371: UserWarning: Found GPU0 Tesla V100-SXM2-32GB which is of compute capability (CC) 7.0.
The following list shows the CCs this version of PyTorch was built for and the hardware CCs it supports:
- 7.5 which supports hardware CC >=7.5,<8.0
- 8.0 which supports hardware CC >=8.0,<9.0 except {8.7}
- 8.6 which supports hardware CC >=8.6,<9.0 except {8.7}
- 9.0 which supports hardware CC >=9.0,<10.0
- 10.0 which supports hardware CC >=10.0,<11.0 except {10.1}
- 12.0 which supports hardware CC >=12.0,<13.0
Please follow the instructions at https://pytorch.org/get-started/locally/ to install a PyTorch release that supports one of these CUDA versions: 12.6, 12.8
  _warn_unsupported_code(d, device_cc, code_ccs)
Traceback (most recent call last):
  File "<frozen runpy>", line 198, in _run_module_as_main
  File "<frozen runpy>", line 88, in _run_code
  File "/mnt/aiongpfs/users/dsen/cka-fed-dynamic-sparsity/src/train.py", line 386, in <module>
    main()
  File "/mnt/aiongpfs/users/dsen/cka-fed-dynamic-sparsity/src/train.py", line 376, in main
    history = run_experiment(config, paths)
              ^^^^^^^^^^^^^^^^^^^^^^^^^^^^^
  File "/mnt/aiongpfs/users/dsen/cka-fed-dynamic-sparsity/src/train.py", line 276, in run_experiment
    history = run_feddst(
              ^^^^^^^^^^^
  File "/mnt/aiongpfs/users/dsen/cka-fed-dynamic-sparsity/src/federated.py", line 361, in run_feddst
    apply_masks(global_model, masks)
  File "/mnt/aiongpfs/users/dsen/cka-fed-dynamic-sparsity/src/sparsity.py", line 73, in apply_masks
    param.mul_(masks[name].to(device=param.device, dtype=param.dtype))
torch.AcceleratorError: CUDA error: no kernel image is available for execution on the device
Search for `cudaErrorNoKernelImageForDevice' in https://docs.nvidia.com/cuda/cuda-runtime-api/group__CUDART__TYPES.html for more information.
CUDA kernel errors might be asynchronously reported at some other API call, so the stacktrace below might be incorrect.
For debugging consider passing CUDA_LAUNCH_BLOCKING=1
Compile with `TORCH_USE_CUDA_DSA` to enable device-side assertions.


FAILED COMMAND: /mnt/aiongpfs/users/dsen/micromamba/envs/cka-cifar/bin/python -m src.train --global-config configs/global_cifar10.yaml --config configs/feddst_mnist.yaml --seed 42 --sparsity 0.9 --log-dir results/logs/multiseed/cifar10_multiseed_20260724_145839/seed_42 --checkpoint-dir results/checkpoints/multiseed/cifar10_multiseed_20260724_145839/seed_42 --plot-dir results/plots/multiseed/cifar10_multiseed_20260724_145839
Exit code: 1
/mnt/aiongpfs/users/dsen/micromamba/envs/cka-cifar/lib/python3.11/site-packages/torchvision/datasets/cifar.py:83: VisibleDeprecationWarning: dtype(): align should be passed as Python or NumPy boolean but got `align=0`. Did you mean to pass a tuple to create a subarray type? (Deprecated NumPy 2.4)
  entry = pickle.load(f, encoding="latin1")
/home/users/dsen/.local/lib/python3.11/site-packages/torch/cuda/__init__.py:371: UserWarning: Found GPU0 Tesla V100-SXM2-32GB which is of compute capability (CC) 7.0.
The following list shows the CCs this version of PyTorch was built for and the hardware CCs it supports:
- 7.5 which supports hardware CC >=7.5,<8.0
- 8.0 which supports hardware CC >=8.0,<9.0 except {8.7}
- 8.6 which supports hardware CC >=8.6,<9.0 except {8.7}
- 9.0 which supports hardware CC >=9.0,<10.0
- 10.0 which supports hardware CC >=10.0,<11.0 except {10.1}
- 12.0 which supports hardware CC >=12.0,<13.0
Please follow the instructions at https://pytorch.org/get-started/locally/ to install a PyTorch release that supports one of these CUDA versions: 12.6, 12.8
  _warn_unsupported_code(d, device_cc, code_ccs)
Traceback (most recent call last):
  File "<frozen runpy>", line 198, in _run_module_as_main
  File "<frozen runpy>", line 88, in _run_code
  File "/mnt/aiongpfs/users/dsen/cka-fed-dynamic-sparsity/src/train.py", line 386, in <module>
    main()
  File "/mnt/aiongpfs/users/dsen/cka-fed-dynamic-sparsity/src/train.py", line 376, in main
    history = run_experiment(config, paths)
              ^^^^^^^^^^^^^^^^^^^^^^^^^^^^^
  File "/mnt/aiongpfs/users/dsen/cka-fed-dynamic-sparsity/src/train.py", line 289, in run_experiment
    history = run_cka_feddst(
              ^^^^^^^^^^^^^^^
  File "/mnt/aiongpfs/users/dsen/cka-fed-dynamic-sparsity/src/federated.py", line 485, in run_cka_feddst
    apply_masks(global_model, masks)
  File "/mnt/aiongpfs/users/dsen/cka-fed-dynamic-sparsity/src/sparsity.py", line 73, in apply_masks
    param.mul_(masks[name].to(device=param.device, dtype=param.dtype))
torch.AcceleratorError: CUDA error: no kernel image is available for execution on the device
Search for `cudaErrorNoKernelImageForDevice' in https://docs.nvidia.com/cuda/cuda-runtime-api/group__CUDART__TYPES.html for more information.
CUDA kernel errors might be asynchronously reported at some other API call, so the stacktrace below might be incorrect.
For debugging consider passing CUDA_LAUNCH_BLOCKING=1
Compile with `TORCH_USE_CUDA_DSA` to enable device-side assertions.


FAILED COMMAND: /mnt/aiongpfs/users/dsen/micromamba/envs/cka-cifar/bin/python -m src.train --global-config configs/global_cifar10.yaml --config configs/cka_feddst_mnist.yaml --seed 42 --sparsity 0.9 --log-dir results/logs/multiseed/cifar10_multiseed_20260724_145839/seed_42 --checkpoint-dir results/checkpoints/multiseed/cifar10_multiseed_20260724_145839/seed_42 --plot-dir results/plots/multiseed/cifar10_multiseed_20260724_145839
Exit code: 1
/mnt/aiongpfs/users/dsen/micromamba/envs/cka-cifar/lib/python3.11/site-packages/torchvision/datasets/cifar.py:83: VisibleDeprecationWarning: dtype(): align should be passed as Python or NumPy boolean but got `align=0`. Did you mean to pass a tuple to create a subarray type? (Deprecated NumPy 2.4)
  entry = pickle.load(f, encoding="latin1")
/home/users/dsen/.local/lib/python3.11/site-packages/torch/cuda/__init__.py:371: UserWarning: Found GPU0 Tesla V100-SXM2-32GB which is of compute capability (CC) 7.0.
The following list shows the CCs this version of PyTorch was built for and the hardware CCs it supports:
- 7.5 which supports hardware CC >=7.5,<8.0
- 8.0 which supports hardware CC >=8.0,<9.0 except {8.7}
- 8.6 which supports hardware CC >=8.6,<9.0 except {8.7}
- 9.0 which supports hardware CC >=9.0,<10.0
- 10.0 which supports hardware CC >=10.0,<11.0 except {10.1}
- 12.0 which supports hardware CC >=12.0,<13.0
Please follow the instructions at https://pytorch.org/get-started/locally/ to install a PyTorch release that supports one of these CUDA versions: 12.6, 12.8
  _warn_unsupported_code(d, device_cc, code_ccs)
Traceback (most recent call last):
  File "<frozen runpy>", line 198, in _run_module_as_main
  File "<frozen runpy>", line 88, in _run_code
  File "/mnt/aiongpfs/users/dsen/cka-fed-dynamic-sparsity/src/train.py", line 386, in <module>
    main()
  File "/mnt/aiongpfs/users/dsen/cka-fed-dynamic-sparsity/src/train.py", line 376, in main
    history = run_experiment(config, paths)
              ^^^^^^^^^^^^^^^^^^^^^^^^^^^^^
  File "/mnt/aiongpfs/users/dsen/cka-fed-dynamic-sparsity/src/train.py", line 264, in run_experiment
    history = run_sparse_fedavg(
              ^^^^^^^^^^^^^^^^^^
  File "/mnt/aiongpfs/users/dsen/cka-fed-dynamic-sparsity/src/federated.py", line 273, in run_sparse_fedavg
    apply_masks(global_model, masks)
  File "/mnt/aiongpfs/users/dsen/cka-fed-dynamic-sparsity/src/sparsity.py", line 73, in apply_masks
    param.mul_(masks[name].to(device=param.device, dtype=param.dtype))
torch.AcceleratorError: CUDA error: no kernel image is available for execution on the device
Search for `cudaErrorNoKernelImageForDevice' in https://docs.nvidia.com/cuda/cuda-runtime-api/group__CUDART__TYPES.html for more information.
CUDA kernel errors might be asynchronously reported at some other API call, so the stacktrace below might be incorrect.
For debugging consider passing CUDA_LAUNCH_BLOCKING=1
Compile with `TORCH_USE_CUDA_DSA` to enable device-side assertions.


FAILED COMMAND: /mnt/aiongpfs/users/dsen/micromamba/envs/cka-cifar/bin/python -m src.train --global-config configs/global_cifar10.yaml --config configs/sparse_fedavg_mnist.yaml --seed 42 --sparsity 0.95 --log-dir results/logs/multiseed/cifar10_multiseed_20260724_145839/seed_42 --checkpoint-dir results/checkpoints/multiseed/cifar10_multiseed_20260724_145839/seed_42 --plot-dir results/plots/multiseed/cifar10_multiseed_20260724_145839
Exit code: 1
/mnt/aiongpfs/users/dsen/micromamba/envs/cka-cifar/lib/python3.11/site-packages/torchvision/datasets/cifar.py:83: VisibleDeprecationWarning: dtype(): align should be passed as Python or NumPy boolean but got `align=0`. Did you mean to pass a tuple to create a subarray type? (Deprecated NumPy 2.4)
  entry = pickle.load(f, encoding="latin1")
/home/users/dsen/.local/lib/python3.11/site-packages/torch/cuda/__init__.py:371: UserWarning: Found GPU0 Tesla V100-SXM2-32GB which is of compute capability (CC) 7.0.
The following list shows the CCs this version of PyTorch was built for and the hardware CCs it supports:
- 7.5 which supports hardware CC >=7.5,<8.0
- 8.0 which supports hardware CC >=8.0,<9.0 except {8.7}
- 8.6 which supports hardware CC >=8.6,<9.0 except {8.7}
- 9.0 which supports hardware CC >=9.0,<10.0
- 10.0 which supports hardware CC >=10.0,<11.0 except {10.1}
- 12.0 which supports hardware CC >=12.0,<13.0
Please follow the instructions at https://pytorch.org/get-started/locally/ to install a PyTorch release that supports one of these CUDA versions: 12.6, 12.8
  _warn_unsupported_code(d, device_cc, code_ccs)
Traceback (most recent call last):
  File "<frozen runpy>", line 198, in _run_module_as_main
  File "<frozen runpy>", line 88, in _run_code
  File "/mnt/aiongpfs/users/dsen/cka-fed-dynamic-sparsity/src/train.py", line 386, in <module>
    main()
  File "/mnt/aiongpfs/users/dsen/cka-fed-dynamic-sparsity/src/train.py", line 376, in main
    history = run_experiment(config, paths)
              ^^^^^^^^^^^^^^^^^^^^^^^^^^^^^
  File "/mnt/aiongpfs/users/dsen/cka-fed-dynamic-sparsity/src/train.py", line 276, in run_experiment
    history = run_feddst(
              ^^^^^^^^^^^
  File "/mnt/aiongpfs/users/dsen/cka-fed-dynamic-sparsity/src/federated.py", line 361, in run_feddst
    apply_masks(global_model, masks)
  File "/mnt/aiongpfs/users/dsen/cka-fed-dynamic-sparsity/src/sparsity.py", line 73, in apply_masks
    param.mul_(masks[name].to(device=param.device, dtype=param.dtype))
torch.AcceleratorError: CUDA error: no kernel image is available for execution on the device
Search for `cudaErrorNoKernelImageForDevice' in https://docs.nvidia.com/cuda/cuda-runtime-api/group__CUDART__TYPES.html for more information.
CUDA kernel errors might be asynchronously reported at some other API call, so the stacktrace below might be incorrect.
For debugging consider passing CUDA_LAUNCH_BLOCKING=1
Compile with `TORCH_USE_CUDA_DSA` to enable device-side assertions.


FAILED COMMAND: /mnt/aiongpfs/users/dsen/micromamba/envs/cka-cifar/bin/python -m src.train --global-config configs/global_cifar10.yaml --config configs/feddst_mnist.yaml --seed 42 --sparsity 0.95 --log-dir results/logs/multiseed/cifar10_multiseed_20260724_145839/seed_42 --checkpoint-dir results/checkpoints/multiseed/cifar10_multiseed_20260724_145839/seed_42 --plot-dir results/plots/multiseed/cifar10_multiseed_20260724_145839
Exit code: 1
/mnt/aiongpfs/users/dsen/micromamba/envs/cka-cifar/lib/python3.11/site-packages/torchvision/datasets/cifar.py:83: VisibleDeprecationWarning: dtype(): align should be passed as Python or NumPy boolean but got `align=0`. Did you mean to pass a tuple to create a subarray type? (Deprecated NumPy 2.4)
  entry = pickle.load(f, encoding="latin1")
/home/users/dsen/.local/lib/python3.11/site-packages/torch/cuda/__init__.py:371: UserWarning: Found GPU0 Tesla V100-SXM2-32GB which is of compute capability (CC) 7.0.
The following list shows the CCs this version of PyTorch was built for and the hardware CCs it supports:
- 7.5 which supports hardware CC >=7.5,<8.0
- 8.0 which supports hardware CC >=8.0,<9.0 except {8.7}
- 8.6 which supports hardware CC >=8.6,<9.0 except {8.7}
- 9.0 which supports hardware CC >=9.0,<10.0
- 10.0 which supports hardware CC >=10.0,<11.0 except {10.1}
- 12.0 which supports hardware CC >=12.0,<13.0
Please follow the instructions at https://pytorch.org/get-started/locally/ to install a PyTorch release that supports one of these CUDA versions: 12.6, 12.8
  _warn_unsupported_code(d, device_cc, code_ccs)
Traceback (most recent call last):
  File "<frozen runpy>", line 198, in _run_module_as_main
  File "<frozen runpy>", line 88, in _run_code
  File "/mnt/aiongpfs/users/dsen/cka-fed-dynamic-sparsity/src/train.py", line 386, in <module>
    main()
  File "/mnt/aiongpfs/users/dsen/cka-fed-dynamic-sparsity/src/train.py", line 376, in main
    history = run_experiment(config, paths)
              ^^^^^^^^^^^^^^^^^^^^^^^^^^^^^
  File "/mnt/aiongpfs/users/dsen/cka-fed-dynamic-sparsity/src/train.py", line 289, in run_experiment
    history = run_cka_feddst(
              ^^^^^^^^^^^^^^^
  File "/mnt/aiongpfs/users/dsen/cka-fed-dynamic-sparsity/src/federated.py", line 485, in run_cka_feddst
    apply_masks(global_model, masks)
  File "/mnt/aiongpfs/users/dsen/cka-fed-dynamic-sparsity/src/sparsity.py", line 73, in apply_masks
    param.mul_(masks[name].to(device=param.device, dtype=param.dtype))
torch.AcceleratorError: CUDA error: no kernel image is available for execution on the device
Search for `cudaErrorNoKernelImageForDevice' in https://docs.nvidia.com/cuda/cuda-runtime-api/group__CUDART__TYPES.html for more information.
CUDA kernel errors might be asynchronously reported at some other API call, so the stacktrace below might be incorrect.
For debugging consider passing CUDA_LAUNCH_BLOCKING=1
Compile with `TORCH_USE_CUDA_DSA` to enable device-side assertions.


FAILED COMMAND: /mnt/aiongpfs/users/dsen/micromamba/envs/cka-cifar/bin/python -m src.train --global-config configs/global_cifar10.yaml --config configs/cka_feddst_mnist.yaml --seed 42 --sparsity 0.95 --log-dir results/logs/multiseed/cifar10_multiseed_20260724_145839/seed_42 --checkpoint-dir results/checkpoints/multiseed/cifar10_multiseed_20260724_145839/seed_42 --plot-dir results/plots/multiseed/cifar10_multiseed_20260724_145839
Exit code: 1
/mnt/aiongpfs/users/dsen/micromamba/envs/cka-cifar/lib/python3.11/site-packages/torchvision/datasets/cifar.py:83: VisibleDeprecationWarning: dtype(): align should be passed as Python or NumPy boolean but got `align=0`. Did you mean to pass a tuple to create a subarray type? (Deprecated NumPy 2.4)
  entry = pickle.load(f, encoding="latin1")
/home/users/dsen/.local/lib/python3.11/site-packages/torch/cuda/__init__.py:371: UserWarning: Found GPU0 Tesla V100-SXM2-32GB which is of compute capability (CC) 7.0.
The following list shows the CCs this version of PyTorch was built for and the hardware CCs it supports:
- 7.5 which supports hardware CC >=7.5,<8.0
- 8.0 which supports hardware CC >=8.0,<9.0 except {8.7}
- 8.6 which supports hardware CC >=8.6,<9.0 except {8.7}
- 9.0 which supports hardware CC >=9.0,<10.0
- 10.0 which supports hardware CC >=10.0,<11.0 except {10.1}
- 12.0 which supports hardware CC >=12.0,<13.0
Please follow the instructions at https://pytorch.org/get-started/locally/ to install a PyTorch release that supports one of these CUDA versions: 12.6, 12.8
  _warn_unsupported_code(d, device_cc, code_ccs)
Traceback (most recent call last):
  File "<frozen runpy>", line 198, in _run_module_as_main
  File "<frozen runpy>", line 88, in _run_code
  File "/mnt/aiongpfs/users/dsen/cka-fed-dynamic-sparsity/src/train.py", line 386, in <module>
    main()
  File "/mnt/aiongpfs/users/dsen/cka-fed-dynamic-sparsity/src/train.py", line 376, in main
    history = run_experiment(config, paths)
              ^^^^^^^^^^^^^^^^^^^^^^^^^^^^^
  File "/mnt/aiongpfs/users/dsen/cka-fed-dynamic-sparsity/src/train.py", line 253, in run_experiment
    history = run_fedavg(
              ^^^^^^^^^^^
  File "/mnt/aiongpfs/users/dsen/cka-fed-dynamic-sparsity/src/federated.py", line 210, in run_fedavg
    round_result = run_federated_round(
                   ^^^^^^^^^^^^^^^^^^^^
  File "/mnt/aiongpfs/users/dsen/cka-fed-dynamic-sparsity/src/federated.py", line 150, in run_federated_round
    client_updates = [
                     ^
  File "/mnt/aiongpfs/users/dsen/cka-fed-dynamic-sparsity/src/federated.py", line 151, in <listcomp>
    train_client(
  File "/mnt/aiongpfs/users/dsen/cka-fed-dynamic-sparsity/src/federated.py", line 71, in train_client
    logits = client_model(images)
             ^^^^^^^^^^^^^^^^^^^^
  File "/home/users/dsen/.local/lib/python3.11/site-packages/torch/nn/modules/module.py", line 1779, in _wrapped_call_impl
    return self._call_impl(*args, **kwargs)
           ^^^^^^^^^^^^^^^^^^^^^^^^^^^^^^^^
  File "/home/users/dsen/.local/lib/python3.11/site-packages/torch/nn/modules/module.py", line 1790, in _call_impl
    return forward_call(*args, **kwargs)
           ^^^^^^^^^^^^^^^^^^^^^^^^^^^^^
  File "/mnt/aiongpfs/users/dsen/cka-fed-dynamic-sparsity/src/models.py", line 108, in forward
    x = F.relu(self.conv1(x))
               ^^^^^^^^^^^^^
  File "/home/users/dsen/.local/lib/python3.11/site-packages/torch/nn/modules/module.py", line 1779, in _wrapped_call_impl
    return self._call_impl(*args, **kwargs)
           ^^^^^^^^^^^^^^^^^^^^^^^^^^^^^^^^
  File "/home/users/dsen/.local/lib/python3.11/site-packages/torch/nn/modules/module.py", line 1790, in _call_impl
    return forward_call(*args, **kwargs)
           ^^^^^^^^^^^^^^^^^^^^^^^^^^^^^
  File "/home/users/dsen/.local/lib/python3.11/site-packages/torch/nn/modules/conv.py", line 553, in forward
    return self._conv_forward(input, self.weight, self.bias)
           ^^^^^^^^^^^^^^^^^^^^^^^^^^^^^^^^^^^^^^^^^^^^^^^^^
  File "/home/users/dsen/.local/lib/python3.11/site-packages/torch/nn/modules/conv.py", line 548, in _conv_forward
    return F.conv2d(
           ^^^^^^^^^
RuntimeError: GET was unable to find an engine to execute this computation

FAILED COMMAND: /mnt/aiongpfs/users/dsen/micromamba/envs/cka-cifar/bin/python -m src.train --global-config configs/global_cifar10.yaml --config configs/fedavg_mnist.yaml --seed 7 --log-dir results/logs/multiseed/cifar10_multiseed_20260724_145839/seed_7 --checkpoint-dir results/checkpoints/multiseed/cifar10_multiseed_20260724_145839/seed_7 --plot-dir results/plots/multiseed/cifar10_multiseed_20260724_145839
Exit code: 1
/mnt/aiongpfs/users/dsen/micromamba/envs/cka-cifar/lib/python3.11/site-packages/torchvision/datasets/cifar.py:83: VisibleDeprecationWarning: dtype(): align should be passed as Python or NumPy boolean but got `align=0`. Did you mean to pass a tuple to create a subarray type? (Deprecated NumPy 2.4)
  entry = pickle.load(f, encoding="latin1")
/home/users/dsen/.local/lib/python3.11/site-packages/torch/cuda/__init__.py:371: UserWarning: Found GPU0 Tesla V100-SXM2-32GB which is of compute capability (CC) 7.0.
The following list shows the CCs this version of PyTorch was built for and the hardware CCs it supports:
- 7.5 which supports hardware CC >=7.5,<8.0
- 8.0 which supports hardware CC >=8.0,<9.0 except {8.7}
- 8.6 which supports hardware CC >=8.6,<9.0 except {8.7}
- 9.0 which supports hardware CC >=9.0,<10.0
- 10.0 which supports hardware CC >=10.0,<11.0 except {10.1}
- 12.0 which supports hardware CC >=12.0,<13.0
Please follow the instructions at https://pytorch.org/get-started/locally/ to install a PyTorch release that supports one of these CUDA versions: 12.6, 12.8
  _warn_unsupported_code(d, device_cc, code_ccs)
Traceback (most recent call last):
  File "<frozen runpy>", line 198, in _run_module_as_main
  File "<frozen runpy>", line 88, in _run_code
  File "/mnt/aiongpfs/users/dsen/cka-fed-dynamic-sparsity/src/train.py", line 386, in <module>
    main()
  File "/mnt/aiongpfs/users/dsen/cka-fed-dynamic-sparsity/src/train.py", line 376, in main
    history = run_experiment(config, paths)
              ^^^^^^^^^^^^^^^^^^^^^^^^^^^^^
  File "/mnt/aiongpfs/users/dsen/cka-fed-dynamic-sparsity/src/train.py", line 264, in run_experiment
    history = run_sparse_fedavg(
              ^^^^^^^^^^^^^^^^^^
  File "/mnt/aiongpfs/users/dsen/cka-fed-dynamic-sparsity/src/federated.py", line 273, in run_sparse_fedavg
    apply_masks(global_model, masks)
  File "/mnt/aiongpfs/users/dsen/cka-fed-dynamic-sparsity/src/sparsity.py", line 73, in apply_masks
    param.mul_(masks[name].to(device=param.device, dtype=param.dtype))
torch.AcceleratorError: CUDA error: no kernel image is available for execution on the device
Search for `cudaErrorNoKernelImageForDevice' in https://docs.nvidia.com/cuda/cuda-runtime-api/group__CUDART__TYPES.html for more information.
CUDA kernel errors might be asynchronously reported at some other API call, so the stacktrace below might be incorrect.
For debugging consider passing CUDA_LAUNCH_BLOCKING=1
Compile with `TORCH_USE_CUDA_DSA` to enable device-side assertions.


FAILED COMMAND: /mnt/aiongpfs/users/dsen/micromamba/envs/cka-cifar/bin/python -m src.train --global-config configs/global_cifar10.yaml --config configs/sparse_fedavg_mnist.yaml --seed 7 --sparsity 0.5 --log-dir results/logs/multiseed/cifar10_multiseed_20260724_145839/seed_7 --checkpoint-dir results/checkpoints/multiseed/cifar10_multiseed_20260724_145839/seed_7 --plot-dir results/plots/multiseed/cifar10_multiseed_20260724_145839
Exit code: 1
/mnt/aiongpfs/users/dsen/micromamba/envs/cka-cifar/lib/python3.11/site-packages/torchvision/datasets/cifar.py:83: VisibleDeprecationWarning: dtype(): align should be passed as Python or NumPy boolean but got `align=0`. Did you mean to pass a tuple to create a subarray type? (Deprecated NumPy 2.4)
  entry = pickle.load(f, encoding="latin1")
/home/users/dsen/.local/lib/python3.11/site-packages/torch/cuda/__init__.py:371: UserWarning: Found GPU0 Tesla V100-SXM2-32GB which is of compute capability (CC) 7.0.
The following list shows the CCs this version of PyTorch was built for and the hardware CCs it supports:
- 7.5 which supports hardware CC >=7.5,<8.0
- 8.0 which supports hardware CC >=8.0,<9.0 except {8.7}
- 8.6 which supports hardware CC >=8.6,<9.0 except {8.7}
- 9.0 which supports hardware CC >=9.0,<10.0
- 10.0 which supports hardware CC >=10.0,<11.0 except {10.1}
- 12.0 which supports hardware CC >=12.0,<13.0
Please follow the instructions at https://pytorch.org/get-started/locally/ to install a PyTorch release that supports one of these CUDA versions: 12.6, 12.8
  _warn_unsupported_code(d, device_cc, code_ccs)
Traceback (most recent call last):
  File "<frozen runpy>", line 198, in _run_module_as_main
  File "<frozen runpy>", line 88, in _run_code
  File "/mnt/aiongpfs/users/dsen/cka-fed-dynamic-sparsity/src/train.py", line 386, in <module>
    main()
  File "/mnt/aiongpfs/users/dsen/cka-fed-dynamic-sparsity/src/train.py", line 376, in main
    history = run_experiment(config, paths)
              ^^^^^^^^^^^^^^^^^^^^^^^^^^^^^
  File "/mnt/aiongpfs/users/dsen/cka-fed-dynamic-sparsity/src/train.py", line 276, in run_experiment
    history = run_feddst(
              ^^^^^^^^^^^
  File "/mnt/aiongpfs/users/dsen/cka-fed-dynamic-sparsity/src/federated.py", line 361, in run_feddst
    apply_masks(global_model, masks)
  File "/mnt/aiongpfs/users/dsen/cka-fed-dynamic-sparsity/src/sparsity.py", line 73, in apply_masks
    param.mul_(masks[name].to(device=param.device, dtype=param.dtype))
torch.AcceleratorError: CUDA error: no kernel image is available for execution on the device
Search for `cudaErrorNoKernelImageForDevice' in https://docs.nvidia.com/cuda/cuda-runtime-api/group__CUDART__TYPES.html for more information.
CUDA kernel errors might be asynchronously reported at some other API call, so the stacktrace below might be incorrect.
For debugging consider passing CUDA_LAUNCH_BLOCKING=1
Compile with `TORCH_USE_CUDA_DSA` to enable device-side assertions.


FAILED COMMAND: /mnt/aiongpfs/users/dsen/micromamba/envs/cka-cifar/bin/python -m src.train --global-config configs/global_cifar10.yaml --config configs/feddst_mnist.yaml --seed 7 --sparsity 0.5 --log-dir results/logs/multiseed/cifar10_multiseed_20260724_145839/seed_7 --checkpoint-dir results/checkpoints/multiseed/cifar10_multiseed_20260724_145839/seed_7 --plot-dir results/plots/multiseed/cifar10_multiseed_20260724_145839
Exit code: 1
/mnt/aiongpfs/users/dsen/micromamba/envs/cka-cifar/lib/python3.11/site-packages/torchvision/datasets/cifar.py:83: VisibleDeprecationWarning: dtype(): align should be passed as Python or NumPy boolean but got `align=0`. Did you mean to pass a tuple to create a subarray type? (Deprecated NumPy 2.4)
  entry = pickle.load(f, encoding="latin1")
/home/users/dsen/.local/lib/python3.11/site-packages/torch/cuda/__init__.py:371: UserWarning: Found GPU0 Tesla V100-SXM2-32GB which is of compute capability (CC) 7.0.
The following list shows the CCs this version of PyTorch was built for and the hardware CCs it supports:
- 7.5 which supports hardware CC >=7.5,<8.0
- 8.0 which supports hardware CC >=8.0,<9.0 except {8.7}
- 8.6 which supports hardware CC >=8.6,<9.0 except {8.7}
- 9.0 which supports hardware CC >=9.0,<10.0
- 10.0 which supports hardware CC >=10.0,<11.0 except {10.1}
- 12.0 which supports hardware CC >=12.0,<13.0
Please follow the instructions at https://pytorch.org/get-started/locally/ to install a PyTorch release that supports one of these CUDA versions: 12.6, 12.8
  _warn_unsupported_code(d, device_cc, code_ccs)
Traceback (most recent call last):
  File "<frozen runpy>", line 198, in _run_module_as_main
  File "<frozen runpy>", line 88, in _run_code
  File "/mnt/aiongpfs/users/dsen/cka-fed-dynamic-sparsity/src/train.py", line 386, in <module>
    main()
  File "/mnt/aiongpfs/users/dsen/cka-fed-dynamic-sparsity/src/train.py", line 376, in main
    history = run_experiment(config, paths)
              ^^^^^^^^^^^^^^^^^^^^^^^^^^^^^
  File "/mnt/aiongpfs/users/dsen/cka-fed-dynamic-sparsity/src/train.py", line 289, in run_experiment
    history = run_cka_feddst(
              ^^^^^^^^^^^^^^^
  File "/mnt/aiongpfs/users/dsen/cka-fed-dynamic-sparsity/src/federated.py", line 485, in run_cka_feddst
    apply_masks(global_model, masks)
  File "/mnt/aiongpfs/users/dsen/cka-fed-dynamic-sparsity/src/sparsity.py", line 73, in apply_masks
    param.mul_(masks[name].to(device=param.device, dtype=param.dtype))
torch.AcceleratorError: CUDA error: no kernel image is available for execution on the device
Search for `cudaErrorNoKernelImageForDevice' in https://docs.nvidia.com/cuda/cuda-runtime-api/group__CUDART__TYPES.html for more information.
CUDA kernel errors might be asynchronously reported at some other API call, so the stacktrace below might be incorrect.
For debugging consider passing CUDA_LAUNCH_BLOCKING=1
Compile with `TORCH_USE_CUDA_DSA` to enable device-side assertions.


FAILED COMMAND: /mnt/aiongpfs/users/dsen/micromamba/envs/cka-cifar/bin/python -m src.train --global-config configs/global_cifar10.yaml --config configs/cka_feddst_mnist.yaml --seed 7 --sparsity 0.5 --log-dir results/logs/multiseed/cifar10_multiseed_20260724_145839/seed_7 --checkpoint-dir results/checkpoints/multiseed/cifar10_multiseed_20260724_145839/seed_7 --plot-dir results/plots/multiseed/cifar10_multiseed_20260724_145839
Exit code: 1
/mnt/aiongpfs/users/dsen/micromamba/envs/cka-cifar/lib/python3.11/site-packages/torchvision/datasets/cifar.py:83: VisibleDeprecationWarning: dtype(): align should be passed as Python or NumPy boolean but got `align=0`. Did you mean to pass a tuple to create a subarray type? (Deprecated NumPy 2.4)
  entry = pickle.load(f, encoding="latin1")
/home/users/dsen/.local/lib/python3.11/site-packages/torch/cuda/__init__.py:371: UserWarning: Found GPU0 Tesla V100-SXM2-32GB which is of compute capability (CC) 7.0.
The following list shows the CCs this version of PyTorch was built for and the hardware CCs it supports:
- 7.5 which supports hardware CC >=7.5,<8.0
- 8.0 which supports hardware CC >=8.0,<9.0 except {8.7}
- 8.6 which supports hardware CC >=8.6,<9.0 except {8.7}
- 9.0 which supports hardware CC >=9.0,<10.0
- 10.0 which supports hardware CC >=10.0,<11.0 except {10.1}
- 12.0 which supports hardware CC >=12.0,<13.0
Please follow the instructions at https://pytorch.org/get-started/locally/ to install a PyTorch release that supports one of these CUDA versions: 12.6, 12.8
  _warn_unsupported_code(d, device_cc, code_ccs)
Traceback (most recent call last):
  File "<frozen runpy>", line 198, in _run_module_as_main
  File "<frozen runpy>", line 88, in _run_code
  File "/mnt/aiongpfs/users/dsen/cka-fed-dynamic-sparsity/src/train.py", line 386, in <module>
    main()
  File "/mnt/aiongpfs/users/dsen/cka-fed-dynamic-sparsity/src/train.py", line 376, in main
    history = run_experiment(config, paths)
              ^^^^^^^^^^^^^^^^^^^^^^^^^^^^^
  File "/mnt/aiongpfs/users/dsen/cka-fed-dynamic-sparsity/src/train.py", line 264, in run_experiment
    history = run_sparse_fedavg(
              ^^^^^^^^^^^^^^^^^^
  File "/mnt/aiongpfs/users/dsen/cka-fed-dynamic-sparsity/src/federated.py", line 273, in run_sparse_fedavg
    apply_masks(global_model, masks)
  File "/mnt/aiongpfs/users/dsen/cka-fed-dynamic-sparsity/src/sparsity.py", line 73, in apply_masks
    param.mul_(masks[name].to(device=param.device, dtype=param.dtype))
torch.AcceleratorError: CUDA error: no kernel image is available for execution on the device
Search for `cudaErrorNoKernelImageForDevice' in https://docs.nvidia.com/cuda/cuda-runtime-api/group__CUDART__TYPES.html for more information.
CUDA kernel errors might be asynchronously reported at some other API call, so the stacktrace below might be incorrect.
For debugging consider passing CUDA_LAUNCH_BLOCKING=1
Compile with `TORCH_USE_CUDA_DSA` to enable device-side assertions.


FAILED COMMAND: /mnt/aiongpfs/users/dsen/micromamba/envs/cka-cifar/bin/python -m src.train --global-config configs/global_cifar10.yaml --config configs/sparse_fedavg_mnist.yaml --seed 7 --sparsity 0.7 --log-dir results/logs/multiseed/cifar10_multiseed_20260724_145839/seed_7 --checkpoint-dir results/checkpoints/multiseed/cifar10_multiseed_20260724_145839/seed_7 --plot-dir results/plots/multiseed/cifar10_multiseed_20260724_145839
Exit code: 1
/mnt/aiongpfs/users/dsen/micromamba/envs/cka-cifar/lib/python3.11/site-packages/torchvision/datasets/cifar.py:83: VisibleDeprecationWarning: dtype(): align should be passed as Python or NumPy boolean but got `align=0`. Did you mean to pass a tuple to create a subarray type? (Deprecated NumPy 2.4)
  entry = pickle.load(f, encoding="latin1")
/home/users/dsen/.local/lib/python3.11/site-packages/torch/cuda/__init__.py:371: UserWarning: Found GPU0 Tesla V100-SXM2-32GB which is of compute capability (CC) 7.0.
The following list shows the CCs this version of PyTorch was built for and the hardware CCs it supports:
- 7.5 which supports hardware CC >=7.5,<8.0
- 8.0 which supports hardware CC >=8.0,<9.0 except {8.7}
- 8.6 which supports hardware CC >=8.6,<9.0 except {8.7}
- 9.0 which supports hardware CC >=9.0,<10.0
- 10.0 which supports hardware CC >=10.0,<11.0 except {10.1}
- 12.0 which supports hardware CC >=12.0,<13.0
Please follow the instructions at https://pytorch.org/get-started/locally/ to install a PyTorch release that supports one of these CUDA versions: 12.6, 12.8
  _warn_unsupported_code(d, device_cc, code_ccs)
Traceback (most recent call last):
  File "<frozen runpy>", line 198, in _run_module_as_main
  File "<frozen runpy>", line 88, in _run_code
  File "/mnt/aiongpfs/users/dsen/cka-fed-dynamic-sparsity/src/train.py", line 386, in <module>
    main()
  File "/mnt/aiongpfs/users/dsen/cka-fed-dynamic-sparsity/src/train.py", line 376, in main
    history = run_experiment(config, paths)
              ^^^^^^^^^^^^^^^^^^^^^^^^^^^^^
  File "/mnt/aiongpfs/users/dsen/cka-fed-dynamic-sparsity/src/train.py", line 276, in run_experiment
    history = run_feddst(
              ^^^^^^^^^^^
  File "/mnt/aiongpfs/users/dsen/cka-fed-dynamic-sparsity/src/federated.py", line 361, in run_feddst
    apply_masks(global_model, masks)
  File "/mnt/aiongpfs/users/dsen/cka-fed-dynamic-sparsity/src/sparsity.py", line 73, in apply_masks
    param.mul_(masks[name].to(device=param.device, dtype=param.dtype))
torch.AcceleratorError: CUDA error: no kernel image is available for execution on the device
Search for `cudaErrorNoKernelImageForDevice' in https://docs.nvidia.com/cuda/cuda-runtime-api/group__CUDART__TYPES.html for more information.
CUDA kernel errors might be asynchronously reported at some other API call, so the stacktrace below might be incorrect.
For debugging consider passing CUDA_LAUNCH_BLOCKING=1
Compile with `TORCH_USE_CUDA_DSA` to enable device-side assertions.


FAILED COMMAND: /mnt/aiongpfs/users/dsen/micromamba/envs/cka-cifar/bin/python -m src.train --global-config configs/global_cifar10.yaml --config configs/feddst_mnist.yaml --seed 7 --sparsity 0.7 --log-dir results/logs/multiseed/cifar10_multiseed_20260724_145839/seed_7 --checkpoint-dir results/checkpoints/multiseed/cifar10_multiseed_20260724_145839/seed_7 --plot-dir results/plots/multiseed/cifar10_multiseed_20260724_145839
Exit code: 1
/mnt/aiongpfs/users/dsen/micromamba/envs/cka-cifar/lib/python3.11/site-packages/torchvision/datasets/cifar.py:83: VisibleDeprecationWarning: dtype(): align should be passed as Python or NumPy boolean but got `align=0`. Did you mean to pass a tuple to create a subarray type? (Deprecated NumPy 2.4)
  entry = pickle.load(f, encoding="latin1")
/home/users/dsen/.local/lib/python3.11/site-packages/torch/cuda/__init__.py:371: UserWarning: Found GPU0 Tesla V100-SXM2-32GB which is of compute capability (CC) 7.0.
The following list shows the CCs this version of PyTorch was built for and the hardware CCs it supports:
- 7.5 which supports hardware CC >=7.5,<8.0
- 8.0 which supports hardware CC >=8.0,<9.0 except {8.7}
- 8.6 which supports hardware CC >=8.6,<9.0 except {8.7}
- 9.0 which supports hardware CC >=9.0,<10.0
- 10.0 which supports hardware CC >=10.0,<11.0 except {10.1}
- 12.0 which supports hardware CC >=12.0,<13.0
Please follow the instructions at https://pytorch.org/get-started/locally/ to install a PyTorch release that supports one of these CUDA versions: 12.6, 12.8
  _warn_unsupported_code(d, device_cc, code_ccs)
Traceback (most recent call last):
  File "<frozen runpy>", line 198, in _run_module_as_main
  File "<frozen runpy>", line 88, in _run_code
  File "/mnt/aiongpfs/users/dsen/cka-fed-dynamic-sparsity/src/train.py", line 386, in <module>
    main()
  File "/mnt/aiongpfs/users/dsen/cka-fed-dynamic-sparsity/src/train.py", line 376, in main
    history = run_experiment(config, paths)
              ^^^^^^^^^^^^^^^^^^^^^^^^^^^^^
  File "/mnt/aiongpfs/users/dsen/cka-fed-dynamic-sparsity/src/train.py", line 289, in run_experiment
    history = run_cka_feddst(
              ^^^^^^^^^^^^^^^
  File "/mnt/aiongpfs/users/dsen/cka-fed-dynamic-sparsity/src/federated.py", line 485, in run_cka_feddst
    apply_masks(global_model, masks)
  File "/mnt/aiongpfs/users/dsen/cka-fed-dynamic-sparsity/src/sparsity.py", line 73, in apply_masks
    param.mul_(masks[name].to(device=param.device, dtype=param.dtype))
torch.AcceleratorError: CUDA error: no kernel image is available for execution on the device
Search for `cudaErrorNoKernelImageForDevice' in https://docs.nvidia.com/cuda/cuda-runtime-api/group__CUDART__TYPES.html for more information.
CUDA kernel errors might be asynchronously reported at some other API call, so the stacktrace below might be incorrect.
For debugging consider passing CUDA_LAUNCH_BLOCKING=1
Compile with `TORCH_USE_CUDA_DSA` to enable device-side assertions.


FAILED COMMAND: /mnt/aiongpfs/users/dsen/micromamba/envs/cka-cifar/bin/python -m src.train --global-config configs/global_cifar10.yaml --config configs/cka_feddst_mnist.yaml --seed 7 --sparsity 0.7 --log-dir results/logs/multiseed/cifar10_multiseed_20260724_145839/seed_7 --checkpoint-dir results/checkpoints/multiseed/cifar10_multiseed_20260724_145839/seed_7 --plot-dir results/plots/multiseed/cifar10_multiseed_20260724_145839
Exit code: 1
/mnt/aiongpfs/users/dsen/micromamba/envs/cka-cifar/lib/python3.11/site-packages/torchvision/datasets/cifar.py:83: VisibleDeprecationWarning: dtype(): align should be passed as Python or NumPy boolean but got `align=0`. Did you mean to pass a tuple to create a subarray type? (Deprecated NumPy 2.4)
  entry = pickle.load(f, encoding="latin1")
/home/users/dsen/.local/lib/python3.11/site-packages/torch/cuda/__init__.py:371: UserWarning: Found GPU0 Tesla V100-SXM2-32GB which is of compute capability (CC) 7.0.
The following list shows the CCs this version of PyTorch was built for and the hardware CCs it supports:
- 7.5 which supports hardware CC >=7.5,<8.0
- 8.0 which supports hardware CC >=8.0,<9.0 except {8.7}
- 8.6 which supports hardware CC >=8.6,<9.0 except {8.7}
- 9.0 which supports hardware CC >=9.0,<10.0
- 10.0 which supports hardware CC >=10.0,<11.0 except {10.1}
- 12.0 which supports hardware CC >=12.0,<13.0
Please follow the instructions at https://pytorch.org/get-started/locally/ to install a PyTorch release that supports one of these CUDA versions: 12.6, 12.8
  _warn_unsupported_code(d, device_cc, code_ccs)
Traceback (most recent call last):
  File "<frozen runpy>", line 198, in _run_module_as_main
  File "<frozen runpy>", line 88, in _run_code
  File "/mnt/aiongpfs/users/dsen/cka-fed-dynamic-sparsity/src/train.py", line 386, in <module>
    main()
  File "/mnt/aiongpfs/users/dsen/cka-fed-dynamic-sparsity/src/train.py", line 376, in main
    history = run_experiment(config, paths)
              ^^^^^^^^^^^^^^^^^^^^^^^^^^^^^
  File "/mnt/aiongpfs/users/dsen/cka-fed-dynamic-sparsity/src/train.py", line 264, in run_experiment
    history = run_sparse_fedavg(
              ^^^^^^^^^^^^^^^^^^
  File "/mnt/aiongpfs/users/dsen/cka-fed-dynamic-sparsity/src/federated.py", line 273, in run_sparse_fedavg
    apply_masks(global_model, masks)
  File "/mnt/aiongpfs/users/dsen/cka-fed-dynamic-sparsity/src/sparsity.py", line 73, in apply_masks
    param.mul_(masks[name].to(device=param.device, dtype=param.dtype))
torch.AcceleratorError: CUDA error: no kernel image is available for execution on the device
Search for `cudaErrorNoKernelImageForDevice' in https://docs.nvidia.com/cuda/cuda-runtime-api/group__CUDART__TYPES.html for more information.
CUDA kernel errors might be asynchronously reported at some other API call, so the stacktrace below might be incorrect.
For debugging consider passing CUDA_LAUNCH_BLOCKING=1
Compile with `TORCH_USE_CUDA_DSA` to enable device-side assertions.


FAILED COMMAND: /mnt/aiongpfs/users/dsen/micromamba/envs/cka-cifar/bin/python -m src.train --global-config configs/global_cifar10.yaml --config configs/sparse_fedavg_mnist.yaml --seed 7 --sparsity 0.8 --log-dir results/logs/multiseed/cifar10_multiseed_20260724_145839/seed_7 --checkpoint-dir results/checkpoints/multiseed/cifar10_multiseed_20260724_145839/seed_7 --plot-dir results/plots/multiseed/cifar10_multiseed_20260724_145839
Exit code: 1
/mnt/aiongpfs/users/dsen/micromamba/envs/cka-cifar/lib/python3.11/site-packages/torchvision/datasets/cifar.py:83: VisibleDeprecationWarning: dtype(): align should be passed as Python or NumPy boolean but got `align=0`. Did you mean to pass a tuple to create a subarray type? (Deprecated NumPy 2.4)
  entry = pickle.load(f, encoding="latin1")
/home/users/dsen/.local/lib/python3.11/site-packages/torch/cuda/__init__.py:371: UserWarning: Found GPU0 Tesla V100-SXM2-32GB which is of compute capability (CC) 7.0.
The following list shows the CCs this version of PyTorch was built for and the hardware CCs it supports:
- 7.5 which supports hardware CC >=7.5,<8.0
- 8.0 which supports hardware CC >=8.0,<9.0 except {8.7}
- 8.6 which supports hardware CC >=8.6,<9.0 except {8.7}
- 9.0 which supports hardware CC >=9.0,<10.0
- 10.0 which supports hardware CC >=10.0,<11.0 except {10.1}
- 12.0 which supports hardware CC >=12.0,<13.0
Please follow the instructions at https://pytorch.org/get-started/locally/ to install a PyTorch release that supports one of these CUDA versions: 12.6, 12.8
  _warn_unsupported_code(d, device_cc, code_ccs)
Traceback (most recent call last):
  File "<frozen runpy>", line 198, in _run_module_as_main
  File "<frozen runpy>", line 88, in _run_code
  File "/mnt/aiongpfs/users/dsen/cka-fed-dynamic-sparsity/src/train.py", line 386, in <module>
    main()
  File "/mnt/aiongpfs/users/dsen/cka-fed-dynamic-sparsity/src/train.py", line 376, in main
    history = run_experiment(config, paths)
              ^^^^^^^^^^^^^^^^^^^^^^^^^^^^^
  File "/mnt/aiongpfs/users/dsen/cka-fed-dynamic-sparsity/src/train.py", line 276, in run_experiment
    history = run_feddst(
              ^^^^^^^^^^^
  File "/mnt/aiongpfs/users/dsen/cka-fed-dynamic-sparsity/src/federated.py", line 361, in run_feddst
    apply_masks(global_model, masks)
  File "/mnt/aiongpfs/users/dsen/cka-fed-dynamic-sparsity/src/sparsity.py", line 73, in apply_masks
    param.mul_(masks[name].to(device=param.device, dtype=param.dtype))
torch.AcceleratorError: CUDA error: no kernel image is available for execution on the device
Search for `cudaErrorNoKernelImageForDevice' in https://docs.nvidia.com/cuda/cuda-runtime-api/group__CUDART__TYPES.html for more information.
CUDA kernel errors might be asynchronously reported at some other API call, so the stacktrace below might be incorrect.
For debugging consider passing CUDA_LAUNCH_BLOCKING=1
Compile with `TORCH_USE_CUDA_DSA` to enable device-side assertions.


FAILED COMMAND: /mnt/aiongpfs/users/dsen/micromamba/envs/cka-cifar/bin/python -m src.train --global-config configs/global_cifar10.yaml --config configs/feddst_mnist.yaml --seed 7 --sparsity 0.8 --log-dir results/logs/multiseed/cifar10_multiseed_20260724_145839/seed_7 --checkpoint-dir results/checkpoints/multiseed/cifar10_multiseed_20260724_145839/seed_7 --plot-dir results/plots/multiseed/cifar10_multiseed_20260724_145839
Exit code: 1
/mnt/aiongpfs/users/dsen/micromamba/envs/cka-cifar/lib/python3.11/site-packages/torchvision/datasets/cifar.py:83: VisibleDeprecationWarning: dtype(): align should be passed as Python or NumPy boolean but got `align=0`. Did you mean to pass a tuple to create a subarray type? (Deprecated NumPy 2.4)
  entry = pickle.load(f, encoding="latin1")
/home/users/dsen/.local/lib/python3.11/site-packages/torch/cuda/__init__.py:371: UserWarning: Found GPU0 Tesla V100-SXM2-32GB which is of compute capability (CC) 7.0.
The following list shows the CCs this version of PyTorch was built for and the hardware CCs it supports:
- 7.5 which supports hardware CC >=7.5,<8.0
- 8.0 which supports hardware CC >=8.0,<9.0 except {8.7}
- 8.6 which supports hardware CC >=8.6,<9.0 except {8.7}
- 9.0 which supports hardware CC >=9.0,<10.0
- 10.0 which supports hardware CC >=10.0,<11.0 except {10.1}
- 12.0 which supports hardware CC >=12.0,<13.0
Please follow the instructions at https://pytorch.org/get-started/locally/ to install a PyTorch release that supports one of these CUDA versions: 12.6, 12.8
  _warn_unsupported_code(d, device_cc, code_ccs)
Traceback (most recent call last):
  File "<frozen runpy>", line 198, in _run_module_as_main
  File "<frozen runpy>", line 88, in _run_code
  File "/mnt/aiongpfs/users/dsen/cka-fed-dynamic-sparsity/src/train.py", line 386, in <module>
    main()
  File "/mnt/aiongpfs/users/dsen/cka-fed-dynamic-sparsity/src/train.py", line 376, in main
    history = run_experiment(config, paths)
              ^^^^^^^^^^^^^^^^^^^^^^^^^^^^^
  File "/mnt/aiongpfs/users/dsen/cka-fed-dynamic-sparsity/src/train.py", line 289, in run_experiment
    history = run_cka_feddst(
              ^^^^^^^^^^^^^^^
  File "/mnt/aiongpfs/users/dsen/cka-fed-dynamic-sparsity/src/federated.py", line 485, in run_cka_feddst
    apply_masks(global_model, masks)
  File "/mnt/aiongpfs/users/dsen/cka-fed-dynamic-sparsity/src/sparsity.py", line 73, in apply_masks
    param.mul_(masks[name].to(device=param.device, dtype=param.dtype))
torch.AcceleratorError: CUDA error: no kernel image is available for execution on the device
Search for `cudaErrorNoKernelImageForDevice' in https://docs.nvidia.com/cuda/cuda-runtime-api/group__CUDART__TYPES.html for more information.
CUDA kernel errors might be asynchronously reported at some other API call, so the stacktrace below might be incorrect.
For debugging consider passing CUDA_LAUNCH_BLOCKING=1
Compile with `TORCH_USE_CUDA_DSA` to enable device-side assertions.


FAILED COMMAND: /mnt/aiongpfs/users/dsen/micromamba/envs/cka-cifar/bin/python -m src.train --global-config configs/global_cifar10.yaml --config configs/cka_feddst_mnist.yaml --seed 7 --sparsity 0.8 --log-dir results/logs/multiseed/cifar10_multiseed_20260724_145839/seed_7 --checkpoint-dir results/checkpoints/multiseed/cifar10_multiseed_20260724_145839/seed_7 --plot-dir results/plots/multiseed/cifar10_multiseed_20260724_145839
Exit code: 1
/mnt/aiongpfs/users/dsen/micromamba/envs/cka-cifar/lib/python3.11/site-packages/torchvision/datasets/cifar.py:83: VisibleDeprecationWarning: dtype(): align should be passed as Python or NumPy boolean but got `align=0`. Did you mean to pass a tuple to create a subarray type? (Deprecated NumPy 2.4)
  entry = pickle.load(f, encoding="latin1")
/home/users/dsen/.local/lib/python3.11/site-packages/torch/cuda/__init__.py:371: UserWarning: Found GPU0 Tesla V100-SXM2-32GB which is of compute capability (CC) 7.0.
The following list shows the CCs this version of PyTorch was built for and the hardware CCs it supports:
- 7.5 which supports hardware CC >=7.5,<8.0
- 8.0 which supports hardware CC >=8.0,<9.0 except {8.7}
- 8.6 which supports hardware CC >=8.6,<9.0 except {8.7}
- 9.0 which supports hardware CC >=9.0,<10.0
- 10.0 which supports hardware CC >=10.0,<11.0 except {10.1}
- 12.0 which supports hardware CC >=12.0,<13.0
Please follow the instructions at https://pytorch.org/get-started/locally/ to install a PyTorch release that supports one of these CUDA versions: 12.6, 12.8
  _warn_unsupported_code(d, device_cc, code_ccs)
Traceback (most recent call last):
  File "<frozen runpy>", line 198, in _run_module_as_main
  File "<frozen runpy>", line 88, in _run_code
  File "/mnt/aiongpfs/users/dsen/cka-fed-dynamic-sparsity/src/train.py", line 386, in <module>
    main()
  File "/mnt/aiongpfs/users/dsen/cka-fed-dynamic-sparsity/src/train.py", line 376, in main
    history = run_experiment(config, paths)
              ^^^^^^^^^^^^^^^^^^^^^^^^^^^^^
  File "/mnt/aiongpfs/users/dsen/cka-fed-dynamic-sparsity/src/train.py", line 264, in run_experiment
    history = run_sparse_fedavg(
              ^^^^^^^^^^^^^^^^^^
  File "/mnt/aiongpfs/users/dsen/cka-fed-dynamic-sparsity/src/federated.py", line 273, in run_sparse_fedavg
    apply_masks(global_model, masks)
  File "/mnt/aiongpfs/users/dsen/cka-fed-dynamic-sparsity/src/sparsity.py", line 73, in apply_masks
    param.mul_(masks[name].to(device=param.device, dtype=param.dtype))
torch.AcceleratorError: CUDA error: no kernel image is available for execution on the device
Search for `cudaErrorNoKernelImageForDevice' in https://docs.nvidia.com/cuda/cuda-runtime-api/group__CUDART__TYPES.html for more information.
CUDA kernel errors might be asynchronously reported at some other API call, so the stacktrace below might be incorrect.
For debugging consider passing CUDA_LAUNCH_BLOCKING=1
Compile with `TORCH_USE_CUDA_DSA` to enable device-side assertions.


FAILED COMMAND: /mnt/aiongpfs/users/dsen/micromamba/envs/cka-cifar/bin/python -m src.train --global-config configs/global_cifar10.yaml --config configs/sparse_fedavg_mnist.yaml --seed 7 --sparsity 0.9 --log-dir results/logs/multiseed/cifar10_multiseed_20260724_145839/seed_7 --checkpoint-dir results/checkpoints/multiseed/cifar10_multiseed_20260724_145839/seed_7 --plot-dir results/plots/multiseed/cifar10_multiseed_20260724_145839
Exit code: 1
/mnt/aiongpfs/users/dsen/micromamba/envs/cka-cifar/lib/python3.11/site-packages/torchvision/datasets/cifar.py:83: VisibleDeprecationWarning: dtype(): align should be passed as Python or NumPy boolean but got `align=0`. Did you mean to pass a tuple to create a subarray type? (Deprecated NumPy 2.4)
  entry = pickle.load(f, encoding="latin1")
/home/users/dsen/.local/lib/python3.11/site-packages/torch/cuda/__init__.py:371: UserWarning: Found GPU0 Tesla V100-SXM2-32GB which is of compute capability (CC) 7.0.
The following list shows the CCs this version of PyTorch was built for and the hardware CCs it supports:
- 7.5 which supports hardware CC >=7.5,<8.0
- 8.0 which supports hardware CC >=8.0,<9.0 except {8.7}
- 8.6 which supports hardware CC >=8.6,<9.0 except {8.7}
- 9.0 which supports hardware CC >=9.0,<10.0
- 10.0 which supports hardware CC >=10.0,<11.0 except {10.1}
- 12.0 which supports hardware CC >=12.0,<13.0
Please follow the instructions at https://pytorch.org/get-started/locally/ to install a PyTorch release that supports one of these CUDA versions: 12.6, 12.8
  _warn_unsupported_code(d, device_cc, code_ccs)
Traceback (most recent call last):
  File "<frozen runpy>", line 198, in _run_module_as_main
  File "<frozen runpy>", line 88, in _run_code
  File "/mnt/aiongpfs/users/dsen/cka-fed-dynamic-sparsity/src/train.py", line 386, in <module>
    main()
  File "/mnt/aiongpfs/users/dsen/cka-fed-dynamic-sparsity/src/train.py", line 376, in main
    history = run_experiment(config, paths)
              ^^^^^^^^^^^^^^^^^^^^^^^^^^^^^
  File "/mnt/aiongpfs/users/dsen/cka-fed-dynamic-sparsity/src/train.py", line 276, in run_experiment
    history = run_feddst(
              ^^^^^^^^^^^
  File "/mnt/aiongpfs/users/dsen/cka-fed-dynamic-sparsity/src/federated.py", line 361, in run_feddst
    apply_masks(global_model, masks)
  File "/mnt/aiongpfs/users/dsen/cka-fed-dynamic-sparsity/src/sparsity.py", line 73, in apply_masks
    param.mul_(masks[name].to(device=param.device, dtype=param.dtype))
torch.AcceleratorError: CUDA error: no kernel image is available for execution on the device
Search for `cudaErrorNoKernelImageForDevice' in https://docs.nvidia.com/cuda/cuda-runtime-api/group__CUDART__TYPES.html for more information.
CUDA kernel errors might be asynchronously reported at some other API call, so the stacktrace below might be incorrect.
For debugging consider passing CUDA_LAUNCH_BLOCKING=1
Compile with `TORCH_USE_CUDA_DSA` to enable device-side assertions.


FAILED COMMAND: /mnt/aiongpfs/users/dsen/micromamba/envs/cka-cifar/bin/python -m src.train --global-config configs/global_cifar10.yaml --config configs/feddst_mnist.yaml --seed 7 --sparsity 0.9 --log-dir results/logs/multiseed/cifar10_multiseed_20260724_145839/seed_7 --checkpoint-dir results/checkpoints/multiseed/cifar10_multiseed_20260724_145839/seed_7 --plot-dir results/plots/multiseed/cifar10_multiseed_20260724_145839
Exit code: 1
/mnt/aiongpfs/users/dsen/micromamba/envs/cka-cifar/lib/python3.11/site-packages/torchvision/datasets/cifar.py:83: VisibleDeprecationWarning: dtype(): align should be passed as Python or NumPy boolean but got `align=0`. Did you mean to pass a tuple to create a subarray type? (Deprecated NumPy 2.4)
  entry = pickle.load(f, encoding="latin1")
/home/users/dsen/.local/lib/python3.11/site-packages/torch/cuda/__init__.py:371: UserWarning: Found GPU0 Tesla V100-SXM2-32GB which is of compute capability (CC) 7.0.
The following list shows the CCs this version of PyTorch was built for and the hardware CCs it supports:
- 7.5 which supports hardware CC >=7.5,<8.0
- 8.0 which supports hardware CC >=8.0,<9.0 except {8.7}
- 8.6 which supports hardware CC >=8.6,<9.0 except {8.7}
- 9.0 which supports hardware CC >=9.0,<10.0
- 10.0 which supports hardware CC >=10.0,<11.0 except {10.1}
- 12.0 which supports hardware CC >=12.0,<13.0
Please follow the instructions at https://pytorch.org/get-started/locally/ to install a PyTorch release that supports one of these CUDA versions: 12.6, 12.8
  _warn_unsupported_code(d, device_cc, code_ccs)
Traceback (most recent call last):
  File "<frozen runpy>", line 198, in _run_module_as_main
  File "<frozen runpy>", line 88, in _run_code
  File "/mnt/aiongpfs/users/dsen/cka-fed-dynamic-sparsity/src/train.py", line 386, in <module>
    main()
  File "/mnt/aiongpfs/users/dsen/cka-fed-dynamic-sparsity/src/train.py", line 376, in main
    history = run_experiment(config, paths)
              ^^^^^^^^^^^^^^^^^^^^^^^^^^^^^
  File "/mnt/aiongpfs/users/dsen/cka-fed-dynamic-sparsity/src/train.py", line 289, in run_experiment
    history = run_cka_feddst(
              ^^^^^^^^^^^^^^^
  File "/mnt/aiongpfs/users/dsen/cka-fed-dynamic-sparsity/src/federated.py", line 485, in run_cka_feddst
    apply_masks(global_model, masks)
  File "/mnt/aiongpfs/users/dsen/cka-fed-dynamic-sparsity/src/sparsity.py", line 73, in apply_masks
    param.mul_(masks[name].to(device=param.device, dtype=param.dtype))
torch.AcceleratorError: CUDA error: no kernel image is available for execution on the device
Search for `cudaErrorNoKernelImageForDevice' in https://docs.nvidia.com/cuda/cuda-runtime-api/group__CUDART__TYPES.html for more information.
CUDA kernel errors might be asynchronously reported at some other API call, so the stacktrace below might be incorrect.
For debugging consider passing CUDA_LAUNCH_BLOCKING=1
Compile with `TORCH_USE_CUDA_DSA` to enable device-side assertions.


FAILED COMMAND: /mnt/aiongpfs/users/dsen/micromamba/envs/cka-cifar/bin/python -m src.train --global-config configs/global_cifar10.yaml --config configs/cka_feddst_mnist.yaml --seed 7 --sparsity 0.9 --log-dir results/logs/multiseed/cifar10_multiseed_20260724_145839/seed_7 --checkpoint-dir results/checkpoints/multiseed/cifar10_multiseed_20260724_145839/seed_7 --plot-dir results/plots/multiseed/cifar10_multiseed_20260724_145839
Exit code: 1
/mnt/aiongpfs/users/dsen/micromamba/envs/cka-cifar/lib/python3.11/site-packages/torchvision/datasets/cifar.py:83: VisibleDeprecationWarning: dtype(): align should be passed as Python or NumPy boolean but got `align=0`. Did you mean to pass a tuple to create a subarray type? (Deprecated NumPy 2.4)
  entry = pickle.load(f, encoding="latin1")
/home/users/dsen/.local/lib/python3.11/site-packages/torch/cuda/__init__.py:371: UserWarning: Found GPU0 Tesla V100-SXM2-32GB which is of compute capability (CC) 7.0.
The following list shows the CCs this version of PyTorch was built for and the hardware CCs it supports:
- 7.5 which supports hardware CC >=7.5,<8.0
- 8.0 which supports hardware CC >=8.0,<9.0 except {8.7}
- 8.6 which supports hardware CC >=8.6,<9.0 except {8.7}
- 9.0 which supports hardware CC >=9.0,<10.0
- 10.0 which supports hardware CC >=10.0,<11.0 except {10.1}
- 12.0 which supports hardware CC >=12.0,<13.0
Please follow the instructions at https://pytorch.org/get-started/locally/ to install a PyTorch release that supports one of these CUDA versions: 12.6, 12.8
  _warn_unsupported_code(d, device_cc, code_ccs)
Traceback (most recent call last):
  File "<frozen runpy>", line 198, in _run_module_as_main
  File "<frozen runpy>", line 88, in _run_code
  File "/mnt/aiongpfs/users/dsen/cka-fed-dynamic-sparsity/src/train.py", line 386, in <module>
    main()
  File "/mnt/aiongpfs/users/dsen/cka-fed-dynamic-sparsity/src/train.py", line 376, in main
    history = run_experiment(config, paths)
              ^^^^^^^^^^^^^^^^^^^^^^^^^^^^^
  File "/mnt/aiongpfs/users/dsen/cka-fed-dynamic-sparsity/src/train.py", line 264, in run_experiment
    history = run_sparse_fedavg(
              ^^^^^^^^^^^^^^^^^^
  File "/mnt/aiongpfs/users/dsen/cka-fed-dynamic-sparsity/src/federated.py", line 273, in run_sparse_fedavg
    apply_masks(global_model, masks)
  File "/mnt/aiongpfs/users/dsen/cka-fed-dynamic-sparsity/src/sparsity.py", line 73, in apply_masks
    param.mul_(masks[name].to(device=param.device, dtype=param.dtype))
torch.AcceleratorError: CUDA error: no kernel image is available for execution on the device
Search for `cudaErrorNoKernelImageForDevice' in https://docs.nvidia.com/cuda/cuda-runtime-api/group__CUDART__TYPES.html for more information.
CUDA kernel errors might be asynchronously reported at some other API call, so the stacktrace below might be incorrect.
For debugging consider passing CUDA_LAUNCH_BLOCKING=1
Compile with `TORCH_USE_CUDA_DSA` to enable device-side assertions.


FAILED COMMAND: /mnt/aiongpfs/users/dsen/micromamba/envs/cka-cifar/bin/python -m src.train --global-config configs/global_cifar10.yaml --config configs/sparse_fedavg_mnist.yaml --seed 7 --sparsity 0.95 --log-dir results/logs/multiseed/cifar10_multiseed_20260724_145839/seed_7 --checkpoint-dir results/checkpoints/multiseed/cifar10_multiseed_20260724_145839/seed_7 --plot-dir results/plots/multiseed/cifar10_multiseed_20260724_145839
Exit code: 1
/mnt/aiongpfs/users/dsen/micromamba/envs/cka-cifar/lib/python3.11/site-packages/torchvision/datasets/cifar.py:83: VisibleDeprecationWarning: dtype(): align should be passed as Python or NumPy boolean but got `align=0`. Did you mean to pass a tuple to create a subarray type? (Deprecated NumPy 2.4)
  entry = pickle.load(f, encoding="latin1")
/home/users/dsen/.local/lib/python3.11/site-packages/torch/cuda/__init__.py:371: UserWarning: Found GPU0 Tesla V100-SXM2-32GB which is of compute capability (CC) 7.0.
The following list shows the CCs this version of PyTorch was built for and the hardware CCs it supports:
- 7.5 which supports hardware CC >=7.5,<8.0
- 8.0 which supports hardware CC >=8.0,<9.0 except {8.7}
- 8.6 which supports hardware CC >=8.6,<9.0 except {8.7}
- 9.0 which supports hardware CC >=9.0,<10.0
- 10.0 which supports hardware CC >=10.0,<11.0 except {10.1}
- 12.0 which supports hardware CC >=12.0,<13.0
Please follow the instructions at https://pytorch.org/get-started/locally/ to install a PyTorch release that supports one of these CUDA versions: 12.6, 12.8
  _warn_unsupported_code(d, device_cc, code_ccs)
Traceback (most recent call last):
  File "<frozen runpy>", line 198, in _run_module_as_main
  File "<frozen runpy>", line 88, in _run_code
  File "/mnt/aiongpfs/users/dsen/cka-fed-dynamic-sparsity/src/train.py", line 386, in <module>
    main()
  File "/mnt/aiongpfs/users/dsen/cka-fed-dynamic-sparsity/src/train.py", line 376, in main
    history = run_experiment(config, paths)
              ^^^^^^^^^^^^^^^^^^^^^^^^^^^^^
  File "/mnt/aiongpfs/users/dsen/cka-fed-dynamic-sparsity/src/train.py", line 276, in run_experiment
    history = run_feddst(
              ^^^^^^^^^^^
  File "/mnt/aiongpfs/users/dsen/cka-fed-dynamic-sparsity/src/federated.py", line 361, in run_feddst
    apply_masks(global_model, masks)
  File "/mnt/aiongpfs/users/dsen/cka-fed-dynamic-sparsity/src/sparsity.py", line 73, in apply_masks
    param.mul_(masks[name].to(device=param.device, dtype=param.dtype))
torch.AcceleratorError: CUDA error: no kernel image is available for execution on the device
Search for `cudaErrorNoKernelImageForDevice' in https://docs.nvidia.com/cuda/cuda-runtime-api/group__CUDART__TYPES.html for more information.
CUDA kernel errors might be asynchronously reported at some other API call, so the stacktrace below might be incorrect.
For debugging consider passing CUDA_LAUNCH_BLOCKING=1
Compile with `TORCH_USE_CUDA_DSA` to enable device-side assertions.


FAILED COMMAND: /mnt/aiongpfs/users/dsen/micromamba/envs/cka-cifar/bin/python -m src.train --global-config configs/global_cifar10.yaml --config configs/feddst_mnist.yaml --seed 7 --sparsity 0.95 --log-dir results/logs/multiseed/cifar10_multiseed_20260724_145839/seed_7 --checkpoint-dir results/checkpoints/multiseed/cifar10_multiseed_20260724_145839/seed_7 --plot-dir results/plots/multiseed/cifar10_multiseed_20260724_145839
Exit code: 1
/mnt/aiongpfs/users/dsen/micromamba/envs/cka-cifar/lib/python3.11/site-packages/torchvision/datasets/cifar.py:83: VisibleDeprecationWarning: dtype(): align should be passed as Python or NumPy boolean but got `align=0`. Did you mean to pass a tuple to create a subarray type? (Deprecated NumPy 2.4)
  entry = pickle.load(f, encoding="latin1")
/home/users/dsen/.local/lib/python3.11/site-packages/torch/cuda/__init__.py:371: UserWarning: Found GPU0 Tesla V100-SXM2-32GB which is of compute capability (CC) 7.0.
The following list shows the CCs this version of PyTorch was built for and the hardware CCs it supports:
- 7.5 which supports hardware CC >=7.5,<8.0
- 8.0 which supports hardware CC >=8.0,<9.0 except {8.7}
- 8.6 which supports hardware CC >=8.6,<9.0 except {8.7}
- 9.0 which supports hardware CC >=9.0,<10.0
- 10.0 which supports hardware CC >=10.0,<11.0 except {10.1}
- 12.0 which supports hardware CC >=12.0,<13.0
Please follow the instructions at https://pytorch.org/get-started/locally/ to install a PyTorch release that supports one of these CUDA versions: 12.6, 12.8
  _warn_unsupported_code(d, device_cc, code_ccs)
Traceback (most recent call last):
  File "<frozen runpy>", line 198, in _run_module_as_main
  File "<frozen runpy>", line 88, in _run_code
  File "/mnt/aiongpfs/users/dsen/cka-fed-dynamic-sparsity/src/train.py", line 386, in <module>
    main()
  File "/mnt/aiongpfs/users/dsen/cka-fed-dynamic-sparsity/src/train.py", line 376, in main
    history = run_experiment(config, paths)
              ^^^^^^^^^^^^^^^^^^^^^^^^^^^^^
  File "/mnt/aiongpfs/users/dsen/cka-fed-dynamic-sparsity/src/train.py", line 289, in run_experiment
    history = run_cka_feddst(
              ^^^^^^^^^^^^^^^
  File "/mnt/aiongpfs/users/dsen/cka-fed-dynamic-sparsity/src/federated.py", line 485, in run_cka_feddst
    apply_masks(global_model, masks)
  File "/mnt/aiongpfs/users/dsen/cka-fed-dynamic-sparsity/src/sparsity.py", line 73, in apply_masks
    param.mul_(masks[name].to(device=param.device, dtype=param.dtype))
torch.AcceleratorError: CUDA error: no kernel image is available for execution on the device
Search for `cudaErrorNoKernelImageForDevice' in https://docs.nvidia.com/cuda/cuda-runtime-api/group__CUDART__TYPES.html for more information.
CUDA kernel errors might be asynchronously reported at some other API call, so the stacktrace below might be incorrect.
For debugging consider passing CUDA_LAUNCH_BLOCKING=1
Compile with `TORCH_USE_CUDA_DSA` to enable device-side assertions.


FAILED COMMAND: /mnt/aiongpfs/users/dsen/micromamba/envs/cka-cifar/bin/python -m src.train --global-config configs/global_cifar10.yaml --config configs/cka_feddst_mnist.yaml --seed 7 --sparsity 0.95 --log-dir results/logs/multiseed/cifar10_multiseed_20260724_145839/seed_7 --checkpoint-dir results/checkpoints/multiseed/cifar10_multiseed_20260724_145839/seed_7 --plot-dir results/plots/multiseed/cifar10_multiseed_20260724_145839
Exit code: 1
/mnt/aiongpfs/users/dsen/micromamba/envs/cka-cifar/lib/python3.11/site-packages/torchvision/datasets/cifar.py:83: VisibleDeprecationWarning: dtype(): align should be passed as Python or NumPy boolean but got `align=0`. Did you mean to pass a tuple to create a subarray type? (Deprecated NumPy 2.4)
  entry = pickle.load(f, encoding="latin1")
/home/users/dsen/.local/lib/python3.11/site-packages/torch/cuda/__init__.py:371: UserWarning: Found GPU0 Tesla V100-SXM2-32GB which is of compute capability (CC) 7.0.
The following list shows the CCs this version of PyTorch was built for and the hardware CCs it supports:
- 7.5 which supports hardware CC >=7.5,<8.0
- 8.0 which supports hardware CC >=8.0,<9.0 except {8.7}
- 8.6 which supports hardware CC >=8.6,<9.0 except {8.7}
- 9.0 which supports hardware CC >=9.0,<10.0
- 10.0 which supports hardware CC >=10.0,<11.0 except {10.1}
- 12.0 which supports hardware CC >=12.0,<13.0
Please follow the instructions at https://pytorch.org/get-started/locally/ to install a PyTorch release that supports one of these CUDA versions: 12.6, 12.8
  _warn_unsupported_code(d, device_cc, code_ccs)
Traceback (most recent call last):
  File "<frozen runpy>", line 198, in _run_module_as_main
  File "<frozen runpy>", line 88, in _run_code
  File "/mnt/aiongpfs/users/dsen/cka-fed-dynamic-sparsity/src/train.py", line 386, in <module>
    main()
  File "/mnt/aiongpfs/users/dsen/cka-fed-dynamic-sparsity/src/train.py", line 376, in main
    history = run_experiment(config, paths)
              ^^^^^^^^^^^^^^^^^^^^^^^^^^^^^
  File "/mnt/aiongpfs/users/dsen/cka-fed-dynamic-sparsity/src/train.py", line 253, in run_experiment
    history = run_fedavg(
              ^^^^^^^^^^^
  File "/mnt/aiongpfs/users/dsen/cka-fed-dynamic-sparsity/src/federated.py", line 210, in run_fedavg
    round_result = run_federated_round(
                   ^^^^^^^^^^^^^^^^^^^^
  File "/mnt/aiongpfs/users/dsen/cka-fed-dynamic-sparsity/src/federated.py", line 150, in run_federated_round
    client_updates = [
                     ^
  File "/mnt/aiongpfs/users/dsen/cka-fed-dynamic-sparsity/src/federated.py", line 151, in <listcomp>
    train_client(
  File "/mnt/aiongpfs/users/dsen/cka-fed-dynamic-sparsity/src/federated.py", line 71, in train_client
    logits = client_model(images)
             ^^^^^^^^^^^^^^^^^^^^
  File "/home/users/dsen/.local/lib/python3.11/site-packages/torch/nn/modules/module.py", line 1779, in _wrapped_call_impl
    return self._call_impl(*args, **kwargs)
           ^^^^^^^^^^^^^^^^^^^^^^^^^^^^^^^^
  File "/home/users/dsen/.local/lib/python3.11/site-packages/torch/nn/modules/module.py", line 1790, in _call_impl
    return forward_call(*args, **kwargs)
           ^^^^^^^^^^^^^^^^^^^^^^^^^^^^^
  File "/mnt/aiongpfs/users/dsen/cka-fed-dynamic-sparsity/src/models.py", line 108, in forward
    x = F.relu(self.conv1(x))
               ^^^^^^^^^^^^^
  File "/home/users/dsen/.local/lib/python3.11/site-packages/torch/nn/modules/module.py", line 1779, in _wrapped_call_impl
    return self._call_impl(*args, **kwargs)
           ^^^^^^^^^^^^^^^^^^^^^^^^^^^^^^^^
  File "/home/users/dsen/.local/lib/python3.11/site-packages/torch/nn/modules/module.py", line 1790, in _call_impl
    return forward_call(*args, **kwargs)
           ^^^^^^^^^^^^^^^^^^^^^^^^^^^^^
  File "/home/users/dsen/.local/lib/python3.11/site-packages/torch/nn/modules/conv.py", line 553, in forward
    return self._conv_forward(input, self.weight, self.bias)
           ^^^^^^^^^^^^^^^^^^^^^^^^^^^^^^^^^^^^^^^^^^^^^^^^^
  File "/home/users/dsen/.local/lib/python3.11/site-packages/torch/nn/modules/conv.py", line 548, in _conv_forward
    return F.conv2d(
           ^^^^^^^^^
RuntimeError: GET was unable to find an engine to execute this computation

FAILED COMMAND: /mnt/aiongpfs/users/dsen/micromamba/envs/cka-cifar/bin/python -m src.train --global-config configs/global_cifar10.yaml --config configs/fedavg_mnist.yaml --seed 13 --log-dir results/logs/multiseed/cifar10_multiseed_20260724_145839/seed_13 --checkpoint-dir results/checkpoints/multiseed/cifar10_multiseed_20260724_145839/seed_13 --plot-dir results/plots/multiseed/cifar10_multiseed_20260724_145839
Exit code: 1
/mnt/aiongpfs/users/dsen/micromamba/envs/cka-cifar/lib/python3.11/site-packages/torchvision/datasets/cifar.py:83: VisibleDeprecationWarning: dtype(): align should be passed as Python or NumPy boolean but got `align=0`. Did you mean to pass a tuple to create a subarray type? (Deprecated NumPy 2.4)
  entry = pickle.load(f, encoding="latin1")
/home/users/dsen/.local/lib/python3.11/site-packages/torch/cuda/__init__.py:371: UserWarning: Found GPU0 Tesla V100-SXM2-32GB which is of compute capability (CC) 7.0.
The following list shows the CCs this version of PyTorch was built for and the hardware CCs it supports:
- 7.5 which supports hardware CC >=7.5,<8.0
- 8.0 which supports hardware CC >=8.0,<9.0 except {8.7}
- 8.6 which supports hardware CC >=8.6,<9.0 except {8.7}
- 9.0 which supports hardware CC >=9.0,<10.0
- 10.0 which supports hardware CC >=10.0,<11.0 except {10.1}
- 12.0 which supports hardware CC >=12.0,<13.0
Please follow the instructions at https://pytorch.org/get-started/locally/ to install a PyTorch release that supports one of these CUDA versions: 12.6, 12.8
  _warn_unsupported_code(d, device_cc, code_ccs)
Traceback (most recent call last):
  File "<frozen runpy>", line 198, in _run_module_as_main
  File "<frozen runpy>", line 88, in _run_code
  File "/mnt/aiongpfs/users/dsen/cka-fed-dynamic-sparsity/src/train.py", line 386, in <module>
    main()
  File "/mnt/aiongpfs/users/dsen/cka-fed-dynamic-sparsity/src/train.py", line 376, in main
    history = run_experiment(config, paths)
              ^^^^^^^^^^^^^^^^^^^^^^^^^^^^^
  File "/mnt/aiongpfs/users/dsen/cka-fed-dynamic-sparsity/src/train.py", line 264, in run_experiment
    history = run_sparse_fedavg(
              ^^^^^^^^^^^^^^^^^^
  File "/mnt/aiongpfs/users/dsen/cka-fed-dynamic-sparsity/src/federated.py", line 273, in run_sparse_fedavg
    apply_masks(global_model, masks)
  File "/mnt/aiongpfs/users/dsen/cka-fed-dynamic-sparsity/src/sparsity.py", line 73, in apply_masks
    param.mul_(masks[name].to(device=param.device, dtype=param.dtype))
torch.AcceleratorError: CUDA error: no kernel image is available for execution on the device
Search for `cudaErrorNoKernelImageForDevice' in https://docs.nvidia.com/cuda/cuda-runtime-api/group__CUDART__TYPES.html for more information.
CUDA kernel errors might be asynchronously reported at some other API call, so the stacktrace below might be incorrect.
For debugging consider passing CUDA_LAUNCH_BLOCKING=1
Compile with `TORCH_USE_CUDA_DSA` to enable device-side assertions.


FAILED COMMAND: /mnt/aiongpfs/users/dsen/micromamba/envs/cka-cifar/bin/python -m src.train --global-config configs/global_cifar10.yaml --config configs/sparse_fedavg_mnist.yaml --seed 13 --sparsity 0.5 --log-dir results/logs/multiseed/cifar10_multiseed_20260724_145839/seed_13 --checkpoint-dir results/checkpoints/multiseed/cifar10_multiseed_20260724_145839/seed_13 --plot-dir results/plots/multiseed/cifar10_multiseed_20260724_145839
Exit code: 1
/mnt/aiongpfs/users/dsen/micromamba/envs/cka-cifar/lib/python3.11/site-packages/torchvision/datasets/cifar.py:83: VisibleDeprecationWarning: dtype(): align should be passed as Python or NumPy boolean but got `align=0`. Did you mean to pass a tuple to create a subarray type? (Deprecated NumPy 2.4)
  entry = pickle.load(f, encoding="latin1")
/home/users/dsen/.local/lib/python3.11/site-packages/torch/cuda/__init__.py:371: UserWarning: Found GPU0 Tesla V100-SXM2-32GB which is of compute capability (CC) 7.0.
The following list shows the CCs this version of PyTorch was built for and the hardware CCs it supports:
- 7.5 which supports hardware CC >=7.5,<8.0
- 8.0 which supports hardware CC >=8.0,<9.0 except {8.7}
- 8.6 which supports hardware CC >=8.6,<9.0 except {8.7}
- 9.0 which supports hardware CC >=9.0,<10.0
- 10.0 which supports hardware CC >=10.0,<11.0 except {10.1}
- 12.0 which supports hardware CC >=12.0,<13.0
Please follow the instructions at https://pytorch.org/get-started/locally/ to install a PyTorch release that supports one of these CUDA versions: 12.6, 12.8
  _warn_unsupported_code(d, device_cc, code_ccs)
Traceback (most recent call last):
  File "<frozen runpy>", line 198, in _run_module_as_main
  File "<frozen runpy>", line 88, in _run_code
  File "/mnt/aiongpfs/users/dsen/cka-fed-dynamic-sparsity/src/train.py", line 386, in <module>
    main()
  File "/mnt/aiongpfs/users/dsen/cka-fed-dynamic-sparsity/src/train.py", line 376, in main
    history = run_experiment(config, paths)
              ^^^^^^^^^^^^^^^^^^^^^^^^^^^^^
  File "/mnt/aiongpfs/users/dsen/cka-fed-dynamic-sparsity/src/train.py", line 276, in run_experiment
    history = run_feddst(
              ^^^^^^^^^^^
  File "/mnt/aiongpfs/users/dsen/cka-fed-dynamic-sparsity/src/federated.py", line 361, in run_feddst
    apply_masks(global_model, masks)
  File "/mnt/aiongpfs/users/dsen/cka-fed-dynamic-sparsity/src/sparsity.py", line 73, in apply_masks
    param.mul_(masks[name].to(device=param.device, dtype=param.dtype))
torch.AcceleratorError: CUDA error: no kernel image is available for execution on the device
Search for `cudaErrorNoKernelImageForDevice' in https://docs.nvidia.com/cuda/cuda-runtime-api/group__CUDART__TYPES.html for more information.
CUDA kernel errors might be asynchronously reported at some other API call, so the stacktrace below might be incorrect.
For debugging consider passing CUDA_LAUNCH_BLOCKING=1
Compile with `TORCH_USE_CUDA_DSA` to enable device-side assertions.


FAILED COMMAND: /mnt/aiongpfs/users/dsen/micromamba/envs/cka-cifar/bin/python -m src.train --global-config configs/global_cifar10.yaml --config configs/feddst_mnist.yaml --seed 13 --sparsity 0.5 --log-dir results/logs/multiseed/cifar10_multiseed_20260724_145839/seed_13 --checkpoint-dir results/checkpoints/multiseed/cifar10_multiseed_20260724_145839/seed_13 --plot-dir results/plots/multiseed/cifar10_multiseed_20260724_145839
Exit code: 1
/mnt/aiongpfs/users/dsen/micromamba/envs/cka-cifar/lib/python3.11/site-packages/torchvision/datasets/cifar.py:83: VisibleDeprecationWarning: dtype(): align should be passed as Python or NumPy boolean but got `align=0`. Did you mean to pass a tuple to create a subarray type? (Deprecated NumPy 2.4)
  entry = pickle.load(f, encoding="latin1")
/home/users/dsen/.local/lib/python3.11/site-packages/torch/cuda/__init__.py:371: UserWarning: Found GPU0 Tesla V100-SXM2-32GB which is of compute capability (CC) 7.0.
The following list shows the CCs this version of PyTorch was built for and the hardware CCs it supports:
- 7.5 which supports hardware CC >=7.5,<8.0
- 8.0 which supports hardware CC >=8.0,<9.0 except {8.7}
- 8.6 which supports hardware CC >=8.6,<9.0 except {8.7}
- 9.0 which supports hardware CC >=9.0,<10.0
- 10.0 which supports hardware CC >=10.0,<11.0 except {10.1}
- 12.0 which supports hardware CC >=12.0,<13.0
Please follow the instructions at https://pytorch.org/get-started/locally/ to install a PyTorch release that supports one of these CUDA versions: 12.6, 12.8
  _warn_unsupported_code(d, device_cc, code_ccs)
Traceback (most recent call last):
  File "<frozen runpy>", line 198, in _run_module_as_main
  File "<frozen runpy>", line 88, in _run_code
  File "/mnt/aiongpfs/users/dsen/cka-fed-dynamic-sparsity/src/train.py", line 386, in <module>
    main()
  File "/mnt/aiongpfs/users/dsen/cka-fed-dynamic-sparsity/src/train.py", line 376, in main
    history = run_experiment(config, paths)
              ^^^^^^^^^^^^^^^^^^^^^^^^^^^^^
  File "/mnt/aiongpfs/users/dsen/cka-fed-dynamic-sparsity/src/train.py", line 289, in run_experiment
    history = run_cka_feddst(
              ^^^^^^^^^^^^^^^
  File "/mnt/aiongpfs/users/dsen/cka-fed-dynamic-sparsity/src/federated.py", line 485, in run_cka_feddst
    apply_masks(global_model, masks)
  File "/mnt/aiongpfs/users/dsen/cka-fed-dynamic-sparsity/src/sparsity.py", line 73, in apply_masks
    param.mul_(masks[name].to(device=param.device, dtype=param.dtype))
torch.AcceleratorError: CUDA error: no kernel image is available for execution on the device
Search for `cudaErrorNoKernelImageForDevice' in https://docs.nvidia.com/cuda/cuda-runtime-api/group__CUDART__TYPES.html for more information.
CUDA kernel errors might be asynchronously reported at some other API call, so the stacktrace below might be incorrect.
For debugging consider passing CUDA_LAUNCH_BLOCKING=1
Compile with `TORCH_USE_CUDA_DSA` to enable device-side assertions.


FAILED COMMAND: /mnt/aiongpfs/users/dsen/micromamba/envs/cka-cifar/bin/python -m src.train --global-config configs/global_cifar10.yaml --config configs/cka_feddst_mnist.yaml --seed 13 --sparsity 0.5 --log-dir results/logs/multiseed/cifar10_multiseed_20260724_145839/seed_13 --checkpoint-dir results/checkpoints/multiseed/cifar10_multiseed_20260724_145839/seed_13 --plot-dir results/plots/multiseed/cifar10_multiseed_20260724_145839
Exit code: 1
/mnt/aiongpfs/users/dsen/micromamba/envs/cka-cifar/lib/python3.11/site-packages/torchvision/datasets/cifar.py:83: VisibleDeprecationWarning: dtype(): align should be passed as Python or NumPy boolean but got `align=0`. Did you mean to pass a tuple to create a subarray type? (Deprecated NumPy 2.4)
  entry = pickle.load(f, encoding="latin1")
/home/users/dsen/.local/lib/python3.11/site-packages/torch/cuda/__init__.py:371: UserWarning: Found GPU0 Tesla V100-SXM2-32GB which is of compute capability (CC) 7.0.
The following list shows the CCs this version of PyTorch was built for and the hardware CCs it supports:
- 7.5 which supports hardware CC >=7.5,<8.0
- 8.0 which supports hardware CC >=8.0,<9.0 except {8.7}
- 8.6 which supports hardware CC >=8.6,<9.0 except {8.7}
- 9.0 which supports hardware CC >=9.0,<10.0
- 10.0 which supports hardware CC >=10.0,<11.0 except {10.1}
- 12.0 which supports hardware CC >=12.0,<13.0
Please follow the instructions at https://pytorch.org/get-started/locally/ to install a PyTorch release that supports one of these CUDA versions: 12.6, 12.8
  _warn_unsupported_code(d, device_cc, code_ccs)
Traceback (most recent call last):
  File "<frozen runpy>", line 198, in _run_module_as_main
  File "<frozen runpy>", line 88, in _run_code
  File "/mnt/aiongpfs/users/dsen/cka-fed-dynamic-sparsity/src/train.py", line 386, in <module>
    main()
  File "/mnt/aiongpfs/users/dsen/cka-fed-dynamic-sparsity/src/train.py", line 376, in main
    history = run_experiment(config, paths)
              ^^^^^^^^^^^^^^^^^^^^^^^^^^^^^
  File "/mnt/aiongpfs/users/dsen/cka-fed-dynamic-sparsity/src/train.py", line 264, in run_experiment
    history = run_sparse_fedavg(
              ^^^^^^^^^^^^^^^^^^
  File "/mnt/aiongpfs/users/dsen/cka-fed-dynamic-sparsity/src/federated.py", line 273, in run_sparse_fedavg
    apply_masks(global_model, masks)
  File "/mnt/aiongpfs/users/dsen/cka-fed-dynamic-sparsity/src/sparsity.py", line 73, in apply_masks
    param.mul_(masks[name].to(device=param.device, dtype=param.dtype))
torch.AcceleratorError: CUDA error: no kernel image is available for execution on the device
Search for `cudaErrorNoKernelImageForDevice' in https://docs.nvidia.com/cuda/cuda-runtime-api/group__CUDART__TYPES.html for more information.
CUDA kernel errors might be asynchronously reported at some other API call, so the stacktrace below might be incorrect.
For debugging consider passing CUDA_LAUNCH_BLOCKING=1
Compile with `TORCH_USE_CUDA_DSA` to enable device-side assertions.


FAILED COMMAND: /mnt/aiongpfs/users/dsen/micromamba/envs/cka-cifar/bin/python -m src.train --global-config configs/global_cifar10.yaml --config configs/sparse_fedavg_mnist.yaml --seed 13 --sparsity 0.7 --log-dir results/logs/multiseed/cifar10_multiseed_20260724_145839/seed_13 --checkpoint-dir results/checkpoints/multiseed/cifar10_multiseed_20260724_145839/seed_13 --plot-dir results/plots/multiseed/cifar10_multiseed_20260724_145839
Exit code: 1
/mnt/aiongpfs/users/dsen/micromamba/envs/cka-cifar/lib/python3.11/site-packages/torchvision/datasets/cifar.py:83: VisibleDeprecationWarning: dtype(): align should be passed as Python or NumPy boolean but got `align=0`. Did you mean to pass a tuple to create a subarray type? (Deprecated NumPy 2.4)
  entry = pickle.load(f, encoding="latin1")
/home/users/dsen/.local/lib/python3.11/site-packages/torch/cuda/__init__.py:371: UserWarning: Found GPU0 Tesla V100-SXM2-32GB which is of compute capability (CC) 7.0.
The following list shows the CCs this version of PyTorch was built for and the hardware CCs it supports:
- 7.5 which supports hardware CC >=7.5,<8.0
- 8.0 which supports hardware CC >=8.0,<9.0 except {8.7}
- 8.6 which supports hardware CC >=8.6,<9.0 except {8.7}
- 9.0 which supports hardware CC >=9.0,<10.0
- 10.0 which supports hardware CC >=10.0,<11.0 except {10.1}
- 12.0 which supports hardware CC >=12.0,<13.0
Please follow the instructions at https://pytorch.org/get-started/locally/ to install a PyTorch release that supports one of these CUDA versions: 12.6, 12.8
  _warn_unsupported_code(d, device_cc, code_ccs)
Traceback (most recent call last):
  File "<frozen runpy>", line 198, in _run_module_as_main
  File "<frozen runpy>", line 88, in _run_code
  File "/mnt/aiongpfs/users/dsen/cka-fed-dynamic-sparsity/src/train.py", line 386, in <module>
    main()
  File "/mnt/aiongpfs/users/dsen/cka-fed-dynamic-sparsity/src/train.py", line 376, in main
    history = run_experiment(config, paths)
              ^^^^^^^^^^^^^^^^^^^^^^^^^^^^^
  File "/mnt/aiongpfs/users/dsen/cka-fed-dynamic-sparsity/src/train.py", line 276, in run_experiment
    history = run_feddst(
              ^^^^^^^^^^^
  File "/mnt/aiongpfs/users/dsen/cka-fed-dynamic-sparsity/src/federated.py", line 361, in run_feddst
    apply_masks(global_model, masks)
  File "/mnt/aiongpfs/users/dsen/cka-fed-dynamic-sparsity/src/sparsity.py", line 73, in apply_masks
    param.mul_(masks[name].to(device=param.device, dtype=param.dtype))
torch.AcceleratorError: CUDA error: no kernel image is available for execution on the device
Search for `cudaErrorNoKernelImageForDevice' in https://docs.nvidia.com/cuda/cuda-runtime-api/group__CUDART__TYPES.html for more information.
CUDA kernel errors might be asynchronously reported at some other API call, so the stacktrace below might be incorrect.
For debugging consider passing CUDA_LAUNCH_BLOCKING=1
Compile with `TORCH_USE_CUDA_DSA` to enable device-side assertions.


FAILED COMMAND: /mnt/aiongpfs/users/dsen/micromamba/envs/cka-cifar/bin/python -m src.train --global-config configs/global_cifar10.yaml --config configs/feddst_mnist.yaml --seed 13 --sparsity 0.7 --log-dir results/logs/multiseed/cifar10_multiseed_20260724_145839/seed_13 --checkpoint-dir results/checkpoints/multiseed/cifar10_multiseed_20260724_145839/seed_13 --plot-dir results/plots/multiseed/cifar10_multiseed_20260724_145839
Exit code: 1
/mnt/aiongpfs/users/dsen/micromamba/envs/cka-cifar/lib/python3.11/site-packages/torchvision/datasets/cifar.py:83: VisibleDeprecationWarning: dtype(): align should be passed as Python or NumPy boolean but got `align=0`. Did you mean to pass a tuple to create a subarray type? (Deprecated NumPy 2.4)
  entry = pickle.load(f, encoding="latin1")
/home/users/dsen/.local/lib/python3.11/site-packages/torch/cuda/__init__.py:371: UserWarning: Found GPU0 Tesla V100-SXM2-32GB which is of compute capability (CC) 7.0.
The following list shows the CCs this version of PyTorch was built for and the hardware CCs it supports:
- 7.5 which supports hardware CC >=7.5,<8.0
- 8.0 which supports hardware CC >=8.0,<9.0 except {8.7}
- 8.6 which supports hardware CC >=8.6,<9.0 except {8.7}
- 9.0 which supports hardware CC >=9.0,<10.0
- 10.0 which supports hardware CC >=10.0,<11.0 except {10.1}
- 12.0 which supports hardware CC >=12.0,<13.0
Please follow the instructions at https://pytorch.org/get-started/locally/ to install a PyTorch release that supports one of these CUDA versions: 12.6, 12.8
  _warn_unsupported_code(d, device_cc, code_ccs)
Traceback (most recent call last):
  File "<frozen runpy>", line 198, in _run_module_as_main
  File "<frozen runpy>", line 88, in _run_code
  File "/mnt/aiongpfs/users/dsen/cka-fed-dynamic-sparsity/src/train.py", line 386, in <module>
    main()
  File "/mnt/aiongpfs/users/dsen/cka-fed-dynamic-sparsity/src/train.py", line 376, in main
    history = run_experiment(config, paths)
              ^^^^^^^^^^^^^^^^^^^^^^^^^^^^^
  File "/mnt/aiongpfs/users/dsen/cka-fed-dynamic-sparsity/src/train.py", line 289, in run_experiment
    history = run_cka_feddst(
              ^^^^^^^^^^^^^^^
  File "/mnt/aiongpfs/users/dsen/cka-fed-dynamic-sparsity/src/federated.py", line 485, in run_cka_feddst
    apply_masks(global_model, masks)
  File "/mnt/aiongpfs/users/dsen/cka-fed-dynamic-sparsity/src/sparsity.py", line 73, in apply_masks
    param.mul_(masks[name].to(device=param.device, dtype=param.dtype))
torch.AcceleratorError: CUDA error: no kernel image is available for execution on the device
Search for `cudaErrorNoKernelImageForDevice' in https://docs.nvidia.com/cuda/cuda-runtime-api/group__CUDART__TYPES.html for more information.
CUDA kernel errors might be asynchronously reported at some other API call, so the stacktrace below might be incorrect.
For debugging consider passing CUDA_LAUNCH_BLOCKING=1
Compile with `TORCH_USE_CUDA_DSA` to enable device-side assertions.


FAILED COMMAND: /mnt/aiongpfs/users/dsen/micromamba/envs/cka-cifar/bin/python -m src.train --global-config configs/global_cifar10.yaml --config configs/cka_feddst_mnist.yaml --seed 13 --sparsity 0.7 --log-dir results/logs/multiseed/cifar10_multiseed_20260724_145839/seed_13 --checkpoint-dir results/checkpoints/multiseed/cifar10_multiseed_20260724_145839/seed_13 --plot-dir results/plots/multiseed/cifar10_multiseed_20260724_145839
Exit code: 1
/mnt/aiongpfs/users/dsen/micromamba/envs/cka-cifar/lib/python3.11/site-packages/torchvision/datasets/cifar.py:83: VisibleDeprecationWarning: dtype(): align should be passed as Python or NumPy boolean but got `align=0`. Did you mean to pass a tuple to create a subarray type? (Deprecated NumPy 2.4)
  entry = pickle.load(f, encoding="latin1")
/home/users/dsen/.local/lib/python3.11/site-packages/torch/cuda/__init__.py:371: UserWarning: Found GPU0 Tesla V100-SXM2-32GB which is of compute capability (CC) 7.0.
The following list shows the CCs this version of PyTorch was built for and the hardware CCs it supports:
- 7.5 which supports hardware CC >=7.5,<8.0
- 8.0 which supports hardware CC >=8.0,<9.0 except {8.7}
- 8.6 which supports hardware CC >=8.6,<9.0 except {8.7}
- 9.0 which supports hardware CC >=9.0,<10.0
- 10.0 which supports hardware CC >=10.0,<11.0 except {10.1}
- 12.0 which supports hardware CC >=12.0,<13.0
Please follow the instructions at https://pytorch.org/get-started/locally/ to install a PyTorch release that supports one of these CUDA versions: 12.6, 12.8
  _warn_unsupported_code(d, device_cc, code_ccs)
Traceback (most recent call last):
  File "<frozen runpy>", line 198, in _run_module_as_main
  File "<frozen runpy>", line 88, in _run_code
  File "/mnt/aiongpfs/users/dsen/cka-fed-dynamic-sparsity/src/train.py", line 386, in <module>
    main()
  File "/mnt/aiongpfs/users/dsen/cka-fed-dynamic-sparsity/src/train.py", line 376, in main
    history = run_experiment(config, paths)
              ^^^^^^^^^^^^^^^^^^^^^^^^^^^^^
  File "/mnt/aiongpfs/users/dsen/cka-fed-dynamic-sparsity/src/train.py", line 264, in run_experiment
    history = run_sparse_fedavg(
              ^^^^^^^^^^^^^^^^^^
  File "/mnt/aiongpfs/users/dsen/cka-fed-dynamic-sparsity/src/federated.py", line 273, in run_sparse_fedavg
    apply_masks(global_model, masks)
  File "/mnt/aiongpfs/users/dsen/cka-fed-dynamic-sparsity/src/sparsity.py", line 73, in apply_masks
    param.mul_(masks[name].to(device=param.device, dtype=param.dtype))
torch.AcceleratorError: CUDA error: no kernel image is available for execution on the device
Search for `cudaErrorNoKernelImageForDevice' in https://docs.nvidia.com/cuda/cuda-runtime-api/group__CUDART__TYPES.html for more information.
CUDA kernel errors might be asynchronously reported at some other API call, so the stacktrace below might be incorrect.
For debugging consider passing CUDA_LAUNCH_BLOCKING=1
Compile with `TORCH_USE_CUDA_DSA` to enable device-side assertions.


FAILED COMMAND: /mnt/aiongpfs/users/dsen/micromamba/envs/cka-cifar/bin/python -m src.train --global-config configs/global_cifar10.yaml --config configs/sparse_fedavg_mnist.yaml --seed 13 --sparsity 0.8 --log-dir results/logs/multiseed/cifar10_multiseed_20260724_145839/seed_13 --checkpoint-dir results/checkpoints/multiseed/cifar10_multiseed_20260724_145839/seed_13 --plot-dir results/plots/multiseed/cifar10_multiseed_20260724_145839
Exit code: 1
/mnt/aiongpfs/users/dsen/micromamba/envs/cka-cifar/lib/python3.11/site-packages/torchvision/datasets/cifar.py:83: VisibleDeprecationWarning: dtype(): align should be passed as Python or NumPy boolean but got `align=0`. Did you mean to pass a tuple to create a subarray type? (Deprecated NumPy 2.4)
  entry = pickle.load(f, encoding="latin1")
/home/users/dsen/.local/lib/python3.11/site-packages/torch/cuda/__init__.py:371: UserWarning: Found GPU0 Tesla V100-SXM2-32GB which is of compute capability (CC) 7.0.
The following list shows the CCs this version of PyTorch was built for and the hardware CCs it supports:
- 7.5 which supports hardware CC >=7.5,<8.0
- 8.0 which supports hardware CC >=8.0,<9.0 except {8.7}
- 8.6 which supports hardware CC >=8.6,<9.0 except {8.7}
- 9.0 which supports hardware CC >=9.0,<10.0
- 10.0 which supports hardware CC >=10.0,<11.0 except {10.1}
- 12.0 which supports hardware CC >=12.0,<13.0
Please follow the instructions at https://pytorch.org/get-started/locally/ to install a PyTorch release that supports one of these CUDA versions: 12.6, 12.8
  _warn_unsupported_code(d, device_cc, code_ccs)
Traceback (most recent call last):
  File "<frozen runpy>", line 198, in _run_module_as_main
  File "<frozen runpy>", line 88, in _run_code
  File "/mnt/aiongpfs/users/dsen/cka-fed-dynamic-sparsity/src/train.py", line 386, in <module>
    main()
  File "/mnt/aiongpfs/users/dsen/cka-fed-dynamic-sparsity/src/train.py", line 376, in main
    history = run_experiment(config, paths)
              ^^^^^^^^^^^^^^^^^^^^^^^^^^^^^
  File "/mnt/aiongpfs/users/dsen/cka-fed-dynamic-sparsity/src/train.py", line 276, in run_experiment
    history = run_feddst(
              ^^^^^^^^^^^
  File "/mnt/aiongpfs/users/dsen/cka-fed-dynamic-sparsity/src/federated.py", line 361, in run_feddst
    apply_masks(global_model, masks)
  File "/mnt/aiongpfs/users/dsen/cka-fed-dynamic-sparsity/src/sparsity.py", line 73, in apply_masks
    param.mul_(masks[name].to(device=param.device, dtype=param.dtype))
torch.AcceleratorError: CUDA error: no kernel image is available for execution on the device
Search for `cudaErrorNoKernelImageForDevice' in https://docs.nvidia.com/cuda/cuda-runtime-api/group__CUDART__TYPES.html for more information.
CUDA kernel errors might be asynchronously reported at some other API call, so the stacktrace below might be incorrect.
For debugging consider passing CUDA_LAUNCH_BLOCKING=1
Compile with `TORCH_USE_CUDA_DSA` to enable device-side assertions.


FAILED COMMAND: /mnt/aiongpfs/users/dsen/micromamba/envs/cka-cifar/bin/python -m src.train --global-config configs/global_cifar10.yaml --config configs/feddst_mnist.yaml --seed 13 --sparsity 0.8 --log-dir results/logs/multiseed/cifar10_multiseed_20260724_145839/seed_13 --checkpoint-dir results/checkpoints/multiseed/cifar10_multiseed_20260724_145839/seed_13 --plot-dir results/plots/multiseed/cifar10_multiseed_20260724_145839
Exit code: 1
/mnt/aiongpfs/users/dsen/micromamba/envs/cka-cifar/lib/python3.11/site-packages/torchvision/datasets/cifar.py:83: VisibleDeprecationWarning: dtype(): align should be passed as Python or NumPy boolean but got `align=0`. Did you mean to pass a tuple to create a subarray type? (Deprecated NumPy 2.4)
  entry = pickle.load(f, encoding="latin1")
/home/users/dsen/.local/lib/python3.11/site-packages/torch/cuda/__init__.py:371: UserWarning: Found GPU0 Tesla V100-SXM2-32GB which is of compute capability (CC) 7.0.
The following list shows the CCs this version of PyTorch was built for and the hardware CCs it supports:
- 7.5 which supports hardware CC >=7.5,<8.0
- 8.0 which supports hardware CC >=8.0,<9.0 except {8.7}
- 8.6 which supports hardware CC >=8.6,<9.0 except {8.7}
- 9.0 which supports hardware CC >=9.0,<10.0
- 10.0 which supports hardware CC >=10.0,<11.0 except {10.1}
- 12.0 which supports hardware CC >=12.0,<13.0
Please follow the instructions at https://pytorch.org/get-started/locally/ to install a PyTorch release that supports one of these CUDA versions: 12.6, 12.8
  _warn_unsupported_code(d, device_cc, code_ccs)
Traceback (most recent call last):
  File "<frozen runpy>", line 198, in _run_module_as_main
  File "<frozen runpy>", line 88, in _run_code
  File "/mnt/aiongpfs/users/dsen/cka-fed-dynamic-sparsity/src/train.py", line 386, in <module>
    main()
  File "/mnt/aiongpfs/users/dsen/cka-fed-dynamic-sparsity/src/train.py", line 376, in main
    history = run_experiment(config, paths)
              ^^^^^^^^^^^^^^^^^^^^^^^^^^^^^
  File "/mnt/aiongpfs/users/dsen/cka-fed-dynamic-sparsity/src/train.py", line 289, in run_experiment
    history = run_cka_feddst(
              ^^^^^^^^^^^^^^^
  File "/mnt/aiongpfs/users/dsen/cka-fed-dynamic-sparsity/src/federated.py", line 485, in run_cka_feddst
    apply_masks(global_model, masks)
  File "/mnt/aiongpfs/users/dsen/cka-fed-dynamic-sparsity/src/sparsity.py", line 73, in apply_masks
    param.mul_(masks[name].to(device=param.device, dtype=param.dtype))
torch.AcceleratorError: CUDA error: no kernel image is available for execution on the device
Search for `cudaErrorNoKernelImageForDevice' in https://docs.nvidia.com/cuda/cuda-runtime-api/group__CUDART__TYPES.html for more information.
CUDA kernel errors might be asynchronously reported at some other API call, so the stacktrace below might be incorrect.
For debugging consider passing CUDA_LAUNCH_BLOCKING=1
Compile with `TORCH_USE_CUDA_DSA` to enable device-side assertions.


FAILED COMMAND: /mnt/aiongpfs/users/dsen/micromamba/envs/cka-cifar/bin/python -m src.train --global-config configs/global_cifar10.yaml --config configs/cka_feddst_mnist.yaml --seed 13 --sparsity 0.8 --log-dir results/logs/multiseed/cifar10_multiseed_20260724_145839/seed_13 --checkpoint-dir results/checkpoints/multiseed/cifar10_multiseed_20260724_145839/seed_13 --plot-dir results/plots/multiseed/cifar10_multiseed_20260724_145839
Exit code: 1
/mnt/aiongpfs/users/dsen/micromamba/envs/cka-cifar/lib/python3.11/site-packages/torchvision/datasets/cifar.py:83: VisibleDeprecationWarning: dtype(): align should be passed as Python or NumPy boolean but got `align=0`. Did you mean to pass a tuple to create a subarray type? (Deprecated NumPy 2.4)
  entry = pickle.load(f, encoding="latin1")
/home/users/dsen/.local/lib/python3.11/site-packages/torch/cuda/__init__.py:371: UserWarning: Found GPU0 Tesla V100-SXM2-32GB which is of compute capability (CC) 7.0.
The following list shows the CCs this version of PyTorch was built for and the hardware CCs it supports:
- 7.5 which supports hardware CC >=7.5,<8.0
- 8.0 which supports hardware CC >=8.0,<9.0 except {8.7}
- 8.6 which supports hardware CC >=8.6,<9.0 except {8.7}
- 9.0 which supports hardware CC >=9.0,<10.0
- 10.0 which supports hardware CC >=10.0,<11.0 except {10.1}
- 12.0 which supports hardware CC >=12.0,<13.0
Please follow the instructions at https://pytorch.org/get-started/locally/ to install a PyTorch release that supports one of these CUDA versions: 12.6, 12.8
  _warn_unsupported_code(d, device_cc, code_ccs)
Traceback (most recent call last):
  File "<frozen runpy>", line 198, in _run_module_as_main
  File "<frozen runpy>", line 88, in _run_code
  File "/mnt/aiongpfs/users/dsen/cka-fed-dynamic-sparsity/src/train.py", line 386, in <module>
    main()
  File "/mnt/aiongpfs/users/dsen/cka-fed-dynamic-sparsity/src/train.py", line 376, in main
    history = run_experiment(config, paths)
              ^^^^^^^^^^^^^^^^^^^^^^^^^^^^^
  File "/mnt/aiongpfs/users/dsen/cka-fed-dynamic-sparsity/src/train.py", line 264, in run_experiment
    history = run_sparse_fedavg(
              ^^^^^^^^^^^^^^^^^^
  File "/mnt/aiongpfs/users/dsen/cka-fed-dynamic-sparsity/src/federated.py", line 273, in run_sparse_fedavg
    apply_masks(global_model, masks)
  File "/mnt/aiongpfs/users/dsen/cka-fed-dynamic-sparsity/src/sparsity.py", line 73, in apply_masks
    param.mul_(masks[name].to(device=param.device, dtype=param.dtype))
torch.AcceleratorError: CUDA error: no kernel image is available for execution on the device
Search for `cudaErrorNoKernelImageForDevice' in https://docs.nvidia.com/cuda/cuda-runtime-api/group__CUDART__TYPES.html for more information.
CUDA kernel errors might be asynchronously reported at some other API call, so the stacktrace below might be incorrect.
For debugging consider passing CUDA_LAUNCH_BLOCKING=1
Compile with `TORCH_USE_CUDA_DSA` to enable device-side assertions.


FAILED COMMAND: /mnt/aiongpfs/users/dsen/micromamba/envs/cka-cifar/bin/python -m src.train --global-config configs/global_cifar10.yaml --config configs/sparse_fedavg_mnist.yaml --seed 13 --sparsity 0.9 --log-dir results/logs/multiseed/cifar10_multiseed_20260724_145839/seed_13 --checkpoint-dir results/checkpoints/multiseed/cifar10_multiseed_20260724_145839/seed_13 --plot-dir results/plots/multiseed/cifar10_multiseed_20260724_145839
Exit code: 1
/mnt/aiongpfs/users/dsen/micromamba/envs/cka-cifar/lib/python3.11/site-packages/torchvision/datasets/cifar.py:83: VisibleDeprecationWarning: dtype(): align should be passed as Python or NumPy boolean but got `align=0`. Did you mean to pass a tuple to create a subarray type? (Deprecated NumPy 2.4)
  entry = pickle.load(f, encoding="latin1")
/home/users/dsen/.local/lib/python3.11/site-packages/torch/cuda/__init__.py:371: UserWarning: Found GPU0 Tesla V100-SXM2-32GB which is of compute capability (CC) 7.0.
The following list shows the CCs this version of PyTorch was built for and the hardware CCs it supports:
- 7.5 which supports hardware CC >=7.5,<8.0
- 8.0 which supports hardware CC >=8.0,<9.0 except {8.7}
- 8.6 which supports hardware CC >=8.6,<9.0 except {8.7}
- 9.0 which supports hardware CC >=9.0,<10.0
- 10.0 which supports hardware CC >=10.0,<11.0 except {10.1}
- 12.0 which supports hardware CC >=12.0,<13.0
Please follow the instructions at https://pytorch.org/get-started/locally/ to install a PyTorch release that supports one of these CUDA versions: 12.6, 12.8
  _warn_unsupported_code(d, device_cc, code_ccs)
Traceback (most recent call last):
  File "<frozen runpy>", line 198, in _run_module_as_main
  File "<frozen runpy>", line 88, in _run_code
  File "/mnt/aiongpfs/users/dsen/cka-fed-dynamic-sparsity/src/train.py", line 386, in <module>
    main()
  File "/mnt/aiongpfs/users/dsen/cka-fed-dynamic-sparsity/src/train.py", line 376, in main
    history = run_experiment(config, paths)
              ^^^^^^^^^^^^^^^^^^^^^^^^^^^^^
  File "/mnt/aiongpfs/users/dsen/cka-fed-dynamic-sparsity/src/train.py", line 276, in run_experiment
    history = run_feddst(
              ^^^^^^^^^^^
  File "/mnt/aiongpfs/users/dsen/cka-fed-dynamic-sparsity/src/federated.py", line 361, in run_feddst
    apply_masks(global_model, masks)
  File "/mnt/aiongpfs/users/dsen/cka-fed-dynamic-sparsity/src/sparsity.py", line 73, in apply_masks
    param.mul_(masks[name].to(device=param.device, dtype=param.dtype))
torch.AcceleratorError: CUDA error: no kernel image is available for execution on the device
Search for `cudaErrorNoKernelImageForDevice' in https://docs.nvidia.com/cuda/cuda-runtime-api/group__CUDART__TYPES.html for more information.
CUDA kernel errors might be asynchronously reported at some other API call, so the stacktrace below might be incorrect.
For debugging consider passing CUDA_LAUNCH_BLOCKING=1
Compile with `TORCH_USE_CUDA_DSA` to enable device-side assertions.


FAILED COMMAND: /mnt/aiongpfs/users/dsen/micromamba/envs/cka-cifar/bin/python -m src.train --global-config configs/global_cifar10.yaml --config configs/feddst_mnist.yaml --seed 13 --sparsity 0.9 --log-dir results/logs/multiseed/cifar10_multiseed_20260724_145839/seed_13 --checkpoint-dir results/checkpoints/multiseed/cifar10_multiseed_20260724_145839/seed_13 --plot-dir results/plots/multiseed/cifar10_multiseed_20260724_145839
Exit code: 1
/mnt/aiongpfs/users/dsen/micromamba/envs/cka-cifar/lib/python3.11/site-packages/torchvision/datasets/cifar.py:83: VisibleDeprecationWarning: dtype(): align should be passed as Python or NumPy boolean but got `align=0`. Did you mean to pass a tuple to create a subarray type? (Deprecated NumPy 2.4)
  entry = pickle.load(f, encoding="latin1")
/home/users/dsen/.local/lib/python3.11/site-packages/torch/cuda/__init__.py:371: UserWarning: Found GPU0 Tesla V100-SXM2-32GB which is of compute capability (CC) 7.0.
The following list shows the CCs this version of PyTorch was built for and the hardware CCs it supports:
- 7.5 which supports hardware CC >=7.5,<8.0
- 8.0 which supports hardware CC >=8.0,<9.0 except {8.7}
- 8.6 which supports hardware CC >=8.6,<9.0 except {8.7}
- 9.0 which supports hardware CC >=9.0,<10.0
- 10.0 which supports hardware CC >=10.0,<11.0 except {10.1}
- 12.0 which supports hardware CC >=12.0,<13.0
Please follow the instructions at https://pytorch.org/get-started/locally/ to install a PyTorch release that supports one of these CUDA versions: 12.6, 12.8
  _warn_unsupported_code(d, device_cc, code_ccs)
Traceback (most recent call last):
  File "<frozen runpy>", line 198, in _run_module_as_main
  File "<frozen runpy>", line 88, in _run_code
  File "/mnt/aiongpfs/users/dsen/cka-fed-dynamic-sparsity/src/train.py", line 386, in <module>
    main()
  File "/mnt/aiongpfs/users/dsen/cka-fed-dynamic-sparsity/src/train.py", line 376, in main
    history = run_experiment(config, paths)
              ^^^^^^^^^^^^^^^^^^^^^^^^^^^^^
  File "/mnt/aiongpfs/users/dsen/cka-fed-dynamic-sparsity/src/train.py", line 289, in run_experiment
    history = run_cka_feddst(
              ^^^^^^^^^^^^^^^
  File "/mnt/aiongpfs/users/dsen/cka-fed-dynamic-sparsity/src/federated.py", line 485, in run_cka_feddst
    apply_masks(global_model, masks)
  File "/mnt/aiongpfs/users/dsen/cka-fed-dynamic-sparsity/src/sparsity.py", line 73, in apply_masks
    param.mul_(masks[name].to(device=param.device, dtype=param.dtype))
torch.AcceleratorError: CUDA error: no kernel image is available for execution on the device
Search for `cudaErrorNoKernelImageForDevice' in https://docs.nvidia.com/cuda/cuda-runtime-api/group__CUDART__TYPES.html for more information.
CUDA kernel errors might be asynchronously reported at some other API call, so the stacktrace below might be incorrect.
For debugging consider passing CUDA_LAUNCH_BLOCKING=1
Compile with `TORCH_USE_CUDA_DSA` to enable device-side assertions.


FAILED COMMAND: /mnt/aiongpfs/users/dsen/micromamba/envs/cka-cifar/bin/python -m src.train --global-config configs/global_cifar10.yaml --config configs/cka_feddst_mnist.yaml --seed 13 --sparsity 0.9 --log-dir results/logs/multiseed/cifar10_multiseed_20260724_145839/seed_13 --checkpoint-dir results/checkpoints/multiseed/cifar10_multiseed_20260724_145839/seed_13 --plot-dir results/plots/multiseed/cifar10_multiseed_20260724_145839
Exit code: 1
/mnt/aiongpfs/users/dsen/micromamba/envs/cka-cifar/lib/python3.11/site-packages/torchvision/datasets/cifar.py:83: VisibleDeprecationWarning: dtype(): align should be passed as Python or NumPy boolean but got `align=0`. Did you mean to pass a tuple to create a subarray type? (Deprecated NumPy 2.4)
  entry = pickle.load(f, encoding="latin1")
/home/users/dsen/.local/lib/python3.11/site-packages/torch/cuda/__init__.py:371: UserWarning: Found GPU0 Tesla V100-SXM2-32GB which is of compute capability (CC) 7.0.
The following list shows the CCs this version of PyTorch was built for and the hardware CCs it supports:
- 7.5 which supports hardware CC >=7.5,<8.0
- 8.0 which supports hardware CC >=8.0,<9.0 except {8.7}
- 8.6 which supports hardware CC >=8.6,<9.0 except {8.7}
- 9.0 which supports hardware CC >=9.0,<10.0
- 10.0 which supports hardware CC >=10.0,<11.0 except {10.1}
- 12.0 which supports hardware CC >=12.0,<13.0
Please follow the instructions at https://pytorch.org/get-started/locally/ to install a PyTorch release that supports one of these CUDA versions: 12.6, 12.8
  _warn_unsupported_code(d, device_cc, code_ccs)
Traceback (most recent call last):
  File "<frozen runpy>", line 198, in _run_module_as_main
  File "<frozen runpy>", line 88, in _run_code
  File "/mnt/aiongpfs/users/dsen/cka-fed-dynamic-sparsity/src/train.py", line 386, in <module>
    main()
  File "/mnt/aiongpfs/users/dsen/cka-fed-dynamic-sparsity/src/train.py", line 376, in main
    history = run_experiment(config, paths)
              ^^^^^^^^^^^^^^^^^^^^^^^^^^^^^
  File "/mnt/aiongpfs/users/dsen/cka-fed-dynamic-sparsity/src/train.py", line 264, in run_experiment
    history = run_sparse_fedavg(
              ^^^^^^^^^^^^^^^^^^
  File "/mnt/aiongpfs/users/dsen/cka-fed-dynamic-sparsity/src/federated.py", line 273, in run_sparse_fedavg
    apply_masks(global_model, masks)
  File "/mnt/aiongpfs/users/dsen/cka-fed-dynamic-sparsity/src/sparsity.py", line 73, in apply_masks
    param.mul_(masks[name].to(device=param.device, dtype=param.dtype))
torch.AcceleratorError: CUDA error: no kernel image is available for execution on the device
Search for `cudaErrorNoKernelImageForDevice' in https://docs.nvidia.com/cuda/cuda-runtime-api/group__CUDART__TYPES.html for more information.
CUDA kernel errors might be asynchronously reported at some other API call, so the stacktrace below might be incorrect.
For debugging consider passing CUDA_LAUNCH_BLOCKING=1
Compile with `TORCH_USE_CUDA_DSA` to enable device-side assertions.


FAILED COMMAND: /mnt/aiongpfs/users/dsen/micromamba/envs/cka-cifar/bin/python -m src.train --global-config configs/global_cifar10.yaml --config configs/sparse_fedavg_mnist.yaml --seed 13 --sparsity 0.95 --log-dir results/logs/multiseed/cifar10_multiseed_20260724_145839/seed_13 --checkpoint-dir results/checkpoints/multiseed/cifar10_multiseed_20260724_145839/seed_13 --plot-dir results/plots/multiseed/cifar10_multiseed_20260724_145839
Exit code: 1
/mnt/aiongpfs/users/dsen/micromamba/envs/cka-cifar/lib/python3.11/site-packages/torchvision/datasets/cifar.py:83: VisibleDeprecationWarning: dtype(): align should be passed as Python or NumPy boolean but got `align=0`. Did you mean to pass a tuple to create a subarray type? (Deprecated NumPy 2.4)
  entry = pickle.load(f, encoding="latin1")
/home/users/dsen/.local/lib/python3.11/site-packages/torch/cuda/__init__.py:371: UserWarning: Found GPU0 Tesla V100-SXM2-32GB which is of compute capability (CC) 7.0.
The following list shows the CCs this version of PyTorch was built for and the hardware CCs it supports:
- 7.5 which supports hardware CC >=7.5,<8.0
- 8.0 which supports hardware CC >=8.0,<9.0 except {8.7}
- 8.6 which supports hardware CC >=8.6,<9.0 except {8.7}
- 9.0 which supports hardware CC >=9.0,<10.0
- 10.0 which supports hardware CC >=10.0,<11.0 except {10.1}
- 12.0 which supports hardware CC >=12.0,<13.0
Please follow the instructions at https://pytorch.org/get-started/locally/ to install a PyTorch release that supports one of these CUDA versions: 12.6, 12.8
  _warn_unsupported_code(d, device_cc, code_ccs)
Traceback (most recent call last):
  File "<frozen runpy>", line 198, in _run_module_as_main
  File "<frozen runpy>", line 88, in _run_code
  File "/mnt/aiongpfs/users/dsen/cka-fed-dynamic-sparsity/src/train.py", line 386, in <module>
    main()
  File "/mnt/aiongpfs/users/dsen/cka-fed-dynamic-sparsity/src/train.py", line 376, in main
    history = run_experiment(config, paths)
              ^^^^^^^^^^^^^^^^^^^^^^^^^^^^^
  File "/mnt/aiongpfs/users/dsen/cka-fed-dynamic-sparsity/src/train.py", line 276, in run_experiment
    history = run_feddst(
              ^^^^^^^^^^^
  File "/mnt/aiongpfs/users/dsen/cka-fed-dynamic-sparsity/src/federated.py", line 361, in run_feddst
    apply_masks(global_model, masks)
  File "/mnt/aiongpfs/users/dsen/cka-fed-dynamic-sparsity/src/sparsity.py", line 73, in apply_masks
    param.mul_(masks[name].to(device=param.device, dtype=param.dtype))
torch.AcceleratorError: CUDA error: no kernel image is available for execution on the device
Search for `cudaErrorNoKernelImageForDevice' in https://docs.nvidia.com/cuda/cuda-runtime-api/group__CUDART__TYPES.html for more information.
CUDA kernel errors might be asynchronously reported at some other API call, so the stacktrace below might be incorrect.
For debugging consider passing CUDA_LAUNCH_BLOCKING=1
Compile with `TORCH_USE_CUDA_DSA` to enable device-side assertions.


FAILED COMMAND: /mnt/aiongpfs/users/dsen/micromamba/envs/cka-cifar/bin/python -m src.train --global-config configs/global_cifar10.yaml --config configs/feddst_mnist.yaml --seed 13 --sparsity 0.95 --log-dir results/logs/multiseed/cifar10_multiseed_20260724_145839/seed_13 --checkpoint-dir results/checkpoints/multiseed/cifar10_multiseed_20260724_145839/seed_13 --plot-dir results/plots/multiseed/cifar10_multiseed_20260724_145839
Exit code: 1
/mnt/aiongpfs/users/dsen/micromamba/envs/cka-cifar/lib/python3.11/site-packages/torchvision/datasets/cifar.py:83: VisibleDeprecationWarning: dtype(): align should be passed as Python or NumPy boolean but got `align=0`. Did you mean to pass a tuple to create a subarray type? (Deprecated NumPy 2.4)
  entry = pickle.load(f, encoding="latin1")
/home/users/dsen/.local/lib/python3.11/site-packages/torch/cuda/__init__.py:371: UserWarning: Found GPU0 Tesla V100-SXM2-32GB which is of compute capability (CC) 7.0.
The following list shows the CCs this version of PyTorch was built for and the hardware CCs it supports:
- 7.5 which supports hardware CC >=7.5,<8.0
- 8.0 which supports hardware CC >=8.0,<9.0 except {8.7}
- 8.6 which supports hardware CC >=8.6,<9.0 except {8.7}
- 9.0 which supports hardware CC >=9.0,<10.0
- 10.0 which supports hardware CC >=10.0,<11.0 except {10.1}
- 12.0 which supports hardware CC >=12.0,<13.0
Please follow the instructions at https://pytorch.org/get-started/locally/ to install a PyTorch release that supports one of these CUDA versions: 12.6, 12.8
  _warn_unsupported_code(d, device_cc, code_ccs)
Traceback (most recent call last):
  File "<frozen runpy>", line 198, in _run_module_as_main
  File "<frozen runpy>", line 88, in _run_code
  File "/mnt/aiongpfs/users/dsen/cka-fed-dynamic-sparsity/src/train.py", line 386, in <module>
    main()
  File "/mnt/aiongpfs/users/dsen/cka-fed-dynamic-sparsity/src/train.py", line 376, in main
    history = run_experiment(config, paths)
              ^^^^^^^^^^^^^^^^^^^^^^^^^^^^^
  File "/mnt/aiongpfs/users/dsen/cka-fed-dynamic-sparsity/src/train.py", line 289, in run_experiment
    history = run_cka_feddst(
              ^^^^^^^^^^^^^^^
  File "/mnt/aiongpfs/users/dsen/cka-fed-dynamic-sparsity/src/federated.py", line 485, in run_cka_feddst
    apply_masks(global_model, masks)
  File "/mnt/aiongpfs/users/dsen/cka-fed-dynamic-sparsity/src/sparsity.py", line 73, in apply_masks
    param.mul_(masks[name].to(device=param.device, dtype=param.dtype))
torch.AcceleratorError: CUDA error: no kernel image is available for execution on the device
Search for `cudaErrorNoKernelImageForDevice' in https://docs.nvidia.com/cuda/cuda-runtime-api/group__CUDART__TYPES.html for more information.
CUDA kernel errors might be asynchronously reported at some other API call, so the stacktrace below might be incorrect.
For debugging consider passing CUDA_LAUNCH_BLOCKING=1
Compile with `TORCH_USE_CUDA_DSA` to enable device-side assertions.


FAILED COMMAND: /mnt/aiongpfs/users/dsen/micromamba/envs/cka-cifar/bin/python -m src.train --global-config configs/global_cifar10.yaml --config configs/cka_feddst_mnist.yaml --seed 13 --sparsity 0.95 --log-dir results/logs/multiseed/cifar10_multiseed_20260724_145839/seed_13 --checkpoint-dir results/checkpoints/multiseed/cifar10_multiseed_20260724_145839/seed_13 --plot-dir results/plots/multiseed/cifar10_multiseed_20260724_145839
Exit code: 1
/mnt/aiongpfs/users/dsen/micromamba/envs/cka-cifar/lib/python3.11/site-packages/torchvision/datasets/cifar.py:83: VisibleDeprecationWarning: dtype(): align should be passed as Python or NumPy boolean but got `align=0`. Did you mean to pass a tuple to create a subarray type? (Deprecated NumPy 2.4)
  entry = pickle.load(f, encoding="latin1")
/home/users/dsen/.local/lib/python3.11/site-packages/torch/cuda/__init__.py:371: UserWarning: Found GPU0 Tesla V100-SXM2-32GB which is of compute capability (CC) 7.0.
The following list shows the CCs this version of PyTorch was built for and the hardware CCs it supports:
- 7.5 which supports hardware CC >=7.5,<8.0
- 8.0 which supports hardware CC >=8.0,<9.0 except {8.7}
- 8.6 which supports hardware CC >=8.6,<9.0 except {8.7}
- 9.0 which supports hardware CC >=9.0,<10.0
- 10.0 which supports hardware CC >=10.0,<11.0 except {10.1}
- 12.0 which supports hardware CC >=12.0,<13.0
Please follow the instructions at https://pytorch.org/get-started/locally/ to install a PyTorch release that supports one of these CUDA versions: 12.6, 12.8
  _warn_unsupported_code(d, device_cc, code_ccs)
Traceback (most recent call last):
  File "<frozen runpy>", line 198, in _run_module_as_main
  File "<frozen runpy>", line 88, in _run_code
  File "/mnt/aiongpfs/users/dsen/cka-fed-dynamic-sparsity/src/train.py", line 386, in <module>
    main()
  File "/mnt/aiongpfs/users/dsen/cka-fed-dynamic-sparsity/src/train.py", line 376, in main
    history = run_experiment(config, paths)
              ^^^^^^^^^^^^^^^^^^^^^^^^^^^^^
  File "/mnt/aiongpfs/users/dsen/cka-fed-dynamic-sparsity/src/train.py", line 253, in run_experiment
    history = run_fedavg(
              ^^^^^^^^^^^
  File "/mnt/aiongpfs/users/dsen/cka-fed-dynamic-sparsity/src/federated.py", line 210, in run_fedavg
    round_result = run_federated_round(
                   ^^^^^^^^^^^^^^^^^^^^
  File "/mnt/aiongpfs/users/dsen/cka-fed-dynamic-sparsity/src/federated.py", line 150, in run_federated_round
    client_updates = [
                     ^
  File "/mnt/aiongpfs/users/dsen/cka-fed-dynamic-sparsity/src/federated.py", line 151, in <listcomp>
    train_client(
  File "/mnt/aiongpfs/users/dsen/cka-fed-dynamic-sparsity/src/federated.py", line 71, in train_client
    logits = client_model(images)
             ^^^^^^^^^^^^^^^^^^^^
  File "/home/users/dsen/.local/lib/python3.11/site-packages/torch/nn/modules/module.py", line 1779, in _wrapped_call_impl
    return self._call_impl(*args, **kwargs)
           ^^^^^^^^^^^^^^^^^^^^^^^^^^^^^^^^
  File "/home/users/dsen/.local/lib/python3.11/site-packages/torch/nn/modules/module.py", line 1790, in _call_impl
    return forward_call(*args, **kwargs)
           ^^^^^^^^^^^^^^^^^^^^^^^^^^^^^
  File "/mnt/aiongpfs/users/dsen/cka-fed-dynamic-sparsity/src/models.py", line 108, in forward
    x = F.relu(self.conv1(x))
               ^^^^^^^^^^^^^
  File "/home/users/dsen/.local/lib/python3.11/site-packages/torch/nn/modules/module.py", line 1779, in _wrapped_call_impl
    return self._call_impl(*args, **kwargs)
           ^^^^^^^^^^^^^^^^^^^^^^^^^^^^^^^^
  File "/home/users/dsen/.local/lib/python3.11/site-packages/torch/nn/modules/module.py", line 1790, in _call_impl
    return forward_call(*args, **kwargs)
           ^^^^^^^^^^^^^^^^^^^^^^^^^^^^^
  File "/home/users/dsen/.local/lib/python3.11/site-packages/torch/nn/modules/conv.py", line 553, in forward
    return self._conv_forward(input, self.weight, self.bias)
           ^^^^^^^^^^^^^^^^^^^^^^^^^^^^^^^^^^^^^^^^^^^^^^^^^
  File "/home/users/dsen/.local/lib/python3.11/site-packages/torch/nn/modules/conv.py", line 548, in _conv_forward
    return F.conv2d(
           ^^^^^^^^^
RuntimeError: GET was unable to find an engine to execute this computation

FAILED COMMAND: /mnt/aiongpfs/users/dsen/micromamba/envs/cka-cifar/bin/python -m src.train --global-config configs/global_cifar10.yaml --config configs/fedavg_mnist.yaml --seed 21 --log-dir results/logs/multiseed/cifar10_multiseed_20260724_145839/seed_21 --checkpoint-dir results/checkpoints/multiseed/cifar10_multiseed_20260724_145839/seed_21 --plot-dir results/plots/multiseed/cifar10_multiseed_20260724_145839
Exit code: 1
/mnt/aiongpfs/users/dsen/micromamba/envs/cka-cifar/lib/python3.11/site-packages/torchvision/datasets/cifar.py:83: VisibleDeprecationWarning: dtype(): align should be passed as Python or NumPy boolean but got `align=0`. Did you mean to pass a tuple to create a subarray type? (Deprecated NumPy 2.4)
  entry = pickle.load(f, encoding="latin1")
/home/users/dsen/.local/lib/python3.11/site-packages/torch/cuda/__init__.py:371: UserWarning: Found GPU0 Tesla V100-SXM2-32GB which is of compute capability (CC) 7.0.
The following list shows the CCs this version of PyTorch was built for and the hardware CCs it supports:
- 7.5 which supports hardware CC >=7.5,<8.0
- 8.0 which supports hardware CC >=8.0,<9.0 except {8.7}
- 8.6 which supports hardware CC >=8.6,<9.0 except {8.7}
- 9.0 which supports hardware CC >=9.0,<10.0
- 10.0 which supports hardware CC >=10.0,<11.0 except {10.1}
- 12.0 which supports hardware CC >=12.0,<13.0
Please follow the instructions at https://pytorch.org/get-started/locally/ to install a PyTorch release that supports one of these CUDA versions: 12.6, 12.8
  _warn_unsupported_code(d, device_cc, code_ccs)
Traceback (most recent call last):
  File "<frozen runpy>", line 198, in _run_module_as_main
  File "<frozen runpy>", line 88, in _run_code
  File "/mnt/aiongpfs/users/dsen/cka-fed-dynamic-sparsity/src/train.py", line 386, in <module>
    main()
  File "/mnt/aiongpfs/users/dsen/cka-fed-dynamic-sparsity/src/train.py", line 376, in main
    history = run_experiment(config, paths)
              ^^^^^^^^^^^^^^^^^^^^^^^^^^^^^
  File "/mnt/aiongpfs/users/dsen/cka-fed-dynamic-sparsity/src/train.py", line 264, in run_experiment
    history = run_sparse_fedavg(
              ^^^^^^^^^^^^^^^^^^
  File "/mnt/aiongpfs/users/dsen/cka-fed-dynamic-sparsity/src/federated.py", line 273, in run_sparse_fedavg
    apply_masks(global_model, masks)
  File "/mnt/aiongpfs/users/dsen/cka-fed-dynamic-sparsity/src/sparsity.py", line 73, in apply_masks
    param.mul_(masks[name].to(device=param.device, dtype=param.dtype))
torch.AcceleratorError: CUDA error: no kernel image is available for execution on the device
Search for `cudaErrorNoKernelImageForDevice' in https://docs.nvidia.com/cuda/cuda-runtime-api/group__CUDART__TYPES.html for more information.
CUDA kernel errors might be asynchronously reported at some other API call, so the stacktrace below might be incorrect.
For debugging consider passing CUDA_LAUNCH_BLOCKING=1
Compile with `TORCH_USE_CUDA_DSA` to enable device-side assertions.


FAILED COMMAND: /mnt/aiongpfs/users/dsen/micromamba/envs/cka-cifar/bin/python -m src.train --global-config configs/global_cifar10.yaml --config configs/sparse_fedavg_mnist.yaml --seed 21 --sparsity 0.5 --log-dir results/logs/multiseed/cifar10_multiseed_20260724_145839/seed_21 --checkpoint-dir results/checkpoints/multiseed/cifar10_multiseed_20260724_145839/seed_21 --plot-dir results/plots/multiseed/cifar10_multiseed_20260724_145839
Exit code: 1
/mnt/aiongpfs/users/dsen/micromamba/envs/cka-cifar/lib/python3.11/site-packages/torchvision/datasets/cifar.py:83: VisibleDeprecationWarning: dtype(): align should be passed as Python or NumPy boolean but got `align=0`. Did you mean to pass a tuple to create a subarray type? (Deprecated NumPy 2.4)
  entry = pickle.load(f, encoding="latin1")
/home/users/dsen/.local/lib/python3.11/site-packages/torch/cuda/__init__.py:371: UserWarning: Found GPU0 Tesla V100-SXM2-32GB which is of compute capability (CC) 7.0.
The following list shows the CCs this version of PyTorch was built for and the hardware CCs it supports:
- 7.5 which supports hardware CC >=7.5,<8.0
- 8.0 which supports hardware CC >=8.0,<9.0 except {8.7}
- 8.6 which supports hardware CC >=8.6,<9.0 except {8.7}
- 9.0 which supports hardware CC >=9.0,<10.0
- 10.0 which supports hardware CC >=10.0,<11.0 except {10.1}
- 12.0 which supports hardware CC >=12.0,<13.0
Please follow the instructions at https://pytorch.org/get-started/locally/ to install a PyTorch release that supports one of these CUDA versions: 12.6, 12.8
  _warn_unsupported_code(d, device_cc, code_ccs)
Traceback (most recent call last):
  File "<frozen runpy>", line 198, in _run_module_as_main
  File "<frozen runpy>", line 88, in _run_code
  File "/mnt/aiongpfs/users/dsen/cka-fed-dynamic-sparsity/src/train.py", line 386, in <module>
    main()
  File "/mnt/aiongpfs/users/dsen/cka-fed-dynamic-sparsity/src/train.py", line 376, in main
    history = run_experiment(config, paths)
              ^^^^^^^^^^^^^^^^^^^^^^^^^^^^^
  File "/mnt/aiongpfs/users/dsen/cka-fed-dynamic-sparsity/src/train.py", line 276, in run_experiment
    history = run_feddst(
              ^^^^^^^^^^^
  File "/mnt/aiongpfs/users/dsen/cka-fed-dynamic-sparsity/src/federated.py", line 361, in run_feddst
    apply_masks(global_model, masks)
  File "/mnt/aiongpfs/users/dsen/cka-fed-dynamic-sparsity/src/sparsity.py", line 73, in apply_masks
    param.mul_(masks[name].to(device=param.device, dtype=param.dtype))
torch.AcceleratorError: CUDA error: no kernel image is available for execution on the device
Search for `cudaErrorNoKernelImageForDevice' in https://docs.nvidia.com/cuda/cuda-runtime-api/group__CUDART__TYPES.html for more information.
CUDA kernel errors might be asynchronously reported at some other API call, so the stacktrace below might be incorrect.
For debugging consider passing CUDA_LAUNCH_BLOCKING=1
Compile with `TORCH_USE_CUDA_DSA` to enable device-side assertions.


FAILED COMMAND: /mnt/aiongpfs/users/dsen/micromamba/envs/cka-cifar/bin/python -m src.train --global-config configs/global_cifar10.yaml --config configs/feddst_mnist.yaml --seed 21 --sparsity 0.5 --log-dir results/logs/multiseed/cifar10_multiseed_20260724_145839/seed_21 --checkpoint-dir results/checkpoints/multiseed/cifar10_multiseed_20260724_145839/seed_21 --plot-dir results/plots/multiseed/cifar10_multiseed_20260724_145839
Exit code: 1
/mnt/aiongpfs/users/dsen/micromamba/envs/cka-cifar/lib/python3.11/site-packages/torchvision/datasets/cifar.py:83: VisibleDeprecationWarning: dtype(): align should be passed as Python or NumPy boolean but got `align=0`. Did you mean to pass a tuple to create a subarray type? (Deprecated NumPy 2.4)
  entry = pickle.load(f, encoding="latin1")
/home/users/dsen/.local/lib/python3.11/site-packages/torch/cuda/__init__.py:371: UserWarning: Found GPU0 Tesla V100-SXM2-32GB which is of compute capability (CC) 7.0.
The following list shows the CCs this version of PyTorch was built for and the hardware CCs it supports:
- 7.5 which supports hardware CC >=7.5,<8.0
- 8.0 which supports hardware CC >=8.0,<9.0 except {8.7}
- 8.6 which supports hardware CC >=8.6,<9.0 except {8.7}
- 9.0 which supports hardware CC >=9.0,<10.0
- 10.0 which supports hardware CC >=10.0,<11.0 except {10.1}
- 12.0 which supports hardware CC >=12.0,<13.0
Please follow the instructions at https://pytorch.org/get-started/locally/ to install a PyTorch release that supports one of these CUDA versions: 12.6, 12.8
  _warn_unsupported_code(d, device_cc, code_ccs)
Traceback (most recent call last):
  File "<frozen runpy>", line 198, in _run_module_as_main
  File "<frozen runpy>", line 88, in _run_code
  File "/mnt/aiongpfs/users/dsen/cka-fed-dynamic-sparsity/src/train.py", line 386, in <module>
    main()
  File "/mnt/aiongpfs/users/dsen/cka-fed-dynamic-sparsity/src/train.py", line 376, in main
    history = run_experiment(config, paths)
              ^^^^^^^^^^^^^^^^^^^^^^^^^^^^^
  File "/mnt/aiongpfs/users/dsen/cka-fed-dynamic-sparsity/src/train.py", line 289, in run_experiment
    history = run_cka_feddst(
              ^^^^^^^^^^^^^^^
  File "/mnt/aiongpfs/users/dsen/cka-fed-dynamic-sparsity/src/federated.py", line 485, in run_cka_feddst
    apply_masks(global_model, masks)
  File "/mnt/aiongpfs/users/dsen/cka-fed-dynamic-sparsity/src/sparsity.py", line 73, in apply_masks
    param.mul_(masks[name].to(device=param.device, dtype=param.dtype))
torch.AcceleratorError: CUDA error: no kernel image is available for execution on the device
Search for `cudaErrorNoKernelImageForDevice' in https://docs.nvidia.com/cuda/cuda-runtime-api/group__CUDART__TYPES.html for more information.
CUDA kernel errors might be asynchronously reported at some other API call, so the stacktrace below might be incorrect.
For debugging consider passing CUDA_LAUNCH_BLOCKING=1
Compile with `TORCH_USE_CUDA_DSA` to enable device-side assertions.


FAILED COMMAND: /mnt/aiongpfs/users/dsen/micromamba/envs/cka-cifar/bin/python -m src.train --global-config configs/global_cifar10.yaml --config configs/cka_feddst_mnist.yaml --seed 21 --sparsity 0.5 --log-dir results/logs/multiseed/cifar10_multiseed_20260724_145839/seed_21 --checkpoint-dir results/checkpoints/multiseed/cifar10_multiseed_20260724_145839/seed_21 --plot-dir results/plots/multiseed/cifar10_multiseed_20260724_145839
Exit code: 1
/mnt/aiongpfs/users/dsen/micromamba/envs/cka-cifar/lib/python3.11/site-packages/torchvision/datasets/cifar.py:83: VisibleDeprecationWarning: dtype(): align should be passed as Python or NumPy boolean but got `align=0`. Did you mean to pass a tuple to create a subarray type? (Deprecated NumPy 2.4)
  entry = pickle.load(f, encoding="latin1")
/home/users/dsen/.local/lib/python3.11/site-packages/torch/cuda/__init__.py:371: UserWarning: Found GPU0 Tesla V100-SXM2-32GB which is of compute capability (CC) 7.0.
The following list shows the CCs this version of PyTorch was built for and the hardware CCs it supports:
- 7.5 which supports hardware CC >=7.5,<8.0
- 8.0 which supports hardware CC >=8.0,<9.0 except {8.7}
- 8.6 which supports hardware CC >=8.6,<9.0 except {8.7}
- 9.0 which supports hardware CC >=9.0,<10.0
- 10.0 which supports hardware CC >=10.0,<11.0 except {10.1}
- 12.0 which supports hardware CC >=12.0,<13.0
Please follow the instructions at https://pytorch.org/get-started/locally/ to install a PyTorch release that supports one of these CUDA versions: 12.6, 12.8
  _warn_unsupported_code(d, device_cc, code_ccs)
Traceback (most recent call last):
  File "<frozen runpy>", line 198, in _run_module_as_main
  File "<frozen runpy>", line 88, in _run_code
  File "/mnt/aiongpfs/users/dsen/cka-fed-dynamic-sparsity/src/train.py", line 386, in <module>
    main()
  File "/mnt/aiongpfs/users/dsen/cka-fed-dynamic-sparsity/src/train.py", line 376, in main
    history = run_experiment(config, paths)
              ^^^^^^^^^^^^^^^^^^^^^^^^^^^^^
  File "/mnt/aiongpfs/users/dsen/cka-fed-dynamic-sparsity/src/train.py", line 264, in run_experiment
    history = run_sparse_fedavg(
              ^^^^^^^^^^^^^^^^^^
  File "/mnt/aiongpfs/users/dsen/cka-fed-dynamic-sparsity/src/federated.py", line 273, in run_sparse_fedavg
    apply_masks(global_model, masks)
  File "/mnt/aiongpfs/users/dsen/cka-fed-dynamic-sparsity/src/sparsity.py", line 73, in apply_masks
    param.mul_(masks[name].to(device=param.device, dtype=param.dtype))
torch.AcceleratorError: CUDA error: no kernel image is available for execution on the device
Search for `cudaErrorNoKernelImageForDevice' in https://docs.nvidia.com/cuda/cuda-runtime-api/group__CUDART__TYPES.html for more information.
CUDA kernel errors might be asynchronously reported at some other API call, so the stacktrace below might be incorrect.
For debugging consider passing CUDA_LAUNCH_BLOCKING=1
Compile with `TORCH_USE_CUDA_DSA` to enable device-side assertions.


FAILED COMMAND: /mnt/aiongpfs/users/dsen/micromamba/envs/cka-cifar/bin/python -m src.train --global-config configs/global_cifar10.yaml --config configs/sparse_fedavg_mnist.yaml --seed 21 --sparsity 0.7 --log-dir results/logs/multiseed/cifar10_multiseed_20260724_145839/seed_21 --checkpoint-dir results/checkpoints/multiseed/cifar10_multiseed_20260724_145839/seed_21 --plot-dir results/plots/multiseed/cifar10_multiseed_20260724_145839
Exit code: 1
/mnt/aiongpfs/users/dsen/micromamba/envs/cka-cifar/lib/python3.11/site-packages/torchvision/datasets/cifar.py:83: VisibleDeprecationWarning: dtype(): align should be passed as Python or NumPy boolean but got `align=0`. Did you mean to pass a tuple to create a subarray type? (Deprecated NumPy 2.4)
  entry = pickle.load(f, encoding="latin1")
/home/users/dsen/.local/lib/python3.11/site-packages/torch/cuda/__init__.py:371: UserWarning: Found GPU0 Tesla V100-SXM2-32GB which is of compute capability (CC) 7.0.
The following list shows the CCs this version of PyTorch was built for and the hardware CCs it supports:
- 7.5 which supports hardware CC >=7.5,<8.0
- 8.0 which supports hardware CC >=8.0,<9.0 except {8.7}
- 8.6 which supports hardware CC >=8.6,<9.0 except {8.7}
- 9.0 which supports hardware CC >=9.0,<10.0
- 10.0 which supports hardware CC >=10.0,<11.0 except {10.1}
- 12.0 which supports hardware CC >=12.0,<13.0
Please follow the instructions at https://pytorch.org/get-started/locally/ to install a PyTorch release that supports one of these CUDA versions: 12.6, 12.8
  _warn_unsupported_code(d, device_cc, code_ccs)
Traceback (most recent call last):
  File "<frozen runpy>", line 198, in _run_module_as_main
  File "<frozen runpy>", line 88, in _run_code
  File "/mnt/aiongpfs/users/dsen/cka-fed-dynamic-sparsity/src/train.py", line 386, in <module>
    main()
  File "/mnt/aiongpfs/users/dsen/cka-fed-dynamic-sparsity/src/train.py", line 376, in main
    history = run_experiment(config, paths)
              ^^^^^^^^^^^^^^^^^^^^^^^^^^^^^
  File "/mnt/aiongpfs/users/dsen/cka-fed-dynamic-sparsity/src/train.py", line 276, in run_experiment
    history = run_feddst(
              ^^^^^^^^^^^
  File "/mnt/aiongpfs/users/dsen/cka-fed-dynamic-sparsity/src/federated.py", line 361, in run_feddst
    apply_masks(global_model, masks)
  File "/mnt/aiongpfs/users/dsen/cka-fed-dynamic-sparsity/src/sparsity.py", line 73, in apply_masks
    param.mul_(masks[name].to(device=param.device, dtype=param.dtype))
torch.AcceleratorError: CUDA error: no kernel image is available for execution on the device
Search for `cudaErrorNoKernelImageForDevice' in https://docs.nvidia.com/cuda/cuda-runtime-api/group__CUDART__TYPES.html for more information.
CUDA kernel errors might be asynchronously reported at some other API call, so the stacktrace below might be incorrect.
For debugging consider passing CUDA_LAUNCH_BLOCKING=1
Compile with `TORCH_USE_CUDA_DSA` to enable device-side assertions.


FAILED COMMAND: /mnt/aiongpfs/users/dsen/micromamba/envs/cka-cifar/bin/python -m src.train --global-config configs/global_cifar10.yaml --config configs/feddst_mnist.yaml --seed 21 --sparsity 0.7 --log-dir results/logs/multiseed/cifar10_multiseed_20260724_145839/seed_21 --checkpoint-dir results/checkpoints/multiseed/cifar10_multiseed_20260724_145839/seed_21 --plot-dir results/plots/multiseed/cifar10_multiseed_20260724_145839
Exit code: 1
/mnt/aiongpfs/users/dsen/micromamba/envs/cka-cifar/lib/python3.11/site-packages/torchvision/datasets/cifar.py:83: VisibleDeprecationWarning: dtype(): align should be passed as Python or NumPy boolean but got `align=0`. Did you mean to pass a tuple to create a subarray type? (Deprecated NumPy 2.4)
  entry = pickle.load(f, encoding="latin1")
/home/users/dsen/.local/lib/python3.11/site-packages/torch/cuda/__init__.py:371: UserWarning: Found GPU0 Tesla V100-SXM2-32GB which is of compute capability (CC) 7.0.
The following list shows the CCs this version of PyTorch was built for and the hardware CCs it supports:
- 7.5 which supports hardware CC >=7.5,<8.0
- 8.0 which supports hardware CC >=8.0,<9.0 except {8.7}
- 8.6 which supports hardware CC >=8.6,<9.0 except {8.7}
- 9.0 which supports hardware CC >=9.0,<10.0
- 10.0 which supports hardware CC >=10.0,<11.0 except {10.1}
- 12.0 which supports hardware CC >=12.0,<13.0
Please follow the instructions at https://pytorch.org/get-started/locally/ to install a PyTorch release that supports one of these CUDA versions: 12.6, 12.8
  _warn_unsupported_code(d, device_cc, code_ccs)
Traceback (most recent call last):
  File "<frozen runpy>", line 198, in _run_module_as_main
  File "<frozen runpy>", line 88, in _run_code
  File "/mnt/aiongpfs/users/dsen/cka-fed-dynamic-sparsity/src/train.py", line 386, in <module>
    main()
  File "/mnt/aiongpfs/users/dsen/cka-fed-dynamic-sparsity/src/train.py", line 376, in main
    history = run_experiment(config, paths)
              ^^^^^^^^^^^^^^^^^^^^^^^^^^^^^
  File "/mnt/aiongpfs/users/dsen/cka-fed-dynamic-sparsity/src/train.py", line 289, in run_experiment
    history = run_cka_feddst(
              ^^^^^^^^^^^^^^^
  File "/mnt/aiongpfs/users/dsen/cka-fed-dynamic-sparsity/src/federated.py", line 485, in run_cka_feddst
    apply_masks(global_model, masks)
  File "/mnt/aiongpfs/users/dsen/cka-fed-dynamic-sparsity/src/sparsity.py", line 73, in apply_masks
    param.mul_(masks[name].to(device=param.device, dtype=param.dtype))
torch.AcceleratorError: CUDA error: no kernel image is available for execution on the device
Search for `cudaErrorNoKernelImageForDevice' in https://docs.nvidia.com/cuda/cuda-runtime-api/group__CUDART__TYPES.html for more information.
CUDA kernel errors might be asynchronously reported at some other API call, so the stacktrace below might be incorrect.
For debugging consider passing CUDA_LAUNCH_BLOCKING=1
Compile with `TORCH_USE_CUDA_DSA` to enable device-side assertions.


FAILED COMMAND: /mnt/aiongpfs/users/dsen/micromamba/envs/cka-cifar/bin/python -m src.train --global-config configs/global_cifar10.yaml --config configs/cka_feddst_mnist.yaml --seed 21 --sparsity 0.7 --log-dir results/logs/multiseed/cifar10_multiseed_20260724_145839/seed_21 --checkpoint-dir results/checkpoints/multiseed/cifar10_multiseed_20260724_145839/seed_21 --plot-dir results/plots/multiseed/cifar10_multiseed_20260724_145839
Exit code: 1
/mnt/aiongpfs/users/dsen/micromamba/envs/cka-cifar/lib/python3.11/site-packages/torchvision/datasets/cifar.py:83: VisibleDeprecationWarning: dtype(): align should be passed as Python or NumPy boolean but got `align=0`. Did you mean to pass a tuple to create a subarray type? (Deprecated NumPy 2.4)
  entry = pickle.load(f, encoding="latin1")
/home/users/dsen/.local/lib/python3.11/site-packages/torch/cuda/__init__.py:371: UserWarning: Found GPU0 Tesla V100-SXM2-32GB which is of compute capability (CC) 7.0.
The following list shows the CCs this version of PyTorch was built for and the hardware CCs it supports:
- 7.5 which supports hardware CC >=7.5,<8.0
- 8.0 which supports hardware CC >=8.0,<9.0 except {8.7}
- 8.6 which supports hardware CC >=8.6,<9.0 except {8.7}
- 9.0 which supports hardware CC >=9.0,<10.0
- 10.0 which supports hardware CC >=10.0,<11.0 except {10.1}
- 12.0 which supports hardware CC >=12.0,<13.0
Please follow the instructions at https://pytorch.org/get-started/locally/ to install a PyTorch release that supports one of these CUDA versions: 12.6, 12.8
  _warn_unsupported_code(d, device_cc, code_ccs)
Traceback (most recent call last):
  File "<frozen runpy>", line 198, in _run_module_as_main
  File "<frozen runpy>", line 88, in _run_code
  File "/mnt/aiongpfs/users/dsen/cka-fed-dynamic-sparsity/src/train.py", line 386, in <module>
    main()
  File "/mnt/aiongpfs/users/dsen/cka-fed-dynamic-sparsity/src/train.py", line 376, in main
    history = run_experiment(config, paths)
              ^^^^^^^^^^^^^^^^^^^^^^^^^^^^^
  File "/mnt/aiongpfs/users/dsen/cka-fed-dynamic-sparsity/src/train.py", line 264, in run_experiment
    history = run_sparse_fedavg(
              ^^^^^^^^^^^^^^^^^^
  File "/mnt/aiongpfs/users/dsen/cka-fed-dynamic-sparsity/src/federated.py", line 273, in run_sparse_fedavg
    apply_masks(global_model, masks)
  File "/mnt/aiongpfs/users/dsen/cka-fed-dynamic-sparsity/src/sparsity.py", line 73, in apply_masks
    param.mul_(masks[name].to(device=param.device, dtype=param.dtype))
torch.AcceleratorError: CUDA error: no kernel image is available for execution on the device
Search for `cudaErrorNoKernelImageForDevice' in https://docs.nvidia.com/cuda/cuda-runtime-api/group__CUDART__TYPES.html for more information.
CUDA kernel errors might be asynchronously reported at some other API call, so the stacktrace below might be incorrect.
For debugging consider passing CUDA_LAUNCH_BLOCKING=1
Compile with `TORCH_USE_CUDA_DSA` to enable device-side assertions.


FAILED COMMAND: /mnt/aiongpfs/users/dsen/micromamba/envs/cka-cifar/bin/python -m src.train --global-config configs/global_cifar10.yaml --config configs/sparse_fedavg_mnist.yaml --seed 21 --sparsity 0.8 --log-dir results/logs/multiseed/cifar10_multiseed_20260724_145839/seed_21 --checkpoint-dir results/checkpoints/multiseed/cifar10_multiseed_20260724_145839/seed_21 --plot-dir results/plots/multiseed/cifar10_multiseed_20260724_145839
Exit code: 1
/mnt/aiongpfs/users/dsen/micromamba/envs/cka-cifar/lib/python3.11/site-packages/torchvision/datasets/cifar.py:83: VisibleDeprecationWarning: dtype(): align should be passed as Python or NumPy boolean but got `align=0`. Did you mean to pass a tuple to create a subarray type? (Deprecated NumPy 2.4)
  entry = pickle.load(f, encoding="latin1")
/home/users/dsen/.local/lib/python3.11/site-packages/torch/cuda/__init__.py:371: UserWarning: Found GPU0 Tesla V100-SXM2-32GB which is of compute capability (CC) 7.0.
The following list shows the CCs this version of PyTorch was built for and the hardware CCs it supports:
- 7.5 which supports hardware CC >=7.5,<8.0
- 8.0 which supports hardware CC >=8.0,<9.0 except {8.7}
- 8.6 which supports hardware CC >=8.6,<9.0 except {8.7}
- 9.0 which supports hardware CC >=9.0,<10.0
- 10.0 which supports hardware CC >=10.0,<11.0 except {10.1}
- 12.0 which supports hardware CC >=12.0,<13.0
Please follow the instructions at https://pytorch.org/get-started/locally/ to install a PyTorch release that supports one of these CUDA versions: 12.6, 12.8
  _warn_unsupported_code(d, device_cc, code_ccs)
Traceback (most recent call last):
  File "<frozen runpy>", line 198, in _run_module_as_main
  File "<frozen runpy>", line 88, in _run_code
  File "/mnt/aiongpfs/users/dsen/cka-fed-dynamic-sparsity/src/train.py", line 386, in <module>
    main()
  File "/mnt/aiongpfs/users/dsen/cka-fed-dynamic-sparsity/src/train.py", line 376, in main
    history = run_experiment(config, paths)
              ^^^^^^^^^^^^^^^^^^^^^^^^^^^^^
  File "/mnt/aiongpfs/users/dsen/cka-fed-dynamic-sparsity/src/train.py", line 276, in run_experiment
    history = run_feddst(
              ^^^^^^^^^^^
  File "/mnt/aiongpfs/users/dsen/cka-fed-dynamic-sparsity/src/federated.py", line 361, in run_feddst
    apply_masks(global_model, masks)
  File "/mnt/aiongpfs/users/dsen/cka-fed-dynamic-sparsity/src/sparsity.py", line 73, in apply_masks
    param.mul_(masks[name].to(device=param.device, dtype=param.dtype))
torch.AcceleratorError: CUDA error: no kernel image is available for execution on the device
Search for `cudaErrorNoKernelImageForDevice' in https://docs.nvidia.com/cuda/cuda-runtime-api/group__CUDART__TYPES.html for more information.
CUDA kernel errors might be asynchronously reported at some other API call, so the stacktrace below might be incorrect.
For debugging consider passing CUDA_LAUNCH_BLOCKING=1
Compile with `TORCH_USE_CUDA_DSA` to enable device-side assertions.


FAILED COMMAND: /mnt/aiongpfs/users/dsen/micromamba/envs/cka-cifar/bin/python -m src.train --global-config configs/global_cifar10.yaml --config configs/feddst_mnist.yaml --seed 21 --sparsity 0.8 --log-dir results/logs/multiseed/cifar10_multiseed_20260724_145839/seed_21 --checkpoint-dir results/checkpoints/multiseed/cifar10_multiseed_20260724_145839/seed_21 --plot-dir results/plots/multiseed/cifar10_multiseed_20260724_145839
Exit code: 1
/mnt/aiongpfs/users/dsen/micromamba/envs/cka-cifar/lib/python3.11/site-packages/torchvision/datasets/cifar.py:83: VisibleDeprecationWarning: dtype(): align should be passed as Python or NumPy boolean but got `align=0`. Did you mean to pass a tuple to create a subarray type? (Deprecated NumPy 2.4)
  entry = pickle.load(f, encoding="latin1")
/home/users/dsen/.local/lib/python3.11/site-packages/torch/cuda/__init__.py:371: UserWarning: Found GPU0 Tesla V100-SXM2-32GB which is of compute capability (CC) 7.0.
The following list shows the CCs this version of PyTorch was built for and the hardware CCs it supports:
- 7.5 which supports hardware CC >=7.5,<8.0
- 8.0 which supports hardware CC >=8.0,<9.0 except {8.7}
- 8.6 which supports hardware CC >=8.6,<9.0 except {8.7}
- 9.0 which supports hardware CC >=9.0,<10.0
- 10.0 which supports hardware CC >=10.0,<11.0 except {10.1}
- 12.0 which supports hardware CC >=12.0,<13.0
Please follow the instructions at https://pytorch.org/get-started/locally/ to install a PyTorch release that supports one of these CUDA versions: 12.6, 12.8
  _warn_unsupported_code(d, device_cc, code_ccs)
Traceback (most recent call last):
  File "<frozen runpy>", line 198, in _run_module_as_main
  File "<frozen runpy>", line 88, in _run_code
  File "/mnt/aiongpfs/users/dsen/cka-fed-dynamic-sparsity/src/train.py", line 386, in <module>
    main()
  File "/mnt/aiongpfs/users/dsen/cka-fed-dynamic-sparsity/src/train.py", line 376, in main
    history = run_experiment(config, paths)
              ^^^^^^^^^^^^^^^^^^^^^^^^^^^^^
  File "/mnt/aiongpfs/users/dsen/cka-fed-dynamic-sparsity/src/train.py", line 289, in run_experiment
    history = run_cka_feddst(
              ^^^^^^^^^^^^^^^
  File "/mnt/aiongpfs/users/dsen/cka-fed-dynamic-sparsity/src/federated.py", line 485, in run_cka_feddst
    apply_masks(global_model, masks)
  File "/mnt/aiongpfs/users/dsen/cka-fed-dynamic-sparsity/src/sparsity.py", line 73, in apply_masks
    param.mul_(masks[name].to(device=param.device, dtype=param.dtype))
torch.AcceleratorError: CUDA error: no kernel image is available for execution on the device
Search for `cudaErrorNoKernelImageForDevice' in https://docs.nvidia.com/cuda/cuda-runtime-api/group__CUDART__TYPES.html for more information.
CUDA kernel errors might be asynchronously reported at some other API call, so the stacktrace below might be incorrect.
For debugging consider passing CUDA_LAUNCH_BLOCKING=1
Compile with `TORCH_USE_CUDA_DSA` to enable device-side assertions.


FAILED COMMAND: /mnt/aiongpfs/users/dsen/micromamba/envs/cka-cifar/bin/python -m src.train --global-config configs/global_cifar10.yaml --config configs/cka_feddst_mnist.yaml --seed 21 --sparsity 0.8 --log-dir results/logs/multiseed/cifar10_multiseed_20260724_145839/seed_21 --checkpoint-dir results/checkpoints/multiseed/cifar10_multiseed_20260724_145839/seed_21 --plot-dir results/plots/multiseed/cifar10_multiseed_20260724_145839
Exit code: 1
/mnt/aiongpfs/users/dsen/micromamba/envs/cka-cifar/lib/python3.11/site-packages/torchvision/datasets/cifar.py:83: VisibleDeprecationWarning: dtype(): align should be passed as Python or NumPy boolean but got `align=0`. Did you mean to pass a tuple to create a subarray type? (Deprecated NumPy 2.4)
  entry = pickle.load(f, encoding="latin1")
/home/users/dsen/.local/lib/python3.11/site-packages/torch/cuda/__init__.py:371: UserWarning: Found GPU0 Tesla V100-SXM2-32GB which is of compute capability (CC) 7.0.
The following list shows the CCs this version of PyTorch was built for and the hardware CCs it supports:
- 7.5 which supports hardware CC >=7.5,<8.0
- 8.0 which supports hardware CC >=8.0,<9.0 except {8.7}
- 8.6 which supports hardware CC >=8.6,<9.0 except {8.7}
- 9.0 which supports hardware CC >=9.0,<10.0
- 10.0 which supports hardware CC >=10.0,<11.0 except {10.1}
- 12.0 which supports hardware CC >=12.0,<13.0
Please follow the instructions at https://pytorch.org/get-started/locally/ to install a PyTorch release that supports one of these CUDA versions: 12.6, 12.8
  _warn_unsupported_code(d, device_cc, code_ccs)
Traceback (most recent call last):
  File "<frozen runpy>", line 198, in _run_module_as_main
  File "<frozen runpy>", line 88, in _run_code
  File "/mnt/aiongpfs/users/dsen/cka-fed-dynamic-sparsity/src/train.py", line 386, in <module>
    main()
  File "/mnt/aiongpfs/users/dsen/cka-fed-dynamic-sparsity/src/train.py", line 376, in main
    history = run_experiment(config, paths)
              ^^^^^^^^^^^^^^^^^^^^^^^^^^^^^
  File "/mnt/aiongpfs/users/dsen/cka-fed-dynamic-sparsity/src/train.py", line 264, in run_experiment
    history = run_sparse_fedavg(
              ^^^^^^^^^^^^^^^^^^
  File "/mnt/aiongpfs/users/dsen/cka-fed-dynamic-sparsity/src/federated.py", line 273, in run_sparse_fedavg
    apply_masks(global_model, masks)
  File "/mnt/aiongpfs/users/dsen/cka-fed-dynamic-sparsity/src/sparsity.py", line 73, in apply_masks
    param.mul_(masks[name].to(device=param.device, dtype=param.dtype))
torch.AcceleratorError: CUDA error: no kernel image is available for execution on the device
Search for `cudaErrorNoKernelImageForDevice' in https://docs.nvidia.com/cuda/cuda-runtime-api/group__CUDART__TYPES.html for more information.
CUDA kernel errors might be asynchronously reported at some other API call, so the stacktrace below might be incorrect.
For debugging consider passing CUDA_LAUNCH_BLOCKING=1
Compile with `TORCH_USE_CUDA_DSA` to enable device-side assertions.


FAILED COMMAND: /mnt/aiongpfs/users/dsen/micromamba/envs/cka-cifar/bin/python -m src.train --global-config configs/global_cifar10.yaml --config configs/sparse_fedavg_mnist.yaml --seed 21 --sparsity 0.9 --log-dir results/logs/multiseed/cifar10_multiseed_20260724_145839/seed_21 --checkpoint-dir results/checkpoints/multiseed/cifar10_multiseed_20260724_145839/seed_21 --plot-dir results/plots/multiseed/cifar10_multiseed_20260724_145839
Exit code: 1
/mnt/aiongpfs/users/dsen/micromamba/envs/cka-cifar/lib/python3.11/site-packages/torchvision/datasets/cifar.py:83: VisibleDeprecationWarning: dtype(): align should be passed as Python or NumPy boolean but got `align=0`. Did you mean to pass a tuple to create a subarray type? (Deprecated NumPy 2.4)
  entry = pickle.load(f, encoding="latin1")
/home/users/dsen/.local/lib/python3.11/site-packages/torch/cuda/__init__.py:371: UserWarning: Found GPU0 Tesla V100-SXM2-32GB which is of compute capability (CC) 7.0.
The following list shows the CCs this version of PyTorch was built for and the hardware CCs it supports:
- 7.5 which supports hardware CC >=7.5,<8.0
- 8.0 which supports hardware CC >=8.0,<9.0 except {8.7}
- 8.6 which supports hardware CC >=8.6,<9.0 except {8.7}
- 9.0 which supports hardware CC >=9.0,<10.0
- 10.0 which supports hardware CC >=10.0,<11.0 except {10.1}
- 12.0 which supports hardware CC >=12.0,<13.0
Please follow the instructions at https://pytorch.org/get-started/locally/ to install a PyTorch release that supports one of these CUDA versions: 12.6, 12.8
  _warn_unsupported_code(d, device_cc, code_ccs)
Traceback (most recent call last):
  File "<frozen runpy>", line 198, in _run_module_as_main
  File "<frozen runpy>", line 88, in _run_code
  File "/mnt/aiongpfs/users/dsen/cka-fed-dynamic-sparsity/src/train.py", line 386, in <module>
    main()
  File "/mnt/aiongpfs/users/dsen/cka-fed-dynamic-sparsity/src/train.py", line 376, in main
    history = run_experiment(config, paths)
              ^^^^^^^^^^^^^^^^^^^^^^^^^^^^^
  File "/mnt/aiongpfs/users/dsen/cka-fed-dynamic-sparsity/src/train.py", line 276, in run_experiment
    history = run_feddst(
              ^^^^^^^^^^^
  File "/mnt/aiongpfs/users/dsen/cka-fed-dynamic-sparsity/src/federated.py", line 361, in run_feddst
    apply_masks(global_model, masks)
  File "/mnt/aiongpfs/users/dsen/cka-fed-dynamic-sparsity/src/sparsity.py", line 73, in apply_masks
    param.mul_(masks[name].to(device=param.device, dtype=param.dtype))
torch.AcceleratorError: CUDA error: no kernel image is available for execution on the device
Search for `cudaErrorNoKernelImageForDevice' in https://docs.nvidia.com/cuda/cuda-runtime-api/group__CUDART__TYPES.html for more information.
CUDA kernel errors might be asynchronously reported at some other API call, so the stacktrace below might be incorrect.
For debugging consider passing CUDA_LAUNCH_BLOCKING=1
Compile with `TORCH_USE_CUDA_DSA` to enable device-side assertions.


FAILED COMMAND: /mnt/aiongpfs/users/dsen/micromamba/envs/cka-cifar/bin/python -m src.train --global-config configs/global_cifar10.yaml --config configs/feddst_mnist.yaml --seed 21 --sparsity 0.9 --log-dir results/logs/multiseed/cifar10_multiseed_20260724_145839/seed_21 --checkpoint-dir results/checkpoints/multiseed/cifar10_multiseed_20260724_145839/seed_21 --plot-dir results/plots/multiseed/cifar10_multiseed_20260724_145839
Exit code: 1
/mnt/aiongpfs/users/dsen/micromamba/envs/cka-cifar/lib/python3.11/site-packages/torchvision/datasets/cifar.py:83: VisibleDeprecationWarning: dtype(): align should be passed as Python or NumPy boolean but got `align=0`. Did you mean to pass a tuple to create a subarray type? (Deprecated NumPy 2.4)
  entry = pickle.load(f, encoding="latin1")
/home/users/dsen/.local/lib/python3.11/site-packages/torch/cuda/__init__.py:371: UserWarning: Found GPU0 Tesla V100-SXM2-32GB which is of compute capability (CC) 7.0.
The following list shows the CCs this version of PyTorch was built for and the hardware CCs it supports:
- 7.5 which supports hardware CC >=7.5,<8.0
- 8.0 which supports hardware CC >=8.0,<9.0 except {8.7}
- 8.6 which supports hardware CC >=8.6,<9.0 except {8.7}
- 9.0 which supports hardware CC >=9.0,<10.0
- 10.0 which supports hardware CC >=10.0,<11.0 except {10.1}
- 12.0 which supports hardware CC >=12.0,<13.0
Please follow the instructions at https://pytorch.org/get-started/locally/ to install a PyTorch release that supports one of these CUDA versions: 12.6, 12.8
  _warn_unsupported_code(d, device_cc, code_ccs)
Traceback (most recent call last):
  File "<frozen runpy>", line 198, in _run_module_as_main
  File "<frozen runpy>", line 88, in _run_code
  File "/mnt/aiongpfs/users/dsen/cka-fed-dynamic-sparsity/src/train.py", line 386, in <module>
    main()
  File "/mnt/aiongpfs/users/dsen/cka-fed-dynamic-sparsity/src/train.py", line 376, in main
    history = run_experiment(config, paths)
              ^^^^^^^^^^^^^^^^^^^^^^^^^^^^^
  File "/mnt/aiongpfs/users/dsen/cka-fed-dynamic-sparsity/src/train.py", line 289, in run_experiment
    history = run_cka_feddst(
              ^^^^^^^^^^^^^^^
  File "/mnt/aiongpfs/users/dsen/cka-fed-dynamic-sparsity/src/federated.py", line 485, in run_cka_feddst
    apply_masks(global_model, masks)
  File "/mnt/aiongpfs/users/dsen/cka-fed-dynamic-sparsity/src/sparsity.py", line 73, in apply_masks
    param.mul_(masks[name].to(device=param.device, dtype=param.dtype))
torch.AcceleratorError: CUDA error: no kernel image is available for execution on the device
Search for `cudaErrorNoKernelImageForDevice' in https://docs.nvidia.com/cuda/cuda-runtime-api/group__CUDART__TYPES.html for more information.
CUDA kernel errors might be asynchronously reported at some other API call, so the stacktrace below might be incorrect.
For debugging consider passing CUDA_LAUNCH_BLOCKING=1
Compile with `TORCH_USE_CUDA_DSA` to enable device-side assertions.


FAILED COMMAND: /mnt/aiongpfs/users/dsen/micromamba/envs/cka-cifar/bin/python -m src.train --global-config configs/global_cifar10.yaml --config configs/cka_feddst_mnist.yaml --seed 21 --sparsity 0.9 --log-dir results/logs/multiseed/cifar10_multiseed_20260724_145839/seed_21 --checkpoint-dir results/checkpoints/multiseed/cifar10_multiseed_20260724_145839/seed_21 --plot-dir results/plots/multiseed/cifar10_multiseed_20260724_145839
Exit code: 1
/mnt/aiongpfs/users/dsen/micromamba/envs/cka-cifar/lib/python3.11/site-packages/torchvision/datasets/cifar.py:83: VisibleDeprecationWarning: dtype(): align should be passed as Python or NumPy boolean but got `align=0`. Did you mean to pass a tuple to create a subarray type? (Deprecated NumPy 2.4)
  entry = pickle.load(f, encoding="latin1")
/home/users/dsen/.local/lib/python3.11/site-packages/torch/cuda/__init__.py:371: UserWarning: Found GPU0 Tesla V100-SXM2-32GB which is of compute capability (CC) 7.0.
The following list shows the CCs this version of PyTorch was built for and the hardware CCs it supports:
- 7.5 which supports hardware CC >=7.5,<8.0
- 8.0 which supports hardware CC >=8.0,<9.0 except {8.7}
- 8.6 which supports hardware CC >=8.6,<9.0 except {8.7}
- 9.0 which supports hardware CC >=9.0,<10.0
- 10.0 which supports hardware CC >=10.0,<11.0 except {10.1}
- 12.0 which supports hardware CC >=12.0,<13.0
Please follow the instructions at https://pytorch.org/get-started/locally/ to install a PyTorch release that supports one of these CUDA versions: 12.6, 12.8
  _warn_unsupported_code(d, device_cc, code_ccs)
Traceback (most recent call last):
  File "<frozen runpy>", line 198, in _run_module_as_main
  File "<frozen runpy>", line 88, in _run_code
  File "/mnt/aiongpfs/users/dsen/cka-fed-dynamic-sparsity/src/train.py", line 386, in <module>
    main()
  File "/mnt/aiongpfs/users/dsen/cka-fed-dynamic-sparsity/src/train.py", line 376, in main
    history = run_experiment(config, paths)
              ^^^^^^^^^^^^^^^^^^^^^^^^^^^^^
  File "/mnt/aiongpfs/users/dsen/cka-fed-dynamic-sparsity/src/train.py", line 264, in run_experiment
    history = run_sparse_fedavg(
              ^^^^^^^^^^^^^^^^^^
  File "/mnt/aiongpfs/users/dsen/cka-fed-dynamic-sparsity/src/federated.py", line 273, in run_sparse_fedavg
    apply_masks(global_model, masks)
  File "/mnt/aiongpfs/users/dsen/cka-fed-dynamic-sparsity/src/sparsity.py", line 73, in apply_masks
    param.mul_(masks[name].to(device=param.device, dtype=param.dtype))
torch.AcceleratorError: CUDA error: no kernel image is available for execution on the device
Search for `cudaErrorNoKernelImageForDevice' in https://docs.nvidia.com/cuda/cuda-runtime-api/group__CUDART__TYPES.html for more information.
CUDA kernel errors might be asynchronously reported at some other API call, so the stacktrace below might be incorrect.
For debugging consider passing CUDA_LAUNCH_BLOCKING=1
Compile with `TORCH_USE_CUDA_DSA` to enable device-side assertions.


FAILED COMMAND: /mnt/aiongpfs/users/dsen/micromamba/envs/cka-cifar/bin/python -m src.train --global-config configs/global_cifar10.yaml --config configs/sparse_fedavg_mnist.yaml --seed 21 --sparsity 0.95 --log-dir results/logs/multiseed/cifar10_multiseed_20260724_145839/seed_21 --checkpoint-dir results/checkpoints/multiseed/cifar10_multiseed_20260724_145839/seed_21 --plot-dir results/plots/multiseed/cifar10_multiseed_20260724_145839
Exit code: 1
/mnt/aiongpfs/users/dsen/micromamba/envs/cka-cifar/lib/python3.11/site-packages/torchvision/datasets/cifar.py:83: VisibleDeprecationWarning: dtype(): align should be passed as Python or NumPy boolean but got `align=0`. Did you mean to pass a tuple to create a subarray type? (Deprecated NumPy 2.4)
  entry = pickle.load(f, encoding="latin1")
/home/users/dsen/.local/lib/python3.11/site-packages/torch/cuda/__init__.py:371: UserWarning: Found GPU0 Tesla V100-SXM2-32GB which is of compute capability (CC) 7.0.
The following list shows the CCs this version of PyTorch was built for and the hardware CCs it supports:
- 7.5 which supports hardware CC >=7.5,<8.0
- 8.0 which supports hardware CC >=8.0,<9.0 except {8.7}
- 8.6 which supports hardware CC >=8.6,<9.0 except {8.7}
- 9.0 which supports hardware CC >=9.0,<10.0
- 10.0 which supports hardware CC >=10.0,<11.0 except {10.1}
- 12.0 which supports hardware CC >=12.0,<13.0
Please follow the instructions at https://pytorch.org/get-started/locally/ to install a PyTorch release that supports one of these CUDA versions: 12.6, 12.8
  _warn_unsupported_code(d, device_cc, code_ccs)
Traceback (most recent call last):
  File "<frozen runpy>", line 198, in _run_module_as_main
  File "<frozen runpy>", line 88, in _run_code
  File "/mnt/aiongpfs/users/dsen/cka-fed-dynamic-sparsity/src/train.py", line 386, in <module>
    main()
  File "/mnt/aiongpfs/users/dsen/cka-fed-dynamic-sparsity/src/train.py", line 376, in main
    history = run_experiment(config, paths)
              ^^^^^^^^^^^^^^^^^^^^^^^^^^^^^
  File "/mnt/aiongpfs/users/dsen/cka-fed-dynamic-sparsity/src/train.py", line 276, in run_experiment
    history = run_feddst(
              ^^^^^^^^^^^
  File "/mnt/aiongpfs/users/dsen/cka-fed-dynamic-sparsity/src/federated.py", line 361, in run_feddst
    apply_masks(global_model, masks)
  File "/mnt/aiongpfs/users/dsen/cka-fed-dynamic-sparsity/src/sparsity.py", line 73, in apply_masks
    param.mul_(masks[name].to(device=param.device, dtype=param.dtype))
torch.AcceleratorError: CUDA error: no kernel image is available for execution on the device
Search for `cudaErrorNoKernelImageForDevice' in https://docs.nvidia.com/cuda/cuda-runtime-api/group__CUDART__TYPES.html for more information.
CUDA kernel errors might be asynchronously reported at some other API call, so the stacktrace below might be incorrect.
For debugging consider passing CUDA_LAUNCH_BLOCKING=1
Compile with `TORCH_USE_CUDA_DSA` to enable device-side assertions.


FAILED COMMAND: /mnt/aiongpfs/users/dsen/micromamba/envs/cka-cifar/bin/python -m src.train --global-config configs/global_cifar10.yaml --config configs/feddst_mnist.yaml --seed 21 --sparsity 0.95 --log-dir results/logs/multiseed/cifar10_multiseed_20260724_145839/seed_21 --checkpoint-dir results/checkpoints/multiseed/cifar10_multiseed_20260724_145839/seed_21 --plot-dir results/plots/multiseed/cifar10_multiseed_20260724_145839
Exit code: 1
/mnt/aiongpfs/users/dsen/micromamba/envs/cka-cifar/lib/python3.11/site-packages/torchvision/datasets/cifar.py:83: VisibleDeprecationWarning: dtype(): align should be passed as Python or NumPy boolean but got `align=0`. Did you mean to pass a tuple to create a subarray type? (Deprecated NumPy 2.4)
  entry = pickle.load(f, encoding="latin1")
/home/users/dsen/.local/lib/python3.11/site-packages/torch/cuda/__init__.py:371: UserWarning: Found GPU0 Tesla V100-SXM2-32GB which is of compute capability (CC) 7.0.
The following list shows the CCs this version of PyTorch was built for and the hardware CCs it supports:
- 7.5 which supports hardware CC >=7.5,<8.0
- 8.0 which supports hardware CC >=8.0,<9.0 except {8.7}
- 8.6 which supports hardware CC >=8.6,<9.0 except {8.7}
- 9.0 which supports hardware CC >=9.0,<10.0
- 10.0 which supports hardware CC >=10.0,<11.0 except {10.1}
- 12.0 which supports hardware CC >=12.0,<13.0
Please follow the instructions at https://pytorch.org/get-started/locally/ to install a PyTorch release that supports one of these CUDA versions: 12.6, 12.8
  _warn_unsupported_code(d, device_cc, code_ccs)
Traceback (most recent call last):
  File "<frozen runpy>", line 198, in _run_module_as_main
  File "<frozen runpy>", line 88, in _run_code
  File "/mnt/aiongpfs/users/dsen/cka-fed-dynamic-sparsity/src/train.py", line 386, in <module>
    main()
  File "/mnt/aiongpfs/users/dsen/cka-fed-dynamic-sparsity/src/train.py", line 376, in main
    history = run_experiment(config, paths)
              ^^^^^^^^^^^^^^^^^^^^^^^^^^^^^
  File "/mnt/aiongpfs/users/dsen/cka-fed-dynamic-sparsity/src/train.py", line 289, in run_experiment
    history = run_cka_feddst(
              ^^^^^^^^^^^^^^^
  File "/mnt/aiongpfs/users/dsen/cka-fed-dynamic-sparsity/src/federated.py", line 485, in run_cka_feddst
    apply_masks(global_model, masks)
  File "/mnt/aiongpfs/users/dsen/cka-fed-dynamic-sparsity/src/sparsity.py", line 73, in apply_masks
    param.mul_(masks[name].to(device=param.device, dtype=param.dtype))
torch.AcceleratorError: CUDA error: no kernel image is available for execution on the device
Search for `cudaErrorNoKernelImageForDevice' in https://docs.nvidia.com/cuda/cuda-runtime-api/group__CUDART__TYPES.html for more information.
CUDA kernel errors might be asynchronously reported at some other API call, so the stacktrace below might be incorrect.
For debugging consider passing CUDA_LAUNCH_BLOCKING=1
Compile with `TORCH_USE_CUDA_DSA` to enable device-side assertions.


FAILED COMMAND: /mnt/aiongpfs/users/dsen/micromamba/envs/cka-cifar/bin/python -m src.train --global-config configs/global_cifar10.yaml --config configs/cka_feddst_mnist.yaml --seed 21 --sparsity 0.95 --log-dir results/logs/multiseed/cifar10_multiseed_20260724_145839/seed_21 --checkpoint-dir results/checkpoints/multiseed/cifar10_multiseed_20260724_145839/seed_21 --plot-dir results/plots/multiseed/cifar10_multiseed_20260724_145839
Exit code: 1
/mnt/aiongpfs/users/dsen/micromamba/envs/cka-cifar/lib/python3.11/site-packages/torchvision/datasets/cifar.py:83: VisibleDeprecationWarning: dtype(): align should be passed as Python or NumPy boolean but got `align=0`. Did you mean to pass a tuple to create a subarray type? (Deprecated NumPy 2.4)
  entry = pickle.load(f, encoding="latin1")
/home/users/dsen/.local/lib/python3.11/site-packages/torch/cuda/__init__.py:371: UserWarning: Found GPU0 Tesla V100-SXM2-32GB which is of compute capability (CC) 7.0.
The following list shows the CCs this version of PyTorch was built for and the hardware CCs it supports:
- 7.5 which supports hardware CC >=7.5,<8.0
- 8.0 which supports hardware CC >=8.0,<9.0 except {8.7}
- 8.6 which supports hardware CC >=8.6,<9.0 except {8.7}
- 9.0 which supports hardware CC >=9.0,<10.0
- 10.0 which supports hardware CC >=10.0,<11.0 except {10.1}
- 12.0 which supports hardware CC >=12.0,<13.0
Please follow the instructions at https://pytorch.org/get-started/locally/ to install a PyTorch release that supports one of these CUDA versions: 12.6, 12.8
  _warn_unsupported_code(d, device_cc, code_ccs)
Traceback (most recent call last):
  File "<frozen runpy>", line 198, in _run_module_as_main
  File "<frozen runpy>", line 88, in _run_code
  File "/mnt/aiongpfs/users/dsen/cka-fed-dynamic-sparsity/src/train.py", line 386, in <module>
    main()
  File "/mnt/aiongpfs/users/dsen/cka-fed-dynamic-sparsity/src/train.py", line 376, in main
    history = run_experiment(config, paths)
              ^^^^^^^^^^^^^^^^^^^^^^^^^^^^^
  File "/mnt/aiongpfs/users/dsen/cka-fed-dynamic-sparsity/src/train.py", line 253, in run_experiment
    history = run_fedavg(
              ^^^^^^^^^^^
  File "/mnt/aiongpfs/users/dsen/cka-fed-dynamic-sparsity/src/federated.py", line 210, in run_fedavg
    round_result = run_federated_round(
                   ^^^^^^^^^^^^^^^^^^^^
  File "/mnt/aiongpfs/users/dsen/cka-fed-dynamic-sparsity/src/federated.py", line 150, in run_federated_round
    client_updates = [
                     ^
  File "/mnt/aiongpfs/users/dsen/cka-fed-dynamic-sparsity/src/federated.py", line 151, in <listcomp>
    train_client(
  File "/mnt/aiongpfs/users/dsen/cka-fed-dynamic-sparsity/src/federated.py", line 71, in train_client
    logits = client_model(images)
             ^^^^^^^^^^^^^^^^^^^^
  File "/home/users/dsen/.local/lib/python3.11/site-packages/torch/nn/modules/module.py", line 1779, in _wrapped_call_impl
    return self._call_impl(*args, **kwargs)
           ^^^^^^^^^^^^^^^^^^^^^^^^^^^^^^^^
  File "/home/users/dsen/.local/lib/python3.11/site-packages/torch/nn/modules/module.py", line 1790, in _call_impl
    return forward_call(*args, **kwargs)
           ^^^^^^^^^^^^^^^^^^^^^^^^^^^^^
  File "/mnt/aiongpfs/users/dsen/cka-fed-dynamic-sparsity/src/models.py", line 108, in forward
    x = F.relu(self.conv1(x))
               ^^^^^^^^^^^^^
  File "/home/users/dsen/.local/lib/python3.11/site-packages/torch/nn/modules/module.py", line 1779, in _wrapped_call_impl
    return self._call_impl(*args, **kwargs)
           ^^^^^^^^^^^^^^^^^^^^^^^^^^^^^^^^
  File "/home/users/dsen/.local/lib/python3.11/site-packages/torch/nn/modules/module.py", line 1790, in _call_impl
    return forward_call(*args, **kwargs)
           ^^^^^^^^^^^^^^^^^^^^^^^^^^^^^
  File "/home/users/dsen/.local/lib/python3.11/site-packages/torch/nn/modules/conv.py", line 553, in forward
    return self._conv_forward(input, self.weight, self.bias)
           ^^^^^^^^^^^^^^^^^^^^^^^^^^^^^^^^^^^^^^^^^^^^^^^^^
  File "/home/users/dsen/.local/lib/python3.11/site-packages/torch/nn/modules/conv.py", line 548, in _conv_forward
    return F.conv2d(
           ^^^^^^^^^
RuntimeError: GET was unable to find an engine to execute this computation

FAILED COMMAND: /mnt/aiongpfs/users/dsen/micromamba/envs/cka-cifar/bin/python -m src.train --global-config configs/global_cifar10.yaml --config configs/fedavg_mnist.yaml --seed 100 --log-dir results/logs/multiseed/cifar10_multiseed_20260724_145839/seed_100 --checkpoint-dir results/checkpoints/multiseed/cifar10_multiseed_20260724_145839/seed_100 --plot-dir results/plots/multiseed/cifar10_multiseed_20260724_145839
Exit code: 1
/mnt/aiongpfs/users/dsen/micromamba/envs/cka-cifar/lib/python3.11/site-packages/torchvision/datasets/cifar.py:83: VisibleDeprecationWarning: dtype(): align should be passed as Python or NumPy boolean but got `align=0`. Did you mean to pass a tuple to create a subarray type? (Deprecated NumPy 2.4)
  entry = pickle.load(f, encoding="latin1")
/home/users/dsen/.local/lib/python3.11/site-packages/torch/cuda/__init__.py:371: UserWarning: Found GPU0 Tesla V100-SXM2-32GB which is of compute capability (CC) 7.0.
The following list shows the CCs this version of PyTorch was built for and the hardware CCs it supports:
- 7.5 which supports hardware CC >=7.5,<8.0
- 8.0 which supports hardware CC >=8.0,<9.0 except {8.7}
- 8.6 which supports hardware CC >=8.6,<9.0 except {8.7}
- 9.0 which supports hardware CC >=9.0,<10.0
- 10.0 which supports hardware CC >=10.0,<11.0 except {10.1}
- 12.0 which supports hardware CC >=12.0,<13.0
Please follow the instructions at https://pytorch.org/get-started/locally/ to install a PyTorch release that supports one of these CUDA versions: 12.6, 12.8
  _warn_unsupported_code(d, device_cc, code_ccs)
Traceback (most recent call last):
  File "<frozen runpy>", line 198, in _run_module_as_main
  File "<frozen runpy>", line 88, in _run_code
  File "/mnt/aiongpfs/users/dsen/cka-fed-dynamic-sparsity/src/train.py", line 386, in <module>
    main()
  File "/mnt/aiongpfs/users/dsen/cka-fed-dynamic-sparsity/src/train.py", line 376, in main
    history = run_experiment(config, paths)
              ^^^^^^^^^^^^^^^^^^^^^^^^^^^^^
  File "/mnt/aiongpfs/users/dsen/cka-fed-dynamic-sparsity/src/train.py", line 264, in run_experiment
    history = run_sparse_fedavg(
              ^^^^^^^^^^^^^^^^^^
  File "/mnt/aiongpfs/users/dsen/cka-fed-dynamic-sparsity/src/federated.py", line 273, in run_sparse_fedavg
    apply_masks(global_model, masks)
  File "/mnt/aiongpfs/users/dsen/cka-fed-dynamic-sparsity/src/sparsity.py", line 73, in apply_masks
    param.mul_(masks[name].to(device=param.device, dtype=param.dtype))
torch.AcceleratorError: CUDA error: no kernel image is available for execution on the device
Search for `cudaErrorNoKernelImageForDevice' in https://docs.nvidia.com/cuda/cuda-runtime-api/group__CUDART__TYPES.html for more information.
CUDA kernel errors might be asynchronously reported at some other API call, so the stacktrace below might be incorrect.
For debugging consider passing CUDA_LAUNCH_BLOCKING=1
Compile with `TORCH_USE_CUDA_DSA` to enable device-side assertions.


FAILED COMMAND: /mnt/aiongpfs/users/dsen/micromamba/envs/cka-cifar/bin/python -m src.train --global-config configs/global_cifar10.yaml --config configs/sparse_fedavg_mnist.yaml --seed 100 --sparsity 0.5 --log-dir results/logs/multiseed/cifar10_multiseed_20260724_145839/seed_100 --checkpoint-dir results/checkpoints/multiseed/cifar10_multiseed_20260724_145839/seed_100 --plot-dir results/plots/multiseed/cifar10_multiseed_20260724_145839
Exit code: 1
/mnt/aiongpfs/users/dsen/micromamba/envs/cka-cifar/lib/python3.11/site-packages/torchvision/datasets/cifar.py:83: VisibleDeprecationWarning: dtype(): align should be passed as Python or NumPy boolean but got `align=0`. Did you mean to pass a tuple to create a subarray type? (Deprecated NumPy 2.4)
  entry = pickle.load(f, encoding="latin1")
/home/users/dsen/.local/lib/python3.11/site-packages/torch/cuda/__init__.py:371: UserWarning: Found GPU0 Tesla V100-SXM2-32GB which is of compute capability (CC) 7.0.
The following list shows the CCs this version of PyTorch was built for and the hardware CCs it supports:
- 7.5 which supports hardware CC >=7.5,<8.0
- 8.0 which supports hardware CC >=8.0,<9.0 except {8.7}
- 8.6 which supports hardware CC >=8.6,<9.0 except {8.7}
- 9.0 which supports hardware CC >=9.0,<10.0
- 10.0 which supports hardware CC >=10.0,<11.0 except {10.1}
- 12.0 which supports hardware CC >=12.0,<13.0
Please follow the instructions at https://pytorch.org/get-started/locally/ to install a PyTorch release that supports one of these CUDA versions: 12.6, 12.8
  _warn_unsupported_code(d, device_cc, code_ccs)
Traceback (most recent call last):
  File "<frozen runpy>", line 198, in _run_module_as_main
  File "<frozen runpy>", line 88, in _run_code
  File "/mnt/aiongpfs/users/dsen/cka-fed-dynamic-sparsity/src/train.py", line 386, in <module>
    main()
  File "/mnt/aiongpfs/users/dsen/cka-fed-dynamic-sparsity/src/train.py", line 376, in main
    history = run_experiment(config, paths)
              ^^^^^^^^^^^^^^^^^^^^^^^^^^^^^
  File "/mnt/aiongpfs/users/dsen/cka-fed-dynamic-sparsity/src/train.py", line 276, in run_experiment
    history = run_feddst(
              ^^^^^^^^^^^
  File "/mnt/aiongpfs/users/dsen/cka-fed-dynamic-sparsity/src/federated.py", line 361, in run_feddst
    apply_masks(global_model, masks)
  File "/mnt/aiongpfs/users/dsen/cka-fed-dynamic-sparsity/src/sparsity.py", line 73, in apply_masks
    param.mul_(masks[name].to(device=param.device, dtype=param.dtype))
torch.AcceleratorError: CUDA error: no kernel image is available for execution on the device
Search for `cudaErrorNoKernelImageForDevice' in https://docs.nvidia.com/cuda/cuda-runtime-api/group__CUDART__TYPES.html for more information.
CUDA kernel errors might be asynchronously reported at some other API call, so the stacktrace below might be incorrect.
For debugging consider passing CUDA_LAUNCH_BLOCKING=1
Compile with `TORCH_USE_CUDA_DSA` to enable device-side assertions.


FAILED COMMAND: /mnt/aiongpfs/users/dsen/micromamba/envs/cka-cifar/bin/python -m src.train --global-config configs/global_cifar10.yaml --config configs/feddst_mnist.yaml --seed 100 --sparsity 0.5 --log-dir results/logs/multiseed/cifar10_multiseed_20260724_145839/seed_100 --checkpoint-dir results/checkpoints/multiseed/cifar10_multiseed_20260724_145839/seed_100 --plot-dir results/plots/multiseed/cifar10_multiseed_20260724_145839
Exit code: 1
/mnt/aiongpfs/users/dsen/micromamba/envs/cka-cifar/lib/python3.11/site-packages/torchvision/datasets/cifar.py:83: VisibleDeprecationWarning: dtype(): align should be passed as Python or NumPy boolean but got `align=0`. Did you mean to pass a tuple to create a subarray type? (Deprecated NumPy 2.4)
  entry = pickle.load(f, encoding="latin1")
/home/users/dsen/.local/lib/python3.11/site-packages/torch/cuda/__init__.py:371: UserWarning: Found GPU0 Tesla V100-SXM2-32GB which is of compute capability (CC) 7.0.
The following list shows the CCs this version of PyTorch was built for and the hardware CCs it supports:
- 7.5 which supports hardware CC >=7.5,<8.0
- 8.0 which supports hardware CC >=8.0,<9.0 except {8.7}
- 8.6 which supports hardware CC >=8.6,<9.0 except {8.7}
- 9.0 which supports hardware CC >=9.0,<10.0
- 10.0 which supports hardware CC >=10.0,<11.0 except {10.1}
- 12.0 which supports hardware CC >=12.0,<13.0
Please follow the instructions at https://pytorch.org/get-started/locally/ to install a PyTorch release that supports one of these CUDA versions: 12.6, 12.8
  _warn_unsupported_code(d, device_cc, code_ccs)
Traceback (most recent call last):
  File "<frozen runpy>", line 198, in _run_module_as_main
  File "<frozen runpy>", line 88, in _run_code
  File "/mnt/aiongpfs/users/dsen/cka-fed-dynamic-sparsity/src/train.py", line 386, in <module>
    main()
  File "/mnt/aiongpfs/users/dsen/cka-fed-dynamic-sparsity/src/train.py", line 376, in main
    history = run_experiment(config, paths)
              ^^^^^^^^^^^^^^^^^^^^^^^^^^^^^
  File "/mnt/aiongpfs/users/dsen/cka-fed-dynamic-sparsity/src/train.py", line 289, in run_experiment
    history = run_cka_feddst(
              ^^^^^^^^^^^^^^^
  File "/mnt/aiongpfs/users/dsen/cka-fed-dynamic-sparsity/src/federated.py", line 485, in run_cka_feddst
    apply_masks(global_model, masks)
  File "/mnt/aiongpfs/users/dsen/cka-fed-dynamic-sparsity/src/sparsity.py", line 73, in apply_masks
    param.mul_(masks[name].to(device=param.device, dtype=param.dtype))
torch.AcceleratorError: CUDA error: no kernel image is available for execution on the device
Search for `cudaErrorNoKernelImageForDevice' in https://docs.nvidia.com/cuda/cuda-runtime-api/group__CUDART__TYPES.html for more information.
CUDA kernel errors might be asynchronously reported at some other API call, so the stacktrace below might be incorrect.
For debugging consider passing CUDA_LAUNCH_BLOCKING=1
Compile with `TORCH_USE_CUDA_DSA` to enable device-side assertions.


FAILED COMMAND: /mnt/aiongpfs/users/dsen/micromamba/envs/cka-cifar/bin/python -m src.train --global-config configs/global_cifar10.yaml --config configs/cka_feddst_mnist.yaml --seed 100 --sparsity 0.5 --log-dir results/logs/multiseed/cifar10_multiseed_20260724_145839/seed_100 --checkpoint-dir results/checkpoints/multiseed/cifar10_multiseed_20260724_145839/seed_100 --plot-dir results/plots/multiseed/cifar10_multiseed_20260724_145839
Exit code: 1
/mnt/aiongpfs/users/dsen/micromamba/envs/cka-cifar/lib/python3.11/site-packages/torchvision/datasets/cifar.py:83: VisibleDeprecationWarning: dtype(): align should be passed as Python or NumPy boolean but got `align=0`. Did you mean to pass a tuple to create a subarray type? (Deprecated NumPy 2.4)
  entry = pickle.load(f, encoding="latin1")
/home/users/dsen/.local/lib/python3.11/site-packages/torch/cuda/__init__.py:371: UserWarning: Found GPU0 Tesla V100-SXM2-32GB which is of compute capability (CC) 7.0.
The following list shows the CCs this version of PyTorch was built for and the hardware CCs it supports:
- 7.5 which supports hardware CC >=7.5,<8.0
- 8.0 which supports hardware CC >=8.0,<9.0 except {8.7}
- 8.6 which supports hardware CC >=8.6,<9.0 except {8.7}
- 9.0 which supports hardware CC >=9.0,<10.0
- 10.0 which supports hardware CC >=10.0,<11.0 except {10.1}
- 12.0 which supports hardware CC >=12.0,<13.0
Please follow the instructions at https://pytorch.org/get-started/locally/ to install a PyTorch release that supports one of these CUDA versions: 12.6, 12.8
  _warn_unsupported_code(d, device_cc, code_ccs)
Traceback (most recent call last):
  File "<frozen runpy>", line 198, in _run_module_as_main
  File "<frozen runpy>", line 88, in _run_code
  File "/mnt/aiongpfs/users/dsen/cka-fed-dynamic-sparsity/src/train.py", line 386, in <module>
    main()
  File "/mnt/aiongpfs/users/dsen/cka-fed-dynamic-sparsity/src/train.py", line 376, in main
    history = run_experiment(config, paths)
              ^^^^^^^^^^^^^^^^^^^^^^^^^^^^^
  File "/mnt/aiongpfs/users/dsen/cka-fed-dynamic-sparsity/src/train.py", line 264, in run_experiment
    history = run_sparse_fedavg(
              ^^^^^^^^^^^^^^^^^^
  File "/mnt/aiongpfs/users/dsen/cka-fed-dynamic-sparsity/src/federated.py", line 273, in run_sparse_fedavg
    apply_masks(global_model, masks)
  File "/mnt/aiongpfs/users/dsen/cka-fed-dynamic-sparsity/src/sparsity.py", line 73, in apply_masks
    param.mul_(masks[name].to(device=param.device, dtype=param.dtype))
torch.AcceleratorError: CUDA error: no kernel image is available for execution on the device
Search for `cudaErrorNoKernelImageForDevice' in https://docs.nvidia.com/cuda/cuda-runtime-api/group__CUDART__TYPES.html for more information.
CUDA kernel errors might be asynchronously reported at some other API call, so the stacktrace below might be incorrect.
For debugging consider passing CUDA_LAUNCH_BLOCKING=1
Compile with `TORCH_USE_CUDA_DSA` to enable device-side assertions.


FAILED COMMAND: /mnt/aiongpfs/users/dsen/micromamba/envs/cka-cifar/bin/python -m src.train --global-config configs/global_cifar10.yaml --config configs/sparse_fedavg_mnist.yaml --seed 100 --sparsity 0.7 --log-dir results/logs/multiseed/cifar10_multiseed_20260724_145839/seed_100 --checkpoint-dir results/checkpoints/multiseed/cifar10_multiseed_20260724_145839/seed_100 --plot-dir results/plots/multiseed/cifar10_multiseed_20260724_145839
Exit code: 1
/mnt/aiongpfs/users/dsen/micromamba/envs/cka-cifar/lib/python3.11/site-packages/torchvision/datasets/cifar.py:83: VisibleDeprecationWarning: dtype(): align should be passed as Python or NumPy boolean but got `align=0`. Did you mean to pass a tuple to create a subarray type? (Deprecated NumPy 2.4)
  entry = pickle.load(f, encoding="latin1")
/home/users/dsen/.local/lib/python3.11/site-packages/torch/cuda/__init__.py:371: UserWarning: Found GPU0 Tesla V100-SXM2-32GB which is of compute capability (CC) 7.0.
The following list shows the CCs this version of PyTorch was built for and the hardware CCs it supports:
- 7.5 which supports hardware CC >=7.5,<8.0
- 8.0 which supports hardware CC >=8.0,<9.0 except {8.7}
- 8.6 which supports hardware CC >=8.6,<9.0 except {8.7}
- 9.0 which supports hardware CC >=9.0,<10.0
- 10.0 which supports hardware CC >=10.0,<11.0 except {10.1}
- 12.0 which supports hardware CC >=12.0,<13.0
Please follow the instructions at https://pytorch.org/get-started/locally/ to install a PyTorch release that supports one of these CUDA versions: 12.6, 12.8
  _warn_unsupported_code(d, device_cc, code_ccs)
Traceback (most recent call last):
  File "<frozen runpy>", line 198, in _run_module_as_main
  File "<frozen runpy>", line 88, in _run_code
  File "/mnt/aiongpfs/users/dsen/cka-fed-dynamic-sparsity/src/train.py", line 386, in <module>
    main()
  File "/mnt/aiongpfs/users/dsen/cka-fed-dynamic-sparsity/src/train.py", line 376, in main
    history = run_experiment(config, paths)
              ^^^^^^^^^^^^^^^^^^^^^^^^^^^^^
  File "/mnt/aiongpfs/users/dsen/cka-fed-dynamic-sparsity/src/train.py", line 276, in run_experiment
    history = run_feddst(
              ^^^^^^^^^^^
  File "/mnt/aiongpfs/users/dsen/cka-fed-dynamic-sparsity/src/federated.py", line 361, in run_feddst
    apply_masks(global_model, masks)
  File "/mnt/aiongpfs/users/dsen/cka-fed-dynamic-sparsity/src/sparsity.py", line 73, in apply_masks
    param.mul_(masks[name].to(device=param.device, dtype=param.dtype))
torch.AcceleratorError: CUDA error: no kernel image is available for execution on the device
Search for `cudaErrorNoKernelImageForDevice' in https://docs.nvidia.com/cuda/cuda-runtime-api/group__CUDART__TYPES.html for more information.
CUDA kernel errors might be asynchronously reported at some other API call, so the stacktrace below might be incorrect.
For debugging consider passing CUDA_LAUNCH_BLOCKING=1
Compile with `TORCH_USE_CUDA_DSA` to enable device-side assertions.


FAILED COMMAND: /mnt/aiongpfs/users/dsen/micromamba/envs/cka-cifar/bin/python -m src.train --global-config configs/global_cifar10.yaml --config configs/feddst_mnist.yaml --seed 100 --sparsity 0.7 --log-dir results/logs/multiseed/cifar10_multiseed_20260724_145839/seed_100 --checkpoint-dir results/checkpoints/multiseed/cifar10_multiseed_20260724_145839/seed_100 --plot-dir results/plots/multiseed/cifar10_multiseed_20260724_145839
Exit code: 1
/mnt/aiongpfs/users/dsen/micromamba/envs/cka-cifar/lib/python3.11/site-packages/torchvision/datasets/cifar.py:83: VisibleDeprecationWarning: dtype(): align should be passed as Python or NumPy boolean but got `align=0`. Did you mean to pass a tuple to create a subarray type? (Deprecated NumPy 2.4)
  entry = pickle.load(f, encoding="latin1")
/home/users/dsen/.local/lib/python3.11/site-packages/torch/cuda/__init__.py:371: UserWarning: Found GPU0 Tesla V100-SXM2-32GB which is of compute capability (CC) 7.0.
The following list shows the CCs this version of PyTorch was built for and the hardware CCs it supports:
- 7.5 which supports hardware CC >=7.5,<8.0
- 8.0 which supports hardware CC >=8.0,<9.0 except {8.7}
- 8.6 which supports hardware CC >=8.6,<9.0 except {8.7}
- 9.0 which supports hardware CC >=9.0,<10.0
- 10.0 which supports hardware CC >=10.0,<11.0 except {10.1}
- 12.0 which supports hardware CC >=12.0,<13.0
Please follow the instructions at https://pytorch.org/get-started/locally/ to install a PyTorch release that supports one of these CUDA versions: 12.6, 12.8
  _warn_unsupported_code(d, device_cc, code_ccs)
Traceback (most recent call last):
  File "<frozen runpy>", line 198, in _run_module_as_main
  File "<frozen runpy>", line 88, in _run_code
  File "/mnt/aiongpfs/users/dsen/cka-fed-dynamic-sparsity/src/train.py", line 386, in <module>
    main()
  File "/mnt/aiongpfs/users/dsen/cka-fed-dynamic-sparsity/src/train.py", line 376, in main
    history = run_experiment(config, paths)
              ^^^^^^^^^^^^^^^^^^^^^^^^^^^^^
  File "/mnt/aiongpfs/users/dsen/cka-fed-dynamic-sparsity/src/train.py", line 289, in run_experiment
    history = run_cka_feddst(
              ^^^^^^^^^^^^^^^
  File "/mnt/aiongpfs/users/dsen/cka-fed-dynamic-sparsity/src/federated.py", line 485, in run_cka_feddst
    apply_masks(global_model, masks)
  File "/mnt/aiongpfs/users/dsen/cka-fed-dynamic-sparsity/src/sparsity.py", line 73, in apply_masks
    param.mul_(masks[name].to(device=param.device, dtype=param.dtype))
torch.AcceleratorError: CUDA error: no kernel image is available for execution on the device
Search for `cudaErrorNoKernelImageForDevice' in https://docs.nvidia.com/cuda/cuda-runtime-api/group__CUDART__TYPES.html for more information.
CUDA kernel errors might be asynchronously reported at some other API call, so the stacktrace below might be incorrect.
For debugging consider passing CUDA_LAUNCH_BLOCKING=1
Compile with `TORCH_USE_CUDA_DSA` to enable device-side assertions.


FAILED COMMAND: /mnt/aiongpfs/users/dsen/micromamba/envs/cka-cifar/bin/python -m src.train --global-config configs/global_cifar10.yaml --config configs/cka_feddst_mnist.yaml --seed 100 --sparsity 0.7 --log-dir results/logs/multiseed/cifar10_multiseed_20260724_145839/seed_100 --checkpoint-dir results/checkpoints/multiseed/cifar10_multiseed_20260724_145839/seed_100 --plot-dir results/plots/multiseed/cifar10_multiseed_20260724_145839
Exit code: 1
/mnt/aiongpfs/users/dsen/micromamba/envs/cka-cifar/lib/python3.11/site-packages/torchvision/datasets/cifar.py:83: VisibleDeprecationWarning: dtype(): align should be passed as Python or NumPy boolean but got `align=0`. Did you mean to pass a tuple to create a subarray type? (Deprecated NumPy 2.4)
  entry = pickle.load(f, encoding="latin1")
/home/users/dsen/.local/lib/python3.11/site-packages/torch/cuda/__init__.py:371: UserWarning: Found GPU0 Tesla V100-SXM2-32GB which is of compute capability (CC) 7.0.
The following list shows the CCs this version of PyTorch was built for and the hardware CCs it supports:
- 7.5 which supports hardware CC >=7.5,<8.0
- 8.0 which supports hardware CC >=8.0,<9.0 except {8.7}
- 8.6 which supports hardware CC >=8.6,<9.0 except {8.7}
- 9.0 which supports hardware CC >=9.0,<10.0
- 10.0 which supports hardware CC >=10.0,<11.0 except {10.1}
- 12.0 which supports hardware CC >=12.0,<13.0
Please follow the instructions at https://pytorch.org/get-started/locally/ to install a PyTorch release that supports one of these CUDA versions: 12.6, 12.8
  _warn_unsupported_code(d, device_cc, code_ccs)
Traceback (most recent call last):
  File "<frozen runpy>", line 198, in _run_module_as_main
  File "<frozen runpy>", line 88, in _run_code
  File "/mnt/aiongpfs/users/dsen/cka-fed-dynamic-sparsity/src/train.py", line 386, in <module>
    main()
  File "/mnt/aiongpfs/users/dsen/cka-fed-dynamic-sparsity/src/train.py", line 376, in main
    history = run_experiment(config, paths)
              ^^^^^^^^^^^^^^^^^^^^^^^^^^^^^
  File "/mnt/aiongpfs/users/dsen/cka-fed-dynamic-sparsity/src/train.py", line 264, in run_experiment
    history = run_sparse_fedavg(
              ^^^^^^^^^^^^^^^^^^
  File "/mnt/aiongpfs/users/dsen/cka-fed-dynamic-sparsity/src/federated.py", line 273, in run_sparse_fedavg
    apply_masks(global_model, masks)
  File "/mnt/aiongpfs/users/dsen/cka-fed-dynamic-sparsity/src/sparsity.py", line 73, in apply_masks
    param.mul_(masks[name].to(device=param.device, dtype=param.dtype))
torch.AcceleratorError: CUDA error: no kernel image is available for execution on the device
Search for `cudaErrorNoKernelImageForDevice' in https://docs.nvidia.com/cuda/cuda-runtime-api/group__CUDART__TYPES.html for more information.
CUDA kernel errors might be asynchronously reported at some other API call, so the stacktrace below might be incorrect.
For debugging consider passing CUDA_LAUNCH_BLOCKING=1
Compile with `TORCH_USE_CUDA_DSA` to enable device-side assertions.


FAILED COMMAND: /mnt/aiongpfs/users/dsen/micromamba/envs/cka-cifar/bin/python -m src.train --global-config configs/global_cifar10.yaml --config configs/sparse_fedavg_mnist.yaml --seed 100 --sparsity 0.8 --log-dir results/logs/multiseed/cifar10_multiseed_20260724_145839/seed_100 --checkpoint-dir results/checkpoints/multiseed/cifar10_multiseed_20260724_145839/seed_100 --plot-dir results/plots/multiseed/cifar10_multiseed_20260724_145839
Exit code: 1
/mnt/aiongpfs/users/dsen/micromamba/envs/cka-cifar/lib/python3.11/site-packages/torchvision/datasets/cifar.py:83: VisibleDeprecationWarning: dtype(): align should be passed as Python or NumPy boolean but got `align=0`. Did you mean to pass a tuple to create a subarray type? (Deprecated NumPy 2.4)
  entry = pickle.load(f, encoding="latin1")
/home/users/dsen/.local/lib/python3.11/site-packages/torch/cuda/__init__.py:371: UserWarning: Found GPU0 Tesla V100-SXM2-32GB which is of compute capability (CC) 7.0.
The following list shows the CCs this version of PyTorch was built for and the hardware CCs it supports:
- 7.5 which supports hardware CC >=7.5,<8.0
- 8.0 which supports hardware CC >=8.0,<9.0 except {8.7}
- 8.6 which supports hardware CC >=8.6,<9.0 except {8.7}
- 9.0 which supports hardware CC >=9.0,<10.0
- 10.0 which supports hardware CC >=10.0,<11.0 except {10.1}
- 12.0 which supports hardware CC >=12.0,<13.0
Please follow the instructions at https://pytorch.org/get-started/locally/ to install a PyTorch release that supports one of these CUDA versions: 12.6, 12.8
  _warn_unsupported_code(d, device_cc, code_ccs)
Traceback (most recent call last):
  File "<frozen runpy>", line 198, in _run_module_as_main
  File "<frozen runpy>", line 88, in _run_code
  File "/mnt/aiongpfs/users/dsen/cka-fed-dynamic-sparsity/src/train.py", line 386, in <module>
    main()
  File "/mnt/aiongpfs/users/dsen/cka-fed-dynamic-sparsity/src/train.py", line 376, in main
    history = run_experiment(config, paths)
              ^^^^^^^^^^^^^^^^^^^^^^^^^^^^^
  File "/mnt/aiongpfs/users/dsen/cka-fed-dynamic-sparsity/src/train.py", line 276, in run_experiment
    history = run_feddst(
              ^^^^^^^^^^^
  File "/mnt/aiongpfs/users/dsen/cka-fed-dynamic-sparsity/src/federated.py", line 361, in run_feddst
    apply_masks(global_model, masks)
  File "/mnt/aiongpfs/users/dsen/cka-fed-dynamic-sparsity/src/sparsity.py", line 73, in apply_masks
    param.mul_(masks[name].to(device=param.device, dtype=param.dtype))
torch.AcceleratorError: CUDA error: no kernel image is available for execution on the device
Search for `cudaErrorNoKernelImageForDevice' in https://docs.nvidia.com/cuda/cuda-runtime-api/group__CUDART__TYPES.html for more information.
CUDA kernel errors might be asynchronously reported at some other API call, so the stacktrace below might be incorrect.
For debugging consider passing CUDA_LAUNCH_BLOCKING=1
Compile with `TORCH_USE_CUDA_DSA` to enable device-side assertions.


FAILED COMMAND: /mnt/aiongpfs/users/dsen/micromamba/envs/cka-cifar/bin/python -m src.train --global-config configs/global_cifar10.yaml --config configs/feddst_mnist.yaml --seed 100 --sparsity 0.8 --log-dir results/logs/multiseed/cifar10_multiseed_20260724_145839/seed_100 --checkpoint-dir results/checkpoints/multiseed/cifar10_multiseed_20260724_145839/seed_100 --plot-dir results/plots/multiseed/cifar10_multiseed_20260724_145839
Exit code: 1
/mnt/aiongpfs/users/dsen/micromamba/envs/cka-cifar/lib/python3.11/site-packages/torchvision/datasets/cifar.py:83: VisibleDeprecationWarning: dtype(): align should be passed as Python or NumPy boolean but got `align=0`. Did you mean to pass a tuple to create a subarray type? (Deprecated NumPy 2.4)
  entry = pickle.load(f, encoding="latin1")
/home/users/dsen/.local/lib/python3.11/site-packages/torch/cuda/__init__.py:371: UserWarning: Found GPU0 Tesla V100-SXM2-32GB which is of compute capability (CC) 7.0.
The following list shows the CCs this version of PyTorch was built for and the hardware CCs it supports:
- 7.5 which supports hardware CC >=7.5,<8.0
- 8.0 which supports hardware CC >=8.0,<9.0 except {8.7}
- 8.6 which supports hardware CC >=8.6,<9.0 except {8.7}
- 9.0 which supports hardware CC >=9.0,<10.0
- 10.0 which supports hardware CC >=10.0,<11.0 except {10.1}
- 12.0 which supports hardware CC >=12.0,<13.0
Please follow the instructions at https://pytorch.org/get-started/locally/ to install a PyTorch release that supports one of these CUDA versions: 12.6, 12.8
  _warn_unsupported_code(d, device_cc, code_ccs)
Traceback (most recent call last):
  File "<frozen runpy>", line 198, in _run_module_as_main
  File "<frozen runpy>", line 88, in _run_code
  File "/mnt/aiongpfs/users/dsen/cka-fed-dynamic-sparsity/src/train.py", line 386, in <module>
    main()
  File "/mnt/aiongpfs/users/dsen/cka-fed-dynamic-sparsity/src/train.py", line 376, in main
    history = run_experiment(config, paths)
              ^^^^^^^^^^^^^^^^^^^^^^^^^^^^^
  File "/mnt/aiongpfs/users/dsen/cka-fed-dynamic-sparsity/src/train.py", line 289, in run_experiment
    history = run_cka_feddst(
              ^^^^^^^^^^^^^^^
  File "/mnt/aiongpfs/users/dsen/cka-fed-dynamic-sparsity/src/federated.py", line 485, in run_cka_feddst
    apply_masks(global_model, masks)
  File "/mnt/aiongpfs/users/dsen/cka-fed-dynamic-sparsity/src/sparsity.py", line 73, in apply_masks
    param.mul_(masks[name].to(device=param.device, dtype=param.dtype))
torch.AcceleratorError: CUDA error: no kernel image is available for execution on the device
Search for `cudaErrorNoKernelImageForDevice' in https://docs.nvidia.com/cuda/cuda-runtime-api/group__CUDART__TYPES.html for more information.
CUDA kernel errors might be asynchronously reported at some other API call, so the stacktrace below might be incorrect.
For debugging consider passing CUDA_LAUNCH_BLOCKING=1
Compile with `TORCH_USE_CUDA_DSA` to enable device-side assertions.


FAILED COMMAND: /mnt/aiongpfs/users/dsen/micromamba/envs/cka-cifar/bin/python -m src.train --global-config configs/global_cifar10.yaml --config configs/cka_feddst_mnist.yaml --seed 100 --sparsity 0.8 --log-dir results/logs/multiseed/cifar10_multiseed_20260724_145839/seed_100 --checkpoint-dir results/checkpoints/multiseed/cifar10_multiseed_20260724_145839/seed_100 --plot-dir results/plots/multiseed/cifar10_multiseed_20260724_145839
Exit code: 1
/mnt/aiongpfs/users/dsen/micromamba/envs/cka-cifar/lib/python3.11/site-packages/torchvision/datasets/cifar.py:83: VisibleDeprecationWarning: dtype(): align should be passed as Python or NumPy boolean but got `align=0`. Did you mean to pass a tuple to create a subarray type? (Deprecated NumPy 2.4)
  entry = pickle.load(f, encoding="latin1")
/home/users/dsen/.local/lib/python3.11/site-packages/torch/cuda/__init__.py:371: UserWarning: Found GPU0 Tesla V100-SXM2-32GB which is of compute capability (CC) 7.0.
The following list shows the CCs this version of PyTorch was built for and the hardware CCs it supports:
- 7.5 which supports hardware CC >=7.5,<8.0
- 8.0 which supports hardware CC >=8.0,<9.0 except {8.7}
- 8.6 which supports hardware CC >=8.6,<9.0 except {8.7}
- 9.0 which supports hardware CC >=9.0,<10.0
- 10.0 which supports hardware CC >=10.0,<11.0 except {10.1}
- 12.0 which supports hardware CC >=12.0,<13.0
Please follow the instructions at https://pytorch.org/get-started/locally/ to install a PyTorch release that supports one of these CUDA versions: 12.6, 12.8
  _warn_unsupported_code(d, device_cc, code_ccs)
Traceback (most recent call last):
  File "<frozen runpy>", line 198, in _run_module_as_main
  File "<frozen runpy>", line 88, in _run_code
  File "/mnt/aiongpfs/users/dsen/cka-fed-dynamic-sparsity/src/train.py", line 386, in <module>
    main()
  File "/mnt/aiongpfs/users/dsen/cka-fed-dynamic-sparsity/src/train.py", line 376, in main
    history = run_experiment(config, paths)
              ^^^^^^^^^^^^^^^^^^^^^^^^^^^^^
  File "/mnt/aiongpfs/users/dsen/cka-fed-dynamic-sparsity/src/train.py", line 264, in run_experiment
    history = run_sparse_fedavg(
              ^^^^^^^^^^^^^^^^^^
  File "/mnt/aiongpfs/users/dsen/cka-fed-dynamic-sparsity/src/federated.py", line 273, in run_sparse_fedavg
    apply_masks(global_model, masks)
  File "/mnt/aiongpfs/users/dsen/cka-fed-dynamic-sparsity/src/sparsity.py", line 73, in apply_masks
    param.mul_(masks[name].to(device=param.device, dtype=param.dtype))
torch.AcceleratorError: CUDA error: no kernel image is available for execution on the device
Search for `cudaErrorNoKernelImageForDevice' in https://docs.nvidia.com/cuda/cuda-runtime-api/group__CUDART__TYPES.html for more information.
CUDA kernel errors might be asynchronously reported at some other API call, so the stacktrace below might be incorrect.
For debugging consider passing CUDA_LAUNCH_BLOCKING=1
Compile with `TORCH_USE_CUDA_DSA` to enable device-side assertions.


FAILED COMMAND: /mnt/aiongpfs/users/dsen/micromamba/envs/cka-cifar/bin/python -m src.train --global-config configs/global_cifar10.yaml --config configs/sparse_fedavg_mnist.yaml --seed 100 --sparsity 0.9 --log-dir results/logs/multiseed/cifar10_multiseed_20260724_145839/seed_100 --checkpoint-dir results/checkpoints/multiseed/cifar10_multiseed_20260724_145839/seed_100 --plot-dir results/plots/multiseed/cifar10_multiseed_20260724_145839
Exit code: 1
/mnt/aiongpfs/users/dsen/micromamba/envs/cka-cifar/lib/python3.11/site-packages/torchvision/datasets/cifar.py:83: VisibleDeprecationWarning: dtype(): align should be passed as Python or NumPy boolean but got `align=0`. Did you mean to pass a tuple to create a subarray type? (Deprecated NumPy 2.4)
  entry = pickle.load(f, encoding="latin1")
/home/users/dsen/.local/lib/python3.11/site-packages/torch/cuda/__init__.py:371: UserWarning: Found GPU0 Tesla V100-SXM2-32GB which is of compute capability (CC) 7.0.
The following list shows the CCs this version of PyTorch was built for and the hardware CCs it supports:
- 7.5 which supports hardware CC >=7.5,<8.0
- 8.0 which supports hardware CC >=8.0,<9.0 except {8.7}
- 8.6 which supports hardware CC >=8.6,<9.0 except {8.7}
- 9.0 which supports hardware CC >=9.0,<10.0
- 10.0 which supports hardware CC >=10.0,<11.0 except {10.1}
- 12.0 which supports hardware CC >=12.0,<13.0
Please follow the instructions at https://pytorch.org/get-started/locally/ to install a PyTorch release that supports one of these CUDA versions: 12.6, 12.8
  _warn_unsupported_code(d, device_cc, code_ccs)
Traceback (most recent call last):
  File "<frozen runpy>", line 198, in _run_module_as_main
  File "<frozen runpy>", line 88, in _run_code
  File "/mnt/aiongpfs/users/dsen/cka-fed-dynamic-sparsity/src/train.py", line 386, in <module>
    main()
  File "/mnt/aiongpfs/users/dsen/cka-fed-dynamic-sparsity/src/train.py", line 376, in main
    history = run_experiment(config, paths)
              ^^^^^^^^^^^^^^^^^^^^^^^^^^^^^
  File "/mnt/aiongpfs/users/dsen/cka-fed-dynamic-sparsity/src/train.py", line 276, in run_experiment
    history = run_feddst(
              ^^^^^^^^^^^
  File "/mnt/aiongpfs/users/dsen/cka-fed-dynamic-sparsity/src/federated.py", line 361, in run_feddst
    apply_masks(global_model, masks)
  File "/mnt/aiongpfs/users/dsen/cka-fed-dynamic-sparsity/src/sparsity.py", line 73, in apply_masks
    param.mul_(masks[name].to(device=param.device, dtype=param.dtype))
torch.AcceleratorError: CUDA error: no kernel image is available for execution on the device
Search for `cudaErrorNoKernelImageForDevice' in https://docs.nvidia.com/cuda/cuda-runtime-api/group__CUDART__TYPES.html for more information.
CUDA kernel errors might be asynchronously reported at some other API call, so the stacktrace below might be incorrect.
For debugging consider passing CUDA_LAUNCH_BLOCKING=1
Compile with `TORCH_USE_CUDA_DSA` to enable device-side assertions.


FAILED COMMAND: /mnt/aiongpfs/users/dsen/micromamba/envs/cka-cifar/bin/python -m src.train --global-config configs/global_cifar10.yaml --config configs/feddst_mnist.yaml --seed 100 --sparsity 0.9 --log-dir results/logs/multiseed/cifar10_multiseed_20260724_145839/seed_100 --checkpoint-dir results/checkpoints/multiseed/cifar10_multiseed_20260724_145839/seed_100 --plot-dir results/plots/multiseed/cifar10_multiseed_20260724_145839
Exit code: 1
/mnt/aiongpfs/users/dsen/micromamba/envs/cka-cifar/lib/python3.11/site-packages/torchvision/datasets/cifar.py:83: VisibleDeprecationWarning: dtype(): align should be passed as Python or NumPy boolean but got `align=0`. Did you mean to pass a tuple to create a subarray type? (Deprecated NumPy 2.4)
  entry = pickle.load(f, encoding="latin1")
/home/users/dsen/.local/lib/python3.11/site-packages/torch/cuda/__init__.py:371: UserWarning: Found GPU0 Tesla V100-SXM2-32GB which is of compute capability (CC) 7.0.
The following list shows the CCs this version of PyTorch was built for and the hardware CCs it supports:
- 7.5 which supports hardware CC >=7.5,<8.0
- 8.0 which supports hardware CC >=8.0,<9.0 except {8.7}
- 8.6 which supports hardware CC >=8.6,<9.0 except {8.7}
- 9.0 which supports hardware CC >=9.0,<10.0
- 10.0 which supports hardware CC >=10.0,<11.0 except {10.1}
- 12.0 which supports hardware CC >=12.0,<13.0
Please follow the instructions at https://pytorch.org/get-started/locally/ to install a PyTorch release that supports one of these CUDA versions: 12.6, 12.8
  _warn_unsupported_code(d, device_cc, code_ccs)
Traceback (most recent call last):
  File "<frozen runpy>", line 198, in _run_module_as_main
  File "<frozen runpy>", line 88, in _run_code
  File "/mnt/aiongpfs/users/dsen/cka-fed-dynamic-sparsity/src/train.py", line 386, in <module>
    main()
  File "/mnt/aiongpfs/users/dsen/cka-fed-dynamic-sparsity/src/train.py", line 376, in main
    history = run_experiment(config, paths)
              ^^^^^^^^^^^^^^^^^^^^^^^^^^^^^
  File "/mnt/aiongpfs/users/dsen/cka-fed-dynamic-sparsity/src/train.py", line 289, in run_experiment
    history = run_cka_feddst(
              ^^^^^^^^^^^^^^^
  File "/mnt/aiongpfs/users/dsen/cka-fed-dynamic-sparsity/src/federated.py", line 485, in run_cka_feddst
    apply_masks(global_model, masks)
  File "/mnt/aiongpfs/users/dsen/cka-fed-dynamic-sparsity/src/sparsity.py", line 73, in apply_masks
    param.mul_(masks[name].to(device=param.device, dtype=param.dtype))
torch.AcceleratorError: CUDA error: no kernel image is available for execution on the device
Search for `cudaErrorNoKernelImageForDevice' in https://docs.nvidia.com/cuda/cuda-runtime-api/group__CUDART__TYPES.html for more information.
CUDA kernel errors might be asynchronously reported at some other API call, so the stacktrace below might be incorrect.
For debugging consider passing CUDA_LAUNCH_BLOCKING=1
Compile with `TORCH_USE_CUDA_DSA` to enable device-side assertions.


FAILED COMMAND: /mnt/aiongpfs/users/dsen/micromamba/envs/cka-cifar/bin/python -m src.train --global-config configs/global_cifar10.yaml --config configs/cka_feddst_mnist.yaml --seed 100 --sparsity 0.9 --log-dir results/logs/multiseed/cifar10_multiseed_20260724_145839/seed_100 --checkpoint-dir results/checkpoints/multiseed/cifar10_multiseed_20260724_145839/seed_100 --plot-dir results/plots/multiseed/cifar10_multiseed_20260724_145839
Exit code: 1
/mnt/aiongpfs/users/dsen/micromamba/envs/cka-cifar/lib/python3.11/site-packages/torchvision/datasets/cifar.py:83: VisibleDeprecationWarning: dtype(): align should be passed as Python or NumPy boolean but got `align=0`. Did you mean to pass a tuple to create a subarray type? (Deprecated NumPy 2.4)
  entry = pickle.load(f, encoding="latin1")
/home/users/dsen/.local/lib/python3.11/site-packages/torch/cuda/__init__.py:371: UserWarning: Found GPU0 Tesla V100-SXM2-32GB which is of compute capability (CC) 7.0.
The following list shows the CCs this version of PyTorch was built for and the hardware CCs it supports:
- 7.5 which supports hardware CC >=7.5,<8.0
- 8.0 which supports hardware CC >=8.0,<9.0 except {8.7}
- 8.6 which supports hardware CC >=8.6,<9.0 except {8.7}
- 9.0 which supports hardware CC >=9.0,<10.0
- 10.0 which supports hardware CC >=10.0,<11.0 except {10.1}
- 12.0 which supports hardware CC >=12.0,<13.0
Please follow the instructions at https://pytorch.org/get-started/locally/ to install a PyTorch release that supports one of these CUDA versions: 12.6, 12.8
  _warn_unsupported_code(d, device_cc, code_ccs)
Traceback (most recent call last):
  File "<frozen runpy>", line 198, in _run_module_as_main
  File "<frozen runpy>", line 88, in _run_code
  File "/mnt/aiongpfs/users/dsen/cka-fed-dynamic-sparsity/src/train.py", line 386, in <module>
    main()
  File "/mnt/aiongpfs/users/dsen/cka-fed-dynamic-sparsity/src/train.py", line 376, in main
    history = run_experiment(config, paths)
              ^^^^^^^^^^^^^^^^^^^^^^^^^^^^^
  File "/mnt/aiongpfs/users/dsen/cka-fed-dynamic-sparsity/src/train.py", line 264, in run_experiment
    history = run_sparse_fedavg(
              ^^^^^^^^^^^^^^^^^^
  File "/mnt/aiongpfs/users/dsen/cka-fed-dynamic-sparsity/src/federated.py", line 273, in run_sparse_fedavg
    apply_masks(global_model, masks)
  File "/mnt/aiongpfs/users/dsen/cka-fed-dynamic-sparsity/src/sparsity.py", line 73, in apply_masks
    param.mul_(masks[name].to(device=param.device, dtype=param.dtype))
torch.AcceleratorError: CUDA error: no kernel image is available for execution on the device
Search for `cudaErrorNoKernelImageForDevice' in https://docs.nvidia.com/cuda/cuda-runtime-api/group__CUDART__TYPES.html for more information.
CUDA kernel errors might be asynchronously reported at some other API call, so the stacktrace below might be incorrect.
For debugging consider passing CUDA_LAUNCH_BLOCKING=1
Compile with `TORCH_USE_CUDA_DSA` to enable device-side assertions.


FAILED COMMAND: /mnt/aiongpfs/users/dsen/micromamba/envs/cka-cifar/bin/python -m src.train --global-config configs/global_cifar10.yaml --config configs/sparse_fedavg_mnist.yaml --seed 100 --sparsity 0.95 --log-dir results/logs/multiseed/cifar10_multiseed_20260724_145839/seed_100 --checkpoint-dir results/checkpoints/multiseed/cifar10_multiseed_20260724_145839/seed_100 --plot-dir results/plots/multiseed/cifar10_multiseed_20260724_145839
Exit code: 1
/mnt/aiongpfs/users/dsen/micromamba/envs/cka-cifar/lib/python3.11/site-packages/torchvision/datasets/cifar.py:83: VisibleDeprecationWarning: dtype(): align should be passed as Python or NumPy boolean but got `align=0`. Did you mean to pass a tuple to create a subarray type? (Deprecated NumPy 2.4)
  entry = pickle.load(f, encoding="latin1")
/home/users/dsen/.local/lib/python3.11/site-packages/torch/cuda/__init__.py:371: UserWarning: Found GPU0 Tesla V100-SXM2-32GB which is of compute capability (CC) 7.0.
The following list shows the CCs this version of PyTorch was built for and the hardware CCs it supports:
- 7.5 which supports hardware CC >=7.5,<8.0
- 8.0 which supports hardware CC >=8.0,<9.0 except {8.7}
- 8.6 which supports hardware CC >=8.6,<9.0 except {8.7}
- 9.0 which supports hardware CC >=9.0,<10.0
- 10.0 which supports hardware CC >=10.0,<11.0 except {10.1}
- 12.0 which supports hardware CC >=12.0,<13.0
Please follow the instructions at https://pytorch.org/get-started/locally/ to install a PyTorch release that supports one of these CUDA versions: 12.6, 12.8
  _warn_unsupported_code(d, device_cc, code_ccs)
Traceback (most recent call last):
  File "<frozen runpy>", line 198, in _run_module_as_main
  File "<frozen runpy>", line 88, in _run_code
  File "/mnt/aiongpfs/users/dsen/cka-fed-dynamic-sparsity/src/train.py", line 386, in <module>
    main()
  File "/mnt/aiongpfs/users/dsen/cka-fed-dynamic-sparsity/src/train.py", line 376, in main
    history = run_experiment(config, paths)
              ^^^^^^^^^^^^^^^^^^^^^^^^^^^^^
  File "/mnt/aiongpfs/users/dsen/cka-fed-dynamic-sparsity/src/train.py", line 276, in run_experiment
    history = run_feddst(
              ^^^^^^^^^^^
  File "/mnt/aiongpfs/users/dsen/cka-fed-dynamic-sparsity/src/federated.py", line 361, in run_feddst
    apply_masks(global_model, masks)
  File "/mnt/aiongpfs/users/dsen/cka-fed-dynamic-sparsity/src/sparsity.py", line 73, in apply_masks
    param.mul_(masks[name].to(device=param.device, dtype=param.dtype))
torch.AcceleratorError: CUDA error: no kernel image is available for execution on the device
Search for `cudaErrorNoKernelImageForDevice' in https://docs.nvidia.com/cuda/cuda-runtime-api/group__CUDART__TYPES.html for more information.
CUDA kernel errors might be asynchronously reported at some other API call, so the stacktrace below might be incorrect.
For debugging consider passing CUDA_LAUNCH_BLOCKING=1
Compile with `TORCH_USE_CUDA_DSA` to enable device-side assertions.


FAILED COMMAND: /mnt/aiongpfs/users/dsen/micromamba/envs/cka-cifar/bin/python -m src.train --global-config configs/global_cifar10.yaml --config configs/feddst_mnist.yaml --seed 100 --sparsity 0.95 --log-dir results/logs/multiseed/cifar10_multiseed_20260724_145839/seed_100 --checkpoint-dir results/checkpoints/multiseed/cifar10_multiseed_20260724_145839/seed_100 --plot-dir results/plots/multiseed/cifar10_multiseed_20260724_145839
Exit code: 1
/mnt/aiongpfs/users/dsen/micromamba/envs/cka-cifar/lib/python3.11/site-packages/torchvision/datasets/cifar.py:83: VisibleDeprecationWarning: dtype(): align should be passed as Python or NumPy boolean but got `align=0`. Did you mean to pass a tuple to create a subarray type? (Deprecated NumPy 2.4)
  entry = pickle.load(f, encoding="latin1")
/home/users/dsen/.local/lib/python3.11/site-packages/torch/cuda/__init__.py:371: UserWarning: Found GPU0 Tesla V100-SXM2-32GB which is of compute capability (CC) 7.0.
The following list shows the CCs this version of PyTorch was built for and the hardware CCs it supports:
- 7.5 which supports hardware CC >=7.5,<8.0
- 8.0 which supports hardware CC >=8.0,<9.0 except {8.7}
- 8.6 which supports hardware CC >=8.6,<9.0 except {8.7}
- 9.0 which supports hardware CC >=9.0,<10.0
- 10.0 which supports hardware CC >=10.0,<11.0 except {10.1}
- 12.0 which supports hardware CC >=12.0,<13.0
Please follow the instructions at https://pytorch.org/get-started/locally/ to install a PyTorch release that supports one of these CUDA versions: 12.6, 12.8
  _warn_unsupported_code(d, device_cc, code_ccs)
Traceback (most recent call last):
  File "<frozen runpy>", line 198, in _run_module_as_main
  File "<frozen runpy>", line 88, in _run_code
  File "/mnt/aiongpfs/users/dsen/cka-fed-dynamic-sparsity/src/train.py", line 386, in <module>
    main()
  File "/mnt/aiongpfs/users/dsen/cka-fed-dynamic-sparsity/src/train.py", line 376, in main
    history = run_experiment(config, paths)
              ^^^^^^^^^^^^^^^^^^^^^^^^^^^^^
  File "/mnt/aiongpfs/users/dsen/cka-fed-dynamic-sparsity/src/train.py", line 289, in run_experiment
    history = run_cka_feddst(
              ^^^^^^^^^^^^^^^
  File "/mnt/aiongpfs/users/dsen/cka-fed-dynamic-sparsity/src/federated.py", line 485, in run_cka_feddst
    apply_masks(global_model, masks)
  File "/mnt/aiongpfs/users/dsen/cka-fed-dynamic-sparsity/src/sparsity.py", line 73, in apply_masks
    param.mul_(masks[name].to(device=param.device, dtype=param.dtype))
torch.AcceleratorError: CUDA error: no kernel image is available for execution on the device
Search for `cudaErrorNoKernelImageForDevice' in https://docs.nvidia.com/cuda/cuda-runtime-api/group__CUDART__TYPES.html for more information.
CUDA kernel errors might be asynchronously reported at some other API call, so the stacktrace below might be incorrect.
For debugging consider passing CUDA_LAUNCH_BLOCKING=1
Compile with `TORCH_USE_CUDA_DSA` to enable device-side assertions.


FAILED COMMAND: /mnt/aiongpfs/users/dsen/micromamba/envs/cka-cifar/bin/python -m src.train --global-config configs/global_cifar10.yaml --config configs/cka_feddst_mnist.yaml --seed 100 --sparsity 0.95 --log-dir results/logs/multiseed/cifar10_multiseed_20260724_145839/seed_100 --checkpoint-dir results/checkpoints/multiseed/cifar10_multiseed_20260724_145839/seed_100 --plot-dir results/plots/multiseed/cifar10_multiseed_20260724_145839
Exit code: 1

Some runs failed:
- suite=multiseed method=fedavg seed=42 sparsity=dense exit_code=1: /mnt/aiongpfs/users/dsen/micromamba/envs/cka-cifar/bin/python -m src.train --global-config configs/global_cifar10.yaml --config configs/fedavg_mnist.yaml --seed 42 --log-dir results/logs/multiseed/cifar10_multiseed_20260724_145839/seed_42 --checkpoint-dir results/checkpoints/multiseed/cifar10_multiseed_20260724_145839/seed_42 --plot-dir results/plots/multiseed/cifar10_multiseed_20260724_145839
- suite=multiseed method=sparse_fedavg seed=42 sparsity=0.5 exit_code=1: /mnt/aiongpfs/users/dsen/micromamba/envs/cka-cifar/bin/python -m src.train --global-config configs/global_cifar10.yaml --config configs/sparse_fedavg_mnist.yaml --seed 42 --sparsity 0.5 --log-dir results/logs/multiseed/cifar10_multiseed_20260724_145839/seed_42 --checkpoint-dir results/checkpoints/multiseed/cifar10_multiseed_20260724_145839/seed_42 --plot-dir results/plots/multiseed/cifar10_multiseed_20260724_145839
- suite=multiseed method=feddst seed=42 sparsity=0.5 exit_code=1: /mnt/aiongpfs/users/dsen/micromamba/envs/cka-cifar/bin/python -m src.train --global-config configs/global_cifar10.yaml --config configs/feddst_mnist.yaml --seed 42 --sparsity 0.5 --log-dir results/logs/multiseed/cifar10_multiseed_20260724_145839/seed_42 --checkpoint-dir results/checkpoints/multiseed/cifar10_multiseed_20260724_145839/seed_42 --plot-dir results/plots/multiseed/cifar10_multiseed_20260724_145839
- suite=multiseed method=cka_feddst seed=42 sparsity=0.5 exit_code=1: /mnt/aiongpfs/users/dsen/micromamba/envs/cka-cifar/bin/python -m src.train --global-config configs/global_cifar10.yaml --config configs/cka_feddst_mnist.yaml --seed 42 --sparsity 0.5 --log-dir results/logs/multiseed/cifar10_multiseed_20260724_145839/seed_42 --checkpoint-dir results/checkpoints/multiseed/cifar10_multiseed_20260724_145839/seed_42 --plot-dir results/plots/multiseed/cifar10_multiseed_20260724_145839
- suite=multiseed method=sparse_fedavg seed=42 sparsity=0.7 exit_code=1: /mnt/aiongpfs/users/dsen/micromamba/envs/cka-cifar/bin/python -m src.train --global-config configs/global_cifar10.yaml --config configs/sparse_fedavg_mnist.yaml --seed 42 --sparsity 0.7 --log-dir results/logs/multiseed/cifar10_multiseed_20260724_145839/seed_42 --checkpoint-dir results/checkpoints/multiseed/cifar10_multiseed_20260724_145839/seed_42 --plot-dir results/plots/multiseed/cifar10_multiseed_20260724_145839
- suite=multiseed method=feddst seed=42 sparsity=0.7 exit_code=1: /mnt/aiongpfs/users/dsen/micromamba/envs/cka-cifar/bin/python -m src.train --global-config configs/global_cifar10.yaml --config configs/feddst_mnist.yaml --seed 42 --sparsity 0.7 --log-dir results/logs/multiseed/cifar10_multiseed_20260724_145839/seed_42 --checkpoint-dir results/checkpoints/multiseed/cifar10_multiseed_20260724_145839/seed_42 --plot-dir results/plots/multiseed/cifar10_multiseed_20260724_145839
- suite=multiseed method=cka_feddst seed=42 sparsity=0.7 exit_code=1: /mnt/aiongpfs/users/dsen/micromamba/envs/cka-cifar/bin/python -m src.train --global-config configs/global_cifar10.yaml --config configs/cka_feddst_mnist.yaml --seed 42 --sparsity 0.7 --log-dir results/logs/multiseed/cifar10_multiseed_20260724_145839/seed_42 --checkpoint-dir results/checkpoints/multiseed/cifar10_multiseed_20260724_145839/seed_42 --plot-dir results/plots/multiseed/cifar10_multiseed_20260724_145839
- suite=multiseed method=sparse_fedavg seed=42 sparsity=0.8 exit_code=1: /mnt/aiongpfs/users/dsen/micromamba/envs/cka-cifar/bin/python -m src.train --global-config configs/global_cifar10.yaml --config configs/sparse_fedavg_mnist.yaml --seed 42 --sparsity 0.8 --log-dir results/logs/multiseed/cifar10_multiseed_20260724_145839/seed_42 --checkpoint-dir results/checkpoints/multiseed/cifar10_multiseed_20260724_145839/seed_42 --plot-dir results/plots/multiseed/cifar10_multiseed_20260724_145839
- suite=multiseed method=feddst seed=42 sparsity=0.8 exit_code=1: /mnt/aiongpfs/users/dsen/micromamba/envs/cka-cifar/bin/python -m src.train --global-config configs/global_cifar10.yaml --config configs/feddst_mnist.yaml --seed 42 --sparsity 0.8 --log-dir results/logs/multiseed/cifar10_multiseed_20260724_145839/seed_42 --checkpoint-dir results/checkpoints/multiseed/cifar10_multiseed_20260724_145839/seed_42 --plot-dir results/plots/multiseed/cifar10_multiseed_20260724_145839
- suite=multiseed method=cka_feddst seed=42 sparsity=0.8 exit_code=1: /mnt/aiongpfs/users/dsen/micromamba/envs/cka-cifar/bin/python -m src.train --global-config configs/global_cifar10.yaml --config configs/cka_feddst_mnist.yaml --seed 42 --sparsity 0.8 --log-dir results/logs/multiseed/cifar10_multiseed_20260724_145839/seed_42 --checkpoint-dir results/checkpoints/multiseed/cifar10_multiseed_20260724_145839/seed_42 --plot-dir results/plots/multiseed/cifar10_multiseed_20260724_145839
- suite=multiseed method=sparse_fedavg seed=42 sparsity=0.9 exit_code=1: /mnt/aiongpfs/users/dsen/micromamba/envs/cka-cifar/bin/python -m src.train --global-config configs/global_cifar10.yaml --config configs/sparse_fedavg_mnist.yaml --seed 42 --sparsity 0.9 --log-dir results/logs/multiseed/cifar10_multiseed_20260724_145839/seed_42 --checkpoint-dir results/checkpoints/multiseed/cifar10_multiseed_20260724_145839/seed_42 --plot-dir results/plots/multiseed/cifar10_multiseed_20260724_145839
- suite=multiseed method=feddst seed=42 sparsity=0.9 exit_code=1: /mnt/aiongpfs/users/dsen/micromamba/envs/cka-cifar/bin/python -m src.train --global-config configs/global_cifar10.yaml --config configs/feddst_mnist.yaml --seed 42 --sparsity 0.9 --log-dir results/logs/multiseed/cifar10_multiseed_20260724_145839/seed_42 --checkpoint-dir results/checkpoints/multiseed/cifar10_multiseed_20260724_145839/seed_42 --plot-dir results/plots/multiseed/cifar10_multiseed_20260724_145839
- suite=multiseed method=cka_feddst seed=42 sparsity=0.9 exit_code=1: /mnt/aiongpfs/users/dsen/micromamba/envs/cka-cifar/bin/python -m src.train --global-config configs/global_cifar10.yaml --config configs/cka_feddst_mnist.yaml --seed 42 --sparsity 0.9 --log-dir results/logs/multiseed/cifar10_multiseed_20260724_145839/seed_42 --checkpoint-dir results/checkpoints/multiseed/cifar10_multiseed_20260724_145839/seed_42 --plot-dir results/plots/multiseed/cifar10_multiseed_20260724_145839
- suite=multiseed method=sparse_fedavg seed=42 sparsity=0.95 exit_code=1: /mnt/aiongpfs/users/dsen/micromamba/envs/cka-cifar/bin/python -m src.train --global-config configs/global_cifar10.yaml --config configs/sparse_fedavg_mnist.yaml --seed 42 --sparsity 0.95 --log-dir results/logs/multiseed/cifar10_multiseed_20260724_145839/seed_42 --checkpoint-dir results/checkpoints/multiseed/cifar10_multiseed_20260724_145839/seed_42 --plot-dir results/plots/multiseed/cifar10_multiseed_20260724_145839
- suite=multiseed method=feddst seed=42 sparsity=0.95 exit_code=1: /mnt/aiongpfs/users/dsen/micromamba/envs/cka-cifar/bin/python -m src.train --global-config configs/global_cifar10.yaml --config configs/feddst_mnist.yaml --seed 42 --sparsity 0.95 --log-dir results/logs/multiseed/cifar10_multiseed_20260724_145839/seed_42 --checkpoint-dir results/checkpoints/multiseed/cifar10_multiseed_20260724_145839/seed_42 --plot-dir results/plots/multiseed/cifar10_multiseed_20260724_145839
- suite=multiseed method=cka_feddst seed=42 sparsity=0.95 exit_code=1: /mnt/aiongpfs/users/dsen/micromamba/envs/cka-cifar/bin/python -m src.train --global-config configs/global_cifar10.yaml --config configs/cka_feddst_mnist.yaml --seed 42 --sparsity 0.95 --log-dir results/logs/multiseed/cifar10_multiseed_20260724_145839/seed_42 --checkpoint-dir results/checkpoints/multiseed/cifar10_multiseed_20260724_145839/seed_42 --plot-dir results/plots/multiseed/cifar10_multiseed_20260724_145839
- suite=multiseed method=fedavg seed=7 sparsity=dense exit_code=1: /mnt/aiongpfs/users/dsen/micromamba/envs/cka-cifar/bin/python -m src.train --global-config configs/global_cifar10.yaml --config configs/fedavg_mnist.yaml --seed 7 --log-dir results/logs/multiseed/cifar10_multiseed_20260724_145839/seed_7 --checkpoint-dir results/checkpoints/multiseed/cifar10_multiseed_20260724_145839/seed_7 --plot-dir results/plots/multiseed/cifar10_multiseed_20260724_145839
- suite=multiseed method=sparse_fedavg seed=7 sparsity=0.5 exit_code=1: /mnt/aiongpfs/users/dsen/micromamba/envs/cka-cifar/bin/python -m src.train --global-config configs/global_cifar10.yaml --config configs/sparse_fedavg_mnist.yaml --seed 7 --sparsity 0.5 --log-dir results/logs/multiseed/cifar10_multiseed_20260724_145839/seed_7 --checkpoint-dir results/checkpoints/multiseed/cifar10_multiseed_20260724_145839/seed_7 --plot-dir results/plots/multiseed/cifar10_multiseed_20260724_145839
- suite=multiseed method=feddst seed=7 sparsity=0.5 exit_code=1: /mnt/aiongpfs/users/dsen/micromamba/envs/cka-cifar/bin/python -m src.train --global-config configs/global_cifar10.yaml --config configs/feddst_mnist.yaml --seed 7 --sparsity 0.5 --log-dir results/logs/multiseed/cifar10_multiseed_20260724_145839/seed_7 --checkpoint-dir results/checkpoints/multiseed/cifar10_multiseed_20260724_145839/seed_7 --plot-dir results/plots/multiseed/cifar10_multiseed_20260724_145839
- suite=multiseed method=cka_feddst seed=7 sparsity=0.5 exit_code=1: /mnt/aiongpfs/users/dsen/micromamba/envs/cka-cifar/bin/python -m src.train --global-config configs/global_cifar10.yaml --config configs/cka_feddst_mnist.yaml --seed 7 --sparsity 0.5 --log-dir results/logs/multiseed/cifar10_multiseed_20260724_145839/seed_7 --checkpoint-dir results/checkpoints/multiseed/cifar10_multiseed_20260724_145839/seed_7 --plot-dir results/plots/multiseed/cifar10_multiseed_20260724_145839
- suite=multiseed method=sparse_fedavg seed=7 sparsity=0.7 exit_code=1: /mnt/aiongpfs/users/dsen/micromamba/envs/cka-cifar/bin/python -m src.train --global-config configs/global_cifar10.yaml --config configs/sparse_fedavg_mnist.yaml --seed 7 --sparsity 0.7 --log-dir results/logs/multiseed/cifar10_multiseed_20260724_145839/seed_7 --checkpoint-dir results/checkpoints/multiseed/cifar10_multiseed_20260724_145839/seed_7 --plot-dir results/plots/multiseed/cifar10_multiseed_20260724_145839
- suite=multiseed method=feddst seed=7 sparsity=0.7 exit_code=1: /mnt/aiongpfs/users/dsen/micromamba/envs/cka-cifar/bin/python -m src.train --global-config configs/global_cifar10.yaml --config configs/feddst_mnist.yaml --seed 7 --sparsity 0.7 --log-dir results/logs/multiseed/cifar10_multiseed_20260724_145839/seed_7 --checkpoint-dir results/checkpoints/multiseed/cifar10_multiseed_20260724_145839/seed_7 --plot-dir results/plots/multiseed/cifar10_multiseed_20260724_145839
- suite=multiseed method=cka_feddst seed=7 sparsity=0.7 exit_code=1: /mnt/aiongpfs/users/dsen/micromamba/envs/cka-cifar/bin/python -m src.train --global-config configs/global_cifar10.yaml --config configs/cka_feddst_mnist.yaml --seed 7 --sparsity 0.7 --log-dir results/logs/multiseed/cifar10_multiseed_20260724_145839/seed_7 --checkpoint-dir results/checkpoints/multiseed/cifar10_multiseed_20260724_145839/seed_7 --plot-dir results/plots/multiseed/cifar10_multiseed_20260724_145839
- suite=multiseed method=sparse_fedavg seed=7 sparsity=0.8 exit_code=1: /mnt/aiongpfs/users/dsen/micromamba/envs/cka-cifar/bin/python -m src.train --global-config configs/global_cifar10.yaml --config configs/sparse_fedavg_mnist.yaml --seed 7 --sparsity 0.8 --log-dir results/logs/multiseed/cifar10_multiseed_20260724_145839/seed_7 --checkpoint-dir results/checkpoints/multiseed/cifar10_multiseed_20260724_145839/seed_7 --plot-dir results/plots/multiseed/cifar10_multiseed_20260724_145839
- suite=multiseed method=feddst seed=7 sparsity=0.8 exit_code=1: /mnt/aiongpfs/users/dsen/micromamba/envs/cka-cifar/bin/python -m src.train --global-config configs/global_cifar10.yaml --config configs/feddst_mnist.yaml --seed 7 --sparsity 0.8 --log-dir results/logs/multiseed/cifar10_multiseed_20260724_145839/seed_7 --checkpoint-dir results/checkpoints/multiseed/cifar10_multiseed_20260724_145839/seed_7 --plot-dir results/plots/multiseed/cifar10_multiseed_20260724_145839
- suite=multiseed method=cka_feddst seed=7 sparsity=0.8 exit_code=1: /mnt/aiongpfs/users/dsen/micromamba/envs/cka-cifar/bin/python -m src.train --global-config configs/global_cifar10.yaml --config configs/cka_feddst_mnist.yaml --seed 7 --sparsity 0.8 --log-dir results/logs/multiseed/cifar10_multiseed_20260724_145839/seed_7 --checkpoint-dir results/checkpoints/multiseed/cifar10_multiseed_20260724_145839/seed_7 --plot-dir results/plots/multiseed/cifar10_multiseed_20260724_145839
- suite=multiseed method=sparse_fedavg seed=7 sparsity=0.9 exit_code=1: /mnt/aiongpfs/users/dsen/micromamba/envs/cka-cifar/bin/python -m src.train --global-config configs/global_cifar10.yaml --config configs/sparse_fedavg_mnist.yaml --seed 7 --sparsity 0.9 --log-dir results/logs/multiseed/cifar10_multiseed_20260724_145839/seed_7 --checkpoint-dir results/checkpoints/multiseed/cifar10_multiseed_20260724_145839/seed_7 --plot-dir results/plots/multiseed/cifar10_multiseed_20260724_145839
- suite=multiseed method=feddst seed=7 sparsity=0.9 exit_code=1: /mnt/aiongpfs/users/dsen/micromamba/envs/cka-cifar/bin/python -m src.train --global-config configs/global_cifar10.yaml --config configs/feddst_mnist.yaml --seed 7 --sparsity 0.9 --log-dir results/logs/multiseed/cifar10_multiseed_20260724_145839/seed_7 --checkpoint-dir results/checkpoints/multiseed/cifar10_multiseed_20260724_145839/seed_7 --plot-dir results/plots/multiseed/cifar10_multiseed_20260724_145839
- suite=multiseed method=cka_feddst seed=7 sparsity=0.9 exit_code=1: /mnt/aiongpfs/users/dsen/micromamba/envs/cka-cifar/bin/python -m src.train --global-config configs/global_cifar10.yaml --config configs/cka_feddst_mnist.yaml --seed 7 --sparsity 0.9 --log-dir results/logs/multiseed/cifar10_multiseed_20260724_145839/seed_7 --checkpoint-dir results/checkpoints/multiseed/cifar10_multiseed_20260724_145839/seed_7 --plot-dir results/plots/multiseed/cifar10_multiseed_20260724_145839
- suite=multiseed method=sparse_fedavg seed=7 sparsity=0.95 exit_code=1: /mnt/aiongpfs/users/dsen/micromamba/envs/cka-cifar/bin/python -m src.train --global-config configs/global_cifar10.yaml --config configs/sparse_fedavg_mnist.yaml --seed 7 --sparsity 0.95 --log-dir results/logs/multiseed/cifar10_multiseed_20260724_145839/seed_7 --checkpoint-dir results/checkpoints/multiseed/cifar10_multiseed_20260724_145839/seed_7 --plot-dir results/plots/multiseed/cifar10_multiseed_20260724_145839
- suite=multiseed method=feddst seed=7 sparsity=0.95 exit_code=1: /mnt/aiongpfs/users/dsen/micromamba/envs/cka-cifar/bin/python -m src.train --global-config configs/global_cifar10.yaml --config configs/feddst_mnist.yaml --seed 7 --sparsity 0.95 --log-dir results/logs/multiseed/cifar10_multiseed_20260724_145839/seed_7 --checkpoint-dir results/checkpoints/multiseed/cifar10_multiseed_20260724_145839/seed_7 --plot-dir results/plots/multiseed/cifar10_multiseed_20260724_145839
- suite=multiseed method=cka_feddst seed=7 sparsity=0.95 exit_code=1: /mnt/aiongpfs/users/dsen/micromamba/envs/cka-cifar/bin/python -m src.train --global-config configs/global_cifar10.yaml --config configs/cka_feddst_mnist.yaml --seed 7 --sparsity 0.95 --log-dir results/logs/multiseed/cifar10_multiseed_20260724_145839/seed_7 --checkpoint-dir results/checkpoints/multiseed/cifar10_multiseed_20260724_145839/seed_7 --plot-dir results/plots/multiseed/cifar10_multiseed_20260724_145839
- suite=multiseed method=fedavg seed=13 sparsity=dense exit_code=1: /mnt/aiongpfs/users/dsen/micromamba/envs/cka-cifar/bin/python -m src.train --global-config configs/global_cifar10.yaml --config configs/fedavg_mnist.yaml --seed 13 --log-dir results/logs/multiseed/cifar10_multiseed_20260724_145839/seed_13 --checkpoint-dir results/checkpoints/multiseed/cifar10_multiseed_20260724_145839/seed_13 --plot-dir results/plots/multiseed/cifar10_multiseed_20260724_145839
- suite=multiseed method=sparse_fedavg seed=13 sparsity=0.5 exit_code=1: /mnt/aiongpfs/users/dsen/micromamba/envs/cka-cifar/bin/python -m src.train --global-config configs/global_cifar10.yaml --config configs/sparse_fedavg_mnist.yaml --seed 13 --sparsity 0.5 --log-dir results/logs/multiseed/cifar10_multiseed_20260724_145839/seed_13 --checkpoint-dir results/checkpoints/multiseed/cifar10_multiseed_20260724_145839/seed_13 --plot-dir results/plots/multiseed/cifar10_multiseed_20260724_145839
- suite=multiseed method=feddst seed=13 sparsity=0.5 exit_code=1: /mnt/aiongpfs/users/dsen/micromamba/envs/cka-cifar/bin/python -m src.train --global-config configs/global_cifar10.yaml --config configs/feddst_mnist.yaml --seed 13 --sparsity 0.5 --log-dir results/logs/multiseed/cifar10_multiseed_20260724_145839/seed_13 --checkpoint-dir results/checkpoints/multiseed/cifar10_multiseed_20260724_145839/seed_13 --plot-dir results/plots/multiseed/cifar10_multiseed_20260724_145839
- suite=multiseed method=cka_feddst seed=13 sparsity=0.5 exit_code=1: /mnt/aiongpfs/users/dsen/micromamba/envs/cka-cifar/bin/python -m src.train --global-config configs/global_cifar10.yaml --config configs/cka_feddst_mnist.yaml --seed 13 --sparsity 0.5 --log-dir results/logs/multiseed/cifar10_multiseed_20260724_145839/seed_13 --checkpoint-dir results/checkpoints/multiseed/cifar10_multiseed_20260724_145839/seed_13 --plot-dir results/plots/multiseed/cifar10_multiseed_20260724_145839
- suite=multiseed method=sparse_fedavg seed=13 sparsity=0.7 exit_code=1: /mnt/aiongpfs/users/dsen/micromamba/envs/cka-cifar/bin/python -m src.train --global-config configs/global_cifar10.yaml --config configs/sparse_fedavg_mnist.yaml --seed 13 --sparsity 0.7 --log-dir results/logs/multiseed/cifar10_multiseed_20260724_145839/seed_13 --checkpoint-dir results/checkpoints/multiseed/cifar10_multiseed_20260724_145839/seed_13 --plot-dir results/plots/multiseed/cifar10_multiseed_20260724_145839
- suite=multiseed method=feddst seed=13 sparsity=0.7 exit_code=1: /mnt/aiongpfs/users/dsen/micromamba/envs/cka-cifar/bin/python -m src.train --global-config configs/global_cifar10.yaml --config configs/feddst_mnist.yaml --seed 13 --sparsity 0.7 --log-dir results/logs/multiseed/cifar10_multiseed_20260724_145839/seed_13 --checkpoint-dir results/checkpoints/multiseed/cifar10_multiseed_20260724_145839/seed_13 --plot-dir results/plots/multiseed/cifar10_multiseed_20260724_145839
- suite=multiseed method=cka_feddst seed=13 sparsity=0.7 exit_code=1: /mnt/aiongpfs/users/dsen/micromamba/envs/cka-cifar/bin/python -m src.train --global-config configs/global_cifar10.yaml --config configs/cka_feddst_mnist.yaml --seed 13 --sparsity 0.7 --log-dir results/logs/multiseed/cifar10_multiseed_20260724_145839/seed_13 --checkpoint-dir results/checkpoints/multiseed/cifar10_multiseed_20260724_145839/seed_13 --plot-dir results/plots/multiseed/cifar10_multiseed_20260724_145839
- suite=multiseed method=sparse_fedavg seed=13 sparsity=0.8 exit_code=1: /mnt/aiongpfs/users/dsen/micromamba/envs/cka-cifar/bin/python -m src.train --global-config configs/global_cifar10.yaml --config configs/sparse_fedavg_mnist.yaml --seed 13 --sparsity 0.8 --log-dir results/logs/multiseed/cifar10_multiseed_20260724_145839/seed_13 --checkpoint-dir results/checkpoints/multiseed/cifar10_multiseed_20260724_145839/seed_13 --plot-dir results/plots/multiseed/cifar10_multiseed_20260724_145839
- suite=multiseed method=feddst seed=13 sparsity=0.8 exit_code=1: /mnt/aiongpfs/users/dsen/micromamba/envs/cka-cifar/bin/python -m src.train --global-config configs/global_cifar10.yaml --config configs/feddst_mnist.yaml --seed 13 --sparsity 0.8 --log-dir results/logs/multiseed/cifar10_multiseed_20260724_145839/seed_13 --checkpoint-dir results/checkpoints/multiseed/cifar10_multiseed_20260724_145839/seed_13 --plot-dir results/plots/multiseed/cifar10_multiseed_20260724_145839
- suite=multiseed method=cka_feddst seed=13 sparsity=0.8 exit_code=1: /mnt/aiongpfs/users/dsen/micromamba/envs/cka-cifar/bin/python -m src.train --global-config configs/global_cifar10.yaml --config configs/cka_feddst_mnist.yaml --seed 13 --sparsity 0.8 --log-dir results/logs/multiseed/cifar10_multiseed_20260724_145839/seed_13 --checkpoint-dir results/checkpoints/multiseed/cifar10_multiseed_20260724_145839/seed_13 --plot-dir results/plots/multiseed/cifar10_multiseed_20260724_145839
- suite=multiseed method=sparse_fedavg seed=13 sparsity=0.9 exit_code=1: /mnt/aiongpfs/users/dsen/micromamba/envs/cka-cifar/bin/python -m src.train --global-config configs/global_cifar10.yaml --config configs/sparse_fedavg_mnist.yaml --seed 13 --sparsity 0.9 --log-dir results/logs/multiseed/cifar10_multiseed_20260724_145839/seed_13 --checkpoint-dir results/checkpoints/multiseed/cifar10_multiseed_20260724_145839/seed_13 --plot-dir results/plots/multiseed/cifar10_multiseed_20260724_145839
- suite=multiseed method=feddst seed=13 sparsity=0.9 exit_code=1: /mnt/aiongpfs/users/dsen/micromamba/envs/cka-cifar/bin/python -m src.train --global-config configs/global_cifar10.yaml --config configs/feddst_mnist.yaml --seed 13 --sparsity 0.9 --log-dir results/logs/multiseed/cifar10_multiseed_20260724_145839/seed_13 --checkpoint-dir results/checkpoints/multiseed/cifar10_multiseed_20260724_145839/seed_13 --plot-dir results/plots/multiseed/cifar10_multiseed_20260724_145839
- suite=multiseed method=cka_feddst seed=13 sparsity=0.9 exit_code=1: /mnt/aiongpfs/users/dsen/micromamba/envs/cka-cifar/bin/python -m src.train --global-config configs/global_cifar10.yaml --config configs/cka_feddst_mnist.yaml --seed 13 --sparsity 0.9 --log-dir results/logs/multiseed/cifar10_multiseed_20260724_145839/seed_13 --checkpoint-dir results/checkpoints/multiseed/cifar10_multiseed_20260724_145839/seed_13 --plot-dir results/plots/multiseed/cifar10_multiseed_20260724_145839
- suite=multiseed method=sparse_fedavg seed=13 sparsity=0.95 exit_code=1: /mnt/aiongpfs/users/dsen/micromamba/envs/cka-cifar/bin/python -m src.train --global-config configs/global_cifar10.yaml --config configs/sparse_fedavg_mnist.yaml --seed 13 --sparsity 0.95 --log-dir results/logs/multiseed/cifar10_multiseed_20260724_145839/seed_13 --checkpoint-dir results/checkpoints/multiseed/cifar10_multiseed_20260724_145839/seed_13 --plot-dir results/plots/multiseed/cifar10_multiseed_20260724_145839
- suite=multiseed method=feddst seed=13 sparsity=0.95 exit_code=1: /mnt/aiongpfs/users/dsen/micromamba/envs/cka-cifar/bin/python -m src.train --global-config configs/global_cifar10.yaml --config configs/feddst_mnist.yaml --seed 13 --sparsity 0.95 --log-dir results/logs/multiseed/cifar10_multiseed_20260724_145839/seed_13 --checkpoint-dir results/checkpoints/multiseed/cifar10_multiseed_20260724_145839/seed_13 --plot-dir results/plots/multiseed/cifar10_multiseed_20260724_145839
- suite=multiseed method=cka_feddst seed=13 sparsity=0.95 exit_code=1: /mnt/aiongpfs/users/dsen/micromamba/envs/cka-cifar/bin/python -m src.train --global-config configs/global_cifar10.yaml --config configs/cka_feddst_mnist.yaml --seed 13 --sparsity 0.95 --log-dir results/logs/multiseed/cifar10_multiseed_20260724_145839/seed_13 --checkpoint-dir results/checkpoints/multiseed/cifar10_multiseed_20260724_145839/seed_13 --plot-dir results/plots/multiseed/cifar10_multiseed_20260724_145839
- suite=multiseed method=fedavg seed=21 sparsity=dense exit_code=1: /mnt/aiongpfs/users/dsen/micromamba/envs/cka-cifar/bin/python -m src.train --global-config configs/global_cifar10.yaml --config configs/fedavg_mnist.yaml --seed 21 --log-dir results/logs/multiseed/cifar10_multiseed_20260724_145839/seed_21 --checkpoint-dir results/checkpoints/multiseed/cifar10_multiseed_20260724_145839/seed_21 --plot-dir results/plots/multiseed/cifar10_multiseed_20260724_145839
- suite=multiseed method=sparse_fedavg seed=21 sparsity=0.5 exit_code=1: /mnt/aiongpfs/users/dsen/micromamba/envs/cka-cifar/bin/python -m src.train --global-config configs/global_cifar10.yaml --config configs/sparse_fedavg_mnist.yaml --seed 21 --sparsity 0.5 --log-dir results/logs/multiseed/cifar10_multiseed_20260724_145839/seed_21 --checkpoint-dir results/checkpoints/multiseed/cifar10_multiseed_20260724_145839/seed_21 --plot-dir results/plots/multiseed/cifar10_multiseed_20260724_145839
- suite=multiseed method=feddst seed=21 sparsity=0.5 exit_code=1: /mnt/aiongpfs/users/dsen/micromamba/envs/cka-cifar/bin/python -m src.train --global-config configs/global_cifar10.yaml --config configs/feddst_mnist.yaml --seed 21 --sparsity 0.5 --log-dir results/logs/multiseed/cifar10_multiseed_20260724_145839/seed_21 --checkpoint-dir results/checkpoints/multiseed/cifar10_multiseed_20260724_145839/seed_21 --plot-dir results/plots/multiseed/cifar10_multiseed_20260724_145839
- suite=multiseed method=cka_feddst seed=21 sparsity=0.5 exit_code=1: /mnt/aiongpfs/users/dsen/micromamba/envs/cka-cifar/bin/python -m src.train --global-config configs/global_cifar10.yaml --config configs/cka_feddst_mnist.yaml --seed 21 --sparsity 0.5 --log-dir results/logs/multiseed/cifar10_multiseed_20260724_145839/seed_21 --checkpoint-dir results/checkpoints/multiseed/cifar10_multiseed_20260724_145839/seed_21 --plot-dir results/plots/multiseed/cifar10_multiseed_20260724_145839
- suite=multiseed method=sparse_fedavg seed=21 sparsity=0.7 exit_code=1: /mnt/aiongpfs/users/dsen/micromamba/envs/cka-cifar/bin/python -m src.train --global-config configs/global_cifar10.yaml --config configs/sparse_fedavg_mnist.yaml --seed 21 --sparsity 0.7 --log-dir results/logs/multiseed/cifar10_multiseed_20260724_145839/seed_21 --checkpoint-dir results/checkpoints/multiseed/cifar10_multiseed_20260724_145839/seed_21 --plot-dir results/plots/multiseed/cifar10_multiseed_20260724_145839
- suite=multiseed method=feddst seed=21 sparsity=0.7 exit_code=1: /mnt/aiongpfs/users/dsen/micromamba/envs/cka-cifar/bin/python -m src.train --global-config configs/global_cifar10.yaml --config configs/feddst_mnist.yaml --seed 21 --sparsity 0.7 --log-dir results/logs/multiseed/cifar10_multiseed_20260724_145839/seed_21 --checkpoint-dir results/checkpoints/multiseed/cifar10_multiseed_20260724_145839/seed_21 --plot-dir results/plots/multiseed/cifar10_multiseed_20260724_145839
- suite=multiseed method=cka_feddst seed=21 sparsity=0.7 exit_code=1: /mnt/aiongpfs/users/dsen/micromamba/envs/cka-cifar/bin/python -m src.train --global-config configs/global_cifar10.yaml --config configs/cka_feddst_mnist.yaml --seed 21 --sparsity 0.7 --log-dir results/logs/multiseed/cifar10_multiseed_20260724_145839/seed_21 --checkpoint-dir results/checkpoints/multiseed/cifar10_multiseed_20260724_145839/seed_21 --plot-dir results/plots/multiseed/cifar10_multiseed_20260724_145839
- suite=multiseed method=sparse_fedavg seed=21 sparsity=0.8 exit_code=1: /mnt/aiongpfs/users/dsen/micromamba/envs/cka-cifar/bin/python -m src.train --global-config configs/global_cifar10.yaml --config configs/sparse_fedavg_mnist.yaml --seed 21 --sparsity 0.8 --log-dir results/logs/multiseed/cifar10_multiseed_20260724_145839/seed_21 --checkpoint-dir results/checkpoints/multiseed/cifar10_multiseed_20260724_145839/seed_21 --plot-dir results/plots/multiseed/cifar10_multiseed_20260724_145839
- suite=multiseed method=feddst seed=21 sparsity=0.8 exit_code=1: /mnt/aiongpfs/users/dsen/micromamba/envs/cka-cifar/bin/python -m src.train --global-config configs/global_cifar10.yaml --config configs/feddst_mnist.yaml --seed 21 --sparsity 0.8 --log-dir results/logs/multiseed/cifar10_multiseed_20260724_145839/seed_21 --checkpoint-dir results/checkpoints/multiseed/cifar10_multiseed_20260724_145839/seed_21 --plot-dir results/plots/multiseed/cifar10_multiseed_20260724_145839
- suite=multiseed method=cka_feddst seed=21 sparsity=0.8 exit_code=1: /mnt/aiongpfs/users/dsen/micromamba/envs/cka-cifar/bin/python -m src.train --global-config configs/global_cifar10.yaml --config configs/cka_feddst_mnist.yaml --seed 21 --sparsity 0.8 --log-dir results/logs/multiseed/cifar10_multiseed_20260724_145839/seed_21 --checkpoint-dir results/checkpoints/multiseed/cifar10_multiseed_20260724_145839/seed_21 --plot-dir results/plots/multiseed/cifar10_multiseed_20260724_145839
- suite=multiseed method=sparse_fedavg seed=21 sparsity=0.9 exit_code=1: /mnt/aiongpfs/users/dsen/micromamba/envs/cka-cifar/bin/python -m src.train --global-config configs/global_cifar10.yaml --config configs/sparse_fedavg_mnist.yaml --seed 21 --sparsity 0.9 --log-dir results/logs/multiseed/cifar10_multiseed_20260724_145839/seed_21 --checkpoint-dir results/checkpoints/multiseed/cifar10_multiseed_20260724_145839/seed_21 --plot-dir results/plots/multiseed/cifar10_multiseed_20260724_145839
- suite=multiseed method=feddst seed=21 sparsity=0.9 exit_code=1: /mnt/aiongpfs/users/dsen/micromamba/envs/cka-cifar/bin/python -m src.train --global-config configs/global_cifar10.yaml --config configs/feddst_mnist.yaml --seed 21 --sparsity 0.9 --log-dir results/logs/multiseed/cifar10_multiseed_20260724_145839/seed_21 --checkpoint-dir results/checkpoints/multiseed/cifar10_multiseed_20260724_145839/seed_21 --plot-dir results/plots/multiseed/cifar10_multiseed_20260724_145839
- suite=multiseed method=cka_feddst seed=21 sparsity=0.9 exit_code=1: /mnt/aiongpfs/users/dsen/micromamba/envs/cka-cifar/bin/python -m src.train --global-config configs/global_cifar10.yaml --config configs/cka_feddst_mnist.yaml --seed 21 --sparsity 0.9 --log-dir results/logs/multiseed/cifar10_multiseed_20260724_145839/seed_21 --checkpoint-dir results/checkpoints/multiseed/cifar10_multiseed_20260724_145839/seed_21 --plot-dir results/plots/multiseed/cifar10_multiseed_20260724_145839
- suite=multiseed method=sparse_fedavg seed=21 sparsity=0.95 exit_code=1: /mnt/aiongpfs/users/dsen/micromamba/envs/cka-cifar/bin/python -m src.train --global-config configs/global_cifar10.yaml --config configs/sparse_fedavg_mnist.yaml --seed 21 --sparsity 0.95 --log-dir results/logs/multiseed/cifar10_multiseed_20260724_145839/seed_21 --checkpoint-dir results/checkpoints/multiseed/cifar10_multiseed_20260724_145839/seed_21 --plot-dir results/plots/multiseed/cifar10_multiseed_20260724_145839
- suite=multiseed method=feddst seed=21 sparsity=0.95 exit_code=1: /mnt/aiongpfs/users/dsen/micromamba/envs/cka-cifar/bin/python -m src.train --global-config configs/global_cifar10.yaml --config configs/feddst_mnist.yaml --seed 21 --sparsity 0.95 --log-dir results/logs/multiseed/cifar10_multiseed_20260724_145839/seed_21 --checkpoint-dir results/checkpoints/multiseed/cifar10_multiseed_20260724_145839/seed_21 --plot-dir results/plots/multiseed/cifar10_multiseed_20260724_145839
- suite=multiseed method=cka_feddst seed=21 sparsity=0.95 exit_code=1: /mnt/aiongpfs/users/dsen/micromamba/envs/cka-cifar/bin/python -m src.train --global-config configs/global_cifar10.yaml --config configs/cka_feddst_mnist.yaml --seed 21 --sparsity 0.95 --log-dir results/logs/multiseed/cifar10_multiseed_20260724_145839/seed_21 --checkpoint-dir results/checkpoints/multiseed/cifar10_multiseed_20260724_145839/seed_21 --plot-dir results/plots/multiseed/cifar10_multiseed_20260724_145839
- suite=multiseed method=fedavg seed=100 sparsity=dense exit_code=1: /mnt/aiongpfs/users/dsen/micromamba/envs/cka-cifar/bin/python -m src.train --global-config configs/global_cifar10.yaml --config configs/fedavg_mnist.yaml --seed 100 --log-dir results/logs/multiseed/cifar10_multiseed_20260724_145839/seed_100 --checkpoint-dir results/checkpoints/multiseed/cifar10_multiseed_20260724_145839/seed_100 --plot-dir results/plots/multiseed/cifar10_multiseed_20260724_145839
- suite=multiseed method=sparse_fedavg seed=100 sparsity=0.5 exit_code=1: /mnt/aiongpfs/users/dsen/micromamba/envs/cka-cifar/bin/python -m src.train --global-config configs/global_cifar10.yaml --config configs/sparse_fedavg_mnist.yaml --seed 100 --sparsity 0.5 --log-dir results/logs/multiseed/cifar10_multiseed_20260724_145839/seed_100 --checkpoint-dir results/checkpoints/multiseed/cifar10_multiseed_20260724_145839/seed_100 --plot-dir results/plots/multiseed/cifar10_multiseed_20260724_145839
- suite=multiseed method=feddst seed=100 sparsity=0.5 exit_code=1: /mnt/aiongpfs/users/dsen/micromamba/envs/cka-cifar/bin/python -m src.train --global-config configs/global_cifar10.yaml --config configs/feddst_mnist.yaml --seed 100 --sparsity 0.5 --log-dir results/logs/multiseed/cifar10_multiseed_20260724_145839/seed_100 --checkpoint-dir results/checkpoints/multiseed/cifar10_multiseed_20260724_145839/seed_100 --plot-dir results/plots/multiseed/cifar10_multiseed_20260724_145839
- suite=multiseed method=cka_feddst seed=100 sparsity=0.5 exit_code=1: /mnt/aiongpfs/users/dsen/micromamba/envs/cka-cifar/bin/python -m src.train --global-config configs/global_cifar10.yaml --config configs/cka_feddst_mnist.yaml --seed 100 --sparsity 0.5 --log-dir results/logs/multiseed/cifar10_multiseed_20260724_145839/seed_100 --checkpoint-dir results/checkpoints/multiseed/cifar10_multiseed_20260724_145839/seed_100 --plot-dir results/plots/multiseed/cifar10_multiseed_20260724_145839
- suite=multiseed method=sparse_fedavg seed=100 sparsity=0.7 exit_code=1: /mnt/aiongpfs/users/dsen/micromamba/envs/cka-cifar/bin/python -m src.train --global-config configs/global_cifar10.yaml --config configs/sparse_fedavg_mnist.yaml --seed 100 --sparsity 0.7 --log-dir results/logs/multiseed/cifar10_multiseed_20260724_145839/seed_100 --checkpoint-dir results/checkpoints/multiseed/cifar10_multiseed_20260724_145839/seed_100 --plot-dir results/plots/multiseed/cifar10_multiseed_20260724_145839
- suite=multiseed method=feddst seed=100 sparsity=0.7 exit_code=1: /mnt/aiongpfs/users/dsen/micromamba/envs/cka-cifar/bin/python -m src.train --global-config configs/global_cifar10.yaml --config configs/feddst_mnist.yaml --seed 100 --sparsity 0.7 --log-dir results/logs/multiseed/cifar10_multiseed_20260724_145839/seed_100 --checkpoint-dir results/checkpoints/multiseed/cifar10_multiseed_20260724_145839/seed_100 --plot-dir results/plots/multiseed/cifar10_multiseed_20260724_145839
- suite=multiseed method=cka_feddst seed=100 sparsity=0.7 exit_code=1: /mnt/aiongpfs/users/dsen/micromamba/envs/cka-cifar/bin/python -m src.train --global-config configs/global_cifar10.yaml --config configs/cka_feddst_mnist.yaml --seed 100 --sparsity 0.7 --log-dir results/logs/multiseed/cifar10_multiseed_20260724_145839/seed_100 --checkpoint-dir results/checkpoints/multiseed/cifar10_multiseed_20260724_145839/seed_100 --plot-dir results/plots/multiseed/cifar10_multiseed_20260724_145839
- suite=multiseed method=sparse_fedavg seed=100 sparsity=0.8 exit_code=1: /mnt/aiongpfs/users/dsen/micromamba/envs/cka-cifar/bin/python -m src.train --global-config configs/global_cifar10.yaml --config configs/sparse_fedavg_mnist.yaml --seed 100 --sparsity 0.8 --log-dir results/logs/multiseed/cifar10_multiseed_20260724_145839/seed_100 --checkpoint-dir results/checkpoints/multiseed/cifar10_multiseed_20260724_145839/seed_100 --plot-dir results/plots/multiseed/cifar10_multiseed_20260724_145839
- suite=multiseed method=feddst seed=100 sparsity=0.8 exit_code=1: /mnt/aiongpfs/users/dsen/micromamba/envs/cka-cifar/bin/python -m src.train --global-config configs/global_cifar10.yaml --config configs/feddst_mnist.yaml --seed 100 --sparsity 0.8 --log-dir results/logs/multiseed/cifar10_multiseed_20260724_145839/seed_100 --checkpoint-dir results/checkpoints/multiseed/cifar10_multiseed_20260724_145839/seed_100 --plot-dir results/plots/multiseed/cifar10_multiseed_20260724_145839
- suite=multiseed method=cka_feddst seed=100 sparsity=0.8 exit_code=1: /mnt/aiongpfs/users/dsen/micromamba/envs/cka-cifar/bin/python -m src.train --global-config configs/global_cifar10.yaml --config configs/cka_feddst_mnist.yaml --seed 100 --sparsity 0.8 --log-dir results/logs/multiseed/cifar10_multiseed_20260724_145839/seed_100 --checkpoint-dir results/checkpoints/multiseed/cifar10_multiseed_20260724_145839/seed_100 --plot-dir results/plots/multiseed/cifar10_multiseed_20260724_145839
- suite=multiseed method=sparse_fedavg seed=100 sparsity=0.9 exit_code=1: /mnt/aiongpfs/users/dsen/micromamba/envs/cka-cifar/bin/python -m src.train --global-config configs/global_cifar10.yaml --config configs/sparse_fedavg_mnist.yaml --seed 100 --sparsity 0.9 --log-dir results/logs/multiseed/cifar10_multiseed_20260724_145839/seed_100 --checkpoint-dir results/checkpoints/multiseed/cifar10_multiseed_20260724_145839/seed_100 --plot-dir results/plots/multiseed/cifar10_multiseed_20260724_145839
- suite=multiseed method=feddst seed=100 sparsity=0.9 exit_code=1: /mnt/aiongpfs/users/dsen/micromamba/envs/cka-cifar/bin/python -m src.train --global-config configs/global_cifar10.yaml --config configs/feddst_mnist.yaml --seed 100 --sparsity 0.9 --log-dir results/logs/multiseed/cifar10_multiseed_20260724_145839/seed_100 --checkpoint-dir results/checkpoints/multiseed/cifar10_multiseed_20260724_145839/seed_100 --plot-dir results/plots/multiseed/cifar10_multiseed_20260724_145839
- suite=multiseed method=cka_feddst seed=100 sparsity=0.9 exit_code=1: /mnt/aiongpfs/users/dsen/micromamba/envs/cka-cifar/bin/python -m src.train --global-config configs/global_cifar10.yaml --config configs/cka_feddst_mnist.yaml --seed 100 --sparsity 0.9 --log-dir results/logs/multiseed/cifar10_multiseed_20260724_145839/seed_100 --checkpoint-dir results/checkpoints/multiseed/cifar10_multiseed_20260724_145839/seed_100 --plot-dir results/plots/multiseed/cifar10_multiseed_20260724_145839
- suite=multiseed method=sparse_fedavg seed=100 sparsity=0.95 exit_code=1: /mnt/aiongpfs/users/dsen/micromamba/envs/cka-cifar/bin/python -m src.train --global-config configs/global_cifar10.yaml --config configs/sparse_fedavg_mnist.yaml --seed 100 --sparsity 0.95 --log-dir results/logs/multiseed/cifar10_multiseed_20260724_145839/seed_100 --checkpoint-dir results/checkpoints/multiseed/cifar10_multiseed_20260724_145839/seed_100 --plot-dir results/plots/multiseed/cifar10_multiseed_20260724_145839
- suite=multiseed method=feddst seed=100 sparsity=0.95 exit_code=1: /mnt/aiongpfs/users/dsen/micromamba/envs/cka-cifar/bin/python -m src.train --global-config configs/global_cifar10.yaml --config configs/feddst_mnist.yaml --seed 100 --sparsity 0.95 --log-dir results/logs/multiseed/cifar10_multiseed_20260724_145839/seed_100 --checkpoint-dir results/checkpoints/multiseed/cifar10_multiseed_20260724_145839/seed_100 --plot-dir results/plots/multiseed/cifar10_multiseed_20260724_145839
- suite=multiseed method=cka_feddst seed=100 sparsity=0.95 exit_code=1: /mnt/aiongpfs/users/dsen/micromamba/envs/cka-cifar/bin/python -m src.train --global-config configs/global_cifar10.yaml --config configs/cka_feddst_mnist.yaml --seed 100 --sparsity 0.95 --log-dir results/logs/multiseed/cifar10_multiseed_20260724_145839/seed_100 --checkpoint-dir results/checkpoints/multiseed/cifar10_multiseed_20260724_145839/seed_100 --plot-dir results/plots/multiseed/cifar10_multiseed_20260724_145839
