method,dataset,sparsity,seed,split_manifest_path,cka_strength,round,layer,client_i,client_j,cka,average_layer_cka,num_reference_samples
cka_feddst,cifar10,0.7,13,results/logs/cka_strength_sweep/cifar10/strength_0p5/seed_13/splits/cifar10_split_seed13_clients5_alpha0p3_ref500.json,0.5,2,conv1,0,0,1.0,0.9999998807907104,500
cka_feddst,cifar10,0.7,13,results/logs/cka_strength_sweep/cifar10/strength_0p5/seed_13/splits/cifar10_split_seed13_clients5_alpha0p3_ref500.json,0.5,2,conv1,0,1,1.0,0.9999998807907104,500
cka_feddst,cifar10,0.7,13,results/logs/cka_strength_sweep/cifar10/strength_0p5/seed_13/splits/cifar10_split_seed13_clients5_alpha0p3_ref500.json,0.5,2,conv1,0,2,1.0,0.9999998807907104,500
cka_feddst,cifar10,0.7,13,results/logs/cka_strength_sweep/cifar10/strength_0p5/seed_13/splits/cifar10_split_seed13_clients5_alpha0p3_ref500.json,0.5,2,conv1,0,3,1.0,0.9999998807907104,500
cka_feddst,cifar10,0.7,13,results/logs/cka_strength_sweep/cifar10/strength_0p5/seed_13/splits/cifar10_split_seed13_clients5_alpha0p3_ref500.json,0.5,2,conv1,0,4,1.0,0.9999998807907104,500
cka_feddst,cifar10,0.7,13,results/logs/cka_strength_sweep/cifar10/strength_0p5/seed_13/splits/cifar10_split_seed13_clients5_alpha0p3_ref500.json,0.5,2,conv1,1,0,1.0,0.9999998807907104,500
cka_feddst,cifar10,0.7,13,results/logs/cka_strength_sweep/cifar10/strength_0p5/seed_13/splits/cifar10_split_seed13_clients5_alpha0p3_ref500.json,0.5,2,conv1,1,1,1.0,0.9999998807907104,500
cka_feddst,cifar10,0.7,13,results/logs/cka_strength_sweep/cifar10/strength_0p5/seed_13/splits/cifar10_split_seed13_clients5_alpha0p3_ref500.json,0.5,2,conv1,1,2,0.9999990463256836,0.9999998807907104,500
cka_feddst,cifar10,0.7,13,results/logs/cka_strength_sweep/cifar10/strength_0p5/seed_13/splits/cifar10_split_seed13_clients5_alpha0p3_ref500.json,0.5,2,conv1,1,3,1.0,0.9999998807907104,500
cka_feddst,cifar10,0.7,13,results/logs/cka_strength_sweep/cifar10/strength_0p5/seed_13/splits/cifar10_split_seed13_clients5_alpha0p3_ref500.json,0.5,2,conv1,1,4,1.0,0.9999998807907104,500
cka_feddst,cifar10,0.7,13,results/logs/cka_strength_sweep/cifar10/strength_0p5/seed_13/splits/cifar10_split_seed13_clients5_alpha0p3_ref500.json,0.5,2,conv1,2,0,1.0,0.9999998807907104,500
cka_feddst,cifar10,0.7,13,results/logs/cka_strength_sweep/cifar10/strength_0p5/seed_13/splits/cifar10_split_seed13_clients5_alpha0p3_ref500.json,0.5,2,conv1,2,1,0.9999990463256836,0.9999998807907104,500
cka_feddst,cifar10,0.7,13,results/logs/cka_strength_sweep/cifar10/strength_0p5/seed_13/splits/cifar10_split_seed13_clients5_alpha0p3_ref500.json,0.5,2,conv1,2,2,1.0,0.9999998807907104,500
cka_feddst,cifar10,0.7,13,results/logs/cka_strength_sweep/cifar10/strength_0p5/seed_13/splits/cifar10_split_seed13_clients5_alpha0p3_ref500.json,0.5,2,conv1,2,3,0.9999997019767761,0.9999998807907104,500
cka_feddst,cifar10,0.7,13,results/logs/cka_strength_sweep/cifar10/strength_0p5/seed_13/splits/cifar10_split_seed13_clients5_alpha0p3_ref500.json,0.5,2,conv1,2,4,1.0,0.9999998807907104,500
cka_feddst,cifar10,0.7,13,results/logs/cka_strength_sweep/cifar10/strength_0p5/seed_13/splits/cifar10_split_seed13_clients5_alpha0p3_ref500.json,0.5,2,conv1,3,0,1.0,0.9999998807907104,500
cka_feddst,cifar10,0.7,13,results/logs/cka_strength_sweep/cifar10/strength_0p5/seed_13/splits/cifar10_split_seed13_clients5_alpha0p3_ref500.json,0.5,2,conv1,3,1,1.0,0.9999998807907104,500
cka_feddst,cifar10,0.7,13,results/logs/cka_strength_sweep/cifar10/strength_0p5/seed_13/splits/cifar10_split_seed13_clients5_alpha0p3_ref500.json,0.5,2,conv1,3,2,0.9999997019767761,0.9999998807907104,500
cka_feddst,cifar10,0.7,13,results/logs/cka_strength_sweep/cifar10/strength_0p5/seed_13/splits/cifar10_split_seed13_clients5_alpha0p3_ref500.json,0.5,2,conv1,3,3,1.0,0.9999998807907104,500
cka_feddst,cifar10,0.7,13,results/logs/cka_strength_sweep/cifar10/strength_0p5/seed_13/splits/cifar10_split_seed13_clients5_alpha0p3_ref500.json,0.5,2,conv1,3,4,1.0,0.9999998807907104,500
cka_feddst,cifar10,0.7,13,results/logs/cka_strength_sweep/cifar10/strength_0p5/seed_13/splits/cifar10_split_seed13_clients5_alpha0p3_ref500.json,0.5,2,conv1,4,0,1.0,0.9999998807907104,500
cka_feddst,cifar10,0.7,13,results/logs/cka_strength_sweep/cifar10/strength_0p5/seed_13/splits/cifar10_split_seed13_clients5_alpha0p3_ref500.json,0.5,2,conv1,4,1,1.0,0.9999998807907104,500
cka_feddst,cifar10,0.7,13,results/logs/cka_strength_sweep/cifar10/strength_0p5/seed_13/splits/cifar10_split_seed13_clients5_alpha0p3_ref500.json,0.5,2,conv1,4,2,1.0,0.9999998807907104,500
cka_feddst,cifar10,0.7,13,results/logs/cka_strength_sweep/cifar10/strength_0p5/seed_13/splits/cifar10_split_seed13_clients5_alpha0p3_ref500.json,0.5,2,conv1,4,3,1.0,0.9999998807907104,500
cka_feddst,cifar10,0.7,13,results/logs/cka_strength_sweep/cifar10/strength_0p5/seed_13/splits/cifar10_split_seed13_clients5_alpha0p3_ref500.json,0.5,2,conv1,4,4,1.0,0.9999998807907104,500
cka_feddst,cifar10,0.7,13,results/logs/cka_strength_sweep/cifar10/strength_0p5/seed_13/splits/cifar10_split_seed13_clients5_alpha0p3_ref500.json,0.5,2,conv2,0,0,1.0,0.9999030828475952,500
cka_feddst,cifar10,0.7,13,results/logs/cka_strength_sweep/cifar10/strength_0p5/seed_13/splits/cifar10_split_seed13_clients5_alpha0p3_ref500.json,0.5,2,conv2,0,1,0.9998084306716919,0.9999030828475952,500
cka_feddst,cifar10,0.7,13,results/logs/cka_strength_sweep/cifar10/strength_0p5/seed_13/splits/cifar10_split_seed13_clients5_alpha0p3_ref500.json,0.5,2,conv2,0,2,0.9999673962593079,0.9999030828475952,500
cka_feddst,cifar10,0.7,13,results/logs/cka_strength_sweep/cifar10/strength_0p5/seed_13/splits/cifar10_split_seed13_clients5_alpha0p3_ref500.json,0.5,2,conv2,0,3,0.9999662637710571,0.9999030828475952,500
cka_feddst,cifar10,0.7,13,results/logs/cka_strength_sweep/cifar10/strength_0p5/seed_13/splits/cifar10_split_seed13_clients5_alpha0p3_ref500.json,0.5,2,conv2,0,4,0.9999876618385315,0.9999030828475952,500
cka_feddst,cifar10,0.7,13,results/logs/cka_strength_sweep/cifar10/strength_0p5/seed_13/splits/cifar10_split_seed13_clients5_alpha0p3_ref500.json,0.5,2,conv2,1,0,0.9998084306716919,0.9999030828475952,500
cka_feddst,cifar10,0.7,13,results/logs/cka_strength_sweep/cifar10/strength_0p5/seed_13/splits/cifar10_split_seed13_clients5_alpha0p3_ref500.json,0.5,2,conv2,1,1,1.0,0.9999030828475952,500
cka_feddst,cifar10,0.7,13,results/logs/cka_strength_sweep/cifar10/strength_0p5/seed_13/splits/cifar10_split_seed13_clients5_alpha0p3_ref500.json,0.5,2,conv2,1,2,0.9996703863143921,0.9999030828475952,500
cka_feddst,cifar10,0.7,13,results/logs/cka_strength_sweep/cifar10/strength_0p5/seed_13/splits/cifar10_split_seed13_clients5_alpha0p3_ref500.json,0.5,2,conv2,1,3,0.9999195337295532,0.9999030828475952,500
cka_feddst,cifar10,0.7,13,results/logs/cka_strength_sweep/cifar10/strength_0p5/seed_13/splits/cifar10_split_seed13_clients5_alpha0p3_ref500.json,0.5,2,conv2,1,4,0.9998970627784729,0.9999030828475952,500
cka_feddst,cifar10,0.7,13,results/logs/cka_strength_sweep/cifar10/strength_0p5/seed_13/splits/cifar10_split_seed13_clients5_alpha0p3_ref500.json,0.5,2,conv2,2,0,0.9999673962593079,0.9999030828475952,500
cka_feddst,cifar10,0.7,13,results/logs/cka_strength_sweep/cifar10/strength_0p5/seed_13/splits/cifar10_split_seed13_clients5_alpha0p3_ref500.json,0.5,2,conv2,2,1,0.9996703863143921,0.9999030828475952,500
cka_feddst,cifar10,0.7,13,results/logs/cka_strength_sweep/cifar10/strength_0p5/seed_13/splits/cifar10_split_seed13_clients5_alpha0p3_ref500.json,0.5,2,conv2,2,2,1.0,0.9999030828475952,500
cka_feddst,cifar10,0.7,13,results/logs/cka_strength_sweep/cifar10/strength_0p5/seed_13/splits/cifar10_split_seed13_clients5_alpha0p3_ref500.json,0.5,2,conv2,2,3,0.9999154806137085,0.9999030828475952,500
cka_feddst,cifar10,0.7,13,results/logs/cka_strength_sweep/cifar10/strength_0p5/seed_13/splits/cifar10_split_seed13_clients5_alpha0p3_ref500.json,0.5,2,conv2,2,4,0.9999154806137085,0.9999030828475952,500
cka_feddst,cifar10,0.7,13,results/logs/cka_strength_sweep/cifar10/strength_0p5/seed_13/splits/cifar10_split_seed13_clients5_alpha0p3_ref500.json,0.5,2,conv2,3,0,0.9999662637710571,0.9999030828475952,500
cka_feddst,cifar10,0.7,13,results/logs/cka_strength_sweep/cifar10/strength_0p5/seed_13/splits/cifar10_split_seed13_clients5_alpha0p3_ref500.json,0.5,2,conv2,3,1,0.9999195337295532,0.9999030828475952,500
cka_feddst,cifar10,0.7,13,results/logs/cka_strength_sweep/cifar10/strength_0p5/seed_13/splits/cifar10_split_seed13_clients5_alpha0p3_ref500.json,0.5,2,conv2,3,2,0.9999154806137085,0.9999030828475952,500
cka_feddst,cifar10,0.7,13,results/logs/cka_strength_sweep/cifar10/strength_0p5/seed_13/splits/cifar10_split_seed13_clients5_alpha0p3_ref500.json,0.5,2,conv2,3,3,1.0,0.9999030828475952,500
cka_feddst,cifar10,0.7,13,results/logs/cka_strength_sweep/cifar10/strength_0p5/seed_13/splits/cifar10_split_seed13_clients5_alpha0p3_ref500.json,0.5,2,conv2,3,4,0.9999833106994629,0.9999030828475952,500
cka_feddst,cifar10,0.7,13,results/logs/cka_strength_sweep/cifar10/strength_0p5/seed_13/splits/cifar10_split_seed13_clients5_alpha0p3_ref500.json,0.5,2,conv2,4,0,0.9999876618385315,0.9999030828475952,500
cka_feddst,cifar10,0.7,13,results/logs/cka_strength_sweep/cifar10/strength_0p5/seed_13/splits/cifar10_split_seed13_clients5_alpha0p3_ref500.json,0.5,2,conv2,4,1,0.9998970627784729,0.9999030828475952,500
cka_feddst,cifar10,0.7,13,results/logs/cka_strength_sweep/cifar10/strength_0p5/seed_13/splits/cifar10_split_seed13_clients5_alpha0p3_ref500.json,0.5,2,conv2,4,2,0.9999154806137085,0.9999030828475952,500
cka_feddst,cifar10,0.7,13,results/logs/cka_strength_sweep/cifar10/strength_0p5/seed_13/splits/cifar10_split_seed13_clients5_alpha0p3_ref500.json,0.5,2,conv2,4,3,0.9999833106994629,0.9999030828475952,500
cka_feddst,cifar10,0.7,13,results/logs/cka_strength_sweep/cifar10/strength_0p5/seed_13/splits/cifar10_split_seed13_clients5_alpha0p3_ref500.json,0.5,2,conv2,4,4,1.0,0.9999030828475952,500
cka_feddst,cifar10,0.7,13,results/logs/cka_strength_sweep/cifar10/strength_0p5/seed_13/splits/cifar10_split_seed13_clients5_alpha0p3_ref500.json,0.5,2,conv3,0,0,1.0,0.9994230270385742,500
cka_feddst,cifar10,0.7,13,results/logs/cka_strength_sweep/cifar10/strength_0p5/seed_13/splits/cifar10_split_seed13_clients5_alpha0p3_ref500.json,0.5,2,conv3,0,1,0.9987930655479431,0.9994230270385742,500
cka_feddst,cifar10,0.7,13,results/logs/cka_strength_sweep/cifar10/strength_0p5/seed_13/splits/cifar10_split_seed13_clients5_alpha0p3_ref500.json,0.5,2,conv3,0,2,0.9995943903923035,0.9994230270385742,500
cka_feddst,cifar10,0.7,13,results/logs/cka_strength_sweep/cifar10/strength_0p5/seed_13/splits/cifar10_split_seed13_clients5_alpha0p3_ref500.json,0.5,2,conv3,0,3,0.9997265338897705,0.9994230270385742,500
cka_feddst,cifar10,0.7,13,results/logs/cka_strength_sweep/cifar10/strength_0p5/seed_13/splits/cifar10_split_seed13_clients5_alpha0p3_ref500.json,0.5,2,conv3,0,4,0.9999237656593323,0.9994230270385742,500
cka_feddst,cifar10,0.7,13,results/logs/cka_strength_sweep/cifar10/strength_0p5/seed_13/splits/cifar10_split_seed13_clients5_alpha0p3_ref500.json,0.5,2,conv3,1,0,0.9987930655479431,0.9994230270385742,500
cka_feddst,cifar10,0.7,13,results/logs/cka_strength_sweep/cifar10/strength_0p5/seed_13/splits/cifar10_split_seed13_clients5_alpha0p3_ref500.json,0.5,2,conv3,1,1,1.0,0.9994230270385742,500
cka_feddst,cifar10,0.7,13,results/logs/cka_strength_sweep/cifar10/strength_0p5/seed_13/splits/cifar10_split_seed13_clients5_alpha0p3_ref500.json,0.5,2,conv3,1,2,0.9983623623847961,0.9994230270385742,500
cka_feddst,cifar10,0.7,13,results/logs/cka_strength_sweep/cifar10/strength_0p5/seed_13/splits/cifar10_split_seed13_clients5_alpha0p3_ref500.json,0.5,2,conv3,1,3,0.9995208382606506,0.9994230270385742,500
cka_feddst,cifar10,0.7,13,results/logs/cka_strength_sweep/cifar10/strength_0p5/seed_13/splits/cifar10_split_seed13_clients5_alpha0p3_ref500.json,0.5,2,conv3,1,4,0.9992398619651794,0.9994230270385742,500
cka_feddst,cifar10,0.7,13,results/logs/cka_strength_sweep/cifar10/strength_0p5/seed_13/splits/cifar10_split_seed13_clients5_alpha0p3_ref500.json,0.5,2,conv3,2,0,0.9995943903923035,0.9994230270385742,500
cka_feddst,cifar10,0.7,13,results/logs/cka_strength_sweep/cifar10/strength_0p5/seed_13/splits/cifar10_split_seed13_clients5_alpha0p3_ref500.json,0.5,2,conv3,2,1,0.9983623623847961,0.9994230270385742,500
cka_feddst,cifar10,0.7,13,results/logs/cka_strength_sweep/cifar10/strength_0p5/seed_13/splits/cifar10_split_seed13_clients5_alpha0p3_ref500.json,0.5,2,conv3,2,2,1.0,0.9994230270385742,500
cka_feddst,cifar10,0.7,13,results/logs/cka_strength_sweep/cifar10/strength_0p5/seed_13/splits/cifar10_split_seed13_clients5_alpha0p3_ref500.json,0.5,2,conv3,2,3,0.9996122121810913,0.9994230270385742,500
cka_feddst,cifar10,0.7,13,results/logs/cka_strength_sweep/cifar10/strength_0p5/seed_13/splits/cifar10_split_seed13_clients5_alpha0p3_ref500.json,0.5,2,conv3,2,4,0.9995695948600769,0.9994230270385742,500
cka_feddst,cifar10,0.7,13,results/logs/cka_strength_sweep/cifar10/strength_0p5/seed_13/splits/cifar10_split_seed13_clients5_alpha0p3_ref500.json,0.5,2,conv3,3,0,0.9997265338897705,0.9994230270385742,500
cka_feddst,cifar10,0.7,13,results/logs/cka_strength_sweep/cifar10/strength_0p5/seed_13/splits/cifar10_split_seed13_clients5_alpha0p3_ref500.json,0.5,2,conv3,3,1,0.9995208382606506,0.9994230270385742,500
cka_feddst,cifar10,0.7,13,results/logs/cka_strength_sweep/cifar10/strength_0p5/seed_13/splits/cifar10_split_seed13_clients5_alpha0p3_ref500.json,0.5,2,conv3,3,2,0.9996122121810913,0.9994230270385742,500
cka_feddst,cifar10,0.7,13,results/logs/cka_strength_sweep/cifar10/strength_0p5/seed_13/splits/cifar10_split_seed13_clients5_alpha0p3_ref500.json,0.5,2,conv3,3,3,1.0,0.9994230270385742,500
cka_feddst,cifar10,0.7,13,results/logs/cka_strength_sweep/cifar10/strength_0p5/seed_13/splits/cifar10_split_seed13_clients5_alpha0p3_ref500.json,0.5,2,conv3,3,4,0.9998878240585327,0.9994230270385742,500
cka_feddst,cifar10,0.7,13,results/logs/cka_strength_sweep/cifar10/strength_0p5/seed_13/splits/cifar10_split_seed13_clients5_alpha0p3_ref500.json,0.5,2,conv3,4,0,0.9999237656593323,0.9994230270385742,500
cka_feddst,cifar10,0.7,13,results/logs/cka_strength_sweep/cifar10/strength_0p5/seed_13/splits/cifar10_split_seed13_clients5_alpha0p3_ref500.json,0.5,2,conv3,4,1,0.9992398619651794,0.9994230270385742,500
cka_feddst,cifar10,0.7,13,results/logs/cka_strength_sweep/cifar10/strength_0p5/seed_13/splits/cifar10_split_seed13_clients5_alpha0p3_ref500.json,0.5,2,conv3,4,2,0.9995695948600769,0.9994230270385742,500
cka_feddst,cifar10,0.7,13,results/logs/cka_strength_sweep/cifar10/strength_0p5/seed_13/splits/cifar10_split_seed13_clients5_alpha0p3_ref500.json,0.5,2,conv3,4,3,0.9998878240585327,0.9994230270385742,500
cka_feddst,cifar10,0.7,13,results/logs/cka_strength_sweep/cifar10/strength_0p5/seed_13/splits/cifar10_split_seed13_clients5_alpha0p3_ref500.json,0.5,2,conv3,4,4,1.0,0.9994230270385742,500
cka_feddst,cifar10,0.7,13,results/logs/cka_strength_sweep/cifar10/strength_0p5/seed_13/splits/cifar10_split_seed13_clients5_alpha0p3_ref500.json,0.5,2,fc1,0,0,1.0,0.98595130443573,500
cka_feddst,cifar10,0.7,13,results/logs/cka_strength_sweep/cifar10/strength_0p5/seed_13/splits/cifar10_split_seed13_clients5_alpha0p3_ref500.json,0.5,2,fc1,0,1,0.9821029305458069,0.98595130443573,500
cka_feddst,cifar10,0.7,13,results/logs/cka_strength_sweep/cifar10/strength_0p5/seed_13/splits/cifar10_split_seed13_clients5_alpha0p3_ref500.json,0.5,2,fc1,0,2,0.9664559960365295,0.98595130443573,500
cka_feddst,cifar10,0.7,13,results/logs/cka_strength_sweep/cifar10/strength_0p5/seed_13/splits/cifar10_split_seed13_clients5_alpha0p3_ref500.json,0.5,2,fc1,0,3,0.9849153757095337,0.98595130443573,500
cka_feddst,cifar10,0.7,13,results/logs/cka_strength_sweep/cifar10/strength_0p5/seed_13/splits/cifar10_split_seed13_clients5_alpha0p3_ref500.json,0.5,2,fc1,0,4,0.9961563348770142,0.98595130443573,500
cka_feddst,cifar10,0.7,13,results/logs/cka_strength_sweep/cifar10/strength_0p5/seed_13/splits/cifar10_split_seed13_clients5_alpha0p3_ref500.json,0.5,2,fc1,1,0,0.9821029305458069,0.98595130443573,500
cka_feddst,cifar10,0.7,13,results/logs/cka_strength_sweep/cifar10/strength_0p5/seed_13/splits/cifar10_split_seed13_clients5_alpha0p3_ref500.json,0.5,2,fc1,1,1,1.0,0.98595130443573,500
cka_feddst,cifar10,0.7,13,results/logs/cka_strength_sweep/cifar10/strength_0p5/seed_13/splits/cifar10_split_seed13_clients5_alpha0p3_ref500.json,0.5,2,fc1,1,2,0.9808626174926758,0.98595130443573,500
cka_feddst,cifar10,0.7,13,results/logs/cka_strength_sweep/cifar10/strength_0p5/seed_13/splits/cifar10_split_seed13_clients5_alpha0p3_ref500.json,0.5,2,fc1,1,3,0.9900007843971252,0.98595130443573,500
cka_feddst,cifar10,0.7,13,results/logs/cka_strength_sweep/cifar10/strength_0p5/seed_13/splits/cifar10_split_seed13_clients5_alpha0p3_ref500.json,0.5,2,fc1,1,4,0.9864025712013245,0.98595130443573,500
cka_feddst,cifar10,0.7,13,results/logs/cka_strength_sweep/cifar10/strength_0p5/seed_13/splits/cifar10_split_seed13_clients5_alpha0p3_ref500.json,0.5,2,fc1,2,0,0.9664559960365295,0.98595130443573,500
cka_feddst,cifar10,0.7,13,results/logs/cka_strength_sweep/cifar10/strength_0p5/seed_13/splits/cifar10_split_seed13_clients5_alpha0p3_ref500.json,0.5,2,fc1,2,1,0.9808626174926758,0.98595130443573,500
cka_feddst,cifar10,0.7,13,results/logs/cka_strength_sweep/cifar10/strength_0p5/seed_13/splits/cifar10_split_seed13_clients5_alpha0p3_ref500.json,0.5,2,fc1,2,2,1.0,0.98595130443573,500
cka_feddst,cifar10,0.7,13,results/logs/cka_strength_sweep/cifar10/strength_0p5/seed_13/splits/cifar10_split_seed13_clients5_alpha0p3_ref500.json,0.5,2,fc1,2,3,0.9955224394798279,0.98595130443573,500
cka_feddst,cifar10,0.7,13,results/logs/cka_strength_sweep/cifar10/strength_0p5/seed_13/splits/cifar10_split_seed13_clients5_alpha0p3_ref500.json,0.5,2,fc1,2,4,0.9823829531669617,0.98595130443573,500
cka_feddst,cifar10,0.7,13,results/logs/cka_strength_sweep/cifar10/strength_0p5/seed_13/splits/cifar10_split_seed13_clients5_alpha0p3_ref500.json,0.5,2,fc1,3,0,0.9849153757095337,0.98595130443573,500
cka_feddst,cifar10,0.7,13,results/logs/cka_strength_sweep/cifar10/strength_0p5/seed_13/splits/cifar10_split_seed13_clients5_alpha0p3_ref500.json,0.5,2,fc1,3,1,0.9900007843971252,0.98595130443573,500
cka_feddst,cifar10,0.7,13,results/logs/cka_strength_sweep/cifar10/strength_0p5/seed_13/splits/cifar10_split_seed13_clients5_alpha0p3_ref500.json,0.5,2,fc1,3,2,0.9955224394798279,0.98595130443573,500
cka_feddst,cifar10,0.7,13,results/logs/cka_strength_sweep/cifar10/strength_0p5/seed_13/splits/cifar10_split_seed13_clients5_alpha0p3_ref500.json,0.5,2,fc1,3,3,1.0,0.98595130443573,500
cka_feddst,cifar10,0.7,13,results/logs/cka_strength_sweep/cifar10/strength_0p5/seed_13/splits/cifar10_split_seed13_clients5_alpha0p3_ref500.json,0.5,2,fc1,3,4,0.9947115778923035,0.98595130443573,500
cka_feddst,cifar10,0.7,13,results/logs/cka_strength_sweep/cifar10/strength_0p5/seed_13/splits/cifar10_split_seed13_clients5_alpha0p3_ref500.json,0.5,2,fc1,4,0,0.9961563348770142,0.98595130443573,500
cka_feddst,cifar10,0.7,13,results/logs/cka_strength_sweep/cifar10/strength_0p5/seed_13/splits/cifar10_split_seed13_clients5_alpha0p3_ref500.json,0.5,2,fc1,4,1,0.9864025712013245,0.98595130443573,500
cka_feddst,cifar10,0.7,13,results/logs/cka_strength_sweep/cifar10/strength_0p5/seed_13/splits/cifar10_split_seed13_clients5_alpha0p3_ref500.json,0.5,2,fc1,4,2,0.9823829531669617,0.98595130443573,500
cka_feddst,cifar10,0.7,13,results/logs/cka_strength_sweep/cifar10/strength_0p5/seed_13/splits/cifar10_split_seed13_clients5_alpha0p3_ref500.json,0.5,2,fc1,4,3,0.9947115778923035,0.98595130443573,500
cka_feddst,cifar10,0.7,13,results/logs/cka_strength_sweep/cifar10/strength_0p5/seed_13/splits/cifar10_split_seed13_clients5_alpha0p3_ref500.json,0.5,2,fc1,4,4,1.0,0.98595130443573,500
cka_feddst,cifar10,0.7,13,results/logs/cka_strength_sweep/cifar10/strength_0p5/seed_13/splits/cifar10_split_seed13_clients5_alpha0p3_ref500.json,0.5,4,conv1,0,0,1.0,0.9999850988388062,500
cka_feddst,cifar10,0.7,13,results/logs/cka_strength_sweep/cifar10/strength_0p5/seed_13/splits/cifar10_split_seed13_clients5_alpha0p3_ref500.json,0.5,4,conv1,0,1,0.9999966621398926,0.9999850988388062,500
cka_feddst,cifar10,0.7,13,results/logs/cka_strength_sweep/cifar10/strength_0p5/seed_13/splits/cifar10_split_seed13_clients5_alpha0p3_ref500.json,0.5,4,conv1,0,2,0.999996542930603,0.9999850988388062,500
cka_feddst,cifar10,0.7,13,results/logs/cka_strength_sweep/cifar10/strength_0p5/seed_13/splits/cifar10_split_seed13_clients5_alpha0p3_ref500.json,0.5,4,conv1,0,3,1.0,0.9999850988388062,500
cka_feddst,cifar10,0.7,13,results/logs/cka_strength_sweep/cifar10/strength_0p5/seed_13/splits/cifar10_split_seed13_clients5_alpha0p3_ref500.json,0.5,4,conv1,0,4,0.99994957447052,0.9999850988388062,500
cka_feddst,cifar10,0.7,13,results/logs/cka_strength_sweep/cifar10/strength_0p5/seed_13/splits/cifar10_split_seed13_clients5_alpha0p3_ref500.json,0.5,4,conv1,1,0,0.9999966621398926,0.9999850988388062,500
cka_feddst,cifar10,0.7,13,results/logs/cka_strength_sweep/cifar10/strength_0p5/seed_13/splits/cifar10_split_seed13_clients5_alpha0p3_ref500.json,0.5,4,conv1,1,1,1.0,0.9999850988388062,500
cka_feddst,cifar10,0.7,13,results/logs/cka_strength_sweep/cifar10/strength_0p5/seed_13/splits/cifar10_split_seed13_clients5_alpha0p3_ref500.json,0.5,4,conv1,1,2,1.0,0.9999850988388062,500
cka_feddst,cifar10,0.7,13,results/logs/cka_strength_sweep/cifar10/strength_0p5/seed_13/splits/cifar10_split_seed13_clients5_alpha0p3_ref500.json,0.5,4,conv1,1,3,0.9999994039535522,0.9999850988388062,500
cka_feddst,cifar10,0.7,13,results/logs/cka_strength_sweep/cifar10/strength_0p5/seed_13/splits/cifar10_split_seed13_clients5_alpha0p3_ref500.json,0.5,4,conv1,1,4,0.9999749064445496,0.9999850988388062,500
cka_feddst,cifar10,0.7,13,results/logs/cka_strength_sweep/cifar10/strength_0p5/seed_13/splits/cifar10_split_seed13_clients5_alpha0p3_ref500.json,0.5,4,conv1,2,0,0.999996542930603,0.9999850988388062,500
cka_feddst,cifar10,0.7,13,results/logs/cka_strength_sweep/cifar10/strength_0p5/seed_13/splits/cifar10_split_seed13_clients5_alpha0p3_ref500.json,0.5,4,conv1,2,1,1.0,0.9999850988388062,500
cka_feddst,cifar10,0.7,13,results/logs/cka_strength_sweep/cifar10/strength_0p5/seed_13/splits/cifar10_split_seed13_clients5_alpha0p3_ref500.json,0.5,4,conv1,2,2,1.0,0.9999850988388062,500
cka_feddst,cifar10,0.7,13,results/logs/cka_strength_sweep/cifar10/strength_0p5/seed_13/splits/cifar10_split_seed13_clients5_alpha0p3_ref500.json,0.5,4,conv1,2,3,0.9999984502792358,0.9999850988388062,500
cka_feddst,cifar10,0.7,13,results/logs/cka_strength_sweep/cifar10/strength_0p5/seed_13/splits/cifar10_split_seed13_clients5_alpha0p3_ref500.json,0.5,4,conv1,2,4,0.9999819397926331,0.9999850988388062,500
cka_feddst,cifar10,0.7,13,results/logs/cka_strength_sweep/cifar10/strength_0p5/seed_13/splits/cifar10_split_seed13_clients5_alpha0p3_ref500.json,0.5,4,conv1,3,0,1.0,0.9999850988388062,500
cka_feddst,cifar10,0.7,13,results/logs/cka_strength_sweep/cifar10/strength_0p5/seed_13/splits/cifar10_split_seed13_clients5_alpha0p3_ref500.json,0.5,4,conv1,3,1,0.9999994039535522,0.9999850988388062,500
cka_feddst,cifar10,0.7,13,results/logs/cka_strength_sweep/cifar10/strength_0p5/seed_13/splits/cifar10_split_seed13_clients5_alpha0p3_ref500.json,0.5,4,conv1,3,2,0.9999984502792358,0.9999850988388062,500
cka_feddst,cifar10,0.7,13,results/logs/cka_strength_sweep/cifar10/strength_0p5/seed_13/splits/cifar10_split_seed13_clients5_alpha0p3_ref500.json,0.5,4,conv1,3,3,1.0,0.9999850988388062,500
cka_feddst,cifar10,0.7,13,results/logs/cka_strength_sweep/cifar10/strength_0p5/seed_13/splits/cifar10_split_seed13_clients5_alpha0p3_ref500.json,0.5,4,conv1,3,4,0.99995356798172,0.9999850988388062,500
cka_feddst,cifar10,0.7,13,results/logs/cka_strength_sweep/cifar10/strength_0p5/seed_13/splits/cifar10_split_seed13_clients5_alpha0p3_ref500.json,0.5,4,conv1,4,0,0.99994957447052,0.9999850988388062,500
cka_feddst,cifar10,0.7,13,results/logs/cka_strength_sweep/cifar10/strength_0p5/seed_13/splits/cifar10_split_seed13_clients5_alpha0p3_ref500.json,0.5,4,conv1,4,1,0.9999749064445496,0.9999850988388062,500
cka_feddst,cifar10,0.7,13,results/logs/cka_strength_sweep/cifar10/strength_0p5/seed_13/splits/cifar10_split_seed13_clients5_alpha0p3_ref500.json,0.5,4,conv1,4,2,0.9999819397926331,0.9999850988388062,500
cka_feddst,cifar10,0.7,13,results/logs/cka_strength_sweep/cifar10/strength_0p5/seed_13/splits/cifar10_split_seed13_clients5_alpha0p3_ref500.json,0.5,4,conv1,4,3,0.99995356798172,0.9999850988388062,500
cka_feddst,cifar10,0.7,13,results/logs/cka_strength_sweep/cifar10/strength_0p5/seed_13/splits/cifar10_split_seed13_clients5_alpha0p3_ref500.json,0.5,4,conv1,4,4,1.0,0.9999850988388062,500
cka_feddst,cifar10,0.7,13,results/logs/cka_strength_sweep/cifar10/strength_0p5/seed_13/splits/cifar10_split_seed13_clients5_alpha0p3_ref500.json,0.5,4,conv2,0,0,1.0,0.9999340772628784,500
cka_feddst,cifar10,0.7,13,results/logs/cka_strength_sweep/cifar10/strength_0p5/seed_13/splits/cifar10_split_seed13_clients5_alpha0p3_ref500.json,0.5,4,conv2,0,1,0.9999676942825317,0.9999340772628784,500
cka_feddst,cifar10,0.7,13,results/logs/cka_strength_sweep/cifar10/strength_0p5/seed_13/splits/cifar10_split_seed13_clients5_alpha0p3_ref500.json,0.5,4,conv2,0,2,0.999974250793457,0.9999340772628784,500
cka_feddst,cifar10,0.7,13,results/logs/cka_strength_sweep/cifar10/strength_0p5/seed_13/splits/cifar10_split_seed13_clients5_alpha0p3_ref500.json,0.5,4,conv2,0,3,1.0,0.9999340772628784,500
cka_feddst,cifar10,0.7,13,results/logs/cka_strength_sweep/cifar10/strength_0p5/seed_13/splits/cifar10_split_seed13_clients5_alpha0p3_ref500.json,0.5,4,conv2,0,4,0.9998049139976501,0.9999340772628784,500
cka_feddst,cifar10,0.7,13,results/logs/cka_strength_sweep/cifar10/strength_0p5/seed_13/splits/cifar10_split_seed13_clients5_alpha0p3_ref500.json,0.5,4,conv2,1,0,0.9999676942825317,0.9999340772628784,500
cka_feddst,cifar10,0.7,13,results/logs/cka_strength_sweep/cifar10/strength_0p5/seed_13/splits/cifar10_split_seed13_clients5_alpha0p3_ref500.json,0.5,4,conv2,1,1,1.0,0.9999340772628784,500
cka_feddst,cifar10,0.7,13,results/logs/cka_strength_sweep/cifar10/strength_0p5/seed_13/splits/cifar10_split_seed13_clients5_alpha0p3_ref500.json,0.5,4,conv2,1,2,0.9999890923500061,0.9999340772628784,500
cka_feddst,cifar10,0.7,13,results/logs/cka_strength_sweep/cifar10/strength_0p5/seed_13/splits/cifar10_split_seed13_clients5_alpha0p3_ref500.json,0.5,4,conv2,1,3,0.999981701374054,0.9999340772628784,500
cka_feddst,cifar10,0.7,13,results/logs/cka_strength_sweep/cifar10/strength_0p5/seed_13/splits/cifar10_split_seed13_clients5_alpha0p3_ref500.json,0.5,4,conv2,1,4,0.9998990893363953,0.9999340772628784,500
cka_feddst,cifar10,0.7,13,results/logs/cka_strength_sweep/cifar10/strength_0p5/seed_13/splits/cifar10_split_seed13_clients5_alpha0p3_ref500.json,0.5,4,conv2,2,0,0.999974250793457,0.9999340772628784,500
cka_feddst,cifar10,0.7,13,results/logs/cka_strength_sweep/cifar10/strength_0p5/seed_13/splits/cifar10_split_seed13_clients5_alpha0p3_ref500.json,0.5,4,conv2,2,1,0.9999890923500061,0.9999340772628784,500
cka_feddst,cifar10,0.7,13,results/logs/cka_strength_sweep/cifar10/strength_0p5/seed_13/splits/cifar10_split_seed13_clients5_alpha0p3_ref500.json,0.5,4,conv2,2,2,1.0,0.9999340772628784,500
cka_feddst,cifar10,0.7,13,results/logs/cka_strength_sweep/cifar10/strength_0p5/seed_13/splits/cifar10_split_seed13_clients5_alpha0p3_ref500.json,0.5,4,conv2,2,3,0.9999812245368958,0.9999340772628784,500
cka_feddst,cifar10,0.7,13,results/logs/cka_strength_sweep/cifar10/strength_0p5/seed_13/splits/cifar10_split_seed13_clients5_alpha0p3_ref500.json,0.5,4,conv2,2,4,0.9999197125434875,0.9999340772628784,500
cka_feddst,cifar10,0.7,13,results/logs/cka_strength_sweep/cifar10/strength_0p5/seed_13/splits/cifar10_split_seed13_clients5_alpha0p3_ref500.json,0.5,4,conv2,3,0,1.0,0.9999340772628784,500
cka_feddst,cifar10,0.7,13,results/logs/cka_strength_sweep/cifar10/strength_0p5/seed_13/splits/cifar10_split_seed13_clients5_alpha0p3_ref500.json,0.5,4,conv2,3,1,0.999981701374054,0.9999340772628784,500
cka_feddst,cifar10,0.7,13,results/logs/cka_strength_sweep/cifar10/strength_0p5/seed_13/splits/cifar10_split_seed13_clients5_alpha0p3_ref500.json,0.5,4,conv2,3,2,0.9999812245368958,0.9999340772628784,500
cka_feddst,cifar10,0.7,13,results/logs/cka_strength_sweep/cifar10/strength_0p5/seed_13/splits/cifar10_split_seed13_clients5_alpha0p3_ref500.json,0.5,4,conv2,3,3,1.0,0.9999340772628784,500
cka_feddst,cifar10,0.7,13,results/logs/cka_strength_sweep/cifar10/strength_0p5/seed_13/splits/cifar10_split_seed13_clients5_alpha0p3_ref500.json,0.5,4,conv2,3,4,0.9998236298561096,0.9999340772628784,500
cka_feddst,cifar10,0.7,13,results/logs/cka_strength_sweep/cifar10/strength_0p5/seed_13/splits/cifar10_split_seed13_clients5_alpha0p3_ref500.json,0.5,4,conv2,4,0,0.9998049139976501,0.9999340772628784,500
cka_feddst,cifar10,0.7,13,results/logs/cka_strength_sweep/cifar10/strength_0p5/seed_13/splits/cifar10_split_seed13_clients5_alpha0p3_ref500.json,0.5,4,conv2,4,1,0.9998990893363953,0.9999340772628784,500
cka_feddst,cifar10,0.7,13,results/logs/cka_strength_sweep/cifar10/strength_0p5/seed_13/splits/cifar10_split_seed13_clients5_alpha0p3_ref500.json,0.5,4,conv2,4,2,0.9999197125434875,0.9999340772628784,500
cka_feddst,cifar10,0.7,13,results/logs/cka_strength_sweep/cifar10/strength_0p5/seed_13/splits/cifar10_split_seed13_clients5_alpha0p3_ref500.json,0.5,4,conv2,4,3,0.9998236298561096,0.9999340772628784,500
cka_feddst,cifar10,0.7,13,results/logs/cka_strength_sweep/cifar10/strength_0p5/seed_13/splits/cifar10_split_seed13_clients5_alpha0p3_ref500.json,0.5,4,conv2,4,4,1.0,0.9999340772628784,500
cka_feddst,cifar10,0.7,13,results/logs/cka_strength_sweep/cifar10/strength_0p5/seed_13/splits/cifar10_split_seed13_clients5_alpha0p3_ref500.json,0.5,4,conv3,0,0,1.0,0.9998892545700073,500
cka_feddst,cifar10,0.7,13,results/logs/cka_strength_sweep/cifar10/strength_0p5/seed_13/splits/cifar10_split_seed13_clients5_alpha0p3_ref500.json,0.5,4,conv3,0,1,0.9999635219573975,0.9998892545700073,500
cka_feddst,cifar10,0.7,13,results/logs/cka_strength_sweep/cifar10/strength_0p5/seed_13/splits/cifar10_split_seed13_clients5_alpha0p3_ref500.json,0.5,4,conv3,0,2,0.9998974800109863,0.9998892545700073,500
cka_feddst,cifar10,0.7,13,results/logs/cka_strength_sweep/cifar10/strength_0p5/seed_13/splits/cifar10_split_seed13_clients5_alpha0p3_ref500.json,0.5,4,conv3,0,3,0.9999858736991882,0.9998892545700073,500
cka_feddst,cifar10,0.7,13,results/logs/cka_strength_sweep/cifar10/strength_0p5/seed_13/splits/cifar10_split_seed13_clients5_alpha0p3_ref500.json,0.5,4,conv3,0,4,0.9997617602348328,0.9998892545700073,500
cka_feddst,cifar10,0.7,13,results/logs/cka_strength_sweep/cifar10/strength_0p5/seed_13/splits/cifar10_split_seed13_clients5_alpha0p3_ref500.json,0.5,4,conv3,1,0,0.9999635219573975,0.9998892545700073,500
cka_feddst,cifar10,0.7,13,results/logs/cka_strength_sweep/cifar10/strength_0p5/seed_13/splits/cifar10_split_seed13_clients5_alpha0p3_ref500.json,0.5,4,conv3,1,1,1.0,0.9998892545700073,500
cka_feddst,cifar10,0.7,13,results/logs/cka_strength_sweep/cifar10/strength_0p5/seed_13/splits/cifar10_split_seed13_clients5_alpha0p3_ref500.json,0.5,4,conv3,1,2,0.9999086260795593,0.9998892545700073,500
cka_feddst,cifar10,0.7,13,results/logs/cka_strength_sweep/cifar10/strength_0p5/seed_13/splits/cifar10_split_seed13_clients5_alpha0p3_ref500.json,0.5,4,conv3,1,3,0.9999772310256958,0.9998892545700073,500
cka_feddst,cifar10,0.7,13,results/logs/cka_strength_sweep/cifar10/strength_0p5/seed_13/splits/cifar10_split_seed13_clients5_alpha0p3_ref500.json,0.5,4,conv3,1,4,0.999882161617279,0.9998892545700073,500
cka_feddst,cifar10,0.7,13,results/logs/cka_strength_sweep/cifar10/strength_0p5/seed_13/splits/cifar10_split_seed13_clients5_alpha0p3_ref500.json,0.5,4,conv3,2,0,0.9998974800109863,0.9998892545700073,500
cka_feddst,cifar10,0.7,13,results/logs/cka_strength_sweep/cifar10/strength_0p5/seed_13/splits/cifar10_split_seed13_clients5_alpha0p3_ref500.json,0.5,4,conv3,2,1,0.9999086260795593,0.9998892545700073,500
cka_feddst,cifar10,0.7,13,results/logs/cka_strength_sweep/cifar10/strength_0p5/seed_13/splits/cifar10_split_seed13_clients5_alpha0p3_ref500.json,0.5,4,conv3,2,2,1.0,0.9998892545700073,500
cka_feddst,cifar10,0.7,13,results/logs/cka_strength_sweep/cifar10/strength_0p5/seed_13/splits/cifar10_split_seed13_clients5_alpha0p3_ref500.json,0.5,4,conv3,2,3,0.9998854994773865,0.9998892545700073,500
cka_feddst,cifar10,0.7,13,results/logs/cka_strength_sweep/cifar10/strength_0p5/seed_13/splits/cifar10_split_seed13_clients5_alpha0p3_ref500.json,0.5,4,conv3,2,4,0.9998365044593811,0.9998892545700073,500
cka_feddst,cifar10,0.7,13,results/logs/cka_strength_sweep/cifar10/strength_0p5/seed_13/splits/cifar10_split_seed13_clients5_alpha0p3_ref500.json,0.5,4,conv3,3,0,0.9999858736991882,0.9998892545700073,500
cka_feddst,cifar10,0.7,13,results/logs/cka_strength_sweep/cifar10/strength_0p5/seed_13/splits/cifar10_split_seed13_clients5_alpha0p3_ref500.json,0.5,4,conv3,3,1,0.9999772310256958,0.9998892545700073,500
cka_feddst,cifar10,0.7,13,results/logs/cka_strength_sweep/cifar10/strength_0p5/seed_13/splits/cifar10_split_seed13_clients5_alpha0p3_ref500.json,0.5,4,conv3,3,2,0.9998854994773865,0.9998892545700073,500
cka_feddst,cifar10,0.7,13,results/logs/cka_strength_sweep/cifar10/strength_0p5/seed_13/splits/cifar10_split_seed13_clients5_alpha0p3_ref500.json,0.5,4,conv3,3,3,1.0,0.9998892545700073,500
cka_feddst,cifar10,0.7,13,results/logs/cka_strength_sweep/cifar10/strength_0p5/seed_13/splits/cifar10_split_seed13_clients5_alpha0p3_ref500.json,0.5,4,conv3,3,4,0.9997947812080383,0.9998892545700073,500
cka_feddst,cifar10,0.7,13,results/logs/cka_strength_sweep/cifar10/strength_0p5/seed_13/splits/cifar10_split_seed13_clients5_alpha0p3_ref500.json,0.5,4,conv3,4,0,0.9997617602348328,0.9998892545700073,500
cka_feddst,cifar10,0.7,13,results/logs/cka_strength_sweep/cifar10/strength_0p5/seed_13/splits/cifar10_split_seed13_clients5_alpha0p3_ref500.json,0.5,4,conv3,4,1,0.999882161617279,0.9998892545700073,500
cka_feddst,cifar10,0.7,13,results/logs/cka_strength_sweep/cifar10/strength_0p5/seed_13/splits/cifar10_split_seed13_clients5_alpha0p3_ref500.json,0.5,4,conv3,4,2,0.9998365044593811,0.9998892545700073,500
cka_feddst,cifar10,0.7,13,results/logs/cka_strength_sweep/cifar10/strength_0p5/seed_13/splits/cifar10_split_seed13_clients5_alpha0p3_ref500.json,0.5,4,conv3,4,3,0.9997947812080383,0.9998892545700073,500
cka_feddst,cifar10,0.7,13,results/logs/cka_strength_sweep/cifar10/strength_0p5/seed_13/splits/cifar10_split_seed13_clients5_alpha0p3_ref500.json,0.5,4,conv3,4,4,1.0,0.9998892545700073,500
cka_feddst,cifar10,0.7,13,results/logs/cka_strength_sweep/cifar10/strength_0p5/seed_13/splits/cifar10_split_seed13_clients5_alpha0p3_ref500.json,0.5,4,fc1,0,0,1.0,0.9821392297744751,500
cka_feddst,cifar10,0.7,13,results/logs/cka_strength_sweep/cifar10/strength_0p5/seed_13/splits/cifar10_split_seed13_clients5_alpha0p3_ref500.json,0.5,4,fc1,0,1,0.9944076538085938,0.9821392297744751,500
cka_feddst,cifar10,0.7,13,results/logs/cka_strength_sweep/cifar10/strength_0p5/seed_13/splits/cifar10_split_seed13_clients5_alpha0p3_ref500.json,0.5,4,fc1,0,2,0.9695950746536255,0.9821392297744751,500
cka_feddst,cifar10,0.7,13,results/logs/cka_strength_sweep/cifar10/strength_0p5/seed_13/splits/cifar10_split_seed13_clients5_alpha0p3_ref500.json,0.5,4,fc1,0,3,0.9833539128303528,0.9821392297744751,500
cka_feddst,cifar10,0.7,13,results/logs/cka_strength_sweep/cifar10/strength_0p5/seed_13/splits/cifar10_split_seed13_clients5_alpha0p3_ref500.json,0.5,4,fc1,0,4,0.9818341135978699,0.9821392297744751,500
cka_feddst,cifar10,0.7,13,results/logs/cka_strength_sweep/cifar10/strength_0p5/seed_13/splits/cifar10_split_seed13_clients5_alpha0p3_ref500.json,0.5,4,fc1,1,0,0.9944076538085938,0.9821392297744751,500
cka_feddst,cifar10,0.7,13,results/logs/cka_strength_sweep/cifar10/strength_0p5/seed_13/splits/cifar10_split_seed13_clients5_alpha0p3_ref500.json,0.5,4,fc1,1,1,1.0,0.9821392297744751,500
cka_feddst,cifar10,0.7,13,results/logs/cka_strength_sweep/cifar10/strength_0p5/seed_13/splits/cifar10_split_seed13_clients5_alpha0p3_ref500.json,0.5,4,fc1,1,2,0.9787060022354126,0.9821392297744751,500
cka_feddst,cifar10,0.7,13,results/logs/cka_strength_sweep/cifar10/strength_0p5/seed_13/splits/cifar10_split_seed13_clients5_alpha0p3_ref500.json,0.5,4,fc1,1,3,0.9964310526847839,0.9821392297744751,500
cka_feddst,cifar10,0.7,13,results/logs/cka_strength_sweep/cifar10/strength_0p5/seed_13/splits/cifar10_split_seed13_clients5_alpha0p3_ref500.json,0.5,4,fc1,1,4,0.9930625557899475,0.9821392297744751,500
cka_feddst,cifar10,0.7,13,results/logs/cka_strength_sweep/cifar10/strength_0p5/seed_13/splits/cifar10_split_seed13_clients5_alpha0p3_ref500.json,0.5,4,fc1,2,0,0.9695950746536255,0.9821392297744751,500
cka_feddst,cifar10,0.7,13,results/logs/cka_strength_sweep/cifar10/strength_0p5/seed_13/splits/cifar10_split_seed13_clients5_alpha0p3_ref500.json,0.5,4,fc1,2,1,0.9787060022354126,0.9821392297744751,500
cka_feddst,cifar10,0.7,13,results/logs/cka_strength_sweep/cifar10/strength_0p5/seed_13/splits/cifar10_split_seed13_clients5_alpha0p3_ref500.json,0.5,4,fc1,2,2,1.0,0.9821392297744751,500
cka_feddst,cifar10,0.7,13,results/logs/cka_strength_sweep/cifar10/strength_0p5/seed_13/splits/cifar10_split_seed13_clients5_alpha0p3_ref500.json,0.5,4,fc1,2,3,0.9723144173622131,0.9821392297744751,500
cka_feddst,cifar10,0.7,13,results/logs/cka_strength_sweep/cifar10/strength_0p5/seed_13/splits/cifar10_split_seed13_clients5_alpha0p3_ref500.json,0.5,4,fc1,2,4,0.954723596572876,0.9821392297744751,500
cka_feddst,cifar10,0.7,13,results/logs/cka_strength_sweep/cifar10/strength_0p5/seed_13/splits/cifar10_split_seed13_clients5_alpha0p3_ref500.json,0.5,4,fc1,3,0,0.9833539128303528,0.9821392297744751,500
cka_feddst,cifar10,0.7,13,results/logs/cka_strength_sweep/cifar10/strength_0p5/seed_13/splits/cifar10_split_seed13_clients5_alpha0p3_ref500.json,0.5,4,fc1,3,1,0.9964310526847839,0.9821392297744751,500
cka_feddst,cifar10,0.7,13,results/logs/cka_strength_sweep/cifar10/strength_0p5/seed_13/splits/cifar10_split_seed13_clients5_alpha0p3_ref500.json,0.5,4,fc1,3,2,0.9723144173622131,0.9821392297744751,500
cka_feddst,cifar10,0.7,13,results/logs/cka_strength_sweep/cifar10/strength_0p5/seed_13/splits/cifar10_split_seed13_clients5_alpha0p3_ref500.json,0.5,4,fc1,3,3,1.0,0.9821392297744751,500
cka_feddst,cifar10,0.7,13,results/logs/cka_strength_sweep/cifar10/strength_0p5/seed_13/splits/cifar10_split_seed13_clients5_alpha0p3_ref500.json,0.5,4,fc1,3,4,0.9969638586044312,0.9821392297744751,500
cka_feddst,cifar10,0.7,13,results/logs/cka_strength_sweep/cifar10/strength_0p5/seed_13/splits/cifar10_split_seed13_clients5_alpha0p3_ref500.json,0.5,4,fc1,4,0,0.9818341135978699,0.9821392297744751,500
cka_feddst,cifar10,0.7,13,results/logs/cka_strength_sweep/cifar10/strength_0p5/seed_13/splits/cifar10_split_seed13_clients5_alpha0p3_ref500.json,0.5,4,fc1,4,1,0.9930625557899475,0.9821392297744751,500
cka_feddst,cifar10,0.7,13,results/logs/cka_strength_sweep/cifar10/strength_0p5/seed_13/splits/cifar10_split_seed13_clients5_alpha0p3_ref500.json,0.5,4,fc1,4,2,0.954723596572876,0.9821392297744751,500
cka_feddst,cifar10,0.7,13,results/logs/cka_strength_sweep/cifar10/strength_0p5/seed_13/splits/cifar10_split_seed13_clients5_alpha0p3_ref500.json,0.5,4,fc1,4,3,0.9969638586044312,0.9821392297744751,500
cka_feddst,cifar10,0.7,13,results/logs/cka_strength_sweep/cifar10/strength_0p5/seed_13/splits/cifar10_split_seed13_clients5_alpha0p3_ref500.json,0.5,4,fc1,4,4,1.0,0.9821392297744751,500
cka_feddst,cifar10,0.7,13,results/logs/cka_strength_sweep/cifar10/strength_0p5/seed_13/splits/cifar10_split_seed13_clients5_alpha0p3_ref500.json,0.5,6,conv1,0,0,1.0,0.9999801516532898,500
cka_feddst,cifar10,0.7,13,results/logs/cka_strength_sweep/cifar10/strength_0p5/seed_13/splits/cifar10_split_seed13_clients5_alpha0p3_ref500.json,0.5,6,conv1,0,1,0.9999886751174927,0.9999801516532898,500
cka_feddst,cifar10,0.7,13,results/logs/cka_strength_sweep/cifar10/strength_0p5/seed_13/splits/cifar10_split_seed13_clients5_alpha0p3_ref500.json,0.5,6,conv1,0,2,0.9999840259552002,0.9999801516532898,500
cka_feddst,cifar10,0.7,13,results/logs/cka_strength_sweep/cifar10/strength_0p5/seed_13/splits/cifar10_split_seed13_clients5_alpha0p3_ref500.json,0.5,6,conv1,0,3,0.9999995827674866,0.9999801516532898,500
cka_feddst,cifar10,0.7,13,results/logs/cka_strength_sweep/cifar10/strength_0p5/seed_13/splits/cifar10_split_seed13_clients5_alpha0p3_ref500.json,0.5,6,conv1,0,4,0.9999217987060547,0.9999801516532898,500
cka_feddst,cifar10,0.7,13,results/logs/cka_strength_sweep/cifar10/strength_0p5/seed_13/splits/cifar10_split_seed13_clients5_alpha0p3_ref500.json,0.5,6,conv1,1,0,0.9999886751174927,0.9999801516532898,500
cka_feddst,cifar10,0.7,13,results/logs/cka_strength_sweep/cifar10/strength_0p5/seed_13/splits/cifar10_split_seed13_clients5_alpha0p3_ref500.json,0.5,6,conv1,1,1,1.0,0.9999801516532898,500
cka_feddst,cifar10,0.7,13,results/logs/cka_strength_sweep/cifar10/strength_0p5/seed_13/splits/cifar10_split_seed13_clients5_alpha0p3_ref500.json,0.5,6,conv1,1,2,1.0,0.9999801516532898,500
cka_feddst,cifar10,0.7,13,results/logs/cka_strength_sweep/cifar10/strength_0p5/seed_13/splits/cifar10_split_seed13_clients5_alpha0p3_ref500.json,0.5,6,conv1,1,3,1.0,0.9999801516532898,500
cka_feddst,cifar10,0.7,13,results/logs/cka_strength_sweep/cifar10/strength_0p5/seed_13/splits/cifar10_split_seed13_clients5_alpha0p3_ref500.json,0.5,6,conv1,1,4,0.9999724626541138,0.9999801516532898,500
cka_feddst,cifar10,0.7,13,results/logs/cka_strength_sweep/cifar10/strength_0p5/seed_13/splits/cifar10_split_seed13_clients5_alpha0p3_ref500.json,0.5,6,conv1,2,0,0.9999840259552002,0.9999801516532898,500
cka_feddst,cifar10,0.7,13,results/logs/cka_strength_sweep/cifar10/strength_0p5/seed_13/splits/cifar10_split_seed13_clients5_alpha0p3_ref500.json,0.5,6,conv1,2,1,1.0,0.9999801516532898,500
cka_feddst,cifar10,0.7,13,results/logs/cka_strength_sweep/cifar10/strength_0p5/seed_13/splits/cifar10_split_seed13_clients5_alpha0p3_ref500.json,0.5,6,conv1,2,2,1.0,0.9999801516532898,500
cka_feddst,cifar10,0.7,13,results/logs/cka_strength_sweep/cifar10/strength_0p5/seed_13/splits/cifar10_split_seed13_clients5_alpha0p3_ref500.json,0.5,6,conv1,2,3,0.9999982118606567,0.9999801516532898,500
cka_feddst,cifar10,0.7,13,results/logs/cka_strength_sweep/cifar10/strength_0p5/seed_13/splits/cifar10_split_seed13_clients5_alpha0p3_ref500.json,0.5,6,conv1,2,4,0.9999826550483704,0.9999801516532898,500
cka_feddst,cifar10,0.7,13,results/logs/cka_strength_sweep/cifar10/strength_0p5/seed_13/splits/cifar10_split_seed13_clients5_alpha0p3_ref500.json,0.5,6,conv1,3,0,0.9999995827674866,0.9999801516532898,500
cka_feddst,cifar10,0.7,13,results/logs/cka_strength_sweep/cifar10/strength_0p5/seed_13/splits/cifar10_split_seed13_clients5_alpha0p3_ref500.json,0.5,6,conv1,3,1,1.0,0.9999801516532898,500
cka_feddst,cifar10,0.7,13,results/logs/cka_strength_sweep/cifar10/strength_0p5/seed_13/splits/cifar10_split_seed13_clients5_alpha0p3_ref500.json,0.5,6,conv1,3,2,0.9999982118606567,0.9999801516532898,500
cka_feddst,cifar10,0.7,13,results/logs/cka_strength_sweep/cifar10/strength_0p5/seed_13/splits/cifar10_split_seed13_clients5_alpha0p3_ref500.json,0.5,6,conv1,3,3,1.0,0.9999801516532898,500
cka_feddst,cifar10,0.7,13,results/logs/cka_strength_sweep/cifar10/strength_0p5/seed_13/splits/cifar10_split_seed13_clients5_alpha0p3_ref500.json,0.5,6,conv1,3,4,0.9999545216560364,0.9999801516532898,500
cka_feddst,cifar10,0.7,13,results/logs/cka_strength_sweep/cifar10/strength_0p5/seed_13/splits/cifar10_split_seed13_clients5_alpha0p3_ref500.json,0.5,6,conv1,4,0,0.9999217987060547,0.9999801516532898,500
cka_feddst,cifar10,0.7,13,results/logs/cka_strength_sweep/cifar10/strength_0p5/seed_13/splits/cifar10_split_seed13_clients5_alpha0p3_ref500.json,0.5,6,conv1,4,1,0.9999724626541138,0.9999801516532898,500
cka_feddst,cifar10,0.7,13,results/logs/cka_strength_sweep/cifar10/strength_0p5/seed_13/splits/cifar10_split_seed13_clients5_alpha0p3_ref500.json,0.5,6,conv1,4,2,0.9999826550483704,0.9999801516532898,500
cka_feddst,cifar10,0.7,13,results/logs/cka_strength_sweep/cifar10/strength_0p5/seed_13/splits/cifar10_split_seed13_clients5_alpha0p3_ref500.json,0.5,6,conv1,4,3,0.9999545216560364,0.9999801516532898,500
cka_feddst,cifar10,0.7,13,results/logs/cka_strength_sweep/cifar10/strength_0p5/seed_13/splits/cifar10_split_seed13_clients5_alpha0p3_ref500.json,0.5,6,conv1,4,4,1.0,0.9999801516532898,500
cka_feddst,cifar10,0.7,13,results/logs/cka_strength_sweep/cifar10/strength_0p5/seed_13/splits/cifar10_split_seed13_clients5_alpha0p3_ref500.json,0.5,6,conv2,0,0,1.0,0.9999414682388306,500
cka_feddst,cifar10,0.7,13,results/logs/cka_strength_sweep/cifar10/strength_0p5/seed_13/splits/cifar10_split_seed13_clients5_alpha0p3_ref500.json,0.5,6,conv2,0,1,0.9999552369117737,0.9999414682388306,500
cka_feddst,cifar10,0.7,13,results/logs/cka_strength_sweep/cifar10/strength_0p5/seed_13/splits/cifar10_split_seed13_clients5_alpha0p3_ref500.json,0.5,6,conv2,0,2,0.9999499320983887,0.9999414682388306,500
cka_feddst,cifar10,0.7,13,results/logs/cka_strength_sweep/cifar10/strength_0p5/seed_13/splits/cifar10_split_seed13_clients5_alpha0p3_ref500.json,0.5,6,conv2,0,3,0.9999927282333374,0.9999414682388306,500
cka_feddst,cifar10,0.7,13,results/logs/cka_strength_sweep/cifar10/strength_0p5/seed_13/splits/cifar10_split_seed13_clients5_alpha0p3_ref500.json,0.5,6,conv2,0,4,0.9997882843017578,0.9999414682388306,500
cka_feddst,cifar10,0.7,13,results/logs/cka_strength_sweep/cifar10/strength_0p5/seed_13/splits/cifar10_split_seed13_clients5_alpha0p3_ref500.json,0.5,6,conv2,1,0,0.9999552369117737,0.9999414682388306,500
cka_feddst,cifar10,0.7,13,results/logs/cka_strength_sweep/cifar10/strength_0p5/seed_13/splits/cifar10_split_seed13_clients5_alpha0p3_ref500.json,0.5,6,conv2,1,1,1.0,0.9999414682388306,500
cka_feddst,cifar10,0.7,13,results/logs/cka_strength_sweep/cifar10/strength_0p5/seed_13/splits/cifar10_split_seed13_clients5_alpha0p3_ref500.json,0.5,6,conv2,1,2,0.9999973177909851,0.9999414682388306,500
cka_feddst,cifar10,0.7,13,results/logs/cka_strength_sweep/cifar10/strength_0p5/seed_13/splits/cifar10_split_seed13_clients5_alpha0p3_ref500.json,0.5,6,conv2,1,3,0.9999918341636658,0.9999414682388306,500
cka_feddst,cifar10,0.7,13,results/logs/cka_strength_sweep/cifar10/strength_0p5/seed_13/splits/cifar10_split_seed13_clients5_alpha0p3_ref500.json,0.5,6,conv2,1,4,0.9999244213104248,0.9999414682388306,500
cka_feddst,cifar10,0.7,13,results/logs/cka_strength_sweep/cifar10/strength_0p5/seed_13/splits/cifar10_split_seed13_clients5_alpha0p3_ref500.json,0.5,6,conv2,2,0,0.9999499320983887,0.9999414682388306,500
cka_feddst,cifar10,0.7,13,results/logs/cka_strength_sweep/cifar10/strength_0p5/seed_13/splits/cifar10_split_seed13_clients5_alpha0p3_ref500.json,0.5,6,conv2,2,1,0.9999973177909851,0.9999414682388306,500
cka_feddst,cifar10,0.7,13,results/logs/cka_strength_sweep/cifar10/strength_0p5/seed_13/splits/cifar10_split_seed13_clients5_alpha0p3_ref500.json,0.5,6,conv2,2,2,1.0,0.9999414682388306,500
cka_feddst,cifar10,0.7,13,results/logs/cka_strength_sweep/cifar10/strength_0p5/seed_13/splits/cifar10_split_seed13_clients5_alpha0p3_ref500.json,0.5,6,conv2,2,3,0.9999895095825195,0.9999414682388306,500
cka_feddst,cifar10,0.7,13,results/logs/cka_strength_sweep/cifar10/strength_0p5/seed_13/splits/cifar10_split_seed13_clients5_alpha0p3_ref500.json,0.5,6,conv2,2,4,0.9999485611915588,0.9999414682388306,500
cka_feddst,cifar10,0.7,13,results/logs/cka_strength_sweep/cifar10/strength_0p5/seed_13/splits/cifar10_split_seed13_clients5_alpha0p3_ref500.json,0.5,6,conv2,3,0,0.9999927282333374,0.9999414682388306,500
cka_feddst,cifar10,0.7,13,results/logs/cka_strength_sweep/cifar10/strength_0p5/seed_13/splits/cifar10_split_seed13_clients5_alpha0p3_ref500.json,0.5,6,conv2,3,1,0.9999918341636658,0.9999414682388306,500
cka_feddst,cifar10,0.7,13,results/logs/cka_strength_sweep/cifar10/strength_0p5/seed_13/splits/cifar10_split_seed13_clients5_alpha0p3_ref500.json,0.5,6,conv2,3,2,0.9999895095825195,0.9999414682388306,500
cka_feddst,cifar10,0.7,13,results/logs/cka_strength_sweep/cifar10/strength_0p5/seed_13/splits/cifar10_split_seed13_clients5_alpha0p3_ref500.json,0.5,6,conv2,3,3,1.0,0.9999414682388306,500
cka_feddst,cifar10,0.7,13,results/logs/cka_strength_sweep/cifar10/strength_0p5/seed_13/splits/cifar10_split_seed13_clients5_alpha0p3_ref500.json,0.5,6,conv2,3,4,0.9998772144317627,0.9999414682388306,500
cka_feddst,cifar10,0.7,13,results/logs/cka_strength_sweep/cifar10/strength_0p5/seed_13/splits/cifar10_split_seed13_clients5_alpha0p3_ref500.json,0.5,6,conv2,4,0,0.9997882843017578,0.9999414682388306,500
cka_feddst,cifar10,0.7,13,results/logs/cka_strength_sweep/cifar10/strength_0p5/seed_13/splits/cifar10_split_seed13_clients5_alpha0p3_ref500.json,0.5,6,conv2,4,1,0.9999244213104248,0.9999414682388306,500
cka_feddst,cifar10,0.7,13,results/logs/cka_strength_sweep/cifar10/strength_0p5/seed_13/splits/cifar10_split_seed13_clients5_alpha0p3_ref500.json,0.5,6,conv2,4,2,0.9999485611915588,0.9999414682388306,500
cka_feddst,cifar10,0.7,13,results/logs/cka_strength_sweep/cifar10/strength_0p5/seed_13/splits/cifar10_split_seed13_clients5_alpha0p3_ref500.json,0.5,6,conv2,4,3,0.9998772144317627,0.9999414682388306,500
cka_feddst,cifar10,0.7,13,results/logs/cka_strength_sweep/cifar10/strength_0p5/seed_13/splits/cifar10_split_seed13_clients5_alpha0p3_ref500.json,0.5,6,conv2,4,4,1.0,0.9999414682388306,500
cka_feddst,cifar10,0.7,13,results/logs/cka_strength_sweep/cifar10/strength_0p5/seed_13/splits/cifar10_split_seed13_clients5_alpha0p3_ref500.json,0.5,6,conv3,0,0,1.0,0.99992436170578,500
cka_feddst,cifar10,0.7,13,results/logs/cka_strength_sweep/cifar10/strength_0p5/seed_13/splits/cifar10_split_seed13_clients5_alpha0p3_ref500.json,0.5,6,conv3,0,1,0.9999445676803589,0.99992436170578,500
cka_feddst,cifar10,0.7,13,results/logs/cka_strength_sweep/cifar10/strength_0p5/seed_13/splits/cifar10_split_seed13_clients5_alpha0p3_ref500.json,0.5,6,conv3,0,2,0.9999361038208008,0.99992436170578,500
cka_feddst,cifar10,0.7,13,results/logs/cka_strength_sweep/cifar10/strength_0p5/seed_13/splits/cifar10_split_seed13_clients5_alpha0p3_ref500.json,0.5,6,conv3,0,3,0.9999792575836182,0.99992436170578,500
cka_feddst,cifar10,0.7,13,results/logs/cka_strength_sweep/cifar10/strength_0p5/seed_13/splits/cifar10_split_seed13_clients5_alpha0p3_ref500.json,0.5,6,conv3,0,4,0.9997433423995972,0.99992436170578,500
cka_feddst,cifar10,0.7,13,results/logs/cka_strength_sweep/cifar10/strength_0p5/seed_13/splits/cifar10_split_seed13_clients5_alpha0p3_ref500.json,0.5,6,conv3,1,0,0.9999445676803589,0.99992436170578,500
cka_feddst,cifar10,0.7,13,results/logs/cka_strength_sweep/cifar10/strength_0p5/seed_13/splits/cifar10_split_seed13_clients5_alpha0p3_ref500.json,0.5,6,conv3,1,1,1.0,0.99992436170578,500
cka_feddst,cifar10,0.7,13,results/logs/cka_strength_sweep/cifar10/strength_0p5/seed_13/splits/cifar10_split_seed13_clients5_alpha0p3_ref500.json,0.5,6,conv3,1,2,0.9999892115592957,0.99992436170578,500
cka_feddst,cifar10,0.7,13,results/logs/cka_strength_sweep/cifar10/strength_0p5/seed_13/splits/cifar10_split_seed13_clients5_alpha0p3_ref500.json,0.5,6,conv3,1,3,0.9999887347221375,0.99992436170578,500
cka_feddst,cifar10,0.7,13,results/logs/cka_strength_sweep/cifar10/strength_0p5/seed_13/splits/cifar10_split_seed13_clients5_alpha0p3_ref500.json,0.5,6,conv3,1,4,0.9999104142189026,0.99992436170578,500
cka_feddst,cifar10,0.7,13,results/logs/cka_strength_sweep/cifar10/strength_0p5/seed_13/splits/cifar10_split_seed13_clients5_alpha0p3_ref500.json,0.5,6,conv3,2,0,0.9999361038208008,0.99992436170578,500
cka_feddst,cifar10,0.7,13,results/logs/cka_strength_sweep/cifar10/strength_0p5/seed_13/splits/cifar10_split_seed13_clients5_alpha0p3_ref500.json,0.5,6,conv3,2,1,0.9999892115592957,0.99992436170578,500
cka_feddst,cifar10,0.7,13,results/logs/cka_strength_sweep/cifar10/strength_0p5/seed_13/splits/cifar10_split_seed13_clients5_alpha0p3_ref500.json,0.5,6,conv3,2,2,1.0,0.99992436170578,500
cka_feddst,cifar10,0.7,13,results/logs/cka_strength_sweep/cifar10/strength_0p5/seed_13/splits/cifar10_split_seed13_clients5_alpha0p3_ref500.json,0.5,6,conv3,2,3,0.9999720454216003,0.99992436170578,500
cka_feddst,cifar10,0.7,13,results/logs/cka_strength_sweep/cifar10/strength_0p5/seed_13/splits/cifar10_split_seed13_clients5_alpha0p3_ref500.json,0.5,6,conv3,2,4,0.9999311566352844,0.99992436170578,500
cka_feddst,cifar10,0.7,13,results/logs/cka_strength_sweep/cifar10/strength_0p5/seed_13/splits/cifar10_split_seed13_clients5_alpha0p3_ref500.json,0.5,6,conv3,3,0,0.9999792575836182,0.99992436170578,500
cka_feddst,cifar10,0.7,13,results/logs/cka_strength_sweep/cifar10/strength_0p5/seed_13/splits/cifar10_split_seed13_clients5_alpha0p3_ref500.json,0.5,6,conv3,3,1,0.9999887347221375,0.99992436170578,500
cka_feddst,cifar10,0.7,13,results/logs/cka_strength_sweep/cifar10/strength_0p5/seed_13/splits/cifar10_split_seed13_clients5_alpha0p3_ref500.json,0.5,6,conv3,3,2,0.9999720454216003,0.99992436170578,500
cka_feddst,cifar10,0.7,13,results/logs/cka_strength_sweep/cifar10/strength_0p5/seed_13/splits/cifar10_split_seed13_clients5_alpha0p3_ref500.json,0.5,6,conv3,3,3,1.0,0.99992436170578,500
cka_feddst,cifar10,0.7,13,results/logs/cka_strength_sweep/cifar10/strength_0p5/seed_13/splits/cifar10_split_seed13_clients5_alpha0p3_ref500.json,0.5,6,conv3,3,4,0.9998481273651123,0.99992436170578,500
cka_feddst,cifar10,0.7,13,results/logs/cka_strength_sweep/cifar10/strength_0p5/seed_13/splits/cifar10_split_seed13_clients5_alpha0p3_ref500.json,0.5,6,conv3,4,0,0.9997433423995972,0.99992436170578,500
cka_feddst,cifar10,0.7,13,results/logs/cka_strength_sweep/cifar10/strength_0p5/seed_13/splits/cifar10_split_seed13_clients5_alpha0p3_ref500.json,0.5,6,conv3,4,1,0.9999104142189026,0.99992436170578,500
cka_feddst,cifar10,0.7,13,results/logs/cka_strength_sweep/cifar10/strength_0p5/seed_13/splits/cifar10_split_seed13_clients5_alpha0p3_ref500.json,0.5,6,conv3,4,2,0.9999311566352844,0.99992436170578,500
cka_feddst,cifar10,0.7,13,results/logs/cka_strength_sweep/cifar10/strength_0p5/seed_13/splits/cifar10_split_seed13_clients5_alpha0p3_ref500.json,0.5,6,conv3,4,3,0.9998481273651123,0.99992436170578,500
cka_feddst,cifar10,0.7,13,results/logs/cka_strength_sweep/cifar10/strength_0p5/seed_13/splits/cifar10_split_seed13_clients5_alpha0p3_ref500.json,0.5,6,conv3,4,4,1.0,0.99992436170578,500
cka_feddst,cifar10,0.7,13,results/logs/cka_strength_sweep/cifar10/strength_0p5/seed_13/splits/cifar10_split_seed13_clients5_alpha0p3_ref500.json,0.5,6,fc1,0,0,1.0,0.9835368394851685,500
cka_feddst,cifar10,0.7,13,results/logs/cka_strength_sweep/cifar10/strength_0p5/seed_13/splits/cifar10_split_seed13_clients5_alpha0p3_ref500.json,0.5,6,fc1,0,1,0.9977725148200989,0.9835368394851685,500
cka_feddst,cifar10,0.7,13,results/logs/cka_strength_sweep/cifar10/strength_0p5/seed_13/splits/cifar10_split_seed13_clients5_alpha0p3_ref500.json,0.5,6,fc1,0,2,0.9663786888122559,0.9835368394851685,500
cka_feddst,cifar10,0.7,13,results/logs/cka_strength_sweep/cifar10/strength_0p5/seed_13/splits/cifar10_split_seed13_clients5_alpha0p3_ref500.json,0.5,6,fc1,0,3,0.9923518896102905,0.9835368394851685,500
cka_feddst,cifar10,0.7,13,results/logs/cka_strength_sweep/cifar10/strength_0p5/seed_13/splits/cifar10_split_seed13_clients5_alpha0p3_ref500.json,0.5,6,fc1,0,4,0.991237998008728,0.9835368394851685,500
cka_feddst,cifar10,0.7,13,results/logs/cka_strength_sweep/cifar10/strength_0p5/seed_13/splits/cifar10_split_seed13_clients5_alpha0p3_ref500.json,0.5,6,fc1,1,0,0.9977725148200989,0.9835368394851685,500
cka_feddst,cifar10,0.7,13,results/logs/cka_strength_sweep/cifar10/strength_0p5/seed_13/splits/cifar10_split_seed13_clients5_alpha0p3_ref500.json,0.5,6,fc1,1,1,1.0,0.9835368394851685,500
cka_feddst,cifar10,0.7,13,results/logs/cka_strength_sweep/cifar10/strength_0p5/seed_13/splits/cifar10_split_seed13_clients5_alpha0p3_ref500.json,0.5,6,fc1,1,2,0.9725179076194763,0.9835368394851685,500
cka_feddst,cifar10,0.7,13,results/logs/cka_strength_sweep/cifar10/strength_0p5/seed_13/splits/cifar10_split_seed13_clients5_alpha0p3_ref500.json,0.5,6,fc1,1,3,0.9973161220550537,0.9835368394851685,500
cka_feddst,cifar10,0.7,13,results/logs/cka_strength_sweep/cifar10/strength_0p5/seed_13/splits/cifar10_split_seed13_clients5_alpha0p3_ref500.json,0.5,6,fc1,1,4,0.9948846101760864,0.9835368394851685,500
cka_feddst,cifar10,0.7,13,results/logs/cka_strength_sweep/cifar10/strength_0p5/seed_13/splits/cifar10_split_seed13_clients5_alpha0p3_ref500.json,0.5,6,fc1,2,0,0.9663786888122559,0.9835368394851685,500
cka_feddst,cifar10,0.7,13,results/logs/cka_strength_sweep/cifar10/strength_0p5/seed_13/splits/cifar10_split_seed13_clients5_alpha0p3_ref500.json,0.5,6,fc1,2,1,0.9725179076194763,0.9835368394851685,500
cka_feddst,cifar10,0.7,13,results/logs/cka_strength_sweep/cifar10/strength_0p5/seed_13/splits/cifar10_split_seed13_clients5_alpha0p3_ref500.json,0.5,6,fc1,2,2,1.0,0.9835368394851685,500
cka_feddst,cifar10,0.7,13,results/logs/cka_strength_sweep/cifar10/strength_0p5/seed_13/splits/cifar10_split_seed13_clients5_alpha0p3_ref500.json,0.5,6,fc1,2,3,0.9772614240646362,0.9835368394851685,500
cka_feddst,cifar10,0.7,13,results/logs/cka_strength_sweep/cifar10/strength_0p5/seed_13/splits/cifar10_split_seed13_clients5_alpha0p3_ref500.json,0.5,6,fc1,2,4,0.9518929719924927,0.9835368394851685,500
cka_feddst,cifar10,0.7,13,results/logs/cka_strength_sweep/cifar10/strength_0p5/seed_13/splits/cifar10_split_seed13_clients5_alpha0p3_ref500.json,0.5,6,fc1,3,0,0.9923518896102905,0.9835368394851685,500
cka_feddst,cifar10,0.7,13,results/logs/cka_strength_sweep/cifar10/strength_0p5/seed_13/splits/cifar10_split_seed13_clients5_alpha0p3_ref500.json,0.5,6,fc1,3,1,0.9973161220550537,0.9835368394851685,500
cka_feddst,cifar10,0.7,13,results/logs/cka_strength_sweep/cifar10/strength_0p5/seed_13/splits/cifar10_split_seed13_clients5_alpha0p3_ref500.json,0.5,6,fc1,3,2,0.9772614240646362,0.9835368394851685,500
cka_feddst,cifar10,0.7,13,results/logs/cka_strength_sweep/cifar10/strength_0p5/seed_13/splits/cifar10_split_seed13_clients5_alpha0p3_ref500.json,0.5,6,fc1,3,3,1.0,0.9835368394851685,500
cka_feddst,cifar10,0.7,13,results/logs/cka_strength_sweep/cifar10/strength_0p5/seed_13/splits/cifar10_split_seed13_clients5_alpha0p3_ref500.json,0.5,6,fc1,3,4,0.993753969669342,0.9835368394851685,500
cka_feddst,cifar10,0.7,13,results/logs/cka_strength_sweep/cifar10/strength_0p5/seed_13/splits/cifar10_split_seed13_clients5_alpha0p3_ref500.json,0.5,6,fc1,4,0,0.991237998008728,0.9835368394851685,500
cka_feddst,cifar10,0.7,13,results/logs/cka_strength_sweep/cifar10/strength_0p5/seed_13/splits/cifar10_split_seed13_clients5_alpha0p3_ref500.json,0.5,6,fc1,4,1,0.9948846101760864,0.9835368394851685,500
cka_feddst,cifar10,0.7,13,results/logs/cka_strength_sweep/cifar10/strength_0p5/seed_13/splits/cifar10_split_seed13_clients5_alpha0p3_ref500.json,0.5,6,fc1,4,2,0.9518929719924927,0.9835368394851685,500
cka_feddst,cifar10,0.7,13,results/logs/cka_strength_sweep/cifar10/strength_0p5/seed_13/splits/cifar10_split_seed13_clients5_alpha0p3_ref500.json,0.5,6,fc1,4,3,0.993753969669342,0.9835368394851685,500
cka_feddst,cifar10,0.7,13,results/logs/cka_strength_sweep/cifar10/strength_0p5/seed_13/splits/cifar10_split_seed13_clients5_alpha0p3_ref500.json,0.5,6,fc1,4,4,1.0,0.9835368394851685,500
cka_feddst,cifar10,0.7,13,results/logs/cka_strength_sweep/cifar10/strength_0p5/seed_13/splits/cifar10_split_seed13_clients5_alpha0p3_ref500.json,0.5,8,conv1,0,0,1.0,0.9999747276306152,500
cka_feddst,cifar10,0.7,13,results/logs/cka_strength_sweep/cifar10/strength_0p5/seed_13/splits/cifar10_split_seed13_clients5_alpha0p3_ref500.json,0.5,8,conv1,0,1,0.999975860118866,0.9999747276306152,500
cka_feddst,cifar10,0.7,13,results/logs/cka_strength_sweep/cifar10/strength_0p5/seed_13/splits/cifar10_split_seed13_clients5_alpha0p3_ref500.json,0.5,8,conv1,0,2,0.9999527931213379,0.9999747276306152,500
cka_feddst,cifar10,0.7,13,results/logs/cka_strength_sweep/cifar10/strength_0p5/seed_13/splits/cifar10_split_seed13_clients5_alpha0p3_ref500.json,0.5,8,conv1,0,3,0.9999826550483704,0.9999747276306152,500
cka_feddst,cifar10,0.7,13,results/logs/cka_strength_sweep/cifar10/strength_0p5/seed_13/splits/cifar10_split_seed13_clients5_alpha0p3_ref500.json,0.5,8,conv1,0,4,0.9999009370803833,0.9999747276306152,500
cka_feddst,cifar10,0.7,13,results/logs/cka_strength_sweep/cifar10/strength_0p5/seed_13/splits/cifar10_split_seed13_clients5_alpha0p3_ref500.json,0.5,8,conv1,1,0,0.999975860118866,0.9999747276306152,500
cka_feddst,cifar10,0.7,13,results/logs/cka_strength_sweep/cifar10/strength_0p5/seed_13/splits/cifar10_split_seed13_clients5_alpha0p3_ref500.json,0.5,8,conv1,1,1,1.0,0.9999747276306152,500
cka_feddst,cifar10,0.7,13,results/logs/cka_strength_sweep/cifar10/strength_0p5/seed_13/splits/cifar10_split_seed13_clients5_alpha0p3_ref500.json,0.5,8,conv1,1,2,0.9999978542327881,0.9999747276306152,500
cka_feddst,cifar10,0.7,13,results/logs/cka_strength_sweep/cifar10/strength_0p5/seed_13/splits/cifar10_split_seed13_clients5_alpha0p3_ref500.json,0.5,8,conv1,1,3,1.0,0.9999747276306152,500
cka_feddst,cifar10,0.7,13,results/logs/cka_strength_sweep/cifar10/strength_0p5/seed_13/splits/cifar10_split_seed13_clients5_alpha0p3_ref500.json,0.5,8,conv1,1,4,0.9999760389328003,0.9999747276306152,500
cka_feddst,cifar10,0.7,13,results/logs/cka_strength_sweep/cifar10/strength_0p5/seed_13/splits/cifar10_split_seed13_clients5_alpha0p3_ref500.json,0.5,8,conv1,2,0,0.9999527931213379,0.9999747276306152,500
cka_feddst,cifar10,0.7,13,results/logs/cka_strength_sweep/cifar10/strength_0p5/seed_13/splits/cifar10_split_seed13_clients5_alpha0p3_ref500.json,0.5,8,conv1,2,1,0.9999978542327881,0.9999747276306152,500
cka_feddst,cifar10,0.7,13,results/logs/cka_strength_sweep/cifar10/strength_0p5/seed_13/splits/cifar10_split_seed13_clients5_alpha0p3_ref500.json,0.5,8,conv1,2,2,1.0,0.9999747276306152,500
cka_feddst,cifar10,0.7,13,results/logs/cka_strength_sweep/cifar10/strength_0p5/seed_13/splits/cifar10_split_seed13_clients5_alpha0p3_ref500.json,0.5,8,conv1,2,3,0.9999963045120239,0.9999747276306152,500
cka_feddst,cifar10,0.7,13,results/logs/cka_strength_sweep/cifar10/strength_0p5/seed_13/splits/cifar10_split_seed13_clients5_alpha0p3_ref500.json,0.5,8,conv1,2,4,0.9999930262565613,0.9999747276306152,500
cka_feddst,cifar10,0.7,13,results/logs/cka_strength_sweep/cifar10/strength_0p5/seed_13/splits/cifar10_split_seed13_clients5_alpha0p3_ref500.json,0.5,8,conv1,3,0,0.9999826550483704,0.9999747276306152,500
cka_feddst,cifar10,0.7,13,results/logs/cka_strength_sweep/cifar10/strength_0p5/seed_13/splits/cifar10_split_seed13_clients5_alpha0p3_ref500.json,0.5,8,conv1,3,1,1.0,0.9999747276306152,500
cka_feddst,cifar10,0.7,13,results/logs/cka_strength_sweep/cifar10/strength_0p5/seed_13/splits/cifar10_split_seed13_clients5_alpha0p3_ref500.json,0.5,8,conv1,3,2,0.9999963045120239,0.9999747276306152,500
cka_feddst,cifar10,0.7,13,results/logs/cka_strength_sweep/cifar10/strength_0p5/seed_13/splits/cifar10_split_seed13_clients5_alpha0p3_ref500.json,0.5,8,conv1,3,3,1.0,0.9999747276306152,500
cka_feddst,cifar10,0.7,13,results/logs/cka_strength_sweep/cifar10/strength_0p5/seed_13/splits/cifar10_split_seed13_clients5_alpha0p3_ref500.json,0.5,8,conv1,3,4,0.9999715685844421,0.9999747276306152,500
cka_feddst,cifar10,0.7,13,results/logs/cka_strength_sweep/cifar10/strength_0p5/seed_13/splits/cifar10_split_seed13_clients5_alpha0p3_ref500.json,0.5,8,conv1,4,0,0.9999009370803833,0.9999747276306152,500
cka_feddst,cifar10,0.7,13,results/logs/cka_strength_sweep/cifar10/strength_0p5/seed_13/splits/cifar10_split_seed13_clients5_alpha0p3_ref500.json,0.5,8,conv1,4,1,0.9999760389328003,0.9999747276306152,500
cka_feddst,cifar10,0.7,13,results/logs/cka_strength_sweep/cifar10/strength_0p5/seed_13/splits/cifar10_split_seed13_clients5_alpha0p3_ref500.json,0.5,8,conv1,4,2,0.9999930262565613,0.9999747276306152,500
cka_feddst,cifar10,0.7,13,results/logs/cka_strength_sweep/cifar10/strength_0p5/seed_13/splits/cifar10_split_seed13_clients5_alpha0p3_ref500.json,0.5,8,conv1,4,3,0.9999715685844421,0.9999747276306152,500
cka_feddst,cifar10,0.7,13,results/logs/cka_strength_sweep/cifar10/strength_0p5/seed_13/splits/cifar10_split_seed13_clients5_alpha0p3_ref500.json,0.5,8,conv1,4,4,1.0,0.9999747276306152,500
cka_feddst,cifar10,0.7,13,results/logs/cka_strength_sweep/cifar10/strength_0p5/seed_13/splits/cifar10_split_seed13_clients5_alpha0p3_ref500.json,0.5,8,conv2,0,0,1.0,0.9998763799667358,500
cka_feddst,cifar10,0.7,13,results/logs/cka_strength_sweep/cifar10/strength_0p5/seed_13/splits/cifar10_split_seed13_clients5_alpha0p3_ref500.json,0.5,8,conv2,0,1,0.999842643737793,0.9998763799667358,500
cka_feddst,cifar10,0.7,13,results/logs/cka_strength_sweep/cifar10/strength_0p5/seed_13/splits/cifar10_split_seed13_clients5_alpha0p3_ref500.json,0.5,8,conv2,0,2,0.9997991919517517,0.9998763799667358,500
cka_feddst,cifar10,0.7,13,results/logs/cka_strength_sweep/cifar10/strength_0p5/seed_13/splits/cifar10_split_seed13_clients5_alpha0p3_ref500.json,0.5,8,conv2,0,3,0.9999077320098877,0.9998763799667358,500
cka_feddst,cifar10,0.7,13,results/logs/cka_strength_sweep/cifar10/strength_0p5/seed_13/splits/cifar10_split_seed13_clients5_alpha0p3_ref500.json,0.5,8,conv2,0,4,0.9995479583740234,0.9998763799667358,500
cka_feddst,cifar10,0.7,13,results/logs/cka_strength_sweep/cifar10/strength_0p5/seed_13/splits/cifar10_split_seed13_clients5_alpha0p3_ref500.json,0.5,8,conv2,1,0,0.999842643737793,0.9998763799667358,500
cka_feddst,cifar10,0.7,13,results/logs/cka_strength_sweep/cifar10/strength_0p5/seed_13/splits/cifar10_split_seed13_clients5_alpha0p3_ref500.json,0.5,8,conv2,1,1,1.0,0.9998763799667358,500
cka_feddst,cifar10,0.7,13,results/logs/cka_strength_sweep/cifar10/strength_0p5/seed_13/splits/cifar10_split_seed13_clients5_alpha0p3_ref500.json,0.5,8,conv2,1,2,0.9999784231185913,0.9998763799667358,500
cka_feddst,cifar10,0.7,13,results/logs/cka_strength_sweep/cifar10/strength_0p5/seed_13/splits/cifar10_split_seed13_clients5_alpha0p3_ref500.json,0.5,8,conv2,1,3,0.9999893307685852,0.9998763799667358,500
cka_feddst,cifar10,0.7,13,results/logs/cka_strength_sweep/cifar10/strength_0p5/seed_13/splits/cifar10_split_seed13_clients5_alpha0p3_ref500.json,0.5,8,conv2,1,4,0.9998993873596191,0.9998763799667358,500
cka_feddst,cifar10,0.7,13,results/logs/cka_strength_sweep/cifar10/strength_0p5/seed_13/splits/cifar10_split_seed13_clients5_alpha0p3_ref500.json,0.5,8,conv2,2,0,0.9997991919517517,0.9998763799667358,500
cka_feddst,cifar10,0.7,13,results/logs/cka_strength_sweep/cifar10/strength_0p5/seed_13/splits/cifar10_split_seed13_clients5_alpha0p3_ref500.json,0.5,8,conv2,2,1,0.9999784231185913,0.9998763799667358,500
cka_feddst,cifar10,0.7,13,results/logs/cka_strength_sweep/cifar10/strength_0p5/seed_13/splits/cifar10_split_seed13_clients5_alpha0p3_ref500.json,0.5,8,conv2,2,2,1.0,0.9998763799667358,500
cka_feddst,cifar10,0.7,13,results/logs/cka_strength_sweep/cifar10/strength_0p5/seed_13/splits/cifar10_split_seed13_clients5_alpha0p3_ref500.json,0.5,8,conv2,2,3,0.9999792575836182,0.9998763799667358,500
cka_feddst,cifar10,0.7,13,results/logs/cka_strength_sweep/cifar10/strength_0p5/seed_13/splits/cifar10_split_seed13_clients5_alpha0p3_ref500.json,0.5,8,conv2,2,4,0.9999531507492065,0.9998763799667358,500
cka_feddst,cifar10,0.7,13,results/logs/cka_strength_sweep/cifar10/strength_0p5/seed_13/splits/cifar10_split_seed13_clients5_alpha0p3_ref500.json,0.5,8,conv2,3,0,0.9999077320098877,0.9998763799667358,500
cka_feddst,cifar10,0.7,13,results/logs/cka_strength_sweep/cifar10/strength_0p5/seed_13/splits/cifar10_split_seed13_clients5_alpha0p3_ref500.json,0.5,8,conv2,3,1,0.9999893307685852,0.9998763799667358,500
cka_feddst,cifar10,0.7,13,results/logs/cka_strength_sweep/cifar10/strength_0p5/seed_13/splits/cifar10_split_seed13_clients5_alpha0p3_ref500.json,0.5,8,conv2,3,2,0.9999792575836182,0.9998763799667358,500
cka_feddst,cifar10,0.7,13,results/logs/cka_strength_sweep/cifar10/strength_0p5/seed_13/splits/cifar10_split_seed13_clients5_alpha0p3_ref500.json,0.5,8,conv2,3,3,1.0,0.9998763799667358,500
cka_feddst,cifar10,0.7,13,results/logs/cka_strength_sweep/cifar10/strength_0p5/seed_13/splits/cifar10_split_seed13_clients5_alpha0p3_ref500.json,0.5,8,conv2,3,4,0.9998665452003479,0.9998763799667358,500
cka_feddst,cifar10,0.7,13,results/logs/cka_strength_sweep/cifar10/strength_0p5/seed_13/splits/cifar10_split_seed13_clients5_alpha0p3_ref500.json,0.5,8,conv2,4,0,0.9995479583740234,0.9998763799667358,500
cka_feddst,cifar10,0.7,13,results/logs/cka_strength_sweep/cifar10/strength_0p5/seed_13/splits/cifar10_split_seed13_clients5_alpha0p3_ref500.json,0.5,8,conv2,4,1,0.9998993873596191,0.9998763799667358,500
cka_feddst,cifar10,0.7,13,results/logs/cka_strength_sweep/cifar10/strength_0p5/seed_13/splits/cifar10_split_seed13_clients5_alpha0p3_ref500.json,0.5,8,conv2,4,2,0.9999531507492065,0.9998763799667358,500
cka_feddst,cifar10,0.7,13,results/logs/cka_strength_sweep/cifar10/strength_0p5/seed_13/splits/cifar10_split_seed13_clients5_alpha0p3_ref500.json,0.5,8,conv2,4,3,0.9998665452003479,0.9998763799667358,500
cka_feddst,cifar10,0.7,13,results/logs/cka_strength_sweep/cifar10/strength_0p5/seed_13/splits/cifar10_split_seed13_clients5_alpha0p3_ref500.json,0.5,8,conv2,4,4,1.0,0.9998763799667358,500
cka_feddst,cifar10,0.7,13,results/logs/cka_strength_sweep/cifar10/strength_0p5/seed_13/splits/cifar10_split_seed13_clients5_alpha0p3_ref500.json,0.5,8,conv3,0,0,1.0,0.9998193979263306,500
cka_feddst,cifar10,0.7,13,results/logs/cka_strength_sweep/cifar10/strength_0p5/seed_13/splits/cifar10_split_seed13_clients5_alpha0p3_ref500.json,0.5,8,conv3,0,1,0.9997891187667847,0.9998193979263306,500
cka_feddst,cifar10,0.7,13,results/logs/cka_strength_sweep/cifar10/strength_0p5/seed_13/splits/cifar10_split_seed13_clients5_alpha0p3_ref500.json,0.5,8,conv3,0,2,0.9997327923774719,0.9998193979263306,500
cka_feddst,cifar10,0.7,13,results/logs/cka_strength_sweep/cifar10/strength_0p5/seed_13/splits/cifar10_split_seed13_clients5_alpha0p3_ref500.json,0.5,8,conv3,0,3,0.9998560547828674,0.9998193979263306,500
cka_feddst,cifar10,0.7,13,results/logs/cka_strength_sweep/cifar10/strength_0p5/seed_13/splits/cifar10_split_seed13_clients5_alpha0p3_ref500.json,0.5,8,conv3,0,4,0.9994503855705261,0.9998193979263306,500
cka_feddst,cifar10,0.7,13,results/logs/cka_strength_sweep/cifar10/strength_0p5/seed_13/splits/cifar10_split_seed13_clients5_alpha0p3_ref500.json,0.5,8,conv3,1,0,0.9997891187667847,0.9998193979263306,500
cka_feddst,cifar10,0.7,13,results/logs/cka_strength_sweep/cifar10/strength_0p5/seed_13/splits/cifar10_split_seed13_clients5_alpha0p3_ref500.json,0.5,8,conv3,1,1,1.0,0.9998193979263306,500
cka_feddst,cifar10,0.7,13,results/logs/cka_strength_sweep/cifar10/strength_0p5/seed_13/splits/cifar10_split_seed13_clients5_alpha0p3_ref500.json,0.5,8,conv3,1,2,0.9998968243598938,0.9998193979263306,500
cka_feddst,cifar10,0.7,13,results/logs/cka_strength_sweep/cifar10/strength_0p5/seed_13/splits/cifar10_split_seed13_clients5_alpha0p3_ref500.json,0.5,8,conv3,1,3,0.9999867081642151,0.9998193979263306,500
cka_feddst,cifar10,0.7,13,results/logs/cka_strength_sweep/cifar10/strength_0p5/seed_13/splits/cifar10_split_seed13_clients5_alpha0p3_ref500.json,0.5,8,conv3,1,4,0.9998486042022705,0.9998193979263306,500
cka_feddst,cifar10,0.7,13,results/logs/cka_strength_sweep/cifar10/strength_0p5/seed_13/splits/cifar10_split_seed13_clients5_alpha0p3_ref500.json,0.5,8,conv3,2,0,0.9997327923774719,0.9998193979263306,500
cka_feddst,cifar10,0.7,13,results/logs/cka_strength_sweep/cifar10/strength_0p5/seed_13/splits/cifar10_split_seed13_clients5_alpha0p3_ref500.json,0.5,8,conv3,2,1,0.9998968243598938,0.9998193979263306,500
cka_feddst,cifar10,0.7,13,results/logs/cka_strength_sweep/cifar10/strength_0p5/seed_13/splits/cifar10_split_seed13_clients5_alpha0p3_ref500.json,0.5,8,conv3,2,2,1.0,0.9998193979263306,500
cka_feddst,cifar10,0.7,13,results/logs/cka_strength_sweep/cifar10/strength_0p5/seed_13/splits/cifar10_split_seed13_clients5_alpha0p3_ref500.json,0.5,8,conv3,2,3,0.9998949766159058,0.9998193979263306,500
cka_feddst,cifar10,0.7,13,results/logs/cka_strength_sweep/cifar10/strength_0p5/seed_13/splits/cifar10_split_seed13_clients5_alpha0p3_ref500.json,0.5,8,conv3,2,4,0.9999342560768127,0.9998193979263306,500
cka_feddst,cifar10,0.7,13,results/logs/cka_strength_sweep/cifar10/strength_0p5/seed_13/splits/cifar10_split_seed13_clients5_alpha0p3_ref500.json,0.5,8,conv3,3,0,0.9998560547828674,0.9998193979263306,500
cka_feddst,cifar10,0.7,13,results/logs/cka_strength_sweep/cifar10/strength_0p5/seed_13/splits/cifar10_split_seed13_clients5_alpha0p3_ref500.json,0.5,8,conv3,3,1,0.9999867081642151,0.9998193979263306,500
cka_feddst,cifar10,0.7,13,results/logs/cka_strength_sweep/cifar10/strength_0p5/seed_13/splits/cifar10_split_seed13_clients5_alpha0p3_ref500.json,0.5,8,conv3,3,2,0.9998949766159058,0.9998193979263306,500
cka_feddst,cifar10,0.7,13,results/logs/cka_strength_sweep/cifar10/strength_0p5/seed_13/splits/cifar10_split_seed13_clients5_alpha0p3_ref500.json,0.5,8,conv3,3,3,1.0,0.9998193979263306,500
cka_feddst,cifar10,0.7,13,results/logs/cka_strength_sweep/cifar10/strength_0p5/seed_13/splits/cifar10_split_seed13_clients5_alpha0p3_ref500.json,0.5,8,conv3,3,4,0.9998038411140442,0.9998193979263306,500
cka_feddst,cifar10,0.7,13,results/logs/cka_strength_sweep/cifar10/strength_0p5/seed_13/splits/cifar10_split_seed13_clients5_alpha0p3_ref500.json,0.5,8,conv3,4,0,0.9994503855705261,0.9998193979263306,500
cka_feddst,cifar10,0.7,13,results/logs/cka_strength_sweep/cifar10/strength_0p5/seed_13/splits/cifar10_split_seed13_clients5_alpha0p3_ref500.json,0.5,8,conv3,4,1,0.9998486042022705,0.9998193979263306,500
cka_feddst,cifar10,0.7,13,results/logs/cka_strength_sweep/cifar10/strength_0p5/seed_13/splits/cifar10_split_seed13_clients5_alpha0p3_ref500.json,0.5,8,conv3,4,2,0.9999342560768127,0.9998193979263306,500
cka_feddst,cifar10,0.7,13,results/logs/cka_strength_sweep/cifar10/strength_0p5/seed_13/splits/cifar10_split_seed13_clients5_alpha0p3_ref500.json,0.5,8,conv3,4,3,0.9998038411140442,0.9998193979263306,500
cka_feddst,cifar10,0.7,13,results/logs/cka_strength_sweep/cifar10/strength_0p5/seed_13/splits/cifar10_split_seed13_clients5_alpha0p3_ref500.json,0.5,8,conv3,4,4,1.0,0.9998193979263306,500
cka_feddst,cifar10,0.7,13,results/logs/cka_strength_sweep/cifar10/strength_0p5/seed_13/splits/cifar10_split_seed13_clients5_alpha0p3_ref500.json,0.5,8,fc1,0,0,1.0,0.9806345105171204,500
cka_feddst,cifar10,0.7,13,results/logs/cka_strength_sweep/cifar10/strength_0p5/seed_13/splits/cifar10_split_seed13_clients5_alpha0p3_ref500.json,0.5,8,fc1,0,1,0.9886915683746338,0.9806345105171204,500
cka_feddst,cifar10,0.7,13,results/logs/cka_strength_sweep/cifar10/strength_0p5/seed_13/splits/cifar10_split_seed13_clients5_alpha0p3_ref500.json,0.5,8,fc1,0,2,0.9604088068008423,0.9806345105171204,500
cka_feddst,cifar10,0.7,13,results/logs/cka_strength_sweep/cifar10/strength_0p5/seed_13/splits/cifar10_split_seed13_clients5_alpha0p3_ref500.json,0.5,8,fc1,0,3,0.9790923595428467,0.9806345105171204,500
cka_feddst,cifar10,0.7,13,results/logs/cka_strength_sweep/cifar10/strength_0p5/seed_13/splits/cifar10_split_seed13_clients5_alpha0p3_ref500.json,0.5,8,fc1,0,4,0.98707515001297,0.9806345105171204,500
cka_feddst,cifar10,0.7,13,results/logs/cka_strength_sweep/cifar10/strength_0p5/seed_13/splits/cifar10_split_seed13_clients5_alpha0p3_ref500.json,0.5,8,fc1,1,0,0.9886915683746338,0.9806345105171204,500
cka_feddst,cifar10,0.7,13,results/logs/cka_strength_sweep/cifar10/strength_0p5/seed_13/splits/cifar10_split_seed13_clients5_alpha0p3_ref500.json,0.5,8,fc1,1,1,1.0,0.9806345105171204,500
cka_feddst,cifar10,0.7,13,results/logs/cka_strength_sweep/cifar10/strength_0p5/seed_13/splits/cifar10_split_seed13_clients5_alpha0p3_ref500.json,0.5,8,fc1,1,2,0.9677382111549377,0.9806345105171204,500
cka_feddst,cifar10,0.7,13,results/logs/cka_strength_sweep/cifar10/strength_0p5/seed_13/splits/cifar10_split_seed13_clients5_alpha0p3_ref500.json,0.5,8,fc1,1,3,0.9967861175537109,0.9806345105171204,500
cka_feddst,cifar10,0.7,13,results/logs/cka_strength_sweep/cifar10/strength_0p5/seed_13/splits/cifar10_split_seed13_clients5_alpha0p3_ref500.json,0.5,8,fc1,1,4,0.9973217248916626,0.9806345105171204,500
cka_feddst,cifar10,0.7,13,results/logs/cka_strength_sweep/cifar10/strength_0p5/seed_13/splits/cifar10_split_seed13_clients5_alpha0p3_ref500.json,0.5,8,fc1,2,0,0.9604088068008423,0.9806345105171204,500
cka_feddst,cifar10,0.7,13,results/logs/cka_strength_sweep/cifar10/strength_0p5/seed_13/splits/cifar10_split_seed13_clients5_alpha0p3_ref500.json,0.5,8,fc1,2,1,0.9677382111549377,0.9806345105171204,500
cka_feddst,cifar10,0.7,13,results/logs/cka_strength_sweep/cifar10/strength_0p5/seed_13/splits/cifar10_split_seed13_clients5_alpha0p3_ref500.json,0.5,8,fc1,2,2,1.0,0.9806345105171204,500
cka_feddst,cifar10,0.7,13,results/logs/cka_strength_sweep/cifar10/strength_0p5/seed_13/splits/cifar10_split_seed13_clients5_alpha0p3_ref500.json,0.5,8,fc1,2,3,0.9778600931167603,0.9806345105171204,500
cka_feddst,cifar10,0.7,13,results/logs/cka_strength_sweep/cifar10/strength_0p5/seed_13/splits/cifar10_split_seed13_clients5_alpha0p3_ref500.json,0.5,8,fc1,2,4,0.9578132629394531,0.9806345105171204,500
cka_feddst,cifar10,0.7,13,results/logs/cka_strength_sweep/cifar10/strength_0p5/seed_13/splits/cifar10_split_seed13_clients5_alpha0p3_ref500.json,0.5,8,fc1,3,0,0.9790923595428467,0.9806345105171204,500
cka_feddst,cifar10,0.7,13,results/logs/cka_strength_sweep/cifar10/strength_0p5/seed_13/splits/cifar10_split_seed13_clients5_alpha0p3_ref500.json,0.5,8,fc1,3,1,0.9967861175537109,0.9806345105171204,500
cka_feddst,cifar10,0.7,13,results/logs/cka_strength_sweep/cifar10/strength_0p5/seed_13/splits/cifar10_split_seed13_clients5_alpha0p3_ref500.json,0.5,8,fc1,3,2,0.9778600931167603,0.9806345105171204,500
cka_feddst,cifar10,0.7,13,results/logs/cka_strength_sweep/cifar10/strength_0p5/seed_13/splits/cifar10_split_seed13_clients5_alpha0p3_ref500.json,0.5,8,fc1,3,3,1.0,0.9806345105171204,500
cka_feddst,cifar10,0.7,13,results/logs/cka_strength_sweep/cifar10/strength_0p5/seed_13/splits/cifar10_split_seed13_clients5_alpha0p3_ref500.json,0.5,8,fc1,3,4,0.9935575723648071,0.9806345105171204,500
cka_feddst,cifar10,0.7,13,results/logs/cka_strength_sweep/cifar10/strength_0p5/seed_13/splits/cifar10_split_seed13_clients5_alpha0p3_ref500.json,0.5,8,fc1,4,0,0.98707515001297,0.9806345105171204,500
cka_feddst,cifar10,0.7,13,results/logs/cka_strength_sweep/cifar10/strength_0p5/seed_13/splits/cifar10_split_seed13_clients5_alpha0p3_ref500.json,0.5,8,fc1,4,1,0.9973217248916626,0.9806345105171204,500
cka_feddst,cifar10,0.7,13,results/logs/cka_strength_sweep/cifar10/strength_0p5/seed_13/splits/cifar10_split_seed13_clients5_alpha0p3_ref500.json,0.5,8,fc1,4,2,0.9578132629394531,0.9806345105171204,500
cka_feddst,cifar10,0.7,13,results/logs/cka_strength_sweep/cifar10/strength_0p5/seed_13/splits/cifar10_split_seed13_clients5_alpha0p3_ref500.json,0.5,8,fc1,4,3,0.9935575723648071,0.9806345105171204,500
cka_feddst,cifar10,0.7,13,results/logs/cka_strength_sweep/cifar10/strength_0p5/seed_13/splits/cifar10_split_seed13_clients5_alpha0p3_ref500.json,0.5,8,fc1,4,4,1.0,0.9806345105171204,500
cka_feddst,cifar10,0.7,13,results/logs/cka_strength_sweep/cifar10/strength_0p5/seed_13/splits/cifar10_split_seed13_clients5_alpha0p3_ref500.json,0.5,10,conv1,0,0,1.0,0.9999658465385437,500
cka_feddst,cifar10,0.7,13,results/logs/cka_strength_sweep/cifar10/strength_0p5/seed_13/splits/cifar10_split_seed13_clients5_alpha0p3_ref500.json,0.5,10,conv1,0,1,0.9999542236328125,0.9999658465385437,500
cka_feddst,cifar10,0.7,13,results/logs/cka_strength_sweep/cifar10/strength_0p5/seed_13/splits/cifar10_split_seed13_clients5_alpha0p3_ref500.json,0.5,10,conv1,0,2,0.9999155402183533,0.9999658465385437,500
cka_feddst,cifar10,0.7,13,results/logs/cka_strength_sweep/cifar10/strength_0p5/seed_13/splits/cifar10_split_seed13_clients5_alpha0p3_ref500.json,0.5,10,conv1,0,3,0.9999664425849915,0.9999658465385437,500
cka_feddst,cifar10,0.7,13,results/logs/cka_strength_sweep/cifar10/strength_0p5/seed_13/splits/cifar10_split_seed13_clients5_alpha0p3_ref500.json,0.5,10,conv1,0,4,0.9998750686645508,0.9999658465385437,500
cka_feddst,cifar10,0.7,13,results/logs/cka_strength_sweep/cifar10/strength_0p5/seed_13/splits/cifar10_split_seed13_clients5_alpha0p3_ref500.json,0.5,10,conv1,1,0,0.9999542236328125,0.9999658465385437,500
cka_feddst,cifar10,0.7,13,results/logs/cka_strength_sweep/cifar10/strength_0p5/seed_13/splits/cifar10_split_seed13_clients5_alpha0p3_ref500.json,0.5,10,conv1,1,1,1.0,0.9999658465385437,500
cka_feddst,cifar10,0.7,13,results/logs/cka_strength_sweep/cifar10/strength_0p5/seed_13/splits/cifar10_split_seed13_clients5_alpha0p3_ref500.json,0.5,10,conv1,1,2,0.9999971985816956,0.9999658465385437,500
cka_feddst,cifar10,0.7,13,results/logs/cka_strength_sweep/cifar10/strength_0p5/seed_13/splits/cifar10_split_seed13_clients5_alpha0p3_ref500.json,0.5,10,conv1,1,3,1.0,0.9999658465385437,500
cka_feddst,cifar10,0.7,13,results/logs/cka_strength_sweep/cifar10/strength_0p5/seed_13/splits/cifar10_split_seed13_clients5_alpha0p3_ref500.json,0.5,10,conv1,1,4,0.9999826550483704,0.9999658465385437,500
cka_feddst,cifar10,0.7,13,results/logs/cka_strength_sweep/cifar10/strength_0p5/seed_13/splits/cifar10_split_seed13_clients5_alpha0p3_ref500.json,0.5,10,conv1,2,0,0.9999155402183533,0.9999658465385437,500
cka_feddst,cifar10,0.7,13,results/logs/cka_strength_sweep/cifar10/strength_0p5/seed_13/splits/cifar10_split_seed13_clients5_alpha0p3_ref500.json,0.5,10,conv1,2,1,0.9999971985816956,0.9999658465385437,500
cka_feddst,cifar10,0.7,13,results/logs/cka_strength_sweep/cifar10/strength_0p5/seed_13/splits/cifar10_split_seed13_clients5_alpha0p3_ref500.json,0.5,10,conv1,2,2,1.0,0.9999658465385437,500
cka_feddst,cifar10,0.7,13,results/logs/cka_strength_sweep/cifar10/strength_0p5/seed_13/splits/cifar10_split_seed13_clients5_alpha0p3_ref500.json,0.5,10,conv1,2,3,0.9999924898147583,0.9999658465385437,500
cka_feddst,cifar10,0.7,13,results/logs/cka_strength_sweep/cifar10/strength_0p5/seed_13/splits/cifar10_split_seed13_clients5_alpha0p3_ref500.json,0.5,10,conv1,2,4,0.9999995231628418,0.9999658465385437,500
cka_feddst,cifar10,0.7,13,results/logs/cka_strength_sweep/cifar10/strength_0p5/seed_13/splits/cifar10_split_seed13_clients5_alpha0p3_ref500.json,0.5,10,conv1,3,0,0.9999664425849915,0.9999658465385437,500
cka_feddst,cifar10,0.7,13,results/logs/cka_strength_sweep/cifar10/strength_0p5/seed_13/splits/cifar10_split_seed13_clients5_alpha0p3_ref500.json,0.5,10,conv1,3,1,1.0,0.9999658465385437,500
cka_feddst,cifar10,0.7,13,results/logs/cka_strength_sweep/cifar10/strength_0p5/seed_13/splits/cifar10_split_seed13_clients5_alpha0p3_ref500.json,0.5,10,conv1,3,2,0.9999924898147583,0.9999658465385437,500
cka_feddst,cifar10,0.7,13,results/logs/cka_strength_sweep/cifar10/strength_0p5/seed_13/splits/cifar10_split_seed13_clients5_alpha0p3_ref500.json,0.5,10,conv1,3,3,1.0,0.9999658465385437,500
cka_feddst,cifar10,0.7,13,results/logs/cka_strength_sweep/cifar10/strength_0p5/seed_13/splits/cifar10_split_seed13_clients5_alpha0p3_ref500.json,0.5,10,conv1,3,4,0.999975323677063,0.9999658465385437,500
cka_feddst,cifar10,0.7,13,results/logs/cka_strength_sweep/cifar10/strength_0p5/seed_13/splits/cifar10_split_seed13_clients5_alpha0p3_ref500.json,0.5,10,conv1,4,0,0.9998750686645508,0.9999658465385437,500
cka_feddst,cifar10,0.7,13,results/logs/cka_strength_sweep/cifar10/strength_0p5/seed_13/splits/cifar10_split_seed13_clients5_alpha0p3_ref500.json,0.5,10,conv1,4,1,0.9999826550483704,0.9999658465385437,500
cka_feddst,cifar10,0.7,13,results/logs/cka_strength_sweep/cifar10/strength_0p5/seed_13/splits/cifar10_split_seed13_clients5_alpha0p3_ref500.json,0.5,10,conv1,4,2,0.9999995231628418,0.9999658465385437,500
cka_feddst,cifar10,0.7,13,results/logs/cka_strength_sweep/cifar10/strength_0p5/seed_13/splits/cifar10_split_seed13_clients5_alpha0p3_ref500.json,0.5,10,conv1,4,3,0.999975323677063,0.9999658465385437,500
cka_feddst,cifar10,0.7,13,results/logs/cka_strength_sweep/cifar10/strength_0p5/seed_13/splits/cifar10_split_seed13_clients5_alpha0p3_ref500.json,0.5,10,conv1,4,4,1.0,0.9999658465385437,500
cka_feddst,cifar10,0.7,13,results/logs/cka_strength_sweep/cifar10/strength_0p5/seed_13/splits/cifar10_split_seed13_clients5_alpha0p3_ref500.json,0.5,10,conv2,0,0,1.0,0.999881386756897,500
cka_feddst,cifar10,0.7,13,results/logs/cka_strength_sweep/cifar10/strength_0p5/seed_13/splits/cifar10_split_seed13_clients5_alpha0p3_ref500.json,0.5,10,conv2,0,1,0.9998281598091125,0.999881386756897,500
cka_feddst,cifar10,0.7,13,results/logs/cka_strength_sweep/cifar10/strength_0p5/seed_13/splits/cifar10_split_seed13_clients5_alpha0p3_ref500.json,0.5,10,conv2,0,2,0.9997345209121704,0.999881386756897,500
cka_feddst,cifar10,0.7,13,results/logs/cka_strength_sweep/cifar10/strength_0p5/seed_13/splits/cifar10_split_seed13_clients5_alpha0p3_ref500.json,0.5,10,conv2,0,3,0.9998857975006104,0.999881386756897,500
cka_feddst,cifar10,0.7,13,results/logs/cka_strength_sweep/cifar10/strength_0p5/seed_13/splits/cifar10_split_seed13_clients5_alpha0p3_ref500.json,0.5,10,conv2,0,4,0.9995799660682678,0.999881386756897,500
cka_feddst,cifar10,0.7,13,results/logs/cka_strength_sweep/cifar10/strength_0p5/seed_13/splits/cifar10_split_seed13_clients5_alpha0p3_ref500.json,0.5,10,conv2,1,0,0.9998281598091125,0.999881386756897,500
cka_feddst,cifar10,0.7,13,results/logs/cka_strength_sweep/cifar10/strength_0p5/seed_13/splits/cifar10_split_seed13_clients5_alpha0p3_ref500.json,0.5,10,conv2,1,1,1.0,0.999881386756897,500
cka_feddst,cifar10,0.7,13,results/logs/cka_strength_sweep/cifar10/strength_0p5/seed_13/splits/cifar10_split_seed13_clients5_alpha0p3_ref500.json,0.5,10,conv2,1,2,0.9999857544898987,0.999881386756897,500
cka_feddst,cifar10,0.7,13,results/logs/cka_strength_sweep/cifar10/strength_0p5/seed_13/splits/cifar10_split_seed13_clients5_alpha0p3_ref500.json,0.5,10,conv2,1,3,0.999994695186615,0.999881386756897,500
cka_feddst,cifar10,0.7,13,results/logs/cka_strength_sweep/cifar10/strength_0p5/seed_13/splits/cifar10_split_seed13_clients5_alpha0p3_ref500.json,0.5,10,conv2,1,4,0.9999379515647888,0.999881386756897,500
cka_feddst,cifar10,0.7,13,results/logs/cka_strength_sweep/cifar10/strength_0p5/seed_13/splits/cifar10_split_seed13_clients5_alpha0p3_ref500.json,0.5,10,conv2,2,0,0.9997345209121704,0.999881386756897,500
cka_feddst,cifar10,0.7,13,results/logs/cka_strength_sweep/cifar10/strength_0p5/seed_13/splits/cifar10_split_seed13_clients5_alpha0p3_ref500.json,0.5,10,conv2,2,1,0.9999857544898987,0.999881386756897,500
cka_feddst,cifar10,0.7,13,results/logs/cka_strength_sweep/cifar10/strength_0p5/seed_13/splits/cifar10_split_seed13_clients5_alpha0p3_ref500.json,0.5,10,conv2,2,2,1.0,0.999881386756897,500
cka_feddst,cifar10,0.7,13,results/logs/cka_strength_sweep/cifar10/strength_0p5/seed_13/splits/cifar10_split_seed13_clients5_alpha0p3_ref500.json,0.5,10,conv2,2,3,0.9999728202819824,0.999881386756897,500
cka_feddst,cifar10,0.7,13,results/logs/cka_strength_sweep/cifar10/strength_0p5/seed_13/splits/cifar10_split_seed13_clients5_alpha0p3_ref500.json,0.5,10,conv2,2,4,0.9999855160713196,0.999881386756897,500
cka_feddst,cifar10,0.7,13,results/logs/cka_strength_sweep/cifar10/strength_0p5/seed_13/splits/cifar10_split_seed13_clients5_alpha0p3_ref500.json,0.5,10,conv2,3,0,0.9998857975006104,0.999881386756897,500
cka_feddst,cifar10,0.7,13,results/logs/cka_strength_sweep/cifar10/strength_0p5/seed_13/splits/cifar10_split_seed13_clients5_alpha0p3_ref500.json,0.5,10,conv2,3,1,0.999994695186615,0.999881386756897,500
cka_feddst,cifar10,0.7,13,results/logs/cka_strength_sweep/cifar10/strength_0p5/seed_13/splits/cifar10_split_seed13_clients5_alpha0p3_ref500.json,0.5,10,conv2,3,2,0.9999728202819824,0.999881386756897,500
cka_feddst,cifar10,0.7,13,results/logs/cka_strength_sweep/cifar10/strength_0p5/seed_13/splits/cifar10_split_seed13_clients5_alpha0p3_ref500.json,0.5,10,conv2,3,3,1.0,0.999881386756897,500
cka_feddst,cifar10,0.7,13,results/logs/cka_strength_sweep/cifar10/strength_0p5/seed_13/splits/cifar10_split_seed13_clients5_alpha0p3_ref500.json,0.5,10,conv2,3,4,0.9999079704284668,0.999881386756897,500
cka_feddst,cifar10,0.7,13,results/logs/cka_strength_sweep/cifar10/strength_0p5/seed_13/splits/cifar10_split_seed13_clients5_alpha0p3_ref500.json,0.5,10,conv2,4,0,0.9995799660682678,0.999881386756897,500
cka_feddst,cifar10,0.7,13,results/logs/cka_strength_sweep/cifar10/strength_0p5/seed_13/splits/cifar10_split_seed13_clients5_alpha0p3_ref500.json,0.5,10,conv2,4,1,0.9999379515647888,0.999881386756897,500
cka_feddst,cifar10,0.7,13,results/logs/cka_strength_sweep/cifar10/strength_0p5/seed_13/splits/cifar10_split_seed13_clients5_alpha0p3_ref500.json,0.5,10,conv2,4,2,0.9999855160713196,0.999881386756897,500
cka_feddst,cifar10,0.7,13,results/logs/cka_strength_sweep/cifar10/strength_0p5/seed_13/splits/cifar10_split_seed13_clients5_alpha0p3_ref500.json,0.5,10,conv2,4,3,0.9999079704284668,0.999881386756897,500
cka_feddst,cifar10,0.7,13,results/logs/cka_strength_sweep/cifar10/strength_0p5/seed_13/splits/cifar10_split_seed13_clients5_alpha0p3_ref500.json,0.5,10,conv2,4,4,1.0,0.999881386756897,500
cka_feddst,cifar10,0.7,13,results/logs/cka_strength_sweep/cifar10/strength_0p5/seed_13/splits/cifar10_split_seed13_clients5_alpha0p3_ref500.json,0.5,10,conv3,0,0,1.0,0.9998537302017212,500
cka_feddst,cifar10,0.7,13,results/logs/cka_strength_sweep/cifar10/strength_0p5/seed_13/splits/cifar10_split_seed13_clients5_alpha0p3_ref500.json,0.5,10,conv3,0,1,0.999801516532898,0.9998537302017212,500
cka_feddst,cifar10,0.7,13,results/logs/cka_strength_sweep/cifar10/strength_0p5/seed_13/splits/cifar10_split_seed13_clients5_alpha0p3_ref500.json,0.5,10,conv3,0,2,0.9996959567070007,0.9998537302017212,500
cka_feddst,cifar10,0.7,13,results/logs/cka_strength_sweep/cifar10/strength_0p5/seed_13/splits/cifar10_split_seed13_clients5_alpha0p3_ref500.json,0.5,10,conv3,0,3,0.9998580813407898,0.9998537302017212,500
cka_feddst,cifar10,0.7,13,results/logs/cka_strength_sweep/cifar10/strength_0p5/seed_13/splits/cifar10_split_seed13_clients5_alpha0p3_ref500.json,0.5,10,conv3,0,4,0.9995142221450806,0.9998537302017212,500
cka_feddst,cifar10,0.7,13,results/logs/cka_strength_sweep/cifar10/strength_0p5/seed_13/splits/cifar10_split_seed13_clients5_alpha0p3_ref500.json,0.5,10,conv3,1,0,0.999801516532898,0.9998537302017212,500
cka_feddst,cifar10,0.7,13,results/logs/cka_strength_sweep/cifar10/strength_0p5/seed_13/splits/cifar10_split_seed13_clients5_alpha0p3_ref500.json,0.5,10,conv3,1,1,1.0,0.9998537302017212,500
cka_feddst,cifar10,0.7,13,results/logs/cka_strength_sweep/cifar10/strength_0p5/seed_13/splits/cifar10_split_seed13_clients5_alpha0p3_ref500.json,0.5,10,conv3,1,2,0.9999616146087646,0.9998537302017212,500
cka_feddst,cifar10,0.7,13,results/logs/cka_strength_sweep/cifar10/strength_0p5/seed_13/splits/cifar10_split_seed13_clients5_alpha0p3_ref500.json,0.5,10,conv3,1,3,0.9999913573265076,0.9998537302017212,500
cka_feddst,cifar10,0.7,13,results/logs/cka_strength_sweep/cifar10/strength_0p5/seed_13/splits/cifar10_split_seed13_clients5_alpha0p3_ref500.json,0.5,10,conv3,1,4,0.9999217987060547,0.9998537302017212,500
cka_feddst,cifar10,0.7,13,results/logs/cka_strength_sweep/cifar10/strength_0p5/seed_13/splits/cifar10_split_seed13_clients5_alpha0p3_ref500.json,0.5,10,conv3,2,0,0.9996959567070007,0.9998537302017212,500
cka_feddst,cifar10,0.7,13,results/logs/cka_strength_sweep/cifar10/strength_0p5/seed_13/splits/cifar10_split_seed13_clients5_alpha0p3_ref500.json,0.5,10,conv3,2,1,0.9999616146087646,0.9998537302017212,500
cka_feddst,cifar10,0.7,13,results/logs/cka_strength_sweep/cifar10/strength_0p5/seed_13/splits/cifar10_split_seed13_clients5_alpha0p3_ref500.json,0.5,10,conv3,2,2,1.0,0.9998537302017212,500
cka_feddst,cifar10,0.7,13,results/logs/cka_strength_sweep/cifar10/strength_0p5/seed_13/splits/cifar10_split_seed13_clients5_alpha0p3_ref500.json,0.5,10,conv3,2,3,0.9999369978904724,0.9998537302017212,500
cka_feddst,cifar10,0.7,13,results/logs/cka_strength_sweep/cifar10/strength_0p5/seed_13/splits/cifar10_split_seed13_clients5_alpha0p3_ref500.json,0.5,10,conv3,2,4,0.9999741911888123,0.9998537302017212,500
cka_feddst,cifar10,0.7,13,results/logs/cka_strength_sweep/cifar10/strength_0p5/seed_13/splits/cifar10_split_seed13_clients5_alpha0p3_ref500.json,0.5,10,conv3,3,0,0.9998580813407898,0.9998537302017212,500
cka_feddst,cifar10,0.7,13,results/logs/cka_strength_sweep/cifar10/strength_0p5/seed_13/splits/cifar10_split_seed13_clients5_alpha0p3_ref500.json,0.5,10,conv3,3,1,0.9999913573265076,0.9998537302017212,500
cka_feddst,cifar10,0.7,13,results/logs/cka_strength_sweep/cifar10/strength_0p5/seed_13/splits/cifar10_split_seed13_clients5_alpha0p3_ref500.json,0.5,10,conv3,3,2,0.9999369978904724,0.9998537302017212,500
cka_feddst,cifar10,0.7,13,results/logs/cka_strength_sweep/cifar10/strength_0p5/seed_13/splits/cifar10_split_seed13_clients5_alpha0p3_ref500.json,0.5,10,conv3,3,3,1.0,0.9998537302017212,500
cka_feddst,cifar10,0.7,13,results/logs/cka_strength_sweep/cifar10/strength_0p5/seed_13/splits/cifar10_split_seed13_clients5_alpha0p3_ref500.json,0.5,10,conv3,3,4,0.9998810291290283,0.9998537302017212,500
cka_feddst,cifar10,0.7,13,results/logs/cka_strength_sweep/cifar10/strength_0p5/seed_13/splits/cifar10_split_seed13_clients5_alpha0p3_ref500.json,0.5,10,conv3,4,0,0.9995142221450806,0.9998537302017212,500
cka_feddst,cifar10,0.7,13,results/logs/cka_strength_sweep/cifar10/strength_0p5/seed_13/splits/cifar10_split_seed13_clients5_alpha0p3_ref500.json,0.5,10,conv3,4,1,0.9999217987060547,0.9998537302017212,500
cka_feddst,cifar10,0.7,13,results/logs/cka_strength_sweep/cifar10/strength_0p5/seed_13/splits/cifar10_split_seed13_clients5_alpha0p3_ref500.json,0.5,10,conv3,4,2,0.9999741911888123,0.9998537302017212,500
cka_feddst,cifar10,0.7,13,results/logs/cka_strength_sweep/cifar10/strength_0p5/seed_13/splits/cifar10_split_seed13_clients5_alpha0p3_ref500.json,0.5,10,conv3,4,3,0.9998810291290283,0.9998537302017212,500
cka_feddst,cifar10,0.7,13,results/logs/cka_strength_sweep/cifar10/strength_0p5/seed_13/splits/cifar10_split_seed13_clients5_alpha0p3_ref500.json,0.5,10,conv3,4,4,1.0,0.9998537302017212,500
cka_feddst,cifar10,0.7,13,results/logs/cka_strength_sweep/cifar10/strength_0p5/seed_13/splits/cifar10_split_seed13_clients5_alpha0p3_ref500.json,0.5,10,fc1,0,0,1.0,0.982043445110321,500
cka_feddst,cifar10,0.7,13,results/logs/cka_strength_sweep/cifar10/strength_0p5/seed_13/splits/cifar10_split_seed13_clients5_alpha0p3_ref500.json,0.5,10,fc1,0,1,0.9941670298576355,0.982043445110321,500
cka_feddst,cifar10,0.7,13,results/logs/cka_strength_sweep/cifar10/strength_0p5/seed_13/splits/cifar10_split_seed13_clients5_alpha0p3_ref500.json,0.5,10,fc1,0,2,0.9687305688858032,0.982043445110321,500
cka_feddst,cifar10,0.7,13,results/logs/cka_strength_sweep/cifar10/strength_0p5/seed_13/splits/cifar10_split_seed13_clients5_alpha0p3_ref500.json,0.5,10,fc1,0,3,0.9895736575126648,0.982043445110321,500
cka_feddst,cifar10,0.7,13,results/logs/cka_strength_sweep/cifar10/strength_0p5/seed_13/splits/cifar10_split_seed13_clients5_alpha0p3_ref500.json,0.5,10,fc1,0,4,0.9891199469566345,0.982043445110321,500
cka_feddst,cifar10,0.7,13,results/logs/cka_strength_sweep/cifar10/strength_0p5/seed_13/splits/cifar10_split_seed13_clients5_alpha0p3_ref500.json,0.5,10,fc1,1,0,0.9941670298576355,0.982043445110321,500
cka_feddst,cifar10,0.7,13,results/logs/cka_strength_sweep/cifar10/strength_0p5/seed_13/splits/cifar10_split_seed13_clients5_alpha0p3_ref500.json,0.5,10,fc1,1,1,1.0,0.982043445110321,500
cka_feddst,cifar10,0.7,13,results/logs/cka_strength_sweep/cifar10/strength_0p5/seed_13/splits/cifar10_split_seed13_clients5_alpha0p3_ref500.json,0.5,10,fc1,1,2,0.9705048203468323,0.982043445110321,500
cka_feddst,cifar10,0.7,13,results/logs/cka_strength_sweep/cifar10/strength_0p5/seed_13/splits/cifar10_split_seed13_clients5_alpha0p3_ref500.json,0.5,10,fc1,1,3,0.9953778982162476,0.982043445110321,500
cka_feddst,cifar10,0.7,13,results/logs/cka_strength_sweep/cifar10/strength_0p5/seed_13/splits/cifar10_split_seed13_clients5_alpha0p3_ref500.json,0.5,10,fc1,1,4,0.9948825240135193,0.982043445110321,500
cka_feddst,cifar10,0.7,13,results/logs/cka_strength_sweep/cifar10/strength_0p5/seed_13/splits/cifar10_split_seed13_clients5_alpha0p3_ref500.json,0.5,10,fc1,2,0,0.9687305688858032,0.982043445110321,500
cka_feddst,cifar10,0.7,13,results/logs/cka_strength_sweep/cifar10/strength_0p5/seed_13/splits/cifar10_split_seed13_clients5_alpha0p3_ref500.json,0.5,10,fc1,2,1,0.9705048203468323,0.982043445110321,500
cka_feddst,cifar10,0.7,13,results/logs/cka_strength_sweep/cifar10/strength_0p5/seed_13/splits/cifar10_split_seed13_clients5_alpha0p3_ref500.json,0.5,10,fc1,2,2,1.0,0.982043445110321,500
cka_feddst,cifar10,0.7,13,results/logs/cka_strength_sweep/cifar10/strength_0p5/seed_13/splits/cifar10_split_seed13_clients5_alpha0p3_ref500.json,0.5,10,fc1,2,3,0.9766827821731567,0.982043445110321,500
cka_feddst,cifar10,0.7,13,results/logs/cka_strength_sweep/cifar10/strength_0p5/seed_13/splits/cifar10_split_seed13_clients5_alpha0p3_ref500.json,0.5,10,fc1,2,4,0.9492383599281311,0.982043445110321,500
cka_feddst,cifar10,0.7,13,results/logs/cka_strength_sweep/cifar10/strength_0p5/seed_13/splits/cifar10_split_seed13_clients5_alpha0p3_ref500.json,0.5,10,fc1,3,0,0.9895736575126648,0.982043445110321,500
cka_feddst,cifar10,0.7,13,results/logs/cka_strength_sweep/cifar10/strength_0p5/seed_13/splits/cifar10_split_seed13_clients5_alpha0p3_ref500.json,0.5,10,fc1,3,1,0.9953778982162476,0.982043445110321,500
cka_feddst,cifar10,0.7,13,results/logs/cka_strength_sweep/cifar10/strength_0p5/seed_13/splits/cifar10_split_seed13_clients5_alpha0p3_ref500.json,0.5,10,fc1,3,2,0.9766827821731567,0.982043445110321,500
cka_feddst,cifar10,0.7,13,results/logs/cka_strength_sweep/cifar10/strength_0p5/seed_13/splits/cifar10_split_seed13_clients5_alpha0p3_ref500.json,0.5,10,fc1,3,3,1.0,0.982043445110321,500
cka_feddst,cifar10,0.7,13,results/logs/cka_strength_sweep/cifar10/strength_0p5/seed_13/splits/cifar10_split_seed13_clients5_alpha0p3_ref500.json,0.5,10,fc1,3,4,0.9921576380729675,0.982043445110321,500
cka_feddst,cifar10,0.7,13,results/logs/cka_strength_sweep/cifar10/strength_0p5/seed_13/splits/cifar10_split_seed13_clients5_alpha0p3_ref500.json,0.5,10,fc1,4,0,0.9891199469566345,0.982043445110321,500
cka_feddst,cifar10,0.7,13,results/logs/cka_strength_sweep/cifar10/strength_0p5/seed_13/splits/cifar10_split_seed13_clients5_alpha0p3_ref500.json,0.5,10,fc1,4,1,0.9948825240135193,0.982043445110321,500
cka_feddst,cifar10,0.7,13,results/logs/cka_strength_sweep/cifar10/strength_0p5/seed_13/splits/cifar10_split_seed13_clients5_alpha0p3_ref500.json,0.5,10,fc1,4,2,0.9492383599281311,0.982043445110321,500
cka_feddst,cifar10,0.7,13,results/logs/cka_strength_sweep/cifar10/strength_0p5/seed_13/splits/cifar10_split_seed13_clients5_alpha0p3_ref500.json,0.5,10,fc1,4,3,0.9921576380729675,0.982043445110321,500
cka_feddst,cifar10,0.7,13,results/logs/cka_strength_sweep/cifar10/strength_0p5/seed_13/splits/cifar10_split_seed13_clients5_alpha0p3_ref500.json,0.5,10,fc1,4,4,1.0,0.982043445110321,500
cka_feddst,cifar10,0.7,13,results/logs/cka_strength_sweep/cifar10/strength_0p5/seed_13/splits/cifar10_split_seed13_clients5_alpha0p3_ref500.json,0.5,12,conv1,0,0,1.0,0.9999557733535767,500
cka_feddst,cifar10,0.7,13,results/logs/cka_strength_sweep/cifar10/strength_0p5/seed_13/splits/cifar10_split_seed13_clients5_alpha0p3_ref500.json,0.5,12,conv1,0,1,0.9999380707740784,0.9999557733535767,500
cka_feddst,cifar10,0.7,13,results/logs/cka_strength_sweep/cifar10/strength_0p5/seed_13/splits/cifar10_split_seed13_clients5_alpha0p3_ref500.json,0.5,12,conv1,0,2,0.9998683333396912,0.9999557733535767,500
cka_feddst,cifar10,0.7,13,results/logs/cka_strength_sweep/cifar10/strength_0p5/seed_13/splits/cifar10_split_seed13_clients5_alpha0p3_ref500.json,0.5,12,conv1,0,3,0.9999381303787231,0.9999557733535767,500
cka_feddst,cifar10,0.7,13,results/logs/cka_strength_sweep/cifar10/strength_0p5/seed_13/splits/cifar10_split_seed13_clients5_alpha0p3_ref500.json,0.5,12,conv1,0,4,0.9998592734336853,0.9999557733535767,500
cka_feddst,cifar10,0.7,13,results/logs/cka_strength_sweep/cifar10/strength_0p5/seed_13/splits/cifar10_split_seed13_clients5_alpha0p3_ref500.json,0.5,12,conv1,1,0,0.9999380707740784,0.9999557733535767,500
cka_feddst,cifar10,0.7,13,results/logs/cka_strength_sweep/cifar10/strength_0p5/seed_13/splits/cifar10_split_seed13_clients5_alpha0p3_ref500.json,0.5,12,conv1,1,1,1.0,0.9999557733535767,500
cka_feddst,cifar10,0.7,13,results/logs/cka_strength_sweep/cifar10/strength_0p5/seed_13/splits/cifar10_split_seed13_clients5_alpha0p3_ref500.json,0.5,12,conv1,1,2,0.9999887347221375,0.9999557733535767,500
cka_feddst,cifar10,0.7,13,results/logs/cka_strength_sweep/cifar10/strength_0p5/seed_13/splits/cifar10_split_seed13_clients5_alpha0p3_ref500.json,0.5,12,conv1,1,3,1.0,0.9999557733535767,500
cka_feddst,cifar10,0.7,13,results/logs/cka_strength_sweep/cifar10/strength_0p5/seed_13/splits/cifar10_split_seed13_clients5_alpha0p3_ref500.json,0.5,12,conv1,1,4,0.9999853372573853,0.9999557733535767,500
cka_feddst,cifar10,0.7,13,results/logs/cka_strength_sweep/cifar10/strength_0p5/seed_13/splits/cifar10_split_seed13_clients5_alpha0p3_ref500.json,0.5,12,conv1,2,0,0.9998683333396912,0.9999557733535767,500
cka_feddst,cifar10,0.7,13,results/logs/cka_strength_sweep/cifar10/strength_0p5/seed_13/splits/cifar10_split_seed13_clients5_alpha0p3_ref500.json,0.5,12,conv1,2,1,0.9999887347221375,0.9999557733535767,500
cka_feddst,cifar10,0.7,13,results/logs/cka_strength_sweep/cifar10/strength_0p5/seed_13/splits/cifar10_split_seed13_clients5_alpha0p3_ref500.json,0.5,12,conv1,2,2,1.0,0.9999557733535767,500
cka_feddst,cifar10,0.7,13,results/logs/cka_strength_sweep/cifar10/strength_0p5/seed_13/splits/cifar10_split_seed13_clients5_alpha0p3_ref500.json,0.5,12,conv1,2,3,0.9999909996986389,0.9999557733535767,500
cka_feddst,cifar10,0.7,13,results/logs/cka_strength_sweep/cifar10/strength_0p5/seed_13/splits/cifar10_split_seed13_clients5_alpha0p3_ref500.json,0.5,12,conv1,2,4,1.0,0.9999557733535767,500
cka_feddst,cifar10,0.7,13,results/logs/cka_strength_sweep/cifar10/strength_0p5/seed_13/splits/cifar10_split_seed13_clients5_alpha0p3_ref500.json,0.5,12,conv1,3,0,0.9999381303787231,0.9999557733535767,500
cka_feddst,cifar10,0.7,13,results/logs/cka_strength_sweep/cifar10/strength_0p5/seed_13/splits/cifar10_split_seed13_clients5_alpha0p3_ref500.json,0.5,12,conv1,3,1,1.0,0.9999557733535767,500
cka_feddst,cifar10,0.7,13,results/logs/cka_strength_sweep/cifar10/strength_0p5/seed_13/splits/cifar10_split_seed13_clients5_alpha0p3_ref500.json,0.5,12,conv1,3,2,0.9999909996986389,0.9999557733535767,500
cka_feddst,cifar10,0.7,13,results/logs/cka_strength_sweep/cifar10/strength_0p5/seed_13/splits/cifar10_split_seed13_clients5_alpha0p3_ref500.json,0.5,12,conv1,3,3,1.0,0.9999557733535767,500
cka_feddst,cifar10,0.7,13,results/logs/cka_strength_sweep/cifar10/strength_0p5/seed_13/splits/cifar10_split_seed13_clients5_alpha0p3_ref500.json,0.5,12,conv1,3,4,0.9999880194664001,0.9999557733535767,500
cka_feddst,cifar10,0.7,13,results/logs/cka_strength_sweep/cifar10/strength_0p5/seed_13/splits/cifar10_split_seed13_clients5_alpha0p3_ref500.json,0.5,12,conv1,4,0,0.9998592734336853,0.9999557733535767,500
cka_feddst,cifar10,0.7,13,results/logs/cka_strength_sweep/cifar10/strength_0p5/seed_13/splits/cifar10_split_seed13_clients5_alpha0p3_ref500.json,0.5,12,conv1,4,1,0.9999853372573853,0.9999557733535767,500
cka_feddst,cifar10,0.7,13,results/logs/cka_strength_sweep/cifar10/strength_0p5/seed_13/splits/cifar10_split_seed13_clients5_alpha0p3_ref500.json,0.5,12,conv1,4,2,1.0,0.9999557733535767,500
cka_feddst,cifar10,0.7,13,results/logs/cka_strength_sweep/cifar10/strength_0p5/seed_13/splits/cifar10_split_seed13_clients5_alpha0p3_ref500.json,0.5,12,conv1,4,3,0.9999880194664001,0.9999557733535767,500
cka_feddst,cifar10,0.7,13,results/logs/cka_strength_sweep/cifar10/strength_0p5/seed_13/splits/cifar10_split_seed13_clients5_alpha0p3_ref500.json,0.5,12,conv1,4,4,1.0,0.9999557733535767,500
cka_feddst,cifar10,0.7,13,results/logs/cka_strength_sweep/cifar10/strength_0p5/seed_13/splits/cifar10_split_seed13_clients5_alpha0p3_ref500.json,0.5,12,conv2,0,0,1.0,0.999716579914093,500
cka_feddst,cifar10,0.7,13,results/logs/cka_strength_sweep/cifar10/strength_0p5/seed_13/splits/cifar10_split_seed13_clients5_alpha0p3_ref500.json,0.5,12,conv2,0,1,0.9995473623275757,0.999716579914093,500
cka_feddst,cifar10,0.7,13,results/logs/cka_strength_sweep/cifar10/strength_0p5/seed_13/splits/cifar10_split_seed13_clients5_alpha0p3_ref500.json,0.5,12,conv2,0,2,0.9993222951889038,0.999716579914093,500
cka_feddst,cifar10,0.7,13,results/logs/cka_strength_sweep/cifar10/strength_0p5/seed_13/splits/cifar10_split_seed13_clients5_alpha0p3_ref500.json,0.5,12,conv2,0,3,0.9996199011802673,0.999716579914093,500
cka_feddst,cifar10,0.7,13,results/logs/cka_strength_sweep/cifar10/strength_0p5/seed_13/splits/cifar10_split_seed13_clients5_alpha0p3_ref500.json,0.5,12,conv2,0,4,0.9990401864051819,0.999716579914093,500
cka_feddst,cifar10,0.7,13,results/logs/cka_strength_sweep/cifar10/strength_0p5/seed_13/splits/cifar10_split_seed13_clients5_alpha0p3_ref500.json,0.5,12,conv2,1,0,0.9995473623275757,0.999716579914093,500
cka_feddst,cifar10,0.7,13,results/logs/cka_strength_sweep/cifar10/strength_0p5/seed_13/splits/cifar10_split_seed13_clients5_alpha0p3_ref500.json,0.5,12,conv2,1,1,1.0,0.999716579914093,500
cka_feddst,cifar10,0.7,13,results/logs/cka_strength_sweep/cifar10/strength_0p5/seed_13/splits/cifar10_split_seed13_clients5_alpha0p3_ref500.json,0.5,12,conv2,1,2,0.9999536275863647,0.999716579914093,500
cka_feddst,cifar10,0.7,13,results/logs/cka_strength_sweep/cifar10/strength_0p5/seed_13/splits/cifar10_split_seed13_clients5_alpha0p3_ref500.json,0.5,12,conv2,1,3,0.9999900460243225,0.999716579914093,500
cka_feddst,cifar10,0.7,13,results/logs/cka_strength_sweep/cifar10/strength_0p5/seed_13/splits/cifar10_split_seed13_clients5_alpha0p3_ref500.json,0.5,12,conv2,1,4,0.9998939037322998,0.999716579914093,500
cka_feddst,cifar10,0.7,13,results/logs/cka_strength_sweep/cifar10/strength_0p5/seed_13/splits/cifar10_split_seed13_clients5_alpha0p3_ref500.json,0.5,12,conv2,2,0,0.9993222951889038,0.999716579914093,500
cka_feddst,cifar10,0.7,13,results/logs/cka_strength_sweep/cifar10/strength_0p5/seed_13/splits/cifar10_split_seed13_clients5_alpha0p3_ref500.json,0.5,12,conv2,2,1,0.9999536275863647,0.999716579914093,500
cka_feddst,cifar10,0.7,13,results/logs/cka_strength_sweep/cifar10/strength_0p5/seed_13/splits/cifar10_split_seed13_clients5_alpha0p3_ref500.json,0.5,12,conv2,2,2,1.0,0.999716579914093,500
cka_feddst,cifar10,0.7,13,results/logs/cka_strength_sweep/cifar10/strength_0p5/seed_13/splits/cifar10_split_seed13_clients5_alpha0p3_ref500.json,0.5,12,conv2,2,3,0.9999563694000244,0.999716579914093,500
cka_feddst,cifar10,0.7,13,results/logs/cka_strength_sweep/cifar10/strength_0p5/seed_13/splits/cifar10_split_seed13_clients5_alpha0p3_ref500.json,0.5,12,conv2,2,4,0.9999728202819824,0.999716579914093,500
cka_feddst,cifar10,0.7,13,results/logs/cka_strength_sweep/cifar10/strength_0p5/seed_13/splits/cifar10_split_seed13_clients5_alpha0p3_ref500.json,0.5,12,conv2,3,0,0.9996199011802673,0.999716579914093,500
cka_feddst,cifar10,0.7,13,results/logs/cka_strength_sweep/cifar10/strength_0p5/seed_13/splits/cifar10_split_seed13_clients5_alpha0p3_ref500.json,0.5,12,conv2,3,1,0.9999900460243225,0.999716579914093,500
cka_feddst,cifar10,0.7,13,results/logs/cka_strength_sweep/cifar10/strength_0p5/seed_13/splits/cifar10_split_seed13_clients5_alpha0p3_ref500.json,0.5,12,conv2,3,2,0.9999563694000244,0.999716579914093,500
cka_feddst,cifar10,0.7,13,results/logs/cka_strength_sweep/cifar10/strength_0p5/seed_13/splits/cifar10_split_seed13_clients5_alpha0p3_ref500.json,0.5,12,conv2,3,3,1.0,0.999716579914093,500
cka_feddst,cifar10,0.7,13,results/logs/cka_strength_sweep/cifar10/strength_0p5/seed_13/splits/cifar10_split_seed13_clients5_alpha0p3_ref500.json,0.5,12,conv2,3,4,0.999869704246521,0.999716579914093,500
cka_feddst,cifar10,0.7,13,results/logs/cka_strength_sweep/cifar10/strength_0p5/seed_13/splits/cifar10_split_seed13_clients5_alpha0p3_ref500.json,0.5,12,conv2,4,0,0.9990401864051819,0.999716579914093,500
cka_feddst,cifar10,0.7,13,results/logs/cka_strength_sweep/cifar10/strength_0p5/seed_13/splits/cifar10_split_seed13_clients5_alpha0p3_ref500.json,0.5,12,conv2,4,1,0.9998939037322998,0.999716579914093,500
cka_feddst,cifar10,0.7,13,results/logs/cka_strength_sweep/cifar10/strength_0p5/seed_13/splits/cifar10_split_seed13_clients5_alpha0p3_ref500.json,0.5,12,conv2,4,2,0.9999728202819824,0.999716579914093,500
cka_feddst,cifar10,0.7,13,results/logs/cka_strength_sweep/cifar10/strength_0p5/seed_13/splits/cifar10_split_seed13_clients5_alpha0p3_ref500.json,0.5,12,conv2,4,3,0.999869704246521,0.999716579914093,500
cka_feddst,cifar10,0.7,13,results/logs/cka_strength_sweep/cifar10/strength_0p5/seed_13/splits/cifar10_split_seed13_clients5_alpha0p3_ref500.json,0.5,12,conv2,4,4,1.0,0.999716579914093,500
cka_feddst,cifar10,0.7,13,results/logs/cka_strength_sweep/cifar10/strength_0p5/seed_13/splits/cifar10_split_seed13_clients5_alpha0p3_ref500.json,0.5,12,conv3,0,0,1.0,0.9996225237846375,500
cka_feddst,cifar10,0.7,13,results/logs/cka_strength_sweep/cifar10/strength_0p5/seed_13/splits/cifar10_split_seed13_clients5_alpha0p3_ref500.json,0.5,12,conv3,0,1,0.9994262456893921,0.9996225237846375,500
cka_feddst,cifar10,0.7,13,results/logs/cka_strength_sweep/cifar10/strength_0p5/seed_13/splits/cifar10_split_seed13_clients5_alpha0p3_ref500.json,0.5,12,conv3,0,2,0.999173104763031,0.9996225237846375,500
cka_feddst,cifar10,0.7,13,results/logs/cka_strength_sweep/cifar10/strength_0p5/seed_13/splits/cifar10_split_seed13_clients5_alpha0p3_ref500.json,0.5,12,conv3,0,3,0.9995285868644714,0.9996225237846375,500
cka_feddst,cifar10,0.7,13,results/logs/cka_strength_sweep/cifar10/strength_0p5/seed_13/splits/cifar10_split_seed13_clients5_alpha0p3_ref500.json,0.5,12,conv3,0,4,0.9987940192222595,0.9996225237846375,500
cka_feddst,cifar10,0.7,13,results/logs/cka_strength_sweep/cifar10/strength_0p5/seed_13/splits/cifar10_split_seed13_clients5_alpha0p3_ref500.json,0.5,12,conv3,1,0,0.9994262456893921,0.9996225237846375,500
cka_feddst,cifar10,0.7,13,results/logs/cka_strength_sweep/cifar10/strength_0p5/seed_13/splits/cifar10_split_seed13_clients5_alpha0p3_ref500.json,0.5,12,conv3,1,1,1.0,0.9996225237846375,500
cka_feddst,cifar10,0.7,13,results/logs/cka_strength_sweep/cifar10/strength_0p5/seed_13/splits/cifar10_split_seed13_clients5_alpha0p3_ref500.json,0.5,12,conv3,1,2,0.999858558177948,0.9996225237846375,500
cka_feddst,cifar10,0.7,13,results/logs/cka_strength_sweep/cifar10/strength_0p5/seed_13/splits/cifar10_split_seed13_clients5_alpha0p3_ref500.json,0.5,12,conv3,1,3,0.9999881982803345,0.9996225237846375,500
cka_feddst,cifar10,0.7,13,results/logs/cka_strength_sweep/cifar10/strength_0p5/seed_13/splits/cifar10_split_seed13_clients5_alpha0p3_ref500.json,0.5,12,conv3,1,4,0.9998515844345093,0.9996225237846375,500
cka_feddst,cifar10,0.7,13,results/logs/cka_strength_sweep/cifar10/strength_0p5/seed_13/splits/cifar10_split_seed13_clients5_alpha0p3_ref500.json,0.5,12,conv3,2,0,0.999173104763031,0.9996225237846375,500
cka_feddst,cifar10,0.7,13,results/logs/cka_strength_sweep/cifar10/strength_0p5/seed_13/splits/cifar10_split_seed13_clients5_alpha0p3_ref500.json,0.5,12,conv3,2,1,0.999858558177948,0.9996225237846375,500
cka_feddst,cifar10,0.7,13,results/logs/cka_strength_sweep/cifar10/strength_0p5/seed_13/splits/cifar10_split_seed13_clients5_alpha0p3_ref500.json,0.5,12,conv3,2,2,1.0,0.9996225237846375,500
cka_feddst,cifar10,0.7,13,results/logs/cka_strength_sweep/cifar10/strength_0p5/seed_13/splits/cifar10_split_seed13_clients5_alpha0p3_ref500.json,0.5,12,conv3,2,3,0.999870777130127,0.9996225237846375,500
cka_feddst,cifar10,0.7,13,results/logs/cka_strength_sweep/cifar10/strength_0p5/seed_13/splits/cifar10_split_seed13_clients5_alpha0p3_ref500.json,0.5,12,conv3,2,4,0.9999183416366577,0.9996225237846375,500
cka_feddst,cifar10,0.7,13,results/logs/cka_strength_sweep/cifar10/strength_0p5/seed_13/splits/cifar10_split_seed13_clients5_alpha0p3_ref500.json,0.5,12,conv3,3,0,0.9995285868644714,0.9996225237846375,500
cka_feddst,cifar10,0.7,13,results/logs/cka_strength_sweep/cifar10/strength_0p5/seed_13/splits/cifar10_split_seed13_clients5_alpha0p3_ref500.json,0.5,12,conv3,3,1,0.9999881982803345,0.9996225237846375,500
cka_feddst,cifar10,0.7,13,results/logs/cka_strength_sweep/cifar10/strength_0p5/seed_13/splits/cifar10_split_seed13_clients5_alpha0p3_ref500.json,0.5,12,conv3,3,2,0.999870777130127,0.9996225237846375,500
cka_feddst,cifar10,0.7,13,results/logs/cka_strength_sweep/cifar10/strength_0p5/seed_13/splits/cifar10_split_seed13_clients5_alpha0p3_ref500.json,0.5,12,conv3,3,3,1.0,0.9996225237846375,500
cka_feddst,cifar10,0.7,13,results/logs/cka_strength_sweep/cifar10/strength_0p5/seed_13/splits/cifar10_split_seed13_clients5_alpha0p3_ref500.json,0.5,12,conv3,3,4,0.9998157024383545,0.9996225237846375,500
cka_feddst,cifar10,0.7,13,results/logs/cka_strength_sweep/cifar10/strength_0p5/seed_13/splits/cifar10_split_seed13_clients5_alpha0p3_ref500.json,0.5,12,conv3,4,0,0.9987940192222595,0.9996225237846375,500
cka_feddst,cifar10,0.7,13,results/logs/cka_strength_sweep/cifar10/strength_0p5/seed_13/splits/cifar10_split_seed13_clients5_alpha0p3_ref500.json,0.5,12,conv3,4,1,0.9998515844345093,0.9996225237846375,500
cka_feddst,cifar10,0.7,13,results/logs/cka_strength_sweep/cifar10/strength_0p5/seed_13/splits/cifar10_split_seed13_clients5_alpha0p3_ref500.json,0.5,12,conv3,4,2,0.9999183416366577,0.9996225237846375,500
cka_feddst,cifar10,0.7,13,results/logs/cka_strength_sweep/cifar10/strength_0p5/seed_13/splits/cifar10_split_seed13_clients5_alpha0p3_ref500.json,0.5,12,conv3,4,3,0.9998157024383545,0.9996225237846375,500
cka_feddst,cifar10,0.7,13,results/logs/cka_strength_sweep/cifar10/strength_0p5/seed_13/splits/cifar10_split_seed13_clients5_alpha0p3_ref500.json,0.5,12,conv3,4,4,1.0,0.9996225237846375,500
cka_feddst,cifar10,0.7,13,results/logs/cka_strength_sweep/cifar10/strength_0p5/seed_13/splits/cifar10_split_seed13_clients5_alpha0p3_ref500.json,0.5,12,fc1,0,0,1.0,0.9749318361282349,500
cka_feddst,cifar10,0.7,13,results/logs/cka_strength_sweep/cifar10/strength_0p5/seed_13/splits/cifar10_split_seed13_clients5_alpha0p3_ref500.json,0.5,12,fc1,0,1,0.9743457436561584,0.9749318361282349,500
cka_feddst,cifar10,0.7,13,results/logs/cka_strength_sweep/cifar10/strength_0p5/seed_13/splits/cifar10_split_seed13_clients5_alpha0p3_ref500.json,0.5,12,fc1,0,2,0.9643921256065369,0.9749318361282349,500
cka_feddst,cifar10,0.7,13,results/logs/cka_strength_sweep/cifar10/strength_0p5/seed_13/splits/cifar10_split_seed13_clients5_alpha0p3_ref500.json,0.5,12,fc1,0,3,0.9707174301147461,0.9749318361282349,500
cka_feddst,cifar10,0.7,13,results/logs/cka_strength_sweep/cifar10/strength_0p5/seed_13/splits/cifar10_split_seed13_clients5_alpha0p3_ref500.json,0.5,12,fc1,0,4,0.9766218662261963,0.9749318361282349,500
cka_feddst,cifar10,0.7,13,results/logs/cka_strength_sweep/cifar10/strength_0p5/seed_13/splits/cifar10_split_seed13_clients5_alpha0p3_ref500.json,0.5,12,fc1,1,0,0.9743457436561584,0.9749318361282349,500
cka_feddst,cifar10,0.7,13,results/logs/cka_strength_sweep/cifar10/strength_0p5/seed_13/splits/cifar10_split_seed13_clients5_alpha0p3_ref500.json,0.5,12,fc1,1,1,1.0,0.9749318361282349,500
cka_feddst,cifar10,0.7,13,results/logs/cka_strength_sweep/cifar10/strength_0p5/seed_13/splits/cifar10_split_seed13_clients5_alpha0p3_ref500.json,0.5,12,fc1,1,2,0.959689736366272,0.9749318361282349,500
cka_feddst,cifar10,0.7,13,results/logs/cka_strength_sweep/cifar10/strength_0p5/seed_13/splits/cifar10_split_seed13_clients5_alpha0p3_ref500.json,0.5,12,fc1,1,3,0.9955889582633972,0.9749318361282349,500
cka_feddst,cifar10,0.7,13,results/logs/cka_strength_sweep/cifar10/strength_0p5/seed_13/splits/cifar10_split_seed13_clients5_alpha0p3_ref500.json,0.5,12,fc1,1,4,0.9944185018539429,0.9749318361282349,500
cka_feddst,cifar10,0.7,13,results/logs/cka_strength_sweep/cifar10/strength_0p5/seed_13/splits/cifar10_split_seed13_clients5_alpha0p3_ref500.json,0.5,12,fc1,2,0,0.9643921256065369,0.9749318361282349,500
cka_feddst,cifar10,0.7,13,results/logs/cka_strength_sweep/cifar10/strength_0p5/seed_13/splits/cifar10_split_seed13_clients5_alpha0p3_ref500.json,0.5,12,fc1,2,1,0.959689736366272,0.9749318361282349,500
cka_feddst,cifar10,0.7,13,results/logs/cka_strength_sweep/cifar10/strength_0p5/seed_13/splits/cifar10_split_seed13_clients5_alpha0p3_ref500.json,0.5,12,fc1,2,2,1.0,0.9749318361282349,500
cka_feddst,cifar10,0.7,13,results/logs/cka_strength_sweep/cifar10/strength_0p5/seed_13/splits/cifar10_split_seed13_clients5_alpha0p3_ref500.json,0.5,12,fc1,2,3,0.9722109436988831,0.9749318361282349,500
cka_feddst,cifar10,0.7,13,results/logs/cka_strength_sweep/cifar10/strength_0p5/seed_13/splits/cifar10_split_seed13_clients5_alpha0p3_ref500.json,0.5,12,fc1,2,4,0.9493288397789001,0.9749318361282349,500
cka_feddst,cifar10,0.7,13,results/logs/cka_strength_sweep/cifar10/strength_0p5/seed_13/splits/cifar10_split_seed13_clients5_alpha0p3_ref500.json,0.5,12,fc1,3,0,0.9707174301147461,0.9749318361282349,500
cka_feddst,cifar10,0.7,13,results/logs/cka_strength_sweep/cifar10/strength_0p5/seed_13/splits/cifar10_split_seed13_clients5_alpha0p3_ref500.json,0.5,12,fc1,3,1,0.9955889582633972,0.9749318361282349,500
cka_feddst,cifar10,0.7,13,results/logs/cka_strength_sweep/cifar10/strength_0p5/seed_13/splits/cifar10_split_seed13_clients5_alpha0p3_ref500.json,0.5,12,fc1,3,2,0.9722109436988831,0.9749318361282349,500
cka_feddst,cifar10,0.7,13,results/logs/cka_strength_sweep/cifar10/strength_0p5/seed_13/splits/cifar10_split_seed13_clients5_alpha0p3_ref500.json,0.5,12,fc1,3,3,1.0,0.9749318361282349,500
cka_feddst,cifar10,0.7,13,results/logs/cka_strength_sweep/cifar10/strength_0p5/seed_13/splits/cifar10_split_seed13_clients5_alpha0p3_ref500.json,0.5,12,fc1,3,4,0.9920043349266052,0.9749318361282349,500
cka_feddst,cifar10,0.7,13,results/logs/cka_strength_sweep/cifar10/strength_0p5/seed_13/splits/cifar10_split_seed13_clients5_alpha0p3_ref500.json,0.5,12,fc1,4,0,0.9766218662261963,0.9749318361282349,500
cka_feddst,cifar10,0.7,13,results/logs/cka_strength_sweep/cifar10/strength_0p5/seed_13/splits/cifar10_split_seed13_clients5_alpha0p3_ref500.json,0.5,12,fc1,4,1,0.9944185018539429,0.9749318361282349,500
cka_feddst,cifar10,0.7,13,results/logs/cka_strength_sweep/cifar10/strength_0p5/seed_13/splits/cifar10_split_seed13_clients5_alpha0p3_ref500.json,0.5,12,fc1,4,2,0.9493288397789001,0.9749318361282349,500
cka_feddst,cifar10,0.7,13,results/logs/cka_strength_sweep/cifar10/strength_0p5/seed_13/splits/cifar10_split_seed13_clients5_alpha0p3_ref500.json,0.5,12,fc1,4,3,0.9920043349266052,0.9749318361282349,500
cka_feddst,cifar10,0.7,13,results/logs/cka_strength_sweep/cifar10/strength_0p5/seed_13/splits/cifar10_split_seed13_clients5_alpha0p3_ref500.json,0.5,12,fc1,4,4,1.0,0.9749318361282349,500
cka_feddst,cifar10,0.7,13,results/logs/cka_strength_sweep/cifar10/strength_0p5/seed_13/splits/cifar10_split_seed13_clients5_alpha0p3_ref500.json,0.5,14,conv1,0,0,1.0,0.999942421913147,500
cka_feddst,cifar10,0.7,13,results/logs/cka_strength_sweep/cifar10/strength_0p5/seed_13/splits/cifar10_split_seed13_clients5_alpha0p3_ref500.json,0.5,14,conv1,0,1,0.9999079704284668,0.999942421913147,500
cka_feddst,cifar10,0.7,13,results/logs/cka_strength_sweep/cifar10/strength_0p5/seed_13/splits/cifar10_split_seed13_clients5_alpha0p3_ref500.json,0.5,14,conv1,0,2,0.9998283386230469,0.999942421913147,500
cka_feddst,cifar10,0.7,13,results/logs/cka_strength_sweep/cifar10/strength_0p5/seed_13/splits/cifar10_split_seed13_clients5_alpha0p3_ref500.json,0.5,14,conv1,0,3,0.9999120831489563,0.999942421913147,500
cka_feddst,cifar10,0.7,13,results/logs/cka_strength_sweep/cifar10/strength_0p5/seed_13/splits/cifar10_split_seed13_clients5_alpha0p3_ref500.json,0.5,14,conv1,0,4,0.9998205900192261,0.999942421913147,500
cka_feddst,cifar10,0.7,13,results/logs/cka_strength_sweep/cifar10/strength_0p5/seed_13/splits/cifar10_split_seed13_clients5_alpha0p3_ref500.json,0.5,14,conv1,1,0,0.9999079704284668,0.999942421913147,500
cka_feddst,cifar10,0.7,13,results/logs/cka_strength_sweep/cifar10/strength_0p5/seed_13/splits/cifar10_split_seed13_clients5_alpha0p3_ref500.json,0.5,14,conv1,1,1,1.0,0.999942421913147,500
cka_feddst,cifar10,0.7,13,results/logs/cka_strength_sweep/cifar10/strength_0p5/seed_13/splits/cifar10_split_seed13_clients5_alpha0p3_ref500.json,0.5,14,conv1,1,2,0.9999898672103882,0.999942421913147,500
cka_feddst,cifar10,0.7,13,results/logs/cka_strength_sweep/cifar10/strength_0p5/seed_13/splits/cifar10_split_seed13_clients5_alpha0p3_ref500.json,0.5,14,conv1,1,3,1.0,0.999942421913147,500
cka_feddst,cifar10,0.7,13,results/logs/cka_strength_sweep/cifar10/strength_0p5/seed_13/splits/cifar10_split_seed13_clients5_alpha0p3_ref500.json,0.5,14,conv1,1,4,0.9999874234199524,0.999942421913147,500
cka_feddst,cifar10,0.7,13,results/logs/cka_strength_sweep/cifar10/strength_0p5/seed_13/splits/cifar10_split_seed13_clients5_alpha0p3_ref500.json,0.5,14,conv1,2,0,0.9998283386230469,0.999942421913147,500
cka_feddst,cifar10,0.7,13,results/logs/cka_strength_sweep/cifar10/strength_0p5/seed_13/splits/cifar10_split_seed13_clients5_alpha0p3_ref500.json,0.5,14,conv1,2,1,0.9999898672103882,0.999942421913147,500
cka_feddst,cifar10,0.7,13,results/logs/cka_strength_sweep/cifar10/strength_0p5/seed_13/splits/cifar10_split_seed13_clients5_alpha0p3_ref500.json,0.5,14,conv1,2,2,1.0,0.999942421913147,500
cka_feddst,cifar10,0.7,13,results/logs/cka_strength_sweep/cifar10/strength_0p5/seed_13/splits/cifar10_split_seed13_clients5_alpha0p3_ref500.json,0.5,14,conv1,2,3,0.9999897480010986,0.999942421913147,500
cka_feddst,cifar10,0.7,13,results/logs/cka_strength_sweep/cifar10/strength_0p5/seed_13/splits/cifar10_split_seed13_clients5_alpha0p3_ref500.json,0.5,14,conv1,2,4,1.0,0.999942421913147,500
cka_feddst,cifar10,0.7,13,results/logs/cka_strength_sweep/cifar10/strength_0p5/seed_13/splits/cifar10_split_seed13_clients5_alpha0p3_ref500.json,0.5,14,conv1,3,0,0.9999120831489563,0.999942421913147,500
cka_feddst,cifar10,0.7,13,results/logs/cka_strength_sweep/cifar10/strength_0p5/seed_13/splits/cifar10_split_seed13_clients5_alpha0p3_ref500.json,0.5,14,conv1,3,1,1.0,0.999942421913147,500
cka_feddst,cifar10,0.7,13,results/logs/cka_strength_sweep/cifar10/strength_0p5/seed_13/splits/cifar10_split_seed13_clients5_alpha0p3_ref500.json,0.5,14,conv1,3,2,0.9999897480010986,0.999942421913147,500
cka_feddst,cifar10,0.7,13,results/logs/cka_strength_sweep/cifar10/strength_0p5/seed_13/splits/cifar10_split_seed13_clients5_alpha0p3_ref500.json,0.5,14,conv1,3,3,1.0,0.999942421913147,500
cka_feddst,cifar10,0.7,13,results/logs/cka_strength_sweep/cifar10/strength_0p5/seed_13/splits/cifar10_split_seed13_clients5_alpha0p3_ref500.json,0.5,14,conv1,3,4,0.9999879002571106,0.999942421913147,500
cka_feddst,cifar10,0.7,13,results/logs/cka_strength_sweep/cifar10/strength_0p5/seed_13/splits/cifar10_split_seed13_clients5_alpha0p3_ref500.json,0.5,14,conv1,4,0,0.9998205900192261,0.999942421913147,500
cka_feddst,cifar10,0.7,13,results/logs/cka_strength_sweep/cifar10/strength_0p5/seed_13/splits/cifar10_split_seed13_clients5_alpha0p3_ref500.json,0.5,14,conv1,4,1,0.9999874234199524,0.999942421913147,500
cka_feddst,cifar10,0.7,13,results/logs/cka_strength_sweep/cifar10/strength_0p5/seed_13/splits/cifar10_split_seed13_clients5_alpha0p3_ref500.json,0.5,14,conv1,4,2,1.0,0.999942421913147,500
cka_feddst,cifar10,0.7,13,results/logs/cka_strength_sweep/cifar10/strength_0p5/seed_13/splits/cifar10_split_seed13_clients5_alpha0p3_ref500.json,0.5,14,conv1,4,3,0.9999879002571106,0.999942421913147,500
cka_feddst,cifar10,0.7,13,results/logs/cka_strength_sweep/cifar10/strength_0p5/seed_13/splits/cifar10_split_seed13_clients5_alpha0p3_ref500.json,0.5,14,conv1,4,4,1.0,0.999942421913147,500
cka_feddst,cifar10,0.7,13,results/logs/cka_strength_sweep/cifar10/strength_0p5/seed_13/splits/cifar10_split_seed13_clients5_alpha0p3_ref500.json,0.5,14,conv2,0,0,1.0,0.9996482133865356,500
cka_feddst,cifar10,0.7,13,results/logs/cka_strength_sweep/cifar10/strength_0p5/seed_13/splits/cifar10_split_seed13_clients5_alpha0p3_ref500.json,0.5,14,conv2,0,1,0.9993763566017151,0.9996482133865356,500
cka_feddst,cifar10,0.7,13,results/logs/cka_strength_sweep/cifar10/strength_0p5/seed_13/splits/cifar10_split_seed13_clients5_alpha0p3_ref500.json,0.5,14,conv2,0,2,0.9990624785423279,0.9996482133865356,500
cka_feddst,cifar10,0.7,13,results/logs/cka_strength_sweep/cifar10/strength_0p5/seed_13/splits/cifar10_split_seed13_clients5_alpha0p3_ref500.json,0.5,14,conv2,0,3,0.9994205832481384,0.9996482133865356,500
cka_feddst,cifar10,0.7,13,results/logs/cka_strength_sweep/cifar10/strength_0p5/seed_13/splits/cifar10_split_seed13_clients5_alpha0p3_ref500.json,0.5,14,conv2,0,4,0.9988725185394287,0.9996482133865356,500
cka_feddst,cifar10,0.7,13,results/logs/cka_strength_sweep/cifar10/strength_0p5/seed_13/splits/cifar10_split_seed13_clients5_alpha0p3_ref500.json,0.5,14,conv2,1,0,0.9993763566017151,0.9996482133865356,500
cka_feddst,cifar10,0.7,13,results/logs/cka_strength_sweep/cifar10/strength_0p5/seed_13/splits/cifar10_split_seed13_clients5_alpha0p3_ref500.json,0.5,14,conv2,1,1,1.0,0.9996482133865356,500
cka_feddst,cifar10,0.7,13,results/logs/cka_strength_sweep/cifar10/strength_0p5/seed_13/splits/cifar10_split_seed13_clients5_alpha0p3_ref500.json,0.5,14,conv2,1,2,0.9999648928642273,0.9996482133865356,500
cka_feddst,cifar10,0.7,13,results/logs/cka_strength_sweep/cifar10/strength_0p5/seed_13/splits/cifar10_split_seed13_clients5_alpha0p3_ref500.json,0.5,14,conv2,1,3,0.9999988675117493,0.9996482133865356,500
cka_feddst,cifar10,0.7,13,results/logs/cka_strength_sweep/cifar10/strength_0p5/seed_13/splits/cifar10_split_seed13_clients5_alpha0p3_ref500.json,0.5,14,conv2,1,4,0.9999228119850159,0.9996482133865356,500
cka_feddst,cifar10,0.7,13,results/logs/cka_strength_sweep/cifar10/strength_0p5/seed_13/splits/cifar10_split_seed13_clients5_alpha0p3_ref500.json,0.5,14,conv2,2,0,0.9990624785423279,0.9996482133865356,500
cka_feddst,cifar10,0.7,13,results/logs/cka_strength_sweep/cifar10/strength_0p5/seed_13/splits/cifar10_split_seed13_clients5_alpha0p3_ref500.json,0.5,14,conv2,2,1,0.9999648928642273,0.9996482133865356,500
cka_feddst,cifar10,0.7,13,results/logs/cka_strength_sweep/cifar10/strength_0p5/seed_13/splits/cifar10_split_seed13_clients5_alpha0p3_ref500.json,0.5,14,conv2,2,2,1.0,0.9996482133865356,500
cka_feddst,cifar10,0.7,13,results/logs/cka_strength_sweep/cifar10/strength_0p5/seed_13/splits/cifar10_split_seed13_clients5_alpha0p3_ref500.json,0.5,14,conv2,2,3,0.9999591708183289,0.9996482133865356,500
cka_feddst,cifar10,0.7,13,results/logs/cka_strength_sweep/cifar10/strength_0p5/seed_13/splits/cifar10_split_seed13_clients5_alpha0p3_ref500.json,0.5,14,conv2,2,4,0.9999939203262329,0.9996482133865356,500
cka_feddst,cifar10,0.7,13,results/logs/cka_strength_sweep/cifar10/strength_0p5/seed_13/splits/cifar10_split_seed13_clients5_alpha0p3_ref500.json,0.5,14,conv2,3,0,0.9994205832481384,0.9996482133865356,500
cka_feddst,cifar10,0.7,13,results/logs/cka_strength_sweep/cifar10/strength_0p5/seed_13/splits/cifar10_split_seed13_clients5_alpha0p3_ref500.json,0.5,14,conv2,3,1,0.9999988675117493,0.9996482133865356,500
cka_feddst,cifar10,0.7,13,results/logs/cka_strength_sweep/cifar10/strength_0p5/seed_13/splits/cifar10_split_seed13_clients5_alpha0p3_ref500.json,0.5,14,conv2,3,2,0.9999591708183289,0.9996482133865356,500
cka_feddst,cifar10,0.7,13,results/logs/cka_strength_sweep/cifar10/strength_0p5/seed_13/splits/cifar10_split_seed13_clients5_alpha0p3_ref500.json,0.5,14,conv2,3,3,1.0,0.9996482133865356,500
cka_feddst,cifar10,0.7,13,results/logs/cka_strength_sweep/cifar10/strength_0p5/seed_13/splits/cifar10_split_seed13_clients5_alpha0p3_ref500.json,0.5,14,conv2,3,4,0.9999106526374817,0.9996482133865356,500
cka_feddst,cifar10,0.7,13,results/logs/cka_strength_sweep/cifar10/strength_0p5/seed_13/splits/cifar10_split_seed13_clients5_alpha0p3_ref500.json,0.5,14,conv2,4,0,0.9988725185394287,0.9996482133865356,500
cka_feddst,cifar10,0.7,13,results/logs/cka_strength_sweep/cifar10/strength_0p5/seed_13/splits/cifar10_split_seed13_clients5_alpha0p3_ref500.json,0.5,14,conv2,4,1,0.9999228119850159,0.9996482133865356,500
cka_feddst,cifar10,0.7,13,results/logs/cka_strength_sweep/cifar10/strength_0p5/seed_13/splits/cifar10_split_seed13_clients5_alpha0p3_ref500.json,0.5,14,conv2,4,2,0.9999939203262329,0.9996482133865356,500
cka_feddst,cifar10,0.7,13,results/logs/cka_strength_sweep/cifar10/strength_0p5/seed_13/splits/cifar10_split_seed13_clients5_alpha0p3_ref500.json,0.5,14,conv2,4,3,0.9999106526374817,0.9996482133865356,500
cka_feddst,cifar10,0.7,13,results/logs/cka_strength_sweep/cifar10/strength_0p5/seed_13/splits/cifar10_split_seed13_clients5_alpha0p3_ref500.json,0.5,14,conv2,4,4,1.0,0.9996482133865356,500
cka_feddst,cifar10,0.7,13,results/logs/cka_strength_sweep/cifar10/strength_0p5/seed_13/splits/cifar10_split_seed13_clients5_alpha0p3_ref500.json,0.5,14,conv3,0,0,1.0,0.9995824694633484,500
cka_feddst,cifar10,0.7,13,results/logs/cka_strength_sweep/cifar10/strength_0p5/seed_13/splits/cifar10_split_seed13_clients5_alpha0p3_ref500.json,0.5,14,conv3,0,1,0.9992882013320923,0.9995824694633484,500
cka_feddst,cifar10,0.7,13,results/logs/cka_strength_sweep/cifar10/strength_0p5/seed_13/splits/cifar10_split_seed13_clients5_alpha0p3_ref500.json,0.5,14,conv3,0,2,0.9989297389984131,0.9995824694633484,500
cka_feddst,cifar10,0.7,13,results/logs/cka_strength_sweep/cifar10/strength_0p5/seed_13/splits/cifar10_split_seed13_clients5_alpha0p3_ref500.json,0.5,14,conv3,0,3,0.9993371367454529,0.9995824694633484,500
cka_feddst,cifar10,0.7,13,results/logs/cka_strength_sweep/cifar10/strength_0p5/seed_13/splits/cifar10_split_seed13_clients5_alpha0p3_ref500.json,0.5,14,conv3,0,4,0.9986673593521118,0.9995824694633484,500
cka_feddst,cifar10,0.7,13,results/logs/cka_strength_sweep/cifar10/strength_0p5/seed_13/splits/cifar10_split_seed13_clients5_alpha0p3_ref500.json,0.5,14,conv3,1,0,0.9992882013320923,0.9995824694633484,500
cka_feddst,cifar10,0.7,13,results/logs/cka_strength_sweep/cifar10/strength_0p5/seed_13/splits/cifar10_split_seed13_clients5_alpha0p3_ref500.json,0.5,14,conv3,1,1,1.0,0.9995824694633484,500
cka_feddst,cifar10,0.7,13,results/logs/cka_strength_sweep/cifar10/strength_0p5/seed_13/splits/cifar10_split_seed13_clients5_alpha0p3_ref500.json,0.5,14,conv3,1,2,0.9999415874481201,0.9995824694633484,500
cka_feddst,cifar10,0.7,13,results/logs/cka_strength_sweep/cifar10/strength_0p5/seed_13/splits/cifar10_split_seed13_clients5_alpha0p3_ref500.json,0.5,14,conv3,1,3,0.9999984502792358,0.9995824694633484,500
cka_feddst,cifar10,0.7,13,results/logs/cka_strength_sweep/cifar10/strength_0p5/seed_13/splits/cifar10_split_seed13_clients5_alpha0p3_ref500.json,0.5,14,conv3,1,4,0.999886691570282,0.9995824694633484,500
cka_feddst,cifar10,0.7,13,results/logs/cka_strength_sweep/cifar10/strength_0p5/seed_13/splits/cifar10_split_seed13_clients5_alpha0p3_ref500.json,0.5,14,conv3,2,0,0.9989297389984131,0.9995824694633484,500
cka_feddst,cifar10,0.7,13,results/logs/cka_strength_sweep/cifar10/strength_0p5/seed_13/splits/cifar10_split_seed13_clients5_alpha0p3_ref500.json,0.5,14,conv3,2,1,0.9999415874481201,0.9995824694633484,500
cka_feddst,cifar10,0.7,13,results/logs/cka_strength_sweep/cifar10/strength_0p5/seed_13/splits/cifar10_split_seed13_clients5_alpha0p3_ref500.json,0.5,14,conv3,2,2,1.0,0.9995824694633484,500
cka_feddst,cifar10,0.7,13,results/logs/cka_strength_sweep/cifar10/strength_0p5/seed_13/splits/cifar10_split_seed13_clients5_alpha0p3_ref500.json,0.5,14,conv3,2,3,0.9999244809150696,0.9995824694633484,500
cka_feddst,cifar10,0.7,13,results/logs/cka_strength_sweep/cifar10/strength_0p5/seed_13/splits/cifar10_split_seed13_clients5_alpha0p3_ref500.json,0.5,14,conv3,2,4,0.9999856948852539,0.9995824694633484,500
cka_feddst,cifar10,0.7,13,results/logs/cka_strength_sweep/cifar10/strength_0p5/seed_13/splits/cifar10_split_seed13_clients5_alpha0p3_ref500.json,0.5,14,conv3,3,0,0.9993371367454529,0.9995824694633484,500
cka_feddst,cifar10,0.7,13,results/logs/cka_strength_sweep/cifar10/strength_0p5/seed_13/splits/cifar10_split_seed13_clients5_alpha0p3_ref500.json,0.5,14,conv3,3,1,0.9999984502792358,0.9995824694633484,500
cka_feddst,cifar10,0.7,13,results/logs/cka_strength_sweep/cifar10/strength_0p5/seed_13/splits/cifar10_split_seed13_clients5_alpha0p3_ref500.json,0.5,14,conv3,3,2,0.9999244809150696,0.9995824694633484,500
cka_feddst,cifar10,0.7,13,results/logs/cka_strength_sweep/cifar10/strength_0p5/seed_13/splits/cifar10_split_seed13_clients5_alpha0p3_ref500.json,0.5,14,conv3,3,3,1.0,0.9995824694633484,500
cka_feddst,cifar10,0.7,13,results/logs/cka_strength_sweep/cifar10/strength_0p5/seed_13/splits/cifar10_split_seed13_clients5_alpha0p3_ref500.json,0.5,14,conv3,3,4,0.9998649954795837,0.9995824694633484,500
cka_feddst,cifar10,0.7,13,results/logs/cka_strength_sweep/cifar10/strength_0p5/seed_13/splits/cifar10_split_seed13_clients5_alpha0p3_ref500.json,0.5,14,conv3,4,0,0.9986673593521118,0.9995824694633484,500
cka_feddst,cifar10,0.7,13,results/logs/cka_strength_sweep/cifar10/strength_0p5/seed_13/splits/cifar10_split_seed13_clients5_alpha0p3_ref500.json,0.5,14,conv3,4,1,0.999886691570282,0.9995824694633484,500
cka_feddst,cifar10,0.7,13,results/logs/cka_strength_sweep/cifar10/strength_0p5/seed_13/splits/cifar10_split_seed13_clients5_alpha0p3_ref500.json,0.5,14,conv3,4,2,0.9999856948852539,0.9995824694633484,500
cka_feddst,cifar10,0.7,13,results/logs/cka_strength_sweep/cifar10/strength_0p5/seed_13/splits/cifar10_split_seed13_clients5_alpha0p3_ref500.json,0.5,14,conv3,4,3,0.9998649954795837,0.9995824694633484,500
cka_feddst,cifar10,0.7,13,results/logs/cka_strength_sweep/cifar10/strength_0p5/seed_13/splits/cifar10_split_seed13_clients5_alpha0p3_ref500.json,0.5,14,conv3,4,4,1.0,0.9995824694633484,500
cka_feddst,cifar10,0.7,13,results/logs/cka_strength_sweep/cifar10/strength_0p5/seed_13/splits/cifar10_split_seed13_clients5_alpha0p3_ref500.json,0.5,14,fc1,0,0,1.0,0.9814489483833313,500
cka_feddst,cifar10,0.7,13,results/logs/cka_strength_sweep/cifar10/strength_0p5/seed_13/splits/cifar10_split_seed13_clients5_alpha0p3_ref500.json,0.5,14,fc1,0,1,0.98549485206604,0.9814489483833313,500
cka_feddst,cifar10,0.7,13,results/logs/cka_strength_sweep/cifar10/strength_0p5/seed_13/splits/cifar10_split_seed13_clients5_alpha0p3_ref500.json,0.5,14,fc1,0,2,0.9725215435028076,0.9814489483833313,500
cka_feddst,cifar10,0.7,13,results/logs/cka_strength_sweep/cifar10/strength_0p5/seed_13/splits/cifar10_split_seed13_clients5_alpha0p3_ref500.json,0.5,14,fc1,0,3,0.9790877103805542,0.9814489483833313,500
cka_feddst,cifar10,0.7,13,results/logs/cka_strength_sweep/cifar10/strength_0p5/seed_13/splits/cifar10_split_seed13_clients5_alpha0p3_ref500.json,0.5,14,fc1,0,4,0.9834667444229126,0.9814489483833313,500
cka_feddst,cifar10,0.7,13,results/logs/cka_strength_sweep/cifar10/strength_0p5/seed_13/splits/cifar10_split_seed13_clients5_alpha0p3_ref500.json,0.5,14,fc1,1,0,0.98549485206604,0.9814489483833313,500
cka_feddst,cifar10,0.7,13,results/logs/cka_strength_sweep/cifar10/strength_0p5/seed_13/splits/cifar10_split_seed13_clients5_alpha0p3_ref500.json,0.5,14,fc1,1,1,1.0,0.9814489483833313,500
cka_feddst,cifar10,0.7,13,results/logs/cka_strength_sweep/cifar10/strength_0p5/seed_13/splits/cifar10_split_seed13_clients5_alpha0p3_ref500.json,0.5,14,fc1,1,2,0.977910578250885,0.9814489483833313,500
cka_feddst,cifar10,0.7,13,results/logs/cka_strength_sweep/cifar10/strength_0p5/seed_13/splits/cifar10_split_seed13_clients5_alpha0p3_ref500.json,0.5,14,fc1,1,3,0.9971132874488831,0.9814489483833313,500
cka_feddst,cifar10,0.7,13,results/logs/cka_strength_sweep/cifar10/strength_0p5/seed_13/splits/cifar10_split_seed13_clients5_alpha0p3_ref500.json,0.5,14,fc1,1,4,0.9917834401130676,0.9814489483833313,500
cka_feddst,cifar10,0.7,13,results/logs/cka_strength_sweep/cifar10/strength_0p5/seed_13/splits/cifar10_split_seed13_clients5_alpha0p3_ref500.json,0.5,14,fc1,2,0,0.9725215435028076,0.9814489483833313,500
cka_feddst,cifar10,0.7,13,results/logs/cka_strength_sweep/cifar10/strength_0p5/seed_13/splits/cifar10_split_seed13_clients5_alpha0p3_ref500.json,0.5,14,fc1,2,1,0.977910578250885,0.9814489483833313,500
cka_feddst,cifar10,0.7,13,results/logs/cka_strength_sweep/cifar10/strength_0p5/seed_13/splits/cifar10_split_seed13_clients5_alpha0p3_ref500.json,0.5,14,fc1,2,2,1.0,0.9814489483833313,500
cka_feddst,cifar10,0.7,13,results/logs/cka_strength_sweep/cifar10/strength_0p5/seed_13/splits/cifar10_split_seed13_clients5_alpha0p3_ref500.json,0.5,14,fc1,2,3,0.9766812920570374,0.9814489483833313,500
cka_feddst,cifar10,0.7,13,results/logs/cka_strength_sweep/cifar10/strength_0p5/seed_13/splits/cifar10_split_seed13_clients5_alpha0p3_ref500.json,0.5,14,fc1,2,4,0.9576836824417114,0.9814489483833313,500
cka_feddst,cifar10,0.7,13,results/logs/cka_strength_sweep/cifar10/strength_0p5/seed_13/splits/cifar10_split_seed13_clients5_alpha0p3_ref500.json,0.5,14,fc1,3,0,0.9790877103805542,0.9814489483833313,500
cka_feddst,cifar10,0.7,13,results/logs/cka_strength_sweep/cifar10/strength_0p5/seed_13/splits/cifar10_split_seed13_clients5_alpha0p3_ref500.json,0.5,14,fc1,3,1,0.9971132874488831,0.9814489483833313,500
cka_feddst,cifar10,0.7,13,results/logs/cka_strength_sweep/cifar10/strength_0p5/seed_13/splits/cifar10_split_seed13_clients5_alpha0p3_ref500.json,0.5,14,fc1,3,2,0.9766812920570374,0.9814489483833313,500
cka_feddst,cifar10,0.7,13,results/logs/cka_strength_sweep/cifar10/strength_0p5/seed_13/splits/cifar10_split_seed13_clients5_alpha0p3_ref500.json,0.5,14,fc1,3,3,1.0,0.9814489483833313,500
cka_feddst,cifar10,0.7,13,results/logs/cka_strength_sweep/cifar10/strength_0p5/seed_13/splits/cifar10_split_seed13_clients5_alpha0p3_ref500.json,0.5,14,fc1,3,4,0.9927457571029663,0.9814489483833313,500
cka_feddst,cifar10,0.7,13,results/logs/cka_strength_sweep/cifar10/strength_0p5/seed_13/splits/cifar10_split_seed13_clients5_alpha0p3_ref500.json,0.5,14,fc1,4,0,0.9834667444229126,0.9814489483833313,500
cka_feddst,cifar10,0.7,13,results/logs/cka_strength_sweep/cifar10/strength_0p5/seed_13/splits/cifar10_split_seed13_clients5_alpha0p3_ref500.json,0.5,14,fc1,4,1,0.9917834401130676,0.9814489483833313,500
cka_feddst,cifar10,0.7,13,results/logs/cka_strength_sweep/cifar10/strength_0p5/seed_13/splits/cifar10_split_seed13_clients5_alpha0p3_ref500.json,0.5,14,fc1,4,2,0.9576836824417114,0.9814489483833313,500
cka_feddst,cifar10,0.7,13,results/logs/cka_strength_sweep/cifar10/strength_0p5/seed_13/splits/cifar10_split_seed13_clients5_alpha0p3_ref500.json,0.5,14,fc1,4,3,0.9927457571029663,0.9814489483833313,500
cka_feddst,cifar10,0.7,13,results/logs/cka_strength_sweep/cifar10/strength_0p5/seed_13/splits/cifar10_split_seed13_clients5_alpha0p3_ref500.json,0.5,14,fc1,4,4,1.0,0.9814489483833313,500
cka_feddst,cifar10,0.7,13,results/logs/cka_strength_sweep/cifar10/strength_0p5/seed_13/splits/cifar10_split_seed13_clients5_alpha0p3_ref500.json,0.5,16,conv1,0,0,1.0,0.999946117401123,500
cka_feddst,cifar10,0.7,13,results/logs/cka_strength_sweep/cifar10/strength_0p5/seed_13/splits/cifar10_split_seed13_clients5_alpha0p3_ref500.json,0.5,16,conv1,0,1,0.9999153017997742,0.999946117401123,500
cka_feddst,cifar10,0.7,13,results/logs/cka_strength_sweep/cifar10/strength_0p5/seed_13/splits/cifar10_split_seed13_clients5_alpha0p3_ref500.json,0.5,16,conv1,0,2,0.9998236298561096,0.999946117401123,500
cka_feddst,cifar10,0.7,13,results/logs/cka_strength_sweep/cifar10/strength_0p5/seed_13/splits/cifar10_split_seed13_clients5_alpha0p3_ref500.json,0.5,16,conv1,0,3,0.9998987317085266,0.999946117401123,500
cka_feddst,cifar10,0.7,13,results/logs/cka_strength_sweep/cifar10/strength_0p5/seed_13/splits/cifar10_split_seed13_clients5_alpha0p3_ref500.json,0.5,16,conv1,0,4,0.9998536705970764,0.999946117401123,500
cka_feddst,cifar10,0.7,13,results/logs/cka_strength_sweep/cifar10/strength_0p5/seed_13/splits/cifar10_split_seed13_clients5_alpha0p3_ref500.json,0.5,16,conv1,1,0,0.9999153017997742,0.999946117401123,500
cka_feddst,cifar10,0.7,13,results/logs/cka_strength_sweep/cifar10/strength_0p5/seed_13/splits/cifar10_split_seed13_clients5_alpha0p3_ref500.json,0.5,16,conv1,1,1,1.0,0.999946117401123,500
cka_feddst,cifar10,0.7,13,results/logs/cka_strength_sweep/cifar10/strength_0p5/seed_13/splits/cifar10_split_seed13_clients5_alpha0p3_ref500.json,0.5,16,conv1,1,2,0.9999849796295166,0.999946117401123,500
cka_feddst,cifar10,0.7,13,results/logs/cka_strength_sweep/cifar10/strength_0p5/seed_13/splits/cifar10_split_seed13_clients5_alpha0p3_ref500.json,0.5,16,conv1,1,3,1.0,0.999946117401123,500
cka_feddst,cifar10,0.7,13,results/logs/cka_strength_sweep/cifar10/strength_0p5/seed_13/splits/cifar10_split_seed13_clients5_alpha0p3_ref500.json,0.5,16,conv1,1,4,0.9999932646751404,0.999946117401123,500
cka_feddst,cifar10,0.7,13,results/logs/cka_strength_sweep/cifar10/strength_0p5/seed_13/splits/cifar10_split_seed13_clients5_alpha0p3_ref500.json,0.5,16,conv1,2,0,0.9998236298561096,0.999946117401123,500
cka_feddst,cifar10,0.7,13,results/logs/cka_strength_sweep/cifar10/strength_0p5/seed_13/splits/cifar10_split_seed13_clients5_alpha0p3_ref500.json,0.5,16,conv1,2,1,0.9999849796295166,0.999946117401123,500
cka_feddst,cifar10,0.7,13,results/logs/cka_strength_sweep/cifar10/strength_0p5/seed_13/splits/cifar10_split_seed13_clients5_alpha0p3_ref500.json,0.5,16,conv1,2,2,1.0,0.999946117401123,500
cka_feddst,cifar10,0.7,13,results/logs/cka_strength_sweep/cifar10/strength_0p5/seed_13/splits/cifar10_split_seed13_clients5_alpha0p3_ref500.json,0.5,16,conv1,2,3,0.9999927878379822,0.999946117401123,500
cka_feddst,cifar10,0.7,13,results/logs/cka_strength_sweep/cifar10/strength_0p5/seed_13/splits/cifar10_split_seed13_clients5_alpha0p3_ref500.json,0.5,16,conv1,2,4,1.0,0.999946117401123,500
cka_feddst,cifar10,0.7,13,results/logs/cka_strength_sweep/cifar10/strength_0p5/seed_13/splits/cifar10_split_seed13_clients5_alpha0p3_ref500.json,0.5,16,conv1,3,0,0.9998987317085266,0.999946117401123,500
cka_feddst,cifar10,0.7,13,results/logs/cka_strength_sweep/cifar10/strength_0p5/seed_13/splits/cifar10_split_seed13_clients5_alpha0p3_ref500.json,0.5,16,conv1,3,1,1.0,0.999946117401123,500
cka_feddst,cifar10,0.7,13,results/logs/cka_strength_sweep/cifar10/strength_0p5/seed_13/splits/cifar10_split_seed13_clients5_alpha0p3_ref500.json,0.5,16,conv1,3,2,0.9999927878379822,0.999946117401123,500
cka_feddst,cifar10,0.7,13,results/logs/cka_strength_sweep/cifar10/strength_0p5/seed_13/splits/cifar10_split_seed13_clients5_alpha0p3_ref500.json,0.5,16,conv1,3,3,1.0,0.999946117401123,500
cka_feddst,cifar10,0.7,13,results/logs/cka_strength_sweep/cifar10/strength_0p5/seed_13/splits/cifar10_split_seed13_clients5_alpha0p3_ref500.json,0.5,16,conv1,3,4,0.999998927116394,0.999946117401123,500
cka_feddst,cifar10,0.7,13,results/logs/cka_strength_sweep/cifar10/strength_0p5/seed_13/splits/cifar10_split_seed13_clients5_alpha0p3_ref500.json,0.5,16,conv1,4,0,0.9998536705970764,0.999946117401123,500
cka_feddst,cifar10,0.7,13,results/logs/cka_strength_sweep/cifar10/strength_0p5/seed_13/splits/cifar10_split_seed13_clients5_alpha0p3_ref500.json,0.5,16,conv1,4,1,0.9999932646751404,0.999946117401123,500
cka_feddst,cifar10,0.7,13,results/logs/cka_strength_sweep/cifar10/strength_0p5/seed_13/splits/cifar10_split_seed13_clients5_alpha0p3_ref500.json,0.5,16,conv1,4,2,1.0,0.999946117401123,500
cka_feddst,cifar10,0.7,13,results/logs/cka_strength_sweep/cifar10/strength_0p5/seed_13/splits/cifar10_split_seed13_clients5_alpha0p3_ref500.json,0.5,16,conv1,4,3,0.999998927116394,0.999946117401123,500
cka_feddst,cifar10,0.7,13,results/logs/cka_strength_sweep/cifar10/strength_0p5/seed_13/splits/cifar10_split_seed13_clients5_alpha0p3_ref500.json,0.5,16,conv1,4,4,1.0,0.999946117401123,500
cka_feddst,cifar10,0.7,13,results/logs/cka_strength_sweep/cifar10/strength_0p5/seed_13/splits/cifar10_split_seed13_clients5_alpha0p3_ref500.json,0.5,16,conv2,0,0,1.0,0.9991520047187805,500
cka_feddst,cifar10,0.7,13,results/logs/cka_strength_sweep/cifar10/strength_0p5/seed_13/splits/cifar10_split_seed13_clients5_alpha0p3_ref500.json,0.5,16,conv2,0,1,0.998319685459137,0.9991520047187805,500
cka_feddst,cifar10,0.7,13,results/logs/cka_strength_sweep/cifar10/strength_0p5/seed_13/splits/cifar10_split_seed13_clients5_alpha0p3_ref500.json,0.5,16,conv2,0,2,0.9978026747703552,0.9991520047187805,500
cka_feddst,cifar10,0.7,13,results/logs/cka_strength_sweep/cifar10/strength_0p5/seed_13/splits/cifar10_split_seed13_clients5_alpha0p3_ref500.json,0.5,16,conv2,0,3,0.9986873865127563,0.9991520047187805,500
cka_feddst,cifar10,0.7,13,results/logs/cka_strength_sweep/cifar10/strength_0p5/seed_13/splits/cifar10_split_seed13_clients5_alpha0p3_ref500.json,0.5,16,conv2,0,4,0.9973301887512207,0.9991520047187805,500
cka_feddst,cifar10,0.7,13,results/logs/cka_strength_sweep/cifar10/strength_0p5/seed_13/splits/cifar10_split_seed13_clients5_alpha0p3_ref500.json,0.5,16,conv2,1,0,0.998319685459137,0.9991520047187805,500
cka_feddst,cifar10,0.7,13,results/logs/cka_strength_sweep/cifar10/strength_0p5/seed_13/splits/cifar10_split_seed13_clients5_alpha0p3_ref500.json,0.5,16,conv2,1,1,1.0,0.9991520047187805,500
cka_feddst,cifar10,0.7,13,results/logs/cka_strength_sweep/cifar10/strength_0p5/seed_13/splits/cifar10_split_seed13_clients5_alpha0p3_ref500.json,0.5,16,conv2,1,2,0.9999359846115112,0.9991520047187805,500
cka_feddst,cifar10,0.7,13,results/logs/cka_strength_sweep/cifar10/strength_0p5/seed_13/splits/cifar10_split_seed13_clients5_alpha0p3_ref500.json,0.5,16,conv2,1,3,0.9999577403068542,0.9991520047187805,500
cka_feddst,cifar10,0.7,13,results/logs/cka_strength_sweep/cifar10/strength_0p5/seed_13/splits/cifar10_split_seed13_clients5_alpha0p3_ref500.json,0.5,16,conv2,1,4,0.9998751282691956,0.9991520047187805,500
cka_feddst,cifar10,0.7,13,results/logs/cka_strength_sweep/cifar10/strength_0p5/seed_13/splits/cifar10_split_seed13_clients5_alpha0p3_ref500.json,0.5,16,conv2,2,0,0.9978026747703552,0.9991520047187805,500
cka_feddst,cifar10,0.7,13,results/logs/cka_strength_sweep/cifar10/strength_0p5/seed_13/splits/cifar10_split_seed13_clients5_alpha0p3_ref500.json,0.5,16,conv2,2,1,0.9999359846115112,0.9991520047187805,500
cka_feddst,cifar10,0.7,13,results/logs/cka_strength_sweep/cifar10/strength_0p5/seed_13/splits/cifar10_split_seed13_clients5_alpha0p3_ref500.json,0.5,16,conv2,2,2,1.0,0.9991520047187805,500
cka_feddst,cifar10,0.7,13,results/logs/cka_strength_sweep/cifar10/strength_0p5/seed_13/splits/cifar10_split_seed13_clients5_alpha0p3_ref500.json,0.5,16,conv2,2,3,0.9998879432678223,0.9991520047187805,500
cka_feddst,cifar10,0.7,13,results/logs/cka_strength_sweep/cifar10/strength_0p5/seed_13/splits/cifar10_split_seed13_clients5_alpha0p3_ref500.json,0.5,16,conv2,2,4,0.9999700784683228,0.9991520047187805,500
cka_feddst,cifar10,0.7,13,results/logs/cka_strength_sweep/cifar10/strength_0p5/seed_13/splits/cifar10_split_seed13_clients5_alpha0p3_ref500.json,0.5,16,conv2,3,0,0.9986873865127563,0.9991520047187805,500
cka_feddst,cifar10,0.7,13,results/logs/cka_strength_sweep/cifar10/strength_0p5/seed_13/splits/cifar10_split_seed13_clients5_alpha0p3_ref500.json,0.5,16,conv2,3,1,0.9999577403068542,0.9991520047187805,500
cka_feddst,cifar10,0.7,13,results/logs/cka_strength_sweep/cifar10/strength_0p5/seed_13/splits/cifar10_split_seed13_clients5_alpha0p3_ref500.json,0.5,16,conv2,3,2,0.9998879432678223,0.9991520047187805,500
cka_feddst,cifar10,0.7,13,results/logs/cka_strength_sweep/cifar10/strength_0p5/seed_13/splits/cifar10_split_seed13_clients5_alpha0p3_ref500.json,0.5,16,conv2,3,3,1.0,0.9991520047187805,500
cka_feddst,cifar10,0.7,13,results/logs/cka_strength_sweep/cifar10/strength_0p5/seed_13/splits/cifar10_split_seed13_clients5_alpha0p3_ref500.json,0.5,16,conv2,3,4,0.9997538328170776,0.9991520047187805,500
cka_feddst,cifar10,0.7,13,results/logs/cka_strength_sweep/cifar10/strength_0p5/seed_13/splits/cifar10_split_seed13_clients5_alpha0p3_ref500.json,0.5,16,conv2,4,0,0.9973301887512207,0.9991520047187805,500
cka_feddst,cifar10,0.7,13,results/logs/cka_strength_sweep/cifar10/strength_0p5/seed_13/splits/cifar10_split_seed13_clients5_alpha0p3_ref500.json,0.5,16,conv2,4,1,0.9998751282691956,0.9991520047187805,500
cka_feddst,cifar10,0.7,13,results/logs/cka_strength_sweep/cifar10/strength_0p5/seed_13/splits/cifar10_split_seed13_clients5_alpha0p3_ref500.json,0.5,16,conv2,4,2,0.9999700784683228,0.9991520047187805,500
cka_feddst,cifar10,0.7,13,results/logs/cka_strength_sweep/cifar10/strength_0p5/seed_13/splits/cifar10_split_seed13_clients5_alpha0p3_ref500.json,0.5,16,conv2,4,3,0.9997538328170776,0.9991520047187805,500
cka_feddst,cifar10,0.7,13,results/logs/cka_strength_sweep/cifar10/strength_0p5/seed_13/splits/cifar10_split_seed13_clients5_alpha0p3_ref500.json,0.5,16,conv2,4,4,1.0,0.9991520047187805,500
cka_feddst,cifar10,0.7,13,results/logs/cka_strength_sweep/cifar10/strength_0p5/seed_13/splits/cifar10_split_seed13_clients5_alpha0p3_ref500.json,0.5,16,conv3,0,0,1.0,0.9986740946769714,500
cka_feddst,cifar10,0.7,13,results/logs/cka_strength_sweep/cifar10/strength_0p5/seed_13/splits/cifar10_split_seed13_clients5_alpha0p3_ref500.json,0.5,16,conv3,0,1,0.9973723292350769,0.9986740946769714,500
cka_feddst,cifar10,0.7,13,results/logs/cka_strength_sweep/cifar10/strength_0p5/seed_13/splits/cifar10_split_seed13_clients5_alpha0p3_ref500.json,0.5,16,conv3,0,2,0.9967820644378662,0.9986740946769714,500
cka_feddst,cifar10,0.7,13,results/logs/cka_strength_sweep/cifar10/strength_0p5/seed_13/splits/cifar10_split_seed13_clients5_alpha0p3_ref500.json,0.5,16,conv3,0,3,0.9980292320251465,0.9986740946769714,500
cka_feddst,cifar10,0.7,13,results/logs/cka_strength_sweep/cifar10/strength_0p5/seed_13/splits/cifar10_split_seed13_clients5_alpha0p3_ref500.json,0.5,16,conv3,0,4,0.9957895278930664,0.9986740946769714,500
cka_feddst,cifar10,0.7,13,results/logs/cka_strength_sweep/cifar10/strength_0p5/seed_13/splits/cifar10_split_seed13_clients5_alpha0p3_ref500.json,0.5,16,conv3,1,0,0.9973723292350769,0.9986740946769714,500
cka_feddst,cifar10,0.7,13,results/logs/cka_strength_sweep/cifar10/strength_0p5/seed_13/splits/cifar10_split_seed13_clients5_alpha0p3_ref500.json,0.5,16,conv3,1,1,1.0,0.9986740946769714,500
cka_feddst,cifar10,0.7,13,results/logs/cka_strength_sweep/cifar10/strength_0p5/seed_13/splits/cifar10_split_seed13_clients5_alpha0p3_ref500.json,0.5,16,conv3,1,2,0.9998654723167419,0.9986740946769714,500
cka_feddst,cifar10,0.7,13,results/logs/cka_strength_sweep/cifar10/strength_0p5/seed_13/splits/cifar10_split_seed13_clients5_alpha0p3_ref500.json,0.5,16,conv3,1,3,0.9999282956123352,0.9986740946769714,500
cka_feddst,cifar10,0.7,13,results/logs/cka_strength_sweep/cifar10/strength_0p5/seed_13/splits/cifar10_split_seed13_clients5_alpha0p3_ref500.json,0.5,16,conv3,1,4,0.999740719795227,0.9986740946769714,500
cka_feddst,cifar10,0.7,13,results/logs/cka_strength_sweep/cifar10/strength_0p5/seed_13/splits/cifar10_split_seed13_clients5_alpha0p3_ref500.json,0.5,16,conv3,2,0,0.9967820644378662,0.9986740946769714,500
cka_feddst,cifar10,0.7,13,results/logs/cka_strength_sweep/cifar10/strength_0p5/seed_13/splits/cifar10_split_seed13_clients5_alpha0p3_ref500.json,0.5,16,conv3,2,1,0.9998654723167419,0.9986740946769714,500
cka_feddst,cifar10,0.7,13,results/logs/cka_strength_sweep/cifar10/strength_0p5/seed_13/splits/cifar10_split_seed13_clients5_alpha0p3_ref500.json,0.5,16,conv3,2,2,1.0,0.9986740946769714,500
cka_feddst,cifar10,0.7,13,results/logs/cka_strength_sweep/cifar10/strength_0p5/seed_13/splits/cifar10_split_seed13_clients5_alpha0p3_ref500.json,0.5,16,conv3,2,3,0.9997937083244324,0.9986740946769714,500
cka_feddst,cifar10,0.7,13,results/logs/cka_strength_sweep/cifar10/strength_0p5/seed_13/splits/cifar10_split_seed13_clients5_alpha0p3_ref500.json,0.5,16,conv3,2,4,0.999920129776001,0.9986740946769714,500
cka_feddst,cifar10,0.7,13,results/logs/cka_strength_sweep/cifar10/strength_0p5/seed_13/splits/cifar10_split_seed13_clients5_alpha0p3_ref500.json,0.5,16,conv3,3,0,0.9980292320251465,0.9986740946769714,500
cka_feddst,cifar10,0.7,13,results/logs/cka_strength_sweep/cifar10/strength_0p5/seed_13/splits/cifar10_split_seed13_clients5_alpha0p3_ref500.json,0.5,16,conv3,3,1,0.9999282956123352,0.9986740946769714,500
cka_feddst,cifar10,0.7,13,results/logs/cka_strength_sweep/cifar10/strength_0p5/seed_13/splits/cifar10_split_seed13_clients5_alpha0p3_ref500.json,0.5,16,conv3,3,2,0.9997937083244324,0.9986740946769714,500
cka_feddst,cifar10,0.7,13,results/logs/cka_strength_sweep/cifar10/strength_0p5/seed_13/splits/cifar10_split_seed13_clients5_alpha0p3_ref500.json,0.5,16,conv3,3,3,1.0,0.9986740946769714,500
cka_feddst,cifar10,0.7,13,results/logs/cka_strength_sweep/cifar10/strength_0p5/seed_13/splits/cifar10_split_seed13_clients5_alpha0p3_ref500.json,0.5,16,conv3,3,4,0.9995190501213074,0.9986740946769714,500
cka_feddst,cifar10,0.7,13,results/logs/cka_strength_sweep/cifar10/strength_0p5/seed_13/splits/cifar10_split_seed13_clients5_alpha0p3_ref500.json,0.5,16,conv3,4,0,0.9957895278930664,0.9986740946769714,500
cka_feddst,cifar10,0.7,13,results/logs/cka_strength_sweep/cifar10/strength_0p5/seed_13/splits/cifar10_split_seed13_clients5_alpha0p3_ref500.json,0.5,16,conv3,4,1,0.999740719795227,0.9986740946769714,500
cka_feddst,cifar10,0.7,13,results/logs/cka_strength_sweep/cifar10/strength_0p5/seed_13/splits/cifar10_split_seed13_clients5_alpha0p3_ref500.json,0.5,16,conv3,4,2,0.999920129776001,0.9986740946769714,500
cka_feddst,cifar10,0.7,13,results/logs/cka_strength_sweep/cifar10/strength_0p5/seed_13/splits/cifar10_split_seed13_clients5_alpha0p3_ref500.json,0.5,16,conv3,4,3,0.9995190501213074,0.9986740946769714,500
cka_feddst,cifar10,0.7,13,results/logs/cka_strength_sweep/cifar10/strength_0p5/seed_13/splits/cifar10_split_seed13_clients5_alpha0p3_ref500.json,0.5,16,conv3,4,4,1.0,0.9986740946769714,500
cka_feddst,cifar10,0.7,13,results/logs/cka_strength_sweep/cifar10/strength_0p5/seed_13/splits/cifar10_split_seed13_clients5_alpha0p3_ref500.json,0.5,16,fc1,0,0,1.0,0.9713619947433472,500
cka_feddst,cifar10,0.7,13,results/logs/cka_strength_sweep/cifar10/strength_0p5/seed_13/splits/cifar10_split_seed13_clients5_alpha0p3_ref500.json,0.5,16,fc1,0,1,0.9679527282714844,0.9713619947433472,500
cka_feddst,cifar10,0.7,13,results/logs/cka_strength_sweep/cifar10/strength_0p5/seed_13/splits/cifar10_split_seed13_clients5_alpha0p3_ref500.json,0.5,16,fc1,0,2,0.9700299501419067,0.9713619947433472,500
cka_feddst,cifar10,0.7,13,results/logs/cka_strength_sweep/cifar10/strength_0p5/seed_13/splits/cifar10_split_seed13_clients5_alpha0p3_ref500.json,0.5,16,fc1,0,3,0.9593124389648438,0.9713619947433472,500
cka_feddst,cifar10,0.7,13,results/logs/cka_strength_sweep/cifar10/strength_0p5/seed_13/splits/cifar10_split_seed13_clients5_alpha0p3_ref500.json,0.5,16,fc1,0,4,0.9687287211418152,0.9713619947433472,500
cka_feddst,cifar10,0.7,13,results/logs/cka_strength_sweep/cifar10/strength_0p5/seed_13/splits/cifar10_split_seed13_clients5_alpha0p3_ref500.json,0.5,16,fc1,1,0,0.9679527282714844,0.9713619947433472,500
cka_feddst,cifar10,0.7,13,results/logs/cka_strength_sweep/cifar10/strength_0p5/seed_13/splits/cifar10_split_seed13_clients5_alpha0p3_ref500.json,0.5,16,fc1,1,1,1.0,0.9713619947433472,500
cka_feddst,cifar10,0.7,13,results/logs/cka_strength_sweep/cifar10/strength_0p5/seed_13/splits/cifar10_split_seed13_clients5_alpha0p3_ref500.json,0.5,16,fc1,1,2,0.9765873551368713,0.9713619947433472,500
cka_feddst,cifar10,0.7,13,results/logs/cka_strength_sweep/cifar10/strength_0p5/seed_13/splits/cifar10_split_seed13_clients5_alpha0p3_ref500.json,0.5,16,fc1,1,3,0.9909464716911316,0.9713619947433472,500
cka_feddst,cifar10,0.7,13,results/logs/cka_strength_sweep/cifar10/strength_0p5/seed_13/splits/cifar10_split_seed13_clients5_alpha0p3_ref500.json,0.5,16,fc1,1,4,0.9776079058647156,0.9713619947433472,500
cka_feddst,cifar10,0.7,13,results/logs/cka_strength_sweep/cifar10/strength_0p5/seed_13/splits/cifar10_split_seed13_clients5_alpha0p3_ref500.json,0.5,16,fc1,2,0,0.9700299501419067,0.9713619947433472,500
cka_feddst,cifar10,0.7,13,results/logs/cka_strength_sweep/cifar10/strength_0p5/seed_13/splits/cifar10_split_seed13_clients5_alpha0p3_ref500.json,0.5,16,fc1,2,1,0.9765873551368713,0.9713619947433472,500
cka_feddst,cifar10,0.7,13,results/logs/cka_strength_sweep/cifar10/strength_0p5/seed_13/splits/cifar10_split_seed13_clients5_alpha0p3_ref500.json,0.5,16,fc1,2,2,1.0,0.9713619947433472,500
cka_feddst,cifar10,0.7,13,results/logs/cka_strength_sweep/cifar10/strength_0p5/seed_13/splits/cifar10_split_seed13_clients5_alpha0p3_ref500.json,0.5,16,fc1,2,3,0.9685490131378174,0.9713619947433472,500
cka_feddst,cifar10,0.7,13,results/logs/cka_strength_sweep/cifar10/strength_0p5/seed_13/splits/cifar10_split_seed13_clients5_alpha0p3_ref500.json,0.5,16,fc1,2,4,0.9476104378700256,0.9713619947433472,500
cka_feddst,cifar10,0.7,13,results/logs/cka_strength_sweep/cifar10/strength_0p5/seed_13/splits/cifar10_split_seed13_clients5_alpha0p3_ref500.json,0.5,16,fc1,3,0,0.9593124389648438,0.9713619947433472,500
cka_feddst,cifar10,0.7,13,results/logs/cka_strength_sweep/cifar10/strength_0p5/seed_13/splits/cifar10_split_seed13_clients5_alpha0p3_ref500.json,0.5,16,fc1,3,1,0.9909464716911316,0.9713619947433472,500
cka_feddst,cifar10,0.7,13,results/logs/cka_strength_sweep/cifar10/strength_0p5/seed_13/splits/cifar10_split_seed13_clients5_alpha0p3_ref500.json,0.5,16,fc1,3,2,0.9685490131378174,0.9713619947433472,500
cka_feddst,cifar10,0.7,13,results/logs/cka_strength_sweep/cifar10/strength_0p5/seed_13/splits/cifar10_split_seed13_clients5_alpha0p3_ref500.json,0.5,16,fc1,3,3,1.0,0.9713619947433472,500
cka_feddst,cifar10,0.7,13,results/logs/cka_strength_sweep/cifar10/strength_0p5/seed_13/splits/cifar10_split_seed13_clients5_alpha0p3_ref500.json,0.5,16,fc1,3,4,0.9862954616546631,0.9713619947433472,500
cka_feddst,cifar10,0.7,13,results/logs/cka_strength_sweep/cifar10/strength_0p5/seed_13/splits/cifar10_split_seed13_clients5_alpha0p3_ref500.json,0.5,16,fc1,4,0,0.9687287211418152,0.9713619947433472,500
cka_feddst,cifar10,0.7,13,results/logs/cka_strength_sweep/cifar10/strength_0p5/seed_13/splits/cifar10_split_seed13_clients5_alpha0p3_ref500.json,0.5,16,fc1,4,1,0.9776079058647156,0.9713619947433472,500
cka_feddst,cifar10,0.7,13,results/logs/cka_strength_sweep/cifar10/strength_0p5/seed_13/splits/cifar10_split_seed13_clients5_alpha0p3_ref500.json,0.5,16,fc1,4,2,0.9476104378700256,0.9713619947433472,500
cka_feddst,cifar10,0.7,13,results/logs/cka_strength_sweep/cifar10/strength_0p5/seed_13/splits/cifar10_split_seed13_clients5_alpha0p3_ref500.json,0.5,16,fc1,4,3,0.9862954616546631,0.9713619947433472,500
cka_feddst,cifar10,0.7,13,results/logs/cka_strength_sweep/cifar10/strength_0p5/seed_13/splits/cifar10_split_seed13_clients5_alpha0p3_ref500.json,0.5,16,fc1,4,4,1.0,0.9713619947433472,500
cka_feddst,cifar10,0.7,13,results/logs/cka_strength_sweep/cifar10/strength_0p5/seed_13/splits/cifar10_split_seed13_clients5_alpha0p3_ref500.json,0.5,18,conv1,0,0,1.0,0.9999399185180664,500
cka_feddst,cifar10,0.7,13,results/logs/cka_strength_sweep/cifar10/strength_0p5/seed_13/splits/cifar10_split_seed13_clients5_alpha0p3_ref500.json,0.5,18,conv1,0,1,0.9998859763145447,0.9999399185180664,500
cka_feddst,cifar10,0.7,13,results/logs/cka_strength_sweep/cifar10/strength_0p5/seed_13/splits/cifar10_split_seed13_clients5_alpha0p3_ref500.json,0.5,18,conv1,0,2,0.999790370464325,0.9999399185180664,500
cka_feddst,cifar10,0.7,13,results/logs/cka_strength_sweep/cifar10/strength_0p5/seed_13/splits/cifar10_split_seed13_clients5_alpha0p3_ref500.json,0.5,18,conv1,0,3,0.9998805522918701,0.9999399185180664,500
cka_feddst,cifar10,0.7,13,results/logs/cka_strength_sweep/cifar10/strength_0p5/seed_13/splits/cifar10_split_seed13_clients5_alpha0p3_ref500.json,0.5,18,conv1,0,4,0.9998767375946045,0.9999399185180664,500
cka_feddst,cifar10,0.7,13,results/logs/cka_strength_sweep/cifar10/strength_0p5/seed_13/splits/cifar10_split_seed13_clients5_alpha0p3_ref500.json,0.5,18,conv1,1,0,0.9998859763145447,0.9999399185180664,500
cka_feddst,cifar10,0.7,13,results/logs/cka_strength_sweep/cifar10/strength_0p5/seed_13/splits/cifar10_split_seed13_clients5_alpha0p3_ref500.json,0.5,18,conv1,1,1,1.0,0.9999399185180664,500
cka_feddst,cifar10,0.7,13,results/logs/cka_strength_sweep/cifar10/strength_0p5/seed_13/splits/cifar10_split_seed13_clients5_alpha0p3_ref500.json,0.5,18,conv1,1,2,0.9999871253967285,0.9999399185180664,500
cka_feddst,cifar10,0.7,13,results/logs/cka_strength_sweep/cifar10/strength_0p5/seed_13/splits/cifar10_split_seed13_clients5_alpha0p3_ref500.json,0.5,18,conv1,1,3,1.0,0.9999399185180664,500
cka_feddst,cifar10,0.7,13,results/logs/cka_strength_sweep/cifar10/strength_0p5/seed_13/splits/cifar10_split_seed13_clients5_alpha0p3_ref500.json,0.5,18,conv1,1,4,1.0,0.9999399185180664,500
cka_feddst,cifar10,0.7,13,results/logs/cka_strength_sweep/cifar10/strength_0p5/seed_13/splits/cifar10_split_seed13_clients5_alpha0p3_ref500.json,0.5,18,conv1,2,0,0.999790370464325,0.9999399185180664,500
cka_feddst,cifar10,0.7,13,results/logs/cka_strength_sweep/cifar10/strength_0p5/seed_13/splits/cifar10_split_seed13_clients5_alpha0p3_ref500.json,0.5,18,conv1,2,1,0.9999871253967285,0.9999399185180664,500
cka_feddst,cifar10,0.7,13,results/logs/cka_strength_sweep/cifar10/strength_0p5/seed_13/splits/cifar10_split_seed13_clients5_alpha0p3_ref500.json,0.5,18,conv1,2,2,1.0,0.9999399185180664,500
cka_feddst,cifar10,0.7,13,results/logs/cka_strength_sweep/cifar10/strength_0p5/seed_13/splits/cifar10_split_seed13_clients5_alpha0p3_ref500.json,0.5,18,conv1,2,3,0.9999902248382568,0.9999399185180664,500
cka_feddst,cifar10,0.7,13,results/logs/cka_strength_sweep/cifar10/strength_0p5/seed_13/splits/cifar10_split_seed13_clients5_alpha0p3_ref500.json,0.5,18,conv1,2,4,0.9999880790710449,0.9999399185180664,500
cka_feddst,cifar10,0.7,13,results/logs/cka_strength_sweep/cifar10/strength_0p5/seed_13/splits/cifar10_split_seed13_clients5_alpha0p3_ref500.json,0.5,18,conv1,3,0,0.9998805522918701,0.9999399185180664,500
cka_feddst,cifar10,0.7,13,results/logs/cka_strength_sweep/cifar10/strength_0p5/seed_13/splits/cifar10_split_seed13_clients5_alpha0p3_ref500.json,0.5,18,conv1,3,1,1.0,0.9999399185180664,500
cka_feddst,cifar10,0.7,13,results/logs/cka_strength_sweep/cifar10/strength_0p5/seed_13/splits/cifar10_split_seed13_clients5_alpha0p3_ref500.json,0.5,18,conv1,3,2,0.9999902248382568,0.9999399185180664,500
cka_feddst,cifar10,0.7,13,results/logs/cka_strength_sweep/cifar10/strength_0p5/seed_13/splits/cifar10_split_seed13_clients5_alpha0p3_ref500.json,0.5,18,conv1,3,3,1.0,0.9999399185180664,500
cka_feddst,cifar10,0.7,13,results/logs/cka_strength_sweep/cifar10/strength_0p5/seed_13/splits/cifar10_split_seed13_clients5_alpha0p3_ref500.json,0.5,18,conv1,3,4,1.0,0.9999399185180664,500
cka_feddst,cifar10,0.7,13,results/logs/cka_strength_sweep/cifar10/strength_0p5/seed_13/splits/cifar10_split_seed13_clients5_alpha0p3_ref500.json,0.5,18,conv1,4,0,0.9998767375946045,0.9999399185180664,500
cka_feddst,cifar10,0.7,13,results/logs/cka_strength_sweep/cifar10/strength_0p5/seed_13/splits/cifar10_split_seed13_clients5_alpha0p3_ref500.json,0.5,18,conv1,4,1,1.0,0.9999399185180664,500
cka_feddst,cifar10,0.7,13,results/logs/cka_strength_sweep/cifar10/strength_0p5/seed_13/splits/cifar10_split_seed13_clients5_alpha0p3_ref500.json,0.5,18,conv1,4,2,0.9999880790710449,0.9999399185180664,500
cka_feddst,cifar10,0.7,13,results/logs/cka_strength_sweep/cifar10/strength_0p5/seed_13/splits/cifar10_split_seed13_clients5_alpha0p3_ref500.json,0.5,18,conv1,4,3,1.0,0.9999399185180664,500
cka_feddst,cifar10,0.7,13,results/logs/cka_strength_sweep/cifar10/strength_0p5/seed_13/splits/cifar10_split_seed13_clients5_alpha0p3_ref500.json,0.5,18,conv1,4,4,1.0,0.9999399185180664,500
cka_feddst,cifar10,0.7,13,results/logs/cka_strength_sweep/cifar10/strength_0p5/seed_13/splits/cifar10_split_seed13_clients5_alpha0p3_ref500.json,0.5,18,conv2,0,0,1.0,0.9989382028579712,500
cka_feddst,cifar10,0.7,13,results/logs/cka_strength_sweep/cifar10/strength_0p5/seed_13/splits/cifar10_split_seed13_clients5_alpha0p3_ref500.json,0.5,18,conv2,0,1,0.9978767037391663,0.9989382028579712,500
cka_feddst,cifar10,0.7,13,results/logs/cka_strength_sweep/cifar10/strength_0p5/seed_13/splits/cifar10_split_seed13_clients5_alpha0p3_ref500.json,0.5,18,conv2,0,2,0.9967911839485168,0.9989382028579712,500
cka_feddst,cifar10,0.7,13,results/logs/cka_strength_sweep/cifar10/strength_0p5/seed_13/splits/cifar10_split_seed13_clients5_alpha0p3_ref500.json,0.5,18,conv2,0,3,0.9979767799377441,0.9989382028579712,500
cka_feddst,cifar10,0.7,13,results/logs/cka_strength_sweep/cifar10/strength_0p5/seed_13/splits/cifar10_split_seed13_clients5_alpha0p3_ref500.json,0.5,18,conv2,0,4,0.9971351027488708,0.9989382028579712,500
cka_feddst,cifar10,0.7,13,results/logs/cka_strength_sweep/cifar10/strength_0p5/seed_13/splits/cifar10_split_seed13_clients5_alpha0p3_ref500.json,0.5,18,conv2,1,0,0.9978767037391663,0.9989382028579712,500
cka_feddst,cifar10,0.7,13,results/logs/cka_strength_sweep/cifar10/strength_0p5/seed_13/splits/cifar10_split_seed13_clients5_alpha0p3_ref500.json,0.5,18,conv2,1,1,1.0,0.9989382028579712,500
cka_feddst,cifar10,0.7,13,results/logs/cka_strength_sweep/cifar10/strength_0p5/seed_13/splits/cifar10_split_seed13_clients5_alpha0p3_ref500.json,0.5,18,conv2,1,2,0.9998833537101746,0.9989382028579712,500
cka_feddst,cifar10,0.7,13,results/logs/cka_strength_sweep/cifar10/strength_0p5/seed_13/splits/cifar10_split_seed13_clients5_alpha0p3_ref500.json,0.5,18,conv2,1,3,0.9999972581863403,0.9989382028579712,500
cka_feddst,cifar10,0.7,13,results/logs/cka_strength_sweep/cifar10/strength_0p5/seed_13/splits/cifar10_split_seed13_clients5_alpha0p3_ref500.json,0.5,18,conv2,1,4,0.9999457001686096,0.9989382028579712,500
cka_feddst,cifar10,0.7,13,results/logs/cka_strength_sweep/cifar10/strength_0p5/seed_13/splits/cifar10_split_seed13_clients5_alpha0p3_ref500.json,0.5,18,conv2,2,0,0.9967911839485168,0.9989382028579712,500
cka_feddst,cifar10,0.7,13,results/logs/cka_strength_sweep/cifar10/strength_0p5/seed_13/splits/cifar10_split_seed13_clients5_alpha0p3_ref500.json,0.5,18,conv2,2,1,0.9998833537101746,0.9989382028579712,500
cka_feddst,cifar10,0.7,13,results/logs/cka_strength_sweep/cifar10/strength_0p5/seed_13/splits/cifar10_split_seed13_clients5_alpha0p3_ref500.json,0.5,18,conv2,2,2,1.0,0.9989382028579712,500
cka_feddst,cifar10,0.7,13,results/logs/cka_strength_sweep/cifar10/strength_0p5/seed_13/splits/cifar10_split_seed13_clients5_alpha0p3_ref500.json,0.5,18,conv2,2,3,0.9998657703399658,0.9989382028579712,500
cka_feddst,cifar10,0.7,13,results/logs/cka_strength_sweep/cifar10/strength_0p5/seed_13/splits/cifar10_split_seed13_clients5_alpha0p3_ref500.json,0.5,18,conv2,2,4,0.999986469745636,0.9989382028579712,500
cka_feddst,cifar10,0.7,13,results/logs/cka_strength_sweep/cifar10/strength_0p5/seed_13/splits/cifar10_split_seed13_clients5_alpha0p3_ref500.json,0.5,18,conv2,3,0,0.9979767799377441,0.9989382028579712,500
cka_feddst,cifar10,0.7,13,results/logs/cka_strength_sweep/cifar10/strength_0p5/seed_13/splits/cifar10_split_seed13_clients5_alpha0p3_ref500.json,0.5,18,conv2,3,1,0.9999972581863403,0.9989382028579712,500
cka_feddst,cifar10,0.7,13,results/logs/cka_strength_sweep/cifar10/strength_0p5/seed_13/splits/cifar10_split_seed13_clients5_alpha0p3_ref500.json,0.5,18,conv2,3,2,0.9998657703399658,0.9989382028579712,500
cka_feddst,cifar10,0.7,13,results/logs/cka_strength_sweep/cifar10/strength_0p5/seed_13/splits/cifar10_split_seed13_clients5_alpha0p3_ref500.json,0.5,18,conv2,3,3,1.0,0.9989382028579712,500
cka_feddst,cifar10,0.7,13,results/logs/cka_strength_sweep/cifar10/strength_0p5/seed_13/splits/cifar10_split_seed13_clients5_alpha0p3_ref500.json,0.5,18,conv2,3,4,0.9999240040779114,0.9989382028579712,500
cka_feddst,cifar10,0.7,13,results/logs/cka_strength_sweep/cifar10/strength_0p5/seed_13/splits/cifar10_split_seed13_clients5_alpha0p3_ref500.json,0.5,18,conv2,4,0,0.9971351027488708,0.9989382028579712,500
cka_feddst,cifar10,0.7,13,results/logs/cka_strength_sweep/cifar10/strength_0p5/seed_13/splits/cifar10_split_seed13_clients5_alpha0p3_ref500.json,0.5,18,conv2,4,1,0.9999457001686096,0.9989382028579712,500
cka_feddst,cifar10,0.7,13,results/logs/cka_strength_sweep/cifar10/strength_0p5/seed_13/splits/cifar10_split_seed13_clients5_alpha0p3_ref500.json,0.5,18,conv2,4,2,0.999986469745636,0.9989382028579712,500
cka_feddst,cifar10,0.7,13,results/logs/cka_strength_sweep/cifar10/strength_0p5/seed_13/splits/cifar10_split_seed13_clients5_alpha0p3_ref500.json,0.5,18,conv2,4,3,0.9999240040779114,0.9989382028579712,500
cka_feddst,cifar10,0.7,13,results/logs/cka_strength_sweep/cifar10/strength_0p5/seed_13/splits/cifar10_split_seed13_clients5_alpha0p3_ref500.json,0.5,18,conv2,4,4,1.0,0.9989382028579712,500
cka_feddst,cifar10,0.7,13,results/logs/cka_strength_sweep/cifar10/strength_0p5/seed_13/splits/cifar10_split_seed13_clients5_alpha0p3_ref500.json,0.5,18,conv3,0,0,1.0,0.9982457160949707,500
cka_feddst,cifar10,0.7,13,results/logs/cka_strength_sweep/cifar10/strength_0p5/seed_13/splits/cifar10_split_seed13_clients5_alpha0p3_ref500.json,0.5,18,conv3,0,1,0.9966241121292114,0.9982457160949707,500
cka_feddst,cifar10,0.7,13,results/logs/cka_strength_sweep/cifar10/strength_0p5/seed_13/splits/cifar10_split_seed13_clients5_alpha0p3_ref500.json,0.5,18,conv3,0,2,0.9949249625205994,0.9982457160949707,500
cka_feddst,cifar10,0.7,13,results/logs/cka_strength_sweep/cifar10/strength_0p5/seed_13/splits/cifar10_split_seed13_clients5_alpha0p3_ref500.json,0.5,18,conv3,0,3,0.9968225359916687,0.9982457160949707,500
cka_feddst,cifar10,0.7,13,results/logs/cka_strength_sweep/cifar10/strength_0p5/seed_13/splits/cifar10_split_seed13_clients5_alpha0p3_ref500.json,0.5,18,conv3,0,4,0.9950118660926819,0.9982457160949707,500
cka_feddst,cifar10,0.7,13,results/logs/cka_strength_sweep/cifar10/strength_0p5/seed_13/splits/cifar10_split_seed13_clients5_alpha0p3_ref500.json,0.5,18,conv3,1,0,0.9966241121292114,0.9982457160949707,500
cka_feddst,cifar10,0.7,13,results/logs/cka_strength_sweep/cifar10/strength_0p5/seed_13/splits/cifar10_split_seed13_clients5_alpha0p3_ref500.json,0.5,18,conv3,1,1,1.0,0.9982457160949707,500
cka_feddst,cifar10,0.7,13,results/logs/cka_strength_sweep/cifar10/strength_0p5/seed_13/splits/cifar10_split_seed13_clients5_alpha0p3_ref500.json,0.5,18,conv3,1,2,0.9997832179069519,0.9982457160949707,500
cka_feddst,cifar10,0.7,13,results/logs/cka_strength_sweep/cifar10/strength_0p5/seed_13/splits/cifar10_split_seed13_clients5_alpha0p3_ref500.json,0.5,18,conv3,1,3,0.9999907612800598,0.9982457160949707,500
cka_feddst,cifar10,0.7,13,results/logs/cka_strength_sweep/cifar10/strength_0p5/seed_13/splits/cifar10_split_seed13_clients5_alpha0p3_ref500.json,0.5,18,conv3,1,4,0.9998106956481934,0.9982457160949707,500
cka_feddst,cifar10,0.7,13,results/logs/cka_strength_sweep/cifar10/strength_0p5/seed_13/splits/cifar10_split_seed13_clients5_alpha0p3_ref500.json,0.5,18,conv3,2,0,0.9949249625205994,0.9982457160949707,500
cka_feddst,cifar10,0.7,13,results/logs/cka_strength_sweep/cifar10/strength_0p5/seed_13/splits/cifar10_split_seed13_clients5_alpha0p3_ref500.json,0.5,18,conv3,2,1,0.9997832179069519,0.9982457160949707,500
cka_feddst,cifar10,0.7,13,results/logs/cka_strength_sweep/cifar10/strength_0p5/seed_13/splits/cifar10_split_seed13_clients5_alpha0p3_ref500.json,0.5,18,conv3,2,2,1.0,0.9982457160949707,500
cka_feddst,cifar10,0.7,13,results/logs/cka_strength_sweep/cifar10/strength_0p5/seed_13/splits/cifar10_split_seed13_clients5_alpha0p3_ref500.json,0.5,18,conv3,2,3,0.9997532963752747,0.9982457160949707,500
cka_feddst,cifar10,0.7,13,results/logs/cka_strength_sweep/cifar10/strength_0p5/seed_13/splits/cifar10_split_seed13_clients5_alpha0p3_ref500.json,0.5,18,conv3,2,4,0.9999746680259705,0.9982457160949707,500
cka_feddst,cifar10,0.7,13,results/logs/cka_strength_sweep/cifar10/strength_0p5/seed_13/splits/cifar10_split_seed13_clients5_alpha0p3_ref500.json,0.5,18,conv3,3,0,0.9968225359916687,0.9982457160949707,500
cka_feddst,cifar10,0.7,13,results/logs/cka_strength_sweep/cifar10/strength_0p5/seed_13/splits/cifar10_split_seed13_clients5_alpha0p3_ref500.json,0.5,18,conv3,3,1,0.9999907612800598,0.9982457160949707,500
cka_feddst,cifar10,0.7,13,results/logs/cka_strength_sweep/cifar10/strength_0p5/seed_13/splits/cifar10_split_seed13_clients5_alpha0p3_ref500.json,0.5,18,conv3,3,2,0.9997532963752747,0.9982457160949707,500
cka_feddst,cifar10,0.7,13,results/logs/cka_strength_sweep/cifar10/strength_0p5/seed_13/splits/cifar10_split_seed13_clients5_alpha0p3_ref500.json,0.5,18,conv3,3,3,1.0,0.9982457160949707,500
cka_feddst,cifar10,0.7,13,results/logs/cka_strength_sweep/cifar10/strength_0p5/seed_13/splits/cifar10_split_seed13_clients5_alpha0p3_ref500.json,0.5,18,conv3,3,4,0.9997612237930298,0.9982457160949707,500
cka_feddst,cifar10,0.7,13,results/logs/cka_strength_sweep/cifar10/strength_0p5/seed_13/splits/cifar10_split_seed13_clients5_alpha0p3_ref500.json,0.5,18,conv3,4,0,0.9950118660926819,0.9982457160949707,500
cka_feddst,cifar10,0.7,13,results/logs/cka_strength_sweep/cifar10/strength_0p5/seed_13/splits/cifar10_split_seed13_clients5_alpha0p3_ref500.json,0.5,18,conv3,4,1,0.9998106956481934,0.9982457160949707,500
cka_feddst,cifar10,0.7,13,results/logs/cka_strength_sweep/cifar10/strength_0p5/seed_13/splits/cifar10_split_seed13_clients5_alpha0p3_ref500.json,0.5,18,conv3,4,2,0.9999746680259705,0.9982457160949707,500
cka_feddst,cifar10,0.7,13,results/logs/cka_strength_sweep/cifar10/strength_0p5/seed_13/splits/cifar10_split_seed13_clients5_alpha0p3_ref500.json,0.5,18,conv3,4,3,0.9997612237930298,0.9982457160949707,500
cka_feddst,cifar10,0.7,13,results/logs/cka_strength_sweep/cifar10/strength_0p5/seed_13/splits/cifar10_split_seed13_clients5_alpha0p3_ref500.json,0.5,18,conv3,4,4,1.0,0.9982457160949707,500
cka_feddst,cifar10,0.7,13,results/logs/cka_strength_sweep/cifar10/strength_0p5/seed_13/splits/cifar10_split_seed13_clients5_alpha0p3_ref500.json,0.5,18,fc1,0,0,1.0,0.9739178419113159,500
cka_feddst,cifar10,0.7,13,results/logs/cka_strength_sweep/cifar10/strength_0p5/seed_13/splits/cifar10_split_seed13_clients5_alpha0p3_ref500.json,0.5,18,fc1,0,1,0.9774494171142578,0.9739178419113159,500
cka_feddst,cifar10,0.7,13,results/logs/cka_strength_sweep/cifar10/strength_0p5/seed_13/splits/cifar10_split_seed13_clients5_alpha0p3_ref500.json,0.5,18,fc1,0,2,0.9775413274765015,0.9739178419113159,500
cka_feddst,cifar10,0.7,13,results/logs/cka_strength_sweep/cifar10/strength_0p5/seed_13/splits/cifar10_split_seed13_clients5_alpha0p3_ref500.json,0.5,18,fc1,0,3,0.971782386302948,0.9739178419113159,500
cka_feddst,cifar10,0.7,13,results/logs/cka_strength_sweep/cifar10/strength_0p5/seed_13/splits/cifar10_split_seed13_clients5_alpha0p3_ref500.json,0.5,18,fc1,0,4,0.9648776650428772,0.9739178419113159,500
cka_feddst,cifar10,0.7,13,results/logs/cka_strength_sweep/cifar10/strength_0p5/seed_13/splits/cifar10_split_seed13_clients5_alpha0p3_ref500.json,0.5,18,fc1,1,0,0.9774494171142578,0.9739178419113159,500
cka_feddst,cifar10,0.7,13,results/logs/cka_strength_sweep/cifar10/strength_0p5/seed_13/splits/cifar10_split_seed13_clients5_alpha0p3_ref500.json,0.5,18,fc1,1,1,1.0,0.9739178419113159,500
cka_feddst,cifar10,0.7,13,results/logs/cka_strength_sweep/cifar10/strength_0p5/seed_13/splits/cifar10_split_seed13_clients5_alpha0p3_ref500.json,0.5,18,fc1,1,2,0.9742814898490906,0.9739178419113159,500
cka_feddst,cifar10,0.7,13,results/logs/cka_strength_sweep/cifar10/strength_0p5/seed_13/splits/cifar10_split_seed13_clients5_alpha0p3_ref500.json,0.5,18,fc1,1,3,0.9915201663970947,0.9739178419113159,500
cka_feddst,cifar10,0.7,13,results/logs/cka_strength_sweep/cifar10/strength_0p5/seed_13/splits/cifar10_split_seed13_clients5_alpha0p3_ref500.json,0.5,18,fc1,1,4,0.9819366931915283,0.9739178419113159,500
cka_feddst,cifar10,0.7,13,results/logs/cka_strength_sweep/cifar10/strength_0p5/seed_13/splits/cifar10_split_seed13_clients5_alpha0p3_ref500.json,0.5,18,fc1,2,0,0.9775413274765015,0.9739178419113159,500
cka_feddst,cifar10,0.7,13,results/logs/cka_strength_sweep/cifar10/strength_0p5/seed_13/splits/cifar10_split_seed13_clients5_alpha0p3_ref500.json,0.5,18,fc1,2,1,0.9742814898490906,0.9739178419113159,500
cka_feddst,cifar10,0.7,13,results/logs/cka_strength_sweep/cifar10/strength_0p5/seed_13/splits/cifar10_split_seed13_clients5_alpha0p3_ref500.json,0.5,18,fc1,2,2,1.0,0.9739178419113159,500
cka_feddst,cifar10,0.7,13,results/logs/cka_strength_sweep/cifar10/strength_0p5/seed_13/splits/cifar10_split_seed13_clients5_alpha0p3_ref500.json,0.5,18,fc1,2,3,0.9671391844749451,0.9739178419113159,500
cka_feddst,cifar10,0.7,13,results/logs/cka_strength_sweep/cifar10/strength_0p5/seed_13/splits/cifar10_split_seed13_clients5_alpha0p3_ref500.json,0.5,18,fc1,2,4,0.9426032304763794,0.9739178419113159,500
cka_feddst,cifar10,0.7,13,results/logs/cka_strength_sweep/cifar10/strength_0p5/seed_13/splits/cifar10_split_seed13_clients5_alpha0p3_ref500.json,0.5,18,fc1,3,0,0.971782386302948,0.9739178419113159,500
cka_feddst,cifar10,0.7,13,results/logs/cka_strength_sweep/cifar10/strength_0p5/seed_13/splits/cifar10_split_seed13_clients5_alpha0p3_ref500.json,0.5,18,fc1,3,1,0.9915201663970947,0.9739178419113159,500
cka_feddst,cifar10,0.7,13,results/logs/cka_strength_sweep/cifar10/strength_0p5/seed_13/splits/cifar10_split_seed13_clients5_alpha0p3_ref500.json,0.5,18,fc1,3,2,0.9671391844749451,0.9739178419113159,500
cka_feddst,cifar10,0.7,13,results/logs/cka_strength_sweep/cifar10/strength_0p5/seed_13/splits/cifar10_split_seed13_clients5_alpha0p3_ref500.json,0.5,18,fc1,3,3,1.0,0.9739178419113159,500
cka_feddst,cifar10,0.7,13,results/logs/cka_strength_sweep/cifar10/strength_0p5/seed_13/splits/cifar10_split_seed13_clients5_alpha0p3_ref500.json,0.5,18,fc1,3,4,0.9900476336479187,0.9739178419113159,500
cka_feddst,cifar10,0.7,13,results/logs/cka_strength_sweep/cifar10/strength_0p5/seed_13/splits/cifar10_split_seed13_clients5_alpha0p3_ref500.json,0.5,18,fc1,4,0,0.9648776650428772,0.9739178419113159,500
cka_feddst,cifar10,0.7,13,results/logs/cka_strength_sweep/cifar10/strength_0p5/seed_13/splits/cifar10_split_seed13_clients5_alpha0p3_ref500.json,0.5,18,fc1,4,1,0.9819366931915283,0.9739178419113159,500
cka_feddst,cifar10,0.7,13,results/logs/cka_strength_sweep/cifar10/strength_0p5/seed_13/splits/cifar10_split_seed13_clients5_alpha0p3_ref500.json,0.5,18,fc1,4,2,0.9426032304763794,0.9739178419113159,500
cka_feddst,cifar10,0.7,13,results/logs/cka_strength_sweep/cifar10/strength_0p5/seed_13/splits/cifar10_split_seed13_clients5_alpha0p3_ref500.json,0.5,18,fc1,4,3,0.9900476336479187,0.9739178419113159,500
cka_feddst,cifar10,0.7,13,results/logs/cka_strength_sweep/cifar10/strength_0p5/seed_13/splits/cifar10_split_seed13_clients5_alpha0p3_ref500.json,0.5,18,fc1,4,4,1.0,0.9739178419113159,500
cka_feddst,cifar10,0.7,13,results/logs/cka_strength_sweep/cifar10/strength_0p5/seed_13/splits/cifar10_split_seed13_clients5_alpha0p3_ref500.json,0.5,20,conv1,0,0,1.0,0.9999872446060181,500
cka_feddst,cifar10,0.7,13,results/logs/cka_strength_sweep/cifar10/strength_0p5/seed_13/splits/cifar10_split_seed13_clients5_alpha0p3_ref500.json,0.5,20,conv1,0,1,0.9999815821647644,0.9999872446060181,500
cka_feddst,cifar10,0.7,13,results/logs/cka_strength_sweep/cifar10/strength_0p5/seed_13/splits/cifar10_split_seed13_clients5_alpha0p3_ref500.json,0.5,20,conv1,0,2,0.9999520778656006,0.9999872446060181,500
cka_feddst,cifar10,0.7,13,results/logs/cka_strength_sweep/cifar10/strength_0p5/seed_13/splits/cifar10_split_seed13_clients5_alpha0p3_ref500.json,0.5,20,conv1,0,3,0.9999880194664001,0.9999872446060181,500
cka_feddst,cifar10,0.7,13,results/logs/cka_strength_sweep/cifar10/strength_0p5/seed_13/splits/cifar10_split_seed13_clients5_alpha0p3_ref500.json,0.5,20,conv1,0,4,1.0,0.9999872446060181,500
cka_feddst,cifar10,0.7,13,results/logs/cka_strength_sweep/cifar10/strength_0p5/seed_13/splits/cifar10_split_seed13_clients5_alpha0p3_ref500.json,0.5,20,conv1,1,0,0.9999815821647644,0.9999872446060181,500
cka_feddst,cifar10,0.7,13,results/logs/cka_strength_sweep/cifar10/strength_0p5/seed_13/splits/cifar10_split_seed13_clients5_alpha0p3_ref500.json,0.5,20,conv1,1,1,1.0,0.9999872446060181,500
cka_feddst,cifar10,0.7,13,results/logs/cka_strength_sweep/cifar10/strength_0p5/seed_13/splits/cifar10_split_seed13_clients5_alpha0p3_ref500.json,0.5,20,conv1,1,2,0.9999951124191284,0.9999872446060181,500
cka_feddst,cifar10,0.7,13,results/logs/cka_strength_sweep/cifar10/strength_0p5/seed_13/splits/cifar10_split_seed13_clients5_alpha0p3_ref500.json,0.5,20,conv1,1,3,1.0,0.9999872446060181,500
cka_feddst,cifar10,0.7,13,results/logs/cka_strength_sweep/cifar10/strength_0p5/seed_13/splits/cifar10_split_seed13_clients5_alpha0p3_ref500.json,0.5,20,conv1,1,4,0.999993085861206,0.9999872446060181,500
cka_feddst,cifar10,0.7,13,results/logs/cka_strength_sweep/cifar10/strength_0p5/seed_13/splits/cifar10_split_seed13_clients5_alpha0p3_ref500.json,0.5,20,conv1,2,0,0.9999520778656006,0.9999872446060181,500
cka_feddst,cifar10,0.7,13,results/logs/cka_strength_sweep/cifar10/strength_0p5/seed_13/splits/cifar10_split_seed13_clients5_alpha0p3_ref500.json,0.5,20,conv1,2,1,0.9999951124191284,0.9999872446060181,500
cka_feddst,cifar10,0.7,13,results/logs/cka_strength_sweep/cifar10/strength_0p5/seed_13/splits/cifar10_split_seed13_clients5_alpha0p3_ref500.json,0.5,20,conv1,2,2,1.0,0.9999872446060181,500
cka_feddst,cifar10,0.7,13,results/logs/cka_strength_sweep/cifar10/strength_0p5/seed_13/splits/cifar10_split_seed13_clients5_alpha0p3_ref500.json,0.5,20,conv1,2,3,0.9999917149543762,0.9999872446060181,500
cka_feddst,cifar10,0.7,13,results/logs/cka_strength_sweep/cifar10/strength_0p5/seed_13/splits/cifar10_split_seed13_clients5_alpha0p3_ref500.json,0.5,20,conv1,2,4,0.9999722838401794,0.9999872446060181,500
cka_feddst,cifar10,0.7,13,results/logs/cka_strength_sweep/cifar10/strength_0p5/seed_13/splits/cifar10_split_seed13_clients5_alpha0p3_ref500.json,0.5,20,conv1,3,0,0.9999880194664001,0.9999872446060181,500
cka_feddst,cifar10,0.7,13,results/logs/cka_strength_sweep/cifar10/strength_0p5/seed_13/splits/cifar10_split_seed13_clients5_alpha0p3_ref500.json,0.5,20,conv1,3,1,1.0,0.9999872446060181,500
cka_feddst,cifar10,0.7,13,results/logs/cka_strength_sweep/cifar10/strength_0p5/seed_13/splits/cifar10_split_seed13_clients5_alpha0p3_ref500.json,0.5,20,conv1,3,2,0.9999917149543762,0.9999872446060181,500
cka_feddst,cifar10,0.7,13,results/logs/cka_strength_sweep/cifar10/strength_0p5/seed_13/splits/cifar10_split_seed13_clients5_alpha0p3_ref500.json,0.5,20,conv1,3,3,1.0,0.9999872446060181,500
cka_feddst,cifar10,0.7,13,results/logs/cka_strength_sweep/cifar10/strength_0p5/seed_13/splits/cifar10_split_seed13_clients5_alpha0p3_ref500.json,0.5,20,conv1,3,4,0.9999984502792358,0.9999872446060181,500
cka_feddst,cifar10,0.7,13,results/logs/cka_strength_sweep/cifar10/strength_0p5/seed_13/splits/cifar10_split_seed13_clients5_alpha0p3_ref500.json,0.5,20,conv1,4,0,1.0,0.9999872446060181,500
cka_feddst,cifar10,0.7,13,results/logs/cka_strength_sweep/cifar10/strength_0p5/seed_13/splits/cifar10_split_seed13_clients5_alpha0p3_ref500.json,0.5,20,conv1,4,1,0.999993085861206,0.9999872446060181,500
cka_feddst,cifar10,0.7,13,results/logs/cka_strength_sweep/cifar10/strength_0p5/seed_13/splits/cifar10_split_seed13_clients5_alpha0p3_ref500.json,0.5,20,conv1,4,2,0.9999722838401794,0.9999872446060181,500
cka_feddst,cifar10,0.7,13,results/logs/cka_strength_sweep/cifar10/strength_0p5/seed_13/splits/cifar10_split_seed13_clients5_alpha0p3_ref500.json,0.5,20,conv1,4,3,0.9999984502792358,0.9999872446060181,500
cka_feddst,cifar10,0.7,13,results/logs/cka_strength_sweep/cifar10/strength_0p5/seed_13/splits/cifar10_split_seed13_clients5_alpha0p3_ref500.json,0.5,20,conv1,4,4,1.0,0.9999872446060181,500
cka_feddst,cifar10,0.7,13,results/logs/cka_strength_sweep/cifar10/strength_0p5/seed_13/splits/cifar10_split_seed13_clients5_alpha0p3_ref500.json,0.5,20,conv2,0,0,1.0,0.9996868968009949,500
cka_feddst,cifar10,0.7,13,results/logs/cka_strength_sweep/cifar10/strength_0p5/seed_13/splits/cifar10_split_seed13_clients5_alpha0p3_ref500.json,0.5,20,conv2,0,1,0.9993705153465271,0.9996868968009949,500
cka_feddst,cifar10,0.7,13,results/logs/cka_strength_sweep/cifar10/strength_0p5/seed_13/splits/cifar10_split_seed13_clients5_alpha0p3_ref500.json,0.5,20,conv2,0,2,0.9989457130432129,0.9996868968009949,500
cka_feddst,cifar10,0.7,13,results/logs/cka_strength_sweep/cifar10/strength_0p5/seed_13/splits/cifar10_split_seed13_clients5_alpha0p3_ref500.json,0.5,20,conv2,0,3,0.9994625449180603,0.9996868968009949,500
cka_feddst,cifar10,0.7,13,results/logs/cka_strength_sweep/cifar10/strength_0p5/seed_13/splits/cifar10_split_seed13_clients5_alpha0p3_ref500.json,0.5,20,conv2,0,4,0.9997260570526123,0.9996868968009949,500
cka_feddst,cifar10,0.7,13,results/logs/cka_strength_sweep/cifar10/strength_0p5/seed_13/splits/cifar10_split_seed13_clients5_alpha0p3_ref500.json,0.5,20,conv2,1,0,0.9993705153465271,0.9996868968009949,500
cka_feddst,cifar10,0.7,13,results/logs/cka_strength_sweep/cifar10/strength_0p5/seed_13/splits/cifar10_split_seed13_clients5_alpha0p3_ref500.json,0.5,20,conv2,1,1,1.0,0.9996868968009949,500
cka_feddst,cifar10,0.7,13,results/logs/cka_strength_sweep/cifar10/strength_0p5/seed_13/splits/cifar10_split_seed13_clients5_alpha0p3_ref500.json,0.5,20,conv2,1,2,0.9999254941940308,0.9996868968009949,500
cka_feddst,cifar10,0.7,13,results/logs/cka_strength_sweep/cifar10/strength_0p5/seed_13/splits/cifar10_split_seed13_clients5_alpha0p3_ref500.json,0.5,20,conv2,1,3,0.9999738931655884,0.9996868968009949,500
cka_feddst,cifar10,0.7,13,results/logs/cka_strength_sweep/cifar10/strength_0p5/seed_13/splits/cifar10_split_seed13_clients5_alpha0p3_ref500.json,0.5,20,conv2,1,4,0.9999064207077026,0.9996868968009949,500
cka_feddst,cifar10,0.7,13,results/logs/cka_strength_sweep/cifar10/strength_0p5/seed_13/splits/cifar10_split_seed13_clients5_alpha0p3_ref500.json,0.5,20,conv2,2,0,0.9989457130432129,0.9996868968009949,500
cka_feddst,cifar10,0.7,13,results/logs/cka_strength_sweep/cifar10/strength_0p5/seed_13/splits/cifar10_split_seed13_clients5_alpha0p3_ref500.json,0.5,20,conv2,2,1,0.9999254941940308,0.9996868968009949,500
cka_feddst,cifar10,0.7,13,results/logs/cka_strength_sweep/cifar10/strength_0p5/seed_13/splits/cifar10_split_seed13_clients5_alpha0p3_ref500.json,0.5,20,conv2,2,2,1.0,0.9996868968009949,500
cka_feddst,cifar10,0.7,13,results/logs/cka_strength_sweep/cifar10/strength_0p5/seed_13/splits/cifar10_split_seed13_clients5_alpha0p3_ref500.json,0.5,20,conv2,2,3,0.9998992085456848,0.9996868968009949,500
cka_feddst,cifar10,0.7,13,results/logs/cka_strength_sweep/cifar10/strength_0p5/seed_13/splits/cifar10_split_seed13_clients5_alpha0p3_ref500.json,0.5,20,conv2,2,4,0.9997216463088989,0.9996868968009949,500
cka_feddst,cifar10,0.7,13,results/logs/cka_strength_sweep/cifar10/strength_0p5/seed_13/splits/cifar10_split_seed13_clients5_alpha0p3_ref500.json,0.5,20,conv2,3,0,0.9994625449180603,0.9996868968009949,500
cka_feddst,cifar10,0.7,13,results/logs/cka_strength_sweep/cifar10/strength_0p5/seed_13/splits/cifar10_split_seed13_clients5_alpha0p3_ref500.json,0.5,20,conv2,3,1,0.9999738931655884,0.9996868968009949,500
cka_feddst,cifar10,0.7,13,results/logs/cka_strength_sweep/cifar10/strength_0p5/seed_13/splits/cifar10_split_seed13_clients5_alpha0p3_ref500.json,0.5,20,conv2,3,2,0.9998992085456848,0.9996868968009949,500
cka_feddst,cifar10,0.7,13,results/logs/cka_strength_sweep/cifar10/strength_0p5/seed_13/splits/cifar10_split_seed13_clients5_alpha0p3_ref500.json,0.5,20,conv2,3,3,1.0,0.9996868968009949,500
cka_feddst,cifar10,0.7,13,results/logs/cka_strength_sweep/cifar10/strength_0p5/seed_13/splits/cifar10_split_seed13_clients5_alpha0p3_ref500.json,0.5,20,conv2,3,4,0.9999383687973022,0.9996868968009949,500
cka_feddst,cifar10,0.7,13,results/logs/cka_strength_sweep/cifar10/strength_0p5/seed_13/splits/cifar10_split_seed13_clients5_alpha0p3_ref500.json,0.5,20,conv2,4,0,0.9997260570526123,0.9996868968009949,500
cka_feddst,cifar10,0.7,13,results/logs/cka_strength_sweep/cifar10/strength_0p5/seed_13/splits/cifar10_split_seed13_clients5_alpha0p3_ref500.json,0.5,20,conv2,4,1,0.9999064207077026,0.9996868968009949,500
cka_feddst,cifar10,0.7,13,results/logs/cka_strength_sweep/cifar10/strength_0p5/seed_13/splits/cifar10_split_seed13_clients5_alpha0p3_ref500.json,0.5,20,conv2,4,2,0.9997216463088989,0.9996868968009949,500
cka_feddst,cifar10,0.7,13,results/logs/cka_strength_sweep/cifar10/strength_0p5/seed_13/splits/cifar10_split_seed13_clients5_alpha0p3_ref500.json,0.5,20,conv2,4,3,0.9999383687973022,0.9996868968009949,500
cka_feddst,cifar10,0.7,13,results/logs/cka_strength_sweep/cifar10/strength_0p5/seed_13/splits/cifar10_split_seed13_clients5_alpha0p3_ref500.json,0.5,20,conv2,4,4,1.0,0.9996868968009949,500
cka_feddst,cifar10,0.7,13,results/logs/cka_strength_sweep/cifar10/strength_0p5/seed_13/splits/cifar10_split_seed13_clients5_alpha0p3_ref500.json,0.5,20,conv3,0,0,1.0,0.9992078542709351,500
cka_feddst,cifar10,0.7,13,results/logs/cka_strength_sweep/cifar10/strength_0p5/seed_13/splits/cifar10_split_seed13_clients5_alpha0p3_ref500.json,0.5,20,conv3,0,1,0.9984303116798401,0.9992078542709351,500
cka_feddst,cifar10,0.7,13,results/logs/cka_strength_sweep/cifar10/strength_0p5/seed_13/splits/cifar10_split_seed13_clients5_alpha0p3_ref500.json,0.5,20,conv3,0,2,0.9977090954780579,0.9992078542709351,500
cka_feddst,cifar10,0.7,13,results/logs/cka_strength_sweep/cifar10/strength_0p5/seed_13/splits/cifar10_split_seed13_clients5_alpha0p3_ref500.json,0.5,20,conv3,0,3,0.9983550906181335,0.9992078542709351,500
cka_feddst,cifar10,0.7,13,results/logs/cka_strength_sweep/cifar10/strength_0p5/seed_13/splits/cifar10_split_seed13_clients5_alpha0p3_ref500.json,0.5,20,conv3,0,4,0.998569667339325,0.9992078542709351,500
cka_feddst,cifar10,0.7,13,results/logs/cka_strength_sweep/cifar10/strength_0p5/seed_13/splits/cifar10_split_seed13_clients5_alpha0p3_ref500.json,0.5,20,conv3,1,0,0.9984303116798401,0.9992078542709351,500
cka_feddst,cifar10,0.7,13,results/logs/cka_strength_sweep/cifar10/strength_0p5/seed_13/splits/cifar10_split_seed13_clients5_alpha0p3_ref500.json,0.5,20,conv3,1,1,1.0,0.9992078542709351,500
cka_feddst,cifar10,0.7,13,results/logs/cka_strength_sweep/cifar10/strength_0p5/seed_13/splits/cifar10_split_seed13_clients5_alpha0p3_ref500.json,0.5,20,conv3,1,2,0.9997760653495789,0.9992078542709351,500
cka_feddst,cifar10,0.7,13,results/logs/cka_strength_sweep/cifar10/strength_0p5/seed_13/splits/cifar10_split_seed13_clients5_alpha0p3_ref500.json,0.5,20,conv3,1,3,0.9999549388885498,0.9992078542709351,500
cka_feddst,cifar10,0.7,13,results/logs/cka_strength_sweep/cifar10/strength_0p5/seed_13/splits/cifar10_split_seed13_clients5_alpha0p3_ref500.json,0.5,20,conv3,1,4,0.9999438524246216,0.9992078542709351,500
cka_feddst,cifar10,0.7,13,results/logs/cka_strength_sweep/cifar10/strength_0p5/seed_13/splits/cifar10_split_seed13_clients5_alpha0p3_ref500.json,0.5,20,conv3,2,0,0.9977090954780579,0.9992078542709351,500
cka_feddst,cifar10,0.7,13,results/logs/cka_strength_sweep/cifar10/strength_0p5/seed_13/splits/cifar10_split_seed13_clients5_alpha0p3_ref500.json,0.5,20,conv3,2,1,0.9997760653495789,0.9992078542709351,500
cka_feddst,cifar10,0.7,13,results/logs/cka_strength_sweep/cifar10/strength_0p5/seed_13/splits/cifar10_split_seed13_clients5_alpha0p3_ref500.json,0.5,20,conv3,2,2,1.0,0.9992078542709351,500
cka_feddst,cifar10,0.7,13,results/logs/cka_strength_sweep/cifar10/strength_0p5/seed_13/splits/cifar10_split_seed13_clients5_alpha0p3_ref500.json,0.5,20,conv3,2,3,0.9997208118438721,0.9992078542709351,500
cka_feddst,cifar10,0.7,13,results/logs/cka_strength_sweep/cifar10/strength_0p5/seed_13/splits/cifar10_split_seed13_clients5_alpha0p3_ref500.json,0.5,20,conv3,2,4,0.9997857809066772,0.9992078542709351,500
cka_feddst,cifar10,0.7,13,results/logs/cka_strength_sweep/cifar10/strength_0p5/seed_13/splits/cifar10_split_seed13_clients5_alpha0p3_ref500.json,0.5,20,conv3,3,0,0.9983550906181335,0.9992078542709351,500
cka_feddst,cifar10,0.7,13,results/logs/cka_strength_sweep/cifar10/strength_0p5/seed_13/splits/cifar10_split_seed13_clients5_alpha0p3_ref500.json,0.5,20,conv3,3,1,0.9999549388885498,0.9992078542709351,500
cka_feddst,cifar10,0.7,13,results/logs/cka_strength_sweep/cifar10/strength_0p5/seed_13/splits/cifar10_split_seed13_clients5_alpha0p3_ref500.json,0.5,20,conv3,3,2,0.9997208118438721,0.9992078542709351,500
cka_feddst,cifar10,0.7,13,results/logs/cka_strength_sweep/cifar10/strength_0p5/seed_13/splits/cifar10_split_seed13_clients5_alpha0p3_ref500.json,0.5,20,conv3,3,3,1.0,0.9992078542709351,500
cka_feddst,cifar10,0.7,13,results/logs/cka_strength_sweep/cifar10/strength_0p5/seed_13/splits/cifar10_split_seed13_clients5_alpha0p3_ref500.json,0.5,20,conv3,3,4,0.9998344779014587,0.9992078542709351,500
cka_feddst,cifar10,0.7,13,results/logs/cka_strength_sweep/cifar10/strength_0p5/seed_13/splits/cifar10_split_seed13_clients5_alpha0p3_ref500.json,0.5,20,conv3,4,0,0.998569667339325,0.9992078542709351,500
cka_feddst,cifar10,0.7,13,results/logs/cka_strength_sweep/cifar10/strength_0p5/seed_13/splits/cifar10_split_seed13_clients5_alpha0p3_ref500.json,0.5,20,conv3,4,1,0.9999438524246216,0.9992078542709351,500
cka_feddst,cifar10,0.7,13,results/logs/cka_strength_sweep/cifar10/strength_0p5/seed_13/splits/cifar10_split_seed13_clients5_alpha0p3_ref500.json,0.5,20,conv3,4,2,0.9997857809066772,0.9992078542709351,500
cka_feddst,cifar10,0.7,13,results/logs/cka_strength_sweep/cifar10/strength_0p5/seed_13/splits/cifar10_split_seed13_clients5_alpha0p3_ref500.json,0.5,20,conv3,4,3,0.9998344779014587,0.9992078542709351,500
cka_feddst,cifar10,0.7,13,results/logs/cka_strength_sweep/cifar10/strength_0p5/seed_13/splits/cifar10_split_seed13_clients5_alpha0p3_ref500.json,0.5,20,conv3,4,4,1.0,0.9992078542709351,500
cka_feddst,cifar10,0.7,13,results/logs/cka_strength_sweep/cifar10/strength_0p5/seed_13/splits/cifar10_split_seed13_clients5_alpha0p3_ref500.json,0.5,20,fc1,0,0,1.0,0.9634753465652466,500
cka_feddst,cifar10,0.7,13,results/logs/cka_strength_sweep/cifar10/strength_0p5/seed_13/splits/cifar10_split_seed13_clients5_alpha0p3_ref500.json,0.5,20,fc1,0,1,0.9599928259849548,0.9634753465652466,500
cka_feddst,cifar10,0.7,13,results/logs/cka_strength_sweep/cifar10/strength_0p5/seed_13/splits/cifar10_split_seed13_clients5_alpha0p3_ref500.json,0.5,20,fc1,0,2,0.9637172818183899,0.9634753465652466,500
cka_feddst,cifar10,0.7,13,results/logs/cka_strength_sweep/cifar10/strength_0p5/seed_13/splits/cifar10_split_seed13_clients5_alpha0p3_ref500.json,0.5,20,fc1,0,3,0.9244601130485535,0.9634753465652466,500
cka_feddst,cifar10,0.7,13,results/logs/cka_strength_sweep/cifar10/strength_0p5/seed_13/splits/cifar10_split_seed13_clients5_alpha0p3_ref500.json,0.5,20,fc1,0,4,0.9493868350982666,0.9634753465652466,500
cka_feddst,cifar10,0.7,13,results/logs/cka_strength_sweep/cifar10/strength_0p5/seed_13/splits/cifar10_split_seed13_clients5_alpha0p3_ref500.json,0.5,20,fc1,1,0,0.9599928259849548,0.9634753465652466,500
cka_feddst,cifar10,0.7,13,results/logs/cka_strength_sweep/cifar10/strength_0p5/seed_13/splits/cifar10_split_seed13_clients5_alpha0p3_ref500.json,0.5,20,fc1,1,1,1.0,0.9634753465652466,500
cka_feddst,cifar10,0.7,13,results/logs/cka_strength_sweep/cifar10/strength_0p5/seed_13/splits/cifar10_split_seed13_clients5_alpha0p3_ref500.json,0.5,20,fc1,1,2,0.9730702042579651,0.9634753465652466,500
cka_feddst,cifar10,0.7,13,results/logs/cka_strength_sweep/cifar10/strength_0p5/seed_13/splits/cifar10_split_seed13_clients5_alpha0p3_ref500.json,0.5,20,fc1,1,3,0.9871619343757629,0.9634753465652466,500
cka_feddst,cifar10,0.7,13,results/logs/cka_strength_sweep/cifar10/strength_0p5/seed_13/splits/cifar10_split_seed13_clients5_alpha0p3_ref500.json,0.5,20,fc1,1,4,0.9764292240142822,0.9634753465652466,500
cka_feddst,cifar10,0.7,13,results/logs/cka_strength_sweep/cifar10/strength_0p5/seed_13/splits/cifar10_split_seed13_clients5_alpha0p3_ref500.json,0.5,20,fc1,2,0,0.9637172818183899,0.9634753465652466,500
cka_feddst,cifar10,0.7,13,results/logs/cka_strength_sweep/cifar10/strength_0p5/seed_13/splits/cifar10_split_seed13_clients5_alpha0p3_ref500.json,0.5,20,fc1,2,1,0.9730702042579651,0.9634753465652466,500
cka_feddst,cifar10,0.7,13,results/logs/cka_strength_sweep/cifar10/strength_0p5/seed_13/splits/cifar10_split_seed13_clients5_alpha0p3_ref500.json,0.5,20,fc1,2,2,1.0,0.9634753465652466,500
cka_feddst,cifar10,0.7,13,results/logs/cka_strength_sweep/cifar10/strength_0p5/seed_13/splits/cifar10_split_seed13_clients5_alpha0p3_ref500.json,0.5,20,fc1,2,3,0.9694803953170776,0.9634753465652466,500
cka_feddst,cifar10,0.7,13,results/logs/cka_strength_sweep/cifar10/strength_0p5/seed_13/splits/cifar10_split_seed13_clients5_alpha0p3_ref500.json,0.5,20,fc1,2,4,0.9543749690055847,0.9634753465652466,500
cka_feddst,cifar10,0.7,13,results/logs/cka_strength_sweep/cifar10/strength_0p5/seed_13/splits/cifar10_split_seed13_clients5_alpha0p3_ref500.json,0.5,20,fc1,3,0,0.9244601130485535,0.9634753465652466,500
cka_feddst,cifar10,0.7,13,results/logs/cka_strength_sweep/cifar10/strength_0p5/seed_13/splits/cifar10_split_seed13_clients5_alpha0p3_ref500.json,0.5,20,fc1,3,1,0.9871619343757629,0.9634753465652466,500
cka_feddst,cifar10,0.7,13,results/logs/cka_strength_sweep/cifar10/strength_0p5/seed_13/splits/cifar10_split_seed13_clients5_alpha0p3_ref500.json,0.5,20,fc1,3,2,0.9694803953170776,0.9634753465652466,500
cka_feddst,cifar10,0.7,13,results/logs/cka_strength_sweep/cifar10/strength_0p5/seed_13/splits/cifar10_split_seed13_clients5_alpha0p3_ref500.json,0.5,20,fc1,3,3,1.0,0.9634753465652466,500
cka_feddst,cifar10,0.7,13,results/logs/cka_strength_sweep/cifar10/strength_0p5/seed_13/splits/cifar10_split_seed13_clients5_alpha0p3_ref500.json,0.5,20,fc1,3,4,0.976679265499115,0.9634753465652466,500
cka_feddst,cifar10,0.7,13,results/logs/cka_strength_sweep/cifar10/strength_0p5/seed_13/splits/cifar10_split_seed13_clients5_alpha0p3_ref500.json,0.5,20,fc1,4,0,0.9493868350982666,0.9634753465652466,500
cka_feddst,cifar10,0.7,13,results/logs/cka_strength_sweep/cifar10/strength_0p5/seed_13/splits/cifar10_split_seed13_clients5_alpha0p3_ref500.json,0.5,20,fc1,4,1,0.9764292240142822,0.9634753465652466,500
cka_feddst,cifar10,0.7,13,results/logs/cka_strength_sweep/cifar10/strength_0p5/seed_13/splits/cifar10_split_seed13_clients5_alpha0p3_ref500.json,0.5,20,fc1,4,2,0.9543749690055847,0.9634753465652466,500
cka_feddst,cifar10,0.7,13,results/logs/cka_strength_sweep/cifar10/strength_0p5/seed_13/splits/cifar10_split_seed13_clients5_alpha0p3_ref500.json,0.5,20,fc1,4,3,0.976679265499115,0.9634753465652466,500
cka_feddst,cifar10,0.7,13,results/logs/cka_strength_sweep/cifar10/strength_0p5/seed_13/splits/cifar10_split_seed13_clients5_alpha0p3_ref500.json,0.5,20,fc1,4,4,1.0,0.9634753465652466,500
