method,dataset,sparsity,seed,split_manifest_path,cka_strength,round,layer,client_i,client_j,cka,average_layer_cka,num_reference_samples
cka_feddst,mnist,0.9,21,results/logs/cka_strength_sweep/all_20260516_024344/strength_0p2/seed_21/splits/mnist_split_seed21_clients5_alpha0p3_ref200.json,0.2,2,conv1,0,0,1.0,1.0,200
cka_feddst,mnist,0.9,21,results/logs/cka_strength_sweep/all_20260516_024344/strength_0p2/seed_21/splits/mnist_split_seed21_clients5_alpha0p3_ref200.json,0.2,2,conv1,0,1,1.0,1.0,200
cka_feddst,mnist,0.9,21,results/logs/cka_strength_sweep/all_20260516_024344/strength_0p2/seed_21/splits/mnist_split_seed21_clients5_alpha0p3_ref200.json,0.2,2,conv1,0,2,1.0,1.0,200
cka_feddst,mnist,0.9,21,results/logs/cka_strength_sweep/all_20260516_024344/strength_0p2/seed_21/splits/mnist_split_seed21_clients5_alpha0p3_ref200.json,0.2,2,conv1,0,3,1.0,1.0,200
cka_feddst,mnist,0.9,21,results/logs/cka_strength_sweep/all_20260516_024344/strength_0p2/seed_21/splits/mnist_split_seed21_clients5_alpha0p3_ref200.json,0.2,2,conv1,0,4,0.9999998211860657,1.0,200
cka_feddst,mnist,0.9,21,results/logs/cka_strength_sweep/all_20260516_024344/strength_0p2/seed_21/splits/mnist_split_seed21_clients5_alpha0p3_ref200.json,0.2,2,conv1,1,0,1.0,1.0,200
cka_feddst,mnist,0.9,21,results/logs/cka_strength_sweep/all_20260516_024344/strength_0p2/seed_21/splits/mnist_split_seed21_clients5_alpha0p3_ref200.json,0.2,2,conv1,1,1,1.0,1.0,200
cka_feddst,mnist,0.9,21,results/logs/cka_strength_sweep/all_20260516_024344/strength_0p2/seed_21/splits/mnist_split_seed21_clients5_alpha0p3_ref200.json,0.2,2,conv1,1,2,1.0,1.0,200
cka_feddst,mnist,0.9,21,results/logs/cka_strength_sweep/all_20260516_024344/strength_0p2/seed_21/splits/mnist_split_seed21_clients5_alpha0p3_ref200.json,0.2,2,conv1,1,3,1.0,1.0,200
cka_feddst,mnist,0.9,21,results/logs/cka_strength_sweep/all_20260516_024344/strength_0p2/seed_21/splits/mnist_split_seed21_clients5_alpha0p3_ref200.json,0.2,2,conv1,1,4,1.0,1.0,200
cka_feddst,mnist,0.9,21,results/logs/cka_strength_sweep/all_20260516_024344/strength_0p2/seed_21/splits/mnist_split_seed21_clients5_alpha0p3_ref200.json,0.2,2,conv1,2,0,1.0,1.0,200
cka_feddst,mnist,0.9,21,results/logs/cka_strength_sweep/all_20260516_024344/strength_0p2/seed_21/splits/mnist_split_seed21_clients5_alpha0p3_ref200.json,0.2,2,conv1,2,1,1.0,1.0,200
cka_feddst,mnist,0.9,21,results/logs/cka_strength_sweep/all_20260516_024344/strength_0p2/seed_21/splits/mnist_split_seed21_clients5_alpha0p3_ref200.json,0.2,2,conv1,2,2,1.0,1.0,200
cka_feddst,mnist,0.9,21,results/logs/cka_strength_sweep/all_20260516_024344/strength_0p2/seed_21/splits/mnist_split_seed21_clients5_alpha0p3_ref200.json,0.2,2,conv1,2,3,1.0,1.0,200
cka_feddst,mnist,0.9,21,results/logs/cka_strength_sweep/all_20260516_024344/strength_0p2/seed_21/splits/mnist_split_seed21_clients5_alpha0p3_ref200.json,0.2,2,conv1,2,4,0.9999998807907104,1.0,200
cka_feddst,mnist,0.9,21,results/logs/cka_strength_sweep/all_20260516_024344/strength_0p2/seed_21/splits/mnist_split_seed21_clients5_alpha0p3_ref200.json,0.2,2,conv1,3,0,1.0,1.0,200
cka_feddst,mnist,0.9,21,results/logs/cka_strength_sweep/all_20260516_024344/strength_0p2/seed_21/splits/mnist_split_seed21_clients5_alpha0p3_ref200.json,0.2,2,conv1,3,1,1.0,1.0,200
cka_feddst,mnist,0.9,21,results/logs/cka_strength_sweep/all_20260516_024344/strength_0p2/seed_21/splits/mnist_split_seed21_clients5_alpha0p3_ref200.json,0.2,2,conv1,3,2,1.0,1.0,200
cka_feddst,mnist,0.9,21,results/logs/cka_strength_sweep/all_20260516_024344/strength_0p2/seed_21/splits/mnist_split_seed21_clients5_alpha0p3_ref200.json,0.2,2,conv1,3,3,1.0,1.0,200
cka_feddst,mnist,0.9,21,results/logs/cka_strength_sweep/all_20260516_024344/strength_0p2/seed_21/splits/mnist_split_seed21_clients5_alpha0p3_ref200.json,0.2,2,conv1,3,4,1.0,1.0,200
cka_feddst,mnist,0.9,21,results/logs/cka_strength_sweep/all_20260516_024344/strength_0p2/seed_21/splits/mnist_split_seed21_clients5_alpha0p3_ref200.json,0.2,2,conv1,4,0,0.9999998211860657,1.0,200
cka_feddst,mnist,0.9,21,results/logs/cka_strength_sweep/all_20260516_024344/strength_0p2/seed_21/splits/mnist_split_seed21_clients5_alpha0p3_ref200.json,0.2,2,conv1,4,1,1.0,1.0,200
cka_feddst,mnist,0.9,21,results/logs/cka_strength_sweep/all_20260516_024344/strength_0p2/seed_21/splits/mnist_split_seed21_clients5_alpha0p3_ref200.json,0.2,2,conv1,4,2,0.9999998807907104,1.0,200
cka_feddst,mnist,0.9,21,results/logs/cka_strength_sweep/all_20260516_024344/strength_0p2/seed_21/splits/mnist_split_seed21_clients5_alpha0p3_ref200.json,0.2,2,conv1,4,3,1.0,1.0,200
cka_feddst,mnist,0.9,21,results/logs/cka_strength_sweep/all_20260516_024344/strength_0p2/seed_21/splits/mnist_split_seed21_clients5_alpha0p3_ref200.json,0.2,2,conv1,4,4,1.0,1.0,200
cka_feddst,mnist,0.9,21,results/logs/cka_strength_sweep/all_20260516_024344/strength_0p2/seed_21/splits/mnist_split_seed21_clients5_alpha0p3_ref200.json,0.2,2,conv2,0,0,1.0,0.9998399615287781,200
cka_feddst,mnist,0.9,21,results/logs/cka_strength_sweep/all_20260516_024344/strength_0p2/seed_21/splits/mnist_split_seed21_clients5_alpha0p3_ref200.json,0.2,2,conv2,0,1,0.9998112320899963,0.9998399615287781,200
cka_feddst,mnist,0.9,21,results/logs/cka_strength_sweep/all_20260516_024344/strength_0p2/seed_21/splits/mnist_split_seed21_clients5_alpha0p3_ref200.json,0.2,2,conv2,0,2,0.9997224807739258,0.9998399615287781,200
cka_feddst,mnist,0.9,21,results/logs/cka_strength_sweep/all_20260516_024344/strength_0p2/seed_21/splits/mnist_split_seed21_clients5_alpha0p3_ref200.json,0.2,2,conv2,0,3,0.9996005296707153,0.9998399615287781,200
cka_feddst,mnist,0.9,21,results/logs/cka_strength_sweep/all_20260516_024344/strength_0p2/seed_21/splits/mnist_split_seed21_clients5_alpha0p3_ref200.json,0.2,2,conv2,0,4,0.9995776414871216,0.9998399615287781,200
cka_feddst,mnist,0.9,21,results/logs/cka_strength_sweep/all_20260516_024344/strength_0p2/seed_21/splits/mnist_split_seed21_clients5_alpha0p3_ref200.json,0.2,2,conv2,1,0,0.9998112320899963,0.9998399615287781,200
cka_feddst,mnist,0.9,21,results/logs/cka_strength_sweep/all_20260516_024344/strength_0p2/seed_21/splits/mnist_split_seed21_clients5_alpha0p3_ref200.json,0.2,2,conv2,1,1,1.0,0.9998399615287781,200
cka_feddst,mnist,0.9,21,results/logs/cka_strength_sweep/all_20260516_024344/strength_0p2/seed_21/splits/mnist_split_seed21_clients5_alpha0p3_ref200.json,0.2,2,conv2,1,2,0.9999780058860779,0.9998399615287781,200
cka_feddst,mnist,0.9,21,results/logs/cka_strength_sweep/all_20260516_024344/strength_0p2/seed_21/splits/mnist_split_seed21_clients5_alpha0p3_ref200.json,0.2,2,conv2,1,3,0.999930202960968,0.9998399615287781,200
cka_feddst,mnist,0.9,21,results/logs/cka_strength_sweep/all_20260516_024344/strength_0p2/seed_21/splits/mnist_split_seed21_clients5_alpha0p3_ref200.json,0.2,2,conv2,1,4,0.9999226927757263,0.9998399615287781,200
cka_feddst,mnist,0.9,21,results/logs/cka_strength_sweep/all_20260516_024344/strength_0p2/seed_21/splits/mnist_split_seed21_clients5_alpha0p3_ref200.json,0.2,2,conv2,2,0,0.9997224807739258,0.9998399615287781,200
cka_feddst,mnist,0.9,21,results/logs/cka_strength_sweep/all_20260516_024344/strength_0p2/seed_21/splits/mnist_split_seed21_clients5_alpha0p3_ref200.json,0.2,2,conv2,2,1,0.9999780058860779,0.9998399615287781,200
cka_feddst,mnist,0.9,21,results/logs/cka_strength_sweep/all_20260516_024344/strength_0p2/seed_21/splits/mnist_split_seed21_clients5_alpha0p3_ref200.json,0.2,2,conv2,2,2,1.0,0.9998399615287781,200
cka_feddst,mnist,0.9,21,results/logs/cka_strength_sweep/all_20260516_024344/strength_0p2/seed_21/splits/mnist_split_seed21_clients5_alpha0p3_ref200.json,0.2,2,conv2,2,3,0.9999442100524902,0.9998399615287781,200
cka_feddst,mnist,0.9,21,results/logs/cka_strength_sweep/all_20260516_024344/strength_0p2/seed_21/splits/mnist_split_seed21_clients5_alpha0p3_ref200.json,0.2,2,conv2,2,4,0.9999209642410278,0.9998399615287781,200
cka_feddst,mnist,0.9,21,results/logs/cka_strength_sweep/all_20260516_024344/strength_0p2/seed_21/splits/mnist_split_seed21_clients5_alpha0p3_ref200.json,0.2,2,conv2,3,0,0.9996005296707153,0.9998399615287781,200
cka_feddst,mnist,0.9,21,results/logs/cka_strength_sweep/all_20260516_024344/strength_0p2/seed_21/splits/mnist_split_seed21_clients5_alpha0p3_ref200.json,0.2,2,conv2,3,1,0.999930202960968,0.9998399615287781,200
cka_feddst,mnist,0.9,21,results/logs/cka_strength_sweep/all_20260516_024344/strength_0p2/seed_21/splits/mnist_split_seed21_clients5_alpha0p3_ref200.json,0.2,2,conv2,3,2,0.9999442100524902,0.9998399615287781,200
cka_feddst,mnist,0.9,21,results/logs/cka_strength_sweep/all_20260516_024344/strength_0p2/seed_21/splits/mnist_split_seed21_clients5_alpha0p3_ref200.json,0.2,2,conv2,3,3,1.0,0.9998399615287781,200
cka_feddst,mnist,0.9,21,results/logs/cka_strength_sweep/all_20260516_024344/strength_0p2/seed_21/splits/mnist_split_seed21_clients5_alpha0p3_ref200.json,0.2,2,conv2,3,4,0.999991774559021,0.9998399615287781,200
cka_feddst,mnist,0.9,21,results/logs/cka_strength_sweep/all_20260516_024344/strength_0p2/seed_21/splits/mnist_split_seed21_clients5_alpha0p3_ref200.json,0.2,2,conv2,4,0,0.9995776414871216,0.9998399615287781,200
cka_feddst,mnist,0.9,21,results/logs/cka_strength_sweep/all_20260516_024344/strength_0p2/seed_21/splits/mnist_split_seed21_clients5_alpha0p3_ref200.json,0.2,2,conv2,4,1,0.9999226927757263,0.9998399615287781,200
cka_feddst,mnist,0.9,21,results/logs/cka_strength_sweep/all_20260516_024344/strength_0p2/seed_21/splits/mnist_split_seed21_clients5_alpha0p3_ref200.json,0.2,2,conv2,4,2,0.9999209642410278,0.9998399615287781,200
cka_feddst,mnist,0.9,21,results/logs/cka_strength_sweep/all_20260516_024344/strength_0p2/seed_21/splits/mnist_split_seed21_clients5_alpha0p3_ref200.json,0.2,2,conv2,4,3,0.999991774559021,0.9998399615287781,200
cka_feddst,mnist,0.9,21,results/logs/cka_strength_sweep/all_20260516_024344/strength_0p2/seed_21/splits/mnist_split_seed21_clients5_alpha0p3_ref200.json,0.2,2,conv2,4,4,1.0,0.9998399615287781,200
cka_feddst,mnist,0.9,21,results/logs/cka_strength_sweep/all_20260516_024344/strength_0p2/seed_21/splits/mnist_split_seed21_clients5_alpha0p3_ref200.json,0.2,2,fc1,0,0,1.0,0.9555736780166626,200
cka_feddst,mnist,0.9,21,results/logs/cka_strength_sweep/all_20260516_024344/strength_0p2/seed_21/splits/mnist_split_seed21_clients5_alpha0p3_ref200.json,0.2,2,fc1,0,1,0.9407320022583008,0.9555736780166626,200
cka_feddst,mnist,0.9,21,results/logs/cka_strength_sweep/all_20260516_024344/strength_0p2/seed_21/splits/mnist_split_seed21_clients5_alpha0p3_ref200.json,0.2,2,fc1,0,2,0.9257456064224243,0.9555736780166626,200
cka_feddst,mnist,0.9,21,results/logs/cka_strength_sweep/all_20260516_024344/strength_0p2/seed_21/splits/mnist_split_seed21_clients5_alpha0p3_ref200.json,0.2,2,fc1,0,3,0.9204603433609009,0.9555736780166626,200
cka_feddst,mnist,0.9,21,results/logs/cka_strength_sweep/all_20260516_024344/strength_0p2/seed_21/splits/mnist_split_seed21_clients5_alpha0p3_ref200.json,0.2,2,fc1,0,4,0.8833552598953247,0.9555736780166626,200
cka_feddst,mnist,0.9,21,results/logs/cka_strength_sweep/all_20260516_024344/strength_0p2/seed_21/splits/mnist_split_seed21_clients5_alpha0p3_ref200.json,0.2,2,fc1,1,0,0.9407320022583008,0.9555736780166626,200
cka_feddst,mnist,0.9,21,results/logs/cka_strength_sweep/all_20260516_024344/strength_0p2/seed_21/splits/mnist_split_seed21_clients5_alpha0p3_ref200.json,0.2,2,fc1,1,1,1.0,0.9555736780166626,200
cka_feddst,mnist,0.9,21,results/logs/cka_strength_sweep/all_20260516_024344/strength_0p2/seed_21/splits/mnist_split_seed21_clients5_alpha0p3_ref200.json,0.2,2,fc1,1,2,0.9902531504631042,0.9555736780166626,200
cka_feddst,mnist,0.9,21,results/logs/cka_strength_sweep/all_20260516_024344/strength_0p2/seed_21/splits/mnist_split_seed21_clients5_alpha0p3_ref200.json,0.2,2,fc1,1,3,0.9789869785308838,0.9555736780166626,200
cka_feddst,mnist,0.9,21,results/logs/cka_strength_sweep/all_20260516_024344/strength_0p2/seed_21/splits/mnist_split_seed21_clients5_alpha0p3_ref200.json,0.2,2,fc1,1,4,0.9757978916168213,0.9555736780166626,200
cka_feddst,mnist,0.9,21,results/logs/cka_strength_sweep/all_20260516_024344/strength_0p2/seed_21/splits/mnist_split_seed21_clients5_alpha0p3_ref200.json,0.2,2,fc1,2,0,0.9257456064224243,0.9555736780166626,200
cka_feddst,mnist,0.9,21,results/logs/cka_strength_sweep/all_20260516_024344/strength_0p2/seed_21/splits/mnist_split_seed21_clients5_alpha0p3_ref200.json,0.2,2,fc1,2,1,0.9902531504631042,0.9555736780166626,200
cka_feddst,mnist,0.9,21,results/logs/cka_strength_sweep/all_20260516_024344/strength_0p2/seed_21/splits/mnist_split_seed21_clients5_alpha0p3_ref200.json,0.2,2,fc1,2,2,1.0,0.9555736780166626,200
cka_feddst,mnist,0.9,21,results/logs/cka_strength_sweep/all_20260516_024344/strength_0p2/seed_21/splits/mnist_split_seed21_clients5_alpha0p3_ref200.json,0.2,2,fc1,2,3,0.985143780708313,0.9555736780166626,200
cka_feddst,mnist,0.9,21,results/logs/cka_strength_sweep/all_20260516_024344/strength_0p2/seed_21/splits/mnist_split_seed21_clients5_alpha0p3_ref200.json,0.2,2,fc1,2,4,0.9756262898445129,0.9555736780166626,200
cka_feddst,mnist,0.9,21,results/logs/cka_strength_sweep/all_20260516_024344/strength_0p2/seed_21/splits/mnist_split_seed21_clients5_alpha0p3_ref200.json,0.2,2,fc1,3,0,0.9204603433609009,0.9555736780166626,200
cka_feddst,mnist,0.9,21,results/logs/cka_strength_sweep/all_20260516_024344/strength_0p2/seed_21/splits/mnist_split_seed21_clients5_alpha0p3_ref200.json,0.2,2,fc1,3,1,0.9789869785308838,0.9555736780166626,200
cka_feddst,mnist,0.9,21,results/logs/cka_strength_sweep/all_20260516_024344/strength_0p2/seed_21/splits/mnist_split_seed21_clients5_alpha0p3_ref200.json,0.2,2,fc1,3,2,0.985143780708313,0.9555736780166626,200
cka_feddst,mnist,0.9,21,results/logs/cka_strength_sweep/all_20260516_024344/strength_0p2/seed_21/splits/mnist_split_seed21_clients5_alpha0p3_ref200.json,0.2,2,fc1,3,3,1.0,0.9555736780166626,200
cka_feddst,mnist,0.9,21,results/logs/cka_strength_sweep/all_20260516_024344/strength_0p2/seed_21/splits/mnist_split_seed21_clients5_alpha0p3_ref200.json,0.2,2,fc1,3,4,0.9796360731124878,0.9555736780166626,200
cka_feddst,mnist,0.9,21,results/logs/cka_strength_sweep/all_20260516_024344/strength_0p2/seed_21/splits/mnist_split_seed21_clients5_alpha0p3_ref200.json,0.2,2,fc1,4,0,0.8833552598953247,0.9555736780166626,200
cka_feddst,mnist,0.9,21,results/logs/cka_strength_sweep/all_20260516_024344/strength_0p2/seed_21/splits/mnist_split_seed21_clients5_alpha0p3_ref200.json,0.2,2,fc1,4,1,0.9757978916168213,0.9555736780166626,200
cka_feddst,mnist,0.9,21,results/logs/cka_strength_sweep/all_20260516_024344/strength_0p2/seed_21/splits/mnist_split_seed21_clients5_alpha0p3_ref200.json,0.2,2,fc1,4,2,0.9756262898445129,0.9555736780166626,200
cka_feddst,mnist,0.9,21,results/logs/cka_strength_sweep/all_20260516_024344/strength_0p2/seed_21/splits/mnist_split_seed21_clients5_alpha0p3_ref200.json,0.2,2,fc1,4,3,0.9796360731124878,0.9555736780166626,200
cka_feddst,mnist,0.9,21,results/logs/cka_strength_sweep/all_20260516_024344/strength_0p2/seed_21/splits/mnist_split_seed21_clients5_alpha0p3_ref200.json,0.2,2,fc1,4,4,1.0,0.9555736780166626,200
cka_feddst,mnist,0.9,21,results/logs/cka_strength_sweep/all_20260516_024344/strength_0p2/seed_21/splits/mnist_split_seed21_clients5_alpha0p3_ref200.json,0.2,4,conv1,0,0,1.0,0.999991774559021,200
cka_feddst,mnist,0.9,21,results/logs/cka_strength_sweep/all_20260516_024344/strength_0p2/seed_21/splits/mnist_split_seed21_clients5_alpha0p3_ref200.json,0.2,4,conv1,0,1,0.9999904632568359,0.999991774559021,200
cka_feddst,mnist,0.9,21,results/logs/cka_strength_sweep/all_20260516_024344/strength_0p2/seed_21/splits/mnist_split_seed21_clients5_alpha0p3_ref200.json,0.2,4,conv1,0,2,0.9999814033508301,0.999991774559021,200
cka_feddst,mnist,0.9,21,results/logs/cka_strength_sweep/all_20260516_024344/strength_0p2/seed_21/splits/mnist_split_seed21_clients5_alpha0p3_ref200.json,0.2,4,conv1,0,3,0.9999945163726807,0.999991774559021,200
cka_feddst,mnist,0.9,21,results/logs/cka_strength_sweep/all_20260516_024344/strength_0p2/seed_21/splits/mnist_split_seed21_clients5_alpha0p3_ref200.json,0.2,4,conv1,0,4,0.9999719262123108,0.999991774559021,200
cka_feddst,mnist,0.9,21,results/logs/cka_strength_sweep/all_20260516_024344/strength_0p2/seed_21/splits/mnist_split_seed21_clients5_alpha0p3_ref200.json,0.2,4,conv1,1,0,0.9999904632568359,0.999991774559021,200
cka_feddst,mnist,0.9,21,results/logs/cka_strength_sweep/all_20260516_024344/strength_0p2/seed_21/splits/mnist_split_seed21_clients5_alpha0p3_ref200.json,0.2,4,conv1,1,1,1.0,0.999991774559021,200
cka_feddst,mnist,0.9,21,results/logs/cka_strength_sweep/all_20260516_024344/strength_0p2/seed_21/splits/mnist_split_seed21_clients5_alpha0p3_ref200.json,0.2,4,conv1,1,2,0.9999982714653015,0.999991774559021,200
cka_feddst,mnist,0.9,21,results/logs/cka_strength_sweep/all_20260516_024344/strength_0p2/seed_21/splits/mnist_split_seed21_clients5_alpha0p3_ref200.json,0.2,4,conv1,1,3,0.9999995231628418,0.999991774559021,200
cka_feddst,mnist,0.9,21,results/logs/cka_strength_sweep/all_20260516_024344/strength_0p2/seed_21/splits/mnist_split_seed21_clients5_alpha0p3_ref200.json,0.2,4,conv1,1,4,0.9999950528144836,0.999991774559021,200
cka_feddst,mnist,0.9,21,results/logs/cka_strength_sweep/all_20260516_024344/strength_0p2/seed_21/splits/mnist_split_seed21_clients5_alpha0p3_ref200.json,0.2,4,conv1,2,0,0.9999814033508301,0.999991774559021,200
cka_feddst,mnist,0.9,21,results/logs/cka_strength_sweep/all_20260516_024344/strength_0p2/seed_21/splits/mnist_split_seed21_clients5_alpha0p3_ref200.json,0.2,4,conv1,2,1,0.9999982714653015,0.999991774559021,200
cka_feddst,mnist,0.9,21,results/logs/cka_strength_sweep/all_20260516_024344/strength_0p2/seed_21/splits/mnist_split_seed21_clients5_alpha0p3_ref200.json,0.2,4,conv1,2,2,1.0,0.999991774559021,200
cka_feddst,mnist,0.9,21,results/logs/cka_strength_sweep/all_20260516_024344/strength_0p2/seed_21/splits/mnist_split_seed21_clients5_alpha0p3_ref200.json,0.2,4,conv1,2,3,0.999996542930603,0.999991774559021,200
cka_feddst,mnist,0.9,21,results/logs/cka_strength_sweep/all_20260516_024344/strength_0p2/seed_21/splits/mnist_split_seed21_clients5_alpha0p3_ref200.json,0.2,4,conv1,2,4,0.9999991059303284,0.999991774559021,200
cka_feddst,mnist,0.9,21,results/logs/cka_strength_sweep/all_20260516_024344/strength_0p2/seed_21/splits/mnist_split_seed21_clients5_alpha0p3_ref200.json,0.2,4,conv1,3,0,0.9999945163726807,0.999991774559021,200
cka_feddst,mnist,0.9,21,results/logs/cka_strength_sweep/all_20260516_024344/strength_0p2/seed_21/splits/mnist_split_seed21_clients5_alpha0p3_ref200.json,0.2,4,conv1,3,1,0.9999995231628418,0.999991774559021,200
cka_feddst,mnist,0.9,21,results/logs/cka_strength_sweep/all_20260516_024344/strength_0p2/seed_21/splits/mnist_split_seed21_clients5_alpha0p3_ref200.json,0.2,4,conv1,3,2,0.999996542930603,0.999991774559021,200
cka_feddst,mnist,0.9,21,results/logs/cka_strength_sweep/all_20260516_024344/strength_0p2/seed_21/splits/mnist_split_seed21_clients5_alpha0p3_ref200.json,0.2,4,conv1,3,3,1.0,0.999991774559021,200
cka_feddst,mnist,0.9,21,results/logs/cka_strength_sweep/all_20260516_024344/strength_0p2/seed_21/splits/mnist_split_seed21_clients5_alpha0p3_ref200.json,0.2,4,conv1,3,4,0.9999918341636658,0.999991774559021,200
cka_feddst,mnist,0.9,21,results/logs/cka_strength_sweep/all_20260516_024344/strength_0p2/seed_21/splits/mnist_split_seed21_clients5_alpha0p3_ref200.json,0.2,4,conv1,4,0,0.9999719262123108,0.999991774559021,200
cka_feddst,mnist,0.9,21,results/logs/cka_strength_sweep/all_20260516_024344/strength_0p2/seed_21/splits/mnist_split_seed21_clients5_alpha0p3_ref200.json,0.2,4,conv1,4,1,0.9999950528144836,0.999991774559021,200
cka_feddst,mnist,0.9,21,results/logs/cka_strength_sweep/all_20260516_024344/strength_0p2/seed_21/splits/mnist_split_seed21_clients5_alpha0p3_ref200.json,0.2,4,conv1,4,2,0.9999991059303284,0.999991774559021,200
cka_feddst,mnist,0.9,21,results/logs/cka_strength_sweep/all_20260516_024344/strength_0p2/seed_21/splits/mnist_split_seed21_clients5_alpha0p3_ref200.json,0.2,4,conv1,4,3,0.9999918341636658,0.999991774559021,200
cka_feddst,mnist,0.9,21,results/logs/cka_strength_sweep/all_20260516_024344/strength_0p2/seed_21/splits/mnist_split_seed21_clients5_alpha0p3_ref200.json,0.2,4,conv1,4,4,1.0,0.999991774559021,200
cka_feddst,mnist,0.9,21,results/logs/cka_strength_sweep/all_20260516_024344/strength_0p2/seed_21/splits/mnist_split_seed21_clients5_alpha0p3_ref200.json,0.2,4,conv2,0,0,1.0,0.9972367286682129,200
cka_feddst,mnist,0.9,21,results/logs/cka_strength_sweep/all_20260516_024344/strength_0p2/seed_21/splits/mnist_split_seed21_clients5_alpha0p3_ref200.json,0.2,4,conv2,0,1,0.9999034404754639,0.9972367286682129,200
cka_feddst,mnist,0.9,21,results/logs/cka_strength_sweep/all_20260516_024344/strength_0p2/seed_21/splits/mnist_split_seed21_clients5_alpha0p3_ref200.json,0.2,4,conv2,0,2,0.9995737075805664,0.9972367286682129,200
cka_feddst,mnist,0.9,21,results/logs/cka_strength_sweep/all_20260516_024344/strength_0p2/seed_21/splits/mnist_split_seed21_clients5_alpha0p3_ref200.json,0.2,4,conv2,0,3,0.9999247789382935,0.9972367286682129,200
cka_feddst,mnist,0.9,21,results/logs/cka_strength_sweep/all_20260516_024344/strength_0p2/seed_21/splits/mnist_split_seed21_clients5_alpha0p3_ref200.json,0.2,4,conv2,0,4,0.9927684664726257,0.9972367286682129,200
cka_feddst,mnist,0.9,21,results/logs/cka_strength_sweep/all_20260516_024344/strength_0p2/seed_21/splits/mnist_split_seed21_clients5_alpha0p3_ref200.json,0.2,4,conv2,1,0,0.9999034404754639,0.9972367286682129,200
cka_feddst,mnist,0.9,21,results/logs/cka_strength_sweep/all_20260516_024344/strength_0p2/seed_21/splits/mnist_split_seed21_clients5_alpha0p3_ref200.json,0.2,4,conv2,1,1,1.0,0.9972367286682129,200
cka_feddst,mnist,0.9,21,results/logs/cka_strength_sweep/all_20260516_024344/strength_0p2/seed_21/splits/mnist_split_seed21_clients5_alpha0p3_ref200.json,0.2,4,conv2,1,2,0.9997721910476685,0.9972367286682129,200
cka_feddst,mnist,0.9,21,results/logs/cka_strength_sweep/all_20260516_024344/strength_0p2/seed_21/splits/mnist_split_seed21_clients5_alpha0p3_ref200.json,0.2,4,conv2,1,3,0.9999600648880005,0.9972367286682129,200
cka_feddst,mnist,0.9,21,results/logs/cka_strength_sweep/all_20260516_024344/strength_0p2/seed_21/splits/mnist_split_seed21_clients5_alpha0p3_ref200.json,0.2,4,conv2,1,4,0.9932374358177185,0.9972367286682129,200
cka_feddst,mnist,0.9,21,results/logs/cka_strength_sweep/all_20260516_024344/strength_0p2/seed_21/splits/mnist_split_seed21_clients5_alpha0p3_ref200.json,0.2,4,conv2,2,0,0.9995737075805664,0.9972367286682129,200
cka_feddst,mnist,0.9,21,results/logs/cka_strength_sweep/all_20260516_024344/strength_0p2/seed_21/splits/mnist_split_seed21_clients5_alpha0p3_ref200.json,0.2,4,conv2,2,1,0.9997721910476685,0.9972367286682129,200
cka_feddst,mnist,0.9,21,results/logs/cka_strength_sweep/all_20260516_024344/strength_0p2/seed_21/splits/mnist_split_seed21_clients5_alpha0p3_ref200.json,0.2,4,conv2,2,2,1.0,0.9972367286682129,200
cka_feddst,mnist,0.9,21,results/logs/cka_strength_sweep/all_20260516_024344/strength_0p2/seed_21/splits/mnist_split_seed21_clients5_alpha0p3_ref200.json,0.2,4,conv2,2,3,0.9995598196983337,0.9972367286682129,200
cka_feddst,mnist,0.9,21,results/logs/cka_strength_sweep/all_20260516_024344/strength_0p2/seed_21/splits/mnist_split_seed21_clients5_alpha0p3_ref200.json,0.2,4,conv2,2,4,0.9954317212104797,0.9972367286682129,200
cka_feddst,mnist,0.9,21,results/logs/cka_strength_sweep/all_20260516_024344/strength_0p2/seed_21/splits/mnist_split_seed21_clients5_alpha0p3_ref200.json,0.2,4,conv2,3,0,0.9999247789382935,0.9972367286682129,200
cka_feddst,mnist,0.9,21,results/logs/cka_strength_sweep/all_20260516_024344/strength_0p2/seed_21/splits/mnist_split_seed21_clients5_alpha0p3_ref200.json,0.2,4,conv2,3,1,0.9999600648880005,0.9972367286682129,200
cka_feddst,mnist,0.9,21,results/logs/cka_strength_sweep/all_20260516_024344/strength_0p2/seed_21/splits/mnist_split_seed21_clients5_alpha0p3_ref200.json,0.2,4,conv2,3,2,0.9995598196983337,0.9972367286682129,200
cka_feddst,mnist,0.9,21,results/logs/cka_strength_sweep/all_20260516_024344/strength_0p2/seed_21/splits/mnist_split_seed21_clients5_alpha0p3_ref200.json,0.2,4,conv2,3,3,1.0,0.9972367286682129,200
cka_feddst,mnist,0.9,21,results/logs/cka_strength_sweep/all_20260516_024344/strength_0p2/seed_21/splits/mnist_split_seed21_clients5_alpha0p3_ref200.json,0.2,4,conv2,3,4,0.9922371506690979,0.9972367286682129,200
cka_feddst,mnist,0.9,21,results/logs/cka_strength_sweep/all_20260516_024344/strength_0p2/seed_21/splits/mnist_split_seed21_clients5_alpha0p3_ref200.json,0.2,4,conv2,4,0,0.9927684664726257,0.9972367286682129,200
cka_feddst,mnist,0.9,21,results/logs/cka_strength_sweep/all_20260516_024344/strength_0p2/seed_21/splits/mnist_split_seed21_clients5_alpha0p3_ref200.json,0.2,4,conv2,4,1,0.9932374358177185,0.9972367286682129,200
cka_feddst,mnist,0.9,21,results/logs/cka_strength_sweep/all_20260516_024344/strength_0p2/seed_21/splits/mnist_split_seed21_clients5_alpha0p3_ref200.json,0.2,4,conv2,4,2,0.9954317212104797,0.9972367286682129,200
cka_feddst,mnist,0.9,21,results/logs/cka_strength_sweep/all_20260516_024344/strength_0p2/seed_21/splits/mnist_split_seed21_clients5_alpha0p3_ref200.json,0.2,4,conv2,4,3,0.9922371506690979,0.9972367286682129,200
cka_feddst,mnist,0.9,21,results/logs/cka_strength_sweep/all_20260516_024344/strength_0p2/seed_21/splits/mnist_split_seed21_clients5_alpha0p3_ref200.json,0.2,4,conv2,4,4,1.0,0.9972367286682129,200
cka_feddst,mnist,0.9,21,results/logs/cka_strength_sweep/all_20260516_024344/strength_0p2/seed_21/splits/mnist_split_seed21_clients5_alpha0p3_ref200.json,0.2,4,fc1,0,0,1.0,0.9710033535957336,200
cka_feddst,mnist,0.9,21,results/logs/cka_strength_sweep/all_20260516_024344/strength_0p2/seed_21/splits/mnist_split_seed21_clients5_alpha0p3_ref200.json,0.2,4,fc1,0,1,0.9579010605812073,0.9710033535957336,200
cka_feddst,mnist,0.9,21,results/logs/cka_strength_sweep/all_20260516_024344/strength_0p2/seed_21/splits/mnist_split_seed21_clients5_alpha0p3_ref200.json,0.2,4,fc1,0,2,0.9771847128868103,0.9710033535957336,200
cka_feddst,mnist,0.9,21,results/logs/cka_strength_sweep/all_20260516_024344/strength_0p2/seed_21/splits/mnist_split_seed21_clients5_alpha0p3_ref200.json,0.2,4,fc1,0,3,0.9381865859031677,0.9710033535957336,200
cka_feddst,mnist,0.9,21,results/logs/cka_strength_sweep/all_20260516_024344/strength_0p2/seed_21/splits/mnist_split_seed21_clients5_alpha0p3_ref200.json,0.2,4,fc1,0,4,0.9529553055763245,0.9710033535957336,200
cka_feddst,mnist,0.9,21,results/logs/cka_strength_sweep/all_20260516_024344/strength_0p2/seed_21/splits/mnist_split_seed21_clients5_alpha0p3_ref200.json,0.2,4,fc1,1,0,0.9579010605812073,0.9710033535957336,200
cka_feddst,mnist,0.9,21,results/logs/cka_strength_sweep/all_20260516_024344/strength_0p2/seed_21/splits/mnist_split_seed21_clients5_alpha0p3_ref200.json,0.2,4,fc1,1,1,1.0,0.9710033535957336,200
cka_feddst,mnist,0.9,21,results/logs/cka_strength_sweep/all_20260516_024344/strength_0p2/seed_21/splits/mnist_split_seed21_clients5_alpha0p3_ref200.json,0.2,4,fc1,1,2,0.9817146062850952,0.9710033535957336,200
cka_feddst,mnist,0.9,21,results/logs/cka_strength_sweep/all_20260516_024344/strength_0p2/seed_21/splits/mnist_split_seed21_clients5_alpha0p3_ref200.json,0.2,4,fc1,1,3,0.9840055704116821,0.9710033535957336,200
cka_feddst,mnist,0.9,21,results/logs/cka_strength_sweep/all_20260516_024344/strength_0p2/seed_21/splits/mnist_split_seed21_clients5_alpha0p3_ref200.json,0.2,4,fc1,1,4,0.9785564541816711,0.9710033535957336,200
cka_feddst,mnist,0.9,21,results/logs/cka_strength_sweep/all_20260516_024344/strength_0p2/seed_21/splits/mnist_split_seed21_clients5_alpha0p3_ref200.json,0.2,4,fc1,2,0,0.9771847128868103,0.9710033535957336,200
cka_feddst,mnist,0.9,21,results/logs/cka_strength_sweep/all_20260516_024344/strength_0p2/seed_21/splits/mnist_split_seed21_clients5_alpha0p3_ref200.json,0.2,4,fc1,2,1,0.9817146062850952,0.9710033535957336,200
cka_feddst,mnist,0.9,21,results/logs/cka_strength_sweep/all_20260516_024344/strength_0p2/seed_21/splits/mnist_split_seed21_clients5_alpha0p3_ref200.json,0.2,4,fc1,2,2,1.0,0.9710033535957336,200
cka_feddst,mnist,0.9,21,results/logs/cka_strength_sweep/all_20260516_024344/strength_0p2/seed_21/splits/mnist_split_seed21_clients5_alpha0p3_ref200.json,0.2,4,fc1,2,3,0.9822505116462708,0.9710033535957336,200
cka_feddst,mnist,0.9,21,results/logs/cka_strength_sweep/all_20260516_024344/strength_0p2/seed_21/splits/mnist_split_seed21_clients5_alpha0p3_ref200.json,0.2,4,fc1,2,4,0.9859623312950134,0.9710033535957336,200
cka_feddst,mnist,0.9,21,results/logs/cka_strength_sweep/all_20260516_024344/strength_0p2/seed_21/splits/mnist_split_seed21_clients5_alpha0p3_ref200.json,0.2,4,fc1,3,0,0.9381865859031677,0.9710033535957336,200
cka_feddst,mnist,0.9,21,results/logs/cka_strength_sweep/all_20260516_024344/strength_0p2/seed_21/splits/mnist_split_seed21_clients5_alpha0p3_ref200.json,0.2,4,fc1,3,1,0.9840055704116821,0.9710033535957336,200
cka_feddst,mnist,0.9,21,results/logs/cka_strength_sweep/all_20260516_024344/strength_0p2/seed_21/splits/mnist_split_seed21_clients5_alpha0p3_ref200.json,0.2,4,fc1,3,2,0.9822505116462708,0.9710033535957336,200
cka_feddst,mnist,0.9,21,results/logs/cka_strength_sweep/all_20260516_024344/strength_0p2/seed_21/splits/mnist_split_seed21_clients5_alpha0p3_ref200.json,0.2,4,fc1,3,3,1.0,0.9710033535957336,200
cka_feddst,mnist,0.9,21,results/logs/cka_strength_sweep/all_20260516_024344/strength_0p2/seed_21/splits/mnist_split_seed21_clients5_alpha0p3_ref200.json,0.2,4,fc1,3,4,0.971316397190094,0.9710033535957336,200
cka_feddst,mnist,0.9,21,results/logs/cka_strength_sweep/all_20260516_024344/strength_0p2/seed_21/splits/mnist_split_seed21_clients5_alpha0p3_ref200.json,0.2,4,fc1,4,0,0.9529553055763245,0.9710033535957336,200
cka_feddst,mnist,0.9,21,results/logs/cka_strength_sweep/all_20260516_024344/strength_0p2/seed_21/splits/mnist_split_seed21_clients5_alpha0p3_ref200.json,0.2,4,fc1,4,1,0.9785564541816711,0.9710033535957336,200
cka_feddst,mnist,0.9,21,results/logs/cka_strength_sweep/all_20260516_024344/strength_0p2/seed_21/splits/mnist_split_seed21_clients5_alpha0p3_ref200.json,0.2,4,fc1,4,2,0.9859623312950134,0.9710033535957336,200
cka_feddst,mnist,0.9,21,results/logs/cka_strength_sweep/all_20260516_024344/strength_0p2/seed_21/splits/mnist_split_seed21_clients5_alpha0p3_ref200.json,0.2,4,fc1,4,3,0.971316397190094,0.9710033535957336,200
cka_feddst,mnist,0.9,21,results/logs/cka_strength_sweep/all_20260516_024344/strength_0p2/seed_21/splits/mnist_split_seed21_clients5_alpha0p3_ref200.json,0.2,4,fc1,4,4,1.0,0.9710033535957336,200
cka_feddst,mnist,0.9,21,results/logs/cka_strength_sweep/all_20260516_024344/strength_0p2/seed_21/splits/mnist_split_seed21_clients5_alpha0p3_ref200.json,0.2,6,conv1,0,0,1.0,0.999853253364563,200
cka_feddst,mnist,0.9,21,results/logs/cka_strength_sweep/all_20260516_024344/strength_0p2/seed_21/splits/mnist_split_seed21_clients5_alpha0p3_ref200.json,0.2,6,conv1,0,1,0.9997153878211975,0.999853253364563,200
cka_feddst,mnist,0.9,21,results/logs/cka_strength_sweep/all_20260516_024344/strength_0p2/seed_21/splits/mnist_split_seed21_clients5_alpha0p3_ref200.json,0.2,6,conv1,0,2,0.9996844530105591,0.999853253364563,200
cka_feddst,mnist,0.9,21,results/logs/cka_strength_sweep/all_20260516_024344/strength_0p2/seed_21/splits/mnist_split_seed21_clients5_alpha0p3_ref200.json,0.2,6,conv1,0,3,0.9995810389518738,0.999853253364563,200
cka_feddst,mnist,0.9,21,results/logs/cka_strength_sweep/all_20260516_024344/strength_0p2/seed_21/splits/mnist_split_seed21_clients5_alpha0p3_ref200.json,0.2,6,conv1,0,4,0.9995946288108826,0.999853253364563,200
cka_feddst,mnist,0.9,21,results/logs/cka_strength_sweep/all_20260516_024344/strength_0p2/seed_21/splits/mnist_split_seed21_clients5_alpha0p3_ref200.json,0.2,6,conv1,1,0,0.9997153878211975,0.999853253364563,200
cka_feddst,mnist,0.9,21,results/logs/cka_strength_sweep/all_20260516_024344/strength_0p2/seed_21/splits/mnist_split_seed21_clients5_alpha0p3_ref200.json,0.2,6,conv1,1,1,1.0,0.999853253364563,200
cka_feddst,mnist,0.9,21,results/logs/cka_strength_sweep/all_20260516_024344/strength_0p2/seed_21/splits/mnist_split_seed21_clients5_alpha0p3_ref200.json,0.2,6,conv1,1,2,0.9999963641166687,0.999853253364563,200
cka_feddst,mnist,0.9,21,results/logs/cka_strength_sweep/all_20260516_024344/strength_0p2/seed_21/splits/mnist_split_seed21_clients5_alpha0p3_ref200.json,0.2,6,conv1,1,3,0.9999865889549255,0.999853253364563,200
cka_feddst,mnist,0.9,21,results/logs/cka_strength_sweep/all_20260516_024344/strength_0p2/seed_21/splits/mnist_split_seed21_clients5_alpha0p3_ref200.json,0.2,6,conv1,1,4,0.9999874830245972,0.999853253364563,200
cka_feddst,mnist,0.9,21,results/logs/cka_strength_sweep/all_20260516_024344/strength_0p2/seed_21/splits/mnist_split_seed21_clients5_alpha0p3_ref200.json,0.2,6,conv1,2,0,0.9996844530105591,0.999853253364563,200
cka_feddst,mnist,0.9,21,results/logs/cka_strength_sweep/all_20260516_024344/strength_0p2/seed_21/splits/mnist_split_seed21_clients5_alpha0p3_ref200.json,0.2,6,conv1,2,1,0.9999963641166687,0.999853253364563,200
cka_feddst,mnist,0.9,21,results/logs/cka_strength_sweep/all_20260516_024344/strength_0p2/seed_21/splits/mnist_split_seed21_clients5_alpha0p3_ref200.json,0.2,6,conv1,2,2,1.0,0.999853253364563,200
cka_feddst,mnist,0.9,21,results/logs/cka_strength_sweep/all_20260516_024344/strength_0p2/seed_21/splits/mnist_split_seed21_clients5_alpha0p3_ref200.json,0.2,6,conv1,2,3,0.9999917149543762,0.999853253364563,200
cka_feddst,mnist,0.9,21,results/logs/cka_strength_sweep/all_20260516_024344/strength_0p2/seed_21/splits/mnist_split_seed21_clients5_alpha0p3_ref200.json,0.2,6,conv1,2,4,0.9999949336051941,0.999853253364563,200
cka_feddst,mnist,0.9,21,results/logs/cka_strength_sweep/all_20260516_024344/strength_0p2/seed_21/splits/mnist_split_seed21_clients5_alpha0p3_ref200.json,0.2,6,conv1,3,0,0.9995810389518738,0.999853253364563,200
cka_feddst,mnist,0.9,21,results/logs/cka_strength_sweep/all_20260516_024344/strength_0p2/seed_21/splits/mnist_split_seed21_clients5_alpha0p3_ref200.json,0.2,6,conv1,3,1,0.9999865889549255,0.999853253364563,200
cka_feddst,mnist,0.9,21,results/logs/cka_strength_sweep/all_20260516_024344/strength_0p2/seed_21/splits/mnist_split_seed21_clients5_alpha0p3_ref200.json,0.2,6,conv1,3,2,0.9999917149543762,0.999853253364563,200
cka_feddst,mnist,0.9,21,results/logs/cka_strength_sweep/all_20260516_024344/strength_0p2/seed_21/splits/mnist_split_seed21_clients5_alpha0p3_ref200.json,0.2,6,conv1,3,3,1.0,0.999853253364563,200
cka_feddst,mnist,0.9,21,results/logs/cka_strength_sweep/all_20260516_024344/strength_0p2/seed_21/splits/mnist_split_seed21_clients5_alpha0p3_ref200.json,0.2,6,conv1,3,4,1.0,0.999853253364563,200
cka_feddst,mnist,0.9,21,results/logs/cka_strength_sweep/all_20260516_024344/strength_0p2/seed_21/splits/mnist_split_seed21_clients5_alpha0p3_ref200.json,0.2,6,conv1,4,0,0.9995946288108826,0.999853253364563,200
cka_feddst,mnist,0.9,21,results/logs/cka_strength_sweep/all_20260516_024344/strength_0p2/seed_21/splits/mnist_split_seed21_clients5_alpha0p3_ref200.json,0.2,6,conv1,4,1,0.9999874830245972,0.999853253364563,200
cka_feddst,mnist,0.9,21,results/logs/cka_strength_sweep/all_20260516_024344/strength_0p2/seed_21/splits/mnist_split_seed21_clients5_alpha0p3_ref200.json,0.2,6,conv1,4,2,0.9999949336051941,0.999853253364563,200
cka_feddst,mnist,0.9,21,results/logs/cka_strength_sweep/all_20260516_024344/strength_0p2/seed_21/splits/mnist_split_seed21_clients5_alpha0p3_ref200.json,0.2,6,conv1,4,3,1.0,0.999853253364563,200
cka_feddst,mnist,0.9,21,results/logs/cka_strength_sweep/all_20260516_024344/strength_0p2/seed_21/splits/mnist_split_seed21_clients5_alpha0p3_ref200.json,0.2,6,conv1,4,4,1.0,0.999853253364563,200
cka_feddst,mnist,0.9,21,results/logs/cka_strength_sweep/all_20260516_024344/strength_0p2/seed_21/splits/mnist_split_seed21_clients5_alpha0p3_ref200.json,0.2,6,conv2,0,0,1.0,0.9999268651008606,200
cka_feddst,mnist,0.9,21,results/logs/cka_strength_sweep/all_20260516_024344/strength_0p2/seed_21/splits/mnist_split_seed21_clients5_alpha0p3_ref200.json,0.2,6,conv2,0,1,0.999884843826294,0.9999268651008606,200
cka_feddst,mnist,0.9,21,results/logs/cka_strength_sweep/all_20260516_024344/strength_0p2/seed_21/splits/mnist_split_seed21_clients5_alpha0p3_ref200.json,0.2,6,conv2,0,2,0.9998797178268433,0.9999268651008606,200
cka_feddst,mnist,0.9,21,results/logs/cka_strength_sweep/all_20260516_024344/strength_0p2/seed_21/splits/mnist_split_seed21_clients5_alpha0p3_ref200.json,0.2,6,conv2,0,3,0.9998874068260193,0.9999268651008606,200
cka_feddst,mnist,0.9,21,results/logs/cka_strength_sweep/all_20260516_024344/strength_0p2/seed_21/splits/mnist_split_seed21_clients5_alpha0p3_ref200.json,0.2,6,conv2,0,4,0.9998864531517029,0.9999268651008606,200
cka_feddst,mnist,0.9,21,results/logs/cka_strength_sweep/all_20260516_024344/strength_0p2/seed_21/splits/mnist_split_seed21_clients5_alpha0p3_ref200.json,0.2,6,conv2,1,0,0.999884843826294,0.9999268651008606,200
cka_feddst,mnist,0.9,21,results/logs/cka_strength_sweep/all_20260516_024344/strength_0p2/seed_21/splits/mnist_split_seed21_clients5_alpha0p3_ref200.json,0.2,6,conv2,1,1,1.0,0.9999268651008606,200
cka_feddst,mnist,0.9,21,results/logs/cka_strength_sweep/all_20260516_024344/strength_0p2/seed_21/splits/mnist_split_seed21_clients5_alpha0p3_ref200.json,0.2,6,conv2,1,2,0.9998854398727417,0.9999268651008606,200
cka_feddst,mnist,0.9,21,results/logs/cka_strength_sweep/all_20260516_024344/strength_0p2/seed_21/splits/mnist_split_seed21_clients5_alpha0p3_ref200.json,0.2,6,conv2,1,3,0.999984622001648,0.9999268651008606,200
cka_feddst,mnist,0.9,21,results/logs/cka_strength_sweep/all_20260516_024344/strength_0p2/seed_21/splits/mnist_split_seed21_clients5_alpha0p3_ref200.json,0.2,6,conv2,1,4,0.9999475479125977,0.9999268651008606,200
cka_feddst,mnist,0.9,21,results/logs/cka_strength_sweep/all_20260516_024344/strength_0p2/seed_21/splits/mnist_split_seed21_clients5_alpha0p3_ref200.json,0.2,6,conv2,2,0,0.9998797178268433,0.9999268651008606,200
cka_feddst,mnist,0.9,21,results/logs/cka_strength_sweep/all_20260516_024344/strength_0p2/seed_21/splits/mnist_split_seed21_clients5_alpha0p3_ref200.json,0.2,6,conv2,2,1,0.9998854398727417,0.9999268651008606,200
cka_feddst,mnist,0.9,21,results/logs/cka_strength_sweep/all_20260516_024344/strength_0p2/seed_21/splits/mnist_split_seed21_clients5_alpha0p3_ref200.json,0.2,6,conv2,2,2,1.0,0.9999268651008606,200
cka_feddst,mnist,0.9,21,results/logs/cka_strength_sweep/all_20260516_024344/strength_0p2/seed_21/splits/mnist_split_seed21_clients5_alpha0p3_ref200.json,0.2,6,conv2,2,3,0.9999418258666992,0.9999268651008606,200
cka_feddst,mnist,0.9,21,results/logs/cka_strength_sweep/all_20260516_024344/strength_0p2/seed_21/splits/mnist_split_seed21_clients5_alpha0p3_ref200.json,0.2,6,conv2,2,4,0.999985933303833,0.9999268651008606,200
cka_feddst,mnist,0.9,21,results/logs/cka_strength_sweep/all_20260516_024344/strength_0p2/seed_21/splits/mnist_split_seed21_clients5_alpha0p3_ref200.json,0.2,6,conv2,3,0,0.9998874068260193,0.9999268651008606,200
cka_feddst,mnist,0.9,21,results/logs/cka_strength_sweep/all_20260516_024344/strength_0p2/seed_21/splits/mnist_split_seed21_clients5_alpha0p3_ref200.json,0.2,6,conv2,3,1,0.999984622001648,0.9999268651008606,200
cka_feddst,mnist,0.9,21,results/logs/cka_strength_sweep/all_20260516_024344/strength_0p2/seed_21/splits/mnist_split_seed21_clients5_alpha0p3_ref200.json,0.2,6,conv2,3,2,0.9999418258666992,0.9999268651008606,200
cka_feddst,mnist,0.9,21,results/logs/cka_strength_sweep/all_20260516_024344/strength_0p2/seed_21/splits/mnist_split_seed21_clients5_alpha0p3_ref200.json,0.2,6,conv2,3,3,1.0,0.9999268651008606,200
cka_feddst,mnist,0.9,21,results/logs/cka_strength_sweep/all_20260516_024344/strength_0p2/seed_21/splits/mnist_split_seed21_clients5_alpha0p3_ref200.json,0.2,6,conv2,3,4,0.9999843835830688,0.9999268651008606,200
cka_feddst,mnist,0.9,21,results/logs/cka_strength_sweep/all_20260516_024344/strength_0p2/seed_21/splits/mnist_split_seed21_clients5_alpha0p3_ref200.json,0.2,6,conv2,4,0,0.9998864531517029,0.9999268651008606,200
cka_feddst,mnist,0.9,21,results/logs/cka_strength_sweep/all_20260516_024344/strength_0p2/seed_21/splits/mnist_split_seed21_clients5_alpha0p3_ref200.json,0.2,6,conv2,4,1,0.9999475479125977,0.9999268651008606,200
cka_feddst,mnist,0.9,21,results/logs/cka_strength_sweep/all_20260516_024344/strength_0p2/seed_21/splits/mnist_split_seed21_clients5_alpha0p3_ref200.json,0.2,6,conv2,4,2,0.999985933303833,0.9999268651008606,200
cka_feddst,mnist,0.9,21,results/logs/cka_strength_sweep/all_20260516_024344/strength_0p2/seed_21/splits/mnist_split_seed21_clients5_alpha0p3_ref200.json,0.2,6,conv2,4,3,0.9999843835830688,0.9999268651008606,200
cka_feddst,mnist,0.9,21,results/logs/cka_strength_sweep/all_20260516_024344/strength_0p2/seed_21/splits/mnist_split_seed21_clients5_alpha0p3_ref200.json,0.2,6,conv2,4,4,1.0,0.9999268651008606,200
cka_feddst,mnist,0.9,21,results/logs/cka_strength_sweep/all_20260516_024344/strength_0p2/seed_21/splits/mnist_split_seed21_clients5_alpha0p3_ref200.json,0.2,6,fc1,0,0,1.0,0.8884350061416626,200
cka_feddst,mnist,0.9,21,results/logs/cka_strength_sweep/all_20260516_024344/strength_0p2/seed_21/splits/mnist_split_seed21_clients5_alpha0p3_ref200.json,0.2,6,fc1,0,1,0.8664132356643677,0.8884350061416626,200
cka_feddst,mnist,0.9,21,results/logs/cka_strength_sweep/all_20260516_024344/strength_0p2/seed_21/splits/mnist_split_seed21_clients5_alpha0p3_ref200.json,0.2,6,fc1,0,2,0.7981505393981934,0.8884350061416626,200
cka_feddst,mnist,0.9,21,results/logs/cka_strength_sweep/all_20260516_024344/strength_0p2/seed_21/splits/mnist_split_seed21_clients5_alpha0p3_ref200.json,0.2,6,fc1,0,3,0.7947447896003723,0.8884350061416626,200
cka_feddst,mnist,0.9,21,results/logs/cka_strength_sweep/all_20260516_024344/strength_0p2/seed_21/splits/mnist_split_seed21_clients5_alpha0p3_ref200.json,0.2,6,fc1,0,4,0.7836730480194092,0.8884350061416626,200
cka_feddst,mnist,0.9,21,results/logs/cka_strength_sweep/all_20260516_024344/strength_0p2/seed_21/splits/mnist_split_seed21_clients5_alpha0p3_ref200.json,0.2,6,fc1,1,0,0.8664132356643677,0.8884350061416626,200
cka_feddst,mnist,0.9,21,results/logs/cka_strength_sweep/all_20260516_024344/strength_0p2/seed_21/splits/mnist_split_seed21_clients5_alpha0p3_ref200.json,0.2,6,fc1,1,1,1.0,0.8884350061416626,200
cka_feddst,mnist,0.9,21,results/logs/cka_strength_sweep/all_20260516_024344/strength_0p2/seed_21/splits/mnist_split_seed21_clients5_alpha0p3_ref200.json,0.2,6,fc1,1,2,0.9151440858840942,0.8884350061416626,200
cka_feddst,mnist,0.9,21,results/logs/cka_strength_sweep/all_20260516_024344/strength_0p2/seed_21/splits/mnist_split_seed21_clients5_alpha0p3_ref200.json,0.2,6,fc1,1,3,0.950604259967804,0.8884350061416626,200
cka_feddst,mnist,0.9,21,results/logs/cka_strength_sweep/all_20260516_024344/strength_0p2/seed_21/splits/mnist_split_seed21_clients5_alpha0p3_ref200.json,0.2,6,fc1,1,4,0.9233641624450684,0.8884350061416626,200
cka_feddst,mnist,0.9,21,results/logs/cka_strength_sweep/all_20260516_024344/strength_0p2/seed_21/splits/mnist_split_seed21_clients5_alpha0p3_ref200.json,0.2,6,fc1,2,0,0.7981505393981934,0.8884350061416626,200
cka_feddst,mnist,0.9,21,results/logs/cka_strength_sweep/all_20260516_024344/strength_0p2/seed_21/splits/mnist_split_seed21_clients5_alpha0p3_ref200.json,0.2,6,fc1,2,1,0.9151440858840942,0.8884350061416626,200
cka_feddst,mnist,0.9,21,results/logs/cka_strength_sweep/all_20260516_024344/strength_0p2/seed_21/splits/mnist_split_seed21_clients5_alpha0p3_ref200.json,0.2,6,fc1,2,2,1.0,0.8884350061416626,200
cka_feddst,mnist,0.9,21,results/logs/cka_strength_sweep/all_20260516_024344/strength_0p2/seed_21/splits/mnist_split_seed21_clients5_alpha0p3_ref200.json,0.2,6,fc1,2,3,0.9510771632194519,0.8884350061416626,200
cka_feddst,mnist,0.9,21,results/logs/cka_strength_sweep/all_20260516_024344/strength_0p2/seed_21/splits/mnist_split_seed21_clients5_alpha0p3_ref200.json,0.2,6,fc1,2,4,0.9563195109367371,0.8884350061416626,200
cka_feddst,mnist,0.9,21,results/logs/cka_strength_sweep/all_20260516_024344/strength_0p2/seed_21/splits/mnist_split_seed21_clients5_alpha0p3_ref200.json,0.2,6,fc1,3,0,0.7947447896003723,0.8884350061416626,200
cka_feddst,mnist,0.9,21,results/logs/cka_strength_sweep/all_20260516_024344/strength_0p2/seed_21/splits/mnist_split_seed21_clients5_alpha0p3_ref200.json,0.2,6,fc1,3,1,0.950604259967804,0.8884350061416626,200
cka_feddst,mnist,0.9,21,results/logs/cka_strength_sweep/all_20260516_024344/strength_0p2/seed_21/splits/mnist_split_seed21_clients5_alpha0p3_ref200.json,0.2,6,fc1,3,2,0.9510771632194519,0.8884350061416626,200
cka_feddst,mnist,0.9,21,results/logs/cka_strength_sweep/all_20260516_024344/strength_0p2/seed_21/splits/mnist_split_seed21_clients5_alpha0p3_ref200.json,0.2,6,fc1,3,3,1.0,0.8884350061416626,200
cka_feddst,mnist,0.9,21,results/logs/cka_strength_sweep/all_20260516_024344/strength_0p2/seed_21/splits/mnist_split_seed21_clients5_alpha0p3_ref200.json,0.2,6,fc1,3,4,0.9448593854904175,0.8884350061416626,200
cka_feddst,mnist,0.9,21,results/logs/cka_strength_sweep/all_20260516_024344/strength_0p2/seed_21/splits/mnist_split_seed21_clients5_alpha0p3_ref200.json,0.2,6,fc1,4,0,0.7836730480194092,0.8884350061416626,200
cka_feddst,mnist,0.9,21,results/logs/cka_strength_sweep/all_20260516_024344/strength_0p2/seed_21/splits/mnist_split_seed21_clients5_alpha0p3_ref200.json,0.2,6,fc1,4,1,0.9233641624450684,0.8884350061416626,200
cka_feddst,mnist,0.9,21,results/logs/cka_strength_sweep/all_20260516_024344/strength_0p2/seed_21/splits/mnist_split_seed21_clients5_alpha0p3_ref200.json,0.2,6,fc1,4,2,0.9563195109367371,0.8884350061416626,200
cka_feddst,mnist,0.9,21,results/logs/cka_strength_sweep/all_20260516_024344/strength_0p2/seed_21/splits/mnist_split_seed21_clients5_alpha0p3_ref200.json,0.2,6,fc1,4,3,0.9448593854904175,0.8884350061416626,200
cka_feddst,mnist,0.9,21,results/logs/cka_strength_sweep/all_20260516_024344/strength_0p2/seed_21/splits/mnist_split_seed21_clients5_alpha0p3_ref200.json,0.2,6,fc1,4,4,1.0,0.8884350061416626,200
cka_feddst,mnist,0.9,21,results/logs/cka_strength_sweep/all_20260516_024344/strength_0p2/seed_21/splits/mnist_split_seed21_clients5_alpha0p3_ref200.json,0.2,8,conv1,0,0,1.0,0.9999980926513672,200
cka_feddst,mnist,0.9,21,results/logs/cka_strength_sweep/all_20260516_024344/strength_0p2/seed_21/splits/mnist_split_seed21_clients5_alpha0p3_ref200.json,0.2,8,conv1,0,1,0.9999925494194031,0.9999980926513672,200
cka_feddst,mnist,0.9,21,results/logs/cka_strength_sweep/all_20260516_024344/strength_0p2/seed_21/splits/mnist_split_seed21_clients5_alpha0p3_ref200.json,0.2,8,conv1,0,2,0.9999968409538269,0.9999980926513672,200
cka_feddst,mnist,0.9,21,results/logs/cka_strength_sweep/all_20260516_024344/strength_0p2/seed_21/splits/mnist_split_seed21_clients5_alpha0p3_ref200.json,0.2,8,conv1,0,3,0.9999960064888,0.9999980926513672,200
cka_feddst,mnist,0.9,21,results/logs/cka_strength_sweep/all_20260516_024344/strength_0p2/seed_21/splits/mnist_split_seed21_clients5_alpha0p3_ref200.json,0.2,8,conv1,0,4,0.9999970197677612,0.9999980926513672,200
cka_feddst,mnist,0.9,21,results/logs/cka_strength_sweep/all_20260516_024344/strength_0p2/seed_21/splits/mnist_split_seed21_clients5_alpha0p3_ref200.json,0.2,8,conv1,1,0,0.9999925494194031,0.9999980926513672,200
cka_feddst,mnist,0.9,21,results/logs/cka_strength_sweep/all_20260516_024344/strength_0p2/seed_21/splits/mnist_split_seed21_clients5_alpha0p3_ref200.json,0.2,8,conv1,1,1,1.0,0.9999980926513672,200
cka_feddst,mnist,0.9,21,results/logs/cka_strength_sweep/all_20260516_024344/strength_0p2/seed_21/splits/mnist_split_seed21_clients5_alpha0p3_ref200.json,0.2,8,conv1,1,2,0.9999995827674866,0.9999980926513672,200
cka_feddst,mnist,0.9,21,results/logs/cka_strength_sweep/all_20260516_024344/strength_0p2/seed_21/splits/mnist_split_seed21_clients5_alpha0p3_ref200.json,0.2,8,conv1,1,3,0.9999997019767761,0.9999980926513672,200
cka_feddst,mnist,0.9,21,results/logs/cka_strength_sweep/all_20260516_024344/strength_0p2/seed_21/splits/mnist_split_seed21_clients5_alpha0p3_ref200.json,0.2,8,conv1,1,4,0.9999991655349731,0.9999980926513672,200
cka_feddst,mnist,0.9,21,results/logs/cka_strength_sweep/all_20260516_024344/strength_0p2/seed_21/splits/mnist_split_seed21_clients5_alpha0p3_ref200.json,0.2,8,conv1,2,0,0.9999968409538269,0.9999980926513672,200
cka_feddst,mnist,0.9,21,results/logs/cka_strength_sweep/all_20260516_024344/strength_0p2/seed_21/splits/mnist_split_seed21_clients5_alpha0p3_ref200.json,0.2,8,conv1,2,1,0.9999995827674866,0.9999980926513672,200
cka_feddst,mnist,0.9,21,results/logs/cka_strength_sweep/all_20260516_024344/strength_0p2/seed_21/splits/mnist_split_seed21_clients5_alpha0p3_ref200.json,0.2,8,conv1,2,2,1.0,0.9999980926513672,200
cka_feddst,mnist,0.9,21,results/logs/cka_strength_sweep/all_20260516_024344/strength_0p2/seed_21/splits/mnist_split_seed21_clients5_alpha0p3_ref200.json,0.2,8,conv1,2,3,1.0,0.9999980926513672,200
cka_feddst,mnist,0.9,21,results/logs/cka_strength_sweep/all_20260516_024344/strength_0p2/seed_21/splits/mnist_split_seed21_clients5_alpha0p3_ref200.json,0.2,8,conv1,2,4,1.0,0.9999980926513672,200
cka_feddst,mnist,0.9,21,results/logs/cka_strength_sweep/all_20260516_024344/strength_0p2/seed_21/splits/mnist_split_seed21_clients5_alpha0p3_ref200.json,0.2,8,conv1,3,0,0.9999960064888,0.9999980926513672,200
cka_feddst,mnist,0.9,21,results/logs/cka_strength_sweep/all_20260516_024344/strength_0p2/seed_21/splits/mnist_split_seed21_clients5_alpha0p3_ref200.json,0.2,8,conv1,3,1,0.9999997019767761,0.9999980926513672,200
cka_feddst,mnist,0.9,21,results/logs/cka_strength_sweep/all_20260516_024344/strength_0p2/seed_21/splits/mnist_split_seed21_clients5_alpha0p3_ref200.json,0.2,8,conv1,3,2,1.0,0.9999980926513672,200
cka_feddst,mnist,0.9,21,results/logs/cka_strength_sweep/all_20260516_024344/strength_0p2/seed_21/splits/mnist_split_seed21_clients5_alpha0p3_ref200.json,0.2,8,conv1,3,3,1.0,0.9999980926513672,200
cka_feddst,mnist,0.9,21,results/logs/cka_strength_sweep/all_20260516_024344/strength_0p2/seed_21/splits/mnist_split_seed21_clients5_alpha0p3_ref200.json,0.2,8,conv1,3,4,0.9999998211860657,0.9999980926513672,200
cka_feddst,mnist,0.9,21,results/logs/cka_strength_sweep/all_20260516_024344/strength_0p2/seed_21/splits/mnist_split_seed21_clients5_alpha0p3_ref200.json,0.2,8,conv1,4,0,0.9999970197677612,0.9999980926513672,200
cka_feddst,mnist,0.9,21,results/logs/cka_strength_sweep/all_20260516_024344/strength_0p2/seed_21/splits/mnist_split_seed21_clients5_alpha0p3_ref200.json,0.2,8,conv1,4,1,0.9999991655349731,0.9999980926513672,200
cka_feddst,mnist,0.9,21,results/logs/cka_strength_sweep/all_20260516_024344/strength_0p2/seed_21/splits/mnist_split_seed21_clients5_alpha0p3_ref200.json,0.2,8,conv1,4,2,1.0,0.9999980926513672,200
cka_feddst,mnist,0.9,21,results/logs/cka_strength_sweep/all_20260516_024344/strength_0p2/seed_21/splits/mnist_split_seed21_clients5_alpha0p3_ref200.json,0.2,8,conv1,4,3,0.9999998211860657,0.9999980926513672,200
cka_feddst,mnist,0.9,21,results/logs/cka_strength_sweep/all_20260516_024344/strength_0p2/seed_21/splits/mnist_split_seed21_clients5_alpha0p3_ref200.json,0.2,8,conv1,4,4,1.0,0.9999980926513672,200
cka_feddst,mnist,0.9,21,results/logs/cka_strength_sweep/all_20260516_024344/strength_0p2/seed_21/splits/mnist_split_seed21_clients5_alpha0p3_ref200.json,0.2,8,conv2,0,0,1.0,0.9999624490737915,200
cka_feddst,mnist,0.9,21,results/logs/cka_strength_sweep/all_20260516_024344/strength_0p2/seed_21/splits/mnist_split_seed21_clients5_alpha0p3_ref200.json,0.2,8,conv2,0,1,0.9999085664749146,0.9999624490737915,200
cka_feddst,mnist,0.9,21,results/logs/cka_strength_sweep/all_20260516_024344/strength_0p2/seed_21/splits/mnist_split_seed21_clients5_alpha0p3_ref200.json,0.2,8,conv2,0,2,0.9999381899833679,0.9999624490737915,200
cka_feddst,mnist,0.9,21,results/logs/cka_strength_sweep/all_20260516_024344/strength_0p2/seed_21/splits/mnist_split_seed21_clients5_alpha0p3_ref200.json,0.2,8,conv2,0,3,0.9999134540557861,0.9999624490737915,200
cka_feddst,mnist,0.9,21,results/logs/cka_strength_sweep/all_20260516_024344/strength_0p2/seed_21/splits/mnist_split_seed21_clients5_alpha0p3_ref200.json,0.2,8,conv2,0,4,0.9999310970306396,0.9999624490737915,200
cka_feddst,mnist,0.9,21,results/logs/cka_strength_sweep/all_20260516_024344/strength_0p2/seed_21/splits/mnist_split_seed21_clients5_alpha0p3_ref200.json,0.2,8,conv2,1,0,0.9999085664749146,0.9999624490737915,200
cka_feddst,mnist,0.9,21,results/logs/cka_strength_sweep/all_20260516_024344/strength_0p2/seed_21/splits/mnist_split_seed21_clients5_alpha0p3_ref200.json,0.2,8,conv2,1,1,1.0,0.9999624490737915,200
cka_feddst,mnist,0.9,21,results/logs/cka_strength_sweep/all_20260516_024344/strength_0p2/seed_21/splits/mnist_split_seed21_clients5_alpha0p3_ref200.json,0.2,8,conv2,1,2,0.9999954700469971,0.9999624490737915,200
cka_feddst,mnist,0.9,21,results/logs/cka_strength_sweep/all_20260516_024344/strength_0p2/seed_21/splits/mnist_split_seed21_clients5_alpha0p3_ref200.json,0.2,8,conv2,1,3,0.9999809861183167,0.9999624490737915,200
cka_feddst,mnist,0.9,21,results/logs/cka_strength_sweep/all_20260516_024344/strength_0p2/seed_21/splits/mnist_split_seed21_clients5_alpha0p3_ref200.json,0.2,8,conv2,1,4,0.9999967217445374,0.9999624490737915,200
cka_feddst,mnist,0.9,21,results/logs/cka_strength_sweep/all_20260516_024344/strength_0p2/seed_21/splits/mnist_split_seed21_clients5_alpha0p3_ref200.json,0.2,8,conv2,2,0,0.9999381899833679,0.9999624490737915,200
cka_feddst,mnist,0.9,21,results/logs/cka_strength_sweep/all_20260516_024344/strength_0p2/seed_21/splits/mnist_split_seed21_clients5_alpha0p3_ref200.json,0.2,8,conv2,2,1,0.9999954700469971,0.9999624490737915,200
cka_feddst,mnist,0.9,21,results/logs/cka_strength_sweep/all_20260516_024344/strength_0p2/seed_21/splits/mnist_split_seed21_clients5_alpha0p3_ref200.json,0.2,8,conv2,2,2,1.0,0.9999624490737915,200
cka_feddst,mnist,0.9,21,results/logs/cka_strength_sweep/all_20260516_024344/strength_0p2/seed_21/splits/mnist_split_seed21_clients5_alpha0p3_ref200.json,0.2,8,conv2,2,3,0.9999751448631287,0.9999624490737915,200
cka_feddst,mnist,0.9,21,results/logs/cka_strength_sweep/all_20260516_024344/strength_0p2/seed_21/splits/mnist_split_seed21_clients5_alpha0p3_ref200.json,0.2,8,conv2,2,4,0.999995231628418,0.9999624490737915,200
cka_feddst,mnist,0.9,21,results/logs/cka_strength_sweep/all_20260516_024344/strength_0p2/seed_21/splits/mnist_split_seed21_clients5_alpha0p3_ref200.json,0.2,8,conv2,3,0,0.9999134540557861,0.9999624490737915,200
cka_feddst,mnist,0.9,21,results/logs/cka_strength_sweep/all_20260516_024344/strength_0p2/seed_21/splits/mnist_split_seed21_clients5_alpha0p3_ref200.json,0.2,8,conv2,3,1,0.9999809861183167,0.9999624490737915,200
cka_feddst,mnist,0.9,21,results/logs/cka_strength_sweep/all_20260516_024344/strength_0p2/seed_21/splits/mnist_split_seed21_clients5_alpha0p3_ref200.json,0.2,8,conv2,3,2,0.9999751448631287,0.9999624490737915,200
cka_feddst,mnist,0.9,21,results/logs/cka_strength_sweep/all_20260516_024344/strength_0p2/seed_21/splits/mnist_split_seed21_clients5_alpha0p3_ref200.json,0.2,8,conv2,3,3,1.0,0.9999624490737915,200
cka_feddst,mnist,0.9,21,results/logs/cka_strength_sweep/all_20260516_024344/strength_0p2/seed_21/splits/mnist_split_seed21_clients5_alpha0p3_ref200.json,0.2,8,conv2,3,4,0.99998939037323,0.9999624490737915,200
cka_feddst,mnist,0.9,21,results/logs/cka_strength_sweep/all_20260516_024344/strength_0p2/seed_21/splits/mnist_split_seed21_clients5_alpha0p3_ref200.json,0.2,8,conv2,4,0,0.9999310970306396,0.9999624490737915,200
cka_feddst,mnist,0.9,21,results/logs/cka_strength_sweep/all_20260516_024344/strength_0p2/seed_21/splits/mnist_split_seed21_clients5_alpha0p3_ref200.json,0.2,8,conv2,4,1,0.9999967217445374,0.9999624490737915,200
cka_feddst,mnist,0.9,21,results/logs/cka_strength_sweep/all_20260516_024344/strength_0p2/seed_21/splits/mnist_split_seed21_clients5_alpha0p3_ref200.json,0.2,8,conv2,4,2,0.999995231628418,0.9999624490737915,200
cka_feddst,mnist,0.9,21,results/logs/cka_strength_sweep/all_20260516_024344/strength_0p2/seed_21/splits/mnist_split_seed21_clients5_alpha0p3_ref200.json,0.2,8,conv2,4,3,0.99998939037323,0.9999624490737915,200
cka_feddst,mnist,0.9,21,results/logs/cka_strength_sweep/all_20260516_024344/strength_0p2/seed_21/splits/mnist_split_seed21_clients5_alpha0p3_ref200.json,0.2,8,conv2,4,4,1.0,0.9999624490737915,200
cka_feddst,mnist,0.9,21,results/logs/cka_strength_sweep/all_20260516_024344/strength_0p2/seed_21/splits/mnist_split_seed21_clients5_alpha0p3_ref200.json,0.2,8,fc1,0,0,1.0,0.9363746643066406,200
cka_feddst,mnist,0.9,21,results/logs/cka_strength_sweep/all_20260516_024344/strength_0p2/seed_21/splits/mnist_split_seed21_clients5_alpha0p3_ref200.json,0.2,8,fc1,0,1,0.9185671806335449,0.9363746643066406,200
cka_feddst,mnist,0.9,21,results/logs/cka_strength_sweep/all_20260516_024344/strength_0p2/seed_21/splits/mnist_split_seed21_clients5_alpha0p3_ref200.json,0.2,8,fc1,0,2,0.9032137989997864,0.9363746643066406,200
cka_feddst,mnist,0.9,21,results/logs/cka_strength_sweep/all_20260516_024344/strength_0p2/seed_21/splits/mnist_split_seed21_clients5_alpha0p3_ref200.json,0.2,8,fc1,0,3,0.9114984273910522,0.9363746643066406,200
cka_feddst,mnist,0.9,21,results/logs/cka_strength_sweep/all_20260516_024344/strength_0p2/seed_21/splits/mnist_split_seed21_clients5_alpha0p3_ref200.json,0.2,8,fc1,0,4,0.8806029558181763,0.9363746643066406,200
cka_feddst,mnist,0.9,21,results/logs/cka_strength_sweep/all_20260516_024344/strength_0p2/seed_21/splits/mnist_split_seed21_clients5_alpha0p3_ref200.json,0.2,8,fc1,1,0,0.9185671806335449,0.9363746643066406,200
cka_feddst,mnist,0.9,21,results/logs/cka_strength_sweep/all_20260516_024344/strength_0p2/seed_21/splits/mnist_split_seed21_clients5_alpha0p3_ref200.json,0.2,8,fc1,1,1,1.0,0.9363746643066406,200
cka_feddst,mnist,0.9,21,results/logs/cka_strength_sweep/all_20260516_024344/strength_0p2/seed_21/splits/mnist_split_seed21_clients5_alpha0p3_ref200.json,0.2,8,fc1,1,2,0.9714138507843018,0.9363746643066406,200
cka_feddst,mnist,0.9,21,results/logs/cka_strength_sweep/all_20260516_024344/strength_0p2/seed_21/splits/mnist_split_seed21_clients5_alpha0p3_ref200.json,0.2,8,fc1,1,3,0.9614319205284119,0.9363746643066406,200
cka_feddst,mnist,0.9,21,results/logs/cka_strength_sweep/all_20260516_024344/strength_0p2/seed_21/splits/mnist_split_seed21_clients5_alpha0p3_ref200.json,0.2,8,fc1,1,4,0.934723973274231,0.9363746643066406,200
cka_feddst,mnist,0.9,21,results/logs/cka_strength_sweep/all_20260516_024344/strength_0p2/seed_21/splits/mnist_split_seed21_clients5_alpha0p3_ref200.json,0.2,8,fc1,2,0,0.9032137989997864,0.9363746643066406,200
cka_feddst,mnist,0.9,21,results/logs/cka_strength_sweep/all_20260516_024344/strength_0p2/seed_21/splits/mnist_split_seed21_clients5_alpha0p3_ref200.json,0.2,8,fc1,2,1,0.9714138507843018,0.9363746643066406,200
cka_feddst,mnist,0.9,21,results/logs/cka_strength_sweep/all_20260516_024344/strength_0p2/seed_21/splits/mnist_split_seed21_clients5_alpha0p3_ref200.json,0.2,8,fc1,2,2,1.0,0.9363746643066406,200
cka_feddst,mnist,0.9,21,results/logs/cka_strength_sweep/all_20260516_024344/strength_0p2/seed_21/splits/mnist_split_seed21_clients5_alpha0p3_ref200.json,0.2,8,fc1,2,3,0.9719304442405701,0.9363746643066406,200
cka_feddst,mnist,0.9,21,results/logs/cka_strength_sweep/all_20260516_024344/strength_0p2/seed_21/splits/mnist_split_seed21_clients5_alpha0p3_ref200.json,0.2,8,fc1,2,4,0.9510340690612793,0.9363746643066406,200
cka_feddst,mnist,0.9,21,results/logs/cka_strength_sweep/all_20260516_024344/strength_0p2/seed_21/splits/mnist_split_seed21_clients5_alpha0p3_ref200.json,0.2,8,fc1,3,0,0.9114984273910522,0.9363746643066406,200
cka_feddst,mnist,0.9,21,results/logs/cka_strength_sweep/all_20260516_024344/strength_0p2/seed_21/splits/mnist_split_seed21_clients5_alpha0p3_ref200.json,0.2,8,fc1,3,1,0.9614319205284119,0.9363746643066406,200
cka_feddst,mnist,0.9,21,results/logs/cka_strength_sweep/all_20260516_024344/strength_0p2/seed_21/splits/mnist_split_seed21_clients5_alpha0p3_ref200.json,0.2,8,fc1,3,2,0.9719304442405701,0.9363746643066406,200
cka_feddst,mnist,0.9,21,results/logs/cka_strength_sweep/all_20260516_024344/strength_0p2/seed_21/splits/mnist_split_seed21_clients5_alpha0p3_ref200.json,0.2,8,fc1,3,3,1.0,0.9363746643066406,200
cka_feddst,mnist,0.9,21,results/logs/cka_strength_sweep/all_20260516_024344/strength_0p2/seed_21/splits/mnist_split_seed21_clients5_alpha0p3_ref200.json,0.2,8,fc1,3,4,0.959330141544342,0.9363746643066406,200
cka_feddst,mnist,0.9,21,results/logs/cka_strength_sweep/all_20260516_024344/strength_0p2/seed_21/splits/mnist_split_seed21_clients5_alpha0p3_ref200.json,0.2,8,fc1,4,0,0.8806029558181763,0.9363746643066406,200
cka_feddst,mnist,0.9,21,results/logs/cka_strength_sweep/all_20260516_024344/strength_0p2/seed_21/splits/mnist_split_seed21_clients5_alpha0p3_ref200.json,0.2,8,fc1,4,1,0.934723973274231,0.9363746643066406,200
cka_feddst,mnist,0.9,21,results/logs/cka_strength_sweep/all_20260516_024344/strength_0p2/seed_21/splits/mnist_split_seed21_clients5_alpha0p3_ref200.json,0.2,8,fc1,4,2,0.9510340690612793,0.9363746643066406,200
cka_feddst,mnist,0.9,21,results/logs/cka_strength_sweep/all_20260516_024344/strength_0p2/seed_21/splits/mnist_split_seed21_clients5_alpha0p3_ref200.json,0.2,8,fc1,4,3,0.959330141544342,0.9363746643066406,200
cka_feddst,mnist,0.9,21,results/logs/cka_strength_sweep/all_20260516_024344/strength_0p2/seed_21/splits/mnist_split_seed21_clients5_alpha0p3_ref200.json,0.2,8,fc1,4,4,1.0,0.9363746643066406,200
cka_feddst,mnist,0.9,21,results/logs/cka_strength_sweep/all_20260516_024344/strength_0p2/seed_21/splits/mnist_split_seed21_clients5_alpha0p3_ref200.json,0.2,10,conv1,0,0,1.0,0.9999887347221375,200
cka_feddst,mnist,0.9,21,results/logs/cka_strength_sweep/all_20260516_024344/strength_0p2/seed_21/splits/mnist_split_seed21_clients5_alpha0p3_ref200.json,0.2,10,conv1,0,1,0.9999670386314392,0.9999887347221375,200
cka_feddst,mnist,0.9,21,results/logs/cka_strength_sweep/all_20260516_024344/strength_0p2/seed_21/splits/mnist_split_seed21_clients5_alpha0p3_ref200.json,0.2,10,conv1,0,2,0.999981164932251,0.9999887347221375,200
cka_feddst,mnist,0.9,21,results/logs/cka_strength_sweep/all_20260516_024344/strength_0p2/seed_21/splits/mnist_split_seed21_clients5_alpha0p3_ref200.json,0.2,10,conv1,0,3,0.9999680519104004,0.9999887347221375,200
cka_feddst,mnist,0.9,21,results/logs/cka_strength_sweep/all_20260516_024344/strength_0p2/seed_21/splits/mnist_split_seed21_clients5_alpha0p3_ref200.json,0.2,10,conv1,0,4,0.9999777674674988,0.9999887347221375,200
cka_feddst,mnist,0.9,21,results/logs/cka_strength_sweep/all_20260516_024344/strength_0p2/seed_21/splits/mnist_split_seed21_clients5_alpha0p3_ref200.json,0.2,10,conv1,1,0,0.9999670386314392,0.9999887347221375,200
cka_feddst,mnist,0.9,21,results/logs/cka_strength_sweep/all_20260516_024344/strength_0p2/seed_21/splits/mnist_split_seed21_clients5_alpha0p3_ref200.json,0.2,10,conv1,1,1,1.0,0.9999887347221375,200
cka_feddst,mnist,0.9,21,results/logs/cka_strength_sweep/all_20260516_024344/strength_0p2/seed_21/splits/mnist_split_seed21_clients5_alpha0p3_ref200.json,0.2,10,conv1,1,2,0.9999980330467224,0.9999887347221375,200
cka_feddst,mnist,0.9,21,results/logs/cka_strength_sweep/all_20260516_024344/strength_0p2/seed_21/splits/mnist_split_seed21_clients5_alpha0p3_ref200.json,0.2,10,conv1,1,3,0.9999998211860657,0.9999887347221375,200
cka_feddst,mnist,0.9,21,results/logs/cka_strength_sweep/all_20260516_024344/strength_0p2/seed_21/splits/mnist_split_seed21_clients5_alpha0p3_ref200.json,0.2,10,conv1,1,4,0.9999986886978149,0.9999887347221375,200
cka_feddst,mnist,0.9,21,results/logs/cka_strength_sweep/all_20260516_024344/strength_0p2/seed_21/splits/mnist_split_seed21_clients5_alpha0p3_ref200.json,0.2,10,conv1,2,0,0.999981164932251,0.9999887347221375,200
cka_feddst,mnist,0.9,21,results/logs/cka_strength_sweep/all_20260516_024344/strength_0p2/seed_21/splits/mnist_split_seed21_clients5_alpha0p3_ref200.json,0.2,10,conv1,2,1,0.9999980330467224,0.9999887347221375,200
cka_feddst,mnist,0.9,21,results/logs/cka_strength_sweep/all_20260516_024344/strength_0p2/seed_21/splits/mnist_split_seed21_clients5_alpha0p3_ref200.json,0.2,10,conv1,2,2,1.0,0.9999887347221375,200
cka_feddst,mnist,0.9,21,results/logs/cka_strength_sweep/all_20260516_024344/strength_0p2/seed_21/splits/mnist_split_seed21_clients5_alpha0p3_ref200.json,0.2,10,conv1,2,3,0.9999983906745911,0.9999887347221375,200
cka_feddst,mnist,0.9,21,results/logs/cka_strength_sweep/all_20260516_024344/strength_0p2/seed_21/splits/mnist_split_seed21_clients5_alpha0p3_ref200.json,0.2,10,conv1,2,4,0.9999997615814209,0.9999887347221375,200
cka_feddst,mnist,0.9,21,results/logs/cka_strength_sweep/all_20260516_024344/strength_0p2/seed_21/splits/mnist_split_seed21_clients5_alpha0p3_ref200.json,0.2,10,conv1,3,0,0.9999680519104004,0.9999887347221375,200
cka_feddst,mnist,0.9,21,results/logs/cka_strength_sweep/all_20260516_024344/strength_0p2/seed_21/splits/mnist_split_seed21_clients5_alpha0p3_ref200.json,0.2,10,conv1,3,1,0.9999998211860657,0.9999887347221375,200
cka_feddst,mnist,0.9,21,results/logs/cka_strength_sweep/all_20260516_024344/strength_0p2/seed_21/splits/mnist_split_seed21_clients5_alpha0p3_ref200.json,0.2,10,conv1,3,2,0.9999983906745911,0.9999887347221375,200
cka_feddst,mnist,0.9,21,results/logs/cka_strength_sweep/all_20260516_024344/strength_0p2/seed_21/splits/mnist_split_seed21_clients5_alpha0p3_ref200.json,0.2,10,conv1,3,3,1.0,0.9999887347221375,200
cka_feddst,mnist,0.9,21,results/logs/cka_strength_sweep/all_20260516_024344/strength_0p2/seed_21/splits/mnist_split_seed21_clients5_alpha0p3_ref200.json,0.2,10,conv1,3,4,0.9999993443489075,0.9999887347221375,200
cka_feddst,mnist,0.9,21,results/logs/cka_strength_sweep/all_20260516_024344/strength_0p2/seed_21/splits/mnist_split_seed21_clients5_alpha0p3_ref200.json,0.2,10,conv1,4,0,0.9999777674674988,0.9999887347221375,200
cka_feddst,mnist,0.9,21,results/logs/cka_strength_sweep/all_20260516_024344/strength_0p2/seed_21/splits/mnist_split_seed21_clients5_alpha0p3_ref200.json,0.2,10,conv1,4,1,0.9999986886978149,0.9999887347221375,200
cka_feddst,mnist,0.9,21,results/logs/cka_strength_sweep/all_20260516_024344/strength_0p2/seed_21/splits/mnist_split_seed21_clients5_alpha0p3_ref200.json,0.2,10,conv1,4,2,0.9999997615814209,0.9999887347221375,200
cka_feddst,mnist,0.9,21,results/logs/cka_strength_sweep/all_20260516_024344/strength_0p2/seed_21/splits/mnist_split_seed21_clients5_alpha0p3_ref200.json,0.2,10,conv1,4,3,0.9999993443489075,0.9999887347221375,200
cka_feddst,mnist,0.9,21,results/logs/cka_strength_sweep/all_20260516_024344/strength_0p2/seed_21/splits/mnist_split_seed21_clients5_alpha0p3_ref200.json,0.2,10,conv1,4,4,1.0,0.9999887347221375,200
cka_feddst,mnist,0.9,21,results/logs/cka_strength_sweep/all_20260516_024344/strength_0p2/seed_21/splits/mnist_split_seed21_clients5_alpha0p3_ref200.json,0.2,10,conv2,0,0,1.0,0.9999634623527527,200
cka_feddst,mnist,0.9,21,results/logs/cka_strength_sweep/all_20260516_024344/strength_0p2/seed_21/splits/mnist_split_seed21_clients5_alpha0p3_ref200.json,0.2,10,conv2,0,1,0.9999352097511292,0.9999634623527527,200
cka_feddst,mnist,0.9,21,results/logs/cka_strength_sweep/all_20260516_024344/strength_0p2/seed_21/splits/mnist_split_seed21_clients5_alpha0p3_ref200.json,0.2,10,conv2,0,2,0.9999525547027588,0.9999634623527527,200
cka_feddst,mnist,0.9,21,results/logs/cka_strength_sweep/all_20260516_024344/strength_0p2/seed_21/splits/mnist_split_seed21_clients5_alpha0p3_ref200.json,0.2,10,conv2,0,3,0.9998883008956909,0.9999634623527527,200
cka_feddst,mnist,0.9,21,results/logs/cka_strength_sweep/all_20260516_024344/strength_0p2/seed_21/splits/mnist_split_seed21_clients5_alpha0p3_ref200.json,0.2,10,conv2,0,4,0.9999194741249084,0.9999634623527527,200
cka_feddst,mnist,0.9,21,results/logs/cka_strength_sweep/all_20260516_024344/strength_0p2/seed_21/splits/mnist_split_seed21_clients5_alpha0p3_ref200.json,0.2,10,conv2,1,0,0.9999352097511292,0.9999634623527527,200
cka_feddst,mnist,0.9,21,results/logs/cka_strength_sweep/all_20260516_024344/strength_0p2/seed_21/splits/mnist_split_seed21_clients5_alpha0p3_ref200.json,0.2,10,conv2,1,1,1.0,0.9999634623527527,200
cka_feddst,mnist,0.9,21,results/logs/cka_strength_sweep/all_20260516_024344/strength_0p2/seed_21/splits/mnist_split_seed21_clients5_alpha0p3_ref200.json,0.2,10,conv2,1,2,0.9999988675117493,0.9999634623527527,200
cka_feddst,mnist,0.9,21,results/logs/cka_strength_sweep/all_20260516_024344/strength_0p2/seed_21/splits/mnist_split_seed21_clients5_alpha0p3_ref200.json,0.2,10,conv2,1,3,0.9999784827232361,0.9999634623527527,200
cka_feddst,mnist,0.9,21,results/logs/cka_strength_sweep/all_20260516_024344/strength_0p2/seed_21/splits/mnist_split_seed21_clients5_alpha0p3_ref200.json,0.2,10,conv2,1,4,0.9999964237213135,0.9999634623527527,200
cka_feddst,mnist,0.9,21,results/logs/cka_strength_sweep/all_20260516_024344/strength_0p2/seed_21/splits/mnist_split_seed21_clients5_alpha0p3_ref200.json,0.2,10,conv2,2,0,0.9999525547027588,0.9999634623527527,200
cka_feddst,mnist,0.9,21,results/logs/cka_strength_sweep/all_20260516_024344/strength_0p2/seed_21/splits/mnist_split_seed21_clients5_alpha0p3_ref200.json,0.2,10,conv2,2,1,0.9999988675117493,0.9999634623527527,200
cka_feddst,mnist,0.9,21,results/logs/cka_strength_sweep/all_20260516_024344/strength_0p2/seed_21/splits/mnist_split_seed21_clients5_alpha0p3_ref200.json,0.2,10,conv2,2,2,1.0,0.9999634623527527,200
cka_feddst,mnist,0.9,21,results/logs/cka_strength_sweep/all_20260516_024344/strength_0p2/seed_21/splits/mnist_split_seed21_clients5_alpha0p3_ref200.json,0.2,10,conv2,2,3,0.999979555606842,0.9999634623527527,200
cka_feddst,mnist,0.9,21,results/logs/cka_strength_sweep/all_20260516_024344/strength_0p2/seed_21/splits/mnist_split_seed21_clients5_alpha0p3_ref200.json,0.2,10,conv2,2,4,0.9999953508377075,0.9999634623527527,200
cka_feddst,mnist,0.9,21,results/logs/cka_strength_sweep/all_20260516_024344/strength_0p2/seed_21/splits/mnist_split_seed21_clients5_alpha0p3_ref200.json,0.2,10,conv2,3,0,0.9998883008956909,0.9999634623527527,200
cka_feddst,mnist,0.9,21,results/logs/cka_strength_sweep/all_20260516_024344/strength_0p2/seed_21/splits/mnist_split_seed21_clients5_alpha0p3_ref200.json,0.2,10,conv2,3,1,0.9999784827232361,0.9999634623527527,200
cka_feddst,mnist,0.9,21,results/logs/cka_strength_sweep/all_20260516_024344/strength_0p2/seed_21/splits/mnist_split_seed21_clients5_alpha0p3_ref200.json,0.2,10,conv2,3,2,0.999979555606842,0.9999634623527527,200
cka_feddst,mnist,0.9,21,results/logs/cka_strength_sweep/all_20260516_024344/strength_0p2/seed_21/splits/mnist_split_seed21_clients5_alpha0p3_ref200.json,0.2,10,conv2,3,3,1.0,0.9999634623527527,200
cka_feddst,mnist,0.9,21,results/logs/cka_strength_sweep/all_20260516_024344/strength_0p2/seed_21/splits/mnist_split_seed21_clients5_alpha0p3_ref200.json,0.2,10,conv2,3,4,0.9999897480010986,0.9999634623527527,200
cka_feddst,mnist,0.9,21,results/logs/cka_strength_sweep/all_20260516_024344/strength_0p2/seed_21/splits/mnist_split_seed21_clients5_alpha0p3_ref200.json,0.2,10,conv2,4,0,0.9999194741249084,0.9999634623527527,200
cka_feddst,mnist,0.9,21,results/logs/cka_strength_sweep/all_20260516_024344/strength_0p2/seed_21/splits/mnist_split_seed21_clients5_alpha0p3_ref200.json,0.2,10,conv2,4,1,0.9999964237213135,0.9999634623527527,200
cka_feddst,mnist,0.9,21,results/logs/cka_strength_sweep/all_20260516_024344/strength_0p2/seed_21/splits/mnist_split_seed21_clients5_alpha0p3_ref200.json,0.2,10,conv2,4,2,0.9999953508377075,0.9999634623527527,200
cka_feddst,mnist,0.9,21,results/logs/cka_strength_sweep/all_20260516_024344/strength_0p2/seed_21/splits/mnist_split_seed21_clients5_alpha0p3_ref200.json,0.2,10,conv2,4,3,0.9999897480010986,0.9999634623527527,200
cka_feddst,mnist,0.9,21,results/logs/cka_strength_sweep/all_20260516_024344/strength_0p2/seed_21/splits/mnist_split_seed21_clients5_alpha0p3_ref200.json,0.2,10,conv2,4,4,1.0,0.9999634623527527,200
cka_feddst,mnist,0.9,21,results/logs/cka_strength_sweep/all_20260516_024344/strength_0p2/seed_21/splits/mnist_split_seed21_clients5_alpha0p3_ref200.json,0.2,10,fc1,0,0,1.0,0.9616230130195618,200
cka_feddst,mnist,0.9,21,results/logs/cka_strength_sweep/all_20260516_024344/strength_0p2/seed_21/splits/mnist_split_seed21_clients5_alpha0p3_ref200.json,0.2,10,fc1,0,1,0.9626209139823914,0.9616230130195618,200
cka_feddst,mnist,0.9,21,results/logs/cka_strength_sweep/all_20260516_024344/strength_0p2/seed_21/splits/mnist_split_seed21_clients5_alpha0p3_ref200.json,0.2,10,fc1,0,2,0.9524336457252502,0.9616230130195618,200
cka_feddst,mnist,0.9,21,results/logs/cka_strength_sweep/all_20260516_024344/strength_0p2/seed_21/splits/mnist_split_seed21_clients5_alpha0p3_ref200.json,0.2,10,fc1,0,3,0.934404730796814,0.9616230130195618,200
cka_feddst,mnist,0.9,21,results/logs/cka_strength_sweep/all_20260516_024344/strength_0p2/seed_21/splits/mnist_split_seed21_clients5_alpha0p3_ref200.json,0.2,10,fc1,0,4,0.9264758825302124,0.9616230130195618,200
cka_feddst,mnist,0.9,21,results/logs/cka_strength_sweep/all_20260516_024344/strength_0p2/seed_21/splits/mnist_split_seed21_clients5_alpha0p3_ref200.json,0.2,10,fc1,1,0,0.9626209139823914,0.9616230130195618,200
cka_feddst,mnist,0.9,21,results/logs/cka_strength_sweep/all_20260516_024344/strength_0p2/seed_21/splits/mnist_split_seed21_clients5_alpha0p3_ref200.json,0.2,10,fc1,1,1,1.0,0.9616230130195618,200
cka_feddst,mnist,0.9,21,results/logs/cka_strength_sweep/all_20260516_024344/strength_0p2/seed_21/splits/mnist_split_seed21_clients5_alpha0p3_ref200.json,0.2,10,fc1,1,2,0.9859300255775452,0.9616230130195618,200
cka_feddst,mnist,0.9,21,results/logs/cka_strength_sweep/all_20260516_024344/strength_0p2/seed_21/splits/mnist_split_seed21_clients5_alpha0p3_ref200.json,0.2,10,fc1,1,3,0.9731855988502502,0.9616230130195618,200
cka_feddst,mnist,0.9,21,results/logs/cka_strength_sweep/all_20260516_024344/strength_0p2/seed_21/splits/mnist_split_seed21_clients5_alpha0p3_ref200.json,0.2,10,fc1,1,4,0.9637600183486938,0.9616230130195618,200
cka_feddst,mnist,0.9,21,results/logs/cka_strength_sweep/all_20260516_024344/strength_0p2/seed_21/splits/mnist_split_seed21_clients5_alpha0p3_ref200.json,0.2,10,fc1,2,0,0.9524336457252502,0.9616230130195618,200
cka_feddst,mnist,0.9,21,results/logs/cka_strength_sweep/all_20260516_024344/strength_0p2/seed_21/splits/mnist_split_seed21_clients5_alpha0p3_ref200.json,0.2,10,fc1,2,1,0.9859300255775452,0.9616230130195618,200
cka_feddst,mnist,0.9,21,results/logs/cka_strength_sweep/all_20260516_024344/strength_0p2/seed_21/splits/mnist_split_seed21_clients5_alpha0p3_ref200.json,0.2,10,fc1,2,2,1.0,0.9616230130195618,200
cka_feddst,mnist,0.9,21,results/logs/cka_strength_sweep/all_20260516_024344/strength_0p2/seed_21/splits/mnist_split_seed21_clients5_alpha0p3_ref200.json,0.2,10,fc1,2,3,0.9784937500953674,0.9616230130195618,200
cka_feddst,mnist,0.9,21,results/logs/cka_strength_sweep/all_20260516_024344/strength_0p2/seed_21/splits/mnist_split_seed21_clients5_alpha0p3_ref200.json,0.2,10,fc1,2,4,0.9687321782112122,0.9616230130195618,200
cka_feddst,mnist,0.9,21,results/logs/cka_strength_sweep/all_20260516_024344/strength_0p2/seed_21/splits/mnist_split_seed21_clients5_alpha0p3_ref200.json,0.2,10,fc1,3,0,0.934404730796814,0.9616230130195618,200
cka_feddst,mnist,0.9,21,results/logs/cka_strength_sweep/all_20260516_024344/strength_0p2/seed_21/splits/mnist_split_seed21_clients5_alpha0p3_ref200.json,0.2,10,fc1,3,1,0.9731855988502502,0.9616230130195618,200
cka_feddst,mnist,0.9,21,results/logs/cka_strength_sweep/all_20260516_024344/strength_0p2/seed_21/splits/mnist_split_seed21_clients5_alpha0p3_ref200.json,0.2,10,fc1,3,2,0.9784937500953674,0.9616230130195618,200
cka_feddst,mnist,0.9,21,results/logs/cka_strength_sweep/all_20260516_024344/strength_0p2/seed_21/splits/mnist_split_seed21_clients5_alpha0p3_ref200.json,0.2,10,fc1,3,3,1.0,0.9616230130195618,200
cka_feddst,mnist,0.9,21,results/logs/cka_strength_sweep/all_20260516_024344/strength_0p2/seed_21/splits/mnist_split_seed21_clients5_alpha0p3_ref200.json,0.2,10,fc1,3,4,0.970193088054657,0.9616230130195618,200
cka_feddst,mnist,0.9,21,results/logs/cka_strength_sweep/all_20260516_024344/strength_0p2/seed_21/splits/mnist_split_seed21_clients5_alpha0p3_ref200.json,0.2,10,fc1,4,0,0.9264758825302124,0.9616230130195618,200
cka_feddst,mnist,0.9,21,results/logs/cka_strength_sweep/all_20260516_024344/strength_0p2/seed_21/splits/mnist_split_seed21_clients5_alpha0p3_ref200.json,0.2,10,fc1,4,1,0.9637600183486938,0.9616230130195618,200
cka_feddst,mnist,0.9,21,results/logs/cka_strength_sweep/all_20260516_024344/strength_0p2/seed_21/splits/mnist_split_seed21_clients5_alpha0p3_ref200.json,0.2,10,fc1,4,2,0.9687321782112122,0.9616230130195618,200
cka_feddst,mnist,0.9,21,results/logs/cka_strength_sweep/all_20260516_024344/strength_0p2/seed_21/splits/mnist_split_seed21_clients5_alpha0p3_ref200.json,0.2,10,fc1,4,3,0.970193088054657,0.9616230130195618,200
cka_feddst,mnist,0.9,21,results/logs/cka_strength_sweep/all_20260516_024344/strength_0p2/seed_21/splits/mnist_split_seed21_clients5_alpha0p3_ref200.json,0.2,10,fc1,4,4,1.0,0.9616230130195618,200
cka_feddst,mnist,0.9,21,results/logs/cka_strength_sweep/all_20260516_024344/strength_0p2/seed_21/splits/mnist_split_seed21_clients5_alpha0p3_ref200.json,0.2,12,conv1,0,0,1.0,0.9999974370002747,200
cka_feddst,mnist,0.9,21,results/logs/cka_strength_sweep/all_20260516_024344/strength_0p2/seed_21/splits/mnist_split_seed21_clients5_alpha0p3_ref200.json,0.2,12,conv1,0,1,0.9999951124191284,0.9999974370002747,200
cka_feddst,mnist,0.9,21,results/logs/cka_strength_sweep/all_20260516_024344/strength_0p2/seed_21/splits/mnist_split_seed21_clients5_alpha0p3_ref200.json,0.2,12,conv1,0,2,0.9999972581863403,0.9999974370002747,200
cka_feddst,mnist,0.9,21,results/logs/cka_strength_sweep/all_20260516_024344/strength_0p2/seed_21/splits/mnist_split_seed21_clients5_alpha0p3_ref200.json,0.2,12,conv1,0,3,0.9999908208847046,0.9999974370002747,200
cka_feddst,mnist,0.9,21,results/logs/cka_strength_sweep/all_20260516_024344/strength_0p2/seed_21/splits/mnist_split_seed21_clients5_alpha0p3_ref200.json,0.2,12,conv1,0,4,0.9999963045120239,0.9999974370002747,200
cka_feddst,mnist,0.9,21,results/logs/cka_strength_sweep/all_20260516_024344/strength_0p2/seed_21/splits/mnist_split_seed21_clients5_alpha0p3_ref200.json,0.2,12,conv1,1,0,0.9999951124191284,0.9999974370002747,200
cka_feddst,mnist,0.9,21,results/logs/cka_strength_sweep/all_20260516_024344/strength_0p2/seed_21/splits/mnist_split_seed21_clients5_alpha0p3_ref200.json,0.2,12,conv1,1,1,1.0,0.9999974370002747,200
cka_feddst,mnist,0.9,21,results/logs/cka_strength_sweep/all_20260516_024344/strength_0p2/seed_21/splits/mnist_split_seed21_clients5_alpha0p3_ref200.json,0.2,12,conv1,1,2,0.9999995827674866,0.9999974370002747,200
cka_feddst,mnist,0.9,21,results/logs/cka_strength_sweep/all_20260516_024344/strength_0p2/seed_21/splits/mnist_split_seed21_clients5_alpha0p3_ref200.json,0.2,12,conv1,1,3,0.9999985098838806,0.9999974370002747,200
cka_feddst,mnist,0.9,21,results/logs/cka_strength_sweep/all_20260516_024344/strength_0p2/seed_21/splits/mnist_split_seed21_clients5_alpha0p3_ref200.json,0.2,12,conv1,1,4,0.9999998807907104,0.9999974370002747,200
cka_feddst,mnist,0.9,21,results/logs/cka_strength_sweep/all_20260516_024344/strength_0p2/seed_21/splits/mnist_split_seed21_clients5_alpha0p3_ref200.json,0.2,12,conv1,2,0,0.9999972581863403,0.9999974370002747,200
cka_feddst,mnist,0.9,21,results/logs/cka_strength_sweep/all_20260516_024344/strength_0p2/seed_21/splits/mnist_split_seed21_clients5_alpha0p3_ref200.json,0.2,12,conv1,2,1,0.9999995827674866,0.9999974370002747,200
cka_feddst,mnist,0.9,21,results/logs/cka_strength_sweep/all_20260516_024344/strength_0p2/seed_21/splits/mnist_split_seed21_clients5_alpha0p3_ref200.json,0.2,12,conv1,2,2,1.0,0.9999974370002747,200
cka_feddst,mnist,0.9,21,results/logs/cka_strength_sweep/all_20260516_024344/strength_0p2/seed_21/splits/mnist_split_seed21_clients5_alpha0p3_ref200.json,0.2,12,conv1,2,3,0.9999984502792358,0.9999974370002747,200
cka_feddst,mnist,0.9,21,results/logs/cka_strength_sweep/all_20260516_024344/strength_0p2/seed_21/splits/mnist_split_seed21_clients5_alpha0p3_ref200.json,0.2,12,conv1,2,4,1.0,0.9999974370002747,200
cka_feddst,mnist,0.9,21,results/logs/cka_strength_sweep/all_20260516_024344/strength_0p2/seed_21/splits/mnist_split_seed21_clients5_alpha0p3_ref200.json,0.2,12,conv1,3,0,0.9999908208847046,0.9999974370002747,200
cka_feddst,mnist,0.9,21,results/logs/cka_strength_sweep/all_20260516_024344/strength_0p2/seed_21/splits/mnist_split_seed21_clients5_alpha0p3_ref200.json,0.2,12,conv1,3,1,0.9999985098838806,0.9999974370002747,200
cka_feddst,mnist,0.9,21,results/logs/cka_strength_sweep/all_20260516_024344/strength_0p2/seed_21/splits/mnist_split_seed21_clients5_alpha0p3_ref200.json,0.2,12,conv1,3,2,0.9999984502792358,0.9999974370002747,200
cka_feddst,mnist,0.9,21,results/logs/cka_strength_sweep/all_20260516_024344/strength_0p2/seed_21/splits/mnist_split_seed21_clients5_alpha0p3_ref200.json,0.2,12,conv1,3,3,1.0,0.9999974370002747,200
cka_feddst,mnist,0.9,21,results/logs/cka_strength_sweep/all_20260516_024344/strength_0p2/seed_21/splits/mnist_split_seed21_clients5_alpha0p3_ref200.json,0.2,12,conv1,3,4,0.9999992847442627,0.9999974370002747,200
cka_feddst,mnist,0.9,21,results/logs/cka_strength_sweep/all_20260516_024344/strength_0p2/seed_21/splits/mnist_split_seed21_clients5_alpha0p3_ref200.json,0.2,12,conv1,4,0,0.9999963045120239,0.9999974370002747,200
cka_feddst,mnist,0.9,21,results/logs/cka_strength_sweep/all_20260516_024344/strength_0p2/seed_21/splits/mnist_split_seed21_clients5_alpha0p3_ref200.json,0.2,12,conv1,4,1,0.9999998807907104,0.9999974370002747,200
cka_feddst,mnist,0.9,21,results/logs/cka_strength_sweep/all_20260516_024344/strength_0p2/seed_21/splits/mnist_split_seed21_clients5_alpha0p3_ref200.json,0.2,12,conv1,4,2,1.0,0.9999974370002747,200
cka_feddst,mnist,0.9,21,results/logs/cka_strength_sweep/all_20260516_024344/strength_0p2/seed_21/splits/mnist_split_seed21_clients5_alpha0p3_ref200.json,0.2,12,conv1,4,3,0.9999992847442627,0.9999974370002747,200
cka_feddst,mnist,0.9,21,results/logs/cka_strength_sweep/all_20260516_024344/strength_0p2/seed_21/splits/mnist_split_seed21_clients5_alpha0p3_ref200.json,0.2,12,conv1,4,4,1.0,0.9999974370002747,200
cka_feddst,mnist,0.9,21,results/logs/cka_strength_sweep/all_20260516_024344/strength_0p2/seed_21/splits/mnist_split_seed21_clients5_alpha0p3_ref200.json,0.2,12,conv2,0,0,1.0,0.999965488910675,200
cka_feddst,mnist,0.9,21,results/logs/cka_strength_sweep/all_20260516_024344/strength_0p2/seed_21/splits/mnist_split_seed21_clients5_alpha0p3_ref200.json,0.2,12,conv2,0,1,0.9999711513519287,0.999965488910675,200
cka_feddst,mnist,0.9,21,results/logs/cka_strength_sweep/all_20260516_024344/strength_0p2/seed_21/splits/mnist_split_seed21_clients5_alpha0p3_ref200.json,0.2,12,conv2,0,2,0.9999728202819824,0.999965488910675,200
cka_feddst,mnist,0.9,21,results/logs/cka_strength_sweep/all_20260516_024344/strength_0p2/seed_21/splits/mnist_split_seed21_clients5_alpha0p3_ref200.json,0.2,12,conv2,0,3,0.9998790621757507,0.999965488910675,200
cka_feddst,mnist,0.9,21,results/logs/cka_strength_sweep/all_20260516_024344/strength_0p2/seed_21/splits/mnist_split_seed21_clients5_alpha0p3_ref200.json,0.2,12,conv2,0,4,0.9999418258666992,0.999965488910675,200
cka_feddst,mnist,0.9,21,results/logs/cka_strength_sweep/all_20260516_024344/strength_0p2/seed_21/splits/mnist_split_seed21_clients5_alpha0p3_ref200.json,0.2,12,conv2,1,0,0.9999711513519287,0.999965488910675,200
cka_feddst,mnist,0.9,21,results/logs/cka_strength_sweep/all_20260516_024344/strength_0p2/seed_21/splits/mnist_split_seed21_clients5_alpha0p3_ref200.json,0.2,12,conv2,1,1,1.0,0.999965488910675,200
cka_feddst,mnist,0.9,21,results/logs/cka_strength_sweep/all_20260516_024344/strength_0p2/seed_21/splits/mnist_split_seed21_clients5_alpha0p3_ref200.json,0.2,12,conv2,1,2,0.9999989867210388,0.999965488910675,200
cka_feddst,mnist,0.9,21,results/logs/cka_strength_sweep/all_20260516_024344/strength_0p2/seed_21/splits/mnist_split_seed21_clients5_alpha0p3_ref200.json,0.2,12,conv2,1,3,0.9999581575393677,0.999965488910675,200
cka_feddst,mnist,0.9,21,results/logs/cka_strength_sweep/all_20260516_024344/strength_0p2/seed_21/splits/mnist_split_seed21_clients5_alpha0p3_ref200.json,0.2,12,conv2,1,4,0.999993085861206,0.999965488910675,200
cka_feddst,mnist,0.9,21,results/logs/cka_strength_sweep/all_20260516_024344/strength_0p2/seed_21/splits/mnist_split_seed21_clients5_alpha0p3_ref200.json,0.2,12,conv2,2,0,0.9999728202819824,0.999965488910675,200
cka_feddst,mnist,0.9,21,results/logs/cka_strength_sweep/all_20260516_024344/strength_0p2/seed_21/splits/mnist_split_seed21_clients5_alpha0p3_ref200.json,0.2,12,conv2,2,1,0.9999989867210388,0.999965488910675,200
cka_feddst,mnist,0.9,21,results/logs/cka_strength_sweep/all_20260516_024344/strength_0p2/seed_21/splits/mnist_split_seed21_clients5_alpha0p3_ref200.json,0.2,12,conv2,2,2,1.0,0.999965488910675,200
cka_feddst,mnist,0.9,21,results/logs/cka_strength_sweep/all_20260516_024344/strength_0p2/seed_21/splits/mnist_split_seed21_clients5_alpha0p3_ref200.json,0.2,12,conv2,2,3,0.9999640583992004,0.999965488910675,200
cka_feddst,mnist,0.9,21,results/logs/cka_strength_sweep/all_20260516_024344/strength_0p2/seed_21/splits/mnist_split_seed21_clients5_alpha0p3_ref200.json,0.2,12,conv2,2,4,0.9999933242797852,0.999965488910675,200
cka_feddst,mnist,0.9,21,results/logs/cka_strength_sweep/all_20260516_024344/strength_0p2/seed_21/splits/mnist_split_seed21_clients5_alpha0p3_ref200.json,0.2,12,conv2,3,0,0.9998790621757507,0.999965488910675,200
cka_feddst,mnist,0.9,21,results/logs/cka_strength_sweep/all_20260516_024344/strength_0p2/seed_21/splits/mnist_split_seed21_clients5_alpha0p3_ref200.json,0.2,12,conv2,3,1,0.9999581575393677,0.999965488910675,200
cka_feddst,mnist,0.9,21,results/logs/cka_strength_sweep/all_20260516_024344/strength_0p2/seed_21/splits/mnist_split_seed21_clients5_alpha0p3_ref200.json,0.2,12,conv2,3,2,0.9999640583992004,0.999965488910675,200
cka_feddst,mnist,0.9,21,results/logs/cka_strength_sweep/all_20260516_024344/strength_0p2/seed_21/splits/mnist_split_seed21_clients5_alpha0p3_ref200.json,0.2,12,conv2,3,3,1.0,0.999965488910675,200
cka_feddst,mnist,0.9,21,results/logs/cka_strength_sweep/all_20260516_024344/strength_0p2/seed_21/splits/mnist_split_seed21_clients5_alpha0p3_ref200.json,0.2,12,conv2,3,4,0.9999829530715942,0.999965488910675,200
cka_feddst,mnist,0.9,21,results/logs/cka_strength_sweep/all_20260516_024344/strength_0p2/seed_21/splits/mnist_split_seed21_clients5_alpha0p3_ref200.json,0.2,12,conv2,4,0,0.9999418258666992,0.999965488910675,200
cka_feddst,mnist,0.9,21,results/logs/cka_strength_sweep/all_20260516_024344/strength_0p2/seed_21/splits/mnist_split_seed21_clients5_alpha0p3_ref200.json,0.2,12,conv2,4,1,0.999993085861206,0.999965488910675,200
cka_feddst,mnist,0.9,21,results/logs/cka_strength_sweep/all_20260516_024344/strength_0p2/seed_21/splits/mnist_split_seed21_clients5_alpha0p3_ref200.json,0.2,12,conv2,4,2,0.9999933242797852,0.999965488910675,200
cka_feddst,mnist,0.9,21,results/logs/cka_strength_sweep/all_20260516_024344/strength_0p2/seed_21/splits/mnist_split_seed21_clients5_alpha0p3_ref200.json,0.2,12,conv2,4,3,0.9999829530715942,0.999965488910675,200
cka_feddst,mnist,0.9,21,results/logs/cka_strength_sweep/all_20260516_024344/strength_0p2/seed_21/splits/mnist_split_seed21_clients5_alpha0p3_ref200.json,0.2,12,conv2,4,4,1.0,0.999965488910675,200
cka_feddst,mnist,0.9,21,results/logs/cka_strength_sweep/all_20260516_024344/strength_0p2/seed_21/splits/mnist_split_seed21_clients5_alpha0p3_ref200.json,0.2,12,fc1,0,0,1.0,0.9532626271247864,200
cka_feddst,mnist,0.9,21,results/logs/cka_strength_sweep/all_20260516_024344/strength_0p2/seed_21/splits/mnist_split_seed21_clients5_alpha0p3_ref200.json,0.2,12,fc1,0,1,0.9492254257202148,0.9532626271247864,200
cka_feddst,mnist,0.9,21,results/logs/cka_strength_sweep/all_20260516_024344/strength_0p2/seed_21/splits/mnist_split_seed21_clients5_alpha0p3_ref200.json,0.2,12,fc1,0,2,0.9309955835342407,0.9532626271247864,200
cka_feddst,mnist,0.9,21,results/logs/cka_strength_sweep/all_20260516_024344/strength_0p2/seed_21/splits/mnist_split_seed21_clients5_alpha0p3_ref200.json,0.2,12,fc1,0,3,0.9139290452003479,0.9532626271247864,200
cka_feddst,mnist,0.9,21,results/logs/cka_strength_sweep/all_20260516_024344/strength_0p2/seed_21/splits/mnist_split_seed21_clients5_alpha0p3_ref200.json,0.2,12,fc1,0,4,0.903648316860199,0.9532626271247864,200
cka_feddst,mnist,0.9,21,results/logs/cka_strength_sweep/all_20260516_024344/strength_0p2/seed_21/splits/mnist_split_seed21_clients5_alpha0p3_ref200.json,0.2,12,fc1,1,0,0.9492254257202148,0.9532626271247864,200
cka_feddst,mnist,0.9,21,results/logs/cka_strength_sweep/all_20260516_024344/strength_0p2/seed_21/splits/mnist_split_seed21_clients5_alpha0p3_ref200.json,0.2,12,fc1,1,1,1.0,0.9532626271247864,200
cka_feddst,mnist,0.9,21,results/logs/cka_strength_sweep/all_20260516_024344/strength_0p2/seed_21/splits/mnist_split_seed21_clients5_alpha0p3_ref200.json,0.2,12,fc1,1,2,0.981040358543396,0.9532626271247864,200
cka_feddst,mnist,0.9,21,results/logs/cka_strength_sweep/all_20260516_024344/strength_0p2/seed_21/splits/mnist_split_seed21_clients5_alpha0p3_ref200.json,0.2,12,fc1,1,3,0.9682646989822388,0.9532626271247864,200
cka_feddst,mnist,0.9,21,results/logs/cka_strength_sweep/all_20260516_024344/strength_0p2/seed_21/splits/mnist_split_seed21_clients5_alpha0p3_ref200.json,0.2,12,fc1,1,4,0.9649794697761536,0.9532626271247864,200
cka_feddst,mnist,0.9,21,results/logs/cka_strength_sweep/all_20260516_024344/strength_0p2/seed_21/splits/mnist_split_seed21_clients5_alpha0p3_ref200.json,0.2,12,fc1,2,0,0.9309955835342407,0.9532626271247864,200
cka_feddst,mnist,0.9,21,results/logs/cka_strength_sweep/all_20260516_024344/strength_0p2/seed_21/splits/mnist_split_seed21_clients5_alpha0p3_ref200.json,0.2,12,fc1,2,1,0.981040358543396,0.9532626271247864,200
cka_feddst,mnist,0.9,21,results/logs/cka_strength_sweep/all_20260516_024344/strength_0p2/seed_21/splits/mnist_split_seed21_clients5_alpha0p3_ref200.json,0.2,12,fc1,2,2,1.0,0.9532626271247864,200
cka_feddst,mnist,0.9,21,results/logs/cka_strength_sweep/all_20260516_024344/strength_0p2/seed_21/splits/mnist_split_seed21_clients5_alpha0p3_ref200.json,0.2,12,fc1,2,3,0.9766764044761658,0.9532626271247864,200
cka_feddst,mnist,0.9,21,results/logs/cka_strength_sweep/all_20260516_024344/strength_0p2/seed_21/splits/mnist_split_seed21_clients5_alpha0p3_ref200.json,0.2,12,fc1,2,4,0.9793523550033569,0.9532626271247864,200
cka_feddst,mnist,0.9,21,results/logs/cka_strength_sweep/all_20260516_024344/strength_0p2/seed_21/splits/mnist_split_seed21_clients5_alpha0p3_ref200.json,0.2,12,fc1,3,0,0.9139290452003479,0.9532626271247864,200
cka_feddst,mnist,0.9,21,results/logs/cka_strength_sweep/all_20260516_024344/strength_0p2/seed_21/splits/mnist_split_seed21_clients5_alpha0p3_ref200.json,0.2,12,fc1,3,1,0.9682646989822388,0.9532626271247864,200
cka_feddst,mnist,0.9,21,results/logs/cka_strength_sweep/all_20260516_024344/strength_0p2/seed_21/splits/mnist_split_seed21_clients5_alpha0p3_ref200.json,0.2,12,fc1,3,2,0.9766764044761658,0.9532626271247864,200
cka_feddst,mnist,0.9,21,results/logs/cka_strength_sweep/all_20260516_024344/strength_0p2/seed_21/splits/mnist_split_seed21_clients5_alpha0p3_ref200.json,0.2,12,fc1,3,3,1.0,0.9532626271247864,200
cka_feddst,mnist,0.9,21,results/logs/cka_strength_sweep/all_20260516_024344/strength_0p2/seed_21/splits/mnist_split_seed21_clients5_alpha0p3_ref200.json,0.2,12,fc1,3,4,0.9645149111747742,0.9532626271247864,200
cka_feddst,mnist,0.9,21,results/logs/cka_strength_sweep/all_20260516_024344/strength_0p2/seed_21/splits/mnist_split_seed21_clients5_alpha0p3_ref200.json,0.2,12,fc1,4,0,0.903648316860199,0.9532626271247864,200
cka_feddst,mnist,0.9,21,results/logs/cka_strength_sweep/all_20260516_024344/strength_0p2/seed_21/splits/mnist_split_seed21_clients5_alpha0p3_ref200.json,0.2,12,fc1,4,1,0.9649794697761536,0.9532626271247864,200
cka_feddst,mnist,0.9,21,results/logs/cka_strength_sweep/all_20260516_024344/strength_0p2/seed_21/splits/mnist_split_seed21_clients5_alpha0p3_ref200.json,0.2,12,fc1,4,2,0.9793523550033569,0.9532626271247864,200
cka_feddst,mnist,0.9,21,results/logs/cka_strength_sweep/all_20260516_024344/strength_0p2/seed_21/splits/mnist_split_seed21_clients5_alpha0p3_ref200.json,0.2,12,fc1,4,3,0.9645149111747742,0.9532626271247864,200
cka_feddst,mnist,0.9,21,results/logs/cka_strength_sweep/all_20260516_024344/strength_0p2/seed_21/splits/mnist_split_seed21_clients5_alpha0p3_ref200.json,0.2,12,fc1,4,4,1.0,0.9532626271247864,200
cka_feddst,mnist,0.9,21,results/logs/cka_strength_sweep/all_20260516_024344/strength_0p2/seed_21/splits/mnist_split_seed21_clients5_alpha0p3_ref200.json,0.2,14,conv1,0,0,1.0,0.9999874234199524,200
cka_feddst,mnist,0.9,21,results/logs/cka_strength_sweep/all_20260516_024344/strength_0p2/seed_21/splits/mnist_split_seed21_clients5_alpha0p3_ref200.json,0.2,14,conv1,0,1,0.99998539686203,0.9999874234199524,200
cka_feddst,mnist,0.9,21,results/logs/cka_strength_sweep/all_20260516_024344/strength_0p2/seed_21/splits/mnist_split_seed21_clients5_alpha0p3_ref200.json,0.2,14,conv1,0,2,0.9999894499778748,0.9999874234199524,200
cka_feddst,mnist,0.9,21,results/logs/cka_strength_sweep/all_20260516_024344/strength_0p2/seed_21/splits/mnist_split_seed21_clients5_alpha0p3_ref200.json,0.2,14,conv1,0,3,0.9999515414237976,0.9999874234199524,200
cka_feddst,mnist,0.9,21,results/logs/cka_strength_sweep/all_20260516_024344/strength_0p2/seed_21/splits/mnist_split_seed21_clients5_alpha0p3_ref200.json,0.2,14,conv1,0,4,0.9999831318855286,0.9999874234199524,200
cka_feddst,mnist,0.9,21,results/logs/cka_strength_sweep/all_20260516_024344/strength_0p2/seed_21/splits/mnist_split_seed21_clients5_alpha0p3_ref200.json,0.2,14,conv1,1,0,0.99998539686203,0.9999874234199524,200
cka_feddst,mnist,0.9,21,results/logs/cka_strength_sweep/all_20260516_024344/strength_0p2/seed_21/splits/mnist_split_seed21_clients5_alpha0p3_ref200.json,0.2,14,conv1,1,1,1.0,0.9999874234199524,200
cka_feddst,mnist,0.9,21,results/logs/cka_strength_sweep/all_20260516_024344/strength_0p2/seed_21/splits/mnist_split_seed21_clients5_alpha0p3_ref200.json,0.2,14,conv1,1,2,0.9999992251396179,0.9999874234199524,200
cka_feddst,mnist,0.9,21,results/logs/cka_strength_sweep/all_20260516_024344/strength_0p2/seed_21/splits/mnist_split_seed21_clients5_alpha0p3_ref200.json,0.2,14,conv1,1,3,0.9999893307685852,0.9999874234199524,200
cka_feddst,mnist,0.9,21,results/logs/cka_strength_sweep/all_20260516_024344/strength_0p2/seed_21/splits/mnist_split_seed21_clients5_alpha0p3_ref200.json,0.2,14,conv1,1,4,0.9999995231628418,0.9999874234199524,200
cka_feddst,mnist,0.9,21,results/logs/cka_strength_sweep/all_20260516_024344/strength_0p2/seed_21/splits/mnist_split_seed21_clients5_alpha0p3_ref200.json,0.2,14,conv1,2,0,0.9999894499778748,0.9999874234199524,200
cka_feddst,mnist,0.9,21,results/logs/cka_strength_sweep/all_20260516_024344/strength_0p2/seed_21/splits/mnist_split_seed21_clients5_alpha0p3_ref200.json,0.2,14,conv1,2,1,0.9999992251396179,0.9999874234199524,200
cka_feddst,mnist,0.9,21,results/logs/cka_strength_sweep/all_20260516_024344/strength_0p2/seed_21/splits/mnist_split_seed21_clients5_alpha0p3_ref200.json,0.2,14,conv1,2,2,1.0,0.9999874234199524,200
cka_feddst,mnist,0.9,21,results/logs/cka_strength_sweep/all_20260516_024344/strength_0p2/seed_21/splits/mnist_split_seed21_clients5_alpha0p3_ref200.json,0.2,14,conv1,2,3,0.9999856352806091,0.9999874234199524,200
cka_feddst,mnist,0.9,21,results/logs/cka_strength_sweep/all_20260516_024344/strength_0p2/seed_21/splits/mnist_split_seed21_clients5_alpha0p3_ref200.json,0.2,14,conv1,2,4,0.9999992251396179,0.9999874234199524,200
cka_feddst,mnist,0.9,21,results/logs/cka_strength_sweep/all_20260516_024344/strength_0p2/seed_21/splits/mnist_split_seed21_clients5_alpha0p3_ref200.json,0.2,14,conv1,3,0,0.9999515414237976,0.9999874234199524,200
cka_feddst,mnist,0.9,21,results/logs/cka_strength_sweep/all_20260516_024344/strength_0p2/seed_21/splits/mnist_split_seed21_clients5_alpha0p3_ref200.json,0.2,14,conv1,3,1,0.9999893307685852,0.9999874234199524,200
cka_feddst,mnist,0.9,21,results/logs/cka_strength_sweep/all_20260516_024344/strength_0p2/seed_21/splits/mnist_split_seed21_clients5_alpha0p3_ref200.json,0.2,14,conv1,3,2,0.9999856352806091,0.9999874234199524,200
cka_feddst,mnist,0.9,21,results/logs/cka_strength_sweep/all_20260516_024344/strength_0p2/seed_21/splits/mnist_split_seed21_clients5_alpha0p3_ref200.json,0.2,14,conv1,3,3,1.0,0.9999874234199524,200
cka_feddst,mnist,0.9,21,results/logs/cka_strength_sweep/all_20260516_024344/strength_0p2/seed_21/splits/mnist_split_seed21_clients5_alpha0p3_ref200.json,0.2,14,conv1,3,4,0.9999915361404419,0.9999874234199524,200
cka_feddst,mnist,0.9,21,results/logs/cka_strength_sweep/all_20260516_024344/strength_0p2/seed_21/splits/mnist_split_seed21_clients5_alpha0p3_ref200.json,0.2,14,conv1,4,0,0.9999831318855286,0.9999874234199524,200
cka_feddst,mnist,0.9,21,results/logs/cka_strength_sweep/all_20260516_024344/strength_0p2/seed_21/splits/mnist_split_seed21_clients5_alpha0p3_ref200.json,0.2,14,conv1,4,1,0.9999995231628418,0.9999874234199524,200
cka_feddst,mnist,0.9,21,results/logs/cka_strength_sweep/all_20260516_024344/strength_0p2/seed_21/splits/mnist_split_seed21_clients5_alpha0p3_ref200.json,0.2,14,conv1,4,2,0.9999992251396179,0.9999874234199524,200
cka_feddst,mnist,0.9,21,results/logs/cka_strength_sweep/all_20260516_024344/strength_0p2/seed_21/splits/mnist_split_seed21_clients5_alpha0p3_ref200.json,0.2,14,conv1,4,3,0.9999915361404419,0.9999874234199524,200
cka_feddst,mnist,0.9,21,results/logs/cka_strength_sweep/all_20260516_024344/strength_0p2/seed_21/splits/mnist_split_seed21_clients5_alpha0p3_ref200.json,0.2,14,conv1,4,4,1.0,0.9999874234199524,200
cka_feddst,mnist,0.9,21,results/logs/cka_strength_sweep/all_20260516_024344/strength_0p2/seed_21/splits/mnist_split_seed21_clients5_alpha0p3_ref200.json,0.2,14,conv2,0,0,1.0,0.999958872795105,200
cka_feddst,mnist,0.9,21,results/logs/cka_strength_sweep/all_20260516_024344/strength_0p2/seed_21/splits/mnist_split_seed21_clients5_alpha0p3_ref200.json,0.2,14,conv2,0,1,0.9999702572822571,0.999958872795105,200
cka_feddst,mnist,0.9,21,results/logs/cka_strength_sweep/all_20260516_024344/strength_0p2/seed_21/splits/mnist_split_seed21_clients5_alpha0p3_ref200.json,0.2,14,conv2,0,2,0.9999703764915466,0.999958872795105,200
cka_feddst,mnist,0.9,21,results/logs/cka_strength_sweep/all_20260516_024344/strength_0p2/seed_21/splits/mnist_split_seed21_clients5_alpha0p3_ref200.json,0.2,14,conv2,0,3,0.999855101108551,0.999958872795105,200
cka_feddst,mnist,0.9,21,results/logs/cka_strength_sweep/all_20260516_024344/strength_0p2/seed_21/splits/mnist_split_seed21_clients5_alpha0p3_ref200.json,0.2,14,conv2,0,4,0.9999388456344604,0.999958872795105,200
cka_feddst,mnist,0.9,21,results/logs/cka_strength_sweep/all_20260516_024344/strength_0p2/seed_21/splits/mnist_split_seed21_clients5_alpha0p3_ref200.json,0.2,14,conv2,1,0,0.9999702572822571,0.999958872795105,200
cka_feddst,mnist,0.9,21,results/logs/cka_strength_sweep/all_20260516_024344/strength_0p2/seed_21/splits/mnist_split_seed21_clients5_alpha0p3_ref200.json,0.2,14,conv2,1,1,1.0,0.999958872795105,200
cka_feddst,mnist,0.9,21,results/logs/cka_strength_sweep/all_20260516_024344/strength_0p2/seed_21/splits/mnist_split_seed21_clients5_alpha0p3_ref200.json,0.2,14,conv2,1,2,0.9999982118606567,0.999958872795105,200
cka_feddst,mnist,0.9,21,results/logs/cka_strength_sweep/all_20260516_024344/strength_0p2/seed_21/splits/mnist_split_seed21_clients5_alpha0p3_ref200.json,0.2,14,conv2,1,3,0.9999424815177917,0.999958872795105,200
cka_feddst,mnist,0.9,21,results/logs/cka_strength_sweep/all_20260516_024344/strength_0p2/seed_21/splits/mnist_split_seed21_clients5_alpha0p3_ref200.json,0.2,14,conv2,1,4,0.9999919533729553,0.999958872795105,200
cka_feddst,mnist,0.9,21,results/logs/cka_strength_sweep/all_20260516_024344/strength_0p2/seed_21/splits/mnist_split_seed21_clients5_alpha0p3_ref200.json,0.2,14,conv2,2,0,0.9999703764915466,0.999958872795105,200
cka_feddst,mnist,0.9,21,results/logs/cka_strength_sweep/all_20260516_024344/strength_0p2/seed_21/splits/mnist_split_seed21_clients5_alpha0p3_ref200.json,0.2,14,conv2,2,1,0.9999982118606567,0.999958872795105,200
cka_feddst,mnist,0.9,21,results/logs/cka_strength_sweep/all_20260516_024344/strength_0p2/seed_21/splits/mnist_split_seed21_clients5_alpha0p3_ref200.json,0.2,14,conv2,2,2,1.0,0.999958872795105,200
cka_feddst,mnist,0.9,21,results/logs/cka_strength_sweep/all_20260516_024344/strength_0p2/seed_21/splits/mnist_split_seed21_clients5_alpha0p3_ref200.json,0.2,14,conv2,2,3,0.999951958656311,0.999958872795105,200
cka_feddst,mnist,0.9,21,results/logs/cka_strength_sweep/all_20260516_024344/strength_0p2/seed_21/splits/mnist_split_seed21_clients5_alpha0p3_ref200.json,0.2,14,conv2,2,4,0.9999935626983643,0.999958872795105,200
cka_feddst,mnist,0.9,21,results/logs/cka_strength_sweep/all_20260516_024344/strength_0p2/seed_21/splits/mnist_split_seed21_clients5_alpha0p3_ref200.json,0.2,14,conv2,3,0,0.999855101108551,0.999958872795105,200
cka_feddst,mnist,0.9,21,results/logs/cka_strength_sweep/all_20260516_024344/strength_0p2/seed_21/splits/mnist_split_seed21_clients5_alpha0p3_ref200.json,0.2,14,conv2,3,1,0.9999424815177917,0.999958872795105,200
cka_feddst,mnist,0.9,21,results/logs/cka_strength_sweep/all_20260516_024344/strength_0p2/seed_21/splits/mnist_split_seed21_clients5_alpha0p3_ref200.json,0.2,14,conv2,3,2,0.999951958656311,0.999958872795105,200
cka_feddst,mnist,0.9,21,results/logs/cka_strength_sweep/all_20260516_024344/strength_0p2/seed_21/splits/mnist_split_seed21_clients5_alpha0p3_ref200.json,0.2,14,conv2,3,3,1.0,0.999958872795105,200
cka_feddst,mnist,0.9,21,results/logs/cka_strength_sweep/all_20260516_024344/strength_0p2/seed_21/splits/mnist_split_seed21_clients5_alpha0p3_ref200.json,0.2,14,conv2,3,4,0.999975323677063,0.999958872795105,200
cka_feddst,mnist,0.9,21,results/logs/cka_strength_sweep/all_20260516_024344/strength_0p2/seed_21/splits/mnist_split_seed21_clients5_alpha0p3_ref200.json,0.2,14,conv2,4,0,0.9999388456344604,0.999958872795105,200
cka_feddst,mnist,0.9,21,results/logs/cka_strength_sweep/all_20260516_024344/strength_0p2/seed_21/splits/mnist_split_seed21_clients5_alpha0p3_ref200.json,0.2,14,conv2,4,1,0.9999919533729553,0.999958872795105,200
cka_feddst,mnist,0.9,21,results/logs/cka_strength_sweep/all_20260516_024344/strength_0p2/seed_21/splits/mnist_split_seed21_clients5_alpha0p3_ref200.json,0.2,14,conv2,4,2,0.9999935626983643,0.999958872795105,200
cka_feddst,mnist,0.9,21,results/logs/cka_strength_sweep/all_20260516_024344/strength_0p2/seed_21/splits/mnist_split_seed21_clients5_alpha0p3_ref200.json,0.2,14,conv2,4,3,0.999975323677063,0.999958872795105,200
cka_feddst,mnist,0.9,21,results/logs/cka_strength_sweep/all_20260516_024344/strength_0p2/seed_21/splits/mnist_split_seed21_clients5_alpha0p3_ref200.json,0.2,14,conv2,4,4,1.0,0.999958872795105,200
cka_feddst,mnist,0.9,21,results/logs/cka_strength_sweep/all_20260516_024344/strength_0p2/seed_21/splits/mnist_split_seed21_clients5_alpha0p3_ref200.json,0.2,14,fc1,0,0,1.0,0.9509930610656738,200
cka_feddst,mnist,0.9,21,results/logs/cka_strength_sweep/all_20260516_024344/strength_0p2/seed_21/splits/mnist_split_seed21_clients5_alpha0p3_ref200.json,0.2,14,fc1,0,1,0.9612943530082703,0.9509930610656738,200
cka_feddst,mnist,0.9,21,results/logs/cka_strength_sweep/all_20260516_024344/strength_0p2/seed_21/splits/mnist_split_seed21_clients5_alpha0p3_ref200.json,0.2,14,fc1,0,2,0.9464160203933716,0.9509930610656738,200
cka_feddst,mnist,0.9,21,results/logs/cka_strength_sweep/all_20260516_024344/strength_0p2/seed_21/splits/mnist_split_seed21_clients5_alpha0p3_ref200.json,0.2,14,fc1,0,3,0.9196109771728516,0.9509930610656738,200
cka_feddst,mnist,0.9,21,results/logs/cka_strength_sweep/all_20260516_024344/strength_0p2/seed_21/splits/mnist_split_seed21_clients5_alpha0p3_ref200.json,0.2,14,fc1,0,4,0.8947361707687378,0.9509930610656738,200
cka_feddst,mnist,0.9,21,results/logs/cka_strength_sweep/all_20260516_024344/strength_0p2/seed_21/splits/mnist_split_seed21_clients5_alpha0p3_ref200.json,0.2,14,fc1,1,0,0.9612943530082703,0.9509930610656738,200
cka_feddst,mnist,0.9,21,results/logs/cka_strength_sweep/all_20260516_024344/strength_0p2/seed_21/splits/mnist_split_seed21_clients5_alpha0p3_ref200.json,0.2,14,fc1,1,1,1.0,0.9509930610656738,200
cka_feddst,mnist,0.9,21,results/logs/cka_strength_sweep/all_20260516_024344/strength_0p2/seed_21/splits/mnist_split_seed21_clients5_alpha0p3_ref200.json,0.2,14,fc1,1,2,0.9771775603294373,0.9509930610656738,200
cka_feddst,mnist,0.9,21,results/logs/cka_strength_sweep/all_20260516_024344/strength_0p2/seed_21/splits/mnist_split_seed21_clients5_alpha0p3_ref200.json,0.2,14,fc1,1,3,0.96126389503479,0.9509930610656738,200
cka_feddst,mnist,0.9,21,results/logs/cka_strength_sweep/all_20260516_024344/strength_0p2/seed_21/splits/mnist_split_seed21_clients5_alpha0p3_ref200.json,0.2,14,fc1,1,4,0.9492194652557373,0.9509930610656738,200
cka_feddst,mnist,0.9,21,results/logs/cka_strength_sweep/all_20260516_024344/strength_0p2/seed_21/splits/mnist_split_seed21_clients5_alpha0p3_ref200.json,0.2,14,fc1,2,0,0.9464160203933716,0.9509930610656738,200
cka_feddst,mnist,0.9,21,results/logs/cka_strength_sweep/all_20260516_024344/strength_0p2/seed_21/splits/mnist_split_seed21_clients5_alpha0p3_ref200.json,0.2,14,fc1,2,1,0.9771775603294373,0.9509930610656738,200
cka_feddst,mnist,0.9,21,results/logs/cka_strength_sweep/all_20260516_024344/strength_0p2/seed_21/splits/mnist_split_seed21_clients5_alpha0p3_ref200.json,0.2,14,fc1,2,2,1.0,0.9509930610656738,200
cka_feddst,mnist,0.9,21,results/logs/cka_strength_sweep/all_20260516_024344/strength_0p2/seed_21/splits/mnist_split_seed21_clients5_alpha0p3_ref200.json,0.2,14,fc1,2,3,0.9728184342384338,0.9509930610656738,200
cka_feddst,mnist,0.9,21,results/logs/cka_strength_sweep/all_20260516_024344/strength_0p2/seed_21/splits/mnist_split_seed21_clients5_alpha0p3_ref200.json,0.2,14,fc1,2,4,0.9713839292526245,0.9509930610656738,200
cka_feddst,mnist,0.9,21,results/logs/cka_strength_sweep/all_20260516_024344/strength_0p2/seed_21/splits/mnist_split_seed21_clients5_alpha0p3_ref200.json,0.2,14,fc1,3,0,0.9196109771728516,0.9509930610656738,200
cka_feddst,mnist,0.9,21,results/logs/cka_strength_sweep/all_20260516_024344/strength_0p2/seed_21/splits/mnist_split_seed21_clients5_alpha0p3_ref200.json,0.2,14,fc1,3,1,0.96126389503479,0.9509930610656738,200
cka_feddst,mnist,0.9,21,results/logs/cka_strength_sweep/all_20260516_024344/strength_0p2/seed_21/splits/mnist_split_seed21_clients5_alpha0p3_ref200.json,0.2,14,fc1,3,2,0.9728184342384338,0.9509930610656738,200
cka_feddst,mnist,0.9,21,results/logs/cka_strength_sweep/all_20260516_024344/strength_0p2/seed_21/splits/mnist_split_seed21_clients5_alpha0p3_ref200.json,0.2,14,fc1,3,3,1.0,0.9509930610656738,200
cka_feddst,mnist,0.9,21,results/logs/cka_strength_sweep/all_20260516_024344/strength_0p2/seed_21/splits/mnist_split_seed21_clients5_alpha0p3_ref200.json,0.2,14,fc1,3,4,0.9560094475746155,0.9509930610656738,200
cka_feddst,mnist,0.9,21,results/logs/cka_strength_sweep/all_20260516_024344/strength_0p2/seed_21/splits/mnist_split_seed21_clients5_alpha0p3_ref200.json,0.2,14,fc1,4,0,0.8947361707687378,0.9509930610656738,200
cka_feddst,mnist,0.9,21,results/logs/cka_strength_sweep/all_20260516_024344/strength_0p2/seed_21/splits/mnist_split_seed21_clients5_alpha0p3_ref200.json,0.2,14,fc1,4,1,0.9492194652557373,0.9509930610656738,200
cka_feddst,mnist,0.9,21,results/logs/cka_strength_sweep/all_20260516_024344/strength_0p2/seed_21/splits/mnist_split_seed21_clients5_alpha0p3_ref200.json,0.2,14,fc1,4,2,0.9713839292526245,0.9509930610656738,200
cka_feddst,mnist,0.9,21,results/logs/cka_strength_sweep/all_20260516_024344/strength_0p2/seed_21/splits/mnist_split_seed21_clients5_alpha0p3_ref200.json,0.2,14,fc1,4,3,0.9560094475746155,0.9509930610656738,200
cka_feddst,mnist,0.9,21,results/logs/cka_strength_sweep/all_20260516_024344/strength_0p2/seed_21/splits/mnist_split_seed21_clients5_alpha0p3_ref200.json,0.2,14,fc1,4,4,1.0,0.9509930610656738,200
cka_feddst,mnist,0.9,21,results/logs/cka_strength_sweep/all_20260516_024344/strength_0p2/seed_21/splits/mnist_split_seed21_clients5_alpha0p3_ref200.json,0.2,16,conv1,0,0,1.0,0.9999953508377075,200
cka_feddst,mnist,0.9,21,results/logs/cka_strength_sweep/all_20260516_024344/strength_0p2/seed_21/splits/mnist_split_seed21_clients5_alpha0p3_ref200.json,0.2,16,conv1,0,1,0.9999938607215881,0.9999953508377075,200
cka_feddst,mnist,0.9,21,results/logs/cka_strength_sweep/all_20260516_024344/strength_0p2/seed_21/splits/mnist_split_seed21_clients5_alpha0p3_ref200.json,0.2,16,conv1,0,2,0.9999957084655762,0.9999953508377075,200
cka_feddst,mnist,0.9,21,results/logs/cka_strength_sweep/all_20260516_024344/strength_0p2/seed_21/splits/mnist_split_seed21_clients5_alpha0p3_ref200.json,0.2,16,conv1,0,3,0.9999818801879883,0.9999953508377075,200
cka_feddst,mnist,0.9,21,results/logs/cka_strength_sweep/all_20260516_024344/strength_0p2/seed_21/splits/mnist_split_seed21_clients5_alpha0p3_ref200.json,0.2,16,conv1,0,4,0.9999951720237732,0.9999953508377075,200
cka_feddst,mnist,0.9,21,results/logs/cka_strength_sweep/all_20260516_024344/strength_0p2/seed_21/splits/mnist_split_seed21_clients5_alpha0p3_ref200.json,0.2,16,conv1,1,0,0.9999938607215881,0.9999953508377075,200
cka_feddst,mnist,0.9,21,results/logs/cka_strength_sweep/all_20260516_024344/strength_0p2/seed_21/splits/mnist_split_seed21_clients5_alpha0p3_ref200.json,0.2,16,conv1,1,1,1.0,0.9999953508377075,200
cka_feddst,mnist,0.9,21,results/logs/cka_strength_sweep/all_20260516_024344/strength_0p2/seed_21/splits/mnist_split_seed21_clients5_alpha0p3_ref200.json,0.2,16,conv1,1,2,1.0,0.9999953508377075,200
cka_feddst,mnist,0.9,21,results/logs/cka_strength_sweep/all_20260516_024344/strength_0p2/seed_21/splits/mnist_split_seed21_clients5_alpha0p3_ref200.json,0.2,16,conv1,1,3,0.9999961256980896,0.9999953508377075,200
cka_feddst,mnist,0.9,21,results/logs/cka_strength_sweep/all_20260516_024344/strength_0p2/seed_21/splits/mnist_split_seed21_clients5_alpha0p3_ref200.json,0.2,16,conv1,1,4,0.9999997615814209,0.9999953508377075,200
cka_feddst,mnist,0.9,21,results/logs/cka_strength_sweep/all_20260516_024344/strength_0p2/seed_21/splits/mnist_split_seed21_clients5_alpha0p3_ref200.json,0.2,16,conv1,2,0,0.9999957084655762,0.9999953508377075,200
cka_feddst,mnist,0.9,21,results/logs/cka_strength_sweep/all_20260516_024344/strength_0p2/seed_21/splits/mnist_split_seed21_clients5_alpha0p3_ref200.json,0.2,16,conv1,2,1,1.0,0.9999953508377075,200
cka_feddst,mnist,0.9,21,results/logs/cka_strength_sweep/all_20260516_024344/strength_0p2/seed_21/splits/mnist_split_seed21_clients5_alpha0p3_ref200.json,0.2,16,conv1,2,2,1.0,0.9999953508377075,200
cka_feddst,mnist,0.9,21,results/logs/cka_strength_sweep/all_20260516_024344/strength_0p2/seed_21/splits/mnist_split_seed21_clients5_alpha0p3_ref200.json,0.2,16,conv1,2,3,0.9999955296516418,0.9999953508377075,200
cka_feddst,mnist,0.9,21,results/logs/cka_strength_sweep/all_20260516_024344/strength_0p2/seed_21/splits/mnist_split_seed21_clients5_alpha0p3_ref200.json,0.2,16,conv1,2,4,1.0,0.9999953508377075,200
cka_feddst,mnist,0.9,21,results/logs/cka_strength_sweep/all_20260516_024344/strength_0p2/seed_21/splits/mnist_split_seed21_clients5_alpha0p3_ref200.json,0.2,16,conv1,3,0,0.9999818801879883,0.9999953508377075,200
cka_feddst,mnist,0.9,21,results/logs/cka_strength_sweep/all_20260516_024344/strength_0p2/seed_21/splits/mnist_split_seed21_clients5_alpha0p3_ref200.json,0.2,16,conv1,3,1,0.9999961256980896,0.9999953508377075,200
cka_feddst,mnist,0.9,21,results/logs/cka_strength_sweep/all_20260516_024344/strength_0p2/seed_21/splits/mnist_split_seed21_clients5_alpha0p3_ref200.json,0.2,16,conv1,3,2,0.9999955296516418,0.9999953508377075,200
cka_feddst,mnist,0.9,21,results/logs/cka_strength_sweep/all_20260516_024344/strength_0p2/seed_21/splits/mnist_split_seed21_clients5_alpha0p3_ref200.json,0.2,16,conv1,3,3,1.0,0.9999953508377075,200
cka_feddst,mnist,0.9,21,results/logs/cka_strength_sweep/all_20260516_024344/strength_0p2/seed_21/splits/mnist_split_seed21_clients5_alpha0p3_ref200.json,0.2,16,conv1,3,4,0.9999951720237732,0.9999953508377075,200
cka_feddst,mnist,0.9,21,results/logs/cka_strength_sweep/all_20260516_024344/strength_0p2/seed_21/splits/mnist_split_seed21_clients5_alpha0p3_ref200.json,0.2,16,conv1,4,0,0.9999951720237732,0.9999953508377075,200
cka_feddst,mnist,0.9,21,results/logs/cka_strength_sweep/all_20260516_024344/strength_0p2/seed_21/splits/mnist_split_seed21_clients5_alpha0p3_ref200.json,0.2,16,conv1,4,1,0.9999997615814209,0.9999953508377075,200
cka_feddst,mnist,0.9,21,results/logs/cka_strength_sweep/all_20260516_024344/strength_0p2/seed_21/splits/mnist_split_seed21_clients5_alpha0p3_ref200.json,0.2,16,conv1,4,2,1.0,0.9999953508377075,200
cka_feddst,mnist,0.9,21,results/logs/cka_strength_sweep/all_20260516_024344/strength_0p2/seed_21/splits/mnist_split_seed21_clients5_alpha0p3_ref200.json,0.2,16,conv1,4,3,0.9999951720237732,0.9999953508377075,200
cka_feddst,mnist,0.9,21,results/logs/cka_strength_sweep/all_20260516_024344/strength_0p2/seed_21/splits/mnist_split_seed21_clients5_alpha0p3_ref200.json,0.2,16,conv1,4,4,1.0,0.9999953508377075,200
cka_feddst,mnist,0.9,21,results/logs/cka_strength_sweep/all_20260516_024344/strength_0p2/seed_21/splits/mnist_split_seed21_clients5_alpha0p3_ref200.json,0.2,16,conv2,0,0,1.0,0.9999661445617676,200
cka_feddst,mnist,0.9,21,results/logs/cka_strength_sweep/all_20260516_024344/strength_0p2/seed_21/splits/mnist_split_seed21_clients5_alpha0p3_ref200.json,0.2,16,conv2,0,1,0.9999770522117615,0.9999661445617676,200
cka_feddst,mnist,0.9,21,results/logs/cka_strength_sweep/all_20260516_024344/strength_0p2/seed_21/splits/mnist_split_seed21_clients5_alpha0p3_ref200.json,0.2,16,conv2,0,2,0.9999836087226868,0.9999661445617676,200
cka_feddst,mnist,0.9,21,results/logs/cka_strength_sweep/all_20260516_024344/strength_0p2/seed_21/splits/mnist_split_seed21_clients5_alpha0p3_ref200.json,0.2,16,conv2,0,3,0.9998894929885864,0.9999661445617676,200
cka_feddst,mnist,0.9,21,results/logs/cka_strength_sweep/all_20260516_024344/strength_0p2/seed_21/splits/mnist_split_seed21_clients5_alpha0p3_ref200.json,0.2,16,conv2,0,4,0.9999560117721558,0.9999661445617676,200
cka_feddst,mnist,0.9,21,results/logs/cka_strength_sweep/all_20260516_024344/strength_0p2/seed_21/splits/mnist_split_seed21_clients5_alpha0p3_ref200.json,0.2,16,conv2,1,0,0.9999770522117615,0.9999661445617676,200
cka_feddst,mnist,0.9,21,results/logs/cka_strength_sweep/all_20260516_024344/strength_0p2/seed_21/splits/mnist_split_seed21_clients5_alpha0p3_ref200.json,0.2,16,conv2,1,1,1.0,0.9999661445617676,200
cka_feddst,mnist,0.9,21,results/logs/cka_strength_sweep/all_20260516_024344/strength_0p2/seed_21/splits/mnist_split_seed21_clients5_alpha0p3_ref200.json,0.2,16,conv2,1,2,0.9999970197677612,0.9999661445617676,200
cka_feddst,mnist,0.9,21,results/logs/cka_strength_sweep/all_20260516_024344/strength_0p2/seed_21/splits/mnist_split_seed21_clients5_alpha0p3_ref200.json,0.2,16,conv2,1,3,0.9999457597732544,0.9999661445617676,200
cka_feddst,mnist,0.9,21,results/logs/cka_strength_sweep/all_20260516_024344/strength_0p2/seed_21/splits/mnist_split_seed21_clients5_alpha0p3_ref200.json,0.2,16,conv2,1,4,0.9999930262565613,0.9999661445617676,200
cka_feddst,mnist,0.9,21,results/logs/cka_strength_sweep/all_20260516_024344/strength_0p2/seed_21/splits/mnist_split_seed21_clients5_alpha0p3_ref200.json,0.2,16,conv2,2,0,0.9999836087226868,0.9999661445617676,200
cka_feddst,mnist,0.9,21,results/logs/cka_strength_sweep/all_20260516_024344/strength_0p2/seed_21/splits/mnist_split_seed21_clients5_alpha0p3_ref200.json,0.2,16,conv2,2,1,0.9999970197677612,0.9999661445617676,200
cka_feddst,mnist,0.9,21,results/logs/cka_strength_sweep/all_20260516_024344/strength_0p2/seed_21/splits/mnist_split_seed21_clients5_alpha0p3_ref200.json,0.2,16,conv2,2,2,1.0,0.9999661445617676,200
cka_feddst,mnist,0.9,21,results/logs/cka_strength_sweep/all_20260516_024344/strength_0p2/seed_21/splits/mnist_split_seed21_clients5_alpha0p3_ref200.json,0.2,16,conv2,2,3,0.9999522566795349,0.9999661445617676,200
cka_feddst,mnist,0.9,21,results/logs/cka_strength_sweep/all_20260516_024344/strength_0p2/seed_21/splits/mnist_split_seed21_clients5_alpha0p3_ref200.json,0.2,16,conv2,2,4,0.9999920129776001,0.9999661445617676,200
cka_feddst,mnist,0.9,21,results/logs/cka_strength_sweep/all_20260516_024344/strength_0p2/seed_21/splits/mnist_split_seed21_clients5_alpha0p3_ref200.json,0.2,16,conv2,3,0,0.9998894929885864,0.9999661445617676,200
cka_feddst,mnist,0.9,21,results/logs/cka_strength_sweep/all_20260516_024344/strength_0p2/seed_21/splits/mnist_split_seed21_clients5_alpha0p3_ref200.json,0.2,16,conv2,3,1,0.9999457597732544,0.9999661445617676,200
cka_feddst,mnist,0.9,21,results/logs/cka_strength_sweep/all_20260516_024344/strength_0p2/seed_21/splits/mnist_split_seed21_clients5_alpha0p3_ref200.json,0.2,16,conv2,3,2,0.9999522566795349,0.9999661445617676,200
cka_feddst,mnist,0.9,21,results/logs/cka_strength_sweep/all_20260516_024344/strength_0p2/seed_21/splits/mnist_split_seed21_clients5_alpha0p3_ref200.json,0.2,16,conv2,3,3,1.0,0.9999661445617676,200
cka_feddst,mnist,0.9,21,results/logs/cka_strength_sweep/all_20260516_024344/strength_0p2/seed_21/splits/mnist_split_seed21_clients5_alpha0p3_ref200.json,0.2,16,conv2,3,4,0.9999750852584839,0.9999661445617676,200
cka_feddst,mnist,0.9,21,results/logs/cka_strength_sweep/all_20260516_024344/strength_0p2/seed_21/splits/mnist_split_seed21_clients5_alpha0p3_ref200.json,0.2,16,conv2,4,0,0.9999560117721558,0.9999661445617676,200
cka_feddst,mnist,0.9,21,results/logs/cka_strength_sweep/all_20260516_024344/strength_0p2/seed_21/splits/mnist_split_seed21_clients5_alpha0p3_ref200.json,0.2,16,conv2,4,1,0.9999930262565613,0.9999661445617676,200
cka_feddst,mnist,0.9,21,results/logs/cka_strength_sweep/all_20260516_024344/strength_0p2/seed_21/splits/mnist_split_seed21_clients5_alpha0p3_ref200.json,0.2,16,conv2,4,2,0.9999920129776001,0.9999661445617676,200
cka_feddst,mnist,0.9,21,results/logs/cka_strength_sweep/all_20260516_024344/strength_0p2/seed_21/splits/mnist_split_seed21_clients5_alpha0p3_ref200.json,0.2,16,conv2,4,3,0.9999750852584839,0.9999661445617676,200
cka_feddst,mnist,0.9,21,results/logs/cka_strength_sweep/all_20260516_024344/strength_0p2/seed_21/splits/mnist_split_seed21_clients5_alpha0p3_ref200.json,0.2,16,conv2,4,4,1.0,0.9999661445617676,200
cka_feddst,mnist,0.9,21,results/logs/cka_strength_sweep/all_20260516_024344/strength_0p2/seed_21/splits/mnist_split_seed21_clients5_alpha0p3_ref200.json,0.2,16,fc1,0,0,1.0,0.9540532827377319,200
cka_feddst,mnist,0.9,21,results/logs/cka_strength_sweep/all_20260516_024344/strength_0p2/seed_21/splits/mnist_split_seed21_clients5_alpha0p3_ref200.json,0.2,16,fc1,0,1,0.9691526889801025,0.9540532827377319,200
cka_feddst,mnist,0.9,21,results/logs/cka_strength_sweep/all_20260516_024344/strength_0p2/seed_21/splits/mnist_split_seed21_clients5_alpha0p3_ref200.json,0.2,16,fc1,0,2,0.940854549407959,0.9540532827377319,200
cka_feddst,mnist,0.9,21,results/logs/cka_strength_sweep/all_20260516_024344/strength_0p2/seed_21/splits/mnist_split_seed21_clients5_alpha0p3_ref200.json,0.2,16,fc1,0,3,0.9430336356163025,0.9540532827377319,200
cka_feddst,mnist,0.9,21,results/logs/cka_strength_sweep/all_20260516_024344/strength_0p2/seed_21/splits/mnist_split_seed21_clients5_alpha0p3_ref200.json,0.2,16,fc1,0,4,0.9339370131492615,0.9540532827377319,200
cka_feddst,mnist,0.9,21,results/logs/cka_strength_sweep/all_20260516_024344/strength_0p2/seed_21/splits/mnist_split_seed21_clients5_alpha0p3_ref200.json,0.2,16,fc1,1,0,0.9691526889801025,0.9540532827377319,200
cka_feddst,mnist,0.9,21,results/logs/cka_strength_sweep/all_20260516_024344/strength_0p2/seed_21/splits/mnist_split_seed21_clients5_alpha0p3_ref200.json,0.2,16,fc1,1,1,1.0,0.9540532827377319,200
cka_feddst,mnist,0.9,21,results/logs/cka_strength_sweep/all_20260516_024344/strength_0p2/seed_21/splits/mnist_split_seed21_clients5_alpha0p3_ref200.json,0.2,16,fc1,1,2,0.9531267881393433,0.9540532827377319,200
cka_feddst,mnist,0.9,21,results/logs/cka_strength_sweep/all_20260516_024344/strength_0p2/seed_21/splits/mnist_split_seed21_clients5_alpha0p3_ref200.json,0.2,16,fc1,1,3,0.9605622291564941,0.9540532827377319,200
cka_feddst,mnist,0.9,21,results/logs/cka_strength_sweep/all_20260516_024344/strength_0p2/seed_21/splits/mnist_split_seed21_clients5_alpha0p3_ref200.json,0.2,16,fc1,1,4,0.9611195921897888,0.9540532827377319,200
cka_feddst,mnist,0.9,21,results/logs/cka_strength_sweep/all_20260516_024344/strength_0p2/seed_21/splits/mnist_split_seed21_clients5_alpha0p3_ref200.json,0.2,16,fc1,2,0,0.940854549407959,0.9540532827377319,200
cka_feddst,mnist,0.9,21,results/logs/cka_strength_sweep/all_20260516_024344/strength_0p2/seed_21/splits/mnist_split_seed21_clients5_alpha0p3_ref200.json,0.2,16,fc1,2,1,0.9531267881393433,0.9540532827377319,200
cka_feddst,mnist,0.9,21,results/logs/cka_strength_sweep/all_20260516_024344/strength_0p2/seed_21/splits/mnist_split_seed21_clients5_alpha0p3_ref200.json,0.2,16,fc1,2,2,1.0,0.9540532827377319,200
cka_feddst,mnist,0.9,21,results/logs/cka_strength_sweep/all_20260516_024344/strength_0p2/seed_21/splits/mnist_split_seed21_clients5_alpha0p3_ref200.json,0.2,16,fc1,2,3,0.9593152403831482,0.9540532827377319,200
cka_feddst,mnist,0.9,21,results/logs/cka_strength_sweep/all_20260516_024344/strength_0p2/seed_21/splits/mnist_split_seed21_clients5_alpha0p3_ref200.json,0.2,16,fc1,2,4,0.9594141244888306,0.9540532827377319,200
cka_feddst,mnist,0.9,21,results/logs/cka_strength_sweep/all_20260516_024344/strength_0p2/seed_21/splits/mnist_split_seed21_clients5_alpha0p3_ref200.json,0.2,16,fc1,3,0,0.9430336356163025,0.9540532827377319,200
cka_feddst,mnist,0.9,21,results/logs/cka_strength_sweep/all_20260516_024344/strength_0p2/seed_21/splits/mnist_split_seed21_clients5_alpha0p3_ref200.json,0.2,16,fc1,3,1,0.9605622291564941,0.9540532827377319,200
cka_feddst,mnist,0.9,21,results/logs/cka_strength_sweep/all_20260516_024344/strength_0p2/seed_21/splits/mnist_split_seed21_clients5_alpha0p3_ref200.json,0.2,16,fc1,3,2,0.9593152403831482,0.9540532827377319,200
cka_feddst,mnist,0.9,21,results/logs/cka_strength_sweep/all_20260516_024344/strength_0p2/seed_21/splits/mnist_split_seed21_clients5_alpha0p3_ref200.json,0.2,16,fc1,3,3,1.0,0.9540532827377319,200
cka_feddst,mnist,0.9,21,results/logs/cka_strength_sweep/all_20260516_024344/strength_0p2/seed_21/splits/mnist_split_seed21_clients5_alpha0p3_ref200.json,0.2,16,fc1,3,4,0.9600168466567993,0.9540532827377319,200
cka_feddst,mnist,0.9,21,results/logs/cka_strength_sweep/all_20260516_024344/strength_0p2/seed_21/splits/mnist_split_seed21_clients5_alpha0p3_ref200.json,0.2,16,fc1,4,0,0.9339370131492615,0.9540532827377319,200
cka_feddst,mnist,0.9,21,results/logs/cka_strength_sweep/all_20260516_024344/strength_0p2/seed_21/splits/mnist_split_seed21_clients5_alpha0p3_ref200.json,0.2,16,fc1,4,1,0.9611195921897888,0.9540532827377319,200
cka_feddst,mnist,0.9,21,results/logs/cka_strength_sweep/all_20260516_024344/strength_0p2/seed_21/splits/mnist_split_seed21_clients5_alpha0p3_ref200.json,0.2,16,fc1,4,2,0.9594141244888306,0.9540532827377319,200
cka_feddst,mnist,0.9,21,results/logs/cka_strength_sweep/all_20260516_024344/strength_0p2/seed_21/splits/mnist_split_seed21_clients5_alpha0p3_ref200.json,0.2,16,fc1,4,3,0.9600168466567993,0.9540532827377319,200
cka_feddst,mnist,0.9,21,results/logs/cka_strength_sweep/all_20260516_024344/strength_0p2/seed_21/splits/mnist_split_seed21_clients5_alpha0p3_ref200.json,0.2,16,fc1,4,4,1.0,0.9540532827377319,200
cka_feddst,mnist,0.9,21,results/logs/cka_strength_sweep/all_20260516_024344/strength_0p2/seed_21/splits/mnist_split_seed21_clients5_alpha0p3_ref200.json,0.2,18,conv1,0,0,1.0,0.9999814033508301,200
cka_feddst,mnist,0.9,21,results/logs/cka_strength_sweep/all_20260516_024344/strength_0p2/seed_21/splits/mnist_split_seed21_clients5_alpha0p3_ref200.json,0.2,18,conv1,0,1,0.9999653100967407,0.9999814033508301,200
cka_feddst,mnist,0.9,21,results/logs/cka_strength_sweep/all_20260516_024344/strength_0p2/seed_21/splits/mnist_split_seed21_clients5_alpha0p3_ref200.json,0.2,18,conv1,0,2,0.9999781847000122,0.9999814033508301,200
cka_feddst,mnist,0.9,21,results/logs/cka_strength_sweep/all_20260516_024344/strength_0p2/seed_21/splits/mnist_split_seed21_clients5_alpha0p3_ref200.json,0.2,18,conv1,0,3,0.9999328255653381,0.9999814033508301,200
cka_feddst,mnist,0.9,21,results/logs/cka_strength_sweep/all_20260516_024344/strength_0p2/seed_21/splits/mnist_split_seed21_clients5_alpha0p3_ref200.json,0.2,18,conv1,0,4,0.9999790787696838,0.9999814033508301,200
cka_feddst,mnist,0.9,21,results/logs/cka_strength_sweep/all_20260516_024344/strength_0p2/seed_21/splits/mnist_split_seed21_clients5_alpha0p3_ref200.json,0.2,18,conv1,1,0,0.9999653100967407,0.9999814033508301,200
cka_feddst,mnist,0.9,21,results/logs/cka_strength_sweep/all_20260516_024344/strength_0p2/seed_21/splits/mnist_split_seed21_clients5_alpha0p3_ref200.json,0.2,18,conv1,1,1,1.0,0.9999814033508301,200
cka_feddst,mnist,0.9,21,results/logs/cka_strength_sweep/all_20260516_024344/strength_0p2/seed_21/splits/mnist_split_seed21_clients5_alpha0p3_ref200.json,0.2,18,conv1,1,2,0.9999984502792358,0.9999814033508301,200
cka_feddst,mnist,0.9,21,results/logs/cka_strength_sweep/all_20260516_024344/strength_0p2/seed_21/splits/mnist_split_seed21_clients5_alpha0p3_ref200.json,0.2,18,conv1,1,3,0.9999932646751404,0.9999814033508301,200
cka_feddst,mnist,0.9,21,results/logs/cka_strength_sweep/all_20260516_024344/strength_0p2/seed_21/splits/mnist_split_seed21_clients5_alpha0p3_ref200.json,0.2,18,conv1,1,4,0.9999958872795105,0.9999814033508301,200
cka_feddst,mnist,0.9,21,results/logs/cka_strength_sweep/all_20260516_024344/strength_0p2/seed_21/splits/mnist_split_seed21_clients5_alpha0p3_ref200.json,0.2,18,conv1,2,0,0.9999781847000122,0.9999814033508301,200
cka_feddst,mnist,0.9,21,results/logs/cka_strength_sweep/all_20260516_024344/strength_0p2/seed_21/splits/mnist_split_seed21_clients5_alpha0p3_ref200.json,0.2,18,conv1,2,1,0.9999984502792358,0.9999814033508301,200
cka_feddst,mnist,0.9,21,results/logs/cka_strength_sweep/all_20260516_024344/strength_0p2/seed_21/splits/mnist_split_seed21_clients5_alpha0p3_ref200.json,0.2,18,conv1,2,2,1.0,0.9999814033508301,200
cka_feddst,mnist,0.9,21,results/logs/cka_strength_sweep/all_20260516_024344/strength_0p2/seed_21/splits/mnist_split_seed21_clients5_alpha0p3_ref200.json,0.2,18,conv1,2,3,0.9999862313270569,0.9999814033508301,200
cka_feddst,mnist,0.9,21,results/logs/cka_strength_sweep/all_20260516_024344/strength_0p2/seed_21/splits/mnist_split_seed21_clients5_alpha0p3_ref200.json,0.2,18,conv1,2,4,0.9999986886978149,0.9999814033508301,200
cka_feddst,mnist,0.9,21,results/logs/cka_strength_sweep/all_20260516_024344/strength_0p2/seed_21/splits/mnist_split_seed21_clients5_alpha0p3_ref200.json,0.2,18,conv1,3,0,0.9999328255653381,0.9999814033508301,200
cka_feddst,mnist,0.9,21,results/logs/cka_strength_sweep/all_20260516_024344/strength_0p2/seed_21/splits/mnist_split_seed21_clients5_alpha0p3_ref200.json,0.2,18,conv1,3,1,0.9999932646751404,0.9999814033508301,200
cka_feddst,mnist,0.9,21,results/logs/cka_strength_sweep/all_20260516_024344/strength_0p2/seed_21/splits/mnist_split_seed21_clients5_alpha0p3_ref200.json,0.2,18,conv1,3,2,0.9999862313270569,0.9999814033508301,200
cka_feddst,mnist,0.9,21,results/logs/cka_strength_sweep/all_20260516_024344/strength_0p2/seed_21/splits/mnist_split_seed21_clients5_alpha0p3_ref200.json,0.2,18,conv1,3,3,1.0,0.9999814033508301,200
cka_feddst,mnist,0.9,21,results/logs/cka_strength_sweep/all_20260516_024344/strength_0p2/seed_21/splits/mnist_split_seed21_clients5_alpha0p3_ref200.json,0.2,18,conv1,3,4,0.9999852776527405,0.9999814033508301,200
cka_feddst,mnist,0.9,21,results/logs/cka_strength_sweep/all_20260516_024344/strength_0p2/seed_21/splits/mnist_split_seed21_clients5_alpha0p3_ref200.json,0.2,18,conv1,4,0,0.9999790787696838,0.9999814033508301,200
cka_feddst,mnist,0.9,21,results/logs/cka_strength_sweep/all_20260516_024344/strength_0p2/seed_21/splits/mnist_split_seed21_clients5_alpha0p3_ref200.json,0.2,18,conv1,4,1,0.9999958872795105,0.9999814033508301,200
cka_feddst,mnist,0.9,21,results/logs/cka_strength_sweep/all_20260516_024344/strength_0p2/seed_21/splits/mnist_split_seed21_clients5_alpha0p3_ref200.json,0.2,18,conv1,4,2,0.9999986886978149,0.9999814033508301,200
cka_feddst,mnist,0.9,21,results/logs/cka_strength_sweep/all_20260516_024344/strength_0p2/seed_21/splits/mnist_split_seed21_clients5_alpha0p3_ref200.json,0.2,18,conv1,4,3,0.9999852776527405,0.9999814033508301,200
cka_feddst,mnist,0.9,21,results/logs/cka_strength_sweep/all_20260516_024344/strength_0p2/seed_21/splits/mnist_split_seed21_clients5_alpha0p3_ref200.json,0.2,18,conv1,4,4,1.0,0.9999814033508301,200
cka_feddst,mnist,0.9,21,results/logs/cka_strength_sweep/all_20260516_024344/strength_0p2/seed_21/splits/mnist_split_seed21_clients5_alpha0p3_ref200.json,0.2,18,conv2,0,0,1.0,0.9999614953994751,200
cka_feddst,mnist,0.9,21,results/logs/cka_strength_sweep/all_20260516_024344/strength_0p2/seed_21/splits/mnist_split_seed21_clients5_alpha0p3_ref200.json,0.2,18,conv2,0,1,0.9999766945838928,0.9999614953994751,200
cka_feddst,mnist,0.9,21,results/logs/cka_strength_sweep/all_20260516_024344/strength_0p2/seed_21/splits/mnist_split_seed21_clients5_alpha0p3_ref200.json,0.2,18,conv2,0,2,0.9999825954437256,0.9999614953994751,200
cka_feddst,mnist,0.9,21,results/logs/cka_strength_sweep/all_20260516_024344/strength_0p2/seed_21/splits/mnist_split_seed21_clients5_alpha0p3_ref200.json,0.2,18,conv2,0,3,0.9998810887336731,0.9999614953994751,200
cka_feddst,mnist,0.9,21,results/logs/cka_strength_sweep/all_20260516_024344/strength_0p2/seed_21/splits/mnist_split_seed21_clients5_alpha0p3_ref200.json,0.2,18,conv2,0,4,0.9999552965164185,0.9999614953994751,200
cka_feddst,mnist,0.9,21,results/logs/cka_strength_sweep/all_20260516_024344/strength_0p2/seed_21/splits/mnist_split_seed21_clients5_alpha0p3_ref200.json,0.2,18,conv2,1,0,0.9999766945838928,0.9999614953994751,200
cka_feddst,mnist,0.9,21,results/logs/cka_strength_sweep/all_20260516_024344/strength_0p2/seed_21/splits/mnist_split_seed21_clients5_alpha0p3_ref200.json,0.2,18,conv2,1,1,1.0,0.9999614953994751,200
cka_feddst,mnist,0.9,21,results/logs/cka_strength_sweep/all_20260516_024344/strength_0p2/seed_21/splits/mnist_split_seed21_clients5_alpha0p3_ref200.json,0.2,18,conv2,1,2,0.9999995231628418,0.9999614953994751,200
cka_feddst,mnist,0.9,21,results/logs/cka_strength_sweep/all_20260516_024344/strength_0p2/seed_21/splits/mnist_split_seed21_clients5_alpha0p3_ref200.json,0.2,18,conv2,1,3,0.9999400973320007,0.9999614953994751,200
cka_feddst,mnist,0.9,21,results/logs/cka_strength_sweep/all_20260516_024344/strength_0p2/seed_21/splits/mnist_split_seed21_clients5_alpha0p3_ref200.json,0.2,18,conv2,1,4,0.999991774559021,0.9999614953994751,200
cka_feddst,mnist,0.9,21,results/logs/cka_strength_sweep/all_20260516_024344/strength_0p2/seed_21/splits/mnist_split_seed21_clients5_alpha0p3_ref200.json,0.2,18,conv2,2,0,0.9999825954437256,0.9999614953994751,200
cka_feddst,mnist,0.9,21,results/logs/cka_strength_sweep/all_20260516_024344/strength_0p2/seed_21/splits/mnist_split_seed21_clients5_alpha0p3_ref200.json,0.2,18,conv2,2,1,0.9999995231628418,0.9999614953994751,200
cka_feddst,mnist,0.9,21,results/logs/cka_strength_sweep/all_20260516_024344/strength_0p2/seed_21/splits/mnist_split_seed21_clients5_alpha0p3_ref200.json,0.2,18,conv2,2,2,1.0,0.9999614953994751,200
cka_feddst,mnist,0.9,21,results/logs/cka_strength_sweep/all_20260516_024344/strength_0p2/seed_21/splits/mnist_split_seed21_clients5_alpha0p3_ref200.json,0.2,18,conv2,2,3,0.9999333620071411,0.9999614953994751,200
cka_feddst,mnist,0.9,21,results/logs/cka_strength_sweep/all_20260516_024344/strength_0p2/seed_21/splits/mnist_split_seed21_clients5_alpha0p3_ref200.json,0.2,18,conv2,2,4,0.9999908208847046,0.9999614953994751,200
cka_feddst,mnist,0.9,21,results/logs/cka_strength_sweep/all_20260516_024344/strength_0p2/seed_21/splits/mnist_split_seed21_clients5_alpha0p3_ref200.json,0.2,18,conv2,3,0,0.9998810887336731,0.9999614953994751,200
cka_feddst,mnist,0.9,21,results/logs/cka_strength_sweep/all_20260516_024344/strength_0p2/seed_21/splits/mnist_split_seed21_clients5_alpha0p3_ref200.json,0.2,18,conv2,3,1,0.9999400973320007,0.9999614953994751,200
cka_feddst,mnist,0.9,21,results/logs/cka_strength_sweep/all_20260516_024344/strength_0p2/seed_21/splits/mnist_split_seed21_clients5_alpha0p3_ref200.json,0.2,18,conv2,3,2,0.9999333620071411,0.9999614953994751,200
cka_feddst,mnist,0.9,21,results/logs/cka_strength_sweep/all_20260516_024344/strength_0p2/seed_21/splits/mnist_split_seed21_clients5_alpha0p3_ref200.json,0.2,18,conv2,3,3,1.0,0.9999614953994751,200
cka_feddst,mnist,0.9,21,results/logs/cka_strength_sweep/all_20260516_024344/strength_0p2/seed_21/splits/mnist_split_seed21_clients5_alpha0p3_ref200.json,0.2,18,conv2,3,4,0.9999638795852661,0.9999614953994751,200
cka_feddst,mnist,0.9,21,results/logs/cka_strength_sweep/all_20260516_024344/strength_0p2/seed_21/splits/mnist_split_seed21_clients5_alpha0p3_ref200.json,0.2,18,conv2,4,0,0.9999552965164185,0.9999614953994751,200
cka_feddst,mnist,0.9,21,results/logs/cka_strength_sweep/all_20260516_024344/strength_0p2/seed_21/splits/mnist_split_seed21_clients5_alpha0p3_ref200.json,0.2,18,conv2,4,1,0.999991774559021,0.9999614953994751,200
cka_feddst,mnist,0.9,21,results/logs/cka_strength_sweep/all_20260516_024344/strength_0p2/seed_21/splits/mnist_split_seed21_clients5_alpha0p3_ref200.json,0.2,18,conv2,4,2,0.9999908208847046,0.9999614953994751,200
cka_feddst,mnist,0.9,21,results/logs/cka_strength_sweep/all_20260516_024344/strength_0p2/seed_21/splits/mnist_split_seed21_clients5_alpha0p3_ref200.json,0.2,18,conv2,4,3,0.9999638795852661,0.9999614953994751,200
cka_feddst,mnist,0.9,21,results/logs/cka_strength_sweep/all_20260516_024344/strength_0p2/seed_21/splits/mnist_split_seed21_clients5_alpha0p3_ref200.json,0.2,18,conv2,4,4,1.0,0.9999614953994751,200
cka_feddst,mnist,0.9,21,results/logs/cka_strength_sweep/all_20260516_024344/strength_0p2/seed_21/splits/mnist_split_seed21_clients5_alpha0p3_ref200.json,0.2,18,fc1,0,0,1.0,0.9617159962654114,200
cka_feddst,mnist,0.9,21,results/logs/cka_strength_sweep/all_20260516_024344/strength_0p2/seed_21/splits/mnist_split_seed21_clients5_alpha0p3_ref200.json,0.2,18,fc1,0,1,0.9634949564933777,0.9617159962654114,200
cka_feddst,mnist,0.9,21,results/logs/cka_strength_sweep/all_20260516_024344/strength_0p2/seed_21/splits/mnist_split_seed21_clients5_alpha0p3_ref200.json,0.2,18,fc1,0,2,0.956969678401947,0.9617159962654114,200
cka_feddst,mnist,0.9,21,results/logs/cka_strength_sweep/all_20260516_024344/strength_0p2/seed_21/splits/mnist_split_seed21_clients5_alpha0p3_ref200.json,0.2,18,fc1,0,3,0.9587963819503784,0.9617159962654114,200
cka_feddst,mnist,0.9,21,results/logs/cka_strength_sweep/all_20260516_024344/strength_0p2/seed_21/splits/mnist_split_seed21_clients5_alpha0p3_ref200.json,0.2,18,fc1,0,4,0.9436855316162109,0.9617159962654114,200
cka_feddst,mnist,0.9,21,results/logs/cka_strength_sweep/all_20260516_024344/strength_0p2/seed_21/splits/mnist_split_seed21_clients5_alpha0p3_ref200.json,0.2,18,fc1,1,0,0.9634949564933777,0.9617159962654114,200
cka_feddst,mnist,0.9,21,results/logs/cka_strength_sweep/all_20260516_024344/strength_0p2/seed_21/splits/mnist_split_seed21_clients5_alpha0p3_ref200.json,0.2,18,fc1,1,1,1.0,0.9617159962654114,200
cka_feddst,mnist,0.9,21,results/logs/cka_strength_sweep/all_20260516_024344/strength_0p2/seed_21/splits/mnist_split_seed21_clients5_alpha0p3_ref200.json,0.2,18,fc1,1,2,0.980433464050293,0.9617159962654114,200
cka_feddst,mnist,0.9,21,results/logs/cka_strength_sweep/all_20260516_024344/strength_0p2/seed_21/splits/mnist_split_seed21_clients5_alpha0p3_ref200.json,0.2,18,fc1,1,3,0.9689458012580872,0.9617159962654114,200
cka_feddst,mnist,0.9,21,results/logs/cka_strength_sweep/all_20260516_024344/strength_0p2/seed_21/splits/mnist_split_seed21_clients5_alpha0p3_ref200.json,0.2,18,fc1,1,4,0.954474925994873,0.9617159962654114,200
cka_feddst,mnist,0.9,21,results/logs/cka_strength_sweep/all_20260516_024344/strength_0p2/seed_21/splits/mnist_split_seed21_clients5_alpha0p3_ref200.json,0.2,18,fc1,2,0,0.956969678401947,0.9617159962654114,200
cka_feddst,mnist,0.9,21,results/logs/cka_strength_sweep/all_20260516_024344/strength_0p2/seed_21/splits/mnist_split_seed21_clients5_alpha0p3_ref200.json,0.2,18,fc1,2,1,0.980433464050293,0.9617159962654114,200
cka_feddst,mnist,0.9,21,results/logs/cka_strength_sweep/all_20260516_024344/strength_0p2/seed_21/splits/mnist_split_seed21_clients5_alpha0p3_ref200.json,0.2,18,fc1,2,2,1.0,0.9617159962654114,200
cka_feddst,mnist,0.9,21,results/logs/cka_strength_sweep/all_20260516_024344/strength_0p2/seed_21/splits/mnist_split_seed21_clients5_alpha0p3_ref200.json,0.2,18,fc1,2,3,0.9755807518959045,0.9617159962654114,200
cka_feddst,mnist,0.9,21,results/logs/cka_strength_sweep/all_20260516_024344/strength_0p2/seed_21/splits/mnist_split_seed21_clients5_alpha0p3_ref200.json,0.2,18,fc1,2,4,0.9597080945968628,0.9617159962654114,200
cka_feddst,mnist,0.9,21,results/logs/cka_strength_sweep/all_20260516_024344/strength_0p2/seed_21/splits/mnist_split_seed21_clients5_alpha0p3_ref200.json,0.2,18,fc1,3,0,0.9587963819503784,0.9617159962654114,200
cka_feddst,mnist,0.9,21,results/logs/cka_strength_sweep/all_20260516_024344/strength_0p2/seed_21/splits/mnist_split_seed21_clients5_alpha0p3_ref200.json,0.2,18,fc1,3,1,0.9689458012580872,0.9617159962654114,200
cka_feddst,mnist,0.9,21,results/logs/cka_strength_sweep/all_20260516_024344/strength_0p2/seed_21/splits/mnist_split_seed21_clients5_alpha0p3_ref200.json,0.2,18,fc1,3,2,0.9755807518959045,0.9617159962654114,200
cka_feddst,mnist,0.9,21,results/logs/cka_strength_sweep/all_20260516_024344/strength_0p2/seed_21/splits/mnist_split_seed21_clients5_alpha0p3_ref200.json,0.2,18,fc1,3,3,1.0,0.9617159962654114,200
cka_feddst,mnist,0.9,21,results/logs/cka_strength_sweep/all_20260516_024344/strength_0p2/seed_21/splits/mnist_split_seed21_clients5_alpha0p3_ref200.json,0.2,18,fc1,3,4,0.9550698399543762,0.9617159962654114,200
cka_feddst,mnist,0.9,21,results/logs/cka_strength_sweep/all_20260516_024344/strength_0p2/seed_21/splits/mnist_split_seed21_clients5_alpha0p3_ref200.json,0.2,18,fc1,4,0,0.9436855316162109,0.9617159962654114,200
cka_feddst,mnist,0.9,21,results/logs/cka_strength_sweep/all_20260516_024344/strength_0p2/seed_21/splits/mnist_split_seed21_clients5_alpha0p3_ref200.json,0.2,18,fc1,4,1,0.954474925994873,0.9617159962654114,200
cka_feddst,mnist,0.9,21,results/logs/cka_strength_sweep/all_20260516_024344/strength_0p2/seed_21/splits/mnist_split_seed21_clients5_alpha0p3_ref200.json,0.2,18,fc1,4,2,0.9597080945968628,0.9617159962654114,200
cka_feddst,mnist,0.9,21,results/logs/cka_strength_sweep/all_20260516_024344/strength_0p2/seed_21/splits/mnist_split_seed21_clients5_alpha0p3_ref200.json,0.2,18,fc1,4,3,0.9550698399543762,0.9617159962654114,200
cka_feddst,mnist,0.9,21,results/logs/cka_strength_sweep/all_20260516_024344/strength_0p2/seed_21/splits/mnist_split_seed21_clients5_alpha0p3_ref200.json,0.2,18,fc1,4,4,1.0,0.9617159962654114,200
cka_feddst,mnist,0.9,21,results/logs/cka_strength_sweep/all_20260516_024344/strength_0p2/seed_21/splits/mnist_split_seed21_clients5_alpha0p3_ref200.json,0.2,20,conv1,0,0,1.0,0.9999935030937195,200
cka_feddst,mnist,0.9,21,results/logs/cka_strength_sweep/all_20260516_024344/strength_0p2/seed_21/splits/mnist_split_seed21_clients5_alpha0p3_ref200.json,0.2,20,conv1,0,1,0.9999985098838806,0.9999935030937195,200
cka_feddst,mnist,0.9,21,results/logs/cka_strength_sweep/all_20260516_024344/strength_0p2/seed_21/splits/mnist_split_seed21_clients5_alpha0p3_ref200.json,0.2,20,conv1,0,2,0.9999980330467224,0.9999935030937195,200
cka_feddst,mnist,0.9,21,results/logs/cka_strength_sweep/all_20260516_024344/strength_0p2/seed_21/splits/mnist_split_seed21_clients5_alpha0p3_ref200.json,0.2,20,conv1,0,3,0.9999791383743286,0.9999935030937195,200
cka_feddst,mnist,0.9,21,results/logs/cka_strength_sweep/all_20260516_024344/strength_0p2/seed_21/splits/mnist_split_seed21_clients5_alpha0p3_ref200.json,0.2,20,conv1,0,4,0.999997615814209,0.9999935030937195,200
cka_feddst,mnist,0.9,21,results/logs/cka_strength_sweep/all_20260516_024344/strength_0p2/seed_21/splits/mnist_split_seed21_clients5_alpha0p3_ref200.json,0.2,20,conv1,1,0,0.9999985098838806,0.9999935030937195,200
cka_feddst,mnist,0.9,21,results/logs/cka_strength_sweep/all_20260516_024344/strength_0p2/seed_21/splits/mnist_split_seed21_clients5_alpha0p3_ref200.json,0.2,20,conv1,1,1,1.0,0.9999935030937195,200
cka_feddst,mnist,0.9,21,results/logs/cka_strength_sweep/all_20260516_024344/strength_0p2/seed_21/splits/mnist_split_seed21_clients5_alpha0p3_ref200.json,0.2,20,conv1,1,2,0.9999995827674866,0.9999935030937195,200
cka_feddst,mnist,0.9,21,results/logs/cka_strength_sweep/all_20260516_024344/strength_0p2/seed_21/splits/mnist_split_seed21_clients5_alpha0p3_ref200.json,0.2,20,conv1,1,3,0.9999872446060181,0.9999935030937195,200
cka_feddst,mnist,0.9,21,results/logs/cka_strength_sweep/all_20260516_024344/strength_0p2/seed_21/splits/mnist_split_seed21_clients5_alpha0p3_ref200.json,0.2,20,conv1,1,4,0.9999997615814209,0.9999935030937195,200
cka_feddst,mnist,0.9,21,results/logs/cka_strength_sweep/all_20260516_024344/strength_0p2/seed_21/splits/mnist_split_seed21_clients5_alpha0p3_ref200.json,0.2,20,conv1,2,0,0.9999980330467224,0.9999935030937195,200
cka_feddst,mnist,0.9,21,results/logs/cka_strength_sweep/all_20260516_024344/strength_0p2/seed_21/splits/mnist_split_seed21_clients5_alpha0p3_ref200.json,0.2,20,conv1,2,1,0.9999995827674866,0.9999935030937195,200
cka_feddst,mnist,0.9,21,results/logs/cka_strength_sweep/all_20260516_024344/strength_0p2/seed_21/splits/mnist_split_seed21_clients5_alpha0p3_ref200.json,0.2,20,conv1,2,2,1.0,0.9999935030937195,200
cka_feddst,mnist,0.9,21,results/logs/cka_strength_sweep/all_20260516_024344/strength_0p2/seed_21/splits/mnist_split_seed21_clients5_alpha0p3_ref200.json,0.2,20,conv1,2,3,0.9999878406524658,0.9999935030937195,200
cka_feddst,mnist,0.9,21,results/logs/cka_strength_sweep/all_20260516_024344/strength_0p2/seed_21/splits/mnist_split_seed21_clients5_alpha0p3_ref200.json,0.2,20,conv1,2,4,0.999999463558197,0.9999935030937195,200
cka_feddst,mnist,0.9,21,results/logs/cka_strength_sweep/all_20260516_024344/strength_0p2/seed_21/splits/mnist_split_seed21_clients5_alpha0p3_ref200.json,0.2,20,conv1,3,0,0.9999791383743286,0.9999935030937195,200
cka_feddst,mnist,0.9,21,results/logs/cka_strength_sweep/all_20260516_024344/strength_0p2/seed_21/splits/mnist_split_seed21_clients5_alpha0p3_ref200.json,0.2,20,conv1,3,1,0.9999872446060181,0.9999935030937195,200
cka_feddst,mnist,0.9,21,results/logs/cka_strength_sweep/all_20260516_024344/strength_0p2/seed_21/splits/mnist_split_seed21_clients5_alpha0p3_ref200.json,0.2,20,conv1,3,2,0.9999878406524658,0.9999935030937195,200
cka_feddst,mnist,0.9,21,results/logs/cka_strength_sweep/all_20260516_024344/strength_0p2/seed_21/splits/mnist_split_seed21_clients5_alpha0p3_ref200.json,0.2,20,conv1,3,3,1.0,0.9999935030937195,200
cka_feddst,mnist,0.9,21,results/logs/cka_strength_sweep/all_20260516_024344/strength_0p2/seed_21/splits/mnist_split_seed21_clients5_alpha0p3_ref200.json,0.2,20,conv1,3,4,0.9999882578849792,0.9999935030937195,200
cka_feddst,mnist,0.9,21,results/logs/cka_strength_sweep/all_20260516_024344/strength_0p2/seed_21/splits/mnist_split_seed21_clients5_alpha0p3_ref200.json,0.2,20,conv1,4,0,0.999997615814209,0.9999935030937195,200
cka_feddst,mnist,0.9,21,results/logs/cka_strength_sweep/all_20260516_024344/strength_0p2/seed_21/splits/mnist_split_seed21_clients5_alpha0p3_ref200.json,0.2,20,conv1,4,1,0.9999997615814209,0.9999935030937195,200
cka_feddst,mnist,0.9,21,results/logs/cka_strength_sweep/all_20260516_024344/strength_0p2/seed_21/splits/mnist_split_seed21_clients5_alpha0p3_ref200.json,0.2,20,conv1,4,2,0.999999463558197,0.9999935030937195,200
cka_feddst,mnist,0.9,21,results/logs/cka_strength_sweep/all_20260516_024344/strength_0p2/seed_21/splits/mnist_split_seed21_clients5_alpha0p3_ref200.json,0.2,20,conv1,4,3,0.9999882578849792,0.9999935030937195,200
cka_feddst,mnist,0.9,21,results/logs/cka_strength_sweep/all_20260516_024344/strength_0p2/seed_21/splits/mnist_split_seed21_clients5_alpha0p3_ref200.json,0.2,20,conv1,4,4,1.0,0.9999935030937195,200
cka_feddst,mnist,0.9,21,results/logs/cka_strength_sweep/all_20260516_024344/strength_0p2/seed_21/splits/mnist_split_seed21_clients5_alpha0p3_ref200.json,0.2,20,conv2,0,0,1.0,0.9999724626541138,200
cka_feddst,mnist,0.9,21,results/logs/cka_strength_sweep/all_20260516_024344/strength_0p2/seed_21/splits/mnist_split_seed21_clients5_alpha0p3_ref200.json,0.2,20,conv2,0,1,0.9999865293502808,0.9999724626541138,200
cka_feddst,mnist,0.9,21,results/logs/cka_strength_sweep/all_20260516_024344/strength_0p2/seed_21/splits/mnist_split_seed21_clients5_alpha0p3_ref200.json,0.2,20,conv2,0,2,0.9999896883964539,0.9999724626541138,200
cka_feddst,mnist,0.9,21,results/logs/cka_strength_sweep/all_20260516_024344/strength_0p2/seed_21/splits/mnist_split_seed21_clients5_alpha0p3_ref200.json,0.2,20,conv2,0,3,0.9999193549156189,0.9999724626541138,200
cka_feddst,mnist,0.9,21,results/logs/cka_strength_sweep/all_20260516_024344/strength_0p2/seed_21/splits/mnist_split_seed21_clients5_alpha0p3_ref200.json,0.2,20,conv2,0,4,0.9999711513519287,0.9999724626541138,200
cka_feddst,mnist,0.9,21,results/logs/cka_strength_sweep/all_20260516_024344/strength_0p2/seed_21/splits/mnist_split_seed21_clients5_alpha0p3_ref200.json,0.2,20,conv2,1,0,0.9999865293502808,0.9999724626541138,200
cka_feddst,mnist,0.9,21,results/logs/cka_strength_sweep/all_20260516_024344/strength_0p2/seed_21/splits/mnist_split_seed21_clients5_alpha0p3_ref200.json,0.2,20,conv2,1,1,1.0,0.9999724626541138,200
cka_feddst,mnist,0.9,21,results/logs/cka_strength_sweep/all_20260516_024344/strength_0p2/seed_21/splits/mnist_split_seed21_clients5_alpha0p3_ref200.json,0.2,20,conv2,1,2,0.9999991059303284,0.9999724626541138,200
cka_feddst,mnist,0.9,21,results/logs/cka_strength_sweep/all_20260516_024344/strength_0p2/seed_21/splits/mnist_split_seed21_clients5_alpha0p3_ref200.json,0.2,20,conv2,1,3,0.999945342540741,0.9999724626541138,200
cka_feddst,mnist,0.9,21,results/logs/cka_strength_sweep/all_20260516_024344/strength_0p2/seed_21/splits/mnist_split_seed21_clients5_alpha0p3_ref200.json,0.2,20,conv2,1,4,0.9999935626983643,0.9999724626541138,200
cka_feddst,mnist,0.9,21,results/logs/cka_strength_sweep/all_20260516_024344/strength_0p2/seed_21/splits/mnist_split_seed21_clients5_alpha0p3_ref200.json,0.2,20,conv2,2,0,0.9999896883964539,0.9999724626541138,200
cka_feddst,mnist,0.9,21,results/logs/cka_strength_sweep/all_20260516_024344/strength_0p2/seed_21/splits/mnist_split_seed21_clients5_alpha0p3_ref200.json,0.2,20,conv2,2,1,0.9999991059303284,0.9999724626541138,200
cka_feddst,mnist,0.9,21,results/logs/cka_strength_sweep/all_20260516_024344/strength_0p2/seed_21/splits/mnist_split_seed21_clients5_alpha0p3_ref200.json,0.2,20,conv2,2,2,1.0,0.9999724626541138,200
cka_feddst,mnist,0.9,21,results/logs/cka_strength_sweep/all_20260516_024344/strength_0p2/seed_21/splits/mnist_split_seed21_clients5_alpha0p3_ref200.json,0.2,20,conv2,2,3,0.9999532103538513,0.9999724626541138,200
cka_feddst,mnist,0.9,21,results/logs/cka_strength_sweep/all_20260516_024344/strength_0p2/seed_21/splits/mnist_split_seed21_clients5_alpha0p3_ref200.json,0.2,20,conv2,2,4,0.9999944567680359,0.9999724626541138,200
cka_feddst,mnist,0.9,21,results/logs/cka_strength_sweep/all_20260516_024344/strength_0p2/seed_21/splits/mnist_split_seed21_clients5_alpha0p3_ref200.json,0.2,20,conv2,3,0,0.9999193549156189,0.9999724626541138,200
cka_feddst,mnist,0.9,21,results/logs/cka_strength_sweep/all_20260516_024344/strength_0p2/seed_21/splits/mnist_split_seed21_clients5_alpha0p3_ref200.json,0.2,20,conv2,3,1,0.999945342540741,0.9999724626541138,200
cka_feddst,mnist,0.9,21,results/logs/cka_strength_sweep/all_20260516_024344/strength_0p2/seed_21/splits/mnist_split_seed21_clients5_alpha0p3_ref200.json,0.2,20,conv2,3,2,0.9999532103538513,0.9999724626541138,200
cka_feddst,mnist,0.9,21,results/logs/cka_strength_sweep/all_20260516_024344/strength_0p2/seed_21/splits/mnist_split_seed21_clients5_alpha0p3_ref200.json,0.2,20,conv2,3,3,1.0,0.9999724626541138,200
cka_feddst,mnist,0.9,21,results/logs/cka_strength_sweep/all_20260516_024344/strength_0p2/seed_21/splits/mnist_split_seed21_clients5_alpha0p3_ref200.json,0.2,20,conv2,3,4,0.9999719262123108,0.9999724626541138,200
cka_feddst,mnist,0.9,21,results/logs/cka_strength_sweep/all_20260516_024344/strength_0p2/seed_21/splits/mnist_split_seed21_clients5_alpha0p3_ref200.json,0.2,20,conv2,4,0,0.9999711513519287,0.9999724626541138,200
cka_feddst,mnist,0.9,21,results/logs/cka_strength_sweep/all_20260516_024344/strength_0p2/seed_21/splits/mnist_split_seed21_clients5_alpha0p3_ref200.json,0.2,20,conv2,4,1,0.9999935626983643,0.9999724626541138,200
cka_feddst,mnist,0.9,21,results/logs/cka_strength_sweep/all_20260516_024344/strength_0p2/seed_21/splits/mnist_split_seed21_clients5_alpha0p3_ref200.json,0.2,20,conv2,4,2,0.9999944567680359,0.9999724626541138,200
cka_feddst,mnist,0.9,21,results/logs/cka_strength_sweep/all_20260516_024344/strength_0p2/seed_21/splits/mnist_split_seed21_clients5_alpha0p3_ref200.json,0.2,20,conv2,4,3,0.9999719262123108,0.9999724626541138,200
cka_feddst,mnist,0.9,21,results/logs/cka_strength_sweep/all_20260516_024344/strength_0p2/seed_21/splits/mnist_split_seed21_clients5_alpha0p3_ref200.json,0.2,20,conv2,4,4,1.0,0.9999724626541138,200
cka_feddst,mnist,0.9,21,results/logs/cka_strength_sweep/all_20260516_024344/strength_0p2/seed_21/splits/mnist_split_seed21_clients5_alpha0p3_ref200.json,0.2,20,fc1,0,0,1.0,0.9693198204040527,200
cka_feddst,mnist,0.9,21,results/logs/cka_strength_sweep/all_20260516_024344/strength_0p2/seed_21/splits/mnist_split_seed21_clients5_alpha0p3_ref200.json,0.2,20,fc1,0,1,0.9823290705680847,0.9693198204040527,200
cka_feddst,mnist,0.9,21,results/logs/cka_strength_sweep/all_20260516_024344/strength_0p2/seed_21/splits/mnist_split_seed21_clients5_alpha0p3_ref200.json,0.2,20,fc1,0,2,0.9689104557037354,0.9693198204040527,200
cka_feddst,mnist,0.9,21,results/logs/cka_strength_sweep/all_20260516_024344/strength_0p2/seed_21/splits/mnist_split_seed21_clients5_alpha0p3_ref200.json,0.2,20,fc1,0,3,0.9606452584266663,0.9693198204040527,200
cka_feddst,mnist,0.9,21,results/logs/cka_strength_sweep/all_20260516_024344/strength_0p2/seed_21/splits/mnist_split_seed21_clients5_alpha0p3_ref200.json,0.2,20,fc1,0,4,0.9546715617179871,0.9693198204040527,200
cka_feddst,mnist,0.9,21,results/logs/cka_strength_sweep/all_20260516_024344/strength_0p2/seed_21/splits/mnist_split_seed21_clients5_alpha0p3_ref200.json,0.2,20,fc1,1,0,0.9823290705680847,0.9693198204040527,200
cka_feddst,mnist,0.9,21,results/logs/cka_strength_sweep/all_20260516_024344/strength_0p2/seed_21/splits/mnist_split_seed21_clients5_alpha0p3_ref200.json,0.2,20,fc1,1,1,1.0,0.9693198204040527,200
cka_feddst,mnist,0.9,21,results/logs/cka_strength_sweep/all_20260516_024344/strength_0p2/seed_21/splits/mnist_split_seed21_clients5_alpha0p3_ref200.json,0.2,20,fc1,1,2,0.9742390513420105,0.9693198204040527,200
cka_feddst,mnist,0.9,21,results/logs/cka_strength_sweep/all_20260516_024344/strength_0p2/seed_21/splits/mnist_split_seed21_clients5_alpha0p3_ref200.json,0.2,20,fc1,1,3,0.972194492816925,0.9693198204040527,200
cka_feddst,mnist,0.9,21,results/logs/cka_strength_sweep/all_20260516_024344/strength_0p2/seed_21/splits/mnist_split_seed21_clients5_alpha0p3_ref200.json,0.2,20,fc1,1,4,0.9638928771018982,0.9693198204040527,200
cka_feddst,mnist,0.9,21,results/logs/cka_strength_sweep/all_20260516_024344/strength_0p2/seed_21/splits/mnist_split_seed21_clients5_alpha0p3_ref200.json,0.2,20,fc1,2,0,0.9689104557037354,0.9693198204040527,200
cka_feddst,mnist,0.9,21,results/logs/cka_strength_sweep/all_20260516_024344/strength_0p2/seed_21/splits/mnist_split_seed21_clients5_alpha0p3_ref200.json,0.2,20,fc1,2,1,0.9742390513420105,0.9693198204040527,200
cka_feddst,mnist,0.9,21,results/logs/cka_strength_sweep/all_20260516_024344/strength_0p2/seed_21/splits/mnist_split_seed21_clients5_alpha0p3_ref200.json,0.2,20,fc1,2,2,1.0,0.9693198204040527,200
cka_feddst,mnist,0.9,21,results/logs/cka_strength_sweep/all_20260516_024344/strength_0p2/seed_21/splits/mnist_split_seed21_clients5_alpha0p3_ref200.json,0.2,20,fc1,2,3,0.9806355834007263,0.9693198204040527,200
cka_feddst,mnist,0.9,21,results/logs/cka_strength_sweep/all_20260516_024344/strength_0p2/seed_21/splits/mnist_split_seed21_clients5_alpha0p3_ref200.json,0.2,20,fc1,2,4,0.9692859649658203,0.9693198204040527,200
cka_feddst,mnist,0.9,21,results/logs/cka_strength_sweep/all_20260516_024344/strength_0p2/seed_21/splits/mnist_split_seed21_clients5_alpha0p3_ref200.json,0.2,20,fc1,3,0,0.9606452584266663,0.9693198204040527,200
cka_feddst,mnist,0.9,21,results/logs/cka_strength_sweep/all_20260516_024344/strength_0p2/seed_21/splits/mnist_split_seed21_clients5_alpha0p3_ref200.json,0.2,20,fc1,3,1,0.972194492816925,0.9693198204040527,200
cka_feddst,mnist,0.9,21,results/logs/cka_strength_sweep/all_20260516_024344/strength_0p2/seed_21/splits/mnist_split_seed21_clients5_alpha0p3_ref200.json,0.2,20,fc1,3,2,0.9806355834007263,0.9693198204040527,200
cka_feddst,mnist,0.9,21,results/logs/cka_strength_sweep/all_20260516_024344/strength_0p2/seed_21/splits/mnist_split_seed21_clients5_alpha0p3_ref200.json,0.2,20,fc1,3,3,1.0,0.9693198204040527,200
cka_feddst,mnist,0.9,21,results/logs/cka_strength_sweep/all_20260516_024344/strength_0p2/seed_21/splits/mnist_split_seed21_clients5_alpha0p3_ref200.json,0.2,20,fc1,3,4,0.9663944840431213,0.9693198204040527,200
cka_feddst,mnist,0.9,21,results/logs/cka_strength_sweep/all_20260516_024344/strength_0p2/seed_21/splits/mnist_split_seed21_clients5_alpha0p3_ref200.json,0.2,20,fc1,4,0,0.9546715617179871,0.9693198204040527,200
cka_feddst,mnist,0.9,21,results/logs/cka_strength_sweep/all_20260516_024344/strength_0p2/seed_21/splits/mnist_split_seed21_clients5_alpha0p3_ref200.json,0.2,20,fc1,4,1,0.9638928771018982,0.9693198204040527,200
cka_feddst,mnist,0.9,21,results/logs/cka_strength_sweep/all_20260516_024344/strength_0p2/seed_21/splits/mnist_split_seed21_clients5_alpha0p3_ref200.json,0.2,20,fc1,4,2,0.9692859649658203,0.9693198204040527,200
cka_feddst,mnist,0.9,21,results/logs/cka_strength_sweep/all_20260516_024344/strength_0p2/seed_21/splits/mnist_split_seed21_clients5_alpha0p3_ref200.json,0.2,20,fc1,4,3,0.9663944840431213,0.9693198204040527,200
cka_feddst,mnist,0.9,21,results/logs/cka_strength_sweep/all_20260516_024344/strength_0p2/seed_21/splits/mnist_split_seed21_clients5_alpha0p3_ref200.json,0.2,20,fc1,4,4,1.0,0.9693198204040527,200
