method,dataset,sparsity,seed,split_manifest_path,cka_strength,round,layer,client_i,client_j,cka,average_layer_cka,num_reference_samples
cka_feddst,mnist,0.5,13,results/logs/multiseed/mnist_all_20260516_024344/seed_13/splits/mnist_split_seed13_clients5_alpha0p3_ref200.json,0.2,2,conv1,0,0,1.0,0.999995231628418,200
cka_feddst,mnist,0.5,13,results/logs/multiseed/mnist_all_20260516_024344/seed_13/splits/mnist_split_seed13_clients5_alpha0p3_ref200.json,0.2,2,conv1,0,1,0.9999979138374329,0.999995231628418,200
cka_feddst,mnist,0.5,13,results/logs/multiseed/mnist_all_20260516_024344/seed_13/splits/mnist_split_seed13_clients5_alpha0p3_ref200.json,0.2,2,conv1,0,2,1.0,0.999995231628418,200
cka_feddst,mnist,0.5,13,results/logs/multiseed/mnist_all_20260516_024344/seed_13/splits/mnist_split_seed13_clients5_alpha0p3_ref200.json,0.2,2,conv1,0,3,0.9999984502792358,0.999995231628418,200
cka_feddst,mnist,0.5,13,results/logs/multiseed/mnist_all_20260516_024344/seed_13/splits/mnist_split_seed13_clients5_alpha0p3_ref200.json,0.2,2,conv1,0,4,0.9999919533729553,0.999995231628418,200
cka_feddst,mnist,0.5,13,results/logs/multiseed/mnist_all_20260516_024344/seed_13/splits/mnist_split_seed13_clients5_alpha0p3_ref200.json,0.2,2,conv1,1,0,0.9999979138374329,0.999995231628418,200
cka_feddst,mnist,0.5,13,results/logs/multiseed/mnist_all_20260516_024344/seed_13/splits/mnist_split_seed13_clients5_alpha0p3_ref200.json,0.2,2,conv1,1,1,1.0,0.999995231628418,200
cka_feddst,mnist,0.5,13,results/logs/multiseed/mnist_all_20260516_024344/seed_13/splits/mnist_split_seed13_clients5_alpha0p3_ref200.json,0.2,2,conv1,1,2,0.9999970197677612,0.999995231628418,200
cka_feddst,mnist,0.5,13,results/logs/multiseed/mnist_all_20260516_024344/seed_13/splits/mnist_split_seed13_clients5_alpha0p3_ref200.json,0.2,2,conv1,1,3,0.9999940991401672,0.999995231628418,200
cka_feddst,mnist,0.5,13,results/logs/multiseed/mnist_all_20260516_024344/seed_13/splits/mnist_split_seed13_clients5_alpha0p3_ref200.json,0.2,2,conv1,1,4,0.9999972581863403,0.999995231628418,200
cka_feddst,mnist,0.5,13,results/logs/multiseed/mnist_all_20260516_024344/seed_13/splits/mnist_split_seed13_clients5_alpha0p3_ref200.json,0.2,2,conv1,2,0,1.0,0.999995231628418,200
cka_feddst,mnist,0.5,13,results/logs/multiseed/mnist_all_20260516_024344/seed_13/splits/mnist_split_seed13_clients5_alpha0p3_ref200.json,0.2,2,conv1,2,1,0.9999970197677612,0.999995231628418,200
cka_feddst,mnist,0.5,13,results/logs/multiseed/mnist_all_20260516_024344/seed_13/splits/mnist_split_seed13_clients5_alpha0p3_ref200.json,0.2,2,conv1,2,2,1.0,0.999995231628418,200
cka_feddst,mnist,0.5,13,results/logs/multiseed/mnist_all_20260516_024344/seed_13/splits/mnist_split_seed13_clients5_alpha0p3_ref200.json,0.2,2,conv1,2,3,0.9999994039535522,0.999995231628418,200
cka_feddst,mnist,0.5,13,results/logs/multiseed/mnist_all_20260516_024344/seed_13/splits/mnist_split_seed13_clients5_alpha0p3_ref200.json,0.2,2,conv1,2,4,0.9999905228614807,0.999995231628418,200
cka_feddst,mnist,0.5,13,results/logs/multiseed/mnist_all_20260516_024344/seed_13/splits/mnist_split_seed13_clients5_alpha0p3_ref200.json,0.2,2,conv1,3,0,0.9999984502792358,0.999995231628418,200
cka_feddst,mnist,0.5,13,results/logs/multiseed/mnist_all_20260516_024344/seed_13/splits/mnist_split_seed13_clients5_alpha0p3_ref200.json,0.2,2,conv1,3,1,0.9999940991401672,0.999995231628418,200
cka_feddst,mnist,0.5,13,results/logs/multiseed/mnist_all_20260516_024344/seed_13/splits/mnist_split_seed13_clients5_alpha0p3_ref200.json,0.2,2,conv1,3,2,0.9999994039535522,0.999995231628418,200
cka_feddst,mnist,0.5,13,results/logs/multiseed/mnist_all_20260516_024344/seed_13/splits/mnist_split_seed13_clients5_alpha0p3_ref200.json,0.2,2,conv1,3,3,1.0,0.999995231628418,200
cka_feddst,mnist,0.5,13,results/logs/multiseed/mnist_all_20260516_024344/seed_13/splits/mnist_split_seed13_clients5_alpha0p3_ref200.json,0.2,2,conv1,3,4,0.9999854564666748,0.999995231628418,200
cka_feddst,mnist,0.5,13,results/logs/multiseed/mnist_all_20260516_024344/seed_13/splits/mnist_split_seed13_clients5_alpha0p3_ref200.json,0.2,2,conv1,4,0,0.9999919533729553,0.999995231628418,200
cka_feddst,mnist,0.5,13,results/logs/multiseed/mnist_all_20260516_024344/seed_13/splits/mnist_split_seed13_clients5_alpha0p3_ref200.json,0.2,2,conv1,4,1,0.9999972581863403,0.999995231628418,200
cka_feddst,mnist,0.5,13,results/logs/multiseed/mnist_all_20260516_024344/seed_13/splits/mnist_split_seed13_clients5_alpha0p3_ref200.json,0.2,2,conv1,4,2,0.9999905228614807,0.999995231628418,200
cka_feddst,mnist,0.5,13,results/logs/multiseed/mnist_all_20260516_024344/seed_13/splits/mnist_split_seed13_clients5_alpha0p3_ref200.json,0.2,2,conv1,4,3,0.9999854564666748,0.999995231628418,200
cka_feddst,mnist,0.5,13,results/logs/multiseed/mnist_all_20260516_024344/seed_13/splits/mnist_split_seed13_clients5_alpha0p3_ref200.json,0.2,2,conv1,4,4,1.0,0.999995231628418,200
cka_feddst,mnist,0.5,13,results/logs/multiseed/mnist_all_20260516_024344/seed_13/splits/mnist_split_seed13_clients5_alpha0p3_ref200.json,0.2,2,conv2,0,0,1.0,0.9998241662979126,200
cka_feddst,mnist,0.5,13,results/logs/multiseed/mnist_all_20260516_024344/seed_13/splits/mnist_split_seed13_clients5_alpha0p3_ref200.json,0.2,2,conv2,0,1,0.9997485280036926,0.9998241662979126,200
cka_feddst,mnist,0.5,13,results/logs/multiseed/mnist_all_20260516_024344/seed_13/splits/mnist_split_seed13_clients5_alpha0p3_ref200.json,0.2,2,conv2,0,2,0.9999841451644897,0.9998241662979126,200
cka_feddst,mnist,0.5,13,results/logs/multiseed/mnist_all_20260516_024344/seed_13/splits/mnist_split_seed13_clients5_alpha0p3_ref200.json,0.2,2,conv2,0,3,0.999574601650238,0.9998241662979126,200
cka_feddst,mnist,0.5,13,results/logs/multiseed/mnist_all_20260516_024344/seed_13/splits/mnist_split_seed13_clients5_alpha0p3_ref200.json,0.2,2,conv2,0,4,0.999803364276886,0.9998241662979126,200
cka_feddst,mnist,0.5,13,results/logs/multiseed/mnist_all_20260516_024344/seed_13/splits/mnist_split_seed13_clients5_alpha0p3_ref200.json,0.2,2,conv2,1,0,0.9997485280036926,0.9998241662979126,200
cka_feddst,mnist,0.5,13,results/logs/multiseed/mnist_all_20260516_024344/seed_13/splits/mnist_split_seed13_clients5_alpha0p3_ref200.json,0.2,2,conv2,1,1,1.0,0.9998241662979126,200
cka_feddst,mnist,0.5,13,results/logs/multiseed/mnist_all_20260516_024344/seed_13/splits/mnist_split_seed13_clients5_alpha0p3_ref200.json,0.2,2,conv2,1,2,0.9998021721839905,0.9998241662979126,200
cka_feddst,mnist,0.5,13,results/logs/multiseed/mnist_all_20260516_024344/seed_13/splits/mnist_split_seed13_clients5_alpha0p3_ref200.json,0.2,2,conv2,1,3,0.999949038028717,0.9998241662979126,200
cka_feddst,mnist,0.5,13,results/logs/multiseed/mnist_all_20260516_024344/seed_13/splits/mnist_split_seed13_clients5_alpha0p3_ref200.json,0.2,2,conv2,1,4,0.9999507069587708,0.9998241662979126,200
cka_feddst,mnist,0.5,13,results/logs/multiseed/mnist_all_20260516_024344/seed_13/splits/mnist_split_seed13_clients5_alpha0p3_ref200.json,0.2,2,conv2,2,0,0.9999841451644897,0.9998241662979126,200
cka_feddst,mnist,0.5,13,results/logs/multiseed/mnist_all_20260516_024344/seed_13/splits/mnist_split_seed13_clients5_alpha0p3_ref200.json,0.2,2,conv2,2,1,0.9998021721839905,0.9998241662979126,200
cka_feddst,mnist,0.5,13,results/logs/multiseed/mnist_all_20260516_024344/seed_13/splits/mnist_split_seed13_clients5_alpha0p3_ref200.json,0.2,2,conv2,2,2,1.0,0.9998241662979126,200
cka_feddst,mnist,0.5,13,results/logs/multiseed/mnist_all_20260516_024344/seed_13/splits/mnist_split_seed13_clients5_alpha0p3_ref200.json,0.2,2,conv2,2,3,0.999647855758667,0.9998241662979126,200
cka_feddst,mnist,0.5,13,results/logs/multiseed/mnist_all_20260516_024344/seed_13/splits/mnist_split_seed13_clients5_alpha0p3_ref200.json,0.2,2,conv2,2,4,0.9998742341995239,0.9998241662979126,200
cka_feddst,mnist,0.5,13,results/logs/multiseed/mnist_all_20260516_024344/seed_13/splits/mnist_split_seed13_clients5_alpha0p3_ref200.json,0.2,2,conv2,3,0,0.999574601650238,0.9998241662979126,200
cka_feddst,mnist,0.5,13,results/logs/multiseed/mnist_all_20260516_024344/seed_13/splits/mnist_split_seed13_clients5_alpha0p3_ref200.json,0.2,2,conv2,3,1,0.999949038028717,0.9998241662979126,200
cka_feddst,mnist,0.5,13,results/logs/multiseed/mnist_all_20260516_024344/seed_13/splits/mnist_split_seed13_clients5_alpha0p3_ref200.json,0.2,2,conv2,3,2,0.999647855758667,0.9998241662979126,200
cka_feddst,mnist,0.5,13,results/logs/multiseed/mnist_all_20260516_024344/seed_13/splits/mnist_split_seed13_clients5_alpha0p3_ref200.json,0.2,2,conv2,3,3,1.0,0.9998241662979126,200
cka_feddst,mnist,0.5,13,results/logs/multiseed/mnist_all_20260516_024344/seed_13/splits/mnist_split_seed13_clients5_alpha0p3_ref200.json,0.2,2,conv2,3,4,0.999906599521637,0.9998241662979126,200
cka_feddst,mnist,0.5,13,results/logs/multiseed/mnist_all_20260516_024344/seed_13/splits/mnist_split_seed13_clients5_alpha0p3_ref200.json,0.2,2,conv2,4,0,0.999803364276886,0.9998241662979126,200
cka_feddst,mnist,0.5,13,results/logs/multiseed/mnist_all_20260516_024344/seed_13/splits/mnist_split_seed13_clients5_alpha0p3_ref200.json,0.2,2,conv2,4,1,0.9999507069587708,0.9998241662979126,200
cka_feddst,mnist,0.5,13,results/logs/multiseed/mnist_all_20260516_024344/seed_13/splits/mnist_split_seed13_clients5_alpha0p3_ref200.json,0.2,2,conv2,4,2,0.9998742341995239,0.9998241662979126,200
cka_feddst,mnist,0.5,13,results/logs/multiseed/mnist_all_20260516_024344/seed_13/splits/mnist_split_seed13_clients5_alpha0p3_ref200.json,0.2,2,conv2,4,3,0.999906599521637,0.9998241662979126,200
cka_feddst,mnist,0.5,13,results/logs/multiseed/mnist_all_20260516_024344/seed_13/splits/mnist_split_seed13_clients5_alpha0p3_ref200.json,0.2,2,conv2,4,4,1.0,0.9998241662979126,200
cka_feddst,mnist,0.5,13,results/logs/multiseed/mnist_all_20260516_024344/seed_13/splits/mnist_split_seed13_clients5_alpha0p3_ref200.json,0.2,2,fc1,0,0,1.0,0.8470771908760071,200
cka_feddst,mnist,0.5,13,results/logs/multiseed/mnist_all_20260516_024344/seed_13/splits/mnist_split_seed13_clients5_alpha0p3_ref200.json,0.2,2,fc1,0,1,0.7689738869667053,0.8470771908760071,200
cka_feddst,mnist,0.5,13,results/logs/multiseed/mnist_all_20260516_024344/seed_13/splits/mnist_split_seed13_clients5_alpha0p3_ref200.json,0.2,2,fc1,0,2,0.8810252547264099,0.8470771908760071,200
cka_feddst,mnist,0.5,13,results/logs/multiseed/mnist_all_20260516_024344/seed_13/splits/mnist_split_seed13_clients5_alpha0p3_ref200.json,0.2,2,fc1,0,3,0.8064404129981995,0.8470771908760071,200
cka_feddst,mnist,0.5,13,results/logs/multiseed/mnist_all_20260516_024344/seed_13/splits/mnist_split_seed13_clients5_alpha0p3_ref200.json,0.2,2,fc1,0,4,0.8417407274246216,0.8470771908760071,200
cka_feddst,mnist,0.5,13,results/logs/multiseed/mnist_all_20260516_024344/seed_13/splits/mnist_split_seed13_clients5_alpha0p3_ref200.json,0.2,2,fc1,1,0,0.7689738869667053,0.8470771908760071,200
cka_feddst,mnist,0.5,13,results/logs/multiseed/mnist_all_20260516_024344/seed_13/splits/mnist_split_seed13_clients5_alpha0p3_ref200.json,0.2,2,fc1,1,1,1.0,0.8470771908760071,200
cka_feddst,mnist,0.5,13,results/logs/multiseed/mnist_all_20260516_024344/seed_13/splits/mnist_split_seed13_clients5_alpha0p3_ref200.json,0.2,2,fc1,1,2,0.7780965566635132,0.8470771908760071,200
cka_feddst,mnist,0.5,13,results/logs/multiseed/mnist_all_20260516_024344/seed_13/splits/mnist_split_seed13_clients5_alpha0p3_ref200.json,0.2,2,fc1,1,3,0.9540103077888489,0.8470771908760071,200
cka_feddst,mnist,0.5,13,results/logs/multiseed/mnist_all_20260516_024344/seed_13/splits/mnist_split_seed13_clients5_alpha0p3_ref200.json,0.2,2,fc1,1,4,0.8740719556808472,0.8470771908760071,200
cka_feddst,mnist,0.5,13,results/logs/multiseed/mnist_all_20260516_024344/seed_13/splits/mnist_split_seed13_clients5_alpha0p3_ref200.json,0.2,2,fc1,2,0,0.8810252547264099,0.8470771908760071,200
cka_feddst,mnist,0.5,13,results/logs/multiseed/mnist_all_20260516_024344/seed_13/splits/mnist_split_seed13_clients5_alpha0p3_ref200.json,0.2,2,fc1,2,1,0.7780965566635132,0.8470771908760071,200
cka_feddst,mnist,0.5,13,results/logs/multiseed/mnist_all_20260516_024344/seed_13/splits/mnist_split_seed13_clients5_alpha0p3_ref200.json,0.2,2,fc1,2,2,1.0,0.8470771908760071,200
cka_feddst,mnist,0.5,13,results/logs/multiseed/mnist_all_20260516_024344/seed_13/splits/mnist_split_seed13_clients5_alpha0p3_ref200.json,0.2,2,fc1,2,3,0.7826048135757446,0.8470771908760071,200
cka_feddst,mnist,0.5,13,results/logs/multiseed/mnist_all_20260516_024344/seed_13/splits/mnist_split_seed13_clients5_alpha0p3_ref200.json,0.2,2,fc1,2,4,0.9101575016975403,0.8470771908760071,200
cka_feddst,mnist,0.5,13,results/logs/multiseed/mnist_all_20260516_024344/seed_13/splits/mnist_split_seed13_clients5_alpha0p3_ref200.json,0.2,2,fc1,3,0,0.8064404129981995,0.8470771908760071,200
cka_feddst,mnist,0.5,13,results/logs/multiseed/mnist_all_20260516_024344/seed_13/splits/mnist_split_seed13_clients5_alpha0p3_ref200.json,0.2,2,fc1,3,1,0.9540103077888489,0.8470771908760071,200
cka_feddst,mnist,0.5,13,results/logs/multiseed/mnist_all_20260516_024344/seed_13/splits/mnist_split_seed13_clients5_alpha0p3_ref200.json,0.2,2,fc1,3,2,0.7826048135757446,0.8470771908760071,200
cka_feddst,mnist,0.5,13,results/logs/multiseed/mnist_all_20260516_024344/seed_13/splits/mnist_split_seed13_clients5_alpha0p3_ref200.json,0.2,2,fc1,3,3,1.0,0.8470771908760071,200
cka_feddst,mnist,0.5,13,results/logs/multiseed/mnist_all_20260516_024344/seed_13/splits/mnist_split_seed13_clients5_alpha0p3_ref200.json,0.2,2,fc1,3,4,0.8736498355865479,0.8470771908760071,200
cka_feddst,mnist,0.5,13,results/logs/multiseed/mnist_all_20260516_024344/seed_13/splits/mnist_split_seed13_clients5_alpha0p3_ref200.json,0.2,2,fc1,4,0,0.8417407274246216,0.8470771908760071,200
cka_feddst,mnist,0.5,13,results/logs/multiseed/mnist_all_20260516_024344/seed_13/splits/mnist_split_seed13_clients5_alpha0p3_ref200.json,0.2,2,fc1,4,1,0.8740719556808472,0.8470771908760071,200
cka_feddst,mnist,0.5,13,results/logs/multiseed/mnist_all_20260516_024344/seed_13/splits/mnist_split_seed13_clients5_alpha0p3_ref200.json,0.2,2,fc1,4,2,0.9101575016975403,0.8470771908760071,200
cka_feddst,mnist,0.5,13,results/logs/multiseed/mnist_all_20260516_024344/seed_13/splits/mnist_split_seed13_clients5_alpha0p3_ref200.json,0.2,2,fc1,4,3,0.8736498355865479,0.8470771908760071,200
cka_feddst,mnist,0.5,13,results/logs/multiseed/mnist_all_20260516_024344/seed_13/splits/mnist_split_seed13_clients5_alpha0p3_ref200.json,0.2,2,fc1,4,4,1.0,0.8470771908760071,200
cka_feddst,mnist,0.5,13,results/logs/multiseed/mnist_all_20260516_024344/seed_13/splits/mnist_split_seed13_clients5_alpha0p3_ref200.json,0.2,4,conv1,0,0,1.0,0.9999986886978149,200
cka_feddst,mnist,0.5,13,results/logs/multiseed/mnist_all_20260516_024344/seed_13/splits/mnist_split_seed13_clients5_alpha0p3_ref200.json,0.2,4,conv1,0,1,0.999997079372406,0.9999986886978149,200
cka_feddst,mnist,0.5,13,results/logs/multiseed/mnist_all_20260516_024344/seed_13/splits/mnist_split_seed13_clients5_alpha0p3_ref200.json,0.2,4,conv1,0,2,1.0,0.9999986886978149,200
cka_feddst,mnist,0.5,13,results/logs/multiseed/mnist_all_20260516_024344/seed_13/splits/mnist_split_seed13_clients5_alpha0p3_ref200.json,0.2,4,conv1,0,3,0.9999991655349731,0.9999986886978149,200
cka_feddst,mnist,0.5,13,results/logs/multiseed/mnist_all_20260516_024344/seed_13/splits/mnist_split_seed13_clients5_alpha0p3_ref200.json,0.2,4,conv1,0,4,0.9999973773956299,0.9999986886978149,200
cka_feddst,mnist,0.5,13,results/logs/multiseed/mnist_all_20260516_024344/seed_13/splits/mnist_split_seed13_clients5_alpha0p3_ref200.json,0.2,4,conv1,1,0,0.999997079372406,0.9999986886978149,200
cka_feddst,mnist,0.5,13,results/logs/multiseed/mnist_all_20260516_024344/seed_13/splits/mnist_split_seed13_clients5_alpha0p3_ref200.json,0.2,4,conv1,1,1,1.0,0.9999986886978149,200
cka_feddst,mnist,0.5,13,results/logs/multiseed/mnist_all_20260516_024344/seed_13/splits/mnist_split_seed13_clients5_alpha0p3_ref200.json,0.2,4,conv1,1,2,0.9999979734420776,0.9999986886978149,200
cka_feddst,mnist,0.5,13,results/logs/multiseed/mnist_all_20260516_024344/seed_13/splits/mnist_split_seed13_clients5_alpha0p3_ref200.json,0.2,4,conv1,1,3,0.9999988675117493,0.9999986886978149,200
cka_feddst,mnist,0.5,13,results/logs/multiseed/mnist_all_20260516_024344/seed_13/splits/mnist_split_seed13_clients5_alpha0p3_ref200.json,0.2,4,conv1,1,4,0.999997615814209,0.9999986886978149,200
cka_feddst,mnist,0.5,13,results/logs/multiseed/mnist_all_20260516_024344/seed_13/splits/mnist_split_seed13_clients5_alpha0p3_ref200.json,0.2,4,conv1,2,0,1.0,0.9999986886978149,200
cka_feddst,mnist,0.5,13,results/logs/multiseed/mnist_all_20260516_024344/seed_13/splits/mnist_split_seed13_clients5_alpha0p3_ref200.json,0.2,4,conv1,2,1,0.9999979734420776,0.9999986886978149,200
cka_feddst,mnist,0.5,13,results/logs/multiseed/mnist_all_20260516_024344/seed_13/splits/mnist_split_seed13_clients5_alpha0p3_ref200.json,0.2,4,conv1,2,2,1.0,0.9999986886978149,200
cka_feddst,mnist,0.5,13,results/logs/multiseed/mnist_all_20260516_024344/seed_13/splits/mnist_split_seed13_clients5_alpha0p3_ref200.json,0.2,4,conv1,2,3,0.9999999403953552,0.9999986886978149,200
cka_feddst,mnist,0.5,13,results/logs/multiseed/mnist_all_20260516_024344/seed_13/splits/mnist_split_seed13_clients5_alpha0p3_ref200.json,0.2,4,conv1,2,4,0.9999985694885254,0.9999986886978149,200
cka_feddst,mnist,0.5,13,results/logs/multiseed/mnist_all_20260516_024344/seed_13/splits/mnist_split_seed13_clients5_alpha0p3_ref200.json,0.2,4,conv1,3,0,0.9999991655349731,0.9999986886978149,200
cka_feddst,mnist,0.5,13,results/logs/multiseed/mnist_all_20260516_024344/seed_13/splits/mnist_split_seed13_clients5_alpha0p3_ref200.json,0.2,4,conv1,3,1,0.9999988675117493,0.9999986886978149,200
cka_feddst,mnist,0.5,13,results/logs/multiseed/mnist_all_20260516_024344/seed_13/splits/mnist_split_seed13_clients5_alpha0p3_ref200.json,0.2,4,conv1,3,2,0.9999999403953552,0.9999986886978149,200
cka_feddst,mnist,0.5,13,results/logs/multiseed/mnist_all_20260516_024344/seed_13/splits/mnist_split_seed13_clients5_alpha0p3_ref200.json,0.2,4,conv1,3,3,1.0,0.9999986886978149,200
cka_feddst,mnist,0.5,13,results/logs/multiseed/mnist_all_20260516_024344/seed_13/splits/mnist_split_seed13_clients5_alpha0p3_ref200.json,0.2,4,conv1,3,4,0.9999997615814209,0.9999986886978149,200
cka_feddst,mnist,0.5,13,results/logs/multiseed/mnist_all_20260516_024344/seed_13/splits/mnist_split_seed13_clients5_alpha0p3_ref200.json,0.2,4,conv1,4,0,0.9999973773956299,0.9999986886978149,200
cka_feddst,mnist,0.5,13,results/logs/multiseed/mnist_all_20260516_024344/seed_13/splits/mnist_split_seed13_clients5_alpha0p3_ref200.json,0.2,4,conv1,4,1,0.999997615814209,0.9999986886978149,200
cka_feddst,mnist,0.5,13,results/logs/multiseed/mnist_all_20260516_024344/seed_13/splits/mnist_split_seed13_clients5_alpha0p3_ref200.json,0.2,4,conv1,4,2,0.9999985694885254,0.9999986886978149,200
cka_feddst,mnist,0.5,13,results/logs/multiseed/mnist_all_20260516_024344/seed_13/splits/mnist_split_seed13_clients5_alpha0p3_ref200.json,0.2,4,conv1,4,3,0.9999997615814209,0.9999986886978149,200
cka_feddst,mnist,0.5,13,results/logs/multiseed/mnist_all_20260516_024344/seed_13/splits/mnist_split_seed13_clients5_alpha0p3_ref200.json,0.2,4,conv1,4,4,1.0,0.9999986886978149,200
cka_feddst,mnist,0.5,13,results/logs/multiseed/mnist_all_20260516_024344/seed_13/splits/mnist_split_seed13_clients5_alpha0p3_ref200.json,0.2,4,conv2,0,0,1.0,0.9999116063117981,200
cka_feddst,mnist,0.5,13,results/logs/multiseed/mnist_all_20260516_024344/seed_13/splits/mnist_split_seed13_clients5_alpha0p3_ref200.json,0.2,4,conv2,0,1,0.9998289346694946,0.9999116063117981,200
cka_feddst,mnist,0.5,13,results/logs/multiseed/mnist_all_20260516_024344/seed_13/splits/mnist_split_seed13_clients5_alpha0p3_ref200.json,0.2,4,conv2,0,2,0.9999974370002747,0.9999116063117981,200
cka_feddst,mnist,0.5,13,results/logs/multiseed/mnist_all_20260516_024344/seed_13/splits/mnist_split_seed13_clients5_alpha0p3_ref200.json,0.2,4,conv2,0,3,0.9999898672103882,0.9999116063117981,200
cka_feddst,mnist,0.5,13,results/logs/multiseed/mnist_all_20260516_024344/seed_13/splits/mnist_split_seed13_clients5_alpha0p3_ref200.json,0.2,4,conv2,0,4,0.9999729990959167,0.9999116063117981,200
cka_feddst,mnist,0.5,13,results/logs/multiseed/mnist_all_20260516_024344/seed_13/splits/mnist_split_seed13_clients5_alpha0p3_ref200.json,0.2,4,conv2,1,0,0.9998289346694946,0.9999116063117981,200
cka_feddst,mnist,0.5,13,results/logs/multiseed/mnist_all_20260516_024344/seed_13/splits/mnist_split_seed13_clients5_alpha0p3_ref200.json,0.2,4,conv2,1,1,1.0,0.9999116063117981,200
cka_feddst,mnist,0.5,13,results/logs/multiseed/mnist_all_20260516_024344/seed_13/splits/mnist_split_seed13_clients5_alpha0p3_ref200.json,0.2,4,conv2,1,2,0.9998084902763367,0.9999116063117981,200
cka_feddst,mnist,0.5,13,results/logs/multiseed/mnist_all_20260516_024344/seed_13/splits/mnist_split_seed13_clients5_alpha0p3_ref200.json,0.2,4,conv2,1,3,0.9998543858528137,0.9999116063117981,200
cka_feddst,mnist,0.5,13,results/logs/multiseed/mnist_all_20260516_024344/seed_13/splits/mnist_split_seed13_clients5_alpha0p3_ref200.json,0.2,4,conv2,1,4,0.9997153878211975,0.9999116063117981,200
cka_feddst,mnist,0.5,13,results/logs/multiseed/mnist_all_20260516_024344/seed_13/splits/mnist_split_seed13_clients5_alpha0p3_ref200.json,0.2,4,conv2,2,0,0.9999974370002747,0.9999116063117981,200
cka_feddst,mnist,0.5,13,results/logs/multiseed/mnist_all_20260516_024344/seed_13/splits/mnist_split_seed13_clients5_alpha0p3_ref200.json,0.2,4,conv2,2,1,0.9998084902763367,0.9999116063117981,200
cka_feddst,mnist,0.5,13,results/logs/multiseed/mnist_all_20260516_024344/seed_13/splits/mnist_split_seed13_clients5_alpha0p3_ref200.json,0.2,4,conv2,2,2,1.0,0.9999116063117981,200
cka_feddst,mnist,0.5,13,results/logs/multiseed/mnist_all_20260516_024344/seed_13/splits/mnist_split_seed13_clients5_alpha0p3_ref200.json,0.2,4,conv2,2,3,0.9999911785125732,0.9999116063117981,200
cka_feddst,mnist,0.5,13,results/logs/multiseed/mnist_all_20260516_024344/seed_13/splits/mnist_split_seed13_clients5_alpha0p3_ref200.json,0.2,4,conv2,2,4,0.9999874830245972,0.9999116063117981,200
cka_feddst,mnist,0.5,13,results/logs/multiseed/mnist_all_20260516_024344/seed_13/splits/mnist_split_seed13_clients5_alpha0p3_ref200.json,0.2,4,conv2,3,0,0.9999898672103882,0.9999116063117981,200
cka_feddst,mnist,0.5,13,results/logs/multiseed/mnist_all_20260516_024344/seed_13/splits/mnist_split_seed13_clients5_alpha0p3_ref200.json,0.2,4,conv2,3,1,0.9998543858528137,0.9999116063117981,200
cka_feddst,mnist,0.5,13,results/logs/multiseed/mnist_all_20260516_024344/seed_13/splits/mnist_split_seed13_clients5_alpha0p3_ref200.json,0.2,4,conv2,3,2,0.9999911785125732,0.9999116063117981,200
cka_feddst,mnist,0.5,13,results/logs/multiseed/mnist_all_20260516_024344/seed_13/splits/mnist_split_seed13_clients5_alpha0p3_ref200.json,0.2,4,conv2,3,3,1.0,0.9999116063117981,200
cka_feddst,mnist,0.5,13,results/logs/multiseed/mnist_all_20260516_024344/seed_13/splits/mnist_split_seed13_clients5_alpha0p3_ref200.json,0.2,4,conv2,3,4,0.9999698400497437,0.9999116063117981,200
cka_feddst,mnist,0.5,13,results/logs/multiseed/mnist_all_20260516_024344/seed_13/splits/mnist_split_seed13_clients5_alpha0p3_ref200.json,0.2,4,conv2,4,0,0.9999729990959167,0.9999116063117981,200
cka_feddst,mnist,0.5,13,results/logs/multiseed/mnist_all_20260516_024344/seed_13/splits/mnist_split_seed13_clients5_alpha0p3_ref200.json,0.2,4,conv2,4,1,0.9997153878211975,0.9999116063117981,200
cka_feddst,mnist,0.5,13,results/logs/multiseed/mnist_all_20260516_024344/seed_13/splits/mnist_split_seed13_clients5_alpha0p3_ref200.json,0.2,4,conv2,4,2,0.9999874830245972,0.9999116063117981,200
cka_feddst,mnist,0.5,13,results/logs/multiseed/mnist_all_20260516_024344/seed_13/splits/mnist_split_seed13_clients5_alpha0p3_ref200.json,0.2,4,conv2,4,3,0.9999698400497437,0.9999116063117981,200
cka_feddst,mnist,0.5,13,results/logs/multiseed/mnist_all_20260516_024344/seed_13/splits/mnist_split_seed13_clients5_alpha0p3_ref200.json,0.2,4,conv2,4,4,1.0,0.9999116063117981,200
cka_feddst,mnist,0.5,13,results/logs/multiseed/mnist_all_20260516_024344/seed_13/splits/mnist_split_seed13_clients5_alpha0p3_ref200.json,0.2,4,fc1,0,0,1.0,0.9775303602218628,200
cka_feddst,mnist,0.5,13,results/logs/multiseed/mnist_all_20260516_024344/seed_13/splits/mnist_split_seed13_clients5_alpha0p3_ref200.json,0.2,4,fc1,0,1,0.9554499387741089,0.9775303602218628,200
cka_feddst,mnist,0.5,13,results/logs/multiseed/mnist_all_20260516_024344/seed_13/splits/mnist_split_seed13_clients5_alpha0p3_ref200.json,0.2,4,fc1,0,2,0.9824255108833313,0.9775303602218628,200
cka_feddst,mnist,0.5,13,results/logs/multiseed/mnist_all_20260516_024344/seed_13/splits/mnist_split_seed13_clients5_alpha0p3_ref200.json,0.2,4,fc1,0,3,0.9786096811294556,0.9775303602218628,200
cka_feddst,mnist,0.5,13,results/logs/multiseed/mnist_all_20260516_024344/seed_13/splits/mnist_split_seed13_clients5_alpha0p3_ref200.json,0.2,4,fc1,0,4,0.9901009202003479,0.9775303602218628,200
cka_feddst,mnist,0.5,13,results/logs/multiseed/mnist_all_20260516_024344/seed_13/splits/mnist_split_seed13_clients5_alpha0p3_ref200.json,0.2,4,fc1,1,0,0.9554499387741089,0.9775303602218628,200
cka_feddst,mnist,0.5,13,results/logs/multiseed/mnist_all_20260516_024344/seed_13/splits/mnist_split_seed13_clients5_alpha0p3_ref200.json,0.2,4,fc1,1,1,1.0,0.9775303602218628,200
cka_feddst,mnist,0.5,13,results/logs/multiseed/mnist_all_20260516_024344/seed_13/splits/mnist_split_seed13_clients5_alpha0p3_ref200.json,0.2,4,fc1,1,2,0.9681985378265381,0.9775303602218628,200
cka_feddst,mnist,0.5,13,results/logs/multiseed/mnist_all_20260516_024344/seed_13/splits/mnist_split_seed13_clients5_alpha0p3_ref200.json,0.2,4,fc1,1,3,0.9773834347724915,0.9775303602218628,200
cka_feddst,mnist,0.5,13,results/logs/multiseed/mnist_all_20260516_024344/seed_13/splits/mnist_split_seed13_clients5_alpha0p3_ref200.json,0.2,4,fc1,1,4,0.9639430642127991,0.9775303602218628,200
cka_feddst,mnist,0.5,13,results/logs/multiseed/mnist_all_20260516_024344/seed_13/splits/mnist_split_seed13_clients5_alpha0p3_ref200.json,0.2,4,fc1,2,0,0.9824255108833313,0.9775303602218628,200
cka_feddst,mnist,0.5,13,results/logs/multiseed/mnist_all_20260516_024344/seed_13/splits/mnist_split_seed13_clients5_alpha0p3_ref200.json,0.2,4,fc1,2,1,0.9681985378265381,0.9775303602218628,200
cka_feddst,mnist,0.5,13,results/logs/multiseed/mnist_all_20260516_024344/seed_13/splits/mnist_split_seed13_clients5_alpha0p3_ref200.json,0.2,4,fc1,2,2,1.0,0.9775303602218628,200
cka_feddst,mnist,0.5,13,results/logs/multiseed/mnist_all_20260516_024344/seed_13/splits/mnist_split_seed13_clients5_alpha0p3_ref200.json,0.2,4,fc1,2,3,0.9821206331253052,0.9775303602218628,200
cka_feddst,mnist,0.5,13,results/logs/multiseed/mnist_all_20260516_024344/seed_13/splits/mnist_split_seed13_clients5_alpha0p3_ref200.json,0.2,4,fc1,2,4,0.9915629029273987,0.9775303602218628,200
cka_feddst,mnist,0.5,13,results/logs/multiseed/mnist_all_20260516_024344/seed_13/splits/mnist_split_seed13_clients5_alpha0p3_ref200.json,0.2,4,fc1,3,0,0.9786096811294556,0.9775303602218628,200
cka_feddst,mnist,0.5,13,results/logs/multiseed/mnist_all_20260516_024344/seed_13/splits/mnist_split_seed13_clients5_alpha0p3_ref200.json,0.2,4,fc1,3,1,0.9773834347724915,0.9775303602218628,200
cka_feddst,mnist,0.5,13,results/logs/multiseed/mnist_all_20260516_024344/seed_13/splits/mnist_split_seed13_clients5_alpha0p3_ref200.json,0.2,4,fc1,3,2,0.9821206331253052,0.9775303602218628,200
cka_feddst,mnist,0.5,13,results/logs/multiseed/mnist_all_20260516_024344/seed_13/splits/mnist_split_seed13_clients5_alpha0p3_ref200.json,0.2,4,fc1,3,3,1.0,0.9775303602218628,200
cka_feddst,mnist,0.5,13,results/logs/multiseed/mnist_all_20260516_024344/seed_13/splits/mnist_split_seed13_clients5_alpha0p3_ref200.json,0.2,4,fc1,3,4,0.9855084419250488,0.9775303602218628,200
cka_feddst,mnist,0.5,13,results/logs/multiseed/mnist_all_20260516_024344/seed_13/splits/mnist_split_seed13_clients5_alpha0p3_ref200.json,0.2,4,fc1,4,0,0.9901009202003479,0.9775303602218628,200
cka_feddst,mnist,0.5,13,results/logs/multiseed/mnist_all_20260516_024344/seed_13/splits/mnist_split_seed13_clients5_alpha0p3_ref200.json,0.2,4,fc1,4,1,0.9639430642127991,0.9775303602218628,200
cka_feddst,mnist,0.5,13,results/logs/multiseed/mnist_all_20260516_024344/seed_13/splits/mnist_split_seed13_clients5_alpha0p3_ref200.json,0.2,4,fc1,4,2,0.9915629029273987,0.9775303602218628,200
cka_feddst,mnist,0.5,13,results/logs/multiseed/mnist_all_20260516_024344/seed_13/splits/mnist_split_seed13_clients5_alpha0p3_ref200.json,0.2,4,fc1,4,3,0.9855084419250488,0.9775303602218628,200
cka_feddst,mnist,0.5,13,results/logs/multiseed/mnist_all_20260516_024344/seed_13/splits/mnist_split_seed13_clients5_alpha0p3_ref200.json,0.2,4,fc1,4,4,1.0,0.9775303602218628,200
cka_feddst,mnist,0.5,13,results/logs/multiseed/mnist_all_20260516_024344/seed_13/splits/mnist_split_seed13_clients5_alpha0p3_ref200.json,0.2,6,conv1,0,0,1.0,0.9999984502792358,200
cka_feddst,mnist,0.5,13,results/logs/multiseed/mnist_all_20260516_024344/seed_13/splits/mnist_split_seed13_clients5_alpha0p3_ref200.json,0.2,6,conv1,0,1,0.9999954700469971,0.9999984502792358,200
cka_feddst,mnist,0.5,13,results/logs/multiseed/mnist_all_20260516_024344/seed_13/splits/mnist_split_seed13_clients5_alpha0p3_ref200.json,0.2,6,conv1,0,2,0.9999998807907104,0.9999984502792358,200
cka_feddst,mnist,0.5,13,results/logs/multiseed/mnist_all_20260516_024344/seed_13/splits/mnist_split_seed13_clients5_alpha0p3_ref200.json,0.2,6,conv1,0,3,0.9999992251396179,0.9999984502792358,200
cka_feddst,mnist,0.5,13,results/logs/multiseed/mnist_all_20260516_024344/seed_13/splits/mnist_split_seed13_clients5_alpha0p3_ref200.json,0.2,6,conv1,0,4,0.9999985694885254,0.9999984502792358,200
cka_feddst,mnist,0.5,13,results/logs/multiseed/mnist_all_20260516_024344/seed_13/splits/mnist_split_seed13_clients5_alpha0p3_ref200.json,0.2,6,conv1,1,0,0.9999954700469971,0.9999984502792358,200
cka_feddst,mnist,0.5,13,results/logs/multiseed/mnist_all_20260516_024344/seed_13/splits/mnist_split_seed13_clients5_alpha0p3_ref200.json,0.2,6,conv1,1,1,1.0,0.9999984502792358,200
cka_feddst,mnist,0.5,13,results/logs/multiseed/mnist_all_20260516_024344/seed_13/splits/mnist_split_seed13_clients5_alpha0p3_ref200.json,0.2,6,conv1,1,2,0.9999971389770508,0.9999984502792358,200
cka_feddst,mnist,0.5,13,results/logs/multiseed/mnist_all_20260516_024344/seed_13/splits/mnist_split_seed13_clients5_alpha0p3_ref200.json,0.2,6,conv1,1,3,0.999998152256012,0.9999984502792358,200
cka_feddst,mnist,0.5,13,results/logs/multiseed/mnist_all_20260516_024344/seed_13/splits/mnist_split_seed13_clients5_alpha0p3_ref200.json,0.2,6,conv1,1,4,0.9999963641166687,0.9999984502792358,200
cka_feddst,mnist,0.5,13,results/logs/multiseed/mnist_all_20260516_024344/seed_13/splits/mnist_split_seed13_clients5_alpha0p3_ref200.json,0.2,6,conv1,2,0,0.9999998807907104,0.9999984502792358,200
cka_feddst,mnist,0.5,13,results/logs/multiseed/mnist_all_20260516_024344/seed_13/splits/mnist_split_seed13_clients5_alpha0p3_ref200.json,0.2,6,conv1,2,1,0.9999971389770508,0.9999984502792358,200
cka_feddst,mnist,0.5,13,results/logs/multiseed/mnist_all_20260516_024344/seed_13/splits/mnist_split_seed13_clients5_alpha0p3_ref200.json,0.2,6,conv1,2,2,1.0,0.9999984502792358,200
cka_feddst,mnist,0.5,13,results/logs/multiseed/mnist_all_20260516_024344/seed_13/splits/mnist_split_seed13_clients5_alpha0p3_ref200.json,0.2,6,conv1,2,3,1.0,0.9999984502792358,200
cka_feddst,mnist,0.5,13,results/logs/multiseed/mnist_all_20260516_024344/seed_13/splits/mnist_split_seed13_clients5_alpha0p3_ref200.json,0.2,6,conv1,2,4,0.9999998807907104,0.9999984502792358,200
cka_feddst,mnist,0.5,13,results/logs/multiseed/mnist_all_20260516_024344/seed_13/splits/mnist_split_seed13_clients5_alpha0p3_ref200.json,0.2,6,conv1,3,0,0.9999992251396179,0.9999984502792358,200
cka_feddst,mnist,0.5,13,results/logs/multiseed/mnist_all_20260516_024344/seed_13/splits/mnist_split_seed13_clients5_alpha0p3_ref200.json,0.2,6,conv1,3,1,0.999998152256012,0.9999984502792358,200
cka_feddst,mnist,0.5,13,results/logs/multiseed/mnist_all_20260516_024344/seed_13/splits/mnist_split_seed13_clients5_alpha0p3_ref200.json,0.2,6,conv1,3,2,1.0,0.9999984502792358,200
cka_feddst,mnist,0.5,13,results/logs/multiseed/mnist_all_20260516_024344/seed_13/splits/mnist_split_seed13_clients5_alpha0p3_ref200.json,0.2,6,conv1,3,3,1.0,0.9999984502792358,200
cka_feddst,mnist,0.5,13,results/logs/multiseed/mnist_all_20260516_024344/seed_13/splits/mnist_split_seed13_clients5_alpha0p3_ref200.json,0.2,6,conv1,3,4,0.9999998211860657,0.9999984502792358,200
cka_feddst,mnist,0.5,13,results/logs/multiseed/mnist_all_20260516_024344/seed_13/splits/mnist_split_seed13_clients5_alpha0p3_ref200.json,0.2,6,conv1,4,0,0.9999985694885254,0.9999984502792358,200
cka_feddst,mnist,0.5,13,results/logs/multiseed/mnist_all_20260516_024344/seed_13/splits/mnist_split_seed13_clients5_alpha0p3_ref200.json,0.2,6,conv1,4,1,0.9999963641166687,0.9999984502792358,200
cka_feddst,mnist,0.5,13,results/logs/multiseed/mnist_all_20260516_024344/seed_13/splits/mnist_split_seed13_clients5_alpha0p3_ref200.json,0.2,6,conv1,4,2,0.9999998807907104,0.9999984502792358,200
cka_feddst,mnist,0.5,13,results/logs/multiseed/mnist_all_20260516_024344/seed_13/splits/mnist_split_seed13_clients5_alpha0p3_ref200.json,0.2,6,conv1,4,3,0.9999998211860657,0.9999984502792358,200
cka_feddst,mnist,0.5,13,results/logs/multiseed/mnist_all_20260516_024344/seed_13/splits/mnist_split_seed13_clients5_alpha0p3_ref200.json,0.2,6,conv1,4,4,1.0,0.9999984502792358,200
cka_feddst,mnist,0.5,13,results/logs/multiseed/mnist_all_20260516_024344/seed_13/splits/mnist_split_seed13_clients5_alpha0p3_ref200.json,0.2,6,conv2,0,0,1.0,0.9999414682388306,200
cka_feddst,mnist,0.5,13,results/logs/multiseed/mnist_all_20260516_024344/seed_13/splits/mnist_split_seed13_clients5_alpha0p3_ref200.json,0.2,6,conv2,0,1,0.9998669028282166,0.9999414682388306,200
cka_feddst,mnist,0.5,13,results/logs/multiseed/mnist_all_20260516_024344/seed_13/splits/mnist_split_seed13_clients5_alpha0p3_ref200.json,0.2,6,conv2,0,2,0.9999992847442627,0.9999414682388306,200
cka_feddst,mnist,0.5,13,results/logs/multiseed/mnist_all_20260516_024344/seed_13/splits/mnist_split_seed13_clients5_alpha0p3_ref200.json,0.2,6,conv2,0,3,0.9999948143959045,0.9999414682388306,200
cka_feddst,mnist,0.5,13,results/logs/multiseed/mnist_all_20260516_024344/seed_13/splits/mnist_split_seed13_clients5_alpha0p3_ref200.json,0.2,6,conv2,0,4,0.9999933242797852,0.9999414682388306,200
cka_feddst,mnist,0.5,13,results/logs/multiseed/mnist_all_20260516_024344/seed_13/splits/mnist_split_seed13_clients5_alpha0p3_ref200.json,0.2,6,conv2,1,0,0.9998669028282166,0.9999414682388306,200
cka_feddst,mnist,0.5,13,results/logs/multiseed/mnist_all_20260516_024344/seed_13/splits/mnist_split_seed13_clients5_alpha0p3_ref200.json,0.2,6,conv2,1,1,1.0,0.9999414682388306,200
cka_feddst,mnist,0.5,13,results/logs/multiseed/mnist_all_20260516_024344/seed_13/splits/mnist_split_seed13_clients5_alpha0p3_ref200.json,0.2,6,conv2,1,2,0.9998633861541748,0.9999414682388306,200
cka_feddst,mnist,0.5,13,results/logs/multiseed/mnist_all_20260516_024344/seed_13/splits/mnist_split_seed13_clients5_alpha0p3_ref200.json,0.2,6,conv2,1,3,0.999898374080658,0.9999414682388306,200
cka_feddst,mnist,0.5,13,results/logs/multiseed/mnist_all_20260516_024344/seed_13/splits/mnist_split_seed13_clients5_alpha0p3_ref200.json,0.2,6,conv2,1,4,0.9998209476470947,0.9999414682388306,200
cka_feddst,mnist,0.5,13,results/logs/multiseed/mnist_all_20260516_024344/seed_13/splits/mnist_split_seed13_clients5_alpha0p3_ref200.json,0.2,6,conv2,2,0,0.9999992847442627,0.9999414682388306,200
cka_feddst,mnist,0.5,13,results/logs/multiseed/mnist_all_20260516_024344/seed_13/splits/mnist_split_seed13_clients5_alpha0p3_ref200.json,0.2,6,conv2,2,1,0.9998633861541748,0.9999414682388306,200
cka_feddst,mnist,0.5,13,results/logs/multiseed/mnist_all_20260516_024344/seed_13/splits/mnist_split_seed13_clients5_alpha0p3_ref200.json,0.2,6,conv2,2,2,1.0,0.9999414682388306,200
cka_feddst,mnist,0.5,13,results/logs/multiseed/mnist_all_20260516_024344/seed_13/splits/mnist_split_seed13_clients5_alpha0p3_ref200.json,0.2,6,conv2,2,3,0.9999955296516418,0.9999414682388306,200
cka_feddst,mnist,0.5,13,results/logs/multiseed/mnist_all_20260516_024344/seed_13/splits/mnist_split_seed13_clients5_alpha0p3_ref200.json,0.2,6,conv2,2,4,0.9999969601631165,0.9999414682388306,200
cka_feddst,mnist,0.5,13,results/logs/multiseed/mnist_all_20260516_024344/seed_13/splits/mnist_split_seed13_clients5_alpha0p3_ref200.json,0.2,6,conv2,3,0,0.9999948143959045,0.9999414682388306,200
cka_feddst,mnist,0.5,13,results/logs/multiseed/mnist_all_20260516_024344/seed_13/splits/mnist_split_seed13_clients5_alpha0p3_ref200.json,0.2,6,conv2,3,1,0.999898374080658,0.9999414682388306,200
cka_feddst,mnist,0.5,13,results/logs/multiseed/mnist_all_20260516_024344/seed_13/splits/mnist_split_seed13_clients5_alpha0p3_ref200.json,0.2,6,conv2,3,2,0.9999955296516418,0.9999414682388306,200
cka_feddst,mnist,0.5,13,results/logs/multiseed/mnist_all_20260516_024344/seed_13/splits/mnist_split_seed13_clients5_alpha0p3_ref200.json,0.2,6,conv2,3,3,1.0,0.9999414682388306,200
cka_feddst,mnist,0.5,13,results/logs/multiseed/mnist_all_20260516_024344/seed_13/splits/mnist_split_seed13_clients5_alpha0p3_ref200.json,0.2,6,conv2,3,4,0.9999843835830688,0.9999414682388306,200
cka_feddst,mnist,0.5,13,results/logs/multiseed/mnist_all_20260516_024344/seed_13/splits/mnist_split_seed13_clients5_alpha0p3_ref200.json,0.2,6,conv2,4,0,0.9999933242797852,0.9999414682388306,200
cka_feddst,mnist,0.5,13,results/logs/multiseed/mnist_all_20260516_024344/seed_13/splits/mnist_split_seed13_clients5_alpha0p3_ref200.json,0.2,6,conv2,4,1,0.9998209476470947,0.9999414682388306,200
cka_feddst,mnist,0.5,13,results/logs/multiseed/mnist_all_20260516_024344/seed_13/splits/mnist_split_seed13_clients5_alpha0p3_ref200.json,0.2,6,conv2,4,2,0.9999969601631165,0.9999414682388306,200
cka_feddst,mnist,0.5,13,results/logs/multiseed/mnist_all_20260516_024344/seed_13/splits/mnist_split_seed13_clients5_alpha0p3_ref200.json,0.2,6,conv2,4,3,0.9999843835830688,0.9999414682388306,200
cka_feddst,mnist,0.5,13,results/logs/multiseed/mnist_all_20260516_024344/seed_13/splits/mnist_split_seed13_clients5_alpha0p3_ref200.json,0.2,6,conv2,4,4,1.0,0.9999414682388306,200
cka_feddst,mnist,0.5,13,results/logs/multiseed/mnist_all_20260516_024344/seed_13/splits/mnist_split_seed13_clients5_alpha0p3_ref200.json,0.2,6,fc1,0,0,1.0,0.9860635995864868,200
cka_feddst,mnist,0.5,13,results/logs/multiseed/mnist_all_20260516_024344/seed_13/splits/mnist_split_seed13_clients5_alpha0p3_ref200.json,0.2,6,fc1,0,1,0.977471113204956,0.9860635995864868,200
cka_feddst,mnist,0.5,13,results/logs/multiseed/mnist_all_20260516_024344/seed_13/splits/mnist_split_seed13_clients5_alpha0p3_ref200.json,0.2,6,fc1,0,2,0.9915674328804016,0.9860635995864868,200
cka_feddst,mnist,0.5,13,results/logs/multiseed/mnist_all_20260516_024344/seed_13/splits/mnist_split_seed13_clients5_alpha0p3_ref200.json,0.2,6,fc1,0,3,0.9820355772972107,0.9860635995864868,200
cka_feddst,mnist,0.5,13,results/logs/multiseed/mnist_all_20260516_024344/seed_13/splits/mnist_split_seed13_clients5_alpha0p3_ref200.json,0.2,6,fc1,0,4,0.9947282671928406,0.9860635995864868,200
cka_feddst,mnist,0.5,13,results/logs/multiseed/mnist_all_20260516_024344/seed_13/splits/mnist_split_seed13_clients5_alpha0p3_ref200.json,0.2,6,fc1,1,0,0.977471113204956,0.9860635995864868,200
cka_feddst,mnist,0.5,13,results/logs/multiseed/mnist_all_20260516_024344/seed_13/splits/mnist_split_seed13_clients5_alpha0p3_ref200.json,0.2,6,fc1,1,1,1.0,0.9860635995864868,200
cka_feddst,mnist,0.5,13,results/logs/multiseed/mnist_all_20260516_024344/seed_13/splits/mnist_split_seed13_clients5_alpha0p3_ref200.json,0.2,6,fc1,1,2,0.9826502203941345,0.9860635995864868,200
cka_feddst,mnist,0.5,13,results/logs/multiseed/mnist_all_20260516_024344/seed_13/splits/mnist_split_seed13_clients5_alpha0p3_ref200.json,0.2,6,fc1,1,3,0.9798148274421692,0.9860635995864868,200
cka_feddst,mnist,0.5,13,results/logs/multiseed/mnist_all_20260516_024344/seed_13/splits/mnist_split_seed13_clients5_alpha0p3_ref200.json,0.2,6,fc1,1,4,0.980442464351654,0.9860635995864868,200
cka_feddst,mnist,0.5,13,results/logs/multiseed/mnist_all_20260516_024344/seed_13/splits/mnist_split_seed13_clients5_alpha0p3_ref200.json,0.2,6,fc1,2,0,0.9915674328804016,0.9860635995864868,200
cka_feddst,mnist,0.5,13,results/logs/multiseed/mnist_all_20260516_024344/seed_13/splits/mnist_split_seed13_clients5_alpha0p3_ref200.json,0.2,6,fc1,2,1,0.9826502203941345,0.9860635995864868,200
cka_feddst,mnist,0.5,13,results/logs/multiseed/mnist_all_20260516_024344/seed_13/splits/mnist_split_seed13_clients5_alpha0p3_ref200.json,0.2,6,fc1,2,2,1.0,0.9860635995864868,200
cka_feddst,mnist,0.5,13,results/logs/multiseed/mnist_all_20260516_024344/seed_13/splits/mnist_split_seed13_clients5_alpha0p3_ref200.json,0.2,6,fc1,2,3,0.9871541857719421,0.9860635995864868,200
cka_feddst,mnist,0.5,13,results/logs/multiseed/mnist_all_20260516_024344/seed_13/splits/mnist_split_seed13_clients5_alpha0p3_ref200.json,0.2,6,fc1,2,4,0.994630753993988,0.9860635995864868,200
cka_feddst,mnist,0.5,13,results/logs/multiseed/mnist_all_20260516_024344/seed_13/splits/mnist_split_seed13_clients5_alpha0p3_ref200.json,0.2,6,fc1,3,0,0.9820355772972107,0.9860635995864868,200
cka_feddst,mnist,0.5,13,results/logs/multiseed/mnist_all_20260516_024344/seed_13/splits/mnist_split_seed13_clients5_alpha0p3_ref200.json,0.2,6,fc1,3,1,0.9798148274421692,0.9860635995864868,200
cka_feddst,mnist,0.5,13,results/logs/multiseed/mnist_all_20260516_024344/seed_13/splits/mnist_split_seed13_clients5_alpha0p3_ref200.json,0.2,6,fc1,3,2,0.9871541857719421,0.9860635995864868,200
cka_feddst,mnist,0.5,13,results/logs/multiseed/mnist_all_20260516_024344/seed_13/splits/mnist_split_seed13_clients5_alpha0p3_ref200.json,0.2,6,fc1,3,3,1.0,0.9860635995864868,200
cka_feddst,mnist,0.5,13,results/logs/multiseed/mnist_all_20260516_024344/seed_13/splits/mnist_split_seed13_clients5_alpha0p3_ref200.json,0.2,6,fc1,3,4,0.9901416897773743,0.9860635995864868,200
cka_feddst,mnist,0.5,13,results/logs/multiseed/mnist_all_20260516_024344/seed_13/splits/mnist_split_seed13_clients5_alpha0p3_ref200.json,0.2,6,fc1,4,0,0.9947282671928406,0.9860635995864868,200
cka_feddst,mnist,0.5,13,results/logs/multiseed/mnist_all_20260516_024344/seed_13/splits/mnist_split_seed13_clients5_alpha0p3_ref200.json,0.2,6,fc1,4,1,0.980442464351654,0.9860635995864868,200
cka_feddst,mnist,0.5,13,results/logs/multiseed/mnist_all_20260516_024344/seed_13/splits/mnist_split_seed13_clients5_alpha0p3_ref200.json,0.2,6,fc1,4,2,0.994630753993988,0.9860635995864868,200
cka_feddst,mnist,0.5,13,results/logs/multiseed/mnist_all_20260516_024344/seed_13/splits/mnist_split_seed13_clients5_alpha0p3_ref200.json,0.2,6,fc1,4,3,0.9901416897773743,0.9860635995864868,200
cka_feddst,mnist,0.5,13,results/logs/multiseed/mnist_all_20260516_024344/seed_13/splits/mnist_split_seed13_clients5_alpha0p3_ref200.json,0.2,6,fc1,4,4,1.0,0.9860635995864868,200
cka_feddst,mnist,0.5,13,results/logs/multiseed/mnist_all_20260516_024344/seed_13/splits/mnist_split_seed13_clients5_alpha0p3_ref200.json,0.2,8,conv1,0,0,1.0,0.999998927116394,200
cka_feddst,mnist,0.5,13,results/logs/multiseed/mnist_all_20260516_024344/seed_13/splits/mnist_split_seed13_clients5_alpha0p3_ref200.json,0.2,8,conv1,0,1,0.9999964237213135,0.999998927116394,200
cka_feddst,mnist,0.5,13,results/logs/multiseed/mnist_all_20260516_024344/seed_13/splits/mnist_split_seed13_clients5_alpha0p3_ref200.json,0.2,8,conv1,0,2,1.0,0.999998927116394,200
cka_feddst,mnist,0.5,13,results/logs/multiseed/mnist_all_20260516_024344/seed_13/splits/mnist_split_seed13_clients5_alpha0p3_ref200.json,0.2,8,conv1,0,3,0.9999995231628418,0.999998927116394,200
cka_feddst,mnist,0.5,13,results/logs/multiseed/mnist_all_20260516_024344/seed_13/splits/mnist_split_seed13_clients5_alpha0p3_ref200.json,0.2,8,conv1,0,4,0.9999997019767761,0.999998927116394,200
cka_feddst,mnist,0.5,13,results/logs/multiseed/mnist_all_20260516_024344/seed_13/splits/mnist_split_seed13_clients5_alpha0p3_ref200.json,0.2,8,conv1,1,0,0.9999964237213135,0.999998927116394,200
cka_feddst,mnist,0.5,13,results/logs/multiseed/mnist_all_20260516_024344/seed_13/splits/mnist_split_seed13_clients5_alpha0p3_ref200.json,0.2,8,conv1,1,1,1.0,0.999998927116394,200
cka_feddst,mnist,0.5,13,results/logs/multiseed/mnist_all_20260516_024344/seed_13/splits/mnist_split_seed13_clients5_alpha0p3_ref200.json,0.2,8,conv1,1,2,0.9999974966049194,0.999998927116394,200
cka_feddst,mnist,0.5,13,results/logs/multiseed/mnist_all_20260516_024344/seed_13/splits/mnist_split_seed13_clients5_alpha0p3_ref200.json,0.2,8,conv1,1,3,0.9999983906745911,0.999998927116394,200
cka_feddst,mnist,0.5,13,results/logs/multiseed/mnist_all_20260516_024344/seed_13/splits/mnist_split_seed13_clients5_alpha0p3_ref200.json,0.2,8,conv1,1,4,0.9999974966049194,0.999998927116394,200
cka_feddst,mnist,0.5,13,results/logs/multiseed/mnist_all_20260516_024344/seed_13/splits/mnist_split_seed13_clients5_alpha0p3_ref200.json,0.2,8,conv1,2,0,1.0,0.999998927116394,200
cka_feddst,mnist,0.5,13,results/logs/multiseed/mnist_all_20260516_024344/seed_13/splits/mnist_split_seed13_clients5_alpha0p3_ref200.json,0.2,8,conv1,2,1,0.9999974966049194,0.999998927116394,200
cka_feddst,mnist,0.5,13,results/logs/multiseed/mnist_all_20260516_024344/seed_13/splits/mnist_split_seed13_clients5_alpha0p3_ref200.json,0.2,8,conv1,2,2,1.0,0.999998927116394,200
cka_feddst,mnist,0.5,13,results/logs/multiseed/mnist_all_20260516_024344/seed_13/splits/mnist_split_seed13_clients5_alpha0p3_ref200.json,0.2,8,conv1,2,3,1.0,0.999998927116394,200
cka_feddst,mnist,0.5,13,results/logs/multiseed/mnist_all_20260516_024344/seed_13/splits/mnist_split_seed13_clients5_alpha0p3_ref200.json,0.2,8,conv1,2,4,1.0,0.999998927116394,200
cka_feddst,mnist,0.5,13,results/logs/multiseed/mnist_all_20260516_024344/seed_13/splits/mnist_split_seed13_clients5_alpha0p3_ref200.json,0.2,8,conv1,3,0,0.9999995231628418,0.999998927116394,200
cka_feddst,mnist,0.5,13,results/logs/multiseed/mnist_all_20260516_024344/seed_13/splits/mnist_split_seed13_clients5_alpha0p3_ref200.json,0.2,8,conv1,3,1,0.9999983906745911,0.999998927116394,200
cka_feddst,mnist,0.5,13,results/logs/multiseed/mnist_all_20260516_024344/seed_13/splits/mnist_split_seed13_clients5_alpha0p3_ref200.json,0.2,8,conv1,3,2,1.0,0.999998927116394,200
cka_feddst,mnist,0.5,13,results/logs/multiseed/mnist_all_20260516_024344/seed_13/splits/mnist_split_seed13_clients5_alpha0p3_ref200.json,0.2,8,conv1,3,3,1.0,0.999998927116394,200
cka_feddst,mnist,0.5,13,results/logs/multiseed/mnist_all_20260516_024344/seed_13/splits/mnist_split_seed13_clients5_alpha0p3_ref200.json,0.2,8,conv1,3,4,1.0,0.999998927116394,200
cka_feddst,mnist,0.5,13,results/logs/multiseed/mnist_all_20260516_024344/seed_13/splits/mnist_split_seed13_clients5_alpha0p3_ref200.json,0.2,8,conv1,4,0,0.9999997019767761,0.999998927116394,200
cka_feddst,mnist,0.5,13,results/logs/multiseed/mnist_all_20260516_024344/seed_13/splits/mnist_split_seed13_clients5_alpha0p3_ref200.json,0.2,8,conv1,4,1,0.9999974966049194,0.999998927116394,200
cka_feddst,mnist,0.5,13,results/logs/multiseed/mnist_all_20260516_024344/seed_13/splits/mnist_split_seed13_clients5_alpha0p3_ref200.json,0.2,8,conv1,4,2,1.0,0.999998927116394,200
cka_feddst,mnist,0.5,13,results/logs/multiseed/mnist_all_20260516_024344/seed_13/splits/mnist_split_seed13_clients5_alpha0p3_ref200.json,0.2,8,conv1,4,3,1.0,0.999998927116394,200
cka_feddst,mnist,0.5,13,results/logs/multiseed/mnist_all_20260516_024344/seed_13/splits/mnist_split_seed13_clients5_alpha0p3_ref200.json,0.2,8,conv1,4,4,1.0,0.999998927116394,200
cka_feddst,mnist,0.5,13,results/logs/multiseed/mnist_all_20260516_024344/seed_13/splits/mnist_split_seed13_clients5_alpha0p3_ref200.json,0.2,8,conv2,0,0,1.0,0.9999290704727173,200
cka_feddst,mnist,0.5,13,results/logs/multiseed/mnist_all_20260516_024344/seed_13/splits/mnist_split_seed13_clients5_alpha0p3_ref200.json,0.2,8,conv2,0,1,0.9998239278793335,0.9999290704727173,200
cka_feddst,mnist,0.5,13,results/logs/multiseed/mnist_all_20260516_024344/seed_13/splits/mnist_split_seed13_clients5_alpha0p3_ref200.json,0.2,8,conv2,0,2,0.9999977350234985,0.9999290704727173,200
cka_feddst,mnist,0.5,13,results/logs/multiseed/mnist_all_20260516_024344/seed_13/splits/mnist_split_seed13_clients5_alpha0p3_ref200.json,0.2,8,conv2,0,3,0.9999861121177673,0.9999290704727173,200
cka_feddst,mnist,0.5,13,results/logs/multiseed/mnist_all_20260516_024344/seed_13/splits/mnist_split_seed13_clients5_alpha0p3_ref200.json,0.2,8,conv2,0,4,0.9999940991401672,0.9999290704727173,200
cka_feddst,mnist,0.5,13,results/logs/multiseed/mnist_all_20260516_024344/seed_13/splits/mnist_split_seed13_clients5_alpha0p3_ref200.json,0.2,8,conv2,1,0,0.9998239278793335,0.9999290704727173,200
cka_feddst,mnist,0.5,13,results/logs/multiseed/mnist_all_20260516_024344/seed_13/splits/mnist_split_seed13_clients5_alpha0p3_ref200.json,0.2,8,conv2,1,1,1.0,0.9999290704727173,200
cka_feddst,mnist,0.5,13,results/logs/multiseed/mnist_all_20260516_024344/seed_13/splits/mnist_split_seed13_clients5_alpha0p3_ref200.json,0.2,8,conv2,1,2,0.9998477101325989,0.9999290704727173,200
cka_feddst,mnist,0.5,13,results/logs/multiseed/mnist_all_20260516_024344/seed_13/splits/mnist_split_seed13_clients5_alpha0p3_ref200.json,0.2,8,conv2,1,3,0.9998888373374939,0.9999290704727173,200
cka_feddst,mnist,0.5,13,results/logs/multiseed/mnist_all_20260516_024344/seed_13/splits/mnist_split_seed13_clients5_alpha0p3_ref200.json,0.2,8,conv2,1,4,0.9997857213020325,0.9999290704727173,200
cka_feddst,mnist,0.5,13,results/logs/multiseed/mnist_all_20260516_024344/seed_13/splits/mnist_split_seed13_clients5_alpha0p3_ref200.json,0.2,8,conv2,2,0,0.9999977350234985,0.9999290704727173,200
cka_feddst,mnist,0.5,13,results/logs/multiseed/mnist_all_20260516_024344/seed_13/splits/mnist_split_seed13_clients5_alpha0p3_ref200.json,0.2,8,conv2,2,1,0.9998477101325989,0.9999290704727173,200
cka_feddst,mnist,0.5,13,results/logs/multiseed/mnist_all_20260516_024344/seed_13/splits/mnist_split_seed13_clients5_alpha0p3_ref200.json,0.2,8,conv2,2,2,1.0,0.9999290704727173,200
cka_feddst,mnist,0.5,13,results/logs/multiseed/mnist_all_20260516_024344/seed_13/splits/mnist_split_seed13_clients5_alpha0p3_ref200.json,0.2,8,conv2,2,3,0.9999929070472717,0.9999290704727173,200
cka_feddst,mnist,0.5,13,results/logs/multiseed/mnist_all_20260516_024344/seed_13/splits/mnist_split_seed13_clients5_alpha0p3_ref200.json,0.2,8,conv2,2,4,0.9999945163726807,0.9999290704727173,200
cka_feddst,mnist,0.5,13,results/logs/multiseed/mnist_all_20260516_024344/seed_13/splits/mnist_split_seed13_clients5_alpha0p3_ref200.json,0.2,8,conv2,3,0,0.9999861121177673,0.9999290704727173,200
cka_feddst,mnist,0.5,13,results/logs/multiseed/mnist_all_20260516_024344/seed_13/splits/mnist_split_seed13_clients5_alpha0p3_ref200.json,0.2,8,conv2,3,1,0.9998888373374939,0.9999290704727173,200
cka_feddst,mnist,0.5,13,results/logs/multiseed/mnist_all_20260516_024344/seed_13/splits/mnist_split_seed13_clients5_alpha0p3_ref200.json,0.2,8,conv2,3,2,0.9999929070472717,0.9999290704727173,200
cka_feddst,mnist,0.5,13,results/logs/multiseed/mnist_all_20260516_024344/seed_13/splits/mnist_split_seed13_clients5_alpha0p3_ref200.json,0.2,8,conv2,3,3,1.0,0.9999290704727173,200
cka_feddst,mnist,0.5,13,results/logs/multiseed/mnist_all_20260516_024344/seed_13/splits/mnist_split_seed13_clients5_alpha0p3_ref200.json,0.2,8,conv2,3,4,0.9999778866767883,0.9999290704727173,200
cka_feddst,mnist,0.5,13,results/logs/multiseed/mnist_all_20260516_024344/seed_13/splits/mnist_split_seed13_clients5_alpha0p3_ref200.json,0.2,8,conv2,4,0,0.9999940991401672,0.9999290704727173,200
cka_feddst,mnist,0.5,13,results/logs/multiseed/mnist_all_20260516_024344/seed_13/splits/mnist_split_seed13_clients5_alpha0p3_ref200.json,0.2,8,conv2,4,1,0.9997857213020325,0.9999290704727173,200
cka_feddst,mnist,0.5,13,results/logs/multiseed/mnist_all_20260516_024344/seed_13/splits/mnist_split_seed13_clients5_alpha0p3_ref200.json,0.2,8,conv2,4,2,0.9999945163726807,0.9999290704727173,200
cka_feddst,mnist,0.5,13,results/logs/multiseed/mnist_all_20260516_024344/seed_13/splits/mnist_split_seed13_clients5_alpha0p3_ref200.json,0.2,8,conv2,4,3,0.9999778866767883,0.9999290704727173,200
cka_feddst,mnist,0.5,13,results/logs/multiseed/mnist_all_20260516_024344/seed_13/splits/mnist_split_seed13_clients5_alpha0p3_ref200.json,0.2,8,conv2,4,4,1.0,0.9999290704727173,200
cka_feddst,mnist,0.5,13,results/logs/multiseed/mnist_all_20260516_024344/seed_13/splits/mnist_split_seed13_clients5_alpha0p3_ref200.json,0.2,8,fc1,0,0,1.0,0.979893684387207,200
cka_feddst,mnist,0.5,13,results/logs/multiseed/mnist_all_20260516_024344/seed_13/splits/mnist_split_seed13_clients5_alpha0p3_ref200.json,0.2,8,fc1,0,1,0.9737693071365356,0.979893684387207,200
cka_feddst,mnist,0.5,13,results/logs/multiseed/mnist_all_20260516_024344/seed_13/splits/mnist_split_seed13_clients5_alpha0p3_ref200.json,0.2,8,fc1,0,2,0.9895899295806885,0.979893684387207,200
cka_feddst,mnist,0.5,13,results/logs/multiseed/mnist_all_20260516_024344/seed_13/splits/mnist_split_seed13_clients5_alpha0p3_ref200.json,0.2,8,fc1,0,3,0.9780132174491882,0.979893684387207,200
cka_feddst,mnist,0.5,13,results/logs/multiseed/mnist_all_20260516_024344/seed_13/splits/mnist_split_seed13_clients5_alpha0p3_ref200.json,0.2,8,fc1,0,4,0.9917413592338562,0.979893684387207,200
cka_feddst,mnist,0.5,13,results/logs/multiseed/mnist_all_20260516_024344/seed_13/splits/mnist_split_seed13_clients5_alpha0p3_ref200.json,0.2,8,fc1,1,0,0.9737693071365356,0.979893684387207,200
cka_feddst,mnist,0.5,13,results/logs/multiseed/mnist_all_20260516_024344/seed_13/splits/mnist_split_seed13_clients5_alpha0p3_ref200.json,0.2,8,fc1,1,1,1.0,0.979893684387207,200
cka_feddst,mnist,0.5,13,results/logs/multiseed/mnist_all_20260516_024344/seed_13/splits/mnist_split_seed13_clients5_alpha0p3_ref200.json,0.2,8,fc1,1,2,0.9795926213264465,0.979893684387207,200
cka_feddst,mnist,0.5,13,results/logs/multiseed/mnist_all_20260516_024344/seed_13/splits/mnist_split_seed13_clients5_alpha0p3_ref200.json,0.2,8,fc1,1,3,0.9684414267539978,0.979893684387207,200
cka_feddst,mnist,0.5,13,results/logs/multiseed/mnist_all_20260516_024344/seed_13/splits/mnist_split_seed13_clients5_alpha0p3_ref200.json,0.2,8,fc1,1,4,0.9733242988586426,0.979893684387207,200
cka_feddst,mnist,0.5,13,results/logs/multiseed/mnist_all_20260516_024344/seed_13/splits/mnist_split_seed13_clients5_alpha0p3_ref200.json,0.2,8,fc1,2,0,0.9895899295806885,0.979893684387207,200
cka_feddst,mnist,0.5,13,results/logs/multiseed/mnist_all_20260516_024344/seed_13/splits/mnist_split_seed13_clients5_alpha0p3_ref200.json,0.2,8,fc1,2,1,0.9795926213264465,0.979893684387207,200
cka_feddst,mnist,0.5,13,results/logs/multiseed/mnist_all_20260516_024344/seed_13/splits/mnist_split_seed13_clients5_alpha0p3_ref200.json,0.2,8,fc1,2,2,1.0,0.979893684387207,200
cka_feddst,mnist,0.5,13,results/logs/multiseed/mnist_all_20260516_024344/seed_13/splits/mnist_split_seed13_clients5_alpha0p3_ref200.json,0.2,8,fc1,2,3,0.9763527512550354,0.979893684387207,200
cka_feddst,mnist,0.5,13,results/logs/multiseed/mnist_all_20260516_024344/seed_13/splits/mnist_split_seed13_clients5_alpha0p3_ref200.json,0.2,8,fc1,2,4,0.9882825016975403,0.979893684387207,200
cka_feddst,mnist,0.5,13,results/logs/multiseed/mnist_all_20260516_024344/seed_13/splits/mnist_split_seed13_clients5_alpha0p3_ref200.json,0.2,8,fc1,3,0,0.9780132174491882,0.979893684387207,200
cka_feddst,mnist,0.5,13,results/logs/multiseed/mnist_all_20260516_024344/seed_13/splits/mnist_split_seed13_clients5_alpha0p3_ref200.json,0.2,8,fc1,3,1,0.9684414267539978,0.979893684387207,200
cka_feddst,mnist,0.5,13,results/logs/multiseed/mnist_all_20260516_024344/seed_13/splits/mnist_split_seed13_clients5_alpha0p3_ref200.json,0.2,8,fc1,3,2,0.9763527512550354,0.979893684387207,200
cka_feddst,mnist,0.5,13,results/logs/multiseed/mnist_all_20260516_024344/seed_13/splits/mnist_split_seed13_clients5_alpha0p3_ref200.json,0.2,8,fc1,3,3,1.0,0.979893684387207,200
cka_feddst,mnist,0.5,13,results/logs/multiseed/mnist_all_20260516_024344/seed_13/splits/mnist_split_seed13_clients5_alpha0p3_ref200.json,0.2,8,fc1,3,4,0.9798295497894287,0.979893684387207,200
cka_feddst,mnist,0.5,13,results/logs/multiseed/mnist_all_20260516_024344/seed_13/splits/mnist_split_seed13_clients5_alpha0p3_ref200.json,0.2,8,fc1,4,0,0.9917413592338562,0.979893684387207,200
cka_feddst,mnist,0.5,13,results/logs/multiseed/mnist_all_20260516_024344/seed_13/splits/mnist_split_seed13_clients5_alpha0p3_ref200.json,0.2,8,fc1,4,1,0.9733242988586426,0.979893684387207,200
cka_feddst,mnist,0.5,13,results/logs/multiseed/mnist_all_20260516_024344/seed_13/splits/mnist_split_seed13_clients5_alpha0p3_ref200.json,0.2,8,fc1,4,2,0.9882825016975403,0.979893684387207,200
cka_feddst,mnist,0.5,13,results/logs/multiseed/mnist_all_20260516_024344/seed_13/splits/mnist_split_seed13_clients5_alpha0p3_ref200.json,0.2,8,fc1,4,3,0.9798295497894287,0.979893684387207,200
cka_feddst,mnist,0.5,13,results/logs/multiseed/mnist_all_20260516_024344/seed_13/splits/mnist_split_seed13_clients5_alpha0p3_ref200.json,0.2,8,fc1,4,4,1.0,0.979893684387207,200
cka_feddst,mnist,0.5,13,results/logs/multiseed/mnist_all_20260516_024344/seed_13/splits/mnist_split_seed13_clients5_alpha0p3_ref200.json,0.2,10,conv1,0,0,1.0,0.9999993443489075,200
cka_feddst,mnist,0.5,13,results/logs/multiseed/mnist_all_20260516_024344/seed_13/splits/mnist_split_seed13_clients5_alpha0p3_ref200.json,0.2,10,conv1,0,1,0.9999983310699463,0.9999993443489075,200
cka_feddst,mnist,0.5,13,results/logs/multiseed/mnist_all_20260516_024344/seed_13/splits/mnist_split_seed13_clients5_alpha0p3_ref200.json,0.2,10,conv1,0,2,1.0,0.9999993443489075,200
cka_feddst,mnist,0.5,13,results/logs/multiseed/mnist_all_20260516_024344/seed_13/splits/mnist_split_seed13_clients5_alpha0p3_ref200.json,0.2,10,conv1,0,3,0.9999998807907104,0.9999993443489075,200
cka_feddst,mnist,0.5,13,results/logs/multiseed/mnist_all_20260516_024344/seed_13/splits/mnist_split_seed13_clients5_alpha0p3_ref200.json,0.2,10,conv1,0,4,0.9999997615814209,0.9999993443489075,200
cka_feddst,mnist,0.5,13,results/logs/multiseed/mnist_all_20260516_024344/seed_13/splits/mnist_split_seed13_clients5_alpha0p3_ref200.json,0.2,10,conv1,1,0,0.9999983310699463,0.9999993443489075,200
cka_feddst,mnist,0.5,13,results/logs/multiseed/mnist_all_20260516_024344/seed_13/splits/mnist_split_seed13_clients5_alpha0p3_ref200.json,0.2,10,conv1,1,1,1.0,0.9999993443489075,200
cka_feddst,mnist,0.5,13,results/logs/multiseed/mnist_all_20260516_024344/seed_13/splits/mnist_split_seed13_clients5_alpha0p3_ref200.json,0.2,10,conv1,1,2,0.9999989867210388,0.9999993443489075,200
cka_feddst,mnist,0.5,13,results/logs/multiseed/mnist_all_20260516_024344/seed_13/splits/mnist_split_seed13_clients5_alpha0p3_ref200.json,0.2,10,conv1,1,3,0.9999993443489075,0.9999993443489075,200
cka_feddst,mnist,0.5,13,results/logs/multiseed/mnist_all_20260516_024344/seed_13/splits/mnist_split_seed13_clients5_alpha0p3_ref200.json,0.2,10,conv1,1,4,0.9999979734420776,0.9999993443489075,200
cka_feddst,mnist,0.5,13,results/logs/multiseed/mnist_all_20260516_024344/seed_13/splits/mnist_split_seed13_clients5_alpha0p3_ref200.json,0.2,10,conv1,2,0,1.0,0.9999993443489075,200
cka_feddst,mnist,0.5,13,results/logs/multiseed/mnist_all_20260516_024344/seed_13/splits/mnist_split_seed13_clients5_alpha0p3_ref200.json,0.2,10,conv1,2,1,0.9999989867210388,0.9999993443489075,200
cka_feddst,mnist,0.5,13,results/logs/multiseed/mnist_all_20260516_024344/seed_13/splits/mnist_split_seed13_clients5_alpha0p3_ref200.json,0.2,10,conv1,2,2,1.0,0.9999993443489075,200
cka_feddst,mnist,0.5,13,results/logs/multiseed/mnist_all_20260516_024344/seed_13/splits/mnist_split_seed13_clients5_alpha0p3_ref200.json,0.2,10,conv1,2,3,1.0,0.9999993443489075,200
cka_feddst,mnist,0.5,13,results/logs/multiseed/mnist_all_20260516_024344/seed_13/splits/mnist_split_seed13_clients5_alpha0p3_ref200.json,0.2,10,conv1,2,4,0.9999998807907104,0.9999993443489075,200
cka_feddst,mnist,0.5,13,results/logs/multiseed/mnist_all_20260516_024344/seed_13/splits/mnist_split_seed13_clients5_alpha0p3_ref200.json,0.2,10,conv1,3,0,0.9999998807907104,0.9999993443489075,200
cka_feddst,mnist,0.5,13,results/logs/multiseed/mnist_all_20260516_024344/seed_13/splits/mnist_split_seed13_clients5_alpha0p3_ref200.json,0.2,10,conv1,3,1,0.9999993443489075,0.9999993443489075,200
cka_feddst,mnist,0.5,13,results/logs/multiseed/mnist_all_20260516_024344/seed_13/splits/mnist_split_seed13_clients5_alpha0p3_ref200.json,0.2,10,conv1,3,2,1.0,0.9999993443489075,200
cka_feddst,mnist,0.5,13,results/logs/multiseed/mnist_all_20260516_024344/seed_13/splits/mnist_split_seed13_clients5_alpha0p3_ref200.json,0.2,10,conv1,3,3,1.0,0.9999993443489075,200
cka_feddst,mnist,0.5,13,results/logs/multiseed/mnist_all_20260516_024344/seed_13/splits/mnist_split_seed13_clients5_alpha0p3_ref200.json,0.2,10,conv1,3,4,0.9999995231628418,0.9999993443489075,200
cka_feddst,mnist,0.5,13,results/logs/multiseed/mnist_all_20260516_024344/seed_13/splits/mnist_split_seed13_clients5_alpha0p3_ref200.json,0.2,10,conv1,4,0,0.9999997615814209,0.9999993443489075,200
cka_feddst,mnist,0.5,13,results/logs/multiseed/mnist_all_20260516_024344/seed_13/splits/mnist_split_seed13_clients5_alpha0p3_ref200.json,0.2,10,conv1,4,1,0.9999979734420776,0.9999993443489075,200
cka_feddst,mnist,0.5,13,results/logs/multiseed/mnist_all_20260516_024344/seed_13/splits/mnist_split_seed13_clients5_alpha0p3_ref200.json,0.2,10,conv1,4,2,0.9999998807907104,0.9999993443489075,200
cka_feddst,mnist,0.5,13,results/logs/multiseed/mnist_all_20260516_024344/seed_13/splits/mnist_split_seed13_clients5_alpha0p3_ref200.json,0.2,10,conv1,4,3,0.9999995231628418,0.9999993443489075,200
cka_feddst,mnist,0.5,13,results/logs/multiseed/mnist_all_20260516_024344/seed_13/splits/mnist_split_seed13_clients5_alpha0p3_ref200.json,0.2,10,conv1,4,4,1.0,0.9999993443489075,200
cka_feddst,mnist,0.5,13,results/logs/multiseed/mnist_all_20260516_024344/seed_13/splits/mnist_split_seed13_clients5_alpha0p3_ref200.json,0.2,10,conv2,0,0,1.0,0.9999738931655884,200
cka_feddst,mnist,0.5,13,results/logs/multiseed/mnist_all_20260516_024344/seed_13/splits/mnist_split_seed13_clients5_alpha0p3_ref200.json,0.2,10,conv2,0,1,0.9999340772628784,0.9999738931655884,200
cka_feddst,mnist,0.5,13,results/logs/multiseed/mnist_all_20260516_024344/seed_13/splits/mnist_split_seed13_clients5_alpha0p3_ref200.json,0.2,10,conv2,0,2,0.9999962449073792,0.9999738931655884,200
cka_feddst,mnist,0.5,13,results/logs/multiseed/mnist_all_20260516_024344/seed_13/splits/mnist_split_seed13_clients5_alpha0p3_ref200.json,0.2,10,conv2,0,3,0.9999933838844299,0.9999738931655884,200
cka_feddst,mnist,0.5,13,results/logs/multiseed/mnist_all_20260516_024344/seed_13/splits/mnist_split_seed13_clients5_alpha0p3_ref200.json,0.2,10,conv2,0,4,0.9999966025352478,0.9999738931655884,200
cka_feddst,mnist,0.5,13,results/logs/multiseed/mnist_all_20260516_024344/seed_13/splits/mnist_split_seed13_clients5_alpha0p3_ref200.json,0.2,10,conv2,1,0,0.9999340772628784,0.9999738931655884,200
cka_feddst,mnist,0.5,13,results/logs/multiseed/mnist_all_20260516_024344/seed_13/splits/mnist_split_seed13_clients5_alpha0p3_ref200.json,0.2,10,conv2,1,1,1.0,0.9999738931655884,200
cka_feddst,mnist,0.5,13,results/logs/multiseed/mnist_all_20260516_024344/seed_13/splits/mnist_split_seed13_clients5_alpha0p3_ref200.json,0.2,10,conv2,1,2,0.999954342842102,0.9999738931655884,200
cka_feddst,mnist,0.5,13,results/logs/multiseed/mnist_all_20260516_024344/seed_13/splits/mnist_split_seed13_clients5_alpha0p3_ref200.json,0.2,10,conv2,1,3,0.9999632835388184,0.9999738931655884,200
cka_feddst,mnist,0.5,13,results/logs/multiseed/mnist_all_20260516_024344/seed_13/splits/mnist_split_seed13_clients5_alpha0p3_ref200.json,0.2,10,conv2,1,4,0.9999184608459473,0.9999738931655884,200
cka_feddst,mnist,0.5,13,results/logs/multiseed/mnist_all_20260516_024344/seed_13/splits/mnist_split_seed13_clients5_alpha0p3_ref200.json,0.2,10,conv2,2,0,0.9999962449073792,0.9999738931655884,200
cka_feddst,mnist,0.5,13,results/logs/multiseed/mnist_all_20260516_024344/seed_13/splits/mnist_split_seed13_clients5_alpha0p3_ref200.json,0.2,10,conv2,2,1,0.999954342842102,0.9999738931655884,200
cka_feddst,mnist,0.5,13,results/logs/multiseed/mnist_all_20260516_024344/seed_13/splits/mnist_split_seed13_clients5_alpha0p3_ref200.json,0.2,10,conv2,2,2,1.0,0.9999738931655884,200
cka_feddst,mnist,0.5,13,results/logs/multiseed/mnist_all_20260516_024344/seed_13/splits/mnist_split_seed13_clients5_alpha0p3_ref200.json,0.2,10,conv2,2,3,0.9999986290931702,0.9999738931655884,200
cka_feddst,mnist,0.5,13,results/logs/multiseed/mnist_all_20260516_024344/seed_13/splits/mnist_split_seed13_clients5_alpha0p3_ref200.json,0.2,10,conv2,2,4,0.9999947547912598,0.9999738931655884,200
cka_feddst,mnist,0.5,13,results/logs/multiseed/mnist_all_20260516_024344/seed_13/splits/mnist_split_seed13_clients5_alpha0p3_ref200.json,0.2,10,conv2,3,0,0.9999933838844299,0.9999738931655884,200
cka_feddst,mnist,0.5,13,results/logs/multiseed/mnist_all_20260516_024344/seed_13/splits/mnist_split_seed13_clients5_alpha0p3_ref200.json,0.2,10,conv2,3,1,0.9999632835388184,0.9999738931655884,200
cka_feddst,mnist,0.5,13,results/logs/multiseed/mnist_all_20260516_024344/seed_13/splits/mnist_split_seed13_clients5_alpha0p3_ref200.json,0.2,10,conv2,3,2,0.9999986290931702,0.9999738931655884,200
cka_feddst,mnist,0.5,13,results/logs/multiseed/mnist_all_20260516_024344/seed_13/splits/mnist_split_seed13_clients5_alpha0p3_ref200.json,0.2,10,conv2,3,3,1.0,0.9999738931655884,200
cka_feddst,mnist,0.5,13,results/logs/multiseed/mnist_all_20260516_024344/seed_13/splits/mnist_split_seed13_clients5_alpha0p3_ref200.json,0.2,10,conv2,3,4,0.9999887943267822,0.9999738931655884,200
cka_feddst,mnist,0.5,13,results/logs/multiseed/mnist_all_20260516_024344/seed_13/splits/mnist_split_seed13_clients5_alpha0p3_ref200.json,0.2,10,conv2,4,0,0.9999966025352478,0.9999738931655884,200
cka_feddst,mnist,0.5,13,results/logs/multiseed/mnist_all_20260516_024344/seed_13/splits/mnist_split_seed13_clients5_alpha0p3_ref200.json,0.2,10,conv2,4,1,0.9999184608459473,0.9999738931655884,200
cka_feddst,mnist,0.5,13,results/logs/multiseed/mnist_all_20260516_024344/seed_13/splits/mnist_split_seed13_clients5_alpha0p3_ref200.json,0.2,10,conv2,4,2,0.9999947547912598,0.9999738931655884,200
cka_feddst,mnist,0.5,13,results/logs/multiseed/mnist_all_20260516_024344/seed_13/splits/mnist_split_seed13_clients5_alpha0p3_ref200.json,0.2,10,conv2,4,3,0.9999887943267822,0.9999738931655884,200
cka_feddst,mnist,0.5,13,results/logs/multiseed/mnist_all_20260516_024344/seed_13/splits/mnist_split_seed13_clients5_alpha0p3_ref200.json,0.2,10,conv2,4,4,1.0,0.9999738931655884,200
cka_feddst,mnist,0.5,13,results/logs/multiseed/mnist_all_20260516_024344/seed_13/splits/mnist_split_seed13_clients5_alpha0p3_ref200.json,0.2,10,fc1,0,0,1.0,0.9860444068908691,200
cka_feddst,mnist,0.5,13,results/logs/multiseed/mnist_all_20260516_024344/seed_13/splits/mnist_split_seed13_clients5_alpha0p3_ref200.json,0.2,10,fc1,0,1,0.9849645495414734,0.9860444068908691,200
cka_feddst,mnist,0.5,13,results/logs/multiseed/mnist_all_20260516_024344/seed_13/splits/mnist_split_seed13_clients5_alpha0p3_ref200.json,0.2,10,fc1,0,2,0.9922217726707458,0.9860444068908691,200
cka_feddst,mnist,0.5,13,results/logs/multiseed/mnist_all_20260516_024344/seed_13/splits/mnist_split_seed13_clients5_alpha0p3_ref200.json,0.2,10,fc1,0,3,0.9789854884147644,0.9860444068908691,200
cka_feddst,mnist,0.5,13,results/logs/multiseed/mnist_all_20260516_024344/seed_13/splits/mnist_split_seed13_clients5_alpha0p3_ref200.json,0.2,10,fc1,0,4,0.99329674243927,0.9860444068908691,200
cka_feddst,mnist,0.5,13,results/logs/multiseed/mnist_all_20260516_024344/seed_13/splits/mnist_split_seed13_clients5_alpha0p3_ref200.json,0.2,10,fc1,1,0,0.9849645495414734,0.9860444068908691,200
cka_feddst,mnist,0.5,13,results/logs/multiseed/mnist_all_20260516_024344/seed_13/splits/mnist_split_seed13_clients5_alpha0p3_ref200.json,0.2,10,fc1,1,1,1.0,0.9860444068908691,200
cka_feddst,mnist,0.5,13,results/logs/multiseed/mnist_all_20260516_024344/seed_13/splits/mnist_split_seed13_clients5_alpha0p3_ref200.json,0.2,10,fc1,1,2,0.9871867895126343,0.9860444068908691,200
cka_feddst,mnist,0.5,13,results/logs/multiseed/mnist_all_20260516_024344/seed_13/splits/mnist_split_seed13_clients5_alpha0p3_ref200.json,0.2,10,fc1,1,3,0.9824606776237488,0.9860444068908691,200
cka_feddst,mnist,0.5,13,results/logs/multiseed/mnist_all_20260516_024344/seed_13/splits/mnist_split_seed13_clients5_alpha0p3_ref200.json,0.2,10,fc1,1,4,0.9822051525115967,0.9860444068908691,200
cka_feddst,mnist,0.5,13,results/logs/multiseed/mnist_all_20260516_024344/seed_13/splits/mnist_split_seed13_clients5_alpha0p3_ref200.json,0.2,10,fc1,2,0,0.9922217726707458,0.9860444068908691,200
cka_feddst,mnist,0.5,13,results/logs/multiseed/mnist_all_20260516_024344/seed_13/splits/mnist_split_seed13_clients5_alpha0p3_ref200.json,0.2,10,fc1,2,1,0.9871867895126343,0.9860444068908691,200
cka_feddst,mnist,0.5,13,results/logs/multiseed/mnist_all_20260516_024344/seed_13/splits/mnist_split_seed13_clients5_alpha0p3_ref200.json,0.2,10,fc1,2,2,1.0,0.9860444068908691,200
cka_feddst,mnist,0.5,13,results/logs/multiseed/mnist_all_20260516_024344/seed_13/splits/mnist_split_seed13_clients5_alpha0p3_ref200.json,0.2,10,fc1,2,3,0.9842268228530884,0.9860444068908691,200
cka_feddst,mnist,0.5,13,results/logs/multiseed/mnist_all_20260516_024344/seed_13/splits/mnist_split_seed13_clients5_alpha0p3_ref200.json,0.2,10,fc1,2,4,0.9911462664604187,0.9860444068908691,200
cka_feddst,mnist,0.5,13,results/logs/multiseed/mnist_all_20260516_024344/seed_13/splits/mnist_split_seed13_clients5_alpha0p3_ref200.json,0.2,10,fc1,3,0,0.9789854884147644,0.9860444068908691,200
cka_feddst,mnist,0.5,13,results/logs/multiseed/mnist_all_20260516_024344/seed_13/splits/mnist_split_seed13_clients5_alpha0p3_ref200.json,0.2,10,fc1,3,1,0.9824606776237488,0.9860444068908691,200
cka_feddst,mnist,0.5,13,results/logs/multiseed/mnist_all_20260516_024344/seed_13/splits/mnist_split_seed13_clients5_alpha0p3_ref200.json,0.2,10,fc1,3,2,0.9842268228530884,0.9860444068908691,200
cka_feddst,mnist,0.5,13,results/logs/multiseed/mnist_all_20260516_024344/seed_13/splits/mnist_split_seed13_clients5_alpha0p3_ref200.json,0.2,10,fc1,3,3,1.0,0.9860444068908691,200
cka_feddst,mnist,0.5,13,results/logs/multiseed/mnist_all_20260516_024344/seed_13/splits/mnist_split_seed13_clients5_alpha0p3_ref200.json,0.2,10,fc1,3,4,0.9837496280670166,0.9860444068908691,200
cka_feddst,mnist,0.5,13,results/logs/multiseed/mnist_all_20260516_024344/seed_13/splits/mnist_split_seed13_clients5_alpha0p3_ref200.json,0.2,10,fc1,4,0,0.99329674243927,0.9860444068908691,200
cka_feddst,mnist,0.5,13,results/logs/multiseed/mnist_all_20260516_024344/seed_13/splits/mnist_split_seed13_clients5_alpha0p3_ref200.json,0.2,10,fc1,4,1,0.9822051525115967,0.9860444068908691,200
cka_feddst,mnist,0.5,13,results/logs/multiseed/mnist_all_20260516_024344/seed_13/splits/mnist_split_seed13_clients5_alpha0p3_ref200.json,0.2,10,fc1,4,2,0.9911462664604187,0.9860444068908691,200
cka_feddst,mnist,0.5,13,results/logs/multiseed/mnist_all_20260516_024344/seed_13/splits/mnist_split_seed13_clients5_alpha0p3_ref200.json,0.2,10,fc1,4,3,0.9837496280670166,0.9860444068908691,200
cka_feddst,mnist,0.5,13,results/logs/multiseed/mnist_all_20260516_024344/seed_13/splits/mnist_split_seed13_clients5_alpha0p3_ref200.json,0.2,10,fc1,4,4,1.0,0.9860444068908691,200
cka_feddst,mnist,0.5,13,results/logs/multiseed/mnist_all_20260516_024344/seed_13/splits/mnist_split_seed13_clients5_alpha0p3_ref200.json,0.2,12,conv1,0,0,1.0,0.9999996423721313,200
cka_feddst,mnist,0.5,13,results/logs/multiseed/mnist_all_20260516_024344/seed_13/splits/mnist_split_seed13_clients5_alpha0p3_ref200.json,0.2,12,conv1,0,1,0.9999987483024597,0.9999996423721313,200
cka_feddst,mnist,0.5,13,results/logs/multiseed/mnist_all_20260516_024344/seed_13/splits/mnist_split_seed13_clients5_alpha0p3_ref200.json,0.2,12,conv1,0,2,0.9999998807907104,0.9999996423721313,200
cka_feddst,mnist,0.5,13,results/logs/multiseed/mnist_all_20260516_024344/seed_13/splits/mnist_split_seed13_clients5_alpha0p3_ref200.json,0.2,12,conv1,0,3,0.9999997615814209,0.9999996423721313,200
cka_feddst,mnist,0.5,13,results/logs/multiseed/mnist_all_20260516_024344/seed_13/splits/mnist_split_seed13_clients5_alpha0p3_ref200.json,0.2,12,conv1,0,4,0.999999463558197,0.9999996423721313,200
cka_feddst,mnist,0.5,13,results/logs/multiseed/mnist_all_20260516_024344/seed_13/splits/mnist_split_seed13_clients5_alpha0p3_ref200.json,0.2,12,conv1,1,0,0.9999987483024597,0.9999996423721313,200
cka_feddst,mnist,0.5,13,results/logs/multiseed/mnist_all_20260516_024344/seed_13/splits/mnist_split_seed13_clients5_alpha0p3_ref200.json,0.2,12,conv1,1,1,1.0,0.9999996423721313,200
cka_feddst,mnist,0.5,13,results/logs/multiseed/mnist_all_20260516_024344/seed_13/splits/mnist_split_seed13_clients5_alpha0p3_ref200.json,0.2,12,conv1,1,2,0.9999991655349731,0.9999996423721313,200
cka_feddst,mnist,0.5,13,results/logs/multiseed/mnist_all_20260516_024344/seed_13/splits/mnist_split_seed13_clients5_alpha0p3_ref200.json,0.2,12,conv1,1,3,0.9999998807907104,0.9999996423721313,200
cka_feddst,mnist,0.5,13,results/logs/multiseed/mnist_all_20260516_024344/seed_13/splits/mnist_split_seed13_clients5_alpha0p3_ref200.json,0.2,12,conv1,1,4,0.9999990463256836,0.9999996423721313,200
cka_feddst,mnist,0.5,13,results/logs/multiseed/mnist_all_20260516_024344/seed_13/splits/mnist_split_seed13_clients5_alpha0p3_ref200.json,0.2,12,conv1,2,0,0.9999998807907104,0.9999996423721313,200
cka_feddst,mnist,0.5,13,results/logs/multiseed/mnist_all_20260516_024344/seed_13/splits/mnist_split_seed13_clients5_alpha0p3_ref200.json,0.2,12,conv1,2,1,0.9999991655349731,0.9999996423721313,200
cka_feddst,mnist,0.5,13,results/logs/multiseed/mnist_all_20260516_024344/seed_13/splits/mnist_split_seed13_clients5_alpha0p3_ref200.json,0.2,12,conv1,2,2,1.0,0.9999996423721313,200
cka_feddst,mnist,0.5,13,results/logs/multiseed/mnist_all_20260516_024344/seed_13/splits/mnist_split_seed13_clients5_alpha0p3_ref200.json,0.2,12,conv1,2,3,1.0,0.9999996423721313,200
cka_feddst,mnist,0.5,13,results/logs/multiseed/mnist_all_20260516_024344/seed_13/splits/mnist_split_seed13_clients5_alpha0p3_ref200.json,0.2,12,conv1,2,4,0.9999997615814209,0.9999996423721313,200
cka_feddst,mnist,0.5,13,results/logs/multiseed/mnist_all_20260516_024344/seed_13/splits/mnist_split_seed13_clients5_alpha0p3_ref200.json,0.2,12,conv1,3,0,0.9999997615814209,0.9999996423721313,200
cka_feddst,mnist,0.5,13,results/logs/multiseed/mnist_all_20260516_024344/seed_13/splits/mnist_split_seed13_clients5_alpha0p3_ref200.json,0.2,12,conv1,3,1,0.9999998807907104,0.9999996423721313,200
cka_feddst,mnist,0.5,13,results/logs/multiseed/mnist_all_20260516_024344/seed_13/splits/mnist_split_seed13_clients5_alpha0p3_ref200.json,0.2,12,conv1,3,2,1.0,0.9999996423721313,200
cka_feddst,mnist,0.5,13,results/logs/multiseed/mnist_all_20260516_024344/seed_13/splits/mnist_split_seed13_clients5_alpha0p3_ref200.json,0.2,12,conv1,3,3,1.0,0.9999996423721313,200
cka_feddst,mnist,0.5,13,results/logs/multiseed/mnist_all_20260516_024344/seed_13/splits/mnist_split_seed13_clients5_alpha0p3_ref200.json,0.2,12,conv1,3,4,1.0,0.9999996423721313,200
cka_feddst,mnist,0.5,13,results/logs/multiseed/mnist_all_20260516_024344/seed_13/splits/mnist_split_seed13_clients5_alpha0p3_ref200.json,0.2,12,conv1,4,0,0.999999463558197,0.9999996423721313,200
cka_feddst,mnist,0.5,13,results/logs/multiseed/mnist_all_20260516_024344/seed_13/splits/mnist_split_seed13_clients5_alpha0p3_ref200.json,0.2,12,conv1,4,1,0.9999990463256836,0.9999996423721313,200
cka_feddst,mnist,0.5,13,results/logs/multiseed/mnist_all_20260516_024344/seed_13/splits/mnist_split_seed13_clients5_alpha0p3_ref200.json,0.2,12,conv1,4,2,0.9999997615814209,0.9999996423721313,200
cka_feddst,mnist,0.5,13,results/logs/multiseed/mnist_all_20260516_024344/seed_13/splits/mnist_split_seed13_clients5_alpha0p3_ref200.json,0.2,12,conv1,4,3,1.0,0.9999996423721313,200
cka_feddst,mnist,0.5,13,results/logs/multiseed/mnist_all_20260516_024344/seed_13/splits/mnist_split_seed13_clients5_alpha0p3_ref200.json,0.2,12,conv1,4,4,1.0,0.9999996423721313,200
cka_feddst,mnist,0.5,13,results/logs/multiseed/mnist_all_20260516_024344/seed_13/splits/mnist_split_seed13_clients5_alpha0p3_ref200.json,0.2,12,conv2,0,0,1.0,0.9999626874923706,200
cka_feddst,mnist,0.5,13,results/logs/multiseed/mnist_all_20260516_024344/seed_13/splits/mnist_split_seed13_clients5_alpha0p3_ref200.json,0.2,12,conv2,0,1,0.9999048113822937,0.9999626874923706,200
cka_feddst,mnist,0.5,13,results/logs/multiseed/mnist_all_20260516_024344/seed_13/splits/mnist_split_seed13_clients5_alpha0p3_ref200.json,0.2,12,conv2,0,2,0.9999960660934448,0.9999626874923706,200
cka_feddst,mnist,0.5,13,results/logs/multiseed/mnist_all_20260516_024344/seed_13/splits/mnist_split_seed13_clients5_alpha0p3_ref200.json,0.2,12,conv2,0,3,0.9999887347221375,0.9999626874923706,200
cka_feddst,mnist,0.5,13,results/logs/multiseed/mnist_all_20260516_024344/seed_13/splits/mnist_split_seed13_clients5_alpha0p3_ref200.json,0.2,12,conv2,0,4,0.9999972581863403,0.9999626874923706,200
cka_feddst,mnist,0.5,13,results/logs/multiseed/mnist_all_20260516_024344/seed_13/splits/mnist_split_seed13_clients5_alpha0p3_ref200.json,0.2,12,conv2,1,0,0.9999048113822937,0.9999626874923706,200
cka_feddst,mnist,0.5,13,results/logs/multiseed/mnist_all_20260516_024344/seed_13/splits/mnist_split_seed13_clients5_alpha0p3_ref200.json,0.2,12,conv2,1,1,1.0,0.9999626874923706,200
cka_feddst,mnist,0.5,13,results/logs/multiseed/mnist_all_20260516_024344/seed_13/splits/mnist_split_seed13_clients5_alpha0p3_ref200.json,0.2,12,conv2,1,2,0.9999314546585083,0.9999626874923706,200
cka_feddst,mnist,0.5,13,results/logs/multiseed/mnist_all_20260516_024344/seed_13/splits/mnist_split_seed13_clients5_alpha0p3_ref200.json,0.2,12,conv2,1,3,0.9999446272850037,0.9999626874923706,200
cka_feddst,mnist,0.5,13,results/logs/multiseed/mnist_all_20260516_024344/seed_13/splits/mnist_split_seed13_clients5_alpha0p3_ref200.json,0.2,12,conv2,1,4,0.9998869895935059,0.9999626874923706,200
cka_feddst,mnist,0.5,13,results/logs/multiseed/mnist_all_20260516_024344/seed_13/splits/mnist_split_seed13_clients5_alpha0p3_ref200.json,0.2,12,conv2,2,0,0.9999960660934448,0.9999626874923706,200
cka_feddst,mnist,0.5,13,results/logs/multiseed/mnist_all_20260516_024344/seed_13/splits/mnist_split_seed13_clients5_alpha0p3_ref200.json,0.2,12,conv2,2,1,0.9999314546585083,0.9999626874923706,200
cka_feddst,mnist,0.5,13,results/logs/multiseed/mnist_all_20260516_024344/seed_13/splits/mnist_split_seed13_clients5_alpha0p3_ref200.json,0.2,12,conv2,2,2,1.0,0.9999626874923706,200
cka_feddst,mnist,0.5,13,results/logs/multiseed/mnist_all_20260516_024344/seed_13/splits/mnist_split_seed13_clients5_alpha0p3_ref200.json,0.2,12,conv2,2,3,0.9999969601631165,0.9999626874923706,200
cka_feddst,mnist,0.5,13,results/logs/multiseed/mnist_all_20260516_024344/seed_13/splits/mnist_split_seed13_clients5_alpha0p3_ref200.json,0.2,12,conv2,2,4,0.9999947547912598,0.9999626874923706,200
cka_feddst,mnist,0.5,13,results/logs/multiseed/mnist_all_20260516_024344/seed_13/splits/mnist_split_seed13_clients5_alpha0p3_ref200.json,0.2,12,conv2,3,0,0.9999887347221375,0.9999626874923706,200
cka_feddst,mnist,0.5,13,results/logs/multiseed/mnist_all_20260516_024344/seed_13/splits/mnist_split_seed13_clients5_alpha0p3_ref200.json,0.2,12,conv2,3,1,0.9999446272850037,0.9999626874923706,200
cka_feddst,mnist,0.5,13,results/logs/multiseed/mnist_all_20260516_024344/seed_13/splits/mnist_split_seed13_clients5_alpha0p3_ref200.json,0.2,12,conv2,3,2,0.9999969601631165,0.9999626874923706,200
cka_feddst,mnist,0.5,13,results/logs/multiseed/mnist_all_20260516_024344/seed_13/splits/mnist_split_seed13_clients5_alpha0p3_ref200.json,0.2,12,conv2,3,3,1.0,0.9999626874923706,200
cka_feddst,mnist,0.5,13,results/logs/multiseed/mnist_all_20260516_024344/seed_13/splits/mnist_split_seed13_clients5_alpha0p3_ref200.json,0.2,12,conv2,3,4,0.9999855756759644,0.9999626874923706,200
cka_feddst,mnist,0.5,13,results/logs/multiseed/mnist_all_20260516_024344/seed_13/splits/mnist_split_seed13_clients5_alpha0p3_ref200.json,0.2,12,conv2,4,0,0.9999972581863403,0.9999626874923706,200
cka_feddst,mnist,0.5,13,results/logs/multiseed/mnist_all_20260516_024344/seed_13/splits/mnist_split_seed13_clients5_alpha0p3_ref200.json,0.2,12,conv2,4,1,0.9998869895935059,0.9999626874923706,200
cka_feddst,mnist,0.5,13,results/logs/multiseed/mnist_all_20260516_024344/seed_13/splits/mnist_split_seed13_clients5_alpha0p3_ref200.json,0.2,12,conv2,4,2,0.9999947547912598,0.9999626874923706,200
cka_feddst,mnist,0.5,13,results/logs/multiseed/mnist_all_20260516_024344/seed_13/splits/mnist_split_seed13_clients5_alpha0p3_ref200.json,0.2,12,conv2,4,3,0.9999855756759644,0.9999626874923706,200
cka_feddst,mnist,0.5,13,results/logs/multiseed/mnist_all_20260516_024344/seed_13/splits/mnist_split_seed13_clients5_alpha0p3_ref200.json,0.2,12,conv2,4,4,1.0,0.9999626874923706,200
cka_feddst,mnist,0.5,13,results/logs/multiseed/mnist_all_20260516_024344/seed_13/splits/mnist_split_seed13_clients5_alpha0p3_ref200.json,0.2,12,fc1,0,0,1.0,0.9809553027153015,200
cka_feddst,mnist,0.5,13,results/logs/multiseed/mnist_all_20260516_024344/seed_13/splits/mnist_split_seed13_clients5_alpha0p3_ref200.json,0.2,12,fc1,0,1,0.9782530665397644,0.9809553027153015,200
cka_feddst,mnist,0.5,13,results/logs/multiseed/mnist_all_20260516_024344/seed_13/splits/mnist_split_seed13_clients5_alpha0p3_ref200.json,0.2,12,fc1,0,2,0.9908335208892822,0.9809553027153015,200
cka_feddst,mnist,0.5,13,results/logs/multiseed/mnist_all_20260516_024344/seed_13/splits/mnist_split_seed13_clients5_alpha0p3_ref200.json,0.2,12,fc1,0,3,0.97146075963974,0.9809553027153015,200
cka_feddst,mnist,0.5,13,results/logs/multiseed/mnist_all_20260516_024344/seed_13/splits/mnist_split_seed13_clients5_alpha0p3_ref200.json,0.2,12,fc1,0,4,0.9915248155593872,0.9809553027153015,200
cka_feddst,mnist,0.5,13,results/logs/multiseed/mnist_all_20260516_024344/seed_13/splits/mnist_split_seed13_clients5_alpha0p3_ref200.json,0.2,12,fc1,1,0,0.9782530665397644,0.9809553027153015,200
cka_feddst,mnist,0.5,13,results/logs/multiseed/mnist_all_20260516_024344/seed_13/splits/mnist_split_seed13_clients5_alpha0p3_ref200.json,0.2,12,fc1,1,1,1.0,0.9809553027153015,200
cka_feddst,mnist,0.5,13,results/logs/multiseed/mnist_all_20260516_024344/seed_13/splits/mnist_split_seed13_clients5_alpha0p3_ref200.json,0.2,12,fc1,1,2,0.9842883348464966,0.9809553027153015,200
cka_feddst,mnist,0.5,13,results/logs/multiseed/mnist_all_20260516_024344/seed_13/splits/mnist_split_seed13_clients5_alpha0p3_ref200.json,0.2,12,fc1,1,3,0.9677010774612427,0.9809553027153015,200
cka_feddst,mnist,0.5,13,results/logs/multiseed/mnist_all_20260516_024344/seed_13/splits/mnist_split_seed13_clients5_alpha0p3_ref200.json,0.2,12,fc1,1,4,0.9745898842811584,0.9809553027153015,200
cka_feddst,mnist,0.5,13,results/logs/multiseed/mnist_all_20260516_024344/seed_13/splits/mnist_split_seed13_clients5_alpha0p3_ref200.json,0.2,12,fc1,2,0,0.9908335208892822,0.9809553027153015,200
cka_feddst,mnist,0.5,13,results/logs/multiseed/mnist_all_20260516_024344/seed_13/splits/mnist_split_seed13_clients5_alpha0p3_ref200.json,0.2,12,fc1,2,1,0.9842883348464966,0.9809553027153015,200
cka_feddst,mnist,0.5,13,results/logs/multiseed/mnist_all_20260516_024344/seed_13/splits/mnist_split_seed13_clients5_alpha0p3_ref200.json,0.2,12,fc1,2,2,1.0,0.9809553027153015,200
cka_feddst,mnist,0.5,13,results/logs/multiseed/mnist_all_20260516_024344/seed_13/splits/mnist_split_seed13_clients5_alpha0p3_ref200.json,0.2,12,fc1,2,3,0.9752815961837769,0.9809553027153015,200
cka_feddst,mnist,0.5,13,results/logs/multiseed/mnist_all_20260516_024344/seed_13/splits/mnist_split_seed13_clients5_alpha0p3_ref200.json,0.2,12,fc1,2,4,0.9938247799873352,0.9809553027153015,200
cka_feddst,mnist,0.5,13,results/logs/multiseed/mnist_all_20260516_024344/seed_13/splits/mnist_split_seed13_clients5_alpha0p3_ref200.json,0.2,12,fc1,3,0,0.97146075963974,0.9809553027153015,200
cka_feddst,mnist,0.5,13,results/logs/multiseed/mnist_all_20260516_024344/seed_13/splits/mnist_split_seed13_clients5_alpha0p3_ref200.json,0.2,12,fc1,3,1,0.9677010774612427,0.9809553027153015,200
cka_feddst,mnist,0.5,13,results/logs/multiseed/mnist_all_20260516_024344/seed_13/splits/mnist_split_seed13_clients5_alpha0p3_ref200.json,0.2,12,fc1,3,2,0.9752815961837769,0.9809553027153015,200
cka_feddst,mnist,0.5,13,results/logs/multiseed/mnist_all_20260516_024344/seed_13/splits/mnist_split_seed13_clients5_alpha0p3_ref200.json,0.2,12,fc1,3,3,1.0,0.9809553027153015,200
cka_feddst,mnist,0.5,13,results/logs/multiseed/mnist_all_20260516_024344/seed_13/splits/mnist_split_seed13_clients5_alpha0p3_ref200.json,0.2,12,fc1,3,4,0.9817949533462524,0.9809553027153015,200
cka_feddst,mnist,0.5,13,results/logs/multiseed/mnist_all_20260516_024344/seed_13/splits/mnist_split_seed13_clients5_alpha0p3_ref200.json,0.2,12,fc1,4,0,0.9915248155593872,0.9809553027153015,200
cka_feddst,mnist,0.5,13,results/logs/multiseed/mnist_all_20260516_024344/seed_13/splits/mnist_split_seed13_clients5_alpha0p3_ref200.json,0.2,12,fc1,4,1,0.9745898842811584,0.9809553027153015,200
cka_feddst,mnist,0.5,13,results/logs/multiseed/mnist_all_20260516_024344/seed_13/splits/mnist_split_seed13_clients5_alpha0p3_ref200.json,0.2,12,fc1,4,2,0.9938247799873352,0.9809553027153015,200
cka_feddst,mnist,0.5,13,results/logs/multiseed/mnist_all_20260516_024344/seed_13/splits/mnist_split_seed13_clients5_alpha0p3_ref200.json,0.2,12,fc1,4,3,0.9817949533462524,0.9809553027153015,200
cka_feddst,mnist,0.5,13,results/logs/multiseed/mnist_all_20260516_024344/seed_13/splits/mnist_split_seed13_clients5_alpha0p3_ref200.json,0.2,12,fc1,4,4,1.0,0.9809553027153015,200
cka_feddst,mnist,0.5,13,results/logs/multiseed/mnist_all_20260516_024344/seed_13/splits/mnist_split_seed13_clients5_alpha0p3_ref200.json,0.2,14,conv1,0,0,1.0,0.9999997019767761,200
cka_feddst,mnist,0.5,13,results/logs/multiseed/mnist_all_20260516_024344/seed_13/splits/mnist_split_seed13_clients5_alpha0p3_ref200.json,0.2,14,conv1,0,1,0.9999991059303284,0.9999997019767761,200
cka_feddst,mnist,0.5,13,results/logs/multiseed/mnist_all_20260516_024344/seed_13/splits/mnist_split_seed13_clients5_alpha0p3_ref200.json,0.2,14,conv1,0,2,1.0,0.9999997019767761,200
cka_feddst,mnist,0.5,13,results/logs/multiseed/mnist_all_20260516_024344/seed_13/splits/mnist_split_seed13_clients5_alpha0p3_ref200.json,0.2,14,conv1,0,3,1.0,0.9999997019767761,200
cka_feddst,mnist,0.5,13,results/logs/multiseed/mnist_all_20260516_024344/seed_13/splits/mnist_split_seed13_clients5_alpha0p3_ref200.json,0.2,14,conv1,0,4,1.0,0.9999997019767761,200
cka_feddst,mnist,0.5,13,results/logs/multiseed/mnist_all_20260516_024344/seed_13/splits/mnist_split_seed13_clients5_alpha0p3_ref200.json,0.2,14,conv1,1,0,0.9999991059303284,0.9999997019767761,200
cka_feddst,mnist,0.5,13,results/logs/multiseed/mnist_all_20260516_024344/seed_13/splits/mnist_split_seed13_clients5_alpha0p3_ref200.json,0.2,14,conv1,1,1,1.0,0.9999997019767761,200
cka_feddst,mnist,0.5,13,results/logs/multiseed/mnist_all_20260516_024344/seed_13/splits/mnist_split_seed13_clients5_alpha0p3_ref200.json,0.2,14,conv1,1,2,0.9999995231628418,0.9999997019767761,200
cka_feddst,mnist,0.5,13,results/logs/multiseed/mnist_all_20260516_024344/seed_13/splits/mnist_split_seed13_clients5_alpha0p3_ref200.json,0.2,14,conv1,1,3,1.0,0.9999997019767761,200
cka_feddst,mnist,0.5,13,results/logs/multiseed/mnist_all_20260516_024344/seed_13/splits/mnist_split_seed13_clients5_alpha0p3_ref200.json,0.2,14,conv1,1,4,0.999998927116394,0.9999997019767761,200
cka_feddst,mnist,0.5,13,results/logs/multiseed/mnist_all_20260516_024344/seed_13/splits/mnist_split_seed13_clients5_alpha0p3_ref200.json,0.2,14,conv1,2,0,1.0,0.9999997019767761,200
cka_feddst,mnist,0.5,13,results/logs/multiseed/mnist_all_20260516_024344/seed_13/splits/mnist_split_seed13_clients5_alpha0p3_ref200.json,0.2,14,conv1,2,1,0.9999995231628418,0.9999997019767761,200
cka_feddst,mnist,0.5,13,results/logs/multiseed/mnist_all_20260516_024344/seed_13/splits/mnist_split_seed13_clients5_alpha0p3_ref200.json,0.2,14,conv1,2,2,1.0,0.9999997019767761,200
cka_feddst,mnist,0.5,13,results/logs/multiseed/mnist_all_20260516_024344/seed_13/splits/mnist_split_seed13_clients5_alpha0p3_ref200.json,0.2,14,conv1,2,3,1.0,0.9999997019767761,200
cka_feddst,mnist,0.5,13,results/logs/multiseed/mnist_all_20260516_024344/seed_13/splits/mnist_split_seed13_clients5_alpha0p3_ref200.json,0.2,14,conv1,2,4,1.0,0.9999997019767761,200
cka_feddst,mnist,0.5,13,results/logs/multiseed/mnist_all_20260516_024344/seed_13/splits/mnist_split_seed13_clients5_alpha0p3_ref200.json,0.2,14,conv1,3,0,1.0,0.9999997019767761,200
cka_feddst,mnist,0.5,13,results/logs/multiseed/mnist_all_20260516_024344/seed_13/splits/mnist_split_seed13_clients5_alpha0p3_ref200.json,0.2,14,conv1,3,1,1.0,0.9999997019767761,200
cka_feddst,mnist,0.5,13,results/logs/multiseed/mnist_all_20260516_024344/seed_13/splits/mnist_split_seed13_clients5_alpha0p3_ref200.json,0.2,14,conv1,3,2,1.0,0.9999997019767761,200
cka_feddst,mnist,0.5,13,results/logs/multiseed/mnist_all_20260516_024344/seed_13/splits/mnist_split_seed13_clients5_alpha0p3_ref200.json,0.2,14,conv1,3,3,1.0,0.9999997019767761,200
cka_feddst,mnist,0.5,13,results/logs/multiseed/mnist_all_20260516_024344/seed_13/splits/mnist_split_seed13_clients5_alpha0p3_ref200.json,0.2,14,conv1,3,4,1.0,0.9999997019767761,200
cka_feddst,mnist,0.5,13,results/logs/multiseed/mnist_all_20260516_024344/seed_13/splits/mnist_split_seed13_clients5_alpha0p3_ref200.json,0.2,14,conv1,4,0,1.0,0.9999997019767761,200
cka_feddst,mnist,0.5,13,results/logs/multiseed/mnist_all_20260516_024344/seed_13/splits/mnist_split_seed13_clients5_alpha0p3_ref200.json,0.2,14,conv1,4,1,0.999998927116394,0.9999997019767761,200
cka_feddst,mnist,0.5,13,results/logs/multiseed/mnist_all_20260516_024344/seed_13/splits/mnist_split_seed13_clients5_alpha0p3_ref200.json,0.2,14,conv1,4,2,1.0,0.9999997019767761,200
cka_feddst,mnist,0.5,13,results/logs/multiseed/mnist_all_20260516_024344/seed_13/splits/mnist_split_seed13_clients5_alpha0p3_ref200.json,0.2,14,conv1,4,3,1.0,0.9999997019767761,200
cka_feddst,mnist,0.5,13,results/logs/multiseed/mnist_all_20260516_024344/seed_13/splits/mnist_split_seed13_clients5_alpha0p3_ref200.json,0.2,14,conv1,4,4,1.0,0.9999997019767761,200
cka_feddst,mnist,0.5,13,results/logs/multiseed/mnist_all_20260516_024344/seed_13/splits/mnist_split_seed13_clients5_alpha0p3_ref200.json,0.2,14,conv2,0,0,1.0,0.9999859929084778,200
cka_feddst,mnist,0.5,13,results/logs/multiseed/mnist_all_20260516_024344/seed_13/splits/mnist_split_seed13_clients5_alpha0p3_ref200.json,0.2,14,conv2,0,1,0.9999640583992004,0.9999859929084778,200
cka_feddst,mnist,0.5,13,results/logs/multiseed/mnist_all_20260516_024344/seed_13/splits/mnist_split_seed13_clients5_alpha0p3_ref200.json,0.2,14,conv2,0,2,0.9999969005584717,0.9999859929084778,200
cka_feddst,mnist,0.5,13,results/logs/multiseed/mnist_all_20260516_024344/seed_13/splits/mnist_split_seed13_clients5_alpha0p3_ref200.json,0.2,14,conv2,0,3,0.9999968409538269,0.9999859929084778,200
cka_feddst,mnist,0.5,13,results/logs/multiseed/mnist_all_20260516_024344/seed_13/splits/mnist_split_seed13_clients5_alpha0p3_ref200.json,0.2,14,conv2,0,4,0.9999990463256836,0.9999859929084778,200
cka_feddst,mnist,0.5,13,results/logs/multiseed/mnist_all_20260516_024344/seed_13/splits/mnist_split_seed13_clients5_alpha0p3_ref200.json,0.2,14,conv2,1,0,0.9999640583992004,0.9999859929084778,200
cka_feddst,mnist,0.5,13,results/logs/multiseed/mnist_all_20260516_024344/seed_13/splits/mnist_split_seed13_clients5_alpha0p3_ref200.json,0.2,14,conv2,1,1,1.0,0.9999859929084778,200
cka_feddst,mnist,0.5,13,results/logs/multiseed/mnist_all_20260516_024344/seed_13/splits/mnist_split_seed13_clients5_alpha0p3_ref200.json,0.2,14,conv2,1,2,0.9999767541885376,0.9999859929084778,200
cka_feddst,mnist,0.5,13,results/logs/multiseed/mnist_all_20260516_024344/seed_13/splits/mnist_split_seed13_clients5_alpha0p3_ref200.json,0.2,14,conv2,1,3,0.9999815225601196,0.9999859929084778,200
cka_feddst,mnist,0.5,13,results/logs/multiseed/mnist_all_20260516_024344/seed_13/splits/mnist_split_seed13_clients5_alpha0p3_ref200.json,0.2,14,conv2,1,4,0.9999563694000244,0.9999859929084778,200
cka_feddst,mnist,0.5,13,results/logs/multiseed/mnist_all_20260516_024344/seed_13/splits/mnist_split_seed13_clients5_alpha0p3_ref200.json,0.2,14,conv2,2,0,0.9999969005584717,0.9999859929084778,200
cka_feddst,mnist,0.5,13,results/logs/multiseed/mnist_all_20260516_024344/seed_13/splits/mnist_split_seed13_clients5_alpha0p3_ref200.json,0.2,14,conv2,2,1,0.9999767541885376,0.9999859929084778,200
cka_feddst,mnist,0.5,13,results/logs/multiseed/mnist_all_20260516_024344/seed_13/splits/mnist_split_seed13_clients5_alpha0p3_ref200.json,0.2,14,conv2,2,2,1.0,0.9999859929084778,200
cka_feddst,mnist,0.5,13,results/logs/multiseed/mnist_all_20260516_024344/seed_13/splits/mnist_split_seed13_clients5_alpha0p3_ref200.json,0.2,14,conv2,2,3,0.9999992847442627,0.9999859929084778,200
cka_feddst,mnist,0.5,13,results/logs/multiseed/mnist_all_20260516_024344/seed_13/splits/mnist_split_seed13_clients5_alpha0p3_ref200.json,0.2,14,conv2,2,4,0.9999958872795105,0.9999859929084778,200
cka_feddst,mnist,0.5,13,results/logs/multiseed/mnist_all_20260516_024344/seed_13/splits/mnist_split_seed13_clients5_alpha0p3_ref200.json,0.2,14,conv2,3,0,0.9999968409538269,0.9999859929084778,200
cka_feddst,mnist,0.5,13,results/logs/multiseed/mnist_all_20260516_024344/seed_13/splits/mnist_split_seed13_clients5_alpha0p3_ref200.json,0.2,14,conv2,3,1,0.9999815225601196,0.9999859929084778,200
cka_feddst,mnist,0.5,13,results/logs/multiseed/mnist_all_20260516_024344/seed_13/splits/mnist_split_seed13_clients5_alpha0p3_ref200.json,0.2,14,conv2,3,2,0.9999992847442627,0.9999859929084778,200
cka_feddst,mnist,0.5,13,results/logs/multiseed/mnist_all_20260516_024344/seed_13/splits/mnist_split_seed13_clients5_alpha0p3_ref200.json,0.2,14,conv2,3,3,1.0,0.9999859929084778,200
cka_feddst,mnist,0.5,13,results/logs/multiseed/mnist_all_20260516_024344/seed_13/splits/mnist_split_seed13_clients5_alpha0p3_ref200.json,0.2,14,conv2,3,4,0.9999939799308777,0.9999859929084778,200
cka_feddst,mnist,0.5,13,results/logs/multiseed/mnist_all_20260516_024344/seed_13/splits/mnist_split_seed13_clients5_alpha0p3_ref200.json,0.2,14,conv2,4,0,0.9999990463256836,0.9999859929084778,200
cka_feddst,mnist,0.5,13,results/logs/multiseed/mnist_all_20260516_024344/seed_13/splits/mnist_split_seed13_clients5_alpha0p3_ref200.json,0.2,14,conv2,4,1,0.9999563694000244,0.9999859929084778,200
cka_feddst,mnist,0.5,13,results/logs/multiseed/mnist_all_20260516_024344/seed_13/splits/mnist_split_seed13_clients5_alpha0p3_ref200.json,0.2,14,conv2,4,2,0.9999958872795105,0.9999859929084778,200
cka_feddst,mnist,0.5,13,results/logs/multiseed/mnist_all_20260516_024344/seed_13/splits/mnist_split_seed13_clients5_alpha0p3_ref200.json,0.2,14,conv2,4,3,0.9999939799308777,0.9999859929084778,200
cka_feddst,mnist,0.5,13,results/logs/multiseed/mnist_all_20260516_024344/seed_13/splits/mnist_split_seed13_clients5_alpha0p3_ref200.json,0.2,14,conv2,4,4,1.0,0.9999859929084778,200
cka_feddst,mnist,0.5,13,results/logs/multiseed/mnist_all_20260516_024344/seed_13/splits/mnist_split_seed13_clients5_alpha0p3_ref200.json,0.2,14,fc1,0,0,1.0,0.9864323735237122,200
cka_feddst,mnist,0.5,13,results/logs/multiseed/mnist_all_20260516_024344/seed_13/splits/mnist_split_seed13_clients5_alpha0p3_ref200.json,0.2,14,fc1,0,1,0.9835271239280701,0.9864323735237122,200
cka_feddst,mnist,0.5,13,results/logs/multiseed/mnist_all_20260516_024344/seed_13/splits/mnist_split_seed13_clients5_alpha0p3_ref200.json,0.2,14,fc1,0,2,0.9923975467681885,0.9864323735237122,200
cka_feddst,mnist,0.5,13,results/logs/multiseed/mnist_all_20260516_024344/seed_13/splits/mnist_split_seed13_clients5_alpha0p3_ref200.json,0.2,14,fc1,0,3,0.975630521774292,0.9864323735237122,200
cka_feddst,mnist,0.5,13,results/logs/multiseed/mnist_all_20260516_024344/seed_13/splits/mnist_split_seed13_clients5_alpha0p3_ref200.json,0.2,14,fc1,0,4,0.9898454546928406,0.9864323735237122,200
cka_feddst,mnist,0.5,13,results/logs/multiseed/mnist_all_20260516_024344/seed_13/splits/mnist_split_seed13_clients5_alpha0p3_ref200.json,0.2,14,fc1,1,0,0.9835271239280701,0.9864323735237122,200
cka_feddst,mnist,0.5,13,results/logs/multiseed/mnist_all_20260516_024344/seed_13/splits/mnist_split_seed13_clients5_alpha0p3_ref200.json,0.2,14,fc1,1,1,1.0,0.9864323735237122,200
cka_feddst,mnist,0.5,13,results/logs/multiseed/mnist_all_20260516_024344/seed_13/splits/mnist_split_seed13_clients5_alpha0p3_ref200.json,0.2,14,fc1,1,2,0.9876595735549927,0.9864323735237122,200
cka_feddst,mnist,0.5,13,results/logs/multiseed/mnist_all_20260516_024344/seed_13/splits/mnist_split_seed13_clients5_alpha0p3_ref200.json,0.2,14,fc1,1,3,0.9858598113059998,0.9864323735237122,200
cka_feddst,mnist,0.5,13,results/logs/multiseed/mnist_all_20260516_024344/seed_13/splits/mnist_split_seed13_clients5_alpha0p3_ref200.json,0.2,14,fc1,1,4,0.9832454323768616,0.9864323735237122,200
cka_feddst,mnist,0.5,13,results/logs/multiseed/mnist_all_20260516_024344/seed_13/splits/mnist_split_seed13_clients5_alpha0p3_ref200.json,0.2,14,fc1,2,0,0.9923975467681885,0.9864323735237122,200
cka_feddst,mnist,0.5,13,results/logs/multiseed/mnist_all_20260516_024344/seed_13/splits/mnist_split_seed13_clients5_alpha0p3_ref200.json,0.2,14,fc1,2,1,0.9876595735549927,0.9864323735237122,200
cka_feddst,mnist,0.5,13,results/logs/multiseed/mnist_all_20260516_024344/seed_13/splits/mnist_split_seed13_clients5_alpha0p3_ref200.json,0.2,14,fc1,2,2,1.0,0.9864323735237122,200
cka_feddst,mnist,0.5,13,results/logs/multiseed/mnist_all_20260516_024344/seed_13/splits/mnist_split_seed13_clients5_alpha0p3_ref200.json,0.2,14,fc1,2,3,0.984218955039978,0.9864323735237122,200
cka_feddst,mnist,0.5,13,results/logs/multiseed/mnist_all_20260516_024344/seed_13/splits/mnist_split_seed13_clients5_alpha0p3_ref200.json,0.2,14,fc1,2,4,0.9938344359397888,0.9864323735237122,200
cka_feddst,mnist,0.5,13,results/logs/multiseed/mnist_all_20260516_024344/seed_13/splits/mnist_split_seed13_clients5_alpha0p3_ref200.json,0.2,14,fc1,3,0,0.975630521774292,0.9864323735237122,200
cka_feddst,mnist,0.5,13,results/logs/multiseed/mnist_all_20260516_024344/seed_13/splits/mnist_split_seed13_clients5_alpha0p3_ref200.json,0.2,14,fc1,3,1,0.9858598113059998,0.9864323735237122,200
cka_feddst,mnist,0.5,13,results/logs/multiseed/mnist_all_20260516_024344/seed_13/splits/mnist_split_seed13_clients5_alpha0p3_ref200.json,0.2,14,fc1,3,2,0.984218955039978,0.9864323735237122,200
cka_feddst,mnist,0.5,13,results/logs/multiseed/mnist_all_20260516_024344/seed_13/splits/mnist_split_seed13_clients5_alpha0p3_ref200.json,0.2,14,fc1,3,3,1.0,0.9864323735237122,200
cka_feddst,mnist,0.5,13,results/logs/multiseed/mnist_all_20260516_024344/seed_13/splits/mnist_split_seed13_clients5_alpha0p3_ref200.json,0.2,14,fc1,3,4,0.9881047010421753,0.9864323735237122,200
cka_feddst,mnist,0.5,13,results/logs/multiseed/mnist_all_20260516_024344/seed_13/splits/mnist_split_seed13_clients5_alpha0p3_ref200.json,0.2,14,fc1,4,0,0.9898454546928406,0.9864323735237122,200
cka_feddst,mnist,0.5,13,results/logs/multiseed/mnist_all_20260516_024344/seed_13/splits/mnist_split_seed13_clients5_alpha0p3_ref200.json,0.2,14,fc1,4,1,0.9832454323768616,0.9864323735237122,200
cka_feddst,mnist,0.5,13,results/logs/multiseed/mnist_all_20260516_024344/seed_13/splits/mnist_split_seed13_clients5_alpha0p3_ref200.json,0.2,14,fc1,4,2,0.9938344359397888,0.9864323735237122,200
cka_feddst,mnist,0.5,13,results/logs/multiseed/mnist_all_20260516_024344/seed_13/splits/mnist_split_seed13_clients5_alpha0p3_ref200.json,0.2,14,fc1,4,3,0.9881047010421753,0.9864323735237122,200
cka_feddst,mnist,0.5,13,results/logs/multiseed/mnist_all_20260516_024344/seed_13/splits/mnist_split_seed13_clients5_alpha0p3_ref200.json,0.2,14,fc1,4,4,1.0,0.9864323735237122,200
cka_feddst,mnist,0.5,13,results/logs/multiseed/mnist_all_20260516_024344/seed_13/splits/mnist_split_seed13_clients5_alpha0p3_ref200.json,0.2,16,conv1,0,0,1.0,1.0,200
cka_feddst,mnist,0.5,13,results/logs/multiseed/mnist_all_20260516_024344/seed_13/splits/mnist_split_seed13_clients5_alpha0p3_ref200.json,0.2,16,conv1,0,1,0.9999998807907104,1.0,200
cka_feddst,mnist,0.5,13,results/logs/multiseed/mnist_all_20260516_024344/seed_13/splits/mnist_split_seed13_clients5_alpha0p3_ref200.json,0.2,16,conv1,0,2,1.0,1.0,200
cka_feddst,mnist,0.5,13,results/logs/multiseed/mnist_all_20260516_024344/seed_13/splits/mnist_split_seed13_clients5_alpha0p3_ref200.json,0.2,16,conv1,0,3,1.0,1.0,200
cka_feddst,mnist,0.5,13,results/logs/multiseed/mnist_all_20260516_024344/seed_13/splits/mnist_split_seed13_clients5_alpha0p3_ref200.json,0.2,16,conv1,0,4,1.0,1.0,200
cka_feddst,mnist,0.5,13,results/logs/multiseed/mnist_all_20260516_024344/seed_13/splits/mnist_split_seed13_clients5_alpha0p3_ref200.json,0.2,16,conv1,1,0,0.9999998807907104,1.0,200
cka_feddst,mnist,0.5,13,results/logs/multiseed/mnist_all_20260516_024344/seed_13/splits/mnist_split_seed13_clients5_alpha0p3_ref200.json,0.2,16,conv1,1,1,1.0,1.0,200
cka_feddst,mnist,0.5,13,results/logs/multiseed/mnist_all_20260516_024344/seed_13/splits/mnist_split_seed13_clients5_alpha0p3_ref200.json,0.2,16,conv1,1,2,0.9999998211860657,1.0,200
cka_feddst,mnist,0.5,13,results/logs/multiseed/mnist_all_20260516_024344/seed_13/splits/mnist_split_seed13_clients5_alpha0p3_ref200.json,0.2,16,conv1,1,3,1.0,1.0,200
cka_feddst,mnist,0.5,13,results/logs/multiseed/mnist_all_20260516_024344/seed_13/splits/mnist_split_seed13_clients5_alpha0p3_ref200.json,0.2,16,conv1,1,4,0.9999998807907104,1.0,200
cka_feddst,mnist,0.5,13,results/logs/multiseed/mnist_all_20260516_024344/seed_13/splits/mnist_split_seed13_clients5_alpha0p3_ref200.json,0.2,16,conv1,2,0,1.0,1.0,200
cka_feddst,mnist,0.5,13,results/logs/multiseed/mnist_all_20260516_024344/seed_13/splits/mnist_split_seed13_clients5_alpha0p3_ref200.json,0.2,16,conv1,2,1,0.9999998211860657,1.0,200
cka_feddst,mnist,0.5,13,results/logs/multiseed/mnist_all_20260516_024344/seed_13/splits/mnist_split_seed13_clients5_alpha0p3_ref200.json,0.2,16,conv1,2,2,1.0,1.0,200
cka_feddst,mnist,0.5,13,results/logs/multiseed/mnist_all_20260516_024344/seed_13/splits/mnist_split_seed13_clients5_alpha0p3_ref200.json,0.2,16,conv1,2,3,1.0,1.0,200
cka_feddst,mnist,0.5,13,results/logs/multiseed/mnist_all_20260516_024344/seed_13/splits/mnist_split_seed13_clients5_alpha0p3_ref200.json,0.2,16,conv1,2,4,1.0,1.0,200
cka_feddst,mnist,0.5,13,results/logs/multiseed/mnist_all_20260516_024344/seed_13/splits/mnist_split_seed13_clients5_alpha0p3_ref200.json,0.2,16,conv1,3,0,1.0,1.0,200
cka_feddst,mnist,0.5,13,results/logs/multiseed/mnist_all_20260516_024344/seed_13/splits/mnist_split_seed13_clients5_alpha0p3_ref200.json,0.2,16,conv1,3,1,1.0,1.0,200
cka_feddst,mnist,0.5,13,results/logs/multiseed/mnist_all_20260516_024344/seed_13/splits/mnist_split_seed13_clients5_alpha0p3_ref200.json,0.2,16,conv1,3,2,1.0,1.0,200
cka_feddst,mnist,0.5,13,results/logs/multiseed/mnist_all_20260516_024344/seed_13/splits/mnist_split_seed13_clients5_alpha0p3_ref200.json,0.2,16,conv1,3,3,1.0,1.0,200
cka_feddst,mnist,0.5,13,results/logs/multiseed/mnist_all_20260516_024344/seed_13/splits/mnist_split_seed13_clients5_alpha0p3_ref200.json,0.2,16,conv1,3,4,1.0,1.0,200
cka_feddst,mnist,0.5,13,results/logs/multiseed/mnist_all_20260516_024344/seed_13/splits/mnist_split_seed13_clients5_alpha0p3_ref200.json,0.2,16,conv1,4,0,1.0,1.0,200
cka_feddst,mnist,0.5,13,results/logs/multiseed/mnist_all_20260516_024344/seed_13/splits/mnist_split_seed13_clients5_alpha0p3_ref200.json,0.2,16,conv1,4,1,0.9999998807907104,1.0,200
cka_feddst,mnist,0.5,13,results/logs/multiseed/mnist_all_20260516_024344/seed_13/splits/mnist_split_seed13_clients5_alpha0p3_ref200.json,0.2,16,conv1,4,2,1.0,1.0,200
cka_feddst,mnist,0.5,13,results/logs/multiseed/mnist_all_20260516_024344/seed_13/splits/mnist_split_seed13_clients5_alpha0p3_ref200.json,0.2,16,conv1,4,3,1.0,1.0,200
cka_feddst,mnist,0.5,13,results/logs/multiseed/mnist_all_20260516_024344/seed_13/splits/mnist_split_seed13_clients5_alpha0p3_ref200.json,0.2,16,conv1,4,4,1.0,1.0,200
cka_feddst,mnist,0.5,13,results/logs/multiseed/mnist_all_20260516_024344/seed_13/splits/mnist_split_seed13_clients5_alpha0p3_ref200.json,0.2,16,conv2,0,0,1.0,0.9999836087226868,200
cka_feddst,mnist,0.5,13,results/logs/multiseed/mnist_all_20260516_024344/seed_13/splits/mnist_split_seed13_clients5_alpha0p3_ref200.json,0.2,16,conv2,0,1,0.9999601244926453,0.9999836087226868,200
cka_feddst,mnist,0.5,13,results/logs/multiseed/mnist_all_20260516_024344/seed_13/splits/mnist_split_seed13_clients5_alpha0p3_ref200.json,0.2,16,conv2,0,2,0.9999973177909851,0.9999836087226868,200
cka_feddst,mnist,0.5,13,results/logs/multiseed/mnist_all_20260516_024344/seed_13/splits/mnist_split_seed13_clients5_alpha0p3_ref200.json,0.2,16,conv2,0,3,0.9999945759773254,0.9999836087226868,200
cka_feddst,mnist,0.5,13,results/logs/multiseed/mnist_all_20260516_024344/seed_13/splits/mnist_split_seed13_clients5_alpha0p3_ref200.json,0.2,16,conv2,0,4,0.9999983310699463,0.9999836087226868,200
cka_feddst,mnist,0.5,13,results/logs/multiseed/mnist_all_20260516_024344/seed_13/splits/mnist_split_seed13_clients5_alpha0p3_ref200.json,0.2,16,conv2,1,0,0.9999601244926453,0.9999836087226868,200
cka_feddst,mnist,0.5,13,results/logs/multiseed/mnist_all_20260516_024344/seed_13/splits/mnist_split_seed13_clients5_alpha0p3_ref200.json,0.2,16,conv2,1,1,1.0,0.9999836087226868,200
cka_feddst,mnist,0.5,13,results/logs/multiseed/mnist_all_20260516_024344/seed_13/splits/mnist_split_seed13_clients5_alpha0p3_ref200.json,0.2,16,conv2,1,2,0.9999716877937317,0.9999836087226868,200
cka_feddst,mnist,0.5,13,results/logs/multiseed/mnist_all_20260516_024344/seed_13/splits/mnist_split_seed13_clients5_alpha0p3_ref200.json,0.2,16,conv2,1,3,0.9999781847000122,0.9999836087226868,200
cka_feddst,mnist,0.5,13,results/logs/multiseed/mnist_all_20260516_024344/seed_13/splits/mnist_split_seed13_clients5_alpha0p3_ref200.json,0.2,16,conv2,1,4,0.9999493360519409,0.9999836087226868,200
cka_feddst,mnist,0.5,13,results/logs/multiseed/mnist_all_20260516_024344/seed_13/splits/mnist_split_seed13_clients5_alpha0p3_ref200.json,0.2,16,conv2,2,0,0.9999973177909851,0.9999836087226868,200
cka_feddst,mnist,0.5,13,results/logs/multiseed/mnist_all_20260516_024344/seed_13/splits/mnist_split_seed13_clients5_alpha0p3_ref200.json,0.2,16,conv2,2,1,0.9999716877937317,0.9999836087226868,200
cka_feddst,mnist,0.5,13,results/logs/multiseed/mnist_all_20260516_024344/seed_13/splits/mnist_split_seed13_clients5_alpha0p3_ref200.json,0.2,16,conv2,2,2,1.0,0.9999836087226868,200
cka_feddst,mnist,0.5,13,results/logs/multiseed/mnist_all_20260516_024344/seed_13/splits/mnist_split_seed13_clients5_alpha0p3_ref200.json,0.2,16,conv2,2,3,0.9999990463256836,0.9999836087226868,200
cka_feddst,mnist,0.5,13,results/logs/multiseed/mnist_all_20260516_024344/seed_13/splits/mnist_split_seed13_clients5_alpha0p3_ref200.json,0.2,16,conv2,2,4,0.9999958276748657,0.9999836087226868,200
cka_feddst,mnist,0.5,13,results/logs/multiseed/mnist_all_20260516_024344/seed_13/splits/mnist_split_seed13_clients5_alpha0p3_ref200.json,0.2,16,conv2,3,0,0.9999945759773254,0.9999836087226868,200
cka_feddst,mnist,0.5,13,results/logs/multiseed/mnist_all_20260516_024344/seed_13/splits/mnist_split_seed13_clients5_alpha0p3_ref200.json,0.2,16,conv2,3,1,0.9999781847000122,0.9999836087226868,200
cka_feddst,mnist,0.5,13,results/logs/multiseed/mnist_all_20260516_024344/seed_13/splits/mnist_split_seed13_clients5_alpha0p3_ref200.json,0.2,16,conv2,3,2,0.9999990463256836,0.9999836087226868,200
cka_feddst,mnist,0.5,13,results/logs/multiseed/mnist_all_20260516_024344/seed_13/splits/mnist_split_seed13_clients5_alpha0p3_ref200.json,0.2,16,conv2,3,3,1.0,0.9999836087226868,200
cka_feddst,mnist,0.5,13,results/logs/multiseed/mnist_all_20260516_024344/seed_13/splits/mnist_split_seed13_clients5_alpha0p3_ref200.json,0.2,16,conv2,3,4,0.9999914765357971,0.9999836087226868,200
cka_feddst,mnist,0.5,13,results/logs/multiseed/mnist_all_20260516_024344/seed_13/splits/mnist_split_seed13_clients5_alpha0p3_ref200.json,0.2,16,conv2,4,0,0.9999983310699463,0.9999836087226868,200
cka_feddst,mnist,0.5,13,results/logs/multiseed/mnist_all_20260516_024344/seed_13/splits/mnist_split_seed13_clients5_alpha0p3_ref200.json,0.2,16,conv2,4,1,0.9999493360519409,0.9999836087226868,200
cka_feddst,mnist,0.5,13,results/logs/multiseed/mnist_all_20260516_024344/seed_13/splits/mnist_split_seed13_clients5_alpha0p3_ref200.json,0.2,16,conv2,4,2,0.9999958276748657,0.9999836087226868,200
cka_feddst,mnist,0.5,13,results/logs/multiseed/mnist_all_20260516_024344/seed_13/splits/mnist_split_seed13_clients5_alpha0p3_ref200.json,0.2,16,conv2,4,3,0.9999914765357971,0.9999836087226868,200
cka_feddst,mnist,0.5,13,results/logs/multiseed/mnist_all_20260516_024344/seed_13/splits/mnist_split_seed13_clients5_alpha0p3_ref200.json,0.2,16,conv2,4,4,1.0,0.9999836087226868,200
cka_feddst,mnist,0.5,13,results/logs/multiseed/mnist_all_20260516_024344/seed_13/splits/mnist_split_seed13_clients5_alpha0p3_ref200.json,0.2,16,fc1,0,0,1.0,0.982079029083252,200
cka_feddst,mnist,0.5,13,results/logs/multiseed/mnist_all_20260516_024344/seed_13/splits/mnist_split_seed13_clients5_alpha0p3_ref200.json,0.2,16,fc1,0,1,0.9796686768531799,0.982079029083252,200
cka_feddst,mnist,0.5,13,results/logs/multiseed/mnist_all_20260516_024344/seed_13/splits/mnist_split_seed13_clients5_alpha0p3_ref200.json,0.2,16,fc1,0,2,0.9870722889900208,0.982079029083252,200
cka_feddst,mnist,0.5,13,results/logs/multiseed/mnist_all_20260516_024344/seed_13/splits/mnist_split_seed13_clients5_alpha0p3_ref200.json,0.2,16,fc1,0,3,0.9658368229866028,0.982079029083252,200
cka_feddst,mnist,0.5,13,results/logs/multiseed/mnist_all_20260516_024344/seed_13/splits/mnist_split_seed13_clients5_alpha0p3_ref200.json,0.2,16,fc1,0,4,0.9861717820167542,0.982079029083252,200
cka_feddst,mnist,0.5,13,results/logs/multiseed/mnist_all_20260516_024344/seed_13/splits/mnist_split_seed13_clients5_alpha0p3_ref200.json,0.2,16,fc1,1,0,0.9796686768531799,0.982079029083252,200
cka_feddst,mnist,0.5,13,results/logs/multiseed/mnist_all_20260516_024344/seed_13/splits/mnist_split_seed13_clients5_alpha0p3_ref200.json,0.2,16,fc1,1,1,1.0,0.982079029083252,200
cka_feddst,mnist,0.5,13,results/logs/multiseed/mnist_all_20260516_024344/seed_13/splits/mnist_split_seed13_clients5_alpha0p3_ref200.json,0.2,16,fc1,1,2,0.9827216267585754,0.982079029083252,200
cka_feddst,mnist,0.5,13,results/logs/multiseed/mnist_all_20260516_024344/seed_13/splits/mnist_split_seed13_clients5_alpha0p3_ref200.json,0.2,16,fc1,1,3,0.9795058965682983,0.982079029083252,200
cka_feddst,mnist,0.5,13,results/logs/multiseed/mnist_all_20260516_024344/seed_13/splits/mnist_split_seed13_clients5_alpha0p3_ref200.json,0.2,16,fc1,1,4,0.9791046977043152,0.982079029083252,200
cka_feddst,mnist,0.5,13,results/logs/multiseed/mnist_all_20260516_024344/seed_13/splits/mnist_split_seed13_clients5_alpha0p3_ref200.json,0.2,16,fc1,2,0,0.9870722889900208,0.982079029083252,200
cka_feddst,mnist,0.5,13,results/logs/multiseed/mnist_all_20260516_024344/seed_13/splits/mnist_split_seed13_clients5_alpha0p3_ref200.json,0.2,16,fc1,2,1,0.9827216267585754,0.982079029083252,200
cka_feddst,mnist,0.5,13,results/logs/multiseed/mnist_all_20260516_024344/seed_13/splits/mnist_split_seed13_clients5_alpha0p3_ref200.json,0.2,16,fc1,2,2,1.0,0.982079029083252,200
cka_feddst,mnist,0.5,13,results/logs/multiseed/mnist_all_20260516_024344/seed_13/splits/mnist_split_seed13_clients5_alpha0p3_ref200.json,0.2,16,fc1,2,3,0.9830726981163025,0.982079029083252,200
cka_feddst,mnist,0.5,13,results/logs/multiseed/mnist_all_20260516_024344/seed_13/splits/mnist_split_seed13_clients5_alpha0p3_ref200.json,0.2,16,fc1,2,4,0.9935470819473267,0.982079029083252,200
cka_feddst,mnist,0.5,13,results/logs/multiseed/mnist_all_20260516_024344/seed_13/splits/mnist_split_seed13_clients5_alpha0p3_ref200.json,0.2,16,fc1,3,0,0.9658368229866028,0.982079029083252,200
cka_feddst,mnist,0.5,13,results/logs/multiseed/mnist_all_20260516_024344/seed_13/splits/mnist_split_seed13_clients5_alpha0p3_ref200.json,0.2,16,fc1,3,1,0.9795058965682983,0.982079029083252,200
cka_feddst,mnist,0.5,13,results/logs/multiseed/mnist_all_20260516_024344/seed_13/splits/mnist_split_seed13_clients5_alpha0p3_ref200.json,0.2,16,fc1,3,2,0.9830726981163025,0.982079029083252,200
cka_feddst,mnist,0.5,13,results/logs/multiseed/mnist_all_20260516_024344/seed_13/splits/mnist_split_seed13_clients5_alpha0p3_ref200.json,0.2,16,fc1,3,3,1.0,0.982079029083252,200
cka_feddst,mnist,0.5,13,results/logs/multiseed/mnist_all_20260516_024344/seed_13/splits/mnist_split_seed13_clients5_alpha0p3_ref200.json,0.2,16,fc1,3,4,0.9840887784957886,0.982079029083252,200
cka_feddst,mnist,0.5,13,results/logs/multiseed/mnist_all_20260516_024344/seed_13/splits/mnist_split_seed13_clients5_alpha0p3_ref200.json,0.2,16,fc1,4,0,0.9861717820167542,0.982079029083252,200
cka_feddst,mnist,0.5,13,results/logs/multiseed/mnist_all_20260516_024344/seed_13/splits/mnist_split_seed13_clients5_alpha0p3_ref200.json,0.2,16,fc1,4,1,0.9791046977043152,0.982079029083252,200
cka_feddst,mnist,0.5,13,results/logs/multiseed/mnist_all_20260516_024344/seed_13/splits/mnist_split_seed13_clients5_alpha0p3_ref200.json,0.2,16,fc1,4,2,0.9935470819473267,0.982079029083252,200
cka_feddst,mnist,0.5,13,results/logs/multiseed/mnist_all_20260516_024344/seed_13/splits/mnist_split_seed13_clients5_alpha0p3_ref200.json,0.2,16,fc1,4,3,0.9840887784957886,0.982079029083252,200
cka_feddst,mnist,0.5,13,results/logs/multiseed/mnist_all_20260516_024344/seed_13/splits/mnist_split_seed13_clients5_alpha0p3_ref200.json,0.2,16,fc1,4,4,1.0,0.982079029083252,200
cka_feddst,mnist,0.5,13,results/logs/multiseed/mnist_all_20260516_024344/seed_13/splits/mnist_split_seed13_clients5_alpha0p3_ref200.json,0.2,18,conv1,0,0,1.0,0.9999998807907104,200
cka_feddst,mnist,0.5,13,results/logs/multiseed/mnist_all_20260516_024344/seed_13/splits/mnist_split_seed13_clients5_alpha0p3_ref200.json,0.2,18,conv1,0,1,0.9999994039535522,0.9999998807907104,200
cka_feddst,mnist,0.5,13,results/logs/multiseed/mnist_all_20260516_024344/seed_13/splits/mnist_split_seed13_clients5_alpha0p3_ref200.json,0.2,18,conv1,0,2,1.0,0.9999998807907104,200
cka_feddst,mnist,0.5,13,results/logs/multiseed/mnist_all_20260516_024344/seed_13/splits/mnist_split_seed13_clients5_alpha0p3_ref200.json,0.2,18,conv1,0,3,0.9999998211860657,0.9999998807907104,200
cka_feddst,mnist,0.5,13,results/logs/multiseed/mnist_all_20260516_024344/seed_13/splits/mnist_split_seed13_clients5_alpha0p3_ref200.json,0.2,18,conv1,0,4,1.0,0.9999998807907104,200
cka_feddst,mnist,0.5,13,results/logs/multiseed/mnist_all_20260516_024344/seed_13/splits/mnist_split_seed13_clients5_alpha0p3_ref200.json,0.2,18,conv1,1,0,0.9999994039535522,0.9999998807907104,200
cka_feddst,mnist,0.5,13,results/logs/multiseed/mnist_all_20260516_024344/seed_13/splits/mnist_split_seed13_clients5_alpha0p3_ref200.json,0.2,18,conv1,1,1,1.0,0.9999998807907104,200
cka_feddst,mnist,0.5,13,results/logs/multiseed/mnist_all_20260516_024344/seed_13/splits/mnist_split_seed13_clients5_alpha0p3_ref200.json,0.2,18,conv1,1,2,1.0,0.9999998807907104,200
cka_feddst,mnist,0.5,13,results/logs/multiseed/mnist_all_20260516_024344/seed_13/splits/mnist_split_seed13_clients5_alpha0p3_ref200.json,0.2,18,conv1,1,3,1.0,0.9999998807907104,200
cka_feddst,mnist,0.5,13,results/logs/multiseed/mnist_all_20260516_024344/seed_13/splits/mnist_split_seed13_clients5_alpha0p3_ref200.json,0.2,18,conv1,1,4,0.9999996423721313,0.9999998807907104,200
cka_feddst,mnist,0.5,13,results/logs/multiseed/mnist_all_20260516_024344/seed_13/splits/mnist_split_seed13_clients5_alpha0p3_ref200.json,0.2,18,conv1,2,0,1.0,0.9999998807907104,200
cka_feddst,mnist,0.5,13,results/logs/multiseed/mnist_all_20260516_024344/seed_13/splits/mnist_split_seed13_clients5_alpha0p3_ref200.json,0.2,18,conv1,2,1,1.0,0.9999998807907104,200
cka_feddst,mnist,0.5,13,results/logs/multiseed/mnist_all_20260516_024344/seed_13/splits/mnist_split_seed13_clients5_alpha0p3_ref200.json,0.2,18,conv1,2,2,1.0,0.9999998807907104,200
cka_feddst,mnist,0.5,13,results/logs/multiseed/mnist_all_20260516_024344/seed_13/splits/mnist_split_seed13_clients5_alpha0p3_ref200.json,0.2,18,conv1,2,3,1.0,0.9999998807907104,200
cka_feddst,mnist,0.5,13,results/logs/multiseed/mnist_all_20260516_024344/seed_13/splits/mnist_split_seed13_clients5_alpha0p3_ref200.json,0.2,18,conv1,2,4,1.0,0.9999998807907104,200
cka_feddst,mnist,0.5,13,results/logs/multiseed/mnist_all_20260516_024344/seed_13/splits/mnist_split_seed13_clients5_alpha0p3_ref200.json,0.2,18,conv1,3,0,0.9999998211860657,0.9999998807907104,200
cka_feddst,mnist,0.5,13,results/logs/multiseed/mnist_all_20260516_024344/seed_13/splits/mnist_split_seed13_clients5_alpha0p3_ref200.json,0.2,18,conv1,3,1,1.0,0.9999998807907104,200
cka_feddst,mnist,0.5,13,results/logs/multiseed/mnist_all_20260516_024344/seed_13/splits/mnist_split_seed13_clients5_alpha0p3_ref200.json,0.2,18,conv1,3,2,1.0,0.9999998807907104,200
cka_feddst,mnist,0.5,13,results/logs/multiseed/mnist_all_20260516_024344/seed_13/splits/mnist_split_seed13_clients5_alpha0p3_ref200.json,0.2,18,conv1,3,3,1.0,0.9999998807907104,200
cka_feddst,mnist,0.5,13,results/logs/multiseed/mnist_all_20260516_024344/seed_13/splits/mnist_split_seed13_clients5_alpha0p3_ref200.json,0.2,18,conv1,3,4,1.0,0.9999998807907104,200
cka_feddst,mnist,0.5,13,results/logs/multiseed/mnist_all_20260516_024344/seed_13/splits/mnist_split_seed13_clients5_alpha0p3_ref200.json,0.2,18,conv1,4,0,1.0,0.9999998807907104,200
cka_feddst,mnist,0.5,13,results/logs/multiseed/mnist_all_20260516_024344/seed_13/splits/mnist_split_seed13_clients5_alpha0p3_ref200.json,0.2,18,conv1,4,1,0.9999996423721313,0.9999998807907104,200
cka_feddst,mnist,0.5,13,results/logs/multiseed/mnist_all_20260516_024344/seed_13/splits/mnist_split_seed13_clients5_alpha0p3_ref200.json,0.2,18,conv1,4,2,1.0,0.9999998807907104,200
cka_feddst,mnist,0.5,13,results/logs/multiseed/mnist_all_20260516_024344/seed_13/splits/mnist_split_seed13_clients5_alpha0p3_ref200.json,0.2,18,conv1,4,3,1.0,0.9999998807907104,200
cka_feddst,mnist,0.5,13,results/logs/multiseed/mnist_all_20260516_024344/seed_13/splits/mnist_split_seed13_clients5_alpha0p3_ref200.json,0.2,18,conv1,4,4,1.0,0.9999998807907104,200
cka_feddst,mnist,0.5,13,results/logs/multiseed/mnist_all_20260516_024344/seed_13/splits/mnist_split_seed13_clients5_alpha0p3_ref200.json,0.2,18,conv2,0,0,1.0,0.9999915361404419,200
cka_feddst,mnist,0.5,13,results/logs/multiseed/mnist_all_20260516_024344/seed_13/splits/mnist_split_seed13_clients5_alpha0p3_ref200.json,0.2,18,conv2,0,1,0.9999785423278809,0.9999915361404419,200
cka_feddst,mnist,0.5,13,results/logs/multiseed/mnist_all_20260516_024344/seed_13/splits/mnist_split_seed13_clients5_alpha0p3_ref200.json,0.2,18,conv2,0,2,0.9999982118606567,0.9999915361404419,200
cka_feddst,mnist,0.5,13,results/logs/multiseed/mnist_all_20260516_024344/seed_13/splits/mnist_split_seed13_clients5_alpha0p3_ref200.json,0.2,18,conv2,0,3,0.9999979138374329,0.9999915361404419,200
cka_feddst,mnist,0.5,13,results/logs/multiseed/mnist_all_20260516_024344/seed_13/splits/mnist_split_seed13_clients5_alpha0p3_ref200.json,0.2,18,conv2,0,4,0.9999991655349731,0.9999915361404419,200
cka_feddst,mnist,0.5,13,results/logs/multiseed/mnist_all_20260516_024344/seed_13/splits/mnist_split_seed13_clients5_alpha0p3_ref200.json,0.2,18,conv2,1,0,0.9999785423278809,0.9999915361404419,200
cka_feddst,mnist,0.5,13,results/logs/multiseed/mnist_all_20260516_024344/seed_13/splits/mnist_split_seed13_clients5_alpha0p3_ref200.json,0.2,18,conv2,1,1,1.0,0.9999915361404419,200
cka_feddst,mnist,0.5,13,results/logs/multiseed/mnist_all_20260516_024344/seed_13/splits/mnist_split_seed13_clients5_alpha0p3_ref200.json,0.2,18,conv2,1,2,0.9999863505363464,0.9999915361404419,200
cka_feddst,mnist,0.5,13,results/logs/multiseed/mnist_all_20260516_024344/seed_13/splits/mnist_split_seed13_clients5_alpha0p3_ref200.json,0.2,18,conv2,1,3,0.9999896287918091,0.9999915361404419,200
cka_feddst,mnist,0.5,13,results/logs/multiseed/mnist_all_20260516_024344/seed_13/splits/mnist_split_seed13_clients5_alpha0p3_ref200.json,0.2,18,conv2,1,4,0.9999727606773376,0.9999915361404419,200
cka_feddst,mnist,0.5,13,results/logs/multiseed/mnist_all_20260516_024344/seed_13/splits/mnist_split_seed13_clients5_alpha0p3_ref200.json,0.2,18,conv2,2,0,0.9999982118606567,0.9999915361404419,200
cka_feddst,mnist,0.5,13,results/logs/multiseed/mnist_all_20260516_024344/seed_13/splits/mnist_split_seed13_clients5_alpha0p3_ref200.json,0.2,18,conv2,2,1,0.9999863505363464,0.9999915361404419,200
cka_feddst,mnist,0.5,13,results/logs/multiseed/mnist_all_20260516_024344/seed_13/splits/mnist_split_seed13_clients5_alpha0p3_ref200.json,0.2,18,conv2,2,2,1.0,0.9999915361404419,200
cka_feddst,mnist,0.5,13,results/logs/multiseed/mnist_all_20260516_024344/seed_13/splits/mnist_split_seed13_clients5_alpha0p3_ref200.json,0.2,18,conv2,2,3,1.0,0.9999915361404419,200
cka_feddst,mnist,0.5,13,results/logs/multiseed/mnist_all_20260516_024344/seed_13/splits/mnist_split_seed13_clients5_alpha0p3_ref200.json,0.2,18,conv2,2,4,0.9999972581863403,0.9999915361404419,200
cka_feddst,mnist,0.5,13,results/logs/multiseed/mnist_all_20260516_024344/seed_13/splits/mnist_split_seed13_clients5_alpha0p3_ref200.json,0.2,18,conv2,3,0,0.9999979138374329,0.9999915361404419,200
cka_feddst,mnist,0.5,13,results/logs/multiseed/mnist_all_20260516_024344/seed_13/splits/mnist_split_seed13_clients5_alpha0p3_ref200.json,0.2,18,conv2,3,1,0.9999896287918091,0.9999915361404419,200
cka_feddst,mnist,0.5,13,results/logs/multiseed/mnist_all_20260516_024344/seed_13/splits/mnist_split_seed13_clients5_alpha0p3_ref200.json,0.2,18,conv2,3,2,1.0,0.9999915361404419,200
cka_feddst,mnist,0.5,13,results/logs/multiseed/mnist_all_20260516_024344/seed_13/splits/mnist_split_seed13_clients5_alpha0p3_ref200.json,0.2,18,conv2,3,3,1.0,0.9999915361404419,200
cka_feddst,mnist,0.5,13,results/logs/multiseed/mnist_all_20260516_024344/seed_13/splits/mnist_split_seed13_clients5_alpha0p3_ref200.json,0.2,18,conv2,3,4,0.999995768070221,0.9999915361404419,200
cka_feddst,mnist,0.5,13,results/logs/multiseed/mnist_all_20260516_024344/seed_13/splits/mnist_split_seed13_clients5_alpha0p3_ref200.json,0.2,18,conv2,4,0,0.9999991655349731,0.9999915361404419,200
cka_feddst,mnist,0.5,13,results/logs/multiseed/mnist_all_20260516_024344/seed_13/splits/mnist_split_seed13_clients5_alpha0p3_ref200.json,0.2,18,conv2,4,1,0.9999727606773376,0.9999915361404419,200
cka_feddst,mnist,0.5,13,results/logs/multiseed/mnist_all_20260516_024344/seed_13/splits/mnist_split_seed13_clients5_alpha0p3_ref200.json,0.2,18,conv2,4,2,0.9999972581863403,0.9999915361404419,200
cka_feddst,mnist,0.5,13,results/logs/multiseed/mnist_all_20260516_024344/seed_13/splits/mnist_split_seed13_clients5_alpha0p3_ref200.json,0.2,18,conv2,4,3,0.999995768070221,0.9999915361404419,200
cka_feddst,mnist,0.5,13,results/logs/multiseed/mnist_all_20260516_024344/seed_13/splits/mnist_split_seed13_clients5_alpha0p3_ref200.json,0.2,18,conv2,4,4,1.0,0.9999915361404419,200
cka_feddst,mnist,0.5,13,results/logs/multiseed/mnist_all_20260516_024344/seed_13/splits/mnist_split_seed13_clients5_alpha0p3_ref200.json,0.2,18,fc1,0,0,1.0,0.9836641550064087,200
cka_feddst,mnist,0.5,13,results/logs/multiseed/mnist_all_20260516_024344/seed_13/splits/mnist_split_seed13_clients5_alpha0p3_ref200.json,0.2,18,fc1,0,1,0.9829139113426208,0.9836641550064087,200
cka_feddst,mnist,0.5,13,results/logs/multiseed/mnist_all_20260516_024344/seed_13/splits/mnist_split_seed13_clients5_alpha0p3_ref200.json,0.2,18,fc1,0,2,0.9928070902824402,0.9836641550064087,200
cka_feddst,mnist,0.5,13,results/logs/multiseed/mnist_all_20260516_024344/seed_13/splits/mnist_split_seed13_clients5_alpha0p3_ref200.json,0.2,18,fc1,0,3,0.9703748226165771,0.9836641550064087,200
cka_feddst,mnist,0.5,13,results/logs/multiseed/mnist_all_20260516_024344/seed_13/splits/mnist_split_seed13_clients5_alpha0p3_ref200.json,0.2,18,fc1,0,4,0.9880672693252563,0.9836641550064087,200
cka_feddst,mnist,0.5,13,results/logs/multiseed/mnist_all_20260516_024344/seed_13/splits/mnist_split_seed13_clients5_alpha0p3_ref200.json,0.2,18,fc1,1,0,0.9829139113426208,0.9836641550064087,200
cka_feddst,mnist,0.5,13,results/logs/multiseed/mnist_all_20260516_024344/seed_13/splits/mnist_split_seed13_clients5_alpha0p3_ref200.json,0.2,18,fc1,1,1,1.0,0.9836641550064087,200
cka_feddst,mnist,0.5,13,results/logs/multiseed/mnist_all_20260516_024344/seed_13/splits/mnist_split_seed13_clients5_alpha0p3_ref200.json,0.2,18,fc1,1,2,0.986990213394165,0.9836641550064087,200
cka_feddst,mnist,0.5,13,results/logs/multiseed/mnist_all_20260516_024344/seed_13/splits/mnist_split_seed13_clients5_alpha0p3_ref200.json,0.2,18,fc1,1,3,0.9842840433120728,0.9836641550064087,200
cka_feddst,mnist,0.5,13,results/logs/multiseed/mnist_all_20260516_024344/seed_13/splits/mnist_split_seed13_clients5_alpha0p3_ref200.json,0.2,18,fc1,1,4,0.982711672782898,0.9836641550064087,200
cka_feddst,mnist,0.5,13,results/logs/multiseed/mnist_all_20260516_024344/seed_13/splits/mnist_split_seed13_clients5_alpha0p3_ref200.json,0.2,18,fc1,2,0,0.9928070902824402,0.9836641550064087,200
cka_feddst,mnist,0.5,13,results/logs/multiseed/mnist_all_20260516_024344/seed_13/splits/mnist_split_seed13_clients5_alpha0p3_ref200.json,0.2,18,fc1,2,1,0.986990213394165,0.9836641550064087,200
cka_feddst,mnist,0.5,13,results/logs/multiseed/mnist_all_20260516_024344/seed_13/splits/mnist_split_seed13_clients5_alpha0p3_ref200.json,0.2,18,fc1,2,2,1.0,0.9836641550064087,200
cka_feddst,mnist,0.5,13,results/logs/multiseed/mnist_all_20260516_024344/seed_13/splits/mnist_split_seed13_clients5_alpha0p3_ref200.json,0.2,18,fc1,2,3,0.9745239615440369,0.9836641550064087,200
cka_feddst,mnist,0.5,13,results/logs/multiseed/mnist_all_20260516_024344/seed_13/splits/mnist_split_seed13_clients5_alpha0p3_ref200.json,0.2,18,fc1,2,4,0.987341046333313,0.9836641550064087,200
cka_feddst,mnist,0.5,13,results/logs/multiseed/mnist_all_20260516_024344/seed_13/splits/mnist_split_seed13_clients5_alpha0p3_ref200.json,0.2,18,fc1,3,0,0.9703748226165771,0.9836641550064087,200
cka_feddst,mnist,0.5,13,results/logs/multiseed/mnist_all_20260516_024344/seed_13/splits/mnist_split_seed13_clients5_alpha0p3_ref200.json,0.2,18,fc1,3,1,0.9842840433120728,0.9836641550064087,200
cka_feddst,mnist,0.5,13,results/logs/multiseed/mnist_all_20260516_024344/seed_13/splits/mnist_split_seed13_clients5_alpha0p3_ref200.json,0.2,18,fc1,3,2,0.9745239615440369,0.9836641550064087,200
cka_feddst,mnist,0.5,13,results/logs/multiseed/mnist_all_20260516_024344/seed_13/splits/mnist_split_seed13_clients5_alpha0p3_ref200.json,0.2,18,fc1,3,3,1.0,0.9836641550064087,200
cka_feddst,mnist,0.5,13,results/logs/multiseed/mnist_all_20260516_024344/seed_13/splits/mnist_split_seed13_clients5_alpha0p3_ref200.json,0.2,18,fc1,3,4,0.986627995967865,0.9836641550064087,200
cka_feddst,mnist,0.5,13,results/logs/multiseed/mnist_all_20260516_024344/seed_13/splits/mnist_split_seed13_clients5_alpha0p3_ref200.json,0.2,18,fc1,4,0,0.9880672693252563,0.9836641550064087,200
cka_feddst,mnist,0.5,13,results/logs/multiseed/mnist_all_20260516_024344/seed_13/splits/mnist_split_seed13_clients5_alpha0p3_ref200.json,0.2,18,fc1,4,1,0.982711672782898,0.9836641550064087,200
cka_feddst,mnist,0.5,13,results/logs/multiseed/mnist_all_20260516_024344/seed_13/splits/mnist_split_seed13_clients5_alpha0p3_ref200.json,0.2,18,fc1,4,2,0.987341046333313,0.9836641550064087,200
cka_feddst,mnist,0.5,13,results/logs/multiseed/mnist_all_20260516_024344/seed_13/splits/mnist_split_seed13_clients5_alpha0p3_ref200.json,0.2,18,fc1,4,3,0.986627995967865,0.9836641550064087,200
cka_feddst,mnist,0.5,13,results/logs/multiseed/mnist_all_20260516_024344/seed_13/splits/mnist_split_seed13_clients5_alpha0p3_ref200.json,0.2,18,fc1,4,4,1.0,0.9836641550064087,200
cka_feddst,mnist,0.5,13,results/logs/multiseed/mnist_all_20260516_024344/seed_13/splits/mnist_split_seed13_clients5_alpha0p3_ref200.json,0.2,20,conv1,0,0,1.0,1.0,200
cka_feddst,mnist,0.5,13,results/logs/multiseed/mnist_all_20260516_024344/seed_13/splits/mnist_split_seed13_clients5_alpha0p3_ref200.json,0.2,20,conv1,0,1,0.9999999403953552,1.0,200
cka_feddst,mnist,0.5,13,results/logs/multiseed/mnist_all_20260516_024344/seed_13/splits/mnist_split_seed13_clients5_alpha0p3_ref200.json,0.2,20,conv1,0,2,1.0,1.0,200
cka_feddst,mnist,0.5,13,results/logs/multiseed/mnist_all_20260516_024344/seed_13/splits/mnist_split_seed13_clients5_alpha0p3_ref200.json,0.2,20,conv1,0,3,1.0,1.0,200
cka_feddst,mnist,0.5,13,results/logs/multiseed/mnist_all_20260516_024344/seed_13/splits/mnist_split_seed13_clients5_alpha0p3_ref200.json,0.2,20,conv1,0,4,1.0,1.0,200
cka_feddst,mnist,0.5,13,results/logs/multiseed/mnist_all_20260516_024344/seed_13/splits/mnist_split_seed13_clients5_alpha0p3_ref200.json,0.2,20,conv1,1,0,0.9999999403953552,1.0,200
cka_feddst,mnist,0.5,13,results/logs/multiseed/mnist_all_20260516_024344/seed_13/splits/mnist_split_seed13_clients5_alpha0p3_ref200.json,0.2,20,conv1,1,1,1.0,1.0,200
cka_feddst,mnist,0.5,13,results/logs/multiseed/mnist_all_20260516_024344/seed_13/splits/mnist_split_seed13_clients5_alpha0p3_ref200.json,0.2,20,conv1,1,2,1.0,1.0,200
cka_feddst,mnist,0.5,13,results/logs/multiseed/mnist_all_20260516_024344/seed_13/splits/mnist_split_seed13_clients5_alpha0p3_ref200.json,0.2,20,conv1,1,3,1.0,1.0,200
cka_feddst,mnist,0.5,13,results/logs/multiseed/mnist_all_20260516_024344/seed_13/splits/mnist_split_seed13_clients5_alpha0p3_ref200.json,0.2,20,conv1,1,4,0.9999995827674866,1.0,200
cka_feddst,mnist,0.5,13,results/logs/multiseed/mnist_all_20260516_024344/seed_13/splits/mnist_split_seed13_clients5_alpha0p3_ref200.json,0.2,20,conv1,2,0,1.0,1.0,200
cka_feddst,mnist,0.5,13,results/logs/multiseed/mnist_all_20260516_024344/seed_13/splits/mnist_split_seed13_clients5_alpha0p3_ref200.json,0.2,20,conv1,2,1,1.0,1.0,200
cka_feddst,mnist,0.5,13,results/logs/multiseed/mnist_all_20260516_024344/seed_13/splits/mnist_split_seed13_clients5_alpha0p3_ref200.json,0.2,20,conv1,2,2,1.0,1.0,200
cka_feddst,mnist,0.5,13,results/logs/multiseed/mnist_all_20260516_024344/seed_13/splits/mnist_split_seed13_clients5_alpha0p3_ref200.json,0.2,20,conv1,2,3,1.0,1.0,200
cka_feddst,mnist,0.5,13,results/logs/multiseed/mnist_all_20260516_024344/seed_13/splits/mnist_split_seed13_clients5_alpha0p3_ref200.json,0.2,20,conv1,2,4,1.0,1.0,200
cka_feddst,mnist,0.5,13,results/logs/multiseed/mnist_all_20260516_024344/seed_13/splits/mnist_split_seed13_clients5_alpha0p3_ref200.json,0.2,20,conv1,3,0,1.0,1.0,200
cka_feddst,mnist,0.5,13,results/logs/multiseed/mnist_all_20260516_024344/seed_13/splits/mnist_split_seed13_clients5_alpha0p3_ref200.json,0.2,20,conv1,3,1,1.0,1.0,200
cka_feddst,mnist,0.5,13,results/logs/multiseed/mnist_all_20260516_024344/seed_13/splits/mnist_split_seed13_clients5_alpha0p3_ref200.json,0.2,20,conv1,3,2,1.0,1.0,200
cka_feddst,mnist,0.5,13,results/logs/multiseed/mnist_all_20260516_024344/seed_13/splits/mnist_split_seed13_clients5_alpha0p3_ref200.json,0.2,20,conv1,3,3,1.0,1.0,200
cka_feddst,mnist,0.5,13,results/logs/multiseed/mnist_all_20260516_024344/seed_13/splits/mnist_split_seed13_clients5_alpha0p3_ref200.json,0.2,20,conv1,3,4,1.0,1.0,200
cka_feddst,mnist,0.5,13,results/logs/multiseed/mnist_all_20260516_024344/seed_13/splits/mnist_split_seed13_clients5_alpha0p3_ref200.json,0.2,20,conv1,4,0,1.0,1.0,200
cka_feddst,mnist,0.5,13,results/logs/multiseed/mnist_all_20260516_024344/seed_13/splits/mnist_split_seed13_clients5_alpha0p3_ref200.json,0.2,20,conv1,4,1,0.9999995827674866,1.0,200
cka_feddst,mnist,0.5,13,results/logs/multiseed/mnist_all_20260516_024344/seed_13/splits/mnist_split_seed13_clients5_alpha0p3_ref200.json,0.2,20,conv1,4,2,1.0,1.0,200
cka_feddst,mnist,0.5,13,results/logs/multiseed/mnist_all_20260516_024344/seed_13/splits/mnist_split_seed13_clients5_alpha0p3_ref200.json,0.2,20,conv1,4,3,1.0,1.0,200
cka_feddst,mnist,0.5,13,results/logs/multiseed/mnist_all_20260516_024344/seed_13/splits/mnist_split_seed13_clients5_alpha0p3_ref200.json,0.2,20,conv1,4,4,1.0,1.0,200
cka_feddst,mnist,0.5,13,results/logs/multiseed/mnist_all_20260516_024344/seed_13/splits/mnist_split_seed13_clients5_alpha0p3_ref200.json,0.2,20,conv2,0,0,1.0,0.9999862909317017,200
cka_feddst,mnist,0.5,13,results/logs/multiseed/mnist_all_20260516_024344/seed_13/splits/mnist_split_seed13_clients5_alpha0p3_ref200.json,0.2,20,conv2,0,1,0.9999661445617676,0.9999862909317017,200
cka_feddst,mnist,0.5,13,results/logs/multiseed/mnist_all_20260516_024344/seed_13/splits/mnist_split_seed13_clients5_alpha0p3_ref200.json,0.2,20,conv2,0,2,0.9999971389770508,0.9999862909317017,200
cka_feddst,mnist,0.5,13,results/logs/multiseed/mnist_all_20260516_024344/seed_13/splits/mnist_split_seed13_clients5_alpha0p3_ref200.json,0.2,20,conv2,0,3,0.9999959468841553,0.9999862909317017,200
cka_feddst,mnist,0.5,13,results/logs/multiseed/mnist_all_20260516_024344/seed_13/splits/mnist_split_seed13_clients5_alpha0p3_ref200.json,0.2,20,conv2,0,4,0.999998927116394,0.9999862909317017,200
cka_feddst,mnist,0.5,13,results/logs/multiseed/mnist_all_20260516_024344/seed_13/splits/mnist_split_seed13_clients5_alpha0p3_ref200.json,0.2,20,conv2,1,0,0.9999661445617676,0.9999862909317017,200
cka_feddst,mnist,0.5,13,results/logs/multiseed/mnist_all_20260516_024344/seed_13/splits/mnist_split_seed13_clients5_alpha0p3_ref200.json,0.2,20,conv2,1,1,1.0,0.9999862909317017,200
cka_feddst,mnist,0.5,13,results/logs/multiseed/mnist_all_20260516_024344/seed_13/splits/mnist_split_seed13_clients5_alpha0p3_ref200.json,0.2,20,conv2,1,2,0.9999751448631287,0.9999862909317017,200
cka_feddst,mnist,0.5,13,results/logs/multiseed/mnist_all_20260516_024344/seed_13/splits/mnist_split_seed13_clients5_alpha0p3_ref200.json,0.2,20,conv2,1,3,0.9999819397926331,0.9999862909317017,200
cka_feddst,mnist,0.5,13,results/logs/multiseed/mnist_all_20260516_024344/seed_13/splits/mnist_split_seed13_clients5_alpha0p3_ref200.json,0.2,20,conv2,1,4,0.9999580383300781,0.9999862909317017,200
cka_feddst,mnist,0.5,13,results/logs/multiseed/mnist_all_20260516_024344/seed_13/splits/mnist_split_seed13_clients5_alpha0p3_ref200.json,0.2,20,conv2,2,0,0.9999971389770508,0.9999862909317017,200
cka_feddst,mnist,0.5,13,results/logs/multiseed/mnist_all_20260516_024344/seed_13/splits/mnist_split_seed13_clients5_alpha0p3_ref200.json,0.2,20,conv2,2,1,0.9999751448631287,0.9999862909317017,200
cka_feddst,mnist,0.5,13,results/logs/multiseed/mnist_all_20260516_024344/seed_13/splits/mnist_split_seed13_clients5_alpha0p3_ref200.json,0.2,20,conv2,2,2,1.0,0.9999862909317017,200
cka_feddst,mnist,0.5,13,results/logs/multiseed/mnist_all_20260516_024344/seed_13/splits/mnist_split_seed13_clients5_alpha0p3_ref200.json,0.2,20,conv2,2,3,0.9999988079071045,0.9999862909317017,200
cka_feddst,mnist,0.5,13,results/logs/multiseed/mnist_all_20260516_024344/seed_13/splits/mnist_split_seed13_clients5_alpha0p3_ref200.json,0.2,20,conv2,2,4,0.9999967813491821,0.9999862909317017,200
cka_feddst,mnist,0.5,13,results/logs/multiseed/mnist_all_20260516_024344/seed_13/splits/mnist_split_seed13_clients5_alpha0p3_ref200.json,0.2,20,conv2,3,0,0.9999959468841553,0.9999862909317017,200
cka_feddst,mnist,0.5,13,results/logs/multiseed/mnist_all_20260516_024344/seed_13/splits/mnist_split_seed13_clients5_alpha0p3_ref200.json,0.2,20,conv2,3,1,0.9999819397926331,0.9999862909317017,200
cka_feddst,mnist,0.5,13,results/logs/multiseed/mnist_all_20260516_024344/seed_13/splits/mnist_split_seed13_clients5_alpha0p3_ref200.json,0.2,20,conv2,3,2,0.9999988079071045,0.9999862909317017,200
cka_feddst,mnist,0.5,13,results/logs/multiseed/mnist_all_20260516_024344/seed_13/splits/mnist_split_seed13_clients5_alpha0p3_ref200.json,0.2,20,conv2,3,3,1.0,0.9999862909317017,200
cka_feddst,mnist,0.5,13,results/logs/multiseed/mnist_all_20260516_024344/seed_13/splits/mnist_split_seed13_clients5_alpha0p3_ref200.json,0.2,20,conv2,3,4,0.9999937415122986,0.9999862909317017,200
cka_feddst,mnist,0.5,13,results/logs/multiseed/mnist_all_20260516_024344/seed_13/splits/mnist_split_seed13_clients5_alpha0p3_ref200.json,0.2,20,conv2,4,0,0.999998927116394,0.9999862909317017,200
cka_feddst,mnist,0.5,13,results/logs/multiseed/mnist_all_20260516_024344/seed_13/splits/mnist_split_seed13_clients5_alpha0p3_ref200.json,0.2,20,conv2,4,1,0.9999580383300781,0.9999862909317017,200
cka_feddst,mnist,0.5,13,results/logs/multiseed/mnist_all_20260516_024344/seed_13/splits/mnist_split_seed13_clients5_alpha0p3_ref200.json,0.2,20,conv2,4,2,0.9999967813491821,0.9999862909317017,200
cka_feddst,mnist,0.5,13,results/logs/multiseed/mnist_all_20260516_024344/seed_13/splits/mnist_split_seed13_clients5_alpha0p3_ref200.json,0.2,20,conv2,4,3,0.9999937415122986,0.9999862909317017,200
cka_feddst,mnist,0.5,13,results/logs/multiseed/mnist_all_20260516_024344/seed_13/splits/mnist_split_seed13_clients5_alpha0p3_ref200.json,0.2,20,conv2,4,4,1.0,0.9999862909317017,200
cka_feddst,mnist,0.5,13,results/logs/multiseed/mnist_all_20260516_024344/seed_13/splits/mnist_split_seed13_clients5_alpha0p3_ref200.json,0.2,20,fc1,0,0,1.0,0.9760134816169739,200
cka_feddst,mnist,0.5,13,results/logs/multiseed/mnist_all_20260516_024344/seed_13/splits/mnist_split_seed13_clients5_alpha0p3_ref200.json,0.2,20,fc1,0,1,0.9774767160415649,0.9760134816169739,200
cka_feddst,mnist,0.5,13,results/logs/multiseed/mnist_all_20260516_024344/seed_13/splits/mnist_split_seed13_clients5_alpha0p3_ref200.json,0.2,20,fc1,0,2,0.9891954660415649,0.9760134816169739,200
cka_feddst,mnist,0.5,13,results/logs/multiseed/mnist_all_20260516_024344/seed_13/splits/mnist_split_seed13_clients5_alpha0p3_ref200.json,0.2,20,fc1,0,3,0.9510220289230347,0.9760134816169739,200
cka_feddst,mnist,0.5,13,results/logs/multiseed/mnist_all_20260516_024344/seed_13/splits/mnist_split_seed13_clients5_alpha0p3_ref200.json,0.2,20,fc1,0,4,0.9884118437767029,0.9760134816169739,200
cka_feddst,mnist,0.5,13,results/logs/multiseed/mnist_all_20260516_024344/seed_13/splits/mnist_split_seed13_clients5_alpha0p3_ref200.json,0.2,20,fc1,1,0,0.9774767160415649,0.9760134816169739,200
cka_feddst,mnist,0.5,13,results/logs/multiseed/mnist_all_20260516_024344/seed_13/splits/mnist_split_seed13_clients5_alpha0p3_ref200.json,0.2,20,fc1,1,1,1.0,0.9760134816169739,200
cka_feddst,mnist,0.5,13,results/logs/multiseed/mnist_all_20260516_024344/seed_13/splits/mnist_split_seed13_clients5_alpha0p3_ref200.json,0.2,20,fc1,1,2,0.9856342673301697,0.9760134816169739,200
cka_feddst,mnist,0.5,13,results/logs/multiseed/mnist_all_20260516_024344/seed_13/splits/mnist_split_seed13_clients5_alpha0p3_ref200.json,0.2,20,fc1,1,3,0.9636631011962891,0.9760134816169739,200
cka_feddst,mnist,0.5,13,results/logs/multiseed/mnist_all_20260516_024344/seed_13/splits/mnist_split_seed13_clients5_alpha0p3_ref200.json,0.2,20,fc1,1,4,0.9767175912857056,0.9760134816169739,200
cka_feddst,mnist,0.5,13,results/logs/multiseed/mnist_all_20260516_024344/seed_13/splits/mnist_split_seed13_clients5_alpha0p3_ref200.json,0.2,20,fc1,2,0,0.9891954660415649,0.9760134816169739,200
cka_feddst,mnist,0.5,13,results/logs/multiseed/mnist_all_20260516_024344/seed_13/splits/mnist_split_seed13_clients5_alpha0p3_ref200.json,0.2,20,fc1,2,1,0.9856342673301697,0.9760134816169739,200
cka_feddst,mnist,0.5,13,results/logs/multiseed/mnist_all_20260516_024344/seed_13/splits/mnist_split_seed13_clients5_alpha0p3_ref200.json,0.2,20,fc1,2,2,1.0,0.9760134816169739,200
cka_feddst,mnist,0.5,13,results/logs/multiseed/mnist_all_20260516_024344/seed_13/splits/mnist_split_seed13_clients5_alpha0p3_ref200.json,0.2,20,fc1,2,3,0.9620777368545532,0.9760134816169739,200
cka_feddst,mnist,0.5,13,results/logs/multiseed/mnist_all_20260516_024344/seed_13/splits/mnist_split_seed13_clients5_alpha0p3_ref200.json,0.2,20,fc1,2,4,0.9911527037620544,0.9760134816169739,200
cka_feddst,mnist,0.5,13,results/logs/multiseed/mnist_all_20260516_024344/seed_13/splits/mnist_split_seed13_clients5_alpha0p3_ref200.json,0.2,20,fc1,3,0,0.9510220289230347,0.9760134816169739,200
cka_feddst,mnist,0.5,13,results/logs/multiseed/mnist_all_20260516_024344/seed_13/splits/mnist_split_seed13_clients5_alpha0p3_ref200.json,0.2,20,fc1,3,1,0.9636631011962891,0.9760134816169739,200
cka_feddst,mnist,0.5,13,results/logs/multiseed/mnist_all_20260516_024344/seed_13/splits/mnist_split_seed13_clients5_alpha0p3_ref200.json,0.2,20,fc1,3,2,0.9620777368545532,0.9760134816169739,200
cka_feddst,mnist,0.5,13,results/logs/multiseed/mnist_all_20260516_024344/seed_13/splits/mnist_split_seed13_clients5_alpha0p3_ref200.json,0.2,20,fc1,3,3,1.0,0.9760134816169739,200
cka_feddst,mnist,0.5,13,results/logs/multiseed/mnist_all_20260516_024344/seed_13/splits/mnist_split_seed13_clients5_alpha0p3_ref200.json,0.2,20,fc1,3,4,0.9747827649116516,0.9760134816169739,200
cka_feddst,mnist,0.5,13,results/logs/multiseed/mnist_all_20260516_024344/seed_13/splits/mnist_split_seed13_clients5_alpha0p3_ref200.json,0.2,20,fc1,4,0,0.9884118437767029,0.9760134816169739,200
cka_feddst,mnist,0.5,13,results/logs/multiseed/mnist_all_20260516_024344/seed_13/splits/mnist_split_seed13_clients5_alpha0p3_ref200.json,0.2,20,fc1,4,1,0.9767175912857056,0.9760134816169739,200
cka_feddst,mnist,0.5,13,results/logs/multiseed/mnist_all_20260516_024344/seed_13/splits/mnist_split_seed13_clients5_alpha0p3_ref200.json,0.2,20,fc1,4,2,0.9911527037620544,0.9760134816169739,200
cka_feddst,mnist,0.5,13,results/logs/multiseed/mnist_all_20260516_024344/seed_13/splits/mnist_split_seed13_clients5_alpha0p3_ref200.json,0.2,20,fc1,4,3,0.9747827649116516,0.9760134816169739,200
cka_feddst,mnist,0.5,13,results/logs/multiseed/mnist_all_20260516_024344/seed_13/splits/mnist_split_seed13_clients5_alpha0p3_ref200.json,0.2,20,fc1,4,4,1.0,0.9760134816169739,200
