method,dataset,sparsity,seed,split_manifest_path,cka_strength,round,layer,client_i,client_j,cka,average_layer_cka,num_reference_samples
cka_feddst,mnist,0.9,13,results/logs/cka_strength_sweep/mnist_all_20260516_024344/strength_0p9/seed_13/splits/mnist_split_seed13_clients5_alpha0p3_ref200.json,0.9,2,conv1,0,0,1.0,1.0,200
cka_feddst,mnist,0.9,13,results/logs/cka_strength_sweep/mnist_all_20260516_024344/strength_0p9/seed_13/splits/mnist_split_seed13_clients5_alpha0p3_ref200.json,0.9,2,conv1,0,1,1.0,1.0,200
cka_feddst,mnist,0.9,13,results/logs/cka_strength_sweep/mnist_all_20260516_024344/strength_0p9/seed_13/splits/mnist_split_seed13_clients5_alpha0p3_ref200.json,0.9,2,conv1,0,2,1.0,1.0,200
cka_feddst,mnist,0.9,13,results/logs/cka_strength_sweep/mnist_all_20260516_024344/strength_0p9/seed_13/splits/mnist_split_seed13_clients5_alpha0p3_ref200.json,0.9,2,conv1,0,3,1.0,1.0,200
cka_feddst,mnist,0.9,13,results/logs/cka_strength_sweep/mnist_all_20260516_024344/strength_0p9/seed_13/splits/mnist_split_seed13_clients5_alpha0p3_ref200.json,0.9,2,conv1,0,4,1.0,1.0,200
cka_feddst,mnist,0.9,13,results/logs/cka_strength_sweep/mnist_all_20260516_024344/strength_0p9/seed_13/splits/mnist_split_seed13_clients5_alpha0p3_ref200.json,0.9,2,conv1,1,0,1.0,1.0,200
cka_feddst,mnist,0.9,13,results/logs/cka_strength_sweep/mnist_all_20260516_024344/strength_0p9/seed_13/splits/mnist_split_seed13_clients5_alpha0p3_ref200.json,0.9,2,conv1,1,1,1.0,1.0,200
cka_feddst,mnist,0.9,13,results/logs/cka_strength_sweep/mnist_all_20260516_024344/strength_0p9/seed_13/splits/mnist_split_seed13_clients5_alpha0p3_ref200.json,0.9,2,conv1,1,2,1.0,1.0,200
cka_feddst,mnist,0.9,13,results/logs/cka_strength_sweep/mnist_all_20260516_024344/strength_0p9/seed_13/splits/mnist_split_seed13_clients5_alpha0p3_ref200.json,0.9,2,conv1,1,3,1.0,1.0,200
cka_feddst,mnist,0.9,13,results/logs/cka_strength_sweep/mnist_all_20260516_024344/strength_0p9/seed_13/splits/mnist_split_seed13_clients5_alpha0p3_ref200.json,0.9,2,conv1,1,4,1.0,1.0,200
cka_feddst,mnist,0.9,13,results/logs/cka_strength_sweep/mnist_all_20260516_024344/strength_0p9/seed_13/splits/mnist_split_seed13_clients5_alpha0p3_ref200.json,0.9,2,conv1,2,0,1.0,1.0,200
cka_feddst,mnist,0.9,13,results/logs/cka_strength_sweep/mnist_all_20260516_024344/strength_0p9/seed_13/splits/mnist_split_seed13_clients5_alpha0p3_ref200.json,0.9,2,conv1,2,1,1.0,1.0,200
cka_feddst,mnist,0.9,13,results/logs/cka_strength_sweep/mnist_all_20260516_024344/strength_0p9/seed_13/splits/mnist_split_seed13_clients5_alpha0p3_ref200.json,0.9,2,conv1,2,2,1.0,1.0,200
cka_feddst,mnist,0.9,13,results/logs/cka_strength_sweep/mnist_all_20260516_024344/strength_0p9/seed_13/splits/mnist_split_seed13_clients5_alpha0p3_ref200.json,0.9,2,conv1,2,3,1.0,1.0,200
cka_feddst,mnist,0.9,13,results/logs/cka_strength_sweep/mnist_all_20260516_024344/strength_0p9/seed_13/splits/mnist_split_seed13_clients5_alpha0p3_ref200.json,0.9,2,conv1,2,4,1.0,1.0,200
cka_feddst,mnist,0.9,13,results/logs/cka_strength_sweep/mnist_all_20260516_024344/strength_0p9/seed_13/splits/mnist_split_seed13_clients5_alpha0p3_ref200.json,0.9,2,conv1,3,0,1.0,1.0,200
cka_feddst,mnist,0.9,13,results/logs/cka_strength_sweep/mnist_all_20260516_024344/strength_0p9/seed_13/splits/mnist_split_seed13_clients5_alpha0p3_ref200.json,0.9,2,conv1,3,1,1.0,1.0,200
cka_feddst,mnist,0.9,13,results/logs/cka_strength_sweep/mnist_all_20260516_024344/strength_0p9/seed_13/splits/mnist_split_seed13_clients5_alpha0p3_ref200.json,0.9,2,conv1,3,2,1.0,1.0,200
cka_feddst,mnist,0.9,13,results/logs/cka_strength_sweep/mnist_all_20260516_024344/strength_0p9/seed_13/splits/mnist_split_seed13_clients5_alpha0p3_ref200.json,0.9,2,conv1,3,3,1.0,1.0,200
cka_feddst,mnist,0.9,13,results/logs/cka_strength_sweep/mnist_all_20260516_024344/strength_0p9/seed_13/splits/mnist_split_seed13_clients5_alpha0p3_ref200.json,0.9,2,conv1,3,4,1.0,1.0,200
cka_feddst,mnist,0.9,13,results/logs/cka_strength_sweep/mnist_all_20260516_024344/strength_0p9/seed_13/splits/mnist_split_seed13_clients5_alpha0p3_ref200.json,0.9,2,conv1,4,0,1.0,1.0,200
cka_feddst,mnist,0.9,13,results/logs/cka_strength_sweep/mnist_all_20260516_024344/strength_0p9/seed_13/splits/mnist_split_seed13_clients5_alpha0p3_ref200.json,0.9,2,conv1,4,1,1.0,1.0,200
cka_feddst,mnist,0.9,13,results/logs/cka_strength_sweep/mnist_all_20260516_024344/strength_0p9/seed_13/splits/mnist_split_seed13_clients5_alpha0p3_ref200.json,0.9,2,conv1,4,2,1.0,1.0,200
cka_feddst,mnist,0.9,13,results/logs/cka_strength_sweep/mnist_all_20260516_024344/strength_0p9/seed_13/splits/mnist_split_seed13_clients5_alpha0p3_ref200.json,0.9,2,conv1,4,3,1.0,1.0,200
cka_feddst,mnist,0.9,13,results/logs/cka_strength_sweep/mnist_all_20260516_024344/strength_0p9/seed_13/splits/mnist_split_seed13_clients5_alpha0p3_ref200.json,0.9,2,conv1,4,4,1.0,1.0,200
cka_feddst,mnist,0.9,13,results/logs/cka_strength_sweep/mnist_all_20260516_024344/strength_0p9/seed_13/splits/mnist_split_seed13_clients5_alpha0p3_ref200.json,0.9,2,conv2,0,0,1.0,0.9999483823776245,200
cka_feddst,mnist,0.9,13,results/logs/cka_strength_sweep/mnist_all_20260516_024344/strength_0p9/seed_13/splits/mnist_split_seed13_clients5_alpha0p3_ref200.json,0.9,2,conv2,0,1,0.9999454021453857,0.9999483823776245,200
cka_feddst,mnist,0.9,13,results/logs/cka_strength_sweep/mnist_all_20260516_024344/strength_0p9/seed_13/splits/mnist_split_seed13_clients5_alpha0p3_ref200.json,0.9,2,conv2,0,2,0.9999730587005615,0.9999483823776245,200
cka_feddst,mnist,0.9,13,results/logs/cka_strength_sweep/mnist_all_20260516_024344/strength_0p9/seed_13/splits/mnist_split_seed13_clients5_alpha0p3_ref200.json,0.9,2,conv2,0,3,0.9999566078186035,0.9999483823776245,200
cka_feddst,mnist,0.9,13,results/logs/cka_strength_sweep/mnist_all_20260516_024344/strength_0p9/seed_13/splits/mnist_split_seed13_clients5_alpha0p3_ref200.json,0.9,2,conv2,0,4,0.9999824166297913,0.9999483823776245,200
cka_feddst,mnist,0.9,13,results/logs/cka_strength_sweep/mnist_all_20260516_024344/strength_0p9/seed_13/splits/mnist_split_seed13_clients5_alpha0p3_ref200.json,0.9,2,conv2,1,0,0.9999454021453857,0.9999483823776245,200
cka_feddst,mnist,0.9,13,results/logs/cka_strength_sweep/mnist_all_20260516_024344/strength_0p9/seed_13/splits/mnist_split_seed13_clients5_alpha0p3_ref200.json,0.9,2,conv2,1,1,1.0,0.9999483823776245,200
cka_feddst,mnist,0.9,13,results/logs/cka_strength_sweep/mnist_all_20260516_024344/strength_0p9/seed_13/splits/mnist_split_seed13_clients5_alpha0p3_ref200.json,0.9,2,conv2,1,2,0.9999434351921082,0.9999483823776245,200
cka_feddst,mnist,0.9,13,results/logs/cka_strength_sweep/mnist_all_20260516_024344/strength_0p9/seed_13/splits/mnist_split_seed13_clients5_alpha0p3_ref200.json,0.9,2,conv2,1,3,0.9998862743377686,0.9999483823776245,200
cka_feddst,mnist,0.9,13,results/logs/cka_strength_sweep/mnist_all_20260516_024344/strength_0p9/seed_13/splits/mnist_split_seed13_clients5_alpha0p3_ref200.json,0.9,2,conv2,1,4,0.99995356798172,0.9999483823776245,200
cka_feddst,mnist,0.9,13,results/logs/cka_strength_sweep/mnist_all_20260516_024344/strength_0p9/seed_13/splits/mnist_split_seed13_clients5_alpha0p3_ref200.json,0.9,2,conv2,2,0,0.9999730587005615,0.9999483823776245,200
cka_feddst,mnist,0.9,13,results/logs/cka_strength_sweep/mnist_all_20260516_024344/strength_0p9/seed_13/splits/mnist_split_seed13_clients5_alpha0p3_ref200.json,0.9,2,conv2,2,1,0.9999434351921082,0.9999483823776245,200
cka_feddst,mnist,0.9,13,results/logs/cka_strength_sweep/mnist_all_20260516_024344/strength_0p9/seed_13/splits/mnist_split_seed13_clients5_alpha0p3_ref200.json,0.9,2,conv2,2,2,1.0,0.9999483823776245,200
cka_feddst,mnist,0.9,13,results/logs/cka_strength_sweep/mnist_all_20260516_024344/strength_0p9/seed_13/splits/mnist_split_seed13_clients5_alpha0p3_ref200.json,0.9,2,conv2,2,3,0.9999196529388428,0.9999483823776245,200
cka_feddst,mnist,0.9,13,results/logs/cka_strength_sweep/mnist_all_20260516_024344/strength_0p9/seed_13/splits/mnist_split_seed13_clients5_alpha0p3_ref200.json,0.9,2,conv2,2,4,0.9999951720237732,0.9999483823776245,200
cka_feddst,mnist,0.9,13,results/logs/cka_strength_sweep/mnist_all_20260516_024344/strength_0p9/seed_13/splits/mnist_split_seed13_clients5_alpha0p3_ref200.json,0.9,2,conv2,3,0,0.9999566078186035,0.9999483823776245,200
cka_feddst,mnist,0.9,13,results/logs/cka_strength_sweep/mnist_all_20260516_024344/strength_0p9/seed_13/splits/mnist_split_seed13_clients5_alpha0p3_ref200.json,0.9,2,conv2,3,1,0.9998862743377686,0.9999483823776245,200
cka_feddst,mnist,0.9,13,results/logs/cka_strength_sweep/mnist_all_20260516_024344/strength_0p9/seed_13/splits/mnist_split_seed13_clients5_alpha0p3_ref200.json,0.9,2,conv2,3,2,0.9999196529388428,0.9999483823776245,200
cka_feddst,mnist,0.9,13,results/logs/cka_strength_sweep/mnist_all_20260516_024344/strength_0p9/seed_13/splits/mnist_split_seed13_clients5_alpha0p3_ref200.json,0.9,2,conv2,3,3,1.0,0.9999483823776245,200
cka_feddst,mnist,0.9,13,results/logs/cka_strength_sweep/mnist_all_20260516_024344/strength_0p9/seed_13/splits/mnist_split_seed13_clients5_alpha0p3_ref200.json,0.9,2,conv2,3,4,0.9999287128448486,0.9999483823776245,200
cka_feddst,mnist,0.9,13,results/logs/cka_strength_sweep/mnist_all_20260516_024344/strength_0p9/seed_13/splits/mnist_split_seed13_clients5_alpha0p3_ref200.json,0.9,2,conv2,4,0,0.9999824166297913,0.9999483823776245,200
cka_feddst,mnist,0.9,13,results/logs/cka_strength_sweep/mnist_all_20260516_024344/strength_0p9/seed_13/splits/mnist_split_seed13_clients5_alpha0p3_ref200.json,0.9,2,conv2,4,1,0.99995356798172,0.9999483823776245,200
cka_feddst,mnist,0.9,13,results/logs/cka_strength_sweep/mnist_all_20260516_024344/strength_0p9/seed_13/splits/mnist_split_seed13_clients5_alpha0p3_ref200.json,0.9,2,conv2,4,2,0.9999951720237732,0.9999483823776245,200
cka_feddst,mnist,0.9,13,results/logs/cka_strength_sweep/mnist_all_20260516_024344/strength_0p9/seed_13/splits/mnist_split_seed13_clients5_alpha0p3_ref200.json,0.9,2,conv2,4,3,0.9999287128448486,0.9999483823776245,200
cka_feddst,mnist,0.9,13,results/logs/cka_strength_sweep/mnist_all_20260516_024344/strength_0p9/seed_13/splits/mnist_split_seed13_clients5_alpha0p3_ref200.json,0.9,2,conv2,4,4,1.0,0.9999483823776245,200
cka_feddst,mnist,0.9,13,results/logs/cka_strength_sweep/mnist_all_20260516_024344/strength_0p9/seed_13/splits/mnist_split_seed13_clients5_alpha0p3_ref200.json,0.9,2,fc1,0,0,1.0,0.9623187780380249,200
cka_feddst,mnist,0.9,13,results/logs/cka_strength_sweep/mnist_all_20260516_024344/strength_0p9/seed_13/splits/mnist_split_seed13_clients5_alpha0p3_ref200.json,0.9,2,fc1,0,1,0.9660524129867554,0.9623187780380249,200
cka_feddst,mnist,0.9,13,results/logs/cka_strength_sweep/mnist_all_20260516_024344/strength_0p9/seed_13/splits/mnist_split_seed13_clients5_alpha0p3_ref200.json,0.9,2,fc1,0,2,0.9804643392562866,0.9623187780380249,200
cka_feddst,mnist,0.9,13,results/logs/cka_strength_sweep/mnist_all_20260516_024344/strength_0p9/seed_13/splits/mnist_split_seed13_clients5_alpha0p3_ref200.json,0.9,2,fc1,0,3,0.9398465752601624,0.9623187780380249,200
cka_feddst,mnist,0.9,13,results/logs/cka_strength_sweep/mnist_all_20260516_024344/strength_0p9/seed_13/splits/mnist_split_seed13_clients5_alpha0p3_ref200.json,0.9,2,fc1,0,4,0.9734814763069153,0.9623187780380249,200
cka_feddst,mnist,0.9,13,results/logs/cka_strength_sweep/mnist_all_20260516_024344/strength_0p9/seed_13/splits/mnist_split_seed13_clients5_alpha0p3_ref200.json,0.9,2,fc1,1,0,0.9660524129867554,0.9623187780380249,200
cka_feddst,mnist,0.9,13,results/logs/cka_strength_sweep/mnist_all_20260516_024344/strength_0p9/seed_13/splits/mnist_split_seed13_clients5_alpha0p3_ref200.json,0.9,2,fc1,1,1,1.0,0.9623187780380249,200
cka_feddst,mnist,0.9,13,results/logs/cka_strength_sweep/mnist_all_20260516_024344/strength_0p9/seed_13/splits/mnist_split_seed13_clients5_alpha0p3_ref200.json,0.9,2,fc1,1,2,0.9609602689743042,0.9623187780380249,200
cka_feddst,mnist,0.9,13,results/logs/cka_strength_sweep/mnist_all_20260516_024344/strength_0p9/seed_13/splits/mnist_split_seed13_clients5_alpha0p3_ref200.json,0.9,2,fc1,1,3,0.9408078193664551,0.9623187780380249,200
cka_feddst,mnist,0.9,13,results/logs/cka_strength_sweep/mnist_all_20260516_024344/strength_0p9/seed_13/splits/mnist_split_seed13_clients5_alpha0p3_ref200.json,0.9,2,fc1,1,4,0.9726186990737915,0.9623187780380249,200
cka_feddst,mnist,0.9,13,results/logs/cka_strength_sweep/mnist_all_20260516_024344/strength_0p9/seed_13/splits/mnist_split_seed13_clients5_alpha0p3_ref200.json,0.9,2,fc1,2,0,0.9804643392562866,0.9623187780380249,200
cka_feddst,mnist,0.9,13,results/logs/cka_strength_sweep/mnist_all_20260516_024344/strength_0p9/seed_13/splits/mnist_split_seed13_clients5_alpha0p3_ref200.json,0.9,2,fc1,2,1,0.9609602689743042,0.9623187780380249,200
cka_feddst,mnist,0.9,13,results/logs/cka_strength_sweep/mnist_all_20260516_024344/strength_0p9/seed_13/splits/mnist_split_seed13_clients5_alpha0p3_ref200.json,0.9,2,fc1,2,2,1.0,0.9623187780380249,200
cka_feddst,mnist,0.9,13,results/logs/cka_strength_sweep/mnist_all_20260516_024344/strength_0p9/seed_13/splits/mnist_split_seed13_clients5_alpha0p3_ref200.json,0.9,2,fc1,2,3,0.9436568021774292,0.9623187780380249,200
cka_feddst,mnist,0.9,13,results/logs/cka_strength_sweep/mnist_all_20260516_024344/strength_0p9/seed_13/splits/mnist_split_seed13_clients5_alpha0p3_ref200.json,0.9,2,fc1,2,4,0.9879803657531738,0.9623187780380249,200
cka_feddst,mnist,0.9,13,results/logs/cka_strength_sweep/mnist_all_20260516_024344/strength_0p9/seed_13/splits/mnist_split_seed13_clients5_alpha0p3_ref200.json,0.9,2,fc1,3,0,0.9398465752601624,0.9623187780380249,200
cka_feddst,mnist,0.9,13,results/logs/cka_strength_sweep/mnist_all_20260516_024344/strength_0p9/seed_13/splits/mnist_split_seed13_clients5_alpha0p3_ref200.json,0.9,2,fc1,3,1,0.9408078193664551,0.9623187780380249,200
cka_feddst,mnist,0.9,13,results/logs/cka_strength_sweep/mnist_all_20260516_024344/strength_0p9/seed_13/splits/mnist_split_seed13_clients5_alpha0p3_ref200.json,0.9,2,fc1,3,2,0.9436568021774292,0.9623187780380249,200
cka_feddst,mnist,0.9,13,results/logs/cka_strength_sweep/mnist_all_20260516_024344/strength_0p9/seed_13/splits/mnist_split_seed13_clients5_alpha0p3_ref200.json,0.9,2,fc1,3,3,1.0,0.9623187780380249,200
cka_feddst,mnist,0.9,13,results/logs/cka_strength_sweep/mnist_all_20260516_024344/strength_0p9/seed_13/splits/mnist_split_seed13_clients5_alpha0p3_ref200.json,0.9,2,fc1,3,4,0.9573185443878174,0.9623187780380249,200
cka_feddst,mnist,0.9,13,results/logs/cka_strength_sweep/mnist_all_20260516_024344/strength_0p9/seed_13/splits/mnist_split_seed13_clients5_alpha0p3_ref200.json,0.9,2,fc1,4,0,0.9734814763069153,0.9623187780380249,200
cka_feddst,mnist,0.9,13,results/logs/cka_strength_sweep/mnist_all_20260516_024344/strength_0p9/seed_13/splits/mnist_split_seed13_clients5_alpha0p3_ref200.json,0.9,2,fc1,4,1,0.9726186990737915,0.9623187780380249,200
cka_feddst,mnist,0.9,13,results/logs/cka_strength_sweep/mnist_all_20260516_024344/strength_0p9/seed_13/splits/mnist_split_seed13_clients5_alpha0p3_ref200.json,0.9,2,fc1,4,2,0.9879803657531738,0.9623187780380249,200
cka_feddst,mnist,0.9,13,results/logs/cka_strength_sweep/mnist_all_20260516_024344/strength_0p9/seed_13/splits/mnist_split_seed13_clients5_alpha0p3_ref200.json,0.9,2,fc1,4,3,0.9573185443878174,0.9623187780380249,200
cka_feddst,mnist,0.9,13,results/logs/cka_strength_sweep/mnist_all_20260516_024344/strength_0p9/seed_13/splits/mnist_split_seed13_clients5_alpha0p3_ref200.json,0.9,2,fc1,4,4,1.0,0.9623187780380249,200
cka_feddst,mnist,0.9,13,results/logs/cka_strength_sweep/mnist_all_20260516_024344/strength_0p9/seed_13/splits/mnist_split_seed13_clients5_alpha0p3_ref200.json,0.9,4,conv1,0,0,1.0,0.9999990463256836,200
cka_feddst,mnist,0.9,13,results/logs/cka_strength_sweep/mnist_all_20260516_024344/strength_0p9/seed_13/splits/mnist_split_seed13_clients5_alpha0p3_ref200.json,0.9,4,conv1,0,1,0.9999974966049194,0.9999990463256836,200
cka_feddst,mnist,0.9,13,results/logs/cka_strength_sweep/mnist_all_20260516_024344/strength_0p9/seed_13/splits/mnist_split_seed13_clients5_alpha0p3_ref200.json,0.9,4,conv1,0,2,1.0,0.9999990463256836,200
cka_feddst,mnist,0.9,13,results/logs/cka_strength_sweep/mnist_all_20260516_024344/strength_0p9/seed_13/splits/mnist_split_seed13_clients5_alpha0p3_ref200.json,0.9,4,conv1,0,3,0.9999982714653015,0.9999990463256836,200
cka_feddst,mnist,0.9,13,results/logs/cka_strength_sweep/mnist_all_20260516_024344/strength_0p9/seed_13/splits/mnist_split_seed13_clients5_alpha0p3_ref200.json,0.9,4,conv1,0,4,0.9999996423721313,0.9999990463256836,200
cka_feddst,mnist,0.9,13,results/logs/cka_strength_sweep/mnist_all_20260516_024344/strength_0p9/seed_13/splits/mnist_split_seed13_clients5_alpha0p3_ref200.json,0.9,4,conv1,1,0,0.9999974966049194,0.9999990463256836,200
cka_feddst,mnist,0.9,13,results/logs/cka_strength_sweep/mnist_all_20260516_024344/strength_0p9/seed_13/splits/mnist_split_seed13_clients5_alpha0p3_ref200.json,0.9,4,conv1,1,1,1.0,0.9999990463256836,200
cka_feddst,mnist,0.9,13,results/logs/cka_strength_sweep/mnist_all_20260516_024344/strength_0p9/seed_13/splits/mnist_split_seed13_clients5_alpha0p3_ref200.json,0.9,4,conv1,1,2,0.9999980926513672,0.9999990463256836,200
cka_feddst,mnist,0.9,13,results/logs/cka_strength_sweep/mnist_all_20260516_024344/strength_0p9/seed_13/splits/mnist_split_seed13_clients5_alpha0p3_ref200.json,0.9,4,conv1,1,3,1.0,0.9999990463256836,200
cka_feddst,mnist,0.9,13,results/logs/cka_strength_sweep/mnist_all_20260516_024344/strength_0p9/seed_13/splits/mnist_split_seed13_clients5_alpha0p3_ref200.json,0.9,4,conv1,1,4,0.9999992251396179,0.9999990463256836,200
cka_feddst,mnist,0.9,13,results/logs/cka_strength_sweep/mnist_all_20260516_024344/strength_0p9/seed_13/splits/mnist_split_seed13_clients5_alpha0p3_ref200.json,0.9,4,conv1,2,0,1.0,0.9999990463256836,200
cka_feddst,mnist,0.9,13,results/logs/cka_strength_sweep/mnist_all_20260516_024344/strength_0p9/seed_13/splits/mnist_split_seed13_clients5_alpha0p3_ref200.json,0.9,4,conv1,2,1,0.9999980926513672,0.9999990463256836,200
cka_feddst,mnist,0.9,13,results/logs/cka_strength_sweep/mnist_all_20260516_024344/strength_0p9/seed_13/splits/mnist_split_seed13_clients5_alpha0p3_ref200.json,0.9,4,conv1,2,2,1.0,0.9999990463256836,200
cka_feddst,mnist,0.9,13,results/logs/cka_strength_sweep/mnist_all_20260516_024344/strength_0p9/seed_13/splits/mnist_split_seed13_clients5_alpha0p3_ref200.json,0.9,4,conv1,2,3,0.9999986290931702,0.9999990463256836,200
cka_feddst,mnist,0.9,13,results/logs/cka_strength_sweep/mnist_all_20260516_024344/strength_0p9/seed_13/splits/mnist_split_seed13_clients5_alpha0p3_ref200.json,0.9,4,conv1,2,4,0.9999999403953552,0.9999990463256836,200
cka_feddst,mnist,0.9,13,results/logs/cka_strength_sweep/mnist_all_20260516_024344/strength_0p9/seed_13/splits/mnist_split_seed13_clients5_alpha0p3_ref200.json,0.9,4,conv1,3,0,0.9999982714653015,0.9999990463256836,200
cka_feddst,mnist,0.9,13,results/logs/cka_strength_sweep/mnist_all_20260516_024344/strength_0p9/seed_13/splits/mnist_split_seed13_clients5_alpha0p3_ref200.json,0.9,4,conv1,3,1,1.0,0.9999990463256836,200
cka_feddst,mnist,0.9,13,results/logs/cka_strength_sweep/mnist_all_20260516_024344/strength_0p9/seed_13/splits/mnist_split_seed13_clients5_alpha0p3_ref200.json,0.9,4,conv1,3,2,0.9999986290931702,0.9999990463256836,200
cka_feddst,mnist,0.9,13,results/logs/cka_strength_sweep/mnist_all_20260516_024344/strength_0p9/seed_13/splits/mnist_split_seed13_clients5_alpha0p3_ref200.json,0.9,4,conv1,3,3,1.0,0.9999990463256836,200
cka_feddst,mnist,0.9,13,results/logs/cka_strength_sweep/mnist_all_20260516_024344/strength_0p9/seed_13/splits/mnist_split_seed13_clients5_alpha0p3_ref200.json,0.9,4,conv1,3,4,0.9999993443489075,0.9999990463256836,200
cka_feddst,mnist,0.9,13,results/logs/cka_strength_sweep/mnist_all_20260516_024344/strength_0p9/seed_13/splits/mnist_split_seed13_clients5_alpha0p3_ref200.json,0.9,4,conv1,4,0,0.9999996423721313,0.9999990463256836,200
cka_feddst,mnist,0.9,13,results/logs/cka_strength_sweep/mnist_all_20260516_024344/strength_0p9/seed_13/splits/mnist_split_seed13_clients5_alpha0p3_ref200.json,0.9,4,conv1,4,1,0.9999992251396179,0.9999990463256836,200
cka_feddst,mnist,0.9,13,results/logs/cka_strength_sweep/mnist_all_20260516_024344/strength_0p9/seed_13/splits/mnist_split_seed13_clients5_alpha0p3_ref200.json,0.9,4,conv1,4,2,0.9999999403953552,0.9999990463256836,200
cka_feddst,mnist,0.9,13,results/logs/cka_strength_sweep/mnist_all_20260516_024344/strength_0p9/seed_13/splits/mnist_split_seed13_clients5_alpha0p3_ref200.json,0.9,4,conv1,4,3,0.9999993443489075,0.9999990463256836,200
cka_feddst,mnist,0.9,13,results/logs/cka_strength_sweep/mnist_all_20260516_024344/strength_0p9/seed_13/splits/mnist_split_seed13_clients5_alpha0p3_ref200.json,0.9,4,conv1,4,4,1.0,0.9999990463256836,200
cka_feddst,mnist,0.9,13,results/logs/cka_strength_sweep/mnist_all_20260516_024344/strength_0p9/seed_13/splits/mnist_split_seed13_clients5_alpha0p3_ref200.json,0.9,4,conv2,0,0,1.0,0.999919593334198,200
cka_feddst,mnist,0.9,13,results/logs/cka_strength_sweep/mnist_all_20260516_024344/strength_0p9/seed_13/splits/mnist_split_seed13_clients5_alpha0p3_ref200.json,0.9,4,conv2,0,1,0.9998267889022827,0.999919593334198,200
cka_feddst,mnist,0.9,13,results/logs/cka_strength_sweep/mnist_all_20260516_024344/strength_0p9/seed_13/splits/mnist_split_seed13_clients5_alpha0p3_ref200.json,0.9,4,conv2,0,2,0.9999730587005615,0.999919593334198,200
cka_feddst,mnist,0.9,13,results/logs/cka_strength_sweep/mnist_all_20260516_024344/strength_0p9/seed_13/splits/mnist_split_seed13_clients5_alpha0p3_ref200.json,0.9,4,conv2,0,3,0.9998865127563477,0.999919593334198,200
cka_feddst,mnist,0.9,13,results/logs/cka_strength_sweep/mnist_all_20260516_024344/strength_0p9/seed_13/splits/mnist_split_seed13_clients5_alpha0p3_ref200.json,0.9,4,conv2,0,4,0.9999775290489197,0.999919593334198,200
cka_feddst,mnist,0.9,13,results/logs/cka_strength_sweep/mnist_all_20260516_024344/strength_0p9/seed_13/splits/mnist_split_seed13_clients5_alpha0p3_ref200.json,0.9,4,conv2,1,0,0.9998267889022827,0.999919593334198,200
cka_feddst,mnist,0.9,13,results/logs/cka_strength_sweep/mnist_all_20260516_024344/strength_0p9/seed_13/splits/mnist_split_seed13_clients5_alpha0p3_ref200.json,0.9,4,conv2,1,1,1.0,0.999919593334198,200
cka_feddst,mnist,0.9,13,results/logs/cka_strength_sweep/mnist_all_20260516_024344/strength_0p9/seed_13/splits/mnist_split_seed13_clients5_alpha0p3_ref200.json,0.9,4,conv2,1,2,0.9998362064361572,0.999919593334198,200
cka_feddst,mnist,0.9,13,results/logs/cka_strength_sweep/mnist_all_20260516_024344/strength_0p9/seed_13/splits/mnist_split_seed13_clients5_alpha0p3_ref200.json,0.9,4,conv2,1,3,0.9999707937240601,0.999919593334198,200
cka_feddst,mnist,0.9,13,results/logs/cka_strength_sweep/mnist_all_20260516_024344/strength_0p9/seed_13/splits/mnist_split_seed13_clients5_alpha0p3_ref200.json,0.9,4,conv2,1,4,0.9999260902404785,0.999919593334198,200
cka_feddst,mnist,0.9,13,results/logs/cka_strength_sweep/mnist_all_20260516_024344/strength_0p9/seed_13/splits/mnist_split_seed13_clients5_alpha0p3_ref200.json,0.9,4,conv2,2,0,0.9999730587005615,0.999919593334198,200
cka_feddst,mnist,0.9,13,results/logs/cka_strength_sweep/mnist_all_20260516_024344/strength_0p9/seed_13/splits/mnist_split_seed13_clients5_alpha0p3_ref200.json,0.9,4,conv2,2,1,0.9998362064361572,0.999919593334198,200
cka_feddst,mnist,0.9,13,results/logs/cka_strength_sweep/mnist_all_20260516_024344/strength_0p9/seed_13/splits/mnist_split_seed13_clients5_alpha0p3_ref200.json,0.9,4,conv2,2,2,1.0,0.999919593334198,200
cka_feddst,mnist,0.9,13,results/logs/cka_strength_sweep/mnist_all_20260516_024344/strength_0p9/seed_13/splits/mnist_split_seed13_clients5_alpha0p3_ref200.json,0.9,4,conv2,2,3,0.9998816847801208,0.999919593334198,200
cka_feddst,mnist,0.9,13,results/logs/cka_strength_sweep/mnist_all_20260516_024344/strength_0p9/seed_13/splits/mnist_split_seed13_clients5_alpha0p3_ref200.json,0.9,4,conv2,2,4,0.9999589920043945,0.999919593334198,200
cka_feddst,mnist,0.9,13,results/logs/cka_strength_sweep/mnist_all_20260516_024344/strength_0p9/seed_13/splits/mnist_split_seed13_clients5_alpha0p3_ref200.json,0.9,4,conv2,3,0,0.9998865127563477,0.999919593334198,200
cka_feddst,mnist,0.9,13,results/logs/cka_strength_sweep/mnist_all_20260516_024344/strength_0p9/seed_13/splits/mnist_split_seed13_clients5_alpha0p3_ref200.json,0.9,4,conv2,3,1,0.9999707937240601,0.999919593334198,200
cka_feddst,mnist,0.9,13,results/logs/cka_strength_sweep/mnist_all_20260516_024344/strength_0p9/seed_13/splits/mnist_split_seed13_clients5_alpha0p3_ref200.json,0.9,4,conv2,3,2,0.9998816847801208,0.999919593334198,200
cka_feddst,mnist,0.9,13,results/logs/cka_strength_sweep/mnist_all_20260516_024344/strength_0p9/seed_13/splits/mnist_split_seed13_clients5_alpha0p3_ref200.json,0.9,4,conv2,3,3,1.0,0.999919593334198,200
cka_feddst,mnist,0.9,13,results/logs/cka_strength_sweep/mnist_all_20260516_024344/strength_0p9/seed_13/splits/mnist_split_seed13_clients5_alpha0p3_ref200.json,0.9,4,conv2,3,4,0.9999576807022095,0.999919593334198,200
cka_feddst,mnist,0.9,13,results/logs/cka_strength_sweep/mnist_all_20260516_024344/strength_0p9/seed_13/splits/mnist_split_seed13_clients5_alpha0p3_ref200.json,0.9,4,conv2,4,0,0.9999775290489197,0.999919593334198,200
cka_feddst,mnist,0.9,13,results/logs/cka_strength_sweep/mnist_all_20260516_024344/strength_0p9/seed_13/splits/mnist_split_seed13_clients5_alpha0p3_ref200.json,0.9,4,conv2,4,1,0.9999260902404785,0.999919593334198,200
cka_feddst,mnist,0.9,13,results/logs/cka_strength_sweep/mnist_all_20260516_024344/strength_0p9/seed_13/splits/mnist_split_seed13_clients5_alpha0p3_ref200.json,0.9,4,conv2,4,2,0.9999589920043945,0.999919593334198,200
cka_feddst,mnist,0.9,13,results/logs/cka_strength_sweep/mnist_all_20260516_024344/strength_0p9/seed_13/splits/mnist_split_seed13_clients5_alpha0p3_ref200.json,0.9,4,conv2,4,3,0.9999576807022095,0.999919593334198,200
cka_feddst,mnist,0.9,13,results/logs/cka_strength_sweep/mnist_all_20260516_024344/strength_0p9/seed_13/splits/mnist_split_seed13_clients5_alpha0p3_ref200.json,0.9,4,conv2,4,4,1.0,0.999919593334198,200
cka_feddst,mnist,0.9,13,results/logs/cka_strength_sweep/mnist_all_20260516_024344/strength_0p9/seed_13/splits/mnist_split_seed13_clients5_alpha0p3_ref200.json,0.9,4,fc1,0,0,1.0,0.9873239398002625,200
cka_feddst,mnist,0.9,13,results/logs/cka_strength_sweep/mnist_all_20260516_024344/strength_0p9/seed_13/splits/mnist_split_seed13_clients5_alpha0p3_ref200.json,0.9,4,fc1,0,1,0.9885144829750061,0.9873239398002625,200
cka_feddst,mnist,0.9,13,results/logs/cka_strength_sweep/mnist_all_20260516_024344/strength_0p9/seed_13/splits/mnist_split_seed13_clients5_alpha0p3_ref200.json,0.9,4,fc1,0,2,0.979758083820343,0.9873239398002625,200
cka_feddst,mnist,0.9,13,results/logs/cka_strength_sweep/mnist_all_20260516_024344/strength_0p9/seed_13/splits/mnist_split_seed13_clients5_alpha0p3_ref200.json,0.9,4,fc1,0,3,0.9772079586982727,0.9873239398002625,200
cka_feddst,mnist,0.9,13,results/logs/cka_strength_sweep/mnist_all_20260516_024344/strength_0p9/seed_13/splits/mnist_split_seed13_clients5_alpha0p3_ref200.json,0.9,4,fc1,0,4,0.9786232709884644,0.9873239398002625,200
cka_feddst,mnist,0.9,13,results/logs/cka_strength_sweep/mnist_all_20260516_024344/strength_0p9/seed_13/splits/mnist_split_seed13_clients5_alpha0p3_ref200.json,0.9,4,fc1,1,0,0.9885144829750061,0.9873239398002625,200
cka_feddst,mnist,0.9,13,results/logs/cka_strength_sweep/mnist_all_20260516_024344/strength_0p9/seed_13/splits/mnist_split_seed13_clients5_alpha0p3_ref200.json,0.9,4,fc1,1,1,1.0,0.9873239398002625,200
cka_feddst,mnist,0.9,13,results/logs/cka_strength_sweep/mnist_all_20260516_024344/strength_0p9/seed_13/splits/mnist_split_seed13_clients5_alpha0p3_ref200.json,0.9,4,fc1,1,2,0.9863174557685852,0.9873239398002625,200
cka_feddst,mnist,0.9,13,results/logs/cka_strength_sweep/mnist_all_20260516_024344/strength_0p9/seed_13/splits/mnist_split_seed13_clients5_alpha0p3_ref200.json,0.9,4,fc1,1,3,0.9900931119918823,0.9873239398002625,200
cka_feddst,mnist,0.9,13,results/logs/cka_strength_sweep/mnist_all_20260516_024344/strength_0p9/seed_13/splits/mnist_split_seed13_clients5_alpha0p3_ref200.json,0.9,4,fc1,1,4,0.9882386326789856,0.9873239398002625,200
cka_feddst,mnist,0.9,13,results/logs/cka_strength_sweep/mnist_all_20260516_024344/strength_0p9/seed_13/splits/mnist_split_seed13_clients5_alpha0p3_ref200.json,0.9,4,fc1,2,0,0.979758083820343,0.9873239398002625,200
cka_feddst,mnist,0.9,13,results/logs/cka_strength_sweep/mnist_all_20260516_024344/strength_0p9/seed_13/splits/mnist_split_seed13_clients5_alpha0p3_ref200.json,0.9,4,fc1,2,1,0.9863174557685852,0.9873239398002625,200
cka_feddst,mnist,0.9,13,results/logs/cka_strength_sweep/mnist_all_20260516_024344/strength_0p9/seed_13/splits/mnist_split_seed13_clients5_alpha0p3_ref200.json,0.9,4,fc1,2,2,1.0,0.9873239398002625,200
cka_feddst,mnist,0.9,13,results/logs/cka_strength_sweep/mnist_all_20260516_024344/strength_0p9/seed_13/splits/mnist_split_seed13_clients5_alpha0p3_ref200.json,0.9,4,fc1,2,3,0.9924956560134888,0.9873239398002625,200
cka_feddst,mnist,0.9,13,results/logs/cka_strength_sweep/mnist_all_20260516_024344/strength_0p9/seed_13/splits/mnist_split_seed13_clients5_alpha0p3_ref200.json,0.9,4,fc1,2,4,0.9978317022323608,0.9873239398002625,200
cka_feddst,mnist,0.9,13,results/logs/cka_strength_sweep/mnist_all_20260516_024344/strength_0p9/seed_13/splits/mnist_split_seed13_clients5_alpha0p3_ref200.json,0.9,4,fc1,3,0,0.9772079586982727,0.9873239398002625,200
cka_feddst,mnist,0.9,13,results/logs/cka_strength_sweep/mnist_all_20260516_024344/strength_0p9/seed_13/splits/mnist_split_seed13_clients5_alpha0p3_ref200.json,0.9,4,fc1,3,1,0.9900931119918823,0.9873239398002625,200
cka_feddst,mnist,0.9,13,results/logs/cka_strength_sweep/mnist_all_20260516_024344/strength_0p9/seed_13/splits/mnist_split_seed13_clients5_alpha0p3_ref200.json,0.9,4,fc1,3,2,0.9924956560134888,0.9873239398002625,200
cka_feddst,mnist,0.9,13,results/logs/cka_strength_sweep/mnist_all_20260516_024344/strength_0p9/seed_13/splits/mnist_split_seed13_clients5_alpha0p3_ref200.json,0.9,4,fc1,3,3,1.0,0.9873239398002625,200
cka_feddst,mnist,0.9,13,results/logs/cka_strength_sweep/mnist_all_20260516_024344/strength_0p9/seed_13/splits/mnist_split_seed13_clients5_alpha0p3_ref200.json,0.9,4,fc1,3,4,0.9941591024398804,0.9873239398002625,200
cka_feddst,mnist,0.9,13,results/logs/cka_strength_sweep/mnist_all_20260516_024344/strength_0p9/seed_13/splits/mnist_split_seed13_clients5_alpha0p3_ref200.json,0.9,4,fc1,4,0,0.9786232709884644,0.9873239398002625,200
cka_feddst,mnist,0.9,13,results/logs/cka_strength_sweep/mnist_all_20260516_024344/strength_0p9/seed_13/splits/mnist_split_seed13_clients5_alpha0p3_ref200.json,0.9,4,fc1,4,1,0.9882386326789856,0.9873239398002625,200
cka_feddst,mnist,0.9,13,results/logs/cka_strength_sweep/mnist_all_20260516_024344/strength_0p9/seed_13/splits/mnist_split_seed13_clients5_alpha0p3_ref200.json,0.9,4,fc1,4,2,0.9978317022323608,0.9873239398002625,200
cka_feddst,mnist,0.9,13,results/logs/cka_strength_sweep/mnist_all_20260516_024344/strength_0p9/seed_13/splits/mnist_split_seed13_clients5_alpha0p3_ref200.json,0.9,4,fc1,4,3,0.9941591024398804,0.9873239398002625,200
cka_feddst,mnist,0.9,13,results/logs/cka_strength_sweep/mnist_all_20260516_024344/strength_0p9/seed_13/splits/mnist_split_seed13_clients5_alpha0p3_ref200.json,0.9,4,fc1,4,4,1.0,0.9873239398002625,200
cka_feddst,mnist,0.9,13,results/logs/cka_strength_sweep/mnist_all_20260516_024344/strength_0p9/seed_13/splits/mnist_split_seed13_clients5_alpha0p3_ref200.json,0.9,6,conv1,0,0,1.0,0.9999980926513672,200
cka_feddst,mnist,0.9,13,results/logs/cka_strength_sweep/mnist_all_20260516_024344/strength_0p9/seed_13/splits/mnist_split_seed13_clients5_alpha0p3_ref200.json,0.9,6,conv1,0,1,0.9999989867210388,0.9999980926513672,200
cka_feddst,mnist,0.9,13,results/logs/cka_strength_sweep/mnist_all_20260516_024344/strength_0p9/seed_13/splits/mnist_split_seed13_clients5_alpha0p3_ref200.json,0.9,6,conv1,0,2,0.9999980926513672,0.9999980926513672,200
cka_feddst,mnist,0.9,13,results/logs/cka_strength_sweep/mnist_all_20260516_024344/strength_0p9/seed_13/splits/mnist_split_seed13_clients5_alpha0p3_ref200.json,0.9,6,conv1,0,3,0.9999967813491821,0.9999980926513672,200
cka_feddst,mnist,0.9,13,results/logs/cka_strength_sweep/mnist_all_20260516_024344/strength_0p9/seed_13/splits/mnist_split_seed13_clients5_alpha0p3_ref200.json,0.9,6,conv1,0,4,0.9999997615814209,0.9999980926513672,200
cka_feddst,mnist,0.9,13,results/logs/cka_strength_sweep/mnist_all_20260516_024344/strength_0p9/seed_13/splits/mnist_split_seed13_clients5_alpha0p3_ref200.json,0.9,6,conv1,1,0,0.9999989867210388,0.9999980926513672,200
cka_feddst,mnist,0.9,13,results/logs/cka_strength_sweep/mnist_all_20260516_024344/strength_0p9/seed_13/splits/mnist_split_seed13_clients5_alpha0p3_ref200.json,0.9,6,conv1,1,1,1.0,0.9999980926513672,200
cka_feddst,mnist,0.9,13,results/logs/cka_strength_sweep/mnist_all_20260516_024344/strength_0p9/seed_13/splits/mnist_split_seed13_clients5_alpha0p3_ref200.json,0.9,6,conv1,1,2,0.9999993443489075,0.9999980926513672,200
cka_feddst,mnist,0.9,13,results/logs/cka_strength_sweep/mnist_all_20260516_024344/strength_0p9/seed_13/splits/mnist_split_seed13_clients5_alpha0p3_ref200.json,0.9,6,conv1,1,3,0.9999993443489075,0.9999980926513672,200
cka_feddst,mnist,0.9,13,results/logs/cka_strength_sweep/mnist_all_20260516_024344/strength_0p9/seed_13/splits/mnist_split_seed13_clients5_alpha0p3_ref200.json,0.9,6,conv1,1,4,0.9999982118606567,0.9999980926513672,200
cka_feddst,mnist,0.9,13,results/logs/cka_strength_sweep/mnist_all_20260516_024344/strength_0p9/seed_13/splits/mnist_split_seed13_clients5_alpha0p3_ref200.json,0.9,6,conv1,2,0,0.9999980926513672,0.9999980926513672,200
cka_feddst,mnist,0.9,13,results/logs/cka_strength_sweep/mnist_all_20260516_024344/strength_0p9/seed_13/splits/mnist_split_seed13_clients5_alpha0p3_ref200.json,0.9,6,conv1,2,1,0.9999993443489075,0.9999980926513672,200
cka_feddst,mnist,0.9,13,results/logs/cka_strength_sweep/mnist_all_20260516_024344/strength_0p9/seed_13/splits/mnist_split_seed13_clients5_alpha0p3_ref200.json,0.9,6,conv1,2,2,1.0,0.9999980926513672,200
cka_feddst,mnist,0.9,13,results/logs/cka_strength_sweep/mnist_all_20260516_024344/strength_0p9/seed_13/splits/mnist_split_seed13_clients5_alpha0p3_ref200.json,0.9,6,conv1,2,3,0.9999993443489075,0.9999980926513672,200
cka_feddst,mnist,0.9,13,results/logs/cka_strength_sweep/mnist_all_20260516_024344/strength_0p9/seed_13/splits/mnist_split_seed13_clients5_alpha0p3_ref200.json,0.9,6,conv1,2,4,0.9999958872795105,0.9999980926513672,200
cka_feddst,mnist,0.9,13,results/logs/cka_strength_sweep/mnist_all_20260516_024344/strength_0p9/seed_13/splits/mnist_split_seed13_clients5_alpha0p3_ref200.json,0.9,6,conv1,3,0,0.9999967813491821,0.9999980926513672,200
cka_feddst,mnist,0.9,13,results/logs/cka_strength_sweep/mnist_all_20260516_024344/strength_0p9/seed_13/splits/mnist_split_seed13_clients5_alpha0p3_ref200.json,0.9,6,conv1,3,1,0.9999993443489075,0.9999980926513672,200
cka_feddst,mnist,0.9,13,results/logs/cka_strength_sweep/mnist_all_20260516_024344/strength_0p9/seed_13/splits/mnist_split_seed13_clients5_alpha0p3_ref200.json,0.9,6,conv1,3,2,0.9999993443489075,0.9999980926513672,200
cka_feddst,mnist,0.9,13,results/logs/cka_strength_sweep/mnist_all_20260516_024344/strength_0p9/seed_13/splits/mnist_split_seed13_clients5_alpha0p3_ref200.json,0.9,6,conv1,3,3,1.0,0.9999980926513672,200
cka_feddst,mnist,0.9,13,results/logs/cka_strength_sweep/mnist_all_20260516_024344/strength_0p9/seed_13/splits/mnist_split_seed13_clients5_alpha0p3_ref200.json,0.9,6,conv1,3,4,0.9999953508377075,0.9999980926513672,200
cka_feddst,mnist,0.9,13,results/logs/cka_strength_sweep/mnist_all_20260516_024344/strength_0p9/seed_13/splits/mnist_split_seed13_clients5_alpha0p3_ref200.json,0.9,6,conv1,4,0,0.9999997615814209,0.9999980926513672,200
cka_feddst,mnist,0.9,13,results/logs/cka_strength_sweep/mnist_all_20260516_024344/strength_0p9/seed_13/splits/mnist_split_seed13_clients5_alpha0p3_ref200.json,0.9,6,conv1,4,1,0.9999982118606567,0.9999980926513672,200
cka_feddst,mnist,0.9,13,results/logs/cka_strength_sweep/mnist_all_20260516_024344/strength_0p9/seed_13/splits/mnist_split_seed13_clients5_alpha0p3_ref200.json,0.9,6,conv1,4,2,0.9999958872795105,0.9999980926513672,200
cka_feddst,mnist,0.9,13,results/logs/cka_strength_sweep/mnist_all_20260516_024344/strength_0p9/seed_13/splits/mnist_split_seed13_clients5_alpha0p3_ref200.json,0.9,6,conv1,4,3,0.9999953508377075,0.9999980926513672,200
cka_feddst,mnist,0.9,13,results/logs/cka_strength_sweep/mnist_all_20260516_024344/strength_0p9/seed_13/splits/mnist_split_seed13_clients5_alpha0p3_ref200.json,0.9,6,conv1,4,4,1.0,0.9999980926513672,200
cka_feddst,mnist,0.9,13,results/logs/cka_strength_sweep/mnist_all_20260516_024344/strength_0p9/seed_13/splits/mnist_split_seed13_clients5_alpha0p3_ref200.json,0.9,6,conv2,0,0,1.0,0.9999231100082397,200
cka_feddst,mnist,0.9,13,results/logs/cka_strength_sweep/mnist_all_20260516_024344/strength_0p9/seed_13/splits/mnist_split_seed13_clients5_alpha0p3_ref200.json,0.9,6,conv2,0,1,0.9999294877052307,0.9999231100082397,200
cka_feddst,mnist,0.9,13,results/logs/cka_strength_sweep/mnist_all_20260516_024344/strength_0p9/seed_13/splits/mnist_split_seed13_clients5_alpha0p3_ref200.json,0.9,6,conv2,0,2,0.9999582171440125,0.9999231100082397,200
cka_feddst,mnist,0.9,13,results/logs/cka_strength_sweep/mnist_all_20260516_024344/strength_0p9/seed_13/splits/mnist_split_seed13_clients5_alpha0p3_ref200.json,0.9,6,conv2,0,3,0.999930739402771,0.9999231100082397,200
cka_feddst,mnist,0.9,13,results/logs/cka_strength_sweep/mnist_all_20260516_024344/strength_0p9/seed_13/splits/mnist_split_seed13_clients5_alpha0p3_ref200.json,0.9,6,conv2,0,4,0.999971866607666,0.9999231100082397,200
cka_feddst,mnist,0.9,13,results/logs/cka_strength_sweep/mnist_all_20260516_024344/strength_0p9/seed_13/splits/mnist_split_seed13_clients5_alpha0p3_ref200.json,0.9,6,conv2,1,0,0.9999294877052307,0.9999231100082397,200
cka_feddst,mnist,0.9,13,results/logs/cka_strength_sweep/mnist_all_20260516_024344/strength_0p9/seed_13/splits/mnist_split_seed13_clients5_alpha0p3_ref200.json,0.9,6,conv2,1,1,1.0,0.9999231100082397,200
cka_feddst,mnist,0.9,13,results/logs/cka_strength_sweep/mnist_all_20260516_024344/strength_0p9/seed_13/splits/mnist_split_seed13_clients5_alpha0p3_ref200.json,0.9,6,conv2,1,2,0.9998316764831543,0.9999231100082397,200
cka_feddst,mnist,0.9,13,results/logs/cka_strength_sweep/mnist_all_20260516_024344/strength_0p9/seed_13/splits/mnist_split_seed13_clients5_alpha0p3_ref200.json,0.9,6,conv2,1,3,0.9999681115150452,0.9999231100082397,200
cka_feddst,mnist,0.9,13,results/logs/cka_strength_sweep/mnist_all_20260516_024344/strength_0p9/seed_13/splits/mnist_split_seed13_clients5_alpha0p3_ref200.json,0.9,6,conv2,1,4,0.9999873042106628,0.9999231100082397,200
cka_feddst,mnist,0.9,13,results/logs/cka_strength_sweep/mnist_all_20260516_024344/strength_0p9/seed_13/splits/mnist_split_seed13_clients5_alpha0p3_ref200.json,0.9,6,conv2,2,0,0.9999582171440125,0.9999231100082397,200
cka_feddst,mnist,0.9,13,results/logs/cka_strength_sweep/mnist_all_20260516_024344/strength_0p9/seed_13/splits/mnist_split_seed13_clients5_alpha0p3_ref200.json,0.9,6,conv2,2,1,0.9998316764831543,0.9999231100082397,200
cka_feddst,mnist,0.9,13,results/logs/cka_strength_sweep/mnist_all_20260516_024344/strength_0p9/seed_13/splits/mnist_split_seed13_clients5_alpha0p3_ref200.json,0.9,6,conv2,2,2,1.0,0.9999231100082397,200
cka_feddst,mnist,0.9,13,results/logs/cka_strength_sweep/mnist_all_20260516_024344/strength_0p9/seed_13/splits/mnist_split_seed13_clients5_alpha0p3_ref200.json,0.9,6,conv2,2,3,0.9997923374176025,0.9999231100082397,200
cka_feddst,mnist,0.9,13,results/logs/cka_strength_sweep/mnist_all_20260516_024344/strength_0p9/seed_13/splits/mnist_split_seed13_clients5_alpha0p3_ref200.json,0.9,6,conv2,2,4,0.9998846054077148,0.9999231100082397,200
cka_feddst,mnist,0.9,13,results/logs/cka_strength_sweep/mnist_all_20260516_024344/strength_0p9/seed_13/splits/mnist_split_seed13_clients5_alpha0p3_ref200.json,0.9,6,conv2,3,0,0.999930739402771,0.9999231100082397,200
cka_feddst,mnist,0.9,13,results/logs/cka_strength_sweep/mnist_all_20260516_024344/strength_0p9/seed_13/splits/mnist_split_seed13_clients5_alpha0p3_ref200.json,0.9,6,conv2,3,1,0.9999681115150452,0.9999231100082397,200
cka_feddst,mnist,0.9,13,results/logs/cka_strength_sweep/mnist_all_20260516_024344/strength_0p9/seed_13/splits/mnist_split_seed13_clients5_alpha0p3_ref200.json,0.9,6,conv2,3,2,0.9997923374176025,0.9999231100082397,200
cka_feddst,mnist,0.9,13,results/logs/cka_strength_sweep/mnist_all_20260516_024344/strength_0p9/seed_13/splits/mnist_split_seed13_clients5_alpha0p3_ref200.json,0.9,6,conv2,3,3,1.0,0.9999231100082397,200
cka_feddst,mnist,0.9,13,results/logs/cka_strength_sweep/mnist_all_20260516_024344/strength_0p9/seed_13/splits/mnist_split_seed13_clients5_alpha0p3_ref200.json,0.9,6,conv2,3,4,0.9999774694442749,0.9999231100082397,200
cka_feddst,mnist,0.9,13,results/logs/cka_strength_sweep/mnist_all_20260516_024344/strength_0p9/seed_13/splits/mnist_split_seed13_clients5_alpha0p3_ref200.json,0.9,6,conv2,4,0,0.999971866607666,0.9999231100082397,200
cka_feddst,mnist,0.9,13,results/logs/cka_strength_sweep/mnist_all_20260516_024344/strength_0p9/seed_13/splits/mnist_split_seed13_clients5_alpha0p3_ref200.json,0.9,6,conv2,4,1,0.9999873042106628,0.9999231100082397,200
cka_feddst,mnist,0.9,13,results/logs/cka_strength_sweep/mnist_all_20260516_024344/strength_0p9/seed_13/splits/mnist_split_seed13_clients5_alpha0p3_ref200.json,0.9,6,conv2,4,2,0.9998846054077148,0.9999231100082397,200
cka_feddst,mnist,0.9,13,results/logs/cka_strength_sweep/mnist_all_20260516_024344/strength_0p9/seed_13/splits/mnist_split_seed13_clients5_alpha0p3_ref200.json,0.9,6,conv2,4,3,0.9999774694442749,0.9999231100082397,200
cka_feddst,mnist,0.9,13,results/logs/cka_strength_sweep/mnist_all_20260516_024344/strength_0p9/seed_13/splits/mnist_split_seed13_clients5_alpha0p3_ref200.json,0.9,6,conv2,4,4,1.0,0.9999231100082397,200
cka_feddst,mnist,0.9,13,results/logs/cka_strength_sweep/mnist_all_20260516_024344/strength_0p9/seed_13/splits/mnist_split_seed13_clients5_alpha0p3_ref200.json,0.9,6,fc1,0,0,1.0,0.9829130172729492,200
cka_feddst,mnist,0.9,13,results/logs/cka_strength_sweep/mnist_all_20260516_024344/strength_0p9/seed_13/splits/mnist_split_seed13_clients5_alpha0p3_ref200.json,0.9,6,fc1,0,1,0.9782686233520508,0.9829130172729492,200
cka_feddst,mnist,0.9,13,results/logs/cka_strength_sweep/mnist_all_20260516_024344/strength_0p9/seed_13/splits/mnist_split_seed13_clients5_alpha0p3_ref200.json,0.9,6,fc1,0,2,0.97471022605896,0.9829130172729492,200
cka_feddst,mnist,0.9,13,results/logs/cka_strength_sweep/mnist_all_20260516_024344/strength_0p9/seed_13/splits/mnist_split_seed13_clients5_alpha0p3_ref200.json,0.9,6,fc1,0,3,0.9747722148895264,0.9829130172729492,200
cka_feddst,mnist,0.9,13,results/logs/cka_strength_sweep/mnist_all_20260516_024344/strength_0p9/seed_13/splits/mnist_split_seed13_clients5_alpha0p3_ref200.json,0.9,6,fc1,0,4,0.973732054233551,0.9829130172729492,200
cka_feddst,mnist,0.9,13,results/logs/cka_strength_sweep/mnist_all_20260516_024344/strength_0p9/seed_13/splits/mnist_split_seed13_clients5_alpha0p3_ref200.json,0.9,6,fc1,1,0,0.9782686233520508,0.9829130172729492,200
cka_feddst,mnist,0.9,13,results/logs/cka_strength_sweep/mnist_all_20260516_024344/strength_0p9/seed_13/splits/mnist_split_seed13_clients5_alpha0p3_ref200.json,0.9,6,fc1,1,1,1.0,0.9829130172729492,200
cka_feddst,mnist,0.9,13,results/logs/cka_strength_sweep/mnist_all_20260516_024344/strength_0p9/seed_13/splits/mnist_split_seed13_clients5_alpha0p3_ref200.json,0.9,6,fc1,1,2,0.9802528619766235,0.9829130172729492,200
cka_feddst,mnist,0.9,13,results/logs/cka_strength_sweep/mnist_all_20260516_024344/strength_0p9/seed_13/splits/mnist_split_seed13_clients5_alpha0p3_ref200.json,0.9,6,fc1,1,3,0.9937301874160767,0.9829130172729492,200
cka_feddst,mnist,0.9,13,results/logs/cka_strength_sweep/mnist_all_20260516_024344/strength_0p9/seed_13/splits/mnist_split_seed13_clients5_alpha0p3_ref200.json,0.9,6,fc1,1,4,0.9920215010643005,0.9829130172729492,200
cka_feddst,mnist,0.9,13,results/logs/cka_strength_sweep/mnist_all_20260516_024344/strength_0p9/seed_13/splits/mnist_split_seed13_clients5_alpha0p3_ref200.json,0.9,6,fc1,2,0,0.97471022605896,0.9829130172729492,200
cka_feddst,mnist,0.9,13,results/logs/cka_strength_sweep/mnist_all_20260516_024344/strength_0p9/seed_13/splits/mnist_split_seed13_clients5_alpha0p3_ref200.json,0.9,6,fc1,2,1,0.9802528619766235,0.9829130172729492,200
cka_feddst,mnist,0.9,13,results/logs/cka_strength_sweep/mnist_all_20260516_024344/strength_0p9/seed_13/splits/mnist_split_seed13_clients5_alpha0p3_ref200.json,0.9,6,fc1,2,2,1.0,0.9829130172729492,200
cka_feddst,mnist,0.9,13,results/logs/cka_strength_sweep/mnist_all_20260516_024344/strength_0p9/seed_13/splits/mnist_split_seed13_clients5_alpha0p3_ref200.json,0.9,6,fc1,2,3,0.9801661968231201,0.9829130172729492,200
cka_feddst,mnist,0.9,13,results/logs/cka_strength_sweep/mnist_all_20260516_024344/strength_0p9/seed_13/splits/mnist_split_seed13_clients5_alpha0p3_ref200.json,0.9,6,fc1,2,4,0.9920894503593445,0.9829130172729492,200
cka_feddst,mnist,0.9,13,results/logs/cka_strength_sweep/mnist_all_20260516_024344/strength_0p9/seed_13/splits/mnist_split_seed13_clients5_alpha0p3_ref200.json,0.9,6,fc1,3,0,0.9747722148895264,0.9829130172729492,200
cka_feddst,mnist,0.9,13,results/logs/cka_strength_sweep/mnist_all_20260516_024344/strength_0p9/seed_13/splits/mnist_split_seed13_clients5_alpha0p3_ref200.json,0.9,6,fc1,3,1,0.9937301874160767,0.9829130172729492,200
cka_feddst,mnist,0.9,13,results/logs/cka_strength_sweep/mnist_all_20260516_024344/strength_0p9/seed_13/splits/mnist_split_seed13_clients5_alpha0p3_ref200.json,0.9,6,fc1,3,2,0.9801661968231201,0.9829130172729492,200
cka_feddst,mnist,0.9,13,results/logs/cka_strength_sweep/mnist_all_20260516_024344/strength_0p9/seed_13/splits/mnist_split_seed13_clients5_alpha0p3_ref200.json,0.9,6,fc1,3,3,1.0,0.9829130172729492,200
cka_feddst,mnist,0.9,13,results/logs/cka_strength_sweep/mnist_all_20260516_024344/strength_0p9/seed_13/splits/mnist_split_seed13_clients5_alpha0p3_ref200.json,0.9,6,fc1,3,4,0.9893869161605835,0.9829130172729492,200
cka_feddst,mnist,0.9,13,results/logs/cka_strength_sweep/mnist_all_20260516_024344/strength_0p9/seed_13/splits/mnist_split_seed13_clients5_alpha0p3_ref200.json,0.9,6,fc1,4,0,0.973732054233551,0.9829130172729492,200
cka_feddst,mnist,0.9,13,results/logs/cka_strength_sweep/mnist_all_20260516_024344/strength_0p9/seed_13/splits/mnist_split_seed13_clients5_alpha0p3_ref200.json,0.9,6,fc1,4,1,0.9920215010643005,0.9829130172729492,200
cka_feddst,mnist,0.9,13,results/logs/cka_strength_sweep/mnist_all_20260516_024344/strength_0p9/seed_13/splits/mnist_split_seed13_clients5_alpha0p3_ref200.json,0.9,6,fc1,4,2,0.9920894503593445,0.9829130172729492,200
cka_feddst,mnist,0.9,13,results/logs/cka_strength_sweep/mnist_all_20260516_024344/strength_0p9/seed_13/splits/mnist_split_seed13_clients5_alpha0p3_ref200.json,0.9,6,fc1,4,3,0.9893869161605835,0.9829130172729492,200
cka_feddst,mnist,0.9,13,results/logs/cka_strength_sweep/mnist_all_20260516_024344/strength_0p9/seed_13/splits/mnist_split_seed13_clients5_alpha0p3_ref200.json,0.9,6,fc1,4,4,1.0,0.9829130172729492,200
cka_feddst,mnist,0.9,13,results/logs/cka_strength_sweep/mnist_all_20260516_024344/strength_0p9/seed_13/splits/mnist_split_seed13_clients5_alpha0p3_ref200.json,0.9,8,conv1,0,0,1.0,0.9999569058418274,200
cka_feddst,mnist,0.9,13,results/logs/cka_strength_sweep/mnist_all_20260516_024344/strength_0p9/seed_13/splits/mnist_split_seed13_clients5_alpha0p3_ref200.json,0.9,8,conv1,0,1,0.999970555305481,0.9999569058418274,200
cka_feddst,mnist,0.9,13,results/logs/cka_strength_sweep/mnist_all_20260516_024344/strength_0p9/seed_13/splits/mnist_split_seed13_clients5_alpha0p3_ref200.json,0.9,8,conv1,0,2,0.9999955296516418,0.9999569058418274,200
cka_feddst,mnist,0.9,13,results/logs/cka_strength_sweep/mnist_all_20260516_024344/strength_0p9/seed_13/splits/mnist_split_seed13_clients5_alpha0p3_ref200.json,0.9,8,conv1,0,3,0.9999918937683105,0.9999569058418274,200
cka_feddst,mnist,0.9,13,results/logs/cka_strength_sweep/mnist_all_20260516_024344/strength_0p9/seed_13/splits/mnist_split_seed13_clients5_alpha0p3_ref200.json,0.9,8,conv1,0,4,0.999934196472168,0.9999569058418274,200
cka_feddst,mnist,0.9,13,results/logs/cka_strength_sweep/mnist_all_20260516_024344/strength_0p9/seed_13/splits/mnist_split_seed13_clients5_alpha0p3_ref200.json,0.9,8,conv1,1,0,0.999970555305481,0.9999569058418274,200
cka_feddst,mnist,0.9,13,results/logs/cka_strength_sweep/mnist_all_20260516_024344/strength_0p9/seed_13/splits/mnist_split_seed13_clients5_alpha0p3_ref200.json,0.9,8,conv1,1,1,1.0,0.9999569058418274,200
cka_feddst,mnist,0.9,13,results/logs/cka_strength_sweep/mnist_all_20260516_024344/strength_0p9/seed_13/splits/mnist_split_seed13_clients5_alpha0p3_ref200.json,0.9,8,conv1,1,2,0.9999427199363708,0.9999569058418274,200
cka_feddst,mnist,0.9,13,results/logs/cka_strength_sweep/mnist_all_20260516_024344/strength_0p9/seed_13/splits/mnist_split_seed13_clients5_alpha0p3_ref200.json,0.9,8,conv1,1,3,0.9999549388885498,0.9999569058418274,200
cka_feddst,mnist,0.9,13,results/logs/cka_strength_sweep/mnist_all_20260516_024344/strength_0p9/seed_13/splits/mnist_split_seed13_clients5_alpha0p3_ref200.json,0.9,8,conv1,1,4,0.9999890923500061,0.9999569058418274,200
cka_feddst,mnist,0.9,13,results/logs/cka_strength_sweep/mnist_all_20260516_024344/strength_0p9/seed_13/splits/mnist_split_seed13_clients5_alpha0p3_ref200.json,0.9,8,conv1,2,0,0.9999955296516418,0.9999569058418274,200
cka_feddst,mnist,0.9,13,results/logs/cka_strength_sweep/mnist_all_20260516_024344/strength_0p9/seed_13/splits/mnist_split_seed13_clients5_alpha0p3_ref200.json,0.9,8,conv1,2,1,0.9999427199363708,0.9999569058418274,200
cka_feddst,mnist,0.9,13,results/logs/cka_strength_sweep/mnist_all_20260516_024344/strength_0p9/seed_13/splits/mnist_split_seed13_clients5_alpha0p3_ref200.json,0.9,8,conv1,2,2,1.0,0.9999569058418274,200
cka_feddst,mnist,0.9,13,results/logs/cka_strength_sweep/mnist_all_20260516_024344/strength_0p9/seed_13/splits/mnist_split_seed13_clients5_alpha0p3_ref200.json,0.9,8,conv1,2,3,0.999992311000824,0.9999569058418274,200
cka_feddst,mnist,0.9,13,results/logs/cka_strength_sweep/mnist_all_20260516_024344/strength_0p9/seed_13/splits/mnist_split_seed13_clients5_alpha0p3_ref200.json,0.9,8,conv1,2,4,0.9998942017555237,0.9999569058418274,200
cka_feddst,mnist,0.9,13,results/logs/cka_strength_sweep/mnist_all_20260516_024344/strength_0p9/seed_13/splits/mnist_split_seed13_clients5_alpha0p3_ref200.json,0.9,8,conv1,3,0,0.9999918937683105,0.9999569058418274,200
cka_feddst,mnist,0.9,13,results/logs/cka_strength_sweep/mnist_all_20260516_024344/strength_0p9/seed_13/splits/mnist_split_seed13_clients5_alpha0p3_ref200.json,0.9,8,conv1,3,1,0.9999549388885498,0.9999569058418274,200
cka_feddst,mnist,0.9,13,results/logs/cka_strength_sweep/mnist_all_20260516_024344/strength_0p9/seed_13/splits/mnist_split_seed13_clients5_alpha0p3_ref200.json,0.9,8,conv1,3,2,0.999992311000824,0.9999569058418274,200
cka_feddst,mnist,0.9,13,results/logs/cka_strength_sweep/mnist_all_20260516_024344/strength_0p9/seed_13/splits/mnist_split_seed13_clients5_alpha0p3_ref200.json,0.9,8,conv1,3,3,1.0,0.9999569058418274,200
cka_feddst,mnist,0.9,13,results/logs/cka_strength_sweep/mnist_all_20260516_024344/strength_0p9/seed_13/splits/mnist_split_seed13_clients5_alpha0p3_ref200.json,0.9,8,conv1,3,4,0.9999026656150818,0.9999569058418274,200
cka_feddst,mnist,0.9,13,results/logs/cka_strength_sweep/mnist_all_20260516_024344/strength_0p9/seed_13/splits/mnist_split_seed13_clients5_alpha0p3_ref200.json,0.9,8,conv1,4,0,0.999934196472168,0.9999569058418274,200
cka_feddst,mnist,0.9,13,results/logs/cka_strength_sweep/mnist_all_20260516_024344/strength_0p9/seed_13/splits/mnist_split_seed13_clients5_alpha0p3_ref200.json,0.9,8,conv1,4,1,0.9999890923500061,0.9999569058418274,200
cka_feddst,mnist,0.9,13,results/logs/cka_strength_sweep/mnist_all_20260516_024344/strength_0p9/seed_13/splits/mnist_split_seed13_clients5_alpha0p3_ref200.json,0.9,8,conv1,4,2,0.9998942017555237,0.9999569058418274,200
cka_feddst,mnist,0.9,13,results/logs/cka_strength_sweep/mnist_all_20260516_024344/strength_0p9/seed_13/splits/mnist_split_seed13_clients5_alpha0p3_ref200.json,0.9,8,conv1,4,3,0.9999026656150818,0.9999569058418274,200
cka_feddst,mnist,0.9,13,results/logs/cka_strength_sweep/mnist_all_20260516_024344/strength_0p9/seed_13/splits/mnist_split_seed13_clients5_alpha0p3_ref200.json,0.9,8,conv1,4,4,1.0,0.9999569058418274,200
cka_feddst,mnist,0.9,13,results/logs/cka_strength_sweep/mnist_all_20260516_024344/strength_0p9/seed_13/splits/mnist_split_seed13_clients5_alpha0p3_ref200.json,0.9,8,conv2,0,0,1.0,0.9999386072158813,200
cka_feddst,mnist,0.9,13,results/logs/cka_strength_sweep/mnist_all_20260516_024344/strength_0p9/seed_13/splits/mnist_split_seed13_clients5_alpha0p3_ref200.json,0.9,8,conv2,0,1,0.9999580383300781,0.9999386072158813,200
cka_feddst,mnist,0.9,13,results/logs/cka_strength_sweep/mnist_all_20260516_024344/strength_0p9/seed_13/splits/mnist_split_seed13_clients5_alpha0p3_ref200.json,0.9,8,conv2,0,2,0.9999936819076538,0.9999386072158813,200
cka_feddst,mnist,0.9,13,results/logs/cka_strength_sweep/mnist_all_20260516_024344/strength_0p9/seed_13/splits/mnist_split_seed13_clients5_alpha0p3_ref200.json,0.9,8,conv2,0,3,0.9998794794082642,0.9999386072158813,200
cka_feddst,mnist,0.9,13,results/logs/cka_strength_sweep/mnist_all_20260516_024344/strength_0p9/seed_13/splits/mnist_split_seed13_clients5_alpha0p3_ref200.json,0.9,8,conv2,0,4,0.999970018863678,0.9999386072158813,200
cka_feddst,mnist,0.9,13,results/logs/cka_strength_sweep/mnist_all_20260516_024344/strength_0p9/seed_13/splits/mnist_split_seed13_clients5_alpha0p3_ref200.json,0.9,8,conv2,1,0,0.9999580383300781,0.9999386072158813,200
cka_feddst,mnist,0.9,13,results/logs/cka_strength_sweep/mnist_all_20260516_024344/strength_0p9/seed_13/splits/mnist_split_seed13_clients5_alpha0p3_ref200.json,0.9,8,conv2,1,1,1.0,0.9999386072158813,200
cka_feddst,mnist,0.9,13,results/logs/cka_strength_sweep/mnist_all_20260516_024344/strength_0p9/seed_13/splits/mnist_split_seed13_clients5_alpha0p3_ref200.json,0.9,8,conv2,1,2,0.9999465942382812,0.9999386072158813,200
cka_feddst,mnist,0.9,13,results/logs/cka_strength_sweep/mnist_all_20260516_024344/strength_0p9/seed_13/splits/mnist_split_seed13_clients5_alpha0p3_ref200.json,0.9,8,conv2,1,3,0.9999569654464722,0.9999386072158813,200
cka_feddst,mnist,0.9,13,results/logs/cka_strength_sweep/mnist_all_20260516_024344/strength_0p9/seed_13/splits/mnist_split_seed13_clients5_alpha0p3_ref200.json,0.9,8,conv2,1,4,0.9999731779098511,0.9999386072158813,200
cka_feddst,mnist,0.9,13,results/logs/cka_strength_sweep/mnist_all_20260516_024344/strength_0p9/seed_13/splits/mnist_split_seed13_clients5_alpha0p3_ref200.json,0.9,8,conv2,2,0,0.9999936819076538,0.9999386072158813,200
cka_feddst,mnist,0.9,13,results/logs/cka_strength_sweep/mnist_all_20260516_024344/strength_0p9/seed_13/splits/mnist_split_seed13_clients5_alpha0p3_ref200.json,0.9,8,conv2,2,1,0.9999465942382812,0.9999386072158813,200
cka_feddst,mnist,0.9,13,results/logs/cka_strength_sweep/mnist_all_20260516_024344/strength_0p9/seed_13/splits/mnist_split_seed13_clients5_alpha0p3_ref200.json,0.9,8,conv2,2,2,1.0,0.9999386072158813,200
cka_feddst,mnist,0.9,13,results/logs/cka_strength_sweep/mnist_all_20260516_024344/strength_0p9/seed_13/splits/mnist_split_seed13_clients5_alpha0p3_ref200.json,0.9,8,conv2,2,3,0.9998692274093628,0.9999386072158813,200
cka_feddst,mnist,0.9,13,results/logs/cka_strength_sweep/mnist_all_20260516_024344/strength_0p9/seed_13/splits/mnist_split_seed13_clients5_alpha0p3_ref200.json,0.9,8,conv2,2,4,0.9999396800994873,0.9999386072158813,200
cka_feddst,mnist,0.9,13,results/logs/cka_strength_sweep/mnist_all_20260516_024344/strength_0p9/seed_13/splits/mnist_split_seed13_clients5_alpha0p3_ref200.json,0.9,8,conv2,3,0,0.9998794794082642,0.9999386072158813,200
cka_feddst,mnist,0.9,13,results/logs/cka_strength_sweep/mnist_all_20260516_024344/strength_0p9/seed_13/splits/mnist_split_seed13_clients5_alpha0p3_ref200.json,0.9,8,conv2,3,1,0.9999569654464722,0.9999386072158813,200
cka_feddst,mnist,0.9,13,results/logs/cka_strength_sweep/mnist_all_20260516_024344/strength_0p9/seed_13/splits/mnist_split_seed13_clients5_alpha0p3_ref200.json,0.9,8,conv2,3,2,0.9998692274093628,0.9999386072158813,200
cka_feddst,mnist,0.9,13,results/logs/cka_strength_sweep/mnist_all_20260516_024344/strength_0p9/seed_13/splits/mnist_split_seed13_clients5_alpha0p3_ref200.json,0.9,8,conv2,3,3,1.0,0.9999386072158813,200
cka_feddst,mnist,0.9,13,results/logs/cka_strength_sweep/mnist_all_20260516_024344/strength_0p9/seed_13/splits/mnist_split_seed13_clients5_alpha0p3_ref200.json,0.9,8,conv2,3,4,0.99989914894104,0.9999386072158813,200
cka_feddst,mnist,0.9,13,results/logs/cka_strength_sweep/mnist_all_20260516_024344/strength_0p9/seed_13/splits/mnist_split_seed13_clients5_alpha0p3_ref200.json,0.9,8,conv2,4,0,0.999970018863678,0.9999386072158813,200
cka_feddst,mnist,0.9,13,results/logs/cka_strength_sweep/mnist_all_20260516_024344/strength_0p9/seed_13/splits/mnist_split_seed13_clients5_alpha0p3_ref200.json,0.9,8,conv2,4,1,0.9999731779098511,0.9999386072158813,200
cka_feddst,mnist,0.9,13,results/logs/cka_strength_sweep/mnist_all_20260516_024344/strength_0p9/seed_13/splits/mnist_split_seed13_clients5_alpha0p3_ref200.json,0.9,8,conv2,4,2,0.9999396800994873,0.9999386072158813,200
cka_feddst,mnist,0.9,13,results/logs/cka_strength_sweep/mnist_all_20260516_024344/strength_0p9/seed_13/splits/mnist_split_seed13_clients5_alpha0p3_ref200.json,0.9,8,conv2,4,3,0.99989914894104,0.9999386072158813,200
cka_feddst,mnist,0.9,13,results/logs/cka_strength_sweep/mnist_all_20260516_024344/strength_0p9/seed_13/splits/mnist_split_seed13_clients5_alpha0p3_ref200.json,0.9,8,conv2,4,4,1.0,0.9999386072158813,200
cka_feddst,mnist,0.9,13,results/logs/cka_strength_sweep/mnist_all_20260516_024344/strength_0p9/seed_13/splits/mnist_split_seed13_clients5_alpha0p3_ref200.json,0.9,8,fc1,0,0,1.0,0.9039465188980103,200
cka_feddst,mnist,0.9,13,results/logs/cka_strength_sweep/mnist_all_20260516_024344/strength_0p9/seed_13/splits/mnist_split_seed13_clients5_alpha0p3_ref200.json,0.9,8,fc1,0,1,0.9122921228408813,0.9039465188980103,200
cka_feddst,mnist,0.9,13,results/logs/cka_strength_sweep/mnist_all_20260516_024344/strength_0p9/seed_13/splits/mnist_split_seed13_clients5_alpha0p3_ref200.json,0.9,8,fc1,0,2,0.9201803207397461,0.9039465188980103,200
cka_feddst,mnist,0.9,13,results/logs/cka_strength_sweep/mnist_all_20260516_024344/strength_0p9/seed_13/splits/mnist_split_seed13_clients5_alpha0p3_ref200.json,0.9,8,fc1,0,3,0.8826853632926941,0.9039465188980103,200
cka_feddst,mnist,0.9,13,results/logs/cka_strength_sweep/mnist_all_20260516_024344/strength_0p9/seed_13/splits/mnist_split_seed13_clients5_alpha0p3_ref200.json,0.9,8,fc1,0,4,0.9143356084823608,0.9039465188980103,200
cka_feddst,mnist,0.9,13,results/logs/cka_strength_sweep/mnist_all_20260516_024344/strength_0p9/seed_13/splits/mnist_split_seed13_clients5_alpha0p3_ref200.json,0.9,8,fc1,1,0,0.9122921228408813,0.9039465188980103,200
cka_feddst,mnist,0.9,13,results/logs/cka_strength_sweep/mnist_all_20260516_024344/strength_0p9/seed_13/splits/mnist_split_seed13_clients5_alpha0p3_ref200.json,0.9,8,fc1,1,1,1.0,0.9039465188980103,200
cka_feddst,mnist,0.9,13,results/logs/cka_strength_sweep/mnist_all_20260516_024344/strength_0p9/seed_13/splits/mnist_split_seed13_clients5_alpha0p3_ref200.json,0.9,8,fc1,1,2,0.8815888166427612,0.9039465188980103,200
cka_feddst,mnist,0.9,13,results/logs/cka_strength_sweep/mnist_all_20260516_024344/strength_0p9/seed_13/splits/mnist_split_seed13_clients5_alpha0p3_ref200.json,0.9,8,fc1,1,3,0.9553951025009155,0.9039465188980103,200
cka_feddst,mnist,0.9,13,results/logs/cka_strength_sweep/mnist_all_20260516_024344/strength_0p9/seed_13/splits/mnist_split_seed13_clients5_alpha0p3_ref200.json,0.9,8,fc1,1,4,0.9068326354026794,0.9039465188980103,200
cka_feddst,mnist,0.9,13,results/logs/cka_strength_sweep/mnist_all_20260516_024344/strength_0p9/seed_13/splits/mnist_split_seed13_clients5_alpha0p3_ref200.json,0.9,8,fc1,2,0,0.9201803207397461,0.9039465188980103,200
cka_feddst,mnist,0.9,13,results/logs/cka_strength_sweep/mnist_all_20260516_024344/strength_0p9/seed_13/splits/mnist_split_seed13_clients5_alpha0p3_ref200.json,0.9,8,fc1,2,1,0.8815888166427612,0.9039465188980103,200
cka_feddst,mnist,0.9,13,results/logs/cka_strength_sweep/mnist_all_20260516_024344/strength_0p9/seed_13/splits/mnist_split_seed13_clients5_alpha0p3_ref200.json,0.9,8,fc1,2,2,1.0,0.9039465188980103,200
cka_feddst,mnist,0.9,13,results/logs/cka_strength_sweep/mnist_all_20260516_024344/strength_0p9/seed_13/splits/mnist_split_seed13_clients5_alpha0p3_ref200.json,0.9,8,fc1,2,3,0.8414785861968994,0.9039465188980103,200
cka_feddst,mnist,0.9,13,results/logs/cka_strength_sweep/mnist_all_20260516_024344/strength_0p9/seed_13/splits/mnist_split_seed13_clients5_alpha0p3_ref200.json,0.9,8,fc1,2,4,0.9536537528038025,0.9039465188980103,200
cka_feddst,mnist,0.9,13,results/logs/cka_strength_sweep/mnist_all_20260516_024344/strength_0p9/seed_13/splits/mnist_split_seed13_clients5_alpha0p3_ref200.json,0.9,8,fc1,3,0,0.8826853632926941,0.9039465188980103,200
cka_feddst,mnist,0.9,13,results/logs/cka_strength_sweep/mnist_all_20260516_024344/strength_0p9/seed_13/splits/mnist_split_seed13_clients5_alpha0p3_ref200.json,0.9,8,fc1,3,1,0.9553951025009155,0.9039465188980103,200
cka_feddst,mnist,0.9,13,results/logs/cka_strength_sweep/mnist_all_20260516_024344/strength_0p9/seed_13/splits/mnist_split_seed13_clients5_alpha0p3_ref200.json,0.9,8,fc1,3,2,0.8414785861968994,0.9039465188980103,200
cka_feddst,mnist,0.9,13,results/logs/cka_strength_sweep/mnist_all_20260516_024344/strength_0p9/seed_13/splits/mnist_split_seed13_clients5_alpha0p3_ref200.json,0.9,8,fc1,3,3,1.0,0.9039465188980103,200
cka_feddst,mnist,0.9,13,results/logs/cka_strength_sweep/mnist_all_20260516_024344/strength_0p9/seed_13/splits/mnist_split_seed13_clients5_alpha0p3_ref200.json,0.9,8,fc1,3,4,0.8710230588912964,0.9039465188980103,200
cka_feddst,mnist,0.9,13,results/logs/cka_strength_sweep/mnist_all_20260516_024344/strength_0p9/seed_13/splits/mnist_split_seed13_clients5_alpha0p3_ref200.json,0.9,8,fc1,4,0,0.9143356084823608,0.9039465188980103,200
cka_feddst,mnist,0.9,13,results/logs/cka_strength_sweep/mnist_all_20260516_024344/strength_0p9/seed_13/splits/mnist_split_seed13_clients5_alpha0p3_ref200.json,0.9,8,fc1,4,1,0.9068326354026794,0.9039465188980103,200
cka_feddst,mnist,0.9,13,results/logs/cka_strength_sweep/mnist_all_20260516_024344/strength_0p9/seed_13/splits/mnist_split_seed13_clients5_alpha0p3_ref200.json,0.9,8,fc1,4,2,0.9536537528038025,0.9039465188980103,200
cka_feddst,mnist,0.9,13,results/logs/cka_strength_sweep/mnist_all_20260516_024344/strength_0p9/seed_13/splits/mnist_split_seed13_clients5_alpha0p3_ref200.json,0.9,8,fc1,4,3,0.8710230588912964,0.9039465188980103,200
cka_feddst,mnist,0.9,13,results/logs/cka_strength_sweep/mnist_all_20260516_024344/strength_0p9/seed_13/splits/mnist_split_seed13_clients5_alpha0p3_ref200.json,0.9,8,fc1,4,4,1.0,0.9039465188980103,200
cka_feddst,mnist,0.9,13,results/logs/cka_strength_sweep/mnist_all_20260516_024344/strength_0p9/seed_13/splits/mnist_split_seed13_clients5_alpha0p3_ref200.json,0.9,10,conv1,0,0,1.0,0.9999858140945435,200
cka_feddst,mnist,0.9,13,results/logs/cka_strength_sweep/mnist_all_20260516_024344/strength_0p9/seed_13/splits/mnist_split_seed13_clients5_alpha0p3_ref200.json,0.9,10,conv1,0,1,0.9999579787254333,0.9999858140945435,200
cka_feddst,mnist,0.9,13,results/logs/cka_strength_sweep/mnist_all_20260516_024344/strength_0p9/seed_13/splits/mnist_split_seed13_clients5_alpha0p3_ref200.json,0.9,10,conv1,0,2,0.9999988675117493,0.9999858140945435,200
cka_feddst,mnist,0.9,13,results/logs/cka_strength_sweep/mnist_all_20260516_024344/strength_0p9/seed_13/splits/mnist_split_seed13_clients5_alpha0p3_ref200.json,0.9,10,conv1,0,3,0.9999933242797852,0.9999858140945435,200
cka_feddst,mnist,0.9,13,results/logs/cka_strength_sweep/mnist_all_20260516_024344/strength_0p9/seed_13/splits/mnist_split_seed13_clients5_alpha0p3_ref200.json,0.9,10,conv1,0,4,0.9999924302101135,0.9999858140945435,200
cka_feddst,mnist,0.9,13,results/logs/cka_strength_sweep/mnist_all_20260516_024344/strength_0p9/seed_13/splits/mnist_split_seed13_clients5_alpha0p3_ref200.json,0.9,10,conv1,1,0,0.9999579787254333,0.9999858140945435,200
cka_feddst,mnist,0.9,13,results/logs/cka_strength_sweep/mnist_all_20260516_024344/strength_0p9/seed_13/splits/mnist_split_seed13_clients5_alpha0p3_ref200.json,0.9,10,conv1,1,1,1.0,0.9999858140945435,200
cka_feddst,mnist,0.9,13,results/logs/cka_strength_sweep/mnist_all_20260516_024344/strength_0p9/seed_13/splits/mnist_split_seed13_clients5_alpha0p3_ref200.json,0.9,10,conv1,1,2,0.9999694228172302,0.9999858140945435,200
cka_feddst,mnist,0.9,13,results/logs/cka_strength_sweep/mnist_all_20260516_024344/strength_0p9/seed_13/splits/mnist_split_seed13_clients5_alpha0p3_ref200.json,0.9,10,conv1,1,3,0.9999837875366211,0.9999858140945435,200
cka_feddst,mnist,0.9,13,results/logs/cka_strength_sweep/mnist_all_20260516_024344/strength_0p9/seed_13/splits/mnist_split_seed13_clients5_alpha0p3_ref200.json,0.9,10,conv1,1,4,0.9999727606773376,0.9999858140945435,200
cka_feddst,mnist,0.9,13,results/logs/cka_strength_sweep/mnist_all_20260516_024344/strength_0p9/seed_13/splits/mnist_split_seed13_clients5_alpha0p3_ref200.json,0.9,10,conv1,2,0,0.9999988675117493,0.9999858140945435,200
cka_feddst,mnist,0.9,13,results/logs/cka_strength_sweep/mnist_all_20260516_024344/strength_0p9/seed_13/splits/mnist_split_seed13_clients5_alpha0p3_ref200.json,0.9,10,conv1,2,1,0.9999694228172302,0.9999858140945435,200
cka_feddst,mnist,0.9,13,results/logs/cka_strength_sweep/mnist_all_20260516_024344/strength_0p9/seed_13/splits/mnist_split_seed13_clients5_alpha0p3_ref200.json,0.9,10,conv1,2,2,1.0,0.9999858140945435,200
cka_feddst,mnist,0.9,13,results/logs/cka_strength_sweep/mnist_all_20260516_024344/strength_0p9/seed_13/splits/mnist_split_seed13_clients5_alpha0p3_ref200.json,0.9,10,conv1,2,3,0.9999974966049194,0.9999858140945435,200
cka_feddst,mnist,0.9,13,results/logs/cka_strength_sweep/mnist_all_20260516_024344/strength_0p9/seed_13/splits/mnist_split_seed13_clients5_alpha0p3_ref200.json,0.9,10,conv1,2,4,0.9999952912330627,0.9999858140945435,200
cka_feddst,mnist,0.9,13,results/logs/cka_strength_sweep/mnist_all_20260516_024344/strength_0p9/seed_13/splits/mnist_split_seed13_clients5_alpha0p3_ref200.json,0.9,10,conv1,3,0,0.9999933242797852,0.9999858140945435,200
cka_feddst,mnist,0.9,13,results/logs/cka_strength_sweep/mnist_all_20260516_024344/strength_0p9/seed_13/splits/mnist_split_seed13_clients5_alpha0p3_ref200.json,0.9,10,conv1,3,1,0.9999837875366211,0.9999858140945435,200
cka_feddst,mnist,0.9,13,results/logs/cka_strength_sweep/mnist_all_20260516_024344/strength_0p9/seed_13/splits/mnist_split_seed13_clients5_alpha0p3_ref200.json,0.9,10,conv1,3,2,0.9999974966049194,0.9999858140945435,200
cka_feddst,mnist,0.9,13,results/logs/cka_strength_sweep/mnist_all_20260516_024344/strength_0p9/seed_13/splits/mnist_split_seed13_clients5_alpha0p3_ref200.json,0.9,10,conv1,3,3,1.0,0.9999858140945435,200
cka_feddst,mnist,0.9,13,results/logs/cka_strength_sweep/mnist_all_20260516_024344/strength_0p9/seed_13/splits/mnist_split_seed13_clients5_alpha0p3_ref200.json,0.9,10,conv1,3,4,0.9999971389770508,0.9999858140945435,200
cka_feddst,mnist,0.9,13,results/logs/cka_strength_sweep/mnist_all_20260516_024344/strength_0p9/seed_13/splits/mnist_split_seed13_clients5_alpha0p3_ref200.json,0.9,10,conv1,4,0,0.9999924302101135,0.9999858140945435,200
cka_feddst,mnist,0.9,13,results/logs/cka_strength_sweep/mnist_all_20260516_024344/strength_0p9/seed_13/splits/mnist_split_seed13_clients5_alpha0p3_ref200.json,0.9,10,conv1,4,1,0.9999727606773376,0.9999858140945435,200
cka_feddst,mnist,0.9,13,results/logs/cka_strength_sweep/mnist_all_20260516_024344/strength_0p9/seed_13/splits/mnist_split_seed13_clients5_alpha0p3_ref200.json,0.9,10,conv1,4,2,0.9999952912330627,0.9999858140945435,200
cka_feddst,mnist,0.9,13,results/logs/cka_strength_sweep/mnist_all_20260516_024344/strength_0p9/seed_13/splits/mnist_split_seed13_clients5_alpha0p3_ref200.json,0.9,10,conv1,4,3,0.9999971389770508,0.9999858140945435,200
cka_feddst,mnist,0.9,13,results/logs/cka_strength_sweep/mnist_all_20260516_024344/strength_0p9/seed_13/splits/mnist_split_seed13_clients5_alpha0p3_ref200.json,0.9,10,conv1,4,4,1.0,0.9999858140945435,200
cka_feddst,mnist,0.9,13,results/logs/cka_strength_sweep/mnist_all_20260516_024344/strength_0p9/seed_13/splits/mnist_split_seed13_clients5_alpha0p3_ref200.json,0.9,10,conv2,0,0,1.0,0.9999223947525024,200
cka_feddst,mnist,0.9,13,results/logs/cka_strength_sweep/mnist_all_20260516_024344/strength_0p9/seed_13/splits/mnist_split_seed13_clients5_alpha0p3_ref200.json,0.9,10,conv2,0,1,0.9998037815093994,0.9999223947525024,200
cka_feddst,mnist,0.9,13,results/logs/cka_strength_sweep/mnist_all_20260516_024344/strength_0p9/seed_13/splits/mnist_split_seed13_clients5_alpha0p3_ref200.json,0.9,10,conv2,0,2,0.9999982118606567,0.9999223947525024,200
cka_feddst,mnist,0.9,13,results/logs/cka_strength_sweep/mnist_all_20260516_024344/strength_0p9/seed_13/splits/mnist_split_seed13_clients5_alpha0p3_ref200.json,0.9,10,conv2,0,3,0.9999907612800598,0.9999223947525024,200
cka_feddst,mnist,0.9,13,results/logs/cka_strength_sweep/mnist_all_20260516_024344/strength_0p9/seed_13/splits/mnist_split_seed13_clients5_alpha0p3_ref200.json,0.9,10,conv2,0,4,0.9999886155128479,0.9999223947525024,200
cka_feddst,mnist,0.9,13,results/logs/cka_strength_sweep/mnist_all_20260516_024344/strength_0p9/seed_13/splits/mnist_split_seed13_clients5_alpha0p3_ref200.json,0.9,10,conv2,1,0,0.9998037815093994,0.9999223947525024,200
cka_feddst,mnist,0.9,13,results/logs/cka_strength_sweep/mnist_all_20260516_024344/strength_0p9/seed_13/splits/mnist_split_seed13_clients5_alpha0p3_ref200.json,0.9,10,conv2,1,1,1.0,0.9999223947525024,200
cka_feddst,mnist,0.9,13,results/logs/cka_strength_sweep/mnist_all_20260516_024344/strength_0p9/seed_13/splits/mnist_split_seed13_clients5_alpha0p3_ref200.json,0.9,10,conv2,1,2,0.9998314380645752,0.9999223947525024,200
cka_feddst,mnist,0.9,13,results/logs/cka_strength_sweep/mnist_all_20260516_024344/strength_0p9/seed_13/splits/mnist_split_seed13_clients5_alpha0p3_ref200.json,0.9,10,conv2,1,3,0.9998682141304016,0.9999223947525024,200
cka_feddst,mnist,0.9,13,results/logs/cka_strength_sweep/mnist_all_20260516_024344/strength_0p9/seed_13/splits/mnist_split_seed13_clients5_alpha0p3_ref200.json,0.9,10,conv2,1,4,0.9997694492340088,0.9999223947525024,200
cka_feddst,mnist,0.9,13,results/logs/cka_strength_sweep/mnist_all_20260516_024344/strength_0p9/seed_13/splits/mnist_split_seed13_clients5_alpha0p3_ref200.json,0.9,10,conv2,2,0,0.9999982118606567,0.9999223947525024,200
cka_feddst,mnist,0.9,13,results/logs/cka_strength_sweep/mnist_all_20260516_024344/strength_0p9/seed_13/splits/mnist_split_seed13_clients5_alpha0p3_ref200.json,0.9,10,conv2,2,1,0.9998314380645752,0.9999223947525024,200
cka_feddst,mnist,0.9,13,results/logs/cka_strength_sweep/mnist_all_20260516_024344/strength_0p9/seed_13/splits/mnist_split_seed13_clients5_alpha0p3_ref200.json,0.9,10,conv2,2,2,1.0,0.9999223947525024,200
cka_feddst,mnist,0.9,13,results/logs/cka_strength_sweep/mnist_all_20260516_024344/strength_0p9/seed_13/splits/mnist_split_seed13_clients5_alpha0p3_ref200.json,0.9,10,conv2,2,3,0.9999970197677612,0.9999223947525024,200
cka_feddst,mnist,0.9,13,results/logs/cka_strength_sweep/mnist_all_20260516_024344/strength_0p9/seed_13/splits/mnist_split_seed13_clients5_alpha0p3_ref200.json,0.9,10,conv2,2,4,0.9999907612800598,0.9999223947525024,200
cka_feddst,mnist,0.9,13,results/logs/cka_strength_sweep/mnist_all_20260516_024344/strength_0p9/seed_13/splits/mnist_split_seed13_clients5_alpha0p3_ref200.json,0.9,10,conv2,3,0,0.9999907612800598,0.9999223947525024,200
cka_feddst,mnist,0.9,13,results/logs/cka_strength_sweep/mnist_all_20260516_024344/strength_0p9/seed_13/splits/mnist_split_seed13_clients5_alpha0p3_ref200.json,0.9,10,conv2,3,1,0.9998682141304016,0.9999223947525024,200
cka_feddst,mnist,0.9,13,results/logs/cka_strength_sweep/mnist_all_20260516_024344/strength_0p9/seed_13/splits/mnist_split_seed13_clients5_alpha0p3_ref200.json,0.9,10,conv2,3,2,0.9999970197677612,0.9999223947525024,200
cka_feddst,mnist,0.9,13,results/logs/cka_strength_sweep/mnist_all_20260516_024344/strength_0p9/seed_13/splits/mnist_split_seed13_clients5_alpha0p3_ref200.json,0.9,10,conv2,3,3,1.0,0.9999223947525024,200
cka_feddst,mnist,0.9,13,results/logs/cka_strength_sweep/mnist_all_20260516_024344/strength_0p9/seed_13/splits/mnist_split_seed13_clients5_alpha0p3_ref200.json,0.9,10,conv2,3,4,0.9999849796295166,0.9999223947525024,200
cka_feddst,mnist,0.9,13,results/logs/cka_strength_sweep/mnist_all_20260516_024344/strength_0p9/seed_13/splits/mnist_split_seed13_clients5_alpha0p3_ref200.json,0.9,10,conv2,4,0,0.9999886155128479,0.9999223947525024,200
cka_feddst,mnist,0.9,13,results/logs/cka_strength_sweep/mnist_all_20260516_024344/strength_0p9/seed_13/splits/mnist_split_seed13_clients5_alpha0p3_ref200.json,0.9,10,conv2,4,1,0.9997694492340088,0.9999223947525024,200
cka_feddst,mnist,0.9,13,results/logs/cka_strength_sweep/mnist_all_20260516_024344/strength_0p9/seed_13/splits/mnist_split_seed13_clients5_alpha0p3_ref200.json,0.9,10,conv2,4,2,0.9999907612800598,0.9999223947525024,200
cka_feddst,mnist,0.9,13,results/logs/cka_strength_sweep/mnist_all_20260516_024344/strength_0p9/seed_13/splits/mnist_split_seed13_clients5_alpha0p3_ref200.json,0.9,10,conv2,4,3,0.9999849796295166,0.9999223947525024,200
cka_feddst,mnist,0.9,13,results/logs/cka_strength_sweep/mnist_all_20260516_024344/strength_0p9/seed_13/splits/mnist_split_seed13_clients5_alpha0p3_ref200.json,0.9,10,conv2,4,4,1.0,0.9999223947525024,200
cka_feddst,mnist,0.9,13,results/logs/cka_strength_sweep/mnist_all_20260516_024344/strength_0p9/seed_13/splits/mnist_split_seed13_clients5_alpha0p3_ref200.json,0.9,10,fc1,0,0,1.0,0.9693536758422852,200
cka_feddst,mnist,0.9,13,results/logs/cka_strength_sweep/mnist_all_20260516_024344/strength_0p9/seed_13/splits/mnist_split_seed13_clients5_alpha0p3_ref200.json,0.9,10,fc1,0,1,0.9494901299476624,0.9693536758422852,200
cka_feddst,mnist,0.9,13,results/logs/cka_strength_sweep/mnist_all_20260516_024344/strength_0p9/seed_13/splits/mnist_split_seed13_clients5_alpha0p3_ref200.json,0.9,10,fc1,0,2,0.9795665740966797,0.9693536758422852,200
cka_feddst,mnist,0.9,13,results/logs/cka_strength_sweep/mnist_all_20260516_024344/strength_0p9/seed_13/splits/mnist_split_seed13_clients5_alpha0p3_ref200.json,0.9,10,fc1,0,3,0.9751562476158142,0.9693536758422852,200
cka_feddst,mnist,0.9,13,results/logs/cka_strength_sweep/mnist_all_20260516_024344/strength_0p9/seed_13/splits/mnist_split_seed13_clients5_alpha0p3_ref200.json,0.9,10,fc1,0,4,0.9865241050720215,0.9693536758422852,200
cka_feddst,mnist,0.9,13,results/logs/cka_strength_sweep/mnist_all_20260516_024344/strength_0p9/seed_13/splits/mnist_split_seed13_clients5_alpha0p3_ref200.json,0.9,10,fc1,1,0,0.9494901299476624,0.9693536758422852,200
cka_feddst,mnist,0.9,13,results/logs/cka_strength_sweep/mnist_all_20260516_024344/strength_0p9/seed_13/splits/mnist_split_seed13_clients5_alpha0p3_ref200.json,0.9,10,fc1,1,1,1.0,0.9693536758422852,200
cka_feddst,mnist,0.9,13,results/logs/cka_strength_sweep/mnist_all_20260516_024344/strength_0p9/seed_13/splits/mnist_split_seed13_clients5_alpha0p3_ref200.json,0.9,10,fc1,1,2,0.9496556520462036,0.9693536758422852,200
cka_feddst,mnist,0.9,13,results/logs/cka_strength_sweep/mnist_all_20260516_024344/strength_0p9/seed_13/splits/mnist_split_seed13_clients5_alpha0p3_ref200.json,0.9,10,fc1,1,3,0.9540998339653015,0.9693536758422852,200
cka_feddst,mnist,0.9,13,results/logs/cka_strength_sweep/mnist_all_20260516_024344/strength_0p9/seed_13/splits/mnist_split_seed13_clients5_alpha0p3_ref200.json,0.9,10,fc1,1,4,0.9429125189781189,0.9693536758422852,200
cka_feddst,mnist,0.9,13,results/logs/cka_strength_sweep/mnist_all_20260516_024344/strength_0p9/seed_13/splits/mnist_split_seed13_clients5_alpha0p3_ref200.json,0.9,10,fc1,2,0,0.9795665740966797,0.9693536758422852,200
cka_feddst,mnist,0.9,13,results/logs/cka_strength_sweep/mnist_all_20260516_024344/strength_0p9/seed_13/splits/mnist_split_seed13_clients5_alpha0p3_ref200.json,0.9,10,fc1,2,1,0.9496556520462036,0.9693536758422852,200
cka_feddst,mnist,0.9,13,results/logs/cka_strength_sweep/mnist_all_20260516_024344/strength_0p9/seed_13/splits/mnist_split_seed13_clients5_alpha0p3_ref200.json,0.9,10,fc1,2,2,1.0,0.9693536758422852,200
cka_feddst,mnist,0.9,13,results/logs/cka_strength_sweep/mnist_all_20260516_024344/strength_0p9/seed_13/splits/mnist_split_seed13_clients5_alpha0p3_ref200.json,0.9,10,fc1,2,3,0.9800279140472412,0.9693536758422852,200
cka_feddst,mnist,0.9,13,results/logs/cka_strength_sweep/mnist_all_20260516_024344/strength_0p9/seed_13/splits/mnist_split_seed13_clients5_alpha0p3_ref200.json,0.9,10,fc1,2,4,0.9912775754928589,0.9693536758422852,200
cka_feddst,mnist,0.9,13,results/logs/cka_strength_sweep/mnist_all_20260516_024344/strength_0p9/seed_13/splits/mnist_split_seed13_clients5_alpha0p3_ref200.json,0.9,10,fc1,3,0,0.9751562476158142,0.9693536758422852,200
cka_feddst,mnist,0.9,13,results/logs/cka_strength_sweep/mnist_all_20260516_024344/strength_0p9/seed_13/splits/mnist_split_seed13_clients5_alpha0p3_ref200.json,0.9,10,fc1,3,1,0.9540998339653015,0.9693536758422852,200
cka_feddst,mnist,0.9,13,results/logs/cka_strength_sweep/mnist_all_20260516_024344/strength_0p9/seed_13/splits/mnist_split_seed13_clients5_alpha0p3_ref200.json,0.9,10,fc1,3,2,0.9800279140472412,0.9693536758422852,200
cka_feddst,mnist,0.9,13,results/logs/cka_strength_sweep/mnist_all_20260516_024344/strength_0p9/seed_13/splits/mnist_split_seed13_clients5_alpha0p3_ref200.json,0.9,10,fc1,3,3,1.0,0.9693536758422852,200
cka_feddst,mnist,0.9,13,results/logs/cka_strength_sweep/mnist_all_20260516_024344/strength_0p9/seed_13/splits/mnist_split_seed13_clients5_alpha0p3_ref200.json,0.9,10,fc1,3,4,0.9848268628120422,0.9693536758422852,200
cka_feddst,mnist,0.9,13,results/logs/cka_strength_sweep/mnist_all_20260516_024344/strength_0p9/seed_13/splits/mnist_split_seed13_clients5_alpha0p3_ref200.json,0.9,10,fc1,4,0,0.9865241050720215,0.9693536758422852,200
cka_feddst,mnist,0.9,13,results/logs/cka_strength_sweep/mnist_all_20260516_024344/strength_0p9/seed_13/splits/mnist_split_seed13_clients5_alpha0p3_ref200.json,0.9,10,fc1,4,1,0.9429125189781189,0.9693536758422852,200
cka_feddst,mnist,0.9,13,results/logs/cka_strength_sweep/mnist_all_20260516_024344/strength_0p9/seed_13/splits/mnist_split_seed13_clients5_alpha0p3_ref200.json,0.9,10,fc1,4,2,0.9912775754928589,0.9693536758422852,200
cka_feddst,mnist,0.9,13,results/logs/cka_strength_sweep/mnist_all_20260516_024344/strength_0p9/seed_13/splits/mnist_split_seed13_clients5_alpha0p3_ref200.json,0.9,10,fc1,4,3,0.9848268628120422,0.9693536758422852,200
cka_feddst,mnist,0.9,13,results/logs/cka_strength_sweep/mnist_all_20260516_024344/strength_0p9/seed_13/splits/mnist_split_seed13_clients5_alpha0p3_ref200.json,0.9,10,fc1,4,4,1.0,0.9693536758422852,200
cka_feddst,mnist,0.9,13,results/logs/cka_strength_sweep/mnist_all_20260516_024344/strength_0p9/seed_13/splits/mnist_split_seed13_clients5_alpha0p3_ref200.json,0.9,12,conv1,0,0,1.0,0.9999960660934448,200
cka_feddst,mnist,0.9,13,results/logs/cka_strength_sweep/mnist_all_20260516_024344/strength_0p9/seed_13/splits/mnist_split_seed13_clients5_alpha0p3_ref200.json,0.9,12,conv1,0,1,0.9999940395355225,0.9999960660934448,200
cka_feddst,mnist,0.9,13,results/logs/cka_strength_sweep/mnist_all_20260516_024344/strength_0p9/seed_13/splits/mnist_split_seed13_clients5_alpha0p3_ref200.json,0.9,12,conv1,0,2,0.9999995827674866,0.9999960660934448,200
cka_feddst,mnist,0.9,13,results/logs/cka_strength_sweep/mnist_all_20260516_024344/strength_0p9/seed_13/splits/mnist_split_seed13_clients5_alpha0p3_ref200.json,0.9,12,conv1,0,3,0.9999954700469971,0.9999960660934448,200
cka_feddst,mnist,0.9,13,results/logs/cka_strength_sweep/mnist_all_20260516_024344/strength_0p9/seed_13/splits/mnist_split_seed13_clients5_alpha0p3_ref200.json,0.9,12,conv1,0,4,0.9999940991401672,0.9999960660934448,200
cka_feddst,mnist,0.9,13,results/logs/cka_strength_sweep/mnist_all_20260516_024344/strength_0p9/seed_13/splits/mnist_split_seed13_clients5_alpha0p3_ref200.json,0.9,12,conv1,1,0,0.9999940395355225,0.9999960660934448,200
cka_feddst,mnist,0.9,13,results/logs/cka_strength_sweep/mnist_all_20260516_024344/strength_0p9/seed_13/splits/mnist_split_seed13_clients5_alpha0p3_ref200.json,0.9,12,conv1,1,1,1.0,0.9999960660934448,200
cka_feddst,mnist,0.9,13,results/logs/cka_strength_sweep/mnist_all_20260516_024344/strength_0p9/seed_13/splits/mnist_split_seed13_clients5_alpha0p3_ref200.json,0.9,12,conv1,1,2,0.9999956488609314,0.9999960660934448,200
cka_feddst,mnist,0.9,13,results/logs/cka_strength_sweep/mnist_all_20260516_024344/strength_0p9/seed_13/splits/mnist_split_seed13_clients5_alpha0p3_ref200.json,0.9,12,conv1,1,3,0.9999962449073792,0.9999960660934448,200
cka_feddst,mnist,0.9,13,results/logs/cka_strength_sweep/mnist_all_20260516_024344/strength_0p9/seed_13/splits/mnist_split_seed13_clients5_alpha0p3_ref200.json,0.9,12,conv1,1,4,0.9999930262565613,0.9999960660934448,200
cka_feddst,mnist,0.9,13,results/logs/cka_strength_sweep/mnist_all_20260516_024344/strength_0p9/seed_13/splits/mnist_split_seed13_clients5_alpha0p3_ref200.json,0.9,12,conv1,2,0,0.9999995827674866,0.9999960660934448,200
cka_feddst,mnist,0.9,13,results/logs/cka_strength_sweep/mnist_all_20260516_024344/strength_0p9/seed_13/splits/mnist_split_seed13_clients5_alpha0p3_ref200.json,0.9,12,conv1,2,1,0.9999956488609314,0.9999960660934448,200
cka_feddst,mnist,0.9,13,results/logs/cka_strength_sweep/mnist_all_20260516_024344/strength_0p9/seed_13/splits/mnist_split_seed13_clients5_alpha0p3_ref200.json,0.9,12,conv1,2,2,1.0,0.9999960660934448,200
cka_feddst,mnist,0.9,13,results/logs/cka_strength_sweep/mnist_all_20260516_024344/strength_0p9/seed_13/splits/mnist_split_seed13_clients5_alpha0p3_ref200.json,0.9,12,conv1,2,3,0.999997079372406,0.9999960660934448,200
cka_feddst,mnist,0.9,13,results/logs/cka_strength_sweep/mnist_all_20260516_024344/strength_0p9/seed_13/splits/mnist_split_seed13_clients5_alpha0p3_ref200.json,0.9,12,conv1,2,4,0.9999960064888,0.9999960660934448,200
cka_feddst,mnist,0.9,13,results/logs/cka_strength_sweep/mnist_all_20260516_024344/strength_0p9/seed_13/splits/mnist_split_seed13_clients5_alpha0p3_ref200.json,0.9,12,conv1,3,0,0.9999954700469971,0.9999960660934448,200
cka_feddst,mnist,0.9,13,results/logs/cka_strength_sweep/mnist_all_20260516_024344/strength_0p9/seed_13/splits/mnist_split_seed13_clients5_alpha0p3_ref200.json,0.9,12,conv1,3,1,0.9999962449073792,0.9999960660934448,200
cka_feddst,mnist,0.9,13,results/logs/cka_strength_sweep/mnist_all_20260516_024344/strength_0p9/seed_13/splits/mnist_split_seed13_clients5_alpha0p3_ref200.json,0.9,12,conv1,3,2,0.999997079372406,0.9999960660934448,200
cka_feddst,mnist,0.9,13,results/logs/cka_strength_sweep/mnist_all_20260516_024344/strength_0p9/seed_13/splits/mnist_split_seed13_clients5_alpha0p3_ref200.json,0.9,12,conv1,3,3,1.0,0.9999960660934448,200
cka_feddst,mnist,0.9,13,results/logs/cka_strength_sweep/mnist_all_20260516_024344/strength_0p9/seed_13/splits/mnist_split_seed13_clients5_alpha0p3_ref200.json,0.9,12,conv1,3,4,0.9999994039535522,0.9999960660934448,200
cka_feddst,mnist,0.9,13,results/logs/cka_strength_sweep/mnist_all_20260516_024344/strength_0p9/seed_13/splits/mnist_split_seed13_clients5_alpha0p3_ref200.json,0.9,12,conv1,4,0,0.9999940991401672,0.9999960660934448,200
cka_feddst,mnist,0.9,13,results/logs/cka_strength_sweep/mnist_all_20260516_024344/strength_0p9/seed_13/splits/mnist_split_seed13_clients5_alpha0p3_ref200.json,0.9,12,conv1,4,1,0.9999930262565613,0.9999960660934448,200
cka_feddst,mnist,0.9,13,results/logs/cka_strength_sweep/mnist_all_20260516_024344/strength_0p9/seed_13/splits/mnist_split_seed13_clients5_alpha0p3_ref200.json,0.9,12,conv1,4,2,0.9999960064888,0.9999960660934448,200
cka_feddst,mnist,0.9,13,results/logs/cka_strength_sweep/mnist_all_20260516_024344/strength_0p9/seed_13/splits/mnist_split_seed13_clients5_alpha0p3_ref200.json,0.9,12,conv1,4,3,0.9999994039535522,0.9999960660934448,200
cka_feddst,mnist,0.9,13,results/logs/cka_strength_sweep/mnist_all_20260516_024344/strength_0p9/seed_13/splits/mnist_split_seed13_clients5_alpha0p3_ref200.json,0.9,12,conv1,4,4,1.0,0.9999960660934448,200
cka_feddst,mnist,0.9,13,results/logs/cka_strength_sweep/mnist_all_20260516_024344/strength_0p9/seed_13/splits/mnist_split_seed13_clients5_alpha0p3_ref200.json,0.9,12,conv2,0,0,1.0,0.999951183795929,200
cka_feddst,mnist,0.9,13,results/logs/cka_strength_sweep/mnist_all_20260516_024344/strength_0p9/seed_13/splits/mnist_split_seed13_clients5_alpha0p3_ref200.json,0.9,12,conv2,0,1,0.9998883605003357,0.999951183795929,200
cka_feddst,mnist,0.9,13,results/logs/cka_strength_sweep/mnist_all_20260516_024344/strength_0p9/seed_13/splits/mnist_split_seed13_clients5_alpha0p3_ref200.json,0.9,12,conv2,0,2,0.9999974370002747,0.999951183795929,200
cka_feddst,mnist,0.9,13,results/logs/cka_strength_sweep/mnist_all_20260516_024344/strength_0p9/seed_13/splits/mnist_split_seed13_clients5_alpha0p3_ref200.json,0.9,12,conv2,0,3,0.9999942183494568,0.999951183795929,200
cka_feddst,mnist,0.9,13,results/logs/cka_strength_sweep/mnist_all_20260516_024344/strength_0p9/seed_13/splits/mnist_split_seed13_clients5_alpha0p3_ref200.json,0.9,12,conv2,0,4,0.99998939037323,0.999951183795929,200
cka_feddst,mnist,0.9,13,results/logs/cka_strength_sweep/mnist_all_20260516_024344/strength_0p9/seed_13/splits/mnist_split_seed13_clients5_alpha0p3_ref200.json,0.9,12,conv2,1,0,0.9998883605003357,0.999951183795929,200
cka_feddst,mnist,0.9,13,results/logs/cka_strength_sweep/mnist_all_20260516_024344/strength_0p9/seed_13/splits/mnist_split_seed13_clients5_alpha0p3_ref200.json,0.9,12,conv2,1,1,1.0,0.999951183795929,200
cka_feddst,mnist,0.9,13,results/logs/cka_strength_sweep/mnist_all_20260516_024344/strength_0p9/seed_13/splits/mnist_split_seed13_clients5_alpha0p3_ref200.json,0.9,12,conv2,1,2,0.9999094009399414,0.999951183795929,200
cka_feddst,mnist,0.9,13,results/logs/cka_strength_sweep/mnist_all_20260516_024344/strength_0p9/seed_13/splits/mnist_split_seed13_clients5_alpha0p3_ref200.json,0.9,12,conv2,1,3,0.9998898506164551,0.999951183795929,200
cka_feddst,mnist,0.9,13,results/logs/cka_strength_sweep/mnist_all_20260516_024344/strength_0p9/seed_13/splits/mnist_split_seed13_clients5_alpha0p3_ref200.json,0.9,12,conv2,1,4,0.9998594522476196,0.999951183795929,200
cka_feddst,mnist,0.9,13,results/logs/cka_strength_sweep/mnist_all_20260516_024344/strength_0p9/seed_13/splits/mnist_split_seed13_clients5_alpha0p3_ref200.json,0.9,12,conv2,2,0,0.9999974370002747,0.999951183795929,200
cka_feddst,mnist,0.9,13,results/logs/cka_strength_sweep/mnist_all_20260516_024344/strength_0p9/seed_13/splits/mnist_split_seed13_clients5_alpha0p3_ref200.json,0.9,12,conv2,2,1,0.9999094009399414,0.999951183795929,200
cka_feddst,mnist,0.9,13,results/logs/cka_strength_sweep/mnist_all_20260516_024344/strength_0p9/seed_13/splits/mnist_split_seed13_clients5_alpha0p3_ref200.json,0.9,12,conv2,2,2,1.0,0.999951183795929,200
cka_feddst,mnist,0.9,13,results/logs/cka_strength_sweep/mnist_all_20260516_024344/strength_0p9/seed_13/splits/mnist_split_seed13_clients5_alpha0p3_ref200.json,0.9,12,conv2,2,3,0.9999958276748657,0.999951183795929,200
cka_feddst,mnist,0.9,13,results/logs/cka_strength_sweep/mnist_all_20260516_024344/strength_0p9/seed_13/splits/mnist_split_seed13_clients5_alpha0p3_ref200.json,0.9,12,conv2,2,4,0.9999911785125732,0.999951183795929,200
cka_feddst,mnist,0.9,13,results/logs/cka_strength_sweep/mnist_all_20260516_024344/strength_0p9/seed_13/splits/mnist_split_seed13_clients5_alpha0p3_ref200.json,0.9,12,conv2,3,0,0.9999942183494568,0.999951183795929,200
cka_feddst,mnist,0.9,13,results/logs/cka_strength_sweep/mnist_all_20260516_024344/strength_0p9/seed_13/splits/mnist_split_seed13_clients5_alpha0p3_ref200.json,0.9,12,conv2,3,1,0.9998898506164551,0.999951183795929,200
cka_feddst,mnist,0.9,13,results/logs/cka_strength_sweep/mnist_all_20260516_024344/strength_0p9/seed_13/splits/mnist_split_seed13_clients5_alpha0p3_ref200.json,0.9,12,conv2,3,2,0.9999958276748657,0.999951183795929,200
cka_feddst,mnist,0.9,13,results/logs/cka_strength_sweep/mnist_all_20260516_024344/strength_0p9/seed_13/splits/mnist_split_seed13_clients5_alpha0p3_ref200.json,0.9,12,conv2,3,3,1.0,0.999951183795929,200
cka_feddst,mnist,0.9,13,results/logs/cka_strength_sweep/mnist_all_20260516_024344/strength_0p9/seed_13/splits/mnist_split_seed13_clients5_alpha0p3_ref200.json,0.9,12,conv2,3,4,0.9999959468841553,0.999951183795929,200
cka_feddst,mnist,0.9,13,results/logs/cka_strength_sweep/mnist_all_20260516_024344/strength_0p9/seed_13/splits/mnist_split_seed13_clients5_alpha0p3_ref200.json,0.9,12,conv2,4,0,0.99998939037323,0.999951183795929,200
cka_feddst,mnist,0.9,13,results/logs/cka_strength_sweep/mnist_all_20260516_024344/strength_0p9/seed_13/splits/mnist_split_seed13_clients5_alpha0p3_ref200.json,0.9,12,conv2,4,1,0.9998594522476196,0.999951183795929,200
cka_feddst,mnist,0.9,13,results/logs/cka_strength_sweep/mnist_all_20260516_024344/strength_0p9/seed_13/splits/mnist_split_seed13_clients5_alpha0p3_ref200.json,0.9,12,conv2,4,2,0.9999911785125732,0.999951183795929,200
cka_feddst,mnist,0.9,13,results/logs/cka_strength_sweep/mnist_all_20260516_024344/strength_0p9/seed_13/splits/mnist_split_seed13_clients5_alpha0p3_ref200.json,0.9,12,conv2,4,3,0.9999959468841553,0.999951183795929,200
cka_feddst,mnist,0.9,13,results/logs/cka_strength_sweep/mnist_all_20260516_024344/strength_0p9/seed_13/splits/mnist_split_seed13_clients5_alpha0p3_ref200.json,0.9,12,conv2,4,4,1.0,0.999951183795929,200
cka_feddst,mnist,0.9,13,results/logs/cka_strength_sweep/mnist_all_20260516_024344/strength_0p9/seed_13/splits/mnist_split_seed13_clients5_alpha0p3_ref200.json,0.9,12,fc1,0,0,1.0,0.9748489260673523,200
cka_feddst,mnist,0.9,13,results/logs/cka_strength_sweep/mnist_all_20260516_024344/strength_0p9/seed_13/splits/mnist_split_seed13_clients5_alpha0p3_ref200.json,0.9,12,fc1,0,1,0.9676839709281921,0.9748489260673523,200
cka_feddst,mnist,0.9,13,results/logs/cka_strength_sweep/mnist_all_20260516_024344/strength_0p9/seed_13/splits/mnist_split_seed13_clients5_alpha0p3_ref200.json,0.9,12,fc1,0,2,0.9887202978134155,0.9748489260673523,200
cka_feddst,mnist,0.9,13,results/logs/cka_strength_sweep/mnist_all_20260516_024344/strength_0p9/seed_13/splits/mnist_split_seed13_clients5_alpha0p3_ref200.json,0.9,12,fc1,0,3,0.9664099216461182,0.9748489260673523,200
cka_feddst,mnist,0.9,13,results/logs/cka_strength_sweep/mnist_all_20260516_024344/strength_0p9/seed_13/splits/mnist_split_seed13_clients5_alpha0p3_ref200.json,0.9,12,fc1,0,4,0.9908793568611145,0.9748489260673523,200
cka_feddst,mnist,0.9,13,results/logs/cka_strength_sweep/mnist_all_20260516_024344/strength_0p9/seed_13/splits/mnist_split_seed13_clients5_alpha0p3_ref200.json,0.9,12,fc1,1,0,0.9676839709281921,0.9748489260673523,200
cka_feddst,mnist,0.9,13,results/logs/cka_strength_sweep/mnist_all_20260516_024344/strength_0p9/seed_13/splits/mnist_split_seed13_clients5_alpha0p3_ref200.json,0.9,12,fc1,1,1,1.0,0.9748489260673523,200
cka_feddst,mnist,0.9,13,results/logs/cka_strength_sweep/mnist_all_20260516_024344/strength_0p9/seed_13/splits/mnist_split_seed13_clients5_alpha0p3_ref200.json,0.9,12,fc1,1,2,0.9698413014411926,0.9748489260673523,200
cka_feddst,mnist,0.9,13,results/logs/cka_strength_sweep/mnist_all_20260516_024344/strength_0p9/seed_13/splits/mnist_split_seed13_clients5_alpha0p3_ref200.json,0.9,12,fc1,1,3,0.9628188610076904,0.9748489260673523,200
cka_feddst,mnist,0.9,13,results/logs/cka_strength_sweep/mnist_all_20260516_024344/strength_0p9/seed_13/splits/mnist_split_seed13_clients5_alpha0p3_ref200.json,0.9,12,fc1,1,4,0.9640910029411316,0.9748489260673523,200
cka_feddst,mnist,0.9,13,results/logs/cka_strength_sweep/mnist_all_20260516_024344/strength_0p9/seed_13/splits/mnist_split_seed13_clients5_alpha0p3_ref200.json,0.9,12,fc1,2,0,0.9887202978134155,0.9748489260673523,200
cka_feddst,mnist,0.9,13,results/logs/cka_strength_sweep/mnist_all_20260516_024344/strength_0p9/seed_13/splits/mnist_split_seed13_clients5_alpha0p3_ref200.json,0.9,12,fc1,2,1,0.9698413014411926,0.9748489260673523,200
cka_feddst,mnist,0.9,13,results/logs/cka_strength_sweep/mnist_all_20260516_024344/strength_0p9/seed_13/splits/mnist_split_seed13_clients5_alpha0p3_ref200.json,0.9,12,fc1,2,2,1.0,0.9748489260673523,200
cka_feddst,mnist,0.9,13,results/logs/cka_strength_sweep/mnist_all_20260516_024344/strength_0p9/seed_13/splits/mnist_split_seed13_clients5_alpha0p3_ref200.json,0.9,12,fc1,2,3,0.9723954200744629,0.9748489260673523,200
cka_feddst,mnist,0.9,13,results/logs/cka_strength_sweep/mnist_all_20260516_024344/strength_0p9/seed_13/splits/mnist_split_seed13_clients5_alpha0p3_ref200.json,0.9,12,fc1,2,4,0.9930853843688965,0.9748489260673523,200
cka_feddst,mnist,0.9,13,results/logs/cka_strength_sweep/mnist_all_20260516_024344/strength_0p9/seed_13/splits/mnist_split_seed13_clients5_alpha0p3_ref200.json,0.9,12,fc1,3,0,0.9664099216461182,0.9748489260673523,200
cka_feddst,mnist,0.9,13,results/logs/cka_strength_sweep/mnist_all_20260516_024344/strength_0p9/seed_13/splits/mnist_split_seed13_clients5_alpha0p3_ref200.json,0.9,12,fc1,3,1,0.9628188610076904,0.9748489260673523,200
cka_feddst,mnist,0.9,13,results/logs/cka_strength_sweep/mnist_all_20260516_024344/strength_0p9/seed_13/splits/mnist_split_seed13_clients5_alpha0p3_ref200.json,0.9,12,fc1,3,2,0.9723954200744629,0.9748489260673523,200
cka_feddst,mnist,0.9,13,results/logs/cka_strength_sweep/mnist_all_20260516_024344/strength_0p9/seed_13/splits/mnist_split_seed13_clients5_alpha0p3_ref200.json,0.9,12,fc1,3,3,1.0,0.9748489260673523,200
cka_feddst,mnist,0.9,13,results/logs/cka_strength_sweep/mnist_all_20260516_024344/strength_0p9/seed_13/splits/mnist_split_seed13_clients5_alpha0p3_ref200.json,0.9,12,fc1,3,4,0.9725621342658997,0.9748489260673523,200
cka_feddst,mnist,0.9,13,results/logs/cka_strength_sweep/mnist_all_20260516_024344/strength_0p9/seed_13/splits/mnist_split_seed13_clients5_alpha0p3_ref200.json,0.9,12,fc1,4,0,0.9908793568611145,0.9748489260673523,200
cka_feddst,mnist,0.9,13,results/logs/cka_strength_sweep/mnist_all_20260516_024344/strength_0p9/seed_13/splits/mnist_split_seed13_clients5_alpha0p3_ref200.json,0.9,12,fc1,4,1,0.9640910029411316,0.9748489260673523,200
cka_feddst,mnist,0.9,13,results/logs/cka_strength_sweep/mnist_all_20260516_024344/strength_0p9/seed_13/splits/mnist_split_seed13_clients5_alpha0p3_ref200.json,0.9,12,fc1,4,2,0.9930853843688965,0.9748489260673523,200
cka_feddst,mnist,0.9,13,results/logs/cka_strength_sweep/mnist_all_20260516_024344/strength_0p9/seed_13/splits/mnist_split_seed13_clients5_alpha0p3_ref200.json,0.9,12,fc1,4,3,0.9725621342658997,0.9748489260673523,200
cka_feddst,mnist,0.9,13,results/logs/cka_strength_sweep/mnist_all_20260516_024344/strength_0p9/seed_13/splits/mnist_split_seed13_clients5_alpha0p3_ref200.json,0.9,12,fc1,4,4,1.0,0.9748489260673523,200
cka_feddst,mnist,0.9,13,results/logs/cka_strength_sweep/mnist_all_20260516_024344/strength_0p9/seed_13/splits/mnist_split_seed13_clients5_alpha0p3_ref200.json,0.9,14,conv1,0,0,1.0,0.9999861717224121,200
cka_feddst,mnist,0.9,13,results/logs/cka_strength_sweep/mnist_all_20260516_024344/strength_0p9/seed_13/splits/mnist_split_seed13_clients5_alpha0p3_ref200.json,0.9,14,conv1,0,1,0.9999583959579468,0.9999861717224121,200
cka_feddst,mnist,0.9,13,results/logs/cka_strength_sweep/mnist_all_20260516_024344/strength_0p9/seed_13/splits/mnist_split_seed13_clients5_alpha0p3_ref200.json,0.9,14,conv1,0,2,0.9999985694885254,0.9999861717224121,200
cka_feddst,mnist,0.9,13,results/logs/cka_strength_sweep/mnist_all_20260516_024344/strength_0p9/seed_13/splits/mnist_split_seed13_clients5_alpha0p3_ref200.json,0.9,14,conv1,0,3,0.999996542930603,0.9999861717224121,200
cka_feddst,mnist,0.9,13,results/logs/cka_strength_sweep/mnist_all_20260516_024344/strength_0p9/seed_13/splits/mnist_split_seed13_clients5_alpha0p3_ref200.json,0.9,14,conv1,0,4,0.999998927116394,0.9999861717224121,200
cka_feddst,mnist,0.9,13,results/logs/cka_strength_sweep/mnist_all_20260516_024344/strength_0p9/seed_13/splits/mnist_split_seed13_clients5_alpha0p3_ref200.json,0.9,14,conv1,1,0,0.9999583959579468,0.9999861717224121,200
cka_feddst,mnist,0.9,13,results/logs/cka_strength_sweep/mnist_all_20260516_024344/strength_0p9/seed_13/splits/mnist_split_seed13_clients5_alpha0p3_ref200.json,0.9,14,conv1,1,1,1.0,0.9999861717224121,200
cka_feddst,mnist,0.9,13,results/logs/cka_strength_sweep/mnist_all_20260516_024344/strength_0p9/seed_13/splits/mnist_split_seed13_clients5_alpha0p3_ref200.json,0.9,14,conv1,1,2,0.9999716281890869,0.9999861717224121,200
cka_feddst,mnist,0.9,13,results/logs/cka_strength_sweep/mnist_all_20260516_024344/strength_0p9/seed_13/splits/mnist_split_seed13_clients5_alpha0p3_ref200.json,0.9,14,conv1,1,3,0.9999780654907227,0.9999861717224121,200
cka_feddst,mnist,0.9,13,results/logs/cka_strength_sweep/mnist_all_20260516_024344/strength_0p9/seed_13/splits/mnist_split_seed13_clients5_alpha0p3_ref200.json,0.9,14,conv1,1,4,0.9999638199806213,0.9999861717224121,200
cka_feddst,mnist,0.9,13,results/logs/cka_strength_sweep/mnist_all_20260516_024344/strength_0p9/seed_13/splits/mnist_split_seed13_clients5_alpha0p3_ref200.json,0.9,14,conv1,2,0,0.9999985694885254,0.9999861717224121,200
cka_feddst,mnist,0.9,13,results/logs/cka_strength_sweep/mnist_all_20260516_024344/strength_0p9/seed_13/splits/mnist_split_seed13_clients5_alpha0p3_ref200.json,0.9,14,conv1,2,1,0.9999716281890869,0.9999861717224121,200
cka_feddst,mnist,0.9,13,results/logs/cka_strength_sweep/mnist_all_20260516_024344/strength_0p9/seed_13/splits/mnist_split_seed13_clients5_alpha0p3_ref200.json,0.9,14,conv1,2,2,1.0,0.9999861717224121,200
cka_feddst,mnist,0.9,13,results/logs/cka_strength_sweep/mnist_all_20260516_024344/strength_0p9/seed_13/splits/mnist_split_seed13_clients5_alpha0p3_ref200.json,0.9,14,conv1,2,3,0.9999994039535522,0.9999861717224121,200
cka_feddst,mnist,0.9,13,results/logs/cka_strength_sweep/mnist_all_20260516_024344/strength_0p9/seed_13/splits/mnist_split_seed13_clients5_alpha0p3_ref200.json,0.9,14,conv1,2,4,0.9999991059303284,0.9999861717224121,200
cka_feddst,mnist,0.9,13,results/logs/cka_strength_sweep/mnist_all_20260516_024344/strength_0p9/seed_13/splits/mnist_split_seed13_clients5_alpha0p3_ref200.json,0.9,14,conv1,3,0,0.999996542930603,0.9999861717224121,200
cka_feddst,mnist,0.9,13,results/logs/cka_strength_sweep/mnist_all_20260516_024344/strength_0p9/seed_13/splits/mnist_split_seed13_clients5_alpha0p3_ref200.json,0.9,14,conv1,3,1,0.9999780654907227,0.9999861717224121,200
cka_feddst,mnist,0.9,13,results/logs/cka_strength_sweep/mnist_all_20260516_024344/strength_0p9/seed_13/splits/mnist_split_seed13_clients5_alpha0p3_ref200.json,0.9,14,conv1,3,2,0.9999994039535522,0.9999861717224121,200
cka_feddst,mnist,0.9,13,results/logs/cka_strength_sweep/mnist_all_20260516_024344/strength_0p9/seed_13/splits/mnist_split_seed13_clients5_alpha0p3_ref200.json,0.9,14,conv1,3,3,1.0,0.9999861717224121,200
cka_feddst,mnist,0.9,13,results/logs/cka_strength_sweep/mnist_all_20260516_024344/strength_0p9/seed_13/splits/mnist_split_seed13_clients5_alpha0p3_ref200.json,0.9,14,conv1,3,4,0.9999979138374329,0.9999861717224121,200
cka_feddst,mnist,0.9,13,results/logs/cka_strength_sweep/mnist_all_20260516_024344/strength_0p9/seed_13/splits/mnist_split_seed13_clients5_alpha0p3_ref200.json,0.9,14,conv1,4,0,0.999998927116394,0.9999861717224121,200
cka_feddst,mnist,0.9,13,results/logs/cka_strength_sweep/mnist_all_20260516_024344/strength_0p9/seed_13/splits/mnist_split_seed13_clients5_alpha0p3_ref200.json,0.9,14,conv1,4,1,0.9999638199806213,0.9999861717224121,200
cka_feddst,mnist,0.9,13,results/logs/cka_strength_sweep/mnist_all_20260516_024344/strength_0p9/seed_13/splits/mnist_split_seed13_clients5_alpha0p3_ref200.json,0.9,14,conv1,4,2,0.9999991059303284,0.9999861717224121,200
cka_feddst,mnist,0.9,13,results/logs/cka_strength_sweep/mnist_all_20260516_024344/strength_0p9/seed_13/splits/mnist_split_seed13_clients5_alpha0p3_ref200.json,0.9,14,conv1,4,3,0.9999979138374329,0.9999861717224121,200
cka_feddst,mnist,0.9,13,results/logs/cka_strength_sweep/mnist_all_20260516_024344/strength_0p9/seed_13/splits/mnist_split_seed13_clients5_alpha0p3_ref200.json,0.9,14,conv1,4,4,1.0,0.9999861717224121,200
cka_feddst,mnist,0.9,13,results/logs/cka_strength_sweep/mnist_all_20260516_024344/strength_0p9/seed_13/splits/mnist_split_seed13_clients5_alpha0p3_ref200.json,0.9,14,conv2,0,0,1.0,0.9999483823776245,200
cka_feddst,mnist,0.9,13,results/logs/cka_strength_sweep/mnist_all_20260516_024344/strength_0p9/seed_13/splits/mnist_split_seed13_clients5_alpha0p3_ref200.json,0.9,14,conv2,0,1,0.999868631362915,0.9999483823776245,200
cka_feddst,mnist,0.9,13,results/logs/cka_strength_sweep/mnist_all_20260516_024344/strength_0p9/seed_13/splits/mnist_split_seed13_clients5_alpha0p3_ref200.json,0.9,14,conv2,0,2,0.9999977350234985,0.9999483823776245,200
cka_feddst,mnist,0.9,13,results/logs/cka_strength_sweep/mnist_all_20260516_024344/strength_0p9/seed_13/splits/mnist_split_seed13_clients5_alpha0p3_ref200.json,0.9,14,conv2,0,3,0.9999973177909851,0.9999483823776245,200
cka_feddst,mnist,0.9,13,results/logs/cka_strength_sweep/mnist_all_20260516_024344/strength_0p9/seed_13/splits/mnist_split_seed13_clients5_alpha0p3_ref200.json,0.9,14,conv2,0,4,0.9999963045120239,0.9999483823776245,200
cka_feddst,mnist,0.9,13,results/logs/cka_strength_sweep/mnist_all_20260516_024344/strength_0p9/seed_13/splits/mnist_split_seed13_clients5_alpha0p3_ref200.json,0.9,14,conv2,1,0,0.999868631362915,0.9999483823776245,200
cka_feddst,mnist,0.9,13,results/logs/cka_strength_sweep/mnist_all_20260516_024344/strength_0p9/seed_13/splits/mnist_split_seed13_clients5_alpha0p3_ref200.json,0.9,14,conv2,1,1,1.0,0.9999483823776245,200
cka_feddst,mnist,0.9,13,results/logs/cka_strength_sweep/mnist_all_20260516_024344/strength_0p9/seed_13/splits/mnist_split_seed13_clients5_alpha0p3_ref200.json,0.9,14,conv2,1,2,0.9998992085456848,0.9999483823776245,200
cka_feddst,mnist,0.9,13,results/logs/cka_strength_sweep/mnist_all_20260516_024344/strength_0p9/seed_13/splits/mnist_split_seed13_clients5_alpha0p3_ref200.json,0.9,14,conv2,1,3,0.999884307384491,0.9999483823776245,200
cka_feddst,mnist,0.9,13,results/logs/cka_strength_sweep/mnist_all_20260516_024344/strength_0p9/seed_13/splits/mnist_split_seed13_clients5_alpha0p3_ref200.json,0.9,14,conv2,1,4,0.9998520016670227,0.9999483823776245,200
cka_feddst,mnist,0.9,13,results/logs/cka_strength_sweep/mnist_all_20260516_024344/strength_0p9/seed_13/splits/mnist_split_seed13_clients5_alpha0p3_ref200.json,0.9,14,conv2,2,0,0.9999977350234985,0.9999483823776245,200
cka_feddst,mnist,0.9,13,results/logs/cka_strength_sweep/mnist_all_20260516_024344/strength_0p9/seed_13/splits/mnist_split_seed13_clients5_alpha0p3_ref200.json,0.9,14,conv2,2,1,0.9998992085456848,0.9999483823776245,200
cka_feddst,mnist,0.9,13,results/logs/cka_strength_sweep/mnist_all_20260516_024344/strength_0p9/seed_13/splits/mnist_split_seed13_clients5_alpha0p3_ref200.json,0.9,14,conv2,2,2,1.0,0.9999483823776245,200
cka_feddst,mnist,0.9,13,results/logs/cka_strength_sweep/mnist_all_20260516_024344/strength_0p9/seed_13/splits/mnist_split_seed13_clients5_alpha0p3_ref200.json,0.9,14,conv2,2,3,0.9999983906745911,0.9999483823776245,200
cka_feddst,mnist,0.9,13,results/logs/cka_strength_sweep/mnist_all_20260516_024344/strength_0p9/seed_13/splits/mnist_split_seed13_clients5_alpha0p3_ref200.json,0.9,14,conv2,2,4,0.9999945163726807,0.9999483823776245,200
cka_feddst,mnist,0.9,13,results/logs/cka_strength_sweep/mnist_all_20260516_024344/strength_0p9/seed_13/splits/mnist_split_seed13_clients5_alpha0p3_ref200.json,0.9,14,conv2,3,0,0.9999973177909851,0.9999483823776245,200
cka_feddst,mnist,0.9,13,results/logs/cka_strength_sweep/mnist_all_20260516_024344/strength_0p9/seed_13/splits/mnist_split_seed13_clients5_alpha0p3_ref200.json,0.9,14,conv2,3,1,0.999884307384491,0.9999483823776245,200
cka_feddst,mnist,0.9,13,results/logs/cka_strength_sweep/mnist_all_20260516_024344/strength_0p9/seed_13/splits/mnist_split_seed13_clients5_alpha0p3_ref200.json,0.9,14,conv2,3,2,0.9999983906745911,0.9999483823776245,200
cka_feddst,mnist,0.9,13,results/logs/cka_strength_sweep/mnist_all_20260516_024344/strength_0p9/seed_13/splits/mnist_split_seed13_clients5_alpha0p3_ref200.json,0.9,14,conv2,3,3,1.0,0.9999483823776245,200
cka_feddst,mnist,0.9,13,results/logs/cka_strength_sweep/mnist_all_20260516_024344/strength_0p9/seed_13/splits/mnist_split_seed13_clients5_alpha0p3_ref200.json,0.9,14,conv2,3,4,0.9999966621398926,0.9999483823776245,200
cka_feddst,mnist,0.9,13,results/logs/cka_strength_sweep/mnist_all_20260516_024344/strength_0p9/seed_13/splits/mnist_split_seed13_clients5_alpha0p3_ref200.json,0.9,14,conv2,4,0,0.9999963045120239,0.9999483823776245,200
cka_feddst,mnist,0.9,13,results/logs/cka_strength_sweep/mnist_all_20260516_024344/strength_0p9/seed_13/splits/mnist_split_seed13_clients5_alpha0p3_ref200.json,0.9,14,conv2,4,1,0.9998520016670227,0.9999483823776245,200
cka_feddst,mnist,0.9,13,results/logs/cka_strength_sweep/mnist_all_20260516_024344/strength_0p9/seed_13/splits/mnist_split_seed13_clients5_alpha0p3_ref200.json,0.9,14,conv2,4,2,0.9999945163726807,0.9999483823776245,200
cka_feddst,mnist,0.9,13,results/logs/cka_strength_sweep/mnist_all_20260516_024344/strength_0p9/seed_13/splits/mnist_split_seed13_clients5_alpha0p3_ref200.json,0.9,14,conv2,4,3,0.9999966621398926,0.9999483823776245,200
cka_feddst,mnist,0.9,13,results/logs/cka_strength_sweep/mnist_all_20260516_024344/strength_0p9/seed_13/splits/mnist_split_seed13_clients5_alpha0p3_ref200.json,0.9,14,conv2,4,4,1.0,0.9999483823776245,200
cka_feddst,mnist,0.9,13,results/logs/cka_strength_sweep/mnist_all_20260516_024344/strength_0p9/seed_13/splits/mnist_split_seed13_clients5_alpha0p3_ref200.json,0.9,14,fc1,0,0,1.0,0.9755895733833313,200
cka_feddst,mnist,0.9,13,results/logs/cka_strength_sweep/mnist_all_20260516_024344/strength_0p9/seed_13/splits/mnist_split_seed13_clients5_alpha0p3_ref200.json,0.9,14,fc1,0,1,0.9671812057495117,0.9755895733833313,200
cka_feddst,mnist,0.9,13,results/logs/cka_strength_sweep/mnist_all_20260516_024344/strength_0p9/seed_13/splits/mnist_split_seed13_clients5_alpha0p3_ref200.json,0.9,14,fc1,0,2,0.9845408797264099,0.9755895733833313,200
cka_feddst,mnist,0.9,13,results/logs/cka_strength_sweep/mnist_all_20260516_024344/strength_0p9/seed_13/splits/mnist_split_seed13_clients5_alpha0p3_ref200.json,0.9,14,fc1,0,3,0.9745333790779114,0.9755895733833313,200
cka_feddst,mnist,0.9,13,results/logs/cka_strength_sweep/mnist_all_20260516_024344/strength_0p9/seed_13/splits/mnist_split_seed13_clients5_alpha0p3_ref200.json,0.9,14,fc1,0,4,0.9897991418838501,0.9755895733833313,200
cka_feddst,mnist,0.9,13,results/logs/cka_strength_sweep/mnist_all_20260516_024344/strength_0p9/seed_13/splits/mnist_split_seed13_clients5_alpha0p3_ref200.json,0.9,14,fc1,1,0,0.9671812057495117,0.9755895733833313,200
cka_feddst,mnist,0.9,13,results/logs/cka_strength_sweep/mnist_all_20260516_024344/strength_0p9/seed_13/splits/mnist_split_seed13_clients5_alpha0p3_ref200.json,0.9,14,fc1,1,1,1.0,0.9755895733833313,200
cka_feddst,mnist,0.9,13,results/logs/cka_strength_sweep/mnist_all_20260516_024344/strength_0p9/seed_13/splits/mnist_split_seed13_clients5_alpha0p3_ref200.json,0.9,14,fc1,1,2,0.964777410030365,0.9755895733833313,200
cka_feddst,mnist,0.9,13,results/logs/cka_strength_sweep/mnist_all_20260516_024344/strength_0p9/seed_13/splits/mnist_split_seed13_clients5_alpha0p3_ref200.json,0.9,14,fc1,1,3,0.9685882329940796,0.9755895733833313,200
cka_feddst,mnist,0.9,13,results/logs/cka_strength_sweep/mnist_all_20260516_024344/strength_0p9/seed_13/splits/mnist_split_seed13_clients5_alpha0p3_ref200.json,0.9,14,fc1,1,4,0.9619334936141968,0.9755895733833313,200
cka_feddst,mnist,0.9,13,results/logs/cka_strength_sweep/mnist_all_20260516_024344/strength_0p9/seed_13/splits/mnist_split_seed13_clients5_alpha0p3_ref200.json,0.9,14,fc1,2,0,0.9845408797264099,0.9755895733833313,200
cka_feddst,mnist,0.9,13,results/logs/cka_strength_sweep/mnist_all_20260516_024344/strength_0p9/seed_13/splits/mnist_split_seed13_clients5_alpha0p3_ref200.json,0.9,14,fc1,2,1,0.964777410030365,0.9755895733833313,200
cka_feddst,mnist,0.9,13,results/logs/cka_strength_sweep/mnist_all_20260516_024344/strength_0p9/seed_13/splits/mnist_split_seed13_clients5_alpha0p3_ref200.json,0.9,14,fc1,2,2,1.0,0.9755895733833313,200
cka_feddst,mnist,0.9,13,results/logs/cka_strength_sweep/mnist_all_20260516_024344/strength_0p9/seed_13/splits/mnist_split_seed13_clients5_alpha0p3_ref200.json,0.9,14,fc1,2,3,0.9782918095588684,0.9755895733833313,200
cka_feddst,mnist,0.9,13,results/logs/cka_strength_sweep/mnist_all_20260516_024344/strength_0p9/seed_13/splits/mnist_split_seed13_clients5_alpha0p3_ref200.json,0.9,14,fc1,2,4,0.9924359917640686,0.9755895733833313,200
cka_feddst,mnist,0.9,13,results/logs/cka_strength_sweep/mnist_all_20260516_024344/strength_0p9/seed_13/splits/mnist_split_seed13_clients5_alpha0p3_ref200.json,0.9,14,fc1,3,0,0.9745333790779114,0.9755895733833313,200
cka_feddst,mnist,0.9,13,results/logs/cka_strength_sweep/mnist_all_20260516_024344/strength_0p9/seed_13/splits/mnist_split_seed13_clients5_alpha0p3_ref200.json,0.9,14,fc1,3,1,0.9685882329940796,0.9755895733833313,200
cka_feddst,mnist,0.9,13,results/logs/cka_strength_sweep/mnist_all_20260516_024344/strength_0p9/seed_13/splits/mnist_split_seed13_clients5_alpha0p3_ref200.json,0.9,14,fc1,3,2,0.9782918095588684,0.9755895733833313,200
cka_feddst,mnist,0.9,13,results/logs/cka_strength_sweep/mnist_all_20260516_024344/strength_0p9/seed_13/splits/mnist_split_seed13_clients5_alpha0p3_ref200.json,0.9,14,fc1,3,3,1.0,0.9755895733833313,200
cka_feddst,mnist,0.9,13,results/logs/cka_strength_sweep/mnist_all_20260516_024344/strength_0p9/seed_13/splits/mnist_split_seed13_clients5_alpha0p3_ref200.json,0.9,14,fc1,3,4,0.973814070224762,0.9755895733833313,200
cka_feddst,mnist,0.9,13,results/logs/cka_strength_sweep/mnist_all_20260516_024344/strength_0p9/seed_13/splits/mnist_split_seed13_clients5_alpha0p3_ref200.json,0.9,14,fc1,4,0,0.9897991418838501,0.9755895733833313,200
cka_feddst,mnist,0.9,13,results/logs/cka_strength_sweep/mnist_all_20260516_024344/strength_0p9/seed_13/splits/mnist_split_seed13_clients5_alpha0p3_ref200.json,0.9,14,fc1,4,1,0.9619334936141968,0.9755895733833313,200
cka_feddst,mnist,0.9,13,results/logs/cka_strength_sweep/mnist_all_20260516_024344/strength_0p9/seed_13/splits/mnist_split_seed13_clients5_alpha0p3_ref200.json,0.9,14,fc1,4,2,0.9924359917640686,0.9755895733833313,200
cka_feddst,mnist,0.9,13,results/logs/cka_strength_sweep/mnist_all_20260516_024344/strength_0p9/seed_13/splits/mnist_split_seed13_clients5_alpha0p3_ref200.json,0.9,14,fc1,4,3,0.973814070224762,0.9755895733833313,200
cka_feddst,mnist,0.9,13,results/logs/cka_strength_sweep/mnist_all_20260516_024344/strength_0p9/seed_13/splits/mnist_split_seed13_clients5_alpha0p3_ref200.json,0.9,14,fc1,4,4,1.0,0.9755895733833313,200
cka_feddst,mnist,0.9,13,results/logs/cka_strength_sweep/mnist_all_20260516_024344/strength_0p9/seed_13/splits/mnist_split_seed13_clients5_alpha0p3_ref200.json,0.9,16,conv1,0,0,1.0,0.9999969601631165,200
cka_feddst,mnist,0.9,13,results/logs/cka_strength_sweep/mnist_all_20260516_024344/strength_0p9/seed_13/splits/mnist_split_seed13_clients5_alpha0p3_ref200.json,0.9,16,conv1,0,1,0.9999929666519165,0.9999969601631165,200
cka_feddst,mnist,0.9,13,results/logs/cka_strength_sweep/mnist_all_20260516_024344/strength_0p9/seed_13/splits/mnist_split_seed13_clients5_alpha0p3_ref200.json,0.9,16,conv1,0,2,0.9999998211860657,0.9999969601631165,200
cka_feddst,mnist,0.9,13,results/logs/cka_strength_sweep/mnist_all_20260516_024344/strength_0p9/seed_13/splits/mnist_split_seed13_clients5_alpha0p3_ref200.json,0.9,16,conv1,0,3,0.9999963045120239,0.9999969601631165,200
cka_feddst,mnist,0.9,13,results/logs/cka_strength_sweep/mnist_all_20260516_024344/strength_0p9/seed_13/splits/mnist_split_seed13_clients5_alpha0p3_ref200.json,0.9,16,conv1,0,4,0.9999971389770508,0.9999969601631165,200
cka_feddst,mnist,0.9,13,results/logs/cka_strength_sweep/mnist_all_20260516_024344/strength_0p9/seed_13/splits/mnist_split_seed13_clients5_alpha0p3_ref200.json,0.9,16,conv1,1,0,0.9999929666519165,0.9999969601631165,200
cka_feddst,mnist,0.9,13,results/logs/cka_strength_sweep/mnist_all_20260516_024344/strength_0p9/seed_13/splits/mnist_split_seed13_clients5_alpha0p3_ref200.json,0.9,16,conv1,1,1,1.0,0.9999969601631165,200
cka_feddst,mnist,0.9,13,results/logs/cka_strength_sweep/mnist_all_20260516_024344/strength_0p9/seed_13/splits/mnist_split_seed13_clients5_alpha0p3_ref200.json,0.9,16,conv1,1,2,0.9999949336051941,0.9999969601631165,200
cka_feddst,mnist,0.9,13,results/logs/cka_strength_sweep/mnist_all_20260516_024344/strength_0p9/seed_13/splits/mnist_split_seed13_clients5_alpha0p3_ref200.json,0.9,16,conv1,1,3,0.9999973773956299,0.9999969601631165,200
cka_feddst,mnist,0.9,13,results/logs/cka_strength_sweep/mnist_all_20260516_024344/strength_0p9/seed_13/splits/mnist_split_seed13_clients5_alpha0p3_ref200.json,0.9,16,conv1,1,4,0.9999939799308777,0.9999969601631165,200
cka_feddst,mnist,0.9,13,results/logs/cka_strength_sweep/mnist_all_20260516_024344/strength_0p9/seed_13/splits/mnist_split_seed13_clients5_alpha0p3_ref200.json,0.9,16,conv1,2,0,0.9999998211860657,0.9999969601631165,200
cka_feddst,mnist,0.9,13,results/logs/cka_strength_sweep/mnist_all_20260516_024344/strength_0p9/seed_13/splits/mnist_split_seed13_clients5_alpha0p3_ref200.json,0.9,16,conv1,2,1,0.9999949336051941,0.9999969601631165,200
cka_feddst,mnist,0.9,13,results/logs/cka_strength_sweep/mnist_all_20260516_024344/strength_0p9/seed_13/splits/mnist_split_seed13_clients5_alpha0p3_ref200.json,0.9,16,conv1,2,2,1.0,0.9999969601631165,200
cka_feddst,mnist,0.9,13,results/logs/cka_strength_sweep/mnist_all_20260516_024344/strength_0p9/seed_13/splits/mnist_split_seed13_clients5_alpha0p3_ref200.json,0.9,16,conv1,2,3,0.9999980926513672,0.9999969601631165,200
cka_feddst,mnist,0.9,13,results/logs/cka_strength_sweep/mnist_all_20260516_024344/strength_0p9/seed_13/splits/mnist_split_seed13_clients5_alpha0p3_ref200.json,0.9,16,conv1,2,4,0.9999990463256836,0.9999969601631165,200
cka_feddst,mnist,0.9,13,results/logs/cka_strength_sweep/mnist_all_20260516_024344/strength_0p9/seed_13/splits/mnist_split_seed13_clients5_alpha0p3_ref200.json,0.9,16,conv1,3,0,0.9999963045120239,0.9999969601631165,200
cka_feddst,mnist,0.9,13,results/logs/cka_strength_sweep/mnist_all_20260516_024344/strength_0p9/seed_13/splits/mnist_split_seed13_clients5_alpha0p3_ref200.json,0.9,16,conv1,3,1,0.9999973773956299,0.9999969601631165,200
cka_feddst,mnist,0.9,13,results/logs/cka_strength_sweep/mnist_all_20260516_024344/strength_0p9/seed_13/splits/mnist_split_seed13_clients5_alpha0p3_ref200.json,0.9,16,conv1,3,2,0.9999980926513672,0.9999969601631165,200
cka_feddst,mnist,0.9,13,results/logs/cka_strength_sweep/mnist_all_20260516_024344/strength_0p9/seed_13/splits/mnist_split_seed13_clients5_alpha0p3_ref200.json,0.9,16,conv1,3,3,1.0,0.9999969601631165,200
cka_feddst,mnist,0.9,13,results/logs/cka_strength_sweep/mnist_all_20260516_024344/strength_0p9/seed_13/splits/mnist_split_seed13_clients5_alpha0p3_ref200.json,0.9,16,conv1,3,4,0.999999463558197,0.9999969601631165,200
cka_feddst,mnist,0.9,13,results/logs/cka_strength_sweep/mnist_all_20260516_024344/strength_0p9/seed_13/splits/mnist_split_seed13_clients5_alpha0p3_ref200.json,0.9,16,conv1,4,0,0.9999971389770508,0.9999969601631165,200
cka_feddst,mnist,0.9,13,results/logs/cka_strength_sweep/mnist_all_20260516_024344/strength_0p9/seed_13/splits/mnist_split_seed13_clients5_alpha0p3_ref200.json,0.9,16,conv1,4,1,0.9999939799308777,0.9999969601631165,200
cka_feddst,mnist,0.9,13,results/logs/cka_strength_sweep/mnist_all_20260516_024344/strength_0p9/seed_13/splits/mnist_split_seed13_clients5_alpha0p3_ref200.json,0.9,16,conv1,4,2,0.9999990463256836,0.9999969601631165,200
cka_feddst,mnist,0.9,13,results/logs/cka_strength_sweep/mnist_all_20260516_024344/strength_0p9/seed_13/splits/mnist_split_seed13_clients5_alpha0p3_ref200.json,0.9,16,conv1,4,3,0.999999463558197,0.9999969601631165,200
cka_feddst,mnist,0.9,13,results/logs/cka_strength_sweep/mnist_all_20260516_024344/strength_0p9/seed_13/splits/mnist_split_seed13_clients5_alpha0p3_ref200.json,0.9,16,conv1,4,4,1.0,0.9999969601631165,200
cka_feddst,mnist,0.9,13,results/logs/cka_strength_sweep/mnist_all_20260516_024344/strength_0p9/seed_13/splits/mnist_split_seed13_clients5_alpha0p3_ref200.json,0.9,16,conv2,0,0,1.0,0.9999703168869019,200
cka_feddst,mnist,0.9,13,results/logs/cka_strength_sweep/mnist_all_20260516_024344/strength_0p9/seed_13/splits/mnist_split_seed13_clients5_alpha0p3_ref200.json,0.9,16,conv2,0,1,0.9999324679374695,0.9999703168869019,200
cka_feddst,mnist,0.9,13,results/logs/cka_strength_sweep/mnist_all_20260516_024344/strength_0p9/seed_13/splits/mnist_split_seed13_clients5_alpha0p3_ref200.json,0.9,16,conv2,0,2,0.9999985098838806,0.9999703168869019,200
cka_feddst,mnist,0.9,13,results/logs/cka_strength_sweep/mnist_all_20260516_024344/strength_0p9/seed_13/splits/mnist_split_seed13_clients5_alpha0p3_ref200.json,0.9,16,conv2,0,3,0.9999946355819702,0.9999703168869019,200
cka_feddst,mnist,0.9,13,results/logs/cka_strength_sweep/mnist_all_20260516_024344/strength_0p9/seed_13/splits/mnist_split_seed13_clients5_alpha0p3_ref200.json,0.9,16,conv2,0,4,0.999992847442627,0.9999703168869019,200
cka_feddst,mnist,0.9,13,results/logs/cka_strength_sweep/mnist_all_20260516_024344/strength_0p9/seed_13/splits/mnist_split_seed13_clients5_alpha0p3_ref200.json,0.9,16,conv2,1,0,0.9999324679374695,0.9999703168869019,200
cka_feddst,mnist,0.9,13,results/logs/cka_strength_sweep/mnist_all_20260516_024344/strength_0p9/seed_13/splits/mnist_split_seed13_clients5_alpha0p3_ref200.json,0.9,16,conv2,1,1,1.0,0.9999703168869019,200
cka_feddst,mnist,0.9,13,results/logs/cka_strength_sweep/mnist_all_20260516_024344/strength_0p9/seed_13/splits/mnist_split_seed13_clients5_alpha0p3_ref200.json,0.9,16,conv2,1,2,0.9999476075172424,0.9999703168869019,200
cka_feddst,mnist,0.9,13,results/logs/cka_strength_sweep/mnist_all_20260516_024344/strength_0p9/seed_13/splits/mnist_split_seed13_clients5_alpha0p3_ref200.json,0.9,16,conv2,1,3,0.9999353885650635,0.9999703168869019,200
cka_feddst,mnist,0.9,13,results/logs/cka_strength_sweep/mnist_all_20260516_024344/strength_0p9/seed_13/splits/mnist_split_seed13_clients5_alpha0p3_ref200.json,0.9,16,conv2,1,4,0.999915361404419,0.9999703168869019,200
cka_feddst,mnist,0.9,13,results/logs/cka_strength_sweep/mnist_all_20260516_024344/strength_0p9/seed_13/splits/mnist_split_seed13_clients5_alpha0p3_ref200.json,0.9,16,conv2,2,0,0.9999985098838806,0.9999703168869019,200
cka_feddst,mnist,0.9,13,results/logs/cka_strength_sweep/mnist_all_20260516_024344/strength_0p9/seed_13/splits/mnist_split_seed13_clients5_alpha0p3_ref200.json,0.9,16,conv2,2,1,0.9999476075172424,0.9999703168869019,200
cka_feddst,mnist,0.9,13,results/logs/cka_strength_sweep/mnist_all_20260516_024344/strength_0p9/seed_13/splits/mnist_split_seed13_clients5_alpha0p3_ref200.json,0.9,16,conv2,2,2,1.0,0.9999703168869019,200
cka_feddst,mnist,0.9,13,results/logs/cka_strength_sweep/mnist_all_20260516_024344/strength_0p9/seed_13/splits/mnist_split_seed13_clients5_alpha0p3_ref200.json,0.9,16,conv2,2,3,0.9999963045120239,0.9999703168869019,200
cka_feddst,mnist,0.9,13,results/logs/cka_strength_sweep/mnist_all_20260516_024344/strength_0p9/seed_13/splits/mnist_split_seed13_clients5_alpha0p3_ref200.json,0.9,16,conv2,2,4,0.9999942779541016,0.9999703168869019,200
cka_feddst,mnist,0.9,13,results/logs/cka_strength_sweep/mnist_all_20260516_024344/strength_0p9/seed_13/splits/mnist_split_seed13_clients5_alpha0p3_ref200.json,0.9,16,conv2,3,0,0.9999946355819702,0.9999703168869019,200
cka_feddst,mnist,0.9,13,results/logs/cka_strength_sweep/mnist_all_20260516_024344/strength_0p9/seed_13/splits/mnist_split_seed13_clients5_alpha0p3_ref200.json,0.9,16,conv2,3,1,0.9999353885650635,0.9999703168869019,200
cka_feddst,mnist,0.9,13,results/logs/cka_strength_sweep/mnist_all_20260516_024344/strength_0p9/seed_13/splits/mnist_split_seed13_clients5_alpha0p3_ref200.json,0.9,16,conv2,3,2,0.9999963045120239,0.9999703168869019,200
cka_feddst,mnist,0.9,13,results/logs/cka_strength_sweep/mnist_all_20260516_024344/strength_0p9/seed_13/splits/mnist_split_seed13_clients5_alpha0p3_ref200.json,0.9,16,conv2,3,3,1.0,0.9999703168869019,200
cka_feddst,mnist,0.9,13,results/logs/cka_strength_sweep/mnist_all_20260516_024344/strength_0p9/seed_13/splits/mnist_split_seed13_clients5_alpha0p3_ref200.json,0.9,16,conv2,3,4,0.9999959468841553,0.9999703168869019,200
cka_feddst,mnist,0.9,13,results/logs/cka_strength_sweep/mnist_all_20260516_024344/strength_0p9/seed_13/splits/mnist_split_seed13_clients5_alpha0p3_ref200.json,0.9,16,conv2,4,0,0.999992847442627,0.9999703168869019,200
cka_feddst,mnist,0.9,13,results/logs/cka_strength_sweep/mnist_all_20260516_024344/strength_0p9/seed_13/splits/mnist_split_seed13_clients5_alpha0p3_ref200.json,0.9,16,conv2,4,1,0.999915361404419,0.9999703168869019,200
cka_feddst,mnist,0.9,13,results/logs/cka_strength_sweep/mnist_all_20260516_024344/strength_0p9/seed_13/splits/mnist_split_seed13_clients5_alpha0p3_ref200.json,0.9,16,conv2,4,2,0.9999942779541016,0.9999703168869019,200
cka_feddst,mnist,0.9,13,results/logs/cka_strength_sweep/mnist_all_20260516_024344/strength_0p9/seed_13/splits/mnist_split_seed13_clients5_alpha0p3_ref200.json,0.9,16,conv2,4,3,0.9999959468841553,0.9999703168869019,200
cka_feddst,mnist,0.9,13,results/logs/cka_strength_sweep/mnist_all_20260516_024344/strength_0p9/seed_13/splits/mnist_split_seed13_clients5_alpha0p3_ref200.json,0.9,16,conv2,4,4,1.0,0.9999703168869019,200
cka_feddst,mnist,0.9,13,results/logs/cka_strength_sweep/mnist_all_20260516_024344/strength_0p9/seed_13/splits/mnist_split_seed13_clients5_alpha0p3_ref200.json,0.9,16,fc1,0,0,1.0,0.9732714891433716,200
cka_feddst,mnist,0.9,13,results/logs/cka_strength_sweep/mnist_all_20260516_024344/strength_0p9/seed_13/splits/mnist_split_seed13_clients5_alpha0p3_ref200.json,0.9,16,fc1,0,1,0.9620584845542908,0.9732714891433716,200
cka_feddst,mnist,0.9,13,results/logs/cka_strength_sweep/mnist_all_20260516_024344/strength_0p9/seed_13/splits/mnist_split_seed13_clients5_alpha0p3_ref200.json,0.9,16,fc1,0,2,0.9821661710739136,0.9732714891433716,200
cka_feddst,mnist,0.9,13,results/logs/cka_strength_sweep/mnist_all_20260516_024344/strength_0p9/seed_13/splits/mnist_split_seed13_clients5_alpha0p3_ref200.json,0.9,16,fc1,0,3,0.9611380696296692,0.9732714891433716,200
cka_feddst,mnist,0.9,13,results/logs/cka_strength_sweep/mnist_all_20260516_024344/strength_0p9/seed_13/splits/mnist_split_seed13_clients5_alpha0p3_ref200.json,0.9,16,fc1,0,4,0.990891695022583,0.9732714891433716,200
cka_feddst,mnist,0.9,13,results/logs/cka_strength_sweep/mnist_all_20260516_024344/strength_0p9/seed_13/splits/mnist_split_seed13_clients5_alpha0p3_ref200.json,0.9,16,fc1,1,0,0.9620584845542908,0.9732714891433716,200
cka_feddst,mnist,0.9,13,results/logs/cka_strength_sweep/mnist_all_20260516_024344/strength_0p9/seed_13/splits/mnist_split_seed13_clients5_alpha0p3_ref200.json,0.9,16,fc1,1,1,1.0,0.9732714891433716,200
cka_feddst,mnist,0.9,13,results/logs/cka_strength_sweep/mnist_all_20260516_024344/strength_0p9/seed_13/splits/mnist_split_seed13_clients5_alpha0p3_ref200.json,0.9,16,fc1,1,2,0.9668001532554626,0.9732714891433716,200
cka_feddst,mnist,0.9,13,results/logs/cka_strength_sweep/mnist_all_20260516_024344/strength_0p9/seed_13/splits/mnist_split_seed13_clients5_alpha0p3_ref200.json,0.9,16,fc1,1,3,0.9711526036262512,0.9732714891433716,200
cka_feddst,mnist,0.9,13,results/logs/cka_strength_sweep/mnist_all_20260516_024344/strength_0p9/seed_13/splits/mnist_split_seed13_clients5_alpha0p3_ref200.json,0.9,16,fc1,1,4,0.9616624116897583,0.9732714891433716,200
cka_feddst,mnist,0.9,13,results/logs/cka_strength_sweep/mnist_all_20260516_024344/strength_0p9/seed_13/splits/mnist_split_seed13_clients5_alpha0p3_ref200.json,0.9,16,fc1,2,0,0.9821661710739136,0.9732714891433716,200
cka_feddst,mnist,0.9,13,results/logs/cka_strength_sweep/mnist_all_20260516_024344/strength_0p9/seed_13/splits/mnist_split_seed13_clients5_alpha0p3_ref200.json,0.9,16,fc1,2,1,0.9668001532554626,0.9732714891433716,200
cka_feddst,mnist,0.9,13,results/logs/cka_strength_sweep/mnist_all_20260516_024344/strength_0p9/seed_13/splits/mnist_split_seed13_clients5_alpha0p3_ref200.json,0.9,16,fc1,2,2,1.0,0.9732714891433716,200
cka_feddst,mnist,0.9,13,results/logs/cka_strength_sweep/mnist_all_20260516_024344/strength_0p9/seed_13/splits/mnist_split_seed13_clients5_alpha0p3_ref200.json,0.9,16,fc1,2,3,0.9760385155677795,0.9732714891433716,200
cka_feddst,mnist,0.9,13,results/logs/cka_strength_sweep/mnist_all_20260516_024344/strength_0p9/seed_13/splits/mnist_split_seed13_clients5_alpha0p3_ref200.json,0.9,16,fc1,2,4,0.9913774728775024,0.9732714891433716,200
cka_feddst,mnist,0.9,13,results/logs/cka_strength_sweep/mnist_all_20260516_024344/strength_0p9/seed_13/splits/mnist_split_seed13_clients5_alpha0p3_ref200.json,0.9,16,fc1,3,0,0.9611380696296692,0.9732714891433716,200
cka_feddst,mnist,0.9,13,results/logs/cka_strength_sweep/mnist_all_20260516_024344/strength_0p9/seed_13/splits/mnist_split_seed13_clients5_alpha0p3_ref200.json,0.9,16,fc1,3,1,0.9711526036262512,0.9732714891433716,200
cka_feddst,mnist,0.9,13,results/logs/cka_strength_sweep/mnist_all_20260516_024344/strength_0p9/seed_13/splits/mnist_split_seed13_clients5_alpha0p3_ref200.json,0.9,16,fc1,3,2,0.9760385155677795,0.9732714891433716,200
cka_feddst,mnist,0.9,13,results/logs/cka_strength_sweep/mnist_all_20260516_024344/strength_0p9/seed_13/splits/mnist_split_seed13_clients5_alpha0p3_ref200.json,0.9,16,fc1,3,3,1.0,0.9732714891433716,200
cka_feddst,mnist,0.9,13,results/logs/cka_strength_sweep/mnist_all_20260516_024344/strength_0p9/seed_13/splits/mnist_split_seed13_clients5_alpha0p3_ref200.json,0.9,16,fc1,3,4,0.9694284200668335,0.9732714891433716,200
cka_feddst,mnist,0.9,13,results/logs/cka_strength_sweep/mnist_all_20260516_024344/strength_0p9/seed_13/splits/mnist_split_seed13_clients5_alpha0p3_ref200.json,0.9,16,fc1,4,0,0.990891695022583,0.9732714891433716,200
cka_feddst,mnist,0.9,13,results/logs/cka_strength_sweep/mnist_all_20260516_024344/strength_0p9/seed_13/splits/mnist_split_seed13_clients5_alpha0p3_ref200.json,0.9,16,fc1,4,1,0.9616624116897583,0.9732714891433716,200
cka_feddst,mnist,0.9,13,results/logs/cka_strength_sweep/mnist_all_20260516_024344/strength_0p9/seed_13/splits/mnist_split_seed13_clients5_alpha0p3_ref200.json,0.9,16,fc1,4,2,0.9913774728775024,0.9732714891433716,200
cka_feddst,mnist,0.9,13,results/logs/cka_strength_sweep/mnist_all_20260516_024344/strength_0p9/seed_13/splits/mnist_split_seed13_clients5_alpha0p3_ref200.json,0.9,16,fc1,4,3,0.9694284200668335,0.9732714891433716,200
cka_feddst,mnist,0.9,13,results/logs/cka_strength_sweep/mnist_all_20260516_024344/strength_0p9/seed_13/splits/mnist_split_seed13_clients5_alpha0p3_ref200.json,0.9,16,fc1,4,4,1.0,0.9732714891433716,200
cka_feddst,mnist,0.9,13,results/logs/cka_strength_sweep/mnist_all_20260516_024344/strength_0p9/seed_13/splits/mnist_split_seed13_clients5_alpha0p3_ref200.json,0.9,18,conv1,0,0,1.0,0.9999836087226868,200
cka_feddst,mnist,0.9,13,results/logs/cka_strength_sweep/mnist_all_20260516_024344/strength_0p9/seed_13/splits/mnist_split_seed13_clients5_alpha0p3_ref200.json,0.9,18,conv1,0,1,0.999954342842102,0.9999836087226868,200
cka_feddst,mnist,0.9,13,results/logs/cka_strength_sweep/mnist_all_20260516_024344/strength_0p9/seed_13/splits/mnist_split_seed13_clients5_alpha0p3_ref200.json,0.9,18,conv1,0,2,0.9999987483024597,0.9999836087226868,200
cka_feddst,mnist,0.9,13,results/logs/cka_strength_sweep/mnist_all_20260516_024344/strength_0p9/seed_13/splits/mnist_split_seed13_clients5_alpha0p3_ref200.json,0.9,18,conv1,0,3,0.9999984502792358,0.9999836087226868,200
cka_feddst,mnist,0.9,13,results/logs/cka_strength_sweep/mnist_all_20260516_024344/strength_0p9/seed_13/splits/mnist_split_seed13_clients5_alpha0p3_ref200.json,0.9,18,conv1,0,4,0.999998927116394,0.9999836087226868,200
cka_feddst,mnist,0.9,13,results/logs/cka_strength_sweep/mnist_all_20260516_024344/strength_0p9/seed_13/splits/mnist_split_seed13_clients5_alpha0p3_ref200.json,0.9,18,conv1,1,0,0.999954342842102,0.9999836087226868,200
cka_feddst,mnist,0.9,13,results/logs/cka_strength_sweep/mnist_all_20260516_024344/strength_0p9/seed_13/splits/mnist_split_seed13_clients5_alpha0p3_ref200.json,0.9,18,conv1,1,1,1.0,0.9999836087226868,200
cka_feddst,mnist,0.9,13,results/logs/cka_strength_sweep/mnist_all_20260516_024344/strength_0p9/seed_13/splits/mnist_split_seed13_clients5_alpha0p3_ref200.json,0.9,18,conv1,1,2,0.9999680519104004,0.9999836087226868,200
cka_feddst,mnist,0.9,13,results/logs/cka_strength_sweep/mnist_all_20260516_024344/strength_0p9/seed_13/splits/mnist_split_seed13_clients5_alpha0p3_ref200.json,0.9,18,conv1,1,3,0.9999701380729675,0.9999836087226868,200
cka_feddst,mnist,0.9,13,results/logs/cka_strength_sweep/mnist_all_20260516_024344/strength_0p9/seed_13/splits/mnist_split_seed13_clients5_alpha0p3_ref200.json,0.9,18,conv1,1,4,0.9999514818191528,0.9999836087226868,200
cka_feddst,mnist,0.9,13,results/logs/cka_strength_sweep/mnist_all_20260516_024344/strength_0p9/seed_13/splits/mnist_split_seed13_clients5_alpha0p3_ref200.json,0.9,18,conv1,2,0,0.9999987483024597,0.9999836087226868,200
cka_feddst,mnist,0.9,13,results/logs/cka_strength_sweep/mnist_all_20260516_024344/strength_0p9/seed_13/splits/mnist_split_seed13_clients5_alpha0p3_ref200.json,0.9,18,conv1,2,1,0.9999680519104004,0.9999836087226868,200
cka_feddst,mnist,0.9,13,results/logs/cka_strength_sweep/mnist_all_20260516_024344/strength_0p9/seed_13/splits/mnist_split_seed13_clients5_alpha0p3_ref200.json,0.9,18,conv1,2,2,1.0,0.9999836087226868,200
cka_feddst,mnist,0.9,13,results/logs/cka_strength_sweep/mnist_all_20260516_024344/strength_0p9/seed_13/splits/mnist_split_seed13_clients5_alpha0p3_ref200.json,0.9,18,conv1,2,3,1.0,0.9999836087226868,200
cka_feddst,mnist,0.9,13,results/logs/cka_strength_sweep/mnist_all_20260516_024344/strength_0p9/seed_13/splits/mnist_split_seed13_clients5_alpha0p3_ref200.json,0.9,18,conv1,2,4,0.9999980330467224,0.9999836087226868,200
cka_feddst,mnist,0.9,13,results/logs/cka_strength_sweep/mnist_all_20260516_024344/strength_0p9/seed_13/splits/mnist_split_seed13_clients5_alpha0p3_ref200.json,0.9,18,conv1,3,0,0.9999984502792358,0.9999836087226868,200
cka_feddst,mnist,0.9,13,results/logs/cka_strength_sweep/mnist_all_20260516_024344/strength_0p9/seed_13/splits/mnist_split_seed13_clients5_alpha0p3_ref200.json,0.9,18,conv1,3,1,0.9999701380729675,0.9999836087226868,200
cka_feddst,mnist,0.9,13,results/logs/cka_strength_sweep/mnist_all_20260516_024344/strength_0p9/seed_13/splits/mnist_split_seed13_clients5_alpha0p3_ref200.json,0.9,18,conv1,3,2,1.0,0.9999836087226868,200
cka_feddst,mnist,0.9,13,results/logs/cka_strength_sweep/mnist_all_20260516_024344/strength_0p9/seed_13/splits/mnist_split_seed13_clients5_alpha0p3_ref200.json,0.9,18,conv1,3,3,1.0,0.9999836087226868,200
cka_feddst,mnist,0.9,13,results/logs/cka_strength_sweep/mnist_all_20260516_024344/strength_0p9/seed_13/splits/mnist_split_seed13_clients5_alpha0p3_ref200.json,0.9,18,conv1,3,4,0.999997615814209,0.9999836087226868,200
cka_feddst,mnist,0.9,13,results/logs/cka_strength_sweep/mnist_all_20260516_024344/strength_0p9/seed_13/splits/mnist_split_seed13_clients5_alpha0p3_ref200.json,0.9,18,conv1,4,0,0.999998927116394,0.9999836087226868,200
cka_feddst,mnist,0.9,13,results/logs/cka_strength_sweep/mnist_all_20260516_024344/strength_0p9/seed_13/splits/mnist_split_seed13_clients5_alpha0p3_ref200.json,0.9,18,conv1,4,1,0.9999514818191528,0.9999836087226868,200
cka_feddst,mnist,0.9,13,results/logs/cka_strength_sweep/mnist_all_20260516_024344/strength_0p9/seed_13/splits/mnist_split_seed13_clients5_alpha0p3_ref200.json,0.9,18,conv1,4,2,0.9999980330467224,0.9999836087226868,200
cka_feddst,mnist,0.9,13,results/logs/cka_strength_sweep/mnist_all_20260516_024344/strength_0p9/seed_13/splits/mnist_split_seed13_clients5_alpha0p3_ref200.json,0.9,18,conv1,4,3,0.999997615814209,0.9999836087226868,200
cka_feddst,mnist,0.9,13,results/logs/cka_strength_sweep/mnist_all_20260516_024344/strength_0p9/seed_13/splits/mnist_split_seed13_clients5_alpha0p3_ref200.json,0.9,18,conv1,4,4,1.0,0.9999836087226868,200
cka_feddst,mnist,0.9,13,results/logs/cka_strength_sweep/mnist_all_20260516_024344/strength_0p9/seed_13/splits/mnist_split_seed13_clients5_alpha0p3_ref200.json,0.9,18,conv2,0,0,1.0,0.9999550580978394,200
cka_feddst,mnist,0.9,13,results/logs/cka_strength_sweep/mnist_all_20260516_024344/strength_0p9/seed_13/splits/mnist_split_seed13_clients5_alpha0p3_ref200.json,0.9,18,conv2,0,1,0.999889612197876,0.9999550580978394,200
cka_feddst,mnist,0.9,13,results/logs/cka_strength_sweep/mnist_all_20260516_024344/strength_0p9/seed_13/splits/mnist_split_seed13_clients5_alpha0p3_ref200.json,0.9,18,conv2,0,2,0.9999975562095642,0.9999550580978394,200
cka_feddst,mnist,0.9,13,results/logs/cka_strength_sweep/mnist_all_20260516_024344/strength_0p9/seed_13/splits/mnist_split_seed13_clients5_alpha0p3_ref200.json,0.9,18,conv2,0,3,0.9999982118606567,0.9999550580978394,200
cka_feddst,mnist,0.9,13,results/logs/cka_strength_sweep/mnist_all_20260516_024344/strength_0p9/seed_13/splits/mnist_split_seed13_clients5_alpha0p3_ref200.json,0.9,18,conv2,0,4,0.9999960660934448,0.9999550580978394,200
cka_feddst,mnist,0.9,13,results/logs/cka_strength_sweep/mnist_all_20260516_024344/strength_0p9/seed_13/splits/mnist_split_seed13_clients5_alpha0p3_ref200.json,0.9,18,conv2,1,0,0.999889612197876,0.9999550580978394,200
cka_feddst,mnist,0.9,13,results/logs/cka_strength_sweep/mnist_all_20260516_024344/strength_0p9/seed_13/splits/mnist_split_seed13_clients5_alpha0p3_ref200.json,0.9,18,conv2,1,1,1.0,0.9999550580978394,200
cka_feddst,mnist,0.9,13,results/logs/cka_strength_sweep/mnist_all_20260516_024344/strength_0p9/seed_13/splits/mnist_split_seed13_clients5_alpha0p3_ref200.json,0.9,18,conv2,1,2,0.9999210834503174,0.9999550580978394,200
cka_feddst,mnist,0.9,13,results/logs/cka_strength_sweep/mnist_all_20260516_024344/strength_0p9/seed_13/splits/mnist_split_seed13_clients5_alpha0p3_ref200.json,0.9,18,conv2,1,3,0.9998950362205505,0.9999550580978394,200
cka_feddst,mnist,0.9,13,results/logs/cka_strength_sweep/mnist_all_20260516_024344/strength_0p9/seed_13/splits/mnist_split_seed13_clients5_alpha0p3_ref200.json,0.9,18,conv2,1,4,0.9998679161071777,0.9999550580978394,200
cka_feddst,mnist,0.9,13,results/logs/cka_strength_sweep/mnist_all_20260516_024344/strength_0p9/seed_13/splits/mnist_split_seed13_clients5_alpha0p3_ref200.json,0.9,18,conv2,2,0,0.9999975562095642,0.9999550580978394,200
cka_feddst,mnist,0.9,13,results/logs/cka_strength_sweep/mnist_all_20260516_024344/strength_0p9/seed_13/splits/mnist_split_seed13_clients5_alpha0p3_ref200.json,0.9,18,conv2,2,1,0.9999210834503174,0.9999550580978394,200
cka_feddst,mnist,0.9,13,results/logs/cka_strength_sweep/mnist_all_20260516_024344/strength_0p9/seed_13/splits/mnist_split_seed13_clients5_alpha0p3_ref200.json,0.9,18,conv2,2,2,1.0,0.9999550580978394,200
cka_feddst,mnist,0.9,13,results/logs/cka_strength_sweep/mnist_all_20260516_024344/strength_0p9/seed_13/splits/mnist_split_seed13_clients5_alpha0p3_ref200.json,0.9,18,conv2,2,3,0.9999975562095642,0.9999550580978394,200
cka_feddst,mnist,0.9,13,results/logs/cka_strength_sweep/mnist_all_20260516_024344/strength_0p9/seed_13/splits/mnist_split_seed13_clients5_alpha0p3_ref200.json,0.9,18,conv2,2,4,0.9999925494194031,0.9999550580978394,200
cka_feddst,mnist,0.9,13,results/logs/cka_strength_sweep/mnist_all_20260516_024344/strength_0p9/seed_13/splits/mnist_split_seed13_clients5_alpha0p3_ref200.json,0.9,18,conv2,3,0,0.9999982118606567,0.9999550580978394,200
cka_feddst,mnist,0.9,13,results/logs/cka_strength_sweep/mnist_all_20260516_024344/strength_0p9/seed_13/splits/mnist_split_seed13_clients5_alpha0p3_ref200.json,0.9,18,conv2,3,1,0.9998950362205505,0.9999550580978394,200
cka_feddst,mnist,0.9,13,results/logs/cka_strength_sweep/mnist_all_20260516_024344/strength_0p9/seed_13/splits/mnist_split_seed13_clients5_alpha0p3_ref200.json,0.9,18,conv2,3,2,0.9999975562095642,0.9999550580978394,200
cka_feddst,mnist,0.9,13,results/logs/cka_strength_sweep/mnist_all_20260516_024344/strength_0p9/seed_13/splits/mnist_split_seed13_clients5_alpha0p3_ref200.json,0.9,18,conv2,3,3,1.0,0.9999550580978394,200
cka_feddst,mnist,0.9,13,results/logs/cka_strength_sweep/mnist_all_20260516_024344/strength_0p9/seed_13/splits/mnist_split_seed13_clients5_alpha0p3_ref200.json,0.9,18,conv2,3,4,0.9999961256980896,0.9999550580978394,200
cka_feddst,mnist,0.9,13,results/logs/cka_strength_sweep/mnist_all_20260516_024344/strength_0p9/seed_13/splits/mnist_split_seed13_clients5_alpha0p3_ref200.json,0.9,18,conv2,4,0,0.9999960660934448,0.9999550580978394,200
cka_feddst,mnist,0.9,13,results/logs/cka_strength_sweep/mnist_all_20260516_024344/strength_0p9/seed_13/splits/mnist_split_seed13_clients5_alpha0p3_ref200.json,0.9,18,conv2,4,1,0.9998679161071777,0.9999550580978394,200
cka_feddst,mnist,0.9,13,results/logs/cka_strength_sweep/mnist_all_20260516_024344/strength_0p9/seed_13/splits/mnist_split_seed13_clients5_alpha0p3_ref200.json,0.9,18,conv2,4,2,0.9999925494194031,0.9999550580978394,200
cka_feddst,mnist,0.9,13,results/logs/cka_strength_sweep/mnist_all_20260516_024344/strength_0p9/seed_13/splits/mnist_split_seed13_clients5_alpha0p3_ref200.json,0.9,18,conv2,4,3,0.9999961256980896,0.9999550580978394,200
cka_feddst,mnist,0.9,13,results/logs/cka_strength_sweep/mnist_all_20260516_024344/strength_0p9/seed_13/splits/mnist_split_seed13_clients5_alpha0p3_ref200.json,0.9,18,conv2,4,4,1.0,0.9999550580978394,200
cka_feddst,mnist,0.9,13,results/logs/cka_strength_sweep/mnist_all_20260516_024344/strength_0p9/seed_13/splits/mnist_split_seed13_clients5_alpha0p3_ref200.json,0.9,18,fc1,0,0,1.0,0.9756957292556763,200
cka_feddst,mnist,0.9,13,results/logs/cka_strength_sweep/mnist_all_20260516_024344/strength_0p9/seed_13/splits/mnist_split_seed13_clients5_alpha0p3_ref200.json,0.9,18,fc1,0,1,0.9662583470344543,0.9756957292556763,200
cka_feddst,mnist,0.9,13,results/logs/cka_strength_sweep/mnist_all_20260516_024344/strength_0p9/seed_13/splits/mnist_split_seed13_clients5_alpha0p3_ref200.json,0.9,18,fc1,0,2,0.9891886115074158,0.9756957292556763,200
cka_feddst,mnist,0.9,13,results/logs/cka_strength_sweep/mnist_all_20260516_024344/strength_0p9/seed_13/splits/mnist_split_seed13_clients5_alpha0p3_ref200.json,0.9,18,fc1,0,3,0.9606776833534241,0.9756957292556763,200
cka_feddst,mnist,0.9,13,results/logs/cka_strength_sweep/mnist_all_20260516_024344/strength_0p9/seed_13/splits/mnist_split_seed13_clients5_alpha0p3_ref200.json,0.9,18,fc1,0,4,0.991080641746521,0.9756957292556763,200
cka_feddst,mnist,0.9,13,results/logs/cka_strength_sweep/mnist_all_20260516_024344/strength_0p9/seed_13/splits/mnist_split_seed13_clients5_alpha0p3_ref200.json,0.9,18,fc1,1,0,0.9662583470344543,0.9756957292556763,200
cka_feddst,mnist,0.9,13,results/logs/cka_strength_sweep/mnist_all_20260516_024344/strength_0p9/seed_13/splits/mnist_split_seed13_clients5_alpha0p3_ref200.json,0.9,18,fc1,1,1,1.0,0.9756957292556763,200
cka_feddst,mnist,0.9,13,results/logs/cka_strength_sweep/mnist_all_20260516_024344/strength_0p9/seed_13/splits/mnist_split_seed13_clients5_alpha0p3_ref200.json,0.9,18,fc1,1,2,0.9739140272140503,0.9756957292556763,200
cka_feddst,mnist,0.9,13,results/logs/cka_strength_sweep/mnist_all_20260516_024344/strength_0p9/seed_13/splits/mnist_split_seed13_clients5_alpha0p3_ref200.json,0.9,18,fc1,1,3,0.971716046333313,0.9756957292556763,200
cka_feddst,mnist,0.9,13,results/logs/cka_strength_sweep/mnist_all_20260516_024344/strength_0p9/seed_13/splits/mnist_split_seed13_clients5_alpha0p3_ref200.json,0.9,18,fc1,1,4,0.9636913537979126,0.9756957292556763,200
cka_feddst,mnist,0.9,13,results/logs/cka_strength_sweep/mnist_all_20260516_024344/strength_0p9/seed_13/splits/mnist_split_seed13_clients5_alpha0p3_ref200.json,0.9,18,fc1,2,0,0.9891886115074158,0.9756957292556763,200
cka_feddst,mnist,0.9,13,results/logs/cka_strength_sweep/mnist_all_20260516_024344/strength_0p9/seed_13/splits/mnist_split_seed13_clients5_alpha0p3_ref200.json,0.9,18,fc1,2,1,0.9739140272140503,0.9756957292556763,200
cka_feddst,mnist,0.9,13,results/logs/cka_strength_sweep/mnist_all_20260516_024344/strength_0p9/seed_13/splits/mnist_split_seed13_clients5_alpha0p3_ref200.json,0.9,18,fc1,2,2,1.0,0.9756957292556763,200
cka_feddst,mnist,0.9,13,results/logs/cka_strength_sweep/mnist_all_20260516_024344/strength_0p9/seed_13/splits/mnist_split_seed13_clients5_alpha0p3_ref200.json,0.9,18,fc1,2,3,0.9755505323410034,0.9756957292556763,200
cka_feddst,mnist,0.9,13,results/logs/cka_strength_sweep/mnist_all_20260516_024344/strength_0p9/seed_13/splits/mnist_split_seed13_clients5_alpha0p3_ref200.json,0.9,18,fc1,2,4,0.9934672713279724,0.9756957292556763,200
cka_feddst,mnist,0.9,13,results/logs/cka_strength_sweep/mnist_all_20260516_024344/strength_0p9/seed_13/splits/mnist_split_seed13_clients5_alpha0p3_ref200.json,0.9,18,fc1,3,0,0.9606776833534241,0.9756957292556763,200
cka_feddst,mnist,0.9,13,results/logs/cka_strength_sweep/mnist_all_20260516_024344/strength_0p9/seed_13/splits/mnist_split_seed13_clients5_alpha0p3_ref200.json,0.9,18,fc1,3,1,0.971716046333313,0.9756957292556763,200
cka_feddst,mnist,0.9,13,results/logs/cka_strength_sweep/mnist_all_20260516_024344/strength_0p9/seed_13/splits/mnist_split_seed13_clients5_alpha0p3_ref200.json,0.9,18,fc1,3,2,0.9755505323410034,0.9756957292556763,200
cka_feddst,mnist,0.9,13,results/logs/cka_strength_sweep/mnist_all_20260516_024344/strength_0p9/seed_13/splits/mnist_split_seed13_clients5_alpha0p3_ref200.json,0.9,18,fc1,3,3,1.0,0.9756957292556763,200
cka_feddst,mnist,0.9,13,results/logs/cka_strength_sweep/mnist_all_20260516_024344/strength_0p9/seed_13/splits/mnist_split_seed13_clients5_alpha0p3_ref200.json,0.9,18,fc1,3,4,0.9714123010635376,0.9756957292556763,200
cka_feddst,mnist,0.9,13,results/logs/cka_strength_sweep/mnist_all_20260516_024344/strength_0p9/seed_13/splits/mnist_split_seed13_clients5_alpha0p3_ref200.json,0.9,18,fc1,4,0,0.991080641746521,0.9756957292556763,200
cka_feddst,mnist,0.9,13,results/logs/cka_strength_sweep/mnist_all_20260516_024344/strength_0p9/seed_13/splits/mnist_split_seed13_clients5_alpha0p3_ref200.json,0.9,18,fc1,4,1,0.9636913537979126,0.9756957292556763,200
cka_feddst,mnist,0.9,13,results/logs/cka_strength_sweep/mnist_all_20260516_024344/strength_0p9/seed_13/splits/mnist_split_seed13_clients5_alpha0p3_ref200.json,0.9,18,fc1,4,2,0.9934672713279724,0.9756957292556763,200
cka_feddst,mnist,0.9,13,results/logs/cka_strength_sweep/mnist_all_20260516_024344/strength_0p9/seed_13/splits/mnist_split_seed13_clients5_alpha0p3_ref200.json,0.9,18,fc1,4,3,0.9714123010635376,0.9756957292556763,200
cka_feddst,mnist,0.9,13,results/logs/cka_strength_sweep/mnist_all_20260516_024344/strength_0p9/seed_13/splits/mnist_split_seed13_clients5_alpha0p3_ref200.json,0.9,18,fc1,4,4,1.0,0.9756957292556763,200
cka_feddst,mnist,0.9,13,results/logs/cka_strength_sweep/mnist_all_20260516_024344/strength_0p9/seed_13/splits/mnist_split_seed13_clients5_alpha0p3_ref200.json,0.9,20,conv1,0,0,1.0,0.999997615814209,200
cka_feddst,mnist,0.9,13,results/logs/cka_strength_sweep/mnist_all_20260516_024344/strength_0p9/seed_13/splits/mnist_split_seed13_clients5_alpha0p3_ref200.json,0.9,20,conv1,0,1,0.9999957084655762,0.999997615814209,200
cka_feddst,mnist,0.9,13,results/logs/cka_strength_sweep/mnist_all_20260516_024344/strength_0p9/seed_13/splits/mnist_split_seed13_clients5_alpha0p3_ref200.json,0.9,20,conv1,0,2,0.9999995231628418,0.999997615814209,200
cka_feddst,mnist,0.9,13,results/logs/cka_strength_sweep/mnist_all_20260516_024344/strength_0p9/seed_13/splits/mnist_split_seed13_clients5_alpha0p3_ref200.json,0.9,20,conv1,0,3,0.9999972581863403,0.999997615814209,200
cka_feddst,mnist,0.9,13,results/logs/cka_strength_sweep/mnist_all_20260516_024344/strength_0p9/seed_13/splits/mnist_split_seed13_clients5_alpha0p3_ref200.json,0.9,20,conv1,0,4,0.9999990463256836,0.999997615814209,200
cka_feddst,mnist,0.9,13,results/logs/cka_strength_sweep/mnist_all_20260516_024344/strength_0p9/seed_13/splits/mnist_split_seed13_clients5_alpha0p3_ref200.json,0.9,20,conv1,1,0,0.9999957084655762,0.999997615814209,200
cka_feddst,mnist,0.9,13,results/logs/cka_strength_sweep/mnist_all_20260516_024344/strength_0p9/seed_13/splits/mnist_split_seed13_clients5_alpha0p3_ref200.json,0.9,20,conv1,1,1,1.0,0.999997615814209,200
cka_feddst,mnist,0.9,13,results/logs/cka_strength_sweep/mnist_all_20260516_024344/strength_0p9/seed_13/splits/mnist_split_seed13_clients5_alpha0p3_ref200.json,0.9,20,conv1,1,2,0.9999958276748657,0.999997615814209,200
cka_feddst,mnist,0.9,13,results/logs/cka_strength_sweep/mnist_all_20260516_024344/strength_0p9/seed_13/splits/mnist_split_seed13_clients5_alpha0p3_ref200.json,0.9,20,conv1,1,3,0.9999975562095642,0.999997615814209,200
cka_feddst,mnist,0.9,13,results/logs/cka_strength_sweep/mnist_all_20260516_024344/strength_0p9/seed_13/splits/mnist_split_seed13_clients5_alpha0p3_ref200.json,0.9,20,conv1,1,4,0.9999945163726807,0.999997615814209,200
cka_feddst,mnist,0.9,13,results/logs/cka_strength_sweep/mnist_all_20260516_024344/strength_0p9/seed_13/splits/mnist_split_seed13_clients5_alpha0p3_ref200.json,0.9,20,conv1,2,0,0.9999995231628418,0.999997615814209,200
cka_feddst,mnist,0.9,13,results/logs/cka_strength_sweep/mnist_all_20260516_024344/strength_0p9/seed_13/splits/mnist_split_seed13_clients5_alpha0p3_ref200.json,0.9,20,conv1,2,1,0.9999958276748657,0.999997615814209,200
cka_feddst,mnist,0.9,13,results/logs/cka_strength_sweep/mnist_all_20260516_024344/strength_0p9/seed_13/splits/mnist_split_seed13_clients5_alpha0p3_ref200.json,0.9,20,conv1,2,2,1.0,0.999997615814209,200
cka_feddst,mnist,0.9,13,results/logs/cka_strength_sweep/mnist_all_20260516_024344/strength_0p9/seed_13/splits/mnist_split_seed13_clients5_alpha0p3_ref200.json,0.9,20,conv1,2,3,0.9999977946281433,0.999997615814209,200
cka_feddst,mnist,0.9,13,results/logs/cka_strength_sweep/mnist_all_20260516_024344/strength_0p9/seed_13/splits/mnist_split_seed13_clients5_alpha0p3_ref200.json,0.9,20,conv1,2,4,0.9999997019767761,0.999997615814209,200
cka_feddst,mnist,0.9,13,results/logs/cka_strength_sweep/mnist_all_20260516_024344/strength_0p9/seed_13/splits/mnist_split_seed13_clients5_alpha0p3_ref200.json,0.9,20,conv1,3,0,0.9999972581863403,0.999997615814209,200
cka_feddst,mnist,0.9,13,results/logs/cka_strength_sweep/mnist_all_20260516_024344/strength_0p9/seed_13/splits/mnist_split_seed13_clients5_alpha0p3_ref200.json,0.9,20,conv1,3,1,0.9999975562095642,0.999997615814209,200
cka_feddst,mnist,0.9,13,results/logs/cka_strength_sweep/mnist_all_20260516_024344/strength_0p9/seed_13/splits/mnist_split_seed13_clients5_alpha0p3_ref200.json,0.9,20,conv1,3,2,0.9999977946281433,0.999997615814209,200
cka_feddst,mnist,0.9,13,results/logs/cka_strength_sweep/mnist_all_20260516_024344/strength_0p9/seed_13/splits/mnist_split_seed13_clients5_alpha0p3_ref200.json,0.9,20,conv1,3,3,1.0,0.999997615814209,200
cka_feddst,mnist,0.9,13,results/logs/cka_strength_sweep/mnist_all_20260516_024344/strength_0p9/seed_13/splits/mnist_split_seed13_clients5_alpha0p3_ref200.json,0.9,20,conv1,3,4,0.9999990463256836,0.999997615814209,200
cka_feddst,mnist,0.9,13,results/logs/cka_strength_sweep/mnist_all_20260516_024344/strength_0p9/seed_13/splits/mnist_split_seed13_clients5_alpha0p3_ref200.json,0.9,20,conv1,4,0,0.9999990463256836,0.999997615814209,200
cka_feddst,mnist,0.9,13,results/logs/cka_strength_sweep/mnist_all_20260516_024344/strength_0p9/seed_13/splits/mnist_split_seed13_clients5_alpha0p3_ref200.json,0.9,20,conv1,4,1,0.9999945163726807,0.999997615814209,200
cka_feddst,mnist,0.9,13,results/logs/cka_strength_sweep/mnist_all_20260516_024344/strength_0p9/seed_13/splits/mnist_split_seed13_clients5_alpha0p3_ref200.json,0.9,20,conv1,4,2,0.9999997019767761,0.999997615814209,200
cka_feddst,mnist,0.9,13,results/logs/cka_strength_sweep/mnist_all_20260516_024344/strength_0p9/seed_13/splits/mnist_split_seed13_clients5_alpha0p3_ref200.json,0.9,20,conv1,4,3,0.9999990463256836,0.999997615814209,200
cka_feddst,mnist,0.9,13,results/logs/cka_strength_sweep/mnist_all_20260516_024344/strength_0p9/seed_13/splits/mnist_split_seed13_clients5_alpha0p3_ref200.json,0.9,20,conv1,4,4,1.0,0.999997615814209,200
cka_feddst,mnist,0.9,13,results/logs/cka_strength_sweep/mnist_all_20260516_024344/strength_0p9/seed_13/splits/mnist_split_seed13_clients5_alpha0p3_ref200.json,0.9,20,conv2,0,0,1.0,0.9999750852584839,200
cka_feddst,mnist,0.9,13,results/logs/cka_strength_sweep/mnist_all_20260516_024344/strength_0p9/seed_13/splits/mnist_split_seed13_clients5_alpha0p3_ref200.json,0.9,20,conv2,0,1,0.9999467134475708,0.9999750852584839,200
cka_feddst,mnist,0.9,13,results/logs/cka_strength_sweep/mnist_all_20260516_024344/strength_0p9/seed_13/splits/mnist_split_seed13_clients5_alpha0p3_ref200.json,0.9,20,conv2,0,2,0.9999982714653015,0.9999750852584839,200
cka_feddst,mnist,0.9,13,results/logs/cka_strength_sweep/mnist_all_20260516_024344/strength_0p9/seed_13/splits/mnist_split_seed13_clients5_alpha0p3_ref200.json,0.9,20,conv2,0,3,0.9999954104423523,0.9999750852584839,200
cka_feddst,mnist,0.9,13,results/logs/cka_strength_sweep/mnist_all_20260516_024344/strength_0p9/seed_13/splits/mnist_split_seed13_clients5_alpha0p3_ref200.json,0.9,20,conv2,0,4,0.9999952912330627,0.9999750852584839,200
cka_feddst,mnist,0.9,13,results/logs/cka_strength_sweep/mnist_all_20260516_024344/strength_0p9/seed_13/splits/mnist_split_seed13_clients5_alpha0p3_ref200.json,0.9,20,conv2,1,0,0.9999467134475708,0.9999750852584839,200
cka_feddst,mnist,0.9,13,results/logs/cka_strength_sweep/mnist_all_20260516_024344/strength_0p9/seed_13/splits/mnist_split_seed13_clients5_alpha0p3_ref200.json,0.9,20,conv2,1,1,1.0,0.9999750852584839,200
cka_feddst,mnist,0.9,13,results/logs/cka_strength_sweep/mnist_all_20260516_024344/strength_0p9/seed_13/splits/mnist_split_seed13_clients5_alpha0p3_ref200.json,0.9,20,conv2,1,2,0.999958872795105,0.9999750852584839,200
cka_feddst,mnist,0.9,13,results/logs/cka_strength_sweep/mnist_all_20260516_024344/strength_0p9/seed_13/splits/mnist_split_seed13_clients5_alpha0p3_ref200.json,0.9,20,conv2,1,3,0.9999380707740784,0.9999750852584839,200
cka_feddst,mnist,0.9,13,results/logs/cka_strength_sweep/mnist_all_20260516_024344/strength_0p9/seed_13/splits/mnist_split_seed13_clients5_alpha0p3_ref200.json,0.9,20,conv2,1,4,0.9999301433563232,0.9999750852584839,200
cka_feddst,mnist,0.9,13,results/logs/cka_strength_sweep/mnist_all_20260516_024344/strength_0p9/seed_13/splits/mnist_split_seed13_clients5_alpha0p3_ref200.json,0.9,20,conv2,2,0,0.9999982714653015,0.9999750852584839,200
cka_feddst,mnist,0.9,13,results/logs/cka_strength_sweep/mnist_all_20260516_024344/strength_0p9/seed_13/splits/mnist_split_seed13_clients5_alpha0p3_ref200.json,0.9,20,conv2,2,1,0.999958872795105,0.9999750852584839,200
cka_feddst,mnist,0.9,13,results/logs/cka_strength_sweep/mnist_all_20260516_024344/strength_0p9/seed_13/splits/mnist_split_seed13_clients5_alpha0p3_ref200.json,0.9,20,conv2,2,2,1.0,0.9999750852584839,200
cka_feddst,mnist,0.9,13,results/logs/cka_strength_sweep/mnist_all_20260516_024344/strength_0p9/seed_13/splits/mnist_split_seed13_clients5_alpha0p3_ref200.json,0.9,20,conv2,2,3,0.9999951124191284,0.9999750852584839,200
cka_feddst,mnist,0.9,13,results/logs/cka_strength_sweep/mnist_all_20260516_024344/strength_0p9/seed_13/splits/mnist_split_seed13_clients5_alpha0p3_ref200.json,0.9,20,conv2,2,4,0.9999956488609314,0.9999750852584839,200
cka_feddst,mnist,0.9,13,results/logs/cka_strength_sweep/mnist_all_20260516_024344/strength_0p9/seed_13/splits/mnist_split_seed13_clients5_alpha0p3_ref200.json,0.9,20,conv2,3,0,0.9999954104423523,0.9999750852584839,200
cka_feddst,mnist,0.9,13,results/logs/cka_strength_sweep/mnist_all_20260516_024344/strength_0p9/seed_13/splits/mnist_split_seed13_clients5_alpha0p3_ref200.json,0.9,20,conv2,3,1,0.9999380707740784,0.9999750852584839,200
cka_feddst,mnist,0.9,13,results/logs/cka_strength_sweep/mnist_all_20260516_024344/strength_0p9/seed_13/splits/mnist_split_seed13_clients5_alpha0p3_ref200.json,0.9,20,conv2,3,2,0.9999951124191284,0.9999750852584839,200
cka_feddst,mnist,0.9,13,results/logs/cka_strength_sweep/mnist_all_20260516_024344/strength_0p9/seed_13/splits/mnist_split_seed13_clients5_alpha0p3_ref200.json,0.9,20,conv2,3,3,1.0,0.9999750852584839,200
cka_feddst,mnist,0.9,13,results/logs/cka_strength_sweep/mnist_all_20260516_024344/strength_0p9/seed_13/splits/mnist_split_seed13_clients5_alpha0p3_ref200.json,0.9,20,conv2,3,4,0.9999976754188538,0.9999750852584839,200
cka_feddst,mnist,0.9,13,results/logs/cka_strength_sweep/mnist_all_20260516_024344/strength_0p9/seed_13/splits/mnist_split_seed13_clients5_alpha0p3_ref200.json,0.9,20,conv2,4,0,0.9999952912330627,0.9999750852584839,200
cka_feddst,mnist,0.9,13,results/logs/cka_strength_sweep/mnist_all_20260516_024344/strength_0p9/seed_13/splits/mnist_split_seed13_clients5_alpha0p3_ref200.json,0.9,20,conv2,4,1,0.9999301433563232,0.9999750852584839,200
cka_feddst,mnist,0.9,13,results/logs/cka_strength_sweep/mnist_all_20260516_024344/strength_0p9/seed_13/splits/mnist_split_seed13_clients5_alpha0p3_ref200.json,0.9,20,conv2,4,2,0.9999956488609314,0.9999750852584839,200
cka_feddst,mnist,0.9,13,results/logs/cka_strength_sweep/mnist_all_20260516_024344/strength_0p9/seed_13/splits/mnist_split_seed13_clients5_alpha0p3_ref200.json,0.9,20,conv2,4,3,0.9999976754188538,0.9999750852584839,200
cka_feddst,mnist,0.9,13,results/logs/cka_strength_sweep/mnist_all_20260516_024344/strength_0p9/seed_13/splits/mnist_split_seed13_clients5_alpha0p3_ref200.json,0.9,20,conv2,4,4,1.0,0.9999750852584839,200
cka_feddst,mnist,0.9,13,results/logs/cka_strength_sweep/mnist_all_20260516_024344/strength_0p9/seed_13/splits/mnist_split_seed13_clients5_alpha0p3_ref200.json,0.9,20,fc1,0,0,1.0,0.9727731943130493,200
cka_feddst,mnist,0.9,13,results/logs/cka_strength_sweep/mnist_all_20260516_024344/strength_0p9/seed_13/splits/mnist_split_seed13_clients5_alpha0p3_ref200.json,0.9,20,fc1,0,1,0.9664649367332458,0.9727731943130493,200
cka_feddst,mnist,0.9,13,results/logs/cka_strength_sweep/mnist_all_20260516_024344/strength_0p9/seed_13/splits/mnist_split_seed13_clients5_alpha0p3_ref200.json,0.9,20,fc1,0,2,0.984864354133606,0.9727731943130493,200
cka_feddst,mnist,0.9,13,results/logs/cka_strength_sweep/mnist_all_20260516_024344/strength_0p9/seed_13/splits/mnist_split_seed13_clients5_alpha0p3_ref200.json,0.9,20,fc1,0,3,0.9515038728713989,0.9727731943130493,200
cka_feddst,mnist,0.9,13,results/logs/cka_strength_sweep/mnist_all_20260516_024344/strength_0p9/seed_13/splits/mnist_split_seed13_clients5_alpha0p3_ref200.json,0.9,20,fc1,0,4,0.992391049861908,0.9727731943130493,200
cka_feddst,mnist,0.9,13,results/logs/cka_strength_sweep/mnist_all_20260516_024344/strength_0p9/seed_13/splits/mnist_split_seed13_clients5_alpha0p3_ref200.json,0.9,20,fc1,1,0,0.9664649367332458,0.9727731943130493,200
cka_feddst,mnist,0.9,13,results/logs/cka_strength_sweep/mnist_all_20260516_024344/strength_0p9/seed_13/splits/mnist_split_seed13_clients5_alpha0p3_ref200.json,0.9,20,fc1,1,1,1.0,0.9727731943130493,200
cka_feddst,mnist,0.9,13,results/logs/cka_strength_sweep/mnist_all_20260516_024344/strength_0p9/seed_13/splits/mnist_split_seed13_clients5_alpha0p3_ref200.json,0.9,20,fc1,1,2,0.9743344187736511,0.9727731943130493,200
cka_feddst,mnist,0.9,13,results/logs/cka_strength_sweep/mnist_all_20260516_024344/strength_0p9/seed_13/splits/mnist_split_seed13_clients5_alpha0p3_ref200.json,0.9,20,fc1,1,3,0.9633839130401611,0.9727731943130493,200
cka_feddst,mnist,0.9,13,results/logs/cka_strength_sweep/mnist_all_20260516_024344/strength_0p9/seed_13/splits/mnist_split_seed13_clients5_alpha0p3_ref200.json,0.9,20,fc1,1,4,0.9673819541931152,0.9727731943130493,200
cka_feddst,mnist,0.9,13,results/logs/cka_strength_sweep/mnist_all_20260516_024344/strength_0p9/seed_13/splits/mnist_split_seed13_clients5_alpha0p3_ref200.json,0.9,20,fc1,2,0,0.984864354133606,0.9727731943130493,200
cka_feddst,mnist,0.9,13,results/logs/cka_strength_sweep/mnist_all_20260516_024344/strength_0p9/seed_13/splits/mnist_split_seed13_clients5_alpha0p3_ref200.json,0.9,20,fc1,2,1,0.9743344187736511,0.9727731943130493,200
cka_feddst,mnist,0.9,13,results/logs/cka_strength_sweep/mnist_all_20260516_024344/strength_0p9/seed_13/splits/mnist_split_seed13_clients5_alpha0p3_ref200.json,0.9,20,fc1,2,2,1.0,0.9727731943130493,200
cka_feddst,mnist,0.9,13,results/logs/cka_strength_sweep/mnist_all_20260516_024344/strength_0p9/seed_13/splits/mnist_split_seed13_clients5_alpha0p3_ref200.json,0.9,20,fc1,2,3,0.9669478535652161,0.9727731943130493,200
cka_feddst,mnist,0.9,13,results/logs/cka_strength_sweep/mnist_all_20260516_024344/strength_0p9/seed_13/splits/mnist_split_seed13_clients5_alpha0p3_ref200.json,0.9,20,fc1,2,4,0.9939543604850769,0.9727731943130493,200
cka_feddst,mnist,0.9,13,results/logs/cka_strength_sweep/mnist_all_20260516_024344/strength_0p9/seed_13/splits/mnist_split_seed13_clients5_alpha0p3_ref200.json,0.9,20,fc1,3,0,0.9515038728713989,0.9727731943130493,200
cka_feddst,mnist,0.9,13,results/logs/cka_strength_sweep/mnist_all_20260516_024344/strength_0p9/seed_13/splits/mnist_split_seed13_clients5_alpha0p3_ref200.json,0.9,20,fc1,3,1,0.9633839130401611,0.9727731943130493,200
cka_feddst,mnist,0.9,13,results/logs/cka_strength_sweep/mnist_all_20260516_024344/strength_0p9/seed_13/splits/mnist_split_seed13_clients5_alpha0p3_ref200.json,0.9,20,fc1,3,2,0.9669478535652161,0.9727731943130493,200
cka_feddst,mnist,0.9,13,results/logs/cka_strength_sweep/mnist_all_20260516_024344/strength_0p9/seed_13/splits/mnist_split_seed13_clients5_alpha0p3_ref200.json,0.9,20,fc1,3,3,1.0,0.9727731943130493,200
cka_feddst,mnist,0.9,13,results/logs/cka_strength_sweep/mnist_all_20260516_024344/strength_0p9/seed_13/splits/mnist_split_seed13_clients5_alpha0p3_ref200.json,0.9,20,fc1,3,4,0.966505765914917,0.9727731943130493,200
cka_feddst,mnist,0.9,13,results/logs/cka_strength_sweep/mnist_all_20260516_024344/strength_0p9/seed_13/splits/mnist_split_seed13_clients5_alpha0p3_ref200.json,0.9,20,fc1,4,0,0.992391049861908,0.9727731943130493,200
cka_feddst,mnist,0.9,13,results/logs/cka_strength_sweep/mnist_all_20260516_024344/strength_0p9/seed_13/splits/mnist_split_seed13_clients5_alpha0p3_ref200.json,0.9,20,fc1,4,1,0.9673819541931152,0.9727731943130493,200
cka_feddst,mnist,0.9,13,results/logs/cka_strength_sweep/mnist_all_20260516_024344/strength_0p9/seed_13/splits/mnist_split_seed13_clients5_alpha0p3_ref200.json,0.9,20,fc1,4,2,0.9939543604850769,0.9727731943130493,200
cka_feddst,mnist,0.9,13,results/logs/cka_strength_sweep/mnist_all_20260516_024344/strength_0p9/seed_13/splits/mnist_split_seed13_clients5_alpha0p3_ref200.json,0.9,20,fc1,4,3,0.966505765914917,0.9727731943130493,200
cka_feddst,mnist,0.9,13,results/logs/cka_strength_sweep/mnist_all_20260516_024344/strength_0p9/seed_13/splits/mnist_split_seed13_clients5_alpha0p3_ref200.json,0.9,20,fc1,4,4,1.0,0.9727731943130493,200
