method,dataset,sparsity,seed,split_manifest_path,cka_strength,cka_signal,round,layer,client_i,client_j,cka,average_layer_cka,num_reference_samples
cka_feddst,cifar10,0.8,42,results/logs/cka_strength_sweep/cifar10_drift_all/strength_0p8/seed_42/splits/cifar10_split_seed42_clients5_alpha0p3_ref500.json,0.8,drift,2,conv1,0,0,1.0,1.0,500
cka_feddst,cifar10,0.8,42,results/logs/cka_strength_sweep/cifar10_drift_all/strength_0p8/seed_42/splits/cifar10_split_seed42_clients5_alpha0p3_ref500.json,0.8,drift,2,conv1,0,1,1.0,1.0,500
cka_feddst,cifar10,0.8,42,results/logs/cka_strength_sweep/cifar10_drift_all/strength_0p8/seed_42/splits/cifar10_split_seed42_clients5_alpha0p3_ref500.json,0.8,drift,2,conv1,0,2,1.0,1.0,500
cka_feddst,cifar10,0.8,42,results/logs/cka_strength_sweep/cifar10_drift_all/strength_0p8/seed_42/splits/cifar10_split_seed42_clients5_alpha0p3_ref500.json,0.8,drift,2,conv1,0,3,1.0,1.0,500
cka_feddst,cifar10,0.8,42,results/logs/cka_strength_sweep/cifar10_drift_all/strength_0p8/seed_42/splits/cifar10_split_seed42_clients5_alpha0p3_ref500.json,0.8,drift,2,conv1,0,4,1.0,1.0,500
cka_feddst,cifar10,0.8,42,results/logs/cka_strength_sweep/cifar10_drift_all/strength_0p8/seed_42/splits/cifar10_split_seed42_clients5_alpha0p3_ref500.json,0.8,drift,2,conv1,1,0,1.0,1.0,500
cka_feddst,cifar10,0.8,42,results/logs/cka_strength_sweep/cifar10_drift_all/strength_0p8/seed_42/splits/cifar10_split_seed42_clients5_alpha0p3_ref500.json,0.8,drift,2,conv1,1,1,1.0,1.0,500
cka_feddst,cifar10,0.8,42,results/logs/cka_strength_sweep/cifar10_drift_all/strength_0p8/seed_42/splits/cifar10_split_seed42_clients5_alpha0p3_ref500.json,0.8,drift,2,conv1,1,2,1.0,1.0,500
cka_feddst,cifar10,0.8,42,results/logs/cka_strength_sweep/cifar10_drift_all/strength_0p8/seed_42/splits/cifar10_split_seed42_clients5_alpha0p3_ref500.json,0.8,drift,2,conv1,1,3,1.0,1.0,500
cka_feddst,cifar10,0.8,42,results/logs/cka_strength_sweep/cifar10_drift_all/strength_0p8/seed_42/splits/cifar10_split_seed42_clients5_alpha0p3_ref500.json,0.8,drift,2,conv1,1,4,1.0,1.0,500
cka_feddst,cifar10,0.8,42,results/logs/cka_strength_sweep/cifar10_drift_all/strength_0p8/seed_42/splits/cifar10_split_seed42_clients5_alpha0p3_ref500.json,0.8,drift,2,conv1,2,0,1.0,1.0,500
cka_feddst,cifar10,0.8,42,results/logs/cka_strength_sweep/cifar10_drift_all/strength_0p8/seed_42/splits/cifar10_split_seed42_clients5_alpha0p3_ref500.json,0.8,drift,2,conv1,2,1,1.0,1.0,500
cka_feddst,cifar10,0.8,42,results/logs/cka_strength_sweep/cifar10_drift_all/strength_0p8/seed_42/splits/cifar10_split_seed42_clients5_alpha0p3_ref500.json,0.8,drift,2,conv1,2,2,1.0,1.0,500
cka_feddst,cifar10,0.8,42,results/logs/cka_strength_sweep/cifar10_drift_all/strength_0p8/seed_42/splits/cifar10_split_seed42_clients5_alpha0p3_ref500.json,0.8,drift,2,conv1,2,3,1.0,1.0,500
cka_feddst,cifar10,0.8,42,results/logs/cka_strength_sweep/cifar10_drift_all/strength_0p8/seed_42/splits/cifar10_split_seed42_clients5_alpha0p3_ref500.json,0.8,drift,2,conv1,2,4,1.0,1.0,500
cka_feddst,cifar10,0.8,42,results/logs/cka_strength_sweep/cifar10_drift_all/strength_0p8/seed_42/splits/cifar10_split_seed42_clients5_alpha0p3_ref500.json,0.8,drift,2,conv1,3,0,1.0,1.0,500
cka_feddst,cifar10,0.8,42,results/logs/cka_strength_sweep/cifar10_drift_all/strength_0p8/seed_42/splits/cifar10_split_seed42_clients5_alpha0p3_ref500.json,0.8,drift,2,conv1,3,1,1.0,1.0,500
cka_feddst,cifar10,0.8,42,results/logs/cka_strength_sweep/cifar10_drift_all/strength_0p8/seed_42/splits/cifar10_split_seed42_clients5_alpha0p3_ref500.json,0.8,drift,2,conv1,3,2,1.0,1.0,500
cka_feddst,cifar10,0.8,42,results/logs/cka_strength_sweep/cifar10_drift_all/strength_0p8/seed_42/splits/cifar10_split_seed42_clients5_alpha0p3_ref500.json,0.8,drift,2,conv1,3,3,1.0,1.0,500
cka_feddst,cifar10,0.8,42,results/logs/cka_strength_sweep/cifar10_drift_all/strength_0p8/seed_42/splits/cifar10_split_seed42_clients5_alpha0p3_ref500.json,0.8,drift,2,conv1,3,4,1.0,1.0,500
cka_feddst,cifar10,0.8,42,results/logs/cka_strength_sweep/cifar10_drift_all/strength_0p8/seed_42/splits/cifar10_split_seed42_clients5_alpha0p3_ref500.json,0.8,drift,2,conv1,4,0,1.0,1.0,500
cka_feddst,cifar10,0.8,42,results/logs/cka_strength_sweep/cifar10_drift_all/strength_0p8/seed_42/splits/cifar10_split_seed42_clients5_alpha0p3_ref500.json,0.8,drift,2,conv1,4,1,1.0,1.0,500
cka_feddst,cifar10,0.8,42,results/logs/cka_strength_sweep/cifar10_drift_all/strength_0p8/seed_42/splits/cifar10_split_seed42_clients5_alpha0p3_ref500.json,0.8,drift,2,conv1,4,2,1.0,1.0,500
cka_feddst,cifar10,0.8,42,results/logs/cka_strength_sweep/cifar10_drift_all/strength_0p8/seed_42/splits/cifar10_split_seed42_clients5_alpha0p3_ref500.json,0.8,drift,2,conv1,4,3,1.0,1.0,500
cka_feddst,cifar10,0.8,42,results/logs/cka_strength_sweep/cifar10_drift_all/strength_0p8/seed_42/splits/cifar10_split_seed42_clients5_alpha0p3_ref500.json,0.8,drift,2,conv1,4,4,1.0,1.0,500
cka_feddst,cifar10,0.8,42,results/logs/cka_strength_sweep/cifar10_drift_all/strength_0p8/seed_42/splits/cifar10_split_seed42_clients5_alpha0p3_ref500.json,0.8,drift,2,conv2,0,0,1.0,0.9999779462814331,500
cka_feddst,cifar10,0.8,42,results/logs/cka_strength_sweep/cifar10_drift_all/strength_0p8/seed_42/splits/cifar10_split_seed42_clients5_alpha0p3_ref500.json,0.8,drift,2,conv2,0,1,1.0,0.9999779462814331,500
cka_feddst,cifar10,0.8,42,results/logs/cka_strength_sweep/cifar10_drift_all/strength_0p8/seed_42/splits/cifar10_split_seed42_clients5_alpha0p3_ref500.json,0.8,drift,2,conv2,0,2,1.0,0.9999779462814331,500
cka_feddst,cifar10,0.8,42,results/logs/cka_strength_sweep/cifar10_drift_all/strength_0p8/seed_42/splits/cifar10_split_seed42_clients5_alpha0p3_ref500.json,0.8,drift,2,conv2,0,3,0.9999547004699707,0.9999779462814331,500
cka_feddst,cifar10,0.8,42,results/logs/cka_strength_sweep/cifar10_drift_all/strength_0p8/seed_42/splits/cifar10_split_seed42_clients5_alpha0p3_ref500.json,0.8,drift,2,conv2,0,4,0.9999759197235107,0.9999779462814331,500
cka_feddst,cifar10,0.8,42,results/logs/cka_strength_sweep/cifar10_drift_all/strength_0p8/seed_42/splits/cifar10_split_seed42_clients5_alpha0p3_ref500.json,0.8,drift,2,conv2,1,0,1.0,0.9999779462814331,500
cka_feddst,cifar10,0.8,42,results/logs/cka_strength_sweep/cifar10_drift_all/strength_0p8/seed_42/splits/cifar10_split_seed42_clients5_alpha0p3_ref500.json,0.8,drift,2,conv2,1,1,1.0,0.9999779462814331,500
cka_feddst,cifar10,0.8,42,results/logs/cka_strength_sweep/cifar10_drift_all/strength_0p8/seed_42/splits/cifar10_split_seed42_clients5_alpha0p3_ref500.json,0.8,drift,2,conv2,1,2,1.0,0.9999779462814331,500
cka_feddst,cifar10,0.8,42,results/logs/cka_strength_sweep/cifar10_drift_all/strength_0p8/seed_42/splits/cifar10_split_seed42_clients5_alpha0p3_ref500.json,0.8,drift,2,conv2,1,3,0.9999589920043945,0.9999779462814331,500
cka_feddst,cifar10,0.8,42,results/logs/cka_strength_sweep/cifar10_drift_all/strength_0p8/seed_42/splits/cifar10_split_seed42_clients5_alpha0p3_ref500.json,0.8,drift,2,conv2,1,4,0.9999836087226868,0.9999779462814331,500
cka_feddst,cifar10,0.8,42,results/logs/cka_strength_sweep/cifar10_drift_all/strength_0p8/seed_42/splits/cifar10_split_seed42_clients5_alpha0p3_ref500.json,0.8,drift,2,conv2,2,0,1.0,0.9999779462814331,500
cka_feddst,cifar10,0.8,42,results/logs/cka_strength_sweep/cifar10_drift_all/strength_0p8/seed_42/splits/cifar10_split_seed42_clients5_alpha0p3_ref500.json,0.8,drift,2,conv2,2,1,1.0,0.9999779462814331,500
cka_feddst,cifar10,0.8,42,results/logs/cka_strength_sweep/cifar10_drift_all/strength_0p8/seed_42/splits/cifar10_split_seed42_clients5_alpha0p3_ref500.json,0.8,drift,2,conv2,2,2,1.0,0.9999779462814331,500
cka_feddst,cifar10,0.8,42,results/logs/cka_strength_sweep/cifar10_drift_all/strength_0p8/seed_42/splits/cifar10_split_seed42_clients5_alpha0p3_ref500.json,0.8,drift,2,conv2,2,3,0.9999548196792603,0.9999779462814331,500
cka_feddst,cifar10,0.8,42,results/logs/cka_strength_sweep/cifar10_drift_all/strength_0p8/seed_42/splits/cifar10_split_seed42_clients5_alpha0p3_ref500.json,0.8,drift,2,conv2,2,4,0.9999752640724182,0.9999779462814331,500
cka_feddst,cifar10,0.8,42,results/logs/cka_strength_sweep/cifar10_drift_all/strength_0p8/seed_42/splits/cifar10_split_seed42_clients5_alpha0p3_ref500.json,0.8,drift,2,conv2,3,0,0.9999547004699707,0.9999779462814331,500
cka_feddst,cifar10,0.8,42,results/logs/cka_strength_sweep/cifar10_drift_all/strength_0p8/seed_42/splits/cifar10_split_seed42_clients5_alpha0p3_ref500.json,0.8,drift,2,conv2,3,1,0.9999589920043945,0.9999779462814331,500
cka_feddst,cifar10,0.8,42,results/logs/cka_strength_sweep/cifar10_drift_all/strength_0p8/seed_42/splits/cifar10_split_seed42_clients5_alpha0p3_ref500.json,0.8,drift,2,conv2,3,2,0.9999548196792603,0.9999779462814331,500
cka_feddst,cifar10,0.8,42,results/logs/cka_strength_sweep/cifar10_drift_all/strength_0p8/seed_42/splits/cifar10_split_seed42_clients5_alpha0p3_ref500.json,0.8,drift,2,conv2,3,3,1.0,0.9999779462814331,500
cka_feddst,cifar10,0.8,42,results/logs/cka_strength_sweep/cifar10_drift_all/strength_0p8/seed_42/splits/cifar10_split_seed42_clients5_alpha0p3_ref500.json,0.8,drift,2,conv2,3,4,0.9999757409095764,0.9999779462814331,500
cka_feddst,cifar10,0.8,42,results/logs/cka_strength_sweep/cifar10_drift_all/strength_0p8/seed_42/splits/cifar10_split_seed42_clients5_alpha0p3_ref500.json,0.8,drift,2,conv2,4,0,0.9999759197235107,0.9999779462814331,500
cka_feddst,cifar10,0.8,42,results/logs/cka_strength_sweep/cifar10_drift_all/strength_0p8/seed_42/splits/cifar10_split_seed42_clients5_alpha0p3_ref500.json,0.8,drift,2,conv2,4,1,0.9999836087226868,0.9999779462814331,500
cka_feddst,cifar10,0.8,42,results/logs/cka_strength_sweep/cifar10_drift_all/strength_0p8/seed_42/splits/cifar10_split_seed42_clients5_alpha0p3_ref500.json,0.8,drift,2,conv2,4,2,0.9999752640724182,0.9999779462814331,500
cka_feddst,cifar10,0.8,42,results/logs/cka_strength_sweep/cifar10_drift_all/strength_0p8/seed_42/splits/cifar10_split_seed42_clients5_alpha0p3_ref500.json,0.8,drift,2,conv2,4,3,0.9999757409095764,0.9999779462814331,500
cka_feddst,cifar10,0.8,42,results/logs/cka_strength_sweep/cifar10_drift_all/strength_0p8/seed_42/splits/cifar10_split_seed42_clients5_alpha0p3_ref500.json,0.8,drift,2,conv2,4,4,1.0,0.9999779462814331,500
cka_feddst,cifar10,0.8,42,results/logs/cka_strength_sweep/cifar10_drift_all/strength_0p8/seed_42/splits/cifar10_split_seed42_clients5_alpha0p3_ref500.json,0.8,drift,2,conv3,0,0,1.0,0.9996479153633118,500
cka_feddst,cifar10,0.8,42,results/logs/cka_strength_sweep/cifar10_drift_all/strength_0p8/seed_42/splits/cifar10_split_seed42_clients5_alpha0p3_ref500.json,0.8,drift,2,conv3,0,1,0.9999675154685974,0.9996479153633118,500
cka_feddst,cifar10,0.8,42,results/logs/cka_strength_sweep/cifar10_drift_all/strength_0p8/seed_42/splits/cifar10_split_seed42_clients5_alpha0p3_ref500.json,0.8,drift,2,conv3,0,2,0.9999681711196899,0.9996479153633118,500
cka_feddst,cifar10,0.8,42,results/logs/cka_strength_sweep/cifar10_drift_all/strength_0p8/seed_42/splits/cifar10_split_seed42_clients5_alpha0p3_ref500.json,0.8,drift,2,conv3,0,3,0.9993085861206055,0.9996479153633118,500
cka_feddst,cifar10,0.8,42,results/logs/cka_strength_sweep/cifar10_drift_all/strength_0p8/seed_42/splits/cifar10_split_seed42_clients5_alpha0p3_ref500.json,0.8,drift,2,conv3,0,4,0.9997513890266418,0.9996479153633118,500
cka_feddst,cifar10,0.8,42,results/logs/cka_strength_sweep/cifar10_drift_all/strength_0p8/seed_42/splits/cifar10_split_seed42_clients5_alpha0p3_ref500.json,0.8,drift,2,conv3,1,0,0.9999675154685974,0.9996479153633118,500
cka_feddst,cifar10,0.8,42,results/logs/cka_strength_sweep/cifar10_drift_all/strength_0p8/seed_42/splits/cifar10_split_seed42_clients5_alpha0p3_ref500.json,0.8,drift,2,conv3,1,1,1.0,0.9996479153633118,500
cka_feddst,cifar10,0.8,42,results/logs/cka_strength_sweep/cifar10_drift_all/strength_0p8/seed_42/splits/cifar10_split_seed42_clients5_alpha0p3_ref500.json,0.8,drift,2,conv3,1,2,0.9999930262565613,0.9996479153633118,500
cka_feddst,cifar10,0.8,42,results/logs/cka_strength_sweep/cifar10_drift_all/strength_0p8/seed_42/splits/cifar10_split_seed42_clients5_alpha0p3_ref500.json,0.8,drift,2,conv3,1,3,0.9992748498916626,0.9996479153633118,500
cka_feddst,cifar10,0.8,42,results/logs/cka_strength_sweep/cifar10_drift_all/strength_0p8/seed_42/splits/cifar10_split_seed42_clients5_alpha0p3_ref500.json,0.8,drift,2,conv3,1,4,0.9996858835220337,0.9996479153633118,500
cka_feddst,cifar10,0.8,42,results/logs/cka_strength_sweep/cifar10_drift_all/strength_0p8/seed_42/splits/cifar10_split_seed42_clients5_alpha0p3_ref500.json,0.8,drift,2,conv3,2,0,0.9999681711196899,0.9996479153633118,500
cka_feddst,cifar10,0.8,42,results/logs/cka_strength_sweep/cifar10_drift_all/strength_0p8/seed_42/splits/cifar10_split_seed42_clients5_alpha0p3_ref500.json,0.8,drift,2,conv3,2,1,0.9999930262565613,0.9996479153633118,500
cka_feddst,cifar10,0.8,42,results/logs/cka_strength_sweep/cifar10_drift_all/strength_0p8/seed_42/splits/cifar10_split_seed42_clients5_alpha0p3_ref500.json,0.8,drift,2,conv3,2,2,1.0,0.9996479153633118,500
cka_feddst,cifar10,0.8,42,results/logs/cka_strength_sweep/cifar10_drift_all/strength_0p8/seed_42/splits/cifar10_split_seed42_clients5_alpha0p3_ref500.json,0.8,drift,2,conv3,2,3,0.9992150068283081,0.9996479153633118,500
cka_feddst,cifar10,0.8,42,results/logs/cka_strength_sweep/cifar10_drift_all/strength_0p8/seed_42/splits/cifar10_split_seed42_clients5_alpha0p3_ref500.json,0.8,drift,2,conv3,2,4,0.9996236562728882,0.9996479153633118,500
cka_feddst,cifar10,0.8,42,results/logs/cka_strength_sweep/cifar10_drift_all/strength_0p8/seed_42/splits/cifar10_split_seed42_clients5_alpha0p3_ref500.json,0.8,drift,2,conv3,3,0,0.9993085861206055,0.9996479153633118,500
cka_feddst,cifar10,0.8,42,results/logs/cka_strength_sweep/cifar10_drift_all/strength_0p8/seed_42/splits/cifar10_split_seed42_clients5_alpha0p3_ref500.json,0.8,drift,2,conv3,3,1,0.9992748498916626,0.9996479153633118,500
cka_feddst,cifar10,0.8,42,results/logs/cka_strength_sweep/cifar10_drift_all/strength_0p8/seed_42/splits/cifar10_split_seed42_clients5_alpha0p3_ref500.json,0.8,drift,2,conv3,3,2,0.9992150068283081,0.9996479153633118,500
cka_feddst,cifar10,0.8,42,results/logs/cka_strength_sweep/cifar10_drift_all/strength_0p8/seed_42/splits/cifar10_split_seed42_clients5_alpha0p3_ref500.json,0.8,drift,2,conv3,3,3,1.0,0.9996479153633118,500
cka_feddst,cifar10,0.8,42,results/logs/cka_strength_sweep/cifar10_drift_all/strength_0p8/seed_42/splits/cifar10_split_seed42_clients5_alpha0p3_ref500.json,0.8,drift,2,conv3,3,4,0.999690592288971,0.9996479153633118,500
cka_feddst,cifar10,0.8,42,results/logs/cka_strength_sweep/cifar10_drift_all/strength_0p8/seed_42/splits/cifar10_split_seed42_clients5_alpha0p3_ref500.json,0.8,drift,2,conv3,4,0,0.9997513890266418,0.9996479153633118,500
cka_feddst,cifar10,0.8,42,results/logs/cka_strength_sweep/cifar10_drift_all/strength_0p8/seed_42/splits/cifar10_split_seed42_clients5_alpha0p3_ref500.json,0.8,drift,2,conv3,4,1,0.9996858835220337,0.9996479153633118,500
cka_feddst,cifar10,0.8,42,results/logs/cka_strength_sweep/cifar10_drift_all/strength_0p8/seed_42/splits/cifar10_split_seed42_clients5_alpha0p3_ref500.json,0.8,drift,2,conv3,4,2,0.9996236562728882,0.9996479153633118,500
cka_feddst,cifar10,0.8,42,results/logs/cka_strength_sweep/cifar10_drift_all/strength_0p8/seed_42/splits/cifar10_split_seed42_clients5_alpha0p3_ref500.json,0.8,drift,2,conv3,4,3,0.999690592288971,0.9996479153633118,500
cka_feddst,cifar10,0.8,42,results/logs/cka_strength_sweep/cifar10_drift_all/strength_0p8/seed_42/splits/cifar10_split_seed42_clients5_alpha0p3_ref500.json,0.8,drift,2,conv3,4,4,1.0,0.9996479153633118,500
cka_feddst,cifar10,0.8,42,results/logs/cka_strength_sweep/cifar10_drift_all/strength_0p8/seed_42/splits/cifar10_split_seed42_clients5_alpha0p3_ref500.json,0.8,drift,2,fc1,0,0,1.0,0.9861457943916321,500
cka_feddst,cifar10,0.8,42,results/logs/cka_strength_sweep/cifar10_drift_all/strength_0p8/seed_42/splits/cifar10_split_seed42_clients5_alpha0p3_ref500.json,0.8,drift,2,fc1,0,1,0.9970020055770874,0.9861457943916321,500
cka_feddst,cifar10,0.8,42,results/logs/cka_strength_sweep/cifar10_drift_all/strength_0p8/seed_42/splits/cifar10_split_seed42_clients5_alpha0p3_ref500.json,0.8,drift,2,fc1,0,2,0.9970079064369202,0.9861457943916321,500
cka_feddst,cifar10,0.8,42,results/logs/cka_strength_sweep/cifar10_drift_all/strength_0p8/seed_42/splits/cifar10_split_seed42_clients5_alpha0p3_ref500.json,0.8,drift,2,fc1,0,3,0.9836710691452026,0.9861457943916321,500
cka_feddst,cifar10,0.8,42,results/logs/cka_strength_sweep/cifar10_drift_all/strength_0p8/seed_42/splits/cifar10_split_seed42_clients5_alpha0p3_ref500.json,0.8,drift,2,fc1,0,4,0.9825245141983032,0.9861457943916321,500
cka_feddst,cifar10,0.8,42,results/logs/cka_strength_sweep/cifar10_drift_all/strength_0p8/seed_42/splits/cifar10_split_seed42_clients5_alpha0p3_ref500.json,0.8,drift,2,fc1,1,0,0.9970020055770874,0.9861457943916321,500
cka_feddst,cifar10,0.8,42,results/logs/cka_strength_sweep/cifar10_drift_all/strength_0p8/seed_42/splits/cifar10_split_seed42_clients5_alpha0p3_ref500.json,0.8,drift,2,fc1,1,1,1.0,0.9861457943916321,500
cka_feddst,cifar10,0.8,42,results/logs/cka_strength_sweep/cifar10_drift_all/strength_0p8/seed_42/splits/cifar10_split_seed42_clients5_alpha0p3_ref500.json,0.8,drift,2,fc1,1,2,0.9978388547897339,0.9861457943916321,500
cka_feddst,cifar10,0.8,42,results/logs/cka_strength_sweep/cifar10_drift_all/strength_0p8/seed_42/splits/cifar10_split_seed42_clients5_alpha0p3_ref500.json,0.8,drift,2,fc1,1,3,0.9830183386802673,0.9861457943916321,500
cka_feddst,cifar10,0.8,42,results/logs/cka_strength_sweep/cifar10_drift_all/strength_0p8/seed_42/splits/cifar10_split_seed42_clients5_alpha0p3_ref500.json,0.8,drift,2,fc1,1,4,0.9852967858314514,0.9861457943916321,500
cka_feddst,cifar10,0.8,42,results/logs/cka_strength_sweep/cifar10_drift_all/strength_0p8/seed_42/splits/cifar10_split_seed42_clients5_alpha0p3_ref500.json,0.8,drift,2,fc1,2,0,0.9970079064369202,0.9861457943916321,500
cka_feddst,cifar10,0.8,42,results/logs/cka_strength_sweep/cifar10_drift_all/strength_0p8/seed_42/splits/cifar10_split_seed42_clients5_alpha0p3_ref500.json,0.8,drift,2,fc1,2,1,0.9978388547897339,0.9861457943916321,500
cka_feddst,cifar10,0.8,42,results/logs/cka_strength_sweep/cifar10_drift_all/strength_0p8/seed_42/splits/cifar10_split_seed42_clients5_alpha0p3_ref500.json,0.8,drift,2,fc1,2,2,1.0,0.9861457943916321,500
cka_feddst,cifar10,0.8,42,results/logs/cka_strength_sweep/cifar10_drift_all/strength_0p8/seed_42/splits/cifar10_split_seed42_clients5_alpha0p3_ref500.json,0.8,drift,2,fc1,2,3,0.9768712520599365,0.9861457943916321,500
cka_feddst,cifar10,0.8,42,results/logs/cka_strength_sweep/cifar10_drift_all/strength_0p8/seed_42/splits/cifar10_split_seed42_clients5_alpha0p3_ref500.json,0.8,drift,2,fc1,2,4,0.9773339033126831,0.9861457943916321,500
cka_feddst,cifar10,0.8,42,results/logs/cka_strength_sweep/cifar10_drift_all/strength_0p8/seed_42/splits/cifar10_split_seed42_clients5_alpha0p3_ref500.json,0.8,drift,2,fc1,3,0,0.9836710691452026,0.9861457943916321,500
cka_feddst,cifar10,0.8,42,results/logs/cka_strength_sweep/cifar10_drift_all/strength_0p8/seed_42/splits/cifar10_split_seed42_clients5_alpha0p3_ref500.json,0.8,drift,2,fc1,3,1,0.9830183386802673,0.9861457943916321,500
cka_feddst,cifar10,0.8,42,results/logs/cka_strength_sweep/cifar10_drift_all/strength_0p8/seed_42/splits/cifar10_split_seed42_clients5_alpha0p3_ref500.json,0.8,drift,2,fc1,3,2,0.9768712520599365,0.9861457943916321,500
cka_feddst,cifar10,0.8,42,results/logs/cka_strength_sweep/cifar10_drift_all/strength_0p8/seed_42/splits/cifar10_split_seed42_clients5_alpha0p3_ref500.json,0.8,drift,2,fc1,3,3,1.0,0.9861457943916321,500
cka_feddst,cifar10,0.8,42,results/logs/cka_strength_sweep/cifar10_drift_all/strength_0p8/seed_42/splits/cifar10_split_seed42_clients5_alpha0p3_ref500.json,0.8,drift,2,fc1,3,4,0.9808927178382874,0.9861457943916321,500
cka_feddst,cifar10,0.8,42,results/logs/cka_strength_sweep/cifar10_drift_all/strength_0p8/seed_42/splits/cifar10_split_seed42_clients5_alpha0p3_ref500.json,0.8,drift,2,fc1,4,0,0.9825245141983032,0.9861457943916321,500
cka_feddst,cifar10,0.8,42,results/logs/cka_strength_sweep/cifar10_drift_all/strength_0p8/seed_42/splits/cifar10_split_seed42_clients5_alpha0p3_ref500.json,0.8,drift,2,fc1,4,1,0.9852967858314514,0.9861457943916321,500
cka_feddst,cifar10,0.8,42,results/logs/cka_strength_sweep/cifar10_drift_all/strength_0p8/seed_42/splits/cifar10_split_seed42_clients5_alpha0p3_ref500.json,0.8,drift,2,fc1,4,2,0.9773339033126831,0.9861457943916321,500
cka_feddst,cifar10,0.8,42,results/logs/cka_strength_sweep/cifar10_drift_all/strength_0p8/seed_42/splits/cifar10_split_seed42_clients5_alpha0p3_ref500.json,0.8,drift,2,fc1,4,3,0.9808927178382874,0.9861457943916321,500
cka_feddst,cifar10,0.8,42,results/logs/cka_strength_sweep/cifar10_drift_all/strength_0p8/seed_42/splits/cifar10_split_seed42_clients5_alpha0p3_ref500.json,0.8,drift,2,fc1,4,4,1.0,0.9861457943916321,500
cka_feddst,cifar10,0.8,42,results/logs/cka_strength_sweep/cifar10_drift_all/strength_0p8/seed_42/splits/cifar10_split_seed42_clients5_alpha0p3_ref500.json,0.8,drift,4,conv1,0,0,1.0,0.9999583959579468,500
cka_feddst,cifar10,0.8,42,results/logs/cka_strength_sweep/cifar10_drift_all/strength_0p8/seed_42/splits/cifar10_split_seed42_clients5_alpha0p3_ref500.json,0.8,drift,4,conv1,0,1,1.0,0.9999583959579468,500
cka_feddst,cifar10,0.8,42,results/logs/cka_strength_sweep/cifar10_drift_all/strength_0p8/seed_42/splits/cifar10_split_seed42_clients5_alpha0p3_ref500.json,0.8,drift,4,conv1,0,2,0.9999997019767761,0.9999583959579468,500
cka_feddst,cifar10,0.8,42,results/logs/cka_strength_sweep/cifar10_drift_all/strength_0p8/seed_42/splits/cifar10_split_seed42_clients5_alpha0p3_ref500.json,0.8,drift,4,conv1,0,3,0.9999263882637024,0.9999583959579468,500
cka_feddst,cifar10,0.8,42,results/logs/cka_strength_sweep/cifar10_drift_all/strength_0p8/seed_42/splits/cifar10_split_seed42_clients5_alpha0p3_ref500.json,0.8,drift,4,conv1,0,4,0.9999712109565735,0.9999583959579468,500
cka_feddst,cifar10,0.8,42,results/logs/cka_strength_sweep/cifar10_drift_all/strength_0p8/seed_42/splits/cifar10_split_seed42_clients5_alpha0p3_ref500.json,0.8,drift,4,conv1,1,0,1.0,0.9999583959579468,500
cka_feddst,cifar10,0.8,42,results/logs/cka_strength_sweep/cifar10_drift_all/strength_0p8/seed_42/splits/cifar10_split_seed42_clients5_alpha0p3_ref500.json,0.8,drift,4,conv1,1,1,1.0,0.9999583959579468,500
cka_feddst,cifar10,0.8,42,results/logs/cka_strength_sweep/cifar10_drift_all/strength_0p8/seed_42/splits/cifar10_split_seed42_clients5_alpha0p3_ref500.json,0.8,drift,4,conv1,1,2,1.0,0.9999583959579468,500
cka_feddst,cifar10,0.8,42,results/logs/cka_strength_sweep/cifar10_drift_all/strength_0p8/seed_42/splits/cifar10_split_seed42_clients5_alpha0p3_ref500.json,0.8,drift,4,conv1,1,3,0.9998992681503296,0.9999583959579468,500
cka_feddst,cifar10,0.8,42,results/logs/cka_strength_sweep/cifar10_drift_all/strength_0p8/seed_42/splits/cifar10_split_seed42_clients5_alpha0p3_ref500.json,0.8,drift,4,conv1,1,4,0.9999521970748901,0.9999583959579468,500
cka_feddst,cifar10,0.8,42,results/logs/cka_strength_sweep/cifar10_drift_all/strength_0p8/seed_42/splits/cifar10_split_seed42_clients5_alpha0p3_ref500.json,0.8,drift,4,conv1,2,0,0.9999997019767761,0.9999583959579468,500
cka_feddst,cifar10,0.8,42,results/logs/cka_strength_sweep/cifar10_drift_all/strength_0p8/seed_42/splits/cifar10_split_seed42_clients5_alpha0p3_ref500.json,0.8,drift,4,conv1,2,1,1.0,0.9999583959579468,500
cka_feddst,cifar10,0.8,42,results/logs/cka_strength_sweep/cifar10_drift_all/strength_0p8/seed_42/splits/cifar10_split_seed42_clients5_alpha0p3_ref500.json,0.8,drift,4,conv1,2,2,1.0,0.9999583959579468,500
cka_feddst,cifar10,0.8,42,results/logs/cka_strength_sweep/cifar10_drift_all/strength_0p8/seed_42/splits/cifar10_split_seed42_clients5_alpha0p3_ref500.json,0.8,drift,4,conv1,2,3,0.9998939633369446,0.9999583959579468,500
cka_feddst,cifar10,0.8,42,results/logs/cka_strength_sweep/cifar10_drift_all/strength_0p8/seed_42/splits/cifar10_split_seed42_clients5_alpha0p3_ref500.json,0.8,drift,4,conv1,2,4,0.9999482035636902,0.9999583959579468,500
cka_feddst,cifar10,0.8,42,results/logs/cka_strength_sweep/cifar10_drift_all/strength_0p8/seed_42/splits/cifar10_split_seed42_clients5_alpha0p3_ref500.json,0.8,drift,4,conv1,3,0,0.9999263882637024,0.9999583959579468,500
cka_feddst,cifar10,0.8,42,results/logs/cka_strength_sweep/cifar10_drift_all/strength_0p8/seed_42/splits/cifar10_split_seed42_clients5_alpha0p3_ref500.json,0.8,drift,4,conv1,3,1,0.9998992681503296,0.9999583959579468,500
cka_feddst,cifar10,0.8,42,results/logs/cka_strength_sweep/cifar10_drift_all/strength_0p8/seed_42/splits/cifar10_split_seed42_clients5_alpha0p3_ref500.json,0.8,drift,4,conv1,3,2,0.9998939633369446,0.9999583959579468,500
cka_feddst,cifar10,0.8,42,results/logs/cka_strength_sweep/cifar10_drift_all/strength_0p8/seed_42/splits/cifar10_split_seed42_clients5_alpha0p3_ref500.json,0.8,drift,4,conv1,3,3,1.0,0.9999583959579468,500
cka_feddst,cifar10,0.8,42,results/logs/cka_strength_sweep/cifar10_drift_all/strength_0p8/seed_42/splits/cifar10_split_seed42_clients5_alpha0p3_ref500.json,0.8,drift,4,conv1,3,4,0.9999924302101135,0.9999583959579468,500
cka_feddst,cifar10,0.8,42,results/logs/cka_strength_sweep/cifar10_drift_all/strength_0p8/seed_42/splits/cifar10_split_seed42_clients5_alpha0p3_ref500.json,0.8,drift,4,conv1,4,0,0.9999712109565735,0.9999583959579468,500
cka_feddst,cifar10,0.8,42,results/logs/cka_strength_sweep/cifar10_drift_all/strength_0p8/seed_42/splits/cifar10_split_seed42_clients5_alpha0p3_ref500.json,0.8,drift,4,conv1,4,1,0.9999521970748901,0.9999583959579468,500
cka_feddst,cifar10,0.8,42,results/logs/cka_strength_sweep/cifar10_drift_all/strength_0p8/seed_42/splits/cifar10_split_seed42_clients5_alpha0p3_ref500.json,0.8,drift,4,conv1,4,2,0.9999482035636902,0.9999583959579468,500
cka_feddst,cifar10,0.8,42,results/logs/cka_strength_sweep/cifar10_drift_all/strength_0p8/seed_42/splits/cifar10_split_seed42_clients5_alpha0p3_ref500.json,0.8,drift,4,conv1,4,3,0.9999924302101135,0.9999583959579468,500
cka_feddst,cifar10,0.8,42,results/logs/cka_strength_sweep/cifar10_drift_all/strength_0p8/seed_42/splits/cifar10_split_seed42_clients5_alpha0p3_ref500.json,0.8,drift,4,conv1,4,4,1.0,0.9999583959579468,500
cka_feddst,cifar10,0.8,42,results/logs/cka_strength_sweep/cifar10_drift_all/strength_0p8/seed_42/splits/cifar10_split_seed42_clients5_alpha0p3_ref500.json,0.8,drift,4,conv2,0,0,1.0,0.9996501803398132,500
cka_feddst,cifar10,0.8,42,results/logs/cka_strength_sweep/cifar10_drift_all/strength_0p8/seed_42/splits/cifar10_split_seed42_clients5_alpha0p3_ref500.json,0.8,drift,4,conv2,0,1,0.9999568462371826,0.9996501803398132,500
cka_feddst,cifar10,0.8,42,results/logs/cka_strength_sweep/cifar10_drift_all/strength_0p8/seed_42/splits/cifar10_split_seed42_clients5_alpha0p3_ref500.json,0.8,drift,4,conv2,0,2,0.9998999238014221,0.9996501803398132,500
cka_feddst,cifar10,0.8,42,results/logs/cka_strength_sweep/cifar10_drift_all/strength_0p8/seed_42/splits/cifar10_split_seed42_clients5_alpha0p3_ref500.json,0.8,drift,4,conv2,0,3,0.999484121799469,0.9996501803398132,500
cka_feddst,cifar10,0.8,42,results/logs/cka_strength_sweep/cifar10_drift_all/strength_0p8/seed_42/splits/cifar10_split_seed42_clients5_alpha0p3_ref500.json,0.8,drift,4,conv2,0,4,0.9998841881752014,0.9996501803398132,500
cka_feddst,cifar10,0.8,42,results/logs/cka_strength_sweep/cifar10_drift_all/strength_0p8/seed_42/splits/cifar10_split_seed42_clients5_alpha0p3_ref500.json,0.8,drift,4,conv2,1,0,0.9999568462371826,0.9996501803398132,500
cka_feddst,cifar10,0.8,42,results/logs/cka_strength_sweep/cifar10_drift_all/strength_0p8/seed_42/splits/cifar10_split_seed42_clients5_alpha0p3_ref500.json,0.8,drift,4,conv2,1,1,1.0,0.9996501803398132,500
cka_feddst,cifar10,0.8,42,results/logs/cka_strength_sweep/cifar10_drift_all/strength_0p8/seed_42/splits/cifar10_split_seed42_clients5_alpha0p3_ref500.json,0.8,drift,4,conv2,1,2,0.9999903440475464,0.9996501803398132,500
cka_feddst,cifar10,0.8,42,results/logs/cka_strength_sweep/cifar10_drift_all/strength_0p8/seed_42/splits/cifar10_split_seed42_clients5_alpha0p3_ref500.json,0.8,drift,4,conv2,1,3,0.9991632699966431,0.9996501803398132,500
cka_feddst,cifar10,0.8,42,results/logs/cka_strength_sweep/cifar10_drift_all/strength_0p8/seed_42/splits/cifar10_split_seed42_clients5_alpha0p3_ref500.json,0.8,drift,4,conv2,1,4,0.999689519405365,0.9996501803398132,500
cka_feddst,cifar10,0.8,42,results/logs/cka_strength_sweep/cifar10_drift_all/strength_0p8/seed_42/splits/cifar10_split_seed42_clients5_alpha0p3_ref500.json,0.8,drift,4,conv2,2,0,0.9998999238014221,0.9996501803398132,500
cka_feddst,cifar10,0.8,42,results/logs/cka_strength_sweep/cifar10_drift_all/strength_0p8/seed_42/splits/cifar10_split_seed42_clients5_alpha0p3_ref500.json,0.8,drift,4,conv2,2,1,0.9999903440475464,0.9996501803398132,500
cka_feddst,cifar10,0.8,42,results/logs/cka_strength_sweep/cifar10_drift_all/strength_0p8/seed_42/splits/cifar10_split_seed42_clients5_alpha0p3_ref500.json,0.8,drift,4,conv2,2,2,1.0,0.9996501803398132,500
cka_feddst,cifar10,0.8,42,results/logs/cka_strength_sweep/cifar10_drift_all/strength_0p8/seed_42/splits/cifar10_split_seed42_clients5_alpha0p3_ref500.json,0.8,drift,4,conv2,2,3,0.9990286827087402,0.9996501803398132,500
cka_feddst,cifar10,0.8,42,results/logs/cka_strength_sweep/cifar10_drift_all/strength_0p8/seed_42/splits/cifar10_split_seed42_clients5_alpha0p3_ref500.json,0.8,drift,4,conv2,2,4,0.9995736479759216,0.9996501803398132,500
cka_feddst,cifar10,0.8,42,results/logs/cka_strength_sweep/cifar10_drift_all/strength_0p8/seed_42/splits/cifar10_split_seed42_clients5_alpha0p3_ref500.json,0.8,drift,4,conv2,3,0,0.999484121799469,0.9996501803398132,500
cka_feddst,cifar10,0.8,42,results/logs/cka_strength_sweep/cifar10_drift_all/strength_0p8/seed_42/splits/cifar10_split_seed42_clients5_alpha0p3_ref500.json,0.8,drift,4,conv2,3,1,0.9991632699966431,0.9996501803398132,500
cka_feddst,cifar10,0.8,42,results/logs/cka_strength_sweep/cifar10_drift_all/strength_0p8/seed_42/splits/cifar10_split_seed42_clients5_alpha0p3_ref500.json,0.8,drift,4,conv2,3,2,0.9990286827087402,0.9996501803398132,500
cka_feddst,cifar10,0.8,42,results/logs/cka_strength_sweep/cifar10_drift_all/strength_0p8/seed_42/splits/cifar10_split_seed42_clients5_alpha0p3_ref500.json,0.8,drift,4,conv2,3,3,1.0,0.9996501803398132,500
cka_feddst,cifar10,0.8,42,results/logs/cka_strength_sweep/cifar10_drift_all/strength_0p8/seed_42/splits/cifar10_split_seed42_clients5_alpha0p3_ref500.json,0.8,drift,4,conv2,3,4,0.9998311400413513,0.9996501803398132,500
cka_feddst,cifar10,0.8,42,results/logs/cka_strength_sweep/cifar10_drift_all/strength_0p8/seed_42/splits/cifar10_split_seed42_clients5_alpha0p3_ref500.json,0.8,drift,4,conv2,4,0,0.9998841881752014,0.9996501803398132,500
cka_feddst,cifar10,0.8,42,results/logs/cka_strength_sweep/cifar10_drift_all/strength_0p8/seed_42/splits/cifar10_split_seed42_clients5_alpha0p3_ref500.json,0.8,drift,4,conv2,4,1,0.999689519405365,0.9996501803398132,500
cka_feddst,cifar10,0.8,42,results/logs/cka_strength_sweep/cifar10_drift_all/strength_0p8/seed_42/splits/cifar10_split_seed42_clients5_alpha0p3_ref500.json,0.8,drift,4,conv2,4,2,0.9995736479759216,0.9996501803398132,500
cka_feddst,cifar10,0.8,42,results/logs/cka_strength_sweep/cifar10_drift_all/strength_0p8/seed_42/splits/cifar10_split_seed42_clients5_alpha0p3_ref500.json,0.8,drift,4,conv2,4,3,0.9998311400413513,0.9996501803398132,500
cka_feddst,cifar10,0.8,42,results/logs/cka_strength_sweep/cifar10_drift_all/strength_0p8/seed_42/splits/cifar10_split_seed42_clients5_alpha0p3_ref500.json,0.8,drift,4,conv2,4,4,1.0,0.9996501803398132,500
cka_feddst,cifar10,0.8,42,results/logs/cka_strength_sweep/cifar10_drift_all/strength_0p8/seed_42/splits/cifar10_split_seed42_clients5_alpha0p3_ref500.json,0.8,drift,4,conv3,0,0,1.0,0.9993607401847839,500
cka_feddst,cifar10,0.8,42,results/logs/cka_strength_sweep/cifar10_drift_all/strength_0p8/seed_42/splits/cifar10_split_seed42_clients5_alpha0p3_ref500.json,0.8,drift,4,conv3,0,1,0.9998639822006226,0.9993607401847839,500
cka_feddst,cifar10,0.8,42,results/logs/cka_strength_sweep/cifar10_drift_all/strength_0p8/seed_42/splits/cifar10_split_seed42_clients5_alpha0p3_ref500.json,0.8,drift,4,conv3,0,2,0.9996473789215088,0.9993607401847839,500
cka_feddst,cifar10,0.8,42,results/logs/cka_strength_sweep/cifar10_drift_all/strength_0p8/seed_42/splits/cifar10_split_seed42_clients5_alpha0p3_ref500.json,0.8,drift,4,conv3,0,3,0.9993066787719727,0.9993607401847839,500
cka_feddst,cifar10,0.8,42,results/logs/cka_strength_sweep/cifar10_drift_all/strength_0p8/seed_42/splits/cifar10_split_seed42_clients5_alpha0p3_ref500.json,0.8,drift,4,conv3,0,4,0.9998040199279785,0.9993607401847839,500
cka_feddst,cifar10,0.8,42,results/logs/cka_strength_sweep/cifar10_drift_all/strength_0p8/seed_42/splits/cifar10_split_seed42_clients5_alpha0p3_ref500.json,0.8,drift,4,conv3,1,0,0.9998639822006226,0.9993607401847839,500
cka_feddst,cifar10,0.8,42,results/logs/cka_strength_sweep/cifar10_drift_all/strength_0p8/seed_42/splits/cifar10_split_seed42_clients5_alpha0p3_ref500.json,0.8,drift,4,conv3,1,1,1.0,0.9993607401847839,500
cka_feddst,cifar10,0.8,42,results/logs/cka_strength_sweep/cifar10_drift_all/strength_0p8/seed_42/splits/cifar10_split_seed42_clients5_alpha0p3_ref500.json,0.8,drift,4,conv3,1,2,0.9999484419822693,0.9993607401847839,500
cka_feddst,cifar10,0.8,42,results/logs/cka_strength_sweep/cifar10_drift_all/strength_0p8/seed_42/splits/cifar10_split_seed42_clients5_alpha0p3_ref500.json,0.8,drift,4,conv3,1,3,0.998694121837616,0.9993607401847839,500
cka_feddst,cifar10,0.8,42,results/logs/cka_strength_sweep/cifar10_drift_all/strength_0p8/seed_42/splits/cifar10_split_seed42_clients5_alpha0p3_ref500.json,0.8,drift,4,conv3,1,4,0.9993667006492615,0.9993607401847839,500
cka_feddst,cifar10,0.8,42,results/logs/cka_strength_sweep/cifar10_drift_all/strength_0p8/seed_42/splits/cifar10_split_seed42_clients5_alpha0p3_ref500.json,0.8,drift,4,conv3,2,0,0.9996473789215088,0.9993607401847839,500
cka_feddst,cifar10,0.8,42,results/logs/cka_strength_sweep/cifar10_drift_all/strength_0p8/seed_42/splits/cifar10_split_seed42_clients5_alpha0p3_ref500.json,0.8,drift,4,conv3,2,1,0.9999484419822693,0.9993607401847839,500
cka_feddst,cifar10,0.8,42,results/logs/cka_strength_sweep/cifar10_drift_all/strength_0p8/seed_42/splits/cifar10_split_seed42_clients5_alpha0p3_ref500.json,0.8,drift,4,conv3,2,2,1.0,0.9993607401847839,500
cka_feddst,cifar10,0.8,42,results/logs/cka_strength_sweep/cifar10_drift_all/strength_0p8/seed_42/splits/cifar10_split_seed42_clients5_alpha0p3_ref500.json,0.8,drift,4,conv3,2,3,0.9982784390449524,0.9993607401847839,500
cka_feddst,cifar10,0.8,42,results/logs/cka_strength_sweep/cifar10_drift_all/strength_0p8/seed_42/splits/cifar10_split_seed42_clients5_alpha0p3_ref500.json,0.8,drift,4,conv3,2,4,0.9989897608757019,0.9993607401847839,500
cka_feddst,cifar10,0.8,42,results/logs/cka_strength_sweep/cifar10_drift_all/strength_0p8/seed_42/splits/cifar10_split_seed42_clients5_alpha0p3_ref500.json,0.8,drift,4,conv3,3,0,0.9993066787719727,0.9993607401847839,500
cka_feddst,cifar10,0.8,42,results/logs/cka_strength_sweep/cifar10_drift_all/strength_0p8/seed_42/splits/cifar10_split_seed42_clients5_alpha0p3_ref500.json,0.8,drift,4,conv3,3,1,0.998694121837616,0.9993607401847839,500
cka_feddst,cifar10,0.8,42,results/logs/cka_strength_sweep/cifar10_drift_all/strength_0p8/seed_42/splits/cifar10_split_seed42_clients5_alpha0p3_ref500.json,0.8,drift,4,conv3,3,2,0.9982784390449524,0.9993607401847839,500
cka_feddst,cifar10,0.8,42,results/logs/cka_strength_sweep/cifar10_drift_all/strength_0p8/seed_42/splits/cifar10_split_seed42_clients5_alpha0p3_ref500.json,0.8,drift,4,conv3,3,3,1.0,0.9993607401847839,500
cka_feddst,cifar10,0.8,42,results/logs/cka_strength_sweep/cifar10_drift_all/strength_0p8/seed_42/splits/cifar10_split_seed42_clients5_alpha0p3_ref500.json,0.8,drift,4,conv3,3,4,0.999707818031311,0.9993607401847839,500
cka_feddst,cifar10,0.8,42,results/logs/cka_strength_sweep/cifar10_drift_all/strength_0p8/seed_42/splits/cifar10_split_seed42_clients5_alpha0p3_ref500.json,0.8,drift,4,conv3,4,0,0.9998040199279785,0.9993607401847839,500
cka_feddst,cifar10,0.8,42,results/logs/cka_strength_sweep/cifar10_drift_all/strength_0p8/seed_42/splits/cifar10_split_seed42_clients5_alpha0p3_ref500.json,0.8,drift,4,conv3,4,1,0.9993667006492615,0.9993607401847839,500
cka_feddst,cifar10,0.8,42,results/logs/cka_strength_sweep/cifar10_drift_all/strength_0p8/seed_42/splits/cifar10_split_seed42_clients5_alpha0p3_ref500.json,0.8,drift,4,conv3,4,2,0.9989897608757019,0.9993607401847839,500
cka_feddst,cifar10,0.8,42,results/logs/cka_strength_sweep/cifar10_drift_all/strength_0p8/seed_42/splits/cifar10_split_seed42_clients5_alpha0p3_ref500.json,0.8,drift,4,conv3,4,3,0.999707818031311,0.9993607401847839,500
cka_feddst,cifar10,0.8,42,results/logs/cka_strength_sweep/cifar10_drift_all/strength_0p8/seed_42/splits/cifar10_split_seed42_clients5_alpha0p3_ref500.json,0.8,drift,4,conv3,4,4,1.0,0.9993607401847839,500
cka_feddst,cifar10,0.8,42,results/logs/cka_strength_sweep/cifar10_drift_all/strength_0p8/seed_42/splits/cifar10_split_seed42_clients5_alpha0p3_ref500.json,0.8,drift,4,fc1,0,0,1.0,0.9958499073982239,500
cka_feddst,cifar10,0.8,42,results/logs/cka_strength_sweep/cifar10_drift_all/strength_0p8/seed_42/splits/cifar10_split_seed42_clients5_alpha0p3_ref500.json,0.8,drift,4,fc1,0,1,0.9971653819084167,0.9958499073982239,500
cka_feddst,cifar10,0.8,42,results/logs/cka_strength_sweep/cifar10_drift_all/strength_0p8/seed_42/splits/cifar10_split_seed42_clients5_alpha0p3_ref500.json,0.8,drift,4,fc1,0,2,0.9990206360816956,0.9958499073982239,500
cka_feddst,cifar10,0.8,42,results/logs/cka_strength_sweep/cifar10_drift_all/strength_0p8/seed_42/splits/cifar10_split_seed42_clients5_alpha0p3_ref500.json,0.8,drift,4,fc1,0,3,0.9972473382949829,0.9958499073982239,500
cka_feddst,cifar10,0.8,42,results/logs/cka_strength_sweep/cifar10_drift_all/strength_0p8/seed_42/splits/cifar10_split_seed42_clients5_alpha0p3_ref500.json,0.8,drift,4,fc1,0,4,0.9962376952171326,0.9958499073982239,500
cka_feddst,cifar10,0.8,42,results/logs/cka_strength_sweep/cifar10_drift_all/strength_0p8/seed_42/splits/cifar10_split_seed42_clients5_alpha0p3_ref500.json,0.8,drift,4,fc1,1,0,0.9971653819084167,0.9958499073982239,500
cka_feddst,cifar10,0.8,42,results/logs/cka_strength_sweep/cifar10_drift_all/strength_0p8/seed_42/splits/cifar10_split_seed42_clients5_alpha0p3_ref500.json,0.8,drift,4,fc1,1,1,1.0,0.9958499073982239,500
cka_feddst,cifar10,0.8,42,results/logs/cka_strength_sweep/cifar10_drift_all/strength_0p8/seed_42/splits/cifar10_split_seed42_clients5_alpha0p3_ref500.json,0.8,drift,4,fc1,1,2,0.9975436925888062,0.9958499073982239,500
cka_feddst,cifar10,0.8,42,results/logs/cka_strength_sweep/cifar10_drift_all/strength_0p8/seed_42/splits/cifar10_split_seed42_clients5_alpha0p3_ref500.json,0.8,drift,4,fc1,1,3,0.9915638566017151,0.9958499073982239,500
cka_feddst,cifar10,0.8,42,results/logs/cka_strength_sweep/cifar10_drift_all/strength_0p8/seed_42/splits/cifar10_split_seed42_clients5_alpha0p3_ref500.json,0.8,drift,4,fc1,1,4,0.9979549050331116,0.9958499073982239,500
cka_feddst,cifar10,0.8,42,results/logs/cka_strength_sweep/cifar10_drift_all/strength_0p8/seed_42/splits/cifar10_split_seed42_clients5_alpha0p3_ref500.json,0.8,drift,4,fc1,2,0,0.9990206360816956,0.9958499073982239,500
cka_feddst,cifar10,0.8,42,results/logs/cka_strength_sweep/cifar10_drift_all/strength_0p8/seed_42/splits/cifar10_split_seed42_clients5_alpha0p3_ref500.json,0.8,drift,4,fc1,2,1,0.9975436925888062,0.9958499073982239,500
cka_feddst,cifar10,0.8,42,results/logs/cka_strength_sweep/cifar10_drift_all/strength_0p8/seed_42/splits/cifar10_split_seed42_clients5_alpha0p3_ref500.json,0.8,drift,4,fc1,2,2,1.0,0.9958499073982239,500
cka_feddst,cifar10,0.8,42,results/logs/cka_strength_sweep/cifar10_drift_all/strength_0p8/seed_42/splits/cifar10_split_seed42_clients5_alpha0p3_ref500.json,0.8,drift,4,fc1,2,3,0.9958065152168274,0.9958499073982239,500
cka_feddst,cifar10,0.8,42,results/logs/cka_strength_sweep/cifar10_drift_all/strength_0p8/seed_42/splits/cifar10_split_seed42_clients5_alpha0p3_ref500.json,0.8,drift,4,fc1,2,4,0.9956455826759338,0.9958499073982239,500
cka_feddst,cifar10,0.8,42,results/logs/cka_strength_sweep/cifar10_drift_all/strength_0p8/seed_42/splits/cifar10_split_seed42_clients5_alpha0p3_ref500.json,0.8,drift,4,fc1,3,0,0.9972473382949829,0.9958499073982239,500
cka_feddst,cifar10,0.8,42,results/logs/cka_strength_sweep/cifar10_drift_all/strength_0p8/seed_42/splits/cifar10_split_seed42_clients5_alpha0p3_ref500.json,0.8,drift,4,fc1,3,1,0.9915638566017151,0.9958499073982239,500
cka_feddst,cifar10,0.8,42,results/logs/cka_strength_sweep/cifar10_drift_all/strength_0p8/seed_42/splits/cifar10_split_seed42_clients5_alpha0p3_ref500.json,0.8,drift,4,fc1,3,2,0.9958065152168274,0.9958499073982239,500
cka_feddst,cifar10,0.8,42,results/logs/cka_strength_sweep/cifar10_drift_all/strength_0p8/seed_42/splits/cifar10_split_seed42_clients5_alpha0p3_ref500.json,0.8,drift,4,fc1,3,3,1.0,0.9958499073982239,500
cka_feddst,cifar10,0.8,42,results/logs/cka_strength_sweep/cifar10_drift_all/strength_0p8/seed_42/splits/cifar10_split_seed42_clients5_alpha0p3_ref500.json,0.8,drift,4,fc1,3,4,0.9903124570846558,0.9958499073982239,500
cka_feddst,cifar10,0.8,42,results/logs/cka_strength_sweep/cifar10_drift_all/strength_0p8/seed_42/splits/cifar10_split_seed42_clients5_alpha0p3_ref500.json,0.8,drift,4,fc1,4,0,0.9962376952171326,0.9958499073982239,500
cka_feddst,cifar10,0.8,42,results/logs/cka_strength_sweep/cifar10_drift_all/strength_0p8/seed_42/splits/cifar10_split_seed42_clients5_alpha0p3_ref500.json,0.8,drift,4,fc1,4,1,0.9979549050331116,0.9958499073982239,500
cka_feddst,cifar10,0.8,42,results/logs/cka_strength_sweep/cifar10_drift_all/strength_0p8/seed_42/splits/cifar10_split_seed42_clients5_alpha0p3_ref500.json,0.8,drift,4,fc1,4,2,0.9956455826759338,0.9958499073982239,500
cka_feddst,cifar10,0.8,42,results/logs/cka_strength_sweep/cifar10_drift_all/strength_0p8/seed_42/splits/cifar10_split_seed42_clients5_alpha0p3_ref500.json,0.8,drift,4,fc1,4,3,0.9903124570846558,0.9958499073982239,500
cka_feddst,cifar10,0.8,42,results/logs/cka_strength_sweep/cifar10_drift_all/strength_0p8/seed_42/splits/cifar10_split_seed42_clients5_alpha0p3_ref500.json,0.8,drift,4,fc1,4,4,1.0,0.9958499073982239,500
cka_feddst,cifar10,0.8,42,results/logs/cka_strength_sweep/cifar10_drift_all/strength_0p8/seed_42/splits/cifar10_split_seed42_clients5_alpha0p3_ref500.json,0.8,drift,6,conv1,0,0,1.0,0.9999143481254578,500
cka_feddst,cifar10,0.8,42,results/logs/cka_strength_sweep/cifar10_drift_all/strength_0p8/seed_42/splits/cifar10_split_seed42_clients5_alpha0p3_ref500.json,0.8,drift,6,conv1,0,1,0.9999486207962036,0.9999143481254578,500
cka_feddst,cifar10,0.8,42,results/logs/cka_strength_sweep/cifar10_drift_all/strength_0p8/seed_42/splits/cifar10_split_seed42_clients5_alpha0p3_ref500.json,0.8,drift,6,conv1,0,2,0.9999669790267944,0.9999143481254578,500
cka_feddst,cifar10,0.8,42,results/logs/cka_strength_sweep/cifar10_drift_all/strength_0p8/seed_42/splits/cifar10_split_seed42_clients5_alpha0p3_ref500.json,0.8,drift,6,conv1,0,3,0.9999678134918213,0.9999143481254578,500
cka_feddst,cifar10,0.8,42,results/logs/cka_strength_sweep/cifar10_drift_all/strength_0p8/seed_42/splits/cifar10_split_seed42_clients5_alpha0p3_ref500.json,0.8,drift,6,conv1,0,4,0.9999392628669739,0.9999143481254578,500
cka_feddst,cifar10,0.8,42,results/logs/cka_strength_sweep/cifar10_drift_all/strength_0p8/seed_42/splits/cifar10_split_seed42_clients5_alpha0p3_ref500.json,0.8,drift,6,conv1,1,0,0.9999486207962036,0.9999143481254578,500
cka_feddst,cifar10,0.8,42,results/logs/cka_strength_sweep/cifar10_drift_all/strength_0p8/seed_42/splits/cifar10_split_seed42_clients5_alpha0p3_ref500.json,0.8,drift,6,conv1,1,1,1.0,0.9999143481254578,500
cka_feddst,cifar10,0.8,42,results/logs/cka_strength_sweep/cifar10_drift_all/strength_0p8/seed_42/splits/cifar10_split_seed42_clients5_alpha0p3_ref500.json,0.8,drift,6,conv1,1,2,1.0,0.9999143481254578,500
cka_feddst,cifar10,0.8,42,results/logs/cka_strength_sweep/cifar10_drift_all/strength_0p8/seed_42/splits/cifar10_split_seed42_clients5_alpha0p3_ref500.json,0.8,drift,6,conv1,1,3,0.9998548626899719,0.9999143481254578,500
cka_feddst,cifar10,0.8,42,results/logs/cka_strength_sweep/cifar10_drift_all/strength_0p8/seed_42/splits/cifar10_split_seed42_clients5_alpha0p3_ref500.json,0.8,drift,6,conv1,1,4,0.9997731447219849,0.9999143481254578,500
cka_feddst,cifar10,0.8,42,results/logs/cka_strength_sweep/cifar10_drift_all/strength_0p8/seed_42/splits/cifar10_split_seed42_clients5_alpha0p3_ref500.json,0.8,drift,6,conv1,2,0,0.9999669790267944,0.9999143481254578,500
cka_feddst,cifar10,0.8,42,results/logs/cka_strength_sweep/cifar10_drift_all/strength_0p8/seed_42/splits/cifar10_split_seed42_clients5_alpha0p3_ref500.json,0.8,drift,6,conv1,2,1,1.0,0.9999143481254578,500
cka_feddst,cifar10,0.8,42,results/logs/cka_strength_sweep/cifar10_drift_all/strength_0p8/seed_42/splits/cifar10_split_seed42_clients5_alpha0p3_ref500.json,0.8,drift,6,conv1,2,2,1.0,0.9999143481254578,500
cka_feddst,cifar10,0.8,42,results/logs/cka_strength_sweep/cifar10_drift_all/strength_0p8/seed_42/splits/cifar10_split_seed42_clients5_alpha0p3_ref500.json,0.8,drift,6,conv1,2,3,0.9998907446861267,0.9999143481254578,500
cka_feddst,cifar10,0.8,42,results/logs/cka_strength_sweep/cifar10_drift_all/strength_0p8/seed_42/splits/cifar10_split_seed42_clients5_alpha0p3_ref500.json,0.8,drift,6,conv1,2,4,0.9998156428337097,0.9999143481254578,500
cka_feddst,cifar10,0.8,42,results/logs/cka_strength_sweep/cifar10_drift_all/strength_0p8/seed_42/splits/cifar10_split_seed42_clients5_alpha0p3_ref500.json,0.8,drift,6,conv1,3,0,0.9999678134918213,0.9999143481254578,500
cka_feddst,cifar10,0.8,42,results/logs/cka_strength_sweep/cifar10_drift_all/strength_0p8/seed_42/splits/cifar10_split_seed42_clients5_alpha0p3_ref500.json,0.8,drift,6,conv1,3,1,0.9998548626899719,0.9999143481254578,500
cka_feddst,cifar10,0.8,42,results/logs/cka_strength_sweep/cifar10_drift_all/strength_0p8/seed_42/splits/cifar10_split_seed42_clients5_alpha0p3_ref500.json,0.8,drift,6,conv1,3,2,0.9998907446861267,0.9999143481254578,500
cka_feddst,cifar10,0.8,42,results/logs/cka_strength_sweep/cifar10_drift_all/strength_0p8/seed_42/splits/cifar10_split_seed42_clients5_alpha0p3_ref500.json,0.8,drift,6,conv1,3,3,1.0,0.9999143481254578,500
cka_feddst,cifar10,0.8,42,results/logs/cka_strength_sweep/cifar10_drift_all/strength_0p8/seed_42/splits/cifar10_split_seed42_clients5_alpha0p3_ref500.json,0.8,drift,6,conv1,3,4,0.9999862313270569,0.9999143481254578,500
cka_feddst,cifar10,0.8,42,results/logs/cka_strength_sweep/cifar10_drift_all/strength_0p8/seed_42/splits/cifar10_split_seed42_clients5_alpha0p3_ref500.json,0.8,drift,6,conv1,4,0,0.9999392628669739,0.9999143481254578,500
cka_feddst,cifar10,0.8,42,results/logs/cka_strength_sweep/cifar10_drift_all/strength_0p8/seed_42/splits/cifar10_split_seed42_clients5_alpha0p3_ref500.json,0.8,drift,6,conv1,4,1,0.9997731447219849,0.9999143481254578,500
cka_feddst,cifar10,0.8,42,results/logs/cka_strength_sweep/cifar10_drift_all/strength_0p8/seed_42/splits/cifar10_split_seed42_clients5_alpha0p3_ref500.json,0.8,drift,6,conv1,4,2,0.9998156428337097,0.9999143481254578,500
cka_feddst,cifar10,0.8,42,results/logs/cka_strength_sweep/cifar10_drift_all/strength_0p8/seed_42/splits/cifar10_split_seed42_clients5_alpha0p3_ref500.json,0.8,drift,6,conv1,4,3,0.9999862313270569,0.9999143481254578,500
cka_feddst,cifar10,0.8,42,results/logs/cka_strength_sweep/cifar10_drift_all/strength_0p8/seed_42/splits/cifar10_split_seed42_clients5_alpha0p3_ref500.json,0.8,drift,6,conv1,4,4,1.0,0.9999143481254578,500
cka_feddst,cifar10,0.8,42,results/logs/cka_strength_sweep/cifar10_drift_all/strength_0p8/seed_42/splits/cifar10_split_seed42_clients5_alpha0p3_ref500.json,0.8,drift,6,conv2,0,0,1.0,0.9998176693916321,500
cka_feddst,cifar10,0.8,42,results/logs/cka_strength_sweep/cifar10_drift_all/strength_0p8/seed_42/splits/cifar10_split_seed42_clients5_alpha0p3_ref500.json,0.8,drift,6,conv2,0,1,0.9998977184295654,0.9998176693916321,500
cka_feddst,cifar10,0.8,42,results/logs/cka_strength_sweep/cifar10_drift_all/strength_0p8/seed_42/splits/cifar10_split_seed42_clients5_alpha0p3_ref500.json,0.8,drift,6,conv2,0,2,0.9999266862869263,0.9998176693916321,500
cka_feddst,cifar10,0.8,42,results/logs/cka_strength_sweep/cifar10_drift_all/strength_0p8/seed_42/splits/cifar10_split_seed42_clients5_alpha0p3_ref500.json,0.8,drift,6,conv2,0,3,0.9999027848243713,0.9998176693916321,500
cka_feddst,cifar10,0.8,42,results/logs/cka_strength_sweep/cifar10_drift_all/strength_0p8/seed_42/splits/cifar10_split_seed42_clients5_alpha0p3_ref500.json,0.8,drift,6,conv2,0,4,0.9998890161514282,0.9998176693916321,500
cka_feddst,cifar10,0.8,42,results/logs/cka_strength_sweep/cifar10_drift_all/strength_0p8/seed_42/splits/cifar10_split_seed42_clients5_alpha0p3_ref500.json,0.8,drift,6,conv2,1,0,0.9998977184295654,0.9998176693916321,500
cka_feddst,cifar10,0.8,42,results/logs/cka_strength_sweep/cifar10_drift_all/strength_0p8/seed_42/splits/cifar10_split_seed42_clients5_alpha0p3_ref500.json,0.8,drift,6,conv2,1,1,1.0,0.9998176693916321,500
cka_feddst,cifar10,0.8,42,results/logs/cka_strength_sweep/cifar10_drift_all/strength_0p8/seed_42/splits/cifar10_split_seed42_clients5_alpha0p3_ref500.json,0.8,drift,6,conv2,1,2,0.9999988079071045,0.9998176693916321,500
cka_feddst,cifar10,0.8,42,results/logs/cka_strength_sweep/cifar10_drift_all/strength_0p8/seed_42/splits/cifar10_split_seed42_clients5_alpha0p3_ref500.json,0.8,drift,6,conv2,1,3,0.9996483325958252,0.9998176693916321,500
cka_feddst,cifar10,0.8,42,results/logs/cka_strength_sweep/cifar10_drift_all/strength_0p8/seed_42/splits/cifar10_split_seed42_clients5_alpha0p3_ref500.json,0.8,drift,6,conv2,1,4,0.9995742440223694,0.9998176693916321,500
cka_feddst,cifar10,0.8,42,results/logs/cka_strength_sweep/cifar10_drift_all/strength_0p8/seed_42/splits/cifar10_split_seed42_clients5_alpha0p3_ref500.json,0.8,drift,6,conv2,2,0,0.9999266862869263,0.9998176693916321,500
cka_feddst,cifar10,0.8,42,results/logs/cka_strength_sweep/cifar10_drift_all/strength_0p8/seed_42/splits/cifar10_split_seed42_clients5_alpha0p3_ref500.json,0.8,drift,6,conv2,2,1,0.9999988079071045,0.9998176693916321,500
cka_feddst,cifar10,0.8,42,results/logs/cka_strength_sweep/cifar10_drift_all/strength_0p8/seed_42/splits/cifar10_split_seed42_clients5_alpha0p3_ref500.json,0.8,drift,6,conv2,2,2,1.0,0.9998176693916321,500
cka_feddst,cifar10,0.8,42,results/logs/cka_strength_sweep/cifar10_drift_all/strength_0p8/seed_42/splits/cifar10_split_seed42_clients5_alpha0p3_ref500.json,0.8,drift,6,conv2,2,3,0.9997199773788452,0.9998176693916321,500
cka_feddst,cifar10,0.8,42,results/logs/cka_strength_sweep/cifar10_drift_all/strength_0p8/seed_42/splits/cifar10_split_seed42_clients5_alpha0p3_ref500.json,0.8,drift,6,conv2,2,4,0.9996423125267029,0.9998176693916321,500
cka_feddst,cifar10,0.8,42,results/logs/cka_strength_sweep/cifar10_drift_all/strength_0p8/seed_42/splits/cifar10_split_seed42_clients5_alpha0p3_ref500.json,0.8,drift,6,conv2,3,0,0.9999027848243713,0.9998176693916321,500
cka_feddst,cifar10,0.8,42,results/logs/cka_strength_sweep/cifar10_drift_all/strength_0p8/seed_42/splits/cifar10_split_seed42_clients5_alpha0p3_ref500.json,0.8,drift,6,conv2,3,1,0.9996483325958252,0.9998176693916321,500
cka_feddst,cifar10,0.8,42,results/logs/cka_strength_sweep/cifar10_drift_all/strength_0p8/seed_42/splits/cifar10_split_seed42_clients5_alpha0p3_ref500.json,0.8,drift,6,conv2,3,2,0.9997199773788452,0.9998176693916321,500
cka_feddst,cifar10,0.8,42,results/logs/cka_strength_sweep/cifar10_drift_all/strength_0p8/seed_42/splits/cifar10_split_seed42_clients5_alpha0p3_ref500.json,0.8,drift,6,conv2,3,3,1.0,0.9998176693916321,500
cka_feddst,cifar10,0.8,42,results/logs/cka_strength_sweep/cifar10_drift_all/strength_0p8/seed_42/splits/cifar10_split_seed42_clients5_alpha0p3_ref500.json,0.8,drift,6,conv2,3,4,0.9999766945838928,0.9998176693916321,500
cka_feddst,cifar10,0.8,42,results/logs/cka_strength_sweep/cifar10_drift_all/strength_0p8/seed_42/splits/cifar10_split_seed42_clients5_alpha0p3_ref500.json,0.8,drift,6,conv2,4,0,0.9998890161514282,0.9998176693916321,500
cka_feddst,cifar10,0.8,42,results/logs/cka_strength_sweep/cifar10_drift_all/strength_0p8/seed_42/splits/cifar10_split_seed42_clients5_alpha0p3_ref500.json,0.8,drift,6,conv2,4,1,0.9995742440223694,0.9998176693916321,500
cka_feddst,cifar10,0.8,42,results/logs/cka_strength_sweep/cifar10_drift_all/strength_0p8/seed_42/splits/cifar10_split_seed42_clients5_alpha0p3_ref500.json,0.8,drift,6,conv2,4,2,0.9996423125267029,0.9998176693916321,500
cka_feddst,cifar10,0.8,42,results/logs/cka_strength_sweep/cifar10_drift_all/strength_0p8/seed_42/splits/cifar10_split_seed42_clients5_alpha0p3_ref500.json,0.8,drift,6,conv2,4,3,0.9999766945838928,0.9998176693916321,500
cka_feddst,cifar10,0.8,42,results/logs/cka_strength_sweep/cifar10_drift_all/strength_0p8/seed_42/splits/cifar10_split_seed42_clients5_alpha0p3_ref500.json,0.8,drift,6,conv2,4,4,1.0,0.9998176693916321,500
cka_feddst,cifar10,0.8,42,results/logs/cka_strength_sweep/cifar10_drift_all/strength_0p8/seed_42/splits/cifar10_split_seed42_clients5_alpha0p3_ref500.json,0.8,drift,6,conv3,0,0,1.0,0.9997867345809937,500
cka_feddst,cifar10,0.8,42,results/logs/cka_strength_sweep/cifar10_drift_all/strength_0p8/seed_42/splits/cifar10_split_seed42_clients5_alpha0p3_ref500.json,0.8,drift,6,conv3,0,1,0.999880850315094,0.9997867345809937,500
cka_feddst,cifar10,0.8,42,results/logs/cka_strength_sweep/cifar10_drift_all/strength_0p8/seed_42/splits/cifar10_split_seed42_clients5_alpha0p3_ref500.json,0.8,drift,6,conv3,0,2,0.9999216198921204,0.9997867345809937,500
cka_feddst,cifar10,0.8,42,results/logs/cka_strength_sweep/cifar10_drift_all/strength_0p8/seed_42/splits/cifar10_split_seed42_clients5_alpha0p3_ref500.json,0.8,drift,6,conv3,0,3,0.9998799562454224,0.9997867345809937,500
cka_feddst,cifar10,0.8,42,results/logs/cka_strength_sweep/cifar10_drift_all/strength_0p8/seed_42/splits/cifar10_split_seed42_clients5_alpha0p3_ref500.json,0.8,drift,6,conv3,0,4,0.9998775720596313,0.9997867345809937,500
cka_feddst,cifar10,0.8,42,results/logs/cka_strength_sweep/cifar10_drift_all/strength_0p8/seed_42/splits/cifar10_split_seed42_clients5_alpha0p3_ref500.json,0.8,drift,6,conv3,1,0,0.999880850315094,0.9997867345809937,500
cka_feddst,cifar10,0.8,42,results/logs/cka_strength_sweep/cifar10_drift_all/strength_0p8/seed_42/splits/cifar10_split_seed42_clients5_alpha0p3_ref500.json,0.8,drift,6,conv3,1,1,1.0,0.9997867345809937,500
cka_feddst,cifar10,0.8,42,results/logs/cka_strength_sweep/cifar10_drift_all/strength_0p8/seed_42/splits/cifar10_split_seed42_clients5_alpha0p3_ref500.json,0.8,drift,6,conv3,1,2,0.9999814629554749,0.9997867345809937,500
cka_feddst,cifar10,0.8,42,results/logs/cka_strength_sweep/cifar10_drift_all/strength_0p8/seed_42/splits/cifar10_split_seed42_clients5_alpha0p3_ref500.json,0.8,drift,6,conv3,1,3,0.999561607837677,0.9997867345809937,500
cka_feddst,cifar10,0.8,42,results/logs/cka_strength_sweep/cifar10_drift_all/strength_0p8/seed_42/splits/cifar10_split_seed42_clients5_alpha0p3_ref500.json,0.8,drift,6,conv3,1,4,0.9995437264442444,0.9997867345809937,500
cka_feddst,cifar10,0.8,42,results/logs/cka_strength_sweep/cifar10_drift_all/strength_0p8/seed_42/splits/cifar10_split_seed42_clients5_alpha0p3_ref500.json,0.8,drift,6,conv3,2,0,0.9999216198921204,0.9997867345809937,500
cka_feddst,cifar10,0.8,42,results/logs/cka_strength_sweep/cifar10_drift_all/strength_0p8/seed_42/splits/cifar10_split_seed42_clients5_alpha0p3_ref500.json,0.8,drift,6,conv3,2,1,0.9999814629554749,0.9997867345809937,500
cka_feddst,cifar10,0.8,42,results/logs/cka_strength_sweep/cifar10_drift_all/strength_0p8/seed_42/splits/cifar10_split_seed42_clients5_alpha0p3_ref500.json,0.8,drift,6,conv3,2,2,1.0,0.9997867345809937,500
cka_feddst,cifar10,0.8,42,results/logs/cka_strength_sweep/cifar10_drift_all/strength_0p8/seed_42/splits/cifar10_split_seed42_clients5_alpha0p3_ref500.json,0.8,drift,6,conv3,2,3,0.999685525894165,0.9997867345809937,500
cka_feddst,cifar10,0.8,42,results/logs/cka_strength_sweep/cifar10_drift_all/strength_0p8/seed_42/splits/cifar10_split_seed42_clients5_alpha0p3_ref500.json,0.8,drift,6,conv3,2,4,0.9996062517166138,0.9997867345809937,500
cka_feddst,cifar10,0.8,42,results/logs/cka_strength_sweep/cifar10_drift_all/strength_0p8/seed_42/splits/cifar10_split_seed42_clients5_alpha0p3_ref500.json,0.8,drift,6,conv3,3,0,0.9998799562454224,0.9997867345809937,500
cka_feddst,cifar10,0.8,42,results/logs/cka_strength_sweep/cifar10_drift_all/strength_0p8/seed_42/splits/cifar10_split_seed42_clients5_alpha0p3_ref500.json,0.8,drift,6,conv3,3,1,0.999561607837677,0.9997867345809937,500
cka_feddst,cifar10,0.8,42,results/logs/cka_strength_sweep/cifar10_drift_all/strength_0p8/seed_42/splits/cifar10_split_seed42_clients5_alpha0p3_ref500.json,0.8,drift,6,conv3,3,2,0.999685525894165,0.9997867345809937,500
cka_feddst,cifar10,0.8,42,results/logs/cka_strength_sweep/cifar10_drift_all/strength_0p8/seed_42/splits/cifar10_split_seed42_clients5_alpha0p3_ref500.json,0.8,drift,6,conv3,3,3,1.0,0.9997867345809937,500
cka_feddst,cifar10,0.8,42,results/logs/cka_strength_sweep/cifar10_drift_all/strength_0p8/seed_42/splits/cifar10_split_seed42_clients5_alpha0p3_ref500.json,0.8,drift,6,conv3,3,4,0.9999290108680725,0.9997867345809937,500
cka_feddst,cifar10,0.8,42,results/logs/cka_strength_sweep/cifar10_drift_all/strength_0p8/seed_42/splits/cifar10_split_seed42_clients5_alpha0p3_ref500.json,0.8,drift,6,conv3,4,0,0.9998775720596313,0.9997867345809937,500
cka_feddst,cifar10,0.8,42,results/logs/cka_strength_sweep/cifar10_drift_all/strength_0p8/seed_42/splits/cifar10_split_seed42_clients5_alpha0p3_ref500.json,0.8,drift,6,conv3,4,1,0.9995437264442444,0.9997867345809937,500
cka_feddst,cifar10,0.8,42,results/logs/cka_strength_sweep/cifar10_drift_all/strength_0p8/seed_42/splits/cifar10_split_seed42_clients5_alpha0p3_ref500.json,0.8,drift,6,conv3,4,2,0.9996062517166138,0.9997867345809937,500
cka_feddst,cifar10,0.8,42,results/logs/cka_strength_sweep/cifar10_drift_all/strength_0p8/seed_42/splits/cifar10_split_seed42_clients5_alpha0p3_ref500.json,0.8,drift,6,conv3,4,3,0.9999290108680725,0.9997867345809937,500
cka_feddst,cifar10,0.8,42,results/logs/cka_strength_sweep/cifar10_drift_all/strength_0p8/seed_42/splits/cifar10_split_seed42_clients5_alpha0p3_ref500.json,0.8,drift,6,conv3,4,4,1.0,0.9997867345809937,500
cka_feddst,cifar10,0.8,42,results/logs/cka_strength_sweep/cifar10_drift_all/strength_0p8/seed_42/splits/cifar10_split_seed42_clients5_alpha0p3_ref500.json,0.8,drift,6,fc1,0,0,1.0,0.9953712224960327,500
cka_feddst,cifar10,0.8,42,results/logs/cka_strength_sweep/cifar10_drift_all/strength_0p8/seed_42/splits/cifar10_split_seed42_clients5_alpha0p3_ref500.json,0.8,drift,6,fc1,0,1,0.9940372109413147,0.9953712224960327,500
cka_feddst,cifar10,0.8,42,results/logs/cka_strength_sweep/cifar10_drift_all/strength_0p8/seed_42/splits/cifar10_split_seed42_clients5_alpha0p3_ref500.json,0.8,drift,6,fc1,0,2,0.9919559955596924,0.9953712224960327,500
cka_feddst,cifar10,0.8,42,results/logs/cka_strength_sweep/cifar10_drift_all/strength_0p8/seed_42/splits/cifar10_split_seed42_clients5_alpha0p3_ref500.json,0.8,drift,6,fc1,0,3,0.9952507019042969,0.9953712224960327,500
cka_feddst,cifar10,0.8,42,results/logs/cka_strength_sweep/cifar10_drift_all/strength_0p8/seed_42/splits/cifar10_split_seed42_clients5_alpha0p3_ref500.json,0.8,drift,6,fc1,0,4,0.9937631487846375,0.9953712224960327,500
cka_feddst,cifar10,0.8,42,results/logs/cka_strength_sweep/cifar10_drift_all/strength_0p8/seed_42/splits/cifar10_split_seed42_clients5_alpha0p3_ref500.json,0.8,drift,6,fc1,1,0,0.9940372109413147,0.9953712224960327,500
cka_feddst,cifar10,0.8,42,results/logs/cka_strength_sweep/cifar10_drift_all/strength_0p8/seed_42/splits/cifar10_split_seed42_clients5_alpha0p3_ref500.json,0.8,drift,6,fc1,1,1,1.0,0.9953712224960327,500
cka_feddst,cifar10,0.8,42,results/logs/cka_strength_sweep/cifar10_drift_all/strength_0p8/seed_42/splits/cifar10_split_seed42_clients5_alpha0p3_ref500.json,0.8,drift,6,fc1,1,2,0.9927757382392883,0.9953712224960327,500
cka_feddst,cifar10,0.8,42,results/logs/cka_strength_sweep/cifar10_drift_all/strength_0p8/seed_42/splits/cifar10_split_seed42_clients5_alpha0p3_ref500.json,0.8,drift,6,fc1,1,3,0.9940629005432129,0.9953712224960327,500
cka_feddst,cifar10,0.8,42,results/logs/cka_strength_sweep/cifar10_drift_all/strength_0p8/seed_42/splits/cifar10_split_seed42_clients5_alpha0p3_ref500.json,0.8,drift,6,fc1,1,4,0.9959417581558228,0.9953712224960327,500
cka_feddst,cifar10,0.8,42,results/logs/cka_strength_sweep/cifar10_drift_all/strength_0p8/seed_42/splits/cifar10_split_seed42_clients5_alpha0p3_ref500.json,0.8,drift,6,fc1,2,0,0.9919559955596924,0.9953712224960327,500
cka_feddst,cifar10,0.8,42,results/logs/cka_strength_sweep/cifar10_drift_all/strength_0p8/seed_42/splits/cifar10_split_seed42_clients5_alpha0p3_ref500.json,0.8,drift,6,fc1,2,1,0.9927757382392883,0.9953712224960327,500
cka_feddst,cifar10,0.8,42,results/logs/cka_strength_sweep/cifar10_drift_all/strength_0p8/seed_42/splits/cifar10_split_seed42_clients5_alpha0p3_ref500.json,0.8,drift,6,fc1,2,2,1.0,0.9953712224960327,500
cka_feddst,cifar10,0.8,42,results/logs/cka_strength_sweep/cifar10_drift_all/strength_0p8/seed_42/splits/cifar10_split_seed42_clients5_alpha0p3_ref500.json,0.8,drift,6,fc1,2,3,0.9988386631011963,0.9953712224960327,500
cka_feddst,cifar10,0.8,42,results/logs/cka_strength_sweep/cifar10_drift_all/strength_0p8/seed_42/splits/cifar10_split_seed42_clients5_alpha0p3_ref500.json,0.8,drift,6,fc1,2,4,0.9985277056694031,0.9953712224960327,500
cka_feddst,cifar10,0.8,42,results/logs/cka_strength_sweep/cifar10_drift_all/strength_0p8/seed_42/splits/cifar10_split_seed42_clients5_alpha0p3_ref500.json,0.8,drift,6,fc1,3,0,0.9952507019042969,0.9953712224960327,500
cka_feddst,cifar10,0.8,42,results/logs/cka_strength_sweep/cifar10_drift_all/strength_0p8/seed_42/splits/cifar10_split_seed42_clients5_alpha0p3_ref500.json,0.8,drift,6,fc1,3,1,0.9940629005432129,0.9953712224960327,500
cka_feddst,cifar10,0.8,42,results/logs/cka_strength_sweep/cifar10_drift_all/strength_0p8/seed_42/splits/cifar10_split_seed42_clients5_alpha0p3_ref500.json,0.8,drift,6,fc1,3,2,0.9988386631011963,0.9953712224960327,500
cka_feddst,cifar10,0.8,42,results/logs/cka_strength_sweep/cifar10_drift_all/strength_0p8/seed_42/splits/cifar10_split_seed42_clients5_alpha0p3_ref500.json,0.8,drift,6,fc1,3,3,1.0,0.9953712224960327,500
cka_feddst,cifar10,0.8,42,results/logs/cka_strength_sweep/cifar10_drift_all/strength_0p8/seed_42/splits/cifar10_split_seed42_clients5_alpha0p3_ref500.json,0.8,drift,6,fc1,3,4,0.9985591769218445,0.9953712224960327,500
cka_feddst,cifar10,0.8,42,results/logs/cka_strength_sweep/cifar10_drift_all/strength_0p8/seed_42/splits/cifar10_split_seed42_clients5_alpha0p3_ref500.json,0.8,drift,6,fc1,4,0,0.9937631487846375,0.9953712224960327,500
cka_feddst,cifar10,0.8,42,results/logs/cka_strength_sweep/cifar10_drift_all/strength_0p8/seed_42/splits/cifar10_split_seed42_clients5_alpha0p3_ref500.json,0.8,drift,6,fc1,4,1,0.9959417581558228,0.9953712224960327,500
cka_feddst,cifar10,0.8,42,results/logs/cka_strength_sweep/cifar10_drift_all/strength_0p8/seed_42/splits/cifar10_split_seed42_clients5_alpha0p3_ref500.json,0.8,drift,6,fc1,4,2,0.9985277056694031,0.9953712224960327,500
cka_feddst,cifar10,0.8,42,results/logs/cka_strength_sweep/cifar10_drift_all/strength_0p8/seed_42/splits/cifar10_split_seed42_clients5_alpha0p3_ref500.json,0.8,drift,6,fc1,4,3,0.9985591769218445,0.9953712224960327,500
cka_feddst,cifar10,0.8,42,results/logs/cka_strength_sweep/cifar10_drift_all/strength_0p8/seed_42/splits/cifar10_split_seed42_clients5_alpha0p3_ref500.json,0.8,drift,6,fc1,4,4,1.0,0.9953712224960327,500
cka_feddst,cifar10,0.8,42,results/logs/cka_strength_sweep/cifar10_drift_all/strength_0p8/seed_42/splits/cifar10_split_seed42_clients5_alpha0p3_ref500.json,0.8,drift,8,conv1,0,0,1.0,0.9999176859855652,500
cka_feddst,cifar10,0.8,42,results/logs/cka_strength_sweep/cifar10_drift_all/strength_0p8/seed_42/splits/cifar10_split_seed42_clients5_alpha0p3_ref500.json,0.8,drift,8,conv1,0,1,0.9999837279319763,0.9999176859855652,500
cka_feddst,cifar10,0.8,42,results/logs/cka_strength_sweep/cifar10_drift_all/strength_0p8/seed_42/splits/cifar10_split_seed42_clients5_alpha0p3_ref500.json,0.8,drift,8,conv1,0,2,0.9999842047691345,0.9999176859855652,500
cka_feddst,cifar10,0.8,42,results/logs/cka_strength_sweep/cifar10_drift_all/strength_0p8/seed_42/splits/cifar10_split_seed42_clients5_alpha0p3_ref500.json,0.8,drift,8,conv1,0,3,0.9999024271965027,0.9999176859855652,500
cka_feddst,cifar10,0.8,42,results/logs/cka_strength_sweep/cifar10_drift_all/strength_0p8/seed_42/splits/cifar10_split_seed42_clients5_alpha0p3_ref500.json,0.8,drift,8,conv1,0,4,0.9999580979347229,0.9999176859855652,500
cka_feddst,cifar10,0.8,42,results/logs/cka_strength_sweep/cifar10_drift_all/strength_0p8/seed_42/splits/cifar10_split_seed42_clients5_alpha0p3_ref500.json,0.8,drift,8,conv1,1,0,0.9999837279319763,0.9999176859855652,500
cka_feddst,cifar10,0.8,42,results/logs/cka_strength_sweep/cifar10_drift_all/strength_0p8/seed_42/splits/cifar10_split_seed42_clients5_alpha0p3_ref500.json,0.8,drift,8,conv1,1,1,1.0,0.9999176859855652,500
cka_feddst,cifar10,0.8,42,results/logs/cka_strength_sweep/cifar10_drift_all/strength_0p8/seed_42/splits/cifar10_split_seed42_clients5_alpha0p3_ref500.json,0.8,drift,8,conv1,1,2,1.0,0.9999176859855652,500
cka_feddst,cifar10,0.8,42,results/logs/cka_strength_sweep/cifar10_drift_all/strength_0p8/seed_42/splits/cifar10_split_seed42_clients5_alpha0p3_ref500.json,0.8,drift,8,conv1,1,3,0.9997968077659607,0.9999176859855652,500
cka_feddst,cifar10,0.8,42,results/logs/cka_strength_sweep/cifar10_drift_all/strength_0p8/seed_42/splits/cifar10_split_seed42_clients5_alpha0p3_ref500.json,0.8,drift,8,conv1,1,4,0.9998772144317627,0.9999176859855652,500
cka_feddst,cifar10,0.8,42,results/logs/cka_strength_sweep/cifar10_drift_all/strength_0p8/seed_42/splits/cifar10_split_seed42_clients5_alpha0p3_ref500.json,0.8,drift,8,conv1,2,0,0.9999842047691345,0.9999176859855652,500
cka_feddst,cifar10,0.8,42,results/logs/cka_strength_sweep/cifar10_drift_all/strength_0p8/seed_42/splits/cifar10_split_seed42_clients5_alpha0p3_ref500.json,0.8,drift,8,conv1,2,1,1.0,0.9999176859855652,500
cka_feddst,cifar10,0.8,42,results/logs/cka_strength_sweep/cifar10_drift_all/strength_0p8/seed_42/splits/cifar10_split_seed42_clients5_alpha0p3_ref500.json,0.8,drift,8,conv1,2,2,1.0,0.9999176859855652,500
cka_feddst,cifar10,0.8,42,results/logs/cka_strength_sweep/cifar10_drift_all/strength_0p8/seed_42/splits/cifar10_split_seed42_clients5_alpha0p3_ref500.json,0.8,drift,8,conv1,2,3,0.999805212020874,0.9999176859855652,500
cka_feddst,cifar10,0.8,42,results/logs/cka_strength_sweep/cifar10_drift_all/strength_0p8/seed_42/splits/cifar10_split_seed42_clients5_alpha0p3_ref500.json,0.8,drift,8,conv1,2,4,0.9998804330825806,0.9999176859855652,500
cka_feddst,cifar10,0.8,42,results/logs/cka_strength_sweep/cifar10_drift_all/strength_0p8/seed_42/splits/cifar10_split_seed42_clients5_alpha0p3_ref500.json,0.8,drift,8,conv1,3,0,0.9999024271965027,0.9999176859855652,500
cka_feddst,cifar10,0.8,42,results/logs/cka_strength_sweep/cifar10_drift_all/strength_0p8/seed_42/splits/cifar10_split_seed42_clients5_alpha0p3_ref500.json,0.8,drift,8,conv1,3,1,0.9997968077659607,0.9999176859855652,500
cka_feddst,cifar10,0.8,42,results/logs/cka_strength_sweep/cifar10_drift_all/strength_0p8/seed_42/splits/cifar10_split_seed42_clients5_alpha0p3_ref500.json,0.8,drift,8,conv1,3,2,0.999805212020874,0.9999176859855652,500
cka_feddst,cifar10,0.8,42,results/logs/cka_strength_sweep/cifar10_drift_all/strength_0p8/seed_42/splits/cifar10_split_seed42_clients5_alpha0p3_ref500.json,0.8,drift,8,conv1,3,3,1.0,0.9999176859855652,500
cka_feddst,cifar10,0.8,42,results/logs/cka_strength_sweep/cifar10_drift_all/strength_0p8/seed_42/splits/cifar10_split_seed42_clients5_alpha0p3_ref500.json,0.8,drift,8,conv1,3,4,0.9999884366989136,0.9999176859855652,500
cka_feddst,cifar10,0.8,42,results/logs/cka_strength_sweep/cifar10_drift_all/strength_0p8/seed_42/splits/cifar10_split_seed42_clients5_alpha0p3_ref500.json,0.8,drift,8,conv1,4,0,0.9999580979347229,0.9999176859855652,500
cka_feddst,cifar10,0.8,42,results/logs/cka_strength_sweep/cifar10_drift_all/strength_0p8/seed_42/splits/cifar10_split_seed42_clients5_alpha0p3_ref500.json,0.8,drift,8,conv1,4,1,0.9998772144317627,0.9999176859855652,500
cka_feddst,cifar10,0.8,42,results/logs/cka_strength_sweep/cifar10_drift_all/strength_0p8/seed_42/splits/cifar10_split_seed42_clients5_alpha0p3_ref500.json,0.8,drift,8,conv1,4,2,0.9998804330825806,0.9999176859855652,500
cka_feddst,cifar10,0.8,42,results/logs/cka_strength_sweep/cifar10_drift_all/strength_0p8/seed_42/splits/cifar10_split_seed42_clients5_alpha0p3_ref500.json,0.8,drift,8,conv1,4,3,0.9999884366989136,0.9999176859855652,500
cka_feddst,cifar10,0.8,42,results/logs/cka_strength_sweep/cifar10_drift_all/strength_0p8/seed_42/splits/cifar10_split_seed42_clients5_alpha0p3_ref500.json,0.8,drift,8,conv1,4,4,1.0,0.9999176859855652,500
cka_feddst,cifar10,0.8,42,results/logs/cka_strength_sweep/cifar10_drift_all/strength_0p8/seed_42/splits/cifar10_split_seed42_clients5_alpha0p3_ref500.json,0.8,drift,8,conv2,0,0,1.0,0.9996942281723022,500
cka_feddst,cifar10,0.8,42,results/logs/cka_strength_sweep/cifar10_drift_all/strength_0p8/seed_42/splits/cifar10_split_seed42_clients5_alpha0p3_ref500.json,0.8,drift,8,conv2,0,1,0.9999022483825684,0.9996942281723022,500
cka_feddst,cifar10,0.8,42,results/logs/cka_strength_sweep/cifar10_drift_all/strength_0p8/seed_42/splits/cifar10_split_seed42_clients5_alpha0p3_ref500.json,0.8,drift,8,conv2,0,2,0.9998819828033447,0.9996942281723022,500
cka_feddst,cifar10,0.8,42,results/logs/cka_strength_sweep/cifar10_drift_all/strength_0p8/seed_42/splits/cifar10_split_seed42_clients5_alpha0p3_ref500.json,0.8,drift,8,conv2,0,3,0.9996442198753357,0.9996942281723022,500
cka_feddst,cifar10,0.8,42,results/logs/cka_strength_sweep/cifar10_drift_all/strength_0p8/seed_42/splits/cifar10_split_seed42_clients5_alpha0p3_ref500.json,0.8,drift,8,conv2,0,4,0.9999386072158813,0.9996942281723022,500
cka_feddst,cifar10,0.8,42,results/logs/cka_strength_sweep/cifar10_drift_all/strength_0p8/seed_42/splits/cifar10_split_seed42_clients5_alpha0p3_ref500.json,0.8,drift,8,conv2,1,0,0.9999022483825684,0.9996942281723022,500
cka_feddst,cifar10,0.8,42,results/logs/cka_strength_sweep/cifar10_drift_all/strength_0p8/seed_42/splits/cifar10_split_seed42_clients5_alpha0p3_ref500.json,0.8,drift,8,conv2,1,1,1.0,0.9996942281723022,500
cka_feddst,cifar10,0.8,42,results/logs/cka_strength_sweep/cifar10_drift_all/strength_0p8/seed_42/splits/cifar10_split_seed42_clients5_alpha0p3_ref500.json,0.8,drift,8,conv2,1,2,0.9999977946281433,0.9996942281723022,500
cka_feddst,cifar10,0.8,42,results/logs/cka_strength_sweep/cifar10_drift_all/strength_0p8/seed_42/splits/cifar10_split_seed42_clients5_alpha0p3_ref500.json,0.8,drift,8,conv2,1,3,0.9991958141326904,0.9996942281723022,500
cka_feddst,cifar10,0.8,42,results/logs/cka_strength_sweep/cifar10_drift_all/strength_0p8/seed_42/splits/cifar10_split_seed42_clients5_alpha0p3_ref500.json,0.8,drift,8,conv2,1,4,0.9996862411499023,0.9996942281723022,500
cka_feddst,cifar10,0.8,42,results/logs/cka_strength_sweep/cifar10_drift_all/strength_0p8/seed_42/splits/cifar10_split_seed42_clients5_alpha0p3_ref500.json,0.8,drift,8,conv2,2,0,0.9998819828033447,0.9996942281723022,500
cka_feddst,cifar10,0.8,42,results/logs/cka_strength_sweep/cifar10_drift_all/strength_0p8/seed_42/splits/cifar10_split_seed42_clients5_alpha0p3_ref500.json,0.8,drift,8,conv2,2,1,0.9999977946281433,0.9996942281723022,500
cka_feddst,cifar10,0.8,42,results/logs/cka_strength_sweep/cifar10_drift_all/strength_0p8/seed_42/splits/cifar10_split_seed42_clients5_alpha0p3_ref500.json,0.8,drift,8,conv2,2,2,1.0,0.9996942281723022,500
cka_feddst,cifar10,0.8,42,results/logs/cka_strength_sweep/cifar10_drift_all/strength_0p8/seed_42/splits/cifar10_split_seed42_clients5_alpha0p3_ref500.json,0.8,drift,8,conv2,2,3,0.999165952205658,0.9996942281723022,500
cka_feddst,cifar10,0.8,42,results/logs/cka_strength_sweep/cifar10_drift_all/strength_0p8/seed_42/splits/cifar10_split_seed42_clients5_alpha0p3_ref500.json,0.8,drift,8,conv2,2,4,0.9996532201766968,0.9996942281723022,500
cka_feddst,cifar10,0.8,42,results/logs/cka_strength_sweep/cifar10_drift_all/strength_0p8/seed_42/splits/cifar10_split_seed42_clients5_alpha0p3_ref500.json,0.8,drift,8,conv2,3,0,0.9996442198753357,0.9996942281723022,500
cka_feddst,cifar10,0.8,42,results/logs/cka_strength_sweep/cifar10_drift_all/strength_0p8/seed_42/splits/cifar10_split_seed42_clients5_alpha0p3_ref500.json,0.8,drift,8,conv2,3,1,0.9991958141326904,0.9996942281723022,500
cka_feddst,cifar10,0.8,42,results/logs/cka_strength_sweep/cifar10_drift_all/strength_0p8/seed_42/splits/cifar10_split_seed42_clients5_alpha0p3_ref500.json,0.8,drift,8,conv2,3,2,0.999165952205658,0.9996942281723022,500
cka_feddst,cifar10,0.8,42,results/logs/cka_strength_sweep/cifar10_drift_all/strength_0p8/seed_42/splits/cifar10_split_seed42_clients5_alpha0p3_ref500.json,0.8,drift,8,conv2,3,3,1.0,0.9996942281723022,500
cka_feddst,cifar10,0.8,42,results/logs/cka_strength_sweep/cifar10_drift_all/strength_0p8/seed_42/splits/cifar10_split_seed42_clients5_alpha0p3_ref500.json,0.8,drift,8,conv2,3,4,0.999876856803894,0.9996942281723022,500
cka_feddst,cifar10,0.8,42,results/logs/cka_strength_sweep/cifar10_drift_all/strength_0p8/seed_42/splits/cifar10_split_seed42_clients5_alpha0p3_ref500.json,0.8,drift,8,conv2,4,0,0.9999386072158813,0.9996942281723022,500
cka_feddst,cifar10,0.8,42,results/logs/cka_strength_sweep/cifar10_drift_all/strength_0p8/seed_42/splits/cifar10_split_seed42_clients5_alpha0p3_ref500.json,0.8,drift,8,conv2,4,1,0.9996862411499023,0.9996942281723022,500
cka_feddst,cifar10,0.8,42,results/logs/cka_strength_sweep/cifar10_drift_all/strength_0p8/seed_42/splits/cifar10_split_seed42_clients5_alpha0p3_ref500.json,0.8,drift,8,conv2,4,2,0.9996532201766968,0.9996942281723022,500
cka_feddst,cifar10,0.8,42,results/logs/cka_strength_sweep/cifar10_drift_all/strength_0p8/seed_42/splits/cifar10_split_seed42_clients5_alpha0p3_ref500.json,0.8,drift,8,conv2,4,3,0.999876856803894,0.9996942281723022,500
cka_feddst,cifar10,0.8,42,results/logs/cka_strength_sweep/cifar10_drift_all/strength_0p8/seed_42/splits/cifar10_split_seed42_clients5_alpha0p3_ref500.json,0.8,drift,8,conv2,4,4,1.0,0.9996942281723022,500
cka_feddst,cifar10,0.8,42,results/logs/cka_strength_sweep/cifar10_drift_all/strength_0p8/seed_42/splits/cifar10_split_seed42_clients5_alpha0p3_ref500.json,0.8,drift,8,conv3,0,0,1.0,0.9996612668037415,500
cka_feddst,cifar10,0.8,42,results/logs/cka_strength_sweep/cifar10_drift_all/strength_0p8/seed_42/splits/cifar10_split_seed42_clients5_alpha0p3_ref500.json,0.8,drift,8,conv3,0,1,0.9998878836631775,0.9996612668037415,500
cka_feddst,cifar10,0.8,42,results/logs/cka_strength_sweep/cifar10_drift_all/strength_0p8/seed_42/splits/cifar10_split_seed42_clients5_alpha0p3_ref500.json,0.8,drift,8,conv3,0,2,0.999871551990509,0.9996612668037415,500
cka_feddst,cifar10,0.8,42,results/logs/cka_strength_sweep/cifar10_drift_all/strength_0p8/seed_42/splits/cifar10_split_seed42_clients5_alpha0p3_ref500.json,0.8,drift,8,conv3,0,3,0.9996135234832764,0.9996612668037415,500
cka_feddst,cifar10,0.8,42,results/logs/cka_strength_sweep/cifar10_drift_all/strength_0p8/seed_42/splits/cifar10_split_seed42_clients5_alpha0p3_ref500.json,0.8,drift,8,conv3,0,4,0.99993497133255,0.9996612668037415,500
cka_feddst,cifar10,0.8,42,results/logs/cka_strength_sweep/cifar10_drift_all/strength_0p8/seed_42/splits/cifar10_split_seed42_clients5_alpha0p3_ref500.json,0.8,drift,8,conv3,1,0,0.9998878836631775,0.9996612668037415,500
cka_feddst,cifar10,0.8,42,results/logs/cka_strength_sweep/cifar10_drift_all/strength_0p8/seed_42/splits/cifar10_split_seed42_clients5_alpha0p3_ref500.json,0.8,drift,8,conv3,1,1,1.0,0.9996612668037415,500
cka_feddst,cifar10,0.8,42,results/logs/cka_strength_sweep/cifar10_drift_all/strength_0p8/seed_42/splits/cifar10_split_seed42_clients5_alpha0p3_ref500.json,0.8,drift,8,conv3,1,2,0.9999844431877136,0.9996612668037415,500
cka_feddst,cifar10,0.8,42,results/logs/cka_strength_sweep/cifar10_drift_all/strength_0p8/seed_42/splits/cifar10_split_seed42_clients5_alpha0p3_ref500.json,0.8,drift,8,conv3,1,3,0.9991000294685364,0.9996612668037415,500
cka_feddst,cifar10,0.8,42,results/logs/cka_strength_sweep/cifar10_drift_all/strength_0p8/seed_42/splits/cifar10_split_seed42_clients5_alpha0p3_ref500.json,0.8,drift,8,conv3,1,4,0.9996691346168518,0.9996612668037415,500
cka_feddst,cifar10,0.8,42,results/logs/cka_strength_sweep/cifar10_drift_all/strength_0p8/seed_42/splits/cifar10_split_seed42_clients5_alpha0p3_ref500.json,0.8,drift,8,conv3,2,0,0.999871551990509,0.9996612668037415,500
cka_feddst,cifar10,0.8,42,results/logs/cka_strength_sweep/cifar10_drift_all/strength_0p8/seed_42/splits/cifar10_split_seed42_clients5_alpha0p3_ref500.json,0.8,drift,8,conv3,2,1,0.9999844431877136,0.9996612668037415,500
cka_feddst,cifar10,0.8,42,results/logs/cka_strength_sweep/cifar10_drift_all/strength_0p8/seed_42/splits/cifar10_split_seed42_clients5_alpha0p3_ref500.json,0.8,drift,8,conv3,2,2,1.0,0.9996612668037415,500
cka_feddst,cifar10,0.8,42,results/logs/cka_strength_sweep/cifar10_drift_all/strength_0p8/seed_42/splits/cifar10_split_seed42_clients5_alpha0p3_ref500.json,0.8,drift,8,conv3,2,3,0.9990876317024231,0.9996612668037415,500
cka_feddst,cifar10,0.8,42,results/logs/cka_strength_sweep/cifar10_drift_all/strength_0p8/seed_42/splits/cifar10_split_seed42_clients5_alpha0p3_ref500.json,0.8,drift,8,conv3,2,4,0.9996238350868225,0.9996612668037415,500
cka_feddst,cifar10,0.8,42,results/logs/cka_strength_sweep/cifar10_drift_all/strength_0p8/seed_42/splits/cifar10_split_seed42_clients5_alpha0p3_ref500.json,0.8,drift,8,conv3,3,0,0.9996135234832764,0.9996612668037415,500
cka_feddst,cifar10,0.8,42,results/logs/cka_strength_sweep/cifar10_drift_all/strength_0p8/seed_42/splits/cifar10_split_seed42_clients5_alpha0p3_ref500.json,0.8,drift,8,conv3,3,1,0.9991000294685364,0.9996612668037415,500
cka_feddst,cifar10,0.8,42,results/logs/cka_strength_sweep/cifar10_drift_all/strength_0p8/seed_42/splits/cifar10_split_seed42_clients5_alpha0p3_ref500.json,0.8,drift,8,conv3,3,2,0.9990876317024231,0.9996612668037415,500
cka_feddst,cifar10,0.8,42,results/logs/cka_strength_sweep/cifar10_drift_all/strength_0p8/seed_42/splits/cifar10_split_seed42_clients5_alpha0p3_ref500.json,0.8,drift,8,conv3,3,3,1.0,0.9996612668037415,500
cka_feddst,cifar10,0.8,42,results/logs/cka_strength_sweep/cifar10_drift_all/strength_0p8/seed_42/splits/cifar10_split_seed42_clients5_alpha0p3_ref500.json,0.8,drift,8,conv3,3,4,0.9998396039009094,0.9996612668037415,500
cka_feddst,cifar10,0.8,42,results/logs/cka_strength_sweep/cifar10_drift_all/strength_0p8/seed_42/splits/cifar10_split_seed42_clients5_alpha0p3_ref500.json,0.8,drift,8,conv3,4,0,0.99993497133255,0.9996612668037415,500
cka_feddst,cifar10,0.8,42,results/logs/cka_strength_sweep/cifar10_drift_all/strength_0p8/seed_42/splits/cifar10_split_seed42_clients5_alpha0p3_ref500.json,0.8,drift,8,conv3,4,1,0.9996691346168518,0.9996612668037415,500
cka_feddst,cifar10,0.8,42,results/logs/cka_strength_sweep/cifar10_drift_all/strength_0p8/seed_42/splits/cifar10_split_seed42_clients5_alpha0p3_ref500.json,0.8,drift,8,conv3,4,2,0.9996238350868225,0.9996612668037415,500
cka_feddst,cifar10,0.8,42,results/logs/cka_strength_sweep/cifar10_drift_all/strength_0p8/seed_42/splits/cifar10_split_seed42_clients5_alpha0p3_ref500.json,0.8,drift,8,conv3,4,3,0.9998396039009094,0.9996612668037415,500
cka_feddst,cifar10,0.8,42,results/logs/cka_strength_sweep/cifar10_drift_all/strength_0p8/seed_42/splits/cifar10_split_seed42_clients5_alpha0p3_ref500.json,0.8,drift,8,conv3,4,4,1.0,0.9996612668037415,500
cka_feddst,cifar10,0.8,42,results/logs/cka_strength_sweep/cifar10_drift_all/strength_0p8/seed_42/splits/cifar10_split_seed42_clients5_alpha0p3_ref500.json,0.8,drift,8,fc1,0,0,1.0,0.9916568994522095,500
cka_feddst,cifar10,0.8,42,results/logs/cka_strength_sweep/cifar10_drift_all/strength_0p8/seed_42/splits/cifar10_split_seed42_clients5_alpha0p3_ref500.json,0.8,drift,8,fc1,0,1,0.9847471117973328,0.9916568994522095,500
cka_feddst,cifar10,0.8,42,results/logs/cka_strength_sweep/cifar10_drift_all/strength_0p8/seed_42/splits/cifar10_split_seed42_clients5_alpha0p3_ref500.json,0.8,drift,8,fc1,0,2,0.9850001931190491,0.9916568994522095,500
cka_feddst,cifar10,0.8,42,results/logs/cka_strength_sweep/cifar10_drift_all/strength_0p8/seed_42/splits/cifar10_split_seed42_clients5_alpha0p3_ref500.json,0.8,drift,8,fc1,0,3,0.9869418740272522,0.9916568994522095,500
cka_feddst,cifar10,0.8,42,results/logs/cka_strength_sweep/cifar10_drift_all/strength_0p8/seed_42/splits/cifar10_split_seed42_clients5_alpha0p3_ref500.json,0.8,drift,8,fc1,0,4,0.9828331470489502,0.9916568994522095,500
cka_feddst,cifar10,0.8,42,results/logs/cka_strength_sweep/cifar10_drift_all/strength_0p8/seed_42/splits/cifar10_split_seed42_clients5_alpha0p3_ref500.json,0.8,drift,8,fc1,1,0,0.9847471117973328,0.9916568994522095,500
cka_feddst,cifar10,0.8,42,results/logs/cka_strength_sweep/cifar10_drift_all/strength_0p8/seed_42/splits/cifar10_split_seed42_clients5_alpha0p3_ref500.json,0.8,drift,8,fc1,1,1,1.0,0.9916568994522095,500
cka_feddst,cifar10,0.8,42,results/logs/cka_strength_sweep/cifar10_drift_all/strength_0p8/seed_42/splits/cifar10_split_seed42_clients5_alpha0p3_ref500.json,0.8,drift,8,fc1,1,2,0.9944363236427307,0.9916568994522095,500
cka_feddst,cifar10,0.8,42,results/logs/cka_strength_sweep/cifar10_drift_all/strength_0p8/seed_42/splits/cifar10_split_seed42_clients5_alpha0p3_ref500.json,0.8,drift,8,fc1,1,3,0.9928067922592163,0.9916568994522095,500
cka_feddst,cifar10,0.8,42,results/logs/cka_strength_sweep/cifar10_drift_all/strength_0p8/seed_42/splits/cifar10_split_seed42_clients5_alpha0p3_ref500.json,0.8,drift,8,fc1,1,4,0.995518147945404,0.9916568994522095,500
cka_feddst,cifar10,0.8,42,results/logs/cka_strength_sweep/cifar10_drift_all/strength_0p8/seed_42/splits/cifar10_split_seed42_clients5_alpha0p3_ref500.json,0.8,drift,8,fc1,2,0,0.9850001931190491,0.9916568994522095,500
cka_feddst,cifar10,0.8,42,results/logs/cka_strength_sweep/cifar10_drift_all/strength_0p8/seed_42/splits/cifar10_split_seed42_clients5_alpha0p3_ref500.json,0.8,drift,8,fc1,2,1,0.9944363236427307,0.9916568994522095,500
cka_feddst,cifar10,0.8,42,results/logs/cka_strength_sweep/cifar10_drift_all/strength_0p8/seed_42/splits/cifar10_split_seed42_clients5_alpha0p3_ref500.json,0.8,drift,8,fc1,2,2,1.0,0.9916568994522095,500
cka_feddst,cifar10,0.8,42,results/logs/cka_strength_sweep/cifar10_drift_all/strength_0p8/seed_42/splits/cifar10_split_seed42_clients5_alpha0p3_ref500.json,0.8,drift,8,fc1,2,3,0.9978234767913818,0.9916568994522095,500
cka_feddst,cifar10,0.8,42,results/logs/cka_strength_sweep/cifar10_drift_all/strength_0p8/seed_42/splits/cifar10_split_seed42_clients5_alpha0p3_ref500.json,0.8,drift,8,fc1,2,4,0.9987529516220093,0.9916568994522095,500
cka_feddst,cifar10,0.8,42,results/logs/cka_strength_sweep/cifar10_drift_all/strength_0p8/seed_42/splits/cifar10_split_seed42_clients5_alpha0p3_ref500.json,0.8,drift,8,fc1,3,0,0.9869418740272522,0.9916568994522095,500
cka_feddst,cifar10,0.8,42,results/logs/cka_strength_sweep/cifar10_drift_all/strength_0p8/seed_42/splits/cifar10_split_seed42_clients5_alpha0p3_ref500.json,0.8,drift,8,fc1,3,1,0.9928067922592163,0.9916568994522095,500
cka_feddst,cifar10,0.8,42,results/logs/cka_strength_sweep/cifar10_drift_all/strength_0p8/seed_42/splits/cifar10_split_seed42_clients5_alpha0p3_ref500.json,0.8,drift,8,fc1,3,2,0.9978234767913818,0.9916568994522095,500
cka_feddst,cifar10,0.8,42,results/logs/cka_strength_sweep/cifar10_drift_all/strength_0p8/seed_42/splits/cifar10_split_seed42_clients5_alpha0p3_ref500.json,0.8,drift,8,fc1,3,3,1.0,0.9916568994522095,500
cka_feddst,cifar10,0.8,42,results/logs/cka_strength_sweep/cifar10_drift_all/strength_0p8/seed_42/splits/cifar10_split_seed42_clients5_alpha0p3_ref500.json,0.8,drift,8,fc1,3,4,0.9977086186408997,0.9916568994522095,500
cka_feddst,cifar10,0.8,42,results/logs/cka_strength_sweep/cifar10_drift_all/strength_0p8/seed_42/splits/cifar10_split_seed42_clients5_alpha0p3_ref500.json,0.8,drift,8,fc1,4,0,0.9828331470489502,0.9916568994522095,500
cka_feddst,cifar10,0.8,42,results/logs/cka_strength_sweep/cifar10_drift_all/strength_0p8/seed_42/splits/cifar10_split_seed42_clients5_alpha0p3_ref500.json,0.8,drift,8,fc1,4,1,0.995518147945404,0.9916568994522095,500
cka_feddst,cifar10,0.8,42,results/logs/cka_strength_sweep/cifar10_drift_all/strength_0p8/seed_42/splits/cifar10_split_seed42_clients5_alpha0p3_ref500.json,0.8,drift,8,fc1,4,2,0.9987529516220093,0.9916568994522095,500
cka_feddst,cifar10,0.8,42,results/logs/cka_strength_sweep/cifar10_drift_all/strength_0p8/seed_42/splits/cifar10_split_seed42_clients5_alpha0p3_ref500.json,0.8,drift,8,fc1,4,3,0.9977086186408997,0.9916568994522095,500
cka_feddst,cifar10,0.8,42,results/logs/cka_strength_sweep/cifar10_drift_all/strength_0p8/seed_42/splits/cifar10_split_seed42_clients5_alpha0p3_ref500.json,0.8,drift,8,fc1,4,4,1.0,0.9916568994522095,500
cka_feddst,cifar10,0.8,42,results/logs/cka_strength_sweep/cifar10_drift_all/strength_0p8/seed_42/splits/cifar10_split_seed42_clients5_alpha0p3_ref500.json,0.8,drift,10,conv1,0,0,1.0,0.999894917011261,500
cka_feddst,cifar10,0.8,42,results/logs/cka_strength_sweep/cifar10_drift_all/strength_0p8/seed_42/splits/cifar10_split_seed42_clients5_alpha0p3_ref500.json,0.8,drift,10,conv1,0,1,0.9999707341194153,0.999894917011261,500
cka_feddst,cifar10,0.8,42,results/logs/cka_strength_sweep/cifar10_drift_all/strength_0p8/seed_42/splits/cifar10_split_seed42_clients5_alpha0p3_ref500.json,0.8,drift,10,conv1,0,2,0.9999608993530273,0.999894917011261,500
cka_feddst,cifar10,0.8,42,results/logs/cka_strength_sweep/cifar10_drift_all/strength_0p8/seed_42/splits/cifar10_split_seed42_clients5_alpha0p3_ref500.json,0.8,drift,10,conv1,0,3,0.9999064803123474,0.999894917011261,500
cka_feddst,cifar10,0.8,42,results/logs/cka_strength_sweep/cifar10_drift_all/strength_0p8/seed_42/splits/cifar10_split_seed42_clients5_alpha0p3_ref500.json,0.8,drift,10,conv1,0,4,0.9999492168426514,0.999894917011261,500
cka_feddst,cifar10,0.8,42,results/logs/cka_strength_sweep/cifar10_drift_all/strength_0p8/seed_42/splits/cifar10_split_seed42_clients5_alpha0p3_ref500.json,0.8,drift,10,conv1,1,0,0.9999707341194153,0.999894917011261,500
cka_feddst,cifar10,0.8,42,results/logs/cka_strength_sweep/cifar10_drift_all/strength_0p8/seed_42/splits/cifar10_split_seed42_clients5_alpha0p3_ref500.json,0.8,drift,10,conv1,1,1,1.0,0.999894917011261,500
cka_feddst,cifar10,0.8,42,results/logs/cka_strength_sweep/cifar10_drift_all/strength_0p8/seed_42/splits/cifar10_split_seed42_clients5_alpha0p3_ref500.json,0.8,drift,10,conv1,1,2,1.0,0.999894917011261,500
cka_feddst,cifar10,0.8,42,results/logs/cka_strength_sweep/cifar10_drift_all/strength_0p8/seed_42/splits/cifar10_split_seed42_clients5_alpha0p3_ref500.json,0.8,drift,10,conv1,1,3,0.9997682571411133,0.999894917011261,500
cka_feddst,cifar10,0.8,42,results/logs/cka_strength_sweep/cifar10_drift_all/strength_0p8/seed_42/splits/cifar10_split_seed42_clients5_alpha0p3_ref500.json,0.8,drift,10,conv1,1,4,0.9998320937156677,0.999894917011261,500
cka_feddst,cifar10,0.8,42,results/logs/cka_strength_sweep/cifar10_drift_all/strength_0p8/seed_42/splits/cifar10_split_seed42_clients5_alpha0p3_ref500.json,0.8,drift,10,conv1,2,0,0.9999608993530273,0.999894917011261,500
cka_feddst,cifar10,0.8,42,results/logs/cka_strength_sweep/cifar10_drift_all/strength_0p8/seed_42/splits/cifar10_split_seed42_clients5_alpha0p3_ref500.json,0.8,drift,10,conv1,2,1,1.0,0.999894917011261,500
cka_feddst,cifar10,0.8,42,results/logs/cka_strength_sweep/cifar10_drift_all/strength_0p8/seed_42/splits/cifar10_split_seed42_clients5_alpha0p3_ref500.json,0.8,drift,10,conv1,2,2,1.0,0.999894917011261,500
cka_feddst,cifar10,0.8,42,results/logs/cka_strength_sweep/cifar10_drift_all/strength_0p8/seed_42/splits/cifar10_split_seed42_clients5_alpha0p3_ref500.json,0.8,drift,10,conv1,2,3,0.9997566342353821,0.999894917011261,500
cka_feddst,cifar10,0.8,42,results/logs/cka_strength_sweep/cifar10_drift_all/strength_0p8/seed_42/splits/cifar10_split_seed42_clients5_alpha0p3_ref500.json,0.8,drift,10,conv1,2,4,0.9998140335083008,0.999894917011261,500
cka_feddst,cifar10,0.8,42,results/logs/cka_strength_sweep/cifar10_drift_all/strength_0p8/seed_42/splits/cifar10_split_seed42_clients5_alpha0p3_ref500.json,0.8,drift,10,conv1,3,0,0.9999064803123474,0.999894917011261,500
cka_feddst,cifar10,0.8,42,results/logs/cka_strength_sweep/cifar10_drift_all/strength_0p8/seed_42/splits/cifar10_split_seed42_clients5_alpha0p3_ref500.json,0.8,drift,10,conv1,3,1,0.9997682571411133,0.999894917011261,500
cka_feddst,cifar10,0.8,42,results/logs/cka_strength_sweep/cifar10_drift_all/strength_0p8/seed_42/splits/cifar10_split_seed42_clients5_alpha0p3_ref500.json,0.8,drift,10,conv1,3,2,0.9997566342353821,0.999894917011261,500
cka_feddst,cifar10,0.8,42,results/logs/cka_strength_sweep/cifar10_drift_all/strength_0p8/seed_42/splits/cifar10_split_seed42_clients5_alpha0p3_ref500.json,0.8,drift,10,conv1,3,3,1.0,0.999894917011261,500
cka_feddst,cifar10,0.8,42,results/logs/cka_strength_sweep/cifar10_drift_all/strength_0p8/seed_42/splits/cifar10_split_seed42_clients5_alpha0p3_ref500.json,0.8,drift,10,conv1,3,4,0.9999905228614807,0.999894917011261,500
cka_feddst,cifar10,0.8,42,results/logs/cka_strength_sweep/cifar10_drift_all/strength_0p8/seed_42/splits/cifar10_split_seed42_clients5_alpha0p3_ref500.json,0.8,drift,10,conv1,4,0,0.9999492168426514,0.999894917011261,500
cka_feddst,cifar10,0.8,42,results/logs/cka_strength_sweep/cifar10_drift_all/strength_0p8/seed_42/splits/cifar10_split_seed42_clients5_alpha0p3_ref500.json,0.8,drift,10,conv1,4,1,0.9998320937156677,0.999894917011261,500
cka_feddst,cifar10,0.8,42,results/logs/cka_strength_sweep/cifar10_drift_all/strength_0p8/seed_42/splits/cifar10_split_seed42_clients5_alpha0p3_ref500.json,0.8,drift,10,conv1,4,2,0.9998140335083008,0.999894917011261,500
cka_feddst,cifar10,0.8,42,results/logs/cka_strength_sweep/cifar10_drift_all/strength_0p8/seed_42/splits/cifar10_split_seed42_clients5_alpha0p3_ref500.json,0.8,drift,10,conv1,4,3,0.9999905228614807,0.999894917011261,500
cka_feddst,cifar10,0.8,42,results/logs/cka_strength_sweep/cifar10_drift_all/strength_0p8/seed_42/splits/cifar10_split_seed42_clients5_alpha0p3_ref500.json,0.8,drift,10,conv1,4,4,1.0,0.999894917011261,500
cka_feddst,cifar10,0.8,42,results/logs/cka_strength_sweep/cifar10_drift_all/strength_0p8/seed_42/splits/cifar10_split_seed42_clients5_alpha0p3_ref500.json,0.8,drift,10,conv2,0,0,1.0,0.9996464848518372,500
cka_feddst,cifar10,0.8,42,results/logs/cka_strength_sweep/cifar10_drift_all/strength_0p8/seed_42/splits/cifar10_split_seed42_clients5_alpha0p3_ref500.json,0.8,drift,10,conv2,0,1,0.9998862743377686,0.9996464848518372,500
cka_feddst,cifar10,0.8,42,results/logs/cka_strength_sweep/cifar10_drift_all/strength_0p8/seed_42/splits/cifar10_split_seed42_clients5_alpha0p3_ref500.json,0.8,drift,10,conv2,0,2,0.999896228313446,0.9996464848518372,500
cka_feddst,cifar10,0.8,42,results/logs/cka_strength_sweep/cifar10_drift_all/strength_0p8/seed_42/splits/cifar10_split_seed42_clients5_alpha0p3_ref500.json,0.8,drift,10,conv2,0,3,0.9996012449264526,0.9996464848518372,500
cka_feddst,cifar10,0.8,42,results/logs/cka_strength_sweep/cifar10_drift_all/strength_0p8/seed_42/splits/cifar10_split_seed42_clients5_alpha0p3_ref500.json,0.8,drift,10,conv2,0,4,0.999880850315094,0.9996464848518372,500
cka_feddst,cifar10,0.8,42,results/logs/cka_strength_sweep/cifar10_drift_all/strength_0p8/seed_42/splits/cifar10_split_seed42_clients5_alpha0p3_ref500.json,0.8,drift,10,conv2,1,0,0.9998862743377686,0.9996464848518372,500
cka_feddst,cifar10,0.8,42,results/logs/cka_strength_sweep/cifar10_drift_all/strength_0p8/seed_42/splits/cifar10_split_seed42_clients5_alpha0p3_ref500.json,0.8,drift,10,conv2,1,1,1.0,0.9996464848518372,500
cka_feddst,cifar10,0.8,42,results/logs/cka_strength_sweep/cifar10_drift_all/strength_0p8/seed_42/splits/cifar10_split_seed42_clients5_alpha0p3_ref500.json,0.8,drift,10,conv2,1,2,0.9999954104423523,0.9996464848518372,500
cka_feddst,cifar10,0.8,42,results/logs/cka_strength_sweep/cifar10_drift_all/strength_0p8/seed_42/splits/cifar10_split_seed42_clients5_alpha0p3_ref500.json,0.8,drift,10,conv2,1,3,0.9990752339363098,0.9996464848518372,500
cka_feddst,cifar10,0.8,42,results/logs/cka_strength_sweep/cifar10_drift_all/strength_0p8/seed_42/splits/cifar10_split_seed42_clients5_alpha0p3_ref500.json,0.8,drift,10,conv2,1,4,0.9995281100273132,0.9996464848518372,500
cka_feddst,cifar10,0.8,42,results/logs/cka_strength_sweep/cifar10_drift_all/strength_0p8/seed_42/splits/cifar10_split_seed42_clients5_alpha0p3_ref500.json,0.8,drift,10,conv2,2,0,0.999896228313446,0.9996464848518372,500
cka_feddst,cifar10,0.8,42,results/logs/cka_strength_sweep/cifar10_drift_all/strength_0p8/seed_42/splits/cifar10_split_seed42_clients5_alpha0p3_ref500.json,0.8,drift,10,conv2,2,1,0.9999954104423523,0.9996464848518372,500
cka_feddst,cifar10,0.8,42,results/logs/cka_strength_sweep/cifar10_drift_all/strength_0p8/seed_42/splits/cifar10_split_seed42_clients5_alpha0p3_ref500.json,0.8,drift,10,conv2,2,2,1.0,0.9996464848518372,500
cka_feddst,cifar10,0.8,42,results/logs/cka_strength_sweep/cifar10_drift_all/strength_0p8/seed_42/splits/cifar10_split_seed42_clients5_alpha0p3_ref500.json,0.8,drift,10,conv2,2,3,0.9991417527198792,0.9996464848518372,500
cka_feddst,cifar10,0.8,42,results/logs/cka_strength_sweep/cifar10_drift_all/strength_0p8/seed_42/splits/cifar10_split_seed42_clients5_alpha0p3_ref500.json,0.8,drift,10,conv2,2,4,0.9995533227920532,0.9996464848518372,500
cka_feddst,cifar10,0.8,42,results/logs/cka_strength_sweep/cifar10_drift_all/strength_0p8/seed_42/splits/cifar10_split_seed42_clients5_alpha0p3_ref500.json,0.8,drift,10,conv2,3,0,0.9996012449264526,0.9996464848518372,500
cka_feddst,cifar10,0.8,42,results/logs/cka_strength_sweep/cifar10_drift_all/strength_0p8/seed_42/splits/cifar10_split_seed42_clients5_alpha0p3_ref500.json,0.8,drift,10,conv2,3,1,0.9990752339363098,0.9996464848518372,500
cka_feddst,cifar10,0.8,42,results/logs/cka_strength_sweep/cifar10_drift_all/strength_0p8/seed_42/splits/cifar10_split_seed42_clients5_alpha0p3_ref500.json,0.8,drift,10,conv2,3,2,0.9991417527198792,0.9996464848518372,500
cka_feddst,cifar10,0.8,42,results/logs/cka_strength_sweep/cifar10_drift_all/strength_0p8/seed_42/splits/cifar10_split_seed42_clients5_alpha0p3_ref500.json,0.8,drift,10,conv2,3,3,1.0,0.9996464848518372,500
cka_feddst,cifar10,0.8,42,results/logs/cka_strength_sweep/cifar10_drift_all/strength_0p8/seed_42/splits/cifar10_split_seed42_clients5_alpha0p3_ref500.json,0.8,drift,10,conv2,3,4,0.9999059438705444,0.9996464848518372,500
cka_feddst,cifar10,0.8,42,results/logs/cka_strength_sweep/cifar10_drift_all/strength_0p8/seed_42/splits/cifar10_split_seed42_clients5_alpha0p3_ref500.json,0.8,drift,10,conv2,4,0,0.999880850315094,0.9996464848518372,500
cka_feddst,cifar10,0.8,42,results/logs/cka_strength_sweep/cifar10_drift_all/strength_0p8/seed_42/splits/cifar10_split_seed42_clients5_alpha0p3_ref500.json,0.8,drift,10,conv2,4,1,0.9995281100273132,0.9996464848518372,500
cka_feddst,cifar10,0.8,42,results/logs/cka_strength_sweep/cifar10_drift_all/strength_0p8/seed_42/splits/cifar10_split_seed42_clients5_alpha0p3_ref500.json,0.8,drift,10,conv2,4,2,0.9995533227920532,0.9996464848518372,500
cka_feddst,cifar10,0.8,42,results/logs/cka_strength_sweep/cifar10_drift_all/strength_0p8/seed_42/splits/cifar10_split_seed42_clients5_alpha0p3_ref500.json,0.8,drift,10,conv2,4,3,0.9999059438705444,0.9996464848518372,500
cka_feddst,cifar10,0.8,42,results/logs/cka_strength_sweep/cifar10_drift_all/strength_0p8/seed_42/splits/cifar10_split_seed42_clients5_alpha0p3_ref500.json,0.8,drift,10,conv2,4,4,1.0,0.9996464848518372,500
cka_feddst,cifar10,0.8,42,results/logs/cka_strength_sweep/cifar10_drift_all/strength_0p8/seed_42/splits/cifar10_split_seed42_clients5_alpha0p3_ref500.json,0.8,drift,10,conv3,0,0,1.0,0.9996035695075989,500
cka_feddst,cifar10,0.8,42,results/logs/cka_strength_sweep/cifar10_drift_all/strength_0p8/seed_42/splits/cifar10_split_seed42_clients5_alpha0p3_ref500.json,0.8,drift,10,conv3,0,1,0.9998694062232971,0.9996035695075989,500
cka_feddst,cifar10,0.8,42,results/logs/cka_strength_sweep/cifar10_drift_all/strength_0p8/seed_42/splits/cifar10_split_seed42_clients5_alpha0p3_ref500.json,0.8,drift,10,conv3,0,2,0.9998877048492432,0.9996035695075989,500
cka_feddst,cifar10,0.8,42,results/logs/cka_strength_sweep/cifar10_drift_all/strength_0p8/seed_42/splits/cifar10_split_seed42_clients5_alpha0p3_ref500.json,0.8,drift,10,conv3,0,3,0.9995613694190979,0.9996035695075989,500
cka_feddst,cifar10,0.8,42,results/logs/cka_strength_sweep/cifar10_drift_all/strength_0p8/seed_42/splits/cifar10_split_seed42_clients5_alpha0p3_ref500.json,0.8,drift,10,conv3,0,4,0.999855101108551,0.9996035695075989,500
cka_feddst,cifar10,0.8,42,results/logs/cka_strength_sweep/cifar10_drift_all/strength_0p8/seed_42/splits/cifar10_split_seed42_clients5_alpha0p3_ref500.json,0.8,drift,10,conv3,1,0,0.9998694062232971,0.9996035695075989,500
cka_feddst,cifar10,0.8,42,results/logs/cka_strength_sweep/cifar10_drift_all/strength_0p8/seed_42/splits/cifar10_split_seed42_clients5_alpha0p3_ref500.json,0.8,drift,10,conv3,1,1,1.0,0.9996035695075989,500
cka_feddst,cifar10,0.8,42,results/logs/cka_strength_sweep/cifar10_drift_all/strength_0p8/seed_42/splits/cifar10_split_seed42_clients5_alpha0p3_ref500.json,0.8,drift,10,conv3,1,2,0.9999846816062927,0.9996035695075989,500
cka_feddst,cifar10,0.8,42,results/logs/cka_strength_sweep/cifar10_drift_all/strength_0p8/seed_42/splits/cifar10_split_seed42_clients5_alpha0p3_ref500.json,0.8,drift,10,conv3,1,3,0.9989693760871887,0.9996035695075989,500
cka_feddst,cifar10,0.8,42,results/logs/cka_strength_sweep/cifar10_drift_all/strength_0p8/seed_42/splits/cifar10_split_seed42_clients5_alpha0p3_ref500.json,0.8,drift,10,conv3,1,4,0.9994994401931763,0.9996035695075989,500
cka_feddst,cifar10,0.8,42,results/logs/cka_strength_sweep/cifar10_drift_all/strength_0p8/seed_42/splits/cifar10_split_seed42_clients5_alpha0p3_ref500.json,0.8,drift,10,conv3,2,0,0.9998877048492432,0.9996035695075989,500
cka_feddst,cifar10,0.8,42,results/logs/cka_strength_sweep/cifar10_drift_all/strength_0p8/seed_42/splits/cifar10_split_seed42_clients5_alpha0p3_ref500.json,0.8,drift,10,conv3,2,1,0.9999846816062927,0.9996035695075989,500
cka_feddst,cifar10,0.8,42,results/logs/cka_strength_sweep/cifar10_drift_all/strength_0p8/seed_42/splits/cifar10_split_seed42_clients5_alpha0p3_ref500.json,0.8,drift,10,conv3,2,2,1.0,0.9996035695075989,500
cka_feddst,cifar10,0.8,42,results/logs/cka_strength_sweep/cifar10_drift_all/strength_0p8/seed_42/splits/cifar10_split_seed42_clients5_alpha0p3_ref500.json,0.8,drift,10,conv3,2,3,0.9990624785423279,0.9996035695075989,500
cka_feddst,cifar10,0.8,42,results/logs/cka_strength_sweep/cifar10_drift_all/strength_0p8/seed_42/splits/cifar10_split_seed42_clients5_alpha0p3_ref500.json,0.8,drift,10,conv3,2,4,0.9995030164718628,0.9996035695075989,500
cka_feddst,cifar10,0.8,42,results/logs/cka_strength_sweep/cifar10_drift_all/strength_0p8/seed_42/splits/cifar10_split_seed42_clients5_alpha0p3_ref500.json,0.8,drift,10,conv3,3,0,0.9995613694190979,0.9996035695075989,500
cka_feddst,cifar10,0.8,42,results/logs/cka_strength_sweep/cifar10_drift_all/strength_0p8/seed_42/splits/cifar10_split_seed42_clients5_alpha0p3_ref500.json,0.8,drift,10,conv3,3,1,0.9989693760871887,0.9996035695075989,500
cka_feddst,cifar10,0.8,42,results/logs/cka_strength_sweep/cifar10_drift_all/strength_0p8/seed_42/splits/cifar10_split_seed42_clients5_alpha0p3_ref500.json,0.8,drift,10,conv3,3,2,0.9990624785423279,0.9996035695075989,500
cka_feddst,cifar10,0.8,42,results/logs/cka_strength_sweep/cifar10_drift_all/strength_0p8/seed_42/splits/cifar10_split_seed42_clients5_alpha0p3_ref500.json,0.8,drift,10,conv3,3,3,1.0,0.9996035695075989,500
cka_feddst,cifar10,0.8,42,results/logs/cka_strength_sweep/cifar10_drift_all/strength_0p8/seed_42/splits/cifar10_split_seed42_clients5_alpha0p3_ref500.json,0.8,drift,10,conv3,3,4,0.9998429417610168,0.9996035695075989,500
cka_feddst,cifar10,0.8,42,results/logs/cka_strength_sweep/cifar10_drift_all/strength_0p8/seed_42/splits/cifar10_split_seed42_clients5_alpha0p3_ref500.json,0.8,drift,10,conv3,4,0,0.999855101108551,0.9996035695075989,500
cka_feddst,cifar10,0.8,42,results/logs/cka_strength_sweep/cifar10_drift_all/strength_0p8/seed_42/splits/cifar10_split_seed42_clients5_alpha0p3_ref500.json,0.8,drift,10,conv3,4,1,0.9994994401931763,0.9996035695075989,500
cka_feddst,cifar10,0.8,42,results/logs/cka_strength_sweep/cifar10_drift_all/strength_0p8/seed_42/splits/cifar10_split_seed42_clients5_alpha0p3_ref500.json,0.8,drift,10,conv3,4,2,0.9995030164718628,0.9996035695075989,500
cka_feddst,cifar10,0.8,42,results/logs/cka_strength_sweep/cifar10_drift_all/strength_0p8/seed_42/splits/cifar10_split_seed42_clients5_alpha0p3_ref500.json,0.8,drift,10,conv3,4,3,0.9998429417610168,0.9996035695075989,500
cka_feddst,cifar10,0.8,42,results/logs/cka_strength_sweep/cifar10_drift_all/strength_0p8/seed_42/splits/cifar10_split_seed42_clients5_alpha0p3_ref500.json,0.8,drift,10,conv3,4,4,1.0,0.9996035695075989,500
cka_feddst,cifar10,0.8,42,results/logs/cka_strength_sweep/cifar10_drift_all/strength_0p8/seed_42/splits/cifar10_split_seed42_clients5_alpha0p3_ref500.json,0.8,drift,10,fc1,0,0,1.0,0.9860386848449707,500
cka_feddst,cifar10,0.8,42,results/logs/cka_strength_sweep/cifar10_drift_all/strength_0p8/seed_42/splits/cifar10_split_seed42_clients5_alpha0p3_ref500.json,0.8,drift,10,fc1,0,1,0.965894341468811,0.9860386848449707,500
cka_feddst,cifar10,0.8,42,results/logs/cka_strength_sweep/cifar10_drift_all/strength_0p8/seed_42/splits/cifar10_split_seed42_clients5_alpha0p3_ref500.json,0.8,drift,10,fc1,0,2,0.9728707075119019,0.9860386848449707,500
cka_feddst,cifar10,0.8,42,results/logs/cka_strength_sweep/cifar10_drift_all/strength_0p8/seed_42/splits/cifar10_split_seed42_clients5_alpha0p3_ref500.json,0.8,drift,10,fc1,0,3,0.9853122234344482,0.9860386848449707,500
cka_feddst,cifar10,0.8,42,results/logs/cka_strength_sweep/cifar10_drift_all/strength_0p8/seed_42/splits/cifar10_split_seed42_clients5_alpha0p3_ref500.json,0.8,drift,10,fc1,0,4,0.9735324382781982,0.9860386848449707,500
cka_feddst,cifar10,0.8,42,results/logs/cka_strength_sweep/cifar10_drift_all/strength_0p8/seed_42/splits/cifar10_split_seed42_clients5_alpha0p3_ref500.json,0.8,drift,10,fc1,1,0,0.965894341468811,0.9860386848449707,500
cka_feddst,cifar10,0.8,42,results/logs/cka_strength_sweep/cifar10_drift_all/strength_0p8/seed_42/splits/cifar10_split_seed42_clients5_alpha0p3_ref500.json,0.8,drift,10,fc1,1,1,1.0,0.9860386848449707,500
cka_feddst,cifar10,0.8,42,results/logs/cka_strength_sweep/cifar10_drift_all/strength_0p8/seed_42/splits/cifar10_split_seed42_clients5_alpha0p3_ref500.json,0.8,drift,10,fc1,1,2,0.9935091137886047,0.9860386848449707,500
cka_feddst,cifar10,0.8,42,results/logs/cka_strength_sweep/cifar10_drift_all/strength_0p8/seed_42/splits/cifar10_split_seed42_clients5_alpha0p3_ref500.json,0.8,drift,10,fc1,1,3,0.9881286025047302,0.9860386848449707,500
cka_feddst,cifar10,0.8,42,results/logs/cka_strength_sweep/cifar10_drift_all/strength_0p8/seed_42/splits/cifar10_split_seed42_clients5_alpha0p3_ref500.json,0.8,drift,10,fc1,1,4,0.993677020072937,0.9860386848449707,500
cka_feddst,cifar10,0.8,42,results/logs/cka_strength_sweep/cifar10_drift_all/strength_0p8/seed_42/splits/cifar10_split_seed42_clients5_alpha0p3_ref500.json,0.8,drift,10,fc1,2,0,0.9728707075119019,0.9860386848449707,500
cka_feddst,cifar10,0.8,42,results/logs/cka_strength_sweep/cifar10_drift_all/strength_0p8/seed_42/splits/cifar10_split_seed42_clients5_alpha0p3_ref500.json,0.8,drift,10,fc1,2,1,0.9935091137886047,0.9860386848449707,500
cka_feddst,cifar10,0.8,42,results/logs/cka_strength_sweep/cifar10_drift_all/strength_0p8/seed_42/splits/cifar10_split_seed42_clients5_alpha0p3_ref500.json,0.8,drift,10,fc1,2,2,1.0,0.9860386848449707,500
cka_feddst,cifar10,0.8,42,results/logs/cka_strength_sweep/cifar10_drift_all/strength_0p8/seed_42/splits/cifar10_split_seed42_clients5_alpha0p3_ref500.json,0.8,drift,10,fc1,2,3,0.9947811961174011,0.9860386848449707,500
cka_feddst,cifar10,0.8,42,results/logs/cka_strength_sweep/cifar10_drift_all/strength_0p8/seed_42/splits/cifar10_split_seed42_clients5_alpha0p3_ref500.json,0.8,drift,10,fc1,2,4,0.9981947541236877,0.9860386848449707,500
cka_feddst,cifar10,0.8,42,results/logs/cka_strength_sweep/cifar10_drift_all/strength_0p8/seed_42/splits/cifar10_split_seed42_clients5_alpha0p3_ref500.json,0.8,drift,10,fc1,3,0,0.9853122234344482,0.9860386848449707,500
cka_feddst,cifar10,0.8,42,results/logs/cka_strength_sweep/cifar10_drift_all/strength_0p8/seed_42/splits/cifar10_split_seed42_clients5_alpha0p3_ref500.json,0.8,drift,10,fc1,3,1,0.9881286025047302,0.9860386848449707,500
cka_feddst,cifar10,0.8,42,results/logs/cka_strength_sweep/cifar10_drift_all/strength_0p8/seed_42/splits/cifar10_split_seed42_clients5_alpha0p3_ref500.json,0.8,drift,10,fc1,3,2,0.9947811961174011,0.9860386848449707,500
cka_feddst,cifar10,0.8,42,results/logs/cka_strength_sweep/cifar10_drift_all/strength_0p8/seed_42/splits/cifar10_split_seed42_clients5_alpha0p3_ref500.json,0.8,drift,10,fc1,3,3,1.0,0.9860386848449707,500
cka_feddst,cifar10,0.8,42,results/logs/cka_strength_sweep/cifar10_drift_all/strength_0p8/seed_42/splits/cifar10_split_seed42_clients5_alpha0p3_ref500.json,0.8,drift,10,fc1,3,4,0.9944857358932495,0.9860386848449707,500
cka_feddst,cifar10,0.8,42,results/logs/cka_strength_sweep/cifar10_drift_all/strength_0p8/seed_42/splits/cifar10_split_seed42_clients5_alpha0p3_ref500.json,0.8,drift,10,fc1,4,0,0.9735324382781982,0.9860386848449707,500
cka_feddst,cifar10,0.8,42,results/logs/cka_strength_sweep/cifar10_drift_all/strength_0p8/seed_42/splits/cifar10_split_seed42_clients5_alpha0p3_ref500.json,0.8,drift,10,fc1,4,1,0.993677020072937,0.9860386848449707,500
cka_feddst,cifar10,0.8,42,results/logs/cka_strength_sweep/cifar10_drift_all/strength_0p8/seed_42/splits/cifar10_split_seed42_clients5_alpha0p3_ref500.json,0.8,drift,10,fc1,4,2,0.9981947541236877,0.9860386848449707,500
cka_feddst,cifar10,0.8,42,results/logs/cka_strength_sweep/cifar10_drift_all/strength_0p8/seed_42/splits/cifar10_split_seed42_clients5_alpha0p3_ref500.json,0.8,drift,10,fc1,4,3,0.9944857358932495,0.9860386848449707,500
cka_feddst,cifar10,0.8,42,results/logs/cka_strength_sweep/cifar10_drift_all/strength_0p8/seed_42/splits/cifar10_split_seed42_clients5_alpha0p3_ref500.json,0.8,drift,10,fc1,4,4,1.0,0.9860386848449707,500
cka_feddst,cifar10,0.8,42,results/logs/cka_strength_sweep/cifar10_drift_all/strength_0p8/seed_42/splits/cifar10_split_seed42_clients5_alpha0p3_ref500.json,0.8,drift,12,conv1,0,0,1.0,0.9998607635498047,500
cka_feddst,cifar10,0.8,42,results/logs/cka_strength_sweep/cifar10_drift_all/strength_0p8/seed_42/splits/cifar10_split_seed42_clients5_alpha0p3_ref500.json,0.8,drift,12,conv1,0,1,0.999984085559845,0.9998607635498047,500
cka_feddst,cifar10,0.8,42,results/logs/cka_strength_sweep/cifar10_drift_all/strength_0p8/seed_42/splits/cifar10_split_seed42_clients5_alpha0p3_ref500.json,0.8,drift,12,conv1,0,2,0.9999794960021973,0.9998607635498047,500
cka_feddst,cifar10,0.8,42,results/logs/cka_strength_sweep/cifar10_drift_all/strength_0p8/seed_42/splits/cifar10_split_seed42_clients5_alpha0p3_ref500.json,0.8,drift,12,conv1,0,3,0.9997982382774353,0.9998607635498047,500
cka_feddst,cifar10,0.8,42,results/logs/cka_strength_sweep/cifar10_drift_all/strength_0p8/seed_42/splits/cifar10_split_seed42_clients5_alpha0p3_ref500.json,0.8,drift,12,conv1,0,4,0.9999330639839172,0.9998607635498047,500
cka_feddst,cifar10,0.8,42,results/logs/cka_strength_sweep/cifar10_drift_all/strength_0p8/seed_42/splits/cifar10_split_seed42_clients5_alpha0p3_ref500.json,0.8,drift,12,conv1,1,0,0.999984085559845,0.9998607635498047,500
cka_feddst,cifar10,0.8,42,results/logs/cka_strength_sweep/cifar10_drift_all/strength_0p8/seed_42/splits/cifar10_split_seed42_clients5_alpha0p3_ref500.json,0.8,drift,12,conv1,1,1,1.0,0.9998607635498047,500
cka_feddst,cifar10,0.8,42,results/logs/cka_strength_sweep/cifar10_drift_all/strength_0p8/seed_42/splits/cifar10_split_seed42_clients5_alpha0p3_ref500.json,0.8,drift,12,conv1,1,2,1.0,0.9998607635498047,500
cka_feddst,cifar10,0.8,42,results/logs/cka_strength_sweep/cifar10_drift_all/strength_0p8/seed_42/splits/cifar10_split_seed42_clients5_alpha0p3_ref500.json,0.8,drift,12,conv1,1,3,0.999650239944458,0.9998607635498047,500
cka_feddst,cifar10,0.8,42,results/logs/cka_strength_sweep/cifar10_drift_all/strength_0p8/seed_42/splits/cifar10_split_seed42_clients5_alpha0p3_ref500.json,0.8,drift,12,conv1,1,4,0.9998375773429871,0.9998607635498047,500
cka_feddst,cifar10,0.8,42,results/logs/cka_strength_sweep/cifar10_drift_all/strength_0p8/seed_42/splits/cifar10_split_seed42_clients5_alpha0p3_ref500.json,0.8,drift,12,conv1,2,0,0.9999794960021973,0.9998607635498047,500
cka_feddst,cifar10,0.8,42,results/logs/cka_strength_sweep/cifar10_drift_all/strength_0p8/seed_42/splits/cifar10_split_seed42_clients5_alpha0p3_ref500.json,0.8,drift,12,conv1,2,1,1.0,0.9998607635498047,500
cka_feddst,cifar10,0.8,42,results/logs/cka_strength_sweep/cifar10_drift_all/strength_0p8/seed_42/splits/cifar10_split_seed42_clients5_alpha0p3_ref500.json,0.8,drift,12,conv1,2,2,1.0,0.9998607635498047,500
cka_feddst,cifar10,0.8,42,results/logs/cka_strength_sweep/cifar10_drift_all/strength_0p8/seed_42/splits/cifar10_split_seed42_clients5_alpha0p3_ref500.json,0.8,drift,12,conv1,2,3,0.9996397495269775,0.9998607635498047,500
cka_feddst,cifar10,0.8,42,results/logs/cka_strength_sweep/cifar10_drift_all/strength_0p8/seed_42/splits/cifar10_split_seed42_clients5_alpha0p3_ref500.json,0.8,drift,12,conv1,2,4,0.9998249411582947,0.9998607635498047,500
cka_feddst,cifar10,0.8,42,results/logs/cka_strength_sweep/cifar10_drift_all/strength_0p8/seed_42/splits/cifar10_split_seed42_clients5_alpha0p3_ref500.json,0.8,drift,12,conv1,3,0,0.9997982382774353,0.9998607635498047,500
cka_feddst,cifar10,0.8,42,results/logs/cka_strength_sweep/cifar10_drift_all/strength_0p8/seed_42/splits/cifar10_split_seed42_clients5_alpha0p3_ref500.json,0.8,drift,12,conv1,3,1,0.999650239944458,0.9998607635498047,500
cka_feddst,cifar10,0.8,42,results/logs/cka_strength_sweep/cifar10_drift_all/strength_0p8/seed_42/splits/cifar10_split_seed42_clients5_alpha0p3_ref500.json,0.8,drift,12,conv1,3,2,0.9996397495269775,0.9998607635498047,500
cka_feddst,cifar10,0.8,42,results/logs/cka_strength_sweep/cifar10_drift_all/strength_0p8/seed_42/splits/cifar10_split_seed42_clients5_alpha0p3_ref500.json,0.8,drift,12,conv1,3,3,1.0,0.9998607635498047,500
cka_feddst,cifar10,0.8,42,results/logs/cka_strength_sweep/cifar10_drift_all/strength_0p8/seed_42/splits/cifar10_split_seed42_clients5_alpha0p3_ref500.json,0.8,drift,12,conv1,3,4,0.9999597072601318,0.9998607635498047,500
cka_feddst,cifar10,0.8,42,results/logs/cka_strength_sweep/cifar10_drift_all/strength_0p8/seed_42/splits/cifar10_split_seed42_clients5_alpha0p3_ref500.json,0.8,drift,12,conv1,4,0,0.9999330639839172,0.9998607635498047,500
cka_feddst,cifar10,0.8,42,results/logs/cka_strength_sweep/cifar10_drift_all/strength_0p8/seed_42/splits/cifar10_split_seed42_clients5_alpha0p3_ref500.json,0.8,drift,12,conv1,4,1,0.9998375773429871,0.9998607635498047,500
cka_feddst,cifar10,0.8,42,results/logs/cka_strength_sweep/cifar10_drift_all/strength_0p8/seed_42/splits/cifar10_split_seed42_clients5_alpha0p3_ref500.json,0.8,drift,12,conv1,4,2,0.9998249411582947,0.9998607635498047,500
cka_feddst,cifar10,0.8,42,results/logs/cka_strength_sweep/cifar10_drift_all/strength_0p8/seed_42/splits/cifar10_split_seed42_clients5_alpha0p3_ref500.json,0.8,drift,12,conv1,4,3,0.9999597072601318,0.9998607635498047,500
cka_feddst,cifar10,0.8,42,results/logs/cka_strength_sweep/cifar10_drift_all/strength_0p8/seed_42/splits/cifar10_split_seed42_clients5_alpha0p3_ref500.json,0.8,drift,12,conv1,4,4,1.0,0.9998607635498047,500
cka_feddst,cifar10,0.8,42,results/logs/cka_strength_sweep/cifar10_drift_all/strength_0p8/seed_42/splits/cifar10_split_seed42_clients5_alpha0p3_ref500.json,0.8,drift,12,conv2,0,0,1.0,0.999302089214325,500
cka_feddst,cifar10,0.8,42,results/logs/cka_strength_sweep/cifar10_drift_all/strength_0p8/seed_42/splits/cifar10_split_seed42_clients5_alpha0p3_ref500.json,0.8,drift,12,conv2,0,1,0.9998707175254822,0.999302089214325,500
cka_feddst,cifar10,0.8,42,results/logs/cka_strength_sweep/cifar10_drift_all/strength_0p8/seed_42/splits/cifar10_split_seed42_clients5_alpha0p3_ref500.json,0.8,drift,12,conv2,0,2,0.9998461604118347,0.999302089214325,500
cka_feddst,cifar10,0.8,42,results/logs/cka_strength_sweep/cifar10_drift_all/strength_0p8/seed_42/splits/cifar10_split_seed42_clients5_alpha0p3_ref500.json,0.8,drift,12,conv2,0,3,0.998948335647583,0.999302089214325,500
cka_feddst,cifar10,0.8,42,results/logs/cka_strength_sweep/cifar10_drift_all/strength_0p8/seed_42/splits/cifar10_split_seed42_clients5_alpha0p3_ref500.json,0.8,drift,12,conv2,0,4,0.9998520612716675,0.999302089214325,500
cka_feddst,cifar10,0.8,42,results/logs/cka_strength_sweep/cifar10_drift_all/strength_0p8/seed_42/splits/cifar10_split_seed42_clients5_alpha0p3_ref500.json,0.8,drift,12,conv2,1,0,0.9998707175254822,0.999302089214325,500
cka_feddst,cifar10,0.8,42,results/logs/cka_strength_sweep/cifar10_drift_all/strength_0p8/seed_42/splits/cifar10_split_seed42_clients5_alpha0p3_ref500.json,0.8,drift,12,conv2,1,1,1.0,0.999302089214325,500
cka_feddst,cifar10,0.8,42,results/logs/cka_strength_sweep/cifar10_drift_all/strength_0p8/seed_42/splits/cifar10_split_seed42_clients5_alpha0p3_ref500.json,0.8,drift,12,conv2,1,2,0.999994695186615,0.999302089214325,500
cka_feddst,cifar10,0.8,42,results/logs/cka_strength_sweep/cifar10_drift_all/strength_0p8/seed_42/splits/cifar10_split_seed42_clients5_alpha0p3_ref500.json,0.8,drift,12,conv2,1,3,0.9980824589729309,0.999302089214325,500
cka_feddst,cifar10,0.8,42,results/logs/cka_strength_sweep/cifar10_drift_all/strength_0p8/seed_42/splits/cifar10_split_seed42_clients5_alpha0p3_ref500.json,0.8,drift,12,conv2,1,4,0.9994482398033142,0.999302089214325,500
cka_feddst,cifar10,0.8,42,results/logs/cka_strength_sweep/cifar10_drift_all/strength_0p8/seed_42/splits/cifar10_split_seed42_clients5_alpha0p3_ref500.json,0.8,drift,12,conv2,2,0,0.9998461604118347,0.999302089214325,500
cka_feddst,cifar10,0.8,42,results/logs/cka_strength_sweep/cifar10_drift_all/strength_0p8/seed_42/splits/cifar10_split_seed42_clients5_alpha0p3_ref500.json,0.8,drift,12,conv2,2,1,0.999994695186615,0.999302089214325,500
cka_feddst,cifar10,0.8,42,results/logs/cka_strength_sweep/cifar10_drift_all/strength_0p8/seed_42/splits/cifar10_split_seed42_clients5_alpha0p3_ref500.json,0.8,drift,12,conv2,2,2,1.0,0.999302089214325,500
cka_feddst,cifar10,0.8,42,results/logs/cka_strength_sweep/cifar10_drift_all/strength_0p8/seed_42/splits/cifar10_split_seed42_clients5_alpha0p3_ref500.json,0.8,drift,12,conv2,2,3,0.9980208277702332,0.999302089214325,500
cka_feddst,cifar10,0.8,42,results/logs/cka_strength_sweep/cifar10_drift_all/strength_0p8/seed_42/splits/cifar10_split_seed42_clients5_alpha0p3_ref500.json,0.8,drift,12,conv2,2,4,0.9993905425071716,0.999302089214325,500
cka_feddst,cifar10,0.8,42,results/logs/cka_strength_sweep/cifar10_drift_all/strength_0p8/seed_42/splits/cifar10_split_seed42_clients5_alpha0p3_ref500.json,0.8,drift,12,conv2,3,0,0.998948335647583,0.999302089214325,500
cka_feddst,cifar10,0.8,42,results/logs/cka_strength_sweep/cifar10_drift_all/strength_0p8/seed_42/splits/cifar10_split_seed42_clients5_alpha0p3_ref500.json,0.8,drift,12,conv2,3,1,0.9980824589729309,0.999302089214325,500
cka_feddst,cifar10,0.8,42,results/logs/cka_strength_sweep/cifar10_drift_all/strength_0p8/seed_42/splits/cifar10_split_seed42_clients5_alpha0p3_ref500.json,0.8,drift,12,conv2,3,2,0.9980208277702332,0.999302089214325,500
cka_feddst,cifar10,0.8,42,results/logs/cka_strength_sweep/cifar10_drift_all/strength_0p8/seed_42/splits/cifar10_split_seed42_clients5_alpha0p3_ref500.json,0.8,drift,12,conv2,3,3,1.0,0.999302089214325,500
cka_feddst,cifar10,0.8,42,results/logs/cka_strength_sweep/cifar10_drift_all/strength_0p8/seed_42/splits/cifar10_split_seed42_clients5_alpha0p3_ref500.json,0.8,drift,12,conv2,3,4,0.9995663166046143,0.999302089214325,500
cka_feddst,cifar10,0.8,42,results/logs/cka_strength_sweep/cifar10_drift_all/strength_0p8/seed_42/splits/cifar10_split_seed42_clients5_alpha0p3_ref500.json,0.8,drift,12,conv2,4,0,0.9998520612716675,0.999302089214325,500
cka_feddst,cifar10,0.8,42,results/logs/cka_strength_sweep/cifar10_drift_all/strength_0p8/seed_42/splits/cifar10_split_seed42_clients5_alpha0p3_ref500.json,0.8,drift,12,conv2,4,1,0.9994482398033142,0.999302089214325,500
cka_feddst,cifar10,0.8,42,results/logs/cka_strength_sweep/cifar10_drift_all/strength_0p8/seed_42/splits/cifar10_split_seed42_clients5_alpha0p3_ref500.json,0.8,drift,12,conv2,4,2,0.9993905425071716,0.999302089214325,500
cka_feddst,cifar10,0.8,42,results/logs/cka_strength_sweep/cifar10_drift_all/strength_0p8/seed_42/splits/cifar10_split_seed42_clients5_alpha0p3_ref500.json,0.8,drift,12,conv2,4,3,0.9995663166046143,0.999302089214325,500
cka_feddst,cifar10,0.8,42,results/logs/cka_strength_sweep/cifar10_drift_all/strength_0p8/seed_42/splits/cifar10_split_seed42_clients5_alpha0p3_ref500.json,0.8,drift,12,conv2,4,4,1.0,0.999302089214325,500
cka_feddst,cifar10,0.8,42,results/logs/cka_strength_sweep/cifar10_drift_all/strength_0p8/seed_42/splits/cifar10_split_seed42_clients5_alpha0p3_ref500.json,0.8,drift,12,conv3,0,0,1.0,0.9992234110832214,500
cka_feddst,cifar10,0.8,42,results/logs/cka_strength_sweep/cifar10_drift_all/strength_0p8/seed_42/splits/cifar10_split_seed42_clients5_alpha0p3_ref500.json,0.8,drift,12,conv3,0,1,0.9998413920402527,0.9992234110832214,500
cka_feddst,cifar10,0.8,42,results/logs/cka_strength_sweep/cifar10_drift_all/strength_0p8/seed_42/splits/cifar10_split_seed42_clients5_alpha0p3_ref500.json,0.8,drift,12,conv3,0,2,0.9998347163200378,0.9992234110832214,500
cka_feddst,cifar10,0.8,42,results/logs/cka_strength_sweep/cifar10_drift_all/strength_0p8/seed_42/splits/cifar10_split_seed42_clients5_alpha0p3_ref500.json,0.8,drift,12,conv3,0,3,0.998858630657196,0.9992234110832214,500
cka_feddst,cifar10,0.8,42,results/logs/cka_strength_sweep/cifar10_drift_all/strength_0p8/seed_42/splits/cifar10_split_seed42_clients5_alpha0p3_ref500.json,0.8,drift,12,conv3,0,4,0.9998087882995605,0.9992234110832214,500
cka_feddst,cifar10,0.8,42,results/logs/cka_strength_sweep/cifar10_drift_all/strength_0p8/seed_42/splits/cifar10_split_seed42_clients5_alpha0p3_ref500.json,0.8,drift,12,conv3,1,0,0.9998413920402527,0.9992234110832214,500
cka_feddst,cifar10,0.8,42,results/logs/cka_strength_sweep/cifar10_drift_all/strength_0p8/seed_42/splits/cifar10_split_seed42_clients5_alpha0p3_ref500.json,0.8,drift,12,conv3,1,1,1.0,0.9992234110832214,500
cka_feddst,cifar10,0.8,42,results/logs/cka_strength_sweep/cifar10_drift_all/strength_0p8/seed_42/splits/cifar10_split_seed42_clients5_alpha0p3_ref500.json,0.8,drift,12,conv3,1,2,0.9999771118164062,0.9992234110832214,500
cka_feddst,cifar10,0.8,42,results/logs/cka_strength_sweep/cifar10_drift_all/strength_0p8/seed_42/splits/cifar10_split_seed42_clients5_alpha0p3_ref500.json,0.8,drift,12,conv3,1,3,0.9978839159011841,0.9992234110832214,500
cka_feddst,cifar10,0.8,42,results/logs/cka_strength_sweep/cifar10_drift_all/strength_0p8/seed_42/splits/cifar10_split_seed42_clients5_alpha0p3_ref500.json,0.8,drift,12,conv3,1,4,0.9994144439697266,0.9992234110832214,500
cka_feddst,cifar10,0.8,42,results/logs/cka_strength_sweep/cifar10_drift_all/strength_0p8/seed_42/splits/cifar10_split_seed42_clients5_alpha0p3_ref500.json,0.8,drift,12,conv3,2,0,0.9998347163200378,0.9992234110832214,500
cka_feddst,cifar10,0.8,42,results/logs/cka_strength_sweep/cifar10_drift_all/strength_0p8/seed_42/splits/cifar10_split_seed42_clients5_alpha0p3_ref500.json,0.8,drift,12,conv3,2,1,0.9999771118164062,0.9992234110832214,500
cka_feddst,cifar10,0.8,42,results/logs/cka_strength_sweep/cifar10_drift_all/strength_0p8/seed_42/splits/cifar10_split_seed42_clients5_alpha0p3_ref500.json,0.8,drift,12,conv3,2,2,1.0,0.9992234110832214,500
cka_feddst,cifar10,0.8,42,results/logs/cka_strength_sweep/cifar10_drift_all/strength_0p8/seed_42/splits/cifar10_split_seed42_clients5_alpha0p3_ref500.json,0.8,drift,12,conv3,2,3,0.9978460669517517,0.9992234110832214,500
cka_feddst,cifar10,0.8,42,results/logs/cka_strength_sweep/cifar10_drift_all/strength_0p8/seed_42/splits/cifar10_split_seed42_clients5_alpha0p3_ref500.json,0.8,drift,12,conv3,2,4,0.9993183612823486,0.9992234110832214,500
cka_feddst,cifar10,0.8,42,results/logs/cka_strength_sweep/cifar10_drift_all/strength_0p8/seed_42/splits/cifar10_split_seed42_clients5_alpha0p3_ref500.json,0.8,drift,12,conv3,3,0,0.998858630657196,0.9992234110832214,500
cka_feddst,cifar10,0.8,42,results/logs/cka_strength_sweep/cifar10_drift_all/strength_0p8/seed_42/splits/cifar10_split_seed42_clients5_alpha0p3_ref500.json,0.8,drift,12,conv3,3,1,0.9978839159011841,0.9992234110832214,500
cka_feddst,cifar10,0.8,42,results/logs/cka_strength_sweep/cifar10_drift_all/strength_0p8/seed_42/splits/cifar10_split_seed42_clients5_alpha0p3_ref500.json,0.8,drift,12,conv3,3,2,0.9978460669517517,0.9992234110832214,500
cka_feddst,cifar10,0.8,42,results/logs/cka_strength_sweep/cifar10_drift_all/strength_0p8/seed_42/splits/cifar10_split_seed42_clients5_alpha0p3_ref500.json,0.8,drift,12,conv3,3,3,1.0,0.9992234110832214,500
cka_feddst,cifar10,0.8,42,results/logs/cka_strength_sweep/cifar10_drift_all/strength_0p8/seed_42/splits/cifar10_split_seed42_clients5_alpha0p3_ref500.json,0.8,drift,12,conv3,3,4,0.9994511008262634,0.9992234110832214,500
cka_feddst,cifar10,0.8,42,results/logs/cka_strength_sweep/cifar10_drift_all/strength_0p8/seed_42/splits/cifar10_split_seed42_clients5_alpha0p3_ref500.json,0.8,drift,12,conv3,4,0,0.9998087882995605,0.9992234110832214,500
cka_feddst,cifar10,0.8,42,results/logs/cka_strength_sweep/cifar10_drift_all/strength_0p8/seed_42/splits/cifar10_split_seed42_clients5_alpha0p3_ref500.json,0.8,drift,12,conv3,4,1,0.9994144439697266,0.9992234110832214,500
cka_feddst,cifar10,0.8,42,results/logs/cka_strength_sweep/cifar10_drift_all/strength_0p8/seed_42/splits/cifar10_split_seed42_clients5_alpha0p3_ref500.json,0.8,drift,12,conv3,4,2,0.9993183612823486,0.9992234110832214,500
cka_feddst,cifar10,0.8,42,results/logs/cka_strength_sweep/cifar10_drift_all/strength_0p8/seed_42/splits/cifar10_split_seed42_clients5_alpha0p3_ref500.json,0.8,drift,12,conv3,4,3,0.9994511008262634,0.9992234110832214,500
cka_feddst,cifar10,0.8,42,results/logs/cka_strength_sweep/cifar10_drift_all/strength_0p8/seed_42/splits/cifar10_split_seed42_clients5_alpha0p3_ref500.json,0.8,drift,12,conv3,4,4,1.0,0.9992234110832214,500
cka_feddst,cifar10,0.8,42,results/logs/cka_strength_sweep/cifar10_drift_all/strength_0p8/seed_42/splits/cifar10_split_seed42_clients5_alpha0p3_ref500.json,0.8,drift,12,fc1,0,0,1.0,0.9823296666145325,500
cka_feddst,cifar10,0.8,42,results/logs/cka_strength_sweep/cifar10_drift_all/strength_0p8/seed_42/splits/cifar10_split_seed42_clients5_alpha0p3_ref500.json,0.8,drift,12,fc1,0,1,0.9695230722427368,0.9823296666145325,500
cka_feddst,cifar10,0.8,42,results/logs/cka_strength_sweep/cifar10_drift_all/strength_0p8/seed_42/splits/cifar10_split_seed42_clients5_alpha0p3_ref500.json,0.8,drift,12,fc1,0,2,0.9699801802635193,0.9823296666145325,500
cka_feddst,cifar10,0.8,42,results/logs/cka_strength_sweep/cifar10_drift_all/strength_0p8/seed_42/splits/cifar10_split_seed42_clients5_alpha0p3_ref500.json,0.8,drift,12,fc1,0,3,0.9725804924964905,0.9823296666145325,500
cka_feddst,cifar10,0.8,42,results/logs/cka_strength_sweep/cifar10_drift_all/strength_0p8/seed_42/splits/cifar10_split_seed42_clients5_alpha0p3_ref500.json,0.8,drift,12,fc1,0,4,0.9767528176307678,0.9823296666145325,500
cka_feddst,cifar10,0.8,42,results/logs/cka_strength_sweep/cifar10_drift_all/strength_0p8/seed_42/splits/cifar10_split_seed42_clients5_alpha0p3_ref500.json,0.8,drift,12,fc1,1,0,0.9695230722427368,0.9823296666145325,500
cka_feddst,cifar10,0.8,42,results/logs/cka_strength_sweep/cifar10_drift_all/strength_0p8/seed_42/splits/cifar10_split_seed42_clients5_alpha0p3_ref500.json,0.8,drift,12,fc1,1,1,1.0,0.9823296666145325,500
cka_feddst,cifar10,0.8,42,results/logs/cka_strength_sweep/cifar10_drift_all/strength_0p8/seed_42/splits/cifar10_split_seed42_clients5_alpha0p3_ref500.json,0.8,drift,12,fc1,1,2,0.9836105108261108,0.9823296666145325,500
cka_feddst,cifar10,0.8,42,results/logs/cka_strength_sweep/cifar10_drift_all/strength_0p8/seed_42/splits/cifar10_split_seed42_clients5_alpha0p3_ref500.json,0.8,drift,12,fc1,1,3,0.9795523881912231,0.9823296666145325,500
cka_feddst,cifar10,0.8,42,results/logs/cka_strength_sweep/cifar10_drift_all/strength_0p8/seed_42/splits/cifar10_split_seed42_clients5_alpha0p3_ref500.json,0.8,drift,12,fc1,1,4,0.9916846752166748,0.9823296666145325,500
cka_feddst,cifar10,0.8,42,results/logs/cka_strength_sweep/cifar10_drift_all/strength_0p8/seed_42/splits/cifar10_split_seed42_clients5_alpha0p3_ref500.json,0.8,drift,12,fc1,2,0,0.9699801802635193,0.9823296666145325,500
cka_feddst,cifar10,0.8,42,results/logs/cka_strength_sweep/cifar10_drift_all/strength_0p8/seed_42/splits/cifar10_split_seed42_clients5_alpha0p3_ref500.json,0.8,drift,12,fc1,2,1,0.9836105108261108,0.9823296666145325,500
cka_feddst,cifar10,0.8,42,results/logs/cka_strength_sweep/cifar10_drift_all/strength_0p8/seed_42/splits/cifar10_split_seed42_clients5_alpha0p3_ref500.json,0.8,drift,12,fc1,2,2,1.0,0.9823296666145325,500
cka_feddst,cifar10,0.8,42,results/logs/cka_strength_sweep/cifar10_drift_all/strength_0p8/seed_42/splits/cifar10_split_seed42_clients5_alpha0p3_ref500.json,0.8,drift,12,fc1,2,3,0.9920260310173035,0.9823296666145325,500
cka_feddst,cifar10,0.8,42,results/logs/cka_strength_sweep/cifar10_drift_all/strength_0p8/seed_42/splits/cifar10_split_seed42_clients5_alpha0p3_ref500.json,0.8,drift,12,fc1,2,4,0.9938626289367676,0.9823296666145325,500
cka_feddst,cifar10,0.8,42,results/logs/cka_strength_sweep/cifar10_drift_all/strength_0p8/seed_42/splits/cifar10_split_seed42_clients5_alpha0p3_ref500.json,0.8,drift,12,fc1,3,0,0.9725804924964905,0.9823296666145325,500
cka_feddst,cifar10,0.8,42,results/logs/cka_strength_sweep/cifar10_drift_all/strength_0p8/seed_42/splits/cifar10_split_seed42_clients5_alpha0p3_ref500.json,0.8,drift,12,fc1,3,1,0.9795523881912231,0.9823296666145325,500
cka_feddst,cifar10,0.8,42,results/logs/cka_strength_sweep/cifar10_drift_all/strength_0p8/seed_42/splits/cifar10_split_seed42_clients5_alpha0p3_ref500.json,0.8,drift,12,fc1,3,2,0.9920260310173035,0.9823296666145325,500
cka_feddst,cifar10,0.8,42,results/logs/cka_strength_sweep/cifar10_drift_all/strength_0p8/seed_42/splits/cifar10_split_seed42_clients5_alpha0p3_ref500.json,0.8,drift,12,fc1,3,3,1.0,0.9823296666145325,500
cka_feddst,cifar10,0.8,42,results/logs/cka_strength_sweep/cifar10_drift_all/strength_0p8/seed_42/splits/cifar10_split_seed42_clients5_alpha0p3_ref500.json,0.8,drift,12,fc1,3,4,0.9937235116958618,0.9823296666145325,500
cka_feddst,cifar10,0.8,42,results/logs/cka_strength_sweep/cifar10_drift_all/strength_0p8/seed_42/splits/cifar10_split_seed42_clients5_alpha0p3_ref500.json,0.8,drift,12,fc1,4,0,0.9767528176307678,0.9823296666145325,500
cka_feddst,cifar10,0.8,42,results/logs/cka_strength_sweep/cifar10_drift_all/strength_0p8/seed_42/splits/cifar10_split_seed42_clients5_alpha0p3_ref500.json,0.8,drift,12,fc1,4,1,0.9916846752166748,0.9823296666145325,500
cka_feddst,cifar10,0.8,42,results/logs/cka_strength_sweep/cifar10_drift_all/strength_0p8/seed_42/splits/cifar10_split_seed42_clients5_alpha0p3_ref500.json,0.8,drift,12,fc1,4,2,0.9938626289367676,0.9823296666145325,500
cka_feddst,cifar10,0.8,42,results/logs/cka_strength_sweep/cifar10_drift_all/strength_0p8/seed_42/splits/cifar10_split_seed42_clients5_alpha0p3_ref500.json,0.8,drift,12,fc1,4,3,0.9937235116958618,0.9823296666145325,500
cka_feddst,cifar10,0.8,42,results/logs/cka_strength_sweep/cifar10_drift_all/strength_0p8/seed_42/splits/cifar10_split_seed42_clients5_alpha0p3_ref500.json,0.8,drift,12,fc1,4,4,1.0,0.9823296666145325,500
cka_feddst,cifar10,0.8,42,results/logs/cka_strength_sweep/cifar10_drift_all/strength_0p8/seed_42/splits/cifar10_split_seed42_clients5_alpha0p3_ref500.json,0.8,drift,14,conv1,0,0,1.0,0.9998680353164673,500
cka_feddst,cifar10,0.8,42,results/logs/cka_strength_sweep/cifar10_drift_all/strength_0p8/seed_42/splits/cifar10_split_seed42_clients5_alpha0p3_ref500.json,0.8,drift,14,conv1,0,1,0.9999783635139465,0.9998680353164673,500
cka_feddst,cifar10,0.8,42,results/logs/cka_strength_sweep/cifar10_drift_all/strength_0p8/seed_42/splits/cifar10_split_seed42_clients5_alpha0p3_ref500.json,0.8,drift,14,conv1,0,2,0.999977171421051,0.9998680353164673,500
cka_feddst,cifar10,0.8,42,results/logs/cka_strength_sweep/cifar10_drift_all/strength_0p8/seed_42/splits/cifar10_split_seed42_clients5_alpha0p3_ref500.json,0.8,drift,14,conv1,0,3,0.9998183846473694,0.9998680353164673,500
cka_feddst,cifar10,0.8,42,results/logs/cka_strength_sweep/cifar10_drift_all/strength_0p8/seed_42/splits/cifar10_split_seed42_clients5_alpha0p3_ref500.json,0.8,drift,14,conv1,0,4,0.9999403357505798,0.9998680353164673,500
cka_feddst,cifar10,0.8,42,results/logs/cka_strength_sweep/cifar10_drift_all/strength_0p8/seed_42/splits/cifar10_split_seed42_clients5_alpha0p3_ref500.json,0.8,drift,14,conv1,1,0,0.9999783635139465,0.9998680353164673,500
cka_feddst,cifar10,0.8,42,results/logs/cka_strength_sweep/cifar10_drift_all/strength_0p8/seed_42/splits/cifar10_split_seed42_clients5_alpha0p3_ref500.json,0.8,drift,14,conv1,1,1,1.0,0.9998680353164673,500
cka_feddst,cifar10,0.8,42,results/logs/cka_strength_sweep/cifar10_drift_all/strength_0p8/seed_42/splits/cifar10_split_seed42_clients5_alpha0p3_ref500.json,0.8,drift,14,conv1,1,2,1.0,0.9998680353164673,500
cka_feddst,cifar10,0.8,42,results/logs/cka_strength_sweep/cifar10_drift_all/strength_0p8/seed_42/splits/cifar10_split_seed42_clients5_alpha0p3_ref500.json,0.8,drift,14,conv1,1,3,0.9996623396873474,0.9998680353164673,500
cka_feddst,cifar10,0.8,42,results/logs/cka_strength_sweep/cifar10_drift_all/strength_0p8/seed_42/splits/cifar10_split_seed42_clients5_alpha0p3_ref500.json,0.8,drift,14,conv1,1,4,0.9998362064361572,0.9998680353164673,500
cka_feddst,cifar10,0.8,42,results/logs/cka_strength_sweep/cifar10_drift_all/strength_0p8/seed_42/splits/cifar10_split_seed42_clients5_alpha0p3_ref500.json,0.8,drift,14,conv1,2,0,0.999977171421051,0.9998680353164673,500
cka_feddst,cifar10,0.8,42,results/logs/cka_strength_sweep/cifar10_drift_all/strength_0p8/seed_42/splits/cifar10_split_seed42_clients5_alpha0p3_ref500.json,0.8,drift,14,conv1,2,1,1.0,0.9998680353164673,500
cka_feddst,cifar10,0.8,42,results/logs/cka_strength_sweep/cifar10_drift_all/strength_0p8/seed_42/splits/cifar10_split_seed42_clients5_alpha0p3_ref500.json,0.8,drift,14,conv1,2,2,1.0,0.9998680353164673,500
cka_feddst,cifar10,0.8,42,results/logs/cka_strength_sweep/cifar10_drift_all/strength_0p8/seed_42/splits/cifar10_split_seed42_clients5_alpha0p3_ref500.json,0.8,drift,14,conv1,2,3,0.9996687173843384,0.9998680353164673,500
cka_feddst,cifar10,0.8,42,results/logs/cka_strength_sweep/cifar10_drift_all/strength_0p8/seed_42/splits/cifar10_split_seed42_clients5_alpha0p3_ref500.json,0.8,drift,14,conv1,2,4,0.9998337626457214,0.9998680353164673,500
cka_feddst,cifar10,0.8,42,results/logs/cka_strength_sweep/cifar10_drift_all/strength_0p8/seed_42/splits/cifar10_split_seed42_clients5_alpha0p3_ref500.json,0.8,drift,14,conv1,3,0,0.9998183846473694,0.9998680353164673,500
cka_feddst,cifar10,0.8,42,results/logs/cka_strength_sweep/cifar10_drift_all/strength_0p8/seed_42/splits/cifar10_split_seed42_clients5_alpha0p3_ref500.json,0.8,drift,14,conv1,3,1,0.9996623396873474,0.9998680353164673,500
cka_feddst,cifar10,0.8,42,results/logs/cka_strength_sweep/cifar10_drift_all/strength_0p8/seed_42/splits/cifar10_split_seed42_clients5_alpha0p3_ref500.json,0.8,drift,14,conv1,3,2,0.9996687173843384,0.9998680353164673,500
cka_feddst,cifar10,0.8,42,results/logs/cka_strength_sweep/cifar10_drift_all/strength_0p8/seed_42/splits/cifar10_split_seed42_clients5_alpha0p3_ref500.json,0.8,drift,14,conv1,3,3,1.0,0.9998680353164673,500
cka_feddst,cifar10,0.8,42,results/logs/cka_strength_sweep/cifar10_drift_all/strength_0p8/seed_42/splits/cifar10_split_seed42_clients5_alpha0p3_ref500.json,0.8,drift,14,conv1,3,4,0.9999644160270691,0.9998680353164673,500
cka_feddst,cifar10,0.8,42,results/logs/cka_strength_sweep/cifar10_drift_all/strength_0p8/seed_42/splits/cifar10_split_seed42_clients5_alpha0p3_ref500.json,0.8,drift,14,conv1,4,0,0.9999403357505798,0.9998680353164673,500
cka_feddst,cifar10,0.8,42,results/logs/cka_strength_sweep/cifar10_drift_all/strength_0p8/seed_42/splits/cifar10_split_seed42_clients5_alpha0p3_ref500.json,0.8,drift,14,conv1,4,1,0.9998362064361572,0.9998680353164673,500
cka_feddst,cifar10,0.8,42,results/logs/cka_strength_sweep/cifar10_drift_all/strength_0p8/seed_42/splits/cifar10_split_seed42_clients5_alpha0p3_ref500.json,0.8,drift,14,conv1,4,2,0.9998337626457214,0.9998680353164673,500
cka_feddst,cifar10,0.8,42,results/logs/cka_strength_sweep/cifar10_drift_all/strength_0p8/seed_42/splits/cifar10_split_seed42_clients5_alpha0p3_ref500.json,0.8,drift,14,conv1,4,3,0.9999644160270691,0.9998680353164673,500
cka_feddst,cifar10,0.8,42,results/logs/cka_strength_sweep/cifar10_drift_all/strength_0p8/seed_42/splits/cifar10_split_seed42_clients5_alpha0p3_ref500.json,0.8,drift,14,conv1,4,4,1.0,0.9998680353164673,500
cka_feddst,cifar10,0.8,42,results/logs/cka_strength_sweep/cifar10_drift_all/strength_0p8/seed_42/splits/cifar10_split_seed42_clients5_alpha0p3_ref500.json,0.8,drift,14,conv2,0,0,1.0,0.999426543712616,500
cka_feddst,cifar10,0.8,42,results/logs/cka_strength_sweep/cifar10_drift_all/strength_0p8/seed_42/splits/cifar10_split_seed42_clients5_alpha0p3_ref500.json,0.8,drift,14,conv2,0,1,0.9998987913131714,0.999426543712616,500
cka_feddst,cifar10,0.8,42,results/logs/cka_strength_sweep/cifar10_drift_all/strength_0p8/seed_42/splits/cifar10_split_seed42_clients5_alpha0p3_ref500.json,0.8,drift,14,conv2,0,2,0.9998981356620789,0.999426543712616,500
cka_feddst,cifar10,0.8,42,results/logs/cka_strength_sweep/cifar10_drift_all/strength_0p8/seed_42/splits/cifar10_split_seed42_clients5_alpha0p3_ref500.json,0.8,drift,14,conv2,0,3,0.9991136193275452,0.999426543712616,500
cka_feddst,cifar10,0.8,42,results/logs/cka_strength_sweep/cifar10_drift_all/strength_0p8/seed_42/splits/cifar10_split_seed42_clients5_alpha0p3_ref500.json,0.8,drift,14,conv2,0,4,0.9998376965522766,0.999426543712616,500
cka_feddst,cifar10,0.8,42,results/logs/cka_strength_sweep/cifar10_drift_all/strength_0p8/seed_42/splits/cifar10_split_seed42_clients5_alpha0p3_ref500.json,0.8,drift,14,conv2,1,0,0.9998987913131714,0.999426543712616,500
cka_feddst,cifar10,0.8,42,results/logs/cka_strength_sweep/cifar10_drift_all/strength_0p8/seed_42/splits/cifar10_split_seed42_clients5_alpha0p3_ref500.json,0.8,drift,14,conv2,1,1,1.0,0.999426543712616,500
cka_feddst,cifar10,0.8,42,results/logs/cka_strength_sweep/cifar10_drift_all/strength_0p8/seed_42/splits/cifar10_split_seed42_clients5_alpha0p3_ref500.json,0.8,drift,14,conv2,1,2,0.9999951124191284,0.999426543712616,500
cka_feddst,cifar10,0.8,42,results/logs/cka_strength_sweep/cifar10_drift_all/strength_0p8/seed_42/splits/cifar10_split_seed42_clients5_alpha0p3_ref500.json,0.8,drift,14,conv2,1,3,0.9984171390533447,0.999426543712616,500
cka_feddst,cifar10,0.8,42,results/logs/cka_strength_sweep/cifar10_drift_all/strength_0p8/seed_42/splits/cifar10_split_seed42_clients5_alpha0p3_ref500.json,0.8,drift,14,conv2,1,4,0.9994807243347168,0.999426543712616,500
cka_feddst,cifar10,0.8,42,results/logs/cka_strength_sweep/cifar10_drift_all/strength_0p8/seed_42/splits/cifar10_split_seed42_clients5_alpha0p3_ref500.json,0.8,drift,14,conv2,2,0,0.9998981356620789,0.999426543712616,500
cka_feddst,cifar10,0.8,42,results/logs/cka_strength_sweep/cifar10_drift_all/strength_0p8/seed_42/splits/cifar10_split_seed42_clients5_alpha0p3_ref500.json,0.8,drift,14,conv2,2,1,0.9999951124191284,0.999426543712616,500
cka_feddst,cifar10,0.8,42,results/logs/cka_strength_sweep/cifar10_drift_all/strength_0p8/seed_42/splits/cifar10_split_seed42_clients5_alpha0p3_ref500.json,0.8,drift,14,conv2,2,2,1.0,0.999426543712616,500
cka_feddst,cifar10,0.8,42,results/logs/cka_strength_sweep/cifar10_drift_all/strength_0p8/seed_42/splits/cifar10_split_seed42_clients5_alpha0p3_ref500.json,0.8,drift,14,conv2,2,3,0.9984521865844727,0.999426543712616,500
cka_feddst,cifar10,0.8,42,results/logs/cka_strength_sweep/cifar10_drift_all/strength_0p8/seed_42/splits/cifar10_split_seed42_clients5_alpha0p3_ref500.json,0.8,drift,14,conv2,2,4,0.9994788765907288,0.999426543712616,500
cka_feddst,cifar10,0.8,42,results/logs/cka_strength_sweep/cifar10_drift_all/strength_0p8/seed_42/splits/cifar10_split_seed42_clients5_alpha0p3_ref500.json,0.8,drift,14,conv2,3,0,0.9991136193275452,0.999426543712616,500
cka_feddst,cifar10,0.8,42,results/logs/cka_strength_sweep/cifar10_drift_all/strength_0p8/seed_42/splits/cifar10_split_seed42_clients5_alpha0p3_ref500.json,0.8,drift,14,conv2,3,1,0.9984171390533447,0.999426543712616,500
cka_feddst,cifar10,0.8,42,results/logs/cka_strength_sweep/cifar10_drift_all/strength_0p8/seed_42/splits/cifar10_split_seed42_clients5_alpha0p3_ref500.json,0.8,drift,14,conv2,3,2,0.9984521865844727,0.999426543712616,500
cka_feddst,cifar10,0.8,42,results/logs/cka_strength_sweep/cifar10_drift_all/strength_0p8/seed_42/splits/cifar10_split_seed42_clients5_alpha0p3_ref500.json,0.8,drift,14,conv2,3,3,1.0,0.999426543712616,500
cka_feddst,cifar10,0.8,42,results/logs/cka_strength_sweep/cifar10_drift_all/strength_0p8/seed_42/splits/cifar10_split_seed42_clients5_alpha0p3_ref500.json,0.8,drift,14,conv2,3,4,0.999692440032959,0.999426543712616,500
cka_feddst,cifar10,0.8,42,results/logs/cka_strength_sweep/cifar10_drift_all/strength_0p8/seed_42/splits/cifar10_split_seed42_clients5_alpha0p3_ref500.json,0.8,drift,14,conv2,4,0,0.9998376965522766,0.999426543712616,500
cka_feddst,cifar10,0.8,42,results/logs/cka_strength_sweep/cifar10_drift_all/strength_0p8/seed_42/splits/cifar10_split_seed42_clients5_alpha0p3_ref500.json,0.8,drift,14,conv2,4,1,0.9994807243347168,0.999426543712616,500
cka_feddst,cifar10,0.8,42,results/logs/cka_strength_sweep/cifar10_drift_all/strength_0p8/seed_42/splits/cifar10_split_seed42_clients5_alpha0p3_ref500.json,0.8,drift,14,conv2,4,2,0.9994788765907288,0.999426543712616,500
cka_feddst,cifar10,0.8,42,results/logs/cka_strength_sweep/cifar10_drift_all/strength_0p8/seed_42/splits/cifar10_split_seed42_clients5_alpha0p3_ref500.json,0.8,drift,14,conv2,4,3,0.999692440032959,0.999426543712616,500
cka_feddst,cifar10,0.8,42,results/logs/cka_strength_sweep/cifar10_drift_all/strength_0p8/seed_42/splits/cifar10_split_seed42_clients5_alpha0p3_ref500.json,0.8,drift,14,conv2,4,4,1.0,0.999426543712616,500
cka_feddst,cifar10,0.8,42,results/logs/cka_strength_sweep/cifar10_drift_all/strength_0p8/seed_42/splits/cifar10_split_seed42_clients5_alpha0p3_ref500.json,0.8,drift,14,conv3,0,0,1.0,0.9993705749511719,500
cka_feddst,cifar10,0.8,42,results/logs/cka_strength_sweep/cifar10_drift_all/strength_0p8/seed_42/splits/cifar10_split_seed42_clients5_alpha0p3_ref500.json,0.8,drift,14,conv3,0,1,0.9998757243156433,0.9993705749511719,500
cka_feddst,cifar10,0.8,42,results/logs/cka_strength_sweep/cifar10_drift_all/strength_0p8/seed_42/splits/cifar10_split_seed42_clients5_alpha0p3_ref500.json,0.8,drift,14,conv3,0,2,0.9998930096626282,0.9993705749511719,500
cka_feddst,cifar10,0.8,42,results/logs/cka_strength_sweep/cifar10_drift_all/strength_0p8/seed_42/splits/cifar10_split_seed42_clients5_alpha0p3_ref500.json,0.8,drift,14,conv3,0,3,0.9990392923355103,0.9993705749511719,500
cka_feddst,cifar10,0.8,42,results/logs/cka_strength_sweep/cifar10_drift_all/strength_0p8/seed_42/splits/cifar10_split_seed42_clients5_alpha0p3_ref500.json,0.8,drift,14,conv3,0,4,0.9998151659965515,0.9993705749511719,500
cka_feddst,cifar10,0.8,42,results/logs/cka_strength_sweep/cifar10_drift_all/strength_0p8/seed_42/splits/cifar10_split_seed42_clients5_alpha0p3_ref500.json,0.8,drift,14,conv3,1,0,0.9998757243156433,0.9993705749511719,500
cka_feddst,cifar10,0.8,42,results/logs/cka_strength_sweep/cifar10_drift_all/strength_0p8/seed_42/splits/cifar10_split_seed42_clients5_alpha0p3_ref500.json,0.8,drift,14,conv3,1,1,1.0,0.9993705749511719,500
cka_feddst,cifar10,0.8,42,results/logs/cka_strength_sweep/cifar10_drift_all/strength_0p8/seed_42/splits/cifar10_split_seed42_clients5_alpha0p3_ref500.json,0.8,drift,14,conv3,1,2,0.9999759793281555,0.9993705749511719,500
cka_feddst,cifar10,0.8,42,results/logs/cka_strength_sweep/cifar10_drift_all/strength_0p8/seed_42/splits/cifar10_split_seed42_clients5_alpha0p3_ref500.json,0.8,drift,14,conv3,1,3,0.9982644319534302,0.9993705749511719,500
cka_feddst,cifar10,0.8,42,results/logs/cka_strength_sweep/cifar10_drift_all/strength_0p8/seed_42/splits/cifar10_split_seed42_clients5_alpha0p3_ref500.json,0.8,drift,14,conv3,1,4,0.9994540810585022,0.9993705749511719,500
cka_feddst,cifar10,0.8,42,results/logs/cka_strength_sweep/cifar10_drift_all/strength_0p8/seed_42/splits/cifar10_split_seed42_clients5_alpha0p3_ref500.json,0.8,drift,14,conv3,2,0,0.9998930096626282,0.9993705749511719,500
cka_feddst,cifar10,0.8,42,results/logs/cka_strength_sweep/cifar10_drift_all/strength_0p8/seed_42/splits/cifar10_split_seed42_clients5_alpha0p3_ref500.json,0.8,drift,14,conv3,2,1,0.9999759793281555,0.9993705749511719,500
cka_feddst,cifar10,0.8,42,results/logs/cka_strength_sweep/cifar10_drift_all/strength_0p8/seed_42/splits/cifar10_split_seed42_clients5_alpha0p3_ref500.json,0.8,drift,14,conv3,2,2,1.0,0.9993705749511719,500
cka_feddst,cifar10,0.8,42,results/logs/cka_strength_sweep/cifar10_drift_all/strength_0p8/seed_42/splits/cifar10_split_seed42_clients5_alpha0p3_ref500.json,0.8,drift,14,conv3,2,3,0.9983242750167847,0.9993705749511719,500
cka_feddst,cifar10,0.8,42,results/logs/cka_strength_sweep/cifar10_drift_all/strength_0p8/seed_42/splits/cifar10_split_seed42_clients5_alpha0p3_ref500.json,0.8,drift,14,conv3,2,4,0.9994328022003174,0.9993705749511719,500
cka_feddst,cifar10,0.8,42,results/logs/cka_strength_sweep/cifar10_drift_all/strength_0p8/seed_42/splits/cifar10_split_seed42_clients5_alpha0p3_ref500.json,0.8,drift,14,conv3,3,0,0.9990392923355103,0.9993705749511719,500
cka_feddst,cifar10,0.8,42,results/logs/cka_strength_sweep/cifar10_drift_all/strength_0p8/seed_42/splits/cifar10_split_seed42_clients5_alpha0p3_ref500.json,0.8,drift,14,conv3,3,1,0.9982644319534302,0.9993705749511719,500
cka_feddst,cifar10,0.8,42,results/logs/cka_strength_sweep/cifar10_drift_all/strength_0p8/seed_42/splits/cifar10_split_seed42_clients5_alpha0p3_ref500.json,0.8,drift,14,conv3,3,2,0.9983242750167847,0.9993705749511719,500
cka_feddst,cifar10,0.8,42,results/logs/cka_strength_sweep/cifar10_drift_all/strength_0p8/seed_42/splits/cifar10_split_seed42_clients5_alpha0p3_ref500.json,0.8,drift,14,conv3,3,3,1.0,0.9993705749511719,500
cka_feddst,cifar10,0.8,42,results/logs/cka_strength_sweep/cifar10_drift_all/strength_0p8/seed_42/splits/cifar10_split_seed42_clients5_alpha0p3_ref500.json,0.8,drift,14,conv3,3,4,0.9996306896209717,0.9993705749511719,500
cka_feddst,cifar10,0.8,42,results/logs/cka_strength_sweep/cifar10_drift_all/strength_0p8/seed_42/splits/cifar10_split_seed42_clients5_alpha0p3_ref500.json,0.8,drift,14,conv3,4,0,0.9998151659965515,0.9993705749511719,500
cka_feddst,cifar10,0.8,42,results/logs/cka_strength_sweep/cifar10_drift_all/strength_0p8/seed_42/splits/cifar10_split_seed42_clients5_alpha0p3_ref500.json,0.8,drift,14,conv3,4,1,0.9994540810585022,0.9993705749511719,500
cka_feddst,cifar10,0.8,42,results/logs/cka_strength_sweep/cifar10_drift_all/strength_0p8/seed_42/splits/cifar10_split_seed42_clients5_alpha0p3_ref500.json,0.8,drift,14,conv3,4,2,0.9994328022003174,0.9993705749511719,500
cka_feddst,cifar10,0.8,42,results/logs/cka_strength_sweep/cifar10_drift_all/strength_0p8/seed_42/splits/cifar10_split_seed42_clients5_alpha0p3_ref500.json,0.8,drift,14,conv3,4,3,0.9996306896209717,0.9993705749511719,500
cka_feddst,cifar10,0.8,42,results/logs/cka_strength_sweep/cifar10_drift_all/strength_0p8/seed_42/splits/cifar10_split_seed42_clients5_alpha0p3_ref500.json,0.8,drift,14,conv3,4,4,1.0,0.9993705749511719,500
cka_feddst,cifar10,0.8,42,results/logs/cka_strength_sweep/cifar10_drift_all/strength_0p8/seed_42/splits/cifar10_split_seed42_clients5_alpha0p3_ref500.json,0.8,drift,14,fc1,0,0,1.0,0.9799707531929016,500
cka_feddst,cifar10,0.8,42,results/logs/cka_strength_sweep/cifar10_drift_all/strength_0p8/seed_42/splits/cifar10_split_seed42_clients5_alpha0p3_ref500.json,0.8,drift,14,fc1,0,1,0.9548274278640747,0.9799707531929016,500
cka_feddst,cifar10,0.8,42,results/logs/cka_strength_sweep/cifar10_drift_all/strength_0p8/seed_42/splits/cifar10_split_seed42_clients5_alpha0p3_ref500.json,0.8,drift,14,fc1,0,2,0.959398627281189,0.9799707531929016,500
cka_feddst,cifar10,0.8,42,results/logs/cka_strength_sweep/cifar10_drift_all/strength_0p8/seed_42/splits/cifar10_split_seed42_clients5_alpha0p3_ref500.json,0.8,drift,14,fc1,0,3,0.9740764498710632,0.9799707531929016,500
cka_feddst,cifar10,0.8,42,results/logs/cka_strength_sweep/cifar10_drift_all/strength_0p8/seed_42/splits/cifar10_split_seed42_clients5_alpha0p3_ref500.json,0.8,drift,14,fc1,0,4,0.9704069495201111,0.9799707531929016,500
cka_feddst,cifar10,0.8,42,results/logs/cka_strength_sweep/cifar10_drift_all/strength_0p8/seed_42/splits/cifar10_split_seed42_clients5_alpha0p3_ref500.json,0.8,drift,14,fc1,1,0,0.9548274278640747,0.9799707531929016,500
cka_feddst,cifar10,0.8,42,results/logs/cka_strength_sweep/cifar10_drift_all/strength_0p8/seed_42/splits/cifar10_split_seed42_clients5_alpha0p3_ref500.json,0.8,drift,14,fc1,1,1,1.0,0.9799707531929016,500
cka_feddst,cifar10,0.8,42,results/logs/cka_strength_sweep/cifar10_drift_all/strength_0p8/seed_42/splits/cifar10_split_seed42_clients5_alpha0p3_ref500.json,0.8,drift,14,fc1,1,2,0.9887349605560303,0.9799707531929016,500
cka_feddst,cifar10,0.8,42,results/logs/cka_strength_sweep/cifar10_drift_all/strength_0p8/seed_42/splits/cifar10_split_seed42_clients5_alpha0p3_ref500.json,0.8,drift,14,fc1,1,3,0.9821465611457825,0.9799707531929016,500
cka_feddst,cifar10,0.8,42,results/logs/cka_strength_sweep/cifar10_drift_all/strength_0p8/seed_42/splits/cifar10_split_seed42_clients5_alpha0p3_ref500.json,0.8,drift,14,fc1,1,4,0.9890239238739014,0.9799707531929016,500
cka_feddst,cifar10,0.8,42,results/logs/cka_strength_sweep/cifar10_drift_all/strength_0p8/seed_42/splits/cifar10_split_seed42_clients5_alpha0p3_ref500.json,0.8,drift,14,fc1,2,0,0.959398627281189,0.9799707531929016,500
cka_feddst,cifar10,0.8,42,results/logs/cka_strength_sweep/cifar10_drift_all/strength_0p8/seed_42/splits/cifar10_split_seed42_clients5_alpha0p3_ref500.json,0.8,drift,14,fc1,2,1,0.9887349605560303,0.9799707531929016,500
cka_feddst,cifar10,0.8,42,results/logs/cka_strength_sweep/cifar10_drift_all/strength_0p8/seed_42/splits/cifar10_split_seed42_clients5_alpha0p3_ref500.json,0.8,drift,14,fc1,2,2,1.0,0.9799707531929016,500
cka_feddst,cifar10,0.8,42,results/logs/cka_strength_sweep/cifar10_drift_all/strength_0p8/seed_42/splits/cifar10_split_seed42_clients5_alpha0p3_ref500.json,0.8,drift,14,fc1,2,3,0.9908905029296875,0.9799707531929016,500
cka_feddst,cifar10,0.8,42,results/logs/cka_strength_sweep/cifar10_drift_all/strength_0p8/seed_42/splits/cifar10_split_seed42_clients5_alpha0p3_ref500.json,0.8,drift,14,fc1,2,4,0.9967560768127441,0.9799707531929016,500
cka_feddst,cifar10,0.8,42,results/logs/cka_strength_sweep/cifar10_drift_all/strength_0p8/seed_42/splits/cifar10_split_seed42_clients5_alpha0p3_ref500.json,0.8,drift,14,fc1,3,0,0.9740764498710632,0.9799707531929016,500
cka_feddst,cifar10,0.8,42,results/logs/cka_strength_sweep/cifar10_drift_all/strength_0p8/seed_42/splits/cifar10_split_seed42_clients5_alpha0p3_ref500.json,0.8,drift,14,fc1,3,1,0.9821465611457825,0.9799707531929016,500
cka_feddst,cifar10,0.8,42,results/logs/cka_strength_sweep/cifar10_drift_all/strength_0p8/seed_42/splits/cifar10_split_seed42_clients5_alpha0p3_ref500.json,0.8,drift,14,fc1,3,2,0.9908905029296875,0.9799707531929016,500
cka_feddst,cifar10,0.8,42,results/logs/cka_strength_sweep/cifar10_drift_all/strength_0p8/seed_42/splits/cifar10_split_seed42_clients5_alpha0p3_ref500.json,0.8,drift,14,fc1,3,3,1.0,0.9799707531929016,500
cka_feddst,cifar10,0.8,42,results/logs/cka_strength_sweep/cifar10_drift_all/strength_0p8/seed_42/splits/cifar10_split_seed42_clients5_alpha0p3_ref500.json,0.8,drift,14,fc1,3,4,0.9934461712837219,0.9799707531929016,500
cka_feddst,cifar10,0.8,42,results/logs/cka_strength_sweep/cifar10_drift_all/strength_0p8/seed_42/splits/cifar10_split_seed42_clients5_alpha0p3_ref500.json,0.8,drift,14,fc1,4,0,0.9704069495201111,0.9799707531929016,500
cka_feddst,cifar10,0.8,42,results/logs/cka_strength_sweep/cifar10_drift_all/strength_0p8/seed_42/splits/cifar10_split_seed42_clients5_alpha0p3_ref500.json,0.8,drift,14,fc1,4,1,0.9890239238739014,0.9799707531929016,500
cka_feddst,cifar10,0.8,42,results/logs/cka_strength_sweep/cifar10_drift_all/strength_0p8/seed_42/splits/cifar10_split_seed42_clients5_alpha0p3_ref500.json,0.8,drift,14,fc1,4,2,0.9967560768127441,0.9799707531929016,500
cka_feddst,cifar10,0.8,42,results/logs/cka_strength_sweep/cifar10_drift_all/strength_0p8/seed_42/splits/cifar10_split_seed42_clients5_alpha0p3_ref500.json,0.8,drift,14,fc1,4,3,0.9934461712837219,0.9799707531929016,500
cka_feddst,cifar10,0.8,42,results/logs/cka_strength_sweep/cifar10_drift_all/strength_0p8/seed_42/splits/cifar10_split_seed42_clients5_alpha0p3_ref500.json,0.8,drift,14,fc1,4,4,1.0,0.9799707531929016,500
cka_feddst,cifar10,0.8,42,results/logs/cka_strength_sweep/cifar10_drift_all/strength_0p8/seed_42/splits/cifar10_split_seed42_clients5_alpha0p3_ref500.json,0.8,drift,16,conv1,0,0,1.0,0.999820351600647,500
cka_feddst,cifar10,0.8,42,results/logs/cka_strength_sweep/cifar10_drift_all/strength_0p8/seed_42/splits/cifar10_split_seed42_clients5_alpha0p3_ref500.json,0.8,drift,16,conv1,0,1,0.9999855160713196,0.999820351600647,500
cka_feddst,cifar10,0.8,42,results/logs/cka_strength_sweep/cifar10_drift_all/strength_0p8/seed_42/splits/cifar10_split_seed42_clients5_alpha0p3_ref500.json,0.8,drift,16,conv1,0,2,0.9999829530715942,0.999820351600647,500
cka_feddst,cifar10,0.8,42,results/logs/cka_strength_sweep/cifar10_drift_all/strength_0p8/seed_42/splits/cifar10_split_seed42_clients5_alpha0p3_ref500.json,0.8,drift,16,conv1,0,3,0.9996947646141052,0.999820351600647,500
cka_feddst,cifar10,0.8,42,results/logs/cka_strength_sweep/cifar10_drift_all/strength_0p8/seed_42/splits/cifar10_split_seed42_clients5_alpha0p3_ref500.json,0.8,drift,16,conv1,0,4,0.9999211430549622,0.999820351600647,500
cka_feddst,cifar10,0.8,42,results/logs/cka_strength_sweep/cifar10_drift_all/strength_0p8/seed_42/splits/cifar10_split_seed42_clients5_alpha0p3_ref500.json,0.8,drift,16,conv1,1,0,0.9999855160713196,0.999820351600647,500
cka_feddst,cifar10,0.8,42,results/logs/cka_strength_sweep/cifar10_drift_all/strength_0p8/seed_42/splits/cifar10_split_seed42_clients5_alpha0p3_ref500.json,0.8,drift,16,conv1,1,1,1.0,0.999820351600647,500
cka_feddst,cifar10,0.8,42,results/logs/cka_strength_sweep/cifar10_drift_all/strength_0p8/seed_42/splits/cifar10_split_seed42_clients5_alpha0p3_ref500.json,0.8,drift,16,conv1,1,2,1.0,0.999820351600647,500
cka_feddst,cifar10,0.8,42,results/logs/cka_strength_sweep/cifar10_drift_all/strength_0p8/seed_42/splits/cifar10_split_seed42_clients5_alpha0p3_ref500.json,0.8,drift,16,conv1,1,3,0.9995300769805908,0.999820351600647,500
cka_feddst,cifar10,0.8,42,results/logs/cka_strength_sweep/cifar10_drift_all/strength_0p8/seed_42/splits/cifar10_split_seed42_clients5_alpha0p3_ref500.json,0.8,drift,16,conv1,1,4,0.9998276233673096,0.999820351600647,500
cka_feddst,cifar10,0.8,42,results/logs/cka_strength_sweep/cifar10_drift_all/strength_0p8/seed_42/splits/cifar10_split_seed42_clients5_alpha0p3_ref500.json,0.8,drift,16,conv1,2,0,0.9999829530715942,0.999820351600647,500
cka_feddst,cifar10,0.8,42,results/logs/cka_strength_sweep/cifar10_drift_all/strength_0p8/seed_42/splits/cifar10_split_seed42_clients5_alpha0p3_ref500.json,0.8,drift,16,conv1,2,1,1.0,0.999820351600647,500
cka_feddst,cifar10,0.8,42,results/logs/cka_strength_sweep/cifar10_drift_all/strength_0p8/seed_42/splits/cifar10_split_seed42_clients5_alpha0p3_ref500.json,0.8,drift,16,conv1,2,2,1.0,0.999820351600647,500
cka_feddst,cifar10,0.8,42,results/logs/cka_strength_sweep/cifar10_drift_all/strength_0p8/seed_42/splits/cifar10_split_seed42_clients5_alpha0p3_ref500.json,0.8,drift,16,conv1,2,3,0.9995265007019043,0.999820351600647,500
cka_feddst,cifar10,0.8,42,results/logs/cka_strength_sweep/cifar10_drift_all/strength_0p8/seed_42/splits/cifar10_split_seed42_clients5_alpha0p3_ref500.json,0.8,drift,16,conv1,2,4,0.9998182654380798,0.999820351600647,500
cka_feddst,cifar10,0.8,42,results/logs/cka_strength_sweep/cifar10_drift_all/strength_0p8/seed_42/splits/cifar10_split_seed42_clients5_alpha0p3_ref500.json,0.8,drift,16,conv1,3,0,0.9996947646141052,0.999820351600647,500
cka_feddst,cifar10,0.8,42,results/logs/cka_strength_sweep/cifar10_drift_all/strength_0p8/seed_42/splits/cifar10_split_seed42_clients5_alpha0p3_ref500.json,0.8,drift,16,conv1,3,1,0.9995300769805908,0.999820351600647,500
cka_feddst,cifar10,0.8,42,results/logs/cka_strength_sweep/cifar10_drift_all/strength_0p8/seed_42/splits/cifar10_split_seed42_clients5_alpha0p3_ref500.json,0.8,drift,16,conv1,3,2,0.9995265007019043,0.999820351600647,500
cka_feddst,cifar10,0.8,42,results/logs/cka_strength_sweep/cifar10_drift_all/strength_0p8/seed_42/splits/cifar10_split_seed42_clients5_alpha0p3_ref500.json,0.8,drift,16,conv1,3,3,1.0,0.999820351600647,500
cka_feddst,cifar10,0.8,42,results/logs/cka_strength_sweep/cifar10_drift_all/strength_0p8/seed_42/splits/cifar10_split_seed42_clients5_alpha0p3_ref500.json,0.8,drift,16,conv1,3,4,0.9999157190322876,0.999820351600647,500
cka_feddst,cifar10,0.8,42,results/logs/cka_strength_sweep/cifar10_drift_all/strength_0p8/seed_42/splits/cifar10_split_seed42_clients5_alpha0p3_ref500.json,0.8,drift,16,conv1,4,0,0.9999211430549622,0.999820351600647,500
cka_feddst,cifar10,0.8,42,results/logs/cka_strength_sweep/cifar10_drift_all/strength_0p8/seed_42/splits/cifar10_split_seed42_clients5_alpha0p3_ref500.json,0.8,drift,16,conv1,4,1,0.9998276233673096,0.999820351600647,500
cka_feddst,cifar10,0.8,42,results/logs/cka_strength_sweep/cifar10_drift_all/strength_0p8/seed_42/splits/cifar10_split_seed42_clients5_alpha0p3_ref500.json,0.8,drift,16,conv1,4,2,0.9998182654380798,0.999820351600647,500
cka_feddst,cifar10,0.8,42,results/logs/cka_strength_sweep/cifar10_drift_all/strength_0p8/seed_42/splits/cifar10_split_seed42_clients5_alpha0p3_ref500.json,0.8,drift,16,conv1,4,3,0.9999157190322876,0.999820351600647,500
cka_feddst,cifar10,0.8,42,results/logs/cka_strength_sweep/cifar10_drift_all/strength_0p8/seed_42/splits/cifar10_split_seed42_clients5_alpha0p3_ref500.json,0.8,drift,16,conv1,4,4,1.0,0.999820351600647,500
cka_feddst,cifar10,0.8,42,results/logs/cka_strength_sweep/cifar10_drift_all/strength_0p8/seed_42/splits/cifar10_split_seed42_clients5_alpha0p3_ref500.json,0.8,drift,16,conv2,0,0,1.0,0.9985532760620117,500
cka_feddst,cifar10,0.8,42,results/logs/cka_strength_sweep/cifar10_drift_all/strength_0p8/seed_42/splits/cifar10_split_seed42_clients5_alpha0p3_ref500.json,0.8,drift,16,conv2,0,1,0.9998807907104492,0.9985532760620117,500
cka_feddst,cifar10,0.8,42,results/logs/cka_strength_sweep/cifar10_drift_all/strength_0p8/seed_42/splits/cifar10_split_seed42_clients5_alpha0p3_ref500.json,0.8,drift,16,conv2,0,2,0.9998844265937805,0.9985532760620117,500
cka_feddst,cifar10,0.8,42,results/logs/cka_strength_sweep/cifar10_drift_all/strength_0p8/seed_42/splits/cifar10_split_seed42_clients5_alpha0p3_ref500.json,0.8,drift,16,conv2,0,3,0.9971718788146973,0.9985532760620117,500
cka_feddst,cifar10,0.8,42,results/logs/cka_strength_sweep/cifar10_drift_all/strength_0p8/seed_42/splits/cifar10_split_seed42_clients5_alpha0p3_ref500.json,0.8,drift,16,conv2,0,4,0.9997039437294006,0.9985532760620117,500
cka_feddst,cifar10,0.8,42,results/logs/cka_strength_sweep/cifar10_drift_all/strength_0p8/seed_42/splits/cifar10_split_seed42_clients5_alpha0p3_ref500.json,0.8,drift,16,conv2,1,0,0.9998807907104492,0.9985532760620117,500
cka_feddst,cifar10,0.8,42,results/logs/cka_strength_sweep/cifar10_drift_all/strength_0p8/seed_42/splits/cifar10_split_seed42_clients5_alpha0p3_ref500.json,0.8,drift,16,conv2,1,1,1.0,0.9985532760620117,500
cka_feddst,cifar10,0.8,42,results/logs/cka_strength_sweep/cifar10_drift_all/strength_0p8/seed_42/splits/cifar10_split_seed42_clients5_alpha0p3_ref500.json,0.8,drift,16,conv2,1,2,0.9999947547912598,0.9985532760620117,500
cka_feddst,cifar10,0.8,42,results/logs/cka_strength_sweep/cifar10_drift_all/strength_0p8/seed_42/splits/cifar10_split_seed42_clients5_alpha0p3_ref500.json,0.8,drift,16,conv2,1,3,0.995887041091919,0.9985532760620117,500
cka_feddst,cifar10,0.8,42,results/logs/cka_strength_sweep/cifar10_drift_all/strength_0p8/seed_42/splits/cifar10_split_seed42_clients5_alpha0p3_ref500.json,0.8,drift,16,conv2,1,4,0.9992170333862305,0.9985532760620117,500
cka_feddst,cifar10,0.8,42,results/logs/cka_strength_sweep/cifar10_drift_all/strength_0p8/seed_42/splits/cifar10_split_seed42_clients5_alpha0p3_ref500.json,0.8,drift,16,conv2,2,0,0.9998844265937805,0.9985532760620117,500
cka_feddst,cifar10,0.8,42,results/logs/cka_strength_sweep/cifar10_drift_all/strength_0p8/seed_42/splits/cifar10_split_seed42_clients5_alpha0p3_ref500.json,0.8,drift,16,conv2,2,1,0.9999947547912598,0.9985532760620117,500
cka_feddst,cifar10,0.8,42,results/logs/cka_strength_sweep/cifar10_drift_all/strength_0p8/seed_42/splits/cifar10_split_seed42_clients5_alpha0p3_ref500.json,0.8,drift,16,conv2,2,2,1.0,0.9985532760620117,500
cka_feddst,cifar10,0.8,42,results/logs/cka_strength_sweep/cifar10_drift_all/strength_0p8/seed_42/splits/cifar10_split_seed42_clients5_alpha0p3_ref500.json,0.8,drift,16,conv2,2,3,0.9959282875061035,0.9985532760620117,500
cka_feddst,cifar10,0.8,42,results/logs/cka_strength_sweep/cifar10_drift_all/strength_0p8/seed_42/splits/cifar10_split_seed42_clients5_alpha0p3_ref500.json,0.8,drift,16,conv2,2,4,0.9992076754570007,0.9985532760620117,500
cka_feddst,cifar10,0.8,42,results/logs/cka_strength_sweep/cifar10_drift_all/strength_0p8/seed_42/splits/cifar10_split_seed42_clients5_alpha0p3_ref500.json,0.8,drift,16,conv2,3,0,0.9971718788146973,0.9985532760620117,500
cka_feddst,cifar10,0.8,42,results/logs/cka_strength_sweep/cifar10_drift_all/strength_0p8/seed_42/splits/cifar10_split_seed42_clients5_alpha0p3_ref500.json,0.8,drift,16,conv2,3,1,0.995887041091919,0.9985532760620117,500
cka_feddst,cifar10,0.8,42,results/logs/cka_strength_sweep/cifar10_drift_all/strength_0p8/seed_42/splits/cifar10_split_seed42_clients5_alpha0p3_ref500.json,0.8,drift,16,conv2,3,2,0.9959282875061035,0.9985532760620117,500
cka_feddst,cifar10,0.8,42,results/logs/cka_strength_sweep/cifar10_drift_all/strength_0p8/seed_42/splits/cifar10_split_seed42_clients5_alpha0p3_ref500.json,0.8,drift,16,conv2,3,3,1.0,0.9985532760620117,500
cka_feddst,cifar10,0.8,42,results/logs/cka_strength_sweep/cifar10_drift_all/strength_0p8/seed_42/splits/cifar10_split_seed42_clients5_alpha0p3_ref500.json,0.8,drift,16,conv2,3,4,0.9986571073532104,0.9985532760620117,500
cka_feddst,cifar10,0.8,42,results/logs/cka_strength_sweep/cifar10_drift_all/strength_0p8/seed_42/splits/cifar10_split_seed42_clients5_alpha0p3_ref500.json,0.8,drift,16,conv2,4,0,0.9997039437294006,0.9985532760620117,500
cka_feddst,cifar10,0.8,42,results/logs/cka_strength_sweep/cifar10_drift_all/strength_0p8/seed_42/splits/cifar10_split_seed42_clients5_alpha0p3_ref500.json,0.8,drift,16,conv2,4,1,0.9992170333862305,0.9985532760620117,500
cka_feddst,cifar10,0.8,42,results/logs/cka_strength_sweep/cifar10_drift_all/strength_0p8/seed_42/splits/cifar10_split_seed42_clients5_alpha0p3_ref500.json,0.8,drift,16,conv2,4,2,0.9992076754570007,0.9985532760620117,500
cka_feddst,cifar10,0.8,42,results/logs/cka_strength_sweep/cifar10_drift_all/strength_0p8/seed_42/splits/cifar10_split_seed42_clients5_alpha0p3_ref500.json,0.8,drift,16,conv2,4,3,0.9986571073532104,0.9985532760620117,500
cka_feddst,cifar10,0.8,42,results/logs/cka_strength_sweep/cifar10_drift_all/strength_0p8/seed_42/splits/cifar10_split_seed42_clients5_alpha0p3_ref500.json,0.8,drift,16,conv2,4,4,1.0,0.9985532760620117,500
cka_feddst,cifar10,0.8,42,results/logs/cka_strength_sweep/cifar10_drift_all/strength_0p8/seed_42/splits/cifar10_split_seed42_clients5_alpha0p3_ref500.json,0.8,drift,16,conv3,0,0,1.0,0.998412013053894,500
cka_feddst,cifar10,0.8,42,results/logs/cka_strength_sweep/cifar10_drift_all/strength_0p8/seed_42/splits/cifar10_split_seed42_clients5_alpha0p3_ref500.json,0.8,drift,16,conv3,0,1,0.9998568892478943,0.998412013053894,500
cka_feddst,cifar10,0.8,42,results/logs/cka_strength_sweep/cifar10_drift_all/strength_0p8/seed_42/splits/cifar10_split_seed42_clients5_alpha0p3_ref500.json,0.8,drift,16,conv3,0,2,0.9998739361763,0.998412013053894,500
cka_feddst,cifar10,0.8,42,results/logs/cka_strength_sweep/cifar10_drift_all/strength_0p8/seed_42/splits/cifar10_split_seed42_clients5_alpha0p3_ref500.json,0.8,drift,16,conv3,0,3,0.9969229698181152,0.998412013053894,500
cka_feddst,cifar10,0.8,42,results/logs/cka_strength_sweep/cifar10_drift_all/strength_0p8/seed_42/splits/cifar10_split_seed42_clients5_alpha0p3_ref500.json,0.8,drift,16,conv3,0,4,0.9996426701545715,0.998412013053894,500
cka_feddst,cifar10,0.8,42,results/logs/cka_strength_sweep/cifar10_drift_all/strength_0p8/seed_42/splits/cifar10_split_seed42_clients5_alpha0p3_ref500.json,0.8,drift,16,conv3,1,0,0.9998568892478943,0.998412013053894,500
cka_feddst,cifar10,0.8,42,results/logs/cka_strength_sweep/cifar10_drift_all/strength_0p8/seed_42/splits/cifar10_split_seed42_clients5_alpha0p3_ref500.json,0.8,drift,16,conv3,1,1,1.0,0.998412013053894,500
cka_feddst,cifar10,0.8,42,results/logs/cka_strength_sweep/cifar10_drift_all/strength_0p8/seed_42/splits/cifar10_split_seed42_clients5_alpha0p3_ref500.json,0.8,drift,16,conv3,1,2,0.9999867081642151,0.998412013053894,500
cka_feddst,cifar10,0.8,42,results/logs/cka_strength_sweep/cifar10_drift_all/strength_0p8/seed_42/splits/cifar10_split_seed42_clients5_alpha0p3_ref500.json,0.8,drift,16,conv3,1,3,0.9955143928527832,0.998412013053894,500
cka_feddst,cifar10,0.8,42,results/logs/cka_strength_sweep/cifar10_drift_all/strength_0p8/seed_42/splits/cifar10_split_seed42_clients5_alpha0p3_ref500.json,0.8,drift,16,conv3,1,4,0.9991641640663147,0.998412013053894,500
cka_feddst,cifar10,0.8,42,results/logs/cka_strength_sweep/cifar10_drift_all/strength_0p8/seed_42/splits/cifar10_split_seed42_clients5_alpha0p3_ref500.json,0.8,drift,16,conv3,2,0,0.9998739361763,0.998412013053894,500
cka_feddst,cifar10,0.8,42,results/logs/cka_strength_sweep/cifar10_drift_all/strength_0p8/seed_42/splits/cifar10_split_seed42_clients5_alpha0p3_ref500.json,0.8,drift,16,conv3,2,1,0.9999867081642151,0.998412013053894,500
cka_feddst,cifar10,0.8,42,results/logs/cka_strength_sweep/cifar10_drift_all/strength_0p8/seed_42/splits/cifar10_split_seed42_clients5_alpha0p3_ref500.json,0.8,drift,16,conv3,2,2,1.0,0.998412013053894,500
cka_feddst,cifar10,0.8,42,results/logs/cka_strength_sweep/cifar10_drift_all/strength_0p8/seed_42/splits/cifar10_split_seed42_clients5_alpha0p3_ref500.json,0.8,drift,16,conv3,2,3,0.9955761432647705,0.998412013053894,500
cka_feddst,cifar10,0.8,42,results/logs/cka_strength_sweep/cifar10_drift_all/strength_0p8/seed_42/splits/cifar10_split_seed42_clients5_alpha0p3_ref500.json,0.8,drift,16,conv3,2,4,0.999129593372345,0.998412013053894,500
cka_feddst,cifar10,0.8,42,results/logs/cka_strength_sweep/cifar10_drift_all/strength_0p8/seed_42/splits/cifar10_split_seed42_clients5_alpha0p3_ref500.json,0.8,drift,16,conv3,3,0,0.9969229698181152,0.998412013053894,500
cka_feddst,cifar10,0.8,42,results/logs/cka_strength_sweep/cifar10_drift_all/strength_0p8/seed_42/splits/cifar10_split_seed42_clients5_alpha0p3_ref500.json,0.8,drift,16,conv3,3,1,0.9955143928527832,0.998412013053894,500
cka_feddst,cifar10,0.8,42,results/logs/cka_strength_sweep/cifar10_drift_all/strength_0p8/seed_42/splits/cifar10_split_seed42_clients5_alpha0p3_ref500.json,0.8,drift,16,conv3,3,2,0.9955761432647705,0.998412013053894,500
cka_feddst,cifar10,0.8,42,results/logs/cka_strength_sweep/cifar10_drift_all/strength_0p8/seed_42/splits/cifar10_split_seed42_clients5_alpha0p3_ref500.json,0.8,drift,16,conv3,3,3,1.0,0.998412013053894,500
cka_feddst,cifar10,0.8,42,results/logs/cka_strength_sweep/cifar10_drift_all/strength_0p8/seed_42/splits/cifar10_split_seed42_clients5_alpha0p3_ref500.json,0.8,drift,16,conv3,3,4,0.9984527826309204,0.998412013053894,500
cka_feddst,cifar10,0.8,42,results/logs/cka_strength_sweep/cifar10_drift_all/strength_0p8/seed_42/splits/cifar10_split_seed42_clients5_alpha0p3_ref500.json,0.8,drift,16,conv3,4,0,0.9996426701545715,0.998412013053894,500
cka_feddst,cifar10,0.8,42,results/logs/cka_strength_sweep/cifar10_drift_all/strength_0p8/seed_42/splits/cifar10_split_seed42_clients5_alpha0p3_ref500.json,0.8,drift,16,conv3,4,1,0.9991641640663147,0.998412013053894,500
cka_feddst,cifar10,0.8,42,results/logs/cka_strength_sweep/cifar10_drift_all/strength_0p8/seed_42/splits/cifar10_split_seed42_clients5_alpha0p3_ref500.json,0.8,drift,16,conv3,4,2,0.999129593372345,0.998412013053894,500
cka_feddst,cifar10,0.8,42,results/logs/cka_strength_sweep/cifar10_drift_all/strength_0p8/seed_42/splits/cifar10_split_seed42_clients5_alpha0p3_ref500.json,0.8,drift,16,conv3,4,3,0.9984527826309204,0.998412013053894,500
cka_feddst,cifar10,0.8,42,results/logs/cka_strength_sweep/cifar10_drift_all/strength_0p8/seed_42/splits/cifar10_split_seed42_clients5_alpha0p3_ref500.json,0.8,drift,16,conv3,4,4,1.0,0.998412013053894,500
cka_feddst,cifar10,0.8,42,results/logs/cka_strength_sweep/cifar10_drift_all/strength_0p8/seed_42/splits/cifar10_split_seed42_clients5_alpha0p3_ref500.json,0.8,drift,16,fc1,0,0,1.0,0.9785927534103394,500
cka_feddst,cifar10,0.8,42,results/logs/cka_strength_sweep/cifar10_drift_all/strength_0p8/seed_42/splits/cifar10_split_seed42_clients5_alpha0p3_ref500.json,0.8,drift,16,fc1,0,1,0.9722284078598022,0.9785927534103394,500
cka_feddst,cifar10,0.8,42,results/logs/cka_strength_sweep/cifar10_drift_all/strength_0p8/seed_42/splits/cifar10_split_seed42_clients5_alpha0p3_ref500.json,0.8,drift,16,fc1,0,2,0.9760668873786926,0.9785927534103394,500
cka_feddst,cifar10,0.8,42,results/logs/cka_strength_sweep/cifar10_drift_all/strength_0p8/seed_42/splits/cifar10_split_seed42_clients5_alpha0p3_ref500.json,0.8,drift,16,fc1,0,3,0.9697229862213135,0.9785927534103394,500
cka_feddst,cifar10,0.8,42,results/logs/cka_strength_sweep/cifar10_drift_all/strength_0p8/seed_42/splits/cifar10_split_seed42_clients5_alpha0p3_ref500.json,0.8,drift,16,fc1,0,4,0.973223090171814,0.9785927534103394,500
cka_feddst,cifar10,0.8,42,results/logs/cka_strength_sweep/cifar10_drift_all/strength_0p8/seed_42/splits/cifar10_split_seed42_clients5_alpha0p3_ref500.json,0.8,drift,16,fc1,1,0,0.9722284078598022,0.9785927534103394,500
cka_feddst,cifar10,0.8,42,results/logs/cka_strength_sweep/cifar10_drift_all/strength_0p8/seed_42/splits/cifar10_split_seed42_clients5_alpha0p3_ref500.json,0.8,drift,16,fc1,1,1,1.0,0.9785927534103394,500
cka_feddst,cifar10,0.8,42,results/logs/cka_strength_sweep/cifar10_drift_all/strength_0p8/seed_42/splits/cifar10_split_seed42_clients5_alpha0p3_ref500.json,0.8,drift,16,fc1,1,2,0.9765338897705078,0.9785927534103394,500
cka_feddst,cifar10,0.8,42,results/logs/cka_strength_sweep/cifar10_drift_all/strength_0p8/seed_42/splits/cifar10_split_seed42_clients5_alpha0p3_ref500.json,0.8,drift,16,fc1,1,3,0.9624926447868347,0.9785927534103394,500
cka_feddst,cifar10,0.8,42,results/logs/cka_strength_sweep/cifar10_drift_all/strength_0p8/seed_42/splits/cifar10_split_seed42_clients5_alpha0p3_ref500.json,0.8,drift,16,fc1,1,4,0.978665292263031,0.9785927534103394,500
cka_feddst,cifar10,0.8,42,results/logs/cka_strength_sweep/cifar10_drift_all/strength_0p8/seed_42/splits/cifar10_split_seed42_clients5_alpha0p3_ref500.json,0.8,drift,16,fc1,2,0,0.9760668873786926,0.9785927534103394,500
cka_feddst,cifar10,0.8,42,results/logs/cka_strength_sweep/cifar10_drift_all/strength_0p8/seed_42/splits/cifar10_split_seed42_clients5_alpha0p3_ref500.json,0.8,drift,16,fc1,2,1,0.9765338897705078,0.9785927534103394,500
cka_feddst,cifar10,0.8,42,results/logs/cka_strength_sweep/cifar10_drift_all/strength_0p8/seed_42/splits/cifar10_split_seed42_clients5_alpha0p3_ref500.json,0.8,drift,16,fc1,2,2,1.0,0.9785927534103394,500
cka_feddst,cifar10,0.8,42,results/logs/cka_strength_sweep/cifar10_drift_all/strength_0p8/seed_42/splits/cifar10_split_seed42_clients5_alpha0p3_ref500.json,0.8,drift,16,fc1,2,3,0.9901145696640015,0.9785927534103394,500
cka_feddst,cifar10,0.8,42,results/logs/cka_strength_sweep/cifar10_drift_all/strength_0p8/seed_42/splits/cifar10_split_seed42_clients5_alpha0p3_ref500.json,0.8,drift,16,fc1,2,4,0.9938135743141174,0.9785927534103394,500
cka_feddst,cifar10,0.8,42,results/logs/cka_strength_sweep/cifar10_drift_all/strength_0p8/seed_42/splits/cifar10_split_seed42_clients5_alpha0p3_ref500.json,0.8,drift,16,fc1,3,0,0.9697229862213135,0.9785927534103394,500
cka_feddst,cifar10,0.8,42,results/logs/cka_strength_sweep/cifar10_drift_all/strength_0p8/seed_42/splits/cifar10_split_seed42_clients5_alpha0p3_ref500.json,0.8,drift,16,fc1,3,1,0.9624926447868347,0.9785927534103394,500
cka_feddst,cifar10,0.8,42,results/logs/cka_strength_sweep/cifar10_drift_all/strength_0p8/seed_42/splits/cifar10_split_seed42_clients5_alpha0p3_ref500.json,0.8,drift,16,fc1,3,2,0.9901145696640015,0.9785927534103394,500
cka_feddst,cifar10,0.8,42,results/logs/cka_strength_sweep/cifar10_drift_all/strength_0p8/seed_42/splits/cifar10_split_seed42_clients5_alpha0p3_ref500.json,0.8,drift,16,fc1,3,3,1.0,0.9785927534103394,500
cka_feddst,cifar10,0.8,42,results/logs/cka_strength_sweep/cifar10_drift_all/strength_0p8/seed_42/splits/cifar10_split_seed42_clients5_alpha0p3_ref500.json,0.8,drift,16,fc1,3,4,0.99306720495224,0.9785927534103394,500
cka_feddst,cifar10,0.8,42,results/logs/cka_strength_sweep/cifar10_drift_all/strength_0p8/seed_42/splits/cifar10_split_seed42_clients5_alpha0p3_ref500.json,0.8,drift,16,fc1,4,0,0.973223090171814,0.9785927534103394,500
cka_feddst,cifar10,0.8,42,results/logs/cka_strength_sweep/cifar10_drift_all/strength_0p8/seed_42/splits/cifar10_split_seed42_clients5_alpha0p3_ref500.json,0.8,drift,16,fc1,4,1,0.978665292263031,0.9785927534103394,500
cka_feddst,cifar10,0.8,42,results/logs/cka_strength_sweep/cifar10_drift_all/strength_0p8/seed_42/splits/cifar10_split_seed42_clients5_alpha0p3_ref500.json,0.8,drift,16,fc1,4,2,0.9938135743141174,0.9785927534103394,500
cka_feddst,cifar10,0.8,42,results/logs/cka_strength_sweep/cifar10_drift_all/strength_0p8/seed_42/splits/cifar10_split_seed42_clients5_alpha0p3_ref500.json,0.8,drift,16,fc1,4,3,0.99306720495224,0.9785927534103394,500
cka_feddst,cifar10,0.8,42,results/logs/cka_strength_sweep/cifar10_drift_all/strength_0p8/seed_42/splits/cifar10_split_seed42_clients5_alpha0p3_ref500.json,0.8,drift,16,fc1,4,4,1.0,0.9785927534103394,500
cka_feddst,cifar10,0.8,42,results/logs/cka_strength_sweep/cifar10_drift_all/strength_0p8/seed_42/splits/cifar10_split_seed42_clients5_alpha0p3_ref500.json,0.8,drift,18,conv1,0,0,1.0,0.9998064041137695,500
cka_feddst,cifar10,0.8,42,results/logs/cka_strength_sweep/cifar10_drift_all/strength_0p8/seed_42/splits/cifar10_split_seed42_clients5_alpha0p3_ref500.json,0.8,drift,18,conv1,0,1,0.9999818205833435,0.9998064041137695,500
cka_feddst,cifar10,0.8,42,results/logs/cka_strength_sweep/cifar10_drift_all/strength_0p8/seed_42/splits/cifar10_split_seed42_clients5_alpha0p3_ref500.json,0.8,drift,18,conv1,0,2,0.9999842047691345,0.9998064041137695,500
cka_feddst,cifar10,0.8,42,results/logs/cka_strength_sweep/cifar10_drift_all/strength_0p8/seed_42/splits/cifar10_split_seed42_clients5_alpha0p3_ref500.json,0.8,drift,18,conv1,0,3,0.9996635913848877,0.9998064041137695,500
cka_feddst,cifar10,0.8,42,results/logs/cka_strength_sweep/cifar10_drift_all/strength_0p8/seed_42/splits/cifar10_split_seed42_clients5_alpha0p3_ref500.json,0.8,drift,18,conv1,0,4,0.9999257922172546,0.9998064041137695,500
cka_feddst,cifar10,0.8,42,results/logs/cka_strength_sweep/cifar10_drift_all/strength_0p8/seed_42/splits/cifar10_split_seed42_clients5_alpha0p3_ref500.json,0.8,drift,18,conv1,1,0,0.9999818205833435,0.9998064041137695,500
cka_feddst,cifar10,0.8,42,results/logs/cka_strength_sweep/cifar10_drift_all/strength_0p8/seed_42/splits/cifar10_split_seed42_clients5_alpha0p3_ref500.json,0.8,drift,18,conv1,1,1,1.0,0.9998064041137695,500
cka_feddst,cifar10,0.8,42,results/logs/cka_strength_sweep/cifar10_drift_all/strength_0p8/seed_42/splits/cifar10_split_seed42_clients5_alpha0p3_ref500.json,0.8,drift,18,conv1,1,2,1.0,0.9998064041137695,500
cka_feddst,cifar10,0.8,42,results/logs/cka_strength_sweep/cifar10_drift_all/strength_0p8/seed_42/splits/cifar10_split_seed42_clients5_alpha0p3_ref500.json,0.8,drift,18,conv1,1,3,0.9994681477546692,0.9998064041137695,500
cka_feddst,cifar10,0.8,42,results/logs/cka_strength_sweep/cifar10_drift_all/strength_0p8/seed_42/splits/cifar10_split_seed42_clients5_alpha0p3_ref500.json,0.8,drift,18,conv1,1,4,0.9998241662979126,0.9998064041137695,500
cka_feddst,cifar10,0.8,42,results/logs/cka_strength_sweep/cifar10_drift_all/strength_0p8/seed_42/splits/cifar10_split_seed42_clients5_alpha0p3_ref500.json,0.8,drift,18,conv1,2,0,0.9999842047691345,0.9998064041137695,500
cka_feddst,cifar10,0.8,42,results/logs/cka_strength_sweep/cifar10_drift_all/strength_0p8/seed_42/splits/cifar10_split_seed42_clients5_alpha0p3_ref500.json,0.8,drift,18,conv1,2,1,1.0,0.9998064041137695,500
cka_feddst,cifar10,0.8,42,results/logs/cka_strength_sweep/cifar10_drift_all/strength_0p8/seed_42/splits/cifar10_split_seed42_clients5_alpha0p3_ref500.json,0.8,drift,18,conv1,2,2,1.0,0.9998064041137695,500
cka_feddst,cifar10,0.8,42,results/logs/cka_strength_sweep/cifar10_drift_all/strength_0p8/seed_42/splits/cifar10_split_seed42_clients5_alpha0p3_ref500.json,0.8,drift,18,conv1,2,3,0.9994905591011047,0.9998064041137695,500
cka_feddst,cifar10,0.8,42,results/logs/cka_strength_sweep/cifar10_drift_all/strength_0p8/seed_42/splits/cifar10_split_seed42_clients5_alpha0p3_ref500.json,0.8,drift,18,conv1,2,4,0.9998299479484558,0.9998064041137695,500
cka_feddst,cifar10,0.8,42,results/logs/cka_strength_sweep/cifar10_drift_all/strength_0p8/seed_42/splits/cifar10_split_seed42_clients5_alpha0p3_ref500.json,0.8,drift,18,conv1,3,0,0.9996635913848877,0.9998064041137695,500
cka_feddst,cifar10,0.8,42,results/logs/cka_strength_sweep/cifar10_drift_all/strength_0p8/seed_42/splits/cifar10_split_seed42_clients5_alpha0p3_ref500.json,0.8,drift,18,conv1,3,1,0.9994681477546692,0.9998064041137695,500
cka_feddst,cifar10,0.8,42,results/logs/cka_strength_sweep/cifar10_drift_all/strength_0p8/seed_42/splits/cifar10_split_seed42_clients5_alpha0p3_ref500.json,0.8,drift,18,conv1,3,2,0.9994905591011047,0.9998064041137695,500
cka_feddst,cifar10,0.8,42,results/logs/cka_strength_sweep/cifar10_drift_all/strength_0p8/seed_42/splits/cifar10_split_seed42_clients5_alpha0p3_ref500.json,0.8,drift,18,conv1,3,3,1.0,0.9998064041137695,500
cka_feddst,cifar10,0.8,42,results/logs/cka_strength_sweep/cifar10_drift_all/strength_0p8/seed_42/splits/cifar10_split_seed42_clients5_alpha0p3_ref500.json,0.8,drift,18,conv1,3,4,0.9998957514762878,0.9998064041137695,500
cka_feddst,cifar10,0.8,42,results/logs/cka_strength_sweep/cifar10_drift_all/strength_0p8/seed_42/splits/cifar10_split_seed42_clients5_alpha0p3_ref500.json,0.8,drift,18,conv1,4,0,0.9999257922172546,0.9998064041137695,500
cka_feddst,cifar10,0.8,42,results/logs/cka_strength_sweep/cifar10_drift_all/strength_0p8/seed_42/splits/cifar10_split_seed42_clients5_alpha0p3_ref500.json,0.8,drift,18,conv1,4,1,0.9998241662979126,0.9998064041137695,500
cka_feddst,cifar10,0.8,42,results/logs/cka_strength_sweep/cifar10_drift_all/strength_0p8/seed_42/splits/cifar10_split_seed42_clients5_alpha0p3_ref500.json,0.8,drift,18,conv1,4,2,0.9998299479484558,0.9998064041137695,500
cka_feddst,cifar10,0.8,42,results/logs/cka_strength_sweep/cifar10_drift_all/strength_0p8/seed_42/splits/cifar10_split_seed42_clients5_alpha0p3_ref500.json,0.8,drift,18,conv1,4,3,0.9998957514762878,0.9998064041137695,500
cka_feddst,cifar10,0.8,42,results/logs/cka_strength_sweep/cifar10_drift_all/strength_0p8/seed_42/splits/cifar10_split_seed42_clients5_alpha0p3_ref500.json,0.8,drift,18,conv1,4,4,1.0,0.9998064041137695,500
cka_feddst,cifar10,0.8,42,results/logs/cka_strength_sweep/cifar10_drift_all/strength_0p8/seed_42/splits/cifar10_split_seed42_clients5_alpha0p3_ref500.json,0.8,drift,18,conv2,0,0,1.0,0.9988287687301636,500
cka_feddst,cifar10,0.8,42,results/logs/cka_strength_sweep/cifar10_drift_all/strength_0p8/seed_42/splits/cifar10_split_seed42_clients5_alpha0p3_ref500.json,0.8,drift,18,conv2,0,1,0.9998525977134705,0.9988287687301636,500
cka_feddst,cifar10,0.8,42,results/logs/cka_strength_sweep/cifar10_drift_all/strength_0p8/seed_42/splits/cifar10_split_seed42_clients5_alpha0p3_ref500.json,0.8,drift,18,conv2,0,2,0.9998440742492676,0.9988287687301636,500
cka_feddst,cifar10,0.8,42,results/logs/cka_strength_sweep/cifar10_drift_all/strength_0p8/seed_42/splits/cifar10_split_seed42_clients5_alpha0p3_ref500.json,0.8,drift,18,conv2,0,3,0.9979195594787598,0.9988287687301636,500
cka_feddst,cifar10,0.8,42,results/logs/cka_strength_sweep/cifar10_drift_all/strength_0p8/seed_42/splits/cifar10_split_seed42_clients5_alpha0p3_ref500.json,0.8,drift,18,conv2,0,4,0.9998012185096741,0.9988287687301636,500
cka_feddst,cifar10,0.8,42,results/logs/cka_strength_sweep/cifar10_drift_all/strength_0p8/seed_42/splits/cifar10_split_seed42_clients5_alpha0p3_ref500.json,0.8,drift,18,conv2,1,0,0.9998525977134705,0.9988287687301636,500
cka_feddst,cifar10,0.8,42,results/logs/cka_strength_sweep/cifar10_drift_all/strength_0p8/seed_42/splits/cifar10_split_seed42_clients5_alpha0p3_ref500.json,0.8,drift,18,conv2,1,1,1.0,0.9988287687301636,500
cka_feddst,cifar10,0.8,42,results/logs/cka_strength_sweep/cifar10_drift_all/strength_0p8/seed_42/splits/cifar10_split_seed42_clients5_alpha0p3_ref500.json,0.8,drift,18,conv2,1,2,0.9999964833259583,0.9988287687301636,500
cka_feddst,cifar10,0.8,42,results/logs/cka_strength_sweep/cifar10_drift_all/strength_0p8/seed_42/splits/cifar10_split_seed42_clients5_alpha0p3_ref500.json,0.8,drift,18,conv2,1,3,0.9966627359390259,0.9988287687301636,500
cka_feddst,cifar10,0.8,42,results/logs/cka_strength_sweep/cifar10_drift_all/strength_0p8/seed_42/splits/cifar10_split_seed42_clients5_alpha0p3_ref500.json,0.8,drift,18,conv2,1,4,0.99932461977005,0.9988287687301636,500
cka_feddst,cifar10,0.8,42,results/logs/cka_strength_sweep/cifar10_drift_all/strength_0p8/seed_42/splits/cifar10_split_seed42_clients5_alpha0p3_ref500.json,0.8,drift,18,conv2,2,0,0.9998440742492676,0.9988287687301636,500
cka_feddst,cifar10,0.8,42,results/logs/cka_strength_sweep/cifar10_drift_all/strength_0p8/seed_42/splits/cifar10_split_seed42_clients5_alpha0p3_ref500.json,0.8,drift,18,conv2,2,1,0.9999964833259583,0.9988287687301636,500
cka_feddst,cifar10,0.8,42,results/logs/cka_strength_sweep/cifar10_drift_all/strength_0p8/seed_42/splits/cifar10_split_seed42_clients5_alpha0p3_ref500.json,0.8,drift,18,conv2,2,2,1.0,0.9988287687301636,500
cka_feddst,cifar10,0.8,42,results/logs/cka_strength_sweep/cifar10_drift_all/strength_0p8/seed_42/splits/cifar10_split_seed42_clients5_alpha0p3_ref500.json,0.8,drift,18,conv2,2,3,0.9966328144073486,0.9988287687301636,500
cka_feddst,cifar10,0.8,42,results/logs/cka_strength_sweep/cifar10_drift_all/strength_0p8/seed_42/splits/cifar10_split_seed42_clients5_alpha0p3_ref500.json,0.8,drift,18,conv2,2,4,0.9992895722389221,0.9988287687301636,500
cka_feddst,cifar10,0.8,42,results/logs/cka_strength_sweep/cifar10_drift_all/strength_0p8/seed_42/splits/cifar10_split_seed42_clients5_alpha0p3_ref500.json,0.8,drift,18,conv2,3,0,0.9979195594787598,0.9988287687301636,500
cka_feddst,cifar10,0.8,42,results/logs/cka_strength_sweep/cifar10_drift_all/strength_0p8/seed_42/splits/cifar10_split_seed42_clients5_alpha0p3_ref500.json,0.8,drift,18,conv2,3,1,0.9966627359390259,0.9988287687301636,500
cka_feddst,cifar10,0.8,42,results/logs/cka_strength_sweep/cifar10_drift_all/strength_0p8/seed_42/splits/cifar10_split_seed42_clients5_alpha0p3_ref500.json,0.8,drift,18,conv2,3,2,0.9966328144073486,0.9988287687301636,500
cka_feddst,cifar10,0.8,42,results/logs/cka_strength_sweep/cifar10_drift_all/strength_0p8/seed_42/splits/cifar10_split_seed42_clients5_alpha0p3_ref500.json,0.8,drift,18,conv2,3,3,1.0,0.9988287687301636,500
cka_feddst,cifar10,0.8,42,results/logs/cka_strength_sweep/cifar10_drift_all/strength_0p8/seed_42/splits/cifar10_split_seed42_clients5_alpha0p3_ref500.json,0.8,drift,18,conv2,3,4,0.9989646077156067,0.9988287687301636,500
cka_feddst,cifar10,0.8,42,results/logs/cka_strength_sweep/cifar10_drift_all/strength_0p8/seed_42/splits/cifar10_split_seed42_clients5_alpha0p3_ref500.json,0.8,drift,18,conv2,4,0,0.9998012185096741,0.9988287687301636,500
cka_feddst,cifar10,0.8,42,results/logs/cka_strength_sweep/cifar10_drift_all/strength_0p8/seed_42/splits/cifar10_split_seed42_clients5_alpha0p3_ref500.json,0.8,drift,18,conv2,4,1,0.99932461977005,0.9988287687301636,500
cka_feddst,cifar10,0.8,42,results/logs/cka_strength_sweep/cifar10_drift_all/strength_0p8/seed_42/splits/cifar10_split_seed42_clients5_alpha0p3_ref500.json,0.8,drift,18,conv2,4,2,0.9992895722389221,0.9988287687301636,500
cka_feddst,cifar10,0.8,42,results/logs/cka_strength_sweep/cifar10_drift_all/strength_0p8/seed_42/splits/cifar10_split_seed42_clients5_alpha0p3_ref500.json,0.8,drift,18,conv2,4,3,0.9989646077156067,0.9988287687301636,500
cka_feddst,cifar10,0.8,42,results/logs/cka_strength_sweep/cifar10_drift_all/strength_0p8/seed_42/splits/cifar10_split_seed42_clients5_alpha0p3_ref500.json,0.8,drift,18,conv2,4,4,1.0,0.9988287687301636,500
cka_feddst,cifar10,0.8,42,results/logs/cka_strength_sweep/cifar10_drift_all/strength_0p8/seed_42/splits/cifar10_split_seed42_clients5_alpha0p3_ref500.json,0.8,drift,18,conv3,0,0,1.0,0.9987218976020813,500
cka_feddst,cifar10,0.8,42,results/logs/cka_strength_sweep/cifar10_drift_all/strength_0p8/seed_42/splits/cifar10_split_seed42_clients5_alpha0p3_ref500.json,0.8,drift,18,conv3,0,1,0.9998366236686707,0.9987218976020813,500
cka_feddst,cifar10,0.8,42,results/logs/cka_strength_sweep/cifar10_drift_all/strength_0p8/seed_42/splits/cifar10_split_seed42_clients5_alpha0p3_ref500.json,0.8,drift,18,conv3,0,2,0.9998331665992737,0.9987218976020813,500
cka_feddst,cifar10,0.8,42,results/logs/cka_strength_sweep/cifar10_drift_all/strength_0p8/seed_42/splits/cifar10_split_seed42_clients5_alpha0p3_ref500.json,0.8,drift,18,conv3,0,3,0.997756838798523,0.9987218976020813,500
cka_feddst,cifar10,0.8,42,results/logs/cka_strength_sweep/cifar10_drift_all/strength_0p8/seed_42/splits/cifar10_split_seed42_clients5_alpha0p3_ref500.json,0.8,drift,18,conv3,0,4,0.999748170375824,0.9987218976020813,500
cka_feddst,cifar10,0.8,42,results/logs/cka_strength_sweep/cifar10_drift_all/strength_0p8/seed_42/splits/cifar10_split_seed42_clients5_alpha0p3_ref500.json,0.8,drift,18,conv3,1,0,0.9998366236686707,0.9987218976020813,500
cka_feddst,cifar10,0.8,42,results/logs/cka_strength_sweep/cifar10_drift_all/strength_0p8/seed_42/splits/cifar10_split_seed42_clients5_alpha0p3_ref500.json,0.8,drift,18,conv3,1,1,1.0,0.9987218976020813,500
cka_feddst,cifar10,0.8,42,results/logs/cka_strength_sweep/cifar10_drift_all/strength_0p8/seed_42/splits/cifar10_split_seed42_clients5_alpha0p3_ref500.json,0.8,drift,18,conv3,1,2,0.999981701374054,0.9987218976020813,500
cka_feddst,cifar10,0.8,42,results/logs/cka_strength_sweep/cifar10_drift_all/strength_0p8/seed_42/splits/cifar10_split_seed42_clients5_alpha0p3_ref500.json,0.8,drift,18,conv3,1,3,0.9964041113853455,0.9987218976020813,500
cka_feddst,cifar10,0.8,42,results/logs/cka_strength_sweep/cifar10_drift_all/strength_0p8/seed_42/splits/cifar10_split_seed42_clients5_alpha0p3_ref500.json,0.8,drift,18,conv3,1,4,0.9992685317993164,0.9987218976020813,500
cka_feddst,cifar10,0.8,42,results/logs/cka_strength_sweep/cifar10_drift_all/strength_0p8/seed_42/splits/cifar10_split_seed42_clients5_alpha0p3_ref500.json,0.8,drift,18,conv3,2,0,0.9998331665992737,0.9987218976020813,500
cka_feddst,cifar10,0.8,42,results/logs/cka_strength_sweep/cifar10_drift_all/strength_0p8/seed_42/splits/cifar10_split_seed42_clients5_alpha0p3_ref500.json,0.8,drift,18,conv3,2,1,0.999981701374054,0.9987218976020813,500
cka_feddst,cifar10,0.8,42,results/logs/cka_strength_sweep/cifar10_drift_all/strength_0p8/seed_42/splits/cifar10_split_seed42_clients5_alpha0p3_ref500.json,0.8,drift,18,conv3,2,2,1.0,0.9987218976020813,500
cka_feddst,cifar10,0.8,42,results/logs/cka_strength_sweep/cifar10_drift_all/strength_0p8/seed_42/splits/cifar10_split_seed42_clients5_alpha0p3_ref500.json,0.8,drift,18,conv3,2,3,0.9963770508766174,0.9987218976020813,500
cka_feddst,cifar10,0.8,42,results/logs/cka_strength_sweep/cifar10_drift_all/strength_0p8/seed_42/splits/cifar10_split_seed42_clients5_alpha0p3_ref500.json,0.8,drift,18,conv3,2,4,0.9991914629936218,0.9987218976020813,500
cka_feddst,cifar10,0.8,42,results/logs/cka_strength_sweep/cifar10_drift_all/strength_0p8/seed_42/splits/cifar10_split_seed42_clients5_alpha0p3_ref500.json,0.8,drift,18,conv3,3,0,0.997756838798523,0.9987218976020813,500
cka_feddst,cifar10,0.8,42,results/logs/cka_strength_sweep/cifar10_drift_all/strength_0p8/seed_42/splits/cifar10_split_seed42_clients5_alpha0p3_ref500.json,0.8,drift,18,conv3,3,1,0.9964041113853455,0.9987218976020813,500
cka_feddst,cifar10,0.8,42,results/logs/cka_strength_sweep/cifar10_drift_all/strength_0p8/seed_42/splits/cifar10_split_seed42_clients5_alpha0p3_ref500.json,0.8,drift,18,conv3,3,2,0.9963770508766174,0.9987218976020813,500
cka_feddst,cifar10,0.8,42,results/logs/cka_strength_sweep/cifar10_drift_all/strength_0p8/seed_42/splits/cifar10_split_seed42_clients5_alpha0p3_ref500.json,0.8,drift,18,conv3,3,3,1.0,0.9987218976020813,500
cka_feddst,cifar10,0.8,42,results/logs/cka_strength_sweep/cifar10_drift_all/strength_0p8/seed_42/splits/cifar10_split_seed42_clients5_alpha0p3_ref500.json,0.8,drift,18,conv3,3,4,0.9988211393356323,0.9987218976020813,500
cka_feddst,cifar10,0.8,42,results/logs/cka_strength_sweep/cifar10_drift_all/strength_0p8/seed_42/splits/cifar10_split_seed42_clients5_alpha0p3_ref500.json,0.8,drift,18,conv3,4,0,0.999748170375824,0.9987218976020813,500
cka_feddst,cifar10,0.8,42,results/logs/cka_strength_sweep/cifar10_drift_all/strength_0p8/seed_42/splits/cifar10_split_seed42_clients5_alpha0p3_ref500.json,0.8,drift,18,conv3,4,1,0.9992685317993164,0.9987218976020813,500
cka_feddst,cifar10,0.8,42,results/logs/cka_strength_sweep/cifar10_drift_all/strength_0p8/seed_42/splits/cifar10_split_seed42_clients5_alpha0p3_ref500.json,0.8,drift,18,conv3,4,2,0.9991914629936218,0.9987218976020813,500
cka_feddst,cifar10,0.8,42,results/logs/cka_strength_sweep/cifar10_drift_all/strength_0p8/seed_42/splits/cifar10_split_seed42_clients5_alpha0p3_ref500.json,0.8,drift,18,conv3,4,3,0.9988211393356323,0.9987218976020813,500
cka_feddst,cifar10,0.8,42,results/logs/cka_strength_sweep/cifar10_drift_all/strength_0p8/seed_42/splits/cifar10_split_seed42_clients5_alpha0p3_ref500.json,0.8,drift,18,conv3,4,4,1.0,0.9987218976020813,500
cka_feddst,cifar10,0.8,42,results/logs/cka_strength_sweep/cifar10_drift_all/strength_0p8/seed_42/splits/cifar10_split_seed42_clients5_alpha0p3_ref500.json,0.8,drift,18,fc1,0,0,1.0,0.9777325391769409,500
cka_feddst,cifar10,0.8,42,results/logs/cka_strength_sweep/cifar10_drift_all/strength_0p8/seed_42/splits/cifar10_split_seed42_clients5_alpha0p3_ref500.json,0.8,drift,18,fc1,0,1,0.9694895148277283,0.9777325391769409,500
cka_feddst,cifar10,0.8,42,results/logs/cka_strength_sweep/cifar10_drift_all/strength_0p8/seed_42/splits/cifar10_split_seed42_clients5_alpha0p3_ref500.json,0.8,drift,18,fc1,0,2,0.9657367467880249,0.9777325391769409,500
cka_feddst,cifar10,0.8,42,results/logs/cka_strength_sweep/cifar10_drift_all/strength_0p8/seed_42/splits/cifar10_split_seed42_clients5_alpha0p3_ref500.json,0.8,drift,18,fc1,0,3,0.9745841026306152,0.9777325391769409,500
cka_feddst,cifar10,0.8,42,results/logs/cka_strength_sweep/cifar10_drift_all/strength_0p8/seed_42/splits/cifar10_split_seed42_clients5_alpha0p3_ref500.json,0.8,drift,18,fc1,0,4,0.9755443334579468,0.9777325391769409,500
cka_feddst,cifar10,0.8,42,results/logs/cka_strength_sweep/cifar10_drift_all/strength_0p8/seed_42/splits/cifar10_split_seed42_clients5_alpha0p3_ref500.json,0.8,drift,18,fc1,1,0,0.9694895148277283,0.9777325391769409,500
cka_feddst,cifar10,0.8,42,results/logs/cka_strength_sweep/cifar10_drift_all/strength_0p8/seed_42/splits/cifar10_split_seed42_clients5_alpha0p3_ref500.json,0.8,drift,18,fc1,1,1,1.0,0.9777325391769409,500
cka_feddst,cifar10,0.8,42,results/logs/cka_strength_sweep/cifar10_drift_all/strength_0p8/seed_42/splits/cifar10_split_seed42_clients5_alpha0p3_ref500.json,0.8,drift,18,fc1,1,2,0.9705224633216858,0.9777325391769409,500
cka_feddst,cifar10,0.8,42,results/logs/cka_strength_sweep/cifar10_drift_all/strength_0p8/seed_42/splits/cifar10_split_seed42_clients5_alpha0p3_ref500.json,0.8,drift,18,fc1,1,3,0.9670202732086182,0.9777325391769409,500
cka_feddst,cifar10,0.8,42,results/logs/cka_strength_sweep/cifar10_drift_all/strength_0p8/seed_42/splits/cifar10_split_seed42_clients5_alpha0p3_ref500.json,0.8,drift,18,fc1,1,4,0.979759931564331,0.9777325391769409,500
cka_feddst,cifar10,0.8,42,results/logs/cka_strength_sweep/cifar10_drift_all/strength_0p8/seed_42/splits/cifar10_split_seed42_clients5_alpha0p3_ref500.json,0.8,drift,18,fc1,2,0,0.9657367467880249,0.9777325391769409,500
cka_feddst,cifar10,0.8,42,results/logs/cka_strength_sweep/cifar10_drift_all/strength_0p8/seed_42/splits/cifar10_split_seed42_clients5_alpha0p3_ref500.json,0.8,drift,18,fc1,2,1,0.9705224633216858,0.9777325391769409,500
cka_feddst,cifar10,0.8,42,results/logs/cka_strength_sweep/cifar10_drift_all/strength_0p8/seed_42/splits/cifar10_split_seed42_clients5_alpha0p3_ref500.json,0.8,drift,18,fc1,2,2,1.0,0.9777325391769409,500
cka_feddst,cifar10,0.8,42,results/logs/cka_strength_sweep/cifar10_drift_all/strength_0p8/seed_42/splits/cifar10_split_seed42_clients5_alpha0p3_ref500.json,0.8,drift,18,fc1,2,3,0.9897043108940125,0.9777325391769409,500
cka_feddst,cifar10,0.8,42,results/logs/cka_strength_sweep/cifar10_drift_all/strength_0p8/seed_42/splits/cifar10_split_seed42_clients5_alpha0p3_ref500.json,0.8,drift,18,fc1,2,4,0.9932072758674622,0.9777325391769409,500
cka_feddst,cifar10,0.8,42,results/logs/cka_strength_sweep/cifar10_drift_all/strength_0p8/seed_42/splits/cifar10_split_seed42_clients5_alpha0p3_ref500.json,0.8,drift,18,fc1,3,0,0.9745841026306152,0.9777325391769409,500
cka_feddst,cifar10,0.8,42,results/logs/cka_strength_sweep/cifar10_drift_all/strength_0p8/seed_42/splits/cifar10_split_seed42_clients5_alpha0p3_ref500.json,0.8,drift,18,fc1,3,1,0.9670202732086182,0.9777325391769409,500
cka_feddst,cifar10,0.8,42,results/logs/cka_strength_sweep/cifar10_drift_all/strength_0p8/seed_42/splits/cifar10_split_seed42_clients5_alpha0p3_ref500.json,0.8,drift,18,fc1,3,2,0.9897043108940125,0.9777325391769409,500
cka_feddst,cifar10,0.8,42,results/logs/cka_strength_sweep/cifar10_drift_all/strength_0p8/seed_42/splits/cifar10_split_seed42_clients5_alpha0p3_ref500.json,0.8,drift,18,fc1,3,3,1.0,0.9777325391769409,500
cka_feddst,cifar10,0.8,42,results/logs/cka_strength_sweep/cifar10_drift_all/strength_0p8/seed_42/splits/cifar10_split_seed42_clients5_alpha0p3_ref500.json,0.8,drift,18,fc1,3,4,0.9917565584182739,0.9777325391769409,500
cka_feddst,cifar10,0.8,42,results/logs/cka_strength_sweep/cifar10_drift_all/strength_0p8/seed_42/splits/cifar10_split_seed42_clients5_alpha0p3_ref500.json,0.8,drift,18,fc1,4,0,0.9755443334579468,0.9777325391769409,500
cka_feddst,cifar10,0.8,42,results/logs/cka_strength_sweep/cifar10_drift_all/strength_0p8/seed_42/splits/cifar10_split_seed42_clients5_alpha0p3_ref500.json,0.8,drift,18,fc1,4,1,0.979759931564331,0.9777325391769409,500
cka_feddst,cifar10,0.8,42,results/logs/cka_strength_sweep/cifar10_drift_all/strength_0p8/seed_42/splits/cifar10_split_seed42_clients5_alpha0p3_ref500.json,0.8,drift,18,fc1,4,2,0.9932072758674622,0.9777325391769409,500
cka_feddst,cifar10,0.8,42,results/logs/cka_strength_sweep/cifar10_drift_all/strength_0p8/seed_42/splits/cifar10_split_seed42_clients5_alpha0p3_ref500.json,0.8,drift,18,fc1,4,3,0.9917565584182739,0.9777325391769409,500
cka_feddst,cifar10,0.8,42,results/logs/cka_strength_sweep/cifar10_drift_all/strength_0p8/seed_42/splits/cifar10_split_seed42_clients5_alpha0p3_ref500.json,0.8,drift,18,fc1,4,4,1.0,0.9777325391769409,500
cka_feddst,cifar10,0.8,42,results/logs/cka_strength_sweep/cifar10_drift_all/strength_0p8/seed_42/splits/cifar10_split_seed42_clients5_alpha0p3_ref500.json,0.8,drift,20,conv1,0,0,1.0,0.9998341798782349,500
cka_feddst,cifar10,0.8,42,results/logs/cka_strength_sweep/cifar10_drift_all/strength_0p8/seed_42/splits/cifar10_split_seed42_clients5_alpha0p3_ref500.json,0.8,drift,20,conv1,0,1,0.9999935626983643,0.9998341798782349,500
cka_feddst,cifar10,0.8,42,results/logs/cka_strength_sweep/cifar10_drift_all/strength_0p8/seed_42/splits/cifar10_split_seed42_clients5_alpha0p3_ref500.json,0.8,drift,20,conv1,0,2,0.999975860118866,0.9998341798782349,500
cka_feddst,cifar10,0.8,42,results/logs/cka_strength_sweep/cifar10_drift_all/strength_0p8/seed_42/splits/cifar10_split_seed42_clients5_alpha0p3_ref500.json,0.8,drift,20,conv1,0,3,0.9997130036354065,0.9998341798782349,500
cka_feddst,cifar10,0.8,42,results/logs/cka_strength_sweep/cifar10_drift_all/strength_0p8/seed_42/splits/cifar10_split_seed42_clients5_alpha0p3_ref500.json,0.8,drift,20,conv1,0,4,0.9999328851699829,0.9998341798782349,500
cka_feddst,cifar10,0.8,42,results/logs/cka_strength_sweep/cifar10_drift_all/strength_0p8/seed_42/splits/cifar10_split_seed42_clients5_alpha0p3_ref500.json,0.8,drift,20,conv1,1,0,0.9999935626983643,0.9998341798782349,500
cka_feddst,cifar10,0.8,42,results/logs/cka_strength_sweep/cifar10_drift_all/strength_0p8/seed_42/splits/cifar10_split_seed42_clients5_alpha0p3_ref500.json,0.8,drift,20,conv1,1,1,1.0,0.9998341798782349,500
cka_feddst,cifar10,0.8,42,results/logs/cka_strength_sweep/cifar10_drift_all/strength_0p8/seed_42/splits/cifar10_split_seed42_clients5_alpha0p3_ref500.json,0.8,drift,20,conv1,1,2,0.9999986290931702,0.9998341798782349,500
cka_feddst,cifar10,0.8,42,results/logs/cka_strength_sweep/cifar10_drift_all/strength_0p8/seed_42/splits/cifar10_split_seed42_clients5_alpha0p3_ref500.json,0.8,drift,20,conv1,1,3,0.9995956420898438,0.9998341798782349,500
cka_feddst,cifar10,0.8,42,results/logs/cka_strength_sweep/cifar10_drift_all/strength_0p8/seed_42/splits/cifar10_split_seed42_clients5_alpha0p3_ref500.json,0.8,drift,20,conv1,1,4,0.9998657703399658,0.9998341798782349,500
cka_feddst,cifar10,0.8,42,results/logs/cka_strength_sweep/cifar10_drift_all/strength_0p8/seed_42/splits/cifar10_split_seed42_clients5_alpha0p3_ref500.json,0.8,drift,20,conv1,2,0,0.999975860118866,0.9998341798782349,500
cka_feddst,cifar10,0.8,42,results/logs/cka_strength_sweep/cifar10_drift_all/strength_0p8/seed_42/splits/cifar10_split_seed42_clients5_alpha0p3_ref500.json,0.8,drift,20,conv1,2,1,0.9999986290931702,0.9998341798782349,500
cka_feddst,cifar10,0.8,42,results/logs/cka_strength_sweep/cifar10_drift_all/strength_0p8/seed_42/splits/cifar10_split_seed42_clients5_alpha0p3_ref500.json,0.8,drift,20,conv1,2,2,1.0,0.9998341798782349,500
cka_feddst,cifar10,0.8,42,results/logs/cka_strength_sweep/cifar10_drift_all/strength_0p8/seed_42/splits/cifar10_split_seed42_clients5_alpha0p3_ref500.json,0.8,drift,20,conv1,2,3,0.9995424151420593,0.9998341798782349,500
cka_feddst,cifar10,0.8,42,results/logs/cka_strength_sweep/cifar10_drift_all/strength_0p8/seed_42/splits/cifar10_split_seed42_clients5_alpha0p3_ref500.json,0.8,drift,20,conv1,2,4,0.9998172521591187,0.9998341798782349,500
cka_feddst,cifar10,0.8,42,results/logs/cka_strength_sweep/cifar10_drift_all/strength_0p8/seed_42/splits/cifar10_split_seed42_clients5_alpha0p3_ref500.json,0.8,drift,20,conv1,3,0,0.9997130036354065,0.9998341798782349,500
cka_feddst,cifar10,0.8,42,results/logs/cka_strength_sweep/cifar10_drift_all/strength_0p8/seed_42/splits/cifar10_split_seed42_clients5_alpha0p3_ref500.json,0.8,drift,20,conv1,3,1,0.9995956420898438,0.9998341798782349,500
cka_feddst,cifar10,0.8,42,results/logs/cka_strength_sweep/cifar10_drift_all/strength_0p8/seed_42/splits/cifar10_split_seed42_clients5_alpha0p3_ref500.json,0.8,drift,20,conv1,3,2,0.9995424151420593,0.9998341798782349,500
cka_feddst,cifar10,0.8,42,results/logs/cka_strength_sweep/cifar10_drift_all/strength_0p8/seed_42/splits/cifar10_split_seed42_clients5_alpha0p3_ref500.json,0.8,drift,20,conv1,3,3,1.0,0.9998341798782349,500
cka_feddst,cifar10,0.8,42,results/logs/cka_strength_sweep/cifar10_drift_all/strength_0p8/seed_42/splits/cifar10_split_seed42_clients5_alpha0p3_ref500.json,0.8,drift,20,conv1,3,4,0.9999064207077026,0.9998341798782349,500
cka_feddst,cifar10,0.8,42,results/logs/cka_strength_sweep/cifar10_drift_all/strength_0p8/seed_42/splits/cifar10_split_seed42_clients5_alpha0p3_ref500.json,0.8,drift,20,conv1,4,0,0.9999328851699829,0.9998341798782349,500
cka_feddst,cifar10,0.8,42,results/logs/cka_strength_sweep/cifar10_drift_all/strength_0p8/seed_42/splits/cifar10_split_seed42_clients5_alpha0p3_ref500.json,0.8,drift,20,conv1,4,1,0.9998657703399658,0.9998341798782349,500
cka_feddst,cifar10,0.8,42,results/logs/cka_strength_sweep/cifar10_drift_all/strength_0p8/seed_42/splits/cifar10_split_seed42_clients5_alpha0p3_ref500.json,0.8,drift,20,conv1,4,2,0.9998172521591187,0.9998341798782349,500
cka_feddst,cifar10,0.8,42,results/logs/cka_strength_sweep/cifar10_drift_all/strength_0p8/seed_42/splits/cifar10_split_seed42_clients5_alpha0p3_ref500.json,0.8,drift,20,conv1,4,3,0.9999064207077026,0.9998341798782349,500
cka_feddst,cifar10,0.8,42,results/logs/cka_strength_sweep/cifar10_drift_all/strength_0p8/seed_42/splits/cifar10_split_seed42_clients5_alpha0p3_ref500.json,0.8,drift,20,conv1,4,4,1.0,0.9998341798782349,500
cka_feddst,cifar10,0.8,42,results/logs/cka_strength_sweep/cifar10_drift_all/strength_0p8/seed_42/splits/cifar10_split_seed42_clients5_alpha0p3_ref500.json,0.8,drift,20,conv2,0,0,1.0,0.9976409077644348,500
cka_feddst,cifar10,0.8,42,results/logs/cka_strength_sweep/cifar10_drift_all/strength_0p8/seed_42/splits/cifar10_split_seed42_clients5_alpha0p3_ref500.json,0.8,drift,20,conv2,0,1,0.9999656677246094,0.9976409077644348,500
cka_feddst,cifar10,0.8,42,results/logs/cka_strength_sweep/cifar10_drift_all/strength_0p8/seed_42/splits/cifar10_split_seed42_clients5_alpha0p3_ref500.json,0.8,drift,20,conv2,0,2,0.9999439120292664,0.9976409077644348,500
cka_feddst,cifar10,0.8,42,results/logs/cka_strength_sweep/cifar10_drift_all/strength_0p8/seed_42/splits/cifar10_split_seed42_clients5_alpha0p3_ref500.json,0.8,drift,20,conv2,0,3,0.9944748282432556,0.9976409077644348,500
cka_feddst,cifar10,0.8,42,results/logs/cka_strength_sweep/cifar10_drift_all/strength_0p8/seed_42/splits/cifar10_split_seed42_clients5_alpha0p3_ref500.json,0.8,drift,20,conv2,0,4,0.9995195269584656,0.9976409077644348,500
cka_feddst,cifar10,0.8,42,results/logs/cka_strength_sweep/cifar10_drift_all/strength_0p8/seed_42/splits/cifar10_split_seed42_clients5_alpha0p3_ref500.json,0.8,drift,20,conv2,1,0,0.9999656677246094,0.9976409077644348,500
cka_feddst,cifar10,0.8,42,results/logs/cka_strength_sweep/cifar10_drift_all/strength_0p8/seed_42/splits/cifar10_split_seed42_clients5_alpha0p3_ref500.json,0.8,drift,20,conv2,1,1,1.0,0.9976409077644348,500
cka_feddst,cifar10,0.8,42,results/logs/cka_strength_sweep/cifar10_drift_all/strength_0p8/seed_42/splits/cifar10_split_seed42_clients5_alpha0p3_ref500.json,0.8,drift,20,conv2,1,2,0.9999850988388062,0.9976409077644348,500
cka_feddst,cifar10,0.8,42,results/logs/cka_strength_sweep/cifar10_drift_all/strength_0p8/seed_42/splits/cifar10_split_seed42_clients5_alpha0p3_ref500.json,0.8,drift,20,conv2,1,3,0.9935628771781921,0.9976409077644348,500
cka_feddst,cifar10,0.8,42,results/logs/cka_strength_sweep/cifar10_drift_all/strength_0p8/seed_42/splits/cifar10_split_seed42_clients5_alpha0p3_ref500.json,0.8,drift,20,conv2,1,4,0.9992355108261108,0.9976409077644348,500
cka_feddst,cifar10,0.8,42,results/logs/cka_strength_sweep/cifar10_drift_all/strength_0p8/seed_42/splits/cifar10_split_seed42_clients5_alpha0p3_ref500.json,0.8,drift,20,conv2,2,0,0.9999439120292664,0.9976409077644348,500
cka_feddst,cifar10,0.8,42,results/logs/cka_strength_sweep/cifar10_drift_all/strength_0p8/seed_42/splits/cifar10_split_seed42_clients5_alpha0p3_ref500.json,0.8,drift,20,conv2,2,1,0.9999850988388062,0.9976409077644348,500
cka_feddst,cifar10,0.8,42,results/logs/cka_strength_sweep/cifar10_drift_all/strength_0p8/seed_42/splits/cifar10_split_seed42_clients5_alpha0p3_ref500.json,0.8,drift,20,conv2,2,2,1.0,0.9976409077644348,500
cka_feddst,cifar10,0.8,42,results/logs/cka_strength_sweep/cifar10_drift_all/strength_0p8/seed_42/splits/cifar10_split_seed42_clients5_alpha0p3_ref500.json,0.8,drift,20,conv2,2,3,0.9933965802192688,0.9976409077644348,500
cka_feddst,cifar10,0.8,42,results/logs/cka_strength_sweep/cifar10_drift_all/strength_0p8/seed_42/splits/cifar10_split_seed42_clients5_alpha0p3_ref500.json,0.8,drift,20,conv2,2,4,0.999136745929718,0.9976409077644348,500
cka_feddst,cifar10,0.8,42,results/logs/cka_strength_sweep/cifar10_drift_all/strength_0p8/seed_42/splits/cifar10_split_seed42_clients5_alpha0p3_ref500.json,0.8,drift,20,conv2,3,0,0.9944748282432556,0.9976409077644348,500
cka_feddst,cifar10,0.8,42,results/logs/cka_strength_sweep/cifar10_drift_all/strength_0p8/seed_42/splits/cifar10_split_seed42_clients5_alpha0p3_ref500.json,0.8,drift,20,conv2,3,1,0.9935628771781921,0.9976409077644348,500
cka_feddst,cifar10,0.8,42,results/logs/cka_strength_sweep/cifar10_drift_all/strength_0p8/seed_42/splits/cifar10_split_seed42_clients5_alpha0p3_ref500.json,0.8,drift,20,conv2,3,2,0.9933965802192688,0.9976409077644348,500
cka_feddst,cifar10,0.8,42,results/logs/cka_strength_sweep/cifar10_drift_all/strength_0p8/seed_42/splits/cifar10_split_seed42_clients5_alpha0p3_ref500.json,0.8,drift,20,conv2,3,3,1.0,0.9976409077644348,500
cka_feddst,cifar10,0.8,42,results/logs/cka_strength_sweep/cifar10_drift_all/strength_0p8/seed_42/splits/cifar10_split_seed42_clients5_alpha0p3_ref500.json,0.8,drift,20,conv2,3,4,0.9971883893013,0.9976409077644348,500
cka_feddst,cifar10,0.8,42,results/logs/cka_strength_sweep/cifar10_drift_all/strength_0p8/seed_42/splits/cifar10_split_seed42_clients5_alpha0p3_ref500.json,0.8,drift,20,conv2,4,0,0.9995195269584656,0.9976409077644348,500
cka_feddst,cifar10,0.8,42,results/logs/cka_strength_sweep/cifar10_drift_all/strength_0p8/seed_42/splits/cifar10_split_seed42_clients5_alpha0p3_ref500.json,0.8,drift,20,conv2,4,1,0.9992355108261108,0.9976409077644348,500
cka_feddst,cifar10,0.8,42,results/logs/cka_strength_sweep/cifar10_drift_all/strength_0p8/seed_42/splits/cifar10_split_seed42_clients5_alpha0p3_ref500.json,0.8,drift,20,conv2,4,2,0.999136745929718,0.9976409077644348,500
cka_feddst,cifar10,0.8,42,results/logs/cka_strength_sweep/cifar10_drift_all/strength_0p8/seed_42/splits/cifar10_split_seed42_clients5_alpha0p3_ref500.json,0.8,drift,20,conv2,4,3,0.9971883893013,0.9976409077644348,500
cka_feddst,cifar10,0.8,42,results/logs/cka_strength_sweep/cifar10_drift_all/strength_0p8/seed_42/splits/cifar10_split_seed42_clients5_alpha0p3_ref500.json,0.8,drift,20,conv2,4,4,1.0,0.9976409077644348,500
cka_feddst,cifar10,0.8,42,results/logs/cka_strength_sweep/cifar10_drift_all/strength_0p8/seed_42/splits/cifar10_split_seed42_clients5_alpha0p3_ref500.json,0.8,drift,20,conv3,0,0,1.0,0.9974298477172852,500
cka_feddst,cifar10,0.8,42,results/logs/cka_strength_sweep/cifar10_drift_all/strength_0p8/seed_42/splits/cifar10_split_seed42_clients5_alpha0p3_ref500.json,0.8,drift,20,conv3,0,1,0.9999502301216125,0.9974298477172852,500
cka_feddst,cifar10,0.8,42,results/logs/cka_strength_sweep/cifar10_drift_all/strength_0p8/seed_42/splits/cifar10_split_seed42_clients5_alpha0p3_ref500.json,0.8,drift,20,conv3,0,2,0.9999439716339111,0.9974298477172852,500
cka_feddst,cifar10,0.8,42,results/logs/cka_strength_sweep/cifar10_drift_all/strength_0p8/seed_42/splits/cifar10_split_seed42_clients5_alpha0p3_ref500.json,0.8,drift,20,conv3,0,3,0.993995726108551,0.9974298477172852,500
cka_feddst,cifar10,0.8,42,results/logs/cka_strength_sweep/cifar10_drift_all/strength_0p8/seed_42/splits/cifar10_split_seed42_clients5_alpha0p3_ref500.json,0.8,drift,20,conv3,0,4,0.9994623064994812,0.9974298477172852,500
cka_feddst,cifar10,0.8,42,results/logs/cka_strength_sweep/cifar10_drift_all/strength_0p8/seed_42/splits/cifar10_split_seed42_clients5_alpha0p3_ref500.json,0.8,drift,20,conv3,1,0,0.9999502301216125,0.9974298477172852,500
cka_feddst,cifar10,0.8,42,results/logs/cka_strength_sweep/cifar10_drift_all/strength_0p8/seed_42/splits/cifar10_split_seed42_clients5_alpha0p3_ref500.json,0.8,drift,20,conv3,1,1,1.0,0.9974298477172852,500
cka_feddst,cifar10,0.8,42,results/logs/cka_strength_sweep/cifar10_drift_all/strength_0p8/seed_42/splits/cifar10_split_seed42_clients5_alpha0p3_ref500.json,0.8,drift,20,conv3,1,2,0.9999682307243347,0.9974298477172852,500
cka_feddst,cifar10,0.8,42,results/logs/cka_strength_sweep/cifar10_drift_all/strength_0p8/seed_42/splits/cifar10_split_seed42_clients5_alpha0p3_ref500.json,0.8,drift,20,conv3,1,3,0.993001401424408,0.9974298477172852,500
cka_feddst,cifar10,0.8,42,results/logs/cka_strength_sweep/cifar10_drift_all/strength_0p8/seed_42/splits/cifar10_split_seed42_clients5_alpha0p3_ref500.json,0.8,drift,20,conv3,1,4,0.9991846680641174,0.9974298477172852,500
cka_feddst,cifar10,0.8,42,results/logs/cka_strength_sweep/cifar10_drift_all/strength_0p8/seed_42/splits/cifar10_split_seed42_clients5_alpha0p3_ref500.json,0.8,drift,20,conv3,2,0,0.9999439716339111,0.9974298477172852,500
cka_feddst,cifar10,0.8,42,results/logs/cka_strength_sweep/cifar10_drift_all/strength_0p8/seed_42/splits/cifar10_split_seed42_clients5_alpha0p3_ref500.json,0.8,drift,20,conv3,2,1,0.9999682307243347,0.9974298477172852,500
cka_feddst,cifar10,0.8,42,results/logs/cka_strength_sweep/cifar10_drift_all/strength_0p8/seed_42/splits/cifar10_split_seed42_clients5_alpha0p3_ref500.json,0.8,drift,20,conv3,2,2,1.0,0.9974298477172852,500
cka_feddst,cifar10,0.8,42,results/logs/cka_strength_sweep/cifar10_drift_all/strength_0p8/seed_42/splits/cifar10_split_seed42_clients5_alpha0p3_ref500.json,0.8,drift,20,conv3,2,3,0.9928439855575562,0.9974298477172852,500
cka_feddst,cifar10,0.8,42,results/logs/cka_strength_sweep/cifar10_drift_all/strength_0p8/seed_42/splits/cifar10_split_seed42_clients5_alpha0p3_ref500.json,0.8,drift,20,conv3,2,4,0.9990567564964294,0.9974298477172852,500
cka_feddst,cifar10,0.8,42,results/logs/cka_strength_sweep/cifar10_drift_all/strength_0p8/seed_42/splits/cifar10_split_seed42_clients5_alpha0p3_ref500.json,0.8,drift,20,conv3,3,0,0.993995726108551,0.9974298477172852,500
cka_feddst,cifar10,0.8,42,results/logs/cka_strength_sweep/cifar10_drift_all/strength_0p8/seed_42/splits/cifar10_split_seed42_clients5_alpha0p3_ref500.json,0.8,drift,20,conv3,3,1,0.993001401424408,0.9974298477172852,500
cka_feddst,cifar10,0.8,42,results/logs/cka_strength_sweep/cifar10_drift_all/strength_0p8/seed_42/splits/cifar10_split_seed42_clients5_alpha0p3_ref500.json,0.8,drift,20,conv3,3,2,0.9928439855575562,0.9974298477172852,500
cka_feddst,cifar10,0.8,42,results/logs/cka_strength_sweep/cifar10_drift_all/strength_0p8/seed_42/splits/cifar10_split_seed42_clients5_alpha0p3_ref500.json,0.8,drift,20,conv3,3,3,1.0,0.9974298477172852,500
cka_feddst,cifar10,0.8,42,results/logs/cka_strength_sweep/cifar10_drift_all/strength_0p8/seed_42/splits/cifar10_split_seed42_clients5_alpha0p3_ref500.json,0.8,drift,20,conv3,3,4,0.9968916773796082,0.9974298477172852,500
cka_feddst,cifar10,0.8,42,results/logs/cka_strength_sweep/cifar10_drift_all/strength_0p8/seed_42/splits/cifar10_split_seed42_clients5_alpha0p3_ref500.json,0.8,drift,20,conv3,4,0,0.9994623064994812,0.9974298477172852,500
cka_feddst,cifar10,0.8,42,results/logs/cka_strength_sweep/cifar10_drift_all/strength_0p8/seed_42/splits/cifar10_split_seed42_clients5_alpha0p3_ref500.json,0.8,drift,20,conv3,4,1,0.9991846680641174,0.9974298477172852,500
cka_feddst,cifar10,0.8,42,results/logs/cka_strength_sweep/cifar10_drift_all/strength_0p8/seed_42/splits/cifar10_split_seed42_clients5_alpha0p3_ref500.json,0.8,drift,20,conv3,4,2,0.9990567564964294,0.9974298477172852,500
cka_feddst,cifar10,0.8,42,results/logs/cka_strength_sweep/cifar10_drift_all/strength_0p8/seed_42/splits/cifar10_split_seed42_clients5_alpha0p3_ref500.json,0.8,drift,20,conv3,4,3,0.9968916773796082,0.9974298477172852,500
cka_feddst,cifar10,0.8,42,results/logs/cka_strength_sweep/cifar10_drift_all/strength_0p8/seed_42/splits/cifar10_split_seed42_clients5_alpha0p3_ref500.json,0.8,drift,20,conv3,4,4,1.0,0.9974298477172852,500
cka_feddst,cifar10,0.8,42,results/logs/cka_strength_sweep/cifar10_drift_all/strength_0p8/seed_42/splits/cifar10_split_seed42_clients5_alpha0p3_ref500.json,0.8,drift,20,fc1,0,0,1.0,0.9805673360824585,500
cka_feddst,cifar10,0.8,42,results/logs/cka_strength_sweep/cifar10_drift_all/strength_0p8/seed_42/splits/cifar10_split_seed42_clients5_alpha0p3_ref500.json,0.8,drift,20,fc1,0,1,0.9722106456756592,0.9805673360824585,500
cka_feddst,cifar10,0.8,42,results/logs/cka_strength_sweep/cifar10_drift_all/strength_0p8/seed_42/splits/cifar10_split_seed42_clients5_alpha0p3_ref500.json,0.8,drift,20,fc1,0,2,0.9832484722137451,0.9805673360824585,500
cka_feddst,cifar10,0.8,42,results/logs/cka_strength_sweep/cifar10_drift_all/strength_0p8/seed_42/splits/cifar10_split_seed42_clients5_alpha0p3_ref500.json,0.8,drift,20,fc1,0,3,0.9865321516990662,0.9805673360824585,500
cka_feddst,cifar10,0.8,42,results/logs/cka_strength_sweep/cifar10_drift_all/strength_0p8/seed_42/splits/cifar10_split_seed42_clients5_alpha0p3_ref500.json,0.8,drift,20,fc1,0,4,0.9844680428504944,0.9805673360824585,500
cka_feddst,cifar10,0.8,42,results/logs/cka_strength_sweep/cifar10_drift_all/strength_0p8/seed_42/splits/cifar10_split_seed42_clients5_alpha0p3_ref500.json,0.8,drift,20,fc1,1,0,0.9722106456756592,0.9805673360824585,500
cka_feddst,cifar10,0.8,42,results/logs/cka_strength_sweep/cifar10_drift_all/strength_0p8/seed_42/splits/cifar10_split_seed42_clients5_alpha0p3_ref500.json,0.8,drift,20,fc1,1,1,1.0,0.9805673360824585,500
cka_feddst,cifar10,0.8,42,results/logs/cka_strength_sweep/cifar10_drift_all/strength_0p8/seed_42/splits/cifar10_split_seed42_clients5_alpha0p3_ref500.json,0.8,drift,20,fc1,1,2,0.9701342582702637,0.9805673360824585,500
cka_feddst,cifar10,0.8,42,results/logs/cka_strength_sweep/cifar10_drift_all/strength_0p8/seed_42/splits/cifar10_split_seed42_clients5_alpha0p3_ref500.json,0.8,drift,20,fc1,1,3,0.9601668119430542,0.9805673360824585,500
cka_feddst,cifar10,0.8,42,results/logs/cka_strength_sweep/cifar10_drift_all/strength_0p8/seed_42/splits/cifar10_split_seed42_clients5_alpha0p3_ref500.json,0.8,drift,20,fc1,1,4,0.9764313101768494,0.9805673360824585,500
cka_feddst,cifar10,0.8,42,results/logs/cka_strength_sweep/cifar10_drift_all/strength_0p8/seed_42/splits/cifar10_split_seed42_clients5_alpha0p3_ref500.json,0.8,drift,20,fc1,2,0,0.9832484722137451,0.9805673360824585,500
cka_feddst,cifar10,0.8,42,results/logs/cka_strength_sweep/cifar10_drift_all/strength_0p8/seed_42/splits/cifar10_split_seed42_clients5_alpha0p3_ref500.json,0.8,drift,20,fc1,2,1,0.9701342582702637,0.9805673360824585,500
cka_feddst,cifar10,0.8,42,results/logs/cka_strength_sweep/cifar10_drift_all/strength_0p8/seed_42/splits/cifar10_split_seed42_clients5_alpha0p3_ref500.json,0.8,drift,20,fc1,2,2,1.0,0.9805673360824585,500
cka_feddst,cifar10,0.8,42,results/logs/cka_strength_sweep/cifar10_drift_all/strength_0p8/seed_42/splits/cifar10_split_seed42_clients5_alpha0p3_ref500.json,0.8,drift,20,fc1,2,3,0.9864367246627808,0.9805673360824585,500
cka_feddst,cifar10,0.8,42,results/logs/cka_strength_sweep/cifar10_drift_all/strength_0p8/seed_42/splits/cifar10_split_seed42_clients5_alpha0p3_ref500.json,0.8,drift,20,fc1,2,4,0.9942778944969177,0.9805673360824585,500
cka_feddst,cifar10,0.8,42,results/logs/cka_strength_sweep/cifar10_drift_all/strength_0p8/seed_42/splits/cifar10_split_seed42_clients5_alpha0p3_ref500.json,0.8,drift,20,fc1,3,0,0.9865321516990662,0.9805673360824585,500
cka_feddst,cifar10,0.8,42,results/logs/cka_strength_sweep/cifar10_drift_all/strength_0p8/seed_42/splits/cifar10_split_seed42_clients5_alpha0p3_ref500.json,0.8,drift,20,fc1,3,1,0.9601668119430542,0.9805673360824585,500
cka_feddst,cifar10,0.8,42,results/logs/cka_strength_sweep/cifar10_drift_all/strength_0p8/seed_42/splits/cifar10_split_seed42_clients5_alpha0p3_ref500.json,0.8,drift,20,fc1,3,2,0.9864367246627808,0.9805673360824585,500
cka_feddst,cifar10,0.8,42,results/logs/cka_strength_sweep/cifar10_drift_all/strength_0p8/seed_42/splits/cifar10_split_seed42_clients5_alpha0p3_ref500.json,0.8,drift,20,fc1,3,3,1.0,0.9805673360824585,500
cka_feddst,cifar10,0.8,42,results/logs/cka_strength_sweep/cifar10_drift_all/strength_0p8/seed_42/splits/cifar10_split_seed42_clients5_alpha0p3_ref500.json,0.8,drift,20,fc1,3,4,0.9917675256729126,0.9805673360824585,500
cka_feddst,cifar10,0.8,42,results/logs/cka_strength_sweep/cifar10_drift_all/strength_0p8/seed_42/splits/cifar10_split_seed42_clients5_alpha0p3_ref500.json,0.8,drift,20,fc1,4,0,0.9844680428504944,0.9805673360824585,500
cka_feddst,cifar10,0.8,42,results/logs/cka_strength_sweep/cifar10_drift_all/strength_0p8/seed_42/splits/cifar10_split_seed42_clients5_alpha0p3_ref500.json,0.8,drift,20,fc1,4,1,0.9764313101768494,0.9805673360824585,500
cka_feddst,cifar10,0.8,42,results/logs/cka_strength_sweep/cifar10_drift_all/strength_0p8/seed_42/splits/cifar10_split_seed42_clients5_alpha0p3_ref500.json,0.8,drift,20,fc1,4,2,0.9942778944969177,0.9805673360824585,500
cka_feddst,cifar10,0.8,42,results/logs/cka_strength_sweep/cifar10_drift_all/strength_0p8/seed_42/splits/cifar10_split_seed42_clients5_alpha0p3_ref500.json,0.8,drift,20,fc1,4,3,0.9917675256729126,0.9805673360824585,500
cka_feddst,cifar10,0.8,42,results/logs/cka_strength_sweep/cifar10_drift_all/strength_0p8/seed_42/splits/cifar10_split_seed42_clients5_alpha0p3_ref500.json,0.8,drift,20,fc1,4,4,1.0,0.9805673360824585,500
