method,dataset,sparsity,seed,split_manifest_path,cka_strength,round,layer,client_i,client_j,cka,average_layer_cka,num_reference_samples
cka_feddst,mnist,0.8,21,results/logs/cka_strength_sweep/mnist_all_20260516_024344/strength_0p9/seed_21/splits/mnist_split_seed21_clients5_alpha0p3_ref200.json,0.9,2,conv1,0,0,1.0,0.9999949336051941,200
cka_feddst,mnist,0.8,21,results/logs/cka_strength_sweep/mnist_all_20260516_024344/strength_0p9/seed_21/splits/mnist_split_seed21_clients5_alpha0p3_ref200.json,0.9,2,conv1,0,1,0.9999873638153076,0.9999949336051941,200
cka_feddst,mnist,0.8,21,results/logs/cka_strength_sweep/mnist_all_20260516_024344/strength_0p9/seed_21/splits/mnist_split_seed21_clients5_alpha0p3_ref200.json,0.9,2,conv1,0,2,0.9999868273735046,0.9999949336051941,200
cka_feddst,mnist,0.8,21,results/logs/cka_strength_sweep/mnist_all_20260516_024344/strength_0p9/seed_21/splits/mnist_split_seed21_clients5_alpha0p3_ref200.json,0.9,2,conv1,0,3,0.999988317489624,0.9999949336051941,200
cka_feddst,mnist,0.8,21,results/logs/cka_strength_sweep/mnist_all_20260516_024344/strength_0p9/seed_21/splits/mnist_split_seed21_clients5_alpha0p3_ref200.json,0.9,2,conv1,0,4,0.9999865293502808,0.9999949336051941,200
cka_feddst,mnist,0.8,21,results/logs/cka_strength_sweep/mnist_all_20260516_024344/strength_0p9/seed_21/splits/mnist_split_seed21_clients5_alpha0p3_ref200.json,0.9,2,conv1,1,0,0.9999873638153076,0.9999949336051941,200
cka_feddst,mnist,0.8,21,results/logs/cka_strength_sweep/mnist_all_20260516_024344/strength_0p9/seed_21/splits/mnist_split_seed21_clients5_alpha0p3_ref200.json,0.9,2,conv1,1,1,1.0,0.9999949336051941,200
cka_feddst,mnist,0.8,21,results/logs/cka_strength_sweep/mnist_all_20260516_024344/strength_0p9/seed_21/splits/mnist_split_seed21_clients5_alpha0p3_ref200.json,0.9,2,conv1,1,2,1.0,0.9999949336051941,200
cka_feddst,mnist,0.8,21,results/logs/cka_strength_sweep/mnist_all_20260516_024344/strength_0p9/seed_21/splits/mnist_split_seed21_clients5_alpha0p3_ref200.json,0.9,2,conv1,1,3,0.9999999403953552,0.9999949336051941,200
cka_feddst,mnist,0.8,21,results/logs/cka_strength_sweep/mnist_all_20260516_024344/strength_0p9/seed_21/splits/mnist_split_seed21_clients5_alpha0p3_ref200.json,0.9,2,conv1,1,4,1.0,0.9999949336051941,200
cka_feddst,mnist,0.8,21,results/logs/cka_strength_sweep/mnist_all_20260516_024344/strength_0p9/seed_21/splits/mnist_split_seed21_clients5_alpha0p3_ref200.json,0.9,2,conv1,2,0,0.9999868273735046,0.9999949336051941,200
cka_feddst,mnist,0.8,21,results/logs/cka_strength_sweep/mnist_all_20260516_024344/strength_0p9/seed_21/splits/mnist_split_seed21_clients5_alpha0p3_ref200.json,0.9,2,conv1,2,1,1.0,0.9999949336051941,200
cka_feddst,mnist,0.8,21,results/logs/cka_strength_sweep/mnist_all_20260516_024344/strength_0p9/seed_21/splits/mnist_split_seed21_clients5_alpha0p3_ref200.json,0.9,2,conv1,2,2,1.0,0.9999949336051941,200
cka_feddst,mnist,0.8,21,results/logs/cka_strength_sweep/mnist_all_20260516_024344/strength_0p9/seed_21/splits/mnist_split_seed21_clients5_alpha0p3_ref200.json,0.9,2,conv1,2,3,1.0,0.9999949336051941,200
cka_feddst,mnist,0.8,21,results/logs/cka_strength_sweep/mnist_all_20260516_024344/strength_0p9/seed_21/splits/mnist_split_seed21_clients5_alpha0p3_ref200.json,0.9,2,conv1,2,4,1.0,0.9999949336051941,200
cka_feddst,mnist,0.8,21,results/logs/cka_strength_sweep/mnist_all_20260516_024344/strength_0p9/seed_21/splits/mnist_split_seed21_clients5_alpha0p3_ref200.json,0.9,2,conv1,3,0,0.999988317489624,0.9999949336051941,200
cka_feddst,mnist,0.8,21,results/logs/cka_strength_sweep/mnist_all_20260516_024344/strength_0p9/seed_21/splits/mnist_split_seed21_clients5_alpha0p3_ref200.json,0.9,2,conv1,3,1,0.9999999403953552,0.9999949336051941,200
cka_feddst,mnist,0.8,21,results/logs/cka_strength_sweep/mnist_all_20260516_024344/strength_0p9/seed_21/splits/mnist_split_seed21_clients5_alpha0p3_ref200.json,0.9,2,conv1,3,2,1.0,0.9999949336051941,200
cka_feddst,mnist,0.8,21,results/logs/cka_strength_sweep/mnist_all_20260516_024344/strength_0p9/seed_21/splits/mnist_split_seed21_clients5_alpha0p3_ref200.json,0.9,2,conv1,3,3,1.0,0.9999949336051941,200
cka_feddst,mnist,0.8,21,results/logs/cka_strength_sweep/mnist_all_20260516_024344/strength_0p9/seed_21/splits/mnist_split_seed21_clients5_alpha0p3_ref200.json,0.9,2,conv1,3,4,1.0,0.9999949336051941,200
cka_feddst,mnist,0.8,21,results/logs/cka_strength_sweep/mnist_all_20260516_024344/strength_0p9/seed_21/splits/mnist_split_seed21_clients5_alpha0p3_ref200.json,0.9,2,conv1,4,0,0.9999865293502808,0.9999949336051941,200
cka_feddst,mnist,0.8,21,results/logs/cka_strength_sweep/mnist_all_20260516_024344/strength_0p9/seed_21/splits/mnist_split_seed21_clients5_alpha0p3_ref200.json,0.9,2,conv1,4,1,1.0,0.9999949336051941,200
cka_feddst,mnist,0.8,21,results/logs/cka_strength_sweep/mnist_all_20260516_024344/strength_0p9/seed_21/splits/mnist_split_seed21_clients5_alpha0p3_ref200.json,0.9,2,conv1,4,2,1.0,0.9999949336051941,200
cka_feddst,mnist,0.8,21,results/logs/cka_strength_sweep/mnist_all_20260516_024344/strength_0p9/seed_21/splits/mnist_split_seed21_clients5_alpha0p3_ref200.json,0.9,2,conv1,4,3,1.0,0.9999949336051941,200
cka_feddst,mnist,0.8,21,results/logs/cka_strength_sweep/mnist_all_20260516_024344/strength_0p9/seed_21/splits/mnist_split_seed21_clients5_alpha0p3_ref200.json,0.9,2,conv1,4,4,1.0,0.9999949336051941,200
cka_feddst,mnist,0.8,21,results/logs/cka_strength_sweep/mnist_all_20260516_024344/strength_0p9/seed_21/splits/mnist_split_seed21_clients5_alpha0p3_ref200.json,0.9,2,conv2,0,0,1.0,0.9972030520439148,200
cka_feddst,mnist,0.8,21,results/logs/cka_strength_sweep/mnist_all_20260516_024344/strength_0p9/seed_21/splits/mnist_split_seed21_clients5_alpha0p3_ref200.json,0.9,2,conv2,0,1,0.9936294555664062,0.9972030520439148,200
cka_feddst,mnist,0.8,21,results/logs/cka_strength_sweep/mnist_all_20260516_024344/strength_0p9/seed_21/splits/mnist_split_seed21_clients5_alpha0p3_ref200.json,0.9,2,conv2,0,2,0.9930459260940552,0.9972030520439148,200
cka_feddst,mnist,0.8,21,results/logs/cka_strength_sweep/mnist_all_20260516_024344/strength_0p9/seed_21/splits/mnist_split_seed21_clients5_alpha0p3_ref200.json,0.9,2,conv2,0,3,0.9961379766464233,0.9972030520439148,200
cka_feddst,mnist,0.8,21,results/logs/cka_strength_sweep/mnist_all_20260516_024344/strength_0p9/seed_21/splits/mnist_split_seed21_clients5_alpha0p3_ref200.json,0.9,2,conv2,0,4,0.9913623332977295,0.9972030520439148,200
cka_feddst,mnist,0.8,21,results/logs/cka_strength_sweep/mnist_all_20260516_024344/strength_0p9/seed_21/splits/mnist_split_seed21_clients5_alpha0p3_ref200.json,0.9,2,conv2,1,0,0.9936294555664062,0.9972030520439148,200
cka_feddst,mnist,0.8,21,results/logs/cka_strength_sweep/mnist_all_20260516_024344/strength_0p9/seed_21/splits/mnist_split_seed21_clients5_alpha0p3_ref200.json,0.9,2,conv2,1,1,1.0,0.9972030520439148,200
cka_feddst,mnist,0.8,21,results/logs/cka_strength_sweep/mnist_all_20260516_024344/strength_0p9/seed_21/splits/mnist_split_seed21_clients5_alpha0p3_ref200.json,0.9,2,conv2,1,2,0.999961793422699,0.9972030520439148,200
cka_feddst,mnist,0.8,21,results/logs/cka_strength_sweep/mnist_all_20260516_024344/strength_0p9/seed_21/splits/mnist_split_seed21_clients5_alpha0p3_ref200.json,0.9,2,conv2,1,3,0.9996635317802429,0.9972030520439148,200
cka_feddst,mnist,0.8,21,results/logs/cka_strength_sweep/mnist_all_20260516_024344/strength_0p9/seed_21/splits/mnist_split_seed21_clients5_alpha0p3_ref200.json,0.9,2,conv2,1,4,0.9997864961624146,0.9972030520439148,200
cka_feddst,mnist,0.8,21,results/logs/cka_strength_sweep/mnist_all_20260516_024344/strength_0p9/seed_21/splits/mnist_split_seed21_clients5_alpha0p3_ref200.json,0.9,2,conv2,2,0,0.9930459260940552,0.9972030520439148,200
cka_feddst,mnist,0.8,21,results/logs/cka_strength_sweep/mnist_all_20260516_024344/strength_0p9/seed_21/splits/mnist_split_seed21_clients5_alpha0p3_ref200.json,0.9,2,conv2,2,1,0.999961793422699,0.9972030520439148,200
cka_feddst,mnist,0.8,21,results/logs/cka_strength_sweep/mnist_all_20260516_024344/strength_0p9/seed_21/splits/mnist_split_seed21_clients5_alpha0p3_ref200.json,0.9,2,conv2,2,2,1.0,0.9972030520439148,200
cka_feddst,mnist,0.8,21,results/logs/cka_strength_sweep/mnist_all_20260516_024344/strength_0p9/seed_21/splits/mnist_split_seed21_clients5_alpha0p3_ref200.json,0.9,2,conv2,2,3,0.9995229840278625,0.9972030520439148,200
cka_feddst,mnist,0.8,21,results/logs/cka_strength_sweep/mnist_all_20260516_024344/strength_0p9/seed_21/splits/mnist_split_seed21_clients5_alpha0p3_ref200.json,0.9,2,conv2,2,4,0.999889612197876,0.9972030520439148,200
cka_feddst,mnist,0.8,21,results/logs/cka_strength_sweep/mnist_all_20260516_024344/strength_0p9/seed_21/splits/mnist_split_seed21_clients5_alpha0p3_ref200.json,0.9,2,conv2,3,0,0.9961379766464233,0.9972030520439148,200
cka_feddst,mnist,0.8,21,results/logs/cka_strength_sweep/mnist_all_20260516_024344/strength_0p9/seed_21/splits/mnist_split_seed21_clients5_alpha0p3_ref200.json,0.9,2,conv2,3,1,0.9996635317802429,0.9972030520439148,200
cka_feddst,mnist,0.8,21,results/logs/cka_strength_sweep/mnist_all_20260516_024344/strength_0p9/seed_21/splits/mnist_split_seed21_clients5_alpha0p3_ref200.json,0.9,2,conv2,3,2,0.9995229840278625,0.9972030520439148,200
cka_feddst,mnist,0.8,21,results/logs/cka_strength_sweep/mnist_all_20260516_024344/strength_0p9/seed_21/splits/mnist_split_seed21_clients5_alpha0p3_ref200.json,0.9,2,conv2,3,3,1.0,0.9972030520439148,200
cka_feddst,mnist,0.8,21,results/logs/cka_strength_sweep/mnist_all_20260516_024344/strength_0p9/seed_21/splits/mnist_split_seed21_clients5_alpha0p3_ref200.json,0.9,2,conv2,3,4,0.9990302324295044,0.9972030520439148,200
cka_feddst,mnist,0.8,21,results/logs/cka_strength_sweep/mnist_all_20260516_024344/strength_0p9/seed_21/splits/mnist_split_seed21_clients5_alpha0p3_ref200.json,0.9,2,conv2,4,0,0.9913623332977295,0.9972030520439148,200
cka_feddst,mnist,0.8,21,results/logs/cka_strength_sweep/mnist_all_20260516_024344/strength_0p9/seed_21/splits/mnist_split_seed21_clients5_alpha0p3_ref200.json,0.9,2,conv2,4,1,0.9997864961624146,0.9972030520439148,200
cka_feddst,mnist,0.8,21,results/logs/cka_strength_sweep/mnist_all_20260516_024344/strength_0p9/seed_21/splits/mnist_split_seed21_clients5_alpha0p3_ref200.json,0.9,2,conv2,4,2,0.999889612197876,0.9972030520439148,200
cka_feddst,mnist,0.8,21,results/logs/cka_strength_sweep/mnist_all_20260516_024344/strength_0p9/seed_21/splits/mnist_split_seed21_clients5_alpha0p3_ref200.json,0.9,2,conv2,4,3,0.9990302324295044,0.9972030520439148,200
cka_feddst,mnist,0.8,21,results/logs/cka_strength_sweep/mnist_all_20260516_024344/strength_0p9/seed_21/splits/mnist_split_seed21_clients5_alpha0p3_ref200.json,0.9,2,conv2,4,4,1.0,0.9972030520439148,200
cka_feddst,mnist,0.8,21,results/logs/cka_strength_sweep/mnist_all_20260516_024344/strength_0p9/seed_21/splits/mnist_split_seed21_clients5_alpha0p3_ref200.json,0.9,2,fc1,0,0,1.0,0.9646000862121582,200
cka_feddst,mnist,0.8,21,results/logs/cka_strength_sweep/mnist_all_20260516_024344/strength_0p9/seed_21/splits/mnist_split_seed21_clients5_alpha0p3_ref200.json,0.9,2,fc1,0,1,0.9757636785507202,0.9646000862121582,200
cka_feddst,mnist,0.8,21,results/logs/cka_strength_sweep/mnist_all_20260516_024344/strength_0p9/seed_21/splits/mnist_split_seed21_clients5_alpha0p3_ref200.json,0.9,2,fc1,0,2,0.9629343748092651,0.9646000862121582,200
cka_feddst,mnist,0.8,21,results/logs/cka_strength_sweep/mnist_all_20260516_024344/strength_0p9/seed_21/splits/mnist_split_seed21_clients5_alpha0p3_ref200.json,0.9,2,fc1,0,3,0.9503702521324158,0.9646000862121582,200
cka_feddst,mnist,0.8,21,results/logs/cka_strength_sweep/mnist_all_20260516_024344/strength_0p9/seed_21/splits/mnist_split_seed21_clients5_alpha0p3_ref200.json,0.9,2,fc1,0,4,0.9605064988136292,0.9646000862121582,200
cka_feddst,mnist,0.8,21,results/logs/cka_strength_sweep/mnist_all_20260516_024344/strength_0p9/seed_21/splits/mnist_split_seed21_clients5_alpha0p3_ref200.json,0.9,2,fc1,1,0,0.9757636785507202,0.9646000862121582,200
cka_feddst,mnist,0.8,21,results/logs/cka_strength_sweep/mnist_all_20260516_024344/strength_0p9/seed_21/splits/mnist_split_seed21_clients5_alpha0p3_ref200.json,0.9,2,fc1,1,1,1.0,0.9646000862121582,200
cka_feddst,mnist,0.8,21,results/logs/cka_strength_sweep/mnist_all_20260516_024344/strength_0p9/seed_21/splits/mnist_split_seed21_clients5_alpha0p3_ref200.json,0.9,2,fc1,1,2,0.9846023917198181,0.9646000862121582,200
cka_feddst,mnist,0.8,21,results/logs/cka_strength_sweep/mnist_all_20260516_024344/strength_0p9/seed_21/splits/mnist_split_seed21_clients5_alpha0p3_ref200.json,0.9,2,fc1,1,3,0.9481586217880249,0.9646000862121582,200
cka_feddst,mnist,0.8,21,results/logs/cka_strength_sweep/mnist_all_20260516_024344/strength_0p9/seed_21/splits/mnist_split_seed21_clients5_alpha0p3_ref200.json,0.9,2,fc1,1,4,0.9827293157577515,0.9646000862121582,200
cka_feddst,mnist,0.8,21,results/logs/cka_strength_sweep/mnist_all_20260516_024344/strength_0p9/seed_21/splits/mnist_split_seed21_clients5_alpha0p3_ref200.json,0.9,2,fc1,2,0,0.9629343748092651,0.9646000862121582,200
cka_feddst,mnist,0.8,21,results/logs/cka_strength_sweep/mnist_all_20260516_024344/strength_0p9/seed_21/splits/mnist_split_seed21_clients5_alpha0p3_ref200.json,0.9,2,fc1,2,1,0.9846023917198181,0.9646000862121582,200
cka_feddst,mnist,0.8,21,results/logs/cka_strength_sweep/mnist_all_20260516_024344/strength_0p9/seed_21/splits/mnist_split_seed21_clients5_alpha0p3_ref200.json,0.9,2,fc1,2,2,1.0,0.9646000862121582,200
cka_feddst,mnist,0.8,21,results/logs/cka_strength_sweep/mnist_all_20260516_024344/strength_0p9/seed_21/splits/mnist_split_seed21_clients5_alpha0p3_ref200.json,0.9,2,fc1,2,3,0.9508565664291382,0.9646000862121582,200
cka_feddst,mnist,0.8,21,results/logs/cka_strength_sweep/mnist_all_20260516_024344/strength_0p9/seed_21/splits/mnist_split_seed21_clients5_alpha0p3_ref200.json,0.9,2,fc1,2,4,0.9828782677650452,0.9646000862121582,200
cka_feddst,mnist,0.8,21,results/logs/cka_strength_sweep/mnist_all_20260516_024344/strength_0p9/seed_21/splits/mnist_split_seed21_clients5_alpha0p3_ref200.json,0.9,2,fc1,3,0,0.9503702521324158,0.9646000862121582,200
cka_feddst,mnist,0.8,21,results/logs/cka_strength_sweep/mnist_all_20260516_024344/strength_0p9/seed_21/splits/mnist_split_seed21_clients5_alpha0p3_ref200.json,0.9,2,fc1,3,1,0.9481586217880249,0.9646000862121582,200
cka_feddst,mnist,0.8,21,results/logs/cka_strength_sweep/mnist_all_20260516_024344/strength_0p9/seed_21/splits/mnist_split_seed21_clients5_alpha0p3_ref200.json,0.9,2,fc1,3,2,0.9508565664291382,0.9646000862121582,200
cka_feddst,mnist,0.8,21,results/logs/cka_strength_sweep/mnist_all_20260516_024344/strength_0p9/seed_21/splits/mnist_split_seed21_clients5_alpha0p3_ref200.json,0.9,2,fc1,3,3,1.0,0.9646000862121582,200
cka_feddst,mnist,0.8,21,results/logs/cka_strength_sweep/mnist_all_20260516_024344/strength_0p9/seed_21/splits/mnist_split_seed21_clients5_alpha0p3_ref200.json,0.9,2,fc1,3,4,0.9472007155418396,0.9646000862121582,200
cka_feddst,mnist,0.8,21,results/logs/cka_strength_sweep/mnist_all_20260516_024344/strength_0p9/seed_21/splits/mnist_split_seed21_clients5_alpha0p3_ref200.json,0.9,2,fc1,4,0,0.9605064988136292,0.9646000862121582,200
cka_feddst,mnist,0.8,21,results/logs/cka_strength_sweep/mnist_all_20260516_024344/strength_0p9/seed_21/splits/mnist_split_seed21_clients5_alpha0p3_ref200.json,0.9,2,fc1,4,1,0.9827293157577515,0.9646000862121582,200
cka_feddst,mnist,0.8,21,results/logs/cka_strength_sweep/mnist_all_20260516_024344/strength_0p9/seed_21/splits/mnist_split_seed21_clients5_alpha0p3_ref200.json,0.9,2,fc1,4,2,0.9828782677650452,0.9646000862121582,200
cka_feddst,mnist,0.8,21,results/logs/cka_strength_sweep/mnist_all_20260516_024344/strength_0p9/seed_21/splits/mnist_split_seed21_clients5_alpha0p3_ref200.json,0.9,2,fc1,4,3,0.9472007155418396,0.9646000862121582,200
cka_feddst,mnist,0.8,21,results/logs/cka_strength_sweep/mnist_all_20260516_024344/strength_0p9/seed_21/splits/mnist_split_seed21_clients5_alpha0p3_ref200.json,0.9,2,fc1,4,4,1.0,0.9646000862121582,200
cka_feddst,mnist,0.8,21,results/logs/cka_strength_sweep/mnist_all_20260516_024344/strength_0p9/seed_21/splits/mnist_split_seed21_clients5_alpha0p3_ref200.json,0.9,4,conv1,0,0,1.0,0.9999849200248718,200
cka_feddst,mnist,0.8,21,results/logs/cka_strength_sweep/mnist_all_20260516_024344/strength_0p9/seed_21/splits/mnist_split_seed21_clients5_alpha0p3_ref200.json,0.9,4,conv1,0,1,0.99996018409729,0.9999849200248718,200
cka_feddst,mnist,0.8,21,results/logs/cka_strength_sweep/mnist_all_20260516_024344/strength_0p9/seed_21/splits/mnist_split_seed21_clients5_alpha0p3_ref200.json,0.9,4,conv1,0,2,0.9999650716781616,0.9999849200248718,200
cka_feddst,mnist,0.8,21,results/logs/cka_strength_sweep/mnist_all_20260516_024344/strength_0p9/seed_21/splits/mnist_split_seed21_clients5_alpha0p3_ref200.json,0.9,4,conv1,0,3,0.9999642372131348,0.9999849200248718,200
cka_feddst,mnist,0.8,21,results/logs/cka_strength_sweep/mnist_all_20260516_024344/strength_0p9/seed_21/splits/mnist_split_seed21_clients5_alpha0p3_ref200.json,0.9,4,conv1,0,4,0.9999620914459229,0.9999849200248718,200
cka_feddst,mnist,0.8,21,results/logs/cka_strength_sweep/mnist_all_20260516_024344/strength_0p9/seed_21/splits/mnist_split_seed21_clients5_alpha0p3_ref200.json,0.9,4,conv1,1,0,0.99996018409729,0.9999849200248718,200
cka_feddst,mnist,0.8,21,results/logs/cka_strength_sweep/mnist_all_20260516_024344/strength_0p9/seed_21/splits/mnist_split_seed21_clients5_alpha0p3_ref200.json,0.9,4,conv1,1,1,1.0,0.9999849200248718,200
cka_feddst,mnist,0.8,21,results/logs/cka_strength_sweep/mnist_all_20260516_024344/strength_0p9/seed_21/splits/mnist_split_seed21_clients5_alpha0p3_ref200.json,0.9,4,conv1,1,2,1.0,0.9999849200248718,200
cka_feddst,mnist,0.8,21,results/logs/cka_strength_sweep/mnist_all_20260516_024344/strength_0p9/seed_21/splits/mnist_split_seed21_clients5_alpha0p3_ref200.json,0.9,4,conv1,1,3,1.0,0.9999849200248718,200
cka_feddst,mnist,0.8,21,results/logs/cka_strength_sweep/mnist_all_20260516_024344/strength_0p9/seed_21/splits/mnist_split_seed21_clients5_alpha0p3_ref200.json,0.9,4,conv1,1,4,1.0,0.9999849200248718,200
cka_feddst,mnist,0.8,21,results/logs/cka_strength_sweep/mnist_all_20260516_024344/strength_0p9/seed_21/splits/mnist_split_seed21_clients5_alpha0p3_ref200.json,0.9,4,conv1,2,0,0.9999650716781616,0.9999849200248718,200
cka_feddst,mnist,0.8,21,results/logs/cka_strength_sweep/mnist_all_20260516_024344/strength_0p9/seed_21/splits/mnist_split_seed21_clients5_alpha0p3_ref200.json,0.9,4,conv1,2,1,1.0,0.9999849200248718,200
cka_feddst,mnist,0.8,21,results/logs/cka_strength_sweep/mnist_all_20260516_024344/strength_0p9/seed_21/splits/mnist_split_seed21_clients5_alpha0p3_ref200.json,0.9,4,conv1,2,2,1.0,0.9999849200248718,200
cka_feddst,mnist,0.8,21,results/logs/cka_strength_sweep/mnist_all_20260516_024344/strength_0p9/seed_21/splits/mnist_split_seed21_clients5_alpha0p3_ref200.json,0.9,4,conv1,2,3,0.9999990463256836,0.9999849200248718,200
cka_feddst,mnist,0.8,21,results/logs/cka_strength_sweep/mnist_all_20260516_024344/strength_0p9/seed_21/splits/mnist_split_seed21_clients5_alpha0p3_ref200.json,0.9,4,conv1,2,4,0.9999999403953552,0.9999849200248718,200
cka_feddst,mnist,0.8,21,results/logs/cka_strength_sweep/mnist_all_20260516_024344/strength_0p9/seed_21/splits/mnist_split_seed21_clients5_alpha0p3_ref200.json,0.9,4,conv1,3,0,0.9999642372131348,0.9999849200248718,200
cka_feddst,mnist,0.8,21,results/logs/cka_strength_sweep/mnist_all_20260516_024344/strength_0p9/seed_21/splits/mnist_split_seed21_clients5_alpha0p3_ref200.json,0.9,4,conv1,3,1,1.0,0.9999849200248718,200
cka_feddst,mnist,0.8,21,results/logs/cka_strength_sweep/mnist_all_20260516_024344/strength_0p9/seed_21/splits/mnist_split_seed21_clients5_alpha0p3_ref200.json,0.9,4,conv1,3,2,0.9999990463256836,0.9999849200248718,200
cka_feddst,mnist,0.8,21,results/logs/cka_strength_sweep/mnist_all_20260516_024344/strength_0p9/seed_21/splits/mnist_split_seed21_clients5_alpha0p3_ref200.json,0.9,4,conv1,3,3,1.0,0.9999849200248718,200
cka_feddst,mnist,0.8,21,results/logs/cka_strength_sweep/mnist_all_20260516_024344/strength_0p9/seed_21/splits/mnist_split_seed21_clients5_alpha0p3_ref200.json,0.9,4,conv1,3,4,0.9999989867210388,0.9999849200248718,200
cka_feddst,mnist,0.8,21,results/logs/cka_strength_sweep/mnist_all_20260516_024344/strength_0p9/seed_21/splits/mnist_split_seed21_clients5_alpha0p3_ref200.json,0.9,4,conv1,4,0,0.9999620914459229,0.9999849200248718,200
cka_feddst,mnist,0.8,21,results/logs/cka_strength_sweep/mnist_all_20260516_024344/strength_0p9/seed_21/splits/mnist_split_seed21_clients5_alpha0p3_ref200.json,0.9,4,conv1,4,1,1.0,0.9999849200248718,200
cka_feddst,mnist,0.8,21,results/logs/cka_strength_sweep/mnist_all_20260516_024344/strength_0p9/seed_21/splits/mnist_split_seed21_clients5_alpha0p3_ref200.json,0.9,4,conv1,4,2,0.9999999403953552,0.9999849200248718,200
cka_feddst,mnist,0.8,21,results/logs/cka_strength_sweep/mnist_all_20260516_024344/strength_0p9/seed_21/splits/mnist_split_seed21_clients5_alpha0p3_ref200.json,0.9,4,conv1,4,3,0.9999989867210388,0.9999849200248718,200
cka_feddst,mnist,0.8,21,results/logs/cka_strength_sweep/mnist_all_20260516_024344/strength_0p9/seed_21/splits/mnist_split_seed21_clients5_alpha0p3_ref200.json,0.9,4,conv1,4,4,1.0,0.9999849200248718,200
cka_feddst,mnist,0.8,21,results/logs/cka_strength_sweep/mnist_all_20260516_024344/strength_0p9/seed_21/splits/mnist_split_seed21_clients5_alpha0p3_ref200.json,0.9,4,conv2,0,0,1.0,0.9999469518661499,200
cka_feddst,mnist,0.8,21,results/logs/cka_strength_sweep/mnist_all_20260516_024344/strength_0p9/seed_21/splits/mnist_split_seed21_clients5_alpha0p3_ref200.json,0.9,4,conv2,0,1,0.9999246001243591,0.9999469518661499,200
cka_feddst,mnist,0.8,21,results/logs/cka_strength_sweep/mnist_all_20260516_024344/strength_0p9/seed_21/splits/mnist_split_seed21_clients5_alpha0p3_ref200.json,0.9,4,conv2,0,2,0.9999488592147827,0.9999469518661499,200
cka_feddst,mnist,0.8,21,results/logs/cka_strength_sweep/mnist_all_20260516_024344/strength_0p9/seed_21/splits/mnist_split_seed21_clients5_alpha0p3_ref200.json,0.9,4,conv2,0,3,0.9999262690544128,0.9999469518661499,200
cka_feddst,mnist,0.8,21,results/logs/cka_strength_sweep/mnist_all_20260516_024344/strength_0p9/seed_21/splits/mnist_split_seed21_clients5_alpha0p3_ref200.json,0.9,4,conv2,0,4,0.9999477863311768,0.9999469518661499,200
cka_feddst,mnist,0.8,21,results/logs/cka_strength_sweep/mnist_all_20260516_024344/strength_0p9/seed_21/splits/mnist_split_seed21_clients5_alpha0p3_ref200.json,0.9,4,conv2,1,0,0.9999246001243591,0.9999469518661499,200
cka_feddst,mnist,0.8,21,results/logs/cka_strength_sweep/mnist_all_20260516_024344/strength_0p9/seed_21/splits/mnist_split_seed21_clients5_alpha0p3_ref200.json,0.9,4,conv2,1,1,1.0,0.9999469518661499,200
cka_feddst,mnist,0.8,21,results/logs/cka_strength_sweep/mnist_all_20260516_024344/strength_0p9/seed_21/splits/mnist_split_seed21_clients5_alpha0p3_ref200.json,0.9,4,conv2,1,2,0.9999561905860901,0.9999469518661499,200
cka_feddst,mnist,0.8,21,results/logs/cka_strength_sweep/mnist_all_20260516_024344/strength_0p9/seed_21/splits/mnist_split_seed21_clients5_alpha0p3_ref200.json,0.9,4,conv2,1,3,0.9999721646308899,0.9999469518661499,200
cka_feddst,mnist,0.8,21,results/logs/cka_strength_sweep/mnist_all_20260516_024344/strength_0p9/seed_21/splits/mnist_split_seed21_clients5_alpha0p3_ref200.json,0.9,4,conv2,1,4,0.9999809265136719,0.9999469518661499,200
cka_feddst,mnist,0.8,21,results/logs/cka_strength_sweep/mnist_all_20260516_024344/strength_0p9/seed_21/splits/mnist_split_seed21_clients5_alpha0p3_ref200.json,0.9,4,conv2,2,0,0.9999488592147827,0.9999469518661499,200
cka_feddst,mnist,0.8,21,results/logs/cka_strength_sweep/mnist_all_20260516_024344/strength_0p9/seed_21/splits/mnist_split_seed21_clients5_alpha0p3_ref200.json,0.9,4,conv2,2,1,0.9999561905860901,0.9999469518661499,200
cka_feddst,mnist,0.8,21,results/logs/cka_strength_sweep/mnist_all_20260516_024344/strength_0p9/seed_21/splits/mnist_split_seed21_clients5_alpha0p3_ref200.json,0.9,4,conv2,2,2,1.0,0.9999469518661499,200
cka_feddst,mnist,0.8,21,results/logs/cka_strength_sweep/mnist_all_20260516_024344/strength_0p9/seed_21/splits/mnist_split_seed21_clients5_alpha0p3_ref200.json,0.9,4,conv2,2,3,0.9998936653137207,0.9999469518661499,200
cka_feddst,mnist,0.8,21,results/logs/cka_strength_sweep/mnist_all_20260516_024344/strength_0p9/seed_21/splits/mnist_split_seed21_clients5_alpha0p3_ref200.json,0.9,4,conv2,2,4,0.999992311000824,0.9999469518661499,200
cka_feddst,mnist,0.8,21,results/logs/cka_strength_sweep/mnist_all_20260516_024344/strength_0p9/seed_21/splits/mnist_split_seed21_clients5_alpha0p3_ref200.json,0.9,4,conv2,3,0,0.9999262690544128,0.9999469518661499,200
cka_feddst,mnist,0.8,21,results/logs/cka_strength_sweep/mnist_all_20260516_024344/strength_0p9/seed_21/splits/mnist_split_seed21_clients5_alpha0p3_ref200.json,0.9,4,conv2,3,1,0.9999721646308899,0.9999469518661499,200
cka_feddst,mnist,0.8,21,results/logs/cka_strength_sweep/mnist_all_20260516_024344/strength_0p9/seed_21/splits/mnist_split_seed21_clients5_alpha0p3_ref200.json,0.9,4,conv2,3,2,0.9998936653137207,0.9999469518661499,200
cka_feddst,mnist,0.8,21,results/logs/cka_strength_sweep/mnist_all_20260516_024344/strength_0p9/seed_21/splits/mnist_split_seed21_clients5_alpha0p3_ref200.json,0.9,4,conv2,3,3,1.0,0.9999469518661499,200
cka_feddst,mnist,0.8,21,results/logs/cka_strength_sweep/mnist_all_20260516_024344/strength_0p9/seed_21/splits/mnist_split_seed21_clients5_alpha0p3_ref200.json,0.9,4,conv2,3,4,0.9999261498451233,0.9999469518661499,200
cka_feddst,mnist,0.8,21,results/logs/cka_strength_sweep/mnist_all_20260516_024344/strength_0p9/seed_21/splits/mnist_split_seed21_clients5_alpha0p3_ref200.json,0.9,4,conv2,4,0,0.9999477863311768,0.9999469518661499,200
cka_feddst,mnist,0.8,21,results/logs/cka_strength_sweep/mnist_all_20260516_024344/strength_0p9/seed_21/splits/mnist_split_seed21_clients5_alpha0p3_ref200.json,0.9,4,conv2,4,1,0.9999809265136719,0.9999469518661499,200
cka_feddst,mnist,0.8,21,results/logs/cka_strength_sweep/mnist_all_20260516_024344/strength_0p9/seed_21/splits/mnist_split_seed21_clients5_alpha0p3_ref200.json,0.9,4,conv2,4,2,0.999992311000824,0.9999469518661499,200
cka_feddst,mnist,0.8,21,results/logs/cka_strength_sweep/mnist_all_20260516_024344/strength_0p9/seed_21/splits/mnist_split_seed21_clients5_alpha0p3_ref200.json,0.9,4,conv2,4,3,0.9999261498451233,0.9999469518661499,200
cka_feddst,mnist,0.8,21,results/logs/cka_strength_sweep/mnist_all_20260516_024344/strength_0p9/seed_21/splits/mnist_split_seed21_clients5_alpha0p3_ref200.json,0.9,4,conv2,4,4,1.0,0.9999469518661499,200
cka_feddst,mnist,0.8,21,results/logs/cka_strength_sweep/mnist_all_20260516_024344/strength_0p9/seed_21/splits/mnist_split_seed21_clients5_alpha0p3_ref200.json,0.9,4,fc1,0,0,1.0,0.8441554307937622,200
cka_feddst,mnist,0.8,21,results/logs/cka_strength_sweep/mnist_all_20260516_024344/strength_0p9/seed_21/splits/mnist_split_seed21_clients5_alpha0p3_ref200.json,0.9,4,fc1,0,1,0.8265336751937866,0.8441554307937622,200
cka_feddst,mnist,0.8,21,results/logs/cka_strength_sweep/mnist_all_20260516_024344/strength_0p9/seed_21/splits/mnist_split_seed21_clients5_alpha0p3_ref200.json,0.9,4,fc1,0,2,0.719659686088562,0.8441554307937622,200
cka_feddst,mnist,0.8,21,results/logs/cka_strength_sweep/mnist_all_20260516_024344/strength_0p9/seed_21/splits/mnist_split_seed21_clients5_alpha0p3_ref200.json,0.9,4,fc1,0,3,0.8095493316650391,0.8441554307937622,200
cka_feddst,mnist,0.8,21,results/logs/cka_strength_sweep/mnist_all_20260516_024344/strength_0p9/seed_21/splits/mnist_split_seed21_clients5_alpha0p3_ref200.json,0.9,4,fc1,0,4,0.729842483997345,0.8441554307937622,200
cka_feddst,mnist,0.8,21,results/logs/cka_strength_sweep/mnist_all_20260516_024344/strength_0p9/seed_21/splits/mnist_split_seed21_clients5_alpha0p3_ref200.json,0.9,4,fc1,1,0,0.8265336751937866,0.8441554307937622,200
cka_feddst,mnist,0.8,21,results/logs/cka_strength_sweep/mnist_all_20260516_024344/strength_0p9/seed_21/splits/mnist_split_seed21_clients5_alpha0p3_ref200.json,0.9,4,fc1,1,1,1.0,0.8441554307937622,200
cka_feddst,mnist,0.8,21,results/logs/cka_strength_sweep/mnist_all_20260516_024344/strength_0p9/seed_21/splits/mnist_split_seed21_clients5_alpha0p3_ref200.json,0.9,4,fc1,1,2,0.8662852048873901,0.8441554307937622,200
cka_feddst,mnist,0.8,21,results/logs/cka_strength_sweep/mnist_all_20260516_024344/strength_0p9/seed_21/splits/mnist_split_seed21_clients5_alpha0p3_ref200.json,0.9,4,fc1,1,3,0.901727557182312,0.8441554307937622,200
cka_feddst,mnist,0.8,21,results/logs/cka_strength_sweep/mnist_all_20260516_024344/strength_0p9/seed_21/splits/mnist_split_seed21_clients5_alpha0p3_ref200.json,0.9,4,fc1,1,4,0.8750835657119751,0.8441554307937622,200
cka_feddst,mnist,0.8,21,results/logs/cka_strength_sweep/mnist_all_20260516_024344/strength_0p9/seed_21/splits/mnist_split_seed21_clients5_alpha0p3_ref200.json,0.9,4,fc1,2,0,0.719659686088562,0.8441554307937622,200
cka_feddst,mnist,0.8,21,results/logs/cka_strength_sweep/mnist_all_20260516_024344/strength_0p9/seed_21/splits/mnist_split_seed21_clients5_alpha0p3_ref200.json,0.9,4,fc1,2,1,0.8662852048873901,0.8441554307937622,200
cka_feddst,mnist,0.8,21,results/logs/cka_strength_sweep/mnist_all_20260516_024344/strength_0p9/seed_21/splits/mnist_split_seed21_clients5_alpha0p3_ref200.json,0.9,4,fc1,2,2,1.0,0.8441554307937622,200
cka_feddst,mnist,0.8,21,results/logs/cka_strength_sweep/mnist_all_20260516_024344/strength_0p9/seed_21/splits/mnist_split_seed21_clients5_alpha0p3_ref200.json,0.9,4,fc1,2,3,0.9112865328788757,0.8441554307937622,200
cka_feddst,mnist,0.8,21,results/logs/cka_strength_sweep/mnist_all_20260516_024344/strength_0p9/seed_21/splits/mnist_split_seed21_clients5_alpha0p3_ref200.json,0.9,4,fc1,2,4,0.9133744835853577,0.8441554307937622,200
cka_feddst,mnist,0.8,21,results/logs/cka_strength_sweep/mnist_all_20260516_024344/strength_0p9/seed_21/splits/mnist_split_seed21_clients5_alpha0p3_ref200.json,0.9,4,fc1,3,0,0.8095493316650391,0.8441554307937622,200
cka_feddst,mnist,0.8,21,results/logs/cka_strength_sweep/mnist_all_20260516_024344/strength_0p9/seed_21/splits/mnist_split_seed21_clients5_alpha0p3_ref200.json,0.9,4,fc1,3,1,0.901727557182312,0.8441554307937622,200
cka_feddst,mnist,0.8,21,results/logs/cka_strength_sweep/mnist_all_20260516_024344/strength_0p9/seed_21/splits/mnist_split_seed21_clients5_alpha0p3_ref200.json,0.9,4,fc1,3,2,0.9112865328788757,0.8441554307937622,200
cka_feddst,mnist,0.8,21,results/logs/cka_strength_sweep/mnist_all_20260516_024344/strength_0p9/seed_21/splits/mnist_split_seed21_clients5_alpha0p3_ref200.json,0.9,4,fc1,3,3,1.0,0.8441554307937622,200
cka_feddst,mnist,0.8,21,results/logs/cka_strength_sweep/mnist_all_20260516_024344/strength_0p9/seed_21/splits/mnist_split_seed21_clients5_alpha0p3_ref200.json,0.9,4,fc1,3,4,0.8882111310958862,0.8441554307937622,200
cka_feddst,mnist,0.8,21,results/logs/cka_strength_sweep/mnist_all_20260516_024344/strength_0p9/seed_21/splits/mnist_split_seed21_clients5_alpha0p3_ref200.json,0.9,4,fc1,4,0,0.729842483997345,0.8441554307937622,200
cka_feddst,mnist,0.8,21,results/logs/cka_strength_sweep/mnist_all_20260516_024344/strength_0p9/seed_21/splits/mnist_split_seed21_clients5_alpha0p3_ref200.json,0.9,4,fc1,4,1,0.8750835657119751,0.8441554307937622,200
cka_feddst,mnist,0.8,21,results/logs/cka_strength_sweep/mnist_all_20260516_024344/strength_0p9/seed_21/splits/mnist_split_seed21_clients5_alpha0p3_ref200.json,0.9,4,fc1,4,2,0.9133744835853577,0.8441554307937622,200
cka_feddst,mnist,0.8,21,results/logs/cka_strength_sweep/mnist_all_20260516_024344/strength_0p9/seed_21/splits/mnist_split_seed21_clients5_alpha0p3_ref200.json,0.9,4,fc1,4,3,0.8882111310958862,0.8441554307937622,200
cka_feddst,mnist,0.8,21,results/logs/cka_strength_sweep/mnist_all_20260516_024344/strength_0p9/seed_21/splits/mnist_split_seed21_clients5_alpha0p3_ref200.json,0.9,4,fc1,4,4,1.0,0.8441554307937622,200
cka_feddst,mnist,0.8,21,results/logs/cka_strength_sweep/mnist_all_20260516_024344/strength_0p9/seed_21/splits/mnist_split_seed21_clients5_alpha0p3_ref200.json,0.9,6,conv1,0,0,1.0,0.9999960660934448,200
cka_feddst,mnist,0.8,21,results/logs/cka_strength_sweep/mnist_all_20260516_024344/strength_0p9/seed_21/splits/mnist_split_seed21_clients5_alpha0p3_ref200.json,0.9,6,conv1,0,1,0.9999920725822449,0.9999960660934448,200
cka_feddst,mnist,0.8,21,results/logs/cka_strength_sweep/mnist_all_20260516_024344/strength_0p9/seed_21/splits/mnist_split_seed21_clients5_alpha0p3_ref200.json,0.9,6,conv1,0,2,0.9999955296516418,0.9999960660934448,200
cka_feddst,mnist,0.8,21,results/logs/cka_strength_sweep/mnist_all_20260516_024344/strength_0p9/seed_21/splits/mnist_split_seed21_clients5_alpha0p3_ref200.json,0.9,6,conv1,0,3,0.9999858140945435,0.9999960660934448,200
cka_feddst,mnist,0.8,21,results/logs/cka_strength_sweep/mnist_all_20260516_024344/strength_0p9/seed_21/splits/mnist_split_seed21_clients5_alpha0p3_ref200.json,0.9,6,conv1,0,4,0.9999954104423523,0.9999960660934448,200
cka_feddst,mnist,0.8,21,results/logs/cka_strength_sweep/mnist_all_20260516_024344/strength_0p9/seed_21/splits/mnist_split_seed21_clients5_alpha0p3_ref200.json,0.9,6,conv1,1,0,0.9999920725822449,0.9999960660934448,200
cka_feddst,mnist,0.8,21,results/logs/cka_strength_sweep/mnist_all_20260516_024344/strength_0p9/seed_21/splits/mnist_split_seed21_clients5_alpha0p3_ref200.json,0.9,6,conv1,1,1,1.0,0.9999960660934448,200
cka_feddst,mnist,0.8,21,results/logs/cka_strength_sweep/mnist_all_20260516_024344/strength_0p9/seed_21/splits/mnist_split_seed21_clients5_alpha0p3_ref200.json,0.9,6,conv1,1,2,0.9999998807907104,0.9999960660934448,200
cka_feddst,mnist,0.8,21,results/logs/cka_strength_sweep/mnist_all_20260516_024344/strength_0p9/seed_21/splits/mnist_split_seed21_clients5_alpha0p3_ref200.json,0.9,6,conv1,1,3,0.9999984502792358,0.9999960660934448,200
cka_feddst,mnist,0.8,21,results/logs/cka_strength_sweep/mnist_all_20260516_024344/strength_0p9/seed_21/splits/mnist_split_seed21_clients5_alpha0p3_ref200.json,0.9,6,conv1,1,4,0.9999996423721313,0.9999960660934448,200
cka_feddst,mnist,0.8,21,results/logs/cka_strength_sweep/mnist_all_20260516_024344/strength_0p9/seed_21/splits/mnist_split_seed21_clients5_alpha0p3_ref200.json,0.9,6,conv1,2,0,0.9999955296516418,0.9999960660934448,200
cka_feddst,mnist,0.8,21,results/logs/cka_strength_sweep/mnist_all_20260516_024344/strength_0p9/seed_21/splits/mnist_split_seed21_clients5_alpha0p3_ref200.json,0.9,6,conv1,2,1,0.9999998807907104,0.9999960660934448,200
cka_feddst,mnist,0.8,21,results/logs/cka_strength_sweep/mnist_all_20260516_024344/strength_0p9/seed_21/splits/mnist_split_seed21_clients5_alpha0p3_ref200.json,0.9,6,conv1,2,2,1.0,0.9999960660934448,200
cka_feddst,mnist,0.8,21,results/logs/cka_strength_sweep/mnist_all_20260516_024344/strength_0p9/seed_21/splits/mnist_split_seed21_clients5_alpha0p3_ref200.json,0.9,6,conv1,2,3,0.9999974966049194,0.9999960660934448,200
cka_feddst,mnist,0.8,21,results/logs/cka_strength_sweep/mnist_all_20260516_024344/strength_0p9/seed_21/splits/mnist_split_seed21_clients5_alpha0p3_ref200.json,0.9,6,conv1,2,4,1.0,0.9999960660934448,200
cka_feddst,mnist,0.8,21,results/logs/cka_strength_sweep/mnist_all_20260516_024344/strength_0p9/seed_21/splits/mnist_split_seed21_clients5_alpha0p3_ref200.json,0.9,6,conv1,3,0,0.9999858140945435,0.9999960660934448,200
cka_feddst,mnist,0.8,21,results/logs/cka_strength_sweep/mnist_all_20260516_024344/strength_0p9/seed_21/splits/mnist_split_seed21_clients5_alpha0p3_ref200.json,0.9,6,conv1,3,1,0.9999984502792358,0.9999960660934448,200
cka_feddst,mnist,0.8,21,results/logs/cka_strength_sweep/mnist_all_20260516_024344/strength_0p9/seed_21/splits/mnist_split_seed21_clients5_alpha0p3_ref200.json,0.9,6,conv1,3,2,0.9999974966049194,0.9999960660934448,200
cka_feddst,mnist,0.8,21,results/logs/cka_strength_sweep/mnist_all_20260516_024344/strength_0p9/seed_21/splits/mnist_split_seed21_clients5_alpha0p3_ref200.json,0.9,6,conv1,3,3,1.0,0.9999960660934448,200
cka_feddst,mnist,0.8,21,results/logs/cka_strength_sweep/mnist_all_20260516_024344/strength_0p9/seed_21/splits/mnist_split_seed21_clients5_alpha0p3_ref200.json,0.9,6,conv1,3,4,0.9999970197677612,0.9999960660934448,200
cka_feddst,mnist,0.8,21,results/logs/cka_strength_sweep/mnist_all_20260516_024344/strength_0p9/seed_21/splits/mnist_split_seed21_clients5_alpha0p3_ref200.json,0.9,6,conv1,4,0,0.9999954104423523,0.9999960660934448,200
cka_feddst,mnist,0.8,21,results/logs/cka_strength_sweep/mnist_all_20260516_024344/strength_0p9/seed_21/splits/mnist_split_seed21_clients5_alpha0p3_ref200.json,0.9,6,conv1,4,1,0.9999996423721313,0.9999960660934448,200
cka_feddst,mnist,0.8,21,results/logs/cka_strength_sweep/mnist_all_20260516_024344/strength_0p9/seed_21/splits/mnist_split_seed21_clients5_alpha0p3_ref200.json,0.9,6,conv1,4,2,1.0,0.9999960660934448,200
cka_feddst,mnist,0.8,21,results/logs/cka_strength_sweep/mnist_all_20260516_024344/strength_0p9/seed_21/splits/mnist_split_seed21_clients5_alpha0p3_ref200.json,0.9,6,conv1,4,3,0.9999970197677612,0.9999960660934448,200
cka_feddst,mnist,0.8,21,results/logs/cka_strength_sweep/mnist_all_20260516_024344/strength_0p9/seed_21/splits/mnist_split_seed21_clients5_alpha0p3_ref200.json,0.9,6,conv1,4,4,1.0,0.9999960660934448,200
cka_feddst,mnist,0.8,21,results/logs/cka_strength_sweep/mnist_all_20260516_024344/strength_0p9/seed_21/splits/mnist_split_seed21_clients5_alpha0p3_ref200.json,0.9,6,conv2,0,0,1.0,0.9999608993530273,200
cka_feddst,mnist,0.8,21,results/logs/cka_strength_sweep/mnist_all_20260516_024344/strength_0p9/seed_21/splits/mnist_split_seed21_clients5_alpha0p3_ref200.json,0.9,6,conv2,0,1,0.99994295835495,0.9999608993530273,200
cka_feddst,mnist,0.8,21,results/logs/cka_strength_sweep/mnist_all_20260516_024344/strength_0p9/seed_21/splits/mnist_split_seed21_clients5_alpha0p3_ref200.json,0.9,6,conv2,0,2,0.9999537467956543,0.9999608993530273,200
cka_feddst,mnist,0.8,21,results/logs/cka_strength_sweep/mnist_all_20260516_024344/strength_0p9/seed_21/splits/mnist_split_seed21_clients5_alpha0p3_ref200.json,0.9,6,conv2,0,3,0.9998976588249207,0.9999608993530273,200
cka_feddst,mnist,0.8,21,results/logs/cka_strength_sweep/mnist_all_20260516_024344/strength_0p9/seed_21/splits/mnist_split_seed21_clients5_alpha0p3_ref200.json,0.9,6,conv2,0,4,0.999932587146759,0.9999608993530273,200
cka_feddst,mnist,0.8,21,results/logs/cka_strength_sweep/mnist_all_20260516_024344/strength_0p9/seed_21/splits/mnist_split_seed21_clients5_alpha0p3_ref200.json,0.9,6,conv2,1,0,0.99994295835495,0.9999608993530273,200
cka_feddst,mnist,0.8,21,results/logs/cka_strength_sweep/mnist_all_20260516_024344/strength_0p9/seed_21/splits/mnist_split_seed21_clients5_alpha0p3_ref200.json,0.9,6,conv2,1,1,1.0,0.9999608993530273,200
cka_feddst,mnist,0.8,21,results/logs/cka_strength_sweep/mnist_all_20260516_024344/strength_0p9/seed_21/splits/mnist_split_seed21_clients5_alpha0p3_ref200.json,0.9,6,conv2,1,2,0.9999988079071045,0.9999608993530273,200
cka_feddst,mnist,0.8,21,results/logs/cka_strength_sweep/mnist_all_20260516_024344/strength_0p9/seed_21/splits/mnist_split_seed21_clients5_alpha0p3_ref200.json,0.9,6,conv2,1,3,0.999961793422699,0.9999608993530273,200
cka_feddst,mnist,0.8,21,results/logs/cka_strength_sweep/mnist_all_20260516_024344/strength_0p9/seed_21/splits/mnist_split_seed21_clients5_alpha0p3_ref200.json,0.9,6,conv2,1,4,0.9999982714653015,0.9999608993530273,200
cka_feddst,mnist,0.8,21,results/logs/cka_strength_sweep/mnist_all_20260516_024344/strength_0p9/seed_21/splits/mnist_split_seed21_clients5_alpha0p3_ref200.json,0.9,6,conv2,2,0,0.9999537467956543,0.9999608993530273,200
cka_feddst,mnist,0.8,21,results/logs/cka_strength_sweep/mnist_all_20260516_024344/strength_0p9/seed_21/splits/mnist_split_seed21_clients5_alpha0p3_ref200.json,0.9,6,conv2,2,1,0.9999988079071045,0.9999608993530273,200
cka_feddst,mnist,0.8,21,results/logs/cka_strength_sweep/mnist_all_20260516_024344/strength_0p9/seed_21/splits/mnist_split_seed21_clients5_alpha0p3_ref200.json,0.9,6,conv2,2,2,1.0,0.9999608993530273,200
cka_feddst,mnist,0.8,21,results/logs/cka_strength_sweep/mnist_all_20260516_024344/strength_0p9/seed_21/splits/mnist_split_seed21_clients5_alpha0p3_ref200.json,0.9,6,conv2,2,3,0.9999595284461975,0.9999608993530273,200
cka_feddst,mnist,0.8,21,results/logs/cka_strength_sweep/mnist_all_20260516_024344/strength_0p9/seed_21/splits/mnist_split_seed21_clients5_alpha0p3_ref200.json,0.9,6,conv2,2,4,0.999994695186615,0.9999608993530273,200
cka_feddst,mnist,0.8,21,results/logs/cka_strength_sweep/mnist_all_20260516_024344/strength_0p9/seed_21/splits/mnist_split_seed21_clients5_alpha0p3_ref200.json,0.9,6,conv2,3,0,0.9998976588249207,0.9999608993530273,200
cka_feddst,mnist,0.8,21,results/logs/cka_strength_sweep/mnist_all_20260516_024344/strength_0p9/seed_21/splits/mnist_split_seed21_clients5_alpha0p3_ref200.json,0.9,6,conv2,3,1,0.999961793422699,0.9999608993530273,200
cka_feddst,mnist,0.8,21,results/logs/cka_strength_sweep/mnist_all_20260516_024344/strength_0p9/seed_21/splits/mnist_split_seed21_clients5_alpha0p3_ref200.json,0.9,6,conv2,3,2,0.9999595284461975,0.9999608993530273,200
cka_feddst,mnist,0.8,21,results/logs/cka_strength_sweep/mnist_all_20260516_024344/strength_0p9/seed_21/splits/mnist_split_seed21_clients5_alpha0p3_ref200.json,0.9,6,conv2,3,3,1.0,0.9999608993530273,200
cka_feddst,mnist,0.8,21,results/logs/cka_strength_sweep/mnist_all_20260516_024344/strength_0p9/seed_21/splits/mnist_split_seed21_clients5_alpha0p3_ref200.json,0.9,6,conv2,3,4,0.9999682903289795,0.9999608993530273,200
cka_feddst,mnist,0.8,21,results/logs/cka_strength_sweep/mnist_all_20260516_024344/strength_0p9/seed_21/splits/mnist_split_seed21_clients5_alpha0p3_ref200.json,0.9,6,conv2,4,0,0.999932587146759,0.9999608993530273,200
cka_feddst,mnist,0.8,21,results/logs/cka_strength_sweep/mnist_all_20260516_024344/strength_0p9/seed_21/splits/mnist_split_seed21_clients5_alpha0p3_ref200.json,0.9,6,conv2,4,1,0.9999982714653015,0.9999608993530273,200
cka_feddst,mnist,0.8,21,results/logs/cka_strength_sweep/mnist_all_20260516_024344/strength_0p9/seed_21/splits/mnist_split_seed21_clients5_alpha0p3_ref200.json,0.9,6,conv2,4,2,0.999994695186615,0.9999608993530273,200
cka_feddst,mnist,0.8,21,results/logs/cka_strength_sweep/mnist_all_20260516_024344/strength_0p9/seed_21/splits/mnist_split_seed21_clients5_alpha0p3_ref200.json,0.9,6,conv2,4,3,0.9999682903289795,0.9999608993530273,200
cka_feddst,mnist,0.8,21,results/logs/cka_strength_sweep/mnist_all_20260516_024344/strength_0p9/seed_21/splits/mnist_split_seed21_clients5_alpha0p3_ref200.json,0.9,6,conv2,4,4,1.0,0.9999608993530273,200
cka_feddst,mnist,0.8,21,results/logs/cka_strength_sweep/mnist_all_20260516_024344/strength_0p9/seed_21/splits/mnist_split_seed21_clients5_alpha0p3_ref200.json,0.9,6,fc1,0,0,1.0,0.9648890495300293,200
cka_feddst,mnist,0.8,21,results/logs/cka_strength_sweep/mnist_all_20260516_024344/strength_0p9/seed_21/splits/mnist_split_seed21_clients5_alpha0p3_ref200.json,0.9,6,fc1,0,1,0.973050594329834,0.9648890495300293,200
cka_feddst,mnist,0.8,21,results/logs/cka_strength_sweep/mnist_all_20260516_024344/strength_0p9/seed_21/splits/mnist_split_seed21_clients5_alpha0p3_ref200.json,0.9,6,fc1,0,2,0.9541870355606079,0.9648890495300293,200
cka_feddst,mnist,0.8,21,results/logs/cka_strength_sweep/mnist_all_20260516_024344/strength_0p9/seed_21/splits/mnist_split_seed21_clients5_alpha0p3_ref200.json,0.9,6,fc1,0,3,0.9610826969146729,0.9648890495300293,200
cka_feddst,mnist,0.8,21,results/logs/cka_strength_sweep/mnist_all_20260516_024344/strength_0p9/seed_21/splits/mnist_split_seed21_clients5_alpha0p3_ref200.json,0.9,6,fc1,0,4,0.9440215826034546,0.9648890495300293,200
cka_feddst,mnist,0.8,21,results/logs/cka_strength_sweep/mnist_all_20260516_024344/strength_0p9/seed_21/splits/mnist_split_seed21_clients5_alpha0p3_ref200.json,0.9,6,fc1,1,0,0.973050594329834,0.9648890495300293,200
cka_feddst,mnist,0.8,21,results/logs/cka_strength_sweep/mnist_all_20260516_024344/strength_0p9/seed_21/splits/mnist_split_seed21_clients5_alpha0p3_ref200.json,0.9,6,fc1,1,1,1.0,0.9648890495300293,200
cka_feddst,mnist,0.8,21,results/logs/cka_strength_sweep/mnist_all_20260516_024344/strength_0p9/seed_21/splits/mnist_split_seed21_clients5_alpha0p3_ref200.json,0.9,6,fc1,1,2,0.9849004745483398,0.9648890495300293,200
cka_feddst,mnist,0.8,21,results/logs/cka_strength_sweep/mnist_all_20260516_024344/strength_0p9/seed_21/splits/mnist_split_seed21_clients5_alpha0p3_ref200.json,0.9,6,fc1,1,3,0.9667593836784363,0.9648890495300293,200
cka_feddst,mnist,0.8,21,results/logs/cka_strength_sweep/mnist_all_20260516_024344/strength_0p9/seed_21/splits/mnist_split_seed21_clients5_alpha0p3_ref200.json,0.9,6,fc1,1,4,0.9648020267486572,0.9648890495300293,200
cka_feddst,mnist,0.8,21,results/logs/cka_strength_sweep/mnist_all_20260516_024344/strength_0p9/seed_21/splits/mnist_split_seed21_clients5_alpha0p3_ref200.json,0.9,6,fc1,2,0,0.9541870355606079,0.9648890495300293,200
cka_feddst,mnist,0.8,21,results/logs/cka_strength_sweep/mnist_all_20260516_024344/strength_0p9/seed_21/splits/mnist_split_seed21_clients5_alpha0p3_ref200.json,0.9,6,fc1,2,1,0.9849004745483398,0.9648890495300293,200
cka_feddst,mnist,0.8,21,results/logs/cka_strength_sweep/mnist_all_20260516_024344/strength_0p9/seed_21/splits/mnist_split_seed21_clients5_alpha0p3_ref200.json,0.9,6,fc1,2,2,1.0,0.9648890495300293,200
cka_feddst,mnist,0.8,21,results/logs/cka_strength_sweep/mnist_all_20260516_024344/strength_0p9/seed_21/splits/mnist_split_seed21_clients5_alpha0p3_ref200.json,0.9,6,fc1,2,3,0.9740856289863586,0.9648890495300293,200
cka_feddst,mnist,0.8,21,results/logs/cka_strength_sweep/mnist_all_20260516_024344/strength_0p9/seed_21/splits/mnist_split_seed21_clients5_alpha0p3_ref200.json,0.9,6,fc1,2,4,0.9650765061378479,0.9648890495300293,200
cka_feddst,mnist,0.8,21,results/logs/cka_strength_sweep/mnist_all_20260516_024344/strength_0p9/seed_21/splits/mnist_split_seed21_clients5_alpha0p3_ref200.json,0.9,6,fc1,3,0,0.9610826969146729,0.9648890495300293,200
cka_feddst,mnist,0.8,21,results/logs/cka_strength_sweep/mnist_all_20260516_024344/strength_0p9/seed_21/splits/mnist_split_seed21_clients5_alpha0p3_ref200.json,0.9,6,fc1,3,1,0.9667593836784363,0.9648890495300293,200
cka_feddst,mnist,0.8,21,results/logs/cka_strength_sweep/mnist_all_20260516_024344/strength_0p9/seed_21/splits/mnist_split_seed21_clients5_alpha0p3_ref200.json,0.9,6,fc1,3,2,0.9740856289863586,0.9648890495300293,200
cka_feddst,mnist,0.8,21,results/logs/cka_strength_sweep/mnist_all_20260516_024344/strength_0p9/seed_21/splits/mnist_split_seed21_clients5_alpha0p3_ref200.json,0.9,6,fc1,3,3,1.0,0.9648890495300293,200
cka_feddst,mnist,0.8,21,results/logs/cka_strength_sweep/mnist_all_20260516_024344/strength_0p9/seed_21/splits/mnist_split_seed21_clients5_alpha0p3_ref200.json,0.9,6,fc1,3,4,0.9609246850013733,0.9648890495300293,200
cka_feddst,mnist,0.8,21,results/logs/cka_strength_sweep/mnist_all_20260516_024344/strength_0p9/seed_21/splits/mnist_split_seed21_clients5_alpha0p3_ref200.json,0.9,6,fc1,4,0,0.9440215826034546,0.9648890495300293,200
cka_feddst,mnist,0.8,21,results/logs/cka_strength_sweep/mnist_all_20260516_024344/strength_0p9/seed_21/splits/mnist_split_seed21_clients5_alpha0p3_ref200.json,0.9,6,fc1,4,1,0.9648020267486572,0.9648890495300293,200
cka_feddst,mnist,0.8,21,results/logs/cka_strength_sweep/mnist_all_20260516_024344/strength_0p9/seed_21/splits/mnist_split_seed21_clients5_alpha0p3_ref200.json,0.9,6,fc1,4,2,0.9650765061378479,0.9648890495300293,200
cka_feddst,mnist,0.8,21,results/logs/cka_strength_sweep/mnist_all_20260516_024344/strength_0p9/seed_21/splits/mnist_split_seed21_clients5_alpha0p3_ref200.json,0.9,6,fc1,4,3,0.9609246850013733,0.9648890495300293,200
cka_feddst,mnist,0.8,21,results/logs/cka_strength_sweep/mnist_all_20260516_024344/strength_0p9/seed_21/splits/mnist_split_seed21_clients5_alpha0p3_ref200.json,0.9,6,fc1,4,4,1.0,0.9648890495300293,200
cka_feddst,mnist,0.8,21,results/logs/cka_strength_sweep/mnist_all_20260516_024344/strength_0p9/seed_21/splits/mnist_split_seed21_clients5_alpha0p3_ref200.json,0.9,8,conv1,0,0,1.0,0.9999983906745911,200
cka_feddst,mnist,0.8,21,results/logs/cka_strength_sweep/mnist_all_20260516_024344/strength_0p9/seed_21/splits/mnist_split_seed21_clients5_alpha0p3_ref200.json,0.9,8,conv1,0,1,0.9999991655349731,0.9999983906745911,200
cka_feddst,mnist,0.8,21,results/logs/cka_strength_sweep/mnist_all_20260516_024344/strength_0p9/seed_21/splits/mnist_split_seed21_clients5_alpha0p3_ref200.json,0.9,8,conv1,0,2,0.9999992251396179,0.9999983906745911,200
cka_feddst,mnist,0.8,21,results/logs/cka_strength_sweep/mnist_all_20260516_024344/strength_0p9/seed_21/splits/mnist_split_seed21_clients5_alpha0p3_ref200.json,0.9,8,conv1,0,3,0.9999942183494568,0.9999983906745911,200
cka_feddst,mnist,0.8,21,results/logs/cka_strength_sweep/mnist_all_20260516_024344/strength_0p9/seed_21/splits/mnist_split_seed21_clients5_alpha0p3_ref200.json,0.9,8,conv1,0,4,0.9999986290931702,0.9999983906745911,200
cka_feddst,mnist,0.8,21,results/logs/cka_strength_sweep/mnist_all_20260516_024344/strength_0p9/seed_21/splits/mnist_split_seed21_clients5_alpha0p3_ref200.json,0.9,8,conv1,1,0,0.9999991655349731,0.9999983906745911,200
cka_feddst,mnist,0.8,21,results/logs/cka_strength_sweep/mnist_all_20260516_024344/strength_0p9/seed_21/splits/mnist_split_seed21_clients5_alpha0p3_ref200.json,0.9,8,conv1,1,1,1.0,0.9999983906745911,200
cka_feddst,mnist,0.8,21,results/logs/cka_strength_sweep/mnist_all_20260516_024344/strength_0p9/seed_21/splits/mnist_split_seed21_clients5_alpha0p3_ref200.json,0.9,8,conv1,1,2,1.0,0.9999983906745911,200
cka_feddst,mnist,0.8,21,results/logs/cka_strength_sweep/mnist_all_20260516_024344/strength_0p9/seed_21/splits/mnist_split_seed21_clients5_alpha0p3_ref200.json,0.9,8,conv1,1,3,0.9999980330467224,0.9999983906745911,200
cka_feddst,mnist,0.8,21,results/logs/cka_strength_sweep/mnist_all_20260516_024344/strength_0p9/seed_21/splits/mnist_split_seed21_clients5_alpha0p3_ref200.json,0.9,8,conv1,1,4,1.0,0.9999983906745911,200
cka_feddst,mnist,0.8,21,results/logs/cka_strength_sweep/mnist_all_20260516_024344/strength_0p9/seed_21/splits/mnist_split_seed21_clients5_alpha0p3_ref200.json,0.9,8,conv1,2,0,0.9999992251396179,0.9999983906745911,200
cka_feddst,mnist,0.8,21,results/logs/cka_strength_sweep/mnist_all_20260516_024344/strength_0p9/seed_21/splits/mnist_split_seed21_clients5_alpha0p3_ref200.json,0.9,8,conv1,2,1,1.0,0.9999983906745911,200
cka_feddst,mnist,0.8,21,results/logs/cka_strength_sweep/mnist_all_20260516_024344/strength_0p9/seed_21/splits/mnist_split_seed21_clients5_alpha0p3_ref200.json,0.9,8,conv1,2,2,1.0,0.9999983906745911,200
cka_feddst,mnist,0.8,21,results/logs/cka_strength_sweep/mnist_all_20260516_024344/strength_0p9/seed_21/splits/mnist_split_seed21_clients5_alpha0p3_ref200.json,0.9,8,conv1,2,3,0.9999971389770508,0.9999983906745911,200
cka_feddst,mnist,0.8,21,results/logs/cka_strength_sweep/mnist_all_20260516_024344/strength_0p9/seed_21/splits/mnist_split_seed21_clients5_alpha0p3_ref200.json,0.9,8,conv1,2,4,1.0,0.9999983906745911,200
cka_feddst,mnist,0.8,21,results/logs/cka_strength_sweep/mnist_all_20260516_024344/strength_0p9/seed_21/splits/mnist_split_seed21_clients5_alpha0p3_ref200.json,0.9,8,conv1,3,0,0.9999942183494568,0.9999983906745911,200
cka_feddst,mnist,0.8,21,results/logs/cka_strength_sweep/mnist_all_20260516_024344/strength_0p9/seed_21/splits/mnist_split_seed21_clients5_alpha0p3_ref200.json,0.9,8,conv1,3,1,0.9999980330467224,0.9999983906745911,200
cka_feddst,mnist,0.8,21,results/logs/cka_strength_sweep/mnist_all_20260516_024344/strength_0p9/seed_21/splits/mnist_split_seed21_clients5_alpha0p3_ref200.json,0.9,8,conv1,3,2,0.9999971389770508,0.9999983906745911,200
cka_feddst,mnist,0.8,21,results/logs/cka_strength_sweep/mnist_all_20260516_024344/strength_0p9/seed_21/splits/mnist_split_seed21_clients5_alpha0p3_ref200.json,0.9,8,conv1,3,3,1.0,0.9999983906745911,200
cka_feddst,mnist,0.8,21,results/logs/cka_strength_sweep/mnist_all_20260516_024344/strength_0p9/seed_21/splits/mnist_split_seed21_clients5_alpha0p3_ref200.json,0.9,8,conv1,3,4,0.9999974966049194,0.9999983906745911,200
cka_feddst,mnist,0.8,21,results/logs/cka_strength_sweep/mnist_all_20260516_024344/strength_0p9/seed_21/splits/mnist_split_seed21_clients5_alpha0p3_ref200.json,0.9,8,conv1,4,0,0.9999986290931702,0.9999983906745911,200
cka_feddst,mnist,0.8,21,results/logs/cka_strength_sweep/mnist_all_20260516_024344/strength_0p9/seed_21/splits/mnist_split_seed21_clients5_alpha0p3_ref200.json,0.9,8,conv1,4,1,1.0,0.9999983906745911,200
cka_feddst,mnist,0.8,21,results/logs/cka_strength_sweep/mnist_all_20260516_024344/strength_0p9/seed_21/splits/mnist_split_seed21_clients5_alpha0p3_ref200.json,0.9,8,conv1,4,2,1.0,0.9999983906745911,200
cka_feddst,mnist,0.8,21,results/logs/cka_strength_sweep/mnist_all_20260516_024344/strength_0p9/seed_21/splits/mnist_split_seed21_clients5_alpha0p3_ref200.json,0.9,8,conv1,4,3,0.9999974966049194,0.9999983906745911,200
cka_feddst,mnist,0.8,21,results/logs/cka_strength_sweep/mnist_all_20260516_024344/strength_0p9/seed_21/splits/mnist_split_seed21_clients5_alpha0p3_ref200.json,0.9,8,conv1,4,4,1.0,0.9999983906745911,200
cka_feddst,mnist,0.8,21,results/logs/cka_strength_sweep/mnist_all_20260516_024344/strength_0p9/seed_21/splits/mnist_split_seed21_clients5_alpha0p3_ref200.json,0.9,8,conv2,0,0,1.0,0.9999625086784363,200
cka_feddst,mnist,0.8,21,results/logs/cka_strength_sweep/mnist_all_20260516_024344/strength_0p9/seed_21/splits/mnist_split_seed21_clients5_alpha0p3_ref200.json,0.9,8,conv2,0,1,0.9999520182609558,0.9999625086784363,200
cka_feddst,mnist,0.8,21,results/logs/cka_strength_sweep/mnist_all_20260516_024344/strength_0p9/seed_21/splits/mnist_split_seed21_clients5_alpha0p3_ref200.json,0.9,8,conv2,0,2,0.9999561905860901,0.9999625086784363,200
cka_feddst,mnist,0.8,21,results/logs/cka_strength_sweep/mnist_all_20260516_024344/strength_0p9/seed_21/splits/mnist_split_seed21_clients5_alpha0p3_ref200.json,0.9,8,conv2,0,3,0.9999008774757385,0.9999625086784363,200
cka_feddst,mnist,0.8,21,results/logs/cka_strength_sweep/mnist_all_20260516_024344/strength_0p9/seed_21/splits/mnist_split_seed21_clients5_alpha0p3_ref200.json,0.9,8,conv2,0,4,0.9999340772628784,0.9999625086784363,200
cka_feddst,mnist,0.8,21,results/logs/cka_strength_sweep/mnist_all_20260516_024344/strength_0p9/seed_21/splits/mnist_split_seed21_clients5_alpha0p3_ref200.json,0.9,8,conv2,1,0,0.9999520182609558,0.9999625086784363,200
cka_feddst,mnist,0.8,21,results/logs/cka_strength_sweep/mnist_all_20260516_024344/strength_0p9/seed_21/splits/mnist_split_seed21_clients5_alpha0p3_ref200.json,0.9,8,conv2,1,1,1.0,0.9999625086784363,200
cka_feddst,mnist,0.8,21,results/logs/cka_strength_sweep/mnist_all_20260516_024344/strength_0p9/seed_21/splits/mnist_split_seed21_clients5_alpha0p3_ref200.json,0.9,8,conv2,1,2,0.9999997019767761,0.9999625086784363,200
cka_feddst,mnist,0.8,21,results/logs/cka_strength_sweep/mnist_all_20260516_024344/strength_0p9/seed_21/splits/mnist_split_seed21_clients5_alpha0p3_ref200.json,0.9,8,conv2,1,3,0.9999599456787109,0.9999625086784363,200
cka_feddst,mnist,0.8,21,results/logs/cka_strength_sweep/mnist_all_20260516_024344/strength_0p9/seed_21/splits/mnist_split_seed21_clients5_alpha0p3_ref200.json,0.9,8,conv2,1,4,0.9999927282333374,0.9999625086784363,200
cka_feddst,mnist,0.8,21,results/logs/cka_strength_sweep/mnist_all_20260516_024344/strength_0p9/seed_21/splits/mnist_split_seed21_clients5_alpha0p3_ref200.json,0.9,8,conv2,2,0,0.9999561905860901,0.9999625086784363,200
cka_feddst,mnist,0.8,21,results/logs/cka_strength_sweep/mnist_all_20260516_024344/strength_0p9/seed_21/splits/mnist_split_seed21_clients5_alpha0p3_ref200.json,0.9,8,conv2,2,1,0.9999997019767761,0.9999625086784363,200
cka_feddst,mnist,0.8,21,results/logs/cka_strength_sweep/mnist_all_20260516_024344/strength_0p9/seed_21/splits/mnist_split_seed21_clients5_alpha0p3_ref200.json,0.9,8,conv2,2,2,1.0,0.9999625086784363,200
cka_feddst,mnist,0.8,21,results/logs/cka_strength_sweep/mnist_all_20260516_024344/strength_0p9/seed_21/splits/mnist_split_seed21_clients5_alpha0p3_ref200.json,0.9,8,conv2,2,3,0.9999606609344482,0.9999625086784363,200
cka_feddst,mnist,0.8,21,results/logs/cka_strength_sweep/mnist_all_20260516_024344/strength_0p9/seed_21/splits/mnist_split_seed21_clients5_alpha0p3_ref200.json,0.9,8,conv2,2,4,0.999990701675415,0.9999625086784363,200
cka_feddst,mnist,0.8,21,results/logs/cka_strength_sweep/mnist_all_20260516_024344/strength_0p9/seed_21/splits/mnist_split_seed21_clients5_alpha0p3_ref200.json,0.9,8,conv2,3,0,0.9999008774757385,0.9999625086784363,200
cka_feddst,mnist,0.8,21,results/logs/cka_strength_sweep/mnist_all_20260516_024344/strength_0p9/seed_21/splits/mnist_split_seed21_clients5_alpha0p3_ref200.json,0.9,8,conv2,3,1,0.9999599456787109,0.9999625086784363,200
cka_feddst,mnist,0.8,21,results/logs/cka_strength_sweep/mnist_all_20260516_024344/strength_0p9/seed_21/splits/mnist_split_seed21_clients5_alpha0p3_ref200.json,0.9,8,conv2,3,2,0.9999606609344482,0.9999625086784363,200
cka_feddst,mnist,0.8,21,results/logs/cka_strength_sweep/mnist_all_20260516_024344/strength_0p9/seed_21/splits/mnist_split_seed21_clients5_alpha0p3_ref200.json,0.9,8,conv2,3,3,1.0,0.9999625086784363,200
cka_feddst,mnist,0.8,21,results/logs/cka_strength_sweep/mnist_all_20260516_024344/strength_0p9/seed_21/splits/mnist_split_seed21_clients5_alpha0p3_ref200.json,0.9,8,conv2,3,4,0.9999778866767883,0.9999625086784363,200
cka_feddst,mnist,0.8,21,results/logs/cka_strength_sweep/mnist_all_20260516_024344/strength_0p9/seed_21/splits/mnist_split_seed21_clients5_alpha0p3_ref200.json,0.9,8,conv2,4,0,0.9999340772628784,0.9999625086784363,200
cka_feddst,mnist,0.8,21,results/logs/cka_strength_sweep/mnist_all_20260516_024344/strength_0p9/seed_21/splits/mnist_split_seed21_clients5_alpha0p3_ref200.json,0.9,8,conv2,4,1,0.9999927282333374,0.9999625086784363,200
cka_feddst,mnist,0.8,21,results/logs/cka_strength_sweep/mnist_all_20260516_024344/strength_0p9/seed_21/splits/mnist_split_seed21_clients5_alpha0p3_ref200.json,0.9,8,conv2,4,2,0.999990701675415,0.9999625086784363,200
cka_feddst,mnist,0.8,21,results/logs/cka_strength_sweep/mnist_all_20260516_024344/strength_0p9/seed_21/splits/mnist_split_seed21_clients5_alpha0p3_ref200.json,0.9,8,conv2,4,3,0.9999778866767883,0.9999625086784363,200
cka_feddst,mnist,0.8,21,results/logs/cka_strength_sweep/mnist_all_20260516_024344/strength_0p9/seed_21/splits/mnist_split_seed21_clients5_alpha0p3_ref200.json,0.9,8,conv2,4,4,1.0,0.9999625086784363,200
cka_feddst,mnist,0.8,21,results/logs/cka_strength_sweep/mnist_all_20260516_024344/strength_0p9/seed_21/splits/mnist_split_seed21_clients5_alpha0p3_ref200.json,0.9,8,fc1,0,0,1.0,0.9658799171447754,200
cka_feddst,mnist,0.8,21,results/logs/cka_strength_sweep/mnist_all_20260516_024344/strength_0p9/seed_21/splits/mnist_split_seed21_clients5_alpha0p3_ref200.json,0.9,8,fc1,0,1,0.9829877018928528,0.9658799171447754,200
cka_feddst,mnist,0.8,21,results/logs/cka_strength_sweep/mnist_all_20260516_024344/strength_0p9/seed_21/splits/mnist_split_seed21_clients5_alpha0p3_ref200.json,0.9,8,fc1,0,2,0.9736303687095642,0.9658799171447754,200
cka_feddst,mnist,0.8,21,results/logs/cka_strength_sweep/mnist_all_20260516_024344/strength_0p9/seed_21/splits/mnist_split_seed21_clients5_alpha0p3_ref200.json,0.9,8,fc1,0,3,0.9546474814414978,0.9658799171447754,200
cka_feddst,mnist,0.8,21,results/logs/cka_strength_sweep/mnist_all_20260516_024344/strength_0p9/seed_21/splits/mnist_split_seed21_clients5_alpha0p3_ref200.json,0.9,8,fc1,0,4,0.9490649700164795,0.9658799171447754,200
cka_feddst,mnist,0.8,21,results/logs/cka_strength_sweep/mnist_all_20260516_024344/strength_0p9/seed_21/splits/mnist_split_seed21_clients5_alpha0p3_ref200.json,0.9,8,fc1,1,0,0.9829877018928528,0.9658799171447754,200
cka_feddst,mnist,0.8,21,results/logs/cka_strength_sweep/mnist_all_20260516_024344/strength_0p9/seed_21/splits/mnist_split_seed21_clients5_alpha0p3_ref200.json,0.9,8,fc1,1,1,1.0,0.9658799171447754,200
cka_feddst,mnist,0.8,21,results/logs/cka_strength_sweep/mnist_all_20260516_024344/strength_0p9/seed_21/splits/mnist_split_seed21_clients5_alpha0p3_ref200.json,0.9,8,fc1,1,2,0.9776682257652283,0.9658799171447754,200
cka_feddst,mnist,0.8,21,results/logs/cka_strength_sweep/mnist_all_20260516_024344/strength_0p9/seed_21/splits/mnist_split_seed21_clients5_alpha0p3_ref200.json,0.9,8,fc1,1,3,0.9624082446098328,0.9658799171447754,200
cka_feddst,mnist,0.8,21,results/logs/cka_strength_sweep/mnist_all_20260516_024344/strength_0p9/seed_21/splits/mnist_split_seed21_clients5_alpha0p3_ref200.json,0.9,8,fc1,1,4,0.9573338627815247,0.9658799171447754,200
cka_feddst,mnist,0.8,21,results/logs/cka_strength_sweep/mnist_all_20260516_024344/strength_0p9/seed_21/splits/mnist_split_seed21_clients5_alpha0p3_ref200.json,0.9,8,fc1,2,0,0.9736303687095642,0.9658799171447754,200
cka_feddst,mnist,0.8,21,results/logs/cka_strength_sweep/mnist_all_20260516_024344/strength_0p9/seed_21/splits/mnist_split_seed21_clients5_alpha0p3_ref200.json,0.9,8,fc1,2,1,0.9776682257652283,0.9658799171447754,200
cka_feddst,mnist,0.8,21,results/logs/cka_strength_sweep/mnist_all_20260516_024344/strength_0p9/seed_21/splits/mnist_split_seed21_clients5_alpha0p3_ref200.json,0.9,8,fc1,2,2,1.0,0.9658799171447754,200
cka_feddst,mnist,0.8,21,results/logs/cka_strength_sweep/mnist_all_20260516_024344/strength_0p9/seed_21/splits/mnist_split_seed21_clients5_alpha0p3_ref200.json,0.9,8,fc1,2,3,0.9641148447990417,0.9658799171447754,200
cka_feddst,mnist,0.8,21,results/logs/cka_strength_sweep/mnist_all_20260516_024344/strength_0p9/seed_21/splits/mnist_split_seed21_clients5_alpha0p3_ref200.json,0.9,8,fc1,2,4,0.9599313735961914,0.9658799171447754,200
cka_feddst,mnist,0.8,21,results/logs/cka_strength_sweep/mnist_all_20260516_024344/strength_0p9/seed_21/splits/mnist_split_seed21_clients5_alpha0p3_ref200.json,0.9,8,fc1,3,0,0.9546474814414978,0.9658799171447754,200
cka_feddst,mnist,0.8,21,results/logs/cka_strength_sweep/mnist_all_20260516_024344/strength_0p9/seed_21/splits/mnist_split_seed21_clients5_alpha0p3_ref200.json,0.9,8,fc1,3,1,0.9624082446098328,0.9658799171447754,200
cka_feddst,mnist,0.8,21,results/logs/cka_strength_sweep/mnist_all_20260516_024344/strength_0p9/seed_21/splits/mnist_split_seed21_clients5_alpha0p3_ref200.json,0.9,8,fc1,3,2,0.9641148447990417,0.9658799171447754,200
cka_feddst,mnist,0.8,21,results/logs/cka_strength_sweep/mnist_all_20260516_024344/strength_0p9/seed_21/splits/mnist_split_seed21_clients5_alpha0p3_ref200.json,0.9,8,fc1,3,3,1.0,0.9658799171447754,200
cka_feddst,mnist,0.8,21,results/logs/cka_strength_sweep/mnist_all_20260516_024344/strength_0p9/seed_21/splits/mnist_split_seed21_clients5_alpha0p3_ref200.json,0.9,8,fc1,3,4,0.9770113229751587,0.9658799171447754,200
cka_feddst,mnist,0.8,21,results/logs/cka_strength_sweep/mnist_all_20260516_024344/strength_0p9/seed_21/splits/mnist_split_seed21_clients5_alpha0p3_ref200.json,0.9,8,fc1,4,0,0.9490649700164795,0.9658799171447754,200
cka_feddst,mnist,0.8,21,results/logs/cka_strength_sweep/mnist_all_20260516_024344/strength_0p9/seed_21/splits/mnist_split_seed21_clients5_alpha0p3_ref200.json,0.9,8,fc1,4,1,0.9573338627815247,0.9658799171447754,200
cka_feddst,mnist,0.8,21,results/logs/cka_strength_sweep/mnist_all_20260516_024344/strength_0p9/seed_21/splits/mnist_split_seed21_clients5_alpha0p3_ref200.json,0.9,8,fc1,4,2,0.9599313735961914,0.9658799171447754,200
cka_feddst,mnist,0.8,21,results/logs/cka_strength_sweep/mnist_all_20260516_024344/strength_0p9/seed_21/splits/mnist_split_seed21_clients5_alpha0p3_ref200.json,0.9,8,fc1,4,3,0.9770113229751587,0.9658799171447754,200
cka_feddst,mnist,0.8,21,results/logs/cka_strength_sweep/mnist_all_20260516_024344/strength_0p9/seed_21/splits/mnist_split_seed21_clients5_alpha0p3_ref200.json,0.9,8,fc1,4,4,1.0,0.9658799171447754,200
cka_feddst,mnist,0.8,21,results/logs/cka_strength_sweep/mnist_all_20260516_024344/strength_0p9/seed_21/splits/mnist_split_seed21_clients5_alpha0p3_ref200.json,0.9,10,conv1,0,0,1.0,0.9999984502792358,200
cka_feddst,mnist,0.8,21,results/logs/cka_strength_sweep/mnist_all_20260516_024344/strength_0p9/seed_21/splits/mnist_split_seed21_clients5_alpha0p3_ref200.json,0.9,10,conv1,0,1,0.9999988675117493,0.9999984502792358,200
cka_feddst,mnist,0.8,21,results/logs/cka_strength_sweep/mnist_all_20260516_024344/strength_0p9/seed_21/splits/mnist_split_seed21_clients5_alpha0p3_ref200.json,0.9,10,conv1,0,2,0.9999995827674866,0.9999984502792358,200
cka_feddst,mnist,0.8,21,results/logs/cka_strength_sweep/mnist_all_20260516_024344/strength_0p9/seed_21/splits/mnist_split_seed21_clients5_alpha0p3_ref200.json,0.9,10,conv1,0,3,0.9999945759773254,0.9999984502792358,200
cka_feddst,mnist,0.8,21,results/logs/cka_strength_sweep/mnist_all_20260516_024344/strength_0p9/seed_21/splits/mnist_split_seed21_clients5_alpha0p3_ref200.json,0.9,10,conv1,0,4,0.9999988079071045,0.9999984502792358,200
cka_feddst,mnist,0.8,21,results/logs/cka_strength_sweep/mnist_all_20260516_024344/strength_0p9/seed_21/splits/mnist_split_seed21_clients5_alpha0p3_ref200.json,0.9,10,conv1,1,0,0.9999988675117493,0.9999984502792358,200
cka_feddst,mnist,0.8,21,results/logs/cka_strength_sweep/mnist_all_20260516_024344/strength_0p9/seed_21/splits/mnist_split_seed21_clients5_alpha0p3_ref200.json,0.9,10,conv1,1,1,1.0,0.9999984502792358,200
cka_feddst,mnist,0.8,21,results/logs/cka_strength_sweep/mnist_all_20260516_024344/strength_0p9/seed_21/splits/mnist_split_seed21_clients5_alpha0p3_ref200.json,0.9,10,conv1,1,2,0.9999999403953552,0.9999984502792358,200
cka_feddst,mnist,0.8,21,results/logs/cka_strength_sweep/mnist_all_20260516_024344/strength_0p9/seed_21/splits/mnist_split_seed21_clients5_alpha0p3_ref200.json,0.9,10,conv1,1,3,0.9999980330467224,0.9999984502792358,200
cka_feddst,mnist,0.8,21,results/logs/cka_strength_sweep/mnist_all_20260516_024344/strength_0p9/seed_21/splits/mnist_split_seed21_clients5_alpha0p3_ref200.json,0.9,10,conv1,1,4,0.9999995231628418,0.9999984502792358,200
cka_feddst,mnist,0.8,21,results/logs/cka_strength_sweep/mnist_all_20260516_024344/strength_0p9/seed_21/splits/mnist_split_seed21_clients5_alpha0p3_ref200.json,0.9,10,conv1,2,0,0.9999995827674866,0.9999984502792358,200
cka_feddst,mnist,0.8,21,results/logs/cka_strength_sweep/mnist_all_20260516_024344/strength_0p9/seed_21/splits/mnist_split_seed21_clients5_alpha0p3_ref200.json,0.9,10,conv1,2,1,0.9999999403953552,0.9999984502792358,200
cka_feddst,mnist,0.8,21,results/logs/cka_strength_sweep/mnist_all_20260516_024344/strength_0p9/seed_21/splits/mnist_split_seed21_clients5_alpha0p3_ref200.json,0.9,10,conv1,2,2,1.0,0.9999984502792358,200
cka_feddst,mnist,0.8,21,results/logs/cka_strength_sweep/mnist_all_20260516_024344/strength_0p9/seed_21/splits/mnist_split_seed21_clients5_alpha0p3_ref200.json,0.9,10,conv1,2,3,0.9999979138374329,0.9999984502792358,200
cka_feddst,mnist,0.8,21,results/logs/cka_strength_sweep/mnist_all_20260516_024344/strength_0p9/seed_21/splits/mnist_split_seed21_clients5_alpha0p3_ref200.json,0.9,10,conv1,2,4,0.9999998211860657,0.9999984502792358,200
cka_feddst,mnist,0.8,21,results/logs/cka_strength_sweep/mnist_all_20260516_024344/strength_0p9/seed_21/splits/mnist_split_seed21_clients5_alpha0p3_ref200.json,0.9,10,conv1,3,0,0.9999945759773254,0.9999984502792358,200
cka_feddst,mnist,0.8,21,results/logs/cka_strength_sweep/mnist_all_20260516_024344/strength_0p9/seed_21/splits/mnist_split_seed21_clients5_alpha0p3_ref200.json,0.9,10,conv1,3,1,0.9999980330467224,0.9999984502792358,200
cka_feddst,mnist,0.8,21,results/logs/cka_strength_sweep/mnist_all_20260516_024344/strength_0p9/seed_21/splits/mnist_split_seed21_clients5_alpha0p3_ref200.json,0.9,10,conv1,3,2,0.9999979138374329,0.9999984502792358,200
cka_feddst,mnist,0.8,21,results/logs/cka_strength_sweep/mnist_all_20260516_024344/strength_0p9/seed_21/splits/mnist_split_seed21_clients5_alpha0p3_ref200.json,0.9,10,conv1,3,3,1.0,0.9999984502792358,200
cka_feddst,mnist,0.8,21,results/logs/cka_strength_sweep/mnist_all_20260516_024344/strength_0p9/seed_21/splits/mnist_split_seed21_clients5_alpha0p3_ref200.json,0.9,10,conv1,3,4,0.9999980926513672,0.9999984502792358,200
cka_feddst,mnist,0.8,21,results/logs/cka_strength_sweep/mnist_all_20260516_024344/strength_0p9/seed_21/splits/mnist_split_seed21_clients5_alpha0p3_ref200.json,0.9,10,conv1,4,0,0.9999988079071045,0.9999984502792358,200
cka_feddst,mnist,0.8,21,results/logs/cka_strength_sweep/mnist_all_20260516_024344/strength_0p9/seed_21/splits/mnist_split_seed21_clients5_alpha0p3_ref200.json,0.9,10,conv1,4,1,0.9999995231628418,0.9999984502792358,200
cka_feddst,mnist,0.8,21,results/logs/cka_strength_sweep/mnist_all_20260516_024344/strength_0p9/seed_21/splits/mnist_split_seed21_clients5_alpha0p3_ref200.json,0.9,10,conv1,4,2,0.9999998211860657,0.9999984502792358,200
cka_feddst,mnist,0.8,21,results/logs/cka_strength_sweep/mnist_all_20260516_024344/strength_0p9/seed_21/splits/mnist_split_seed21_clients5_alpha0p3_ref200.json,0.9,10,conv1,4,3,0.9999980926513672,0.9999984502792358,200
cka_feddst,mnist,0.8,21,results/logs/cka_strength_sweep/mnist_all_20260516_024344/strength_0p9/seed_21/splits/mnist_split_seed21_clients5_alpha0p3_ref200.json,0.9,10,conv1,4,4,1.0,0.9999984502792358,200
cka_feddst,mnist,0.8,21,results/logs/cka_strength_sweep/mnist_all_20260516_024344/strength_0p9/seed_21/splits/mnist_split_seed21_clients5_alpha0p3_ref200.json,0.9,10,conv2,0,0,1.0,0.9999767541885376,200
cka_feddst,mnist,0.8,21,results/logs/cka_strength_sweep/mnist_all_20260516_024344/strength_0p9/seed_21/splits/mnist_split_seed21_clients5_alpha0p3_ref200.json,0.9,10,conv2,0,1,0.9999809265136719,0.9999767541885376,200
cka_feddst,mnist,0.8,21,results/logs/cka_strength_sweep/mnist_all_20260516_024344/strength_0p9/seed_21/splits/mnist_split_seed21_clients5_alpha0p3_ref200.json,0.9,10,conv2,0,2,0.9999814629554749,0.9999767541885376,200
cka_feddst,mnist,0.8,21,results/logs/cka_strength_sweep/mnist_all_20260516_024344/strength_0p9/seed_21/splits/mnist_split_seed21_clients5_alpha0p3_ref200.json,0.9,10,conv2,0,3,0.9999251365661621,0.9999767541885376,200
cka_feddst,mnist,0.8,21,results/logs/cka_strength_sweep/mnist_all_20260516_024344/strength_0p9/seed_21/splits/mnist_split_seed21_clients5_alpha0p3_ref200.json,0.9,10,conv2,0,4,0.9999616146087646,0.9999767541885376,200
cka_feddst,mnist,0.8,21,results/logs/cka_strength_sweep/mnist_all_20260516_024344/strength_0p9/seed_21/splits/mnist_split_seed21_clients5_alpha0p3_ref200.json,0.9,10,conv2,1,0,0.9999809265136719,0.9999767541885376,200
cka_feddst,mnist,0.8,21,results/logs/cka_strength_sweep/mnist_all_20260516_024344/strength_0p9/seed_21/splits/mnist_split_seed21_clients5_alpha0p3_ref200.json,0.9,10,conv2,1,1,1.0,0.9999767541885376,200
cka_feddst,mnist,0.8,21,results/logs/cka_strength_sweep/mnist_all_20260516_024344/strength_0p9/seed_21/splits/mnist_split_seed21_clients5_alpha0p3_ref200.json,0.9,10,conv2,1,2,0.9999998807907104,0.9999767541885376,200
cka_feddst,mnist,0.8,21,results/logs/cka_strength_sweep/mnist_all_20260516_024344/strength_0p9/seed_21/splits/mnist_split_seed21_clients5_alpha0p3_ref200.json,0.9,10,conv2,1,3,0.9999707937240601,0.9999767541885376,200
cka_feddst,mnist,0.8,21,results/logs/cka_strength_sweep/mnist_all_20260516_024344/strength_0p9/seed_21/splits/mnist_split_seed21_clients5_alpha0p3_ref200.json,0.9,10,conv2,1,4,0.9999945163726807,0.9999767541885376,200
cka_feddst,mnist,0.8,21,results/logs/cka_strength_sweep/mnist_all_20260516_024344/strength_0p9/seed_21/splits/mnist_split_seed21_clients5_alpha0p3_ref200.json,0.9,10,conv2,2,0,0.9999814629554749,0.9999767541885376,200
cka_feddst,mnist,0.8,21,results/logs/cka_strength_sweep/mnist_all_20260516_024344/strength_0p9/seed_21/splits/mnist_split_seed21_clients5_alpha0p3_ref200.json,0.9,10,conv2,2,1,0.9999998807907104,0.9999767541885376,200
cka_feddst,mnist,0.8,21,results/logs/cka_strength_sweep/mnist_all_20260516_024344/strength_0p9/seed_21/splits/mnist_split_seed21_clients5_alpha0p3_ref200.json,0.9,10,conv2,2,2,1.0,0.9999767541885376,200
cka_feddst,mnist,0.8,21,results/logs/cka_strength_sweep/mnist_all_20260516_024344/strength_0p9/seed_21/splits/mnist_split_seed21_clients5_alpha0p3_ref200.json,0.9,10,conv2,2,3,0.9999722242355347,0.9999767541885376,200
cka_feddst,mnist,0.8,21,results/logs/cka_strength_sweep/mnist_all_20260516_024344/strength_0p9/seed_21/splits/mnist_split_seed21_clients5_alpha0p3_ref200.json,0.9,10,conv2,2,4,0.9999935626983643,0.9999767541885376,200
cka_feddst,mnist,0.8,21,results/logs/cka_strength_sweep/mnist_all_20260516_024344/strength_0p9/seed_21/splits/mnist_split_seed21_clients5_alpha0p3_ref200.json,0.9,10,conv2,3,0,0.9999251365661621,0.9999767541885376,200
cka_feddst,mnist,0.8,21,results/logs/cka_strength_sweep/mnist_all_20260516_024344/strength_0p9/seed_21/splits/mnist_split_seed21_clients5_alpha0p3_ref200.json,0.9,10,conv2,3,1,0.9999707937240601,0.9999767541885376,200
cka_feddst,mnist,0.8,21,results/logs/cka_strength_sweep/mnist_all_20260516_024344/strength_0p9/seed_21/splits/mnist_split_seed21_clients5_alpha0p3_ref200.json,0.9,10,conv2,3,2,0.9999722242355347,0.9999767541885376,200
cka_feddst,mnist,0.8,21,results/logs/cka_strength_sweep/mnist_all_20260516_024344/strength_0p9/seed_21/splits/mnist_split_seed21_clients5_alpha0p3_ref200.json,0.9,10,conv2,3,3,1.0,0.9999767541885376,200
cka_feddst,mnist,0.8,21,results/logs/cka_strength_sweep/mnist_all_20260516_024344/strength_0p9/seed_21/splits/mnist_split_seed21_clients5_alpha0p3_ref200.json,0.9,10,conv2,3,4,0.9999863505363464,0.9999767541885376,200
cka_feddst,mnist,0.8,21,results/logs/cka_strength_sweep/mnist_all_20260516_024344/strength_0p9/seed_21/splits/mnist_split_seed21_clients5_alpha0p3_ref200.json,0.9,10,conv2,4,0,0.9999616146087646,0.9999767541885376,200
cka_feddst,mnist,0.8,21,results/logs/cka_strength_sweep/mnist_all_20260516_024344/strength_0p9/seed_21/splits/mnist_split_seed21_clients5_alpha0p3_ref200.json,0.9,10,conv2,4,1,0.9999945163726807,0.9999767541885376,200
cka_feddst,mnist,0.8,21,results/logs/cka_strength_sweep/mnist_all_20260516_024344/strength_0p9/seed_21/splits/mnist_split_seed21_clients5_alpha0p3_ref200.json,0.9,10,conv2,4,2,0.9999935626983643,0.9999767541885376,200
cka_feddst,mnist,0.8,21,results/logs/cka_strength_sweep/mnist_all_20260516_024344/strength_0p9/seed_21/splits/mnist_split_seed21_clients5_alpha0p3_ref200.json,0.9,10,conv2,4,3,0.9999863505363464,0.9999767541885376,200
cka_feddst,mnist,0.8,21,results/logs/cka_strength_sweep/mnist_all_20260516_024344/strength_0p9/seed_21/splits/mnist_split_seed21_clients5_alpha0p3_ref200.json,0.9,10,conv2,4,4,1.0,0.9999767541885376,200
cka_feddst,mnist,0.8,21,results/logs/cka_strength_sweep/mnist_all_20260516_024344/strength_0p9/seed_21/splits/mnist_split_seed21_clients5_alpha0p3_ref200.json,0.9,10,fc1,0,0,1.0,0.9686910510063171,200
cka_feddst,mnist,0.8,21,results/logs/cka_strength_sweep/mnist_all_20260516_024344/strength_0p9/seed_21/splits/mnist_split_seed21_clients5_alpha0p3_ref200.json,0.9,10,fc1,0,1,0.9815961122512817,0.9686910510063171,200
cka_feddst,mnist,0.8,21,results/logs/cka_strength_sweep/mnist_all_20260516_024344/strength_0p9/seed_21/splits/mnist_split_seed21_clients5_alpha0p3_ref200.json,0.9,10,fc1,0,2,0.9593786597251892,0.9686910510063171,200
cka_feddst,mnist,0.8,21,results/logs/cka_strength_sweep/mnist_all_20260516_024344/strength_0p9/seed_21/splits/mnist_split_seed21_clients5_alpha0p3_ref200.json,0.9,10,fc1,0,3,0.9545372724533081,0.9686910510063171,200
cka_feddst,mnist,0.8,21,results/logs/cka_strength_sweep/mnist_all_20260516_024344/strength_0p9/seed_21/splits/mnist_split_seed21_clients5_alpha0p3_ref200.json,0.9,10,fc1,0,4,0.9595745801925659,0.9686910510063171,200
cka_feddst,mnist,0.8,21,results/logs/cka_strength_sweep/mnist_all_20260516_024344/strength_0p9/seed_21/splits/mnist_split_seed21_clients5_alpha0p3_ref200.json,0.9,10,fc1,1,0,0.9815961122512817,0.9686910510063171,200
cka_feddst,mnist,0.8,21,results/logs/cka_strength_sweep/mnist_all_20260516_024344/strength_0p9/seed_21/splits/mnist_split_seed21_clients5_alpha0p3_ref200.json,0.9,10,fc1,1,1,1.0,0.9686910510063171,200
cka_feddst,mnist,0.8,21,results/logs/cka_strength_sweep/mnist_all_20260516_024344/strength_0p9/seed_21/splits/mnist_split_seed21_clients5_alpha0p3_ref200.json,0.9,10,fc1,1,2,0.9819462895393372,0.9686910510063171,200
cka_feddst,mnist,0.8,21,results/logs/cka_strength_sweep/mnist_all_20260516_024344/strength_0p9/seed_21/splits/mnist_split_seed21_clients5_alpha0p3_ref200.json,0.9,10,fc1,1,3,0.9638583660125732,0.9686910510063171,200
cka_feddst,mnist,0.8,21,results/logs/cka_strength_sweep/mnist_all_20260516_024344/strength_0p9/seed_21/splits/mnist_split_seed21_clients5_alpha0p3_ref200.json,0.9,10,fc1,1,4,0.9678326845169067,0.9686910510063171,200
cka_feddst,mnist,0.8,21,results/logs/cka_strength_sweep/mnist_all_20260516_024344/strength_0p9/seed_21/splits/mnist_split_seed21_clients5_alpha0p3_ref200.json,0.9,10,fc1,2,0,0.9593786597251892,0.9686910510063171,200
cka_feddst,mnist,0.8,21,results/logs/cka_strength_sweep/mnist_all_20260516_024344/strength_0p9/seed_21/splits/mnist_split_seed21_clients5_alpha0p3_ref200.json,0.9,10,fc1,2,1,0.9819462895393372,0.9686910510063171,200
cka_feddst,mnist,0.8,21,results/logs/cka_strength_sweep/mnist_all_20260516_024344/strength_0p9/seed_21/splits/mnist_split_seed21_clients5_alpha0p3_ref200.json,0.9,10,fc1,2,2,1.0,0.9686910510063171,200
cka_feddst,mnist,0.8,21,results/logs/cka_strength_sweep/mnist_all_20260516_024344/strength_0p9/seed_21/splits/mnist_split_seed21_clients5_alpha0p3_ref200.json,0.9,10,fc1,2,3,0.9700915217399597,0.9686910510063171,200
cka_feddst,mnist,0.8,21,results/logs/cka_strength_sweep/mnist_all_20260516_024344/strength_0p9/seed_21/splits/mnist_split_seed21_clients5_alpha0p3_ref200.json,0.9,10,fc1,2,4,0.966980516910553,0.9686910510063171,200
cka_feddst,mnist,0.8,21,results/logs/cka_strength_sweep/mnist_all_20260516_024344/strength_0p9/seed_21/splits/mnist_split_seed21_clients5_alpha0p3_ref200.json,0.9,10,fc1,3,0,0.9545372724533081,0.9686910510063171,200
cka_feddst,mnist,0.8,21,results/logs/cka_strength_sweep/mnist_all_20260516_024344/strength_0p9/seed_21/splits/mnist_split_seed21_clients5_alpha0p3_ref200.json,0.9,10,fc1,3,1,0.9638583660125732,0.9686910510063171,200
cka_feddst,mnist,0.8,21,results/logs/cka_strength_sweep/mnist_all_20260516_024344/strength_0p9/seed_21/splits/mnist_split_seed21_clients5_alpha0p3_ref200.json,0.9,10,fc1,3,2,0.9700915217399597,0.9686910510063171,200
cka_feddst,mnist,0.8,21,results/logs/cka_strength_sweep/mnist_all_20260516_024344/strength_0p9/seed_21/splits/mnist_split_seed21_clients5_alpha0p3_ref200.json,0.9,10,fc1,3,3,1.0,0.9686910510063171,200
cka_feddst,mnist,0.8,21,results/logs/cka_strength_sweep/mnist_all_20260516_024344/strength_0p9/seed_21/splits/mnist_split_seed21_clients5_alpha0p3_ref200.json,0.9,10,fc1,3,4,0.9811135530471802,0.9686910510063171,200
cka_feddst,mnist,0.8,21,results/logs/cka_strength_sweep/mnist_all_20260516_024344/strength_0p9/seed_21/splits/mnist_split_seed21_clients5_alpha0p3_ref200.json,0.9,10,fc1,4,0,0.9595745801925659,0.9686910510063171,200
cka_feddst,mnist,0.8,21,results/logs/cka_strength_sweep/mnist_all_20260516_024344/strength_0p9/seed_21/splits/mnist_split_seed21_clients5_alpha0p3_ref200.json,0.9,10,fc1,4,1,0.9678326845169067,0.9686910510063171,200
cka_feddst,mnist,0.8,21,results/logs/cka_strength_sweep/mnist_all_20260516_024344/strength_0p9/seed_21/splits/mnist_split_seed21_clients5_alpha0p3_ref200.json,0.9,10,fc1,4,2,0.966980516910553,0.9686910510063171,200
cka_feddst,mnist,0.8,21,results/logs/cka_strength_sweep/mnist_all_20260516_024344/strength_0p9/seed_21/splits/mnist_split_seed21_clients5_alpha0p3_ref200.json,0.9,10,fc1,4,3,0.9811135530471802,0.9686910510063171,200
cka_feddst,mnist,0.8,21,results/logs/cka_strength_sweep/mnist_all_20260516_024344/strength_0p9/seed_21/splits/mnist_split_seed21_clients5_alpha0p3_ref200.json,0.9,10,fc1,4,4,1.0,0.9686910510063171,200
cka_feddst,mnist,0.8,21,results/logs/cka_strength_sweep/mnist_all_20260516_024344/strength_0p9/seed_21/splits/mnist_split_seed21_clients5_alpha0p3_ref200.json,0.9,12,conv1,0,0,1.0,0.9999972581863403,200
cka_feddst,mnist,0.8,21,results/logs/cka_strength_sweep/mnist_all_20260516_024344/strength_0p9/seed_21/splits/mnist_split_seed21_clients5_alpha0p3_ref200.json,0.9,12,conv1,0,1,0.9999987483024597,0.9999972581863403,200
cka_feddst,mnist,0.8,21,results/logs/cka_strength_sweep/mnist_all_20260516_024344/strength_0p9/seed_21/splits/mnist_split_seed21_clients5_alpha0p3_ref200.json,0.9,12,conv1,0,2,0.9999991655349731,0.9999972581863403,200
cka_feddst,mnist,0.8,21,results/logs/cka_strength_sweep/mnist_all_20260516_024344/strength_0p9/seed_21/splits/mnist_split_seed21_clients5_alpha0p3_ref200.json,0.9,12,conv1,0,3,0.9999895095825195,0.9999972581863403,200
cka_feddst,mnist,0.8,21,results/logs/cka_strength_sweep/mnist_all_20260516_024344/strength_0p9/seed_21/splits/mnist_split_seed21_clients5_alpha0p3_ref200.json,0.9,12,conv1,0,4,0.9999973177909851,0.9999972581863403,200
cka_feddst,mnist,0.8,21,results/logs/cka_strength_sweep/mnist_all_20260516_024344/strength_0p9/seed_21/splits/mnist_split_seed21_clients5_alpha0p3_ref200.json,0.9,12,conv1,1,0,0.9999987483024597,0.9999972581863403,200
cka_feddst,mnist,0.8,21,results/logs/cka_strength_sweep/mnist_all_20260516_024344/strength_0p9/seed_21/splits/mnist_split_seed21_clients5_alpha0p3_ref200.json,0.9,12,conv1,1,1,1.0,0.9999972581863403,200
cka_feddst,mnist,0.8,21,results/logs/cka_strength_sweep/mnist_all_20260516_024344/strength_0p9/seed_21/splits/mnist_split_seed21_clients5_alpha0p3_ref200.json,0.9,12,conv1,1,2,1.0,0.9999972581863403,200
cka_feddst,mnist,0.8,21,results/logs/cka_strength_sweep/mnist_all_20260516_024344/strength_0p9/seed_21/splits/mnist_split_seed21_clients5_alpha0p3_ref200.json,0.9,12,conv1,1,3,0.9999957084655762,0.9999972581863403,200
cka_feddst,mnist,0.8,21,results/logs/cka_strength_sweep/mnist_all_20260516_024344/strength_0p9/seed_21/splits/mnist_split_seed21_clients5_alpha0p3_ref200.json,0.9,12,conv1,1,4,0.9999999403953552,0.9999972581863403,200
cka_feddst,mnist,0.8,21,results/logs/cka_strength_sweep/mnist_all_20260516_024344/strength_0p9/seed_21/splits/mnist_split_seed21_clients5_alpha0p3_ref200.json,0.9,12,conv1,2,0,0.9999991655349731,0.9999972581863403,200
cka_feddst,mnist,0.8,21,results/logs/cka_strength_sweep/mnist_all_20260516_024344/strength_0p9/seed_21/splits/mnist_split_seed21_clients5_alpha0p3_ref200.json,0.9,12,conv1,2,1,1.0,0.9999972581863403,200
cka_feddst,mnist,0.8,21,results/logs/cka_strength_sweep/mnist_all_20260516_024344/strength_0p9/seed_21/splits/mnist_split_seed21_clients5_alpha0p3_ref200.json,0.9,12,conv1,2,2,1.0,0.9999972581863403,200
cka_feddst,mnist,0.8,21,results/logs/cka_strength_sweep/mnist_all_20260516_024344/strength_0p9/seed_21/splits/mnist_split_seed21_clients5_alpha0p3_ref200.json,0.9,12,conv1,2,3,0.9999951124191284,0.9999972581863403,200
cka_feddst,mnist,0.8,21,results/logs/cka_strength_sweep/mnist_all_20260516_024344/strength_0p9/seed_21/splits/mnist_split_seed21_clients5_alpha0p3_ref200.json,0.9,12,conv1,2,4,0.9999999403953552,0.9999972581863403,200
cka_feddst,mnist,0.8,21,results/logs/cka_strength_sweep/mnist_all_20260516_024344/strength_0p9/seed_21/splits/mnist_split_seed21_clients5_alpha0p3_ref200.json,0.9,12,conv1,3,0,0.9999895095825195,0.9999972581863403,200
cka_feddst,mnist,0.8,21,results/logs/cka_strength_sweep/mnist_all_20260516_024344/strength_0p9/seed_21/splits/mnist_split_seed21_clients5_alpha0p3_ref200.json,0.9,12,conv1,3,1,0.9999957084655762,0.9999972581863403,200
cka_feddst,mnist,0.8,21,results/logs/cka_strength_sweep/mnist_all_20260516_024344/strength_0p9/seed_21/splits/mnist_split_seed21_clients5_alpha0p3_ref200.json,0.9,12,conv1,3,2,0.9999951124191284,0.9999972581863403,200
cka_feddst,mnist,0.8,21,results/logs/cka_strength_sweep/mnist_all_20260516_024344/strength_0p9/seed_21/splits/mnist_split_seed21_clients5_alpha0p3_ref200.json,0.9,12,conv1,3,3,1.0,0.9999972581863403,200
cka_feddst,mnist,0.8,21,results/logs/cka_strength_sweep/mnist_all_20260516_024344/strength_0p9/seed_21/splits/mnist_split_seed21_clients5_alpha0p3_ref200.json,0.9,12,conv1,3,4,0.9999968409538269,0.9999972581863403,200
cka_feddst,mnist,0.8,21,results/logs/cka_strength_sweep/mnist_all_20260516_024344/strength_0p9/seed_21/splits/mnist_split_seed21_clients5_alpha0p3_ref200.json,0.9,12,conv1,4,0,0.9999973177909851,0.9999972581863403,200
cka_feddst,mnist,0.8,21,results/logs/cka_strength_sweep/mnist_all_20260516_024344/strength_0p9/seed_21/splits/mnist_split_seed21_clients5_alpha0p3_ref200.json,0.9,12,conv1,4,1,0.9999999403953552,0.9999972581863403,200
cka_feddst,mnist,0.8,21,results/logs/cka_strength_sweep/mnist_all_20260516_024344/strength_0p9/seed_21/splits/mnist_split_seed21_clients5_alpha0p3_ref200.json,0.9,12,conv1,4,2,0.9999999403953552,0.9999972581863403,200
cka_feddst,mnist,0.8,21,results/logs/cka_strength_sweep/mnist_all_20260516_024344/strength_0p9/seed_21/splits/mnist_split_seed21_clients5_alpha0p3_ref200.json,0.9,12,conv1,4,3,0.9999968409538269,0.9999972581863403,200
cka_feddst,mnist,0.8,21,results/logs/cka_strength_sweep/mnist_all_20260516_024344/strength_0p9/seed_21/splits/mnist_split_seed21_clients5_alpha0p3_ref200.json,0.9,12,conv1,4,4,1.0,0.9999972581863403,200
cka_feddst,mnist,0.8,21,results/logs/cka_strength_sweep/mnist_all_20260516_024344/strength_0p9/seed_21/splits/mnist_split_seed21_clients5_alpha0p3_ref200.json,0.9,12,conv2,0,0,1.0,0.9999637603759766,200
cka_feddst,mnist,0.8,21,results/logs/cka_strength_sweep/mnist_all_20260516_024344/strength_0p9/seed_21/splits/mnist_split_seed21_clients5_alpha0p3_ref200.json,0.9,12,conv2,0,1,0.9999752640724182,0.9999637603759766,200
cka_feddst,mnist,0.8,21,results/logs/cka_strength_sweep/mnist_all_20260516_024344/strength_0p9/seed_21/splits/mnist_split_seed21_clients5_alpha0p3_ref200.json,0.9,12,conv2,0,2,0.9999761581420898,0.9999637603759766,200
cka_feddst,mnist,0.8,21,results/logs/cka_strength_sweep/mnist_all_20260516_024344/strength_0p9/seed_21/splits/mnist_split_seed21_clients5_alpha0p3_ref200.json,0.9,12,conv2,0,3,0.9998921155929565,0.9999637603759766,200
cka_feddst,mnist,0.8,21,results/logs/cka_strength_sweep/mnist_all_20260516_024344/strength_0p9/seed_21/splits/mnist_split_seed21_clients5_alpha0p3_ref200.json,0.9,12,conv2,0,4,0.9999512434005737,0.9999637603759766,200
cka_feddst,mnist,0.8,21,results/logs/cka_strength_sweep/mnist_all_20260516_024344/strength_0p9/seed_21/splits/mnist_split_seed21_clients5_alpha0p3_ref200.json,0.9,12,conv2,1,0,0.9999752640724182,0.9999637603759766,200
cka_feddst,mnist,0.8,21,results/logs/cka_strength_sweep/mnist_all_20260516_024344/strength_0p9/seed_21/splits/mnist_split_seed21_clients5_alpha0p3_ref200.json,0.9,12,conv2,1,1,1.0,0.9999637603759766,200
cka_feddst,mnist,0.8,21,results/logs/cka_strength_sweep/mnist_all_20260516_024344/strength_0p9/seed_21/splits/mnist_split_seed21_clients5_alpha0p3_ref200.json,0.9,12,conv2,1,2,0.999999463558197,0.9999637603759766,200
cka_feddst,mnist,0.8,21,results/logs/cka_strength_sweep/mnist_all_20260516_024344/strength_0p9/seed_21/splits/mnist_split_seed21_clients5_alpha0p3_ref200.json,0.9,12,conv2,1,3,0.9999440312385559,0.9999637603759766,200
cka_feddst,mnist,0.8,21,results/logs/cka_strength_sweep/mnist_all_20260516_024344/strength_0p9/seed_21/splits/mnist_split_seed21_clients5_alpha0p3_ref200.json,0.9,12,conv2,1,4,0.9999876618385315,0.9999637603759766,200
cka_feddst,mnist,0.8,21,results/logs/cka_strength_sweep/mnist_all_20260516_024344/strength_0p9/seed_21/splits/mnist_split_seed21_clients5_alpha0p3_ref200.json,0.9,12,conv2,2,0,0.9999761581420898,0.9999637603759766,200
cka_feddst,mnist,0.8,21,results/logs/cka_strength_sweep/mnist_all_20260516_024344/strength_0p9/seed_21/splits/mnist_split_seed21_clients5_alpha0p3_ref200.json,0.9,12,conv2,2,1,0.999999463558197,0.9999637603759766,200
cka_feddst,mnist,0.8,21,results/logs/cka_strength_sweep/mnist_all_20260516_024344/strength_0p9/seed_21/splits/mnist_split_seed21_clients5_alpha0p3_ref200.json,0.9,12,conv2,2,2,1.0,0.9999637603759766,200
cka_feddst,mnist,0.8,21,results/logs/cka_strength_sweep/mnist_all_20260516_024344/strength_0p9/seed_21/splits/mnist_split_seed21_clients5_alpha0p3_ref200.json,0.9,12,conv2,2,3,0.9999478459358215,0.9999637603759766,200
cka_feddst,mnist,0.8,21,results/logs/cka_strength_sweep/mnist_all_20260516_024344/strength_0p9/seed_21/splits/mnist_split_seed21_clients5_alpha0p3_ref200.json,0.9,12,conv2,2,4,0.9999865293502808,0.9999637603759766,200
cka_feddst,mnist,0.8,21,results/logs/cka_strength_sweep/mnist_all_20260516_024344/strength_0p9/seed_21/splits/mnist_split_seed21_clients5_alpha0p3_ref200.json,0.9,12,conv2,3,0,0.9998921155929565,0.9999637603759766,200
cka_feddst,mnist,0.8,21,results/logs/cka_strength_sweep/mnist_all_20260516_024344/strength_0p9/seed_21/splits/mnist_split_seed21_clients5_alpha0p3_ref200.json,0.9,12,conv2,3,1,0.9999440312385559,0.9999637603759766,200
cka_feddst,mnist,0.8,21,results/logs/cka_strength_sweep/mnist_all_20260516_024344/strength_0p9/seed_21/splits/mnist_split_seed21_clients5_alpha0p3_ref200.json,0.9,12,conv2,3,2,0.9999478459358215,0.9999637603759766,200
cka_feddst,mnist,0.8,21,results/logs/cka_strength_sweep/mnist_all_20260516_024344/strength_0p9/seed_21/splits/mnist_split_seed21_clients5_alpha0p3_ref200.json,0.9,12,conv2,3,3,1.0,0.9999637603759766,200
cka_feddst,mnist,0.8,21,results/logs/cka_strength_sweep/mnist_all_20260516_024344/strength_0p9/seed_21/splits/mnist_split_seed21_clients5_alpha0p3_ref200.json,0.9,12,conv2,3,4,0.9999769330024719,0.9999637603759766,200
cka_feddst,mnist,0.8,21,results/logs/cka_strength_sweep/mnist_all_20260516_024344/strength_0p9/seed_21/splits/mnist_split_seed21_clients5_alpha0p3_ref200.json,0.9,12,conv2,4,0,0.9999512434005737,0.9999637603759766,200
cka_feddst,mnist,0.8,21,results/logs/cka_strength_sweep/mnist_all_20260516_024344/strength_0p9/seed_21/splits/mnist_split_seed21_clients5_alpha0p3_ref200.json,0.9,12,conv2,4,1,0.9999876618385315,0.9999637603759766,200
cka_feddst,mnist,0.8,21,results/logs/cka_strength_sweep/mnist_all_20260516_024344/strength_0p9/seed_21/splits/mnist_split_seed21_clients5_alpha0p3_ref200.json,0.9,12,conv2,4,2,0.9999865293502808,0.9999637603759766,200
cka_feddst,mnist,0.8,21,results/logs/cka_strength_sweep/mnist_all_20260516_024344/strength_0p9/seed_21/splits/mnist_split_seed21_clients5_alpha0p3_ref200.json,0.9,12,conv2,4,3,0.9999769330024719,0.9999637603759766,200
cka_feddst,mnist,0.8,21,results/logs/cka_strength_sweep/mnist_all_20260516_024344/strength_0p9/seed_21/splits/mnist_split_seed21_clients5_alpha0p3_ref200.json,0.9,12,conv2,4,4,1.0,0.9999637603759766,200
cka_feddst,mnist,0.8,21,results/logs/cka_strength_sweep/mnist_all_20260516_024344/strength_0p9/seed_21/splits/mnist_split_seed21_clients5_alpha0p3_ref200.json,0.9,12,fc1,0,0,1.0,0.9447988271713257,200
cka_feddst,mnist,0.8,21,results/logs/cka_strength_sweep/mnist_all_20260516_024344/strength_0p9/seed_21/splits/mnist_split_seed21_clients5_alpha0p3_ref200.json,0.9,12,fc1,0,1,0.9169901609420776,0.9447988271713257,200
cka_feddst,mnist,0.8,21,results/logs/cka_strength_sweep/mnist_all_20260516_024344/strength_0p9/seed_21/splits/mnist_split_seed21_clients5_alpha0p3_ref200.json,0.9,12,fc1,0,2,0.9015690684318542,0.9447988271713257,200
cka_feddst,mnist,0.8,21,results/logs/cka_strength_sweep/mnist_all_20260516_024344/strength_0p9/seed_21/splits/mnist_split_seed21_clients5_alpha0p3_ref200.json,0.9,12,fc1,0,3,0.9034810662269592,0.9447988271713257,200
cka_feddst,mnist,0.8,21,results/logs/cka_strength_sweep/mnist_all_20260516_024344/strength_0p9/seed_21/splits/mnist_split_seed21_clients5_alpha0p3_ref200.json,0.9,12,fc1,0,4,0.8941121697425842,0.9447988271713257,200
cka_feddst,mnist,0.8,21,results/logs/cka_strength_sweep/mnist_all_20260516_024344/strength_0p9/seed_21/splits/mnist_split_seed21_clients5_alpha0p3_ref200.json,0.9,12,fc1,1,0,0.9169901609420776,0.9447988271713257,200
cka_feddst,mnist,0.8,21,results/logs/cka_strength_sweep/mnist_all_20260516_024344/strength_0p9/seed_21/splits/mnist_split_seed21_clients5_alpha0p3_ref200.json,0.9,12,fc1,1,1,1.0,0.9447988271713257,200
cka_feddst,mnist,0.8,21,results/logs/cka_strength_sweep/mnist_all_20260516_024344/strength_0p9/seed_21/splits/mnist_split_seed21_clients5_alpha0p3_ref200.json,0.9,12,fc1,1,2,0.9866414070129395,0.9447988271713257,200
cka_feddst,mnist,0.8,21,results/logs/cka_strength_sweep/mnist_all_20260516_024344/strength_0p9/seed_21/splits/mnist_split_seed21_clients5_alpha0p3_ref200.json,0.9,12,fc1,1,3,0.9588361978530884,0.9447988271713257,200
cka_feddst,mnist,0.8,21,results/logs/cka_strength_sweep/mnist_all_20260516_024344/strength_0p9/seed_21/splits/mnist_split_seed21_clients5_alpha0p3_ref200.json,0.9,12,fc1,1,4,0.9722425937652588,0.9447988271713257,200
cka_feddst,mnist,0.8,21,results/logs/cka_strength_sweep/mnist_all_20260516_024344/strength_0p9/seed_21/splits/mnist_split_seed21_clients5_alpha0p3_ref200.json,0.9,12,fc1,2,0,0.9015690684318542,0.9447988271713257,200
cka_feddst,mnist,0.8,21,results/logs/cka_strength_sweep/mnist_all_20260516_024344/strength_0p9/seed_21/splits/mnist_split_seed21_clients5_alpha0p3_ref200.json,0.9,12,fc1,2,1,0.9866414070129395,0.9447988271713257,200
cka_feddst,mnist,0.8,21,results/logs/cka_strength_sweep/mnist_all_20260516_024344/strength_0p9/seed_21/splits/mnist_split_seed21_clients5_alpha0p3_ref200.json,0.9,12,fc1,2,2,1.0,0.9447988271713257,200
cka_feddst,mnist,0.8,21,results/logs/cka_strength_sweep/mnist_all_20260516_024344/strength_0p9/seed_21/splits/mnist_split_seed21_clients5_alpha0p3_ref200.json,0.9,12,fc1,2,3,0.9662519097328186,0.9447988271713257,200
cka_feddst,mnist,0.8,21,results/logs/cka_strength_sweep/mnist_all_20260516_024344/strength_0p9/seed_21/splits/mnist_split_seed21_clients5_alpha0p3_ref200.json,0.9,12,fc1,2,4,0.9785621166229248,0.9447988271713257,200
cka_feddst,mnist,0.8,21,results/logs/cka_strength_sweep/mnist_all_20260516_024344/strength_0p9/seed_21/splits/mnist_split_seed21_clients5_alpha0p3_ref200.json,0.9,12,fc1,3,0,0.9034810662269592,0.9447988271713257,200
cka_feddst,mnist,0.8,21,results/logs/cka_strength_sweep/mnist_all_20260516_024344/strength_0p9/seed_21/splits/mnist_split_seed21_clients5_alpha0p3_ref200.json,0.9,12,fc1,3,1,0.9588361978530884,0.9447988271713257,200
cka_feddst,mnist,0.8,21,results/logs/cka_strength_sweep/mnist_all_20260516_024344/strength_0p9/seed_21/splits/mnist_split_seed21_clients5_alpha0p3_ref200.json,0.9,12,fc1,3,2,0.9662519097328186,0.9447988271713257,200
cka_feddst,mnist,0.8,21,results/logs/cka_strength_sweep/mnist_all_20260516_024344/strength_0p9/seed_21/splits/mnist_split_seed21_clients5_alpha0p3_ref200.json,0.9,12,fc1,3,3,1.0,0.9447988271713257,200
cka_feddst,mnist,0.8,21,results/logs/cka_strength_sweep/mnist_all_20260516_024344/strength_0p9/seed_21/splits/mnist_split_seed21_clients5_alpha0p3_ref200.json,0.9,12,fc1,3,4,0.969301164150238,0.9447988271713257,200
cka_feddst,mnist,0.8,21,results/logs/cka_strength_sweep/mnist_all_20260516_024344/strength_0p9/seed_21/splits/mnist_split_seed21_clients5_alpha0p3_ref200.json,0.9,12,fc1,4,0,0.8941121697425842,0.9447988271713257,200
cka_feddst,mnist,0.8,21,results/logs/cka_strength_sweep/mnist_all_20260516_024344/strength_0p9/seed_21/splits/mnist_split_seed21_clients5_alpha0p3_ref200.json,0.9,12,fc1,4,1,0.9722425937652588,0.9447988271713257,200
cka_feddst,mnist,0.8,21,results/logs/cka_strength_sweep/mnist_all_20260516_024344/strength_0p9/seed_21/splits/mnist_split_seed21_clients5_alpha0p3_ref200.json,0.9,12,fc1,4,2,0.9785621166229248,0.9447988271713257,200
cka_feddst,mnist,0.8,21,results/logs/cka_strength_sweep/mnist_all_20260516_024344/strength_0p9/seed_21/splits/mnist_split_seed21_clients5_alpha0p3_ref200.json,0.9,12,fc1,4,3,0.969301164150238,0.9447988271713257,200
cka_feddst,mnist,0.8,21,results/logs/cka_strength_sweep/mnist_all_20260516_024344/strength_0p9/seed_21/splits/mnist_split_seed21_clients5_alpha0p3_ref200.json,0.9,12,fc1,4,4,1.0,0.9447988271713257,200
cka_feddst,mnist,0.8,21,results/logs/cka_strength_sweep/mnist_all_20260516_024344/strength_0p9/seed_21/splits/mnist_split_seed21_clients5_alpha0p3_ref200.json,0.9,14,conv1,0,0,1.0,0.9999982714653015,200
cka_feddst,mnist,0.8,21,results/logs/cka_strength_sweep/mnist_all_20260516_024344/strength_0p9/seed_21/splits/mnist_split_seed21_clients5_alpha0p3_ref200.json,0.9,14,conv1,0,1,0.9999995231628418,0.9999982714653015,200
cka_feddst,mnist,0.8,21,results/logs/cka_strength_sweep/mnist_all_20260516_024344/strength_0p9/seed_21/splits/mnist_split_seed21_clients5_alpha0p3_ref200.json,0.9,14,conv1,0,2,0.9999996423721313,0.9999982714653015,200
cka_feddst,mnist,0.8,21,results/logs/cka_strength_sweep/mnist_all_20260516_024344/strength_0p9/seed_21/splits/mnist_split_seed21_clients5_alpha0p3_ref200.json,0.9,14,conv1,0,3,0.9999933242797852,0.9999982714653015,200
cka_feddst,mnist,0.8,21,results/logs/cka_strength_sweep/mnist_all_20260516_024344/strength_0p9/seed_21/splits/mnist_split_seed21_clients5_alpha0p3_ref200.json,0.9,14,conv1,0,4,0.9999989867210388,0.9999982714653015,200
cka_feddst,mnist,0.8,21,results/logs/cka_strength_sweep/mnist_all_20260516_024344/strength_0p9/seed_21/splits/mnist_split_seed21_clients5_alpha0p3_ref200.json,0.9,14,conv1,1,0,0.9999995231628418,0.9999982714653015,200
cka_feddst,mnist,0.8,21,results/logs/cka_strength_sweep/mnist_all_20260516_024344/strength_0p9/seed_21/splits/mnist_split_seed21_clients5_alpha0p3_ref200.json,0.9,14,conv1,1,1,1.0,0.9999982714653015,200
cka_feddst,mnist,0.8,21,results/logs/cka_strength_sweep/mnist_all_20260516_024344/strength_0p9/seed_21/splits/mnist_split_seed21_clients5_alpha0p3_ref200.json,0.9,14,conv1,1,2,1.0,0.9999982714653015,200
cka_feddst,mnist,0.8,21,results/logs/cka_strength_sweep/mnist_all_20260516_024344/strength_0p9/seed_21/splits/mnist_split_seed21_clients5_alpha0p3_ref200.json,0.9,14,conv1,1,3,0.999997079372406,0.9999982714653015,200
cka_feddst,mnist,0.8,21,results/logs/cka_strength_sweep/mnist_all_20260516_024344/strength_0p9/seed_21/splits/mnist_split_seed21_clients5_alpha0p3_ref200.json,0.9,14,conv1,1,4,1.0,0.9999982714653015,200
cka_feddst,mnist,0.8,21,results/logs/cka_strength_sweep/mnist_all_20260516_024344/strength_0p9/seed_21/splits/mnist_split_seed21_clients5_alpha0p3_ref200.json,0.9,14,conv1,2,0,0.9999996423721313,0.9999982714653015,200
cka_feddst,mnist,0.8,21,results/logs/cka_strength_sweep/mnist_all_20260516_024344/strength_0p9/seed_21/splits/mnist_split_seed21_clients5_alpha0p3_ref200.json,0.9,14,conv1,2,1,1.0,0.9999982714653015,200
cka_feddst,mnist,0.8,21,results/logs/cka_strength_sweep/mnist_all_20260516_024344/strength_0p9/seed_21/splits/mnist_split_seed21_clients5_alpha0p3_ref200.json,0.9,14,conv1,2,2,1.0,0.9999982714653015,200
cka_feddst,mnist,0.8,21,results/logs/cka_strength_sweep/mnist_all_20260516_024344/strength_0p9/seed_21/splits/mnist_split_seed21_clients5_alpha0p3_ref200.json,0.9,14,conv1,2,3,0.9999966025352478,0.9999982714653015,200
cka_feddst,mnist,0.8,21,results/logs/cka_strength_sweep/mnist_all_20260516_024344/strength_0p9/seed_21/splits/mnist_split_seed21_clients5_alpha0p3_ref200.json,0.9,14,conv1,2,4,1.0,0.9999982714653015,200
cka_feddst,mnist,0.8,21,results/logs/cka_strength_sweep/mnist_all_20260516_024344/strength_0p9/seed_21/splits/mnist_split_seed21_clients5_alpha0p3_ref200.json,0.9,14,conv1,3,0,0.9999933242797852,0.9999982714653015,200
cka_feddst,mnist,0.8,21,results/logs/cka_strength_sweep/mnist_all_20260516_024344/strength_0p9/seed_21/splits/mnist_split_seed21_clients5_alpha0p3_ref200.json,0.9,14,conv1,3,1,0.999997079372406,0.9999982714653015,200
cka_feddst,mnist,0.8,21,results/logs/cka_strength_sweep/mnist_all_20260516_024344/strength_0p9/seed_21/splits/mnist_split_seed21_clients5_alpha0p3_ref200.json,0.9,14,conv1,3,2,0.9999966025352478,0.9999982714653015,200
cka_feddst,mnist,0.8,21,results/logs/cka_strength_sweep/mnist_all_20260516_024344/strength_0p9/seed_21/splits/mnist_split_seed21_clients5_alpha0p3_ref200.json,0.9,14,conv1,3,3,1.0,0.9999982714653015,200
cka_feddst,mnist,0.8,21,results/logs/cka_strength_sweep/mnist_all_20260516_024344/strength_0p9/seed_21/splits/mnist_split_seed21_clients5_alpha0p3_ref200.json,0.9,14,conv1,3,4,0.9999978542327881,0.9999982714653015,200
cka_feddst,mnist,0.8,21,results/logs/cka_strength_sweep/mnist_all_20260516_024344/strength_0p9/seed_21/splits/mnist_split_seed21_clients5_alpha0p3_ref200.json,0.9,14,conv1,4,0,0.9999989867210388,0.9999982714653015,200
cka_feddst,mnist,0.8,21,results/logs/cka_strength_sweep/mnist_all_20260516_024344/strength_0p9/seed_21/splits/mnist_split_seed21_clients5_alpha0p3_ref200.json,0.9,14,conv1,4,1,1.0,0.9999982714653015,200
cka_feddst,mnist,0.8,21,results/logs/cka_strength_sweep/mnist_all_20260516_024344/strength_0p9/seed_21/splits/mnist_split_seed21_clients5_alpha0p3_ref200.json,0.9,14,conv1,4,2,1.0,0.9999982714653015,200
cka_feddst,mnist,0.8,21,results/logs/cka_strength_sweep/mnist_all_20260516_024344/strength_0p9/seed_21/splits/mnist_split_seed21_clients5_alpha0p3_ref200.json,0.9,14,conv1,4,3,0.9999978542327881,0.9999982714653015,200
cka_feddst,mnist,0.8,21,results/logs/cka_strength_sweep/mnist_all_20260516_024344/strength_0p9/seed_21/splits/mnist_split_seed21_clients5_alpha0p3_ref200.json,0.9,14,conv1,4,4,1.0,0.9999982714653015,200
cka_feddst,mnist,0.8,21,results/logs/cka_strength_sweep/mnist_all_20260516_024344/strength_0p9/seed_21/splits/mnist_split_seed21_clients5_alpha0p3_ref200.json,0.9,14,conv2,0,0,1.0,0.9999760389328003,200
cka_feddst,mnist,0.8,21,results/logs/cka_strength_sweep/mnist_all_20260516_024344/strength_0p9/seed_21/splits/mnist_split_seed21_clients5_alpha0p3_ref200.json,0.9,14,conv2,0,1,0.9999821186065674,0.9999760389328003,200
cka_feddst,mnist,0.8,21,results/logs/cka_strength_sweep/mnist_all_20260516_024344/strength_0p9/seed_21/splits/mnist_split_seed21_clients5_alpha0p3_ref200.json,0.9,14,conv2,0,2,0.9999842047691345,0.9999760389328003,200
cka_feddst,mnist,0.8,21,results/logs/cka_strength_sweep/mnist_all_20260516_024344/strength_0p9/seed_21/splits/mnist_split_seed21_clients5_alpha0p3_ref200.json,0.9,14,conv2,0,3,0.9999222159385681,0.9999760389328003,200
cka_feddst,mnist,0.8,21,results/logs/cka_strength_sweep/mnist_all_20260516_024344/strength_0p9/seed_21/splits/mnist_split_seed21_clients5_alpha0p3_ref200.json,0.9,14,conv2,0,4,0.9999632239341736,0.9999760389328003,200
cka_feddst,mnist,0.8,21,results/logs/cka_strength_sweep/mnist_all_20260516_024344/strength_0p9/seed_21/splits/mnist_split_seed21_clients5_alpha0p3_ref200.json,0.9,14,conv2,1,0,0.9999821186065674,0.9999760389328003,200
cka_feddst,mnist,0.8,21,results/logs/cka_strength_sweep/mnist_all_20260516_024344/strength_0p9/seed_21/splits/mnist_split_seed21_clients5_alpha0p3_ref200.json,0.9,14,conv2,1,1,1.0,0.9999760389328003,200
cka_feddst,mnist,0.8,21,results/logs/cka_strength_sweep/mnist_all_20260516_024344/strength_0p9/seed_21/splits/mnist_split_seed21_clients5_alpha0p3_ref200.json,0.9,14,conv2,1,2,1.0,0.9999760389328003,200
cka_feddst,mnist,0.8,21,results/logs/cka_strength_sweep/mnist_all_20260516_024344/strength_0p9/seed_21/splits/mnist_split_seed21_clients5_alpha0p3_ref200.json,0.9,14,conv2,1,3,0.999965488910675,0.9999760389328003,200
cka_feddst,mnist,0.8,21,results/logs/cka_strength_sweep/mnist_all_20260516_024344/strength_0p9/seed_21/splits/mnist_split_seed21_clients5_alpha0p3_ref200.json,0.9,14,conv2,1,4,0.9999938607215881,0.9999760389328003,200
cka_feddst,mnist,0.8,21,results/logs/cka_strength_sweep/mnist_all_20260516_024344/strength_0p9/seed_21/splits/mnist_split_seed21_clients5_alpha0p3_ref200.json,0.9,14,conv2,2,0,0.9999842047691345,0.9999760389328003,200
cka_feddst,mnist,0.8,21,results/logs/cka_strength_sweep/mnist_all_20260516_024344/strength_0p9/seed_21/splits/mnist_split_seed21_clients5_alpha0p3_ref200.json,0.9,14,conv2,2,1,1.0,0.9999760389328003,200
cka_feddst,mnist,0.8,21,results/logs/cka_strength_sweep/mnist_all_20260516_024344/strength_0p9/seed_21/splits/mnist_split_seed21_clients5_alpha0p3_ref200.json,0.9,14,conv2,2,2,1.0,0.9999760389328003,200
cka_feddst,mnist,0.8,21,results/logs/cka_strength_sweep/mnist_all_20260516_024344/strength_0p9/seed_21/splits/mnist_split_seed21_clients5_alpha0p3_ref200.json,0.9,14,conv2,2,3,0.9999687671661377,0.9999760389328003,200
cka_feddst,mnist,0.8,21,results/logs/cka_strength_sweep/mnist_all_20260516_024344/strength_0p9/seed_21/splits/mnist_split_seed21_clients5_alpha0p3_ref200.json,0.9,14,conv2,2,4,0.9999943375587463,0.9999760389328003,200
cka_feddst,mnist,0.8,21,results/logs/cka_strength_sweep/mnist_all_20260516_024344/strength_0p9/seed_21/splits/mnist_split_seed21_clients5_alpha0p3_ref200.json,0.9,14,conv2,3,0,0.9999222159385681,0.9999760389328003,200
cka_feddst,mnist,0.8,21,results/logs/cka_strength_sweep/mnist_all_20260516_024344/strength_0p9/seed_21/splits/mnist_split_seed21_clients5_alpha0p3_ref200.json,0.9,14,conv2,3,1,0.999965488910675,0.9999760389328003,200
cka_feddst,mnist,0.8,21,results/logs/cka_strength_sweep/mnist_all_20260516_024344/strength_0p9/seed_21/splits/mnist_split_seed21_clients5_alpha0p3_ref200.json,0.9,14,conv2,3,2,0.9999687671661377,0.9999760389328003,200
cka_feddst,mnist,0.8,21,results/logs/cka_strength_sweep/mnist_all_20260516_024344/strength_0p9/seed_21/splits/mnist_split_seed21_clients5_alpha0p3_ref200.json,0.9,14,conv2,3,3,1.0,0.9999760389328003,200
cka_feddst,mnist,0.8,21,results/logs/cka_strength_sweep/mnist_all_20260516_024344/strength_0p9/seed_21/splits/mnist_split_seed21_clients5_alpha0p3_ref200.json,0.9,14,conv2,3,4,0.9999861717224121,0.9999760389328003,200
cka_feddst,mnist,0.8,21,results/logs/cka_strength_sweep/mnist_all_20260516_024344/strength_0p9/seed_21/splits/mnist_split_seed21_clients5_alpha0p3_ref200.json,0.9,14,conv2,4,0,0.9999632239341736,0.9999760389328003,200
cka_feddst,mnist,0.8,21,results/logs/cka_strength_sweep/mnist_all_20260516_024344/strength_0p9/seed_21/splits/mnist_split_seed21_clients5_alpha0p3_ref200.json,0.9,14,conv2,4,1,0.9999938607215881,0.9999760389328003,200
cka_feddst,mnist,0.8,21,results/logs/cka_strength_sweep/mnist_all_20260516_024344/strength_0p9/seed_21/splits/mnist_split_seed21_clients5_alpha0p3_ref200.json,0.9,14,conv2,4,2,0.9999943375587463,0.9999760389328003,200
cka_feddst,mnist,0.8,21,results/logs/cka_strength_sweep/mnist_all_20260516_024344/strength_0p9/seed_21/splits/mnist_split_seed21_clients5_alpha0p3_ref200.json,0.9,14,conv2,4,3,0.9999861717224121,0.9999760389328003,200
cka_feddst,mnist,0.8,21,results/logs/cka_strength_sweep/mnist_all_20260516_024344/strength_0p9/seed_21/splits/mnist_split_seed21_clients5_alpha0p3_ref200.json,0.9,14,conv2,4,4,1.0,0.9999760389328003,200
cka_feddst,mnist,0.8,21,results/logs/cka_strength_sweep/mnist_all_20260516_024344/strength_0p9/seed_21/splits/mnist_split_seed21_clients5_alpha0p3_ref200.json,0.9,14,fc1,0,0,1.0,0.9580148458480835,200
cka_feddst,mnist,0.8,21,results/logs/cka_strength_sweep/mnist_all_20260516_024344/strength_0p9/seed_21/splits/mnist_split_seed21_clients5_alpha0p3_ref200.json,0.9,14,fc1,0,1,0.9605240821838379,0.9580148458480835,200
cka_feddst,mnist,0.8,21,results/logs/cka_strength_sweep/mnist_all_20260516_024344/strength_0p9/seed_21/splits/mnist_split_seed21_clients5_alpha0p3_ref200.json,0.9,14,fc1,0,2,0.9477583169937134,0.9580148458480835,200
cka_feddst,mnist,0.8,21,results/logs/cka_strength_sweep/mnist_all_20260516_024344/strength_0p9/seed_21/splits/mnist_split_seed21_clients5_alpha0p3_ref200.json,0.9,14,fc1,0,3,0.9240654706954956,0.9580148458480835,200
cka_feddst,mnist,0.8,21,results/logs/cka_strength_sweep/mnist_all_20260516_024344/strength_0p9/seed_21/splits/mnist_split_seed21_clients5_alpha0p3_ref200.json,0.9,14,fc1,0,4,0.919773519039154,0.9580148458480835,200
cka_feddst,mnist,0.8,21,results/logs/cka_strength_sweep/mnist_all_20260516_024344/strength_0p9/seed_21/splits/mnist_split_seed21_clients5_alpha0p3_ref200.json,0.9,14,fc1,1,0,0.9605240821838379,0.9580148458480835,200
cka_feddst,mnist,0.8,21,results/logs/cka_strength_sweep/mnist_all_20260516_024344/strength_0p9/seed_21/splits/mnist_split_seed21_clients5_alpha0p3_ref200.json,0.9,14,fc1,1,1,1.0,0.9580148458480835,200
cka_feddst,mnist,0.8,21,results/logs/cka_strength_sweep/mnist_all_20260516_024344/strength_0p9/seed_21/splits/mnist_split_seed21_clients5_alpha0p3_ref200.json,0.9,14,fc1,1,2,0.9854779243469238,0.9580148458480835,200
cka_feddst,mnist,0.8,21,results/logs/cka_strength_sweep/mnist_all_20260516_024344/strength_0p9/seed_21/splits/mnist_split_seed21_clients5_alpha0p3_ref200.json,0.9,14,fc1,1,3,0.9636717438697815,0.9580148458480835,200
cka_feddst,mnist,0.8,21,results/logs/cka_strength_sweep/mnist_all_20260516_024344/strength_0p9/seed_21/splits/mnist_split_seed21_clients5_alpha0p3_ref200.json,0.9,14,fc1,1,4,0.9639382362365723,0.9580148458480835,200
cka_feddst,mnist,0.8,21,results/logs/cka_strength_sweep/mnist_all_20260516_024344/strength_0p9/seed_21/splits/mnist_split_seed21_clients5_alpha0p3_ref200.json,0.9,14,fc1,2,0,0.9477583169937134,0.9580148458480835,200
cka_feddst,mnist,0.8,21,results/logs/cka_strength_sweep/mnist_all_20260516_024344/strength_0p9/seed_21/splits/mnist_split_seed21_clients5_alpha0p3_ref200.json,0.9,14,fc1,2,1,0.9854779243469238,0.9580148458480835,200
cka_feddst,mnist,0.8,21,results/logs/cka_strength_sweep/mnist_all_20260516_024344/strength_0p9/seed_21/splits/mnist_split_seed21_clients5_alpha0p3_ref200.json,0.9,14,fc1,2,2,1.0,0.9580148458480835,200
cka_feddst,mnist,0.8,21,results/logs/cka_strength_sweep/mnist_all_20260516_024344/strength_0p9/seed_21/splits/mnist_split_seed21_clients5_alpha0p3_ref200.json,0.9,14,fc1,2,3,0.96958988904953,0.9580148458480835,200
cka_feddst,mnist,0.8,21,results/logs/cka_strength_sweep/mnist_all_20260516_024344/strength_0p9/seed_21/splits/mnist_split_seed21_clients5_alpha0p3_ref200.json,0.9,14,fc1,2,4,0.9764281511306763,0.9580148458480835,200
cka_feddst,mnist,0.8,21,results/logs/cka_strength_sweep/mnist_all_20260516_024344/strength_0p9/seed_21/splits/mnist_split_seed21_clients5_alpha0p3_ref200.json,0.9,14,fc1,3,0,0.9240654706954956,0.9580148458480835,200
cka_feddst,mnist,0.8,21,results/logs/cka_strength_sweep/mnist_all_20260516_024344/strength_0p9/seed_21/splits/mnist_split_seed21_clients5_alpha0p3_ref200.json,0.9,14,fc1,3,1,0.9636717438697815,0.9580148458480835,200
cka_feddst,mnist,0.8,21,results/logs/cka_strength_sweep/mnist_all_20260516_024344/strength_0p9/seed_21/splits/mnist_split_seed21_clients5_alpha0p3_ref200.json,0.9,14,fc1,3,2,0.96958988904953,0.9580148458480835,200
cka_feddst,mnist,0.8,21,results/logs/cka_strength_sweep/mnist_all_20260516_024344/strength_0p9/seed_21/splits/mnist_split_seed21_clients5_alpha0p3_ref200.json,0.9,14,fc1,3,3,1.0,0.9580148458480835,200
cka_feddst,mnist,0.8,21,results/logs/cka_strength_sweep/mnist_all_20260516_024344/strength_0p9/seed_21/splits/mnist_split_seed21_clients5_alpha0p3_ref200.json,0.9,14,fc1,3,4,0.968920886516571,0.9580148458480835,200
cka_feddst,mnist,0.8,21,results/logs/cka_strength_sweep/mnist_all_20260516_024344/strength_0p9/seed_21/splits/mnist_split_seed21_clients5_alpha0p3_ref200.json,0.9,14,fc1,4,0,0.919773519039154,0.9580148458480835,200
cka_feddst,mnist,0.8,21,results/logs/cka_strength_sweep/mnist_all_20260516_024344/strength_0p9/seed_21/splits/mnist_split_seed21_clients5_alpha0p3_ref200.json,0.9,14,fc1,4,1,0.9639382362365723,0.9580148458480835,200
cka_feddst,mnist,0.8,21,results/logs/cka_strength_sweep/mnist_all_20260516_024344/strength_0p9/seed_21/splits/mnist_split_seed21_clients5_alpha0p3_ref200.json,0.9,14,fc1,4,2,0.9764281511306763,0.9580148458480835,200
cka_feddst,mnist,0.8,21,results/logs/cka_strength_sweep/mnist_all_20260516_024344/strength_0p9/seed_21/splits/mnist_split_seed21_clients5_alpha0p3_ref200.json,0.9,14,fc1,4,3,0.968920886516571,0.9580148458480835,200
cka_feddst,mnist,0.8,21,results/logs/cka_strength_sweep/mnist_all_20260516_024344/strength_0p9/seed_21/splits/mnist_split_seed21_clients5_alpha0p3_ref200.json,0.9,14,fc1,4,4,1.0,0.9580148458480835,200
cka_feddst,mnist,0.8,21,results/logs/cka_strength_sweep/mnist_all_20260516_024344/strength_0p9/seed_21/splits/mnist_split_seed21_clients5_alpha0p3_ref200.json,0.9,16,conv1,0,0,1.0,0.9999947547912598,200
cka_feddst,mnist,0.8,21,results/logs/cka_strength_sweep/mnist_all_20260516_024344/strength_0p9/seed_21/splits/mnist_split_seed21_clients5_alpha0p3_ref200.json,0.9,16,conv1,0,1,0.9999949336051941,0.9999947547912598,200
cka_feddst,mnist,0.8,21,results/logs/cka_strength_sweep/mnist_all_20260516_024344/strength_0p9/seed_21/splits/mnist_split_seed21_clients5_alpha0p3_ref200.json,0.9,16,conv1,0,2,0.9999966025352478,0.9999947547912598,200
cka_feddst,mnist,0.8,21,results/logs/cka_strength_sweep/mnist_all_20260516_024344/strength_0p9/seed_21/splits/mnist_split_seed21_clients5_alpha0p3_ref200.json,0.9,16,conv1,0,3,0.9999815821647644,0.9999947547912598,200
cka_feddst,mnist,0.8,21,results/logs/cka_strength_sweep/mnist_all_20260516_024344/strength_0p9/seed_21/splits/mnist_split_seed21_clients5_alpha0p3_ref200.json,0.9,16,conv1,0,4,0.9999887347221375,0.9999947547912598,200
cka_feddst,mnist,0.8,21,results/logs/cka_strength_sweep/mnist_all_20260516_024344/strength_0p9/seed_21/splits/mnist_split_seed21_clients5_alpha0p3_ref200.json,0.9,16,conv1,1,0,0.9999949336051941,0.9999947547912598,200
cka_feddst,mnist,0.8,21,results/logs/cka_strength_sweep/mnist_all_20260516_024344/strength_0p9/seed_21/splits/mnist_split_seed21_clients5_alpha0p3_ref200.json,0.9,16,conv1,1,1,1.0,0.9999947547912598,200
cka_feddst,mnist,0.8,21,results/logs/cka_strength_sweep/mnist_all_20260516_024344/strength_0p9/seed_21/splits/mnist_split_seed21_clients5_alpha0p3_ref200.json,0.9,16,conv1,1,2,1.0,0.9999947547912598,200
cka_feddst,mnist,0.8,21,results/logs/cka_strength_sweep/mnist_all_20260516_024344/strength_0p9/seed_21/splits/mnist_split_seed21_clients5_alpha0p3_ref200.json,0.9,16,conv1,1,3,0.9999955892562866,0.9999947547912598,200
cka_feddst,mnist,0.8,21,results/logs/cka_strength_sweep/mnist_all_20260516_024344/strength_0p9/seed_21/splits/mnist_split_seed21_clients5_alpha0p3_ref200.json,0.9,16,conv1,1,4,0.999998927116394,0.9999947547912598,200
cka_feddst,mnist,0.8,21,results/logs/cka_strength_sweep/mnist_all_20260516_024344/strength_0p9/seed_21/splits/mnist_split_seed21_clients5_alpha0p3_ref200.json,0.9,16,conv1,2,0,0.9999966025352478,0.9999947547912598,200
cka_feddst,mnist,0.8,21,results/logs/cka_strength_sweep/mnist_all_20260516_024344/strength_0p9/seed_21/splits/mnist_split_seed21_clients5_alpha0p3_ref200.json,0.9,16,conv1,2,1,1.0,0.9999947547912598,200
cka_feddst,mnist,0.8,21,results/logs/cka_strength_sweep/mnist_all_20260516_024344/strength_0p9/seed_21/splits/mnist_split_seed21_clients5_alpha0p3_ref200.json,0.9,16,conv1,2,2,1.0,0.9999947547912598,200
cka_feddst,mnist,0.8,21,results/logs/cka_strength_sweep/mnist_all_20260516_024344/strength_0p9/seed_21/splits/mnist_split_seed21_clients5_alpha0p3_ref200.json,0.9,16,conv1,2,3,0.9999943971633911,0.9999947547912598,200
cka_feddst,mnist,0.8,21,results/logs/cka_strength_sweep/mnist_all_20260516_024344/strength_0p9/seed_21/splits/mnist_split_seed21_clients5_alpha0p3_ref200.json,0.9,16,conv1,2,4,0.9999983310699463,0.9999947547912598,200
cka_feddst,mnist,0.8,21,results/logs/cka_strength_sweep/mnist_all_20260516_024344/strength_0p9/seed_21/splits/mnist_split_seed21_clients5_alpha0p3_ref200.json,0.9,16,conv1,3,0,0.9999815821647644,0.9999947547912598,200
cka_feddst,mnist,0.8,21,results/logs/cka_strength_sweep/mnist_all_20260516_024344/strength_0p9/seed_21/splits/mnist_split_seed21_clients5_alpha0p3_ref200.json,0.9,16,conv1,3,1,0.9999955892562866,0.9999947547912598,200
cka_feddst,mnist,0.8,21,results/logs/cka_strength_sweep/mnist_all_20260516_024344/strength_0p9/seed_21/splits/mnist_split_seed21_clients5_alpha0p3_ref200.json,0.9,16,conv1,3,2,0.9999943971633911,0.9999947547912598,200
cka_feddst,mnist,0.8,21,results/logs/cka_strength_sweep/mnist_all_20260516_024344/strength_0p9/seed_21/splits/mnist_split_seed21_clients5_alpha0p3_ref200.json,0.9,16,conv1,3,3,1.0,0.9999947547912598,200
cka_feddst,mnist,0.8,21,results/logs/cka_strength_sweep/mnist_all_20260516_024344/strength_0p9/seed_21/splits/mnist_split_seed21_clients5_alpha0p3_ref200.json,0.9,16,conv1,3,4,0.999998927116394,0.9999947547912598,200
cka_feddst,mnist,0.8,21,results/logs/cka_strength_sweep/mnist_all_20260516_024344/strength_0p9/seed_21/splits/mnist_split_seed21_clients5_alpha0p3_ref200.json,0.9,16,conv1,4,0,0.9999887347221375,0.9999947547912598,200
cka_feddst,mnist,0.8,21,results/logs/cka_strength_sweep/mnist_all_20260516_024344/strength_0p9/seed_21/splits/mnist_split_seed21_clients5_alpha0p3_ref200.json,0.9,16,conv1,4,1,0.999998927116394,0.9999947547912598,200
cka_feddst,mnist,0.8,21,results/logs/cka_strength_sweep/mnist_all_20260516_024344/strength_0p9/seed_21/splits/mnist_split_seed21_clients5_alpha0p3_ref200.json,0.9,16,conv1,4,2,0.9999983310699463,0.9999947547912598,200
cka_feddst,mnist,0.8,21,results/logs/cka_strength_sweep/mnist_all_20260516_024344/strength_0p9/seed_21/splits/mnist_split_seed21_clients5_alpha0p3_ref200.json,0.9,16,conv1,4,3,0.999998927116394,0.9999947547912598,200
cka_feddst,mnist,0.8,21,results/logs/cka_strength_sweep/mnist_all_20260516_024344/strength_0p9/seed_21/splits/mnist_split_seed21_clients5_alpha0p3_ref200.json,0.9,16,conv1,4,4,1.0,0.9999947547912598,200
cka_feddst,mnist,0.8,21,results/logs/cka_strength_sweep/mnist_all_20260516_024344/strength_0p9/seed_21/splits/mnist_split_seed21_clients5_alpha0p3_ref200.json,0.9,16,conv2,0,0,1.0,0.9999617338180542,200
cka_feddst,mnist,0.8,21,results/logs/cka_strength_sweep/mnist_all_20260516_024344/strength_0p9/seed_21/splits/mnist_split_seed21_clients5_alpha0p3_ref200.json,0.9,16,conv2,0,1,0.9999623894691467,0.9999617338180542,200
cka_feddst,mnist,0.8,21,results/logs/cka_strength_sweep/mnist_all_20260516_024344/strength_0p9/seed_21/splits/mnist_split_seed21_clients5_alpha0p3_ref200.json,0.9,16,conv2,0,2,0.9999754428863525,0.9999617338180542,200
cka_feddst,mnist,0.8,21,results/logs/cka_strength_sweep/mnist_all_20260516_024344/strength_0p9/seed_21/splits/mnist_split_seed21_clients5_alpha0p3_ref200.json,0.9,16,conv2,0,3,0.999894917011261,0.9999617338180542,200
cka_feddst,mnist,0.8,21,results/logs/cka_strength_sweep/mnist_all_20260516_024344/strength_0p9/seed_21/splits/mnist_split_seed21_clients5_alpha0p3_ref200.json,0.9,16,conv2,0,4,0.9999488592147827,0.9999617338180542,200
cka_feddst,mnist,0.8,21,results/logs/cka_strength_sweep/mnist_all_20260516_024344/strength_0p9/seed_21/splits/mnist_split_seed21_clients5_alpha0p3_ref200.json,0.9,16,conv2,1,0,0.9999623894691467,0.9999617338180542,200
cka_feddst,mnist,0.8,21,results/logs/cka_strength_sweep/mnist_all_20260516_024344/strength_0p9/seed_21/splits/mnist_split_seed21_clients5_alpha0p3_ref200.json,0.9,16,conv2,1,1,1.0,0.9999617338180542,200
cka_feddst,mnist,0.8,21,results/logs/cka_strength_sweep/mnist_all_20260516_024344/strength_0p9/seed_21/splits/mnist_split_seed21_clients5_alpha0p3_ref200.json,0.9,16,conv2,1,2,0.999997079372406,0.9999617338180542,200
cka_feddst,mnist,0.8,21,results/logs/cka_strength_sweep/mnist_all_20260516_024344/strength_0p9/seed_21/splits/mnist_split_seed21_clients5_alpha0p3_ref200.json,0.9,16,conv2,1,3,0.9999459385871887,0.9999617338180542,200
cka_feddst,mnist,0.8,21,results/logs/cka_strength_sweep/mnist_all_20260516_024344/strength_0p9/seed_21/splits/mnist_split_seed21_clients5_alpha0p3_ref200.json,0.9,16,conv2,1,4,0.9999881386756897,0.9999617338180542,200
cka_feddst,mnist,0.8,21,results/logs/cka_strength_sweep/mnist_all_20260516_024344/strength_0p9/seed_21/splits/mnist_split_seed21_clients5_alpha0p3_ref200.json,0.9,16,conv2,2,0,0.9999754428863525,0.9999617338180542,200
cka_feddst,mnist,0.8,21,results/logs/cka_strength_sweep/mnist_all_20260516_024344/strength_0p9/seed_21/splits/mnist_split_seed21_clients5_alpha0p3_ref200.json,0.9,16,conv2,2,1,0.999997079372406,0.9999617338180542,200
cka_feddst,mnist,0.8,21,results/logs/cka_strength_sweep/mnist_all_20260516_024344/strength_0p9/seed_21/splits/mnist_split_seed21_clients5_alpha0p3_ref200.json,0.9,16,conv2,2,2,1.0,0.9999617338180542,200
cka_feddst,mnist,0.8,21,results/logs/cka_strength_sweep/mnist_all_20260516_024344/strength_0p9/seed_21/splits/mnist_split_seed21_clients5_alpha0p3_ref200.json,0.9,16,conv2,2,3,0.9999443292617798,0.9999617338180542,200
cka_feddst,mnist,0.8,21,results/logs/cka_strength_sweep/mnist_all_20260516_024344/strength_0p9/seed_21/splits/mnist_split_seed21_clients5_alpha0p3_ref200.json,0.9,16,conv2,2,4,0.9999831914901733,0.9999617338180542,200
cka_feddst,mnist,0.8,21,results/logs/cka_strength_sweep/mnist_all_20260516_024344/strength_0p9/seed_21/splits/mnist_split_seed21_clients5_alpha0p3_ref200.json,0.9,16,conv2,3,0,0.999894917011261,0.9999617338180542,200
cka_feddst,mnist,0.8,21,results/logs/cka_strength_sweep/mnist_all_20260516_024344/strength_0p9/seed_21/splits/mnist_split_seed21_clients5_alpha0p3_ref200.json,0.9,16,conv2,3,1,0.9999459385871887,0.9999617338180542,200
cka_feddst,mnist,0.8,21,results/logs/cka_strength_sweep/mnist_all_20260516_024344/strength_0p9/seed_21/splits/mnist_split_seed21_clients5_alpha0p3_ref200.json,0.9,16,conv2,3,2,0.9999443292617798,0.9999617338180542,200
cka_feddst,mnist,0.8,21,results/logs/cka_strength_sweep/mnist_all_20260516_024344/strength_0p9/seed_21/splits/mnist_split_seed21_clients5_alpha0p3_ref200.json,0.9,16,conv2,3,3,1.0,0.9999617338180542,200
cka_feddst,mnist,0.8,21,results/logs/cka_strength_sweep/mnist_all_20260516_024344/strength_0p9/seed_21/splits/mnist_split_seed21_clients5_alpha0p3_ref200.json,0.9,16,conv2,3,4,0.999976396560669,0.9999617338180542,200
cka_feddst,mnist,0.8,21,results/logs/cka_strength_sweep/mnist_all_20260516_024344/strength_0p9/seed_21/splits/mnist_split_seed21_clients5_alpha0p3_ref200.json,0.9,16,conv2,4,0,0.9999488592147827,0.9999617338180542,200
cka_feddst,mnist,0.8,21,results/logs/cka_strength_sweep/mnist_all_20260516_024344/strength_0p9/seed_21/splits/mnist_split_seed21_clients5_alpha0p3_ref200.json,0.9,16,conv2,4,1,0.9999881386756897,0.9999617338180542,200
cka_feddst,mnist,0.8,21,results/logs/cka_strength_sweep/mnist_all_20260516_024344/strength_0p9/seed_21/splits/mnist_split_seed21_clients5_alpha0p3_ref200.json,0.9,16,conv2,4,2,0.9999831914901733,0.9999617338180542,200
cka_feddst,mnist,0.8,21,results/logs/cka_strength_sweep/mnist_all_20260516_024344/strength_0p9/seed_21/splits/mnist_split_seed21_clients5_alpha0p3_ref200.json,0.9,16,conv2,4,3,0.999976396560669,0.9999617338180542,200
cka_feddst,mnist,0.8,21,results/logs/cka_strength_sweep/mnist_all_20260516_024344/strength_0p9/seed_21/splits/mnist_split_seed21_clients5_alpha0p3_ref200.json,0.9,16,conv2,4,4,1.0,0.9999617338180542,200
cka_feddst,mnist,0.8,21,results/logs/cka_strength_sweep/mnist_all_20260516_024344/strength_0p9/seed_21/splits/mnist_split_seed21_clients5_alpha0p3_ref200.json,0.9,16,fc1,0,0,1.0,0.9281299710273743,200
cka_feddst,mnist,0.8,21,results/logs/cka_strength_sweep/mnist_all_20260516_024344/strength_0p9/seed_21/splits/mnist_split_seed21_clients5_alpha0p3_ref200.json,0.9,16,fc1,0,1,0.9710578918457031,0.9281299710273743,200
cka_feddst,mnist,0.8,21,results/logs/cka_strength_sweep/mnist_all_20260516_024344/strength_0p9/seed_21/splits/mnist_split_seed21_clients5_alpha0p3_ref200.json,0.9,16,fc1,0,2,0.9397532343864441,0.9281299710273743,200
cka_feddst,mnist,0.8,21,results/logs/cka_strength_sweep/mnist_all_20260516_024344/strength_0p9/seed_21/splits/mnist_split_seed21_clients5_alpha0p3_ref200.json,0.9,16,fc1,0,3,0.927131175994873,0.9281299710273743,200
cka_feddst,mnist,0.8,21,results/logs/cka_strength_sweep/mnist_all_20260516_024344/strength_0p9/seed_21/splits/mnist_split_seed21_clients5_alpha0p3_ref200.json,0.9,16,fc1,0,4,0.926678478717804,0.9281299710273743,200
cka_feddst,mnist,0.8,21,results/logs/cka_strength_sweep/mnist_all_20260516_024344/strength_0p9/seed_21/splits/mnist_split_seed21_clients5_alpha0p3_ref200.json,0.9,16,fc1,1,0,0.9710578918457031,0.9281299710273743,200
cka_feddst,mnist,0.8,21,results/logs/cka_strength_sweep/mnist_all_20260516_024344/strength_0p9/seed_21/splits/mnist_split_seed21_clients5_alpha0p3_ref200.json,0.9,16,fc1,1,1,1.0,0.9281299710273743,200
cka_feddst,mnist,0.8,21,results/logs/cka_strength_sweep/mnist_all_20260516_024344/strength_0p9/seed_21/splits/mnist_split_seed21_clients5_alpha0p3_ref200.json,0.9,16,fc1,1,2,0.9330092668533325,0.9281299710273743,200
cka_feddst,mnist,0.8,21,results/logs/cka_strength_sweep/mnist_all_20260516_024344/strength_0p9/seed_21/splits/mnist_split_seed21_clients5_alpha0p3_ref200.json,0.9,16,fc1,1,3,0.9312633275985718,0.9281299710273743,200
cka_feddst,mnist,0.8,21,results/logs/cka_strength_sweep/mnist_all_20260516_024344/strength_0p9/seed_21/splits/mnist_split_seed21_clients5_alpha0p3_ref200.json,0.9,16,fc1,1,4,0.9376161098480225,0.9281299710273743,200
cka_feddst,mnist,0.8,21,results/logs/cka_strength_sweep/mnist_all_20260516_024344/strength_0p9/seed_21/splits/mnist_split_seed21_clients5_alpha0p3_ref200.json,0.9,16,fc1,2,0,0.9397532343864441,0.9281299710273743,200
cka_feddst,mnist,0.8,21,results/logs/cka_strength_sweep/mnist_all_20260516_024344/strength_0p9/seed_21/splits/mnist_split_seed21_clients5_alpha0p3_ref200.json,0.9,16,fc1,2,1,0.9330092668533325,0.9281299710273743,200
cka_feddst,mnist,0.8,21,results/logs/cka_strength_sweep/mnist_all_20260516_024344/strength_0p9/seed_21/splits/mnist_split_seed21_clients5_alpha0p3_ref200.json,0.9,16,fc1,2,2,1.0,0.9281299710273743,200
cka_feddst,mnist,0.8,21,results/logs/cka_strength_sweep/mnist_all_20260516_024344/strength_0p9/seed_21/splits/mnist_split_seed21_clients5_alpha0p3_ref200.json,0.9,16,fc1,2,3,0.8732448816299438,0.9281299710273743,200
cka_feddst,mnist,0.8,21,results/logs/cka_strength_sweep/mnist_all_20260516_024344/strength_0p9/seed_21/splits/mnist_split_seed21_clients5_alpha0p3_ref200.json,0.9,16,fc1,2,4,0.8765920400619507,0.9281299710273743,200
cka_feddst,mnist,0.8,21,results/logs/cka_strength_sweep/mnist_all_20260516_024344/strength_0p9/seed_21/splits/mnist_split_seed21_clients5_alpha0p3_ref200.json,0.9,16,fc1,3,0,0.927131175994873,0.9281299710273743,200
cka_feddst,mnist,0.8,21,results/logs/cka_strength_sweep/mnist_all_20260516_024344/strength_0p9/seed_21/splits/mnist_split_seed21_clients5_alpha0p3_ref200.json,0.9,16,fc1,3,1,0.9312633275985718,0.9281299710273743,200
cka_feddst,mnist,0.8,21,results/logs/cka_strength_sweep/mnist_all_20260516_024344/strength_0p9/seed_21/splits/mnist_split_seed21_clients5_alpha0p3_ref200.json,0.9,16,fc1,3,2,0.8732448816299438,0.9281299710273743,200
cka_feddst,mnist,0.8,21,results/logs/cka_strength_sweep/mnist_all_20260516_024344/strength_0p9/seed_21/splits/mnist_split_seed21_clients5_alpha0p3_ref200.json,0.9,16,fc1,3,3,1.0,0.9281299710273743,200
cka_feddst,mnist,0.8,21,results/logs/cka_strength_sweep/mnist_all_20260516_024344/strength_0p9/seed_21/splits/mnist_split_seed21_clients5_alpha0p3_ref200.json,0.9,16,fc1,3,4,0.9649524092674255,0.9281299710273743,200
cka_feddst,mnist,0.8,21,results/logs/cka_strength_sweep/mnist_all_20260516_024344/strength_0p9/seed_21/splits/mnist_split_seed21_clients5_alpha0p3_ref200.json,0.9,16,fc1,4,0,0.926678478717804,0.9281299710273743,200
cka_feddst,mnist,0.8,21,results/logs/cka_strength_sweep/mnist_all_20260516_024344/strength_0p9/seed_21/splits/mnist_split_seed21_clients5_alpha0p3_ref200.json,0.9,16,fc1,4,1,0.9376161098480225,0.9281299710273743,200
cka_feddst,mnist,0.8,21,results/logs/cka_strength_sweep/mnist_all_20260516_024344/strength_0p9/seed_21/splits/mnist_split_seed21_clients5_alpha0p3_ref200.json,0.9,16,fc1,4,2,0.8765920400619507,0.9281299710273743,200
cka_feddst,mnist,0.8,21,results/logs/cka_strength_sweep/mnist_all_20260516_024344/strength_0p9/seed_21/splits/mnist_split_seed21_clients5_alpha0p3_ref200.json,0.9,16,fc1,4,3,0.9649524092674255,0.9281299710273743,200
cka_feddst,mnist,0.8,21,results/logs/cka_strength_sweep/mnist_all_20260516_024344/strength_0p9/seed_21/splits/mnist_split_seed21_clients5_alpha0p3_ref200.json,0.9,16,fc1,4,4,1.0,0.9281299710273743,200
cka_feddst,mnist,0.8,21,results/logs/cka_strength_sweep/mnist_all_20260516_024344/strength_0p9/seed_21/splits/mnist_split_seed21_clients5_alpha0p3_ref200.json,0.9,18,conv1,0,0,1.0,0.9999977350234985,200
cka_feddst,mnist,0.8,21,results/logs/cka_strength_sweep/mnist_all_20260516_024344/strength_0p9/seed_21/splits/mnist_split_seed21_clients5_alpha0p3_ref200.json,0.9,18,conv1,0,1,0.9999980330467224,0.9999977350234985,200
cka_feddst,mnist,0.8,21,results/logs/cka_strength_sweep/mnist_all_20260516_024344/strength_0p9/seed_21/splits/mnist_split_seed21_clients5_alpha0p3_ref200.json,0.9,18,conv1,0,2,0.9999979734420776,0.9999977350234985,200
cka_feddst,mnist,0.8,21,results/logs/cka_strength_sweep/mnist_all_20260516_024344/strength_0p9/seed_21/splits/mnist_split_seed21_clients5_alpha0p3_ref200.json,0.9,18,conv1,0,3,0.9999909400939941,0.9999977350234985,200
cka_feddst,mnist,0.8,21,results/logs/cka_strength_sweep/mnist_all_20260516_024344/strength_0p9/seed_21/splits/mnist_split_seed21_clients5_alpha0p3_ref200.json,0.9,18,conv1,0,4,0.9999974370002747,0.9999977350234985,200
cka_feddst,mnist,0.8,21,results/logs/cka_strength_sweep/mnist_all_20260516_024344/strength_0p9/seed_21/splits/mnist_split_seed21_clients5_alpha0p3_ref200.json,0.9,18,conv1,1,0,0.9999980330467224,0.9999977350234985,200
cka_feddst,mnist,0.8,21,results/logs/cka_strength_sweep/mnist_all_20260516_024344/strength_0p9/seed_21/splits/mnist_split_seed21_clients5_alpha0p3_ref200.json,0.9,18,conv1,1,1,1.0,0.9999977350234985,200
cka_feddst,mnist,0.8,21,results/logs/cka_strength_sweep/mnist_all_20260516_024344/strength_0p9/seed_21/splits/mnist_split_seed21_clients5_alpha0p3_ref200.json,0.9,18,conv1,1,2,0.9999998807907104,0.9999977350234985,200
cka_feddst,mnist,0.8,21,results/logs/cka_strength_sweep/mnist_all_20260516_024344/strength_0p9/seed_21/splits/mnist_split_seed21_clients5_alpha0p3_ref200.json,0.9,18,conv1,1,3,0.9999969005584717,0.9999977350234985,200
cka_feddst,mnist,0.8,21,results/logs/cka_strength_sweep/mnist_all_20260516_024344/strength_0p9/seed_21/splits/mnist_split_seed21_clients5_alpha0p3_ref200.json,0.9,18,conv1,1,4,0.9999997615814209,0.9999977350234985,200
cka_feddst,mnist,0.8,21,results/logs/cka_strength_sweep/mnist_all_20260516_024344/strength_0p9/seed_21/splits/mnist_split_seed21_clients5_alpha0p3_ref200.json,0.9,18,conv1,2,0,0.9999979734420776,0.9999977350234985,200
cka_feddst,mnist,0.8,21,results/logs/cka_strength_sweep/mnist_all_20260516_024344/strength_0p9/seed_21/splits/mnist_split_seed21_clients5_alpha0p3_ref200.json,0.9,18,conv1,2,1,0.9999998807907104,0.9999977350234985,200
cka_feddst,mnist,0.8,21,results/logs/cka_strength_sweep/mnist_all_20260516_024344/strength_0p9/seed_21/splits/mnist_split_seed21_clients5_alpha0p3_ref200.json,0.9,18,conv1,2,2,1.0,0.9999977350234985,200
cka_feddst,mnist,0.8,21,results/logs/cka_strength_sweep/mnist_all_20260516_024344/strength_0p9/seed_21/splits/mnist_split_seed21_clients5_alpha0p3_ref200.json,0.9,18,conv1,2,3,0.9999972581863403,0.9999977350234985,200
cka_feddst,mnist,0.8,21,results/logs/cka_strength_sweep/mnist_all_20260516_024344/strength_0p9/seed_21/splits/mnist_split_seed21_clients5_alpha0p3_ref200.json,0.9,18,conv1,2,4,1.0,0.9999977350234985,200
cka_feddst,mnist,0.8,21,results/logs/cka_strength_sweep/mnist_all_20260516_024344/strength_0p9/seed_21/splits/mnist_split_seed21_clients5_alpha0p3_ref200.json,0.9,18,conv1,3,0,0.9999909400939941,0.9999977350234985,200
cka_feddst,mnist,0.8,21,results/logs/cka_strength_sweep/mnist_all_20260516_024344/strength_0p9/seed_21/splits/mnist_split_seed21_clients5_alpha0p3_ref200.json,0.9,18,conv1,3,1,0.9999969005584717,0.9999977350234985,200
cka_feddst,mnist,0.8,21,results/logs/cka_strength_sweep/mnist_all_20260516_024344/strength_0p9/seed_21/splits/mnist_split_seed21_clients5_alpha0p3_ref200.json,0.9,18,conv1,3,2,0.9999972581863403,0.9999977350234985,200
cka_feddst,mnist,0.8,21,results/logs/cka_strength_sweep/mnist_all_20260516_024344/strength_0p9/seed_21/splits/mnist_split_seed21_clients5_alpha0p3_ref200.json,0.9,18,conv1,3,3,1.0,0.9999977350234985,200
cka_feddst,mnist,0.8,21,results/logs/cka_strength_sweep/mnist_all_20260516_024344/strength_0p9/seed_21/splits/mnist_split_seed21_clients5_alpha0p3_ref200.json,0.9,18,conv1,3,4,0.9999982714653015,0.9999977350234985,200
cka_feddst,mnist,0.8,21,results/logs/cka_strength_sweep/mnist_all_20260516_024344/strength_0p9/seed_21/splits/mnist_split_seed21_clients5_alpha0p3_ref200.json,0.9,18,conv1,4,0,0.9999974370002747,0.9999977350234985,200
cka_feddst,mnist,0.8,21,results/logs/cka_strength_sweep/mnist_all_20260516_024344/strength_0p9/seed_21/splits/mnist_split_seed21_clients5_alpha0p3_ref200.json,0.9,18,conv1,4,1,0.9999997615814209,0.9999977350234985,200
cka_feddst,mnist,0.8,21,results/logs/cka_strength_sweep/mnist_all_20260516_024344/strength_0p9/seed_21/splits/mnist_split_seed21_clients5_alpha0p3_ref200.json,0.9,18,conv1,4,2,1.0,0.9999977350234985,200
cka_feddst,mnist,0.8,21,results/logs/cka_strength_sweep/mnist_all_20260516_024344/strength_0p9/seed_21/splits/mnist_split_seed21_clients5_alpha0p3_ref200.json,0.9,18,conv1,4,3,0.9999982714653015,0.9999977350234985,200
cka_feddst,mnist,0.8,21,results/logs/cka_strength_sweep/mnist_all_20260516_024344/strength_0p9/seed_21/splits/mnist_split_seed21_clients5_alpha0p3_ref200.json,0.9,18,conv1,4,4,1.0,0.9999977350234985,200
cka_feddst,mnist,0.8,21,results/logs/cka_strength_sweep/mnist_all_20260516_024344/strength_0p9/seed_21/splits/mnist_split_seed21_clients5_alpha0p3_ref200.json,0.9,18,conv2,0,0,1.0,0.9999774098396301,200
cka_feddst,mnist,0.8,21,results/logs/cka_strength_sweep/mnist_all_20260516_024344/strength_0p9/seed_21/splits/mnist_split_seed21_clients5_alpha0p3_ref200.json,0.9,18,conv2,0,1,0.9999799132347107,0.9999774098396301,200
cka_feddst,mnist,0.8,21,results/logs/cka_strength_sweep/mnist_all_20260516_024344/strength_0p9/seed_21/splits/mnist_split_seed21_clients5_alpha0p3_ref200.json,0.9,18,conv2,0,2,0.9999839067459106,0.9999774098396301,200
cka_feddst,mnist,0.8,21,results/logs/cka_strength_sweep/mnist_all_20260516_024344/strength_0p9/seed_21/splits/mnist_split_seed21_clients5_alpha0p3_ref200.json,0.9,18,conv2,0,3,0.9999430775642395,0.9999774098396301,200
cka_feddst,mnist,0.8,21,results/logs/cka_strength_sweep/mnist_all_20260516_024344/strength_0p9/seed_21/splits/mnist_split_seed21_clients5_alpha0p3_ref200.json,0.9,18,conv2,0,4,0.9999720454216003,0.9999774098396301,200
cka_feddst,mnist,0.8,21,results/logs/cka_strength_sweep/mnist_all_20260516_024344/strength_0p9/seed_21/splits/mnist_split_seed21_clients5_alpha0p3_ref200.json,0.9,18,conv2,1,0,0.9999799132347107,0.9999774098396301,200
cka_feddst,mnist,0.8,21,results/logs/cka_strength_sweep/mnist_all_20260516_024344/strength_0p9/seed_21/splits/mnist_split_seed21_clients5_alpha0p3_ref200.json,0.9,18,conv2,1,1,1.0,0.9999774098396301,200
cka_feddst,mnist,0.8,21,results/logs/cka_strength_sweep/mnist_all_20260516_024344/strength_0p9/seed_21/splits/mnist_split_seed21_clients5_alpha0p3_ref200.json,0.9,18,conv2,1,2,0.999999463558197,0.9999774098396301,200
cka_feddst,mnist,0.8,21,results/logs/cka_strength_sweep/mnist_all_20260516_024344/strength_0p9/seed_21/splits/mnist_split_seed21_clients5_alpha0p3_ref200.json,0.9,18,conv2,1,3,0.9999620318412781,0.9999774098396301,200
cka_feddst,mnist,0.8,21,results/logs/cka_strength_sweep/mnist_all_20260516_024344/strength_0p9/seed_21/splits/mnist_split_seed21_clients5_alpha0p3_ref200.json,0.9,18,conv2,1,4,0.9999935626983643,0.9999774098396301,200
cka_feddst,mnist,0.8,21,results/logs/cka_strength_sweep/mnist_all_20260516_024344/strength_0p9/seed_21/splits/mnist_split_seed21_clients5_alpha0p3_ref200.json,0.9,18,conv2,2,0,0.9999839067459106,0.9999774098396301,200
cka_feddst,mnist,0.8,21,results/logs/cka_strength_sweep/mnist_all_20260516_024344/strength_0p9/seed_21/splits/mnist_split_seed21_clients5_alpha0p3_ref200.json,0.9,18,conv2,2,1,0.999999463558197,0.9999774098396301,200
cka_feddst,mnist,0.8,21,results/logs/cka_strength_sweep/mnist_all_20260516_024344/strength_0p9/seed_21/splits/mnist_split_seed21_clients5_alpha0p3_ref200.json,0.9,18,conv2,2,2,1.0,0.9999774098396301,200
cka_feddst,mnist,0.8,21,results/logs/cka_strength_sweep/mnist_all_20260516_024344/strength_0p9/seed_21/splits/mnist_split_seed21_clients5_alpha0p3_ref200.json,0.9,18,conv2,2,3,0.9999624490737915,0.9999774098396301,200
cka_feddst,mnist,0.8,21,results/logs/cka_strength_sweep/mnist_all_20260516_024344/strength_0p9/seed_21/splits/mnist_split_seed21_clients5_alpha0p3_ref200.json,0.9,18,conv2,2,4,0.9999927282333374,0.9999774098396301,200
cka_feddst,mnist,0.8,21,results/logs/cka_strength_sweep/mnist_all_20260516_024344/strength_0p9/seed_21/splits/mnist_split_seed21_clients5_alpha0p3_ref200.json,0.9,18,conv2,3,0,0.9999430775642395,0.9999774098396301,200
cka_feddst,mnist,0.8,21,results/logs/cka_strength_sweep/mnist_all_20260516_024344/strength_0p9/seed_21/splits/mnist_split_seed21_clients5_alpha0p3_ref200.json,0.9,18,conv2,3,1,0.9999620318412781,0.9999774098396301,200
cka_feddst,mnist,0.8,21,results/logs/cka_strength_sweep/mnist_all_20260516_024344/strength_0p9/seed_21/splits/mnist_split_seed21_clients5_alpha0p3_ref200.json,0.9,18,conv2,3,2,0.9999624490737915,0.9999774098396301,200
cka_feddst,mnist,0.8,21,results/logs/cka_strength_sweep/mnist_all_20260516_024344/strength_0p9/seed_21/splits/mnist_split_seed21_clients5_alpha0p3_ref200.json,0.9,18,conv2,3,3,1.0,0.9999774098396301,200
cka_feddst,mnist,0.8,21,results/logs/cka_strength_sweep/mnist_all_20260516_024344/strength_0p9/seed_21/splits/mnist_split_seed21_clients5_alpha0p3_ref200.json,0.9,18,conv2,3,4,0.9999845027923584,0.9999774098396301,200
cka_feddst,mnist,0.8,21,results/logs/cka_strength_sweep/mnist_all_20260516_024344/strength_0p9/seed_21/splits/mnist_split_seed21_clients5_alpha0p3_ref200.json,0.9,18,conv2,4,0,0.9999720454216003,0.9999774098396301,200
cka_feddst,mnist,0.8,21,results/logs/cka_strength_sweep/mnist_all_20260516_024344/strength_0p9/seed_21/splits/mnist_split_seed21_clients5_alpha0p3_ref200.json,0.9,18,conv2,4,1,0.9999935626983643,0.9999774098396301,200
cka_feddst,mnist,0.8,21,results/logs/cka_strength_sweep/mnist_all_20260516_024344/strength_0p9/seed_21/splits/mnist_split_seed21_clients5_alpha0p3_ref200.json,0.9,18,conv2,4,2,0.9999927282333374,0.9999774098396301,200
cka_feddst,mnist,0.8,21,results/logs/cka_strength_sweep/mnist_all_20260516_024344/strength_0p9/seed_21/splits/mnist_split_seed21_clients5_alpha0p3_ref200.json,0.9,18,conv2,4,3,0.9999845027923584,0.9999774098396301,200
cka_feddst,mnist,0.8,21,results/logs/cka_strength_sweep/mnist_all_20260516_024344/strength_0p9/seed_21/splits/mnist_split_seed21_clients5_alpha0p3_ref200.json,0.9,18,conv2,4,4,1.0,0.9999774098396301,200
cka_feddst,mnist,0.8,21,results/logs/cka_strength_sweep/mnist_all_20260516_024344/strength_0p9/seed_21/splits/mnist_split_seed21_clients5_alpha0p3_ref200.json,0.9,18,fc1,0,0,1.0,0.9655352830886841,200
cka_feddst,mnist,0.8,21,results/logs/cka_strength_sweep/mnist_all_20260516_024344/strength_0p9/seed_21/splits/mnist_split_seed21_clients5_alpha0p3_ref200.json,0.9,18,fc1,0,1,0.9777548909187317,0.9655352830886841,200
cka_feddst,mnist,0.8,21,results/logs/cka_strength_sweep/mnist_all_20260516_024344/strength_0p9/seed_21/splits/mnist_split_seed21_clients5_alpha0p3_ref200.json,0.9,18,fc1,0,2,0.9699237942695618,0.9655352830886841,200
cka_feddst,mnist,0.8,21,results/logs/cka_strength_sweep/mnist_all_20260516_024344/strength_0p9/seed_21/splits/mnist_split_seed21_clients5_alpha0p3_ref200.json,0.9,18,fc1,0,3,0.959537148475647,0.9655352830886841,200
cka_feddst,mnist,0.8,21,results/logs/cka_strength_sweep/mnist_all_20260516_024344/strength_0p9/seed_21/splits/mnist_split_seed21_clients5_alpha0p3_ref200.json,0.9,18,fc1,0,4,0.9635224938392639,0.9655352830886841,200
cka_feddst,mnist,0.8,21,results/logs/cka_strength_sweep/mnist_all_20260516_024344/strength_0p9/seed_21/splits/mnist_split_seed21_clients5_alpha0p3_ref200.json,0.9,18,fc1,1,0,0.9777548909187317,0.9655352830886841,200
cka_feddst,mnist,0.8,21,results/logs/cka_strength_sweep/mnist_all_20260516_024344/strength_0p9/seed_21/splits/mnist_split_seed21_clients5_alpha0p3_ref200.json,0.9,18,fc1,1,1,1.0,0.9655352830886841,200
cka_feddst,mnist,0.8,21,results/logs/cka_strength_sweep/mnist_all_20260516_024344/strength_0p9/seed_21/splits/mnist_split_seed21_clients5_alpha0p3_ref200.json,0.9,18,fc1,1,2,0.9847137928009033,0.9655352830886841,200
cka_feddst,mnist,0.8,21,results/logs/cka_strength_sweep/mnist_all_20260516_024344/strength_0p9/seed_21/splits/mnist_split_seed21_clients5_alpha0p3_ref200.json,0.9,18,fc1,1,3,0.9577653408050537,0.9655352830886841,200
cka_feddst,mnist,0.8,21,results/logs/cka_strength_sweep/mnist_all_20260516_024344/strength_0p9/seed_21/splits/mnist_split_seed21_clients5_alpha0p3_ref200.json,0.9,18,fc1,1,4,0.9608107209205627,0.9655352830886841,200
cka_feddst,mnist,0.8,21,results/logs/cka_strength_sweep/mnist_all_20260516_024344/strength_0p9/seed_21/splits/mnist_split_seed21_clients5_alpha0p3_ref200.json,0.9,18,fc1,2,0,0.9699237942695618,0.9655352830886841,200
cka_feddst,mnist,0.8,21,results/logs/cka_strength_sweep/mnist_all_20260516_024344/strength_0p9/seed_21/splits/mnist_split_seed21_clients5_alpha0p3_ref200.json,0.9,18,fc1,2,1,0.9847137928009033,0.9655352830886841,200
cka_feddst,mnist,0.8,21,results/logs/cka_strength_sweep/mnist_all_20260516_024344/strength_0p9/seed_21/splits/mnist_split_seed21_clients5_alpha0p3_ref200.json,0.9,18,fc1,2,2,1.0,0.9655352830886841,200
cka_feddst,mnist,0.8,21,results/logs/cka_strength_sweep/mnist_all_20260516_024344/strength_0p9/seed_21/splits/mnist_split_seed21_clients5_alpha0p3_ref200.json,0.9,18,fc1,2,3,0.9603250026702881,0.9655352830886841,200
cka_feddst,mnist,0.8,21,results/logs/cka_strength_sweep/mnist_all_20260516_024344/strength_0p9/seed_21/splits/mnist_split_seed21_clients5_alpha0p3_ref200.json,0.9,18,fc1,2,4,0.9613206386566162,0.9655352830886841,200
cka_feddst,mnist,0.8,21,results/logs/cka_strength_sweep/mnist_all_20260516_024344/strength_0p9/seed_21/splits/mnist_split_seed21_clients5_alpha0p3_ref200.json,0.9,18,fc1,3,0,0.959537148475647,0.9655352830886841,200
cka_feddst,mnist,0.8,21,results/logs/cka_strength_sweep/mnist_all_20260516_024344/strength_0p9/seed_21/splits/mnist_split_seed21_clients5_alpha0p3_ref200.json,0.9,18,fc1,3,1,0.9577653408050537,0.9655352830886841,200
cka_feddst,mnist,0.8,21,results/logs/cka_strength_sweep/mnist_all_20260516_024344/strength_0p9/seed_21/splits/mnist_split_seed21_clients5_alpha0p3_ref200.json,0.9,18,fc1,3,2,0.9603250026702881,0.9655352830886841,200
cka_feddst,mnist,0.8,21,results/logs/cka_strength_sweep/mnist_all_20260516_024344/strength_0p9/seed_21/splits/mnist_split_seed21_clients5_alpha0p3_ref200.json,0.9,18,fc1,3,3,1.0,0.9655352830886841,200
cka_feddst,mnist,0.8,21,results/logs/cka_strength_sweep/mnist_all_20260516_024344/strength_0p9/seed_21/splits/mnist_split_seed21_clients5_alpha0p3_ref200.json,0.9,18,fc1,3,4,0.9596788287162781,0.9655352830886841,200
cka_feddst,mnist,0.8,21,results/logs/cka_strength_sweep/mnist_all_20260516_024344/strength_0p9/seed_21/splits/mnist_split_seed21_clients5_alpha0p3_ref200.json,0.9,18,fc1,4,0,0.9635224938392639,0.9655352830886841,200
cka_feddst,mnist,0.8,21,results/logs/cka_strength_sweep/mnist_all_20260516_024344/strength_0p9/seed_21/splits/mnist_split_seed21_clients5_alpha0p3_ref200.json,0.9,18,fc1,4,1,0.9608107209205627,0.9655352830886841,200
cka_feddst,mnist,0.8,21,results/logs/cka_strength_sweep/mnist_all_20260516_024344/strength_0p9/seed_21/splits/mnist_split_seed21_clients5_alpha0p3_ref200.json,0.9,18,fc1,4,2,0.9613206386566162,0.9655352830886841,200
cka_feddst,mnist,0.8,21,results/logs/cka_strength_sweep/mnist_all_20260516_024344/strength_0p9/seed_21/splits/mnist_split_seed21_clients5_alpha0p3_ref200.json,0.9,18,fc1,4,3,0.9596788287162781,0.9655352830886841,200
cka_feddst,mnist,0.8,21,results/logs/cka_strength_sweep/mnist_all_20260516_024344/strength_0p9/seed_21/splits/mnist_split_seed21_clients5_alpha0p3_ref200.json,0.9,18,fc1,4,4,1.0,0.9655352830886841,200
cka_feddst,mnist,0.8,21,results/logs/cka_strength_sweep/mnist_all_20260516_024344/strength_0p9/seed_21/splits/mnist_split_seed21_clients5_alpha0p3_ref200.json,0.9,20,conv1,0,0,1.0,0.9999987483024597,200
cka_feddst,mnist,0.8,21,results/logs/cka_strength_sweep/mnist_all_20260516_024344/strength_0p9/seed_21/splits/mnist_split_seed21_clients5_alpha0p3_ref200.json,0.9,20,conv1,0,1,1.0,0.9999987483024597,200
cka_feddst,mnist,0.8,21,results/logs/cka_strength_sweep/mnist_all_20260516_024344/strength_0p9/seed_21/splits/mnist_split_seed21_clients5_alpha0p3_ref200.json,0.9,20,conv1,0,2,0.9999995827674866,0.9999987483024597,200
cka_feddst,mnist,0.8,21,results/logs/cka_strength_sweep/mnist_all_20260516_024344/strength_0p9/seed_21/splits/mnist_split_seed21_clients5_alpha0p3_ref200.json,0.9,20,conv1,0,3,0.9999955296516418,0.9999987483024597,200
cka_feddst,mnist,0.8,21,results/logs/cka_strength_sweep/mnist_all_20260516_024344/strength_0p9/seed_21/splits/mnist_split_seed21_clients5_alpha0p3_ref200.json,0.9,20,conv1,0,4,0.9999988079071045,0.9999987483024597,200
cka_feddst,mnist,0.8,21,results/logs/cka_strength_sweep/mnist_all_20260516_024344/strength_0p9/seed_21/splits/mnist_split_seed21_clients5_alpha0p3_ref200.json,0.9,20,conv1,1,0,1.0,0.9999987483024597,200
cka_feddst,mnist,0.8,21,results/logs/cka_strength_sweep/mnist_all_20260516_024344/strength_0p9/seed_21/splits/mnist_split_seed21_clients5_alpha0p3_ref200.json,0.9,20,conv1,1,1,1.0,0.9999987483024597,200
cka_feddst,mnist,0.8,21,results/logs/cka_strength_sweep/mnist_all_20260516_024344/strength_0p9/seed_21/splits/mnist_split_seed21_clients5_alpha0p3_ref200.json,0.9,20,conv1,1,2,1.0,0.9999987483024597,200
cka_feddst,mnist,0.8,21,results/logs/cka_strength_sweep/mnist_all_20260516_024344/strength_0p9/seed_21/splits/mnist_split_seed21_clients5_alpha0p3_ref200.json,0.9,20,conv1,1,3,0.9999978542327881,0.9999987483024597,200
cka_feddst,mnist,0.8,21,results/logs/cka_strength_sweep/mnist_all_20260516_024344/strength_0p9/seed_21/splits/mnist_split_seed21_clients5_alpha0p3_ref200.json,0.9,20,conv1,1,4,1.0,0.9999987483024597,200
cka_feddst,mnist,0.8,21,results/logs/cka_strength_sweep/mnist_all_20260516_024344/strength_0p9/seed_21/splits/mnist_split_seed21_clients5_alpha0p3_ref200.json,0.9,20,conv1,2,0,0.9999995827674866,0.9999987483024597,200
cka_feddst,mnist,0.8,21,results/logs/cka_strength_sweep/mnist_all_20260516_024344/strength_0p9/seed_21/splits/mnist_split_seed21_clients5_alpha0p3_ref200.json,0.9,20,conv1,2,1,1.0,0.9999987483024597,200
cka_feddst,mnist,0.8,21,results/logs/cka_strength_sweep/mnist_all_20260516_024344/strength_0p9/seed_21/splits/mnist_split_seed21_clients5_alpha0p3_ref200.json,0.9,20,conv1,2,2,1.0,0.9999987483024597,200
cka_feddst,mnist,0.8,21,results/logs/cka_strength_sweep/mnist_all_20260516_024344/strength_0p9/seed_21/splits/mnist_split_seed21_clients5_alpha0p3_ref200.json,0.9,20,conv1,2,3,0.9999973177909851,0.9999987483024597,200
cka_feddst,mnist,0.8,21,results/logs/cka_strength_sweep/mnist_all_20260516_024344/strength_0p9/seed_21/splits/mnist_split_seed21_clients5_alpha0p3_ref200.json,0.9,20,conv1,2,4,0.9999998211860657,0.9999987483024597,200
cka_feddst,mnist,0.8,21,results/logs/cka_strength_sweep/mnist_all_20260516_024344/strength_0p9/seed_21/splits/mnist_split_seed21_clients5_alpha0p3_ref200.json,0.9,20,conv1,3,0,0.9999955296516418,0.9999987483024597,200
cka_feddst,mnist,0.8,21,results/logs/cka_strength_sweep/mnist_all_20260516_024344/strength_0p9/seed_21/splits/mnist_split_seed21_clients5_alpha0p3_ref200.json,0.9,20,conv1,3,1,0.9999978542327881,0.9999987483024597,200
cka_feddst,mnist,0.8,21,results/logs/cka_strength_sweep/mnist_all_20260516_024344/strength_0p9/seed_21/splits/mnist_split_seed21_clients5_alpha0p3_ref200.json,0.9,20,conv1,3,2,0.9999973177909851,0.9999987483024597,200
cka_feddst,mnist,0.8,21,results/logs/cka_strength_sweep/mnist_all_20260516_024344/strength_0p9/seed_21/splits/mnist_split_seed21_clients5_alpha0p3_ref200.json,0.9,20,conv1,3,3,1.0,0.9999987483024597,200
cka_feddst,mnist,0.8,21,results/logs/cka_strength_sweep/mnist_all_20260516_024344/strength_0p9/seed_21/splits/mnist_split_seed21_clients5_alpha0p3_ref200.json,0.9,20,conv1,3,4,0.9999989867210388,0.9999987483024597,200
cka_feddst,mnist,0.8,21,results/logs/cka_strength_sweep/mnist_all_20260516_024344/strength_0p9/seed_21/splits/mnist_split_seed21_clients5_alpha0p3_ref200.json,0.9,20,conv1,4,0,0.9999988079071045,0.9999987483024597,200
cka_feddst,mnist,0.8,21,results/logs/cka_strength_sweep/mnist_all_20260516_024344/strength_0p9/seed_21/splits/mnist_split_seed21_clients5_alpha0p3_ref200.json,0.9,20,conv1,4,1,1.0,0.9999987483024597,200
cka_feddst,mnist,0.8,21,results/logs/cka_strength_sweep/mnist_all_20260516_024344/strength_0p9/seed_21/splits/mnist_split_seed21_clients5_alpha0p3_ref200.json,0.9,20,conv1,4,2,0.9999998211860657,0.9999987483024597,200
cka_feddst,mnist,0.8,21,results/logs/cka_strength_sweep/mnist_all_20260516_024344/strength_0p9/seed_21/splits/mnist_split_seed21_clients5_alpha0p3_ref200.json,0.9,20,conv1,4,3,0.9999989867210388,0.9999987483024597,200
cka_feddst,mnist,0.8,21,results/logs/cka_strength_sweep/mnist_all_20260516_024344/strength_0p9/seed_21/splits/mnist_split_seed21_clients5_alpha0p3_ref200.json,0.9,20,conv1,4,4,1.0,0.9999987483024597,200
cka_feddst,mnist,0.8,21,results/logs/cka_strength_sweep/mnist_all_20260516_024344/strength_0p9/seed_21/splits/mnist_split_seed21_clients5_alpha0p3_ref200.json,0.9,20,conv2,0,0,1.0,0.9999674558639526,200
cka_feddst,mnist,0.8,21,results/logs/cka_strength_sweep/mnist_all_20260516_024344/strength_0p9/seed_21/splits/mnist_split_seed21_clients5_alpha0p3_ref200.json,0.9,20,conv2,0,1,0.9999542832374573,0.9999674558639526,200
cka_feddst,mnist,0.8,21,results/logs/cka_strength_sweep/mnist_all_20260516_024344/strength_0p9/seed_21/splits/mnist_split_seed21_clients5_alpha0p3_ref200.json,0.9,20,conv2,0,2,0.9999622106552124,0.9999674558639526,200
cka_feddst,mnist,0.8,21,results/logs/cka_strength_sweep/mnist_all_20260516_024344/strength_0p9/seed_21/splits/mnist_split_seed21_clients5_alpha0p3_ref200.json,0.9,20,conv2,0,3,0.9999188780784607,0.9999674558639526,200
cka_feddst,mnist,0.8,21,results/logs/cka_strength_sweep/mnist_all_20260516_024344/strength_0p9/seed_21/splits/mnist_split_seed21_clients5_alpha0p3_ref200.json,0.9,20,conv2,0,4,0.9999529123306274,0.9999674558639526,200
cka_feddst,mnist,0.8,21,results/logs/cka_strength_sweep/mnist_all_20260516_024344/strength_0p9/seed_21/splits/mnist_split_seed21_clients5_alpha0p3_ref200.json,0.9,20,conv2,1,0,0.9999542832374573,0.9999674558639526,200
cka_feddst,mnist,0.8,21,results/logs/cka_strength_sweep/mnist_all_20260516_024344/strength_0p9/seed_21/splits/mnist_split_seed21_clients5_alpha0p3_ref200.json,0.9,20,conv2,1,1,1.0,0.9999674558639526,200
cka_feddst,mnist,0.8,21,results/logs/cka_strength_sweep/mnist_all_20260516_024344/strength_0p9/seed_21/splits/mnist_split_seed21_clients5_alpha0p3_ref200.json,0.9,20,conv2,1,2,0.9999988675117493,0.9999674558639526,200
cka_feddst,mnist,0.8,21,results/logs/cka_strength_sweep/mnist_all_20260516_024344/strength_0p9/seed_21/splits/mnist_split_seed21_clients5_alpha0p3_ref200.json,0.9,20,conv2,1,3,0.9999595880508423,0.9999674558639526,200
cka_feddst,mnist,0.8,21,results/logs/cka_strength_sweep/mnist_all_20260516_024344/strength_0p9/seed_21/splits/mnist_split_seed21_clients5_alpha0p3_ref200.json,0.9,20,conv2,1,4,0.9999927282333374,0.9999674558639526,200
cka_feddst,mnist,0.8,21,results/logs/cka_strength_sweep/mnist_all_20260516_024344/strength_0p9/seed_21/splits/mnist_split_seed21_clients5_alpha0p3_ref200.json,0.9,20,conv2,2,0,0.9999622106552124,0.9999674558639526,200
cka_feddst,mnist,0.8,21,results/logs/cka_strength_sweep/mnist_all_20260516_024344/strength_0p9/seed_21/splits/mnist_split_seed21_clients5_alpha0p3_ref200.json,0.9,20,conv2,2,1,0.9999988675117493,0.9999674558639526,200
cka_feddst,mnist,0.8,21,results/logs/cka_strength_sweep/mnist_all_20260516_024344/strength_0p9/seed_21/splits/mnist_split_seed21_clients5_alpha0p3_ref200.json,0.9,20,conv2,2,2,1.0,0.9999674558639526,200
cka_feddst,mnist,0.8,21,results/logs/cka_strength_sweep/mnist_all_20260516_024344/strength_0p9/seed_21/splits/mnist_split_seed21_clients5_alpha0p3_ref200.json,0.9,20,conv2,2,3,0.9999597072601318,0.9999674558639526,200
cka_feddst,mnist,0.8,21,results/logs/cka_strength_sweep/mnist_all_20260516_024344/strength_0p9/seed_21/splits/mnist_split_seed21_clients5_alpha0p3_ref200.json,0.9,20,conv2,2,4,0.9999919533729553,0.9999674558639526,200
cka_feddst,mnist,0.8,21,results/logs/cka_strength_sweep/mnist_all_20260516_024344/strength_0p9/seed_21/splits/mnist_split_seed21_clients5_alpha0p3_ref200.json,0.9,20,conv2,3,0,0.9999188780784607,0.9999674558639526,200
cka_feddst,mnist,0.8,21,results/logs/cka_strength_sweep/mnist_all_20260516_024344/strength_0p9/seed_21/splits/mnist_split_seed21_clients5_alpha0p3_ref200.json,0.9,20,conv2,3,1,0.9999595880508423,0.9999674558639526,200
cka_feddst,mnist,0.8,21,results/logs/cka_strength_sweep/mnist_all_20260516_024344/strength_0p9/seed_21/splits/mnist_split_seed21_clients5_alpha0p3_ref200.json,0.9,20,conv2,3,2,0.9999597072601318,0.9999674558639526,200
cka_feddst,mnist,0.8,21,results/logs/cka_strength_sweep/mnist_all_20260516_024344/strength_0p9/seed_21/splits/mnist_split_seed21_clients5_alpha0p3_ref200.json,0.9,20,conv2,3,3,1.0,0.9999674558639526,200
cka_feddst,mnist,0.8,21,results/logs/cka_strength_sweep/mnist_all_20260516_024344/strength_0p9/seed_21/splits/mnist_split_seed21_clients5_alpha0p3_ref200.json,0.9,20,conv2,3,4,0.9999837875366211,0.9999674558639526,200
cka_feddst,mnist,0.8,21,results/logs/cka_strength_sweep/mnist_all_20260516_024344/strength_0p9/seed_21/splits/mnist_split_seed21_clients5_alpha0p3_ref200.json,0.9,20,conv2,4,0,0.9999529123306274,0.9999674558639526,200
cka_feddst,mnist,0.8,21,results/logs/cka_strength_sweep/mnist_all_20260516_024344/strength_0p9/seed_21/splits/mnist_split_seed21_clients5_alpha0p3_ref200.json,0.9,20,conv2,4,1,0.9999927282333374,0.9999674558639526,200
cka_feddst,mnist,0.8,21,results/logs/cka_strength_sweep/mnist_all_20260516_024344/strength_0p9/seed_21/splits/mnist_split_seed21_clients5_alpha0p3_ref200.json,0.9,20,conv2,4,2,0.9999919533729553,0.9999674558639526,200
cka_feddst,mnist,0.8,21,results/logs/cka_strength_sweep/mnist_all_20260516_024344/strength_0p9/seed_21/splits/mnist_split_seed21_clients5_alpha0p3_ref200.json,0.9,20,conv2,4,3,0.9999837875366211,0.9999674558639526,200
cka_feddst,mnist,0.8,21,results/logs/cka_strength_sweep/mnist_all_20260516_024344/strength_0p9/seed_21/splits/mnist_split_seed21_clients5_alpha0p3_ref200.json,0.9,20,conv2,4,4,1.0,0.9999674558639526,200
cka_feddst,mnist,0.8,21,results/logs/cka_strength_sweep/mnist_all_20260516_024344/strength_0p9/seed_21/splits/mnist_split_seed21_clients5_alpha0p3_ref200.json,0.9,20,fc1,0,0,1.0,0.9716178178787231,200
cka_feddst,mnist,0.8,21,results/logs/cka_strength_sweep/mnist_all_20260516_024344/strength_0p9/seed_21/splits/mnist_split_seed21_clients5_alpha0p3_ref200.json,0.9,20,fc1,0,1,0.9830322265625,0.9716178178787231,200
cka_feddst,mnist,0.8,21,results/logs/cka_strength_sweep/mnist_all_20260516_024344/strength_0p9/seed_21/splits/mnist_split_seed21_clients5_alpha0p3_ref200.json,0.9,20,fc1,0,2,0.973059892654419,0.9716178178787231,200
cka_feddst,mnist,0.8,21,results/logs/cka_strength_sweep/mnist_all_20260516_024344/strength_0p9/seed_21/splits/mnist_split_seed21_clients5_alpha0p3_ref200.json,0.9,20,fc1,0,3,0.9710809588432312,0.9716178178787231,200
cka_feddst,mnist,0.8,21,results/logs/cka_strength_sweep/mnist_all_20260516_024344/strength_0p9/seed_21/splits/mnist_split_seed21_clients5_alpha0p3_ref200.json,0.9,20,fc1,0,4,0.9687170386314392,0.9716178178787231,200
cka_feddst,mnist,0.8,21,results/logs/cka_strength_sweep/mnist_all_20260516_024344/strength_0p9/seed_21/splits/mnist_split_seed21_clients5_alpha0p3_ref200.json,0.9,20,fc1,1,0,0.9830322265625,0.9716178178787231,200
cka_feddst,mnist,0.8,21,results/logs/cka_strength_sweep/mnist_all_20260516_024344/strength_0p9/seed_21/splits/mnist_split_seed21_clients5_alpha0p3_ref200.json,0.9,20,fc1,1,1,1.0,0.9716178178787231,200
cka_feddst,mnist,0.8,21,results/logs/cka_strength_sweep/mnist_all_20260516_024344/strength_0p9/seed_21/splits/mnist_split_seed21_clients5_alpha0p3_ref200.json,0.9,20,fc1,1,2,0.9858984351158142,0.9716178178787231,200
cka_feddst,mnist,0.8,21,results/logs/cka_strength_sweep/mnist_all_20260516_024344/strength_0p9/seed_21/splits/mnist_split_seed21_clients5_alpha0p3_ref200.json,0.9,20,fc1,1,3,0.9635158181190491,0.9716178178787231,200
cka_feddst,mnist,0.8,21,results/logs/cka_strength_sweep/mnist_all_20260516_024344/strength_0p9/seed_21/splits/mnist_split_seed21_clients5_alpha0p3_ref200.json,0.9,20,fc1,1,4,0.9698547124862671,0.9716178178787231,200
cka_feddst,mnist,0.8,21,results/logs/cka_strength_sweep/mnist_all_20260516_024344/strength_0p9/seed_21/splits/mnist_split_seed21_clients5_alpha0p3_ref200.json,0.9,20,fc1,2,0,0.973059892654419,0.9716178178787231,200
cka_feddst,mnist,0.8,21,results/logs/cka_strength_sweep/mnist_all_20260516_024344/strength_0p9/seed_21/splits/mnist_split_seed21_clients5_alpha0p3_ref200.json,0.9,20,fc1,2,1,0.9858984351158142,0.9716178178787231,200
cka_feddst,mnist,0.8,21,results/logs/cka_strength_sweep/mnist_all_20260516_024344/strength_0p9/seed_21/splits/mnist_split_seed21_clients5_alpha0p3_ref200.json,0.9,20,fc1,2,2,1.0,0.9716178178787231,200
cka_feddst,mnist,0.8,21,results/logs/cka_strength_sweep/mnist_all_20260516_024344/strength_0p9/seed_21/splits/mnist_split_seed21_clients5_alpha0p3_ref200.json,0.9,20,fc1,2,3,0.9555274844169617,0.9716178178787231,200
cka_feddst,mnist,0.8,21,results/logs/cka_strength_sweep/mnist_all_20260516_024344/strength_0p9/seed_21/splits/mnist_split_seed21_clients5_alpha0p3_ref200.json,0.9,20,fc1,2,4,0.9720740914344788,0.9716178178787231,200
cka_feddst,mnist,0.8,21,results/logs/cka_strength_sweep/mnist_all_20260516_024344/strength_0p9/seed_21/splits/mnist_split_seed21_clients5_alpha0p3_ref200.json,0.9,20,fc1,3,0,0.9710809588432312,0.9716178178787231,200
cka_feddst,mnist,0.8,21,results/logs/cka_strength_sweep/mnist_all_20260516_024344/strength_0p9/seed_21/splits/mnist_split_seed21_clients5_alpha0p3_ref200.json,0.9,20,fc1,3,1,0.9635158181190491,0.9716178178787231,200
cka_feddst,mnist,0.8,21,results/logs/cka_strength_sweep/mnist_all_20260516_024344/strength_0p9/seed_21/splits/mnist_split_seed21_clients5_alpha0p3_ref200.json,0.9,20,fc1,3,2,0.9555274844169617,0.9716178178787231,200
cka_feddst,mnist,0.8,21,results/logs/cka_strength_sweep/mnist_all_20260516_024344/strength_0p9/seed_21/splits/mnist_split_seed21_clients5_alpha0p3_ref200.json,0.9,20,fc1,3,3,1.0,0.9716178178787231,200
cka_feddst,mnist,0.8,21,results/logs/cka_strength_sweep/mnist_all_20260516_024344/strength_0p9/seed_21/splits/mnist_split_seed21_clients5_alpha0p3_ref200.json,0.9,20,fc1,3,4,0.9734178781509399,0.9716178178787231,200
cka_feddst,mnist,0.8,21,results/logs/cka_strength_sweep/mnist_all_20260516_024344/strength_0p9/seed_21/splits/mnist_split_seed21_clients5_alpha0p3_ref200.json,0.9,20,fc1,4,0,0.9687170386314392,0.9716178178787231,200
cka_feddst,mnist,0.8,21,results/logs/cka_strength_sweep/mnist_all_20260516_024344/strength_0p9/seed_21/splits/mnist_split_seed21_clients5_alpha0p3_ref200.json,0.9,20,fc1,4,1,0.9698547124862671,0.9716178178787231,200
cka_feddst,mnist,0.8,21,results/logs/cka_strength_sweep/mnist_all_20260516_024344/strength_0p9/seed_21/splits/mnist_split_seed21_clients5_alpha0p3_ref200.json,0.9,20,fc1,4,2,0.9720740914344788,0.9716178178787231,200
cka_feddst,mnist,0.8,21,results/logs/cka_strength_sweep/mnist_all_20260516_024344/strength_0p9/seed_21/splits/mnist_split_seed21_clients5_alpha0p3_ref200.json,0.9,20,fc1,4,3,0.9734178781509399,0.9716178178787231,200
cka_feddst,mnist,0.8,21,results/logs/cka_strength_sweep/mnist_all_20260516_024344/strength_0p9/seed_21/splits/mnist_split_seed21_clients5_alpha0p3_ref200.json,0.9,20,fc1,4,4,1.0,0.9716178178787231,200
