method,dataset,sparsity,seed,split_manifest_path,cka_strength,cka_signal,round,layer,client_i,client_j,cka,average_layer_cka,num_reference_samples
cka_feddst,cifar10,0.8,100,results/logs/cka_strength_sweep/cifar10_drift_all/strength_1p0/seed_100/splits/cifar10_split_seed100_clients5_alpha0p3_ref500.json,1.0,drift,2,conv1,0,0,1.0,1.0,500
cka_feddst,cifar10,0.8,100,results/logs/cka_strength_sweep/cifar10_drift_all/strength_1p0/seed_100/splits/cifar10_split_seed100_clients5_alpha0p3_ref500.json,1.0,drift,2,conv1,0,1,1.0,1.0,500
cka_feddst,cifar10,0.8,100,results/logs/cka_strength_sweep/cifar10_drift_all/strength_1p0/seed_100/splits/cifar10_split_seed100_clients5_alpha0p3_ref500.json,1.0,drift,2,conv1,0,2,1.0,1.0,500
cka_feddst,cifar10,0.8,100,results/logs/cka_strength_sweep/cifar10_drift_all/strength_1p0/seed_100/splits/cifar10_split_seed100_clients5_alpha0p3_ref500.json,1.0,drift,2,conv1,0,3,1.0,1.0,500
cka_feddst,cifar10,0.8,100,results/logs/cka_strength_sweep/cifar10_drift_all/strength_1p0/seed_100/splits/cifar10_split_seed100_clients5_alpha0p3_ref500.json,1.0,drift,2,conv1,0,4,1.0,1.0,500
cka_feddst,cifar10,0.8,100,results/logs/cka_strength_sweep/cifar10_drift_all/strength_1p0/seed_100/splits/cifar10_split_seed100_clients5_alpha0p3_ref500.json,1.0,drift,2,conv1,1,0,1.0,1.0,500
cka_feddst,cifar10,0.8,100,results/logs/cka_strength_sweep/cifar10_drift_all/strength_1p0/seed_100/splits/cifar10_split_seed100_clients5_alpha0p3_ref500.json,1.0,drift,2,conv1,1,1,1.0,1.0,500
cka_feddst,cifar10,0.8,100,results/logs/cka_strength_sweep/cifar10_drift_all/strength_1p0/seed_100/splits/cifar10_split_seed100_clients5_alpha0p3_ref500.json,1.0,drift,2,conv1,1,2,1.0,1.0,500
cka_feddst,cifar10,0.8,100,results/logs/cka_strength_sweep/cifar10_drift_all/strength_1p0/seed_100/splits/cifar10_split_seed100_clients5_alpha0p3_ref500.json,1.0,drift,2,conv1,1,3,1.0,1.0,500
cka_feddst,cifar10,0.8,100,results/logs/cka_strength_sweep/cifar10_drift_all/strength_1p0/seed_100/splits/cifar10_split_seed100_clients5_alpha0p3_ref500.json,1.0,drift,2,conv1,1,4,1.0,1.0,500
cka_feddst,cifar10,0.8,100,results/logs/cka_strength_sweep/cifar10_drift_all/strength_1p0/seed_100/splits/cifar10_split_seed100_clients5_alpha0p3_ref500.json,1.0,drift,2,conv1,2,0,1.0,1.0,500
cka_feddst,cifar10,0.8,100,results/logs/cka_strength_sweep/cifar10_drift_all/strength_1p0/seed_100/splits/cifar10_split_seed100_clients5_alpha0p3_ref500.json,1.0,drift,2,conv1,2,1,1.0,1.0,500
cka_feddst,cifar10,0.8,100,results/logs/cka_strength_sweep/cifar10_drift_all/strength_1p0/seed_100/splits/cifar10_split_seed100_clients5_alpha0p3_ref500.json,1.0,drift,2,conv1,2,2,1.0,1.0,500
cka_feddst,cifar10,0.8,100,results/logs/cka_strength_sweep/cifar10_drift_all/strength_1p0/seed_100/splits/cifar10_split_seed100_clients5_alpha0p3_ref500.json,1.0,drift,2,conv1,2,3,1.0,1.0,500
cka_feddst,cifar10,0.8,100,results/logs/cka_strength_sweep/cifar10_drift_all/strength_1p0/seed_100/splits/cifar10_split_seed100_clients5_alpha0p3_ref500.json,1.0,drift,2,conv1,2,4,1.0,1.0,500
cka_feddst,cifar10,0.8,100,results/logs/cka_strength_sweep/cifar10_drift_all/strength_1p0/seed_100/splits/cifar10_split_seed100_clients5_alpha0p3_ref500.json,1.0,drift,2,conv1,3,0,1.0,1.0,500
cka_feddst,cifar10,0.8,100,results/logs/cka_strength_sweep/cifar10_drift_all/strength_1p0/seed_100/splits/cifar10_split_seed100_clients5_alpha0p3_ref500.json,1.0,drift,2,conv1,3,1,1.0,1.0,500
cka_feddst,cifar10,0.8,100,results/logs/cka_strength_sweep/cifar10_drift_all/strength_1p0/seed_100/splits/cifar10_split_seed100_clients5_alpha0p3_ref500.json,1.0,drift,2,conv1,3,2,1.0,1.0,500
cka_feddst,cifar10,0.8,100,results/logs/cka_strength_sweep/cifar10_drift_all/strength_1p0/seed_100/splits/cifar10_split_seed100_clients5_alpha0p3_ref500.json,1.0,drift,2,conv1,3,3,1.0,1.0,500
cka_feddst,cifar10,0.8,100,results/logs/cka_strength_sweep/cifar10_drift_all/strength_1p0/seed_100/splits/cifar10_split_seed100_clients5_alpha0p3_ref500.json,1.0,drift,2,conv1,3,4,1.0,1.0,500
cka_feddst,cifar10,0.8,100,results/logs/cka_strength_sweep/cifar10_drift_all/strength_1p0/seed_100/splits/cifar10_split_seed100_clients5_alpha0p3_ref500.json,1.0,drift,2,conv1,4,0,1.0,1.0,500
cka_feddst,cifar10,0.8,100,results/logs/cka_strength_sweep/cifar10_drift_all/strength_1p0/seed_100/splits/cifar10_split_seed100_clients5_alpha0p3_ref500.json,1.0,drift,2,conv1,4,1,1.0,1.0,500
cka_feddst,cifar10,0.8,100,results/logs/cka_strength_sweep/cifar10_drift_all/strength_1p0/seed_100/splits/cifar10_split_seed100_clients5_alpha0p3_ref500.json,1.0,drift,2,conv1,4,2,1.0,1.0,500
cka_feddst,cifar10,0.8,100,results/logs/cka_strength_sweep/cifar10_drift_all/strength_1p0/seed_100/splits/cifar10_split_seed100_clients5_alpha0p3_ref500.json,1.0,drift,2,conv1,4,3,1.0,1.0,500
cka_feddst,cifar10,0.8,100,results/logs/cka_strength_sweep/cifar10_drift_all/strength_1p0/seed_100/splits/cifar10_split_seed100_clients5_alpha0p3_ref500.json,1.0,drift,2,conv1,4,4,1.0,1.0,500
cka_feddst,cifar10,0.8,100,results/logs/cka_strength_sweep/cifar10_drift_all/strength_1p0/seed_100/splits/cifar10_split_seed100_clients5_alpha0p3_ref500.json,1.0,drift,2,conv2,0,0,1.0,0.9999957084655762,500
cka_feddst,cifar10,0.8,100,results/logs/cka_strength_sweep/cifar10_drift_all/strength_1p0/seed_100/splits/cifar10_split_seed100_clients5_alpha0p3_ref500.json,1.0,drift,2,conv2,0,1,0.9999899864196777,0.9999957084655762,500
cka_feddst,cifar10,0.8,100,results/logs/cka_strength_sweep/cifar10_drift_all/strength_1p0/seed_100/splits/cifar10_split_seed100_clients5_alpha0p3_ref500.json,1.0,drift,2,conv2,0,2,0.9999896287918091,0.9999957084655762,500
cka_feddst,cifar10,0.8,100,results/logs/cka_strength_sweep/cifar10_drift_all/strength_1p0/seed_100/splits/cifar10_split_seed100_clients5_alpha0p3_ref500.json,1.0,drift,2,conv2,0,3,1.0,0.9999957084655762,500
cka_feddst,cifar10,0.8,100,results/logs/cka_strength_sweep/cifar10_drift_all/strength_1p0/seed_100/splits/cifar10_split_seed100_clients5_alpha0p3_ref500.json,1.0,drift,2,conv2,0,4,0.9999933838844299,0.9999957084655762,500
cka_feddst,cifar10,0.8,100,results/logs/cka_strength_sweep/cifar10_drift_all/strength_1p0/seed_100/splits/cifar10_split_seed100_clients5_alpha0p3_ref500.json,1.0,drift,2,conv2,1,0,0.9999899864196777,0.9999957084655762,500
cka_feddst,cifar10,0.8,100,results/logs/cka_strength_sweep/cifar10_drift_all/strength_1p0/seed_100/splits/cifar10_split_seed100_clients5_alpha0p3_ref500.json,1.0,drift,2,conv2,1,1,1.0,0.9999957084655762,500
cka_feddst,cifar10,0.8,100,results/logs/cka_strength_sweep/cifar10_drift_all/strength_1p0/seed_100/splits/cifar10_split_seed100_clients5_alpha0p3_ref500.json,1.0,drift,2,conv2,1,2,0.9999975562095642,0.9999957084655762,500
cka_feddst,cifar10,0.8,100,results/logs/cka_strength_sweep/cifar10_drift_all/strength_1p0/seed_100/splits/cifar10_split_seed100_clients5_alpha0p3_ref500.json,1.0,drift,2,conv2,1,3,0.9999920725822449,0.9999957084655762,500
cka_feddst,cifar10,0.8,100,results/logs/cka_strength_sweep/cifar10_drift_all/strength_1p0/seed_100/splits/cifar10_split_seed100_clients5_alpha0p3_ref500.json,1.0,drift,2,conv2,1,4,1.0,0.9999957084655762,500
cka_feddst,cifar10,0.8,100,results/logs/cka_strength_sweep/cifar10_drift_all/strength_1p0/seed_100/splits/cifar10_split_seed100_clients5_alpha0p3_ref500.json,1.0,drift,2,conv2,2,0,0.9999896287918091,0.9999957084655762,500
cka_feddst,cifar10,0.8,100,results/logs/cka_strength_sweep/cifar10_drift_all/strength_1p0/seed_100/splits/cifar10_split_seed100_clients5_alpha0p3_ref500.json,1.0,drift,2,conv2,2,1,0.9999975562095642,0.9999957084655762,500
cka_feddst,cifar10,0.8,100,results/logs/cka_strength_sweep/cifar10_drift_all/strength_1p0/seed_100/splits/cifar10_split_seed100_clients5_alpha0p3_ref500.json,1.0,drift,2,conv2,2,2,1.0,0.9999957084655762,500
cka_feddst,cifar10,0.8,100,results/logs/cka_strength_sweep/cifar10_drift_all/strength_1p0/seed_100/splits/cifar10_split_seed100_clients5_alpha0p3_ref500.json,1.0,drift,2,conv2,2,3,0.9999969005584717,0.9999957084655762,500
cka_feddst,cifar10,0.8,100,results/logs/cka_strength_sweep/cifar10_drift_all/strength_1p0/seed_100/splits/cifar10_split_seed100_clients5_alpha0p3_ref500.json,1.0,drift,2,conv2,2,4,1.0,0.9999957084655762,500
cka_feddst,cifar10,0.8,100,results/logs/cka_strength_sweep/cifar10_drift_all/strength_1p0/seed_100/splits/cifar10_split_seed100_clients5_alpha0p3_ref500.json,1.0,drift,2,conv2,3,0,1.0,0.9999957084655762,500
cka_feddst,cifar10,0.8,100,results/logs/cka_strength_sweep/cifar10_drift_all/strength_1p0/seed_100/splits/cifar10_split_seed100_clients5_alpha0p3_ref500.json,1.0,drift,2,conv2,3,1,0.9999920725822449,0.9999957084655762,500
cka_feddst,cifar10,0.8,100,results/logs/cka_strength_sweep/cifar10_drift_all/strength_1p0/seed_100/splits/cifar10_split_seed100_clients5_alpha0p3_ref500.json,1.0,drift,2,conv2,3,2,0.9999969005584717,0.9999957084655762,500
cka_feddst,cifar10,0.8,100,results/logs/cka_strength_sweep/cifar10_drift_all/strength_1p0/seed_100/splits/cifar10_split_seed100_clients5_alpha0p3_ref500.json,1.0,drift,2,conv2,3,3,1.0,0.9999957084655762,500
cka_feddst,cifar10,0.8,100,results/logs/cka_strength_sweep/cifar10_drift_all/strength_1p0/seed_100/splits/cifar10_split_seed100_clients5_alpha0p3_ref500.json,1.0,drift,2,conv2,3,4,0.9999969601631165,0.9999957084655762,500
cka_feddst,cifar10,0.8,100,results/logs/cka_strength_sweep/cifar10_drift_all/strength_1p0/seed_100/splits/cifar10_split_seed100_clients5_alpha0p3_ref500.json,1.0,drift,2,conv2,4,0,0.9999933838844299,0.9999957084655762,500
cka_feddst,cifar10,0.8,100,results/logs/cka_strength_sweep/cifar10_drift_all/strength_1p0/seed_100/splits/cifar10_split_seed100_clients5_alpha0p3_ref500.json,1.0,drift,2,conv2,4,1,1.0,0.9999957084655762,500
cka_feddst,cifar10,0.8,100,results/logs/cka_strength_sweep/cifar10_drift_all/strength_1p0/seed_100/splits/cifar10_split_seed100_clients5_alpha0p3_ref500.json,1.0,drift,2,conv2,4,2,1.0,0.9999957084655762,500
cka_feddst,cifar10,0.8,100,results/logs/cka_strength_sweep/cifar10_drift_all/strength_1p0/seed_100/splits/cifar10_split_seed100_clients5_alpha0p3_ref500.json,1.0,drift,2,conv2,4,3,0.9999969601631165,0.9999957084655762,500
cka_feddst,cifar10,0.8,100,results/logs/cka_strength_sweep/cifar10_drift_all/strength_1p0/seed_100/splits/cifar10_split_seed100_clients5_alpha0p3_ref500.json,1.0,drift,2,conv2,4,4,1.0,0.9999957084655762,500
cka_feddst,cifar10,0.8,100,results/logs/cka_strength_sweep/cifar10_drift_all/strength_1p0/seed_100/splits/cifar10_split_seed100_clients5_alpha0p3_ref500.json,1.0,drift,2,conv3,0,0,1.0,0.9999235272407532,500
cka_feddst,cifar10,0.8,100,results/logs/cka_strength_sweep/cifar10_drift_all/strength_1p0/seed_100/splits/cifar10_split_seed100_clients5_alpha0p3_ref500.json,1.0,drift,2,conv3,0,1,0.9998644590377808,0.9999235272407532,500
cka_feddst,cifar10,0.8,100,results/logs/cka_strength_sweep/cifar10_drift_all/strength_1p0/seed_100/splits/cifar10_split_seed100_clients5_alpha0p3_ref500.json,1.0,drift,2,conv3,0,2,0.9998864531517029,0.9999235272407532,500
cka_feddst,cifar10,0.8,100,results/logs/cka_strength_sweep/cifar10_drift_all/strength_1p0/seed_100/splits/cifar10_split_seed100_clients5_alpha0p3_ref500.json,1.0,drift,2,conv3,0,3,0.9999618530273438,0.9999235272407532,500
cka_feddst,cifar10,0.8,100,results/logs/cka_strength_sweep/cifar10_drift_all/strength_1p0/seed_100/splits/cifar10_split_seed100_clients5_alpha0p3_ref500.json,1.0,drift,2,conv3,0,4,0.999945342540741,0.9999235272407532,500
cka_feddst,cifar10,0.8,100,results/logs/cka_strength_sweep/cifar10_drift_all/strength_1p0/seed_100/splits/cifar10_split_seed100_clients5_alpha0p3_ref500.json,1.0,drift,2,conv3,1,0,0.9998644590377808,0.9999235272407532,500
cka_feddst,cifar10,0.8,100,results/logs/cka_strength_sweep/cifar10_drift_all/strength_1p0/seed_100/splits/cifar10_split_seed100_clients5_alpha0p3_ref500.json,1.0,drift,2,conv3,1,1,1.0,0.9999235272407532,500
cka_feddst,cifar10,0.8,100,results/logs/cka_strength_sweep/cifar10_drift_all/strength_1p0/seed_100/splits/cifar10_split_seed100_clients5_alpha0p3_ref500.json,1.0,drift,2,conv3,1,2,0.9999248385429382,0.9999235272407532,500
cka_feddst,cifar10,0.8,100,results/logs/cka_strength_sweep/cifar10_drift_all/strength_1p0/seed_100/splits/cifar10_split_seed100_clients5_alpha0p3_ref500.json,1.0,drift,2,conv3,1,3,0.9998445510864258,0.9999235272407532,500
cka_feddst,cifar10,0.8,100,results/logs/cka_strength_sweep/cifar10_drift_all/strength_1p0/seed_100/splits/cifar10_split_seed100_clients5_alpha0p3_ref500.json,1.0,drift,2,conv3,1,4,0.9999702572822571,0.9999235272407532,500
cka_feddst,cifar10,0.8,100,results/logs/cka_strength_sweep/cifar10_drift_all/strength_1p0/seed_100/splits/cifar10_split_seed100_clients5_alpha0p3_ref500.json,1.0,drift,2,conv3,2,0,0.9998864531517029,0.9999235272407532,500
cka_feddst,cifar10,0.8,100,results/logs/cka_strength_sweep/cifar10_drift_all/strength_1p0/seed_100/splits/cifar10_split_seed100_clients5_alpha0p3_ref500.json,1.0,drift,2,conv3,2,1,0.9999248385429382,0.9999235272407532,500
cka_feddst,cifar10,0.8,100,results/logs/cka_strength_sweep/cifar10_drift_all/strength_1p0/seed_100/splits/cifar10_split_seed100_clients5_alpha0p3_ref500.json,1.0,drift,2,conv3,2,2,1.0,0.9999235272407532,500
cka_feddst,cifar10,0.8,100,results/logs/cka_strength_sweep/cifar10_drift_all/strength_1p0/seed_100/splits/cifar10_split_seed100_clients5_alpha0p3_ref500.json,1.0,drift,2,conv3,2,3,0.9999332427978516,0.9999235272407532,500
cka_feddst,cifar10,0.8,100,results/logs/cka_strength_sweep/cifar10_drift_all/strength_1p0/seed_100/splits/cifar10_split_seed100_clients5_alpha0p3_ref500.json,1.0,drift,2,conv3,2,4,0.9999650716781616,0.9999235272407532,500
cka_feddst,cifar10,0.8,100,results/logs/cka_strength_sweep/cifar10_drift_all/strength_1p0/seed_100/splits/cifar10_split_seed100_clients5_alpha0p3_ref500.json,1.0,drift,2,conv3,3,0,0.9999618530273438,0.9999235272407532,500
cka_feddst,cifar10,0.8,100,results/logs/cka_strength_sweep/cifar10_drift_all/strength_1p0/seed_100/splits/cifar10_split_seed100_clients5_alpha0p3_ref500.json,1.0,drift,2,conv3,3,1,0.9998445510864258,0.9999235272407532,500
cka_feddst,cifar10,0.8,100,results/logs/cka_strength_sweep/cifar10_drift_all/strength_1p0/seed_100/splits/cifar10_split_seed100_clients5_alpha0p3_ref500.json,1.0,drift,2,conv3,3,2,0.9999332427978516,0.9999235272407532,500
cka_feddst,cifar10,0.8,100,results/logs/cka_strength_sweep/cifar10_drift_all/strength_1p0/seed_100/splits/cifar10_split_seed100_clients5_alpha0p3_ref500.json,1.0,drift,2,conv3,3,3,1.0,0.9999235272407532,500
cka_feddst,cifar10,0.8,100,results/logs/cka_strength_sweep/cifar10_drift_all/strength_1p0/seed_100/splits/cifar10_split_seed100_clients5_alpha0p3_ref500.json,1.0,drift,2,conv3,3,4,0.9999393224716187,0.9999235272407532,500
cka_feddst,cifar10,0.8,100,results/logs/cka_strength_sweep/cifar10_drift_all/strength_1p0/seed_100/splits/cifar10_split_seed100_clients5_alpha0p3_ref500.json,1.0,drift,2,conv3,4,0,0.999945342540741,0.9999235272407532,500
cka_feddst,cifar10,0.8,100,results/logs/cka_strength_sweep/cifar10_drift_all/strength_1p0/seed_100/splits/cifar10_split_seed100_clients5_alpha0p3_ref500.json,1.0,drift,2,conv3,4,1,0.9999702572822571,0.9999235272407532,500
cka_feddst,cifar10,0.8,100,results/logs/cka_strength_sweep/cifar10_drift_all/strength_1p0/seed_100/splits/cifar10_split_seed100_clients5_alpha0p3_ref500.json,1.0,drift,2,conv3,4,2,0.9999650716781616,0.9999235272407532,500
cka_feddst,cifar10,0.8,100,results/logs/cka_strength_sweep/cifar10_drift_all/strength_1p0/seed_100/splits/cifar10_split_seed100_clients5_alpha0p3_ref500.json,1.0,drift,2,conv3,4,3,0.9999393224716187,0.9999235272407532,500
cka_feddst,cifar10,0.8,100,results/logs/cka_strength_sweep/cifar10_drift_all/strength_1p0/seed_100/splits/cifar10_split_seed100_clients5_alpha0p3_ref500.json,1.0,drift,2,conv3,4,4,1.0,0.9999235272407532,500
cka_feddst,cifar10,0.8,100,results/logs/cka_strength_sweep/cifar10_drift_all/strength_1p0/seed_100/splits/cifar10_split_seed100_clients5_alpha0p3_ref500.json,1.0,drift,2,fc1,0,0,1.0,0.9914990663528442,500
cka_feddst,cifar10,0.8,100,results/logs/cka_strength_sweep/cifar10_drift_all/strength_1p0/seed_100/splits/cifar10_split_seed100_clients5_alpha0p3_ref500.json,1.0,drift,2,fc1,0,1,0.9892686605453491,0.9914990663528442,500
cka_feddst,cifar10,0.8,100,results/logs/cka_strength_sweep/cifar10_drift_all/strength_1p0/seed_100/splits/cifar10_split_seed100_clients5_alpha0p3_ref500.json,1.0,drift,2,fc1,0,2,0.9954094886779785,0.9914990663528442,500
cka_feddst,cifar10,0.8,100,results/logs/cka_strength_sweep/cifar10_drift_all/strength_1p0/seed_100/splits/cifar10_split_seed100_clients5_alpha0p3_ref500.json,1.0,drift,2,fc1,0,3,0.9958467483520508,0.9914990663528442,500
cka_feddst,cifar10,0.8,100,results/logs/cka_strength_sweep/cifar10_drift_all/strength_1p0/seed_100/splits/cifar10_split_seed100_clients5_alpha0p3_ref500.json,1.0,drift,2,fc1,0,4,0.9960389733314514,0.9914990663528442,500
cka_feddst,cifar10,0.8,100,results/logs/cka_strength_sweep/cifar10_drift_all/strength_1p0/seed_100/splits/cifar10_split_seed100_clients5_alpha0p3_ref500.json,1.0,drift,2,fc1,1,0,0.9892686605453491,0.9914990663528442,500
cka_feddst,cifar10,0.8,100,results/logs/cka_strength_sweep/cifar10_drift_all/strength_1p0/seed_100/splits/cifar10_split_seed100_clients5_alpha0p3_ref500.json,1.0,drift,2,fc1,1,1,1.0,0.9914990663528442,500
cka_feddst,cifar10,0.8,100,results/logs/cka_strength_sweep/cifar10_drift_all/strength_1p0/seed_100/splits/cifar10_split_seed100_clients5_alpha0p3_ref500.json,1.0,drift,2,fc1,1,2,0.9817336201667786,0.9914990663528442,500
cka_feddst,cifar10,0.8,100,results/logs/cka_strength_sweep/cifar10_drift_all/strength_1p0/seed_100/splits/cifar10_split_seed100_clients5_alpha0p3_ref500.json,1.0,drift,2,fc1,1,3,0.9797952771186829,0.9914990663528442,500
cka_feddst,cifar10,0.8,100,results/logs/cka_strength_sweep/cifar10_drift_all/strength_1p0/seed_100/splits/cifar10_split_seed100_clients5_alpha0p3_ref500.json,1.0,drift,2,fc1,1,4,0.9914308190345764,0.9914990663528442,500
cka_feddst,cifar10,0.8,100,results/logs/cka_strength_sweep/cifar10_drift_all/strength_1p0/seed_100/splits/cifar10_split_seed100_clients5_alpha0p3_ref500.json,1.0,drift,2,fc1,2,0,0.9954094886779785,0.9914990663528442,500
cka_feddst,cifar10,0.8,100,results/logs/cka_strength_sweep/cifar10_drift_all/strength_1p0/seed_100/splits/cifar10_split_seed100_clients5_alpha0p3_ref500.json,1.0,drift,2,fc1,2,1,0.9817336201667786,0.9914990663528442,500
cka_feddst,cifar10,0.8,100,results/logs/cka_strength_sweep/cifar10_drift_all/strength_1p0/seed_100/splits/cifar10_split_seed100_clients5_alpha0p3_ref500.json,1.0,drift,2,fc1,2,2,1.0,0.9914990663528442,500
cka_feddst,cifar10,0.8,100,results/logs/cka_strength_sweep/cifar10_drift_all/strength_1p0/seed_100/splits/cifar10_split_seed100_clients5_alpha0p3_ref500.json,1.0,drift,2,fc1,2,3,0.9964514970779419,0.9914990663528442,500
cka_feddst,cifar10,0.8,100,results/logs/cka_strength_sweep/cifar10_drift_all/strength_1p0/seed_100/splits/cifar10_split_seed100_clients5_alpha0p3_ref500.json,1.0,drift,2,fc1,2,4,0.9950677156448364,0.9914990663528442,500
cka_feddst,cifar10,0.8,100,results/logs/cka_strength_sweep/cifar10_drift_all/strength_1p0/seed_100/splits/cifar10_split_seed100_clients5_alpha0p3_ref500.json,1.0,drift,2,fc1,3,0,0.9958467483520508,0.9914990663528442,500
cka_feddst,cifar10,0.8,100,results/logs/cka_strength_sweep/cifar10_drift_all/strength_1p0/seed_100/splits/cifar10_split_seed100_clients5_alpha0p3_ref500.json,1.0,drift,2,fc1,3,1,0.9797952771186829,0.9914990663528442,500
cka_feddst,cifar10,0.8,100,results/logs/cka_strength_sweep/cifar10_drift_all/strength_1p0/seed_100/splits/cifar10_split_seed100_clients5_alpha0p3_ref500.json,1.0,drift,2,fc1,3,2,0.9964514970779419,0.9914990663528442,500
cka_feddst,cifar10,0.8,100,results/logs/cka_strength_sweep/cifar10_drift_all/strength_1p0/seed_100/splits/cifar10_split_seed100_clients5_alpha0p3_ref500.json,1.0,drift,2,fc1,3,3,1.0,0.9914990663528442,500
cka_feddst,cifar10,0.8,100,results/logs/cka_strength_sweep/cifar10_drift_all/strength_1p0/seed_100/splits/cifar10_split_seed100_clients5_alpha0p3_ref500.json,1.0,drift,2,fc1,3,4,0.9939476251602173,0.9914990663528442,500
cka_feddst,cifar10,0.8,100,results/logs/cka_strength_sweep/cifar10_drift_all/strength_1p0/seed_100/splits/cifar10_split_seed100_clients5_alpha0p3_ref500.json,1.0,drift,2,fc1,4,0,0.9960389733314514,0.9914990663528442,500
cka_feddst,cifar10,0.8,100,results/logs/cka_strength_sweep/cifar10_drift_all/strength_1p0/seed_100/splits/cifar10_split_seed100_clients5_alpha0p3_ref500.json,1.0,drift,2,fc1,4,1,0.9914308190345764,0.9914990663528442,500
cka_feddst,cifar10,0.8,100,results/logs/cka_strength_sweep/cifar10_drift_all/strength_1p0/seed_100/splits/cifar10_split_seed100_clients5_alpha0p3_ref500.json,1.0,drift,2,fc1,4,2,0.9950677156448364,0.9914990663528442,500
cka_feddst,cifar10,0.8,100,results/logs/cka_strength_sweep/cifar10_drift_all/strength_1p0/seed_100/splits/cifar10_split_seed100_clients5_alpha0p3_ref500.json,1.0,drift,2,fc1,4,3,0.9939476251602173,0.9914990663528442,500
cka_feddst,cifar10,0.8,100,results/logs/cka_strength_sweep/cifar10_drift_all/strength_1p0/seed_100/splits/cifar10_split_seed100_clients5_alpha0p3_ref500.json,1.0,drift,2,fc1,4,4,1.0,0.9914990663528442,500
cka_feddst,cifar10,0.8,100,results/logs/cka_strength_sweep/cifar10_drift_all/strength_1p0/seed_100/splits/cifar10_split_seed100_clients5_alpha0p3_ref500.json,1.0,drift,4,conv1,0,0,1.0,0.999951183795929,500
cka_feddst,cifar10,0.8,100,results/logs/cka_strength_sweep/cifar10_drift_all/strength_1p0/seed_100/splits/cifar10_split_seed100_clients5_alpha0p3_ref500.json,1.0,drift,4,conv1,0,1,0.999975860118866,0.999951183795929,500
cka_feddst,cifar10,0.8,100,results/logs/cka_strength_sweep/cifar10_drift_all/strength_1p0/seed_100/splits/cifar10_split_seed100_clients5_alpha0p3_ref500.json,1.0,drift,4,conv1,0,2,0.9999440908432007,0.999951183795929,500
cka_feddst,cifar10,0.8,100,results/logs/cka_strength_sweep/cifar10_drift_all/strength_1p0/seed_100/splits/cifar10_split_seed100_clients5_alpha0p3_ref500.json,1.0,drift,4,conv1,0,3,1.0,0.999951183795929,500
cka_feddst,cifar10,0.8,100,results/logs/cka_strength_sweep/cifar10_drift_all/strength_1p0/seed_100/splits/cifar10_split_seed100_clients5_alpha0p3_ref500.json,1.0,drift,4,conv1,0,4,0.9999898076057434,0.999951183795929,500
cka_feddst,cifar10,0.8,100,results/logs/cka_strength_sweep/cifar10_drift_all/strength_1p0/seed_100/splits/cifar10_split_seed100_clients5_alpha0p3_ref500.json,1.0,drift,4,conv1,1,0,0.999975860118866,0.999951183795929,500
cka_feddst,cifar10,0.8,100,results/logs/cka_strength_sweep/cifar10_drift_all/strength_1p0/seed_100/splits/cifar10_split_seed100_clients5_alpha0p3_ref500.json,1.0,drift,4,conv1,1,1,1.0,0.999951183795929,500
cka_feddst,cifar10,0.8,100,results/logs/cka_strength_sweep/cifar10_drift_all/strength_1p0/seed_100/splits/cifar10_split_seed100_clients5_alpha0p3_ref500.json,1.0,drift,4,conv1,1,2,0.9998325705528259,0.999951183795929,500
cka_feddst,cifar10,0.8,100,results/logs/cka_strength_sweep/cifar10_drift_all/strength_1p0/seed_100/splits/cifar10_split_seed100_clients5_alpha0p3_ref500.json,1.0,drift,4,conv1,1,3,0.9999656677246094,0.999951183795929,500
cka_feddst,cifar10,0.8,100,results/logs/cka_strength_sweep/cifar10_drift_all/strength_1p0/seed_100/splits/cifar10_split_seed100_clients5_alpha0p3_ref500.json,1.0,drift,4,conv1,1,4,0.9999997615814209,0.999951183795929,500
cka_feddst,cifar10,0.8,100,results/logs/cka_strength_sweep/cifar10_drift_all/strength_1p0/seed_100/splits/cifar10_split_seed100_clients5_alpha0p3_ref500.json,1.0,drift,4,conv1,2,0,0.9999440908432007,0.999951183795929,500
cka_feddst,cifar10,0.8,100,results/logs/cka_strength_sweep/cifar10_drift_all/strength_1p0/seed_100/splits/cifar10_split_seed100_clients5_alpha0p3_ref500.json,1.0,drift,4,conv1,2,1,0.9998325705528259,0.999951183795929,500
cka_feddst,cifar10,0.8,100,results/logs/cka_strength_sweep/cifar10_drift_all/strength_1p0/seed_100/splits/cifar10_split_seed100_clients5_alpha0p3_ref500.json,1.0,drift,4,conv1,2,2,1.0,0.999951183795929,500
cka_feddst,cifar10,0.8,100,results/logs/cka_strength_sweep/cifar10_drift_all/strength_1p0/seed_100/splits/cifar10_split_seed100_clients5_alpha0p3_ref500.json,1.0,drift,4,conv1,2,3,0.9999483227729797,0.999951183795929,500
cka_feddst,cifar10,0.8,100,results/logs/cka_strength_sweep/cifar10_drift_all/strength_1p0/seed_100/splits/cifar10_split_seed100_clients5_alpha0p3_ref500.json,1.0,drift,4,conv1,2,4,0.9998721480369568,0.999951183795929,500
cka_feddst,cifar10,0.8,100,results/logs/cka_strength_sweep/cifar10_drift_all/strength_1p0/seed_100/splits/cifar10_split_seed100_clients5_alpha0p3_ref500.json,1.0,drift,4,conv1,3,0,1.0,0.999951183795929,500
cka_feddst,cifar10,0.8,100,results/logs/cka_strength_sweep/cifar10_drift_all/strength_1p0/seed_100/splits/cifar10_split_seed100_clients5_alpha0p3_ref500.json,1.0,drift,4,conv1,3,1,0.9999656677246094,0.999951183795929,500
cka_feddst,cifar10,0.8,100,results/logs/cka_strength_sweep/cifar10_drift_all/strength_1p0/seed_100/splits/cifar10_split_seed100_clients5_alpha0p3_ref500.json,1.0,drift,4,conv1,3,2,0.9999483227729797,0.999951183795929,500
cka_feddst,cifar10,0.8,100,results/logs/cka_strength_sweep/cifar10_drift_all/strength_1p0/seed_100/splits/cifar10_split_seed100_clients5_alpha0p3_ref500.json,1.0,drift,4,conv1,3,3,1.0,0.999951183795929,500
cka_feddst,cifar10,0.8,100,results/logs/cka_strength_sweep/cifar10_drift_all/strength_1p0/seed_100/splits/cifar10_split_seed100_clients5_alpha0p3_ref500.json,1.0,drift,4,conv1,3,4,0.9999831914901733,0.999951183795929,500
cka_feddst,cifar10,0.8,100,results/logs/cka_strength_sweep/cifar10_drift_all/strength_1p0/seed_100/splits/cifar10_split_seed100_clients5_alpha0p3_ref500.json,1.0,drift,4,conv1,4,0,0.9999898076057434,0.999951183795929,500
cka_feddst,cifar10,0.8,100,results/logs/cka_strength_sweep/cifar10_drift_all/strength_1p0/seed_100/splits/cifar10_split_seed100_clients5_alpha0p3_ref500.json,1.0,drift,4,conv1,4,1,0.9999997615814209,0.999951183795929,500
cka_feddst,cifar10,0.8,100,results/logs/cka_strength_sweep/cifar10_drift_all/strength_1p0/seed_100/splits/cifar10_split_seed100_clients5_alpha0p3_ref500.json,1.0,drift,4,conv1,4,2,0.9998721480369568,0.999951183795929,500
cka_feddst,cifar10,0.8,100,results/logs/cka_strength_sweep/cifar10_drift_all/strength_1p0/seed_100/splits/cifar10_split_seed100_clients5_alpha0p3_ref500.json,1.0,drift,4,conv1,4,3,0.9999831914901733,0.999951183795929,500
cka_feddst,cifar10,0.8,100,results/logs/cka_strength_sweep/cifar10_drift_all/strength_1p0/seed_100/splits/cifar10_split_seed100_clients5_alpha0p3_ref500.json,1.0,drift,4,conv1,4,4,1.0,0.999951183795929,500
cka_feddst,cifar10,0.8,100,results/logs/cka_strength_sweep/cifar10_drift_all/strength_1p0/seed_100/splits/cifar10_split_seed100_clients5_alpha0p3_ref500.json,1.0,drift,4,conv2,0,0,1.0,0.9995249509811401,500
cka_feddst,cifar10,0.8,100,results/logs/cka_strength_sweep/cifar10_drift_all/strength_1p0/seed_100/splits/cifar10_split_seed100_clients5_alpha0p3_ref500.json,1.0,drift,4,conv2,0,1,0.9997568726539612,0.9995249509811401,500
cka_feddst,cifar10,0.8,100,results/logs/cka_strength_sweep/cifar10_drift_all/strength_1p0/seed_100/splits/cifar10_split_seed100_clients5_alpha0p3_ref500.json,1.0,drift,4,conv2,0,2,0.9994425177574158,0.9995249509811401,500
cka_feddst,cifar10,0.8,100,results/logs/cka_strength_sweep/cifar10_drift_all/strength_1p0/seed_100/splits/cifar10_split_seed100_clients5_alpha0p3_ref500.json,1.0,drift,4,conv2,0,3,0.9999504089355469,0.9995249509811401,500
cka_feddst,cifar10,0.8,100,results/logs/cka_strength_sweep/cifar10_drift_all/strength_1p0/seed_100/splits/cifar10_split_seed100_clients5_alpha0p3_ref500.json,1.0,drift,4,conv2,0,4,0.9998944401741028,0.9995249509811401,500
cka_feddst,cifar10,0.8,100,results/logs/cka_strength_sweep/cifar10_drift_all/strength_1p0/seed_100/splits/cifar10_split_seed100_clients5_alpha0p3_ref500.json,1.0,drift,4,conv2,1,0,0.9997568726539612,0.9995249509811401,500
cka_feddst,cifar10,0.8,100,results/logs/cka_strength_sweep/cifar10_drift_all/strength_1p0/seed_100/splits/cifar10_split_seed100_clients5_alpha0p3_ref500.json,1.0,drift,4,conv2,1,1,1.0,0.9995249509811401,500
cka_feddst,cifar10,0.8,100,results/logs/cka_strength_sweep/cifar10_drift_all/strength_1p0/seed_100/splits/cifar10_split_seed100_clients5_alpha0p3_ref500.json,1.0,drift,4,conv2,1,2,0.9984571933746338,0.9995249509811401,500
cka_feddst,cifar10,0.8,100,results/logs/cka_strength_sweep/cifar10_drift_all/strength_1p0/seed_100/splits/cifar10_split_seed100_clients5_alpha0p3_ref500.json,1.0,drift,4,conv2,1,3,0.9995313286781311,0.9995249509811401,500
cka_feddst,cifar10,0.8,100,results/logs/cka_strength_sweep/cifar10_drift_all/strength_1p0/seed_100/splits/cifar10_split_seed100_clients5_alpha0p3_ref500.json,1.0,drift,4,conv2,1,4,0.9999725818634033,0.9995249509811401,500
cka_feddst,cifar10,0.8,100,results/logs/cka_strength_sweep/cifar10_drift_all/strength_1p0/seed_100/splits/cifar10_split_seed100_clients5_alpha0p3_ref500.json,1.0,drift,4,conv2,2,0,0.9994425177574158,0.9995249509811401,500
cka_feddst,cifar10,0.8,100,results/logs/cka_strength_sweep/cifar10_drift_all/strength_1p0/seed_100/splits/cifar10_split_seed100_clients5_alpha0p3_ref500.json,1.0,drift,4,conv2,2,1,0.9984571933746338,0.9995249509811401,500
cka_feddst,cifar10,0.8,100,results/logs/cka_strength_sweep/cifar10_drift_all/strength_1p0/seed_100/splits/cifar10_split_seed100_clients5_alpha0p3_ref500.json,1.0,drift,4,conv2,2,2,1.0,0.9995249509811401,500
cka_feddst,cifar10,0.8,100,results/logs/cka_strength_sweep/cifar10_drift_all/strength_1p0/seed_100/splits/cifar10_split_seed100_clients5_alpha0p3_ref500.json,1.0,drift,4,conv2,2,3,0.9996626973152161,0.9995249509811401,500
cka_feddst,cifar10,0.8,100,results/logs/cka_strength_sweep/cifar10_drift_all/strength_1p0/seed_100/splits/cifar10_split_seed100_clients5_alpha0p3_ref500.json,1.0,drift,4,conv2,2,4,0.9988473653793335,0.9995249509811401,500
cka_feddst,cifar10,0.8,100,results/logs/cka_strength_sweep/cifar10_drift_all/strength_1p0/seed_100/splits/cifar10_split_seed100_clients5_alpha0p3_ref500.json,1.0,drift,4,conv2,3,0,0.9999504089355469,0.9995249509811401,500
cka_feddst,cifar10,0.8,100,results/logs/cka_strength_sweep/cifar10_drift_all/strength_1p0/seed_100/splits/cifar10_split_seed100_clients5_alpha0p3_ref500.json,1.0,drift,4,conv2,3,1,0.9995313286781311,0.9995249509811401,500
cka_feddst,cifar10,0.8,100,results/logs/cka_strength_sweep/cifar10_drift_all/strength_1p0/seed_100/splits/cifar10_split_seed100_clients5_alpha0p3_ref500.json,1.0,drift,4,conv2,3,2,0.9996626973152161,0.9995249509811401,500
cka_feddst,cifar10,0.8,100,results/logs/cka_strength_sweep/cifar10_drift_all/strength_1p0/seed_100/splits/cifar10_split_seed100_clients5_alpha0p3_ref500.json,1.0,drift,4,conv2,3,3,1.0,0.9995249509811401,500
cka_feddst,cifar10,0.8,100,results/logs/cka_strength_sweep/cifar10_drift_all/strength_1p0/seed_100/splits/cifar10_split_seed100_clients5_alpha0p3_ref500.json,1.0,drift,4,conv2,3,4,0.9997345209121704,0.9995249509811401,500
cka_feddst,cifar10,0.8,100,results/logs/cka_strength_sweep/cifar10_drift_all/strength_1p0/seed_100/splits/cifar10_split_seed100_clients5_alpha0p3_ref500.json,1.0,drift,4,conv2,4,0,0.9998944401741028,0.9995249509811401,500
cka_feddst,cifar10,0.8,100,results/logs/cka_strength_sweep/cifar10_drift_all/strength_1p0/seed_100/splits/cifar10_split_seed100_clients5_alpha0p3_ref500.json,1.0,drift,4,conv2,4,1,0.9999725818634033,0.9995249509811401,500
cka_feddst,cifar10,0.8,100,results/logs/cka_strength_sweep/cifar10_drift_all/strength_1p0/seed_100/splits/cifar10_split_seed100_clients5_alpha0p3_ref500.json,1.0,drift,4,conv2,4,2,0.9988473653793335,0.9995249509811401,500
cka_feddst,cifar10,0.8,100,results/logs/cka_strength_sweep/cifar10_drift_all/strength_1p0/seed_100/splits/cifar10_split_seed100_clients5_alpha0p3_ref500.json,1.0,drift,4,conv2,4,3,0.9997345209121704,0.9995249509811401,500
cka_feddst,cifar10,0.8,100,results/logs/cka_strength_sweep/cifar10_drift_all/strength_1p0/seed_100/splits/cifar10_split_seed100_clients5_alpha0p3_ref500.json,1.0,drift,4,conv2,4,4,1.0,0.9995249509811401,500
cka_feddst,cifar10,0.8,100,results/logs/cka_strength_sweep/cifar10_drift_all/strength_1p0/seed_100/splits/cifar10_split_seed100_clients5_alpha0p3_ref500.json,1.0,drift,4,conv3,0,0,1.0,0.9993961453437805,500
cka_feddst,cifar10,0.8,100,results/logs/cka_strength_sweep/cifar10_drift_all/strength_1p0/seed_100/splits/cifar10_split_seed100_clients5_alpha0p3_ref500.json,1.0,drift,4,conv3,0,1,0.999700129032135,0.9993961453437805,500
cka_feddst,cifar10,0.8,100,results/logs/cka_strength_sweep/cifar10_drift_all/strength_1p0/seed_100/splits/cifar10_split_seed100_clients5_alpha0p3_ref500.json,1.0,drift,4,conv3,0,2,0.999258279800415,0.9993961453437805,500
cka_feddst,cifar10,0.8,100,results/logs/cka_strength_sweep/cifar10_drift_all/strength_1p0/seed_100/splits/cifar10_split_seed100_clients5_alpha0p3_ref500.json,1.0,drift,4,conv3,0,3,0.9999383091926575,0.9993961453437805,500
cka_feddst,cifar10,0.8,100,results/logs/cka_strength_sweep/cifar10_drift_all/strength_1p0/seed_100/splits/cifar10_split_seed100_clients5_alpha0p3_ref500.json,1.0,drift,4,conv3,0,4,0.9998652338981628,0.9993961453437805,500
cka_feddst,cifar10,0.8,100,results/logs/cka_strength_sweep/cifar10_drift_all/strength_1p0/seed_100/splits/cifar10_split_seed100_clients5_alpha0p3_ref500.json,1.0,drift,4,conv3,1,0,0.999700129032135,0.9993961453437805,500
cka_feddst,cifar10,0.8,100,results/logs/cka_strength_sweep/cifar10_drift_all/strength_1p0/seed_100/splits/cifar10_split_seed100_clients5_alpha0p3_ref500.json,1.0,drift,4,conv3,1,1,1.0,0.9993961453437805,500
cka_feddst,cifar10,0.8,100,results/logs/cka_strength_sweep/cifar10_drift_all/strength_1p0/seed_100/splits/cifar10_split_seed100_clients5_alpha0p3_ref500.json,1.0,drift,4,conv3,1,2,0.9980343580245972,0.9993961453437805,500
cka_feddst,cifar10,0.8,100,results/logs/cka_strength_sweep/cifar10_drift_all/strength_1p0/seed_100/splits/cifar10_split_seed100_clients5_alpha0p3_ref500.json,1.0,drift,4,conv3,1,3,0.9994118213653564,0.9993961453437805,500
cka_feddst,cifar10,0.8,100,results/logs/cka_strength_sweep/cifar10_drift_all/strength_1p0/seed_100/splits/cifar10_split_seed100_clients5_alpha0p3_ref500.json,1.0,drift,4,conv3,1,4,0.9999513030052185,0.9993961453437805,500
cka_feddst,cifar10,0.8,100,results/logs/cka_strength_sweep/cifar10_drift_all/strength_1p0/seed_100/splits/cifar10_split_seed100_clients5_alpha0p3_ref500.json,1.0,drift,4,conv3,2,0,0.999258279800415,0.9993961453437805,500
cka_feddst,cifar10,0.8,100,results/logs/cka_strength_sweep/cifar10_drift_all/strength_1p0/seed_100/splits/cifar10_split_seed100_clients5_alpha0p3_ref500.json,1.0,drift,4,conv3,2,1,0.9980343580245972,0.9993961453437805,500
cka_feddst,cifar10,0.8,100,results/logs/cka_strength_sweep/cifar10_drift_all/strength_1p0/seed_100/splits/cifar10_split_seed100_clients5_alpha0p3_ref500.json,1.0,drift,4,conv3,2,2,1.0,0.9993961453437805,500
cka_feddst,cifar10,0.8,100,results/logs/cka_strength_sweep/cifar10_drift_all/strength_1p0/seed_100/splits/cifar10_split_seed100_clients5_alpha0p3_ref500.json,1.0,drift,4,conv3,2,3,0.999562680721283,0.9993961453437805,500
cka_feddst,cifar10,0.8,100,results/logs/cka_strength_sweep/cifar10_drift_all/strength_1p0/seed_100/splits/cifar10_split_seed100_clients5_alpha0p3_ref500.json,1.0,drift,4,conv3,2,4,0.9985641241073608,0.9993961453437805,500
cka_feddst,cifar10,0.8,100,results/logs/cka_strength_sweep/cifar10_drift_all/strength_1p0/seed_100/splits/cifar10_split_seed100_clients5_alpha0p3_ref500.json,1.0,drift,4,conv3,3,0,0.9999383091926575,0.9993961453437805,500
cka_feddst,cifar10,0.8,100,results/logs/cka_strength_sweep/cifar10_drift_all/strength_1p0/seed_100/splits/cifar10_split_seed100_clients5_alpha0p3_ref500.json,1.0,drift,4,conv3,3,1,0.9994118213653564,0.9993961453437805,500
cka_feddst,cifar10,0.8,100,results/logs/cka_strength_sweep/cifar10_drift_all/strength_1p0/seed_100/splits/cifar10_split_seed100_clients5_alpha0p3_ref500.json,1.0,drift,4,conv3,3,2,0.999562680721283,0.9993961453437805,500
cka_feddst,cifar10,0.8,100,results/logs/cka_strength_sweep/cifar10_drift_all/strength_1p0/seed_100/splits/cifar10_split_seed100_clients5_alpha0p3_ref500.json,1.0,drift,4,conv3,3,3,1.0,0.9993961453437805,500
cka_feddst,cifar10,0.8,100,results/logs/cka_strength_sweep/cifar10_drift_all/strength_1p0/seed_100/splits/cifar10_split_seed100_clients5_alpha0p3_ref500.json,1.0,drift,4,conv3,3,4,0.9996755123138428,0.9993961453437805,500
cka_feddst,cifar10,0.8,100,results/logs/cka_strength_sweep/cifar10_drift_all/strength_1p0/seed_100/splits/cifar10_split_seed100_clients5_alpha0p3_ref500.json,1.0,drift,4,conv3,4,0,0.9998652338981628,0.9993961453437805,500
cka_feddst,cifar10,0.8,100,results/logs/cka_strength_sweep/cifar10_drift_all/strength_1p0/seed_100/splits/cifar10_split_seed100_clients5_alpha0p3_ref500.json,1.0,drift,4,conv3,4,1,0.9999513030052185,0.9993961453437805,500
cka_feddst,cifar10,0.8,100,results/logs/cka_strength_sweep/cifar10_drift_all/strength_1p0/seed_100/splits/cifar10_split_seed100_clients5_alpha0p3_ref500.json,1.0,drift,4,conv3,4,2,0.9985641241073608,0.9993961453437805,500
cka_feddst,cifar10,0.8,100,results/logs/cka_strength_sweep/cifar10_drift_all/strength_1p0/seed_100/splits/cifar10_split_seed100_clients5_alpha0p3_ref500.json,1.0,drift,4,conv3,4,3,0.9996755123138428,0.9993961453437805,500
cka_feddst,cifar10,0.8,100,results/logs/cka_strength_sweep/cifar10_drift_all/strength_1p0/seed_100/splits/cifar10_split_seed100_clients5_alpha0p3_ref500.json,1.0,drift,4,conv3,4,4,1.0,0.9993961453437805,500
cka_feddst,cifar10,0.8,100,results/logs/cka_strength_sweep/cifar10_drift_all/strength_1p0/seed_100/splits/cifar10_split_seed100_clients5_alpha0p3_ref500.json,1.0,drift,4,fc1,0,0,1.0,0.9894556999206543,500
cka_feddst,cifar10,0.8,100,results/logs/cka_strength_sweep/cifar10_drift_all/strength_1p0/seed_100/splits/cifar10_split_seed100_clients5_alpha0p3_ref500.json,1.0,drift,4,fc1,0,1,0.9957520365715027,0.9894556999206543,500
cka_feddst,cifar10,0.8,100,results/logs/cka_strength_sweep/cifar10_drift_all/strength_1p0/seed_100/splits/cifar10_split_seed100_clients5_alpha0p3_ref500.json,1.0,drift,4,fc1,0,2,0.9808053374290466,0.9894556999206543,500
cka_feddst,cifar10,0.8,100,results/logs/cka_strength_sweep/cifar10_drift_all/strength_1p0/seed_100/splits/cifar10_split_seed100_clients5_alpha0p3_ref500.json,1.0,drift,4,fc1,0,3,0.9997797012329102,0.9894556999206543,500
cka_feddst,cifar10,0.8,100,results/logs/cka_strength_sweep/cifar10_drift_all/strength_1p0/seed_100/splits/cifar10_split_seed100_clients5_alpha0p3_ref500.json,1.0,drift,4,fc1,0,4,0.9976673722267151,0.9894556999206543,500
cka_feddst,cifar10,0.8,100,results/logs/cka_strength_sweep/cifar10_drift_all/strength_1p0/seed_100/splits/cifar10_split_seed100_clients5_alpha0p3_ref500.json,1.0,drift,4,fc1,1,0,0.9957520365715027,0.9894556999206543,500
cka_feddst,cifar10,0.8,100,results/logs/cka_strength_sweep/cifar10_drift_all/strength_1p0/seed_100/splits/cifar10_split_seed100_clients5_alpha0p3_ref500.json,1.0,drift,4,fc1,1,1,1.0,0.9894556999206543,500
cka_feddst,cifar10,0.8,100,results/logs/cka_strength_sweep/cifar10_drift_all/strength_1p0/seed_100/splits/cifar10_split_seed100_clients5_alpha0p3_ref500.json,1.0,drift,4,fc1,1,2,0.9637186527252197,0.9894556999206543,500
cka_feddst,cifar10,0.8,100,results/logs/cka_strength_sweep/cifar10_drift_all/strength_1p0/seed_100/splits/cifar10_split_seed100_clients5_alpha0p3_ref500.json,1.0,drift,4,fc1,1,3,0.99503493309021,0.9894556999206543,500
cka_feddst,cifar10,0.8,100,results/logs/cka_strength_sweep/cifar10_drift_all/strength_1p0/seed_100/splits/cifar10_split_seed100_clients5_alpha0p3_ref500.json,1.0,drift,4,fc1,1,4,0.9927762746810913,0.9894556999206543,500
cka_feddst,cifar10,0.8,100,results/logs/cka_strength_sweep/cifar10_drift_all/strength_1p0/seed_100/splits/cifar10_split_seed100_clients5_alpha0p3_ref500.json,1.0,drift,4,fc1,2,0,0.9808053374290466,0.9894556999206543,500
cka_feddst,cifar10,0.8,100,results/logs/cka_strength_sweep/cifar10_drift_all/strength_1p0/seed_100/splits/cifar10_split_seed100_clients5_alpha0p3_ref500.json,1.0,drift,4,fc1,2,1,0.9637186527252197,0.9894556999206543,500
cka_feddst,cifar10,0.8,100,results/logs/cka_strength_sweep/cifar10_drift_all/strength_1p0/seed_100/splits/cifar10_split_seed100_clients5_alpha0p3_ref500.json,1.0,drift,4,fc1,2,2,1.0,0.9894556999206543,500
cka_feddst,cifar10,0.8,100,results/logs/cka_strength_sweep/cifar10_drift_all/strength_1p0/seed_100/splits/cifar10_split_seed100_clients5_alpha0p3_ref500.json,1.0,drift,4,fc1,2,3,0.9831540584564209,0.9894556999206543,500
cka_feddst,cifar10,0.8,100,results/logs/cka_strength_sweep/cifar10_drift_all/strength_1p0/seed_100/splits/cifar10_split_seed100_clients5_alpha0p3_ref500.json,1.0,drift,4,fc1,2,4,0.9874739646911621,0.9894556999206543,500
cka_feddst,cifar10,0.8,100,results/logs/cka_strength_sweep/cifar10_drift_all/strength_1p0/seed_100/splits/cifar10_split_seed100_clients5_alpha0p3_ref500.json,1.0,drift,4,fc1,3,0,0.9997797012329102,0.9894556999206543,500
cka_feddst,cifar10,0.8,100,results/logs/cka_strength_sweep/cifar10_drift_all/strength_1p0/seed_100/splits/cifar10_split_seed100_clients5_alpha0p3_ref500.json,1.0,drift,4,fc1,3,1,0.99503493309021,0.9894556999206543,500
cka_feddst,cifar10,0.8,100,results/logs/cka_strength_sweep/cifar10_drift_all/strength_1p0/seed_100/splits/cifar10_split_seed100_clients5_alpha0p3_ref500.json,1.0,drift,4,fc1,3,2,0.9831540584564209,0.9894556999206543,500
cka_feddst,cifar10,0.8,100,results/logs/cka_strength_sweep/cifar10_drift_all/strength_1p0/seed_100/splits/cifar10_split_seed100_clients5_alpha0p3_ref500.json,1.0,drift,4,fc1,3,3,1.0,0.9894556999206543,500
cka_feddst,cifar10,0.8,100,results/logs/cka_strength_sweep/cifar10_drift_all/strength_1p0/seed_100/splits/cifar10_split_seed100_clients5_alpha0p3_ref500.json,1.0,drift,4,fc1,3,4,0.9983949065208435,0.9894556999206543,500
cka_feddst,cifar10,0.8,100,results/logs/cka_strength_sweep/cifar10_drift_all/strength_1p0/seed_100/splits/cifar10_split_seed100_clients5_alpha0p3_ref500.json,1.0,drift,4,fc1,4,0,0.9976673722267151,0.9894556999206543,500
cka_feddst,cifar10,0.8,100,results/logs/cka_strength_sweep/cifar10_drift_all/strength_1p0/seed_100/splits/cifar10_split_seed100_clients5_alpha0p3_ref500.json,1.0,drift,4,fc1,4,1,0.9927762746810913,0.9894556999206543,500
cka_feddst,cifar10,0.8,100,results/logs/cka_strength_sweep/cifar10_drift_all/strength_1p0/seed_100/splits/cifar10_split_seed100_clients5_alpha0p3_ref500.json,1.0,drift,4,fc1,4,2,0.9874739646911621,0.9894556999206543,500
cka_feddst,cifar10,0.8,100,results/logs/cka_strength_sweep/cifar10_drift_all/strength_1p0/seed_100/splits/cifar10_split_seed100_clients5_alpha0p3_ref500.json,1.0,drift,4,fc1,4,3,0.9983949065208435,0.9894556999206543,500
cka_feddst,cifar10,0.8,100,results/logs/cka_strength_sweep/cifar10_drift_all/strength_1p0/seed_100/splits/cifar10_split_seed100_clients5_alpha0p3_ref500.json,1.0,drift,4,fc1,4,4,1.0,0.9894556999206543,500
cka_feddst,cifar10,0.8,100,results/logs/cka_strength_sweep/cifar10_drift_all/strength_1p0/seed_100/splits/cifar10_split_seed100_clients5_alpha0p3_ref500.json,1.0,drift,6,conv1,0,0,1.0,0.9999198913574219,500
cka_feddst,cifar10,0.8,100,results/logs/cka_strength_sweep/cifar10_drift_all/strength_1p0/seed_100/splits/cifar10_split_seed100_clients5_alpha0p3_ref500.json,1.0,drift,6,conv1,0,1,0.9999876022338867,0.9999198913574219,500
cka_feddst,cifar10,0.8,100,results/logs/cka_strength_sweep/cifar10_drift_all/strength_1p0/seed_100/splits/cifar10_split_seed100_clients5_alpha0p3_ref500.json,1.0,drift,6,conv1,0,2,0.9998878240585327,0.9999198913574219,500
cka_feddst,cifar10,0.8,100,results/logs/cka_strength_sweep/cifar10_drift_all/strength_1p0/seed_100/splits/cifar10_split_seed100_clients5_alpha0p3_ref500.json,1.0,drift,6,conv1,0,3,0.999982476234436,0.9999198913574219,500
cka_feddst,cifar10,0.8,100,results/logs/cka_strength_sweep/cifar10_drift_all/strength_1p0/seed_100/splits/cifar10_split_seed100_clients5_alpha0p3_ref500.json,1.0,drift,6,conv1,0,4,0.999979555606842,0.9999198913574219,500
cka_feddst,cifar10,0.8,100,results/logs/cka_strength_sweep/cifar10_drift_all/strength_1p0/seed_100/splits/cifar10_split_seed100_clients5_alpha0p3_ref500.json,1.0,drift,6,conv1,1,0,0.9999876022338867,0.9999198913574219,500
cka_feddst,cifar10,0.8,100,results/logs/cka_strength_sweep/cifar10_drift_all/strength_1p0/seed_100/splits/cifar10_split_seed100_clients5_alpha0p3_ref500.json,1.0,drift,6,conv1,1,1,1.0,0.9999198913574219,500
cka_feddst,cifar10,0.8,100,results/logs/cka_strength_sweep/cifar10_drift_all/strength_1p0/seed_100/splits/cifar10_split_seed100_clients5_alpha0p3_ref500.json,1.0,drift,6,conv1,1,2,0.999788761138916,0.9999198913574219,500
cka_feddst,cifar10,0.8,100,results/logs/cka_strength_sweep/cifar10_drift_all/strength_1p0/seed_100/splits/cifar10_split_seed100_clients5_alpha0p3_ref500.json,1.0,drift,6,conv1,1,3,0.9999315142631531,0.9999198913574219,500
cka_feddst,cifar10,0.8,100,results/logs/cka_strength_sweep/cifar10_drift_all/strength_1p0/seed_100/splits/cifar10_split_seed100_clients5_alpha0p3_ref500.json,1.0,drift,6,conv1,1,4,1.0,0.9999198913574219,500
cka_feddst,cifar10,0.8,100,results/logs/cka_strength_sweep/cifar10_drift_all/strength_1p0/seed_100/splits/cifar10_split_seed100_clients5_alpha0p3_ref500.json,1.0,drift,6,conv1,2,0,0.9998878240585327,0.9999198913574219,500
cka_feddst,cifar10,0.8,100,results/logs/cka_strength_sweep/cifar10_drift_all/strength_1p0/seed_100/splits/cifar10_split_seed100_clients5_alpha0p3_ref500.json,1.0,drift,6,conv1,2,1,0.999788761138916,0.9999198913574219,500
cka_feddst,cifar10,0.8,100,results/logs/cka_strength_sweep/cifar10_drift_all/strength_1p0/seed_100/splits/cifar10_split_seed100_clients5_alpha0p3_ref500.json,1.0,drift,6,conv1,2,2,1.0,0.9999198913574219,500
cka_feddst,cifar10,0.8,100,results/logs/cka_strength_sweep/cifar10_drift_all/strength_1p0/seed_100/splits/cifar10_split_seed100_clients5_alpha0p3_ref500.json,1.0,drift,6,conv1,2,3,0.9999638795852661,0.9999198913574219,500
cka_feddst,cifar10,0.8,100,results/logs/cka_strength_sweep/cifar10_drift_all/strength_1p0/seed_100/splits/cifar10_split_seed100_clients5_alpha0p3_ref500.json,1.0,drift,6,conv1,2,4,0.9997625946998596,0.9999198913574219,500
cka_feddst,cifar10,0.8,100,results/logs/cka_strength_sweep/cifar10_drift_all/strength_1p0/seed_100/splits/cifar10_split_seed100_clients5_alpha0p3_ref500.json,1.0,drift,6,conv1,3,0,0.999982476234436,0.9999198913574219,500
cka_feddst,cifar10,0.8,100,results/logs/cka_strength_sweep/cifar10_drift_all/strength_1p0/seed_100/splits/cifar10_split_seed100_clients5_alpha0p3_ref500.json,1.0,drift,6,conv1,3,1,0.9999315142631531,0.9999198913574219,500
cka_feddst,cifar10,0.8,100,results/logs/cka_strength_sweep/cifar10_drift_all/strength_1p0/seed_100/splits/cifar10_split_seed100_clients5_alpha0p3_ref500.json,1.0,drift,6,conv1,3,2,0.9999638795852661,0.9999198913574219,500
cka_feddst,cifar10,0.8,100,results/logs/cka_strength_sweep/cifar10_drift_all/strength_1p0/seed_100/splits/cifar10_split_seed100_clients5_alpha0p3_ref500.json,1.0,drift,6,conv1,3,3,1.0,0.9999198913574219,500
cka_feddst,cifar10,0.8,100,results/logs/cka_strength_sweep/cifar10_drift_all/strength_1p0/seed_100/splits/cifar10_split_seed100_clients5_alpha0p3_ref500.json,1.0,drift,6,conv1,3,4,0.9999148845672607,0.9999198913574219,500
cka_feddst,cifar10,0.8,100,results/logs/cka_strength_sweep/cifar10_drift_all/strength_1p0/seed_100/splits/cifar10_split_seed100_clients5_alpha0p3_ref500.json,1.0,drift,6,conv1,4,0,0.999979555606842,0.9999198913574219,500
cka_feddst,cifar10,0.8,100,results/logs/cka_strength_sweep/cifar10_drift_all/strength_1p0/seed_100/splits/cifar10_split_seed100_clients5_alpha0p3_ref500.json,1.0,drift,6,conv1,4,1,1.0,0.9999198913574219,500
cka_feddst,cifar10,0.8,100,results/logs/cka_strength_sweep/cifar10_drift_all/strength_1p0/seed_100/splits/cifar10_split_seed100_clients5_alpha0p3_ref500.json,1.0,drift,6,conv1,4,2,0.9997625946998596,0.9999198913574219,500
cka_feddst,cifar10,0.8,100,results/logs/cka_strength_sweep/cifar10_drift_all/strength_1p0/seed_100/splits/cifar10_split_seed100_clients5_alpha0p3_ref500.json,1.0,drift,6,conv1,4,3,0.9999148845672607,0.9999198913574219,500
cka_feddst,cifar10,0.8,100,results/logs/cka_strength_sweep/cifar10_drift_all/strength_1p0/seed_100/splits/cifar10_split_seed100_clients5_alpha0p3_ref500.json,1.0,drift,6,conv1,4,4,1.0,0.9999198913574219,500
cka_feddst,cifar10,0.8,100,results/logs/cka_strength_sweep/cifar10_drift_all/strength_1p0/seed_100/splits/cifar10_split_seed100_clients5_alpha0p3_ref500.json,1.0,drift,6,conv2,0,0,1.0,0.9997333288192749,500
cka_feddst,cifar10,0.8,100,results/logs/cka_strength_sweep/cifar10_drift_all/strength_1p0/seed_100/splits/cifar10_split_seed100_clients5_alpha0p3_ref500.json,1.0,drift,6,conv2,0,1,0.9999335408210754,0.9997333288192749,500
cka_feddst,cifar10,0.8,100,results/logs/cka_strength_sweep/cifar10_drift_all/strength_1p0/seed_100/splits/cifar10_split_seed100_clients5_alpha0p3_ref500.json,1.0,drift,6,conv2,0,2,0.9996577501296997,0.9997333288192749,500
cka_feddst,cifar10,0.8,100,results/logs/cka_strength_sweep/cifar10_drift_all/strength_1p0/seed_100/splits/cifar10_split_seed100_clients5_alpha0p3_ref500.json,1.0,drift,6,conv2,0,3,0.9999459385871887,0.9997333288192749,500
cka_feddst,cifar10,0.8,100,results/logs/cka_strength_sweep/cifar10_drift_all/strength_1p0/seed_100/splits/cifar10_split_seed100_clients5_alpha0p3_ref500.json,1.0,drift,6,conv2,0,4,0.9999217391014099,0.9997333288192749,500
cka_feddst,cifar10,0.8,100,results/logs/cka_strength_sweep/cifar10_drift_all/strength_1p0/seed_100/splits/cifar10_split_seed100_clients5_alpha0p3_ref500.json,1.0,drift,6,conv2,1,0,0.9999335408210754,0.9997333288192749,500
cka_feddst,cifar10,0.8,100,results/logs/cka_strength_sweep/cifar10_drift_all/strength_1p0/seed_100/splits/cifar10_split_seed100_clients5_alpha0p3_ref500.json,1.0,drift,6,conv2,1,1,1.0,0.9997333288192749,500
cka_feddst,cifar10,0.8,100,results/logs/cka_strength_sweep/cifar10_drift_all/strength_1p0/seed_100/splits/cifar10_split_seed100_clients5_alpha0p3_ref500.json,1.0,drift,6,conv2,1,2,0.9992780089378357,0.9997333288192749,500
cka_feddst,cifar10,0.8,100,results/logs/cka_strength_sweep/cifar10_drift_all/strength_1p0/seed_100/splits/cifar10_split_seed100_clients5_alpha0p3_ref500.json,1.0,drift,6,conv2,1,3,0.9997509717941284,0.9997333288192749,500
cka_feddst,cifar10,0.8,100,results/logs/cka_strength_sweep/cifar10_drift_all/strength_1p0/seed_100/splits/cifar10_split_seed100_clients5_alpha0p3_ref500.json,1.0,drift,6,conv2,1,4,0.9999967217445374,0.9997333288192749,500
cka_feddst,cifar10,0.8,100,results/logs/cka_strength_sweep/cifar10_drift_all/strength_1p0/seed_100/splits/cifar10_split_seed100_clients5_alpha0p3_ref500.json,1.0,drift,6,conv2,2,0,0.9996577501296997,0.9997333288192749,500
cka_feddst,cifar10,0.8,100,results/logs/cka_strength_sweep/cifar10_drift_all/strength_1p0/seed_100/splits/cifar10_split_seed100_clients5_alpha0p3_ref500.json,1.0,drift,6,conv2,2,1,0.9992780089378357,0.9997333288192749,500
cka_feddst,cifar10,0.8,100,results/logs/cka_strength_sweep/cifar10_drift_all/strength_1p0/seed_100/splits/cifar10_split_seed100_clients5_alpha0p3_ref500.json,1.0,drift,6,conv2,2,2,1.0,0.9997333288192749,500
cka_feddst,cifar10,0.8,100,results/logs/cka_strength_sweep/cifar10_drift_all/strength_1p0/seed_100/splits/cifar10_split_seed100_clients5_alpha0p3_ref500.json,1.0,drift,6,conv2,2,3,0.9998812079429626,0.9997333288192749,500
cka_feddst,cifar10,0.8,100,results/logs/cka_strength_sweep/cifar10_drift_all/strength_1p0/seed_100/splits/cifar10_split_seed100_clients5_alpha0p3_ref500.json,1.0,drift,6,conv2,2,4,0.9992427825927734,0.9997333288192749,500
cka_feddst,cifar10,0.8,100,results/logs/cka_strength_sweep/cifar10_drift_all/strength_1p0/seed_100/splits/cifar10_split_seed100_clients5_alpha0p3_ref500.json,1.0,drift,6,conv2,3,0,0.9999459385871887,0.9997333288192749,500
cka_feddst,cifar10,0.8,100,results/logs/cka_strength_sweep/cifar10_drift_all/strength_1p0/seed_100/splits/cifar10_split_seed100_clients5_alpha0p3_ref500.json,1.0,drift,6,conv2,3,1,0.9997509717941284,0.9997333288192749,500
cka_feddst,cifar10,0.8,100,results/logs/cka_strength_sweep/cifar10_drift_all/strength_1p0/seed_100/splits/cifar10_split_seed100_clients5_alpha0p3_ref500.json,1.0,drift,6,conv2,3,2,0.9998812079429626,0.9997333288192749,500
cka_feddst,cifar10,0.8,100,results/logs/cka_strength_sweep/cifar10_drift_all/strength_1p0/seed_100/splits/cifar10_split_seed100_clients5_alpha0p3_ref500.json,1.0,drift,6,conv2,3,3,1.0,0.9997333288192749,500
cka_feddst,cifar10,0.8,100,results/logs/cka_strength_sweep/cifar10_drift_all/strength_1p0/seed_100/splits/cifar10_split_seed100_clients5_alpha0p3_ref500.json,1.0,drift,6,conv2,3,4,0.9997248649597168,0.9997333288192749,500
cka_feddst,cifar10,0.8,100,results/logs/cka_strength_sweep/cifar10_drift_all/strength_1p0/seed_100/splits/cifar10_split_seed100_clients5_alpha0p3_ref500.json,1.0,drift,6,conv2,4,0,0.9999217391014099,0.9997333288192749,500
cka_feddst,cifar10,0.8,100,results/logs/cka_strength_sweep/cifar10_drift_all/strength_1p0/seed_100/splits/cifar10_split_seed100_clients5_alpha0p3_ref500.json,1.0,drift,6,conv2,4,1,0.9999967217445374,0.9997333288192749,500
cka_feddst,cifar10,0.8,100,results/logs/cka_strength_sweep/cifar10_drift_all/strength_1p0/seed_100/splits/cifar10_split_seed100_clients5_alpha0p3_ref500.json,1.0,drift,6,conv2,4,2,0.9992427825927734,0.9997333288192749,500
cka_feddst,cifar10,0.8,100,results/logs/cka_strength_sweep/cifar10_drift_all/strength_1p0/seed_100/splits/cifar10_split_seed100_clients5_alpha0p3_ref500.json,1.0,drift,6,conv2,4,3,0.9997248649597168,0.9997333288192749,500
cka_feddst,cifar10,0.8,100,results/logs/cka_strength_sweep/cifar10_drift_all/strength_1p0/seed_100/splits/cifar10_split_seed100_clients5_alpha0p3_ref500.json,1.0,drift,6,conv2,4,4,1.0,0.9997333288192749,500
cka_feddst,cifar10,0.8,100,results/logs/cka_strength_sweep/cifar10_drift_all/strength_1p0/seed_100/splits/cifar10_split_seed100_clients5_alpha0p3_ref500.json,1.0,drift,6,conv3,0,0,1.0,0.999679446220398,500
cka_feddst,cifar10,0.8,100,results/logs/cka_strength_sweep/cifar10_drift_all/strength_1p0/seed_100/splits/cifar10_split_seed100_clients5_alpha0p3_ref500.json,1.0,drift,6,conv3,0,1,0.9999148845672607,0.999679446220398,500
cka_feddst,cifar10,0.8,100,results/logs/cka_strength_sweep/cifar10_drift_all/strength_1p0/seed_100/splits/cifar10_split_seed100_clients5_alpha0p3_ref500.json,1.0,drift,6,conv3,0,2,0.9995877146720886,0.999679446220398,500
cka_feddst,cifar10,0.8,100,results/logs/cka_strength_sweep/cifar10_drift_all/strength_1p0/seed_100/splits/cifar10_split_seed100_clients5_alpha0p3_ref500.json,1.0,drift,6,conv3,0,3,0.9999353885650635,0.999679446220398,500
cka_feddst,cifar10,0.8,100,results/logs/cka_strength_sweep/cifar10_drift_all/strength_1p0/seed_100/splits/cifar10_split_seed100_clients5_alpha0p3_ref500.json,1.0,drift,6,conv3,0,4,0.9999074935913086,0.999679446220398,500
cka_feddst,cifar10,0.8,100,results/logs/cka_strength_sweep/cifar10_drift_all/strength_1p0/seed_100/splits/cifar10_split_seed100_clients5_alpha0p3_ref500.json,1.0,drift,6,conv3,1,0,0.9999148845672607,0.999679446220398,500
cka_feddst,cifar10,0.8,100,results/logs/cka_strength_sweep/cifar10_drift_all/strength_1p0/seed_100/splits/cifar10_split_seed100_clients5_alpha0p3_ref500.json,1.0,drift,6,conv3,1,1,1.0,0.999679446220398,500
cka_feddst,cifar10,0.8,100,results/logs/cka_strength_sweep/cifar10_drift_all/strength_1p0/seed_100/splits/cifar10_split_seed100_clients5_alpha0p3_ref500.json,1.0,drift,6,conv3,1,2,0.9991225600242615,0.999679446220398,500
cka_feddst,cifar10,0.8,100,results/logs/cka_strength_sweep/cifar10_drift_all/strength_1p0/seed_100/splits/cifar10_split_seed100_clients5_alpha0p3_ref500.json,1.0,drift,6,conv3,1,3,0.9997011423110962,0.999679446220398,500
cka_feddst,cifar10,0.8,100,results/logs/cka_strength_sweep/cifar10_drift_all/strength_1p0/seed_100/splits/cifar10_split_seed100_clients5_alpha0p3_ref500.json,1.0,drift,6,conv3,1,4,0.9999932050704956,0.999679446220398,500
cka_feddst,cifar10,0.8,100,results/logs/cka_strength_sweep/cifar10_drift_all/strength_1p0/seed_100/splits/cifar10_split_seed100_clients5_alpha0p3_ref500.json,1.0,drift,6,conv3,2,0,0.9995877146720886,0.999679446220398,500
cka_feddst,cifar10,0.8,100,results/logs/cka_strength_sweep/cifar10_drift_all/strength_1p0/seed_100/splits/cifar10_split_seed100_clients5_alpha0p3_ref500.json,1.0,drift,6,conv3,2,1,0.9991225600242615,0.999679446220398,500
cka_feddst,cifar10,0.8,100,results/logs/cka_strength_sweep/cifar10_drift_all/strength_1p0/seed_100/splits/cifar10_split_seed100_clients5_alpha0p3_ref500.json,1.0,drift,6,conv3,2,2,1.0,0.999679446220398,500
cka_feddst,cifar10,0.8,100,results/logs/cka_strength_sweep/cifar10_drift_all/strength_1p0/seed_100/splits/cifar10_split_seed100_clients5_alpha0p3_ref500.json,1.0,drift,6,conv3,2,3,0.9998501539230347,0.999679446220398,500
cka_feddst,cifar10,0.8,100,results/logs/cka_strength_sweep/cifar10_drift_all/strength_1p0/seed_100/splits/cifar10_split_seed100_clients5_alpha0p3_ref500.json,1.0,drift,6,conv3,2,4,0.9991020560264587,0.999679446220398,500
cka_feddst,cifar10,0.8,100,results/logs/cka_strength_sweep/cifar10_drift_all/strength_1p0/seed_100/splits/cifar10_split_seed100_clients5_alpha0p3_ref500.json,1.0,drift,6,conv3,3,0,0.9999353885650635,0.999679446220398,500
cka_feddst,cifar10,0.8,100,results/logs/cka_strength_sweep/cifar10_drift_all/strength_1p0/seed_100/splits/cifar10_split_seed100_clients5_alpha0p3_ref500.json,1.0,drift,6,conv3,3,1,0.9997011423110962,0.999679446220398,500
cka_feddst,cifar10,0.8,100,results/logs/cka_strength_sweep/cifar10_drift_all/strength_1p0/seed_100/splits/cifar10_split_seed100_clients5_alpha0p3_ref500.json,1.0,drift,6,conv3,3,2,0.9998501539230347,0.999679446220398,500
cka_feddst,cifar10,0.8,100,results/logs/cka_strength_sweep/cifar10_drift_all/strength_1p0/seed_100/splits/cifar10_split_seed100_clients5_alpha0p3_ref500.json,1.0,drift,6,conv3,3,3,1.0,0.999679446220398,500
cka_feddst,cifar10,0.8,100,results/logs/cka_strength_sweep/cifar10_drift_all/strength_1p0/seed_100/splits/cifar10_split_seed100_clients5_alpha0p3_ref500.json,1.0,drift,6,conv3,3,4,0.9996799230575562,0.999679446220398,500
cka_feddst,cifar10,0.8,100,results/logs/cka_strength_sweep/cifar10_drift_all/strength_1p0/seed_100/splits/cifar10_split_seed100_clients5_alpha0p3_ref500.json,1.0,drift,6,conv3,4,0,0.9999074935913086,0.999679446220398,500
cka_feddst,cifar10,0.8,100,results/logs/cka_strength_sweep/cifar10_drift_all/strength_1p0/seed_100/splits/cifar10_split_seed100_clients5_alpha0p3_ref500.json,1.0,drift,6,conv3,4,1,0.9999932050704956,0.999679446220398,500
cka_feddst,cifar10,0.8,100,results/logs/cka_strength_sweep/cifar10_drift_all/strength_1p0/seed_100/splits/cifar10_split_seed100_clients5_alpha0p3_ref500.json,1.0,drift,6,conv3,4,2,0.9991020560264587,0.999679446220398,500
cka_feddst,cifar10,0.8,100,results/logs/cka_strength_sweep/cifar10_drift_all/strength_1p0/seed_100/splits/cifar10_split_seed100_clients5_alpha0p3_ref500.json,1.0,drift,6,conv3,4,3,0.9996799230575562,0.999679446220398,500
cka_feddst,cifar10,0.8,100,results/logs/cka_strength_sweep/cifar10_drift_all/strength_1p0/seed_100/splits/cifar10_split_seed100_clients5_alpha0p3_ref500.json,1.0,drift,6,conv3,4,4,1.0,0.999679446220398,500
cka_feddst,cifar10,0.8,100,results/logs/cka_strength_sweep/cifar10_drift_all/strength_1p0/seed_100/splits/cifar10_split_seed100_clients5_alpha0p3_ref500.json,1.0,drift,6,fc1,0,0,1.0,0.9962218999862671,500
cka_feddst,cifar10,0.8,100,results/logs/cka_strength_sweep/cifar10_drift_all/strength_1p0/seed_100/splits/cifar10_split_seed100_clients5_alpha0p3_ref500.json,1.0,drift,6,fc1,0,1,0.9976559281349182,0.9962218999862671,500
cka_feddst,cifar10,0.8,100,results/logs/cka_strength_sweep/cifar10_drift_all/strength_1p0/seed_100/splits/cifar10_split_seed100_clients5_alpha0p3_ref500.json,1.0,drift,6,fc1,0,2,0.9940734505653381,0.9962218999862671,500
cka_feddst,cifar10,0.8,100,results/logs/cka_strength_sweep/cifar10_drift_all/strength_1p0/seed_100/splits/cifar10_split_seed100_clients5_alpha0p3_ref500.json,1.0,drift,6,fc1,0,3,0.9987037777900696,0.9962218999862671,500
cka_feddst,cifar10,0.8,100,results/logs/cka_strength_sweep/cifar10_drift_all/strength_1p0/seed_100/splits/cifar10_split_seed100_clients5_alpha0p3_ref500.json,1.0,drift,6,fc1,0,4,0.9966323971748352,0.9962218999862671,500
cka_feddst,cifar10,0.8,100,results/logs/cka_strength_sweep/cifar10_drift_all/strength_1p0/seed_100/splits/cifar10_split_seed100_clients5_alpha0p3_ref500.json,1.0,drift,6,fc1,1,0,0.9976559281349182,0.9962218999862671,500
cka_feddst,cifar10,0.8,100,results/logs/cka_strength_sweep/cifar10_drift_all/strength_1p0/seed_100/splits/cifar10_split_seed100_clients5_alpha0p3_ref500.json,1.0,drift,6,fc1,1,1,1.0,0.9962218999862671,500
cka_feddst,cifar10,0.8,100,results/logs/cka_strength_sweep/cifar10_drift_all/strength_1p0/seed_100/splits/cifar10_split_seed100_clients5_alpha0p3_ref500.json,1.0,drift,6,fc1,1,2,0.9941194653511047,0.9962218999862671,500
cka_feddst,cifar10,0.8,100,results/logs/cka_strength_sweep/cifar10_drift_all/strength_1p0/seed_100/splits/cifar10_split_seed100_clients5_alpha0p3_ref500.json,1.0,drift,6,fc1,1,3,0.9987699389457703,0.9962218999862671,500
cka_feddst,cifar10,0.8,100,results/logs/cka_strength_sweep/cifar10_drift_all/strength_1p0/seed_100/splits/cifar10_split_seed100_clients5_alpha0p3_ref500.json,1.0,drift,6,fc1,1,4,0.9968941807746887,0.9962218999862671,500
cka_feddst,cifar10,0.8,100,results/logs/cka_strength_sweep/cifar10_drift_all/strength_1p0/seed_100/splits/cifar10_split_seed100_clients5_alpha0p3_ref500.json,1.0,drift,6,fc1,2,0,0.9940734505653381,0.9962218999862671,500
cka_feddst,cifar10,0.8,100,results/logs/cka_strength_sweep/cifar10_drift_all/strength_1p0/seed_100/splits/cifar10_split_seed100_clients5_alpha0p3_ref500.json,1.0,drift,6,fc1,2,1,0.9941194653511047,0.9962218999862671,500
cka_feddst,cifar10,0.8,100,results/logs/cka_strength_sweep/cifar10_drift_all/strength_1p0/seed_100/splits/cifar10_split_seed100_clients5_alpha0p3_ref500.json,1.0,drift,6,fc1,2,2,1.0,0.9962218999862671,500
cka_feddst,cifar10,0.8,100,results/logs/cka_strength_sweep/cifar10_drift_all/strength_1p0/seed_100/splits/cifar10_split_seed100_clients5_alpha0p3_ref500.json,1.0,drift,6,fc1,2,3,0.9949347972869873,0.9962218999862671,500
cka_feddst,cifar10,0.8,100,results/logs/cka_strength_sweep/cifar10_drift_all/strength_1p0/seed_100/splits/cifar10_split_seed100_clients5_alpha0p3_ref500.json,1.0,drift,6,fc1,2,4,0.9922559857368469,0.9962218999862671,500
cka_feddst,cifar10,0.8,100,results/logs/cka_strength_sweep/cifar10_drift_all/strength_1p0/seed_100/splits/cifar10_split_seed100_clients5_alpha0p3_ref500.json,1.0,drift,6,fc1,3,0,0.9987037777900696,0.9962218999862671,500
cka_feddst,cifar10,0.8,100,results/logs/cka_strength_sweep/cifar10_drift_all/strength_1p0/seed_100/splits/cifar10_split_seed100_clients5_alpha0p3_ref500.json,1.0,drift,6,fc1,3,1,0.9987699389457703,0.9962218999862671,500
cka_feddst,cifar10,0.8,100,results/logs/cka_strength_sweep/cifar10_drift_all/strength_1p0/seed_100/splits/cifar10_split_seed100_clients5_alpha0p3_ref500.json,1.0,drift,6,fc1,3,2,0.9949347972869873,0.9962218999862671,500
cka_feddst,cifar10,0.8,100,results/logs/cka_strength_sweep/cifar10_drift_all/strength_1p0/seed_100/splits/cifar10_split_seed100_clients5_alpha0p3_ref500.json,1.0,drift,6,fc1,3,3,1.0,0.9962218999862671,500
cka_feddst,cifar10,0.8,100,results/logs/cka_strength_sweep/cifar10_drift_all/strength_1p0/seed_100/splits/cifar10_split_seed100_clients5_alpha0p3_ref500.json,1.0,drift,6,fc1,3,4,0.9981792569160461,0.9962218999862671,500
cka_feddst,cifar10,0.8,100,results/logs/cka_strength_sweep/cifar10_drift_all/strength_1p0/seed_100/splits/cifar10_split_seed100_clients5_alpha0p3_ref500.json,1.0,drift,6,fc1,4,0,0.9966323971748352,0.9962218999862671,500
cka_feddst,cifar10,0.8,100,results/logs/cka_strength_sweep/cifar10_drift_all/strength_1p0/seed_100/splits/cifar10_split_seed100_clients5_alpha0p3_ref500.json,1.0,drift,6,fc1,4,1,0.9968941807746887,0.9962218999862671,500
cka_feddst,cifar10,0.8,100,results/logs/cka_strength_sweep/cifar10_drift_all/strength_1p0/seed_100/splits/cifar10_split_seed100_clients5_alpha0p3_ref500.json,1.0,drift,6,fc1,4,2,0.9922559857368469,0.9962218999862671,500
cka_feddst,cifar10,0.8,100,results/logs/cka_strength_sweep/cifar10_drift_all/strength_1p0/seed_100/splits/cifar10_split_seed100_clients5_alpha0p3_ref500.json,1.0,drift,6,fc1,4,3,0.9981792569160461,0.9962218999862671,500
cka_feddst,cifar10,0.8,100,results/logs/cka_strength_sweep/cifar10_drift_all/strength_1p0/seed_100/splits/cifar10_split_seed100_clients5_alpha0p3_ref500.json,1.0,drift,6,fc1,4,4,1.0,0.9962218999862671,500
cka_feddst,cifar10,0.8,100,results/logs/cka_strength_sweep/cifar10_drift_all/strength_1p0/seed_100/splits/cifar10_split_seed100_clients5_alpha0p3_ref500.json,1.0,drift,8,conv1,0,0,1.0,0.9999418258666992,500
cka_feddst,cifar10,0.8,100,results/logs/cka_strength_sweep/cifar10_drift_all/strength_1p0/seed_100/splits/cifar10_split_seed100_clients5_alpha0p3_ref500.json,1.0,drift,8,conv1,0,1,0.9999898076057434,0.9999418258666992,500
cka_feddst,cifar10,0.8,100,results/logs/cka_strength_sweep/cifar10_drift_all/strength_1p0/seed_100/splits/cifar10_split_seed100_clients5_alpha0p3_ref500.json,1.0,drift,8,conv1,0,2,0.9999110102653503,0.9999418258666992,500
cka_feddst,cifar10,0.8,100,results/logs/cka_strength_sweep/cifar10_drift_all/strength_1p0/seed_100/splits/cifar10_split_seed100_clients5_alpha0p3_ref500.json,1.0,drift,8,conv1,0,3,0.9999850392341614,0.9999418258666992,500
cka_feddst,cifar10,0.8,100,results/logs/cka_strength_sweep/cifar10_drift_all/strength_1p0/seed_100/splits/cifar10_split_seed100_clients5_alpha0p3_ref500.json,1.0,drift,8,conv1,0,4,0.9999933242797852,0.9999418258666992,500
cka_feddst,cifar10,0.8,100,results/logs/cka_strength_sweep/cifar10_drift_all/strength_1p0/seed_100/splits/cifar10_split_seed100_clients5_alpha0p3_ref500.json,1.0,drift,8,conv1,1,0,0.9999898076057434,0.9999418258666992,500
cka_feddst,cifar10,0.8,100,results/logs/cka_strength_sweep/cifar10_drift_all/strength_1p0/seed_100/splits/cifar10_split_seed100_clients5_alpha0p3_ref500.json,1.0,drift,8,conv1,1,1,1.0,0.9999418258666992,500
cka_feddst,cifar10,0.8,100,results/logs/cka_strength_sweep/cifar10_drift_all/strength_1p0/seed_100/splits/cifar10_split_seed100_clients5_alpha0p3_ref500.json,1.0,drift,8,conv1,1,2,0.9998282790184021,0.9999418258666992,500
cka_feddst,cifar10,0.8,100,results/logs/cka_strength_sweep/cifar10_drift_all/strength_1p0/seed_100/splits/cifar10_split_seed100_clients5_alpha0p3_ref500.json,1.0,drift,8,conv1,1,3,0.9999408721923828,0.9999418258666992,500
cka_feddst,cifar10,0.8,100,results/logs/cka_strength_sweep/cifar10_drift_all/strength_1p0/seed_100/splits/cifar10_split_seed100_clients5_alpha0p3_ref500.json,1.0,drift,8,conv1,1,4,0.9999998211860657,0.9999418258666992,500
cka_feddst,cifar10,0.8,100,results/logs/cka_strength_sweep/cifar10_drift_all/strength_1p0/seed_100/splits/cifar10_split_seed100_clients5_alpha0p3_ref500.json,1.0,drift,8,conv1,2,0,0.9999110102653503,0.9999418258666992,500
cka_feddst,cifar10,0.8,100,results/logs/cka_strength_sweep/cifar10_drift_all/strength_1p0/seed_100/splits/cifar10_split_seed100_clients5_alpha0p3_ref500.json,1.0,drift,8,conv1,2,1,0.9998282790184021,0.9999418258666992,500
cka_feddst,cifar10,0.8,100,results/logs/cka_strength_sweep/cifar10_drift_all/strength_1p0/seed_100/splits/cifar10_split_seed100_clients5_alpha0p3_ref500.json,1.0,drift,8,conv1,2,2,1.0,0.9999418258666992,500
cka_feddst,cifar10,0.8,100,results/logs/cka_strength_sweep/cifar10_drift_all/strength_1p0/seed_100/splits/cifar10_split_seed100_clients5_alpha0p3_ref500.json,1.0,drift,8,conv1,2,3,0.9999755024909973,0.9999418258666992,500
cka_feddst,cifar10,0.8,100,results/logs/cka_strength_sweep/cifar10_drift_all/strength_1p0/seed_100/splits/cifar10_split_seed100_clients5_alpha0p3_ref500.json,1.0,drift,8,conv1,2,4,0.9998446106910706,0.9999418258666992,500
cka_feddst,cifar10,0.8,100,results/logs/cka_strength_sweep/cifar10_drift_all/strength_1p0/seed_100/splits/cifar10_split_seed100_clients5_alpha0p3_ref500.json,1.0,drift,8,conv1,3,0,0.9999850392341614,0.9999418258666992,500
cka_feddst,cifar10,0.8,100,results/logs/cka_strength_sweep/cifar10_drift_all/strength_1p0/seed_100/splits/cifar10_split_seed100_clients5_alpha0p3_ref500.json,1.0,drift,8,conv1,3,1,0.9999408721923828,0.9999418258666992,500
cka_feddst,cifar10,0.8,100,results/logs/cka_strength_sweep/cifar10_drift_all/strength_1p0/seed_100/splits/cifar10_split_seed100_clients5_alpha0p3_ref500.json,1.0,drift,8,conv1,3,2,0.9999755024909973,0.9999418258666992,500
cka_feddst,cifar10,0.8,100,results/logs/cka_strength_sweep/cifar10_drift_all/strength_1p0/seed_100/splits/cifar10_split_seed100_clients5_alpha0p3_ref500.json,1.0,drift,8,conv1,3,3,1.0,0.9999418258666992,500
cka_feddst,cifar10,0.8,100,results/logs/cka_strength_sweep/cifar10_drift_all/strength_1p0/seed_100/splits/cifar10_split_seed100_clients5_alpha0p3_ref500.json,1.0,drift,8,conv1,3,4,0.9999498128890991,0.9999418258666992,500
cka_feddst,cifar10,0.8,100,results/logs/cka_strength_sweep/cifar10_drift_all/strength_1p0/seed_100/splits/cifar10_split_seed100_clients5_alpha0p3_ref500.json,1.0,drift,8,conv1,4,0,0.9999933242797852,0.9999418258666992,500
cka_feddst,cifar10,0.8,100,results/logs/cka_strength_sweep/cifar10_drift_all/strength_1p0/seed_100/splits/cifar10_split_seed100_clients5_alpha0p3_ref500.json,1.0,drift,8,conv1,4,1,0.9999998211860657,0.9999418258666992,500
cka_feddst,cifar10,0.8,100,results/logs/cka_strength_sweep/cifar10_drift_all/strength_1p0/seed_100/splits/cifar10_split_seed100_clients5_alpha0p3_ref500.json,1.0,drift,8,conv1,4,2,0.9998446106910706,0.9999418258666992,500
cka_feddst,cifar10,0.8,100,results/logs/cka_strength_sweep/cifar10_drift_all/strength_1p0/seed_100/splits/cifar10_split_seed100_clients5_alpha0p3_ref500.json,1.0,drift,8,conv1,4,3,0.9999498128890991,0.9999418258666992,500
cka_feddst,cifar10,0.8,100,results/logs/cka_strength_sweep/cifar10_drift_all/strength_1p0/seed_100/splits/cifar10_split_seed100_clients5_alpha0p3_ref500.json,1.0,drift,8,conv1,4,4,1.0,0.9999418258666992,500
cka_feddst,cifar10,0.8,100,results/logs/cka_strength_sweep/cifar10_drift_all/strength_1p0/seed_100/splits/cifar10_split_seed100_clients5_alpha0p3_ref500.json,1.0,drift,8,conv2,0,0,1.0,0.9996939897537231,500
cka_feddst,cifar10,0.8,100,results/logs/cka_strength_sweep/cifar10_drift_all/strength_1p0/seed_100/splits/cifar10_split_seed100_clients5_alpha0p3_ref500.json,1.0,drift,8,conv2,0,1,0.9999033808708191,0.9996939897537231,500
cka_feddst,cifar10,0.8,100,results/logs/cka_strength_sweep/cifar10_drift_all/strength_1p0/seed_100/splits/cifar10_split_seed100_clients5_alpha0p3_ref500.json,1.0,drift,8,conv2,0,2,0.9995980262756348,0.9996939897537231,500
cka_feddst,cifar10,0.8,100,results/logs/cka_strength_sweep/cifar10_drift_all/strength_1p0/seed_100/splits/cifar10_split_seed100_clients5_alpha0p3_ref500.json,1.0,drift,8,conv2,0,3,0.9999489188194275,0.9996939897537231,500
cka_feddst,cifar10,0.8,100,results/logs/cka_strength_sweep/cifar10_drift_all/strength_1p0/seed_100/splits/cifar10_split_seed100_clients5_alpha0p3_ref500.json,1.0,drift,8,conv2,0,4,0.9999268054962158,0.9996939897537231,500
cka_feddst,cifar10,0.8,100,results/logs/cka_strength_sweep/cifar10_drift_all/strength_1p0/seed_100/splits/cifar10_split_seed100_clients5_alpha0p3_ref500.json,1.0,drift,8,conv2,1,0,0.9999033808708191,0.9996939897537231,500
cka_feddst,cifar10,0.8,100,results/logs/cka_strength_sweep/cifar10_drift_all/strength_1p0/seed_100/splits/cifar10_split_seed100_clients5_alpha0p3_ref500.json,1.0,drift,8,conv2,1,1,1.0,0.9996939897537231,500
cka_feddst,cifar10,0.8,100,results/logs/cka_strength_sweep/cifar10_drift_all/strength_1p0/seed_100/splits/cifar10_split_seed100_clients5_alpha0p3_ref500.json,1.0,drift,8,conv2,1,2,0.9991050362586975,0.9996939897537231,500
cka_feddst,cifar10,0.8,100,results/logs/cka_strength_sweep/cifar10_drift_all/strength_1p0/seed_100/splits/cifar10_split_seed100_clients5_alpha0p3_ref500.json,1.0,drift,8,conv2,1,3,0.9997158050537109,0.9996939897537231,500
cka_feddst,cifar10,0.8,100,results/logs/cka_strength_sweep/cifar10_drift_all/strength_1p0/seed_100/splits/cifar10_split_seed100_clients5_alpha0p3_ref500.json,1.0,drift,8,conv2,1,4,0.9999915957450867,0.9996939897537231,500
cka_feddst,cifar10,0.8,100,results/logs/cka_strength_sweep/cifar10_drift_all/strength_1p0/seed_100/splits/cifar10_split_seed100_clients5_alpha0p3_ref500.json,1.0,drift,8,conv2,2,0,0.9995980262756348,0.9996939897537231,500
cka_feddst,cifar10,0.8,100,results/logs/cka_strength_sweep/cifar10_drift_all/strength_1p0/seed_100/splits/cifar10_split_seed100_clients5_alpha0p3_ref500.json,1.0,drift,8,conv2,2,1,0.9991050362586975,0.9996939897537231,500
cka_feddst,cifar10,0.8,100,results/logs/cka_strength_sweep/cifar10_drift_all/strength_1p0/seed_100/splits/cifar10_split_seed100_clients5_alpha0p3_ref500.json,1.0,drift,8,conv2,2,2,1.0,0.9996939897537231,500
cka_feddst,cifar10,0.8,100,results/logs/cka_strength_sweep/cifar10_drift_all/strength_1p0/seed_100/splits/cifar10_split_seed100_clients5_alpha0p3_ref500.json,1.0,drift,8,conv2,2,3,0.9998295903205872,0.9996939897537231,500
cka_feddst,cifar10,0.8,100,results/logs/cka_strength_sweep/cifar10_drift_all/strength_1p0/seed_100/splits/cifar10_split_seed100_clients5_alpha0p3_ref500.json,1.0,drift,8,conv2,2,4,0.9991724491119385,0.9996939897537231,500
cka_feddst,cifar10,0.8,100,results/logs/cka_strength_sweep/cifar10_drift_all/strength_1p0/seed_100/splits/cifar10_split_seed100_clients5_alpha0p3_ref500.json,1.0,drift,8,conv2,3,0,0.9999489188194275,0.9996939897537231,500
cka_feddst,cifar10,0.8,100,results/logs/cka_strength_sweep/cifar10_drift_all/strength_1p0/seed_100/splits/cifar10_split_seed100_clients5_alpha0p3_ref500.json,1.0,drift,8,conv2,3,1,0.9997158050537109,0.9996939897537231,500
cka_feddst,cifar10,0.8,100,results/logs/cka_strength_sweep/cifar10_drift_all/strength_1p0/seed_100/splits/cifar10_split_seed100_clients5_alpha0p3_ref500.json,1.0,drift,8,conv2,3,2,0.9998295903205872,0.9996939897537231,500
cka_feddst,cifar10,0.8,100,results/logs/cka_strength_sweep/cifar10_drift_all/strength_1p0/seed_100/splits/cifar10_split_seed100_clients5_alpha0p3_ref500.json,1.0,drift,8,conv2,3,3,1.0,0.9996939897537231,500
cka_feddst,cifar10,0.8,100,results/logs/cka_strength_sweep/cifar10_drift_all/strength_1p0/seed_100/splits/cifar10_split_seed100_clients5_alpha0p3_ref500.json,1.0,drift,8,conv2,3,4,0.9997478723526001,0.9996939897537231,500
cka_feddst,cifar10,0.8,100,results/logs/cka_strength_sweep/cifar10_drift_all/strength_1p0/seed_100/splits/cifar10_split_seed100_clients5_alpha0p3_ref500.json,1.0,drift,8,conv2,4,0,0.9999268054962158,0.9996939897537231,500
cka_feddst,cifar10,0.8,100,results/logs/cka_strength_sweep/cifar10_drift_all/strength_1p0/seed_100/splits/cifar10_split_seed100_clients5_alpha0p3_ref500.json,1.0,drift,8,conv2,4,1,0.9999915957450867,0.9996939897537231,500
cka_feddst,cifar10,0.8,100,results/logs/cka_strength_sweep/cifar10_drift_all/strength_1p0/seed_100/splits/cifar10_split_seed100_clients5_alpha0p3_ref500.json,1.0,drift,8,conv2,4,2,0.9991724491119385,0.9996939897537231,500
cka_feddst,cifar10,0.8,100,results/logs/cka_strength_sweep/cifar10_drift_all/strength_1p0/seed_100/splits/cifar10_split_seed100_clients5_alpha0p3_ref500.json,1.0,drift,8,conv2,4,3,0.9997478723526001,0.9996939897537231,500
cka_feddst,cifar10,0.8,100,results/logs/cka_strength_sweep/cifar10_drift_all/strength_1p0/seed_100/splits/cifar10_split_seed100_clients5_alpha0p3_ref500.json,1.0,drift,8,conv2,4,4,1.0,0.9996939897537231,500
cka_feddst,cifar10,0.8,100,results/logs/cka_strength_sweep/cifar10_drift_all/strength_1p0/seed_100/splits/cifar10_split_seed100_clients5_alpha0p3_ref500.json,1.0,drift,8,conv3,0,0,1.0,0.9996160268783569,500
cka_feddst,cifar10,0.8,100,results/logs/cka_strength_sweep/cifar10_drift_all/strength_1p0/seed_100/splits/cifar10_split_seed100_clients5_alpha0p3_ref500.json,1.0,drift,8,conv3,0,1,0.9998743534088135,0.9996160268783569,500
cka_feddst,cifar10,0.8,100,results/logs/cka_strength_sweep/cifar10_drift_all/strength_1p0/seed_100/splits/cifar10_split_seed100_clients5_alpha0p3_ref500.json,1.0,drift,8,conv3,0,2,0.9994980096817017,0.9996160268783569,500
cka_feddst,cifar10,0.8,100,results/logs/cka_strength_sweep/cifar10_drift_all/strength_1p0/seed_100/splits/cifar10_split_seed100_clients5_alpha0p3_ref500.json,1.0,drift,8,conv3,0,3,0.9999357461929321,0.9996160268783569,500
cka_feddst,cifar10,0.8,100,results/logs/cka_strength_sweep/cifar10_drift_all/strength_1p0/seed_100/splits/cifar10_split_seed100_clients5_alpha0p3_ref500.json,1.0,drift,8,conv3,0,4,0.9999077320098877,0.9996160268783569,500
cka_feddst,cifar10,0.8,100,results/logs/cka_strength_sweep/cifar10_drift_all/strength_1p0/seed_100/splits/cifar10_split_seed100_clients5_alpha0p3_ref500.json,1.0,drift,8,conv3,1,0,0.9998743534088135,0.9996160268783569,500
cka_feddst,cifar10,0.8,100,results/logs/cka_strength_sweep/cifar10_drift_all/strength_1p0/seed_100/splits/cifar10_split_seed100_clients5_alpha0p3_ref500.json,1.0,drift,8,conv3,1,1,1.0,0.9996160268783569,500
cka_feddst,cifar10,0.8,100,results/logs/cka_strength_sweep/cifar10_drift_all/strength_1p0/seed_100/splits/cifar10_split_seed100_clients5_alpha0p3_ref500.json,1.0,drift,8,conv3,1,2,0.9988721609115601,0.9996160268783569,500
cka_feddst,cifar10,0.8,100,results/logs/cka_strength_sweep/cifar10_drift_all/strength_1p0/seed_100/splits/cifar10_split_seed100_clients5_alpha0p3_ref500.json,1.0,drift,8,conv3,1,3,0.9996390342712402,0.9996160268783569,500
cka_feddst,cifar10,0.8,100,results/logs/cka_strength_sweep/cifar10_drift_all/strength_1p0/seed_100/splits/cifar10_split_seed100_clients5_alpha0p3_ref500.json,1.0,drift,8,conv3,1,4,0.9999839663505554,0.9996160268783569,500
cka_feddst,cifar10,0.8,100,results/logs/cka_strength_sweep/cifar10_drift_all/strength_1p0/seed_100/splits/cifar10_split_seed100_clients5_alpha0p3_ref500.json,1.0,drift,8,conv3,2,0,0.9994980096817017,0.9996160268783569,500
cka_feddst,cifar10,0.8,100,results/logs/cka_strength_sweep/cifar10_drift_all/strength_1p0/seed_100/splits/cifar10_split_seed100_clients5_alpha0p3_ref500.json,1.0,drift,8,conv3,2,1,0.9988721609115601,0.9996160268783569,500
cka_feddst,cifar10,0.8,100,results/logs/cka_strength_sweep/cifar10_drift_all/strength_1p0/seed_100/splits/cifar10_split_seed100_clients5_alpha0p3_ref500.json,1.0,drift,8,conv3,2,2,1.0,0.9996160268783569,500
cka_feddst,cifar10,0.8,100,results/logs/cka_strength_sweep/cifar10_drift_all/strength_1p0/seed_100/splits/cifar10_split_seed100_clients5_alpha0p3_ref500.json,1.0,drift,8,conv3,2,3,0.9997864961624146,0.9996160268783569,500
cka_feddst,cifar10,0.8,100,results/logs/cka_strength_sweep/cifar10_drift_all/strength_1p0/seed_100/splits/cifar10_split_seed100_clients5_alpha0p3_ref500.json,1.0,drift,8,conv3,2,4,0.9989733695983887,0.9996160268783569,500
cka_feddst,cifar10,0.8,100,results/logs/cka_strength_sweep/cifar10_drift_all/strength_1p0/seed_100/splits/cifar10_split_seed100_clients5_alpha0p3_ref500.json,1.0,drift,8,conv3,3,0,0.9999357461929321,0.9996160268783569,500
cka_feddst,cifar10,0.8,100,results/logs/cka_strength_sweep/cifar10_drift_all/strength_1p0/seed_100/splits/cifar10_split_seed100_clients5_alpha0p3_ref500.json,1.0,drift,8,conv3,3,1,0.9996390342712402,0.9996160268783569,500
cka_feddst,cifar10,0.8,100,results/logs/cka_strength_sweep/cifar10_drift_all/strength_1p0/seed_100/splits/cifar10_split_seed100_clients5_alpha0p3_ref500.json,1.0,drift,8,conv3,3,2,0.9997864961624146,0.9996160268783569,500
cka_feddst,cifar10,0.8,100,results/logs/cka_strength_sweep/cifar10_drift_all/strength_1p0/seed_100/splits/cifar10_split_seed100_clients5_alpha0p3_ref500.json,1.0,drift,8,conv3,3,3,1.0,0.9996160268783569,500
cka_feddst,cifar10,0.8,100,results/logs/cka_strength_sweep/cifar10_drift_all/strength_1p0/seed_100/splits/cifar10_split_seed100_clients5_alpha0p3_ref500.json,1.0,drift,8,conv3,3,4,0.9996901750564575,0.9996160268783569,500
cka_feddst,cifar10,0.8,100,results/logs/cka_strength_sweep/cifar10_drift_all/strength_1p0/seed_100/splits/cifar10_split_seed100_clients5_alpha0p3_ref500.json,1.0,drift,8,conv3,4,0,0.9999077320098877,0.9996160268783569,500
cka_feddst,cifar10,0.8,100,results/logs/cka_strength_sweep/cifar10_drift_all/strength_1p0/seed_100/splits/cifar10_split_seed100_clients5_alpha0p3_ref500.json,1.0,drift,8,conv3,4,1,0.9999839663505554,0.9996160268783569,500
cka_feddst,cifar10,0.8,100,results/logs/cka_strength_sweep/cifar10_drift_all/strength_1p0/seed_100/splits/cifar10_split_seed100_clients5_alpha0p3_ref500.json,1.0,drift,8,conv3,4,2,0.9989733695983887,0.9996160268783569,500
cka_feddst,cifar10,0.8,100,results/logs/cka_strength_sweep/cifar10_drift_all/strength_1p0/seed_100/splits/cifar10_split_seed100_clients5_alpha0p3_ref500.json,1.0,drift,8,conv3,4,3,0.9996901750564575,0.9996160268783569,500
cka_feddst,cifar10,0.8,100,results/logs/cka_strength_sweep/cifar10_drift_all/strength_1p0/seed_100/splits/cifar10_split_seed100_clients5_alpha0p3_ref500.json,1.0,drift,8,conv3,4,4,1.0,0.9996160268783569,500
cka_feddst,cifar10,0.8,100,results/logs/cka_strength_sweep/cifar10_drift_all/strength_1p0/seed_100/splits/cifar10_split_seed100_clients5_alpha0p3_ref500.json,1.0,drift,8,fc1,0,0,1.0,0.992080807685852,500
cka_feddst,cifar10,0.8,100,results/logs/cka_strength_sweep/cifar10_drift_all/strength_1p0/seed_100/splits/cifar10_split_seed100_clients5_alpha0p3_ref500.json,1.0,drift,8,fc1,0,1,0.9934780597686768,0.992080807685852,500
cka_feddst,cifar10,0.8,100,results/logs/cka_strength_sweep/cifar10_drift_all/strength_1p0/seed_100/splits/cifar10_split_seed100_clients5_alpha0p3_ref500.json,1.0,drift,8,fc1,0,2,0.9802240133285522,0.992080807685852,500
cka_feddst,cifar10,0.8,100,results/logs/cka_strength_sweep/cifar10_drift_all/strength_1p0/seed_100/splits/cifar10_split_seed100_clients5_alpha0p3_ref500.json,1.0,drift,8,fc1,0,3,0.9935060739517212,0.992080807685852,500
cka_feddst,cifar10,0.8,100,results/logs/cka_strength_sweep/cifar10_drift_all/strength_1p0/seed_100/splits/cifar10_split_seed100_clients5_alpha0p3_ref500.json,1.0,drift,8,fc1,0,4,0.9903634190559387,0.992080807685852,500
cka_feddst,cifar10,0.8,100,results/logs/cka_strength_sweep/cifar10_drift_all/strength_1p0/seed_100/splits/cifar10_split_seed100_clients5_alpha0p3_ref500.json,1.0,drift,8,fc1,1,0,0.9934780597686768,0.992080807685852,500
cka_feddst,cifar10,0.8,100,results/logs/cka_strength_sweep/cifar10_drift_all/strength_1p0/seed_100/splits/cifar10_split_seed100_clients5_alpha0p3_ref500.json,1.0,drift,8,fc1,1,1,1.0,0.992080807685852,500
cka_feddst,cifar10,0.8,100,results/logs/cka_strength_sweep/cifar10_drift_all/strength_1p0/seed_100/splits/cifar10_split_seed100_clients5_alpha0p3_ref500.json,1.0,drift,8,fc1,1,2,0.9889734983444214,0.992080807685852,500
cka_feddst,cifar10,0.8,100,results/logs/cka_strength_sweep/cifar10_drift_all/strength_1p0/seed_100/splits/cifar10_split_seed100_clients5_alpha0p3_ref500.json,1.0,drift,8,fc1,1,3,0.9976512789726257,0.992080807685852,500
cka_feddst,cifar10,0.8,100,results/logs/cka_strength_sweep/cifar10_drift_all/strength_1p0/seed_100/splits/cifar10_split_seed100_clients5_alpha0p3_ref500.json,1.0,drift,8,fc1,1,4,0.9938681721687317,0.992080807685852,500
cka_feddst,cifar10,0.8,100,results/logs/cka_strength_sweep/cifar10_drift_all/strength_1p0/seed_100/splits/cifar10_split_seed100_clients5_alpha0p3_ref500.json,1.0,drift,8,fc1,2,0,0.9802240133285522,0.992080807685852,500
cka_feddst,cifar10,0.8,100,results/logs/cka_strength_sweep/cifar10_drift_all/strength_1p0/seed_100/splits/cifar10_split_seed100_clients5_alpha0p3_ref500.json,1.0,drift,8,fc1,2,1,0.9889734983444214,0.992080807685852,500
cka_feddst,cifar10,0.8,100,results/logs/cka_strength_sweep/cifar10_drift_all/strength_1p0/seed_100/splits/cifar10_split_seed100_clients5_alpha0p3_ref500.json,1.0,drift,8,fc1,2,2,1.0,0.992080807685852,500
cka_feddst,cifar10,0.8,100,results/logs/cka_strength_sweep/cifar10_drift_all/strength_1p0/seed_100/splits/cifar10_split_seed100_clients5_alpha0p3_ref500.json,1.0,drift,8,fc1,2,3,0.9938939213752747,0.992080807685852,500
cka_feddst,cifar10,0.8,100,results/logs/cka_strength_sweep/cifar10_drift_all/strength_1p0/seed_100/splits/cifar10_split_seed100_clients5_alpha0p3_ref500.json,1.0,drift,8,fc1,2,4,0.9917139410972595,0.992080807685852,500
cka_feddst,cifar10,0.8,100,results/logs/cka_strength_sweep/cifar10_drift_all/strength_1p0/seed_100/splits/cifar10_split_seed100_clients5_alpha0p3_ref500.json,1.0,drift,8,fc1,3,0,0.9935060739517212,0.992080807685852,500
cka_feddst,cifar10,0.8,100,results/logs/cka_strength_sweep/cifar10_drift_all/strength_1p0/seed_100/splits/cifar10_split_seed100_clients5_alpha0p3_ref500.json,1.0,drift,8,fc1,3,1,0.9976512789726257,0.992080807685852,500
cka_feddst,cifar10,0.8,100,results/logs/cka_strength_sweep/cifar10_drift_all/strength_1p0/seed_100/splits/cifar10_split_seed100_clients5_alpha0p3_ref500.json,1.0,drift,8,fc1,3,2,0.9938939213752747,0.992080807685852,500
cka_feddst,cifar10,0.8,100,results/logs/cka_strength_sweep/cifar10_drift_all/strength_1p0/seed_100/splits/cifar10_split_seed100_clients5_alpha0p3_ref500.json,1.0,drift,8,fc1,3,3,1.0,0.992080807685852,500
cka_feddst,cifar10,0.8,100,results/logs/cka_strength_sweep/cifar10_drift_all/strength_1p0/seed_100/splits/cifar10_split_seed100_clients5_alpha0p3_ref500.json,1.0,drift,8,fc1,3,4,0.9971358776092529,0.992080807685852,500
cka_feddst,cifar10,0.8,100,results/logs/cka_strength_sweep/cifar10_drift_all/strength_1p0/seed_100/splits/cifar10_split_seed100_clients5_alpha0p3_ref500.json,1.0,drift,8,fc1,4,0,0.9903634190559387,0.992080807685852,500
cka_feddst,cifar10,0.8,100,results/logs/cka_strength_sweep/cifar10_drift_all/strength_1p0/seed_100/splits/cifar10_split_seed100_clients5_alpha0p3_ref500.json,1.0,drift,8,fc1,4,1,0.9938681721687317,0.992080807685852,500
cka_feddst,cifar10,0.8,100,results/logs/cka_strength_sweep/cifar10_drift_all/strength_1p0/seed_100/splits/cifar10_split_seed100_clients5_alpha0p3_ref500.json,1.0,drift,8,fc1,4,2,0.9917139410972595,0.992080807685852,500
cka_feddst,cifar10,0.8,100,results/logs/cka_strength_sweep/cifar10_drift_all/strength_1p0/seed_100/splits/cifar10_split_seed100_clients5_alpha0p3_ref500.json,1.0,drift,8,fc1,4,3,0.9971358776092529,0.992080807685852,500
cka_feddst,cifar10,0.8,100,results/logs/cka_strength_sweep/cifar10_drift_all/strength_1p0/seed_100/splits/cifar10_split_seed100_clients5_alpha0p3_ref500.json,1.0,drift,8,fc1,4,4,1.0,0.992080807685852,500
cka_feddst,cifar10,0.8,100,results/logs/cka_strength_sweep/cifar10_drift_all/strength_1p0/seed_100/splits/cifar10_split_seed100_clients5_alpha0p3_ref500.json,1.0,drift,10,conv1,0,0,1.0,0.9999252557754517,500
cka_feddst,cifar10,0.8,100,results/logs/cka_strength_sweep/cifar10_drift_all/strength_1p0/seed_100/splits/cifar10_split_seed100_clients5_alpha0p3_ref500.json,1.0,drift,10,conv1,0,1,0.9999855756759644,0.9999252557754517,500
cka_feddst,cifar10,0.8,100,results/logs/cka_strength_sweep/cifar10_drift_all/strength_1p0/seed_100/splits/cifar10_split_seed100_clients5_alpha0p3_ref500.json,1.0,drift,10,conv1,0,2,0.9998920559883118,0.9999252557754517,500
cka_feddst,cifar10,0.8,100,results/logs/cka_strength_sweep/cifar10_drift_all/strength_1p0/seed_100/splits/cifar10_split_seed100_clients5_alpha0p3_ref500.json,1.0,drift,10,conv1,0,3,0.9999821782112122,0.9999252557754517,500
cka_feddst,cifar10,0.8,100,results/logs/cka_strength_sweep/cifar10_drift_all/strength_1p0/seed_100/splits/cifar10_split_seed100_clients5_alpha0p3_ref500.json,1.0,drift,10,conv1,0,4,0.9999892115592957,0.9999252557754517,500
cka_feddst,cifar10,0.8,100,results/logs/cka_strength_sweep/cifar10_drift_all/strength_1p0/seed_100/splits/cifar10_split_seed100_clients5_alpha0p3_ref500.json,1.0,drift,10,conv1,1,0,0.9999855756759644,0.9999252557754517,500
cka_feddst,cifar10,0.8,100,results/logs/cka_strength_sweep/cifar10_drift_all/strength_1p0/seed_100/splits/cifar10_split_seed100_clients5_alpha0p3_ref500.json,1.0,drift,10,conv1,1,1,1.0,0.9999252557754517,500
cka_feddst,cifar10,0.8,100,results/logs/cka_strength_sweep/cifar10_drift_all/strength_1p0/seed_100/splits/cifar10_split_seed100_clients5_alpha0p3_ref500.json,1.0,drift,10,conv1,1,2,0.9997828006744385,0.9999252557754517,500
cka_feddst,cifar10,0.8,100,results/logs/cka_strength_sweep/cifar10_drift_all/strength_1p0/seed_100/splits/cifar10_split_seed100_clients5_alpha0p3_ref500.json,1.0,drift,10,conv1,1,3,0.9999235272407532,0.9999252557754517,500
cka_feddst,cifar10,0.8,100,results/logs/cka_strength_sweep/cifar10_drift_all/strength_1p0/seed_100/splits/cifar10_split_seed100_clients5_alpha0p3_ref500.json,1.0,drift,10,conv1,1,4,1.0,0.9999252557754517,500
cka_feddst,cifar10,0.8,100,results/logs/cka_strength_sweep/cifar10_drift_all/strength_1p0/seed_100/splits/cifar10_split_seed100_clients5_alpha0p3_ref500.json,1.0,drift,10,conv1,2,0,0.9998920559883118,0.9999252557754517,500
cka_feddst,cifar10,0.8,100,results/logs/cka_strength_sweep/cifar10_drift_all/strength_1p0/seed_100/splits/cifar10_split_seed100_clients5_alpha0p3_ref500.json,1.0,drift,10,conv1,2,1,0.9997828006744385,0.9999252557754517,500
cka_feddst,cifar10,0.8,100,results/logs/cka_strength_sweep/cifar10_drift_all/strength_1p0/seed_100/splits/cifar10_split_seed100_clients5_alpha0p3_ref500.json,1.0,drift,10,conv1,2,2,1.0,0.9999252557754517,500
cka_feddst,cifar10,0.8,100,results/logs/cka_strength_sweep/cifar10_drift_all/strength_1p0/seed_100/splits/cifar10_split_seed100_clients5_alpha0p3_ref500.json,1.0,drift,10,conv1,2,3,0.9999678730964661,0.9999252557754517,500
cka_feddst,cifar10,0.8,100,results/logs/cka_strength_sweep/cifar10_drift_all/strength_1p0/seed_100/splits/cifar10_split_seed100_clients5_alpha0p3_ref500.json,1.0,drift,10,conv1,2,4,0.9997972249984741,0.9999252557754517,500
cka_feddst,cifar10,0.8,100,results/logs/cka_strength_sweep/cifar10_drift_all/strength_1p0/seed_100/splits/cifar10_split_seed100_clients5_alpha0p3_ref500.json,1.0,drift,10,conv1,3,0,0.9999821782112122,0.9999252557754517,500
cka_feddst,cifar10,0.8,100,results/logs/cka_strength_sweep/cifar10_drift_all/strength_1p0/seed_100/splits/cifar10_split_seed100_clients5_alpha0p3_ref500.json,1.0,drift,10,conv1,3,1,0.9999235272407532,0.9999252557754517,500
cka_feddst,cifar10,0.8,100,results/logs/cka_strength_sweep/cifar10_drift_all/strength_1p0/seed_100/splits/cifar10_split_seed100_clients5_alpha0p3_ref500.json,1.0,drift,10,conv1,3,2,0.9999678730964661,0.9999252557754517,500
cka_feddst,cifar10,0.8,100,results/logs/cka_strength_sweep/cifar10_drift_all/strength_1p0/seed_100/splits/cifar10_split_seed100_clients5_alpha0p3_ref500.json,1.0,drift,10,conv1,3,3,1.0,0.9999252557754517,500
cka_feddst,cifar10,0.8,100,results/logs/cka_strength_sweep/cifar10_drift_all/strength_1p0/seed_100/splits/cifar10_split_seed100_clients5_alpha0p3_ref500.json,1.0,drift,10,conv1,3,4,0.9999318718910217,0.9999252557754517,500
cka_feddst,cifar10,0.8,100,results/logs/cka_strength_sweep/cifar10_drift_all/strength_1p0/seed_100/splits/cifar10_split_seed100_clients5_alpha0p3_ref500.json,1.0,drift,10,conv1,4,0,0.9999892115592957,0.9999252557754517,500
cka_feddst,cifar10,0.8,100,results/logs/cka_strength_sweep/cifar10_drift_all/strength_1p0/seed_100/splits/cifar10_split_seed100_clients5_alpha0p3_ref500.json,1.0,drift,10,conv1,4,1,1.0,0.9999252557754517,500
cka_feddst,cifar10,0.8,100,results/logs/cka_strength_sweep/cifar10_drift_all/strength_1p0/seed_100/splits/cifar10_split_seed100_clients5_alpha0p3_ref500.json,1.0,drift,10,conv1,4,2,0.9997972249984741,0.9999252557754517,500
cka_feddst,cifar10,0.8,100,results/logs/cka_strength_sweep/cifar10_drift_all/strength_1p0/seed_100/splits/cifar10_split_seed100_clients5_alpha0p3_ref500.json,1.0,drift,10,conv1,4,3,0.9999318718910217,0.9999252557754517,500
cka_feddst,cifar10,0.8,100,results/logs/cka_strength_sweep/cifar10_drift_all/strength_1p0/seed_100/splits/cifar10_split_seed100_clients5_alpha0p3_ref500.json,1.0,drift,10,conv1,4,4,1.0,0.9999252557754517,500
cka_feddst,cifar10,0.8,100,results/logs/cka_strength_sweep/cifar10_drift_all/strength_1p0/seed_100/splits/cifar10_split_seed100_clients5_alpha0p3_ref500.json,1.0,drift,10,conv2,0,0,1.0,0.9996510744094849,500
cka_feddst,cifar10,0.8,100,results/logs/cka_strength_sweep/cifar10_drift_all/strength_1p0/seed_100/splits/cifar10_split_seed100_clients5_alpha0p3_ref500.json,1.0,drift,10,conv2,0,1,0.9998835921287537,0.9996510744094849,500
cka_feddst,cifar10,0.8,100,results/logs/cka_strength_sweep/cifar10_drift_all/strength_1p0/seed_100/splits/cifar10_split_seed100_clients5_alpha0p3_ref500.json,1.0,drift,10,conv2,0,2,0.9995608329772949,0.9996510744094849,500
cka_feddst,cifar10,0.8,100,results/logs/cka_strength_sweep/cifar10_drift_all/strength_1p0/seed_100/splits/cifar10_split_seed100_clients5_alpha0p3_ref500.json,1.0,drift,10,conv2,0,3,0.9999271035194397,0.9996510744094849,500
cka_feddst,cifar10,0.8,100,results/logs/cka_strength_sweep/cifar10_drift_all/strength_1p0/seed_100/splits/cifar10_split_seed100_clients5_alpha0p3_ref500.json,1.0,drift,10,conv2,0,4,0.9999158978462219,0.9996510744094849,500
cka_feddst,cifar10,0.8,100,results/logs/cka_strength_sweep/cifar10_drift_all/strength_1p0/seed_100/splits/cifar10_split_seed100_clients5_alpha0p3_ref500.json,1.0,drift,10,conv2,1,0,0.9998835921287537,0.9996510744094849,500
cka_feddst,cifar10,0.8,100,results/logs/cka_strength_sweep/cifar10_drift_all/strength_1p0/seed_100/splits/cifar10_split_seed100_clients5_alpha0p3_ref500.json,1.0,drift,10,conv2,1,1,1.0,0.9996510744094849,500
cka_feddst,cifar10,0.8,100,results/logs/cka_strength_sweep/cifar10_drift_all/strength_1p0/seed_100/splits/cifar10_split_seed100_clients5_alpha0p3_ref500.json,1.0,drift,10,conv2,1,2,0.9989912509918213,0.9996510744094849,500
cka_feddst,cifar10,0.8,100,results/logs/cka_strength_sweep/cifar10_drift_all/strength_1p0/seed_100/splits/cifar10_split_seed100_clients5_alpha0p3_ref500.json,1.0,drift,10,conv2,1,3,0.9996252655982971,0.9996510744094849,500
cka_feddst,cifar10,0.8,100,results/logs/cka_strength_sweep/cifar10_drift_all/strength_1p0/seed_100/splits/cifar10_split_seed100_clients5_alpha0p3_ref500.json,1.0,drift,10,conv2,1,4,0.9999892115592957,0.9996510744094849,500
cka_feddst,cifar10,0.8,100,results/logs/cka_strength_sweep/cifar10_drift_all/strength_1p0/seed_100/splits/cifar10_split_seed100_clients5_alpha0p3_ref500.json,1.0,drift,10,conv2,2,0,0.9995608329772949,0.9996510744094849,500
cka_feddst,cifar10,0.8,100,results/logs/cka_strength_sweep/cifar10_drift_all/strength_1p0/seed_100/splits/cifar10_split_seed100_clients5_alpha0p3_ref500.json,1.0,drift,10,conv2,2,1,0.9989912509918213,0.9996510744094849,500
cka_feddst,cifar10,0.8,100,results/logs/cka_strength_sweep/cifar10_drift_all/strength_1p0/seed_100/splits/cifar10_split_seed100_clients5_alpha0p3_ref500.json,1.0,drift,10,conv2,2,2,1.0,0.9996510744094849,500
cka_feddst,cifar10,0.8,100,results/logs/cka_strength_sweep/cifar10_drift_all/strength_1p0/seed_100/splits/cifar10_split_seed100_clients5_alpha0p3_ref500.json,1.0,drift,10,conv2,2,3,0.9998462796211243,0.9996510744094849,500
cka_feddst,cifar10,0.8,100,results/logs/cka_strength_sweep/cifar10_drift_all/strength_1p0/seed_100/splits/cifar10_split_seed100_clients5_alpha0p3_ref500.json,1.0,drift,10,conv2,2,4,0.9990890026092529,0.9996510744094849,500
cka_feddst,cifar10,0.8,100,results/logs/cka_strength_sweep/cifar10_drift_all/strength_1p0/seed_100/splits/cifar10_split_seed100_clients5_alpha0p3_ref500.json,1.0,drift,10,conv2,3,0,0.9999271035194397,0.9996510744094849,500
cka_feddst,cifar10,0.8,100,results/logs/cka_strength_sweep/cifar10_drift_all/strength_1p0/seed_100/splits/cifar10_split_seed100_clients5_alpha0p3_ref500.json,1.0,drift,10,conv2,3,1,0.9996252655982971,0.9996510744094849,500
cka_feddst,cifar10,0.8,100,results/logs/cka_strength_sweep/cifar10_drift_all/strength_1p0/seed_100/splits/cifar10_split_seed100_clients5_alpha0p3_ref500.json,1.0,drift,10,conv2,3,2,0.9998462796211243,0.9996510744094849,500
cka_feddst,cifar10,0.8,100,results/logs/cka_strength_sweep/cifar10_drift_all/strength_1p0/seed_100/splits/cifar10_split_seed100_clients5_alpha0p3_ref500.json,1.0,drift,10,conv2,3,3,1.0,0.9996510744094849,500
cka_feddst,cifar10,0.8,100,results/logs/cka_strength_sweep/cifar10_drift_all/strength_1p0/seed_100/splits/cifar10_split_seed100_clients5_alpha0p3_ref500.json,1.0,drift,10,conv2,3,4,0.9996809363365173,0.9996510744094849,500
cka_feddst,cifar10,0.8,100,results/logs/cka_strength_sweep/cifar10_drift_all/strength_1p0/seed_100/splits/cifar10_split_seed100_clients5_alpha0p3_ref500.json,1.0,drift,10,conv2,4,0,0.9999158978462219,0.9996510744094849,500
cka_feddst,cifar10,0.8,100,results/logs/cka_strength_sweep/cifar10_drift_all/strength_1p0/seed_100/splits/cifar10_split_seed100_clients5_alpha0p3_ref500.json,1.0,drift,10,conv2,4,1,0.9999892115592957,0.9996510744094849,500
cka_feddst,cifar10,0.8,100,results/logs/cka_strength_sweep/cifar10_drift_all/strength_1p0/seed_100/splits/cifar10_split_seed100_clients5_alpha0p3_ref500.json,1.0,drift,10,conv2,4,2,0.9990890026092529,0.9996510744094849,500
cka_feddst,cifar10,0.8,100,results/logs/cka_strength_sweep/cifar10_drift_all/strength_1p0/seed_100/splits/cifar10_split_seed100_clients5_alpha0p3_ref500.json,1.0,drift,10,conv2,4,3,0.9996809363365173,0.9996510744094849,500
cka_feddst,cifar10,0.8,100,results/logs/cka_strength_sweep/cifar10_drift_all/strength_1p0/seed_100/splits/cifar10_split_seed100_clients5_alpha0p3_ref500.json,1.0,drift,10,conv2,4,4,1.0,0.9996510744094849,500
cka_feddst,cifar10,0.8,100,results/logs/cka_strength_sweep/cifar10_drift_all/strength_1p0/seed_100/splits/cifar10_split_seed100_clients5_alpha0p3_ref500.json,1.0,drift,10,conv3,0,0,1.0,0.9995779991149902,500
cka_feddst,cifar10,0.8,100,results/logs/cka_strength_sweep/cifar10_drift_all/strength_1p0/seed_100/splits/cifar10_split_seed100_clients5_alpha0p3_ref500.json,1.0,drift,10,conv3,0,1,0.9998549222946167,0.9995779991149902,500
cka_feddst,cifar10,0.8,100,results/logs/cka_strength_sweep/cifar10_drift_all/strength_1p0/seed_100/splits/cifar10_split_seed100_clients5_alpha0p3_ref500.json,1.0,drift,10,conv3,0,2,0.9994718432426453,0.9995779991149902,500
cka_feddst,cifar10,0.8,100,results/logs/cka_strength_sweep/cifar10_drift_all/strength_1p0/seed_100/splits/cifar10_split_seed100_clients5_alpha0p3_ref500.json,1.0,drift,10,conv3,0,3,0.9999151825904846,0.9995779991149902,500
cka_feddst,cifar10,0.8,100,results/logs/cka_strength_sweep/cifar10_drift_all/strength_1p0/seed_100/splits/cifar10_split_seed100_clients5_alpha0p3_ref500.json,1.0,drift,10,conv3,0,4,0.9998989701271057,0.9995779991149902,500
cka_feddst,cifar10,0.8,100,results/logs/cka_strength_sweep/cifar10_drift_all/strength_1p0/seed_100/splits/cifar10_split_seed100_clients5_alpha0p3_ref500.json,1.0,drift,10,conv3,1,0,0.9998549222946167,0.9995779991149902,500
cka_feddst,cifar10,0.8,100,results/logs/cka_strength_sweep/cifar10_drift_all/strength_1p0/seed_100/splits/cifar10_split_seed100_clients5_alpha0p3_ref500.json,1.0,drift,10,conv3,1,1,1.0,0.9995779991149902,500
cka_feddst,cifar10,0.8,100,results/logs/cka_strength_sweep/cifar10_drift_all/strength_1p0/seed_100/splits/cifar10_split_seed100_clients5_alpha0p3_ref500.json,1.0,drift,10,conv3,1,2,0.9987713098526001,0.9995779991149902,500
cka_feddst,cifar10,0.8,100,results/logs/cka_strength_sweep/cifar10_drift_all/strength_1p0/seed_100/splits/cifar10_split_seed100_clients5_alpha0p3_ref500.json,1.0,drift,10,conv3,1,3,0.9995464086532593,0.9995779991149902,500
cka_feddst,cifar10,0.8,100,results/logs/cka_strength_sweep/cifar10_drift_all/strength_1p0/seed_100/splits/cifar10_split_seed100_clients5_alpha0p3_ref500.json,1.0,drift,10,conv3,1,4,0.9999872446060181,0.9995779991149902,500
cka_feddst,cifar10,0.8,100,results/logs/cka_strength_sweep/cifar10_drift_all/strength_1p0/seed_100/splits/cifar10_split_seed100_clients5_alpha0p3_ref500.json,1.0,drift,10,conv3,2,0,0.9994718432426453,0.9995779991149902,500
cka_feddst,cifar10,0.8,100,results/logs/cka_strength_sweep/cifar10_drift_all/strength_1p0/seed_100/splits/cifar10_split_seed100_clients5_alpha0p3_ref500.json,1.0,drift,10,conv3,2,1,0.9987713098526001,0.9995779991149902,500
cka_feddst,cifar10,0.8,100,results/logs/cka_strength_sweep/cifar10_drift_all/strength_1p0/seed_100/splits/cifar10_split_seed100_clients5_alpha0p3_ref500.json,1.0,drift,10,conv3,2,2,1.0,0.9995779991149902,500
cka_feddst,cifar10,0.8,100,results/logs/cka_strength_sweep/cifar10_drift_all/strength_1p0/seed_100/splits/cifar10_split_seed100_clients5_alpha0p3_ref500.json,1.0,drift,10,conv3,2,3,0.9998106360435486,0.9995779991149902,500
cka_feddst,cifar10,0.8,100,results/logs/cka_strength_sweep/cifar10_drift_all/strength_1p0/seed_100/splits/cifar10_split_seed100_clients5_alpha0p3_ref500.json,1.0,drift,10,conv3,2,4,0.9989022016525269,0.9995779991149902,500
cka_feddst,cifar10,0.8,100,results/logs/cka_strength_sweep/cifar10_drift_all/strength_1p0/seed_100/splits/cifar10_split_seed100_clients5_alpha0p3_ref500.json,1.0,drift,10,conv3,3,0,0.9999151825904846,0.9995779991149902,500
cka_feddst,cifar10,0.8,100,results/logs/cka_strength_sweep/cifar10_drift_all/strength_1p0/seed_100/splits/cifar10_split_seed100_clients5_alpha0p3_ref500.json,1.0,drift,10,conv3,3,1,0.9995464086532593,0.9995779991149902,500
cka_feddst,cifar10,0.8,100,results/logs/cka_strength_sweep/cifar10_drift_all/strength_1p0/seed_100/splits/cifar10_split_seed100_clients5_alpha0p3_ref500.json,1.0,drift,10,conv3,3,2,0.9998106360435486,0.9995779991149902,500
cka_feddst,cifar10,0.8,100,results/logs/cka_strength_sweep/cifar10_drift_all/strength_1p0/seed_100/splits/cifar10_split_seed100_clients5_alpha0p3_ref500.json,1.0,drift,10,conv3,3,3,1.0,0.9995779991149902,500
cka_feddst,cifar10,0.8,100,results/logs/cka_strength_sweep/cifar10_drift_all/strength_1p0/seed_100/splits/cifar10_split_seed100_clients5_alpha0p3_ref500.json,1.0,drift,10,conv3,3,4,0.999621570110321,0.9995779991149902,500
cka_feddst,cifar10,0.8,100,results/logs/cka_strength_sweep/cifar10_drift_all/strength_1p0/seed_100/splits/cifar10_split_seed100_clients5_alpha0p3_ref500.json,1.0,drift,10,conv3,4,0,0.9998989701271057,0.9995779991149902,500
cka_feddst,cifar10,0.8,100,results/logs/cka_strength_sweep/cifar10_drift_all/strength_1p0/seed_100/splits/cifar10_split_seed100_clients5_alpha0p3_ref500.json,1.0,drift,10,conv3,4,1,0.9999872446060181,0.9995779991149902,500
cka_feddst,cifar10,0.8,100,results/logs/cka_strength_sweep/cifar10_drift_all/strength_1p0/seed_100/splits/cifar10_split_seed100_clients5_alpha0p3_ref500.json,1.0,drift,10,conv3,4,2,0.9989022016525269,0.9995779991149902,500
cka_feddst,cifar10,0.8,100,results/logs/cka_strength_sweep/cifar10_drift_all/strength_1p0/seed_100/splits/cifar10_split_seed100_clients5_alpha0p3_ref500.json,1.0,drift,10,conv3,4,3,0.999621570110321,0.9995779991149902,500
cka_feddst,cifar10,0.8,100,results/logs/cka_strength_sweep/cifar10_drift_all/strength_1p0/seed_100/splits/cifar10_split_seed100_clients5_alpha0p3_ref500.json,1.0,drift,10,conv3,4,4,1.0,0.9995779991149902,500
cka_feddst,cifar10,0.8,100,results/logs/cka_strength_sweep/cifar10_drift_all/strength_1p0/seed_100/splits/cifar10_split_seed100_clients5_alpha0p3_ref500.json,1.0,drift,10,fc1,0,0,1.0,0.9906565546989441,500
cka_feddst,cifar10,0.8,100,results/logs/cka_strength_sweep/cifar10_drift_all/strength_1p0/seed_100/splits/cifar10_split_seed100_clients5_alpha0p3_ref500.json,1.0,drift,10,fc1,0,1,0.9925985336303711,0.9906565546989441,500
cka_feddst,cifar10,0.8,100,results/logs/cka_strength_sweep/cifar10_drift_all/strength_1p0/seed_100/splits/cifar10_split_seed100_clients5_alpha0p3_ref500.json,1.0,drift,10,fc1,0,2,0.9791613817214966,0.9906565546989441,500
cka_feddst,cifar10,0.8,100,results/logs/cka_strength_sweep/cifar10_drift_all/strength_1p0/seed_100/splits/cifar10_split_seed100_clients5_alpha0p3_ref500.json,1.0,drift,10,fc1,0,3,0.994662344455719,0.9906565546989441,500
cka_feddst,cifar10,0.8,100,results/logs/cka_strength_sweep/cifar10_drift_all/strength_1p0/seed_100/splits/cifar10_split_seed100_clients5_alpha0p3_ref500.json,1.0,drift,10,fc1,0,4,0.9917895793914795,0.9906565546989441,500
cka_feddst,cifar10,0.8,100,results/logs/cka_strength_sweep/cifar10_drift_all/strength_1p0/seed_100/splits/cifar10_split_seed100_clients5_alpha0p3_ref500.json,1.0,drift,10,fc1,1,0,0.9925985336303711,0.9906565546989441,500
cka_feddst,cifar10,0.8,100,results/logs/cka_strength_sweep/cifar10_drift_all/strength_1p0/seed_100/splits/cifar10_split_seed100_clients5_alpha0p3_ref500.json,1.0,drift,10,fc1,1,1,1.0,0.9906565546989441,500
cka_feddst,cifar10,0.8,100,results/logs/cka_strength_sweep/cifar10_drift_all/strength_1p0/seed_100/splits/cifar10_split_seed100_clients5_alpha0p3_ref500.json,1.0,drift,10,fc1,1,2,0.9856896996498108,0.9906565546989441,500
cka_feddst,cifar10,0.8,100,results/logs/cka_strength_sweep/cifar10_drift_all/strength_1p0/seed_100/splits/cifar10_split_seed100_clients5_alpha0p3_ref500.json,1.0,drift,10,fc1,1,3,0.9958750605583191,0.9906565546989441,500
cka_feddst,cifar10,0.8,100,results/logs/cka_strength_sweep/cifar10_drift_all/strength_1p0/seed_100/splits/cifar10_split_seed100_clients5_alpha0p3_ref500.json,1.0,drift,10,fc1,1,4,0.9914306402206421,0.9906565546989441,500
cka_feddst,cifar10,0.8,100,results/logs/cka_strength_sweep/cifar10_drift_all/strength_1p0/seed_100/splits/cifar10_split_seed100_clients5_alpha0p3_ref500.json,1.0,drift,10,fc1,2,0,0.9791613817214966,0.9906565546989441,500
cka_feddst,cifar10,0.8,100,results/logs/cka_strength_sweep/cifar10_drift_all/strength_1p0/seed_100/splits/cifar10_split_seed100_clients5_alpha0p3_ref500.json,1.0,drift,10,fc1,2,1,0.9856896996498108,0.9906565546989441,500
cka_feddst,cifar10,0.8,100,results/logs/cka_strength_sweep/cifar10_drift_all/strength_1p0/seed_100/splits/cifar10_split_seed100_clients5_alpha0p3_ref500.json,1.0,drift,10,fc1,2,2,1.0,0.9906565546989441,500
cka_feddst,cifar10,0.8,100,results/logs/cka_strength_sweep/cifar10_drift_all/strength_1p0/seed_100/splits/cifar10_split_seed100_clients5_alpha0p3_ref500.json,1.0,drift,10,fc1,2,3,0.9912797808647156,0.9906565546989441,500
cka_feddst,cifar10,0.8,100,results/logs/cka_strength_sweep/cifar10_drift_all/strength_1p0/seed_100/splits/cifar10_split_seed100_clients5_alpha0p3_ref500.json,1.0,drift,10,fc1,2,4,0.9886396527290344,0.9906565546989441,500
cka_feddst,cifar10,0.8,100,results/logs/cka_strength_sweep/cifar10_drift_all/strength_1p0/seed_100/splits/cifar10_split_seed100_clients5_alpha0p3_ref500.json,1.0,drift,10,fc1,3,0,0.994662344455719,0.9906565546989441,500
cka_feddst,cifar10,0.8,100,results/logs/cka_strength_sweep/cifar10_drift_all/strength_1p0/seed_100/splits/cifar10_split_seed100_clients5_alpha0p3_ref500.json,1.0,drift,10,fc1,3,1,0.9958750605583191,0.9906565546989441,500
cka_feddst,cifar10,0.8,100,results/logs/cka_strength_sweep/cifar10_drift_all/strength_1p0/seed_100/splits/cifar10_split_seed100_clients5_alpha0p3_ref500.json,1.0,drift,10,fc1,3,2,0.9912797808647156,0.9906565546989441,500
cka_feddst,cifar10,0.8,100,results/logs/cka_strength_sweep/cifar10_drift_all/strength_1p0/seed_100/splits/cifar10_split_seed100_clients5_alpha0p3_ref500.json,1.0,drift,10,fc1,3,3,1.0,0.9906565546989441,500
cka_feddst,cifar10,0.8,100,results/logs/cka_strength_sweep/cifar10_drift_all/strength_1p0/seed_100/splits/cifar10_split_seed100_clients5_alpha0p3_ref500.json,1.0,drift,10,fc1,3,4,0.9954395890235901,0.9906565546989441,500
cka_feddst,cifar10,0.8,100,results/logs/cka_strength_sweep/cifar10_drift_all/strength_1p0/seed_100/splits/cifar10_split_seed100_clients5_alpha0p3_ref500.json,1.0,drift,10,fc1,4,0,0.9917895793914795,0.9906565546989441,500
cka_feddst,cifar10,0.8,100,results/logs/cka_strength_sweep/cifar10_drift_all/strength_1p0/seed_100/splits/cifar10_split_seed100_clients5_alpha0p3_ref500.json,1.0,drift,10,fc1,4,1,0.9914306402206421,0.9906565546989441,500
cka_feddst,cifar10,0.8,100,results/logs/cka_strength_sweep/cifar10_drift_all/strength_1p0/seed_100/splits/cifar10_split_seed100_clients5_alpha0p3_ref500.json,1.0,drift,10,fc1,4,2,0.9886396527290344,0.9906565546989441,500
cka_feddst,cifar10,0.8,100,results/logs/cka_strength_sweep/cifar10_drift_all/strength_1p0/seed_100/splits/cifar10_split_seed100_clients5_alpha0p3_ref500.json,1.0,drift,10,fc1,4,3,0.9954395890235901,0.9906565546989441,500
cka_feddst,cifar10,0.8,100,results/logs/cka_strength_sweep/cifar10_drift_all/strength_1p0/seed_100/splits/cifar10_split_seed100_clients5_alpha0p3_ref500.json,1.0,drift,10,fc1,4,4,1.0,0.9906565546989441,500
cka_feddst,cifar10,0.8,100,results/logs/cka_strength_sweep/cifar10_drift_all/strength_1p0/seed_100/splits/cifar10_split_seed100_clients5_alpha0p3_ref500.json,1.0,drift,12,conv1,0,0,1.0,0.999936580657959,500
cka_feddst,cifar10,0.8,100,results/logs/cka_strength_sweep/cifar10_drift_all/strength_1p0/seed_100/splits/cifar10_split_seed100_clients5_alpha0p3_ref500.json,1.0,drift,12,conv1,0,1,0.9999890327453613,0.999936580657959,500
cka_feddst,cifar10,0.8,100,results/logs/cka_strength_sweep/cifar10_drift_all/strength_1p0/seed_100/splits/cifar10_split_seed100_clients5_alpha0p3_ref500.json,1.0,drift,12,conv1,0,2,0.9998939633369446,0.999936580657959,500
cka_feddst,cifar10,0.8,100,results/logs/cka_strength_sweep/cifar10_drift_all/strength_1p0/seed_100/splits/cifar10_split_seed100_clients5_alpha0p3_ref500.json,1.0,drift,12,conv1,0,3,0.9999710917472839,0.999936580657959,500
cka_feddst,cifar10,0.8,100,results/logs/cka_strength_sweep/cifar10_drift_all/strength_1p0/seed_100/splits/cifar10_split_seed100_clients5_alpha0p3_ref500.json,1.0,drift,12,conv1,0,4,0.9999978542327881,0.999936580657959,500
cka_feddst,cifar10,0.8,100,results/logs/cka_strength_sweep/cifar10_drift_all/strength_1p0/seed_100/splits/cifar10_split_seed100_clients5_alpha0p3_ref500.json,1.0,drift,12,conv1,1,0,0.9999890327453613,0.999936580657959,500
cka_feddst,cifar10,0.8,100,results/logs/cka_strength_sweep/cifar10_drift_all/strength_1p0/seed_100/splits/cifar10_split_seed100_clients5_alpha0p3_ref500.json,1.0,drift,12,conv1,1,1,1.0,0.999936580657959,500
cka_feddst,cifar10,0.8,100,results/logs/cka_strength_sweep/cifar10_drift_all/strength_1p0/seed_100/splits/cifar10_split_seed100_clients5_alpha0p3_ref500.json,1.0,drift,12,conv1,1,2,0.999805212020874,0.999936580657959,500
cka_feddst,cifar10,0.8,100,results/logs/cka_strength_sweep/cifar10_drift_all/strength_1p0/seed_100/splits/cifar10_split_seed100_clients5_alpha0p3_ref500.json,1.0,drift,12,conv1,1,3,0.9999178051948547,0.999936580657959,500
cka_feddst,cifar10,0.8,100,results/logs/cka_strength_sweep/cifar10_drift_all/strength_1p0/seed_100/splits/cifar10_split_seed100_clients5_alpha0p3_ref500.json,1.0,drift,12,conv1,1,4,0.9999956488609314,0.999936580657959,500
cka_feddst,cifar10,0.8,100,results/logs/cka_strength_sweep/cifar10_drift_all/strength_1p0/seed_100/splits/cifar10_split_seed100_clients5_alpha0p3_ref500.json,1.0,drift,12,conv1,2,0,0.9998939633369446,0.999936580657959,500
cka_feddst,cifar10,0.8,100,results/logs/cka_strength_sweep/cifar10_drift_all/strength_1p0/seed_100/splits/cifar10_split_seed100_clients5_alpha0p3_ref500.json,1.0,drift,12,conv1,2,1,0.999805212020874,0.999936580657959,500
cka_feddst,cifar10,0.8,100,results/logs/cka_strength_sweep/cifar10_drift_all/strength_1p0/seed_100/splits/cifar10_split_seed100_clients5_alpha0p3_ref500.json,1.0,drift,12,conv1,2,2,1.0,0.999936580657959,500
cka_feddst,cifar10,0.8,100,results/logs/cka_strength_sweep/cifar10_drift_all/strength_1p0/seed_100/splits/cifar10_split_seed100_clients5_alpha0p3_ref500.json,1.0,drift,12,conv1,2,3,0.9999780654907227,0.999936580657959,500
cka_feddst,cifar10,0.8,100,results/logs/cka_strength_sweep/cifar10_drift_all/strength_1p0/seed_100/splits/cifar10_split_seed100_clients5_alpha0p3_ref500.json,1.0,drift,12,conv1,2,4,0.9998635649681091,0.999936580657959,500
cka_feddst,cifar10,0.8,100,results/logs/cka_strength_sweep/cifar10_drift_all/strength_1p0/seed_100/splits/cifar10_split_seed100_clients5_alpha0p3_ref500.json,1.0,drift,12,conv1,3,0,0.9999710917472839,0.999936580657959,500
cka_feddst,cifar10,0.8,100,results/logs/cka_strength_sweep/cifar10_drift_all/strength_1p0/seed_100/splits/cifar10_split_seed100_clients5_alpha0p3_ref500.json,1.0,drift,12,conv1,3,1,0.9999178051948547,0.999936580657959,500
cka_feddst,cifar10,0.8,100,results/logs/cka_strength_sweep/cifar10_drift_all/strength_1p0/seed_100/splits/cifar10_split_seed100_clients5_alpha0p3_ref500.json,1.0,drift,12,conv1,3,2,0.9999780654907227,0.999936580657959,500
cka_feddst,cifar10,0.8,100,results/logs/cka_strength_sweep/cifar10_drift_all/strength_1p0/seed_100/splits/cifar10_split_seed100_clients5_alpha0p3_ref500.json,1.0,drift,12,conv1,3,3,1.0,0.999936580657959,500
cka_feddst,cifar10,0.8,100,results/logs/cka_strength_sweep/cifar10_drift_all/strength_1p0/seed_100/splits/cifar10_split_seed100_clients5_alpha0p3_ref500.json,1.0,drift,12,conv1,3,4,0.9999539256095886,0.999936580657959,500
cka_feddst,cifar10,0.8,100,results/logs/cka_strength_sweep/cifar10_drift_all/strength_1p0/seed_100/splits/cifar10_split_seed100_clients5_alpha0p3_ref500.json,1.0,drift,12,conv1,4,0,0.9999978542327881,0.999936580657959,500
cka_feddst,cifar10,0.8,100,results/logs/cka_strength_sweep/cifar10_drift_all/strength_1p0/seed_100/splits/cifar10_split_seed100_clients5_alpha0p3_ref500.json,1.0,drift,12,conv1,4,1,0.9999956488609314,0.999936580657959,500
cka_feddst,cifar10,0.8,100,results/logs/cka_strength_sweep/cifar10_drift_all/strength_1p0/seed_100/splits/cifar10_split_seed100_clients5_alpha0p3_ref500.json,1.0,drift,12,conv1,4,2,0.9998635649681091,0.999936580657959,500
cka_feddst,cifar10,0.8,100,results/logs/cka_strength_sweep/cifar10_drift_all/strength_1p0/seed_100/splits/cifar10_split_seed100_clients5_alpha0p3_ref500.json,1.0,drift,12,conv1,4,3,0.9999539256095886,0.999936580657959,500
cka_feddst,cifar10,0.8,100,results/logs/cka_strength_sweep/cifar10_drift_all/strength_1p0/seed_100/splits/cifar10_split_seed100_clients5_alpha0p3_ref500.json,1.0,drift,12,conv1,4,4,1.0,0.999936580657959,500
cka_feddst,cifar10,0.8,100,results/logs/cka_strength_sweep/cifar10_drift_all/strength_1p0/seed_100/splits/cifar10_split_seed100_clients5_alpha0p3_ref500.json,1.0,drift,12,conv2,0,0,1.0,0.9994290471076965,500
cka_feddst,cifar10,0.8,100,results/logs/cka_strength_sweep/cifar10_drift_all/strength_1p0/seed_100/splits/cifar10_split_seed100_clients5_alpha0p3_ref500.json,1.0,drift,12,conv2,0,1,0.9995948076248169,0.9994290471076965,500
cka_feddst,cifar10,0.8,100,results/logs/cka_strength_sweep/cifar10_drift_all/strength_1p0/seed_100/splits/cifar10_split_seed100_clients5_alpha0p3_ref500.json,1.0,drift,12,conv2,0,2,0.9995539784431458,0.9994290471076965,500
cka_feddst,cifar10,0.8,100,results/logs/cka_strength_sweep/cifar10_drift_all/strength_1p0/seed_100/splits/cifar10_split_seed100_clients5_alpha0p3_ref500.json,1.0,drift,12,conv2,0,3,0.9999474883079529,0.9994290471076965,500
cka_feddst,cifar10,0.8,100,results/logs/cka_strength_sweep/cifar10_drift_all/strength_1p0/seed_100/splits/cifar10_split_seed100_clients5_alpha0p3_ref500.json,1.0,drift,12,conv2,0,4,0.9997198581695557,0.9994290471076965,500
cka_feddst,cifar10,0.8,100,results/logs/cka_strength_sweep/cifar10_drift_all/strength_1p0/seed_100/splits/cifar10_split_seed100_clients5_alpha0p3_ref500.json,1.0,drift,12,conv2,1,0,0.9995948076248169,0.9994290471076965,500
cka_feddst,cifar10,0.8,100,results/logs/cka_strength_sweep/cifar10_drift_all/strength_1p0/seed_100/splits/cifar10_split_seed100_clients5_alpha0p3_ref500.json,1.0,drift,12,conv2,1,1,1.0,0.9994290471076965,500
cka_feddst,cifar10,0.8,100,results/logs/cka_strength_sweep/cifar10_drift_all/strength_1p0/seed_100/splits/cifar10_split_seed100_clients5_alpha0p3_ref500.json,1.0,drift,12,conv2,1,2,0.9983254671096802,0.9994290471076965,500
cka_feddst,cifar10,0.8,100,results/logs/cka_strength_sweep/cifar10_drift_all/strength_1p0/seed_100/splits/cifar10_split_seed100_clients5_alpha0p3_ref500.json,1.0,drift,12,conv2,1,3,0.9992818236351013,0.9994290471076965,500
cka_feddst,cifar10,0.8,100,results/logs/cka_strength_sweep/cifar10_drift_all/strength_1p0/seed_100/splits/cifar10_split_seed100_clients5_alpha0p3_ref500.json,1.0,drift,12,conv2,1,4,0.9999576807022095,0.9994290471076965,500
cka_feddst,cifar10,0.8,100,results/logs/cka_strength_sweep/cifar10_drift_all/strength_1p0/seed_100/splits/cifar10_split_seed100_clients5_alpha0p3_ref500.json,1.0,drift,12,conv2,2,0,0.9995539784431458,0.9994290471076965,500
cka_feddst,cifar10,0.8,100,results/logs/cka_strength_sweep/cifar10_drift_all/strength_1p0/seed_100/splits/cifar10_split_seed100_clients5_alpha0p3_ref500.json,1.0,drift,12,conv2,2,1,0.9983254671096802,0.9994290471076965,500
cka_feddst,cifar10,0.8,100,results/logs/cka_strength_sweep/cifar10_drift_all/strength_1p0/seed_100/splits/cifar10_split_seed100_clients5_alpha0p3_ref500.json,1.0,drift,12,conv2,2,2,1.0,0.9994290471076965,500
cka_feddst,cifar10,0.8,100,results/logs/cka_strength_sweep/cifar10_drift_all/strength_1p0/seed_100/splits/cifar10_split_seed100_clients5_alpha0p3_ref500.json,1.0,drift,12,conv2,2,3,0.9998031258583069,0.9994290471076965,500
cka_feddst,cifar10,0.8,100,results/logs/cka_strength_sweep/cifar10_drift_all/strength_1p0/seed_100/splits/cifar10_split_seed100_clients5_alpha0p3_ref500.json,1.0,drift,12,conv2,2,4,0.9986345171928406,0.9994290471076965,500
cka_feddst,cifar10,0.8,100,results/logs/cka_strength_sweep/cifar10_drift_all/strength_1p0/seed_100/splits/cifar10_split_seed100_clients5_alpha0p3_ref500.json,1.0,drift,12,conv2,3,0,0.9999474883079529,0.9994290471076965,500
cka_feddst,cifar10,0.8,100,results/logs/cka_strength_sweep/cifar10_drift_all/strength_1p0/seed_100/splits/cifar10_split_seed100_clients5_alpha0p3_ref500.json,1.0,drift,12,conv2,3,1,0.9992818236351013,0.9994290471076965,500
cka_feddst,cifar10,0.8,100,results/logs/cka_strength_sweep/cifar10_drift_all/strength_1p0/seed_100/splits/cifar10_split_seed100_clients5_alpha0p3_ref500.json,1.0,drift,12,conv2,3,2,0.9998031258583069,0.9994290471076965,500
cka_feddst,cifar10,0.8,100,results/logs/cka_strength_sweep/cifar10_drift_all/strength_1p0/seed_100/splits/cifar10_split_seed100_clients5_alpha0p3_ref500.json,1.0,drift,12,conv2,3,3,1.0,0.9994290471076965,500
cka_feddst,cifar10,0.8,100,results/logs/cka_strength_sweep/cifar10_drift_all/strength_1p0/seed_100/splits/cifar10_split_seed100_clients5_alpha0p3_ref500.json,1.0,drift,12,conv2,3,4,0.9994713068008423,0.9994290471076965,500
cka_feddst,cifar10,0.8,100,results/logs/cka_strength_sweep/cifar10_drift_all/strength_1p0/seed_100/splits/cifar10_split_seed100_clients5_alpha0p3_ref500.json,1.0,drift,12,conv2,4,0,0.9997198581695557,0.9994290471076965,500
cka_feddst,cifar10,0.8,100,results/logs/cka_strength_sweep/cifar10_drift_all/strength_1p0/seed_100/splits/cifar10_split_seed100_clients5_alpha0p3_ref500.json,1.0,drift,12,conv2,4,1,0.9999576807022095,0.9994290471076965,500
cka_feddst,cifar10,0.8,100,results/logs/cka_strength_sweep/cifar10_drift_all/strength_1p0/seed_100/splits/cifar10_split_seed100_clients5_alpha0p3_ref500.json,1.0,drift,12,conv2,4,2,0.9986345171928406,0.9994290471076965,500
cka_feddst,cifar10,0.8,100,results/logs/cka_strength_sweep/cifar10_drift_all/strength_1p0/seed_100/splits/cifar10_split_seed100_clients5_alpha0p3_ref500.json,1.0,drift,12,conv2,4,3,0.9994713068008423,0.9994290471076965,500
cka_feddst,cifar10,0.8,100,results/logs/cka_strength_sweep/cifar10_drift_all/strength_1p0/seed_100/splits/cifar10_split_seed100_clients5_alpha0p3_ref500.json,1.0,drift,12,conv2,4,4,1.0,0.9994290471076965,500
cka_feddst,cifar10,0.8,100,results/logs/cka_strength_sweep/cifar10_drift_all/strength_1p0/seed_100/splits/cifar10_split_seed100_clients5_alpha0p3_ref500.json,1.0,drift,12,conv3,0,0,1.0,0.9993330836296082,500
cka_feddst,cifar10,0.8,100,results/logs/cka_strength_sweep/cifar10_drift_all/strength_1p0/seed_100/splits/cifar10_split_seed100_clients5_alpha0p3_ref500.json,1.0,drift,12,conv3,0,1,0.9995261430740356,0.9993330836296082,500
cka_feddst,cifar10,0.8,100,results/logs/cka_strength_sweep/cifar10_drift_all/strength_1p0/seed_100/splits/cifar10_split_seed100_clients5_alpha0p3_ref500.json,1.0,drift,12,conv3,0,2,0.9994751811027527,0.9993330836296082,500
cka_feddst,cifar10,0.8,100,results/logs/cka_strength_sweep/cifar10_drift_all/strength_1p0/seed_100/splits/cifar10_split_seed100_clients5_alpha0p3_ref500.json,1.0,drift,12,conv3,0,3,0.9999327659606934,0.9993330836296082,500
cka_feddst,cifar10,0.8,100,results/logs/cka_strength_sweep/cifar10_drift_all/strength_1p0/seed_100/splits/cifar10_split_seed100_clients5_alpha0p3_ref500.json,1.0,drift,12,conv3,0,4,0.9996873140335083,0.9993330836296082,500
cka_feddst,cifar10,0.8,100,results/logs/cka_strength_sweep/cifar10_drift_all/strength_1p0/seed_100/splits/cifar10_split_seed100_clients5_alpha0p3_ref500.json,1.0,drift,12,conv3,1,0,0.9995261430740356,0.9993330836296082,500
cka_feddst,cifar10,0.8,100,results/logs/cka_strength_sweep/cifar10_drift_all/strength_1p0/seed_100/splits/cifar10_split_seed100_clients5_alpha0p3_ref500.json,1.0,drift,12,conv3,1,1,1.0,0.9993330836296082,500
cka_feddst,cifar10,0.8,100,results/logs/cka_strength_sweep/cifar10_drift_all/strength_1p0/seed_100/splits/cifar10_split_seed100_clients5_alpha0p3_ref500.json,1.0,drift,12,conv3,1,2,0.9980387091636658,0.9993330836296082,500
cka_feddst,cifar10,0.8,100,results/logs/cka_strength_sweep/cifar10_drift_all/strength_1p0/seed_100/splits/cifar10_split_seed100_clients5_alpha0p3_ref500.json,1.0,drift,12,conv3,1,3,0.9991510510444641,0.9993330836296082,500
cka_feddst,cifar10,0.8,100,results/logs/cka_strength_sweep/cifar10_drift_all/strength_1p0/seed_100/splits/cifar10_split_seed100_clients5_alpha0p3_ref500.json,1.0,drift,12,conv3,1,4,0.9999569654464722,0.9993330836296082,500
cka_feddst,cifar10,0.8,100,results/logs/cka_strength_sweep/cifar10_drift_all/strength_1p0/seed_100/splits/cifar10_split_seed100_clients5_alpha0p3_ref500.json,1.0,drift,12,conv3,2,0,0.9994751811027527,0.9993330836296082,500
cka_feddst,cifar10,0.8,100,results/logs/cka_strength_sweep/cifar10_drift_all/strength_1p0/seed_100/splits/cifar10_split_seed100_clients5_alpha0p3_ref500.json,1.0,drift,12,conv3,2,1,0.9980387091636658,0.9993330836296082,500
cka_feddst,cifar10,0.8,100,results/logs/cka_strength_sweep/cifar10_drift_all/strength_1p0/seed_100/splits/cifar10_split_seed100_clients5_alpha0p3_ref500.json,1.0,drift,12,conv3,2,2,1.0,0.9993330836296082,500
cka_feddst,cifar10,0.8,100,results/logs/cka_strength_sweep/cifar10_drift_all/strength_1p0/seed_100/splits/cifar10_split_seed100_clients5_alpha0p3_ref500.json,1.0,drift,12,conv3,2,3,0.9997703433036804,0.9993330836296082,500
cka_feddst,cifar10,0.8,100,results/logs/cka_strength_sweep/cifar10_drift_all/strength_1p0/seed_100/splits/cifar10_split_seed100_clients5_alpha0p3_ref500.json,1.0,drift,12,conv3,2,4,0.9984112977981567,0.9993330836296082,500
cka_feddst,cifar10,0.8,100,results/logs/cka_strength_sweep/cifar10_drift_all/strength_1p0/seed_100/splits/cifar10_split_seed100_clients5_alpha0p3_ref500.json,1.0,drift,12,conv3,3,0,0.9999327659606934,0.9993330836296082,500
cka_feddst,cifar10,0.8,100,results/logs/cka_strength_sweep/cifar10_drift_all/strength_1p0/seed_100/splits/cifar10_split_seed100_clients5_alpha0p3_ref500.json,1.0,drift,12,conv3,3,1,0.9991510510444641,0.9993330836296082,500
cka_feddst,cifar10,0.8,100,results/logs/cka_strength_sweep/cifar10_drift_all/strength_1p0/seed_100/splits/cifar10_split_seed100_clients5_alpha0p3_ref500.json,1.0,drift,12,conv3,3,2,0.9997703433036804,0.9993330836296082,500
cka_feddst,cifar10,0.8,100,results/logs/cka_strength_sweep/cifar10_drift_all/strength_1p0/seed_100/splits/cifar10_split_seed100_clients5_alpha0p3_ref500.json,1.0,drift,12,conv3,3,3,1.0,0.9993330836296082,500
cka_feddst,cifar10,0.8,100,results/logs/cka_strength_sweep/cifar10_drift_all/strength_1p0/seed_100/splits/cifar10_split_seed100_clients5_alpha0p3_ref500.json,1.0,drift,12,conv3,3,4,0.999381959438324,0.9993330836296082,500
cka_feddst,cifar10,0.8,100,results/logs/cka_strength_sweep/cifar10_drift_all/strength_1p0/seed_100/splits/cifar10_split_seed100_clients5_alpha0p3_ref500.json,1.0,drift,12,conv3,4,0,0.9996873140335083,0.9993330836296082,500
cka_feddst,cifar10,0.8,100,results/logs/cka_strength_sweep/cifar10_drift_all/strength_1p0/seed_100/splits/cifar10_split_seed100_clients5_alpha0p3_ref500.json,1.0,drift,12,conv3,4,1,0.9999569654464722,0.9993330836296082,500
cka_feddst,cifar10,0.8,100,results/logs/cka_strength_sweep/cifar10_drift_all/strength_1p0/seed_100/splits/cifar10_split_seed100_clients5_alpha0p3_ref500.json,1.0,drift,12,conv3,4,2,0.9984112977981567,0.9993330836296082,500
cka_feddst,cifar10,0.8,100,results/logs/cka_strength_sweep/cifar10_drift_all/strength_1p0/seed_100/splits/cifar10_split_seed100_clients5_alpha0p3_ref500.json,1.0,drift,12,conv3,4,3,0.999381959438324,0.9993330836296082,500
cka_feddst,cifar10,0.8,100,results/logs/cka_strength_sweep/cifar10_drift_all/strength_1p0/seed_100/splits/cifar10_split_seed100_clients5_alpha0p3_ref500.json,1.0,drift,12,conv3,4,4,1.0,0.9993330836296082,500
cka_feddst,cifar10,0.8,100,results/logs/cka_strength_sweep/cifar10_drift_all/strength_1p0/seed_100/splits/cifar10_split_seed100_clients5_alpha0p3_ref500.json,1.0,drift,12,fc1,0,0,1.0,0.9877719879150391,500
cka_feddst,cifar10,0.8,100,results/logs/cka_strength_sweep/cifar10_drift_all/strength_1p0/seed_100/splits/cifar10_split_seed100_clients5_alpha0p3_ref500.json,1.0,drift,12,fc1,0,1,0.9876425266265869,0.9877719879150391,500
cka_feddst,cifar10,0.8,100,results/logs/cka_strength_sweep/cifar10_drift_all/strength_1p0/seed_100/splits/cifar10_split_seed100_clients5_alpha0p3_ref500.json,1.0,drift,12,fc1,0,2,0.971741259098053,0.9877719879150391,500
cka_feddst,cifar10,0.8,100,results/logs/cka_strength_sweep/cifar10_drift_all/strength_1p0/seed_100/splits/cifar10_split_seed100_clients5_alpha0p3_ref500.json,1.0,drift,12,fc1,0,3,0.9888967275619507,0.9877719879150391,500
cka_feddst,cifar10,0.8,100,results/logs/cka_strength_sweep/cifar10_drift_all/strength_1p0/seed_100/splits/cifar10_split_seed100_clients5_alpha0p3_ref500.json,1.0,drift,12,fc1,0,4,0.9857601523399353,0.9877719879150391,500
cka_feddst,cifar10,0.8,100,results/logs/cka_strength_sweep/cifar10_drift_all/strength_1p0/seed_100/splits/cifar10_split_seed100_clients5_alpha0p3_ref500.json,1.0,drift,12,fc1,1,0,0.9876425266265869,0.9877719879150391,500
cka_feddst,cifar10,0.8,100,results/logs/cka_strength_sweep/cifar10_drift_all/strength_1p0/seed_100/splits/cifar10_split_seed100_clients5_alpha0p3_ref500.json,1.0,drift,12,fc1,1,1,1.0,0.9877719879150391,500
cka_feddst,cifar10,0.8,100,results/logs/cka_strength_sweep/cifar10_drift_all/strength_1p0/seed_100/splits/cifar10_split_seed100_clients5_alpha0p3_ref500.json,1.0,drift,12,fc1,1,2,0.9846792221069336,0.9877719879150391,500
cka_feddst,cifar10,0.8,100,results/logs/cka_strength_sweep/cifar10_drift_all/strength_1p0/seed_100/splits/cifar10_split_seed100_clients5_alpha0p3_ref500.json,1.0,drift,12,fc1,1,3,0.9941186308860779,0.9877719879150391,500
cka_feddst,cifar10,0.8,100,results/logs/cka_strength_sweep/cifar10_drift_all/strength_1p0/seed_100/splits/cifar10_split_seed100_clients5_alpha0p3_ref500.json,1.0,drift,12,fc1,1,4,0.9915949106216431,0.9877719879150391,500
cka_feddst,cifar10,0.8,100,results/logs/cka_strength_sweep/cifar10_drift_all/strength_1p0/seed_100/splits/cifar10_split_seed100_clients5_alpha0p3_ref500.json,1.0,drift,12,fc1,2,0,0.971741259098053,0.9877719879150391,500
cka_feddst,cifar10,0.8,100,results/logs/cka_strength_sweep/cifar10_drift_all/strength_1p0/seed_100/splits/cifar10_split_seed100_clients5_alpha0p3_ref500.json,1.0,drift,12,fc1,2,1,0.9846792221069336,0.9877719879150391,500
cka_feddst,cifar10,0.8,100,results/logs/cka_strength_sweep/cifar10_drift_all/strength_1p0/seed_100/splits/cifar10_split_seed100_clients5_alpha0p3_ref500.json,1.0,drift,12,fc1,2,2,1.0,0.9877719879150391,500
cka_feddst,cifar10,0.8,100,results/logs/cka_strength_sweep/cifar10_drift_all/strength_1p0/seed_100/splits/cifar10_split_seed100_clients5_alpha0p3_ref500.json,1.0,drift,12,fc1,2,3,0.9910947680473328,0.9877719879150391,500
cka_feddst,cifar10,0.8,100,results/logs/cka_strength_sweep/cifar10_drift_all/strength_1p0/seed_100/splits/cifar10_split_seed100_clients5_alpha0p3_ref500.json,1.0,drift,12,fc1,2,4,0.9857787489891052,0.9877719879150391,500
cka_feddst,cifar10,0.8,100,results/logs/cka_strength_sweep/cifar10_drift_all/strength_1p0/seed_100/splits/cifar10_split_seed100_clients5_alpha0p3_ref500.json,1.0,drift,12,fc1,3,0,0.9888967275619507,0.9877719879150391,500
cka_feddst,cifar10,0.8,100,results/logs/cka_strength_sweep/cifar10_drift_all/strength_1p0/seed_100/splits/cifar10_split_seed100_clients5_alpha0p3_ref500.json,1.0,drift,12,fc1,3,1,0.9941186308860779,0.9877719879150391,500
cka_feddst,cifar10,0.8,100,results/logs/cka_strength_sweep/cifar10_drift_all/strength_1p0/seed_100/splits/cifar10_split_seed100_clients5_alpha0p3_ref500.json,1.0,drift,12,fc1,3,2,0.9910947680473328,0.9877719879150391,500
cka_feddst,cifar10,0.8,100,results/logs/cka_strength_sweep/cifar10_drift_all/strength_1p0/seed_100/splits/cifar10_split_seed100_clients5_alpha0p3_ref500.json,1.0,drift,12,fc1,3,3,1.0,0.9877719879150391,500
cka_feddst,cifar10,0.8,100,results/logs/cka_strength_sweep/cifar10_drift_all/strength_1p0/seed_100/splits/cifar10_split_seed100_clients5_alpha0p3_ref500.json,1.0,drift,12,fc1,3,4,0.9964131116867065,0.9877719879150391,500
cka_feddst,cifar10,0.8,100,results/logs/cka_strength_sweep/cifar10_drift_all/strength_1p0/seed_100/splits/cifar10_split_seed100_clients5_alpha0p3_ref500.json,1.0,drift,12,fc1,4,0,0.9857601523399353,0.9877719879150391,500
cka_feddst,cifar10,0.8,100,results/logs/cka_strength_sweep/cifar10_drift_all/strength_1p0/seed_100/splits/cifar10_split_seed100_clients5_alpha0p3_ref500.json,1.0,drift,12,fc1,4,1,0.9915949106216431,0.9877719879150391,500
cka_feddst,cifar10,0.8,100,results/logs/cka_strength_sweep/cifar10_drift_all/strength_1p0/seed_100/splits/cifar10_split_seed100_clients5_alpha0p3_ref500.json,1.0,drift,12,fc1,4,2,0.9857787489891052,0.9877719879150391,500
cka_feddst,cifar10,0.8,100,results/logs/cka_strength_sweep/cifar10_drift_all/strength_1p0/seed_100/splits/cifar10_split_seed100_clients5_alpha0p3_ref500.json,1.0,drift,12,fc1,4,3,0.9964131116867065,0.9877719879150391,500
cka_feddst,cifar10,0.8,100,results/logs/cka_strength_sweep/cifar10_drift_all/strength_1p0/seed_100/splits/cifar10_split_seed100_clients5_alpha0p3_ref500.json,1.0,drift,12,fc1,4,4,1.0,0.9877719879150391,500
cka_feddst,cifar10,0.8,100,results/logs/cka_strength_sweep/cifar10_drift_all/strength_1p0/seed_100/splits/cifar10_split_seed100_clients5_alpha0p3_ref500.json,1.0,drift,14,conv1,0,0,1.0,0.999930739402771,500
cka_feddst,cifar10,0.8,100,results/logs/cka_strength_sweep/cifar10_drift_all/strength_1p0/seed_100/splits/cifar10_split_seed100_clients5_alpha0p3_ref500.json,1.0,drift,14,conv1,0,1,0.9999846816062927,0.999930739402771,500
cka_feddst,cifar10,0.8,100,results/logs/cka_strength_sweep/cifar10_drift_all/strength_1p0/seed_100/splits/cifar10_split_seed100_clients5_alpha0p3_ref500.json,1.0,drift,14,conv1,0,2,0.99988853931427,0.999930739402771,500
cka_feddst,cifar10,0.8,100,results/logs/cka_strength_sweep/cifar10_drift_all/strength_1p0/seed_100/splits/cifar10_split_seed100_clients5_alpha0p3_ref500.json,1.0,drift,14,conv1,0,3,0.9999712705612183,0.999930739402771,500
cka_feddst,cifar10,0.8,100,results/logs/cka_strength_sweep/cifar10_drift_all/strength_1p0/seed_100/splits/cifar10_split_seed100_clients5_alpha0p3_ref500.json,1.0,drift,14,conv1,0,4,1.0,0.999930739402771,500
cka_feddst,cifar10,0.8,100,results/logs/cka_strength_sweep/cifar10_drift_all/strength_1p0/seed_100/splits/cifar10_split_seed100_clients5_alpha0p3_ref500.json,1.0,drift,14,conv1,1,0,0.9999846816062927,0.999930739402771,500
cka_feddst,cifar10,0.8,100,results/logs/cka_strength_sweep/cifar10_drift_all/strength_1p0/seed_100/splits/cifar10_split_seed100_clients5_alpha0p3_ref500.json,1.0,drift,14,conv1,1,1,1.0,0.999930739402771,500
cka_feddst,cifar10,0.8,100,results/logs/cka_strength_sweep/cifar10_drift_all/strength_1p0/seed_100/splits/cifar10_split_seed100_clients5_alpha0p3_ref500.json,1.0,drift,14,conv1,1,2,0.999779999256134,0.999930739402771,500
cka_feddst,cifar10,0.8,100,results/logs/cka_strength_sweep/cifar10_drift_all/strength_1p0/seed_100/splits/cifar10_split_seed100_clients5_alpha0p3_ref500.json,1.0,drift,14,conv1,1,3,0.999904215335846,0.999930739402771,500
cka_feddst,cifar10,0.8,100,results/logs/cka_strength_sweep/cifar10_drift_all/strength_1p0/seed_100/splits/cifar10_split_seed100_clients5_alpha0p3_ref500.json,1.0,drift,14,conv1,1,4,0.999994695186615,0.999930739402771,500
cka_feddst,cifar10,0.8,100,results/logs/cka_strength_sweep/cifar10_drift_all/strength_1p0/seed_100/splits/cifar10_split_seed100_clients5_alpha0p3_ref500.json,1.0,drift,14,conv1,2,0,0.99988853931427,0.999930739402771,500
cka_feddst,cifar10,0.8,100,results/logs/cka_strength_sweep/cifar10_drift_all/strength_1p0/seed_100/splits/cifar10_split_seed100_clients5_alpha0p3_ref500.json,1.0,drift,14,conv1,2,1,0.999779999256134,0.999930739402771,500
cka_feddst,cifar10,0.8,100,results/logs/cka_strength_sweep/cifar10_drift_all/strength_1p0/seed_100/splits/cifar10_split_seed100_clients5_alpha0p3_ref500.json,1.0,drift,14,conv1,2,2,1.0,0.999930739402771,500
cka_feddst,cifar10,0.8,100,results/logs/cka_strength_sweep/cifar10_drift_all/strength_1p0/seed_100/splits/cifar10_split_seed100_clients5_alpha0p3_ref500.json,1.0,drift,14,conv1,2,3,0.9999766945838928,0.999930739402771,500
cka_feddst,cifar10,0.8,100,results/logs/cka_strength_sweep/cifar10_drift_all/strength_1p0/seed_100/splits/cifar10_split_seed100_clients5_alpha0p3_ref500.json,1.0,drift,14,conv1,2,4,0.9998542666435242,0.999930739402771,500
cka_feddst,cifar10,0.8,100,results/logs/cka_strength_sweep/cifar10_drift_all/strength_1p0/seed_100/splits/cifar10_split_seed100_clients5_alpha0p3_ref500.json,1.0,drift,14,conv1,3,0,0.9999712705612183,0.999930739402771,500
cka_feddst,cifar10,0.8,100,results/logs/cka_strength_sweep/cifar10_drift_all/strength_1p0/seed_100/splits/cifar10_split_seed100_clients5_alpha0p3_ref500.json,1.0,drift,14,conv1,3,1,0.999904215335846,0.999930739402771,500
cka_feddst,cifar10,0.8,100,results/logs/cka_strength_sweep/cifar10_drift_all/strength_1p0/seed_100/splits/cifar10_split_seed100_clients5_alpha0p3_ref500.json,1.0,drift,14,conv1,3,2,0.9999766945838928,0.999930739402771,500
cka_feddst,cifar10,0.8,100,results/logs/cka_strength_sweep/cifar10_drift_all/strength_1p0/seed_100/splits/cifar10_split_seed100_clients5_alpha0p3_ref500.json,1.0,drift,14,conv1,3,3,1.0,0.999930739402771,500
cka_feddst,cifar10,0.8,100,results/logs/cka_strength_sweep/cifar10_drift_all/strength_1p0/seed_100/splits/cifar10_split_seed100_clients5_alpha0p3_ref500.json,1.0,drift,14,conv1,3,4,0.9999527931213379,0.999930739402771,500
cka_feddst,cifar10,0.8,100,results/logs/cka_strength_sweep/cifar10_drift_all/strength_1p0/seed_100/splits/cifar10_split_seed100_clients5_alpha0p3_ref500.json,1.0,drift,14,conv1,4,0,1.0,0.999930739402771,500
cka_feddst,cifar10,0.8,100,results/logs/cka_strength_sweep/cifar10_drift_all/strength_1p0/seed_100/splits/cifar10_split_seed100_clients5_alpha0p3_ref500.json,1.0,drift,14,conv1,4,1,0.999994695186615,0.999930739402771,500
cka_feddst,cifar10,0.8,100,results/logs/cka_strength_sweep/cifar10_drift_all/strength_1p0/seed_100/splits/cifar10_split_seed100_clients5_alpha0p3_ref500.json,1.0,drift,14,conv1,4,2,0.9998542666435242,0.999930739402771,500
cka_feddst,cifar10,0.8,100,results/logs/cka_strength_sweep/cifar10_drift_all/strength_1p0/seed_100/splits/cifar10_split_seed100_clients5_alpha0p3_ref500.json,1.0,drift,14,conv1,4,3,0.9999527931213379,0.999930739402771,500
cka_feddst,cifar10,0.8,100,results/logs/cka_strength_sweep/cifar10_drift_all/strength_1p0/seed_100/splits/cifar10_split_seed100_clients5_alpha0p3_ref500.json,1.0,drift,14,conv1,4,4,1.0,0.999930739402771,500
cka_feddst,cifar10,0.8,100,results/logs/cka_strength_sweep/cifar10_drift_all/strength_1p0/seed_100/splits/cifar10_split_seed100_clients5_alpha0p3_ref500.json,1.0,drift,14,conv2,0,0,1.0,0.9992904663085938,500
cka_feddst,cifar10,0.8,100,results/logs/cka_strength_sweep/cifar10_drift_all/strength_1p0/seed_100/splits/cifar10_split_seed100_clients5_alpha0p3_ref500.json,1.0,drift,14,conv2,0,1,0.9997488856315613,0.9992904663085938,500
cka_feddst,cifar10,0.8,100,results/logs/cka_strength_sweep/cifar10_drift_all/strength_1p0/seed_100/splits/cifar10_split_seed100_clients5_alpha0p3_ref500.json,1.0,drift,14,conv2,0,2,0.9991263151168823,0.9992904663085938,500
cka_feddst,cifar10,0.8,100,results/logs/cka_strength_sweep/cifar10_drift_all/strength_1p0/seed_100/splits/cifar10_split_seed100_clients5_alpha0p3_ref500.json,1.0,drift,14,conv2,0,3,0.9998084902763367,0.9992904663085938,500
cka_feddst,cifar10,0.8,100,results/logs/cka_strength_sweep/cifar10_drift_all/strength_1p0/seed_100/splits/cifar10_split_seed100_clients5_alpha0p3_ref500.json,1.0,drift,14,conv2,0,4,0.9996941685676575,0.9992904663085938,500
cka_feddst,cifar10,0.8,100,results/logs/cka_strength_sweep/cifar10_drift_all/strength_1p0/seed_100/splits/cifar10_split_seed100_clients5_alpha0p3_ref500.json,1.0,drift,14,conv2,1,0,0.9997488856315613,0.9992904663085938,500
cka_feddst,cifar10,0.8,100,results/logs/cka_strength_sweep/cifar10_drift_all/strength_1p0/seed_100/splits/cifar10_split_seed100_clients5_alpha0p3_ref500.json,1.0,drift,14,conv2,1,1,1.0,0.9992904663085938,500
cka_feddst,cifar10,0.8,100,results/logs/cka_strength_sweep/cifar10_drift_all/strength_1p0/seed_100/splits/cifar10_split_seed100_clients5_alpha0p3_ref500.json,1.0,drift,14,conv2,1,2,0.9979408383369446,0.9992904663085938,500
cka_feddst,cifar10,0.8,100,results/logs/cka_strength_sweep/cifar10_drift_all/strength_1p0/seed_100/splits/cifar10_split_seed100_clients5_alpha0p3_ref500.json,1.0,drift,14,conv2,1,3,0.999157726764679,0.9992904663085938,500
cka_feddst,cifar10,0.8,100,results/logs/cka_strength_sweep/cifar10_drift_all/strength_1p0/seed_100/splits/cifar10_split_seed100_clients5_alpha0p3_ref500.json,1.0,drift,14,conv2,1,4,0.9996045231819153,0.9992904663085938,500
cka_feddst,cifar10,0.8,100,results/logs/cka_strength_sweep/cifar10_drift_all/strength_1p0/seed_100/splits/cifar10_split_seed100_clients5_alpha0p3_ref500.json,1.0,drift,14,conv2,2,0,0.9991263151168823,0.9992904663085938,500
cka_feddst,cifar10,0.8,100,results/logs/cka_strength_sweep/cifar10_drift_all/strength_1p0/seed_100/splits/cifar10_split_seed100_clients5_alpha0p3_ref500.json,1.0,drift,14,conv2,2,1,0.9979408383369446,0.9992904663085938,500
cka_feddst,cifar10,0.8,100,results/logs/cka_strength_sweep/cifar10_drift_all/strength_1p0/seed_100/splits/cifar10_split_seed100_clients5_alpha0p3_ref500.json,1.0,drift,14,conv2,2,2,1.0,0.9992904663085938,500
cka_feddst,cifar10,0.8,100,results/logs/cka_strength_sweep/cifar10_drift_all/strength_1p0/seed_100/splits/cifar10_split_seed100_clients5_alpha0p3_ref500.json,1.0,drift,14,conv2,2,3,0.9996903538703918,0.9992904663085938,500
cka_feddst,cifar10,0.8,100,results/logs/cka_strength_sweep/cifar10_drift_all/strength_1p0/seed_100/splits/cifar10_split_seed100_clients5_alpha0p3_ref500.json,1.0,drift,14,conv2,2,4,0.9985650777816772,0.9992904663085938,500
cka_feddst,cifar10,0.8,100,results/logs/cka_strength_sweep/cifar10_drift_all/strength_1p0/seed_100/splits/cifar10_split_seed100_clients5_alpha0p3_ref500.json,1.0,drift,14,conv2,3,0,0.9998084902763367,0.9992904663085938,500
cka_feddst,cifar10,0.8,100,results/logs/cka_strength_sweep/cifar10_drift_all/strength_1p0/seed_100/splits/cifar10_split_seed100_clients5_alpha0p3_ref500.json,1.0,drift,14,conv2,3,1,0.999157726764679,0.9992904663085938,500
cka_feddst,cifar10,0.8,100,results/logs/cka_strength_sweep/cifar10_drift_all/strength_1p0/seed_100/splits/cifar10_split_seed100_clients5_alpha0p3_ref500.json,1.0,drift,14,conv2,3,2,0.9996903538703918,0.9992904663085938,500
cka_feddst,cifar10,0.8,100,results/logs/cka_strength_sweep/cifar10_drift_all/strength_1p0/seed_100/splits/cifar10_split_seed100_clients5_alpha0p3_ref500.json,1.0,drift,14,conv2,3,3,1.0,0.9992904663085938,500
cka_feddst,cifar10,0.8,100,results/logs/cka_strength_sweep/cifar10_drift_all/strength_1p0/seed_100/splits/cifar10_split_seed100_clients5_alpha0p3_ref500.json,1.0,drift,14,conv2,3,4,0.9995686411857605,0.9992904663085938,500
cka_feddst,cifar10,0.8,100,results/logs/cka_strength_sweep/cifar10_drift_all/strength_1p0/seed_100/splits/cifar10_split_seed100_clients5_alpha0p3_ref500.json,1.0,drift,14,conv2,4,0,0.9996941685676575,0.9992904663085938,500
cka_feddst,cifar10,0.8,100,results/logs/cka_strength_sweep/cifar10_drift_all/strength_1p0/seed_100/splits/cifar10_split_seed100_clients5_alpha0p3_ref500.json,1.0,drift,14,conv2,4,1,0.9996045231819153,0.9992904663085938,500
cka_feddst,cifar10,0.8,100,results/logs/cka_strength_sweep/cifar10_drift_all/strength_1p0/seed_100/splits/cifar10_split_seed100_clients5_alpha0p3_ref500.json,1.0,drift,14,conv2,4,2,0.9985650777816772,0.9992904663085938,500
cka_feddst,cifar10,0.8,100,results/logs/cka_strength_sweep/cifar10_drift_all/strength_1p0/seed_100/splits/cifar10_split_seed100_clients5_alpha0p3_ref500.json,1.0,drift,14,conv2,4,3,0.9995686411857605,0.9992904663085938,500
cka_feddst,cifar10,0.8,100,results/logs/cka_strength_sweep/cifar10_drift_all/strength_1p0/seed_100/splits/cifar10_split_seed100_clients5_alpha0p3_ref500.json,1.0,drift,14,conv2,4,4,1.0,0.9992904663085938,500
cka_feddst,cifar10,0.8,100,results/logs/cka_strength_sweep/cifar10_drift_all/strength_1p0/seed_100/splits/cifar10_split_seed100_clients5_alpha0p3_ref500.json,1.0,drift,14,conv3,0,0,1.0,0.9992080926895142,500
cka_feddst,cifar10,0.8,100,results/logs/cka_strength_sweep/cifar10_drift_all/strength_1p0/seed_100/splits/cifar10_split_seed100_clients5_alpha0p3_ref500.json,1.0,drift,14,conv3,0,1,0.9996986389160156,0.9992080926895142,500
cka_feddst,cifar10,0.8,100,results/logs/cka_strength_sweep/cifar10_drift_all/strength_1p0/seed_100/splits/cifar10_split_seed100_clients5_alpha0p3_ref500.json,1.0,drift,14,conv3,0,2,0.9990261197090149,0.9992080926895142,500
cka_feddst,cifar10,0.8,100,results/logs/cka_strength_sweep/cifar10_drift_all/strength_1p0/seed_100/splits/cifar10_split_seed100_clients5_alpha0p3_ref500.json,1.0,drift,14,conv3,0,3,0.9998082518577576,0.9992080926895142,500
cka_feddst,cifar10,0.8,100,results/logs/cka_strength_sweep/cifar10_drift_all/strength_1p0/seed_100/splits/cifar10_split_seed100_clients5_alpha0p3_ref500.json,1.0,drift,14,conv3,0,4,0.999704122543335,0.9992080926895142,500
cka_feddst,cifar10,0.8,100,results/logs/cka_strength_sweep/cifar10_drift_all/strength_1p0/seed_100/splits/cifar10_split_seed100_clients5_alpha0p3_ref500.json,1.0,drift,14,conv3,1,0,0.9996986389160156,0.9992080926895142,500
cka_feddst,cifar10,0.8,100,results/logs/cka_strength_sweep/cifar10_drift_all/strength_1p0/seed_100/splits/cifar10_split_seed100_clients5_alpha0p3_ref500.json,1.0,drift,14,conv3,1,1,1.0,0.9992080926895142,500
cka_feddst,cifar10,0.8,100,results/logs/cka_strength_sweep/cifar10_drift_all/strength_1p0/seed_100/splits/cifar10_split_seed100_clients5_alpha0p3_ref500.json,1.0,drift,14,conv3,1,2,0.9976548552513123,0.9992080926895142,500
cka_feddst,cifar10,0.8,100,results/logs/cka_strength_sweep/cifar10_drift_all/strength_1p0/seed_100/splits/cifar10_split_seed100_clients5_alpha0p3_ref500.json,1.0,drift,14,conv3,1,3,0.9990683794021606,0.9992080926895142,500
cka_feddst,cifar10,0.8,100,results/logs/cka_strength_sweep/cifar10_drift_all/strength_1p0/seed_100/splits/cifar10_split_seed100_clients5_alpha0p3_ref500.json,1.0,drift,14,conv3,1,4,0.9996439218521118,0.9992080926895142,500
cka_feddst,cifar10,0.8,100,results/logs/cka_strength_sweep/cifar10_drift_all/strength_1p0/seed_100/splits/cifar10_split_seed100_clients5_alpha0p3_ref500.json,1.0,drift,14,conv3,2,0,0.9990261197090149,0.9992080926895142,500
cka_feddst,cifar10,0.8,100,results/logs/cka_strength_sweep/cifar10_drift_all/strength_1p0/seed_100/splits/cifar10_split_seed100_clients5_alpha0p3_ref500.json,1.0,drift,14,conv3,2,1,0.9976548552513123,0.9992080926895142,500
cka_feddst,cifar10,0.8,100,results/logs/cka_strength_sweep/cifar10_drift_all/strength_1p0/seed_100/splits/cifar10_split_seed100_clients5_alpha0p3_ref500.json,1.0,drift,14,conv3,2,2,1.0,0.9992080926895142,500
cka_feddst,cifar10,0.8,100,results/logs/cka_strength_sweep/cifar10_drift_all/strength_1p0/seed_100/splits/cifar10_split_seed100_clients5_alpha0p3_ref500.json,1.0,drift,14,conv3,2,3,0.9996334910392761,0.9992080926895142,500
cka_feddst,cifar10,0.8,100,results/logs/cka_strength_sweep/cifar10_drift_all/strength_1p0/seed_100/splits/cifar10_split_seed100_clients5_alpha0p3_ref500.json,1.0,drift,14,conv3,2,4,0.9983349442481995,0.9992080926895142,500
cka_feddst,cifar10,0.8,100,results/logs/cka_strength_sweep/cifar10_drift_all/strength_1p0/seed_100/splits/cifar10_split_seed100_clients5_alpha0p3_ref500.json,1.0,drift,14,conv3,3,0,0.9998082518577576,0.9992080926895142,500
cka_feddst,cifar10,0.8,100,results/logs/cka_strength_sweep/cifar10_drift_all/strength_1p0/seed_100/splits/cifar10_split_seed100_clients5_alpha0p3_ref500.json,1.0,drift,14,conv3,3,1,0.9990683794021606,0.9992080926895142,500
cka_feddst,cifar10,0.8,100,results/logs/cka_strength_sweep/cifar10_drift_all/strength_1p0/seed_100/splits/cifar10_split_seed100_clients5_alpha0p3_ref500.json,1.0,drift,14,conv3,3,2,0.9996334910392761,0.9992080926895142,500
cka_feddst,cifar10,0.8,100,results/logs/cka_strength_sweep/cifar10_drift_all/strength_1p0/seed_100/splits/cifar10_split_seed100_clients5_alpha0p3_ref500.json,1.0,drift,14,conv3,3,3,1.0,0.9992080926895142,500
cka_feddst,cifar10,0.8,100,results/logs/cka_strength_sweep/cifar10_drift_all/strength_1p0/seed_100/splits/cifar10_split_seed100_clients5_alpha0p3_ref500.json,1.0,drift,14,conv3,3,4,0.9995074272155762,0.9992080926895142,500
cka_feddst,cifar10,0.8,100,results/logs/cka_strength_sweep/cifar10_drift_all/strength_1p0/seed_100/splits/cifar10_split_seed100_clients5_alpha0p3_ref500.json,1.0,drift,14,conv3,4,0,0.999704122543335,0.9992080926895142,500
cka_feddst,cifar10,0.8,100,results/logs/cka_strength_sweep/cifar10_drift_all/strength_1p0/seed_100/splits/cifar10_split_seed100_clients5_alpha0p3_ref500.json,1.0,drift,14,conv3,4,1,0.9996439218521118,0.9992080926895142,500
cka_feddst,cifar10,0.8,100,results/logs/cka_strength_sweep/cifar10_drift_all/strength_1p0/seed_100/splits/cifar10_split_seed100_clients5_alpha0p3_ref500.json,1.0,drift,14,conv3,4,2,0.9983349442481995,0.9992080926895142,500
cka_feddst,cifar10,0.8,100,results/logs/cka_strength_sweep/cifar10_drift_all/strength_1p0/seed_100/splits/cifar10_split_seed100_clients5_alpha0p3_ref500.json,1.0,drift,14,conv3,4,3,0.9995074272155762,0.9992080926895142,500
cka_feddst,cifar10,0.8,100,results/logs/cka_strength_sweep/cifar10_drift_all/strength_1p0/seed_100/splits/cifar10_split_seed100_clients5_alpha0p3_ref500.json,1.0,drift,14,conv3,4,4,1.0,0.9992080926895142,500
cka_feddst,cifar10,0.8,100,results/logs/cka_strength_sweep/cifar10_drift_all/strength_1p0/seed_100/splits/cifar10_split_seed100_clients5_alpha0p3_ref500.json,1.0,drift,14,fc1,0,0,1.0,0.9865260124206543,500
cka_feddst,cifar10,0.8,100,results/logs/cka_strength_sweep/cifar10_drift_all/strength_1p0/seed_100/splits/cifar10_split_seed100_clients5_alpha0p3_ref500.json,1.0,drift,14,fc1,0,1,0.9909120202064514,0.9865260124206543,500
cka_feddst,cifar10,0.8,100,results/logs/cka_strength_sweep/cifar10_drift_all/strength_1p0/seed_100/splits/cifar10_split_seed100_clients5_alpha0p3_ref500.json,1.0,drift,14,fc1,0,2,0.9727843403816223,0.9865260124206543,500
cka_feddst,cifar10,0.8,100,results/logs/cka_strength_sweep/cifar10_drift_all/strength_1p0/seed_100/splits/cifar10_split_seed100_clients5_alpha0p3_ref500.json,1.0,drift,14,fc1,0,3,0.9913721084594727,0.9865260124206543,500
cka_feddst,cifar10,0.8,100,results/logs/cka_strength_sweep/cifar10_drift_all/strength_1p0/seed_100/splits/cifar10_split_seed100_clients5_alpha0p3_ref500.json,1.0,drift,14,fc1,0,4,0.9874696731567383,0.9865260124206543,500
cka_feddst,cifar10,0.8,100,results/logs/cka_strength_sweep/cifar10_drift_all/strength_1p0/seed_100/splits/cifar10_split_seed100_clients5_alpha0p3_ref500.json,1.0,drift,14,fc1,1,0,0.9909120202064514,0.9865260124206543,500
cka_feddst,cifar10,0.8,100,results/logs/cka_strength_sweep/cifar10_drift_all/strength_1p0/seed_100/splits/cifar10_split_seed100_clients5_alpha0p3_ref500.json,1.0,drift,14,fc1,1,1,1.0,0.9865260124206543,500
cka_feddst,cifar10,0.8,100,results/logs/cka_strength_sweep/cifar10_drift_all/strength_1p0/seed_100/splits/cifar10_split_seed100_clients5_alpha0p3_ref500.json,1.0,drift,14,fc1,1,2,0.9725565910339355,0.9865260124206543,500
cka_feddst,cifar10,0.8,100,results/logs/cka_strength_sweep/cifar10_drift_all/strength_1p0/seed_100/splits/cifar10_split_seed100_clients5_alpha0p3_ref500.json,1.0,drift,14,fc1,1,3,0.9931190609931946,0.9865260124206543,500
cka_feddst,cifar10,0.8,100,results/logs/cka_strength_sweep/cifar10_drift_all/strength_1p0/seed_100/splits/cifar10_split_seed100_clients5_alpha0p3_ref500.json,1.0,drift,14,fc1,1,4,0.9908866286277771,0.9865260124206543,500
cka_feddst,cifar10,0.8,100,results/logs/cka_strength_sweep/cifar10_drift_all/strength_1p0/seed_100/splits/cifar10_split_seed100_clients5_alpha0p3_ref500.json,1.0,drift,14,fc1,2,0,0.9727843403816223,0.9865260124206543,500
cka_feddst,cifar10,0.8,100,results/logs/cka_strength_sweep/cifar10_drift_all/strength_1p0/seed_100/splits/cifar10_split_seed100_clients5_alpha0p3_ref500.json,1.0,drift,14,fc1,2,1,0.9725565910339355,0.9865260124206543,500
cka_feddst,cifar10,0.8,100,results/logs/cka_strength_sweep/cifar10_drift_all/strength_1p0/seed_100/splits/cifar10_split_seed100_clients5_alpha0p3_ref500.json,1.0,drift,14,fc1,2,2,1.0,0.9865260124206543,500
cka_feddst,cifar10,0.8,100,results/logs/cka_strength_sweep/cifar10_drift_all/strength_1p0/seed_100/splits/cifar10_split_seed100_clients5_alpha0p3_ref500.json,1.0,drift,14,fc1,2,3,0.9850591421127319,0.9865260124206543,500
cka_feddst,cifar10,0.8,100,results/logs/cka_strength_sweep/cifar10_drift_all/strength_1p0/seed_100/splits/cifar10_split_seed100_clients5_alpha0p3_ref500.json,1.0,drift,14,fc1,2,4,0.9867713451385498,0.9865260124206543,500
cka_feddst,cifar10,0.8,100,results/logs/cka_strength_sweep/cifar10_drift_all/strength_1p0/seed_100/splits/cifar10_split_seed100_clients5_alpha0p3_ref500.json,1.0,drift,14,fc1,3,0,0.9913721084594727,0.9865260124206543,500
cka_feddst,cifar10,0.8,100,results/logs/cka_strength_sweep/cifar10_drift_all/strength_1p0/seed_100/splits/cifar10_split_seed100_clients5_alpha0p3_ref500.json,1.0,drift,14,fc1,3,1,0.9931190609931946,0.9865260124206543,500
cka_feddst,cifar10,0.8,100,results/logs/cka_strength_sweep/cifar10_drift_all/strength_1p0/seed_100/splits/cifar10_split_seed100_clients5_alpha0p3_ref500.json,1.0,drift,14,fc1,3,2,0.9850591421127319,0.9865260124206543,500
cka_feddst,cifar10,0.8,100,results/logs/cka_strength_sweep/cifar10_drift_all/strength_1p0/seed_100/splits/cifar10_split_seed100_clients5_alpha0p3_ref500.json,1.0,drift,14,fc1,3,3,1.0,0.9865260124206543,500
cka_feddst,cifar10,0.8,100,results/logs/cka_strength_sweep/cifar10_drift_all/strength_1p0/seed_100/splits/cifar10_split_seed100_clients5_alpha0p3_ref500.json,1.0,drift,14,fc1,3,4,0.994329571723938,0.9865260124206543,500
cka_feddst,cifar10,0.8,100,results/logs/cka_strength_sweep/cifar10_drift_all/strength_1p0/seed_100/splits/cifar10_split_seed100_clients5_alpha0p3_ref500.json,1.0,drift,14,fc1,4,0,0.9874696731567383,0.9865260124206543,500
cka_feddst,cifar10,0.8,100,results/logs/cka_strength_sweep/cifar10_drift_all/strength_1p0/seed_100/splits/cifar10_split_seed100_clients5_alpha0p3_ref500.json,1.0,drift,14,fc1,4,1,0.9908866286277771,0.9865260124206543,500
cka_feddst,cifar10,0.8,100,results/logs/cka_strength_sweep/cifar10_drift_all/strength_1p0/seed_100/splits/cifar10_split_seed100_clients5_alpha0p3_ref500.json,1.0,drift,14,fc1,4,2,0.9867713451385498,0.9865260124206543,500
cka_feddst,cifar10,0.8,100,results/logs/cka_strength_sweep/cifar10_drift_all/strength_1p0/seed_100/splits/cifar10_split_seed100_clients5_alpha0p3_ref500.json,1.0,drift,14,fc1,4,3,0.994329571723938,0.9865260124206543,500
cka_feddst,cifar10,0.8,100,results/logs/cka_strength_sweep/cifar10_drift_all/strength_1p0/seed_100/splits/cifar10_split_seed100_clients5_alpha0p3_ref500.json,1.0,drift,14,fc1,4,4,1.0,0.9865260124206543,500
cka_feddst,cifar10,0.8,100,results/logs/cka_strength_sweep/cifar10_drift_all/strength_1p0/seed_100/splits/cifar10_split_seed100_clients5_alpha0p3_ref500.json,1.0,drift,16,conv1,0,0,1.0,0.9999257922172546,500
cka_feddst,cifar10,0.8,100,results/logs/cka_strength_sweep/cifar10_drift_all/strength_1p0/seed_100/splits/cifar10_split_seed100_clients5_alpha0p3_ref500.json,1.0,drift,16,conv1,0,1,0.9999864101409912,0.9999257922172546,500
cka_feddst,cifar10,0.8,100,results/logs/cka_strength_sweep/cifar10_drift_all/strength_1p0/seed_100/splits/cifar10_split_seed100_clients5_alpha0p3_ref500.json,1.0,drift,16,conv1,0,2,0.9998691082000732,0.9999257922172546,500
cka_feddst,cifar10,0.8,100,results/logs/cka_strength_sweep/cifar10_drift_all/strength_1p0/seed_100/splits/cifar10_split_seed100_clients5_alpha0p3_ref500.json,1.0,drift,16,conv1,0,3,0.9999390840530396,0.9999257922172546,500
cka_feddst,cifar10,0.8,100,results/logs/cka_strength_sweep/cifar10_drift_all/strength_1p0/seed_100/splits/cifar10_split_seed100_clients5_alpha0p3_ref500.json,1.0,drift,16,conv1,0,4,0.9999738931655884,0.9999257922172546,500
cka_feddst,cifar10,0.8,100,results/logs/cka_strength_sweep/cifar10_drift_all/strength_1p0/seed_100/splits/cifar10_split_seed100_clients5_alpha0p3_ref500.json,1.0,drift,16,conv1,1,0,0.9999864101409912,0.9999257922172546,500
cka_feddst,cifar10,0.8,100,results/logs/cka_strength_sweep/cifar10_drift_all/strength_1p0/seed_100/splits/cifar10_split_seed100_clients5_alpha0p3_ref500.json,1.0,drift,16,conv1,1,1,1.0,0.9999257922172546,500
cka_feddst,cifar10,0.8,100,results/logs/cka_strength_sweep/cifar10_drift_all/strength_1p0/seed_100/splits/cifar10_split_seed100_clients5_alpha0p3_ref500.json,1.0,drift,16,conv1,1,2,0.9997806549072266,0.9999257922172546,500
cka_feddst,cifar10,0.8,100,results/logs/cka_strength_sweep/cifar10_drift_all/strength_1p0/seed_100/splits/cifar10_split_seed100_clients5_alpha0p3_ref500.json,1.0,drift,16,conv1,1,3,0.9998880624771118,0.9999257922172546,500
cka_feddst,cifar10,0.8,100,results/logs/cka_strength_sweep/cifar10_drift_all/strength_1p0/seed_100/splits/cifar10_split_seed100_clients5_alpha0p3_ref500.json,1.0,drift,16,conv1,1,4,0.99996417760849,0.9999257922172546,500
cka_feddst,cifar10,0.8,100,results/logs/cka_strength_sweep/cifar10_drift_all/strength_1p0/seed_100/splits/cifar10_split_seed100_clients5_alpha0p3_ref500.json,1.0,drift,16,conv1,2,0,0.9998691082000732,0.9999257922172546,500
cka_feddst,cifar10,0.8,100,results/logs/cka_strength_sweep/cifar10_drift_all/strength_1p0/seed_100/splits/cifar10_split_seed100_clients5_alpha0p3_ref500.json,1.0,drift,16,conv1,2,1,0.9997806549072266,0.9999257922172546,500
cka_feddst,cifar10,0.8,100,results/logs/cka_strength_sweep/cifar10_drift_all/strength_1p0/seed_100/splits/cifar10_split_seed100_clients5_alpha0p3_ref500.json,1.0,drift,16,conv1,2,2,1.0,0.9999257922172546,500
cka_feddst,cifar10,0.8,100,results/logs/cka_strength_sweep/cifar10_drift_all/strength_1p0/seed_100/splits/cifar10_split_seed100_clients5_alpha0p3_ref500.json,1.0,drift,16,conv1,2,3,0.9999812841415405,0.9999257922172546,500
cka_feddst,cifar10,0.8,100,results/logs/cka_strength_sweep/cifar10_drift_all/strength_1p0/seed_100/splits/cifar10_split_seed100_clients5_alpha0p3_ref500.json,1.0,drift,16,conv1,2,4,0.9999027252197266,0.9999257922172546,500
cka_feddst,cifar10,0.8,100,results/logs/cka_strength_sweep/cifar10_drift_all/strength_1p0/seed_100/splits/cifar10_split_seed100_clients5_alpha0p3_ref500.json,1.0,drift,16,conv1,3,0,0.9999390840530396,0.9999257922172546,500
cka_feddst,cifar10,0.8,100,results/logs/cka_strength_sweep/cifar10_drift_all/strength_1p0/seed_100/splits/cifar10_split_seed100_clients5_alpha0p3_ref500.json,1.0,drift,16,conv1,3,1,0.9998880624771118,0.9999257922172546,500
cka_feddst,cifar10,0.8,100,results/logs/cka_strength_sweep/cifar10_drift_all/strength_1p0/seed_100/splits/cifar10_split_seed100_clients5_alpha0p3_ref500.json,1.0,drift,16,conv1,3,2,0.9999812841415405,0.9999257922172546,500
cka_feddst,cifar10,0.8,100,results/logs/cka_strength_sweep/cifar10_drift_all/strength_1p0/seed_100/splits/cifar10_split_seed100_clients5_alpha0p3_ref500.json,1.0,drift,16,conv1,3,3,1.0,0.9999257922172546,500
cka_feddst,cifar10,0.8,100,results/logs/cka_strength_sweep/cifar10_drift_all/strength_1p0/seed_100/splits/cifar10_split_seed100_clients5_alpha0p3_ref500.json,1.0,drift,16,conv1,3,4,0.9999730587005615,0.9999257922172546,500
cka_feddst,cifar10,0.8,100,results/logs/cka_strength_sweep/cifar10_drift_all/strength_1p0/seed_100/splits/cifar10_split_seed100_clients5_alpha0p3_ref500.json,1.0,drift,16,conv1,4,0,0.9999738931655884,0.9999257922172546,500
cka_feddst,cifar10,0.8,100,results/logs/cka_strength_sweep/cifar10_drift_all/strength_1p0/seed_100/splits/cifar10_split_seed100_clients5_alpha0p3_ref500.json,1.0,drift,16,conv1,4,1,0.99996417760849,0.9999257922172546,500
cka_feddst,cifar10,0.8,100,results/logs/cka_strength_sweep/cifar10_drift_all/strength_1p0/seed_100/splits/cifar10_split_seed100_clients5_alpha0p3_ref500.json,1.0,drift,16,conv1,4,2,0.9999027252197266,0.9999257922172546,500
cka_feddst,cifar10,0.8,100,results/logs/cka_strength_sweep/cifar10_drift_all/strength_1p0/seed_100/splits/cifar10_split_seed100_clients5_alpha0p3_ref500.json,1.0,drift,16,conv1,4,3,0.9999730587005615,0.9999257922172546,500
cka_feddst,cifar10,0.8,100,results/logs/cka_strength_sweep/cifar10_drift_all/strength_1p0/seed_100/splits/cifar10_split_seed100_clients5_alpha0p3_ref500.json,1.0,drift,16,conv1,4,4,1.0,0.9999257922172546,500
cka_feddst,cifar10,0.8,100,results/logs/cka_strength_sweep/cifar10_drift_all/strength_1p0/seed_100/splits/cifar10_split_seed100_clients5_alpha0p3_ref500.json,1.0,drift,16,conv2,0,0,1.0,0.9973481297492981,500
cka_feddst,cifar10,0.8,100,results/logs/cka_strength_sweep/cifar10_drift_all/strength_1p0/seed_100/splits/cifar10_split_seed100_clients5_alpha0p3_ref500.json,1.0,drift,16,conv2,0,1,0.9974433183670044,0.9973481297492981,500
cka_feddst,cifar10,0.8,100,results/logs/cka_strength_sweep/cifar10_drift_all/strength_1p0/seed_100/splits/cifar10_split_seed100_clients5_alpha0p3_ref500.json,1.0,drift,16,conv2,0,2,0.9985275864601135,0.9973481297492981,500
cka_feddst,cifar10,0.8,100,results/logs/cka_strength_sweep/cifar10_drift_all/strength_1p0/seed_100/splits/cifar10_split_seed100_clients5_alpha0p3_ref500.json,1.0,drift,16,conv2,0,3,0.9998565912246704,0.9973481297492981,500
cka_feddst,cifar10,0.8,100,results/logs/cka_strength_sweep/cifar10_drift_all/strength_1p0/seed_100/splits/cifar10_split_seed100_clients5_alpha0p3_ref500.json,1.0,drift,16,conv2,0,4,0.997776210308075,0.9973481297492981,500
cka_feddst,cifar10,0.8,100,results/logs/cka_strength_sweep/cifar10_drift_all/strength_1p0/seed_100/splits/cifar10_split_seed100_clients5_alpha0p3_ref500.json,1.0,drift,16,conv2,1,0,0.9974433183670044,0.9973481297492981,500
cka_feddst,cifar10,0.8,100,results/logs/cka_strength_sweep/cifar10_drift_all/strength_1p0/seed_100/splits/cifar10_split_seed100_clients5_alpha0p3_ref500.json,1.0,drift,16,conv2,1,1,1.0,0.9973481297492981,500
cka_feddst,cifar10,0.8,100,results/logs/cka_strength_sweep/cifar10_drift_all/strength_1p0/seed_100/splits/cifar10_split_seed100_clients5_alpha0p3_ref500.json,1.0,drift,16,conv2,1,2,0.9923664927482605,0.9973481297492981,500
cka_feddst,cifar10,0.8,100,results/logs/cka_strength_sweep/cifar10_drift_all/strength_1p0/seed_100/splits/cifar10_split_seed100_clients5_alpha0p3_ref500.json,1.0,drift,16,conv2,1,3,0.9976813197135925,0.9973481297492981,500
cka_feddst,cifar10,0.8,100,results/logs/cka_strength_sweep/cifar10_drift_all/strength_1p0/seed_100/splits/cifar10_split_seed100_clients5_alpha0p3_ref500.json,1.0,drift,16,conv2,1,4,0.9997615814208984,0.9973481297492981,500
cka_feddst,cifar10,0.8,100,results/logs/cka_strength_sweep/cifar10_drift_all/strength_1p0/seed_100/splits/cifar10_split_seed100_clients5_alpha0p3_ref500.json,1.0,drift,16,conv2,2,0,0.9985275864601135,0.9973481297492981,500
cka_feddst,cifar10,0.8,100,results/logs/cka_strength_sweep/cifar10_drift_all/strength_1p0/seed_100/splits/cifar10_split_seed100_clients5_alpha0p3_ref500.json,1.0,drift,16,conv2,2,1,0.9923664927482605,0.9973481297492981,500
cka_feddst,cifar10,0.8,100,results/logs/cka_strength_sweep/cifar10_drift_all/strength_1p0/seed_100/splits/cifar10_split_seed100_clients5_alpha0p3_ref500.json,1.0,drift,16,conv2,2,2,1.0,0.9973481297492981,500
cka_feddst,cifar10,0.8,100,results/logs/cka_strength_sweep/cifar10_drift_all/strength_1p0/seed_100/splits/cifar10_split_seed100_clients5_alpha0p3_ref500.json,1.0,drift,16,conv2,2,3,0.998418390750885,0.9973481297492981,500
cka_feddst,cifar10,0.8,100,results/logs/cka_strength_sweep/cifar10_drift_all/strength_1p0/seed_100/splits/cifar10_split_seed100_clients5_alpha0p3_ref500.json,1.0,drift,16,conv2,2,4,0.9933990836143494,0.9973481297492981,500
cka_feddst,cifar10,0.8,100,results/logs/cka_strength_sweep/cifar10_drift_all/strength_1p0/seed_100/splits/cifar10_split_seed100_clients5_alpha0p3_ref500.json,1.0,drift,16,conv2,3,0,0.9998565912246704,0.9973481297492981,500
cka_feddst,cifar10,0.8,100,results/logs/cka_strength_sweep/cifar10_drift_all/strength_1p0/seed_100/splits/cifar10_split_seed100_clients5_alpha0p3_ref500.json,1.0,drift,16,conv2,3,1,0.9976813197135925,0.9973481297492981,500
cka_feddst,cifar10,0.8,100,results/logs/cka_strength_sweep/cifar10_drift_all/strength_1p0/seed_100/splits/cifar10_split_seed100_clients5_alpha0p3_ref500.json,1.0,drift,16,conv2,3,2,0.998418390750885,0.9973481297492981,500
cka_feddst,cifar10,0.8,100,results/logs/cka_strength_sweep/cifar10_drift_all/strength_1p0/seed_100/splits/cifar10_split_seed100_clients5_alpha0p3_ref500.json,1.0,drift,16,conv2,3,3,1.0,0.9973481297492981,500
cka_feddst,cifar10,0.8,100,results/logs/cka_strength_sweep/cifar10_drift_all/strength_1p0/seed_100/splits/cifar10_split_seed100_clients5_alpha0p3_ref500.json,1.0,drift,16,conv2,3,4,0.9982507228851318,0.9973481297492981,500
cka_feddst,cifar10,0.8,100,results/logs/cka_strength_sweep/cifar10_drift_all/strength_1p0/seed_100/splits/cifar10_split_seed100_clients5_alpha0p3_ref500.json,1.0,drift,16,conv2,4,0,0.997776210308075,0.9973481297492981,500
cka_feddst,cifar10,0.8,100,results/logs/cka_strength_sweep/cifar10_drift_all/strength_1p0/seed_100/splits/cifar10_split_seed100_clients5_alpha0p3_ref500.json,1.0,drift,16,conv2,4,1,0.9997615814208984,0.9973481297492981,500
cka_feddst,cifar10,0.8,100,results/logs/cka_strength_sweep/cifar10_drift_all/strength_1p0/seed_100/splits/cifar10_split_seed100_clients5_alpha0p3_ref500.json,1.0,drift,16,conv2,4,2,0.9933990836143494,0.9973481297492981,500
cka_feddst,cifar10,0.8,100,results/logs/cka_strength_sweep/cifar10_drift_all/strength_1p0/seed_100/splits/cifar10_split_seed100_clients5_alpha0p3_ref500.json,1.0,drift,16,conv2,4,3,0.9982507228851318,0.9973481297492981,500
cka_feddst,cifar10,0.8,100,results/logs/cka_strength_sweep/cifar10_drift_all/strength_1p0/seed_100/splits/cifar10_split_seed100_clients5_alpha0p3_ref500.json,1.0,drift,16,conv2,4,4,1.0,0.9973481297492981,500
cka_feddst,cifar10,0.8,100,results/logs/cka_strength_sweep/cifar10_drift_all/strength_1p0/seed_100/splits/cifar10_split_seed100_clients5_alpha0p3_ref500.json,1.0,drift,16,conv3,0,0,1.0,0.9970332980155945,500
cka_feddst,cifar10,0.8,100,results/logs/cka_strength_sweep/cifar10_drift_all/strength_1p0/seed_100/splits/cifar10_split_seed100_clients5_alpha0p3_ref500.json,1.0,drift,16,conv3,0,1,0.9970383048057556,0.9970332980155945,500
cka_feddst,cifar10,0.8,100,results/logs/cka_strength_sweep/cifar10_drift_all/strength_1p0/seed_100/splits/cifar10_split_seed100_clients5_alpha0p3_ref500.json,1.0,drift,16,conv3,0,2,0.9984093308448792,0.9970332980155945,500
cka_feddst,cifar10,0.8,100,results/logs/cka_strength_sweep/cifar10_drift_all/strength_1p0/seed_100/splits/cifar10_split_seed100_clients5_alpha0p3_ref500.json,1.0,drift,16,conv3,0,3,0.9998414516448975,0.9970332980155945,500
cka_feddst,cifar10,0.8,100,results/logs/cka_strength_sweep/cifar10_drift_all/strength_1p0/seed_100/splits/cifar10_split_seed100_clients5_alpha0p3_ref500.json,1.0,drift,16,conv3,0,4,0.997532844543457,0.9970332980155945,500
cka_feddst,cifar10,0.8,100,results/logs/cka_strength_sweep/cifar10_drift_all/strength_1p0/seed_100/splits/cifar10_split_seed100_clients5_alpha0p3_ref500.json,1.0,drift,16,conv3,1,0,0.9970383048057556,0.9970332980155945,500
cka_feddst,cifar10,0.8,100,results/logs/cka_strength_sweep/cifar10_drift_all/strength_1p0/seed_100/splits/cifar10_split_seed100_clients5_alpha0p3_ref500.json,1.0,drift,16,conv3,1,1,1.0,0.9970332980155945,500
cka_feddst,cifar10,0.8,100,results/logs/cka_strength_sweep/cifar10_drift_all/strength_1p0/seed_100/splits/cifar10_split_seed100_clients5_alpha0p3_ref500.json,1.0,drift,16,conv3,1,2,0.9913975596427917,0.9970332980155945,500
cka_feddst,cifar10,0.8,100,results/logs/cka_strength_sweep/cifar10_drift_all/strength_1p0/seed_100/splits/cifar10_split_seed100_clients5_alpha0p3_ref500.json,1.0,drift,16,conv3,1,3,0.9974274635314941,0.9970332980155945,500
cka_feddst,cifar10,0.8,100,results/logs/cka_strength_sweep/cifar10_drift_all/strength_1p0/seed_100/splits/cifar10_split_seed100_clients5_alpha0p3_ref500.json,1.0,drift,16,conv3,1,4,0.9997863173484802,0.9970332980155945,500
cka_feddst,cifar10,0.8,100,results/logs/cka_strength_sweep/cifar10_drift_all/strength_1p0/seed_100/splits/cifar10_split_seed100_clients5_alpha0p3_ref500.json,1.0,drift,16,conv3,2,0,0.9984093308448792,0.9970332980155945,500
cka_feddst,cifar10,0.8,100,results/logs/cka_strength_sweep/cifar10_drift_all/strength_1p0/seed_100/splits/cifar10_split_seed100_clients5_alpha0p3_ref500.json,1.0,drift,16,conv3,2,1,0.9913975596427917,0.9970332980155945,500
cka_feddst,cifar10,0.8,100,results/logs/cka_strength_sweep/cifar10_drift_all/strength_1p0/seed_100/splits/cifar10_split_seed100_clients5_alpha0p3_ref500.json,1.0,drift,16,conv3,2,2,1.0,0.9970332980155945,500
cka_feddst,cifar10,0.8,100,results/logs/cka_strength_sweep/cifar10_drift_all/strength_1p0/seed_100/splits/cifar10_split_seed100_clients5_alpha0p3_ref500.json,1.0,drift,16,conv3,2,3,0.998184323310852,0.9970332980155945,500
cka_feddst,cifar10,0.8,100,results/logs/cka_strength_sweep/cifar10_drift_all/strength_1p0/seed_100/splits/cifar10_split_seed100_clients5_alpha0p3_ref500.json,1.0,drift,16,conv3,2,4,0.9926225543022156,0.9970332980155945,500
cka_feddst,cifar10,0.8,100,results/logs/cka_strength_sweep/cifar10_drift_all/strength_1p0/seed_100/splits/cifar10_split_seed100_clients5_alpha0p3_ref500.json,1.0,drift,16,conv3,3,0,0.9998414516448975,0.9970332980155945,500
cka_feddst,cifar10,0.8,100,results/logs/cka_strength_sweep/cifar10_drift_all/strength_1p0/seed_100/splits/cifar10_split_seed100_clients5_alpha0p3_ref500.json,1.0,drift,16,conv3,3,1,0.9974274635314941,0.9970332980155945,500
cka_feddst,cifar10,0.8,100,results/logs/cka_strength_sweep/cifar10_drift_all/strength_1p0/seed_100/splits/cifar10_split_seed100_clients5_alpha0p3_ref500.json,1.0,drift,16,conv3,3,2,0.998184323310852,0.9970332980155945,500
cka_feddst,cifar10,0.8,100,results/logs/cka_strength_sweep/cifar10_drift_all/strength_1p0/seed_100/splits/cifar10_split_seed100_clients5_alpha0p3_ref500.json,1.0,drift,16,conv3,3,3,1.0,0.9970332980155945,500
cka_feddst,cifar10,0.8,100,results/logs/cka_strength_sweep/cifar10_drift_all/strength_1p0/seed_100/splits/cifar10_split_seed100_clients5_alpha0p3_ref500.json,1.0,drift,16,conv3,3,4,0.9980929493904114,0.9970332980155945,500
cka_feddst,cifar10,0.8,100,results/logs/cka_strength_sweep/cifar10_drift_all/strength_1p0/seed_100/splits/cifar10_split_seed100_clients5_alpha0p3_ref500.json,1.0,drift,16,conv3,4,0,0.997532844543457,0.9970332980155945,500
cka_feddst,cifar10,0.8,100,results/logs/cka_strength_sweep/cifar10_drift_all/strength_1p0/seed_100/splits/cifar10_split_seed100_clients5_alpha0p3_ref500.json,1.0,drift,16,conv3,4,1,0.9997863173484802,0.9970332980155945,500
cka_feddst,cifar10,0.8,100,results/logs/cka_strength_sweep/cifar10_drift_all/strength_1p0/seed_100/splits/cifar10_split_seed100_clients5_alpha0p3_ref500.json,1.0,drift,16,conv3,4,2,0.9926225543022156,0.9970332980155945,500
cka_feddst,cifar10,0.8,100,results/logs/cka_strength_sweep/cifar10_drift_all/strength_1p0/seed_100/splits/cifar10_split_seed100_clients5_alpha0p3_ref500.json,1.0,drift,16,conv3,4,3,0.9980929493904114,0.9970332980155945,500
cka_feddst,cifar10,0.8,100,results/logs/cka_strength_sweep/cifar10_drift_all/strength_1p0/seed_100/splits/cifar10_split_seed100_clients5_alpha0p3_ref500.json,1.0,drift,16,conv3,4,4,1.0,0.9970332980155945,500
cka_feddst,cifar10,0.8,100,results/logs/cka_strength_sweep/cifar10_drift_all/strength_1p0/seed_100/splits/cifar10_split_seed100_clients5_alpha0p3_ref500.json,1.0,drift,16,fc1,0,0,1.0,0.9808996915817261,500
cka_feddst,cifar10,0.8,100,results/logs/cka_strength_sweep/cifar10_drift_all/strength_1p0/seed_100/splits/cifar10_split_seed100_clients5_alpha0p3_ref500.json,1.0,drift,16,fc1,0,1,0.9781115651130676,0.9808996915817261,500
cka_feddst,cifar10,0.8,100,results/logs/cka_strength_sweep/cifar10_drift_all/strength_1p0/seed_100/splits/cifar10_split_seed100_clients5_alpha0p3_ref500.json,1.0,drift,16,fc1,0,2,0.9559476971626282,0.9808996915817261,500
cka_feddst,cifar10,0.8,100,results/logs/cka_strength_sweep/cifar10_drift_all/strength_1p0/seed_100/splits/cifar10_split_seed100_clients5_alpha0p3_ref500.json,1.0,drift,16,fc1,0,3,0.9860579967498779,0.9808996915817261,500
cka_feddst,cifar10,0.8,100,results/logs/cka_strength_sweep/cifar10_drift_all/strength_1p0/seed_100/splits/cifar10_split_seed100_clients5_alpha0p3_ref500.json,1.0,drift,16,fc1,0,4,0.9817803502082825,0.9808996915817261,500
cka_feddst,cifar10,0.8,100,results/logs/cka_strength_sweep/cifar10_drift_all/strength_1p0/seed_100/splits/cifar10_split_seed100_clients5_alpha0p3_ref500.json,1.0,drift,16,fc1,1,0,0.9781115651130676,0.9808996915817261,500
cka_feddst,cifar10,0.8,100,results/logs/cka_strength_sweep/cifar10_drift_all/strength_1p0/seed_100/splits/cifar10_split_seed100_clients5_alpha0p3_ref500.json,1.0,drift,16,fc1,1,1,1.0,0.9808996915817261,500
cka_feddst,cifar10,0.8,100,results/logs/cka_strength_sweep/cifar10_drift_all/strength_1p0/seed_100/splits/cifar10_split_seed100_clients5_alpha0p3_ref500.json,1.0,drift,16,fc1,1,2,0.9678789377212524,0.9808996915817261,500
cka_feddst,cifar10,0.8,100,results/logs/cka_strength_sweep/cifar10_drift_all/strength_1p0/seed_100/splits/cifar10_split_seed100_clients5_alpha0p3_ref500.json,1.0,drift,16,fc1,1,3,0.990587592124939,0.9808996915817261,500
cka_feddst,cifar10,0.8,100,results/logs/cka_strength_sweep/cifar10_drift_all/strength_1p0/seed_100/splits/cifar10_split_seed100_clients5_alpha0p3_ref500.json,1.0,drift,16,fc1,1,4,0.9933268427848816,0.9808996915817261,500
cka_feddst,cifar10,0.8,100,results/logs/cka_strength_sweep/cifar10_drift_all/strength_1p0/seed_100/splits/cifar10_split_seed100_clients5_alpha0p3_ref500.json,1.0,drift,16,fc1,2,0,0.9559476971626282,0.9808996915817261,500
cka_feddst,cifar10,0.8,100,results/logs/cka_strength_sweep/cifar10_drift_all/strength_1p0/seed_100/splits/cifar10_split_seed100_clients5_alpha0p3_ref500.json,1.0,drift,16,fc1,2,1,0.9678789377212524,0.9808996915817261,500
cka_feddst,cifar10,0.8,100,results/logs/cka_strength_sweep/cifar10_drift_all/strength_1p0/seed_100/splits/cifar10_split_seed100_clients5_alpha0p3_ref500.json,1.0,drift,16,fc1,2,2,1.0,0.9808996915817261,500
cka_feddst,cifar10,0.8,100,results/logs/cka_strength_sweep/cifar10_drift_all/strength_1p0/seed_100/splits/cifar10_split_seed100_clients5_alpha0p3_ref500.json,1.0,drift,16,fc1,2,3,0.984653890132904,0.9808996915817261,500
cka_feddst,cifar10,0.8,100,results/logs/cka_strength_sweep/cifar10_drift_all/strength_1p0/seed_100/splits/cifar10_split_seed100_clients5_alpha0p3_ref500.json,1.0,drift,16,fc1,2,4,0.9765337705612183,0.9808996915817261,500
cka_feddst,cifar10,0.8,100,results/logs/cka_strength_sweep/cifar10_drift_all/strength_1p0/seed_100/splits/cifar10_split_seed100_clients5_alpha0p3_ref500.json,1.0,drift,16,fc1,3,0,0.9860579967498779,0.9808996915817261,500
cka_feddst,cifar10,0.8,100,results/logs/cka_strength_sweep/cifar10_drift_all/strength_1p0/seed_100/splits/cifar10_split_seed100_clients5_alpha0p3_ref500.json,1.0,drift,16,fc1,3,1,0.990587592124939,0.9808996915817261,500
cka_feddst,cifar10,0.8,100,results/logs/cka_strength_sweep/cifar10_drift_all/strength_1p0/seed_100/splits/cifar10_split_seed100_clients5_alpha0p3_ref500.json,1.0,drift,16,fc1,3,2,0.984653890132904,0.9808996915817261,500
cka_feddst,cifar10,0.8,100,results/logs/cka_strength_sweep/cifar10_drift_all/strength_1p0/seed_100/splits/cifar10_split_seed100_clients5_alpha0p3_ref500.json,1.0,drift,16,fc1,3,3,1.0,0.9808996915817261,500
cka_feddst,cifar10,0.8,100,results/logs/cka_strength_sweep/cifar10_drift_all/strength_1p0/seed_100/splits/cifar10_split_seed100_clients5_alpha0p3_ref500.json,1.0,drift,16,fc1,3,4,0.9941185712814331,0.9808996915817261,500
cka_feddst,cifar10,0.8,100,results/logs/cka_strength_sweep/cifar10_drift_all/strength_1p0/seed_100/splits/cifar10_split_seed100_clients5_alpha0p3_ref500.json,1.0,drift,16,fc1,4,0,0.9817803502082825,0.9808996915817261,500
cka_feddst,cifar10,0.8,100,results/logs/cka_strength_sweep/cifar10_drift_all/strength_1p0/seed_100/splits/cifar10_split_seed100_clients5_alpha0p3_ref500.json,1.0,drift,16,fc1,4,1,0.9933268427848816,0.9808996915817261,500
cka_feddst,cifar10,0.8,100,results/logs/cka_strength_sweep/cifar10_drift_all/strength_1p0/seed_100/splits/cifar10_split_seed100_clients5_alpha0p3_ref500.json,1.0,drift,16,fc1,4,2,0.9765337705612183,0.9808996915817261,500
cka_feddst,cifar10,0.8,100,results/logs/cka_strength_sweep/cifar10_drift_all/strength_1p0/seed_100/splits/cifar10_split_seed100_clients5_alpha0p3_ref500.json,1.0,drift,16,fc1,4,3,0.9941185712814331,0.9808996915817261,500
cka_feddst,cifar10,0.8,100,results/logs/cka_strength_sweep/cifar10_drift_all/strength_1p0/seed_100/splits/cifar10_split_seed100_clients5_alpha0p3_ref500.json,1.0,drift,16,fc1,4,4,1.0,0.9808996915817261,500
cka_feddst,cifar10,0.8,100,results/logs/cka_strength_sweep/cifar10_drift_all/strength_1p0/seed_100/splits/cifar10_split_seed100_clients5_alpha0p3_ref500.json,1.0,drift,18,conv1,0,0,1.0,0.9999194145202637,500
cka_feddst,cifar10,0.8,100,results/logs/cka_strength_sweep/cifar10_drift_all/strength_1p0/seed_100/splits/cifar10_split_seed100_clients5_alpha0p3_ref500.json,1.0,drift,18,conv1,0,1,0.9999793171882629,0.9999194145202637,500
cka_feddst,cifar10,0.8,100,results/logs/cka_strength_sweep/cifar10_drift_all/strength_1p0/seed_100/splits/cifar10_split_seed100_clients5_alpha0p3_ref500.json,1.0,drift,18,conv1,0,2,0.9998818635940552,0.9999194145202637,500
cka_feddst,cifar10,0.8,100,results/logs/cka_strength_sweep/cifar10_drift_all/strength_1p0/seed_100/splits/cifar10_split_seed100_clients5_alpha0p3_ref500.json,1.0,drift,18,conv1,0,3,0.9999412894248962,0.9999194145202637,500
cka_feddst,cifar10,0.8,100,results/logs/cka_strength_sweep/cifar10_drift_all/strength_1p0/seed_100/splits/cifar10_split_seed100_clients5_alpha0p3_ref500.json,1.0,drift,18,conv1,0,4,0.9999902844429016,0.9999194145202637,500
cka_feddst,cifar10,0.8,100,results/logs/cka_strength_sweep/cifar10_drift_all/strength_1p0/seed_100/splits/cifar10_split_seed100_clients5_alpha0p3_ref500.json,1.0,drift,18,conv1,1,0,0.9999793171882629,0.9999194145202637,500
cka_feddst,cifar10,0.8,100,results/logs/cka_strength_sweep/cifar10_drift_all/strength_1p0/seed_100/splits/cifar10_split_seed100_clients5_alpha0p3_ref500.json,1.0,drift,18,conv1,1,1,1.0,0.9999194145202637,500
cka_feddst,cifar10,0.8,100,results/logs/cka_strength_sweep/cifar10_drift_all/strength_1p0/seed_100/splits/cifar10_split_seed100_clients5_alpha0p3_ref500.json,1.0,drift,18,conv1,1,2,0.999769389629364,0.9999194145202637,500
cka_feddst,cifar10,0.8,100,results/logs/cka_strength_sweep/cifar10_drift_all/strength_1p0/seed_100/splits/cifar10_split_seed100_clients5_alpha0p3_ref500.json,1.0,drift,18,conv1,1,3,0.9998539686203003,0.9999194145202637,500
cka_feddst,cifar10,0.8,100,results/logs/cka_strength_sweep/cifar10_drift_all/strength_1p0/seed_100/splits/cifar10_split_seed100_clients5_alpha0p3_ref500.json,1.0,drift,18,conv1,1,4,0.9999456405639648,0.9999194145202637,500
cka_feddst,cifar10,0.8,100,results/logs/cka_strength_sweep/cifar10_drift_all/strength_1p0/seed_100/splits/cifar10_split_seed100_clients5_alpha0p3_ref500.json,1.0,drift,18,conv1,2,0,0.9998818635940552,0.9999194145202637,500
cka_feddst,cifar10,0.8,100,results/logs/cka_strength_sweep/cifar10_drift_all/strength_1p0/seed_100/splits/cifar10_split_seed100_clients5_alpha0p3_ref500.json,1.0,drift,18,conv1,2,1,0.999769389629364,0.9999194145202637,500
cka_feddst,cifar10,0.8,100,results/logs/cka_strength_sweep/cifar10_drift_all/strength_1p0/seed_100/splits/cifar10_split_seed100_clients5_alpha0p3_ref500.json,1.0,drift,18,conv1,2,2,1.0,0.9999194145202637,500
cka_feddst,cifar10,0.8,100,results/logs/cka_strength_sweep/cifar10_drift_all/strength_1p0/seed_100/splits/cifar10_split_seed100_clients5_alpha0p3_ref500.json,1.0,drift,18,conv1,2,3,0.9999910593032837,0.9999194145202637,500
cka_feddst,cifar10,0.8,100,results/logs/cka_strength_sweep/cifar10_drift_all/strength_1p0/seed_100/splits/cifar10_split_seed100_clients5_alpha0p3_ref500.json,1.0,drift,18,conv1,2,4,0.9998903870582581,0.9999194145202637,500
cka_feddst,cifar10,0.8,100,results/logs/cka_strength_sweep/cifar10_drift_all/strength_1p0/seed_100/splits/cifar10_split_seed100_clients5_alpha0p3_ref500.json,1.0,drift,18,conv1,3,0,0.9999412894248962,0.9999194145202637,500
cka_feddst,cifar10,0.8,100,results/logs/cka_strength_sweep/cifar10_drift_all/strength_1p0/seed_100/splits/cifar10_split_seed100_clients5_alpha0p3_ref500.json,1.0,drift,18,conv1,3,1,0.9998539686203003,0.9999194145202637,500
cka_feddst,cifar10,0.8,100,results/logs/cka_strength_sweep/cifar10_drift_all/strength_1p0/seed_100/splits/cifar10_split_seed100_clients5_alpha0p3_ref500.json,1.0,drift,18,conv1,3,2,0.9999910593032837,0.9999194145202637,500
cka_feddst,cifar10,0.8,100,results/logs/cka_strength_sweep/cifar10_drift_all/strength_1p0/seed_100/splits/cifar10_split_seed100_clients5_alpha0p3_ref500.json,1.0,drift,18,conv1,3,3,1.0,0.9999194145202637,500
cka_feddst,cifar10,0.8,100,results/logs/cka_strength_sweep/cifar10_drift_all/strength_1p0/seed_100/splits/cifar10_split_seed100_clients5_alpha0p3_ref500.json,1.0,drift,18,conv1,3,4,0.9999500513076782,0.9999194145202637,500
cka_feddst,cifar10,0.8,100,results/logs/cka_strength_sweep/cifar10_drift_all/strength_1p0/seed_100/splits/cifar10_split_seed100_clients5_alpha0p3_ref500.json,1.0,drift,18,conv1,4,0,0.9999902844429016,0.9999194145202637,500
cka_feddst,cifar10,0.8,100,results/logs/cka_strength_sweep/cifar10_drift_all/strength_1p0/seed_100/splits/cifar10_split_seed100_clients5_alpha0p3_ref500.json,1.0,drift,18,conv1,4,1,0.9999456405639648,0.9999194145202637,500
cka_feddst,cifar10,0.8,100,results/logs/cka_strength_sweep/cifar10_drift_all/strength_1p0/seed_100/splits/cifar10_split_seed100_clients5_alpha0p3_ref500.json,1.0,drift,18,conv1,4,2,0.9998903870582581,0.9999194145202637,500
cka_feddst,cifar10,0.8,100,results/logs/cka_strength_sweep/cifar10_drift_all/strength_1p0/seed_100/splits/cifar10_split_seed100_clients5_alpha0p3_ref500.json,1.0,drift,18,conv1,4,3,0.9999500513076782,0.9999194145202637,500
cka_feddst,cifar10,0.8,100,results/logs/cka_strength_sweep/cifar10_drift_all/strength_1p0/seed_100/splits/cifar10_split_seed100_clients5_alpha0p3_ref500.json,1.0,drift,18,conv1,4,4,1.0,0.9999194145202637,500
cka_feddst,cifar10,0.8,100,results/logs/cka_strength_sweep/cifar10_drift_all/strength_1p0/seed_100/splits/cifar10_split_seed100_clients5_alpha0p3_ref500.json,1.0,drift,18,conv2,0,0,1.0,0.9965341687202454,500
cka_feddst,cifar10,0.8,100,results/logs/cka_strength_sweep/cifar10_drift_all/strength_1p0/seed_100/splits/cifar10_split_seed100_clients5_alpha0p3_ref500.json,1.0,drift,18,conv2,0,1,0.9990301728248596,0.9965341687202454,500
cka_feddst,cifar10,0.8,100,results/logs/cka_strength_sweep/cifar10_drift_all/strength_1p0/seed_100/splits/cifar10_split_seed100_clients5_alpha0p3_ref500.json,1.0,drift,18,conv2,0,2,0.996461808681488,0.9965341687202454,500
cka_feddst,cifar10,0.8,100,results/logs/cka_strength_sweep/cifar10_drift_all/strength_1p0/seed_100/splits/cifar10_split_seed100_clients5_alpha0p3_ref500.json,1.0,drift,18,conv2,0,3,0.9996042251586914,0.9965341687202454,500
cka_feddst,cifar10,0.8,100,results/logs/cka_strength_sweep/cifar10_drift_all/strength_1p0/seed_100/splits/cifar10_split_seed100_clients5_alpha0p3_ref500.json,1.0,drift,18,conv2,0,4,0.997498631477356,0.9965341687202454,500
cka_feddst,cifar10,0.8,100,results/logs/cka_strength_sweep/cifar10_drift_all/strength_1p0/seed_100/splits/cifar10_split_seed100_clients5_alpha0p3_ref500.json,1.0,drift,18,conv2,1,0,0.9990301728248596,0.9965341687202454,500
cka_feddst,cifar10,0.8,100,results/logs/cka_strength_sweep/cifar10_drift_all/strength_1p0/seed_100/splits/cifar10_split_seed100_clients5_alpha0p3_ref500.json,1.0,drift,18,conv2,1,1,1.0,0.9965341687202454,500
cka_feddst,cifar10,0.8,100,results/logs/cka_strength_sweep/cifar10_drift_all/strength_1p0/seed_100/splits/cifar10_split_seed100_clients5_alpha0p3_ref500.json,1.0,drift,18,conv2,1,2,0.9925290942192078,0.9965341687202454,500
cka_feddst,cifar10,0.8,100,results/logs/cka_strength_sweep/cifar10_drift_all/strength_1p0/seed_100/splits/cifar10_split_seed100_clients5_alpha0p3_ref500.json,1.0,drift,18,conv2,1,3,0.9975664019584656,0.9965341687202454,500
cka_feddst,cifar10,0.8,100,results/logs/cka_strength_sweep/cifar10_drift_all/strength_1p0/seed_100/splits/cifar10_split_seed100_clients5_alpha0p3_ref500.json,1.0,drift,18,conv2,1,4,0.9964237809181213,0.9965341687202454,500
cka_feddst,cifar10,0.8,100,results/logs/cka_strength_sweep/cifar10_drift_all/strength_1p0/seed_100/splits/cifar10_split_seed100_clients5_alpha0p3_ref500.json,1.0,drift,18,conv2,2,0,0.996461808681488,0.9965341687202454,500
cka_feddst,cifar10,0.8,100,results/logs/cka_strength_sweep/cifar10_drift_all/strength_1p0/seed_100/splits/cifar10_split_seed100_clients5_alpha0p3_ref500.json,1.0,drift,18,conv2,2,1,0.9925290942192078,0.9965341687202454,500
cka_feddst,cifar10,0.8,100,results/logs/cka_strength_sweep/cifar10_drift_all/strength_1p0/seed_100/splits/cifar10_split_seed100_clients5_alpha0p3_ref500.json,1.0,drift,18,conv2,2,2,1.0,0.9965341687202454,500
cka_feddst,cifar10,0.8,100,results/logs/cka_strength_sweep/cifar10_drift_all/strength_1p0/seed_100/splits/cifar10_split_seed100_clients5_alpha0p3_ref500.json,1.0,drift,18,conv2,2,3,0.9973863959312439,0.9965341687202454,500
cka_feddst,cifar10,0.8,100,results/logs/cka_strength_sweep/cifar10_drift_all/strength_1p0/seed_100/splits/cifar10_split_seed100_clients5_alpha0p3_ref500.json,1.0,drift,18,conv2,2,4,0.9909478425979614,0.9965341687202454,500
cka_feddst,cifar10,0.8,100,results/logs/cka_strength_sweep/cifar10_drift_all/strength_1p0/seed_100/splits/cifar10_split_seed100_clients5_alpha0p3_ref500.json,1.0,drift,18,conv2,3,0,0.9996042251586914,0.9965341687202454,500
cka_feddst,cifar10,0.8,100,results/logs/cka_strength_sweep/cifar10_drift_all/strength_1p0/seed_100/splits/cifar10_split_seed100_clients5_alpha0p3_ref500.json,1.0,drift,18,conv2,3,1,0.9975664019584656,0.9965341687202454,500
cka_feddst,cifar10,0.8,100,results/logs/cka_strength_sweep/cifar10_drift_all/strength_1p0/seed_100/splits/cifar10_split_seed100_clients5_alpha0p3_ref500.json,1.0,drift,18,conv2,3,2,0.9973863959312439,0.9965341687202454,500
cka_feddst,cifar10,0.8,100,results/logs/cka_strength_sweep/cifar10_drift_all/strength_1p0/seed_100/splits/cifar10_split_seed100_clients5_alpha0p3_ref500.json,1.0,drift,18,conv2,3,3,1.0,0.9965341687202454,500
cka_feddst,cifar10,0.8,100,results/logs/cka_strength_sweep/cifar10_drift_all/strength_1p0/seed_100/splits/cifar10_split_seed100_clients5_alpha0p3_ref500.json,1.0,drift,18,conv2,3,4,0.997893750667572,0.9965341687202454,500
cka_feddst,cifar10,0.8,100,results/logs/cka_strength_sweep/cifar10_drift_all/strength_1p0/seed_100/splits/cifar10_split_seed100_clients5_alpha0p3_ref500.json,1.0,drift,18,conv2,4,0,0.997498631477356,0.9965341687202454,500
cka_feddst,cifar10,0.8,100,results/logs/cka_strength_sweep/cifar10_drift_all/strength_1p0/seed_100/splits/cifar10_split_seed100_clients5_alpha0p3_ref500.json,1.0,drift,18,conv2,4,1,0.9964237809181213,0.9965341687202454,500
cka_feddst,cifar10,0.8,100,results/logs/cka_strength_sweep/cifar10_drift_all/strength_1p0/seed_100/splits/cifar10_split_seed100_clients5_alpha0p3_ref500.json,1.0,drift,18,conv2,4,2,0.9909478425979614,0.9965341687202454,500
cka_feddst,cifar10,0.8,100,results/logs/cka_strength_sweep/cifar10_drift_all/strength_1p0/seed_100/splits/cifar10_split_seed100_clients5_alpha0p3_ref500.json,1.0,drift,18,conv2,4,3,0.997893750667572,0.9965341687202454,500
cka_feddst,cifar10,0.8,100,results/logs/cka_strength_sweep/cifar10_drift_all/strength_1p0/seed_100/splits/cifar10_split_seed100_clients5_alpha0p3_ref500.json,1.0,drift,18,conv2,4,4,1.0,0.9965341687202454,500
cka_feddst,cifar10,0.8,100,results/logs/cka_strength_sweep/cifar10_drift_all/strength_1p0/seed_100/splits/cifar10_split_seed100_clients5_alpha0p3_ref500.json,1.0,drift,18,conv3,0,0,1.0,0.9963384866714478,500
cka_feddst,cifar10,0.8,100,results/logs/cka_strength_sweep/cifar10_drift_all/strength_1p0/seed_100/splits/cifar10_split_seed100_clients5_alpha0p3_ref500.json,1.0,drift,18,conv3,0,1,0.9990171194076538,0.9963384866714478,500
cka_feddst,cifar10,0.8,100,results/logs/cka_strength_sweep/cifar10_drift_all/strength_1p0/seed_100/splits/cifar10_split_seed100_clients5_alpha0p3_ref500.json,1.0,drift,18,conv3,0,2,0.9961981773376465,0.9963384866714478,500
cka_feddst,cifar10,0.8,100,results/logs/cka_strength_sweep/cifar10_drift_all/strength_1p0/seed_100/splits/cifar10_split_seed100_clients5_alpha0p3_ref500.json,1.0,drift,18,conv3,0,3,0.999603271484375,0.9963384866714478,500
cka_feddst,cifar10,0.8,100,results/logs/cka_strength_sweep/cifar10_drift_all/strength_1p0/seed_100/splits/cifar10_split_seed100_clients5_alpha0p3_ref500.json,1.0,drift,18,conv3,0,4,0.9974268078804016,0.9963384866714478,500
cka_feddst,cifar10,0.8,100,results/logs/cka_strength_sweep/cifar10_drift_all/strength_1p0/seed_100/splits/cifar10_split_seed100_clients5_alpha0p3_ref500.json,1.0,drift,18,conv3,1,0,0.9990171194076538,0.9963384866714478,500
cka_feddst,cifar10,0.8,100,results/logs/cka_strength_sweep/cifar10_drift_all/strength_1p0/seed_100/splits/cifar10_split_seed100_clients5_alpha0p3_ref500.json,1.0,drift,18,conv3,1,1,1.0,0.9963384866714478,500
cka_feddst,cifar10,0.8,100,results/logs/cka_strength_sweep/cifar10_drift_all/strength_1p0/seed_100/splits/cifar10_split_seed100_clients5_alpha0p3_ref500.json,1.0,drift,18,conv3,1,2,0.9921671748161316,0.9963384866714478,500
cka_feddst,cifar10,0.8,100,results/logs/cka_strength_sweep/cifar10_drift_all/strength_1p0/seed_100/splits/cifar10_split_seed100_clients5_alpha0p3_ref500.json,1.0,drift,18,conv3,1,3,0.9976038336753845,0.9963384866714478,500
cka_feddst,cifar10,0.8,100,results/logs/cka_strength_sweep/cifar10_drift_all/strength_1p0/seed_100/splits/cifar10_split_seed100_clients5_alpha0p3_ref500.json,1.0,drift,18,conv3,1,4,0.9965971112251282,0.9963384866714478,500
cka_feddst,cifar10,0.8,100,results/logs/cka_strength_sweep/cifar10_drift_all/strength_1p0/seed_100/splits/cifar10_split_seed100_clients5_alpha0p3_ref500.json,1.0,drift,18,conv3,2,0,0.9961981773376465,0.9963384866714478,500
cka_feddst,cifar10,0.8,100,results/logs/cka_strength_sweep/cifar10_drift_all/strength_1p0/seed_100/splits/cifar10_split_seed100_clients5_alpha0p3_ref500.json,1.0,drift,18,conv3,2,1,0.9921671748161316,0.9963384866714478,500
cka_feddst,cifar10,0.8,100,results/logs/cka_strength_sweep/cifar10_drift_all/strength_1p0/seed_100/splits/cifar10_split_seed100_clients5_alpha0p3_ref500.json,1.0,drift,18,conv3,2,2,1.0,0.9963384866714478,500
cka_feddst,cifar10,0.8,100,results/logs/cka_strength_sweep/cifar10_drift_all/strength_1p0/seed_100/splits/cifar10_split_seed100_clients5_alpha0p3_ref500.json,1.0,drift,18,conv3,2,3,0.996981143951416,0.9963384866714478,500
cka_feddst,cifar10,0.8,100,results/logs/cka_strength_sweep/cifar10_drift_all/strength_1p0/seed_100/splits/cifar10_split_seed100_clients5_alpha0p3_ref500.json,1.0,drift,18,conv3,2,4,0.9900240898132324,0.9963384866714478,500
cka_feddst,cifar10,0.8,100,results/logs/cka_strength_sweep/cifar10_drift_all/strength_1p0/seed_100/splits/cifar10_split_seed100_clients5_alpha0p3_ref500.json,1.0,drift,18,conv3,3,0,0.999603271484375,0.9963384866714478,500
cka_feddst,cifar10,0.8,100,results/logs/cka_strength_sweep/cifar10_drift_all/strength_1p0/seed_100/splits/cifar10_split_seed100_clients5_alpha0p3_ref500.json,1.0,drift,18,conv3,3,1,0.9976038336753845,0.9963384866714478,500
cka_feddst,cifar10,0.8,100,results/logs/cka_strength_sweep/cifar10_drift_all/strength_1p0/seed_100/splits/cifar10_split_seed100_clients5_alpha0p3_ref500.json,1.0,drift,18,conv3,3,2,0.996981143951416,0.9963384866714478,500
cka_feddst,cifar10,0.8,100,results/logs/cka_strength_sweep/cifar10_drift_all/strength_1p0/seed_100/splits/cifar10_split_seed100_clients5_alpha0p3_ref500.json,1.0,drift,18,conv3,3,3,1.0,0.9963384866714478,500
cka_feddst,cifar10,0.8,100,results/logs/cka_strength_sweep/cifar10_drift_all/strength_1p0/seed_100/splits/cifar10_split_seed100_clients5_alpha0p3_ref500.json,1.0,drift,18,conv3,3,4,0.9977664351463318,0.9963384866714478,500
cka_feddst,cifar10,0.8,100,results/logs/cka_strength_sweep/cifar10_drift_all/strength_1p0/seed_100/splits/cifar10_split_seed100_clients5_alpha0p3_ref500.json,1.0,drift,18,conv3,4,0,0.9974268078804016,0.9963384866714478,500
cka_feddst,cifar10,0.8,100,results/logs/cka_strength_sweep/cifar10_drift_all/strength_1p0/seed_100/splits/cifar10_split_seed100_clients5_alpha0p3_ref500.json,1.0,drift,18,conv3,4,1,0.9965971112251282,0.9963384866714478,500
cka_feddst,cifar10,0.8,100,results/logs/cka_strength_sweep/cifar10_drift_all/strength_1p0/seed_100/splits/cifar10_split_seed100_clients5_alpha0p3_ref500.json,1.0,drift,18,conv3,4,2,0.9900240898132324,0.9963384866714478,500
cka_feddst,cifar10,0.8,100,results/logs/cka_strength_sweep/cifar10_drift_all/strength_1p0/seed_100/splits/cifar10_split_seed100_clients5_alpha0p3_ref500.json,1.0,drift,18,conv3,4,3,0.9977664351463318,0.9963384866714478,500
cka_feddst,cifar10,0.8,100,results/logs/cka_strength_sweep/cifar10_drift_all/strength_1p0/seed_100/splits/cifar10_split_seed100_clients5_alpha0p3_ref500.json,1.0,drift,18,conv3,4,4,1.0,0.9963384866714478,500
cka_feddst,cifar10,0.8,100,results/logs/cka_strength_sweep/cifar10_drift_all/strength_1p0/seed_100/splits/cifar10_split_seed100_clients5_alpha0p3_ref500.json,1.0,drift,18,fc1,0,0,1.0,0.9777609705924988,500
cka_feddst,cifar10,0.8,100,results/logs/cka_strength_sweep/cifar10_drift_all/strength_1p0/seed_100/splits/cifar10_split_seed100_clients5_alpha0p3_ref500.json,1.0,drift,18,fc1,0,1,0.9838913679122925,0.9777609705924988,500
cka_feddst,cifar10,0.8,100,results/logs/cka_strength_sweep/cifar10_drift_all/strength_1p0/seed_100/splits/cifar10_split_seed100_clients5_alpha0p3_ref500.json,1.0,drift,18,fc1,0,2,0.9546740651130676,0.9777609705924988,500
cka_feddst,cifar10,0.8,100,results/logs/cka_strength_sweep/cifar10_drift_all/strength_1p0/seed_100/splits/cifar10_split_seed100_clients5_alpha0p3_ref500.json,1.0,drift,18,fc1,0,3,0.9862996935844421,0.9777609705924988,500
cka_feddst,cifar10,0.8,100,results/logs/cka_strength_sweep/cifar10_drift_all/strength_1p0/seed_100/splits/cifar10_split_seed100_clients5_alpha0p3_ref500.json,1.0,drift,18,fc1,0,4,0.981156051158905,0.9777609705924988,500
cka_feddst,cifar10,0.8,100,results/logs/cka_strength_sweep/cifar10_drift_all/strength_1p0/seed_100/splits/cifar10_split_seed100_clients5_alpha0p3_ref500.json,1.0,drift,18,fc1,1,0,0.9838913679122925,0.9777609705924988,500
cka_feddst,cifar10,0.8,100,results/logs/cka_strength_sweep/cifar10_drift_all/strength_1p0/seed_100/splits/cifar10_split_seed100_clients5_alpha0p3_ref500.json,1.0,drift,18,fc1,1,1,1.0,0.9777609705924988,500
cka_feddst,cifar10,0.8,100,results/logs/cka_strength_sweep/cifar10_drift_all/strength_1p0/seed_100/splits/cifar10_split_seed100_clients5_alpha0p3_ref500.json,1.0,drift,18,fc1,1,2,0.9587294459342957,0.9777609705924988,500
cka_feddst,cifar10,0.8,100,results/logs/cka_strength_sweep/cifar10_drift_all/strength_1p0/seed_100/splits/cifar10_split_seed100_clients5_alpha0p3_ref500.json,1.0,drift,18,fc1,1,3,0.9891996383666992,0.9777609705924988,500
cka_feddst,cifar10,0.8,100,results/logs/cka_strength_sweep/cifar10_drift_all/strength_1p0/seed_100/splits/cifar10_split_seed100_clients5_alpha0p3_ref500.json,1.0,drift,18,fc1,1,4,0.989786684513092,0.9777609705924988,500
cka_feddst,cifar10,0.8,100,results/logs/cka_strength_sweep/cifar10_drift_all/strength_1p0/seed_100/splits/cifar10_split_seed100_clients5_alpha0p3_ref500.json,1.0,drift,18,fc1,2,0,0.9546740651130676,0.9777609705924988,500
cka_feddst,cifar10,0.8,100,results/logs/cka_strength_sweep/cifar10_drift_all/strength_1p0/seed_100/splits/cifar10_split_seed100_clients5_alpha0p3_ref500.json,1.0,drift,18,fc1,2,1,0.9587294459342957,0.9777609705924988,500
cka_feddst,cifar10,0.8,100,results/logs/cka_strength_sweep/cifar10_drift_all/strength_1p0/seed_100/splits/cifar10_split_seed100_clients5_alpha0p3_ref500.json,1.0,drift,18,fc1,2,2,1.0,0.9777609705924988,500
cka_feddst,cifar10,0.8,100,results/logs/cka_strength_sweep/cifar10_drift_all/strength_1p0/seed_100/splits/cifar10_split_seed100_clients5_alpha0p3_ref500.json,1.0,drift,18,fc1,2,3,0.9802138805389404,0.9777609705924988,500
cka_feddst,cifar10,0.8,100,results/logs/cka_strength_sweep/cifar10_drift_all/strength_1p0/seed_100/splits/cifar10_split_seed100_clients5_alpha0p3_ref500.json,1.0,drift,18,fc1,2,4,0.964201033115387,0.9777609705924988,500
cka_feddst,cifar10,0.8,100,results/logs/cka_strength_sweep/cifar10_drift_all/strength_1p0/seed_100/splits/cifar10_split_seed100_clients5_alpha0p3_ref500.json,1.0,drift,18,fc1,3,0,0.9862996935844421,0.9777609705924988,500
cka_feddst,cifar10,0.8,100,results/logs/cka_strength_sweep/cifar10_drift_all/strength_1p0/seed_100/splits/cifar10_split_seed100_clients5_alpha0p3_ref500.json,1.0,drift,18,fc1,3,1,0.9891996383666992,0.9777609705924988,500
cka_feddst,cifar10,0.8,100,results/logs/cka_strength_sweep/cifar10_drift_all/strength_1p0/seed_100/splits/cifar10_split_seed100_clients5_alpha0p3_ref500.json,1.0,drift,18,fc1,3,2,0.9802138805389404,0.9777609705924988,500
cka_feddst,cifar10,0.8,100,results/logs/cka_strength_sweep/cifar10_drift_all/strength_1p0/seed_100/splits/cifar10_split_seed100_clients5_alpha0p3_ref500.json,1.0,drift,18,fc1,3,3,1.0,0.9777609705924988,500
cka_feddst,cifar10,0.8,100,results/logs/cka_strength_sweep/cifar10_drift_all/strength_1p0/seed_100/splits/cifar10_split_seed100_clients5_alpha0p3_ref500.json,1.0,drift,18,fc1,3,4,0.989457905292511,0.9777609705924988,500
cka_feddst,cifar10,0.8,100,results/logs/cka_strength_sweep/cifar10_drift_all/strength_1p0/seed_100/splits/cifar10_split_seed100_clients5_alpha0p3_ref500.json,1.0,drift,18,fc1,4,0,0.981156051158905,0.9777609705924988,500
cka_feddst,cifar10,0.8,100,results/logs/cka_strength_sweep/cifar10_drift_all/strength_1p0/seed_100/splits/cifar10_split_seed100_clients5_alpha0p3_ref500.json,1.0,drift,18,fc1,4,1,0.989786684513092,0.9777609705924988,500
cka_feddst,cifar10,0.8,100,results/logs/cka_strength_sweep/cifar10_drift_all/strength_1p0/seed_100/splits/cifar10_split_seed100_clients5_alpha0p3_ref500.json,1.0,drift,18,fc1,4,2,0.964201033115387,0.9777609705924988,500
cka_feddst,cifar10,0.8,100,results/logs/cka_strength_sweep/cifar10_drift_all/strength_1p0/seed_100/splits/cifar10_split_seed100_clients5_alpha0p3_ref500.json,1.0,drift,18,fc1,4,3,0.989457905292511,0.9777609705924988,500
cka_feddst,cifar10,0.8,100,results/logs/cka_strength_sweep/cifar10_drift_all/strength_1p0/seed_100/splits/cifar10_split_seed100_clients5_alpha0p3_ref500.json,1.0,drift,18,fc1,4,4,1.0,0.9777609705924988,500
cka_feddst,cifar10,0.8,100,results/logs/cka_strength_sweep/cifar10_drift_all/strength_1p0/seed_100/splits/cifar10_split_seed100_clients5_alpha0p3_ref500.json,1.0,drift,20,conv1,0,0,1.0,0.9999160766601562,500
cka_feddst,cifar10,0.8,100,results/logs/cka_strength_sweep/cifar10_drift_all/strength_1p0/seed_100/splits/cifar10_split_seed100_clients5_alpha0p3_ref500.json,1.0,drift,20,conv1,0,1,0.9999778866767883,0.9999160766601562,500
cka_feddst,cifar10,0.8,100,results/logs/cka_strength_sweep/cifar10_drift_all/strength_1p0/seed_100/splits/cifar10_split_seed100_clients5_alpha0p3_ref500.json,1.0,drift,20,conv1,0,2,0.9998890161514282,0.9999160766601562,500
cka_feddst,cifar10,0.8,100,results/logs/cka_strength_sweep/cifar10_drift_all/strength_1p0/seed_100/splits/cifar10_split_seed100_clients5_alpha0p3_ref500.json,1.0,drift,20,conv1,0,3,0.9999377727508545,0.9999160766601562,500
cka_feddst,cifar10,0.8,100,results/logs/cka_strength_sweep/cifar10_drift_all/strength_1p0/seed_100/splits/cifar10_split_seed100_clients5_alpha0p3_ref500.json,1.0,drift,20,conv1,0,4,0.9999502897262573,0.9999160766601562,500
cka_feddst,cifar10,0.8,100,results/logs/cka_strength_sweep/cifar10_drift_all/strength_1p0/seed_100/splits/cifar10_split_seed100_clients5_alpha0p3_ref500.json,1.0,drift,20,conv1,1,0,0.9999778866767883,0.9999160766601562,500
cka_feddst,cifar10,0.8,100,results/logs/cka_strength_sweep/cifar10_drift_all/strength_1p0/seed_100/splits/cifar10_split_seed100_clients5_alpha0p3_ref500.json,1.0,drift,20,conv1,1,1,1.0,0.9999160766601562,500
cka_feddst,cifar10,0.8,100,results/logs/cka_strength_sweep/cifar10_drift_all/strength_1p0/seed_100/splits/cifar10_split_seed100_clients5_alpha0p3_ref500.json,1.0,drift,20,conv1,1,2,0.9997833967208862,0.9999160766601562,500
cka_feddst,cifar10,0.8,100,results/logs/cka_strength_sweep/cifar10_drift_all/strength_1p0/seed_100/splits/cifar10_split_seed100_clients5_alpha0p3_ref500.json,1.0,drift,20,conv1,1,3,0.9998863935470581,0.9999160766601562,500
cka_feddst,cifar10,0.8,100,results/logs/cka_strength_sweep/cifar10_drift_all/strength_1p0/seed_100/splits/cifar10_split_seed100_clients5_alpha0p3_ref500.json,1.0,drift,20,conv1,1,4,0.9999629855155945,0.9999160766601562,500
cka_feddst,cifar10,0.8,100,results/logs/cka_strength_sweep/cifar10_drift_all/strength_1p0/seed_100/splits/cifar10_split_seed100_clients5_alpha0p3_ref500.json,1.0,drift,20,conv1,2,0,0.9998890161514282,0.9999160766601562,500
cka_feddst,cifar10,0.8,100,results/logs/cka_strength_sweep/cifar10_drift_all/strength_1p0/seed_100/splits/cifar10_split_seed100_clients5_alpha0p3_ref500.json,1.0,drift,20,conv1,2,1,0.9997833967208862,0.9999160766601562,500
cka_feddst,cifar10,0.8,100,results/logs/cka_strength_sweep/cifar10_drift_all/strength_1p0/seed_100/splits/cifar10_split_seed100_clients5_alpha0p3_ref500.json,1.0,drift,20,conv1,2,2,1.0,0.9999160766601562,500
cka_feddst,cifar10,0.8,100,results/logs/cka_strength_sweep/cifar10_drift_all/strength_1p0/seed_100/splits/cifar10_split_seed100_clients5_alpha0p3_ref500.json,1.0,drift,20,conv1,2,3,0.9999731183052063,0.9999160766601562,500
cka_feddst,cifar10,0.8,100,results/logs/cka_strength_sweep/cifar10_drift_all/strength_1p0/seed_100/splits/cifar10_split_seed100_clients5_alpha0p3_ref500.json,1.0,drift,20,conv1,2,4,0.9998483657836914,0.9999160766601562,500
cka_feddst,cifar10,0.8,100,results/logs/cka_strength_sweep/cifar10_drift_all/strength_1p0/seed_100/splits/cifar10_split_seed100_clients5_alpha0p3_ref500.json,1.0,drift,20,conv1,3,0,0.9999377727508545,0.9999160766601562,500
cka_feddst,cifar10,0.8,100,results/logs/cka_strength_sweep/cifar10_drift_all/strength_1p0/seed_100/splits/cifar10_split_seed100_clients5_alpha0p3_ref500.json,1.0,drift,20,conv1,3,1,0.9998863935470581,0.9999160766601562,500
cka_feddst,cifar10,0.8,100,results/logs/cka_strength_sweep/cifar10_drift_all/strength_1p0/seed_100/splits/cifar10_split_seed100_clients5_alpha0p3_ref500.json,1.0,drift,20,conv1,3,2,0.9999731183052063,0.9999160766601562,500
cka_feddst,cifar10,0.8,100,results/logs/cka_strength_sweep/cifar10_drift_all/strength_1p0/seed_100/splits/cifar10_split_seed100_clients5_alpha0p3_ref500.json,1.0,drift,20,conv1,3,3,1.0,0.9999160766601562,500
cka_feddst,cifar10,0.8,100,results/logs/cka_strength_sweep/cifar10_drift_all/strength_1p0/seed_100/splits/cifar10_split_seed100_clients5_alpha0p3_ref500.json,1.0,drift,20,conv1,3,4,0.9999516010284424,0.9999160766601562,500
cka_feddst,cifar10,0.8,100,results/logs/cka_strength_sweep/cifar10_drift_all/strength_1p0/seed_100/splits/cifar10_split_seed100_clients5_alpha0p3_ref500.json,1.0,drift,20,conv1,4,0,0.9999502897262573,0.9999160766601562,500
cka_feddst,cifar10,0.8,100,results/logs/cka_strength_sweep/cifar10_drift_all/strength_1p0/seed_100/splits/cifar10_split_seed100_clients5_alpha0p3_ref500.json,1.0,drift,20,conv1,4,1,0.9999629855155945,0.9999160766601562,500
cka_feddst,cifar10,0.8,100,results/logs/cka_strength_sweep/cifar10_drift_all/strength_1p0/seed_100/splits/cifar10_split_seed100_clients5_alpha0p3_ref500.json,1.0,drift,20,conv1,4,2,0.9998483657836914,0.9999160766601562,500
cka_feddst,cifar10,0.8,100,results/logs/cka_strength_sweep/cifar10_drift_all/strength_1p0/seed_100/splits/cifar10_split_seed100_clients5_alpha0p3_ref500.json,1.0,drift,20,conv1,4,3,0.9999516010284424,0.9999160766601562,500
cka_feddst,cifar10,0.8,100,results/logs/cka_strength_sweep/cifar10_drift_all/strength_1p0/seed_100/splits/cifar10_split_seed100_clients5_alpha0p3_ref500.json,1.0,drift,20,conv1,4,4,1.0,0.9999160766601562,500
cka_feddst,cifar10,0.8,100,results/logs/cka_strength_sweep/cifar10_drift_all/strength_1p0/seed_100/splits/cifar10_split_seed100_clients5_alpha0p3_ref500.json,1.0,drift,20,conv2,0,0,1.0,0.9891756176948547,500
cka_feddst,cifar10,0.8,100,results/logs/cka_strength_sweep/cifar10_drift_all/strength_1p0/seed_100/splits/cifar10_split_seed100_clients5_alpha0p3_ref500.json,1.0,drift,20,conv2,0,1,0.9943500757217407,0.9891756176948547,500
cka_feddst,cifar10,0.8,100,results/logs/cka_strength_sweep/cifar10_drift_all/strength_1p0/seed_100/splits/cifar10_split_seed100_clients5_alpha0p3_ref500.json,1.0,drift,20,conv2,0,2,0.99080890417099,0.9891756176948547,500
cka_feddst,cifar10,0.8,100,results/logs/cka_strength_sweep/cifar10_drift_all/strength_1p0/seed_100/splits/cifar10_split_seed100_clients5_alpha0p3_ref500.json,1.0,drift,20,conv2,0,3,0.9996559619903564,0.9891756176948547,500
cka_feddst,cifar10,0.8,100,results/logs/cka_strength_sweep/cifar10_drift_all/strength_1p0/seed_100/splits/cifar10_split_seed100_clients5_alpha0p3_ref500.json,1.0,drift,20,conv2,0,4,0.9917382001876831,0.9891756176948547,500
cka_feddst,cifar10,0.8,100,results/logs/cka_strength_sweep/cifar10_drift_all/strength_1p0/seed_100/splits/cifar10_split_seed100_clients5_alpha0p3_ref500.json,1.0,drift,20,conv2,1,0,0.9943500757217407,0.9891756176948547,500
cka_feddst,cifar10,0.8,100,results/logs/cka_strength_sweep/cifar10_drift_all/strength_1p0/seed_100/splits/cifar10_split_seed100_clients5_alpha0p3_ref500.json,1.0,drift,20,conv2,1,1,1.0,0.9891756176948547,500
cka_feddst,cifar10,0.8,100,results/logs/cka_strength_sweep/cifar10_drift_all/strength_1p0/seed_100/splits/cifar10_split_seed100_clients5_alpha0p3_ref500.json,1.0,drift,20,conv2,1,2,0.9712365865707397,0.9891756176948547,500
cka_feddst,cifar10,0.8,100,results/logs/cka_strength_sweep/cifar10_drift_all/strength_1p0/seed_100/splits/cifar10_split_seed100_clients5_alpha0p3_ref500.json,1.0,drift,20,conv2,1,3,0.9947380423545837,0.9891756176948547,500
cka_feddst,cifar10,0.8,100,results/logs/cka_strength_sweep/cifar10_drift_all/strength_1p0/seed_100/splits/cifar10_split_seed100_clients5_alpha0p3_ref500.json,1.0,drift,20,conv2,1,4,0.9992273449897766,0.9891756176948547,500
cka_feddst,cifar10,0.8,100,results/logs/cka_strength_sweep/cifar10_drift_all/strength_1p0/seed_100/splits/cifar10_split_seed100_clients5_alpha0p3_ref500.json,1.0,drift,20,conv2,2,0,0.99080890417099,0.9891756176948547,500
cka_feddst,cifar10,0.8,100,results/logs/cka_strength_sweep/cifar10_drift_all/strength_1p0/seed_100/splits/cifar10_split_seed100_clients5_alpha0p3_ref500.json,1.0,drift,20,conv2,2,1,0.9712365865707397,0.9891756176948547,500
cka_feddst,cifar10,0.8,100,results/logs/cka_strength_sweep/cifar10_drift_all/strength_1p0/seed_100/splits/cifar10_split_seed100_clients5_alpha0p3_ref500.json,1.0,drift,20,conv2,2,2,1.0,0.9891756176948547,500
cka_feddst,cifar10,0.8,100,results/logs/cka_strength_sweep/cifar10_drift_all/strength_1p0/seed_100/splits/cifar10_split_seed100_clients5_alpha0p3_ref500.json,1.0,drift,20,conv2,2,3,0.9900925159454346,0.9891756176948547,500
cka_feddst,cifar10,0.8,100,results/logs/cka_strength_sweep/cifar10_drift_all/strength_1p0/seed_100/splits/cifar10_split_seed100_clients5_alpha0p3_ref500.json,1.0,drift,20,conv2,2,4,0.9669176936149597,0.9891756176948547,500
cka_feddst,cifar10,0.8,100,results/logs/cka_strength_sweep/cifar10_drift_all/strength_1p0/seed_100/splits/cifar10_split_seed100_clients5_alpha0p3_ref500.json,1.0,drift,20,conv2,3,0,0.9996559619903564,0.9891756176948547,500
cka_feddst,cifar10,0.8,100,results/logs/cka_strength_sweep/cifar10_drift_all/strength_1p0/seed_100/splits/cifar10_split_seed100_clients5_alpha0p3_ref500.json,1.0,drift,20,conv2,3,1,0.9947380423545837,0.9891756176948547,500
cka_feddst,cifar10,0.8,100,results/logs/cka_strength_sweep/cifar10_drift_all/strength_1p0/seed_100/splits/cifar10_split_seed100_clients5_alpha0p3_ref500.json,1.0,drift,20,conv2,3,2,0.9900925159454346,0.9891756176948547,500
cka_feddst,cifar10,0.8,100,results/logs/cka_strength_sweep/cifar10_drift_all/strength_1p0/seed_100/splits/cifar10_split_seed100_clients5_alpha0p3_ref500.json,1.0,drift,20,conv2,3,3,1.0,0.9891756176948547,500
cka_feddst,cifar10,0.8,100,results/logs/cka_strength_sweep/cifar10_drift_all/strength_1p0/seed_100/splits/cifar10_split_seed100_clients5_alpha0p3_ref500.json,1.0,drift,20,conv2,3,4,0.9929904341697693,0.9891756176948547,500
cka_feddst,cifar10,0.8,100,results/logs/cka_strength_sweep/cifar10_drift_all/strength_1p0/seed_100/splits/cifar10_split_seed100_clients5_alpha0p3_ref500.json,1.0,drift,20,conv2,4,0,0.9917382001876831,0.9891756176948547,500
cka_feddst,cifar10,0.8,100,results/logs/cka_strength_sweep/cifar10_drift_all/strength_1p0/seed_100/splits/cifar10_split_seed100_clients5_alpha0p3_ref500.json,1.0,drift,20,conv2,4,1,0.9992273449897766,0.9891756176948547,500
cka_feddst,cifar10,0.8,100,results/logs/cka_strength_sweep/cifar10_drift_all/strength_1p0/seed_100/splits/cifar10_split_seed100_clients5_alpha0p3_ref500.json,1.0,drift,20,conv2,4,2,0.9669176936149597,0.9891756176948547,500
cka_feddst,cifar10,0.8,100,results/logs/cka_strength_sweep/cifar10_drift_all/strength_1p0/seed_100/splits/cifar10_split_seed100_clients5_alpha0p3_ref500.json,1.0,drift,20,conv2,4,3,0.9929904341697693,0.9891756176948547,500
cka_feddst,cifar10,0.8,100,results/logs/cka_strength_sweep/cifar10_drift_all/strength_1p0/seed_100/splits/cifar10_split_seed100_clients5_alpha0p3_ref500.json,1.0,drift,20,conv2,4,4,1.0,0.9891756176948547,500
cka_feddst,cifar10,0.8,100,results/logs/cka_strength_sweep/cifar10_drift_all/strength_1p0/seed_100/splits/cifar10_split_seed100_clients5_alpha0p3_ref500.json,1.0,drift,20,conv3,0,0,1.0,0.9883258938789368,500
cka_feddst,cifar10,0.8,100,results/logs/cka_strength_sweep/cifar10_drift_all/strength_1p0/seed_100/splits/cifar10_split_seed100_clients5_alpha0p3_ref500.json,1.0,drift,20,conv3,0,1,0.9938485026359558,0.9883258938789368,500
cka_feddst,cifar10,0.8,100,results/logs/cka_strength_sweep/cifar10_drift_all/strength_1p0/seed_100/splits/cifar10_split_seed100_clients5_alpha0p3_ref500.json,1.0,drift,20,conv3,0,2,0.9900498986244202,0.9883258938789368,500
cka_feddst,cifar10,0.8,100,results/logs/cka_strength_sweep/cifar10_drift_all/strength_1p0/seed_100/splits/cifar10_split_seed100_clients5_alpha0p3_ref500.json,1.0,drift,20,conv3,0,3,0.999550461769104,0.9883258938789368,500
cka_feddst,cifar10,0.8,100,results/logs/cka_strength_sweep/cifar10_drift_all/strength_1p0/seed_100/splits/cifar10_split_seed100_clients5_alpha0p3_ref500.json,1.0,drift,20,conv3,0,4,0.9910359382629395,0.9883258938789368,500
cka_feddst,cifar10,0.8,100,results/logs/cka_strength_sweep/cifar10_drift_all/strength_1p0/seed_100/splits/cifar10_split_seed100_clients5_alpha0p3_ref500.json,1.0,drift,20,conv3,1,0,0.9938485026359558,0.9883258938789368,500
cka_feddst,cifar10,0.8,100,results/logs/cka_strength_sweep/cifar10_drift_all/strength_1p0/seed_100/splits/cifar10_split_seed100_clients5_alpha0p3_ref500.json,1.0,drift,20,conv3,1,1,1.0,0.9883258938789368,500
cka_feddst,cifar10,0.8,100,results/logs/cka_strength_sweep/cifar10_drift_all/strength_1p0/seed_100/splits/cifar10_split_seed100_clients5_alpha0p3_ref500.json,1.0,drift,20,conv3,1,2,0.9689847230911255,0.9883258938789368,500
cka_feddst,cifar10,0.8,100,results/logs/cka_strength_sweep/cifar10_drift_all/strength_1p0/seed_100/splits/cifar10_split_seed100_clients5_alpha0p3_ref500.json,1.0,drift,20,conv3,1,3,0.9947711825370789,0.9883258938789368,500
cka_feddst,cifar10,0.8,100,results/logs/cka_strength_sweep/cifar10_drift_all/strength_1p0/seed_100/splits/cifar10_split_seed100_clients5_alpha0p3_ref500.json,1.0,drift,20,conv3,1,4,0.9992769360542297,0.9883258938789368,500
cka_feddst,cifar10,0.8,100,results/logs/cka_strength_sweep/cifar10_drift_all/strength_1p0/seed_100/splits/cifar10_split_seed100_clients5_alpha0p3_ref500.json,1.0,drift,20,conv3,2,0,0.9900498986244202,0.9883258938789368,500
cka_feddst,cifar10,0.8,100,results/logs/cka_strength_sweep/cifar10_drift_all/strength_1p0/seed_100/splits/cifar10_split_seed100_clients5_alpha0p3_ref500.json,1.0,drift,20,conv3,2,1,0.9689847230911255,0.9883258938789368,500
cka_feddst,cifar10,0.8,100,results/logs/cka_strength_sweep/cifar10_drift_all/strength_1p0/seed_100/splits/cifar10_split_seed100_clients5_alpha0p3_ref500.json,1.0,drift,20,conv3,2,2,1.0,0.9883258938789368,500
cka_feddst,cifar10,0.8,100,results/logs/cka_strength_sweep/cifar10_drift_all/strength_1p0/seed_100/splits/cifar10_split_seed100_clients5_alpha0p3_ref500.json,1.0,drift,20,conv3,2,3,0.9887571930885315,0.9883258938789368,500
cka_feddst,cifar10,0.8,100,results/logs/cka_strength_sweep/cifar10_drift_all/strength_1p0/seed_100/splits/cifar10_split_seed100_clients5_alpha0p3_ref500.json,1.0,drift,20,conv3,2,4,0.9641525745391846,0.9883258938789368,500
cka_feddst,cifar10,0.8,100,results/logs/cka_strength_sweep/cifar10_drift_all/strength_1p0/seed_100/splits/cifar10_split_seed100_clients5_alpha0p3_ref500.json,1.0,drift,20,conv3,3,0,0.999550461769104,0.9883258938789368,500
cka_feddst,cifar10,0.8,100,results/logs/cka_strength_sweep/cifar10_drift_all/strength_1p0/seed_100/splits/cifar10_split_seed100_clients5_alpha0p3_ref500.json,1.0,drift,20,conv3,3,1,0.9947711825370789,0.9883258938789368,500
cka_feddst,cifar10,0.8,100,results/logs/cka_strength_sweep/cifar10_drift_all/strength_1p0/seed_100/splits/cifar10_split_seed100_clients5_alpha0p3_ref500.json,1.0,drift,20,conv3,3,2,0.9887571930885315,0.9883258938789368,500
cka_feddst,cifar10,0.8,100,results/logs/cka_strength_sweep/cifar10_drift_all/strength_1p0/seed_100/splits/cifar10_split_seed100_clients5_alpha0p3_ref500.json,1.0,drift,20,conv3,3,3,1.0,0.9883258938789368,500
cka_feddst,cifar10,0.8,100,results/logs/cka_strength_sweep/cifar10_drift_all/strength_1p0/seed_100/splits/cifar10_split_seed100_clients5_alpha0p3_ref500.json,1.0,drift,20,conv3,3,4,0.9928314685821533,0.9883258938789368,500
cka_feddst,cifar10,0.8,100,results/logs/cka_strength_sweep/cifar10_drift_all/strength_1p0/seed_100/splits/cifar10_split_seed100_clients5_alpha0p3_ref500.json,1.0,drift,20,conv3,4,0,0.9910359382629395,0.9883258938789368,500
cka_feddst,cifar10,0.8,100,results/logs/cka_strength_sweep/cifar10_drift_all/strength_1p0/seed_100/splits/cifar10_split_seed100_clients5_alpha0p3_ref500.json,1.0,drift,20,conv3,4,1,0.9992769360542297,0.9883258938789368,500
cka_feddst,cifar10,0.8,100,results/logs/cka_strength_sweep/cifar10_drift_all/strength_1p0/seed_100/splits/cifar10_split_seed100_clients5_alpha0p3_ref500.json,1.0,drift,20,conv3,4,2,0.9641525745391846,0.9883258938789368,500
cka_feddst,cifar10,0.8,100,results/logs/cka_strength_sweep/cifar10_drift_all/strength_1p0/seed_100/splits/cifar10_split_seed100_clients5_alpha0p3_ref500.json,1.0,drift,20,conv3,4,3,0.9928314685821533,0.9883258938789368,500
cka_feddst,cifar10,0.8,100,results/logs/cka_strength_sweep/cifar10_drift_all/strength_1p0/seed_100/splits/cifar10_split_seed100_clients5_alpha0p3_ref500.json,1.0,drift,20,conv3,4,4,1.0,0.9883258938789368,500
cka_feddst,cifar10,0.8,100,results/logs/cka_strength_sweep/cifar10_drift_all/strength_1p0/seed_100/splits/cifar10_split_seed100_clients5_alpha0p3_ref500.json,1.0,drift,20,fc1,0,0,1.0,0.9630010724067688,500
cka_feddst,cifar10,0.8,100,results/logs/cka_strength_sweep/cifar10_drift_all/strength_1p0/seed_100/splits/cifar10_split_seed100_clients5_alpha0p3_ref500.json,1.0,drift,20,fc1,0,1,0.9579162001609802,0.9630010724067688,500
cka_feddst,cifar10,0.8,100,results/logs/cka_strength_sweep/cifar10_drift_all/strength_1p0/seed_100/splits/cifar10_split_seed100_clients5_alpha0p3_ref500.json,1.0,drift,20,fc1,0,2,0.9373927116394043,0.9630010724067688,500
cka_feddst,cifar10,0.8,100,results/logs/cka_strength_sweep/cifar10_drift_all/strength_1p0/seed_100/splits/cifar10_split_seed100_clients5_alpha0p3_ref500.json,1.0,drift,20,fc1,0,3,0.9809740781784058,0.9630010724067688,500
cka_feddst,cifar10,0.8,100,results/logs/cka_strength_sweep/cifar10_drift_all/strength_1p0/seed_100/splits/cifar10_split_seed100_clients5_alpha0p3_ref500.json,1.0,drift,20,fc1,0,4,0.9644725918769836,0.9630010724067688,500
cka_feddst,cifar10,0.8,100,results/logs/cka_strength_sweep/cifar10_drift_all/strength_1p0/seed_100/splits/cifar10_split_seed100_clients5_alpha0p3_ref500.json,1.0,drift,20,fc1,1,0,0.9579162001609802,0.9630010724067688,500
cka_feddst,cifar10,0.8,100,results/logs/cka_strength_sweep/cifar10_drift_all/strength_1p0/seed_100/splits/cifar10_split_seed100_clients5_alpha0p3_ref500.json,1.0,drift,20,fc1,1,1,1.0,0.9630010724067688,500
cka_feddst,cifar10,0.8,100,results/logs/cka_strength_sweep/cifar10_drift_all/strength_1p0/seed_100/splits/cifar10_split_seed100_clients5_alpha0p3_ref500.json,1.0,drift,20,fc1,1,2,0.937967836856842,0.9630010724067688,500
cka_feddst,cifar10,0.8,100,results/logs/cka_strength_sweep/cifar10_drift_all/strength_1p0/seed_100/splits/cifar10_split_seed100_clients5_alpha0p3_ref500.json,1.0,drift,20,fc1,1,3,0.9855989217758179,0.9630010724067688,500
cka_feddst,cifar10,0.8,100,results/logs/cka_strength_sweep/cifar10_drift_all/strength_1p0/seed_100/splits/cifar10_split_seed100_clients5_alpha0p3_ref500.json,1.0,drift,20,fc1,1,4,0.9828527569770813,0.9630010724067688,500
cka_feddst,cifar10,0.8,100,results/logs/cka_strength_sweep/cifar10_drift_all/strength_1p0/seed_100/splits/cifar10_split_seed100_clients5_alpha0p3_ref500.json,1.0,drift,20,fc1,2,0,0.9373927116394043,0.9630010724067688,500
cka_feddst,cifar10,0.8,100,results/logs/cka_strength_sweep/cifar10_drift_all/strength_1p0/seed_100/splits/cifar10_split_seed100_clients5_alpha0p3_ref500.json,1.0,drift,20,fc1,2,1,0.937967836856842,0.9630010724067688,500
cka_feddst,cifar10,0.8,100,results/logs/cka_strength_sweep/cifar10_drift_all/strength_1p0/seed_100/splits/cifar10_split_seed100_clients5_alpha0p3_ref500.json,1.0,drift,20,fc1,2,2,1.0,0.9630010724067688,500
cka_feddst,cifar10,0.8,100,results/logs/cka_strength_sweep/cifar10_drift_all/strength_1p0/seed_100/splits/cifar10_split_seed100_clients5_alpha0p3_ref500.json,1.0,drift,20,fc1,2,3,0.9671750068664551,0.9630010724067688,500
cka_feddst,cifar10,0.8,100,results/logs/cka_strength_sweep/cifar10_drift_all/strength_1p0/seed_100/splits/cifar10_split_seed100_clients5_alpha0p3_ref500.json,1.0,drift,20,fc1,2,4,0.9331859946250916,0.9630010724067688,500
cka_feddst,cifar10,0.8,100,results/logs/cka_strength_sweep/cifar10_drift_all/strength_1p0/seed_100/splits/cifar10_split_seed100_clients5_alpha0p3_ref500.json,1.0,drift,20,fc1,3,0,0.9809740781784058,0.9630010724067688,500
cka_feddst,cifar10,0.8,100,results/logs/cka_strength_sweep/cifar10_drift_all/strength_1p0/seed_100/splits/cifar10_split_seed100_clients5_alpha0p3_ref500.json,1.0,drift,20,fc1,3,1,0.9855989217758179,0.9630010724067688,500
cka_feddst,cifar10,0.8,100,results/logs/cka_strength_sweep/cifar10_drift_all/strength_1p0/seed_100/splits/cifar10_split_seed100_clients5_alpha0p3_ref500.json,1.0,drift,20,fc1,3,2,0.9671750068664551,0.9630010724067688,500
cka_feddst,cifar10,0.8,100,results/logs/cka_strength_sweep/cifar10_drift_all/strength_1p0/seed_100/splits/cifar10_split_seed100_clients5_alpha0p3_ref500.json,1.0,drift,20,fc1,3,3,1.0,0.9630010724067688,500
cka_feddst,cifar10,0.8,100,results/logs/cka_strength_sweep/cifar10_drift_all/strength_1p0/seed_100/splits/cifar10_split_seed100_clients5_alpha0p3_ref500.json,1.0,drift,20,fc1,3,4,0.9824749231338501,0.9630010724067688,500
cka_feddst,cifar10,0.8,100,results/logs/cka_strength_sweep/cifar10_drift_all/strength_1p0/seed_100/splits/cifar10_split_seed100_clients5_alpha0p3_ref500.json,1.0,drift,20,fc1,4,0,0.9644725918769836,0.9630010724067688,500
cka_feddst,cifar10,0.8,100,results/logs/cka_strength_sweep/cifar10_drift_all/strength_1p0/seed_100/splits/cifar10_split_seed100_clients5_alpha0p3_ref500.json,1.0,drift,20,fc1,4,1,0.9828527569770813,0.9630010724067688,500
cka_feddst,cifar10,0.8,100,results/logs/cka_strength_sweep/cifar10_drift_all/strength_1p0/seed_100/splits/cifar10_split_seed100_clients5_alpha0p3_ref500.json,1.0,drift,20,fc1,4,2,0.9331859946250916,0.9630010724067688,500
cka_feddst,cifar10,0.8,100,results/logs/cka_strength_sweep/cifar10_drift_all/strength_1p0/seed_100/splits/cifar10_split_seed100_clients5_alpha0p3_ref500.json,1.0,drift,20,fc1,4,3,0.9824749231338501,0.9630010724067688,500
cka_feddst,cifar10,0.8,100,results/logs/cka_strength_sweep/cifar10_drift_all/strength_1p0/seed_100/splits/cifar10_split_seed100_clients5_alpha0p3_ref500.json,1.0,drift,20,fc1,4,4,1.0,0.9630010724067688,500
