method,dataset,sparsity,seed,split_manifest_path,cka_strength,round,layer,client_i,client_j,cka,average_layer_cka,num_reference_samples
cka_feddst,mnist,0.9,13,results/logs/cka_strength_sweep/mnist_all_20260516_024344/strength_0p5/seed_13/splits/mnist_split_seed13_clients5_alpha0p3_ref200.json,0.5,2,conv1,0,0,1.0,1.0,200
cka_feddst,mnist,0.9,13,results/logs/cka_strength_sweep/mnist_all_20260516_024344/strength_0p5/seed_13/splits/mnist_split_seed13_clients5_alpha0p3_ref200.json,0.5,2,conv1,0,1,1.0,1.0,200
cka_feddst,mnist,0.9,13,results/logs/cka_strength_sweep/mnist_all_20260516_024344/strength_0p5/seed_13/splits/mnist_split_seed13_clients5_alpha0p3_ref200.json,0.5,2,conv1,0,2,1.0,1.0,200
cka_feddst,mnist,0.9,13,results/logs/cka_strength_sweep/mnist_all_20260516_024344/strength_0p5/seed_13/splits/mnist_split_seed13_clients5_alpha0p3_ref200.json,0.5,2,conv1,0,3,1.0,1.0,200
cka_feddst,mnist,0.9,13,results/logs/cka_strength_sweep/mnist_all_20260516_024344/strength_0p5/seed_13/splits/mnist_split_seed13_clients5_alpha0p3_ref200.json,0.5,2,conv1,0,4,1.0,1.0,200
cka_feddst,mnist,0.9,13,results/logs/cka_strength_sweep/mnist_all_20260516_024344/strength_0p5/seed_13/splits/mnist_split_seed13_clients5_alpha0p3_ref200.json,0.5,2,conv1,1,0,1.0,1.0,200
cka_feddst,mnist,0.9,13,results/logs/cka_strength_sweep/mnist_all_20260516_024344/strength_0p5/seed_13/splits/mnist_split_seed13_clients5_alpha0p3_ref200.json,0.5,2,conv1,1,1,1.0,1.0,200
cka_feddst,mnist,0.9,13,results/logs/cka_strength_sweep/mnist_all_20260516_024344/strength_0p5/seed_13/splits/mnist_split_seed13_clients5_alpha0p3_ref200.json,0.5,2,conv1,1,2,1.0,1.0,200
cka_feddst,mnist,0.9,13,results/logs/cka_strength_sweep/mnist_all_20260516_024344/strength_0p5/seed_13/splits/mnist_split_seed13_clients5_alpha0p3_ref200.json,0.5,2,conv1,1,3,1.0,1.0,200
cka_feddst,mnist,0.9,13,results/logs/cka_strength_sweep/mnist_all_20260516_024344/strength_0p5/seed_13/splits/mnist_split_seed13_clients5_alpha0p3_ref200.json,0.5,2,conv1,1,4,1.0,1.0,200
cka_feddst,mnist,0.9,13,results/logs/cka_strength_sweep/mnist_all_20260516_024344/strength_0p5/seed_13/splits/mnist_split_seed13_clients5_alpha0p3_ref200.json,0.5,2,conv1,2,0,1.0,1.0,200
cka_feddst,mnist,0.9,13,results/logs/cka_strength_sweep/mnist_all_20260516_024344/strength_0p5/seed_13/splits/mnist_split_seed13_clients5_alpha0p3_ref200.json,0.5,2,conv1,2,1,1.0,1.0,200
cka_feddst,mnist,0.9,13,results/logs/cka_strength_sweep/mnist_all_20260516_024344/strength_0p5/seed_13/splits/mnist_split_seed13_clients5_alpha0p3_ref200.json,0.5,2,conv1,2,2,1.0,1.0,200
cka_feddst,mnist,0.9,13,results/logs/cka_strength_sweep/mnist_all_20260516_024344/strength_0p5/seed_13/splits/mnist_split_seed13_clients5_alpha0p3_ref200.json,0.5,2,conv1,2,3,1.0,1.0,200
cka_feddst,mnist,0.9,13,results/logs/cka_strength_sweep/mnist_all_20260516_024344/strength_0p5/seed_13/splits/mnist_split_seed13_clients5_alpha0p3_ref200.json,0.5,2,conv1,2,4,1.0,1.0,200
cka_feddst,mnist,0.9,13,results/logs/cka_strength_sweep/mnist_all_20260516_024344/strength_0p5/seed_13/splits/mnist_split_seed13_clients5_alpha0p3_ref200.json,0.5,2,conv1,3,0,1.0,1.0,200
cka_feddst,mnist,0.9,13,results/logs/cka_strength_sweep/mnist_all_20260516_024344/strength_0p5/seed_13/splits/mnist_split_seed13_clients5_alpha0p3_ref200.json,0.5,2,conv1,3,1,1.0,1.0,200
cka_feddst,mnist,0.9,13,results/logs/cka_strength_sweep/mnist_all_20260516_024344/strength_0p5/seed_13/splits/mnist_split_seed13_clients5_alpha0p3_ref200.json,0.5,2,conv1,3,2,1.0,1.0,200
cka_feddst,mnist,0.9,13,results/logs/cka_strength_sweep/mnist_all_20260516_024344/strength_0p5/seed_13/splits/mnist_split_seed13_clients5_alpha0p3_ref200.json,0.5,2,conv1,3,3,1.0,1.0,200
cka_feddst,mnist,0.9,13,results/logs/cka_strength_sweep/mnist_all_20260516_024344/strength_0p5/seed_13/splits/mnist_split_seed13_clients5_alpha0p3_ref200.json,0.5,2,conv1,3,4,1.0,1.0,200
cka_feddst,mnist,0.9,13,results/logs/cka_strength_sweep/mnist_all_20260516_024344/strength_0p5/seed_13/splits/mnist_split_seed13_clients5_alpha0p3_ref200.json,0.5,2,conv1,4,0,1.0,1.0,200
cka_feddst,mnist,0.9,13,results/logs/cka_strength_sweep/mnist_all_20260516_024344/strength_0p5/seed_13/splits/mnist_split_seed13_clients5_alpha0p3_ref200.json,0.5,2,conv1,4,1,1.0,1.0,200
cka_feddst,mnist,0.9,13,results/logs/cka_strength_sweep/mnist_all_20260516_024344/strength_0p5/seed_13/splits/mnist_split_seed13_clients5_alpha0p3_ref200.json,0.5,2,conv1,4,2,1.0,1.0,200
cka_feddst,mnist,0.9,13,results/logs/cka_strength_sweep/mnist_all_20260516_024344/strength_0p5/seed_13/splits/mnist_split_seed13_clients5_alpha0p3_ref200.json,0.5,2,conv1,4,3,1.0,1.0,200
cka_feddst,mnist,0.9,13,results/logs/cka_strength_sweep/mnist_all_20260516_024344/strength_0p5/seed_13/splits/mnist_split_seed13_clients5_alpha0p3_ref200.json,0.5,2,conv1,4,4,1.0,1.0,200
cka_feddst,mnist,0.9,13,results/logs/cka_strength_sweep/mnist_all_20260516_024344/strength_0p5/seed_13/splits/mnist_split_seed13_clients5_alpha0p3_ref200.json,0.5,2,conv2,0,0,1.0,0.9999483823776245,200
cka_feddst,mnist,0.9,13,results/logs/cka_strength_sweep/mnist_all_20260516_024344/strength_0p5/seed_13/splits/mnist_split_seed13_clients5_alpha0p3_ref200.json,0.5,2,conv2,0,1,0.9999454021453857,0.9999483823776245,200
cka_feddst,mnist,0.9,13,results/logs/cka_strength_sweep/mnist_all_20260516_024344/strength_0p5/seed_13/splits/mnist_split_seed13_clients5_alpha0p3_ref200.json,0.5,2,conv2,0,2,0.9999730587005615,0.9999483823776245,200
cka_feddst,mnist,0.9,13,results/logs/cka_strength_sweep/mnist_all_20260516_024344/strength_0p5/seed_13/splits/mnist_split_seed13_clients5_alpha0p3_ref200.json,0.5,2,conv2,0,3,0.9999566078186035,0.9999483823776245,200
cka_feddst,mnist,0.9,13,results/logs/cka_strength_sweep/mnist_all_20260516_024344/strength_0p5/seed_13/splits/mnist_split_seed13_clients5_alpha0p3_ref200.json,0.5,2,conv2,0,4,0.9999824166297913,0.9999483823776245,200
cka_feddst,mnist,0.9,13,results/logs/cka_strength_sweep/mnist_all_20260516_024344/strength_0p5/seed_13/splits/mnist_split_seed13_clients5_alpha0p3_ref200.json,0.5,2,conv2,1,0,0.9999454021453857,0.9999483823776245,200
cka_feddst,mnist,0.9,13,results/logs/cka_strength_sweep/mnist_all_20260516_024344/strength_0p5/seed_13/splits/mnist_split_seed13_clients5_alpha0p3_ref200.json,0.5,2,conv2,1,1,1.0,0.9999483823776245,200
cka_feddst,mnist,0.9,13,results/logs/cka_strength_sweep/mnist_all_20260516_024344/strength_0p5/seed_13/splits/mnist_split_seed13_clients5_alpha0p3_ref200.json,0.5,2,conv2,1,2,0.9999434351921082,0.9999483823776245,200
cka_feddst,mnist,0.9,13,results/logs/cka_strength_sweep/mnist_all_20260516_024344/strength_0p5/seed_13/splits/mnist_split_seed13_clients5_alpha0p3_ref200.json,0.5,2,conv2,1,3,0.9998862743377686,0.9999483823776245,200
cka_feddst,mnist,0.9,13,results/logs/cka_strength_sweep/mnist_all_20260516_024344/strength_0p5/seed_13/splits/mnist_split_seed13_clients5_alpha0p3_ref200.json,0.5,2,conv2,1,4,0.99995356798172,0.9999483823776245,200
cka_feddst,mnist,0.9,13,results/logs/cka_strength_sweep/mnist_all_20260516_024344/strength_0p5/seed_13/splits/mnist_split_seed13_clients5_alpha0p3_ref200.json,0.5,2,conv2,2,0,0.9999730587005615,0.9999483823776245,200
cka_feddst,mnist,0.9,13,results/logs/cka_strength_sweep/mnist_all_20260516_024344/strength_0p5/seed_13/splits/mnist_split_seed13_clients5_alpha0p3_ref200.json,0.5,2,conv2,2,1,0.9999434351921082,0.9999483823776245,200
cka_feddst,mnist,0.9,13,results/logs/cka_strength_sweep/mnist_all_20260516_024344/strength_0p5/seed_13/splits/mnist_split_seed13_clients5_alpha0p3_ref200.json,0.5,2,conv2,2,2,1.0,0.9999483823776245,200
cka_feddst,mnist,0.9,13,results/logs/cka_strength_sweep/mnist_all_20260516_024344/strength_0p5/seed_13/splits/mnist_split_seed13_clients5_alpha0p3_ref200.json,0.5,2,conv2,2,3,0.9999196529388428,0.9999483823776245,200
cka_feddst,mnist,0.9,13,results/logs/cka_strength_sweep/mnist_all_20260516_024344/strength_0p5/seed_13/splits/mnist_split_seed13_clients5_alpha0p3_ref200.json,0.5,2,conv2,2,4,0.9999951720237732,0.9999483823776245,200
cka_feddst,mnist,0.9,13,results/logs/cka_strength_sweep/mnist_all_20260516_024344/strength_0p5/seed_13/splits/mnist_split_seed13_clients5_alpha0p3_ref200.json,0.5,2,conv2,3,0,0.9999566078186035,0.9999483823776245,200
cka_feddst,mnist,0.9,13,results/logs/cka_strength_sweep/mnist_all_20260516_024344/strength_0p5/seed_13/splits/mnist_split_seed13_clients5_alpha0p3_ref200.json,0.5,2,conv2,3,1,0.9998862743377686,0.9999483823776245,200
cka_feddst,mnist,0.9,13,results/logs/cka_strength_sweep/mnist_all_20260516_024344/strength_0p5/seed_13/splits/mnist_split_seed13_clients5_alpha0p3_ref200.json,0.5,2,conv2,3,2,0.9999196529388428,0.9999483823776245,200
cka_feddst,mnist,0.9,13,results/logs/cka_strength_sweep/mnist_all_20260516_024344/strength_0p5/seed_13/splits/mnist_split_seed13_clients5_alpha0p3_ref200.json,0.5,2,conv2,3,3,1.0,0.9999483823776245,200
cka_feddst,mnist,0.9,13,results/logs/cka_strength_sweep/mnist_all_20260516_024344/strength_0p5/seed_13/splits/mnist_split_seed13_clients5_alpha0p3_ref200.json,0.5,2,conv2,3,4,0.9999287128448486,0.9999483823776245,200
cka_feddst,mnist,0.9,13,results/logs/cka_strength_sweep/mnist_all_20260516_024344/strength_0p5/seed_13/splits/mnist_split_seed13_clients5_alpha0p3_ref200.json,0.5,2,conv2,4,0,0.9999824166297913,0.9999483823776245,200
cka_feddst,mnist,0.9,13,results/logs/cka_strength_sweep/mnist_all_20260516_024344/strength_0p5/seed_13/splits/mnist_split_seed13_clients5_alpha0p3_ref200.json,0.5,2,conv2,4,1,0.99995356798172,0.9999483823776245,200
cka_feddst,mnist,0.9,13,results/logs/cka_strength_sweep/mnist_all_20260516_024344/strength_0p5/seed_13/splits/mnist_split_seed13_clients5_alpha0p3_ref200.json,0.5,2,conv2,4,2,0.9999951720237732,0.9999483823776245,200
cka_feddst,mnist,0.9,13,results/logs/cka_strength_sweep/mnist_all_20260516_024344/strength_0p5/seed_13/splits/mnist_split_seed13_clients5_alpha0p3_ref200.json,0.5,2,conv2,4,3,0.9999287128448486,0.9999483823776245,200
cka_feddst,mnist,0.9,13,results/logs/cka_strength_sweep/mnist_all_20260516_024344/strength_0p5/seed_13/splits/mnist_split_seed13_clients5_alpha0p3_ref200.json,0.5,2,conv2,4,4,1.0,0.9999483823776245,200
cka_feddst,mnist,0.9,13,results/logs/cka_strength_sweep/mnist_all_20260516_024344/strength_0p5/seed_13/splits/mnist_split_seed13_clients5_alpha0p3_ref200.json,0.5,2,fc1,0,0,1.0,0.9623187780380249,200
cka_feddst,mnist,0.9,13,results/logs/cka_strength_sweep/mnist_all_20260516_024344/strength_0p5/seed_13/splits/mnist_split_seed13_clients5_alpha0p3_ref200.json,0.5,2,fc1,0,1,0.9660524129867554,0.9623187780380249,200
cka_feddst,mnist,0.9,13,results/logs/cka_strength_sweep/mnist_all_20260516_024344/strength_0p5/seed_13/splits/mnist_split_seed13_clients5_alpha0p3_ref200.json,0.5,2,fc1,0,2,0.9804643392562866,0.9623187780380249,200
cka_feddst,mnist,0.9,13,results/logs/cka_strength_sweep/mnist_all_20260516_024344/strength_0p5/seed_13/splits/mnist_split_seed13_clients5_alpha0p3_ref200.json,0.5,2,fc1,0,3,0.9398465752601624,0.9623187780380249,200
cka_feddst,mnist,0.9,13,results/logs/cka_strength_sweep/mnist_all_20260516_024344/strength_0p5/seed_13/splits/mnist_split_seed13_clients5_alpha0p3_ref200.json,0.5,2,fc1,0,4,0.9734814763069153,0.9623187780380249,200
cka_feddst,mnist,0.9,13,results/logs/cka_strength_sweep/mnist_all_20260516_024344/strength_0p5/seed_13/splits/mnist_split_seed13_clients5_alpha0p3_ref200.json,0.5,2,fc1,1,0,0.9660524129867554,0.9623187780380249,200
cka_feddst,mnist,0.9,13,results/logs/cka_strength_sweep/mnist_all_20260516_024344/strength_0p5/seed_13/splits/mnist_split_seed13_clients5_alpha0p3_ref200.json,0.5,2,fc1,1,1,1.0,0.9623187780380249,200
cka_feddst,mnist,0.9,13,results/logs/cka_strength_sweep/mnist_all_20260516_024344/strength_0p5/seed_13/splits/mnist_split_seed13_clients5_alpha0p3_ref200.json,0.5,2,fc1,1,2,0.9609602689743042,0.9623187780380249,200
cka_feddst,mnist,0.9,13,results/logs/cka_strength_sweep/mnist_all_20260516_024344/strength_0p5/seed_13/splits/mnist_split_seed13_clients5_alpha0p3_ref200.json,0.5,2,fc1,1,3,0.9408078193664551,0.9623187780380249,200
cka_feddst,mnist,0.9,13,results/logs/cka_strength_sweep/mnist_all_20260516_024344/strength_0p5/seed_13/splits/mnist_split_seed13_clients5_alpha0p3_ref200.json,0.5,2,fc1,1,4,0.9726186990737915,0.9623187780380249,200
cka_feddst,mnist,0.9,13,results/logs/cka_strength_sweep/mnist_all_20260516_024344/strength_0p5/seed_13/splits/mnist_split_seed13_clients5_alpha0p3_ref200.json,0.5,2,fc1,2,0,0.9804643392562866,0.9623187780380249,200
cka_feddst,mnist,0.9,13,results/logs/cka_strength_sweep/mnist_all_20260516_024344/strength_0p5/seed_13/splits/mnist_split_seed13_clients5_alpha0p3_ref200.json,0.5,2,fc1,2,1,0.9609602689743042,0.9623187780380249,200
cka_feddst,mnist,0.9,13,results/logs/cka_strength_sweep/mnist_all_20260516_024344/strength_0p5/seed_13/splits/mnist_split_seed13_clients5_alpha0p3_ref200.json,0.5,2,fc1,2,2,1.0,0.9623187780380249,200
cka_feddst,mnist,0.9,13,results/logs/cka_strength_sweep/mnist_all_20260516_024344/strength_0p5/seed_13/splits/mnist_split_seed13_clients5_alpha0p3_ref200.json,0.5,2,fc1,2,3,0.9436568021774292,0.9623187780380249,200
cka_feddst,mnist,0.9,13,results/logs/cka_strength_sweep/mnist_all_20260516_024344/strength_0p5/seed_13/splits/mnist_split_seed13_clients5_alpha0p3_ref200.json,0.5,2,fc1,2,4,0.9879803657531738,0.9623187780380249,200
cka_feddst,mnist,0.9,13,results/logs/cka_strength_sweep/mnist_all_20260516_024344/strength_0p5/seed_13/splits/mnist_split_seed13_clients5_alpha0p3_ref200.json,0.5,2,fc1,3,0,0.9398465752601624,0.9623187780380249,200
cka_feddst,mnist,0.9,13,results/logs/cka_strength_sweep/mnist_all_20260516_024344/strength_0p5/seed_13/splits/mnist_split_seed13_clients5_alpha0p3_ref200.json,0.5,2,fc1,3,1,0.9408078193664551,0.9623187780380249,200
cka_feddst,mnist,0.9,13,results/logs/cka_strength_sweep/mnist_all_20260516_024344/strength_0p5/seed_13/splits/mnist_split_seed13_clients5_alpha0p3_ref200.json,0.5,2,fc1,3,2,0.9436568021774292,0.9623187780380249,200
cka_feddst,mnist,0.9,13,results/logs/cka_strength_sweep/mnist_all_20260516_024344/strength_0p5/seed_13/splits/mnist_split_seed13_clients5_alpha0p3_ref200.json,0.5,2,fc1,3,3,1.0,0.9623187780380249,200
cka_feddst,mnist,0.9,13,results/logs/cka_strength_sweep/mnist_all_20260516_024344/strength_0p5/seed_13/splits/mnist_split_seed13_clients5_alpha0p3_ref200.json,0.5,2,fc1,3,4,0.9573185443878174,0.9623187780380249,200
cka_feddst,mnist,0.9,13,results/logs/cka_strength_sweep/mnist_all_20260516_024344/strength_0p5/seed_13/splits/mnist_split_seed13_clients5_alpha0p3_ref200.json,0.5,2,fc1,4,0,0.9734814763069153,0.9623187780380249,200
cka_feddst,mnist,0.9,13,results/logs/cka_strength_sweep/mnist_all_20260516_024344/strength_0p5/seed_13/splits/mnist_split_seed13_clients5_alpha0p3_ref200.json,0.5,2,fc1,4,1,0.9726186990737915,0.9623187780380249,200
cka_feddst,mnist,0.9,13,results/logs/cka_strength_sweep/mnist_all_20260516_024344/strength_0p5/seed_13/splits/mnist_split_seed13_clients5_alpha0p3_ref200.json,0.5,2,fc1,4,2,0.9879803657531738,0.9623187780380249,200
cka_feddst,mnist,0.9,13,results/logs/cka_strength_sweep/mnist_all_20260516_024344/strength_0p5/seed_13/splits/mnist_split_seed13_clients5_alpha0p3_ref200.json,0.5,2,fc1,4,3,0.9573185443878174,0.9623187780380249,200
cka_feddst,mnist,0.9,13,results/logs/cka_strength_sweep/mnist_all_20260516_024344/strength_0p5/seed_13/splits/mnist_split_seed13_clients5_alpha0p3_ref200.json,0.5,2,fc1,4,4,1.0,0.9623187780380249,200
cka_feddst,mnist,0.9,13,results/logs/cka_strength_sweep/mnist_all_20260516_024344/strength_0p5/seed_13/splits/mnist_split_seed13_clients5_alpha0p3_ref200.json,0.5,4,conv1,0,0,1.0,0.999998927116394,200
cka_feddst,mnist,0.9,13,results/logs/cka_strength_sweep/mnist_all_20260516_024344/strength_0p5/seed_13/splits/mnist_split_seed13_clients5_alpha0p3_ref200.json,0.5,4,conv1,0,1,0.9999971985816956,0.999998927116394,200
cka_feddst,mnist,0.9,13,results/logs/cka_strength_sweep/mnist_all_20260516_024344/strength_0p5/seed_13/splits/mnist_split_seed13_clients5_alpha0p3_ref200.json,0.5,4,conv1,0,2,1.0,0.999998927116394,200
cka_feddst,mnist,0.9,13,results/logs/cka_strength_sweep/mnist_all_20260516_024344/strength_0p5/seed_13/splits/mnist_split_seed13_clients5_alpha0p3_ref200.json,0.5,4,conv1,0,3,0.9999980926513672,0.999998927116394,200
cka_feddst,mnist,0.9,13,results/logs/cka_strength_sweep/mnist_all_20260516_024344/strength_0p5/seed_13/splits/mnist_split_seed13_clients5_alpha0p3_ref200.json,0.5,4,conv1,0,4,0.9999995231628418,0.999998927116394,200
cka_feddst,mnist,0.9,13,results/logs/cka_strength_sweep/mnist_all_20260516_024344/strength_0p5/seed_13/splits/mnist_split_seed13_clients5_alpha0p3_ref200.json,0.5,4,conv1,1,0,0.9999971985816956,0.999998927116394,200
cka_feddst,mnist,0.9,13,results/logs/cka_strength_sweep/mnist_all_20260516_024344/strength_0p5/seed_13/splits/mnist_split_seed13_clients5_alpha0p3_ref200.json,0.5,4,conv1,1,1,1.0,0.999998927116394,200
cka_feddst,mnist,0.9,13,results/logs/cka_strength_sweep/mnist_all_20260516_024344/strength_0p5/seed_13/splits/mnist_split_seed13_clients5_alpha0p3_ref200.json,0.5,4,conv1,1,2,0.9999977946281433,0.999998927116394,200
cka_feddst,mnist,0.9,13,results/logs/cka_strength_sweep/mnist_all_20260516_024344/strength_0p5/seed_13/splits/mnist_split_seed13_clients5_alpha0p3_ref200.json,0.5,4,conv1,1,3,1.0,0.999998927116394,200
cka_feddst,mnist,0.9,13,results/logs/cka_strength_sweep/mnist_all_20260516_024344/strength_0p5/seed_13/splits/mnist_split_seed13_clients5_alpha0p3_ref200.json,0.5,4,conv1,1,4,0.9999988675117493,0.999998927116394,200
cka_feddst,mnist,0.9,13,results/logs/cka_strength_sweep/mnist_all_20260516_024344/strength_0p5/seed_13/splits/mnist_split_seed13_clients5_alpha0p3_ref200.json,0.5,4,conv1,2,0,1.0,0.999998927116394,200
cka_feddst,mnist,0.9,13,results/logs/cka_strength_sweep/mnist_all_20260516_024344/strength_0p5/seed_13/splits/mnist_split_seed13_clients5_alpha0p3_ref200.json,0.5,4,conv1,2,1,0.9999977946281433,0.999998927116394,200
cka_feddst,mnist,0.9,13,results/logs/cka_strength_sweep/mnist_all_20260516_024344/strength_0p5/seed_13/splits/mnist_split_seed13_clients5_alpha0p3_ref200.json,0.5,4,conv1,2,2,1.0,0.999998927116394,200
cka_feddst,mnist,0.9,13,results/logs/cka_strength_sweep/mnist_all_20260516_024344/strength_0p5/seed_13/splits/mnist_split_seed13_clients5_alpha0p3_ref200.json,0.5,4,conv1,2,3,0.9999986290931702,0.999998927116394,200
cka_feddst,mnist,0.9,13,results/logs/cka_strength_sweep/mnist_all_20260516_024344/strength_0p5/seed_13/splits/mnist_split_seed13_clients5_alpha0p3_ref200.json,0.5,4,conv1,2,4,0.9999998211860657,0.999998927116394,200
cka_feddst,mnist,0.9,13,results/logs/cka_strength_sweep/mnist_all_20260516_024344/strength_0p5/seed_13/splits/mnist_split_seed13_clients5_alpha0p3_ref200.json,0.5,4,conv1,3,0,0.9999980926513672,0.999998927116394,200
cka_feddst,mnist,0.9,13,results/logs/cka_strength_sweep/mnist_all_20260516_024344/strength_0p5/seed_13/splits/mnist_split_seed13_clients5_alpha0p3_ref200.json,0.5,4,conv1,3,1,1.0,0.999998927116394,200
cka_feddst,mnist,0.9,13,results/logs/cka_strength_sweep/mnist_all_20260516_024344/strength_0p5/seed_13/splits/mnist_split_seed13_clients5_alpha0p3_ref200.json,0.5,4,conv1,3,2,0.9999986290931702,0.999998927116394,200
cka_feddst,mnist,0.9,13,results/logs/cka_strength_sweep/mnist_all_20260516_024344/strength_0p5/seed_13/splits/mnist_split_seed13_clients5_alpha0p3_ref200.json,0.5,4,conv1,3,3,1.0,0.999998927116394,200
cka_feddst,mnist,0.9,13,results/logs/cka_strength_sweep/mnist_all_20260516_024344/strength_0p5/seed_13/splits/mnist_split_seed13_clients5_alpha0p3_ref200.json,0.5,4,conv1,3,4,0.999999463558197,0.999998927116394,200
cka_feddst,mnist,0.9,13,results/logs/cka_strength_sweep/mnist_all_20260516_024344/strength_0p5/seed_13/splits/mnist_split_seed13_clients5_alpha0p3_ref200.json,0.5,4,conv1,4,0,0.9999995231628418,0.999998927116394,200
cka_feddst,mnist,0.9,13,results/logs/cka_strength_sweep/mnist_all_20260516_024344/strength_0p5/seed_13/splits/mnist_split_seed13_clients5_alpha0p3_ref200.json,0.5,4,conv1,4,1,0.9999988675117493,0.999998927116394,200
cka_feddst,mnist,0.9,13,results/logs/cka_strength_sweep/mnist_all_20260516_024344/strength_0p5/seed_13/splits/mnist_split_seed13_clients5_alpha0p3_ref200.json,0.5,4,conv1,4,2,0.9999998211860657,0.999998927116394,200
cka_feddst,mnist,0.9,13,results/logs/cka_strength_sweep/mnist_all_20260516_024344/strength_0p5/seed_13/splits/mnist_split_seed13_clients5_alpha0p3_ref200.json,0.5,4,conv1,4,3,0.999999463558197,0.999998927116394,200
cka_feddst,mnist,0.9,13,results/logs/cka_strength_sweep/mnist_all_20260516_024344/strength_0p5/seed_13/splits/mnist_split_seed13_clients5_alpha0p3_ref200.json,0.5,4,conv1,4,4,1.0,0.999998927116394,200
cka_feddst,mnist,0.9,13,results/logs/cka_strength_sweep/mnist_all_20260516_024344/strength_0p5/seed_13/splits/mnist_split_seed13_clients5_alpha0p3_ref200.json,0.5,4,conv2,0,0,1.0,0.9999151229858398,200
cka_feddst,mnist,0.9,13,results/logs/cka_strength_sweep/mnist_all_20260516_024344/strength_0p5/seed_13/splits/mnist_split_seed13_clients5_alpha0p3_ref200.json,0.5,4,conv2,0,1,0.9998202323913574,0.9999151229858398,200
cka_feddst,mnist,0.9,13,results/logs/cka_strength_sweep/mnist_all_20260516_024344/strength_0p5/seed_13/splits/mnist_split_seed13_clients5_alpha0p3_ref200.json,0.5,4,conv2,0,2,0.9999712705612183,0.9999151229858398,200
cka_feddst,mnist,0.9,13,results/logs/cka_strength_sweep/mnist_all_20260516_024344/strength_0p5/seed_13/splits/mnist_split_seed13_clients5_alpha0p3_ref200.json,0.5,4,conv2,0,3,0.9998828172683716,0.9999151229858398,200
cka_feddst,mnist,0.9,13,results/logs/cka_strength_sweep/mnist_all_20260516_024344/strength_0p5/seed_13/splits/mnist_split_seed13_clients5_alpha0p3_ref200.json,0.5,4,conv2,0,4,0.9999790191650391,0.9999151229858398,200
cka_feddst,mnist,0.9,13,results/logs/cka_strength_sweep/mnist_all_20260516_024344/strength_0p5/seed_13/splits/mnist_split_seed13_clients5_alpha0p3_ref200.json,0.5,4,conv2,1,0,0.9998202323913574,0.9999151229858398,200
cka_feddst,mnist,0.9,13,results/logs/cka_strength_sweep/mnist_all_20260516_024344/strength_0p5/seed_13/splits/mnist_split_seed13_clients5_alpha0p3_ref200.json,0.5,4,conv2,1,1,1.0,0.9999151229858398,200
cka_feddst,mnist,0.9,13,results/logs/cka_strength_sweep/mnist_all_20260516_024344/strength_0p5/seed_13/splits/mnist_split_seed13_clients5_alpha0p3_ref200.json,0.5,4,conv2,1,2,0.9998236894607544,0.9999151229858398,200
cka_feddst,mnist,0.9,13,results/logs/cka_strength_sweep/mnist_all_20260516_024344/strength_0p5/seed_13/splits/mnist_split_seed13_clients5_alpha0p3_ref200.json,0.5,4,conv2,1,3,0.9999718070030212,0.9999151229858398,200
cka_feddst,mnist,0.9,13,results/logs/cka_strength_sweep/mnist_all_20260516_024344/strength_0p5/seed_13/splits/mnist_split_seed13_clients5_alpha0p3_ref200.json,0.5,4,conv2,1,4,0.9999186992645264,0.9999151229858398,200
cka_feddst,mnist,0.9,13,results/logs/cka_strength_sweep/mnist_all_20260516_024344/strength_0p5/seed_13/splits/mnist_split_seed13_clients5_alpha0p3_ref200.json,0.5,4,conv2,2,0,0.9999712705612183,0.9999151229858398,200
cka_feddst,mnist,0.9,13,results/logs/cka_strength_sweep/mnist_all_20260516_024344/strength_0p5/seed_13/splits/mnist_split_seed13_clients5_alpha0p3_ref200.json,0.5,4,conv2,2,1,0.9998236894607544,0.9999151229858398,200
cka_feddst,mnist,0.9,13,results/logs/cka_strength_sweep/mnist_all_20260516_024344/strength_0p5/seed_13/splits/mnist_split_seed13_clients5_alpha0p3_ref200.json,0.5,4,conv2,2,2,1.0,0.9999151229858398,200
cka_feddst,mnist,0.9,13,results/logs/cka_strength_sweep/mnist_all_20260516_024344/strength_0p5/seed_13/splits/mnist_split_seed13_clients5_alpha0p3_ref200.json,0.5,4,conv2,2,3,0.9998726844787598,0.9999151229858398,200
cka_feddst,mnist,0.9,13,results/logs/cka_strength_sweep/mnist_all_20260516_024344/strength_0p5/seed_13/splits/mnist_split_seed13_clients5_alpha0p3_ref200.json,0.5,4,conv2,2,4,0.9999574422836304,0.9999151229858398,200
cka_feddst,mnist,0.9,13,results/logs/cka_strength_sweep/mnist_all_20260516_024344/strength_0p5/seed_13/splits/mnist_split_seed13_clients5_alpha0p3_ref200.json,0.5,4,conv2,3,0,0.9998828172683716,0.9999151229858398,200
cka_feddst,mnist,0.9,13,results/logs/cka_strength_sweep/mnist_all_20260516_024344/strength_0p5/seed_13/splits/mnist_split_seed13_clients5_alpha0p3_ref200.json,0.5,4,conv2,3,1,0.9999718070030212,0.9999151229858398,200
cka_feddst,mnist,0.9,13,results/logs/cka_strength_sweep/mnist_all_20260516_024344/strength_0p5/seed_13/splits/mnist_split_seed13_clients5_alpha0p3_ref200.json,0.5,4,conv2,3,2,0.9998726844787598,0.9999151229858398,200
cka_feddst,mnist,0.9,13,results/logs/cka_strength_sweep/mnist_all_20260516_024344/strength_0p5/seed_13/splits/mnist_split_seed13_clients5_alpha0p3_ref200.json,0.5,4,conv2,3,3,1.0,0.9999151229858398,200
cka_feddst,mnist,0.9,13,results/logs/cka_strength_sweep/mnist_all_20260516_024344/strength_0p5/seed_13/splits/mnist_split_seed13_clients5_alpha0p3_ref200.json,0.5,4,conv2,3,4,0.9999539852142334,0.9999151229858398,200
cka_feddst,mnist,0.9,13,results/logs/cka_strength_sweep/mnist_all_20260516_024344/strength_0p5/seed_13/splits/mnist_split_seed13_clients5_alpha0p3_ref200.json,0.5,4,conv2,4,0,0.9999790191650391,0.9999151229858398,200
cka_feddst,mnist,0.9,13,results/logs/cka_strength_sweep/mnist_all_20260516_024344/strength_0p5/seed_13/splits/mnist_split_seed13_clients5_alpha0p3_ref200.json,0.5,4,conv2,4,1,0.9999186992645264,0.9999151229858398,200
cka_feddst,mnist,0.9,13,results/logs/cka_strength_sweep/mnist_all_20260516_024344/strength_0p5/seed_13/splits/mnist_split_seed13_clients5_alpha0p3_ref200.json,0.5,4,conv2,4,2,0.9999574422836304,0.9999151229858398,200
cka_feddst,mnist,0.9,13,results/logs/cka_strength_sweep/mnist_all_20260516_024344/strength_0p5/seed_13/splits/mnist_split_seed13_clients5_alpha0p3_ref200.json,0.5,4,conv2,4,3,0.9999539852142334,0.9999151229858398,200
cka_feddst,mnist,0.9,13,results/logs/cka_strength_sweep/mnist_all_20260516_024344/strength_0p5/seed_13/splits/mnist_split_seed13_clients5_alpha0p3_ref200.json,0.5,4,conv2,4,4,1.0,0.9999151229858398,200
cka_feddst,mnist,0.9,13,results/logs/cka_strength_sweep/mnist_all_20260516_024344/strength_0p5/seed_13/splits/mnist_split_seed13_clients5_alpha0p3_ref200.json,0.5,4,fc1,0,0,1.0,0.987493634223938,200
cka_feddst,mnist,0.9,13,results/logs/cka_strength_sweep/mnist_all_20260516_024344/strength_0p5/seed_13/splits/mnist_split_seed13_clients5_alpha0p3_ref200.json,0.5,4,fc1,0,1,0.989035427570343,0.987493634223938,200
cka_feddst,mnist,0.9,13,results/logs/cka_strength_sweep/mnist_all_20260516_024344/strength_0p5/seed_13/splits/mnist_split_seed13_clients5_alpha0p3_ref200.json,0.5,4,fc1,0,2,0.9799808859825134,0.987493634223938,200
cka_feddst,mnist,0.9,13,results/logs/cka_strength_sweep/mnist_all_20260516_024344/strength_0p5/seed_13/splits/mnist_split_seed13_clients5_alpha0p3_ref200.json,0.5,4,fc1,0,3,0.9777660369873047,0.987493634223938,200
cka_feddst,mnist,0.9,13,results/logs/cka_strength_sweep/mnist_all_20260516_024344/strength_0p5/seed_13/splits/mnist_split_seed13_clients5_alpha0p3_ref200.json,0.5,4,fc1,0,4,0.9790399670600891,0.987493634223938,200
cka_feddst,mnist,0.9,13,results/logs/cka_strength_sweep/mnist_all_20260516_024344/strength_0p5/seed_13/splits/mnist_split_seed13_clients5_alpha0p3_ref200.json,0.5,4,fc1,1,0,0.989035427570343,0.987493634223938,200
cka_feddst,mnist,0.9,13,results/logs/cka_strength_sweep/mnist_all_20260516_024344/strength_0p5/seed_13/splits/mnist_split_seed13_clients5_alpha0p3_ref200.json,0.5,4,fc1,1,1,1.0,0.987493634223938,200
cka_feddst,mnist,0.9,13,results/logs/cka_strength_sweep/mnist_all_20260516_024344/strength_0p5/seed_13/splits/mnist_split_seed13_clients5_alpha0p3_ref200.json,0.5,4,fc1,1,2,0.9862332940101624,0.987493634223938,200
cka_feddst,mnist,0.9,13,results/logs/cka_strength_sweep/mnist_all_20260516_024344/strength_0p5/seed_13/splits/mnist_split_seed13_clients5_alpha0p3_ref200.json,0.5,4,fc1,1,3,0.9900842308998108,0.987493634223938,200
cka_feddst,mnist,0.9,13,results/logs/cka_strength_sweep/mnist_all_20260516_024344/strength_0p5/seed_13/splits/mnist_split_seed13_clients5_alpha0p3_ref200.json,0.5,4,fc1,1,4,0.9880024194717407,0.987493634223938,200
cka_feddst,mnist,0.9,13,results/logs/cka_strength_sweep/mnist_all_20260516_024344/strength_0p5/seed_13/splits/mnist_split_seed13_clients5_alpha0p3_ref200.json,0.5,4,fc1,2,0,0.9799808859825134,0.987493634223938,200
cka_feddst,mnist,0.9,13,results/logs/cka_strength_sweep/mnist_all_20260516_024344/strength_0p5/seed_13/splits/mnist_split_seed13_clients5_alpha0p3_ref200.json,0.5,4,fc1,2,1,0.9862332940101624,0.987493634223938,200
cka_feddst,mnist,0.9,13,results/logs/cka_strength_sweep/mnist_all_20260516_024344/strength_0p5/seed_13/splits/mnist_split_seed13_clients5_alpha0p3_ref200.json,0.5,4,fc1,2,2,1.0,0.987493634223938,200
cka_feddst,mnist,0.9,13,results/logs/cka_strength_sweep/mnist_all_20260516_024344/strength_0p5/seed_13/splits/mnist_split_seed13_clients5_alpha0p3_ref200.json,0.5,4,fc1,2,3,0.9926659464836121,0.987493634223938,200
cka_feddst,mnist,0.9,13,results/logs/cka_strength_sweep/mnist_all_20260516_024344/strength_0p5/seed_13/splits/mnist_split_seed13_clients5_alpha0p3_ref200.json,0.5,4,fc1,2,4,0.9979462027549744,0.987493634223938,200
cka_feddst,mnist,0.9,13,results/logs/cka_strength_sweep/mnist_all_20260516_024344/strength_0p5/seed_13/splits/mnist_split_seed13_clients5_alpha0p3_ref200.json,0.5,4,fc1,3,0,0.9777660369873047,0.987493634223938,200
cka_feddst,mnist,0.9,13,results/logs/cka_strength_sweep/mnist_all_20260516_024344/strength_0p5/seed_13/splits/mnist_split_seed13_clients5_alpha0p3_ref200.json,0.5,4,fc1,3,1,0.9900842308998108,0.987493634223938,200
cka_feddst,mnist,0.9,13,results/logs/cka_strength_sweep/mnist_all_20260516_024344/strength_0p5/seed_13/splits/mnist_split_seed13_clients5_alpha0p3_ref200.json,0.5,4,fc1,3,2,0.9926659464836121,0.987493634223938,200
cka_feddst,mnist,0.9,13,results/logs/cka_strength_sweep/mnist_all_20260516_024344/strength_0p5/seed_13/splits/mnist_split_seed13_clients5_alpha0p3_ref200.json,0.5,4,fc1,3,3,1.0,0.987493634223938,200
cka_feddst,mnist,0.9,13,results/logs/cka_strength_sweep/mnist_all_20260516_024344/strength_0p5/seed_13/splits/mnist_split_seed13_clients5_alpha0p3_ref200.json,0.5,4,fc1,3,4,0.9941808581352234,0.987493634223938,200
cka_feddst,mnist,0.9,13,results/logs/cka_strength_sweep/mnist_all_20260516_024344/strength_0p5/seed_13/splits/mnist_split_seed13_clients5_alpha0p3_ref200.json,0.5,4,fc1,4,0,0.9790399670600891,0.987493634223938,200
cka_feddst,mnist,0.9,13,results/logs/cka_strength_sweep/mnist_all_20260516_024344/strength_0p5/seed_13/splits/mnist_split_seed13_clients5_alpha0p3_ref200.json,0.5,4,fc1,4,1,0.9880024194717407,0.987493634223938,200
cka_feddst,mnist,0.9,13,results/logs/cka_strength_sweep/mnist_all_20260516_024344/strength_0p5/seed_13/splits/mnist_split_seed13_clients5_alpha0p3_ref200.json,0.5,4,fc1,4,2,0.9979462027549744,0.987493634223938,200
cka_feddst,mnist,0.9,13,results/logs/cka_strength_sweep/mnist_all_20260516_024344/strength_0p5/seed_13/splits/mnist_split_seed13_clients5_alpha0p3_ref200.json,0.5,4,fc1,4,3,0.9941808581352234,0.987493634223938,200
cka_feddst,mnist,0.9,13,results/logs/cka_strength_sweep/mnist_all_20260516_024344/strength_0p5/seed_13/splits/mnist_split_seed13_clients5_alpha0p3_ref200.json,0.5,4,fc1,4,4,1.0,0.987493634223938,200
cka_feddst,mnist,0.9,13,results/logs/cka_strength_sweep/mnist_all_20260516_024344/strength_0p5/seed_13/splits/mnist_split_seed13_clients5_alpha0p3_ref200.json,0.5,6,conv1,0,0,1.0,0.9999974370002747,200
cka_feddst,mnist,0.9,13,results/logs/cka_strength_sweep/mnist_all_20260516_024344/strength_0p5/seed_13/splits/mnist_split_seed13_clients5_alpha0p3_ref200.json,0.5,6,conv1,0,1,0.9999979138374329,0.9999974370002747,200
cka_feddst,mnist,0.9,13,results/logs/cka_strength_sweep/mnist_all_20260516_024344/strength_0p5/seed_13/splits/mnist_split_seed13_clients5_alpha0p3_ref200.json,0.5,6,conv1,0,2,0.9999982118606567,0.9999974370002747,200
cka_feddst,mnist,0.9,13,results/logs/cka_strength_sweep/mnist_all_20260516_024344/strength_0p5/seed_13/splits/mnist_split_seed13_clients5_alpha0p3_ref200.json,0.5,6,conv1,0,3,0.9999939203262329,0.9999974370002747,200
cka_feddst,mnist,0.9,13,results/logs/cka_strength_sweep/mnist_all_20260516_024344/strength_0p5/seed_13/splits/mnist_split_seed13_clients5_alpha0p3_ref200.json,0.5,6,conv1,0,4,0.999999463558197,0.9999974370002747,200
cka_feddst,mnist,0.9,13,results/logs/cka_strength_sweep/mnist_all_20260516_024344/strength_0p5/seed_13/splits/mnist_split_seed13_clients5_alpha0p3_ref200.json,0.5,6,conv1,1,0,0.9999979138374329,0.9999974370002747,200
cka_feddst,mnist,0.9,13,results/logs/cka_strength_sweep/mnist_all_20260516_024344/strength_0p5/seed_13/splits/mnist_split_seed13_clients5_alpha0p3_ref200.json,0.5,6,conv1,1,1,1.0,0.9999974370002747,200
cka_feddst,mnist,0.9,13,results/logs/cka_strength_sweep/mnist_all_20260516_024344/strength_0p5/seed_13/splits/mnist_split_seed13_clients5_alpha0p3_ref200.json,0.5,6,conv1,1,2,0.9999995231628418,0.9999974370002747,200
cka_feddst,mnist,0.9,13,results/logs/cka_strength_sweep/mnist_all_20260516_024344/strength_0p5/seed_13/splits/mnist_split_seed13_clients5_alpha0p3_ref200.json,0.5,6,conv1,1,3,0.9999992251396179,0.9999974370002747,200
cka_feddst,mnist,0.9,13,results/logs/cka_strength_sweep/mnist_all_20260516_024344/strength_0p5/seed_13/splits/mnist_split_seed13_clients5_alpha0p3_ref200.json,0.5,6,conv1,1,4,0.9999976754188538,0.9999974370002747,200
cka_feddst,mnist,0.9,13,results/logs/cka_strength_sweep/mnist_all_20260516_024344/strength_0p5/seed_13/splits/mnist_split_seed13_clients5_alpha0p3_ref200.json,0.5,6,conv1,2,0,0.9999982118606567,0.9999974370002747,200
cka_feddst,mnist,0.9,13,results/logs/cka_strength_sweep/mnist_all_20260516_024344/strength_0p5/seed_13/splits/mnist_split_seed13_clients5_alpha0p3_ref200.json,0.5,6,conv1,2,1,0.9999995231628418,0.9999974370002747,200
cka_feddst,mnist,0.9,13,results/logs/cka_strength_sweep/mnist_all_20260516_024344/strength_0p5/seed_13/splits/mnist_split_seed13_clients5_alpha0p3_ref200.json,0.5,6,conv1,2,2,1.0,0.9999974370002747,200
cka_feddst,mnist,0.9,13,results/logs/cka_strength_sweep/mnist_all_20260516_024344/strength_0p5/seed_13/splits/mnist_split_seed13_clients5_alpha0p3_ref200.json,0.5,6,conv1,2,3,0.9999982118606567,0.9999974370002747,200
cka_feddst,mnist,0.9,13,results/logs/cka_strength_sweep/mnist_all_20260516_024344/strength_0p5/seed_13/splits/mnist_split_seed13_clients5_alpha0p3_ref200.json,0.5,6,conv1,2,4,0.9999966025352478,0.9999974370002747,200
cka_feddst,mnist,0.9,13,results/logs/cka_strength_sweep/mnist_all_20260516_024344/strength_0p5/seed_13/splits/mnist_split_seed13_clients5_alpha0p3_ref200.json,0.5,6,conv1,3,0,0.9999939203262329,0.9999974370002747,200
cka_feddst,mnist,0.9,13,results/logs/cka_strength_sweep/mnist_all_20260516_024344/strength_0p5/seed_13/splits/mnist_split_seed13_clients5_alpha0p3_ref200.json,0.5,6,conv1,3,1,0.9999992251396179,0.9999974370002747,200
cka_feddst,mnist,0.9,13,results/logs/cka_strength_sweep/mnist_all_20260516_024344/strength_0p5/seed_13/splits/mnist_split_seed13_clients5_alpha0p3_ref200.json,0.5,6,conv1,3,2,0.9999982118606567,0.9999974370002747,200
cka_feddst,mnist,0.9,13,results/logs/cka_strength_sweep/mnist_all_20260516_024344/strength_0p5/seed_13/splits/mnist_split_seed13_clients5_alpha0p3_ref200.json,0.5,6,conv1,3,3,1.0,0.9999974370002747,200
cka_feddst,mnist,0.9,13,results/logs/cka_strength_sweep/mnist_all_20260516_024344/strength_0p5/seed_13/splits/mnist_split_seed13_clients5_alpha0p3_ref200.json,0.5,6,conv1,3,4,0.999993622303009,0.9999974370002747,200
cka_feddst,mnist,0.9,13,results/logs/cka_strength_sweep/mnist_all_20260516_024344/strength_0p5/seed_13/splits/mnist_split_seed13_clients5_alpha0p3_ref200.json,0.5,6,conv1,4,0,0.999999463558197,0.9999974370002747,200
cka_feddst,mnist,0.9,13,results/logs/cka_strength_sweep/mnist_all_20260516_024344/strength_0p5/seed_13/splits/mnist_split_seed13_clients5_alpha0p3_ref200.json,0.5,6,conv1,4,1,0.9999976754188538,0.9999974370002747,200
cka_feddst,mnist,0.9,13,results/logs/cka_strength_sweep/mnist_all_20260516_024344/strength_0p5/seed_13/splits/mnist_split_seed13_clients5_alpha0p3_ref200.json,0.5,6,conv1,4,2,0.9999966025352478,0.9999974370002747,200
cka_feddst,mnist,0.9,13,results/logs/cka_strength_sweep/mnist_all_20260516_024344/strength_0p5/seed_13/splits/mnist_split_seed13_clients5_alpha0p3_ref200.json,0.5,6,conv1,4,3,0.999993622303009,0.9999974370002747,200
cka_feddst,mnist,0.9,13,results/logs/cka_strength_sweep/mnist_all_20260516_024344/strength_0p5/seed_13/splits/mnist_split_seed13_clients5_alpha0p3_ref200.json,0.5,6,conv1,4,4,1.0,0.9999974370002747,200
cka_feddst,mnist,0.9,13,results/logs/cka_strength_sweep/mnist_all_20260516_024344/strength_0p5/seed_13/splits/mnist_split_seed13_clients5_alpha0p3_ref200.json,0.5,6,conv2,0,0,1.0,0.9999269247055054,200
cka_feddst,mnist,0.9,13,results/logs/cka_strength_sweep/mnist_all_20260516_024344/strength_0p5/seed_13/splits/mnist_split_seed13_clients5_alpha0p3_ref200.json,0.5,6,conv2,0,1,0.9999268054962158,0.9999269247055054,200
cka_feddst,mnist,0.9,13,results/logs/cka_strength_sweep/mnist_all_20260516_024344/strength_0p5/seed_13/splits/mnist_split_seed13_clients5_alpha0p3_ref200.json,0.5,6,conv2,0,2,0.9999648332595825,0.9999269247055054,200
cka_feddst,mnist,0.9,13,results/logs/cka_strength_sweep/mnist_all_20260516_024344/strength_0p5/seed_13/splits/mnist_split_seed13_clients5_alpha0p3_ref200.json,0.5,6,conv2,0,3,0.9999263286590576,0.9999269247055054,200
cka_feddst,mnist,0.9,13,results/logs/cka_strength_sweep/mnist_all_20260516_024344/strength_0p5/seed_13/splits/mnist_split_seed13_clients5_alpha0p3_ref200.json,0.5,6,conv2,0,4,0.9999726414680481,0.9999269247055054,200
cka_feddst,mnist,0.9,13,results/logs/cka_strength_sweep/mnist_all_20260516_024344/strength_0p5/seed_13/splits/mnist_split_seed13_clients5_alpha0p3_ref200.json,0.5,6,conv2,1,0,0.9999268054962158,0.9999269247055054,200
cka_feddst,mnist,0.9,13,results/logs/cka_strength_sweep/mnist_all_20260516_024344/strength_0p5/seed_13/splits/mnist_split_seed13_clients5_alpha0p3_ref200.json,0.5,6,conv2,1,1,1.0,0.9999269247055054,200
cka_feddst,mnist,0.9,13,results/logs/cka_strength_sweep/mnist_all_20260516_024344/strength_0p5/seed_13/splits/mnist_split_seed13_clients5_alpha0p3_ref200.json,0.5,6,conv2,1,2,0.9998440146446228,0.9999269247055054,200
cka_feddst,mnist,0.9,13,results/logs/cka_strength_sweep/mnist_all_20260516_024344/strength_0p5/seed_13/splits/mnist_split_seed13_clients5_alpha0p3_ref200.json,0.5,6,conv2,1,3,0.9999691843986511,0.9999269247055054,200
cka_feddst,mnist,0.9,13,results/logs/cka_strength_sweep/mnist_all_20260516_024344/strength_0p5/seed_13/splits/mnist_split_seed13_clients5_alpha0p3_ref200.json,0.5,6,conv2,1,4,0.9999864101409912,0.9999269247055054,200
cka_feddst,mnist,0.9,13,results/logs/cka_strength_sweep/mnist_all_20260516_024344/strength_0p5/seed_13/splits/mnist_split_seed13_clients5_alpha0p3_ref200.json,0.5,6,conv2,2,0,0.9999648332595825,0.9999269247055054,200
cka_feddst,mnist,0.9,13,results/logs/cka_strength_sweep/mnist_all_20260516_024344/strength_0p5/seed_13/splits/mnist_split_seed13_clients5_alpha0p3_ref200.json,0.5,6,conv2,2,1,0.9998440146446228,0.9999269247055054,200
cka_feddst,mnist,0.9,13,results/logs/cka_strength_sweep/mnist_all_20260516_024344/strength_0p5/seed_13/splits/mnist_split_seed13_clients5_alpha0p3_ref200.json,0.5,6,conv2,2,2,1.0,0.9999269247055054,200
cka_feddst,mnist,0.9,13,results/logs/cka_strength_sweep/mnist_all_20260516_024344/strength_0p5/seed_13/splits/mnist_split_seed13_clients5_alpha0p3_ref200.json,0.5,6,conv2,2,3,0.9998041391372681,0.9999269247055054,200
cka_feddst,mnist,0.9,13,results/logs/cka_strength_sweep/mnist_all_20260516_024344/strength_0p5/seed_13/splits/mnist_split_seed13_clients5_alpha0p3_ref200.json,0.5,6,conv2,2,4,0.9998985528945923,0.9999269247055054,200
cka_feddst,mnist,0.9,13,results/logs/cka_strength_sweep/mnist_all_20260516_024344/strength_0p5/seed_13/splits/mnist_split_seed13_clients5_alpha0p3_ref200.json,0.5,6,conv2,3,0,0.9999263286590576,0.9999269247055054,200
cka_feddst,mnist,0.9,13,results/logs/cka_strength_sweep/mnist_all_20260516_024344/strength_0p5/seed_13/splits/mnist_split_seed13_clients5_alpha0p3_ref200.json,0.5,6,conv2,3,1,0.9999691843986511,0.9999269247055054,200
cka_feddst,mnist,0.9,13,results/logs/cka_strength_sweep/mnist_all_20260516_024344/strength_0p5/seed_13/splits/mnist_split_seed13_clients5_alpha0p3_ref200.json,0.5,6,conv2,3,2,0.9998041391372681,0.9999269247055054,200
cka_feddst,mnist,0.9,13,results/logs/cka_strength_sweep/mnist_all_20260516_024344/strength_0p5/seed_13/splits/mnist_split_seed13_clients5_alpha0p3_ref200.json,0.5,6,conv2,3,3,1.0,0.9999269247055054,200
cka_feddst,mnist,0.9,13,results/logs/cka_strength_sweep/mnist_all_20260516_024344/strength_0p5/seed_13/splits/mnist_split_seed13_clients5_alpha0p3_ref200.json,0.5,6,conv2,3,4,0.9999768733978271,0.9999269247055054,200
cka_feddst,mnist,0.9,13,results/logs/cka_strength_sweep/mnist_all_20260516_024344/strength_0p5/seed_13/splits/mnist_split_seed13_clients5_alpha0p3_ref200.json,0.5,6,conv2,4,0,0.9999726414680481,0.9999269247055054,200
cka_feddst,mnist,0.9,13,results/logs/cka_strength_sweep/mnist_all_20260516_024344/strength_0p5/seed_13/splits/mnist_split_seed13_clients5_alpha0p3_ref200.json,0.5,6,conv2,4,1,0.9999864101409912,0.9999269247055054,200
cka_feddst,mnist,0.9,13,results/logs/cka_strength_sweep/mnist_all_20260516_024344/strength_0p5/seed_13/splits/mnist_split_seed13_clients5_alpha0p3_ref200.json,0.5,6,conv2,4,2,0.9998985528945923,0.9999269247055054,200
cka_feddst,mnist,0.9,13,results/logs/cka_strength_sweep/mnist_all_20260516_024344/strength_0p5/seed_13/splits/mnist_split_seed13_clients5_alpha0p3_ref200.json,0.5,6,conv2,4,3,0.9999768733978271,0.9999269247055054,200
cka_feddst,mnist,0.9,13,results/logs/cka_strength_sweep/mnist_all_20260516_024344/strength_0p5/seed_13/splits/mnist_split_seed13_clients5_alpha0p3_ref200.json,0.5,6,conv2,4,4,1.0,0.9999269247055054,200
cka_feddst,mnist,0.9,13,results/logs/cka_strength_sweep/mnist_all_20260516_024344/strength_0p5/seed_13/splits/mnist_split_seed13_clients5_alpha0p3_ref200.json,0.5,6,fc1,0,0,1.0,0.9844349026679993,200
cka_feddst,mnist,0.9,13,results/logs/cka_strength_sweep/mnist_all_20260516_024344/strength_0p5/seed_13/splits/mnist_split_seed13_clients5_alpha0p3_ref200.json,0.5,6,fc1,0,1,0.9800680875778198,0.9844349026679993,200
cka_feddst,mnist,0.9,13,results/logs/cka_strength_sweep/mnist_all_20260516_024344/strength_0p5/seed_13/splits/mnist_split_seed13_clients5_alpha0p3_ref200.json,0.5,6,fc1,0,2,0.9770171642303467,0.9844349026679993,200
cka_feddst,mnist,0.9,13,results/logs/cka_strength_sweep/mnist_all_20260516_024344/strength_0p5/seed_13/splits/mnist_split_seed13_clients5_alpha0p3_ref200.json,0.5,6,fc1,0,3,0.9767930507659912,0.9844349026679993,200
cka_feddst,mnist,0.9,13,results/logs/cka_strength_sweep/mnist_all_20260516_024344/strength_0p5/seed_13/splits/mnist_split_seed13_clients5_alpha0p3_ref200.json,0.5,6,fc1,0,4,0.9758532047271729,0.9844349026679993,200
cka_feddst,mnist,0.9,13,results/logs/cka_strength_sweep/mnist_all_20260516_024344/strength_0p5/seed_13/splits/mnist_split_seed13_clients5_alpha0p3_ref200.json,0.5,6,fc1,1,0,0.9800680875778198,0.9844349026679993,200
cka_feddst,mnist,0.9,13,results/logs/cka_strength_sweep/mnist_all_20260516_024344/strength_0p5/seed_13/splits/mnist_split_seed13_clients5_alpha0p3_ref200.json,0.5,6,fc1,1,1,1.0,0.9844349026679993,200
cka_feddst,mnist,0.9,13,results/logs/cka_strength_sweep/mnist_all_20260516_024344/strength_0p5/seed_13/splits/mnist_split_seed13_clients5_alpha0p3_ref200.json,0.5,6,fc1,1,2,0.9823980331420898,0.9844349026679993,200
cka_feddst,mnist,0.9,13,results/logs/cka_strength_sweep/mnist_all_20260516_024344/strength_0p5/seed_13/splits/mnist_split_seed13_clients5_alpha0p3_ref200.json,0.5,6,fc1,1,3,0.9940991997718811,0.9844349026679993,200
cka_feddst,mnist,0.9,13,results/logs/cka_strength_sweep/mnist_all_20260516_024344/strength_0p5/seed_13/splits/mnist_split_seed13_clients5_alpha0p3_ref200.json,0.5,6,fc1,1,4,0.9924811124801636,0.9844349026679993,200
cka_feddst,mnist,0.9,13,results/logs/cka_strength_sweep/mnist_all_20260516_024344/strength_0p5/seed_13/splits/mnist_split_seed13_clients5_alpha0p3_ref200.json,0.5,6,fc1,2,0,0.9770171642303467,0.9844349026679993,200
cka_feddst,mnist,0.9,13,results/logs/cka_strength_sweep/mnist_all_20260516_024344/strength_0p5/seed_13/splits/mnist_split_seed13_clients5_alpha0p3_ref200.json,0.5,6,fc1,2,1,0.9823980331420898,0.9844349026679993,200
cka_feddst,mnist,0.9,13,results/logs/cka_strength_sweep/mnist_all_20260516_024344/strength_0p5/seed_13/splits/mnist_split_seed13_clients5_alpha0p3_ref200.json,0.5,6,fc1,2,2,1.0,0.9844349026679993,200
cka_feddst,mnist,0.9,13,results/logs/cka_strength_sweep/mnist_all_20260516_024344/strength_0p5/seed_13/splits/mnist_split_seed13_clients5_alpha0p3_ref200.json,0.5,6,fc1,2,3,0.9823553562164307,0.9844349026679993,200
cka_feddst,mnist,0.9,13,results/logs/cka_strength_sweep/mnist_all_20260516_024344/strength_0p5/seed_13/splits/mnist_split_seed13_clients5_alpha0p3_ref200.json,0.5,6,fc1,2,4,0.993129551410675,0.9844349026679993,200
cka_feddst,mnist,0.9,13,results/logs/cka_strength_sweep/mnist_all_20260516_024344/strength_0p5/seed_13/splits/mnist_split_seed13_clients5_alpha0p3_ref200.json,0.5,6,fc1,3,0,0.9767930507659912,0.9844349026679993,200
cka_feddst,mnist,0.9,13,results/logs/cka_strength_sweep/mnist_all_20260516_024344/strength_0p5/seed_13/splits/mnist_split_seed13_clients5_alpha0p3_ref200.json,0.5,6,fc1,3,1,0.9940991997718811,0.9844349026679993,200
cka_feddst,mnist,0.9,13,results/logs/cka_strength_sweep/mnist_all_20260516_024344/strength_0p5/seed_13/splits/mnist_split_seed13_clients5_alpha0p3_ref200.json,0.5,6,fc1,3,2,0.9823553562164307,0.9844349026679993,200
cka_feddst,mnist,0.9,13,results/logs/cka_strength_sweep/mnist_all_20260516_024344/strength_0p5/seed_13/splits/mnist_split_seed13_clients5_alpha0p3_ref200.json,0.5,6,fc1,3,3,1.0,0.9844349026679993,200
cka_feddst,mnist,0.9,13,results/logs/cka_strength_sweep/mnist_all_20260516_024344/strength_0p5/seed_13/splits/mnist_split_seed13_clients5_alpha0p3_ref200.json,0.5,6,fc1,3,4,0.9901545643806458,0.9844349026679993,200
cka_feddst,mnist,0.9,13,results/logs/cka_strength_sweep/mnist_all_20260516_024344/strength_0p5/seed_13/splits/mnist_split_seed13_clients5_alpha0p3_ref200.json,0.5,6,fc1,4,0,0.9758532047271729,0.9844349026679993,200
cka_feddst,mnist,0.9,13,results/logs/cka_strength_sweep/mnist_all_20260516_024344/strength_0p5/seed_13/splits/mnist_split_seed13_clients5_alpha0p3_ref200.json,0.5,6,fc1,4,1,0.9924811124801636,0.9844349026679993,200
cka_feddst,mnist,0.9,13,results/logs/cka_strength_sweep/mnist_all_20260516_024344/strength_0p5/seed_13/splits/mnist_split_seed13_clients5_alpha0p3_ref200.json,0.5,6,fc1,4,2,0.993129551410675,0.9844349026679993,200
cka_feddst,mnist,0.9,13,results/logs/cka_strength_sweep/mnist_all_20260516_024344/strength_0p5/seed_13/splits/mnist_split_seed13_clients5_alpha0p3_ref200.json,0.5,6,fc1,4,3,0.9901545643806458,0.9844349026679993,200
cka_feddst,mnist,0.9,13,results/logs/cka_strength_sweep/mnist_all_20260516_024344/strength_0p5/seed_13/splits/mnist_split_seed13_clients5_alpha0p3_ref200.json,0.5,6,fc1,4,4,1.0,0.9844349026679993,200
cka_feddst,mnist,0.9,13,results/logs/cka_strength_sweep/mnist_all_20260516_024344/strength_0p5/seed_13/splits/mnist_split_seed13_clients5_alpha0p3_ref200.json,0.5,8,conv1,0,0,1.0,0.9999426603317261,200
cka_feddst,mnist,0.9,13,results/logs/cka_strength_sweep/mnist_all_20260516_024344/strength_0p5/seed_13/splits/mnist_split_seed13_clients5_alpha0p3_ref200.json,0.5,8,conv1,0,1,0.9999530911445618,0.9999426603317261,200
cka_feddst,mnist,0.9,13,results/logs/cka_strength_sweep/mnist_all_20260516_024344/strength_0p5/seed_13/splits/mnist_split_seed13_clients5_alpha0p3_ref200.json,0.5,8,conv1,0,2,0.9999945759773254,0.9999426603317261,200
cka_feddst,mnist,0.9,13,results/logs/cka_strength_sweep/mnist_all_20260516_024344/strength_0p5/seed_13/splits/mnist_split_seed13_clients5_alpha0p3_ref200.json,0.5,8,conv1,0,3,0.9999944567680359,0.9999426603317261,200
cka_feddst,mnist,0.9,13,results/logs/cka_strength_sweep/mnist_all_20260516_024344/strength_0p5/seed_13/splits/mnist_split_seed13_clients5_alpha0p3_ref200.json,0.5,8,conv1,0,4,0.999906063079834,0.9999426603317261,200
cka_feddst,mnist,0.9,13,results/logs/cka_strength_sweep/mnist_all_20260516_024344/strength_0p5/seed_13/splits/mnist_split_seed13_clients5_alpha0p3_ref200.json,0.5,8,conv1,1,0,0.9999530911445618,0.9999426603317261,200
cka_feddst,mnist,0.9,13,results/logs/cka_strength_sweep/mnist_all_20260516_024344/strength_0p5/seed_13/splits/mnist_split_seed13_clients5_alpha0p3_ref200.json,0.5,8,conv1,1,1,1.0,0.9999426603317261,200
cka_feddst,mnist,0.9,13,results/logs/cka_strength_sweep/mnist_all_20260516_024344/strength_0p5/seed_13/splits/mnist_split_seed13_clients5_alpha0p3_ref200.json,0.5,8,conv1,1,2,0.99991774559021,0.9999426603317261,200
cka_feddst,mnist,0.9,13,results/logs/cka_strength_sweep/mnist_all_20260516_024344/strength_0p5/seed_13/splits/mnist_split_seed13_clients5_alpha0p3_ref200.json,0.5,8,conv1,1,3,0.9999395608901978,0.9999426603317261,200
cka_feddst,mnist,0.9,13,results/logs/cka_strength_sweep/mnist_all_20260516_024344/strength_0p5/seed_13/splits/mnist_split_seed13_clients5_alpha0p3_ref200.json,0.5,8,conv1,1,4,0.9999893307685852,0.9999426603317261,200
cka_feddst,mnist,0.9,13,results/logs/cka_strength_sweep/mnist_all_20260516_024344/strength_0p5/seed_13/splits/mnist_split_seed13_clients5_alpha0p3_ref200.json,0.5,8,conv1,2,0,0.9999945759773254,0.9999426603317261,200
cka_feddst,mnist,0.9,13,results/logs/cka_strength_sweep/mnist_all_20260516_024344/strength_0p5/seed_13/splits/mnist_split_seed13_clients5_alpha0p3_ref200.json,0.5,8,conv1,2,1,0.99991774559021,0.9999426603317261,200
cka_feddst,mnist,0.9,13,results/logs/cka_strength_sweep/mnist_all_20260516_024344/strength_0p5/seed_13/splits/mnist_split_seed13_clients5_alpha0p3_ref200.json,0.5,8,conv1,2,2,1.0,0.9999426603317261,200
cka_feddst,mnist,0.9,13,results/logs/cka_strength_sweep/mnist_all_20260516_024344/strength_0p5/seed_13/splits/mnist_split_seed13_clients5_alpha0p3_ref200.json,0.5,8,conv1,2,3,0.9999929666519165,0.9999426603317261,200
cka_feddst,mnist,0.9,13,results/logs/cka_strength_sweep/mnist_all_20260516_024344/strength_0p5/seed_13/splits/mnist_split_seed13_clients5_alpha0p3_ref200.json,0.5,8,conv1,2,4,0.9998577237129211,0.9999426603317261,200
cka_feddst,mnist,0.9,13,results/logs/cka_strength_sweep/mnist_all_20260516_024344/strength_0p5/seed_13/splits/mnist_split_seed13_clients5_alpha0p3_ref200.json,0.5,8,conv1,3,0,0.9999944567680359,0.9999426603317261,200
cka_feddst,mnist,0.9,13,results/logs/cka_strength_sweep/mnist_all_20260516_024344/strength_0p5/seed_13/splits/mnist_split_seed13_clients5_alpha0p3_ref200.json,0.5,8,conv1,3,1,0.9999395608901978,0.9999426603317261,200
cka_feddst,mnist,0.9,13,results/logs/cka_strength_sweep/mnist_all_20260516_024344/strength_0p5/seed_13/splits/mnist_split_seed13_clients5_alpha0p3_ref200.json,0.5,8,conv1,3,2,0.9999929666519165,0.9999426603317261,200
cka_feddst,mnist,0.9,13,results/logs/cka_strength_sweep/mnist_all_20260516_024344/strength_0p5/seed_13/splits/mnist_split_seed13_clients5_alpha0p3_ref200.json,0.5,8,conv1,3,3,1.0,0.9999426603317261,200
cka_feddst,mnist,0.9,13,results/logs/cka_strength_sweep/mnist_all_20260516_024344/strength_0p5/seed_13/splits/mnist_split_seed13_clients5_alpha0p3_ref200.json,0.5,8,conv1,3,4,0.9998810887336731,0.9999426603317261,200
cka_feddst,mnist,0.9,13,results/logs/cka_strength_sweep/mnist_all_20260516_024344/strength_0p5/seed_13/splits/mnist_split_seed13_clients5_alpha0p3_ref200.json,0.5,8,conv1,4,0,0.999906063079834,0.9999426603317261,200
cka_feddst,mnist,0.9,13,results/logs/cka_strength_sweep/mnist_all_20260516_024344/strength_0p5/seed_13/splits/mnist_split_seed13_clients5_alpha0p3_ref200.json,0.5,8,conv1,4,1,0.9999893307685852,0.9999426603317261,200
cka_feddst,mnist,0.9,13,results/logs/cka_strength_sweep/mnist_all_20260516_024344/strength_0p5/seed_13/splits/mnist_split_seed13_clients5_alpha0p3_ref200.json,0.5,8,conv1,4,2,0.9998577237129211,0.9999426603317261,200
cka_feddst,mnist,0.9,13,results/logs/cka_strength_sweep/mnist_all_20260516_024344/strength_0p5/seed_13/splits/mnist_split_seed13_clients5_alpha0p3_ref200.json,0.5,8,conv1,4,3,0.9998810887336731,0.9999426603317261,200
cka_feddst,mnist,0.9,13,results/logs/cka_strength_sweep/mnist_all_20260516_024344/strength_0p5/seed_13/splits/mnist_split_seed13_clients5_alpha0p3_ref200.json,0.5,8,conv1,4,4,1.0,0.9999426603317261,200
cka_feddst,mnist,0.9,13,results/logs/cka_strength_sweep/mnist_all_20260516_024344/strength_0p5/seed_13/splits/mnist_split_seed13_clients5_alpha0p3_ref200.json,0.5,8,conv2,0,0,1.0,0.9999359250068665,200
cka_feddst,mnist,0.9,13,results/logs/cka_strength_sweep/mnist_all_20260516_024344/strength_0p5/seed_13/splits/mnist_split_seed13_clients5_alpha0p3_ref200.json,0.5,8,conv2,0,1,0.9999504089355469,0.9999359250068665,200
cka_feddst,mnist,0.9,13,results/logs/cka_strength_sweep/mnist_all_20260516_024344/strength_0p5/seed_13/splits/mnist_split_seed13_clients5_alpha0p3_ref200.json,0.5,8,conv2,0,2,0.9999892711639404,0.9999359250068665,200
cka_feddst,mnist,0.9,13,results/logs/cka_strength_sweep/mnist_all_20260516_024344/strength_0p5/seed_13/splits/mnist_split_seed13_clients5_alpha0p3_ref200.json,0.5,8,conv2,0,3,0.9998921751976013,0.9999359250068665,200
cka_feddst,mnist,0.9,13,results/logs/cka_strength_sweep/mnist_all_20260516_024344/strength_0p5/seed_13/splits/mnist_split_seed13_clients5_alpha0p3_ref200.json,0.5,8,conv2,0,4,0.9999653100967407,0.9999359250068665,200
cka_feddst,mnist,0.9,13,results/logs/cka_strength_sweep/mnist_all_20260516_024344/strength_0p5/seed_13/splits/mnist_split_seed13_clients5_alpha0p3_ref200.json,0.5,8,conv2,1,0,0.9999504089355469,0.9999359250068665,200
cka_feddst,mnist,0.9,13,results/logs/cka_strength_sweep/mnist_all_20260516_024344/strength_0p5/seed_13/splits/mnist_split_seed13_clients5_alpha0p3_ref200.json,0.5,8,conv2,1,1,1.0,0.9999359250068665,200
cka_feddst,mnist,0.9,13,results/logs/cka_strength_sweep/mnist_all_20260516_024344/strength_0p5/seed_13/splits/mnist_split_seed13_clients5_alpha0p3_ref200.json,0.5,8,conv2,1,2,0.9999265074729919,0.9999359250068665,200
cka_feddst,mnist,0.9,13,results/logs/cka_strength_sweep/mnist_all_20260516_024344/strength_0p5/seed_13/splits/mnist_split_seed13_clients5_alpha0p3_ref200.json,0.5,8,conv2,1,3,0.9999616146087646,0.9999359250068665,200
cka_feddst,mnist,0.9,13,results/logs/cka_strength_sweep/mnist_all_20260516_024344/strength_0p5/seed_13/splits/mnist_split_seed13_clients5_alpha0p3_ref200.json,0.5,8,conv2,1,4,0.9999748468399048,0.9999359250068665,200
cka_feddst,mnist,0.9,13,results/logs/cka_strength_sweep/mnist_all_20260516_024344/strength_0p5/seed_13/splits/mnist_split_seed13_clients5_alpha0p3_ref200.json,0.5,8,conv2,2,0,0.9999892711639404,0.9999359250068665,200
cka_feddst,mnist,0.9,13,results/logs/cka_strength_sweep/mnist_all_20260516_024344/strength_0p5/seed_13/splits/mnist_split_seed13_clients5_alpha0p3_ref200.json,0.5,8,conv2,2,1,0.9999265074729919,0.9999359250068665,200
cka_feddst,mnist,0.9,13,results/logs/cka_strength_sweep/mnist_all_20260516_024344/strength_0p5/seed_13/splits/mnist_split_seed13_clients5_alpha0p3_ref200.json,0.5,8,conv2,2,2,1.0,0.9999359250068665,200
cka_feddst,mnist,0.9,13,results/logs/cka_strength_sweep/mnist_all_20260516_024344/strength_0p5/seed_13/splits/mnist_split_seed13_clients5_alpha0p3_ref200.json,0.5,8,conv2,2,3,0.9998605847358704,0.9999359250068665,200
cka_feddst,mnist,0.9,13,results/logs/cka_strength_sweep/mnist_all_20260516_024344/strength_0p5/seed_13/splits/mnist_split_seed13_clients5_alpha0p3_ref200.json,0.5,8,conv2,2,4,0.9999278783798218,0.9999359250068665,200
cka_feddst,mnist,0.9,13,results/logs/cka_strength_sweep/mnist_all_20260516_024344/strength_0p5/seed_13/splits/mnist_split_seed13_clients5_alpha0p3_ref200.json,0.5,8,conv2,3,0,0.9998921751976013,0.9999359250068665,200
cka_feddst,mnist,0.9,13,results/logs/cka_strength_sweep/mnist_all_20260516_024344/strength_0p5/seed_13/splits/mnist_split_seed13_clients5_alpha0p3_ref200.json,0.5,8,conv2,3,1,0.9999616146087646,0.9999359250068665,200
cka_feddst,mnist,0.9,13,results/logs/cka_strength_sweep/mnist_all_20260516_024344/strength_0p5/seed_13/splits/mnist_split_seed13_clients5_alpha0p3_ref200.json,0.5,8,conv2,3,2,0.9998605847358704,0.9999359250068665,200
cka_feddst,mnist,0.9,13,results/logs/cka_strength_sweep/mnist_all_20260516_024344/strength_0p5/seed_13/splits/mnist_split_seed13_clients5_alpha0p3_ref200.json,0.5,8,conv2,3,3,1.0,0.9999359250068665,200
cka_feddst,mnist,0.9,13,results/logs/cka_strength_sweep/mnist_all_20260516_024344/strength_0p5/seed_13/splits/mnist_split_seed13_clients5_alpha0p3_ref200.json,0.5,8,conv2,3,4,0.9999101758003235,0.9999359250068665,200
cka_feddst,mnist,0.9,13,results/logs/cka_strength_sweep/mnist_all_20260516_024344/strength_0p5/seed_13/splits/mnist_split_seed13_clients5_alpha0p3_ref200.json,0.5,8,conv2,4,0,0.9999653100967407,0.9999359250068665,200
cka_feddst,mnist,0.9,13,results/logs/cka_strength_sweep/mnist_all_20260516_024344/strength_0p5/seed_13/splits/mnist_split_seed13_clients5_alpha0p3_ref200.json,0.5,8,conv2,4,1,0.9999748468399048,0.9999359250068665,200
cka_feddst,mnist,0.9,13,results/logs/cka_strength_sweep/mnist_all_20260516_024344/strength_0p5/seed_13/splits/mnist_split_seed13_clients5_alpha0p3_ref200.json,0.5,8,conv2,4,2,0.9999278783798218,0.9999359250068665,200
cka_feddst,mnist,0.9,13,results/logs/cka_strength_sweep/mnist_all_20260516_024344/strength_0p5/seed_13/splits/mnist_split_seed13_clients5_alpha0p3_ref200.json,0.5,8,conv2,4,3,0.9999101758003235,0.9999359250068665,200
cka_feddst,mnist,0.9,13,results/logs/cka_strength_sweep/mnist_all_20260516_024344/strength_0p5/seed_13/splits/mnist_split_seed13_clients5_alpha0p3_ref200.json,0.5,8,conv2,4,4,1.0,0.9999359250068665,200
cka_feddst,mnist,0.9,13,results/logs/cka_strength_sweep/mnist_all_20260516_024344/strength_0p5/seed_13/splits/mnist_split_seed13_clients5_alpha0p3_ref200.json,0.5,8,fc1,0,0,1.0,0.9046295285224915,200
cka_feddst,mnist,0.9,13,results/logs/cka_strength_sweep/mnist_all_20260516_024344/strength_0p5/seed_13/splits/mnist_split_seed13_clients5_alpha0p3_ref200.json,0.5,8,fc1,0,1,0.9180735349655151,0.9046295285224915,200
cka_feddst,mnist,0.9,13,results/logs/cka_strength_sweep/mnist_all_20260516_024344/strength_0p5/seed_13/splits/mnist_split_seed13_clients5_alpha0p3_ref200.json,0.5,8,fc1,0,2,0.9188472628593445,0.9046295285224915,200
cka_feddst,mnist,0.9,13,results/logs/cka_strength_sweep/mnist_all_20260516_024344/strength_0p5/seed_13/splits/mnist_split_seed13_clients5_alpha0p3_ref200.json,0.5,8,fc1,0,3,0.8829619288444519,0.9046295285224915,200
cka_feddst,mnist,0.9,13,results/logs/cka_strength_sweep/mnist_all_20260516_024344/strength_0p5/seed_13/splits/mnist_split_seed13_clients5_alpha0p3_ref200.json,0.5,8,fc1,0,4,0.9121497273445129,0.9046295285224915,200
cka_feddst,mnist,0.9,13,results/logs/cka_strength_sweep/mnist_all_20260516_024344/strength_0p5/seed_13/splits/mnist_split_seed13_clients5_alpha0p3_ref200.json,0.5,8,fc1,1,0,0.9180735349655151,0.9046295285224915,200
cka_feddst,mnist,0.9,13,results/logs/cka_strength_sweep/mnist_all_20260516_024344/strength_0p5/seed_13/splits/mnist_split_seed13_clients5_alpha0p3_ref200.json,0.5,8,fc1,1,1,1.0,0.9046295285224915,200
cka_feddst,mnist,0.9,13,results/logs/cka_strength_sweep/mnist_all_20260516_024344/strength_0p5/seed_13/splits/mnist_split_seed13_clients5_alpha0p3_ref200.json,0.5,8,fc1,1,2,0.8840214014053345,0.9046295285224915,200
cka_feddst,mnist,0.9,13,results/logs/cka_strength_sweep/mnist_all_20260516_024344/strength_0p5/seed_13/splits/mnist_split_seed13_clients5_alpha0p3_ref200.json,0.5,8,fc1,1,3,0.9542035460472107,0.9046295285224915,200
cka_feddst,mnist,0.9,13,results/logs/cka_strength_sweep/mnist_all_20260516_024344/strength_0p5/seed_13/splits/mnist_split_seed13_clients5_alpha0p3_ref200.json,0.5,8,fc1,1,4,0.9163109064102173,0.9046295285224915,200
cka_feddst,mnist,0.9,13,results/logs/cka_strength_sweep/mnist_all_20260516_024344/strength_0p5/seed_13/splits/mnist_split_seed13_clients5_alpha0p3_ref200.json,0.5,8,fc1,2,0,0.9188472628593445,0.9046295285224915,200
cka_feddst,mnist,0.9,13,results/logs/cka_strength_sweep/mnist_all_20260516_024344/strength_0p5/seed_13/splits/mnist_split_seed13_clients5_alpha0p3_ref200.json,0.5,8,fc1,2,1,0.8840214014053345,0.9046295285224915,200
cka_feddst,mnist,0.9,13,results/logs/cka_strength_sweep/mnist_all_20260516_024344/strength_0p5/seed_13/splits/mnist_split_seed13_clients5_alpha0p3_ref200.json,0.5,8,fc1,2,2,1.0,0.9046295285224915,200
cka_feddst,mnist,0.9,13,results/logs/cka_strength_sweep/mnist_all_20260516_024344/strength_0p5/seed_13/splits/mnist_split_seed13_clients5_alpha0p3_ref200.json,0.5,8,fc1,2,3,0.8390586972236633,0.9046295285224915,200
cka_feddst,mnist,0.9,13,results/logs/cka_strength_sweep/mnist_all_20260516_024344/strength_0p5/seed_13/splits/mnist_split_seed13_clients5_alpha0p3_ref200.json,0.5,8,fc1,2,4,0.9499561786651611,0.9046295285224915,200
cka_feddst,mnist,0.9,13,results/logs/cka_strength_sweep/mnist_all_20260516_024344/strength_0p5/seed_13/splits/mnist_split_seed13_clients5_alpha0p3_ref200.json,0.5,8,fc1,3,0,0.8829619288444519,0.9046295285224915,200
cka_feddst,mnist,0.9,13,results/logs/cka_strength_sweep/mnist_all_20260516_024344/strength_0p5/seed_13/splits/mnist_split_seed13_clients5_alpha0p3_ref200.json,0.5,8,fc1,3,1,0.9542035460472107,0.9046295285224915,200
cka_feddst,mnist,0.9,13,results/logs/cka_strength_sweep/mnist_all_20260516_024344/strength_0p5/seed_13/splits/mnist_split_seed13_clients5_alpha0p3_ref200.json,0.5,8,fc1,3,2,0.8390586972236633,0.9046295285224915,200
cka_feddst,mnist,0.9,13,results/logs/cka_strength_sweep/mnist_all_20260516_024344/strength_0p5/seed_13/splits/mnist_split_seed13_clients5_alpha0p3_ref200.json,0.5,8,fc1,3,3,1.0,0.9046295285224915,200
cka_feddst,mnist,0.9,13,results/logs/cka_strength_sweep/mnist_all_20260516_024344/strength_0p5/seed_13/splits/mnist_split_seed13_clients5_alpha0p3_ref200.json,0.5,8,fc1,3,4,0.8707116842269897,0.9046295285224915,200
cka_feddst,mnist,0.9,13,results/logs/cka_strength_sweep/mnist_all_20260516_024344/strength_0p5/seed_13/splits/mnist_split_seed13_clients5_alpha0p3_ref200.json,0.5,8,fc1,4,0,0.9121497273445129,0.9046295285224915,200
cka_feddst,mnist,0.9,13,results/logs/cka_strength_sweep/mnist_all_20260516_024344/strength_0p5/seed_13/splits/mnist_split_seed13_clients5_alpha0p3_ref200.json,0.5,8,fc1,4,1,0.9163109064102173,0.9046295285224915,200
cka_feddst,mnist,0.9,13,results/logs/cka_strength_sweep/mnist_all_20260516_024344/strength_0p5/seed_13/splits/mnist_split_seed13_clients5_alpha0p3_ref200.json,0.5,8,fc1,4,2,0.9499561786651611,0.9046295285224915,200
cka_feddst,mnist,0.9,13,results/logs/cka_strength_sweep/mnist_all_20260516_024344/strength_0p5/seed_13/splits/mnist_split_seed13_clients5_alpha0p3_ref200.json,0.5,8,fc1,4,3,0.8707116842269897,0.9046295285224915,200
cka_feddst,mnist,0.9,13,results/logs/cka_strength_sweep/mnist_all_20260516_024344/strength_0p5/seed_13/splits/mnist_split_seed13_clients5_alpha0p3_ref200.json,0.5,8,fc1,4,4,1.0,0.9046295285224915,200
cka_feddst,mnist,0.9,13,results/logs/cka_strength_sweep/mnist_all_20260516_024344/strength_0p5/seed_13/splits/mnist_split_seed13_clients5_alpha0p3_ref200.json,0.5,10,conv1,0,0,1.0,0.999991238117218,200
cka_feddst,mnist,0.9,13,results/logs/cka_strength_sweep/mnist_all_20260516_024344/strength_0p5/seed_13/splits/mnist_split_seed13_clients5_alpha0p3_ref200.json,0.5,10,conv1,0,1,0.9999760389328003,0.999991238117218,200
cka_feddst,mnist,0.9,13,results/logs/cka_strength_sweep/mnist_all_20260516_024344/strength_0p5/seed_13/splits/mnist_split_seed13_clients5_alpha0p3_ref200.json,0.5,10,conv1,0,2,0.9999992847442627,0.999991238117218,200
cka_feddst,mnist,0.9,13,results/logs/cka_strength_sweep/mnist_all_20260516_024344/strength_0p5/seed_13/splits/mnist_split_seed13_clients5_alpha0p3_ref200.json,0.5,10,conv1,0,3,0.999995231628418,0.999991238117218,200
cka_feddst,mnist,0.9,13,results/logs/cka_strength_sweep/mnist_all_20260516_024344/strength_0p5/seed_13/splits/mnist_split_seed13_clients5_alpha0p3_ref200.json,0.5,10,conv1,0,4,0.9999929070472717,0.999991238117218,200
cka_feddst,mnist,0.9,13,results/logs/cka_strength_sweep/mnist_all_20260516_024344/strength_0p5/seed_13/splits/mnist_split_seed13_clients5_alpha0p3_ref200.json,0.5,10,conv1,1,0,0.9999760389328003,0.999991238117218,200
cka_feddst,mnist,0.9,13,results/logs/cka_strength_sweep/mnist_all_20260516_024344/strength_0p5/seed_13/splits/mnist_split_seed13_clients5_alpha0p3_ref200.json,0.5,10,conv1,1,1,1.0,0.999991238117218,200
cka_feddst,mnist,0.9,13,results/logs/cka_strength_sweep/mnist_all_20260516_024344/strength_0p5/seed_13/splits/mnist_split_seed13_clients5_alpha0p3_ref200.json,0.5,10,conv1,1,2,0.9999828338623047,0.999991238117218,200
cka_feddst,mnist,0.9,13,results/logs/cka_strength_sweep/mnist_all_20260516_024344/strength_0p5/seed_13/splits/mnist_split_seed13_clients5_alpha0p3_ref200.json,0.5,10,conv1,1,3,0.999991774559021,0.999991238117218,200
cka_feddst,mnist,0.9,13,results/logs/cka_strength_sweep/mnist_all_20260516_024344/strength_0p5/seed_13/splits/mnist_split_seed13_clients5_alpha0p3_ref200.json,0.5,10,conv1,1,4,0.9999831914901733,0.999991238117218,200
cka_feddst,mnist,0.9,13,results/logs/cka_strength_sweep/mnist_all_20260516_024344/strength_0p5/seed_13/splits/mnist_split_seed13_clients5_alpha0p3_ref200.json,0.5,10,conv1,2,0,0.9999992847442627,0.999991238117218,200
cka_feddst,mnist,0.9,13,results/logs/cka_strength_sweep/mnist_all_20260516_024344/strength_0p5/seed_13/splits/mnist_split_seed13_clients5_alpha0p3_ref200.json,0.5,10,conv1,2,1,0.9999828338623047,0.999991238117218,200
cka_feddst,mnist,0.9,13,results/logs/cka_strength_sweep/mnist_all_20260516_024344/strength_0p5/seed_13/splits/mnist_split_seed13_clients5_alpha0p3_ref200.json,0.5,10,conv1,2,2,1.0,0.999991238117218,200
cka_feddst,mnist,0.9,13,results/logs/cka_strength_sweep/mnist_all_20260516_024344/strength_0p5/seed_13/splits/mnist_split_seed13_clients5_alpha0p3_ref200.json,0.5,10,conv1,2,3,0.9999980926513672,0.999991238117218,200
cka_feddst,mnist,0.9,13,results/logs/cka_strength_sweep/mnist_all_20260516_024344/strength_0p5/seed_13/splits/mnist_split_seed13_clients5_alpha0p3_ref200.json,0.5,10,conv1,2,4,0.9999952912330627,0.999991238117218,200
cka_feddst,mnist,0.9,13,results/logs/cka_strength_sweep/mnist_all_20260516_024344/strength_0p5/seed_13/splits/mnist_split_seed13_clients5_alpha0p3_ref200.json,0.5,10,conv1,3,0,0.999995231628418,0.999991238117218,200
cka_feddst,mnist,0.9,13,results/logs/cka_strength_sweep/mnist_all_20260516_024344/strength_0p5/seed_13/splits/mnist_split_seed13_clients5_alpha0p3_ref200.json,0.5,10,conv1,3,1,0.999991774559021,0.999991238117218,200
cka_feddst,mnist,0.9,13,results/logs/cka_strength_sweep/mnist_all_20260516_024344/strength_0p5/seed_13/splits/mnist_split_seed13_clients5_alpha0p3_ref200.json,0.5,10,conv1,3,2,0.9999980926513672,0.999991238117218,200
cka_feddst,mnist,0.9,13,results/logs/cka_strength_sweep/mnist_all_20260516_024344/strength_0p5/seed_13/splits/mnist_split_seed13_clients5_alpha0p3_ref200.json,0.5,10,conv1,3,3,1.0,0.999991238117218,200
cka_feddst,mnist,0.9,13,results/logs/cka_strength_sweep/mnist_all_20260516_024344/strength_0p5/seed_13/splits/mnist_split_seed13_clients5_alpha0p3_ref200.json,0.5,10,conv1,3,4,0.9999974966049194,0.999991238117218,200
cka_feddst,mnist,0.9,13,results/logs/cka_strength_sweep/mnist_all_20260516_024344/strength_0p5/seed_13/splits/mnist_split_seed13_clients5_alpha0p3_ref200.json,0.5,10,conv1,4,0,0.9999929070472717,0.999991238117218,200
cka_feddst,mnist,0.9,13,results/logs/cka_strength_sweep/mnist_all_20260516_024344/strength_0p5/seed_13/splits/mnist_split_seed13_clients5_alpha0p3_ref200.json,0.5,10,conv1,4,1,0.9999831914901733,0.999991238117218,200
cka_feddst,mnist,0.9,13,results/logs/cka_strength_sweep/mnist_all_20260516_024344/strength_0p5/seed_13/splits/mnist_split_seed13_clients5_alpha0p3_ref200.json,0.5,10,conv1,4,2,0.9999952912330627,0.999991238117218,200
cka_feddst,mnist,0.9,13,results/logs/cka_strength_sweep/mnist_all_20260516_024344/strength_0p5/seed_13/splits/mnist_split_seed13_clients5_alpha0p3_ref200.json,0.5,10,conv1,4,3,0.9999974966049194,0.999991238117218,200
cka_feddst,mnist,0.9,13,results/logs/cka_strength_sweep/mnist_all_20260516_024344/strength_0p5/seed_13/splits/mnist_split_seed13_clients5_alpha0p3_ref200.json,0.5,10,conv1,4,4,1.0,0.999991238117218,200
cka_feddst,mnist,0.9,13,results/logs/cka_strength_sweep/mnist_all_20260516_024344/strength_0p5/seed_13/splits/mnist_split_seed13_clients5_alpha0p3_ref200.json,0.5,10,conv2,0,0,1.0,0.9999324679374695,200
cka_feddst,mnist,0.9,13,results/logs/cka_strength_sweep/mnist_all_20260516_024344/strength_0p5/seed_13/splits/mnist_split_seed13_clients5_alpha0p3_ref200.json,0.5,10,conv2,0,1,0.9998342394828796,0.9999324679374695,200
cka_feddst,mnist,0.9,13,results/logs/cka_strength_sweep/mnist_all_20260516_024344/strength_0p5/seed_13/splits/mnist_split_seed13_clients5_alpha0p3_ref200.json,0.5,10,conv2,0,2,0.999997615814209,0.9999324679374695,200
cka_feddst,mnist,0.9,13,results/logs/cka_strength_sweep/mnist_all_20260516_024344/strength_0p5/seed_13/splits/mnist_split_seed13_clients5_alpha0p3_ref200.json,0.5,10,conv2,0,3,0.9999892115592957,0.9999324679374695,200
cka_feddst,mnist,0.9,13,results/logs/cka_strength_sweep/mnist_all_20260516_024344/strength_0p5/seed_13/splits/mnist_split_seed13_clients5_alpha0p3_ref200.json,0.5,10,conv2,0,4,0.999987781047821,0.9999324679374695,200
cka_feddst,mnist,0.9,13,results/logs/cka_strength_sweep/mnist_all_20260516_024344/strength_0p5/seed_13/splits/mnist_split_seed13_clients5_alpha0p3_ref200.json,0.5,10,conv2,1,0,0.9998342394828796,0.9999324679374695,200
cka_feddst,mnist,0.9,13,results/logs/cka_strength_sweep/mnist_all_20260516_024344/strength_0p5/seed_13/splits/mnist_split_seed13_clients5_alpha0p3_ref200.json,0.5,10,conv2,1,1,1.0,0.9999324679374695,200
cka_feddst,mnist,0.9,13,results/logs/cka_strength_sweep/mnist_all_20260516_024344/strength_0p5/seed_13/splits/mnist_split_seed13_clients5_alpha0p3_ref200.json,0.5,10,conv2,1,2,0.999856173992157,0.9999324679374695,200
cka_feddst,mnist,0.9,13,results/logs/cka_strength_sweep/mnist_all_20260516_024344/strength_0p5/seed_13/splits/mnist_split_seed13_clients5_alpha0p3_ref200.json,0.5,10,conv2,1,3,0.9998950958251953,0.9999324679374695,200
cka_feddst,mnist,0.9,13,results/logs/cka_strength_sweep/mnist_all_20260516_024344/strength_0p5/seed_13/splits/mnist_split_seed13_clients5_alpha0p3_ref200.json,0.5,10,conv2,1,4,0.9997969269752502,0.9999324679374695,200
cka_feddst,mnist,0.9,13,results/logs/cka_strength_sweep/mnist_all_20260516_024344/strength_0p5/seed_13/splits/mnist_split_seed13_clients5_alpha0p3_ref200.json,0.5,10,conv2,2,0,0.999997615814209,0.9999324679374695,200
cka_feddst,mnist,0.9,13,results/logs/cka_strength_sweep/mnist_all_20260516_024344/strength_0p5/seed_13/splits/mnist_split_seed13_clients5_alpha0p3_ref200.json,0.5,10,conv2,2,1,0.999856173992157,0.9999324679374695,200
cka_feddst,mnist,0.9,13,results/logs/cka_strength_sweep/mnist_all_20260516_024344/strength_0p5/seed_13/splits/mnist_split_seed13_clients5_alpha0p3_ref200.json,0.5,10,conv2,2,2,1.0,0.9999324679374695,200
cka_feddst,mnist,0.9,13,results/logs/cka_strength_sweep/mnist_all_20260516_024344/strength_0p5/seed_13/splits/mnist_split_seed13_clients5_alpha0p3_ref200.json,0.5,10,conv2,2,3,0.9999957084655762,0.9999324679374695,200
cka_feddst,mnist,0.9,13,results/logs/cka_strength_sweep/mnist_all_20260516_024344/strength_0p5/seed_13/splits/mnist_split_seed13_clients5_alpha0p3_ref200.json,0.5,10,conv2,2,4,0.9999905228614807,0.9999324679374695,200
cka_feddst,mnist,0.9,13,results/logs/cka_strength_sweep/mnist_all_20260516_024344/strength_0p5/seed_13/splits/mnist_split_seed13_clients5_alpha0p3_ref200.json,0.5,10,conv2,3,0,0.9999892115592957,0.9999324679374695,200
cka_feddst,mnist,0.9,13,results/logs/cka_strength_sweep/mnist_all_20260516_024344/strength_0p5/seed_13/splits/mnist_split_seed13_clients5_alpha0p3_ref200.json,0.5,10,conv2,3,1,0.9998950958251953,0.9999324679374695,200
cka_feddst,mnist,0.9,13,results/logs/cka_strength_sweep/mnist_all_20260516_024344/strength_0p5/seed_13/splits/mnist_split_seed13_clients5_alpha0p3_ref200.json,0.5,10,conv2,3,2,0.9999957084655762,0.9999324679374695,200
cka_feddst,mnist,0.9,13,results/logs/cka_strength_sweep/mnist_all_20260516_024344/strength_0p5/seed_13/splits/mnist_split_seed13_clients5_alpha0p3_ref200.json,0.5,10,conv2,3,3,1.0,0.9999324679374695,200
cka_feddst,mnist,0.9,13,results/logs/cka_strength_sweep/mnist_all_20260516_024344/strength_0p5/seed_13/splits/mnist_split_seed13_clients5_alpha0p3_ref200.json,0.5,10,conv2,3,4,0.9999825358390808,0.9999324679374695,200
cka_feddst,mnist,0.9,13,results/logs/cka_strength_sweep/mnist_all_20260516_024344/strength_0p5/seed_13/splits/mnist_split_seed13_clients5_alpha0p3_ref200.json,0.5,10,conv2,4,0,0.999987781047821,0.9999324679374695,200
cka_feddst,mnist,0.9,13,results/logs/cka_strength_sweep/mnist_all_20260516_024344/strength_0p5/seed_13/splits/mnist_split_seed13_clients5_alpha0p3_ref200.json,0.5,10,conv2,4,1,0.9997969269752502,0.9999324679374695,200
cka_feddst,mnist,0.9,13,results/logs/cka_strength_sweep/mnist_all_20260516_024344/strength_0p5/seed_13/splits/mnist_split_seed13_clients5_alpha0p3_ref200.json,0.5,10,conv2,4,2,0.9999905228614807,0.9999324679374695,200
cka_feddst,mnist,0.9,13,results/logs/cka_strength_sweep/mnist_all_20260516_024344/strength_0p5/seed_13/splits/mnist_split_seed13_clients5_alpha0p3_ref200.json,0.5,10,conv2,4,3,0.9999825358390808,0.9999324679374695,200
cka_feddst,mnist,0.9,13,results/logs/cka_strength_sweep/mnist_all_20260516_024344/strength_0p5/seed_13/splits/mnist_split_seed13_clients5_alpha0p3_ref200.json,0.5,10,conv2,4,4,1.0,0.9999324679374695,200
cka_feddst,mnist,0.9,13,results/logs/cka_strength_sweep/mnist_all_20260516_024344/strength_0p5/seed_13/splits/mnist_split_seed13_clients5_alpha0p3_ref200.json,0.5,10,fc1,0,0,1.0,0.9736558794975281,200
cka_feddst,mnist,0.9,13,results/logs/cka_strength_sweep/mnist_all_20260516_024344/strength_0p5/seed_13/splits/mnist_split_seed13_clients5_alpha0p3_ref200.json,0.5,10,fc1,0,1,0.9564612507820129,0.9736558794975281,200
cka_feddst,mnist,0.9,13,results/logs/cka_strength_sweep/mnist_all_20260516_024344/strength_0p5/seed_13/splits/mnist_split_seed13_clients5_alpha0p3_ref200.json,0.5,10,fc1,0,2,0.9808489084243774,0.9736558794975281,200
cka_feddst,mnist,0.9,13,results/logs/cka_strength_sweep/mnist_all_20260516_024344/strength_0p5/seed_13/splits/mnist_split_seed13_clients5_alpha0p3_ref200.json,0.5,10,fc1,0,3,0.9759727716445923,0.9736558794975281,200
cka_feddst,mnist,0.9,13,results/logs/cka_strength_sweep/mnist_all_20260516_024344/strength_0p5/seed_13/splits/mnist_split_seed13_clients5_alpha0p3_ref200.json,0.5,10,fc1,0,4,0.9871323108673096,0.9736558794975281,200
cka_feddst,mnist,0.9,13,results/logs/cka_strength_sweep/mnist_all_20260516_024344/strength_0p5/seed_13/splits/mnist_split_seed13_clients5_alpha0p3_ref200.json,0.5,10,fc1,1,0,0.9564612507820129,0.9736558794975281,200
cka_feddst,mnist,0.9,13,results/logs/cka_strength_sweep/mnist_all_20260516_024344/strength_0p5/seed_13/splits/mnist_split_seed13_clients5_alpha0p3_ref200.json,0.5,10,fc1,1,1,1.0,0.9736558794975281,200
cka_feddst,mnist,0.9,13,results/logs/cka_strength_sweep/mnist_all_20260516_024344/strength_0p5/seed_13/splits/mnist_split_seed13_clients5_alpha0p3_ref200.json,0.5,10,fc1,1,2,0.9593051671981812,0.9736558794975281,200
cka_feddst,mnist,0.9,13,results/logs/cka_strength_sweep/mnist_all_20260516_024344/strength_0p5/seed_13/splits/mnist_split_seed13_clients5_alpha0p3_ref200.json,0.5,10,fc1,1,3,0.9646016955375671,0.9736558794975281,200
cka_feddst,mnist,0.9,13,results/logs/cka_strength_sweep/mnist_all_20260516_024344/strength_0p5/seed_13/splits/mnist_split_seed13_clients5_alpha0p3_ref200.json,0.5,10,fc1,1,4,0.9552086591720581,0.9736558794975281,200
cka_feddst,mnist,0.9,13,results/logs/cka_strength_sweep/mnist_all_20260516_024344/strength_0p5/seed_13/splits/mnist_split_seed13_clients5_alpha0p3_ref200.json,0.5,10,fc1,2,0,0.9808489084243774,0.9736558794975281,200
cka_feddst,mnist,0.9,13,results/logs/cka_strength_sweep/mnist_all_20260516_024344/strength_0p5/seed_13/splits/mnist_split_seed13_clients5_alpha0p3_ref200.json,0.5,10,fc1,2,1,0.9593051671981812,0.9736558794975281,200
cka_feddst,mnist,0.9,13,results/logs/cka_strength_sweep/mnist_all_20260516_024344/strength_0p5/seed_13/splits/mnist_split_seed13_clients5_alpha0p3_ref200.json,0.5,10,fc1,2,2,1.0,0.9736558794975281,200
cka_feddst,mnist,0.9,13,results/logs/cka_strength_sweep/mnist_all_20260516_024344/strength_0p5/seed_13/splits/mnist_split_seed13_clients5_alpha0p3_ref200.json,0.5,10,fc1,2,3,0.9804717302322388,0.9736558794975281,200
cka_feddst,mnist,0.9,13,results/logs/cka_strength_sweep/mnist_all_20260516_024344/strength_0p5/seed_13/splits/mnist_split_seed13_clients5_alpha0p3_ref200.json,0.5,10,fc1,2,4,0.9925785660743713,0.9736558794975281,200
cka_feddst,mnist,0.9,13,results/logs/cka_strength_sweep/mnist_all_20260516_024344/strength_0p5/seed_13/splits/mnist_split_seed13_clients5_alpha0p3_ref200.json,0.5,10,fc1,3,0,0.9759727716445923,0.9736558794975281,200
cka_feddst,mnist,0.9,13,results/logs/cka_strength_sweep/mnist_all_20260516_024344/strength_0p5/seed_13/splits/mnist_split_seed13_clients5_alpha0p3_ref200.json,0.5,10,fc1,3,1,0.9646016955375671,0.9736558794975281,200
cka_feddst,mnist,0.9,13,results/logs/cka_strength_sweep/mnist_all_20260516_024344/strength_0p5/seed_13/splits/mnist_split_seed13_clients5_alpha0p3_ref200.json,0.5,10,fc1,3,2,0.9804717302322388,0.9736558794975281,200
cka_feddst,mnist,0.9,13,results/logs/cka_strength_sweep/mnist_all_20260516_024344/strength_0p5/seed_13/splits/mnist_split_seed13_clients5_alpha0p3_ref200.json,0.5,10,fc1,3,3,1.0,0.9736558794975281,200
cka_feddst,mnist,0.9,13,results/logs/cka_strength_sweep/mnist_all_20260516_024344/strength_0p5/seed_13/splits/mnist_split_seed13_clients5_alpha0p3_ref200.json,0.5,10,fc1,3,4,0.9839789271354675,0.9736558794975281,200
cka_feddst,mnist,0.9,13,results/logs/cka_strength_sweep/mnist_all_20260516_024344/strength_0p5/seed_13/splits/mnist_split_seed13_clients5_alpha0p3_ref200.json,0.5,10,fc1,4,0,0.9871323108673096,0.9736558794975281,200
cka_feddst,mnist,0.9,13,results/logs/cka_strength_sweep/mnist_all_20260516_024344/strength_0p5/seed_13/splits/mnist_split_seed13_clients5_alpha0p3_ref200.json,0.5,10,fc1,4,1,0.9552086591720581,0.9736558794975281,200
cka_feddst,mnist,0.9,13,results/logs/cka_strength_sweep/mnist_all_20260516_024344/strength_0p5/seed_13/splits/mnist_split_seed13_clients5_alpha0p3_ref200.json,0.5,10,fc1,4,2,0.9925785660743713,0.9736558794975281,200
cka_feddst,mnist,0.9,13,results/logs/cka_strength_sweep/mnist_all_20260516_024344/strength_0p5/seed_13/splits/mnist_split_seed13_clients5_alpha0p3_ref200.json,0.5,10,fc1,4,3,0.9839789271354675,0.9736558794975281,200
cka_feddst,mnist,0.9,13,results/logs/cka_strength_sweep/mnist_all_20260516_024344/strength_0p5/seed_13/splits/mnist_split_seed13_clients5_alpha0p3_ref200.json,0.5,10,fc1,4,4,1.0,0.9736558794975281,200
cka_feddst,mnist,0.9,13,results/logs/cka_strength_sweep/mnist_all_20260516_024344/strength_0p5/seed_13/splits/mnist_split_seed13_clients5_alpha0p3_ref200.json,0.5,12,conv1,0,0,1.0,0.9999963045120239,200
cka_feddst,mnist,0.9,13,results/logs/cka_strength_sweep/mnist_all_20260516_024344/strength_0p5/seed_13/splits/mnist_split_seed13_clients5_alpha0p3_ref200.json,0.5,12,conv1,0,1,0.9999935626983643,0.9999963045120239,200
cka_feddst,mnist,0.9,13,results/logs/cka_strength_sweep/mnist_all_20260516_024344/strength_0p5/seed_13/splits/mnist_split_seed13_clients5_alpha0p3_ref200.json,0.5,12,conv1,0,2,1.0,0.9999963045120239,200
cka_feddst,mnist,0.9,13,results/logs/cka_strength_sweep/mnist_all_20260516_024344/strength_0p5/seed_13/splits/mnist_split_seed13_clients5_alpha0p3_ref200.json,0.5,12,conv1,0,3,0.999995231628418,0.9999963045120239,200
cka_feddst,mnist,0.9,13,results/logs/cka_strength_sweep/mnist_all_20260516_024344/strength_0p5/seed_13/splits/mnist_split_seed13_clients5_alpha0p3_ref200.json,0.5,12,conv1,0,4,0.9999948740005493,0.9999963045120239,200
cka_feddst,mnist,0.9,13,results/logs/cka_strength_sweep/mnist_all_20260516_024344/strength_0p5/seed_13/splits/mnist_split_seed13_clients5_alpha0p3_ref200.json,0.5,12,conv1,1,0,0.9999935626983643,0.9999963045120239,200
cka_feddst,mnist,0.9,13,results/logs/cka_strength_sweep/mnist_all_20260516_024344/strength_0p5/seed_13/splits/mnist_split_seed13_clients5_alpha0p3_ref200.json,0.5,12,conv1,1,1,1.0,0.9999963045120239,200
cka_feddst,mnist,0.9,13,results/logs/cka_strength_sweep/mnist_all_20260516_024344/strength_0p5/seed_13/splits/mnist_split_seed13_clients5_alpha0p3_ref200.json,0.5,12,conv1,1,2,0.9999955296516418,0.9999963045120239,200
cka_feddst,mnist,0.9,13,results/logs/cka_strength_sweep/mnist_all_20260516_024344/strength_0p5/seed_13/splits/mnist_split_seed13_clients5_alpha0p3_ref200.json,0.5,12,conv1,1,3,0.9999963641166687,0.9999963045120239,200
cka_feddst,mnist,0.9,13,results/logs/cka_strength_sweep/mnist_all_20260516_024344/strength_0p5/seed_13/splits/mnist_split_seed13_clients5_alpha0p3_ref200.json,0.5,12,conv1,1,4,0.9999937415122986,0.9999963045120239,200
cka_feddst,mnist,0.9,13,results/logs/cka_strength_sweep/mnist_all_20260516_024344/strength_0p5/seed_13/splits/mnist_split_seed13_clients5_alpha0p3_ref200.json,0.5,12,conv1,2,0,1.0,0.9999963045120239,200
cka_feddst,mnist,0.9,13,results/logs/cka_strength_sweep/mnist_all_20260516_024344/strength_0p5/seed_13/splits/mnist_split_seed13_clients5_alpha0p3_ref200.json,0.5,12,conv1,2,1,0.9999955296516418,0.9999963045120239,200
cka_feddst,mnist,0.9,13,results/logs/cka_strength_sweep/mnist_all_20260516_024344/strength_0p5/seed_13/splits/mnist_split_seed13_clients5_alpha0p3_ref200.json,0.5,12,conv1,2,2,1.0,0.9999963045120239,200
cka_feddst,mnist,0.9,13,results/logs/cka_strength_sweep/mnist_all_20260516_024344/strength_0p5/seed_13/splits/mnist_split_seed13_clients5_alpha0p3_ref200.json,0.5,12,conv1,2,3,0.9999971985816956,0.9999963045120239,200
cka_feddst,mnist,0.9,13,results/logs/cka_strength_sweep/mnist_all_20260516_024344/strength_0p5/seed_13/splits/mnist_split_seed13_clients5_alpha0p3_ref200.json,0.5,12,conv1,2,4,0.9999968409538269,0.9999963045120239,200
cka_feddst,mnist,0.9,13,results/logs/cka_strength_sweep/mnist_all_20260516_024344/strength_0p5/seed_13/splits/mnist_split_seed13_clients5_alpha0p3_ref200.json,0.5,12,conv1,3,0,0.999995231628418,0.9999963045120239,200
cka_feddst,mnist,0.9,13,results/logs/cka_strength_sweep/mnist_all_20260516_024344/strength_0p5/seed_13/splits/mnist_split_seed13_clients5_alpha0p3_ref200.json,0.5,12,conv1,3,1,0.9999963641166687,0.9999963045120239,200
cka_feddst,mnist,0.9,13,results/logs/cka_strength_sweep/mnist_all_20260516_024344/strength_0p5/seed_13/splits/mnist_split_seed13_clients5_alpha0p3_ref200.json,0.5,12,conv1,3,2,0.9999971985816956,0.9999963045120239,200
cka_feddst,mnist,0.9,13,results/logs/cka_strength_sweep/mnist_all_20260516_024344/strength_0p5/seed_13/splits/mnist_split_seed13_clients5_alpha0p3_ref200.json,0.5,12,conv1,3,3,1.0,0.9999963045120239,200
cka_feddst,mnist,0.9,13,results/logs/cka_strength_sweep/mnist_all_20260516_024344/strength_0p5/seed_13/splits/mnist_split_seed13_clients5_alpha0p3_ref200.json,0.5,12,conv1,3,4,0.9999995827674866,0.9999963045120239,200
cka_feddst,mnist,0.9,13,results/logs/cka_strength_sweep/mnist_all_20260516_024344/strength_0p5/seed_13/splits/mnist_split_seed13_clients5_alpha0p3_ref200.json,0.5,12,conv1,4,0,0.9999948740005493,0.9999963045120239,200
cka_feddst,mnist,0.9,13,results/logs/cka_strength_sweep/mnist_all_20260516_024344/strength_0p5/seed_13/splits/mnist_split_seed13_clients5_alpha0p3_ref200.json,0.5,12,conv1,4,1,0.9999937415122986,0.9999963045120239,200
cka_feddst,mnist,0.9,13,results/logs/cka_strength_sweep/mnist_all_20260516_024344/strength_0p5/seed_13/splits/mnist_split_seed13_clients5_alpha0p3_ref200.json,0.5,12,conv1,4,2,0.9999968409538269,0.9999963045120239,200
cka_feddst,mnist,0.9,13,results/logs/cka_strength_sweep/mnist_all_20260516_024344/strength_0p5/seed_13/splits/mnist_split_seed13_clients5_alpha0p3_ref200.json,0.5,12,conv1,4,3,0.9999995827674866,0.9999963045120239,200
cka_feddst,mnist,0.9,13,results/logs/cka_strength_sweep/mnist_all_20260516_024344/strength_0p5/seed_13/splits/mnist_split_seed13_clients5_alpha0p3_ref200.json,0.5,12,conv1,4,4,1.0,0.9999963045120239,200
cka_feddst,mnist,0.9,13,results/logs/cka_strength_sweep/mnist_all_20260516_024344/strength_0p5/seed_13/splits/mnist_split_seed13_clients5_alpha0p3_ref200.json,0.5,12,conv2,0,0,1.0,0.9999533891677856,200
cka_feddst,mnist,0.9,13,results/logs/cka_strength_sweep/mnist_all_20260516_024344/strength_0p5/seed_13/splits/mnist_split_seed13_clients5_alpha0p3_ref200.json,0.5,12,conv2,0,1,0.9998897314071655,0.9999533891677856,200
cka_feddst,mnist,0.9,13,results/logs/cka_strength_sweep/mnist_all_20260516_024344/strength_0p5/seed_13/splits/mnist_split_seed13_clients5_alpha0p3_ref200.json,0.5,12,conv2,0,2,0.9999980926513672,0.9999533891677856,200
cka_feddst,mnist,0.9,13,results/logs/cka_strength_sweep/mnist_all_20260516_024344/strength_0p5/seed_13/splits/mnist_split_seed13_clients5_alpha0p3_ref200.json,0.5,12,conv2,0,3,0.9999951124191284,0.9999533891677856,200
cka_feddst,mnist,0.9,13,results/logs/cka_strength_sweep/mnist_all_20260516_024344/strength_0p5/seed_13/splits/mnist_split_seed13_clients5_alpha0p3_ref200.json,0.5,12,conv2,0,4,0.999990701675415,0.9999533891677856,200
cka_feddst,mnist,0.9,13,results/logs/cka_strength_sweep/mnist_all_20260516_024344/strength_0p5/seed_13/splits/mnist_split_seed13_clients5_alpha0p3_ref200.json,0.5,12,conv2,1,0,0.9998897314071655,0.9999533891677856,200
cka_feddst,mnist,0.9,13,results/logs/cka_strength_sweep/mnist_all_20260516_024344/strength_0p5/seed_13/splits/mnist_split_seed13_clients5_alpha0p3_ref200.json,0.5,12,conv2,1,1,1.0,0.9999533891677856,200
cka_feddst,mnist,0.9,13,results/logs/cka_strength_sweep/mnist_all_20260516_024344/strength_0p5/seed_13/splits/mnist_split_seed13_clients5_alpha0p3_ref200.json,0.5,12,conv2,1,2,0.9999105334281921,0.9999533891677856,200
cka_feddst,mnist,0.9,13,results/logs/cka_strength_sweep/mnist_all_20260516_024344/strength_0p5/seed_13/splits/mnist_split_seed13_clients5_alpha0p3_ref200.json,0.5,12,conv2,1,3,0.9998999238014221,0.9999533891677856,200
cka_feddst,mnist,0.9,13,results/logs/cka_strength_sweep/mnist_all_20260516_024344/strength_0p5/seed_13/splits/mnist_split_seed13_clients5_alpha0p3_ref200.json,0.5,12,conv2,1,4,0.9998645186424255,0.9999533891677856,200
cka_feddst,mnist,0.9,13,results/logs/cka_strength_sweep/mnist_all_20260516_024344/strength_0p5/seed_13/splits/mnist_split_seed13_clients5_alpha0p3_ref200.json,0.5,12,conv2,2,0,0.9999980926513672,0.9999533891677856,200
cka_feddst,mnist,0.9,13,results/logs/cka_strength_sweep/mnist_all_20260516_024344/strength_0p5/seed_13/splits/mnist_split_seed13_clients5_alpha0p3_ref200.json,0.5,12,conv2,2,1,0.9999105334281921,0.9999533891677856,200
cka_feddst,mnist,0.9,13,results/logs/cka_strength_sweep/mnist_all_20260516_024344/strength_0p5/seed_13/splits/mnist_split_seed13_clients5_alpha0p3_ref200.json,0.5,12,conv2,2,2,1.0,0.9999533891677856,200
cka_feddst,mnist,0.9,13,results/logs/cka_strength_sweep/mnist_all_20260516_024344/strength_0p5/seed_13/splits/mnist_split_seed13_clients5_alpha0p3_ref200.json,0.5,12,conv2,2,3,0.9999973177909851,0.9999533891677856,200
cka_feddst,mnist,0.9,13,results/logs/cka_strength_sweep/mnist_all_20260516_024344/strength_0p5/seed_13/splits/mnist_split_seed13_clients5_alpha0p3_ref200.json,0.5,12,conv2,2,4,0.9999920129776001,0.9999533891677856,200
cka_feddst,mnist,0.9,13,results/logs/cka_strength_sweep/mnist_all_20260516_024344/strength_0p5/seed_13/splits/mnist_split_seed13_clients5_alpha0p3_ref200.json,0.5,12,conv2,3,0,0.9999951124191284,0.9999533891677856,200
cka_feddst,mnist,0.9,13,results/logs/cka_strength_sweep/mnist_all_20260516_024344/strength_0p5/seed_13/splits/mnist_split_seed13_clients5_alpha0p3_ref200.json,0.5,12,conv2,3,1,0.9998999238014221,0.9999533891677856,200
cka_feddst,mnist,0.9,13,results/logs/cka_strength_sweep/mnist_all_20260516_024344/strength_0p5/seed_13/splits/mnist_split_seed13_clients5_alpha0p3_ref200.json,0.5,12,conv2,3,2,0.9999973177909851,0.9999533891677856,200
cka_feddst,mnist,0.9,13,results/logs/cka_strength_sweep/mnist_all_20260516_024344/strength_0p5/seed_13/splits/mnist_split_seed13_clients5_alpha0p3_ref200.json,0.5,12,conv2,3,3,1.0,0.9999533891677856,200
cka_feddst,mnist,0.9,13,results/logs/cka_strength_sweep/mnist_all_20260516_024344/strength_0p5/seed_13/splits/mnist_split_seed13_clients5_alpha0p3_ref200.json,0.5,12,conv2,3,4,0.9999955296516418,0.9999533891677856,200
cka_feddst,mnist,0.9,13,results/logs/cka_strength_sweep/mnist_all_20260516_024344/strength_0p5/seed_13/splits/mnist_split_seed13_clients5_alpha0p3_ref200.json,0.5,12,conv2,4,0,0.999990701675415,0.9999533891677856,200
cka_feddst,mnist,0.9,13,results/logs/cka_strength_sweep/mnist_all_20260516_024344/strength_0p5/seed_13/splits/mnist_split_seed13_clients5_alpha0p3_ref200.json,0.5,12,conv2,4,1,0.9998645186424255,0.9999533891677856,200
cka_feddst,mnist,0.9,13,results/logs/cka_strength_sweep/mnist_all_20260516_024344/strength_0p5/seed_13/splits/mnist_split_seed13_clients5_alpha0p3_ref200.json,0.5,12,conv2,4,2,0.9999920129776001,0.9999533891677856,200
cka_feddst,mnist,0.9,13,results/logs/cka_strength_sweep/mnist_all_20260516_024344/strength_0p5/seed_13/splits/mnist_split_seed13_clients5_alpha0p3_ref200.json,0.5,12,conv2,4,3,0.9999955296516418,0.9999533891677856,200
cka_feddst,mnist,0.9,13,results/logs/cka_strength_sweep/mnist_all_20260516_024344/strength_0p5/seed_13/splits/mnist_split_seed13_clients5_alpha0p3_ref200.json,0.5,12,conv2,4,4,1.0,0.9999533891677856,200
cka_feddst,mnist,0.9,13,results/logs/cka_strength_sweep/mnist_all_20260516_024344/strength_0p5/seed_13/splits/mnist_split_seed13_clients5_alpha0p3_ref200.json,0.5,12,fc1,0,0,1.0,0.9760956764221191,200
cka_feddst,mnist,0.9,13,results/logs/cka_strength_sweep/mnist_all_20260516_024344/strength_0p5/seed_13/splits/mnist_split_seed13_clients5_alpha0p3_ref200.json,0.5,12,fc1,0,1,0.9680682420730591,0.9760956764221191,200
cka_feddst,mnist,0.9,13,results/logs/cka_strength_sweep/mnist_all_20260516_024344/strength_0p5/seed_13/splits/mnist_split_seed13_clients5_alpha0p3_ref200.json,0.5,12,fc1,0,2,0.9889687895774841,0.9760956764221191,200
cka_feddst,mnist,0.9,13,results/logs/cka_strength_sweep/mnist_all_20260516_024344/strength_0p5/seed_13/splits/mnist_split_seed13_clients5_alpha0p3_ref200.json,0.5,12,fc1,0,3,0.9671542644500732,0.9760956764221191,200
cka_feddst,mnist,0.9,13,results/logs/cka_strength_sweep/mnist_all_20260516_024344/strength_0p5/seed_13/splits/mnist_split_seed13_clients5_alpha0p3_ref200.json,0.5,12,fc1,0,4,0.9910585284233093,0.9760956764221191,200
cka_feddst,mnist,0.9,13,results/logs/cka_strength_sweep/mnist_all_20260516_024344/strength_0p5/seed_13/splits/mnist_split_seed13_clients5_alpha0p3_ref200.json,0.5,12,fc1,1,0,0.9680682420730591,0.9760956764221191,200
cka_feddst,mnist,0.9,13,results/logs/cka_strength_sweep/mnist_all_20260516_024344/strength_0p5/seed_13/splits/mnist_split_seed13_clients5_alpha0p3_ref200.json,0.5,12,fc1,1,1,1.0,0.9760956764221191,200
cka_feddst,mnist,0.9,13,results/logs/cka_strength_sweep/mnist_all_20260516_024344/strength_0p5/seed_13/splits/mnist_split_seed13_clients5_alpha0p3_ref200.json,0.5,12,fc1,1,2,0.9706327319145203,0.9760956764221191,200
cka_feddst,mnist,0.9,13,results/logs/cka_strength_sweep/mnist_all_20260516_024344/strength_0p5/seed_13/splits/mnist_split_seed13_clients5_alpha0p3_ref200.json,0.5,12,fc1,1,3,0.9658817052841187,0.9760956764221191,200
cka_feddst,mnist,0.9,13,results/logs/cka_strength_sweep/mnist_all_20260516_024344/strength_0p5/seed_13/splits/mnist_split_seed13_clients5_alpha0p3_ref200.json,0.5,12,fc1,1,4,0.9664336442947388,0.9760956764221191,200
cka_feddst,mnist,0.9,13,results/logs/cka_strength_sweep/mnist_all_20260516_024344/strength_0p5/seed_13/splits/mnist_split_seed13_clients5_alpha0p3_ref200.json,0.5,12,fc1,2,0,0.9889687895774841,0.9760956764221191,200
cka_feddst,mnist,0.9,13,results/logs/cka_strength_sweep/mnist_all_20260516_024344/strength_0p5/seed_13/splits/mnist_split_seed13_clients5_alpha0p3_ref200.json,0.5,12,fc1,2,1,0.9706327319145203,0.9760956764221191,200
cka_feddst,mnist,0.9,13,results/logs/cka_strength_sweep/mnist_all_20260516_024344/strength_0p5/seed_13/splits/mnist_split_seed13_clients5_alpha0p3_ref200.json,0.5,12,fc1,2,2,1.0,0.9760956764221191,200
cka_feddst,mnist,0.9,13,results/logs/cka_strength_sweep/mnist_all_20260516_024344/strength_0p5/seed_13/splits/mnist_split_seed13_clients5_alpha0p3_ref200.json,0.5,12,fc1,2,3,0.9745635390281677,0.9760956764221191,200
cka_feddst,mnist,0.9,13,results/logs/cka_strength_sweep/mnist_all_20260516_024344/strength_0p5/seed_13/splits/mnist_split_seed13_clients5_alpha0p3_ref200.json,0.5,12,fc1,2,4,0.9940811395645142,0.9760956764221191,200
cka_feddst,mnist,0.9,13,results/logs/cka_strength_sweep/mnist_all_20260516_024344/strength_0p5/seed_13/splits/mnist_split_seed13_clients5_alpha0p3_ref200.json,0.5,12,fc1,3,0,0.9671542644500732,0.9760956764221191,200
cka_feddst,mnist,0.9,13,results/logs/cka_strength_sweep/mnist_all_20260516_024344/strength_0p5/seed_13/splits/mnist_split_seed13_clients5_alpha0p3_ref200.json,0.5,12,fc1,3,1,0.9658817052841187,0.9760956764221191,200
cka_feddst,mnist,0.9,13,results/logs/cka_strength_sweep/mnist_all_20260516_024344/strength_0p5/seed_13/splits/mnist_split_seed13_clients5_alpha0p3_ref200.json,0.5,12,fc1,3,2,0.9745635390281677,0.9760956764221191,200
cka_feddst,mnist,0.9,13,results/logs/cka_strength_sweep/mnist_all_20260516_024344/strength_0p5/seed_13/splits/mnist_split_seed13_clients5_alpha0p3_ref200.json,0.5,12,fc1,3,3,1.0,0.9760956764221191,200
cka_feddst,mnist,0.9,13,results/logs/cka_strength_sweep/mnist_all_20260516_024344/strength_0p5/seed_13/splits/mnist_split_seed13_clients5_alpha0p3_ref200.json,0.5,12,fc1,3,4,0.9741135835647583,0.9760956764221191,200
cka_feddst,mnist,0.9,13,results/logs/cka_strength_sweep/mnist_all_20260516_024344/strength_0p5/seed_13/splits/mnist_split_seed13_clients5_alpha0p3_ref200.json,0.5,12,fc1,4,0,0.9910585284233093,0.9760956764221191,200
cka_feddst,mnist,0.9,13,results/logs/cka_strength_sweep/mnist_all_20260516_024344/strength_0p5/seed_13/splits/mnist_split_seed13_clients5_alpha0p3_ref200.json,0.5,12,fc1,4,1,0.9664336442947388,0.9760956764221191,200
cka_feddst,mnist,0.9,13,results/logs/cka_strength_sweep/mnist_all_20260516_024344/strength_0p5/seed_13/splits/mnist_split_seed13_clients5_alpha0p3_ref200.json,0.5,12,fc1,4,2,0.9940811395645142,0.9760956764221191,200
cka_feddst,mnist,0.9,13,results/logs/cka_strength_sweep/mnist_all_20260516_024344/strength_0p5/seed_13/splits/mnist_split_seed13_clients5_alpha0p3_ref200.json,0.5,12,fc1,4,3,0.9741135835647583,0.9760956764221191,200
cka_feddst,mnist,0.9,13,results/logs/cka_strength_sweep/mnist_all_20260516_024344/strength_0p5/seed_13/splits/mnist_split_seed13_clients5_alpha0p3_ref200.json,0.5,12,fc1,4,4,1.0,0.9760956764221191,200
cka_feddst,mnist,0.9,13,results/logs/cka_strength_sweep/mnist_all_20260516_024344/strength_0p5/seed_13/splits/mnist_split_seed13_clients5_alpha0p3_ref200.json,0.5,14,conv1,0,0,1.0,0.9999858140945435,200
cka_feddst,mnist,0.9,13,results/logs/cka_strength_sweep/mnist_all_20260516_024344/strength_0p5/seed_13/splits/mnist_split_seed13_clients5_alpha0p3_ref200.json,0.5,14,conv1,0,1,0.9999565482139587,0.9999858140945435,200
cka_feddst,mnist,0.9,13,results/logs/cka_strength_sweep/mnist_all_20260516_024344/strength_0p5/seed_13/splits/mnist_split_seed13_clients5_alpha0p3_ref200.json,0.5,14,conv1,0,2,0.9999986290931702,0.9999858140945435,200
cka_feddst,mnist,0.9,13,results/logs/cka_strength_sweep/mnist_all_20260516_024344/strength_0p5/seed_13/splits/mnist_split_seed13_clients5_alpha0p3_ref200.json,0.5,14,conv1,0,3,0.999995768070221,0.9999858140945435,200
cka_feddst,mnist,0.9,13,results/logs/cka_strength_sweep/mnist_all_20260516_024344/strength_0p5/seed_13/splits/mnist_split_seed13_clients5_alpha0p3_ref200.json,0.5,14,conv1,0,4,0.9999982118606567,0.9999858140945435,200
cka_feddst,mnist,0.9,13,results/logs/cka_strength_sweep/mnist_all_20260516_024344/strength_0p5/seed_13/splits/mnist_split_seed13_clients5_alpha0p3_ref200.json,0.5,14,conv1,1,0,0.9999565482139587,0.9999858140945435,200
cka_feddst,mnist,0.9,13,results/logs/cka_strength_sweep/mnist_all_20260516_024344/strength_0p5/seed_13/splits/mnist_split_seed13_clients5_alpha0p3_ref200.json,0.5,14,conv1,1,1,1.0,0.9999858140945435,200
cka_feddst,mnist,0.9,13,results/logs/cka_strength_sweep/mnist_all_20260516_024344/strength_0p5/seed_13/splits/mnist_split_seed13_clients5_alpha0p3_ref200.json,0.5,14,conv1,1,2,0.9999720454216003,0.9999858140945435,200
cka_feddst,mnist,0.9,13,results/logs/cka_strength_sweep/mnist_all_20260516_024344/strength_0p5/seed_13/splits/mnist_split_seed13_clients5_alpha0p3_ref200.json,0.5,14,conv1,1,3,0.9999783039093018,0.9999858140945435,200
cka_feddst,mnist,0.9,13,results/logs/cka_strength_sweep/mnist_all_20260516_024344/strength_0p5/seed_13/splits/mnist_split_seed13_clients5_alpha0p3_ref200.json,0.5,14,conv1,1,4,0.9999622702598572,0.9999858140945435,200
cka_feddst,mnist,0.9,13,results/logs/cka_strength_sweep/mnist_all_20260516_024344/strength_0p5/seed_13/splits/mnist_split_seed13_clients5_alpha0p3_ref200.json,0.5,14,conv1,2,0,0.9999986290931702,0.9999858140945435,200
cka_feddst,mnist,0.9,13,results/logs/cka_strength_sweep/mnist_all_20260516_024344/strength_0p5/seed_13/splits/mnist_split_seed13_clients5_alpha0p3_ref200.json,0.5,14,conv1,2,1,0.9999720454216003,0.9999858140945435,200
cka_feddst,mnist,0.9,13,results/logs/cka_strength_sweep/mnist_all_20260516_024344/strength_0p5/seed_13/splits/mnist_split_seed13_clients5_alpha0p3_ref200.json,0.5,14,conv1,2,2,1.0,0.9999858140945435,200
cka_feddst,mnist,0.9,13,results/logs/cka_strength_sweep/mnist_all_20260516_024344/strength_0p5/seed_13/splits/mnist_split_seed13_clients5_alpha0p3_ref200.json,0.5,14,conv1,2,3,0.9999996423721313,0.9999858140945435,200
cka_feddst,mnist,0.9,13,results/logs/cka_strength_sweep/mnist_all_20260516_024344/strength_0p5/seed_13/splits/mnist_split_seed13_clients5_alpha0p3_ref200.json,0.5,14,conv1,2,4,0.9999987483024597,0.9999858140945435,200
cka_feddst,mnist,0.9,13,results/logs/cka_strength_sweep/mnist_all_20260516_024344/strength_0p5/seed_13/splits/mnist_split_seed13_clients5_alpha0p3_ref200.json,0.5,14,conv1,3,0,0.999995768070221,0.9999858140945435,200
cka_feddst,mnist,0.9,13,results/logs/cka_strength_sweep/mnist_all_20260516_024344/strength_0p5/seed_13/splits/mnist_split_seed13_clients5_alpha0p3_ref200.json,0.5,14,conv1,3,1,0.9999783039093018,0.9999858140945435,200
cka_feddst,mnist,0.9,13,results/logs/cka_strength_sweep/mnist_all_20260516_024344/strength_0p5/seed_13/splits/mnist_split_seed13_clients5_alpha0p3_ref200.json,0.5,14,conv1,3,2,0.9999996423721313,0.9999858140945435,200
cka_feddst,mnist,0.9,13,results/logs/cka_strength_sweep/mnist_all_20260516_024344/strength_0p5/seed_13/splits/mnist_split_seed13_clients5_alpha0p3_ref200.json,0.5,14,conv1,3,3,1.0,0.9999858140945435,200
cka_feddst,mnist,0.9,13,results/logs/cka_strength_sweep/mnist_all_20260516_024344/strength_0p5/seed_13/splits/mnist_split_seed13_clients5_alpha0p3_ref200.json,0.5,14,conv1,3,4,0.9999977350234985,0.9999858140945435,200
cka_feddst,mnist,0.9,13,results/logs/cka_strength_sweep/mnist_all_20260516_024344/strength_0p5/seed_13/splits/mnist_split_seed13_clients5_alpha0p3_ref200.json,0.5,14,conv1,4,0,0.9999982118606567,0.9999858140945435,200
cka_feddst,mnist,0.9,13,results/logs/cka_strength_sweep/mnist_all_20260516_024344/strength_0p5/seed_13/splits/mnist_split_seed13_clients5_alpha0p3_ref200.json,0.5,14,conv1,4,1,0.9999622702598572,0.9999858140945435,200
cka_feddst,mnist,0.9,13,results/logs/cka_strength_sweep/mnist_all_20260516_024344/strength_0p5/seed_13/splits/mnist_split_seed13_clients5_alpha0p3_ref200.json,0.5,14,conv1,4,2,0.9999987483024597,0.9999858140945435,200
cka_feddst,mnist,0.9,13,results/logs/cka_strength_sweep/mnist_all_20260516_024344/strength_0p5/seed_13/splits/mnist_split_seed13_clients5_alpha0p3_ref200.json,0.5,14,conv1,4,3,0.9999977350234985,0.9999858140945435,200
cka_feddst,mnist,0.9,13,results/logs/cka_strength_sweep/mnist_all_20260516_024344/strength_0p5/seed_13/splits/mnist_split_seed13_clients5_alpha0p3_ref200.json,0.5,14,conv1,4,4,1.0,0.9999858140945435,200
cka_feddst,mnist,0.9,13,results/logs/cka_strength_sweep/mnist_all_20260516_024344/strength_0p5/seed_13/splits/mnist_split_seed13_clients5_alpha0p3_ref200.json,0.5,14,conv2,0,0,1.0,0.9999508857727051,200
cka_feddst,mnist,0.9,13,results/logs/cka_strength_sweep/mnist_all_20260516_024344/strength_0p5/seed_13/splits/mnist_split_seed13_clients5_alpha0p3_ref200.json,0.5,14,conv2,0,1,0.9998729825019836,0.9999508857727051,200
cka_feddst,mnist,0.9,13,results/logs/cka_strength_sweep/mnist_all_20260516_024344/strength_0p5/seed_13/splits/mnist_split_seed13_clients5_alpha0p3_ref200.json,0.5,14,conv2,0,2,0.9999973773956299,0.9999508857727051,200
cka_feddst,mnist,0.9,13,results/logs/cka_strength_sweep/mnist_all_20260516_024344/strength_0p5/seed_13/splits/mnist_split_seed13_clients5_alpha0p3_ref200.json,0.5,14,conv2,0,3,0.999996542930603,0.9999508857727051,200
cka_feddst,mnist,0.9,13,results/logs/cka_strength_sweep/mnist_all_20260516_024344/strength_0p5/seed_13/splits/mnist_split_seed13_clients5_alpha0p3_ref200.json,0.5,14,conv2,0,4,0.9999951720237732,0.9999508857727051,200
cka_feddst,mnist,0.9,13,results/logs/cka_strength_sweep/mnist_all_20260516_024344/strength_0p5/seed_13/splits/mnist_split_seed13_clients5_alpha0p3_ref200.json,0.5,14,conv2,1,0,0.9998729825019836,0.9999508857727051,200
cka_feddst,mnist,0.9,13,results/logs/cka_strength_sweep/mnist_all_20260516_024344/strength_0p5/seed_13/splits/mnist_split_seed13_clients5_alpha0p3_ref200.json,0.5,14,conv2,1,1,1.0,0.9999508857727051,200
cka_feddst,mnist,0.9,13,results/logs/cka_strength_sweep/mnist_all_20260516_024344/strength_0p5/seed_13/splits/mnist_split_seed13_clients5_alpha0p3_ref200.json,0.5,14,conv2,1,2,0.999904453754425,0.9999508857727051,200
cka_feddst,mnist,0.9,13,results/logs/cka_strength_sweep/mnist_all_20260516_024344/strength_0p5/seed_13/splits/mnist_split_seed13_clients5_alpha0p3_ref200.json,0.5,14,conv2,1,3,0.9998953342437744,0.9999508857727051,200
cka_feddst,mnist,0.9,13,results/logs/cka_strength_sweep/mnist_all_20260516_024344/strength_0p5/seed_13/splits/mnist_split_seed13_clients5_alpha0p3_ref200.json,0.5,14,conv2,1,4,0.9998581409454346,0.9999508857727051,200
cka_feddst,mnist,0.9,13,results/logs/cka_strength_sweep/mnist_all_20260516_024344/strength_0p5/seed_13/splits/mnist_split_seed13_clients5_alpha0p3_ref200.json,0.5,14,conv2,2,0,0.9999973773956299,0.9999508857727051,200
cka_feddst,mnist,0.9,13,results/logs/cka_strength_sweep/mnist_all_20260516_024344/strength_0p5/seed_13/splits/mnist_split_seed13_clients5_alpha0p3_ref200.json,0.5,14,conv2,2,1,0.999904453754425,0.9999508857727051,200
cka_feddst,mnist,0.9,13,results/logs/cka_strength_sweep/mnist_all_20260516_024344/strength_0p5/seed_13/splits/mnist_split_seed13_clients5_alpha0p3_ref200.json,0.5,14,conv2,2,2,1.0,0.9999508857727051,200
cka_feddst,mnist,0.9,13,results/logs/cka_strength_sweep/mnist_all_20260516_024344/strength_0p5/seed_13/splits/mnist_split_seed13_clients5_alpha0p3_ref200.json,0.5,14,conv2,2,3,0.9999990463256836,0.9999508857727051,200
cka_feddst,mnist,0.9,13,results/logs/cka_strength_sweep/mnist_all_20260516_024344/strength_0p5/seed_13/splits/mnist_split_seed13_clients5_alpha0p3_ref200.json,0.5,14,conv2,2,4,0.9999942183494568,0.9999508857727051,200
cka_feddst,mnist,0.9,13,results/logs/cka_strength_sweep/mnist_all_20260516_024344/strength_0p5/seed_13/splits/mnist_split_seed13_clients5_alpha0p3_ref200.json,0.5,14,conv2,3,0,0.999996542930603,0.9999508857727051,200
cka_feddst,mnist,0.9,13,results/logs/cka_strength_sweep/mnist_all_20260516_024344/strength_0p5/seed_13/splits/mnist_split_seed13_clients5_alpha0p3_ref200.json,0.5,14,conv2,3,1,0.9998953342437744,0.9999508857727051,200
cka_feddst,mnist,0.9,13,results/logs/cka_strength_sweep/mnist_all_20260516_024344/strength_0p5/seed_13/splits/mnist_split_seed13_clients5_alpha0p3_ref200.json,0.5,14,conv2,3,2,0.9999990463256836,0.9999508857727051,200
cka_feddst,mnist,0.9,13,results/logs/cka_strength_sweep/mnist_all_20260516_024344/strength_0p5/seed_13/splits/mnist_split_seed13_clients5_alpha0p3_ref200.json,0.5,14,conv2,3,3,1.0,0.9999508857727051,200
cka_feddst,mnist,0.9,13,results/logs/cka_strength_sweep/mnist_all_20260516_024344/strength_0p5/seed_13/splits/mnist_split_seed13_clients5_alpha0p3_ref200.json,0.5,14,conv2,3,4,0.9999958276748657,0.9999508857727051,200
cka_feddst,mnist,0.9,13,results/logs/cka_strength_sweep/mnist_all_20260516_024344/strength_0p5/seed_13/splits/mnist_split_seed13_clients5_alpha0p3_ref200.json,0.5,14,conv2,4,0,0.9999951720237732,0.9999508857727051,200
cka_feddst,mnist,0.9,13,results/logs/cka_strength_sweep/mnist_all_20260516_024344/strength_0p5/seed_13/splits/mnist_split_seed13_clients5_alpha0p3_ref200.json,0.5,14,conv2,4,1,0.9998581409454346,0.9999508857727051,200
cka_feddst,mnist,0.9,13,results/logs/cka_strength_sweep/mnist_all_20260516_024344/strength_0p5/seed_13/splits/mnist_split_seed13_clients5_alpha0p3_ref200.json,0.5,14,conv2,4,2,0.9999942183494568,0.9999508857727051,200
cka_feddst,mnist,0.9,13,results/logs/cka_strength_sweep/mnist_all_20260516_024344/strength_0p5/seed_13/splits/mnist_split_seed13_clients5_alpha0p3_ref200.json,0.5,14,conv2,4,3,0.9999958276748657,0.9999508857727051,200
cka_feddst,mnist,0.9,13,results/logs/cka_strength_sweep/mnist_all_20260516_024344/strength_0p5/seed_13/splits/mnist_split_seed13_clients5_alpha0p3_ref200.json,0.5,14,conv2,4,4,1.0,0.9999508857727051,200
cka_feddst,mnist,0.9,13,results/logs/cka_strength_sweep/mnist_all_20260516_024344/strength_0p5/seed_13/splits/mnist_split_seed13_clients5_alpha0p3_ref200.json,0.5,14,fc1,0,0,1.0,0.9772977828979492,200
cka_feddst,mnist,0.9,13,results/logs/cka_strength_sweep/mnist_all_20260516_024344/strength_0p5/seed_13/splits/mnist_split_seed13_clients5_alpha0p3_ref200.json,0.5,14,fc1,0,1,0.9727649092674255,0.9772977828979492,200
cka_feddst,mnist,0.9,13,results/logs/cka_strength_sweep/mnist_all_20260516_024344/strength_0p5/seed_13/splits/mnist_split_seed13_clients5_alpha0p3_ref200.json,0.5,14,fc1,0,2,0.9853994250297546,0.9772977828979492,200
cka_feddst,mnist,0.9,13,results/logs/cka_strength_sweep/mnist_all_20260516_024344/strength_0p5/seed_13/splits/mnist_split_seed13_clients5_alpha0p3_ref200.json,0.5,14,fc1,0,3,0.9729223847389221,0.9772977828979492,200
cka_feddst,mnist,0.9,13,results/logs/cka_strength_sweep/mnist_all_20260516_024344/strength_0p5/seed_13/splits/mnist_split_seed13_clients5_alpha0p3_ref200.json,0.5,14,fc1,0,4,0.9901824593544006,0.9772977828979492,200
cka_feddst,mnist,0.9,13,results/logs/cka_strength_sweep/mnist_all_20260516_024344/strength_0p5/seed_13/splits/mnist_split_seed13_clients5_alpha0p3_ref200.json,0.5,14,fc1,1,0,0.9727649092674255,0.9772977828979492,200
cka_feddst,mnist,0.9,13,results/logs/cka_strength_sweep/mnist_all_20260516_024344/strength_0p5/seed_13/splits/mnist_split_seed13_clients5_alpha0p3_ref200.json,0.5,14,fc1,1,1,1.0,0.9772977828979492,200
cka_feddst,mnist,0.9,13,results/logs/cka_strength_sweep/mnist_all_20260516_024344/strength_0p5/seed_13/splits/mnist_split_seed13_clients5_alpha0p3_ref200.json,0.5,14,fc1,1,2,0.9649913907051086,0.9772977828979492,200
cka_feddst,mnist,0.9,13,results/logs/cka_strength_sweep/mnist_all_20260516_024344/strength_0p5/seed_13/splits/mnist_split_seed13_clients5_alpha0p3_ref200.json,0.5,14,fc1,1,3,0.9736112952232361,0.9772977828979492,200
cka_feddst,mnist,0.9,13,results/logs/cka_strength_sweep/mnist_all_20260516_024344/strength_0p5/seed_13/splits/mnist_split_seed13_clients5_alpha0p3_ref200.json,0.5,14,fc1,1,4,0.9664225578308105,0.9772977828979492,200
cka_feddst,mnist,0.9,13,results/logs/cka_strength_sweep/mnist_all_20260516_024344/strength_0p5/seed_13/splits/mnist_split_seed13_clients5_alpha0p3_ref200.json,0.5,14,fc1,2,0,0.9853994250297546,0.9772977828979492,200
cka_feddst,mnist,0.9,13,results/logs/cka_strength_sweep/mnist_all_20260516_024344/strength_0p5/seed_13/splits/mnist_split_seed13_clients5_alpha0p3_ref200.json,0.5,14,fc1,2,1,0.9649913907051086,0.9772977828979492,200
cka_feddst,mnist,0.9,13,results/logs/cka_strength_sweep/mnist_all_20260516_024344/strength_0p5/seed_13/splits/mnist_split_seed13_clients5_alpha0p3_ref200.json,0.5,14,fc1,2,2,1.0,0.9772977828979492,200
cka_feddst,mnist,0.9,13,results/logs/cka_strength_sweep/mnist_all_20260516_024344/strength_0p5/seed_13/splits/mnist_split_seed13_clients5_alpha0p3_ref200.json,0.5,14,fc1,2,3,0.9786321520805359,0.9772977828979492,200
cka_feddst,mnist,0.9,13,results/logs/cka_strength_sweep/mnist_all_20260516_024344/strength_0p5/seed_13/splits/mnist_split_seed13_clients5_alpha0p3_ref200.json,0.5,14,fc1,2,4,0.9931644201278687,0.9772977828979492,200
cka_feddst,mnist,0.9,13,results/logs/cka_strength_sweep/mnist_all_20260516_024344/strength_0p5/seed_13/splits/mnist_split_seed13_clients5_alpha0p3_ref200.json,0.5,14,fc1,3,0,0.9729223847389221,0.9772977828979492,200
cka_feddst,mnist,0.9,13,results/logs/cka_strength_sweep/mnist_all_20260516_024344/strength_0p5/seed_13/splits/mnist_split_seed13_clients5_alpha0p3_ref200.json,0.5,14,fc1,3,1,0.9736112952232361,0.9772977828979492,200
cka_feddst,mnist,0.9,13,results/logs/cka_strength_sweep/mnist_all_20260516_024344/strength_0p5/seed_13/splits/mnist_split_seed13_clients5_alpha0p3_ref200.json,0.5,14,fc1,3,2,0.9786321520805359,0.9772977828979492,200
cka_feddst,mnist,0.9,13,results/logs/cka_strength_sweep/mnist_all_20260516_024344/strength_0p5/seed_13/splits/mnist_split_seed13_clients5_alpha0p3_ref200.json,0.5,14,fc1,3,3,1.0,0.9772977828979492,200
cka_feddst,mnist,0.9,13,results/logs/cka_strength_sweep/mnist_all_20260516_024344/strength_0p5/seed_13/splits/mnist_split_seed13_clients5_alpha0p3_ref200.json,0.5,14,fc1,3,4,0.9748873114585876,0.9772977828979492,200
cka_feddst,mnist,0.9,13,results/logs/cka_strength_sweep/mnist_all_20260516_024344/strength_0p5/seed_13/splits/mnist_split_seed13_clients5_alpha0p3_ref200.json,0.5,14,fc1,4,0,0.9901824593544006,0.9772977828979492,200
cka_feddst,mnist,0.9,13,results/logs/cka_strength_sweep/mnist_all_20260516_024344/strength_0p5/seed_13/splits/mnist_split_seed13_clients5_alpha0p3_ref200.json,0.5,14,fc1,4,1,0.9664225578308105,0.9772977828979492,200
cka_feddst,mnist,0.9,13,results/logs/cka_strength_sweep/mnist_all_20260516_024344/strength_0p5/seed_13/splits/mnist_split_seed13_clients5_alpha0p3_ref200.json,0.5,14,fc1,4,2,0.9931644201278687,0.9772977828979492,200
cka_feddst,mnist,0.9,13,results/logs/cka_strength_sweep/mnist_all_20260516_024344/strength_0p5/seed_13/splits/mnist_split_seed13_clients5_alpha0p3_ref200.json,0.5,14,fc1,4,3,0.9748873114585876,0.9772977828979492,200
cka_feddst,mnist,0.9,13,results/logs/cka_strength_sweep/mnist_all_20260516_024344/strength_0p5/seed_13/splits/mnist_split_seed13_clients5_alpha0p3_ref200.json,0.5,14,fc1,4,4,1.0,0.9772977828979492,200
cka_feddst,mnist,0.9,13,results/logs/cka_strength_sweep/mnist_all_20260516_024344/strength_0p5/seed_13/splits/mnist_split_seed13_clients5_alpha0p3_ref200.json,0.5,16,conv1,0,0,1.0,0.9999963641166687,200
cka_feddst,mnist,0.9,13,results/logs/cka_strength_sweep/mnist_all_20260516_024344/strength_0p5/seed_13/splits/mnist_split_seed13_clients5_alpha0p3_ref200.json,0.5,16,conv1,0,1,0.9999918937683105,0.9999963641166687,200
cka_feddst,mnist,0.9,13,results/logs/cka_strength_sweep/mnist_all_20260516_024344/strength_0p5/seed_13/splits/mnist_split_seed13_clients5_alpha0p3_ref200.json,0.5,16,conv1,0,2,0.9999997019767761,0.9999963641166687,200
cka_feddst,mnist,0.9,13,results/logs/cka_strength_sweep/mnist_all_20260516_024344/strength_0p5/seed_13/splits/mnist_split_seed13_clients5_alpha0p3_ref200.json,0.5,16,conv1,0,3,0.9999966025352478,0.9999963641166687,200
cka_feddst,mnist,0.9,13,results/logs/cka_strength_sweep/mnist_all_20260516_024344/strength_0p5/seed_13/splits/mnist_split_seed13_clients5_alpha0p3_ref200.json,0.5,16,conv1,0,4,0.9999977350234985,0.9999963641166687,200
cka_feddst,mnist,0.9,13,results/logs/cka_strength_sweep/mnist_all_20260516_024344/strength_0p5/seed_13/splits/mnist_split_seed13_clients5_alpha0p3_ref200.json,0.5,16,conv1,1,0,0.9999918937683105,0.9999963641166687,200
cka_feddst,mnist,0.9,13,results/logs/cka_strength_sweep/mnist_all_20260516_024344/strength_0p5/seed_13/splits/mnist_split_seed13_clients5_alpha0p3_ref200.json,0.5,16,conv1,1,1,1.0,0.9999963641166687,200
cka_feddst,mnist,0.9,13,results/logs/cka_strength_sweep/mnist_all_20260516_024344/strength_0p5/seed_13/splits/mnist_split_seed13_clients5_alpha0p3_ref200.json,0.5,16,conv1,1,2,0.999994158744812,0.9999963641166687,200
cka_feddst,mnist,0.9,13,results/logs/cka_strength_sweep/mnist_all_20260516_024344/strength_0p5/seed_13/splits/mnist_split_seed13_clients5_alpha0p3_ref200.json,0.5,16,conv1,1,3,0.9999963641166687,0.9999963641166687,200
cka_feddst,mnist,0.9,13,results/logs/cka_strength_sweep/mnist_all_20260516_024344/strength_0p5/seed_13/splits/mnist_split_seed13_clients5_alpha0p3_ref200.json,0.5,16,conv1,1,4,0.999992311000824,0.9999963641166687,200
cka_feddst,mnist,0.9,13,results/logs/cka_strength_sweep/mnist_all_20260516_024344/strength_0p5/seed_13/splits/mnist_split_seed13_clients5_alpha0p3_ref200.json,0.5,16,conv1,2,0,0.9999997019767761,0.9999963641166687,200
cka_feddst,mnist,0.9,13,results/logs/cka_strength_sweep/mnist_all_20260516_024344/strength_0p5/seed_13/splits/mnist_split_seed13_clients5_alpha0p3_ref200.json,0.5,16,conv1,2,1,0.999994158744812,0.9999963641166687,200
cka_feddst,mnist,0.9,13,results/logs/cka_strength_sweep/mnist_all_20260516_024344/strength_0p5/seed_13/splits/mnist_split_seed13_clients5_alpha0p3_ref200.json,0.5,16,conv1,2,2,1.0,0.9999963641166687,200
cka_feddst,mnist,0.9,13,results/logs/cka_strength_sweep/mnist_all_20260516_024344/strength_0p5/seed_13/splits/mnist_split_seed13_clients5_alpha0p3_ref200.json,0.5,16,conv1,2,3,0.9999983310699463,0.9999963641166687,200
cka_feddst,mnist,0.9,13,results/logs/cka_strength_sweep/mnist_all_20260516_024344/strength_0p5/seed_13/splits/mnist_split_seed13_clients5_alpha0p3_ref200.json,0.5,16,conv1,2,4,0.9999994039535522,0.9999963641166687,200
cka_feddst,mnist,0.9,13,results/logs/cka_strength_sweep/mnist_all_20260516_024344/strength_0p5/seed_13/splits/mnist_split_seed13_clients5_alpha0p3_ref200.json,0.5,16,conv1,3,0,0.9999966025352478,0.9999963641166687,200
cka_feddst,mnist,0.9,13,results/logs/cka_strength_sweep/mnist_all_20260516_024344/strength_0p5/seed_13/splits/mnist_split_seed13_clients5_alpha0p3_ref200.json,0.5,16,conv1,3,1,0.9999963641166687,0.9999963641166687,200
cka_feddst,mnist,0.9,13,results/logs/cka_strength_sweep/mnist_all_20260516_024344/strength_0p5/seed_13/splits/mnist_split_seed13_clients5_alpha0p3_ref200.json,0.5,16,conv1,3,2,0.9999983310699463,0.9999963641166687,200
cka_feddst,mnist,0.9,13,results/logs/cka_strength_sweep/mnist_all_20260516_024344/strength_0p5/seed_13/splits/mnist_split_seed13_clients5_alpha0p3_ref200.json,0.5,16,conv1,3,3,1.0,0.9999963641166687,200
cka_feddst,mnist,0.9,13,results/logs/cka_strength_sweep/mnist_all_20260516_024344/strength_0p5/seed_13/splits/mnist_split_seed13_clients5_alpha0p3_ref200.json,0.5,16,conv1,3,4,0.9999982714653015,0.9999963641166687,200
cka_feddst,mnist,0.9,13,results/logs/cka_strength_sweep/mnist_all_20260516_024344/strength_0p5/seed_13/splits/mnist_split_seed13_clients5_alpha0p3_ref200.json,0.5,16,conv1,4,0,0.9999977350234985,0.9999963641166687,200
cka_feddst,mnist,0.9,13,results/logs/cka_strength_sweep/mnist_all_20260516_024344/strength_0p5/seed_13/splits/mnist_split_seed13_clients5_alpha0p3_ref200.json,0.5,16,conv1,4,1,0.999992311000824,0.9999963641166687,200
cka_feddst,mnist,0.9,13,results/logs/cka_strength_sweep/mnist_all_20260516_024344/strength_0p5/seed_13/splits/mnist_split_seed13_clients5_alpha0p3_ref200.json,0.5,16,conv1,4,2,0.9999994039535522,0.9999963641166687,200
cka_feddst,mnist,0.9,13,results/logs/cka_strength_sweep/mnist_all_20260516_024344/strength_0p5/seed_13/splits/mnist_split_seed13_clients5_alpha0p3_ref200.json,0.5,16,conv1,4,3,0.9999982714653015,0.9999963641166687,200
cka_feddst,mnist,0.9,13,results/logs/cka_strength_sweep/mnist_all_20260516_024344/strength_0p5/seed_13/splits/mnist_split_seed13_clients5_alpha0p3_ref200.json,0.5,16,conv1,4,4,1.0,0.9999963641166687,200
cka_feddst,mnist,0.9,13,results/logs/cka_strength_sweep/mnist_all_20260516_024344/strength_0p5/seed_13/splits/mnist_split_seed13_clients5_alpha0p3_ref200.json,0.5,16,conv2,0,0,1.0,0.9999688267707825,200
cka_feddst,mnist,0.9,13,results/logs/cka_strength_sweep/mnist_all_20260516_024344/strength_0p5/seed_13/splits/mnist_split_seed13_clients5_alpha0p3_ref200.json,0.5,16,conv2,0,1,0.9999287128448486,0.9999688267707825,200
cka_feddst,mnist,0.9,13,results/logs/cka_strength_sweep/mnist_all_20260516_024344/strength_0p5/seed_13/splits/mnist_split_seed13_clients5_alpha0p3_ref200.json,0.5,16,conv2,0,2,0.9999989867210388,0.9999688267707825,200
cka_feddst,mnist,0.9,13,results/logs/cka_strength_sweep/mnist_all_20260516_024344/strength_0p5/seed_13/splits/mnist_split_seed13_clients5_alpha0p3_ref200.json,0.5,16,conv2,0,3,0.9999966621398926,0.9999688267707825,200
cka_feddst,mnist,0.9,13,results/logs/cka_strength_sweep/mnist_all_20260516_024344/strength_0p5/seed_13/splits/mnist_split_seed13_clients5_alpha0p3_ref200.json,0.5,16,conv2,0,4,0.9999954700469971,0.9999688267707825,200
cka_feddst,mnist,0.9,13,results/logs/cka_strength_sweep/mnist_all_20260516_024344/strength_0p5/seed_13/splits/mnist_split_seed13_clients5_alpha0p3_ref200.json,0.5,16,conv2,1,0,0.9999287128448486,0.9999688267707825,200
cka_feddst,mnist,0.9,13,results/logs/cka_strength_sweep/mnist_all_20260516_024344/strength_0p5/seed_13/splits/mnist_split_seed13_clients5_alpha0p3_ref200.json,0.5,16,conv2,1,1,1.0,0.9999688267707825,200
cka_feddst,mnist,0.9,13,results/logs/cka_strength_sweep/mnist_all_20260516_024344/strength_0p5/seed_13/splits/mnist_split_seed13_clients5_alpha0p3_ref200.json,0.5,16,conv2,1,2,0.9999424815177917,0.9999688267707825,200
cka_feddst,mnist,0.9,13,results/logs/cka_strength_sweep/mnist_all_20260516_024344/strength_0p5/seed_13/splits/mnist_split_seed13_clients5_alpha0p3_ref200.json,0.5,16,conv2,1,3,0.9999282360076904,0.9999688267707825,200
cka_feddst,mnist,0.9,13,results/logs/cka_strength_sweep/mnist_all_20260516_024344/strength_0p5/seed_13/splits/mnist_split_seed13_clients5_alpha0p3_ref200.json,0.5,16,conv2,1,4,0.9999096989631653,0.9999688267707825,200
cka_feddst,mnist,0.9,13,results/logs/cka_strength_sweep/mnist_all_20260516_024344/strength_0p5/seed_13/splits/mnist_split_seed13_clients5_alpha0p3_ref200.json,0.5,16,conv2,2,0,0.9999989867210388,0.9999688267707825,200
cka_feddst,mnist,0.9,13,results/logs/cka_strength_sweep/mnist_all_20260516_024344/strength_0p5/seed_13/splits/mnist_split_seed13_clients5_alpha0p3_ref200.json,0.5,16,conv2,2,1,0.9999424815177917,0.9999688267707825,200
cka_feddst,mnist,0.9,13,results/logs/cka_strength_sweep/mnist_all_20260516_024344/strength_0p5/seed_13/splits/mnist_split_seed13_clients5_alpha0p3_ref200.json,0.5,16,conv2,2,2,1.0,0.9999688267707825,200
cka_feddst,mnist,0.9,13,results/logs/cka_strength_sweep/mnist_all_20260516_024344/strength_0p5/seed_13/splits/mnist_split_seed13_clients5_alpha0p3_ref200.json,0.5,16,conv2,2,3,0.9999967217445374,0.9999688267707825,200
cka_feddst,mnist,0.9,13,results/logs/cka_strength_sweep/mnist_all_20260516_024344/strength_0p5/seed_13/splits/mnist_split_seed13_clients5_alpha0p3_ref200.json,0.5,16,conv2,2,4,0.9999954104423523,0.9999688267707825,200
cka_feddst,mnist,0.9,13,results/logs/cka_strength_sweep/mnist_all_20260516_024344/strength_0p5/seed_13/splits/mnist_split_seed13_clients5_alpha0p3_ref200.json,0.5,16,conv2,3,0,0.9999966621398926,0.9999688267707825,200
cka_feddst,mnist,0.9,13,results/logs/cka_strength_sweep/mnist_all_20260516_024344/strength_0p5/seed_13/splits/mnist_split_seed13_clients5_alpha0p3_ref200.json,0.5,16,conv2,3,1,0.9999282360076904,0.9999688267707825,200
cka_feddst,mnist,0.9,13,results/logs/cka_strength_sweep/mnist_all_20260516_024344/strength_0p5/seed_13/splits/mnist_split_seed13_clients5_alpha0p3_ref200.json,0.5,16,conv2,3,2,0.9999967217445374,0.9999688267707825,200
cka_feddst,mnist,0.9,13,results/logs/cka_strength_sweep/mnist_all_20260516_024344/strength_0p5/seed_13/splits/mnist_split_seed13_clients5_alpha0p3_ref200.json,0.5,16,conv2,3,3,1.0,0.9999688267707825,200
cka_feddst,mnist,0.9,13,results/logs/cka_strength_sweep/mnist_all_20260516_024344/strength_0p5/seed_13/splits/mnist_split_seed13_clients5_alpha0p3_ref200.json,0.5,16,conv2,3,4,0.9999959468841553,0.9999688267707825,200
cka_feddst,mnist,0.9,13,results/logs/cka_strength_sweep/mnist_all_20260516_024344/strength_0p5/seed_13/splits/mnist_split_seed13_clients5_alpha0p3_ref200.json,0.5,16,conv2,4,0,0.9999954700469971,0.9999688267707825,200
cka_feddst,mnist,0.9,13,results/logs/cka_strength_sweep/mnist_all_20260516_024344/strength_0p5/seed_13/splits/mnist_split_seed13_clients5_alpha0p3_ref200.json,0.5,16,conv2,4,1,0.9999096989631653,0.9999688267707825,200
cka_feddst,mnist,0.9,13,results/logs/cka_strength_sweep/mnist_all_20260516_024344/strength_0p5/seed_13/splits/mnist_split_seed13_clients5_alpha0p3_ref200.json,0.5,16,conv2,4,2,0.9999954104423523,0.9999688267707825,200
cka_feddst,mnist,0.9,13,results/logs/cka_strength_sweep/mnist_all_20260516_024344/strength_0p5/seed_13/splits/mnist_split_seed13_clients5_alpha0p3_ref200.json,0.5,16,conv2,4,3,0.9999959468841553,0.9999688267707825,200
cka_feddst,mnist,0.9,13,results/logs/cka_strength_sweep/mnist_all_20260516_024344/strength_0p5/seed_13/splits/mnist_split_seed13_clients5_alpha0p3_ref200.json,0.5,16,conv2,4,4,1.0,0.9999688267707825,200
cka_feddst,mnist,0.9,13,results/logs/cka_strength_sweep/mnist_all_20260516_024344/strength_0p5/seed_13/splits/mnist_split_seed13_clients5_alpha0p3_ref200.json,0.5,16,fc1,0,0,1.0,0.9762178659439087,200
cka_feddst,mnist,0.9,13,results/logs/cka_strength_sweep/mnist_all_20260516_024344/strength_0p5/seed_13/splits/mnist_split_seed13_clients5_alpha0p3_ref200.json,0.5,16,fc1,0,1,0.97150719165802,0.9762178659439087,200
cka_feddst,mnist,0.9,13,results/logs/cka_strength_sweep/mnist_all_20260516_024344/strength_0p5/seed_13/splits/mnist_split_seed13_clients5_alpha0p3_ref200.json,0.5,16,fc1,0,2,0.9840303659439087,0.9762178659439087,200
cka_feddst,mnist,0.9,13,results/logs/cka_strength_sweep/mnist_all_20260516_024344/strength_0p5/seed_13/splits/mnist_split_seed13_clients5_alpha0p3_ref200.json,0.5,16,fc1,0,3,0.9633200168609619,0.9762178659439087,200
cka_feddst,mnist,0.9,13,results/logs/cka_strength_sweep/mnist_all_20260516_024344/strength_0p5/seed_13/splits/mnist_split_seed13_clients5_alpha0p3_ref200.json,0.5,16,fc1,0,4,0.9903393387794495,0.9762178659439087,200
cka_feddst,mnist,0.9,13,results/logs/cka_strength_sweep/mnist_all_20260516_024344/strength_0p5/seed_13/splits/mnist_split_seed13_clients5_alpha0p3_ref200.json,0.5,16,fc1,1,0,0.97150719165802,0.9762178659439087,200
cka_feddst,mnist,0.9,13,results/logs/cka_strength_sweep/mnist_all_20260516_024344/strength_0p5/seed_13/splits/mnist_split_seed13_clients5_alpha0p3_ref200.json,0.5,16,fc1,1,1,1.0,0.9762178659439087,200
cka_feddst,mnist,0.9,13,results/logs/cka_strength_sweep/mnist_all_20260516_024344/strength_0p5/seed_13/splits/mnist_split_seed13_clients5_alpha0p3_ref200.json,0.5,16,fc1,1,2,0.9688391089439392,0.9762178659439087,200
cka_feddst,mnist,0.9,13,results/logs/cka_strength_sweep/mnist_all_20260516_024344/strength_0p5/seed_13/splits/mnist_split_seed13_clients5_alpha0p3_ref200.json,0.5,16,fc1,1,3,0.9744932055473328,0.9762178659439087,200
cka_feddst,mnist,0.9,13,results/logs/cka_strength_sweep/mnist_all_20260516_024344/strength_0p5/seed_13/splits/mnist_split_seed13_clients5_alpha0p3_ref200.json,0.5,16,fc1,1,4,0.9671542048454285,0.9762178659439087,200
cka_feddst,mnist,0.9,13,results/logs/cka_strength_sweep/mnist_all_20260516_024344/strength_0p5/seed_13/splits/mnist_split_seed13_clients5_alpha0p3_ref200.json,0.5,16,fc1,2,0,0.9840303659439087,0.9762178659439087,200
cka_feddst,mnist,0.9,13,results/logs/cka_strength_sweep/mnist_all_20260516_024344/strength_0p5/seed_13/splits/mnist_split_seed13_clients5_alpha0p3_ref200.json,0.5,16,fc1,2,1,0.9688391089439392,0.9762178659439087,200
cka_feddst,mnist,0.9,13,results/logs/cka_strength_sweep/mnist_all_20260516_024344/strength_0p5/seed_13/splits/mnist_split_seed13_clients5_alpha0p3_ref200.json,0.5,16,fc1,2,2,1.0,0.9762178659439087,200
cka_feddst,mnist,0.9,13,results/logs/cka_strength_sweep/mnist_all_20260516_024344/strength_0p5/seed_13/splits/mnist_split_seed13_clients5_alpha0p3_ref200.json,0.5,16,fc1,2,3,0.9776768684387207,0.9762178659439087,200
cka_feddst,mnist,0.9,13,results/logs/cka_strength_sweep/mnist_all_20260516_024344/strength_0p5/seed_13/splits/mnist_split_seed13_clients5_alpha0p3_ref200.json,0.5,16,fc1,2,4,0.9920850992202759,0.9762178659439087,200
cka_feddst,mnist,0.9,13,results/logs/cka_strength_sweep/mnist_all_20260516_024344/strength_0p5/seed_13/splits/mnist_split_seed13_clients5_alpha0p3_ref200.json,0.5,16,fc1,3,0,0.9633200168609619,0.9762178659439087,200
cka_feddst,mnist,0.9,13,results/logs/cka_strength_sweep/mnist_all_20260516_024344/strength_0p5/seed_13/splits/mnist_split_seed13_clients5_alpha0p3_ref200.json,0.5,16,fc1,3,1,0.9744932055473328,0.9762178659439087,200
cka_feddst,mnist,0.9,13,results/logs/cka_strength_sweep/mnist_all_20260516_024344/strength_0p5/seed_13/splits/mnist_split_seed13_clients5_alpha0p3_ref200.json,0.5,16,fc1,3,2,0.9776768684387207,0.9762178659439087,200
cka_feddst,mnist,0.9,13,results/logs/cka_strength_sweep/mnist_all_20260516_024344/strength_0p5/seed_13/splits/mnist_split_seed13_clients5_alpha0p3_ref200.json,0.5,16,fc1,3,3,1.0,0.9762178659439087,200
cka_feddst,mnist,0.9,13,results/logs/cka_strength_sweep/mnist_all_20260516_024344/strength_0p5/seed_13/splits/mnist_split_seed13_clients5_alpha0p3_ref200.json,0.5,16,fc1,3,4,0.9727337956428528,0.9762178659439087,200
cka_feddst,mnist,0.9,13,results/logs/cka_strength_sweep/mnist_all_20260516_024344/strength_0p5/seed_13/splits/mnist_split_seed13_clients5_alpha0p3_ref200.json,0.5,16,fc1,4,0,0.9903393387794495,0.9762178659439087,200
cka_feddst,mnist,0.9,13,results/logs/cka_strength_sweep/mnist_all_20260516_024344/strength_0p5/seed_13/splits/mnist_split_seed13_clients5_alpha0p3_ref200.json,0.5,16,fc1,4,1,0.9671542048454285,0.9762178659439087,200
cka_feddst,mnist,0.9,13,results/logs/cka_strength_sweep/mnist_all_20260516_024344/strength_0p5/seed_13/splits/mnist_split_seed13_clients5_alpha0p3_ref200.json,0.5,16,fc1,4,2,0.9920850992202759,0.9762178659439087,200
cka_feddst,mnist,0.9,13,results/logs/cka_strength_sweep/mnist_all_20260516_024344/strength_0p5/seed_13/splits/mnist_split_seed13_clients5_alpha0p3_ref200.json,0.5,16,fc1,4,3,0.9727337956428528,0.9762178659439087,200
cka_feddst,mnist,0.9,13,results/logs/cka_strength_sweep/mnist_all_20260516_024344/strength_0p5/seed_13/splits/mnist_split_seed13_clients5_alpha0p3_ref200.json,0.5,16,fc1,4,4,1.0,0.9762178659439087,200
cka_feddst,mnist,0.9,13,results/logs/cka_strength_sweep/mnist_all_20260516_024344/strength_0p5/seed_13/splits/mnist_split_seed13_clients5_alpha0p3_ref200.json,0.5,18,conv1,0,0,1.0,0.9999844431877136,200
cka_feddst,mnist,0.9,13,results/logs/cka_strength_sweep/mnist_all_20260516_024344/strength_0p5/seed_13/splits/mnist_split_seed13_clients5_alpha0p3_ref200.json,0.5,18,conv1,0,1,0.9999558329582214,0.9999844431877136,200
cka_feddst,mnist,0.9,13,results/logs/cka_strength_sweep/mnist_all_20260516_024344/strength_0p5/seed_13/splits/mnist_split_seed13_clients5_alpha0p3_ref200.json,0.5,18,conv1,0,2,0.9999986290931702,0.9999844431877136,200
cka_feddst,mnist,0.9,13,results/logs/cka_strength_sweep/mnist_all_20260516_024344/strength_0p5/seed_13/splits/mnist_split_seed13_clients5_alpha0p3_ref200.json,0.5,18,conv1,0,3,0.9999985098838806,0.9999844431877136,200
cka_feddst,mnist,0.9,13,results/logs/cka_strength_sweep/mnist_all_20260516_024344/strength_0p5/seed_13/splits/mnist_split_seed13_clients5_alpha0p3_ref200.json,0.5,18,conv1,0,4,0.9999992251396179,0.9999844431877136,200
cka_feddst,mnist,0.9,13,results/logs/cka_strength_sweep/mnist_all_20260516_024344/strength_0p5/seed_13/splits/mnist_split_seed13_clients5_alpha0p3_ref200.json,0.5,18,conv1,1,0,0.9999558329582214,0.9999844431877136,200
cka_feddst,mnist,0.9,13,results/logs/cka_strength_sweep/mnist_all_20260516_024344/strength_0p5/seed_13/splits/mnist_split_seed13_clients5_alpha0p3_ref200.json,0.5,18,conv1,1,1,1.0,0.9999844431877136,200
cka_feddst,mnist,0.9,13,results/logs/cka_strength_sweep/mnist_all_20260516_024344/strength_0p5/seed_13/splits/mnist_split_seed13_clients5_alpha0p3_ref200.json,0.5,18,conv1,1,2,0.999971330165863,0.9999844431877136,200
cka_feddst,mnist,0.9,13,results/logs/cka_strength_sweep/mnist_all_20260516_024344/strength_0p5/seed_13/splits/mnist_split_seed13_clients5_alpha0p3_ref200.json,0.5,18,conv1,1,3,0.9999710917472839,0.9999844431877136,200
cka_feddst,mnist,0.9,13,results/logs/cka_strength_sweep/mnist_all_20260516_024344/strength_0p5/seed_13/splits/mnist_split_seed13_clients5_alpha0p3_ref200.json,0.5,18,conv1,1,4,0.9999544620513916,0.9999844431877136,200
cka_feddst,mnist,0.9,13,results/logs/cka_strength_sweep/mnist_all_20260516_024344/strength_0p5/seed_13/splits/mnist_split_seed13_clients5_alpha0p3_ref200.json,0.5,18,conv1,2,0,0.9999986290931702,0.9999844431877136,200
cka_feddst,mnist,0.9,13,results/logs/cka_strength_sweep/mnist_all_20260516_024344/strength_0p5/seed_13/splits/mnist_split_seed13_clients5_alpha0p3_ref200.json,0.5,18,conv1,2,1,0.999971330165863,0.9999844431877136,200
cka_feddst,mnist,0.9,13,results/logs/cka_strength_sweep/mnist_all_20260516_024344/strength_0p5/seed_13/splits/mnist_split_seed13_clients5_alpha0p3_ref200.json,0.5,18,conv1,2,2,1.0,0.9999844431877136,200
cka_feddst,mnist,0.9,13,results/logs/cka_strength_sweep/mnist_all_20260516_024344/strength_0p5/seed_13/splits/mnist_split_seed13_clients5_alpha0p3_ref200.json,0.5,18,conv1,2,3,1.0,0.9999844431877136,200
cka_feddst,mnist,0.9,13,results/logs/cka_strength_sweep/mnist_all_20260516_024344/strength_0p5/seed_13/splits/mnist_split_seed13_clients5_alpha0p3_ref200.json,0.5,18,conv1,2,4,0.9999980330467224,0.9999844431877136,200
cka_feddst,mnist,0.9,13,results/logs/cka_strength_sweep/mnist_all_20260516_024344/strength_0p5/seed_13/splits/mnist_split_seed13_clients5_alpha0p3_ref200.json,0.5,18,conv1,3,0,0.9999985098838806,0.9999844431877136,200
cka_feddst,mnist,0.9,13,results/logs/cka_strength_sweep/mnist_all_20260516_024344/strength_0p5/seed_13/splits/mnist_split_seed13_clients5_alpha0p3_ref200.json,0.5,18,conv1,3,1,0.9999710917472839,0.9999844431877136,200
cka_feddst,mnist,0.9,13,results/logs/cka_strength_sweep/mnist_all_20260516_024344/strength_0p5/seed_13/splits/mnist_split_seed13_clients5_alpha0p3_ref200.json,0.5,18,conv1,3,2,1.0,0.9999844431877136,200
cka_feddst,mnist,0.9,13,results/logs/cka_strength_sweep/mnist_all_20260516_024344/strength_0p5/seed_13/splits/mnist_split_seed13_clients5_alpha0p3_ref200.json,0.5,18,conv1,3,3,1.0,0.9999844431877136,200
cka_feddst,mnist,0.9,13,results/logs/cka_strength_sweep/mnist_all_20260516_024344/strength_0p5/seed_13/splits/mnist_split_seed13_clients5_alpha0p3_ref200.json,0.5,18,conv1,3,4,0.9999982118606567,0.9999844431877136,200
cka_feddst,mnist,0.9,13,results/logs/cka_strength_sweep/mnist_all_20260516_024344/strength_0p5/seed_13/splits/mnist_split_seed13_clients5_alpha0p3_ref200.json,0.5,18,conv1,4,0,0.9999992251396179,0.9999844431877136,200
cka_feddst,mnist,0.9,13,results/logs/cka_strength_sweep/mnist_all_20260516_024344/strength_0p5/seed_13/splits/mnist_split_seed13_clients5_alpha0p3_ref200.json,0.5,18,conv1,4,1,0.9999544620513916,0.9999844431877136,200
cka_feddst,mnist,0.9,13,results/logs/cka_strength_sweep/mnist_all_20260516_024344/strength_0p5/seed_13/splits/mnist_split_seed13_clients5_alpha0p3_ref200.json,0.5,18,conv1,4,2,0.9999980330467224,0.9999844431877136,200
cka_feddst,mnist,0.9,13,results/logs/cka_strength_sweep/mnist_all_20260516_024344/strength_0p5/seed_13/splits/mnist_split_seed13_clients5_alpha0p3_ref200.json,0.5,18,conv1,4,3,0.9999982118606567,0.9999844431877136,200
cka_feddst,mnist,0.9,13,results/logs/cka_strength_sweep/mnist_all_20260516_024344/strength_0p5/seed_13/splits/mnist_split_seed13_clients5_alpha0p3_ref200.json,0.5,18,conv1,4,4,1.0,0.9999844431877136,200
cka_feddst,mnist,0.9,13,results/logs/cka_strength_sweep/mnist_all_20260516_024344/strength_0p5/seed_13/splits/mnist_split_seed13_clients5_alpha0p3_ref200.json,0.5,18,conv2,0,0,1.0,0.9999589920043945,200
cka_feddst,mnist,0.9,13,results/logs/cka_strength_sweep/mnist_all_20260516_024344/strength_0p5/seed_13/splits/mnist_split_seed13_clients5_alpha0p3_ref200.json,0.5,18,conv2,0,1,0.9998974800109863,0.9999589920043945,200
cka_feddst,mnist,0.9,13,results/logs/cka_strength_sweep/mnist_all_20260516_024344/strength_0p5/seed_13/splits/mnist_split_seed13_clients5_alpha0p3_ref200.json,0.5,18,conv2,0,2,0.9999973773956299,0.9999589920043945,200
cka_feddst,mnist,0.9,13,results/logs/cka_strength_sweep/mnist_all_20260516_024344/strength_0p5/seed_13/splits/mnist_split_seed13_clients5_alpha0p3_ref200.json,0.5,18,conv2,0,3,0.9999988675117493,0.9999589920043945,200
cka_feddst,mnist,0.9,13,results/logs/cka_strength_sweep/mnist_all_20260516_024344/strength_0p5/seed_13/splits/mnist_split_seed13_clients5_alpha0p3_ref200.json,0.5,18,conv2,0,4,0.9999961853027344,0.9999589920043945,200
cka_feddst,mnist,0.9,13,results/logs/cka_strength_sweep/mnist_all_20260516_024344/strength_0p5/seed_13/splits/mnist_split_seed13_clients5_alpha0p3_ref200.json,0.5,18,conv2,1,0,0.9998974800109863,0.9999589920043945,200
cka_feddst,mnist,0.9,13,results/logs/cka_strength_sweep/mnist_all_20260516_024344/strength_0p5/seed_13/splits/mnist_split_seed13_clients5_alpha0p3_ref200.json,0.5,18,conv2,1,1,1.0,0.9999589920043945,200
cka_feddst,mnist,0.9,13,results/logs/cka_strength_sweep/mnist_all_20260516_024344/strength_0p5/seed_13/splits/mnist_split_seed13_clients5_alpha0p3_ref200.json,0.5,18,conv2,1,2,0.9999277591705322,0.9999589920043945,200
cka_feddst,mnist,0.9,13,results/logs/cka_strength_sweep/mnist_all_20260516_024344/strength_0p5/seed_13/splits/mnist_split_seed13_clients5_alpha0p3_ref200.json,0.5,18,conv2,1,3,0.9999040365219116,0.9999589920043945,200
cka_feddst,mnist,0.9,13,results/logs/cka_strength_sweep/mnist_all_20260516_024344/strength_0p5/seed_13/splits/mnist_split_seed13_clients5_alpha0p3_ref200.json,0.5,18,conv2,1,4,0.9998801350593567,0.9999589920043945,200
cka_feddst,mnist,0.9,13,results/logs/cka_strength_sweep/mnist_all_20260516_024344/strength_0p5/seed_13/splits/mnist_split_seed13_clients5_alpha0p3_ref200.json,0.5,18,conv2,2,0,0.9999973773956299,0.9999589920043945,200
cka_feddst,mnist,0.9,13,results/logs/cka_strength_sweep/mnist_all_20260516_024344/strength_0p5/seed_13/splits/mnist_split_seed13_clients5_alpha0p3_ref200.json,0.5,18,conv2,2,1,0.9999277591705322,0.9999589920043945,200
cka_feddst,mnist,0.9,13,results/logs/cka_strength_sweep/mnist_all_20260516_024344/strength_0p5/seed_13/splits/mnist_split_seed13_clients5_alpha0p3_ref200.json,0.5,18,conv2,2,2,1.0,0.9999589920043945,200
cka_feddst,mnist,0.9,13,results/logs/cka_strength_sweep/mnist_all_20260516_024344/strength_0p5/seed_13/splits/mnist_split_seed13_clients5_alpha0p3_ref200.json,0.5,18,conv2,2,3,0.9999979138374329,0.9999589920043945,200
cka_feddst,mnist,0.9,13,results/logs/cka_strength_sweep/mnist_all_20260516_024344/strength_0p5/seed_13/splits/mnist_split_seed13_clients5_alpha0p3_ref200.json,0.5,18,conv2,2,4,0.9999926090240479,0.9999589920043945,200
cka_feddst,mnist,0.9,13,results/logs/cka_strength_sweep/mnist_all_20260516_024344/strength_0p5/seed_13/splits/mnist_split_seed13_clients5_alpha0p3_ref200.json,0.5,18,conv2,3,0,0.9999988675117493,0.9999589920043945,200
cka_feddst,mnist,0.9,13,results/logs/cka_strength_sweep/mnist_all_20260516_024344/strength_0p5/seed_13/splits/mnist_split_seed13_clients5_alpha0p3_ref200.json,0.5,18,conv2,3,1,0.9999040365219116,0.9999589920043945,200
cka_feddst,mnist,0.9,13,results/logs/cka_strength_sweep/mnist_all_20260516_024344/strength_0p5/seed_13/splits/mnist_split_seed13_clients5_alpha0p3_ref200.json,0.5,18,conv2,3,2,0.9999979138374329,0.9999589920043945,200
cka_feddst,mnist,0.9,13,results/logs/cka_strength_sweep/mnist_all_20260516_024344/strength_0p5/seed_13/splits/mnist_split_seed13_clients5_alpha0p3_ref200.json,0.5,18,conv2,3,3,1.0,0.9999589920043945,200
cka_feddst,mnist,0.9,13,results/logs/cka_strength_sweep/mnist_all_20260516_024344/strength_0p5/seed_13/splits/mnist_split_seed13_clients5_alpha0p3_ref200.json,0.5,18,conv2,3,4,0.9999966025352478,0.9999589920043945,200
cka_feddst,mnist,0.9,13,results/logs/cka_strength_sweep/mnist_all_20260516_024344/strength_0p5/seed_13/splits/mnist_split_seed13_clients5_alpha0p3_ref200.json,0.5,18,conv2,4,0,0.9999961853027344,0.9999589920043945,200
cka_feddst,mnist,0.9,13,results/logs/cka_strength_sweep/mnist_all_20260516_024344/strength_0p5/seed_13/splits/mnist_split_seed13_clients5_alpha0p3_ref200.json,0.5,18,conv2,4,1,0.9998801350593567,0.9999589920043945,200
cka_feddst,mnist,0.9,13,results/logs/cka_strength_sweep/mnist_all_20260516_024344/strength_0p5/seed_13/splits/mnist_split_seed13_clients5_alpha0p3_ref200.json,0.5,18,conv2,4,2,0.9999926090240479,0.9999589920043945,200
cka_feddst,mnist,0.9,13,results/logs/cka_strength_sweep/mnist_all_20260516_024344/strength_0p5/seed_13/splits/mnist_split_seed13_clients5_alpha0p3_ref200.json,0.5,18,conv2,4,3,0.9999966025352478,0.9999589920043945,200
cka_feddst,mnist,0.9,13,results/logs/cka_strength_sweep/mnist_all_20260516_024344/strength_0p5/seed_13/splits/mnist_split_seed13_clients5_alpha0p3_ref200.json,0.5,18,conv2,4,4,1.0,0.9999589920043945,200
cka_feddst,mnist,0.9,13,results/logs/cka_strength_sweep/mnist_all_20260516_024344/strength_0p5/seed_13/splits/mnist_split_seed13_clients5_alpha0p3_ref200.json,0.5,18,fc1,0,0,1.0,0.9766061902046204,200
cka_feddst,mnist,0.9,13,results/logs/cka_strength_sweep/mnist_all_20260516_024344/strength_0p5/seed_13/splits/mnist_split_seed13_clients5_alpha0p3_ref200.json,0.5,18,fc1,0,1,0.9718396067619324,0.9766061902046204,200
cka_feddst,mnist,0.9,13,results/logs/cka_strength_sweep/mnist_all_20260516_024344/strength_0p5/seed_13/splits/mnist_split_seed13_clients5_alpha0p3_ref200.json,0.5,18,fc1,0,2,0.9886814951896667,0.9766061902046204,200
cka_feddst,mnist,0.9,13,results/logs/cka_strength_sweep/mnist_all_20260516_024344/strength_0p5/seed_13/splits/mnist_split_seed13_clients5_alpha0p3_ref200.json,0.5,18,fc1,0,3,0.9603531360626221,0.9766061902046204,200
cka_feddst,mnist,0.9,13,results/logs/cka_strength_sweep/mnist_all_20260516_024344/strength_0p5/seed_13/splits/mnist_split_seed13_clients5_alpha0p3_ref200.json,0.5,18,fc1,0,4,0.9912503957748413,0.9766061902046204,200
cka_feddst,mnist,0.9,13,results/logs/cka_strength_sweep/mnist_all_20260516_024344/strength_0p5/seed_13/splits/mnist_split_seed13_clients5_alpha0p3_ref200.json,0.5,18,fc1,1,0,0.9718396067619324,0.9766061902046204,200
cka_feddst,mnist,0.9,13,results/logs/cka_strength_sweep/mnist_all_20260516_024344/strength_0p5/seed_13/splits/mnist_split_seed13_clients5_alpha0p3_ref200.json,0.5,18,fc1,1,1,1.0,0.9766061902046204,200
cka_feddst,mnist,0.9,13,results/logs/cka_strength_sweep/mnist_all_20260516_024344/strength_0p5/seed_13/splits/mnist_split_seed13_clients5_alpha0p3_ref200.json,0.5,18,fc1,1,2,0.9753413796424866,0.9766061902046204,200
cka_feddst,mnist,0.9,13,results/logs/cka_strength_sweep/mnist_all_20260516_024344/strength_0p5/seed_13/splits/mnist_split_seed13_clients5_alpha0p3_ref200.json,0.5,18,fc1,1,3,0.972393274307251,0.9766061902046204,200
cka_feddst,mnist,0.9,13,results/logs/cka_strength_sweep/mnist_all_20260516_024344/strength_0p5/seed_13/splits/mnist_split_seed13_clients5_alpha0p3_ref200.json,0.5,18,fc1,1,4,0.9667804837226868,0.9766061902046204,200
cka_feddst,mnist,0.9,13,results/logs/cka_strength_sweep/mnist_all_20260516_024344/strength_0p5/seed_13/splits/mnist_split_seed13_clients5_alpha0p3_ref200.json,0.5,18,fc1,2,0,0.9886814951896667,0.9766061902046204,200
cka_feddst,mnist,0.9,13,results/logs/cka_strength_sweep/mnist_all_20260516_024344/strength_0p5/seed_13/splits/mnist_split_seed13_clients5_alpha0p3_ref200.json,0.5,18,fc1,2,1,0.9753413796424866,0.9766061902046204,200
cka_feddst,mnist,0.9,13,results/logs/cka_strength_sweep/mnist_all_20260516_024344/strength_0p5/seed_13/splits/mnist_split_seed13_clients5_alpha0p3_ref200.json,0.5,18,fc1,2,2,1.0,0.9766061902046204,200
cka_feddst,mnist,0.9,13,results/logs/cka_strength_sweep/mnist_all_20260516_024344/strength_0p5/seed_13/splits/mnist_split_seed13_clients5_alpha0p3_ref200.json,0.5,18,fc1,2,3,0.9764264822006226,0.9766061902046204,200
cka_feddst,mnist,0.9,13,results/logs/cka_strength_sweep/mnist_all_20260516_024344/strength_0p5/seed_13/splits/mnist_split_seed13_clients5_alpha0p3_ref200.json,0.5,18,fc1,2,4,0.9919089674949646,0.9766061902046204,200
cka_feddst,mnist,0.9,13,results/logs/cka_strength_sweep/mnist_all_20260516_024344/strength_0p5/seed_13/splits/mnist_split_seed13_clients5_alpha0p3_ref200.json,0.5,18,fc1,3,0,0.9603531360626221,0.9766061902046204,200
cka_feddst,mnist,0.9,13,results/logs/cka_strength_sweep/mnist_all_20260516_024344/strength_0p5/seed_13/splits/mnist_split_seed13_clients5_alpha0p3_ref200.json,0.5,18,fc1,3,1,0.972393274307251,0.9766061902046204,200
cka_feddst,mnist,0.9,13,results/logs/cka_strength_sweep/mnist_all_20260516_024344/strength_0p5/seed_13/splits/mnist_split_seed13_clients5_alpha0p3_ref200.json,0.5,18,fc1,3,2,0.9764264822006226,0.9766061902046204,200
cka_feddst,mnist,0.9,13,results/logs/cka_strength_sweep/mnist_all_20260516_024344/strength_0p5/seed_13/splits/mnist_split_seed13_clients5_alpha0p3_ref200.json,0.5,18,fc1,3,3,1.0,0.9766061902046204,200
cka_feddst,mnist,0.9,13,results/logs/cka_strength_sweep/mnist_all_20260516_024344/strength_0p5/seed_13/splits/mnist_split_seed13_clients5_alpha0p3_ref200.json,0.5,18,fc1,3,4,0.9710869193077087,0.9766061902046204,200
cka_feddst,mnist,0.9,13,results/logs/cka_strength_sweep/mnist_all_20260516_024344/strength_0p5/seed_13/splits/mnist_split_seed13_clients5_alpha0p3_ref200.json,0.5,18,fc1,4,0,0.9912503957748413,0.9766061902046204,200
cka_feddst,mnist,0.9,13,results/logs/cka_strength_sweep/mnist_all_20260516_024344/strength_0p5/seed_13/splits/mnist_split_seed13_clients5_alpha0p3_ref200.json,0.5,18,fc1,4,1,0.9667804837226868,0.9766061902046204,200
cka_feddst,mnist,0.9,13,results/logs/cka_strength_sweep/mnist_all_20260516_024344/strength_0p5/seed_13/splits/mnist_split_seed13_clients5_alpha0p3_ref200.json,0.5,18,fc1,4,2,0.9919089674949646,0.9766061902046204,200
cka_feddst,mnist,0.9,13,results/logs/cka_strength_sweep/mnist_all_20260516_024344/strength_0p5/seed_13/splits/mnist_split_seed13_clients5_alpha0p3_ref200.json,0.5,18,fc1,4,3,0.9710869193077087,0.9766061902046204,200
cka_feddst,mnist,0.9,13,results/logs/cka_strength_sweep/mnist_all_20260516_024344/strength_0p5/seed_13/splits/mnist_split_seed13_clients5_alpha0p3_ref200.json,0.5,18,fc1,4,4,1.0,0.9766061902046204,200
cka_feddst,mnist,0.9,13,results/logs/cka_strength_sweep/mnist_all_20260516_024344/strength_0p5/seed_13/splits/mnist_split_seed13_clients5_alpha0p3_ref200.json,0.5,20,conv1,0,0,1.0,0.9999972581863403,200
cka_feddst,mnist,0.9,13,results/logs/cka_strength_sweep/mnist_all_20260516_024344/strength_0p5/seed_13/splits/mnist_split_seed13_clients5_alpha0p3_ref200.json,0.5,20,conv1,0,1,0.9999938607215881,0.9999972581863403,200
cka_feddst,mnist,0.9,13,results/logs/cka_strength_sweep/mnist_all_20260516_024344/strength_0p5/seed_13/splits/mnist_split_seed13_clients5_alpha0p3_ref200.json,0.5,20,conv1,0,2,0.9999997019767761,0.9999972581863403,200
cka_feddst,mnist,0.9,13,results/logs/cka_strength_sweep/mnist_all_20260516_024344/strength_0p5/seed_13/splits/mnist_split_seed13_clients5_alpha0p3_ref200.json,0.5,20,conv1,0,3,0.9999982714653015,0.9999972581863403,200
cka_feddst,mnist,0.9,13,results/logs/cka_strength_sweep/mnist_all_20260516_024344/strength_0p5/seed_13/splits/mnist_split_seed13_clients5_alpha0p3_ref200.json,0.5,20,conv1,0,4,0.9999993443489075,0.9999972581863403,200
cka_feddst,mnist,0.9,13,results/logs/cka_strength_sweep/mnist_all_20260516_024344/strength_0p5/seed_13/splits/mnist_split_seed13_clients5_alpha0p3_ref200.json,0.5,20,conv1,1,0,0.9999938607215881,0.9999972581863403,200
cka_feddst,mnist,0.9,13,results/logs/cka_strength_sweep/mnist_all_20260516_024344/strength_0p5/seed_13/splits/mnist_split_seed13_clients5_alpha0p3_ref200.json,0.5,20,conv1,1,1,1.0,0.9999972581863403,200
cka_feddst,mnist,0.9,13,results/logs/cka_strength_sweep/mnist_all_20260516_024344/strength_0p5/seed_13/splits/mnist_split_seed13_clients5_alpha0p3_ref200.json,0.5,20,conv1,1,2,0.9999946355819702,0.9999972581863403,200
cka_feddst,mnist,0.9,13,results/logs/cka_strength_sweep/mnist_all_20260516_024344/strength_0p5/seed_13/splits/mnist_split_seed13_clients5_alpha0p3_ref200.json,0.5,20,conv1,1,3,0.9999966621398926,0.9999972581863403,200
cka_feddst,mnist,0.9,13,results/logs/cka_strength_sweep/mnist_all_20260516_024344/strength_0p5/seed_13/splits/mnist_split_seed13_clients5_alpha0p3_ref200.json,0.5,20,conv1,1,4,0.9999920725822449,0.9999972581863403,200
cka_feddst,mnist,0.9,13,results/logs/cka_strength_sweep/mnist_all_20260516_024344/strength_0p5/seed_13/splits/mnist_split_seed13_clients5_alpha0p3_ref200.json,0.5,20,conv1,2,0,0.9999997019767761,0.9999972581863403,200
cka_feddst,mnist,0.9,13,results/logs/cka_strength_sweep/mnist_all_20260516_024344/strength_0p5/seed_13/splits/mnist_split_seed13_clients5_alpha0p3_ref200.json,0.5,20,conv1,2,1,0.9999946355819702,0.9999972581863403,200
cka_feddst,mnist,0.9,13,results/logs/cka_strength_sweep/mnist_all_20260516_024344/strength_0p5/seed_13/splits/mnist_split_seed13_clients5_alpha0p3_ref200.json,0.5,20,conv1,2,2,1.0,0.9999972581863403,200
cka_feddst,mnist,0.9,13,results/logs/cka_strength_sweep/mnist_all_20260516_024344/strength_0p5/seed_13/splits/mnist_split_seed13_clients5_alpha0p3_ref200.json,0.5,20,conv1,2,3,0.9999988675117493,0.9999972581863403,200
cka_feddst,mnist,0.9,13,results/logs/cka_strength_sweep/mnist_all_20260516_024344/strength_0p5/seed_13/splits/mnist_split_seed13_clients5_alpha0p3_ref200.json,0.5,20,conv1,2,4,0.9999994039535522,0.9999972581863403,200
cka_feddst,mnist,0.9,13,results/logs/cka_strength_sweep/mnist_all_20260516_024344/strength_0p5/seed_13/splits/mnist_split_seed13_clients5_alpha0p3_ref200.json,0.5,20,conv1,3,0,0.9999982714653015,0.9999972581863403,200
cka_feddst,mnist,0.9,13,results/logs/cka_strength_sweep/mnist_all_20260516_024344/strength_0p5/seed_13/splits/mnist_split_seed13_clients5_alpha0p3_ref200.json,0.5,20,conv1,3,1,0.9999966621398926,0.9999972581863403,200
cka_feddst,mnist,0.9,13,results/logs/cka_strength_sweep/mnist_all_20260516_024344/strength_0p5/seed_13/splits/mnist_split_seed13_clients5_alpha0p3_ref200.json,0.5,20,conv1,3,2,0.9999988675117493,0.9999972581863403,200
cka_feddst,mnist,0.9,13,results/logs/cka_strength_sweep/mnist_all_20260516_024344/strength_0p5/seed_13/splits/mnist_split_seed13_clients5_alpha0p3_ref200.json,0.5,20,conv1,3,3,1.0,0.9999972581863403,200
cka_feddst,mnist,0.9,13,results/logs/cka_strength_sweep/mnist_all_20260516_024344/strength_0p5/seed_13/splits/mnist_split_seed13_clients5_alpha0p3_ref200.json,0.5,20,conv1,3,4,0.9999985694885254,0.9999972581863403,200
cka_feddst,mnist,0.9,13,results/logs/cka_strength_sweep/mnist_all_20260516_024344/strength_0p5/seed_13/splits/mnist_split_seed13_clients5_alpha0p3_ref200.json,0.5,20,conv1,4,0,0.9999993443489075,0.9999972581863403,200
cka_feddst,mnist,0.9,13,results/logs/cka_strength_sweep/mnist_all_20260516_024344/strength_0p5/seed_13/splits/mnist_split_seed13_clients5_alpha0p3_ref200.json,0.5,20,conv1,4,1,0.9999920725822449,0.9999972581863403,200
cka_feddst,mnist,0.9,13,results/logs/cka_strength_sweep/mnist_all_20260516_024344/strength_0p5/seed_13/splits/mnist_split_seed13_clients5_alpha0p3_ref200.json,0.5,20,conv1,4,2,0.9999994039535522,0.9999972581863403,200
cka_feddst,mnist,0.9,13,results/logs/cka_strength_sweep/mnist_all_20260516_024344/strength_0p5/seed_13/splits/mnist_split_seed13_clients5_alpha0p3_ref200.json,0.5,20,conv1,4,3,0.9999985694885254,0.9999972581863403,200
cka_feddst,mnist,0.9,13,results/logs/cka_strength_sweep/mnist_all_20260516_024344/strength_0p5/seed_13/splits/mnist_split_seed13_clients5_alpha0p3_ref200.json,0.5,20,conv1,4,4,1.0,0.9999972581863403,200
cka_feddst,mnist,0.9,13,results/logs/cka_strength_sweep/mnist_all_20260516_024344/strength_0p5/seed_13/splits/mnist_split_seed13_clients5_alpha0p3_ref200.json,0.5,20,conv2,0,0,1.0,0.999972939491272,200
cka_feddst,mnist,0.9,13,results/logs/cka_strength_sweep/mnist_all_20260516_024344/strength_0p5/seed_13/splits/mnist_split_seed13_clients5_alpha0p3_ref200.json,0.5,20,conv2,0,1,0.9999396800994873,0.999972939491272,200
cka_feddst,mnist,0.9,13,results/logs/cka_strength_sweep/mnist_all_20260516_024344/strength_0p5/seed_13/splits/mnist_split_seed13_clients5_alpha0p3_ref200.json,0.5,20,conv2,0,2,0.9999982118606567,0.999972939491272,200
cka_feddst,mnist,0.9,13,results/logs/cka_strength_sweep/mnist_all_20260516_024344/strength_0p5/seed_13/splits/mnist_split_seed13_clients5_alpha0p3_ref200.json,0.5,20,conv2,0,3,0.9999980926513672,0.999972939491272,200
cka_feddst,mnist,0.9,13,results/logs/cka_strength_sweep/mnist_all_20260516_024344/strength_0p5/seed_13/splits/mnist_split_seed13_clients5_alpha0p3_ref200.json,0.5,20,conv2,0,4,0.9999958872795105,0.999972939491272,200
cka_feddst,mnist,0.9,13,results/logs/cka_strength_sweep/mnist_all_20260516_024344/strength_0p5/seed_13/splits/mnist_split_seed13_clients5_alpha0p3_ref200.json,0.5,20,conv2,1,0,0.9999396800994873,0.999972939491272,200
cka_feddst,mnist,0.9,13,results/logs/cka_strength_sweep/mnist_all_20260516_024344/strength_0p5/seed_13/splits/mnist_split_seed13_clients5_alpha0p3_ref200.json,0.5,20,conv2,1,1,1.0,0.999972939491272,200
cka_feddst,mnist,0.9,13,results/logs/cka_strength_sweep/mnist_all_20260516_024344/strength_0p5/seed_13/splits/mnist_split_seed13_clients5_alpha0p3_ref200.json,0.5,20,conv2,1,2,0.9999536275863647,0.999972939491272,200
cka_feddst,mnist,0.9,13,results/logs/cka_strength_sweep/mnist_all_20260516_024344/strength_0p5/seed_13/splits/mnist_split_seed13_clients5_alpha0p3_ref200.json,0.5,20,conv2,1,3,0.9999324083328247,0.999972939491272,200
cka_feddst,mnist,0.9,13,results/logs/cka_strength_sweep/mnist_all_20260516_024344/strength_0p5/seed_13/splits/mnist_split_seed13_clients5_alpha0p3_ref200.json,0.5,20,conv2,1,4,0.9999224543571472,0.999972939491272,200
cka_feddst,mnist,0.9,13,results/logs/cka_strength_sweep/mnist_all_20260516_024344/strength_0p5/seed_13/splits/mnist_split_seed13_clients5_alpha0p3_ref200.json,0.5,20,conv2,2,0,0.9999982118606567,0.999972939491272,200
cka_feddst,mnist,0.9,13,results/logs/cka_strength_sweep/mnist_all_20260516_024344/strength_0p5/seed_13/splits/mnist_split_seed13_clients5_alpha0p3_ref200.json,0.5,20,conv2,2,1,0.9999536275863647,0.999972939491272,200
cka_feddst,mnist,0.9,13,results/logs/cka_strength_sweep/mnist_all_20260516_024344/strength_0p5/seed_13/splits/mnist_split_seed13_clients5_alpha0p3_ref200.json,0.5,20,conv2,2,2,1.0,0.999972939491272,200
cka_feddst,mnist,0.9,13,results/logs/cka_strength_sweep/mnist_all_20260516_024344/strength_0p5/seed_13/splits/mnist_split_seed13_clients5_alpha0p3_ref200.json,0.5,20,conv2,2,3,0.9999966621398926,0.999972939491272,200
cka_feddst,mnist,0.9,13,results/logs/cka_strength_sweep/mnist_all_20260516_024344/strength_0p5/seed_13/splits/mnist_split_seed13_clients5_alpha0p3_ref200.json,0.5,20,conv2,2,4,0.9999952912330627,0.999972939491272,200
cka_feddst,mnist,0.9,13,results/logs/cka_strength_sweep/mnist_all_20260516_024344/strength_0p5/seed_13/splits/mnist_split_seed13_clients5_alpha0p3_ref200.json,0.5,20,conv2,3,0,0.9999980926513672,0.999972939491272,200
cka_feddst,mnist,0.9,13,results/logs/cka_strength_sweep/mnist_all_20260516_024344/strength_0p5/seed_13/splits/mnist_split_seed13_clients5_alpha0p3_ref200.json,0.5,20,conv2,3,1,0.9999324083328247,0.999972939491272,200
cka_feddst,mnist,0.9,13,results/logs/cka_strength_sweep/mnist_all_20260516_024344/strength_0p5/seed_13/splits/mnist_split_seed13_clients5_alpha0p3_ref200.json,0.5,20,conv2,3,2,0.9999966621398926,0.999972939491272,200
cka_feddst,mnist,0.9,13,results/logs/cka_strength_sweep/mnist_all_20260516_024344/strength_0p5/seed_13/splits/mnist_split_seed13_clients5_alpha0p3_ref200.json,0.5,20,conv2,3,3,1.0,0.999972939491272,200
cka_feddst,mnist,0.9,13,results/logs/cka_strength_sweep/mnist_all_20260516_024344/strength_0p5/seed_13/splits/mnist_split_seed13_clients5_alpha0p3_ref200.json,0.5,20,conv2,3,4,0.9999973177909851,0.999972939491272,200
cka_feddst,mnist,0.9,13,results/logs/cka_strength_sweep/mnist_all_20260516_024344/strength_0p5/seed_13/splits/mnist_split_seed13_clients5_alpha0p3_ref200.json,0.5,20,conv2,4,0,0.9999958872795105,0.999972939491272,200
cka_feddst,mnist,0.9,13,results/logs/cka_strength_sweep/mnist_all_20260516_024344/strength_0p5/seed_13/splits/mnist_split_seed13_clients5_alpha0p3_ref200.json,0.5,20,conv2,4,1,0.9999224543571472,0.999972939491272,200
cka_feddst,mnist,0.9,13,results/logs/cka_strength_sweep/mnist_all_20260516_024344/strength_0p5/seed_13/splits/mnist_split_seed13_clients5_alpha0p3_ref200.json,0.5,20,conv2,4,2,0.9999952912330627,0.999972939491272,200
cka_feddst,mnist,0.9,13,results/logs/cka_strength_sweep/mnist_all_20260516_024344/strength_0p5/seed_13/splits/mnist_split_seed13_clients5_alpha0p3_ref200.json,0.5,20,conv2,4,3,0.9999973177909851,0.999972939491272,200
cka_feddst,mnist,0.9,13,results/logs/cka_strength_sweep/mnist_all_20260516_024344/strength_0p5/seed_13/splits/mnist_split_seed13_clients5_alpha0p3_ref200.json,0.5,20,conv2,4,4,1.0,0.999972939491272,200
cka_feddst,mnist,0.9,13,results/logs/cka_strength_sweep/mnist_all_20260516_024344/strength_0p5/seed_13/splits/mnist_split_seed13_clients5_alpha0p3_ref200.json,0.5,20,fc1,0,0,1.0,0.9719487428665161,200
cka_feddst,mnist,0.9,13,results/logs/cka_strength_sweep/mnist_all_20260516_024344/strength_0p5/seed_13/splits/mnist_split_seed13_clients5_alpha0p3_ref200.json,0.5,20,fc1,0,1,0.9731918573379517,0.9719487428665161,200
cka_feddst,mnist,0.9,13,results/logs/cka_strength_sweep/mnist_all_20260516_024344/strength_0p5/seed_13/splits/mnist_split_seed13_clients5_alpha0p3_ref200.json,0.5,20,fc1,0,2,0.9852913618087769,0.9719487428665161,200
cka_feddst,mnist,0.9,13,results/logs/cka_strength_sweep/mnist_all_20260516_024344/strength_0p5/seed_13/splits/mnist_split_seed13_clients5_alpha0p3_ref200.json,0.5,20,fc1,0,3,0.9487040638923645,0.9719487428665161,200
cka_feddst,mnist,0.9,13,results/logs/cka_strength_sweep/mnist_all_20260516_024344/strength_0p5/seed_13/splits/mnist_split_seed13_clients5_alpha0p3_ref200.json,0.5,20,fc1,0,4,0.9922734498977661,0.9719487428665161,200
cka_feddst,mnist,0.9,13,results/logs/cka_strength_sweep/mnist_all_20260516_024344/strength_0p5/seed_13/splits/mnist_split_seed13_clients5_alpha0p3_ref200.json,0.5,20,fc1,1,0,0.9731918573379517,0.9719487428665161,200
cka_feddst,mnist,0.9,13,results/logs/cka_strength_sweep/mnist_all_20260516_024344/strength_0p5/seed_13/splits/mnist_split_seed13_clients5_alpha0p3_ref200.json,0.5,20,fc1,1,1,1.0,0.9719487428665161,200
cka_feddst,mnist,0.9,13,results/logs/cka_strength_sweep/mnist_all_20260516_024344/strength_0p5/seed_13/splits/mnist_split_seed13_clients5_alpha0p3_ref200.json,0.5,20,fc1,1,2,0.9733593463897705,0.9719487428665161,200
cka_feddst,mnist,0.9,13,results/logs/cka_strength_sweep/mnist_all_20260516_024344/strength_0p5/seed_13/splits/mnist_split_seed13_clients5_alpha0p3_ref200.json,0.5,20,fc1,1,3,0.9598199725151062,0.9719487428665161,200
cka_feddst,mnist,0.9,13,results/logs/cka_strength_sweep/mnist_all_20260516_024344/strength_0p5/seed_13/splits/mnist_split_seed13_clients5_alpha0p3_ref200.json,0.5,20,fc1,1,4,0.9693370461463928,0.9719487428665161,200
cka_feddst,mnist,0.9,13,results/logs/cka_strength_sweep/mnist_all_20260516_024344/strength_0p5/seed_13/splits/mnist_split_seed13_clients5_alpha0p3_ref200.json,0.5,20,fc1,2,0,0.9852913618087769,0.9719487428665161,200
cka_feddst,mnist,0.9,13,results/logs/cka_strength_sweep/mnist_all_20260516_024344/strength_0p5/seed_13/splits/mnist_split_seed13_clients5_alpha0p3_ref200.json,0.5,20,fc1,2,1,0.9733593463897705,0.9719487428665161,200
cka_feddst,mnist,0.9,13,results/logs/cka_strength_sweep/mnist_all_20260516_024344/strength_0p5/seed_13/splits/mnist_split_seed13_clients5_alpha0p3_ref200.json,0.5,20,fc1,2,2,1.0,0.9719487428665161,200
cka_feddst,mnist,0.9,13,results/logs/cka_strength_sweep/mnist_all_20260516_024344/strength_0p5/seed_13/splits/mnist_split_seed13_clients5_alpha0p3_ref200.json,0.5,20,fc1,2,3,0.9617294669151306,0.9719487428665161,200
cka_feddst,mnist,0.9,13,results/logs/cka_strength_sweep/mnist_all_20260516_024344/strength_0p5/seed_13/splits/mnist_split_seed13_clients5_alpha0p3_ref200.json,0.5,20,fc1,2,4,0.992148220539093,0.9719487428665161,200
cka_feddst,mnist,0.9,13,results/logs/cka_strength_sweep/mnist_all_20260516_024344/strength_0p5/seed_13/splits/mnist_split_seed13_clients5_alpha0p3_ref200.json,0.5,20,fc1,3,0,0.9487040638923645,0.9719487428665161,200
cka_feddst,mnist,0.9,13,results/logs/cka_strength_sweep/mnist_all_20260516_024344/strength_0p5/seed_13/splits/mnist_split_seed13_clients5_alpha0p3_ref200.json,0.5,20,fc1,3,1,0.9598199725151062,0.9719487428665161,200
cka_feddst,mnist,0.9,13,results/logs/cka_strength_sweep/mnist_all_20260516_024344/strength_0p5/seed_13/splits/mnist_split_seed13_clients5_alpha0p3_ref200.json,0.5,20,fc1,3,2,0.9617294669151306,0.9719487428665161,200
cka_feddst,mnist,0.9,13,results/logs/cka_strength_sweep/mnist_all_20260516_024344/strength_0p5/seed_13/splits/mnist_split_seed13_clients5_alpha0p3_ref200.json,0.5,20,fc1,3,3,1.0,0.9719487428665161,200
cka_feddst,mnist,0.9,13,results/logs/cka_strength_sweep/mnist_all_20260516_024344/strength_0p5/seed_13/splits/mnist_split_seed13_clients5_alpha0p3_ref200.json,0.5,20,fc1,3,4,0.9636327028274536,0.9719487428665161,200
cka_feddst,mnist,0.9,13,results/logs/cka_strength_sweep/mnist_all_20260516_024344/strength_0p5/seed_13/splits/mnist_split_seed13_clients5_alpha0p3_ref200.json,0.5,20,fc1,4,0,0.9922734498977661,0.9719487428665161,200
cka_feddst,mnist,0.9,13,results/logs/cka_strength_sweep/mnist_all_20260516_024344/strength_0p5/seed_13/splits/mnist_split_seed13_clients5_alpha0p3_ref200.json,0.5,20,fc1,4,1,0.9693370461463928,0.9719487428665161,200
cka_feddst,mnist,0.9,13,results/logs/cka_strength_sweep/mnist_all_20260516_024344/strength_0p5/seed_13/splits/mnist_split_seed13_clients5_alpha0p3_ref200.json,0.5,20,fc1,4,2,0.992148220539093,0.9719487428665161,200
cka_feddst,mnist,0.9,13,results/logs/cka_strength_sweep/mnist_all_20260516_024344/strength_0p5/seed_13/splits/mnist_split_seed13_clients5_alpha0p3_ref200.json,0.5,20,fc1,4,3,0.9636327028274536,0.9719487428665161,200
cka_feddst,mnist,0.9,13,results/logs/cka_strength_sweep/mnist_all_20260516_024344/strength_0p5/seed_13/splits/mnist_split_seed13_clients5_alpha0p3_ref200.json,0.5,20,fc1,4,4,1.0,0.9719487428665161,200
