method,dataset,sparsity,seed,split_manifest_path,cka_strength,round,layer,client_i,client_j,cka,average_layer_cka,num_reference_samples
cka_feddst,mnist,0.8,100,results/logs/cka_strength_sweep/all_20260516_024344/strength_1p0/seed_100/splits/mnist_split_seed100_clients5_alpha0p3_ref200.json,1.0,2,conv1,0,0,1.0,0.9999955892562866,200
cka_feddst,mnist,0.8,100,results/logs/cka_strength_sweep/all_20260516_024344/strength_1p0/seed_100/splits/mnist_split_seed100_clients5_alpha0p3_ref200.json,1.0,2,conv1,0,1,0.9999890327453613,0.9999955892562866,200
cka_feddst,mnist,0.8,100,results/logs/cka_strength_sweep/all_20260516_024344/strength_1p0/seed_100/splits/mnist_split_seed100_clients5_alpha0p3_ref200.json,1.0,2,conv1,0,2,0.9999947547912598,0.9999955892562866,200
cka_feddst,mnist,0.8,100,results/logs/cka_strength_sweep/all_20260516_024344/strength_1p0/seed_100/splits/mnist_split_seed100_clients5_alpha0p3_ref200.json,1.0,2,conv1,0,3,1.0,0.9999955892562866,200
cka_feddst,mnist,0.8,100,results/logs/cka_strength_sweep/all_20260516_024344/strength_1p0/seed_100/splits/mnist_split_seed100_clients5_alpha0p3_ref200.json,1.0,2,conv1,0,4,1.0,0.9999955892562866,200
cka_feddst,mnist,0.8,100,results/logs/cka_strength_sweep/all_20260516_024344/strength_1p0/seed_100/splits/mnist_split_seed100_clients5_alpha0p3_ref200.json,1.0,2,conv1,1,0,0.9999890327453613,0.9999955892562866,200
cka_feddst,mnist,0.8,100,results/logs/cka_strength_sweep/all_20260516_024344/strength_1p0/seed_100/splits/mnist_split_seed100_clients5_alpha0p3_ref200.json,1.0,2,conv1,1,1,1.0,0.9999955892562866,200
cka_feddst,mnist,0.8,100,results/logs/cka_strength_sweep/all_20260516_024344/strength_1p0/seed_100/splits/mnist_split_seed100_clients5_alpha0p3_ref200.json,1.0,2,conv1,1,2,0.9999988675117493,0.9999955892562866,200
cka_feddst,mnist,0.8,100,results/logs/cka_strength_sweep/all_20260516_024344/strength_1p0/seed_100/splits/mnist_split_seed100_clients5_alpha0p3_ref200.json,1.0,2,conv1,1,3,0.9999891519546509,0.9999955892562866,200
cka_feddst,mnist,0.8,100,results/logs/cka_strength_sweep/all_20260516_024344/strength_1p0/seed_100/splits/mnist_split_seed100_clients5_alpha0p3_ref200.json,1.0,2,conv1,1,4,0.9999924898147583,0.9999955892562866,200
cka_feddst,mnist,0.8,100,results/logs/cka_strength_sweep/all_20260516_024344/strength_1p0/seed_100/splits/mnist_split_seed100_clients5_alpha0p3_ref200.json,1.0,2,conv1,2,0,0.9999947547912598,0.9999955892562866,200
cka_feddst,mnist,0.8,100,results/logs/cka_strength_sweep/all_20260516_024344/strength_1p0/seed_100/splits/mnist_split_seed100_clients5_alpha0p3_ref200.json,1.0,2,conv1,2,1,0.9999988675117493,0.9999955892562866,200
cka_feddst,mnist,0.8,100,results/logs/cka_strength_sweep/all_20260516_024344/strength_1p0/seed_100/splits/mnist_split_seed100_clients5_alpha0p3_ref200.json,1.0,2,conv1,2,2,1.0,0.9999955892562866,200
cka_feddst,mnist,0.8,100,results/logs/cka_strength_sweep/all_20260516_024344/strength_1p0/seed_100/splits/mnist_split_seed100_clients5_alpha0p3_ref200.json,1.0,2,conv1,2,3,0.9999946355819702,0.9999955892562866,200
cka_feddst,mnist,0.8,100,results/logs/cka_strength_sweep/all_20260516_024344/strength_1p0/seed_100/splits/mnist_split_seed100_clients5_alpha0p3_ref200.json,1.0,2,conv1,2,4,0.999997079372406,0.9999955892562866,200
cka_feddst,mnist,0.8,100,results/logs/cka_strength_sweep/all_20260516_024344/strength_1p0/seed_100/splits/mnist_split_seed100_clients5_alpha0p3_ref200.json,1.0,2,conv1,3,0,1.0,0.9999955892562866,200
cka_feddst,mnist,0.8,100,results/logs/cka_strength_sweep/all_20260516_024344/strength_1p0/seed_100/splits/mnist_split_seed100_clients5_alpha0p3_ref200.json,1.0,2,conv1,3,1,0.9999891519546509,0.9999955892562866,200
cka_feddst,mnist,0.8,100,results/logs/cka_strength_sweep/all_20260516_024344/strength_1p0/seed_100/splits/mnist_split_seed100_clients5_alpha0p3_ref200.json,1.0,2,conv1,3,2,0.9999946355819702,0.9999955892562866,200
cka_feddst,mnist,0.8,100,results/logs/cka_strength_sweep/all_20260516_024344/strength_1p0/seed_100/splits/mnist_split_seed100_clients5_alpha0p3_ref200.json,1.0,2,conv1,3,3,1.0,0.9999955892562866,200
cka_feddst,mnist,0.8,100,results/logs/cka_strength_sweep/all_20260516_024344/strength_1p0/seed_100/splits/mnist_split_seed100_clients5_alpha0p3_ref200.json,1.0,2,conv1,3,4,1.0,0.9999955892562866,200
cka_feddst,mnist,0.8,100,results/logs/cka_strength_sweep/all_20260516_024344/strength_1p0/seed_100/splits/mnist_split_seed100_clients5_alpha0p3_ref200.json,1.0,2,conv1,4,0,1.0,0.9999955892562866,200
cka_feddst,mnist,0.8,100,results/logs/cka_strength_sweep/all_20260516_024344/strength_1p0/seed_100/splits/mnist_split_seed100_clients5_alpha0p3_ref200.json,1.0,2,conv1,4,1,0.9999924898147583,0.9999955892562866,200
cka_feddst,mnist,0.8,100,results/logs/cka_strength_sweep/all_20260516_024344/strength_1p0/seed_100/splits/mnist_split_seed100_clients5_alpha0p3_ref200.json,1.0,2,conv1,4,2,0.999997079372406,0.9999955892562866,200
cka_feddst,mnist,0.8,100,results/logs/cka_strength_sweep/all_20260516_024344/strength_1p0/seed_100/splits/mnist_split_seed100_clients5_alpha0p3_ref200.json,1.0,2,conv1,4,3,1.0,0.9999955892562866,200
cka_feddst,mnist,0.8,100,results/logs/cka_strength_sweep/all_20260516_024344/strength_1p0/seed_100/splits/mnist_split_seed100_clients5_alpha0p3_ref200.json,1.0,2,conv1,4,4,1.0,0.9999955892562866,200
cka_feddst,mnist,0.8,100,results/logs/cka_strength_sweep/all_20260516_024344/strength_1p0/seed_100/splits/mnist_split_seed100_clients5_alpha0p3_ref200.json,1.0,2,conv2,0,0,1.0,0.9977667927742004,200
cka_feddst,mnist,0.8,100,results/logs/cka_strength_sweep/all_20260516_024344/strength_1p0/seed_100/splits/mnist_split_seed100_clients5_alpha0p3_ref200.json,1.0,2,conv2,0,1,0.9953622817993164,0.9977667927742004,200
cka_feddst,mnist,0.8,100,results/logs/cka_strength_sweep/all_20260516_024344/strength_1p0/seed_100/splits/mnist_split_seed100_clients5_alpha0p3_ref200.json,1.0,2,conv2,0,2,0.9960378408432007,0.9977667927742004,200
cka_feddst,mnist,0.8,100,results/logs/cka_strength_sweep/all_20260516_024344/strength_1p0/seed_100/splits/mnist_split_seed100_clients5_alpha0p3_ref200.json,1.0,2,conv2,0,3,0.9999836683273315,0.9977667927742004,200
cka_feddst,mnist,0.8,100,results/logs/cka_strength_sweep/all_20260516_024344/strength_1p0/seed_100/splits/mnist_split_seed100_clients5_alpha0p3_ref200.json,1.0,2,conv2,0,4,0.9991682767868042,0.9977667927742004,200
cka_feddst,mnist,0.8,100,results/logs/cka_strength_sweep/all_20260516_024344/strength_1p0/seed_100/splits/mnist_split_seed100_clients5_alpha0p3_ref200.json,1.0,2,conv2,1,0,0.9953622817993164,0.9977667927742004,200
cka_feddst,mnist,0.8,100,results/logs/cka_strength_sweep/all_20260516_024344/strength_1p0/seed_100/splits/mnist_split_seed100_clients5_alpha0p3_ref200.json,1.0,2,conv2,1,1,1.0,0.9977667927742004,200
cka_feddst,mnist,0.8,100,results/logs/cka_strength_sweep/all_20260516_024344/strength_1p0/seed_100/splits/mnist_split_seed100_clients5_alpha0p3_ref200.json,1.0,2,conv2,1,2,0.999886155128479,0.9977667927742004,200
cka_feddst,mnist,0.8,100,results/logs/cka_strength_sweep/all_20260516_024344/strength_1p0/seed_100/splits/mnist_split_seed100_clients5_alpha0p3_ref200.json,1.0,2,conv2,1,3,0.9951637983322144,0.9977667927742004,200
cka_feddst,mnist,0.8,100,results/logs/cka_strength_sweep/all_20260516_024344/strength_1p0/seed_100/splits/mnist_split_seed100_clients5_alpha0p3_ref200.json,1.0,2,conv2,1,4,0.9984028339385986,0.9977667927742004,200
cka_feddst,mnist,0.8,100,results/logs/cka_strength_sweep/all_20260516_024344/strength_1p0/seed_100/splits/mnist_split_seed100_clients5_alpha0p3_ref200.json,1.0,2,conv2,2,0,0.9960378408432007,0.9977667927742004,200
cka_feddst,mnist,0.8,100,results/logs/cka_strength_sweep/all_20260516_024344/strength_1p0/seed_100/splits/mnist_split_seed100_clients5_alpha0p3_ref200.json,1.0,2,conv2,2,1,0.999886155128479,0.9977667927742004,200
cka_feddst,mnist,0.8,100,results/logs/cka_strength_sweep/all_20260516_024344/strength_1p0/seed_100/splits/mnist_split_seed100_clients5_alpha0p3_ref200.json,1.0,2,conv2,2,2,1.0,0.9977667927742004,200
cka_feddst,mnist,0.8,100,results/logs/cka_strength_sweep/all_20260516_024344/strength_1p0/seed_100/splits/mnist_split_seed100_clients5_alpha0p3_ref200.json,1.0,2,conv2,2,3,0.9958819150924683,0.9977667927742004,200
cka_feddst,mnist,0.8,100,results/logs/cka_strength_sweep/all_20260516_024344/strength_1p0/seed_100/splits/mnist_split_seed100_clients5_alpha0p3_ref200.json,1.0,2,conv2,2,4,0.9987123608589172,0.9977667927742004,200
cka_feddst,mnist,0.8,100,results/logs/cka_strength_sweep/all_20260516_024344/strength_1p0/seed_100/splits/mnist_split_seed100_clients5_alpha0p3_ref200.json,1.0,2,conv2,3,0,0.9999836683273315,0.9977667927742004,200
cka_feddst,mnist,0.8,100,results/logs/cka_strength_sweep/all_20260516_024344/strength_1p0/seed_100/splits/mnist_split_seed100_clients5_alpha0p3_ref200.json,1.0,2,conv2,3,1,0.9951637983322144,0.9977667927742004,200
cka_feddst,mnist,0.8,100,results/logs/cka_strength_sweep/all_20260516_024344/strength_1p0/seed_100/splits/mnist_split_seed100_clients5_alpha0p3_ref200.json,1.0,2,conv2,3,2,0.9958819150924683,0.9977667927742004,200
cka_feddst,mnist,0.8,100,results/logs/cka_strength_sweep/all_20260516_024344/strength_1p0/seed_100/splits/mnist_split_seed100_clients5_alpha0p3_ref200.json,1.0,2,conv2,3,3,1.0,0.9977667927742004,200
cka_feddst,mnist,0.8,100,results/logs/cka_strength_sweep/all_20260516_024344/strength_1p0/seed_100/splits/mnist_split_seed100_clients5_alpha0p3_ref200.json,1.0,2,conv2,3,4,0.9990679025650024,0.9977667927742004,200
cka_feddst,mnist,0.8,100,results/logs/cka_strength_sweep/all_20260516_024344/strength_1p0/seed_100/splits/mnist_split_seed100_clients5_alpha0p3_ref200.json,1.0,2,conv2,4,0,0.9991682767868042,0.9977667927742004,200
cka_feddst,mnist,0.8,100,results/logs/cka_strength_sweep/all_20260516_024344/strength_1p0/seed_100/splits/mnist_split_seed100_clients5_alpha0p3_ref200.json,1.0,2,conv2,4,1,0.9984028339385986,0.9977667927742004,200
cka_feddst,mnist,0.8,100,results/logs/cka_strength_sweep/all_20260516_024344/strength_1p0/seed_100/splits/mnist_split_seed100_clients5_alpha0p3_ref200.json,1.0,2,conv2,4,2,0.9987123608589172,0.9977667927742004,200
cka_feddst,mnist,0.8,100,results/logs/cka_strength_sweep/all_20260516_024344/strength_1p0/seed_100/splits/mnist_split_seed100_clients5_alpha0p3_ref200.json,1.0,2,conv2,4,3,0.9990679025650024,0.9977667927742004,200
cka_feddst,mnist,0.8,100,results/logs/cka_strength_sweep/all_20260516_024344/strength_1p0/seed_100/splits/mnist_split_seed100_clients5_alpha0p3_ref200.json,1.0,2,conv2,4,4,1.0,0.9977667927742004,200
cka_feddst,mnist,0.8,100,results/logs/cka_strength_sweep/all_20260516_024344/strength_1p0/seed_100/splits/mnist_split_seed100_clients5_alpha0p3_ref200.json,1.0,2,fc1,0,0,1.0,0.9355583190917969,200
cka_feddst,mnist,0.8,100,results/logs/cka_strength_sweep/all_20260516_024344/strength_1p0/seed_100/splits/mnist_split_seed100_clients5_alpha0p3_ref200.json,1.0,2,fc1,0,1,0.9404137134552002,0.9355583190917969,200
cka_feddst,mnist,0.8,100,results/logs/cka_strength_sweep/all_20260516_024344/strength_1p0/seed_100/splits/mnist_split_seed100_clients5_alpha0p3_ref200.json,1.0,2,fc1,0,2,0.9038374423980713,0.9355583190917969,200
cka_feddst,mnist,0.8,100,results/logs/cka_strength_sweep/all_20260516_024344/strength_1p0/seed_100/splits/mnist_split_seed100_clients5_alpha0p3_ref200.json,1.0,2,fc1,0,3,0.9548336863517761,0.9355583190917969,200
cka_feddst,mnist,0.8,100,results/logs/cka_strength_sweep/all_20260516_024344/strength_1p0/seed_100/splits/mnist_split_seed100_clients5_alpha0p3_ref200.json,1.0,2,fc1,0,4,0.9496937990188599,0.9355583190917969,200
cka_feddst,mnist,0.8,100,results/logs/cka_strength_sweep/all_20260516_024344/strength_1p0/seed_100/splits/mnist_split_seed100_clients5_alpha0p3_ref200.json,1.0,2,fc1,1,0,0.9404137134552002,0.9355583190917969,200
cka_feddst,mnist,0.8,100,results/logs/cka_strength_sweep/all_20260516_024344/strength_1p0/seed_100/splits/mnist_split_seed100_clients5_alpha0p3_ref200.json,1.0,2,fc1,1,1,1.0,0.9355583190917969,200
cka_feddst,mnist,0.8,100,results/logs/cka_strength_sweep/all_20260516_024344/strength_1p0/seed_100/splits/mnist_split_seed100_clients5_alpha0p3_ref200.json,1.0,2,fc1,1,2,0.9400907754898071,0.9355583190917969,200
cka_feddst,mnist,0.8,100,results/logs/cka_strength_sweep/all_20260516_024344/strength_1p0/seed_100/splits/mnist_split_seed100_clients5_alpha0p3_ref200.json,1.0,2,fc1,1,3,0.925270140171051,0.9355583190917969,200
cka_feddst,mnist,0.8,100,results/logs/cka_strength_sweep/all_20260516_024344/strength_1p0/seed_100/splits/mnist_split_seed100_clients5_alpha0p3_ref200.json,1.0,2,fc1,1,4,0.9464603662490845,0.9355583190917969,200
cka_feddst,mnist,0.8,100,results/logs/cka_strength_sweep/all_20260516_024344/strength_1p0/seed_100/splits/mnist_split_seed100_clients5_alpha0p3_ref200.json,1.0,2,fc1,2,0,0.9038374423980713,0.9355583190917969,200
cka_feddst,mnist,0.8,100,results/logs/cka_strength_sweep/all_20260516_024344/strength_1p0/seed_100/splits/mnist_split_seed100_clients5_alpha0p3_ref200.json,1.0,2,fc1,2,1,0.9400907754898071,0.9355583190917969,200
cka_feddst,mnist,0.8,100,results/logs/cka_strength_sweep/all_20260516_024344/strength_1p0/seed_100/splits/mnist_split_seed100_clients5_alpha0p3_ref200.json,1.0,2,fc1,2,2,1.0,0.9355583190917969,200
cka_feddst,mnist,0.8,100,results/logs/cka_strength_sweep/all_20260516_024344/strength_1p0/seed_100/splits/mnist_split_seed100_clients5_alpha0p3_ref200.json,1.0,2,fc1,2,3,0.9152255058288574,0.9355583190917969,200
cka_feddst,mnist,0.8,100,results/logs/cka_strength_sweep/all_20260516_024344/strength_1p0/seed_100/splits/mnist_split_seed100_clients5_alpha0p3_ref200.json,1.0,2,fc1,2,4,0.9558788537979126,0.9355583190917969,200
cka_feddst,mnist,0.8,100,results/logs/cka_strength_sweep/all_20260516_024344/strength_1p0/seed_100/splits/mnist_split_seed100_clients5_alpha0p3_ref200.json,1.0,2,fc1,3,0,0.9548336863517761,0.9355583190917969,200
cka_feddst,mnist,0.8,100,results/logs/cka_strength_sweep/all_20260516_024344/strength_1p0/seed_100/splits/mnist_split_seed100_clients5_alpha0p3_ref200.json,1.0,2,fc1,3,1,0.925270140171051,0.9355583190917969,200
cka_feddst,mnist,0.8,100,results/logs/cka_strength_sweep/all_20260516_024344/strength_1p0/seed_100/splits/mnist_split_seed100_clients5_alpha0p3_ref200.json,1.0,2,fc1,3,2,0.9152255058288574,0.9355583190917969,200
cka_feddst,mnist,0.8,100,results/logs/cka_strength_sweep/all_20260516_024344/strength_1p0/seed_100/splits/mnist_split_seed100_clients5_alpha0p3_ref200.json,1.0,2,fc1,3,3,1.0,0.9355583190917969,200
cka_feddst,mnist,0.8,100,results/logs/cka_strength_sweep/all_20260516_024344/strength_1p0/seed_100/splits/mnist_split_seed100_clients5_alpha0p3_ref200.json,1.0,2,fc1,3,4,0.9238784909248352,0.9355583190917969,200
cka_feddst,mnist,0.8,100,results/logs/cka_strength_sweep/all_20260516_024344/strength_1p0/seed_100/splits/mnist_split_seed100_clients5_alpha0p3_ref200.json,1.0,2,fc1,4,0,0.9496937990188599,0.9355583190917969,200
cka_feddst,mnist,0.8,100,results/logs/cka_strength_sweep/all_20260516_024344/strength_1p0/seed_100/splits/mnist_split_seed100_clients5_alpha0p3_ref200.json,1.0,2,fc1,4,1,0.9464603662490845,0.9355583190917969,200
cka_feddst,mnist,0.8,100,results/logs/cka_strength_sweep/all_20260516_024344/strength_1p0/seed_100/splits/mnist_split_seed100_clients5_alpha0p3_ref200.json,1.0,2,fc1,4,2,0.9558788537979126,0.9355583190917969,200
cka_feddst,mnist,0.8,100,results/logs/cka_strength_sweep/all_20260516_024344/strength_1p0/seed_100/splits/mnist_split_seed100_clients5_alpha0p3_ref200.json,1.0,2,fc1,4,3,0.9238784909248352,0.9355583190917969,200
cka_feddst,mnist,0.8,100,results/logs/cka_strength_sweep/all_20260516_024344/strength_1p0/seed_100/splits/mnist_split_seed100_clients5_alpha0p3_ref200.json,1.0,2,fc1,4,4,1.0,0.9355583190917969,200
cka_feddst,mnist,0.8,100,results/logs/cka_strength_sweep/all_20260516_024344/strength_1p0/seed_100/splits/mnist_split_seed100_clients5_alpha0p3_ref200.json,1.0,4,conv1,0,0,1.0,0.9999423027038574,200
cka_feddst,mnist,0.8,100,results/logs/cka_strength_sweep/all_20260516_024344/strength_1p0/seed_100/splits/mnist_split_seed100_clients5_alpha0p3_ref200.json,1.0,4,conv1,0,1,0.9999006986618042,0.9999423027038574,200
cka_feddst,mnist,0.8,100,results/logs/cka_strength_sweep/all_20260516_024344/strength_1p0/seed_100/splits/mnist_split_seed100_clients5_alpha0p3_ref200.json,1.0,4,conv1,0,2,0.9999843239784241,0.9999423027038574,200
cka_feddst,mnist,0.8,100,results/logs/cka_strength_sweep/all_20260516_024344/strength_1p0/seed_100/splits/mnist_split_seed100_clients5_alpha0p3_ref200.json,1.0,4,conv1,0,3,0.999993622303009,0.9999423027038574,200
cka_feddst,mnist,0.8,100,results/logs/cka_strength_sweep/all_20260516_024344/strength_1p0/seed_100/splits/mnist_split_seed100_clients5_alpha0p3_ref200.json,1.0,4,conv1,0,4,0.9999958276748657,0.9999423027038574,200
cka_feddst,mnist,0.8,100,results/logs/cka_strength_sweep/all_20260516_024344/strength_1p0/seed_100/splits/mnist_split_seed100_clients5_alpha0p3_ref200.json,1.0,4,conv1,1,0,0.9999006986618042,0.9999423027038574,200
cka_feddst,mnist,0.8,100,results/logs/cka_strength_sweep/all_20260516_024344/strength_1p0/seed_100/splits/mnist_split_seed100_clients5_alpha0p3_ref200.json,1.0,4,conv1,1,1,1.0,0.9999423027038574,200
cka_feddst,mnist,0.8,100,results/logs/cka_strength_sweep/all_20260516_024344/strength_1p0/seed_100/splits/mnist_split_seed100_clients5_alpha0p3_ref200.json,1.0,4,conv1,1,2,0.9998081922531128,0.9999423027038574,200
cka_feddst,mnist,0.8,100,results/logs/cka_strength_sweep/all_20260516_024344/strength_1p0/seed_100/splits/mnist_split_seed100_clients5_alpha0p3_ref200.json,1.0,4,conv1,1,3,0.9999431371688843,0.9999423027038574,200
cka_feddst,mnist,0.8,100,results/logs/cka_strength_sweep/all_20260516_024344/strength_1p0/seed_100/splits/mnist_split_seed100_clients5_alpha0p3_ref200.json,1.0,4,conv1,1,4,0.9998586773872375,0.9999423027038574,200
cka_feddst,mnist,0.8,100,results/logs/cka_strength_sweep/all_20260516_024344/strength_1p0/seed_100/splits/mnist_split_seed100_clients5_alpha0p3_ref200.json,1.0,4,conv1,2,0,0.9999843239784241,0.9999423027038574,200
cka_feddst,mnist,0.8,100,results/logs/cka_strength_sweep/all_20260516_024344/strength_1p0/seed_100/splits/mnist_split_seed100_clients5_alpha0p3_ref200.json,1.0,4,conv1,2,1,0.9998081922531128,0.9999423027038574,200
cka_feddst,mnist,0.8,100,results/logs/cka_strength_sweep/all_20260516_024344/strength_1p0/seed_100/splits/mnist_split_seed100_clients5_alpha0p3_ref200.json,1.0,4,conv1,2,2,1.0,0.9999423027038574,200
cka_feddst,mnist,0.8,100,results/logs/cka_strength_sweep/all_20260516_024344/strength_1p0/seed_100/splits/mnist_split_seed100_clients5_alpha0p3_ref200.json,1.0,4,conv1,2,3,0.9999605417251587,0.9999423027038574,200
cka_feddst,mnist,0.8,100,results/logs/cka_strength_sweep/all_20260516_024344/strength_1p0/seed_100/splits/mnist_split_seed100_clients5_alpha0p3_ref200.json,1.0,4,conv1,2,4,0.9999966025352478,0.9999423027038574,200
cka_feddst,mnist,0.8,100,results/logs/cka_strength_sweep/all_20260516_024344/strength_1p0/seed_100/splits/mnist_split_seed100_clients5_alpha0p3_ref200.json,1.0,4,conv1,3,0,0.999993622303009,0.9999423027038574,200
cka_feddst,mnist,0.8,100,results/logs/cka_strength_sweep/all_20260516_024344/strength_1p0/seed_100/splits/mnist_split_seed100_clients5_alpha0p3_ref200.json,1.0,4,conv1,3,1,0.9999431371688843,0.9999423027038574,200
cka_feddst,mnist,0.8,100,results/logs/cka_strength_sweep/all_20260516_024344/strength_1p0/seed_100/splits/mnist_split_seed100_clients5_alpha0p3_ref200.json,1.0,4,conv1,3,2,0.9999605417251587,0.9999423027038574,200
cka_feddst,mnist,0.8,100,results/logs/cka_strength_sweep/all_20260516_024344/strength_1p0/seed_100/splits/mnist_split_seed100_clients5_alpha0p3_ref200.json,1.0,4,conv1,3,3,1.0,0.9999423027038574,200
cka_feddst,mnist,0.8,100,results/logs/cka_strength_sweep/all_20260516_024344/strength_1p0/seed_100/splits/mnist_split_seed100_clients5_alpha0p3_ref200.json,1.0,4,conv1,3,4,0.9999813437461853,0.9999423027038574,200
cka_feddst,mnist,0.8,100,results/logs/cka_strength_sweep/all_20260516_024344/strength_1p0/seed_100/splits/mnist_split_seed100_clients5_alpha0p3_ref200.json,1.0,4,conv1,4,0,0.9999958276748657,0.9999423027038574,200
cka_feddst,mnist,0.8,100,results/logs/cka_strength_sweep/all_20260516_024344/strength_1p0/seed_100/splits/mnist_split_seed100_clients5_alpha0p3_ref200.json,1.0,4,conv1,4,1,0.9998586773872375,0.9999423027038574,200
cka_feddst,mnist,0.8,100,results/logs/cka_strength_sweep/all_20260516_024344/strength_1p0/seed_100/splits/mnist_split_seed100_clients5_alpha0p3_ref200.json,1.0,4,conv1,4,2,0.9999966025352478,0.9999423027038574,200
cka_feddst,mnist,0.8,100,results/logs/cka_strength_sweep/all_20260516_024344/strength_1p0/seed_100/splits/mnist_split_seed100_clients5_alpha0p3_ref200.json,1.0,4,conv1,4,3,0.9999813437461853,0.9999423027038574,200
cka_feddst,mnist,0.8,100,results/logs/cka_strength_sweep/all_20260516_024344/strength_1p0/seed_100/splits/mnist_split_seed100_clients5_alpha0p3_ref200.json,1.0,4,conv1,4,4,1.0,0.9999423027038574,200
cka_feddst,mnist,0.8,100,results/logs/cka_strength_sweep/all_20260516_024344/strength_1p0/seed_100/splits/mnist_split_seed100_clients5_alpha0p3_ref200.json,1.0,4,conv2,0,0,1.0,0.9998499155044556,200
cka_feddst,mnist,0.8,100,results/logs/cka_strength_sweep/all_20260516_024344/strength_1p0/seed_100/splits/mnist_split_seed100_clients5_alpha0p3_ref200.json,1.0,4,conv2,0,1,0.9998799562454224,0.9998499155044556,200
cka_feddst,mnist,0.8,100,results/logs/cka_strength_sweep/all_20260516_024344/strength_1p0/seed_100/splits/mnist_split_seed100_clients5_alpha0p3_ref200.json,1.0,4,conv2,0,2,0.9996551275253296,0.9998499155044556,200
cka_feddst,mnist,0.8,100,results/logs/cka_strength_sweep/all_20260516_024344/strength_1p0/seed_100/splits/mnist_split_seed100_clients5_alpha0p3_ref200.json,1.0,4,conv2,0,3,0.9996449947357178,0.9998499155044556,200
cka_feddst,mnist,0.8,100,results/logs/cka_strength_sweep/all_20260516_024344/strength_1p0/seed_100/splits/mnist_split_seed100_clients5_alpha0p3_ref200.json,1.0,4,conv2,0,4,0.9997671246528625,0.9998499155044556,200
cka_feddst,mnist,0.8,100,results/logs/cka_strength_sweep/all_20260516_024344/strength_1p0/seed_100/splits/mnist_split_seed100_clients5_alpha0p3_ref200.json,1.0,4,conv2,1,0,0.9998799562454224,0.9998499155044556,200
cka_feddst,mnist,0.8,100,results/logs/cka_strength_sweep/all_20260516_024344/strength_1p0/seed_100/splits/mnist_split_seed100_clients5_alpha0p3_ref200.json,1.0,4,conv2,1,1,1.0,0.9998499155044556,200
cka_feddst,mnist,0.8,100,results/logs/cka_strength_sweep/all_20260516_024344/strength_1p0/seed_100/splits/mnist_split_seed100_clients5_alpha0p3_ref200.json,1.0,4,conv2,1,2,0.9998470544815063,0.9998499155044556,200
cka_feddst,mnist,0.8,100,results/logs/cka_strength_sweep/all_20260516_024344/strength_1p0/seed_100/splits/mnist_split_seed100_clients5_alpha0p3_ref200.json,1.0,4,conv2,1,3,0.9998852610588074,0.9998499155044556,200
cka_feddst,mnist,0.8,100,results/logs/cka_strength_sweep/all_20260516_024344/strength_1p0/seed_100/splits/mnist_split_seed100_clients5_alpha0p3_ref200.json,1.0,4,conv2,1,4,0.999900221824646,0.9998499155044556,200
cka_feddst,mnist,0.8,100,results/logs/cka_strength_sweep/all_20260516_024344/strength_1p0/seed_100/splits/mnist_split_seed100_clients5_alpha0p3_ref200.json,1.0,4,conv2,2,0,0.9996551275253296,0.9998499155044556,200
cka_feddst,mnist,0.8,100,results/logs/cka_strength_sweep/all_20260516_024344/strength_1p0/seed_100/splits/mnist_split_seed100_clients5_alpha0p3_ref200.json,1.0,4,conv2,2,1,0.9998470544815063,0.9998499155044556,200
cka_feddst,mnist,0.8,100,results/logs/cka_strength_sweep/all_20260516_024344/strength_1p0/seed_100/splits/mnist_split_seed100_clients5_alpha0p3_ref200.json,1.0,4,conv2,2,2,1.0,0.9998499155044556,200
cka_feddst,mnist,0.8,100,results/logs/cka_strength_sweep/all_20260516_024344/strength_1p0/seed_100/splits/mnist_split_seed100_clients5_alpha0p3_ref200.json,1.0,4,conv2,2,3,0.9999837875366211,0.9998499155044556,200
cka_feddst,mnist,0.8,100,results/logs/cka_strength_sweep/all_20260516_024344/strength_1p0/seed_100/splits/mnist_split_seed100_clients5_alpha0p3_ref200.json,1.0,4,conv2,2,4,0.9999721646308899,0.9998499155044556,200
cka_feddst,mnist,0.8,100,results/logs/cka_strength_sweep/all_20260516_024344/strength_1p0/seed_100/splits/mnist_split_seed100_clients5_alpha0p3_ref200.json,1.0,4,conv2,3,0,0.9996449947357178,0.9998499155044556,200
cka_feddst,mnist,0.8,100,results/logs/cka_strength_sweep/all_20260516_024344/strength_1p0/seed_100/splits/mnist_split_seed100_clients5_alpha0p3_ref200.json,1.0,4,conv2,3,1,0.9998852610588074,0.9998499155044556,200
cka_feddst,mnist,0.8,100,results/logs/cka_strength_sweep/all_20260516_024344/strength_1p0/seed_100/splits/mnist_split_seed100_clients5_alpha0p3_ref200.json,1.0,4,conv2,3,2,0.9999837875366211,0.9998499155044556,200
cka_feddst,mnist,0.8,100,results/logs/cka_strength_sweep/all_20260516_024344/strength_1p0/seed_100/splits/mnist_split_seed100_clients5_alpha0p3_ref200.json,1.0,4,conv2,3,3,1.0,0.9998499155044556,200
cka_feddst,mnist,0.8,100,results/logs/cka_strength_sweep/all_20260516_024344/strength_1p0/seed_100/splits/mnist_split_seed100_clients5_alpha0p3_ref200.json,1.0,4,conv2,3,4,0.9999638199806213,0.9998499155044556,200
cka_feddst,mnist,0.8,100,results/logs/cka_strength_sweep/all_20260516_024344/strength_1p0/seed_100/splits/mnist_split_seed100_clients5_alpha0p3_ref200.json,1.0,4,conv2,4,0,0.9997671246528625,0.9998499155044556,200
cka_feddst,mnist,0.8,100,results/logs/cka_strength_sweep/all_20260516_024344/strength_1p0/seed_100/splits/mnist_split_seed100_clients5_alpha0p3_ref200.json,1.0,4,conv2,4,1,0.999900221824646,0.9998499155044556,200
cka_feddst,mnist,0.8,100,results/logs/cka_strength_sweep/all_20260516_024344/strength_1p0/seed_100/splits/mnist_split_seed100_clients5_alpha0p3_ref200.json,1.0,4,conv2,4,2,0.9999721646308899,0.9998499155044556,200
cka_feddst,mnist,0.8,100,results/logs/cka_strength_sweep/all_20260516_024344/strength_1p0/seed_100/splits/mnist_split_seed100_clients5_alpha0p3_ref200.json,1.0,4,conv2,4,3,0.9999638199806213,0.9998499155044556,200
cka_feddst,mnist,0.8,100,results/logs/cka_strength_sweep/all_20260516_024344/strength_1p0/seed_100/splits/mnist_split_seed100_clients5_alpha0p3_ref200.json,1.0,4,conv2,4,4,1.0,0.9998499155044556,200
cka_feddst,mnist,0.8,100,results/logs/cka_strength_sweep/all_20260516_024344/strength_1p0/seed_100/splits/mnist_split_seed100_clients5_alpha0p3_ref200.json,1.0,4,fc1,0,0,1.0,0.8515098690986633,200
cka_feddst,mnist,0.8,100,results/logs/cka_strength_sweep/all_20260516_024344/strength_1p0/seed_100/splits/mnist_split_seed100_clients5_alpha0p3_ref200.json,1.0,4,fc1,0,1,0.8283224105834961,0.8515098690986633,200
cka_feddst,mnist,0.8,100,results/logs/cka_strength_sweep/all_20260516_024344/strength_1p0/seed_100/splits/mnist_split_seed100_clients5_alpha0p3_ref200.json,1.0,4,fc1,0,2,0.9287655353546143,0.8515098690986633,200
cka_feddst,mnist,0.8,100,results/logs/cka_strength_sweep/all_20260516_024344/strength_1p0/seed_100/splits/mnist_split_seed100_clients5_alpha0p3_ref200.json,1.0,4,fc1,0,3,0.8844414949417114,0.8515098690986633,200
cka_feddst,mnist,0.8,100,results/logs/cka_strength_sweep/all_20260516_024344/strength_1p0/seed_100/splits/mnist_split_seed100_clients5_alpha0p3_ref200.json,1.0,4,fc1,0,4,0.857609212398529,0.8515098690986633,200
cka_feddst,mnist,0.8,100,results/logs/cka_strength_sweep/all_20260516_024344/strength_1p0/seed_100/splits/mnist_split_seed100_clients5_alpha0p3_ref200.json,1.0,4,fc1,1,0,0.8283224105834961,0.8515098690986633,200
cka_feddst,mnist,0.8,100,results/logs/cka_strength_sweep/all_20260516_024344/strength_1p0/seed_100/splits/mnist_split_seed100_clients5_alpha0p3_ref200.json,1.0,4,fc1,1,1,1.0,0.8515098690986633,200
cka_feddst,mnist,0.8,100,results/logs/cka_strength_sweep/all_20260516_024344/strength_1p0/seed_100/splits/mnist_split_seed100_clients5_alpha0p3_ref200.json,1.0,4,fc1,1,2,0.8104249835014343,0.8515098690986633,200
cka_feddst,mnist,0.8,100,results/logs/cka_strength_sweep/all_20260516_024344/strength_1p0/seed_100/splits/mnist_split_seed100_clients5_alpha0p3_ref200.json,1.0,4,fc1,1,3,0.8798118829727173,0.8515098690986633,200
cka_feddst,mnist,0.8,100,results/logs/cka_strength_sweep/all_20260516_024344/strength_1p0/seed_100/splits/mnist_split_seed100_clients5_alpha0p3_ref200.json,1.0,4,fc1,1,4,0.7867698669433594,0.8515098690986633,200
cka_feddst,mnist,0.8,100,results/logs/cka_strength_sweep/all_20260516_024344/strength_1p0/seed_100/splits/mnist_split_seed100_clients5_alpha0p3_ref200.json,1.0,4,fc1,2,0,0.9287655353546143,0.8515098690986633,200
cka_feddst,mnist,0.8,100,results/logs/cka_strength_sweep/all_20260516_024344/strength_1p0/seed_100/splits/mnist_split_seed100_clients5_alpha0p3_ref200.json,1.0,4,fc1,2,1,0.8104249835014343,0.8515098690986633,200
cka_feddst,mnist,0.8,100,results/logs/cka_strength_sweep/all_20260516_024344/strength_1p0/seed_100/splits/mnist_split_seed100_clients5_alpha0p3_ref200.json,1.0,4,fc1,2,2,1.0,0.8515098690986633,200
cka_feddst,mnist,0.8,100,results/logs/cka_strength_sweep/all_20260516_024344/strength_1p0/seed_100/splits/mnist_split_seed100_clients5_alpha0p3_ref200.json,1.0,4,fc1,2,3,0.8595132231712341,0.8515098690986633,200
cka_feddst,mnist,0.8,100,results/logs/cka_strength_sweep/all_20260516_024344/strength_1p0/seed_100/splits/mnist_split_seed100_clients5_alpha0p3_ref200.json,1.0,4,fc1,2,4,0.8124013543128967,0.8515098690986633,200
cka_feddst,mnist,0.8,100,results/logs/cka_strength_sweep/all_20260516_024344/strength_1p0/seed_100/splits/mnist_split_seed100_clients5_alpha0p3_ref200.json,1.0,4,fc1,3,0,0.8844414949417114,0.8515098690986633,200
cka_feddst,mnist,0.8,100,results/logs/cka_strength_sweep/all_20260516_024344/strength_1p0/seed_100/splits/mnist_split_seed100_clients5_alpha0p3_ref200.json,1.0,4,fc1,3,1,0.8798118829727173,0.8515098690986633,200
cka_feddst,mnist,0.8,100,results/logs/cka_strength_sweep/all_20260516_024344/strength_1p0/seed_100/splits/mnist_split_seed100_clients5_alpha0p3_ref200.json,1.0,4,fc1,3,2,0.8595132231712341,0.8515098690986633,200
cka_feddst,mnist,0.8,100,results/logs/cka_strength_sweep/all_20260516_024344/strength_1p0/seed_100/splits/mnist_split_seed100_clients5_alpha0p3_ref200.json,1.0,4,fc1,3,3,1.0,0.8515098690986633,200
cka_feddst,mnist,0.8,100,results/logs/cka_strength_sweep/all_20260516_024344/strength_1p0/seed_100/splits/mnist_split_seed100_clients5_alpha0p3_ref200.json,1.0,4,fc1,3,4,0.8670393228530884,0.8515098690986633,200
cka_feddst,mnist,0.8,100,results/logs/cka_strength_sweep/all_20260516_024344/strength_1p0/seed_100/splits/mnist_split_seed100_clients5_alpha0p3_ref200.json,1.0,4,fc1,4,0,0.857609212398529,0.8515098690986633,200
cka_feddst,mnist,0.8,100,results/logs/cka_strength_sweep/all_20260516_024344/strength_1p0/seed_100/splits/mnist_split_seed100_clients5_alpha0p3_ref200.json,1.0,4,fc1,4,1,0.7867698669433594,0.8515098690986633,200
cka_feddst,mnist,0.8,100,results/logs/cka_strength_sweep/all_20260516_024344/strength_1p0/seed_100/splits/mnist_split_seed100_clients5_alpha0p3_ref200.json,1.0,4,fc1,4,2,0.8124013543128967,0.8515098690986633,200
cka_feddst,mnist,0.8,100,results/logs/cka_strength_sweep/all_20260516_024344/strength_1p0/seed_100/splits/mnist_split_seed100_clients5_alpha0p3_ref200.json,1.0,4,fc1,4,3,0.8670393228530884,0.8515098690986633,200
cka_feddst,mnist,0.8,100,results/logs/cka_strength_sweep/all_20260516_024344/strength_1p0/seed_100/splits/mnist_split_seed100_clients5_alpha0p3_ref200.json,1.0,4,fc1,4,4,1.0,0.8515098690986633,200
cka_feddst,mnist,0.8,100,results/logs/cka_strength_sweep/all_20260516_024344/strength_1p0/seed_100/splits/mnist_split_seed100_clients5_alpha0p3_ref200.json,1.0,6,conv1,0,0,1.0,0.9999993443489075,200
cka_feddst,mnist,0.8,100,results/logs/cka_strength_sweep/all_20260516_024344/strength_1p0/seed_100/splits/mnist_split_seed100_clients5_alpha0p3_ref200.json,1.0,6,conv1,0,1,0.9999980330467224,0.9999993443489075,200
cka_feddst,mnist,0.8,100,results/logs/cka_strength_sweep/all_20260516_024344/strength_1p0/seed_100/splits/mnist_split_seed100_clients5_alpha0p3_ref200.json,1.0,6,conv1,0,2,0.9999983906745911,0.9999993443489075,200
cka_feddst,mnist,0.8,100,results/logs/cka_strength_sweep/all_20260516_024344/strength_1p0/seed_100/splits/mnist_split_seed100_clients5_alpha0p3_ref200.json,1.0,6,conv1,0,3,1.0,0.9999993443489075,200
cka_feddst,mnist,0.8,100,results/logs/cka_strength_sweep/all_20260516_024344/strength_1p0/seed_100/splits/mnist_split_seed100_clients5_alpha0p3_ref200.json,1.0,6,conv1,0,4,0.9999986886978149,0.9999993443489075,200
cka_feddst,mnist,0.8,100,results/logs/cka_strength_sweep/all_20260516_024344/strength_1p0/seed_100/splits/mnist_split_seed100_clients5_alpha0p3_ref200.json,1.0,6,conv1,1,0,0.9999980330467224,0.9999993443489075,200
cka_feddst,mnist,0.8,100,results/logs/cka_strength_sweep/all_20260516_024344/strength_1p0/seed_100/splits/mnist_split_seed100_clients5_alpha0p3_ref200.json,1.0,6,conv1,1,1,1.0,0.9999993443489075,200
cka_feddst,mnist,0.8,100,results/logs/cka_strength_sweep/all_20260516_024344/strength_1p0/seed_100/splits/mnist_split_seed100_clients5_alpha0p3_ref200.json,1.0,6,conv1,1,2,0.9999996423721313,0.9999993443489075,200
cka_feddst,mnist,0.8,100,results/logs/cka_strength_sweep/all_20260516_024344/strength_1p0/seed_100/splits/mnist_split_seed100_clients5_alpha0p3_ref200.json,1.0,6,conv1,1,3,0.9999995827674866,0.9999993443489075,200
cka_feddst,mnist,0.8,100,results/logs/cka_strength_sweep/all_20260516_024344/strength_1p0/seed_100/splits/mnist_split_seed100_clients5_alpha0p3_ref200.json,1.0,6,conv1,1,4,1.0,0.9999993443489075,200
cka_feddst,mnist,0.8,100,results/logs/cka_strength_sweep/all_20260516_024344/strength_1p0/seed_100/splits/mnist_split_seed100_clients5_alpha0p3_ref200.json,1.0,6,conv1,2,0,0.9999983906745911,0.9999993443489075,200
cka_feddst,mnist,0.8,100,results/logs/cka_strength_sweep/all_20260516_024344/strength_1p0/seed_100/splits/mnist_split_seed100_clients5_alpha0p3_ref200.json,1.0,6,conv1,2,1,0.9999996423721313,0.9999993443489075,200
cka_feddst,mnist,0.8,100,results/logs/cka_strength_sweep/all_20260516_024344/strength_1p0/seed_100/splits/mnist_split_seed100_clients5_alpha0p3_ref200.json,1.0,6,conv1,2,2,1.0,0.9999993443489075,200
cka_feddst,mnist,0.8,100,results/logs/cka_strength_sweep/all_20260516_024344/strength_1p0/seed_100/splits/mnist_split_seed100_clients5_alpha0p3_ref200.json,1.0,6,conv1,2,3,0.9999991655349731,0.9999993443489075,200
cka_feddst,mnist,0.8,100,results/logs/cka_strength_sweep/all_20260516_024344/strength_1p0/seed_100/splits/mnist_split_seed100_clients5_alpha0p3_ref200.json,1.0,6,conv1,2,4,1.0,0.9999993443489075,200
cka_feddst,mnist,0.8,100,results/logs/cka_strength_sweep/all_20260516_024344/strength_1p0/seed_100/splits/mnist_split_seed100_clients5_alpha0p3_ref200.json,1.0,6,conv1,3,0,1.0,0.9999993443489075,200
cka_feddst,mnist,0.8,100,results/logs/cka_strength_sweep/all_20260516_024344/strength_1p0/seed_100/splits/mnist_split_seed100_clients5_alpha0p3_ref200.json,1.0,6,conv1,3,1,0.9999995827674866,0.9999993443489075,200
cka_feddst,mnist,0.8,100,results/logs/cka_strength_sweep/all_20260516_024344/strength_1p0/seed_100/splits/mnist_split_seed100_clients5_alpha0p3_ref200.json,1.0,6,conv1,3,2,0.9999991655349731,0.9999993443489075,200
cka_feddst,mnist,0.8,100,results/logs/cka_strength_sweep/all_20260516_024344/strength_1p0/seed_100/splits/mnist_split_seed100_clients5_alpha0p3_ref200.json,1.0,6,conv1,3,3,1.0,0.9999993443489075,200
cka_feddst,mnist,0.8,100,results/logs/cka_strength_sweep/all_20260516_024344/strength_1p0/seed_100/splits/mnist_split_seed100_clients5_alpha0p3_ref200.json,1.0,6,conv1,3,4,0.9999996423721313,0.9999993443489075,200
cka_feddst,mnist,0.8,100,results/logs/cka_strength_sweep/all_20260516_024344/strength_1p0/seed_100/splits/mnist_split_seed100_clients5_alpha0p3_ref200.json,1.0,6,conv1,4,0,0.9999986886978149,0.9999993443489075,200
cka_feddst,mnist,0.8,100,results/logs/cka_strength_sweep/all_20260516_024344/strength_1p0/seed_100/splits/mnist_split_seed100_clients5_alpha0p3_ref200.json,1.0,6,conv1,4,1,1.0,0.9999993443489075,200
cka_feddst,mnist,0.8,100,results/logs/cka_strength_sweep/all_20260516_024344/strength_1p0/seed_100/splits/mnist_split_seed100_clients5_alpha0p3_ref200.json,1.0,6,conv1,4,2,1.0,0.9999993443489075,200
cka_feddst,mnist,0.8,100,results/logs/cka_strength_sweep/all_20260516_024344/strength_1p0/seed_100/splits/mnist_split_seed100_clients5_alpha0p3_ref200.json,1.0,6,conv1,4,3,0.9999996423721313,0.9999993443489075,200
cka_feddst,mnist,0.8,100,results/logs/cka_strength_sweep/all_20260516_024344/strength_1p0/seed_100/splits/mnist_split_seed100_clients5_alpha0p3_ref200.json,1.0,6,conv1,4,4,1.0,0.9999993443489075,200
cka_feddst,mnist,0.8,100,results/logs/cka_strength_sweep/all_20260516_024344/strength_1p0/seed_100/splits/mnist_split_seed100_clients5_alpha0p3_ref200.json,1.0,6,conv2,0,0,1.0,0.9999664425849915,200
cka_feddst,mnist,0.8,100,results/logs/cka_strength_sweep/all_20260516_024344/strength_1p0/seed_100/splits/mnist_split_seed100_clients5_alpha0p3_ref200.json,1.0,6,conv2,0,1,0.9999274611473083,0.9999664425849915,200
cka_feddst,mnist,0.8,100,results/logs/cka_strength_sweep/all_20260516_024344/strength_1p0/seed_100/splits/mnist_split_seed100_clients5_alpha0p3_ref200.json,1.0,6,conv2,0,2,0.9999964237213135,0.9999664425849915,200
cka_feddst,mnist,0.8,100,results/logs/cka_strength_sweep/all_20260516_024344/strength_1p0/seed_100/splits/mnist_split_seed100_clients5_alpha0p3_ref200.json,1.0,6,conv2,0,3,0.9999988079071045,0.9999664425849915,200
cka_feddst,mnist,0.8,100,results/logs/cka_strength_sweep/all_20260516_024344/strength_1p0/seed_100/splits/mnist_split_seed100_clients5_alpha0p3_ref200.json,1.0,6,conv2,0,4,0.9999945759773254,0.9999664425849915,200
cka_feddst,mnist,0.8,100,results/logs/cka_strength_sweep/all_20260516_024344/strength_1p0/seed_100/splits/mnist_split_seed100_clients5_alpha0p3_ref200.json,1.0,6,conv2,1,0,0.9999274611473083,0.9999664425849915,200
cka_feddst,mnist,0.8,100,results/logs/cka_strength_sweep/all_20260516_024344/strength_1p0/seed_100/splits/mnist_split_seed100_clients5_alpha0p3_ref200.json,1.0,6,conv2,1,1,1.0,0.9999664425849915,200
cka_feddst,mnist,0.8,100,results/logs/cka_strength_sweep/all_20260516_024344/strength_1p0/seed_100/splits/mnist_split_seed100_clients5_alpha0p3_ref200.json,1.0,6,conv2,1,2,0.9998958110809326,0.9999664425849915,200
cka_feddst,mnist,0.8,100,results/logs/cka_strength_sweep/all_20260516_024344/strength_1p0/seed_100/splits/mnist_split_seed100_clients5_alpha0p3_ref200.json,1.0,6,conv2,1,3,0.9999285340309143,0.9999664425849915,200
cka_feddst,mnist,0.8,100,results/logs/cka_strength_sweep/all_20260516_024344/strength_1p0/seed_100/splits/mnist_split_seed100_clients5_alpha0p3_ref200.json,1.0,6,conv2,1,4,0.9999525547027588,0.9999664425849915,200
cka_feddst,mnist,0.8,100,results/logs/cka_strength_sweep/all_20260516_024344/strength_1p0/seed_100/splits/mnist_split_seed100_clients5_alpha0p3_ref200.json,1.0,6,conv2,2,0,0.9999964237213135,0.9999664425849915,200
cka_feddst,mnist,0.8,100,results/logs/cka_strength_sweep/all_20260516_024344/strength_1p0/seed_100/splits/mnist_split_seed100_clients5_alpha0p3_ref200.json,1.0,6,conv2,2,1,0.9998958110809326,0.9999664425849915,200
cka_feddst,mnist,0.8,100,results/logs/cka_strength_sweep/all_20260516_024344/strength_1p0/seed_100/splits/mnist_split_seed100_clients5_alpha0p3_ref200.json,1.0,6,conv2,2,2,1.0,0.9999664425849915,200
cka_feddst,mnist,0.8,100,results/logs/cka_strength_sweep/all_20260516_024344/strength_1p0/seed_100/splits/mnist_split_seed100_clients5_alpha0p3_ref200.json,1.0,6,conv2,2,3,0.9999966621398926,0.9999664425849915,200
cka_feddst,mnist,0.8,100,results/logs/cka_strength_sweep/all_20260516_024344/strength_1p0/seed_100/splits/mnist_split_seed100_clients5_alpha0p3_ref200.json,1.0,6,conv2,2,4,0.9999840259552002,0.9999664425849915,200
cka_feddst,mnist,0.8,100,results/logs/cka_strength_sweep/all_20260516_024344/strength_1p0/seed_100/splits/mnist_split_seed100_clients5_alpha0p3_ref200.json,1.0,6,conv2,3,0,0.9999988079071045,0.9999664425849915,200
cka_feddst,mnist,0.8,100,results/logs/cka_strength_sweep/all_20260516_024344/strength_1p0/seed_100/splits/mnist_split_seed100_clients5_alpha0p3_ref200.json,1.0,6,conv2,3,1,0.9999285340309143,0.9999664425849915,200
cka_feddst,mnist,0.8,100,results/logs/cka_strength_sweep/all_20260516_024344/strength_1p0/seed_100/splits/mnist_split_seed100_clients5_alpha0p3_ref200.json,1.0,6,conv2,3,2,0.9999966621398926,0.9999664425849915,200
cka_feddst,mnist,0.8,100,results/logs/cka_strength_sweep/all_20260516_024344/strength_1p0/seed_100/splits/mnist_split_seed100_clients5_alpha0p3_ref200.json,1.0,6,conv2,3,3,1.0,0.9999664425849915,200
cka_feddst,mnist,0.8,100,results/logs/cka_strength_sweep/all_20260516_024344/strength_1p0/seed_100/splits/mnist_split_seed100_clients5_alpha0p3_ref200.json,1.0,6,conv2,3,4,0.9999901652336121,0.9999664425849915,200
cka_feddst,mnist,0.8,100,results/logs/cka_strength_sweep/all_20260516_024344/strength_1p0/seed_100/splits/mnist_split_seed100_clients5_alpha0p3_ref200.json,1.0,6,conv2,4,0,0.9999945759773254,0.9999664425849915,200
cka_feddst,mnist,0.8,100,results/logs/cka_strength_sweep/all_20260516_024344/strength_1p0/seed_100/splits/mnist_split_seed100_clients5_alpha0p3_ref200.json,1.0,6,conv2,4,1,0.9999525547027588,0.9999664425849915,200
cka_feddst,mnist,0.8,100,results/logs/cka_strength_sweep/all_20260516_024344/strength_1p0/seed_100/splits/mnist_split_seed100_clients5_alpha0p3_ref200.json,1.0,6,conv2,4,2,0.9999840259552002,0.9999664425849915,200
cka_feddst,mnist,0.8,100,results/logs/cka_strength_sweep/all_20260516_024344/strength_1p0/seed_100/splits/mnist_split_seed100_clients5_alpha0p3_ref200.json,1.0,6,conv2,4,3,0.9999901652336121,0.9999664425849915,200
cka_feddst,mnist,0.8,100,results/logs/cka_strength_sweep/all_20260516_024344/strength_1p0/seed_100/splits/mnist_split_seed100_clients5_alpha0p3_ref200.json,1.0,6,conv2,4,4,1.0,0.9999664425849915,200
cka_feddst,mnist,0.8,100,results/logs/cka_strength_sweep/all_20260516_024344/strength_1p0/seed_100/splits/mnist_split_seed100_clients5_alpha0p3_ref200.json,1.0,6,fc1,0,0,1.0,0.9753724932670593,200
cka_feddst,mnist,0.8,100,results/logs/cka_strength_sweep/all_20260516_024344/strength_1p0/seed_100/splits/mnist_split_seed100_clients5_alpha0p3_ref200.json,1.0,6,fc1,0,1,0.9594636559486389,0.9753724932670593,200
cka_feddst,mnist,0.8,100,results/logs/cka_strength_sweep/all_20260516_024344/strength_1p0/seed_100/splits/mnist_split_seed100_clients5_alpha0p3_ref200.json,1.0,6,fc1,0,2,0.9868367910385132,0.9753724932670593,200
cka_feddst,mnist,0.8,100,results/logs/cka_strength_sweep/all_20260516_024344/strength_1p0/seed_100/splits/mnist_split_seed100_clients5_alpha0p3_ref200.json,1.0,6,fc1,0,3,0.9836517572402954,0.9753724932670593,200
cka_feddst,mnist,0.8,100,results/logs/cka_strength_sweep/all_20260516_024344/strength_1p0/seed_100/splits/mnist_split_seed100_clients5_alpha0p3_ref200.json,1.0,6,fc1,0,4,0.9838553667068481,0.9753724932670593,200
cka_feddst,mnist,0.8,100,results/logs/cka_strength_sweep/all_20260516_024344/strength_1p0/seed_100/splits/mnist_split_seed100_clients5_alpha0p3_ref200.json,1.0,6,fc1,1,0,0.9594636559486389,0.9753724932670593,200
cka_feddst,mnist,0.8,100,results/logs/cka_strength_sweep/all_20260516_024344/strength_1p0/seed_100/splits/mnist_split_seed100_clients5_alpha0p3_ref200.json,1.0,6,fc1,1,1,1.0,0.9753724932670593,200
cka_feddst,mnist,0.8,100,results/logs/cka_strength_sweep/all_20260516_024344/strength_1p0/seed_100/splits/mnist_split_seed100_clients5_alpha0p3_ref200.json,1.0,6,fc1,1,2,0.9644165635108948,0.9753724932670593,200
cka_feddst,mnist,0.8,100,results/logs/cka_strength_sweep/all_20260516_024344/strength_1p0/seed_100/splits/mnist_split_seed100_clients5_alpha0p3_ref200.json,1.0,6,fc1,1,3,0.9721957445144653,0.9753724932670593,200
cka_feddst,mnist,0.8,100,results/logs/cka_strength_sweep/all_20260516_024344/strength_1p0/seed_100/splits/mnist_split_seed100_clients5_alpha0p3_ref200.json,1.0,6,fc1,1,4,0.9671576023101807,0.9753724932670593,200
cka_feddst,mnist,0.8,100,results/logs/cka_strength_sweep/all_20260516_024344/strength_1p0/seed_100/splits/mnist_split_seed100_clients5_alpha0p3_ref200.json,1.0,6,fc1,2,0,0.9868367910385132,0.9753724932670593,200
cka_feddst,mnist,0.8,100,results/logs/cka_strength_sweep/all_20260516_024344/strength_1p0/seed_100/splits/mnist_split_seed100_clients5_alpha0p3_ref200.json,1.0,6,fc1,2,1,0.9644165635108948,0.9753724932670593,200
cka_feddst,mnist,0.8,100,results/logs/cka_strength_sweep/all_20260516_024344/strength_1p0/seed_100/splits/mnist_split_seed100_clients5_alpha0p3_ref200.json,1.0,6,fc1,2,2,1.0,0.9753724932670593,200
cka_feddst,mnist,0.8,100,results/logs/cka_strength_sweep/all_20260516_024344/strength_1p0/seed_100/splits/mnist_split_seed100_clients5_alpha0p3_ref200.json,1.0,6,fc1,2,3,0.9737659096717834,0.9753724932670593,200
cka_feddst,mnist,0.8,100,results/logs/cka_strength_sweep/all_20260516_024344/strength_1p0/seed_100/splits/mnist_split_seed100_clients5_alpha0p3_ref200.json,1.0,6,fc1,2,4,0.977573037147522,0.9753724932670593,200
cka_feddst,mnist,0.8,100,results/logs/cka_strength_sweep/all_20260516_024344/strength_1p0/seed_100/splits/mnist_split_seed100_clients5_alpha0p3_ref200.json,1.0,6,fc1,3,0,0.9836517572402954,0.9753724932670593,200
cka_feddst,mnist,0.8,100,results/logs/cka_strength_sweep/all_20260516_024344/strength_1p0/seed_100/splits/mnist_split_seed100_clients5_alpha0p3_ref200.json,1.0,6,fc1,3,1,0.9721957445144653,0.9753724932670593,200
cka_feddst,mnist,0.8,100,results/logs/cka_strength_sweep/all_20260516_024344/strength_1p0/seed_100/splits/mnist_split_seed100_clients5_alpha0p3_ref200.json,1.0,6,fc1,3,2,0.9737659096717834,0.9753724932670593,200
cka_feddst,mnist,0.8,100,results/logs/cka_strength_sweep/all_20260516_024344/strength_1p0/seed_100/splits/mnist_split_seed100_clients5_alpha0p3_ref200.json,1.0,6,fc1,3,3,1.0,0.9753724932670593,200
cka_feddst,mnist,0.8,100,results/logs/cka_strength_sweep/all_20260516_024344/strength_1p0/seed_100/splits/mnist_split_seed100_clients5_alpha0p3_ref200.json,1.0,6,fc1,3,4,0.9848087430000305,0.9753724932670593,200
cka_feddst,mnist,0.8,100,results/logs/cka_strength_sweep/all_20260516_024344/strength_1p0/seed_100/splits/mnist_split_seed100_clients5_alpha0p3_ref200.json,1.0,6,fc1,4,0,0.9838553667068481,0.9753724932670593,200
cka_feddst,mnist,0.8,100,results/logs/cka_strength_sweep/all_20260516_024344/strength_1p0/seed_100/splits/mnist_split_seed100_clients5_alpha0p3_ref200.json,1.0,6,fc1,4,1,0.9671576023101807,0.9753724932670593,200
cka_feddst,mnist,0.8,100,results/logs/cka_strength_sweep/all_20260516_024344/strength_1p0/seed_100/splits/mnist_split_seed100_clients5_alpha0p3_ref200.json,1.0,6,fc1,4,2,0.977573037147522,0.9753724932670593,200
cka_feddst,mnist,0.8,100,results/logs/cka_strength_sweep/all_20260516_024344/strength_1p0/seed_100/splits/mnist_split_seed100_clients5_alpha0p3_ref200.json,1.0,6,fc1,4,3,0.9848087430000305,0.9753724932670593,200
cka_feddst,mnist,0.8,100,results/logs/cka_strength_sweep/all_20260516_024344/strength_1p0/seed_100/splits/mnist_split_seed100_clients5_alpha0p3_ref200.json,1.0,6,fc1,4,4,1.0,0.9753724932670593,200
cka_feddst,mnist,0.8,100,results/logs/cka_strength_sweep/all_20260516_024344/strength_1p0/seed_100/splits/mnist_split_seed100_clients5_alpha0p3_ref200.json,1.0,8,conv1,0,0,1.0,0.9999992251396179,200
cka_feddst,mnist,0.8,100,results/logs/cka_strength_sweep/all_20260516_024344/strength_1p0/seed_100/splits/mnist_split_seed100_clients5_alpha0p3_ref200.json,1.0,8,conv1,0,1,0.9999973177909851,0.9999992251396179,200
cka_feddst,mnist,0.8,100,results/logs/cka_strength_sweep/all_20260516_024344/strength_1p0/seed_100/splits/mnist_split_seed100_clients5_alpha0p3_ref200.json,1.0,8,conv1,0,2,1.0,0.9999992251396179,200
cka_feddst,mnist,0.8,100,results/logs/cka_strength_sweep/all_20260516_024344/strength_1p0/seed_100/splits/mnist_split_seed100_clients5_alpha0p3_ref200.json,1.0,8,conv1,0,3,1.0,0.9999992251396179,200
cka_feddst,mnist,0.8,100,results/logs/cka_strength_sweep/all_20260516_024344/strength_1p0/seed_100/splits/mnist_split_seed100_clients5_alpha0p3_ref200.json,1.0,8,conv1,0,4,0.9999988675117493,0.9999992251396179,200
cka_feddst,mnist,0.8,100,results/logs/cka_strength_sweep/all_20260516_024344/strength_1p0/seed_100/splits/mnist_split_seed100_clients5_alpha0p3_ref200.json,1.0,8,conv1,1,0,0.9999973177909851,0.9999992251396179,200
cka_feddst,mnist,0.8,100,results/logs/cka_strength_sweep/all_20260516_024344/strength_1p0/seed_100/splits/mnist_split_seed100_clients5_alpha0p3_ref200.json,1.0,8,conv1,1,1,1.0,0.9999992251396179,200
cka_feddst,mnist,0.8,100,results/logs/cka_strength_sweep/all_20260516_024344/strength_1p0/seed_100/splits/mnist_split_seed100_clients5_alpha0p3_ref200.json,1.0,8,conv1,1,2,0.9999976754188538,0.9999992251396179,200
cka_feddst,mnist,0.8,100,results/logs/cka_strength_sweep/all_20260516_024344/strength_1p0/seed_100/splits/mnist_split_seed100_clients5_alpha0p3_ref200.json,1.0,8,conv1,1,3,0.9999991059303284,0.9999992251396179,200
cka_feddst,mnist,0.8,100,results/logs/cka_strength_sweep/all_20260516_024344/strength_1p0/seed_100/splits/mnist_split_seed100_clients5_alpha0p3_ref200.json,1.0,8,conv1,1,4,0.9999997019767761,0.9999992251396179,200
cka_feddst,mnist,0.8,100,results/logs/cka_strength_sweep/all_20260516_024344/strength_1p0/seed_100/splits/mnist_split_seed100_clients5_alpha0p3_ref200.json,1.0,8,conv1,2,0,1.0,0.9999992251396179,200
cka_feddst,mnist,0.8,100,results/logs/cka_strength_sweep/all_20260516_024344/strength_1p0/seed_100/splits/mnist_split_seed100_clients5_alpha0p3_ref200.json,1.0,8,conv1,2,1,0.9999976754188538,0.9999992251396179,200
cka_feddst,mnist,0.8,100,results/logs/cka_strength_sweep/all_20260516_024344/strength_1p0/seed_100/splits/mnist_split_seed100_clients5_alpha0p3_ref200.json,1.0,8,conv1,2,2,1.0,0.9999992251396179,200
cka_feddst,mnist,0.8,100,results/logs/cka_strength_sweep/all_20260516_024344/strength_1p0/seed_100/splits/mnist_split_seed100_clients5_alpha0p3_ref200.json,1.0,8,conv1,2,3,1.0,0.9999992251396179,200
cka_feddst,mnist,0.8,100,results/logs/cka_strength_sweep/all_20260516_024344/strength_1p0/seed_100/splits/mnist_split_seed100_clients5_alpha0p3_ref200.json,1.0,8,conv1,2,4,0.9999992251396179,0.9999992251396179,200
cka_feddst,mnist,0.8,100,results/logs/cka_strength_sweep/all_20260516_024344/strength_1p0/seed_100/splits/mnist_split_seed100_clients5_alpha0p3_ref200.json,1.0,8,conv1,3,0,1.0,0.9999992251396179,200
cka_feddst,mnist,0.8,100,results/logs/cka_strength_sweep/all_20260516_024344/strength_1p0/seed_100/splits/mnist_split_seed100_clients5_alpha0p3_ref200.json,1.0,8,conv1,3,1,0.9999991059303284,0.9999992251396179,200
cka_feddst,mnist,0.8,100,results/logs/cka_strength_sweep/all_20260516_024344/strength_1p0/seed_100/splits/mnist_split_seed100_clients5_alpha0p3_ref200.json,1.0,8,conv1,3,2,1.0,0.9999992251396179,200
cka_feddst,mnist,0.8,100,results/logs/cka_strength_sweep/all_20260516_024344/strength_1p0/seed_100/splits/mnist_split_seed100_clients5_alpha0p3_ref200.json,1.0,8,conv1,3,3,1.0,0.9999992251396179,200
cka_feddst,mnist,0.8,100,results/logs/cka_strength_sweep/all_20260516_024344/strength_1p0/seed_100/splits/mnist_split_seed100_clients5_alpha0p3_ref200.json,1.0,8,conv1,3,4,1.0,0.9999992251396179,200
cka_feddst,mnist,0.8,100,results/logs/cka_strength_sweep/all_20260516_024344/strength_1p0/seed_100/splits/mnist_split_seed100_clients5_alpha0p3_ref200.json,1.0,8,conv1,4,0,0.9999988675117493,0.9999992251396179,200
cka_feddst,mnist,0.8,100,results/logs/cka_strength_sweep/all_20260516_024344/strength_1p0/seed_100/splits/mnist_split_seed100_clients5_alpha0p3_ref200.json,1.0,8,conv1,4,1,0.9999997019767761,0.9999992251396179,200
cka_feddst,mnist,0.8,100,results/logs/cka_strength_sweep/all_20260516_024344/strength_1p0/seed_100/splits/mnist_split_seed100_clients5_alpha0p3_ref200.json,1.0,8,conv1,4,2,0.9999992251396179,0.9999992251396179,200
cka_feddst,mnist,0.8,100,results/logs/cka_strength_sweep/all_20260516_024344/strength_1p0/seed_100/splits/mnist_split_seed100_clients5_alpha0p3_ref200.json,1.0,8,conv1,4,3,1.0,0.9999992251396179,200
cka_feddst,mnist,0.8,100,results/logs/cka_strength_sweep/all_20260516_024344/strength_1p0/seed_100/splits/mnist_split_seed100_clients5_alpha0p3_ref200.json,1.0,8,conv1,4,4,1.0,0.9999992251396179,200
cka_feddst,mnist,0.8,100,results/logs/cka_strength_sweep/all_20260516_024344/strength_1p0/seed_100/splits/mnist_split_seed100_clients5_alpha0p3_ref200.json,1.0,8,conv2,0,0,1.0,0.9999683499336243,200
cka_feddst,mnist,0.8,100,results/logs/cka_strength_sweep/all_20260516_024344/strength_1p0/seed_100/splits/mnist_split_seed100_clients5_alpha0p3_ref200.json,1.0,8,conv2,0,1,0.999908983707428,0.9999683499336243,200
cka_feddst,mnist,0.8,100,results/logs/cka_strength_sweep/all_20260516_024344/strength_1p0/seed_100/splits/mnist_split_seed100_clients5_alpha0p3_ref200.json,1.0,8,conv2,0,2,0.9999997615814209,0.9999683499336243,200
cka_feddst,mnist,0.8,100,results/logs/cka_strength_sweep/all_20260516_024344/strength_1p0/seed_100/splits/mnist_split_seed100_clients5_alpha0p3_ref200.json,1.0,8,conv2,0,3,0.999993622303009,0.9999683499336243,200
cka_feddst,mnist,0.8,100,results/logs/cka_strength_sweep/all_20260516_024344/strength_1p0/seed_100/splits/mnist_split_seed100_clients5_alpha0p3_ref200.json,1.0,8,conv2,0,4,0.9999834299087524,0.9999683499336243,200
cka_feddst,mnist,0.8,100,results/logs/cka_strength_sweep/all_20260516_024344/strength_1p0/seed_100/splits/mnist_split_seed100_clients5_alpha0p3_ref200.json,1.0,8,conv2,1,0,0.999908983707428,0.9999683499336243,200
cka_feddst,mnist,0.8,100,results/logs/cka_strength_sweep/all_20260516_024344/strength_1p0/seed_100/splits/mnist_split_seed100_clients5_alpha0p3_ref200.json,1.0,8,conv2,1,1,1.0,0.9999683499336243,200
cka_feddst,mnist,0.8,100,results/logs/cka_strength_sweep/all_20260516_024344/strength_1p0/seed_100/splits/mnist_split_seed100_clients5_alpha0p3_ref200.json,1.0,8,conv2,1,2,0.999910831451416,0.9999683499336243,200
cka_feddst,mnist,0.8,100,results/logs/cka_strength_sweep/all_20260516_024344/strength_1p0/seed_100/splits/mnist_split_seed100_clients5_alpha0p3_ref200.json,1.0,8,conv2,1,3,0.9999510645866394,0.9999683499336243,200
cka_feddst,mnist,0.8,100,results/logs/cka_strength_sweep/all_20260516_024344/strength_1p0/seed_100/splits/mnist_split_seed100_clients5_alpha0p3_ref200.json,1.0,8,conv2,1,4,0.9999620318412781,0.9999683499336243,200
cka_feddst,mnist,0.8,100,results/logs/cka_strength_sweep/all_20260516_024344/strength_1p0/seed_100/splits/mnist_split_seed100_clients5_alpha0p3_ref200.json,1.0,8,conv2,2,0,0.9999997615814209,0.9999683499336243,200
cka_feddst,mnist,0.8,100,results/logs/cka_strength_sweep/all_20260516_024344/strength_1p0/seed_100/splits/mnist_split_seed100_clients5_alpha0p3_ref200.json,1.0,8,conv2,2,1,0.999910831451416,0.9999683499336243,200
cka_feddst,mnist,0.8,100,results/logs/cka_strength_sweep/all_20260516_024344/strength_1p0/seed_100/splits/mnist_split_seed100_clients5_alpha0p3_ref200.json,1.0,8,conv2,2,2,1.0,0.9999683499336243,200
cka_feddst,mnist,0.8,100,results/logs/cka_strength_sweep/all_20260516_024344/strength_1p0/seed_100/splits/mnist_split_seed100_clients5_alpha0p3_ref200.json,1.0,8,conv2,2,3,0.999993622303009,0.9999683499336243,200
cka_feddst,mnist,0.8,100,results/logs/cka_strength_sweep/all_20260516_024344/strength_1p0/seed_100/splits/mnist_split_seed100_clients5_alpha0p3_ref200.json,1.0,8,conv2,2,4,0.9999861717224121,0.9999683499336243,200
cka_feddst,mnist,0.8,100,results/logs/cka_strength_sweep/all_20260516_024344/strength_1p0/seed_100/splits/mnist_split_seed100_clients5_alpha0p3_ref200.json,1.0,8,conv2,3,0,0.999993622303009,0.9999683499336243,200
cka_feddst,mnist,0.8,100,results/logs/cka_strength_sweep/all_20260516_024344/strength_1p0/seed_100/splits/mnist_split_seed100_clients5_alpha0p3_ref200.json,1.0,8,conv2,3,1,0.9999510645866394,0.9999683499336243,200
cka_feddst,mnist,0.8,100,results/logs/cka_strength_sweep/all_20260516_024344/strength_1p0/seed_100/splits/mnist_split_seed100_clients5_alpha0p3_ref200.json,1.0,8,conv2,3,2,0.999993622303009,0.9999683499336243,200
cka_feddst,mnist,0.8,100,results/logs/cka_strength_sweep/all_20260516_024344/strength_1p0/seed_100/splits/mnist_split_seed100_clients5_alpha0p3_ref200.json,1.0,8,conv2,3,3,1.0,0.9999683499336243,200
cka_feddst,mnist,0.8,100,results/logs/cka_strength_sweep/all_20260516_024344/strength_1p0/seed_100/splits/mnist_split_seed100_clients5_alpha0p3_ref200.json,1.0,8,conv2,3,4,0.9999942779541016,0.9999683499336243,200
cka_feddst,mnist,0.8,100,results/logs/cka_strength_sweep/all_20260516_024344/strength_1p0/seed_100/splits/mnist_split_seed100_clients5_alpha0p3_ref200.json,1.0,8,conv2,4,0,0.9999834299087524,0.9999683499336243,200
cka_feddst,mnist,0.8,100,results/logs/cka_strength_sweep/all_20260516_024344/strength_1p0/seed_100/splits/mnist_split_seed100_clients5_alpha0p3_ref200.json,1.0,8,conv2,4,1,0.9999620318412781,0.9999683499336243,200
cka_feddst,mnist,0.8,100,results/logs/cka_strength_sweep/all_20260516_024344/strength_1p0/seed_100/splits/mnist_split_seed100_clients5_alpha0p3_ref200.json,1.0,8,conv2,4,2,0.9999861717224121,0.9999683499336243,200
cka_feddst,mnist,0.8,100,results/logs/cka_strength_sweep/all_20260516_024344/strength_1p0/seed_100/splits/mnist_split_seed100_clients5_alpha0p3_ref200.json,1.0,8,conv2,4,3,0.9999942779541016,0.9999683499336243,200
cka_feddst,mnist,0.8,100,results/logs/cka_strength_sweep/all_20260516_024344/strength_1p0/seed_100/splits/mnist_split_seed100_clients5_alpha0p3_ref200.json,1.0,8,conv2,4,4,1.0,0.9999683499336243,200
cka_feddst,mnist,0.8,100,results/logs/cka_strength_sweep/all_20260516_024344/strength_1p0/seed_100/splits/mnist_split_seed100_clients5_alpha0p3_ref200.json,1.0,8,fc1,0,0,1.0,0.9780410528182983,200
cka_feddst,mnist,0.8,100,results/logs/cka_strength_sweep/all_20260516_024344/strength_1p0/seed_100/splits/mnist_split_seed100_clients5_alpha0p3_ref200.json,1.0,8,fc1,0,1,0.9681926965713501,0.9780410528182983,200
cka_feddst,mnist,0.8,100,results/logs/cka_strength_sweep/all_20260516_024344/strength_1p0/seed_100/splits/mnist_split_seed100_clients5_alpha0p3_ref200.json,1.0,8,fc1,0,2,0.9887133240699768,0.9780410528182983,200
cka_feddst,mnist,0.8,100,results/logs/cka_strength_sweep/all_20260516_024344/strength_1p0/seed_100/splits/mnist_split_seed100_clients5_alpha0p3_ref200.json,1.0,8,fc1,0,3,0.9830724000930786,0.9780410528182983,200
cka_feddst,mnist,0.8,100,results/logs/cka_strength_sweep/all_20260516_024344/strength_1p0/seed_100/splits/mnist_split_seed100_clients5_alpha0p3_ref200.json,1.0,8,fc1,0,4,0.9866058230400085,0.9780410528182983,200
cka_feddst,mnist,0.8,100,results/logs/cka_strength_sweep/all_20260516_024344/strength_1p0/seed_100/splits/mnist_split_seed100_clients5_alpha0p3_ref200.json,1.0,8,fc1,1,0,0.9681926965713501,0.9780410528182983,200
cka_feddst,mnist,0.8,100,results/logs/cka_strength_sweep/all_20260516_024344/strength_1p0/seed_100/splits/mnist_split_seed100_clients5_alpha0p3_ref200.json,1.0,8,fc1,1,1,1.0,0.9780410528182983,200
cka_feddst,mnist,0.8,100,results/logs/cka_strength_sweep/all_20260516_024344/strength_1p0/seed_100/splits/mnist_split_seed100_clients5_alpha0p3_ref200.json,1.0,8,fc1,1,2,0.9658870697021484,0.9780410528182983,200
cka_feddst,mnist,0.8,100,results/logs/cka_strength_sweep/all_20260516_024344/strength_1p0/seed_100/splits/mnist_split_seed100_clients5_alpha0p3_ref200.json,1.0,8,fc1,1,3,0.9778161644935608,0.9780410528182983,200
cka_feddst,mnist,0.8,100,results/logs/cka_strength_sweep/all_20260516_024344/strength_1p0/seed_100/splits/mnist_split_seed100_clients5_alpha0p3_ref200.json,1.0,8,fc1,1,4,0.9804723262786865,0.9780410528182983,200
cka_feddst,mnist,0.8,100,results/logs/cka_strength_sweep/all_20260516_024344/strength_1p0/seed_100/splits/mnist_split_seed100_clients5_alpha0p3_ref200.json,1.0,8,fc1,2,0,0.9887133240699768,0.9780410528182983,200
cka_feddst,mnist,0.8,100,results/logs/cka_strength_sweep/all_20260516_024344/strength_1p0/seed_100/splits/mnist_split_seed100_clients5_alpha0p3_ref200.json,1.0,8,fc1,2,1,0.9658870697021484,0.9780410528182983,200
cka_feddst,mnist,0.8,100,results/logs/cka_strength_sweep/all_20260516_024344/strength_1p0/seed_100/splits/mnist_split_seed100_clients5_alpha0p3_ref200.json,1.0,8,fc1,2,2,1.0,0.9780410528182983,200
cka_feddst,mnist,0.8,100,results/logs/cka_strength_sweep/all_20260516_024344/strength_1p0/seed_100/splits/mnist_split_seed100_clients5_alpha0p3_ref200.json,1.0,8,fc1,2,3,0.9670637845993042,0.9780410528182983,200
cka_feddst,mnist,0.8,100,results/logs/cka_strength_sweep/all_20260516_024344/strength_1p0/seed_100/splits/mnist_split_seed100_clients5_alpha0p3_ref200.json,1.0,8,fc1,2,4,0.9785401821136475,0.9780410528182983,200
cka_feddst,mnist,0.8,100,results/logs/cka_strength_sweep/all_20260516_024344/strength_1p0/seed_100/splits/mnist_split_seed100_clients5_alpha0p3_ref200.json,1.0,8,fc1,3,0,0.9830724000930786,0.9780410528182983,200
cka_feddst,mnist,0.8,100,results/logs/cka_strength_sweep/all_20260516_024344/strength_1p0/seed_100/splits/mnist_split_seed100_clients5_alpha0p3_ref200.json,1.0,8,fc1,3,1,0.9778161644935608,0.9780410528182983,200
cka_feddst,mnist,0.8,100,results/logs/cka_strength_sweep/all_20260516_024344/strength_1p0/seed_100/splits/mnist_split_seed100_clients5_alpha0p3_ref200.json,1.0,8,fc1,3,2,0.9670637845993042,0.9780410528182983,200
cka_feddst,mnist,0.8,100,results/logs/cka_strength_sweep/all_20260516_024344/strength_1p0/seed_100/splits/mnist_split_seed100_clients5_alpha0p3_ref200.json,1.0,8,fc1,3,3,1.0,0.9780410528182983,200
cka_feddst,mnist,0.8,100,results/logs/cka_strength_sweep/all_20260516_024344/strength_1p0/seed_100/splits/mnist_split_seed100_clients5_alpha0p3_ref200.json,1.0,8,fc1,3,4,0.9840469360351562,0.9780410528182983,200
cka_feddst,mnist,0.8,100,results/logs/cka_strength_sweep/all_20260516_024344/strength_1p0/seed_100/splits/mnist_split_seed100_clients5_alpha0p3_ref200.json,1.0,8,fc1,4,0,0.9866058230400085,0.9780410528182983,200
cka_feddst,mnist,0.8,100,results/logs/cka_strength_sweep/all_20260516_024344/strength_1p0/seed_100/splits/mnist_split_seed100_clients5_alpha0p3_ref200.json,1.0,8,fc1,4,1,0.9804723262786865,0.9780410528182983,200
cka_feddst,mnist,0.8,100,results/logs/cka_strength_sweep/all_20260516_024344/strength_1p0/seed_100/splits/mnist_split_seed100_clients5_alpha0p3_ref200.json,1.0,8,fc1,4,2,0.9785401821136475,0.9780410528182983,200
cka_feddst,mnist,0.8,100,results/logs/cka_strength_sweep/all_20260516_024344/strength_1p0/seed_100/splits/mnist_split_seed100_clients5_alpha0p3_ref200.json,1.0,8,fc1,4,3,0.9840469360351562,0.9780410528182983,200
cka_feddst,mnist,0.8,100,results/logs/cka_strength_sweep/all_20260516_024344/strength_1p0/seed_100/splits/mnist_split_seed100_clients5_alpha0p3_ref200.json,1.0,8,fc1,4,4,1.0,0.9780410528182983,200
cka_feddst,mnist,0.8,100,results/logs/cka_strength_sweep/all_20260516_024344/strength_1p0/seed_100/splits/mnist_split_seed100_clients5_alpha0p3_ref200.json,1.0,10,conv1,0,0,1.0,0.9999992251396179,200
cka_feddst,mnist,0.8,100,results/logs/cka_strength_sweep/all_20260516_024344/strength_1p0/seed_100/splits/mnist_split_seed100_clients5_alpha0p3_ref200.json,1.0,10,conv1,0,1,0.9999985694885254,0.9999992251396179,200
cka_feddst,mnist,0.8,100,results/logs/cka_strength_sweep/all_20260516_024344/strength_1p0/seed_100/splits/mnist_split_seed100_clients5_alpha0p3_ref200.json,1.0,10,conv1,0,2,1.0,0.9999992251396179,200
cka_feddst,mnist,0.8,100,results/logs/cka_strength_sweep/all_20260516_024344/strength_1p0/seed_100/splits/mnist_split_seed100_clients5_alpha0p3_ref200.json,1.0,10,conv1,0,3,0.9999990463256836,0.9999992251396179,200
cka_feddst,mnist,0.8,100,results/logs/cka_strength_sweep/all_20260516_024344/strength_1p0/seed_100/splits/mnist_split_seed100_clients5_alpha0p3_ref200.json,1.0,10,conv1,0,4,0.9999991059303284,0.9999992251396179,200
cka_feddst,mnist,0.8,100,results/logs/cka_strength_sweep/all_20260516_024344/strength_1p0/seed_100/splits/mnist_split_seed100_clients5_alpha0p3_ref200.json,1.0,10,conv1,1,0,0.9999985694885254,0.9999992251396179,200
cka_feddst,mnist,0.8,100,results/logs/cka_strength_sweep/all_20260516_024344/strength_1p0/seed_100/splits/mnist_split_seed100_clients5_alpha0p3_ref200.json,1.0,10,conv1,1,1,1.0,0.9999992251396179,200
cka_feddst,mnist,0.8,100,results/logs/cka_strength_sweep/all_20260516_024344/strength_1p0/seed_100/splits/mnist_split_seed100_clients5_alpha0p3_ref200.json,1.0,10,conv1,1,2,0.9999985098838806,0.9999992251396179,200
cka_feddst,mnist,0.8,100,results/logs/cka_strength_sweep/all_20260516_024344/strength_1p0/seed_100/splits/mnist_split_seed100_clients5_alpha0p3_ref200.json,1.0,10,conv1,1,3,0.9999995827674866,0.9999992251396179,200
cka_feddst,mnist,0.8,100,results/logs/cka_strength_sweep/all_20260516_024344/strength_1p0/seed_100/splits/mnist_split_seed100_clients5_alpha0p3_ref200.json,1.0,10,conv1,1,4,0.9999995827674866,0.9999992251396179,200
cka_feddst,mnist,0.8,100,results/logs/cka_strength_sweep/all_20260516_024344/strength_1p0/seed_100/splits/mnist_split_seed100_clients5_alpha0p3_ref200.json,1.0,10,conv1,2,0,1.0,0.9999992251396179,200
cka_feddst,mnist,0.8,100,results/logs/cka_strength_sweep/all_20260516_024344/strength_1p0/seed_100/splits/mnist_split_seed100_clients5_alpha0p3_ref200.json,1.0,10,conv1,2,1,0.9999985098838806,0.9999992251396179,200
cka_feddst,mnist,0.8,100,results/logs/cka_strength_sweep/all_20260516_024344/strength_1p0/seed_100/splits/mnist_split_seed100_clients5_alpha0p3_ref200.json,1.0,10,conv1,2,2,1.0,0.9999992251396179,200
cka_feddst,mnist,0.8,100,results/logs/cka_strength_sweep/all_20260516_024344/strength_1p0/seed_100/splits/mnist_split_seed100_clients5_alpha0p3_ref200.json,1.0,10,conv1,2,3,0.9999990463256836,0.9999992251396179,200
cka_feddst,mnist,0.8,100,results/logs/cka_strength_sweep/all_20260516_024344/strength_1p0/seed_100/splits/mnist_split_seed100_clients5_alpha0p3_ref200.json,1.0,10,conv1,2,4,0.9999992251396179,0.9999992251396179,200
cka_feddst,mnist,0.8,100,results/logs/cka_strength_sweep/all_20260516_024344/strength_1p0/seed_100/splits/mnist_split_seed100_clients5_alpha0p3_ref200.json,1.0,10,conv1,3,0,0.9999990463256836,0.9999992251396179,200
cka_feddst,mnist,0.8,100,results/logs/cka_strength_sweep/all_20260516_024344/strength_1p0/seed_100/splits/mnist_split_seed100_clients5_alpha0p3_ref200.json,1.0,10,conv1,3,1,0.9999995827674866,0.9999992251396179,200
cka_feddst,mnist,0.8,100,results/logs/cka_strength_sweep/all_20260516_024344/strength_1p0/seed_100/splits/mnist_split_seed100_clients5_alpha0p3_ref200.json,1.0,10,conv1,3,2,0.9999990463256836,0.9999992251396179,200
cka_feddst,mnist,0.8,100,results/logs/cka_strength_sweep/all_20260516_024344/strength_1p0/seed_100/splits/mnist_split_seed100_clients5_alpha0p3_ref200.json,1.0,10,conv1,3,3,1.0,0.9999992251396179,200
cka_feddst,mnist,0.8,100,results/logs/cka_strength_sweep/all_20260516_024344/strength_1p0/seed_100/splits/mnist_split_seed100_clients5_alpha0p3_ref200.json,1.0,10,conv1,3,4,0.9999995231628418,0.9999992251396179,200
cka_feddst,mnist,0.8,100,results/logs/cka_strength_sweep/all_20260516_024344/strength_1p0/seed_100/splits/mnist_split_seed100_clients5_alpha0p3_ref200.json,1.0,10,conv1,4,0,0.9999991059303284,0.9999992251396179,200
cka_feddst,mnist,0.8,100,results/logs/cka_strength_sweep/all_20260516_024344/strength_1p0/seed_100/splits/mnist_split_seed100_clients5_alpha0p3_ref200.json,1.0,10,conv1,4,1,0.9999995827674866,0.9999992251396179,200
cka_feddst,mnist,0.8,100,results/logs/cka_strength_sweep/all_20260516_024344/strength_1p0/seed_100/splits/mnist_split_seed100_clients5_alpha0p3_ref200.json,1.0,10,conv1,4,2,0.9999992251396179,0.9999992251396179,200
cka_feddst,mnist,0.8,100,results/logs/cka_strength_sweep/all_20260516_024344/strength_1p0/seed_100/splits/mnist_split_seed100_clients5_alpha0p3_ref200.json,1.0,10,conv1,4,3,0.9999995231628418,0.9999992251396179,200
cka_feddst,mnist,0.8,100,results/logs/cka_strength_sweep/all_20260516_024344/strength_1p0/seed_100/splits/mnist_split_seed100_clients5_alpha0p3_ref200.json,1.0,10,conv1,4,4,1.0,0.9999992251396179,200
cka_feddst,mnist,0.8,100,results/logs/cka_strength_sweep/all_20260516_024344/strength_1p0/seed_100/splits/mnist_split_seed100_clients5_alpha0p3_ref200.json,1.0,10,conv2,0,0,1.0,0.9999855756759644,200
cka_feddst,mnist,0.8,100,results/logs/cka_strength_sweep/all_20260516_024344/strength_1p0/seed_100/splits/mnist_split_seed100_clients5_alpha0p3_ref200.json,1.0,10,conv2,0,1,0.9999599456787109,0.9999855756759644,200
cka_feddst,mnist,0.8,100,results/logs/cka_strength_sweep/all_20260516_024344/strength_1p0/seed_100/splits/mnist_split_seed100_clients5_alpha0p3_ref200.json,1.0,10,conv2,0,2,0.9999994039535522,0.9999855756759644,200
cka_feddst,mnist,0.8,100,results/logs/cka_strength_sweep/all_20260516_024344/strength_1p0/seed_100/splits/mnist_split_seed100_clients5_alpha0p3_ref200.json,1.0,10,conv2,0,3,0.9999929070472717,0.9999855756759644,200
cka_feddst,mnist,0.8,100,results/logs/cka_strength_sweep/all_20260516_024344/strength_1p0/seed_100/splits/mnist_split_seed100_clients5_alpha0p3_ref200.json,1.0,10,conv2,0,4,0.9999879598617554,0.9999855756759644,200
cka_feddst,mnist,0.8,100,results/logs/cka_strength_sweep/all_20260516_024344/strength_1p0/seed_100/splits/mnist_split_seed100_clients5_alpha0p3_ref200.json,1.0,10,conv2,1,0,0.9999599456787109,0.9999855756759644,200
cka_feddst,mnist,0.8,100,results/logs/cka_strength_sweep/all_20260516_024344/strength_1p0/seed_100/splits/mnist_split_seed100_clients5_alpha0p3_ref200.json,1.0,10,conv2,1,1,1.0,0.9999855756759644,200
cka_feddst,mnist,0.8,100,results/logs/cka_strength_sweep/all_20260516_024344/strength_1p0/seed_100/splits/mnist_split_seed100_clients5_alpha0p3_ref200.json,1.0,10,conv2,1,2,0.9999611377716064,0.9999855756759644,200
cka_feddst,mnist,0.8,100,results/logs/cka_strength_sweep/all_20260516_024344/strength_1p0/seed_100/splits/mnist_split_seed100_clients5_alpha0p3_ref200.json,1.0,10,conv2,1,3,0.9999870657920837,0.9999855756759644,200
cka_feddst,mnist,0.8,100,results/logs/cka_strength_sweep/all_20260516_024344/strength_1p0/seed_100/splits/mnist_split_seed100_clients5_alpha0p3_ref200.json,1.0,10,conv2,1,4,0.9999873042106628,0.9999855756759644,200
cka_feddst,mnist,0.8,100,results/logs/cka_strength_sweep/all_20260516_024344/strength_1p0/seed_100/splits/mnist_split_seed100_clients5_alpha0p3_ref200.json,1.0,10,conv2,2,0,0.9999994039535522,0.9999855756759644,200
cka_feddst,mnist,0.8,100,results/logs/cka_strength_sweep/all_20260516_024344/strength_1p0/seed_100/splits/mnist_split_seed100_clients5_alpha0p3_ref200.json,1.0,10,conv2,2,1,0.9999611377716064,0.9999855756759644,200
cka_feddst,mnist,0.8,100,results/logs/cka_strength_sweep/all_20260516_024344/strength_1p0/seed_100/splits/mnist_split_seed100_clients5_alpha0p3_ref200.json,1.0,10,conv2,2,2,1.0,0.9999855756759644,200
cka_feddst,mnist,0.8,100,results/logs/cka_strength_sweep/all_20260516_024344/strength_1p0/seed_100/splits/mnist_split_seed100_clients5_alpha0p3_ref200.json,1.0,10,conv2,2,3,0.9999934434890747,0.9999855756759644,200
cka_feddst,mnist,0.8,100,results/logs/cka_strength_sweep/all_20260516_024344/strength_1p0/seed_100/splits/mnist_split_seed100_clients5_alpha0p3_ref200.json,1.0,10,conv2,2,4,0.9999894499778748,0.9999855756759644,200
cka_feddst,mnist,0.8,100,results/logs/cka_strength_sweep/all_20260516_024344/strength_1p0/seed_100/splits/mnist_split_seed100_clients5_alpha0p3_ref200.json,1.0,10,conv2,3,0,0.9999929070472717,0.9999855756759644,200
cka_feddst,mnist,0.8,100,results/logs/cka_strength_sweep/all_20260516_024344/strength_1p0/seed_100/splits/mnist_split_seed100_clients5_alpha0p3_ref200.json,1.0,10,conv2,3,1,0.9999870657920837,0.9999855756759644,200
cka_feddst,mnist,0.8,100,results/logs/cka_strength_sweep/all_20260516_024344/strength_1p0/seed_100/splits/mnist_split_seed100_clients5_alpha0p3_ref200.json,1.0,10,conv2,3,2,0.9999934434890747,0.9999855756759644,200
cka_feddst,mnist,0.8,100,results/logs/cka_strength_sweep/all_20260516_024344/strength_1p0/seed_100/splits/mnist_split_seed100_clients5_alpha0p3_ref200.json,1.0,10,conv2,3,3,1.0,0.9999855756759644,200
cka_feddst,mnist,0.8,100,results/logs/cka_strength_sweep/all_20260516_024344/strength_1p0/seed_100/splits/mnist_split_seed100_clients5_alpha0p3_ref200.json,1.0,10,conv2,3,4,0.9999976754188538,0.9999855756759644,200
cka_feddst,mnist,0.8,100,results/logs/cka_strength_sweep/all_20260516_024344/strength_1p0/seed_100/splits/mnist_split_seed100_clients5_alpha0p3_ref200.json,1.0,10,conv2,4,0,0.9999879598617554,0.9999855756759644,200
cka_feddst,mnist,0.8,100,results/logs/cka_strength_sweep/all_20260516_024344/strength_1p0/seed_100/splits/mnist_split_seed100_clients5_alpha0p3_ref200.json,1.0,10,conv2,4,1,0.9999873042106628,0.9999855756759644,200
cka_feddst,mnist,0.8,100,results/logs/cka_strength_sweep/all_20260516_024344/strength_1p0/seed_100/splits/mnist_split_seed100_clients5_alpha0p3_ref200.json,1.0,10,conv2,4,2,0.9999894499778748,0.9999855756759644,200
cka_feddst,mnist,0.8,100,results/logs/cka_strength_sweep/all_20260516_024344/strength_1p0/seed_100/splits/mnist_split_seed100_clients5_alpha0p3_ref200.json,1.0,10,conv2,4,3,0.9999976754188538,0.9999855756759644,200
cka_feddst,mnist,0.8,100,results/logs/cka_strength_sweep/all_20260516_024344/strength_1p0/seed_100/splits/mnist_split_seed100_clients5_alpha0p3_ref200.json,1.0,10,conv2,4,4,1.0,0.9999855756759644,200
cka_feddst,mnist,0.8,100,results/logs/cka_strength_sweep/all_20260516_024344/strength_1p0/seed_100/splits/mnist_split_seed100_clients5_alpha0p3_ref200.json,1.0,10,fc1,0,0,1.0,0.9836287498474121,200
cka_feddst,mnist,0.8,100,results/logs/cka_strength_sweep/all_20260516_024344/strength_1p0/seed_100/splits/mnist_split_seed100_clients5_alpha0p3_ref200.json,1.0,10,fc1,0,1,0.9740051627159119,0.9836287498474121,200
cka_feddst,mnist,0.8,100,results/logs/cka_strength_sweep/all_20260516_024344/strength_1p0/seed_100/splits/mnist_split_seed100_clients5_alpha0p3_ref200.json,1.0,10,fc1,0,2,0.9886553883552551,0.9836287498474121,200
cka_feddst,mnist,0.8,100,results/logs/cka_strength_sweep/all_20260516_024344/strength_1p0/seed_100/splits/mnist_split_seed100_clients5_alpha0p3_ref200.json,1.0,10,fc1,0,3,0.9890047311782837,0.9836287498474121,200
cka_feddst,mnist,0.8,100,results/logs/cka_strength_sweep/all_20260516_024344/strength_1p0/seed_100/splits/mnist_split_seed100_clients5_alpha0p3_ref200.json,1.0,10,fc1,0,4,0.9851638674736023,0.9836287498474121,200
cka_feddst,mnist,0.8,100,results/logs/cka_strength_sweep/all_20260516_024344/strength_1p0/seed_100/splits/mnist_split_seed100_clients5_alpha0p3_ref200.json,1.0,10,fc1,1,0,0.9740051627159119,0.9836287498474121,200
cka_feddst,mnist,0.8,100,results/logs/cka_strength_sweep/all_20260516_024344/strength_1p0/seed_100/splits/mnist_split_seed100_clients5_alpha0p3_ref200.json,1.0,10,fc1,1,1,1.0,0.9836287498474121,200
cka_feddst,mnist,0.8,100,results/logs/cka_strength_sweep/all_20260516_024344/strength_1p0/seed_100/splits/mnist_split_seed100_clients5_alpha0p3_ref200.json,1.0,10,fc1,1,2,0.9748450517654419,0.9836287498474121,200
cka_feddst,mnist,0.8,100,results/logs/cka_strength_sweep/all_20260516_024344/strength_1p0/seed_100/splits/mnist_split_seed100_clients5_alpha0p3_ref200.json,1.0,10,fc1,1,3,0.9854464530944824,0.9836287498474121,200
cka_feddst,mnist,0.8,100,results/logs/cka_strength_sweep/all_20260516_024344/strength_1p0/seed_100/splits/mnist_split_seed100_clients5_alpha0p3_ref200.json,1.0,10,fc1,1,4,0.982720673084259,0.9836287498474121,200
cka_feddst,mnist,0.8,100,results/logs/cka_strength_sweep/all_20260516_024344/strength_1p0/seed_100/splits/mnist_split_seed100_clients5_alpha0p3_ref200.json,1.0,10,fc1,2,0,0.9886553883552551,0.9836287498474121,200
cka_feddst,mnist,0.8,100,results/logs/cka_strength_sweep/all_20260516_024344/strength_1p0/seed_100/splits/mnist_split_seed100_clients5_alpha0p3_ref200.json,1.0,10,fc1,2,1,0.9748450517654419,0.9836287498474121,200
cka_feddst,mnist,0.8,100,results/logs/cka_strength_sweep/all_20260516_024344/strength_1p0/seed_100/splits/mnist_split_seed100_clients5_alpha0p3_ref200.json,1.0,10,fc1,2,2,1.0,0.9836287498474121,200
cka_feddst,mnist,0.8,100,results/logs/cka_strength_sweep/all_20260516_024344/strength_1p0/seed_100/splits/mnist_split_seed100_clients5_alpha0p3_ref200.json,1.0,10,fc1,2,3,0.9808301329612732,0.9836287498474121,200
cka_feddst,mnist,0.8,100,results/logs/cka_strength_sweep/all_20260516_024344/strength_1p0/seed_100/splits/mnist_split_seed100_clients5_alpha0p3_ref200.json,1.0,10,fc1,2,4,0.9852927327156067,0.9836287498474121,200
cka_feddst,mnist,0.8,100,results/logs/cka_strength_sweep/all_20260516_024344/strength_1p0/seed_100/splits/mnist_split_seed100_clients5_alpha0p3_ref200.json,1.0,10,fc1,3,0,0.9890047311782837,0.9836287498474121,200
cka_feddst,mnist,0.8,100,results/logs/cka_strength_sweep/all_20260516_024344/strength_1p0/seed_100/splits/mnist_split_seed100_clients5_alpha0p3_ref200.json,1.0,10,fc1,3,1,0.9854464530944824,0.9836287498474121,200
cka_feddst,mnist,0.8,100,results/logs/cka_strength_sweep/all_20260516_024344/strength_1p0/seed_100/splits/mnist_split_seed100_clients5_alpha0p3_ref200.json,1.0,10,fc1,3,2,0.9808301329612732,0.9836287498474121,200
cka_feddst,mnist,0.8,100,results/logs/cka_strength_sweep/all_20260516_024344/strength_1p0/seed_100/splits/mnist_split_seed100_clients5_alpha0p3_ref200.json,1.0,10,fc1,3,3,1.0,0.9836287498474121,200
cka_feddst,mnist,0.8,100,results/logs/cka_strength_sweep/all_20260516_024344/strength_1p0/seed_100/splits/mnist_split_seed100_clients5_alpha0p3_ref200.json,1.0,10,fc1,3,4,0.9903232455253601,0.9836287498474121,200
cka_feddst,mnist,0.8,100,results/logs/cka_strength_sweep/all_20260516_024344/strength_1p0/seed_100/splits/mnist_split_seed100_clients5_alpha0p3_ref200.json,1.0,10,fc1,4,0,0.9851638674736023,0.9836287498474121,200
cka_feddst,mnist,0.8,100,results/logs/cka_strength_sweep/all_20260516_024344/strength_1p0/seed_100/splits/mnist_split_seed100_clients5_alpha0p3_ref200.json,1.0,10,fc1,4,1,0.982720673084259,0.9836287498474121,200
cka_feddst,mnist,0.8,100,results/logs/cka_strength_sweep/all_20260516_024344/strength_1p0/seed_100/splits/mnist_split_seed100_clients5_alpha0p3_ref200.json,1.0,10,fc1,4,2,0.9852927327156067,0.9836287498474121,200
cka_feddst,mnist,0.8,100,results/logs/cka_strength_sweep/all_20260516_024344/strength_1p0/seed_100/splits/mnist_split_seed100_clients5_alpha0p3_ref200.json,1.0,10,fc1,4,3,0.9903232455253601,0.9836287498474121,200
cka_feddst,mnist,0.8,100,results/logs/cka_strength_sweep/all_20260516_024344/strength_1p0/seed_100/splits/mnist_split_seed100_clients5_alpha0p3_ref200.json,1.0,10,fc1,4,4,1.0,0.9836287498474121,200
cka_feddst,mnist,0.8,100,results/logs/cka_strength_sweep/all_20260516_024344/strength_1p0/seed_100/splits/mnist_split_seed100_clients5_alpha0p3_ref200.json,1.0,12,conv1,0,0,1.0,0.9999980926513672,200
cka_feddst,mnist,0.8,100,results/logs/cka_strength_sweep/all_20260516_024344/strength_1p0/seed_100/splits/mnist_split_seed100_clients5_alpha0p3_ref200.json,1.0,12,conv1,0,1,0.999995768070221,0.9999980926513672,200
cka_feddst,mnist,0.8,100,results/logs/cka_strength_sweep/all_20260516_024344/strength_1p0/seed_100/splits/mnist_split_seed100_clients5_alpha0p3_ref200.json,1.0,12,conv1,0,2,0.9999997615814209,0.9999980926513672,200
cka_feddst,mnist,0.8,100,results/logs/cka_strength_sweep/all_20260516_024344/strength_1p0/seed_100/splits/mnist_split_seed100_clients5_alpha0p3_ref200.json,1.0,12,conv1,0,3,0.9999994039535522,0.9999980926513672,200
cka_feddst,mnist,0.8,100,results/logs/cka_strength_sweep/all_20260516_024344/strength_1p0/seed_100/splits/mnist_split_seed100_clients5_alpha0p3_ref200.json,1.0,12,conv1,0,4,0.9999987483024597,0.9999980926513672,200
cka_feddst,mnist,0.8,100,results/logs/cka_strength_sweep/all_20260516_024344/strength_1p0/seed_100/splits/mnist_split_seed100_clients5_alpha0p3_ref200.json,1.0,12,conv1,1,0,0.999995768070221,0.9999980926513672,200
cka_feddst,mnist,0.8,100,results/logs/cka_strength_sweep/all_20260516_024344/strength_1p0/seed_100/splits/mnist_split_seed100_clients5_alpha0p3_ref200.json,1.0,12,conv1,1,1,1.0,0.9999980926513672,200
cka_feddst,mnist,0.8,100,results/logs/cka_strength_sweep/all_20260516_024344/strength_1p0/seed_100/splits/mnist_split_seed100_clients5_alpha0p3_ref200.json,1.0,12,conv1,1,2,0.9999939203262329,0.9999980926513672,200
cka_feddst,mnist,0.8,100,results/logs/cka_strength_sweep/all_20260516_024344/strength_1p0/seed_100/splits/mnist_split_seed100_clients5_alpha0p3_ref200.json,1.0,12,conv1,1,3,0.9999986886978149,0.9999980926513672,200
cka_feddst,mnist,0.8,100,results/logs/cka_strength_sweep/all_20260516_024344/strength_1p0/seed_100/splits/mnist_split_seed100_clients5_alpha0p3_ref200.json,1.0,12,conv1,1,4,0.9999989867210388,0.9999980926513672,200
cka_feddst,mnist,0.8,100,results/logs/cka_strength_sweep/all_20260516_024344/strength_1p0/seed_100/splits/mnist_split_seed100_clients5_alpha0p3_ref200.json,1.0,12,conv1,2,0,0.9999997615814209,0.9999980926513672,200
cka_feddst,mnist,0.8,100,results/logs/cka_strength_sweep/all_20260516_024344/strength_1p0/seed_100/splits/mnist_split_seed100_clients5_alpha0p3_ref200.json,1.0,12,conv1,2,1,0.9999939203262329,0.9999980926513672,200
cka_feddst,mnist,0.8,100,results/logs/cka_strength_sweep/all_20260516_024344/strength_1p0/seed_100/splits/mnist_split_seed100_clients5_alpha0p3_ref200.json,1.0,12,conv1,2,2,1.0,0.9999980926513672,200
cka_feddst,mnist,0.8,100,results/logs/cka_strength_sweep/all_20260516_024344/strength_1p0/seed_100/splits/mnist_split_seed100_clients5_alpha0p3_ref200.json,1.0,12,conv1,2,3,0.9999985694885254,0.9999980926513672,200
cka_feddst,mnist,0.8,100,results/logs/cka_strength_sweep/all_20260516_024344/strength_1p0/seed_100/splits/mnist_split_seed100_clients5_alpha0p3_ref200.json,1.0,12,conv1,2,4,0.999997615814209,0.9999980926513672,200
cka_feddst,mnist,0.8,100,results/logs/cka_strength_sweep/all_20260516_024344/strength_1p0/seed_100/splits/mnist_split_seed100_clients5_alpha0p3_ref200.json,1.0,12,conv1,3,0,0.9999994039535522,0.9999980926513672,200
cka_feddst,mnist,0.8,100,results/logs/cka_strength_sweep/all_20260516_024344/strength_1p0/seed_100/splits/mnist_split_seed100_clients5_alpha0p3_ref200.json,1.0,12,conv1,3,1,0.9999986886978149,0.9999980926513672,200
cka_feddst,mnist,0.8,100,results/logs/cka_strength_sweep/all_20260516_024344/strength_1p0/seed_100/splits/mnist_split_seed100_clients5_alpha0p3_ref200.json,1.0,12,conv1,3,2,0.9999985694885254,0.9999980926513672,200
cka_feddst,mnist,0.8,100,results/logs/cka_strength_sweep/all_20260516_024344/strength_1p0/seed_100/splits/mnist_split_seed100_clients5_alpha0p3_ref200.json,1.0,12,conv1,3,3,1.0,0.9999980926513672,200
cka_feddst,mnist,0.8,100,results/logs/cka_strength_sweep/all_20260516_024344/strength_1p0/seed_100/splits/mnist_split_seed100_clients5_alpha0p3_ref200.json,1.0,12,conv1,3,4,1.0,0.9999980926513672,200
cka_feddst,mnist,0.8,100,results/logs/cka_strength_sweep/all_20260516_024344/strength_1p0/seed_100/splits/mnist_split_seed100_clients5_alpha0p3_ref200.json,1.0,12,conv1,4,0,0.9999987483024597,0.9999980926513672,200
cka_feddst,mnist,0.8,100,results/logs/cka_strength_sweep/all_20260516_024344/strength_1p0/seed_100/splits/mnist_split_seed100_clients5_alpha0p3_ref200.json,1.0,12,conv1,4,1,0.9999989867210388,0.9999980926513672,200
cka_feddst,mnist,0.8,100,results/logs/cka_strength_sweep/all_20260516_024344/strength_1p0/seed_100/splits/mnist_split_seed100_clients5_alpha0p3_ref200.json,1.0,12,conv1,4,2,0.999997615814209,0.9999980926513672,200
cka_feddst,mnist,0.8,100,results/logs/cka_strength_sweep/all_20260516_024344/strength_1p0/seed_100/splits/mnist_split_seed100_clients5_alpha0p3_ref200.json,1.0,12,conv1,4,3,1.0,0.9999980926513672,200
cka_feddst,mnist,0.8,100,results/logs/cka_strength_sweep/all_20260516_024344/strength_1p0/seed_100/splits/mnist_split_seed100_clients5_alpha0p3_ref200.json,1.0,12,conv1,4,4,1.0,0.9999980926513672,200
cka_feddst,mnist,0.8,100,results/logs/cka_strength_sweep/all_20260516_024344/strength_1p0/seed_100/splits/mnist_split_seed100_clients5_alpha0p3_ref200.json,1.0,12,conv2,0,0,1.0,0.9999707937240601,200
cka_feddst,mnist,0.8,100,results/logs/cka_strength_sweep/all_20260516_024344/strength_1p0/seed_100/splits/mnist_split_seed100_clients5_alpha0p3_ref200.json,1.0,12,conv2,0,1,0.9999174475669861,0.9999707937240601,200
cka_feddst,mnist,0.8,100,results/logs/cka_strength_sweep/all_20260516_024344/strength_1p0/seed_100/splits/mnist_split_seed100_clients5_alpha0p3_ref200.json,1.0,12,conv2,0,2,0.9999993443489075,0.9999707937240601,200
cka_feddst,mnist,0.8,100,results/logs/cka_strength_sweep/all_20260516_024344/strength_1p0/seed_100/splits/mnist_split_seed100_clients5_alpha0p3_ref200.json,1.0,12,conv2,0,3,0.9999865889549255,0.9999707937240601,200
cka_feddst,mnist,0.8,100,results/logs/cka_strength_sweep/all_20260516_024344/strength_1p0/seed_100/splits/mnist_split_seed100_clients5_alpha0p3_ref200.json,1.0,12,conv2,0,4,0.9999809265136719,0.9999707937240601,200
cka_feddst,mnist,0.8,100,results/logs/cka_strength_sweep/all_20260516_024344/strength_1p0/seed_100/splits/mnist_split_seed100_clients5_alpha0p3_ref200.json,1.0,12,conv2,1,0,0.9999174475669861,0.9999707937240601,200
cka_feddst,mnist,0.8,100,results/logs/cka_strength_sweep/all_20260516_024344/strength_1p0/seed_100/splits/mnist_split_seed100_clients5_alpha0p3_ref200.json,1.0,12,conv2,1,1,1.0,0.9999707937240601,200
cka_feddst,mnist,0.8,100,results/logs/cka_strength_sweep/all_20260516_024344/strength_1p0/seed_100/splits/mnist_split_seed100_clients5_alpha0p3_ref200.json,1.0,12,conv2,1,2,0.9999151825904846,0.9999707937240601,200
cka_feddst,mnist,0.8,100,results/logs/cka_strength_sweep/all_20260516_024344/strength_1p0/seed_100/splits/mnist_split_seed100_clients5_alpha0p3_ref200.json,1.0,12,conv2,1,3,0.999970555305481,0.9999707937240601,200
cka_feddst,mnist,0.8,100,results/logs/cka_strength_sweep/all_20260516_024344/strength_1p0/seed_100/splits/mnist_split_seed100_clients5_alpha0p3_ref200.json,1.0,12,conv2,1,4,0.9999722838401794,0.9999707937240601,200
cka_feddst,mnist,0.8,100,results/logs/cka_strength_sweep/all_20260516_024344/strength_1p0/seed_100/splits/mnist_split_seed100_clients5_alpha0p3_ref200.json,1.0,12,conv2,2,0,0.9999993443489075,0.9999707937240601,200
cka_feddst,mnist,0.8,100,results/logs/cka_strength_sweep/all_20260516_024344/strength_1p0/seed_100/splits/mnist_split_seed100_clients5_alpha0p3_ref200.json,1.0,12,conv2,2,1,0.9999151825904846,0.9999707937240601,200
cka_feddst,mnist,0.8,100,results/logs/cka_strength_sweep/all_20260516_024344/strength_1p0/seed_100/splits/mnist_split_seed100_clients5_alpha0p3_ref200.json,1.0,12,conv2,2,2,1.0,0.9999707937240601,200
cka_feddst,mnist,0.8,100,results/logs/cka_strength_sweep/all_20260516_024344/strength_1p0/seed_100/splits/mnist_split_seed100_clients5_alpha0p3_ref200.json,1.0,12,conv2,2,3,0.9999861121177673,0.9999707937240601,200
cka_feddst,mnist,0.8,100,results/logs/cka_strength_sweep/all_20260516_024344/strength_1p0/seed_100/splits/mnist_split_seed100_clients5_alpha0p3_ref200.json,1.0,12,conv2,2,4,0.999981701374054,0.9999707937240601,200
cka_feddst,mnist,0.8,100,results/logs/cka_strength_sweep/all_20260516_024344/strength_1p0/seed_100/splits/mnist_split_seed100_clients5_alpha0p3_ref200.json,1.0,12,conv2,3,0,0.9999865889549255,0.9999707937240601,200
cka_feddst,mnist,0.8,100,results/logs/cka_strength_sweep/all_20260516_024344/strength_1p0/seed_100/splits/mnist_split_seed100_clients5_alpha0p3_ref200.json,1.0,12,conv2,3,1,0.999970555305481,0.9999707937240601,200
cka_feddst,mnist,0.8,100,results/logs/cka_strength_sweep/all_20260516_024344/strength_1p0/seed_100/splits/mnist_split_seed100_clients5_alpha0p3_ref200.json,1.0,12,conv2,3,2,0.9999861121177673,0.9999707937240601,200
cka_feddst,mnist,0.8,100,results/logs/cka_strength_sweep/all_20260516_024344/strength_1p0/seed_100/splits/mnist_split_seed100_clients5_alpha0p3_ref200.json,1.0,12,conv2,3,3,1.0,0.9999707937240601,200
cka_feddst,mnist,0.8,100,results/logs/cka_strength_sweep/all_20260516_024344/strength_1p0/seed_100/splits/mnist_split_seed100_clients5_alpha0p3_ref200.json,1.0,12,conv2,3,4,0.9999992847442627,0.9999707937240601,200
cka_feddst,mnist,0.8,100,results/logs/cka_strength_sweep/all_20260516_024344/strength_1p0/seed_100/splits/mnist_split_seed100_clients5_alpha0p3_ref200.json,1.0,12,conv2,4,0,0.9999809265136719,0.9999707937240601,200
cka_feddst,mnist,0.8,100,results/logs/cka_strength_sweep/all_20260516_024344/strength_1p0/seed_100/splits/mnist_split_seed100_clients5_alpha0p3_ref200.json,1.0,12,conv2,4,1,0.9999722838401794,0.9999707937240601,200
cka_feddst,mnist,0.8,100,results/logs/cka_strength_sweep/all_20260516_024344/strength_1p0/seed_100/splits/mnist_split_seed100_clients5_alpha0p3_ref200.json,1.0,12,conv2,4,2,0.999981701374054,0.9999707937240601,200
cka_feddst,mnist,0.8,100,results/logs/cka_strength_sweep/all_20260516_024344/strength_1p0/seed_100/splits/mnist_split_seed100_clients5_alpha0p3_ref200.json,1.0,12,conv2,4,3,0.9999992847442627,0.9999707937240601,200
cka_feddst,mnist,0.8,100,results/logs/cka_strength_sweep/all_20260516_024344/strength_1p0/seed_100/splits/mnist_split_seed100_clients5_alpha0p3_ref200.json,1.0,12,conv2,4,4,1.0,0.9999707937240601,200
cka_feddst,mnist,0.8,100,results/logs/cka_strength_sweep/all_20260516_024344/strength_1p0/seed_100/splits/mnist_split_seed100_clients5_alpha0p3_ref200.json,1.0,12,fc1,0,0,1.0,0.9766664505004883,200
cka_feddst,mnist,0.8,100,results/logs/cka_strength_sweep/all_20260516_024344/strength_1p0/seed_100/splits/mnist_split_seed100_clients5_alpha0p3_ref200.json,1.0,12,fc1,0,1,0.9600422382354736,0.9766664505004883,200
cka_feddst,mnist,0.8,100,results/logs/cka_strength_sweep/all_20260516_024344/strength_1p0/seed_100/splits/mnist_split_seed100_clients5_alpha0p3_ref200.json,1.0,12,fc1,0,2,0.9854709506034851,0.9766664505004883,200
cka_feddst,mnist,0.8,100,results/logs/cka_strength_sweep/all_20260516_024344/strength_1p0/seed_100/splits/mnist_split_seed100_clients5_alpha0p3_ref200.json,1.0,12,fc1,0,3,0.9721912741661072,0.9766664505004883,200
cka_feddst,mnist,0.8,100,results/logs/cka_strength_sweep/all_20260516_024344/strength_1p0/seed_100/splits/mnist_split_seed100_clients5_alpha0p3_ref200.json,1.0,12,fc1,0,4,0.9800602793693542,0.9766664505004883,200
cka_feddst,mnist,0.8,100,results/logs/cka_strength_sweep/all_20260516_024344/strength_1p0/seed_100/splits/mnist_split_seed100_clients5_alpha0p3_ref200.json,1.0,12,fc1,1,0,0.9600422382354736,0.9766664505004883,200
cka_feddst,mnist,0.8,100,results/logs/cka_strength_sweep/all_20260516_024344/strength_1p0/seed_100/splits/mnist_split_seed100_clients5_alpha0p3_ref200.json,1.0,12,fc1,1,1,1.0,0.9766664505004883,200
cka_feddst,mnist,0.8,100,results/logs/cka_strength_sweep/all_20260516_024344/strength_1p0/seed_100/splits/mnist_split_seed100_clients5_alpha0p3_ref200.json,1.0,12,fc1,1,2,0.9640077948570251,0.9766664505004883,200
cka_feddst,mnist,0.8,100,results/logs/cka_strength_sweep/all_20260516_024344/strength_1p0/seed_100/splits/mnist_split_seed100_clients5_alpha0p3_ref200.json,1.0,12,fc1,1,3,0.9872773289680481,0.9766664505004883,200
cka_feddst,mnist,0.8,100,results/logs/cka_strength_sweep/all_20260516_024344/strength_1p0/seed_100/splits/mnist_split_seed100_clients5_alpha0p3_ref200.json,1.0,12,fc1,1,4,0.9816762208938599,0.9766664505004883,200
cka_feddst,mnist,0.8,100,results/logs/cka_strength_sweep/all_20260516_024344/strength_1p0/seed_100/splits/mnist_split_seed100_clients5_alpha0p3_ref200.json,1.0,12,fc1,2,0,0.9854709506034851,0.9766664505004883,200
cka_feddst,mnist,0.8,100,results/logs/cka_strength_sweep/all_20260516_024344/strength_1p0/seed_100/splits/mnist_split_seed100_clients5_alpha0p3_ref200.json,1.0,12,fc1,2,1,0.9640077948570251,0.9766664505004883,200
cka_feddst,mnist,0.8,100,results/logs/cka_strength_sweep/all_20260516_024344/strength_1p0/seed_100/splits/mnist_split_seed100_clients5_alpha0p3_ref200.json,1.0,12,fc1,2,2,1.0,0.9766664505004883,200
cka_feddst,mnist,0.8,100,results/logs/cka_strength_sweep/all_20260516_024344/strength_1p0/seed_100/splits/mnist_split_seed100_clients5_alpha0p3_ref200.json,1.0,12,fc1,2,3,0.9691593647003174,0.9766664505004883,200
cka_feddst,mnist,0.8,100,results/logs/cka_strength_sweep/all_20260516_024344/strength_1p0/seed_100/splits/mnist_split_seed100_clients5_alpha0p3_ref200.json,1.0,12,fc1,2,4,0.9789625406265259,0.9766664505004883,200
cka_feddst,mnist,0.8,100,results/logs/cka_strength_sweep/all_20260516_024344/strength_1p0/seed_100/splits/mnist_split_seed100_clients5_alpha0p3_ref200.json,1.0,12,fc1,3,0,0.9721912741661072,0.9766664505004883,200
cka_feddst,mnist,0.8,100,results/logs/cka_strength_sweep/all_20260516_024344/strength_1p0/seed_100/splits/mnist_split_seed100_clients5_alpha0p3_ref200.json,1.0,12,fc1,3,1,0.9872773289680481,0.9766664505004883,200
cka_feddst,mnist,0.8,100,results/logs/cka_strength_sweep/all_20260516_024344/strength_1p0/seed_100/splits/mnist_split_seed100_clients5_alpha0p3_ref200.json,1.0,12,fc1,3,2,0.9691593647003174,0.9766664505004883,200
cka_feddst,mnist,0.8,100,results/logs/cka_strength_sweep/all_20260516_024344/strength_1p0/seed_100/splits/mnist_split_seed100_clients5_alpha0p3_ref200.json,1.0,12,fc1,3,3,1.0,0.9766664505004883,200
cka_feddst,mnist,0.8,100,results/logs/cka_strength_sweep/all_20260516_024344/strength_1p0/seed_100/splits/mnist_split_seed100_clients5_alpha0p3_ref200.json,1.0,12,fc1,3,4,0.9878163933753967,0.9766664505004883,200
cka_feddst,mnist,0.8,100,results/logs/cka_strength_sweep/all_20260516_024344/strength_1p0/seed_100/splits/mnist_split_seed100_clients5_alpha0p3_ref200.json,1.0,12,fc1,4,0,0.9800602793693542,0.9766664505004883,200
cka_feddst,mnist,0.8,100,results/logs/cka_strength_sweep/all_20260516_024344/strength_1p0/seed_100/splits/mnist_split_seed100_clients5_alpha0p3_ref200.json,1.0,12,fc1,4,1,0.9816762208938599,0.9766664505004883,200
cka_feddst,mnist,0.8,100,results/logs/cka_strength_sweep/all_20260516_024344/strength_1p0/seed_100/splits/mnist_split_seed100_clients5_alpha0p3_ref200.json,1.0,12,fc1,4,2,0.9789625406265259,0.9766664505004883,200
cka_feddst,mnist,0.8,100,results/logs/cka_strength_sweep/all_20260516_024344/strength_1p0/seed_100/splits/mnist_split_seed100_clients5_alpha0p3_ref200.json,1.0,12,fc1,4,3,0.9878163933753967,0.9766664505004883,200
cka_feddst,mnist,0.8,100,results/logs/cka_strength_sweep/all_20260516_024344/strength_1p0/seed_100/splits/mnist_split_seed100_clients5_alpha0p3_ref200.json,1.0,12,fc1,4,4,1.0,0.9766664505004883,200
cka_feddst,mnist,0.8,100,results/logs/cka_strength_sweep/all_20260516_024344/strength_1p0/seed_100/splits/mnist_split_seed100_clients5_alpha0p3_ref200.json,1.0,14,conv1,0,0,1.0,0.9999996423721313,200
cka_feddst,mnist,0.8,100,results/logs/cka_strength_sweep/all_20260516_024344/strength_1p0/seed_100/splits/mnist_split_seed100_clients5_alpha0p3_ref200.json,1.0,14,conv1,0,1,0.9999997615814209,0.9999996423721313,200
cka_feddst,mnist,0.8,100,results/logs/cka_strength_sweep/all_20260516_024344/strength_1p0/seed_100/splits/mnist_split_seed100_clients5_alpha0p3_ref200.json,1.0,14,conv1,0,2,1.0,0.9999996423721313,200
cka_feddst,mnist,0.8,100,results/logs/cka_strength_sweep/all_20260516_024344/strength_1p0/seed_100/splits/mnist_split_seed100_clients5_alpha0p3_ref200.json,1.0,14,conv1,0,3,0.9999995827674866,0.9999996423721313,200
cka_feddst,mnist,0.8,100,results/logs/cka_strength_sweep/all_20260516_024344/strength_1p0/seed_100/splits/mnist_split_seed100_clients5_alpha0p3_ref200.json,1.0,14,conv1,0,4,0.9999993443489075,0.9999996423721313,200
cka_feddst,mnist,0.8,100,results/logs/cka_strength_sweep/all_20260516_024344/strength_1p0/seed_100/splits/mnist_split_seed100_clients5_alpha0p3_ref200.json,1.0,14,conv1,1,0,0.9999997615814209,0.9999996423721313,200
cka_feddst,mnist,0.8,100,results/logs/cka_strength_sweep/all_20260516_024344/strength_1p0/seed_100/splits/mnist_split_seed100_clients5_alpha0p3_ref200.json,1.0,14,conv1,1,1,1.0,0.9999996423721313,200
cka_feddst,mnist,0.8,100,results/logs/cka_strength_sweep/all_20260516_024344/strength_1p0/seed_100/splits/mnist_split_seed100_clients5_alpha0p3_ref200.json,1.0,14,conv1,1,2,0.9999992847442627,0.9999996423721313,200
cka_feddst,mnist,0.8,100,results/logs/cka_strength_sweep/all_20260516_024344/strength_1p0/seed_100/splits/mnist_split_seed100_clients5_alpha0p3_ref200.json,1.0,14,conv1,1,3,1.0,0.9999996423721313,200
cka_feddst,mnist,0.8,100,results/logs/cka_strength_sweep/all_20260516_024344/strength_1p0/seed_100/splits/mnist_split_seed100_clients5_alpha0p3_ref200.json,1.0,14,conv1,1,4,1.0,0.9999996423721313,200
cka_feddst,mnist,0.8,100,results/logs/cka_strength_sweep/all_20260516_024344/strength_1p0/seed_100/splits/mnist_split_seed100_clients5_alpha0p3_ref200.json,1.0,14,conv1,2,0,1.0,0.9999996423721313,200
cka_feddst,mnist,0.8,100,results/logs/cka_strength_sweep/all_20260516_024344/strength_1p0/seed_100/splits/mnist_split_seed100_clients5_alpha0p3_ref200.json,1.0,14,conv1,2,1,0.9999992847442627,0.9999996423721313,200
cka_feddst,mnist,0.8,100,results/logs/cka_strength_sweep/all_20260516_024344/strength_1p0/seed_100/splits/mnist_split_seed100_clients5_alpha0p3_ref200.json,1.0,14,conv1,2,2,1.0,0.9999996423721313,200
cka_feddst,mnist,0.8,100,results/logs/cka_strength_sweep/all_20260516_024344/strength_1p0/seed_100/splits/mnist_split_seed100_clients5_alpha0p3_ref200.json,1.0,14,conv1,2,3,0.9999988675117493,0.9999996423721313,200
cka_feddst,mnist,0.8,100,results/logs/cka_strength_sweep/all_20260516_024344/strength_1p0/seed_100/splits/mnist_split_seed100_clients5_alpha0p3_ref200.json,1.0,14,conv1,2,4,0.999998927116394,0.9999996423721313,200
cka_feddst,mnist,0.8,100,results/logs/cka_strength_sweep/all_20260516_024344/strength_1p0/seed_100/splits/mnist_split_seed100_clients5_alpha0p3_ref200.json,1.0,14,conv1,3,0,0.9999995827674866,0.9999996423721313,200
cka_feddst,mnist,0.8,100,results/logs/cka_strength_sweep/all_20260516_024344/strength_1p0/seed_100/splits/mnist_split_seed100_clients5_alpha0p3_ref200.json,1.0,14,conv1,3,1,1.0,0.9999996423721313,200
cka_feddst,mnist,0.8,100,results/logs/cka_strength_sweep/all_20260516_024344/strength_1p0/seed_100/splits/mnist_split_seed100_clients5_alpha0p3_ref200.json,1.0,14,conv1,3,2,0.9999988675117493,0.9999996423721313,200
cka_feddst,mnist,0.8,100,results/logs/cka_strength_sweep/all_20260516_024344/strength_1p0/seed_100/splits/mnist_split_seed100_clients5_alpha0p3_ref200.json,1.0,14,conv1,3,3,1.0,0.9999996423721313,200
cka_feddst,mnist,0.8,100,results/logs/cka_strength_sweep/all_20260516_024344/strength_1p0/seed_100/splits/mnist_split_seed100_clients5_alpha0p3_ref200.json,1.0,14,conv1,3,4,0.9999999403953552,0.9999996423721313,200
cka_feddst,mnist,0.8,100,results/logs/cka_strength_sweep/all_20260516_024344/strength_1p0/seed_100/splits/mnist_split_seed100_clients5_alpha0p3_ref200.json,1.0,14,conv1,4,0,0.9999993443489075,0.9999996423721313,200
cka_feddst,mnist,0.8,100,results/logs/cka_strength_sweep/all_20260516_024344/strength_1p0/seed_100/splits/mnist_split_seed100_clients5_alpha0p3_ref200.json,1.0,14,conv1,4,1,1.0,0.9999996423721313,200
cka_feddst,mnist,0.8,100,results/logs/cka_strength_sweep/all_20260516_024344/strength_1p0/seed_100/splits/mnist_split_seed100_clients5_alpha0p3_ref200.json,1.0,14,conv1,4,2,0.999998927116394,0.9999996423721313,200
cka_feddst,mnist,0.8,100,results/logs/cka_strength_sweep/all_20260516_024344/strength_1p0/seed_100/splits/mnist_split_seed100_clients5_alpha0p3_ref200.json,1.0,14,conv1,4,3,0.9999999403953552,0.9999996423721313,200
cka_feddst,mnist,0.8,100,results/logs/cka_strength_sweep/all_20260516_024344/strength_1p0/seed_100/splits/mnist_split_seed100_clients5_alpha0p3_ref200.json,1.0,14,conv1,4,4,1.0,0.9999996423721313,200
cka_feddst,mnist,0.8,100,results/logs/cka_strength_sweep/all_20260516_024344/strength_1p0/seed_100/splits/mnist_split_seed100_clients5_alpha0p3_ref200.json,1.0,14,conv2,0,0,1.0,0.9999893307685852,200
cka_feddst,mnist,0.8,100,results/logs/cka_strength_sweep/all_20260516_024344/strength_1p0/seed_100/splits/mnist_split_seed100_clients5_alpha0p3_ref200.json,1.0,14,conv2,0,1,0.9999706149101257,0.9999893307685852,200
cka_feddst,mnist,0.8,100,results/logs/cka_strength_sweep/all_20260516_024344/strength_1p0/seed_100/splits/mnist_split_seed100_clients5_alpha0p3_ref200.json,1.0,14,conv2,0,2,0.9999994039535522,0.9999893307685852,200
cka_feddst,mnist,0.8,100,results/logs/cka_strength_sweep/all_20260516_024344/strength_1p0/seed_100/splits/mnist_split_seed100_clients5_alpha0p3_ref200.json,1.0,14,conv2,0,3,0.9999905824661255,0.9999893307685852,200
cka_feddst,mnist,0.8,100,results/logs/cka_strength_sweep/all_20260516_024344/strength_1p0/seed_100/splits/mnist_split_seed100_clients5_alpha0p3_ref200.json,1.0,14,conv2,0,4,0.999988317489624,0.9999893307685852,200
cka_feddst,mnist,0.8,100,results/logs/cka_strength_sweep/all_20260516_024344/strength_1p0/seed_100/splits/mnist_split_seed100_clients5_alpha0p3_ref200.json,1.0,14,conv2,1,0,0.9999706149101257,0.9999893307685852,200
cka_feddst,mnist,0.8,100,results/logs/cka_strength_sweep/all_20260516_024344/strength_1p0/seed_100/splits/mnist_split_seed100_clients5_alpha0p3_ref200.json,1.0,14,conv2,1,1,1.0,0.9999893307685852,200
cka_feddst,mnist,0.8,100,results/logs/cka_strength_sweep/all_20260516_024344/strength_1p0/seed_100/splits/mnist_split_seed100_clients5_alpha0p3_ref200.json,1.0,14,conv2,1,2,0.9999746680259705,0.9999893307685852,200
cka_feddst,mnist,0.8,100,results/logs/cka_strength_sweep/all_20260516_024344/strength_1p0/seed_100/splits/mnist_split_seed100_clients5_alpha0p3_ref200.json,1.0,14,conv2,1,3,0.999994158744812,0.9999893307685852,200
cka_feddst,mnist,0.8,100,results/logs/cka_strength_sweep/all_20260516_024344/strength_1p0/seed_100/splits/mnist_split_seed100_clients5_alpha0p3_ref200.json,1.0,14,conv2,1,4,0.9999922513961792,0.9999893307685852,200
cka_feddst,mnist,0.8,100,results/logs/cka_strength_sweep/all_20260516_024344/strength_1p0/seed_100/splits/mnist_split_seed100_clients5_alpha0p3_ref200.json,1.0,14,conv2,2,0,0.9999994039535522,0.9999893307685852,200
cka_feddst,mnist,0.8,100,results/logs/cka_strength_sweep/all_20260516_024344/strength_1p0/seed_100/splits/mnist_split_seed100_clients5_alpha0p3_ref200.json,1.0,14,conv2,2,1,0.9999746680259705,0.9999893307685852,200
cka_feddst,mnist,0.8,100,results/logs/cka_strength_sweep/all_20260516_024344/strength_1p0/seed_100/splits/mnist_split_seed100_clients5_alpha0p3_ref200.json,1.0,14,conv2,2,2,1.0,0.9999893307685852,200
cka_feddst,mnist,0.8,100,results/logs/cka_strength_sweep/all_20260516_024344/strength_1p0/seed_100/splits/mnist_split_seed100_clients5_alpha0p3_ref200.json,1.0,14,conv2,2,3,0.9999927878379822,0.9999893307685852,200
cka_feddst,mnist,0.8,100,results/logs/cka_strength_sweep/all_20260516_024344/strength_1p0/seed_100/splits/mnist_split_seed100_clients5_alpha0p3_ref200.json,1.0,14,conv2,2,4,0.9999918937683105,0.9999893307685852,200
cka_feddst,mnist,0.8,100,results/logs/cka_strength_sweep/all_20260516_024344/strength_1p0/seed_100/splits/mnist_split_seed100_clients5_alpha0p3_ref200.json,1.0,14,conv2,3,0,0.9999905824661255,0.9999893307685852,200
cka_feddst,mnist,0.8,100,results/logs/cka_strength_sweep/all_20260516_024344/strength_1p0/seed_100/splits/mnist_split_seed100_clients5_alpha0p3_ref200.json,1.0,14,conv2,3,1,0.999994158744812,0.9999893307685852,200
cka_feddst,mnist,0.8,100,results/logs/cka_strength_sweep/all_20260516_024344/strength_1p0/seed_100/splits/mnist_split_seed100_clients5_alpha0p3_ref200.json,1.0,14,conv2,3,2,0.9999927878379822,0.9999893307685852,200
cka_feddst,mnist,0.8,100,results/logs/cka_strength_sweep/all_20260516_024344/strength_1p0/seed_100/splits/mnist_split_seed100_clients5_alpha0p3_ref200.json,1.0,14,conv2,3,3,1.0,0.9999893307685852,200
cka_feddst,mnist,0.8,100,results/logs/cka_strength_sweep/all_20260516_024344/strength_1p0/seed_100/splits/mnist_split_seed100_clients5_alpha0p3_ref200.json,1.0,14,conv2,3,4,0.9999991655349731,0.9999893307685852,200
cka_feddst,mnist,0.8,100,results/logs/cka_strength_sweep/all_20260516_024344/strength_1p0/seed_100/splits/mnist_split_seed100_clients5_alpha0p3_ref200.json,1.0,14,conv2,4,0,0.999988317489624,0.9999893307685852,200
cka_feddst,mnist,0.8,100,results/logs/cka_strength_sweep/all_20260516_024344/strength_1p0/seed_100/splits/mnist_split_seed100_clients5_alpha0p3_ref200.json,1.0,14,conv2,4,1,0.9999922513961792,0.9999893307685852,200
cka_feddst,mnist,0.8,100,results/logs/cka_strength_sweep/all_20260516_024344/strength_1p0/seed_100/splits/mnist_split_seed100_clients5_alpha0p3_ref200.json,1.0,14,conv2,4,2,0.9999918937683105,0.9999893307685852,200
cka_feddst,mnist,0.8,100,results/logs/cka_strength_sweep/all_20260516_024344/strength_1p0/seed_100/splits/mnist_split_seed100_clients5_alpha0p3_ref200.json,1.0,14,conv2,4,3,0.9999991655349731,0.9999893307685852,200
cka_feddst,mnist,0.8,100,results/logs/cka_strength_sweep/all_20260516_024344/strength_1p0/seed_100/splits/mnist_split_seed100_clients5_alpha0p3_ref200.json,1.0,14,conv2,4,4,1.0,0.9999893307685852,200
cka_feddst,mnist,0.8,100,results/logs/cka_strength_sweep/all_20260516_024344/strength_1p0/seed_100/splits/mnist_split_seed100_clients5_alpha0p3_ref200.json,1.0,14,fc1,0,0,1.0,0.9801825284957886,200
cka_feddst,mnist,0.8,100,results/logs/cka_strength_sweep/all_20260516_024344/strength_1p0/seed_100/splits/mnist_split_seed100_clients5_alpha0p3_ref200.json,1.0,14,fc1,0,1,0.9645799398422241,0.9801825284957886,200
cka_feddst,mnist,0.8,100,results/logs/cka_strength_sweep/all_20260516_024344/strength_1p0/seed_100/splits/mnist_split_seed100_clients5_alpha0p3_ref200.json,1.0,14,fc1,0,2,0.9889917969703674,0.9801825284957886,200
cka_feddst,mnist,0.8,100,results/logs/cka_strength_sweep/all_20260516_024344/strength_1p0/seed_100/splits/mnist_split_seed100_clients5_alpha0p3_ref200.json,1.0,14,fc1,0,3,0.9769758582115173,0.9801825284957886,200
cka_feddst,mnist,0.8,100,results/logs/cka_strength_sweep/all_20260516_024344/strength_1p0/seed_100/splits/mnist_split_seed100_clients5_alpha0p3_ref200.json,1.0,14,fc1,0,4,0.9797706604003906,0.9801825284957886,200
cka_feddst,mnist,0.8,100,results/logs/cka_strength_sweep/all_20260516_024344/strength_1p0/seed_100/splits/mnist_split_seed100_clients5_alpha0p3_ref200.json,1.0,14,fc1,1,0,0.9645799398422241,0.9801825284957886,200
cka_feddst,mnist,0.8,100,results/logs/cka_strength_sweep/all_20260516_024344/strength_1p0/seed_100/splits/mnist_split_seed100_clients5_alpha0p3_ref200.json,1.0,14,fc1,1,1,1.0,0.9801825284957886,200
cka_feddst,mnist,0.8,100,results/logs/cka_strength_sweep/all_20260516_024344/strength_1p0/seed_100/splits/mnist_split_seed100_clients5_alpha0p3_ref200.json,1.0,14,fc1,1,2,0.9692346453666687,0.9801825284957886,200
cka_feddst,mnist,0.8,100,results/logs/cka_strength_sweep/all_20260516_024344/strength_1p0/seed_100/splits/mnist_split_seed100_clients5_alpha0p3_ref200.json,1.0,14,fc1,1,3,0.9896947145462036,0.9801825284957886,200
cka_feddst,mnist,0.8,100,results/logs/cka_strength_sweep/all_20260516_024344/strength_1p0/seed_100/splits/mnist_split_seed100_clients5_alpha0p3_ref200.json,1.0,14,fc1,1,4,0.9825795292854309,0.9801825284957886,200
cka_feddst,mnist,0.8,100,results/logs/cka_strength_sweep/all_20260516_024344/strength_1p0/seed_100/splits/mnist_split_seed100_clients5_alpha0p3_ref200.json,1.0,14,fc1,2,0,0.9889917969703674,0.9801825284957886,200
cka_feddst,mnist,0.8,100,results/logs/cka_strength_sweep/all_20260516_024344/strength_1p0/seed_100/splits/mnist_split_seed100_clients5_alpha0p3_ref200.json,1.0,14,fc1,2,1,0.9692346453666687,0.9801825284957886,200
cka_feddst,mnist,0.8,100,results/logs/cka_strength_sweep/all_20260516_024344/strength_1p0/seed_100/splits/mnist_split_seed100_clients5_alpha0p3_ref200.json,1.0,14,fc1,2,2,1.0,0.9801825284957886,200
cka_feddst,mnist,0.8,100,results/logs/cka_strength_sweep/all_20260516_024344/strength_1p0/seed_100/splits/mnist_split_seed100_clients5_alpha0p3_ref200.json,1.0,14,fc1,2,3,0.9772008657455444,0.9801825284957886,200
cka_feddst,mnist,0.8,100,results/logs/cka_strength_sweep/all_20260516_024344/strength_1p0/seed_100/splits/mnist_split_seed100_clients5_alpha0p3_ref200.json,1.0,14,fc1,2,4,0.9846811890602112,0.9801825284957886,200
cka_feddst,mnist,0.8,100,results/logs/cka_strength_sweep/all_20260516_024344/strength_1p0/seed_100/splits/mnist_split_seed100_clients5_alpha0p3_ref200.json,1.0,14,fc1,3,0,0.9769758582115173,0.9801825284957886,200
cka_feddst,mnist,0.8,100,results/logs/cka_strength_sweep/all_20260516_024344/strength_1p0/seed_100/splits/mnist_split_seed100_clients5_alpha0p3_ref200.json,1.0,14,fc1,3,1,0.9896947145462036,0.9801825284957886,200
cka_feddst,mnist,0.8,100,results/logs/cka_strength_sweep/all_20260516_024344/strength_1p0/seed_100/splits/mnist_split_seed100_clients5_alpha0p3_ref200.json,1.0,14,fc1,3,2,0.9772008657455444,0.9801825284957886,200
cka_feddst,mnist,0.8,100,results/logs/cka_strength_sweep/all_20260516_024344/strength_1p0/seed_100/splits/mnist_split_seed100_clients5_alpha0p3_ref200.json,1.0,14,fc1,3,3,1.0,0.9801825284957886,200
cka_feddst,mnist,0.8,100,results/logs/cka_strength_sweep/all_20260516_024344/strength_1p0/seed_100/splits/mnist_split_seed100_clients5_alpha0p3_ref200.json,1.0,14,fc1,3,4,0.9881168603897095,0.9801825284957886,200
cka_feddst,mnist,0.8,100,results/logs/cka_strength_sweep/all_20260516_024344/strength_1p0/seed_100/splits/mnist_split_seed100_clients5_alpha0p3_ref200.json,1.0,14,fc1,4,0,0.9797706604003906,0.9801825284957886,200
cka_feddst,mnist,0.8,100,results/logs/cka_strength_sweep/all_20260516_024344/strength_1p0/seed_100/splits/mnist_split_seed100_clients5_alpha0p3_ref200.json,1.0,14,fc1,4,1,0.9825795292854309,0.9801825284957886,200
cka_feddst,mnist,0.8,100,results/logs/cka_strength_sweep/all_20260516_024344/strength_1p0/seed_100/splits/mnist_split_seed100_clients5_alpha0p3_ref200.json,1.0,14,fc1,4,2,0.9846811890602112,0.9801825284957886,200
cka_feddst,mnist,0.8,100,results/logs/cka_strength_sweep/all_20260516_024344/strength_1p0/seed_100/splits/mnist_split_seed100_clients5_alpha0p3_ref200.json,1.0,14,fc1,4,3,0.9881168603897095,0.9801825284957886,200
cka_feddst,mnist,0.8,100,results/logs/cka_strength_sweep/all_20260516_024344/strength_1p0/seed_100/splits/mnist_split_seed100_clients5_alpha0p3_ref200.json,1.0,14,fc1,4,4,1.0,0.9801825284957886,200
cka_feddst,mnist,0.8,100,results/logs/cka_strength_sweep/all_20260516_024344/strength_1p0/seed_100/splits/mnist_split_seed100_clients5_alpha0p3_ref200.json,1.0,16,conv1,0,0,1.0,0.9999990463256836,200
cka_feddst,mnist,0.8,100,results/logs/cka_strength_sweep/all_20260516_024344/strength_1p0/seed_100/splits/mnist_split_seed100_clients5_alpha0p3_ref200.json,1.0,16,conv1,0,1,0.9999984502792358,0.9999990463256836,200
cka_feddst,mnist,0.8,100,results/logs/cka_strength_sweep/all_20260516_024344/strength_1p0/seed_100/splits/mnist_split_seed100_clients5_alpha0p3_ref200.json,1.0,16,conv1,0,2,1.0,0.9999990463256836,200
cka_feddst,mnist,0.8,100,results/logs/cka_strength_sweep/all_20260516_024344/strength_1p0/seed_100/splits/mnist_split_seed100_clients5_alpha0p3_ref200.json,1.0,16,conv1,0,3,1.0,0.9999990463256836,200
cka_feddst,mnist,0.8,100,results/logs/cka_strength_sweep/all_20260516_024344/strength_1p0/seed_100/splits/mnist_split_seed100_clients5_alpha0p3_ref200.json,1.0,16,conv1,0,4,0.9999989867210388,0.9999990463256836,200
cka_feddst,mnist,0.8,100,results/logs/cka_strength_sweep/all_20260516_024344/strength_1p0/seed_100/splits/mnist_split_seed100_clients5_alpha0p3_ref200.json,1.0,16,conv1,1,0,0.9999984502792358,0.9999990463256836,200
cka_feddst,mnist,0.8,100,results/logs/cka_strength_sweep/all_20260516_024344/strength_1p0/seed_100/splits/mnist_split_seed100_clients5_alpha0p3_ref200.json,1.0,16,conv1,1,1,1.0,0.9999990463256836,200
cka_feddst,mnist,0.8,100,results/logs/cka_strength_sweep/all_20260516_024344/strength_1p0/seed_100/splits/mnist_split_seed100_clients5_alpha0p3_ref200.json,1.0,16,conv1,1,2,0.9999971389770508,0.9999990463256836,200
cka_feddst,mnist,0.8,100,results/logs/cka_strength_sweep/all_20260516_024344/strength_1p0/seed_100/splits/mnist_split_seed100_clients5_alpha0p3_ref200.json,1.0,16,conv1,1,3,0.9999999403953552,0.9999990463256836,200
cka_feddst,mnist,0.8,100,results/logs/cka_strength_sweep/all_20260516_024344/strength_1p0/seed_100/splits/mnist_split_seed100_clients5_alpha0p3_ref200.json,1.0,16,conv1,1,4,0.9999994039535522,0.9999990463256836,200
cka_feddst,mnist,0.8,100,results/logs/cka_strength_sweep/all_20260516_024344/strength_1p0/seed_100/splits/mnist_split_seed100_clients5_alpha0p3_ref200.json,1.0,16,conv1,2,0,1.0,0.9999990463256836,200
cka_feddst,mnist,0.8,100,results/logs/cka_strength_sweep/all_20260516_024344/strength_1p0/seed_100/splits/mnist_split_seed100_clients5_alpha0p3_ref200.json,1.0,16,conv1,2,1,0.9999971389770508,0.9999990463256836,200
cka_feddst,mnist,0.8,100,results/logs/cka_strength_sweep/all_20260516_024344/strength_1p0/seed_100/splits/mnist_split_seed100_clients5_alpha0p3_ref200.json,1.0,16,conv1,2,2,1.0,0.9999990463256836,200
cka_feddst,mnist,0.8,100,results/logs/cka_strength_sweep/all_20260516_024344/strength_1p0/seed_100/splits/mnist_split_seed100_clients5_alpha0p3_ref200.json,1.0,16,conv1,2,3,0.9999988675117493,0.9999990463256836,200
cka_feddst,mnist,0.8,100,results/logs/cka_strength_sweep/all_20260516_024344/strength_1p0/seed_100/splits/mnist_split_seed100_clients5_alpha0p3_ref200.json,1.0,16,conv1,2,4,0.9999977350234985,0.9999990463256836,200
cka_feddst,mnist,0.8,100,results/logs/cka_strength_sweep/all_20260516_024344/strength_1p0/seed_100/splits/mnist_split_seed100_clients5_alpha0p3_ref200.json,1.0,16,conv1,3,0,1.0,0.9999990463256836,200
cka_feddst,mnist,0.8,100,results/logs/cka_strength_sweep/all_20260516_024344/strength_1p0/seed_100/splits/mnist_split_seed100_clients5_alpha0p3_ref200.json,1.0,16,conv1,3,1,0.9999999403953552,0.9999990463256836,200
cka_feddst,mnist,0.8,100,results/logs/cka_strength_sweep/all_20260516_024344/strength_1p0/seed_100/splits/mnist_split_seed100_clients5_alpha0p3_ref200.json,1.0,16,conv1,3,2,0.9999988675117493,0.9999990463256836,200
cka_feddst,mnist,0.8,100,results/logs/cka_strength_sweep/all_20260516_024344/strength_1p0/seed_100/splits/mnist_split_seed100_clients5_alpha0p3_ref200.json,1.0,16,conv1,3,3,1.0,0.9999990463256836,200
cka_feddst,mnist,0.8,100,results/logs/cka_strength_sweep/all_20260516_024344/strength_1p0/seed_100/splits/mnist_split_seed100_clients5_alpha0p3_ref200.json,1.0,16,conv1,3,4,1.0,0.9999990463256836,200
cka_feddst,mnist,0.8,100,results/logs/cka_strength_sweep/all_20260516_024344/strength_1p0/seed_100/splits/mnist_split_seed100_clients5_alpha0p3_ref200.json,1.0,16,conv1,4,0,0.9999989867210388,0.9999990463256836,200
cka_feddst,mnist,0.8,100,results/logs/cka_strength_sweep/all_20260516_024344/strength_1p0/seed_100/splits/mnist_split_seed100_clients5_alpha0p3_ref200.json,1.0,16,conv1,4,1,0.9999994039535522,0.9999990463256836,200
cka_feddst,mnist,0.8,100,results/logs/cka_strength_sweep/all_20260516_024344/strength_1p0/seed_100/splits/mnist_split_seed100_clients5_alpha0p3_ref200.json,1.0,16,conv1,4,2,0.9999977350234985,0.9999990463256836,200
cka_feddst,mnist,0.8,100,results/logs/cka_strength_sweep/all_20260516_024344/strength_1p0/seed_100/splits/mnist_split_seed100_clients5_alpha0p3_ref200.json,1.0,16,conv1,4,3,1.0,0.9999990463256836,200
cka_feddst,mnist,0.8,100,results/logs/cka_strength_sweep/all_20260516_024344/strength_1p0/seed_100/splits/mnist_split_seed100_clients5_alpha0p3_ref200.json,1.0,16,conv1,4,4,1.0,0.9999990463256836,200
cka_feddst,mnist,0.8,100,results/logs/cka_strength_sweep/all_20260516_024344/strength_1p0/seed_100/splits/mnist_split_seed100_clients5_alpha0p3_ref200.json,1.0,16,conv2,0,0,1.0,0.9999821782112122,200
cka_feddst,mnist,0.8,100,results/logs/cka_strength_sweep/all_20260516_024344/strength_1p0/seed_100/splits/mnist_split_seed100_clients5_alpha0p3_ref200.json,1.0,16,conv2,0,1,0.99995356798172,0.9999821782112122,200
cka_feddst,mnist,0.8,100,results/logs/cka_strength_sweep/all_20260516_024344/strength_1p0/seed_100/splits/mnist_split_seed100_clients5_alpha0p3_ref200.json,1.0,16,conv2,0,2,0.9999997019767761,0.9999821782112122,200
cka_feddst,mnist,0.8,100,results/logs/cka_strength_sweep/all_20260516_024344/strength_1p0/seed_100/splits/mnist_split_seed100_clients5_alpha0p3_ref200.json,1.0,16,conv2,0,3,0.9999852776527405,0.9999821782112122,200
cka_feddst,mnist,0.8,100,results/logs/cka_strength_sweep/all_20260516_024344/strength_1p0/seed_100/splits/mnist_split_seed100_clients5_alpha0p3_ref200.json,1.0,16,conv2,0,4,0.9999827146530151,0.9999821782112122,200
cka_feddst,mnist,0.8,100,results/logs/cka_strength_sweep/all_20260516_024344/strength_1p0/seed_100/splits/mnist_split_seed100_clients5_alpha0p3_ref200.json,1.0,16,conv2,1,0,0.99995356798172,0.9999821782112122,200
cka_feddst,mnist,0.8,100,results/logs/cka_strength_sweep/all_20260516_024344/strength_1p0/seed_100/splits/mnist_split_seed100_clients5_alpha0p3_ref200.json,1.0,16,conv2,1,1,1.0,0.9999821782112122,200
cka_feddst,mnist,0.8,100,results/logs/cka_strength_sweep/all_20260516_024344/strength_1p0/seed_100/splits/mnist_split_seed100_clients5_alpha0p3_ref200.json,1.0,16,conv2,1,2,0.9999536275863647,0.9999821782112122,200
cka_feddst,mnist,0.8,100,results/logs/cka_strength_sweep/all_20260516_024344/strength_1p0/seed_100/splits/mnist_split_seed100_clients5_alpha0p3_ref200.json,1.0,16,conv2,1,3,0.9999894499778748,0.9999821782112122,200
cka_feddst,mnist,0.8,100,results/logs/cka_strength_sweep/all_20260516_024344/strength_1p0/seed_100/splits/mnist_split_seed100_clients5_alpha0p3_ref200.json,1.0,16,conv2,1,4,0.9999868869781494,0.9999821782112122,200
cka_feddst,mnist,0.8,100,results/logs/cka_strength_sweep/all_20260516_024344/strength_1p0/seed_100/splits/mnist_split_seed100_clients5_alpha0p3_ref200.json,1.0,16,conv2,2,0,0.9999997019767761,0.9999821782112122,200
cka_feddst,mnist,0.8,100,results/logs/cka_strength_sweep/all_20260516_024344/strength_1p0/seed_100/splits/mnist_split_seed100_clients5_alpha0p3_ref200.json,1.0,16,conv2,2,1,0.9999536275863647,0.9999821782112122,200
cka_feddst,mnist,0.8,100,results/logs/cka_strength_sweep/all_20260516_024344/strength_1p0/seed_100/splits/mnist_split_seed100_clients5_alpha0p3_ref200.json,1.0,16,conv2,2,2,1.0,0.9999821782112122,200
cka_feddst,mnist,0.8,100,results/logs/cka_strength_sweep/all_20260516_024344/strength_1p0/seed_100/splits/mnist_split_seed100_clients5_alpha0p3_ref200.json,1.0,16,conv2,2,3,0.9999858140945435,0.9999821782112122,200
cka_feddst,mnist,0.8,100,results/logs/cka_strength_sweep/all_20260516_024344/strength_1p0/seed_100/splits/mnist_split_seed100_clients5_alpha0p3_ref200.json,1.0,16,conv2,2,4,0.9999843835830688,0.9999821782112122,200
cka_feddst,mnist,0.8,100,results/logs/cka_strength_sweep/all_20260516_024344/strength_1p0/seed_100/splits/mnist_split_seed100_clients5_alpha0p3_ref200.json,1.0,16,conv2,3,0,0.9999852776527405,0.9999821782112122,200
cka_feddst,mnist,0.8,100,results/logs/cka_strength_sweep/all_20260516_024344/strength_1p0/seed_100/splits/mnist_split_seed100_clients5_alpha0p3_ref200.json,1.0,16,conv2,3,1,0.9999894499778748,0.9999821782112122,200
cka_feddst,mnist,0.8,100,results/logs/cka_strength_sweep/all_20260516_024344/strength_1p0/seed_100/splits/mnist_split_seed100_clients5_alpha0p3_ref200.json,1.0,16,conv2,3,2,0.9999858140945435,0.9999821782112122,200
cka_feddst,mnist,0.8,100,results/logs/cka_strength_sweep/all_20260516_024344/strength_1p0/seed_100/splits/mnist_split_seed100_clients5_alpha0p3_ref200.json,1.0,16,conv2,3,3,1.0,0.9999821782112122,200
cka_feddst,mnist,0.8,100,results/logs/cka_strength_sweep/all_20260516_024344/strength_1p0/seed_100/splits/mnist_split_seed100_clients5_alpha0p3_ref200.json,1.0,16,conv2,3,4,0.9999996423721313,0.9999821782112122,200
cka_feddst,mnist,0.8,100,results/logs/cka_strength_sweep/all_20260516_024344/strength_1p0/seed_100/splits/mnist_split_seed100_clients5_alpha0p3_ref200.json,1.0,16,conv2,4,0,0.9999827146530151,0.9999821782112122,200
cka_feddst,mnist,0.8,100,results/logs/cka_strength_sweep/all_20260516_024344/strength_1p0/seed_100/splits/mnist_split_seed100_clients5_alpha0p3_ref200.json,1.0,16,conv2,4,1,0.9999868869781494,0.9999821782112122,200
cka_feddst,mnist,0.8,100,results/logs/cka_strength_sweep/all_20260516_024344/strength_1p0/seed_100/splits/mnist_split_seed100_clients5_alpha0p3_ref200.json,1.0,16,conv2,4,2,0.9999843835830688,0.9999821782112122,200
cka_feddst,mnist,0.8,100,results/logs/cka_strength_sweep/all_20260516_024344/strength_1p0/seed_100/splits/mnist_split_seed100_clients5_alpha0p3_ref200.json,1.0,16,conv2,4,3,0.9999996423721313,0.9999821782112122,200
cka_feddst,mnist,0.8,100,results/logs/cka_strength_sweep/all_20260516_024344/strength_1p0/seed_100/splits/mnist_split_seed100_clients5_alpha0p3_ref200.json,1.0,16,conv2,4,4,1.0,0.9999821782112122,200
cka_feddst,mnist,0.8,100,results/logs/cka_strength_sweep/all_20260516_024344/strength_1p0/seed_100/splits/mnist_split_seed100_clients5_alpha0p3_ref200.json,1.0,16,fc1,0,0,1.0,0.9743436574935913,200
cka_feddst,mnist,0.8,100,results/logs/cka_strength_sweep/all_20260516_024344/strength_1p0/seed_100/splits/mnist_split_seed100_clients5_alpha0p3_ref200.json,1.0,16,fc1,0,1,0.9474318623542786,0.9743436574935913,200
cka_feddst,mnist,0.8,100,results/logs/cka_strength_sweep/all_20260516_024344/strength_1p0/seed_100/splits/mnist_split_seed100_clients5_alpha0p3_ref200.json,1.0,16,fc1,0,2,0.9842619895935059,0.9743436574935913,200
cka_feddst,mnist,0.8,100,results/logs/cka_strength_sweep/all_20260516_024344/strength_1p0/seed_100/splits/mnist_split_seed100_clients5_alpha0p3_ref200.json,1.0,16,fc1,0,3,0.9667191505432129,0.9743436574935913,200
cka_feddst,mnist,0.8,100,results/logs/cka_strength_sweep/all_20260516_024344/strength_1p0/seed_100/splits/mnist_split_seed100_clients5_alpha0p3_ref200.json,1.0,16,fc1,0,4,0.9729034900665283,0.9743436574935913,200
cka_feddst,mnist,0.8,100,results/logs/cka_strength_sweep/all_20260516_024344/strength_1p0/seed_100/splits/mnist_split_seed100_clients5_alpha0p3_ref200.json,1.0,16,fc1,1,0,0.9474318623542786,0.9743436574935913,200
cka_feddst,mnist,0.8,100,results/logs/cka_strength_sweep/all_20260516_024344/strength_1p0/seed_100/splits/mnist_split_seed100_clients5_alpha0p3_ref200.json,1.0,16,fc1,1,1,1.0,0.9743436574935913,200
cka_feddst,mnist,0.8,100,results/logs/cka_strength_sweep/all_20260516_024344/strength_1p0/seed_100/splits/mnist_split_seed100_clients5_alpha0p3_ref200.json,1.0,16,fc1,1,2,0.9657549262046814,0.9743436574935913,200
cka_feddst,mnist,0.8,100,results/logs/cka_strength_sweep/all_20260516_024344/strength_1p0/seed_100/splits/mnist_split_seed100_clients5_alpha0p3_ref200.json,1.0,16,fc1,1,3,0.9861595034599304,0.9743436574935913,200
cka_feddst,mnist,0.8,100,results/logs/cka_strength_sweep/all_20260516_024344/strength_1p0/seed_100/splits/mnist_split_seed100_clients5_alpha0p3_ref200.json,1.0,16,fc1,1,4,0.97709059715271,0.9743436574935913,200
cka_feddst,mnist,0.8,100,results/logs/cka_strength_sweep/all_20260516_024344/strength_1p0/seed_100/splits/mnist_split_seed100_clients5_alpha0p3_ref200.json,1.0,16,fc1,2,0,0.9842619895935059,0.9743436574935913,200
cka_feddst,mnist,0.8,100,results/logs/cka_strength_sweep/all_20260516_024344/strength_1p0/seed_100/splits/mnist_split_seed100_clients5_alpha0p3_ref200.json,1.0,16,fc1,2,1,0.9657549262046814,0.9743436574935913,200
cka_feddst,mnist,0.8,100,results/logs/cka_strength_sweep/all_20260516_024344/strength_1p0/seed_100/splits/mnist_split_seed100_clients5_alpha0p3_ref200.json,1.0,16,fc1,2,2,1.0,0.9743436574935913,200
cka_feddst,mnist,0.8,100,results/logs/cka_strength_sweep/all_20260516_024344/strength_1p0/seed_100/splits/mnist_split_seed100_clients5_alpha0p3_ref200.json,1.0,16,fc1,2,3,0.9745103120803833,0.9743436574935913,200
cka_feddst,mnist,0.8,100,results/logs/cka_strength_sweep/all_20260516_024344/strength_1p0/seed_100/splits/mnist_split_seed100_clients5_alpha0p3_ref200.json,1.0,16,fc1,2,4,0.9826163649559021,0.9743436574935913,200
cka_feddst,mnist,0.8,100,results/logs/cka_strength_sweep/all_20260516_024344/strength_1p0/seed_100/splits/mnist_split_seed100_clients5_alpha0p3_ref200.json,1.0,16,fc1,3,0,0.9667191505432129,0.9743436574935913,200
cka_feddst,mnist,0.8,100,results/logs/cka_strength_sweep/all_20260516_024344/strength_1p0/seed_100/splits/mnist_split_seed100_clients5_alpha0p3_ref200.json,1.0,16,fc1,3,1,0.9861595034599304,0.9743436574935913,200
cka_feddst,mnist,0.8,100,results/logs/cka_strength_sweep/all_20260516_024344/strength_1p0/seed_100/splits/mnist_split_seed100_clients5_alpha0p3_ref200.json,1.0,16,fc1,3,2,0.9745103120803833,0.9743436574935913,200
cka_feddst,mnist,0.8,100,results/logs/cka_strength_sweep/all_20260516_024344/strength_1p0/seed_100/splits/mnist_split_seed100_clients5_alpha0p3_ref200.json,1.0,16,fc1,3,3,1.0,0.9743436574935913,200
cka_feddst,mnist,0.8,100,results/logs/cka_strength_sweep/all_20260516_024344/strength_1p0/seed_100/splits/mnist_split_seed100_clients5_alpha0p3_ref200.json,1.0,16,fc1,3,4,0.9859893918037415,0.9743436574935913,200
cka_feddst,mnist,0.8,100,results/logs/cka_strength_sweep/all_20260516_024344/strength_1p0/seed_100/splits/mnist_split_seed100_clients5_alpha0p3_ref200.json,1.0,16,fc1,4,0,0.9729034900665283,0.9743436574935913,200
cka_feddst,mnist,0.8,100,results/logs/cka_strength_sweep/all_20260516_024344/strength_1p0/seed_100/splits/mnist_split_seed100_clients5_alpha0p3_ref200.json,1.0,16,fc1,4,1,0.97709059715271,0.9743436574935913,200
cka_feddst,mnist,0.8,100,results/logs/cka_strength_sweep/all_20260516_024344/strength_1p0/seed_100/splits/mnist_split_seed100_clients5_alpha0p3_ref200.json,1.0,16,fc1,4,2,0.9826163649559021,0.9743436574935913,200
cka_feddst,mnist,0.8,100,results/logs/cka_strength_sweep/all_20260516_024344/strength_1p0/seed_100/splits/mnist_split_seed100_clients5_alpha0p3_ref200.json,1.0,16,fc1,4,3,0.9859893918037415,0.9743436574935913,200
cka_feddst,mnist,0.8,100,results/logs/cka_strength_sweep/all_20260516_024344/strength_1p0/seed_100/splits/mnist_split_seed100_clients5_alpha0p3_ref200.json,1.0,16,fc1,4,4,1.0,0.9743436574935913,200
cka_feddst,mnist,0.8,100,results/logs/cka_strength_sweep/all_20260516_024344/strength_1p0/seed_100/splits/mnist_split_seed100_clients5_alpha0p3_ref200.json,1.0,18,conv1,0,0,1.0,0.9999994039535522,200
cka_feddst,mnist,0.8,100,results/logs/cka_strength_sweep/all_20260516_024344/strength_1p0/seed_100/splits/mnist_split_seed100_clients5_alpha0p3_ref200.json,1.0,18,conv1,0,1,0.9999993443489075,0.9999994039535522,200
cka_feddst,mnist,0.8,100,results/logs/cka_strength_sweep/all_20260516_024344/strength_1p0/seed_100/splits/mnist_split_seed100_clients5_alpha0p3_ref200.json,1.0,18,conv1,0,2,0.9999997019767761,0.9999994039535522,200
cka_feddst,mnist,0.8,100,results/logs/cka_strength_sweep/all_20260516_024344/strength_1p0/seed_100/splits/mnist_split_seed100_clients5_alpha0p3_ref200.json,1.0,18,conv1,0,3,0.9999992847442627,0.9999994039535522,200
cka_feddst,mnist,0.8,100,results/logs/cka_strength_sweep/all_20260516_024344/strength_1p0/seed_100/splits/mnist_split_seed100_clients5_alpha0p3_ref200.json,1.0,18,conv1,0,4,0.9999992847442627,0.9999994039535522,200
cka_feddst,mnist,0.8,100,results/logs/cka_strength_sweep/all_20260516_024344/strength_1p0/seed_100/splits/mnist_split_seed100_clients5_alpha0p3_ref200.json,1.0,18,conv1,1,0,0.9999993443489075,0.9999994039535522,200
cka_feddst,mnist,0.8,100,results/logs/cka_strength_sweep/all_20260516_024344/strength_1p0/seed_100/splits/mnist_split_seed100_clients5_alpha0p3_ref200.json,1.0,18,conv1,1,1,1.0,0.9999994039535522,200
cka_feddst,mnist,0.8,100,results/logs/cka_strength_sweep/all_20260516_024344/strength_1p0/seed_100/splits/mnist_split_seed100_clients5_alpha0p3_ref200.json,1.0,18,conv1,1,2,0.9999991655349731,0.9999994039535522,200
cka_feddst,mnist,0.8,100,results/logs/cka_strength_sweep/all_20260516_024344/strength_1p0/seed_100/splits/mnist_split_seed100_clients5_alpha0p3_ref200.json,1.0,18,conv1,1,3,1.0,0.9999994039535522,200
cka_feddst,mnist,0.8,100,results/logs/cka_strength_sweep/all_20260516_024344/strength_1p0/seed_100/splits/mnist_split_seed100_clients5_alpha0p3_ref200.json,1.0,18,conv1,1,4,1.0,0.9999994039535522,200
cka_feddst,mnist,0.8,100,results/logs/cka_strength_sweep/all_20260516_024344/strength_1p0/seed_100/splits/mnist_split_seed100_clients5_alpha0p3_ref200.json,1.0,18,conv1,2,0,0.9999997019767761,0.9999994039535522,200
cka_feddst,mnist,0.8,100,results/logs/cka_strength_sweep/all_20260516_024344/strength_1p0/seed_100/splits/mnist_split_seed100_clients5_alpha0p3_ref200.json,1.0,18,conv1,2,1,0.9999991655349731,0.9999994039535522,200
cka_feddst,mnist,0.8,100,results/logs/cka_strength_sweep/all_20260516_024344/strength_1p0/seed_100/splits/mnist_split_seed100_clients5_alpha0p3_ref200.json,1.0,18,conv1,2,2,1.0,0.9999994039535522,200
cka_feddst,mnist,0.8,100,results/logs/cka_strength_sweep/all_20260516_024344/strength_1p0/seed_100/splits/mnist_split_seed100_clients5_alpha0p3_ref200.json,1.0,18,conv1,2,3,0.9999992251396179,0.9999994039535522,200
cka_feddst,mnist,0.8,100,results/logs/cka_strength_sweep/all_20260516_024344/strength_1p0/seed_100/splits/mnist_split_seed100_clients5_alpha0p3_ref200.json,1.0,18,conv1,2,4,0.9999992251396179,0.9999994039535522,200
cka_feddst,mnist,0.8,100,results/logs/cka_strength_sweep/all_20260516_024344/strength_1p0/seed_100/splits/mnist_split_seed100_clients5_alpha0p3_ref200.json,1.0,18,conv1,3,0,0.9999992847442627,0.9999994039535522,200
cka_feddst,mnist,0.8,100,results/logs/cka_strength_sweep/all_20260516_024344/strength_1p0/seed_100/splits/mnist_split_seed100_clients5_alpha0p3_ref200.json,1.0,18,conv1,3,1,1.0,0.9999994039535522,200
cka_feddst,mnist,0.8,100,results/logs/cka_strength_sweep/all_20260516_024344/strength_1p0/seed_100/splits/mnist_split_seed100_clients5_alpha0p3_ref200.json,1.0,18,conv1,3,2,0.9999992251396179,0.9999994039535522,200
cka_feddst,mnist,0.8,100,results/logs/cka_strength_sweep/all_20260516_024344/strength_1p0/seed_100/splits/mnist_split_seed100_clients5_alpha0p3_ref200.json,1.0,18,conv1,3,3,1.0,0.9999994039535522,200
cka_feddst,mnist,0.8,100,results/logs/cka_strength_sweep/all_20260516_024344/strength_1p0/seed_100/splits/mnist_split_seed100_clients5_alpha0p3_ref200.json,1.0,18,conv1,3,4,0.9999998807907104,0.9999994039535522,200
cka_feddst,mnist,0.8,100,results/logs/cka_strength_sweep/all_20260516_024344/strength_1p0/seed_100/splits/mnist_split_seed100_clients5_alpha0p3_ref200.json,1.0,18,conv1,4,0,0.9999992847442627,0.9999994039535522,200
cka_feddst,mnist,0.8,100,results/logs/cka_strength_sweep/all_20260516_024344/strength_1p0/seed_100/splits/mnist_split_seed100_clients5_alpha0p3_ref200.json,1.0,18,conv1,4,1,1.0,0.9999994039535522,200
cka_feddst,mnist,0.8,100,results/logs/cka_strength_sweep/all_20260516_024344/strength_1p0/seed_100/splits/mnist_split_seed100_clients5_alpha0p3_ref200.json,1.0,18,conv1,4,2,0.9999992251396179,0.9999994039535522,200
cka_feddst,mnist,0.8,100,results/logs/cka_strength_sweep/all_20260516_024344/strength_1p0/seed_100/splits/mnist_split_seed100_clients5_alpha0p3_ref200.json,1.0,18,conv1,4,3,0.9999998807907104,0.9999994039535522,200
cka_feddst,mnist,0.8,100,results/logs/cka_strength_sweep/all_20260516_024344/strength_1p0/seed_100/splits/mnist_split_seed100_clients5_alpha0p3_ref200.json,1.0,18,conv1,4,4,1.0,0.9999994039535522,200
cka_feddst,mnist,0.8,100,results/logs/cka_strength_sweep/all_20260516_024344/strength_1p0/seed_100/splits/mnist_split_seed100_clients5_alpha0p3_ref200.json,1.0,18,conv2,0,0,1.0,0.9999904632568359,200
cka_feddst,mnist,0.8,100,results/logs/cka_strength_sweep/all_20260516_024344/strength_1p0/seed_100/splits/mnist_split_seed100_clients5_alpha0p3_ref200.json,1.0,18,conv2,0,1,0.9999747276306152,0.9999904632568359,200
cka_feddst,mnist,0.8,100,results/logs/cka_strength_sweep/all_20260516_024344/strength_1p0/seed_100/splits/mnist_split_seed100_clients5_alpha0p3_ref200.json,1.0,18,conv2,0,2,1.0,0.9999904632568359,200
cka_feddst,mnist,0.8,100,results/logs/cka_strength_sweep/all_20260516_024344/strength_1p0/seed_100/splits/mnist_split_seed100_clients5_alpha0p3_ref200.json,1.0,18,conv2,0,3,0.9999917149543762,0.9999904632568359,200
cka_feddst,mnist,0.8,100,results/logs/cka_strength_sweep/all_20260516_024344/strength_1p0/seed_100/splits/mnist_split_seed100_clients5_alpha0p3_ref200.json,1.0,18,conv2,0,4,0.9999891519546509,0.9999904632568359,200
cka_feddst,mnist,0.8,100,results/logs/cka_strength_sweep/all_20260516_024344/strength_1p0/seed_100/splits/mnist_split_seed100_clients5_alpha0p3_ref200.json,1.0,18,conv2,1,0,0.9999747276306152,0.9999904632568359,200
cka_feddst,mnist,0.8,100,results/logs/cka_strength_sweep/all_20260516_024344/strength_1p0/seed_100/splits/mnist_split_seed100_clients5_alpha0p3_ref200.json,1.0,18,conv2,1,1,1.0,0.9999904632568359,200
cka_feddst,mnist,0.8,100,results/logs/cka_strength_sweep/all_20260516_024344/strength_1p0/seed_100/splits/mnist_split_seed100_clients5_alpha0p3_ref200.json,1.0,18,conv2,1,2,0.999976634979248,0.9999904632568359,200
cka_feddst,mnist,0.8,100,results/logs/cka_strength_sweep/all_20260516_024344/strength_1p0/seed_100/splits/mnist_split_seed100_clients5_alpha0p3_ref200.json,1.0,18,conv2,1,3,0.9999944567680359,0.9999904632568359,200
cka_feddst,mnist,0.8,100,results/logs/cka_strength_sweep/all_20260516_024344/strength_1p0/seed_100/splits/mnist_split_seed100_clients5_alpha0p3_ref200.json,1.0,18,conv2,1,4,0.9999929070472717,0.9999904632568359,200
cka_feddst,mnist,0.8,100,results/logs/cka_strength_sweep/all_20260516_024344/strength_1p0/seed_100/splits/mnist_split_seed100_clients5_alpha0p3_ref200.json,1.0,18,conv2,2,0,1.0,0.9999904632568359,200
cka_feddst,mnist,0.8,100,results/logs/cka_strength_sweep/all_20260516_024344/strength_1p0/seed_100/splits/mnist_split_seed100_clients5_alpha0p3_ref200.json,1.0,18,conv2,2,1,0.999976634979248,0.9999904632568359,200
cka_feddst,mnist,0.8,100,results/logs/cka_strength_sweep/all_20260516_024344/strength_1p0/seed_100/splits/mnist_split_seed100_clients5_alpha0p3_ref200.json,1.0,18,conv2,2,2,1.0,0.9999904632568359,200
cka_feddst,mnist,0.8,100,results/logs/cka_strength_sweep/all_20260516_024344/strength_1p0/seed_100/splits/mnist_split_seed100_clients5_alpha0p3_ref200.json,1.0,18,conv2,2,3,0.9999933242797852,0.9999904632568359,200
cka_feddst,mnist,0.8,100,results/logs/cka_strength_sweep/all_20260516_024344/strength_1p0/seed_100/splits/mnist_split_seed100_clients5_alpha0p3_ref200.json,1.0,18,conv2,2,4,0.9999913573265076,0.9999904632568359,200
cka_feddst,mnist,0.8,100,results/logs/cka_strength_sweep/all_20260516_024344/strength_1p0/seed_100/splits/mnist_split_seed100_clients5_alpha0p3_ref200.json,1.0,18,conv2,3,0,0.9999917149543762,0.9999904632568359,200
cka_feddst,mnist,0.8,100,results/logs/cka_strength_sweep/all_20260516_024344/strength_1p0/seed_100/splits/mnist_split_seed100_clients5_alpha0p3_ref200.json,1.0,18,conv2,3,1,0.9999944567680359,0.9999904632568359,200
cka_feddst,mnist,0.8,100,results/logs/cka_strength_sweep/all_20260516_024344/strength_1p0/seed_100/splits/mnist_split_seed100_clients5_alpha0p3_ref200.json,1.0,18,conv2,3,2,0.9999933242797852,0.9999904632568359,200
cka_feddst,mnist,0.8,100,results/logs/cka_strength_sweep/all_20260516_024344/strength_1p0/seed_100/splits/mnist_split_seed100_clients5_alpha0p3_ref200.json,1.0,18,conv2,3,3,1.0,0.9999904632568359,200
cka_feddst,mnist,0.8,100,results/logs/cka_strength_sweep/all_20260516_024344/strength_1p0/seed_100/splits/mnist_split_seed100_clients5_alpha0p3_ref200.json,1.0,18,conv2,3,4,1.0,0.9999904632568359,200
cka_feddst,mnist,0.8,100,results/logs/cka_strength_sweep/all_20260516_024344/strength_1p0/seed_100/splits/mnist_split_seed100_clients5_alpha0p3_ref200.json,1.0,18,conv2,4,0,0.9999891519546509,0.9999904632568359,200
cka_feddst,mnist,0.8,100,results/logs/cka_strength_sweep/all_20260516_024344/strength_1p0/seed_100/splits/mnist_split_seed100_clients5_alpha0p3_ref200.json,1.0,18,conv2,4,1,0.9999929070472717,0.9999904632568359,200
cka_feddst,mnist,0.8,100,results/logs/cka_strength_sweep/all_20260516_024344/strength_1p0/seed_100/splits/mnist_split_seed100_clients5_alpha0p3_ref200.json,1.0,18,conv2,4,2,0.9999913573265076,0.9999904632568359,200
cka_feddst,mnist,0.8,100,results/logs/cka_strength_sweep/all_20260516_024344/strength_1p0/seed_100/splits/mnist_split_seed100_clients5_alpha0p3_ref200.json,1.0,18,conv2,4,3,1.0,0.9999904632568359,200
cka_feddst,mnist,0.8,100,results/logs/cka_strength_sweep/all_20260516_024344/strength_1p0/seed_100/splits/mnist_split_seed100_clients5_alpha0p3_ref200.json,1.0,18,conv2,4,4,1.0,0.9999904632568359,200
cka_feddst,mnist,0.8,100,results/logs/cka_strength_sweep/all_20260516_024344/strength_1p0/seed_100/splits/mnist_split_seed100_clients5_alpha0p3_ref200.json,1.0,18,fc1,0,0,1.0,0.9768698811531067,200
cka_feddst,mnist,0.8,100,results/logs/cka_strength_sweep/all_20260516_024344/strength_1p0/seed_100/splits/mnist_split_seed100_clients5_alpha0p3_ref200.json,1.0,18,fc1,0,1,0.9603692889213562,0.9768698811531067,200
cka_feddst,mnist,0.8,100,results/logs/cka_strength_sweep/all_20260516_024344/strength_1p0/seed_100/splits/mnist_split_seed100_clients5_alpha0p3_ref200.json,1.0,18,fc1,0,2,0.9839970469474792,0.9768698811531067,200
cka_feddst,mnist,0.8,100,results/logs/cka_strength_sweep/all_20260516_024344/strength_1p0/seed_100/splits/mnist_split_seed100_clients5_alpha0p3_ref200.json,1.0,18,fc1,0,3,0.9782071709632874,0.9768698811531067,200
cka_feddst,mnist,0.8,100,results/logs/cka_strength_sweep/all_20260516_024344/strength_1p0/seed_100/splits/mnist_split_seed100_clients5_alpha0p3_ref200.json,1.0,18,fc1,0,4,0.9777594208717346,0.9768698811531067,200
cka_feddst,mnist,0.8,100,results/logs/cka_strength_sweep/all_20260516_024344/strength_1p0/seed_100/splits/mnist_split_seed100_clients5_alpha0p3_ref200.json,1.0,18,fc1,1,0,0.9603692889213562,0.9768698811531067,200
cka_feddst,mnist,0.8,100,results/logs/cka_strength_sweep/all_20260516_024344/strength_1p0/seed_100/splits/mnist_split_seed100_clients5_alpha0p3_ref200.json,1.0,18,fc1,1,1,1.0,0.9768698811531067,200
cka_feddst,mnist,0.8,100,results/logs/cka_strength_sweep/all_20260516_024344/strength_1p0/seed_100/splits/mnist_split_seed100_clients5_alpha0p3_ref200.json,1.0,18,fc1,1,2,0.9612406492233276,0.9768698811531067,200
cka_feddst,mnist,0.8,100,results/logs/cka_strength_sweep/all_20260516_024344/strength_1p0/seed_100/splits/mnist_split_seed100_clients5_alpha0p3_ref200.json,1.0,18,fc1,1,3,0.9856820106506348,0.9768698811531067,200
cka_feddst,mnist,0.8,100,results/logs/cka_strength_sweep/all_20260516_024344/strength_1p0/seed_100/splits/mnist_split_seed100_clients5_alpha0p3_ref200.json,1.0,18,fc1,1,4,0.9835217595100403,0.9768698811531067,200
cka_feddst,mnist,0.8,100,results/logs/cka_strength_sweep/all_20260516_024344/strength_1p0/seed_100/splits/mnist_split_seed100_clients5_alpha0p3_ref200.json,1.0,18,fc1,2,0,0.9839970469474792,0.9768698811531067,200
cka_feddst,mnist,0.8,100,results/logs/cka_strength_sweep/all_20260516_024344/strength_1p0/seed_100/splits/mnist_split_seed100_clients5_alpha0p3_ref200.json,1.0,18,fc1,2,1,0.9612406492233276,0.9768698811531067,200
cka_feddst,mnist,0.8,100,results/logs/cka_strength_sweep/all_20260516_024344/strength_1p0/seed_100/splits/mnist_split_seed100_clients5_alpha0p3_ref200.json,1.0,18,fc1,2,2,1.0,0.9768698811531067,200
cka_feddst,mnist,0.8,100,results/logs/cka_strength_sweep/all_20260516_024344/strength_1p0/seed_100/splits/mnist_split_seed100_clients5_alpha0p3_ref200.json,1.0,18,fc1,2,3,0.9700549840927124,0.9768698811531067,200
cka_feddst,mnist,0.8,100,results/logs/cka_strength_sweep/all_20260516_024344/strength_1p0/seed_100/splits/mnist_split_seed100_clients5_alpha0p3_ref200.json,1.0,18,fc1,2,4,0.9797134399414062,0.9768698811531067,200
cka_feddst,mnist,0.8,100,results/logs/cka_strength_sweep/all_20260516_024344/strength_1p0/seed_100/splits/mnist_split_seed100_clients5_alpha0p3_ref200.json,1.0,18,fc1,3,0,0.9782071709632874,0.9768698811531067,200
cka_feddst,mnist,0.8,100,results/logs/cka_strength_sweep/all_20260516_024344/strength_1p0/seed_100/splits/mnist_split_seed100_clients5_alpha0p3_ref200.json,1.0,18,fc1,3,1,0.9856820106506348,0.9768698811531067,200
cka_feddst,mnist,0.8,100,results/logs/cka_strength_sweep/all_20260516_024344/strength_1p0/seed_100/splits/mnist_split_seed100_clients5_alpha0p3_ref200.json,1.0,18,fc1,3,2,0.9700549840927124,0.9768698811531067,200
cka_feddst,mnist,0.8,100,results/logs/cka_strength_sweep/all_20260516_024344/strength_1p0/seed_100/splits/mnist_split_seed100_clients5_alpha0p3_ref200.json,1.0,18,fc1,3,3,1.0,0.9768698811531067,200
cka_feddst,mnist,0.8,100,results/logs/cka_strength_sweep/all_20260516_024344/strength_1p0/seed_100/splits/mnist_split_seed100_clients5_alpha0p3_ref200.json,1.0,18,fc1,3,4,0.9881526827812195,0.9768698811531067,200
cka_feddst,mnist,0.8,100,results/logs/cka_strength_sweep/all_20260516_024344/strength_1p0/seed_100/splits/mnist_split_seed100_clients5_alpha0p3_ref200.json,1.0,18,fc1,4,0,0.9777594208717346,0.9768698811531067,200
cka_feddst,mnist,0.8,100,results/logs/cka_strength_sweep/all_20260516_024344/strength_1p0/seed_100/splits/mnist_split_seed100_clients5_alpha0p3_ref200.json,1.0,18,fc1,4,1,0.9835217595100403,0.9768698811531067,200
cka_feddst,mnist,0.8,100,results/logs/cka_strength_sweep/all_20260516_024344/strength_1p0/seed_100/splits/mnist_split_seed100_clients5_alpha0p3_ref200.json,1.0,18,fc1,4,2,0.9797134399414062,0.9768698811531067,200
cka_feddst,mnist,0.8,100,results/logs/cka_strength_sweep/all_20260516_024344/strength_1p0/seed_100/splits/mnist_split_seed100_clients5_alpha0p3_ref200.json,1.0,18,fc1,4,3,0.9881526827812195,0.9768698811531067,200
cka_feddst,mnist,0.8,100,results/logs/cka_strength_sweep/all_20260516_024344/strength_1p0/seed_100/splits/mnist_split_seed100_clients5_alpha0p3_ref200.json,1.0,18,fc1,4,4,1.0,0.9768698811531067,200
cka_feddst,mnist,0.8,100,results/logs/cka_strength_sweep/all_20260516_024344/strength_1p0/seed_100/splits/mnist_split_seed100_clients5_alpha0p3_ref200.json,1.0,20,conv1,0,0,1.0,0.9999993443489075,200
cka_feddst,mnist,0.8,100,results/logs/cka_strength_sweep/all_20260516_024344/strength_1p0/seed_100/splits/mnist_split_seed100_clients5_alpha0p3_ref200.json,1.0,20,conv1,0,1,0.9999992847442627,0.9999993443489075,200
cka_feddst,mnist,0.8,100,results/logs/cka_strength_sweep/all_20260516_024344/strength_1p0/seed_100/splits/mnist_split_seed100_clients5_alpha0p3_ref200.json,1.0,20,conv1,0,2,0.9999994039535522,0.9999993443489075,200
cka_feddst,mnist,0.8,100,results/logs/cka_strength_sweep/all_20260516_024344/strength_1p0/seed_100/splits/mnist_split_seed100_clients5_alpha0p3_ref200.json,1.0,20,conv1,0,3,1.0,0.9999993443489075,200
cka_feddst,mnist,0.8,100,results/logs/cka_strength_sweep/all_20260516_024344/strength_1p0/seed_100/splits/mnist_split_seed100_clients5_alpha0p3_ref200.json,1.0,20,conv1,0,4,1.0,0.9999993443489075,200
cka_feddst,mnist,0.8,100,results/logs/cka_strength_sweep/all_20260516_024344/strength_1p0/seed_100/splits/mnist_split_seed100_clients5_alpha0p3_ref200.json,1.0,20,conv1,1,0,0.9999992847442627,0.9999993443489075,200
cka_feddst,mnist,0.8,100,results/logs/cka_strength_sweep/all_20260516_024344/strength_1p0/seed_100/splits/mnist_split_seed100_clients5_alpha0p3_ref200.json,1.0,20,conv1,1,1,1.0,0.9999993443489075,200
cka_feddst,mnist,0.8,100,results/logs/cka_strength_sweep/all_20260516_024344/strength_1p0/seed_100/splits/mnist_split_seed100_clients5_alpha0p3_ref200.json,1.0,20,conv1,1,2,0.9999977946281433,0.9999993443489075,200
cka_feddst,mnist,0.8,100,results/logs/cka_strength_sweep/all_20260516_024344/strength_1p0/seed_100/splits/mnist_split_seed100_clients5_alpha0p3_ref200.json,1.0,20,conv1,1,3,1.0,0.9999993443489075,200
cka_feddst,mnist,0.8,100,results/logs/cka_strength_sweep/all_20260516_024344/strength_1p0/seed_100/splits/mnist_split_seed100_clients5_alpha0p3_ref200.json,1.0,20,conv1,1,4,1.0,0.9999993443489075,200
cka_feddst,mnist,0.8,100,results/logs/cka_strength_sweep/all_20260516_024344/strength_1p0/seed_100/splits/mnist_split_seed100_clients5_alpha0p3_ref200.json,1.0,20,conv1,2,0,0.9999994039535522,0.9999993443489075,200
cka_feddst,mnist,0.8,100,results/logs/cka_strength_sweep/all_20260516_024344/strength_1p0/seed_100/splits/mnist_split_seed100_clients5_alpha0p3_ref200.json,1.0,20,conv1,2,1,0.9999977946281433,0.9999993443489075,200
cka_feddst,mnist,0.8,100,results/logs/cka_strength_sweep/all_20260516_024344/strength_1p0/seed_100/splits/mnist_split_seed100_clients5_alpha0p3_ref200.json,1.0,20,conv1,2,2,1.0,0.9999993443489075,200
cka_feddst,mnist,0.8,100,results/logs/cka_strength_sweep/all_20260516_024344/strength_1p0/seed_100/splits/mnist_split_seed100_clients5_alpha0p3_ref200.json,1.0,20,conv1,2,3,0.9999984502792358,0.9999993443489075,200
cka_feddst,mnist,0.8,100,results/logs/cka_strength_sweep/all_20260516_024344/strength_1p0/seed_100/splits/mnist_split_seed100_clients5_alpha0p3_ref200.json,1.0,20,conv1,2,4,0.9999986886978149,0.9999993443489075,200
cka_feddst,mnist,0.8,100,results/logs/cka_strength_sweep/all_20260516_024344/strength_1p0/seed_100/splits/mnist_split_seed100_clients5_alpha0p3_ref200.json,1.0,20,conv1,3,0,1.0,0.9999993443489075,200
cka_feddst,mnist,0.8,100,results/logs/cka_strength_sweep/all_20260516_024344/strength_1p0/seed_100/splits/mnist_split_seed100_clients5_alpha0p3_ref200.json,1.0,20,conv1,3,1,1.0,0.9999993443489075,200
cka_feddst,mnist,0.8,100,results/logs/cka_strength_sweep/all_20260516_024344/strength_1p0/seed_100/splits/mnist_split_seed100_clients5_alpha0p3_ref200.json,1.0,20,conv1,3,2,0.9999984502792358,0.9999993443489075,200
cka_feddst,mnist,0.8,100,results/logs/cka_strength_sweep/all_20260516_024344/strength_1p0/seed_100/splits/mnist_split_seed100_clients5_alpha0p3_ref200.json,1.0,20,conv1,3,3,1.0,0.9999993443489075,200
cka_feddst,mnist,0.8,100,results/logs/cka_strength_sweep/all_20260516_024344/strength_1p0/seed_100/splits/mnist_split_seed100_clients5_alpha0p3_ref200.json,1.0,20,conv1,3,4,1.0,0.9999993443489075,200
cka_feddst,mnist,0.8,100,results/logs/cka_strength_sweep/all_20260516_024344/strength_1p0/seed_100/splits/mnist_split_seed100_clients5_alpha0p3_ref200.json,1.0,20,conv1,4,0,1.0,0.9999993443489075,200
cka_feddst,mnist,0.8,100,results/logs/cka_strength_sweep/all_20260516_024344/strength_1p0/seed_100/splits/mnist_split_seed100_clients5_alpha0p3_ref200.json,1.0,20,conv1,4,1,1.0,0.9999993443489075,200
cka_feddst,mnist,0.8,100,results/logs/cka_strength_sweep/all_20260516_024344/strength_1p0/seed_100/splits/mnist_split_seed100_clients5_alpha0p3_ref200.json,1.0,20,conv1,4,2,0.9999986886978149,0.9999993443489075,200
cka_feddst,mnist,0.8,100,results/logs/cka_strength_sweep/all_20260516_024344/strength_1p0/seed_100/splits/mnist_split_seed100_clients5_alpha0p3_ref200.json,1.0,20,conv1,4,3,1.0,0.9999993443489075,200
cka_feddst,mnist,0.8,100,results/logs/cka_strength_sweep/all_20260516_024344/strength_1p0/seed_100/splits/mnist_split_seed100_clients5_alpha0p3_ref200.json,1.0,20,conv1,4,4,1.0,0.9999993443489075,200
cka_feddst,mnist,0.8,100,results/logs/cka_strength_sweep/all_20260516_024344/strength_1p0/seed_100/splits/mnist_split_seed100_clients5_alpha0p3_ref200.json,1.0,20,conv2,0,0,1.0,0.9999858140945435,200
cka_feddst,mnist,0.8,100,results/logs/cka_strength_sweep/all_20260516_024344/strength_1p0/seed_100/splits/mnist_split_seed100_clients5_alpha0p3_ref200.json,1.0,20,conv2,0,1,0.9999632239341736,0.9999858140945435,200
cka_feddst,mnist,0.8,100,results/logs/cka_strength_sweep/all_20260516_024344/strength_1p0/seed_100/splits/mnist_split_seed100_clients5_alpha0p3_ref200.json,1.0,20,conv2,0,2,0.9999992847442627,0.9999858140945435,200
cka_feddst,mnist,0.8,100,results/logs/cka_strength_sweep/all_20260516_024344/strength_1p0/seed_100/splits/mnist_split_seed100_clients5_alpha0p3_ref200.json,1.0,20,conv2,0,3,0.9999865889549255,0.9999858140945435,200
cka_feddst,mnist,0.8,100,results/logs/cka_strength_sweep/all_20260516_024344/strength_1p0/seed_100/splits/mnist_split_seed100_clients5_alpha0p3_ref200.json,1.0,20,conv2,0,4,0.9999884366989136,0.9999858140945435,200
cka_feddst,mnist,0.8,100,results/logs/cka_strength_sweep/all_20260516_024344/strength_1p0/seed_100/splits/mnist_split_seed100_clients5_alpha0p3_ref200.json,1.0,20,conv2,1,0,0.9999632239341736,0.9999858140945435,200
cka_feddst,mnist,0.8,100,results/logs/cka_strength_sweep/all_20260516_024344/strength_1p0/seed_100/splits/mnist_split_seed100_clients5_alpha0p3_ref200.json,1.0,20,conv2,1,1,1.0,0.9999858140945435,200
cka_feddst,mnist,0.8,100,results/logs/cka_strength_sweep/all_20260516_024344/strength_1p0/seed_100/splits/mnist_split_seed100_clients5_alpha0p3_ref200.json,1.0,20,conv2,1,2,0.9999622106552124,0.9999858140945435,200
cka_feddst,mnist,0.8,100,results/logs/cka_strength_sweep/all_20260516_024344/strength_1p0/seed_100/splits/mnist_split_seed100_clients5_alpha0p3_ref200.json,1.0,20,conv2,1,3,0.9999924302101135,0.9999858140945435,200
cka_feddst,mnist,0.8,100,results/logs/cka_strength_sweep/all_20260516_024344/strength_1p0/seed_100/splits/mnist_split_seed100_clients5_alpha0p3_ref200.json,1.0,20,conv2,1,4,0.9999887943267822,0.9999858140945435,200
cka_feddst,mnist,0.8,100,results/logs/cka_strength_sweep/all_20260516_024344/strength_1p0/seed_100/splits/mnist_split_seed100_clients5_alpha0p3_ref200.json,1.0,20,conv2,2,0,0.9999992847442627,0.9999858140945435,200
cka_feddst,mnist,0.8,100,results/logs/cka_strength_sweep/all_20260516_024344/strength_1p0/seed_100/splits/mnist_split_seed100_clients5_alpha0p3_ref200.json,1.0,20,conv2,2,1,0.9999622106552124,0.9999858140945435,200
cka_feddst,mnist,0.8,100,results/logs/cka_strength_sweep/all_20260516_024344/strength_1p0/seed_100/splits/mnist_split_seed100_clients5_alpha0p3_ref200.json,1.0,20,conv2,2,2,1.0,0.9999858140945435,200
cka_feddst,mnist,0.8,100,results/logs/cka_strength_sweep/all_20260516_024344/strength_1p0/seed_100/splits/mnist_split_seed100_clients5_alpha0p3_ref200.json,1.0,20,conv2,2,3,0.9999868273735046,0.9999858140945435,200
cka_feddst,mnist,0.8,100,results/logs/cka_strength_sweep/all_20260516_024344/strength_1p0/seed_100/splits/mnist_split_seed100_clients5_alpha0p3_ref200.json,1.0,20,conv2,2,4,0.9999898672103882,0.9999858140945435,200
cka_feddst,mnist,0.8,100,results/logs/cka_strength_sweep/all_20260516_024344/strength_1p0/seed_100/splits/mnist_split_seed100_clients5_alpha0p3_ref200.json,1.0,20,conv2,3,0,0.9999865889549255,0.9999858140945435,200
cka_feddst,mnist,0.8,100,results/logs/cka_strength_sweep/all_20260516_024344/strength_1p0/seed_100/splits/mnist_split_seed100_clients5_alpha0p3_ref200.json,1.0,20,conv2,3,1,0.9999924302101135,0.9999858140945435,200
cka_feddst,mnist,0.8,100,results/logs/cka_strength_sweep/all_20260516_024344/strength_1p0/seed_100/splits/mnist_split_seed100_clients5_alpha0p3_ref200.json,1.0,20,conv2,3,2,0.9999868273735046,0.9999858140945435,200
cka_feddst,mnist,0.8,100,results/logs/cka_strength_sweep/all_20260516_024344/strength_1p0/seed_100/splits/mnist_split_seed100_clients5_alpha0p3_ref200.json,1.0,20,conv2,3,3,1.0,0.9999858140945435,200
cka_feddst,mnist,0.8,100,results/logs/cka_strength_sweep/all_20260516_024344/strength_1p0/seed_100/splits/mnist_split_seed100_clients5_alpha0p3_ref200.json,1.0,20,conv2,3,4,0.9999998211860657,0.9999858140945435,200
cka_feddst,mnist,0.8,100,results/logs/cka_strength_sweep/all_20260516_024344/strength_1p0/seed_100/splits/mnist_split_seed100_clients5_alpha0p3_ref200.json,1.0,20,conv2,4,0,0.9999884366989136,0.9999858140945435,200
cka_feddst,mnist,0.8,100,results/logs/cka_strength_sweep/all_20260516_024344/strength_1p0/seed_100/splits/mnist_split_seed100_clients5_alpha0p3_ref200.json,1.0,20,conv2,4,1,0.9999887943267822,0.9999858140945435,200
cka_feddst,mnist,0.8,100,results/logs/cka_strength_sweep/all_20260516_024344/strength_1p0/seed_100/splits/mnist_split_seed100_clients5_alpha0p3_ref200.json,1.0,20,conv2,4,2,0.9999898672103882,0.9999858140945435,200
cka_feddst,mnist,0.8,100,results/logs/cka_strength_sweep/all_20260516_024344/strength_1p0/seed_100/splits/mnist_split_seed100_clients5_alpha0p3_ref200.json,1.0,20,conv2,4,3,0.9999998211860657,0.9999858140945435,200
cka_feddst,mnist,0.8,100,results/logs/cka_strength_sweep/all_20260516_024344/strength_1p0/seed_100/splits/mnist_split_seed100_clients5_alpha0p3_ref200.json,1.0,20,conv2,4,4,1.0,0.9999858140945435,200
cka_feddst,mnist,0.8,100,results/logs/cka_strength_sweep/all_20260516_024344/strength_1p0/seed_100/splits/mnist_split_seed100_clients5_alpha0p3_ref200.json,1.0,20,fc1,0,0,1.0,0.9743701219558716,200
cka_feddst,mnist,0.8,100,results/logs/cka_strength_sweep/all_20260516_024344/strength_1p0/seed_100/splits/mnist_split_seed100_clients5_alpha0p3_ref200.json,1.0,20,fc1,0,1,0.9636480808258057,0.9743701219558716,200
cka_feddst,mnist,0.8,100,results/logs/cka_strength_sweep/all_20260516_024344/strength_1p0/seed_100/splits/mnist_split_seed100_clients5_alpha0p3_ref200.json,1.0,20,fc1,0,2,0.9880462884902954,0.9743701219558716,200
cka_feddst,mnist,0.8,100,results/logs/cka_strength_sweep/all_20260516_024344/strength_1p0/seed_100/splits/mnist_split_seed100_clients5_alpha0p3_ref200.json,1.0,20,fc1,0,3,0.9690820574760437,0.9743701219558716,200
cka_feddst,mnist,0.8,100,results/logs/cka_strength_sweep/all_20260516_024344/strength_1p0/seed_100/splits/mnist_split_seed100_clients5_alpha0p3_ref200.json,1.0,20,fc1,0,4,0.9753077030181885,0.9743701219558716,200
cka_feddst,mnist,0.8,100,results/logs/cka_strength_sweep/all_20260516_024344/strength_1p0/seed_100/splits/mnist_split_seed100_clients5_alpha0p3_ref200.json,1.0,20,fc1,1,0,0.9636480808258057,0.9743701219558716,200
cka_feddst,mnist,0.8,100,results/logs/cka_strength_sweep/all_20260516_024344/strength_1p0/seed_100/splits/mnist_split_seed100_clients5_alpha0p3_ref200.json,1.0,20,fc1,1,1,1.0,0.9743701219558716,200
cka_feddst,mnist,0.8,100,results/logs/cka_strength_sweep/all_20260516_024344/strength_1p0/seed_100/splits/mnist_split_seed100_clients5_alpha0p3_ref200.json,1.0,20,fc1,1,2,0.9654109477996826,0.9743701219558716,200
cka_feddst,mnist,0.8,100,results/logs/cka_strength_sweep/all_20260516_024344/strength_1p0/seed_100/splits/mnist_split_seed100_clients5_alpha0p3_ref200.json,1.0,20,fc1,1,3,0.9852116703987122,0.9743701219558716,200
cka_feddst,mnist,0.8,100,results/logs/cka_strength_sweep/all_20260516_024344/strength_1p0/seed_100/splits/mnist_split_seed100_clients5_alpha0p3_ref200.json,1.0,20,fc1,1,4,0.9721271991729736,0.9743701219558716,200
cka_feddst,mnist,0.8,100,results/logs/cka_strength_sweep/all_20260516_024344/strength_1p0/seed_100/splits/mnist_split_seed100_clients5_alpha0p3_ref200.json,1.0,20,fc1,2,0,0.9880462884902954,0.9743701219558716,200
cka_feddst,mnist,0.8,100,results/logs/cka_strength_sweep/all_20260516_024344/strength_1p0/seed_100/splits/mnist_split_seed100_clients5_alpha0p3_ref200.json,1.0,20,fc1,2,1,0.9654109477996826,0.9743701219558716,200
cka_feddst,mnist,0.8,100,results/logs/cka_strength_sweep/all_20260516_024344/strength_1p0/seed_100/splits/mnist_split_seed100_clients5_alpha0p3_ref200.json,1.0,20,fc1,2,2,1.0,0.9743701219558716,200
cka_feddst,mnist,0.8,100,results/logs/cka_strength_sweep/all_20260516_024344/strength_1p0/seed_100/splits/mnist_split_seed100_clients5_alpha0p3_ref200.json,1.0,20,fc1,2,3,0.9678047299385071,0.9743701219558716,200
cka_feddst,mnist,0.8,100,results/logs/cka_strength_sweep/all_20260516_024344/strength_1p0/seed_100/splits/mnist_split_seed100_clients5_alpha0p3_ref200.json,1.0,20,fc1,2,4,0.9769789576530457,0.9743701219558716,200
cka_feddst,mnist,0.8,100,results/logs/cka_strength_sweep/all_20260516_024344/strength_1p0/seed_100/splits/mnist_split_seed100_clients5_alpha0p3_ref200.json,1.0,20,fc1,3,0,0.9690820574760437,0.9743701219558716,200
cka_feddst,mnist,0.8,100,results/logs/cka_strength_sweep/all_20260516_024344/strength_1p0/seed_100/splits/mnist_split_seed100_clients5_alpha0p3_ref200.json,1.0,20,fc1,3,1,0.9852116703987122,0.9743701219558716,200
cka_feddst,mnist,0.8,100,results/logs/cka_strength_sweep/all_20260516_024344/strength_1p0/seed_100/splits/mnist_split_seed100_clients5_alpha0p3_ref200.json,1.0,20,fc1,3,2,0.9678047299385071,0.9743701219558716,200
cka_feddst,mnist,0.8,100,results/logs/cka_strength_sweep/all_20260516_024344/strength_1p0/seed_100/splits/mnist_split_seed100_clients5_alpha0p3_ref200.json,1.0,20,fc1,3,3,1.0,0.9743701219558716,200
cka_feddst,mnist,0.8,100,results/logs/cka_strength_sweep/all_20260516_024344/strength_1p0/seed_100/splits/mnist_split_seed100_clients5_alpha0p3_ref200.json,1.0,20,fc1,3,4,0.9800824522972107,0.9743701219558716,200
cka_feddst,mnist,0.8,100,results/logs/cka_strength_sweep/all_20260516_024344/strength_1p0/seed_100/splits/mnist_split_seed100_clients5_alpha0p3_ref200.json,1.0,20,fc1,4,0,0.9753077030181885,0.9743701219558716,200
cka_feddst,mnist,0.8,100,results/logs/cka_strength_sweep/all_20260516_024344/strength_1p0/seed_100/splits/mnist_split_seed100_clients5_alpha0p3_ref200.json,1.0,20,fc1,4,1,0.9721271991729736,0.9743701219558716,200
cka_feddst,mnist,0.8,100,results/logs/cka_strength_sweep/all_20260516_024344/strength_1p0/seed_100/splits/mnist_split_seed100_clients5_alpha0p3_ref200.json,1.0,20,fc1,4,2,0.9769789576530457,0.9743701219558716,200
cka_feddst,mnist,0.8,100,results/logs/cka_strength_sweep/all_20260516_024344/strength_1p0/seed_100/splits/mnist_split_seed100_clients5_alpha0p3_ref200.json,1.0,20,fc1,4,3,0.9800824522972107,0.9743701219558716,200
cka_feddst,mnist,0.8,100,results/logs/cka_strength_sweep/all_20260516_024344/strength_1p0/seed_100/splits/mnist_split_seed100_clients5_alpha0p3_ref200.json,1.0,20,fc1,4,4,1.0,0.9743701219558716,200
