method,dataset,sparsity,seed,split_manifest_path,cka_strength,round,layer,client_i,client_j,cka,average_layer_cka,num_reference_samples
cka_feddst,cifar10,0.9,13,results/logs/multiseed/cifar10/seed_13/splits/cifar10_split_seed13_clients5_alpha0p3_ref500.json,0.2,2,conv1,0,0,1.0,1.0,500
cka_feddst,cifar10,0.9,13,results/logs/multiseed/cifar10/seed_13/splits/cifar10_split_seed13_clients5_alpha0p3_ref500.json,0.2,2,conv1,0,1,1.0,1.0,500
cka_feddst,cifar10,0.9,13,results/logs/multiseed/cifar10/seed_13/splits/cifar10_split_seed13_clients5_alpha0p3_ref500.json,0.2,2,conv1,0,2,1.0,1.0,500
cka_feddst,cifar10,0.9,13,results/logs/multiseed/cifar10/seed_13/splits/cifar10_split_seed13_clients5_alpha0p3_ref500.json,0.2,2,conv1,0,3,1.0,1.0,500
cka_feddst,cifar10,0.9,13,results/logs/multiseed/cifar10/seed_13/splits/cifar10_split_seed13_clients5_alpha0p3_ref500.json,0.2,2,conv1,0,4,1.0,1.0,500
cka_feddst,cifar10,0.9,13,results/logs/multiseed/cifar10/seed_13/splits/cifar10_split_seed13_clients5_alpha0p3_ref500.json,0.2,2,conv1,1,0,1.0,1.0,500
cka_feddst,cifar10,0.9,13,results/logs/multiseed/cifar10/seed_13/splits/cifar10_split_seed13_clients5_alpha0p3_ref500.json,0.2,2,conv1,1,1,1.0,1.0,500
cka_feddst,cifar10,0.9,13,results/logs/multiseed/cifar10/seed_13/splits/cifar10_split_seed13_clients5_alpha0p3_ref500.json,0.2,2,conv1,1,2,1.0,1.0,500
cka_feddst,cifar10,0.9,13,results/logs/multiseed/cifar10/seed_13/splits/cifar10_split_seed13_clients5_alpha0p3_ref500.json,0.2,2,conv1,1,3,1.0,1.0,500
cka_feddst,cifar10,0.9,13,results/logs/multiseed/cifar10/seed_13/splits/cifar10_split_seed13_clients5_alpha0p3_ref500.json,0.2,2,conv1,1,4,1.0,1.0,500
cka_feddst,cifar10,0.9,13,results/logs/multiseed/cifar10/seed_13/splits/cifar10_split_seed13_clients5_alpha0p3_ref500.json,0.2,2,conv1,2,0,1.0,1.0,500
cka_feddst,cifar10,0.9,13,results/logs/multiseed/cifar10/seed_13/splits/cifar10_split_seed13_clients5_alpha0p3_ref500.json,0.2,2,conv1,2,1,1.0,1.0,500
cka_feddst,cifar10,0.9,13,results/logs/multiseed/cifar10/seed_13/splits/cifar10_split_seed13_clients5_alpha0p3_ref500.json,0.2,2,conv1,2,2,1.0,1.0,500
cka_feddst,cifar10,0.9,13,results/logs/multiseed/cifar10/seed_13/splits/cifar10_split_seed13_clients5_alpha0p3_ref500.json,0.2,2,conv1,2,3,1.0,1.0,500
cka_feddst,cifar10,0.9,13,results/logs/multiseed/cifar10/seed_13/splits/cifar10_split_seed13_clients5_alpha0p3_ref500.json,0.2,2,conv1,2,4,1.0,1.0,500
cka_feddst,cifar10,0.9,13,results/logs/multiseed/cifar10/seed_13/splits/cifar10_split_seed13_clients5_alpha0p3_ref500.json,0.2,2,conv1,3,0,1.0,1.0,500
cka_feddst,cifar10,0.9,13,results/logs/multiseed/cifar10/seed_13/splits/cifar10_split_seed13_clients5_alpha0p3_ref500.json,0.2,2,conv1,3,1,1.0,1.0,500
cka_feddst,cifar10,0.9,13,results/logs/multiseed/cifar10/seed_13/splits/cifar10_split_seed13_clients5_alpha0p3_ref500.json,0.2,2,conv1,3,2,1.0,1.0,500
cka_feddst,cifar10,0.9,13,results/logs/multiseed/cifar10/seed_13/splits/cifar10_split_seed13_clients5_alpha0p3_ref500.json,0.2,2,conv1,3,3,1.0,1.0,500
cka_feddst,cifar10,0.9,13,results/logs/multiseed/cifar10/seed_13/splits/cifar10_split_seed13_clients5_alpha0p3_ref500.json,0.2,2,conv1,3,4,1.0,1.0,500
cka_feddst,cifar10,0.9,13,results/logs/multiseed/cifar10/seed_13/splits/cifar10_split_seed13_clients5_alpha0p3_ref500.json,0.2,2,conv1,4,0,1.0,1.0,500
cka_feddst,cifar10,0.9,13,results/logs/multiseed/cifar10/seed_13/splits/cifar10_split_seed13_clients5_alpha0p3_ref500.json,0.2,2,conv1,4,1,1.0,1.0,500
cka_feddst,cifar10,0.9,13,results/logs/multiseed/cifar10/seed_13/splits/cifar10_split_seed13_clients5_alpha0p3_ref500.json,0.2,2,conv1,4,2,1.0,1.0,500
cka_feddst,cifar10,0.9,13,results/logs/multiseed/cifar10/seed_13/splits/cifar10_split_seed13_clients5_alpha0p3_ref500.json,0.2,2,conv1,4,3,1.0,1.0,500
cka_feddst,cifar10,0.9,13,results/logs/multiseed/cifar10/seed_13/splits/cifar10_split_seed13_clients5_alpha0p3_ref500.json,0.2,2,conv1,4,4,1.0,1.0,500
cka_feddst,cifar10,0.9,13,results/logs/multiseed/cifar10/seed_13/splits/cifar10_split_seed13_clients5_alpha0p3_ref500.json,0.2,2,conv2,0,0,1.0,1.0,500
cka_feddst,cifar10,0.9,13,results/logs/multiseed/cifar10/seed_13/splits/cifar10_split_seed13_clients5_alpha0p3_ref500.json,0.2,2,conv2,0,1,1.0,1.0,500
cka_feddst,cifar10,0.9,13,results/logs/multiseed/cifar10/seed_13/splits/cifar10_split_seed13_clients5_alpha0p3_ref500.json,0.2,2,conv2,0,2,1.0,1.0,500
cka_feddst,cifar10,0.9,13,results/logs/multiseed/cifar10/seed_13/splits/cifar10_split_seed13_clients5_alpha0p3_ref500.json,0.2,2,conv2,0,3,1.0,1.0,500
cka_feddst,cifar10,0.9,13,results/logs/multiseed/cifar10/seed_13/splits/cifar10_split_seed13_clients5_alpha0p3_ref500.json,0.2,2,conv2,0,4,1.0,1.0,500
cka_feddst,cifar10,0.9,13,results/logs/multiseed/cifar10/seed_13/splits/cifar10_split_seed13_clients5_alpha0p3_ref500.json,0.2,2,conv2,1,0,1.0,1.0,500
cka_feddst,cifar10,0.9,13,results/logs/multiseed/cifar10/seed_13/splits/cifar10_split_seed13_clients5_alpha0p3_ref500.json,0.2,2,conv2,1,1,1.0,1.0,500
cka_feddst,cifar10,0.9,13,results/logs/multiseed/cifar10/seed_13/splits/cifar10_split_seed13_clients5_alpha0p3_ref500.json,0.2,2,conv2,1,2,1.0,1.0,500
cka_feddst,cifar10,0.9,13,results/logs/multiseed/cifar10/seed_13/splits/cifar10_split_seed13_clients5_alpha0p3_ref500.json,0.2,2,conv2,1,3,1.0,1.0,500
cka_feddst,cifar10,0.9,13,results/logs/multiseed/cifar10/seed_13/splits/cifar10_split_seed13_clients5_alpha0p3_ref500.json,0.2,2,conv2,1,4,1.0,1.0,500
cka_feddst,cifar10,0.9,13,results/logs/multiseed/cifar10/seed_13/splits/cifar10_split_seed13_clients5_alpha0p3_ref500.json,0.2,2,conv2,2,0,1.0,1.0,500
cka_feddst,cifar10,0.9,13,results/logs/multiseed/cifar10/seed_13/splits/cifar10_split_seed13_clients5_alpha0p3_ref500.json,0.2,2,conv2,2,1,1.0,1.0,500
cka_feddst,cifar10,0.9,13,results/logs/multiseed/cifar10/seed_13/splits/cifar10_split_seed13_clients5_alpha0p3_ref500.json,0.2,2,conv2,2,2,1.0,1.0,500
cka_feddst,cifar10,0.9,13,results/logs/multiseed/cifar10/seed_13/splits/cifar10_split_seed13_clients5_alpha0p3_ref500.json,0.2,2,conv2,2,3,1.0,1.0,500
cka_feddst,cifar10,0.9,13,results/logs/multiseed/cifar10/seed_13/splits/cifar10_split_seed13_clients5_alpha0p3_ref500.json,0.2,2,conv2,2,4,1.0,1.0,500
cka_feddst,cifar10,0.9,13,results/logs/multiseed/cifar10/seed_13/splits/cifar10_split_seed13_clients5_alpha0p3_ref500.json,0.2,2,conv2,3,0,1.0,1.0,500
cka_feddst,cifar10,0.9,13,results/logs/multiseed/cifar10/seed_13/splits/cifar10_split_seed13_clients5_alpha0p3_ref500.json,0.2,2,conv2,3,1,1.0,1.0,500
cka_feddst,cifar10,0.9,13,results/logs/multiseed/cifar10/seed_13/splits/cifar10_split_seed13_clients5_alpha0p3_ref500.json,0.2,2,conv2,3,2,1.0,1.0,500
cka_feddst,cifar10,0.9,13,results/logs/multiseed/cifar10/seed_13/splits/cifar10_split_seed13_clients5_alpha0p3_ref500.json,0.2,2,conv2,3,3,1.0,1.0,500
cka_feddst,cifar10,0.9,13,results/logs/multiseed/cifar10/seed_13/splits/cifar10_split_seed13_clients5_alpha0p3_ref500.json,0.2,2,conv2,3,4,1.0,1.0,500
cka_feddst,cifar10,0.9,13,results/logs/multiseed/cifar10/seed_13/splits/cifar10_split_seed13_clients5_alpha0p3_ref500.json,0.2,2,conv2,4,0,1.0,1.0,500
cka_feddst,cifar10,0.9,13,results/logs/multiseed/cifar10/seed_13/splits/cifar10_split_seed13_clients5_alpha0p3_ref500.json,0.2,2,conv2,4,1,1.0,1.0,500
cka_feddst,cifar10,0.9,13,results/logs/multiseed/cifar10/seed_13/splits/cifar10_split_seed13_clients5_alpha0p3_ref500.json,0.2,2,conv2,4,2,1.0,1.0,500
cka_feddst,cifar10,0.9,13,results/logs/multiseed/cifar10/seed_13/splits/cifar10_split_seed13_clients5_alpha0p3_ref500.json,0.2,2,conv2,4,3,1.0,1.0,500
cka_feddst,cifar10,0.9,13,results/logs/multiseed/cifar10/seed_13/splits/cifar10_split_seed13_clients5_alpha0p3_ref500.json,0.2,2,conv2,4,4,1.0,1.0,500
cka_feddst,cifar10,0.9,13,results/logs/multiseed/cifar10/seed_13/splits/cifar10_split_seed13_clients5_alpha0p3_ref500.json,0.2,2,conv3,0,0,1.0,0.999992847442627,500
cka_feddst,cifar10,0.9,13,results/logs/multiseed/cifar10/seed_13/splits/cifar10_split_seed13_clients5_alpha0p3_ref500.json,0.2,2,conv3,0,1,0.9999990463256836,0.999992847442627,500
cka_feddst,cifar10,0.9,13,results/logs/multiseed/cifar10/seed_13/splits/cifar10_split_seed13_clients5_alpha0p3_ref500.json,0.2,2,conv3,0,2,0.9999867081642151,0.999992847442627,500
cka_feddst,cifar10,0.9,13,results/logs/multiseed/cifar10/seed_13/splits/cifar10_split_seed13_clients5_alpha0p3_ref500.json,0.2,2,conv3,0,3,0.9999827742576599,0.999992847442627,500
cka_feddst,cifar10,0.9,13,results/logs/multiseed/cifar10/seed_13/splits/cifar10_split_seed13_clients5_alpha0p3_ref500.json,0.2,2,conv3,0,4,0.9999831318855286,0.999992847442627,500
cka_feddst,cifar10,0.9,13,results/logs/multiseed/cifar10/seed_13/splits/cifar10_split_seed13_clients5_alpha0p3_ref500.json,0.2,2,conv3,1,0,0.9999990463256836,0.999992847442627,500
cka_feddst,cifar10,0.9,13,results/logs/multiseed/cifar10/seed_13/splits/cifar10_split_seed13_clients5_alpha0p3_ref500.json,0.2,2,conv3,1,1,1.0,0.999992847442627,500
cka_feddst,cifar10,0.9,13,results/logs/multiseed/cifar10/seed_13/splits/cifar10_split_seed13_clients5_alpha0p3_ref500.json,0.2,2,conv3,1,2,0.9999958276748657,0.999992847442627,500
cka_feddst,cifar10,0.9,13,results/logs/multiseed/cifar10/seed_13/splits/cifar10_split_seed13_clients5_alpha0p3_ref500.json,0.2,2,conv3,1,3,0.9999964237213135,0.999992847442627,500
cka_feddst,cifar10,0.9,13,results/logs/multiseed/cifar10/seed_13/splits/cifar10_split_seed13_clients5_alpha0p3_ref500.json,0.2,2,conv3,1,4,0.9999961853027344,0.999992847442627,500
cka_feddst,cifar10,0.9,13,results/logs/multiseed/cifar10/seed_13/splits/cifar10_split_seed13_clients5_alpha0p3_ref500.json,0.2,2,conv3,2,0,0.9999867081642151,0.999992847442627,500
cka_feddst,cifar10,0.9,13,results/logs/multiseed/cifar10/seed_13/splits/cifar10_split_seed13_clients5_alpha0p3_ref500.json,0.2,2,conv3,2,1,0.9999958276748657,0.999992847442627,500
cka_feddst,cifar10,0.9,13,results/logs/multiseed/cifar10/seed_13/splits/cifar10_split_seed13_clients5_alpha0p3_ref500.json,0.2,2,conv3,2,2,1.0,0.999992847442627,500
cka_feddst,cifar10,0.9,13,results/logs/multiseed/cifar10/seed_13/splits/cifar10_split_seed13_clients5_alpha0p3_ref500.json,0.2,2,conv3,2,3,0.9999971985816956,0.999992847442627,500
cka_feddst,cifar10,0.9,13,results/logs/multiseed/cifar10/seed_13/splits/cifar10_split_seed13_clients5_alpha0p3_ref500.json,0.2,2,conv3,2,4,0.9999938607215881,0.999992847442627,500
cka_feddst,cifar10,0.9,13,results/logs/multiseed/cifar10/seed_13/splits/cifar10_split_seed13_clients5_alpha0p3_ref500.json,0.2,2,conv3,3,0,0.9999827742576599,0.999992847442627,500
cka_feddst,cifar10,0.9,13,results/logs/multiseed/cifar10/seed_13/splits/cifar10_split_seed13_clients5_alpha0p3_ref500.json,0.2,2,conv3,3,1,0.9999964237213135,0.999992847442627,500
cka_feddst,cifar10,0.9,13,results/logs/multiseed/cifar10/seed_13/splits/cifar10_split_seed13_clients5_alpha0p3_ref500.json,0.2,2,conv3,3,2,0.9999971985816956,0.999992847442627,500
cka_feddst,cifar10,0.9,13,results/logs/multiseed/cifar10/seed_13/splits/cifar10_split_seed13_clients5_alpha0p3_ref500.json,0.2,2,conv3,3,3,1.0,0.999992847442627,500
cka_feddst,cifar10,0.9,13,results/logs/multiseed/cifar10/seed_13/splits/cifar10_split_seed13_clients5_alpha0p3_ref500.json,0.2,2,conv3,3,4,0.9999974370002747,0.999992847442627,500
cka_feddst,cifar10,0.9,13,results/logs/multiseed/cifar10/seed_13/splits/cifar10_split_seed13_clients5_alpha0p3_ref500.json,0.2,2,conv3,4,0,0.9999831318855286,0.999992847442627,500
cka_feddst,cifar10,0.9,13,results/logs/multiseed/cifar10/seed_13/splits/cifar10_split_seed13_clients5_alpha0p3_ref500.json,0.2,2,conv3,4,1,0.9999961853027344,0.999992847442627,500
cka_feddst,cifar10,0.9,13,results/logs/multiseed/cifar10/seed_13/splits/cifar10_split_seed13_clients5_alpha0p3_ref500.json,0.2,2,conv3,4,2,0.9999938607215881,0.999992847442627,500
cka_feddst,cifar10,0.9,13,results/logs/multiseed/cifar10/seed_13/splits/cifar10_split_seed13_clients5_alpha0p3_ref500.json,0.2,2,conv3,4,3,0.9999974370002747,0.999992847442627,500
cka_feddst,cifar10,0.9,13,results/logs/multiseed/cifar10/seed_13/splits/cifar10_split_seed13_clients5_alpha0p3_ref500.json,0.2,2,conv3,4,4,1.0,0.999992847442627,500
cka_feddst,cifar10,0.9,13,results/logs/multiseed/cifar10/seed_13/splits/cifar10_split_seed13_clients5_alpha0p3_ref500.json,0.2,2,fc1,0,0,1.0,0.9975361824035645,500
cka_feddst,cifar10,0.9,13,results/logs/multiseed/cifar10/seed_13/splits/cifar10_split_seed13_clients5_alpha0p3_ref500.json,0.2,2,fc1,0,1,0.9986727237701416,0.9975361824035645,500
cka_feddst,cifar10,0.9,13,results/logs/multiseed/cifar10/seed_13/splits/cifar10_split_seed13_clients5_alpha0p3_ref500.json,0.2,2,fc1,0,2,0.997191309928894,0.9975361824035645,500
cka_feddst,cifar10,0.9,13,results/logs/multiseed/cifar10/seed_13/splits/cifar10_split_seed13_clients5_alpha0p3_ref500.json,0.2,2,fc1,0,3,0.9984933137893677,0.9975361824035645,500
cka_feddst,cifar10,0.9,13,results/logs/multiseed/cifar10/seed_13/splits/cifar10_split_seed13_clients5_alpha0p3_ref500.json,0.2,2,fc1,0,4,0.997101902961731,0.9975361824035645,500
cka_feddst,cifar10,0.9,13,results/logs/multiseed/cifar10/seed_13/splits/cifar10_split_seed13_clients5_alpha0p3_ref500.json,0.2,2,fc1,1,0,0.9986727237701416,0.9975361824035645,500
cka_feddst,cifar10,0.9,13,results/logs/multiseed/cifar10/seed_13/splits/cifar10_split_seed13_clients5_alpha0p3_ref500.json,0.2,2,fc1,1,1,1.0,0.9975361824035645,500
cka_feddst,cifar10,0.9,13,results/logs/multiseed/cifar10/seed_13/splits/cifar10_split_seed13_clients5_alpha0p3_ref500.json,0.2,2,fc1,1,2,0.9977253675460815,0.9975361824035645,500
cka_feddst,cifar10,0.9,13,results/logs/multiseed/cifar10/seed_13/splits/cifar10_split_seed13_clients5_alpha0p3_ref500.json,0.2,2,fc1,1,3,0.9992427229881287,0.9975361824035645,500
cka_feddst,cifar10,0.9,13,results/logs/multiseed/cifar10/seed_13/splits/cifar10_split_seed13_clients5_alpha0p3_ref500.json,0.2,2,fc1,1,4,0.9974740743637085,0.9975361824035645,500
cka_feddst,cifar10,0.9,13,results/logs/multiseed/cifar10/seed_13/splits/cifar10_split_seed13_clients5_alpha0p3_ref500.json,0.2,2,fc1,2,0,0.997191309928894,0.9975361824035645,500
cka_feddst,cifar10,0.9,13,results/logs/multiseed/cifar10/seed_13/splits/cifar10_split_seed13_clients5_alpha0p3_ref500.json,0.2,2,fc1,2,1,0.9977253675460815,0.9975361824035645,500
cka_feddst,cifar10,0.9,13,results/logs/multiseed/cifar10/seed_13/splits/cifar10_split_seed13_clients5_alpha0p3_ref500.json,0.2,2,fc1,2,2,1.0,0.9975361824035645,500
cka_feddst,cifar10,0.9,13,results/logs/multiseed/cifar10/seed_13/splits/cifar10_split_seed13_clients5_alpha0p3_ref500.json,0.2,2,fc1,2,3,0.9974567294120789,0.9975361824035645,500
cka_feddst,cifar10,0.9,13,results/logs/multiseed/cifar10/seed_13/splits/cifar10_split_seed13_clients5_alpha0p3_ref500.json,0.2,2,fc1,2,4,0.9941603541374207,0.9975361824035645,500
cka_feddst,cifar10,0.9,13,results/logs/multiseed/cifar10/seed_13/splits/cifar10_split_seed13_clients5_alpha0p3_ref500.json,0.2,2,fc1,3,0,0.9984933137893677,0.9975361824035645,500
cka_feddst,cifar10,0.9,13,results/logs/multiseed/cifar10/seed_13/splits/cifar10_split_seed13_clients5_alpha0p3_ref500.json,0.2,2,fc1,3,1,0.9992427229881287,0.9975361824035645,500
cka_feddst,cifar10,0.9,13,results/logs/multiseed/cifar10/seed_13/splits/cifar10_split_seed13_clients5_alpha0p3_ref500.json,0.2,2,fc1,3,2,0.9974567294120789,0.9975361824035645,500
cka_feddst,cifar10,0.9,13,results/logs/multiseed/cifar10/seed_13/splits/cifar10_split_seed13_clients5_alpha0p3_ref500.json,0.2,2,fc1,3,3,1.0,0.9975361824035645,500
cka_feddst,cifar10,0.9,13,results/logs/multiseed/cifar10/seed_13/splits/cifar10_split_seed13_clients5_alpha0p3_ref500.json,0.2,2,fc1,3,4,0.9978434443473816,0.9975361824035645,500
cka_feddst,cifar10,0.9,13,results/logs/multiseed/cifar10/seed_13/splits/cifar10_split_seed13_clients5_alpha0p3_ref500.json,0.2,2,fc1,4,0,0.997101902961731,0.9975361824035645,500
cka_feddst,cifar10,0.9,13,results/logs/multiseed/cifar10/seed_13/splits/cifar10_split_seed13_clients5_alpha0p3_ref500.json,0.2,2,fc1,4,1,0.9974740743637085,0.9975361824035645,500
cka_feddst,cifar10,0.9,13,results/logs/multiseed/cifar10/seed_13/splits/cifar10_split_seed13_clients5_alpha0p3_ref500.json,0.2,2,fc1,4,2,0.9941603541374207,0.9975361824035645,500
cka_feddst,cifar10,0.9,13,results/logs/multiseed/cifar10/seed_13/splits/cifar10_split_seed13_clients5_alpha0p3_ref500.json,0.2,2,fc1,4,3,0.9978434443473816,0.9975361824035645,500
cka_feddst,cifar10,0.9,13,results/logs/multiseed/cifar10/seed_13/splits/cifar10_split_seed13_clients5_alpha0p3_ref500.json,0.2,2,fc1,4,4,1.0,0.9975361824035645,500
cka_feddst,cifar10,0.9,13,results/logs/multiseed/cifar10/seed_13/splits/cifar10_split_seed13_clients5_alpha0p3_ref500.json,0.2,4,conv1,0,0,1.0,1.0,500
cka_feddst,cifar10,0.9,13,results/logs/multiseed/cifar10/seed_13/splits/cifar10_split_seed13_clients5_alpha0p3_ref500.json,0.2,4,conv1,0,1,1.0,1.0,500
cka_feddst,cifar10,0.9,13,results/logs/multiseed/cifar10/seed_13/splits/cifar10_split_seed13_clients5_alpha0p3_ref500.json,0.2,4,conv1,0,2,1.0,1.0,500
cka_feddst,cifar10,0.9,13,results/logs/multiseed/cifar10/seed_13/splits/cifar10_split_seed13_clients5_alpha0p3_ref500.json,0.2,4,conv1,0,3,1.0,1.0,500
cka_feddst,cifar10,0.9,13,results/logs/multiseed/cifar10/seed_13/splits/cifar10_split_seed13_clients5_alpha0p3_ref500.json,0.2,4,conv1,0,4,1.0,1.0,500
cka_feddst,cifar10,0.9,13,results/logs/multiseed/cifar10/seed_13/splits/cifar10_split_seed13_clients5_alpha0p3_ref500.json,0.2,4,conv1,1,0,1.0,1.0,500
cka_feddst,cifar10,0.9,13,results/logs/multiseed/cifar10/seed_13/splits/cifar10_split_seed13_clients5_alpha0p3_ref500.json,0.2,4,conv1,1,1,1.0,1.0,500
cka_feddst,cifar10,0.9,13,results/logs/multiseed/cifar10/seed_13/splits/cifar10_split_seed13_clients5_alpha0p3_ref500.json,0.2,4,conv1,1,2,1.0,1.0,500
cka_feddst,cifar10,0.9,13,results/logs/multiseed/cifar10/seed_13/splits/cifar10_split_seed13_clients5_alpha0p3_ref500.json,0.2,4,conv1,1,3,1.0,1.0,500
cka_feddst,cifar10,0.9,13,results/logs/multiseed/cifar10/seed_13/splits/cifar10_split_seed13_clients5_alpha0p3_ref500.json,0.2,4,conv1,1,4,1.0,1.0,500
cka_feddst,cifar10,0.9,13,results/logs/multiseed/cifar10/seed_13/splits/cifar10_split_seed13_clients5_alpha0p3_ref500.json,0.2,4,conv1,2,0,1.0,1.0,500
cka_feddst,cifar10,0.9,13,results/logs/multiseed/cifar10/seed_13/splits/cifar10_split_seed13_clients5_alpha0p3_ref500.json,0.2,4,conv1,2,1,1.0,1.0,500
cka_feddst,cifar10,0.9,13,results/logs/multiseed/cifar10/seed_13/splits/cifar10_split_seed13_clients5_alpha0p3_ref500.json,0.2,4,conv1,2,2,1.0,1.0,500
cka_feddst,cifar10,0.9,13,results/logs/multiseed/cifar10/seed_13/splits/cifar10_split_seed13_clients5_alpha0p3_ref500.json,0.2,4,conv1,2,3,1.0,1.0,500
cka_feddst,cifar10,0.9,13,results/logs/multiseed/cifar10/seed_13/splits/cifar10_split_seed13_clients5_alpha0p3_ref500.json,0.2,4,conv1,2,4,1.0,1.0,500
cka_feddst,cifar10,0.9,13,results/logs/multiseed/cifar10/seed_13/splits/cifar10_split_seed13_clients5_alpha0p3_ref500.json,0.2,4,conv1,3,0,1.0,1.0,500
cka_feddst,cifar10,0.9,13,results/logs/multiseed/cifar10/seed_13/splits/cifar10_split_seed13_clients5_alpha0p3_ref500.json,0.2,4,conv1,3,1,1.0,1.0,500
cka_feddst,cifar10,0.9,13,results/logs/multiseed/cifar10/seed_13/splits/cifar10_split_seed13_clients5_alpha0p3_ref500.json,0.2,4,conv1,3,2,1.0,1.0,500
cka_feddst,cifar10,0.9,13,results/logs/multiseed/cifar10/seed_13/splits/cifar10_split_seed13_clients5_alpha0p3_ref500.json,0.2,4,conv1,3,3,1.0,1.0,500
cka_feddst,cifar10,0.9,13,results/logs/multiseed/cifar10/seed_13/splits/cifar10_split_seed13_clients5_alpha0p3_ref500.json,0.2,4,conv1,3,4,1.0,1.0,500
cka_feddst,cifar10,0.9,13,results/logs/multiseed/cifar10/seed_13/splits/cifar10_split_seed13_clients5_alpha0p3_ref500.json,0.2,4,conv1,4,0,1.0,1.0,500
cka_feddst,cifar10,0.9,13,results/logs/multiseed/cifar10/seed_13/splits/cifar10_split_seed13_clients5_alpha0p3_ref500.json,0.2,4,conv1,4,1,1.0,1.0,500
cka_feddst,cifar10,0.9,13,results/logs/multiseed/cifar10/seed_13/splits/cifar10_split_seed13_clients5_alpha0p3_ref500.json,0.2,4,conv1,4,2,1.0,1.0,500
cka_feddst,cifar10,0.9,13,results/logs/multiseed/cifar10/seed_13/splits/cifar10_split_seed13_clients5_alpha0p3_ref500.json,0.2,4,conv1,4,3,1.0,1.0,500
cka_feddst,cifar10,0.9,13,results/logs/multiseed/cifar10/seed_13/splits/cifar10_split_seed13_clients5_alpha0p3_ref500.json,0.2,4,conv1,4,4,1.0,1.0,500
cka_feddst,cifar10,0.9,13,results/logs/multiseed/cifar10/seed_13/splits/cifar10_split_seed13_clients5_alpha0p3_ref500.json,0.2,4,conv2,0,0,1.0,0.999998927116394,500
cka_feddst,cifar10,0.9,13,results/logs/multiseed/cifar10/seed_13/splits/cifar10_split_seed13_clients5_alpha0p3_ref500.json,0.2,4,conv2,0,1,0.9999993443489075,0.999998927116394,500
cka_feddst,cifar10,0.9,13,results/logs/multiseed/cifar10/seed_13/splits/cifar10_split_seed13_clients5_alpha0p3_ref500.json,0.2,4,conv2,0,2,0.9999998807907104,0.999998927116394,500
cka_feddst,cifar10,0.9,13,results/logs/multiseed/cifar10/seed_13/splits/cifar10_split_seed13_clients5_alpha0p3_ref500.json,0.2,4,conv2,0,3,0.9999992251396179,0.999998927116394,500
cka_feddst,cifar10,0.9,13,results/logs/multiseed/cifar10/seed_13/splits/cifar10_split_seed13_clients5_alpha0p3_ref500.json,0.2,4,conv2,0,4,1.0,0.999998927116394,500
cka_feddst,cifar10,0.9,13,results/logs/multiseed/cifar10/seed_13/splits/cifar10_split_seed13_clients5_alpha0p3_ref500.json,0.2,4,conv2,1,0,0.9999993443489075,0.999998927116394,500
cka_feddst,cifar10,0.9,13,results/logs/multiseed/cifar10/seed_13/splits/cifar10_split_seed13_clients5_alpha0p3_ref500.json,0.2,4,conv2,1,1,1.0,0.999998927116394,500
cka_feddst,cifar10,0.9,13,results/logs/multiseed/cifar10/seed_13/splits/cifar10_split_seed13_clients5_alpha0p3_ref500.json,0.2,4,conv2,1,2,0.9999958276748657,0.999998927116394,500
cka_feddst,cifar10,0.9,13,results/logs/multiseed/cifar10/seed_13/splits/cifar10_split_seed13_clients5_alpha0p3_ref500.json,0.2,4,conv2,1,3,1.0,0.999998927116394,500
cka_feddst,cifar10,0.9,13,results/logs/multiseed/cifar10/seed_13/splits/cifar10_split_seed13_clients5_alpha0p3_ref500.json,0.2,4,conv2,1,4,1.0,0.999998927116394,500
cka_feddst,cifar10,0.9,13,results/logs/multiseed/cifar10/seed_13/splits/cifar10_split_seed13_clients5_alpha0p3_ref500.json,0.2,4,conv2,2,0,0.9999998807907104,0.999998927116394,500
cka_feddst,cifar10,0.9,13,results/logs/multiseed/cifar10/seed_13/splits/cifar10_split_seed13_clients5_alpha0p3_ref500.json,0.2,4,conv2,2,1,0.9999958276748657,0.999998927116394,500
cka_feddst,cifar10,0.9,13,results/logs/multiseed/cifar10/seed_13/splits/cifar10_split_seed13_clients5_alpha0p3_ref500.json,0.2,4,conv2,2,2,1.0,0.999998927116394,500
cka_feddst,cifar10,0.9,13,results/logs/multiseed/cifar10/seed_13/splits/cifar10_split_seed13_clients5_alpha0p3_ref500.json,0.2,4,conv2,2,3,0.9999971985816956,0.999998927116394,500
cka_feddst,cifar10,0.9,13,results/logs/multiseed/cifar10/seed_13/splits/cifar10_split_seed13_clients5_alpha0p3_ref500.json,0.2,4,conv2,2,4,0.9999977350234985,0.999998927116394,500
cka_feddst,cifar10,0.9,13,results/logs/multiseed/cifar10/seed_13/splits/cifar10_split_seed13_clients5_alpha0p3_ref500.json,0.2,4,conv2,3,0,0.9999992251396179,0.999998927116394,500
cka_feddst,cifar10,0.9,13,results/logs/multiseed/cifar10/seed_13/splits/cifar10_split_seed13_clients5_alpha0p3_ref500.json,0.2,4,conv2,3,1,1.0,0.999998927116394,500
cka_feddst,cifar10,0.9,13,results/logs/multiseed/cifar10/seed_13/splits/cifar10_split_seed13_clients5_alpha0p3_ref500.json,0.2,4,conv2,3,2,0.9999971985816956,0.999998927116394,500
cka_feddst,cifar10,0.9,13,results/logs/multiseed/cifar10/seed_13/splits/cifar10_split_seed13_clients5_alpha0p3_ref500.json,0.2,4,conv2,3,3,1.0,0.999998927116394,500
cka_feddst,cifar10,0.9,13,results/logs/multiseed/cifar10/seed_13/splits/cifar10_split_seed13_clients5_alpha0p3_ref500.json,0.2,4,conv2,3,4,1.0,0.999998927116394,500
cka_feddst,cifar10,0.9,13,results/logs/multiseed/cifar10/seed_13/splits/cifar10_split_seed13_clients5_alpha0p3_ref500.json,0.2,4,conv2,4,0,1.0,0.999998927116394,500
cka_feddst,cifar10,0.9,13,results/logs/multiseed/cifar10/seed_13/splits/cifar10_split_seed13_clients5_alpha0p3_ref500.json,0.2,4,conv2,4,1,1.0,0.999998927116394,500
cka_feddst,cifar10,0.9,13,results/logs/multiseed/cifar10/seed_13/splits/cifar10_split_seed13_clients5_alpha0p3_ref500.json,0.2,4,conv2,4,2,0.9999977350234985,0.999998927116394,500
cka_feddst,cifar10,0.9,13,results/logs/multiseed/cifar10/seed_13/splits/cifar10_split_seed13_clients5_alpha0p3_ref500.json,0.2,4,conv2,4,3,1.0,0.999998927116394,500
cka_feddst,cifar10,0.9,13,results/logs/multiseed/cifar10/seed_13/splits/cifar10_split_seed13_clients5_alpha0p3_ref500.json,0.2,4,conv2,4,4,1.0,0.999998927116394,500
cka_feddst,cifar10,0.9,13,results/logs/multiseed/cifar10/seed_13/splits/cifar10_split_seed13_clients5_alpha0p3_ref500.json,0.2,4,conv3,0,0,1.0,0.9997571706771851,500
cka_feddst,cifar10,0.9,13,results/logs/multiseed/cifar10/seed_13/splits/cifar10_split_seed13_clients5_alpha0p3_ref500.json,0.2,4,conv3,0,1,0.999729335308075,0.9997571706771851,500
cka_feddst,cifar10,0.9,13,results/logs/multiseed/cifar10/seed_13/splits/cifar10_split_seed13_clients5_alpha0p3_ref500.json,0.2,4,conv3,0,2,0.9998770952224731,0.9997571706771851,500
cka_feddst,cifar10,0.9,13,results/logs/multiseed/cifar10/seed_13/splits/cifar10_split_seed13_clients5_alpha0p3_ref500.json,0.2,4,conv3,0,3,0.9994922876358032,0.9997571706771851,500
cka_feddst,cifar10,0.9,13,results/logs/multiseed/cifar10/seed_13/splits/cifar10_split_seed13_clients5_alpha0p3_ref500.json,0.2,4,conv3,0,4,0.9996501803398132,0.9997571706771851,500
cka_feddst,cifar10,0.9,13,results/logs/multiseed/cifar10/seed_13/splits/cifar10_split_seed13_clients5_alpha0p3_ref500.json,0.2,4,conv3,1,0,0.999729335308075,0.9997571706771851,500
cka_feddst,cifar10,0.9,13,results/logs/multiseed/cifar10/seed_13/splits/cifar10_split_seed13_clients5_alpha0p3_ref500.json,0.2,4,conv3,1,1,1.0,0.9997571706771851,500
cka_feddst,cifar10,0.9,13,results/logs/multiseed/cifar10/seed_13/splits/cifar10_split_seed13_clients5_alpha0p3_ref500.json,0.2,4,conv3,1,2,0.9997128844261169,0.9997571706771851,500
cka_feddst,cifar10,0.9,13,results/logs/multiseed/cifar10/seed_13/splits/cifar10_split_seed13_clients5_alpha0p3_ref500.json,0.2,4,conv3,1,3,0.9999379515647888,0.9997571706771851,500
cka_feddst,cifar10,0.9,13,results/logs/multiseed/cifar10/seed_13/splits/cifar10_split_seed13_clients5_alpha0p3_ref500.json,0.2,4,conv3,1,4,0.9999762773513794,0.9997571706771851,500
cka_feddst,cifar10,0.9,13,results/logs/multiseed/cifar10/seed_13/splits/cifar10_split_seed13_clients5_alpha0p3_ref500.json,0.2,4,conv3,2,0,0.9998770952224731,0.9997571706771851,500
cka_feddst,cifar10,0.9,13,results/logs/multiseed/cifar10/seed_13/splits/cifar10_split_seed13_clients5_alpha0p3_ref500.json,0.2,4,conv3,2,1,0.9997128844261169,0.9997571706771851,500
cka_feddst,cifar10,0.9,13,results/logs/multiseed/cifar10/seed_13/splits/cifar10_split_seed13_clients5_alpha0p3_ref500.json,0.2,4,conv3,2,2,1.0,0.9997571706771851,500
cka_feddst,cifar10,0.9,13,results/logs/multiseed/cifar10/seed_13/splits/cifar10_split_seed13_clients5_alpha0p3_ref500.json,0.2,4,conv3,2,3,0.9996156096458435,0.9997571706771851,500
cka_feddst,cifar10,0.9,13,results/logs/multiseed/cifar10/seed_13/splits/cifar10_split_seed13_clients5_alpha0p3_ref500.json,0.2,4,conv3,2,4,0.9996485114097595,0.9997571706771851,500
cka_feddst,cifar10,0.9,13,results/logs/multiseed/cifar10/seed_13/splits/cifar10_split_seed13_clients5_alpha0p3_ref500.json,0.2,4,conv3,3,0,0.9994922876358032,0.9997571706771851,500
cka_feddst,cifar10,0.9,13,results/logs/multiseed/cifar10/seed_13/splits/cifar10_split_seed13_clients5_alpha0p3_ref500.json,0.2,4,conv3,3,1,0.9999379515647888,0.9997571706771851,500
cka_feddst,cifar10,0.9,13,results/logs/multiseed/cifar10/seed_13/splits/cifar10_split_seed13_clients5_alpha0p3_ref500.json,0.2,4,conv3,3,2,0.9996156096458435,0.9997571706771851,500
cka_feddst,cifar10,0.9,13,results/logs/multiseed/cifar10/seed_13/splits/cifar10_split_seed13_clients5_alpha0p3_ref500.json,0.2,4,conv3,3,3,1.0,0.9997571706771851,500
cka_feddst,cifar10,0.9,13,results/logs/multiseed/cifar10/seed_13/splits/cifar10_split_seed13_clients5_alpha0p3_ref500.json,0.2,4,conv3,3,4,0.9999319314956665,0.9997571706771851,500
cka_feddst,cifar10,0.9,13,results/logs/multiseed/cifar10/seed_13/splits/cifar10_split_seed13_clients5_alpha0p3_ref500.json,0.2,4,conv3,4,0,0.9996501803398132,0.9997571706771851,500
cka_feddst,cifar10,0.9,13,results/logs/multiseed/cifar10/seed_13/splits/cifar10_split_seed13_clients5_alpha0p3_ref500.json,0.2,4,conv3,4,1,0.9999762773513794,0.9997571706771851,500
cka_feddst,cifar10,0.9,13,results/logs/multiseed/cifar10/seed_13/splits/cifar10_split_seed13_clients5_alpha0p3_ref500.json,0.2,4,conv3,4,2,0.9996485114097595,0.9997571706771851,500
cka_feddst,cifar10,0.9,13,results/logs/multiseed/cifar10/seed_13/splits/cifar10_split_seed13_clients5_alpha0p3_ref500.json,0.2,4,conv3,4,3,0.9999319314956665,0.9997571706771851,500
cka_feddst,cifar10,0.9,13,results/logs/multiseed/cifar10/seed_13/splits/cifar10_split_seed13_clients5_alpha0p3_ref500.json,0.2,4,conv3,4,4,1.0,0.9997571706771851,500
cka_feddst,cifar10,0.9,13,results/logs/multiseed/cifar10/seed_13/splits/cifar10_split_seed13_clients5_alpha0p3_ref500.json,0.2,4,fc1,0,0,1.0,0.9843470454216003,500
cka_feddst,cifar10,0.9,13,results/logs/multiseed/cifar10/seed_13/splits/cifar10_split_seed13_clients5_alpha0p3_ref500.json,0.2,4,fc1,0,1,0.9869893193244934,0.9843470454216003,500
cka_feddst,cifar10,0.9,13,results/logs/multiseed/cifar10/seed_13/splits/cifar10_split_seed13_clients5_alpha0p3_ref500.json,0.2,4,fc1,0,2,0.9824473261833191,0.9843470454216003,500
cka_feddst,cifar10,0.9,13,results/logs/multiseed/cifar10/seed_13/splits/cifar10_split_seed13_clients5_alpha0p3_ref500.json,0.2,4,fc1,0,3,0.9847277998924255,0.9843470454216003,500
cka_feddst,cifar10,0.9,13,results/logs/multiseed/cifar10/seed_13/splits/cifar10_split_seed13_clients5_alpha0p3_ref500.json,0.2,4,fc1,0,4,0.9932610988616943,0.9843470454216003,500
cka_feddst,cifar10,0.9,13,results/logs/multiseed/cifar10/seed_13/splits/cifar10_split_seed13_clients5_alpha0p3_ref500.json,0.2,4,fc1,1,0,0.9869893193244934,0.9843470454216003,500
cka_feddst,cifar10,0.9,13,results/logs/multiseed/cifar10/seed_13/splits/cifar10_split_seed13_clients5_alpha0p3_ref500.json,0.2,4,fc1,1,1,1.0,0.9843470454216003,500
cka_feddst,cifar10,0.9,13,results/logs/multiseed/cifar10/seed_13/splits/cifar10_split_seed13_clients5_alpha0p3_ref500.json,0.2,4,fc1,1,2,0.9688628315925598,0.9843470454216003,500
cka_feddst,cifar10,0.9,13,results/logs/multiseed/cifar10/seed_13/splits/cifar10_split_seed13_clients5_alpha0p3_ref500.json,0.2,4,fc1,1,3,0.9985058307647705,0.9843470454216003,500
cka_feddst,cifar10,0.9,13,results/logs/multiseed/cifar10/seed_13/splits/cifar10_split_seed13_clients5_alpha0p3_ref500.json,0.2,4,fc1,1,4,0.9915059208869934,0.9843470454216003,500
cka_feddst,cifar10,0.9,13,results/logs/multiseed/cifar10/seed_13/splits/cifar10_split_seed13_clients5_alpha0p3_ref500.json,0.2,4,fc1,2,0,0.9824473261833191,0.9843470454216003,500
cka_feddst,cifar10,0.9,13,results/logs/multiseed/cifar10/seed_13/splits/cifar10_split_seed13_clients5_alpha0p3_ref500.json,0.2,4,fc1,2,1,0.9688628315925598,0.9843470454216003,500
cka_feddst,cifar10,0.9,13,results/logs/multiseed/cifar10/seed_13/splits/cifar10_split_seed13_clients5_alpha0p3_ref500.json,0.2,4,fc1,2,2,1.0,0.9843470454216003,500
cka_feddst,cifar10,0.9,13,results/logs/multiseed/cifar10/seed_13/splits/cifar10_split_seed13_clients5_alpha0p3_ref500.json,0.2,4,fc1,2,3,0.9717881679534912,0.9843470454216003,500
cka_feddst,cifar10,0.9,13,results/logs/multiseed/cifar10/seed_13/splits/cifar10_split_seed13_clients5_alpha0p3_ref500.json,0.2,4,fc1,2,4,0.9760187268257141,0.9843470454216003,500
cka_feddst,cifar10,0.9,13,results/logs/multiseed/cifar10/seed_13/splits/cifar10_split_seed13_clients5_alpha0p3_ref500.json,0.2,4,fc1,3,0,0.9847277998924255,0.9843470454216003,500
cka_feddst,cifar10,0.9,13,results/logs/multiseed/cifar10/seed_13/splits/cifar10_split_seed13_clients5_alpha0p3_ref500.json,0.2,4,fc1,3,1,0.9985058307647705,0.9843470454216003,500
cka_feddst,cifar10,0.9,13,results/logs/multiseed/cifar10/seed_13/splits/cifar10_split_seed13_clients5_alpha0p3_ref500.json,0.2,4,fc1,3,2,0.9717881679534912,0.9843470454216003,500
cka_feddst,cifar10,0.9,13,results/logs/multiseed/cifar10/seed_13/splits/cifar10_split_seed13_clients5_alpha0p3_ref500.json,0.2,4,fc1,3,3,1.0,0.9843470454216003,500
cka_feddst,cifar10,0.9,13,results/logs/multiseed/cifar10/seed_13/splits/cifar10_split_seed13_clients5_alpha0p3_ref500.json,0.2,4,fc1,3,4,0.9893628358840942,0.9843470454216003,500
cka_feddst,cifar10,0.9,13,results/logs/multiseed/cifar10/seed_13/splits/cifar10_split_seed13_clients5_alpha0p3_ref500.json,0.2,4,fc1,4,0,0.9932610988616943,0.9843470454216003,500
cka_feddst,cifar10,0.9,13,results/logs/multiseed/cifar10/seed_13/splits/cifar10_split_seed13_clients5_alpha0p3_ref500.json,0.2,4,fc1,4,1,0.9915059208869934,0.9843470454216003,500
cka_feddst,cifar10,0.9,13,results/logs/multiseed/cifar10/seed_13/splits/cifar10_split_seed13_clients5_alpha0p3_ref500.json,0.2,4,fc1,4,2,0.9760187268257141,0.9843470454216003,500
cka_feddst,cifar10,0.9,13,results/logs/multiseed/cifar10/seed_13/splits/cifar10_split_seed13_clients5_alpha0p3_ref500.json,0.2,4,fc1,4,3,0.9893628358840942,0.9843470454216003,500
cka_feddst,cifar10,0.9,13,results/logs/multiseed/cifar10/seed_13/splits/cifar10_split_seed13_clients5_alpha0p3_ref500.json,0.2,4,fc1,4,4,1.0,0.9843470454216003,500
cka_feddst,cifar10,0.9,13,results/logs/multiseed/cifar10/seed_13/splits/cifar10_split_seed13_clients5_alpha0p3_ref500.json,0.2,6,conv1,0,0,1.0,1.0,500
cka_feddst,cifar10,0.9,13,results/logs/multiseed/cifar10/seed_13/splits/cifar10_split_seed13_clients5_alpha0p3_ref500.json,0.2,6,conv1,0,1,1.0,1.0,500
cka_feddst,cifar10,0.9,13,results/logs/multiseed/cifar10/seed_13/splits/cifar10_split_seed13_clients5_alpha0p3_ref500.json,0.2,6,conv1,0,2,1.0,1.0,500
cka_feddst,cifar10,0.9,13,results/logs/multiseed/cifar10/seed_13/splits/cifar10_split_seed13_clients5_alpha0p3_ref500.json,0.2,6,conv1,0,3,1.0,1.0,500
cka_feddst,cifar10,0.9,13,results/logs/multiseed/cifar10/seed_13/splits/cifar10_split_seed13_clients5_alpha0p3_ref500.json,0.2,6,conv1,0,4,1.0,1.0,500
cka_feddst,cifar10,0.9,13,results/logs/multiseed/cifar10/seed_13/splits/cifar10_split_seed13_clients5_alpha0p3_ref500.json,0.2,6,conv1,1,0,1.0,1.0,500
cka_feddst,cifar10,0.9,13,results/logs/multiseed/cifar10/seed_13/splits/cifar10_split_seed13_clients5_alpha0p3_ref500.json,0.2,6,conv1,1,1,1.0,1.0,500
cka_feddst,cifar10,0.9,13,results/logs/multiseed/cifar10/seed_13/splits/cifar10_split_seed13_clients5_alpha0p3_ref500.json,0.2,6,conv1,1,2,1.0,1.0,500
cka_feddst,cifar10,0.9,13,results/logs/multiseed/cifar10/seed_13/splits/cifar10_split_seed13_clients5_alpha0p3_ref500.json,0.2,6,conv1,1,3,1.0,1.0,500
cka_feddst,cifar10,0.9,13,results/logs/multiseed/cifar10/seed_13/splits/cifar10_split_seed13_clients5_alpha0p3_ref500.json,0.2,6,conv1,1,4,1.0,1.0,500
cka_feddst,cifar10,0.9,13,results/logs/multiseed/cifar10/seed_13/splits/cifar10_split_seed13_clients5_alpha0p3_ref500.json,0.2,6,conv1,2,0,1.0,1.0,500
cka_feddst,cifar10,0.9,13,results/logs/multiseed/cifar10/seed_13/splits/cifar10_split_seed13_clients5_alpha0p3_ref500.json,0.2,6,conv1,2,1,1.0,1.0,500
cka_feddst,cifar10,0.9,13,results/logs/multiseed/cifar10/seed_13/splits/cifar10_split_seed13_clients5_alpha0p3_ref500.json,0.2,6,conv1,2,2,1.0,1.0,500
cka_feddst,cifar10,0.9,13,results/logs/multiseed/cifar10/seed_13/splits/cifar10_split_seed13_clients5_alpha0p3_ref500.json,0.2,6,conv1,2,3,1.0,1.0,500
cka_feddst,cifar10,0.9,13,results/logs/multiseed/cifar10/seed_13/splits/cifar10_split_seed13_clients5_alpha0p3_ref500.json,0.2,6,conv1,2,4,1.0,1.0,500
cka_feddst,cifar10,0.9,13,results/logs/multiseed/cifar10/seed_13/splits/cifar10_split_seed13_clients5_alpha0p3_ref500.json,0.2,6,conv1,3,0,1.0,1.0,500
cka_feddst,cifar10,0.9,13,results/logs/multiseed/cifar10/seed_13/splits/cifar10_split_seed13_clients5_alpha0p3_ref500.json,0.2,6,conv1,3,1,1.0,1.0,500
cka_feddst,cifar10,0.9,13,results/logs/multiseed/cifar10/seed_13/splits/cifar10_split_seed13_clients5_alpha0p3_ref500.json,0.2,6,conv1,3,2,1.0,1.0,500
cka_feddst,cifar10,0.9,13,results/logs/multiseed/cifar10/seed_13/splits/cifar10_split_seed13_clients5_alpha0p3_ref500.json,0.2,6,conv1,3,3,1.0,1.0,500
cka_feddst,cifar10,0.9,13,results/logs/multiseed/cifar10/seed_13/splits/cifar10_split_seed13_clients5_alpha0p3_ref500.json,0.2,6,conv1,3,4,1.0,1.0,500
cka_feddst,cifar10,0.9,13,results/logs/multiseed/cifar10/seed_13/splits/cifar10_split_seed13_clients5_alpha0p3_ref500.json,0.2,6,conv1,4,0,1.0,1.0,500
cka_feddst,cifar10,0.9,13,results/logs/multiseed/cifar10/seed_13/splits/cifar10_split_seed13_clients5_alpha0p3_ref500.json,0.2,6,conv1,4,1,1.0,1.0,500
cka_feddst,cifar10,0.9,13,results/logs/multiseed/cifar10/seed_13/splits/cifar10_split_seed13_clients5_alpha0p3_ref500.json,0.2,6,conv1,4,2,1.0,1.0,500
cka_feddst,cifar10,0.9,13,results/logs/multiseed/cifar10/seed_13/splits/cifar10_split_seed13_clients5_alpha0p3_ref500.json,0.2,6,conv1,4,3,1.0,1.0,500
cka_feddst,cifar10,0.9,13,results/logs/multiseed/cifar10/seed_13/splits/cifar10_split_seed13_clients5_alpha0p3_ref500.json,0.2,6,conv1,4,4,1.0,1.0,500
cka_feddst,cifar10,0.9,13,results/logs/multiseed/cifar10/seed_13/splits/cifar10_split_seed13_clients5_alpha0p3_ref500.json,0.2,6,conv2,0,0,1.0,1.0,500
cka_feddst,cifar10,0.9,13,results/logs/multiseed/cifar10/seed_13/splits/cifar10_split_seed13_clients5_alpha0p3_ref500.json,0.2,6,conv2,0,1,1.0,1.0,500
cka_feddst,cifar10,0.9,13,results/logs/multiseed/cifar10/seed_13/splits/cifar10_split_seed13_clients5_alpha0p3_ref500.json,0.2,6,conv2,0,2,1.0,1.0,500
cka_feddst,cifar10,0.9,13,results/logs/multiseed/cifar10/seed_13/splits/cifar10_split_seed13_clients5_alpha0p3_ref500.json,0.2,6,conv2,0,3,1.0,1.0,500
cka_feddst,cifar10,0.9,13,results/logs/multiseed/cifar10/seed_13/splits/cifar10_split_seed13_clients5_alpha0p3_ref500.json,0.2,6,conv2,0,4,1.0,1.0,500
cka_feddst,cifar10,0.9,13,results/logs/multiseed/cifar10/seed_13/splits/cifar10_split_seed13_clients5_alpha0p3_ref500.json,0.2,6,conv2,1,0,1.0,1.0,500
cka_feddst,cifar10,0.9,13,results/logs/multiseed/cifar10/seed_13/splits/cifar10_split_seed13_clients5_alpha0p3_ref500.json,0.2,6,conv2,1,1,1.0,1.0,500
cka_feddst,cifar10,0.9,13,results/logs/multiseed/cifar10/seed_13/splits/cifar10_split_seed13_clients5_alpha0p3_ref500.json,0.2,6,conv2,1,2,1.0,1.0,500
cka_feddst,cifar10,0.9,13,results/logs/multiseed/cifar10/seed_13/splits/cifar10_split_seed13_clients5_alpha0p3_ref500.json,0.2,6,conv2,1,3,1.0,1.0,500
cka_feddst,cifar10,0.9,13,results/logs/multiseed/cifar10/seed_13/splits/cifar10_split_seed13_clients5_alpha0p3_ref500.json,0.2,6,conv2,1,4,1.0,1.0,500
cka_feddst,cifar10,0.9,13,results/logs/multiseed/cifar10/seed_13/splits/cifar10_split_seed13_clients5_alpha0p3_ref500.json,0.2,6,conv2,2,0,1.0,1.0,500
cka_feddst,cifar10,0.9,13,results/logs/multiseed/cifar10/seed_13/splits/cifar10_split_seed13_clients5_alpha0p3_ref500.json,0.2,6,conv2,2,1,1.0,1.0,500
cka_feddst,cifar10,0.9,13,results/logs/multiseed/cifar10/seed_13/splits/cifar10_split_seed13_clients5_alpha0p3_ref500.json,0.2,6,conv2,2,2,1.0,1.0,500
cka_feddst,cifar10,0.9,13,results/logs/multiseed/cifar10/seed_13/splits/cifar10_split_seed13_clients5_alpha0p3_ref500.json,0.2,6,conv2,2,3,1.0,1.0,500
cka_feddst,cifar10,0.9,13,results/logs/multiseed/cifar10/seed_13/splits/cifar10_split_seed13_clients5_alpha0p3_ref500.json,0.2,6,conv2,2,4,1.0,1.0,500
cka_feddst,cifar10,0.9,13,results/logs/multiseed/cifar10/seed_13/splits/cifar10_split_seed13_clients5_alpha0p3_ref500.json,0.2,6,conv2,3,0,1.0,1.0,500
cka_feddst,cifar10,0.9,13,results/logs/multiseed/cifar10/seed_13/splits/cifar10_split_seed13_clients5_alpha0p3_ref500.json,0.2,6,conv2,3,1,1.0,1.0,500
cka_feddst,cifar10,0.9,13,results/logs/multiseed/cifar10/seed_13/splits/cifar10_split_seed13_clients5_alpha0p3_ref500.json,0.2,6,conv2,3,2,1.0,1.0,500
cka_feddst,cifar10,0.9,13,results/logs/multiseed/cifar10/seed_13/splits/cifar10_split_seed13_clients5_alpha0p3_ref500.json,0.2,6,conv2,3,3,1.0,1.0,500
cka_feddst,cifar10,0.9,13,results/logs/multiseed/cifar10/seed_13/splits/cifar10_split_seed13_clients5_alpha0p3_ref500.json,0.2,6,conv2,3,4,1.0,1.0,500
cka_feddst,cifar10,0.9,13,results/logs/multiseed/cifar10/seed_13/splits/cifar10_split_seed13_clients5_alpha0p3_ref500.json,0.2,6,conv2,4,0,1.0,1.0,500
cka_feddst,cifar10,0.9,13,results/logs/multiseed/cifar10/seed_13/splits/cifar10_split_seed13_clients5_alpha0p3_ref500.json,0.2,6,conv2,4,1,1.0,1.0,500
cka_feddst,cifar10,0.9,13,results/logs/multiseed/cifar10/seed_13/splits/cifar10_split_seed13_clients5_alpha0p3_ref500.json,0.2,6,conv2,4,2,1.0,1.0,500
cka_feddst,cifar10,0.9,13,results/logs/multiseed/cifar10/seed_13/splits/cifar10_split_seed13_clients5_alpha0p3_ref500.json,0.2,6,conv2,4,3,1.0,1.0,500
cka_feddst,cifar10,0.9,13,results/logs/multiseed/cifar10/seed_13/splits/cifar10_split_seed13_clients5_alpha0p3_ref500.json,0.2,6,conv2,4,4,1.0,1.0,500
cka_feddst,cifar10,0.9,13,results/logs/multiseed/cifar10/seed_13/splits/cifar10_split_seed13_clients5_alpha0p3_ref500.json,0.2,6,conv3,0,0,1.0,0.9999673962593079,500
cka_feddst,cifar10,0.9,13,results/logs/multiseed/cifar10/seed_13/splits/cifar10_split_seed13_clients5_alpha0p3_ref500.json,0.2,6,conv3,0,1,0.9999648332595825,0.9999673962593079,500
cka_feddst,cifar10,0.9,13,results/logs/multiseed/cifar10/seed_13/splits/cifar10_split_seed13_clients5_alpha0p3_ref500.json,0.2,6,conv3,0,2,0.9999793767929077,0.9999673962593079,500
cka_feddst,cifar10,0.9,13,results/logs/multiseed/cifar10/seed_13/splits/cifar10_split_seed13_clients5_alpha0p3_ref500.json,0.2,6,conv3,0,3,0.9999276399612427,0.9999673962593079,500
cka_feddst,cifar10,0.9,13,results/logs/multiseed/cifar10/seed_13/splits/cifar10_split_seed13_clients5_alpha0p3_ref500.json,0.2,6,conv3,0,4,0.9999454021453857,0.9999673962593079,500
cka_feddst,cifar10,0.9,13,results/logs/multiseed/cifar10/seed_13/splits/cifar10_split_seed13_clients5_alpha0p3_ref500.json,0.2,6,conv3,1,0,0.9999648332595825,0.9999673962593079,500
cka_feddst,cifar10,0.9,13,results/logs/multiseed/cifar10/seed_13/splits/cifar10_split_seed13_clients5_alpha0p3_ref500.json,0.2,6,conv3,1,1,1.0,0.9999673962593079,500
cka_feddst,cifar10,0.9,13,results/logs/multiseed/cifar10/seed_13/splits/cifar10_split_seed13_clients5_alpha0p3_ref500.json,0.2,6,conv3,1,2,0.9999808073043823,0.9999673962593079,500
cka_feddst,cifar10,0.9,13,results/logs/multiseed/cifar10/seed_13/splits/cifar10_split_seed13_clients5_alpha0p3_ref500.json,0.2,6,conv3,1,3,0.9999927878379822,0.9999673962593079,500
cka_feddst,cifar10,0.9,13,results/logs/multiseed/cifar10/seed_13/splits/cifar10_split_seed13_clients5_alpha0p3_ref500.json,0.2,6,conv3,1,4,0.9999868869781494,0.9999673962593079,500
cka_feddst,cifar10,0.9,13,results/logs/multiseed/cifar10/seed_13/splits/cifar10_split_seed13_clients5_alpha0p3_ref500.json,0.2,6,conv3,2,0,0.9999793767929077,0.9999673962593079,500
cka_feddst,cifar10,0.9,13,results/logs/multiseed/cifar10/seed_13/splits/cifar10_split_seed13_clients5_alpha0p3_ref500.json,0.2,6,conv3,2,1,0.9999808073043823,0.9999673962593079,500
cka_feddst,cifar10,0.9,13,results/logs/multiseed/cifar10/seed_13/splits/cifar10_split_seed13_clients5_alpha0p3_ref500.json,0.2,6,conv3,2,2,1.0,0.9999673962593079,500
cka_feddst,cifar10,0.9,13,results/logs/multiseed/cifar10/seed_13/splits/cifar10_split_seed13_clients5_alpha0p3_ref500.json,0.2,6,conv3,2,3,0.9999687075614929,0.9999673962593079,500
cka_feddst,cifar10,0.9,13,results/logs/multiseed/cifar10/seed_13/splits/cifar10_split_seed13_clients5_alpha0p3_ref500.json,0.2,6,conv3,2,4,0.9999555945396423,0.9999673962593079,500
cka_feddst,cifar10,0.9,13,results/logs/multiseed/cifar10/seed_13/splits/cifar10_split_seed13_clients5_alpha0p3_ref500.json,0.2,6,conv3,3,0,0.9999276399612427,0.9999673962593079,500
cka_feddst,cifar10,0.9,13,results/logs/multiseed/cifar10/seed_13/splits/cifar10_split_seed13_clients5_alpha0p3_ref500.json,0.2,6,conv3,3,1,0.9999927878379822,0.9999673962593079,500
cka_feddst,cifar10,0.9,13,results/logs/multiseed/cifar10/seed_13/splits/cifar10_split_seed13_clients5_alpha0p3_ref500.json,0.2,6,conv3,3,2,0.9999687075614929,0.9999673962593079,500
cka_feddst,cifar10,0.9,13,results/logs/multiseed/cifar10/seed_13/splits/cifar10_split_seed13_clients5_alpha0p3_ref500.json,0.2,6,conv3,3,3,1.0,0.9999673962593079,500
cka_feddst,cifar10,0.9,13,results/logs/multiseed/cifar10/seed_13/splits/cifar10_split_seed13_clients5_alpha0p3_ref500.json,0.2,6,conv3,3,4,0.9999719262123108,0.9999673962593079,500
cka_feddst,cifar10,0.9,13,results/logs/multiseed/cifar10/seed_13/splits/cifar10_split_seed13_clients5_alpha0p3_ref500.json,0.2,6,conv3,4,0,0.9999454021453857,0.9999673962593079,500
cka_feddst,cifar10,0.9,13,results/logs/multiseed/cifar10/seed_13/splits/cifar10_split_seed13_clients5_alpha0p3_ref500.json,0.2,6,conv3,4,1,0.9999868869781494,0.9999673962593079,500
cka_feddst,cifar10,0.9,13,results/logs/multiseed/cifar10/seed_13/splits/cifar10_split_seed13_clients5_alpha0p3_ref500.json,0.2,6,conv3,4,2,0.9999555945396423,0.9999673962593079,500
cka_feddst,cifar10,0.9,13,results/logs/multiseed/cifar10/seed_13/splits/cifar10_split_seed13_clients5_alpha0p3_ref500.json,0.2,6,conv3,4,3,0.9999719262123108,0.9999673962593079,500
cka_feddst,cifar10,0.9,13,results/logs/multiseed/cifar10/seed_13/splits/cifar10_split_seed13_clients5_alpha0p3_ref500.json,0.2,6,conv3,4,4,1.0,0.9999673962593079,500
cka_feddst,cifar10,0.9,13,results/logs/multiseed/cifar10/seed_13/splits/cifar10_split_seed13_clients5_alpha0p3_ref500.json,0.2,6,fc1,0,0,1.0,0.9955903887748718,500
cka_feddst,cifar10,0.9,13,results/logs/multiseed/cifar10/seed_13/splits/cifar10_split_seed13_clients5_alpha0p3_ref500.json,0.2,6,fc1,0,1,0.9978097081184387,0.9955903887748718,500
cka_feddst,cifar10,0.9,13,results/logs/multiseed/cifar10/seed_13/splits/cifar10_split_seed13_clients5_alpha0p3_ref500.json,0.2,6,fc1,0,2,0.995697021484375,0.9955903887748718,500
cka_feddst,cifar10,0.9,13,results/logs/multiseed/cifar10/seed_13/splits/cifar10_split_seed13_clients5_alpha0p3_ref500.json,0.2,6,fc1,0,3,0.9974120259284973,0.9955903887748718,500
cka_feddst,cifar10,0.9,13,results/logs/multiseed/cifar10/seed_13/splits/cifar10_split_seed13_clients5_alpha0p3_ref500.json,0.2,6,fc1,0,4,0.994232177734375,0.9955903887748718,500
cka_feddst,cifar10,0.9,13,results/logs/multiseed/cifar10/seed_13/splits/cifar10_split_seed13_clients5_alpha0p3_ref500.json,0.2,6,fc1,1,0,0.9978097081184387,0.9955903887748718,500
cka_feddst,cifar10,0.9,13,results/logs/multiseed/cifar10/seed_13/splits/cifar10_split_seed13_clients5_alpha0p3_ref500.json,0.2,6,fc1,1,1,1.0,0.9955903887748718,500
cka_feddst,cifar10,0.9,13,results/logs/multiseed/cifar10/seed_13/splits/cifar10_split_seed13_clients5_alpha0p3_ref500.json,0.2,6,fc1,1,2,0.9937407970428467,0.9955903887748718,500
cka_feddst,cifar10,0.9,13,results/logs/multiseed/cifar10/seed_13/splits/cifar10_split_seed13_clients5_alpha0p3_ref500.json,0.2,6,fc1,1,3,0.999239981174469,0.9955903887748718,500
cka_feddst,cifar10,0.9,13,results/logs/multiseed/cifar10/seed_13/splits/cifar10_split_seed13_clients5_alpha0p3_ref500.json,0.2,6,fc1,1,4,0.9966909289360046,0.9955903887748718,500
cka_feddst,cifar10,0.9,13,results/logs/multiseed/cifar10/seed_13/splits/cifar10_split_seed13_clients5_alpha0p3_ref500.json,0.2,6,fc1,2,0,0.995697021484375,0.9955903887748718,500
cka_feddst,cifar10,0.9,13,results/logs/multiseed/cifar10/seed_13/splits/cifar10_split_seed13_clients5_alpha0p3_ref500.json,0.2,6,fc1,2,1,0.9937407970428467,0.9955903887748718,500
cka_feddst,cifar10,0.9,13,results/logs/multiseed/cifar10/seed_13/splits/cifar10_split_seed13_clients5_alpha0p3_ref500.json,0.2,6,fc1,2,2,1.0,0.9955903887748718,500
cka_feddst,cifar10,0.9,13,results/logs/multiseed/cifar10/seed_13/splits/cifar10_split_seed13_clients5_alpha0p3_ref500.json,0.2,6,fc1,2,3,0.9947428107261658,0.9955903887748718,500
cka_feddst,cifar10,0.9,13,results/logs/multiseed/cifar10/seed_13/splits/cifar10_split_seed13_clients5_alpha0p3_ref500.json,0.2,6,fc1,2,4,0.9898537397384644,0.9955903887748718,500
cka_feddst,cifar10,0.9,13,results/logs/multiseed/cifar10/seed_13/splits/cifar10_split_seed13_clients5_alpha0p3_ref500.json,0.2,6,fc1,3,0,0.9974120259284973,0.9955903887748718,500
cka_feddst,cifar10,0.9,13,results/logs/multiseed/cifar10/seed_13/splits/cifar10_split_seed13_clients5_alpha0p3_ref500.json,0.2,6,fc1,3,1,0.999239981174469,0.9955903887748718,500
cka_feddst,cifar10,0.9,13,results/logs/multiseed/cifar10/seed_13/splits/cifar10_split_seed13_clients5_alpha0p3_ref500.json,0.2,6,fc1,3,2,0.9947428107261658,0.9955903887748718,500
cka_feddst,cifar10,0.9,13,results/logs/multiseed/cifar10/seed_13/splits/cifar10_split_seed13_clients5_alpha0p3_ref500.json,0.2,6,fc1,3,3,1.0,0.9955903887748718,500
cka_feddst,cifar10,0.9,13,results/logs/multiseed/cifar10/seed_13/splits/cifar10_split_seed13_clients5_alpha0p3_ref500.json,0.2,6,fc1,3,4,0.9964857697486877,0.9955903887748718,500
cka_feddst,cifar10,0.9,13,results/logs/multiseed/cifar10/seed_13/splits/cifar10_split_seed13_clients5_alpha0p3_ref500.json,0.2,6,fc1,4,0,0.994232177734375,0.9955903887748718,500
cka_feddst,cifar10,0.9,13,results/logs/multiseed/cifar10/seed_13/splits/cifar10_split_seed13_clients5_alpha0p3_ref500.json,0.2,6,fc1,4,1,0.9966909289360046,0.9955903887748718,500
cka_feddst,cifar10,0.9,13,results/logs/multiseed/cifar10/seed_13/splits/cifar10_split_seed13_clients5_alpha0p3_ref500.json,0.2,6,fc1,4,2,0.9898537397384644,0.9955903887748718,500
cka_feddst,cifar10,0.9,13,results/logs/multiseed/cifar10/seed_13/splits/cifar10_split_seed13_clients5_alpha0p3_ref500.json,0.2,6,fc1,4,3,0.9964857697486877,0.9955903887748718,500
cka_feddst,cifar10,0.9,13,results/logs/multiseed/cifar10/seed_13/splits/cifar10_split_seed13_clients5_alpha0p3_ref500.json,0.2,6,fc1,4,4,1.0,0.9955903887748718,500
cka_feddst,cifar10,0.9,13,results/logs/multiseed/cifar10/seed_13/splits/cifar10_split_seed13_clients5_alpha0p3_ref500.json,0.2,8,conv1,0,0,1.0,1.0,500
cka_feddst,cifar10,0.9,13,results/logs/multiseed/cifar10/seed_13/splits/cifar10_split_seed13_clients5_alpha0p3_ref500.json,0.2,8,conv1,0,1,1.0,1.0,500
cka_feddst,cifar10,0.9,13,results/logs/multiseed/cifar10/seed_13/splits/cifar10_split_seed13_clients5_alpha0p3_ref500.json,0.2,8,conv1,0,2,1.0,1.0,500
cka_feddst,cifar10,0.9,13,results/logs/multiseed/cifar10/seed_13/splits/cifar10_split_seed13_clients5_alpha0p3_ref500.json,0.2,8,conv1,0,3,1.0,1.0,500
cka_feddst,cifar10,0.9,13,results/logs/multiseed/cifar10/seed_13/splits/cifar10_split_seed13_clients5_alpha0p3_ref500.json,0.2,8,conv1,0,4,1.0,1.0,500
cka_feddst,cifar10,0.9,13,results/logs/multiseed/cifar10/seed_13/splits/cifar10_split_seed13_clients5_alpha0p3_ref500.json,0.2,8,conv1,1,0,1.0,1.0,500
cka_feddst,cifar10,0.9,13,results/logs/multiseed/cifar10/seed_13/splits/cifar10_split_seed13_clients5_alpha0p3_ref500.json,0.2,8,conv1,1,1,1.0,1.0,500
cka_feddst,cifar10,0.9,13,results/logs/multiseed/cifar10/seed_13/splits/cifar10_split_seed13_clients5_alpha0p3_ref500.json,0.2,8,conv1,1,2,1.0,1.0,500
cka_feddst,cifar10,0.9,13,results/logs/multiseed/cifar10/seed_13/splits/cifar10_split_seed13_clients5_alpha0p3_ref500.json,0.2,8,conv1,1,3,1.0,1.0,500
cka_feddst,cifar10,0.9,13,results/logs/multiseed/cifar10/seed_13/splits/cifar10_split_seed13_clients5_alpha0p3_ref500.json,0.2,8,conv1,1,4,1.0,1.0,500
cka_feddst,cifar10,0.9,13,results/logs/multiseed/cifar10/seed_13/splits/cifar10_split_seed13_clients5_alpha0p3_ref500.json,0.2,8,conv1,2,0,1.0,1.0,500
cka_feddst,cifar10,0.9,13,results/logs/multiseed/cifar10/seed_13/splits/cifar10_split_seed13_clients5_alpha0p3_ref500.json,0.2,8,conv1,2,1,1.0,1.0,500
cka_feddst,cifar10,0.9,13,results/logs/multiseed/cifar10/seed_13/splits/cifar10_split_seed13_clients5_alpha0p3_ref500.json,0.2,8,conv1,2,2,1.0,1.0,500
cka_feddst,cifar10,0.9,13,results/logs/multiseed/cifar10/seed_13/splits/cifar10_split_seed13_clients5_alpha0p3_ref500.json,0.2,8,conv1,2,3,1.0,1.0,500
cka_feddst,cifar10,0.9,13,results/logs/multiseed/cifar10/seed_13/splits/cifar10_split_seed13_clients5_alpha0p3_ref500.json,0.2,8,conv1,2,4,1.0,1.0,500
cka_feddst,cifar10,0.9,13,results/logs/multiseed/cifar10/seed_13/splits/cifar10_split_seed13_clients5_alpha0p3_ref500.json,0.2,8,conv1,3,0,1.0,1.0,500
cka_feddst,cifar10,0.9,13,results/logs/multiseed/cifar10/seed_13/splits/cifar10_split_seed13_clients5_alpha0p3_ref500.json,0.2,8,conv1,3,1,1.0,1.0,500
cka_feddst,cifar10,0.9,13,results/logs/multiseed/cifar10/seed_13/splits/cifar10_split_seed13_clients5_alpha0p3_ref500.json,0.2,8,conv1,3,2,1.0,1.0,500
cka_feddst,cifar10,0.9,13,results/logs/multiseed/cifar10/seed_13/splits/cifar10_split_seed13_clients5_alpha0p3_ref500.json,0.2,8,conv1,3,3,1.0,1.0,500
cka_feddst,cifar10,0.9,13,results/logs/multiseed/cifar10/seed_13/splits/cifar10_split_seed13_clients5_alpha0p3_ref500.json,0.2,8,conv1,3,4,1.0,1.0,500
cka_feddst,cifar10,0.9,13,results/logs/multiseed/cifar10/seed_13/splits/cifar10_split_seed13_clients5_alpha0p3_ref500.json,0.2,8,conv1,4,0,1.0,1.0,500
cka_feddst,cifar10,0.9,13,results/logs/multiseed/cifar10/seed_13/splits/cifar10_split_seed13_clients5_alpha0p3_ref500.json,0.2,8,conv1,4,1,1.0,1.0,500
cka_feddst,cifar10,0.9,13,results/logs/multiseed/cifar10/seed_13/splits/cifar10_split_seed13_clients5_alpha0p3_ref500.json,0.2,8,conv1,4,2,1.0,1.0,500
cka_feddst,cifar10,0.9,13,results/logs/multiseed/cifar10/seed_13/splits/cifar10_split_seed13_clients5_alpha0p3_ref500.json,0.2,8,conv1,4,3,1.0,1.0,500
cka_feddst,cifar10,0.9,13,results/logs/multiseed/cifar10/seed_13/splits/cifar10_split_seed13_clients5_alpha0p3_ref500.json,0.2,8,conv1,4,4,1.0,1.0,500
cka_feddst,cifar10,0.9,13,results/logs/multiseed/cifar10/seed_13/splits/cifar10_split_seed13_clients5_alpha0p3_ref500.json,0.2,8,conv2,0,0,1.0,0.9999934434890747,500
cka_feddst,cifar10,0.9,13,results/logs/multiseed/cifar10/seed_13/splits/cifar10_split_seed13_clients5_alpha0p3_ref500.json,0.2,8,conv2,0,1,0.9999982714653015,0.9999934434890747,500
cka_feddst,cifar10,0.9,13,results/logs/multiseed/cifar10/seed_13/splits/cifar10_split_seed13_clients5_alpha0p3_ref500.json,0.2,8,conv2,0,2,0.9999949336051941,0.9999934434890747,500
cka_feddst,cifar10,0.9,13,results/logs/multiseed/cifar10/seed_13/splits/cifar10_split_seed13_clients5_alpha0p3_ref500.json,0.2,8,conv2,0,3,0.9999988079071045,0.9999934434890747,500
cka_feddst,cifar10,0.9,13,results/logs/multiseed/cifar10/seed_13/splits/cifar10_split_seed13_clients5_alpha0p3_ref500.json,0.2,8,conv2,0,4,1.0,0.9999934434890747,500
cka_feddst,cifar10,0.9,13,results/logs/multiseed/cifar10/seed_13/splits/cifar10_split_seed13_clients5_alpha0p3_ref500.json,0.2,8,conv2,1,0,0.9999982714653015,0.9999934434890747,500
cka_feddst,cifar10,0.9,13,results/logs/multiseed/cifar10/seed_13/splits/cifar10_split_seed13_clients5_alpha0p3_ref500.json,0.2,8,conv2,1,1,1.0,0.9999934434890747,500
cka_feddst,cifar10,0.9,13,results/logs/multiseed/cifar10/seed_13/splits/cifar10_split_seed13_clients5_alpha0p3_ref500.json,0.2,8,conv2,1,2,0.9999755620956421,0.9999934434890747,500
cka_feddst,cifar10,0.9,13,results/logs/multiseed/cifar10/seed_13/splits/cifar10_split_seed13_clients5_alpha0p3_ref500.json,0.2,8,conv2,1,3,1.0,0.9999934434890747,500
cka_feddst,cifar10,0.9,13,results/logs/multiseed/cifar10/seed_13/splits/cifar10_split_seed13_clients5_alpha0p3_ref500.json,0.2,8,conv2,1,4,1.0,0.9999934434890747,500
cka_feddst,cifar10,0.9,13,results/logs/multiseed/cifar10/seed_13/splits/cifar10_split_seed13_clients5_alpha0p3_ref500.json,0.2,8,conv2,2,0,0.9999949336051941,0.9999934434890747,500
cka_feddst,cifar10,0.9,13,results/logs/multiseed/cifar10/seed_13/splits/cifar10_split_seed13_clients5_alpha0p3_ref500.json,0.2,8,conv2,2,1,0.9999755620956421,0.9999934434890747,500
cka_feddst,cifar10,0.9,13,results/logs/multiseed/cifar10/seed_13/splits/cifar10_split_seed13_clients5_alpha0p3_ref500.json,0.2,8,conv2,2,2,1.0,0.9999934434890747,500
cka_feddst,cifar10,0.9,13,results/logs/multiseed/cifar10/seed_13/splits/cifar10_split_seed13_clients5_alpha0p3_ref500.json,0.2,8,conv2,2,3,0.9999790787696838,0.9999934434890747,500
cka_feddst,cifar10,0.9,13,results/logs/multiseed/cifar10/seed_13/splits/cifar10_split_seed13_clients5_alpha0p3_ref500.json,0.2,8,conv2,2,4,0.9999873042106628,0.9999934434890747,500
cka_feddst,cifar10,0.9,13,results/logs/multiseed/cifar10/seed_13/splits/cifar10_split_seed13_clients5_alpha0p3_ref500.json,0.2,8,conv2,3,0,0.9999988079071045,0.9999934434890747,500
cka_feddst,cifar10,0.9,13,results/logs/multiseed/cifar10/seed_13/splits/cifar10_split_seed13_clients5_alpha0p3_ref500.json,0.2,8,conv2,3,1,1.0,0.9999934434890747,500
cka_feddst,cifar10,0.9,13,results/logs/multiseed/cifar10/seed_13/splits/cifar10_split_seed13_clients5_alpha0p3_ref500.json,0.2,8,conv2,3,2,0.9999790787696838,0.9999934434890747,500
cka_feddst,cifar10,0.9,13,results/logs/multiseed/cifar10/seed_13/splits/cifar10_split_seed13_clients5_alpha0p3_ref500.json,0.2,8,conv2,3,3,1.0,0.9999934434890747,500
cka_feddst,cifar10,0.9,13,results/logs/multiseed/cifar10/seed_13/splits/cifar10_split_seed13_clients5_alpha0p3_ref500.json,0.2,8,conv2,3,4,1.0,0.9999934434890747,500
cka_feddst,cifar10,0.9,13,results/logs/multiseed/cifar10/seed_13/splits/cifar10_split_seed13_clients5_alpha0p3_ref500.json,0.2,8,conv2,4,0,1.0,0.9999934434890747,500
cka_feddst,cifar10,0.9,13,results/logs/multiseed/cifar10/seed_13/splits/cifar10_split_seed13_clients5_alpha0p3_ref500.json,0.2,8,conv2,4,1,1.0,0.9999934434890747,500
cka_feddst,cifar10,0.9,13,results/logs/multiseed/cifar10/seed_13/splits/cifar10_split_seed13_clients5_alpha0p3_ref500.json,0.2,8,conv2,4,2,0.9999873042106628,0.9999934434890747,500
cka_feddst,cifar10,0.9,13,results/logs/multiseed/cifar10/seed_13/splits/cifar10_split_seed13_clients5_alpha0p3_ref500.json,0.2,8,conv2,4,3,1.0,0.9999934434890747,500
cka_feddst,cifar10,0.9,13,results/logs/multiseed/cifar10/seed_13/splits/cifar10_split_seed13_clients5_alpha0p3_ref500.json,0.2,8,conv2,4,4,1.0,0.9999934434890747,500
cka_feddst,cifar10,0.9,13,results/logs/multiseed/cifar10/seed_13/splits/cifar10_split_seed13_clients5_alpha0p3_ref500.json,0.2,8,conv3,0,0,1.0,0.9994944334030151,500
cka_feddst,cifar10,0.9,13,results/logs/multiseed/cifar10/seed_13/splits/cifar10_split_seed13_clients5_alpha0p3_ref500.json,0.2,8,conv3,0,1,0.9995737075805664,0.9994944334030151,500
cka_feddst,cifar10,0.9,13,results/logs/multiseed/cifar10/seed_13/splits/cifar10_split_seed13_clients5_alpha0p3_ref500.json,0.2,8,conv3,0,2,0.9997538924217224,0.9994944334030151,500
cka_feddst,cifar10,0.9,13,results/logs/multiseed/cifar10/seed_13/splits/cifar10_split_seed13_clients5_alpha0p3_ref500.json,0.2,8,conv3,0,3,0.9993556141853333,0.9994944334030151,500
cka_feddst,cifar10,0.9,13,results/logs/multiseed/cifar10/seed_13/splits/cifar10_split_seed13_clients5_alpha0p3_ref500.json,0.2,8,conv3,0,4,0.999686598777771,0.9994944334030151,500
cka_feddst,cifar10,0.9,13,results/logs/multiseed/cifar10/seed_13/splits/cifar10_split_seed13_clients5_alpha0p3_ref500.json,0.2,8,conv3,1,0,0.9995737075805664,0.9994944334030151,500
cka_feddst,cifar10,0.9,13,results/logs/multiseed/cifar10/seed_13/splits/cifar10_split_seed13_clients5_alpha0p3_ref500.json,0.2,8,conv3,1,1,1.0,0.9994944334030151,500
cka_feddst,cifar10,0.9,13,results/logs/multiseed/cifar10/seed_13/splits/cifar10_split_seed13_clients5_alpha0p3_ref500.json,0.2,8,conv3,1,2,0.9989157915115356,0.9994944334030151,500
cka_feddst,cifar10,0.9,13,results/logs/multiseed/cifar10/seed_13/splits/cifar10_split_seed13_clients5_alpha0p3_ref500.json,0.2,8,conv3,1,3,0.9999375343322754,0.9994944334030151,500
cka_feddst,cifar10,0.9,13,results/logs/multiseed/cifar10/seed_13/splits/cifar10_split_seed13_clients5_alpha0p3_ref500.json,0.2,8,conv3,1,4,0.9999622702598572,0.9994944334030151,500
cka_feddst,cifar10,0.9,13,results/logs/multiseed/cifar10/seed_13/splits/cifar10_split_seed13_clients5_alpha0p3_ref500.json,0.2,8,conv3,2,0,0.9997538924217224,0.9994944334030151,500
cka_feddst,cifar10,0.9,13,results/logs/multiseed/cifar10/seed_13/splits/cifar10_split_seed13_clients5_alpha0p3_ref500.json,0.2,8,conv3,2,1,0.9989157915115356,0.9994944334030151,500
cka_feddst,cifar10,0.9,13,results/logs/multiseed/cifar10/seed_13/splits/cifar10_split_seed13_clients5_alpha0p3_ref500.json,0.2,8,conv3,2,2,1.0,0.9994944334030151,500
cka_feddst,cifar10,0.9,13,results/logs/multiseed/cifar10/seed_13/splits/cifar10_split_seed13_clients5_alpha0p3_ref500.json,0.2,8,conv3,2,3,0.9987741112709045,0.9994944334030151,500
cka_feddst,cifar10,0.9,13,results/logs/multiseed/cifar10/seed_13/splits/cifar10_split_seed13_clients5_alpha0p3_ref500.json,0.2,8,conv3,2,4,0.9991104006767273,0.9994944334030151,500
cka_feddst,cifar10,0.9,13,results/logs/multiseed/cifar10/seed_13/splits/cifar10_split_seed13_clients5_alpha0p3_ref500.json,0.2,8,conv3,3,0,0.9993556141853333,0.9994944334030151,500
cka_feddst,cifar10,0.9,13,results/logs/multiseed/cifar10/seed_13/splits/cifar10_split_seed13_clients5_alpha0p3_ref500.json,0.2,8,conv3,3,1,0.9999375343322754,0.9994944334030151,500
cka_feddst,cifar10,0.9,13,results/logs/multiseed/cifar10/seed_13/splits/cifar10_split_seed13_clients5_alpha0p3_ref500.json,0.2,8,conv3,3,2,0.9987741112709045,0.9994944334030151,500
cka_feddst,cifar10,0.9,13,results/logs/multiseed/cifar10/seed_13/splits/cifar10_split_seed13_clients5_alpha0p3_ref500.json,0.2,8,conv3,3,3,1.0,0.9994944334030151,500
cka_feddst,cifar10,0.9,13,results/logs/multiseed/cifar10/seed_13/splits/cifar10_split_seed13_clients5_alpha0p3_ref500.json,0.2,8,conv3,3,4,0.9998742341995239,0.9994944334030151,500
cka_feddst,cifar10,0.9,13,results/logs/multiseed/cifar10/seed_13/splits/cifar10_split_seed13_clients5_alpha0p3_ref500.json,0.2,8,conv3,4,0,0.999686598777771,0.9994944334030151,500
cka_feddst,cifar10,0.9,13,results/logs/multiseed/cifar10/seed_13/splits/cifar10_split_seed13_clients5_alpha0p3_ref500.json,0.2,8,conv3,4,1,0.9999622702598572,0.9994944334030151,500
cka_feddst,cifar10,0.9,13,results/logs/multiseed/cifar10/seed_13/splits/cifar10_split_seed13_clients5_alpha0p3_ref500.json,0.2,8,conv3,4,2,0.9991104006767273,0.9994944334030151,500
cka_feddst,cifar10,0.9,13,results/logs/multiseed/cifar10/seed_13/splits/cifar10_split_seed13_clients5_alpha0p3_ref500.json,0.2,8,conv3,4,3,0.9998742341995239,0.9994944334030151,500
cka_feddst,cifar10,0.9,13,results/logs/multiseed/cifar10/seed_13/splits/cifar10_split_seed13_clients5_alpha0p3_ref500.json,0.2,8,conv3,4,4,1.0,0.9994944334030151,500
cka_feddst,cifar10,0.9,13,results/logs/multiseed/cifar10/seed_13/splits/cifar10_split_seed13_clients5_alpha0p3_ref500.json,0.2,8,fc1,0,0,1.0,0.9775137901306152,500
cka_feddst,cifar10,0.9,13,results/logs/multiseed/cifar10/seed_13/splits/cifar10_split_seed13_clients5_alpha0p3_ref500.json,0.2,8,fc1,0,1,0.9770902395248413,0.9775137901306152,500
cka_feddst,cifar10,0.9,13,results/logs/multiseed/cifar10/seed_13/splits/cifar10_split_seed13_clients5_alpha0p3_ref500.json,0.2,8,fc1,0,2,0.9791259169578552,0.9775137901306152,500
cka_feddst,cifar10,0.9,13,results/logs/multiseed/cifar10/seed_13/splits/cifar10_split_seed13_clients5_alpha0p3_ref500.json,0.2,8,fc1,0,3,0.9725448489189148,0.9775137901306152,500
cka_feddst,cifar10,0.9,13,results/logs/multiseed/cifar10/seed_13/splits/cifar10_split_seed13_clients5_alpha0p3_ref500.json,0.2,8,fc1,0,4,0.9932698607444763,0.9775137901306152,500
cka_feddst,cifar10,0.9,13,results/logs/multiseed/cifar10/seed_13/splits/cifar10_split_seed13_clients5_alpha0p3_ref500.json,0.2,8,fc1,1,0,0.9770902395248413,0.9775137901306152,500
cka_feddst,cifar10,0.9,13,results/logs/multiseed/cifar10/seed_13/splits/cifar10_split_seed13_clients5_alpha0p3_ref500.json,0.2,8,fc1,1,1,1.0,0.9775137901306152,500
cka_feddst,cifar10,0.9,13,results/logs/multiseed/cifar10/seed_13/splits/cifar10_split_seed13_clients5_alpha0p3_ref500.json,0.2,8,fc1,1,2,0.9539133310317993,0.9775137901306152,500
cka_feddst,cifar10,0.9,13,results/logs/multiseed/cifar10/seed_13/splits/cifar10_split_seed13_clients5_alpha0p3_ref500.json,0.2,8,fc1,1,3,0.997715175151825,0.9775137901306152,500
cka_feddst,cifar10,0.9,13,results/logs/multiseed/cifar10/seed_13/splits/cifar10_split_seed13_clients5_alpha0p3_ref500.json,0.2,8,fc1,1,4,0.9833149313926697,0.9775137901306152,500
cka_feddst,cifar10,0.9,13,results/logs/multiseed/cifar10/seed_13/splits/cifar10_split_seed13_clients5_alpha0p3_ref500.json,0.2,8,fc1,2,0,0.9791259169578552,0.9775137901306152,500
cka_feddst,cifar10,0.9,13,results/logs/multiseed/cifar10/seed_13/splits/cifar10_split_seed13_clients5_alpha0p3_ref500.json,0.2,8,fc1,2,1,0.9539133310317993,0.9775137901306152,500
cka_feddst,cifar10,0.9,13,results/logs/multiseed/cifar10/seed_13/splits/cifar10_split_seed13_clients5_alpha0p3_ref500.json,0.2,8,fc1,2,2,1.0,0.9775137901306152,500
cka_feddst,cifar10,0.9,13,results/logs/multiseed/cifar10/seed_13/splits/cifar10_split_seed13_clients5_alpha0p3_ref500.json,0.2,8,fc1,2,3,0.9592406749725342,0.9775137901306152,500
cka_feddst,cifar10,0.9,13,results/logs/multiseed/cifar10/seed_13/splits/cifar10_split_seed13_clients5_alpha0p3_ref500.json,0.2,8,fc1,2,4,0.9783809781074524,0.9775137901306152,500
cka_feddst,cifar10,0.9,13,results/logs/multiseed/cifar10/seed_13/splits/cifar10_split_seed13_clients5_alpha0p3_ref500.json,0.2,8,fc1,3,0,0.9725448489189148,0.9775137901306152,500
cka_feddst,cifar10,0.9,13,results/logs/multiseed/cifar10/seed_13/splits/cifar10_split_seed13_clients5_alpha0p3_ref500.json,0.2,8,fc1,3,1,0.997715175151825,0.9775137901306152,500
cka_feddst,cifar10,0.9,13,results/logs/multiseed/cifar10/seed_13/splits/cifar10_split_seed13_clients5_alpha0p3_ref500.json,0.2,8,fc1,3,2,0.9592406749725342,0.9775137901306152,500
cka_feddst,cifar10,0.9,13,results/logs/multiseed/cifar10/seed_13/splits/cifar10_split_seed13_clients5_alpha0p3_ref500.json,0.2,8,fc1,3,3,1.0,0.9775137901306152,500
cka_feddst,cifar10,0.9,13,results/logs/multiseed/cifar10/seed_13/splits/cifar10_split_seed13_clients5_alpha0p3_ref500.json,0.2,8,fc1,3,4,0.9805420637130737,0.9775137901306152,500
cka_feddst,cifar10,0.9,13,results/logs/multiseed/cifar10/seed_13/splits/cifar10_split_seed13_clients5_alpha0p3_ref500.json,0.2,8,fc1,4,0,0.9932698607444763,0.9775137901306152,500
cka_feddst,cifar10,0.9,13,results/logs/multiseed/cifar10/seed_13/splits/cifar10_split_seed13_clients5_alpha0p3_ref500.json,0.2,8,fc1,4,1,0.9833149313926697,0.9775137901306152,500
cka_feddst,cifar10,0.9,13,results/logs/multiseed/cifar10/seed_13/splits/cifar10_split_seed13_clients5_alpha0p3_ref500.json,0.2,8,fc1,4,2,0.9783809781074524,0.9775137901306152,500
cka_feddst,cifar10,0.9,13,results/logs/multiseed/cifar10/seed_13/splits/cifar10_split_seed13_clients5_alpha0p3_ref500.json,0.2,8,fc1,4,3,0.9805420637130737,0.9775137901306152,500
cka_feddst,cifar10,0.9,13,results/logs/multiseed/cifar10/seed_13/splits/cifar10_split_seed13_clients5_alpha0p3_ref500.json,0.2,8,fc1,4,4,1.0,0.9775137901306152,500
cka_feddst,cifar10,0.9,13,results/logs/multiseed/cifar10/seed_13/splits/cifar10_split_seed13_clients5_alpha0p3_ref500.json,0.2,10,conv1,0,0,1.0,1.0,500
cka_feddst,cifar10,0.9,13,results/logs/multiseed/cifar10/seed_13/splits/cifar10_split_seed13_clients5_alpha0p3_ref500.json,0.2,10,conv1,0,1,1.0,1.0,500
cka_feddst,cifar10,0.9,13,results/logs/multiseed/cifar10/seed_13/splits/cifar10_split_seed13_clients5_alpha0p3_ref500.json,0.2,10,conv1,0,2,1.0,1.0,500
cka_feddst,cifar10,0.9,13,results/logs/multiseed/cifar10/seed_13/splits/cifar10_split_seed13_clients5_alpha0p3_ref500.json,0.2,10,conv1,0,3,1.0,1.0,500
cka_feddst,cifar10,0.9,13,results/logs/multiseed/cifar10/seed_13/splits/cifar10_split_seed13_clients5_alpha0p3_ref500.json,0.2,10,conv1,0,4,1.0,1.0,500
cka_feddst,cifar10,0.9,13,results/logs/multiseed/cifar10/seed_13/splits/cifar10_split_seed13_clients5_alpha0p3_ref500.json,0.2,10,conv1,1,0,1.0,1.0,500
cka_feddst,cifar10,0.9,13,results/logs/multiseed/cifar10/seed_13/splits/cifar10_split_seed13_clients5_alpha0p3_ref500.json,0.2,10,conv1,1,1,1.0,1.0,500
cka_feddst,cifar10,0.9,13,results/logs/multiseed/cifar10/seed_13/splits/cifar10_split_seed13_clients5_alpha0p3_ref500.json,0.2,10,conv1,1,2,1.0,1.0,500
cka_feddst,cifar10,0.9,13,results/logs/multiseed/cifar10/seed_13/splits/cifar10_split_seed13_clients5_alpha0p3_ref500.json,0.2,10,conv1,1,3,1.0,1.0,500
cka_feddst,cifar10,0.9,13,results/logs/multiseed/cifar10/seed_13/splits/cifar10_split_seed13_clients5_alpha0p3_ref500.json,0.2,10,conv1,1,4,1.0,1.0,500
cka_feddst,cifar10,0.9,13,results/logs/multiseed/cifar10/seed_13/splits/cifar10_split_seed13_clients5_alpha0p3_ref500.json,0.2,10,conv1,2,0,1.0,1.0,500
cka_feddst,cifar10,0.9,13,results/logs/multiseed/cifar10/seed_13/splits/cifar10_split_seed13_clients5_alpha0p3_ref500.json,0.2,10,conv1,2,1,1.0,1.0,500
cka_feddst,cifar10,0.9,13,results/logs/multiseed/cifar10/seed_13/splits/cifar10_split_seed13_clients5_alpha0p3_ref500.json,0.2,10,conv1,2,2,1.0,1.0,500
cka_feddst,cifar10,0.9,13,results/logs/multiseed/cifar10/seed_13/splits/cifar10_split_seed13_clients5_alpha0p3_ref500.json,0.2,10,conv1,2,3,1.0,1.0,500
cka_feddst,cifar10,0.9,13,results/logs/multiseed/cifar10/seed_13/splits/cifar10_split_seed13_clients5_alpha0p3_ref500.json,0.2,10,conv1,2,4,1.0,1.0,500
cka_feddst,cifar10,0.9,13,results/logs/multiseed/cifar10/seed_13/splits/cifar10_split_seed13_clients5_alpha0p3_ref500.json,0.2,10,conv1,3,0,1.0,1.0,500
cka_feddst,cifar10,0.9,13,results/logs/multiseed/cifar10/seed_13/splits/cifar10_split_seed13_clients5_alpha0p3_ref500.json,0.2,10,conv1,3,1,1.0,1.0,500
cka_feddst,cifar10,0.9,13,results/logs/multiseed/cifar10/seed_13/splits/cifar10_split_seed13_clients5_alpha0p3_ref500.json,0.2,10,conv1,3,2,1.0,1.0,500
cka_feddst,cifar10,0.9,13,results/logs/multiseed/cifar10/seed_13/splits/cifar10_split_seed13_clients5_alpha0p3_ref500.json,0.2,10,conv1,3,3,1.0,1.0,500
cka_feddst,cifar10,0.9,13,results/logs/multiseed/cifar10/seed_13/splits/cifar10_split_seed13_clients5_alpha0p3_ref500.json,0.2,10,conv1,3,4,1.0,1.0,500
cka_feddst,cifar10,0.9,13,results/logs/multiseed/cifar10/seed_13/splits/cifar10_split_seed13_clients5_alpha0p3_ref500.json,0.2,10,conv1,4,0,1.0,1.0,500
cka_feddst,cifar10,0.9,13,results/logs/multiseed/cifar10/seed_13/splits/cifar10_split_seed13_clients5_alpha0p3_ref500.json,0.2,10,conv1,4,1,1.0,1.0,500
cka_feddst,cifar10,0.9,13,results/logs/multiseed/cifar10/seed_13/splits/cifar10_split_seed13_clients5_alpha0p3_ref500.json,0.2,10,conv1,4,2,1.0,1.0,500
cka_feddst,cifar10,0.9,13,results/logs/multiseed/cifar10/seed_13/splits/cifar10_split_seed13_clients5_alpha0p3_ref500.json,0.2,10,conv1,4,3,1.0,1.0,500
cka_feddst,cifar10,0.9,13,results/logs/multiseed/cifar10/seed_13/splits/cifar10_split_seed13_clients5_alpha0p3_ref500.json,0.2,10,conv1,4,4,1.0,1.0,500
cka_feddst,cifar10,0.9,13,results/logs/multiseed/cifar10/seed_13/splits/cifar10_split_seed13_clients5_alpha0p3_ref500.json,0.2,10,conv2,0,0,1.0,0.9999995231628418,500
cka_feddst,cifar10,0.9,13,results/logs/multiseed/cifar10/seed_13/splits/cifar10_split_seed13_clients5_alpha0p3_ref500.json,0.2,10,conv2,0,1,1.0,0.9999995231628418,500
cka_feddst,cifar10,0.9,13,results/logs/multiseed/cifar10/seed_13/splits/cifar10_split_seed13_clients5_alpha0p3_ref500.json,0.2,10,conv2,0,2,1.0,0.9999995231628418,500
cka_feddst,cifar10,0.9,13,results/logs/multiseed/cifar10/seed_13/splits/cifar10_split_seed13_clients5_alpha0p3_ref500.json,0.2,10,conv2,0,3,1.0,0.9999995231628418,500
cka_feddst,cifar10,0.9,13,results/logs/multiseed/cifar10/seed_13/splits/cifar10_split_seed13_clients5_alpha0p3_ref500.json,0.2,10,conv2,0,4,0.999998927116394,0.9999995231628418,500
cka_feddst,cifar10,0.9,13,results/logs/multiseed/cifar10/seed_13/splits/cifar10_split_seed13_clients5_alpha0p3_ref500.json,0.2,10,conv2,1,0,1.0,0.9999995231628418,500
cka_feddst,cifar10,0.9,13,results/logs/multiseed/cifar10/seed_13/splits/cifar10_split_seed13_clients5_alpha0p3_ref500.json,0.2,10,conv2,1,1,1.0,0.9999995231628418,500
cka_feddst,cifar10,0.9,13,results/logs/multiseed/cifar10/seed_13/splits/cifar10_split_seed13_clients5_alpha0p3_ref500.json,0.2,10,conv2,1,2,0.9999994039535522,0.9999995231628418,500
cka_feddst,cifar10,0.9,13,results/logs/multiseed/cifar10/seed_13/splits/cifar10_split_seed13_clients5_alpha0p3_ref500.json,0.2,10,conv2,1,3,1.0,0.9999995231628418,500
cka_feddst,cifar10,0.9,13,results/logs/multiseed/cifar10/seed_13/splits/cifar10_split_seed13_clients5_alpha0p3_ref500.json,0.2,10,conv2,1,4,1.0,0.9999995231628418,500
cka_feddst,cifar10,0.9,13,results/logs/multiseed/cifar10/seed_13/splits/cifar10_split_seed13_clients5_alpha0p3_ref500.json,0.2,10,conv2,2,0,1.0,0.9999995231628418,500
cka_feddst,cifar10,0.9,13,results/logs/multiseed/cifar10/seed_13/splits/cifar10_split_seed13_clients5_alpha0p3_ref500.json,0.2,10,conv2,2,1,0.9999994039535522,0.9999995231628418,500
cka_feddst,cifar10,0.9,13,results/logs/multiseed/cifar10/seed_13/splits/cifar10_split_seed13_clients5_alpha0p3_ref500.json,0.2,10,conv2,2,2,1.0,0.9999995231628418,500
cka_feddst,cifar10,0.9,13,results/logs/multiseed/cifar10/seed_13/splits/cifar10_split_seed13_clients5_alpha0p3_ref500.json,0.2,10,conv2,2,3,0.9999997615814209,0.9999995231628418,500
cka_feddst,cifar10,0.9,13,results/logs/multiseed/cifar10/seed_13/splits/cifar10_split_seed13_clients5_alpha0p3_ref500.json,0.2,10,conv2,2,4,0.9999967217445374,0.9999995231628418,500
cka_feddst,cifar10,0.9,13,results/logs/multiseed/cifar10/seed_13/splits/cifar10_split_seed13_clients5_alpha0p3_ref500.json,0.2,10,conv2,3,0,1.0,0.9999995231628418,500
cka_feddst,cifar10,0.9,13,results/logs/multiseed/cifar10/seed_13/splits/cifar10_split_seed13_clients5_alpha0p3_ref500.json,0.2,10,conv2,3,1,1.0,0.9999995231628418,500
cka_feddst,cifar10,0.9,13,results/logs/multiseed/cifar10/seed_13/splits/cifar10_split_seed13_clients5_alpha0p3_ref500.json,0.2,10,conv2,3,2,0.9999997615814209,0.9999995231628418,500
cka_feddst,cifar10,0.9,13,results/logs/multiseed/cifar10/seed_13/splits/cifar10_split_seed13_clients5_alpha0p3_ref500.json,0.2,10,conv2,3,3,1.0,0.9999995231628418,500
cka_feddst,cifar10,0.9,13,results/logs/multiseed/cifar10/seed_13/splits/cifar10_split_seed13_clients5_alpha0p3_ref500.json,0.2,10,conv2,3,4,1.0,0.9999995231628418,500
cka_feddst,cifar10,0.9,13,results/logs/multiseed/cifar10/seed_13/splits/cifar10_split_seed13_clients5_alpha0p3_ref500.json,0.2,10,conv2,4,0,0.999998927116394,0.9999995231628418,500
cka_feddst,cifar10,0.9,13,results/logs/multiseed/cifar10/seed_13/splits/cifar10_split_seed13_clients5_alpha0p3_ref500.json,0.2,10,conv2,4,1,1.0,0.9999995231628418,500
cka_feddst,cifar10,0.9,13,results/logs/multiseed/cifar10/seed_13/splits/cifar10_split_seed13_clients5_alpha0p3_ref500.json,0.2,10,conv2,4,2,0.9999967217445374,0.9999995231628418,500
cka_feddst,cifar10,0.9,13,results/logs/multiseed/cifar10/seed_13/splits/cifar10_split_seed13_clients5_alpha0p3_ref500.json,0.2,10,conv2,4,3,1.0,0.9999995231628418,500
cka_feddst,cifar10,0.9,13,results/logs/multiseed/cifar10/seed_13/splits/cifar10_split_seed13_clients5_alpha0p3_ref500.json,0.2,10,conv2,4,4,1.0,0.9999995231628418,500
cka_feddst,cifar10,0.9,13,results/logs/multiseed/cifar10/seed_13/splits/cifar10_split_seed13_clients5_alpha0p3_ref500.json,0.2,10,conv3,0,0,1.0,0.9999464750289917,500
cka_feddst,cifar10,0.9,13,results/logs/multiseed/cifar10/seed_13/splits/cifar10_split_seed13_clients5_alpha0p3_ref500.json,0.2,10,conv3,0,1,0.9999263286590576,0.9999464750289917,500
cka_feddst,cifar10,0.9,13,results/logs/multiseed/cifar10/seed_13/splits/cifar10_split_seed13_clients5_alpha0p3_ref500.json,0.2,10,conv3,0,2,0.9999817609786987,0.9999464750289917,500
cka_feddst,cifar10,0.9,13,results/logs/multiseed/cifar10/seed_13/splits/cifar10_split_seed13_clients5_alpha0p3_ref500.json,0.2,10,conv3,0,3,0.9998806715011597,0.9999464750289917,500
cka_feddst,cifar10,0.9,13,results/logs/multiseed/cifar10/seed_13/splits/cifar10_split_seed13_clients5_alpha0p3_ref500.json,0.2,10,conv3,0,4,0.9999281167984009,0.9999464750289917,500
cka_feddst,cifar10,0.9,13,results/logs/multiseed/cifar10/seed_13/splits/cifar10_split_seed13_clients5_alpha0p3_ref500.json,0.2,10,conv3,1,0,0.9999263286590576,0.9999464750289917,500
cka_feddst,cifar10,0.9,13,results/logs/multiseed/cifar10/seed_13/splits/cifar10_split_seed13_clients5_alpha0p3_ref500.json,0.2,10,conv3,1,1,1.0,0.9999464750289917,500
cka_feddst,cifar10,0.9,13,results/logs/multiseed/cifar10/seed_13/splits/cifar10_split_seed13_clients5_alpha0p3_ref500.json,0.2,10,conv3,1,2,0.9999480843544006,0.9999464750289917,500
cka_feddst,cifar10,0.9,13,results/logs/multiseed/cifar10/seed_13/splits/cifar10_split_seed13_clients5_alpha0p3_ref500.json,0.2,10,conv3,1,3,0.9999935626983643,0.9999464750289917,500
cka_feddst,cifar10,0.9,13,results/logs/multiseed/cifar10/seed_13/splits/cifar10_split_seed13_clients5_alpha0p3_ref500.json,0.2,10,conv3,1,4,0.9999848008155823,0.9999464750289917,500
cka_feddst,cifar10,0.9,13,results/logs/multiseed/cifar10/seed_13/splits/cifar10_split_seed13_clients5_alpha0p3_ref500.json,0.2,10,conv3,2,0,0.9999817609786987,0.9999464750289917,500
cka_feddst,cifar10,0.9,13,results/logs/multiseed/cifar10/seed_13/splits/cifar10_split_seed13_clients5_alpha0p3_ref500.json,0.2,10,conv3,2,1,0.9999480843544006,0.9999464750289917,500
cka_feddst,cifar10,0.9,13,results/logs/multiseed/cifar10/seed_13/splits/cifar10_split_seed13_clients5_alpha0p3_ref500.json,0.2,10,conv3,2,2,1.0,0.9999464750289917,500
cka_feddst,cifar10,0.9,13,results/logs/multiseed/cifar10/seed_13/splits/cifar10_split_seed13_clients5_alpha0p3_ref500.json,0.2,10,conv3,2,3,0.9999209642410278,0.9999464750289917,500
cka_feddst,cifar10,0.9,13,results/logs/multiseed/cifar10/seed_13/splits/cifar10_split_seed13_clients5_alpha0p3_ref500.json,0.2,10,conv3,2,4,0.9999376535415649,0.9999464750289917,500
cka_feddst,cifar10,0.9,13,results/logs/multiseed/cifar10/seed_13/splits/cifar10_split_seed13_clients5_alpha0p3_ref500.json,0.2,10,conv3,3,0,0.9998806715011597,0.9999464750289917,500
cka_feddst,cifar10,0.9,13,results/logs/multiseed/cifar10/seed_13/splits/cifar10_split_seed13_clients5_alpha0p3_ref500.json,0.2,10,conv3,3,1,0.9999935626983643,0.9999464750289917,500
cka_feddst,cifar10,0.9,13,results/logs/multiseed/cifar10/seed_13/splits/cifar10_split_seed13_clients5_alpha0p3_ref500.json,0.2,10,conv3,3,2,0.9999209642410278,0.9999464750289917,500
cka_feddst,cifar10,0.9,13,results/logs/multiseed/cifar10/seed_13/splits/cifar10_split_seed13_clients5_alpha0p3_ref500.json,0.2,10,conv3,3,3,1.0,0.9999464750289917,500
cka_feddst,cifar10,0.9,13,results/logs/multiseed/cifar10/seed_13/splits/cifar10_split_seed13_clients5_alpha0p3_ref500.json,0.2,10,conv3,3,4,0.9999630451202393,0.9999464750289917,500
cka_feddst,cifar10,0.9,13,results/logs/multiseed/cifar10/seed_13/splits/cifar10_split_seed13_clients5_alpha0p3_ref500.json,0.2,10,conv3,4,0,0.9999281167984009,0.9999464750289917,500
cka_feddst,cifar10,0.9,13,results/logs/multiseed/cifar10/seed_13/splits/cifar10_split_seed13_clients5_alpha0p3_ref500.json,0.2,10,conv3,4,1,0.9999848008155823,0.9999464750289917,500
cka_feddst,cifar10,0.9,13,results/logs/multiseed/cifar10/seed_13/splits/cifar10_split_seed13_clients5_alpha0p3_ref500.json,0.2,10,conv3,4,2,0.9999376535415649,0.9999464750289917,500
cka_feddst,cifar10,0.9,13,results/logs/multiseed/cifar10/seed_13/splits/cifar10_split_seed13_clients5_alpha0p3_ref500.json,0.2,10,conv3,4,3,0.9999630451202393,0.9999464750289917,500
cka_feddst,cifar10,0.9,13,results/logs/multiseed/cifar10/seed_13/splits/cifar10_split_seed13_clients5_alpha0p3_ref500.json,0.2,10,conv3,4,4,1.0,0.9999464750289917,500
cka_feddst,cifar10,0.9,13,results/logs/multiseed/cifar10/seed_13/splits/cifar10_split_seed13_clients5_alpha0p3_ref500.json,0.2,10,fc1,0,0,1.0,0.9926357269287109,500
cka_feddst,cifar10,0.9,13,results/logs/multiseed/cifar10/seed_13/splits/cifar10_split_seed13_clients5_alpha0p3_ref500.json,0.2,10,fc1,0,1,0.9956547617912292,0.9926357269287109,500
cka_feddst,cifar10,0.9,13,results/logs/multiseed/cifar10/seed_13/splits/cifar10_split_seed13_clients5_alpha0p3_ref500.json,0.2,10,fc1,0,2,0.9890733957290649,0.9926357269287109,500
cka_feddst,cifar10,0.9,13,results/logs/multiseed/cifar10/seed_13/splits/cifar10_split_seed13_clients5_alpha0p3_ref500.json,0.2,10,fc1,0,3,0.9944772124290466,0.9926357269287109,500
cka_feddst,cifar10,0.9,13,results/logs/multiseed/cifar10/seed_13/splits/cifar10_split_seed13_clients5_alpha0p3_ref500.json,0.2,10,fc1,0,4,0.9919990301132202,0.9926357269287109,500
cka_feddst,cifar10,0.9,13,results/logs/multiseed/cifar10/seed_13/splits/cifar10_split_seed13_clients5_alpha0p3_ref500.json,0.2,10,fc1,1,0,0.9956547617912292,0.9926357269287109,500
cka_feddst,cifar10,0.9,13,results/logs/multiseed/cifar10/seed_13/splits/cifar10_split_seed13_clients5_alpha0p3_ref500.json,0.2,10,fc1,1,1,1.0,0.9926357269287109,500
cka_feddst,cifar10,0.9,13,results/logs/multiseed/cifar10/seed_13/splits/cifar10_split_seed13_clients5_alpha0p3_ref500.json,0.2,10,fc1,1,2,0.9884297847747803,0.9926357269287109,500
cka_feddst,cifar10,0.9,13,results/logs/multiseed/cifar10/seed_13/splits/cifar10_split_seed13_clients5_alpha0p3_ref500.json,0.2,10,fc1,1,3,0.9987713098526001,0.9926357269287109,500
cka_feddst,cifar10,0.9,13,results/logs/multiseed/cifar10/seed_13/splits/cifar10_split_seed13_clients5_alpha0p3_ref500.json,0.2,10,fc1,1,4,0.9957480430603027,0.9926357269287109,500
cka_feddst,cifar10,0.9,13,results/logs/multiseed/cifar10/seed_13/splits/cifar10_split_seed13_clients5_alpha0p3_ref500.json,0.2,10,fc1,2,0,0.9890733957290649,0.9926357269287109,500
cka_feddst,cifar10,0.9,13,results/logs/multiseed/cifar10/seed_13/splits/cifar10_split_seed13_clients5_alpha0p3_ref500.json,0.2,10,fc1,2,1,0.9884297847747803,0.9926357269287109,500
cka_feddst,cifar10,0.9,13,results/logs/multiseed/cifar10/seed_13/splits/cifar10_split_seed13_clients5_alpha0p3_ref500.json,0.2,10,fc1,2,2,1.0,0.9926357269287109,500
cka_feddst,cifar10,0.9,13,results/logs/multiseed/cifar10/seed_13/splits/cifar10_split_seed13_clients5_alpha0p3_ref500.json,0.2,10,fc1,2,3,0.992506206035614,0.9926357269287109,500
cka_feddst,cifar10,0.9,13,results/logs/multiseed/cifar10/seed_13/splits/cifar10_split_seed13_clients5_alpha0p3_ref500.json,0.2,10,fc1,2,4,0.9851974844932556,0.9926357269287109,500
cka_feddst,cifar10,0.9,13,results/logs/multiseed/cifar10/seed_13/splits/cifar10_split_seed13_clients5_alpha0p3_ref500.json,0.2,10,fc1,3,0,0.9944772124290466,0.9926357269287109,500
cka_feddst,cifar10,0.9,13,results/logs/multiseed/cifar10/seed_13/splits/cifar10_split_seed13_clients5_alpha0p3_ref500.json,0.2,10,fc1,3,1,0.9987713098526001,0.9926357269287109,500
cka_feddst,cifar10,0.9,13,results/logs/multiseed/cifar10/seed_13/splits/cifar10_split_seed13_clients5_alpha0p3_ref500.json,0.2,10,fc1,3,2,0.992506206035614,0.9926357269287109,500
cka_feddst,cifar10,0.9,13,results/logs/multiseed/cifar10/seed_13/splits/cifar10_split_seed13_clients5_alpha0p3_ref500.json,0.2,10,fc1,3,3,1.0,0.9926357269287109,500
cka_feddst,cifar10,0.9,13,results/logs/multiseed/cifar10/seed_13/splits/cifar10_split_seed13_clients5_alpha0p3_ref500.json,0.2,10,fc1,3,4,0.9945002794265747,0.9926357269287109,500
cka_feddst,cifar10,0.9,13,results/logs/multiseed/cifar10/seed_13/splits/cifar10_split_seed13_clients5_alpha0p3_ref500.json,0.2,10,fc1,4,0,0.9919990301132202,0.9926357269287109,500
cka_feddst,cifar10,0.9,13,results/logs/multiseed/cifar10/seed_13/splits/cifar10_split_seed13_clients5_alpha0p3_ref500.json,0.2,10,fc1,4,1,0.9957480430603027,0.9926357269287109,500
cka_feddst,cifar10,0.9,13,results/logs/multiseed/cifar10/seed_13/splits/cifar10_split_seed13_clients5_alpha0p3_ref500.json,0.2,10,fc1,4,2,0.9851974844932556,0.9926357269287109,500
cka_feddst,cifar10,0.9,13,results/logs/multiseed/cifar10/seed_13/splits/cifar10_split_seed13_clients5_alpha0p3_ref500.json,0.2,10,fc1,4,3,0.9945002794265747,0.9926357269287109,500
cka_feddst,cifar10,0.9,13,results/logs/multiseed/cifar10/seed_13/splits/cifar10_split_seed13_clients5_alpha0p3_ref500.json,0.2,10,fc1,4,4,1.0,0.9926357269287109,500
cka_feddst,cifar10,0.9,13,results/logs/multiseed/cifar10/seed_13/splits/cifar10_split_seed13_clients5_alpha0p3_ref500.json,0.2,12,conv1,0,0,1.0,1.0,500
cka_feddst,cifar10,0.9,13,results/logs/multiseed/cifar10/seed_13/splits/cifar10_split_seed13_clients5_alpha0p3_ref500.json,0.2,12,conv1,0,1,1.0,1.0,500
cka_feddst,cifar10,0.9,13,results/logs/multiseed/cifar10/seed_13/splits/cifar10_split_seed13_clients5_alpha0p3_ref500.json,0.2,12,conv1,0,2,1.0,1.0,500
cka_feddst,cifar10,0.9,13,results/logs/multiseed/cifar10/seed_13/splits/cifar10_split_seed13_clients5_alpha0p3_ref500.json,0.2,12,conv1,0,3,1.0,1.0,500
cka_feddst,cifar10,0.9,13,results/logs/multiseed/cifar10/seed_13/splits/cifar10_split_seed13_clients5_alpha0p3_ref500.json,0.2,12,conv1,0,4,1.0,1.0,500
cka_feddst,cifar10,0.9,13,results/logs/multiseed/cifar10/seed_13/splits/cifar10_split_seed13_clients5_alpha0p3_ref500.json,0.2,12,conv1,1,0,1.0,1.0,500
cka_feddst,cifar10,0.9,13,results/logs/multiseed/cifar10/seed_13/splits/cifar10_split_seed13_clients5_alpha0p3_ref500.json,0.2,12,conv1,1,1,1.0,1.0,500
cka_feddst,cifar10,0.9,13,results/logs/multiseed/cifar10/seed_13/splits/cifar10_split_seed13_clients5_alpha0p3_ref500.json,0.2,12,conv1,1,2,1.0,1.0,500
cka_feddst,cifar10,0.9,13,results/logs/multiseed/cifar10/seed_13/splits/cifar10_split_seed13_clients5_alpha0p3_ref500.json,0.2,12,conv1,1,3,1.0,1.0,500
cka_feddst,cifar10,0.9,13,results/logs/multiseed/cifar10/seed_13/splits/cifar10_split_seed13_clients5_alpha0p3_ref500.json,0.2,12,conv1,1,4,1.0,1.0,500
cka_feddst,cifar10,0.9,13,results/logs/multiseed/cifar10/seed_13/splits/cifar10_split_seed13_clients5_alpha0p3_ref500.json,0.2,12,conv1,2,0,1.0,1.0,500
cka_feddst,cifar10,0.9,13,results/logs/multiseed/cifar10/seed_13/splits/cifar10_split_seed13_clients5_alpha0p3_ref500.json,0.2,12,conv1,2,1,1.0,1.0,500
cka_feddst,cifar10,0.9,13,results/logs/multiseed/cifar10/seed_13/splits/cifar10_split_seed13_clients5_alpha0p3_ref500.json,0.2,12,conv1,2,2,1.0,1.0,500
cka_feddst,cifar10,0.9,13,results/logs/multiseed/cifar10/seed_13/splits/cifar10_split_seed13_clients5_alpha0p3_ref500.json,0.2,12,conv1,2,3,1.0,1.0,500
cka_feddst,cifar10,0.9,13,results/logs/multiseed/cifar10/seed_13/splits/cifar10_split_seed13_clients5_alpha0p3_ref500.json,0.2,12,conv1,2,4,1.0,1.0,500
cka_feddst,cifar10,0.9,13,results/logs/multiseed/cifar10/seed_13/splits/cifar10_split_seed13_clients5_alpha0p3_ref500.json,0.2,12,conv1,3,0,1.0,1.0,500
cka_feddst,cifar10,0.9,13,results/logs/multiseed/cifar10/seed_13/splits/cifar10_split_seed13_clients5_alpha0p3_ref500.json,0.2,12,conv1,3,1,1.0,1.0,500
cka_feddst,cifar10,0.9,13,results/logs/multiseed/cifar10/seed_13/splits/cifar10_split_seed13_clients5_alpha0p3_ref500.json,0.2,12,conv1,3,2,1.0,1.0,500
cka_feddst,cifar10,0.9,13,results/logs/multiseed/cifar10/seed_13/splits/cifar10_split_seed13_clients5_alpha0p3_ref500.json,0.2,12,conv1,3,3,1.0,1.0,500
cka_feddst,cifar10,0.9,13,results/logs/multiseed/cifar10/seed_13/splits/cifar10_split_seed13_clients5_alpha0p3_ref500.json,0.2,12,conv1,3,4,1.0,1.0,500
cka_feddst,cifar10,0.9,13,results/logs/multiseed/cifar10/seed_13/splits/cifar10_split_seed13_clients5_alpha0p3_ref500.json,0.2,12,conv1,4,0,1.0,1.0,500
cka_feddst,cifar10,0.9,13,results/logs/multiseed/cifar10/seed_13/splits/cifar10_split_seed13_clients5_alpha0p3_ref500.json,0.2,12,conv1,4,1,1.0,1.0,500
cka_feddst,cifar10,0.9,13,results/logs/multiseed/cifar10/seed_13/splits/cifar10_split_seed13_clients5_alpha0p3_ref500.json,0.2,12,conv1,4,2,1.0,1.0,500
cka_feddst,cifar10,0.9,13,results/logs/multiseed/cifar10/seed_13/splits/cifar10_split_seed13_clients5_alpha0p3_ref500.json,0.2,12,conv1,4,3,1.0,1.0,500
cka_feddst,cifar10,0.9,13,results/logs/multiseed/cifar10/seed_13/splits/cifar10_split_seed13_clients5_alpha0p3_ref500.json,0.2,12,conv1,4,4,1.0,1.0,500
cka_feddst,cifar10,0.9,13,results/logs/multiseed/cifar10/seed_13/splits/cifar10_split_seed13_clients5_alpha0p3_ref500.json,0.2,12,conv2,0,0,1.0,0.9999430775642395,500
cka_feddst,cifar10,0.9,13,results/logs/multiseed/cifar10/seed_13/splits/cifar10_split_seed13_clients5_alpha0p3_ref500.json,0.2,12,conv2,0,1,0.9999865293502808,0.9999430775642395,500
cka_feddst,cifar10,0.9,13,results/logs/multiseed/cifar10/seed_13/splits/cifar10_split_seed13_clients5_alpha0p3_ref500.json,0.2,12,conv2,0,2,0.9999161958694458,0.9999430775642395,500
cka_feddst,cifar10,0.9,13,results/logs/multiseed/cifar10/seed_13/splits/cifar10_split_seed13_clients5_alpha0p3_ref500.json,0.2,12,conv2,0,3,0.9999885559082031,0.9999430775642395,500
cka_feddst,cifar10,0.9,13,results/logs/multiseed/cifar10/seed_13/splits/cifar10_split_seed13_clients5_alpha0p3_ref500.json,0.2,12,conv2,0,4,1.0,0.9999430775642395,500
cka_feddst,cifar10,0.9,13,results/logs/multiseed/cifar10/seed_13/splits/cifar10_split_seed13_clients5_alpha0p3_ref500.json,0.2,12,conv2,1,0,0.9999865293502808,0.9999430775642395,500
cka_feddst,cifar10,0.9,13,results/logs/multiseed/cifar10/seed_13/splits/cifar10_split_seed13_clients5_alpha0p3_ref500.json,0.2,12,conv2,1,1,1.0,0.9999430775642395,500
cka_feddst,cifar10,0.9,13,results/logs/multiseed/cifar10/seed_13/splits/cifar10_split_seed13_clients5_alpha0p3_ref500.json,0.2,12,conv2,1,2,0.9998195171356201,0.9999430775642395,500
cka_feddst,cifar10,0.9,13,results/logs/multiseed/cifar10/seed_13/splits/cifar10_split_seed13_clients5_alpha0p3_ref500.json,0.2,12,conv2,1,3,1.0,0.9999430775642395,500
cka_feddst,cifar10,0.9,13,results/logs/multiseed/cifar10/seed_13/splits/cifar10_split_seed13_clients5_alpha0p3_ref500.json,0.2,12,conv2,1,4,0.9999896287918091,0.9999430775642395,500
cka_feddst,cifar10,0.9,13,results/logs/multiseed/cifar10/seed_13/splits/cifar10_split_seed13_clients5_alpha0p3_ref500.json,0.2,12,conv2,2,0,0.9999161958694458,0.9999430775642395,500
cka_feddst,cifar10,0.9,13,results/logs/multiseed/cifar10/seed_13/splits/cifar10_split_seed13_clients5_alpha0p3_ref500.json,0.2,12,conv2,2,1,0.9998195171356201,0.9999430775642395,500
cka_feddst,cifar10,0.9,13,results/logs/multiseed/cifar10/seed_13/splits/cifar10_split_seed13_clients5_alpha0p3_ref500.json,0.2,12,conv2,2,2,1.0,0.9999430775642395,500
cka_feddst,cifar10,0.9,13,results/logs/multiseed/cifar10/seed_13/splits/cifar10_split_seed13_clients5_alpha0p3_ref500.json,0.2,12,conv2,2,3,0.9998290538787842,0.9999430775642395,500
cka_feddst,cifar10,0.9,13,results/logs/multiseed/cifar10/seed_13/splits/cifar10_split_seed13_clients5_alpha0p3_ref500.json,0.2,12,conv2,2,4,0.9999092221260071,0.9999430775642395,500
cka_feddst,cifar10,0.9,13,results/logs/multiseed/cifar10/seed_13/splits/cifar10_split_seed13_clients5_alpha0p3_ref500.json,0.2,12,conv2,3,0,0.9999885559082031,0.9999430775642395,500
cka_feddst,cifar10,0.9,13,results/logs/multiseed/cifar10/seed_13/splits/cifar10_split_seed13_clients5_alpha0p3_ref500.json,0.2,12,conv2,3,1,1.0,0.9999430775642395,500
cka_feddst,cifar10,0.9,13,results/logs/multiseed/cifar10/seed_13/splits/cifar10_split_seed13_clients5_alpha0p3_ref500.json,0.2,12,conv2,3,2,0.9998290538787842,0.9999430775642395,500
cka_feddst,cifar10,0.9,13,results/logs/multiseed/cifar10/seed_13/splits/cifar10_split_seed13_clients5_alpha0p3_ref500.json,0.2,12,conv2,3,3,1.0,0.9999430775642395,500
cka_feddst,cifar10,0.9,13,results/logs/multiseed/cifar10/seed_13/splits/cifar10_split_seed13_clients5_alpha0p3_ref500.json,0.2,12,conv2,3,4,0.999991774559021,0.9999430775642395,500
cka_feddst,cifar10,0.9,13,results/logs/multiseed/cifar10/seed_13/splits/cifar10_split_seed13_clients5_alpha0p3_ref500.json,0.2,12,conv2,4,0,1.0,0.9999430775642395,500
cka_feddst,cifar10,0.9,13,results/logs/multiseed/cifar10/seed_13/splits/cifar10_split_seed13_clients5_alpha0p3_ref500.json,0.2,12,conv2,4,1,0.9999896287918091,0.9999430775642395,500
cka_feddst,cifar10,0.9,13,results/logs/multiseed/cifar10/seed_13/splits/cifar10_split_seed13_clients5_alpha0p3_ref500.json,0.2,12,conv2,4,2,0.9999092221260071,0.9999430775642395,500
cka_feddst,cifar10,0.9,13,results/logs/multiseed/cifar10/seed_13/splits/cifar10_split_seed13_clients5_alpha0p3_ref500.json,0.2,12,conv2,4,3,0.999991774559021,0.9999430775642395,500
cka_feddst,cifar10,0.9,13,results/logs/multiseed/cifar10/seed_13/splits/cifar10_split_seed13_clients5_alpha0p3_ref500.json,0.2,12,conv2,4,4,1.0,0.9999430775642395,500
cka_feddst,cifar10,0.9,13,results/logs/multiseed/cifar10/seed_13/splits/cifar10_split_seed13_clients5_alpha0p3_ref500.json,0.2,12,conv3,0,0,1.0,0.9984987378120422,500
cka_feddst,cifar10,0.9,13,results/logs/multiseed/cifar10/seed_13/splits/cifar10_split_seed13_clients5_alpha0p3_ref500.json,0.2,12,conv3,0,1,0.9991146922111511,0.9984987378120422,500
cka_feddst,cifar10,0.9,13,results/logs/multiseed/cifar10/seed_13/splits/cifar10_split_seed13_clients5_alpha0p3_ref500.json,0.2,12,conv3,0,2,0.9987146258354187,0.9984987378120422,500
cka_feddst,cifar10,0.9,13,results/logs/multiseed/cifar10/seed_13/splits/cifar10_split_seed13_clients5_alpha0p3_ref500.json,0.2,12,conv3,0,3,0.9989222288131714,0.9984987378120422,500
cka_feddst,cifar10,0.9,13,results/logs/multiseed/cifar10/seed_13/splits/cifar10_split_seed13_clients5_alpha0p3_ref500.json,0.2,12,conv3,0,4,0.9997887015342712,0.9984987378120422,500
cka_feddst,cifar10,0.9,13,results/logs/multiseed/cifar10/seed_13/splits/cifar10_split_seed13_clients5_alpha0p3_ref500.json,0.2,12,conv3,1,0,0.9991146922111511,0.9984987378120422,500
cka_feddst,cifar10,0.9,13,results/logs/multiseed/cifar10/seed_13/splits/cifar10_split_seed13_clients5_alpha0p3_ref500.json,0.2,12,conv3,1,1,1.0,0.9984987378120422,500
cka_feddst,cifar10,0.9,13,results/logs/multiseed/cifar10/seed_13/splits/cifar10_split_seed13_clients5_alpha0p3_ref500.json,0.2,12,conv3,1,2,0.9958630204200745,0.9984987378120422,500
cka_feddst,cifar10,0.9,13,results/logs/multiseed/cifar10/seed_13/splits/cifar10_split_seed13_clients5_alpha0p3_ref500.json,0.2,12,conv3,1,3,0.9999476671218872,0.9984987378120422,500
cka_feddst,cifar10,0.9,13,results/logs/multiseed/cifar10/seed_13/splits/cifar10_split_seed13_clients5_alpha0p3_ref500.json,0.2,12,conv3,1,4,0.9997173547744751,0.9984987378120422,500
cka_feddst,cifar10,0.9,13,results/logs/multiseed/cifar10/seed_13/splits/cifar10_split_seed13_clients5_alpha0p3_ref500.json,0.2,12,conv3,2,0,0.9987146258354187,0.9984987378120422,500
cka_feddst,cifar10,0.9,13,results/logs/multiseed/cifar10/seed_13/splits/cifar10_split_seed13_clients5_alpha0p3_ref500.json,0.2,12,conv3,2,1,0.9958630204200745,0.9984987378120422,500
cka_feddst,cifar10,0.9,13,results/logs/multiseed/cifar10/seed_13/splits/cifar10_split_seed13_clients5_alpha0p3_ref500.json,0.2,12,conv3,2,2,1.0,0.9984987378120422,500
cka_feddst,cifar10,0.9,13,results/logs/multiseed/cifar10/seed_13/splits/cifar10_split_seed13_clients5_alpha0p3_ref500.json,0.2,12,conv3,2,3,0.9956656098365784,0.9984987378120422,500
cka_feddst,cifar10,0.9,13,results/logs/multiseed/cifar10/seed_13/splits/cifar10_split_seed13_clients5_alpha0p3_ref500.json,0.2,12,conv3,2,4,0.9976505041122437,0.9984987378120422,500
cka_feddst,cifar10,0.9,13,results/logs/multiseed/cifar10/seed_13/splits/cifar10_split_seed13_clients5_alpha0p3_ref500.json,0.2,12,conv3,3,0,0.9989222288131714,0.9984987378120422,500
cka_feddst,cifar10,0.9,13,results/logs/multiseed/cifar10/seed_13/splits/cifar10_split_seed13_clients5_alpha0p3_ref500.json,0.2,12,conv3,3,1,0.9999476671218872,0.9984987378120422,500
cka_feddst,cifar10,0.9,13,results/logs/multiseed/cifar10/seed_13/splits/cifar10_split_seed13_clients5_alpha0p3_ref500.json,0.2,12,conv3,3,2,0.9956656098365784,0.9984987378120422,500
cka_feddst,cifar10,0.9,13,results/logs/multiseed/cifar10/seed_13/splits/cifar10_split_seed13_clients5_alpha0p3_ref500.json,0.2,12,conv3,3,3,1.0,0.9984987378120422,500
cka_feddst,cifar10,0.9,13,results/logs/multiseed/cifar10/seed_13/splits/cifar10_split_seed13_clients5_alpha0p3_ref500.json,0.2,12,conv3,3,4,0.9996030926704407,0.9984987378120422,500
cka_feddst,cifar10,0.9,13,results/logs/multiseed/cifar10/seed_13/splits/cifar10_split_seed13_clients5_alpha0p3_ref500.json,0.2,12,conv3,4,0,0.9997887015342712,0.9984987378120422,500
cka_feddst,cifar10,0.9,13,results/logs/multiseed/cifar10/seed_13/splits/cifar10_split_seed13_clients5_alpha0p3_ref500.json,0.2,12,conv3,4,1,0.9997173547744751,0.9984987378120422,500
cka_feddst,cifar10,0.9,13,results/logs/multiseed/cifar10/seed_13/splits/cifar10_split_seed13_clients5_alpha0p3_ref500.json,0.2,12,conv3,4,2,0.9976505041122437,0.9984987378120422,500
cka_feddst,cifar10,0.9,13,results/logs/multiseed/cifar10/seed_13/splits/cifar10_split_seed13_clients5_alpha0p3_ref500.json,0.2,12,conv3,4,3,0.9996030926704407,0.9984987378120422,500
cka_feddst,cifar10,0.9,13,results/logs/multiseed/cifar10/seed_13/splits/cifar10_split_seed13_clients5_alpha0p3_ref500.json,0.2,12,conv3,4,4,1.0,0.9984987378120422,500
cka_feddst,cifar10,0.9,13,results/logs/multiseed/cifar10/seed_13/splits/cifar10_split_seed13_clients5_alpha0p3_ref500.json,0.2,12,fc1,0,0,1.0,0.9737721681594849,500
cka_feddst,cifar10,0.9,13,results/logs/multiseed/cifar10/seed_13/splits/cifar10_split_seed13_clients5_alpha0p3_ref500.json,0.2,12,fc1,0,1,0.9724124670028687,0.9737721681594849,500
cka_feddst,cifar10,0.9,13,results/logs/multiseed/cifar10/seed_13/splits/cifar10_split_seed13_clients5_alpha0p3_ref500.json,0.2,12,fc1,0,2,0.9780871868133545,0.9737721681594849,500
cka_feddst,cifar10,0.9,13,results/logs/multiseed/cifar10/seed_13/splits/cifar10_split_seed13_clients5_alpha0p3_ref500.json,0.2,12,fc1,0,3,0.9607539772987366,0.9737721681594849,500
cka_feddst,cifar10,0.9,13,results/logs/multiseed/cifar10/seed_13/splits/cifar10_split_seed13_clients5_alpha0p3_ref500.json,0.2,12,fc1,0,4,0.9948468208312988,0.9737721681594849,500
cka_feddst,cifar10,0.9,13,results/logs/multiseed/cifar10/seed_13/splits/cifar10_split_seed13_clients5_alpha0p3_ref500.json,0.2,12,fc1,1,0,0.9724124670028687,0.9737721681594849,500
cka_feddst,cifar10,0.9,13,results/logs/multiseed/cifar10/seed_13/splits/cifar10_split_seed13_clients5_alpha0p3_ref500.json,0.2,12,fc1,1,1,1.0,0.9737721681594849,500
cka_feddst,cifar10,0.9,13,results/logs/multiseed/cifar10/seed_13/splits/cifar10_split_seed13_clients5_alpha0p3_ref500.json,0.2,12,fc1,1,2,0.9514740705490112,0.9737721681594849,500
cka_feddst,cifar10,0.9,13,results/logs/multiseed/cifar10/seed_13/splits/cifar10_split_seed13_clients5_alpha0p3_ref500.json,0.2,12,fc1,1,3,0.9960049986839294,0.9737721681594849,500
cka_feddst,cifar10,0.9,13,results/logs/multiseed/cifar10/seed_13/splits/cifar10_split_seed13_clients5_alpha0p3_ref500.json,0.2,12,fc1,1,4,0.9760969281196594,0.9737721681594849,500
cka_feddst,cifar10,0.9,13,results/logs/multiseed/cifar10/seed_13/splits/cifar10_split_seed13_clients5_alpha0p3_ref500.json,0.2,12,fc1,2,0,0.9780871868133545,0.9737721681594849,500
cka_feddst,cifar10,0.9,13,results/logs/multiseed/cifar10/seed_13/splits/cifar10_split_seed13_clients5_alpha0p3_ref500.json,0.2,12,fc1,2,1,0.9514740705490112,0.9737721681594849,500
cka_feddst,cifar10,0.9,13,results/logs/multiseed/cifar10/seed_13/splits/cifar10_split_seed13_clients5_alpha0p3_ref500.json,0.2,12,fc1,2,2,1.0,0.9737721681594849,500
cka_feddst,cifar10,0.9,13,results/logs/multiseed/cifar10/seed_13/splits/cifar10_split_seed13_clients5_alpha0p3_ref500.json,0.2,12,fc1,2,3,0.9541139602661133,0.9737721681594849,500
cka_feddst,cifar10,0.9,13,results/logs/multiseed/cifar10/seed_13/splits/cifar10_split_seed13_clients5_alpha0p3_ref500.json,0.2,12,fc1,2,4,0.9850167632102966,0.9737721681594849,500
cka_feddst,cifar10,0.9,13,results/logs/multiseed/cifar10/seed_13/splits/cifar10_split_seed13_clients5_alpha0p3_ref500.json,0.2,12,fc1,3,0,0.9607539772987366,0.9737721681594849,500
cka_feddst,cifar10,0.9,13,results/logs/multiseed/cifar10/seed_13/splits/cifar10_split_seed13_clients5_alpha0p3_ref500.json,0.2,12,fc1,3,1,0.9960049986839294,0.9737721681594849,500
cka_feddst,cifar10,0.9,13,results/logs/multiseed/cifar10/seed_13/splits/cifar10_split_seed13_clients5_alpha0p3_ref500.json,0.2,12,fc1,3,2,0.9541139602661133,0.9737721681594849,500
cka_feddst,cifar10,0.9,13,results/logs/multiseed/cifar10/seed_13/splits/cifar10_split_seed13_clients5_alpha0p3_ref500.json,0.2,12,fc1,3,3,1.0,0.9737721681594849,500
cka_feddst,cifar10,0.9,13,results/logs/multiseed/cifar10/seed_13/splits/cifar10_split_seed13_clients5_alpha0p3_ref500.json,0.2,12,fc1,3,4,0.9689135551452637,0.9737721681594849,500
cka_feddst,cifar10,0.9,13,results/logs/multiseed/cifar10/seed_13/splits/cifar10_split_seed13_clients5_alpha0p3_ref500.json,0.2,12,fc1,4,0,0.9948468208312988,0.9737721681594849,500
cka_feddst,cifar10,0.9,13,results/logs/multiseed/cifar10/seed_13/splits/cifar10_split_seed13_clients5_alpha0p3_ref500.json,0.2,12,fc1,4,1,0.9760969281196594,0.9737721681594849,500
cka_feddst,cifar10,0.9,13,results/logs/multiseed/cifar10/seed_13/splits/cifar10_split_seed13_clients5_alpha0p3_ref500.json,0.2,12,fc1,4,2,0.9850167632102966,0.9737721681594849,500
cka_feddst,cifar10,0.9,13,results/logs/multiseed/cifar10/seed_13/splits/cifar10_split_seed13_clients5_alpha0p3_ref500.json,0.2,12,fc1,4,3,0.9689135551452637,0.9737721681594849,500
cka_feddst,cifar10,0.9,13,results/logs/multiseed/cifar10/seed_13/splits/cifar10_split_seed13_clients5_alpha0p3_ref500.json,0.2,12,fc1,4,4,1.0,0.9737721681594849,500
cka_feddst,cifar10,0.9,13,results/logs/multiseed/cifar10/seed_13/splits/cifar10_split_seed13_clients5_alpha0p3_ref500.json,0.2,14,conv1,0,0,1.0,1.0,500
cka_feddst,cifar10,0.9,13,results/logs/multiseed/cifar10/seed_13/splits/cifar10_split_seed13_clients5_alpha0p3_ref500.json,0.2,14,conv1,0,1,1.0,1.0,500
cka_feddst,cifar10,0.9,13,results/logs/multiseed/cifar10/seed_13/splits/cifar10_split_seed13_clients5_alpha0p3_ref500.json,0.2,14,conv1,0,2,1.0,1.0,500
cka_feddst,cifar10,0.9,13,results/logs/multiseed/cifar10/seed_13/splits/cifar10_split_seed13_clients5_alpha0p3_ref500.json,0.2,14,conv1,0,3,1.0,1.0,500
cka_feddst,cifar10,0.9,13,results/logs/multiseed/cifar10/seed_13/splits/cifar10_split_seed13_clients5_alpha0p3_ref500.json,0.2,14,conv1,0,4,1.0,1.0,500
cka_feddst,cifar10,0.9,13,results/logs/multiseed/cifar10/seed_13/splits/cifar10_split_seed13_clients5_alpha0p3_ref500.json,0.2,14,conv1,1,0,1.0,1.0,500
cka_feddst,cifar10,0.9,13,results/logs/multiseed/cifar10/seed_13/splits/cifar10_split_seed13_clients5_alpha0p3_ref500.json,0.2,14,conv1,1,1,1.0,1.0,500
cka_feddst,cifar10,0.9,13,results/logs/multiseed/cifar10/seed_13/splits/cifar10_split_seed13_clients5_alpha0p3_ref500.json,0.2,14,conv1,1,2,1.0,1.0,500
cka_feddst,cifar10,0.9,13,results/logs/multiseed/cifar10/seed_13/splits/cifar10_split_seed13_clients5_alpha0p3_ref500.json,0.2,14,conv1,1,3,1.0,1.0,500
cka_feddst,cifar10,0.9,13,results/logs/multiseed/cifar10/seed_13/splits/cifar10_split_seed13_clients5_alpha0p3_ref500.json,0.2,14,conv1,1,4,1.0,1.0,500
cka_feddst,cifar10,0.9,13,results/logs/multiseed/cifar10/seed_13/splits/cifar10_split_seed13_clients5_alpha0p3_ref500.json,0.2,14,conv1,2,0,1.0,1.0,500
cka_feddst,cifar10,0.9,13,results/logs/multiseed/cifar10/seed_13/splits/cifar10_split_seed13_clients5_alpha0p3_ref500.json,0.2,14,conv1,2,1,1.0,1.0,500
cka_feddst,cifar10,0.9,13,results/logs/multiseed/cifar10/seed_13/splits/cifar10_split_seed13_clients5_alpha0p3_ref500.json,0.2,14,conv1,2,2,1.0,1.0,500
cka_feddst,cifar10,0.9,13,results/logs/multiseed/cifar10/seed_13/splits/cifar10_split_seed13_clients5_alpha0p3_ref500.json,0.2,14,conv1,2,3,1.0,1.0,500
cka_feddst,cifar10,0.9,13,results/logs/multiseed/cifar10/seed_13/splits/cifar10_split_seed13_clients5_alpha0p3_ref500.json,0.2,14,conv1,2,4,1.0,1.0,500
cka_feddst,cifar10,0.9,13,results/logs/multiseed/cifar10/seed_13/splits/cifar10_split_seed13_clients5_alpha0p3_ref500.json,0.2,14,conv1,3,0,1.0,1.0,500
cka_feddst,cifar10,0.9,13,results/logs/multiseed/cifar10/seed_13/splits/cifar10_split_seed13_clients5_alpha0p3_ref500.json,0.2,14,conv1,3,1,1.0,1.0,500
cka_feddst,cifar10,0.9,13,results/logs/multiseed/cifar10/seed_13/splits/cifar10_split_seed13_clients5_alpha0p3_ref500.json,0.2,14,conv1,3,2,1.0,1.0,500
cka_feddst,cifar10,0.9,13,results/logs/multiseed/cifar10/seed_13/splits/cifar10_split_seed13_clients5_alpha0p3_ref500.json,0.2,14,conv1,3,3,1.0,1.0,500
cka_feddst,cifar10,0.9,13,results/logs/multiseed/cifar10/seed_13/splits/cifar10_split_seed13_clients5_alpha0p3_ref500.json,0.2,14,conv1,3,4,1.0,1.0,500
cka_feddst,cifar10,0.9,13,results/logs/multiseed/cifar10/seed_13/splits/cifar10_split_seed13_clients5_alpha0p3_ref500.json,0.2,14,conv1,4,0,1.0,1.0,500
cka_feddst,cifar10,0.9,13,results/logs/multiseed/cifar10/seed_13/splits/cifar10_split_seed13_clients5_alpha0p3_ref500.json,0.2,14,conv1,4,1,1.0,1.0,500
cka_feddst,cifar10,0.9,13,results/logs/multiseed/cifar10/seed_13/splits/cifar10_split_seed13_clients5_alpha0p3_ref500.json,0.2,14,conv1,4,2,1.0,1.0,500
cka_feddst,cifar10,0.9,13,results/logs/multiseed/cifar10/seed_13/splits/cifar10_split_seed13_clients5_alpha0p3_ref500.json,0.2,14,conv1,4,3,1.0,1.0,500
cka_feddst,cifar10,0.9,13,results/logs/multiseed/cifar10/seed_13/splits/cifar10_split_seed13_clients5_alpha0p3_ref500.json,0.2,14,conv1,4,4,1.0,1.0,500
cka_feddst,cifar10,0.9,13,results/logs/multiseed/cifar10/seed_13/splits/cifar10_split_seed13_clients5_alpha0p3_ref500.json,0.2,14,conv2,0,0,1.0,0.999994158744812,500
cka_feddst,cifar10,0.9,13,results/logs/multiseed/cifar10/seed_13/splits/cifar10_split_seed13_clients5_alpha0p3_ref500.json,0.2,14,conv2,0,1,0.9999894499778748,0.999994158744812,500
cka_feddst,cifar10,0.9,13,results/logs/multiseed/cifar10/seed_13/splits/cifar10_split_seed13_clients5_alpha0p3_ref500.json,0.2,14,conv2,0,2,1.0,0.999994158744812,500
cka_feddst,cifar10,0.9,13,results/logs/multiseed/cifar10/seed_13/splits/cifar10_split_seed13_clients5_alpha0p3_ref500.json,0.2,14,conv2,0,3,0.999987006187439,0.999994158744812,500
cka_feddst,cifar10,0.9,13,results/logs/multiseed/cifar10/seed_13/splits/cifar10_split_seed13_clients5_alpha0p3_ref500.json,0.2,14,conv2,0,4,0.9999943375587463,0.999994158744812,500
cka_feddst,cifar10,0.9,13,results/logs/multiseed/cifar10/seed_13/splits/cifar10_split_seed13_clients5_alpha0p3_ref500.json,0.2,14,conv2,1,0,0.9999894499778748,0.999994158744812,500
cka_feddst,cifar10,0.9,13,results/logs/multiseed/cifar10/seed_13/splits/cifar10_split_seed13_clients5_alpha0p3_ref500.json,0.2,14,conv2,1,1,1.0,0.999994158744812,500
cka_feddst,cifar10,0.9,13,results/logs/multiseed/cifar10/seed_13/splits/cifar10_split_seed13_clients5_alpha0p3_ref500.json,0.2,14,conv2,1,2,0.999989926815033,0.999994158744812,500
cka_feddst,cifar10,0.9,13,results/logs/multiseed/cifar10/seed_13/splits/cifar10_split_seed13_clients5_alpha0p3_ref500.json,0.2,14,conv2,1,3,1.0,0.999994158744812,500
cka_feddst,cifar10,0.9,13,results/logs/multiseed/cifar10/seed_13/splits/cifar10_split_seed13_clients5_alpha0p3_ref500.json,0.2,14,conv2,1,4,1.0,0.999994158744812,500
cka_feddst,cifar10,0.9,13,results/logs/multiseed/cifar10/seed_13/splits/cifar10_split_seed13_clients5_alpha0p3_ref500.json,0.2,14,conv2,2,0,1.0,0.999994158744812,500
cka_feddst,cifar10,0.9,13,results/logs/multiseed/cifar10/seed_13/splits/cifar10_split_seed13_clients5_alpha0p3_ref500.json,0.2,14,conv2,2,1,0.999989926815033,0.999994158744812,500
cka_feddst,cifar10,0.9,13,results/logs/multiseed/cifar10/seed_13/splits/cifar10_split_seed13_clients5_alpha0p3_ref500.json,0.2,14,conv2,2,2,1.0,0.999994158744812,500
cka_feddst,cifar10,0.9,13,results/logs/multiseed/cifar10/seed_13/splits/cifar10_split_seed13_clients5_alpha0p3_ref500.json,0.2,14,conv2,2,3,0.9999877214431763,0.999994158744812,500
cka_feddst,cifar10,0.9,13,results/logs/multiseed/cifar10/seed_13/splits/cifar10_split_seed13_clients5_alpha0p3_ref500.json,0.2,14,conv2,2,4,0.9999939799308777,0.999994158744812,500
cka_feddst,cifar10,0.9,13,results/logs/multiseed/cifar10/seed_13/splits/cifar10_split_seed13_clients5_alpha0p3_ref500.json,0.2,14,conv2,3,0,0.999987006187439,0.999994158744812,500
cka_feddst,cifar10,0.9,13,results/logs/multiseed/cifar10/seed_13/splits/cifar10_split_seed13_clients5_alpha0p3_ref500.json,0.2,14,conv2,3,1,1.0,0.999994158744812,500
cka_feddst,cifar10,0.9,13,results/logs/multiseed/cifar10/seed_13/splits/cifar10_split_seed13_clients5_alpha0p3_ref500.json,0.2,14,conv2,3,2,0.9999877214431763,0.999994158744812,500
cka_feddst,cifar10,0.9,13,results/logs/multiseed/cifar10/seed_13/splits/cifar10_split_seed13_clients5_alpha0p3_ref500.json,0.2,14,conv2,3,3,1.0,0.999994158744812,500
cka_feddst,cifar10,0.9,13,results/logs/multiseed/cifar10/seed_13/splits/cifar10_split_seed13_clients5_alpha0p3_ref500.json,0.2,14,conv2,3,4,1.0,0.999994158744812,500
cka_feddst,cifar10,0.9,13,results/logs/multiseed/cifar10/seed_13/splits/cifar10_split_seed13_clients5_alpha0p3_ref500.json,0.2,14,conv2,4,0,0.9999943375587463,0.999994158744812,500
cka_feddst,cifar10,0.9,13,results/logs/multiseed/cifar10/seed_13/splits/cifar10_split_seed13_clients5_alpha0p3_ref500.json,0.2,14,conv2,4,1,1.0,0.999994158744812,500
cka_feddst,cifar10,0.9,13,results/logs/multiseed/cifar10/seed_13/splits/cifar10_split_seed13_clients5_alpha0p3_ref500.json,0.2,14,conv2,4,2,0.9999939799308777,0.999994158744812,500
cka_feddst,cifar10,0.9,13,results/logs/multiseed/cifar10/seed_13/splits/cifar10_split_seed13_clients5_alpha0p3_ref500.json,0.2,14,conv2,4,3,1.0,0.999994158744812,500
cka_feddst,cifar10,0.9,13,results/logs/multiseed/cifar10/seed_13/splits/cifar10_split_seed13_clients5_alpha0p3_ref500.json,0.2,14,conv2,4,4,1.0,0.999994158744812,500
cka_feddst,cifar10,0.9,13,results/logs/multiseed/cifar10/seed_13/splits/cifar10_split_seed13_clients5_alpha0p3_ref500.json,0.2,14,conv3,0,0,1.0,0.9998461008071899,500
cka_feddst,cifar10,0.9,13,results/logs/multiseed/cifar10/seed_13/splits/cifar10_split_seed13_clients5_alpha0p3_ref500.json,0.2,14,conv3,0,1,0.9997082948684692,0.9998461008071899,500
cka_feddst,cifar10,0.9,13,results/logs/multiseed/cifar10/seed_13/splits/cifar10_split_seed13_clients5_alpha0p3_ref500.json,0.2,14,conv3,0,2,0.9999479055404663,0.9998461008071899,500
cka_feddst,cifar10,0.9,13,results/logs/multiseed/cifar10/seed_13/splits/cifar10_split_seed13_clients5_alpha0p3_ref500.json,0.2,14,conv3,0,3,0.9995704889297485,0.9998461008071899,500
cka_feddst,cifar10,0.9,13,results/logs/multiseed/cifar10/seed_13/splits/cifar10_split_seed13_clients5_alpha0p3_ref500.json,0.2,14,conv3,0,4,0.9998213648796082,0.9998461008071899,500
cka_feddst,cifar10,0.9,13,results/logs/multiseed/cifar10/seed_13/splits/cifar10_split_seed13_clients5_alpha0p3_ref500.json,0.2,14,conv3,1,0,0.9997082948684692,0.9998461008071899,500
cka_feddst,cifar10,0.9,13,results/logs/multiseed/cifar10/seed_13/splits/cifar10_split_seed13_clients5_alpha0p3_ref500.json,0.2,14,conv3,1,1,1.0,0.9998461008071899,500
cka_feddst,cifar10,0.9,13,results/logs/multiseed/cifar10/seed_13/splits/cifar10_split_seed13_clients5_alpha0p3_ref500.json,0.2,14,conv3,1,2,0.9998503923416138,0.9998461008071899,500
cka_feddst,cifar10,0.9,13,results/logs/multiseed/cifar10/seed_13/splits/cifar10_split_seed13_clients5_alpha0p3_ref500.json,0.2,14,conv3,1,3,0.9999873638153076,0.9998461008071899,500
cka_feddst,cifar10,0.9,13,results/logs/multiseed/cifar10/seed_13/splits/cifar10_split_seed13_clients5_alpha0p3_ref500.json,0.2,14,conv3,1,4,0.9999729990959167,0.9998461008071899,500
cka_feddst,cifar10,0.9,13,results/logs/multiseed/cifar10/seed_13/splits/cifar10_split_seed13_clients5_alpha0p3_ref500.json,0.2,14,conv3,2,0,0.9999479055404663,0.9998461008071899,500
cka_feddst,cifar10,0.9,13,results/logs/multiseed/cifar10/seed_13/splits/cifar10_split_seed13_clients5_alpha0p3_ref500.json,0.2,14,conv3,2,1,0.9998503923416138,0.9998461008071899,500
cka_feddst,cifar10,0.9,13,results/logs/multiseed/cifar10/seed_13/splits/cifar10_split_seed13_clients5_alpha0p3_ref500.json,0.2,14,conv3,2,2,1.0,0.9998461008071899,500
cka_feddst,cifar10,0.9,13,results/logs/multiseed/cifar10/seed_13/splits/cifar10_split_seed13_clients5_alpha0p3_ref500.json,0.2,14,conv3,2,3,0.9997590184211731,0.9998461008071899,500
cka_feddst,cifar10,0.9,13,results/logs/multiseed/cifar10/seed_13/splits/cifar10_split_seed13_clients5_alpha0p3_ref500.json,0.2,14,conv3,2,4,0.9999229311943054,0.9998461008071899,500
cka_feddst,cifar10,0.9,13,results/logs/multiseed/cifar10/seed_13/splits/cifar10_split_seed13_clients5_alpha0p3_ref500.json,0.2,14,conv3,3,0,0.9995704889297485,0.9998461008071899,500
cka_feddst,cifar10,0.9,13,results/logs/multiseed/cifar10/seed_13/splits/cifar10_split_seed13_clients5_alpha0p3_ref500.json,0.2,14,conv3,3,1,0.9999873638153076,0.9998461008071899,500
cka_feddst,cifar10,0.9,13,results/logs/multiseed/cifar10/seed_13/splits/cifar10_split_seed13_clients5_alpha0p3_ref500.json,0.2,14,conv3,3,2,0.9997590184211731,0.9998461008071899,500
cka_feddst,cifar10,0.9,13,results/logs/multiseed/cifar10/seed_13/splits/cifar10_split_seed13_clients5_alpha0p3_ref500.json,0.2,14,conv3,3,3,1.0,0.9998461008071899,500
cka_feddst,cifar10,0.9,13,results/logs/multiseed/cifar10/seed_13/splits/cifar10_split_seed13_clients5_alpha0p3_ref500.json,0.2,14,conv3,3,4,0.9999204277992249,0.9998461008071899,500
cka_feddst,cifar10,0.9,13,results/logs/multiseed/cifar10/seed_13/splits/cifar10_split_seed13_clients5_alpha0p3_ref500.json,0.2,14,conv3,4,0,0.9998213648796082,0.9998461008071899,500
cka_feddst,cifar10,0.9,13,results/logs/multiseed/cifar10/seed_13/splits/cifar10_split_seed13_clients5_alpha0p3_ref500.json,0.2,14,conv3,4,1,0.9999729990959167,0.9998461008071899,500
cka_feddst,cifar10,0.9,13,results/logs/multiseed/cifar10/seed_13/splits/cifar10_split_seed13_clients5_alpha0p3_ref500.json,0.2,14,conv3,4,2,0.9999229311943054,0.9998461008071899,500
cka_feddst,cifar10,0.9,13,results/logs/multiseed/cifar10/seed_13/splits/cifar10_split_seed13_clients5_alpha0p3_ref500.json,0.2,14,conv3,4,3,0.9999204277992249,0.9998461008071899,500
cka_feddst,cifar10,0.9,13,results/logs/multiseed/cifar10/seed_13/splits/cifar10_split_seed13_clients5_alpha0p3_ref500.json,0.2,14,conv3,4,4,1.0,0.9998461008071899,500
cka_feddst,cifar10,0.9,13,results/logs/multiseed/cifar10/seed_13/splits/cifar10_split_seed13_clients5_alpha0p3_ref500.json,0.2,14,fc1,0,0,1.0,0.9837027788162231,500
cka_feddst,cifar10,0.9,13,results/logs/multiseed/cifar10/seed_13/splits/cifar10_split_seed13_clients5_alpha0p3_ref500.json,0.2,14,fc1,0,1,0.985669732093811,0.9837027788162231,500
cka_feddst,cifar10,0.9,13,results/logs/multiseed/cifar10/seed_13/splits/cifar10_split_seed13_clients5_alpha0p3_ref500.json,0.2,14,fc1,0,2,0.9664291739463806,0.9837027788162231,500
cka_feddst,cifar10,0.9,13,results/logs/multiseed/cifar10/seed_13/splits/cifar10_split_seed13_clients5_alpha0p3_ref500.json,0.2,14,fc1,0,3,0.9745734930038452,0.9837027788162231,500
cka_feddst,cifar10,0.9,13,results/logs/multiseed/cifar10/seed_13/splits/cifar10_split_seed13_clients5_alpha0p3_ref500.json,0.2,14,fc1,0,4,0.9905331134796143,0.9837027788162231,500
cka_feddst,cifar10,0.9,13,results/logs/multiseed/cifar10/seed_13/splits/cifar10_split_seed13_clients5_alpha0p3_ref500.json,0.2,14,fc1,1,0,0.985669732093811,0.9837027788162231,500
cka_feddst,cifar10,0.9,13,results/logs/multiseed/cifar10/seed_13/splits/cifar10_split_seed13_clients5_alpha0p3_ref500.json,0.2,14,fc1,1,1,1.0,0.9837027788162231,500
cka_feddst,cifar10,0.9,13,results/logs/multiseed/cifar10/seed_13/splits/cifar10_split_seed13_clients5_alpha0p3_ref500.json,0.2,14,fc1,1,2,0.9789754748344421,0.9837027788162231,500
cka_feddst,cifar10,0.9,13,results/logs/multiseed/cifar10/seed_13/splits/cifar10_split_seed13_clients5_alpha0p3_ref500.json,0.2,14,fc1,1,3,0.9964661002159119,0.9837027788162231,500
cka_feddst,cifar10,0.9,13,results/logs/multiseed/cifar10/seed_13/splits/cifar10_split_seed13_clients5_alpha0p3_ref500.json,0.2,14,fc1,1,4,0.9939599633216858,0.9837027788162231,500
cka_feddst,cifar10,0.9,13,results/logs/multiseed/cifar10/seed_13/splits/cifar10_split_seed13_clients5_alpha0p3_ref500.json,0.2,14,fc1,2,0,0.9664291739463806,0.9837027788162231,500
cka_feddst,cifar10,0.9,13,results/logs/multiseed/cifar10/seed_13/splits/cifar10_split_seed13_clients5_alpha0p3_ref500.json,0.2,14,fc1,2,1,0.9789754748344421,0.9837027788162231,500
cka_feddst,cifar10,0.9,13,results/logs/multiseed/cifar10/seed_13/splits/cifar10_split_seed13_clients5_alpha0p3_ref500.json,0.2,14,fc1,2,2,1.0,0.9837027788162231,500
cka_feddst,cifar10,0.9,13,results/logs/multiseed/cifar10/seed_13/splits/cifar10_split_seed13_clients5_alpha0p3_ref500.json,0.2,14,fc1,2,3,0.9875431656837463,0.9837027788162231,500
cka_feddst,cifar10,0.9,13,results/logs/multiseed/cifar10/seed_13/splits/cifar10_split_seed13_clients5_alpha0p3_ref500.json,0.2,14,fc1,2,4,0.9754813313484192,0.9837027788162231,500
cka_feddst,cifar10,0.9,13,results/logs/multiseed/cifar10/seed_13/splits/cifar10_split_seed13_clients5_alpha0p3_ref500.json,0.2,14,fc1,3,0,0.9745734930038452,0.9837027788162231,500
cka_feddst,cifar10,0.9,13,results/logs/multiseed/cifar10/seed_13/splits/cifar10_split_seed13_clients5_alpha0p3_ref500.json,0.2,14,fc1,3,1,0.9964661002159119,0.9837027788162231,500
cka_feddst,cifar10,0.9,13,results/logs/multiseed/cifar10/seed_13/splits/cifar10_split_seed13_clients5_alpha0p3_ref500.json,0.2,14,fc1,3,2,0.9875431656837463,0.9837027788162231,500
cka_feddst,cifar10,0.9,13,results/logs/multiseed/cifar10/seed_13/splits/cifar10_split_seed13_clients5_alpha0p3_ref500.json,0.2,14,fc1,3,3,1.0,0.9837027788162231,500
cka_feddst,cifar10,0.9,13,results/logs/multiseed/cifar10/seed_13/splits/cifar10_split_seed13_clients5_alpha0p3_ref500.json,0.2,14,fc1,3,4,0.9873961806297302,0.9837027788162231,500
cka_feddst,cifar10,0.9,13,results/logs/multiseed/cifar10/seed_13/splits/cifar10_split_seed13_clients5_alpha0p3_ref500.json,0.2,14,fc1,4,0,0.9905331134796143,0.9837027788162231,500
cka_feddst,cifar10,0.9,13,results/logs/multiseed/cifar10/seed_13/splits/cifar10_split_seed13_clients5_alpha0p3_ref500.json,0.2,14,fc1,4,1,0.9939599633216858,0.9837027788162231,500
cka_feddst,cifar10,0.9,13,results/logs/multiseed/cifar10/seed_13/splits/cifar10_split_seed13_clients5_alpha0p3_ref500.json,0.2,14,fc1,4,2,0.9754813313484192,0.9837027788162231,500
cka_feddst,cifar10,0.9,13,results/logs/multiseed/cifar10/seed_13/splits/cifar10_split_seed13_clients5_alpha0p3_ref500.json,0.2,14,fc1,4,3,0.9873961806297302,0.9837027788162231,500
cka_feddst,cifar10,0.9,13,results/logs/multiseed/cifar10/seed_13/splits/cifar10_split_seed13_clients5_alpha0p3_ref500.json,0.2,14,fc1,4,4,1.0,0.9837027788162231,500
cka_feddst,cifar10,0.9,13,results/logs/multiseed/cifar10/seed_13/splits/cifar10_split_seed13_clients5_alpha0p3_ref500.json,0.2,16,conv1,0,0,1.0,0.9999969601631165,500
cka_feddst,cifar10,0.9,13,results/logs/multiseed/cifar10/seed_13/splits/cifar10_split_seed13_clients5_alpha0p3_ref500.json,0.2,16,conv1,0,1,1.0,0.9999969601631165,500
cka_feddst,cifar10,0.9,13,results/logs/multiseed/cifar10/seed_13/splits/cifar10_split_seed13_clients5_alpha0p3_ref500.json,0.2,16,conv1,0,2,0.9999919533729553,0.9999969601631165,500
cka_feddst,cifar10,0.9,13,results/logs/multiseed/cifar10/seed_13/splits/cifar10_split_seed13_clients5_alpha0p3_ref500.json,0.2,16,conv1,0,3,1.0,0.9999969601631165,500
cka_feddst,cifar10,0.9,13,results/logs/multiseed/cifar10/seed_13/splits/cifar10_split_seed13_clients5_alpha0p3_ref500.json,0.2,16,conv1,0,4,1.0,0.9999969601631165,500
cka_feddst,cifar10,0.9,13,results/logs/multiseed/cifar10/seed_13/splits/cifar10_split_seed13_clients5_alpha0p3_ref500.json,0.2,16,conv1,1,0,1.0,0.9999969601631165,500
cka_feddst,cifar10,0.9,13,results/logs/multiseed/cifar10/seed_13/splits/cifar10_split_seed13_clients5_alpha0p3_ref500.json,0.2,16,conv1,1,1,1.0,0.9999969601631165,500
cka_feddst,cifar10,0.9,13,results/logs/multiseed/cifar10/seed_13/splits/cifar10_split_seed13_clients5_alpha0p3_ref500.json,0.2,16,conv1,1,2,0.9999916553497314,0.9999969601631165,500
cka_feddst,cifar10,0.9,13,results/logs/multiseed/cifar10/seed_13/splits/cifar10_split_seed13_clients5_alpha0p3_ref500.json,0.2,16,conv1,1,3,1.0,0.9999969601631165,500
cka_feddst,cifar10,0.9,13,results/logs/multiseed/cifar10/seed_13/splits/cifar10_split_seed13_clients5_alpha0p3_ref500.json,0.2,16,conv1,1,4,1.0,0.9999969601631165,500
cka_feddst,cifar10,0.9,13,results/logs/multiseed/cifar10/seed_13/splits/cifar10_split_seed13_clients5_alpha0p3_ref500.json,0.2,16,conv1,2,0,0.9999919533729553,0.9999969601631165,500
cka_feddst,cifar10,0.9,13,results/logs/multiseed/cifar10/seed_13/splits/cifar10_split_seed13_clients5_alpha0p3_ref500.json,0.2,16,conv1,2,1,0.9999916553497314,0.9999969601631165,500
cka_feddst,cifar10,0.9,13,results/logs/multiseed/cifar10/seed_13/splits/cifar10_split_seed13_clients5_alpha0p3_ref500.json,0.2,16,conv1,2,2,1.0,0.9999969601631165,500
cka_feddst,cifar10,0.9,13,results/logs/multiseed/cifar10/seed_13/splits/cifar10_split_seed13_clients5_alpha0p3_ref500.json,0.2,16,conv1,2,3,0.9999918937683105,0.9999969601631165,500
cka_feddst,cifar10,0.9,13,results/logs/multiseed/cifar10/seed_13/splits/cifar10_split_seed13_clients5_alpha0p3_ref500.json,0.2,16,conv1,2,4,0.9999946355819702,0.9999969601631165,500
cka_feddst,cifar10,0.9,13,results/logs/multiseed/cifar10/seed_13/splits/cifar10_split_seed13_clients5_alpha0p3_ref500.json,0.2,16,conv1,3,0,1.0,0.9999969601631165,500
cka_feddst,cifar10,0.9,13,results/logs/multiseed/cifar10/seed_13/splits/cifar10_split_seed13_clients5_alpha0p3_ref500.json,0.2,16,conv1,3,1,1.0,0.9999969601631165,500
cka_feddst,cifar10,0.9,13,results/logs/multiseed/cifar10/seed_13/splits/cifar10_split_seed13_clients5_alpha0p3_ref500.json,0.2,16,conv1,3,2,0.9999918937683105,0.9999969601631165,500
cka_feddst,cifar10,0.9,13,results/logs/multiseed/cifar10/seed_13/splits/cifar10_split_seed13_clients5_alpha0p3_ref500.json,0.2,16,conv1,3,3,1.0,0.9999969601631165,500
cka_feddst,cifar10,0.9,13,results/logs/multiseed/cifar10/seed_13/splits/cifar10_split_seed13_clients5_alpha0p3_ref500.json,0.2,16,conv1,3,4,1.0,0.9999969601631165,500
cka_feddst,cifar10,0.9,13,results/logs/multiseed/cifar10/seed_13/splits/cifar10_split_seed13_clients5_alpha0p3_ref500.json,0.2,16,conv1,4,0,1.0,0.9999969601631165,500
cka_feddst,cifar10,0.9,13,results/logs/multiseed/cifar10/seed_13/splits/cifar10_split_seed13_clients5_alpha0p3_ref500.json,0.2,16,conv1,4,1,1.0,0.9999969601631165,500
cka_feddst,cifar10,0.9,13,results/logs/multiseed/cifar10/seed_13/splits/cifar10_split_seed13_clients5_alpha0p3_ref500.json,0.2,16,conv1,4,2,0.9999946355819702,0.9999969601631165,500
cka_feddst,cifar10,0.9,13,results/logs/multiseed/cifar10/seed_13/splits/cifar10_split_seed13_clients5_alpha0p3_ref500.json,0.2,16,conv1,4,3,1.0,0.9999969601631165,500
cka_feddst,cifar10,0.9,13,results/logs/multiseed/cifar10/seed_13/splits/cifar10_split_seed13_clients5_alpha0p3_ref500.json,0.2,16,conv1,4,4,1.0,0.9999969601631165,500
cka_feddst,cifar10,0.9,13,results/logs/multiseed/cifar10/seed_13/splits/cifar10_split_seed13_clients5_alpha0p3_ref500.json,0.2,16,conv2,0,0,1.0,0.9993146657943726,500
cka_feddst,cifar10,0.9,13,results/logs/multiseed/cifar10/seed_13/splits/cifar10_split_seed13_clients5_alpha0p3_ref500.json,0.2,16,conv2,0,1,0.9998854994773865,0.9993146657943726,500
cka_feddst,cifar10,0.9,13,results/logs/multiseed/cifar10/seed_13/splits/cifar10_split_seed13_clients5_alpha0p3_ref500.json,0.2,16,conv2,0,2,0.9987784028053284,0.9993146657943726,500
cka_feddst,cifar10,0.9,13,results/logs/multiseed/cifar10/seed_13/splits/cifar10_split_seed13_clients5_alpha0p3_ref500.json,0.2,16,conv2,0,3,0.9998956322669983,0.9993146657943726,500
cka_feddst,cifar10,0.9,13,results/logs/multiseed/cifar10/seed_13/splits/cifar10_split_seed13_clients5_alpha0p3_ref500.json,0.2,16,conv2,0,4,0.9999818205833435,0.9993146657943726,500
cka_feddst,cifar10,0.9,13,results/logs/multiseed/cifar10/seed_13/splits/cifar10_split_seed13_clients5_alpha0p3_ref500.json,0.2,16,conv2,1,0,0.9998854994773865,0.9993146657943726,500
cka_feddst,cifar10,0.9,13,results/logs/multiseed/cifar10/seed_13/splits/cifar10_split_seed13_clients5_alpha0p3_ref500.json,0.2,16,conv2,1,1,1.0,0.9993146657943726,500
cka_feddst,cifar10,0.9,13,results/logs/multiseed/cifar10/seed_13/splits/cifar10_split_seed13_clients5_alpha0p3_ref500.json,0.2,16,conv2,1,2,0.9979593753814697,0.9993146657943726,500
cka_feddst,cifar10,0.9,13,results/logs/multiseed/cifar10/seed_13/splits/cifar10_split_seed13_clients5_alpha0p3_ref500.json,0.2,16,conv2,1,3,1.0,0.9993146657943726,500
cka_feddst,cifar10,0.9,13,results/logs/multiseed/cifar10/seed_13/splits/cifar10_split_seed13_clients5_alpha0p3_ref500.json,0.2,16,conv2,1,4,0.9997743964195251,0.9993146657943726,500
cka_feddst,cifar10,0.9,13,results/logs/multiseed/cifar10/seed_13/splits/cifar10_split_seed13_clients5_alpha0p3_ref500.json,0.2,16,conv2,2,0,0.9987784028053284,0.9993146657943726,500
cka_feddst,cifar10,0.9,13,results/logs/multiseed/cifar10/seed_13/splits/cifar10_split_seed13_clients5_alpha0p3_ref500.json,0.2,16,conv2,2,1,0.9979593753814697,0.9993146657943726,500
cka_feddst,cifar10,0.9,13,results/logs/multiseed/cifar10/seed_13/splits/cifar10_split_seed13_clients5_alpha0p3_ref500.json,0.2,16,conv2,2,2,1.0,0.9993146657943726,500
cka_feddst,cifar10,0.9,13,results/logs/multiseed/cifar10/seed_13/splits/cifar10_split_seed13_clients5_alpha0p3_ref500.json,0.2,16,conv2,2,3,0.9980055689811707,0.9993146657943726,500
cka_feddst,cifar10,0.9,13,results/logs/multiseed/cifar10/seed_13/splits/cifar10_split_seed13_clients5_alpha0p3_ref500.json,0.2,16,conv2,2,4,0.9990773797035217,0.9993146657943726,500
cka_feddst,cifar10,0.9,13,results/logs/multiseed/cifar10/seed_13/splits/cifar10_split_seed13_clients5_alpha0p3_ref500.json,0.2,16,conv2,3,0,0.9998956322669983,0.9993146657943726,500
cka_feddst,cifar10,0.9,13,results/logs/multiseed/cifar10/seed_13/splits/cifar10_split_seed13_clients5_alpha0p3_ref500.json,0.2,16,conv2,3,1,1.0,0.9993146657943726,500
cka_feddst,cifar10,0.9,13,results/logs/multiseed/cifar10/seed_13/splits/cifar10_split_seed13_clients5_alpha0p3_ref500.json,0.2,16,conv2,3,2,0.9980055689811707,0.9993146657943726,500
cka_feddst,cifar10,0.9,13,results/logs/multiseed/cifar10/seed_13/splits/cifar10_split_seed13_clients5_alpha0p3_ref500.json,0.2,16,conv2,3,3,1.0,0.9993146657943726,500
cka_feddst,cifar10,0.9,13,results/logs/multiseed/cifar10/seed_13/splits/cifar10_split_seed13_clients5_alpha0p3_ref500.json,0.2,16,conv2,3,4,0.9997891187667847,0.9993146657943726,500
cka_feddst,cifar10,0.9,13,results/logs/multiseed/cifar10/seed_13/splits/cifar10_split_seed13_clients5_alpha0p3_ref500.json,0.2,16,conv2,4,0,0.9999818205833435,0.9993146657943726,500
cka_feddst,cifar10,0.9,13,results/logs/multiseed/cifar10/seed_13/splits/cifar10_split_seed13_clients5_alpha0p3_ref500.json,0.2,16,conv2,4,1,0.9997743964195251,0.9993146657943726,500
cka_feddst,cifar10,0.9,13,results/logs/multiseed/cifar10/seed_13/splits/cifar10_split_seed13_clients5_alpha0p3_ref500.json,0.2,16,conv2,4,2,0.9990773797035217,0.9993146657943726,500
cka_feddst,cifar10,0.9,13,results/logs/multiseed/cifar10/seed_13/splits/cifar10_split_seed13_clients5_alpha0p3_ref500.json,0.2,16,conv2,4,3,0.9997891187667847,0.9993146657943726,500
cka_feddst,cifar10,0.9,13,results/logs/multiseed/cifar10/seed_13/splits/cifar10_split_seed13_clients5_alpha0p3_ref500.json,0.2,16,conv2,4,4,1.0,0.9993146657943726,500
cka_feddst,cifar10,0.9,13,results/logs/multiseed/cifar10/seed_13/splits/cifar10_split_seed13_clients5_alpha0p3_ref500.json,0.2,16,conv3,0,0,1.0,0.9960918426513672,500
cka_feddst,cifar10,0.9,13,results/logs/multiseed/cifar10/seed_13/splits/cifar10_split_seed13_clients5_alpha0p3_ref500.json,0.2,16,conv3,0,1,0.997864305973053,0.9960918426513672,500
cka_feddst,cifar10,0.9,13,results/logs/multiseed/cifar10/seed_13/splits/cifar10_split_seed13_clients5_alpha0p3_ref500.json,0.2,16,conv3,0,2,0.9959920644760132,0.9960918426513672,500
cka_feddst,cifar10,0.9,13,results/logs/multiseed/cifar10/seed_13/splits/cifar10_split_seed13_clients5_alpha0p3_ref500.json,0.2,16,conv3,0,3,0.9977507591247559,0.9960918426513672,500
cka_feddst,cifar10,0.9,13,results/logs/multiseed/cifar10/seed_13/splits/cifar10_split_seed13_clients5_alpha0p3_ref500.json,0.2,16,conv3,0,4,0.9999507069587708,0.9960918426513672,500
cka_feddst,cifar10,0.9,13,results/logs/multiseed/cifar10/seed_13/splits/cifar10_split_seed13_clients5_alpha0p3_ref500.json,0.2,16,conv3,1,0,0.997864305973053,0.9960918426513672,500
cka_feddst,cifar10,0.9,13,results/logs/multiseed/cifar10/seed_13/splits/cifar10_split_seed13_clients5_alpha0p3_ref500.json,0.2,16,conv3,1,1,1.0,0.9960918426513672,500
cka_feddst,cifar10,0.9,13,results/logs/multiseed/cifar10/seed_13/splits/cifar10_split_seed13_clients5_alpha0p3_ref500.json,0.2,16,conv3,1,2,0.9889578223228455,0.9960918426513672,500
cka_feddst,cifar10,0.9,13,results/logs/multiseed/cifar10/seed_13/splits/cifar10_split_seed13_clients5_alpha0p3_ref500.json,0.2,16,conv3,1,3,0.9999732375144958,0.9960918426513672,500
cka_feddst,cifar10,0.9,13,results/logs/multiseed/cifar10/seed_13/splits/cifar10_split_seed13_clients5_alpha0p3_ref500.json,0.2,16,conv3,1,4,0.9975073933601379,0.9960918426513672,500
cka_feddst,cifar10,0.9,13,results/logs/multiseed/cifar10/seed_13/splits/cifar10_split_seed13_clients5_alpha0p3_ref500.json,0.2,16,conv3,2,0,0.9959920644760132,0.9960918426513672,500
cka_feddst,cifar10,0.9,13,results/logs/multiseed/cifar10/seed_13/splits/cifar10_split_seed13_clients5_alpha0p3_ref500.json,0.2,16,conv3,2,1,0.9889578223228455,0.9960918426513672,500
cka_feddst,cifar10,0.9,13,results/logs/multiseed/cifar10/seed_13/splits/cifar10_split_seed13_clients5_alpha0p3_ref500.json,0.2,16,conv3,2,2,1.0,0.9960918426513672,500
cka_feddst,cifar10,0.9,13,results/logs/multiseed/cifar10/seed_13/splits/cifar10_split_seed13_clients5_alpha0p3_ref500.json,0.2,16,conv3,2,3,0.9888261556625366,0.9960918426513672,500
cka_feddst,cifar10,0.9,13,results/logs/multiseed/cifar10/seed_13/splits/cifar10_split_seed13_clients5_alpha0p3_ref500.json,0.2,16,conv3,2,4,0.9966897368431091,0.9960918426513672,500
cka_feddst,cifar10,0.9,13,results/logs/multiseed/cifar10/seed_13/splits/cifar10_split_seed13_clients5_alpha0p3_ref500.json,0.2,16,conv3,3,0,0.9977507591247559,0.9960918426513672,500
cka_feddst,cifar10,0.9,13,results/logs/multiseed/cifar10/seed_13/splits/cifar10_split_seed13_clients5_alpha0p3_ref500.json,0.2,16,conv3,3,1,0.9999732375144958,0.9960918426513672,500
cka_feddst,cifar10,0.9,13,results/logs/multiseed/cifar10/seed_13/splits/cifar10_split_seed13_clients5_alpha0p3_ref500.json,0.2,16,conv3,3,2,0.9888261556625366,0.9960918426513672,500
cka_feddst,cifar10,0.9,13,results/logs/multiseed/cifar10/seed_13/splits/cifar10_split_seed13_clients5_alpha0p3_ref500.json,0.2,16,conv3,3,3,1.0,0.9960918426513672,500
cka_feddst,cifar10,0.9,13,results/logs/multiseed/cifar10/seed_13/splits/cifar10_split_seed13_clients5_alpha0p3_ref500.json,0.2,16,conv3,3,4,0.9974063038825989,0.9960918426513672,500
cka_feddst,cifar10,0.9,13,results/logs/multiseed/cifar10/seed_13/splits/cifar10_split_seed13_clients5_alpha0p3_ref500.json,0.2,16,conv3,4,0,0.9999507069587708,0.9960918426513672,500
cka_feddst,cifar10,0.9,13,results/logs/multiseed/cifar10/seed_13/splits/cifar10_split_seed13_clients5_alpha0p3_ref500.json,0.2,16,conv3,4,1,0.9975073933601379,0.9960918426513672,500
cka_feddst,cifar10,0.9,13,results/logs/multiseed/cifar10/seed_13/splits/cifar10_split_seed13_clients5_alpha0p3_ref500.json,0.2,16,conv3,4,2,0.9966897368431091,0.9960918426513672,500
cka_feddst,cifar10,0.9,13,results/logs/multiseed/cifar10/seed_13/splits/cifar10_split_seed13_clients5_alpha0p3_ref500.json,0.2,16,conv3,4,3,0.9974063038825989,0.9960918426513672,500
cka_feddst,cifar10,0.9,13,results/logs/multiseed/cifar10/seed_13/splits/cifar10_split_seed13_clients5_alpha0p3_ref500.json,0.2,16,conv3,4,4,1.0,0.9960918426513672,500
cka_feddst,cifar10,0.9,13,results/logs/multiseed/cifar10/seed_13/splits/cifar10_split_seed13_clients5_alpha0p3_ref500.json,0.2,16,fc1,0,0,1.0,0.9787787199020386,500
cka_feddst,cifar10,0.9,13,results/logs/multiseed/cifar10/seed_13/splits/cifar10_split_seed13_clients5_alpha0p3_ref500.json,0.2,16,fc1,0,1,0.9866402745246887,0.9787787199020386,500
cka_feddst,cifar10,0.9,13,results/logs/multiseed/cifar10/seed_13/splits/cifar10_split_seed13_clients5_alpha0p3_ref500.json,0.2,16,fc1,0,2,0.9657777547836304,0.9787787199020386,500
cka_feddst,cifar10,0.9,13,results/logs/multiseed/cifar10/seed_13/splits/cifar10_split_seed13_clients5_alpha0p3_ref500.json,0.2,16,fc1,0,3,0.9700071215629578,0.9787787199020386,500
cka_feddst,cifar10,0.9,13,results/logs/multiseed/cifar10/seed_13/splits/cifar10_split_seed13_clients5_alpha0p3_ref500.json,0.2,16,fc1,0,4,0.9955407381057739,0.9787787199020386,500
cka_feddst,cifar10,0.9,13,results/logs/multiseed/cifar10/seed_13/splits/cifar10_split_seed13_clients5_alpha0p3_ref500.json,0.2,16,fc1,1,0,0.9866402745246887,0.9787787199020386,500
cka_feddst,cifar10,0.9,13,results/logs/multiseed/cifar10/seed_13/splits/cifar10_split_seed13_clients5_alpha0p3_ref500.json,0.2,16,fc1,1,1,1.0,0.9787787199020386,500
cka_feddst,cifar10,0.9,13,results/logs/multiseed/cifar10/seed_13/splits/cifar10_split_seed13_clients5_alpha0p3_ref500.json,0.2,16,fc1,1,2,0.9583121538162231,0.9787787199020386,500
cka_feddst,cifar10,0.9,13,results/logs/multiseed/cifar10/seed_13/splits/cifar10_split_seed13_clients5_alpha0p3_ref500.json,0.2,16,fc1,1,3,0.9916179776191711,0.9787787199020386,500
cka_feddst,cifar10,0.9,13,results/logs/multiseed/cifar10/seed_13/splits/cifar10_split_seed13_clients5_alpha0p3_ref500.json,0.2,16,fc1,1,4,0.9853286743164062,0.9787787199020386,500
cka_feddst,cifar10,0.9,13,results/logs/multiseed/cifar10/seed_13/splits/cifar10_split_seed13_clients5_alpha0p3_ref500.json,0.2,16,fc1,2,0,0.9657777547836304,0.9787787199020386,500
cka_feddst,cifar10,0.9,13,results/logs/multiseed/cifar10/seed_13/splits/cifar10_split_seed13_clients5_alpha0p3_ref500.json,0.2,16,fc1,2,1,0.9583121538162231,0.9787787199020386,500
cka_feddst,cifar10,0.9,13,results/logs/multiseed/cifar10/seed_13/splits/cifar10_split_seed13_clients5_alpha0p3_ref500.json,0.2,16,fc1,2,2,1.0,0.9787787199020386,500
cka_feddst,cifar10,0.9,13,results/logs/multiseed/cifar10/seed_13/splits/cifar10_split_seed13_clients5_alpha0p3_ref500.json,0.2,16,fc1,2,3,0.9712952971458435,0.9787787199020386,500
cka_feddst,cifar10,0.9,13,results/logs/multiseed/cifar10/seed_13/splits/cifar10_split_seed13_clients5_alpha0p3_ref500.json,0.2,16,fc1,2,4,0.9842945337295532,0.9787787199020386,500
cka_feddst,cifar10,0.9,13,results/logs/multiseed/cifar10/seed_13/splits/cifar10_split_seed13_clients5_alpha0p3_ref500.json,0.2,16,fc1,3,0,0.9700071215629578,0.9787787199020386,500
cka_feddst,cifar10,0.9,13,results/logs/multiseed/cifar10/seed_13/splits/cifar10_split_seed13_clients5_alpha0p3_ref500.json,0.2,16,fc1,3,1,0.9916179776191711,0.9787787199020386,500
cka_feddst,cifar10,0.9,13,results/logs/multiseed/cifar10/seed_13/splits/cifar10_split_seed13_clients5_alpha0p3_ref500.json,0.2,16,fc1,3,2,0.9712952971458435,0.9787787199020386,500
cka_feddst,cifar10,0.9,13,results/logs/multiseed/cifar10/seed_13/splits/cifar10_split_seed13_clients5_alpha0p3_ref500.json,0.2,16,fc1,3,3,1.0,0.9787787199020386,500
cka_feddst,cifar10,0.9,13,results/logs/multiseed/cifar10/seed_13/splits/cifar10_split_seed13_clients5_alpha0p3_ref500.json,0.2,16,fc1,3,4,0.9789735674858093,0.9787787199020386,500
cka_feddst,cifar10,0.9,13,results/logs/multiseed/cifar10/seed_13/splits/cifar10_split_seed13_clients5_alpha0p3_ref500.json,0.2,16,fc1,4,0,0.9955407381057739,0.9787787199020386,500
cka_feddst,cifar10,0.9,13,results/logs/multiseed/cifar10/seed_13/splits/cifar10_split_seed13_clients5_alpha0p3_ref500.json,0.2,16,fc1,4,1,0.9853286743164062,0.9787787199020386,500
cka_feddst,cifar10,0.9,13,results/logs/multiseed/cifar10/seed_13/splits/cifar10_split_seed13_clients5_alpha0p3_ref500.json,0.2,16,fc1,4,2,0.9842945337295532,0.9787787199020386,500
cka_feddst,cifar10,0.9,13,results/logs/multiseed/cifar10/seed_13/splits/cifar10_split_seed13_clients5_alpha0p3_ref500.json,0.2,16,fc1,4,3,0.9789735674858093,0.9787787199020386,500
cka_feddst,cifar10,0.9,13,results/logs/multiseed/cifar10/seed_13/splits/cifar10_split_seed13_clients5_alpha0p3_ref500.json,0.2,16,fc1,4,4,1.0,0.9787787199020386,500
cka_feddst,cifar10,0.9,13,results/logs/multiseed/cifar10/seed_13/splits/cifar10_split_seed13_clients5_alpha0p3_ref500.json,0.2,18,conv1,0,0,1.0,1.0,500
cka_feddst,cifar10,0.9,13,results/logs/multiseed/cifar10/seed_13/splits/cifar10_split_seed13_clients5_alpha0p3_ref500.json,0.2,18,conv1,0,1,1.0,1.0,500
cka_feddst,cifar10,0.9,13,results/logs/multiseed/cifar10/seed_13/splits/cifar10_split_seed13_clients5_alpha0p3_ref500.json,0.2,18,conv1,0,2,1.0,1.0,500
cka_feddst,cifar10,0.9,13,results/logs/multiseed/cifar10/seed_13/splits/cifar10_split_seed13_clients5_alpha0p3_ref500.json,0.2,18,conv1,0,3,1.0,1.0,500
cka_feddst,cifar10,0.9,13,results/logs/multiseed/cifar10/seed_13/splits/cifar10_split_seed13_clients5_alpha0p3_ref500.json,0.2,18,conv1,0,4,1.0,1.0,500
cka_feddst,cifar10,0.9,13,results/logs/multiseed/cifar10/seed_13/splits/cifar10_split_seed13_clients5_alpha0p3_ref500.json,0.2,18,conv1,1,0,1.0,1.0,500
cka_feddst,cifar10,0.9,13,results/logs/multiseed/cifar10/seed_13/splits/cifar10_split_seed13_clients5_alpha0p3_ref500.json,0.2,18,conv1,1,1,1.0,1.0,500
cka_feddst,cifar10,0.9,13,results/logs/multiseed/cifar10/seed_13/splits/cifar10_split_seed13_clients5_alpha0p3_ref500.json,0.2,18,conv1,1,2,1.0,1.0,500
cka_feddst,cifar10,0.9,13,results/logs/multiseed/cifar10/seed_13/splits/cifar10_split_seed13_clients5_alpha0p3_ref500.json,0.2,18,conv1,1,3,1.0,1.0,500
cka_feddst,cifar10,0.9,13,results/logs/multiseed/cifar10/seed_13/splits/cifar10_split_seed13_clients5_alpha0p3_ref500.json,0.2,18,conv1,1,4,1.0,1.0,500
cka_feddst,cifar10,0.9,13,results/logs/multiseed/cifar10/seed_13/splits/cifar10_split_seed13_clients5_alpha0p3_ref500.json,0.2,18,conv1,2,0,1.0,1.0,500
cka_feddst,cifar10,0.9,13,results/logs/multiseed/cifar10/seed_13/splits/cifar10_split_seed13_clients5_alpha0p3_ref500.json,0.2,18,conv1,2,1,1.0,1.0,500
cka_feddst,cifar10,0.9,13,results/logs/multiseed/cifar10/seed_13/splits/cifar10_split_seed13_clients5_alpha0p3_ref500.json,0.2,18,conv1,2,2,1.0,1.0,500
cka_feddst,cifar10,0.9,13,results/logs/multiseed/cifar10/seed_13/splits/cifar10_split_seed13_clients5_alpha0p3_ref500.json,0.2,18,conv1,2,3,1.0,1.0,500
cka_feddst,cifar10,0.9,13,results/logs/multiseed/cifar10/seed_13/splits/cifar10_split_seed13_clients5_alpha0p3_ref500.json,0.2,18,conv1,2,4,1.0,1.0,500
cka_feddst,cifar10,0.9,13,results/logs/multiseed/cifar10/seed_13/splits/cifar10_split_seed13_clients5_alpha0p3_ref500.json,0.2,18,conv1,3,0,1.0,1.0,500
cka_feddst,cifar10,0.9,13,results/logs/multiseed/cifar10/seed_13/splits/cifar10_split_seed13_clients5_alpha0p3_ref500.json,0.2,18,conv1,3,1,1.0,1.0,500
cka_feddst,cifar10,0.9,13,results/logs/multiseed/cifar10/seed_13/splits/cifar10_split_seed13_clients5_alpha0p3_ref500.json,0.2,18,conv1,3,2,1.0,1.0,500
cka_feddst,cifar10,0.9,13,results/logs/multiseed/cifar10/seed_13/splits/cifar10_split_seed13_clients5_alpha0p3_ref500.json,0.2,18,conv1,3,3,1.0,1.0,500
cka_feddst,cifar10,0.9,13,results/logs/multiseed/cifar10/seed_13/splits/cifar10_split_seed13_clients5_alpha0p3_ref500.json,0.2,18,conv1,3,4,1.0,1.0,500
cka_feddst,cifar10,0.9,13,results/logs/multiseed/cifar10/seed_13/splits/cifar10_split_seed13_clients5_alpha0p3_ref500.json,0.2,18,conv1,4,0,1.0,1.0,500
cka_feddst,cifar10,0.9,13,results/logs/multiseed/cifar10/seed_13/splits/cifar10_split_seed13_clients5_alpha0p3_ref500.json,0.2,18,conv1,4,1,1.0,1.0,500
cka_feddst,cifar10,0.9,13,results/logs/multiseed/cifar10/seed_13/splits/cifar10_split_seed13_clients5_alpha0p3_ref500.json,0.2,18,conv1,4,2,1.0,1.0,500
cka_feddst,cifar10,0.9,13,results/logs/multiseed/cifar10/seed_13/splits/cifar10_split_seed13_clients5_alpha0p3_ref500.json,0.2,18,conv1,4,3,1.0,1.0,500
cka_feddst,cifar10,0.9,13,results/logs/multiseed/cifar10/seed_13/splits/cifar10_split_seed13_clients5_alpha0p3_ref500.json,0.2,18,conv1,4,4,1.0,1.0,500
cka_feddst,cifar10,0.9,13,results/logs/multiseed/cifar10/seed_13/splits/cifar10_split_seed13_clients5_alpha0p3_ref500.json,0.2,18,conv2,0,0,1.0,0.9997955560684204,500
cka_feddst,cifar10,0.9,13,results/logs/multiseed/cifar10/seed_13/splits/cifar10_split_seed13_clients5_alpha0p3_ref500.json,0.2,18,conv2,0,1,0.9996815919876099,0.9997955560684204,500
cka_feddst,cifar10,0.9,13,results/logs/multiseed/cifar10/seed_13/splits/cifar10_split_seed13_clients5_alpha0p3_ref500.json,0.2,18,conv2,0,2,0.9999960660934448,0.9997955560684204,500
cka_feddst,cifar10,0.9,13,results/logs/multiseed/cifar10/seed_13/splits/cifar10_split_seed13_clients5_alpha0p3_ref500.json,0.2,18,conv2,0,3,0.9995591044425964,0.9997955560684204,500
cka_feddst,cifar10,0.9,13,results/logs/multiseed/cifar10/seed_13/splits/cifar10_split_seed13_clients5_alpha0p3_ref500.json,0.2,18,conv2,0,4,0.9999226927757263,0.9997955560684204,500
cka_feddst,cifar10,0.9,13,results/logs/multiseed/cifar10/seed_13/splits/cifar10_split_seed13_clients5_alpha0p3_ref500.json,0.2,18,conv2,1,0,0.9996815919876099,0.9997955560684204,500
cka_feddst,cifar10,0.9,13,results/logs/multiseed/cifar10/seed_13/splits/cifar10_split_seed13_clients5_alpha0p3_ref500.json,0.2,18,conv2,1,1,1.0,0.9997955560684204,500
cka_feddst,cifar10,0.9,13,results/logs/multiseed/cifar10/seed_13/splits/cifar10_split_seed13_clients5_alpha0p3_ref500.json,0.2,18,conv2,1,2,0.9996466636657715,0.9997955560684204,500
cka_feddst,cifar10,0.9,13,results/logs/multiseed/cifar10/seed_13/splits/cifar10_split_seed13_clients5_alpha0p3_ref500.json,0.2,18,conv2,1,3,0.9999945163726807,0.9997955560684204,500
cka_feddst,cifar10,0.9,13,results/logs/multiseed/cifar10/seed_13/splits/cifar10_split_seed13_clients5_alpha0p3_ref500.json,0.2,18,conv2,1,4,0.9999058246612549,0.9997955560684204,500
cka_feddst,cifar10,0.9,13,results/logs/multiseed/cifar10/seed_13/splits/cifar10_split_seed13_clients5_alpha0p3_ref500.json,0.2,18,conv2,2,0,0.9999960660934448,0.9997955560684204,500
cka_feddst,cifar10,0.9,13,results/logs/multiseed/cifar10/seed_13/splits/cifar10_split_seed13_clients5_alpha0p3_ref500.json,0.2,18,conv2,2,1,0.9996466636657715,0.9997955560684204,500
cka_feddst,cifar10,0.9,13,results/logs/multiseed/cifar10/seed_13/splits/cifar10_split_seed13_clients5_alpha0p3_ref500.json,0.2,18,conv2,2,2,1.0,0.9997955560684204,500
cka_feddst,cifar10,0.9,13,results/logs/multiseed/cifar10/seed_13/splits/cifar10_split_seed13_clients5_alpha0p3_ref500.json,0.2,18,conv2,2,3,0.999521017074585,0.9997955560684204,500
cka_feddst,cifar10,0.9,13,results/logs/multiseed/cifar10/seed_13/splits/cifar10_split_seed13_clients5_alpha0p3_ref500.json,0.2,18,conv2,2,4,0.9998929500579834,0.9997955560684204,500
cka_feddst,cifar10,0.9,13,results/logs/multiseed/cifar10/seed_13/splits/cifar10_split_seed13_clients5_alpha0p3_ref500.json,0.2,18,conv2,3,0,0.9995591044425964,0.9997955560684204,500
cka_feddst,cifar10,0.9,13,results/logs/multiseed/cifar10/seed_13/splits/cifar10_split_seed13_clients5_alpha0p3_ref500.json,0.2,18,conv2,3,1,0.9999945163726807,0.9997955560684204,500
cka_feddst,cifar10,0.9,13,results/logs/multiseed/cifar10/seed_13/splits/cifar10_split_seed13_clients5_alpha0p3_ref500.json,0.2,18,conv2,3,2,0.999521017074585,0.9997955560684204,500
cka_feddst,cifar10,0.9,13,results/logs/multiseed/cifar10/seed_13/splits/cifar10_split_seed13_clients5_alpha0p3_ref500.json,0.2,18,conv2,3,3,1.0,0.9997955560684204,500
cka_feddst,cifar10,0.9,13,results/logs/multiseed/cifar10/seed_13/splits/cifar10_split_seed13_clients5_alpha0p3_ref500.json,0.2,18,conv2,3,4,0.9998350143432617,0.9997955560684204,500
cka_feddst,cifar10,0.9,13,results/logs/multiseed/cifar10/seed_13/splits/cifar10_split_seed13_clients5_alpha0p3_ref500.json,0.2,18,conv2,4,0,0.9999226927757263,0.9997955560684204,500
cka_feddst,cifar10,0.9,13,results/logs/multiseed/cifar10/seed_13/splits/cifar10_split_seed13_clients5_alpha0p3_ref500.json,0.2,18,conv2,4,1,0.9999058246612549,0.9997955560684204,500
cka_feddst,cifar10,0.9,13,results/logs/multiseed/cifar10/seed_13/splits/cifar10_split_seed13_clients5_alpha0p3_ref500.json,0.2,18,conv2,4,2,0.9998929500579834,0.9997955560684204,500
cka_feddst,cifar10,0.9,13,results/logs/multiseed/cifar10/seed_13/splits/cifar10_split_seed13_clients5_alpha0p3_ref500.json,0.2,18,conv2,4,3,0.9998350143432617,0.9997955560684204,500
cka_feddst,cifar10,0.9,13,results/logs/multiseed/cifar10/seed_13/splits/cifar10_split_seed13_clients5_alpha0p3_ref500.json,0.2,18,conv2,4,4,1.0,0.9997955560684204,500
cka_feddst,cifar10,0.9,13,results/logs/multiseed/cifar10/seed_13/splits/cifar10_split_seed13_clients5_alpha0p3_ref500.json,0.2,18,conv3,0,0,1.0,0.9990869760513306,500
cka_feddst,cifar10,0.9,13,results/logs/multiseed/cifar10/seed_13/splits/cifar10_split_seed13_clients5_alpha0p3_ref500.json,0.2,18,conv3,0,1,0.9986748099327087,0.9990869760513306,500
cka_feddst,cifar10,0.9,13,results/logs/multiseed/cifar10/seed_13/splits/cifar10_split_seed13_clients5_alpha0p3_ref500.json,0.2,18,conv3,0,2,0.9998587369918823,0.9990869760513306,500
cka_feddst,cifar10,0.9,13,results/logs/multiseed/cifar10/seed_13/splits/cifar10_split_seed13_clients5_alpha0p3_ref500.json,0.2,18,conv3,0,3,0.9976873993873596,0.9990869760513306,500
cka_feddst,cifar10,0.9,13,results/logs/multiseed/cifar10/seed_13/splits/cifar10_split_seed13_clients5_alpha0p3_ref500.json,0.2,18,conv3,0,4,0.9998002648353577,0.9990869760513306,500
cka_feddst,cifar10,0.9,13,results/logs/multiseed/cifar10/seed_13/splits/cifar10_split_seed13_clients5_alpha0p3_ref500.json,0.2,18,conv3,1,0,0.9986748099327087,0.9990869760513306,500
cka_feddst,cifar10,0.9,13,results/logs/multiseed/cifar10/seed_13/splits/cifar10_split_seed13_clients5_alpha0p3_ref500.json,0.2,18,conv3,1,1,1.0,0.9990869760513306,500
cka_feddst,cifar10,0.9,13,results/logs/multiseed/cifar10/seed_13/splits/cifar10_split_seed13_clients5_alpha0p3_ref500.json,0.2,18,conv3,1,2,0.9989088773727417,0.9990869760513306,500
cka_feddst,cifar10,0.9,13,results/logs/multiseed/cifar10/seed_13/splits/cifar10_split_seed13_clients5_alpha0p3_ref500.json,0.2,18,conv3,1,3,0.9998617768287659,0.9990869760513306,500
cka_feddst,cifar10,0.9,13,results/logs/multiseed/cifar10/seed_13/splits/cifar10_split_seed13_clients5_alpha0p3_ref500.json,0.2,18,conv3,1,4,0.9994649291038513,0.9990869760513306,500
cka_feddst,cifar10,0.9,13,results/logs/multiseed/cifar10/seed_13/splits/cifar10_split_seed13_clients5_alpha0p3_ref500.json,0.2,18,conv3,2,0,0.9998587369918823,0.9990869760513306,500
cka_feddst,cifar10,0.9,13,results/logs/multiseed/cifar10/seed_13/splits/cifar10_split_seed13_clients5_alpha0p3_ref500.json,0.2,18,conv3,2,1,0.9989088773727417,0.9990869760513306,500
cka_feddst,cifar10,0.9,13,results/logs/multiseed/cifar10/seed_13/splits/cifar10_split_seed13_clients5_alpha0p3_ref500.json,0.2,18,conv3,2,2,1.0,0.9990869760513306,500
cka_feddst,cifar10,0.9,13,results/logs/multiseed/cifar10/seed_13/splits/cifar10_split_seed13_clients5_alpha0p3_ref500.json,0.2,18,conv3,2,3,0.9980799555778503,0.9990869760513306,500
cka_feddst,cifar10,0.9,13,results/logs/multiseed/cifar10/seed_13/splits/cifar10_split_seed13_clients5_alpha0p3_ref500.json,0.2,18,conv3,2,4,0.9997535943984985,0.9990869760513306,500
cka_feddst,cifar10,0.9,13,results/logs/multiseed/cifar10/seed_13/splits/cifar10_split_seed13_clients5_alpha0p3_ref500.json,0.2,18,conv3,3,0,0.9976873993873596,0.9990869760513306,500
cka_feddst,cifar10,0.9,13,results/logs/multiseed/cifar10/seed_13/splits/cifar10_split_seed13_clients5_alpha0p3_ref500.json,0.2,18,conv3,3,1,0.9998617768287659,0.9990869760513306,500
cka_feddst,cifar10,0.9,13,results/logs/multiseed/cifar10/seed_13/splits/cifar10_split_seed13_clients5_alpha0p3_ref500.json,0.2,18,conv3,3,2,0.9980799555778503,0.9990869760513306,500
cka_feddst,cifar10,0.9,13,results/logs/multiseed/cifar10/seed_13/splits/cifar10_split_seed13_clients5_alpha0p3_ref500.json,0.2,18,conv3,3,3,1.0,0.9990869760513306,500
cka_feddst,cifar10,0.9,13,results/logs/multiseed/cifar10/seed_13/splits/cifar10_split_seed13_clients5_alpha0p3_ref500.json,0.2,18,conv3,3,4,0.998778760433197,0.9990869760513306,500
cka_feddst,cifar10,0.9,13,results/logs/multiseed/cifar10/seed_13/splits/cifar10_split_seed13_clients5_alpha0p3_ref500.json,0.2,18,conv3,4,0,0.9998002648353577,0.9990869760513306,500
cka_feddst,cifar10,0.9,13,results/logs/multiseed/cifar10/seed_13/splits/cifar10_split_seed13_clients5_alpha0p3_ref500.json,0.2,18,conv3,4,1,0.9994649291038513,0.9990869760513306,500
cka_feddst,cifar10,0.9,13,results/logs/multiseed/cifar10/seed_13/splits/cifar10_split_seed13_clients5_alpha0p3_ref500.json,0.2,18,conv3,4,2,0.9997535943984985,0.9990869760513306,500
cka_feddst,cifar10,0.9,13,results/logs/multiseed/cifar10/seed_13/splits/cifar10_split_seed13_clients5_alpha0p3_ref500.json,0.2,18,conv3,4,3,0.998778760433197,0.9990869760513306,500
cka_feddst,cifar10,0.9,13,results/logs/multiseed/cifar10/seed_13/splits/cifar10_split_seed13_clients5_alpha0p3_ref500.json,0.2,18,conv3,4,4,1.0,0.9990869760513306,500
cka_feddst,cifar10,0.9,13,results/logs/multiseed/cifar10/seed_13/splits/cifar10_split_seed13_clients5_alpha0p3_ref500.json,0.2,18,fc1,0,0,1.0,0.9840310215950012,500
cka_feddst,cifar10,0.9,13,results/logs/multiseed/cifar10/seed_13/splits/cifar10_split_seed13_clients5_alpha0p3_ref500.json,0.2,18,fc1,0,1,0.9967196583747864,0.9840310215950012,500
cka_feddst,cifar10,0.9,13,results/logs/multiseed/cifar10/seed_13/splits/cifar10_split_seed13_clients5_alpha0p3_ref500.json,0.2,18,fc1,0,2,0.9667245745658875,0.9840310215950012,500
cka_feddst,cifar10,0.9,13,results/logs/multiseed/cifar10/seed_13/splits/cifar10_split_seed13_clients5_alpha0p3_ref500.json,0.2,18,fc1,0,3,0.9876958131790161,0.9840310215950012,500
cka_feddst,cifar10,0.9,13,results/logs/multiseed/cifar10/seed_13/splits/cifar10_split_seed13_clients5_alpha0p3_ref500.json,0.2,18,fc1,0,4,0.9995503425598145,0.9840310215950012,500
cka_feddst,cifar10,0.9,13,results/logs/multiseed/cifar10/seed_13/splits/cifar10_split_seed13_clients5_alpha0p3_ref500.json,0.2,18,fc1,1,0,0.9967196583747864,0.9840310215950012,500
cka_feddst,cifar10,0.9,13,results/logs/multiseed/cifar10/seed_13/splits/cifar10_split_seed13_clients5_alpha0p3_ref500.json,0.2,18,fc1,1,1,1.0,0.9840310215950012,500
cka_feddst,cifar10,0.9,13,results/logs/multiseed/cifar10/seed_13/splits/cifar10_split_seed13_clients5_alpha0p3_ref500.json,0.2,18,fc1,1,2,0.964982807636261,0.9840310215950012,500
cka_feddst,cifar10,0.9,13,results/logs/multiseed/cifar10/seed_13/splits/cifar10_split_seed13_clients5_alpha0p3_ref500.json,0.2,18,fc1,1,3,0.9955399632453918,0.9840310215950012,500
cka_feddst,cifar10,0.9,13,results/logs/multiseed/cifar10/seed_13/splits/cifar10_split_seed13_clients5_alpha0p3_ref500.json,0.2,18,fc1,1,4,0.9980525970458984,0.9840310215950012,500
cka_feddst,cifar10,0.9,13,results/logs/multiseed/cifar10/seed_13/splits/cifar10_split_seed13_clients5_alpha0p3_ref500.json,0.2,18,fc1,2,0,0.9667245745658875,0.9840310215950012,500
cka_feddst,cifar10,0.9,13,results/logs/multiseed/cifar10/seed_13/splits/cifar10_split_seed13_clients5_alpha0p3_ref500.json,0.2,18,fc1,2,1,0.964982807636261,0.9840310215950012,500
cka_feddst,cifar10,0.9,13,results/logs/multiseed/cifar10/seed_13/splits/cifar10_split_seed13_clients5_alpha0p3_ref500.json,0.2,18,fc1,2,2,1.0,0.9840310215950012,500
cka_feddst,cifar10,0.9,13,results/logs/multiseed/cifar10/seed_13/splits/cifar10_split_seed13_clients5_alpha0p3_ref500.json,0.2,18,fc1,2,3,0.9754191637039185,0.9840310215950012,500
cka_feddst,cifar10,0.9,13,results/logs/multiseed/cifar10/seed_13/splits/cifar10_split_seed13_clients5_alpha0p3_ref500.json,0.2,18,fc1,2,4,0.965625524520874,0.9840310215950012,500
cka_feddst,cifar10,0.9,13,results/logs/multiseed/cifar10/seed_13/splits/cifar10_split_seed13_clients5_alpha0p3_ref500.json,0.2,18,fc1,3,0,0.9876958131790161,0.9840310215950012,500
cka_feddst,cifar10,0.9,13,results/logs/multiseed/cifar10/seed_13/splits/cifar10_split_seed13_clients5_alpha0p3_ref500.json,0.2,18,fc1,3,1,0.9955399632453918,0.9840310215950012,500
cka_feddst,cifar10,0.9,13,results/logs/multiseed/cifar10/seed_13/splits/cifar10_split_seed13_clients5_alpha0p3_ref500.json,0.2,18,fc1,3,2,0.9754191637039185,0.9840310215950012,500
cka_feddst,cifar10,0.9,13,results/logs/multiseed/cifar10/seed_13/splits/cifar10_split_seed13_clients5_alpha0p3_ref500.json,0.2,18,fc1,3,3,1.0,0.9840310215950012,500
cka_feddst,cifar10,0.9,13,results/logs/multiseed/cifar10/seed_13/splits/cifar10_split_seed13_clients5_alpha0p3_ref500.json,0.2,18,fc1,3,4,0.9899998903274536,0.9840310215950012,500
cka_feddst,cifar10,0.9,13,results/logs/multiseed/cifar10/seed_13/splits/cifar10_split_seed13_clients5_alpha0p3_ref500.json,0.2,18,fc1,4,0,0.9995503425598145,0.9840310215950012,500
cka_feddst,cifar10,0.9,13,results/logs/multiseed/cifar10/seed_13/splits/cifar10_split_seed13_clients5_alpha0p3_ref500.json,0.2,18,fc1,4,1,0.9980525970458984,0.9840310215950012,500
cka_feddst,cifar10,0.9,13,results/logs/multiseed/cifar10/seed_13/splits/cifar10_split_seed13_clients5_alpha0p3_ref500.json,0.2,18,fc1,4,2,0.965625524520874,0.9840310215950012,500
cka_feddst,cifar10,0.9,13,results/logs/multiseed/cifar10/seed_13/splits/cifar10_split_seed13_clients5_alpha0p3_ref500.json,0.2,18,fc1,4,3,0.9899998903274536,0.9840310215950012,500
cka_feddst,cifar10,0.9,13,results/logs/multiseed/cifar10/seed_13/splits/cifar10_split_seed13_clients5_alpha0p3_ref500.json,0.2,18,fc1,4,4,1.0,0.9840310215950012,500
cka_feddst,cifar10,0.9,13,results/logs/multiseed/cifar10/seed_13/splits/cifar10_split_seed13_clients5_alpha0p3_ref500.json,0.2,20,conv1,0,0,1.0,0.9998912811279297,500
cka_feddst,cifar10,0.9,13,results/logs/multiseed/cifar10/seed_13/splits/cifar10_split_seed13_clients5_alpha0p3_ref500.json,0.2,20,conv1,0,1,0.9999854564666748,0.9998912811279297,500
cka_feddst,cifar10,0.9,13,results/logs/multiseed/cifar10/seed_13/splits/cifar10_split_seed13_clients5_alpha0p3_ref500.json,0.2,20,conv1,0,2,0.9999726414680481,0.9998912811279297,500
cka_feddst,cifar10,0.9,13,results/logs/multiseed/cifar10/seed_13/splits/cifar10_split_seed13_clients5_alpha0p3_ref500.json,0.2,20,conv1,0,3,0.9999458193778992,0.9998912811279297,500
cka_feddst,cifar10,0.9,13,results/logs/multiseed/cifar10/seed_13/splits/cifar10_split_seed13_clients5_alpha0p3_ref500.json,0.2,20,conv1,0,4,0.9998771548271179,0.9998912811279297,500
cka_feddst,cifar10,0.9,13,results/logs/multiseed/cifar10/seed_13/splits/cifar10_split_seed13_clients5_alpha0p3_ref500.json,0.2,20,conv1,1,0,0.9999854564666748,0.9998912811279297,500
cka_feddst,cifar10,0.9,13,results/logs/multiseed/cifar10/seed_13/splits/cifar10_split_seed13_clients5_alpha0p3_ref500.json,0.2,20,conv1,1,1,1.0,0.9998912811279297,500
cka_feddst,cifar10,0.9,13,results/logs/multiseed/cifar10/seed_13/splits/cifar10_split_seed13_clients5_alpha0p3_ref500.json,0.2,20,conv1,1,2,0.9999115467071533,0.9998912811279297,500
cka_feddst,cifar10,0.9,13,results/logs/multiseed/cifar10/seed_13/splits/cifar10_split_seed13_clients5_alpha0p3_ref500.json,0.2,20,conv1,1,3,0.9998744130134583,0.9998912811279297,500
cka_feddst,cifar10,0.9,13,results/logs/multiseed/cifar10/seed_13/splits/cifar10_split_seed13_clients5_alpha0p3_ref500.json,0.2,20,conv1,1,4,0.999904453754425,0.9998912811279297,500
cka_feddst,cifar10,0.9,13,results/logs/multiseed/cifar10/seed_13/splits/cifar10_split_seed13_clients5_alpha0p3_ref500.json,0.2,20,conv1,2,0,0.9999726414680481,0.9998912811279297,500
cka_feddst,cifar10,0.9,13,results/logs/multiseed/cifar10/seed_13/splits/cifar10_split_seed13_clients5_alpha0p3_ref500.json,0.2,20,conv1,2,1,0.9999115467071533,0.9998912811279297,500
cka_feddst,cifar10,0.9,13,results/logs/multiseed/cifar10/seed_13/splits/cifar10_split_seed13_clients5_alpha0p3_ref500.json,0.2,20,conv1,2,2,1.0,0.9998912811279297,500
cka_feddst,cifar10,0.9,13,results/logs/multiseed/cifar10/seed_13/splits/cifar10_split_seed13_clients5_alpha0p3_ref500.json,0.2,20,conv1,2,3,0.9999865889549255,0.9998912811279297,500
cka_feddst,cifar10,0.9,13,results/logs/multiseed/cifar10/seed_13/splits/cifar10_split_seed13_clients5_alpha0p3_ref500.json,0.2,20,conv1,2,4,0.9997850656509399,0.9998912811279297,500
cka_feddst,cifar10,0.9,13,results/logs/multiseed/cifar10/seed_13/splits/cifar10_split_seed13_clients5_alpha0p3_ref500.json,0.2,20,conv1,3,0,0.9999458193778992,0.9998912811279297,500
cka_feddst,cifar10,0.9,13,results/logs/multiseed/cifar10/seed_13/splits/cifar10_split_seed13_clients5_alpha0p3_ref500.json,0.2,20,conv1,3,1,0.9998744130134583,0.9998912811279297,500
cka_feddst,cifar10,0.9,13,results/logs/multiseed/cifar10/seed_13/splits/cifar10_split_seed13_clients5_alpha0p3_ref500.json,0.2,20,conv1,3,2,0.9999865889549255,0.9998912811279297,500
cka_feddst,cifar10,0.9,13,results/logs/multiseed/cifar10/seed_13/splits/cifar10_split_seed13_clients5_alpha0p3_ref500.json,0.2,20,conv1,3,3,1.0,0.9998912811279297,500
cka_feddst,cifar10,0.9,13,results/logs/multiseed/cifar10/seed_13/splits/cifar10_split_seed13_clients5_alpha0p3_ref500.json,0.2,20,conv1,3,4,0.9996700286865234,0.9998912811279297,500
cka_feddst,cifar10,0.9,13,results/logs/multiseed/cifar10/seed_13/splits/cifar10_split_seed13_clients5_alpha0p3_ref500.json,0.2,20,conv1,4,0,0.9998771548271179,0.9998912811279297,500
cka_feddst,cifar10,0.9,13,results/logs/multiseed/cifar10/seed_13/splits/cifar10_split_seed13_clients5_alpha0p3_ref500.json,0.2,20,conv1,4,1,0.999904453754425,0.9998912811279297,500
cka_feddst,cifar10,0.9,13,results/logs/multiseed/cifar10/seed_13/splits/cifar10_split_seed13_clients5_alpha0p3_ref500.json,0.2,20,conv1,4,2,0.9997850656509399,0.9998912811279297,500
cka_feddst,cifar10,0.9,13,results/logs/multiseed/cifar10/seed_13/splits/cifar10_split_seed13_clients5_alpha0p3_ref500.json,0.2,20,conv1,4,3,0.9996700286865234,0.9998912811279297,500
cka_feddst,cifar10,0.9,13,results/logs/multiseed/cifar10/seed_13/splits/cifar10_split_seed13_clients5_alpha0p3_ref500.json,0.2,20,conv1,4,4,1.0,0.9998912811279297,500
cka_feddst,cifar10,0.9,13,results/logs/multiseed/cifar10/seed_13/splits/cifar10_split_seed13_clients5_alpha0p3_ref500.json,0.2,20,conv2,0,0,1.0,0.9996339678764343,500
cka_feddst,cifar10,0.9,13,results/logs/multiseed/cifar10/seed_13/splits/cifar10_split_seed13_clients5_alpha0p3_ref500.json,0.2,20,conv2,0,1,0.9999196529388428,0.9996339678764343,500
cka_feddst,cifar10,0.9,13,results/logs/multiseed/cifar10/seed_13/splits/cifar10_split_seed13_clients5_alpha0p3_ref500.json,0.2,20,conv2,0,2,0.9999354481697083,0.9996339678764343,500
cka_feddst,cifar10,0.9,13,results/logs/multiseed/cifar10/seed_13/splits/cifar10_split_seed13_clients5_alpha0p3_ref500.json,0.2,20,conv2,0,3,0.9998158812522888,0.9996339678764343,500
cka_feddst,cifar10,0.9,13,results/logs/multiseed/cifar10/seed_13/splits/cifar10_split_seed13_clients5_alpha0p3_ref500.json,0.2,20,conv2,0,4,0.999548077583313,0.9996339678764343,500
cka_feddst,cifar10,0.9,13,results/logs/multiseed/cifar10/seed_13/splits/cifar10_split_seed13_clients5_alpha0p3_ref500.json,0.2,20,conv2,1,0,0.9999196529388428,0.9996339678764343,500
cka_feddst,cifar10,0.9,13,results/logs/multiseed/cifar10/seed_13/splits/cifar10_split_seed13_clients5_alpha0p3_ref500.json,0.2,20,conv2,1,1,1.0,0.9996339678764343,500
cka_feddst,cifar10,0.9,13,results/logs/multiseed/cifar10/seed_13/splits/cifar10_split_seed13_clients5_alpha0p3_ref500.json,0.2,20,conv2,1,2,0.999786913394928,0.9996339678764343,500
cka_feddst,cifar10,0.9,13,results/logs/multiseed/cifar10/seed_13/splits/cifar10_split_seed13_clients5_alpha0p3_ref500.json,0.2,20,conv2,1,3,0.9995623826980591,0.9996339678764343,500
cka_feddst,cifar10,0.9,13,results/logs/multiseed/cifar10/seed_13/splits/cifar10_split_seed13_clients5_alpha0p3_ref500.json,0.2,20,conv2,1,4,0.9997228384017944,0.9996339678764343,500
cka_feddst,cifar10,0.9,13,results/logs/multiseed/cifar10/seed_13/splits/cifar10_split_seed13_clients5_alpha0p3_ref500.json,0.2,20,conv2,2,0,0.9999354481697083,0.9996339678764343,500
cka_feddst,cifar10,0.9,13,results/logs/multiseed/cifar10/seed_13/splits/cifar10_split_seed13_clients5_alpha0p3_ref500.json,0.2,20,conv2,2,1,0.999786913394928,0.9996339678764343,500
cka_feddst,cifar10,0.9,13,results/logs/multiseed/cifar10/seed_13/splits/cifar10_split_seed13_clients5_alpha0p3_ref500.json,0.2,20,conv2,2,2,1.0,0.9996339678764343,500
cka_feddst,cifar10,0.9,13,results/logs/multiseed/cifar10/seed_13/splits/cifar10_split_seed13_clients5_alpha0p3_ref500.json,0.2,20,conv2,2,3,0.9999355673789978,0.9996339678764343,500
cka_feddst,cifar10,0.9,13,results/logs/multiseed/cifar10/seed_13/splits/cifar10_split_seed13_clients5_alpha0p3_ref500.json,0.2,20,conv2,2,4,0.9992870688438416,0.9996339678764343,500
cka_feddst,cifar10,0.9,13,results/logs/multiseed/cifar10/seed_13/splits/cifar10_split_seed13_clients5_alpha0p3_ref500.json,0.2,20,conv2,3,0,0.9998158812522888,0.9996339678764343,500
cka_feddst,cifar10,0.9,13,results/logs/multiseed/cifar10/seed_13/splits/cifar10_split_seed13_clients5_alpha0p3_ref500.json,0.2,20,conv2,3,1,0.9995623826980591,0.9996339678764343,500
cka_feddst,cifar10,0.9,13,results/logs/multiseed/cifar10/seed_13/splits/cifar10_split_seed13_clients5_alpha0p3_ref500.json,0.2,20,conv2,3,2,0.9999355673789978,0.9996339678764343,500
cka_feddst,cifar10,0.9,13,results/logs/multiseed/cifar10/seed_13/splits/cifar10_split_seed13_clients5_alpha0p3_ref500.json,0.2,20,conv2,3,3,1.0,0.9996339678764343,500
cka_feddst,cifar10,0.9,13,results/logs/multiseed/cifar10/seed_13/splits/cifar10_split_seed13_clients5_alpha0p3_ref500.json,0.2,20,conv2,3,4,0.998826801776886,0.9996339678764343,500
cka_feddst,cifar10,0.9,13,results/logs/multiseed/cifar10/seed_13/splits/cifar10_split_seed13_clients5_alpha0p3_ref500.json,0.2,20,conv2,4,0,0.999548077583313,0.9996339678764343,500
cka_feddst,cifar10,0.9,13,results/logs/multiseed/cifar10/seed_13/splits/cifar10_split_seed13_clients5_alpha0p3_ref500.json,0.2,20,conv2,4,1,0.9997228384017944,0.9996339678764343,500
cka_feddst,cifar10,0.9,13,results/logs/multiseed/cifar10/seed_13/splits/cifar10_split_seed13_clients5_alpha0p3_ref500.json,0.2,20,conv2,4,2,0.9992870688438416,0.9996339678764343,500
cka_feddst,cifar10,0.9,13,results/logs/multiseed/cifar10/seed_13/splits/cifar10_split_seed13_clients5_alpha0p3_ref500.json,0.2,20,conv2,4,3,0.998826801776886,0.9996339678764343,500
cka_feddst,cifar10,0.9,13,results/logs/multiseed/cifar10/seed_13/splits/cifar10_split_seed13_clients5_alpha0p3_ref500.json,0.2,20,conv2,4,4,1.0,0.9996339678764343,500
cka_feddst,cifar10,0.9,13,results/logs/multiseed/cifar10/seed_13/splits/cifar10_split_seed13_clients5_alpha0p3_ref500.json,0.2,20,conv3,0,0,1.0,0.9994905591011047,500
cka_feddst,cifar10,0.9,13,results/logs/multiseed/cifar10/seed_13/splits/cifar10_split_seed13_clients5_alpha0p3_ref500.json,0.2,20,conv3,0,1,0.9999028444290161,0.9994905591011047,500
cka_feddst,cifar10,0.9,13,results/logs/multiseed/cifar10/seed_13/splits/cifar10_split_seed13_clients5_alpha0p3_ref500.json,0.2,20,conv3,0,2,0.9996179342269897,0.9994905591011047,500
cka_feddst,cifar10,0.9,13,results/logs/multiseed/cifar10/seed_13/splits/cifar10_split_seed13_clients5_alpha0p3_ref500.json,0.2,20,conv3,0,3,0.999684751033783,0.9994905591011047,500
cka_feddst,cifar10,0.9,13,results/logs/multiseed/cifar10/seed_13/splits/cifar10_split_seed13_clients5_alpha0p3_ref500.json,0.2,20,conv3,0,4,0.9994837641716003,0.9994905591011047,500
cka_feddst,cifar10,0.9,13,results/logs/multiseed/cifar10/seed_13/splits/cifar10_split_seed13_clients5_alpha0p3_ref500.json,0.2,20,conv3,1,0,0.9999028444290161,0.9994905591011047,500
cka_feddst,cifar10,0.9,13,results/logs/multiseed/cifar10/seed_13/splits/cifar10_split_seed13_clients5_alpha0p3_ref500.json,0.2,20,conv3,1,1,1.0,0.9994905591011047,500
cka_feddst,cifar10,0.9,13,results/logs/multiseed/cifar10/seed_13/splits/cifar10_split_seed13_clients5_alpha0p3_ref500.json,0.2,20,conv3,1,2,0.9995872378349304,0.9994905591011047,500
cka_feddst,cifar10,0.9,13,results/logs/multiseed/cifar10/seed_13/splits/cifar10_split_seed13_clients5_alpha0p3_ref500.json,0.2,20,conv3,1,3,0.9994689226150513,0.9994905591011047,500
cka_feddst,cifar10,0.9,13,results/logs/multiseed/cifar10/seed_13/splits/cifar10_split_seed13_clients5_alpha0p3_ref500.json,0.2,20,conv3,1,4,0.9997035264968872,0.9994905591011047,500
cka_feddst,cifar10,0.9,13,results/logs/multiseed/cifar10/seed_13/splits/cifar10_split_seed13_clients5_alpha0p3_ref500.json,0.2,20,conv3,2,0,0.9996179342269897,0.9994905591011047,500
cka_feddst,cifar10,0.9,13,results/logs/multiseed/cifar10/seed_13/splits/cifar10_split_seed13_clients5_alpha0p3_ref500.json,0.2,20,conv3,2,1,0.9995872378349304,0.9994905591011047,500
cka_feddst,cifar10,0.9,13,results/logs/multiseed/cifar10/seed_13/splits/cifar10_split_seed13_clients5_alpha0p3_ref500.json,0.2,20,conv3,2,2,1.0,0.9994905591011047,500
cka_feddst,cifar10,0.9,13,results/logs/multiseed/cifar10/seed_13/splits/cifar10_split_seed13_clients5_alpha0p3_ref500.json,0.2,20,conv3,2,3,0.9998666048049927,0.9994905591011047,500
cka_feddst,cifar10,0.9,13,results/logs/multiseed/cifar10/seed_13/splits/cifar10_split_seed13_clients5_alpha0p3_ref500.json,0.2,20,conv3,2,4,0.9989743828773499,0.9994905591011047,500
cka_feddst,cifar10,0.9,13,results/logs/multiseed/cifar10/seed_13/splits/cifar10_split_seed13_clients5_alpha0p3_ref500.json,0.2,20,conv3,3,0,0.999684751033783,0.9994905591011047,500
cka_feddst,cifar10,0.9,13,results/logs/multiseed/cifar10/seed_13/splits/cifar10_split_seed13_clients5_alpha0p3_ref500.json,0.2,20,conv3,3,1,0.9994689226150513,0.9994905591011047,500
cka_feddst,cifar10,0.9,13,results/logs/multiseed/cifar10/seed_13/splits/cifar10_split_seed13_clients5_alpha0p3_ref500.json,0.2,20,conv3,3,2,0.9998666048049927,0.9994905591011047,500
cka_feddst,cifar10,0.9,13,results/logs/multiseed/cifar10/seed_13/splits/cifar10_split_seed13_clients5_alpha0p3_ref500.json,0.2,20,conv3,3,3,1.0,0.9994905591011047,500
cka_feddst,cifar10,0.9,13,results/logs/multiseed/cifar10/seed_13/splits/cifar10_split_seed13_clients5_alpha0p3_ref500.json,0.2,20,conv3,3,4,0.9986158013343811,0.9994905591011047,500
cka_feddst,cifar10,0.9,13,results/logs/multiseed/cifar10/seed_13/splits/cifar10_split_seed13_clients5_alpha0p3_ref500.json,0.2,20,conv3,4,0,0.9994837641716003,0.9994905591011047,500
cka_feddst,cifar10,0.9,13,results/logs/multiseed/cifar10/seed_13/splits/cifar10_split_seed13_clients5_alpha0p3_ref500.json,0.2,20,conv3,4,1,0.9997035264968872,0.9994905591011047,500
cka_feddst,cifar10,0.9,13,results/logs/multiseed/cifar10/seed_13/splits/cifar10_split_seed13_clients5_alpha0p3_ref500.json,0.2,20,conv3,4,2,0.9989743828773499,0.9994905591011047,500
cka_feddst,cifar10,0.9,13,results/logs/multiseed/cifar10/seed_13/splits/cifar10_split_seed13_clients5_alpha0p3_ref500.json,0.2,20,conv3,4,3,0.9986158013343811,0.9994905591011047,500
cka_feddst,cifar10,0.9,13,results/logs/multiseed/cifar10/seed_13/splits/cifar10_split_seed13_clients5_alpha0p3_ref500.json,0.2,20,conv3,4,4,1.0,0.9994905591011047,500
cka_feddst,cifar10,0.9,13,results/logs/multiseed/cifar10/seed_13/splits/cifar10_split_seed13_clients5_alpha0p3_ref500.json,0.2,20,fc1,0,0,1.0,0.9898872375488281,500
cka_feddst,cifar10,0.9,13,results/logs/multiseed/cifar10/seed_13/splits/cifar10_split_seed13_clients5_alpha0p3_ref500.json,0.2,20,fc1,0,1,0.9968618154525757,0.9898872375488281,500
cka_feddst,cifar10,0.9,13,results/logs/multiseed/cifar10/seed_13/splits/cifar10_split_seed13_clients5_alpha0p3_ref500.json,0.2,20,fc1,0,2,0.9698736071586609,0.9898872375488281,500
cka_feddst,cifar10,0.9,13,results/logs/multiseed/cifar10/seed_13/splits/cifar10_split_seed13_clients5_alpha0p3_ref500.json,0.2,20,fc1,0,3,0.9880298972129822,0.9898872375488281,500
cka_feddst,cifar10,0.9,13,results/logs/multiseed/cifar10/seed_13/splits/cifar10_split_seed13_clients5_alpha0p3_ref500.json,0.2,20,fc1,0,4,0.995400071144104,0.9898872375488281,500
cka_feddst,cifar10,0.9,13,results/logs/multiseed/cifar10/seed_13/splits/cifar10_split_seed13_clients5_alpha0p3_ref500.json,0.2,20,fc1,1,0,0.9968618154525757,0.9898872375488281,500
cka_feddst,cifar10,0.9,13,results/logs/multiseed/cifar10/seed_13/splits/cifar10_split_seed13_clients5_alpha0p3_ref500.json,0.2,20,fc1,1,1,1.0,0.9898872375488281,500
cka_feddst,cifar10,0.9,13,results/logs/multiseed/cifar10/seed_13/splits/cifar10_split_seed13_clients5_alpha0p3_ref500.json,0.2,20,fc1,1,2,0.9810769557952881,0.9898872375488281,500
cka_feddst,cifar10,0.9,13,results/logs/multiseed/cifar10/seed_13/splits/cifar10_split_seed13_clients5_alpha0p3_ref500.json,0.2,20,fc1,1,3,0.9955240488052368,0.9898872375488281,500
cka_feddst,cifar10,0.9,13,results/logs/multiseed/cifar10/seed_13/splits/cifar10_split_seed13_clients5_alpha0p3_ref500.json,0.2,20,fc1,1,4,0.9993248581886292,0.9898872375488281,500
cka_feddst,cifar10,0.9,13,results/logs/multiseed/cifar10/seed_13/splits/cifar10_split_seed13_clients5_alpha0p3_ref500.json,0.2,20,fc1,2,0,0.9698736071586609,0.9898872375488281,500
cka_feddst,cifar10,0.9,13,results/logs/multiseed/cifar10/seed_13/splits/cifar10_split_seed13_clients5_alpha0p3_ref500.json,0.2,20,fc1,2,1,0.9810769557952881,0.9898872375488281,500
cka_feddst,cifar10,0.9,13,results/logs/multiseed/cifar10/seed_13/splits/cifar10_split_seed13_clients5_alpha0p3_ref500.json,0.2,20,fc1,2,2,1.0,0.9898872375488281,500
cka_feddst,cifar10,0.9,13,results/logs/multiseed/cifar10/seed_13/splits/cifar10_split_seed13_clients5_alpha0p3_ref500.json,0.2,20,fc1,2,3,0.992994487285614,0.9898872375488281,500
cka_feddst,cifar10,0.9,13,results/logs/multiseed/cifar10/seed_13/splits/cifar10_split_seed13_clients5_alpha0p3_ref500.json,0.2,20,fc1,2,4,0.983522355556488,0.9898872375488281,500
cka_feddst,cifar10,0.9,13,results/logs/multiseed/cifar10/seed_13/splits/cifar10_split_seed13_clients5_alpha0p3_ref500.json,0.2,20,fc1,3,0,0.9880298972129822,0.9898872375488281,500
cka_feddst,cifar10,0.9,13,results/logs/multiseed/cifar10/seed_13/splits/cifar10_split_seed13_clients5_alpha0p3_ref500.json,0.2,20,fc1,3,1,0.9955240488052368,0.9898872375488281,500
cka_feddst,cifar10,0.9,13,results/logs/multiseed/cifar10/seed_13/splits/cifar10_split_seed13_clients5_alpha0p3_ref500.json,0.2,20,fc1,3,2,0.992994487285614,0.9898872375488281,500
cka_feddst,cifar10,0.9,13,results/logs/multiseed/cifar10/seed_13/splits/cifar10_split_seed13_clients5_alpha0p3_ref500.json,0.2,20,fc1,3,3,1.0,0.9898872375488281,500
cka_feddst,cifar10,0.9,13,results/logs/multiseed/cifar10/seed_13/splits/cifar10_split_seed13_clients5_alpha0p3_ref500.json,0.2,20,fc1,3,4,0.9962640404701233,0.9898872375488281,500
cka_feddst,cifar10,0.9,13,results/logs/multiseed/cifar10/seed_13/splits/cifar10_split_seed13_clients5_alpha0p3_ref500.json,0.2,20,fc1,4,0,0.995400071144104,0.9898872375488281,500
cka_feddst,cifar10,0.9,13,results/logs/multiseed/cifar10/seed_13/splits/cifar10_split_seed13_clients5_alpha0p3_ref500.json,0.2,20,fc1,4,1,0.9993248581886292,0.9898872375488281,500
cka_feddst,cifar10,0.9,13,results/logs/multiseed/cifar10/seed_13/splits/cifar10_split_seed13_clients5_alpha0p3_ref500.json,0.2,20,fc1,4,2,0.983522355556488,0.9898872375488281,500
cka_feddst,cifar10,0.9,13,results/logs/multiseed/cifar10/seed_13/splits/cifar10_split_seed13_clients5_alpha0p3_ref500.json,0.2,20,fc1,4,3,0.9962640404701233,0.9898872375488281,500
cka_feddst,cifar10,0.9,13,results/logs/multiseed/cifar10/seed_13/splits/cifar10_split_seed13_clients5_alpha0p3_ref500.json,0.2,20,fc1,4,4,1.0,0.9898872375488281,500
