method,dataset,sparsity,seed,split_manifest_path,cka_strength,round,layer,client_i,client_j,cka,average_layer_cka,num_reference_samples
cka_feddst,cifar10,0.8,100,results/logs/cka_strength_sweep/cifar10_cka_strength_fixed_5605137/strength_1p0/seed_100/splits/cifar10_split_seed100_clients5_alpha0p3_ref500.json,1.0,2,conv1,0,0,1.0,1.0,500
cka_feddst,cifar10,0.8,100,results/logs/cka_strength_sweep/cifar10_cka_strength_fixed_5605137/strength_1p0/seed_100/splits/cifar10_split_seed100_clients5_alpha0p3_ref500.json,1.0,2,conv1,0,1,1.0,1.0,500
cka_feddst,cifar10,0.8,100,results/logs/cka_strength_sweep/cifar10_cka_strength_fixed_5605137/strength_1p0/seed_100/splits/cifar10_split_seed100_clients5_alpha0p3_ref500.json,1.0,2,conv1,0,2,1.0,1.0,500
cka_feddst,cifar10,0.8,100,results/logs/cka_strength_sweep/cifar10_cka_strength_fixed_5605137/strength_1p0/seed_100/splits/cifar10_split_seed100_clients5_alpha0p3_ref500.json,1.0,2,conv1,0,3,1.0,1.0,500
cka_feddst,cifar10,0.8,100,results/logs/cka_strength_sweep/cifar10_cka_strength_fixed_5605137/strength_1p0/seed_100/splits/cifar10_split_seed100_clients5_alpha0p3_ref500.json,1.0,2,conv1,0,4,1.0,1.0,500
cka_feddst,cifar10,0.8,100,results/logs/cka_strength_sweep/cifar10_cka_strength_fixed_5605137/strength_1p0/seed_100/splits/cifar10_split_seed100_clients5_alpha0p3_ref500.json,1.0,2,conv1,1,0,1.0,1.0,500
cka_feddst,cifar10,0.8,100,results/logs/cka_strength_sweep/cifar10_cka_strength_fixed_5605137/strength_1p0/seed_100/splits/cifar10_split_seed100_clients5_alpha0p3_ref500.json,1.0,2,conv1,1,1,1.0,1.0,500
cka_feddst,cifar10,0.8,100,results/logs/cka_strength_sweep/cifar10_cka_strength_fixed_5605137/strength_1p0/seed_100/splits/cifar10_split_seed100_clients5_alpha0p3_ref500.json,1.0,2,conv1,1,2,1.0,1.0,500
cka_feddst,cifar10,0.8,100,results/logs/cka_strength_sweep/cifar10_cka_strength_fixed_5605137/strength_1p0/seed_100/splits/cifar10_split_seed100_clients5_alpha0p3_ref500.json,1.0,2,conv1,1,3,1.0,1.0,500
cka_feddst,cifar10,0.8,100,results/logs/cka_strength_sweep/cifar10_cka_strength_fixed_5605137/strength_1p0/seed_100/splits/cifar10_split_seed100_clients5_alpha0p3_ref500.json,1.0,2,conv1,1,4,1.0,1.0,500
cka_feddst,cifar10,0.8,100,results/logs/cka_strength_sweep/cifar10_cka_strength_fixed_5605137/strength_1p0/seed_100/splits/cifar10_split_seed100_clients5_alpha0p3_ref500.json,1.0,2,conv1,2,0,1.0,1.0,500
cka_feddst,cifar10,0.8,100,results/logs/cka_strength_sweep/cifar10_cka_strength_fixed_5605137/strength_1p0/seed_100/splits/cifar10_split_seed100_clients5_alpha0p3_ref500.json,1.0,2,conv1,2,1,1.0,1.0,500
cka_feddst,cifar10,0.8,100,results/logs/cka_strength_sweep/cifar10_cka_strength_fixed_5605137/strength_1p0/seed_100/splits/cifar10_split_seed100_clients5_alpha0p3_ref500.json,1.0,2,conv1,2,2,1.0,1.0,500
cka_feddst,cifar10,0.8,100,results/logs/cka_strength_sweep/cifar10_cka_strength_fixed_5605137/strength_1p0/seed_100/splits/cifar10_split_seed100_clients5_alpha0p3_ref500.json,1.0,2,conv1,2,3,1.0,1.0,500
cka_feddst,cifar10,0.8,100,results/logs/cka_strength_sweep/cifar10_cka_strength_fixed_5605137/strength_1p0/seed_100/splits/cifar10_split_seed100_clients5_alpha0p3_ref500.json,1.0,2,conv1,2,4,1.0,1.0,500
cka_feddst,cifar10,0.8,100,results/logs/cka_strength_sweep/cifar10_cka_strength_fixed_5605137/strength_1p0/seed_100/splits/cifar10_split_seed100_clients5_alpha0p3_ref500.json,1.0,2,conv1,3,0,1.0,1.0,500
cka_feddst,cifar10,0.8,100,results/logs/cka_strength_sweep/cifar10_cka_strength_fixed_5605137/strength_1p0/seed_100/splits/cifar10_split_seed100_clients5_alpha0p3_ref500.json,1.0,2,conv1,3,1,1.0,1.0,500
cka_feddst,cifar10,0.8,100,results/logs/cka_strength_sweep/cifar10_cka_strength_fixed_5605137/strength_1p0/seed_100/splits/cifar10_split_seed100_clients5_alpha0p3_ref500.json,1.0,2,conv1,3,2,1.0,1.0,500
cka_feddst,cifar10,0.8,100,results/logs/cka_strength_sweep/cifar10_cka_strength_fixed_5605137/strength_1p0/seed_100/splits/cifar10_split_seed100_clients5_alpha0p3_ref500.json,1.0,2,conv1,3,3,1.0,1.0,500
cka_feddst,cifar10,0.8,100,results/logs/cka_strength_sweep/cifar10_cka_strength_fixed_5605137/strength_1p0/seed_100/splits/cifar10_split_seed100_clients5_alpha0p3_ref500.json,1.0,2,conv1,3,4,1.0,1.0,500
cka_feddst,cifar10,0.8,100,results/logs/cka_strength_sweep/cifar10_cka_strength_fixed_5605137/strength_1p0/seed_100/splits/cifar10_split_seed100_clients5_alpha0p3_ref500.json,1.0,2,conv1,4,0,1.0,1.0,500
cka_feddst,cifar10,0.8,100,results/logs/cka_strength_sweep/cifar10_cka_strength_fixed_5605137/strength_1p0/seed_100/splits/cifar10_split_seed100_clients5_alpha0p3_ref500.json,1.0,2,conv1,4,1,1.0,1.0,500
cka_feddst,cifar10,0.8,100,results/logs/cka_strength_sweep/cifar10_cka_strength_fixed_5605137/strength_1p0/seed_100/splits/cifar10_split_seed100_clients5_alpha0p3_ref500.json,1.0,2,conv1,4,2,1.0,1.0,500
cka_feddst,cifar10,0.8,100,results/logs/cka_strength_sweep/cifar10_cka_strength_fixed_5605137/strength_1p0/seed_100/splits/cifar10_split_seed100_clients5_alpha0p3_ref500.json,1.0,2,conv1,4,3,1.0,1.0,500
cka_feddst,cifar10,0.8,100,results/logs/cka_strength_sweep/cifar10_cka_strength_fixed_5605137/strength_1p0/seed_100/splits/cifar10_split_seed100_clients5_alpha0p3_ref500.json,1.0,2,conv1,4,4,1.0,1.0,500
cka_feddst,cifar10,0.8,100,results/logs/cka_strength_sweep/cifar10_cka_strength_fixed_5605137/strength_1p0/seed_100/splits/cifar10_split_seed100_clients5_alpha0p3_ref500.json,1.0,2,conv2,0,0,1.0,0.9999957084655762,500
cka_feddst,cifar10,0.8,100,results/logs/cka_strength_sweep/cifar10_cka_strength_fixed_5605137/strength_1p0/seed_100/splits/cifar10_split_seed100_clients5_alpha0p3_ref500.json,1.0,2,conv2,0,1,0.9999899864196777,0.9999957084655762,500
cka_feddst,cifar10,0.8,100,results/logs/cka_strength_sweep/cifar10_cka_strength_fixed_5605137/strength_1p0/seed_100/splits/cifar10_split_seed100_clients5_alpha0p3_ref500.json,1.0,2,conv2,0,2,0.9999896287918091,0.9999957084655762,500
cka_feddst,cifar10,0.8,100,results/logs/cka_strength_sweep/cifar10_cka_strength_fixed_5605137/strength_1p0/seed_100/splits/cifar10_split_seed100_clients5_alpha0p3_ref500.json,1.0,2,conv2,0,3,1.0,0.9999957084655762,500
cka_feddst,cifar10,0.8,100,results/logs/cka_strength_sweep/cifar10_cka_strength_fixed_5605137/strength_1p0/seed_100/splits/cifar10_split_seed100_clients5_alpha0p3_ref500.json,1.0,2,conv2,0,4,0.9999933838844299,0.9999957084655762,500
cka_feddst,cifar10,0.8,100,results/logs/cka_strength_sweep/cifar10_cka_strength_fixed_5605137/strength_1p0/seed_100/splits/cifar10_split_seed100_clients5_alpha0p3_ref500.json,1.0,2,conv2,1,0,0.9999899864196777,0.9999957084655762,500
cka_feddst,cifar10,0.8,100,results/logs/cka_strength_sweep/cifar10_cka_strength_fixed_5605137/strength_1p0/seed_100/splits/cifar10_split_seed100_clients5_alpha0p3_ref500.json,1.0,2,conv2,1,1,1.0,0.9999957084655762,500
cka_feddst,cifar10,0.8,100,results/logs/cka_strength_sweep/cifar10_cka_strength_fixed_5605137/strength_1p0/seed_100/splits/cifar10_split_seed100_clients5_alpha0p3_ref500.json,1.0,2,conv2,1,2,0.9999975562095642,0.9999957084655762,500
cka_feddst,cifar10,0.8,100,results/logs/cka_strength_sweep/cifar10_cka_strength_fixed_5605137/strength_1p0/seed_100/splits/cifar10_split_seed100_clients5_alpha0p3_ref500.json,1.0,2,conv2,1,3,0.9999920725822449,0.9999957084655762,500
cka_feddst,cifar10,0.8,100,results/logs/cka_strength_sweep/cifar10_cka_strength_fixed_5605137/strength_1p0/seed_100/splits/cifar10_split_seed100_clients5_alpha0p3_ref500.json,1.0,2,conv2,1,4,1.0,0.9999957084655762,500
cka_feddst,cifar10,0.8,100,results/logs/cka_strength_sweep/cifar10_cka_strength_fixed_5605137/strength_1p0/seed_100/splits/cifar10_split_seed100_clients5_alpha0p3_ref500.json,1.0,2,conv2,2,0,0.9999896287918091,0.9999957084655762,500
cka_feddst,cifar10,0.8,100,results/logs/cka_strength_sweep/cifar10_cka_strength_fixed_5605137/strength_1p0/seed_100/splits/cifar10_split_seed100_clients5_alpha0p3_ref500.json,1.0,2,conv2,2,1,0.9999975562095642,0.9999957084655762,500
cka_feddst,cifar10,0.8,100,results/logs/cka_strength_sweep/cifar10_cka_strength_fixed_5605137/strength_1p0/seed_100/splits/cifar10_split_seed100_clients5_alpha0p3_ref500.json,1.0,2,conv2,2,2,1.0,0.9999957084655762,500
cka_feddst,cifar10,0.8,100,results/logs/cka_strength_sweep/cifar10_cka_strength_fixed_5605137/strength_1p0/seed_100/splits/cifar10_split_seed100_clients5_alpha0p3_ref500.json,1.0,2,conv2,2,3,0.9999969005584717,0.9999957084655762,500
cka_feddst,cifar10,0.8,100,results/logs/cka_strength_sweep/cifar10_cka_strength_fixed_5605137/strength_1p0/seed_100/splits/cifar10_split_seed100_clients5_alpha0p3_ref500.json,1.0,2,conv2,2,4,1.0,0.9999957084655762,500
cka_feddst,cifar10,0.8,100,results/logs/cka_strength_sweep/cifar10_cka_strength_fixed_5605137/strength_1p0/seed_100/splits/cifar10_split_seed100_clients5_alpha0p3_ref500.json,1.0,2,conv2,3,0,1.0,0.9999957084655762,500
cka_feddst,cifar10,0.8,100,results/logs/cka_strength_sweep/cifar10_cka_strength_fixed_5605137/strength_1p0/seed_100/splits/cifar10_split_seed100_clients5_alpha0p3_ref500.json,1.0,2,conv2,3,1,0.9999920725822449,0.9999957084655762,500
cka_feddst,cifar10,0.8,100,results/logs/cka_strength_sweep/cifar10_cka_strength_fixed_5605137/strength_1p0/seed_100/splits/cifar10_split_seed100_clients5_alpha0p3_ref500.json,1.0,2,conv2,3,2,0.9999969005584717,0.9999957084655762,500
cka_feddst,cifar10,0.8,100,results/logs/cka_strength_sweep/cifar10_cka_strength_fixed_5605137/strength_1p0/seed_100/splits/cifar10_split_seed100_clients5_alpha0p3_ref500.json,1.0,2,conv2,3,3,1.0,0.9999957084655762,500
cka_feddst,cifar10,0.8,100,results/logs/cka_strength_sweep/cifar10_cka_strength_fixed_5605137/strength_1p0/seed_100/splits/cifar10_split_seed100_clients5_alpha0p3_ref500.json,1.0,2,conv2,3,4,0.9999969601631165,0.9999957084655762,500
cka_feddst,cifar10,0.8,100,results/logs/cka_strength_sweep/cifar10_cka_strength_fixed_5605137/strength_1p0/seed_100/splits/cifar10_split_seed100_clients5_alpha0p3_ref500.json,1.0,2,conv2,4,0,0.9999933838844299,0.9999957084655762,500
cka_feddst,cifar10,0.8,100,results/logs/cka_strength_sweep/cifar10_cka_strength_fixed_5605137/strength_1p0/seed_100/splits/cifar10_split_seed100_clients5_alpha0p3_ref500.json,1.0,2,conv2,4,1,1.0,0.9999957084655762,500
cka_feddst,cifar10,0.8,100,results/logs/cka_strength_sweep/cifar10_cka_strength_fixed_5605137/strength_1p0/seed_100/splits/cifar10_split_seed100_clients5_alpha0p3_ref500.json,1.0,2,conv2,4,2,1.0,0.9999957084655762,500
cka_feddst,cifar10,0.8,100,results/logs/cka_strength_sweep/cifar10_cka_strength_fixed_5605137/strength_1p0/seed_100/splits/cifar10_split_seed100_clients5_alpha0p3_ref500.json,1.0,2,conv2,4,3,0.9999969601631165,0.9999957084655762,500
cka_feddst,cifar10,0.8,100,results/logs/cka_strength_sweep/cifar10_cka_strength_fixed_5605137/strength_1p0/seed_100/splits/cifar10_split_seed100_clients5_alpha0p3_ref500.json,1.0,2,conv2,4,4,1.0,0.9999957084655762,500
cka_feddst,cifar10,0.8,100,results/logs/cka_strength_sweep/cifar10_cka_strength_fixed_5605137/strength_1p0/seed_100/splits/cifar10_split_seed100_clients5_alpha0p3_ref500.json,1.0,2,conv3,0,0,1.0,0.9999235272407532,500
cka_feddst,cifar10,0.8,100,results/logs/cka_strength_sweep/cifar10_cka_strength_fixed_5605137/strength_1p0/seed_100/splits/cifar10_split_seed100_clients5_alpha0p3_ref500.json,1.0,2,conv3,0,1,0.9998644590377808,0.9999235272407532,500
cka_feddst,cifar10,0.8,100,results/logs/cka_strength_sweep/cifar10_cka_strength_fixed_5605137/strength_1p0/seed_100/splits/cifar10_split_seed100_clients5_alpha0p3_ref500.json,1.0,2,conv3,0,2,0.9998864531517029,0.9999235272407532,500
cka_feddst,cifar10,0.8,100,results/logs/cka_strength_sweep/cifar10_cka_strength_fixed_5605137/strength_1p0/seed_100/splits/cifar10_split_seed100_clients5_alpha0p3_ref500.json,1.0,2,conv3,0,3,0.9999618530273438,0.9999235272407532,500
cka_feddst,cifar10,0.8,100,results/logs/cka_strength_sweep/cifar10_cka_strength_fixed_5605137/strength_1p0/seed_100/splits/cifar10_split_seed100_clients5_alpha0p3_ref500.json,1.0,2,conv3,0,4,0.999945342540741,0.9999235272407532,500
cka_feddst,cifar10,0.8,100,results/logs/cka_strength_sweep/cifar10_cka_strength_fixed_5605137/strength_1p0/seed_100/splits/cifar10_split_seed100_clients5_alpha0p3_ref500.json,1.0,2,conv3,1,0,0.9998644590377808,0.9999235272407532,500
cka_feddst,cifar10,0.8,100,results/logs/cka_strength_sweep/cifar10_cka_strength_fixed_5605137/strength_1p0/seed_100/splits/cifar10_split_seed100_clients5_alpha0p3_ref500.json,1.0,2,conv3,1,1,1.0,0.9999235272407532,500
cka_feddst,cifar10,0.8,100,results/logs/cka_strength_sweep/cifar10_cka_strength_fixed_5605137/strength_1p0/seed_100/splits/cifar10_split_seed100_clients5_alpha0p3_ref500.json,1.0,2,conv3,1,2,0.9999248385429382,0.9999235272407532,500
cka_feddst,cifar10,0.8,100,results/logs/cka_strength_sweep/cifar10_cka_strength_fixed_5605137/strength_1p0/seed_100/splits/cifar10_split_seed100_clients5_alpha0p3_ref500.json,1.0,2,conv3,1,3,0.9998445510864258,0.9999235272407532,500
cka_feddst,cifar10,0.8,100,results/logs/cka_strength_sweep/cifar10_cka_strength_fixed_5605137/strength_1p0/seed_100/splits/cifar10_split_seed100_clients5_alpha0p3_ref500.json,1.0,2,conv3,1,4,0.9999702572822571,0.9999235272407532,500
cka_feddst,cifar10,0.8,100,results/logs/cka_strength_sweep/cifar10_cka_strength_fixed_5605137/strength_1p0/seed_100/splits/cifar10_split_seed100_clients5_alpha0p3_ref500.json,1.0,2,conv3,2,0,0.9998864531517029,0.9999235272407532,500
cka_feddst,cifar10,0.8,100,results/logs/cka_strength_sweep/cifar10_cka_strength_fixed_5605137/strength_1p0/seed_100/splits/cifar10_split_seed100_clients5_alpha0p3_ref500.json,1.0,2,conv3,2,1,0.9999248385429382,0.9999235272407532,500
cka_feddst,cifar10,0.8,100,results/logs/cka_strength_sweep/cifar10_cka_strength_fixed_5605137/strength_1p0/seed_100/splits/cifar10_split_seed100_clients5_alpha0p3_ref500.json,1.0,2,conv3,2,2,1.0,0.9999235272407532,500
cka_feddst,cifar10,0.8,100,results/logs/cka_strength_sweep/cifar10_cka_strength_fixed_5605137/strength_1p0/seed_100/splits/cifar10_split_seed100_clients5_alpha0p3_ref500.json,1.0,2,conv3,2,3,0.9999332427978516,0.9999235272407532,500
cka_feddst,cifar10,0.8,100,results/logs/cka_strength_sweep/cifar10_cka_strength_fixed_5605137/strength_1p0/seed_100/splits/cifar10_split_seed100_clients5_alpha0p3_ref500.json,1.0,2,conv3,2,4,0.9999650716781616,0.9999235272407532,500
cka_feddst,cifar10,0.8,100,results/logs/cka_strength_sweep/cifar10_cka_strength_fixed_5605137/strength_1p0/seed_100/splits/cifar10_split_seed100_clients5_alpha0p3_ref500.json,1.0,2,conv3,3,0,0.9999618530273438,0.9999235272407532,500
cka_feddst,cifar10,0.8,100,results/logs/cka_strength_sweep/cifar10_cka_strength_fixed_5605137/strength_1p0/seed_100/splits/cifar10_split_seed100_clients5_alpha0p3_ref500.json,1.0,2,conv3,3,1,0.9998445510864258,0.9999235272407532,500
cka_feddst,cifar10,0.8,100,results/logs/cka_strength_sweep/cifar10_cka_strength_fixed_5605137/strength_1p0/seed_100/splits/cifar10_split_seed100_clients5_alpha0p3_ref500.json,1.0,2,conv3,3,2,0.9999332427978516,0.9999235272407532,500
cka_feddst,cifar10,0.8,100,results/logs/cka_strength_sweep/cifar10_cka_strength_fixed_5605137/strength_1p0/seed_100/splits/cifar10_split_seed100_clients5_alpha0p3_ref500.json,1.0,2,conv3,3,3,1.0,0.9999235272407532,500
cka_feddst,cifar10,0.8,100,results/logs/cka_strength_sweep/cifar10_cka_strength_fixed_5605137/strength_1p0/seed_100/splits/cifar10_split_seed100_clients5_alpha0p3_ref500.json,1.0,2,conv3,3,4,0.9999393224716187,0.9999235272407532,500
cka_feddst,cifar10,0.8,100,results/logs/cka_strength_sweep/cifar10_cka_strength_fixed_5605137/strength_1p0/seed_100/splits/cifar10_split_seed100_clients5_alpha0p3_ref500.json,1.0,2,conv3,4,0,0.999945342540741,0.9999235272407532,500
cka_feddst,cifar10,0.8,100,results/logs/cka_strength_sweep/cifar10_cka_strength_fixed_5605137/strength_1p0/seed_100/splits/cifar10_split_seed100_clients5_alpha0p3_ref500.json,1.0,2,conv3,4,1,0.9999702572822571,0.9999235272407532,500
cka_feddst,cifar10,0.8,100,results/logs/cka_strength_sweep/cifar10_cka_strength_fixed_5605137/strength_1p0/seed_100/splits/cifar10_split_seed100_clients5_alpha0p3_ref500.json,1.0,2,conv3,4,2,0.9999650716781616,0.9999235272407532,500
cka_feddst,cifar10,0.8,100,results/logs/cka_strength_sweep/cifar10_cka_strength_fixed_5605137/strength_1p0/seed_100/splits/cifar10_split_seed100_clients5_alpha0p3_ref500.json,1.0,2,conv3,4,3,0.9999393224716187,0.9999235272407532,500
cka_feddst,cifar10,0.8,100,results/logs/cka_strength_sweep/cifar10_cka_strength_fixed_5605137/strength_1p0/seed_100/splits/cifar10_split_seed100_clients5_alpha0p3_ref500.json,1.0,2,conv3,4,4,1.0,0.9999235272407532,500
cka_feddst,cifar10,0.8,100,results/logs/cka_strength_sweep/cifar10_cka_strength_fixed_5605137/strength_1p0/seed_100/splits/cifar10_split_seed100_clients5_alpha0p3_ref500.json,1.0,2,fc1,0,0,1.0,0.9914990663528442,500
cka_feddst,cifar10,0.8,100,results/logs/cka_strength_sweep/cifar10_cka_strength_fixed_5605137/strength_1p0/seed_100/splits/cifar10_split_seed100_clients5_alpha0p3_ref500.json,1.0,2,fc1,0,1,0.9892686605453491,0.9914990663528442,500
cka_feddst,cifar10,0.8,100,results/logs/cka_strength_sweep/cifar10_cka_strength_fixed_5605137/strength_1p0/seed_100/splits/cifar10_split_seed100_clients5_alpha0p3_ref500.json,1.0,2,fc1,0,2,0.9954094886779785,0.9914990663528442,500
cka_feddst,cifar10,0.8,100,results/logs/cka_strength_sweep/cifar10_cka_strength_fixed_5605137/strength_1p0/seed_100/splits/cifar10_split_seed100_clients5_alpha0p3_ref500.json,1.0,2,fc1,0,3,0.9958467483520508,0.9914990663528442,500
cka_feddst,cifar10,0.8,100,results/logs/cka_strength_sweep/cifar10_cka_strength_fixed_5605137/strength_1p0/seed_100/splits/cifar10_split_seed100_clients5_alpha0p3_ref500.json,1.0,2,fc1,0,4,0.9960389733314514,0.9914990663528442,500
cka_feddst,cifar10,0.8,100,results/logs/cka_strength_sweep/cifar10_cka_strength_fixed_5605137/strength_1p0/seed_100/splits/cifar10_split_seed100_clients5_alpha0p3_ref500.json,1.0,2,fc1,1,0,0.9892686605453491,0.9914990663528442,500
cka_feddst,cifar10,0.8,100,results/logs/cka_strength_sweep/cifar10_cka_strength_fixed_5605137/strength_1p0/seed_100/splits/cifar10_split_seed100_clients5_alpha0p3_ref500.json,1.0,2,fc1,1,1,1.0,0.9914990663528442,500
cka_feddst,cifar10,0.8,100,results/logs/cka_strength_sweep/cifar10_cka_strength_fixed_5605137/strength_1p0/seed_100/splits/cifar10_split_seed100_clients5_alpha0p3_ref500.json,1.0,2,fc1,1,2,0.9817336201667786,0.9914990663528442,500
cka_feddst,cifar10,0.8,100,results/logs/cka_strength_sweep/cifar10_cka_strength_fixed_5605137/strength_1p0/seed_100/splits/cifar10_split_seed100_clients5_alpha0p3_ref500.json,1.0,2,fc1,1,3,0.9797952771186829,0.9914990663528442,500
cka_feddst,cifar10,0.8,100,results/logs/cka_strength_sweep/cifar10_cka_strength_fixed_5605137/strength_1p0/seed_100/splits/cifar10_split_seed100_clients5_alpha0p3_ref500.json,1.0,2,fc1,1,4,0.9914308190345764,0.9914990663528442,500
cka_feddst,cifar10,0.8,100,results/logs/cka_strength_sweep/cifar10_cka_strength_fixed_5605137/strength_1p0/seed_100/splits/cifar10_split_seed100_clients5_alpha0p3_ref500.json,1.0,2,fc1,2,0,0.9954094886779785,0.9914990663528442,500
cka_feddst,cifar10,0.8,100,results/logs/cka_strength_sweep/cifar10_cka_strength_fixed_5605137/strength_1p0/seed_100/splits/cifar10_split_seed100_clients5_alpha0p3_ref500.json,1.0,2,fc1,2,1,0.9817336201667786,0.9914990663528442,500
cka_feddst,cifar10,0.8,100,results/logs/cka_strength_sweep/cifar10_cka_strength_fixed_5605137/strength_1p0/seed_100/splits/cifar10_split_seed100_clients5_alpha0p3_ref500.json,1.0,2,fc1,2,2,1.0,0.9914990663528442,500
cka_feddst,cifar10,0.8,100,results/logs/cka_strength_sweep/cifar10_cka_strength_fixed_5605137/strength_1p0/seed_100/splits/cifar10_split_seed100_clients5_alpha0p3_ref500.json,1.0,2,fc1,2,3,0.9964514970779419,0.9914990663528442,500
cka_feddst,cifar10,0.8,100,results/logs/cka_strength_sweep/cifar10_cka_strength_fixed_5605137/strength_1p0/seed_100/splits/cifar10_split_seed100_clients5_alpha0p3_ref500.json,1.0,2,fc1,2,4,0.9950677156448364,0.9914990663528442,500
cka_feddst,cifar10,0.8,100,results/logs/cka_strength_sweep/cifar10_cka_strength_fixed_5605137/strength_1p0/seed_100/splits/cifar10_split_seed100_clients5_alpha0p3_ref500.json,1.0,2,fc1,3,0,0.9958467483520508,0.9914990663528442,500
cka_feddst,cifar10,0.8,100,results/logs/cka_strength_sweep/cifar10_cka_strength_fixed_5605137/strength_1p0/seed_100/splits/cifar10_split_seed100_clients5_alpha0p3_ref500.json,1.0,2,fc1,3,1,0.9797952771186829,0.9914990663528442,500
cka_feddst,cifar10,0.8,100,results/logs/cka_strength_sweep/cifar10_cka_strength_fixed_5605137/strength_1p0/seed_100/splits/cifar10_split_seed100_clients5_alpha0p3_ref500.json,1.0,2,fc1,3,2,0.9964514970779419,0.9914990663528442,500
cka_feddst,cifar10,0.8,100,results/logs/cka_strength_sweep/cifar10_cka_strength_fixed_5605137/strength_1p0/seed_100/splits/cifar10_split_seed100_clients5_alpha0p3_ref500.json,1.0,2,fc1,3,3,1.0,0.9914990663528442,500
cka_feddst,cifar10,0.8,100,results/logs/cka_strength_sweep/cifar10_cka_strength_fixed_5605137/strength_1p0/seed_100/splits/cifar10_split_seed100_clients5_alpha0p3_ref500.json,1.0,2,fc1,3,4,0.9939476251602173,0.9914990663528442,500
cka_feddst,cifar10,0.8,100,results/logs/cka_strength_sweep/cifar10_cka_strength_fixed_5605137/strength_1p0/seed_100/splits/cifar10_split_seed100_clients5_alpha0p3_ref500.json,1.0,2,fc1,4,0,0.9960389733314514,0.9914990663528442,500
cka_feddst,cifar10,0.8,100,results/logs/cka_strength_sweep/cifar10_cka_strength_fixed_5605137/strength_1p0/seed_100/splits/cifar10_split_seed100_clients5_alpha0p3_ref500.json,1.0,2,fc1,4,1,0.9914308190345764,0.9914990663528442,500
cka_feddst,cifar10,0.8,100,results/logs/cka_strength_sweep/cifar10_cka_strength_fixed_5605137/strength_1p0/seed_100/splits/cifar10_split_seed100_clients5_alpha0p3_ref500.json,1.0,2,fc1,4,2,0.9950677156448364,0.9914990663528442,500
cka_feddst,cifar10,0.8,100,results/logs/cka_strength_sweep/cifar10_cka_strength_fixed_5605137/strength_1p0/seed_100/splits/cifar10_split_seed100_clients5_alpha0p3_ref500.json,1.0,2,fc1,4,3,0.9939476251602173,0.9914990663528442,500
cka_feddst,cifar10,0.8,100,results/logs/cka_strength_sweep/cifar10_cka_strength_fixed_5605137/strength_1p0/seed_100/splits/cifar10_split_seed100_clients5_alpha0p3_ref500.json,1.0,2,fc1,4,4,1.0,0.9914990663528442,500
cka_feddst,cifar10,0.8,100,results/logs/cka_strength_sweep/cifar10_cka_strength_fixed_5605137/strength_1p0/seed_100/splits/cifar10_split_seed100_clients5_alpha0p3_ref500.json,1.0,4,conv1,0,0,1.0,0.9999500513076782,500
cka_feddst,cifar10,0.8,100,results/logs/cka_strength_sweep/cifar10_cka_strength_fixed_5605137/strength_1p0/seed_100/splits/cifar10_split_seed100_clients5_alpha0p3_ref500.json,1.0,4,conv1,0,1,0.9999760389328003,0.9999500513076782,500
cka_feddst,cifar10,0.8,100,results/logs/cka_strength_sweep/cifar10_cka_strength_fixed_5605137/strength_1p0/seed_100/splits/cifar10_split_seed100_clients5_alpha0p3_ref500.json,1.0,4,conv1,0,2,0.9999424815177917,0.9999500513076782,500
cka_feddst,cifar10,0.8,100,results/logs/cka_strength_sweep/cifar10_cka_strength_fixed_5605137/strength_1p0/seed_100/splits/cifar10_split_seed100_clients5_alpha0p3_ref500.json,1.0,4,conv1,0,3,1.0,0.9999500513076782,500
cka_feddst,cifar10,0.8,100,results/logs/cka_strength_sweep/cifar10_cka_strength_fixed_5605137/strength_1p0/seed_100/splits/cifar10_split_seed100_clients5_alpha0p3_ref500.json,1.0,4,conv1,0,4,0.999989926815033,0.9999500513076782,500
cka_feddst,cifar10,0.8,100,results/logs/cka_strength_sweep/cifar10_cka_strength_fixed_5605137/strength_1p0/seed_100/splits/cifar10_split_seed100_clients5_alpha0p3_ref500.json,1.0,4,conv1,1,0,0.9999760389328003,0.9999500513076782,500
cka_feddst,cifar10,0.8,100,results/logs/cka_strength_sweep/cifar10_cka_strength_fixed_5605137/strength_1p0/seed_100/splits/cifar10_split_seed100_clients5_alpha0p3_ref500.json,1.0,4,conv1,1,1,1.0,0.9999500513076782,500
cka_feddst,cifar10,0.8,100,results/logs/cka_strength_sweep/cifar10_cka_strength_fixed_5605137/strength_1p0/seed_100/splits/cifar10_split_seed100_clients5_alpha0p3_ref500.json,1.0,4,conv1,1,2,0.9998286962509155,0.9999500513076782,500
cka_feddst,cifar10,0.8,100,results/logs/cka_strength_sweep/cifar10_cka_strength_fixed_5605137/strength_1p0/seed_100/splits/cifar10_split_seed100_clients5_alpha0p3_ref500.json,1.0,4,conv1,1,3,0.9999653697013855,0.9999500513076782,500
cka_feddst,cifar10,0.8,100,results/logs/cka_strength_sweep/cifar10_cka_strength_fixed_5605137/strength_1p0/seed_100/splits/cifar10_split_seed100_clients5_alpha0p3_ref500.json,1.0,4,conv1,1,4,1.0,0.9999500513076782,500
cka_feddst,cifar10,0.8,100,results/logs/cka_strength_sweep/cifar10_cka_strength_fixed_5605137/strength_1p0/seed_100/splits/cifar10_split_seed100_clients5_alpha0p3_ref500.json,1.0,4,conv1,2,0,0.9999424815177917,0.9999500513076782,500
cka_feddst,cifar10,0.8,100,results/logs/cka_strength_sweep/cifar10_cka_strength_fixed_5605137/strength_1p0/seed_100/splits/cifar10_split_seed100_clients5_alpha0p3_ref500.json,1.0,4,conv1,2,1,0.9998286962509155,0.9999500513076782,500
cka_feddst,cifar10,0.8,100,results/logs/cka_strength_sweep/cifar10_cka_strength_fixed_5605137/strength_1p0/seed_100/splits/cifar10_split_seed100_clients5_alpha0p3_ref500.json,1.0,4,conv1,2,2,1.0,0.9999500513076782,500
cka_feddst,cifar10,0.8,100,results/logs/cka_strength_sweep/cifar10_cka_strength_fixed_5605137/strength_1p0/seed_100/splits/cifar10_split_seed100_clients5_alpha0p3_ref500.json,1.0,4,conv1,2,3,0.9999468326568604,0.9999500513076782,500
cka_feddst,cifar10,0.8,100,results/logs/cka_strength_sweep/cifar10_cka_strength_fixed_5605137/strength_1p0/seed_100/splits/cifar10_split_seed100_clients5_alpha0p3_ref500.json,1.0,4,conv1,2,4,0.9998676180839539,0.9999500513076782,500
cka_feddst,cifar10,0.8,100,results/logs/cka_strength_sweep/cifar10_cka_strength_fixed_5605137/strength_1p0/seed_100/splits/cifar10_split_seed100_clients5_alpha0p3_ref500.json,1.0,4,conv1,3,0,1.0,0.9999500513076782,500
cka_feddst,cifar10,0.8,100,results/logs/cka_strength_sweep/cifar10_cka_strength_fixed_5605137/strength_1p0/seed_100/splits/cifar10_split_seed100_clients5_alpha0p3_ref500.json,1.0,4,conv1,3,1,0.9999653697013855,0.9999500513076782,500
cka_feddst,cifar10,0.8,100,results/logs/cka_strength_sweep/cifar10_cka_strength_fixed_5605137/strength_1p0/seed_100/splits/cifar10_split_seed100_clients5_alpha0p3_ref500.json,1.0,4,conv1,3,2,0.9999468326568604,0.9999500513076782,500
cka_feddst,cifar10,0.8,100,results/logs/cka_strength_sweep/cifar10_cka_strength_fixed_5605137/strength_1p0/seed_100/splits/cifar10_split_seed100_clients5_alpha0p3_ref500.json,1.0,4,conv1,3,3,1.0,0.9999500513076782,500
cka_feddst,cifar10,0.8,100,results/logs/cka_strength_sweep/cifar10_cka_strength_fixed_5605137/strength_1p0/seed_100/splits/cifar10_split_seed100_clients5_alpha0p3_ref500.json,1.0,4,conv1,3,4,0.9999829530715942,0.9999500513076782,500
cka_feddst,cifar10,0.8,100,results/logs/cka_strength_sweep/cifar10_cka_strength_fixed_5605137/strength_1p0/seed_100/splits/cifar10_split_seed100_clients5_alpha0p3_ref500.json,1.0,4,conv1,4,0,0.999989926815033,0.9999500513076782,500
cka_feddst,cifar10,0.8,100,results/logs/cka_strength_sweep/cifar10_cka_strength_fixed_5605137/strength_1p0/seed_100/splits/cifar10_split_seed100_clients5_alpha0p3_ref500.json,1.0,4,conv1,4,1,1.0,0.9999500513076782,500
cka_feddst,cifar10,0.8,100,results/logs/cka_strength_sweep/cifar10_cka_strength_fixed_5605137/strength_1p0/seed_100/splits/cifar10_split_seed100_clients5_alpha0p3_ref500.json,1.0,4,conv1,4,2,0.9998676180839539,0.9999500513076782,500
cka_feddst,cifar10,0.8,100,results/logs/cka_strength_sweep/cifar10_cka_strength_fixed_5605137/strength_1p0/seed_100/splits/cifar10_split_seed100_clients5_alpha0p3_ref500.json,1.0,4,conv1,4,3,0.9999829530715942,0.9999500513076782,500
cka_feddst,cifar10,0.8,100,results/logs/cka_strength_sweep/cifar10_cka_strength_fixed_5605137/strength_1p0/seed_100/splits/cifar10_split_seed100_clients5_alpha0p3_ref500.json,1.0,4,conv1,4,4,1.0,0.9999500513076782,500
cka_feddst,cifar10,0.8,100,results/logs/cka_strength_sweep/cifar10_cka_strength_fixed_5605137/strength_1p0/seed_100/splits/cifar10_split_seed100_clients5_alpha0p3_ref500.json,1.0,4,conv2,0,0,1.0,0.9995166659355164,500
cka_feddst,cifar10,0.8,100,results/logs/cka_strength_sweep/cifar10_cka_strength_fixed_5605137/strength_1p0/seed_100/splits/cifar10_split_seed100_clients5_alpha0p3_ref500.json,1.0,4,conv2,0,1,0.9997561573982239,0.9995166659355164,500
cka_feddst,cifar10,0.8,100,results/logs/cka_strength_sweep/cifar10_cka_strength_fixed_5605137/strength_1p0/seed_100/splits/cifar10_split_seed100_clients5_alpha0p3_ref500.json,1.0,4,conv2,0,2,0.9994311332702637,0.9995166659355164,500
cka_feddst,cifar10,0.8,100,results/logs/cka_strength_sweep/cifar10_cka_strength_fixed_5605137/strength_1p0/seed_100/splits/cifar10_split_seed100_clients5_alpha0p3_ref500.json,1.0,4,conv2,0,3,0.9999488592147827,0.9995166659355164,500
cka_feddst,cifar10,0.8,100,results/logs/cka_strength_sweep/cifar10_cka_strength_fixed_5605137/strength_1p0/seed_100/splits/cifar10_split_seed100_clients5_alpha0p3_ref500.json,1.0,4,conv2,0,4,0.9998924136161804,0.9995166659355164,500
cka_feddst,cifar10,0.8,100,results/logs/cka_strength_sweep/cifar10_cka_strength_fixed_5605137/strength_1p0/seed_100/splits/cifar10_split_seed100_clients5_alpha0p3_ref500.json,1.0,4,conv2,1,0,0.9997561573982239,0.9995166659355164,500
cka_feddst,cifar10,0.8,100,results/logs/cka_strength_sweep/cifar10_cka_strength_fixed_5605137/strength_1p0/seed_100/splits/cifar10_split_seed100_clients5_alpha0p3_ref500.json,1.0,4,conv2,1,1,1.0,0.9995166659355164,500
cka_feddst,cifar10,0.8,100,results/logs/cka_strength_sweep/cifar10_cka_strength_fixed_5605137/strength_1p0/seed_100/splits/cifar10_split_seed100_clients5_alpha0p3_ref500.json,1.0,4,conv2,1,2,0.9984341263771057,0.9995166659355164,500
cka_feddst,cifar10,0.8,100,results/logs/cka_strength_sweep/cifar10_cka_strength_fixed_5605137/strength_1p0/seed_100/splits/cifar10_split_seed100_clients5_alpha0p3_ref500.json,1.0,4,conv2,1,3,0.9995233416557312,0.9995166659355164,500
cka_feddst,cifar10,0.8,100,results/logs/cka_strength_sweep/cifar10_cka_strength_fixed_5605137/strength_1p0/seed_100/splits/cifar10_split_seed100_clients5_alpha0p3_ref500.json,1.0,4,conv2,1,4,0.9999741315841675,0.9995166659355164,500
cka_feddst,cifar10,0.8,100,results/logs/cka_strength_sweep/cifar10_cka_strength_fixed_5605137/strength_1p0/seed_100/splits/cifar10_split_seed100_clients5_alpha0p3_ref500.json,1.0,4,conv2,2,0,0.9994311332702637,0.9995166659355164,500
cka_feddst,cifar10,0.8,100,results/logs/cka_strength_sweep/cifar10_cka_strength_fixed_5605137/strength_1p0/seed_100/splits/cifar10_split_seed100_clients5_alpha0p3_ref500.json,1.0,4,conv2,2,1,0.9984341263771057,0.9995166659355164,500
cka_feddst,cifar10,0.8,100,results/logs/cka_strength_sweep/cifar10_cka_strength_fixed_5605137/strength_1p0/seed_100/splits/cifar10_split_seed100_clients5_alpha0p3_ref500.json,1.0,4,conv2,2,2,1.0,0.9995166659355164,500
cka_feddst,cifar10,0.8,100,results/logs/cka_strength_sweep/cifar10_cka_strength_fixed_5605137/strength_1p0/seed_100/splits/cifar10_split_seed100_clients5_alpha0p3_ref500.json,1.0,4,conv2,2,3,0.9996588230133057,0.9995166659355164,500
cka_feddst,cifar10,0.8,100,results/logs/cka_strength_sweep/cifar10_cka_strength_fixed_5605137/strength_1p0/seed_100/splits/cifar10_split_seed100_clients5_alpha0p3_ref500.json,1.0,4,conv2,2,4,0.9988224506378174,0.9995166659355164,500
cka_feddst,cifar10,0.8,100,results/logs/cka_strength_sweep/cifar10_cka_strength_fixed_5605137/strength_1p0/seed_100/splits/cifar10_split_seed100_clients5_alpha0p3_ref500.json,1.0,4,conv2,3,0,0.9999488592147827,0.9995166659355164,500
cka_feddst,cifar10,0.8,100,results/logs/cka_strength_sweep/cifar10_cka_strength_fixed_5605137/strength_1p0/seed_100/splits/cifar10_split_seed100_clients5_alpha0p3_ref500.json,1.0,4,conv2,3,1,0.9995233416557312,0.9995166659355164,500
cka_feddst,cifar10,0.8,100,results/logs/cka_strength_sweep/cifar10_cka_strength_fixed_5605137/strength_1p0/seed_100/splits/cifar10_split_seed100_clients5_alpha0p3_ref500.json,1.0,4,conv2,3,2,0.9996588230133057,0.9995166659355164,500
cka_feddst,cifar10,0.8,100,results/logs/cka_strength_sweep/cifar10_cka_strength_fixed_5605137/strength_1p0/seed_100/splits/cifar10_split_seed100_clients5_alpha0p3_ref500.json,1.0,4,conv2,3,3,1.0,0.9995166659355164,500
cka_feddst,cifar10,0.8,100,results/logs/cka_strength_sweep/cifar10_cka_strength_fixed_5605137/strength_1p0/seed_100/splits/cifar10_split_seed100_clients5_alpha0p3_ref500.json,1.0,4,conv2,3,4,0.9997256994247437,0.9995166659355164,500
cka_feddst,cifar10,0.8,100,results/logs/cka_strength_sweep/cifar10_cka_strength_fixed_5605137/strength_1p0/seed_100/splits/cifar10_split_seed100_clients5_alpha0p3_ref500.json,1.0,4,conv2,4,0,0.9998924136161804,0.9995166659355164,500
cka_feddst,cifar10,0.8,100,results/logs/cka_strength_sweep/cifar10_cka_strength_fixed_5605137/strength_1p0/seed_100/splits/cifar10_split_seed100_clients5_alpha0p3_ref500.json,1.0,4,conv2,4,1,0.9999741315841675,0.9995166659355164,500
cka_feddst,cifar10,0.8,100,results/logs/cka_strength_sweep/cifar10_cka_strength_fixed_5605137/strength_1p0/seed_100/splits/cifar10_split_seed100_clients5_alpha0p3_ref500.json,1.0,4,conv2,4,2,0.9988224506378174,0.9995166659355164,500
cka_feddst,cifar10,0.8,100,results/logs/cka_strength_sweep/cifar10_cka_strength_fixed_5605137/strength_1p0/seed_100/splits/cifar10_split_seed100_clients5_alpha0p3_ref500.json,1.0,4,conv2,4,3,0.9997256994247437,0.9995166659355164,500
cka_feddst,cifar10,0.8,100,results/logs/cka_strength_sweep/cifar10_cka_strength_fixed_5605137/strength_1p0/seed_100/splits/cifar10_split_seed100_clients5_alpha0p3_ref500.json,1.0,4,conv2,4,4,1.0,0.9995166659355164,500
cka_feddst,cifar10,0.8,100,results/logs/cka_strength_sweep/cifar10_cka_strength_fixed_5605137/strength_1p0/seed_100/splits/cifar10_split_seed100_clients5_alpha0p3_ref500.json,1.0,4,conv3,0,0,1.0,0.999384880065918,500
cka_feddst,cifar10,0.8,100,results/logs/cka_strength_sweep/cifar10_cka_strength_fixed_5605137/strength_1p0/seed_100/splits/cifar10_split_seed100_clients5_alpha0p3_ref500.json,1.0,4,conv3,0,1,0.9996992945671082,0.999384880065918,500
cka_feddst,cifar10,0.8,100,results/logs/cka_strength_sweep/cifar10_cka_strength_fixed_5605137/strength_1p0/seed_100/splits/cifar10_split_seed100_clients5_alpha0p3_ref500.json,1.0,4,conv3,0,2,0.999241292476654,0.999384880065918,500
cka_feddst,cifar10,0.8,100,results/logs/cka_strength_sweep/cifar10_cka_strength_fixed_5605137/strength_1p0/seed_100/splits/cifar10_split_seed100_clients5_alpha0p3_ref500.json,1.0,4,conv3,0,3,0.9999357461929321,0.999384880065918,500
cka_feddst,cifar10,0.8,100,results/logs/cka_strength_sweep/cifar10_cka_strength_fixed_5605137/strength_1p0/seed_100/splits/cifar10_split_seed100_clients5_alpha0p3_ref500.json,1.0,4,conv3,0,4,0.9998629093170166,0.999384880065918,500
cka_feddst,cifar10,0.8,100,results/logs/cka_strength_sweep/cifar10_cka_strength_fixed_5605137/strength_1p0/seed_100/splits/cifar10_split_seed100_clients5_alpha0p3_ref500.json,1.0,4,conv3,1,0,0.9996992945671082,0.999384880065918,500
cka_feddst,cifar10,0.8,100,results/logs/cka_strength_sweep/cifar10_cka_strength_fixed_5605137/strength_1p0/seed_100/splits/cifar10_split_seed100_clients5_alpha0p3_ref500.json,1.0,4,conv3,1,1,1.0,0.999384880065918,500
cka_feddst,cifar10,0.8,100,results/logs/cka_strength_sweep/cifar10_cka_strength_fixed_5605137/strength_1p0/seed_100/splits/cifar10_split_seed100_clients5_alpha0p3_ref500.json,1.0,4,conv3,1,2,0.9980043768882751,0.999384880065918,500
cka_feddst,cifar10,0.8,100,results/logs/cka_strength_sweep/cifar10_cka_strength_fixed_5605137/strength_1p0/seed_100/splits/cifar10_split_seed100_clients5_alpha0p3_ref500.json,1.0,4,conv3,1,3,0.9994020462036133,0.999384880065918,500
cka_feddst,cifar10,0.8,100,results/logs/cka_strength_sweep/cifar10_cka_strength_fixed_5605137/strength_1p0/seed_100/splits/cifar10_split_seed100_clients5_alpha0p3_ref500.json,1.0,4,conv3,1,4,0.999951958656311,0.999384880065918,500
cka_feddst,cifar10,0.8,100,results/logs/cka_strength_sweep/cifar10_cka_strength_fixed_5605137/strength_1p0/seed_100/splits/cifar10_split_seed100_clients5_alpha0p3_ref500.json,1.0,4,conv3,2,0,0.999241292476654,0.999384880065918,500
cka_feddst,cifar10,0.8,100,results/logs/cka_strength_sweep/cifar10_cka_strength_fixed_5605137/strength_1p0/seed_100/splits/cifar10_split_seed100_clients5_alpha0p3_ref500.json,1.0,4,conv3,2,1,0.9980043768882751,0.999384880065918,500
cka_feddst,cifar10,0.8,100,results/logs/cka_strength_sweep/cifar10_cka_strength_fixed_5605137/strength_1p0/seed_100/splits/cifar10_split_seed100_clients5_alpha0p3_ref500.json,1.0,4,conv3,2,2,1.0,0.999384880065918,500
cka_feddst,cifar10,0.8,100,results/logs/cka_strength_sweep/cifar10_cka_strength_fixed_5605137/strength_1p0/seed_100/splits/cifar10_split_seed100_clients5_alpha0p3_ref500.json,1.0,4,conv3,2,3,0.9995542764663696,0.999384880065918,500
cka_feddst,cifar10,0.8,100,results/logs/cka_strength_sweep/cifar10_cka_strength_fixed_5605137/strength_1p0/seed_100/splits/cifar10_split_seed100_clients5_alpha0p3_ref500.json,1.0,4,conv3,2,4,0.9985322952270508,0.999384880065918,500
cka_feddst,cifar10,0.8,100,results/logs/cka_strength_sweep/cifar10_cka_strength_fixed_5605137/strength_1p0/seed_100/splits/cifar10_split_seed100_clients5_alpha0p3_ref500.json,1.0,4,conv3,3,0,0.9999357461929321,0.999384880065918,500
cka_feddst,cifar10,0.8,100,results/logs/cka_strength_sweep/cifar10_cka_strength_fixed_5605137/strength_1p0/seed_100/splits/cifar10_split_seed100_clients5_alpha0p3_ref500.json,1.0,4,conv3,3,1,0.9994020462036133,0.999384880065918,500
cka_feddst,cifar10,0.8,100,results/logs/cka_strength_sweep/cifar10_cka_strength_fixed_5605137/strength_1p0/seed_100/splits/cifar10_split_seed100_clients5_alpha0p3_ref500.json,1.0,4,conv3,3,2,0.9995542764663696,0.999384880065918,500
cka_feddst,cifar10,0.8,100,results/logs/cka_strength_sweep/cifar10_cka_strength_fixed_5605137/strength_1p0/seed_100/splits/cifar10_split_seed100_clients5_alpha0p3_ref500.json,1.0,4,conv3,3,3,1.0,0.999384880065918,500
cka_feddst,cifar10,0.8,100,results/logs/cka_strength_sweep/cifar10_cka_strength_fixed_5605137/strength_1p0/seed_100/splits/cifar10_split_seed100_clients5_alpha0p3_ref500.json,1.0,4,conv3,3,4,0.9996639490127563,0.999384880065918,500
cka_feddst,cifar10,0.8,100,results/logs/cka_strength_sweep/cifar10_cka_strength_fixed_5605137/strength_1p0/seed_100/splits/cifar10_split_seed100_clients5_alpha0p3_ref500.json,1.0,4,conv3,4,0,0.9998629093170166,0.999384880065918,500
cka_feddst,cifar10,0.8,100,results/logs/cka_strength_sweep/cifar10_cka_strength_fixed_5605137/strength_1p0/seed_100/splits/cifar10_split_seed100_clients5_alpha0p3_ref500.json,1.0,4,conv3,4,1,0.999951958656311,0.999384880065918,500
cka_feddst,cifar10,0.8,100,results/logs/cka_strength_sweep/cifar10_cka_strength_fixed_5605137/strength_1p0/seed_100/splits/cifar10_split_seed100_clients5_alpha0p3_ref500.json,1.0,4,conv3,4,2,0.9985322952270508,0.999384880065918,500
cka_feddst,cifar10,0.8,100,results/logs/cka_strength_sweep/cifar10_cka_strength_fixed_5605137/strength_1p0/seed_100/splits/cifar10_split_seed100_clients5_alpha0p3_ref500.json,1.0,4,conv3,4,3,0.9996639490127563,0.999384880065918,500
cka_feddst,cifar10,0.8,100,results/logs/cka_strength_sweep/cifar10_cka_strength_fixed_5605137/strength_1p0/seed_100/splits/cifar10_split_seed100_clients5_alpha0p3_ref500.json,1.0,4,conv3,4,4,1.0,0.999384880065918,500
cka_feddst,cifar10,0.8,100,results/logs/cka_strength_sweep/cifar10_cka_strength_fixed_5605137/strength_1p0/seed_100/splits/cifar10_split_seed100_clients5_alpha0p3_ref500.json,1.0,4,fc1,0,0,1.0,0.9893938302993774,500
cka_feddst,cifar10,0.8,100,results/logs/cka_strength_sweep/cifar10_cka_strength_fixed_5605137/strength_1p0/seed_100/splits/cifar10_split_seed100_clients5_alpha0p3_ref500.json,1.0,4,fc1,0,1,0.9957616925239563,0.9893938302993774,500
cka_feddst,cifar10,0.8,100,results/logs/cka_strength_sweep/cifar10_cka_strength_fixed_5605137/strength_1p0/seed_100/splits/cifar10_split_seed100_clients5_alpha0p3_ref500.json,1.0,4,fc1,0,2,0.9806334972381592,0.9893938302993774,500
cka_feddst,cifar10,0.8,100,results/logs/cka_strength_sweep/cifar10_cka_strength_fixed_5605137/strength_1p0/seed_100/splits/cifar10_split_seed100_clients5_alpha0p3_ref500.json,1.0,4,fc1,0,3,0.9997820854187012,0.9893938302993774,500
cka_feddst,cifar10,0.8,100,results/logs/cka_strength_sweep/cifar10_cka_strength_fixed_5605137/strength_1p0/seed_100/splits/cifar10_split_seed100_clients5_alpha0p3_ref500.json,1.0,4,fc1,0,4,0.9976137280464172,0.9893938302993774,500
cka_feddst,cifar10,0.8,100,results/logs/cka_strength_sweep/cifar10_cka_strength_fixed_5605137/strength_1p0/seed_100/splits/cifar10_split_seed100_clients5_alpha0p3_ref500.json,1.0,4,fc1,1,0,0.9957616925239563,0.9893938302993774,500
cka_feddst,cifar10,0.8,100,results/logs/cka_strength_sweep/cifar10_cka_strength_fixed_5605137/strength_1p0/seed_100/splits/cifar10_split_seed100_clients5_alpha0p3_ref500.json,1.0,4,fc1,1,1,1.0,0.9893938302993774,500
cka_feddst,cifar10,0.8,100,results/logs/cka_strength_sweep/cifar10_cka_strength_fixed_5605137/strength_1p0/seed_100/splits/cifar10_split_seed100_clients5_alpha0p3_ref500.json,1.0,4,fc1,1,2,0.9636244773864746,0.9893938302993774,500
cka_feddst,cifar10,0.8,100,results/logs/cka_strength_sweep/cifar10_cka_strength_fixed_5605137/strength_1p0/seed_100/splits/cifar10_split_seed100_clients5_alpha0p3_ref500.json,1.0,4,fc1,1,3,0.9951004981994629,0.9893938302993774,500
cka_feddst,cifar10,0.8,100,results/logs/cka_strength_sweep/cifar10_cka_strength_fixed_5605137/strength_1p0/seed_100/splits/cifar10_split_seed100_clients5_alpha0p3_ref500.json,1.0,4,fc1,1,4,0.992799699306488,0.9893938302993774,500
cka_feddst,cifar10,0.8,100,results/logs/cka_strength_sweep/cifar10_cka_strength_fixed_5605137/strength_1p0/seed_100/splits/cifar10_split_seed100_clients5_alpha0p3_ref500.json,1.0,4,fc1,2,0,0.9806334972381592,0.9893938302993774,500
cka_feddst,cifar10,0.8,100,results/logs/cka_strength_sweep/cifar10_cka_strength_fixed_5605137/strength_1p0/seed_100/splits/cifar10_split_seed100_clients5_alpha0p3_ref500.json,1.0,4,fc1,2,1,0.9636244773864746,0.9893938302993774,500
cka_feddst,cifar10,0.8,100,results/logs/cka_strength_sweep/cifar10_cka_strength_fixed_5605137/strength_1p0/seed_100/splits/cifar10_split_seed100_clients5_alpha0p3_ref500.json,1.0,4,fc1,2,2,1.0,0.9893938302993774,500
cka_feddst,cifar10,0.8,100,results/logs/cka_strength_sweep/cifar10_cka_strength_fixed_5605137/strength_1p0/seed_100/splits/cifar10_split_seed100_clients5_alpha0p3_ref500.json,1.0,4,fc1,2,3,0.9829196333885193,0.9893938302993774,500
cka_feddst,cifar10,0.8,100,results/logs/cka_strength_sweep/cifar10_cka_strength_fixed_5605137/strength_1p0/seed_100/splits/cifar10_split_seed100_clients5_alpha0p3_ref500.json,1.0,4,fc1,2,4,0.9873692989349365,0.9893938302993774,500
cka_feddst,cifar10,0.8,100,results/logs/cka_strength_sweep/cifar10_cka_strength_fixed_5605137/strength_1p0/seed_100/splits/cifar10_split_seed100_clients5_alpha0p3_ref500.json,1.0,4,fc1,3,0,0.9997820854187012,0.9893938302993774,500
cka_feddst,cifar10,0.8,100,results/logs/cka_strength_sweep/cifar10_cka_strength_fixed_5605137/strength_1p0/seed_100/splits/cifar10_split_seed100_clients5_alpha0p3_ref500.json,1.0,4,fc1,3,1,0.9951004981994629,0.9893938302993774,500
cka_feddst,cifar10,0.8,100,results/logs/cka_strength_sweep/cifar10_cka_strength_fixed_5605137/strength_1p0/seed_100/splits/cifar10_split_seed100_clients5_alpha0p3_ref500.json,1.0,4,fc1,3,2,0.9829196333885193,0.9893938302993774,500
cka_feddst,cifar10,0.8,100,results/logs/cka_strength_sweep/cifar10_cka_strength_fixed_5605137/strength_1p0/seed_100/splits/cifar10_split_seed100_clients5_alpha0p3_ref500.json,1.0,4,fc1,3,3,1.0,0.9893938302993774,500
cka_feddst,cifar10,0.8,100,results/logs/cka_strength_sweep/cifar10_cka_strength_fixed_5605137/strength_1p0/seed_100/splits/cifar10_split_seed100_clients5_alpha0p3_ref500.json,1.0,4,fc1,3,4,0.9983329772949219,0.9893938302993774,500
cka_feddst,cifar10,0.8,100,results/logs/cka_strength_sweep/cifar10_cka_strength_fixed_5605137/strength_1p0/seed_100/splits/cifar10_split_seed100_clients5_alpha0p3_ref500.json,1.0,4,fc1,4,0,0.9976137280464172,0.9893938302993774,500
cka_feddst,cifar10,0.8,100,results/logs/cka_strength_sweep/cifar10_cka_strength_fixed_5605137/strength_1p0/seed_100/splits/cifar10_split_seed100_clients5_alpha0p3_ref500.json,1.0,4,fc1,4,1,0.992799699306488,0.9893938302993774,500
cka_feddst,cifar10,0.8,100,results/logs/cka_strength_sweep/cifar10_cka_strength_fixed_5605137/strength_1p0/seed_100/splits/cifar10_split_seed100_clients5_alpha0p3_ref500.json,1.0,4,fc1,4,2,0.9873692989349365,0.9893938302993774,500
cka_feddst,cifar10,0.8,100,results/logs/cka_strength_sweep/cifar10_cka_strength_fixed_5605137/strength_1p0/seed_100/splits/cifar10_split_seed100_clients5_alpha0p3_ref500.json,1.0,4,fc1,4,3,0.9983329772949219,0.9893938302993774,500
cka_feddst,cifar10,0.8,100,results/logs/cka_strength_sweep/cifar10_cka_strength_fixed_5605137/strength_1p0/seed_100/splits/cifar10_split_seed100_clients5_alpha0p3_ref500.json,1.0,4,fc1,4,4,1.0,0.9893938302993774,500
cka_feddst,cifar10,0.8,100,results/logs/cka_strength_sweep/cifar10_cka_strength_fixed_5605137/strength_1p0/seed_100/splits/cifar10_split_seed100_clients5_alpha0p3_ref500.json,1.0,6,conv1,0,0,1.0,0.9999179840087891,500
cka_feddst,cifar10,0.8,100,results/logs/cka_strength_sweep/cifar10_cka_strength_fixed_5605137/strength_1p0/seed_100/splits/cifar10_split_seed100_clients5_alpha0p3_ref500.json,1.0,6,conv1,0,1,0.999986469745636,0.9999179840087891,500
cka_feddst,cifar10,0.8,100,results/logs/cka_strength_sweep/cifar10_cka_strength_fixed_5605137/strength_1p0/seed_100/splits/cifar10_split_seed100_clients5_alpha0p3_ref500.json,1.0,6,conv1,0,2,0.9998851418495178,0.9999179840087891,500
cka_feddst,cifar10,0.8,100,results/logs/cka_strength_sweep/cifar10_cka_strength_fixed_5605137/strength_1p0/seed_100/splits/cifar10_split_seed100_clients5_alpha0p3_ref500.json,1.0,6,conv1,0,3,0.9999824166297913,0.9999179840087891,500
cka_feddst,cifar10,0.8,100,results/logs/cka_strength_sweep/cifar10_cka_strength_fixed_5605137/strength_1p0/seed_100/splits/cifar10_split_seed100_clients5_alpha0p3_ref500.json,1.0,6,conv1,0,4,0.9999784231185913,0.9999179840087891,500
cka_feddst,cifar10,0.8,100,results/logs/cka_strength_sweep/cifar10_cka_strength_fixed_5605137/strength_1p0/seed_100/splits/cifar10_split_seed100_clients5_alpha0p3_ref500.json,1.0,6,conv1,1,0,0.999986469745636,0.9999179840087891,500
cka_feddst,cifar10,0.8,100,results/logs/cka_strength_sweep/cifar10_cka_strength_fixed_5605137/strength_1p0/seed_100/splits/cifar10_split_seed100_clients5_alpha0p3_ref500.json,1.0,6,conv1,1,1,1.0,0.9999179840087891,500
cka_feddst,cifar10,0.8,100,results/logs/cka_strength_sweep/cifar10_cka_strength_fixed_5605137/strength_1p0/seed_100/splits/cifar10_split_seed100_clients5_alpha0p3_ref500.json,1.0,6,conv1,1,2,0.9997839331626892,0.9999179840087891,500
cka_feddst,cifar10,0.8,100,results/logs/cka_strength_sweep/cifar10_cka_strength_fixed_5605137/strength_1p0/seed_100/splits/cifar10_split_seed100_clients5_alpha0p3_ref500.json,1.0,6,conv1,1,3,0.9999305605888367,0.9999179840087891,500
cka_feddst,cifar10,0.8,100,results/logs/cka_strength_sweep/cifar10_cka_strength_fixed_5605137/strength_1p0/seed_100/splits/cifar10_split_seed100_clients5_alpha0p3_ref500.json,1.0,6,conv1,1,4,1.0,0.9999179840087891,500
cka_feddst,cifar10,0.8,100,results/logs/cka_strength_sweep/cifar10_cka_strength_fixed_5605137/strength_1p0/seed_100/splits/cifar10_split_seed100_clients5_alpha0p3_ref500.json,1.0,6,conv1,2,0,0.9998851418495178,0.9999179840087891,500
cka_feddst,cifar10,0.8,100,results/logs/cka_strength_sweep/cifar10_cka_strength_fixed_5605137/strength_1p0/seed_100/splits/cifar10_split_seed100_clients5_alpha0p3_ref500.json,1.0,6,conv1,2,1,0.9997839331626892,0.9999179840087891,500
cka_feddst,cifar10,0.8,100,results/logs/cka_strength_sweep/cifar10_cka_strength_fixed_5605137/strength_1p0/seed_100/splits/cifar10_split_seed100_clients5_alpha0p3_ref500.json,1.0,6,conv1,2,2,1.0,0.9999179840087891,500
cka_feddst,cifar10,0.8,100,results/logs/cka_strength_sweep/cifar10_cka_strength_fixed_5605137/strength_1p0/seed_100/splits/cifar10_split_seed100_clients5_alpha0p3_ref500.json,1.0,6,conv1,2,3,0.9999637603759766,0.9999179840087891,500
cka_feddst,cifar10,0.8,100,results/logs/cka_strength_sweep/cifar10_cka_strength_fixed_5605137/strength_1p0/seed_100/splits/cifar10_split_seed100_clients5_alpha0p3_ref500.json,1.0,6,conv1,2,4,0.999756395816803,0.9999179840087891,500
cka_feddst,cifar10,0.8,100,results/logs/cka_strength_sweep/cifar10_cka_strength_fixed_5605137/strength_1p0/seed_100/splits/cifar10_split_seed100_clients5_alpha0p3_ref500.json,1.0,6,conv1,3,0,0.9999824166297913,0.9999179840087891,500
cka_feddst,cifar10,0.8,100,results/logs/cka_strength_sweep/cifar10_cka_strength_fixed_5605137/strength_1p0/seed_100/splits/cifar10_split_seed100_clients5_alpha0p3_ref500.json,1.0,6,conv1,3,1,0.9999305605888367,0.9999179840087891,500
cka_feddst,cifar10,0.8,100,results/logs/cka_strength_sweep/cifar10_cka_strength_fixed_5605137/strength_1p0/seed_100/splits/cifar10_split_seed100_clients5_alpha0p3_ref500.json,1.0,6,conv1,3,2,0.9999637603759766,0.9999179840087891,500
cka_feddst,cifar10,0.8,100,results/logs/cka_strength_sweep/cifar10_cka_strength_fixed_5605137/strength_1p0/seed_100/splits/cifar10_split_seed100_clients5_alpha0p3_ref500.json,1.0,6,conv1,3,3,1.0,0.9999179840087891,500
cka_feddst,cifar10,0.8,100,results/logs/cka_strength_sweep/cifar10_cka_strength_fixed_5605137/strength_1p0/seed_100/splits/cifar10_split_seed100_clients5_alpha0p3_ref500.json,1.0,6,conv1,3,4,0.9999133944511414,0.9999179840087891,500
cka_feddst,cifar10,0.8,100,results/logs/cka_strength_sweep/cifar10_cka_strength_fixed_5605137/strength_1p0/seed_100/splits/cifar10_split_seed100_clients5_alpha0p3_ref500.json,1.0,6,conv1,4,0,0.9999784231185913,0.9999179840087891,500
cka_feddst,cifar10,0.8,100,results/logs/cka_strength_sweep/cifar10_cka_strength_fixed_5605137/strength_1p0/seed_100/splits/cifar10_split_seed100_clients5_alpha0p3_ref500.json,1.0,6,conv1,4,1,1.0,0.9999179840087891,500
cka_feddst,cifar10,0.8,100,results/logs/cka_strength_sweep/cifar10_cka_strength_fixed_5605137/strength_1p0/seed_100/splits/cifar10_split_seed100_clients5_alpha0p3_ref500.json,1.0,6,conv1,4,2,0.999756395816803,0.9999179840087891,500
cka_feddst,cifar10,0.8,100,results/logs/cka_strength_sweep/cifar10_cka_strength_fixed_5605137/strength_1p0/seed_100/splits/cifar10_split_seed100_clients5_alpha0p3_ref500.json,1.0,6,conv1,4,3,0.9999133944511414,0.9999179840087891,500
cka_feddst,cifar10,0.8,100,results/logs/cka_strength_sweep/cifar10_cka_strength_fixed_5605137/strength_1p0/seed_100/splits/cifar10_split_seed100_clients5_alpha0p3_ref500.json,1.0,6,conv1,4,4,1.0,0.9999179840087891,500
cka_feddst,cifar10,0.8,100,results/logs/cka_strength_sweep/cifar10_cka_strength_fixed_5605137/strength_1p0/seed_100/splits/cifar10_split_seed100_clients5_alpha0p3_ref500.json,1.0,6,conv2,0,0,1.0,0.9997283220291138,500
cka_feddst,cifar10,0.8,100,results/logs/cka_strength_sweep/cifar10_cka_strength_fixed_5605137/strength_1p0/seed_100/splits/cifar10_split_seed100_clients5_alpha0p3_ref500.json,1.0,6,conv2,0,1,0.9999326467514038,0.9997283220291138,500
cka_feddst,cifar10,0.8,100,results/logs/cka_strength_sweep/cifar10_cka_strength_fixed_5605137/strength_1p0/seed_100/splits/cifar10_split_seed100_clients5_alpha0p3_ref500.json,1.0,6,conv2,0,2,0.9996512532234192,0.9997283220291138,500
cka_feddst,cifar10,0.8,100,results/logs/cka_strength_sweep/cifar10_cka_strength_fixed_5605137/strength_1p0/seed_100/splits/cifar10_split_seed100_clients5_alpha0p3_ref500.json,1.0,6,conv2,0,3,0.9999445676803589,0.9997283220291138,500
cka_feddst,cifar10,0.8,100,results/logs/cka_strength_sweep/cifar10_cka_strength_fixed_5605137/strength_1p0/seed_100/splits/cifar10_split_seed100_clients5_alpha0p3_ref500.json,1.0,6,conv2,0,4,0.9999215602874756,0.9997283220291138,500
cka_feddst,cifar10,0.8,100,results/logs/cka_strength_sweep/cifar10_cka_strength_fixed_5605137/strength_1p0/seed_100/splits/cifar10_split_seed100_clients5_alpha0p3_ref500.json,1.0,6,conv2,1,0,0.9999326467514038,0.9997283220291138,500
cka_feddst,cifar10,0.8,100,results/logs/cka_strength_sweep/cifar10_cka_strength_fixed_5605137/strength_1p0/seed_100/splits/cifar10_split_seed100_clients5_alpha0p3_ref500.json,1.0,6,conv2,1,1,1.0,0.9997283220291138,500
cka_feddst,cifar10,0.8,100,results/logs/cka_strength_sweep/cifar10_cka_strength_fixed_5605137/strength_1p0/seed_100/splits/cifar10_split_seed100_clients5_alpha0p3_ref500.json,1.0,6,conv2,1,2,0.9992645382881165,0.9997283220291138,500
cka_feddst,cifar10,0.8,100,results/logs/cka_strength_sweep/cifar10_cka_strength_fixed_5605137/strength_1p0/seed_100/splits/cifar10_split_seed100_clients5_alpha0p3_ref500.json,1.0,6,conv2,1,3,0.9997456669807434,0.9997283220291138,500
cka_feddst,cifar10,0.8,100,results/logs/cka_strength_sweep/cifar10_cka_strength_fixed_5605137/strength_1p0/seed_100/splits/cifar10_split_seed100_clients5_alpha0p3_ref500.json,1.0,6,conv2,1,4,0.999996542930603,0.9997283220291138,500
cka_feddst,cifar10,0.8,100,results/logs/cka_strength_sweep/cifar10_cka_strength_fixed_5605137/strength_1p0/seed_100/splits/cifar10_split_seed100_clients5_alpha0p3_ref500.json,1.0,6,conv2,2,0,0.9996512532234192,0.9997283220291138,500
cka_feddst,cifar10,0.8,100,results/logs/cka_strength_sweep/cifar10_cka_strength_fixed_5605137/strength_1p0/seed_100/splits/cifar10_split_seed100_clients5_alpha0p3_ref500.json,1.0,6,conv2,2,1,0.9992645382881165,0.9997283220291138,500
cka_feddst,cifar10,0.8,100,results/logs/cka_strength_sweep/cifar10_cka_strength_fixed_5605137/strength_1p0/seed_100/splits/cifar10_split_seed100_clients5_alpha0p3_ref500.json,1.0,6,conv2,2,2,1.0,0.9997283220291138,500
cka_feddst,cifar10,0.8,100,results/logs/cka_strength_sweep/cifar10_cka_strength_fixed_5605137/strength_1p0/seed_100/splits/cifar10_split_seed100_clients5_alpha0p3_ref500.json,1.0,6,conv2,2,3,0.9998761415481567,0.9997283220291138,500
cka_feddst,cifar10,0.8,100,results/logs/cka_strength_sweep/cifar10_cka_strength_fixed_5605137/strength_1p0/seed_100/splits/cifar10_split_seed100_clients5_alpha0p3_ref500.json,1.0,6,conv2,2,4,0.999229907989502,0.9997283220291138,500
cka_feddst,cifar10,0.8,100,results/logs/cka_strength_sweep/cifar10_cka_strength_fixed_5605137/strength_1p0/seed_100/splits/cifar10_split_seed100_clients5_alpha0p3_ref500.json,1.0,6,conv2,3,0,0.9999445676803589,0.9997283220291138,500
cka_feddst,cifar10,0.8,100,results/logs/cka_strength_sweep/cifar10_cka_strength_fixed_5605137/strength_1p0/seed_100/splits/cifar10_split_seed100_clients5_alpha0p3_ref500.json,1.0,6,conv2,3,1,0.9997456669807434,0.9997283220291138,500
cka_feddst,cifar10,0.8,100,results/logs/cka_strength_sweep/cifar10_cka_strength_fixed_5605137/strength_1p0/seed_100/splits/cifar10_split_seed100_clients5_alpha0p3_ref500.json,1.0,6,conv2,3,2,0.9998761415481567,0.9997283220291138,500
cka_feddst,cifar10,0.8,100,results/logs/cka_strength_sweep/cifar10_cka_strength_fixed_5605137/strength_1p0/seed_100/splits/cifar10_split_seed100_clients5_alpha0p3_ref500.json,1.0,6,conv2,3,3,1.0,0.9997283220291138,500
cka_feddst,cifar10,0.8,100,results/logs/cka_strength_sweep/cifar10_cka_strength_fixed_5605137/strength_1p0/seed_100/splits/cifar10_split_seed100_clients5_alpha0p3_ref500.json,1.0,6,conv2,3,4,0.9997203946113586,0.9997283220291138,500
cka_feddst,cifar10,0.8,100,results/logs/cka_strength_sweep/cifar10_cka_strength_fixed_5605137/strength_1p0/seed_100/splits/cifar10_split_seed100_clients5_alpha0p3_ref500.json,1.0,6,conv2,4,0,0.9999215602874756,0.9997283220291138,500
cka_feddst,cifar10,0.8,100,results/logs/cka_strength_sweep/cifar10_cka_strength_fixed_5605137/strength_1p0/seed_100/splits/cifar10_split_seed100_clients5_alpha0p3_ref500.json,1.0,6,conv2,4,1,0.999996542930603,0.9997283220291138,500
cka_feddst,cifar10,0.8,100,results/logs/cka_strength_sweep/cifar10_cka_strength_fixed_5605137/strength_1p0/seed_100/splits/cifar10_split_seed100_clients5_alpha0p3_ref500.json,1.0,6,conv2,4,2,0.999229907989502,0.9997283220291138,500
cka_feddst,cifar10,0.8,100,results/logs/cka_strength_sweep/cifar10_cka_strength_fixed_5605137/strength_1p0/seed_100/splits/cifar10_split_seed100_clients5_alpha0p3_ref500.json,1.0,6,conv2,4,3,0.9997203946113586,0.9997283220291138,500
cka_feddst,cifar10,0.8,100,results/logs/cka_strength_sweep/cifar10_cka_strength_fixed_5605137/strength_1p0/seed_100/splits/cifar10_split_seed100_clients5_alpha0p3_ref500.json,1.0,6,conv2,4,4,1.0,0.9997283220291138,500
cka_feddst,cifar10,0.8,100,results/logs/cka_strength_sweep/cifar10_cka_strength_fixed_5605137/strength_1p0/seed_100/splits/cifar10_split_seed100_clients5_alpha0p3_ref500.json,1.0,6,conv3,0,0,1.0,0.9996722936630249,500
cka_feddst,cifar10,0.8,100,results/logs/cka_strength_sweep/cifar10_cka_strength_fixed_5605137/strength_1p0/seed_100/splits/cifar10_split_seed100_clients5_alpha0p3_ref500.json,1.0,6,conv3,0,1,0.9999119639396667,0.9996722936630249,500
cka_feddst,cifar10,0.8,100,results/logs/cka_strength_sweep/cifar10_cka_strength_fixed_5605137/strength_1p0/seed_100/splits/cifar10_split_seed100_clients5_alpha0p3_ref500.json,1.0,6,conv3,0,2,0.9995794892311096,0.9996722936630249,500
cka_feddst,cifar10,0.8,100,results/logs/cka_strength_sweep/cifar10_cka_strength_fixed_5605137/strength_1p0/seed_100/splits/cifar10_split_seed100_clients5_alpha0p3_ref500.json,1.0,6,conv3,0,3,0.9999338388442993,0.9996722936630249,500
cka_feddst,cifar10,0.8,100,results/logs/cka_strength_sweep/cifar10_cka_strength_fixed_5605137/strength_1p0/seed_100/splits/cifar10_split_seed100_clients5_alpha0p3_ref500.json,1.0,6,conv3,0,4,0.9999053478240967,0.9996722936630249,500
cka_feddst,cifar10,0.8,100,results/logs/cka_strength_sweep/cifar10_cka_strength_fixed_5605137/strength_1p0/seed_100/splits/cifar10_split_seed100_clients5_alpha0p3_ref500.json,1.0,6,conv3,1,0,0.9999119639396667,0.9996722936630249,500
cka_feddst,cifar10,0.8,100,results/logs/cka_strength_sweep/cifar10_cka_strength_fixed_5605137/strength_1p0/seed_100/splits/cifar10_split_seed100_clients5_alpha0p3_ref500.json,1.0,6,conv3,1,1,1.0,0.9996722936630249,500
cka_feddst,cifar10,0.8,100,results/logs/cka_strength_sweep/cifar10_cka_strength_fixed_5605137/strength_1p0/seed_100/splits/cifar10_split_seed100_clients5_alpha0p3_ref500.json,1.0,6,conv3,1,2,0.9991040229797363,0.9996722936630249,500
cka_feddst,cifar10,0.8,100,results/logs/cka_strength_sweep/cifar10_cka_strength_fixed_5605137/strength_1p0/seed_100/splits/cifar10_split_seed100_clients5_alpha0p3_ref500.json,1.0,6,conv3,1,3,0.9996942281723022,0.9996722936630249,500
cka_feddst,cifar10,0.8,100,results/logs/cka_strength_sweep/cifar10_cka_strength_fixed_5605137/strength_1p0/seed_100/splits/cifar10_split_seed100_clients5_alpha0p3_ref500.json,1.0,6,conv3,1,4,0.9999909400939941,0.9996722936630249,500
cka_feddst,cifar10,0.8,100,results/logs/cka_strength_sweep/cifar10_cka_strength_fixed_5605137/strength_1p0/seed_100/splits/cifar10_split_seed100_clients5_alpha0p3_ref500.json,1.0,6,conv3,2,0,0.9995794892311096,0.9996722936630249,500
cka_feddst,cifar10,0.8,100,results/logs/cka_strength_sweep/cifar10_cka_strength_fixed_5605137/strength_1p0/seed_100/splits/cifar10_split_seed100_clients5_alpha0p3_ref500.json,1.0,6,conv3,2,1,0.9991040229797363,0.9996722936630249,500
cka_feddst,cifar10,0.8,100,results/logs/cka_strength_sweep/cifar10_cka_strength_fixed_5605137/strength_1p0/seed_100/splits/cifar10_split_seed100_clients5_alpha0p3_ref500.json,1.0,6,conv3,2,2,1.0,0.9996722936630249,500
cka_feddst,cifar10,0.8,100,results/logs/cka_strength_sweep/cifar10_cka_strength_fixed_5605137/strength_1p0/seed_100/splits/cifar10_split_seed100_clients5_alpha0p3_ref500.json,1.0,6,conv3,2,3,0.9998459219932556,0.9996722936630249,500
cka_feddst,cifar10,0.8,100,results/logs/cka_strength_sweep/cifar10_cka_strength_fixed_5605137/strength_1p0/seed_100/splits/cifar10_split_seed100_clients5_alpha0p3_ref500.json,1.0,6,conv3,2,4,0.9990842342376709,0.9996722936630249,500
cka_feddst,cifar10,0.8,100,results/logs/cka_strength_sweep/cifar10_cka_strength_fixed_5605137/strength_1p0/seed_100/splits/cifar10_split_seed100_clients5_alpha0p3_ref500.json,1.0,6,conv3,3,0,0.9999338388442993,0.9996722936630249,500
cka_feddst,cifar10,0.8,100,results/logs/cka_strength_sweep/cifar10_cka_strength_fixed_5605137/strength_1p0/seed_100/splits/cifar10_split_seed100_clients5_alpha0p3_ref500.json,1.0,6,conv3,3,1,0.9996942281723022,0.9996722936630249,500
cka_feddst,cifar10,0.8,100,results/logs/cka_strength_sweep/cifar10_cka_strength_fixed_5605137/strength_1p0/seed_100/splits/cifar10_split_seed100_clients5_alpha0p3_ref500.json,1.0,6,conv3,3,2,0.9998459219932556,0.9996722936630249,500
cka_feddst,cifar10,0.8,100,results/logs/cka_strength_sweep/cifar10_cka_strength_fixed_5605137/strength_1p0/seed_100/splits/cifar10_split_seed100_clients5_alpha0p3_ref500.json,1.0,6,conv3,3,3,1.0,0.9996722936630249,500
cka_feddst,cifar10,0.8,100,results/logs/cka_strength_sweep/cifar10_cka_strength_fixed_5605137/strength_1p0/seed_100/splits/cifar10_split_seed100_clients5_alpha0p3_ref500.json,1.0,6,conv3,3,4,0.9996734857559204,0.9996722936630249,500
cka_feddst,cifar10,0.8,100,results/logs/cka_strength_sweep/cifar10_cka_strength_fixed_5605137/strength_1p0/seed_100/splits/cifar10_split_seed100_clients5_alpha0p3_ref500.json,1.0,6,conv3,4,0,0.9999053478240967,0.9996722936630249,500
cka_feddst,cifar10,0.8,100,results/logs/cka_strength_sweep/cifar10_cka_strength_fixed_5605137/strength_1p0/seed_100/splits/cifar10_split_seed100_clients5_alpha0p3_ref500.json,1.0,6,conv3,4,1,0.9999909400939941,0.9996722936630249,500
cka_feddst,cifar10,0.8,100,results/logs/cka_strength_sweep/cifar10_cka_strength_fixed_5605137/strength_1p0/seed_100/splits/cifar10_split_seed100_clients5_alpha0p3_ref500.json,1.0,6,conv3,4,2,0.9990842342376709,0.9996722936630249,500
cka_feddst,cifar10,0.8,100,results/logs/cka_strength_sweep/cifar10_cka_strength_fixed_5605137/strength_1p0/seed_100/splits/cifar10_split_seed100_clients5_alpha0p3_ref500.json,1.0,6,conv3,4,3,0.9996734857559204,0.9996722936630249,500
cka_feddst,cifar10,0.8,100,results/logs/cka_strength_sweep/cifar10_cka_strength_fixed_5605137/strength_1p0/seed_100/splits/cifar10_split_seed100_clients5_alpha0p3_ref500.json,1.0,6,conv3,4,4,1.0,0.9996722936630249,500
cka_feddst,cifar10,0.8,100,results/logs/cka_strength_sweep/cifar10_cka_strength_fixed_5605137/strength_1p0/seed_100/splits/cifar10_split_seed100_clients5_alpha0p3_ref500.json,1.0,6,fc1,0,0,1.0,0.9961806535720825,500
cka_feddst,cifar10,0.8,100,results/logs/cka_strength_sweep/cifar10_cka_strength_fixed_5605137/strength_1p0/seed_100/splits/cifar10_split_seed100_clients5_alpha0p3_ref500.json,1.0,6,fc1,0,1,0.997692346572876,0.9961806535720825,500
cka_feddst,cifar10,0.8,100,results/logs/cka_strength_sweep/cifar10_cka_strength_fixed_5605137/strength_1p0/seed_100/splits/cifar10_split_seed100_clients5_alpha0p3_ref500.json,1.0,6,fc1,0,2,0.9940167665481567,0.9961806535720825,500
cka_feddst,cifar10,0.8,100,results/logs/cka_strength_sweep/cifar10_cka_strength_fixed_5605137/strength_1p0/seed_100/splits/cifar10_split_seed100_clients5_alpha0p3_ref500.json,1.0,6,fc1,0,3,0.9987035989761353,0.9961806535720825,500
cka_feddst,cifar10,0.8,100,results/logs/cka_strength_sweep/cifar10_cka_strength_fixed_5605137/strength_1p0/seed_100/splits/cifar10_split_seed100_clients5_alpha0p3_ref500.json,1.0,6,fc1,0,4,0.9965135455131531,0.9961806535720825,500
cka_feddst,cifar10,0.8,100,results/logs/cka_strength_sweep/cifar10_cka_strength_fixed_5605137/strength_1p0/seed_100/splits/cifar10_split_seed100_clients5_alpha0p3_ref500.json,1.0,6,fc1,1,0,0.997692346572876,0.9961806535720825,500
cka_feddst,cifar10,0.8,100,results/logs/cka_strength_sweep/cifar10_cka_strength_fixed_5605137/strength_1p0/seed_100/splits/cifar10_split_seed100_clients5_alpha0p3_ref500.json,1.0,6,fc1,1,1,1.0,0.9961806535720825,500
cka_feddst,cifar10,0.8,100,results/logs/cka_strength_sweep/cifar10_cka_strength_fixed_5605137/strength_1p0/seed_100/splits/cifar10_split_seed100_clients5_alpha0p3_ref500.json,1.0,6,fc1,1,2,0.9941637516021729,0.9961806535720825,500
cka_feddst,cifar10,0.8,100,results/logs/cka_strength_sweep/cifar10_cka_strength_fixed_5605137/strength_1p0/seed_100/splits/cifar10_split_seed100_clients5_alpha0p3_ref500.json,1.0,6,fc1,1,3,0.9987634420394897,0.9961806535720825,500
cka_feddst,cifar10,0.8,100,results/logs/cka_strength_sweep/cifar10_cka_strength_fixed_5605137/strength_1p0/seed_100/splits/cifar10_split_seed100_clients5_alpha0p3_ref500.json,1.0,6,fc1,1,4,0.996895432472229,0.9961806535720825,500
cka_feddst,cifar10,0.8,100,results/logs/cka_strength_sweep/cifar10_cka_strength_fixed_5605137/strength_1p0/seed_100/splits/cifar10_split_seed100_clients5_alpha0p3_ref500.json,1.0,6,fc1,2,0,0.9940167665481567,0.9961806535720825,500
cka_feddst,cifar10,0.8,100,results/logs/cka_strength_sweep/cifar10_cka_strength_fixed_5605137/strength_1p0/seed_100/splits/cifar10_split_seed100_clients5_alpha0p3_ref500.json,1.0,6,fc1,2,1,0.9941637516021729,0.9961806535720825,500
cka_feddst,cifar10,0.8,100,results/logs/cka_strength_sweep/cifar10_cka_strength_fixed_5605137/strength_1p0/seed_100/splits/cifar10_split_seed100_clients5_alpha0p3_ref500.json,1.0,6,fc1,2,2,1.0,0.9961806535720825,500
cka_feddst,cifar10,0.8,100,results/logs/cka_strength_sweep/cifar10_cka_strength_fixed_5605137/strength_1p0/seed_100/splits/cifar10_split_seed100_clients5_alpha0p3_ref500.json,1.0,6,fc1,2,3,0.9948747158050537,0.9961806535720825,500
cka_feddst,cifar10,0.8,100,results/logs/cka_strength_sweep/cifar10_cka_strength_fixed_5605137/strength_1p0/seed_100/splits/cifar10_split_seed100_clients5_alpha0p3_ref500.json,1.0,6,fc1,2,4,0.9920195937156677,0.9961806535720825,500
cka_feddst,cifar10,0.8,100,results/logs/cka_strength_sweep/cifar10_cka_strength_fixed_5605137/strength_1p0/seed_100/splits/cifar10_split_seed100_clients5_alpha0p3_ref500.json,1.0,6,fc1,3,0,0.9987035989761353,0.9961806535720825,500
cka_feddst,cifar10,0.8,100,results/logs/cka_strength_sweep/cifar10_cka_strength_fixed_5605137/strength_1p0/seed_100/splits/cifar10_split_seed100_clients5_alpha0p3_ref500.json,1.0,6,fc1,3,1,0.9987634420394897,0.9961806535720825,500
cka_feddst,cifar10,0.8,100,results/logs/cka_strength_sweep/cifar10_cka_strength_fixed_5605137/strength_1p0/seed_100/splits/cifar10_split_seed100_clients5_alpha0p3_ref500.json,1.0,6,fc1,3,2,0.9948747158050537,0.9961806535720825,500
cka_feddst,cifar10,0.8,100,results/logs/cka_strength_sweep/cifar10_cka_strength_fixed_5605137/strength_1p0/seed_100/splits/cifar10_split_seed100_clients5_alpha0p3_ref500.json,1.0,6,fc1,3,3,1.0,0.9961806535720825,500
cka_feddst,cifar10,0.8,100,results/logs/cka_strength_sweep/cifar10_cka_strength_fixed_5605137/strength_1p0/seed_100/splits/cifar10_split_seed100_clients5_alpha0p3_ref500.json,1.0,6,fc1,3,4,0.998163104057312,0.9961806535720825,500
cka_feddst,cifar10,0.8,100,results/logs/cka_strength_sweep/cifar10_cka_strength_fixed_5605137/strength_1p0/seed_100/splits/cifar10_split_seed100_clients5_alpha0p3_ref500.json,1.0,6,fc1,4,0,0.9965135455131531,0.9961806535720825,500
cka_feddst,cifar10,0.8,100,results/logs/cka_strength_sweep/cifar10_cka_strength_fixed_5605137/strength_1p0/seed_100/splits/cifar10_split_seed100_clients5_alpha0p3_ref500.json,1.0,6,fc1,4,1,0.996895432472229,0.9961806535720825,500
cka_feddst,cifar10,0.8,100,results/logs/cka_strength_sweep/cifar10_cka_strength_fixed_5605137/strength_1p0/seed_100/splits/cifar10_split_seed100_clients5_alpha0p3_ref500.json,1.0,6,fc1,4,2,0.9920195937156677,0.9961806535720825,500
cka_feddst,cifar10,0.8,100,results/logs/cka_strength_sweep/cifar10_cka_strength_fixed_5605137/strength_1p0/seed_100/splits/cifar10_split_seed100_clients5_alpha0p3_ref500.json,1.0,6,fc1,4,3,0.998163104057312,0.9961806535720825,500
cka_feddst,cifar10,0.8,100,results/logs/cka_strength_sweep/cifar10_cka_strength_fixed_5605137/strength_1p0/seed_100/splits/cifar10_split_seed100_clients5_alpha0p3_ref500.json,1.0,6,fc1,4,4,1.0,0.9961806535720825,500
cka_feddst,cifar10,0.8,100,results/logs/cka_strength_sweep/cifar10_cka_strength_fixed_5605137/strength_1p0/seed_100/splits/cifar10_split_seed100_clients5_alpha0p3_ref500.json,1.0,8,conv1,0,0,1.0,0.9999381303787231,500
cka_feddst,cifar10,0.8,100,results/logs/cka_strength_sweep/cifar10_cka_strength_fixed_5605137/strength_1p0/seed_100/splits/cifar10_split_seed100_clients5_alpha0p3_ref500.json,1.0,8,conv1,0,1,0.9999900460243225,0.9999381303787231,500
cka_feddst,cifar10,0.8,100,results/logs/cka_strength_sweep/cifar10_cka_strength_fixed_5605137/strength_1p0/seed_100/splits/cifar10_split_seed100_clients5_alpha0p3_ref500.json,1.0,8,conv1,0,2,0.9999061226844788,0.9999381303787231,500
cka_feddst,cifar10,0.8,100,results/logs/cka_strength_sweep/cifar10_cka_strength_fixed_5605137/strength_1p0/seed_100/splits/cifar10_split_seed100_clients5_alpha0p3_ref500.json,1.0,8,conv1,0,3,0.9999829530715942,0.9999381303787231,500
cka_feddst,cifar10,0.8,100,results/logs/cka_strength_sweep/cifar10_cka_strength_fixed_5605137/strength_1p0/seed_100/splits/cifar10_split_seed100_clients5_alpha0p3_ref500.json,1.0,8,conv1,0,4,0.9999929070472717,0.9999381303787231,500
cka_feddst,cifar10,0.8,100,results/logs/cka_strength_sweep/cifar10_cka_strength_fixed_5605137/strength_1p0/seed_100/splits/cifar10_split_seed100_clients5_alpha0p3_ref500.json,1.0,8,conv1,1,0,0.9999900460243225,0.9999381303787231,500
cka_feddst,cifar10,0.8,100,results/logs/cka_strength_sweep/cifar10_cka_strength_fixed_5605137/strength_1p0/seed_100/splits/cifar10_split_seed100_clients5_alpha0p3_ref500.json,1.0,8,conv1,1,1,1.0,0.9999381303787231,500
cka_feddst,cifar10,0.8,100,results/logs/cka_strength_sweep/cifar10_cka_strength_fixed_5605137/strength_1p0/seed_100/splits/cifar10_split_seed100_clients5_alpha0p3_ref500.json,1.0,8,conv1,1,2,0.999820351600647,0.9999381303787231,500
cka_feddst,cifar10,0.8,100,results/logs/cka_strength_sweep/cifar10_cka_strength_fixed_5605137/strength_1p0/seed_100/splits/cifar10_split_seed100_clients5_alpha0p3_ref500.json,1.0,8,conv1,1,3,0.9999369978904724,0.9999381303787231,500
cka_feddst,cifar10,0.8,100,results/logs/cka_strength_sweep/cifar10_cka_strength_fixed_5605137/strength_1p0/seed_100/splits/cifar10_split_seed100_clients5_alpha0p3_ref500.json,1.0,8,conv1,1,4,0.9999996423721313,0.9999381303787231,500
cka_feddst,cifar10,0.8,100,results/logs/cka_strength_sweep/cifar10_cka_strength_fixed_5605137/strength_1p0/seed_100/splits/cifar10_split_seed100_clients5_alpha0p3_ref500.json,1.0,8,conv1,2,0,0.9999061226844788,0.9999381303787231,500
cka_feddst,cifar10,0.8,100,results/logs/cka_strength_sweep/cifar10_cka_strength_fixed_5605137/strength_1p0/seed_100/splits/cifar10_split_seed100_clients5_alpha0p3_ref500.json,1.0,8,conv1,2,1,0.999820351600647,0.9999381303787231,500
cka_feddst,cifar10,0.8,100,results/logs/cka_strength_sweep/cifar10_cka_strength_fixed_5605137/strength_1p0/seed_100/splits/cifar10_split_seed100_clients5_alpha0p3_ref500.json,1.0,8,conv1,2,2,1.0,0.9999381303787231,500
cka_feddst,cifar10,0.8,100,results/logs/cka_strength_sweep/cifar10_cka_strength_fixed_5605137/strength_1p0/seed_100/splits/cifar10_split_seed100_clients5_alpha0p3_ref500.json,1.0,8,conv1,2,3,0.9999721646308899,0.9999381303787231,500
cka_feddst,cifar10,0.8,100,results/logs/cka_strength_sweep/cifar10_cka_strength_fixed_5605137/strength_1p0/seed_100/splits/cifar10_split_seed100_clients5_alpha0p3_ref500.json,1.0,8,conv1,2,4,0.9998351335525513,0.9999381303787231,500
cka_feddst,cifar10,0.8,100,results/logs/cka_strength_sweep/cifar10_cka_strength_fixed_5605137/strength_1p0/seed_100/splits/cifar10_split_seed100_clients5_alpha0p3_ref500.json,1.0,8,conv1,3,0,0.9999829530715942,0.9999381303787231,500
cka_feddst,cifar10,0.8,100,results/logs/cka_strength_sweep/cifar10_cka_strength_fixed_5605137/strength_1p0/seed_100/splits/cifar10_split_seed100_clients5_alpha0p3_ref500.json,1.0,8,conv1,3,1,0.9999369978904724,0.9999381303787231,500
cka_feddst,cifar10,0.8,100,results/logs/cka_strength_sweep/cifar10_cka_strength_fixed_5605137/strength_1p0/seed_100/splits/cifar10_split_seed100_clients5_alpha0p3_ref500.json,1.0,8,conv1,3,2,0.9999721646308899,0.9999381303787231,500
cka_feddst,cifar10,0.8,100,results/logs/cka_strength_sweep/cifar10_cka_strength_fixed_5605137/strength_1p0/seed_100/splits/cifar10_split_seed100_clients5_alpha0p3_ref500.json,1.0,8,conv1,3,3,1.0,0.9999381303787231,500
cka_feddst,cifar10,0.8,100,results/logs/cka_strength_sweep/cifar10_cka_strength_fixed_5605137/strength_1p0/seed_100/splits/cifar10_split_seed100_clients5_alpha0p3_ref500.json,1.0,8,conv1,3,4,0.9999449849128723,0.9999381303787231,500
cka_feddst,cifar10,0.8,100,results/logs/cka_strength_sweep/cifar10_cka_strength_fixed_5605137/strength_1p0/seed_100/splits/cifar10_split_seed100_clients5_alpha0p3_ref500.json,1.0,8,conv1,4,0,0.9999929070472717,0.9999381303787231,500
cka_feddst,cifar10,0.8,100,results/logs/cka_strength_sweep/cifar10_cka_strength_fixed_5605137/strength_1p0/seed_100/splits/cifar10_split_seed100_clients5_alpha0p3_ref500.json,1.0,8,conv1,4,1,0.9999996423721313,0.9999381303787231,500
cka_feddst,cifar10,0.8,100,results/logs/cka_strength_sweep/cifar10_cka_strength_fixed_5605137/strength_1p0/seed_100/splits/cifar10_split_seed100_clients5_alpha0p3_ref500.json,1.0,8,conv1,4,2,0.9998351335525513,0.9999381303787231,500
cka_feddst,cifar10,0.8,100,results/logs/cka_strength_sweep/cifar10_cka_strength_fixed_5605137/strength_1p0/seed_100/splits/cifar10_split_seed100_clients5_alpha0p3_ref500.json,1.0,8,conv1,4,3,0.9999449849128723,0.9999381303787231,500
cka_feddst,cifar10,0.8,100,results/logs/cka_strength_sweep/cifar10_cka_strength_fixed_5605137/strength_1p0/seed_100/splits/cifar10_split_seed100_clients5_alpha0p3_ref500.json,1.0,8,conv1,4,4,1.0,0.9999381303787231,500
cka_feddst,cifar10,0.8,100,results/logs/cka_strength_sweep/cifar10_cka_strength_fixed_5605137/strength_1p0/seed_100/splits/cifar10_split_seed100_clients5_alpha0p3_ref500.json,1.0,8,conv2,0,0,1.0,0.9996765851974487,500
cka_feddst,cifar10,0.8,100,results/logs/cka_strength_sweep/cifar10_cka_strength_fixed_5605137/strength_1p0/seed_100/splits/cifar10_split_seed100_clients5_alpha0p3_ref500.json,1.0,8,conv2,0,1,0.9998997449874878,0.9996765851974487,500
cka_feddst,cifar10,0.8,100,results/logs/cka_strength_sweep/cifar10_cka_strength_fixed_5605137/strength_1p0/seed_100/splits/cifar10_split_seed100_clients5_alpha0p3_ref500.json,1.0,8,conv2,0,2,0.9995715618133545,0.9996765851974487,500
cka_feddst,cifar10,0.8,100,results/logs/cka_strength_sweep/cifar10_cka_strength_fixed_5605137/strength_1p0/seed_100/splits/cifar10_split_seed100_clients5_alpha0p3_ref500.json,1.0,8,conv2,0,3,0.9999446272850037,0.9996765851974487,500
cka_feddst,cifar10,0.8,100,results/logs/cka_strength_sweep/cifar10_cka_strength_fixed_5605137/strength_1p0/seed_100/splits/cifar10_split_seed100_clients5_alpha0p3_ref500.json,1.0,8,conv2,0,4,0.9999223947525024,0.9996765851974487,500
cka_feddst,cifar10,0.8,100,results/logs/cka_strength_sweep/cifar10_cka_strength_fixed_5605137/strength_1p0/seed_100/splits/cifar10_split_seed100_clients5_alpha0p3_ref500.json,1.0,8,conv2,1,0,0.9998997449874878,0.9996765851974487,500
cka_feddst,cifar10,0.8,100,results/logs/cka_strength_sweep/cifar10_cka_strength_fixed_5605137/strength_1p0/seed_100/splits/cifar10_split_seed100_clients5_alpha0p3_ref500.json,1.0,8,conv2,1,1,1.0,0.9996765851974487,500
cka_feddst,cifar10,0.8,100,results/logs/cka_strength_sweep/cifar10_cka_strength_fixed_5605137/strength_1p0/seed_100/splits/cifar10_split_seed100_clients5_alpha0p3_ref500.json,1.0,8,conv2,1,2,0.9990577101707458,0.9996765851974487,500
cka_feddst,cifar10,0.8,100,results/logs/cka_strength_sweep/cifar10_cka_strength_fixed_5605137/strength_1p0/seed_100/splits/cifar10_split_seed100_clients5_alpha0p3_ref500.json,1.0,8,conv2,1,3,0.9997031092643738,0.9996765851974487,500
cka_feddst,cifar10,0.8,100,results/logs/cka_strength_sweep/cifar10_cka_strength_fixed_5605137/strength_1p0/seed_100/splits/cifar10_split_seed100_clients5_alpha0p3_ref500.json,1.0,8,conv2,1,4,0.9999912977218628,0.9996765851974487,500
cka_feddst,cifar10,0.8,100,results/logs/cka_strength_sweep/cifar10_cka_strength_fixed_5605137/strength_1p0/seed_100/splits/cifar10_split_seed100_clients5_alpha0p3_ref500.json,1.0,8,conv2,2,0,0.9995715618133545,0.9996765851974487,500
cka_feddst,cifar10,0.8,100,results/logs/cka_strength_sweep/cifar10_cka_strength_fixed_5605137/strength_1p0/seed_100/splits/cifar10_split_seed100_clients5_alpha0p3_ref500.json,1.0,8,conv2,2,1,0.9990577101707458,0.9996765851974487,500
cka_feddst,cifar10,0.8,100,results/logs/cka_strength_sweep/cifar10_cka_strength_fixed_5605137/strength_1p0/seed_100/splits/cifar10_split_seed100_clients5_alpha0p3_ref500.json,1.0,8,conv2,2,2,1.0,0.9996765851974487,500
cka_feddst,cifar10,0.8,100,results/logs/cka_strength_sweep/cifar10_cka_strength_fixed_5605137/strength_1p0/seed_100/splits/cifar10_split_seed100_clients5_alpha0p3_ref500.json,1.0,8,conv2,2,3,0.9998177289962769,0.9996765851974487,500
cka_feddst,cifar10,0.8,100,results/logs/cka_strength_sweep/cifar10_cka_strength_fixed_5605137/strength_1p0/seed_100/splits/cifar10_split_seed100_clients5_alpha0p3_ref500.json,1.0,8,conv2,2,4,0.9991239309310913,0.9996765851974487,500
cka_feddst,cifar10,0.8,100,results/logs/cka_strength_sweep/cifar10_cka_strength_fixed_5605137/strength_1p0/seed_100/splits/cifar10_split_seed100_clients5_alpha0p3_ref500.json,1.0,8,conv2,3,0,0.9999446272850037,0.9996765851974487,500
cka_feddst,cifar10,0.8,100,results/logs/cka_strength_sweep/cifar10_cka_strength_fixed_5605137/strength_1p0/seed_100/splits/cifar10_split_seed100_clients5_alpha0p3_ref500.json,1.0,8,conv2,3,1,0.9997031092643738,0.9996765851974487,500
cka_feddst,cifar10,0.8,100,results/logs/cka_strength_sweep/cifar10_cka_strength_fixed_5605137/strength_1p0/seed_100/splits/cifar10_split_seed100_clients5_alpha0p3_ref500.json,1.0,8,conv2,3,2,0.9998177289962769,0.9996765851974487,500
cka_feddst,cifar10,0.8,100,results/logs/cka_strength_sweep/cifar10_cka_strength_fixed_5605137/strength_1p0/seed_100/splits/cifar10_split_seed100_clients5_alpha0p3_ref500.json,1.0,8,conv2,3,3,1.0,0.9996765851974487,500
cka_feddst,cifar10,0.8,100,results/logs/cka_strength_sweep/cifar10_cka_strength_fixed_5605137/strength_1p0/seed_100/splits/cifar10_split_seed100_clients5_alpha0p3_ref500.json,1.0,8,conv2,3,4,0.9997339844703674,0.9996765851974487,500
cka_feddst,cifar10,0.8,100,results/logs/cka_strength_sweep/cifar10_cka_strength_fixed_5605137/strength_1p0/seed_100/splits/cifar10_split_seed100_clients5_alpha0p3_ref500.json,1.0,8,conv2,4,0,0.9999223947525024,0.9996765851974487,500
cka_feddst,cifar10,0.8,100,results/logs/cka_strength_sweep/cifar10_cka_strength_fixed_5605137/strength_1p0/seed_100/splits/cifar10_split_seed100_clients5_alpha0p3_ref500.json,1.0,8,conv2,4,1,0.9999912977218628,0.9996765851974487,500
cka_feddst,cifar10,0.8,100,results/logs/cka_strength_sweep/cifar10_cka_strength_fixed_5605137/strength_1p0/seed_100/splits/cifar10_split_seed100_clients5_alpha0p3_ref500.json,1.0,8,conv2,4,2,0.9991239309310913,0.9996765851974487,500
cka_feddst,cifar10,0.8,100,results/logs/cka_strength_sweep/cifar10_cka_strength_fixed_5605137/strength_1p0/seed_100/splits/cifar10_split_seed100_clients5_alpha0p3_ref500.json,1.0,8,conv2,4,3,0.9997339844703674,0.9996765851974487,500
cka_feddst,cifar10,0.8,100,results/logs/cka_strength_sweep/cifar10_cka_strength_fixed_5605137/strength_1p0/seed_100/splits/cifar10_split_seed100_clients5_alpha0p3_ref500.json,1.0,8,conv2,4,4,1.0,0.9996765851974487,500
cka_feddst,cifar10,0.8,100,results/logs/cka_strength_sweep/cifar10_cka_strength_fixed_5605137/strength_1p0/seed_100/splits/cifar10_split_seed100_clients5_alpha0p3_ref500.json,1.0,8,conv3,0,0,1.0,0.9995924234390259,500
cka_feddst,cifar10,0.8,100,results/logs/cka_strength_sweep/cifar10_cka_strength_fixed_5605137/strength_1p0/seed_100/splits/cifar10_split_seed100_clients5_alpha0p3_ref500.json,1.0,8,conv3,0,1,0.9998688697814941,0.9995924234390259,500
cka_feddst,cifar10,0.8,100,results/logs/cka_strength_sweep/cifar10_cka_strength_fixed_5605137/strength_1p0/seed_100/splits/cifar10_split_seed100_clients5_alpha0p3_ref500.json,1.0,8,conv3,0,2,0.9994613528251648,0.9995924234390259,500
cka_feddst,cifar10,0.8,100,results/logs/cka_strength_sweep/cifar10_cka_strength_fixed_5605137/strength_1p0/seed_100/splits/cifar10_split_seed100_clients5_alpha0p3_ref500.json,1.0,8,conv3,0,3,0.9999312162399292,0.9995924234390259,500
cka_feddst,cifar10,0.8,100,results/logs/cka_strength_sweep/cifar10_cka_strength_fixed_5605137/strength_1p0/seed_100/splits/cifar10_split_seed100_clients5_alpha0p3_ref500.json,1.0,8,conv3,0,4,0.9999027848243713,0.9995924234390259,500
cka_feddst,cifar10,0.8,100,results/logs/cka_strength_sweep/cifar10_cka_strength_fixed_5605137/strength_1p0/seed_100/splits/cifar10_split_seed100_clients5_alpha0p3_ref500.json,1.0,8,conv3,1,0,0.9998688697814941,0.9995924234390259,500
cka_feddst,cifar10,0.8,100,results/logs/cka_strength_sweep/cifar10_cka_strength_fixed_5605137/strength_1p0/seed_100/splits/cifar10_split_seed100_clients5_alpha0p3_ref500.json,1.0,8,conv3,1,1,1.0,0.9995924234390259,500
cka_feddst,cifar10,0.8,100,results/logs/cka_strength_sweep/cifar10_cka_strength_fixed_5605137/strength_1p0/seed_100/splits/cifar10_split_seed100_clients5_alpha0p3_ref500.json,1.0,8,conv3,1,2,0.99880450963974,0.9995924234390259,500
cka_feddst,cifar10,0.8,100,results/logs/cka_strength_sweep/cifar10_cka_strength_fixed_5605137/strength_1p0/seed_100/splits/cifar10_split_seed100_clients5_alpha0p3_ref500.json,1.0,8,conv3,1,3,0.9996213912963867,0.9995924234390259,500
cka_feddst,cifar10,0.8,100,results/logs/cka_strength_sweep/cifar10_cka_strength_fixed_5605137/strength_1p0/seed_100/splits/cifar10_split_seed100_clients5_alpha0p3_ref500.json,1.0,8,conv3,1,4,0.999983012676239,0.9995924234390259,500
cka_feddst,cifar10,0.8,100,results/logs/cka_strength_sweep/cifar10_cka_strength_fixed_5605137/strength_1p0/seed_100/splits/cifar10_split_seed100_clients5_alpha0p3_ref500.json,1.0,8,conv3,2,0,0.9994613528251648,0.9995924234390259,500
cka_feddst,cifar10,0.8,100,results/logs/cka_strength_sweep/cifar10_cka_strength_fixed_5605137/strength_1p0/seed_100/splits/cifar10_split_seed100_clients5_alpha0p3_ref500.json,1.0,8,conv3,2,1,0.99880450963974,0.9995924234390259,500
cka_feddst,cifar10,0.8,100,results/logs/cka_strength_sweep/cifar10_cka_strength_fixed_5605137/strength_1p0/seed_100/splits/cifar10_split_seed100_clients5_alpha0p3_ref500.json,1.0,8,conv3,2,2,1.0,0.9995924234390259,500
cka_feddst,cifar10,0.8,100,results/logs/cka_strength_sweep/cifar10_cka_strength_fixed_5605137/strength_1p0/seed_100/splits/cifar10_split_seed100_clients5_alpha0p3_ref500.json,1.0,8,conv3,2,3,0.9997701644897461,0.9995924234390259,500
cka_feddst,cifar10,0.8,100,results/logs/cka_strength_sweep/cifar10_cka_strength_fixed_5605137/strength_1p0/seed_100/splits/cifar10_split_seed100_clients5_alpha0p3_ref500.json,1.0,8,conv3,2,4,0.9989074468612671,0.9995924234390259,500
cka_feddst,cifar10,0.8,100,results/logs/cka_strength_sweep/cifar10_cka_strength_fixed_5605137/strength_1p0/seed_100/splits/cifar10_split_seed100_clients5_alpha0p3_ref500.json,1.0,8,conv3,3,0,0.9999312162399292,0.9995924234390259,500
cka_feddst,cifar10,0.8,100,results/logs/cka_strength_sweep/cifar10_cka_strength_fixed_5605137/strength_1p0/seed_100/splits/cifar10_split_seed100_clients5_alpha0p3_ref500.json,1.0,8,conv3,3,1,0.9996213912963867,0.9995924234390259,500
cka_feddst,cifar10,0.8,100,results/logs/cka_strength_sweep/cifar10_cka_strength_fixed_5605137/strength_1p0/seed_100/splits/cifar10_split_seed100_clients5_alpha0p3_ref500.json,1.0,8,conv3,3,2,0.9997701644897461,0.9995924234390259,500
cka_feddst,cifar10,0.8,100,results/logs/cka_strength_sweep/cifar10_cka_strength_fixed_5605137/strength_1p0/seed_100/splits/cifar10_split_seed100_clients5_alpha0p3_ref500.json,1.0,8,conv3,3,3,1.0,0.9995924234390259,500
cka_feddst,cifar10,0.8,100,results/logs/cka_strength_sweep/cifar10_cka_strength_fixed_5605137/strength_1p0/seed_100/splits/cifar10_split_seed100_clients5_alpha0p3_ref500.json,1.0,8,conv3,3,4,0.9996733665466309,0.9995924234390259,500
cka_feddst,cifar10,0.8,100,results/logs/cka_strength_sweep/cifar10_cka_strength_fixed_5605137/strength_1p0/seed_100/splits/cifar10_split_seed100_clients5_alpha0p3_ref500.json,1.0,8,conv3,4,0,0.9999027848243713,0.9995924234390259,500
cka_feddst,cifar10,0.8,100,results/logs/cka_strength_sweep/cifar10_cka_strength_fixed_5605137/strength_1p0/seed_100/splits/cifar10_split_seed100_clients5_alpha0p3_ref500.json,1.0,8,conv3,4,1,0.999983012676239,0.9995924234390259,500
cka_feddst,cifar10,0.8,100,results/logs/cka_strength_sweep/cifar10_cka_strength_fixed_5605137/strength_1p0/seed_100/splits/cifar10_split_seed100_clients5_alpha0p3_ref500.json,1.0,8,conv3,4,2,0.9989074468612671,0.9995924234390259,500
cka_feddst,cifar10,0.8,100,results/logs/cka_strength_sweep/cifar10_cka_strength_fixed_5605137/strength_1p0/seed_100/splits/cifar10_split_seed100_clients5_alpha0p3_ref500.json,1.0,8,conv3,4,3,0.9996733665466309,0.9995924234390259,500
cka_feddst,cifar10,0.8,100,results/logs/cka_strength_sweep/cifar10_cka_strength_fixed_5605137/strength_1p0/seed_100/splits/cifar10_split_seed100_clients5_alpha0p3_ref500.json,1.0,8,conv3,4,4,1.0,0.9995924234390259,500
cka_feddst,cifar10,0.8,100,results/logs/cka_strength_sweep/cifar10_cka_strength_fixed_5605137/strength_1p0/seed_100/splits/cifar10_split_seed100_clients5_alpha0p3_ref500.json,1.0,8,fc1,0,0,1.0,0.9919875264167786,500
cka_feddst,cifar10,0.8,100,results/logs/cka_strength_sweep/cifar10_cka_strength_fixed_5605137/strength_1p0/seed_100/splits/cifar10_split_seed100_clients5_alpha0p3_ref500.json,1.0,8,fc1,0,1,0.9934134483337402,0.9919875264167786,500
cka_feddst,cifar10,0.8,100,results/logs/cka_strength_sweep/cifar10_cka_strength_fixed_5605137/strength_1p0/seed_100/splits/cifar10_split_seed100_clients5_alpha0p3_ref500.json,1.0,8,fc1,0,2,0.9800465703010559,0.9919875264167786,500
cka_feddst,cifar10,0.8,100,results/logs/cka_strength_sweep/cifar10_cka_strength_fixed_5605137/strength_1p0/seed_100/splits/cifar10_split_seed100_clients5_alpha0p3_ref500.json,1.0,8,fc1,0,3,0.9933673739433289,0.9919875264167786,500
cka_feddst,cifar10,0.8,100,results/logs/cka_strength_sweep/cifar10_cka_strength_fixed_5605137/strength_1p0/seed_100/splits/cifar10_split_seed100_clients5_alpha0p3_ref500.json,1.0,8,fc1,0,4,0.9902437925338745,0.9919875264167786,500
cka_feddst,cifar10,0.8,100,results/logs/cka_strength_sweep/cifar10_cka_strength_fixed_5605137/strength_1p0/seed_100/splits/cifar10_split_seed100_clients5_alpha0p3_ref500.json,1.0,8,fc1,1,0,0.9934134483337402,0.9919875264167786,500
cka_feddst,cifar10,0.8,100,results/logs/cka_strength_sweep/cifar10_cka_strength_fixed_5605137/strength_1p0/seed_100/splits/cifar10_split_seed100_clients5_alpha0p3_ref500.json,1.0,8,fc1,1,1,1.0,0.9919875264167786,500
cka_feddst,cifar10,0.8,100,results/logs/cka_strength_sweep/cifar10_cka_strength_fixed_5605137/strength_1p0/seed_100/splits/cifar10_split_seed100_clients5_alpha0p3_ref500.json,1.0,8,fc1,1,2,0.9887365102767944,0.9919875264167786,500
cka_feddst,cifar10,0.8,100,results/logs/cka_strength_sweep/cifar10_cka_strength_fixed_5605137/strength_1p0/seed_100/splits/cifar10_split_seed100_clients5_alpha0p3_ref500.json,1.0,8,fc1,1,3,0.9976081252098083,0.9919875264167786,500
cka_feddst,cifar10,0.8,100,results/logs/cka_strength_sweep/cifar10_cka_strength_fixed_5605137/strength_1p0/seed_100/splits/cifar10_split_seed100_clients5_alpha0p3_ref500.json,1.0,8,fc1,1,4,0.9940003156661987,0.9919875264167786,500
cka_feddst,cifar10,0.8,100,results/logs/cka_strength_sweep/cifar10_cka_strength_fixed_5605137/strength_1p0/seed_100/splits/cifar10_split_seed100_clients5_alpha0p3_ref500.json,1.0,8,fc1,2,0,0.9800465703010559,0.9919875264167786,500
cka_feddst,cifar10,0.8,100,results/logs/cka_strength_sweep/cifar10_cka_strength_fixed_5605137/strength_1p0/seed_100/splits/cifar10_split_seed100_clients5_alpha0p3_ref500.json,1.0,8,fc1,2,1,0.9887365102767944,0.9919875264167786,500
cka_feddst,cifar10,0.8,100,results/logs/cka_strength_sweep/cifar10_cka_strength_fixed_5605137/strength_1p0/seed_100/splits/cifar10_split_seed100_clients5_alpha0p3_ref500.json,1.0,8,fc1,2,2,1.0,0.9919875264167786,500
cka_feddst,cifar10,0.8,100,results/logs/cka_strength_sweep/cifar10_cka_strength_fixed_5605137/strength_1p0/seed_100/splits/cifar10_split_seed100_clients5_alpha0p3_ref500.json,1.0,8,fc1,2,3,0.9937561750411987,0.9919875264167786,500
cka_feddst,cifar10,0.8,100,results/logs/cka_strength_sweep/cifar10_cka_strength_fixed_5605137/strength_1p0/seed_100/splits/cifar10_split_seed100_clients5_alpha0p3_ref500.json,1.0,8,fc1,2,4,0.9915962219238281,0.9919875264167786,500
cka_feddst,cifar10,0.8,100,results/logs/cka_strength_sweep/cifar10_cka_strength_fixed_5605137/strength_1p0/seed_100/splits/cifar10_split_seed100_clients5_alpha0p3_ref500.json,1.0,8,fc1,3,0,0.9933673739433289,0.9919875264167786,500
cka_feddst,cifar10,0.8,100,results/logs/cka_strength_sweep/cifar10_cka_strength_fixed_5605137/strength_1p0/seed_100/splits/cifar10_split_seed100_clients5_alpha0p3_ref500.json,1.0,8,fc1,3,1,0.9976081252098083,0.9919875264167786,500
cka_feddst,cifar10,0.8,100,results/logs/cka_strength_sweep/cifar10_cka_strength_fixed_5605137/strength_1p0/seed_100/splits/cifar10_split_seed100_clients5_alpha0p3_ref500.json,1.0,8,fc1,3,2,0.9937561750411987,0.9919875264167786,500
cka_feddst,cifar10,0.8,100,results/logs/cka_strength_sweep/cifar10_cka_strength_fixed_5605137/strength_1p0/seed_100/splits/cifar10_split_seed100_clients5_alpha0p3_ref500.json,1.0,8,fc1,3,3,1.0,0.9919875264167786,500
cka_feddst,cifar10,0.8,100,results/logs/cka_strength_sweep/cifar10_cka_strength_fixed_5605137/strength_1p0/seed_100/splits/cifar10_split_seed100_clients5_alpha0p3_ref500.json,1.0,8,fc1,3,4,0.997106671333313,0.9919875264167786,500
cka_feddst,cifar10,0.8,100,results/logs/cka_strength_sweep/cifar10_cka_strength_fixed_5605137/strength_1p0/seed_100/splits/cifar10_split_seed100_clients5_alpha0p3_ref500.json,1.0,8,fc1,4,0,0.9902437925338745,0.9919875264167786,500
cka_feddst,cifar10,0.8,100,results/logs/cka_strength_sweep/cifar10_cka_strength_fixed_5605137/strength_1p0/seed_100/splits/cifar10_split_seed100_clients5_alpha0p3_ref500.json,1.0,8,fc1,4,1,0.9940003156661987,0.9919875264167786,500
cka_feddst,cifar10,0.8,100,results/logs/cka_strength_sweep/cifar10_cka_strength_fixed_5605137/strength_1p0/seed_100/splits/cifar10_split_seed100_clients5_alpha0p3_ref500.json,1.0,8,fc1,4,2,0.9915962219238281,0.9919875264167786,500
cka_feddst,cifar10,0.8,100,results/logs/cka_strength_sweep/cifar10_cka_strength_fixed_5605137/strength_1p0/seed_100/splits/cifar10_split_seed100_clients5_alpha0p3_ref500.json,1.0,8,fc1,4,3,0.997106671333313,0.9919875264167786,500
cka_feddst,cifar10,0.8,100,results/logs/cka_strength_sweep/cifar10_cka_strength_fixed_5605137/strength_1p0/seed_100/splits/cifar10_split_seed100_clients5_alpha0p3_ref500.json,1.0,8,fc1,4,4,1.0,0.9919875264167786,500
cka_feddst,cifar10,0.8,100,results/logs/cka_strength_sweep/cifar10_cka_strength_fixed_5605137/strength_1p0/seed_100/splits/cifar10_split_seed100_clients5_alpha0p3_ref500.json,1.0,10,conv1,0,0,1.0,0.9999274015426636,500
cka_feddst,cifar10,0.8,100,results/logs/cka_strength_sweep/cifar10_cka_strength_fixed_5605137/strength_1p0/seed_100/splits/cifar10_split_seed100_clients5_alpha0p3_ref500.json,1.0,10,conv1,0,1,0.9999867081642151,0.9999274015426636,500
cka_feddst,cifar10,0.8,100,results/logs/cka_strength_sweep/cifar10_cka_strength_fixed_5605137/strength_1p0/seed_100/splits/cifar10_split_seed100_clients5_alpha0p3_ref500.json,1.0,10,conv1,0,2,0.9998942613601685,0.9999274015426636,500
cka_feddst,cifar10,0.8,100,results/logs/cka_strength_sweep/cifar10_cka_strength_fixed_5605137/strength_1p0/seed_100/splits/cifar10_split_seed100_clients5_alpha0p3_ref500.json,1.0,10,conv1,0,3,0.9999834895133972,0.9999274015426636,500
cka_feddst,cifar10,0.8,100,results/logs/cka_strength_sweep/cifar10_cka_strength_fixed_5605137/strength_1p0/seed_100/splits/cifar10_split_seed100_clients5_alpha0p3_ref500.json,1.0,10,conv1,0,4,0.9999897480010986,0.9999274015426636,500
cka_feddst,cifar10,0.8,100,results/logs/cka_strength_sweep/cifar10_cka_strength_fixed_5605137/strength_1p0/seed_100/splits/cifar10_split_seed100_clients5_alpha0p3_ref500.json,1.0,10,conv1,1,0,0.9999867081642151,0.9999274015426636,500
cka_feddst,cifar10,0.8,100,results/logs/cka_strength_sweep/cifar10_cka_strength_fixed_5605137/strength_1p0/seed_100/splits/cifar10_split_seed100_clients5_alpha0p3_ref500.json,1.0,10,conv1,1,1,1.0,0.9999274015426636,500
cka_feddst,cifar10,0.8,100,results/logs/cka_strength_sweep/cifar10_cka_strength_fixed_5605137/strength_1p0/seed_100/splits/cifar10_split_seed100_clients5_alpha0p3_ref500.json,1.0,10,conv1,1,2,0.9997883439064026,0.9999274015426636,500
cka_feddst,cifar10,0.8,100,results/logs/cka_strength_sweep/cifar10_cka_strength_fixed_5605137/strength_1p0/seed_100/splits/cifar10_split_seed100_clients5_alpha0p3_ref500.json,1.0,10,conv1,1,3,0.9999272227287292,0.9999274015426636,500
cka_feddst,cifar10,0.8,100,results/logs/cka_strength_sweep/cifar10_cka_strength_fixed_5605137/strength_1p0/seed_100/splits/cifar10_split_seed100_clients5_alpha0p3_ref500.json,1.0,10,conv1,1,4,1.0,0.9999274015426636,500
cka_feddst,cifar10,0.8,100,results/logs/cka_strength_sweep/cifar10_cka_strength_fixed_5605137/strength_1p0/seed_100/splits/cifar10_split_seed100_clients5_alpha0p3_ref500.json,1.0,10,conv1,2,0,0.9998942613601685,0.9999274015426636,500
cka_feddst,cifar10,0.8,100,results/logs/cka_strength_sweep/cifar10_cka_strength_fixed_5605137/strength_1p0/seed_100/splits/cifar10_split_seed100_clients5_alpha0p3_ref500.json,1.0,10,conv1,2,1,0.9997883439064026,0.9999274015426636,500
cka_feddst,cifar10,0.8,100,results/logs/cka_strength_sweep/cifar10_cka_strength_fixed_5605137/strength_1p0/seed_100/splits/cifar10_split_seed100_clients5_alpha0p3_ref500.json,1.0,10,conv1,2,2,1.0,0.9999274015426636,500
cka_feddst,cifar10,0.8,100,results/logs/cka_strength_sweep/cifar10_cka_strength_fixed_5605137/strength_1p0/seed_100/splits/cifar10_split_seed100_clients5_alpha0p3_ref500.json,1.0,10,conv1,2,3,0.9999683499336243,0.9999274015426636,500
cka_feddst,cifar10,0.8,100,results/logs/cka_strength_sweep/cifar10_cka_strength_fixed_5605137/strength_1p0/seed_100/splits/cifar10_split_seed100_clients5_alpha0p3_ref500.json,1.0,10,conv1,2,4,0.9998016357421875,0.9999274015426636,500
cka_feddst,cifar10,0.8,100,results/logs/cka_strength_sweep/cifar10_cka_strength_fixed_5605137/strength_1p0/seed_100/splits/cifar10_split_seed100_clients5_alpha0p3_ref500.json,1.0,10,conv1,3,0,0.9999834895133972,0.9999274015426636,500
cka_feddst,cifar10,0.8,100,results/logs/cka_strength_sweep/cifar10_cka_strength_fixed_5605137/strength_1p0/seed_100/splits/cifar10_split_seed100_clients5_alpha0p3_ref500.json,1.0,10,conv1,3,1,0.9999272227287292,0.9999274015426636,500
cka_feddst,cifar10,0.8,100,results/logs/cka_strength_sweep/cifar10_cka_strength_fixed_5605137/strength_1p0/seed_100/splits/cifar10_split_seed100_clients5_alpha0p3_ref500.json,1.0,10,conv1,3,2,0.9999683499336243,0.9999274015426636,500
cka_feddst,cifar10,0.8,100,results/logs/cka_strength_sweep/cifar10_cka_strength_fixed_5605137/strength_1p0/seed_100/splits/cifar10_split_seed100_clients5_alpha0p3_ref500.json,1.0,10,conv1,3,3,1.0,0.9999274015426636,500
cka_feddst,cifar10,0.8,100,results/logs/cka_strength_sweep/cifar10_cka_strength_fixed_5605137/strength_1p0/seed_100/splits/cifar10_split_seed100_clients5_alpha0p3_ref500.json,1.0,10,conv1,3,4,0.999934732913971,0.9999274015426636,500
cka_feddst,cifar10,0.8,100,results/logs/cka_strength_sweep/cifar10_cka_strength_fixed_5605137/strength_1p0/seed_100/splits/cifar10_split_seed100_clients5_alpha0p3_ref500.json,1.0,10,conv1,4,0,0.9999897480010986,0.9999274015426636,500
cka_feddst,cifar10,0.8,100,results/logs/cka_strength_sweep/cifar10_cka_strength_fixed_5605137/strength_1p0/seed_100/splits/cifar10_split_seed100_clients5_alpha0p3_ref500.json,1.0,10,conv1,4,1,1.0,0.9999274015426636,500
cka_feddst,cifar10,0.8,100,results/logs/cka_strength_sweep/cifar10_cka_strength_fixed_5605137/strength_1p0/seed_100/splits/cifar10_split_seed100_clients5_alpha0p3_ref500.json,1.0,10,conv1,4,2,0.9998016357421875,0.9999274015426636,500
cka_feddst,cifar10,0.8,100,results/logs/cka_strength_sweep/cifar10_cka_strength_fixed_5605137/strength_1p0/seed_100/splits/cifar10_split_seed100_clients5_alpha0p3_ref500.json,1.0,10,conv1,4,3,0.999934732913971,0.9999274015426636,500
cka_feddst,cifar10,0.8,100,results/logs/cka_strength_sweep/cifar10_cka_strength_fixed_5605137/strength_1p0/seed_100/splits/cifar10_split_seed100_clients5_alpha0p3_ref500.json,1.0,10,conv1,4,4,1.0,0.9999274015426636,500
cka_feddst,cifar10,0.8,100,results/logs/cka_strength_sweep/cifar10_cka_strength_fixed_5605137/strength_1p0/seed_100/splits/cifar10_split_seed100_clients5_alpha0p3_ref500.json,1.0,10,conv2,0,0,1.0,0.9996830224990845,500
cka_feddst,cifar10,0.8,100,results/logs/cka_strength_sweep/cifar10_cka_strength_fixed_5605137/strength_1p0/seed_100/splits/cifar10_split_seed100_clients5_alpha0p3_ref500.json,1.0,10,conv2,0,1,0.9998994469642639,0.9996830224990845,500
cka_feddst,cifar10,0.8,100,results/logs/cka_strength_sweep/cifar10_cka_strength_fixed_5605137/strength_1p0/seed_100/splits/cifar10_split_seed100_clients5_alpha0p3_ref500.json,1.0,10,conv2,0,2,0.999599039554596,0.9996830224990845,500
cka_feddst,cifar10,0.8,100,results/logs/cka_strength_sweep/cifar10_cka_strength_fixed_5605137/strength_1p0/seed_100/splits/cifar10_split_seed100_clients5_alpha0p3_ref500.json,1.0,10,conv2,0,3,0.9999285936355591,0.9996830224990845,500
cka_feddst,cifar10,0.8,100,results/logs/cka_strength_sweep/cifar10_cka_strength_fixed_5605137/strength_1p0/seed_100/splits/cifar10_split_seed100_clients5_alpha0p3_ref500.json,1.0,10,conv2,0,4,0.999924898147583,0.9996830224990845,500
cka_feddst,cifar10,0.8,100,results/logs/cka_strength_sweep/cifar10_cka_strength_fixed_5605137/strength_1p0/seed_100/splits/cifar10_split_seed100_clients5_alpha0p3_ref500.json,1.0,10,conv2,1,0,0.9998994469642639,0.9996830224990845,500
cka_feddst,cifar10,0.8,100,results/logs/cka_strength_sweep/cifar10_cka_strength_fixed_5605137/strength_1p0/seed_100/splits/cifar10_split_seed100_clients5_alpha0p3_ref500.json,1.0,10,conv2,1,1,1.0,0.9996830224990845,500
cka_feddst,cifar10,0.8,100,results/logs/cka_strength_sweep/cifar10_cka_strength_fixed_5605137/strength_1p0/seed_100/splits/cifar10_split_seed100_clients5_alpha0p3_ref500.json,1.0,10,conv2,1,2,0.9990930557250977,0.9996830224990845,500
cka_feddst,cifar10,0.8,100,results/logs/cka_strength_sweep/cifar10_cka_strength_fixed_5605137/strength_1p0/seed_100/splits/cifar10_split_seed100_clients5_alpha0p3_ref500.json,1.0,10,conv2,1,3,0.99965500831604,0.9996830224990845,500
cka_feddst,cifar10,0.8,100,results/logs/cka_strength_sweep/cifar10_cka_strength_fixed_5605137/strength_1p0/seed_100/splits/cifar10_split_seed100_clients5_alpha0p3_ref500.json,1.0,10,conv2,1,4,0.9999915361404419,0.9996830224990845,500
cka_feddst,cifar10,0.8,100,results/logs/cka_strength_sweep/cifar10_cka_strength_fixed_5605137/strength_1p0/seed_100/splits/cifar10_split_seed100_clients5_alpha0p3_ref500.json,1.0,10,conv2,2,0,0.999599039554596,0.9996830224990845,500
cka_feddst,cifar10,0.8,100,results/logs/cka_strength_sweep/cifar10_cka_strength_fixed_5605137/strength_1p0/seed_100/splits/cifar10_split_seed100_clients5_alpha0p3_ref500.json,1.0,10,conv2,2,1,0.9990930557250977,0.9996830224990845,500
cka_feddst,cifar10,0.8,100,results/logs/cka_strength_sweep/cifar10_cka_strength_fixed_5605137/strength_1p0/seed_100/splits/cifar10_split_seed100_clients5_alpha0p3_ref500.json,1.0,10,conv2,2,2,1.0,0.9996830224990845,500
cka_feddst,cifar10,0.8,100,results/logs/cka_strength_sweep/cifar10_cka_strength_fixed_5605137/strength_1p0/seed_100/splits/cifar10_split_seed100_clients5_alpha0p3_ref500.json,1.0,10,conv2,2,3,0.9998671412467957,0.9996830224990845,500
cka_feddst,cifar10,0.8,100,results/logs/cka_strength_sweep/cifar10_cka_strength_fixed_5605137/strength_1p0/seed_100/splits/cifar10_split_seed100_clients5_alpha0p3_ref500.json,1.0,10,conv2,2,4,0.9991711378097534,0.9996830224990845,500
cka_feddst,cifar10,0.8,100,results/logs/cka_strength_sweep/cifar10_cka_strength_fixed_5605137/strength_1p0/seed_100/splits/cifar10_split_seed100_clients5_alpha0p3_ref500.json,1.0,10,conv2,3,0,0.9999285936355591,0.9996830224990845,500
cka_feddst,cifar10,0.8,100,results/logs/cka_strength_sweep/cifar10_cka_strength_fixed_5605137/strength_1p0/seed_100/splits/cifar10_split_seed100_clients5_alpha0p3_ref500.json,1.0,10,conv2,3,1,0.99965500831604,0.9996830224990845,500
cka_feddst,cifar10,0.8,100,results/logs/cka_strength_sweep/cifar10_cka_strength_fixed_5605137/strength_1p0/seed_100/splits/cifar10_split_seed100_clients5_alpha0p3_ref500.json,1.0,10,conv2,3,2,0.9998671412467957,0.9996830224990845,500
cka_feddst,cifar10,0.8,100,results/logs/cka_strength_sweep/cifar10_cka_strength_fixed_5605137/strength_1p0/seed_100/splits/cifar10_split_seed100_clients5_alpha0p3_ref500.json,1.0,10,conv2,3,3,1.0,0.9996830224990845,500
cka_feddst,cifar10,0.8,100,results/logs/cka_strength_sweep/cifar10_cka_strength_fixed_5605137/strength_1p0/seed_100/splits/cifar10_split_seed100_clients5_alpha0p3_ref500.json,1.0,10,conv2,3,4,0.9997003674507141,0.9996830224990845,500
cka_feddst,cifar10,0.8,100,results/logs/cka_strength_sweep/cifar10_cka_strength_fixed_5605137/strength_1p0/seed_100/splits/cifar10_split_seed100_clients5_alpha0p3_ref500.json,1.0,10,conv2,4,0,0.999924898147583,0.9996830224990845,500
cka_feddst,cifar10,0.8,100,results/logs/cka_strength_sweep/cifar10_cka_strength_fixed_5605137/strength_1p0/seed_100/splits/cifar10_split_seed100_clients5_alpha0p3_ref500.json,1.0,10,conv2,4,1,0.9999915361404419,0.9996830224990845,500
cka_feddst,cifar10,0.8,100,results/logs/cka_strength_sweep/cifar10_cka_strength_fixed_5605137/strength_1p0/seed_100/splits/cifar10_split_seed100_clients5_alpha0p3_ref500.json,1.0,10,conv2,4,2,0.9991711378097534,0.9996830224990845,500
cka_feddst,cifar10,0.8,100,results/logs/cka_strength_sweep/cifar10_cka_strength_fixed_5605137/strength_1p0/seed_100/splits/cifar10_split_seed100_clients5_alpha0p3_ref500.json,1.0,10,conv2,4,3,0.9997003674507141,0.9996830224990845,500
cka_feddst,cifar10,0.8,100,results/logs/cka_strength_sweep/cifar10_cka_strength_fixed_5605137/strength_1p0/seed_100/splits/cifar10_split_seed100_clients5_alpha0p3_ref500.json,1.0,10,conv2,4,4,1.0,0.9996830224990845,500
cka_feddst,cifar10,0.8,100,results/logs/cka_strength_sweep/cifar10_cka_strength_fixed_5605137/strength_1p0/seed_100/splits/cifar10_split_seed100_clients5_alpha0p3_ref500.json,1.0,10,conv3,0,0,1.0,0.999614417552948,500
cka_feddst,cifar10,0.8,100,results/logs/cka_strength_sweep/cifar10_cka_strength_fixed_5605137/strength_1p0/seed_100/splits/cifar10_split_seed100_clients5_alpha0p3_ref500.json,1.0,10,conv3,0,1,0.9998719692230225,0.999614417552948,500
cka_feddst,cifar10,0.8,100,results/logs/cka_strength_sweep/cifar10_cka_strength_fixed_5605137/strength_1p0/seed_100/splits/cifar10_split_seed100_clients5_alpha0p3_ref500.json,1.0,10,conv3,0,2,0.9995157718658447,0.999614417552948,500
cka_feddst,cifar10,0.8,100,results/logs/cka_strength_sweep/cifar10_cka_strength_fixed_5605137/strength_1p0/seed_100/splits/cifar10_split_seed100_clients5_alpha0p3_ref500.json,1.0,10,conv3,0,3,0.9999174475669861,0.999614417552948,500
cka_feddst,cifar10,0.8,100,results/logs/cka_strength_sweep/cifar10_cka_strength_fixed_5605137/strength_1p0/seed_100/splits/cifar10_split_seed100_clients5_alpha0p3_ref500.json,1.0,10,conv3,0,4,0.9999085664749146,0.999614417552948,500
cka_feddst,cifar10,0.8,100,results/logs/cka_strength_sweep/cifar10_cka_strength_fixed_5605137/strength_1p0/seed_100/splits/cifar10_split_seed100_clients5_alpha0p3_ref500.json,1.0,10,conv3,1,0,0.9998719692230225,0.999614417552948,500
cka_feddst,cifar10,0.8,100,results/logs/cka_strength_sweep/cifar10_cka_strength_fixed_5605137/strength_1p0/seed_100/splits/cifar10_split_seed100_clients5_alpha0p3_ref500.json,1.0,10,conv3,1,1,1.0,0.999614417552948,500
cka_feddst,cifar10,0.8,100,results/logs/cka_strength_sweep/cifar10_cka_strength_fixed_5605137/strength_1p0/seed_100/splits/cifar10_split_seed100_clients5_alpha0p3_ref500.json,1.0,10,conv3,1,2,0.9988873600959778,0.999614417552948,500
cka_feddst,cifar10,0.8,100,results/logs/cka_strength_sweep/cifar10_cka_strength_fixed_5605137/strength_1p0/seed_100/splits/cifar10_split_seed100_clients5_alpha0p3_ref500.json,1.0,10,conv3,1,3,0.9995798468589783,0.999614417552948,500
cka_feddst,cifar10,0.8,100,results/logs/cka_strength_sweep/cifar10_cka_strength_fixed_5605137/strength_1p0/seed_100/splits/cifar10_split_seed100_clients5_alpha0p3_ref500.json,1.0,10,conv3,1,4,0.9999889135360718,0.999614417552948,500
cka_feddst,cifar10,0.8,100,results/logs/cka_strength_sweep/cifar10_cka_strength_fixed_5605137/strength_1p0/seed_100/splits/cifar10_split_seed100_clients5_alpha0p3_ref500.json,1.0,10,conv3,2,0,0.9995157718658447,0.999614417552948,500
cka_feddst,cifar10,0.8,100,results/logs/cka_strength_sweep/cifar10_cka_strength_fixed_5605137/strength_1p0/seed_100/splits/cifar10_split_seed100_clients5_alpha0p3_ref500.json,1.0,10,conv3,2,1,0.9988873600959778,0.999614417552948,500
cka_feddst,cifar10,0.8,100,results/logs/cka_strength_sweep/cifar10_cka_strength_fixed_5605137/strength_1p0/seed_100/splits/cifar10_split_seed100_clients5_alpha0p3_ref500.json,1.0,10,conv3,2,2,1.0,0.999614417552948,500
cka_feddst,cifar10,0.8,100,results/logs/cka_strength_sweep/cifar10_cka_strength_fixed_5605137/strength_1p0/seed_100/splits/cifar10_split_seed100_clients5_alpha0p3_ref500.json,1.0,10,conv3,2,3,0.9998362064361572,0.999614417552948,500
cka_feddst,cifar10,0.8,100,results/logs/cka_strength_sweep/cifar10_cka_strength_fixed_5605137/strength_1p0/seed_100/splits/cifar10_split_seed100_clients5_alpha0p3_ref500.json,1.0,10,conv3,2,4,0.9989950060844421,0.999614417552948,500
cka_feddst,cifar10,0.8,100,results/logs/cka_strength_sweep/cifar10_cka_strength_fixed_5605137/strength_1p0/seed_100/splits/cifar10_split_seed100_clients5_alpha0p3_ref500.json,1.0,10,conv3,3,0,0.9999174475669861,0.999614417552948,500
cka_feddst,cifar10,0.8,100,results/logs/cka_strength_sweep/cifar10_cka_strength_fixed_5605137/strength_1p0/seed_100/splits/cifar10_split_seed100_clients5_alpha0p3_ref500.json,1.0,10,conv3,3,1,0.9995798468589783,0.999614417552948,500
cka_feddst,cifar10,0.8,100,results/logs/cka_strength_sweep/cifar10_cka_strength_fixed_5605137/strength_1p0/seed_100/splits/cifar10_split_seed100_clients5_alpha0p3_ref500.json,1.0,10,conv3,3,2,0.9998362064361572,0.999614417552948,500
cka_feddst,cifar10,0.8,100,results/logs/cka_strength_sweep/cifar10_cka_strength_fixed_5605137/strength_1p0/seed_100/splits/cifar10_split_seed100_clients5_alpha0p3_ref500.json,1.0,10,conv3,3,3,1.0,0.999614417552948,500
cka_feddst,cifar10,0.8,100,results/logs/cka_strength_sweep/cifar10_cka_strength_fixed_5605137/strength_1p0/seed_100/splits/cifar10_split_seed100_clients5_alpha0p3_ref500.json,1.0,10,conv3,3,4,0.9996433258056641,0.999614417552948,500
cka_feddst,cifar10,0.8,100,results/logs/cka_strength_sweep/cifar10_cka_strength_fixed_5605137/strength_1p0/seed_100/splits/cifar10_split_seed100_clients5_alpha0p3_ref500.json,1.0,10,conv3,4,0,0.9999085664749146,0.999614417552948,500
cka_feddst,cifar10,0.8,100,results/logs/cka_strength_sweep/cifar10_cka_strength_fixed_5605137/strength_1p0/seed_100/splits/cifar10_split_seed100_clients5_alpha0p3_ref500.json,1.0,10,conv3,4,1,0.9999889135360718,0.999614417552948,500
cka_feddst,cifar10,0.8,100,results/logs/cka_strength_sweep/cifar10_cka_strength_fixed_5605137/strength_1p0/seed_100/splits/cifar10_split_seed100_clients5_alpha0p3_ref500.json,1.0,10,conv3,4,2,0.9989950060844421,0.999614417552948,500
cka_feddst,cifar10,0.8,100,results/logs/cka_strength_sweep/cifar10_cka_strength_fixed_5605137/strength_1p0/seed_100/splits/cifar10_split_seed100_clients5_alpha0p3_ref500.json,1.0,10,conv3,4,3,0.9996433258056641,0.999614417552948,500
cka_feddst,cifar10,0.8,100,results/logs/cka_strength_sweep/cifar10_cka_strength_fixed_5605137/strength_1p0/seed_100/splits/cifar10_split_seed100_clients5_alpha0p3_ref500.json,1.0,10,conv3,4,4,1.0,0.999614417552948,500
cka_feddst,cifar10,0.8,100,results/logs/cka_strength_sweep/cifar10_cka_strength_fixed_5605137/strength_1p0/seed_100/splits/cifar10_split_seed100_clients5_alpha0p3_ref500.json,1.0,10,fc1,0,0,1.0,0.9906530380249023,500
cka_feddst,cifar10,0.8,100,results/logs/cka_strength_sweep/cifar10_cka_strength_fixed_5605137/strength_1p0/seed_100/splits/cifar10_split_seed100_clients5_alpha0p3_ref500.json,1.0,10,fc1,0,1,0.9926950335502625,0.9906530380249023,500
cka_feddst,cifar10,0.8,100,results/logs/cka_strength_sweep/cifar10_cka_strength_fixed_5605137/strength_1p0/seed_100/splits/cifar10_split_seed100_clients5_alpha0p3_ref500.json,1.0,10,fc1,0,2,0.9789755344390869,0.9906530380249023,500
cka_feddst,cifar10,0.8,100,results/logs/cka_strength_sweep/cifar10_cka_strength_fixed_5605137/strength_1p0/seed_100/splits/cifar10_split_seed100_clients5_alpha0p3_ref500.json,1.0,10,fc1,0,3,0.9946195483207703,0.9906530380249023,500
cka_feddst,cifar10,0.8,100,results/logs/cka_strength_sweep/cifar10_cka_strength_fixed_5605137/strength_1p0/seed_100/splits/cifar10_split_seed100_clients5_alpha0p3_ref500.json,1.0,10,fc1,0,4,0.9916446805000305,0.9906530380249023,500
cka_feddst,cifar10,0.8,100,results/logs/cka_strength_sweep/cifar10_cka_strength_fixed_5605137/strength_1p0/seed_100/splits/cifar10_split_seed100_clients5_alpha0p3_ref500.json,1.0,10,fc1,1,0,0.9926950335502625,0.9906530380249023,500
cka_feddst,cifar10,0.8,100,results/logs/cka_strength_sweep/cifar10_cka_strength_fixed_5605137/strength_1p0/seed_100/splits/cifar10_split_seed100_clients5_alpha0p3_ref500.json,1.0,10,fc1,1,1,1.0,0.9906530380249023,500
cka_feddst,cifar10,0.8,100,results/logs/cka_strength_sweep/cifar10_cka_strength_fixed_5605137/strength_1p0/seed_100/splits/cifar10_split_seed100_clients5_alpha0p3_ref500.json,1.0,10,fc1,1,2,0.9857891201972961,0.9906530380249023,500
cka_feddst,cifar10,0.8,100,results/logs/cka_strength_sweep/cifar10_cka_strength_fixed_5605137/strength_1p0/seed_100/splits/cifar10_split_seed100_clients5_alpha0p3_ref500.json,1.0,10,fc1,1,3,0.995963454246521,0.9906530380249023,500
cka_feddst,cifar10,0.8,100,results/logs/cka_strength_sweep/cifar10_cka_strength_fixed_5605137/strength_1p0/seed_100/splits/cifar10_split_seed100_clients5_alpha0p3_ref500.json,1.0,10,fc1,1,4,0.9916726350784302,0.9906530380249023,500
cka_feddst,cifar10,0.8,100,results/logs/cka_strength_sweep/cifar10_cka_strength_fixed_5605137/strength_1p0/seed_100/splits/cifar10_split_seed100_clients5_alpha0p3_ref500.json,1.0,10,fc1,2,0,0.9789755344390869,0.9906530380249023,500
cka_feddst,cifar10,0.8,100,results/logs/cka_strength_sweep/cifar10_cka_strength_fixed_5605137/strength_1p0/seed_100/splits/cifar10_split_seed100_clients5_alpha0p3_ref500.json,1.0,10,fc1,2,1,0.9857891201972961,0.9906530380249023,500
cka_feddst,cifar10,0.8,100,results/logs/cka_strength_sweep/cifar10_cka_strength_fixed_5605137/strength_1p0/seed_100/splits/cifar10_split_seed100_clients5_alpha0p3_ref500.json,1.0,10,fc1,2,2,1.0,0.9906530380249023,500
cka_feddst,cifar10,0.8,100,results/logs/cka_strength_sweep/cifar10_cka_strength_fixed_5605137/strength_1p0/seed_100/splits/cifar10_split_seed100_clients5_alpha0p3_ref500.json,1.0,10,fc1,2,3,0.9910595417022705,0.9906530380249023,500
cka_feddst,cifar10,0.8,100,results/logs/cka_strength_sweep/cifar10_cka_strength_fixed_5605137/strength_1p0/seed_100/splits/cifar10_split_seed100_clients5_alpha0p3_ref500.json,1.0,10,fc1,2,4,0.988781213760376,0.9906530380249023,500
cka_feddst,cifar10,0.8,100,results/logs/cka_strength_sweep/cifar10_cka_strength_fixed_5605137/strength_1p0/seed_100/splits/cifar10_split_seed100_clients5_alpha0p3_ref500.json,1.0,10,fc1,3,0,0.9946195483207703,0.9906530380249023,500
cka_feddst,cifar10,0.8,100,results/logs/cka_strength_sweep/cifar10_cka_strength_fixed_5605137/strength_1p0/seed_100/splits/cifar10_split_seed100_clients5_alpha0p3_ref500.json,1.0,10,fc1,3,1,0.995963454246521,0.9906530380249023,500
cka_feddst,cifar10,0.8,100,results/logs/cka_strength_sweep/cifar10_cka_strength_fixed_5605137/strength_1p0/seed_100/splits/cifar10_split_seed100_clients5_alpha0p3_ref500.json,1.0,10,fc1,3,2,0.9910595417022705,0.9906530380249023,500
cka_feddst,cifar10,0.8,100,results/logs/cka_strength_sweep/cifar10_cka_strength_fixed_5605137/strength_1p0/seed_100/splits/cifar10_split_seed100_clients5_alpha0p3_ref500.json,1.0,10,fc1,3,3,1.0,0.9906530380249023,500
cka_feddst,cifar10,0.8,100,results/logs/cka_strength_sweep/cifar10_cka_strength_fixed_5605137/strength_1p0/seed_100/splits/cifar10_split_seed100_clients5_alpha0p3_ref500.json,1.0,10,fc1,3,4,0.9953289031982422,0.9906530380249023,500
cka_feddst,cifar10,0.8,100,results/logs/cka_strength_sweep/cifar10_cka_strength_fixed_5605137/strength_1p0/seed_100/splits/cifar10_split_seed100_clients5_alpha0p3_ref500.json,1.0,10,fc1,4,0,0.9916446805000305,0.9906530380249023,500
cka_feddst,cifar10,0.8,100,results/logs/cka_strength_sweep/cifar10_cka_strength_fixed_5605137/strength_1p0/seed_100/splits/cifar10_split_seed100_clients5_alpha0p3_ref500.json,1.0,10,fc1,4,1,0.9916726350784302,0.9906530380249023,500
cka_feddst,cifar10,0.8,100,results/logs/cka_strength_sweep/cifar10_cka_strength_fixed_5605137/strength_1p0/seed_100/splits/cifar10_split_seed100_clients5_alpha0p3_ref500.json,1.0,10,fc1,4,2,0.988781213760376,0.9906530380249023,500
cka_feddst,cifar10,0.8,100,results/logs/cka_strength_sweep/cifar10_cka_strength_fixed_5605137/strength_1p0/seed_100/splits/cifar10_split_seed100_clients5_alpha0p3_ref500.json,1.0,10,fc1,4,3,0.9953289031982422,0.9906530380249023,500
cka_feddst,cifar10,0.8,100,results/logs/cka_strength_sweep/cifar10_cka_strength_fixed_5605137/strength_1p0/seed_100/splits/cifar10_split_seed100_clients5_alpha0p3_ref500.json,1.0,10,fc1,4,4,1.0,0.9906530380249023,500
cka_feddst,cifar10,0.8,100,results/logs/cka_strength_sweep/cifar10_cka_strength_fixed_5605137/strength_1p0/seed_100/splits/cifar10_split_seed100_clients5_alpha0p3_ref500.json,1.0,12,conv1,0,0,1.0,0.9999416470527649,500
cka_feddst,cifar10,0.8,100,results/logs/cka_strength_sweep/cifar10_cka_strength_fixed_5605137/strength_1p0/seed_100/splits/cifar10_split_seed100_clients5_alpha0p3_ref500.json,1.0,12,conv1,0,1,0.9999873638153076,0.9999416470527649,500
cka_feddst,cifar10,0.8,100,results/logs/cka_strength_sweep/cifar10_cka_strength_fixed_5605137/strength_1p0/seed_100/splits/cifar10_split_seed100_clients5_alpha0p3_ref500.json,1.0,12,conv1,0,2,0.9999071359634399,0.9999416470527649,500
cka_feddst,cifar10,0.8,100,results/logs/cka_strength_sweep/cifar10_cka_strength_fixed_5605137/strength_1p0/seed_100/splits/cifar10_split_seed100_clients5_alpha0p3_ref500.json,1.0,12,conv1,0,3,0.9999755024909973,0.9999416470527649,500
cka_feddst,cifar10,0.8,100,results/logs/cka_strength_sweep/cifar10_cka_strength_fixed_5605137/strength_1p0/seed_100/splits/cifar10_split_seed100_clients5_alpha0p3_ref500.json,1.0,12,conv1,0,4,0.9999932646751404,0.9999416470527649,500
cka_feddst,cifar10,0.8,100,results/logs/cka_strength_sweep/cifar10_cka_strength_fixed_5605137/strength_1p0/seed_100/splits/cifar10_split_seed100_clients5_alpha0p3_ref500.json,1.0,12,conv1,1,0,0.9999873638153076,0.9999416470527649,500
cka_feddst,cifar10,0.8,100,results/logs/cka_strength_sweep/cifar10_cka_strength_fixed_5605137/strength_1p0/seed_100/splits/cifar10_split_seed100_clients5_alpha0p3_ref500.json,1.0,12,conv1,1,1,1.0,0.9999416470527649,500
cka_feddst,cifar10,0.8,100,results/logs/cka_strength_sweep/cifar10_cka_strength_fixed_5605137/strength_1p0/seed_100/splits/cifar10_split_seed100_clients5_alpha0p3_ref500.json,1.0,12,conv1,1,2,0.9998247623443604,0.9999416470527649,500
cka_feddst,cifar10,0.8,100,results/logs/cka_strength_sweep/cifar10_cka_strength_fixed_5605137/strength_1p0/seed_100/splits/cifar10_split_seed100_clients5_alpha0p3_ref500.json,1.0,12,conv1,1,3,0.9999266266822815,0.9999416470527649,500
cka_feddst,cifar10,0.8,100,results/logs/cka_strength_sweep/cifar10_cka_strength_fixed_5605137/strength_1p0/seed_100/splits/cifar10_split_seed100_clients5_alpha0p3_ref500.json,1.0,12,conv1,1,4,0.9999949336051941,0.9999416470527649,500
cka_feddst,cifar10,0.8,100,results/logs/cka_strength_sweep/cifar10_cka_strength_fixed_5605137/strength_1p0/seed_100/splits/cifar10_split_seed100_clients5_alpha0p3_ref500.json,1.0,12,conv1,2,0,0.9999071359634399,0.9999416470527649,500
cka_feddst,cifar10,0.8,100,results/logs/cka_strength_sweep/cifar10_cka_strength_fixed_5605137/strength_1p0/seed_100/splits/cifar10_split_seed100_clients5_alpha0p3_ref500.json,1.0,12,conv1,2,1,0.9998247623443604,0.9999416470527649,500
cka_feddst,cifar10,0.8,100,results/logs/cka_strength_sweep/cifar10_cka_strength_fixed_5605137/strength_1p0/seed_100/splits/cifar10_split_seed100_clients5_alpha0p3_ref500.json,1.0,12,conv1,2,2,1.0,0.9999416470527649,500
cka_feddst,cifar10,0.8,100,results/logs/cka_strength_sweep/cifar10_cka_strength_fixed_5605137/strength_1p0/seed_100/splits/cifar10_split_seed100_clients5_alpha0p3_ref500.json,1.0,12,conv1,2,3,0.9999807476997375,0.9999416470527649,500
cka_feddst,cifar10,0.8,100,results/logs/cka_strength_sweep/cifar10_cka_strength_fixed_5605137/strength_1p0/seed_100/splits/cifar10_split_seed100_clients5_alpha0p3_ref500.json,1.0,12,conv1,2,4,0.9998713731765747,0.9999416470527649,500
cka_feddst,cifar10,0.8,100,results/logs/cka_strength_sweep/cifar10_cka_strength_fixed_5605137/strength_1p0/seed_100/splits/cifar10_split_seed100_clients5_alpha0p3_ref500.json,1.0,12,conv1,3,0,0.9999755024909973,0.9999416470527649,500
cka_feddst,cifar10,0.8,100,results/logs/cka_strength_sweep/cifar10_cka_strength_fixed_5605137/strength_1p0/seed_100/splits/cifar10_split_seed100_clients5_alpha0p3_ref500.json,1.0,12,conv1,3,1,0.9999266266822815,0.9999416470527649,500
cka_feddst,cifar10,0.8,100,results/logs/cka_strength_sweep/cifar10_cka_strength_fixed_5605137/strength_1p0/seed_100/splits/cifar10_split_seed100_clients5_alpha0p3_ref500.json,1.0,12,conv1,3,2,0.9999807476997375,0.9999416470527649,500
cka_feddst,cifar10,0.8,100,results/logs/cka_strength_sweep/cifar10_cka_strength_fixed_5605137/strength_1p0/seed_100/splits/cifar10_split_seed100_clients5_alpha0p3_ref500.json,1.0,12,conv1,3,3,1.0,0.9999416470527649,500
cka_feddst,cifar10,0.8,100,results/logs/cka_strength_sweep/cifar10_cka_strength_fixed_5605137/strength_1p0/seed_100/splits/cifar10_split_seed100_clients5_alpha0p3_ref500.json,1.0,12,conv1,3,4,0.9999544024467468,0.9999416470527649,500
cka_feddst,cifar10,0.8,100,results/logs/cka_strength_sweep/cifar10_cka_strength_fixed_5605137/strength_1p0/seed_100/splits/cifar10_split_seed100_clients5_alpha0p3_ref500.json,1.0,12,conv1,4,0,0.9999932646751404,0.9999416470527649,500
cka_feddst,cifar10,0.8,100,results/logs/cka_strength_sweep/cifar10_cka_strength_fixed_5605137/strength_1p0/seed_100/splits/cifar10_split_seed100_clients5_alpha0p3_ref500.json,1.0,12,conv1,4,1,0.9999949336051941,0.9999416470527649,500
cka_feddst,cifar10,0.8,100,results/logs/cka_strength_sweep/cifar10_cka_strength_fixed_5605137/strength_1p0/seed_100/splits/cifar10_split_seed100_clients5_alpha0p3_ref500.json,1.0,12,conv1,4,2,0.9998713731765747,0.9999416470527649,500
cka_feddst,cifar10,0.8,100,results/logs/cka_strength_sweep/cifar10_cka_strength_fixed_5605137/strength_1p0/seed_100/splits/cifar10_split_seed100_clients5_alpha0p3_ref500.json,1.0,12,conv1,4,3,0.9999544024467468,0.9999416470527649,500
cka_feddst,cifar10,0.8,100,results/logs/cka_strength_sweep/cifar10_cka_strength_fixed_5605137/strength_1p0/seed_100/splits/cifar10_split_seed100_clients5_alpha0p3_ref500.json,1.0,12,conv1,4,4,1.0,0.9999416470527649,500
cka_feddst,cifar10,0.8,100,results/logs/cka_strength_sweep/cifar10_cka_strength_fixed_5605137/strength_1p0/seed_100/splits/cifar10_split_seed100_clients5_alpha0p3_ref500.json,1.0,12,conv2,0,0,1.0,0.9994946718215942,500
cka_feddst,cifar10,0.8,100,results/logs/cka_strength_sweep/cifar10_cka_strength_fixed_5605137/strength_1p0/seed_100/splits/cifar10_split_seed100_clients5_alpha0p3_ref500.json,1.0,12,conv2,0,1,0.9996023178100586,0.9994946718215942,500
cka_feddst,cifar10,0.8,100,results/logs/cka_strength_sweep/cifar10_cka_strength_fixed_5605137/strength_1p0/seed_100/splits/cifar10_split_seed100_clients5_alpha0p3_ref500.json,1.0,12,conv2,0,2,0.9996435046195984,0.9994946718215942,500
cka_feddst,cifar10,0.8,100,results/logs/cka_strength_sweep/cifar10_cka_strength_fixed_5605137/strength_1p0/seed_100/splits/cifar10_split_seed100_clients5_alpha0p3_ref500.json,1.0,12,conv2,0,3,0.9999626278877258,0.9994946718215942,500
cka_feddst,cifar10,0.8,100,results/logs/cka_strength_sweep/cifar10_cka_strength_fixed_5605137/strength_1p0/seed_100/splits/cifar10_split_seed100_clients5_alpha0p3_ref500.json,1.0,12,conv2,0,4,0.999737024307251,0.9994946718215942,500
cka_feddst,cifar10,0.8,100,results/logs/cka_strength_sweep/cifar10_cka_strength_fixed_5605137/strength_1p0/seed_100/splits/cifar10_split_seed100_clients5_alpha0p3_ref500.json,1.0,12,conv2,1,0,0.9996023178100586,0.9994946718215942,500
cka_feddst,cifar10,0.8,100,results/logs/cka_strength_sweep/cifar10_cka_strength_fixed_5605137/strength_1p0/seed_100/splits/cifar10_split_seed100_clients5_alpha0p3_ref500.json,1.0,12,conv2,1,1,1.0,0.9994946718215942,500
cka_feddst,cifar10,0.8,100,results/logs/cka_strength_sweep/cifar10_cka_strength_fixed_5605137/strength_1p0/seed_100/splits/cifar10_split_seed100_clients5_alpha0p3_ref500.json,1.0,12,conv2,1,2,0.998518705368042,0.9994946718215942,500
cka_feddst,cifar10,0.8,100,results/logs/cka_strength_sweep/cifar10_cka_strength_fixed_5605137/strength_1p0/seed_100/splits/cifar10_split_seed100_clients5_alpha0p3_ref500.json,1.0,12,conv2,1,3,0.9993473887443542,0.9994946718215942,500
cka_feddst,cifar10,0.8,100,results/logs/cka_strength_sweep/cifar10_cka_strength_fixed_5605137/strength_1p0/seed_100/splits/cifar10_split_seed100_clients5_alpha0p3_ref500.json,1.0,12,conv2,1,4,0.9999635815620422,0.9994946718215942,500
cka_feddst,cifar10,0.8,100,results/logs/cka_strength_sweep/cifar10_cka_strength_fixed_5605137/strength_1p0/seed_100/splits/cifar10_split_seed100_clients5_alpha0p3_ref500.json,1.0,12,conv2,2,0,0.9996435046195984,0.9994946718215942,500
cka_feddst,cifar10,0.8,100,results/logs/cka_strength_sweep/cifar10_cka_strength_fixed_5605137/strength_1p0/seed_100/splits/cifar10_split_seed100_clients5_alpha0p3_ref500.json,1.0,12,conv2,2,1,0.998518705368042,0.9994946718215942,500
cka_feddst,cifar10,0.8,100,results/logs/cka_strength_sweep/cifar10_cka_strength_fixed_5605137/strength_1p0/seed_100/splits/cifar10_split_seed100_clients5_alpha0p3_ref500.json,1.0,12,conv2,2,2,1.0,0.9994946718215942,500
cka_feddst,cifar10,0.8,100,results/logs/cka_strength_sweep/cifar10_cka_strength_fixed_5605137/strength_1p0/seed_100/splits/cifar10_split_seed100_clients5_alpha0p3_ref500.json,1.0,12,conv2,2,3,0.9998347163200378,0.9994946718215942,500
cka_feddst,cifar10,0.8,100,results/logs/cka_strength_sweep/cifar10_cka_strength_fixed_5605137/strength_1p0/seed_100/splits/cifar10_split_seed100_clients5_alpha0p3_ref500.json,1.0,12,conv2,2,4,0.9988093972206116,0.9994946718215942,500
cka_feddst,cifar10,0.8,100,results/logs/cka_strength_sweep/cifar10_cka_strength_fixed_5605137/strength_1p0/seed_100/splits/cifar10_split_seed100_clients5_alpha0p3_ref500.json,1.0,12,conv2,3,0,0.9999626278877258,0.9994946718215942,500
cka_feddst,cifar10,0.8,100,results/logs/cka_strength_sweep/cifar10_cka_strength_fixed_5605137/strength_1p0/seed_100/splits/cifar10_split_seed100_clients5_alpha0p3_ref500.json,1.0,12,conv2,3,1,0.9993473887443542,0.9994946718215942,500
cka_feddst,cifar10,0.8,100,results/logs/cka_strength_sweep/cifar10_cka_strength_fixed_5605137/strength_1p0/seed_100/splits/cifar10_split_seed100_clients5_alpha0p3_ref500.json,1.0,12,conv2,3,2,0.9998347163200378,0.9994946718215942,500
cka_feddst,cifar10,0.8,100,results/logs/cka_strength_sweep/cifar10_cka_strength_fixed_5605137/strength_1p0/seed_100/splits/cifar10_split_seed100_clients5_alpha0p3_ref500.json,1.0,12,conv2,3,3,1.0,0.9994946718215942,500
cka_feddst,cifar10,0.8,100,results/logs/cka_strength_sweep/cifar10_cka_strength_fixed_5605137/strength_1p0/seed_100/splits/cifar10_split_seed100_clients5_alpha0p3_ref500.json,1.0,12,conv2,3,4,0.9995266199111938,0.9994946718215942,500
cka_feddst,cifar10,0.8,100,results/logs/cka_strength_sweep/cifar10_cka_strength_fixed_5605137/strength_1p0/seed_100/splits/cifar10_split_seed100_clients5_alpha0p3_ref500.json,1.0,12,conv2,4,0,0.999737024307251,0.9994946718215942,500
cka_feddst,cifar10,0.8,100,results/logs/cka_strength_sweep/cifar10_cka_strength_fixed_5605137/strength_1p0/seed_100/splits/cifar10_split_seed100_clients5_alpha0p3_ref500.json,1.0,12,conv2,4,1,0.9999635815620422,0.9994946718215942,500
cka_feddst,cifar10,0.8,100,results/logs/cka_strength_sweep/cifar10_cka_strength_fixed_5605137/strength_1p0/seed_100/splits/cifar10_split_seed100_clients5_alpha0p3_ref500.json,1.0,12,conv2,4,2,0.9988093972206116,0.9994946718215942,500
cka_feddst,cifar10,0.8,100,results/logs/cka_strength_sweep/cifar10_cka_strength_fixed_5605137/strength_1p0/seed_100/splits/cifar10_split_seed100_clients5_alpha0p3_ref500.json,1.0,12,conv2,4,3,0.9995266199111938,0.9994946718215942,500
cka_feddst,cifar10,0.8,100,results/logs/cka_strength_sweep/cifar10_cka_strength_fixed_5605137/strength_1p0/seed_100/splits/cifar10_split_seed100_clients5_alpha0p3_ref500.json,1.0,12,conv2,4,4,1.0,0.9994946718215942,500
cka_feddst,cifar10,0.8,100,results/logs/cka_strength_sweep/cifar10_cka_strength_fixed_5605137/strength_1p0/seed_100/splits/cifar10_split_seed100_clients5_alpha0p3_ref500.json,1.0,12,conv3,0,0,1.0,0.9993945956230164,500
cka_feddst,cifar10,0.8,100,results/logs/cka_strength_sweep/cifar10_cka_strength_fixed_5605137/strength_1p0/seed_100/splits/cifar10_split_seed100_clients5_alpha0p3_ref500.json,1.0,12,conv3,0,1,0.9995315074920654,0.9993945956230164,500
cka_feddst,cifar10,0.8,100,results/logs/cka_strength_sweep/cifar10_cka_strength_fixed_5605137/strength_1p0/seed_100/splits/cifar10_split_seed100_clients5_alpha0p3_ref500.json,1.0,12,conv3,0,2,0.9995617270469666,0.9993945956230164,500
cka_feddst,cifar10,0.8,100,results/logs/cka_strength_sweep/cifar10_cka_strength_fixed_5605137/strength_1p0/seed_100/splits/cifar10_split_seed100_clients5_alpha0p3_ref500.json,1.0,12,conv3,0,3,0.9999463558197021,0.9993945956230164,500
cka_feddst,cifar10,0.8,100,results/logs/cka_strength_sweep/cifar10_cka_strength_fixed_5605137/strength_1p0/seed_100/splits/cifar10_split_seed100_clients5_alpha0p3_ref500.json,1.0,12,conv3,0,4,0.9997050762176514,0.9993945956230164,500
cka_feddst,cifar10,0.8,100,results/logs/cka_strength_sweep/cifar10_cka_strength_fixed_5605137/strength_1p0/seed_100/splits/cifar10_split_seed100_clients5_alpha0p3_ref500.json,1.0,12,conv3,1,0,0.9995315074920654,0.9993945956230164,500
cka_feddst,cifar10,0.8,100,results/logs/cka_strength_sweep/cifar10_cka_strength_fixed_5605137/strength_1p0/seed_100/splits/cifar10_split_seed100_clients5_alpha0p3_ref500.json,1.0,12,conv3,1,1,1.0,0.9993945956230164,500
cka_feddst,cifar10,0.8,100,results/logs/cka_strength_sweep/cifar10_cka_strength_fixed_5605137/strength_1p0/seed_100/splits/cifar10_split_seed100_clients5_alpha0p3_ref500.json,1.0,12,conv3,1,2,0.9982165098190308,0.9993945956230164,500
cka_feddst,cifar10,0.8,100,results/logs/cka_strength_sweep/cifar10_cka_strength_fixed_5605137/strength_1p0/seed_100/splits/cifar10_split_seed100_clients5_alpha0p3_ref500.json,1.0,12,conv3,1,3,0.9992053508758545,0.9993945956230164,500
cka_feddst,cifar10,0.8,100,results/logs/cka_strength_sweep/cifar10_cka_strength_fixed_5605137/strength_1p0/seed_100/splits/cifar10_split_seed100_clients5_alpha0p3_ref500.json,1.0,12,conv3,1,4,0.9999606013298035,0.9993945956230164,500
cka_feddst,cifar10,0.8,100,results/logs/cka_strength_sweep/cifar10_cka_strength_fixed_5605137/strength_1p0/seed_100/splits/cifar10_split_seed100_clients5_alpha0p3_ref500.json,1.0,12,conv3,2,0,0.9995617270469666,0.9993945956230164,500
cka_feddst,cifar10,0.8,100,results/logs/cka_strength_sweep/cifar10_cka_strength_fixed_5605137/strength_1p0/seed_100/splits/cifar10_split_seed100_clients5_alpha0p3_ref500.json,1.0,12,conv3,2,1,0.9982165098190308,0.9993945956230164,500
cka_feddst,cifar10,0.8,100,results/logs/cka_strength_sweep/cifar10_cka_strength_fixed_5605137/strength_1p0/seed_100/splits/cifar10_split_seed100_clients5_alpha0p3_ref500.json,1.0,12,conv3,2,2,1.0,0.9993945956230164,500
cka_feddst,cifar10,0.8,100,results/logs/cka_strength_sweep/cifar10_cka_strength_fixed_5605137/strength_1p0/seed_100/splits/cifar10_split_seed100_clients5_alpha0p3_ref500.json,1.0,12,conv3,2,3,0.9998023509979248,0.9993945956230164,500
cka_feddst,cifar10,0.8,100,results/logs/cka_strength_sweep/cifar10_cka_strength_fixed_5605137/strength_1p0/seed_100/splits/cifar10_split_seed100_clients5_alpha0p3_ref500.json,1.0,12,conv3,2,4,0.99858158826828,0.9993945956230164,500
cka_feddst,cifar10,0.8,100,results/logs/cka_strength_sweep/cifar10_cka_strength_fixed_5605137/strength_1p0/seed_100/splits/cifar10_split_seed100_clients5_alpha0p3_ref500.json,1.0,12,conv3,3,0,0.9999463558197021,0.9993945956230164,500
cka_feddst,cifar10,0.8,100,results/logs/cka_strength_sweep/cifar10_cka_strength_fixed_5605137/strength_1p0/seed_100/splits/cifar10_split_seed100_clients5_alpha0p3_ref500.json,1.0,12,conv3,3,1,0.9992053508758545,0.9993945956230164,500
cka_feddst,cifar10,0.8,100,results/logs/cka_strength_sweep/cifar10_cka_strength_fixed_5605137/strength_1p0/seed_100/splits/cifar10_split_seed100_clients5_alpha0p3_ref500.json,1.0,12,conv3,3,2,0.9998023509979248,0.9993945956230164,500
cka_feddst,cifar10,0.8,100,results/logs/cka_strength_sweep/cifar10_cka_strength_fixed_5605137/strength_1p0/seed_100/splits/cifar10_split_seed100_clients5_alpha0p3_ref500.json,1.0,12,conv3,3,3,1.0,0.9993945956230164,500
cka_feddst,cifar10,0.8,100,results/logs/cka_strength_sweep/cifar10_cka_strength_fixed_5605137/strength_1p0/seed_100/splits/cifar10_split_seed100_clients5_alpha0p3_ref500.json,1.0,12,conv3,3,4,0.9994340538978577,0.9993945956230164,500
cka_feddst,cifar10,0.8,100,results/logs/cka_strength_sweep/cifar10_cka_strength_fixed_5605137/strength_1p0/seed_100/splits/cifar10_split_seed100_clients5_alpha0p3_ref500.json,1.0,12,conv3,4,0,0.9997050762176514,0.9993945956230164,500
cka_feddst,cifar10,0.8,100,results/logs/cka_strength_sweep/cifar10_cka_strength_fixed_5605137/strength_1p0/seed_100/splits/cifar10_split_seed100_clients5_alpha0p3_ref500.json,1.0,12,conv3,4,1,0.9999606013298035,0.9993945956230164,500
cka_feddst,cifar10,0.8,100,results/logs/cka_strength_sweep/cifar10_cka_strength_fixed_5605137/strength_1p0/seed_100/splits/cifar10_split_seed100_clients5_alpha0p3_ref500.json,1.0,12,conv3,4,2,0.99858158826828,0.9993945956230164,500
cka_feddst,cifar10,0.8,100,results/logs/cka_strength_sweep/cifar10_cka_strength_fixed_5605137/strength_1p0/seed_100/splits/cifar10_split_seed100_clients5_alpha0p3_ref500.json,1.0,12,conv3,4,3,0.9994340538978577,0.9993945956230164,500
cka_feddst,cifar10,0.8,100,results/logs/cka_strength_sweep/cifar10_cka_strength_fixed_5605137/strength_1p0/seed_100/splits/cifar10_split_seed100_clients5_alpha0p3_ref500.json,1.0,12,conv3,4,4,1.0,0.9993945956230164,500
cka_feddst,cifar10,0.8,100,results/logs/cka_strength_sweep/cifar10_cka_strength_fixed_5605137/strength_1p0/seed_100/splits/cifar10_split_seed100_clients5_alpha0p3_ref500.json,1.0,12,fc1,0,0,1.0,0.9878307580947876,500
cka_feddst,cifar10,0.8,100,results/logs/cka_strength_sweep/cifar10_cka_strength_fixed_5605137/strength_1p0/seed_100/splits/cifar10_split_seed100_clients5_alpha0p3_ref500.json,1.0,12,fc1,0,1,0.98736572265625,0.9878307580947876,500
cka_feddst,cifar10,0.8,100,results/logs/cka_strength_sweep/cifar10_cka_strength_fixed_5605137/strength_1p0/seed_100/splits/cifar10_split_seed100_clients5_alpha0p3_ref500.json,1.0,12,fc1,0,2,0.9723494052886963,0.9878307580947876,500
cka_feddst,cifar10,0.8,100,results/logs/cka_strength_sweep/cifar10_cka_strength_fixed_5605137/strength_1p0/seed_100/splits/cifar10_split_seed100_clients5_alpha0p3_ref500.json,1.0,12,fc1,0,3,0.9890766739845276,0.9878307580947876,500
cka_feddst,cifar10,0.8,100,results/logs/cka_strength_sweep/cifar10_cka_strength_fixed_5605137/strength_1p0/seed_100/splits/cifar10_split_seed100_clients5_alpha0p3_ref500.json,1.0,12,fc1,0,4,0.9857871532440186,0.9878307580947876,500
cka_feddst,cifar10,0.8,100,results/logs/cka_strength_sweep/cifar10_cka_strength_fixed_5605137/strength_1p0/seed_100/splits/cifar10_split_seed100_clients5_alpha0p3_ref500.json,1.0,12,fc1,1,0,0.98736572265625,0.9878307580947876,500
cka_feddst,cifar10,0.8,100,results/logs/cka_strength_sweep/cifar10_cka_strength_fixed_5605137/strength_1p0/seed_100/splits/cifar10_split_seed100_clients5_alpha0p3_ref500.json,1.0,12,fc1,1,1,1.0,0.9878307580947876,500
cka_feddst,cifar10,0.8,100,results/logs/cka_strength_sweep/cifar10_cka_strength_fixed_5605137/strength_1p0/seed_100/splits/cifar10_split_seed100_clients5_alpha0p3_ref500.json,1.0,12,fc1,1,2,0.9848824143409729,0.9878307580947876,500
cka_feddst,cifar10,0.8,100,results/logs/cka_strength_sweep/cifar10_cka_strength_fixed_5605137/strength_1p0/seed_100/splits/cifar10_split_seed100_clients5_alpha0p3_ref500.json,1.0,12,fc1,1,3,0.9940078258514404,0.9878307580947876,500
cka_feddst,cifar10,0.8,100,results/logs/cka_strength_sweep/cifar10_cka_strength_fixed_5605137/strength_1p0/seed_100/splits/cifar10_split_seed100_clients5_alpha0p3_ref500.json,1.0,12,fc1,1,4,0.9915274977684021,0.9878307580947876,500
cka_feddst,cifar10,0.8,100,results/logs/cka_strength_sweep/cifar10_cka_strength_fixed_5605137/strength_1p0/seed_100/splits/cifar10_split_seed100_clients5_alpha0p3_ref500.json,1.0,12,fc1,2,0,0.9723494052886963,0.9878307580947876,500
cka_feddst,cifar10,0.8,100,results/logs/cka_strength_sweep/cifar10_cka_strength_fixed_5605137/strength_1p0/seed_100/splits/cifar10_split_seed100_clients5_alpha0p3_ref500.json,1.0,12,fc1,2,1,0.9848824143409729,0.9878307580947876,500
cka_feddst,cifar10,0.8,100,results/logs/cka_strength_sweep/cifar10_cka_strength_fixed_5605137/strength_1p0/seed_100/splits/cifar10_split_seed100_clients5_alpha0p3_ref500.json,1.0,12,fc1,2,2,1.0,0.9878307580947876,500
cka_feddst,cifar10,0.8,100,results/logs/cka_strength_sweep/cifar10_cka_strength_fixed_5605137/strength_1p0/seed_100/splits/cifar10_split_seed100_clients5_alpha0p3_ref500.json,1.0,12,fc1,2,3,0.9909018874168396,0.9878307580947876,500
cka_feddst,cifar10,0.8,100,results/logs/cka_strength_sweep/cifar10_cka_strength_fixed_5605137/strength_1p0/seed_100/splits/cifar10_split_seed100_clients5_alpha0p3_ref500.json,1.0,12,fc1,2,4,0.9860740900039673,0.9878307580947876,500
cka_feddst,cifar10,0.8,100,results/logs/cka_strength_sweep/cifar10_cka_strength_fixed_5605137/strength_1p0/seed_100/splits/cifar10_split_seed100_clients5_alpha0p3_ref500.json,1.0,12,fc1,3,0,0.9890766739845276,0.9878307580947876,500
cka_feddst,cifar10,0.8,100,results/logs/cka_strength_sweep/cifar10_cka_strength_fixed_5605137/strength_1p0/seed_100/splits/cifar10_split_seed100_clients5_alpha0p3_ref500.json,1.0,12,fc1,3,1,0.9940078258514404,0.9878307580947876,500
cka_feddst,cifar10,0.8,100,results/logs/cka_strength_sweep/cifar10_cka_strength_fixed_5605137/strength_1p0/seed_100/splits/cifar10_split_seed100_clients5_alpha0p3_ref500.json,1.0,12,fc1,3,2,0.9909018874168396,0.9878307580947876,500
cka_feddst,cifar10,0.8,100,results/logs/cka_strength_sweep/cifar10_cka_strength_fixed_5605137/strength_1p0/seed_100/splits/cifar10_split_seed100_clients5_alpha0p3_ref500.json,1.0,12,fc1,3,3,1.0,0.9878307580947876,500
cka_feddst,cifar10,0.8,100,results/logs/cka_strength_sweep/cifar10_cka_strength_fixed_5605137/strength_1p0/seed_100/splits/cifar10_split_seed100_clients5_alpha0p3_ref500.json,1.0,12,fc1,3,4,0.9963344931602478,0.9878307580947876,500
cka_feddst,cifar10,0.8,100,results/logs/cka_strength_sweep/cifar10_cka_strength_fixed_5605137/strength_1p0/seed_100/splits/cifar10_split_seed100_clients5_alpha0p3_ref500.json,1.0,12,fc1,4,0,0.9857871532440186,0.9878307580947876,500
cka_feddst,cifar10,0.8,100,results/logs/cka_strength_sweep/cifar10_cka_strength_fixed_5605137/strength_1p0/seed_100/splits/cifar10_split_seed100_clients5_alpha0p3_ref500.json,1.0,12,fc1,4,1,0.9915274977684021,0.9878307580947876,500
cka_feddst,cifar10,0.8,100,results/logs/cka_strength_sweep/cifar10_cka_strength_fixed_5605137/strength_1p0/seed_100/splits/cifar10_split_seed100_clients5_alpha0p3_ref500.json,1.0,12,fc1,4,2,0.9860740900039673,0.9878307580947876,500
cka_feddst,cifar10,0.8,100,results/logs/cka_strength_sweep/cifar10_cka_strength_fixed_5605137/strength_1p0/seed_100/splits/cifar10_split_seed100_clients5_alpha0p3_ref500.json,1.0,12,fc1,4,3,0.9963344931602478,0.9878307580947876,500
cka_feddst,cifar10,0.8,100,results/logs/cka_strength_sweep/cifar10_cka_strength_fixed_5605137/strength_1p0/seed_100/splits/cifar10_split_seed100_clients5_alpha0p3_ref500.json,1.0,12,fc1,4,4,1.0,0.9878307580947876,500
cka_feddst,cifar10,0.8,100,results/logs/cka_strength_sweep/cifar10_cka_strength_fixed_5605137/strength_1p0/seed_100/splits/cifar10_split_seed100_clients5_alpha0p3_ref500.json,1.0,14,conv1,0,0,1.0,0.9999297857284546,500
cka_feddst,cifar10,0.8,100,results/logs/cka_strength_sweep/cifar10_cka_strength_fixed_5605137/strength_1p0/seed_100/splits/cifar10_split_seed100_clients5_alpha0p3_ref500.json,1.0,14,conv1,0,1,0.9999899864196777,0.9999297857284546,500
cka_feddst,cifar10,0.8,100,results/logs/cka_strength_sweep/cifar10_cka_strength_fixed_5605137/strength_1p0/seed_100/splits/cifar10_split_seed100_clients5_alpha0p3_ref500.json,1.0,14,conv1,0,2,0.999880850315094,0.9999297857284546,500
cka_feddst,cifar10,0.8,100,results/logs/cka_strength_sweep/cifar10_cka_strength_fixed_5605137/strength_1p0/seed_100/splits/cifar10_split_seed100_clients5_alpha0p3_ref500.json,1.0,14,conv1,0,3,0.9999600648880005,0.9999297857284546,500
cka_feddst,cifar10,0.8,100,results/logs/cka_strength_sweep/cifar10_cka_strength_fixed_5605137/strength_1p0/seed_100/splits/cifar10_split_seed100_clients5_alpha0p3_ref500.json,1.0,14,conv1,0,4,0.999988853931427,0.9999297857284546,500
cka_feddst,cifar10,0.8,100,results/logs/cka_strength_sweep/cifar10_cka_strength_fixed_5605137/strength_1p0/seed_100/splits/cifar10_split_seed100_clients5_alpha0p3_ref500.json,1.0,14,conv1,1,0,0.9999899864196777,0.9999297857284546,500
cka_feddst,cifar10,0.8,100,results/logs/cka_strength_sweep/cifar10_cka_strength_fixed_5605137/strength_1p0/seed_100/splits/cifar10_split_seed100_clients5_alpha0p3_ref500.json,1.0,14,conv1,1,1,1.0,0.9999297857284546,500
cka_feddst,cifar10,0.8,100,results/logs/cka_strength_sweep/cifar10_cka_strength_fixed_5605137/strength_1p0/seed_100/splits/cifar10_split_seed100_clients5_alpha0p3_ref500.json,1.0,14,conv1,1,2,0.9997891187667847,0.9999297857284546,500
cka_feddst,cifar10,0.8,100,results/logs/cka_strength_sweep/cifar10_cka_strength_fixed_5605137/strength_1p0/seed_100/splits/cifar10_split_seed100_clients5_alpha0p3_ref500.json,1.0,14,conv1,1,3,0.999901533126831,0.9999297857284546,500
cka_feddst,cifar10,0.8,100,results/logs/cka_strength_sweep/cifar10_cka_strength_fixed_5605137/strength_1p0/seed_100/splits/cifar10_split_seed100_clients5_alpha0p3_ref500.json,1.0,14,conv1,1,4,0.999972939491272,0.9999297857284546,500
cka_feddst,cifar10,0.8,100,results/logs/cka_strength_sweep/cifar10_cka_strength_fixed_5605137/strength_1p0/seed_100/splits/cifar10_split_seed100_clients5_alpha0p3_ref500.json,1.0,14,conv1,2,0,0.999880850315094,0.9999297857284546,500
cka_feddst,cifar10,0.8,100,results/logs/cka_strength_sweep/cifar10_cka_strength_fixed_5605137/strength_1p0/seed_100/splits/cifar10_split_seed100_clients5_alpha0p3_ref500.json,1.0,14,conv1,2,1,0.9997891187667847,0.9999297857284546,500
cka_feddst,cifar10,0.8,100,results/logs/cka_strength_sweep/cifar10_cka_strength_fixed_5605137/strength_1p0/seed_100/splits/cifar10_split_seed100_clients5_alpha0p3_ref500.json,1.0,14,conv1,2,2,1.0,0.9999297857284546,500
cka_feddst,cifar10,0.8,100,results/logs/cka_strength_sweep/cifar10_cka_strength_fixed_5605137/strength_1p0/seed_100/splits/cifar10_split_seed100_clients5_alpha0p3_ref500.json,1.0,14,conv1,2,3,0.9999775886535645,0.9999297857284546,500
cka_feddst,cifar10,0.8,100,results/logs/cka_strength_sweep/cifar10_cka_strength_fixed_5605137/strength_1p0/seed_100/splits/cifar10_split_seed100_clients5_alpha0p3_ref500.json,1.0,14,conv1,2,4,0.9998742341995239,0.9999297857284546,500
cka_feddst,cifar10,0.8,100,results/logs/cka_strength_sweep/cifar10_cka_strength_fixed_5605137/strength_1p0/seed_100/splits/cifar10_split_seed100_clients5_alpha0p3_ref500.json,1.0,14,conv1,3,0,0.9999600648880005,0.9999297857284546,500
cka_feddst,cifar10,0.8,100,results/logs/cka_strength_sweep/cifar10_cka_strength_fixed_5605137/strength_1p0/seed_100/splits/cifar10_split_seed100_clients5_alpha0p3_ref500.json,1.0,14,conv1,3,1,0.999901533126831,0.9999297857284546,500
cka_feddst,cifar10,0.8,100,results/logs/cka_strength_sweep/cifar10_cka_strength_fixed_5605137/strength_1p0/seed_100/splits/cifar10_split_seed100_clients5_alpha0p3_ref500.json,1.0,14,conv1,3,2,0.9999775886535645,0.9999297857284546,500
cka_feddst,cifar10,0.8,100,results/logs/cka_strength_sweep/cifar10_cka_strength_fixed_5605137/strength_1p0/seed_100/splits/cifar10_split_seed100_clients5_alpha0p3_ref500.json,1.0,14,conv1,3,3,1.0,0.9999297857284546,500
cka_feddst,cifar10,0.8,100,results/logs/cka_strength_sweep/cifar10_cka_strength_fixed_5605137/strength_1p0/seed_100/splits/cifar10_split_seed100_clients5_alpha0p3_ref500.json,1.0,14,conv1,3,4,0.999963104724884,0.9999297857284546,500
cka_feddst,cifar10,0.8,100,results/logs/cka_strength_sweep/cifar10_cka_strength_fixed_5605137/strength_1p0/seed_100/splits/cifar10_split_seed100_clients5_alpha0p3_ref500.json,1.0,14,conv1,4,0,0.999988853931427,0.9999297857284546,500
cka_feddst,cifar10,0.8,100,results/logs/cka_strength_sweep/cifar10_cka_strength_fixed_5605137/strength_1p0/seed_100/splits/cifar10_split_seed100_clients5_alpha0p3_ref500.json,1.0,14,conv1,4,1,0.999972939491272,0.9999297857284546,500
cka_feddst,cifar10,0.8,100,results/logs/cka_strength_sweep/cifar10_cka_strength_fixed_5605137/strength_1p0/seed_100/splits/cifar10_split_seed100_clients5_alpha0p3_ref500.json,1.0,14,conv1,4,2,0.9998742341995239,0.9999297857284546,500
cka_feddst,cifar10,0.8,100,results/logs/cka_strength_sweep/cifar10_cka_strength_fixed_5605137/strength_1p0/seed_100/splits/cifar10_split_seed100_clients5_alpha0p3_ref500.json,1.0,14,conv1,4,3,0.999963104724884,0.9999297857284546,500
cka_feddst,cifar10,0.8,100,results/logs/cka_strength_sweep/cifar10_cka_strength_fixed_5605137/strength_1p0/seed_100/splits/cifar10_split_seed100_clients5_alpha0p3_ref500.json,1.0,14,conv1,4,4,1.0,0.9999297857284546,500
cka_feddst,cifar10,0.8,100,results/logs/cka_strength_sweep/cifar10_cka_strength_fixed_5605137/strength_1p0/seed_100/splits/cifar10_split_seed100_clients5_alpha0p3_ref500.json,1.0,14,conv2,0,0,1.0,0.998975396156311,500
cka_feddst,cifar10,0.8,100,results/logs/cka_strength_sweep/cifar10_cka_strength_fixed_5605137/strength_1p0/seed_100/splits/cifar10_split_seed100_clients5_alpha0p3_ref500.json,1.0,14,conv2,0,1,0.9996360540390015,0.998975396156311,500
cka_feddst,cifar10,0.8,100,results/logs/cka_strength_sweep/cifar10_cka_strength_fixed_5605137/strength_1p0/seed_100/splits/cifar10_split_seed100_clients5_alpha0p3_ref500.json,1.0,14,conv2,0,2,0.9987358450889587,0.998975396156311,500
cka_feddst,cifar10,0.8,100,results/logs/cka_strength_sweep/cifar10_cka_strength_fixed_5605137/strength_1p0/seed_100/splits/cifar10_split_seed100_clients5_alpha0p3_ref500.json,1.0,14,conv2,0,3,0.9995937943458557,0.998975396156311,500
cka_feddst,cifar10,0.8,100,results/logs/cka_strength_sweep/cifar10_cka_strength_fixed_5605137/strength_1p0/seed_100/splits/cifar10_split_seed100_clients5_alpha0p3_ref500.json,1.0,14,conv2,0,4,0.9994469881057739,0.998975396156311,500
cka_feddst,cifar10,0.8,100,results/logs/cka_strength_sweep/cifar10_cka_strength_fixed_5605137/strength_1p0/seed_100/splits/cifar10_split_seed100_clients5_alpha0p3_ref500.json,1.0,14,conv2,1,0,0.9996360540390015,0.998975396156311,500
cka_feddst,cifar10,0.8,100,results/logs/cka_strength_sweep/cifar10_cka_strength_fixed_5605137/strength_1p0/seed_100/splits/cifar10_split_seed100_clients5_alpha0p3_ref500.json,1.0,14,conv2,1,1,1.0,0.998975396156311,500
cka_feddst,cifar10,0.8,100,results/logs/cka_strength_sweep/cifar10_cka_strength_fixed_5605137/strength_1p0/seed_100/splits/cifar10_split_seed100_clients5_alpha0p3_ref500.json,1.0,14,conv2,1,2,0.9970798492431641,0.998975396156311,500
cka_feddst,cifar10,0.8,100,results/logs/cka_strength_sweep/cifar10_cka_strength_fixed_5605137/strength_1p0/seed_100/splits/cifar10_split_seed100_clients5_alpha0p3_ref500.json,1.0,14,conv2,1,3,0.9986183047294617,0.998975396156311,500
cka_feddst,cifar10,0.8,100,results/logs/cka_strength_sweep/cifar10_cka_strength_fixed_5605137/strength_1p0/seed_100/splits/cifar10_split_seed100_clients5_alpha0p3_ref500.json,1.0,14,conv2,1,4,0.9992193579673767,0.998975396156311,500
cka_feddst,cifar10,0.8,100,results/logs/cka_strength_sweep/cifar10_cka_strength_fixed_5605137/strength_1p0/seed_100/splits/cifar10_split_seed100_clients5_alpha0p3_ref500.json,1.0,14,conv2,2,0,0.9987358450889587,0.998975396156311,500
cka_feddst,cifar10,0.8,100,results/logs/cka_strength_sweep/cifar10_cka_strength_fixed_5605137/strength_1p0/seed_100/splits/cifar10_split_seed100_clients5_alpha0p3_ref500.json,1.0,14,conv2,2,1,0.9970798492431641,0.998975396156311,500
cka_feddst,cifar10,0.8,100,results/logs/cka_strength_sweep/cifar10_cka_strength_fixed_5605137/strength_1p0/seed_100/splits/cifar10_split_seed100_clients5_alpha0p3_ref500.json,1.0,14,conv2,2,2,1.0,0.998975396156311,500
cka_feddst,cifar10,0.8,100,results/logs/cka_strength_sweep/cifar10_cka_strength_fixed_5605137/strength_1p0/seed_100/splits/cifar10_split_seed100_clients5_alpha0p3_ref500.json,1.0,14,conv2,2,3,0.9996554255485535,0.998975396156311,500
cka_feddst,cifar10,0.8,100,results/logs/cka_strength_sweep/cifar10_cka_strength_fixed_5605137/strength_1p0/seed_100/splits/cifar10_split_seed100_clients5_alpha0p3_ref500.json,1.0,14,conv2,2,4,0.9983051419258118,0.998975396156311,500
cka_feddst,cifar10,0.8,100,results/logs/cka_strength_sweep/cifar10_cka_strength_fixed_5605137/strength_1p0/seed_100/splits/cifar10_split_seed100_clients5_alpha0p3_ref500.json,1.0,14,conv2,3,0,0.9995937943458557,0.998975396156311,500
cka_feddst,cifar10,0.8,100,results/logs/cka_strength_sweep/cifar10_cka_strength_fixed_5605137/strength_1p0/seed_100/splits/cifar10_split_seed100_clients5_alpha0p3_ref500.json,1.0,14,conv2,3,1,0.9986183047294617,0.998975396156311,500
cka_feddst,cifar10,0.8,100,results/logs/cka_strength_sweep/cifar10_cka_strength_fixed_5605137/strength_1p0/seed_100/splits/cifar10_split_seed100_clients5_alpha0p3_ref500.json,1.0,14,conv2,3,2,0.9996554255485535,0.998975396156311,500
cka_feddst,cifar10,0.8,100,results/logs/cka_strength_sweep/cifar10_cka_strength_fixed_5605137/strength_1p0/seed_100/splits/cifar10_split_seed100_clients5_alpha0p3_ref500.json,1.0,14,conv2,3,3,1.0,0.998975396156311,500
cka_feddst,cifar10,0.8,100,results/logs/cka_strength_sweep/cifar10_cka_strength_fixed_5605137/strength_1p0/seed_100/splits/cifar10_split_seed100_clients5_alpha0p3_ref500.json,1.0,14,conv2,3,4,0.9994627833366394,0.998975396156311,500
cka_feddst,cifar10,0.8,100,results/logs/cka_strength_sweep/cifar10_cka_strength_fixed_5605137/strength_1p0/seed_100/splits/cifar10_split_seed100_clients5_alpha0p3_ref500.json,1.0,14,conv2,4,0,0.9994469881057739,0.998975396156311,500
cka_feddst,cifar10,0.8,100,results/logs/cka_strength_sweep/cifar10_cka_strength_fixed_5605137/strength_1p0/seed_100/splits/cifar10_split_seed100_clients5_alpha0p3_ref500.json,1.0,14,conv2,4,1,0.9992193579673767,0.998975396156311,500
cka_feddst,cifar10,0.8,100,results/logs/cka_strength_sweep/cifar10_cka_strength_fixed_5605137/strength_1p0/seed_100/splits/cifar10_split_seed100_clients5_alpha0p3_ref500.json,1.0,14,conv2,4,2,0.9983051419258118,0.998975396156311,500
cka_feddst,cifar10,0.8,100,results/logs/cka_strength_sweep/cifar10_cka_strength_fixed_5605137/strength_1p0/seed_100/splits/cifar10_split_seed100_clients5_alpha0p3_ref500.json,1.0,14,conv2,4,3,0.9994627833366394,0.998975396156311,500
cka_feddst,cifar10,0.8,100,results/logs/cka_strength_sweep/cifar10_cka_strength_fixed_5605137/strength_1p0/seed_100/splits/cifar10_split_seed100_clients5_alpha0p3_ref500.json,1.0,14,conv2,4,4,1.0,0.998975396156311,500
cka_feddst,cifar10,0.8,100,results/logs/cka_strength_sweep/cifar10_cka_strength_fixed_5605137/strength_1p0/seed_100/splits/cifar10_split_seed100_clients5_alpha0p3_ref500.json,1.0,14,conv3,0,0,1.0,0.9988958239555359,500
cka_feddst,cifar10,0.8,100,results/logs/cka_strength_sweep/cifar10_cka_strength_fixed_5605137/strength_1p0/seed_100/splits/cifar10_split_seed100_clients5_alpha0p3_ref500.json,1.0,14,conv3,0,1,0.999571681022644,0.9988958239555359,500
cka_feddst,cifar10,0.8,100,results/logs/cka_strength_sweep/cifar10_cka_strength_fixed_5605137/strength_1p0/seed_100/splits/cifar10_split_seed100_clients5_alpha0p3_ref500.json,1.0,14,conv3,0,2,0.9986472725868225,0.9988958239555359,500
cka_feddst,cifar10,0.8,100,results/logs/cka_strength_sweep/cifar10_cka_strength_fixed_5605137/strength_1p0/seed_100/splits/cifar10_split_seed100_clients5_alpha0p3_ref500.json,1.0,14,conv3,0,3,0.9996037483215332,0.9988958239555359,500
cka_feddst,cifar10,0.8,100,results/logs/cka_strength_sweep/cifar10_cka_strength_fixed_5605137/strength_1p0/seed_100/splits/cifar10_split_seed100_clients5_alpha0p3_ref500.json,1.0,14,conv3,0,4,0.9994779825210571,0.9988958239555359,500
cka_feddst,cifar10,0.8,100,results/logs/cka_strength_sweep/cifar10_cka_strength_fixed_5605137/strength_1p0/seed_100/splits/cifar10_split_seed100_clients5_alpha0p3_ref500.json,1.0,14,conv3,1,0,0.999571681022644,0.9988958239555359,500
cka_feddst,cifar10,0.8,100,results/logs/cka_strength_sweep/cifar10_cka_strength_fixed_5605137/strength_1p0/seed_100/splits/cifar10_split_seed100_clients5_alpha0p3_ref500.json,1.0,14,conv3,1,1,1.0,0.9988958239555359,500
cka_feddst,cifar10,0.8,100,results/logs/cka_strength_sweep/cifar10_cka_strength_fixed_5605137/strength_1p0/seed_100/splits/cifar10_split_seed100_clients5_alpha0p3_ref500.json,1.0,14,conv3,1,2,0.9967821836471558,0.9988958239555359,500
cka_feddst,cifar10,0.8,100,results/logs/cka_strength_sweep/cifar10_cka_strength_fixed_5605137/strength_1p0/seed_100/splits/cifar10_split_seed100_clients5_alpha0p3_ref500.json,1.0,14,conv3,1,3,0.9985231161117554,0.9988958239555359,500
cka_feddst,cifar10,0.8,100,results/logs/cka_strength_sweep/cifar10_cka_strength_fixed_5605137/strength_1p0/seed_100/splits/cifar10_split_seed100_clients5_alpha0p3_ref500.json,1.0,14,conv3,1,4,0.999282956123352,0.9988958239555359,500
cka_feddst,cifar10,0.8,100,results/logs/cka_strength_sweep/cifar10_cka_strength_fixed_5605137/strength_1p0/seed_100/splits/cifar10_split_seed100_clients5_alpha0p3_ref500.json,1.0,14,conv3,2,0,0.9986472725868225,0.9988958239555359,500
cka_feddst,cifar10,0.8,100,results/logs/cka_strength_sweep/cifar10_cka_strength_fixed_5605137/strength_1p0/seed_100/splits/cifar10_split_seed100_clients5_alpha0p3_ref500.json,1.0,14,conv3,2,1,0.9967821836471558,0.9988958239555359,500
cka_feddst,cifar10,0.8,100,results/logs/cka_strength_sweep/cifar10_cka_strength_fixed_5605137/strength_1p0/seed_100/splits/cifar10_split_seed100_clients5_alpha0p3_ref500.json,1.0,14,conv3,2,2,1.0,0.9988958239555359,500
cka_feddst,cifar10,0.8,100,results/logs/cka_strength_sweep/cifar10_cka_strength_fixed_5605137/strength_1p0/seed_100/splits/cifar10_split_seed100_clients5_alpha0p3_ref500.json,1.0,14,conv3,2,3,0.9996038675308228,0.9988958239555359,500
cka_feddst,cifar10,0.8,100,results/logs/cka_strength_sweep/cifar10_cka_strength_fixed_5605137/strength_1p0/seed_100/splits/cifar10_split_seed100_clients5_alpha0p3_ref500.json,1.0,14,conv3,2,4,0.9980694055557251,0.9988958239555359,500
cka_feddst,cifar10,0.8,100,results/logs/cka_strength_sweep/cifar10_cka_strength_fixed_5605137/strength_1p0/seed_100/splits/cifar10_split_seed100_clients5_alpha0p3_ref500.json,1.0,14,conv3,3,0,0.9996037483215332,0.9988958239555359,500
cka_feddst,cifar10,0.8,100,results/logs/cka_strength_sweep/cifar10_cka_strength_fixed_5605137/strength_1p0/seed_100/splits/cifar10_split_seed100_clients5_alpha0p3_ref500.json,1.0,14,conv3,3,1,0.9985231161117554,0.9988958239555359,500
cka_feddst,cifar10,0.8,100,results/logs/cka_strength_sweep/cifar10_cka_strength_fixed_5605137/strength_1p0/seed_100/splits/cifar10_split_seed100_clients5_alpha0p3_ref500.json,1.0,14,conv3,3,2,0.9996038675308228,0.9988958239555359,500
cka_feddst,cifar10,0.8,100,results/logs/cka_strength_sweep/cifar10_cka_strength_fixed_5605137/strength_1p0/seed_100/splits/cifar10_split_seed100_clients5_alpha0p3_ref500.json,1.0,14,conv3,3,3,1.0,0.9988958239555359,500
cka_feddst,cifar10,0.8,100,results/logs/cka_strength_sweep/cifar10_cka_strength_fixed_5605137/strength_1p0/seed_100/splits/cifar10_split_seed100_clients5_alpha0p3_ref500.json,1.0,14,conv3,3,4,0.9993957281112671,0.9988958239555359,500
cka_feddst,cifar10,0.8,100,results/logs/cka_strength_sweep/cifar10_cka_strength_fixed_5605137/strength_1p0/seed_100/splits/cifar10_split_seed100_clients5_alpha0p3_ref500.json,1.0,14,conv3,4,0,0.9994779825210571,0.9988958239555359,500
cka_feddst,cifar10,0.8,100,results/logs/cka_strength_sweep/cifar10_cka_strength_fixed_5605137/strength_1p0/seed_100/splits/cifar10_split_seed100_clients5_alpha0p3_ref500.json,1.0,14,conv3,4,1,0.999282956123352,0.9988958239555359,500
cka_feddst,cifar10,0.8,100,results/logs/cka_strength_sweep/cifar10_cka_strength_fixed_5605137/strength_1p0/seed_100/splits/cifar10_split_seed100_clients5_alpha0p3_ref500.json,1.0,14,conv3,4,2,0.9980694055557251,0.9988958239555359,500
cka_feddst,cifar10,0.8,100,results/logs/cka_strength_sweep/cifar10_cka_strength_fixed_5605137/strength_1p0/seed_100/splits/cifar10_split_seed100_clients5_alpha0p3_ref500.json,1.0,14,conv3,4,3,0.9993957281112671,0.9988958239555359,500
cka_feddst,cifar10,0.8,100,results/logs/cka_strength_sweep/cifar10_cka_strength_fixed_5605137/strength_1p0/seed_100/splits/cifar10_split_seed100_clients5_alpha0p3_ref500.json,1.0,14,conv3,4,4,1.0,0.9988958239555359,500
cka_feddst,cifar10,0.8,100,results/logs/cka_strength_sweep/cifar10_cka_strength_fixed_5605137/strength_1p0/seed_100/splits/cifar10_split_seed100_clients5_alpha0p3_ref500.json,1.0,14,fc1,0,0,1.0,0.9863663911819458,500
cka_feddst,cifar10,0.8,100,results/logs/cka_strength_sweep/cifar10_cka_strength_fixed_5605137/strength_1p0/seed_100/splits/cifar10_split_seed100_clients5_alpha0p3_ref500.json,1.0,14,fc1,0,1,0.9909391403198242,0.9863663911819458,500
cka_feddst,cifar10,0.8,100,results/logs/cka_strength_sweep/cifar10_cka_strength_fixed_5605137/strength_1p0/seed_100/splits/cifar10_split_seed100_clients5_alpha0p3_ref500.json,1.0,14,fc1,0,2,0.9731428623199463,0.9863663911819458,500
cka_feddst,cifar10,0.8,100,results/logs/cka_strength_sweep/cifar10_cka_strength_fixed_5605137/strength_1p0/seed_100/splits/cifar10_split_seed100_clients5_alpha0p3_ref500.json,1.0,14,fc1,0,3,0.9909989237785339,0.9863663911819458,500
cka_feddst,cifar10,0.8,100,results/logs/cka_strength_sweep/cifar10_cka_strength_fixed_5605137/strength_1p0/seed_100/splits/cifar10_split_seed100_clients5_alpha0p3_ref500.json,1.0,14,fc1,0,4,0.9879488348960876,0.9863663911819458,500
cka_feddst,cifar10,0.8,100,results/logs/cka_strength_sweep/cifar10_cka_strength_fixed_5605137/strength_1p0/seed_100/splits/cifar10_split_seed100_clients5_alpha0p3_ref500.json,1.0,14,fc1,1,0,0.9909391403198242,0.9863663911819458,500
cka_feddst,cifar10,0.8,100,results/logs/cka_strength_sweep/cifar10_cka_strength_fixed_5605137/strength_1p0/seed_100/splits/cifar10_split_seed100_clients5_alpha0p3_ref500.json,1.0,14,fc1,1,1,1.0,0.9863663911819458,500
cka_feddst,cifar10,0.8,100,results/logs/cka_strength_sweep/cifar10_cka_strength_fixed_5605137/strength_1p0/seed_100/splits/cifar10_split_seed100_clients5_alpha0p3_ref500.json,1.0,14,fc1,1,2,0.9721783995628357,0.9863663911819458,500
cka_feddst,cifar10,0.8,100,results/logs/cka_strength_sweep/cifar10_cka_strength_fixed_5605137/strength_1p0/seed_100/splits/cifar10_split_seed100_clients5_alpha0p3_ref500.json,1.0,14,fc1,1,3,0.9925175905227661,0.9863663911819458,500
cka_feddst,cifar10,0.8,100,results/logs/cka_strength_sweep/cifar10_cka_strength_fixed_5605137/strength_1p0/seed_100/splits/cifar10_split_seed100_clients5_alpha0p3_ref500.json,1.0,14,fc1,1,4,0.9910833239555359,0.9863663911819458,500
cka_feddst,cifar10,0.8,100,results/logs/cka_strength_sweep/cifar10_cka_strength_fixed_5605137/strength_1p0/seed_100/splits/cifar10_split_seed100_clients5_alpha0p3_ref500.json,1.0,14,fc1,2,0,0.9731428623199463,0.9863663911819458,500
cka_feddst,cifar10,0.8,100,results/logs/cka_strength_sweep/cifar10_cka_strength_fixed_5605137/strength_1p0/seed_100/splits/cifar10_split_seed100_clients5_alpha0p3_ref500.json,1.0,14,fc1,2,1,0.9721783995628357,0.9863663911819458,500
cka_feddst,cifar10,0.8,100,results/logs/cka_strength_sweep/cifar10_cka_strength_fixed_5605137/strength_1p0/seed_100/splits/cifar10_split_seed100_clients5_alpha0p3_ref500.json,1.0,14,fc1,2,2,1.0,0.9863663911819458,500
cka_feddst,cifar10,0.8,100,results/logs/cka_strength_sweep/cifar10_cka_strength_fixed_5605137/strength_1p0/seed_100/splits/cifar10_split_seed100_clients5_alpha0p3_ref500.json,1.0,14,fc1,2,3,0.985015869140625,0.9863663911819458,500
cka_feddst,cifar10,0.8,100,results/logs/cka_strength_sweep/cifar10_cka_strength_fixed_5605137/strength_1p0/seed_100/splits/cifar10_split_seed100_clients5_alpha0p3_ref500.json,1.0,14,fc1,2,4,0.9859778881072998,0.9863663911819458,500
cka_feddst,cifar10,0.8,100,results/logs/cka_strength_sweep/cifar10_cka_strength_fixed_5605137/strength_1p0/seed_100/splits/cifar10_split_seed100_clients5_alpha0p3_ref500.json,1.0,14,fc1,3,0,0.9909989237785339,0.9863663911819458,500
cka_feddst,cifar10,0.8,100,results/logs/cka_strength_sweep/cifar10_cka_strength_fixed_5605137/strength_1p0/seed_100/splits/cifar10_split_seed100_clients5_alpha0p3_ref500.json,1.0,14,fc1,3,1,0.9925175905227661,0.9863663911819458,500
cka_feddst,cifar10,0.8,100,results/logs/cka_strength_sweep/cifar10_cka_strength_fixed_5605137/strength_1p0/seed_100/splits/cifar10_split_seed100_clients5_alpha0p3_ref500.json,1.0,14,fc1,3,2,0.985015869140625,0.9863663911819458,500
cka_feddst,cifar10,0.8,100,results/logs/cka_strength_sweep/cifar10_cka_strength_fixed_5605137/strength_1p0/seed_100/splits/cifar10_split_seed100_clients5_alpha0p3_ref500.json,1.0,14,fc1,3,3,1.0,0.9863663911819458,500
cka_feddst,cifar10,0.8,100,results/logs/cka_strength_sweep/cifar10_cka_strength_fixed_5605137/strength_1p0/seed_100/splits/cifar10_split_seed100_clients5_alpha0p3_ref500.json,1.0,14,fc1,3,4,0.9938607811927795,0.9863663911819458,500
cka_feddst,cifar10,0.8,100,results/logs/cka_strength_sweep/cifar10_cka_strength_fixed_5605137/strength_1p0/seed_100/splits/cifar10_split_seed100_clients5_alpha0p3_ref500.json,1.0,14,fc1,4,0,0.9879488348960876,0.9863663911819458,500
cka_feddst,cifar10,0.8,100,results/logs/cka_strength_sweep/cifar10_cka_strength_fixed_5605137/strength_1p0/seed_100/splits/cifar10_split_seed100_clients5_alpha0p3_ref500.json,1.0,14,fc1,4,1,0.9910833239555359,0.9863663911819458,500
cka_feddst,cifar10,0.8,100,results/logs/cka_strength_sweep/cifar10_cka_strength_fixed_5605137/strength_1p0/seed_100/splits/cifar10_split_seed100_clients5_alpha0p3_ref500.json,1.0,14,fc1,4,2,0.9859778881072998,0.9863663911819458,500
cka_feddst,cifar10,0.8,100,results/logs/cka_strength_sweep/cifar10_cka_strength_fixed_5605137/strength_1p0/seed_100/splits/cifar10_split_seed100_clients5_alpha0p3_ref500.json,1.0,14,fc1,4,3,0.9938607811927795,0.9863663911819458,500
cka_feddst,cifar10,0.8,100,results/logs/cka_strength_sweep/cifar10_cka_strength_fixed_5605137/strength_1p0/seed_100/splits/cifar10_split_seed100_clients5_alpha0p3_ref500.json,1.0,14,fc1,4,4,1.0,0.9863663911819458,500
cka_feddst,cifar10,0.8,100,results/logs/cka_strength_sweep/cifar10_cka_strength_fixed_5605137/strength_1p0/seed_100/splits/cifar10_split_seed100_clients5_alpha0p3_ref500.json,1.0,16,conv1,0,0,1.0,0.9999273419380188,500
cka_feddst,cifar10,0.8,100,results/logs/cka_strength_sweep/cifar10_cka_strength_fixed_5605137/strength_1p0/seed_100/splits/cifar10_split_seed100_clients5_alpha0p3_ref500.json,1.0,16,conv1,0,1,0.9999878406524658,0.9999273419380188,500
cka_feddst,cifar10,0.8,100,results/logs/cka_strength_sweep/cifar10_cka_strength_fixed_5605137/strength_1p0/seed_100/splits/cifar10_split_seed100_clients5_alpha0p3_ref500.json,1.0,16,conv1,0,2,0.9998757243156433,0.9999273419380188,500
cka_feddst,cifar10,0.8,100,results/logs/cka_strength_sweep/cifar10_cka_strength_fixed_5605137/strength_1p0/seed_100/splits/cifar10_split_seed100_clients5_alpha0p3_ref500.json,1.0,16,conv1,0,3,0.9999503493309021,0.9999273419380188,500
cka_feddst,cifar10,0.8,100,results/logs/cka_strength_sweep/cifar10_cka_strength_fixed_5605137/strength_1p0/seed_100/splits/cifar10_split_seed100_clients5_alpha0p3_ref500.json,1.0,16,conv1,0,4,0.9999576210975647,0.9999273419380188,500
cka_feddst,cifar10,0.8,100,results/logs/cka_strength_sweep/cifar10_cka_strength_fixed_5605137/strength_1p0/seed_100/splits/cifar10_split_seed100_clients5_alpha0p3_ref500.json,1.0,16,conv1,1,0,0.9999878406524658,0.9999273419380188,500
cka_feddst,cifar10,0.8,100,results/logs/cka_strength_sweep/cifar10_cka_strength_fixed_5605137/strength_1p0/seed_100/splits/cifar10_split_seed100_clients5_alpha0p3_ref500.json,1.0,16,conv1,1,1,1.0,0.9999273419380188,500
cka_feddst,cifar10,0.8,100,results/logs/cka_strength_sweep/cifar10_cka_strength_fixed_5605137/strength_1p0/seed_100/splits/cifar10_split_seed100_clients5_alpha0p3_ref500.json,1.0,16,conv1,1,2,0.9997857809066772,0.9999273419380188,500
cka_feddst,cifar10,0.8,100,results/logs/cka_strength_sweep/cifar10_cka_strength_fixed_5605137/strength_1p0/seed_100/splits/cifar10_split_seed100_clients5_alpha0p3_ref500.json,1.0,16,conv1,1,3,0.999897837638855,0.9999273419380188,500
cka_feddst,cifar10,0.8,100,results/logs/cka_strength_sweep/cifar10_cka_strength_fixed_5605137/strength_1p0/seed_100/splits/cifar10_split_seed100_clients5_alpha0p3_ref500.json,1.0,16,conv1,1,4,0.9999402761459351,0.9999273419380188,500
cka_feddst,cifar10,0.8,100,results/logs/cka_strength_sweep/cifar10_cka_strength_fixed_5605137/strength_1p0/seed_100/splits/cifar10_split_seed100_clients5_alpha0p3_ref500.json,1.0,16,conv1,2,0,0.9998757243156433,0.9999273419380188,500
cka_feddst,cifar10,0.8,100,results/logs/cka_strength_sweep/cifar10_cka_strength_fixed_5605137/strength_1p0/seed_100/splits/cifar10_split_seed100_clients5_alpha0p3_ref500.json,1.0,16,conv1,2,1,0.9997857809066772,0.9999273419380188,500
cka_feddst,cifar10,0.8,100,results/logs/cka_strength_sweep/cifar10_cka_strength_fixed_5605137/strength_1p0/seed_100/splits/cifar10_split_seed100_clients5_alpha0p3_ref500.json,1.0,16,conv1,2,2,1.0,0.9999273419380188,500
cka_feddst,cifar10,0.8,100,results/logs/cka_strength_sweep/cifar10_cka_strength_fixed_5605137/strength_1p0/seed_100/splits/cifar10_split_seed100_clients5_alpha0p3_ref500.json,1.0,16,conv1,2,3,0.9999814033508301,0.9999273419380188,500
cka_feddst,cifar10,0.8,100,results/logs/cka_strength_sweep/cifar10_cka_strength_fixed_5605137/strength_1p0/seed_100/splits/cifar10_split_seed100_clients5_alpha0p3_ref500.json,1.0,16,conv1,2,4,0.9999161958694458,0.9999273419380188,500
cka_feddst,cifar10,0.8,100,results/logs/cka_strength_sweep/cifar10_cka_strength_fixed_5605137/strength_1p0/seed_100/splits/cifar10_split_seed100_clients5_alpha0p3_ref500.json,1.0,16,conv1,3,0,0.9999503493309021,0.9999273419380188,500
cka_feddst,cifar10,0.8,100,results/logs/cka_strength_sweep/cifar10_cka_strength_fixed_5605137/strength_1p0/seed_100/splits/cifar10_split_seed100_clients5_alpha0p3_ref500.json,1.0,16,conv1,3,1,0.999897837638855,0.9999273419380188,500
cka_feddst,cifar10,0.8,100,results/logs/cka_strength_sweep/cifar10_cka_strength_fixed_5605137/strength_1p0/seed_100/splits/cifar10_split_seed100_clients5_alpha0p3_ref500.json,1.0,16,conv1,3,2,0.9999814033508301,0.9999273419380188,500
cka_feddst,cifar10,0.8,100,results/logs/cka_strength_sweep/cifar10_cka_strength_fixed_5605137/strength_1p0/seed_100/splits/cifar10_split_seed100_clients5_alpha0p3_ref500.json,1.0,16,conv1,3,3,1.0,0.9999273419380188,500
cka_feddst,cifar10,0.8,100,results/logs/cka_strength_sweep/cifar10_cka_strength_fixed_5605137/strength_1p0/seed_100/splits/cifar10_split_seed100_clients5_alpha0p3_ref500.json,1.0,16,conv1,3,4,0.9999810457229614,0.9999273419380188,500
cka_feddst,cifar10,0.8,100,results/logs/cka_strength_sweep/cifar10_cka_strength_fixed_5605137/strength_1p0/seed_100/splits/cifar10_split_seed100_clients5_alpha0p3_ref500.json,1.0,16,conv1,4,0,0.9999576210975647,0.9999273419380188,500
cka_feddst,cifar10,0.8,100,results/logs/cka_strength_sweep/cifar10_cka_strength_fixed_5605137/strength_1p0/seed_100/splits/cifar10_split_seed100_clients5_alpha0p3_ref500.json,1.0,16,conv1,4,1,0.9999402761459351,0.9999273419380188,500
cka_feddst,cifar10,0.8,100,results/logs/cka_strength_sweep/cifar10_cka_strength_fixed_5605137/strength_1p0/seed_100/splits/cifar10_split_seed100_clients5_alpha0p3_ref500.json,1.0,16,conv1,4,2,0.9999161958694458,0.9999273419380188,500
cka_feddst,cifar10,0.8,100,results/logs/cka_strength_sweep/cifar10_cka_strength_fixed_5605137/strength_1p0/seed_100/splits/cifar10_split_seed100_clients5_alpha0p3_ref500.json,1.0,16,conv1,4,3,0.9999810457229614,0.9999273419380188,500
cka_feddst,cifar10,0.8,100,results/logs/cka_strength_sweep/cifar10_cka_strength_fixed_5605137/strength_1p0/seed_100/splits/cifar10_split_seed100_clients5_alpha0p3_ref500.json,1.0,16,conv1,4,4,1.0,0.9999273419380188,500
cka_feddst,cifar10,0.8,100,results/logs/cka_strength_sweep/cifar10_cka_strength_fixed_5605137/strength_1p0/seed_100/splits/cifar10_split_seed100_clients5_alpha0p3_ref500.json,1.0,16,conv2,0,0,1.0,0.9975708723068237,500
cka_feddst,cifar10,0.8,100,results/logs/cka_strength_sweep/cifar10_cka_strength_fixed_5605137/strength_1p0/seed_100/splits/cifar10_split_seed100_clients5_alpha0p3_ref500.json,1.0,16,conv2,0,1,0.9978126287460327,0.9975708723068237,500
cka_feddst,cifar10,0.8,100,results/logs/cka_strength_sweep/cifar10_cka_strength_fixed_5605137/strength_1p0/seed_100/splits/cifar10_split_seed100_clients5_alpha0p3_ref500.json,1.0,16,conv2,0,2,0.9988946914672852,0.9975708723068237,500
cka_feddst,cifar10,0.8,100,results/logs/cka_strength_sweep/cifar10_cka_strength_fixed_5605137/strength_1p0/seed_100/splits/cifar10_split_seed100_clients5_alpha0p3_ref500.json,1.0,16,conv2,0,3,0.9997549057006836,0.9975708723068237,500
cka_feddst,cifar10,0.8,100,results/logs/cka_strength_sweep/cifar10_cka_strength_fixed_5605137/strength_1p0/seed_100/splits/cifar10_split_seed100_clients5_alpha0p3_ref500.json,1.0,16,conv2,0,4,0.9970185160636902,0.9975708723068237,500
cka_feddst,cifar10,0.8,100,results/logs/cka_strength_sweep/cifar10_cka_strength_fixed_5605137/strength_1p0/seed_100/splits/cifar10_split_seed100_clients5_alpha0p3_ref500.json,1.0,16,conv2,1,0,0.9978126287460327,0.9975708723068237,500
cka_feddst,cifar10,0.8,100,results/logs/cka_strength_sweep/cifar10_cka_strength_fixed_5605137/strength_1p0/seed_100/splits/cifar10_split_seed100_clients5_alpha0p3_ref500.json,1.0,16,conv2,1,1,1.0,0.9975708723068237,500
cka_feddst,cifar10,0.8,100,results/logs/cka_strength_sweep/cifar10_cka_strength_fixed_5605137/strength_1p0/seed_100/splits/cifar10_split_seed100_clients5_alpha0p3_ref500.json,1.0,16,conv2,1,2,0.9939995408058167,0.9975708723068237,500
cka_feddst,cifar10,0.8,100,results/logs/cka_strength_sweep/cifar10_cka_strength_fixed_5605137/strength_1p0/seed_100/splits/cifar10_split_seed100_clients5_alpha0p3_ref500.json,1.0,16,conv2,1,3,0.9985971450805664,0.9975708723068237,500
cka_feddst,cifar10,0.8,100,results/logs/cka_strength_sweep/cifar10_cka_strength_fixed_5605137/strength_1p0/seed_100/splits/cifar10_split_seed100_clients5_alpha0p3_ref500.json,1.0,16,conv2,1,4,0.9996892213821411,0.9975708723068237,500
cka_feddst,cifar10,0.8,100,results/logs/cka_strength_sweep/cifar10_cka_strength_fixed_5605137/strength_1p0/seed_100/splits/cifar10_split_seed100_clients5_alpha0p3_ref500.json,1.0,16,conv2,2,0,0.9988946914672852,0.9975708723068237,500
cka_feddst,cifar10,0.8,100,results/logs/cka_strength_sweep/cifar10_cka_strength_fixed_5605137/strength_1p0/seed_100/splits/cifar10_split_seed100_clients5_alpha0p3_ref500.json,1.0,16,conv2,2,1,0.9939995408058167,0.9975708723068237,500
cka_feddst,cifar10,0.8,100,results/logs/cka_strength_sweep/cifar10_cka_strength_fixed_5605137/strength_1p0/seed_100/splits/cifar10_split_seed100_clients5_alpha0p3_ref500.json,1.0,16,conv2,2,2,1.0,0.9975708723068237,500
cka_feddst,cifar10,0.8,100,results/logs/cka_strength_sweep/cifar10_cka_strength_fixed_5605137/strength_1p0/seed_100/splits/cifar10_split_seed100_clients5_alpha0p3_ref500.json,1.0,16,conv2,2,3,0.998359739780426,0.9975708723068237,500
cka_feddst,cifar10,0.8,100,results/logs/cka_strength_sweep/cifar10_cka_strength_fixed_5605137/strength_1p0/seed_100/splits/cifar10_split_seed100_clients5_alpha0p3_ref500.json,1.0,16,conv2,2,4,0.9933523535728455,0.9975708723068237,500
cka_feddst,cifar10,0.8,100,results/logs/cka_strength_sweep/cifar10_cka_strength_fixed_5605137/strength_1p0/seed_100/splits/cifar10_split_seed100_clients5_alpha0p3_ref500.json,1.0,16,conv2,3,0,0.9997549057006836,0.9975708723068237,500
cka_feddst,cifar10,0.8,100,results/logs/cka_strength_sweep/cifar10_cka_strength_fixed_5605137/strength_1p0/seed_100/splits/cifar10_split_seed100_clients5_alpha0p3_ref500.json,1.0,16,conv2,3,1,0.9985971450805664,0.9975708723068237,500
cka_feddst,cifar10,0.8,100,results/logs/cka_strength_sweep/cifar10_cka_strength_fixed_5605137/strength_1p0/seed_100/splits/cifar10_split_seed100_clients5_alpha0p3_ref500.json,1.0,16,conv2,3,2,0.998359739780426,0.9975708723068237,500
cka_feddst,cifar10,0.8,100,results/logs/cka_strength_sweep/cifar10_cka_strength_fixed_5605137/strength_1p0/seed_100/splits/cifar10_split_seed100_clients5_alpha0p3_ref500.json,1.0,16,conv2,3,3,1.0,0.9975708723068237,500
cka_feddst,cifar10,0.8,100,results/logs/cka_strength_sweep/cifar10_cka_strength_fixed_5605137/strength_1p0/seed_100/splits/cifar10_split_seed100_clients5_alpha0p3_ref500.json,1.0,16,conv2,3,4,0.9982303380966187,0.9975708723068237,500
cka_feddst,cifar10,0.8,100,results/logs/cka_strength_sweep/cifar10_cka_strength_fixed_5605137/strength_1p0/seed_100/splits/cifar10_split_seed100_clients5_alpha0p3_ref500.json,1.0,16,conv2,4,0,0.9970185160636902,0.9975708723068237,500
cka_feddst,cifar10,0.8,100,results/logs/cka_strength_sweep/cifar10_cka_strength_fixed_5605137/strength_1p0/seed_100/splits/cifar10_split_seed100_clients5_alpha0p3_ref500.json,1.0,16,conv2,4,1,0.9996892213821411,0.9975708723068237,500
cka_feddst,cifar10,0.8,100,results/logs/cka_strength_sweep/cifar10_cka_strength_fixed_5605137/strength_1p0/seed_100/splits/cifar10_split_seed100_clients5_alpha0p3_ref500.json,1.0,16,conv2,4,2,0.9933523535728455,0.9975708723068237,500
cka_feddst,cifar10,0.8,100,results/logs/cka_strength_sweep/cifar10_cka_strength_fixed_5605137/strength_1p0/seed_100/splits/cifar10_split_seed100_clients5_alpha0p3_ref500.json,1.0,16,conv2,4,3,0.9982303380966187,0.9975708723068237,500
cka_feddst,cifar10,0.8,100,results/logs/cka_strength_sweep/cifar10_cka_strength_fixed_5605137/strength_1p0/seed_100/splits/cifar10_split_seed100_clients5_alpha0p3_ref500.json,1.0,16,conv2,4,4,1.0,0.9975708723068237,500
cka_feddst,cifar10,0.8,100,results/logs/cka_strength_sweep/cifar10_cka_strength_fixed_5605137/strength_1p0/seed_100/splits/cifar10_split_seed100_clients5_alpha0p3_ref500.json,1.0,16,conv3,0,0,1.0,0.9972503781318665,500
cka_feddst,cifar10,0.8,100,results/logs/cka_strength_sweep/cifar10_cka_strength_fixed_5605137/strength_1p0/seed_100/splits/cifar10_split_seed100_clients5_alpha0p3_ref500.json,1.0,16,conv3,0,1,0.9974549412727356,0.9972503781318665,500
cka_feddst,cifar10,0.8,100,results/logs/cka_strength_sweep/cifar10_cka_strength_fixed_5605137/strength_1p0/seed_100/splits/cifar10_split_seed100_clients5_alpha0p3_ref500.json,1.0,16,conv3,0,2,0.9987311363220215,0.9972503781318665,500
cka_feddst,cifar10,0.8,100,results/logs/cka_strength_sweep/cifar10_cka_strength_fixed_5605137/strength_1p0/seed_100/splits/cifar10_split_seed100_clients5_alpha0p3_ref500.json,1.0,16,conv3,0,3,0.9997133612632751,0.9972503781318665,500
cka_feddst,cifar10,0.8,100,results/logs/cka_strength_sweep/cifar10_cka_strength_fixed_5605137/strength_1p0/seed_100/splits/cifar10_split_seed100_clients5_alpha0p3_ref500.json,1.0,16,conv3,0,4,0.9967883229255676,0.9972503781318665,500
cka_feddst,cifar10,0.8,100,results/logs/cka_strength_sweep/cifar10_cka_strength_fixed_5605137/strength_1p0/seed_100/splits/cifar10_split_seed100_clients5_alpha0p3_ref500.json,1.0,16,conv3,1,0,0.9974549412727356,0.9972503781318665,500
cka_feddst,cifar10,0.8,100,results/logs/cka_strength_sweep/cifar10_cka_strength_fixed_5605137/strength_1p0/seed_100/splits/cifar10_split_seed100_clients5_alpha0p3_ref500.json,1.0,16,conv3,1,1,1.0,0.9972503781318665,500
cka_feddst,cifar10,0.8,100,results/logs/cka_strength_sweep/cifar10_cka_strength_fixed_5605137/strength_1p0/seed_100/splits/cifar10_split_seed100_clients5_alpha0p3_ref500.json,1.0,16,conv3,1,2,0.9930212497711182,0.9972503781318665,500
cka_feddst,cifar10,0.8,100,results/logs/cka_strength_sweep/cifar10_cka_strength_fixed_5605137/strength_1p0/seed_100/splits/cifar10_split_seed100_clients5_alpha0p3_ref500.json,1.0,16,conv3,1,3,0.9983565211296082,0.9972503781318665,500
cka_feddst,cifar10,0.8,100,results/logs/cka_strength_sweep/cifar10_cka_strength_fixed_5605137/strength_1p0/seed_100/splits/cifar10_split_seed100_clients5_alpha0p3_ref500.json,1.0,16,conv3,1,4,0.9997199177742004,0.9972503781318665,500
cka_feddst,cifar10,0.8,100,results/logs/cka_strength_sweep/cifar10_cka_strength_fixed_5605137/strength_1p0/seed_100/splits/cifar10_split_seed100_clients5_alpha0p3_ref500.json,1.0,16,conv3,2,0,0.9987311363220215,0.9972503781318665,500
cka_feddst,cifar10,0.8,100,results/logs/cka_strength_sweep/cifar10_cka_strength_fixed_5605137/strength_1p0/seed_100/splits/cifar10_split_seed100_clients5_alpha0p3_ref500.json,1.0,16,conv3,2,1,0.9930212497711182,0.9972503781318665,500
cka_feddst,cifar10,0.8,100,results/logs/cka_strength_sweep/cifar10_cka_strength_fixed_5605137/strength_1p0/seed_100/splits/cifar10_split_seed100_clients5_alpha0p3_ref500.json,1.0,16,conv3,2,2,1.0,0.9972503781318665,500
cka_feddst,cifar10,0.8,100,results/logs/cka_strength_sweep/cifar10_cka_strength_fixed_5605137/strength_1p0/seed_100/splits/cifar10_split_seed100_clients5_alpha0p3_ref500.json,1.0,16,conv3,2,3,0.9980906844139099,0.9972503781318665,500
cka_feddst,cifar10,0.8,100,results/logs/cka_strength_sweep/cifar10_cka_strength_fixed_5605137/strength_1p0/seed_100/splits/cifar10_split_seed100_clients5_alpha0p3_ref500.json,1.0,16,conv3,2,4,0.9925365447998047,0.9972503781318665,500
cka_feddst,cifar10,0.8,100,results/logs/cka_strength_sweep/cifar10_cka_strength_fixed_5605137/strength_1p0/seed_100/splits/cifar10_split_seed100_clients5_alpha0p3_ref500.json,1.0,16,conv3,3,0,0.9997133612632751,0.9972503781318665,500
cka_feddst,cifar10,0.8,100,results/logs/cka_strength_sweep/cifar10_cka_strength_fixed_5605137/strength_1p0/seed_100/splits/cifar10_split_seed100_clients5_alpha0p3_ref500.json,1.0,16,conv3,3,1,0.9983565211296082,0.9972503781318665,500
cka_feddst,cifar10,0.8,100,results/logs/cka_strength_sweep/cifar10_cka_strength_fixed_5605137/strength_1p0/seed_100/splits/cifar10_split_seed100_clients5_alpha0p3_ref500.json,1.0,16,conv3,3,2,0.9980906844139099,0.9972503781318665,500
cka_feddst,cifar10,0.8,100,results/logs/cka_strength_sweep/cifar10_cka_strength_fixed_5605137/strength_1p0/seed_100/splits/cifar10_split_seed100_clients5_alpha0p3_ref500.json,1.0,16,conv3,3,3,1.0,0.9972503781318665,500
cka_feddst,cifar10,0.8,100,results/logs/cka_strength_sweep/cifar10_cka_strength_fixed_5605137/strength_1p0/seed_100/splits/cifar10_split_seed100_clients5_alpha0p3_ref500.json,1.0,16,conv3,3,4,0.9980906844139099,0.9972503781318665,500
cka_feddst,cifar10,0.8,100,results/logs/cka_strength_sweep/cifar10_cka_strength_fixed_5605137/strength_1p0/seed_100/splits/cifar10_split_seed100_clients5_alpha0p3_ref500.json,1.0,16,conv3,4,0,0.9967883229255676,0.9972503781318665,500
cka_feddst,cifar10,0.8,100,results/logs/cka_strength_sweep/cifar10_cka_strength_fixed_5605137/strength_1p0/seed_100/splits/cifar10_split_seed100_clients5_alpha0p3_ref500.json,1.0,16,conv3,4,1,0.9997199177742004,0.9972503781318665,500
cka_feddst,cifar10,0.8,100,results/logs/cka_strength_sweep/cifar10_cka_strength_fixed_5605137/strength_1p0/seed_100/splits/cifar10_split_seed100_clients5_alpha0p3_ref500.json,1.0,16,conv3,4,2,0.9925365447998047,0.9972503781318665,500
cka_feddst,cifar10,0.8,100,results/logs/cka_strength_sweep/cifar10_cka_strength_fixed_5605137/strength_1p0/seed_100/splits/cifar10_split_seed100_clients5_alpha0p3_ref500.json,1.0,16,conv3,4,3,0.9980906844139099,0.9972503781318665,500
cka_feddst,cifar10,0.8,100,results/logs/cka_strength_sweep/cifar10_cka_strength_fixed_5605137/strength_1p0/seed_100/splits/cifar10_split_seed100_clients5_alpha0p3_ref500.json,1.0,16,conv3,4,4,1.0,0.9972503781318665,500
cka_feddst,cifar10,0.8,100,results/logs/cka_strength_sweep/cifar10_cka_strength_fixed_5605137/strength_1p0/seed_100/splits/cifar10_split_seed100_clients5_alpha0p3_ref500.json,1.0,16,fc1,0,0,1.0,0.9813250303268433,500
cka_feddst,cifar10,0.8,100,results/logs/cka_strength_sweep/cifar10_cka_strength_fixed_5605137/strength_1p0/seed_100/splits/cifar10_split_seed100_clients5_alpha0p3_ref500.json,1.0,16,fc1,0,1,0.978733241558075,0.9813250303268433,500
cka_feddst,cifar10,0.8,100,results/logs/cka_strength_sweep/cifar10_cka_strength_fixed_5605137/strength_1p0/seed_100/splits/cifar10_split_seed100_clients5_alpha0p3_ref500.json,1.0,16,fc1,0,2,0.9559659957885742,0.9813250303268433,500
cka_feddst,cifar10,0.8,100,results/logs/cka_strength_sweep/cifar10_cka_strength_fixed_5605137/strength_1p0/seed_100/splits/cifar10_split_seed100_clients5_alpha0p3_ref500.json,1.0,16,fc1,0,3,0.9854164719581604,0.9813250303268433,500
cka_feddst,cifar10,0.8,100,results/logs/cka_strength_sweep/cifar10_cka_strength_fixed_5605137/strength_1p0/seed_100/splits/cifar10_split_seed100_clients5_alpha0p3_ref500.json,1.0,16,fc1,0,4,0.9814677238464355,0.9813250303268433,500
cka_feddst,cifar10,0.8,100,results/logs/cka_strength_sweep/cifar10_cka_strength_fixed_5605137/strength_1p0/seed_100/splits/cifar10_split_seed100_clients5_alpha0p3_ref500.json,1.0,16,fc1,1,0,0.978733241558075,0.9813250303268433,500
cka_feddst,cifar10,0.8,100,results/logs/cka_strength_sweep/cifar10_cka_strength_fixed_5605137/strength_1p0/seed_100/splits/cifar10_split_seed100_clients5_alpha0p3_ref500.json,1.0,16,fc1,1,1,1.0,0.9813250303268433,500
cka_feddst,cifar10,0.8,100,results/logs/cka_strength_sweep/cifar10_cka_strength_fixed_5605137/strength_1p0/seed_100/splits/cifar10_split_seed100_clients5_alpha0p3_ref500.json,1.0,16,fc1,1,2,0.9700742959976196,0.9813250303268433,500
cka_feddst,cifar10,0.8,100,results/logs/cka_strength_sweep/cifar10_cka_strength_fixed_5605137/strength_1p0/seed_100/splits/cifar10_split_seed100_clients5_alpha0p3_ref500.json,1.0,16,fc1,1,3,0.9915256500244141,0.9813250303268433,500
cka_feddst,cifar10,0.8,100,results/logs/cka_strength_sweep/cifar10_cka_strength_fixed_5605137/strength_1p0/seed_100/splits/cifar10_split_seed100_clients5_alpha0p3_ref500.json,1.0,16,fc1,1,4,0.9936047196388245,0.9813250303268433,500
cka_feddst,cifar10,0.8,100,results/logs/cka_strength_sweep/cifar10_cka_strength_fixed_5605137/strength_1p0/seed_100/splits/cifar10_split_seed100_clients5_alpha0p3_ref500.json,1.0,16,fc1,2,0,0.9559659957885742,0.9813250303268433,500
cka_feddst,cifar10,0.8,100,results/logs/cka_strength_sweep/cifar10_cka_strength_fixed_5605137/strength_1p0/seed_100/splits/cifar10_split_seed100_clients5_alpha0p3_ref500.json,1.0,16,fc1,2,1,0.9700742959976196,0.9813250303268433,500
cka_feddst,cifar10,0.8,100,results/logs/cka_strength_sweep/cifar10_cka_strength_fixed_5605137/strength_1p0/seed_100/splits/cifar10_split_seed100_clients5_alpha0p3_ref500.json,1.0,16,fc1,2,2,1.0,0.9813250303268433,500
cka_feddst,cifar10,0.8,100,results/logs/cka_strength_sweep/cifar10_cka_strength_fixed_5605137/strength_1p0/seed_100/splits/cifar10_split_seed100_clients5_alpha0p3_ref500.json,1.0,16,fc1,2,3,0.9845728278160095,0.9813250303268433,500
cka_feddst,cifar10,0.8,100,results/logs/cka_strength_sweep/cifar10_cka_strength_fixed_5605137/strength_1p0/seed_100/splits/cifar10_split_seed100_clients5_alpha0p3_ref500.json,1.0,16,fc1,2,4,0.9773705005645752,0.9813250303268433,500
cka_feddst,cifar10,0.8,100,results/logs/cka_strength_sweep/cifar10_cka_strength_fixed_5605137/strength_1p0/seed_100/splits/cifar10_split_seed100_clients5_alpha0p3_ref500.json,1.0,16,fc1,3,0,0.9854164719581604,0.9813250303268433,500
cka_feddst,cifar10,0.8,100,results/logs/cka_strength_sweep/cifar10_cka_strength_fixed_5605137/strength_1p0/seed_100/splits/cifar10_split_seed100_clients5_alpha0p3_ref500.json,1.0,16,fc1,3,1,0.9915256500244141,0.9813250303268433,500
cka_feddst,cifar10,0.8,100,results/logs/cka_strength_sweep/cifar10_cka_strength_fixed_5605137/strength_1p0/seed_100/splits/cifar10_split_seed100_clients5_alpha0p3_ref500.json,1.0,16,fc1,3,2,0.9845728278160095,0.9813250303268433,500
cka_feddst,cifar10,0.8,100,results/logs/cka_strength_sweep/cifar10_cka_strength_fixed_5605137/strength_1p0/seed_100/splits/cifar10_split_seed100_clients5_alpha0p3_ref500.json,1.0,16,fc1,3,3,1.0,0.9813250303268433,500
cka_feddst,cifar10,0.8,100,results/logs/cka_strength_sweep/cifar10_cka_strength_fixed_5605137/strength_1p0/seed_100/splits/cifar10_split_seed100_clients5_alpha0p3_ref500.json,1.0,16,fc1,3,4,0.9945191740989685,0.9813250303268433,500
cka_feddst,cifar10,0.8,100,results/logs/cka_strength_sweep/cifar10_cka_strength_fixed_5605137/strength_1p0/seed_100/splits/cifar10_split_seed100_clients5_alpha0p3_ref500.json,1.0,16,fc1,4,0,0.9814677238464355,0.9813250303268433,500
cka_feddst,cifar10,0.8,100,results/logs/cka_strength_sweep/cifar10_cka_strength_fixed_5605137/strength_1p0/seed_100/splits/cifar10_split_seed100_clients5_alpha0p3_ref500.json,1.0,16,fc1,4,1,0.9936047196388245,0.9813250303268433,500
cka_feddst,cifar10,0.8,100,results/logs/cka_strength_sweep/cifar10_cka_strength_fixed_5605137/strength_1p0/seed_100/splits/cifar10_split_seed100_clients5_alpha0p3_ref500.json,1.0,16,fc1,4,2,0.9773705005645752,0.9813250303268433,500
cka_feddst,cifar10,0.8,100,results/logs/cka_strength_sweep/cifar10_cka_strength_fixed_5605137/strength_1p0/seed_100/splits/cifar10_split_seed100_clients5_alpha0p3_ref500.json,1.0,16,fc1,4,3,0.9945191740989685,0.9813250303268433,500
cka_feddst,cifar10,0.8,100,results/logs/cka_strength_sweep/cifar10_cka_strength_fixed_5605137/strength_1p0/seed_100/splits/cifar10_split_seed100_clients5_alpha0p3_ref500.json,1.0,16,fc1,4,4,1.0,0.9813250303268433,500
cka_feddst,cifar10,0.8,100,results/logs/cka_strength_sweep/cifar10_cka_strength_fixed_5605137/strength_1p0/seed_100/splits/cifar10_split_seed100_clients5_alpha0p3_ref500.json,1.0,18,conv1,0,0,1.0,0.9998793601989746,500
cka_feddst,cifar10,0.8,100,results/logs/cka_strength_sweep/cifar10_cka_strength_fixed_5605137/strength_1p0/seed_100/splits/cifar10_split_seed100_clients5_alpha0p3_ref500.json,1.0,18,conv1,0,1,0.9999687671661377,0.9998793601989746,500
cka_feddst,cifar10,0.8,100,results/logs/cka_strength_sweep/cifar10_cka_strength_fixed_5605137/strength_1p0/seed_100/splits/cifar10_split_seed100_clients5_alpha0p3_ref500.json,1.0,18,conv1,0,2,0.9998250007629395,0.9998793601989746,500
cka_feddst,cifar10,0.8,100,results/logs/cka_strength_sweep/cifar10_cka_strength_fixed_5605137/strength_1p0/seed_100/splits/cifar10_split_seed100_clients5_alpha0p3_ref500.json,1.0,18,conv1,0,3,0.999921977519989,0.9998793601989746,500
cka_feddst,cifar10,0.8,100,results/logs/cka_strength_sweep/cifar10_cka_strength_fixed_5605137/strength_1p0/seed_100/splits/cifar10_split_seed100_clients5_alpha0p3_ref500.json,1.0,18,conv1,0,4,0.9999505877494812,0.9998793601989746,500
cka_feddst,cifar10,0.8,100,results/logs/cka_strength_sweep/cifar10_cka_strength_fixed_5605137/strength_1p0/seed_100/splits/cifar10_split_seed100_clients5_alpha0p3_ref500.json,1.0,18,conv1,1,0,0.9999687671661377,0.9998793601989746,500
cka_feddst,cifar10,0.8,100,results/logs/cka_strength_sweep/cifar10_cka_strength_fixed_5605137/strength_1p0/seed_100/splits/cifar10_split_seed100_clients5_alpha0p3_ref500.json,1.0,18,conv1,1,1,1.0,0.9998793601989746,500
cka_feddst,cifar10,0.8,100,results/logs/cka_strength_sweep/cifar10_cka_strength_fixed_5605137/strength_1p0/seed_100/splits/cifar10_split_seed100_clients5_alpha0p3_ref500.json,1.0,18,conv1,1,2,0.9996592998504639,0.9998793601989746,500
cka_feddst,cifar10,0.8,100,results/logs/cka_strength_sweep/cifar10_cka_strength_fixed_5605137/strength_1p0/seed_100/splits/cifar10_split_seed100_clients5_alpha0p3_ref500.json,1.0,18,conv1,1,3,0.9997959136962891,0.9998793601989746,500
cka_feddst,cifar10,0.8,100,results/logs/cka_strength_sweep/cifar10_cka_strength_fixed_5605137/strength_1p0/seed_100/splits/cifar10_split_seed100_clients5_alpha0p3_ref500.json,1.0,18,conv1,1,4,0.9998573064804077,0.9998793601989746,500
cka_feddst,cifar10,0.8,100,results/logs/cka_strength_sweep/cifar10_cka_strength_fixed_5605137/strength_1p0/seed_100/splits/cifar10_split_seed100_clients5_alpha0p3_ref500.json,1.0,18,conv1,2,0,0.9998250007629395,0.9998793601989746,500
cka_feddst,cifar10,0.8,100,results/logs/cka_strength_sweep/cifar10_cka_strength_fixed_5605137/strength_1p0/seed_100/splits/cifar10_split_seed100_clients5_alpha0p3_ref500.json,1.0,18,conv1,2,1,0.9996592998504639,0.9998793601989746,500
cka_feddst,cifar10,0.8,100,results/logs/cka_strength_sweep/cifar10_cka_strength_fixed_5605137/strength_1p0/seed_100/splits/cifar10_split_seed100_clients5_alpha0p3_ref500.json,1.0,18,conv1,2,2,1.0,0.9998793601989746,500
cka_feddst,cifar10,0.8,100,results/logs/cka_strength_sweep/cifar10_cka_strength_fixed_5605137/strength_1p0/seed_100/splits/cifar10_split_seed100_clients5_alpha0p3_ref500.json,1.0,18,conv1,2,3,0.9999805688858032,0.9998793601989746,500
cka_feddst,cifar10,0.8,100,results/logs/cka_strength_sweep/cifar10_cka_strength_fixed_5605137/strength_1p0/seed_100/splits/cifar10_split_seed100_clients5_alpha0p3_ref500.json,1.0,18,conv1,2,4,0.9998763799667358,0.9998793601989746,500
cka_feddst,cifar10,0.8,100,results/logs/cka_strength_sweep/cifar10_cka_strength_fixed_5605137/strength_1p0/seed_100/splits/cifar10_split_seed100_clients5_alpha0p3_ref500.json,1.0,18,conv1,3,0,0.999921977519989,0.9998793601989746,500
cka_feddst,cifar10,0.8,100,results/logs/cka_strength_sweep/cifar10_cka_strength_fixed_5605137/strength_1p0/seed_100/splits/cifar10_split_seed100_clients5_alpha0p3_ref500.json,1.0,18,conv1,3,1,0.9997959136962891,0.9998793601989746,500
cka_feddst,cifar10,0.8,100,results/logs/cka_strength_sweep/cifar10_cka_strength_fixed_5605137/strength_1p0/seed_100/splits/cifar10_split_seed100_clients5_alpha0p3_ref500.json,1.0,18,conv1,3,2,0.9999805688858032,0.9998793601989746,500
cka_feddst,cifar10,0.8,100,results/logs/cka_strength_sweep/cifar10_cka_strength_fixed_5605137/strength_1p0/seed_100/splits/cifar10_split_seed100_clients5_alpha0p3_ref500.json,1.0,18,conv1,3,3,1.0,0.9998793601989746,500
cka_feddst,cifar10,0.8,100,results/logs/cka_strength_sweep/cifar10_cka_strength_fixed_5605137/strength_1p0/seed_100/splits/cifar10_split_seed100_clients5_alpha0p3_ref500.json,1.0,18,conv1,3,4,0.9999582171440125,0.9998793601989746,500
cka_feddst,cifar10,0.8,100,results/logs/cka_strength_sweep/cifar10_cka_strength_fixed_5605137/strength_1p0/seed_100/splits/cifar10_split_seed100_clients5_alpha0p3_ref500.json,1.0,18,conv1,4,0,0.9999505877494812,0.9998793601989746,500
cka_feddst,cifar10,0.8,100,results/logs/cka_strength_sweep/cifar10_cka_strength_fixed_5605137/strength_1p0/seed_100/splits/cifar10_split_seed100_clients5_alpha0p3_ref500.json,1.0,18,conv1,4,1,0.9998573064804077,0.9998793601989746,500
cka_feddst,cifar10,0.8,100,results/logs/cka_strength_sweep/cifar10_cka_strength_fixed_5605137/strength_1p0/seed_100/splits/cifar10_split_seed100_clients5_alpha0p3_ref500.json,1.0,18,conv1,4,2,0.9998763799667358,0.9998793601989746,500
cka_feddst,cifar10,0.8,100,results/logs/cka_strength_sweep/cifar10_cka_strength_fixed_5605137/strength_1p0/seed_100/splits/cifar10_split_seed100_clients5_alpha0p3_ref500.json,1.0,18,conv1,4,3,0.9999582171440125,0.9998793601989746,500
cka_feddst,cifar10,0.8,100,results/logs/cka_strength_sweep/cifar10_cka_strength_fixed_5605137/strength_1p0/seed_100/splits/cifar10_split_seed100_clients5_alpha0p3_ref500.json,1.0,18,conv1,4,4,1.0,0.9998793601989746,500
cka_feddst,cifar10,0.8,100,results/logs/cka_strength_sweep/cifar10_cka_strength_fixed_5605137/strength_1p0/seed_100/splits/cifar10_split_seed100_clients5_alpha0p3_ref500.json,1.0,18,conv2,0,0,1.0,0.9945610165596008,500
cka_feddst,cifar10,0.8,100,results/logs/cka_strength_sweep/cifar10_cka_strength_fixed_5605137/strength_1p0/seed_100/splits/cifar10_split_seed100_clients5_alpha0p3_ref500.json,1.0,18,conv2,0,1,0.9984622001647949,0.9945610165596008,500
cka_feddst,cifar10,0.8,100,results/logs/cka_strength_sweep/cifar10_cka_strength_fixed_5605137/strength_1p0/seed_100/splits/cifar10_split_seed100_clients5_alpha0p3_ref500.json,1.0,18,conv2,0,2,0.9940085411071777,0.9945610165596008,500
cka_feddst,cifar10,0.8,100,results/logs/cka_strength_sweep/cifar10_cka_strength_fixed_5605137/strength_1p0/seed_100/splits/cifar10_split_seed100_clients5_alpha0p3_ref500.json,1.0,18,conv2,0,3,0.9988370537757874,0.9945610165596008,500
cka_feddst,cifar10,0.8,100,results/logs/cka_strength_sweep/cifar10_cka_strength_fixed_5605137/strength_1p0/seed_100/splits/cifar10_split_seed100_clients5_alpha0p3_ref500.json,1.0,18,conv2,0,4,0.9962670207023621,0.9945610165596008,500
cka_feddst,cifar10,0.8,100,results/logs/cka_strength_sweep/cifar10_cka_strength_fixed_5605137/strength_1p0/seed_100/splits/cifar10_split_seed100_clients5_alpha0p3_ref500.json,1.0,18,conv2,1,0,0.9984622001647949,0.9945610165596008,500
cka_feddst,cifar10,0.8,100,results/logs/cka_strength_sweep/cifar10_cka_strength_fixed_5605137/strength_1p0/seed_100/splits/cifar10_split_seed100_clients5_alpha0p3_ref500.json,1.0,18,conv2,1,1,1.0,0.9945610165596008,500
cka_feddst,cifar10,0.8,100,results/logs/cka_strength_sweep/cifar10_cka_strength_fixed_5605137/strength_1p0/seed_100/splits/cifar10_split_seed100_clients5_alpha0p3_ref500.json,1.0,18,conv2,1,2,0.9869909882545471,0.9945610165596008,500
cka_feddst,cifar10,0.8,100,results/logs/cka_strength_sweep/cifar10_cka_strength_fixed_5605137/strength_1p0/seed_100/splits/cifar10_split_seed100_clients5_alpha0p3_ref500.json,1.0,18,conv2,1,3,0.9950330257415771,0.9945610165596008,500
cka_feddst,cifar10,0.8,100,results/logs/cka_strength_sweep/cifar10_cka_strength_fixed_5605137/strength_1p0/seed_100/splits/cifar10_split_seed100_clients5_alpha0p3_ref500.json,1.0,18,conv2,1,4,0.9944846630096436,0.9945610165596008,500
cka_feddst,cifar10,0.8,100,results/logs/cka_strength_sweep/cifar10_cka_strength_fixed_5605137/strength_1p0/seed_100/splits/cifar10_split_seed100_clients5_alpha0p3_ref500.json,1.0,18,conv2,2,0,0.9940085411071777,0.9945610165596008,500
cka_feddst,cifar10,0.8,100,results/logs/cka_strength_sweep/cifar10_cka_strength_fixed_5605137/strength_1p0/seed_100/splits/cifar10_split_seed100_clients5_alpha0p3_ref500.json,1.0,18,conv2,2,1,0.9869909882545471,0.9945610165596008,500
cka_feddst,cifar10,0.8,100,results/logs/cka_strength_sweep/cifar10_cka_strength_fixed_5605137/strength_1p0/seed_100/splits/cifar10_split_seed100_clients5_alpha0p3_ref500.json,1.0,18,conv2,2,2,1.0,0.9945610165596008,500
cka_feddst,cifar10,0.8,100,results/logs/cka_strength_sweep/cifar10_cka_strength_fixed_5605137/strength_1p0/seed_100/splits/cifar10_split_seed100_clients5_alpha0p3_ref500.json,1.0,18,conv2,2,3,0.99658203125,0.9945610165596008,500
cka_feddst,cifar10,0.8,100,results/logs/cka_strength_sweep/cifar10_cka_strength_fixed_5605137/strength_1p0/seed_100/splits/cifar10_split_seed100_clients5_alpha0p3_ref500.json,1.0,18,conv2,2,4,0.987850546836853,0.9945610165596008,500
cka_feddst,cifar10,0.8,100,results/logs/cka_strength_sweep/cifar10_cka_strength_fixed_5605137/strength_1p0/seed_100/splits/cifar10_split_seed100_clients5_alpha0p3_ref500.json,1.0,18,conv2,3,0,0.9988370537757874,0.9945610165596008,500
cka_feddst,cifar10,0.8,100,results/logs/cka_strength_sweep/cifar10_cka_strength_fixed_5605137/strength_1p0/seed_100/splits/cifar10_split_seed100_clients5_alpha0p3_ref500.json,1.0,18,conv2,3,1,0.9950330257415771,0.9945610165596008,500
cka_feddst,cifar10,0.8,100,results/logs/cka_strength_sweep/cifar10_cka_strength_fixed_5605137/strength_1p0/seed_100/splits/cifar10_split_seed100_clients5_alpha0p3_ref500.json,1.0,18,conv2,3,2,0.99658203125,0.9945610165596008,500
cka_feddst,cifar10,0.8,100,results/logs/cka_strength_sweep/cifar10_cka_strength_fixed_5605137/strength_1p0/seed_100/splits/cifar10_split_seed100_clients5_alpha0p3_ref500.json,1.0,18,conv2,3,3,1.0,0.9945610165596008,500
cka_feddst,cifar10,0.8,100,results/logs/cka_strength_sweep/cifar10_cka_strength_fixed_5605137/strength_1p0/seed_100/splits/cifar10_split_seed100_clients5_alpha0p3_ref500.json,1.0,18,conv2,3,4,0.9970940351486206,0.9945610165596008,500
cka_feddst,cifar10,0.8,100,results/logs/cka_strength_sweep/cifar10_cka_strength_fixed_5605137/strength_1p0/seed_100/splits/cifar10_split_seed100_clients5_alpha0p3_ref500.json,1.0,18,conv2,4,0,0.9962670207023621,0.9945610165596008,500
cka_feddst,cifar10,0.8,100,results/logs/cka_strength_sweep/cifar10_cka_strength_fixed_5605137/strength_1p0/seed_100/splits/cifar10_split_seed100_clients5_alpha0p3_ref500.json,1.0,18,conv2,4,1,0.9944846630096436,0.9945610165596008,500
cka_feddst,cifar10,0.8,100,results/logs/cka_strength_sweep/cifar10_cka_strength_fixed_5605137/strength_1p0/seed_100/splits/cifar10_split_seed100_clients5_alpha0p3_ref500.json,1.0,18,conv2,4,2,0.987850546836853,0.9945610165596008,500
cka_feddst,cifar10,0.8,100,results/logs/cka_strength_sweep/cifar10_cka_strength_fixed_5605137/strength_1p0/seed_100/splits/cifar10_split_seed100_clients5_alpha0p3_ref500.json,1.0,18,conv2,4,3,0.9970940351486206,0.9945610165596008,500
cka_feddst,cifar10,0.8,100,results/logs/cka_strength_sweep/cifar10_cka_strength_fixed_5605137/strength_1p0/seed_100/splits/cifar10_split_seed100_clients5_alpha0p3_ref500.json,1.0,18,conv2,4,4,1.0,0.9945610165596008,500
cka_feddst,cifar10,0.8,100,results/logs/cka_strength_sweep/cifar10_cka_strength_fixed_5605137/strength_1p0/seed_100/splits/cifar10_split_seed100_clients5_alpha0p3_ref500.json,1.0,18,conv3,0,0,1.0,0.9943764805793762,500
cka_feddst,cifar10,0.8,100,results/logs/cka_strength_sweep/cifar10_cka_strength_fixed_5605137/strength_1p0/seed_100/splits/cifar10_split_seed100_clients5_alpha0p3_ref500.json,1.0,18,conv3,0,1,0.9984476566314697,0.9943764805793762,500
cka_feddst,cifar10,0.8,100,results/logs/cka_strength_sweep/cifar10_cka_strength_fixed_5605137/strength_1p0/seed_100/splits/cifar10_split_seed100_clients5_alpha0p3_ref500.json,1.0,18,conv3,0,2,0.993671715259552,0.9943764805793762,500
cka_feddst,cifar10,0.8,100,results/logs/cka_strength_sweep/cifar10_cka_strength_fixed_5605137/strength_1p0/seed_100/splits/cifar10_split_seed100_clients5_alpha0p3_ref500.json,1.0,18,conv3,0,3,0.9988311529159546,0.9943764805793762,500
cka_feddst,cifar10,0.8,100,results/logs/cka_strength_sweep/cifar10_cka_strength_fixed_5605137/strength_1p0/seed_100/splits/cifar10_split_seed100_clients5_alpha0p3_ref500.json,1.0,18,conv3,0,4,0.996296226978302,0.9943764805793762,500
cka_feddst,cifar10,0.8,100,results/logs/cka_strength_sweep/cifar10_cka_strength_fixed_5605137/strength_1p0/seed_100/splits/cifar10_split_seed100_clients5_alpha0p3_ref500.json,1.0,18,conv3,1,0,0.9984476566314697,0.9943764805793762,500
cka_feddst,cifar10,0.8,100,results/logs/cka_strength_sweep/cifar10_cka_strength_fixed_5605137/strength_1p0/seed_100/splits/cifar10_split_seed100_clients5_alpha0p3_ref500.json,1.0,18,conv3,1,1,1.0,0.9943764805793762,500
cka_feddst,cifar10,0.8,100,results/logs/cka_strength_sweep/cifar10_cka_strength_fixed_5605137/strength_1p0/seed_100/splits/cifar10_split_seed100_clients5_alpha0p3_ref500.json,1.0,18,conv3,1,2,0.9865425229072571,0.9943764805793762,500
cka_feddst,cifar10,0.8,100,results/logs/cka_strength_sweep/cifar10_cka_strength_fixed_5605137/strength_1p0/seed_100/splits/cifar10_split_seed100_clients5_alpha0p3_ref500.json,1.0,18,conv3,1,3,0.9950231313705444,0.9943764805793762,500
cka_feddst,cifar10,0.8,100,results/logs/cka_strength_sweep/cifar10_cka_strength_fixed_5605137/strength_1p0/seed_100/splits/cifar10_split_seed100_clients5_alpha0p3_ref500.json,1.0,18,conv3,1,4,0.9946544766426086,0.9943764805793762,500
cka_feddst,cifar10,0.8,100,results/logs/cka_strength_sweep/cifar10_cka_strength_fixed_5605137/strength_1p0/seed_100/splits/cifar10_split_seed100_clients5_alpha0p3_ref500.json,1.0,18,conv3,2,0,0.993671715259552,0.9943764805793762,500
cka_feddst,cifar10,0.8,100,results/logs/cka_strength_sweep/cifar10_cka_strength_fixed_5605137/strength_1p0/seed_100/splits/cifar10_split_seed100_clients5_alpha0p3_ref500.json,1.0,18,conv3,2,1,0.9865425229072571,0.9943764805793762,500
cka_feddst,cifar10,0.8,100,results/logs/cka_strength_sweep/cifar10_cka_strength_fixed_5605137/strength_1p0/seed_100/splits/cifar10_split_seed100_clients5_alpha0p3_ref500.json,1.0,18,conv3,2,2,1.0,0.9943764805793762,500
cka_feddst,cifar10,0.8,100,results/logs/cka_strength_sweep/cifar10_cka_strength_fixed_5605137/strength_1p0/seed_100/splits/cifar10_split_seed100_clients5_alpha0p3_ref500.json,1.0,18,conv3,2,3,0.9962233901023865,0.9943764805793762,500
cka_feddst,cifar10,0.8,100,results/logs/cka_strength_sweep/cifar10_cka_strength_fixed_5605137/strength_1p0/seed_100/splits/cifar10_split_seed100_clients5_alpha0p3_ref500.json,1.0,18,conv3,2,4,0.9870765805244446,0.9943764805793762,500
cka_feddst,cifar10,0.8,100,results/logs/cka_strength_sweep/cifar10_cka_strength_fixed_5605137/strength_1p0/seed_100/splits/cifar10_split_seed100_clients5_alpha0p3_ref500.json,1.0,18,conv3,3,0,0.9988311529159546,0.9943764805793762,500
cka_feddst,cifar10,0.8,100,results/logs/cka_strength_sweep/cifar10_cka_strength_fixed_5605137/strength_1p0/seed_100/splits/cifar10_split_seed100_clients5_alpha0p3_ref500.json,1.0,18,conv3,3,1,0.9950231313705444,0.9943764805793762,500
cka_feddst,cifar10,0.8,100,results/logs/cka_strength_sweep/cifar10_cka_strength_fixed_5605137/strength_1p0/seed_100/splits/cifar10_split_seed100_clients5_alpha0p3_ref500.json,1.0,18,conv3,3,2,0.9962233901023865,0.9943764805793762,500
cka_feddst,cifar10,0.8,100,results/logs/cka_strength_sweep/cifar10_cka_strength_fixed_5605137/strength_1p0/seed_100/splits/cifar10_split_seed100_clients5_alpha0p3_ref500.json,1.0,18,conv3,3,3,1.0,0.9943764805793762,500
cka_feddst,cifar10,0.8,100,results/logs/cka_strength_sweep/cifar10_cka_strength_fixed_5605137/strength_1p0/seed_100/splits/cifar10_split_seed100_clients5_alpha0p3_ref500.json,1.0,18,conv3,3,4,0.9969977736473083,0.9943764805793762,500
cka_feddst,cifar10,0.8,100,results/logs/cka_strength_sweep/cifar10_cka_strength_fixed_5605137/strength_1p0/seed_100/splits/cifar10_split_seed100_clients5_alpha0p3_ref500.json,1.0,18,conv3,4,0,0.996296226978302,0.9943764805793762,500
cka_feddst,cifar10,0.8,100,results/logs/cka_strength_sweep/cifar10_cka_strength_fixed_5605137/strength_1p0/seed_100/splits/cifar10_split_seed100_clients5_alpha0p3_ref500.json,1.0,18,conv3,4,1,0.9946544766426086,0.9943764805793762,500
cka_feddst,cifar10,0.8,100,results/logs/cka_strength_sweep/cifar10_cka_strength_fixed_5605137/strength_1p0/seed_100/splits/cifar10_split_seed100_clients5_alpha0p3_ref500.json,1.0,18,conv3,4,2,0.9870765805244446,0.9943764805793762,500
cka_feddst,cifar10,0.8,100,results/logs/cka_strength_sweep/cifar10_cka_strength_fixed_5605137/strength_1p0/seed_100/splits/cifar10_split_seed100_clients5_alpha0p3_ref500.json,1.0,18,conv3,4,3,0.9969977736473083,0.9943764805793762,500
cka_feddst,cifar10,0.8,100,results/logs/cka_strength_sweep/cifar10_cka_strength_fixed_5605137/strength_1p0/seed_100/splits/cifar10_split_seed100_clients5_alpha0p3_ref500.json,1.0,18,conv3,4,4,1.0,0.9943764805793762,500
cka_feddst,cifar10,0.8,100,results/logs/cka_strength_sweep/cifar10_cka_strength_fixed_5605137/strength_1p0/seed_100/splits/cifar10_split_seed100_clients5_alpha0p3_ref500.json,1.0,18,fc1,0,0,1.0,0.9753038287162781,500
cka_feddst,cifar10,0.8,100,results/logs/cka_strength_sweep/cifar10_cka_strength_fixed_5605137/strength_1p0/seed_100/splits/cifar10_split_seed100_clients5_alpha0p3_ref500.json,1.0,18,fc1,0,1,0.9831187129020691,0.9753038287162781,500
cka_feddst,cifar10,0.8,100,results/logs/cka_strength_sweep/cifar10_cka_strength_fixed_5605137/strength_1p0/seed_100/splits/cifar10_split_seed100_clients5_alpha0p3_ref500.json,1.0,18,fc1,0,2,0.951458752155304,0.9753038287162781,500
cka_feddst,cifar10,0.8,100,results/logs/cka_strength_sweep/cifar10_cka_strength_fixed_5605137/strength_1p0/seed_100/splits/cifar10_split_seed100_clients5_alpha0p3_ref500.json,1.0,18,fc1,0,3,0.9850238561630249,0.9753038287162781,500
cka_feddst,cifar10,0.8,100,results/logs/cka_strength_sweep/cifar10_cka_strength_fixed_5605137/strength_1p0/seed_100/splits/cifar10_split_seed100_clients5_alpha0p3_ref500.json,1.0,18,fc1,0,4,0.9799909591674805,0.9753038287162781,500
cka_feddst,cifar10,0.8,100,results/logs/cka_strength_sweep/cifar10_cka_strength_fixed_5605137/strength_1p0/seed_100/splits/cifar10_split_seed100_clients5_alpha0p3_ref500.json,1.0,18,fc1,1,0,0.9831187129020691,0.9753038287162781,500
cka_feddst,cifar10,0.8,100,results/logs/cka_strength_sweep/cifar10_cka_strength_fixed_5605137/strength_1p0/seed_100/splits/cifar10_split_seed100_clients5_alpha0p3_ref500.json,1.0,18,fc1,1,1,1.0,0.9753038287162781,500
cka_feddst,cifar10,0.8,100,results/logs/cka_strength_sweep/cifar10_cka_strength_fixed_5605137/strength_1p0/seed_100/splits/cifar10_split_seed100_clients5_alpha0p3_ref500.json,1.0,18,fc1,1,2,0.9508444666862488,0.9753038287162781,500
cka_feddst,cifar10,0.8,100,results/logs/cka_strength_sweep/cifar10_cka_strength_fixed_5605137/strength_1p0/seed_100/splits/cifar10_split_seed100_clients5_alpha0p3_ref500.json,1.0,18,fc1,1,3,0.9854645133018494,0.9753038287162781,500
cka_feddst,cifar10,0.8,100,results/logs/cka_strength_sweep/cifar10_cka_strength_fixed_5605137/strength_1p0/seed_100/splits/cifar10_split_seed100_clients5_alpha0p3_ref500.json,1.0,18,fc1,1,4,0.9887282252311707,0.9753038287162781,500
cka_feddst,cifar10,0.8,100,results/logs/cka_strength_sweep/cifar10_cka_strength_fixed_5605137/strength_1p0/seed_100/splits/cifar10_split_seed100_clients5_alpha0p3_ref500.json,1.0,18,fc1,2,0,0.951458752155304,0.9753038287162781,500
cka_feddst,cifar10,0.8,100,results/logs/cka_strength_sweep/cifar10_cka_strength_fixed_5605137/strength_1p0/seed_100/splits/cifar10_split_seed100_clients5_alpha0p3_ref500.json,1.0,18,fc1,2,1,0.9508444666862488,0.9753038287162781,500
cka_feddst,cifar10,0.8,100,results/logs/cka_strength_sweep/cifar10_cka_strength_fixed_5605137/strength_1p0/seed_100/splits/cifar10_split_seed100_clients5_alpha0p3_ref500.json,1.0,18,fc1,2,2,1.0,0.9753038287162781,500
cka_feddst,cifar10,0.8,100,results/logs/cka_strength_sweep/cifar10_cka_strength_fixed_5605137/strength_1p0/seed_100/splits/cifar10_split_seed100_clients5_alpha0p3_ref500.json,1.0,18,fc1,2,3,0.9789132475852966,0.9753038287162781,500
cka_feddst,cifar10,0.8,100,results/logs/cka_strength_sweep/cifar10_cka_strength_fixed_5605137/strength_1p0/seed_100/splits/cifar10_split_seed100_clients5_alpha0p3_ref500.json,1.0,18,fc1,2,4,0.9610247611999512,0.9753038287162781,500
cka_feddst,cifar10,0.8,100,results/logs/cka_strength_sweep/cifar10_cka_strength_fixed_5605137/strength_1p0/seed_100/splits/cifar10_split_seed100_clients5_alpha0p3_ref500.json,1.0,18,fc1,3,0,0.9850238561630249,0.9753038287162781,500
cka_feddst,cifar10,0.8,100,results/logs/cka_strength_sweep/cifar10_cka_strength_fixed_5605137/strength_1p0/seed_100/splits/cifar10_split_seed100_clients5_alpha0p3_ref500.json,1.0,18,fc1,3,1,0.9854645133018494,0.9753038287162781,500
cka_feddst,cifar10,0.8,100,results/logs/cka_strength_sweep/cifar10_cka_strength_fixed_5605137/strength_1p0/seed_100/splits/cifar10_split_seed100_clients5_alpha0p3_ref500.json,1.0,18,fc1,3,2,0.9789132475852966,0.9753038287162781,500
cka_feddst,cifar10,0.8,100,results/logs/cka_strength_sweep/cifar10_cka_strength_fixed_5605137/strength_1p0/seed_100/splits/cifar10_split_seed100_clients5_alpha0p3_ref500.json,1.0,18,fc1,3,3,1.0,0.9753038287162781,500
cka_feddst,cifar10,0.8,100,results/logs/cka_strength_sweep/cifar10_cka_strength_fixed_5605137/strength_1p0/seed_100/splits/cifar10_split_seed100_clients5_alpha0p3_ref500.json,1.0,18,fc1,3,4,0.9884710311889648,0.9753038287162781,500
cka_feddst,cifar10,0.8,100,results/logs/cka_strength_sweep/cifar10_cka_strength_fixed_5605137/strength_1p0/seed_100/splits/cifar10_split_seed100_clients5_alpha0p3_ref500.json,1.0,18,fc1,4,0,0.9799909591674805,0.9753038287162781,500
cka_feddst,cifar10,0.8,100,results/logs/cka_strength_sweep/cifar10_cka_strength_fixed_5605137/strength_1p0/seed_100/splits/cifar10_split_seed100_clients5_alpha0p3_ref500.json,1.0,18,fc1,4,1,0.9887282252311707,0.9753038287162781,500
cka_feddst,cifar10,0.8,100,results/logs/cka_strength_sweep/cifar10_cka_strength_fixed_5605137/strength_1p0/seed_100/splits/cifar10_split_seed100_clients5_alpha0p3_ref500.json,1.0,18,fc1,4,2,0.9610247611999512,0.9753038287162781,500
cka_feddst,cifar10,0.8,100,results/logs/cka_strength_sweep/cifar10_cka_strength_fixed_5605137/strength_1p0/seed_100/splits/cifar10_split_seed100_clients5_alpha0p3_ref500.json,1.0,18,fc1,4,3,0.9884710311889648,0.9753038287162781,500
cka_feddst,cifar10,0.8,100,results/logs/cka_strength_sweep/cifar10_cka_strength_fixed_5605137/strength_1p0/seed_100/splits/cifar10_split_seed100_clients5_alpha0p3_ref500.json,1.0,18,fc1,4,4,1.0,0.9753038287162781,500
cka_feddst,cifar10,0.8,100,results/logs/cka_strength_sweep/cifar10_cka_strength_fixed_5605137/strength_1p0/seed_100/splits/cifar10_split_seed100_clients5_alpha0p3_ref500.json,1.0,20,conv1,0,0,1.0,0.9999133944511414,500
cka_feddst,cifar10,0.8,100,results/logs/cka_strength_sweep/cifar10_cka_strength_fixed_5605137/strength_1p0/seed_100/splits/cifar10_split_seed100_clients5_alpha0p3_ref500.json,1.0,20,conv1,0,1,0.9999833106994629,0.9999133944511414,500
cka_feddst,cifar10,0.8,100,results/logs/cka_strength_sweep/cifar10_cka_strength_fixed_5605137/strength_1p0/seed_100/splits/cifar10_split_seed100_clients5_alpha0p3_ref500.json,1.0,20,conv1,0,2,0.9998636245727539,0.9999133944511414,500
cka_feddst,cifar10,0.8,100,results/logs/cka_strength_sweep/cifar10_cka_strength_fixed_5605137/strength_1p0/seed_100/splits/cifar10_split_seed100_clients5_alpha0p3_ref500.json,1.0,20,conv1,0,3,0.9999465346336365,0.9999133944511414,500
cka_feddst,cifar10,0.8,100,results/logs/cka_strength_sweep/cifar10_cka_strength_fixed_5605137/strength_1p0/seed_100/splits/cifar10_split_seed100_clients5_alpha0p3_ref500.json,1.0,20,conv1,0,4,0.9999421238899231,0.9999133944511414,500
cka_feddst,cifar10,0.8,100,results/logs/cka_strength_sweep/cifar10_cka_strength_fixed_5605137/strength_1p0/seed_100/splits/cifar10_split_seed100_clients5_alpha0p3_ref500.json,1.0,20,conv1,1,0,0.9999833106994629,0.9999133944511414,500
cka_feddst,cifar10,0.8,100,results/logs/cka_strength_sweep/cifar10_cka_strength_fixed_5605137/strength_1p0/seed_100/splits/cifar10_split_seed100_clients5_alpha0p3_ref500.json,1.0,20,conv1,1,1,1.0,0.9999133944511414,500
cka_feddst,cifar10,0.8,100,results/logs/cka_strength_sweep/cifar10_cka_strength_fixed_5605137/strength_1p0/seed_100/splits/cifar10_split_seed100_clients5_alpha0p3_ref500.json,1.0,20,conv1,1,2,0.9997613430023193,0.9999133944511414,500
cka_feddst,cifar10,0.8,100,results/logs/cka_strength_sweep/cifar10_cka_strength_fixed_5605137/strength_1p0/seed_100/splits/cifar10_split_seed100_clients5_alpha0p3_ref500.json,1.0,20,conv1,1,3,0.9998878836631775,0.9999133944511414,500
cka_feddst,cifar10,0.8,100,results/logs/cka_strength_sweep/cifar10_cka_strength_fixed_5605137/strength_1p0/seed_100/splits/cifar10_split_seed100_clients5_alpha0p3_ref500.json,1.0,20,conv1,1,4,0.9999337792396545,0.9999133944511414,500
cka_feddst,cifar10,0.8,100,results/logs/cka_strength_sweep/cifar10_cka_strength_fixed_5605137/strength_1p0/seed_100/splits/cifar10_split_seed100_clients5_alpha0p3_ref500.json,1.0,20,conv1,2,0,0.9998636245727539,0.9999133944511414,500
cka_feddst,cifar10,0.8,100,results/logs/cka_strength_sweep/cifar10_cka_strength_fixed_5605137/strength_1p0/seed_100/splits/cifar10_split_seed100_clients5_alpha0p3_ref500.json,1.0,20,conv1,2,1,0.9997613430023193,0.9999133944511414,500
cka_feddst,cifar10,0.8,100,results/logs/cka_strength_sweep/cifar10_cka_strength_fixed_5605137/strength_1p0/seed_100/splits/cifar10_split_seed100_clients5_alpha0p3_ref500.json,1.0,20,conv1,2,2,1.0,0.9999133944511414,500
cka_feddst,cifar10,0.8,100,results/logs/cka_strength_sweep/cifar10_cka_strength_fixed_5605137/strength_1p0/seed_100/splits/cifar10_split_seed100_clients5_alpha0p3_ref500.json,1.0,20,conv1,2,3,0.999971866607666,0.9999133944511414,500
cka_feddst,cifar10,0.8,100,results/logs/cka_strength_sweep/cifar10_cka_strength_fixed_5605137/strength_1p0/seed_100/splits/cifar10_split_seed100_clients5_alpha0p3_ref500.json,1.0,20,conv1,2,4,0.9998810291290283,0.9999133944511414,500
cka_feddst,cifar10,0.8,100,results/logs/cka_strength_sweep/cifar10_cka_strength_fixed_5605137/strength_1p0/seed_100/splits/cifar10_split_seed100_clients5_alpha0p3_ref500.json,1.0,20,conv1,3,0,0.9999465346336365,0.9999133944511414,500
cka_feddst,cifar10,0.8,100,results/logs/cka_strength_sweep/cifar10_cka_strength_fixed_5605137/strength_1p0/seed_100/splits/cifar10_split_seed100_clients5_alpha0p3_ref500.json,1.0,20,conv1,3,1,0.9998878836631775,0.9999133944511414,500
cka_feddst,cifar10,0.8,100,results/logs/cka_strength_sweep/cifar10_cka_strength_fixed_5605137/strength_1p0/seed_100/splits/cifar10_split_seed100_clients5_alpha0p3_ref500.json,1.0,20,conv1,3,2,0.999971866607666,0.9999133944511414,500
cka_feddst,cifar10,0.8,100,results/logs/cka_strength_sweep/cifar10_cka_strength_fixed_5605137/strength_1p0/seed_100/splits/cifar10_split_seed100_clients5_alpha0p3_ref500.json,1.0,20,conv1,3,3,1.0,0.9999133944511414,500
cka_feddst,cifar10,0.8,100,results/logs/cka_strength_sweep/cifar10_cka_strength_fixed_5605137/strength_1p0/seed_100/splits/cifar10_split_seed100_clients5_alpha0p3_ref500.json,1.0,20,conv1,3,4,0.9999628663063049,0.9999133944511414,500
cka_feddst,cifar10,0.8,100,results/logs/cka_strength_sweep/cifar10_cka_strength_fixed_5605137/strength_1p0/seed_100/splits/cifar10_split_seed100_clients5_alpha0p3_ref500.json,1.0,20,conv1,4,0,0.9999421238899231,0.9999133944511414,500
cka_feddst,cifar10,0.8,100,results/logs/cka_strength_sweep/cifar10_cka_strength_fixed_5605137/strength_1p0/seed_100/splits/cifar10_split_seed100_clients5_alpha0p3_ref500.json,1.0,20,conv1,4,1,0.9999337792396545,0.9999133944511414,500
cka_feddst,cifar10,0.8,100,results/logs/cka_strength_sweep/cifar10_cka_strength_fixed_5605137/strength_1p0/seed_100/splits/cifar10_split_seed100_clients5_alpha0p3_ref500.json,1.0,20,conv1,4,2,0.9998810291290283,0.9999133944511414,500
cka_feddst,cifar10,0.8,100,results/logs/cka_strength_sweep/cifar10_cka_strength_fixed_5605137/strength_1p0/seed_100/splits/cifar10_split_seed100_clients5_alpha0p3_ref500.json,1.0,20,conv1,4,3,0.9999628663063049,0.9999133944511414,500
cka_feddst,cifar10,0.8,100,results/logs/cka_strength_sweep/cifar10_cka_strength_fixed_5605137/strength_1p0/seed_100/splits/cifar10_split_seed100_clients5_alpha0p3_ref500.json,1.0,20,conv1,4,4,1.0,0.9999133944511414,500
cka_feddst,cifar10,0.8,100,results/logs/cka_strength_sweep/cifar10_cka_strength_fixed_5605137/strength_1p0/seed_100/splits/cifar10_split_seed100_clients5_alpha0p3_ref500.json,1.0,20,conv2,0,0,1.0,0.9917547106742859,500
cka_feddst,cifar10,0.8,100,results/logs/cka_strength_sweep/cifar10_cka_strength_fixed_5605137/strength_1p0/seed_100/splits/cifar10_split_seed100_clients5_alpha0p3_ref500.json,1.0,20,conv2,0,1,0.995868444442749,0.9917547106742859,500
cka_feddst,cifar10,0.8,100,results/logs/cka_strength_sweep/cifar10_cka_strength_fixed_5605137/strength_1p0/seed_100/splits/cifar10_split_seed100_clients5_alpha0p3_ref500.json,1.0,20,conv2,0,2,0.9935517311096191,0.9917547106742859,500
cka_feddst,cifar10,0.8,100,results/logs/cka_strength_sweep/cifar10_cka_strength_fixed_5605137/strength_1p0/seed_100/splits/cifar10_split_seed100_clients5_alpha0p3_ref500.json,1.0,20,conv2,0,3,0.9994345307350159,0.9917547106742859,500
cka_feddst,cifar10,0.8,100,results/logs/cka_strength_sweep/cifar10_cka_strength_fixed_5605137/strength_1p0/seed_100/splits/cifar10_split_seed100_clients5_alpha0p3_ref500.json,1.0,20,conv2,0,4,0.9915957450866699,0.9917547106742859,500
cka_feddst,cifar10,0.8,100,results/logs/cka_strength_sweep/cifar10_cka_strength_fixed_5605137/strength_1p0/seed_100/splits/cifar10_split_seed100_clients5_alpha0p3_ref500.json,1.0,20,conv2,1,0,0.995868444442749,0.9917547106742859,500
cka_feddst,cifar10,0.8,100,results/logs/cka_strength_sweep/cifar10_cka_strength_fixed_5605137/strength_1p0/seed_100/splits/cifar10_split_seed100_clients5_alpha0p3_ref500.json,1.0,20,conv2,1,1,1.0,0.9917547106742859,500
cka_feddst,cifar10,0.8,100,results/logs/cka_strength_sweep/cifar10_cka_strength_fixed_5605137/strength_1p0/seed_100/splits/cifar10_split_seed100_clients5_alpha0p3_ref500.json,1.0,20,conv2,1,2,0.9803293347358704,0.9917547106742859,500
cka_feddst,cifar10,0.8,100,results/logs/cka_strength_sweep/cifar10_cka_strength_fixed_5605137/strength_1p0/seed_100/splits/cifar10_split_seed100_clients5_alpha0p3_ref500.json,1.0,20,conv2,1,3,0.9971662759780884,0.9917547106742859,500
cka_feddst,cifar10,0.8,100,results/logs/cka_strength_sweep/cifar10_cka_strength_fixed_5605137/strength_1p0/seed_100/splits/cifar10_split_seed100_clients5_alpha0p3_ref500.json,1.0,20,conv2,1,4,0.9987722039222717,0.9917547106742859,500
cka_feddst,cifar10,0.8,100,results/logs/cka_strength_sweep/cifar10_cka_strength_fixed_5605137/strength_1p0/seed_100/splits/cifar10_split_seed100_clients5_alpha0p3_ref500.json,1.0,20,conv2,2,0,0.9935517311096191,0.9917547106742859,500
cka_feddst,cifar10,0.8,100,results/logs/cka_strength_sweep/cifar10_cka_strength_fixed_5605137/strength_1p0/seed_100/splits/cifar10_split_seed100_clients5_alpha0p3_ref500.json,1.0,20,conv2,2,1,0.9803293347358704,0.9917547106742859,500
cka_feddst,cifar10,0.8,100,results/logs/cka_strength_sweep/cifar10_cka_strength_fixed_5605137/strength_1p0/seed_100/splits/cifar10_split_seed100_clients5_alpha0p3_ref500.json,1.0,20,conv2,2,2,1.0,0.9917547106742859,500
cka_feddst,cifar10,0.8,100,results/logs/cka_strength_sweep/cifar10_cka_strength_fixed_5605137/strength_1p0/seed_100/splits/cifar10_split_seed100_clients5_alpha0p3_ref500.json,1.0,20,conv2,2,3,0.9921984076499939,0.9917547106742859,500
cka_feddst,cifar10,0.8,100,results/logs/cka_strength_sweep/cifar10_cka_strength_fixed_5605137/strength_1p0/seed_100/splits/cifar10_split_seed100_clients5_alpha0p3_ref500.json,1.0,20,conv2,2,4,0.9742310047149658,0.9917547106742859,500
cka_feddst,cifar10,0.8,100,results/logs/cka_strength_sweep/cifar10_cka_strength_fixed_5605137/strength_1p0/seed_100/splits/cifar10_split_seed100_clients5_alpha0p3_ref500.json,1.0,20,conv2,3,0,0.9994345307350159,0.9917547106742859,500
cka_feddst,cifar10,0.8,100,results/logs/cka_strength_sweep/cifar10_cka_strength_fixed_5605137/strength_1p0/seed_100/splits/cifar10_split_seed100_clients5_alpha0p3_ref500.json,1.0,20,conv2,3,1,0.9971662759780884,0.9917547106742859,500
cka_feddst,cifar10,0.8,100,results/logs/cka_strength_sweep/cifar10_cka_strength_fixed_5605137/strength_1p0/seed_100/splits/cifar10_split_seed100_clients5_alpha0p3_ref500.json,1.0,20,conv2,3,2,0.9921984076499939,0.9917547106742859,500
cka_feddst,cifar10,0.8,100,results/logs/cka_strength_sweep/cifar10_cka_strength_fixed_5605137/strength_1p0/seed_100/splits/cifar10_split_seed100_clients5_alpha0p3_ref500.json,1.0,20,conv2,3,3,1.0,0.9917547106742859,500
cka_feddst,cifar10,0.8,100,results/logs/cka_strength_sweep/cifar10_cka_strength_fixed_5605137/strength_1p0/seed_100/splits/cifar10_split_seed100_clients5_alpha0p3_ref500.json,1.0,20,conv2,3,4,0.9943996071815491,0.9917547106742859,500
cka_feddst,cifar10,0.8,100,results/logs/cka_strength_sweep/cifar10_cka_strength_fixed_5605137/strength_1p0/seed_100/splits/cifar10_split_seed100_clients5_alpha0p3_ref500.json,1.0,20,conv2,4,0,0.9915957450866699,0.9917547106742859,500
cka_feddst,cifar10,0.8,100,results/logs/cka_strength_sweep/cifar10_cka_strength_fixed_5605137/strength_1p0/seed_100/splits/cifar10_split_seed100_clients5_alpha0p3_ref500.json,1.0,20,conv2,4,1,0.9987722039222717,0.9917547106742859,500
cka_feddst,cifar10,0.8,100,results/logs/cka_strength_sweep/cifar10_cka_strength_fixed_5605137/strength_1p0/seed_100/splits/cifar10_split_seed100_clients5_alpha0p3_ref500.json,1.0,20,conv2,4,2,0.9742310047149658,0.9917547106742859,500
cka_feddst,cifar10,0.8,100,results/logs/cka_strength_sweep/cifar10_cka_strength_fixed_5605137/strength_1p0/seed_100/splits/cifar10_split_seed100_clients5_alpha0p3_ref500.json,1.0,20,conv2,4,3,0.9943996071815491,0.9917547106742859,500
cka_feddst,cifar10,0.8,100,results/logs/cka_strength_sweep/cifar10_cka_strength_fixed_5605137/strength_1p0/seed_100/splits/cifar10_split_seed100_clients5_alpha0p3_ref500.json,1.0,20,conv2,4,4,1.0,0.9917547106742859,500
cka_feddst,cifar10,0.8,100,results/logs/cka_strength_sweep/cifar10_cka_strength_fixed_5605137/strength_1p0/seed_100/splits/cifar10_split_seed100_clients5_alpha0p3_ref500.json,1.0,20,conv3,0,0,1.0,0.9908178448677063,500
cka_feddst,cifar10,0.8,100,results/logs/cka_strength_sweep/cifar10_cka_strength_fixed_5605137/strength_1p0/seed_100/splits/cifar10_split_seed100_clients5_alpha0p3_ref500.json,1.0,20,conv3,0,1,0.9954429864883423,0.9908178448677063,500
cka_feddst,cifar10,0.8,100,results/logs/cka_strength_sweep/cifar10_cka_strength_fixed_5605137/strength_1p0/seed_100/splits/cifar10_split_seed100_clients5_alpha0p3_ref500.json,1.0,20,conv3,0,2,0.9925377368927002,0.9908178448677063,500
cka_feddst,cifar10,0.8,100,results/logs/cka_strength_sweep/cifar10_cka_strength_fixed_5605137/strength_1p0/seed_100/splits/cifar10_split_seed100_clients5_alpha0p3_ref500.json,1.0,20,conv3,0,3,0.9992765188217163,0.9908178448677063,500
cka_feddst,cifar10,0.8,100,results/logs/cka_strength_sweep/cifar10_cka_strength_fixed_5605137/strength_1p0/seed_100/splits/cifar10_split_seed100_clients5_alpha0p3_ref500.json,1.0,20,conv3,0,4,0.990993320941925,0.9908178448677063,500
cka_feddst,cifar10,0.8,100,results/logs/cka_strength_sweep/cifar10_cka_strength_fixed_5605137/strength_1p0/seed_100/splits/cifar10_split_seed100_clients5_alpha0p3_ref500.json,1.0,20,conv3,1,0,0.9954429864883423,0.9908178448677063,500
cka_feddst,cifar10,0.8,100,results/logs/cka_strength_sweep/cifar10_cka_strength_fixed_5605137/strength_1p0/seed_100/splits/cifar10_split_seed100_clients5_alpha0p3_ref500.json,1.0,20,conv3,1,1,1.0,0.9908178448677063,500
cka_feddst,cifar10,0.8,100,results/logs/cka_strength_sweep/cifar10_cka_strength_fixed_5605137/strength_1p0/seed_100/splits/cifar10_split_seed100_clients5_alpha0p3_ref500.json,1.0,20,conv3,1,2,0.9778298139572144,0.9908178448677063,500
cka_feddst,cifar10,0.8,100,results/logs/cka_strength_sweep/cifar10_cka_strength_fixed_5605137/strength_1p0/seed_100/splits/cifar10_split_seed100_clients5_alpha0p3_ref500.json,1.0,20,conv3,1,3,0.9970440864562988,0.9908178448677063,500
cka_feddst,cifar10,0.8,100,results/logs/cka_strength_sweep/cifar10_cka_strength_fixed_5605137/strength_1p0/seed_100/splits/cifar10_split_seed100_clients5_alpha0p3_ref500.json,1.0,20,conv3,1,4,0.9987908005714417,0.9908178448677063,500
cka_feddst,cifar10,0.8,100,results/logs/cka_strength_sweep/cifar10_cka_strength_fixed_5605137/strength_1p0/seed_100/splits/cifar10_split_seed100_clients5_alpha0p3_ref500.json,1.0,20,conv3,2,0,0.9925377368927002,0.9908178448677063,500
cka_feddst,cifar10,0.8,100,results/logs/cka_strength_sweep/cifar10_cka_strength_fixed_5605137/strength_1p0/seed_100/splits/cifar10_split_seed100_clients5_alpha0p3_ref500.json,1.0,20,conv3,2,1,0.9778298139572144,0.9908178448677063,500
cka_feddst,cifar10,0.8,100,results/logs/cka_strength_sweep/cifar10_cka_strength_fixed_5605137/strength_1p0/seed_100/splits/cifar10_split_seed100_clients5_alpha0p3_ref500.json,1.0,20,conv3,2,2,1.0,0.9908178448677063,500
cka_feddst,cifar10,0.8,100,results/logs/cka_strength_sweep/cifar10_cka_strength_fixed_5605137/strength_1p0/seed_100/splits/cifar10_split_seed100_clients5_alpha0p3_ref500.json,1.0,20,conv3,2,3,0.9908067584037781,0.9908178448677063,500
cka_feddst,cifar10,0.8,100,results/logs/cka_strength_sweep/cifar10_cka_strength_fixed_5605137/strength_1p0/seed_100/splits/cifar10_split_seed100_clients5_alpha0p3_ref500.json,1.0,20,conv3,2,4,0.971257209777832,0.9908178448677063,500
cka_feddst,cifar10,0.8,100,results/logs/cka_strength_sweep/cifar10_cka_strength_fixed_5605137/strength_1p0/seed_100/splits/cifar10_split_seed100_clients5_alpha0p3_ref500.json,1.0,20,conv3,3,0,0.9992765188217163,0.9908178448677063,500
cka_feddst,cifar10,0.8,100,results/logs/cka_strength_sweep/cifar10_cka_strength_fixed_5605137/strength_1p0/seed_100/splits/cifar10_split_seed100_clients5_alpha0p3_ref500.json,1.0,20,conv3,3,1,0.9970440864562988,0.9908178448677063,500
cka_feddst,cifar10,0.8,100,results/logs/cka_strength_sweep/cifar10_cka_strength_fixed_5605137/strength_1p0/seed_100/splits/cifar10_split_seed100_clients5_alpha0p3_ref500.json,1.0,20,conv3,3,2,0.9908067584037781,0.9908178448677063,500
cka_feddst,cifar10,0.8,100,results/logs/cka_strength_sweep/cifar10_cka_strength_fixed_5605137/strength_1p0/seed_100/splits/cifar10_split_seed100_clients5_alpha0p3_ref500.json,1.0,20,conv3,3,3,1.0,0.9908178448677063,500
cka_feddst,cifar10,0.8,100,results/logs/cka_strength_sweep/cifar10_cka_strength_fixed_5605137/strength_1p0/seed_100/splits/cifar10_split_seed100_clients5_alpha0p3_ref500.json,1.0,20,conv3,3,4,0.9941986203193665,0.9908178448677063,500
cka_feddst,cifar10,0.8,100,results/logs/cka_strength_sweep/cifar10_cka_strength_fixed_5605137/strength_1p0/seed_100/splits/cifar10_split_seed100_clients5_alpha0p3_ref500.json,1.0,20,conv3,4,0,0.990993320941925,0.9908178448677063,500
cka_feddst,cifar10,0.8,100,results/logs/cka_strength_sweep/cifar10_cka_strength_fixed_5605137/strength_1p0/seed_100/splits/cifar10_split_seed100_clients5_alpha0p3_ref500.json,1.0,20,conv3,4,1,0.9987908005714417,0.9908178448677063,500
cka_feddst,cifar10,0.8,100,results/logs/cka_strength_sweep/cifar10_cka_strength_fixed_5605137/strength_1p0/seed_100/splits/cifar10_split_seed100_clients5_alpha0p3_ref500.json,1.0,20,conv3,4,2,0.971257209777832,0.9908178448677063,500
cka_feddst,cifar10,0.8,100,results/logs/cka_strength_sweep/cifar10_cka_strength_fixed_5605137/strength_1p0/seed_100/splits/cifar10_split_seed100_clients5_alpha0p3_ref500.json,1.0,20,conv3,4,3,0.9941986203193665,0.9908178448677063,500
cka_feddst,cifar10,0.8,100,results/logs/cka_strength_sweep/cifar10_cka_strength_fixed_5605137/strength_1p0/seed_100/splits/cifar10_split_seed100_clients5_alpha0p3_ref500.json,1.0,20,conv3,4,4,1.0,0.9908178448677063,500
cka_feddst,cifar10,0.8,100,results/logs/cka_strength_sweep/cifar10_cka_strength_fixed_5605137/strength_1p0/seed_100/splits/cifar10_split_seed100_clients5_alpha0p3_ref500.json,1.0,20,fc1,0,0,1.0,0.9659581184387207,500
cka_feddst,cifar10,0.8,100,results/logs/cka_strength_sweep/cifar10_cka_strength_fixed_5605137/strength_1p0/seed_100/splits/cifar10_split_seed100_clients5_alpha0p3_ref500.json,1.0,20,fc1,0,1,0.9602483510971069,0.9659581184387207,500
cka_feddst,cifar10,0.8,100,results/logs/cka_strength_sweep/cifar10_cka_strength_fixed_5605137/strength_1p0/seed_100/splits/cifar10_split_seed100_clients5_alpha0p3_ref500.json,1.0,20,fc1,0,2,0.9411314725875854,0.9659581184387207,500
cka_feddst,cifar10,0.8,100,results/logs/cka_strength_sweep/cifar10_cka_strength_fixed_5605137/strength_1p0/seed_100/splits/cifar10_split_seed100_clients5_alpha0p3_ref500.json,1.0,20,fc1,0,3,0.9804474711418152,0.9659581184387207,500
cka_feddst,cifar10,0.8,100,results/logs/cka_strength_sweep/cifar10_cka_strength_fixed_5605137/strength_1p0/seed_100/splits/cifar10_split_seed100_clients5_alpha0p3_ref500.json,1.0,20,fc1,0,4,0.9634065628051758,0.9659581184387207,500
cka_feddst,cifar10,0.8,100,results/logs/cka_strength_sweep/cifar10_cka_strength_fixed_5605137/strength_1p0/seed_100/splits/cifar10_split_seed100_clients5_alpha0p3_ref500.json,1.0,20,fc1,1,0,0.9602483510971069,0.9659581184387207,500
cka_feddst,cifar10,0.8,100,results/logs/cka_strength_sweep/cifar10_cka_strength_fixed_5605137/strength_1p0/seed_100/splits/cifar10_split_seed100_clients5_alpha0p3_ref500.json,1.0,20,fc1,1,1,1.0,0.9659581184387207,500
cka_feddst,cifar10,0.8,100,results/logs/cka_strength_sweep/cifar10_cka_strength_fixed_5605137/strength_1p0/seed_100/splits/cifar10_split_seed100_clients5_alpha0p3_ref500.json,1.0,20,fc1,1,2,0.9487001299858093,0.9659581184387207,500
cka_feddst,cifar10,0.8,100,results/logs/cka_strength_sweep/cifar10_cka_strength_fixed_5605137/strength_1p0/seed_100/splits/cifar10_split_seed100_clients5_alpha0p3_ref500.json,1.0,20,fc1,1,3,0.9878223538398743,0.9659581184387207,500
cka_feddst,cifar10,0.8,100,results/logs/cka_strength_sweep/cifar10_cka_strength_fixed_5605137/strength_1p0/seed_100/splits/cifar10_split_seed100_clients5_alpha0p3_ref500.json,1.0,20,fc1,1,4,0.9823636412620544,0.9659581184387207,500
cka_feddst,cifar10,0.8,100,results/logs/cka_strength_sweep/cifar10_cka_strength_fixed_5605137/strength_1p0/seed_100/splits/cifar10_split_seed100_clients5_alpha0p3_ref500.json,1.0,20,fc1,2,0,0.9411314725875854,0.9659581184387207,500
cka_feddst,cifar10,0.8,100,results/logs/cka_strength_sweep/cifar10_cka_strength_fixed_5605137/strength_1p0/seed_100/splits/cifar10_split_seed100_clients5_alpha0p3_ref500.json,1.0,20,fc1,2,1,0.9487001299858093,0.9659581184387207,500
cka_feddst,cifar10,0.8,100,results/logs/cka_strength_sweep/cifar10_cka_strength_fixed_5605137/strength_1p0/seed_100/splits/cifar10_split_seed100_clients5_alpha0p3_ref500.json,1.0,20,fc1,2,2,1.0,0.9659581184387207,500
cka_feddst,cifar10,0.8,100,results/logs/cka_strength_sweep/cifar10_cka_strength_fixed_5605137/strength_1p0/seed_100/splits/cifar10_split_seed100_clients5_alpha0p3_ref500.json,1.0,20,fc1,2,3,0.9701160192489624,0.9659581184387207,500
cka_feddst,cifar10,0.8,100,results/logs/cka_strength_sweep/cifar10_cka_strength_fixed_5605137/strength_1p0/seed_100/splits/cifar10_split_seed100_clients5_alpha0p3_ref500.json,1.0,20,fc1,2,4,0.9416070580482483,0.9659581184387207,500
cka_feddst,cifar10,0.8,100,results/logs/cka_strength_sweep/cifar10_cka_strength_fixed_5605137/strength_1p0/seed_100/splits/cifar10_split_seed100_clients5_alpha0p3_ref500.json,1.0,20,fc1,3,0,0.9804474711418152,0.9659581184387207,500
cka_feddst,cifar10,0.8,100,results/logs/cka_strength_sweep/cifar10_cka_strength_fixed_5605137/strength_1p0/seed_100/splits/cifar10_split_seed100_clients5_alpha0p3_ref500.json,1.0,20,fc1,3,1,0.9878223538398743,0.9659581184387207,500
cka_feddst,cifar10,0.8,100,results/logs/cka_strength_sweep/cifar10_cka_strength_fixed_5605137/strength_1p0/seed_100/splits/cifar10_split_seed100_clients5_alpha0p3_ref500.json,1.0,20,fc1,3,2,0.9701160192489624,0.9659581184387207,500
cka_feddst,cifar10,0.8,100,results/logs/cka_strength_sweep/cifar10_cka_strength_fixed_5605137/strength_1p0/seed_100/splits/cifar10_split_seed100_clients5_alpha0p3_ref500.json,1.0,20,fc1,3,3,1.0,0.9659581184387207,500
cka_feddst,cifar10,0.8,100,results/logs/cka_strength_sweep/cifar10_cka_strength_fixed_5605137/strength_1p0/seed_100/splits/cifar10_split_seed100_clients5_alpha0p3_ref500.json,1.0,20,fc1,3,4,0.9837383031845093,0.9659581184387207,500
cka_feddst,cifar10,0.8,100,results/logs/cka_strength_sweep/cifar10_cka_strength_fixed_5605137/strength_1p0/seed_100/splits/cifar10_split_seed100_clients5_alpha0p3_ref500.json,1.0,20,fc1,4,0,0.9634065628051758,0.9659581184387207,500
cka_feddst,cifar10,0.8,100,results/logs/cka_strength_sweep/cifar10_cka_strength_fixed_5605137/strength_1p0/seed_100/splits/cifar10_split_seed100_clients5_alpha0p3_ref500.json,1.0,20,fc1,4,1,0.9823636412620544,0.9659581184387207,500
cka_feddst,cifar10,0.8,100,results/logs/cka_strength_sweep/cifar10_cka_strength_fixed_5605137/strength_1p0/seed_100/splits/cifar10_split_seed100_clients5_alpha0p3_ref500.json,1.0,20,fc1,4,2,0.9416070580482483,0.9659581184387207,500
cka_feddst,cifar10,0.8,100,results/logs/cka_strength_sweep/cifar10_cka_strength_fixed_5605137/strength_1p0/seed_100/splits/cifar10_split_seed100_clients5_alpha0p3_ref500.json,1.0,20,fc1,4,3,0.9837383031845093,0.9659581184387207,500
cka_feddst,cifar10,0.8,100,results/logs/cka_strength_sweep/cifar10_cka_strength_fixed_5605137/strength_1p0/seed_100/splits/cifar10_split_seed100_clients5_alpha0p3_ref500.json,1.0,20,fc1,4,4,1.0,0.9659581184387207,500
