method,dataset,sparsity,seed,split_manifest_path,cka_strength,round,layer,client_i,client_j,cka,average_layer_cka,num_reference_samples
cka_feddst,mnist,0.8,42,results/logs/cka_strength_sweep/all_20260516_024344/strength_0p5/seed_42/splits/mnist_split_seed42_clients5_alpha0p3_ref200.json,0.5,2,conv1,0,0,1.0,0.9999993443489075,200
cka_feddst,mnist,0.8,42,results/logs/cka_strength_sweep/all_20260516_024344/strength_0p5/seed_42/splits/mnist_split_seed42_clients5_alpha0p3_ref200.json,0.5,2,conv1,0,1,0.9999986290931702,0.9999993443489075,200
cka_feddst,mnist,0.8,42,results/logs/cka_strength_sweep/all_20260516_024344/strength_0p5/seed_42/splits/mnist_split_seed42_clients5_alpha0p3_ref200.json,0.5,2,conv1,0,2,0.999999463558197,0.9999993443489075,200
cka_feddst,mnist,0.8,42,results/logs/cka_strength_sweep/all_20260516_024344/strength_0p5/seed_42/splits/mnist_split_seed42_clients5_alpha0p3_ref200.json,0.5,2,conv1,0,3,0.9999985694885254,0.9999993443489075,200
cka_feddst,mnist,0.8,42,results/logs/cka_strength_sweep/all_20260516_024344/strength_0p5/seed_42/splits/mnist_split_seed42_clients5_alpha0p3_ref200.json,0.5,2,conv1,0,4,0.9999995827674866,0.9999993443489075,200
cka_feddst,mnist,0.8,42,results/logs/cka_strength_sweep/all_20260516_024344/strength_0p5/seed_42/splits/mnist_split_seed42_clients5_alpha0p3_ref200.json,0.5,2,conv1,1,0,0.9999986290931702,0.9999993443489075,200
cka_feddst,mnist,0.8,42,results/logs/cka_strength_sweep/all_20260516_024344/strength_0p5/seed_42/splits/mnist_split_seed42_clients5_alpha0p3_ref200.json,0.5,2,conv1,1,1,1.0,0.9999993443489075,200
cka_feddst,mnist,0.8,42,results/logs/cka_strength_sweep/all_20260516_024344/strength_0p5/seed_42/splits/mnist_split_seed42_clients5_alpha0p3_ref200.json,0.5,2,conv1,1,2,1.0,0.9999993443489075,200
cka_feddst,mnist,0.8,42,results/logs/cka_strength_sweep/all_20260516_024344/strength_0p5/seed_42/splits/mnist_split_seed42_clients5_alpha0p3_ref200.json,0.5,2,conv1,1,3,1.0,0.9999993443489075,200
cka_feddst,mnist,0.8,42,results/logs/cka_strength_sweep/all_20260516_024344/strength_0p5/seed_42/splits/mnist_split_seed42_clients5_alpha0p3_ref200.json,0.5,2,conv1,1,4,0.9999988675117493,0.9999993443489075,200
cka_feddst,mnist,0.8,42,results/logs/cka_strength_sweep/all_20260516_024344/strength_0p5/seed_42/splits/mnist_split_seed42_clients5_alpha0p3_ref200.json,0.5,2,conv1,2,0,0.999999463558197,0.9999993443489075,200
cka_feddst,mnist,0.8,42,results/logs/cka_strength_sweep/all_20260516_024344/strength_0p5/seed_42/splits/mnist_split_seed42_clients5_alpha0p3_ref200.json,0.5,2,conv1,2,1,1.0,0.9999993443489075,200
cka_feddst,mnist,0.8,42,results/logs/cka_strength_sweep/all_20260516_024344/strength_0p5/seed_42/splits/mnist_split_seed42_clients5_alpha0p3_ref200.json,0.5,2,conv1,2,2,1.0,0.9999993443489075,200
cka_feddst,mnist,0.8,42,results/logs/cka_strength_sweep/all_20260516_024344/strength_0p5/seed_42/splits/mnist_split_seed42_clients5_alpha0p3_ref200.json,0.5,2,conv1,2,3,1.0,0.9999993443489075,200
cka_feddst,mnist,0.8,42,results/logs/cka_strength_sweep/all_20260516_024344/strength_0p5/seed_42/splits/mnist_split_seed42_clients5_alpha0p3_ref200.json,0.5,2,conv1,2,4,0.9999996423721313,0.9999993443489075,200
cka_feddst,mnist,0.8,42,results/logs/cka_strength_sweep/all_20260516_024344/strength_0p5/seed_42/splits/mnist_split_seed42_clients5_alpha0p3_ref200.json,0.5,2,conv1,3,0,0.9999985694885254,0.9999993443489075,200
cka_feddst,mnist,0.8,42,results/logs/cka_strength_sweep/all_20260516_024344/strength_0p5/seed_42/splits/mnist_split_seed42_clients5_alpha0p3_ref200.json,0.5,2,conv1,3,1,1.0,0.9999993443489075,200
cka_feddst,mnist,0.8,42,results/logs/cka_strength_sweep/all_20260516_024344/strength_0p5/seed_42/splits/mnist_split_seed42_clients5_alpha0p3_ref200.json,0.5,2,conv1,3,2,1.0,0.9999993443489075,200
cka_feddst,mnist,0.8,42,results/logs/cka_strength_sweep/all_20260516_024344/strength_0p5/seed_42/splits/mnist_split_seed42_clients5_alpha0p3_ref200.json,0.5,2,conv1,3,3,1.0,0.9999993443489075,200
cka_feddst,mnist,0.8,42,results/logs/cka_strength_sweep/all_20260516_024344/strength_0p5/seed_42/splits/mnist_split_seed42_clients5_alpha0p3_ref200.json,0.5,2,conv1,3,4,0.9999988079071045,0.9999993443489075,200
cka_feddst,mnist,0.8,42,results/logs/cka_strength_sweep/all_20260516_024344/strength_0p5/seed_42/splits/mnist_split_seed42_clients5_alpha0p3_ref200.json,0.5,2,conv1,4,0,0.9999995827674866,0.9999993443489075,200
cka_feddst,mnist,0.8,42,results/logs/cka_strength_sweep/all_20260516_024344/strength_0p5/seed_42/splits/mnist_split_seed42_clients5_alpha0p3_ref200.json,0.5,2,conv1,4,1,0.9999988675117493,0.9999993443489075,200
cka_feddst,mnist,0.8,42,results/logs/cka_strength_sweep/all_20260516_024344/strength_0p5/seed_42/splits/mnist_split_seed42_clients5_alpha0p3_ref200.json,0.5,2,conv1,4,2,0.9999996423721313,0.9999993443489075,200
cka_feddst,mnist,0.8,42,results/logs/cka_strength_sweep/all_20260516_024344/strength_0p5/seed_42/splits/mnist_split_seed42_clients5_alpha0p3_ref200.json,0.5,2,conv1,4,3,0.9999988079071045,0.9999993443489075,200
cka_feddst,mnist,0.8,42,results/logs/cka_strength_sweep/all_20260516_024344/strength_0p5/seed_42/splits/mnist_split_seed42_clients5_alpha0p3_ref200.json,0.5,2,conv1,4,4,1.0,0.9999993443489075,200
cka_feddst,mnist,0.8,42,results/logs/cka_strength_sweep/all_20260516_024344/strength_0p5/seed_42/splits/mnist_split_seed42_clients5_alpha0p3_ref200.json,0.5,2,conv2,0,0,1.0,0.9952926635742188,200
cka_feddst,mnist,0.8,42,results/logs/cka_strength_sweep/all_20260516_024344/strength_0p5/seed_42/splits/mnist_split_seed42_clients5_alpha0p3_ref200.json,0.5,2,conv2,0,1,0.9931246042251587,0.9952926635742188,200
cka_feddst,mnist,0.8,42,results/logs/cka_strength_sweep/all_20260516_024344/strength_0p5/seed_42/splits/mnist_split_seed42_clients5_alpha0p3_ref200.json,0.5,2,conv2,0,2,0.9928152561187744,0.9952926635742188,200
cka_feddst,mnist,0.8,42,results/logs/cka_strength_sweep/all_20260516_024344/strength_0p5/seed_42/splits/mnist_split_seed42_clients5_alpha0p3_ref200.json,0.5,2,conv2,0,3,0.989033579826355,0.9952926635742188,200
cka_feddst,mnist,0.8,42,results/logs/cka_strength_sweep/all_20260516_024344/strength_0p5/seed_42/splits/mnist_split_seed42_clients5_alpha0p3_ref200.json,0.5,2,conv2,0,4,0.999763011932373,0.9952926635742188,200
cka_feddst,mnist,0.8,42,results/logs/cka_strength_sweep/all_20260516_024344/strength_0p5/seed_42/splits/mnist_split_seed42_clients5_alpha0p3_ref200.json,0.5,2,conv2,1,0,0.9931246042251587,0.9952926635742188,200
cka_feddst,mnist,0.8,42,results/logs/cka_strength_sweep/all_20260516_024344/strength_0p5/seed_42/splits/mnist_split_seed42_clients5_alpha0p3_ref200.json,0.5,2,conv2,1,1,1.0,0.9952926635742188,200
cka_feddst,mnist,0.8,42,results/logs/cka_strength_sweep/all_20260516_024344/strength_0p5/seed_42/splits/mnist_split_seed42_clients5_alpha0p3_ref200.json,0.5,2,conv2,1,2,0.9994624853134155,0.9952926635742188,200
cka_feddst,mnist,0.8,42,results/logs/cka_strength_sweep/all_20260516_024344/strength_0p5/seed_42/splits/mnist_split_seed42_clients5_alpha0p3_ref200.json,0.5,2,conv2,1,3,0.9990620017051697,0.9952926635742188,200
cka_feddst,mnist,0.8,42,results/logs/cka_strength_sweep/all_20260516_024344/strength_0p5/seed_42/splits/mnist_split_seed42_clients5_alpha0p3_ref200.json,0.5,2,conv2,1,4,0.994413435459137,0.9952926635742188,200
cka_feddst,mnist,0.8,42,results/logs/cka_strength_sweep/all_20260516_024344/strength_0p5/seed_42/splits/mnist_split_seed42_clients5_alpha0p3_ref200.json,0.5,2,conv2,2,0,0.9928152561187744,0.9952926635742188,200
cka_feddst,mnist,0.8,42,results/logs/cka_strength_sweep/all_20260516_024344/strength_0p5/seed_42/splits/mnist_split_seed42_clients5_alpha0p3_ref200.json,0.5,2,conv2,2,1,0.9994624853134155,0.9952926635742188,200
cka_feddst,mnist,0.8,42,results/logs/cka_strength_sweep/all_20260516_024344/strength_0p5/seed_42/splits/mnist_split_seed42_clients5_alpha0p3_ref200.json,0.5,2,conv2,2,2,1.0,0.9952926635742188,200
cka_feddst,mnist,0.8,42,results/logs/cka_strength_sweep/all_20260516_024344/strength_0p5/seed_42/splits/mnist_split_seed42_clients5_alpha0p3_ref200.json,0.5,2,conv2,2,3,0.9994760751724243,0.9952926635742188,200
cka_feddst,mnist,0.8,42,results/logs/cka_strength_sweep/all_20260516_024344/strength_0p5/seed_42/splits/mnist_split_seed42_clients5_alpha0p3_ref200.json,0.5,2,conv2,2,4,0.9945774674415588,0.9952926635742188,200
cka_feddst,mnist,0.8,42,results/logs/cka_strength_sweep/all_20260516_024344/strength_0p5/seed_42/splits/mnist_split_seed42_clients5_alpha0p3_ref200.json,0.5,2,conv2,3,0,0.989033579826355,0.9952926635742188,200
cka_feddst,mnist,0.8,42,results/logs/cka_strength_sweep/all_20260516_024344/strength_0p5/seed_42/splits/mnist_split_seed42_clients5_alpha0p3_ref200.json,0.5,2,conv2,3,1,0.9990620017051697,0.9952926635742188,200
cka_feddst,mnist,0.8,42,results/logs/cka_strength_sweep/all_20260516_024344/strength_0p5/seed_42/splits/mnist_split_seed42_clients5_alpha0p3_ref200.json,0.5,2,conv2,3,2,0.9994760751724243,0.9952926635742188,200
cka_feddst,mnist,0.8,42,results/logs/cka_strength_sweep/all_20260516_024344/strength_0p5/seed_42/splits/mnist_split_seed42_clients5_alpha0p3_ref200.json,0.5,2,conv2,3,3,1.0,0.9952926635742188,200
cka_feddst,mnist,0.8,42,results/logs/cka_strength_sweep/all_20260516_024344/strength_0p5/seed_42/splits/mnist_split_seed42_clients5_alpha0p3_ref200.json,0.5,2,conv2,3,4,0.9911978244781494,0.9952926635742188,200
cka_feddst,mnist,0.8,42,results/logs/cka_strength_sweep/all_20260516_024344/strength_0p5/seed_42/splits/mnist_split_seed42_clients5_alpha0p3_ref200.json,0.5,2,conv2,4,0,0.999763011932373,0.9952926635742188,200
cka_feddst,mnist,0.8,42,results/logs/cka_strength_sweep/all_20260516_024344/strength_0p5/seed_42/splits/mnist_split_seed42_clients5_alpha0p3_ref200.json,0.5,2,conv2,4,1,0.994413435459137,0.9952926635742188,200
cka_feddst,mnist,0.8,42,results/logs/cka_strength_sweep/all_20260516_024344/strength_0p5/seed_42/splits/mnist_split_seed42_clients5_alpha0p3_ref200.json,0.5,2,conv2,4,2,0.9945774674415588,0.9952926635742188,200
cka_feddst,mnist,0.8,42,results/logs/cka_strength_sweep/all_20260516_024344/strength_0p5/seed_42/splits/mnist_split_seed42_clients5_alpha0p3_ref200.json,0.5,2,conv2,4,3,0.9911978244781494,0.9952926635742188,200
cka_feddst,mnist,0.8,42,results/logs/cka_strength_sweep/all_20260516_024344/strength_0p5/seed_42/splits/mnist_split_seed42_clients5_alpha0p3_ref200.json,0.5,2,conv2,4,4,1.0,0.9952926635742188,200
cka_feddst,mnist,0.8,42,results/logs/cka_strength_sweep/all_20260516_024344/strength_0p5/seed_42/splits/mnist_split_seed42_clients5_alpha0p3_ref200.json,0.5,2,fc1,0,0,1.0,0.9258689880371094,200
cka_feddst,mnist,0.8,42,results/logs/cka_strength_sweep/all_20260516_024344/strength_0p5/seed_42/splits/mnist_split_seed42_clients5_alpha0p3_ref200.json,0.5,2,fc1,0,1,0.8927362561225891,0.9258689880371094,200
cka_feddst,mnist,0.8,42,results/logs/cka_strength_sweep/all_20260516_024344/strength_0p5/seed_42/splits/mnist_split_seed42_clients5_alpha0p3_ref200.json,0.5,2,fc1,0,2,0.8906368017196655,0.9258689880371094,200
cka_feddst,mnist,0.8,42,results/logs/cka_strength_sweep/all_20260516_024344/strength_0p5/seed_42/splits/mnist_split_seed42_clients5_alpha0p3_ref200.json,0.5,2,fc1,0,3,0.8830016255378723,0.9258689880371094,200
cka_feddst,mnist,0.8,42,results/logs/cka_strength_sweep/all_20260516_024344/strength_0p5/seed_42/splits/mnist_split_seed42_clients5_alpha0p3_ref200.json,0.5,2,fc1,0,4,0.9716646671295166,0.9258689880371094,200
cka_feddst,mnist,0.8,42,results/logs/cka_strength_sweep/all_20260516_024344/strength_0p5/seed_42/splits/mnist_split_seed42_clients5_alpha0p3_ref200.json,0.5,2,fc1,1,0,0.8927362561225891,0.9258689880371094,200
cka_feddst,mnist,0.8,42,results/logs/cka_strength_sweep/all_20260516_024344/strength_0p5/seed_42/splits/mnist_split_seed42_clients5_alpha0p3_ref200.json,0.5,2,fc1,1,1,1.0,0.9258689880371094,200
cka_feddst,mnist,0.8,42,results/logs/cka_strength_sweep/all_20260516_024344/strength_0p5/seed_42/splits/mnist_split_seed42_clients5_alpha0p3_ref200.json,0.5,2,fc1,1,2,0.9174981713294983,0.9258689880371094,200
cka_feddst,mnist,0.8,42,results/logs/cka_strength_sweep/all_20260516_024344/strength_0p5/seed_42/splits/mnist_split_seed42_clients5_alpha0p3_ref200.json,0.5,2,fc1,1,3,0.9131660461425781,0.9258689880371094,200
cka_feddst,mnist,0.8,42,results/logs/cka_strength_sweep/all_20260516_024344/strength_0p5/seed_42/splits/mnist_split_seed42_clients5_alpha0p3_ref200.json,0.5,2,fc1,1,4,0.9202116131782532,0.9258689880371094,200
cka_feddst,mnist,0.8,42,results/logs/cka_strength_sweep/all_20260516_024344/strength_0p5/seed_42/splits/mnist_split_seed42_clients5_alpha0p3_ref200.json,0.5,2,fc1,2,0,0.8906368017196655,0.9258689880371094,200
cka_feddst,mnist,0.8,42,results/logs/cka_strength_sweep/all_20260516_024344/strength_0p5/seed_42/splits/mnist_split_seed42_clients5_alpha0p3_ref200.json,0.5,2,fc1,2,1,0.9174981713294983,0.9258689880371094,200
cka_feddst,mnist,0.8,42,results/logs/cka_strength_sweep/all_20260516_024344/strength_0p5/seed_42/splits/mnist_split_seed42_clients5_alpha0p3_ref200.json,0.5,2,fc1,2,2,1.0,0.9258689880371094,200
cka_feddst,mnist,0.8,42,results/logs/cka_strength_sweep/all_20260516_024344/strength_0p5/seed_42/splits/mnist_split_seed42_clients5_alpha0p3_ref200.json,0.5,2,fc1,2,3,0.989526629447937,0.9258689880371094,200
cka_feddst,mnist,0.8,42,results/logs/cka_strength_sweep/all_20260516_024344/strength_0p5/seed_42/splits/mnist_split_seed42_clients5_alpha0p3_ref200.json,0.5,2,fc1,2,4,0.9477556943893433,0.9258689880371094,200
cka_feddst,mnist,0.8,42,results/logs/cka_strength_sweep/all_20260516_024344/strength_0p5/seed_42/splits/mnist_split_seed42_clients5_alpha0p3_ref200.json,0.5,2,fc1,3,0,0.8830016255378723,0.9258689880371094,200
cka_feddst,mnist,0.8,42,results/logs/cka_strength_sweep/all_20260516_024344/strength_0p5/seed_42/splits/mnist_split_seed42_clients5_alpha0p3_ref200.json,0.5,2,fc1,3,1,0.9131660461425781,0.9258689880371094,200
cka_feddst,mnist,0.8,42,results/logs/cka_strength_sweep/all_20260516_024344/strength_0p5/seed_42/splits/mnist_split_seed42_clients5_alpha0p3_ref200.json,0.5,2,fc1,3,2,0.989526629447937,0.9258689880371094,200
cka_feddst,mnist,0.8,42,results/logs/cka_strength_sweep/all_20260516_024344/strength_0p5/seed_42/splits/mnist_split_seed42_clients5_alpha0p3_ref200.json,0.5,2,fc1,3,3,1.0,0.9258689880371094,200
cka_feddst,mnist,0.8,42,results/logs/cka_strength_sweep/all_20260516_024344/strength_0p5/seed_42/splits/mnist_split_seed42_clients5_alpha0p3_ref200.json,0.5,2,fc1,3,4,0.9324927926063538,0.9258689880371094,200
cka_feddst,mnist,0.8,42,results/logs/cka_strength_sweep/all_20260516_024344/strength_0p5/seed_42/splits/mnist_split_seed42_clients5_alpha0p3_ref200.json,0.5,2,fc1,4,0,0.9716646671295166,0.9258689880371094,200
cka_feddst,mnist,0.8,42,results/logs/cka_strength_sweep/all_20260516_024344/strength_0p5/seed_42/splits/mnist_split_seed42_clients5_alpha0p3_ref200.json,0.5,2,fc1,4,1,0.9202116131782532,0.9258689880371094,200
cka_feddst,mnist,0.8,42,results/logs/cka_strength_sweep/all_20260516_024344/strength_0p5/seed_42/splits/mnist_split_seed42_clients5_alpha0p3_ref200.json,0.5,2,fc1,4,2,0.9477556943893433,0.9258689880371094,200
cka_feddst,mnist,0.8,42,results/logs/cka_strength_sweep/all_20260516_024344/strength_0p5/seed_42/splits/mnist_split_seed42_clients5_alpha0p3_ref200.json,0.5,2,fc1,4,3,0.9324927926063538,0.9258689880371094,200
cka_feddst,mnist,0.8,42,results/logs/cka_strength_sweep/all_20260516_024344/strength_0p5/seed_42/splits/mnist_split_seed42_clients5_alpha0p3_ref200.json,0.5,2,fc1,4,4,1.0,0.9258689880371094,200
cka_feddst,mnist,0.8,42,results/logs/cka_strength_sweep/all_20260516_024344/strength_0p5/seed_42/splits/mnist_split_seed42_clients5_alpha0p3_ref200.json,0.5,4,conv1,0,0,1.0,0.9998656511306763,200
cka_feddst,mnist,0.8,42,results/logs/cka_strength_sweep/all_20260516_024344/strength_0p5/seed_42/splits/mnist_split_seed42_clients5_alpha0p3_ref200.json,0.5,4,conv1,0,1,0.9997801184654236,0.9998656511306763,200
cka_feddst,mnist,0.8,42,results/logs/cka_strength_sweep/all_20260516_024344/strength_0p5/seed_42/splits/mnist_split_seed42_clients5_alpha0p3_ref200.json,0.5,4,conv1,0,2,0.9999963045120239,0.9998656511306763,200
cka_feddst,mnist,0.8,42,results/logs/cka_strength_sweep/all_20260516_024344/strength_0p5/seed_42/splits/mnist_split_seed42_clients5_alpha0p3_ref200.json,0.5,4,conv1,0,3,0.9997150897979736,0.9998656511306763,200
cka_feddst,mnist,0.8,42,results/logs/cka_strength_sweep/all_20260516_024344/strength_0p5/seed_42/splits/mnist_split_seed42_clients5_alpha0p3_ref200.json,0.5,4,conv1,0,4,0.9999985694885254,0.9998656511306763,200
cka_feddst,mnist,0.8,42,results/logs/cka_strength_sweep/all_20260516_024344/strength_0p5/seed_42/splits/mnist_split_seed42_clients5_alpha0p3_ref200.json,0.5,4,conv1,1,0,0.9997801184654236,0.9998656511306763,200
cka_feddst,mnist,0.8,42,results/logs/cka_strength_sweep/all_20260516_024344/strength_0p5/seed_42/splits/mnist_split_seed42_clients5_alpha0p3_ref200.json,0.5,4,conv1,1,1,1.0,0.9998656511306763,200
cka_feddst,mnist,0.8,42,results/logs/cka_strength_sweep/all_20260516_024344/strength_0p5/seed_42/splits/mnist_split_seed42_clients5_alpha0p3_ref200.json,0.5,4,conv1,1,2,0.9998344779014587,0.9998656511306763,200
cka_feddst,mnist,0.8,42,results/logs/cka_strength_sweep/all_20260516_024344/strength_0p5/seed_42/splits/mnist_split_seed42_clients5_alpha0p3_ref200.json,0.5,4,conv1,1,3,0.9999867081642151,0.9998656511306763,200
cka_feddst,mnist,0.8,42,results/logs/cka_strength_sweep/all_20260516_024344/strength_0p5/seed_42/splits/mnist_split_seed42_clients5_alpha0p3_ref200.json,0.5,4,conv1,1,4,0.9998106360435486,0.9998656511306763,200
cka_feddst,mnist,0.8,42,results/logs/cka_strength_sweep/all_20260516_024344/strength_0p5/seed_42/splits/mnist_split_seed42_clients5_alpha0p3_ref200.json,0.5,4,conv1,2,0,0.9999963045120239,0.9998656511306763,200
cka_feddst,mnist,0.8,42,results/logs/cka_strength_sweep/all_20260516_024344/strength_0p5/seed_42/splits/mnist_split_seed42_clients5_alpha0p3_ref200.json,0.5,4,conv1,2,1,0.9998344779014587,0.9998656511306763,200
cka_feddst,mnist,0.8,42,results/logs/cka_strength_sweep/all_20260516_024344/strength_0p5/seed_42/splits/mnist_split_seed42_clients5_alpha0p3_ref200.json,0.5,4,conv1,2,2,1.0,0.9998656511306763,200
cka_feddst,mnist,0.8,42,results/logs/cka_strength_sweep/all_20260516_024344/strength_0p5/seed_42/splits/mnist_split_seed42_clients5_alpha0p3_ref200.json,0.5,4,conv1,2,3,0.9997798800468445,0.9998656511306763,200
cka_feddst,mnist,0.8,42,results/logs/cka_strength_sweep/all_20260516_024344/strength_0p5/seed_42/splits/mnist_split_seed42_clients5_alpha0p3_ref200.json,0.5,4,conv1,2,4,0.9999994039535522,0.9998656511306763,200
cka_feddst,mnist,0.8,42,results/logs/cka_strength_sweep/all_20260516_024344/strength_0p5/seed_42/splits/mnist_split_seed42_clients5_alpha0p3_ref200.json,0.5,4,conv1,3,0,0.9997150897979736,0.9998656511306763,200
cka_feddst,mnist,0.8,42,results/logs/cka_strength_sweep/all_20260516_024344/strength_0p5/seed_42/splits/mnist_split_seed42_clients5_alpha0p3_ref200.json,0.5,4,conv1,3,1,0.9999867081642151,0.9998656511306763,200
cka_feddst,mnist,0.8,42,results/logs/cka_strength_sweep/all_20260516_024344/strength_0p5/seed_42/splits/mnist_split_seed42_clients5_alpha0p3_ref200.json,0.5,4,conv1,3,2,0.9997798800468445,0.9998656511306763,200
cka_feddst,mnist,0.8,42,results/logs/cka_strength_sweep/all_20260516_024344/strength_0p5/seed_42/splits/mnist_split_seed42_clients5_alpha0p3_ref200.json,0.5,4,conv1,3,3,1.0,0.9998656511306763,200
cka_feddst,mnist,0.8,42,results/logs/cka_strength_sweep/all_20260516_024344/strength_0p5/seed_42/splits/mnist_split_seed42_clients5_alpha0p3_ref200.json,0.5,4,conv1,3,4,0.9997555613517761,0.9998656511306763,200
cka_feddst,mnist,0.8,42,results/logs/cka_strength_sweep/all_20260516_024344/strength_0p5/seed_42/splits/mnist_split_seed42_clients5_alpha0p3_ref200.json,0.5,4,conv1,4,0,0.9999985694885254,0.9998656511306763,200
cka_feddst,mnist,0.8,42,results/logs/cka_strength_sweep/all_20260516_024344/strength_0p5/seed_42/splits/mnist_split_seed42_clients5_alpha0p3_ref200.json,0.5,4,conv1,4,1,0.9998106360435486,0.9998656511306763,200
cka_feddst,mnist,0.8,42,results/logs/cka_strength_sweep/all_20260516_024344/strength_0p5/seed_42/splits/mnist_split_seed42_clients5_alpha0p3_ref200.json,0.5,4,conv1,4,2,0.9999994039535522,0.9998656511306763,200
cka_feddst,mnist,0.8,42,results/logs/cka_strength_sweep/all_20260516_024344/strength_0p5/seed_42/splits/mnist_split_seed42_clients5_alpha0p3_ref200.json,0.5,4,conv1,4,3,0.9997555613517761,0.9998656511306763,200
cka_feddst,mnist,0.8,42,results/logs/cka_strength_sweep/all_20260516_024344/strength_0p5/seed_42/splits/mnist_split_seed42_clients5_alpha0p3_ref200.json,0.5,4,conv1,4,4,1.0,0.9998656511306763,200
cka_feddst,mnist,0.8,42,results/logs/cka_strength_sweep/all_20260516_024344/strength_0p5/seed_42/splits/mnist_split_seed42_clients5_alpha0p3_ref200.json,0.5,4,conv2,0,0,1.0,0.9996844530105591,200
cka_feddst,mnist,0.8,42,results/logs/cka_strength_sweep/all_20260516_024344/strength_0p5/seed_42/splits/mnist_split_seed42_clients5_alpha0p3_ref200.json,0.5,4,conv2,0,1,0.9996865391731262,0.9996844530105591,200
cka_feddst,mnist,0.8,42,results/logs/cka_strength_sweep/all_20260516_024344/strength_0p5/seed_42/splits/mnist_split_seed42_clients5_alpha0p3_ref200.json,0.5,4,conv2,0,2,0.999930202960968,0.9996844530105591,200
cka_feddst,mnist,0.8,42,results/logs/cka_strength_sweep/all_20260516_024344/strength_0p5/seed_42/splits/mnist_split_seed42_clients5_alpha0p3_ref200.json,0.5,4,conv2,0,3,0.9996575117111206,0.9996844530105591,200
cka_feddst,mnist,0.8,42,results/logs/cka_strength_sweep/all_20260516_024344/strength_0p5/seed_42/splits/mnist_split_seed42_clients5_alpha0p3_ref200.json,0.5,4,conv2,0,4,0.9999148845672607,0.9996844530105591,200
cka_feddst,mnist,0.8,42,results/logs/cka_strength_sweep/all_20260516_024344/strength_0p5/seed_42/splits/mnist_split_seed42_clients5_alpha0p3_ref200.json,0.5,4,conv2,1,0,0.9996865391731262,0.9996844530105591,200
cka_feddst,mnist,0.8,42,results/logs/cka_strength_sweep/all_20260516_024344/strength_0p5/seed_42/splits/mnist_split_seed42_clients5_alpha0p3_ref200.json,0.5,4,conv2,1,1,1.0,0.9996844530105591,200
cka_feddst,mnist,0.8,42,results/logs/cka_strength_sweep/all_20260516_024344/strength_0p5/seed_42/splits/mnist_split_seed42_clients5_alpha0p3_ref200.json,0.5,4,conv2,1,2,0.9994082450866699,0.9996844530105591,200
cka_feddst,mnist,0.8,42,results/logs/cka_strength_sweep/all_20260516_024344/strength_0p5/seed_42/splits/mnist_split_seed42_clients5_alpha0p3_ref200.json,0.5,4,conv2,1,3,0.9991942048072815,0.9996844530105591,200
cka_feddst,mnist,0.8,42,results/logs/cka_strength_sweep/all_20260516_024344/strength_0p5/seed_42/splits/mnist_split_seed42_clients5_alpha0p3_ref200.json,0.5,4,conv2,1,4,0.9993962049484253,0.9996844530105591,200
cka_feddst,mnist,0.8,42,results/logs/cka_strength_sweep/all_20260516_024344/strength_0p5/seed_42/splits/mnist_split_seed42_clients5_alpha0p3_ref200.json,0.5,4,conv2,2,0,0.999930202960968,0.9996844530105591,200
cka_feddst,mnist,0.8,42,results/logs/cka_strength_sweep/all_20260516_024344/strength_0p5/seed_42/splits/mnist_split_seed42_clients5_alpha0p3_ref200.json,0.5,4,conv2,2,1,0.9994082450866699,0.9996844530105591,200
cka_feddst,mnist,0.8,42,results/logs/cka_strength_sweep/all_20260516_024344/strength_0p5/seed_42/splits/mnist_split_seed42_clients5_alpha0p3_ref200.json,0.5,4,conv2,2,2,1.0,0.9996844530105591,200
cka_feddst,mnist,0.8,42,results/logs/cka_strength_sweep/all_20260516_024344/strength_0p5/seed_42/splits/mnist_split_seed42_clients5_alpha0p3_ref200.json,0.5,4,conv2,2,3,0.9998294115066528,0.9996844530105591,200
cka_feddst,mnist,0.8,42,results/logs/cka_strength_sweep/all_20260516_024344/strength_0p5/seed_42/splits/mnist_split_seed42_clients5_alpha0p3_ref200.json,0.5,4,conv2,2,4,0.9999927282333374,0.9996844530105591,200
cka_feddst,mnist,0.8,42,results/logs/cka_strength_sweep/all_20260516_024344/strength_0p5/seed_42/splits/mnist_split_seed42_clients5_alpha0p3_ref200.json,0.5,4,conv2,3,0,0.9996575117111206,0.9996844530105591,200
cka_feddst,mnist,0.8,42,results/logs/cka_strength_sweep/all_20260516_024344/strength_0p5/seed_42/splits/mnist_split_seed42_clients5_alpha0p3_ref200.json,0.5,4,conv2,3,1,0.9991942048072815,0.9996844530105591,200
cka_feddst,mnist,0.8,42,results/logs/cka_strength_sweep/all_20260516_024344/strength_0p5/seed_42/splits/mnist_split_seed42_clients5_alpha0p3_ref200.json,0.5,4,conv2,3,2,0.9998294115066528,0.9996844530105591,200
cka_feddst,mnist,0.8,42,results/logs/cka_strength_sweep/all_20260516_024344/strength_0p5/seed_42/splits/mnist_split_seed42_clients5_alpha0p3_ref200.json,0.5,4,conv2,3,3,1.0,0.9996844530105591,200
cka_feddst,mnist,0.8,42,results/logs/cka_strength_sweep/all_20260516_024344/strength_0p5/seed_42/splits/mnist_split_seed42_clients5_alpha0p3_ref200.json,0.5,4,conv2,3,4,0.9998348355293274,0.9996844530105591,200
cka_feddst,mnist,0.8,42,results/logs/cka_strength_sweep/all_20260516_024344/strength_0p5/seed_42/splits/mnist_split_seed42_clients5_alpha0p3_ref200.json,0.5,4,conv2,4,0,0.9999148845672607,0.9996844530105591,200
cka_feddst,mnist,0.8,42,results/logs/cka_strength_sweep/all_20260516_024344/strength_0p5/seed_42/splits/mnist_split_seed42_clients5_alpha0p3_ref200.json,0.5,4,conv2,4,1,0.9993962049484253,0.9996844530105591,200
cka_feddst,mnist,0.8,42,results/logs/cka_strength_sweep/all_20260516_024344/strength_0p5/seed_42/splits/mnist_split_seed42_clients5_alpha0p3_ref200.json,0.5,4,conv2,4,2,0.9999927282333374,0.9996844530105591,200
cka_feddst,mnist,0.8,42,results/logs/cka_strength_sweep/all_20260516_024344/strength_0p5/seed_42/splits/mnist_split_seed42_clients5_alpha0p3_ref200.json,0.5,4,conv2,4,3,0.9998348355293274,0.9996844530105591,200
cka_feddst,mnist,0.8,42,results/logs/cka_strength_sweep/all_20260516_024344/strength_0p5/seed_42/splits/mnist_split_seed42_clients5_alpha0p3_ref200.json,0.5,4,conv2,4,4,1.0,0.9996844530105591,200
cka_feddst,mnist,0.8,42,results/logs/cka_strength_sweep/all_20260516_024344/strength_0p5/seed_42/splits/mnist_split_seed42_clients5_alpha0p3_ref200.json,0.5,4,fc1,0,0,1.0,0.8074792623519897,200
cka_feddst,mnist,0.8,42,results/logs/cka_strength_sweep/all_20260516_024344/strength_0p5/seed_42/splits/mnist_split_seed42_clients5_alpha0p3_ref200.json,0.5,4,fc1,0,1,0.8721308708190918,0.8074792623519897,200
cka_feddst,mnist,0.8,42,results/logs/cka_strength_sweep/all_20260516_024344/strength_0p5/seed_42/splits/mnist_split_seed42_clients5_alpha0p3_ref200.json,0.5,4,fc1,0,2,0.9185794591903687,0.8074792623519897,200
cka_feddst,mnist,0.8,42,results/logs/cka_strength_sweep/all_20260516_024344/strength_0p5/seed_42/splits/mnist_split_seed42_clients5_alpha0p3_ref200.json,0.5,4,fc1,0,3,0.6393051743507385,0.8074792623519897,200
cka_feddst,mnist,0.8,42,results/logs/cka_strength_sweep/all_20260516_024344/strength_0p5/seed_42/splits/mnist_split_seed42_clients5_alpha0p3_ref200.json,0.5,4,fc1,0,4,0.9866887331008911,0.8074792623519897,200
cka_feddst,mnist,0.8,42,results/logs/cka_strength_sweep/all_20260516_024344/strength_0p5/seed_42/splits/mnist_split_seed42_clients5_alpha0p3_ref200.json,0.5,4,fc1,1,0,0.8721308708190918,0.8074792623519897,200
cka_feddst,mnist,0.8,42,results/logs/cka_strength_sweep/all_20260516_024344/strength_0p5/seed_42/splits/mnist_split_seed42_clients5_alpha0p3_ref200.json,0.5,4,fc1,1,1,1.0,0.8074792623519897,200
cka_feddst,mnist,0.8,42,results/logs/cka_strength_sweep/all_20260516_024344/strength_0p5/seed_42/splits/mnist_split_seed42_clients5_alpha0p3_ref200.json,0.5,4,fc1,1,2,0.8303683996200562,0.8074792623519897,200
cka_feddst,mnist,0.8,42,results/logs/cka_strength_sweep/all_20260516_024344/strength_0p5/seed_42/splits/mnist_split_seed42_clients5_alpha0p3_ref200.json,0.5,4,fc1,1,3,0.6570897102355957,0.8074792623519897,200
cka_feddst,mnist,0.8,42,results/logs/cka_strength_sweep/all_20260516_024344/strength_0p5/seed_42/splits/mnist_split_seed42_clients5_alpha0p3_ref200.json,0.5,4,fc1,1,4,0.83514404296875,0.8074792623519897,200
cka_feddst,mnist,0.8,42,results/logs/cka_strength_sweep/all_20260516_024344/strength_0p5/seed_42/splits/mnist_split_seed42_clients5_alpha0p3_ref200.json,0.5,4,fc1,2,0,0.9185794591903687,0.8074792623519897,200
cka_feddst,mnist,0.8,42,results/logs/cka_strength_sweep/all_20260516_024344/strength_0p5/seed_42/splits/mnist_split_seed42_clients5_alpha0p3_ref200.json,0.5,4,fc1,2,1,0.8303683996200562,0.8074792623519897,200
cka_feddst,mnist,0.8,42,results/logs/cka_strength_sweep/all_20260516_024344/strength_0p5/seed_42/splits/mnist_split_seed42_clients5_alpha0p3_ref200.json,0.5,4,fc1,2,2,1.0,0.8074792623519897,200
cka_feddst,mnist,0.8,42,results/logs/cka_strength_sweep/all_20260516_024344/strength_0p5/seed_42/splits/mnist_split_seed42_clients5_alpha0p3_ref200.json,0.5,4,fc1,2,3,0.7478972673416138,0.8074792623519897,200
cka_feddst,mnist,0.8,42,results/logs/cka_strength_sweep/all_20260516_024344/strength_0p5/seed_42/splits/mnist_split_seed42_clients5_alpha0p3_ref200.json,0.5,4,fc1,2,4,0.9442397952079773,0.8074792623519897,200
cka_feddst,mnist,0.8,42,results/logs/cka_strength_sweep/all_20260516_024344/strength_0p5/seed_42/splits/mnist_split_seed42_clients5_alpha0p3_ref200.json,0.5,4,fc1,3,0,0.6393051743507385,0.8074792623519897,200
cka_feddst,mnist,0.8,42,results/logs/cka_strength_sweep/all_20260516_024344/strength_0p5/seed_42/splits/mnist_split_seed42_clients5_alpha0p3_ref200.json,0.5,4,fc1,3,1,0.6570897102355957,0.8074792623519897,200
cka_feddst,mnist,0.8,42,results/logs/cka_strength_sweep/all_20260516_024344/strength_0p5/seed_42/splits/mnist_split_seed42_clients5_alpha0p3_ref200.json,0.5,4,fc1,3,2,0.7478972673416138,0.8074792623519897,200
cka_feddst,mnist,0.8,42,results/logs/cka_strength_sweep/all_20260516_024344/strength_0p5/seed_42/splits/mnist_split_seed42_clients5_alpha0p3_ref200.json,0.5,4,fc1,3,3,1.0,0.8074792623519897,200
cka_feddst,mnist,0.8,42,results/logs/cka_strength_sweep/all_20260516_024344/strength_0p5/seed_42/splits/mnist_split_seed42_clients5_alpha0p3_ref200.json,0.5,4,fc1,3,4,0.6433493494987488,0.8074792623519897,200
cka_feddst,mnist,0.8,42,results/logs/cka_strength_sweep/all_20260516_024344/strength_0p5/seed_42/splits/mnist_split_seed42_clients5_alpha0p3_ref200.json,0.5,4,fc1,4,0,0.9866887331008911,0.8074792623519897,200
cka_feddst,mnist,0.8,42,results/logs/cka_strength_sweep/all_20260516_024344/strength_0p5/seed_42/splits/mnist_split_seed42_clients5_alpha0p3_ref200.json,0.5,4,fc1,4,1,0.83514404296875,0.8074792623519897,200
cka_feddst,mnist,0.8,42,results/logs/cka_strength_sweep/all_20260516_024344/strength_0p5/seed_42/splits/mnist_split_seed42_clients5_alpha0p3_ref200.json,0.5,4,fc1,4,2,0.9442397952079773,0.8074792623519897,200
cka_feddst,mnist,0.8,42,results/logs/cka_strength_sweep/all_20260516_024344/strength_0p5/seed_42/splits/mnist_split_seed42_clients5_alpha0p3_ref200.json,0.5,4,fc1,4,3,0.6433493494987488,0.8074792623519897,200
cka_feddst,mnist,0.8,42,results/logs/cka_strength_sweep/all_20260516_024344/strength_0p5/seed_42/splits/mnist_split_seed42_clients5_alpha0p3_ref200.json,0.5,4,fc1,4,4,1.0,0.8074792623519897,200
cka_feddst,mnist,0.8,42,results/logs/cka_strength_sweep/all_20260516_024344/strength_0p5/seed_42/splits/mnist_split_seed42_clients5_alpha0p3_ref200.json,0.5,6,conv1,0,0,1.0,0.9999979138374329,200
cka_feddst,mnist,0.8,42,results/logs/cka_strength_sweep/all_20260516_024344/strength_0p5/seed_42/splits/mnist_split_seed42_clients5_alpha0p3_ref200.json,0.5,6,conv1,0,1,0.9999946355819702,0.9999979138374329,200
cka_feddst,mnist,0.8,42,results/logs/cka_strength_sweep/all_20260516_024344/strength_0p5/seed_42/splits/mnist_split_seed42_clients5_alpha0p3_ref200.json,0.5,6,conv1,0,2,0.9999982118606567,0.9999979138374329,200
cka_feddst,mnist,0.8,42,results/logs/cka_strength_sweep/all_20260516_024344/strength_0p5/seed_42/splits/mnist_split_seed42_clients5_alpha0p3_ref200.json,0.5,6,conv1,0,3,0.9999974966049194,0.9999979138374329,200
cka_feddst,mnist,0.8,42,results/logs/cka_strength_sweep/all_20260516_024344/strength_0p5/seed_42/splits/mnist_split_seed42_clients5_alpha0p3_ref200.json,0.5,6,conv1,0,4,0.9999980926513672,0.9999979138374329,200
cka_feddst,mnist,0.8,42,results/logs/cka_strength_sweep/all_20260516_024344/strength_0p5/seed_42/splits/mnist_split_seed42_clients5_alpha0p3_ref200.json,0.5,6,conv1,1,0,0.9999946355819702,0.9999979138374329,200
cka_feddst,mnist,0.8,42,results/logs/cka_strength_sweep/all_20260516_024344/strength_0p5/seed_42/splits/mnist_split_seed42_clients5_alpha0p3_ref200.json,0.5,6,conv1,1,1,1.0,0.9999979138374329,200
cka_feddst,mnist,0.8,42,results/logs/cka_strength_sweep/all_20260516_024344/strength_0p5/seed_42/splits/mnist_split_seed42_clients5_alpha0p3_ref200.json,0.5,6,conv1,1,2,0.9999974966049194,0.9999979138374329,200
cka_feddst,mnist,0.8,42,results/logs/cka_strength_sweep/all_20260516_024344/strength_0p5/seed_42/splits/mnist_split_seed42_clients5_alpha0p3_ref200.json,0.5,6,conv1,1,3,0.9999982714653015,0.9999979138374329,200
cka_feddst,mnist,0.8,42,results/logs/cka_strength_sweep/all_20260516_024344/strength_0p5/seed_42/splits/mnist_split_seed42_clients5_alpha0p3_ref200.json,0.5,6,conv1,1,4,0.9999979734420776,0.9999979138374329,200
cka_feddst,mnist,0.8,42,results/logs/cka_strength_sweep/all_20260516_024344/strength_0p5/seed_42/splits/mnist_split_seed42_clients5_alpha0p3_ref200.json,0.5,6,conv1,2,0,0.9999982118606567,0.9999979138374329,200
cka_feddst,mnist,0.8,42,results/logs/cka_strength_sweep/all_20260516_024344/strength_0p5/seed_42/splits/mnist_split_seed42_clients5_alpha0p3_ref200.json,0.5,6,conv1,2,1,0.9999974966049194,0.9999979138374329,200
cka_feddst,mnist,0.8,42,results/logs/cka_strength_sweep/all_20260516_024344/strength_0p5/seed_42/splits/mnist_split_seed42_clients5_alpha0p3_ref200.json,0.5,6,conv1,2,2,1.0,0.9999979138374329,200
cka_feddst,mnist,0.8,42,results/logs/cka_strength_sweep/all_20260516_024344/strength_0p5/seed_42/splits/mnist_split_seed42_clients5_alpha0p3_ref200.json,0.5,6,conv1,2,3,0.9999993443489075,0.9999979138374329,200
cka_feddst,mnist,0.8,42,results/logs/cka_strength_sweep/all_20260516_024344/strength_0p5/seed_42/splits/mnist_split_seed42_clients5_alpha0p3_ref200.json,0.5,6,conv1,2,4,0.9999992251396179,0.9999979138374329,200
cka_feddst,mnist,0.8,42,results/logs/cka_strength_sweep/all_20260516_024344/strength_0p5/seed_42/splits/mnist_split_seed42_clients5_alpha0p3_ref200.json,0.5,6,conv1,3,0,0.9999974966049194,0.9999979138374329,200
cka_feddst,mnist,0.8,42,results/logs/cka_strength_sweep/all_20260516_024344/strength_0p5/seed_42/splits/mnist_split_seed42_clients5_alpha0p3_ref200.json,0.5,6,conv1,3,1,0.9999982714653015,0.9999979138374329,200
cka_feddst,mnist,0.8,42,results/logs/cka_strength_sweep/all_20260516_024344/strength_0p5/seed_42/splits/mnist_split_seed42_clients5_alpha0p3_ref200.json,0.5,6,conv1,3,2,0.9999993443489075,0.9999979138374329,200
cka_feddst,mnist,0.8,42,results/logs/cka_strength_sweep/all_20260516_024344/strength_0p5/seed_42/splits/mnist_split_seed42_clients5_alpha0p3_ref200.json,0.5,6,conv1,3,3,1.0,0.9999979138374329,200
cka_feddst,mnist,0.8,42,results/logs/cka_strength_sweep/all_20260516_024344/strength_0p5/seed_42/splits/mnist_split_seed42_clients5_alpha0p3_ref200.json,0.5,6,conv1,3,4,0.9999988675117493,0.9999979138374329,200
cka_feddst,mnist,0.8,42,results/logs/cka_strength_sweep/all_20260516_024344/strength_0p5/seed_42/splits/mnist_split_seed42_clients5_alpha0p3_ref200.json,0.5,6,conv1,4,0,0.9999980926513672,0.9999979138374329,200
cka_feddst,mnist,0.8,42,results/logs/cka_strength_sweep/all_20260516_024344/strength_0p5/seed_42/splits/mnist_split_seed42_clients5_alpha0p3_ref200.json,0.5,6,conv1,4,1,0.9999979734420776,0.9999979138374329,200
cka_feddst,mnist,0.8,42,results/logs/cka_strength_sweep/all_20260516_024344/strength_0p5/seed_42/splits/mnist_split_seed42_clients5_alpha0p3_ref200.json,0.5,6,conv1,4,2,0.9999992251396179,0.9999979138374329,200
cka_feddst,mnist,0.8,42,results/logs/cka_strength_sweep/all_20260516_024344/strength_0p5/seed_42/splits/mnist_split_seed42_clients5_alpha0p3_ref200.json,0.5,6,conv1,4,3,0.9999988675117493,0.9999979138374329,200
cka_feddst,mnist,0.8,42,results/logs/cka_strength_sweep/all_20260516_024344/strength_0p5/seed_42/splits/mnist_split_seed42_clients5_alpha0p3_ref200.json,0.5,6,conv1,4,4,1.0,0.9999979138374329,200
cka_feddst,mnist,0.8,42,results/logs/cka_strength_sweep/all_20260516_024344/strength_0p5/seed_42/splits/mnist_split_seed42_clients5_alpha0p3_ref200.json,0.5,6,conv2,0,0,1.0,0.9999760389328003,200
cka_feddst,mnist,0.8,42,results/logs/cka_strength_sweep/all_20260516_024344/strength_0p5/seed_42/splits/mnist_split_seed42_clients5_alpha0p3_ref200.json,0.5,6,conv2,0,1,0.9999901652336121,0.9999760389328003,200
cka_feddst,mnist,0.8,42,results/logs/cka_strength_sweep/all_20260516_024344/strength_0p5/seed_42/splits/mnist_split_seed42_clients5_alpha0p3_ref200.json,0.5,6,conv2,0,2,0.9999774694442749,0.9999760389328003,200
cka_feddst,mnist,0.8,42,results/logs/cka_strength_sweep/all_20260516_024344/strength_0p5/seed_42/splits/mnist_split_seed42_clients5_alpha0p3_ref200.json,0.5,6,conv2,0,3,0.9999598264694214,0.9999760389328003,200
cka_feddst,mnist,0.8,42,results/logs/cka_strength_sweep/all_20260516_024344/strength_0p5/seed_42/splits/mnist_split_seed42_clients5_alpha0p3_ref200.json,0.5,6,conv2,0,4,0.9999976754188538,0.9999760389328003,200
cka_feddst,mnist,0.8,42,results/logs/cka_strength_sweep/all_20260516_024344/strength_0p5/seed_42/splits/mnist_split_seed42_clients5_alpha0p3_ref200.json,0.5,6,conv2,1,0,0.9999901652336121,0.9999760389328003,200
cka_feddst,mnist,0.8,42,results/logs/cka_strength_sweep/all_20260516_024344/strength_0p5/seed_42/splits/mnist_split_seed42_clients5_alpha0p3_ref200.json,0.5,6,conv2,1,1,1.0,0.9999760389328003,200
cka_feddst,mnist,0.8,42,results/logs/cka_strength_sweep/all_20260516_024344/strength_0p5/seed_42/splits/mnist_split_seed42_clients5_alpha0p3_ref200.json,0.5,6,conv2,1,2,0.9999580383300781,0.9999760389328003,200
cka_feddst,mnist,0.8,42,results/logs/cka_strength_sweep/all_20260516_024344/strength_0p5/seed_42/splits/mnist_split_seed42_clients5_alpha0p3_ref200.json,0.5,6,conv2,1,3,0.9999512434005737,0.9999760389328003,200
cka_feddst,mnist,0.8,42,results/logs/cka_strength_sweep/all_20260516_024344/strength_0p5/seed_42/splits/mnist_split_seed42_clients5_alpha0p3_ref200.json,0.5,6,conv2,1,4,0.9999855160713196,0.9999760389328003,200
cka_feddst,mnist,0.8,42,results/logs/cka_strength_sweep/all_20260516_024344/strength_0p5/seed_42/splits/mnist_split_seed42_clients5_alpha0p3_ref200.json,0.5,6,conv2,2,0,0.9999774694442749,0.9999760389328003,200
cka_feddst,mnist,0.8,42,results/logs/cka_strength_sweep/all_20260516_024344/strength_0p5/seed_42/splits/mnist_split_seed42_clients5_alpha0p3_ref200.json,0.5,6,conv2,2,1,0.9999580383300781,0.9999760389328003,200
cka_feddst,mnist,0.8,42,results/logs/cka_strength_sweep/all_20260516_024344/strength_0p5/seed_42/splits/mnist_split_seed42_clients5_alpha0p3_ref200.json,0.5,6,conv2,2,2,1.0,0.9999760389328003,200
cka_feddst,mnist,0.8,42,results/logs/cka_strength_sweep/all_20260516_024344/strength_0p5/seed_42/splits/mnist_split_seed42_clients5_alpha0p3_ref200.json,0.5,6,conv2,2,3,0.9999900460243225,0.9999760389328003,200
cka_feddst,mnist,0.8,42,results/logs/cka_strength_sweep/all_20260516_024344/strength_0p5/seed_42/splits/mnist_split_seed42_clients5_alpha0p3_ref200.json,0.5,6,conv2,2,4,0.9999836683273315,0.9999760389328003,200
cka_feddst,mnist,0.8,42,results/logs/cka_strength_sweep/all_20260516_024344/strength_0p5/seed_42/splits/mnist_split_seed42_clients5_alpha0p3_ref200.json,0.5,6,conv2,3,0,0.9999598264694214,0.9999760389328003,200
cka_feddst,mnist,0.8,42,results/logs/cka_strength_sweep/all_20260516_024344/strength_0p5/seed_42/splits/mnist_split_seed42_clients5_alpha0p3_ref200.json,0.5,6,conv2,3,1,0.9999512434005737,0.9999760389328003,200
cka_feddst,mnist,0.8,42,results/logs/cka_strength_sweep/all_20260516_024344/strength_0p5/seed_42/splits/mnist_split_seed42_clients5_alpha0p3_ref200.json,0.5,6,conv2,3,2,0.9999900460243225,0.9999760389328003,200
cka_feddst,mnist,0.8,42,results/logs/cka_strength_sweep/all_20260516_024344/strength_0p5/seed_42/splits/mnist_split_seed42_clients5_alpha0p3_ref200.json,0.5,6,conv2,3,3,1.0,0.9999760389328003,200
cka_feddst,mnist,0.8,42,results/logs/cka_strength_sweep/all_20260516_024344/strength_0p5/seed_42/splits/mnist_split_seed42_clients5_alpha0p3_ref200.json,0.5,6,conv2,3,4,0.9999668002128601,0.9999760389328003,200
cka_feddst,mnist,0.8,42,results/logs/cka_strength_sweep/all_20260516_024344/strength_0p5/seed_42/splits/mnist_split_seed42_clients5_alpha0p3_ref200.json,0.5,6,conv2,4,0,0.9999976754188538,0.9999760389328003,200
cka_feddst,mnist,0.8,42,results/logs/cka_strength_sweep/all_20260516_024344/strength_0p5/seed_42/splits/mnist_split_seed42_clients5_alpha0p3_ref200.json,0.5,6,conv2,4,1,0.9999855160713196,0.9999760389328003,200
cka_feddst,mnist,0.8,42,results/logs/cka_strength_sweep/all_20260516_024344/strength_0p5/seed_42/splits/mnist_split_seed42_clients5_alpha0p3_ref200.json,0.5,6,conv2,4,2,0.9999836683273315,0.9999760389328003,200
cka_feddst,mnist,0.8,42,results/logs/cka_strength_sweep/all_20260516_024344/strength_0p5/seed_42/splits/mnist_split_seed42_clients5_alpha0p3_ref200.json,0.5,6,conv2,4,3,0.9999668002128601,0.9999760389328003,200
cka_feddst,mnist,0.8,42,results/logs/cka_strength_sweep/all_20260516_024344/strength_0p5/seed_42/splits/mnist_split_seed42_clients5_alpha0p3_ref200.json,0.5,6,conv2,4,4,1.0,0.9999760389328003,200
cka_feddst,mnist,0.8,42,results/logs/cka_strength_sweep/all_20260516_024344/strength_0p5/seed_42/splits/mnist_split_seed42_clients5_alpha0p3_ref200.json,0.5,6,fc1,0,0,1.0,0.9673640131950378,200
cka_feddst,mnist,0.8,42,results/logs/cka_strength_sweep/all_20260516_024344/strength_0p5/seed_42/splits/mnist_split_seed42_clients5_alpha0p3_ref200.json,0.5,6,fc1,0,1,0.9878374934196472,0.9673640131950378,200
cka_feddst,mnist,0.8,42,results/logs/cka_strength_sweep/all_20260516_024344/strength_0p5/seed_42/splits/mnist_split_seed42_clients5_alpha0p3_ref200.json,0.5,6,fc1,0,2,0.9695596098899841,0.9673640131950378,200
cka_feddst,mnist,0.8,42,results/logs/cka_strength_sweep/all_20260516_024344/strength_0p5/seed_42/splits/mnist_split_seed42_clients5_alpha0p3_ref200.json,0.5,6,fc1,0,3,0.9546244740486145,0.9673640131950378,200
cka_feddst,mnist,0.8,42,results/logs/cka_strength_sweep/all_20260516_024344/strength_0p5/seed_42/splits/mnist_split_seed42_clients5_alpha0p3_ref200.json,0.5,6,fc1,0,4,0.9767937064170837,0.9673640131950378,200
cka_feddst,mnist,0.8,42,results/logs/cka_strength_sweep/all_20260516_024344/strength_0p5/seed_42/splits/mnist_split_seed42_clients5_alpha0p3_ref200.json,0.5,6,fc1,1,0,0.9878374934196472,0.9673640131950378,200
cka_feddst,mnist,0.8,42,results/logs/cka_strength_sweep/all_20260516_024344/strength_0p5/seed_42/splits/mnist_split_seed42_clients5_alpha0p3_ref200.json,0.5,6,fc1,1,1,1.0,0.9673640131950378,200
cka_feddst,mnist,0.8,42,results/logs/cka_strength_sweep/all_20260516_024344/strength_0p5/seed_42/splits/mnist_split_seed42_clients5_alpha0p3_ref200.json,0.5,6,fc1,1,2,0.9748419523239136,0.9673640131950378,200
cka_feddst,mnist,0.8,42,results/logs/cka_strength_sweep/all_20260516_024344/strength_0p5/seed_42/splits/mnist_split_seed42_clients5_alpha0p3_ref200.json,0.5,6,fc1,1,3,0.9514763951301575,0.9673640131950378,200
cka_feddst,mnist,0.8,42,results/logs/cka_strength_sweep/all_20260516_024344/strength_0p5/seed_42/splits/mnist_split_seed42_clients5_alpha0p3_ref200.json,0.5,6,fc1,1,4,0.984846830368042,0.9673640131950378,200
cka_feddst,mnist,0.8,42,results/logs/cka_strength_sweep/all_20260516_024344/strength_0p5/seed_42/splits/mnist_split_seed42_clients5_alpha0p3_ref200.json,0.5,6,fc1,2,0,0.9695596098899841,0.9673640131950378,200
cka_feddst,mnist,0.8,42,results/logs/cka_strength_sweep/all_20260516_024344/strength_0p5/seed_42/splits/mnist_split_seed42_clients5_alpha0p3_ref200.json,0.5,6,fc1,2,1,0.9748419523239136,0.9673640131950378,200
cka_feddst,mnist,0.8,42,results/logs/cka_strength_sweep/all_20260516_024344/strength_0p5/seed_42/splits/mnist_split_seed42_clients5_alpha0p3_ref200.json,0.5,6,fc1,2,2,1.0,0.9673640131950378,200
cka_feddst,mnist,0.8,42,results/logs/cka_strength_sweep/all_20260516_024344/strength_0p5/seed_42/splits/mnist_split_seed42_clients5_alpha0p3_ref200.json,0.5,6,fc1,2,3,0.9753726124763489,0.9673640131950378,200
cka_feddst,mnist,0.8,42,results/logs/cka_strength_sweep/all_20260516_024344/strength_0p5/seed_42/splits/mnist_split_seed42_clients5_alpha0p3_ref200.json,0.5,6,fc1,2,4,0.9683122038841248,0.9673640131950378,200
cka_feddst,mnist,0.8,42,results/logs/cka_strength_sweep/all_20260516_024344/strength_0p5/seed_42/splits/mnist_split_seed42_clients5_alpha0p3_ref200.json,0.5,6,fc1,3,0,0.9546244740486145,0.9673640131950378,200
cka_feddst,mnist,0.8,42,results/logs/cka_strength_sweep/all_20260516_024344/strength_0p5/seed_42/splits/mnist_split_seed42_clients5_alpha0p3_ref200.json,0.5,6,fc1,3,1,0.9514763951301575,0.9673640131950378,200
cka_feddst,mnist,0.8,42,results/logs/cka_strength_sweep/all_20260516_024344/strength_0p5/seed_42/splits/mnist_split_seed42_clients5_alpha0p3_ref200.json,0.5,6,fc1,3,2,0.9753726124763489,0.9673640131950378,200
cka_feddst,mnist,0.8,42,results/logs/cka_strength_sweep/all_20260516_024344/strength_0p5/seed_42/splits/mnist_split_seed42_clients5_alpha0p3_ref200.json,0.5,6,fc1,3,3,1.0,0.9673640131950378,200
cka_feddst,mnist,0.8,42,results/logs/cka_strength_sweep/all_20260516_024344/strength_0p5/seed_42/splits/mnist_split_seed42_clients5_alpha0p3_ref200.json,0.5,6,fc1,3,4,0.9299746751785278,0.9673640131950378,200
cka_feddst,mnist,0.8,42,results/logs/cka_strength_sweep/all_20260516_024344/strength_0p5/seed_42/splits/mnist_split_seed42_clients5_alpha0p3_ref200.json,0.5,6,fc1,4,0,0.9767937064170837,0.9673640131950378,200
cka_feddst,mnist,0.8,42,results/logs/cka_strength_sweep/all_20260516_024344/strength_0p5/seed_42/splits/mnist_split_seed42_clients5_alpha0p3_ref200.json,0.5,6,fc1,4,1,0.984846830368042,0.9673640131950378,200
cka_feddst,mnist,0.8,42,results/logs/cka_strength_sweep/all_20260516_024344/strength_0p5/seed_42/splits/mnist_split_seed42_clients5_alpha0p3_ref200.json,0.5,6,fc1,4,2,0.9683122038841248,0.9673640131950378,200
cka_feddst,mnist,0.8,42,results/logs/cka_strength_sweep/all_20260516_024344/strength_0p5/seed_42/splits/mnist_split_seed42_clients5_alpha0p3_ref200.json,0.5,6,fc1,4,3,0.9299746751785278,0.9673640131950378,200
cka_feddst,mnist,0.8,42,results/logs/cka_strength_sweep/all_20260516_024344/strength_0p5/seed_42/splits/mnist_split_seed42_clients5_alpha0p3_ref200.json,0.5,6,fc1,4,4,1.0,0.9673640131950378,200
cka_feddst,mnist,0.8,42,results/logs/cka_strength_sweep/all_20260516_024344/strength_0p5/seed_42/splits/mnist_split_seed42_clients5_alpha0p3_ref200.json,0.5,8,conv1,0,0,1.0,0.9999996423721313,200
cka_feddst,mnist,0.8,42,results/logs/cka_strength_sweep/all_20260516_024344/strength_0p5/seed_42/splits/mnist_split_seed42_clients5_alpha0p3_ref200.json,0.5,8,conv1,0,1,0.9999994039535522,0.9999996423721313,200
cka_feddst,mnist,0.8,42,results/logs/cka_strength_sweep/all_20260516_024344/strength_0p5/seed_42/splits/mnist_split_seed42_clients5_alpha0p3_ref200.json,0.5,8,conv1,0,2,0.9999997615814209,0.9999996423721313,200
cka_feddst,mnist,0.8,42,results/logs/cka_strength_sweep/all_20260516_024344/strength_0p5/seed_42/splits/mnist_split_seed42_clients5_alpha0p3_ref200.json,0.5,8,conv1,0,3,1.0,0.9999996423721313,200
cka_feddst,mnist,0.8,42,results/logs/cka_strength_sweep/all_20260516_024344/strength_0p5/seed_42/splits/mnist_split_seed42_clients5_alpha0p3_ref200.json,0.5,8,conv1,0,4,0.9999998211860657,0.9999996423721313,200
cka_feddst,mnist,0.8,42,results/logs/cka_strength_sweep/all_20260516_024344/strength_0p5/seed_42/splits/mnist_split_seed42_clients5_alpha0p3_ref200.json,0.5,8,conv1,1,0,0.9999994039535522,0.9999996423721313,200
cka_feddst,mnist,0.8,42,results/logs/cka_strength_sweep/all_20260516_024344/strength_0p5/seed_42/splits/mnist_split_seed42_clients5_alpha0p3_ref200.json,0.5,8,conv1,1,1,1.0,0.9999996423721313,200
cka_feddst,mnist,0.8,42,results/logs/cka_strength_sweep/all_20260516_024344/strength_0p5/seed_42/splits/mnist_split_seed42_clients5_alpha0p3_ref200.json,0.5,8,conv1,1,2,0.9999991059303284,0.9999996423721313,200
cka_feddst,mnist,0.8,42,results/logs/cka_strength_sweep/all_20260516_024344/strength_0p5/seed_42/splits/mnist_split_seed42_clients5_alpha0p3_ref200.json,0.5,8,conv1,1,3,0.9999997019767761,0.9999996423721313,200
cka_feddst,mnist,0.8,42,results/logs/cka_strength_sweep/all_20260516_024344/strength_0p5/seed_42/splits/mnist_split_seed42_clients5_alpha0p3_ref200.json,0.5,8,conv1,1,4,0.9999996423721313,0.9999996423721313,200
cka_feddst,mnist,0.8,42,results/logs/cka_strength_sweep/all_20260516_024344/strength_0p5/seed_42/splits/mnist_split_seed42_clients5_alpha0p3_ref200.json,0.5,8,conv1,2,0,0.9999997615814209,0.9999996423721313,200
cka_feddst,mnist,0.8,42,results/logs/cka_strength_sweep/all_20260516_024344/strength_0p5/seed_42/splits/mnist_split_seed42_clients5_alpha0p3_ref200.json,0.5,8,conv1,2,1,0.9999991059303284,0.9999996423721313,200
cka_feddst,mnist,0.8,42,results/logs/cka_strength_sweep/all_20260516_024344/strength_0p5/seed_42/splits/mnist_split_seed42_clients5_alpha0p3_ref200.json,0.5,8,conv1,2,2,1.0,0.9999996423721313,200
cka_feddst,mnist,0.8,42,results/logs/cka_strength_sweep/all_20260516_024344/strength_0p5/seed_42/splits/mnist_split_seed42_clients5_alpha0p3_ref200.json,0.5,8,conv1,2,3,0.9999997019767761,0.9999996423721313,200
cka_feddst,mnist,0.8,42,results/logs/cka_strength_sweep/all_20260516_024344/strength_0p5/seed_42/splits/mnist_split_seed42_clients5_alpha0p3_ref200.json,0.5,8,conv1,2,4,0.999999463558197,0.9999996423721313,200
cka_feddst,mnist,0.8,42,results/logs/cka_strength_sweep/all_20260516_024344/strength_0p5/seed_42/splits/mnist_split_seed42_clients5_alpha0p3_ref200.json,0.5,8,conv1,3,0,1.0,0.9999996423721313,200
cka_feddst,mnist,0.8,42,results/logs/cka_strength_sweep/all_20260516_024344/strength_0p5/seed_42/splits/mnist_split_seed42_clients5_alpha0p3_ref200.json,0.5,8,conv1,3,1,0.9999997019767761,0.9999996423721313,200
cka_feddst,mnist,0.8,42,results/logs/cka_strength_sweep/all_20260516_024344/strength_0p5/seed_42/splits/mnist_split_seed42_clients5_alpha0p3_ref200.json,0.5,8,conv1,3,2,0.9999997019767761,0.9999996423721313,200
cka_feddst,mnist,0.8,42,results/logs/cka_strength_sweep/all_20260516_024344/strength_0p5/seed_42/splits/mnist_split_seed42_clients5_alpha0p3_ref200.json,0.5,8,conv1,3,3,1.0,0.9999996423721313,200
cka_feddst,mnist,0.8,42,results/logs/cka_strength_sweep/all_20260516_024344/strength_0p5/seed_42/splits/mnist_split_seed42_clients5_alpha0p3_ref200.json,0.5,8,conv1,3,4,0.9999997019767761,0.9999996423721313,200
cka_feddst,mnist,0.8,42,results/logs/cka_strength_sweep/all_20260516_024344/strength_0p5/seed_42/splits/mnist_split_seed42_clients5_alpha0p3_ref200.json,0.5,8,conv1,4,0,0.9999998211860657,0.9999996423721313,200
cka_feddst,mnist,0.8,42,results/logs/cka_strength_sweep/all_20260516_024344/strength_0p5/seed_42/splits/mnist_split_seed42_clients5_alpha0p3_ref200.json,0.5,8,conv1,4,1,0.9999996423721313,0.9999996423721313,200
cka_feddst,mnist,0.8,42,results/logs/cka_strength_sweep/all_20260516_024344/strength_0p5/seed_42/splits/mnist_split_seed42_clients5_alpha0p3_ref200.json,0.5,8,conv1,4,2,0.999999463558197,0.9999996423721313,200
cka_feddst,mnist,0.8,42,results/logs/cka_strength_sweep/all_20260516_024344/strength_0p5/seed_42/splits/mnist_split_seed42_clients5_alpha0p3_ref200.json,0.5,8,conv1,4,3,0.9999997019767761,0.9999996423721313,200
cka_feddst,mnist,0.8,42,results/logs/cka_strength_sweep/all_20260516_024344/strength_0p5/seed_42/splits/mnist_split_seed42_clients5_alpha0p3_ref200.json,0.5,8,conv1,4,4,1.0,0.9999996423721313,200
cka_feddst,mnist,0.8,42,results/logs/cka_strength_sweep/all_20260516_024344/strength_0p5/seed_42/splits/mnist_split_seed42_clients5_alpha0p3_ref200.json,0.5,8,conv2,0,0,1.0,0.9999849200248718,200
cka_feddst,mnist,0.8,42,results/logs/cka_strength_sweep/all_20260516_024344/strength_0p5/seed_42/splits/mnist_split_seed42_clients5_alpha0p3_ref200.json,0.5,8,conv2,0,1,0.9999897480010986,0.9999849200248718,200
cka_feddst,mnist,0.8,42,results/logs/cka_strength_sweep/all_20260516_024344/strength_0p5/seed_42/splits/mnist_split_seed42_clients5_alpha0p3_ref200.json,0.5,8,conv2,0,2,0.9999845027923584,0.9999849200248718,200
cka_feddst,mnist,0.8,42,results/logs/cka_strength_sweep/all_20260516_024344/strength_0p5/seed_42/splits/mnist_split_seed42_clients5_alpha0p3_ref200.json,0.5,8,conv2,0,3,0.9999909996986389,0.9999849200248718,200
cka_feddst,mnist,0.8,42,results/logs/cka_strength_sweep/all_20260516_024344/strength_0p5/seed_42/splits/mnist_split_seed42_clients5_alpha0p3_ref200.json,0.5,8,conv2,0,4,0.9999935030937195,0.9999849200248718,200
cka_feddst,mnist,0.8,42,results/logs/cka_strength_sweep/all_20260516_024344/strength_0p5/seed_42/splits/mnist_split_seed42_clients5_alpha0p3_ref200.json,0.5,8,conv2,1,0,0.9999897480010986,0.9999849200248718,200
cka_feddst,mnist,0.8,42,results/logs/cka_strength_sweep/all_20260516_024344/strength_0p5/seed_42/splits/mnist_split_seed42_clients5_alpha0p3_ref200.json,0.5,8,conv2,1,1,1.0,0.9999849200248718,200
cka_feddst,mnist,0.8,42,results/logs/cka_strength_sweep/all_20260516_024344/strength_0p5/seed_42/splits/mnist_split_seed42_clients5_alpha0p3_ref200.json,0.5,8,conv2,1,2,0.9999682307243347,0.9999849200248718,200
cka_feddst,mnist,0.8,42,results/logs/cka_strength_sweep/all_20260516_024344/strength_0p5/seed_42/splits/mnist_split_seed42_clients5_alpha0p3_ref200.json,0.5,8,conv2,1,3,0.9999760985374451,0.9999849200248718,200
cka_feddst,mnist,0.8,42,results/logs/cka_strength_sweep/all_20260516_024344/strength_0p5/seed_42/splits/mnist_split_seed42_clients5_alpha0p3_ref200.json,0.5,8,conv2,1,4,0.9999975562095642,0.9999849200248718,200
cka_feddst,mnist,0.8,42,results/logs/cka_strength_sweep/all_20260516_024344/strength_0p5/seed_42/splits/mnist_split_seed42_clients5_alpha0p3_ref200.json,0.5,8,conv2,2,0,0.9999845027923584,0.9999849200248718,200
cka_feddst,mnist,0.8,42,results/logs/cka_strength_sweep/all_20260516_024344/strength_0p5/seed_42/splits/mnist_split_seed42_clients5_alpha0p3_ref200.json,0.5,8,conv2,2,1,0.9999682307243347,0.9999849200248718,200
cka_feddst,mnist,0.8,42,results/logs/cka_strength_sweep/all_20260516_024344/strength_0p5/seed_42/splits/mnist_split_seed42_clients5_alpha0p3_ref200.json,0.5,8,conv2,2,2,1.0,0.9999849200248718,200
cka_feddst,mnist,0.8,42,results/logs/cka_strength_sweep/all_20260516_024344/strength_0p5/seed_42/splits/mnist_split_seed42_clients5_alpha0p3_ref200.json,0.5,8,conv2,2,3,0.9999913573265076,0.9999849200248718,200
cka_feddst,mnist,0.8,42,results/logs/cka_strength_sweep/all_20260516_024344/strength_0p5/seed_42/splits/mnist_split_seed42_clients5_alpha0p3_ref200.json,0.5,8,conv2,2,4,0.9999781847000122,0.9999849200248718,200
cka_feddst,mnist,0.8,42,results/logs/cka_strength_sweep/all_20260516_024344/strength_0p5/seed_42/splits/mnist_split_seed42_clients5_alpha0p3_ref200.json,0.5,8,conv2,3,0,0.9999909996986389,0.9999849200248718,200
cka_feddst,mnist,0.8,42,results/logs/cka_strength_sweep/all_20260516_024344/strength_0p5/seed_42/splits/mnist_split_seed42_clients5_alpha0p3_ref200.json,0.5,8,conv2,3,1,0.9999760985374451,0.9999849200248718,200
cka_feddst,mnist,0.8,42,results/logs/cka_strength_sweep/all_20260516_024344/strength_0p5/seed_42/splits/mnist_split_seed42_clients5_alpha0p3_ref200.json,0.5,8,conv2,3,2,0.9999913573265076,0.9999849200248718,200
cka_feddst,mnist,0.8,42,results/logs/cka_strength_sweep/all_20260516_024344/strength_0p5/seed_42/splits/mnist_split_seed42_clients5_alpha0p3_ref200.json,0.5,8,conv2,3,3,1.0,0.9999849200248718,200
cka_feddst,mnist,0.8,42,results/logs/cka_strength_sweep/all_20260516_024344/strength_0p5/seed_42/splits/mnist_split_seed42_clients5_alpha0p3_ref200.json,0.5,8,conv2,3,4,0.9999793171882629,0.9999849200248718,200
cka_feddst,mnist,0.8,42,results/logs/cka_strength_sweep/all_20260516_024344/strength_0p5/seed_42/splits/mnist_split_seed42_clients5_alpha0p3_ref200.json,0.5,8,conv2,4,0,0.9999935030937195,0.9999849200248718,200
cka_feddst,mnist,0.8,42,results/logs/cka_strength_sweep/all_20260516_024344/strength_0p5/seed_42/splits/mnist_split_seed42_clients5_alpha0p3_ref200.json,0.5,8,conv2,4,1,0.9999975562095642,0.9999849200248718,200
cka_feddst,mnist,0.8,42,results/logs/cka_strength_sweep/all_20260516_024344/strength_0p5/seed_42/splits/mnist_split_seed42_clients5_alpha0p3_ref200.json,0.5,8,conv2,4,2,0.9999781847000122,0.9999849200248718,200
cka_feddst,mnist,0.8,42,results/logs/cka_strength_sweep/all_20260516_024344/strength_0p5/seed_42/splits/mnist_split_seed42_clients5_alpha0p3_ref200.json,0.5,8,conv2,4,3,0.9999793171882629,0.9999849200248718,200
cka_feddst,mnist,0.8,42,results/logs/cka_strength_sweep/all_20260516_024344/strength_0p5/seed_42/splits/mnist_split_seed42_clients5_alpha0p3_ref200.json,0.5,8,conv2,4,4,1.0,0.9999849200248718,200
cka_feddst,mnist,0.8,42,results/logs/cka_strength_sweep/all_20260516_024344/strength_0p5/seed_42/splits/mnist_split_seed42_clients5_alpha0p3_ref200.json,0.5,8,fc1,0,0,1.0,0.9721563458442688,200
cka_feddst,mnist,0.8,42,results/logs/cka_strength_sweep/all_20260516_024344/strength_0p5/seed_42/splits/mnist_split_seed42_clients5_alpha0p3_ref200.json,0.5,8,fc1,0,1,0.9847482442855835,0.9721563458442688,200
cka_feddst,mnist,0.8,42,results/logs/cka_strength_sweep/all_20260516_024344/strength_0p5/seed_42/splits/mnist_split_seed42_clients5_alpha0p3_ref200.json,0.5,8,fc1,0,2,0.9804850816726685,0.9721563458442688,200
cka_feddst,mnist,0.8,42,results/logs/cka_strength_sweep/all_20260516_024344/strength_0p5/seed_42/splits/mnist_split_seed42_clients5_alpha0p3_ref200.json,0.5,8,fc1,0,3,0.9841704964637756,0.9721563458442688,200
cka_feddst,mnist,0.8,42,results/logs/cka_strength_sweep/all_20260516_024344/strength_0p5/seed_42/splits/mnist_split_seed42_clients5_alpha0p3_ref200.json,0.5,8,fc1,0,4,0.9717323780059814,0.9721563458442688,200
cka_feddst,mnist,0.8,42,results/logs/cka_strength_sweep/all_20260516_024344/strength_0p5/seed_42/splits/mnist_split_seed42_clients5_alpha0p3_ref200.json,0.5,8,fc1,1,0,0.9847482442855835,0.9721563458442688,200
cka_feddst,mnist,0.8,42,results/logs/cka_strength_sweep/all_20260516_024344/strength_0p5/seed_42/splits/mnist_split_seed42_clients5_alpha0p3_ref200.json,0.5,8,fc1,1,1,1.0,0.9721563458442688,200
cka_feddst,mnist,0.8,42,results/logs/cka_strength_sweep/all_20260516_024344/strength_0p5/seed_42/splits/mnist_split_seed42_clients5_alpha0p3_ref200.json,0.5,8,fc1,1,2,0.9693558812141418,0.9721563458442688,200
cka_feddst,mnist,0.8,42,results/logs/cka_strength_sweep/all_20260516_024344/strength_0p5/seed_42/splits/mnist_split_seed42_clients5_alpha0p3_ref200.json,0.5,8,fc1,1,3,0.9761748909950256,0.9721563458442688,200
cka_feddst,mnist,0.8,42,results/logs/cka_strength_sweep/all_20260516_024344/strength_0p5/seed_42/splits/mnist_split_seed42_clients5_alpha0p3_ref200.json,0.5,8,fc1,1,4,0.9786198735237122,0.9721563458442688,200
cka_feddst,mnist,0.8,42,results/logs/cka_strength_sweep/all_20260516_024344/strength_0p5/seed_42/splits/mnist_split_seed42_clients5_alpha0p3_ref200.json,0.5,8,fc1,2,0,0.9804850816726685,0.9721563458442688,200
cka_feddst,mnist,0.8,42,results/logs/cka_strength_sweep/all_20260516_024344/strength_0p5/seed_42/splits/mnist_split_seed42_clients5_alpha0p3_ref200.json,0.5,8,fc1,2,1,0.9693558812141418,0.9721563458442688,200
cka_feddst,mnist,0.8,42,results/logs/cka_strength_sweep/all_20260516_024344/strength_0p5/seed_42/splits/mnist_split_seed42_clients5_alpha0p3_ref200.json,0.5,8,fc1,2,2,1.0,0.9721563458442688,200
cka_feddst,mnist,0.8,42,results/logs/cka_strength_sweep/all_20260516_024344/strength_0p5/seed_42/splits/mnist_split_seed42_clients5_alpha0p3_ref200.json,0.5,8,fc1,2,3,0.9756733775138855,0.9721563458442688,200
cka_feddst,mnist,0.8,42,results/logs/cka_strength_sweep/all_20260516_024344/strength_0p5/seed_42/splits/mnist_split_seed42_clients5_alpha0p3_ref200.json,0.5,8,fc1,2,4,0.9479565620422363,0.9721563458442688,200
cka_feddst,mnist,0.8,42,results/logs/cka_strength_sweep/all_20260516_024344/strength_0p5/seed_42/splits/mnist_split_seed42_clients5_alpha0p3_ref200.json,0.5,8,fc1,3,0,0.9841704964637756,0.9721563458442688,200
cka_feddst,mnist,0.8,42,results/logs/cka_strength_sweep/all_20260516_024344/strength_0p5/seed_42/splits/mnist_split_seed42_clients5_alpha0p3_ref200.json,0.5,8,fc1,3,1,0.9761748909950256,0.9721563458442688,200
cka_feddst,mnist,0.8,42,results/logs/cka_strength_sweep/all_20260516_024344/strength_0p5/seed_42/splits/mnist_split_seed42_clients5_alpha0p3_ref200.json,0.5,8,fc1,3,2,0.9756733775138855,0.9721563458442688,200
cka_feddst,mnist,0.8,42,results/logs/cka_strength_sweep/all_20260516_024344/strength_0p5/seed_42/splits/mnist_split_seed42_clients5_alpha0p3_ref200.json,0.5,8,fc1,3,3,1.0,0.9721563458442688,200
cka_feddst,mnist,0.8,42,results/logs/cka_strength_sweep/all_20260516_024344/strength_0p5/seed_42/splits/mnist_split_seed42_clients5_alpha0p3_ref200.json,0.5,8,fc1,3,4,0.9526469111442566,0.9721563458442688,200
cka_feddst,mnist,0.8,42,results/logs/cka_strength_sweep/all_20260516_024344/strength_0p5/seed_42/splits/mnist_split_seed42_clients5_alpha0p3_ref200.json,0.5,8,fc1,4,0,0.9717323780059814,0.9721563458442688,200
cka_feddst,mnist,0.8,42,results/logs/cka_strength_sweep/all_20260516_024344/strength_0p5/seed_42/splits/mnist_split_seed42_clients5_alpha0p3_ref200.json,0.5,8,fc1,4,1,0.9786198735237122,0.9721563458442688,200
cka_feddst,mnist,0.8,42,results/logs/cka_strength_sweep/all_20260516_024344/strength_0p5/seed_42/splits/mnist_split_seed42_clients5_alpha0p3_ref200.json,0.5,8,fc1,4,2,0.9479565620422363,0.9721563458442688,200
cka_feddst,mnist,0.8,42,results/logs/cka_strength_sweep/all_20260516_024344/strength_0p5/seed_42/splits/mnist_split_seed42_clients5_alpha0p3_ref200.json,0.5,8,fc1,4,3,0.9526469111442566,0.9721563458442688,200
cka_feddst,mnist,0.8,42,results/logs/cka_strength_sweep/all_20260516_024344/strength_0p5/seed_42/splits/mnist_split_seed42_clients5_alpha0p3_ref200.json,0.5,8,fc1,4,4,1.0,0.9721563458442688,200
cka_feddst,mnist,0.8,42,results/logs/cka_strength_sweep/all_20260516_024344/strength_0p5/seed_42/splits/mnist_split_seed42_clients5_alpha0p3_ref200.json,0.5,10,conv1,0,0,1.0,0.9999998211860657,200
cka_feddst,mnist,0.8,42,results/logs/cka_strength_sweep/all_20260516_024344/strength_0p5/seed_42/splits/mnist_split_seed42_clients5_alpha0p3_ref200.json,0.5,10,conv1,0,1,1.0,0.9999998211860657,200
cka_feddst,mnist,0.8,42,results/logs/cka_strength_sweep/all_20260516_024344/strength_0p5/seed_42/splits/mnist_split_seed42_clients5_alpha0p3_ref200.json,0.5,10,conv1,0,2,1.0,0.9999998211860657,200
cka_feddst,mnist,0.8,42,results/logs/cka_strength_sweep/all_20260516_024344/strength_0p5/seed_42/splits/mnist_split_seed42_clients5_alpha0p3_ref200.json,0.5,10,conv1,0,3,1.0,0.9999998211860657,200
cka_feddst,mnist,0.8,42,results/logs/cka_strength_sweep/all_20260516_024344/strength_0p5/seed_42/splits/mnist_split_seed42_clients5_alpha0p3_ref200.json,0.5,10,conv1,0,4,1.0,0.9999998211860657,200
cka_feddst,mnist,0.8,42,results/logs/cka_strength_sweep/all_20260516_024344/strength_0p5/seed_42/splits/mnist_split_seed42_clients5_alpha0p3_ref200.json,0.5,10,conv1,1,0,1.0,0.9999998211860657,200
cka_feddst,mnist,0.8,42,results/logs/cka_strength_sweep/all_20260516_024344/strength_0p5/seed_42/splits/mnist_split_seed42_clients5_alpha0p3_ref200.json,0.5,10,conv1,1,1,1.0,0.9999998211860657,200
cka_feddst,mnist,0.8,42,results/logs/cka_strength_sweep/all_20260516_024344/strength_0p5/seed_42/splits/mnist_split_seed42_clients5_alpha0p3_ref200.json,0.5,10,conv1,1,2,0.999999463558197,0.9999998211860657,200
cka_feddst,mnist,0.8,42,results/logs/cka_strength_sweep/all_20260516_024344/strength_0p5/seed_42/splits/mnist_split_seed42_clients5_alpha0p3_ref200.json,0.5,10,conv1,1,3,0.9999996423721313,0.9999998211860657,200
cka_feddst,mnist,0.8,42,results/logs/cka_strength_sweep/all_20260516_024344/strength_0p5/seed_42/splits/mnist_split_seed42_clients5_alpha0p3_ref200.json,0.5,10,conv1,1,4,1.0,0.9999998211860657,200
cka_feddst,mnist,0.8,42,results/logs/cka_strength_sweep/all_20260516_024344/strength_0p5/seed_42/splits/mnist_split_seed42_clients5_alpha0p3_ref200.json,0.5,10,conv1,2,0,1.0,0.9999998211860657,200
cka_feddst,mnist,0.8,42,results/logs/cka_strength_sweep/all_20260516_024344/strength_0p5/seed_42/splits/mnist_split_seed42_clients5_alpha0p3_ref200.json,0.5,10,conv1,2,1,0.999999463558197,0.9999998211860657,200
cka_feddst,mnist,0.8,42,results/logs/cka_strength_sweep/all_20260516_024344/strength_0p5/seed_42/splits/mnist_split_seed42_clients5_alpha0p3_ref200.json,0.5,10,conv1,2,2,1.0,0.9999998211860657,200
cka_feddst,mnist,0.8,42,results/logs/cka_strength_sweep/all_20260516_024344/strength_0p5/seed_42/splits/mnist_split_seed42_clients5_alpha0p3_ref200.json,0.5,10,conv1,2,3,0.9999997615814209,0.9999998211860657,200
cka_feddst,mnist,0.8,42,results/logs/cka_strength_sweep/all_20260516_024344/strength_0p5/seed_42/splits/mnist_split_seed42_clients5_alpha0p3_ref200.json,0.5,10,conv1,2,4,0.9999998211860657,0.9999998211860657,200
cka_feddst,mnist,0.8,42,results/logs/cka_strength_sweep/all_20260516_024344/strength_0p5/seed_42/splits/mnist_split_seed42_clients5_alpha0p3_ref200.json,0.5,10,conv1,3,0,1.0,0.9999998211860657,200
cka_feddst,mnist,0.8,42,results/logs/cka_strength_sweep/all_20260516_024344/strength_0p5/seed_42/splits/mnist_split_seed42_clients5_alpha0p3_ref200.json,0.5,10,conv1,3,1,0.9999996423721313,0.9999998211860657,200
cka_feddst,mnist,0.8,42,results/logs/cka_strength_sweep/all_20260516_024344/strength_0p5/seed_42/splits/mnist_split_seed42_clients5_alpha0p3_ref200.json,0.5,10,conv1,3,2,0.9999997615814209,0.9999998211860657,200
cka_feddst,mnist,0.8,42,results/logs/cka_strength_sweep/all_20260516_024344/strength_0p5/seed_42/splits/mnist_split_seed42_clients5_alpha0p3_ref200.json,0.5,10,conv1,3,3,1.0,0.9999998211860657,200
cka_feddst,mnist,0.8,42,results/logs/cka_strength_sweep/all_20260516_024344/strength_0p5/seed_42/splits/mnist_split_seed42_clients5_alpha0p3_ref200.json,0.5,10,conv1,3,4,0.9999993443489075,0.9999998211860657,200
cka_feddst,mnist,0.8,42,results/logs/cka_strength_sweep/all_20260516_024344/strength_0p5/seed_42/splits/mnist_split_seed42_clients5_alpha0p3_ref200.json,0.5,10,conv1,4,0,1.0,0.9999998211860657,200
cka_feddst,mnist,0.8,42,results/logs/cka_strength_sweep/all_20260516_024344/strength_0p5/seed_42/splits/mnist_split_seed42_clients5_alpha0p3_ref200.json,0.5,10,conv1,4,1,1.0,0.9999998211860657,200
cka_feddst,mnist,0.8,42,results/logs/cka_strength_sweep/all_20260516_024344/strength_0p5/seed_42/splits/mnist_split_seed42_clients5_alpha0p3_ref200.json,0.5,10,conv1,4,2,0.9999998211860657,0.9999998211860657,200
cka_feddst,mnist,0.8,42,results/logs/cka_strength_sweep/all_20260516_024344/strength_0p5/seed_42/splits/mnist_split_seed42_clients5_alpha0p3_ref200.json,0.5,10,conv1,4,3,0.9999993443489075,0.9999998211860657,200
cka_feddst,mnist,0.8,42,results/logs/cka_strength_sweep/all_20260516_024344/strength_0p5/seed_42/splits/mnist_split_seed42_clients5_alpha0p3_ref200.json,0.5,10,conv1,4,4,1.0,0.9999998211860657,200
cka_feddst,mnist,0.8,42,results/logs/cka_strength_sweep/all_20260516_024344/strength_0p5/seed_42/splits/mnist_split_seed42_clients5_alpha0p3_ref200.json,0.5,10,conv2,0,0,1.0,0.9999873042106628,200
cka_feddst,mnist,0.8,42,results/logs/cka_strength_sweep/all_20260516_024344/strength_0p5/seed_42/splits/mnist_split_seed42_clients5_alpha0p3_ref200.json,0.5,10,conv2,0,1,0.9999935626983643,0.9999873042106628,200
cka_feddst,mnist,0.8,42,results/logs/cka_strength_sweep/all_20260516_024344/strength_0p5/seed_42/splits/mnist_split_seed42_clients5_alpha0p3_ref200.json,0.5,10,conv2,0,2,0.9999895095825195,0.9999873042106628,200
cka_feddst,mnist,0.8,42,results/logs/cka_strength_sweep/all_20260516_024344/strength_0p5/seed_42/splits/mnist_split_seed42_clients5_alpha0p3_ref200.json,0.5,10,conv2,0,3,0.9999935626983643,0.9999873042106628,200
cka_feddst,mnist,0.8,42,results/logs/cka_strength_sweep/all_20260516_024344/strength_0p5/seed_42/splits/mnist_split_seed42_clients5_alpha0p3_ref200.json,0.5,10,conv2,0,4,0.9999905228614807,0.9999873042106628,200
cka_feddst,mnist,0.8,42,results/logs/cka_strength_sweep/all_20260516_024344/strength_0p5/seed_42/splits/mnist_split_seed42_clients5_alpha0p3_ref200.json,0.5,10,conv2,1,0,0.9999935626983643,0.9999873042106628,200
cka_feddst,mnist,0.8,42,results/logs/cka_strength_sweep/all_20260516_024344/strength_0p5/seed_42/splits/mnist_split_seed42_clients5_alpha0p3_ref200.json,0.5,10,conv2,1,1,1.0,0.9999873042106628,200
cka_feddst,mnist,0.8,42,results/logs/cka_strength_sweep/all_20260516_024344/strength_0p5/seed_42/splits/mnist_split_seed42_clients5_alpha0p3_ref200.json,0.5,10,conv2,1,2,0.9999783635139465,0.9999873042106628,200
cka_feddst,mnist,0.8,42,results/logs/cka_strength_sweep/all_20260516_024344/strength_0p5/seed_42/splits/mnist_split_seed42_clients5_alpha0p3_ref200.json,0.5,10,conv2,1,3,0.9999814629554749,0.9999873042106628,200
cka_feddst,mnist,0.8,42,results/logs/cka_strength_sweep/all_20260516_024344/strength_0p5/seed_42/splits/mnist_split_seed42_clients5_alpha0p3_ref200.json,0.5,10,conv2,1,4,0.9999976754188538,0.9999873042106628,200
cka_feddst,mnist,0.8,42,results/logs/cka_strength_sweep/all_20260516_024344/strength_0p5/seed_42/splits/mnist_split_seed42_clients5_alpha0p3_ref200.json,0.5,10,conv2,2,0,0.9999895095825195,0.9999873042106628,200
cka_feddst,mnist,0.8,42,results/logs/cka_strength_sweep/all_20260516_024344/strength_0p5/seed_42/splits/mnist_split_seed42_clients5_alpha0p3_ref200.json,0.5,10,conv2,2,1,0.9999783635139465,0.9999873042106628,200
cka_feddst,mnist,0.8,42,results/logs/cka_strength_sweep/all_20260516_024344/strength_0p5/seed_42/splits/mnist_split_seed42_clients5_alpha0p3_ref200.json,0.5,10,conv2,2,2,1.0,0.9999873042106628,200
cka_feddst,mnist,0.8,42,results/logs/cka_strength_sweep/all_20260516_024344/strength_0p5/seed_42/splits/mnist_split_seed42_clients5_alpha0p3_ref200.json,0.5,10,conv2,2,3,0.9999913573265076,0.9999873042106628,200
cka_feddst,mnist,0.8,42,results/logs/cka_strength_sweep/all_20260516_024344/strength_0p5/seed_42/splits/mnist_split_seed42_clients5_alpha0p3_ref200.json,0.5,10,conv2,2,4,0.9999811053276062,0.9999873042106628,200
cka_feddst,mnist,0.8,42,results/logs/cka_strength_sweep/all_20260516_024344/strength_0p5/seed_42/splits/mnist_split_seed42_clients5_alpha0p3_ref200.json,0.5,10,conv2,3,0,0.9999935626983643,0.9999873042106628,200
cka_feddst,mnist,0.8,42,results/logs/cka_strength_sweep/all_20260516_024344/strength_0p5/seed_42/splits/mnist_split_seed42_clients5_alpha0p3_ref200.json,0.5,10,conv2,3,1,0.9999814629554749,0.9999873042106628,200
cka_feddst,mnist,0.8,42,results/logs/cka_strength_sweep/all_20260516_024344/strength_0p5/seed_42/splits/mnist_split_seed42_clients5_alpha0p3_ref200.json,0.5,10,conv2,3,2,0.9999913573265076,0.9999873042106628,200
cka_feddst,mnist,0.8,42,results/logs/cka_strength_sweep/all_20260516_024344/strength_0p5/seed_42/splits/mnist_split_seed42_clients5_alpha0p3_ref200.json,0.5,10,conv2,3,3,1.0,0.9999873042106628,200
cka_feddst,mnist,0.8,42,results/logs/cka_strength_sweep/all_20260516_024344/strength_0p5/seed_42/splits/mnist_split_seed42_clients5_alpha0p3_ref200.json,0.5,10,conv2,3,4,0.9999752044677734,0.9999873042106628,200
cka_feddst,mnist,0.8,42,results/logs/cka_strength_sweep/all_20260516_024344/strength_0p5/seed_42/splits/mnist_split_seed42_clients5_alpha0p3_ref200.json,0.5,10,conv2,4,0,0.9999905228614807,0.9999873042106628,200
cka_feddst,mnist,0.8,42,results/logs/cka_strength_sweep/all_20260516_024344/strength_0p5/seed_42/splits/mnist_split_seed42_clients5_alpha0p3_ref200.json,0.5,10,conv2,4,1,0.9999976754188538,0.9999873042106628,200
cka_feddst,mnist,0.8,42,results/logs/cka_strength_sweep/all_20260516_024344/strength_0p5/seed_42/splits/mnist_split_seed42_clients5_alpha0p3_ref200.json,0.5,10,conv2,4,2,0.9999811053276062,0.9999873042106628,200
cka_feddst,mnist,0.8,42,results/logs/cka_strength_sweep/all_20260516_024344/strength_0p5/seed_42/splits/mnist_split_seed42_clients5_alpha0p3_ref200.json,0.5,10,conv2,4,3,0.9999752044677734,0.9999873042106628,200
cka_feddst,mnist,0.8,42,results/logs/cka_strength_sweep/all_20260516_024344/strength_0p5/seed_42/splits/mnist_split_seed42_clients5_alpha0p3_ref200.json,0.5,10,conv2,4,4,1.0,0.9999873042106628,200
cka_feddst,mnist,0.8,42,results/logs/cka_strength_sweep/all_20260516_024344/strength_0p5/seed_42/splits/mnist_split_seed42_clients5_alpha0p3_ref200.json,0.5,10,fc1,0,0,1.0,0.9789415597915649,200
cka_feddst,mnist,0.8,42,results/logs/cka_strength_sweep/all_20260516_024344/strength_0p5/seed_42/splits/mnist_split_seed42_clients5_alpha0p3_ref200.json,0.5,10,fc1,0,1,0.9896816611289978,0.9789415597915649,200
cka_feddst,mnist,0.8,42,results/logs/cka_strength_sweep/all_20260516_024344/strength_0p5/seed_42/splits/mnist_split_seed42_clients5_alpha0p3_ref200.json,0.5,10,fc1,0,2,0.9726261496543884,0.9789415597915649,200
cka_feddst,mnist,0.8,42,results/logs/cka_strength_sweep/all_20260516_024344/strength_0p5/seed_42/splits/mnist_split_seed42_clients5_alpha0p3_ref200.json,0.5,10,fc1,0,3,0.9832001328468323,0.9789415597915649,200
cka_feddst,mnist,0.8,42,results/logs/cka_strength_sweep/all_20260516_024344/strength_0p5/seed_42/splits/mnist_split_seed42_clients5_alpha0p3_ref200.json,0.5,10,fc1,0,4,0.9791410565376282,0.9789415597915649,200
cka_feddst,mnist,0.8,42,results/logs/cka_strength_sweep/all_20260516_024344/strength_0p5/seed_42/splits/mnist_split_seed42_clients5_alpha0p3_ref200.json,0.5,10,fc1,1,0,0.9896816611289978,0.9789415597915649,200
cka_feddst,mnist,0.8,42,results/logs/cka_strength_sweep/all_20260516_024344/strength_0p5/seed_42/splits/mnist_split_seed42_clients5_alpha0p3_ref200.json,0.5,10,fc1,1,1,1.0,0.9789415597915649,200
cka_feddst,mnist,0.8,42,results/logs/cka_strength_sweep/all_20260516_024344/strength_0p5/seed_42/splits/mnist_split_seed42_clients5_alpha0p3_ref200.json,0.5,10,fc1,1,2,0.976786196231842,0.9789415597915649,200
cka_feddst,mnist,0.8,42,results/logs/cka_strength_sweep/all_20260516_024344/strength_0p5/seed_42/splits/mnist_split_seed42_clients5_alpha0p3_ref200.json,0.5,10,fc1,1,3,0.9816665649414062,0.9789415597915649,200
cka_feddst,mnist,0.8,42,results/logs/cka_strength_sweep/all_20260516_024344/strength_0p5/seed_42/splits/mnist_split_seed42_clients5_alpha0p3_ref200.json,0.5,10,fc1,1,4,0.9896125197410583,0.9789415597915649,200
cka_feddst,mnist,0.8,42,results/logs/cka_strength_sweep/all_20260516_024344/strength_0p5/seed_42/splits/mnist_split_seed42_clients5_alpha0p3_ref200.json,0.5,10,fc1,2,0,0.9726261496543884,0.9789415597915649,200
cka_feddst,mnist,0.8,42,results/logs/cka_strength_sweep/all_20260516_024344/strength_0p5/seed_42/splits/mnist_split_seed42_clients5_alpha0p3_ref200.json,0.5,10,fc1,2,1,0.976786196231842,0.9789415597915649,200
cka_feddst,mnist,0.8,42,results/logs/cka_strength_sweep/all_20260516_024344/strength_0p5/seed_42/splits/mnist_split_seed42_clients5_alpha0p3_ref200.json,0.5,10,fc1,2,2,1.0,0.9789415597915649,200
cka_feddst,mnist,0.8,42,results/logs/cka_strength_sweep/all_20260516_024344/strength_0p5/seed_42/splits/mnist_split_seed42_clients5_alpha0p3_ref200.json,0.5,10,fc1,2,3,0.980556845664978,0.9789415597915649,200
cka_feddst,mnist,0.8,42,results/logs/cka_strength_sweep/all_20260516_024344/strength_0p5/seed_42/splits/mnist_split_seed42_clients5_alpha0p3_ref200.json,0.5,10,fc1,2,4,0.9659761190414429,0.9789415597915649,200
cka_feddst,mnist,0.8,42,results/logs/cka_strength_sweep/all_20260516_024344/strength_0p5/seed_42/splits/mnist_split_seed42_clients5_alpha0p3_ref200.json,0.5,10,fc1,3,0,0.9832001328468323,0.9789415597915649,200
cka_feddst,mnist,0.8,42,results/logs/cka_strength_sweep/all_20260516_024344/strength_0p5/seed_42/splits/mnist_split_seed42_clients5_alpha0p3_ref200.json,0.5,10,fc1,3,1,0.9816665649414062,0.9789415597915649,200
cka_feddst,mnist,0.8,42,results/logs/cka_strength_sweep/all_20260516_024344/strength_0p5/seed_42/splits/mnist_split_seed42_clients5_alpha0p3_ref200.json,0.5,10,fc1,3,2,0.980556845664978,0.9789415597915649,200
cka_feddst,mnist,0.8,42,results/logs/cka_strength_sweep/all_20260516_024344/strength_0p5/seed_42/splits/mnist_split_seed42_clients5_alpha0p3_ref200.json,0.5,10,fc1,3,3,1.0,0.9789415597915649,200
cka_feddst,mnist,0.8,42,results/logs/cka_strength_sweep/all_20260516_024344/strength_0p5/seed_42/splits/mnist_split_seed42_clients5_alpha0p3_ref200.json,0.5,10,fc1,3,4,0.9701685309410095,0.9789415597915649,200
cka_feddst,mnist,0.8,42,results/logs/cka_strength_sweep/all_20260516_024344/strength_0p5/seed_42/splits/mnist_split_seed42_clients5_alpha0p3_ref200.json,0.5,10,fc1,4,0,0.9791410565376282,0.9789415597915649,200
cka_feddst,mnist,0.8,42,results/logs/cka_strength_sweep/all_20260516_024344/strength_0p5/seed_42/splits/mnist_split_seed42_clients5_alpha0p3_ref200.json,0.5,10,fc1,4,1,0.9896125197410583,0.9789415597915649,200
cka_feddst,mnist,0.8,42,results/logs/cka_strength_sweep/all_20260516_024344/strength_0p5/seed_42/splits/mnist_split_seed42_clients5_alpha0p3_ref200.json,0.5,10,fc1,4,2,0.9659761190414429,0.9789415597915649,200
cka_feddst,mnist,0.8,42,results/logs/cka_strength_sweep/all_20260516_024344/strength_0p5/seed_42/splits/mnist_split_seed42_clients5_alpha0p3_ref200.json,0.5,10,fc1,4,3,0.9701685309410095,0.9789415597915649,200
cka_feddst,mnist,0.8,42,results/logs/cka_strength_sweep/all_20260516_024344/strength_0p5/seed_42/splits/mnist_split_seed42_clients5_alpha0p3_ref200.json,0.5,10,fc1,4,4,1.0,0.9789415597915649,200
cka_feddst,mnist,0.8,42,results/logs/cka_strength_sweep/all_20260516_024344/strength_0p5/seed_42/splits/mnist_split_seed42_clients5_alpha0p3_ref200.json,0.5,12,conv1,0,0,1.0,0.9999998211860657,200
cka_feddst,mnist,0.8,42,results/logs/cka_strength_sweep/all_20260516_024344/strength_0p5/seed_42/splits/mnist_split_seed42_clients5_alpha0p3_ref200.json,0.5,12,conv1,0,1,0.9999997019767761,0.9999998211860657,200
cka_feddst,mnist,0.8,42,results/logs/cka_strength_sweep/all_20260516_024344/strength_0p5/seed_42/splits/mnist_split_seed42_clients5_alpha0p3_ref200.json,0.5,12,conv1,0,2,0.9999998807907104,0.9999998211860657,200
cka_feddst,mnist,0.8,42,results/logs/cka_strength_sweep/all_20260516_024344/strength_0p5/seed_42/splits/mnist_split_seed42_clients5_alpha0p3_ref200.json,0.5,12,conv1,0,3,1.0,0.9999998211860657,200
cka_feddst,mnist,0.8,42,results/logs/cka_strength_sweep/all_20260516_024344/strength_0p5/seed_42/splits/mnist_split_seed42_clients5_alpha0p3_ref200.json,0.5,12,conv1,0,4,0.9999997615814209,0.9999998211860657,200
cka_feddst,mnist,0.8,42,results/logs/cka_strength_sweep/all_20260516_024344/strength_0p5/seed_42/splits/mnist_split_seed42_clients5_alpha0p3_ref200.json,0.5,12,conv1,1,0,0.9999997019767761,0.9999998211860657,200
cka_feddst,mnist,0.8,42,results/logs/cka_strength_sweep/all_20260516_024344/strength_0p5/seed_42/splits/mnist_split_seed42_clients5_alpha0p3_ref200.json,0.5,12,conv1,1,1,1.0,0.9999998211860657,200
cka_feddst,mnist,0.8,42,results/logs/cka_strength_sweep/all_20260516_024344/strength_0p5/seed_42/splits/mnist_split_seed42_clients5_alpha0p3_ref200.json,0.5,12,conv1,1,2,0.9999995231628418,0.9999998211860657,200
cka_feddst,mnist,0.8,42,results/logs/cka_strength_sweep/all_20260516_024344/strength_0p5/seed_42/splits/mnist_split_seed42_clients5_alpha0p3_ref200.json,0.5,12,conv1,1,3,0.9999998807907104,0.9999998211860657,200
cka_feddst,mnist,0.8,42,results/logs/cka_strength_sweep/all_20260516_024344/strength_0p5/seed_42/splits/mnist_split_seed42_clients5_alpha0p3_ref200.json,0.5,12,conv1,1,4,0.9999997615814209,0.9999998211860657,200
cka_feddst,mnist,0.8,42,results/logs/cka_strength_sweep/all_20260516_024344/strength_0p5/seed_42/splits/mnist_split_seed42_clients5_alpha0p3_ref200.json,0.5,12,conv1,2,0,0.9999998807907104,0.9999998211860657,200
cka_feddst,mnist,0.8,42,results/logs/cka_strength_sweep/all_20260516_024344/strength_0p5/seed_42/splits/mnist_split_seed42_clients5_alpha0p3_ref200.json,0.5,12,conv1,2,1,0.9999995231628418,0.9999998211860657,200
cka_feddst,mnist,0.8,42,results/logs/cka_strength_sweep/all_20260516_024344/strength_0p5/seed_42/splits/mnist_split_seed42_clients5_alpha0p3_ref200.json,0.5,12,conv1,2,2,1.0,0.9999998211860657,200
cka_feddst,mnist,0.8,42,results/logs/cka_strength_sweep/all_20260516_024344/strength_0p5/seed_42/splits/mnist_split_seed42_clients5_alpha0p3_ref200.json,0.5,12,conv1,2,3,0.9999999403953552,0.9999998211860657,200
cka_feddst,mnist,0.8,42,results/logs/cka_strength_sweep/all_20260516_024344/strength_0p5/seed_42/splits/mnist_split_seed42_clients5_alpha0p3_ref200.json,0.5,12,conv1,2,4,0.9999998211860657,0.9999998211860657,200
cka_feddst,mnist,0.8,42,results/logs/cka_strength_sweep/all_20260516_024344/strength_0p5/seed_42/splits/mnist_split_seed42_clients5_alpha0p3_ref200.json,0.5,12,conv1,3,0,1.0,0.9999998211860657,200
cka_feddst,mnist,0.8,42,results/logs/cka_strength_sweep/all_20260516_024344/strength_0p5/seed_42/splits/mnist_split_seed42_clients5_alpha0p3_ref200.json,0.5,12,conv1,3,1,0.9999998807907104,0.9999998211860657,200
cka_feddst,mnist,0.8,42,results/logs/cka_strength_sweep/all_20260516_024344/strength_0p5/seed_42/splits/mnist_split_seed42_clients5_alpha0p3_ref200.json,0.5,12,conv1,3,2,0.9999999403953552,0.9999998211860657,200
cka_feddst,mnist,0.8,42,results/logs/cka_strength_sweep/all_20260516_024344/strength_0p5/seed_42/splits/mnist_split_seed42_clients5_alpha0p3_ref200.json,0.5,12,conv1,3,3,1.0,0.9999998211860657,200
cka_feddst,mnist,0.8,42,results/logs/cka_strength_sweep/all_20260516_024344/strength_0p5/seed_42/splits/mnist_split_seed42_clients5_alpha0p3_ref200.json,0.5,12,conv1,3,4,0.9999998211860657,0.9999998211860657,200
cka_feddst,mnist,0.8,42,results/logs/cka_strength_sweep/all_20260516_024344/strength_0p5/seed_42/splits/mnist_split_seed42_clients5_alpha0p3_ref200.json,0.5,12,conv1,4,0,0.9999997615814209,0.9999998211860657,200
cka_feddst,mnist,0.8,42,results/logs/cka_strength_sweep/all_20260516_024344/strength_0p5/seed_42/splits/mnist_split_seed42_clients5_alpha0p3_ref200.json,0.5,12,conv1,4,1,0.9999997615814209,0.9999998211860657,200
cka_feddst,mnist,0.8,42,results/logs/cka_strength_sweep/all_20260516_024344/strength_0p5/seed_42/splits/mnist_split_seed42_clients5_alpha0p3_ref200.json,0.5,12,conv1,4,2,0.9999998211860657,0.9999998211860657,200
cka_feddst,mnist,0.8,42,results/logs/cka_strength_sweep/all_20260516_024344/strength_0p5/seed_42/splits/mnist_split_seed42_clients5_alpha0p3_ref200.json,0.5,12,conv1,4,3,0.9999998211860657,0.9999998211860657,200
cka_feddst,mnist,0.8,42,results/logs/cka_strength_sweep/all_20260516_024344/strength_0p5/seed_42/splits/mnist_split_seed42_clients5_alpha0p3_ref200.json,0.5,12,conv1,4,4,1.0,0.9999998211860657,200
cka_feddst,mnist,0.8,42,results/logs/cka_strength_sweep/all_20260516_024344/strength_0p5/seed_42/splits/mnist_split_seed42_clients5_alpha0p3_ref200.json,0.5,12,conv2,0,0,1.0,0.99998939037323,200
cka_feddst,mnist,0.8,42,results/logs/cka_strength_sweep/all_20260516_024344/strength_0p5/seed_42/splits/mnist_split_seed42_clients5_alpha0p3_ref200.json,0.5,12,conv2,0,1,0.9999938011169434,0.99998939037323,200
cka_feddst,mnist,0.8,42,results/logs/cka_strength_sweep/all_20260516_024344/strength_0p5/seed_42/splits/mnist_split_seed42_clients5_alpha0p3_ref200.json,0.5,12,conv2,0,2,0.9999920129776001,0.99998939037323,200
cka_feddst,mnist,0.8,42,results/logs/cka_strength_sweep/all_20260516_024344/strength_0p5/seed_42/splits/mnist_split_seed42_clients5_alpha0p3_ref200.json,0.5,12,conv2,0,3,0.9999964833259583,0.99998939037323,200
cka_feddst,mnist,0.8,42,results/logs/cka_strength_sweep/all_20260516_024344/strength_0p5/seed_42/splits/mnist_split_seed42_clients5_alpha0p3_ref200.json,0.5,12,conv2,0,4,0.9999871253967285,0.99998939037323,200
cka_feddst,mnist,0.8,42,results/logs/cka_strength_sweep/all_20260516_024344/strength_0p5/seed_42/splits/mnist_split_seed42_clients5_alpha0p3_ref200.json,0.5,12,conv2,1,0,0.9999938011169434,0.99998939037323,200
cka_feddst,mnist,0.8,42,results/logs/cka_strength_sweep/all_20260516_024344/strength_0p5/seed_42/splits/mnist_split_seed42_clients5_alpha0p3_ref200.json,0.5,12,conv2,1,1,1.0,0.99998939037323,200
cka_feddst,mnist,0.8,42,results/logs/cka_strength_sweep/all_20260516_024344/strength_0p5/seed_42/splits/mnist_split_seed42_clients5_alpha0p3_ref200.json,0.5,12,conv2,1,2,0.9999831914901733,0.99998939037323,200
cka_feddst,mnist,0.8,42,results/logs/cka_strength_sweep/all_20260516_024344/strength_0p5/seed_42/splits/mnist_split_seed42_clients5_alpha0p3_ref200.json,0.5,12,conv2,1,3,0.9999889731407166,0.99998939037323,200
cka_feddst,mnist,0.8,42,results/logs/cka_strength_sweep/all_20260516_024344/strength_0p5/seed_42/splits/mnist_split_seed42_clients5_alpha0p3_ref200.json,0.5,12,conv2,1,4,0.9999980330467224,0.99998939037323,200
cka_feddst,mnist,0.8,42,results/logs/cka_strength_sweep/all_20260516_024344/strength_0p5/seed_42/splits/mnist_split_seed42_clients5_alpha0p3_ref200.json,0.5,12,conv2,2,0,0.9999920129776001,0.99998939037323,200
cka_feddst,mnist,0.8,42,results/logs/cka_strength_sweep/all_20260516_024344/strength_0p5/seed_42/splits/mnist_split_seed42_clients5_alpha0p3_ref200.json,0.5,12,conv2,2,1,0.9999831914901733,0.99998939037323,200
cka_feddst,mnist,0.8,42,results/logs/cka_strength_sweep/all_20260516_024344/strength_0p5/seed_42/splits/mnist_split_seed42_clients5_alpha0p3_ref200.json,0.5,12,conv2,2,2,1.0,0.99998939037323,200
cka_feddst,mnist,0.8,42,results/logs/cka_strength_sweep/all_20260516_024344/strength_0p5/seed_42/splits/mnist_split_seed42_clients5_alpha0p3_ref200.json,0.5,12,conv2,2,3,0.9999911189079285,0.99998939037323,200
cka_feddst,mnist,0.8,42,results/logs/cka_strength_sweep/all_20260516_024344/strength_0p5/seed_42/splits/mnist_split_seed42_clients5_alpha0p3_ref200.json,0.5,12,conv2,2,4,0.9999827742576599,0.99998939037323,200
cka_feddst,mnist,0.8,42,results/logs/cka_strength_sweep/all_20260516_024344/strength_0p5/seed_42/splits/mnist_split_seed42_clients5_alpha0p3_ref200.json,0.5,12,conv2,3,0,0.9999964833259583,0.99998939037323,200
cka_feddst,mnist,0.8,42,results/logs/cka_strength_sweep/all_20260516_024344/strength_0p5/seed_42/splits/mnist_split_seed42_clients5_alpha0p3_ref200.json,0.5,12,conv2,3,1,0.9999889731407166,0.99998939037323,200
cka_feddst,mnist,0.8,42,results/logs/cka_strength_sweep/all_20260516_024344/strength_0p5/seed_42/splits/mnist_split_seed42_clients5_alpha0p3_ref200.json,0.5,12,conv2,3,2,0.9999911189079285,0.99998939037323,200
cka_feddst,mnist,0.8,42,results/logs/cka_strength_sweep/all_20260516_024344/strength_0p5/seed_42/splits/mnist_split_seed42_clients5_alpha0p3_ref200.json,0.5,12,conv2,3,3,1.0,0.99998939037323,200
cka_feddst,mnist,0.8,42,results/logs/cka_strength_sweep/all_20260516_024344/strength_0p5/seed_42/splits/mnist_split_seed42_clients5_alpha0p3_ref200.json,0.5,12,conv2,3,4,0.9999798536300659,0.99998939037323,200
cka_feddst,mnist,0.8,42,results/logs/cka_strength_sweep/all_20260516_024344/strength_0p5/seed_42/splits/mnist_split_seed42_clients5_alpha0p3_ref200.json,0.5,12,conv2,4,0,0.9999871253967285,0.99998939037323,200
cka_feddst,mnist,0.8,42,results/logs/cka_strength_sweep/all_20260516_024344/strength_0p5/seed_42/splits/mnist_split_seed42_clients5_alpha0p3_ref200.json,0.5,12,conv2,4,1,0.9999980330467224,0.99998939037323,200
cka_feddst,mnist,0.8,42,results/logs/cka_strength_sweep/all_20260516_024344/strength_0p5/seed_42/splits/mnist_split_seed42_clients5_alpha0p3_ref200.json,0.5,12,conv2,4,2,0.9999827742576599,0.99998939037323,200
cka_feddst,mnist,0.8,42,results/logs/cka_strength_sweep/all_20260516_024344/strength_0p5/seed_42/splits/mnist_split_seed42_clients5_alpha0p3_ref200.json,0.5,12,conv2,4,3,0.9999798536300659,0.99998939037323,200
cka_feddst,mnist,0.8,42,results/logs/cka_strength_sweep/all_20260516_024344/strength_0p5/seed_42/splits/mnist_split_seed42_clients5_alpha0p3_ref200.json,0.5,12,conv2,4,4,1.0,0.99998939037323,200
cka_feddst,mnist,0.8,42,results/logs/cka_strength_sweep/all_20260516_024344/strength_0p5/seed_42/splits/mnist_split_seed42_clients5_alpha0p3_ref200.json,0.5,12,fc1,0,0,1.0,0.9740337133407593,200
cka_feddst,mnist,0.8,42,results/logs/cka_strength_sweep/all_20260516_024344/strength_0p5/seed_42/splits/mnist_split_seed42_clients5_alpha0p3_ref200.json,0.5,12,fc1,0,1,0.9856141209602356,0.9740337133407593,200
cka_feddst,mnist,0.8,42,results/logs/cka_strength_sweep/all_20260516_024344/strength_0p5/seed_42/splits/mnist_split_seed42_clients5_alpha0p3_ref200.json,0.5,12,fc1,0,2,0.9761447906494141,0.9740337133407593,200
cka_feddst,mnist,0.8,42,results/logs/cka_strength_sweep/all_20260516_024344/strength_0p5/seed_42/splits/mnist_split_seed42_clients5_alpha0p3_ref200.json,0.5,12,fc1,0,3,0.9784561991691589,0.9740337133407593,200
cka_feddst,mnist,0.8,42,results/logs/cka_strength_sweep/all_20260516_024344/strength_0p5/seed_42/splits/mnist_split_seed42_clients5_alpha0p3_ref200.json,0.5,12,fc1,0,4,0.9719790816307068,0.9740337133407593,200
cka_feddst,mnist,0.8,42,results/logs/cka_strength_sweep/all_20260516_024344/strength_0p5/seed_42/splits/mnist_split_seed42_clients5_alpha0p3_ref200.json,0.5,12,fc1,1,0,0.9856141209602356,0.9740337133407593,200
cka_feddst,mnist,0.8,42,results/logs/cka_strength_sweep/all_20260516_024344/strength_0p5/seed_42/splits/mnist_split_seed42_clients5_alpha0p3_ref200.json,0.5,12,fc1,1,1,1.0,0.9740337133407593,200
cka_feddst,mnist,0.8,42,results/logs/cka_strength_sweep/all_20260516_024344/strength_0p5/seed_42/splits/mnist_split_seed42_clients5_alpha0p3_ref200.json,0.5,12,fc1,1,2,0.9723316431045532,0.9740337133407593,200
cka_feddst,mnist,0.8,42,results/logs/cka_strength_sweep/all_20260516_024344/strength_0p5/seed_42/splits/mnist_split_seed42_clients5_alpha0p3_ref200.json,0.5,12,fc1,1,3,0.9726144075393677,0.9740337133407593,200
cka_feddst,mnist,0.8,42,results/logs/cka_strength_sweep/all_20260516_024344/strength_0p5/seed_42/splits/mnist_split_seed42_clients5_alpha0p3_ref200.json,0.5,12,fc1,1,4,0.9874648451805115,0.9740337133407593,200
cka_feddst,mnist,0.8,42,results/logs/cka_strength_sweep/all_20260516_024344/strength_0p5/seed_42/splits/mnist_split_seed42_clients5_alpha0p3_ref200.json,0.5,12,fc1,2,0,0.9761447906494141,0.9740337133407593,200
cka_feddst,mnist,0.8,42,results/logs/cka_strength_sweep/all_20260516_024344/strength_0p5/seed_42/splits/mnist_split_seed42_clients5_alpha0p3_ref200.json,0.5,12,fc1,2,1,0.9723316431045532,0.9740337133407593,200
cka_feddst,mnist,0.8,42,results/logs/cka_strength_sweep/all_20260516_024344/strength_0p5/seed_42/splits/mnist_split_seed42_clients5_alpha0p3_ref200.json,0.5,12,fc1,2,2,1.0,0.9740337133407593,200
cka_feddst,mnist,0.8,42,results/logs/cka_strength_sweep/all_20260516_024344/strength_0p5/seed_42/splits/mnist_split_seed42_clients5_alpha0p3_ref200.json,0.5,12,fc1,2,3,0.981437623500824,0.9740337133407593,200
cka_feddst,mnist,0.8,42,results/logs/cka_strength_sweep/all_20260516_024344/strength_0p5/seed_42/splits/mnist_split_seed42_clients5_alpha0p3_ref200.json,0.5,12,fc1,2,4,0.9603179097175598,0.9740337133407593,200
cka_feddst,mnist,0.8,42,results/logs/cka_strength_sweep/all_20260516_024344/strength_0p5/seed_42/splits/mnist_split_seed42_clients5_alpha0p3_ref200.json,0.5,12,fc1,3,0,0.9784561991691589,0.9740337133407593,200
cka_feddst,mnist,0.8,42,results/logs/cka_strength_sweep/all_20260516_024344/strength_0p5/seed_42/splits/mnist_split_seed42_clients5_alpha0p3_ref200.json,0.5,12,fc1,3,1,0.9726144075393677,0.9740337133407593,200
cka_feddst,mnist,0.8,42,results/logs/cka_strength_sweep/all_20260516_024344/strength_0p5/seed_42/splits/mnist_split_seed42_clients5_alpha0p3_ref200.json,0.5,12,fc1,3,2,0.981437623500824,0.9740337133407593,200
cka_feddst,mnist,0.8,42,results/logs/cka_strength_sweep/all_20260516_024344/strength_0p5/seed_42/splits/mnist_split_seed42_clients5_alpha0p3_ref200.json,0.5,12,fc1,3,3,1.0,0.9740337133407593,200
cka_feddst,mnist,0.8,42,results/logs/cka_strength_sweep/all_20260516_024344/strength_0p5/seed_42/splits/mnist_split_seed42_clients5_alpha0p3_ref200.json,0.5,12,fc1,3,4,0.9539770483970642,0.9740337133407593,200
cka_feddst,mnist,0.8,42,results/logs/cka_strength_sweep/all_20260516_024344/strength_0p5/seed_42/splits/mnist_split_seed42_clients5_alpha0p3_ref200.json,0.5,12,fc1,4,0,0.9719790816307068,0.9740337133407593,200
cka_feddst,mnist,0.8,42,results/logs/cka_strength_sweep/all_20260516_024344/strength_0p5/seed_42/splits/mnist_split_seed42_clients5_alpha0p3_ref200.json,0.5,12,fc1,4,1,0.9874648451805115,0.9740337133407593,200
cka_feddst,mnist,0.8,42,results/logs/cka_strength_sweep/all_20260516_024344/strength_0p5/seed_42/splits/mnist_split_seed42_clients5_alpha0p3_ref200.json,0.5,12,fc1,4,2,0.9603179097175598,0.9740337133407593,200
cka_feddst,mnist,0.8,42,results/logs/cka_strength_sweep/all_20260516_024344/strength_0p5/seed_42/splits/mnist_split_seed42_clients5_alpha0p3_ref200.json,0.5,12,fc1,4,3,0.9539770483970642,0.9740337133407593,200
cka_feddst,mnist,0.8,42,results/logs/cka_strength_sweep/all_20260516_024344/strength_0p5/seed_42/splits/mnist_split_seed42_clients5_alpha0p3_ref200.json,0.5,12,fc1,4,4,1.0,0.9740337133407593,200
cka_feddst,mnist,0.8,42,results/logs/cka_strength_sweep/all_20260516_024344/strength_0p5/seed_42/splits/mnist_split_seed42_clients5_alpha0p3_ref200.json,0.5,14,conv1,0,0,1.0,0.9999995231628418,200
cka_feddst,mnist,0.8,42,results/logs/cka_strength_sweep/all_20260516_024344/strength_0p5/seed_42/splits/mnist_split_seed42_clients5_alpha0p3_ref200.json,0.5,14,conv1,0,1,0.9999995231628418,0.9999995231628418,200
cka_feddst,mnist,0.8,42,results/logs/cka_strength_sweep/all_20260516_024344/strength_0p5/seed_42/splits/mnist_split_seed42_clients5_alpha0p3_ref200.json,0.5,14,conv1,0,2,0.9999997615814209,0.9999995231628418,200
cka_feddst,mnist,0.8,42,results/logs/cka_strength_sweep/all_20260516_024344/strength_0p5/seed_42/splits/mnist_split_seed42_clients5_alpha0p3_ref200.json,0.5,14,conv1,0,3,1.0,0.9999995231628418,200
cka_feddst,mnist,0.8,42,results/logs/cka_strength_sweep/all_20260516_024344/strength_0p5/seed_42/splits/mnist_split_seed42_clients5_alpha0p3_ref200.json,0.5,14,conv1,0,4,0.9999991059303284,0.9999995231628418,200
cka_feddst,mnist,0.8,42,results/logs/cka_strength_sweep/all_20260516_024344/strength_0p5/seed_42/splits/mnist_split_seed42_clients5_alpha0p3_ref200.json,0.5,14,conv1,1,0,0.9999995231628418,0.9999995231628418,200
cka_feddst,mnist,0.8,42,results/logs/cka_strength_sweep/all_20260516_024344/strength_0p5/seed_42/splits/mnist_split_seed42_clients5_alpha0p3_ref200.json,0.5,14,conv1,1,1,1.0,0.9999995231628418,200
cka_feddst,mnist,0.8,42,results/logs/cka_strength_sweep/all_20260516_024344/strength_0p5/seed_42/splits/mnist_split_seed42_clients5_alpha0p3_ref200.json,0.5,14,conv1,1,2,0.9999995827674866,0.9999995231628418,200
cka_feddst,mnist,0.8,42,results/logs/cka_strength_sweep/all_20260516_024344/strength_0p5/seed_42/splits/mnist_split_seed42_clients5_alpha0p3_ref200.json,0.5,14,conv1,1,3,0.9999997615814209,0.9999995231628418,200
cka_feddst,mnist,0.8,42,results/logs/cka_strength_sweep/all_20260516_024344/strength_0p5/seed_42/splits/mnist_split_seed42_clients5_alpha0p3_ref200.json,0.5,14,conv1,1,4,0.999999463558197,0.9999995231628418,200
cka_feddst,mnist,0.8,42,results/logs/cka_strength_sweep/all_20260516_024344/strength_0p5/seed_42/splits/mnist_split_seed42_clients5_alpha0p3_ref200.json,0.5,14,conv1,2,0,0.9999997615814209,0.9999995231628418,200
cka_feddst,mnist,0.8,42,results/logs/cka_strength_sweep/all_20260516_024344/strength_0p5/seed_42/splits/mnist_split_seed42_clients5_alpha0p3_ref200.json,0.5,14,conv1,2,1,0.9999995827674866,0.9999995231628418,200
cka_feddst,mnist,0.8,42,results/logs/cka_strength_sweep/all_20260516_024344/strength_0p5/seed_42/splits/mnist_split_seed42_clients5_alpha0p3_ref200.json,0.5,14,conv1,2,2,1.0,0.9999995231628418,200
cka_feddst,mnist,0.8,42,results/logs/cka_strength_sweep/all_20260516_024344/strength_0p5/seed_42/splits/mnist_split_seed42_clients5_alpha0p3_ref200.json,0.5,14,conv1,2,3,1.0,0.9999995231628418,200
cka_feddst,mnist,0.8,42,results/logs/cka_strength_sweep/all_20260516_024344/strength_0p5/seed_42/splits/mnist_split_seed42_clients5_alpha0p3_ref200.json,0.5,14,conv1,2,4,0.999999463558197,0.9999995231628418,200
cka_feddst,mnist,0.8,42,results/logs/cka_strength_sweep/all_20260516_024344/strength_0p5/seed_42/splits/mnist_split_seed42_clients5_alpha0p3_ref200.json,0.5,14,conv1,3,0,1.0,0.9999995231628418,200
cka_feddst,mnist,0.8,42,results/logs/cka_strength_sweep/all_20260516_024344/strength_0p5/seed_42/splits/mnist_split_seed42_clients5_alpha0p3_ref200.json,0.5,14,conv1,3,1,0.9999997615814209,0.9999995231628418,200
cka_feddst,mnist,0.8,42,results/logs/cka_strength_sweep/all_20260516_024344/strength_0p5/seed_42/splits/mnist_split_seed42_clients5_alpha0p3_ref200.json,0.5,14,conv1,3,2,1.0,0.9999995231628418,200
cka_feddst,mnist,0.8,42,results/logs/cka_strength_sweep/all_20260516_024344/strength_0p5/seed_42/splits/mnist_split_seed42_clients5_alpha0p3_ref200.json,0.5,14,conv1,3,3,1.0,0.9999995231628418,200
cka_feddst,mnist,0.8,42,results/logs/cka_strength_sweep/all_20260516_024344/strength_0p5/seed_42/splits/mnist_split_seed42_clients5_alpha0p3_ref200.json,0.5,14,conv1,3,4,0.9999991059303284,0.9999995231628418,200
cka_feddst,mnist,0.8,42,results/logs/cka_strength_sweep/all_20260516_024344/strength_0p5/seed_42/splits/mnist_split_seed42_clients5_alpha0p3_ref200.json,0.5,14,conv1,4,0,0.9999991059303284,0.9999995231628418,200
cka_feddst,mnist,0.8,42,results/logs/cka_strength_sweep/all_20260516_024344/strength_0p5/seed_42/splits/mnist_split_seed42_clients5_alpha0p3_ref200.json,0.5,14,conv1,4,1,0.999999463558197,0.9999995231628418,200
cka_feddst,mnist,0.8,42,results/logs/cka_strength_sweep/all_20260516_024344/strength_0p5/seed_42/splits/mnist_split_seed42_clients5_alpha0p3_ref200.json,0.5,14,conv1,4,2,0.999999463558197,0.9999995231628418,200
cka_feddst,mnist,0.8,42,results/logs/cka_strength_sweep/all_20260516_024344/strength_0p5/seed_42/splits/mnist_split_seed42_clients5_alpha0p3_ref200.json,0.5,14,conv1,4,3,0.9999991059303284,0.9999995231628418,200
cka_feddst,mnist,0.8,42,results/logs/cka_strength_sweep/all_20260516_024344/strength_0p5/seed_42/splits/mnist_split_seed42_clients5_alpha0p3_ref200.json,0.5,14,conv1,4,4,1.0,0.9999995231628418,200
cka_feddst,mnist,0.8,42,results/logs/cka_strength_sweep/all_20260516_024344/strength_0p5/seed_42/splits/mnist_split_seed42_clients5_alpha0p3_ref200.json,0.5,14,conv2,0,0,1.0,0.9999899864196777,200
cka_feddst,mnist,0.8,42,results/logs/cka_strength_sweep/all_20260516_024344/strength_0p5/seed_42/splits/mnist_split_seed42_clients5_alpha0p3_ref200.json,0.5,14,conv2,0,1,0.999995768070221,0.9999899864196777,200
cka_feddst,mnist,0.8,42,results/logs/cka_strength_sweep/all_20260516_024344/strength_0p5/seed_42/splits/mnist_split_seed42_clients5_alpha0p3_ref200.json,0.5,14,conv2,0,2,0.9999948143959045,0.9999899864196777,200
cka_feddst,mnist,0.8,42,results/logs/cka_strength_sweep/all_20260516_024344/strength_0p5/seed_42/splits/mnist_split_seed42_clients5_alpha0p3_ref200.json,0.5,14,conv2,0,3,0.999993622303009,0.9999899864196777,200
cka_feddst,mnist,0.8,42,results/logs/cka_strength_sweep/all_20260516_024344/strength_0p5/seed_42/splits/mnist_split_seed42_clients5_alpha0p3_ref200.json,0.5,14,conv2,0,4,0.999992311000824,0.9999899864196777,200
cka_feddst,mnist,0.8,42,results/logs/cka_strength_sweep/all_20260516_024344/strength_0p5/seed_42/splits/mnist_split_seed42_clients5_alpha0p3_ref200.json,0.5,14,conv2,1,0,0.999995768070221,0.9999899864196777,200
cka_feddst,mnist,0.8,42,results/logs/cka_strength_sweep/all_20260516_024344/strength_0p5/seed_42/splits/mnist_split_seed42_clients5_alpha0p3_ref200.json,0.5,14,conv2,1,1,1.0,0.9999899864196777,200
cka_feddst,mnist,0.8,42,results/logs/cka_strength_sweep/all_20260516_024344/strength_0p5/seed_42/splits/mnist_split_seed42_clients5_alpha0p3_ref200.json,0.5,14,conv2,1,2,0.9999873638153076,0.9999899864196777,200
cka_feddst,mnist,0.8,42,results/logs/cka_strength_sweep/all_20260516_024344/strength_0p5/seed_42/splits/mnist_split_seed42_clients5_alpha0p3_ref200.json,0.5,14,conv2,1,3,0.9999850988388062,0.9999899864196777,200
cka_feddst,mnist,0.8,42,results/logs/cka_strength_sweep/all_20260516_024344/strength_0p5/seed_42/splits/mnist_split_seed42_clients5_alpha0p3_ref200.json,0.5,14,conv2,1,4,0.999997079372406,0.9999899864196777,200
cka_feddst,mnist,0.8,42,results/logs/cka_strength_sweep/all_20260516_024344/strength_0p5/seed_42/splits/mnist_split_seed42_clients5_alpha0p3_ref200.json,0.5,14,conv2,2,0,0.9999948143959045,0.9999899864196777,200
cka_feddst,mnist,0.8,42,results/logs/cka_strength_sweep/all_20260516_024344/strength_0p5/seed_42/splits/mnist_split_seed42_clients5_alpha0p3_ref200.json,0.5,14,conv2,2,1,0.9999873638153076,0.9999899864196777,200
cka_feddst,mnist,0.8,42,results/logs/cka_strength_sweep/all_20260516_024344/strength_0p5/seed_42/splits/mnist_split_seed42_clients5_alpha0p3_ref200.json,0.5,14,conv2,2,2,1.0,0.9999899864196777,200
cka_feddst,mnist,0.8,42,results/logs/cka_strength_sweep/all_20260516_024344/strength_0p5/seed_42/splits/mnist_split_seed42_clients5_alpha0p3_ref200.json,0.5,14,conv2,2,3,0.9999914765357971,0.9999899864196777,200
cka_feddst,mnist,0.8,42,results/logs/cka_strength_sweep/all_20260516_024344/strength_0p5/seed_42/splits/mnist_split_seed42_clients5_alpha0p3_ref200.json,0.5,14,conv2,2,4,0.9999871253967285,0.9999899864196777,200
cka_feddst,mnist,0.8,42,results/logs/cka_strength_sweep/all_20260516_024344/strength_0p5/seed_42/splits/mnist_split_seed42_clients5_alpha0p3_ref200.json,0.5,14,conv2,3,0,0.999993622303009,0.9999899864196777,200
cka_feddst,mnist,0.8,42,results/logs/cka_strength_sweep/all_20260516_024344/strength_0p5/seed_42/splits/mnist_split_seed42_clients5_alpha0p3_ref200.json,0.5,14,conv2,3,1,0.9999850988388062,0.9999899864196777,200
cka_feddst,mnist,0.8,42,results/logs/cka_strength_sweep/all_20260516_024344/strength_0p5/seed_42/splits/mnist_split_seed42_clients5_alpha0p3_ref200.json,0.5,14,conv2,3,2,0.9999914765357971,0.9999899864196777,200
cka_feddst,mnist,0.8,42,results/logs/cka_strength_sweep/all_20260516_024344/strength_0p5/seed_42/splits/mnist_split_seed42_clients5_alpha0p3_ref200.json,0.5,14,conv2,3,3,1.0,0.9999899864196777,200
cka_feddst,mnist,0.8,42,results/logs/cka_strength_sweep/all_20260516_024344/strength_0p5/seed_42/splits/mnist_split_seed42_clients5_alpha0p3_ref200.json,0.5,14,conv2,3,4,0.9999750852584839,0.9999899864196777,200
cka_feddst,mnist,0.8,42,results/logs/cka_strength_sweep/all_20260516_024344/strength_0p5/seed_42/splits/mnist_split_seed42_clients5_alpha0p3_ref200.json,0.5,14,conv2,4,0,0.999992311000824,0.9999899864196777,200
cka_feddst,mnist,0.8,42,results/logs/cka_strength_sweep/all_20260516_024344/strength_0p5/seed_42/splits/mnist_split_seed42_clients5_alpha0p3_ref200.json,0.5,14,conv2,4,1,0.999997079372406,0.9999899864196777,200
cka_feddst,mnist,0.8,42,results/logs/cka_strength_sweep/all_20260516_024344/strength_0p5/seed_42/splits/mnist_split_seed42_clients5_alpha0p3_ref200.json,0.5,14,conv2,4,2,0.9999871253967285,0.9999899864196777,200
cka_feddst,mnist,0.8,42,results/logs/cka_strength_sweep/all_20260516_024344/strength_0p5/seed_42/splits/mnist_split_seed42_clients5_alpha0p3_ref200.json,0.5,14,conv2,4,3,0.9999750852584839,0.9999899864196777,200
cka_feddst,mnist,0.8,42,results/logs/cka_strength_sweep/all_20260516_024344/strength_0p5/seed_42/splits/mnist_split_seed42_clients5_alpha0p3_ref200.json,0.5,14,conv2,4,4,1.0,0.9999899864196777,200
cka_feddst,mnist,0.8,42,results/logs/cka_strength_sweep/all_20260516_024344/strength_0p5/seed_42/splits/mnist_split_seed42_clients5_alpha0p3_ref200.json,0.5,14,fc1,0,0,1.0,0.9739769697189331,200
cka_feddst,mnist,0.8,42,results/logs/cka_strength_sweep/all_20260516_024344/strength_0p5/seed_42/splits/mnist_split_seed42_clients5_alpha0p3_ref200.json,0.5,14,fc1,0,1,0.9905684590339661,0.9739769697189331,200
cka_feddst,mnist,0.8,42,results/logs/cka_strength_sweep/all_20260516_024344/strength_0p5/seed_42/splits/mnist_split_seed42_clients5_alpha0p3_ref200.json,0.5,14,fc1,0,2,0.9783493876457214,0.9739769697189331,200
cka_feddst,mnist,0.8,42,results/logs/cka_strength_sweep/all_20260516_024344/strength_0p5/seed_42/splits/mnist_split_seed42_clients5_alpha0p3_ref200.json,0.5,14,fc1,0,3,0.9752735495567322,0.9739769697189331,200
cka_feddst,mnist,0.8,42,results/logs/cka_strength_sweep/all_20260516_024344/strength_0p5/seed_42/splits/mnist_split_seed42_clients5_alpha0p3_ref200.json,0.5,14,fc1,0,4,0.9832351207733154,0.9739769697189331,200
cka_feddst,mnist,0.8,42,results/logs/cka_strength_sweep/all_20260516_024344/strength_0p5/seed_42/splits/mnist_split_seed42_clients5_alpha0p3_ref200.json,0.5,14,fc1,1,0,0.9905684590339661,0.9739769697189331,200
cka_feddst,mnist,0.8,42,results/logs/cka_strength_sweep/all_20260516_024344/strength_0p5/seed_42/splits/mnist_split_seed42_clients5_alpha0p3_ref200.json,0.5,14,fc1,1,1,1.0,0.9739769697189331,200
cka_feddst,mnist,0.8,42,results/logs/cka_strength_sweep/all_20260516_024344/strength_0p5/seed_42/splits/mnist_split_seed42_clients5_alpha0p3_ref200.json,0.5,14,fc1,1,2,0.9752445220947266,0.9739769697189331,200
cka_feddst,mnist,0.8,42,results/logs/cka_strength_sweep/all_20260516_024344/strength_0p5/seed_42/splits/mnist_split_seed42_clients5_alpha0p3_ref200.json,0.5,14,fc1,1,3,0.9720994234085083,0.9739769697189331,200
cka_feddst,mnist,0.8,42,results/logs/cka_strength_sweep/all_20260516_024344/strength_0p5/seed_42/splits/mnist_split_seed42_clients5_alpha0p3_ref200.json,0.5,14,fc1,1,4,0.987761914730072,0.9739769697189331,200
cka_feddst,mnist,0.8,42,results/logs/cka_strength_sweep/all_20260516_024344/strength_0p5/seed_42/splits/mnist_split_seed42_clients5_alpha0p3_ref200.json,0.5,14,fc1,2,0,0.9783493876457214,0.9739769697189331,200
cka_feddst,mnist,0.8,42,results/logs/cka_strength_sweep/all_20260516_024344/strength_0p5/seed_42/splits/mnist_split_seed42_clients5_alpha0p3_ref200.json,0.5,14,fc1,2,1,0.9752445220947266,0.9739769697189331,200
cka_feddst,mnist,0.8,42,results/logs/cka_strength_sweep/all_20260516_024344/strength_0p5/seed_42/splits/mnist_split_seed42_clients5_alpha0p3_ref200.json,0.5,14,fc1,2,2,1.0,0.9739769697189331,200
cka_feddst,mnist,0.8,42,results/logs/cka_strength_sweep/all_20260516_024344/strength_0p5/seed_42/splits/mnist_split_seed42_clients5_alpha0p3_ref200.json,0.5,14,fc1,2,3,0.9480993747711182,0.9739769697189331,200
cka_feddst,mnist,0.8,42,results/logs/cka_strength_sweep/all_20260516_024344/strength_0p5/seed_42/splits/mnist_split_seed42_clients5_alpha0p3_ref200.json,0.5,14,fc1,2,4,0.9697118997573853,0.9739769697189331,200
cka_feddst,mnist,0.8,42,results/logs/cka_strength_sweep/all_20260516_024344/strength_0p5/seed_42/splits/mnist_split_seed42_clients5_alpha0p3_ref200.json,0.5,14,fc1,3,0,0.9752735495567322,0.9739769697189331,200
cka_feddst,mnist,0.8,42,results/logs/cka_strength_sweep/all_20260516_024344/strength_0p5/seed_42/splits/mnist_split_seed42_clients5_alpha0p3_ref200.json,0.5,14,fc1,3,1,0.9720994234085083,0.9739769697189331,200
cka_feddst,mnist,0.8,42,results/logs/cka_strength_sweep/all_20260516_024344/strength_0p5/seed_42/splits/mnist_split_seed42_clients5_alpha0p3_ref200.json,0.5,14,fc1,3,2,0.9480993747711182,0.9739769697189331,200
cka_feddst,mnist,0.8,42,results/logs/cka_strength_sweep/all_20260516_024344/strength_0p5/seed_42/splits/mnist_split_seed42_clients5_alpha0p3_ref200.json,0.5,14,fc1,3,3,1.0,0.9739769697189331,200
cka_feddst,mnist,0.8,42,results/logs/cka_strength_sweep/all_20260516_024344/strength_0p5/seed_42/splits/mnist_split_seed42_clients5_alpha0p3_ref200.json,0.5,14,fc1,3,4,0.9594269394874573,0.9739769697189331,200
cka_feddst,mnist,0.8,42,results/logs/cka_strength_sweep/all_20260516_024344/strength_0p5/seed_42/splits/mnist_split_seed42_clients5_alpha0p3_ref200.json,0.5,14,fc1,4,0,0.9832351207733154,0.9739769697189331,200
cka_feddst,mnist,0.8,42,results/logs/cka_strength_sweep/all_20260516_024344/strength_0p5/seed_42/splits/mnist_split_seed42_clients5_alpha0p3_ref200.json,0.5,14,fc1,4,1,0.987761914730072,0.9739769697189331,200
cka_feddst,mnist,0.8,42,results/logs/cka_strength_sweep/all_20260516_024344/strength_0p5/seed_42/splits/mnist_split_seed42_clients5_alpha0p3_ref200.json,0.5,14,fc1,4,2,0.9697118997573853,0.9739769697189331,200
cka_feddst,mnist,0.8,42,results/logs/cka_strength_sweep/all_20260516_024344/strength_0p5/seed_42/splits/mnist_split_seed42_clients5_alpha0p3_ref200.json,0.5,14,fc1,4,3,0.9594269394874573,0.9739769697189331,200
cka_feddst,mnist,0.8,42,results/logs/cka_strength_sweep/all_20260516_024344/strength_0p5/seed_42/splits/mnist_split_seed42_clients5_alpha0p3_ref200.json,0.5,14,fc1,4,4,1.0,0.9739769697189331,200
cka_feddst,mnist,0.8,42,results/logs/cka_strength_sweep/all_20260516_024344/strength_0p5/seed_42/splits/mnist_split_seed42_clients5_alpha0p3_ref200.json,0.5,16,conv1,0,0,1.0,0.9999998807907104,200
cka_feddst,mnist,0.8,42,results/logs/cka_strength_sweep/all_20260516_024344/strength_0p5/seed_42/splits/mnist_split_seed42_clients5_alpha0p3_ref200.json,0.5,16,conv1,0,1,1.0,0.9999998807907104,200
cka_feddst,mnist,0.8,42,results/logs/cka_strength_sweep/all_20260516_024344/strength_0p5/seed_42/splits/mnist_split_seed42_clients5_alpha0p3_ref200.json,0.5,16,conv1,0,2,0.9999997615814209,0.9999998807907104,200
cka_feddst,mnist,0.8,42,results/logs/cka_strength_sweep/all_20260516_024344/strength_0p5/seed_42/splits/mnist_split_seed42_clients5_alpha0p3_ref200.json,0.5,16,conv1,0,3,0.9999998807907104,0.9999998807907104,200
cka_feddst,mnist,0.8,42,results/logs/cka_strength_sweep/all_20260516_024344/strength_0p5/seed_42/splits/mnist_split_seed42_clients5_alpha0p3_ref200.json,0.5,16,conv1,0,4,0.9999997615814209,0.9999998807907104,200
cka_feddst,mnist,0.8,42,results/logs/cka_strength_sweep/all_20260516_024344/strength_0p5/seed_42/splits/mnist_split_seed42_clients5_alpha0p3_ref200.json,0.5,16,conv1,1,0,1.0,0.9999998807907104,200
cka_feddst,mnist,0.8,42,results/logs/cka_strength_sweep/all_20260516_024344/strength_0p5/seed_42/splits/mnist_split_seed42_clients5_alpha0p3_ref200.json,0.5,16,conv1,1,1,1.0,0.9999998807907104,200
cka_feddst,mnist,0.8,42,results/logs/cka_strength_sweep/all_20260516_024344/strength_0p5/seed_42/splits/mnist_split_seed42_clients5_alpha0p3_ref200.json,0.5,16,conv1,1,2,1.0,0.9999998807907104,200
cka_feddst,mnist,0.8,42,results/logs/cka_strength_sweep/all_20260516_024344/strength_0p5/seed_42/splits/mnist_split_seed42_clients5_alpha0p3_ref200.json,0.5,16,conv1,1,3,1.0,0.9999998807907104,200
cka_feddst,mnist,0.8,42,results/logs/cka_strength_sweep/all_20260516_024344/strength_0p5/seed_42/splits/mnist_split_seed42_clients5_alpha0p3_ref200.json,0.5,16,conv1,1,4,1.0,0.9999998807907104,200
cka_feddst,mnist,0.8,42,results/logs/cka_strength_sweep/all_20260516_024344/strength_0p5/seed_42/splits/mnist_split_seed42_clients5_alpha0p3_ref200.json,0.5,16,conv1,2,0,0.9999997615814209,0.9999998807907104,200
cka_feddst,mnist,0.8,42,results/logs/cka_strength_sweep/all_20260516_024344/strength_0p5/seed_42/splits/mnist_split_seed42_clients5_alpha0p3_ref200.json,0.5,16,conv1,2,1,1.0,0.9999998807907104,200
cka_feddst,mnist,0.8,42,results/logs/cka_strength_sweep/all_20260516_024344/strength_0p5/seed_42/splits/mnist_split_seed42_clients5_alpha0p3_ref200.json,0.5,16,conv1,2,2,1.0,0.9999998807907104,200
cka_feddst,mnist,0.8,42,results/logs/cka_strength_sweep/all_20260516_024344/strength_0p5/seed_42/splits/mnist_split_seed42_clients5_alpha0p3_ref200.json,0.5,16,conv1,2,3,0.9999998807907104,0.9999998807907104,200
cka_feddst,mnist,0.8,42,results/logs/cka_strength_sweep/all_20260516_024344/strength_0p5/seed_42/splits/mnist_split_seed42_clients5_alpha0p3_ref200.json,0.5,16,conv1,2,4,0.9999997615814209,0.9999998807907104,200
cka_feddst,mnist,0.8,42,results/logs/cka_strength_sweep/all_20260516_024344/strength_0p5/seed_42/splits/mnist_split_seed42_clients5_alpha0p3_ref200.json,0.5,16,conv1,3,0,0.9999998807907104,0.9999998807907104,200
cka_feddst,mnist,0.8,42,results/logs/cka_strength_sweep/all_20260516_024344/strength_0p5/seed_42/splits/mnist_split_seed42_clients5_alpha0p3_ref200.json,0.5,16,conv1,3,1,1.0,0.9999998807907104,200
cka_feddst,mnist,0.8,42,results/logs/cka_strength_sweep/all_20260516_024344/strength_0p5/seed_42/splits/mnist_split_seed42_clients5_alpha0p3_ref200.json,0.5,16,conv1,3,2,0.9999998807907104,0.9999998807907104,200
cka_feddst,mnist,0.8,42,results/logs/cka_strength_sweep/all_20260516_024344/strength_0p5/seed_42/splits/mnist_split_seed42_clients5_alpha0p3_ref200.json,0.5,16,conv1,3,3,1.0,0.9999998807907104,200
cka_feddst,mnist,0.8,42,results/logs/cka_strength_sweep/all_20260516_024344/strength_0p5/seed_42/splits/mnist_split_seed42_clients5_alpha0p3_ref200.json,0.5,16,conv1,3,4,0.9999997019767761,0.9999998807907104,200
cka_feddst,mnist,0.8,42,results/logs/cka_strength_sweep/all_20260516_024344/strength_0p5/seed_42/splits/mnist_split_seed42_clients5_alpha0p3_ref200.json,0.5,16,conv1,4,0,0.9999997615814209,0.9999998807907104,200
cka_feddst,mnist,0.8,42,results/logs/cka_strength_sweep/all_20260516_024344/strength_0p5/seed_42/splits/mnist_split_seed42_clients5_alpha0p3_ref200.json,0.5,16,conv1,4,1,1.0,0.9999998807907104,200
cka_feddst,mnist,0.8,42,results/logs/cka_strength_sweep/all_20260516_024344/strength_0p5/seed_42/splits/mnist_split_seed42_clients5_alpha0p3_ref200.json,0.5,16,conv1,4,2,0.9999997615814209,0.9999998807907104,200
cka_feddst,mnist,0.8,42,results/logs/cka_strength_sweep/all_20260516_024344/strength_0p5/seed_42/splits/mnist_split_seed42_clients5_alpha0p3_ref200.json,0.5,16,conv1,4,3,0.9999997019767761,0.9999998807907104,200
cka_feddst,mnist,0.8,42,results/logs/cka_strength_sweep/all_20260516_024344/strength_0p5/seed_42/splits/mnist_split_seed42_clients5_alpha0p3_ref200.json,0.5,16,conv1,4,4,1.0,0.9999998807907104,200
cka_feddst,mnist,0.8,42,results/logs/cka_strength_sweep/all_20260516_024344/strength_0p5/seed_42/splits/mnist_split_seed42_clients5_alpha0p3_ref200.json,0.5,16,conv2,0,0,1.0,0.9999885559082031,200
cka_feddst,mnist,0.8,42,results/logs/cka_strength_sweep/all_20260516_024344/strength_0p5/seed_42/splits/mnist_split_seed42_clients5_alpha0p3_ref200.json,0.5,16,conv2,0,1,0.9999923706054688,0.9999885559082031,200
cka_feddst,mnist,0.8,42,results/logs/cka_strength_sweep/all_20260516_024344/strength_0p5/seed_42/splits/mnist_split_seed42_clients5_alpha0p3_ref200.json,0.5,16,conv2,0,2,0.9999899864196777,0.9999885559082031,200
cka_feddst,mnist,0.8,42,results/logs/cka_strength_sweep/all_20260516_024344/strength_0p5/seed_42/splits/mnist_split_seed42_clients5_alpha0p3_ref200.json,0.5,16,conv2,0,3,0.9999952912330627,0.9999885559082031,200
cka_feddst,mnist,0.8,42,results/logs/cka_strength_sweep/all_20260516_024344/strength_0p5/seed_42/splits/mnist_split_seed42_clients5_alpha0p3_ref200.json,0.5,16,conv2,0,4,0.9999880790710449,0.9999885559082031,200
cka_feddst,mnist,0.8,42,results/logs/cka_strength_sweep/all_20260516_024344/strength_0p5/seed_42/splits/mnist_split_seed42_clients5_alpha0p3_ref200.json,0.5,16,conv2,1,0,0.9999923706054688,0.9999885559082031,200
cka_feddst,mnist,0.8,42,results/logs/cka_strength_sweep/all_20260516_024344/strength_0p5/seed_42/splits/mnist_split_seed42_clients5_alpha0p3_ref200.json,0.5,16,conv2,1,1,1.0,0.9999885559082031,200
cka_feddst,mnist,0.8,42,results/logs/cka_strength_sweep/all_20260516_024344/strength_0p5/seed_42/splits/mnist_split_seed42_clients5_alpha0p3_ref200.json,0.5,16,conv2,1,2,0.9999840259552002,0.9999885559082031,200
cka_feddst,mnist,0.8,42,results/logs/cka_strength_sweep/all_20260516_024344/strength_0p5/seed_42/splits/mnist_split_seed42_clients5_alpha0p3_ref200.json,0.5,16,conv2,1,3,0.9999846816062927,0.9999885559082031,200
cka_feddst,mnist,0.8,42,results/logs/cka_strength_sweep/all_20260516_024344/strength_0p5/seed_42/splits/mnist_split_seed42_clients5_alpha0p3_ref200.json,0.5,16,conv2,1,4,0.9999988675117493,0.9999885559082031,200
cka_feddst,mnist,0.8,42,results/logs/cka_strength_sweep/all_20260516_024344/strength_0p5/seed_42/splits/mnist_split_seed42_clients5_alpha0p3_ref200.json,0.5,16,conv2,2,0,0.9999899864196777,0.9999885559082031,200
cka_feddst,mnist,0.8,42,results/logs/cka_strength_sweep/all_20260516_024344/strength_0p5/seed_42/splits/mnist_split_seed42_clients5_alpha0p3_ref200.json,0.5,16,conv2,2,1,0.9999840259552002,0.9999885559082031,200
cka_feddst,mnist,0.8,42,results/logs/cka_strength_sweep/all_20260516_024344/strength_0p5/seed_42/splits/mnist_split_seed42_clients5_alpha0p3_ref200.json,0.5,16,conv2,2,2,1.0,0.9999885559082031,200
cka_feddst,mnist,0.8,42,results/logs/cka_strength_sweep/all_20260516_024344/strength_0p5/seed_42/splits/mnist_split_seed42_clients5_alpha0p3_ref200.json,0.5,16,conv2,2,3,0.9999874830245972,0.9999885559082031,200
cka_feddst,mnist,0.8,42,results/logs/cka_strength_sweep/all_20260516_024344/strength_0p5/seed_42/splits/mnist_split_seed42_clients5_alpha0p3_ref200.json,0.5,16,conv2,2,4,0.9999861717224121,0.9999885559082031,200
cka_feddst,mnist,0.8,42,results/logs/cka_strength_sweep/all_20260516_024344/strength_0p5/seed_42/splits/mnist_split_seed42_clients5_alpha0p3_ref200.json,0.5,16,conv2,3,0,0.9999952912330627,0.9999885559082031,200
cka_feddst,mnist,0.8,42,results/logs/cka_strength_sweep/all_20260516_024344/strength_0p5/seed_42/splits/mnist_split_seed42_clients5_alpha0p3_ref200.json,0.5,16,conv2,3,1,0.9999846816062927,0.9999885559082031,200
cka_feddst,mnist,0.8,42,results/logs/cka_strength_sweep/all_20260516_024344/strength_0p5/seed_42/splits/mnist_split_seed42_clients5_alpha0p3_ref200.json,0.5,16,conv2,3,2,0.9999874830245972,0.9999885559082031,200
cka_feddst,mnist,0.8,42,results/logs/cka_strength_sweep/all_20260516_024344/strength_0p5/seed_42/splits/mnist_split_seed42_clients5_alpha0p3_ref200.json,0.5,16,conv2,3,3,1.0,0.9999885559082031,200
cka_feddst,mnist,0.8,42,results/logs/cka_strength_sweep/all_20260516_024344/strength_0p5/seed_42/splits/mnist_split_seed42_clients5_alpha0p3_ref200.json,0.5,16,conv2,3,4,0.9999779462814331,0.9999885559082031,200
cka_feddst,mnist,0.8,42,results/logs/cka_strength_sweep/all_20260516_024344/strength_0p5/seed_42/splits/mnist_split_seed42_clients5_alpha0p3_ref200.json,0.5,16,conv2,4,0,0.9999880790710449,0.9999885559082031,200
cka_feddst,mnist,0.8,42,results/logs/cka_strength_sweep/all_20260516_024344/strength_0p5/seed_42/splits/mnist_split_seed42_clients5_alpha0p3_ref200.json,0.5,16,conv2,4,1,0.9999988675117493,0.9999885559082031,200
cka_feddst,mnist,0.8,42,results/logs/cka_strength_sweep/all_20260516_024344/strength_0p5/seed_42/splits/mnist_split_seed42_clients5_alpha0p3_ref200.json,0.5,16,conv2,4,2,0.9999861717224121,0.9999885559082031,200
cka_feddst,mnist,0.8,42,results/logs/cka_strength_sweep/all_20260516_024344/strength_0p5/seed_42/splits/mnist_split_seed42_clients5_alpha0p3_ref200.json,0.5,16,conv2,4,3,0.9999779462814331,0.9999885559082031,200
cka_feddst,mnist,0.8,42,results/logs/cka_strength_sweep/all_20260516_024344/strength_0p5/seed_42/splits/mnist_split_seed42_clients5_alpha0p3_ref200.json,0.5,16,conv2,4,4,1.0,0.9999885559082031,200
cka_feddst,mnist,0.8,42,results/logs/cka_strength_sweep/all_20260516_024344/strength_0p5/seed_42/splits/mnist_split_seed42_clients5_alpha0p3_ref200.json,0.5,16,fc1,0,0,1.0,0.9748572111129761,200
cka_feddst,mnist,0.8,42,results/logs/cka_strength_sweep/all_20260516_024344/strength_0p5/seed_42/splits/mnist_split_seed42_clients5_alpha0p3_ref200.json,0.5,16,fc1,0,1,0.9901208281517029,0.9748572111129761,200
cka_feddst,mnist,0.8,42,results/logs/cka_strength_sweep/all_20260516_024344/strength_0p5/seed_42/splits/mnist_split_seed42_clients5_alpha0p3_ref200.json,0.5,16,fc1,0,2,0.9739581942558289,0.9748572111129761,200
cka_feddst,mnist,0.8,42,results/logs/cka_strength_sweep/all_20260516_024344/strength_0p5/seed_42/splits/mnist_split_seed42_clients5_alpha0p3_ref200.json,0.5,16,fc1,0,3,0.977716863155365,0.9748572111129761,200
cka_feddst,mnist,0.8,42,results/logs/cka_strength_sweep/all_20260516_024344/strength_0p5/seed_42/splits/mnist_split_seed42_clients5_alpha0p3_ref200.json,0.5,16,fc1,0,4,0.9819806218147278,0.9748572111129761,200
cka_feddst,mnist,0.8,42,results/logs/cka_strength_sweep/all_20260516_024344/strength_0p5/seed_42/splits/mnist_split_seed42_clients5_alpha0p3_ref200.json,0.5,16,fc1,1,0,0.9901208281517029,0.9748572111129761,200
cka_feddst,mnist,0.8,42,results/logs/cka_strength_sweep/all_20260516_024344/strength_0p5/seed_42/splits/mnist_split_seed42_clients5_alpha0p3_ref200.json,0.5,16,fc1,1,1,1.0,0.9748572111129761,200
cka_feddst,mnist,0.8,42,results/logs/cka_strength_sweep/all_20260516_024344/strength_0p5/seed_42/splits/mnist_split_seed42_clients5_alpha0p3_ref200.json,0.5,16,fc1,1,2,0.9715573787689209,0.9748572111129761,200
cka_feddst,mnist,0.8,42,results/logs/cka_strength_sweep/all_20260516_024344/strength_0p5/seed_42/splits/mnist_split_seed42_clients5_alpha0p3_ref200.json,0.5,16,fc1,1,3,0.9783061146736145,0.9748572111129761,200
cka_feddst,mnist,0.8,42,results/logs/cka_strength_sweep/all_20260516_024344/strength_0p5/seed_42/splits/mnist_split_seed42_clients5_alpha0p3_ref200.json,0.5,16,fc1,1,4,0.984375,0.9748572111129761,200
cka_feddst,mnist,0.8,42,results/logs/cka_strength_sweep/all_20260516_024344/strength_0p5/seed_42/splits/mnist_split_seed42_clients5_alpha0p3_ref200.json,0.5,16,fc1,2,0,0.9739581942558289,0.9748572111129761,200
cka_feddst,mnist,0.8,42,results/logs/cka_strength_sweep/all_20260516_024344/strength_0p5/seed_42/splits/mnist_split_seed42_clients5_alpha0p3_ref200.json,0.5,16,fc1,2,1,0.9715573787689209,0.9748572111129761,200
cka_feddst,mnist,0.8,42,results/logs/cka_strength_sweep/all_20260516_024344/strength_0p5/seed_42/splits/mnist_split_seed42_clients5_alpha0p3_ref200.json,0.5,16,fc1,2,2,1.0,0.9748572111129761,200
cka_feddst,mnist,0.8,42,results/logs/cka_strength_sweep/all_20260516_024344/strength_0p5/seed_42/splits/mnist_split_seed42_clients5_alpha0p3_ref200.json,0.5,16,fc1,2,3,0.978068470954895,0.9748572111129761,200
cka_feddst,mnist,0.8,42,results/logs/cka_strength_sweep/all_20260516_024344/strength_0p5/seed_42/splits/mnist_split_seed42_clients5_alpha0p3_ref200.json,0.5,16,fc1,2,4,0.9569451212882996,0.9748572111129761,200
cka_feddst,mnist,0.8,42,results/logs/cka_strength_sweep/all_20260516_024344/strength_0p5/seed_42/splits/mnist_split_seed42_clients5_alpha0p3_ref200.json,0.5,16,fc1,3,0,0.977716863155365,0.9748572111129761,200
cka_feddst,mnist,0.8,42,results/logs/cka_strength_sweep/all_20260516_024344/strength_0p5/seed_42/splits/mnist_split_seed42_clients5_alpha0p3_ref200.json,0.5,16,fc1,3,1,0.9783061146736145,0.9748572111129761,200
cka_feddst,mnist,0.8,42,results/logs/cka_strength_sweep/all_20260516_024344/strength_0p5/seed_42/splits/mnist_split_seed42_clients5_alpha0p3_ref200.json,0.5,16,fc1,3,2,0.978068470954895,0.9748572111129761,200
cka_feddst,mnist,0.8,42,results/logs/cka_strength_sweep/all_20260516_024344/strength_0p5/seed_42/splits/mnist_split_seed42_clients5_alpha0p3_ref200.json,0.5,16,fc1,3,3,1.0,0.9748572111129761,200
cka_feddst,mnist,0.8,42,results/logs/cka_strength_sweep/all_20260516_024344/strength_0p5/seed_42/splits/mnist_split_seed42_clients5_alpha0p3_ref200.json,0.5,16,fc1,3,4,0.9555431008338928,0.9748572111129761,200
cka_feddst,mnist,0.8,42,results/logs/cka_strength_sweep/all_20260516_024344/strength_0p5/seed_42/splits/mnist_split_seed42_clients5_alpha0p3_ref200.json,0.5,16,fc1,4,0,0.9819806218147278,0.9748572111129761,200
cka_feddst,mnist,0.8,42,results/logs/cka_strength_sweep/all_20260516_024344/strength_0p5/seed_42/splits/mnist_split_seed42_clients5_alpha0p3_ref200.json,0.5,16,fc1,4,1,0.984375,0.9748572111129761,200
cka_feddst,mnist,0.8,42,results/logs/cka_strength_sweep/all_20260516_024344/strength_0p5/seed_42/splits/mnist_split_seed42_clients5_alpha0p3_ref200.json,0.5,16,fc1,4,2,0.9569451212882996,0.9748572111129761,200
cka_feddst,mnist,0.8,42,results/logs/cka_strength_sweep/all_20260516_024344/strength_0p5/seed_42/splits/mnist_split_seed42_clients5_alpha0p3_ref200.json,0.5,16,fc1,4,3,0.9555431008338928,0.9748572111129761,200
cka_feddst,mnist,0.8,42,results/logs/cka_strength_sweep/all_20260516_024344/strength_0p5/seed_42/splits/mnist_split_seed42_clients5_alpha0p3_ref200.json,0.5,16,fc1,4,4,1.0,0.9748572111129761,200
cka_feddst,mnist,0.8,42,results/logs/cka_strength_sweep/all_20260516_024344/strength_0p5/seed_42/splits/mnist_split_seed42_clients5_alpha0p3_ref200.json,0.5,18,conv1,0,0,1.0,1.0,200
cka_feddst,mnist,0.8,42,results/logs/cka_strength_sweep/all_20260516_024344/strength_0p5/seed_42/splits/mnist_split_seed42_clients5_alpha0p3_ref200.json,0.5,18,conv1,0,1,1.0,1.0,200
cka_feddst,mnist,0.8,42,results/logs/cka_strength_sweep/all_20260516_024344/strength_0p5/seed_42/splits/mnist_split_seed42_clients5_alpha0p3_ref200.json,0.5,18,conv1,0,2,1.0,1.0,200
cka_feddst,mnist,0.8,42,results/logs/cka_strength_sweep/all_20260516_024344/strength_0p5/seed_42/splits/mnist_split_seed42_clients5_alpha0p3_ref200.json,0.5,18,conv1,0,3,1.0,1.0,200
cka_feddst,mnist,0.8,42,results/logs/cka_strength_sweep/all_20260516_024344/strength_0p5/seed_42/splits/mnist_split_seed42_clients5_alpha0p3_ref200.json,0.5,18,conv1,0,4,1.0,1.0,200
cka_feddst,mnist,0.8,42,results/logs/cka_strength_sweep/all_20260516_024344/strength_0p5/seed_42/splits/mnist_split_seed42_clients5_alpha0p3_ref200.json,0.5,18,conv1,1,0,1.0,1.0,200
cka_feddst,mnist,0.8,42,results/logs/cka_strength_sweep/all_20260516_024344/strength_0p5/seed_42/splits/mnist_split_seed42_clients5_alpha0p3_ref200.json,0.5,18,conv1,1,1,1.0,1.0,200
cka_feddst,mnist,0.8,42,results/logs/cka_strength_sweep/all_20260516_024344/strength_0p5/seed_42/splits/mnist_split_seed42_clients5_alpha0p3_ref200.json,0.5,18,conv1,1,2,1.0,1.0,200
cka_feddst,mnist,0.8,42,results/logs/cka_strength_sweep/all_20260516_024344/strength_0p5/seed_42/splits/mnist_split_seed42_clients5_alpha0p3_ref200.json,0.5,18,conv1,1,3,1.0,1.0,200
cka_feddst,mnist,0.8,42,results/logs/cka_strength_sweep/all_20260516_024344/strength_0p5/seed_42/splits/mnist_split_seed42_clients5_alpha0p3_ref200.json,0.5,18,conv1,1,4,1.0,1.0,200
cka_feddst,mnist,0.8,42,results/logs/cka_strength_sweep/all_20260516_024344/strength_0p5/seed_42/splits/mnist_split_seed42_clients5_alpha0p3_ref200.json,0.5,18,conv1,2,0,1.0,1.0,200
cka_feddst,mnist,0.8,42,results/logs/cka_strength_sweep/all_20260516_024344/strength_0p5/seed_42/splits/mnist_split_seed42_clients5_alpha0p3_ref200.json,0.5,18,conv1,2,1,1.0,1.0,200
cka_feddst,mnist,0.8,42,results/logs/cka_strength_sweep/all_20260516_024344/strength_0p5/seed_42/splits/mnist_split_seed42_clients5_alpha0p3_ref200.json,0.5,18,conv1,2,2,1.0,1.0,200
cka_feddst,mnist,0.8,42,results/logs/cka_strength_sweep/all_20260516_024344/strength_0p5/seed_42/splits/mnist_split_seed42_clients5_alpha0p3_ref200.json,0.5,18,conv1,2,3,1.0,1.0,200
cka_feddst,mnist,0.8,42,results/logs/cka_strength_sweep/all_20260516_024344/strength_0p5/seed_42/splits/mnist_split_seed42_clients5_alpha0p3_ref200.json,0.5,18,conv1,2,4,0.9999998807907104,1.0,200
cka_feddst,mnist,0.8,42,results/logs/cka_strength_sweep/all_20260516_024344/strength_0p5/seed_42/splits/mnist_split_seed42_clients5_alpha0p3_ref200.json,0.5,18,conv1,3,0,1.0,1.0,200
cka_feddst,mnist,0.8,42,results/logs/cka_strength_sweep/all_20260516_024344/strength_0p5/seed_42/splits/mnist_split_seed42_clients5_alpha0p3_ref200.json,0.5,18,conv1,3,1,1.0,1.0,200
cka_feddst,mnist,0.8,42,results/logs/cka_strength_sweep/all_20260516_024344/strength_0p5/seed_42/splits/mnist_split_seed42_clients5_alpha0p3_ref200.json,0.5,18,conv1,3,2,1.0,1.0,200
cka_feddst,mnist,0.8,42,results/logs/cka_strength_sweep/all_20260516_024344/strength_0p5/seed_42/splits/mnist_split_seed42_clients5_alpha0p3_ref200.json,0.5,18,conv1,3,3,1.0,1.0,200
cka_feddst,mnist,0.8,42,results/logs/cka_strength_sweep/all_20260516_024344/strength_0p5/seed_42/splits/mnist_split_seed42_clients5_alpha0p3_ref200.json,0.5,18,conv1,3,4,0.9999995827674866,1.0,200
cka_feddst,mnist,0.8,42,results/logs/cka_strength_sweep/all_20260516_024344/strength_0p5/seed_42/splits/mnist_split_seed42_clients5_alpha0p3_ref200.json,0.5,18,conv1,4,0,1.0,1.0,200
cka_feddst,mnist,0.8,42,results/logs/cka_strength_sweep/all_20260516_024344/strength_0p5/seed_42/splits/mnist_split_seed42_clients5_alpha0p3_ref200.json,0.5,18,conv1,4,1,1.0,1.0,200
cka_feddst,mnist,0.8,42,results/logs/cka_strength_sweep/all_20260516_024344/strength_0p5/seed_42/splits/mnist_split_seed42_clients5_alpha0p3_ref200.json,0.5,18,conv1,4,2,0.9999998807907104,1.0,200
cka_feddst,mnist,0.8,42,results/logs/cka_strength_sweep/all_20260516_024344/strength_0p5/seed_42/splits/mnist_split_seed42_clients5_alpha0p3_ref200.json,0.5,18,conv1,4,3,0.9999995827674866,1.0,200
cka_feddst,mnist,0.8,42,results/logs/cka_strength_sweep/all_20260516_024344/strength_0p5/seed_42/splits/mnist_split_seed42_clients5_alpha0p3_ref200.json,0.5,18,conv1,4,4,1.0,1.0,200
cka_feddst,mnist,0.8,42,results/logs/cka_strength_sweep/all_20260516_024344/strength_0p5/seed_42/splits/mnist_split_seed42_clients5_alpha0p3_ref200.json,0.5,18,conv2,0,0,1.0,0.9999910593032837,200
cka_feddst,mnist,0.8,42,results/logs/cka_strength_sweep/all_20260516_024344/strength_0p5/seed_42/splits/mnist_split_seed42_clients5_alpha0p3_ref200.json,0.5,18,conv2,0,1,0.9999944567680359,0.9999910593032837,200
cka_feddst,mnist,0.8,42,results/logs/cka_strength_sweep/all_20260516_024344/strength_0p5/seed_42/splits/mnist_split_seed42_clients5_alpha0p3_ref200.json,0.5,18,conv2,0,2,0.999995231628418,0.9999910593032837,200
cka_feddst,mnist,0.8,42,results/logs/cka_strength_sweep/all_20260516_024344/strength_0p5/seed_42/splits/mnist_split_seed42_clients5_alpha0p3_ref200.json,0.5,18,conv2,0,3,0.9999967813491821,0.9999910593032837,200
cka_feddst,mnist,0.8,42,results/logs/cka_strength_sweep/all_20260516_024344/strength_0p5/seed_42/splits/mnist_split_seed42_clients5_alpha0p3_ref200.json,0.5,18,conv2,0,4,0.9999900460243225,0.9999910593032837,200
cka_feddst,mnist,0.8,42,results/logs/cka_strength_sweep/all_20260516_024344/strength_0p5/seed_42/splits/mnist_split_seed42_clients5_alpha0p3_ref200.json,0.5,18,conv2,1,0,0.9999944567680359,0.9999910593032837,200
cka_feddst,mnist,0.8,42,results/logs/cka_strength_sweep/all_20260516_024344/strength_0p5/seed_42/splits/mnist_split_seed42_clients5_alpha0p3_ref200.json,0.5,18,conv2,1,1,1.0,0.9999910593032837,200
cka_feddst,mnist,0.8,42,results/logs/cka_strength_sweep/all_20260516_024344/strength_0p5/seed_42/splits/mnist_split_seed42_clients5_alpha0p3_ref200.json,0.5,18,conv2,1,2,0.99998939037323,0.9999910593032837,200
cka_feddst,mnist,0.8,42,results/logs/cka_strength_sweep/all_20260516_024344/strength_0p5/seed_42/splits/mnist_split_seed42_clients5_alpha0p3_ref200.json,0.5,18,conv2,1,3,0.9999868869781494,0.9999910593032837,200
cka_feddst,mnist,0.8,42,results/logs/cka_strength_sweep/all_20260516_024344/strength_0p5/seed_42/splits/mnist_split_seed42_clients5_alpha0p3_ref200.json,0.5,18,conv2,1,4,0.9999983906745911,0.9999910593032837,200
cka_feddst,mnist,0.8,42,results/logs/cka_strength_sweep/all_20260516_024344/strength_0p5/seed_42/splits/mnist_split_seed42_clients5_alpha0p3_ref200.json,0.5,18,conv2,2,0,0.999995231628418,0.9999910593032837,200
cka_feddst,mnist,0.8,42,results/logs/cka_strength_sweep/all_20260516_024344/strength_0p5/seed_42/splits/mnist_split_seed42_clients5_alpha0p3_ref200.json,0.5,18,conv2,2,1,0.99998939037323,0.9999910593032837,200
cka_feddst,mnist,0.8,42,results/logs/cka_strength_sweep/all_20260516_024344/strength_0p5/seed_42/splits/mnist_split_seed42_clients5_alpha0p3_ref200.json,0.5,18,conv2,2,2,1.0,0.9999910593032837,200
cka_feddst,mnist,0.8,42,results/logs/cka_strength_sweep/all_20260516_024344/strength_0p5/seed_42/splits/mnist_split_seed42_clients5_alpha0p3_ref200.json,0.5,18,conv2,2,3,0.9999927282333374,0.9999910593032837,200
cka_feddst,mnist,0.8,42,results/logs/cka_strength_sweep/all_20260516_024344/strength_0p5/seed_42/splits/mnist_split_seed42_clients5_alpha0p3_ref200.json,0.5,18,conv2,2,4,0.9999886155128479,0.9999910593032837,200
cka_feddst,mnist,0.8,42,results/logs/cka_strength_sweep/all_20260516_024344/strength_0p5/seed_42/splits/mnist_split_seed42_clients5_alpha0p3_ref200.json,0.5,18,conv2,3,0,0.9999967813491821,0.9999910593032837,200
cka_feddst,mnist,0.8,42,results/logs/cka_strength_sweep/all_20260516_024344/strength_0p5/seed_42/splits/mnist_split_seed42_clients5_alpha0p3_ref200.json,0.5,18,conv2,3,1,0.9999868869781494,0.9999910593032837,200
cka_feddst,mnist,0.8,42,results/logs/cka_strength_sweep/all_20260516_024344/strength_0p5/seed_42/splits/mnist_split_seed42_clients5_alpha0p3_ref200.json,0.5,18,conv2,3,2,0.9999927282333374,0.9999910593032837,200
cka_feddst,mnist,0.8,42,results/logs/cka_strength_sweep/all_20260516_024344/strength_0p5/seed_42/splits/mnist_split_seed42_clients5_alpha0p3_ref200.json,0.5,18,conv2,3,3,1.0,0.9999910593032837,200
cka_feddst,mnist,0.8,42,results/logs/cka_strength_sweep/all_20260516_024344/strength_0p5/seed_42/splits/mnist_split_seed42_clients5_alpha0p3_ref200.json,0.5,18,conv2,3,4,0.9999781250953674,0.9999910593032837,200
cka_feddst,mnist,0.8,42,results/logs/cka_strength_sweep/all_20260516_024344/strength_0p5/seed_42/splits/mnist_split_seed42_clients5_alpha0p3_ref200.json,0.5,18,conv2,4,0,0.9999900460243225,0.9999910593032837,200
cka_feddst,mnist,0.8,42,results/logs/cka_strength_sweep/all_20260516_024344/strength_0p5/seed_42/splits/mnist_split_seed42_clients5_alpha0p3_ref200.json,0.5,18,conv2,4,1,0.9999983906745911,0.9999910593032837,200
cka_feddst,mnist,0.8,42,results/logs/cka_strength_sweep/all_20260516_024344/strength_0p5/seed_42/splits/mnist_split_seed42_clients5_alpha0p3_ref200.json,0.5,18,conv2,4,2,0.9999886155128479,0.9999910593032837,200
cka_feddst,mnist,0.8,42,results/logs/cka_strength_sweep/all_20260516_024344/strength_0p5/seed_42/splits/mnist_split_seed42_clients5_alpha0p3_ref200.json,0.5,18,conv2,4,3,0.9999781250953674,0.9999910593032837,200
cka_feddst,mnist,0.8,42,results/logs/cka_strength_sweep/all_20260516_024344/strength_0p5/seed_42/splits/mnist_split_seed42_clients5_alpha0p3_ref200.json,0.5,18,conv2,4,4,1.0,0.9999910593032837,200
cka_feddst,mnist,0.8,42,results/logs/cka_strength_sweep/all_20260516_024344/strength_0p5/seed_42/splits/mnist_split_seed42_clients5_alpha0p3_ref200.json,0.5,18,fc1,0,0,1.0,0.9753923416137695,200
cka_feddst,mnist,0.8,42,results/logs/cka_strength_sweep/all_20260516_024344/strength_0p5/seed_42/splits/mnist_split_seed42_clients5_alpha0p3_ref200.json,0.5,18,fc1,0,1,0.9809016585350037,0.9753923416137695,200
cka_feddst,mnist,0.8,42,results/logs/cka_strength_sweep/all_20260516_024344/strength_0p5/seed_42/splits/mnist_split_seed42_clients5_alpha0p3_ref200.json,0.5,18,fc1,0,2,0.978996992111206,0.9753923416137695,200
cka_feddst,mnist,0.8,42,results/logs/cka_strength_sweep/all_20260516_024344/strength_0p5/seed_42/splits/mnist_split_seed42_clients5_alpha0p3_ref200.json,0.5,18,fc1,0,3,0.9763965010643005,0.9753923416137695,200
cka_feddst,mnist,0.8,42,results/logs/cka_strength_sweep/all_20260516_024344/strength_0p5/seed_42/splits/mnist_split_seed42_clients5_alpha0p3_ref200.json,0.5,18,fc1,0,4,0.9824490547180176,0.9753923416137695,200
cka_feddst,mnist,0.8,42,results/logs/cka_strength_sweep/all_20260516_024344/strength_0p5/seed_42/splits/mnist_split_seed42_clients5_alpha0p3_ref200.json,0.5,18,fc1,1,0,0.9809016585350037,0.9753923416137695,200
cka_feddst,mnist,0.8,42,results/logs/cka_strength_sweep/all_20260516_024344/strength_0p5/seed_42/splits/mnist_split_seed42_clients5_alpha0p3_ref200.json,0.5,18,fc1,1,1,1.0,0.9753923416137695,200
cka_feddst,mnist,0.8,42,results/logs/cka_strength_sweep/all_20260516_024344/strength_0p5/seed_42/splits/mnist_split_seed42_clients5_alpha0p3_ref200.json,0.5,18,fc1,1,2,0.970788836479187,0.9753923416137695,200
cka_feddst,mnist,0.8,42,results/logs/cka_strength_sweep/all_20260516_024344/strength_0p5/seed_42/splits/mnist_split_seed42_clients5_alpha0p3_ref200.json,0.5,18,fc1,1,3,0.9740013480186462,0.9753923416137695,200
cka_feddst,mnist,0.8,42,results/logs/cka_strength_sweep/all_20260516_024344/strength_0p5/seed_42/splits/mnist_split_seed42_clients5_alpha0p3_ref200.json,0.5,18,fc1,1,4,0.9818834662437439,0.9753923416137695,200
cka_feddst,mnist,0.8,42,results/logs/cka_strength_sweep/all_20260516_024344/strength_0p5/seed_42/splits/mnist_split_seed42_clients5_alpha0p3_ref200.json,0.5,18,fc1,2,0,0.978996992111206,0.9753923416137695,200
cka_feddst,mnist,0.8,42,results/logs/cka_strength_sweep/all_20260516_024344/strength_0p5/seed_42/splits/mnist_split_seed42_clients5_alpha0p3_ref200.json,0.5,18,fc1,2,1,0.970788836479187,0.9753923416137695,200
cka_feddst,mnist,0.8,42,results/logs/cka_strength_sweep/all_20260516_024344/strength_0p5/seed_42/splits/mnist_split_seed42_clients5_alpha0p3_ref200.json,0.5,18,fc1,2,2,1.0,0.9753923416137695,200
cka_feddst,mnist,0.8,42,results/logs/cka_strength_sweep/all_20260516_024344/strength_0p5/seed_42/splits/mnist_split_seed42_clients5_alpha0p3_ref200.json,0.5,18,fc1,2,3,0.9802275896072388,0.9753923416137695,200
cka_feddst,mnist,0.8,42,results/logs/cka_strength_sweep/all_20260516_024344/strength_0p5/seed_42/splits/mnist_split_seed42_clients5_alpha0p3_ref200.json,0.5,18,fc1,2,4,0.967716634273529,0.9753923416137695,200
cka_feddst,mnist,0.8,42,results/logs/cka_strength_sweep/all_20260516_024344/strength_0p5/seed_42/splits/mnist_split_seed42_clients5_alpha0p3_ref200.json,0.5,18,fc1,3,0,0.9763965010643005,0.9753923416137695,200
cka_feddst,mnist,0.8,42,results/logs/cka_strength_sweep/all_20260516_024344/strength_0p5/seed_42/splits/mnist_split_seed42_clients5_alpha0p3_ref200.json,0.5,18,fc1,3,1,0.9740013480186462,0.9753923416137695,200
cka_feddst,mnist,0.8,42,results/logs/cka_strength_sweep/all_20260516_024344/strength_0p5/seed_42/splits/mnist_split_seed42_clients5_alpha0p3_ref200.json,0.5,18,fc1,3,2,0.9802275896072388,0.9753923416137695,200
cka_feddst,mnist,0.8,42,results/logs/cka_strength_sweep/all_20260516_024344/strength_0p5/seed_42/splits/mnist_split_seed42_clients5_alpha0p3_ref200.json,0.5,18,fc1,3,3,1.0,0.9753923416137695,200
cka_feddst,mnist,0.8,42,results/logs/cka_strength_sweep/all_20260516_024344/strength_0p5/seed_42/splits/mnist_split_seed42_clients5_alpha0p3_ref200.json,0.5,18,fc1,3,4,0.9605616927146912,0.9753923416137695,200
cka_feddst,mnist,0.8,42,results/logs/cka_strength_sweep/all_20260516_024344/strength_0p5/seed_42/splits/mnist_split_seed42_clients5_alpha0p3_ref200.json,0.5,18,fc1,4,0,0.9824490547180176,0.9753923416137695,200
cka_feddst,mnist,0.8,42,results/logs/cka_strength_sweep/all_20260516_024344/strength_0p5/seed_42/splits/mnist_split_seed42_clients5_alpha0p3_ref200.json,0.5,18,fc1,4,1,0.9818834662437439,0.9753923416137695,200
cka_feddst,mnist,0.8,42,results/logs/cka_strength_sweep/all_20260516_024344/strength_0p5/seed_42/splits/mnist_split_seed42_clients5_alpha0p3_ref200.json,0.5,18,fc1,4,2,0.967716634273529,0.9753923416137695,200
cka_feddst,mnist,0.8,42,results/logs/cka_strength_sweep/all_20260516_024344/strength_0p5/seed_42/splits/mnist_split_seed42_clients5_alpha0p3_ref200.json,0.5,18,fc1,4,3,0.9605616927146912,0.9753923416137695,200
cka_feddst,mnist,0.8,42,results/logs/cka_strength_sweep/all_20260516_024344/strength_0p5/seed_42/splits/mnist_split_seed42_clients5_alpha0p3_ref200.json,0.5,18,fc1,4,4,1.0,0.9753923416137695,200
cka_feddst,mnist,0.8,42,results/logs/cka_strength_sweep/all_20260516_024344/strength_0p5/seed_42/splits/mnist_split_seed42_clients5_alpha0p3_ref200.json,0.5,20,conv1,0,0,1.0,0.9999998211860657,200
cka_feddst,mnist,0.8,42,results/logs/cka_strength_sweep/all_20260516_024344/strength_0p5/seed_42/splits/mnist_split_seed42_clients5_alpha0p3_ref200.json,0.5,20,conv1,0,1,1.0,0.9999998211860657,200
cka_feddst,mnist,0.8,42,results/logs/cka_strength_sweep/all_20260516_024344/strength_0p5/seed_42/splits/mnist_split_seed42_clients5_alpha0p3_ref200.json,0.5,20,conv1,0,2,1.0,0.9999998211860657,200
cka_feddst,mnist,0.8,42,results/logs/cka_strength_sweep/all_20260516_024344/strength_0p5/seed_42/splits/mnist_split_seed42_clients5_alpha0p3_ref200.json,0.5,20,conv1,0,3,0.9999998807907104,0.9999998211860657,200
cka_feddst,mnist,0.8,42,results/logs/cka_strength_sweep/all_20260516_024344/strength_0p5/seed_42/splits/mnist_split_seed42_clients5_alpha0p3_ref200.json,0.5,20,conv1,0,4,0.9999995231628418,0.9999998211860657,200
cka_feddst,mnist,0.8,42,results/logs/cka_strength_sweep/all_20260516_024344/strength_0p5/seed_42/splits/mnist_split_seed42_clients5_alpha0p3_ref200.json,0.5,20,conv1,1,0,1.0,0.9999998211860657,200
cka_feddst,mnist,0.8,42,results/logs/cka_strength_sweep/all_20260516_024344/strength_0p5/seed_42/splits/mnist_split_seed42_clients5_alpha0p3_ref200.json,0.5,20,conv1,1,1,1.0,0.9999998211860657,200
cka_feddst,mnist,0.8,42,results/logs/cka_strength_sweep/all_20260516_024344/strength_0p5/seed_42/splits/mnist_split_seed42_clients5_alpha0p3_ref200.json,0.5,20,conv1,1,2,1.0,0.9999998211860657,200
cka_feddst,mnist,0.8,42,results/logs/cka_strength_sweep/all_20260516_024344/strength_0p5/seed_42/splits/mnist_split_seed42_clients5_alpha0p3_ref200.json,0.5,20,conv1,1,3,1.0,0.9999998211860657,200
cka_feddst,mnist,0.8,42,results/logs/cka_strength_sweep/all_20260516_024344/strength_0p5/seed_42/splits/mnist_split_seed42_clients5_alpha0p3_ref200.json,0.5,20,conv1,1,4,1.0,0.9999998211860657,200
cka_feddst,mnist,0.8,42,results/logs/cka_strength_sweep/all_20260516_024344/strength_0p5/seed_42/splits/mnist_split_seed42_clients5_alpha0p3_ref200.json,0.5,20,conv1,2,0,1.0,0.9999998211860657,200
cka_feddst,mnist,0.8,42,results/logs/cka_strength_sweep/all_20260516_024344/strength_0p5/seed_42/splits/mnist_split_seed42_clients5_alpha0p3_ref200.json,0.5,20,conv1,2,1,1.0,0.9999998211860657,200
cka_feddst,mnist,0.8,42,results/logs/cka_strength_sweep/all_20260516_024344/strength_0p5/seed_42/splits/mnist_split_seed42_clients5_alpha0p3_ref200.json,0.5,20,conv1,2,2,1.0,0.9999998211860657,200
cka_feddst,mnist,0.8,42,results/logs/cka_strength_sweep/all_20260516_024344/strength_0p5/seed_42/splits/mnist_split_seed42_clients5_alpha0p3_ref200.json,0.5,20,conv1,2,3,0.9999997019767761,0.9999998211860657,200
cka_feddst,mnist,0.8,42,results/logs/cka_strength_sweep/all_20260516_024344/strength_0p5/seed_42/splits/mnist_split_seed42_clients5_alpha0p3_ref200.json,0.5,20,conv1,2,4,0.9999994039535522,0.9999998211860657,200
cka_feddst,mnist,0.8,42,results/logs/cka_strength_sweep/all_20260516_024344/strength_0p5/seed_42/splits/mnist_split_seed42_clients5_alpha0p3_ref200.json,0.5,20,conv1,3,0,0.9999998807907104,0.9999998211860657,200
cka_feddst,mnist,0.8,42,results/logs/cka_strength_sweep/all_20260516_024344/strength_0p5/seed_42/splits/mnist_split_seed42_clients5_alpha0p3_ref200.json,0.5,20,conv1,3,1,1.0,0.9999998211860657,200
cka_feddst,mnist,0.8,42,results/logs/cka_strength_sweep/all_20260516_024344/strength_0p5/seed_42/splits/mnist_split_seed42_clients5_alpha0p3_ref200.json,0.5,20,conv1,3,2,0.9999997019767761,0.9999998211860657,200
cka_feddst,mnist,0.8,42,results/logs/cka_strength_sweep/all_20260516_024344/strength_0p5/seed_42/splits/mnist_split_seed42_clients5_alpha0p3_ref200.json,0.5,20,conv1,3,3,1.0,0.9999998211860657,200
cka_feddst,mnist,0.8,42,results/logs/cka_strength_sweep/all_20260516_024344/strength_0p5/seed_42/splits/mnist_split_seed42_clients5_alpha0p3_ref200.json,0.5,20,conv1,3,4,0.999998927116394,0.9999998211860657,200
cka_feddst,mnist,0.8,42,results/logs/cka_strength_sweep/all_20260516_024344/strength_0p5/seed_42/splits/mnist_split_seed42_clients5_alpha0p3_ref200.json,0.5,20,conv1,4,0,0.9999995231628418,0.9999998211860657,200
cka_feddst,mnist,0.8,42,results/logs/cka_strength_sweep/all_20260516_024344/strength_0p5/seed_42/splits/mnist_split_seed42_clients5_alpha0p3_ref200.json,0.5,20,conv1,4,1,1.0,0.9999998211860657,200
cka_feddst,mnist,0.8,42,results/logs/cka_strength_sweep/all_20260516_024344/strength_0p5/seed_42/splits/mnist_split_seed42_clients5_alpha0p3_ref200.json,0.5,20,conv1,4,2,0.9999994039535522,0.9999998211860657,200
cka_feddst,mnist,0.8,42,results/logs/cka_strength_sweep/all_20260516_024344/strength_0p5/seed_42/splits/mnist_split_seed42_clients5_alpha0p3_ref200.json,0.5,20,conv1,4,3,0.999998927116394,0.9999998211860657,200
cka_feddst,mnist,0.8,42,results/logs/cka_strength_sweep/all_20260516_024344/strength_0p5/seed_42/splits/mnist_split_seed42_clients5_alpha0p3_ref200.json,0.5,20,conv1,4,4,1.0,0.9999998211860657,200
cka_feddst,mnist,0.8,42,results/logs/cka_strength_sweep/all_20260516_024344/strength_0p5/seed_42/splits/mnist_split_seed42_clients5_alpha0p3_ref200.json,0.5,20,conv2,0,0,1.0,0.9999904632568359,200
cka_feddst,mnist,0.8,42,results/logs/cka_strength_sweep/all_20260516_024344/strength_0p5/seed_42/splits/mnist_split_seed42_clients5_alpha0p3_ref200.json,0.5,20,conv2,0,1,0.9999958872795105,0.9999904632568359,200
cka_feddst,mnist,0.8,42,results/logs/cka_strength_sweep/all_20260516_024344/strength_0p5/seed_42/splits/mnist_split_seed42_clients5_alpha0p3_ref200.json,0.5,20,conv2,0,2,0.9999938607215881,0.9999904632568359,200
cka_feddst,mnist,0.8,42,results/logs/cka_strength_sweep/all_20260516_024344/strength_0p5/seed_42/splits/mnist_split_seed42_clients5_alpha0p3_ref200.json,0.5,20,conv2,0,3,0.9999940395355225,0.9999904632568359,200
cka_feddst,mnist,0.8,42,results/logs/cka_strength_sweep/all_20260516_024344/strength_0p5/seed_42/splits/mnist_split_seed42_clients5_alpha0p3_ref200.json,0.5,20,conv2,0,4,0.9999896287918091,0.9999904632568359,200
cka_feddst,mnist,0.8,42,results/logs/cka_strength_sweep/all_20260516_024344/strength_0p5/seed_42/splits/mnist_split_seed42_clients5_alpha0p3_ref200.json,0.5,20,conv2,1,0,0.9999958872795105,0.9999904632568359,200
cka_feddst,mnist,0.8,42,results/logs/cka_strength_sweep/all_20260516_024344/strength_0p5/seed_42/splits/mnist_split_seed42_clients5_alpha0p3_ref200.json,0.5,20,conv2,1,1,1.0,0.9999904632568359,200
cka_feddst,mnist,0.8,42,results/logs/cka_strength_sweep/all_20260516_024344/strength_0p5/seed_42/splits/mnist_split_seed42_clients5_alpha0p3_ref200.json,0.5,20,conv2,1,2,0.9999902844429016,0.9999904632568359,200
cka_feddst,mnist,0.8,42,results/logs/cka_strength_sweep/all_20260516_024344/strength_0p5/seed_42/splits/mnist_split_seed42_clients5_alpha0p3_ref200.json,0.5,20,conv2,1,3,0.9999909996986389,0.9999904632568359,200
cka_feddst,mnist,0.8,42,results/logs/cka_strength_sweep/all_20260516_024344/strength_0p5/seed_42/splits/mnist_split_seed42_clients5_alpha0p3_ref200.json,0.5,20,conv2,1,4,0.9999961853027344,0.9999904632568359,200
cka_feddst,mnist,0.8,42,results/logs/cka_strength_sweep/all_20260516_024344/strength_0p5/seed_42/splits/mnist_split_seed42_clients5_alpha0p3_ref200.json,0.5,20,conv2,2,0,0.9999938607215881,0.9999904632568359,200
cka_feddst,mnist,0.8,42,results/logs/cka_strength_sweep/all_20260516_024344/strength_0p5/seed_42/splits/mnist_split_seed42_clients5_alpha0p3_ref200.json,0.5,20,conv2,2,1,0.9999902844429016,0.9999904632568359,200
cka_feddst,mnist,0.8,42,results/logs/cka_strength_sweep/all_20260516_024344/strength_0p5/seed_42/splits/mnist_split_seed42_clients5_alpha0p3_ref200.json,0.5,20,conv2,2,2,1.0,0.9999904632568359,200
cka_feddst,mnist,0.8,42,results/logs/cka_strength_sweep/all_20260516_024344/strength_0p5/seed_42/splits/mnist_split_seed42_clients5_alpha0p3_ref200.json,0.5,20,conv2,2,3,0.999988317489624,0.9999904632568359,200
cka_feddst,mnist,0.8,42,results/logs/cka_strength_sweep/all_20260516_024344/strength_0p5/seed_42/splits/mnist_split_seed42_clients5_alpha0p3_ref200.json,0.5,20,conv2,2,4,0.9999876022338867,0.9999904632568359,200
cka_feddst,mnist,0.8,42,results/logs/cka_strength_sweep/all_20260516_024344/strength_0p5/seed_42/splits/mnist_split_seed42_clients5_alpha0p3_ref200.json,0.5,20,conv2,3,0,0.9999940395355225,0.9999904632568359,200
cka_feddst,mnist,0.8,42,results/logs/cka_strength_sweep/all_20260516_024344/strength_0p5/seed_42/splits/mnist_split_seed42_clients5_alpha0p3_ref200.json,0.5,20,conv2,3,1,0.9999909996986389,0.9999904632568359,200
cka_feddst,mnist,0.8,42,results/logs/cka_strength_sweep/all_20260516_024344/strength_0p5/seed_42/splits/mnist_split_seed42_clients5_alpha0p3_ref200.json,0.5,20,conv2,3,2,0.999988317489624,0.9999904632568359,200
cka_feddst,mnist,0.8,42,results/logs/cka_strength_sweep/all_20260516_024344/strength_0p5/seed_42/splits/mnist_split_seed42_clients5_alpha0p3_ref200.json,0.5,20,conv2,3,3,1.0,0.9999904632568359,200
cka_feddst,mnist,0.8,42,results/logs/cka_strength_sweep/all_20260516_024344/strength_0p5/seed_42/splits/mnist_split_seed42_clients5_alpha0p3_ref200.json,0.5,20,conv2,3,4,0.9999770522117615,0.9999904632568359,200
cka_feddst,mnist,0.8,42,results/logs/cka_strength_sweep/all_20260516_024344/strength_0p5/seed_42/splits/mnist_split_seed42_clients5_alpha0p3_ref200.json,0.5,20,conv2,4,0,0.9999896287918091,0.9999904632568359,200
cka_feddst,mnist,0.8,42,results/logs/cka_strength_sweep/all_20260516_024344/strength_0p5/seed_42/splits/mnist_split_seed42_clients5_alpha0p3_ref200.json,0.5,20,conv2,4,1,0.9999961853027344,0.9999904632568359,200
cka_feddst,mnist,0.8,42,results/logs/cka_strength_sweep/all_20260516_024344/strength_0p5/seed_42/splits/mnist_split_seed42_clients5_alpha0p3_ref200.json,0.5,20,conv2,4,2,0.9999876022338867,0.9999904632568359,200
cka_feddst,mnist,0.8,42,results/logs/cka_strength_sweep/all_20260516_024344/strength_0p5/seed_42/splits/mnist_split_seed42_clients5_alpha0p3_ref200.json,0.5,20,conv2,4,3,0.9999770522117615,0.9999904632568359,200
cka_feddst,mnist,0.8,42,results/logs/cka_strength_sweep/all_20260516_024344/strength_0p5/seed_42/splits/mnist_split_seed42_clients5_alpha0p3_ref200.json,0.5,20,conv2,4,4,1.0,0.9999904632568359,200
cka_feddst,mnist,0.8,42,results/logs/cka_strength_sweep/all_20260516_024344/strength_0p5/seed_42/splits/mnist_split_seed42_clients5_alpha0p3_ref200.json,0.5,20,fc1,0,0,1.0,0.9653708338737488,200
cka_feddst,mnist,0.8,42,results/logs/cka_strength_sweep/all_20260516_024344/strength_0p5/seed_42/splits/mnist_split_seed42_clients5_alpha0p3_ref200.json,0.5,20,fc1,0,1,0.9856030344963074,0.9653708338737488,200
cka_feddst,mnist,0.8,42,results/logs/cka_strength_sweep/all_20260516_024344/strength_0p5/seed_42/splits/mnist_split_seed42_clients5_alpha0p3_ref200.json,0.5,20,fc1,0,2,0.9672788977622986,0.9653708338737488,200
cka_feddst,mnist,0.8,42,results/logs/cka_strength_sweep/all_20260516_024344/strength_0p5/seed_42/splits/mnist_split_seed42_clients5_alpha0p3_ref200.json,0.5,20,fc1,0,3,0.9535739421844482,0.9653708338737488,200
cka_feddst,mnist,0.8,42,results/logs/cka_strength_sweep/all_20260516_024344/strength_0p5/seed_42/splits/mnist_split_seed42_clients5_alpha0p3_ref200.json,0.5,20,fc1,0,4,0.9834870100021362,0.9653708338737488,200
cka_feddst,mnist,0.8,42,results/logs/cka_strength_sweep/all_20260516_024344/strength_0p5/seed_42/splits/mnist_split_seed42_clients5_alpha0p3_ref200.json,0.5,20,fc1,1,0,0.9856030344963074,0.9653708338737488,200
cka_feddst,mnist,0.8,42,results/logs/cka_strength_sweep/all_20260516_024344/strength_0p5/seed_42/splits/mnist_split_seed42_clients5_alpha0p3_ref200.json,0.5,20,fc1,1,1,1.0,0.9653708338737488,200
cka_feddst,mnist,0.8,42,results/logs/cka_strength_sweep/all_20260516_024344/strength_0p5/seed_42/splits/mnist_split_seed42_clients5_alpha0p3_ref200.json,0.5,20,fc1,1,2,0.9666413068771362,0.9653708338737488,200
cka_feddst,mnist,0.8,42,results/logs/cka_strength_sweep/all_20260516_024344/strength_0p5/seed_42/splits/mnist_split_seed42_clients5_alpha0p3_ref200.json,0.5,20,fc1,1,3,0.9544188380241394,0.9653708338737488,200
cka_feddst,mnist,0.8,42,results/logs/cka_strength_sweep/all_20260516_024344/strength_0p5/seed_42/splits/mnist_split_seed42_clients5_alpha0p3_ref200.json,0.5,20,fc1,1,4,0.9847810864448547,0.9653708338737488,200
cka_feddst,mnist,0.8,42,results/logs/cka_strength_sweep/all_20260516_024344/strength_0p5/seed_42/splits/mnist_split_seed42_clients5_alpha0p3_ref200.json,0.5,20,fc1,2,0,0.9672788977622986,0.9653708338737488,200
cka_feddst,mnist,0.8,42,results/logs/cka_strength_sweep/all_20260516_024344/strength_0p5/seed_42/splits/mnist_split_seed42_clients5_alpha0p3_ref200.json,0.5,20,fc1,2,1,0.9666413068771362,0.9653708338737488,200
cka_feddst,mnist,0.8,42,results/logs/cka_strength_sweep/all_20260516_024344/strength_0p5/seed_42/splits/mnist_split_seed42_clients5_alpha0p3_ref200.json,0.5,20,fc1,2,2,1.0,0.9653708338737488,200
cka_feddst,mnist,0.8,42,results/logs/cka_strength_sweep/all_20260516_024344/strength_0p5/seed_42/splits/mnist_split_seed42_clients5_alpha0p3_ref200.json,0.5,20,fc1,2,3,0.9556047916412354,0.9653708338737488,200
cka_feddst,mnist,0.8,42,results/logs/cka_strength_sweep/all_20260516_024344/strength_0p5/seed_42/splits/mnist_split_seed42_clients5_alpha0p3_ref200.json,0.5,20,fc1,2,4,0.9560960531234741,0.9653708338737488,200
cka_feddst,mnist,0.8,42,results/logs/cka_strength_sweep/all_20260516_024344/strength_0p5/seed_42/splits/mnist_split_seed42_clients5_alpha0p3_ref200.json,0.5,20,fc1,3,0,0.9535739421844482,0.9653708338737488,200
cka_feddst,mnist,0.8,42,results/logs/cka_strength_sweep/all_20260516_024344/strength_0p5/seed_42/splits/mnist_split_seed42_clients5_alpha0p3_ref200.json,0.5,20,fc1,3,1,0.9544188380241394,0.9653708338737488,200
cka_feddst,mnist,0.8,42,results/logs/cka_strength_sweep/all_20260516_024344/strength_0p5/seed_42/splits/mnist_split_seed42_clients5_alpha0p3_ref200.json,0.5,20,fc1,3,2,0.9556047916412354,0.9653708338737488,200
cka_feddst,mnist,0.8,42,results/logs/cka_strength_sweep/all_20260516_024344/strength_0p5/seed_42/splits/mnist_split_seed42_clients5_alpha0p3_ref200.json,0.5,20,fc1,3,3,1.0,0.9653708338737488,200
cka_feddst,mnist,0.8,42,results/logs/cka_strength_sweep/all_20260516_024344/strength_0p5/seed_42/splits/mnist_split_seed42_clients5_alpha0p3_ref200.json,0.5,20,fc1,3,4,0.9462242126464844,0.9653708338737488,200
cka_feddst,mnist,0.8,42,results/logs/cka_strength_sweep/all_20260516_024344/strength_0p5/seed_42/splits/mnist_split_seed42_clients5_alpha0p3_ref200.json,0.5,20,fc1,4,0,0.9834870100021362,0.9653708338737488,200
cka_feddst,mnist,0.8,42,results/logs/cka_strength_sweep/all_20260516_024344/strength_0p5/seed_42/splits/mnist_split_seed42_clients5_alpha0p3_ref200.json,0.5,20,fc1,4,1,0.9847810864448547,0.9653708338737488,200
cka_feddst,mnist,0.8,42,results/logs/cka_strength_sweep/all_20260516_024344/strength_0p5/seed_42/splits/mnist_split_seed42_clients5_alpha0p3_ref200.json,0.5,20,fc1,4,2,0.9560960531234741,0.9653708338737488,200
cka_feddst,mnist,0.8,42,results/logs/cka_strength_sweep/all_20260516_024344/strength_0p5/seed_42/splits/mnist_split_seed42_clients5_alpha0p3_ref200.json,0.5,20,fc1,4,3,0.9462242126464844,0.9653708338737488,200
cka_feddst,mnist,0.8,42,results/logs/cka_strength_sweep/all_20260516_024344/strength_0p5/seed_42/splits/mnist_split_seed42_clients5_alpha0p3_ref200.json,0.5,20,fc1,4,4,1.0,0.9653708338737488,200
