method,dataset,sparsity,seed,split_manifest_path,cka_strength,cka_signal,round,layer,client_i,client_j,cka,average_layer_cka,num_reference_samples
cka_feddst,cifar10,0.9,7,results/logs/multiseed/cifar10_drift_all/seed_7/splits/cifar10_split_seed7_clients5_alpha0p3_ref500.json,0.2,drift,2,conv1,0,0,1.0,1.0,500
cka_feddst,cifar10,0.9,7,results/logs/multiseed/cifar10_drift_all/seed_7/splits/cifar10_split_seed7_clients5_alpha0p3_ref500.json,0.2,drift,2,conv1,0,1,1.0,1.0,500
cka_feddst,cifar10,0.9,7,results/logs/multiseed/cifar10_drift_all/seed_7/splits/cifar10_split_seed7_clients5_alpha0p3_ref500.json,0.2,drift,2,conv1,0,2,1.0,1.0,500
cka_feddst,cifar10,0.9,7,results/logs/multiseed/cifar10_drift_all/seed_7/splits/cifar10_split_seed7_clients5_alpha0p3_ref500.json,0.2,drift,2,conv1,0,3,1.0,1.0,500
cka_feddst,cifar10,0.9,7,results/logs/multiseed/cifar10_drift_all/seed_7/splits/cifar10_split_seed7_clients5_alpha0p3_ref500.json,0.2,drift,2,conv1,0,4,1.0,1.0,500
cka_feddst,cifar10,0.9,7,results/logs/multiseed/cifar10_drift_all/seed_7/splits/cifar10_split_seed7_clients5_alpha0p3_ref500.json,0.2,drift,2,conv1,1,0,1.0,1.0,500
cka_feddst,cifar10,0.9,7,results/logs/multiseed/cifar10_drift_all/seed_7/splits/cifar10_split_seed7_clients5_alpha0p3_ref500.json,0.2,drift,2,conv1,1,1,1.0,1.0,500
cka_feddst,cifar10,0.9,7,results/logs/multiseed/cifar10_drift_all/seed_7/splits/cifar10_split_seed7_clients5_alpha0p3_ref500.json,0.2,drift,2,conv1,1,2,1.0,1.0,500
cka_feddst,cifar10,0.9,7,results/logs/multiseed/cifar10_drift_all/seed_7/splits/cifar10_split_seed7_clients5_alpha0p3_ref500.json,0.2,drift,2,conv1,1,3,1.0,1.0,500
cka_feddst,cifar10,0.9,7,results/logs/multiseed/cifar10_drift_all/seed_7/splits/cifar10_split_seed7_clients5_alpha0p3_ref500.json,0.2,drift,2,conv1,1,4,1.0,1.0,500
cka_feddst,cifar10,0.9,7,results/logs/multiseed/cifar10_drift_all/seed_7/splits/cifar10_split_seed7_clients5_alpha0p3_ref500.json,0.2,drift,2,conv1,2,0,1.0,1.0,500
cka_feddst,cifar10,0.9,7,results/logs/multiseed/cifar10_drift_all/seed_7/splits/cifar10_split_seed7_clients5_alpha0p3_ref500.json,0.2,drift,2,conv1,2,1,1.0,1.0,500
cka_feddst,cifar10,0.9,7,results/logs/multiseed/cifar10_drift_all/seed_7/splits/cifar10_split_seed7_clients5_alpha0p3_ref500.json,0.2,drift,2,conv1,2,2,1.0,1.0,500
cka_feddst,cifar10,0.9,7,results/logs/multiseed/cifar10_drift_all/seed_7/splits/cifar10_split_seed7_clients5_alpha0p3_ref500.json,0.2,drift,2,conv1,2,3,1.0,1.0,500
cka_feddst,cifar10,0.9,7,results/logs/multiseed/cifar10_drift_all/seed_7/splits/cifar10_split_seed7_clients5_alpha0p3_ref500.json,0.2,drift,2,conv1,2,4,1.0,1.0,500
cka_feddst,cifar10,0.9,7,results/logs/multiseed/cifar10_drift_all/seed_7/splits/cifar10_split_seed7_clients5_alpha0p3_ref500.json,0.2,drift,2,conv1,3,0,1.0,1.0,500
cka_feddst,cifar10,0.9,7,results/logs/multiseed/cifar10_drift_all/seed_7/splits/cifar10_split_seed7_clients5_alpha0p3_ref500.json,0.2,drift,2,conv1,3,1,1.0,1.0,500
cka_feddst,cifar10,0.9,7,results/logs/multiseed/cifar10_drift_all/seed_7/splits/cifar10_split_seed7_clients5_alpha0p3_ref500.json,0.2,drift,2,conv1,3,2,1.0,1.0,500
cka_feddst,cifar10,0.9,7,results/logs/multiseed/cifar10_drift_all/seed_7/splits/cifar10_split_seed7_clients5_alpha0p3_ref500.json,0.2,drift,2,conv1,3,3,1.0,1.0,500
cka_feddst,cifar10,0.9,7,results/logs/multiseed/cifar10_drift_all/seed_7/splits/cifar10_split_seed7_clients5_alpha0p3_ref500.json,0.2,drift,2,conv1,3,4,1.0,1.0,500
cka_feddst,cifar10,0.9,7,results/logs/multiseed/cifar10_drift_all/seed_7/splits/cifar10_split_seed7_clients5_alpha0p3_ref500.json,0.2,drift,2,conv1,4,0,1.0,1.0,500
cka_feddst,cifar10,0.9,7,results/logs/multiseed/cifar10_drift_all/seed_7/splits/cifar10_split_seed7_clients5_alpha0p3_ref500.json,0.2,drift,2,conv1,4,1,1.0,1.0,500
cka_feddst,cifar10,0.9,7,results/logs/multiseed/cifar10_drift_all/seed_7/splits/cifar10_split_seed7_clients5_alpha0p3_ref500.json,0.2,drift,2,conv1,4,2,1.0,1.0,500
cka_feddst,cifar10,0.9,7,results/logs/multiseed/cifar10_drift_all/seed_7/splits/cifar10_split_seed7_clients5_alpha0p3_ref500.json,0.2,drift,2,conv1,4,3,1.0,1.0,500
cka_feddst,cifar10,0.9,7,results/logs/multiseed/cifar10_drift_all/seed_7/splits/cifar10_split_seed7_clients5_alpha0p3_ref500.json,0.2,drift,2,conv1,4,4,1.0,1.0,500
cka_feddst,cifar10,0.9,7,results/logs/multiseed/cifar10_drift_all/seed_7/splits/cifar10_split_seed7_clients5_alpha0p3_ref500.json,0.2,drift,2,conv2,0,0,1.0,1.0,500
cka_feddst,cifar10,0.9,7,results/logs/multiseed/cifar10_drift_all/seed_7/splits/cifar10_split_seed7_clients5_alpha0p3_ref500.json,0.2,drift,2,conv2,0,1,1.0,1.0,500
cka_feddst,cifar10,0.9,7,results/logs/multiseed/cifar10_drift_all/seed_7/splits/cifar10_split_seed7_clients5_alpha0p3_ref500.json,0.2,drift,2,conv2,0,2,1.0,1.0,500
cka_feddst,cifar10,0.9,7,results/logs/multiseed/cifar10_drift_all/seed_7/splits/cifar10_split_seed7_clients5_alpha0p3_ref500.json,0.2,drift,2,conv2,0,3,1.0,1.0,500
cka_feddst,cifar10,0.9,7,results/logs/multiseed/cifar10_drift_all/seed_7/splits/cifar10_split_seed7_clients5_alpha0p3_ref500.json,0.2,drift,2,conv2,0,4,1.0,1.0,500
cka_feddst,cifar10,0.9,7,results/logs/multiseed/cifar10_drift_all/seed_7/splits/cifar10_split_seed7_clients5_alpha0p3_ref500.json,0.2,drift,2,conv2,1,0,1.0,1.0,500
cka_feddst,cifar10,0.9,7,results/logs/multiseed/cifar10_drift_all/seed_7/splits/cifar10_split_seed7_clients5_alpha0p3_ref500.json,0.2,drift,2,conv2,1,1,1.0,1.0,500
cka_feddst,cifar10,0.9,7,results/logs/multiseed/cifar10_drift_all/seed_7/splits/cifar10_split_seed7_clients5_alpha0p3_ref500.json,0.2,drift,2,conv2,1,2,1.0,1.0,500
cka_feddst,cifar10,0.9,7,results/logs/multiseed/cifar10_drift_all/seed_7/splits/cifar10_split_seed7_clients5_alpha0p3_ref500.json,0.2,drift,2,conv2,1,3,1.0,1.0,500
cka_feddst,cifar10,0.9,7,results/logs/multiseed/cifar10_drift_all/seed_7/splits/cifar10_split_seed7_clients5_alpha0p3_ref500.json,0.2,drift,2,conv2,1,4,1.0,1.0,500
cka_feddst,cifar10,0.9,7,results/logs/multiseed/cifar10_drift_all/seed_7/splits/cifar10_split_seed7_clients5_alpha0p3_ref500.json,0.2,drift,2,conv2,2,0,1.0,1.0,500
cka_feddst,cifar10,0.9,7,results/logs/multiseed/cifar10_drift_all/seed_7/splits/cifar10_split_seed7_clients5_alpha0p3_ref500.json,0.2,drift,2,conv2,2,1,1.0,1.0,500
cka_feddst,cifar10,0.9,7,results/logs/multiseed/cifar10_drift_all/seed_7/splits/cifar10_split_seed7_clients5_alpha0p3_ref500.json,0.2,drift,2,conv2,2,2,1.0,1.0,500
cka_feddst,cifar10,0.9,7,results/logs/multiseed/cifar10_drift_all/seed_7/splits/cifar10_split_seed7_clients5_alpha0p3_ref500.json,0.2,drift,2,conv2,2,3,1.0,1.0,500
cka_feddst,cifar10,0.9,7,results/logs/multiseed/cifar10_drift_all/seed_7/splits/cifar10_split_seed7_clients5_alpha0p3_ref500.json,0.2,drift,2,conv2,2,4,1.0,1.0,500
cka_feddst,cifar10,0.9,7,results/logs/multiseed/cifar10_drift_all/seed_7/splits/cifar10_split_seed7_clients5_alpha0p3_ref500.json,0.2,drift,2,conv2,3,0,1.0,1.0,500
cka_feddst,cifar10,0.9,7,results/logs/multiseed/cifar10_drift_all/seed_7/splits/cifar10_split_seed7_clients5_alpha0p3_ref500.json,0.2,drift,2,conv2,3,1,1.0,1.0,500
cka_feddst,cifar10,0.9,7,results/logs/multiseed/cifar10_drift_all/seed_7/splits/cifar10_split_seed7_clients5_alpha0p3_ref500.json,0.2,drift,2,conv2,3,2,1.0,1.0,500
cka_feddst,cifar10,0.9,7,results/logs/multiseed/cifar10_drift_all/seed_7/splits/cifar10_split_seed7_clients5_alpha0p3_ref500.json,0.2,drift,2,conv2,3,3,1.0,1.0,500
cka_feddst,cifar10,0.9,7,results/logs/multiseed/cifar10_drift_all/seed_7/splits/cifar10_split_seed7_clients5_alpha0p3_ref500.json,0.2,drift,2,conv2,3,4,1.0,1.0,500
cka_feddst,cifar10,0.9,7,results/logs/multiseed/cifar10_drift_all/seed_7/splits/cifar10_split_seed7_clients5_alpha0p3_ref500.json,0.2,drift,2,conv2,4,0,1.0,1.0,500
cka_feddst,cifar10,0.9,7,results/logs/multiseed/cifar10_drift_all/seed_7/splits/cifar10_split_seed7_clients5_alpha0p3_ref500.json,0.2,drift,2,conv2,4,1,1.0,1.0,500
cka_feddst,cifar10,0.9,7,results/logs/multiseed/cifar10_drift_all/seed_7/splits/cifar10_split_seed7_clients5_alpha0p3_ref500.json,0.2,drift,2,conv2,4,2,1.0,1.0,500
cka_feddst,cifar10,0.9,7,results/logs/multiseed/cifar10_drift_all/seed_7/splits/cifar10_split_seed7_clients5_alpha0p3_ref500.json,0.2,drift,2,conv2,4,3,1.0,1.0,500
cka_feddst,cifar10,0.9,7,results/logs/multiseed/cifar10_drift_all/seed_7/splits/cifar10_split_seed7_clients5_alpha0p3_ref500.json,0.2,drift,2,conv2,4,4,1.0,1.0,500
cka_feddst,cifar10,0.9,7,results/logs/multiseed/cifar10_drift_all/seed_7/splits/cifar10_split_seed7_clients5_alpha0p3_ref500.json,0.2,drift,2,conv3,0,0,1.0,0.9999892115592957,500
cka_feddst,cifar10,0.9,7,results/logs/multiseed/cifar10_drift_all/seed_7/splits/cifar10_split_seed7_clients5_alpha0p3_ref500.json,0.2,drift,2,conv3,0,1,0.9999920725822449,0.9999892115592957,500
cka_feddst,cifar10,0.9,7,results/logs/multiseed/cifar10_drift_all/seed_7/splits/cifar10_split_seed7_clients5_alpha0p3_ref500.json,0.2,drift,2,conv3,0,2,0.9999868273735046,0.9999892115592957,500
cka_feddst,cifar10,0.9,7,results/logs/multiseed/cifar10_drift_all/seed_7/splits/cifar10_split_seed7_clients5_alpha0p3_ref500.json,0.2,drift,2,conv3,0,3,0.9999908804893494,0.9999892115592957,500
cka_feddst,cifar10,0.9,7,results/logs/multiseed/cifar10_drift_all/seed_7/splits/cifar10_split_seed7_clients5_alpha0p3_ref500.json,0.2,drift,2,conv3,0,4,0.9999924898147583,0.9999892115592957,500
cka_feddst,cifar10,0.9,7,results/logs/multiseed/cifar10_drift_all/seed_7/splits/cifar10_split_seed7_clients5_alpha0p3_ref500.json,0.2,drift,2,conv3,1,0,0.9999920725822449,0.9999892115592957,500
cka_feddst,cifar10,0.9,7,results/logs/multiseed/cifar10_drift_all/seed_7/splits/cifar10_split_seed7_clients5_alpha0p3_ref500.json,0.2,drift,2,conv3,1,1,1.0,0.9999892115592957,500
cka_feddst,cifar10,0.9,7,results/logs/multiseed/cifar10_drift_all/seed_7/splits/cifar10_split_seed7_clients5_alpha0p3_ref500.json,0.2,drift,2,conv3,1,2,0.9999954700469971,0.9999892115592957,500
cka_feddst,cifar10,0.9,7,results/logs/multiseed/cifar10_drift_all/seed_7/splits/cifar10_split_seed7_clients5_alpha0p3_ref500.json,0.2,drift,2,conv3,1,3,0.9999930262565613,0.9999892115592957,500
cka_feddst,cifar10,0.9,7,results/logs/multiseed/cifar10_drift_all/seed_7/splits/cifar10_split_seed7_clients5_alpha0p3_ref500.json,0.2,drift,2,conv3,1,4,0.9999905228614807,0.9999892115592957,500
cka_feddst,cifar10,0.9,7,results/logs/multiseed/cifar10_drift_all/seed_7/splits/cifar10_split_seed7_clients5_alpha0p3_ref500.json,0.2,drift,2,conv3,2,0,0.9999868273735046,0.9999892115592957,500
cka_feddst,cifar10,0.9,7,results/logs/multiseed/cifar10_drift_all/seed_7/splits/cifar10_split_seed7_clients5_alpha0p3_ref500.json,0.2,drift,2,conv3,2,1,0.9999954700469971,0.9999892115592957,500
cka_feddst,cifar10,0.9,7,results/logs/multiseed/cifar10_drift_all/seed_7/splits/cifar10_split_seed7_clients5_alpha0p3_ref500.json,0.2,drift,2,conv3,2,2,1.0,0.9999892115592957,500
cka_feddst,cifar10,0.9,7,results/logs/multiseed/cifar10_drift_all/seed_7/splits/cifar10_split_seed7_clients5_alpha0p3_ref500.json,0.2,drift,2,conv3,2,3,0.999991238117218,0.9999892115592957,500
cka_feddst,cifar10,0.9,7,results/logs/multiseed/cifar10_drift_all/seed_7/splits/cifar10_split_seed7_clients5_alpha0p3_ref500.json,0.2,drift,2,conv3,2,4,0.9999827146530151,0.9999892115592957,500
cka_feddst,cifar10,0.9,7,results/logs/multiseed/cifar10_drift_all/seed_7/splits/cifar10_split_seed7_clients5_alpha0p3_ref500.json,0.2,drift,2,conv3,3,0,0.9999908804893494,0.9999892115592957,500
cka_feddst,cifar10,0.9,7,results/logs/multiseed/cifar10_drift_all/seed_7/splits/cifar10_split_seed7_clients5_alpha0p3_ref500.json,0.2,drift,2,conv3,3,1,0.9999930262565613,0.9999892115592957,500
cka_feddst,cifar10,0.9,7,results/logs/multiseed/cifar10_drift_all/seed_7/splits/cifar10_split_seed7_clients5_alpha0p3_ref500.json,0.2,drift,2,conv3,3,2,0.999991238117218,0.9999892115592957,500
cka_feddst,cifar10,0.9,7,results/logs/multiseed/cifar10_drift_all/seed_7/splits/cifar10_split_seed7_clients5_alpha0p3_ref500.json,0.2,drift,2,conv3,3,3,1.0,0.9999892115592957,500
cka_feddst,cifar10,0.9,7,results/logs/multiseed/cifar10_drift_all/seed_7/splits/cifar10_split_seed7_clients5_alpha0p3_ref500.json,0.2,drift,2,conv3,3,4,0.9999763369560242,0.9999892115592957,500
cka_feddst,cifar10,0.9,7,results/logs/multiseed/cifar10_drift_all/seed_7/splits/cifar10_split_seed7_clients5_alpha0p3_ref500.json,0.2,drift,2,conv3,4,0,0.9999924898147583,0.9999892115592957,500
cka_feddst,cifar10,0.9,7,results/logs/multiseed/cifar10_drift_all/seed_7/splits/cifar10_split_seed7_clients5_alpha0p3_ref500.json,0.2,drift,2,conv3,4,1,0.9999905228614807,0.9999892115592957,500
cka_feddst,cifar10,0.9,7,results/logs/multiseed/cifar10_drift_all/seed_7/splits/cifar10_split_seed7_clients5_alpha0p3_ref500.json,0.2,drift,2,conv3,4,2,0.9999827146530151,0.9999892115592957,500
cka_feddst,cifar10,0.9,7,results/logs/multiseed/cifar10_drift_all/seed_7/splits/cifar10_split_seed7_clients5_alpha0p3_ref500.json,0.2,drift,2,conv3,4,3,0.9999763369560242,0.9999892115592957,500
cka_feddst,cifar10,0.9,7,results/logs/multiseed/cifar10_drift_all/seed_7/splits/cifar10_split_seed7_clients5_alpha0p3_ref500.json,0.2,drift,2,conv3,4,4,1.0,0.9999892115592957,500
cka_feddst,cifar10,0.9,7,results/logs/multiseed/cifar10_drift_all/seed_7/splits/cifar10_split_seed7_clients5_alpha0p3_ref500.json,0.2,drift,2,fc1,0,0,1.0,0.9970971345901489,500
cka_feddst,cifar10,0.9,7,results/logs/multiseed/cifar10_drift_all/seed_7/splits/cifar10_split_seed7_clients5_alpha0p3_ref500.json,0.2,drift,2,fc1,0,1,0.9963462352752686,0.9970971345901489,500
cka_feddst,cifar10,0.9,7,results/logs/multiseed/cifar10_drift_all/seed_7/splits/cifar10_split_seed7_clients5_alpha0p3_ref500.json,0.2,drift,2,fc1,0,2,0.996817946434021,0.9970971345901489,500
cka_feddst,cifar10,0.9,7,results/logs/multiseed/cifar10_drift_all/seed_7/splits/cifar10_split_seed7_clients5_alpha0p3_ref500.json,0.2,drift,2,fc1,0,3,0.9959803819656372,0.9970971345901489,500
cka_feddst,cifar10,0.9,7,results/logs/multiseed/cifar10_drift_all/seed_7/splits/cifar10_split_seed7_clients5_alpha0p3_ref500.json,0.2,drift,2,fc1,0,4,0.9973825812339783,0.9970971345901489,500
cka_feddst,cifar10,0.9,7,results/logs/multiseed/cifar10_drift_all/seed_7/splits/cifar10_split_seed7_clients5_alpha0p3_ref500.json,0.2,drift,2,fc1,1,0,0.9963462352752686,0.9970971345901489,500
cka_feddst,cifar10,0.9,7,results/logs/multiseed/cifar10_drift_all/seed_7/splits/cifar10_split_seed7_clients5_alpha0p3_ref500.json,0.2,drift,2,fc1,1,1,1.0,0.9970971345901489,500
cka_feddst,cifar10,0.9,7,results/logs/multiseed/cifar10_drift_all/seed_7/splits/cifar10_split_seed7_clients5_alpha0p3_ref500.json,0.2,drift,2,fc1,1,2,0.9979389905929565,0.9970971345901489,500
cka_feddst,cifar10,0.9,7,results/logs/multiseed/cifar10_drift_all/seed_7/splits/cifar10_split_seed7_clients5_alpha0p3_ref500.json,0.2,drift,2,fc1,1,3,0.9983556866645813,0.9970971345901489,500
cka_feddst,cifar10,0.9,7,results/logs/multiseed/cifar10_drift_all/seed_7/splits/cifar10_split_seed7_clients5_alpha0p3_ref500.json,0.2,drift,2,fc1,1,4,0.997446596622467,0.9970971345901489,500
cka_feddst,cifar10,0.9,7,results/logs/multiseed/cifar10_drift_all/seed_7/splits/cifar10_split_seed7_clients5_alpha0p3_ref500.json,0.2,drift,2,fc1,2,0,0.996817946434021,0.9970971345901489,500
cka_feddst,cifar10,0.9,7,results/logs/multiseed/cifar10_drift_all/seed_7/splits/cifar10_split_seed7_clients5_alpha0p3_ref500.json,0.2,drift,2,fc1,2,1,0.9979389905929565,0.9970971345901489,500
cka_feddst,cifar10,0.9,7,results/logs/multiseed/cifar10_drift_all/seed_7/splits/cifar10_split_seed7_clients5_alpha0p3_ref500.json,0.2,drift,2,fc1,2,2,1.0,0.9970971345901489,500
cka_feddst,cifar10,0.9,7,results/logs/multiseed/cifar10_drift_all/seed_7/splits/cifar10_split_seed7_clients5_alpha0p3_ref500.json,0.2,drift,2,fc1,2,3,0.9973734021186829,0.9970971345901489,500
cka_feddst,cifar10,0.9,7,results/logs/multiseed/cifar10_drift_all/seed_7/splits/cifar10_split_seed7_clients5_alpha0p3_ref500.json,0.2,drift,2,fc1,2,4,0.9970923066139221,0.9970971345901489,500
cka_feddst,cifar10,0.9,7,results/logs/multiseed/cifar10_drift_all/seed_7/splits/cifar10_split_seed7_clients5_alpha0p3_ref500.json,0.2,drift,2,fc1,3,0,0.9959803819656372,0.9970971345901489,500
cka_feddst,cifar10,0.9,7,results/logs/multiseed/cifar10_drift_all/seed_7/splits/cifar10_split_seed7_clients5_alpha0p3_ref500.json,0.2,drift,2,fc1,3,1,0.9983556866645813,0.9970971345901489,500
cka_feddst,cifar10,0.9,7,results/logs/multiseed/cifar10_drift_all/seed_7/splits/cifar10_split_seed7_clients5_alpha0p3_ref500.json,0.2,drift,2,fc1,3,2,0.9973734021186829,0.9970971345901489,500
cka_feddst,cifar10,0.9,7,results/logs/multiseed/cifar10_drift_all/seed_7/splits/cifar10_split_seed7_clients5_alpha0p3_ref500.json,0.2,drift,2,fc1,3,3,1.0,0.9970971345901489,500
cka_feddst,cifar10,0.9,7,results/logs/multiseed/cifar10_drift_all/seed_7/splits/cifar10_split_seed7_clients5_alpha0p3_ref500.json,0.2,drift,2,fc1,3,4,0.9962360858917236,0.9970971345901489,500
cka_feddst,cifar10,0.9,7,results/logs/multiseed/cifar10_drift_all/seed_7/splits/cifar10_split_seed7_clients5_alpha0p3_ref500.json,0.2,drift,2,fc1,4,0,0.9973825812339783,0.9970971345901489,500
cka_feddst,cifar10,0.9,7,results/logs/multiseed/cifar10_drift_all/seed_7/splits/cifar10_split_seed7_clients5_alpha0p3_ref500.json,0.2,drift,2,fc1,4,1,0.997446596622467,0.9970971345901489,500
cka_feddst,cifar10,0.9,7,results/logs/multiseed/cifar10_drift_all/seed_7/splits/cifar10_split_seed7_clients5_alpha0p3_ref500.json,0.2,drift,2,fc1,4,2,0.9970923066139221,0.9970971345901489,500
cka_feddst,cifar10,0.9,7,results/logs/multiseed/cifar10_drift_all/seed_7/splits/cifar10_split_seed7_clients5_alpha0p3_ref500.json,0.2,drift,2,fc1,4,3,0.9962360858917236,0.9970971345901489,500
cka_feddst,cifar10,0.9,7,results/logs/multiseed/cifar10_drift_all/seed_7/splits/cifar10_split_seed7_clients5_alpha0p3_ref500.json,0.2,drift,2,fc1,4,4,1.0,0.9970971345901489,500
cka_feddst,cifar10,0.9,7,results/logs/multiseed/cifar10_drift_all/seed_7/splits/cifar10_split_seed7_clients5_alpha0p3_ref500.json,0.2,drift,4,conv1,0,0,1.0,1.0,500
cka_feddst,cifar10,0.9,7,results/logs/multiseed/cifar10_drift_all/seed_7/splits/cifar10_split_seed7_clients5_alpha0p3_ref500.json,0.2,drift,4,conv1,0,1,1.0,1.0,500
cka_feddst,cifar10,0.9,7,results/logs/multiseed/cifar10_drift_all/seed_7/splits/cifar10_split_seed7_clients5_alpha0p3_ref500.json,0.2,drift,4,conv1,0,2,1.0,1.0,500
cka_feddst,cifar10,0.9,7,results/logs/multiseed/cifar10_drift_all/seed_7/splits/cifar10_split_seed7_clients5_alpha0p3_ref500.json,0.2,drift,4,conv1,0,3,1.0,1.0,500
cka_feddst,cifar10,0.9,7,results/logs/multiseed/cifar10_drift_all/seed_7/splits/cifar10_split_seed7_clients5_alpha0p3_ref500.json,0.2,drift,4,conv1,0,4,1.0,1.0,500
cka_feddst,cifar10,0.9,7,results/logs/multiseed/cifar10_drift_all/seed_7/splits/cifar10_split_seed7_clients5_alpha0p3_ref500.json,0.2,drift,4,conv1,1,0,1.0,1.0,500
cka_feddst,cifar10,0.9,7,results/logs/multiseed/cifar10_drift_all/seed_7/splits/cifar10_split_seed7_clients5_alpha0p3_ref500.json,0.2,drift,4,conv1,1,1,1.0,1.0,500
cka_feddst,cifar10,0.9,7,results/logs/multiseed/cifar10_drift_all/seed_7/splits/cifar10_split_seed7_clients5_alpha0p3_ref500.json,0.2,drift,4,conv1,1,2,1.0,1.0,500
cka_feddst,cifar10,0.9,7,results/logs/multiseed/cifar10_drift_all/seed_7/splits/cifar10_split_seed7_clients5_alpha0p3_ref500.json,0.2,drift,4,conv1,1,3,1.0,1.0,500
cka_feddst,cifar10,0.9,7,results/logs/multiseed/cifar10_drift_all/seed_7/splits/cifar10_split_seed7_clients5_alpha0p3_ref500.json,0.2,drift,4,conv1,1,4,1.0,1.0,500
cka_feddst,cifar10,0.9,7,results/logs/multiseed/cifar10_drift_all/seed_7/splits/cifar10_split_seed7_clients5_alpha0p3_ref500.json,0.2,drift,4,conv1,2,0,1.0,1.0,500
cka_feddst,cifar10,0.9,7,results/logs/multiseed/cifar10_drift_all/seed_7/splits/cifar10_split_seed7_clients5_alpha0p3_ref500.json,0.2,drift,4,conv1,2,1,1.0,1.0,500
cka_feddst,cifar10,0.9,7,results/logs/multiseed/cifar10_drift_all/seed_7/splits/cifar10_split_seed7_clients5_alpha0p3_ref500.json,0.2,drift,4,conv1,2,2,1.0,1.0,500
cka_feddst,cifar10,0.9,7,results/logs/multiseed/cifar10_drift_all/seed_7/splits/cifar10_split_seed7_clients5_alpha0p3_ref500.json,0.2,drift,4,conv1,2,3,1.0,1.0,500
cka_feddst,cifar10,0.9,7,results/logs/multiseed/cifar10_drift_all/seed_7/splits/cifar10_split_seed7_clients5_alpha0p3_ref500.json,0.2,drift,4,conv1,2,4,1.0,1.0,500
cka_feddst,cifar10,0.9,7,results/logs/multiseed/cifar10_drift_all/seed_7/splits/cifar10_split_seed7_clients5_alpha0p3_ref500.json,0.2,drift,4,conv1,3,0,1.0,1.0,500
cka_feddst,cifar10,0.9,7,results/logs/multiseed/cifar10_drift_all/seed_7/splits/cifar10_split_seed7_clients5_alpha0p3_ref500.json,0.2,drift,4,conv1,3,1,1.0,1.0,500
cka_feddst,cifar10,0.9,7,results/logs/multiseed/cifar10_drift_all/seed_7/splits/cifar10_split_seed7_clients5_alpha0p3_ref500.json,0.2,drift,4,conv1,3,2,1.0,1.0,500
cka_feddst,cifar10,0.9,7,results/logs/multiseed/cifar10_drift_all/seed_7/splits/cifar10_split_seed7_clients5_alpha0p3_ref500.json,0.2,drift,4,conv1,3,3,1.0,1.0,500
cka_feddst,cifar10,0.9,7,results/logs/multiseed/cifar10_drift_all/seed_7/splits/cifar10_split_seed7_clients5_alpha0p3_ref500.json,0.2,drift,4,conv1,3,4,1.0,1.0,500
cka_feddst,cifar10,0.9,7,results/logs/multiseed/cifar10_drift_all/seed_7/splits/cifar10_split_seed7_clients5_alpha0p3_ref500.json,0.2,drift,4,conv1,4,0,1.0,1.0,500
cka_feddst,cifar10,0.9,7,results/logs/multiseed/cifar10_drift_all/seed_7/splits/cifar10_split_seed7_clients5_alpha0p3_ref500.json,0.2,drift,4,conv1,4,1,1.0,1.0,500
cka_feddst,cifar10,0.9,7,results/logs/multiseed/cifar10_drift_all/seed_7/splits/cifar10_split_seed7_clients5_alpha0p3_ref500.json,0.2,drift,4,conv1,4,2,1.0,1.0,500
cka_feddst,cifar10,0.9,7,results/logs/multiseed/cifar10_drift_all/seed_7/splits/cifar10_split_seed7_clients5_alpha0p3_ref500.json,0.2,drift,4,conv1,4,3,1.0,1.0,500
cka_feddst,cifar10,0.9,7,results/logs/multiseed/cifar10_drift_all/seed_7/splits/cifar10_split_seed7_clients5_alpha0p3_ref500.json,0.2,drift,4,conv1,4,4,1.0,1.0,500
cka_feddst,cifar10,0.9,7,results/logs/multiseed/cifar10_drift_all/seed_7/splits/cifar10_split_seed7_clients5_alpha0p3_ref500.json,0.2,drift,4,conv2,0,0,1.0,0.9999811053276062,500
cka_feddst,cifar10,0.9,7,results/logs/multiseed/cifar10_drift_all/seed_7/splits/cifar10_split_seed7_clients5_alpha0p3_ref500.json,0.2,drift,4,conv2,0,1,0.9999947547912598,0.9999811053276062,500
cka_feddst,cifar10,0.9,7,results/logs/multiseed/cifar10_drift_all/seed_7/splits/cifar10_split_seed7_clients5_alpha0p3_ref500.json,0.2,drift,4,conv2,0,2,0.9999287724494934,0.9999811053276062,500
cka_feddst,cifar10,0.9,7,results/logs/multiseed/cifar10_drift_all/seed_7/splits/cifar10_split_seed7_clients5_alpha0p3_ref500.json,0.2,drift,4,conv2,0,3,0.9999959468841553,0.9999811053276062,500
cka_feddst,cifar10,0.9,7,results/logs/multiseed/cifar10_drift_all/seed_7/splits/cifar10_split_seed7_clients5_alpha0p3_ref500.json,0.2,drift,4,conv2,0,4,0.9999915361404419,0.9999811053276062,500
cka_feddst,cifar10,0.9,7,results/logs/multiseed/cifar10_drift_all/seed_7/splits/cifar10_split_seed7_clients5_alpha0p3_ref500.json,0.2,drift,4,conv2,1,0,0.9999947547912598,0.9999811053276062,500
cka_feddst,cifar10,0.9,7,results/logs/multiseed/cifar10_drift_all/seed_7/splits/cifar10_split_seed7_clients5_alpha0p3_ref500.json,0.2,drift,4,conv2,1,1,1.0,0.9999811053276062,500
cka_feddst,cifar10,0.9,7,results/logs/multiseed/cifar10_drift_all/seed_7/splits/cifar10_split_seed7_clients5_alpha0p3_ref500.json,0.2,drift,4,conv2,1,2,0.9999683499336243,0.9999811053276062,500
cka_feddst,cifar10,0.9,7,results/logs/multiseed/cifar10_drift_all/seed_7/splits/cifar10_split_seed7_clients5_alpha0p3_ref500.json,0.2,drift,4,conv2,1,3,1.0,0.9999811053276062,500
cka_feddst,cifar10,0.9,7,results/logs/multiseed/cifar10_drift_all/seed_7/splits/cifar10_split_seed7_clients5_alpha0p3_ref500.json,0.2,drift,4,conv2,1,4,0.9999995827674866,0.9999811053276062,500
cka_feddst,cifar10,0.9,7,results/logs/multiseed/cifar10_drift_all/seed_7/splits/cifar10_split_seed7_clients5_alpha0p3_ref500.json,0.2,drift,4,conv2,2,0,0.9999287724494934,0.9999811053276062,500
cka_feddst,cifar10,0.9,7,results/logs/multiseed/cifar10_drift_all/seed_7/splits/cifar10_split_seed7_clients5_alpha0p3_ref500.json,0.2,drift,4,conv2,2,1,0.9999683499336243,0.9999811053276062,500
cka_feddst,cifar10,0.9,7,results/logs/multiseed/cifar10_drift_all/seed_7/splits/cifar10_split_seed7_clients5_alpha0p3_ref500.json,0.2,drift,4,conv2,2,2,1.0,0.9999811053276062,500
cka_feddst,cifar10,0.9,7,results/logs/multiseed/cifar10_drift_all/seed_7/splits/cifar10_split_seed7_clients5_alpha0p3_ref500.json,0.2,drift,4,conv2,2,3,0.9999683499336243,0.9999811053276062,500
cka_feddst,cifar10,0.9,7,results/logs/multiseed/cifar10_drift_all/seed_7/splits/cifar10_split_seed7_clients5_alpha0p3_ref500.json,0.2,drift,4,conv2,2,4,0.9999644756317139,0.9999811053276062,500
cka_feddst,cifar10,0.9,7,results/logs/multiseed/cifar10_drift_all/seed_7/splits/cifar10_split_seed7_clients5_alpha0p3_ref500.json,0.2,drift,4,conv2,3,0,0.9999959468841553,0.9999811053276062,500
cka_feddst,cifar10,0.9,7,results/logs/multiseed/cifar10_drift_all/seed_7/splits/cifar10_split_seed7_clients5_alpha0p3_ref500.json,0.2,drift,4,conv2,3,1,1.0,0.9999811053276062,500
cka_feddst,cifar10,0.9,7,results/logs/multiseed/cifar10_drift_all/seed_7/splits/cifar10_split_seed7_clients5_alpha0p3_ref500.json,0.2,drift,4,conv2,3,2,0.9999683499336243,0.9999811053276062,500
cka_feddst,cifar10,0.9,7,results/logs/multiseed/cifar10_drift_all/seed_7/splits/cifar10_split_seed7_clients5_alpha0p3_ref500.json,0.2,drift,4,conv2,3,3,1.0,0.9999811053276062,500
cka_feddst,cifar10,0.9,7,results/logs/multiseed/cifar10_drift_all/seed_7/splits/cifar10_split_seed7_clients5_alpha0p3_ref500.json,0.2,drift,4,conv2,3,4,0.9999992251396179,0.9999811053276062,500
cka_feddst,cifar10,0.9,7,results/logs/multiseed/cifar10_drift_all/seed_7/splits/cifar10_split_seed7_clients5_alpha0p3_ref500.json,0.2,drift,4,conv2,4,0,0.9999915361404419,0.9999811053276062,500
cka_feddst,cifar10,0.9,7,results/logs/multiseed/cifar10_drift_all/seed_7/splits/cifar10_split_seed7_clients5_alpha0p3_ref500.json,0.2,drift,4,conv2,4,1,0.9999995827674866,0.9999811053276062,500
cka_feddst,cifar10,0.9,7,results/logs/multiseed/cifar10_drift_all/seed_7/splits/cifar10_split_seed7_clients5_alpha0p3_ref500.json,0.2,drift,4,conv2,4,2,0.9999644756317139,0.9999811053276062,500
cka_feddst,cifar10,0.9,7,results/logs/multiseed/cifar10_drift_all/seed_7/splits/cifar10_split_seed7_clients5_alpha0p3_ref500.json,0.2,drift,4,conv2,4,3,0.9999992251396179,0.9999811053276062,500
cka_feddst,cifar10,0.9,7,results/logs/multiseed/cifar10_drift_all/seed_7/splits/cifar10_split_seed7_clients5_alpha0p3_ref500.json,0.2,drift,4,conv2,4,4,1.0,0.9999811053276062,500
cka_feddst,cifar10,0.9,7,results/logs/multiseed/cifar10_drift_all/seed_7/splits/cifar10_split_seed7_clients5_alpha0p3_ref500.json,0.2,drift,4,conv3,0,0,1.0,0.999710738658905,500
cka_feddst,cifar10,0.9,7,results/logs/multiseed/cifar10_drift_all/seed_7/splits/cifar10_split_seed7_clients5_alpha0p3_ref500.json,0.2,drift,4,conv3,0,1,0.9998433589935303,0.999710738658905,500
cka_feddst,cifar10,0.9,7,results/logs/multiseed/cifar10_drift_all/seed_7/splits/cifar10_split_seed7_clients5_alpha0p3_ref500.json,0.2,drift,4,conv3,0,2,0.9990297555923462,0.999710738658905,500
cka_feddst,cifar10,0.9,7,results/logs/multiseed/cifar10_drift_all/seed_7/splits/cifar10_split_seed7_clients5_alpha0p3_ref500.json,0.2,drift,4,conv3,0,3,0.9998394250869751,0.999710738658905,500
cka_feddst,cifar10,0.9,7,results/logs/multiseed/cifar10_drift_all/seed_7/splits/cifar10_split_seed7_clients5_alpha0p3_ref500.json,0.2,drift,4,conv3,0,4,0.9998558759689331,0.999710738658905,500
cka_feddst,cifar10,0.9,7,results/logs/multiseed/cifar10_drift_all/seed_7/splits/cifar10_split_seed7_clients5_alpha0p3_ref500.json,0.2,drift,4,conv3,1,0,0.9998433589935303,0.999710738658905,500
cka_feddst,cifar10,0.9,7,results/logs/multiseed/cifar10_drift_all/seed_7/splits/cifar10_split_seed7_clients5_alpha0p3_ref500.json,0.2,drift,4,conv3,1,1,1.0,0.999710738658905,500
cka_feddst,cifar10,0.9,7,results/logs/multiseed/cifar10_drift_all/seed_7/splits/cifar10_split_seed7_clients5_alpha0p3_ref500.json,0.2,drift,4,conv3,1,2,0.9996069669723511,0.999710738658905,500
cka_feddst,cifar10,0.9,7,results/logs/multiseed/cifar10_drift_all/seed_7/splits/cifar10_split_seed7_clients5_alpha0p3_ref500.json,0.2,drift,4,conv3,1,3,0.999988317489624,0.999710738658905,500
cka_feddst,cifar10,0.9,7,results/logs/multiseed/cifar10_drift_all/seed_7/splits/cifar10_split_seed7_clients5_alpha0p3_ref500.json,0.2,drift,4,conv3,1,4,0.9999316334724426,0.999710738658905,500
cka_feddst,cifar10,0.9,7,results/logs/multiseed/cifar10_drift_all/seed_7/splits/cifar10_split_seed7_clients5_alpha0p3_ref500.json,0.2,drift,4,conv3,2,0,0.9990297555923462,0.999710738658905,500
cka_feddst,cifar10,0.9,7,results/logs/multiseed/cifar10_drift_all/seed_7/splits/cifar10_split_seed7_clients5_alpha0p3_ref500.json,0.2,drift,4,conv3,2,1,0.9996069669723511,0.999710738658905,500
cka_feddst,cifar10,0.9,7,results/logs/multiseed/cifar10_drift_all/seed_7/splits/cifar10_split_seed7_clients5_alpha0p3_ref500.json,0.2,drift,4,conv3,2,2,1.0,0.999710738658905,500
cka_feddst,cifar10,0.9,7,results/logs/multiseed/cifar10_drift_all/seed_7/splits/cifar10_split_seed7_clients5_alpha0p3_ref500.json,0.2,drift,4,conv3,2,3,0.999602198600769,0.999710738658905,500
cka_feddst,cifar10,0.9,7,results/logs/multiseed/cifar10_drift_all/seed_7/splits/cifar10_split_seed7_clients5_alpha0p3_ref500.json,0.2,drift,4,conv3,2,4,0.9995133876800537,0.999710738658905,500
cka_feddst,cifar10,0.9,7,results/logs/multiseed/cifar10_drift_all/seed_7/splits/cifar10_split_seed7_clients5_alpha0p3_ref500.json,0.2,drift,4,conv3,3,0,0.9998394250869751,0.999710738658905,500
cka_feddst,cifar10,0.9,7,results/logs/multiseed/cifar10_drift_all/seed_7/splits/cifar10_split_seed7_clients5_alpha0p3_ref500.json,0.2,drift,4,conv3,3,1,0.999988317489624,0.999710738658905,500
cka_feddst,cifar10,0.9,7,results/logs/multiseed/cifar10_drift_all/seed_7/splits/cifar10_split_seed7_clients5_alpha0p3_ref500.json,0.2,drift,4,conv3,3,2,0.999602198600769,0.999710738658905,500
cka_feddst,cifar10,0.9,7,results/logs/multiseed/cifar10_drift_all/seed_7/splits/cifar10_split_seed7_clients5_alpha0p3_ref500.json,0.2,drift,4,conv3,3,3,1.0,0.999710738658905,500
cka_feddst,cifar10,0.9,7,results/logs/multiseed/cifar10_drift_all/seed_7/splits/cifar10_split_seed7_clients5_alpha0p3_ref500.json,0.2,drift,4,conv3,3,4,0.9998969435691833,0.999710738658905,500
cka_feddst,cifar10,0.9,7,results/logs/multiseed/cifar10_drift_all/seed_7/splits/cifar10_split_seed7_clients5_alpha0p3_ref500.json,0.2,drift,4,conv3,4,0,0.9998558759689331,0.999710738658905,500
cka_feddst,cifar10,0.9,7,results/logs/multiseed/cifar10_drift_all/seed_7/splits/cifar10_split_seed7_clients5_alpha0p3_ref500.json,0.2,drift,4,conv3,4,1,0.9999316334724426,0.999710738658905,500
cka_feddst,cifar10,0.9,7,results/logs/multiseed/cifar10_drift_all/seed_7/splits/cifar10_split_seed7_clients5_alpha0p3_ref500.json,0.2,drift,4,conv3,4,2,0.9995133876800537,0.999710738658905,500
cka_feddst,cifar10,0.9,7,results/logs/multiseed/cifar10_drift_all/seed_7/splits/cifar10_split_seed7_clients5_alpha0p3_ref500.json,0.2,drift,4,conv3,4,3,0.9998969435691833,0.999710738658905,500
cka_feddst,cifar10,0.9,7,results/logs/multiseed/cifar10_drift_all/seed_7/splits/cifar10_split_seed7_clients5_alpha0p3_ref500.json,0.2,drift,4,conv3,4,4,1.0,0.999710738658905,500
cka_feddst,cifar10,0.9,7,results/logs/multiseed/cifar10_drift_all/seed_7/splits/cifar10_split_seed7_clients5_alpha0p3_ref500.json,0.2,drift,4,fc1,0,0,1.0,0.9894819259643555,500
cka_feddst,cifar10,0.9,7,results/logs/multiseed/cifar10_drift_all/seed_7/splits/cifar10_split_seed7_clients5_alpha0p3_ref500.json,0.2,drift,4,fc1,0,1,0.9951677322387695,0.9894819259643555,500
cka_feddst,cifar10,0.9,7,results/logs/multiseed/cifar10_drift_all/seed_7/splits/cifar10_split_seed7_clients5_alpha0p3_ref500.json,0.2,drift,4,fc1,0,2,0.9751375317573547,0.9894819259643555,500
cka_feddst,cifar10,0.9,7,results/logs/multiseed/cifar10_drift_all/seed_7/splits/cifar10_split_seed7_clients5_alpha0p3_ref500.json,0.2,drift,4,fc1,0,3,0.9937551617622375,0.9894819259643555,500
cka_feddst,cifar10,0.9,7,results/logs/multiseed/cifar10_drift_all/seed_7/splits/cifar10_split_seed7_clients5_alpha0p3_ref500.json,0.2,drift,4,fc1,0,4,0.989525556564331,0.9894819259643555,500
cka_feddst,cifar10,0.9,7,results/logs/multiseed/cifar10_drift_all/seed_7/splits/cifar10_split_seed7_clients5_alpha0p3_ref500.json,0.2,drift,4,fc1,1,0,0.9951677322387695,0.9894819259643555,500
cka_feddst,cifar10,0.9,7,results/logs/multiseed/cifar10_drift_all/seed_7/splits/cifar10_split_seed7_clients5_alpha0p3_ref500.json,0.2,drift,4,fc1,1,1,1.0,0.9894819259643555,500
cka_feddst,cifar10,0.9,7,results/logs/multiseed/cifar10_drift_all/seed_7/splits/cifar10_split_seed7_clients5_alpha0p3_ref500.json,0.2,drift,4,fc1,1,2,0.985495388507843,0.9894819259643555,500
cka_feddst,cifar10,0.9,7,results/logs/multiseed/cifar10_drift_all/seed_7/splits/cifar10_split_seed7_clients5_alpha0p3_ref500.json,0.2,drift,4,fc1,1,3,0.9985200762748718,0.9894819259643555,500
cka_feddst,cifar10,0.9,7,results/logs/multiseed/cifar10_drift_all/seed_7/splits/cifar10_split_seed7_clients5_alpha0p3_ref500.json,0.2,drift,4,fc1,1,4,0.9903693795204163,0.9894819259643555,500
cka_feddst,cifar10,0.9,7,results/logs/multiseed/cifar10_drift_all/seed_7/splits/cifar10_split_seed7_clients5_alpha0p3_ref500.json,0.2,drift,4,fc1,2,0,0.9751375317573547,0.9894819259643555,500
cka_feddst,cifar10,0.9,7,results/logs/multiseed/cifar10_drift_all/seed_7/splits/cifar10_split_seed7_clients5_alpha0p3_ref500.json,0.2,drift,4,fc1,2,1,0.985495388507843,0.9894819259643555,500
cka_feddst,cifar10,0.9,7,results/logs/multiseed/cifar10_drift_all/seed_7/splits/cifar10_split_seed7_clients5_alpha0p3_ref500.json,0.2,drift,4,fc1,2,2,1.0,0.9894819259643555,500
cka_feddst,cifar10,0.9,7,results/logs/multiseed/cifar10_drift_all/seed_7/splits/cifar10_split_seed7_clients5_alpha0p3_ref500.json,0.2,drift,4,fc1,2,3,0.9870418906211853,0.9894819259643555,500
cka_feddst,cifar10,0.9,7,results/logs/multiseed/cifar10_drift_all/seed_7/splits/cifar10_split_seed7_clients5_alpha0p3_ref500.json,0.2,drift,4,fc1,2,4,0.9887407422065735,0.9894819259643555,500
cka_feddst,cifar10,0.9,7,results/logs/multiseed/cifar10_drift_all/seed_7/splits/cifar10_split_seed7_clients5_alpha0p3_ref500.json,0.2,drift,4,fc1,3,0,0.9937551617622375,0.9894819259643555,500
cka_feddst,cifar10,0.9,7,results/logs/multiseed/cifar10_drift_all/seed_7/splits/cifar10_split_seed7_clients5_alpha0p3_ref500.json,0.2,drift,4,fc1,3,1,0.9985200762748718,0.9894819259643555,500
cka_feddst,cifar10,0.9,7,results/logs/multiseed/cifar10_drift_all/seed_7/splits/cifar10_split_seed7_clients5_alpha0p3_ref500.json,0.2,drift,4,fc1,3,2,0.9870418906211853,0.9894819259643555,500
cka_feddst,cifar10,0.9,7,results/logs/multiseed/cifar10_drift_all/seed_7/splits/cifar10_split_seed7_clients5_alpha0p3_ref500.json,0.2,drift,4,fc1,3,3,1.0,0.9894819259643555,500
cka_feddst,cifar10,0.9,7,results/logs/multiseed/cifar10_drift_all/seed_7/splits/cifar10_split_seed7_clients5_alpha0p3_ref500.json,0.2,drift,4,fc1,3,4,0.991066038608551,0.9894819259643555,500
cka_feddst,cifar10,0.9,7,results/logs/multiseed/cifar10_drift_all/seed_7/splits/cifar10_split_seed7_clients5_alpha0p3_ref500.json,0.2,drift,4,fc1,4,0,0.989525556564331,0.9894819259643555,500
cka_feddst,cifar10,0.9,7,results/logs/multiseed/cifar10_drift_all/seed_7/splits/cifar10_split_seed7_clients5_alpha0p3_ref500.json,0.2,drift,4,fc1,4,1,0.9903693795204163,0.9894819259643555,500
cka_feddst,cifar10,0.9,7,results/logs/multiseed/cifar10_drift_all/seed_7/splits/cifar10_split_seed7_clients5_alpha0p3_ref500.json,0.2,drift,4,fc1,4,2,0.9887407422065735,0.9894819259643555,500
cka_feddst,cifar10,0.9,7,results/logs/multiseed/cifar10_drift_all/seed_7/splits/cifar10_split_seed7_clients5_alpha0p3_ref500.json,0.2,drift,4,fc1,4,3,0.991066038608551,0.9894819259643555,500
cka_feddst,cifar10,0.9,7,results/logs/multiseed/cifar10_drift_all/seed_7/splits/cifar10_split_seed7_clients5_alpha0p3_ref500.json,0.2,drift,4,fc1,4,4,1.0,0.9894819259643555,500
cka_feddst,cifar10,0.9,7,results/logs/multiseed/cifar10_drift_all/seed_7/splits/cifar10_split_seed7_clients5_alpha0p3_ref500.json,0.2,drift,6,conv1,0,0,1.0,1.0,500
cka_feddst,cifar10,0.9,7,results/logs/multiseed/cifar10_drift_all/seed_7/splits/cifar10_split_seed7_clients5_alpha0p3_ref500.json,0.2,drift,6,conv1,0,1,1.0,1.0,500
cka_feddst,cifar10,0.9,7,results/logs/multiseed/cifar10_drift_all/seed_7/splits/cifar10_split_seed7_clients5_alpha0p3_ref500.json,0.2,drift,6,conv1,0,2,1.0,1.0,500
cka_feddst,cifar10,0.9,7,results/logs/multiseed/cifar10_drift_all/seed_7/splits/cifar10_split_seed7_clients5_alpha0p3_ref500.json,0.2,drift,6,conv1,0,3,1.0,1.0,500
cka_feddst,cifar10,0.9,7,results/logs/multiseed/cifar10_drift_all/seed_7/splits/cifar10_split_seed7_clients5_alpha0p3_ref500.json,0.2,drift,6,conv1,0,4,1.0,1.0,500
cka_feddst,cifar10,0.9,7,results/logs/multiseed/cifar10_drift_all/seed_7/splits/cifar10_split_seed7_clients5_alpha0p3_ref500.json,0.2,drift,6,conv1,1,0,1.0,1.0,500
cka_feddst,cifar10,0.9,7,results/logs/multiseed/cifar10_drift_all/seed_7/splits/cifar10_split_seed7_clients5_alpha0p3_ref500.json,0.2,drift,6,conv1,1,1,1.0,1.0,500
cka_feddst,cifar10,0.9,7,results/logs/multiseed/cifar10_drift_all/seed_7/splits/cifar10_split_seed7_clients5_alpha0p3_ref500.json,0.2,drift,6,conv1,1,2,1.0,1.0,500
cka_feddst,cifar10,0.9,7,results/logs/multiseed/cifar10_drift_all/seed_7/splits/cifar10_split_seed7_clients5_alpha0p3_ref500.json,0.2,drift,6,conv1,1,3,1.0,1.0,500
cka_feddst,cifar10,0.9,7,results/logs/multiseed/cifar10_drift_all/seed_7/splits/cifar10_split_seed7_clients5_alpha0p3_ref500.json,0.2,drift,6,conv1,1,4,1.0,1.0,500
cka_feddst,cifar10,0.9,7,results/logs/multiseed/cifar10_drift_all/seed_7/splits/cifar10_split_seed7_clients5_alpha0p3_ref500.json,0.2,drift,6,conv1,2,0,1.0,1.0,500
cka_feddst,cifar10,0.9,7,results/logs/multiseed/cifar10_drift_all/seed_7/splits/cifar10_split_seed7_clients5_alpha0p3_ref500.json,0.2,drift,6,conv1,2,1,1.0,1.0,500
cka_feddst,cifar10,0.9,7,results/logs/multiseed/cifar10_drift_all/seed_7/splits/cifar10_split_seed7_clients5_alpha0p3_ref500.json,0.2,drift,6,conv1,2,2,1.0,1.0,500
cka_feddst,cifar10,0.9,7,results/logs/multiseed/cifar10_drift_all/seed_7/splits/cifar10_split_seed7_clients5_alpha0p3_ref500.json,0.2,drift,6,conv1,2,3,1.0,1.0,500
cka_feddst,cifar10,0.9,7,results/logs/multiseed/cifar10_drift_all/seed_7/splits/cifar10_split_seed7_clients5_alpha0p3_ref500.json,0.2,drift,6,conv1,2,4,1.0,1.0,500
cka_feddst,cifar10,0.9,7,results/logs/multiseed/cifar10_drift_all/seed_7/splits/cifar10_split_seed7_clients5_alpha0p3_ref500.json,0.2,drift,6,conv1,3,0,1.0,1.0,500
cka_feddst,cifar10,0.9,7,results/logs/multiseed/cifar10_drift_all/seed_7/splits/cifar10_split_seed7_clients5_alpha0p3_ref500.json,0.2,drift,6,conv1,3,1,1.0,1.0,500
cka_feddst,cifar10,0.9,7,results/logs/multiseed/cifar10_drift_all/seed_7/splits/cifar10_split_seed7_clients5_alpha0p3_ref500.json,0.2,drift,6,conv1,3,2,1.0,1.0,500
cka_feddst,cifar10,0.9,7,results/logs/multiseed/cifar10_drift_all/seed_7/splits/cifar10_split_seed7_clients5_alpha0p3_ref500.json,0.2,drift,6,conv1,3,3,1.0,1.0,500
cka_feddst,cifar10,0.9,7,results/logs/multiseed/cifar10_drift_all/seed_7/splits/cifar10_split_seed7_clients5_alpha0p3_ref500.json,0.2,drift,6,conv1,3,4,1.0,1.0,500
cka_feddst,cifar10,0.9,7,results/logs/multiseed/cifar10_drift_all/seed_7/splits/cifar10_split_seed7_clients5_alpha0p3_ref500.json,0.2,drift,6,conv1,4,0,1.0,1.0,500
cka_feddst,cifar10,0.9,7,results/logs/multiseed/cifar10_drift_all/seed_7/splits/cifar10_split_seed7_clients5_alpha0p3_ref500.json,0.2,drift,6,conv1,4,1,1.0,1.0,500
cka_feddst,cifar10,0.9,7,results/logs/multiseed/cifar10_drift_all/seed_7/splits/cifar10_split_seed7_clients5_alpha0p3_ref500.json,0.2,drift,6,conv1,4,2,1.0,1.0,500
cka_feddst,cifar10,0.9,7,results/logs/multiseed/cifar10_drift_all/seed_7/splits/cifar10_split_seed7_clients5_alpha0p3_ref500.json,0.2,drift,6,conv1,4,3,1.0,1.0,500
cka_feddst,cifar10,0.9,7,results/logs/multiseed/cifar10_drift_all/seed_7/splits/cifar10_split_seed7_clients5_alpha0p3_ref500.json,0.2,drift,6,conv1,4,4,1.0,1.0,500
cka_feddst,cifar10,0.9,7,results/logs/multiseed/cifar10_drift_all/seed_7/splits/cifar10_split_seed7_clients5_alpha0p3_ref500.json,0.2,drift,6,conv2,0,0,1.0,0.9999925494194031,500
cka_feddst,cifar10,0.9,7,results/logs/multiseed/cifar10_drift_all/seed_7/splits/cifar10_split_seed7_clients5_alpha0p3_ref500.json,0.2,drift,6,conv2,0,1,0.9999982118606567,0.9999925494194031,500
cka_feddst,cifar10,0.9,7,results/logs/multiseed/cifar10_drift_all/seed_7/splits/cifar10_split_seed7_clients5_alpha0p3_ref500.json,0.2,drift,6,conv2,0,2,0.9999753832817078,0.9999925494194031,500
cka_feddst,cifar10,0.9,7,results/logs/multiseed/cifar10_drift_all/seed_7/splits/cifar10_split_seed7_clients5_alpha0p3_ref500.json,0.2,drift,6,conv2,0,3,1.0,0.9999925494194031,500
cka_feddst,cifar10,0.9,7,results/logs/multiseed/cifar10_drift_all/seed_7/splits/cifar10_split_seed7_clients5_alpha0p3_ref500.json,0.2,drift,6,conv2,0,4,1.0,0.9999925494194031,500
cka_feddst,cifar10,0.9,7,results/logs/multiseed/cifar10_drift_all/seed_7/splits/cifar10_split_seed7_clients5_alpha0p3_ref500.json,0.2,drift,6,conv2,1,0,0.9999982118606567,0.9999925494194031,500
cka_feddst,cifar10,0.9,7,results/logs/multiseed/cifar10_drift_all/seed_7/splits/cifar10_split_seed7_clients5_alpha0p3_ref500.json,0.2,drift,6,conv2,1,1,1.0,0.9999925494194031,500
cka_feddst,cifar10,0.9,7,results/logs/multiseed/cifar10_drift_all/seed_7/splits/cifar10_split_seed7_clients5_alpha0p3_ref500.json,0.2,drift,6,conv2,1,2,0.9999886155128479,0.9999925494194031,500
cka_feddst,cifar10,0.9,7,results/logs/multiseed/cifar10_drift_all/seed_7/splits/cifar10_split_seed7_clients5_alpha0p3_ref500.json,0.2,drift,6,conv2,1,3,1.0,0.9999925494194031,500
cka_feddst,cifar10,0.9,7,results/logs/multiseed/cifar10_drift_all/seed_7/splits/cifar10_split_seed7_clients5_alpha0p3_ref500.json,0.2,drift,6,conv2,1,4,0.9999996423721313,0.9999925494194031,500
cka_feddst,cifar10,0.9,7,results/logs/multiseed/cifar10_drift_all/seed_7/splits/cifar10_split_seed7_clients5_alpha0p3_ref500.json,0.2,drift,6,conv2,2,0,0.9999753832817078,0.9999925494194031,500
cka_feddst,cifar10,0.9,7,results/logs/multiseed/cifar10_drift_all/seed_7/splits/cifar10_split_seed7_clients5_alpha0p3_ref500.json,0.2,drift,6,conv2,2,1,0.9999886155128479,0.9999925494194031,500
cka_feddst,cifar10,0.9,7,results/logs/multiseed/cifar10_drift_all/seed_7/splits/cifar10_split_seed7_clients5_alpha0p3_ref500.json,0.2,drift,6,conv2,2,2,1.0,0.9999925494194031,500
cka_feddst,cifar10,0.9,7,results/logs/multiseed/cifar10_drift_all/seed_7/splits/cifar10_split_seed7_clients5_alpha0p3_ref500.json,0.2,drift,6,conv2,2,3,0.9999884366989136,0.9999925494194031,500
cka_feddst,cifar10,0.9,7,results/logs/multiseed/cifar10_drift_all/seed_7/splits/cifar10_split_seed7_clients5_alpha0p3_ref500.json,0.2,drift,6,conv2,2,4,0.999975323677063,0.9999925494194031,500
cka_feddst,cifar10,0.9,7,results/logs/multiseed/cifar10_drift_all/seed_7/splits/cifar10_split_seed7_clients5_alpha0p3_ref500.json,0.2,drift,6,conv2,3,0,1.0,0.9999925494194031,500
cka_feddst,cifar10,0.9,7,results/logs/multiseed/cifar10_drift_all/seed_7/splits/cifar10_split_seed7_clients5_alpha0p3_ref500.json,0.2,drift,6,conv2,3,1,1.0,0.9999925494194031,500
cka_feddst,cifar10,0.9,7,results/logs/multiseed/cifar10_drift_all/seed_7/splits/cifar10_split_seed7_clients5_alpha0p3_ref500.json,0.2,drift,6,conv2,3,2,0.9999884366989136,0.9999925494194031,500
cka_feddst,cifar10,0.9,7,results/logs/multiseed/cifar10_drift_all/seed_7/splits/cifar10_split_seed7_clients5_alpha0p3_ref500.json,0.2,drift,6,conv2,3,3,1.0,0.9999925494194031,500
cka_feddst,cifar10,0.9,7,results/logs/multiseed/cifar10_drift_all/seed_7/splits/cifar10_split_seed7_clients5_alpha0p3_ref500.json,0.2,drift,6,conv2,3,4,1.0,0.9999925494194031,500
cka_feddst,cifar10,0.9,7,results/logs/multiseed/cifar10_drift_all/seed_7/splits/cifar10_split_seed7_clients5_alpha0p3_ref500.json,0.2,drift,6,conv2,4,0,1.0,0.9999925494194031,500
cka_feddst,cifar10,0.9,7,results/logs/multiseed/cifar10_drift_all/seed_7/splits/cifar10_split_seed7_clients5_alpha0p3_ref500.json,0.2,drift,6,conv2,4,1,0.9999996423721313,0.9999925494194031,500
cka_feddst,cifar10,0.9,7,results/logs/multiseed/cifar10_drift_all/seed_7/splits/cifar10_split_seed7_clients5_alpha0p3_ref500.json,0.2,drift,6,conv2,4,2,0.999975323677063,0.9999925494194031,500
cka_feddst,cifar10,0.9,7,results/logs/multiseed/cifar10_drift_all/seed_7/splits/cifar10_split_seed7_clients5_alpha0p3_ref500.json,0.2,drift,6,conv2,4,3,1.0,0.9999925494194031,500
cka_feddst,cifar10,0.9,7,results/logs/multiseed/cifar10_drift_all/seed_7/splits/cifar10_split_seed7_clients5_alpha0p3_ref500.json,0.2,drift,6,conv2,4,4,1.0,0.9999925494194031,500
cka_feddst,cifar10,0.9,7,results/logs/multiseed/cifar10_drift_all/seed_7/splits/cifar10_split_seed7_clients5_alpha0p3_ref500.json,0.2,drift,6,conv3,0,0,1.0,0.9999045133590698,500
cka_feddst,cifar10,0.9,7,results/logs/multiseed/cifar10_drift_all/seed_7/splits/cifar10_split_seed7_clients5_alpha0p3_ref500.json,0.2,drift,6,conv3,0,1,0.9999222755432129,0.9999045133590698,500
cka_feddst,cifar10,0.9,7,results/logs/multiseed/cifar10_drift_all/seed_7/splits/cifar10_split_seed7_clients5_alpha0p3_ref500.json,0.2,drift,6,conv3,0,2,0.9997205138206482,0.9999045133590698,500
cka_feddst,cifar10,0.9,7,results/logs/multiseed/cifar10_drift_all/seed_7/splits/cifar10_split_seed7_clients5_alpha0p3_ref500.json,0.2,drift,6,conv3,0,3,0.9999710321426392,0.9999045133590698,500
cka_feddst,cifar10,0.9,7,results/logs/multiseed/cifar10_drift_all/seed_7/splits/cifar10_split_seed7_clients5_alpha0p3_ref500.json,0.2,drift,6,conv3,0,4,0.9999852180480957,0.9999045133590698,500
cka_feddst,cifar10,0.9,7,results/logs/multiseed/cifar10_drift_all/seed_7/splits/cifar10_split_seed7_clients5_alpha0p3_ref500.json,0.2,drift,6,conv3,1,0,0.9999222755432129,0.9999045133590698,500
cka_feddst,cifar10,0.9,7,results/logs/multiseed/cifar10_drift_all/seed_7/splits/cifar10_split_seed7_clients5_alpha0p3_ref500.json,0.2,drift,6,conv3,1,1,1.0,0.9999045133590698,500
cka_feddst,cifar10,0.9,7,results/logs/multiseed/cifar10_drift_all/seed_7/splits/cifar10_split_seed7_clients5_alpha0p3_ref500.json,0.2,drift,6,conv3,1,2,0.9999169707298279,0.9999045133590698,500
cka_feddst,cifar10,0.9,7,results/logs/multiseed/cifar10_drift_all/seed_7/splits/cifar10_split_seed7_clients5_alpha0p3_ref500.json,0.2,drift,6,conv3,1,3,0.9999813437461853,0.9999045133590698,500
cka_feddst,cifar10,0.9,7,results/logs/multiseed/cifar10_drift_all/seed_7/splits/cifar10_split_seed7_clients5_alpha0p3_ref500.json,0.2,drift,6,conv3,1,4,0.9999513030052185,0.9999045133590698,500
cka_feddst,cifar10,0.9,7,results/logs/multiseed/cifar10_drift_all/seed_7/splits/cifar10_split_seed7_clients5_alpha0p3_ref500.json,0.2,drift,6,conv3,2,0,0.9997205138206482,0.9999045133590698,500
cka_feddst,cifar10,0.9,7,results/logs/multiseed/cifar10_drift_all/seed_7/splits/cifar10_split_seed7_clients5_alpha0p3_ref500.json,0.2,drift,6,conv3,2,1,0.9999169707298279,0.9999045133590698,500
cka_feddst,cifar10,0.9,7,results/logs/multiseed/cifar10_drift_all/seed_7/splits/cifar10_split_seed7_clients5_alpha0p3_ref500.json,0.2,drift,6,conv3,2,2,1.0,0.9999045133590698,500
cka_feddst,cifar10,0.9,7,results/logs/multiseed/cifar10_drift_all/seed_7/splits/cifar10_split_seed7_clients5_alpha0p3_ref500.json,0.2,drift,6,conv3,2,3,0.9998578429222107,0.9999045133590698,500
cka_feddst,cifar10,0.9,7,results/logs/multiseed/cifar10_drift_all/seed_7/splits/cifar10_split_seed7_clients5_alpha0p3_ref500.json,0.2,drift,6,conv3,2,4,0.9997711777687073,0.9999045133590698,500
cka_feddst,cifar10,0.9,7,results/logs/multiseed/cifar10_drift_all/seed_7/splits/cifar10_split_seed7_clients5_alpha0p3_ref500.json,0.2,drift,6,conv3,3,0,0.9999710321426392,0.9999045133590698,500
cka_feddst,cifar10,0.9,7,results/logs/multiseed/cifar10_drift_all/seed_7/splits/cifar10_split_seed7_clients5_alpha0p3_ref500.json,0.2,drift,6,conv3,3,1,0.9999813437461853,0.9999045133590698,500
cka_feddst,cifar10,0.9,7,results/logs/multiseed/cifar10_drift_all/seed_7/splits/cifar10_split_seed7_clients5_alpha0p3_ref500.json,0.2,drift,6,conv3,3,2,0.9998578429222107,0.9999045133590698,500
cka_feddst,cifar10,0.9,7,results/logs/multiseed/cifar10_drift_all/seed_7/splits/cifar10_split_seed7_clients5_alpha0p3_ref500.json,0.2,drift,6,conv3,3,3,1.0,0.9999045133590698,500
cka_feddst,cifar10,0.9,7,results/logs/multiseed/cifar10_drift_all/seed_7/splits/cifar10_split_seed7_clients5_alpha0p3_ref500.json,0.2,drift,6,conv3,3,4,0.9999679923057556,0.9999045133590698,500
cka_feddst,cifar10,0.9,7,results/logs/multiseed/cifar10_drift_all/seed_7/splits/cifar10_split_seed7_clients5_alpha0p3_ref500.json,0.2,drift,6,conv3,4,0,0.9999852180480957,0.9999045133590698,500
cka_feddst,cifar10,0.9,7,results/logs/multiseed/cifar10_drift_all/seed_7/splits/cifar10_split_seed7_clients5_alpha0p3_ref500.json,0.2,drift,6,conv3,4,1,0.9999513030052185,0.9999045133590698,500
cka_feddst,cifar10,0.9,7,results/logs/multiseed/cifar10_drift_all/seed_7/splits/cifar10_split_seed7_clients5_alpha0p3_ref500.json,0.2,drift,6,conv3,4,2,0.9997711777687073,0.9999045133590698,500
cka_feddst,cifar10,0.9,7,results/logs/multiseed/cifar10_drift_all/seed_7/splits/cifar10_split_seed7_clients5_alpha0p3_ref500.json,0.2,drift,6,conv3,4,3,0.9999679923057556,0.9999045133590698,500
cka_feddst,cifar10,0.9,7,results/logs/multiseed/cifar10_drift_all/seed_7/splits/cifar10_split_seed7_clients5_alpha0p3_ref500.json,0.2,drift,6,conv3,4,4,1.0,0.9999045133590698,500
cka_feddst,cifar10,0.9,7,results/logs/multiseed/cifar10_drift_all/seed_7/splits/cifar10_split_seed7_clients5_alpha0p3_ref500.json,0.2,drift,6,fc1,0,0,1.0,0.996300220489502,500
cka_feddst,cifar10,0.9,7,results/logs/multiseed/cifar10_drift_all/seed_7/splits/cifar10_split_seed7_clients5_alpha0p3_ref500.json,0.2,drift,6,fc1,0,1,0.9961220026016235,0.996300220489502,500
cka_feddst,cifar10,0.9,7,results/logs/multiseed/cifar10_drift_all/seed_7/splits/cifar10_split_seed7_clients5_alpha0p3_ref500.json,0.2,drift,6,fc1,0,2,0.9934565424919128,0.996300220489502,500
cka_feddst,cifar10,0.9,7,results/logs/multiseed/cifar10_drift_all/seed_7/splits/cifar10_split_seed7_clients5_alpha0p3_ref500.json,0.2,drift,6,fc1,0,3,0.9975734353065491,0.996300220489502,500
cka_feddst,cifar10,0.9,7,results/logs/multiseed/cifar10_drift_all/seed_7/splits/cifar10_split_seed7_clients5_alpha0p3_ref500.json,0.2,drift,6,fc1,0,4,0.9967778921127319,0.996300220489502,500
cka_feddst,cifar10,0.9,7,results/logs/multiseed/cifar10_drift_all/seed_7/splits/cifar10_split_seed7_clients5_alpha0p3_ref500.json,0.2,drift,6,fc1,1,0,0.9961220026016235,0.996300220489502,500
cka_feddst,cifar10,0.9,7,results/logs/multiseed/cifar10_drift_all/seed_7/splits/cifar10_split_seed7_clients5_alpha0p3_ref500.json,0.2,drift,6,fc1,1,1,1.0,0.996300220489502,500
cka_feddst,cifar10,0.9,7,results/logs/multiseed/cifar10_drift_all/seed_7/splits/cifar10_split_seed7_clients5_alpha0p3_ref500.json,0.2,drift,6,fc1,1,2,0.9966310262680054,0.996300220489502,500
cka_feddst,cifar10,0.9,7,results/logs/multiseed/cifar10_drift_all/seed_7/splits/cifar10_split_seed7_clients5_alpha0p3_ref500.json,0.2,drift,6,fc1,1,3,0.9982919692993164,0.996300220489502,500
cka_feddst,cifar10,0.9,7,results/logs/multiseed/cifar10_drift_all/seed_7/splits/cifar10_split_seed7_clients5_alpha0p3_ref500.json,0.2,drift,6,fc1,1,4,0.9977062344551086,0.996300220489502,500
cka_feddst,cifar10,0.9,7,results/logs/multiseed/cifar10_drift_all/seed_7/splits/cifar10_split_seed7_clients5_alpha0p3_ref500.json,0.2,drift,6,fc1,2,0,0.9934565424919128,0.996300220489502,500
cka_feddst,cifar10,0.9,7,results/logs/multiseed/cifar10_drift_all/seed_7/splits/cifar10_split_seed7_clients5_alpha0p3_ref500.json,0.2,drift,6,fc1,2,1,0.9966310262680054,0.996300220489502,500
cka_feddst,cifar10,0.9,7,results/logs/multiseed/cifar10_drift_all/seed_7/splits/cifar10_split_seed7_clients5_alpha0p3_ref500.json,0.2,drift,6,fc1,2,2,1.0,0.996300220489502,500
cka_feddst,cifar10,0.9,7,results/logs/multiseed/cifar10_drift_all/seed_7/splits/cifar10_split_seed7_clients5_alpha0p3_ref500.json,0.2,drift,6,fc1,2,3,0.9952837824821472,0.996300220489502,500
cka_feddst,cifar10,0.9,7,results/logs/multiseed/cifar10_drift_all/seed_7/splits/cifar10_split_seed7_clients5_alpha0p3_ref500.json,0.2,drift,6,fc1,2,4,0.9945700764656067,0.996300220489502,500
cka_feddst,cifar10,0.9,7,results/logs/multiseed/cifar10_drift_all/seed_7/splits/cifar10_split_seed7_clients5_alpha0p3_ref500.json,0.2,drift,6,fc1,3,0,0.9975734353065491,0.996300220489502,500
cka_feddst,cifar10,0.9,7,results/logs/multiseed/cifar10_drift_all/seed_7/splits/cifar10_split_seed7_clients5_alpha0p3_ref500.json,0.2,drift,6,fc1,3,1,0.9982919692993164,0.996300220489502,500
cka_feddst,cifar10,0.9,7,results/logs/multiseed/cifar10_drift_all/seed_7/splits/cifar10_split_seed7_clients5_alpha0p3_ref500.json,0.2,drift,6,fc1,3,2,0.9952837824821472,0.996300220489502,500
cka_feddst,cifar10,0.9,7,results/logs/multiseed/cifar10_drift_all/seed_7/splits/cifar10_split_seed7_clients5_alpha0p3_ref500.json,0.2,drift,6,fc1,3,3,1.0,0.996300220489502,500
cka_feddst,cifar10,0.9,7,results/logs/multiseed/cifar10_drift_all/seed_7/splits/cifar10_split_seed7_clients5_alpha0p3_ref500.json,0.2,drift,6,fc1,3,4,0.9965885877609253,0.996300220489502,500
cka_feddst,cifar10,0.9,7,results/logs/multiseed/cifar10_drift_all/seed_7/splits/cifar10_split_seed7_clients5_alpha0p3_ref500.json,0.2,drift,6,fc1,4,0,0.9967778921127319,0.996300220489502,500
cka_feddst,cifar10,0.9,7,results/logs/multiseed/cifar10_drift_all/seed_7/splits/cifar10_split_seed7_clients5_alpha0p3_ref500.json,0.2,drift,6,fc1,4,1,0.9977062344551086,0.996300220489502,500
cka_feddst,cifar10,0.9,7,results/logs/multiseed/cifar10_drift_all/seed_7/splits/cifar10_split_seed7_clients5_alpha0p3_ref500.json,0.2,drift,6,fc1,4,2,0.9945700764656067,0.996300220489502,500
cka_feddst,cifar10,0.9,7,results/logs/multiseed/cifar10_drift_all/seed_7/splits/cifar10_split_seed7_clients5_alpha0p3_ref500.json,0.2,drift,6,fc1,4,3,0.9965885877609253,0.996300220489502,500
cka_feddst,cifar10,0.9,7,results/logs/multiseed/cifar10_drift_all/seed_7/splits/cifar10_split_seed7_clients5_alpha0p3_ref500.json,0.2,drift,6,fc1,4,4,1.0,0.996300220489502,500
cka_feddst,cifar10,0.9,7,results/logs/multiseed/cifar10_drift_all/seed_7/splits/cifar10_split_seed7_clients5_alpha0p3_ref500.json,0.2,drift,8,conv1,0,0,1.0,1.0,500
cka_feddst,cifar10,0.9,7,results/logs/multiseed/cifar10_drift_all/seed_7/splits/cifar10_split_seed7_clients5_alpha0p3_ref500.json,0.2,drift,8,conv1,0,1,1.0,1.0,500
cka_feddst,cifar10,0.9,7,results/logs/multiseed/cifar10_drift_all/seed_7/splits/cifar10_split_seed7_clients5_alpha0p3_ref500.json,0.2,drift,8,conv1,0,2,1.0,1.0,500
cka_feddst,cifar10,0.9,7,results/logs/multiseed/cifar10_drift_all/seed_7/splits/cifar10_split_seed7_clients5_alpha0p3_ref500.json,0.2,drift,8,conv1,0,3,1.0,1.0,500
cka_feddst,cifar10,0.9,7,results/logs/multiseed/cifar10_drift_all/seed_7/splits/cifar10_split_seed7_clients5_alpha0p3_ref500.json,0.2,drift,8,conv1,0,4,1.0,1.0,500
cka_feddst,cifar10,0.9,7,results/logs/multiseed/cifar10_drift_all/seed_7/splits/cifar10_split_seed7_clients5_alpha0p3_ref500.json,0.2,drift,8,conv1,1,0,1.0,1.0,500
cka_feddst,cifar10,0.9,7,results/logs/multiseed/cifar10_drift_all/seed_7/splits/cifar10_split_seed7_clients5_alpha0p3_ref500.json,0.2,drift,8,conv1,1,1,1.0,1.0,500
cka_feddst,cifar10,0.9,7,results/logs/multiseed/cifar10_drift_all/seed_7/splits/cifar10_split_seed7_clients5_alpha0p3_ref500.json,0.2,drift,8,conv1,1,2,1.0,1.0,500
cka_feddst,cifar10,0.9,7,results/logs/multiseed/cifar10_drift_all/seed_7/splits/cifar10_split_seed7_clients5_alpha0p3_ref500.json,0.2,drift,8,conv1,1,3,1.0,1.0,500
cka_feddst,cifar10,0.9,7,results/logs/multiseed/cifar10_drift_all/seed_7/splits/cifar10_split_seed7_clients5_alpha0p3_ref500.json,0.2,drift,8,conv1,1,4,1.0,1.0,500
cka_feddst,cifar10,0.9,7,results/logs/multiseed/cifar10_drift_all/seed_7/splits/cifar10_split_seed7_clients5_alpha0p3_ref500.json,0.2,drift,8,conv1,2,0,1.0,1.0,500
cka_feddst,cifar10,0.9,7,results/logs/multiseed/cifar10_drift_all/seed_7/splits/cifar10_split_seed7_clients5_alpha0p3_ref500.json,0.2,drift,8,conv1,2,1,1.0,1.0,500
cka_feddst,cifar10,0.9,7,results/logs/multiseed/cifar10_drift_all/seed_7/splits/cifar10_split_seed7_clients5_alpha0p3_ref500.json,0.2,drift,8,conv1,2,2,1.0,1.0,500
cka_feddst,cifar10,0.9,7,results/logs/multiseed/cifar10_drift_all/seed_7/splits/cifar10_split_seed7_clients5_alpha0p3_ref500.json,0.2,drift,8,conv1,2,3,1.0,1.0,500
cka_feddst,cifar10,0.9,7,results/logs/multiseed/cifar10_drift_all/seed_7/splits/cifar10_split_seed7_clients5_alpha0p3_ref500.json,0.2,drift,8,conv1,2,4,1.0,1.0,500
cka_feddst,cifar10,0.9,7,results/logs/multiseed/cifar10_drift_all/seed_7/splits/cifar10_split_seed7_clients5_alpha0p3_ref500.json,0.2,drift,8,conv1,3,0,1.0,1.0,500
cka_feddst,cifar10,0.9,7,results/logs/multiseed/cifar10_drift_all/seed_7/splits/cifar10_split_seed7_clients5_alpha0p3_ref500.json,0.2,drift,8,conv1,3,1,1.0,1.0,500
cka_feddst,cifar10,0.9,7,results/logs/multiseed/cifar10_drift_all/seed_7/splits/cifar10_split_seed7_clients5_alpha0p3_ref500.json,0.2,drift,8,conv1,3,2,1.0,1.0,500
cka_feddst,cifar10,0.9,7,results/logs/multiseed/cifar10_drift_all/seed_7/splits/cifar10_split_seed7_clients5_alpha0p3_ref500.json,0.2,drift,8,conv1,3,3,1.0,1.0,500
cka_feddst,cifar10,0.9,7,results/logs/multiseed/cifar10_drift_all/seed_7/splits/cifar10_split_seed7_clients5_alpha0p3_ref500.json,0.2,drift,8,conv1,3,4,1.0,1.0,500
cka_feddst,cifar10,0.9,7,results/logs/multiseed/cifar10_drift_all/seed_7/splits/cifar10_split_seed7_clients5_alpha0p3_ref500.json,0.2,drift,8,conv1,4,0,1.0,1.0,500
cka_feddst,cifar10,0.9,7,results/logs/multiseed/cifar10_drift_all/seed_7/splits/cifar10_split_seed7_clients5_alpha0p3_ref500.json,0.2,drift,8,conv1,4,1,1.0,1.0,500
cka_feddst,cifar10,0.9,7,results/logs/multiseed/cifar10_drift_all/seed_7/splits/cifar10_split_seed7_clients5_alpha0p3_ref500.json,0.2,drift,8,conv1,4,2,1.0,1.0,500
cka_feddst,cifar10,0.9,7,results/logs/multiseed/cifar10_drift_all/seed_7/splits/cifar10_split_seed7_clients5_alpha0p3_ref500.json,0.2,drift,8,conv1,4,3,1.0,1.0,500
cka_feddst,cifar10,0.9,7,results/logs/multiseed/cifar10_drift_all/seed_7/splits/cifar10_split_seed7_clients5_alpha0p3_ref500.json,0.2,drift,8,conv1,4,4,1.0,1.0,500
cka_feddst,cifar10,0.9,7,results/logs/multiseed/cifar10_drift_all/seed_7/splits/cifar10_split_seed7_clients5_alpha0p3_ref500.json,0.2,drift,8,conv2,0,0,1.0,0.9999168515205383,500
cka_feddst,cifar10,0.9,7,results/logs/multiseed/cifar10_drift_all/seed_7/splits/cifar10_split_seed7_clients5_alpha0p3_ref500.json,0.2,drift,8,conv2,0,1,0.9999852180480957,0.9999168515205383,500
cka_feddst,cifar10,0.9,7,results/logs/multiseed/cifar10_drift_all/seed_7/splits/cifar10_split_seed7_clients5_alpha0p3_ref500.json,0.2,drift,8,conv2,0,2,0.9997084140777588,0.9999168515205383,500
cka_feddst,cifar10,0.9,7,results/logs/multiseed/cifar10_drift_all/seed_7/splits/cifar10_split_seed7_clients5_alpha0p3_ref500.json,0.2,drift,8,conv2,0,3,0.99997878074646,0.9999168515205383,500
cka_feddst,cifar10,0.9,7,results/logs/multiseed/cifar10_drift_all/seed_7/splits/cifar10_split_seed7_clients5_alpha0p3_ref500.json,0.2,drift,8,conv2,0,4,0.9999302625656128,0.9999168515205383,500
cka_feddst,cifar10,0.9,7,results/logs/multiseed/cifar10_drift_all/seed_7/splits/cifar10_split_seed7_clients5_alpha0p3_ref500.json,0.2,drift,8,conv2,1,0,0.9999852180480957,0.9999168515205383,500
cka_feddst,cifar10,0.9,7,results/logs/multiseed/cifar10_drift_all/seed_7/splits/cifar10_split_seed7_clients5_alpha0p3_ref500.json,0.2,drift,8,conv2,1,1,1.0,0.9999168515205383,500
cka_feddst,cifar10,0.9,7,results/logs/multiseed/cifar10_drift_all/seed_7/splits/cifar10_split_seed7_clients5_alpha0p3_ref500.json,0.2,drift,8,conv2,1,2,0.9998291730880737,0.9999168515205383,500
cka_feddst,cifar10,0.9,7,results/logs/multiseed/cifar10_drift_all/seed_7/splits/cifar10_split_seed7_clients5_alpha0p3_ref500.json,0.2,drift,8,conv2,1,3,1.0,0.9999168515205383,500
cka_feddst,cifar10,0.9,7,results/logs/multiseed/cifar10_drift_all/seed_7/splits/cifar10_split_seed7_clients5_alpha0p3_ref500.json,0.2,drift,8,conv2,1,4,0.9999821186065674,0.9999168515205383,500
cka_feddst,cifar10,0.9,7,results/logs/multiseed/cifar10_drift_all/seed_7/splits/cifar10_split_seed7_clients5_alpha0p3_ref500.json,0.2,drift,8,conv2,2,0,0.9997084140777588,0.9999168515205383,500
cka_feddst,cifar10,0.9,7,results/logs/multiseed/cifar10_drift_all/seed_7/splits/cifar10_split_seed7_clients5_alpha0p3_ref500.json,0.2,drift,8,conv2,2,1,0.9998291730880737,0.9999168515205383,500
cka_feddst,cifar10,0.9,7,results/logs/multiseed/cifar10_drift_all/seed_7/splits/cifar10_split_seed7_clients5_alpha0p3_ref500.json,0.2,drift,8,conv2,2,2,1.0,0.9999168515205383,500
cka_feddst,cifar10,0.9,7,results/logs/multiseed/cifar10_drift_all/seed_7/splits/cifar10_split_seed7_clients5_alpha0p3_ref500.json,0.2,drift,8,conv2,2,3,0.9998459219932556,0.9999168515205383,500
cka_feddst,cifar10,0.9,7,results/logs/multiseed/cifar10_drift_all/seed_7/splits/cifar10_split_seed7_clients5_alpha0p3_ref500.json,0.2,drift,8,conv2,2,4,0.9999233484268188,0.9999168515205383,500
cka_feddst,cifar10,0.9,7,results/logs/multiseed/cifar10_drift_all/seed_7/splits/cifar10_split_seed7_clients5_alpha0p3_ref500.json,0.2,drift,8,conv2,3,0,0.99997878074646,0.9999168515205383,500
cka_feddst,cifar10,0.9,7,results/logs/multiseed/cifar10_drift_all/seed_7/splits/cifar10_split_seed7_clients5_alpha0p3_ref500.json,0.2,drift,8,conv2,3,1,1.0,0.9999168515205383,500
cka_feddst,cifar10,0.9,7,results/logs/multiseed/cifar10_drift_all/seed_7/splits/cifar10_split_seed7_clients5_alpha0p3_ref500.json,0.2,drift,8,conv2,3,2,0.9998459219932556,0.9999168515205383,500
cka_feddst,cifar10,0.9,7,results/logs/multiseed/cifar10_drift_all/seed_7/splits/cifar10_split_seed7_clients5_alpha0p3_ref500.json,0.2,drift,8,conv2,3,3,1.0,0.9999168515205383,500
cka_feddst,cifar10,0.9,7,results/logs/multiseed/cifar10_drift_all/seed_7/splits/cifar10_split_seed7_clients5_alpha0p3_ref500.json,0.2,drift,8,conv2,3,4,0.9999852180480957,0.9999168515205383,500
cka_feddst,cifar10,0.9,7,results/logs/multiseed/cifar10_drift_all/seed_7/splits/cifar10_split_seed7_clients5_alpha0p3_ref500.json,0.2,drift,8,conv2,4,0,0.9999302625656128,0.9999168515205383,500
cka_feddst,cifar10,0.9,7,results/logs/multiseed/cifar10_drift_all/seed_7/splits/cifar10_split_seed7_clients5_alpha0p3_ref500.json,0.2,drift,8,conv2,4,1,0.9999821186065674,0.9999168515205383,500
cka_feddst,cifar10,0.9,7,results/logs/multiseed/cifar10_drift_all/seed_7/splits/cifar10_split_seed7_clients5_alpha0p3_ref500.json,0.2,drift,8,conv2,4,2,0.9999233484268188,0.9999168515205383,500
cka_feddst,cifar10,0.9,7,results/logs/multiseed/cifar10_drift_all/seed_7/splits/cifar10_split_seed7_clients5_alpha0p3_ref500.json,0.2,drift,8,conv2,4,3,0.9999852180480957,0.9999168515205383,500
cka_feddst,cifar10,0.9,7,results/logs/multiseed/cifar10_drift_all/seed_7/splits/cifar10_split_seed7_clients5_alpha0p3_ref500.json,0.2,drift,8,conv2,4,4,1.0,0.9999168515205383,500
cka_feddst,cifar10,0.9,7,results/logs/multiseed/cifar10_drift_all/seed_7/splits/cifar10_split_seed7_clients5_alpha0p3_ref500.json,0.2,drift,8,conv3,0,0,1.0,0.99931800365448,500
cka_feddst,cifar10,0.9,7,results/logs/multiseed/cifar10_drift_all/seed_7/splits/cifar10_split_seed7_clients5_alpha0p3_ref500.json,0.2,drift,8,conv3,0,1,0.9997209906578064,0.99931800365448,500
cka_feddst,cifar10,0.9,7,results/logs/multiseed/cifar10_drift_all/seed_7/splits/cifar10_split_seed7_clients5_alpha0p3_ref500.json,0.2,drift,8,conv3,0,2,0.9975688457489014,0.99931800365448,500
cka_feddst,cifar10,0.9,7,results/logs/multiseed/cifar10_drift_all/seed_7/splits/cifar10_split_seed7_clients5_alpha0p3_ref500.json,0.2,drift,8,conv3,0,3,0.9997096657752991,0.99931800365448,500
cka_feddst,cifar10,0.9,7,results/logs/multiseed/cifar10_drift_all/seed_7/splits/cifar10_split_seed7_clients5_alpha0p3_ref500.json,0.2,drift,8,conv3,0,4,0.9993792772293091,0.99931800365448,500
cka_feddst,cifar10,0.9,7,results/logs/multiseed/cifar10_drift_all/seed_7/splits/cifar10_split_seed7_clients5_alpha0p3_ref500.json,0.2,drift,8,conv3,1,0,0.9997209906578064,0.99931800365448,500
cka_feddst,cifar10,0.9,7,results/logs/multiseed/cifar10_drift_all/seed_7/splits/cifar10_split_seed7_clients5_alpha0p3_ref500.json,0.2,drift,8,conv3,1,1,1.0,0.99931800365448,500
cka_feddst,cifar10,0.9,7,results/logs/multiseed/cifar10_drift_all/seed_7/splits/cifar10_split_seed7_clients5_alpha0p3_ref500.json,0.2,drift,8,conv3,1,2,0.9988686442375183,0.99931800365448,500
cka_feddst,cifar10,0.9,7,results/logs/multiseed/cifar10_drift_all/seed_7/splits/cifar10_split_seed7_clients5_alpha0p3_ref500.json,0.2,drift,8,conv3,1,3,0.9999882578849792,0.99931800365448,500
cka_feddst,cifar10,0.9,7,results/logs/multiseed/cifar10_drift_all/seed_7/splits/cifar10_split_seed7_clients5_alpha0p3_ref500.json,0.2,drift,8,conv3,1,4,0.9998676776885986,0.99931800365448,500
cka_feddst,cifar10,0.9,7,results/logs/multiseed/cifar10_drift_all/seed_7/splits/cifar10_split_seed7_clients5_alpha0p3_ref500.json,0.2,drift,8,conv3,2,0,0.9975688457489014,0.99931800365448,500
cka_feddst,cifar10,0.9,7,results/logs/multiseed/cifar10_drift_all/seed_7/splits/cifar10_split_seed7_clients5_alpha0p3_ref500.json,0.2,drift,8,conv3,2,1,0.9988686442375183,0.99931800365448,500
cka_feddst,cifar10,0.9,7,results/logs/multiseed/cifar10_drift_all/seed_7/splits/cifar10_split_seed7_clients5_alpha0p3_ref500.json,0.2,drift,8,conv3,2,2,1.0,0.99931800365448,500
cka_feddst,cifar10,0.9,7,results/logs/multiseed/cifar10_drift_all/seed_7/splits/cifar10_split_seed7_clients5_alpha0p3_ref500.json,0.2,drift,8,conv3,2,3,0.9989112019538879,0.99931800365448,500
cka_feddst,cifar10,0.9,7,results/logs/multiseed/cifar10_drift_all/seed_7/splits/cifar10_split_seed7_clients5_alpha0p3_ref500.json,0.2,drift,8,conv3,2,4,0.999314546585083,0.99931800365448,500
cka_feddst,cifar10,0.9,7,results/logs/multiseed/cifar10_drift_all/seed_7/splits/cifar10_split_seed7_clients5_alpha0p3_ref500.json,0.2,drift,8,conv3,3,0,0.9997096657752991,0.99931800365448,500
cka_feddst,cifar10,0.9,7,results/logs/multiseed/cifar10_drift_all/seed_7/splits/cifar10_split_seed7_clients5_alpha0p3_ref500.json,0.2,drift,8,conv3,3,1,0.9999882578849792,0.99931800365448,500
cka_feddst,cifar10,0.9,7,results/logs/multiseed/cifar10_drift_all/seed_7/splits/cifar10_split_seed7_clients5_alpha0p3_ref500.json,0.2,drift,8,conv3,3,2,0.9989112019538879,0.99931800365448,500
cka_feddst,cifar10,0.9,7,results/logs/multiseed/cifar10_drift_all/seed_7/splits/cifar10_split_seed7_clients5_alpha0p3_ref500.json,0.2,drift,8,conv3,3,3,1.0,0.99931800365448,500
cka_feddst,cifar10,0.9,7,results/logs/multiseed/cifar10_drift_all/seed_7/splits/cifar10_split_seed7_clients5_alpha0p3_ref500.json,0.2,drift,8,conv3,3,4,0.9998521208763123,0.99931800365448,500
cka_feddst,cifar10,0.9,7,results/logs/multiseed/cifar10_drift_all/seed_7/splits/cifar10_split_seed7_clients5_alpha0p3_ref500.json,0.2,drift,8,conv3,4,0,0.9993792772293091,0.99931800365448,500
cka_feddst,cifar10,0.9,7,results/logs/multiseed/cifar10_drift_all/seed_7/splits/cifar10_split_seed7_clients5_alpha0p3_ref500.json,0.2,drift,8,conv3,4,1,0.9998676776885986,0.99931800365448,500
cka_feddst,cifar10,0.9,7,results/logs/multiseed/cifar10_drift_all/seed_7/splits/cifar10_split_seed7_clients5_alpha0p3_ref500.json,0.2,drift,8,conv3,4,2,0.999314546585083,0.99931800365448,500
cka_feddst,cifar10,0.9,7,results/logs/multiseed/cifar10_drift_all/seed_7/splits/cifar10_split_seed7_clients5_alpha0p3_ref500.json,0.2,drift,8,conv3,4,3,0.9998521208763123,0.99931800365448,500
cka_feddst,cifar10,0.9,7,results/logs/multiseed/cifar10_drift_all/seed_7/splits/cifar10_split_seed7_clients5_alpha0p3_ref500.json,0.2,drift,8,conv3,4,4,1.0,0.99931800365448,500
cka_feddst,cifar10,0.9,7,results/logs/multiseed/cifar10_drift_all/seed_7/splits/cifar10_split_seed7_clients5_alpha0p3_ref500.json,0.2,drift,8,fc1,0,0,1.0,0.9873625040054321,500
cka_feddst,cifar10,0.9,7,results/logs/multiseed/cifar10_drift_all/seed_7/splits/cifar10_split_seed7_clients5_alpha0p3_ref500.json,0.2,drift,8,fc1,0,1,0.9938145875930786,0.9873625040054321,500
cka_feddst,cifar10,0.9,7,results/logs/multiseed/cifar10_drift_all/seed_7/splits/cifar10_split_seed7_clients5_alpha0p3_ref500.json,0.2,drift,8,fc1,0,2,0.972065269947052,0.9873625040054321,500
cka_feddst,cifar10,0.9,7,results/logs/multiseed/cifar10_drift_all/seed_7/splits/cifar10_split_seed7_clients5_alpha0p3_ref500.json,0.2,drift,8,fc1,0,3,0.9920182228088379,0.9873625040054321,500
cka_feddst,cifar10,0.9,7,results/logs/multiseed/cifar10_drift_all/seed_7/splits/cifar10_split_seed7_clients5_alpha0p3_ref500.json,0.2,drift,8,fc1,0,4,0.980612576007843,0.9873625040054321,500
cka_feddst,cifar10,0.9,7,results/logs/multiseed/cifar10_drift_all/seed_7/splits/cifar10_split_seed7_clients5_alpha0p3_ref500.json,0.2,drift,8,fc1,1,0,0.9938145875930786,0.9873625040054321,500
cka_feddst,cifar10,0.9,7,results/logs/multiseed/cifar10_drift_all/seed_7/splits/cifar10_split_seed7_clients5_alpha0p3_ref500.json,0.2,drift,8,fc1,1,1,1.0,0.9873625040054321,500
cka_feddst,cifar10,0.9,7,results/logs/multiseed/cifar10_drift_all/seed_7/splits/cifar10_split_seed7_clients5_alpha0p3_ref500.json,0.2,drift,8,fc1,1,2,0.987223207950592,0.9873625040054321,500
cka_feddst,cifar10,0.9,7,results/logs/multiseed/cifar10_drift_all/seed_7/splits/cifar10_split_seed7_clients5_alpha0p3_ref500.json,0.2,drift,8,fc1,1,3,0.9987174868583679,0.9873625040054321,500
cka_feddst,cifar10,0.9,7,results/logs/multiseed/cifar10_drift_all/seed_7/splits/cifar10_split_seed7_clients5_alpha0p3_ref500.json,0.2,drift,8,fc1,1,4,0.984125554561615,0.9873625040054321,500
cka_feddst,cifar10,0.9,7,results/logs/multiseed/cifar10_drift_all/seed_7/splits/cifar10_split_seed7_clients5_alpha0p3_ref500.json,0.2,drift,8,fc1,2,0,0.972065269947052,0.9873625040054321,500
cka_feddst,cifar10,0.9,7,results/logs/multiseed/cifar10_drift_all/seed_7/splits/cifar10_split_seed7_clients5_alpha0p3_ref500.json,0.2,drift,8,fc1,2,1,0.987223207950592,0.9873625040054321,500
cka_feddst,cifar10,0.9,7,results/logs/multiseed/cifar10_drift_all/seed_7/splits/cifar10_split_seed7_clients5_alpha0p3_ref500.json,0.2,drift,8,fc1,2,2,1.0,0.9873625040054321,500
cka_feddst,cifar10,0.9,7,results/logs/multiseed/cifar10_drift_all/seed_7/splits/cifar10_split_seed7_clients5_alpha0p3_ref500.json,0.2,drift,8,fc1,2,3,0.989270031452179,0.9873625040054321,500
cka_feddst,cifar10,0.9,7,results/logs/multiseed/cifar10_drift_all/seed_7/splits/cifar10_split_seed7_clients5_alpha0p3_ref500.json,0.2,drift,8,fc1,2,4,0.9884684085845947,0.9873625040054321,500
cka_feddst,cifar10,0.9,7,results/logs/multiseed/cifar10_drift_all/seed_7/splits/cifar10_split_seed7_clients5_alpha0p3_ref500.json,0.2,drift,8,fc1,3,0,0.9920182228088379,0.9873625040054321,500
cka_feddst,cifar10,0.9,7,results/logs/multiseed/cifar10_drift_all/seed_7/splits/cifar10_split_seed7_clients5_alpha0p3_ref500.json,0.2,drift,8,fc1,3,1,0.9987174868583679,0.9873625040054321,500
cka_feddst,cifar10,0.9,7,results/logs/multiseed/cifar10_drift_all/seed_7/splits/cifar10_split_seed7_clients5_alpha0p3_ref500.json,0.2,drift,8,fc1,3,2,0.989270031452179,0.9873625040054321,500
cka_feddst,cifar10,0.9,7,results/logs/multiseed/cifar10_drift_all/seed_7/splits/cifar10_split_seed7_clients5_alpha0p3_ref500.json,0.2,drift,8,fc1,3,3,1.0,0.9873625040054321,500
cka_feddst,cifar10,0.9,7,results/logs/multiseed/cifar10_drift_all/seed_7/splits/cifar10_split_seed7_clients5_alpha0p3_ref500.json,0.2,drift,8,fc1,3,4,0.9873096942901611,0.9873625040054321,500
cka_feddst,cifar10,0.9,7,results/logs/multiseed/cifar10_drift_all/seed_7/splits/cifar10_split_seed7_clients5_alpha0p3_ref500.json,0.2,drift,8,fc1,4,0,0.980612576007843,0.9873625040054321,500
cka_feddst,cifar10,0.9,7,results/logs/multiseed/cifar10_drift_all/seed_7/splits/cifar10_split_seed7_clients5_alpha0p3_ref500.json,0.2,drift,8,fc1,4,1,0.984125554561615,0.9873625040054321,500
cka_feddst,cifar10,0.9,7,results/logs/multiseed/cifar10_drift_all/seed_7/splits/cifar10_split_seed7_clients5_alpha0p3_ref500.json,0.2,drift,8,fc1,4,2,0.9884684085845947,0.9873625040054321,500
cka_feddst,cifar10,0.9,7,results/logs/multiseed/cifar10_drift_all/seed_7/splits/cifar10_split_seed7_clients5_alpha0p3_ref500.json,0.2,drift,8,fc1,4,3,0.9873096942901611,0.9873625040054321,500
cka_feddst,cifar10,0.9,7,results/logs/multiseed/cifar10_drift_all/seed_7/splits/cifar10_split_seed7_clients5_alpha0p3_ref500.json,0.2,drift,8,fc1,4,4,1.0,0.9873625040054321,500
cka_feddst,cifar10,0.9,7,results/logs/multiseed/cifar10_drift_all/seed_7/splits/cifar10_split_seed7_clients5_alpha0p3_ref500.json,0.2,drift,10,conv1,0,0,1.0,1.0,500
cka_feddst,cifar10,0.9,7,results/logs/multiseed/cifar10_drift_all/seed_7/splits/cifar10_split_seed7_clients5_alpha0p3_ref500.json,0.2,drift,10,conv1,0,1,1.0,1.0,500
cka_feddst,cifar10,0.9,7,results/logs/multiseed/cifar10_drift_all/seed_7/splits/cifar10_split_seed7_clients5_alpha0p3_ref500.json,0.2,drift,10,conv1,0,2,1.0,1.0,500
cka_feddst,cifar10,0.9,7,results/logs/multiseed/cifar10_drift_all/seed_7/splits/cifar10_split_seed7_clients5_alpha0p3_ref500.json,0.2,drift,10,conv1,0,3,1.0,1.0,500
cka_feddst,cifar10,0.9,7,results/logs/multiseed/cifar10_drift_all/seed_7/splits/cifar10_split_seed7_clients5_alpha0p3_ref500.json,0.2,drift,10,conv1,0,4,1.0,1.0,500
cka_feddst,cifar10,0.9,7,results/logs/multiseed/cifar10_drift_all/seed_7/splits/cifar10_split_seed7_clients5_alpha0p3_ref500.json,0.2,drift,10,conv1,1,0,1.0,1.0,500
cka_feddst,cifar10,0.9,7,results/logs/multiseed/cifar10_drift_all/seed_7/splits/cifar10_split_seed7_clients5_alpha0p3_ref500.json,0.2,drift,10,conv1,1,1,1.0,1.0,500
cka_feddst,cifar10,0.9,7,results/logs/multiseed/cifar10_drift_all/seed_7/splits/cifar10_split_seed7_clients5_alpha0p3_ref500.json,0.2,drift,10,conv1,1,2,1.0,1.0,500
cka_feddst,cifar10,0.9,7,results/logs/multiseed/cifar10_drift_all/seed_7/splits/cifar10_split_seed7_clients5_alpha0p3_ref500.json,0.2,drift,10,conv1,1,3,1.0,1.0,500
cka_feddst,cifar10,0.9,7,results/logs/multiseed/cifar10_drift_all/seed_7/splits/cifar10_split_seed7_clients5_alpha0p3_ref500.json,0.2,drift,10,conv1,1,4,1.0,1.0,500
cka_feddst,cifar10,0.9,7,results/logs/multiseed/cifar10_drift_all/seed_7/splits/cifar10_split_seed7_clients5_alpha0p3_ref500.json,0.2,drift,10,conv1,2,0,1.0,1.0,500
cka_feddst,cifar10,0.9,7,results/logs/multiseed/cifar10_drift_all/seed_7/splits/cifar10_split_seed7_clients5_alpha0p3_ref500.json,0.2,drift,10,conv1,2,1,1.0,1.0,500
cka_feddst,cifar10,0.9,7,results/logs/multiseed/cifar10_drift_all/seed_7/splits/cifar10_split_seed7_clients5_alpha0p3_ref500.json,0.2,drift,10,conv1,2,2,1.0,1.0,500
cka_feddst,cifar10,0.9,7,results/logs/multiseed/cifar10_drift_all/seed_7/splits/cifar10_split_seed7_clients5_alpha0p3_ref500.json,0.2,drift,10,conv1,2,3,1.0,1.0,500
cka_feddst,cifar10,0.9,7,results/logs/multiseed/cifar10_drift_all/seed_7/splits/cifar10_split_seed7_clients5_alpha0p3_ref500.json,0.2,drift,10,conv1,2,4,1.0,1.0,500
cka_feddst,cifar10,0.9,7,results/logs/multiseed/cifar10_drift_all/seed_7/splits/cifar10_split_seed7_clients5_alpha0p3_ref500.json,0.2,drift,10,conv1,3,0,1.0,1.0,500
cka_feddst,cifar10,0.9,7,results/logs/multiseed/cifar10_drift_all/seed_7/splits/cifar10_split_seed7_clients5_alpha0p3_ref500.json,0.2,drift,10,conv1,3,1,1.0,1.0,500
cka_feddst,cifar10,0.9,7,results/logs/multiseed/cifar10_drift_all/seed_7/splits/cifar10_split_seed7_clients5_alpha0p3_ref500.json,0.2,drift,10,conv1,3,2,1.0,1.0,500
cka_feddst,cifar10,0.9,7,results/logs/multiseed/cifar10_drift_all/seed_7/splits/cifar10_split_seed7_clients5_alpha0p3_ref500.json,0.2,drift,10,conv1,3,3,1.0,1.0,500
cka_feddst,cifar10,0.9,7,results/logs/multiseed/cifar10_drift_all/seed_7/splits/cifar10_split_seed7_clients5_alpha0p3_ref500.json,0.2,drift,10,conv1,3,4,1.0,1.0,500
cka_feddst,cifar10,0.9,7,results/logs/multiseed/cifar10_drift_all/seed_7/splits/cifar10_split_seed7_clients5_alpha0p3_ref500.json,0.2,drift,10,conv1,4,0,1.0,1.0,500
cka_feddst,cifar10,0.9,7,results/logs/multiseed/cifar10_drift_all/seed_7/splits/cifar10_split_seed7_clients5_alpha0p3_ref500.json,0.2,drift,10,conv1,4,1,1.0,1.0,500
cka_feddst,cifar10,0.9,7,results/logs/multiseed/cifar10_drift_all/seed_7/splits/cifar10_split_seed7_clients5_alpha0p3_ref500.json,0.2,drift,10,conv1,4,2,1.0,1.0,500
cka_feddst,cifar10,0.9,7,results/logs/multiseed/cifar10_drift_all/seed_7/splits/cifar10_split_seed7_clients5_alpha0p3_ref500.json,0.2,drift,10,conv1,4,3,1.0,1.0,500
cka_feddst,cifar10,0.9,7,results/logs/multiseed/cifar10_drift_all/seed_7/splits/cifar10_split_seed7_clients5_alpha0p3_ref500.json,0.2,drift,10,conv1,4,4,1.0,1.0,500
cka_feddst,cifar10,0.9,7,results/logs/multiseed/cifar10_drift_all/seed_7/splits/cifar10_split_seed7_clients5_alpha0p3_ref500.json,0.2,drift,10,conv2,0,0,1.0,0.999971866607666,500
cka_feddst,cifar10,0.9,7,results/logs/multiseed/cifar10_drift_all/seed_7/splits/cifar10_split_seed7_clients5_alpha0p3_ref500.json,0.2,drift,10,conv2,0,1,0.9999933838844299,0.999971866607666,500
cka_feddst,cifar10,0.9,7,results/logs/multiseed/cifar10_drift_all/seed_7/splits/cifar10_split_seed7_clients5_alpha0p3_ref500.json,0.2,drift,10,conv2,0,2,0.9999102354049683,0.999971866607666,500
cka_feddst,cifar10,0.9,7,results/logs/multiseed/cifar10_drift_all/seed_7/splits/cifar10_split_seed7_clients5_alpha0p3_ref500.json,0.2,drift,10,conv2,0,3,0.9999977946281433,0.999971866607666,500
cka_feddst,cifar10,0.9,7,results/logs/multiseed/cifar10_drift_all/seed_7/splits/cifar10_split_seed7_clients5_alpha0p3_ref500.json,0.2,drift,10,conv2,0,4,1.0,0.999971866607666,500
cka_feddst,cifar10,0.9,7,results/logs/multiseed/cifar10_drift_all/seed_7/splits/cifar10_split_seed7_clients5_alpha0p3_ref500.json,0.2,drift,10,conv2,1,0,0.9999933838844299,0.999971866607666,500
cka_feddst,cifar10,0.9,7,results/logs/multiseed/cifar10_drift_all/seed_7/splits/cifar10_split_seed7_clients5_alpha0p3_ref500.json,0.2,drift,10,conv2,1,1,1.0,0.999971866607666,500
cka_feddst,cifar10,0.9,7,results/logs/multiseed/cifar10_drift_all/seed_7/splits/cifar10_split_seed7_clients5_alpha0p3_ref500.json,0.2,drift,10,conv2,1,2,0.9999549984931946,0.999971866607666,500
cka_feddst,cifar10,0.9,7,results/logs/multiseed/cifar10_drift_all/seed_7/splits/cifar10_split_seed7_clients5_alpha0p3_ref500.json,0.2,drift,10,conv2,1,3,1.0,0.999971866607666,500
cka_feddst,cifar10,0.9,7,results/logs/multiseed/cifar10_drift_all/seed_7/splits/cifar10_split_seed7_clients5_alpha0p3_ref500.json,0.2,drift,10,conv2,1,4,0.9999988675117493,0.999971866607666,500
cka_feddst,cifar10,0.9,7,results/logs/multiseed/cifar10_drift_all/seed_7/splits/cifar10_split_seed7_clients5_alpha0p3_ref500.json,0.2,drift,10,conv2,2,0,0.9999102354049683,0.999971866607666,500
cka_feddst,cifar10,0.9,7,results/logs/multiseed/cifar10_drift_all/seed_7/splits/cifar10_split_seed7_clients5_alpha0p3_ref500.json,0.2,drift,10,conv2,2,1,0.9999549984931946,0.999971866607666,500
cka_feddst,cifar10,0.9,7,results/logs/multiseed/cifar10_drift_all/seed_7/splits/cifar10_split_seed7_clients5_alpha0p3_ref500.json,0.2,drift,10,conv2,2,2,1.0,0.999971866607666,500
cka_feddst,cifar10,0.9,7,results/logs/multiseed/cifar10_drift_all/seed_7/splits/cifar10_split_seed7_clients5_alpha0p3_ref500.json,0.2,drift,10,conv2,2,3,0.9999359846115112,0.999971866607666,500
cka_feddst,cifar10,0.9,7,results/logs/multiseed/cifar10_drift_all/seed_7/splits/cifar10_split_seed7_clients5_alpha0p3_ref500.json,0.2,drift,10,conv2,2,4,0.999927282333374,0.999971866607666,500
cka_feddst,cifar10,0.9,7,results/logs/multiseed/cifar10_drift_all/seed_7/splits/cifar10_split_seed7_clients5_alpha0p3_ref500.json,0.2,drift,10,conv2,3,0,0.9999977946281433,0.999971866607666,500
cka_feddst,cifar10,0.9,7,results/logs/multiseed/cifar10_drift_all/seed_7/splits/cifar10_split_seed7_clients5_alpha0p3_ref500.json,0.2,drift,10,conv2,3,1,1.0,0.999971866607666,500
cka_feddst,cifar10,0.9,7,results/logs/multiseed/cifar10_drift_all/seed_7/splits/cifar10_split_seed7_clients5_alpha0p3_ref500.json,0.2,drift,10,conv2,3,2,0.9999359846115112,0.999971866607666,500
cka_feddst,cifar10,0.9,7,results/logs/multiseed/cifar10_drift_all/seed_7/splits/cifar10_split_seed7_clients5_alpha0p3_ref500.json,0.2,drift,10,conv2,3,3,1.0,0.999971866607666,500
cka_feddst,cifar10,0.9,7,results/logs/multiseed/cifar10_drift_all/seed_7/splits/cifar10_split_seed7_clients5_alpha0p3_ref500.json,0.2,drift,10,conv2,3,4,0.9999998807907104,0.999971866607666,500
cka_feddst,cifar10,0.9,7,results/logs/multiseed/cifar10_drift_all/seed_7/splits/cifar10_split_seed7_clients5_alpha0p3_ref500.json,0.2,drift,10,conv2,4,0,1.0,0.999971866607666,500
cka_feddst,cifar10,0.9,7,results/logs/multiseed/cifar10_drift_all/seed_7/splits/cifar10_split_seed7_clients5_alpha0p3_ref500.json,0.2,drift,10,conv2,4,1,0.9999988675117493,0.999971866607666,500
cka_feddst,cifar10,0.9,7,results/logs/multiseed/cifar10_drift_all/seed_7/splits/cifar10_split_seed7_clients5_alpha0p3_ref500.json,0.2,drift,10,conv2,4,2,0.999927282333374,0.999971866607666,500
cka_feddst,cifar10,0.9,7,results/logs/multiseed/cifar10_drift_all/seed_7/splits/cifar10_split_seed7_clients5_alpha0p3_ref500.json,0.2,drift,10,conv2,4,3,0.9999998807907104,0.999971866607666,500
cka_feddst,cifar10,0.9,7,results/logs/multiseed/cifar10_drift_all/seed_7/splits/cifar10_split_seed7_clients5_alpha0p3_ref500.json,0.2,drift,10,conv2,4,4,1.0,0.999971866607666,500
cka_feddst,cifar10,0.9,7,results/logs/multiseed/cifar10_drift_all/seed_7/splits/cifar10_split_seed7_clients5_alpha0p3_ref500.json,0.2,drift,10,conv3,0,0,1.0,0.9998076558113098,500
cka_feddst,cifar10,0.9,7,results/logs/multiseed/cifar10_drift_all/seed_7/splits/cifar10_split_seed7_clients5_alpha0p3_ref500.json,0.2,drift,10,conv3,0,1,0.9998814463615417,0.9998076558113098,500
cka_feddst,cifar10,0.9,7,results/logs/multiseed/cifar10_drift_all/seed_7/splits/cifar10_split_seed7_clients5_alpha0p3_ref500.json,0.2,drift,10,conv3,0,2,0.9993791580200195,0.9998076558113098,500
cka_feddst,cifar10,0.9,7,results/logs/multiseed/cifar10_drift_all/seed_7/splits/cifar10_split_seed7_clients5_alpha0p3_ref500.json,0.2,drift,10,conv3,0,3,0.9999658465385437,0.9998076558113098,500
cka_feddst,cifar10,0.9,7,results/logs/multiseed/cifar10_drift_all/seed_7/splits/cifar10_split_seed7_clients5_alpha0p3_ref500.json,0.2,drift,10,conv3,0,4,0.9999709129333496,0.9998076558113098,500
cka_feddst,cifar10,0.9,7,results/logs/multiseed/cifar10_drift_all/seed_7/splits/cifar10_split_seed7_clients5_alpha0p3_ref500.json,0.2,drift,10,conv3,1,0,0.9998814463615417,0.9998076558113098,500
cka_feddst,cifar10,0.9,7,results/logs/multiseed/cifar10_drift_all/seed_7/splits/cifar10_split_seed7_clients5_alpha0p3_ref500.json,0.2,drift,10,conv3,1,1,1.0,0.9998076558113098,500
cka_feddst,cifar10,0.9,7,results/logs/multiseed/cifar10_drift_all/seed_7/splits/cifar10_split_seed7_clients5_alpha0p3_ref500.json,0.2,drift,10,conv3,1,2,0.9997782707214355,0.9998076558113098,500
cka_feddst,cifar10,0.9,7,results/logs/multiseed/cifar10_drift_all/seed_7/splits/cifar10_split_seed7_clients5_alpha0p3_ref500.json,0.2,drift,10,conv3,1,3,0.9999653697013855,0.9998076558113098,500
cka_feddst,cifar10,0.9,7,results/logs/multiseed/cifar10_drift_all/seed_7/splits/cifar10_split_seed7_clients5_alpha0p3_ref500.json,0.2,drift,10,conv3,1,4,0.9999555349349976,0.9998076558113098,500
cka_feddst,cifar10,0.9,7,results/logs/multiseed/cifar10_drift_all/seed_7/splits/cifar10_split_seed7_clients5_alpha0p3_ref500.json,0.2,drift,10,conv3,2,0,0.9993791580200195,0.9998076558113098,500
cka_feddst,cifar10,0.9,7,results/logs/multiseed/cifar10_drift_all/seed_7/splits/cifar10_split_seed7_clients5_alpha0p3_ref500.json,0.2,drift,10,conv3,2,1,0.9997782707214355,0.9998076558113098,500
cka_feddst,cifar10,0.9,7,results/logs/multiseed/cifar10_drift_all/seed_7/splits/cifar10_split_seed7_clients5_alpha0p3_ref500.json,0.2,drift,10,conv3,2,2,1.0,0.9998076558113098,500
cka_feddst,cifar10,0.9,7,results/logs/multiseed/cifar10_drift_all/seed_7/splits/cifar10_split_seed7_clients5_alpha0p3_ref500.json,0.2,drift,10,conv3,2,3,0.999614417552948,0.9998076558113098,500
cka_feddst,cifar10,0.9,7,results/logs/multiseed/cifar10_drift_all/seed_7/splits/cifar10_split_seed7_clients5_alpha0p3_ref500.json,0.2,drift,10,conv3,2,4,0.9995840787887573,0.9998076558113098,500
cka_feddst,cifar10,0.9,7,results/logs/multiseed/cifar10_drift_all/seed_7/splits/cifar10_split_seed7_clients5_alpha0p3_ref500.json,0.2,drift,10,conv3,3,0,0.9999658465385437,0.9998076558113098,500
cka_feddst,cifar10,0.9,7,results/logs/multiseed/cifar10_drift_all/seed_7/splits/cifar10_split_seed7_clients5_alpha0p3_ref500.json,0.2,drift,10,conv3,3,1,0.9999653697013855,0.9998076558113098,500
cka_feddst,cifar10,0.9,7,results/logs/multiseed/cifar10_drift_all/seed_7/splits/cifar10_split_seed7_clients5_alpha0p3_ref500.json,0.2,drift,10,conv3,3,2,0.999614417552948,0.9998076558113098,500
cka_feddst,cifar10,0.9,7,results/logs/multiseed/cifar10_drift_all/seed_7/splits/cifar10_split_seed7_clients5_alpha0p3_ref500.json,0.2,drift,10,conv3,3,3,1.0,0.9998076558113098,500
cka_feddst,cifar10,0.9,7,results/logs/multiseed/cifar10_drift_all/seed_7/splits/cifar10_split_seed7_clients5_alpha0p3_ref500.json,0.2,drift,10,conv3,3,4,0.9999812841415405,0.9998076558113098,500
cka_feddst,cifar10,0.9,7,results/logs/multiseed/cifar10_drift_all/seed_7/splits/cifar10_split_seed7_clients5_alpha0p3_ref500.json,0.2,drift,10,conv3,4,0,0.9999709129333496,0.9998076558113098,500
cka_feddst,cifar10,0.9,7,results/logs/multiseed/cifar10_drift_all/seed_7/splits/cifar10_split_seed7_clients5_alpha0p3_ref500.json,0.2,drift,10,conv3,4,1,0.9999555349349976,0.9998076558113098,500
cka_feddst,cifar10,0.9,7,results/logs/multiseed/cifar10_drift_all/seed_7/splits/cifar10_split_seed7_clients5_alpha0p3_ref500.json,0.2,drift,10,conv3,4,2,0.9995840787887573,0.9998076558113098,500
cka_feddst,cifar10,0.9,7,results/logs/multiseed/cifar10_drift_all/seed_7/splits/cifar10_split_seed7_clients5_alpha0p3_ref500.json,0.2,drift,10,conv3,4,3,0.9999812841415405,0.9998076558113098,500
cka_feddst,cifar10,0.9,7,results/logs/multiseed/cifar10_drift_all/seed_7/splits/cifar10_split_seed7_clients5_alpha0p3_ref500.json,0.2,drift,10,conv3,4,4,1.0,0.9998076558113098,500
cka_feddst,cifar10,0.9,7,results/logs/multiseed/cifar10_drift_all/seed_7/splits/cifar10_split_seed7_clients5_alpha0p3_ref500.json,0.2,drift,10,fc1,0,0,1.0,0.9961187243461609,500
cka_feddst,cifar10,0.9,7,results/logs/multiseed/cifar10_drift_all/seed_7/splits/cifar10_split_seed7_clients5_alpha0p3_ref500.json,0.2,drift,10,fc1,0,1,0.9967247247695923,0.9961187243461609,500
cka_feddst,cifar10,0.9,7,results/logs/multiseed/cifar10_drift_all/seed_7/splits/cifar10_split_seed7_clients5_alpha0p3_ref500.json,0.2,drift,10,fc1,0,2,0.992595374584198,0.9961187243461609,500
cka_feddst,cifar10,0.9,7,results/logs/multiseed/cifar10_drift_all/seed_7/splits/cifar10_split_seed7_clients5_alpha0p3_ref500.json,0.2,drift,10,fc1,0,3,0.9977042078971863,0.9961187243461609,500
cka_feddst,cifar10,0.9,7,results/logs/multiseed/cifar10_drift_all/seed_7/splits/cifar10_split_seed7_clients5_alpha0p3_ref500.json,0.2,drift,10,fc1,0,4,0.9964542388916016,0.9961187243461609,500
cka_feddst,cifar10,0.9,7,results/logs/multiseed/cifar10_drift_all/seed_7/splits/cifar10_split_seed7_clients5_alpha0p3_ref500.json,0.2,drift,10,fc1,1,0,0.9967247247695923,0.9961187243461609,500
cka_feddst,cifar10,0.9,7,results/logs/multiseed/cifar10_drift_all/seed_7/splits/cifar10_split_seed7_clients5_alpha0p3_ref500.json,0.2,drift,10,fc1,1,1,1.0,0.9961187243461609,500
cka_feddst,cifar10,0.9,7,results/logs/multiseed/cifar10_drift_all/seed_7/splits/cifar10_split_seed7_clients5_alpha0p3_ref500.json,0.2,drift,10,fc1,1,2,0.997118353843689,0.9961187243461609,500
cka_feddst,cifar10,0.9,7,results/logs/multiseed/cifar10_drift_all/seed_7/splits/cifar10_split_seed7_clients5_alpha0p3_ref500.json,0.2,drift,10,fc1,1,3,0.9987703561782837,0.9961187243461609,500
cka_feddst,cifar10,0.9,7,results/logs/multiseed/cifar10_drift_all/seed_7/splits/cifar10_split_seed7_clients5_alpha0p3_ref500.json,0.2,drift,10,fc1,1,4,0.9970772862434387,0.9961187243461609,500
cka_feddst,cifar10,0.9,7,results/logs/multiseed/cifar10_drift_all/seed_7/splits/cifar10_split_seed7_clients5_alpha0p3_ref500.json,0.2,drift,10,fc1,2,0,0.992595374584198,0.9961187243461609,500
cka_feddst,cifar10,0.9,7,results/logs/multiseed/cifar10_drift_all/seed_7/splits/cifar10_split_seed7_clients5_alpha0p3_ref500.json,0.2,drift,10,fc1,2,1,0.997118353843689,0.9961187243461609,500
cka_feddst,cifar10,0.9,7,results/logs/multiseed/cifar10_drift_all/seed_7/splits/cifar10_split_seed7_clients5_alpha0p3_ref500.json,0.2,drift,10,fc1,2,2,1.0,0.9961187243461609,500
cka_feddst,cifar10,0.9,7,results/logs/multiseed/cifar10_drift_all/seed_7/splits/cifar10_split_seed7_clients5_alpha0p3_ref500.json,0.2,drift,10,fc1,2,3,0.9958323240280151,0.9961187243461609,500
cka_feddst,cifar10,0.9,7,results/logs/multiseed/cifar10_drift_all/seed_7/splits/cifar10_split_seed7_clients5_alpha0p3_ref500.json,0.2,drift,10,fc1,2,4,0.9934937357902527,0.9961187243461609,500
cka_feddst,cifar10,0.9,7,results/logs/multiseed/cifar10_drift_all/seed_7/splits/cifar10_split_seed7_clients5_alpha0p3_ref500.json,0.2,drift,10,fc1,3,0,0.9977042078971863,0.9961187243461609,500
cka_feddst,cifar10,0.9,7,results/logs/multiseed/cifar10_drift_all/seed_7/splits/cifar10_split_seed7_clients5_alpha0p3_ref500.json,0.2,drift,10,fc1,3,1,0.9987703561782837,0.9961187243461609,500
cka_feddst,cifar10,0.9,7,results/logs/multiseed/cifar10_drift_all/seed_7/splits/cifar10_split_seed7_clients5_alpha0p3_ref500.json,0.2,drift,10,fc1,3,2,0.9958323240280151,0.9961187243461609,500
cka_feddst,cifar10,0.9,7,results/logs/multiseed/cifar10_drift_all/seed_7/splits/cifar10_split_seed7_clients5_alpha0p3_ref500.json,0.2,drift,10,fc1,3,3,1.0,0.9961187243461609,500
cka_feddst,cifar10,0.9,7,results/logs/multiseed/cifar10_drift_all/seed_7/splits/cifar10_split_seed7_clients5_alpha0p3_ref500.json,0.2,drift,10,fc1,3,4,0.9954168796539307,0.9961187243461609,500
cka_feddst,cifar10,0.9,7,results/logs/multiseed/cifar10_drift_all/seed_7/splits/cifar10_split_seed7_clients5_alpha0p3_ref500.json,0.2,drift,10,fc1,4,0,0.9964542388916016,0.9961187243461609,500
cka_feddst,cifar10,0.9,7,results/logs/multiseed/cifar10_drift_all/seed_7/splits/cifar10_split_seed7_clients5_alpha0p3_ref500.json,0.2,drift,10,fc1,4,1,0.9970772862434387,0.9961187243461609,500
cka_feddst,cifar10,0.9,7,results/logs/multiseed/cifar10_drift_all/seed_7/splits/cifar10_split_seed7_clients5_alpha0p3_ref500.json,0.2,drift,10,fc1,4,2,0.9934937357902527,0.9961187243461609,500
cka_feddst,cifar10,0.9,7,results/logs/multiseed/cifar10_drift_all/seed_7/splits/cifar10_split_seed7_clients5_alpha0p3_ref500.json,0.2,drift,10,fc1,4,3,0.9954168796539307,0.9961187243461609,500
cka_feddst,cifar10,0.9,7,results/logs/multiseed/cifar10_drift_all/seed_7/splits/cifar10_split_seed7_clients5_alpha0p3_ref500.json,0.2,drift,10,fc1,4,4,1.0,0.9961187243461609,500
cka_feddst,cifar10,0.9,7,results/logs/multiseed/cifar10_drift_all/seed_7/splits/cifar10_split_seed7_clients5_alpha0p3_ref500.json,0.2,drift,12,conv1,0,0,1.0,1.0,500
cka_feddst,cifar10,0.9,7,results/logs/multiseed/cifar10_drift_all/seed_7/splits/cifar10_split_seed7_clients5_alpha0p3_ref500.json,0.2,drift,12,conv1,0,1,1.0,1.0,500
cka_feddst,cifar10,0.9,7,results/logs/multiseed/cifar10_drift_all/seed_7/splits/cifar10_split_seed7_clients5_alpha0p3_ref500.json,0.2,drift,12,conv1,0,2,1.0,1.0,500
cka_feddst,cifar10,0.9,7,results/logs/multiseed/cifar10_drift_all/seed_7/splits/cifar10_split_seed7_clients5_alpha0p3_ref500.json,0.2,drift,12,conv1,0,3,1.0,1.0,500
cka_feddst,cifar10,0.9,7,results/logs/multiseed/cifar10_drift_all/seed_7/splits/cifar10_split_seed7_clients5_alpha0p3_ref500.json,0.2,drift,12,conv1,0,4,1.0,1.0,500
cka_feddst,cifar10,0.9,7,results/logs/multiseed/cifar10_drift_all/seed_7/splits/cifar10_split_seed7_clients5_alpha0p3_ref500.json,0.2,drift,12,conv1,1,0,1.0,1.0,500
cka_feddst,cifar10,0.9,7,results/logs/multiseed/cifar10_drift_all/seed_7/splits/cifar10_split_seed7_clients5_alpha0p3_ref500.json,0.2,drift,12,conv1,1,1,1.0,1.0,500
cka_feddst,cifar10,0.9,7,results/logs/multiseed/cifar10_drift_all/seed_7/splits/cifar10_split_seed7_clients5_alpha0p3_ref500.json,0.2,drift,12,conv1,1,2,1.0,1.0,500
cka_feddst,cifar10,0.9,7,results/logs/multiseed/cifar10_drift_all/seed_7/splits/cifar10_split_seed7_clients5_alpha0p3_ref500.json,0.2,drift,12,conv1,1,3,1.0,1.0,500
cka_feddst,cifar10,0.9,7,results/logs/multiseed/cifar10_drift_all/seed_7/splits/cifar10_split_seed7_clients5_alpha0p3_ref500.json,0.2,drift,12,conv1,1,4,1.0,1.0,500
cka_feddst,cifar10,0.9,7,results/logs/multiseed/cifar10_drift_all/seed_7/splits/cifar10_split_seed7_clients5_alpha0p3_ref500.json,0.2,drift,12,conv1,2,0,1.0,1.0,500
cka_feddst,cifar10,0.9,7,results/logs/multiseed/cifar10_drift_all/seed_7/splits/cifar10_split_seed7_clients5_alpha0p3_ref500.json,0.2,drift,12,conv1,2,1,1.0,1.0,500
cka_feddst,cifar10,0.9,7,results/logs/multiseed/cifar10_drift_all/seed_7/splits/cifar10_split_seed7_clients5_alpha0p3_ref500.json,0.2,drift,12,conv1,2,2,1.0,1.0,500
cka_feddst,cifar10,0.9,7,results/logs/multiseed/cifar10_drift_all/seed_7/splits/cifar10_split_seed7_clients5_alpha0p3_ref500.json,0.2,drift,12,conv1,2,3,1.0,1.0,500
cka_feddst,cifar10,0.9,7,results/logs/multiseed/cifar10_drift_all/seed_7/splits/cifar10_split_seed7_clients5_alpha0p3_ref500.json,0.2,drift,12,conv1,2,4,1.0,1.0,500
cka_feddst,cifar10,0.9,7,results/logs/multiseed/cifar10_drift_all/seed_7/splits/cifar10_split_seed7_clients5_alpha0p3_ref500.json,0.2,drift,12,conv1,3,0,1.0,1.0,500
cka_feddst,cifar10,0.9,7,results/logs/multiseed/cifar10_drift_all/seed_7/splits/cifar10_split_seed7_clients5_alpha0p3_ref500.json,0.2,drift,12,conv1,3,1,1.0,1.0,500
cka_feddst,cifar10,0.9,7,results/logs/multiseed/cifar10_drift_all/seed_7/splits/cifar10_split_seed7_clients5_alpha0p3_ref500.json,0.2,drift,12,conv1,3,2,1.0,1.0,500
cka_feddst,cifar10,0.9,7,results/logs/multiseed/cifar10_drift_all/seed_7/splits/cifar10_split_seed7_clients5_alpha0p3_ref500.json,0.2,drift,12,conv1,3,3,1.0,1.0,500
cka_feddst,cifar10,0.9,7,results/logs/multiseed/cifar10_drift_all/seed_7/splits/cifar10_split_seed7_clients5_alpha0p3_ref500.json,0.2,drift,12,conv1,3,4,1.0,1.0,500
cka_feddst,cifar10,0.9,7,results/logs/multiseed/cifar10_drift_all/seed_7/splits/cifar10_split_seed7_clients5_alpha0p3_ref500.json,0.2,drift,12,conv1,4,0,1.0,1.0,500
cka_feddst,cifar10,0.9,7,results/logs/multiseed/cifar10_drift_all/seed_7/splits/cifar10_split_seed7_clients5_alpha0p3_ref500.json,0.2,drift,12,conv1,4,1,1.0,1.0,500
cka_feddst,cifar10,0.9,7,results/logs/multiseed/cifar10_drift_all/seed_7/splits/cifar10_split_seed7_clients5_alpha0p3_ref500.json,0.2,drift,12,conv1,4,2,1.0,1.0,500
cka_feddst,cifar10,0.9,7,results/logs/multiseed/cifar10_drift_all/seed_7/splits/cifar10_split_seed7_clients5_alpha0p3_ref500.json,0.2,drift,12,conv1,4,3,1.0,1.0,500
cka_feddst,cifar10,0.9,7,results/logs/multiseed/cifar10_drift_all/seed_7/splits/cifar10_split_seed7_clients5_alpha0p3_ref500.json,0.2,drift,12,conv1,4,4,1.0,1.0,500
cka_feddst,cifar10,0.9,7,results/logs/multiseed/cifar10_drift_all/seed_7/splits/cifar10_split_seed7_clients5_alpha0p3_ref500.json,0.2,drift,12,conv2,0,0,1.0,0.999561607837677,500
cka_feddst,cifar10,0.9,7,results/logs/multiseed/cifar10_drift_all/seed_7/splits/cifar10_split_seed7_clients5_alpha0p3_ref500.json,0.2,drift,12,conv2,0,1,0.9999179840087891,0.999561607837677,500
cka_feddst,cifar10,0.9,7,results/logs/multiseed/cifar10_drift_all/seed_7/splits/cifar10_split_seed7_clients5_alpha0p3_ref500.json,0.2,drift,12,conv2,0,2,0.9985778331756592,0.999561607837677,500
cka_feddst,cifar10,0.9,7,results/logs/multiseed/cifar10_drift_all/seed_7/splits/cifar10_split_seed7_clients5_alpha0p3_ref500.json,0.2,drift,12,conv2,0,3,0.9998736381530762,0.999561607837677,500
cka_feddst,cifar10,0.9,7,results/logs/multiseed/cifar10_drift_all/seed_7/splits/cifar10_split_seed7_clients5_alpha0p3_ref500.json,0.2,drift,12,conv2,0,4,0.999398410320282,0.999561607837677,500
cka_feddst,cifar10,0.9,7,results/logs/multiseed/cifar10_drift_all/seed_7/splits/cifar10_split_seed7_clients5_alpha0p3_ref500.json,0.2,drift,12,conv2,1,0,0.9999179840087891,0.999561607837677,500
cka_feddst,cifar10,0.9,7,results/logs/multiseed/cifar10_drift_all/seed_7/splits/cifar10_split_seed7_clients5_alpha0p3_ref500.json,0.2,drift,12,conv2,1,1,1.0,0.999561607837677,500
cka_feddst,cifar10,0.9,7,results/logs/multiseed/cifar10_drift_all/seed_7/splits/cifar10_split_seed7_clients5_alpha0p3_ref500.json,0.2,drift,12,conv2,1,2,0.9991610646247864,0.999561607837677,500
cka_feddst,cifar10,0.9,7,results/logs/multiseed/cifar10_drift_all/seed_7/splits/cifar10_split_seed7_clients5_alpha0p3_ref500.json,0.2,drift,12,conv2,1,3,0.9999977350234985,0.999561607837677,500
cka_feddst,cifar10,0.9,7,results/logs/multiseed/cifar10_drift_all/seed_7/splits/cifar10_split_seed7_clients5_alpha0p3_ref500.json,0.2,drift,12,conv2,1,4,0.9997611045837402,0.999561607837677,500
cka_feddst,cifar10,0.9,7,results/logs/multiseed/cifar10_drift_all/seed_7/splits/cifar10_split_seed7_clients5_alpha0p3_ref500.json,0.2,drift,12,conv2,2,0,0.9985778331756592,0.999561607837677,500
cka_feddst,cifar10,0.9,7,results/logs/multiseed/cifar10_drift_all/seed_7/splits/cifar10_split_seed7_clients5_alpha0p3_ref500.json,0.2,drift,12,conv2,2,1,0.9991610646247864,0.999561607837677,500
cka_feddst,cifar10,0.9,7,results/logs/multiseed/cifar10_drift_all/seed_7/splits/cifar10_split_seed7_clients5_alpha0p3_ref500.json,0.2,drift,12,conv2,2,2,1.0,0.999561607837677,500
cka_feddst,cifar10,0.9,7,results/logs/multiseed/cifar10_drift_all/seed_7/splits/cifar10_split_seed7_clients5_alpha0p3_ref500.json,0.2,drift,12,conv2,2,3,0.9992935061454773,0.999561607837677,500
cka_feddst,cifar10,0.9,7,results/logs/multiseed/cifar10_drift_all/seed_7/splits/cifar10_split_seed7_clients5_alpha0p3_ref500.json,0.2,drift,12,conv2,2,4,0.999808669090271,0.999561607837677,500
cka_feddst,cifar10,0.9,7,results/logs/multiseed/cifar10_drift_all/seed_7/splits/cifar10_split_seed7_clients5_alpha0p3_ref500.json,0.2,drift,12,conv2,3,0,0.9998736381530762,0.999561607837677,500
cka_feddst,cifar10,0.9,7,results/logs/multiseed/cifar10_drift_all/seed_7/splits/cifar10_split_seed7_clients5_alpha0p3_ref500.json,0.2,drift,12,conv2,3,1,0.9999977350234985,0.999561607837677,500
cka_feddst,cifar10,0.9,7,results/logs/multiseed/cifar10_drift_all/seed_7/splits/cifar10_split_seed7_clients5_alpha0p3_ref500.json,0.2,drift,12,conv2,3,2,0.9992935061454773,0.999561607837677,500
cka_feddst,cifar10,0.9,7,results/logs/multiseed/cifar10_drift_all/seed_7/splits/cifar10_split_seed7_clients5_alpha0p3_ref500.json,0.2,drift,12,conv2,3,3,1.0,0.999561607837677,500
cka_feddst,cifar10,0.9,7,results/logs/multiseed/cifar10_drift_all/seed_7/splits/cifar10_split_seed7_clients5_alpha0p3_ref500.json,0.2,drift,12,conv2,3,4,0.9998270869255066,0.999561607837677,500
cka_feddst,cifar10,0.9,7,results/logs/multiseed/cifar10_drift_all/seed_7/splits/cifar10_split_seed7_clients5_alpha0p3_ref500.json,0.2,drift,12,conv2,4,0,0.999398410320282,0.999561607837677,500
cka_feddst,cifar10,0.9,7,results/logs/multiseed/cifar10_drift_all/seed_7/splits/cifar10_split_seed7_clients5_alpha0p3_ref500.json,0.2,drift,12,conv2,4,1,0.9997611045837402,0.999561607837677,500
cka_feddst,cifar10,0.9,7,results/logs/multiseed/cifar10_drift_all/seed_7/splits/cifar10_split_seed7_clients5_alpha0p3_ref500.json,0.2,drift,12,conv2,4,2,0.999808669090271,0.999561607837677,500
cka_feddst,cifar10,0.9,7,results/logs/multiseed/cifar10_drift_all/seed_7/splits/cifar10_split_seed7_clients5_alpha0p3_ref500.json,0.2,drift,12,conv2,4,3,0.9998270869255066,0.999561607837677,500
cka_feddst,cifar10,0.9,7,results/logs/multiseed/cifar10_drift_all/seed_7/splits/cifar10_split_seed7_clients5_alpha0p3_ref500.json,0.2,drift,12,conv2,4,4,1.0,0.999561607837677,500
cka_feddst,cifar10,0.9,7,results/logs/multiseed/cifar10_drift_all/seed_7/splits/cifar10_split_seed7_clients5_alpha0p3_ref500.json,0.2,drift,12,conv3,0,0,1.0,0.9986201524734497,500
cka_feddst,cifar10,0.9,7,results/logs/multiseed/cifar10_drift_all/seed_7/splits/cifar10_split_seed7_clients5_alpha0p3_ref500.json,0.2,drift,12,conv3,0,1,0.9994506239891052,0.9986201524734497,500
cka_feddst,cifar10,0.9,7,results/logs/multiseed/cifar10_drift_all/seed_7/splits/cifar10_split_seed7_clients5_alpha0p3_ref500.json,0.2,drift,12,conv3,0,2,0.9953978657722473,0.9986201524734497,500
cka_feddst,cifar10,0.9,7,results/logs/multiseed/cifar10_drift_all/seed_7/splits/cifar10_split_seed7_clients5_alpha0p3_ref500.json,0.2,drift,12,conv3,0,3,0.9993262887001038,0.9986201524734497,500
cka_feddst,cifar10,0.9,7,results/logs/multiseed/cifar10_drift_all/seed_7/splits/cifar10_split_seed7_clients5_alpha0p3_ref500.json,0.2,drift,12,conv3,0,4,0.997704267501831,0.9986201524734497,500
cka_feddst,cifar10,0.9,7,results/logs/multiseed/cifar10_drift_all/seed_7/splits/cifar10_split_seed7_clients5_alpha0p3_ref500.json,0.2,drift,12,conv3,1,0,0.9994506239891052,0.9986201524734497,500
cka_feddst,cifar10,0.9,7,results/logs/multiseed/cifar10_drift_all/seed_7/splits/cifar10_split_seed7_clients5_alpha0p3_ref500.json,0.2,drift,12,conv3,1,1,1.0,0.9986201524734497,500
cka_feddst,cifar10,0.9,7,results/logs/multiseed/cifar10_drift_all/seed_7/splits/cifar10_split_seed7_clients5_alpha0p3_ref500.json,0.2,drift,12,conv3,1,2,0.9979206323623657,0.9986201524734497,500
cka_feddst,cifar10,0.9,7,results/logs/multiseed/cifar10_drift_all/seed_7/splits/cifar10_split_seed7_clients5_alpha0p3_ref500.json,0.2,drift,12,conv3,1,3,0.9999905228614807,0.9986201524734497,500
cka_feddst,cifar10,0.9,7,results/logs/multiseed/cifar10_drift_all/seed_7/splits/cifar10_split_seed7_clients5_alpha0p3_ref500.json,0.2,drift,12,conv3,1,4,0.9992949366569519,0.9986201524734497,500
cka_feddst,cifar10,0.9,7,results/logs/multiseed/cifar10_drift_all/seed_7/splits/cifar10_split_seed7_clients5_alpha0p3_ref500.json,0.2,drift,12,conv3,2,0,0.9953978657722473,0.9986201524734497,500
cka_feddst,cifar10,0.9,7,results/logs/multiseed/cifar10_drift_all/seed_7/splits/cifar10_split_seed7_clients5_alpha0p3_ref500.json,0.2,drift,12,conv3,2,1,0.9979206323623657,0.9986201524734497,500
cka_feddst,cifar10,0.9,7,results/logs/multiseed/cifar10_drift_all/seed_7/splits/cifar10_split_seed7_clients5_alpha0p3_ref500.json,0.2,drift,12,conv3,2,2,1.0,0.9986201524734497,500
cka_feddst,cifar10,0.9,7,results/logs/multiseed/cifar10_drift_all/seed_7/splits/cifar10_split_seed7_clients5_alpha0p3_ref500.json,0.2,drift,12,conv3,2,3,0.9981921911239624,0.9986201524734497,500
cka_feddst,cifar10,0.9,7,results/logs/multiseed/cifar10_drift_all/seed_7/splits/cifar10_split_seed7_clients5_alpha0p3_ref500.json,0.2,drift,12,conv3,2,4,0.9994905591011047,0.9986201524734497,500
cka_feddst,cifar10,0.9,7,results/logs/multiseed/cifar10_drift_all/seed_7/splits/cifar10_split_seed7_clients5_alpha0p3_ref500.json,0.2,drift,12,conv3,3,0,0.9993262887001038,0.9986201524734497,500
cka_feddst,cifar10,0.9,7,results/logs/multiseed/cifar10_drift_all/seed_7/splits/cifar10_split_seed7_clients5_alpha0p3_ref500.json,0.2,drift,12,conv3,3,1,0.9999905228614807,0.9986201524734497,500
cka_feddst,cifar10,0.9,7,results/logs/multiseed/cifar10_drift_all/seed_7/splits/cifar10_split_seed7_clients5_alpha0p3_ref500.json,0.2,drift,12,conv3,3,2,0.9981921911239624,0.9986201524734497,500
cka_feddst,cifar10,0.9,7,results/logs/multiseed/cifar10_drift_all/seed_7/splits/cifar10_split_seed7_clients5_alpha0p3_ref500.json,0.2,drift,12,conv3,3,3,1.0,0.9986201524734497,500
cka_feddst,cifar10,0.9,7,results/logs/multiseed/cifar10_drift_all/seed_7/splits/cifar10_split_seed7_clients5_alpha0p3_ref500.json,0.2,drift,12,conv3,3,4,0.9994339346885681,0.9986201524734497,500
cka_feddst,cifar10,0.9,7,results/logs/multiseed/cifar10_drift_all/seed_7/splits/cifar10_split_seed7_clients5_alpha0p3_ref500.json,0.2,drift,12,conv3,4,0,0.997704267501831,0.9986201524734497,500
cka_feddst,cifar10,0.9,7,results/logs/multiseed/cifar10_drift_all/seed_7/splits/cifar10_split_seed7_clients5_alpha0p3_ref500.json,0.2,drift,12,conv3,4,1,0.9992949366569519,0.9986201524734497,500
cka_feddst,cifar10,0.9,7,results/logs/multiseed/cifar10_drift_all/seed_7/splits/cifar10_split_seed7_clients5_alpha0p3_ref500.json,0.2,drift,12,conv3,4,2,0.9994905591011047,0.9986201524734497,500
cka_feddst,cifar10,0.9,7,results/logs/multiseed/cifar10_drift_all/seed_7/splits/cifar10_split_seed7_clients5_alpha0p3_ref500.json,0.2,drift,12,conv3,4,3,0.9994339346885681,0.9986201524734497,500
cka_feddst,cifar10,0.9,7,results/logs/multiseed/cifar10_drift_all/seed_7/splits/cifar10_split_seed7_clients5_alpha0p3_ref500.json,0.2,drift,12,conv3,4,4,1.0,0.9986201524734497,500
cka_feddst,cifar10,0.9,7,results/logs/multiseed/cifar10_drift_all/seed_7/splits/cifar10_split_seed7_clients5_alpha0p3_ref500.json,0.2,drift,12,fc1,0,0,1.0,0.9903785586357117,500
cka_feddst,cifar10,0.9,7,results/logs/multiseed/cifar10_drift_all/seed_7/splits/cifar10_split_seed7_clients5_alpha0p3_ref500.json,0.2,drift,12,fc1,0,1,0.9937515258789062,0.9903785586357117,500
cka_feddst,cifar10,0.9,7,results/logs/multiseed/cifar10_drift_all/seed_7/splits/cifar10_split_seed7_clients5_alpha0p3_ref500.json,0.2,drift,12,fc1,0,2,0.982058584690094,0.9903785586357117,500
cka_feddst,cifar10,0.9,7,results/logs/multiseed/cifar10_drift_all/seed_7/splits/cifar10_split_seed7_clients5_alpha0p3_ref500.json,0.2,drift,12,fc1,0,3,0.9921925067901611,0.9903785586357117,500
cka_feddst,cifar10,0.9,7,results/logs/multiseed/cifar10_drift_all/seed_7/splits/cifar10_split_seed7_clients5_alpha0p3_ref500.json,0.2,drift,12,fc1,0,4,0.9797623753547668,0.9903785586357117,500
cka_feddst,cifar10,0.9,7,results/logs/multiseed/cifar10_drift_all/seed_7/splits/cifar10_split_seed7_clients5_alpha0p3_ref500.json,0.2,drift,12,fc1,1,0,0.9937515258789062,0.9903785586357117,500
cka_feddst,cifar10,0.9,7,results/logs/multiseed/cifar10_drift_all/seed_7/splits/cifar10_split_seed7_clients5_alpha0p3_ref500.json,0.2,drift,12,fc1,1,1,1.0,0.9903785586357117,500
cka_feddst,cifar10,0.9,7,results/logs/multiseed/cifar10_drift_all/seed_7/splits/cifar10_split_seed7_clients5_alpha0p3_ref500.json,0.2,drift,12,fc1,1,2,0.9946718215942383,0.9903785586357117,500
cka_feddst,cifar10,0.9,7,results/logs/multiseed/cifar10_drift_all/seed_7/splits/cifar10_split_seed7_clients5_alpha0p3_ref500.json,0.2,drift,12,fc1,1,3,0.9993671774864197,0.9903785586357117,500
cka_feddst,cifar10,0.9,7,results/logs/multiseed/cifar10_drift_all/seed_7/splits/cifar10_split_seed7_clients5_alpha0p3_ref500.json,0.2,drift,12,fc1,1,4,0.9863116145133972,0.9903785586357117,500
cka_feddst,cifar10,0.9,7,results/logs/multiseed/cifar10_drift_all/seed_7/splits/cifar10_split_seed7_clients5_alpha0p3_ref500.json,0.2,drift,12,fc1,2,0,0.982058584690094,0.9903785586357117,500
cka_feddst,cifar10,0.9,7,results/logs/multiseed/cifar10_drift_all/seed_7/splits/cifar10_split_seed7_clients5_alpha0p3_ref500.json,0.2,drift,12,fc1,2,1,0.9946718215942383,0.9903785586357117,500
cka_feddst,cifar10,0.9,7,results/logs/multiseed/cifar10_drift_all/seed_7/splits/cifar10_split_seed7_clients5_alpha0p3_ref500.json,0.2,drift,12,fc1,2,2,1.0,0.9903785586357117,500
cka_feddst,cifar10,0.9,7,results/logs/multiseed/cifar10_drift_all/seed_7/splits/cifar10_split_seed7_clients5_alpha0p3_ref500.json,0.2,drift,12,fc1,2,3,0.9958338737487793,0.9903785586357117,500
cka_feddst,cifar10,0.9,7,results/logs/multiseed/cifar10_drift_all/seed_7/splits/cifar10_split_seed7_clients5_alpha0p3_ref500.json,0.2,drift,12,fc1,2,4,0.9895198941230774,0.9903785586357117,500
cka_feddst,cifar10,0.9,7,results/logs/multiseed/cifar10_drift_all/seed_7/splits/cifar10_split_seed7_clients5_alpha0p3_ref500.json,0.2,drift,12,fc1,3,0,0.9921925067901611,0.9903785586357117,500
cka_feddst,cifar10,0.9,7,results/logs/multiseed/cifar10_drift_all/seed_7/splits/cifar10_split_seed7_clients5_alpha0p3_ref500.json,0.2,drift,12,fc1,3,1,0.9993671774864197,0.9903785586357117,500
cka_feddst,cifar10,0.9,7,results/logs/multiseed/cifar10_drift_all/seed_7/splits/cifar10_split_seed7_clients5_alpha0p3_ref500.json,0.2,drift,12,fc1,3,2,0.9958338737487793,0.9903785586357117,500
cka_feddst,cifar10,0.9,7,results/logs/multiseed/cifar10_drift_all/seed_7/splits/cifar10_split_seed7_clients5_alpha0p3_ref500.json,0.2,drift,12,fc1,3,3,1.0,0.9903785586357117,500
cka_feddst,cifar10,0.9,7,results/logs/multiseed/cifar10_drift_all/seed_7/splits/cifar10_split_seed7_clients5_alpha0p3_ref500.json,0.2,drift,12,fc1,3,4,0.9903151392936707,0.9903785586357117,500
cka_feddst,cifar10,0.9,7,results/logs/multiseed/cifar10_drift_all/seed_7/splits/cifar10_split_seed7_clients5_alpha0p3_ref500.json,0.2,drift,12,fc1,4,0,0.9797623753547668,0.9903785586357117,500
cka_feddst,cifar10,0.9,7,results/logs/multiseed/cifar10_drift_all/seed_7/splits/cifar10_split_seed7_clients5_alpha0p3_ref500.json,0.2,drift,12,fc1,4,1,0.9863116145133972,0.9903785586357117,500
cka_feddst,cifar10,0.9,7,results/logs/multiseed/cifar10_drift_all/seed_7/splits/cifar10_split_seed7_clients5_alpha0p3_ref500.json,0.2,drift,12,fc1,4,2,0.9895198941230774,0.9903785586357117,500
cka_feddst,cifar10,0.9,7,results/logs/multiseed/cifar10_drift_all/seed_7/splits/cifar10_split_seed7_clients5_alpha0p3_ref500.json,0.2,drift,12,fc1,4,3,0.9903151392936707,0.9903785586357117,500
cka_feddst,cifar10,0.9,7,results/logs/multiseed/cifar10_drift_all/seed_7/splits/cifar10_split_seed7_clients5_alpha0p3_ref500.json,0.2,drift,12,fc1,4,4,1.0,0.9903785586357117,500
cka_feddst,cifar10,0.9,7,results/logs/multiseed/cifar10_drift_all/seed_7/splits/cifar10_split_seed7_clients5_alpha0p3_ref500.json,0.2,drift,14,conv1,0,0,1.0,0.9999963045120239,500
cka_feddst,cifar10,0.9,7,results/logs/multiseed/cifar10_drift_all/seed_7/splits/cifar10_split_seed7_clients5_alpha0p3_ref500.json,0.2,drift,14,conv1,0,1,1.0,0.9999963045120239,500
cka_feddst,cifar10,0.9,7,results/logs/multiseed/cifar10_drift_all/seed_7/splits/cifar10_split_seed7_clients5_alpha0p3_ref500.json,0.2,drift,14,conv1,0,2,0.9999874830245972,0.9999963045120239,500
cka_feddst,cifar10,0.9,7,results/logs/multiseed/cifar10_drift_all/seed_7/splits/cifar10_split_seed7_clients5_alpha0p3_ref500.json,0.2,drift,14,conv1,0,3,1.0,0.9999963045120239,500
cka_feddst,cifar10,0.9,7,results/logs/multiseed/cifar10_drift_all/seed_7/splits/cifar10_split_seed7_clients5_alpha0p3_ref500.json,0.2,drift,14,conv1,0,4,1.0,0.9999963045120239,500
cka_feddst,cifar10,0.9,7,results/logs/multiseed/cifar10_drift_all/seed_7/splits/cifar10_split_seed7_clients5_alpha0p3_ref500.json,0.2,drift,14,conv1,1,0,1.0,0.9999963045120239,500
cka_feddst,cifar10,0.9,7,results/logs/multiseed/cifar10_drift_all/seed_7/splits/cifar10_split_seed7_clients5_alpha0p3_ref500.json,0.2,drift,14,conv1,1,1,1.0,0.9999963045120239,500
cka_feddst,cifar10,0.9,7,results/logs/multiseed/cifar10_drift_all/seed_7/splits/cifar10_split_seed7_clients5_alpha0p3_ref500.json,0.2,drift,14,conv1,1,2,0.9999931454658508,0.9999963045120239,500
cka_feddst,cifar10,0.9,7,results/logs/multiseed/cifar10_drift_all/seed_7/splits/cifar10_split_seed7_clients5_alpha0p3_ref500.json,0.2,drift,14,conv1,1,3,1.0,0.9999963045120239,500
cka_feddst,cifar10,0.9,7,results/logs/multiseed/cifar10_drift_all/seed_7/splits/cifar10_split_seed7_clients5_alpha0p3_ref500.json,0.2,drift,14,conv1,1,4,1.0,0.9999963045120239,500
cka_feddst,cifar10,0.9,7,results/logs/multiseed/cifar10_drift_all/seed_7/splits/cifar10_split_seed7_clients5_alpha0p3_ref500.json,0.2,drift,14,conv1,2,0,0.9999874830245972,0.9999963045120239,500
cka_feddst,cifar10,0.9,7,results/logs/multiseed/cifar10_drift_all/seed_7/splits/cifar10_split_seed7_clients5_alpha0p3_ref500.json,0.2,drift,14,conv1,2,1,0.9999931454658508,0.9999963045120239,500
cka_feddst,cifar10,0.9,7,results/logs/multiseed/cifar10_drift_all/seed_7/splits/cifar10_split_seed7_clients5_alpha0p3_ref500.json,0.2,drift,14,conv1,2,2,1.0,0.9999963045120239,500
cka_feddst,cifar10,0.9,7,results/logs/multiseed/cifar10_drift_all/seed_7/splits/cifar10_split_seed7_clients5_alpha0p3_ref500.json,0.2,drift,14,conv1,2,3,0.9999915957450867,0.9999963045120239,500
cka_feddst,cifar10,0.9,7,results/logs/multiseed/cifar10_drift_all/seed_7/splits/cifar10_split_seed7_clients5_alpha0p3_ref500.json,0.2,drift,14,conv1,2,4,0.9999901652336121,0.9999963045120239,500
cka_feddst,cifar10,0.9,7,results/logs/multiseed/cifar10_drift_all/seed_7/splits/cifar10_split_seed7_clients5_alpha0p3_ref500.json,0.2,drift,14,conv1,3,0,1.0,0.9999963045120239,500
cka_feddst,cifar10,0.9,7,results/logs/multiseed/cifar10_drift_all/seed_7/splits/cifar10_split_seed7_clients5_alpha0p3_ref500.json,0.2,drift,14,conv1,3,1,1.0,0.9999963045120239,500
cka_feddst,cifar10,0.9,7,results/logs/multiseed/cifar10_drift_all/seed_7/splits/cifar10_split_seed7_clients5_alpha0p3_ref500.json,0.2,drift,14,conv1,3,2,0.9999915957450867,0.9999963045120239,500
cka_feddst,cifar10,0.9,7,results/logs/multiseed/cifar10_drift_all/seed_7/splits/cifar10_split_seed7_clients5_alpha0p3_ref500.json,0.2,drift,14,conv1,3,3,1.0,0.9999963045120239,500
cka_feddst,cifar10,0.9,7,results/logs/multiseed/cifar10_drift_all/seed_7/splits/cifar10_split_seed7_clients5_alpha0p3_ref500.json,0.2,drift,14,conv1,3,4,1.0,0.9999963045120239,500
cka_feddst,cifar10,0.9,7,results/logs/multiseed/cifar10_drift_all/seed_7/splits/cifar10_split_seed7_clients5_alpha0p3_ref500.json,0.2,drift,14,conv1,4,0,1.0,0.9999963045120239,500
cka_feddst,cifar10,0.9,7,results/logs/multiseed/cifar10_drift_all/seed_7/splits/cifar10_split_seed7_clients5_alpha0p3_ref500.json,0.2,drift,14,conv1,4,1,1.0,0.9999963045120239,500
cka_feddst,cifar10,0.9,7,results/logs/multiseed/cifar10_drift_all/seed_7/splits/cifar10_split_seed7_clients5_alpha0p3_ref500.json,0.2,drift,14,conv1,4,2,0.9999901652336121,0.9999963045120239,500
cka_feddst,cifar10,0.9,7,results/logs/multiseed/cifar10_drift_all/seed_7/splits/cifar10_split_seed7_clients5_alpha0p3_ref500.json,0.2,drift,14,conv1,4,3,1.0,0.9999963045120239,500
cka_feddst,cifar10,0.9,7,results/logs/multiseed/cifar10_drift_all/seed_7/splits/cifar10_split_seed7_clients5_alpha0p3_ref500.json,0.2,drift,14,conv1,4,4,1.0,0.9999963045120239,500
cka_feddst,cifar10,0.9,7,results/logs/multiseed/cifar10_drift_all/seed_7/splits/cifar10_split_seed7_clients5_alpha0p3_ref500.json,0.2,drift,14,conv2,0,0,1.0,0.9997116327285767,500
cka_feddst,cifar10,0.9,7,results/logs/multiseed/cifar10_drift_all/seed_7/splits/cifar10_split_seed7_clients5_alpha0p3_ref500.json,0.2,drift,14,conv2,0,1,0.9998970627784729,0.9997116327285767,500
cka_feddst,cifar10,0.9,7,results/logs/multiseed/cifar10_drift_all/seed_7/splits/cifar10_split_seed7_clients5_alpha0p3_ref500.json,0.2,drift,14,conv2,0,2,0.9990601539611816,0.9997116327285767,500
cka_feddst,cifar10,0.9,7,results/logs/multiseed/cifar10_drift_all/seed_7/splits/cifar10_split_seed7_clients5_alpha0p3_ref500.json,0.2,drift,14,conv2,0,3,0.9999004602432251,0.9997116327285767,500
cka_feddst,cifar10,0.9,7,results/logs/multiseed/cifar10_drift_all/seed_7/splits/cifar10_split_seed7_clients5_alpha0p3_ref500.json,0.2,drift,14,conv2,0,4,0.9999902248382568,0.9997116327285767,500
cka_feddst,cifar10,0.9,7,results/logs/multiseed/cifar10_drift_all/seed_7/splits/cifar10_split_seed7_clients5_alpha0p3_ref500.json,0.2,drift,14,conv2,1,0,0.9998970627784729,0.9997116327285767,500
cka_feddst,cifar10,0.9,7,results/logs/multiseed/cifar10_drift_all/seed_7/splits/cifar10_split_seed7_clients5_alpha0p3_ref500.json,0.2,drift,14,conv2,1,1,1.0,0.9997116327285767,500
cka_feddst,cifar10,0.9,7,results/logs/multiseed/cifar10_drift_all/seed_7/splits/cifar10_split_seed7_clients5_alpha0p3_ref500.json,0.2,drift,14,conv2,1,2,0.9995396137237549,0.9997116327285767,500
cka_feddst,cifar10,0.9,7,results/logs/multiseed/cifar10_drift_all/seed_7/splits/cifar10_split_seed7_clients5_alpha0p3_ref500.json,0.2,drift,14,conv2,1,3,0.9999976754188538,0.9997116327285767,500
cka_feddst,cifar10,0.9,7,results/logs/multiseed/cifar10_drift_all/seed_7/splits/cifar10_split_seed7_clients5_alpha0p3_ref500.json,0.2,drift,14,conv2,1,4,0.999954342842102,0.9997116327285767,500
cka_feddst,cifar10,0.9,7,results/logs/multiseed/cifar10_drift_all/seed_7/splits/cifar10_split_seed7_clients5_alpha0p3_ref500.json,0.2,drift,14,conv2,2,0,0.9990601539611816,0.9997116327285767,500
cka_feddst,cifar10,0.9,7,results/logs/multiseed/cifar10_drift_all/seed_7/splits/cifar10_split_seed7_clients5_alpha0p3_ref500.json,0.2,drift,14,conv2,2,1,0.9995396137237549,0.9997116327285767,500
cka_feddst,cifar10,0.9,7,results/logs/multiseed/cifar10_drift_all/seed_7/splits/cifar10_split_seed7_clients5_alpha0p3_ref500.json,0.2,drift,14,conv2,2,2,1.0,0.9997116327285767,500
cka_feddst,cifar10,0.9,7,results/logs/multiseed/cifar10_drift_all/seed_7/splits/cifar10_split_seed7_clients5_alpha0p3_ref500.json,0.2,drift,14,conv2,2,3,0.9995671510696411,0.9997116327285767,500
cka_feddst,cifar10,0.9,7,results/logs/multiseed/cifar10_drift_all/seed_7/splits/cifar10_split_seed7_clients5_alpha0p3_ref500.json,0.2,drift,14,conv2,2,4,0.9992530345916748,0.9997116327285767,500
cka_feddst,cifar10,0.9,7,results/logs/multiseed/cifar10_drift_all/seed_7/splits/cifar10_split_seed7_clients5_alpha0p3_ref500.json,0.2,drift,14,conv2,3,0,0.9999004602432251,0.9997116327285767,500
cka_feddst,cifar10,0.9,7,results/logs/multiseed/cifar10_drift_all/seed_7/splits/cifar10_split_seed7_clients5_alpha0p3_ref500.json,0.2,drift,14,conv2,3,1,0.9999976754188538,0.9997116327285767,500
cka_feddst,cifar10,0.9,7,results/logs/multiseed/cifar10_drift_all/seed_7/splits/cifar10_split_seed7_clients5_alpha0p3_ref500.json,0.2,drift,14,conv2,3,2,0.9995671510696411,0.9997116327285767,500
cka_feddst,cifar10,0.9,7,results/logs/multiseed/cifar10_drift_all/seed_7/splits/cifar10_split_seed7_clients5_alpha0p3_ref500.json,0.2,drift,14,conv2,3,3,1.0,0.9997116327285767,500
cka_feddst,cifar10,0.9,7,results/logs/multiseed/cifar10_drift_all/seed_7/splits/cifar10_split_seed7_clients5_alpha0p3_ref500.json,0.2,drift,14,conv2,3,4,0.9999567866325378,0.9997116327285767,500
cka_feddst,cifar10,0.9,7,results/logs/multiseed/cifar10_drift_all/seed_7/splits/cifar10_split_seed7_clients5_alpha0p3_ref500.json,0.2,drift,14,conv2,4,0,0.9999902248382568,0.9997116327285767,500
cka_feddst,cifar10,0.9,7,results/logs/multiseed/cifar10_drift_all/seed_7/splits/cifar10_split_seed7_clients5_alpha0p3_ref500.json,0.2,drift,14,conv2,4,1,0.999954342842102,0.9997116327285767,500
cka_feddst,cifar10,0.9,7,results/logs/multiseed/cifar10_drift_all/seed_7/splits/cifar10_split_seed7_clients5_alpha0p3_ref500.json,0.2,drift,14,conv2,4,2,0.9992530345916748,0.9997116327285767,500
cka_feddst,cifar10,0.9,7,results/logs/multiseed/cifar10_drift_all/seed_7/splits/cifar10_split_seed7_clients5_alpha0p3_ref500.json,0.2,drift,14,conv2,4,3,0.9999567866325378,0.9997116327285767,500
cka_feddst,cifar10,0.9,7,results/logs/multiseed/cifar10_drift_all/seed_7/splits/cifar10_split_seed7_clients5_alpha0p3_ref500.json,0.2,drift,14,conv2,4,4,1.0,0.9997116327285767,500
cka_feddst,cifar10,0.9,7,results/logs/multiseed/cifar10_drift_all/seed_7/splits/cifar10_split_seed7_clients5_alpha0p3_ref500.json,0.2,drift,14,conv3,0,0,1.0,0.9993494749069214,500
cka_feddst,cifar10,0.9,7,results/logs/multiseed/cifar10_drift_all/seed_7/splits/cifar10_split_seed7_clients5_alpha0p3_ref500.json,0.2,drift,14,conv3,0,1,0.9996685981750488,0.9993494749069214,500
cka_feddst,cifar10,0.9,7,results/logs/multiseed/cifar10_drift_all/seed_7/splits/cifar10_split_seed7_clients5_alpha0p3_ref500.json,0.2,drift,14,conv3,0,2,0.9979173541069031,0.9993494749069214,500
cka_feddst,cifar10,0.9,7,results/logs/multiseed/cifar10_drift_all/seed_7/splits/cifar10_split_seed7_clients5_alpha0p3_ref500.json,0.2,drift,14,conv3,0,3,0.9996640086174011,0.9993494749069214,500
cka_feddst,cifar10,0.9,7,results/logs/multiseed/cifar10_drift_all/seed_7/splits/cifar10_split_seed7_clients5_alpha0p3_ref500.json,0.2,drift,14,conv3,0,4,0.999975860118866,0.9993494749069214,500
cka_feddst,cifar10,0.9,7,results/logs/multiseed/cifar10_drift_all/seed_7/splits/cifar10_split_seed7_clients5_alpha0p3_ref500.json,0.2,drift,14,conv3,1,0,0.9996685981750488,0.9993494749069214,500
cka_feddst,cifar10,0.9,7,results/logs/multiseed/cifar10_drift_all/seed_7/splits/cifar10_split_seed7_clients5_alpha0p3_ref500.json,0.2,drift,14,conv3,1,1,1.0,0.9993494749069214,500
cka_feddst,cifar10,0.9,7,results/logs/multiseed/cifar10_drift_all/seed_7/splits/cifar10_split_seed7_clients5_alpha0p3_ref500.json,0.2,drift,14,conv3,1,2,0.9991672039031982,0.9993494749069214,500
cka_feddst,cifar10,0.9,7,results/logs/multiseed/cifar10_drift_all/seed_7/splits/cifar10_split_seed7_clients5_alpha0p3_ref500.json,0.2,drift,14,conv3,1,3,0.9999940991401672,0.9993494749069214,500
cka_feddst,cifar10,0.9,7,results/logs/multiseed/cifar10_drift_all/seed_7/splits/cifar10_split_seed7_clients5_alpha0p3_ref500.json,0.2,drift,14,conv3,1,4,0.9998040795326233,0.9993494749069214,500
cka_feddst,cifar10,0.9,7,results/logs/multiseed/cifar10_drift_all/seed_7/splits/cifar10_split_seed7_clients5_alpha0p3_ref500.json,0.2,drift,14,conv3,2,0,0.9979173541069031,0.9993494749069214,500
cka_feddst,cifar10,0.9,7,results/logs/multiseed/cifar10_drift_all/seed_7/splits/cifar10_split_seed7_clients5_alpha0p3_ref500.json,0.2,drift,14,conv3,2,1,0.9991672039031982,0.9993494749069214,500
cka_feddst,cifar10,0.9,7,results/logs/multiseed/cifar10_drift_all/seed_7/splits/cifar10_split_seed7_clients5_alpha0p3_ref500.json,0.2,drift,14,conv3,2,2,1.0,0.9993494749069214,500
cka_feddst,cifar10,0.9,7,results/logs/multiseed/cifar10_drift_all/seed_7/splits/cifar10_split_seed7_clients5_alpha0p3_ref500.json,0.2,drift,14,conv3,2,3,0.999209463596344,0.9993494749069214,500
cka_feddst,cifar10,0.9,7,results/logs/multiseed/cifar10_drift_all/seed_7/splits/cifar10_split_seed7_clients5_alpha0p3_ref500.json,0.2,drift,14,conv3,2,4,0.9982939958572388,0.9993494749069214,500
cka_feddst,cifar10,0.9,7,results/logs/multiseed/cifar10_drift_all/seed_7/splits/cifar10_split_seed7_clients5_alpha0p3_ref500.json,0.2,drift,14,conv3,3,0,0.9996640086174011,0.9993494749069214,500
cka_feddst,cifar10,0.9,7,results/logs/multiseed/cifar10_drift_all/seed_7/splits/cifar10_split_seed7_clients5_alpha0p3_ref500.json,0.2,drift,14,conv3,3,1,0.9999940991401672,0.9993494749069214,500
cka_feddst,cifar10,0.9,7,results/logs/multiseed/cifar10_drift_all/seed_7/splits/cifar10_split_seed7_clients5_alpha0p3_ref500.json,0.2,drift,14,conv3,3,2,0.999209463596344,0.9993494749069214,500
cka_feddst,cifar10,0.9,7,results/logs/multiseed/cifar10_drift_all/seed_7/splits/cifar10_split_seed7_clients5_alpha0p3_ref500.json,0.2,drift,14,conv3,3,3,1.0,0.9993494749069214,500
cka_feddst,cifar10,0.9,7,results/logs/multiseed/cifar10_drift_all/seed_7/splits/cifar10_split_seed7_clients5_alpha0p3_ref500.json,0.2,drift,14,conv3,3,4,0.9998002052307129,0.9993494749069214,500
cka_feddst,cifar10,0.9,7,results/logs/multiseed/cifar10_drift_all/seed_7/splits/cifar10_split_seed7_clients5_alpha0p3_ref500.json,0.2,drift,14,conv3,4,0,0.999975860118866,0.9993494749069214,500
cka_feddst,cifar10,0.9,7,results/logs/multiseed/cifar10_drift_all/seed_7/splits/cifar10_split_seed7_clients5_alpha0p3_ref500.json,0.2,drift,14,conv3,4,1,0.9998040795326233,0.9993494749069214,500
cka_feddst,cifar10,0.9,7,results/logs/multiseed/cifar10_drift_all/seed_7/splits/cifar10_split_seed7_clients5_alpha0p3_ref500.json,0.2,drift,14,conv3,4,2,0.9982939958572388,0.9993494749069214,500
cka_feddst,cifar10,0.9,7,results/logs/multiseed/cifar10_drift_all/seed_7/splits/cifar10_split_seed7_clients5_alpha0p3_ref500.json,0.2,drift,14,conv3,4,3,0.9998002052307129,0.9993494749069214,500
cka_feddst,cifar10,0.9,7,results/logs/multiseed/cifar10_drift_all/seed_7/splits/cifar10_split_seed7_clients5_alpha0p3_ref500.json,0.2,drift,14,conv3,4,4,1.0,0.9993494749069214,500
cka_feddst,cifar10,0.9,7,results/logs/multiseed/cifar10_drift_all/seed_7/splits/cifar10_split_seed7_clients5_alpha0p3_ref500.json,0.2,drift,14,fc1,0,0,1.0,0.9919568300247192,500
cka_feddst,cifar10,0.9,7,results/logs/multiseed/cifar10_drift_all/seed_7/splits/cifar10_split_seed7_clients5_alpha0p3_ref500.json,0.2,drift,14,fc1,0,1,0.9968569278717041,0.9919568300247192,500
cka_feddst,cifar10,0.9,7,results/logs/multiseed/cifar10_drift_all/seed_7/splits/cifar10_split_seed7_clients5_alpha0p3_ref500.json,0.2,drift,14,fc1,0,2,0.9906858205795288,0.9919568300247192,500
cka_feddst,cifar10,0.9,7,results/logs/multiseed/cifar10_drift_all/seed_7/splits/cifar10_split_seed7_clients5_alpha0p3_ref500.json,0.2,drift,14,fc1,0,3,0.996063768863678,0.9919568300247192,500
cka_feddst,cifar10,0.9,7,results/logs/multiseed/cifar10_drift_all/seed_7/splits/cifar10_split_seed7_clients5_alpha0p3_ref500.json,0.2,drift,14,fc1,0,4,0.9914677739143372,0.9919568300247192,500
cka_feddst,cifar10,0.9,7,results/logs/multiseed/cifar10_drift_all/seed_7/splits/cifar10_split_seed7_clients5_alpha0p3_ref500.json,0.2,drift,14,fc1,1,0,0.9968569278717041,0.9919568300247192,500
cka_feddst,cifar10,0.9,7,results/logs/multiseed/cifar10_drift_all/seed_7/splits/cifar10_split_seed7_clients5_alpha0p3_ref500.json,0.2,drift,14,fc1,1,1,1.0,0.9919568300247192,500
cka_feddst,cifar10,0.9,7,results/logs/multiseed/cifar10_drift_all/seed_7/splits/cifar10_split_seed7_clients5_alpha0p3_ref500.json,0.2,drift,14,fc1,1,2,0.9969974756240845,0.9919568300247192,500
cka_feddst,cifar10,0.9,7,results/logs/multiseed/cifar10_drift_all/seed_7/splits/cifar10_split_seed7_clients5_alpha0p3_ref500.json,0.2,drift,14,fc1,1,3,0.9996547698974609,0.9919568300247192,500
cka_feddst,cifar10,0.9,7,results/logs/multiseed/cifar10_drift_all/seed_7/splits/cifar10_split_seed7_clients5_alpha0p3_ref500.json,0.2,drift,14,fc1,1,4,0.9877469539642334,0.9919568300247192,500
cka_feddst,cifar10,0.9,7,results/logs/multiseed/cifar10_drift_all/seed_7/splits/cifar10_split_seed7_clients5_alpha0p3_ref500.json,0.2,drift,14,fc1,2,0,0.9906858205795288,0.9919568300247192,500
cka_feddst,cifar10,0.9,7,results/logs/multiseed/cifar10_drift_all/seed_7/splits/cifar10_split_seed7_clients5_alpha0p3_ref500.json,0.2,drift,14,fc1,2,1,0.9969974756240845,0.9919568300247192,500
cka_feddst,cifar10,0.9,7,results/logs/multiseed/cifar10_drift_all/seed_7/splits/cifar10_split_seed7_clients5_alpha0p3_ref500.json,0.2,drift,14,fc1,2,2,1.0,0.9919568300247192,500
cka_feddst,cifar10,0.9,7,results/logs/multiseed/cifar10_drift_all/seed_7/splits/cifar10_split_seed7_clients5_alpha0p3_ref500.json,0.2,drift,14,fc1,2,3,0.9980272650718689,0.9919568300247192,500
cka_feddst,cifar10,0.9,7,results/logs/multiseed/cifar10_drift_all/seed_7/splits/cifar10_split_seed7_clients5_alpha0p3_ref500.json,0.2,drift,14,fc1,2,4,0.9774253964424133,0.9919568300247192,500
cka_feddst,cifar10,0.9,7,results/logs/multiseed/cifar10_drift_all/seed_7/splits/cifar10_split_seed7_clients5_alpha0p3_ref500.json,0.2,drift,14,fc1,3,0,0.996063768863678,0.9919568300247192,500
cka_feddst,cifar10,0.9,7,results/logs/multiseed/cifar10_drift_all/seed_7/splits/cifar10_split_seed7_clients5_alpha0p3_ref500.json,0.2,drift,14,fc1,3,1,0.9996547698974609,0.9919568300247192,500
cka_feddst,cifar10,0.9,7,results/logs/multiseed/cifar10_drift_all/seed_7/splits/cifar10_split_seed7_clients5_alpha0p3_ref500.json,0.2,drift,14,fc1,3,2,0.9980272650718689,0.9919568300247192,500
cka_feddst,cifar10,0.9,7,results/logs/multiseed/cifar10_drift_all/seed_7/splits/cifar10_split_seed7_clients5_alpha0p3_ref500.json,0.2,drift,14,fc1,3,3,1.0,0.9919568300247192,500
cka_feddst,cifar10,0.9,7,results/logs/multiseed/cifar10_drift_all/seed_7/splits/cifar10_split_seed7_clients5_alpha0p3_ref500.json,0.2,drift,14,fc1,3,4,0.9846425652503967,0.9919568300247192,500
cka_feddst,cifar10,0.9,7,results/logs/multiseed/cifar10_drift_all/seed_7/splits/cifar10_split_seed7_clients5_alpha0p3_ref500.json,0.2,drift,14,fc1,4,0,0.9914677739143372,0.9919568300247192,500
cka_feddst,cifar10,0.9,7,results/logs/multiseed/cifar10_drift_all/seed_7/splits/cifar10_split_seed7_clients5_alpha0p3_ref500.json,0.2,drift,14,fc1,4,1,0.9877469539642334,0.9919568300247192,500
cka_feddst,cifar10,0.9,7,results/logs/multiseed/cifar10_drift_all/seed_7/splits/cifar10_split_seed7_clients5_alpha0p3_ref500.json,0.2,drift,14,fc1,4,2,0.9774253964424133,0.9919568300247192,500
cka_feddst,cifar10,0.9,7,results/logs/multiseed/cifar10_drift_all/seed_7/splits/cifar10_split_seed7_clients5_alpha0p3_ref500.json,0.2,drift,14,fc1,4,3,0.9846425652503967,0.9919568300247192,500
cka_feddst,cifar10,0.9,7,results/logs/multiseed/cifar10_drift_all/seed_7/splits/cifar10_split_seed7_clients5_alpha0p3_ref500.json,0.2,drift,14,fc1,4,4,1.0,0.9919568300247192,500
cka_feddst,cifar10,0.9,7,results/logs/multiseed/cifar10_drift_all/seed_7/splits/cifar10_split_seed7_clients5_alpha0p3_ref500.json,0.2,drift,16,conv1,0,0,1.0,0.9993027448654175,500
cka_feddst,cifar10,0.9,7,results/logs/multiseed/cifar10_drift_all/seed_7/splits/cifar10_split_seed7_clients5_alpha0p3_ref500.json,0.2,drift,16,conv1,0,1,0.9996408820152283,0.9993027448654175,500
cka_feddst,cifar10,0.9,7,results/logs/multiseed/cifar10_drift_all/seed_7/splits/cifar10_split_seed7_clients5_alpha0p3_ref500.json,0.2,drift,16,conv1,0,2,0.9976724982261658,0.9993027448654175,500
cka_feddst,cifar10,0.9,7,results/logs/multiseed/cifar10_drift_all/seed_7/splits/cifar10_split_seed7_clients5_alpha0p3_ref500.json,0.2,drift,16,conv1,0,3,0.9992353320121765,0.9993027448654175,500
cka_feddst,cifar10,0.9,7,results/logs/multiseed/cifar10_drift_all/seed_7/splits/cifar10_split_seed7_clients5_alpha0p3_ref500.json,0.2,drift,16,conv1,0,4,0.9985953569412231,0.9993027448654175,500
cka_feddst,cifar10,0.9,7,results/logs/multiseed/cifar10_drift_all/seed_7/splits/cifar10_split_seed7_clients5_alpha0p3_ref500.json,0.2,drift,16,conv1,1,0,0.9996408820152283,0.9993027448654175,500
cka_feddst,cifar10,0.9,7,results/logs/multiseed/cifar10_drift_all/seed_7/splits/cifar10_split_seed7_clients5_alpha0p3_ref500.json,0.2,drift,16,conv1,1,1,1.0,0.9993027448654175,500
cka_feddst,cifar10,0.9,7,results/logs/multiseed/cifar10_drift_all/seed_7/splits/cifar10_split_seed7_clients5_alpha0p3_ref500.json,0.2,drift,16,conv1,1,2,0.9990728497505188,0.9993027448654175,500
cka_feddst,cifar10,0.9,7,results/logs/multiseed/cifar10_drift_all/seed_7/splits/cifar10_split_seed7_clients5_alpha0p3_ref500.json,0.2,drift,16,conv1,1,3,0.9998961687088013,0.9993027448654175,500
cka_feddst,cifar10,0.9,7,results/logs/multiseed/cifar10_drift_all/seed_7/splits/cifar10_split_seed7_clients5_alpha0p3_ref500.json,0.2,drift,16,conv1,1,4,0.9995862245559692,0.9993027448654175,500
cka_feddst,cifar10,0.9,7,results/logs/multiseed/cifar10_drift_all/seed_7/splits/cifar10_split_seed7_clients5_alpha0p3_ref500.json,0.2,drift,16,conv1,2,0,0.9976724982261658,0.9993027448654175,500
cka_feddst,cifar10,0.9,7,results/logs/multiseed/cifar10_drift_all/seed_7/splits/cifar10_split_seed7_clients5_alpha0p3_ref500.json,0.2,drift,16,conv1,2,1,0.9990728497505188,0.9993027448654175,500
cka_feddst,cifar10,0.9,7,results/logs/multiseed/cifar10_drift_all/seed_7/splits/cifar10_split_seed7_clients5_alpha0p3_ref500.json,0.2,drift,16,conv1,2,2,1.0,0.9993027448654175,500
cka_feddst,cifar10,0.9,7,results/logs/multiseed/cifar10_drift_all/seed_7/splits/cifar10_split_seed7_clients5_alpha0p3_ref500.json,0.2,drift,16,conv1,2,3,0.9995577335357666,0.9993027448654175,500
cka_feddst,cifar10,0.9,7,results/logs/multiseed/cifar10_drift_all/seed_7/splits/cifar10_split_seed7_clients5_alpha0p3_ref500.json,0.2,drift,16,conv1,2,4,0.9998830556869507,0.9993027448654175,500
cka_feddst,cifar10,0.9,7,results/logs/multiseed/cifar10_drift_all/seed_7/splits/cifar10_split_seed7_clients5_alpha0p3_ref500.json,0.2,drift,16,conv1,3,0,0.9992353320121765,0.9993027448654175,500
cka_feddst,cifar10,0.9,7,results/logs/multiseed/cifar10_drift_all/seed_7/splits/cifar10_split_seed7_clients5_alpha0p3_ref500.json,0.2,drift,16,conv1,3,1,0.9998961687088013,0.9993027448654175,500
cka_feddst,cifar10,0.9,7,results/logs/multiseed/cifar10_drift_all/seed_7/splits/cifar10_split_seed7_clients5_alpha0p3_ref500.json,0.2,drift,16,conv1,3,2,0.9995577335357666,0.9993027448654175,500
cka_feddst,cifar10,0.9,7,results/logs/multiseed/cifar10_drift_all/seed_7/splits/cifar10_split_seed7_clients5_alpha0p3_ref500.json,0.2,drift,16,conv1,3,3,1.0,0.9993027448654175,500
cka_feddst,cifar10,0.9,7,results/logs/multiseed/cifar10_drift_all/seed_7/splits/cifar10_split_seed7_clients5_alpha0p3_ref500.json,0.2,drift,16,conv1,3,4,0.9998880624771118,0.9993027448654175,500
cka_feddst,cifar10,0.9,7,results/logs/multiseed/cifar10_drift_all/seed_7/splits/cifar10_split_seed7_clients5_alpha0p3_ref500.json,0.2,drift,16,conv1,4,0,0.9985953569412231,0.9993027448654175,500
cka_feddst,cifar10,0.9,7,results/logs/multiseed/cifar10_drift_all/seed_7/splits/cifar10_split_seed7_clients5_alpha0p3_ref500.json,0.2,drift,16,conv1,4,1,0.9995862245559692,0.9993027448654175,500
cka_feddst,cifar10,0.9,7,results/logs/multiseed/cifar10_drift_all/seed_7/splits/cifar10_split_seed7_clients5_alpha0p3_ref500.json,0.2,drift,16,conv1,4,2,0.9998830556869507,0.9993027448654175,500
cka_feddst,cifar10,0.9,7,results/logs/multiseed/cifar10_drift_all/seed_7/splits/cifar10_split_seed7_clients5_alpha0p3_ref500.json,0.2,drift,16,conv1,4,3,0.9998880624771118,0.9993027448654175,500
cka_feddst,cifar10,0.9,7,results/logs/multiseed/cifar10_drift_all/seed_7/splits/cifar10_split_seed7_clients5_alpha0p3_ref500.json,0.2,drift,16,conv1,4,4,1.0,0.9993027448654175,500
cka_feddst,cifar10,0.9,7,results/logs/multiseed/cifar10_drift_all/seed_7/splits/cifar10_split_seed7_clients5_alpha0p3_ref500.json,0.2,drift,16,conv2,0,0,1.0,0.9978023767471313,500
cka_feddst,cifar10,0.9,7,results/logs/multiseed/cifar10_drift_all/seed_7/splits/cifar10_split_seed7_clients5_alpha0p3_ref500.json,0.2,drift,16,conv2,0,1,0.9992027878761292,0.9978023767471313,500
cka_feddst,cifar10,0.9,7,results/logs/multiseed/cifar10_drift_all/seed_7/splits/cifar10_split_seed7_clients5_alpha0p3_ref500.json,0.2,drift,16,conv2,0,2,0.9931959509849548,0.9978023767471313,500
cka_feddst,cifar10,0.9,7,results/logs/multiseed/cifar10_drift_all/seed_7/splits/cifar10_split_seed7_clients5_alpha0p3_ref500.json,0.2,drift,16,conv2,0,3,0.9978020787239075,0.9978023767471313,500
cka_feddst,cifar10,0.9,7,results/logs/multiseed/cifar10_drift_all/seed_7/splits/cifar10_split_seed7_clients5_alpha0p3_ref500.json,0.2,drift,16,conv2,0,4,0.9951912760734558,0.9978023767471313,500
cka_feddst,cifar10,0.9,7,results/logs/multiseed/cifar10_drift_all/seed_7/splits/cifar10_split_seed7_clients5_alpha0p3_ref500.json,0.2,drift,16,conv2,1,0,0.9992027878761292,0.9978023767471313,500
cka_feddst,cifar10,0.9,7,results/logs/multiseed/cifar10_drift_all/seed_7/splits/cifar10_split_seed7_clients5_alpha0p3_ref500.json,0.2,drift,16,conv2,1,1,1.0,0.9978023767471313,500
cka_feddst,cifar10,0.9,7,results/logs/multiseed/cifar10_drift_all/seed_7/splits/cifar10_split_seed7_clients5_alpha0p3_ref500.json,0.2,drift,16,conv2,1,2,0.9969631433486938,0.9978023767471313,500
cka_feddst,cifar10,0.9,7,results/logs/multiseed/cifar10_drift_all/seed_7/splits/cifar10_split_seed7_clients5_alpha0p3_ref500.json,0.2,drift,16,conv2,1,3,0.9995842576026917,0.9978023767471313,500
cka_feddst,cifar10,0.9,7,results/logs/multiseed/cifar10_drift_all/seed_7/splits/cifar10_split_seed7_clients5_alpha0p3_ref500.json,0.2,drift,16,conv2,1,4,0.9981791377067566,0.9978023767471313,500
cka_feddst,cifar10,0.9,7,results/logs/multiseed/cifar10_drift_all/seed_7/splits/cifar10_split_seed7_clients5_alpha0p3_ref500.json,0.2,drift,16,conv2,2,0,0.9931959509849548,0.9978023767471313,500
cka_feddst,cifar10,0.9,7,results/logs/multiseed/cifar10_drift_all/seed_7/splits/cifar10_split_seed7_clients5_alpha0p3_ref500.json,0.2,drift,16,conv2,2,1,0.9969631433486938,0.9978023767471313,500
cka_feddst,cifar10,0.9,7,results/logs/multiseed/cifar10_drift_all/seed_7/splits/cifar10_split_seed7_clients5_alpha0p3_ref500.json,0.2,drift,16,conv2,2,2,1.0,0.9978023767471313,500
cka_feddst,cifar10,0.9,7,results/logs/multiseed/cifar10_drift_all/seed_7/splits/cifar10_split_seed7_clients5_alpha0p3_ref500.json,0.2,drift,16,conv2,2,3,0.9986743927001953,0.9978023767471313,500
cka_feddst,cifar10,0.9,7,results/logs/multiseed/cifar10_drift_all/seed_7/splits/cifar10_split_seed7_clients5_alpha0p3_ref500.json,0.2,drift,16,conv2,2,4,0.9997677803039551,0.9978023767471313,500
cka_feddst,cifar10,0.9,7,results/logs/multiseed/cifar10_drift_all/seed_7/splits/cifar10_split_seed7_clients5_alpha0p3_ref500.json,0.2,drift,16,conv2,3,0,0.9978020787239075,0.9978023767471313,500
cka_feddst,cifar10,0.9,7,results/logs/multiseed/cifar10_drift_all/seed_7/splits/cifar10_split_seed7_clients5_alpha0p3_ref500.json,0.2,drift,16,conv2,3,1,0.9995842576026917,0.9978023767471313,500
cka_feddst,cifar10,0.9,7,results/logs/multiseed/cifar10_drift_all/seed_7/splits/cifar10_split_seed7_clients5_alpha0p3_ref500.json,0.2,drift,16,conv2,3,2,0.9986743927001953,0.9978023767471313,500
cka_feddst,cifar10,0.9,7,results/logs/multiseed/cifar10_drift_all/seed_7/splits/cifar10_split_seed7_clients5_alpha0p3_ref500.json,0.2,drift,16,conv2,3,3,1.0,0.9978023767471313,500
cka_feddst,cifar10,0.9,7,results/logs/multiseed/cifar10_drift_all/seed_7/splits/cifar10_split_seed7_clients5_alpha0p3_ref500.json,0.2,drift,16,conv2,3,4,0.9994629621505737,0.9978023767471313,500
cka_feddst,cifar10,0.9,7,results/logs/multiseed/cifar10_drift_all/seed_7/splits/cifar10_split_seed7_clients5_alpha0p3_ref500.json,0.2,drift,16,conv2,4,0,0.9951912760734558,0.9978023767471313,500
cka_feddst,cifar10,0.9,7,results/logs/multiseed/cifar10_drift_all/seed_7/splits/cifar10_split_seed7_clients5_alpha0p3_ref500.json,0.2,drift,16,conv2,4,1,0.9981791377067566,0.9978023767471313,500
cka_feddst,cifar10,0.9,7,results/logs/multiseed/cifar10_drift_all/seed_7/splits/cifar10_split_seed7_clients5_alpha0p3_ref500.json,0.2,drift,16,conv2,4,2,0.9997677803039551,0.9978023767471313,500
cka_feddst,cifar10,0.9,7,results/logs/multiseed/cifar10_drift_all/seed_7/splits/cifar10_split_seed7_clients5_alpha0p3_ref500.json,0.2,drift,16,conv2,4,3,0.9994629621505737,0.9978023767471313,500
cka_feddst,cifar10,0.9,7,results/logs/multiseed/cifar10_drift_all/seed_7/splits/cifar10_split_seed7_clients5_alpha0p3_ref500.json,0.2,drift,16,conv2,4,4,1.0,0.9978023767471313,500
cka_feddst,cifar10,0.9,7,results/logs/multiseed/cifar10_drift_all/seed_7/splits/cifar10_split_seed7_clients5_alpha0p3_ref500.json,0.2,drift,16,conv3,0,0,1.0,0.9972280263900757,500
cka_feddst,cifar10,0.9,7,results/logs/multiseed/cifar10_drift_all/seed_7/splits/cifar10_split_seed7_clients5_alpha0p3_ref500.json,0.2,drift,16,conv3,0,1,0.999040961265564,0.9972280263900757,500
cka_feddst,cifar10,0.9,7,results/logs/multiseed/cifar10_drift_all/seed_7/splits/cifar10_split_seed7_clients5_alpha0p3_ref500.json,0.2,drift,16,conv3,0,2,0.9923535585403442,0.9972280263900757,500
cka_feddst,cifar10,0.9,7,results/logs/multiseed/cifar10_drift_all/seed_7/splits/cifar10_split_seed7_clients5_alpha0p3_ref500.json,0.2,drift,16,conv3,0,3,0.9973809719085693,0.9972280263900757,500
cka_feddst,cifar10,0.9,7,results/logs/multiseed/cifar10_drift_all/seed_7/splits/cifar10_split_seed7_clients5_alpha0p3_ref500.json,0.2,drift,16,conv3,0,4,0.9938181638717651,0.9972280263900757,500
cka_feddst,cifar10,0.9,7,results/logs/multiseed/cifar10_drift_all/seed_7/splits/cifar10_split_seed7_clients5_alpha0p3_ref500.json,0.2,drift,16,conv3,1,0,0.999040961265564,0.9972280263900757,500
cka_feddst,cifar10,0.9,7,results/logs/multiseed/cifar10_drift_all/seed_7/splits/cifar10_split_seed7_clients5_alpha0p3_ref500.json,0.2,drift,16,conv3,1,1,1.0,0.9972280263900757,500
cka_feddst,cifar10,0.9,7,results/logs/multiseed/cifar10_drift_all/seed_7/splits/cifar10_split_seed7_clients5_alpha0p3_ref500.json,0.2,drift,16,conv3,1,2,0.9966979026794434,0.9972280263900757,500
cka_feddst,cifar10,0.9,7,results/logs/multiseed/cifar10_drift_all/seed_7/splits/cifar10_split_seed7_clients5_alpha0p3_ref500.json,0.2,drift,16,conv3,1,3,0.9994152784347534,0.9972280263900757,500
cka_feddst,cifar10,0.9,7,results/logs/multiseed/cifar10_drift_all/seed_7/splits/cifar10_split_seed7_clients5_alpha0p3_ref500.json,0.2,drift,16,conv3,1,4,0.9971320629119873,0.9972280263900757,500
cka_feddst,cifar10,0.9,7,results/logs/multiseed/cifar10_drift_all/seed_7/splits/cifar10_split_seed7_clients5_alpha0p3_ref500.json,0.2,drift,16,conv3,2,0,0.9923535585403442,0.9972280263900757,500
cka_feddst,cifar10,0.9,7,results/logs/multiseed/cifar10_drift_all/seed_7/splits/cifar10_split_seed7_clients5_alpha0p3_ref500.json,0.2,drift,16,conv3,2,1,0.9966979026794434,0.9972280263900757,500
cka_feddst,cifar10,0.9,7,results/logs/multiseed/cifar10_drift_all/seed_7/splits/cifar10_split_seed7_clients5_alpha0p3_ref500.json,0.2,drift,16,conv3,2,2,1.0,0.9972280263900757,500
cka_feddst,cifar10,0.9,7,results/logs/multiseed/cifar10_drift_all/seed_7/splits/cifar10_split_seed7_clients5_alpha0p3_ref500.json,0.2,drift,16,conv3,2,3,0.9984566569328308,0.9972280263900757,500
cka_feddst,cifar10,0.9,7,results/logs/multiseed/cifar10_drift_all/seed_7/splits/cifar10_split_seed7_clients5_alpha0p3_ref500.json,0.2,drift,16,conv3,2,4,0.9989092350006104,0.9972280263900757,500
cka_feddst,cifar10,0.9,7,results/logs/multiseed/cifar10_drift_all/seed_7/splits/cifar10_split_seed7_clients5_alpha0p3_ref500.json,0.2,drift,16,conv3,3,0,0.9973809719085693,0.9972280263900757,500
cka_feddst,cifar10,0.9,7,results/logs/multiseed/cifar10_drift_all/seed_7/splits/cifar10_split_seed7_clients5_alpha0p3_ref500.json,0.2,drift,16,conv3,3,1,0.9994152784347534,0.9972280263900757,500
cka_feddst,cifar10,0.9,7,results/logs/multiseed/cifar10_drift_all/seed_7/splits/cifar10_split_seed7_clients5_alpha0p3_ref500.json,0.2,drift,16,conv3,3,2,0.9984566569328308,0.9972280263900757,500
cka_feddst,cifar10,0.9,7,results/logs/multiseed/cifar10_drift_all/seed_7/splits/cifar10_split_seed7_clients5_alpha0p3_ref500.json,0.2,drift,16,conv3,3,3,1.0,0.9972280263900757,500
cka_feddst,cifar10,0.9,7,results/logs/multiseed/cifar10_drift_all/seed_7/splits/cifar10_split_seed7_clients5_alpha0p3_ref500.json,0.2,drift,16,conv3,3,4,0.9990757703781128,0.9972280263900757,500
cka_feddst,cifar10,0.9,7,results/logs/multiseed/cifar10_drift_all/seed_7/splits/cifar10_split_seed7_clients5_alpha0p3_ref500.json,0.2,drift,16,conv3,4,0,0.9938181638717651,0.9972280263900757,500
cka_feddst,cifar10,0.9,7,results/logs/multiseed/cifar10_drift_all/seed_7/splits/cifar10_split_seed7_clients5_alpha0p3_ref500.json,0.2,drift,16,conv3,4,1,0.9971320629119873,0.9972280263900757,500
cka_feddst,cifar10,0.9,7,results/logs/multiseed/cifar10_drift_all/seed_7/splits/cifar10_split_seed7_clients5_alpha0p3_ref500.json,0.2,drift,16,conv3,4,2,0.9989092350006104,0.9972280263900757,500
cka_feddst,cifar10,0.9,7,results/logs/multiseed/cifar10_drift_all/seed_7/splits/cifar10_split_seed7_clients5_alpha0p3_ref500.json,0.2,drift,16,conv3,4,3,0.9990757703781128,0.9972280263900757,500
cka_feddst,cifar10,0.9,7,results/logs/multiseed/cifar10_drift_all/seed_7/splits/cifar10_split_seed7_clients5_alpha0p3_ref500.json,0.2,drift,16,conv3,4,4,1.0,0.9972280263900757,500
cka_feddst,cifar10,0.9,7,results/logs/multiseed/cifar10_drift_all/seed_7/splits/cifar10_split_seed7_clients5_alpha0p3_ref500.json,0.2,drift,16,fc1,0,0,1.0,0.9637727737426758,500
cka_feddst,cifar10,0.9,7,results/logs/multiseed/cifar10_drift_all/seed_7/splits/cifar10_split_seed7_clients5_alpha0p3_ref500.json,0.2,drift,16,fc1,0,1,0.9985141158103943,0.9637727737426758,500
cka_feddst,cifar10,0.9,7,results/logs/multiseed/cifar10_drift_all/seed_7/splits/cifar10_split_seed7_clients5_alpha0p3_ref500.json,0.2,drift,16,fc1,0,2,0.9888554215431213,0.9637727737426758,500
cka_feddst,cifar10,0.9,7,results/logs/multiseed/cifar10_drift_all/seed_7/splits/cifar10_split_seed7_clients5_alpha0p3_ref500.json,0.2,drift,16,fc1,0,3,0.9841237664222717,0.9637727737426758,500
cka_feddst,cifar10,0.9,7,results/logs/multiseed/cifar10_drift_all/seed_7/splits/cifar10_split_seed7_clients5_alpha0p3_ref500.json,0.2,drift,16,fc1,0,4,0.8974139094352722,0.9637727737426758,500
cka_feddst,cifar10,0.9,7,results/logs/multiseed/cifar10_drift_all/seed_7/splits/cifar10_split_seed7_clients5_alpha0p3_ref500.json,0.2,drift,16,fc1,1,0,0.9985141158103943,0.9637727737426758,500
cka_feddst,cifar10,0.9,7,results/logs/multiseed/cifar10_drift_all/seed_7/splits/cifar10_split_seed7_clients5_alpha0p3_ref500.json,0.2,drift,16,fc1,1,1,1.0,0.9637727737426758,500
cka_feddst,cifar10,0.9,7,results/logs/multiseed/cifar10_drift_all/seed_7/splits/cifar10_split_seed7_clients5_alpha0p3_ref500.json,0.2,drift,16,fc1,1,2,0.9951963424682617,0.9637727737426758,500
cka_feddst,cifar10,0.9,7,results/logs/multiseed/cifar10_drift_all/seed_7/splits/cifar10_split_seed7_clients5_alpha0p3_ref500.json,0.2,drift,16,fc1,1,3,0.9895378351211548,0.9637727737426758,500
cka_feddst,cifar10,0.9,7,results/logs/multiseed/cifar10_drift_all/seed_7/splits/cifar10_split_seed7_clients5_alpha0p3_ref500.json,0.2,drift,16,fc1,1,4,0.9085649847984314,0.9637727737426758,500
cka_feddst,cifar10,0.9,7,results/logs/multiseed/cifar10_drift_all/seed_7/splits/cifar10_split_seed7_clients5_alpha0p3_ref500.json,0.2,drift,16,fc1,2,0,0.9888554215431213,0.9637727737426758,500
cka_feddst,cifar10,0.9,7,results/logs/multiseed/cifar10_drift_all/seed_7/splits/cifar10_split_seed7_clients5_alpha0p3_ref500.json,0.2,drift,16,fc1,2,1,0.9951963424682617,0.9637727737426758,500
cka_feddst,cifar10,0.9,7,results/logs/multiseed/cifar10_drift_all/seed_7/splits/cifar10_split_seed7_clients5_alpha0p3_ref500.json,0.2,drift,16,fc1,2,2,1.0,0.9637727737426758,500
cka_feddst,cifar10,0.9,7,results/logs/multiseed/cifar10_drift_all/seed_7/splits/cifar10_split_seed7_clients5_alpha0p3_ref500.json,0.2,drift,16,fc1,2,3,0.992642879486084,0.9637727737426758,500
cka_feddst,cifar10,0.9,7,results/logs/multiseed/cifar10_drift_all/seed_7/splits/cifar10_split_seed7_clients5_alpha0p3_ref500.json,0.2,drift,16,fc1,2,4,0.9263006448745728,0.9637727737426758,500
cka_feddst,cifar10,0.9,7,results/logs/multiseed/cifar10_drift_all/seed_7/splits/cifar10_split_seed7_clients5_alpha0p3_ref500.json,0.2,drift,16,fc1,3,0,0.9841237664222717,0.9637727737426758,500
cka_feddst,cifar10,0.9,7,results/logs/multiseed/cifar10_drift_all/seed_7/splits/cifar10_split_seed7_clients5_alpha0p3_ref500.json,0.2,drift,16,fc1,3,1,0.9895378351211548,0.9637727737426758,500
cka_feddst,cifar10,0.9,7,results/logs/multiseed/cifar10_drift_all/seed_7/splits/cifar10_split_seed7_clients5_alpha0p3_ref500.json,0.2,drift,16,fc1,3,2,0.992642879486084,0.9637727737426758,500
cka_feddst,cifar10,0.9,7,results/logs/multiseed/cifar10_drift_all/seed_7/splits/cifar10_split_seed7_clients5_alpha0p3_ref500.json,0.2,drift,16,fc1,3,3,1.0,0.9637727737426758,500
cka_feddst,cifar10,0.9,7,results/logs/multiseed/cifar10_drift_all/seed_7/splits/cifar10_split_seed7_clients5_alpha0p3_ref500.json,0.2,drift,16,fc1,3,4,0.9565779566764832,0.9637727737426758,500
cka_feddst,cifar10,0.9,7,results/logs/multiseed/cifar10_drift_all/seed_7/splits/cifar10_split_seed7_clients5_alpha0p3_ref500.json,0.2,drift,16,fc1,4,0,0.8974139094352722,0.9637727737426758,500
cka_feddst,cifar10,0.9,7,results/logs/multiseed/cifar10_drift_all/seed_7/splits/cifar10_split_seed7_clients5_alpha0p3_ref500.json,0.2,drift,16,fc1,4,1,0.9085649847984314,0.9637727737426758,500
cka_feddst,cifar10,0.9,7,results/logs/multiseed/cifar10_drift_all/seed_7/splits/cifar10_split_seed7_clients5_alpha0p3_ref500.json,0.2,drift,16,fc1,4,2,0.9263006448745728,0.9637727737426758,500
cka_feddst,cifar10,0.9,7,results/logs/multiseed/cifar10_drift_all/seed_7/splits/cifar10_split_seed7_clients5_alpha0p3_ref500.json,0.2,drift,16,fc1,4,3,0.9565779566764832,0.9637727737426758,500
cka_feddst,cifar10,0.9,7,results/logs/multiseed/cifar10_drift_all/seed_7/splits/cifar10_split_seed7_clients5_alpha0p3_ref500.json,0.2,drift,16,fc1,4,4,1.0,0.9637727737426758,500
cka_feddst,cifar10,0.9,7,results/logs/multiseed/cifar10_drift_all/seed_7/splits/cifar10_split_seed7_clients5_alpha0p3_ref500.json,0.2,drift,18,conv1,0,0,1.0,0.9987553358078003,500
cka_feddst,cifar10,0.9,7,results/logs/multiseed/cifar10_drift_all/seed_7/splits/cifar10_split_seed7_clients5_alpha0p3_ref500.json,0.2,drift,18,conv1,0,1,0.9987442493438721,0.9987553358078003,500
cka_feddst,cifar10,0.9,7,results/logs/multiseed/cifar10_drift_all/seed_7/splits/cifar10_split_seed7_clients5_alpha0p3_ref500.json,0.2,drift,18,conv1,0,2,0.9952916502952576,0.9987553358078003,500
cka_feddst,cifar10,0.9,7,results/logs/multiseed/cifar10_drift_all/seed_7/splits/cifar10_split_seed7_clients5_alpha0p3_ref500.json,0.2,drift,18,conv1,0,3,0.9982631206512451,0.9987553358078003,500
cka_feddst,cifar10,0.9,7,results/logs/multiseed/cifar10_drift_all/seed_7/splits/cifar10_split_seed7_clients5_alpha0p3_ref500.json,0.2,drift,18,conv1,0,4,0.9979304671287537,0.9987553358078003,500
cka_feddst,cifar10,0.9,7,results/logs/multiseed/cifar10_drift_all/seed_7/splits/cifar10_split_seed7_clients5_alpha0p3_ref500.json,0.2,drift,18,conv1,1,0,0.9987442493438721,0.9987553358078003,500
cka_feddst,cifar10,0.9,7,results/logs/multiseed/cifar10_drift_all/seed_7/splits/cifar10_split_seed7_clients5_alpha0p3_ref500.json,0.2,drift,18,conv1,1,1,1.0,0.9987553358078003,500
cka_feddst,cifar10,0.9,7,results/logs/multiseed/cifar10_drift_all/seed_7/splits/cifar10_split_seed7_clients5_alpha0p3_ref500.json,0.2,drift,18,conv1,1,2,0.9988285303115845,0.9987553358078003,500
cka_feddst,cifar10,0.9,7,results/logs/multiseed/cifar10_drift_all/seed_7/splits/cifar10_split_seed7_clients5_alpha0p3_ref500.json,0.2,drift,18,conv1,1,3,0.9999348521232605,0.9987553358078003,500
cka_feddst,cifar10,0.9,7,results/logs/multiseed/cifar10_drift_all/seed_7/splits/cifar10_split_seed7_clients5_alpha0p3_ref500.json,0.2,drift,18,conv1,1,4,0.9998618960380554,0.9987553358078003,500
cka_feddst,cifar10,0.9,7,results/logs/multiseed/cifar10_drift_all/seed_7/splits/cifar10_split_seed7_clients5_alpha0p3_ref500.json,0.2,drift,18,conv1,2,0,0.9952916502952576,0.9987553358078003,500
cka_feddst,cifar10,0.9,7,results/logs/multiseed/cifar10_drift_all/seed_7/splits/cifar10_split_seed7_clients5_alpha0p3_ref500.json,0.2,drift,18,conv1,2,1,0.9988285303115845,0.9987553358078003,500
cka_feddst,cifar10,0.9,7,results/logs/multiseed/cifar10_drift_all/seed_7/splits/cifar10_split_seed7_clients5_alpha0p3_ref500.json,0.2,drift,18,conv1,2,2,1.0,0.9987553358078003,500
cka_feddst,cifar10,0.9,7,results/logs/multiseed/cifar10_drift_all/seed_7/splits/cifar10_split_seed7_clients5_alpha0p3_ref500.json,0.2,drift,18,conv1,2,3,0.9992568492889404,0.9987553358078003,500
cka_feddst,cifar10,0.9,7,results/logs/multiseed/cifar10_drift_all/seed_7/splits/cifar10_split_seed7_clients5_alpha0p3_ref500.json,0.2,drift,18,conv1,2,4,0.9994619488716125,0.9987553358078003,500
cka_feddst,cifar10,0.9,7,results/logs/multiseed/cifar10_drift_all/seed_7/splits/cifar10_split_seed7_clients5_alpha0p3_ref500.json,0.2,drift,18,conv1,3,0,0.9982631206512451,0.9987553358078003,500
cka_feddst,cifar10,0.9,7,results/logs/multiseed/cifar10_drift_all/seed_7/splits/cifar10_split_seed7_clients5_alpha0p3_ref500.json,0.2,drift,18,conv1,3,1,0.9999348521232605,0.9987553358078003,500
cka_feddst,cifar10,0.9,7,results/logs/multiseed/cifar10_drift_all/seed_7/splits/cifar10_split_seed7_clients5_alpha0p3_ref500.json,0.2,drift,18,conv1,3,2,0.9992568492889404,0.9987553358078003,500
cka_feddst,cifar10,0.9,7,results/logs/multiseed/cifar10_drift_all/seed_7/splits/cifar10_split_seed7_clients5_alpha0p3_ref500.json,0.2,drift,18,conv1,3,3,1.0,0.9987553358078003,500
cka_feddst,cifar10,0.9,7,results/logs/multiseed/cifar10_drift_all/seed_7/splits/cifar10_split_seed7_clients5_alpha0p3_ref500.json,0.2,drift,18,conv1,3,4,0.9999799132347107,0.9987553358078003,500
cka_feddst,cifar10,0.9,7,results/logs/multiseed/cifar10_drift_all/seed_7/splits/cifar10_split_seed7_clients5_alpha0p3_ref500.json,0.2,drift,18,conv1,4,0,0.9979304671287537,0.9987553358078003,500
cka_feddst,cifar10,0.9,7,results/logs/multiseed/cifar10_drift_all/seed_7/splits/cifar10_split_seed7_clients5_alpha0p3_ref500.json,0.2,drift,18,conv1,4,1,0.9998618960380554,0.9987553358078003,500
cka_feddst,cifar10,0.9,7,results/logs/multiseed/cifar10_drift_all/seed_7/splits/cifar10_split_seed7_clients5_alpha0p3_ref500.json,0.2,drift,18,conv1,4,2,0.9994619488716125,0.9987553358078003,500
cka_feddst,cifar10,0.9,7,results/logs/multiseed/cifar10_drift_all/seed_7/splits/cifar10_split_seed7_clients5_alpha0p3_ref500.json,0.2,drift,18,conv1,4,3,0.9999799132347107,0.9987553358078003,500
cka_feddst,cifar10,0.9,7,results/logs/multiseed/cifar10_drift_all/seed_7/splits/cifar10_split_seed7_clients5_alpha0p3_ref500.json,0.2,drift,18,conv1,4,4,1.0,0.9987553358078003,500
cka_feddst,cifar10,0.9,7,results/logs/multiseed/cifar10_drift_all/seed_7/splits/cifar10_split_seed7_clients5_alpha0p3_ref500.json,0.2,drift,18,conv2,0,0,1.0,0.9955224990844727,500
cka_feddst,cifar10,0.9,7,results/logs/multiseed/cifar10_drift_all/seed_7/splits/cifar10_split_seed7_clients5_alpha0p3_ref500.json,0.2,drift,18,conv2,0,1,0.9956403374671936,0.9955224990844727,500
cka_feddst,cifar10,0.9,7,results/logs/multiseed/cifar10_drift_all/seed_7/splits/cifar10_split_seed7_clients5_alpha0p3_ref500.json,0.2,drift,18,conv2,0,2,0.9836232662200928,0.9955224990844727,500
cka_feddst,cifar10,0.9,7,results/logs/multiseed/cifar10_drift_all/seed_7/splits/cifar10_split_seed7_clients5_alpha0p3_ref500.json,0.2,drift,18,conv2,0,3,0.9933488368988037,0.9955224990844727,500
cka_feddst,cifar10,0.9,7,results/logs/multiseed/cifar10_drift_all/seed_7/splits/cifar10_split_seed7_clients5_alpha0p3_ref500.json,0.2,drift,18,conv2,0,4,0.9916567206382751,0.9955224990844727,500
cka_feddst,cifar10,0.9,7,results/logs/multiseed/cifar10_drift_all/seed_7/splits/cifar10_split_seed7_clients5_alpha0p3_ref500.json,0.2,drift,18,conv2,1,0,0.9956403374671936,0.9955224990844727,500
cka_feddst,cifar10,0.9,7,results/logs/multiseed/cifar10_drift_all/seed_7/splits/cifar10_split_seed7_clients5_alpha0p3_ref500.json,0.2,drift,18,conv2,1,1,1.0,0.9955224990844727,500
cka_feddst,cifar10,0.9,7,results/logs/multiseed/cifar10_drift_all/seed_7/splits/cifar10_split_seed7_clients5_alpha0p3_ref500.json,0.2,drift,18,conv2,1,2,0.9958959817886353,0.9955224990844727,500
cka_feddst,cifar10,0.9,7,results/logs/multiseed/cifar10_drift_all/seed_7/splits/cifar10_split_seed7_clients5_alpha0p3_ref500.json,0.2,drift,18,conv2,1,3,0.9995885491371155,0.9955224990844727,500
cka_feddst,cifar10,0.9,7,results/logs/multiseed/cifar10_drift_all/seed_7/splits/cifar10_split_seed7_clients5_alpha0p3_ref500.json,0.2,drift,18,conv2,1,4,0.9991905689239502,0.9955224990844727,500
cka_feddst,cifar10,0.9,7,results/logs/multiseed/cifar10_drift_all/seed_7/splits/cifar10_split_seed7_clients5_alpha0p3_ref500.json,0.2,drift,18,conv2,2,0,0.9836232662200928,0.9955224990844727,500
cka_feddst,cifar10,0.9,7,results/logs/multiseed/cifar10_drift_all/seed_7/splits/cifar10_split_seed7_clients5_alpha0p3_ref500.json,0.2,drift,18,conv2,2,1,0.9958959817886353,0.9955224990844727,500
cka_feddst,cifar10,0.9,7,results/logs/multiseed/cifar10_drift_all/seed_7/splits/cifar10_split_seed7_clients5_alpha0p3_ref500.json,0.2,drift,18,conv2,2,2,1.0,0.9955224990844727,500
cka_feddst,cifar10,0.9,7,results/logs/multiseed/cifar10_drift_all/seed_7/splits/cifar10_split_seed7_clients5_alpha0p3_ref500.json,0.2,drift,18,conv2,2,3,0.997786819934845,0.9955224990844727,500
cka_feddst,cifar10,0.9,7,results/logs/multiseed/cifar10_drift_all/seed_7/splits/cifar10_split_seed7_clients5_alpha0p3_ref500.json,0.2,drift,18,conv2,2,4,0.9985957145690918,0.9955224990844727,500
cka_feddst,cifar10,0.9,7,results/logs/multiseed/cifar10_drift_all/seed_7/splits/cifar10_split_seed7_clients5_alpha0p3_ref500.json,0.2,drift,18,conv2,3,0,0.9933488368988037,0.9955224990844727,500
cka_feddst,cifar10,0.9,7,results/logs/multiseed/cifar10_drift_all/seed_7/splits/cifar10_split_seed7_clients5_alpha0p3_ref500.json,0.2,drift,18,conv2,3,1,0.9995885491371155,0.9955224990844727,500
cka_feddst,cifar10,0.9,7,results/logs/multiseed/cifar10_drift_all/seed_7/splits/cifar10_split_seed7_clients5_alpha0p3_ref500.json,0.2,drift,18,conv2,3,2,0.997786819934845,0.9955224990844727,500
cka_feddst,cifar10,0.9,7,results/logs/multiseed/cifar10_drift_all/seed_7/splits/cifar10_split_seed7_clients5_alpha0p3_ref500.json,0.2,drift,18,conv2,3,3,1.0,0.9955224990844727,500
cka_feddst,cifar10,0.9,7,results/logs/multiseed/cifar10_drift_all/seed_7/splits/cifar10_split_seed7_clients5_alpha0p3_ref500.json,0.2,drift,18,conv2,3,4,0.9998989701271057,0.9955224990844727,500
cka_feddst,cifar10,0.9,7,results/logs/multiseed/cifar10_drift_all/seed_7/splits/cifar10_split_seed7_clients5_alpha0p3_ref500.json,0.2,drift,18,conv2,4,0,0.9916567206382751,0.9955224990844727,500
cka_feddst,cifar10,0.9,7,results/logs/multiseed/cifar10_drift_all/seed_7/splits/cifar10_split_seed7_clients5_alpha0p3_ref500.json,0.2,drift,18,conv2,4,1,0.9991905689239502,0.9955224990844727,500
cka_feddst,cifar10,0.9,7,results/logs/multiseed/cifar10_drift_all/seed_7/splits/cifar10_split_seed7_clients5_alpha0p3_ref500.json,0.2,drift,18,conv2,4,2,0.9985957145690918,0.9955224990844727,500
cka_feddst,cifar10,0.9,7,results/logs/multiseed/cifar10_drift_all/seed_7/splits/cifar10_split_seed7_clients5_alpha0p3_ref500.json,0.2,drift,18,conv2,4,3,0.9998989701271057,0.9955224990844727,500
cka_feddst,cifar10,0.9,7,results/logs/multiseed/cifar10_drift_all/seed_7/splits/cifar10_split_seed7_clients5_alpha0p3_ref500.json,0.2,drift,18,conv2,4,4,1.0,0.9955224990844727,500
cka_feddst,cifar10,0.9,7,results/logs/multiseed/cifar10_drift_all/seed_7/splits/cifar10_split_seed7_clients5_alpha0p3_ref500.json,0.2,drift,18,conv3,0,0,1.0,0.9950069189071655,500
cka_feddst,cifar10,0.9,7,results/logs/multiseed/cifar10_drift_all/seed_7/splits/cifar10_split_seed7_clients5_alpha0p3_ref500.json,0.2,drift,18,conv3,0,1,0.9952709674835205,0.9950069189071655,500
cka_feddst,cifar10,0.9,7,results/logs/multiseed/cifar10_drift_all/seed_7/splits/cifar10_split_seed7_clients5_alpha0p3_ref500.json,0.2,drift,18,conv3,0,2,0.9822277426719666,0.9950069189071655,500
cka_feddst,cifar10,0.9,7,results/logs/multiseed/cifar10_drift_all/seed_7/splits/cifar10_split_seed7_clients5_alpha0p3_ref500.json,0.2,drift,18,conv3,0,3,0.9925848841667175,0.9950069189071655,500
cka_feddst,cifar10,0.9,7,results/logs/multiseed/cifar10_drift_all/seed_7/splits/cifar10_split_seed7_clients5_alpha0p3_ref500.json,0.2,drift,18,conv3,0,4,0.9904690384864807,0.9950069189071655,500
cka_feddst,cifar10,0.9,7,results/logs/multiseed/cifar10_drift_all/seed_7/splits/cifar10_split_seed7_clients5_alpha0p3_ref500.json,0.2,drift,18,conv3,1,0,0.9952709674835205,0.9950069189071655,500
cka_feddst,cifar10,0.9,7,results/logs/multiseed/cifar10_drift_all/seed_7/splits/cifar10_split_seed7_clients5_alpha0p3_ref500.json,0.2,drift,18,conv3,1,1,1.0,0.9950069189071655,500
cka_feddst,cifar10,0.9,7,results/logs/multiseed/cifar10_drift_all/seed_7/splits/cifar10_split_seed7_clients5_alpha0p3_ref500.json,0.2,drift,18,conv3,1,2,0.9955589175224304,0.9950069189071655,500
cka_feddst,cifar10,0.9,7,results/logs/multiseed/cifar10_drift_all/seed_7/splits/cifar10_split_seed7_clients5_alpha0p3_ref500.json,0.2,drift,18,conv3,1,3,0.9995108246803284,0.9950069189071655,500
cka_feddst,cifar10,0.9,7,results/logs/multiseed/cifar10_drift_all/seed_7/splits/cifar10_split_seed7_clients5_alpha0p3_ref500.json,0.2,drift,18,conv3,1,4,0.9988784790039062,0.9950069189071655,500
cka_feddst,cifar10,0.9,7,results/logs/multiseed/cifar10_drift_all/seed_7/splits/cifar10_split_seed7_clients5_alpha0p3_ref500.json,0.2,drift,18,conv3,2,0,0.9822277426719666,0.9950069189071655,500
cka_feddst,cifar10,0.9,7,results/logs/multiseed/cifar10_drift_all/seed_7/splits/cifar10_split_seed7_clients5_alpha0p3_ref500.json,0.2,drift,18,conv3,2,1,0.9955589175224304,0.9950069189071655,500
cka_feddst,cifar10,0.9,7,results/logs/multiseed/cifar10_drift_all/seed_7/splits/cifar10_split_seed7_clients5_alpha0p3_ref500.json,0.2,drift,18,conv3,2,2,1.0,0.9950069189071655,500
cka_feddst,cifar10,0.9,7,results/logs/multiseed/cifar10_drift_all/seed_7/splits/cifar10_split_seed7_clients5_alpha0p3_ref500.json,0.2,drift,18,conv3,2,3,0.9975450038909912,0.9950069189071655,500
cka_feddst,cifar10,0.9,7,results/logs/multiseed/cifar10_drift_all/seed_7/splits/cifar10_split_seed7_clients5_alpha0p3_ref500.json,0.2,drift,18,conv3,2,4,0.9982014298439026,0.9950069189071655,500
cka_feddst,cifar10,0.9,7,results/logs/multiseed/cifar10_drift_all/seed_7/splits/cifar10_split_seed7_clients5_alpha0p3_ref500.json,0.2,drift,18,conv3,3,0,0.9925848841667175,0.9950069189071655,500
cka_feddst,cifar10,0.9,7,results/logs/multiseed/cifar10_drift_all/seed_7/splits/cifar10_split_seed7_clients5_alpha0p3_ref500.json,0.2,drift,18,conv3,3,1,0.9995108246803284,0.9950069189071655,500
cka_feddst,cifar10,0.9,7,results/logs/multiseed/cifar10_drift_all/seed_7/splits/cifar10_split_seed7_clients5_alpha0p3_ref500.json,0.2,drift,18,conv3,3,2,0.9975450038909912,0.9950069189071655,500
cka_feddst,cifar10,0.9,7,results/logs/multiseed/cifar10_drift_all/seed_7/splits/cifar10_split_seed7_clients5_alpha0p3_ref500.json,0.2,drift,18,conv3,3,3,1.0,0.9950069189071655,500
cka_feddst,cifar10,0.9,7,results/logs/multiseed/cifar10_drift_all/seed_7/splits/cifar10_split_seed7_clients5_alpha0p3_ref500.json,0.2,drift,18,conv3,3,4,0.999821662902832,0.9950069189071655,500
cka_feddst,cifar10,0.9,7,results/logs/multiseed/cifar10_drift_all/seed_7/splits/cifar10_split_seed7_clients5_alpha0p3_ref500.json,0.2,drift,18,conv3,4,0,0.9904690384864807,0.9950069189071655,500
cka_feddst,cifar10,0.9,7,results/logs/multiseed/cifar10_drift_all/seed_7/splits/cifar10_split_seed7_clients5_alpha0p3_ref500.json,0.2,drift,18,conv3,4,1,0.9988784790039062,0.9950069189071655,500
cka_feddst,cifar10,0.9,7,results/logs/multiseed/cifar10_drift_all/seed_7/splits/cifar10_split_seed7_clients5_alpha0p3_ref500.json,0.2,drift,18,conv3,4,2,0.9982014298439026,0.9950069189071655,500
cka_feddst,cifar10,0.9,7,results/logs/multiseed/cifar10_drift_all/seed_7/splits/cifar10_split_seed7_clients5_alpha0p3_ref500.json,0.2,drift,18,conv3,4,3,0.999821662902832,0.9950069189071655,500
cka_feddst,cifar10,0.9,7,results/logs/multiseed/cifar10_drift_all/seed_7/splits/cifar10_split_seed7_clients5_alpha0p3_ref500.json,0.2,drift,18,conv3,4,4,1.0,0.9950069189071655,500
cka_feddst,cifar10,0.9,7,results/logs/multiseed/cifar10_drift_all/seed_7/splits/cifar10_split_seed7_clients5_alpha0p3_ref500.json,0.2,drift,18,fc1,0,0,1.0,0.9845177531242371,500
cka_feddst,cifar10,0.9,7,results/logs/multiseed/cifar10_drift_all/seed_7/splits/cifar10_split_seed7_clients5_alpha0p3_ref500.json,0.2,drift,18,fc1,0,1,0.9855730533599854,0.9845177531242371,500
cka_feddst,cifar10,0.9,7,results/logs/multiseed/cifar10_drift_all/seed_7/splits/cifar10_split_seed7_clients5_alpha0p3_ref500.json,0.2,drift,18,fc1,0,2,0.9737989902496338,0.9845177531242371,500
cka_feddst,cifar10,0.9,7,results/logs/multiseed/cifar10_drift_all/seed_7/splits/cifar10_split_seed7_clients5_alpha0p3_ref500.json,0.2,drift,18,fc1,0,3,0.9780313968658447,0.9845177531242371,500
cka_feddst,cifar10,0.9,7,results/logs/multiseed/cifar10_drift_all/seed_7/splits/cifar10_split_seed7_clients5_alpha0p3_ref500.json,0.2,drift,18,fc1,0,4,0.9554126262664795,0.9845177531242371,500
cka_feddst,cifar10,0.9,7,results/logs/multiseed/cifar10_drift_all/seed_7/splits/cifar10_split_seed7_clients5_alpha0p3_ref500.json,0.2,drift,18,fc1,1,0,0.9855730533599854,0.9845177531242371,500
cka_feddst,cifar10,0.9,7,results/logs/multiseed/cifar10_drift_all/seed_7/splits/cifar10_split_seed7_clients5_alpha0p3_ref500.json,0.2,drift,18,fc1,1,1,1.0,0.9845177531242371,500
cka_feddst,cifar10,0.9,7,results/logs/multiseed/cifar10_drift_all/seed_7/splits/cifar10_split_seed7_clients5_alpha0p3_ref500.json,0.2,drift,18,fc1,1,2,0.9937449097633362,0.9845177531242371,500
cka_feddst,cifar10,0.9,7,results/logs/multiseed/cifar10_drift_all/seed_7/splits/cifar10_split_seed7_clients5_alpha0p3_ref500.json,0.2,drift,18,fc1,1,3,0.9985180497169495,0.9845177531242371,500
cka_feddst,cifar10,0.9,7,results/logs/multiseed/cifar10_drift_all/seed_7/splits/cifar10_split_seed7_clients5_alpha0p3_ref500.json,0.2,drift,18,fc1,1,4,0.9900209903717041,0.9845177531242371,500
cka_feddst,cifar10,0.9,7,results/logs/multiseed/cifar10_drift_all/seed_7/splits/cifar10_split_seed7_clients5_alpha0p3_ref500.json,0.2,drift,18,fc1,2,0,0.9737989902496338,0.9845177531242371,500
cka_feddst,cifar10,0.9,7,results/logs/multiseed/cifar10_drift_all/seed_7/splits/cifar10_split_seed7_clients5_alpha0p3_ref500.json,0.2,drift,18,fc1,2,1,0.9937449097633362,0.9845177531242371,500
cka_feddst,cifar10,0.9,7,results/logs/multiseed/cifar10_drift_all/seed_7/splits/cifar10_split_seed7_clients5_alpha0p3_ref500.json,0.2,drift,18,fc1,2,2,1.0,0.9845177531242371,500
cka_feddst,cifar10,0.9,7,results/logs/multiseed/cifar10_drift_all/seed_7/splits/cifar10_split_seed7_clients5_alpha0p3_ref500.json,0.2,drift,18,fc1,2,3,0.9926869869232178,0.9845177531242371,500
cka_feddst,cifar10,0.9,7,results/logs/multiseed/cifar10_drift_all/seed_7/splits/cifar10_split_seed7_clients5_alpha0p3_ref500.json,0.2,drift,18,fc1,2,4,0.9845626354217529,0.9845177531242371,500
cka_feddst,cifar10,0.9,7,results/logs/multiseed/cifar10_drift_all/seed_7/splits/cifar10_split_seed7_clients5_alpha0p3_ref500.json,0.2,drift,18,fc1,3,0,0.9780313968658447,0.9845177531242371,500
cka_feddst,cifar10,0.9,7,results/logs/multiseed/cifar10_drift_all/seed_7/splits/cifar10_split_seed7_clients5_alpha0p3_ref500.json,0.2,drift,18,fc1,3,1,0.9985180497169495,0.9845177531242371,500
cka_feddst,cifar10,0.9,7,results/logs/multiseed/cifar10_drift_all/seed_7/splits/cifar10_split_seed7_clients5_alpha0p3_ref500.json,0.2,drift,18,fc1,3,2,0.9926869869232178,0.9845177531242371,500
cka_feddst,cifar10,0.9,7,results/logs/multiseed/cifar10_drift_all/seed_7/splits/cifar10_split_seed7_clients5_alpha0p3_ref500.json,0.2,drift,18,fc1,3,3,1.0,0.9845177531242371,500
cka_feddst,cifar10,0.9,7,results/logs/multiseed/cifar10_drift_all/seed_7/splits/cifar10_split_seed7_clients5_alpha0p3_ref500.json,0.2,drift,18,fc1,3,4,0.9928276538848877,0.9845177531242371,500
cka_feddst,cifar10,0.9,7,results/logs/multiseed/cifar10_drift_all/seed_7/splits/cifar10_split_seed7_clients5_alpha0p3_ref500.json,0.2,drift,18,fc1,4,0,0.9554126262664795,0.9845177531242371,500
cka_feddst,cifar10,0.9,7,results/logs/multiseed/cifar10_drift_all/seed_7/splits/cifar10_split_seed7_clients5_alpha0p3_ref500.json,0.2,drift,18,fc1,4,1,0.9900209903717041,0.9845177531242371,500
cka_feddst,cifar10,0.9,7,results/logs/multiseed/cifar10_drift_all/seed_7/splits/cifar10_split_seed7_clients5_alpha0p3_ref500.json,0.2,drift,18,fc1,4,2,0.9845626354217529,0.9845177531242371,500
cka_feddst,cifar10,0.9,7,results/logs/multiseed/cifar10_drift_all/seed_7/splits/cifar10_split_seed7_clients5_alpha0p3_ref500.json,0.2,drift,18,fc1,4,3,0.9928276538848877,0.9845177531242371,500
cka_feddst,cifar10,0.9,7,results/logs/multiseed/cifar10_drift_all/seed_7/splits/cifar10_split_seed7_clients5_alpha0p3_ref500.json,0.2,drift,18,fc1,4,4,1.0,0.9845177531242371,500
cka_feddst,cifar10,0.9,7,results/logs/multiseed/cifar10_drift_all/seed_7/splits/cifar10_split_seed7_clients5_alpha0p3_ref500.json,0.2,drift,20,conv1,0,0,1.0,0.9956753849983215,500
cka_feddst,cifar10,0.9,7,results/logs/multiseed/cifar10_drift_all/seed_7/splits/cifar10_split_seed7_clients5_alpha0p3_ref500.json,0.2,drift,20,conv1,0,1,0.9962315559387207,0.9956753849983215,500
cka_feddst,cifar10,0.9,7,results/logs/multiseed/cifar10_drift_all/seed_7/splits/cifar10_split_seed7_clients5_alpha0p3_ref500.json,0.2,drift,20,conv1,0,2,0.983318030834198,0.9956753849983215,500
cka_feddst,cifar10,0.9,7,results/logs/multiseed/cifar10_drift_all/seed_7/splits/cifar10_split_seed7_clients5_alpha0p3_ref500.json,0.2,drift,20,conv1,0,3,0.9953319430351257,0.9956753849983215,500
cka_feddst,cifar10,0.9,7,results/logs/multiseed/cifar10_drift_all/seed_7/splits/cifar10_split_seed7_clients5_alpha0p3_ref500.json,0.2,drift,20,conv1,0,4,0.9949097633361816,0.9956753849983215,500
cka_feddst,cifar10,0.9,7,results/logs/multiseed/cifar10_drift_all/seed_7/splits/cifar10_split_seed7_clients5_alpha0p3_ref500.json,0.2,drift,20,conv1,1,0,0.9962315559387207,0.9956753849983215,500
cka_feddst,cifar10,0.9,7,results/logs/multiseed/cifar10_drift_all/seed_7/splits/cifar10_split_seed7_clients5_alpha0p3_ref500.json,0.2,drift,20,conv1,1,1,1.0,0.9956753849983215,500
cka_feddst,cifar10,0.9,7,results/logs/multiseed/cifar10_drift_all/seed_7/splits/cifar10_split_seed7_clients5_alpha0p3_ref500.json,0.2,drift,20,conv1,1,2,0.9948470592498779,0.9956753849983215,500
cka_feddst,cifar10,0.9,7,results/logs/multiseed/cifar10_drift_all/seed_7/splits/cifar10_split_seed7_clients5_alpha0p3_ref500.json,0.2,drift,20,conv1,1,3,0.9998258352279663,0.9956753849983215,500
cka_feddst,cifar10,0.9,7,results/logs/multiseed/cifar10_drift_all/seed_7/splits/cifar10_split_seed7_clients5_alpha0p3_ref500.json,0.2,drift,20,conv1,1,4,0.9997790455818176,0.9956753849983215,500
cka_feddst,cifar10,0.9,7,results/logs/multiseed/cifar10_drift_all/seed_7/splits/cifar10_split_seed7_clients5_alpha0p3_ref500.json,0.2,drift,20,conv1,2,0,0.983318030834198,0.9956753849983215,500
cka_feddst,cifar10,0.9,7,results/logs/multiseed/cifar10_drift_all/seed_7/splits/cifar10_split_seed7_clients5_alpha0p3_ref500.json,0.2,drift,20,conv1,2,1,0.9948470592498779,0.9956753849983215,500
cka_feddst,cifar10,0.9,7,results/logs/multiseed/cifar10_drift_all/seed_7/splits/cifar10_split_seed7_clients5_alpha0p3_ref500.json,0.2,drift,20,conv1,2,2,1.0,0.9956753849983215,500
cka_feddst,cifar10,0.9,7,results/logs/multiseed/cifar10_drift_all/seed_7/splits/cifar10_split_seed7_clients5_alpha0p3_ref500.json,0.2,drift,20,conv1,2,3,0.9960508942604065,0.9956753849983215,500
cka_feddst,cifar10,0.9,7,results/logs/multiseed/cifar10_drift_all/seed_7/splits/cifar10_split_seed7_clients5_alpha0p3_ref500.json,0.2,drift,20,conv1,2,4,0.996472954750061,0.9956753849983215,500
cka_feddst,cifar10,0.9,7,results/logs/multiseed/cifar10_drift_all/seed_7/splits/cifar10_split_seed7_clients5_alpha0p3_ref500.json,0.2,drift,20,conv1,3,0,0.9953319430351257,0.9956753849983215,500
cka_feddst,cifar10,0.9,7,results/logs/multiseed/cifar10_drift_all/seed_7/splits/cifar10_split_seed7_clients5_alpha0p3_ref500.json,0.2,drift,20,conv1,3,1,0.9998258352279663,0.9956753849983215,500
cka_feddst,cifar10,0.9,7,results/logs/multiseed/cifar10_drift_all/seed_7/splits/cifar10_split_seed7_clients5_alpha0p3_ref500.json,0.2,drift,20,conv1,3,2,0.9960508942604065,0.9956753849983215,500
cka_feddst,cifar10,0.9,7,results/logs/multiseed/cifar10_drift_all/seed_7/splits/cifar10_split_seed7_clients5_alpha0p3_ref500.json,0.2,drift,20,conv1,3,3,1.0,0.9956753849983215,500
cka_feddst,cifar10,0.9,7,results/logs/multiseed/cifar10_drift_all/seed_7/splits/cifar10_split_seed7_clients5_alpha0p3_ref500.json,0.2,drift,20,conv1,3,4,0.9999861717224121,0.9956753849983215,500
cka_feddst,cifar10,0.9,7,results/logs/multiseed/cifar10_drift_all/seed_7/splits/cifar10_split_seed7_clients5_alpha0p3_ref500.json,0.2,drift,20,conv1,4,0,0.9949097633361816,0.9956753849983215,500
cka_feddst,cifar10,0.9,7,results/logs/multiseed/cifar10_drift_all/seed_7/splits/cifar10_split_seed7_clients5_alpha0p3_ref500.json,0.2,drift,20,conv1,4,1,0.9997790455818176,0.9956753849983215,500
cka_feddst,cifar10,0.9,7,results/logs/multiseed/cifar10_drift_all/seed_7/splits/cifar10_split_seed7_clients5_alpha0p3_ref500.json,0.2,drift,20,conv1,4,2,0.996472954750061,0.9956753849983215,500
cka_feddst,cifar10,0.9,7,results/logs/multiseed/cifar10_drift_all/seed_7/splits/cifar10_split_seed7_clients5_alpha0p3_ref500.json,0.2,drift,20,conv1,4,3,0.9999861717224121,0.9956753849983215,500
cka_feddst,cifar10,0.9,7,results/logs/multiseed/cifar10_drift_all/seed_7/splits/cifar10_split_seed7_clients5_alpha0p3_ref500.json,0.2,drift,20,conv1,4,4,1.0,0.9956753849983215,500
cka_feddst,cifar10,0.9,7,results/logs/multiseed/cifar10_drift_all/seed_7/splits/cifar10_split_seed7_clients5_alpha0p3_ref500.json,0.2,drift,20,conv2,0,0,1.0,0.9807648658752441,500
cka_feddst,cifar10,0.9,7,results/logs/multiseed/cifar10_drift_all/seed_7/splits/cifar10_split_seed7_clients5_alpha0p3_ref500.json,0.2,drift,20,conv2,0,1,0.978844940662384,0.9807648658752441,500
cka_feddst,cifar10,0.9,7,results/logs/multiseed/cifar10_drift_all/seed_7/splits/cifar10_split_seed7_clients5_alpha0p3_ref500.json,0.2,drift,20,conv2,0,2,0.93027263879776,0.9807648658752441,500
cka_feddst,cifar10,0.9,7,results/logs/multiseed/cifar10_drift_all/seed_7/splits/cifar10_split_seed7_clients5_alpha0p3_ref500.json,0.2,drift,20,conv2,0,3,0.970230758190155,0.9807648658752441,500
cka_feddst,cifar10,0.9,7,results/logs/multiseed/cifar10_drift_all/seed_7/splits/cifar10_split_seed7_clients5_alpha0p3_ref500.json,0.2,drift,20,conv2,0,4,0.9678397178649902,0.9807648658752441,500
cka_feddst,cifar10,0.9,7,results/logs/multiseed/cifar10_drift_all/seed_7/splits/cifar10_split_seed7_clients5_alpha0p3_ref500.json,0.2,drift,20,conv2,1,0,0.978844940662384,0.9807648658752441,500
cka_feddst,cifar10,0.9,7,results/logs/multiseed/cifar10_drift_all/seed_7/splits/cifar10_split_seed7_clients5_alpha0p3_ref500.json,0.2,drift,20,conv2,1,1,1.0,0.9807648658752441,500
cka_feddst,cifar10,0.9,7,results/logs/multiseed/cifar10_drift_all/seed_7/splits/cifar10_split_seed7_clients5_alpha0p3_ref500.json,0.2,drift,20,conv2,1,2,0.9826110005378723,0.9807648658752441,500
cka_feddst,cifar10,0.9,7,results/logs/multiseed/cifar10_drift_all/seed_7/splits/cifar10_split_seed7_clients5_alpha0p3_ref500.json,0.2,drift,20,conv2,1,3,0.997826874256134,0.9807648658752441,500
cka_feddst,cifar10,0.9,7,results/logs/multiseed/cifar10_drift_all/seed_7/splits/cifar10_split_seed7_clients5_alpha0p3_ref500.json,0.2,drift,20,conv2,1,4,0.9975947141647339,0.9807648658752441,500
cka_feddst,cifar10,0.9,7,results/logs/multiseed/cifar10_drift_all/seed_7/splits/cifar10_split_seed7_clients5_alpha0p3_ref500.json,0.2,drift,20,conv2,2,0,0.93027263879776,0.9807648658752441,500
cka_feddst,cifar10,0.9,7,results/logs/multiseed/cifar10_drift_all/seed_7/splits/cifar10_split_seed7_clients5_alpha0p3_ref500.json,0.2,drift,20,conv2,2,1,0.9826110005378723,0.9807648658752441,500
cka_feddst,cifar10,0.9,7,results/logs/multiseed/cifar10_drift_all/seed_7/splits/cifar10_split_seed7_clients5_alpha0p3_ref500.json,0.2,drift,20,conv2,2,2,1.0,0.9807648658752441,500
cka_feddst,cifar10,0.9,7,results/logs/multiseed/cifar10_drift_all/seed_7/splits/cifar10_split_seed7_clients5_alpha0p3_ref500.json,0.2,drift,20,conv2,2,3,0.9906114339828491,0.9807648658752441,500
cka_feddst,cifar10,0.9,7,results/logs/multiseed/cifar10_drift_all/seed_7/splits/cifar10_split_seed7_clients5_alpha0p3_ref500.json,0.2,drift,20,conv2,2,4,0.9919015169143677,0.9807648658752441,500
cka_feddst,cifar10,0.9,7,results/logs/multiseed/cifar10_drift_all/seed_7/splits/cifar10_split_seed7_clients5_alpha0p3_ref500.json,0.2,drift,20,conv2,3,0,0.970230758190155,0.9807648658752441,500
cka_feddst,cifar10,0.9,7,results/logs/multiseed/cifar10_drift_all/seed_7/splits/cifar10_split_seed7_clients5_alpha0p3_ref500.json,0.2,drift,20,conv2,3,1,0.997826874256134,0.9807648658752441,500
cka_feddst,cifar10,0.9,7,results/logs/multiseed/cifar10_drift_all/seed_7/splits/cifar10_split_seed7_clients5_alpha0p3_ref500.json,0.2,drift,20,conv2,3,2,0.9906114339828491,0.9807648658752441,500
cka_feddst,cifar10,0.9,7,results/logs/multiseed/cifar10_drift_all/seed_7/splits/cifar10_split_seed7_clients5_alpha0p3_ref500.json,0.2,drift,20,conv2,3,3,1.0,0.9807648658752441,500
cka_feddst,cifar10,0.9,7,results/logs/multiseed/cifar10_drift_all/seed_7/splits/cifar10_split_seed7_clients5_alpha0p3_ref500.json,0.2,drift,20,conv2,3,4,0.9999154806137085,0.9807648658752441,500
cka_feddst,cifar10,0.9,7,results/logs/multiseed/cifar10_drift_all/seed_7/splits/cifar10_split_seed7_clients5_alpha0p3_ref500.json,0.2,drift,20,conv2,4,0,0.9678397178649902,0.9807648658752441,500
cka_feddst,cifar10,0.9,7,results/logs/multiseed/cifar10_drift_all/seed_7/splits/cifar10_split_seed7_clients5_alpha0p3_ref500.json,0.2,drift,20,conv2,4,1,0.9975947141647339,0.9807648658752441,500
cka_feddst,cifar10,0.9,7,results/logs/multiseed/cifar10_drift_all/seed_7/splits/cifar10_split_seed7_clients5_alpha0p3_ref500.json,0.2,drift,20,conv2,4,2,0.9919015169143677,0.9807648658752441,500
cka_feddst,cifar10,0.9,7,results/logs/multiseed/cifar10_drift_all/seed_7/splits/cifar10_split_seed7_clients5_alpha0p3_ref500.json,0.2,drift,20,conv2,4,3,0.9999154806137085,0.9807648658752441,500
cka_feddst,cifar10,0.9,7,results/logs/multiseed/cifar10_drift_all/seed_7/splits/cifar10_split_seed7_clients5_alpha0p3_ref500.json,0.2,drift,20,conv2,4,4,1.0,0.9807648658752441,500
cka_feddst,cifar10,0.9,7,results/logs/multiseed/cifar10_drift_all/seed_7/splits/cifar10_split_seed7_clients5_alpha0p3_ref500.json,0.2,drift,20,conv3,0,0,1.0,0.9791665077209473,500
cka_feddst,cifar10,0.9,7,results/logs/multiseed/cifar10_drift_all/seed_7/splits/cifar10_split_seed7_clients5_alpha0p3_ref500.json,0.2,drift,20,conv3,0,1,0.9773172736167908,0.9791665077209473,500
cka_feddst,cifar10,0.9,7,results/logs/multiseed/cifar10_drift_all/seed_7/splits/cifar10_split_seed7_clients5_alpha0p3_ref500.json,0.2,drift,20,conv3,0,2,0.9245331883430481,0.9791665077209473,500
cka_feddst,cifar10,0.9,7,results/logs/multiseed/cifar10_drift_all/seed_7/splits/cifar10_split_seed7_clients5_alpha0p3_ref500.json,0.2,drift,20,conv3,0,3,0.9677833914756775,0.9791665077209473,500
cka_feddst,cifar10,0.9,7,results/logs/multiseed/cifar10_drift_all/seed_7/splits/cifar10_split_seed7_clients5_alpha0p3_ref500.json,0.2,drift,20,conv3,0,4,0.9650771021842957,0.9791665077209473,500
cka_feddst,cifar10,0.9,7,results/logs/multiseed/cifar10_drift_all/seed_7/splits/cifar10_split_seed7_clients5_alpha0p3_ref500.json,0.2,drift,20,conv3,1,0,0.9773172736167908,0.9791665077209473,500
cka_feddst,cifar10,0.9,7,results/logs/multiseed/cifar10_drift_all/seed_7/splits/cifar10_split_seed7_clients5_alpha0p3_ref500.json,0.2,drift,20,conv3,1,1,1.0,0.9791665077209473,500
cka_feddst,cifar10,0.9,7,results/logs/multiseed/cifar10_drift_all/seed_7/splits/cifar10_split_seed7_clients5_alpha0p3_ref500.json,0.2,drift,20,conv3,1,2,0.9812385439872742,0.9791665077209473,500
cka_feddst,cifar10,0.9,7,results/logs/multiseed/cifar10_drift_all/seed_7/splits/cifar10_split_seed7_clients5_alpha0p3_ref500.json,0.2,drift,20,conv3,1,3,0.9976160526275635,0.9791665077209473,500
cka_feddst,cifar10,0.9,7,results/logs/multiseed/cifar10_drift_all/seed_7/splits/cifar10_split_seed7_clients5_alpha0p3_ref500.json,0.2,drift,20,conv3,1,4,0.9971634745597839,0.9791665077209473,500
cka_feddst,cifar10,0.9,7,results/logs/multiseed/cifar10_drift_all/seed_7/splits/cifar10_split_seed7_clients5_alpha0p3_ref500.json,0.2,drift,20,conv3,2,0,0.9245331883430481,0.9791665077209473,500
cka_feddst,cifar10,0.9,7,results/logs/multiseed/cifar10_drift_all/seed_7/splits/cifar10_split_seed7_clients5_alpha0p3_ref500.json,0.2,drift,20,conv3,2,1,0.9812385439872742,0.9791665077209473,500
cka_feddst,cifar10,0.9,7,results/logs/multiseed/cifar10_drift_all/seed_7/splits/cifar10_split_seed7_clients5_alpha0p3_ref500.json,0.2,drift,20,conv3,2,2,1.0,0.9791665077209473,500
cka_feddst,cifar10,0.9,7,results/logs/multiseed/cifar10_drift_all/seed_7/splits/cifar10_split_seed7_clients5_alpha0p3_ref500.json,0.2,drift,20,conv3,2,3,0.9898907542228699,0.9791665077209473,500
cka_feddst,cifar10,0.9,7,results/logs/multiseed/cifar10_drift_all/seed_7/splits/cifar10_split_seed7_clients5_alpha0p3_ref500.json,0.2,drift,20,conv3,2,4,0.9911714792251587,0.9791665077209473,500
cka_feddst,cifar10,0.9,7,results/logs/multiseed/cifar10_drift_all/seed_7/splits/cifar10_split_seed7_clients5_alpha0p3_ref500.json,0.2,drift,20,conv3,3,0,0.9677833914756775,0.9791665077209473,500
cka_feddst,cifar10,0.9,7,results/logs/multiseed/cifar10_drift_all/seed_7/splits/cifar10_split_seed7_clients5_alpha0p3_ref500.json,0.2,drift,20,conv3,3,1,0.9976160526275635,0.9791665077209473,500
cka_feddst,cifar10,0.9,7,results/logs/multiseed/cifar10_drift_all/seed_7/splits/cifar10_split_seed7_clients5_alpha0p3_ref500.json,0.2,drift,20,conv3,3,2,0.9898907542228699,0.9791665077209473,500
cka_feddst,cifar10,0.9,7,results/logs/multiseed/cifar10_drift_all/seed_7/splits/cifar10_split_seed7_clients5_alpha0p3_ref500.json,0.2,drift,20,conv3,3,3,1.0,0.9791665077209473,500
cka_feddst,cifar10,0.9,7,results/logs/multiseed/cifar10_drift_all/seed_7/splits/cifar10_split_seed7_clients5_alpha0p3_ref500.json,0.2,drift,20,conv3,3,4,0.9998740553855896,0.9791665077209473,500
cka_feddst,cifar10,0.9,7,results/logs/multiseed/cifar10_drift_all/seed_7/splits/cifar10_split_seed7_clients5_alpha0p3_ref500.json,0.2,drift,20,conv3,4,0,0.9650771021842957,0.9791665077209473,500
cka_feddst,cifar10,0.9,7,results/logs/multiseed/cifar10_drift_all/seed_7/splits/cifar10_split_seed7_clients5_alpha0p3_ref500.json,0.2,drift,20,conv3,4,1,0.9971634745597839,0.9791665077209473,500
cka_feddst,cifar10,0.9,7,results/logs/multiseed/cifar10_drift_all/seed_7/splits/cifar10_split_seed7_clients5_alpha0p3_ref500.json,0.2,drift,20,conv3,4,2,0.9911714792251587,0.9791665077209473,500
cka_feddst,cifar10,0.9,7,results/logs/multiseed/cifar10_drift_all/seed_7/splits/cifar10_split_seed7_clients5_alpha0p3_ref500.json,0.2,drift,20,conv3,4,3,0.9998740553855896,0.9791665077209473,500
cka_feddst,cifar10,0.9,7,results/logs/multiseed/cifar10_drift_all/seed_7/splits/cifar10_split_seed7_clients5_alpha0p3_ref500.json,0.2,drift,20,conv3,4,4,1.0,0.9791665077209473,500
cka_feddst,cifar10,0.9,7,results/logs/multiseed/cifar10_drift_all/seed_7/splits/cifar10_split_seed7_clients5_alpha0p3_ref500.json,0.2,drift,20,fc1,0,0,1.0,0.9652063250541687,500
cka_feddst,cifar10,0.9,7,results/logs/multiseed/cifar10_drift_all/seed_7/splits/cifar10_split_seed7_clients5_alpha0p3_ref500.json,0.2,drift,20,fc1,0,1,0.9503077864646912,0.9652063250541687,500
cka_feddst,cifar10,0.9,7,results/logs/multiseed/cifar10_drift_all/seed_7/splits/cifar10_split_seed7_clients5_alpha0p3_ref500.json,0.2,drift,20,fc1,0,2,0.9008431434631348,0.9652063250541687,500
cka_feddst,cifar10,0.9,7,results/logs/multiseed/cifar10_drift_all/seed_7/splits/cifar10_split_seed7_clients5_alpha0p3_ref500.json,0.2,drift,20,fc1,0,3,0.9524192214012146,0.9652063250541687,500
cka_feddst,cifar10,0.9,7,results/logs/multiseed/cifar10_drift_all/seed_7/splits/cifar10_split_seed7_clients5_alpha0p3_ref500.json,0.2,drift,20,fc1,0,4,0.9210146069526672,0.9652063250541687,500
cka_feddst,cifar10,0.9,7,results/logs/multiseed/cifar10_drift_all/seed_7/splits/cifar10_split_seed7_clients5_alpha0p3_ref500.json,0.2,drift,20,fc1,1,0,0.9503077864646912,0.9652063250541687,500
cka_feddst,cifar10,0.9,7,results/logs/multiseed/cifar10_drift_all/seed_7/splits/cifar10_split_seed7_clients5_alpha0p3_ref500.json,0.2,drift,20,fc1,1,1,1.0,0.9652063250541687,500
cka_feddst,cifar10,0.9,7,results/logs/multiseed/cifar10_drift_all/seed_7/splits/cifar10_split_seed7_clients5_alpha0p3_ref500.json,0.2,drift,20,fc1,1,2,0.9785308837890625,0.9652063250541687,500
cka_feddst,cifar10,0.9,7,results/logs/multiseed/cifar10_drift_all/seed_7/splits/cifar10_split_seed7_clients5_alpha0p3_ref500.json,0.2,drift,20,fc1,1,3,0.995121419429779,0.9652063250541687,500
cka_feddst,cifar10,0.9,7,results/logs/multiseed/cifar10_drift_all/seed_7/splits/cifar10_split_seed7_clients5_alpha0p3_ref500.json,0.2,drift,20,fc1,1,4,0.9939079880714417,0.9652063250541687,500
cka_feddst,cifar10,0.9,7,results/logs/multiseed/cifar10_drift_all/seed_7/splits/cifar10_split_seed7_clients5_alpha0p3_ref500.json,0.2,drift,20,fc1,2,0,0.9008431434631348,0.9652063250541687,500
cka_feddst,cifar10,0.9,7,results/logs/multiseed/cifar10_drift_all/seed_7/splits/cifar10_split_seed7_clients5_alpha0p3_ref500.json,0.2,drift,20,fc1,2,1,0.9785308837890625,0.9652063250541687,500
cka_feddst,cifar10,0.9,7,results/logs/multiseed/cifar10_drift_all/seed_7/splits/cifar10_split_seed7_clients5_alpha0p3_ref500.json,0.2,drift,20,fc1,2,2,1.0,0.9652063250541687,500
cka_feddst,cifar10,0.9,7,results/logs/multiseed/cifar10_drift_all/seed_7/splits/cifar10_split_seed7_clients5_alpha0p3_ref500.json,0.2,drift,20,fc1,2,3,0.9873873591423035,0.9652063250541687,500
cka_feddst,cifar10,0.9,7,results/logs/multiseed/cifar10_drift_all/seed_7/splits/cifar10_split_seed7_clients5_alpha0p3_ref500.json,0.2,drift,20,fc1,2,4,0.9835745692253113,0.9652063250541687,500
cka_feddst,cifar10,0.9,7,results/logs/multiseed/cifar10_drift_all/seed_7/splits/cifar10_split_seed7_clients5_alpha0p3_ref500.json,0.2,drift,20,fc1,3,0,0.9524192214012146,0.9652063250541687,500
cka_feddst,cifar10,0.9,7,results/logs/multiseed/cifar10_drift_all/seed_7/splits/cifar10_split_seed7_clients5_alpha0p3_ref500.json,0.2,drift,20,fc1,3,1,0.995121419429779,0.9652063250541687,500
cka_feddst,cifar10,0.9,7,results/logs/multiseed/cifar10_drift_all/seed_7/splits/cifar10_split_seed7_clients5_alpha0p3_ref500.json,0.2,drift,20,fc1,3,2,0.9873873591423035,0.9652063250541687,500
cka_feddst,cifar10,0.9,7,results/logs/multiseed/cifar10_drift_all/seed_7/splits/cifar10_split_seed7_clients5_alpha0p3_ref500.json,0.2,drift,20,fc1,3,3,1.0,0.9652063250541687,500
cka_feddst,cifar10,0.9,7,results/logs/multiseed/cifar10_drift_all/seed_7/splits/cifar10_split_seed7_clients5_alpha0p3_ref500.json,0.2,drift,20,fc1,3,4,0.9889552593231201,0.9652063250541687,500
cka_feddst,cifar10,0.9,7,results/logs/multiseed/cifar10_drift_all/seed_7/splits/cifar10_split_seed7_clients5_alpha0p3_ref500.json,0.2,drift,20,fc1,4,0,0.9210146069526672,0.9652063250541687,500
cka_feddst,cifar10,0.9,7,results/logs/multiseed/cifar10_drift_all/seed_7/splits/cifar10_split_seed7_clients5_alpha0p3_ref500.json,0.2,drift,20,fc1,4,1,0.9939079880714417,0.9652063250541687,500
cka_feddst,cifar10,0.9,7,results/logs/multiseed/cifar10_drift_all/seed_7/splits/cifar10_split_seed7_clients5_alpha0p3_ref500.json,0.2,drift,20,fc1,4,2,0.9835745692253113,0.9652063250541687,500
cka_feddst,cifar10,0.9,7,results/logs/multiseed/cifar10_drift_all/seed_7/splits/cifar10_split_seed7_clients5_alpha0p3_ref500.json,0.2,drift,20,fc1,4,3,0.9889552593231201,0.9652063250541687,500
cka_feddst,cifar10,0.9,7,results/logs/multiseed/cifar10_drift_all/seed_7/splits/cifar10_split_seed7_clients5_alpha0p3_ref500.json,0.2,drift,20,fc1,4,4,1.0,0.9652063250541687,500
