suite,metric,method,dataset,sparsity,cka_strength,round,mean,std,count,seed_count,seeds
cka_strength,test_accuracy,cka_feddst,cifar10,0.5,0.2,1,0.13544,0.014386556224475683,5,5,"7,13,21,42,100"
cka_strength,test_accuracy,cka_feddst,cifar10,0.5,0.2,2,0.14538,0.015902735613723823,5,5,"7,13,21,42,100"
cka_strength,test_accuracy,cka_feddst,cifar10,0.5,0.2,3,0.1512,0.019309194700970818,5,5,"7,13,21,42,100"
cka_strength,test_accuracy,cka_feddst,cifar10,0.5,0.2,4,0.16338,0.012690232464379834,5,5,"7,13,21,42,100"
cka_strength,test_accuracy,cka_feddst,cifar10,0.5,0.2,5,0.17256,0.019190700873079128,5,5,"7,13,21,42,100"
cka_strength,test_accuracy,cka_feddst,cifar10,0.5,0.2,6,0.18308,0.023285016641608834,5,5,"7,13,21,42,100"
cka_strength,test_accuracy,cka_feddst,cifar10,0.5,0.2,7,0.19422,0.011505954979922357,5,5,"7,13,21,42,100"
cka_strength,test_accuracy,cka_feddst,cifar10,0.5,0.2,8,0.20206,0.019266888695375805,5,5,"7,13,21,42,100"
cka_strength,test_accuracy,cka_feddst,cifar10,0.5,0.2,9,0.22193999999999997,0.017733245613818123,5,5,"7,13,21,42,100"
cka_strength,test_accuracy,cka_feddst,cifar10,0.5,0.2,10,0.22401999999999997,0.017715868592874568,5,5,"7,13,21,42,100"
cka_strength,test_accuracy,cka_feddst,cifar10,0.5,0.2,11,0.23938,0.024782392943378185,5,5,"7,13,21,42,100"
cka_strength,test_accuracy,cka_feddst,cifar10,0.5,0.2,12,0.24766,0.01838526583979682,5,5,"7,13,21,42,100"
cka_strength,test_accuracy,cka_feddst,cifar10,0.5,0.2,13,0.26344,0.01849913511491821,5,5,"7,13,21,42,100"
cka_strength,test_accuracy,cka_feddst,cifar10,0.5,0.2,14,0.26966,0.019685603876945217,5,5,"7,13,21,42,100"
cka_strength,test_accuracy,cka_feddst,cifar10,0.5,0.2,15,0.28528000000000003,0.02037245689650612,5,5,"7,13,21,42,100"
cka_strength,test_accuracy,cka_feddst,cifar10,0.5,0.2,16,0.29002,0.021428649047478456,5,5,"7,13,21,42,100"
cka_strength,test_accuracy,cka_feddst,cifar10,0.5,0.2,17,0.3007,0.020138644442960908,5,5,"7,13,21,42,100"
cka_strength,test_accuracy,cka_feddst,cifar10,0.5,0.2,18,0.30808,0.0207931960025389,5,5,"7,13,21,42,100"
cka_strength,test_accuracy,cka_feddst,cifar10,0.5,0.2,19,0.30872,0.023943099214596253,5,5,"7,13,21,42,100"
cka_strength,test_accuracy,cka_feddst,cifar10,0.5,0.2,20,0.321,0.019965595408101392,5,5,"7,13,21,42,100"
cka_strength,test_accuracy,cka_feddst,cifar10,0.5,0.5,1,0.13544,0.014386556224475683,5,5,"7,13,21,42,100"
cka_strength,test_accuracy,cka_feddst,cifar10,0.5,0.5,2,0.14538,0.015902735613723823,5,5,"7,13,21,42,100"
cka_strength,test_accuracy,cka_feddst,cifar10,0.5,0.5,3,0.1512,0.019309194700970818,5,5,"7,13,21,42,100"
cka_strength,test_accuracy,cka_feddst,cifar10,0.5,0.5,4,0.16338,0.012690232464379834,5,5,"7,13,21,42,100"
cka_strength,test_accuracy,cka_feddst,cifar10,0.5,0.5,5,0.17256,0.019190700873079128,5,5,"7,13,21,42,100"
cka_strength,test_accuracy,cka_feddst,cifar10,0.5,0.5,6,0.18308,0.023285016641608834,5,5,"7,13,21,42,100"
cka_strength,test_accuracy,cka_feddst,cifar10,0.5,0.5,7,0.19422,0.011505954979922357,5,5,"7,13,21,42,100"
cka_strength,test_accuracy,cka_feddst,cifar10,0.5,0.5,8,0.20206,0.019266888695375805,5,5,"7,13,21,42,100"
cka_strength,test_accuracy,cka_feddst,cifar10,0.5,0.5,9,0.22193999999999997,0.017733245613818123,5,5,"7,13,21,42,100"
cka_strength,test_accuracy,cka_feddst,cifar10,0.5,0.5,10,0.22401999999999997,0.017715868592874568,5,5,"7,13,21,42,100"
cka_strength,test_accuracy,cka_feddst,cifar10,0.5,0.5,11,0.23938,0.024782392943378185,5,5,"7,13,21,42,100"
cka_strength,test_accuracy,cka_feddst,cifar10,0.5,0.5,12,0.24766,0.01838526583979682,5,5,"7,13,21,42,100"
cka_strength,test_accuracy,cka_feddst,cifar10,0.5,0.5,13,0.26344,0.01849913511491821,5,5,"7,13,21,42,100"
cka_strength,test_accuracy,cka_feddst,cifar10,0.5,0.5,14,0.26966,0.019685603876945217,5,5,"7,13,21,42,100"
cka_strength,test_accuracy,cka_feddst,cifar10,0.5,0.5,15,0.28528000000000003,0.02037245689650612,5,5,"7,13,21,42,100"
cka_strength,test_accuracy,cka_feddst,cifar10,0.5,0.5,16,0.29002,0.021428649047478456,5,5,"7,13,21,42,100"
cka_strength,test_accuracy,cka_feddst,cifar10,0.5,0.5,17,0.3007,0.020138644442960908,5,5,"7,13,21,42,100"
cka_strength,test_accuracy,cka_feddst,cifar10,0.5,0.5,18,0.30808,0.0207931960025389,5,5,"7,13,21,42,100"
cka_strength,test_accuracy,cka_feddst,cifar10,0.5,0.5,19,0.30872,0.023943099214596253,5,5,"7,13,21,42,100"
cka_strength,test_accuracy,cka_feddst,cifar10,0.5,0.5,20,0.321,0.019965595408101392,5,5,"7,13,21,42,100"
cka_strength,test_accuracy,cka_feddst,cifar10,0.5,0.8,1,0.13544,0.014386556224475683,5,5,"7,13,21,42,100"
cka_strength,test_accuracy,cka_feddst,cifar10,0.5,0.8,2,0.14538,0.015902735613723823,5,5,"7,13,21,42,100"
cka_strength,test_accuracy,cka_feddst,cifar10,0.5,0.8,3,0.1512,0.019309194700970818,5,5,"7,13,21,42,100"
cka_strength,test_accuracy,cka_feddst,cifar10,0.5,0.8,4,0.16338,0.012690232464379834,5,5,"7,13,21,42,100"
cka_strength,test_accuracy,cka_feddst,cifar10,0.5,0.8,5,0.17256,0.019190700873079128,5,5,"7,13,21,42,100"
cka_strength,test_accuracy,cka_feddst,cifar10,0.5,0.8,6,0.18308,0.023285016641608834,5,5,"7,13,21,42,100"
cka_strength,test_accuracy,cka_feddst,cifar10,0.5,0.8,7,0.19422,0.011505954979922357,5,5,"7,13,21,42,100"
cka_strength,test_accuracy,cka_feddst,cifar10,0.5,0.8,8,0.20206,0.019266888695375805,5,5,"7,13,21,42,100"
cka_strength,test_accuracy,cka_feddst,cifar10,0.5,0.8,9,0.22193999999999997,0.017733245613818123,5,5,"7,13,21,42,100"
cka_strength,test_accuracy,cka_feddst,cifar10,0.5,0.8,10,0.22401999999999997,0.017715868592874568,5,5,"7,13,21,42,100"
cka_strength,test_accuracy,cka_feddst,cifar10,0.5,0.8,11,0.23938,0.024782392943378185,5,5,"7,13,21,42,100"
cka_strength,test_accuracy,cka_feddst,cifar10,0.5,0.8,12,0.24766,0.01838526583979682,5,5,"7,13,21,42,100"
cka_strength,test_accuracy,cka_feddst,cifar10,0.5,0.8,13,0.26344,0.01849913511491821,5,5,"7,13,21,42,100"
cka_strength,test_accuracy,cka_feddst,cifar10,0.5,0.8,14,0.26966,0.019685603876945217,5,5,"7,13,21,42,100"
cka_strength,test_accuracy,cka_feddst,cifar10,0.5,0.8,15,0.28528000000000003,0.02037245689650612,5,5,"7,13,21,42,100"
cka_strength,test_accuracy,cka_feddst,cifar10,0.5,0.8,16,0.29002,0.021428649047478456,5,5,"7,13,21,42,100"
cka_strength,test_accuracy,cka_feddst,cifar10,0.5,0.8,17,0.3007,0.020138644442960908,5,5,"7,13,21,42,100"
cka_strength,test_accuracy,cka_feddst,cifar10,0.5,0.8,18,0.30808,0.0207931960025389,5,5,"7,13,21,42,100"
cka_strength,test_accuracy,cka_feddst,cifar10,0.5,0.8,19,0.30872,0.023943099214596253,5,5,"7,13,21,42,100"
cka_strength,test_accuracy,cka_feddst,cifar10,0.5,0.8,20,0.321,0.019965595408101392,5,5,"7,13,21,42,100"
cka_strength,test_accuracy,cka_feddst,cifar10,0.5,0.9,1,0.13544,0.014386556224475683,5,5,"7,13,21,42,100"
cka_strength,test_accuracy,cka_feddst,cifar10,0.5,0.9,2,0.14538,0.015902735613723823,5,5,"7,13,21,42,100"
cka_strength,test_accuracy,cka_feddst,cifar10,0.5,0.9,3,0.1512,0.019309194700970818,5,5,"7,13,21,42,100"
cka_strength,test_accuracy,cka_feddst,cifar10,0.5,0.9,4,0.16338,0.012690232464379834,5,5,"7,13,21,42,100"
cka_strength,test_accuracy,cka_feddst,cifar10,0.5,0.9,5,0.17256,0.019190700873079128,5,5,"7,13,21,42,100"
cka_strength,test_accuracy,cka_feddst,cifar10,0.5,0.9,6,0.18308,0.023285016641608834,5,5,"7,13,21,42,100"
cka_strength,test_accuracy,cka_feddst,cifar10,0.5,0.9,7,0.19422,0.011505954979922357,5,5,"7,13,21,42,100"
cka_strength,test_accuracy,cka_feddst,cifar10,0.5,0.9,8,0.20206,0.019266888695375805,5,5,"7,13,21,42,100"
cka_strength,test_accuracy,cka_feddst,cifar10,0.5,0.9,9,0.22193999999999997,0.017733245613818123,5,5,"7,13,21,42,100"
cka_strength,test_accuracy,cka_feddst,cifar10,0.5,0.9,10,0.22401999999999997,0.017715868592874568,5,5,"7,13,21,42,100"
cka_strength,test_accuracy,cka_feddst,cifar10,0.5,0.9,11,0.23938,0.024782392943378185,5,5,"7,13,21,42,100"
cka_strength,test_accuracy,cka_feddst,cifar10,0.5,0.9,12,0.24766,0.01838526583979682,5,5,"7,13,21,42,100"
cka_strength,test_accuracy,cka_feddst,cifar10,0.5,0.9,13,0.26344,0.01849913511491821,5,5,"7,13,21,42,100"
cka_strength,test_accuracy,cka_feddst,cifar10,0.5,0.9,14,0.26966,0.019685603876945217,5,5,"7,13,21,42,100"
cka_strength,test_accuracy,cka_feddst,cifar10,0.5,0.9,15,0.28528000000000003,0.02037245689650612,5,5,"7,13,21,42,100"
cka_strength,test_accuracy,cka_feddst,cifar10,0.5,0.9,16,0.29002,0.021428649047478456,5,5,"7,13,21,42,100"
cka_strength,test_accuracy,cka_feddst,cifar10,0.5,0.9,17,0.3007,0.020138644442960908,5,5,"7,13,21,42,100"
cka_strength,test_accuracy,cka_feddst,cifar10,0.5,0.9,18,0.30808,0.0207931960025389,5,5,"7,13,21,42,100"
cka_strength,test_accuracy,cka_feddst,cifar10,0.5,0.9,19,0.30872,0.023943099214596253,5,5,"7,13,21,42,100"
cka_strength,test_accuracy,cka_feddst,cifar10,0.5,0.9,20,0.321,0.019965595408101392,5,5,"7,13,21,42,100"
cka_strength,test_accuracy,cka_feddst,cifar10,0.5,1.0,1,0.13544,0.014386556224475683,5,5,"7,13,21,42,100"
cka_strength,test_accuracy,cka_feddst,cifar10,0.5,1.0,2,0.14538,0.015902735613723823,5,5,"7,13,21,42,100"
cka_strength,test_accuracy,cka_feddst,cifar10,0.5,1.0,3,0.1512,0.019309194700970818,5,5,"7,13,21,42,100"
cka_strength,test_accuracy,cka_feddst,cifar10,0.5,1.0,4,0.16338,0.012690232464379834,5,5,"7,13,21,42,100"
cka_strength,test_accuracy,cka_feddst,cifar10,0.5,1.0,5,0.17256,0.019190700873079128,5,5,"7,13,21,42,100"
cka_strength,test_accuracy,cka_feddst,cifar10,0.5,1.0,6,0.18308,0.023285016641608834,5,5,"7,13,21,42,100"
cka_strength,test_accuracy,cka_feddst,cifar10,0.5,1.0,7,0.19422,0.011505954979922357,5,5,"7,13,21,42,100"
cka_strength,test_accuracy,cka_feddst,cifar10,0.5,1.0,8,0.20206,0.019266888695375805,5,5,"7,13,21,42,100"
cka_strength,test_accuracy,cka_feddst,cifar10,0.5,1.0,9,0.22193999999999997,0.017733245613818123,5,5,"7,13,21,42,100"
cka_strength,test_accuracy,cka_feddst,cifar10,0.5,1.0,10,0.22401999999999997,0.017715868592874568,5,5,"7,13,21,42,100"
cka_strength,test_accuracy,cka_feddst,cifar10,0.5,1.0,11,0.23938,0.024782392943378185,5,5,"7,13,21,42,100"
cka_strength,test_accuracy,cka_feddst,cifar10,0.5,1.0,12,0.24766,0.01838526583979682,5,5,"7,13,21,42,100"
cka_strength,test_accuracy,cka_feddst,cifar10,0.5,1.0,13,0.26344,0.01849913511491821,5,5,"7,13,21,42,100"
cka_strength,test_accuracy,cka_feddst,cifar10,0.5,1.0,14,0.26966,0.019685603876945217,5,5,"7,13,21,42,100"
cka_strength,test_accuracy,cka_feddst,cifar10,0.5,1.0,15,0.28528000000000003,0.02037245689650612,5,5,"7,13,21,42,100"
cka_strength,test_accuracy,cka_feddst,cifar10,0.5,1.0,16,0.29002,0.021428649047478456,5,5,"7,13,21,42,100"
cka_strength,test_accuracy,cka_feddst,cifar10,0.5,1.0,17,0.3007,0.020138644442960908,5,5,"7,13,21,42,100"
cka_strength,test_accuracy,cka_feddst,cifar10,0.5,1.0,18,0.30808,0.0207931960025389,5,5,"7,13,21,42,100"
cka_strength,test_accuracy,cka_feddst,cifar10,0.5,1.0,19,0.30872,0.023943099214596253,5,5,"7,13,21,42,100"
cka_strength,test_accuracy,cka_feddst,cifar10,0.5,1.0,20,0.321,0.019965595408101392,5,5,"7,13,21,42,100"
cka_strength,test_accuracy,cka_feddst,cifar10,0.7,0.2,1,0.10611999999999999,0.008659503449967557,5,5,"7,13,21,42,100"
cka_strength,test_accuracy,cka_feddst,cifar10,0.7,0.2,2,0.12840000000000001,0.013249150916190822,5,5,"7,13,21,42,100"
cka_strength,test_accuracy,cka_feddst,cifar10,0.7,0.2,3,0.13916,0.018893861436985297,5,5,"7,13,21,42,100"
cka_strength,test_accuracy,cka_feddst,cifar10,0.7,0.2,4,0.14882,0.016837814585034493,5,5,"7,13,21,42,100"
cka_strength,test_accuracy,cka_feddst,cifar10,0.7,0.2,5,0.15362,0.020801249962442165,5,5,"7,13,21,42,100"
cka_strength,test_accuracy,cka_feddst,cifar10,0.7,0.2,6,0.15866,0.02332751594147993,5,5,"7,13,21,42,100"
cka_strength,test_accuracy,cka_feddst,cifar10,0.7,0.2,7,0.16699999999999998,0.014699319712149949,5,5,"7,13,21,42,100"
cka_strength,test_accuracy,cka_feddst,cifar10,0.7,0.2,8,0.16785999999999998,0.019051325413209447,5,5,"7,13,21,42,100"
cka_strength,test_accuracy,cka_feddst,cifar10,0.7,0.2,9,0.1786,0.018366001197865574,5,5,"7,13,21,42,100"
cka_strength,test_accuracy,cka_feddst,cifar10,0.7,0.2,10,0.17986,0.017268989547741347,5,5,"7,13,21,42,100"
cka_strength,test_accuracy,cka_feddst,cifar10,0.7,0.2,11,0.18504,0.021812221344924956,5,5,"7,13,21,42,100"
cka_strength,test_accuracy,cka_feddst,cifar10,0.7,0.2,12,0.1893,0.017851190436494687,5,5,"7,13,21,42,100"
cka_strength,test_accuracy,cka_feddst,cifar10,0.7,0.2,13,0.20162,0.024559865634811603,5,5,"7,13,21,42,100"
cka_strength,test_accuracy,cka_feddst,cifar10,0.7,0.2,14,0.20288,0.01865615180041157,5,5,"7,13,21,42,100"
cka_strength,test_accuracy,cka_feddst,cifar10,0.7,0.2,15,0.20778,0.01788943822482975,5,5,"7,13,21,42,100"
cka_strength,test_accuracy,cka_feddst,cifar10,0.7,0.2,16,0.20817999999999998,0.021718126070174655,5,5,"7,13,21,42,100"
cka_strength,test_accuracy,cka_feddst,cifar10,0.7,0.2,17,0.22233999999999998,0.02139855135283695,5,5,"7,13,21,42,100"
cka_strength,test_accuracy,cka_feddst,cifar10,0.7,0.2,18,0.22608,0.0182705227073557,5,5,"7,13,21,42,100"
cka_strength,test_accuracy,cka_feddst,cifar10,0.7,0.2,19,0.22346,0.031710140333968864,5,5,"7,13,21,42,100"
cka_strength,test_accuracy,cka_feddst,cifar10,0.7,0.2,20,0.24134000000000003,0.022242819065936757,5,5,"7,13,21,42,100"
cka_strength,test_accuracy,cka_feddst,cifar10,0.7,0.5,1,0.10611999999999999,0.008659503449967557,5,5,"7,13,21,42,100"
cka_strength,test_accuracy,cka_feddst,cifar10,0.7,0.5,2,0.12840000000000001,0.013249150916190822,5,5,"7,13,21,42,100"
cka_strength,test_accuracy,cka_feddst,cifar10,0.7,0.5,3,0.13913999999999999,0.01887055908021805,5,5,"7,13,21,42,100"
cka_strength,test_accuracy,cka_feddst,cifar10,0.7,0.5,4,0.14906,0.016857134987891622,5,5,"7,13,21,42,100"
cka_strength,test_accuracy,cka_feddst,cifar10,0.7,0.5,5,0.15316000000000002,0.020382541549080688,5,5,"7,13,21,42,100"
cka_strength,test_accuracy,cka_feddst,cifar10,0.7,0.5,6,0.1587,0.02325940669922602,5,5,"7,13,21,42,100"
cka_strength,test_accuracy,cka_feddst,cifar10,0.7,0.5,7,0.16624,0.013534326728729437,5,5,"7,13,21,42,100"
cka_strength,test_accuracy,cka_feddst,cifar10,0.7,0.5,8,0.1682,0.019158940471748445,5,5,"7,13,21,42,100"
cka_strength,test_accuracy,cka_feddst,cifar10,0.7,0.5,9,0.17852,0.018544864518243324,5,5,"7,13,21,42,100"
cka_strength,test_accuracy,cka_feddst,cifar10,0.7,0.5,10,0.17974,0.017530487728525977,5,5,"7,13,21,42,100"
cka_strength,test_accuracy,cka_feddst,cifar10,0.7,0.5,11,0.1849,0.021974075634710995,5,5,"7,13,21,42,100"
cka_strength,test_accuracy,cka_feddst,cifar10,0.7,0.5,12,0.18919999999999998,0.017517990752366548,5,5,"7,13,21,42,100"
cka_strength,test_accuracy,cka_feddst,cifar10,0.7,0.5,13,0.20134,0.024200578505482052,5,5,"7,13,21,42,100"
cka_strength,test_accuracy,cka_feddst,cifar10,0.7,0.5,14,0.20204,0.01882160992051423,5,5,"7,13,21,42,100"
cka_strength,test_accuracy,cka_feddst,cifar10,0.7,0.5,15,0.20754,0.016659321714883834,5,5,"7,13,21,42,100"
cka_strength,test_accuracy,cka_feddst,cifar10,0.7,0.5,16,0.20716,0.02127070755757786,5,5,"7,13,21,42,100"
cka_strength,test_accuracy,cka_feddst,cifar10,0.7,0.5,17,0.22248,0.022034904129584948,5,5,"7,13,21,42,100"
cka_strength,test_accuracy,cka_feddst,cifar10,0.7,0.5,18,0.22538,0.016279189168997336,5,5,"7,13,21,42,100"
cka_strength,test_accuracy,cka_feddst,cifar10,0.7,0.5,19,0.22492,0.030631144281596807,5,5,"7,13,21,42,100"
cka_strength,test_accuracy,cka_feddst,cifar10,0.7,0.5,20,0.24051999999999998,0.020733957654051477,5,5,"7,13,21,42,100"
cka_strength,test_accuracy,cka_feddst,cifar10,0.7,0.8,1,0.10611999999999999,0.008659503449967557,5,5,"7,13,21,42,100"
cka_strength,test_accuracy,cka_feddst,cifar10,0.7,0.8,2,0.12840000000000001,0.013249150916190822,5,5,"7,13,21,42,100"
cka_strength,test_accuracy,cka_feddst,cifar10,0.7,0.8,3,0.13924,0.018895184571736782,5,5,"7,13,21,42,100"
cka_strength,test_accuracy,cka_feddst,cifar10,0.7,0.8,4,0.14887999999999998,0.017132775607005424,5,5,"7,13,21,42,100"
cka_strength,test_accuracy,cka_feddst,cifar10,0.7,0.8,5,0.1532,0.020476449887614805,5,5,"7,13,21,42,100"
cka_strength,test_accuracy,cka_feddst,cifar10,0.7,0.8,6,0.15902,0.023604279273047087,5,5,"7,13,21,42,100"
cka_strength,test_accuracy,cka_feddst,cifar10,0.7,0.8,7,0.16546,0.013007613155379417,5,5,"7,13,21,42,100"
cka_strength,test_accuracy,cka_feddst,cifar10,0.7,0.8,8,0.16832,0.019281260332250062,5,5,"7,13,21,42,100"
cka_strength,test_accuracy,cka_feddst,cifar10,0.7,0.8,9,0.17836,0.018361726498344326,5,5,"7,13,21,42,100"
cka_strength,test_accuracy,cka_feddst,cifar10,0.7,0.8,10,0.17918,0.0175131950254658,5,5,"7,13,21,42,100"
cka_strength,test_accuracy,cka_feddst,cifar10,0.7,0.8,11,0.18492,0.022021285157774063,5,5,"7,13,21,42,100"
cka_strength,test_accuracy,cka_feddst,cifar10,0.7,0.8,12,0.18988,0.017309737144162535,5,5,"7,13,21,42,100"
cka_strength,test_accuracy,cka_feddst,cifar10,0.7,0.8,13,0.20092,0.024439864975077084,5,5,"7,13,21,42,100"
cka_strength,test_accuracy,cka_feddst,cifar10,0.7,0.8,14,0.20116,0.01798980266706669,5,5,"7,13,21,42,100"
cka_strength,test_accuracy,cka_feddst,cifar10,0.7,0.8,15,0.20754,0.016791456160797965,5,5,"7,13,21,42,100"
cka_strength,test_accuracy,cka_feddst,cifar10,0.7,0.8,16,0.20781999999999998,0.021186953532775773,5,5,"7,13,21,42,100"
cka_strength,test_accuracy,cka_feddst,cifar10,0.7,0.8,17,0.22174,0.02239805795152786,5,5,"7,13,21,42,100"
cka_strength,test_accuracy,cka_feddst,cifar10,0.7,0.8,18,0.22614,0.019158496809509866,5,5,"7,13,21,42,100"
cka_strength,test_accuracy,cka_feddst,cifar10,0.7,0.8,19,0.22532000000000002,0.03114557753518147,5,5,"7,13,21,42,100"
cka_strength,test_accuracy,cka_feddst,cifar10,0.7,0.8,20,0.24106,0.02240520028921858,5,5,"7,13,21,42,100"
cka_strength,test_accuracy,cka_feddst,cifar10,0.7,0.9,1,0.10611999999999999,0.008659503449967557,5,5,"7,13,21,42,100"
cka_strength,test_accuracy,cka_feddst,cifar10,0.7,0.9,2,0.12840000000000001,0.013249150916190822,5,5,"7,13,21,42,100"
cka_strength,test_accuracy,cka_feddst,cifar10,0.7,0.9,3,0.1392,0.018889017973415145,5,5,"7,13,21,42,100"
cka_strength,test_accuracy,cka_feddst,cifar10,0.7,0.9,4,0.14896,0.01695429149212669,5,5,"7,13,21,42,100"
cka_strength,test_accuracy,cka_feddst,cifar10,0.7,0.9,5,0.15318,0.020335609162255245,5,5,"7,13,21,42,100"
cka_strength,test_accuracy,cka_feddst,cifar10,0.7,0.9,6,0.15940000000000001,0.02338289973463513,5,5,"7,13,21,42,100"
cka_strength,test_accuracy,cka_feddst,cifar10,0.7,0.9,7,0.16574,0.013249641504584181,5,5,"7,13,21,42,100"
cka_strength,test_accuracy,cka_feddst,cifar10,0.7,0.9,8,0.16846,0.019406648345348047,5,5,"7,13,21,42,100"
cka_strength,test_accuracy,cka_feddst,cifar10,0.7,0.9,9,0.17844,0.01859792999234055,5,5,"7,13,21,42,100"
cka_strength,test_accuracy,cka_feddst,cifar10,0.7,0.9,10,0.17938,0.017029151476218658,5,5,"7,13,21,42,100"
cka_strength,test_accuracy,cka_feddst,cifar10,0.7,0.9,11,0.18488,0.02180830117180153,5,5,"7,13,21,42,100"
cka_strength,test_accuracy,cka_feddst,cifar10,0.7,0.9,12,0.18997999999999998,0.017231279697108984,5,5,"7,13,21,42,100"
cka_strength,test_accuracy,cka_feddst,cifar10,0.7,0.9,13,0.20146000000000003,0.02421452043712615,5,5,"7,13,21,42,100"
cka_strength,test_accuracy,cka_feddst,cifar10,0.7,0.9,14,0.20168,0.019361998863753706,5,5,"7,13,21,42,100"
cka_strength,test_accuracy,cka_feddst,cifar10,0.7,0.9,15,0.20743999999999999,0.01645442189807956,5,5,"7,13,21,42,100"
cka_strength,test_accuracy,cka_feddst,cifar10,0.7,0.9,16,0.20772,0.02126739288206244,5,5,"7,13,21,42,100"
cka_strength,test_accuracy,cka_feddst,cifar10,0.7,0.9,17,0.223,0.022568119106385443,5,5,"7,13,21,42,100"
cka_strength,test_accuracy,cka_feddst,cifar10,0.7,0.9,18,0.22601999999999997,0.018692164133668424,5,5,"7,13,21,42,100"
cka_strength,test_accuracy,cka_feddst,cifar10,0.7,0.9,19,0.22558000000000003,0.03153517084145892,5,5,"7,13,21,42,100"
cka_strength,test_accuracy,cka_feddst,cifar10,0.7,0.9,20,0.24123999999999998,0.02252027974959457,5,5,"7,13,21,42,100"
cka_strength,test_accuracy,cka_feddst,cifar10,0.7,1.0,1,0.10611999999999999,0.008659503449967557,5,5,"7,13,21,42,100"
cka_strength,test_accuracy,cka_feddst,cifar10,0.7,1.0,2,0.12840000000000001,0.013249150916190822,5,5,"7,13,21,42,100"
cka_strength,test_accuracy,cka_feddst,cifar10,0.7,1.0,3,0.13906000000000002,0.018940776119261843,5,5,"7,13,21,42,100"
cka_strength,test_accuracy,cka_feddst,cifar10,0.7,1.0,4,0.14886,0.016828636308388135,5,5,"7,13,21,42,100"
cka_strength,test_accuracy,cka_feddst,cifar10,0.7,1.0,5,0.15312,0.02027158109275149,5,5,"7,13,21,42,100"
cka_strength,test_accuracy,cka_feddst,cifar10,0.7,1.0,6,0.159,0.023497978636469997,5,5,"7,13,21,42,100"
cka_strength,test_accuracy,cka_feddst,cifar10,0.7,1.0,7,0.16672,0.013888376434990524,5,5,"7,13,21,42,100"
cka_strength,test_accuracy,cka_feddst,cifar10,0.7,1.0,8,0.16846,0.019231432603942947,5,5,"7,13,21,42,100"
cka_strength,test_accuracy,cka_feddst,cifar10,0.7,1.0,9,0.17844,0.018533564147243775,5,5,"7,13,21,42,100"
cka_strength,test_accuracy,cka_feddst,cifar10,0.7,1.0,10,0.17948,0.017104005378857902,5,5,"7,13,21,42,100"
cka_strength,test_accuracy,cka_feddst,cifar10,0.7,1.0,11,0.18464,0.022621516306384055,5,5,"7,13,21,42,100"
cka_strength,test_accuracy,cka_feddst,cifar10,0.7,1.0,12,0.18926,0.01746676844754061,5,5,"7,13,21,42,100"
cka_strength,test_accuracy,cka_feddst,cifar10,0.7,1.0,13,0.20095999999999997,0.024459313154706546,5,5,"7,13,21,42,100"
cka_strength,test_accuracy,cka_feddst,cifar10,0.7,1.0,14,0.20134,0.019308366062409318,5,5,"7,13,21,42,100"
cka_strength,test_accuracy,cka_feddst,cifar10,0.7,1.0,15,0.207,0.016530275254816547,5,5,"7,13,21,42,100"
cka_strength,test_accuracy,cka_feddst,cifar10,0.7,1.0,16,0.20705999999999997,0.021536782489499216,5,5,"7,13,21,42,100"
cka_strength,test_accuracy,cka_feddst,cifar10,0.7,1.0,17,0.22164,0.022490175632929158,5,5,"7,13,21,42,100"
cka_strength,test_accuracy,cka_feddst,cifar10,0.7,1.0,18,0.22658,0.01850154047640359,5,5,"7,13,21,42,100"
cka_strength,test_accuracy,cka_feddst,cifar10,0.7,1.0,19,0.22512,0.031027036597135724,5,5,"7,13,21,42,100"
cka_strength,test_accuracy,cka_feddst,cifar10,0.7,1.0,20,0.24063999999999997,0.021881796087158827,5,5,"7,13,21,42,100"
cka_strength,test_accuracy,cka_feddst,cifar10,0.8,0.2,1,0.1,0.0,5,5,"7,13,21,42,100"
cka_strength,test_accuracy,cka_feddst,cifar10,0.8,0.2,2,0.09981999999999999,0.0005215361924162099,5,5,"7,13,21,42,100"
cka_strength,test_accuracy,cka_feddst,cifar10,0.8,0.2,3,0.10869999999999999,0.01254272697622012,5,5,"7,13,21,42,100"
cka_strength,test_accuracy,cka_feddst,cifar10,0.8,0.2,4,0.13164,0.024105870654261792,5,5,"7,13,21,42,100"
cka_strength,test_accuracy,cka_feddst,cifar10,0.8,0.2,5,0.13258,0.024469409473871658,5,5,"7,13,21,42,100"
cka_strength,test_accuracy,cka_feddst,cifar10,0.8,0.2,6,0.14034,0.02960131753824482,5,5,"7,13,21,42,100"
cka_strength,test_accuracy,cka_feddst,cifar10,0.8,0.2,7,0.14664000000000002,0.02027727792382398,5,5,"7,13,21,42,100"
cka_strength,test_accuracy,cka_feddst,cifar10,0.8,0.2,8,0.14694000000000002,0.0248795699319743,5,5,"7,13,21,42,100"
cka_strength,test_accuracy,cka_feddst,cifar10,0.8,0.2,9,0.1621,0.028405721254705023,5,5,"7,13,21,42,100"
cka_strength,test_accuracy,cka_feddst,cifar10,0.8,0.2,10,0.15862,0.020637756661032708,5,5,"7,13,21,42,100"
cka_strength,test_accuracy,cka_feddst,cifar10,0.8,0.2,11,0.17034,0.029633140231841777,5,5,"7,13,21,42,100"
cka_strength,test_accuracy,cka_feddst,cifar10,0.8,0.2,12,0.16741999999999999,0.019905451514597706,5,5,"7,13,21,42,100"
cka_strength,test_accuracy,cka_feddst,cifar10,0.8,0.2,13,0.18392,0.027533198143332344,5,5,"7,13,21,42,100"
cka_strength,test_accuracy,cka_feddst,cifar10,0.8,0.2,14,0.18482,0.02431742173833402,5,5,"7,13,21,42,100"
cka_strength,test_accuracy,cka_feddst,cifar10,0.8,0.2,15,0.1904,0.020710263156222812,5,5,"7,13,21,42,100"
cka_strength,test_accuracy,cka_feddst,cifar10,0.8,0.2,16,0.187,0.019964969321288724,5,5,"7,13,21,42,100"
cka_strength,test_accuracy,cka_feddst,cifar10,0.8,0.2,17,0.19388,0.026712581305444814,5,5,"7,13,21,42,100"
cka_strength,test_accuracy,cka_feddst,cifar10,0.8,0.2,18,0.19604,0.02256342172632511,5,5,"7,13,21,42,100"
cka_strength,test_accuracy,cka_feddst,cifar10,0.8,0.2,19,0.19056,0.03427714982316936,5,5,"7,13,21,42,100"
cka_strength,test_accuracy,cka_feddst,cifar10,0.8,0.2,20,0.2022,0.021910271563812252,5,5,"7,13,21,42,100"
cka_strength,test_accuracy,cka_feddst,cifar10,0.8,0.5,1,0.1,0.0,5,5,"7,13,21,42,100"
cka_strength,test_accuracy,cka_feddst,cifar10,0.8,0.5,2,0.09981999999999999,0.0005215361924162099,5,5,"7,13,21,42,100"
cka_strength,test_accuracy,cka_feddst,cifar10,0.8,0.5,3,0.10878000000000002,0.012603650264903413,5,5,"7,13,21,42,100"
cka_strength,test_accuracy,cka_feddst,cifar10,0.8,0.5,4,0.13174000000000002,0.024576981100208388,5,5,"7,13,21,42,100"
cka_strength,test_accuracy,cka_feddst,cifar10,0.8,0.5,5,0.13374,0.0229473963664726,5,5,"7,13,21,42,100"
cka_strength,test_accuracy,cka_feddst,cifar10,0.8,0.5,6,0.14076,0.029277773139362917,5,5,"7,13,21,42,100"
cka_strength,test_accuracy,cka_feddst,cifar10,0.8,0.5,7,0.14614,0.021074700472367345,5,5,"7,13,21,42,100"
cka_strength,test_accuracy,cka_feddst,cifar10,0.8,0.5,8,0.14684,0.024929360200374166,5,5,"7,13,21,42,100"
cka_strength,test_accuracy,cka_feddst,cifar10,0.8,0.5,9,0.16246,0.02869822294149937,5,5,"7,13,21,42,100"
cka_strength,test_accuracy,cka_feddst,cifar10,0.8,0.5,10,0.15952,0.019018990509488135,5,5,"7,13,21,42,100"
cka_strength,test_accuracy,cka_feddst,cifar10,0.8,0.5,11,0.17099999999999999,0.02950982887107277,5,5,"7,13,21,42,100"
cka_strength,test_accuracy,cka_feddst,cifar10,0.8,0.5,12,0.17036,0.020288001380126135,5,5,"7,13,21,42,100"
cka_strength,test_accuracy,cka_feddst,cifar10,0.8,0.5,13,0.18409999999999999,0.028318456878862593,5,5,"7,13,21,42,100"
cka_strength,test_accuracy,cka_feddst,cifar10,0.8,0.5,14,0.18566,0.024907087344769957,5,5,"7,13,21,42,100"
cka_strength,test_accuracy,cka_feddst,cifar10,0.8,0.5,15,0.19006,0.02074639727759979,5,5,"7,13,21,42,100"
cka_strength,test_accuracy,cka_feddst,cifar10,0.8,0.5,16,0.1877,0.02063673908348895,5,5,"7,13,21,42,100"
cka_strength,test_accuracy,cka_feddst,cifar10,0.8,0.5,17,0.19458,0.02711036702075426,5,5,"7,13,21,42,100"
cka_strength,test_accuracy,cka_feddst,cifar10,0.8,0.5,18,0.1964,0.023219496118563814,5,5,"7,13,21,42,100"
cka_strength,test_accuracy,cka_feddst,cifar10,0.8,0.5,19,0.19158,0.03343511627017318,5,5,"7,13,21,42,100"
cka_strength,test_accuracy,cka_feddst,cifar10,0.8,0.5,20,0.20274,0.018630163713719745,5,5,"7,13,21,42,100"
cka_strength,test_accuracy,cka_feddst,cifar10,0.8,0.8,1,0.1,0.0,5,5,"7,13,21,42,100"
cka_strength,test_accuracy,cka_feddst,cifar10,0.8,0.8,2,0.09981999999999999,0.0005215361924162099,5,5,"7,13,21,42,100"
cka_strength,test_accuracy,cka_feddst,cifar10,0.8,0.8,3,0.10880000000000001,0.01266195087654347,5,5,"7,13,21,42,100"
cka_strength,test_accuracy,cka_feddst,cifar10,0.8,0.8,4,0.13188,0.024393380249567706,5,5,"7,13,21,42,100"
cka_strength,test_accuracy,cka_feddst,cifar10,0.8,0.8,5,0.13386,0.023025920177052652,5,5,"7,13,21,42,100"
cka_strength,test_accuracy,cka_feddst,cifar10,0.8,0.8,6,0.14118,0.02940658089611916,5,5,"7,13,21,42,100"
cka_strength,test_accuracy,cka_feddst,cifar10,0.8,0.8,7,0.14501999999999998,0.02233387561530688,5,5,"7,13,21,42,100"
cka_strength,test_accuracy,cka_feddst,cifar10,0.8,0.8,8,0.14652,0.024674419952655416,5,5,"7,13,21,42,100"
cka_strength,test_accuracy,cka_feddst,cifar10,0.8,0.8,9,0.16233999999999998,0.028575566486073373,5,5,"7,13,21,42,100"
cka_strength,test_accuracy,cka_feddst,cifar10,0.8,0.8,10,0.15844,0.02086834923993751,5,5,"7,13,21,42,100"
cka_strength,test_accuracy,cka_feddst,cifar10,0.8,0.8,11,0.17028,0.030077682756489064,5,5,"7,13,21,42,100"
cka_strength,test_accuracy,cka_feddst,cifar10,0.8,0.8,12,0.17021999999999998,0.021368364467127567,5,5,"7,13,21,42,100"
cka_strength,test_accuracy,cka_feddst,cifar10,0.8,0.8,13,0.18374,0.027870019734474536,5,5,"7,13,21,42,100"
cka_strength,test_accuracy,cka_feddst,cifar10,0.8,0.8,14,0.1849,0.025994230129011323,5,5,"7,13,21,42,100"
cka_strength,test_accuracy,cka_feddst,cifar10,0.8,0.8,15,0.18974,0.019852909106727917,5,5,"7,13,21,42,100"
cka_strength,test_accuracy,cka_feddst,cifar10,0.8,0.8,16,0.18580000000000002,0.01963033367011371,5,5,"7,13,21,42,100"
cka_strength,test_accuracy,cka_feddst,cifar10,0.8,0.8,17,0.1937,0.027230864841205467,5,5,"7,13,21,42,100"
cka_strength,test_accuracy,cka_feddst,cifar10,0.8,0.8,18,0.1964,0.02277805961885253,5,5,"7,13,21,42,100"
cka_strength,test_accuracy,cka_feddst,cifar10,0.8,0.8,19,0.19085999999999997,0.034592528094951384,5,5,"7,13,21,42,100"
cka_strength,test_accuracy,cka_feddst,cifar10,0.8,0.8,20,0.20285999999999998,0.019591401175005324,5,5,"7,13,21,42,100"
cka_strength,test_accuracy,cka_feddst,cifar10,0.8,0.9,1,0.1,0.0,5,5,"7,13,21,42,100"
cka_strength,test_accuracy,cka_feddst,cifar10,0.8,0.9,2,0.09981999999999999,0.0005215361924162099,5,5,"7,13,21,42,100"
cka_strength,test_accuracy,cka_feddst,cifar10,0.8,0.9,3,0.10886,0.012708186337947675,5,5,"7,13,21,42,100"
cka_strength,test_accuracy,cka_feddst,cifar10,0.8,0.9,4,0.13184,0.024625251267753594,5,5,"7,13,21,42,100"
cka_strength,test_accuracy,cka_feddst,cifar10,0.8,0.9,5,0.13428,0.023038815073696838,5,5,"7,13,21,42,100"
cka_strength,test_accuracy,cka_feddst,cifar10,0.8,0.9,6,0.14265999999999998,0.030085677655655348,5,5,"7,13,21,42,100"
cka_strength,test_accuracy,cka_feddst,cifar10,0.8,0.9,7,0.14466,0.0224361984302154,5,5,"7,13,21,42,100"
cka_strength,test_accuracy,cka_feddst,cifar10,0.8,0.9,8,0.14636,0.024500877535304725,5,5,"7,13,21,42,100"
cka_strength,test_accuracy,cka_feddst,cifar10,0.8,0.9,9,0.16254,0.0284749539068986,5,5,"7,13,21,42,100"
cka_strength,test_accuracy,cka_feddst,cifar10,0.8,0.9,10,0.15842,0.021008974272914892,5,5,"7,13,21,42,100"
cka_strength,test_accuracy,cka_feddst,cifar10,0.8,0.9,11,0.17052,0.02988715443129373,5,5,"7,13,21,42,100"
cka_strength,test_accuracy,cka_feddst,cifar10,0.8,0.9,12,0.16812,0.021232804807655534,5,5,"7,13,21,42,100"
cka_strength,test_accuracy,cka_feddst,cifar10,0.8,0.9,13,0.18446,0.02809409190559467,5,5,"7,13,21,42,100"
cka_strength,test_accuracy,cka_feddst,cifar10,0.8,0.9,14,0.1856,0.026915330204179178,5,5,"7,13,21,42,100"
cka_strength,test_accuracy,cka_feddst,cifar10,0.8,0.9,15,0.19004000000000001,0.019505076262347713,5,5,"7,13,21,42,100"
cka_strength,test_accuracy,cka_feddst,cifar10,0.8,0.9,16,0.18584,0.02002356112183844,5,5,"7,13,21,42,100"
cka_strength,test_accuracy,cka_feddst,cifar10,0.8,0.9,17,0.194,0.0264338797757726,5,5,"7,13,21,42,100"
cka_strength,test_accuracy,cka_feddst,cifar10,0.8,0.9,18,0.1972,0.022381577245583022,5,5,"7,13,21,42,100"
cka_strength,test_accuracy,cka_feddst,cifar10,0.8,0.9,19,0.19062,0.03449212953704076,5,5,"7,13,21,42,100"
cka_strength,test_accuracy,cka_feddst,cifar10,0.8,0.9,20,0.20166,0.021063309331631624,5,5,"7,13,21,42,100"
cka_strength,test_accuracy,cka_feddst,cifar10,0.8,1.0,1,0.1,0.0,5,5,"7,13,21,42,100"
cka_strength,test_accuracy,cka_feddst,cifar10,0.8,1.0,2,0.09981999999999999,0.0005215361924162099,5,5,"7,13,21,42,100"
cka_strength,test_accuracy,cka_feddst,cifar10,0.8,1.0,3,0.10884,0.012671542921049512,5,5,"7,13,21,42,100"
cka_strength,test_accuracy,cka_feddst,cifar10,0.8,1.0,4,0.13174000000000002,0.024585524196160634,5,5,"7,13,21,42,100"
cka_strength,test_accuracy,cka_feddst,cifar10,0.8,1.0,5,0.1341,0.023282289406327726,5,5,"7,13,21,42,100"
cka_strength,test_accuracy,cka_feddst,cifar10,0.8,1.0,6,0.14344,0.02905732265712035,5,5,"7,13,21,42,100"
cka_strength,test_accuracy,cka_feddst,cifar10,0.8,1.0,7,0.14498000000000003,0.022592410229986523,5,5,"7,13,21,42,100"
cka_strength,test_accuracy,cka_feddst,cifar10,0.8,1.0,8,0.14532,0.025021430814403885,5,5,"7,13,21,42,100"
cka_strength,test_accuracy,cka_feddst,cifar10,0.8,1.0,9,0.16188,0.0282735211814871,5,5,"7,13,21,42,100"
cka_strength,test_accuracy,cka_feddst,cifar10,0.8,1.0,10,0.15811999999999998,0.021515970812398866,5,5,"7,13,21,42,100"
cka_strength,test_accuracy,cka_feddst,cifar10,0.8,1.0,11,0.1704,0.030098920246414168,5,5,"7,13,21,42,100"
cka_strength,test_accuracy,cka_feddst,cifar10,0.8,1.0,12,0.16741999999999999,0.021183059269142407,5,5,"7,13,21,42,100"
cka_strength,test_accuracy,cka_feddst,cifar10,0.8,1.0,13,0.18417999999999998,0.028425024186445297,5,5,"7,13,21,42,100"
cka_strength,test_accuracy,cka_feddst,cifar10,0.8,1.0,14,0.18616,0.026379594386570848,5,5,"7,13,21,42,100"
cka_strength,test_accuracy,cka_feddst,cifar10,0.8,1.0,15,0.18992,0.020066065882479302,5,5,"7,13,21,42,100"
cka_strength,test_accuracy,cka_feddst,cifar10,0.8,1.0,16,0.18596,0.020377144058969593,5,5,"7,13,21,42,100"
cka_strength,test_accuracy,cka_feddst,cifar10,0.8,1.0,17,0.19397999999999999,0.026744756495432894,5,5,"7,13,21,42,100"
cka_strength,test_accuracy,cka_feddst,cifar10,0.8,1.0,18,0.19716,0.023217514940234236,5,5,"7,13,21,42,100"
cka_strength,test_accuracy,cka_feddst,cifar10,0.8,1.0,19,0.1906,0.03361093572038719,5,5,"7,13,21,42,100"
cka_strength,test_accuracy,cka_feddst,cifar10,0.8,1.0,20,0.20156000000000002,0.019782896653422616,5,5,"7,13,21,42,100"
cka_strength,test_accuracy,cka_feddst,cifar10,0.9,0.2,1,0.1,0.0,5,5,"7,13,21,42,100"
cka_strength,test_accuracy,cka_feddst,cifar10,0.9,0.2,2,0.1,0.0,5,5,"7,13,21,42,100"
cka_strength,test_accuracy,cka_feddst,cifar10,0.9,0.2,3,0.10006,0.0001341640786499874,5,5,"7,13,21,42,100"
cka_strength,test_accuracy,cka_feddst,cifar10,0.9,0.2,4,0.1,0.0,5,5,"7,13,21,42,100"
cka_strength,test_accuracy,cka_feddst,cifar10,0.9,0.2,5,0.1,0.0,5,5,"7,13,21,42,100"
cka_strength,test_accuracy,cka_feddst,cifar10,0.9,0.2,6,0.10044,0.0009838699100999052,5,5,"7,13,21,42,100"
cka_strength,test_accuracy,cka_feddst,cifar10,0.9,0.2,7,0.1,0.0,5,5,"7,13,21,42,100"
cka_strength,test_accuracy,cka_feddst,cifar10,0.9,0.2,8,0.1,0.0,5,5,"7,13,21,42,100"
cka_strength,test_accuracy,cka_feddst,cifar10,0.9,0.2,9,0.1,0.0,5,5,"7,13,21,42,100"
cka_strength,test_accuracy,cka_feddst,cifar10,0.9,0.2,10,0.1,0.0,5,5,"7,13,21,42,100"
cka_strength,test_accuracy,cka_feddst,cifar10,0.9,0.2,11,0.1,0.0,5,5,"7,13,21,42,100"
cka_strength,test_accuracy,cka_feddst,cifar10,0.9,0.2,12,0.1,0.0,5,5,"7,13,21,42,100"
cka_strength,test_accuracy,cka_feddst,cifar10,0.9,0.2,13,0.1,0.0,5,5,"7,13,21,42,100"
cka_strength,test_accuracy,cka_feddst,cifar10,0.9,0.2,14,0.1,0.0,5,5,"7,13,21,42,100"
cka_strength,test_accuracy,cka_feddst,cifar10,0.9,0.2,15,0.10468,0.01046479813469901,5,5,"7,13,21,42,100"
cka_strength,test_accuracy,cka_feddst,cifar10,0.9,0.2,16,0.1068,0.014327595750857847,5,5,"7,13,21,42,100"
cka_strength,test_accuracy,cka_feddst,cifar10,0.9,0.2,17,0.10500000000000001,0.007610519036176176,5,5,"7,13,21,42,100"
cka_strength,test_accuracy,cka_feddst,cifar10,0.9,0.2,18,0.10256000000000001,0.0056131987315611795,5,5,"7,13,21,42,100"
cka_strength,test_accuracy,cka_feddst,cifar10,0.9,0.2,19,0.11478,0.0272483393989432,5,5,"7,13,21,42,100"
cka_strength,test_accuracy,cka_feddst,cifar10,0.9,0.2,20,0.12524000000000002,0.029679673178793598,5,5,"7,13,21,42,100"
cka_strength,test_accuracy,cka_feddst,cifar10,0.9,0.5,1,0.1,0.0,5,5,"7,13,21,42,100"
cka_strength,test_accuracy,cka_feddst,cifar10,0.9,0.5,2,0.1,0.0,5,5,"7,13,21,42,100"
cka_strength,test_accuracy,cka_feddst,cifar10,0.9,0.5,3,0.10006,0.0001341640786499874,5,5,"7,13,21,42,100"
cka_strength,test_accuracy,cka_feddst,cifar10,0.9,0.5,4,0.1,0.0,5,5,"7,13,21,42,100"
cka_strength,test_accuracy,cka_feddst,cifar10,0.9,0.5,5,0.1,0.0,5,5,"7,13,21,42,100"
cka_strength,test_accuracy,cka_feddst,cifar10,0.9,0.5,6,0.1004,0.0008944271909999097,5,5,"7,13,21,42,100"
cka_strength,test_accuracy,cka_feddst,cifar10,0.9,0.5,7,0.1,0.0,5,5,"7,13,21,42,100"
cka_strength,test_accuracy,cka_feddst,cifar10,0.9,0.5,8,0.1,0.0,5,5,"7,13,21,42,100"
cka_strength,test_accuracy,cka_feddst,cifar10,0.9,0.5,9,0.1,0.0,5,5,"7,13,21,42,100"
cka_strength,test_accuracy,cka_feddst,cifar10,0.9,0.5,10,0.1,0.0,5,5,"7,13,21,42,100"
cka_strength,test_accuracy,cka_feddst,cifar10,0.9,0.5,11,0.1,0.0,5,5,"7,13,21,42,100"
cka_strength,test_accuracy,cka_feddst,cifar10,0.9,0.5,12,0.1,0.0,5,5,"7,13,21,42,100"
cka_strength,test_accuracy,cka_feddst,cifar10,0.9,0.5,13,0.1,0.0,5,5,"7,13,21,42,100"
cka_strength,test_accuracy,cka_feddst,cifar10,0.9,0.5,14,0.1,0.0,5,5,"7,13,21,42,100"
cka_strength,test_accuracy,cka_feddst,cifar10,0.9,0.5,15,0.10264,0.005903219460599438,5,5,"7,13,21,42,100"
cka_strength,test_accuracy,cka_feddst,cifar10,0.9,0.5,16,0.10758000000000001,0.014714346740511456,5,5,"7,13,21,42,100"
cka_strength,test_accuracy,cka_feddst,cifar10,0.9,0.5,17,0.10866,0.016610779632515744,5,5,"7,13,21,42,100"
cka_strength,test_accuracy,cka_feddst,cifar10,0.9,0.5,18,0.1093,0.014583209523283958,5,5,"7,13,21,42,100"
cka_strength,test_accuracy,cka_feddst,cifar10,0.9,0.5,19,0.11052,0.01878368973338306,5,5,"7,13,21,42,100"
cka_strength,test_accuracy,cka_feddst,cifar10,0.9,0.5,20,0.12738,0.02650522589981078,5,5,"7,13,21,42,100"
cka_strength,test_accuracy,cka_feddst,cifar10,0.9,0.8,1,0.1,0.0,5,5,"7,13,21,42,100"
cka_strength,test_accuracy,cka_feddst,cifar10,0.9,0.8,2,0.1,0.0,5,5,"7,13,21,42,100"
cka_strength,test_accuracy,cka_feddst,cifar10,0.9,0.8,3,0.10006,0.0001341640786499874,5,5,"7,13,21,42,100"
cka_strength,test_accuracy,cka_feddst,cifar10,0.9,0.8,4,0.1,0.0,5,5,"7,13,21,42,100"
cka_strength,test_accuracy,cka_feddst,cifar10,0.9,0.8,5,0.1,0.0,5,5,"7,13,21,42,100"
cka_strength,test_accuracy,cka_feddst,cifar10,0.9,0.8,6,0.10048000000000001,0.0010733126291998984,5,5,"7,13,21,42,100"
cka_strength,test_accuracy,cka_feddst,cifar10,0.9,0.8,7,0.1,0.0,5,5,"7,13,21,42,100"
cka_strength,test_accuracy,cka_feddst,cifar10,0.9,0.8,8,0.1,0.0,5,5,"7,13,21,42,100"
cka_strength,test_accuracy,cka_feddst,cifar10,0.9,0.8,9,0.1,0.0,5,5,"7,13,21,42,100"
cka_strength,test_accuracy,cka_feddst,cifar10,0.9,0.8,10,0.1,0.0,5,5,"7,13,21,42,100"
cka_strength,test_accuracy,cka_feddst,cifar10,0.9,0.8,11,0.1,0.0,5,5,"7,13,21,42,100"
cka_strength,test_accuracy,cka_feddst,cifar10,0.9,0.8,12,0.1,0.0,5,5,"7,13,21,42,100"
cka_strength,test_accuracy,cka_feddst,cifar10,0.9,0.8,13,0.1,0.0,5,5,"7,13,21,42,100"
cka_strength,test_accuracy,cka_feddst,cifar10,0.9,0.8,14,0.1005,0.001118033988749889,5,5,"7,13,21,42,100"
cka_strength,test_accuracy,cka_feddst,cifar10,0.9,0.8,15,0.1,0.0,5,5,"7,13,21,42,100"
cka_strength,test_accuracy,cka_feddst,cifar10,0.9,0.8,16,0.10922000000000001,0.015036355941517213,5,5,"7,13,21,42,100"
cka_strength,test_accuracy,cka_feddst,cifar10,0.9,0.8,17,0.10026000000000002,0.0005813776741499447,5,5,"7,13,21,42,100"
cka_strength,test_accuracy,cka_feddst,cifar10,0.9,0.8,18,0.10656000000000002,0.009141553478484932,5,5,"7,13,21,42,100"
cka_strength,test_accuracy,cka_feddst,cifar10,0.9,0.8,19,0.11164,0.018875062913802428,5,5,"7,13,21,42,100"
cka_strength,test_accuracy,cka_feddst,cifar10,0.9,0.8,20,0.1251,0.023953914085176144,5,5,"7,13,21,42,100"
cka_strength,test_accuracy,cka_feddst,cifar10,0.9,0.9,1,0.1,0.0,5,5,"7,13,21,42,100"
cka_strength,test_accuracy,cka_feddst,cifar10,0.9,0.9,2,0.1,0.0,5,5,"7,13,21,42,100"
cka_strength,test_accuracy,cka_feddst,cifar10,0.9,0.9,3,0.10006,0.0001341640786499874,5,5,"7,13,21,42,100"
cka_strength,test_accuracy,cka_feddst,cifar10,0.9,0.9,4,0.1,0.0,5,5,"7,13,21,42,100"
cka_strength,test_accuracy,cka_feddst,cifar10,0.9,0.9,5,0.1,0.0,5,5,"7,13,21,42,100"
cka_strength,test_accuracy,cka_feddst,cifar10,0.9,0.9,6,0.10054,0.0012074767078498845,5,5,"7,13,21,42,100"
cka_strength,test_accuracy,cka_feddst,cifar10,0.9,0.9,7,0.1,0.0,5,5,"7,13,21,42,100"
cka_strength,test_accuracy,cka_feddst,cifar10,0.9,0.9,8,0.1,0.0,5,5,"7,13,21,42,100"
cka_strength,test_accuracy,cka_feddst,cifar10,0.9,0.9,9,0.1,0.0,5,5,"7,13,21,42,100"
cka_strength,test_accuracy,cka_feddst,cifar10,0.9,0.9,10,0.1,0.0,5,5,"7,13,21,42,100"
cka_strength,test_accuracy,cka_feddst,cifar10,0.9,0.9,11,0.1,0.0,5,5,"7,13,21,42,100"
cka_strength,test_accuracy,cka_feddst,cifar10,0.9,0.9,12,0.1,0.0,5,5,"7,13,21,42,100"
cka_strength,test_accuracy,cka_feddst,cifar10,0.9,0.9,13,0.1,0.0,5,5,"7,13,21,42,100"
cka_strength,test_accuracy,cka_feddst,cifar10,0.9,0.9,14,0.10216,0.004829906831399542,5,5,"7,13,21,42,100"
cka_strength,test_accuracy,cka_feddst,cifar10,0.9,0.9,15,0.1,0.0,5,5,"7,13,21,42,100"
cka_strength,test_accuracy,cka_feddst,cifar10,0.9,0.9,16,0.11122000000000001,0.016264747154505658,5,5,"7,13,21,42,100"
cka_strength,test_accuracy,cka_feddst,cifar10,0.9,0.9,17,0.10014,0.0003130495168499681,5,5,"7,13,21,42,100"
cka_strength,test_accuracy,cka_feddst,cifar10,0.9,0.9,18,0.10528,0.0073073250919881705,5,5,"7,13,21,42,100"
cka_strength,test_accuracy,cka_feddst,cifar10,0.9,0.9,19,0.11492,0.01811607021403925,5,5,"7,13,21,42,100"
cka_strength,test_accuracy,cka_feddst,cifar10,0.9,0.9,20,0.12405999999999999,0.024283904134220262,5,5,"7,13,21,42,100"
cka_strength,test_accuracy,cka_feddst,cifar10,0.9,1.0,1,0.1,0.0,5,5,"7,13,21,42,100"
cka_strength,test_accuracy,cka_feddst,cifar10,0.9,1.0,2,0.1,0.0,5,5,"7,13,21,42,100"
cka_strength,test_accuracy,cka_feddst,cifar10,0.9,1.0,3,0.10006,0.0001341640786499874,5,5,"7,13,21,42,100"
cka_strength,test_accuracy,cka_feddst,cifar10,0.9,1.0,4,0.1,0.0,5,5,"7,13,21,42,100"
cka_strength,test_accuracy,cka_feddst,cifar10,0.9,1.0,5,0.1,0.0,5,5,"7,13,21,42,100"
cka_strength,test_accuracy,cka_feddst,cifar10,0.9,1.0,6,0.1006,0.0013416407864998683,5,5,"7,13,21,42,100"
cka_strength,test_accuracy,cka_feddst,cifar10,0.9,1.0,7,0.1,0.0,5,5,"7,13,21,42,100"
cka_strength,test_accuracy,cka_feddst,cifar10,0.9,1.0,8,0.1,0.0,5,5,"7,13,21,42,100"
cka_strength,test_accuracy,cka_feddst,cifar10,0.9,1.0,9,0.1,0.0,5,5,"7,13,21,42,100"
cka_strength,test_accuracy,cka_feddst,cifar10,0.9,1.0,10,0.1,0.0,5,5,"7,13,21,42,100"
cka_strength,test_accuracy,cka_feddst,cifar10,0.9,1.0,11,0.1,0.0,5,5,"7,13,21,42,100"
cka_strength,test_accuracy,cka_feddst,cifar10,0.9,1.0,12,0.1,0.0,5,5,"7,13,21,42,100"
cka_strength,test_accuracy,cka_feddst,cifar10,0.9,1.0,13,0.1,0.0,5,5,"7,13,21,42,100"
cka_strength,test_accuracy,cka_feddst,cifar10,0.9,1.0,14,0.10236,0.005277120426899501,5,5,"7,13,21,42,100"
cka_strength,test_accuracy,cka_feddst,cifar10,0.9,1.0,15,0.1,0.0,5,5,"7,13,21,42,100"
cka_strength,test_accuracy,cka_feddst,cifar10,0.9,1.0,16,0.11302000000000001,0.01794190625323853,5,5,"7,13,21,42,100"
cka_strength,test_accuracy,cka_feddst,cifar10,0.9,1.0,17,0.10016,0.0003577708763999632,5,5,"7,13,21,42,100"
cka_strength,test_accuracy,cka_feddst,cifar10,0.9,1.0,18,0.1046,0.007967433714816837,5,5,"7,13,21,42,100"
cka_strength,test_accuracy,cka_feddst,cifar10,0.9,1.0,19,0.11832000000000001,0.016621131128777,5,5,"7,13,21,42,100"
cka_strength,test_accuracy,cka_feddst,cifar10,0.9,1.0,20,0.1306,0.02766441757926597,5,5,"7,13,21,42,100"
cka_strength,test_accuracy,cka_feddst,cifar10,0.95,0.2,1,0.1,0.0,5,5,"7,13,21,42,100"
cka_strength,test_accuracy,cka_feddst,cifar10,0.95,0.2,2,0.1,0.0,5,5,"7,13,21,42,100"
cka_strength,test_accuracy,cka_feddst,cifar10,0.95,0.2,3,0.1,0.0,5,5,"7,13,21,42,100"
cka_strength,test_accuracy,cka_feddst,cifar10,0.95,0.2,4,0.1,0.0,5,5,"7,13,21,42,100"
cka_strength,test_accuracy,cka_feddst,cifar10,0.95,0.2,5,0.1,0.0,5,5,"7,13,21,42,100"
cka_strength,test_accuracy,cka_feddst,cifar10,0.95,0.2,6,0.1,0.0,5,5,"7,13,21,42,100"
cka_strength,test_accuracy,cka_feddst,cifar10,0.95,0.2,7,0.1,0.0,5,5,"7,13,21,42,100"
cka_strength,test_accuracy,cka_feddst,cifar10,0.95,0.2,8,0.1,0.0,5,5,"7,13,21,42,100"
cka_strength,test_accuracy,cka_feddst,cifar10,0.95,0.2,9,0.1,0.0,5,5,"7,13,21,42,100"
cka_strength,test_accuracy,cka_feddst,cifar10,0.95,0.2,10,0.1,0.0,5,5,"7,13,21,42,100"
cka_strength,test_accuracy,cka_feddst,cifar10,0.95,0.2,11,0.1,0.0,5,5,"7,13,21,42,100"
cka_strength,test_accuracy,cka_feddst,cifar10,0.95,0.2,12,0.1,0.0,5,5,"7,13,21,42,100"
cka_strength,test_accuracy,cka_feddst,cifar10,0.95,0.2,13,0.1,0.0,5,5,"7,13,21,42,100"
cka_strength,test_accuracy,cka_feddst,cifar10,0.95,0.2,14,0.1,0.0,5,5,"7,13,21,42,100"
cka_strength,test_accuracy,cka_feddst,cifar10,0.95,0.2,15,0.1,0.0,5,5,"7,13,21,42,100"
cka_strength,test_accuracy,cka_feddst,cifar10,0.95,0.2,16,0.1,0.0,5,5,"7,13,21,42,100"
cka_strength,test_accuracy,cka_feddst,cifar10,0.95,0.2,17,0.1,0.0,5,5,"7,13,21,42,100"
cka_strength,test_accuracy,cka_feddst,cifar10,0.95,0.2,18,0.1,0.0,5,5,"7,13,21,42,100"
cka_strength,test_accuracy,cka_feddst,cifar10,0.95,0.2,19,0.1,0.0,5,5,"7,13,21,42,100"
cka_strength,test_accuracy,cka_feddst,cifar10,0.95,0.2,20,0.1,0.0,5,5,"7,13,21,42,100"
cka_strength,test_accuracy,cka_feddst,cifar10,0.95,0.5,1,0.1,0.0,5,5,"7,13,21,42,100"
cka_strength,test_accuracy,cka_feddst,cifar10,0.95,0.5,2,0.1,0.0,5,5,"7,13,21,42,100"
cka_strength,test_accuracy,cka_feddst,cifar10,0.95,0.5,3,0.1,0.0,5,5,"7,13,21,42,100"
cka_strength,test_accuracy,cka_feddst,cifar10,0.95,0.5,4,0.1,0.0,5,5,"7,13,21,42,100"
cka_strength,test_accuracy,cka_feddst,cifar10,0.95,0.5,5,0.1,0.0,5,5,"7,13,21,42,100"
cka_strength,test_accuracy,cka_feddst,cifar10,0.95,0.5,6,0.1,0.0,5,5,"7,13,21,42,100"
cka_strength,test_accuracy,cka_feddst,cifar10,0.95,0.5,7,0.1,0.0,5,5,"7,13,21,42,100"
cka_strength,test_accuracy,cka_feddst,cifar10,0.95,0.5,8,0.1,0.0,5,5,"7,13,21,42,100"
cka_strength,test_accuracy,cka_feddst,cifar10,0.95,0.5,9,0.1,0.0,5,5,"7,13,21,42,100"
cka_strength,test_accuracy,cka_feddst,cifar10,0.95,0.5,10,0.1,0.0,5,5,"7,13,21,42,100"
cka_strength,test_accuracy,cka_feddst,cifar10,0.95,0.5,11,0.1,0.0,5,5,"7,13,21,42,100"
cka_strength,test_accuracy,cka_feddst,cifar10,0.95,0.5,12,0.1,0.0,5,5,"7,13,21,42,100"
cka_strength,test_accuracy,cka_feddst,cifar10,0.95,0.5,13,0.1,0.0,5,5,"7,13,21,42,100"
cka_strength,test_accuracy,cka_feddst,cifar10,0.95,0.5,14,0.1,0.0,5,5,"7,13,21,42,100"
cka_strength,test_accuracy,cka_feddst,cifar10,0.95,0.5,15,0.1,0.0,5,5,"7,13,21,42,100"
cka_strength,test_accuracy,cka_feddst,cifar10,0.95,0.5,16,0.1,0.0,5,5,"7,13,21,42,100"
cka_strength,test_accuracy,cka_feddst,cifar10,0.95,0.5,17,0.1,0.0,5,5,"7,13,21,42,100"
cka_strength,test_accuracy,cka_feddst,cifar10,0.95,0.5,18,0.1,0.0,5,5,"7,13,21,42,100"
cka_strength,test_accuracy,cka_feddst,cifar10,0.95,0.5,19,0.1,0.0,5,5,"7,13,21,42,100"
cka_strength,test_accuracy,cka_feddst,cifar10,0.95,0.5,20,0.1,0.0,5,5,"7,13,21,42,100"
cka_strength,test_accuracy,cka_feddst,cifar10,0.95,0.8,1,0.1,0.0,5,5,"7,13,21,42,100"
cka_strength,test_accuracy,cka_feddst,cifar10,0.95,0.8,2,0.1,0.0,5,5,"7,13,21,42,100"
cka_strength,test_accuracy,cka_feddst,cifar10,0.95,0.8,3,0.1,0.0,5,5,"7,13,21,42,100"
cka_strength,test_accuracy,cka_feddst,cifar10,0.95,0.8,4,0.1,0.0,5,5,"7,13,21,42,100"
cka_strength,test_accuracy,cka_feddst,cifar10,0.95,0.8,5,0.1,0.0,5,5,"7,13,21,42,100"
cka_strength,test_accuracy,cka_feddst,cifar10,0.95,0.8,6,0.1,0.0,5,5,"7,13,21,42,100"
cka_strength,test_accuracy,cka_feddst,cifar10,0.95,0.8,7,0.1,0.0,5,5,"7,13,21,42,100"
cka_strength,test_accuracy,cka_feddst,cifar10,0.95,0.8,8,0.1,0.0,5,5,"7,13,21,42,100"
cka_strength,test_accuracy,cka_feddst,cifar10,0.95,0.8,9,0.1,0.0,5,5,"7,13,21,42,100"
cka_strength,test_accuracy,cka_feddst,cifar10,0.95,0.8,10,0.1,0.0,5,5,"7,13,21,42,100"
cka_strength,test_accuracy,cka_feddst,cifar10,0.95,0.8,11,0.1,0.0,5,5,"7,13,21,42,100"
cka_strength,test_accuracy,cka_feddst,cifar10,0.95,0.8,12,0.1,0.0,5,5,"7,13,21,42,100"
cka_strength,test_accuracy,cka_feddst,cifar10,0.95,0.8,13,0.1,0.0,5,5,"7,13,21,42,100"
cka_strength,test_accuracy,cka_feddst,cifar10,0.95,0.8,14,0.1,0.0,5,5,"7,13,21,42,100"
cka_strength,test_accuracy,cka_feddst,cifar10,0.95,0.8,15,0.1,0.0,5,5,"7,13,21,42,100"
cka_strength,test_accuracy,cka_feddst,cifar10,0.95,0.8,16,0.1,0.0,5,5,"7,13,21,42,100"
cka_strength,test_accuracy,cka_feddst,cifar10,0.95,0.8,17,0.1,0.0,5,5,"7,13,21,42,100"
cka_strength,test_accuracy,cka_feddst,cifar10,0.95,0.8,18,0.1,0.0,5,5,"7,13,21,42,100"
cka_strength,test_accuracy,cka_feddst,cifar10,0.95,0.8,19,0.1,0.0,5,5,"7,13,21,42,100"
cka_strength,test_accuracy,cka_feddst,cifar10,0.95,0.8,20,0.1,0.0,5,5,"7,13,21,42,100"
cka_strength,test_accuracy,cka_feddst,cifar10,0.95,0.9,1,0.1,0.0,5,5,"7,13,21,42,100"
cka_strength,test_accuracy,cka_feddst,cifar10,0.95,0.9,2,0.1,0.0,5,5,"7,13,21,42,100"
cka_strength,test_accuracy,cka_feddst,cifar10,0.95,0.9,3,0.1,0.0,5,5,"7,13,21,42,100"
cka_strength,test_accuracy,cka_feddst,cifar10,0.95,0.9,4,0.1,0.0,5,5,"7,13,21,42,100"
cka_strength,test_accuracy,cka_feddst,cifar10,0.95,0.9,5,0.1,0.0,5,5,"7,13,21,42,100"
cka_strength,test_accuracy,cka_feddst,cifar10,0.95,0.9,6,0.1,0.0,5,5,"7,13,21,42,100"
cka_strength,test_accuracy,cka_feddst,cifar10,0.95,0.9,7,0.1,0.0,5,5,"7,13,21,42,100"
cka_strength,test_accuracy,cka_feddst,cifar10,0.95,0.9,8,0.1,0.0,5,5,"7,13,21,42,100"
cka_strength,test_accuracy,cka_feddst,cifar10,0.95,0.9,9,0.1,0.0,5,5,"7,13,21,42,100"
cka_strength,test_accuracy,cka_feddst,cifar10,0.95,0.9,10,0.1,0.0,5,5,"7,13,21,42,100"
cka_strength,test_accuracy,cka_feddst,cifar10,0.95,0.9,11,0.1,0.0,5,5,"7,13,21,42,100"
cka_strength,test_accuracy,cka_feddst,cifar10,0.95,0.9,12,0.1,0.0,5,5,"7,13,21,42,100"
cka_strength,test_accuracy,cka_feddst,cifar10,0.95,0.9,13,0.1,0.0,5,5,"7,13,21,42,100"
cka_strength,test_accuracy,cka_feddst,cifar10,0.95,0.9,14,0.1,0.0,5,5,"7,13,21,42,100"
cka_strength,test_accuracy,cka_feddst,cifar10,0.95,0.9,15,0.1,0.0,5,5,"7,13,21,42,100"
cka_strength,test_accuracy,cka_feddst,cifar10,0.95,0.9,16,0.1,0.0,5,5,"7,13,21,42,100"
cka_strength,test_accuracy,cka_feddst,cifar10,0.95,0.9,17,0.1,0.0,5,5,"7,13,21,42,100"
cka_strength,test_accuracy,cka_feddst,cifar10,0.95,0.9,18,0.1,0.0,5,5,"7,13,21,42,100"
cka_strength,test_accuracy,cka_feddst,cifar10,0.95,0.9,19,0.1,0.0,5,5,"7,13,21,42,100"
cka_strength,test_accuracy,cka_feddst,cifar10,0.95,0.9,20,0.1,0.0,5,5,"7,13,21,42,100"
cka_strength,test_accuracy,cka_feddst,cifar10,0.95,1.0,1,0.1,0.0,5,5,"7,13,21,42,100"
cka_strength,test_accuracy,cka_feddst,cifar10,0.95,1.0,2,0.1,0.0,5,5,"7,13,21,42,100"
cka_strength,test_accuracy,cka_feddst,cifar10,0.95,1.0,3,0.1,0.0,5,5,"7,13,21,42,100"
cka_strength,test_accuracy,cka_feddst,cifar10,0.95,1.0,4,0.1,0.0,5,5,"7,13,21,42,100"
cka_strength,test_accuracy,cka_feddst,cifar10,0.95,1.0,5,0.1,0.0,5,5,"7,13,21,42,100"
cka_strength,test_accuracy,cka_feddst,cifar10,0.95,1.0,6,0.1,0.0,5,5,"7,13,21,42,100"
cka_strength,test_accuracy,cka_feddst,cifar10,0.95,1.0,7,0.1,0.0,5,5,"7,13,21,42,100"
cka_strength,test_accuracy,cka_feddst,cifar10,0.95,1.0,8,0.1,0.0,5,5,"7,13,21,42,100"
cka_strength,test_accuracy,cka_feddst,cifar10,0.95,1.0,9,0.1,0.0,5,5,"7,13,21,42,100"
cka_strength,test_accuracy,cka_feddst,cifar10,0.95,1.0,10,0.1,0.0,5,5,"7,13,21,42,100"
cka_strength,test_accuracy,cka_feddst,cifar10,0.95,1.0,11,0.1,0.0,5,5,"7,13,21,42,100"
cka_strength,test_accuracy,cka_feddst,cifar10,0.95,1.0,12,0.1,0.0,5,5,"7,13,21,42,100"
cka_strength,test_accuracy,cka_feddst,cifar10,0.95,1.0,13,0.1,0.0,5,5,"7,13,21,42,100"
cka_strength,test_accuracy,cka_feddst,cifar10,0.95,1.0,14,0.1,0.0,5,5,"7,13,21,42,100"
cka_strength,test_accuracy,cka_feddst,cifar10,0.95,1.0,15,0.1,0.0,5,5,"7,13,21,42,100"
cka_strength,test_accuracy,cka_feddst,cifar10,0.95,1.0,16,0.1,0.0,5,5,"7,13,21,42,100"
cka_strength,test_accuracy,cka_feddst,cifar10,0.95,1.0,17,0.1,0.0,5,5,"7,13,21,42,100"
cka_strength,test_accuracy,cka_feddst,cifar10,0.95,1.0,18,0.1,0.0,5,5,"7,13,21,42,100"
cka_strength,test_accuracy,cka_feddst,cifar10,0.95,1.0,19,0.1,0.0,5,5,"7,13,21,42,100"
cka_strength,test_accuracy,cka_feddst,cifar10,0.95,1.0,20,0.1,0.0,5,5,"7,13,21,42,100"
cka_strength,test_loss,cka_feddst,cifar10,0.5,0.2,1,2.29656119720459,0.01703805152466383,5,5,"7,13,21,42,100"
cka_strength,test_loss,cka_feddst,cifar10,0.5,0.2,2,2.3753394551849363,0.05028866107667127,5,5,"7,13,21,42,100"
cka_strength,test_loss,cka_feddst,cifar10,0.5,0.2,3,2.4185215355682375,0.053900863318032836,5,5,"7,13,21,42,100"
cka_strength,test_loss,cka_feddst,cifar10,0.5,0.2,4,2.3791548796844486,0.05019393678599202,5,5,"7,13,21,42,100"
cka_strength,test_loss,cka_feddst,cifar10,0.5,0.2,5,2.3958267893600462,0.03937749786230017,5,5,"7,13,21,42,100"
cka_strength,test_loss,cka_feddst,cifar10,0.5,0.2,6,2.3981388737487794,0.04465177684066151,5,5,"7,13,21,42,100"
cka_strength,test_loss,cka_feddst,cifar10,0.5,0.2,7,2.3410950047683716,0.04348754143320552,5,5,"7,13,21,42,100"
cka_strength,test_loss,cka_feddst,cifar10,0.5,0.2,8,2.342396825904846,0.05840929365587919,5,5,"7,13,21,42,100"
cka_strength,test_loss,cka_feddst,cifar10,0.5,0.2,9,2.311527013702393,0.053913431596512656,5,5,"7,13,21,42,100"
cka_strength,test_loss,cka_feddst,cifar10,0.5,0.2,10,2.3086129554367067,0.06824654024123201,5,5,"7,13,21,42,100"
cka_strength,test_loss,cka_feddst,cifar10,0.5,0.2,11,2.220743872795105,0.08824249504300727,5,5,"7,13,21,42,100"
cka_strength,test_loss,cka_feddst,cifar10,0.5,0.2,12,2.193099313087463,0.02976807253634226,5,5,"7,13,21,42,100"
cka_strength,test_loss,cka_feddst,cifar10,0.5,0.2,13,2.0965862188720705,0.0692069349055001,5,5,"7,13,21,42,100"
cka_strength,test_loss,cka_feddst,cifar10,0.5,0.2,14,2.078842434501648,0.045362069513044584,5,5,"7,13,21,42,100"
cka_strength,test_loss,cka_feddst,cifar10,0.5,0.2,15,1.9920434457397458,0.06418965665032912,5,5,"7,13,21,42,100"
cka_strength,test_loss,cka_feddst,cifar10,0.5,0.2,16,1.993993059387207,0.05014826767966162,5,5,"7,13,21,42,100"
cka_strength,test_loss,cka_feddst,cifar10,0.5,0.2,17,1.967360295562744,0.0462928380614873,5,5,"7,13,21,42,100"
cka_strength,test_loss,cka_feddst,cifar10,0.5,0.2,18,1.9440860317230224,0.055272894656825985,5,5,"7,13,21,42,100"
cka_strength,test_loss,cka_feddst,cifar10,0.5,0.2,19,1.928238949241638,0.06220604151047861,5,5,"7,13,21,42,100"
cka_strength,test_loss,cka_feddst,cifar10,0.5,0.2,20,1.8910734127044677,0.05495179313660278,5,5,"7,13,21,42,100"
cka_strength,test_loss,cka_feddst,cifar10,0.5,0.5,1,2.29656119720459,0.01703805152466383,5,5,"7,13,21,42,100"
cka_strength,test_loss,cka_feddst,cifar10,0.5,0.5,2,2.3753394551849363,0.05028866107667127,5,5,"7,13,21,42,100"
cka_strength,test_loss,cka_feddst,cifar10,0.5,0.5,3,2.4185215355682375,0.053900863318032836,5,5,"7,13,21,42,100"
cka_strength,test_loss,cka_feddst,cifar10,0.5,0.5,4,2.3791548796844486,0.05019393678599202,5,5,"7,13,21,42,100"
cka_strength,test_loss,cka_feddst,cifar10,0.5,0.5,5,2.3958267893600462,0.03937749786230017,5,5,"7,13,21,42,100"
cka_strength,test_loss,cka_feddst,cifar10,0.5,0.5,6,2.3981388737487794,0.04465177684066151,5,5,"7,13,21,42,100"
cka_strength,test_loss,cka_feddst,cifar10,0.5,0.5,7,2.3410950047683716,0.04348754143320552,5,5,"7,13,21,42,100"
cka_strength,test_loss,cka_feddst,cifar10,0.5,0.5,8,2.342396825904846,0.05840929365587919,5,5,"7,13,21,42,100"
cka_strength,test_loss,cka_feddst,cifar10,0.5,0.5,9,2.311527013702393,0.053913431596512656,5,5,"7,13,21,42,100"
cka_strength,test_loss,cka_feddst,cifar10,0.5,0.5,10,2.3086129554367067,0.06824654024123201,5,5,"7,13,21,42,100"
cka_strength,test_loss,cka_feddst,cifar10,0.5,0.5,11,2.220743872795105,0.08824249504300727,5,5,"7,13,21,42,100"
cka_strength,test_loss,cka_feddst,cifar10,0.5,0.5,12,2.193099313087463,0.02976807253634226,5,5,"7,13,21,42,100"
cka_strength,test_loss,cka_feddst,cifar10,0.5,0.5,13,2.0965862188720705,0.0692069349055001,5,5,"7,13,21,42,100"
cka_strength,test_loss,cka_feddst,cifar10,0.5,0.5,14,2.078842434501648,0.045362069513044584,5,5,"7,13,21,42,100"
cka_strength,test_loss,cka_feddst,cifar10,0.5,0.5,15,1.9920434457397458,0.06418965665032912,5,5,"7,13,21,42,100"
cka_strength,test_loss,cka_feddst,cifar10,0.5,0.5,16,1.993993059387207,0.05014826767966162,5,5,"7,13,21,42,100"
cka_strength,test_loss,cka_feddst,cifar10,0.5,0.5,17,1.967360295562744,0.0462928380614873,5,5,"7,13,21,42,100"
cka_strength,test_loss,cka_feddst,cifar10,0.5,0.5,18,1.9440860317230224,0.055272894656825985,5,5,"7,13,21,42,100"
cka_strength,test_loss,cka_feddst,cifar10,0.5,0.5,19,1.928238949241638,0.06220604151047861,5,5,"7,13,21,42,100"
cka_strength,test_loss,cka_feddst,cifar10,0.5,0.5,20,1.8910734127044677,0.05495179313660278,5,5,"7,13,21,42,100"
cka_strength,test_loss,cka_feddst,cifar10,0.5,0.8,1,2.29656119720459,0.01703805152466383,5,5,"7,13,21,42,100"
cka_strength,test_loss,cka_feddst,cifar10,0.5,0.8,2,2.3753394551849363,0.05028866107667127,5,5,"7,13,21,42,100"
cka_strength,test_loss,cka_feddst,cifar10,0.5,0.8,3,2.4185215355682375,0.053900863318032836,5,5,"7,13,21,42,100"
cka_strength,test_loss,cka_feddst,cifar10,0.5,0.8,4,2.3791548796844486,0.05019393678599202,5,5,"7,13,21,42,100"
cka_strength,test_loss,cka_feddst,cifar10,0.5,0.8,5,2.3958267893600462,0.03937749786230017,5,5,"7,13,21,42,100"
cka_strength,test_loss,cka_feddst,cifar10,0.5,0.8,6,2.3981388737487794,0.04465177684066151,5,5,"7,13,21,42,100"
cka_strength,test_loss,cka_feddst,cifar10,0.5,0.8,7,2.3410950047683716,0.04348754143320552,5,5,"7,13,21,42,100"
cka_strength,test_loss,cka_feddst,cifar10,0.5,0.8,8,2.342396825904846,0.05840929365587919,5,5,"7,13,21,42,100"
cka_strength,test_loss,cka_feddst,cifar10,0.5,0.8,9,2.311527013702393,0.053913431596512656,5,5,"7,13,21,42,100"
cka_strength,test_loss,cka_feddst,cifar10,0.5,0.8,10,2.3086129554367067,0.06824654024123201,5,5,"7,13,21,42,100"
cka_strength,test_loss,cka_feddst,cifar10,0.5,0.8,11,2.220743872795105,0.08824249504300727,5,5,"7,13,21,42,100"
cka_strength,test_loss,cka_feddst,cifar10,0.5,0.8,12,2.193099313087463,0.02976807253634226,5,5,"7,13,21,42,100"
cka_strength,test_loss,cka_feddst,cifar10,0.5,0.8,13,2.0965862188720705,0.0692069349055001,5,5,"7,13,21,42,100"
cka_strength,test_loss,cka_feddst,cifar10,0.5,0.8,14,2.078842434501648,0.045362069513044584,5,5,"7,13,21,42,100"
cka_strength,test_loss,cka_feddst,cifar10,0.5,0.8,15,1.9920434457397458,0.06418965665032912,5,5,"7,13,21,42,100"
cka_strength,test_loss,cka_feddst,cifar10,0.5,0.8,16,1.993993059387207,0.05014826767966162,5,5,"7,13,21,42,100"
cka_strength,test_loss,cka_feddst,cifar10,0.5,0.8,17,1.967360295562744,0.0462928380614873,5,5,"7,13,21,42,100"
cka_strength,test_loss,cka_feddst,cifar10,0.5,0.8,18,1.9440860317230224,0.055272894656825985,5,5,"7,13,21,42,100"
cka_strength,test_loss,cka_feddst,cifar10,0.5,0.8,19,1.928238949241638,0.06220604151047861,5,5,"7,13,21,42,100"
cka_strength,test_loss,cka_feddst,cifar10,0.5,0.8,20,1.8910734127044677,0.05495179313660278,5,5,"7,13,21,42,100"
cka_strength,test_loss,cka_feddst,cifar10,0.5,0.9,1,2.29656119720459,0.01703805152466383,5,5,"7,13,21,42,100"
cka_strength,test_loss,cka_feddst,cifar10,0.5,0.9,2,2.3753394551849363,0.05028866107667127,5,5,"7,13,21,42,100"
cka_strength,test_loss,cka_feddst,cifar10,0.5,0.9,3,2.4185215355682375,0.053900863318032836,5,5,"7,13,21,42,100"
cka_strength,test_loss,cka_feddst,cifar10,0.5,0.9,4,2.3791548796844486,0.05019393678599202,5,5,"7,13,21,42,100"
cka_strength,test_loss,cka_feddst,cifar10,0.5,0.9,5,2.3958267893600462,0.03937749786230017,5,5,"7,13,21,42,100"
cka_strength,test_loss,cka_feddst,cifar10,0.5,0.9,6,2.3981388737487794,0.04465177684066151,5,5,"7,13,21,42,100"
cka_strength,test_loss,cka_feddst,cifar10,0.5,0.9,7,2.3410950047683716,0.04348754143320552,5,5,"7,13,21,42,100"
cka_strength,test_loss,cka_feddst,cifar10,0.5,0.9,8,2.342396825904846,0.05840929365587919,5,5,"7,13,21,42,100"
cka_strength,test_loss,cka_feddst,cifar10,0.5,0.9,9,2.311527013702393,0.053913431596512656,5,5,"7,13,21,42,100"
cka_strength,test_loss,cka_feddst,cifar10,0.5,0.9,10,2.3086129554367067,0.06824654024123201,5,5,"7,13,21,42,100"
cka_strength,test_loss,cka_feddst,cifar10,0.5,0.9,11,2.220743872795105,0.08824249504300727,5,5,"7,13,21,42,100"
cka_strength,test_loss,cka_feddst,cifar10,0.5,0.9,12,2.193099313087463,0.02976807253634226,5,5,"7,13,21,42,100"
cka_strength,test_loss,cka_feddst,cifar10,0.5,0.9,13,2.0965862188720705,0.0692069349055001,5,5,"7,13,21,42,100"
cka_strength,test_loss,cka_feddst,cifar10,0.5,0.9,14,2.078842434501648,0.045362069513044584,5,5,"7,13,21,42,100"
cka_strength,test_loss,cka_feddst,cifar10,0.5,0.9,15,1.9920434457397458,0.06418965665032912,5,5,"7,13,21,42,100"
cka_strength,test_loss,cka_feddst,cifar10,0.5,0.9,16,1.993993059387207,0.05014826767966162,5,5,"7,13,21,42,100"
cka_strength,test_loss,cka_feddst,cifar10,0.5,0.9,17,1.967360295562744,0.0462928380614873,5,5,"7,13,21,42,100"
cka_strength,test_loss,cka_feddst,cifar10,0.5,0.9,18,1.9440860317230224,0.055272894656825985,5,5,"7,13,21,42,100"
cka_strength,test_loss,cka_feddst,cifar10,0.5,0.9,19,1.928238949241638,0.06220604151047861,5,5,"7,13,21,42,100"
cka_strength,test_loss,cka_feddst,cifar10,0.5,0.9,20,1.8910734127044677,0.05495179313660278,5,5,"7,13,21,42,100"
cka_strength,test_loss,cka_feddst,cifar10,0.5,1.0,1,2.29656119720459,0.01703805152466383,5,5,"7,13,21,42,100"
cka_strength,test_loss,cka_feddst,cifar10,0.5,1.0,2,2.3753394551849363,0.05028866107667127,5,5,"7,13,21,42,100"
cka_strength,test_loss,cka_feddst,cifar10,0.5,1.0,3,2.4185215355682375,0.053900863318032836,5,5,"7,13,21,42,100"
cka_strength,test_loss,cka_feddst,cifar10,0.5,1.0,4,2.3791548796844486,0.05019393678599202,5,5,"7,13,21,42,100"
cka_strength,test_loss,cka_feddst,cifar10,0.5,1.0,5,2.3958267893600462,0.03937749786230017,5,5,"7,13,21,42,100"
cka_strength,test_loss,cka_feddst,cifar10,0.5,1.0,6,2.3981388737487794,0.04465177684066151,5,5,"7,13,21,42,100"
cka_strength,test_loss,cka_feddst,cifar10,0.5,1.0,7,2.3410950047683716,0.04348754143320552,5,5,"7,13,21,42,100"
cka_strength,test_loss,cka_feddst,cifar10,0.5,1.0,8,2.342396825904846,0.05840929365587919,5,5,"7,13,21,42,100"
cka_strength,test_loss,cka_feddst,cifar10,0.5,1.0,9,2.311527013702393,0.053913431596512656,5,5,"7,13,21,42,100"
cka_strength,test_loss,cka_feddst,cifar10,0.5,1.0,10,2.3086129554367067,0.06824654024123201,5,5,"7,13,21,42,100"
cka_strength,test_loss,cka_feddst,cifar10,0.5,1.0,11,2.220743872795105,0.08824249504300727,5,5,"7,13,21,42,100"
cka_strength,test_loss,cka_feddst,cifar10,0.5,1.0,12,2.193099313087463,0.02976807253634226,5,5,"7,13,21,42,100"
cka_strength,test_loss,cka_feddst,cifar10,0.5,1.0,13,2.0965862188720705,0.0692069349055001,5,5,"7,13,21,42,100"
cka_strength,test_loss,cka_feddst,cifar10,0.5,1.0,14,2.078842434501648,0.045362069513044584,5,5,"7,13,21,42,100"
cka_strength,test_loss,cka_feddst,cifar10,0.5,1.0,15,1.9920434457397458,0.06418965665032912,5,5,"7,13,21,42,100"
cka_strength,test_loss,cka_feddst,cifar10,0.5,1.0,16,1.993993059387207,0.05014826767966162,5,5,"7,13,21,42,100"
cka_strength,test_loss,cka_feddst,cifar10,0.5,1.0,17,1.967360295562744,0.0462928380614873,5,5,"7,13,21,42,100"
cka_strength,test_loss,cka_feddst,cifar10,0.5,1.0,18,1.9440860317230224,0.055272894656825985,5,5,"7,13,21,42,100"
cka_strength,test_loss,cka_feddst,cifar10,0.5,1.0,19,1.928238949241638,0.06220604151047861,5,5,"7,13,21,42,100"
cka_strength,test_loss,cka_feddst,cifar10,0.5,1.0,20,1.8910734127044677,0.05495179313660278,5,5,"7,13,21,42,100"
cka_strength,test_loss,cka_feddst,cifar10,0.7,0.2,1,2.302185302734375,0.0013393387223108843,5,5,"7,13,21,42,100"
cka_strength,test_loss,cka_feddst,cifar10,0.7,0.2,2,2.2986088813018797,0.006322527715647124,5,5,"7,13,21,42,100"
cka_strength,test_loss,cka_feddst,cifar10,0.7,0.2,3,2.3665269608688355,0.05901034535897148,5,5,"7,13,21,42,100"
cka_strength,test_loss,cka_feddst,cifar10,0.7,0.2,4,2.2962972891235354,0.02057678151233035,5,5,"7,13,21,42,100"
cka_strength,test_loss,cka_feddst,cifar10,0.7,0.2,5,2.3777308181762695,0.03199997516173204,5,5,"7,13,21,42,100"
cka_strength,test_loss,cka_feddst,cifar10,0.7,0.2,6,2.3935113202667235,0.02871583843001286,5,5,"7,13,21,42,100"
cka_strength,test_loss,cka_feddst,cifar10,0.7,0.2,7,2.4015038286590573,0.04694870609964215,5,5,"7,13,21,42,100"
cka_strength,test_loss,cka_feddst,cifar10,0.7,0.2,8,2.4121553938293454,0.034802743796765026,5,5,"7,13,21,42,100"
cka_strength,test_loss,cka_feddst,cifar10,0.7,0.2,9,2.395879766998291,0.03790927926419919,5,5,"7,13,21,42,100"
cka_strength,test_loss,cka_feddst,cifar10,0.7,0.2,10,2.406176653289795,0.05968174239224886,5,5,"7,13,21,42,100"
cka_strength,test_loss,cka_feddst,cifar10,0.7,0.2,11,2.352490457992554,0.041239365800435634,5,5,"7,13,21,42,100"
cka_strength,test_loss,cka_feddst,cifar10,0.7,0.2,12,2.3804097305297853,0.0413321671880626,5,5,"7,13,21,42,100"
cka_strength,test_loss,cka_feddst,cifar10,0.7,0.2,13,2.3298138668823243,0.05430122823227306,5,5,"7,13,21,42,100"
cka_strength,test_loss,cka_feddst,cifar10,0.7,0.2,14,2.3439999584960938,0.04210323937305637,5,5,"7,13,21,42,100"
cka_strength,test_loss,cka_feddst,cifar10,0.7,0.2,15,2.27176318939209,0.07314247288229377,5,5,"7,13,21,42,100"
cka_strength,test_loss,cka_feddst,cifar10,0.7,0.2,16,2.3223279082870483,0.041874578541187306,5,5,"7,13,21,42,100"
cka_strength,test_loss,cka_feddst,cifar10,0.7,0.2,17,2.2737616695022584,0.03382090379240735,5,5,"7,13,21,42,100"
cka_strength,test_loss,cka_feddst,cifar10,0.7,0.2,18,2.271304537734985,0.024015401665943705,5,5,"7,13,21,42,100"
cka_strength,test_loss,cka_feddst,cifar10,0.7,0.2,19,2.270082001876831,0.1661059756213401,5,5,"7,13,21,42,100"
cka_strength,test_loss,cka_feddst,cifar10,0.7,0.2,20,2.1855903635025027,0.0669840254704833,5,5,"7,13,21,42,100"
cka_strength,test_loss,cka_feddst,cifar10,0.7,0.5,1,2.302185302734375,0.0013393387223108843,5,5,"7,13,21,42,100"
cka_strength,test_loss,cka_feddst,cifar10,0.7,0.5,2,2.2986088813018797,0.006322527715647124,5,5,"7,13,21,42,100"
cka_strength,test_loss,cka_feddst,cifar10,0.7,0.5,3,2.36645516746521,0.05897838754758847,5,5,"7,13,21,42,100"
cka_strength,test_loss,cka_feddst,cifar10,0.7,0.5,4,2.2962563964843747,0.02063676827355977,5,5,"7,13,21,42,100"
cka_strength,test_loss,cka_feddst,cifar10,0.7,0.5,5,2.377160884246826,0.03192083489581155,5,5,"7,13,21,42,100"
cka_strength,test_loss,cka_feddst,cifar10,0.7,0.5,6,2.3945732524871826,0.029976073970114096,5,5,"7,13,21,42,100"
cka_strength,test_loss,cka_feddst,cifar10,0.7,0.5,7,2.402091944885254,0.047220307773156604,5,5,"7,13,21,42,100"
cka_strength,test_loss,cka_feddst,cifar10,0.7,0.5,8,2.4127815843200686,0.0361578900960296,5,5,"7,13,21,42,100"
cka_strength,test_loss,cka_feddst,cifar10,0.7,0.5,9,2.3953669508361815,0.03819719258180115,5,5,"7,13,21,42,100"
cka_strength,test_loss,cka_feddst,cifar10,0.7,0.5,10,2.4064946250152586,0.059860813724697426,5,5,"7,13,21,42,100"
cka_strength,test_loss,cka_feddst,cifar10,0.7,0.5,11,2.355460056610107,0.04245710344644515,5,5,"7,13,21,42,100"
cka_strength,test_loss,cka_feddst,cifar10,0.7,0.5,12,2.3803265744781497,0.04211993712115102,5,5,"7,13,21,42,100"
cka_strength,test_loss,cka_feddst,cifar10,0.7,0.5,13,2.3295912853240965,0.052906423944303324,5,5,"7,13,21,42,100"
cka_strength,test_loss,cka_feddst,cifar10,0.7,0.5,14,2.345792688674927,0.04092593939848662,5,5,"7,13,21,42,100"
cka_strength,test_loss,cka_feddst,cifar10,0.7,0.5,15,2.2706654415130614,0.07531977553100029,5,5,"7,13,21,42,100"
cka_strength,test_loss,cka_feddst,cifar10,0.7,0.5,16,2.3251318600845337,0.0436140751075301,5,5,"7,13,21,42,100"
cka_strength,test_loss,cka_feddst,cifar10,0.7,0.5,17,2.2745017259979248,0.025887849513240562,5,5,"7,13,21,42,100"
cka_strength,test_loss,cka_feddst,cifar10,0.7,0.5,18,2.2741600486373903,0.023867889619538254,5,5,"7,13,21,42,100"
cka_strength,test_loss,cka_feddst,cifar10,0.7,0.5,19,2.2688866275024417,0.16338794714553417,5,5,"7,13,21,42,100"
cka_strength,test_loss,cka_feddst,cifar10,0.7,0.5,20,2.1879217792129517,0.06912431241330382,5,5,"7,13,21,42,100"
cka_strength,test_loss,cka_feddst,cifar10,0.7,0.8,1,2.302185302734375,0.0013393387223108843,5,5,"7,13,21,42,100"
cka_strength,test_loss,cka_feddst,cifar10,0.7,0.8,2,2.2986088813018797,0.006322527715647124,5,5,"7,13,21,42,100"
cka_strength,test_loss,cka_feddst,cifar10,0.7,0.8,3,2.3664663049697876,0.05901893124451534,5,5,"7,13,21,42,100"
cka_strength,test_loss,cka_feddst,cifar10,0.7,0.8,4,2.2960365238952636,0.020351706401130376,5,5,"7,13,21,42,100"
cka_strength,test_loss,cka_feddst,cifar10,0.7,0.8,5,2.377188511199951,0.03211103879969322,5,5,"7,13,21,42,100"
cka_strength,test_loss,cka_feddst,cifar10,0.7,0.8,6,2.3933679317474366,0.02945440756936956,5,5,"7,13,21,42,100"
cka_strength,test_loss,cka_feddst,cifar10,0.7,0.8,7,2.4024892597961425,0.04849093147645997,5,5,"7,13,21,42,100"
cka_strength,test_loss,cka_feddst,cifar10,0.7,0.8,8,2.4110234397125248,0.03584378015998807,5,5,"7,13,21,42,100"
cka_strength,test_loss,cka_feddst,cifar10,0.7,0.8,9,2.3947334494018557,0.03690727749071387,5,5,"7,13,21,42,100"
cka_strength,test_loss,cka_feddst,cifar10,0.7,0.8,10,2.406211945953369,0.05954573395484073,5,5,"7,13,21,42,100"
cka_strength,test_loss,cka_feddst,cifar10,0.7,0.8,11,2.354030521850586,0.042347107448986246,5,5,"7,13,21,42,100"
cka_strength,test_loss,cka_feddst,cifar10,0.7,0.8,12,2.380578885345459,0.04105900100124634,5,5,"7,13,21,42,100"
cka_strength,test_loss,cka_feddst,cifar10,0.7,0.8,13,2.3297391962051393,0.052652707443979936,5,5,"7,13,21,42,100"
cka_strength,test_loss,cka_feddst,cifar10,0.7,0.8,14,2.34695440448761,0.043306207177925875,5,5,"7,13,21,42,100"
cka_strength,test_loss,cka_feddst,cifar10,0.7,0.8,15,2.269756624526978,0.07611491210377429,5,5,"7,13,21,42,100"
cka_strength,test_loss,cka_feddst,cifar10,0.7,0.8,16,2.3174024757003786,0.03262615524681782,5,5,"7,13,21,42,100"
cka_strength,test_loss,cka_feddst,cifar10,0.7,0.8,17,2.2745981105804445,0.027483785996059946,5,5,"7,13,21,42,100"
cka_strength,test_loss,cka_feddst,cifar10,0.7,0.8,18,2.2619693891525268,0.03400490412417042,5,5,"7,13,21,42,100"
cka_strength,test_loss,cka_feddst,cifar10,0.7,0.8,19,2.2641476534271243,0.15762793926208837,5,5,"7,13,21,42,100"
cka_strength,test_loss,cka_feddst,cifar10,0.7,0.8,20,2.185886364440918,0.07247991933998864,5,5,"7,13,21,42,100"
cka_strength,test_loss,cka_feddst,cifar10,0.7,0.9,1,2.302185302734375,0.0013393387223108843,5,5,"7,13,21,42,100"
cka_strength,test_loss,cka_feddst,cifar10,0.7,0.9,2,2.2986088813018797,0.006322527715647124,5,5,"7,13,21,42,100"
cka_strength,test_loss,cka_feddst,cifar10,0.7,0.9,3,2.3665213511657717,0.05915104160175156,5,5,"7,13,21,42,100"
cka_strength,test_loss,cka_feddst,cifar10,0.7,0.9,4,2.2960262673187257,0.020454719534918744,5,5,"7,13,21,42,100"
cka_strength,test_loss,cka_feddst,cifar10,0.7,0.9,5,2.3768874365997315,0.03240199328540011,5,5,"7,13,21,42,100"
cka_strength,test_loss,cka_feddst,cifar10,0.7,0.9,6,2.3939642887878416,0.029998009729959488,5,5,"7,13,21,42,100"
cka_strength,test_loss,cka_feddst,cifar10,0.7,0.9,7,2.4019413367462157,0.04797403027463963,5,5,"7,13,21,42,100"
cka_strength,test_loss,cka_feddst,cifar10,0.7,0.9,8,2.41111936668396,0.03627249502971883,5,5,"7,13,21,42,100"
cka_strength,test_loss,cka_feddst,cifar10,0.7,0.9,9,2.3955342039489746,0.03794765817420345,5,5,"7,13,21,42,100"
cka_strength,test_loss,cka_feddst,cifar10,0.7,0.9,10,2.405456392288208,0.05844309691489587,5,5,"7,13,21,42,100"
cka_strength,test_loss,cka_feddst,cifar10,0.7,0.9,11,2.3545745179748536,0.0411478938452251,5,5,"7,13,21,42,100"
cka_strength,test_loss,cka_feddst,cifar10,0.7,0.9,12,2.3783582406616213,0.040338205425613075,5,5,"7,13,21,42,100"
cka_strength,test_loss,cka_feddst,cifar10,0.7,0.9,13,2.3295302447891233,0.05234353357451469,5,5,"7,13,21,42,100"
cka_strength,test_loss,cka_feddst,cifar10,0.7,0.9,14,2.345467087135315,0.04122361224482197,5,5,"7,13,21,42,100"
cka_strength,test_loss,cka_feddst,cifar10,0.7,0.9,15,2.270185759048462,0.07212198389431934,5,5,"7,13,21,42,100"
cka_strength,test_loss,cka_feddst,cifar10,0.7,0.9,16,2.3159606733703613,0.03157362355474855,5,5,"7,13,21,42,100"
cka_strength,test_loss,cka_feddst,cifar10,0.7,0.9,17,2.27214619102478,0.021383135422590672,5,5,"7,13,21,42,100"
cka_strength,test_loss,cka_feddst,cifar10,0.7,0.9,18,2.2651664572143555,0.029350894681387463,5,5,"7,13,21,42,100"
cka_strength,test_loss,cka_feddst,cifar10,0.7,0.9,19,2.2622786278533935,0.16221362997337543,5,5,"7,13,21,42,100"
cka_strength,test_loss,cka_feddst,cifar10,0.7,0.9,20,2.1843439962387086,0.072446625573494,5,5,"7,13,21,42,100"
cka_strength,test_loss,cka_feddst,cifar10,0.7,1.0,1,2.302185302734375,0.0013393387223108843,5,5,"7,13,21,42,100"
cka_strength,test_loss,cka_feddst,cifar10,0.7,1.0,2,2.2986088813018797,0.006322527715647124,5,5,"7,13,21,42,100"
cka_strength,test_loss,cka_feddst,cifar10,0.7,1.0,3,2.36637187374115,0.059000390751858214,5,5,"7,13,21,42,100"
cka_strength,test_loss,cka_feddst,cifar10,0.7,1.0,4,2.2961041222381593,0.02051937943044523,5,5,"7,13,21,42,100"
cka_strength,test_loss,cka_feddst,cifar10,0.7,1.0,5,2.37712590385437,0.03211592153443434,5,5,"7,13,21,42,100"
cka_strength,test_loss,cka_feddst,cifar10,0.7,1.0,6,2.3941232617187502,0.029664828080017837,5,5,"7,13,21,42,100"
cka_strength,test_loss,cka_feddst,cifar10,0.7,1.0,7,2.402454259719849,0.04797727337633281,5,5,"7,13,21,42,100"
cka_strength,test_loss,cka_feddst,cifar10,0.7,1.0,8,2.4106076303863526,0.03661198698820437,5,5,"7,13,21,42,100"
cka_strength,test_loss,cka_feddst,cifar10,0.7,1.0,9,2.3951709574127196,0.038360551202487464,5,5,"7,13,21,42,100"
cka_strength,test_loss,cka_feddst,cifar10,0.7,1.0,10,2.4042773164367675,0.058324287551808865,5,5,"7,13,21,42,100"
cka_strength,test_loss,cka_feddst,cifar10,0.7,1.0,11,2.354428119659424,0.04203729807433141,5,5,"7,13,21,42,100"
cka_strength,test_loss,cka_feddst,cifar10,0.7,1.0,12,2.3776557510375977,0.04091074007246758,5,5,"7,13,21,42,100"
cka_strength,test_loss,cka_feddst,cifar10,0.7,1.0,13,2.3294526977157597,0.054233052993541024,5,5,"7,13,21,42,100"
cka_strength,test_loss,cka_feddst,cifar10,0.7,1.0,14,2.346048925094604,0.04152227243713453,5,5,"7,13,21,42,100"
cka_strength,test_loss,cka_feddst,cifar10,0.7,1.0,15,2.270517579574585,0.07472652552083854,5,5,"7,13,21,42,100"
cka_strength,test_loss,cka_feddst,cifar10,0.7,1.0,16,2.317938270950317,0.03490532125589354,5,5,"7,13,21,42,100"
cka_strength,test_loss,cka_feddst,cifar10,0.7,1.0,17,2.2742483248138425,0.02642286260295681,5,5,"7,13,21,42,100"
cka_strength,test_loss,cka_feddst,cifar10,0.7,1.0,18,2.263293981552124,0.03235635235778182,5,5,"7,13,21,42,100"
cka_strength,test_loss,cka_feddst,cifar10,0.7,1.0,19,2.2596072137069703,0.1501327125037786,5,5,"7,13,21,42,100"
cka_strength,test_loss,cka_feddst,cifar10,0.7,1.0,20,2.1833949253463745,0.06821805971724666,5,5,"7,13,21,42,100"
cka_strength,test_loss,cka_feddst,cifar10,0.8,0.2,1,2.303401412582397,0.000531971607418942,5,5,"7,13,21,42,100"
cka_strength,test_loss,cka_feddst,cifar10,0.8,0.2,2,2.3045579567718506,0.0014948524038211793,5,5,"7,13,21,42,100"
cka_strength,test_loss,cka_feddst,cifar10,0.8,0.2,3,2.3051971059417724,0.0028746045406180705,5,5,"7,13,21,42,100"
cka_strength,test_loss,cka_feddst,cifar10,0.8,0.2,4,2.307575432128906,0.00829965177858015,5,5,"7,13,21,42,100"
cka_strength,test_loss,cka_feddst,cifar10,0.8,0.2,5,2.358213620796204,0.05483773436010128,5,5,"7,13,21,42,100"
cka_strength,test_loss,cka_feddst,cifar10,0.8,0.2,6,2.3721750536346438,0.04754810820278614,5,5,"7,13,21,42,100"
cka_strength,test_loss,cka_feddst,cifar10,0.8,0.2,7,2.4223980185699463,0.04040687386986213,5,5,"7,13,21,42,100"
cka_strength,test_loss,cka_feddst,cifar10,0.8,0.2,8,2.4034808114624022,0.048693887265154806,5,5,"7,13,21,42,100"
cka_strength,test_loss,cka_feddst,cifar10,0.8,0.2,9,2.4030180729675292,0.025215274462676966,5,5,"7,13,21,42,100"
cka_strength,test_loss,cka_feddst,cifar10,0.8,0.2,10,2.4007468022155765,0.053661018088942615,5,5,"7,13,21,42,100"
cka_strength,test_loss,cka_feddst,cifar10,0.8,0.2,11,2.3843333532714843,0.040291565245312425,5,5,"7,13,21,42,100"
cka_strength,test_loss,cka_feddst,cifar10,0.8,0.2,12,2.3769004802703853,0.03302531110661301,5,5,"7,13,21,42,100"
cka_strength,test_loss,cka_feddst,cifar10,0.8,0.2,13,2.3444581591796876,0.0451972390459045,5,5,"7,13,21,42,100"
cka_strength,test_loss,cka_feddst,cifar10,0.8,0.2,14,2.3515149380493163,0.03353556824987109,5,5,"7,13,21,42,100"
cka_strength,test_loss,cka_feddst,cifar10,0.8,0.2,15,2.326785082244873,0.06083434114792688,5,5,"7,13,21,42,100"
cka_strength,test_loss,cka_feddst,cifar10,0.8,0.2,16,2.341798139724731,0.031318351628190993,5,5,"7,13,21,42,100"
cka_strength,test_loss,cka_feddst,cifar10,0.8,0.2,17,2.3227017002487185,0.047828980624469046,5,5,"7,13,21,42,100"
cka_strength,test_loss,cka_feddst,cifar10,0.8,0.2,18,2.3401971329498292,0.05002640473078188,5,5,"7,13,21,42,100"
cka_strength,test_loss,cka_feddst,cifar10,0.8,0.2,19,2.3361650788879396,0.05203521829144607,5,5,"7,13,21,42,100"
cka_strength,test_loss,cka_feddst,cifar10,0.8,0.2,20,2.297548638534546,0.031616967411713895,5,5,"7,13,21,42,100"
cka_strength,test_loss,cka_feddst,cifar10,0.8,0.5,1,2.303401412582397,0.000531971607418942,5,5,"7,13,21,42,100"
cka_strength,test_loss,cka_feddst,cifar10,0.8,0.5,2,2.3045579567718506,0.0014948524038211793,5,5,"7,13,21,42,100"
cka_strength,test_loss,cka_feddst,cifar10,0.8,0.5,3,2.3052028256225587,0.0028751131143058745,5,5,"7,13,21,42,100"
cka_strength,test_loss,cka_feddst,cifar10,0.8,0.5,4,2.3076044106292724,0.008317896878970605,5,5,"7,13,21,42,100"
cka_strength,test_loss,cka_feddst,cifar10,0.8,0.5,5,2.3579859048080443,0.05523403785306083,5,5,"7,13,21,42,100"
cka_strength,test_loss,cka_feddst,cifar10,0.8,0.5,6,2.3714147006988524,0.04731393096997035,5,5,"7,13,21,42,100"
cka_strength,test_loss,cka_feddst,cifar10,0.8,0.5,7,2.423161229400635,0.03729060913474628,5,5,"7,13,21,42,100"
cka_strength,test_loss,cka_feddst,cifar10,0.8,0.5,8,2.4046783670043945,0.04714446074378981,5,5,"7,13,21,42,100"
cka_strength,test_loss,cka_feddst,cifar10,0.8,0.5,9,2.403318486099243,0.024851375696206837,5,5,"7,13,21,42,100"
cka_strength,test_loss,cka_feddst,cifar10,0.8,0.5,10,2.400092077713013,0.05175924588059471,5,5,"7,13,21,42,100"
cka_strength,test_loss,cka_feddst,cifar10,0.8,0.5,11,2.3844049520111086,0.035868369052649986,5,5,"7,13,21,42,100"
cka_strength,test_loss,cka_feddst,cifar10,0.8,0.5,12,2.3800151540374754,0.03362762930828312,5,5,"7,13,21,42,100"
cka_strength,test_loss,cka_feddst,cifar10,0.8,0.5,13,2.3453717763519286,0.04470246322141219,5,5,"7,13,21,42,100"
cka_strength,test_loss,cka_feddst,cifar10,0.8,0.5,14,2.3503951691436766,0.03470928893838748,5,5,"7,13,21,42,100"
cka_strength,test_loss,cka_feddst,cifar10,0.8,0.5,15,2.325461117553711,0.05334828960705259,5,5,"7,13,21,42,100"
cka_strength,test_loss,cka_feddst,cifar10,0.8,0.5,16,2.3422855669403075,0.03313722922595887,5,5,"7,13,21,42,100"
cka_strength,test_loss,cka_feddst,cifar10,0.8,0.5,17,2.3251842422866824,0.052257459537443485,5,5,"7,13,21,42,100"
cka_strength,test_loss,cka_feddst,cifar10,0.8,0.5,18,2.3435071908950804,0.04917154114437253,5,5,"7,13,21,42,100"
cka_strength,test_loss,cka_feddst,cifar10,0.8,0.5,19,2.331444363632202,0.048743070283020495,5,5,"7,13,21,42,100"
cka_strength,test_loss,cka_feddst,cifar10,0.8,0.5,20,2.2958161279296876,0.02856638415966702,5,5,"7,13,21,42,100"
cka_strength,test_loss,cka_feddst,cifar10,0.8,0.8,1,2.303401412582397,0.000531971607418942,5,5,"7,13,21,42,100"
cka_strength,test_loss,cka_feddst,cifar10,0.8,0.8,2,2.3045579567718506,0.0014948524038211793,5,5,"7,13,21,42,100"
cka_strength,test_loss,cka_feddst,cifar10,0.8,0.8,3,2.305208143234253,0.002875060711210753,5,5,"7,13,21,42,100"
cka_strength,test_loss,cka_feddst,cifar10,0.8,0.8,4,2.3076230382537846,0.00831141382944955,5,5,"7,13,21,42,100"
cka_strength,test_loss,cka_feddst,cifar10,0.8,0.8,5,2.357935393829346,0.05541697399776355,5,5,"7,13,21,42,100"
cka_strength,test_loss,cka_feddst,cifar10,0.8,0.8,6,2.3714465396118163,0.0470428795117009,5,5,"7,13,21,42,100"
cka_strength,test_loss,cka_feddst,cifar10,0.8,0.8,7,2.4254984935760495,0.033786120208744407,5,5,"7,13,21,42,100"
cka_strength,test_loss,cka_feddst,cifar10,0.8,0.8,8,2.403388772583008,0.04273583726325626,5,5,"7,13,21,42,100"
cka_strength,test_loss,cka_feddst,cifar10,0.8,0.8,9,2.404624800872803,0.02635293423375226,5,5,"7,13,21,42,100"
cka_strength,test_loss,cka_feddst,cifar10,0.8,0.8,10,2.407879271850586,0.04904507781695139,5,5,"7,13,21,42,100"
cka_strength,test_loss,cka_feddst,cifar10,0.8,0.8,11,2.3823047817230227,0.03783293629970531,5,5,"7,13,21,42,100"
cka_strength,test_loss,cka_feddst,cifar10,0.8,0.8,12,2.3808114386749266,0.0326231384497459,5,5,"7,13,21,42,100"
cka_strength,test_loss,cka_feddst,cifar10,0.8,0.8,13,2.346830417327881,0.047560274196048725,5,5,"7,13,21,42,100"
cka_strength,test_loss,cka_feddst,cifar10,0.8,0.8,14,2.3504993606567384,0.03303147069882579,5,5,"7,13,21,42,100"
cka_strength,test_loss,cka_feddst,cifar10,0.8,0.8,15,2.3237868128204346,0.055087874470651145,5,5,"7,13,21,42,100"
cka_strength,test_loss,cka_feddst,cifar10,0.8,0.8,16,2.343909085922241,0.03062871802563153,5,5,"7,13,21,42,100"
cka_strength,test_loss,cka_feddst,cifar10,0.8,0.8,17,2.3244290389633178,0.05114786474539742,5,5,"7,13,21,42,100"
cka_strength,test_loss,cka_feddst,cifar10,0.8,0.8,18,2.342858396072388,0.04971570655719496,5,5,"7,13,21,42,100"
cka_strength,test_loss,cka_feddst,cifar10,0.8,0.8,19,2.331549393081665,0.04989272549457371,5,5,"7,13,21,42,100"
cka_strength,test_loss,cka_feddst,cifar10,0.8,0.8,20,2.295976994667053,0.029642299615512135,5,5,"7,13,21,42,100"
cka_strength,test_loss,cka_feddst,cifar10,0.8,0.9,1,2.303401412582397,0.000531971607418942,5,5,"7,13,21,42,100"
cka_strength,test_loss,cka_feddst,cifar10,0.8,0.9,2,2.3045579567718506,0.0014948524038211793,5,5,"7,13,21,42,100"
cka_strength,test_loss,cka_feddst,cifar10,0.8,0.9,3,2.305209685134888,0.002874796837994984,5,5,"7,13,21,42,100"
cka_strength,test_loss,cka_feddst,cifar10,0.8,0.9,4,2.3076634587097167,0.00831490110011838,5,5,"7,13,21,42,100"
cka_strength,test_loss,cka_feddst,cifar10,0.8,0.9,5,2.3580754590225217,0.055382799261049546,5,5,"7,13,21,42,100"
cka_strength,test_loss,cka_feddst,cifar10,0.8,0.9,6,2.3719966194152833,0.04720449175990725,5,5,"7,13,21,42,100"
cka_strength,test_loss,cka_feddst,cifar10,0.8,0.9,7,2.425776241607666,0.03287768152836195,5,5,"7,13,21,42,100"
cka_strength,test_loss,cka_feddst,cifar10,0.8,0.9,8,2.4045266053009033,0.04406280007971952,5,5,"7,13,21,42,100"
cka_strength,test_loss,cka_feddst,cifar10,0.8,0.9,9,2.4045761905670164,0.026806838511876097,5,5,"7,13,21,42,100"
cka_strength,test_loss,cka_feddst,cifar10,0.8,0.9,10,2.406943511962891,0.04857589590685402,5,5,"7,13,21,42,100"
cka_strength,test_loss,cka_feddst,cifar10,0.8,0.9,11,2.3847141078186036,0.03859254775384197,5,5,"7,13,21,42,100"
cka_strength,test_loss,cka_feddst,cifar10,0.8,0.9,12,2.381299765853882,0.03388032769022761,5,5,"7,13,21,42,100"
cka_strength,test_loss,cka_feddst,cifar10,0.8,0.9,13,2.346150658721924,0.047766084740201775,5,5,"7,13,21,42,100"
cka_strength,test_loss,cka_feddst,cifar10,0.8,0.9,14,2.3504794581604007,0.03237165029031743,5,5,"7,13,21,42,100"
cka_strength,test_loss,cka_feddst,cifar10,0.8,0.9,15,2.323885842590332,0.05533547188568139,5,5,"7,13,21,42,100"
cka_strength,test_loss,cka_feddst,cifar10,0.8,0.9,16,2.345088793487549,0.029776958197346805,5,5,"7,13,21,42,100"
cka_strength,test_loss,cka_feddst,cifar10,0.8,0.9,17,2.325585399246216,0.04963495820173916,5,5,"7,13,21,42,100"
cka_strength,test_loss,cka_feddst,cifar10,0.8,0.9,18,2.3407379150772094,0.046192695852712205,5,5,"7,13,21,42,100"
cka_strength,test_loss,cka_feddst,cifar10,0.8,0.9,19,2.331746356506348,0.04825673886846065,5,5,"7,13,21,42,100"
cka_strength,test_loss,cka_feddst,cifar10,0.8,0.9,20,2.296497301025391,0.027544005542434958,5,5,"7,13,21,42,100"
cka_strength,test_loss,cka_feddst,cifar10,0.8,1.0,1,2.303401412582397,0.000531971607418942,5,5,"7,13,21,42,100"
cka_strength,test_loss,cka_feddst,cifar10,0.8,1.0,2,2.3045579567718506,0.0014948524038211793,5,5,"7,13,21,42,100"
cka_strength,test_loss,cka_feddst,cifar10,0.8,1.0,3,2.305211895523071,0.002874517319457046,5,5,"7,13,21,42,100"
cka_strength,test_loss,cka_feddst,cifar10,0.8,1.0,4,2.3076496740722656,0.008301990833008855,5,5,"7,13,21,42,100"
cka_strength,test_loss,cka_feddst,cifar10,0.8,1.0,5,2.358011853790283,0.05558333224439296,5,5,"7,13,21,42,100"
cka_strength,test_loss,cka_feddst,cifar10,0.8,1.0,6,2.3719457999420164,0.04705925958238236,5,5,"7,13,21,42,100"
cka_strength,test_loss,cka_feddst,cifar10,0.8,1.0,7,2.4245226683807375,0.03528512140844905,5,5,"7,13,21,42,100"
cka_strength,test_loss,cka_feddst,cifar10,0.8,1.0,8,2.4033025399780272,0.04518686045827693,5,5,"7,13,21,42,100"
cka_strength,test_loss,cka_feddst,cifar10,0.8,1.0,9,2.403641958694458,0.026228945566941875,5,5,"7,13,21,42,100"
cka_strength,test_loss,cka_feddst,cifar10,0.8,1.0,10,2.4061306394958497,0.049056774135970475,5,5,"7,13,21,42,100"
cka_strength,test_loss,cka_feddst,cifar10,0.8,1.0,11,2.380721734161377,0.038188826140609096,5,5,"7,13,21,42,100"
cka_strength,test_loss,cka_feddst,cifar10,0.8,1.0,12,2.3787772596740724,0.03391749074944202,5,5,"7,13,21,42,100"
cka_strength,test_loss,cka_feddst,cifar10,0.8,1.0,13,2.3454901095581056,0.04669072449722564,5,5,"7,13,21,42,100"
cka_strength,test_loss,cka_feddst,cifar10,0.8,1.0,14,2.3500513901519775,0.03188168651822036,5,5,"7,13,21,42,100"
cka_strength,test_loss,cka_feddst,cifar10,0.8,1.0,15,2.3221015468597415,0.05277754218693044,5,5,"7,13,21,42,100"
cka_strength,test_loss,cka_feddst,cifar10,0.8,1.0,16,2.346683061218262,0.031209073922156137,5,5,"7,13,21,42,100"
cka_strength,test_loss,cka_feddst,cifar10,0.8,1.0,17,2.3262812520980836,0.052248223002497055,5,5,"7,13,21,42,100"
cka_strength,test_loss,cka_feddst,cifar10,0.8,1.0,18,2.3427600076675414,0.04500751174940977,5,5,"7,13,21,42,100"
cka_strength,test_loss,cka_feddst,cifar10,0.8,1.0,19,2.3327024557495117,0.051705197717930695,5,5,"7,13,21,42,100"
cka_strength,test_loss,cka_feddst,cifar10,0.8,1.0,20,2.3004041984939576,0.02963647727083374,5,5,"7,13,21,42,100"
cka_strength,test_loss,cka_feddst,cifar10,0.9,0.2,1,2.3035003769683837,0.0005935726571250064,5,5,"7,13,21,42,100"
cka_strength,test_loss,cka_feddst,cifar10,0.9,0.2,2,2.3047146271514896,0.001542355890903274,5,5,"7,13,21,42,100"
cka_strength,test_loss,cka_feddst,cifar10,0.9,0.2,3,2.3064205835723874,0.0027250193361483613,5,5,"7,13,21,42,100"
cka_strength,test_loss,cka_feddst,cifar10,0.9,0.2,4,2.308238094100952,0.00389186170232926,5,5,"7,13,21,42,100"
cka_strength,test_loss,cka_feddst,cifar10,0.9,0.2,5,2.3101544595336914,0.005090461716299677,5,5,"7,13,21,42,100"
cka_strength,test_loss,cka_feddst,cifar10,0.9,0.2,6,2.311954317779541,0.006181853033144863,5,5,"7,13,21,42,100"
cka_strength,test_loss,cka_feddst,cifar10,0.9,0.2,7,2.313740094680786,0.007271876299947844,5,5,"7,13,21,42,100"
cka_strength,test_loss,cka_feddst,cifar10,0.9,0.2,8,2.3151868213653564,0.008057696381905056,5,5,"7,13,21,42,100"
cka_strength,test_loss,cka_feddst,cifar10,0.9,0.2,9,2.3166474787139895,0.008877822196181271,5,5,"7,13,21,42,100"
cka_strength,test_loss,cka_feddst,cifar10,0.9,0.2,10,2.3178877377319336,0.009573678082625051,5,5,"7,13,21,42,100"
cka_strength,test_loss,cka_feddst,cifar10,0.9,0.2,11,2.3193210872650147,0.010511454542679642,5,5,"7,13,21,42,100"
cka_strength,test_loss,cka_feddst,cifar10,0.9,0.2,12,2.320215513381958,0.010919338721198216,5,5,"7,13,21,42,100"
cka_strength,test_loss,cka_feddst,cifar10,0.9,0.2,13,2.3214964624786374,0.011768600020956041,5,5,"7,13,21,42,100"
cka_strength,test_loss,cka_feddst,cifar10,0.9,0.2,14,2.3228485891723634,0.01294268173059082,5,5,"7,13,21,42,100"
cka_strength,test_loss,cka_feddst,cifar10,0.9,0.2,15,2.3282101387023926,0.02040681873764143,5,5,"7,13,21,42,100"
cka_strength,test_loss,cka_feddst,cifar10,0.9,0.2,16,2.3327117840576173,0.026196855096806825,5,5,"7,13,21,42,100"
cka_strength,test_loss,cka_feddst,cifar10,0.9,0.2,17,2.3517508238220217,0.04904067120757905,5,5,"7,13,21,42,100"
cka_strength,test_loss,cka_feddst,cifar10,0.9,0.2,18,2.349443300857544,0.0311496297776707,5,5,"7,13,21,42,100"
cka_strength,test_loss,cka_feddst,cifar10,0.9,0.2,19,2.3799351146697996,0.05072742388099233,5,5,"7,13,21,42,100"
cka_strength,test_loss,cka_feddst,cifar10,0.9,0.2,20,2.3943056183624267,0.05728337646285267,5,5,"7,13,21,42,100"
cka_strength,test_loss,cka_feddst,cifar10,0.9,0.5,1,2.3035003769683837,0.0005935726571250064,5,5,"7,13,21,42,100"
cka_strength,test_loss,cka_feddst,cifar10,0.9,0.5,2,2.3047146271514896,0.001542355890903274,5,5,"7,13,21,42,100"
cka_strength,test_loss,cka_feddst,cifar10,0.9,0.5,3,2.306420598831177,0.0027250302008061987,5,5,"7,13,21,42,100"
cka_strength,test_loss,cka_feddst,cifar10,0.9,0.5,4,2.308238251419067,0.0038918504160512586,5,5,"7,13,21,42,100"
cka_strength,test_loss,cka_feddst,cifar10,0.9,0.5,5,2.3101547690582276,0.00509042579241786,5,5,"7,13,21,42,100"
cka_strength,test_loss,cka_feddst,cifar10,0.9,0.5,6,2.31195580947876,0.006182125706238752,5,5,"7,13,21,42,100"
cka_strength,test_loss,cka_feddst,cifar10,0.9,0.5,7,2.3137427090454104,0.007272938726169611,5,5,"7,13,21,42,100"
cka_strength,test_loss,cka_feddst,cifar10,0.9,0.5,8,2.315189361114502,0.008057689946879023,5,5,"7,13,21,42,100"
cka_strength,test_loss,cka_feddst,cifar10,0.9,0.5,9,2.3166504483032226,0.008876980419109648,5,5,"7,13,21,42,100"
cka_strength,test_loss,cka_feddst,cifar10,0.9,0.5,10,2.317892826080322,0.009573864349870261,5,5,"7,13,21,42,100"
cka_strength,test_loss,cka_feddst,cifar10,0.9,0.5,11,2.319327572402954,0.010508754834626557,5,5,"7,13,21,42,100"
cka_strength,test_loss,cka_feddst,cifar10,0.9,0.5,12,2.3202270188140868,0.010913528893950425,5,5,"7,13,21,42,100"
cka_strength,test_loss,cka_feddst,cifar10,0.9,0.5,13,2.3215002474212647,0.011729122340301476,5,5,"7,13,21,42,100"
cka_strength,test_loss,cka_feddst,cifar10,0.9,0.5,14,2.3228537143707273,0.012815704470738595,5,5,"7,13,21,42,100"
cka_strength,test_loss,cka_feddst,cifar10,0.9,0.5,15,2.3280912821197512,0.019232710843936296,5,5,"7,13,21,42,100"
cka_strength,test_loss,cka_feddst,cifar10,0.9,0.5,16,2.3332438545989986,0.024780006572077448,5,5,"7,13,21,42,100"
cka_strength,test_loss,cka_feddst,cifar10,0.9,0.5,17,2.3503741292572022,0.0405557796625734,5,5,"7,13,21,42,100"
cka_strength,test_loss,cka_feddst,cifar10,0.9,0.5,18,2.3512400424957276,0.03052937242825849,5,5,"7,13,21,42,100"
cka_strength,test_loss,cka_feddst,cifar10,0.9,0.5,19,2.394505879898071,0.06005757369457513,5,5,"7,13,21,42,100"
cka_strength,test_loss,cka_feddst,cifar10,0.9,0.5,20,2.3962039581298824,0.07486488967588283,5,5,"7,13,21,42,100"
cka_strength,test_loss,cka_feddst,cifar10,0.9,0.8,1,2.3035003769683837,0.0005935726571250064,5,5,"7,13,21,42,100"
cka_strength,test_loss,cka_feddst,cifar10,0.9,0.8,2,2.3047146271514896,0.001542355890903274,5,5,"7,13,21,42,100"
cka_strength,test_loss,cka_feddst,cifar10,0.9,0.8,3,2.3064206018829347,0.0027250344340383694,5,5,"7,13,21,42,100"
cka_strength,test_loss,cka_feddst,cifar10,0.9,0.8,4,2.308238495025635,0.0038920075065681727,5,5,"7,13,21,42,100"
cka_strength,test_loss,cka_feddst,cifar10,0.9,0.8,5,2.3101551450347904,0.005090570907756594,5,5,"7,13,21,42,100"
cka_strength,test_loss,cka_feddst,cifar10,0.9,0.8,6,2.311957071914673,0.006182589459485256,5,5,"7,13,21,42,100"
cka_strength,test_loss,cka_feddst,cifar10,0.9,0.8,7,2.3137442176055907,0.007273303826008873,5,5,"7,13,21,42,100"
cka_strength,test_loss,cka_feddst,cifar10,0.9,0.8,8,2.315192112197876,0.008058698690204851,5,5,"7,13,21,42,100"
cka_strength,test_loss,cka_feddst,cifar10,0.9,0.8,9,2.3166543936920165,0.008877861892249296,5,5,"7,13,21,42,100"
cka_strength,test_loss,cka_feddst,cifar10,0.9,0.8,10,2.3178980194091796,0.009575449327660536,5,5,"7,13,21,42,100"
cka_strength,test_loss,cka_feddst,cifar10,0.9,0.8,11,2.319331954574585,0.010506355215937431,5,5,"7,13,21,42,100"
cka_strength,test_loss,cka_feddst,cifar10,0.9,0.8,12,2.3202338999176026,0.010904103429743156,5,5,"7,13,21,42,100"
cka_strength,test_loss,cka_feddst,cifar10,0.9,0.8,13,2.321485815048218,0.01166750907910719,5,5,"7,13,21,42,100"
cka_strength,test_loss,cka_feddst,cifar10,0.9,0.8,14,2.3227089952850344,0.012516257080398573,5,5,"7,13,21,42,100"
cka_strength,test_loss,cka_feddst,cifar10,0.9,0.8,15,2.327079464492798,0.016750370596007157,5,5,"7,13,21,42,100"
cka_strength,test_loss,cka_feddst,cifar10,0.9,0.8,16,2.3332941542816164,0.023504476490650975,5,5,"7,13,21,42,100"
cka_strength,test_loss,cka_feddst,cifar10,0.9,0.8,17,2.3554244300079348,0.05015705794697968,5,5,"7,13,21,42,100"
cka_strength,test_loss,cka_feddst,cifar10,0.9,0.8,18,2.361851018600464,0.03988486350660185,5,5,"7,13,21,42,100"
cka_strength,test_loss,cka_feddst,cifar10,0.9,0.8,19,2.4044450528717043,0.06870217657877367,5,5,"7,13,21,42,100"
cka_strength,test_loss,cka_feddst,cifar10,0.9,0.8,20,2.408718139953613,0.07398837003977893,5,5,"7,13,21,42,100"
cka_strength,test_loss,cka_feddst,cifar10,0.9,0.9,1,2.3035003769683837,0.0005935726571250064,5,5,"7,13,21,42,100"
cka_strength,test_loss,cka_feddst,cifar10,0.9,0.9,2,2.3047146271514896,0.001542355890903274,5,5,"7,13,21,42,100"
cka_strength,test_loss,cka_feddst,cifar10,0.9,0.9,3,2.3064206080627443,0.0027250286900517466,5,5,"7,13,21,42,100"
cka_strength,test_loss,cka_feddst,cifar10,0.9,0.9,4,2.308238539657593,0.0038919870361623417,5,5,"7,13,21,42,100"
cka_strength,test_loss,cka_feddst,cifar10,0.9,0.9,5,2.310155241012573,0.005090564065857775,5,5,"7,13,21,42,100"
cka_strength,test_loss,cka_feddst,cifar10,0.9,0.9,6,2.311957445678711,0.006182606229561035,5,5,"7,13,21,42,100"
cka_strength,test_loss,cka_feddst,cifar10,0.9,0.9,7,2.3137448124694826,0.0072733093678900955,5,5,"7,13,21,42,100"
cka_strength,test_loss,cka_feddst,cifar10,0.9,0.9,8,2.3151931660461424,0.008058959049541698,5,5,"7,13,21,42,100"
cka_strength,test_loss,cka_feddst,cifar10,0.9,0.9,9,2.316655852432251,0.00887805531956129,5,5,"7,13,21,42,100"
cka_strength,test_loss,cka_feddst,cifar10,0.9,0.9,10,2.3179002169036864,0.00957576101430526,5,5,"7,13,21,42,100"
cka_strength,test_loss,cka_feddst,cifar10,0.9,0.9,11,2.319334210128784,0.01050482283898412,5,5,"7,13,21,42,100"
cka_strength,test_loss,cka_feddst,cifar10,0.9,0.9,12,2.3202357055664065,0.010898730158352694,5,5,"7,13,21,42,100"
cka_strength,test_loss,cka_feddst,cifar10,0.9,0.9,13,2.3214760069274902,0.011638062938487306,5,5,"7,13,21,42,100"
cka_strength,test_loss,cka_feddst,cifar10,0.9,0.9,14,2.3226486465454106,0.012394020878989456,5,5,"7,13,21,42,100"
cka_strength,test_loss,cka_feddst,cifar10,0.9,0.9,15,2.326760363693237,0.01592251507132765,5,5,"7,13,21,42,100"
cka_strength,test_loss,cka_feddst,cifar10,0.9,0.9,16,2.332858399505615,0.022292362530912345,5,5,"7,13,21,42,100"
cka_strength,test_loss,cka_feddst,cifar10,0.9,0.9,17,2.3550023816680907,0.048800053019946193,5,5,"7,13,21,42,100"
cka_strength,test_loss,cka_feddst,cifar10,0.9,0.9,18,2.3632124031066892,0.03981898948319351,5,5,"7,13,21,42,100"
cka_strength,test_loss,cka_feddst,cifar10,0.9,0.9,19,2.4068804421997068,0.07008074336422095,5,5,"7,13,21,42,100"
cka_strength,test_loss,cka_feddst,cifar10,0.9,0.9,20,2.4101948178863526,0.07376010521708,5,5,"7,13,21,42,100"
cka_strength,test_loss,cka_feddst,cifar10,0.9,1.0,1,2.3035003769683837,0.0005935726571250064,5,5,"7,13,21,42,100"
cka_strength,test_loss,cka_feddst,cifar10,0.9,1.0,2,2.3047146271514896,0.001542355890903274,5,5,"7,13,21,42,100"
cka_strength,test_loss,cka_feddst,cifar10,0.9,1.0,3,2.3064206034088137,0.002725037428266055,5,5,"7,13,21,42,100"
cka_strength,test_loss,cka_feddst,cifar10,0.9,1.0,4,2.3082386730194093,0.0038919681864357106,5,5,"7,13,21,42,100"
cka_strength,test_loss,cka_feddst,cifar10,0.9,1.0,5,2.3101554231262207,0.005090541349135994,5,5,"7,13,21,42,100"
cka_strength,test_loss,cka_feddst,cifar10,0.9,1.0,6,2.3119579254913334,0.006182686202494546,5,5,"7,13,21,42,100"
cka_strength,test_loss,cka_feddst,cifar10,0.9,1.0,7,2.3137454068756105,0.007273352146036462,5,5,"7,13,21,42,100"
cka_strength,test_loss,cka_feddst,cifar10,0.9,1.0,8,2.315194006881714,0.00805911685139499,5,5,"7,13,21,42,100"
cka_strength,test_loss,cka_feddst,cifar10,0.9,1.0,9,2.3166569364929197,0.008877995319006435,5,5,"7,13,21,42,100"
cka_strength,test_loss,cka_feddst,cifar10,0.9,1.0,10,2.3179015300750736,0.009576171693713366,5,5,"7,13,21,42,100"
cka_strength,test_loss,cka_feddst,cifar10,0.9,1.0,11,2.3193346520233153,0.010503928077477475,5,5,"7,13,21,42,100"
cka_strength,test_loss,cka_feddst,cifar10,0.9,1.0,12,2.320234391555786,0.010894754670932686,5,5,"7,13,21,42,100"
cka_strength,test_loss,cka_feddst,cifar10,0.9,1.0,13,2.3214643756103515,0.011617809305877353,5,5,"7,13,21,42,100"
cka_strength,test_loss,cka_feddst,cifar10,0.9,1.0,14,2.322596935882568,0.012313570609414954,5,5,"7,13,21,42,100"
cka_strength,test_loss,cka_feddst,cifar10,0.9,1.0,15,2.3264046411895754,0.015309557686432771,5,5,"7,13,21,42,100"
cka_strength,test_loss,cka_feddst,cifar10,0.9,1.0,16,2.3324278489685057,0.021280904350522347,5,5,"7,13,21,42,100"
cka_strength,test_loss,cka_feddst,cifar10,0.9,1.0,17,2.355167317428589,0.048506040553683474,5,5,"7,13,21,42,100"
cka_strength,test_loss,cka_feddst,cifar10,0.9,1.0,18,2.365895564575195,0.041894251546022596,5,5,"7,13,21,42,100"
cka_strength,test_loss,cka_feddst,cifar10,0.9,1.0,19,2.407204617843628,0.07025943003572281,5,5,"7,13,21,42,100"
cka_strength,test_loss,cka_feddst,cifar10,0.9,1.0,20,2.4144104271697997,0.08237757763483206,5,5,"7,13,21,42,100"
cka_strength,test_loss,cka_feddst,cifar10,0.95,0.2,1,2.3035047095489505,0.0006011700988548307,5,5,"7,13,21,42,100"
cka_strength,test_loss,cka_feddst,cifar10,0.95,0.2,2,2.304700443191529,0.0015312321949432185,5,5,"7,13,21,42,100"
cka_strength,test_loss,cka_feddst,cifar10,0.95,0.2,3,2.3063611516571045,0.0026751209160929637,5,5,"7,13,21,42,100"
cka_strength,test_loss,cka_feddst,cifar10,0.95,0.2,4,2.3081796838378907,0.003848501419014165,5,5,"7,13,21,42,100"
cka_strength,test_loss,cka_feddst,cifar10,0.95,0.2,5,2.310048715209961,0.005014846258641479,5,5,"7,13,21,42,100"
cka_strength,test_loss,cka_feddst,cifar10,0.95,0.2,6,2.3118236554718017,0.006088304047194554,5,5,"7,13,21,42,100"
cka_strength,test_loss,cka_feddst,cifar10,0.95,0.2,7,2.3134982010650633,0.007074718318733919,5,5,"7,13,21,42,100"
cka_strength,test_loss,cka_feddst,cifar10,0.95,0.2,8,2.3149859131622312,0.007914397416096177,5,5,"7,13,21,42,100"
cka_strength,test_loss,cka_feddst,cifar10,0.95,0.2,9,2.3163550373077393,0.008680795646314984,5,5,"7,13,21,42,100"
cka_strength,test_loss,cka_feddst,cifar10,0.95,0.2,10,2.3175554853057863,0.00934749280686071,5,5,"7,13,21,42,100"
cka_strength,test_loss,cka_feddst,cifar10,0.95,0.2,11,2.3186751958465575,0.009974065842852889,5,5,"7,13,21,42,100"
cka_strength,test_loss,cka_feddst,cifar10,0.95,0.2,12,2.3195922309875487,0.010449912360182372,5,5,"7,13,21,42,100"
cka_strength,test_loss,cka_feddst,cifar10,0.95,0.2,13,2.320446004486084,0.010906334434353317,5,5,"7,13,21,42,100"
cka_strength,test_loss,cka_feddst,cifar10,0.95,0.2,14,2.3211773844146726,0.011300032284639997,5,5,"7,13,21,42,100"
cka_strength,test_loss,cka_feddst,cifar10,0.95,0.2,15,2.3218861060333253,0.011680853577106723,5,5,"7,13,21,42,100"
cka_strength,test_loss,cka_feddst,cifar10,0.95,0.2,16,2.3224368994903566,0.011966972781713969,5,5,"7,13,21,42,100"
cka_strength,test_loss,cka_feddst,cifar10,0.95,0.2,17,2.3229935200500487,0.012280964539932583,5,5,"7,13,21,42,100"
cka_strength,test_loss,cka_feddst,cifar10,0.95,0.2,18,2.323421275253296,0.012510711286224056,5,5,"7,13,21,42,100"
cka_strength,test_loss,cka_feddst,cifar10,0.95,0.2,19,2.3239287580108643,0.012814383527041341,5,5,"7,13,21,42,100"
cka_strength,test_loss,cka_feddst,cifar10,0.95,0.2,20,2.32422822593689,0.012947969209272613,5,5,"7,13,21,42,100"
cka_strength,test_loss,cka_feddst,cifar10,0.95,0.5,1,2.3035047095489505,0.0006011700988548307,5,5,"7,13,21,42,100"
cka_strength,test_loss,cka_feddst,cifar10,0.95,0.5,2,2.304700443191529,0.0015312321949432185,5,5,"7,13,21,42,100"
cka_strength,test_loss,cka_feddst,cifar10,0.95,0.5,3,2.3063611516571045,0.0026751209160929637,5,5,"7,13,21,42,100"
cka_strength,test_loss,cka_feddst,cifar10,0.95,0.5,4,2.3081796838378907,0.003848501419014165,5,5,"7,13,21,42,100"
cka_strength,test_loss,cka_feddst,cifar10,0.95,0.5,5,2.310048715209961,0.005014846258641479,5,5,"7,13,21,42,100"
cka_strength,test_loss,cka_feddst,cifar10,0.95,0.5,6,2.3118236554718017,0.006088304047194554,5,5,"7,13,21,42,100"
cka_strength,test_loss,cka_feddst,cifar10,0.95,0.5,7,2.3134982010650633,0.007074718318733919,5,5,"7,13,21,42,100"
cka_strength,test_loss,cka_feddst,cifar10,0.95,0.5,8,2.3149859131622312,0.007914397416096177,5,5,"7,13,21,42,100"
cka_strength,test_loss,cka_feddst,cifar10,0.95,0.5,9,2.3163550373077393,0.008680795646314984,5,5,"7,13,21,42,100"
cka_strength,test_loss,cka_feddst,cifar10,0.95,0.5,10,2.3175554853057863,0.00934749280686071,5,5,"7,13,21,42,100"
cka_strength,test_loss,cka_feddst,cifar10,0.95,0.5,11,2.3186751958465575,0.009974065842852889,5,5,"7,13,21,42,100"
cka_strength,test_loss,cka_feddst,cifar10,0.95,0.5,12,2.3195922309875487,0.010449912360182372,5,5,"7,13,21,42,100"
cka_strength,test_loss,cka_feddst,cifar10,0.95,0.5,13,2.320446004486084,0.010906334434353317,5,5,"7,13,21,42,100"
cka_strength,test_loss,cka_feddst,cifar10,0.95,0.5,14,2.3211773844146726,0.011300032284639997,5,5,"7,13,21,42,100"
cka_strength,test_loss,cka_feddst,cifar10,0.95,0.5,15,2.3218861060333253,0.011680853577106723,5,5,"7,13,21,42,100"
cka_strength,test_loss,cka_feddst,cifar10,0.95,0.5,16,2.3224368994903566,0.011966972781713969,5,5,"7,13,21,42,100"
cka_strength,test_loss,cka_feddst,cifar10,0.95,0.5,17,2.3229935200500487,0.012280964539932583,5,5,"7,13,21,42,100"
cka_strength,test_loss,cka_feddst,cifar10,0.95,0.5,18,2.323421275253296,0.012510711286224056,5,5,"7,13,21,42,100"
cka_strength,test_loss,cka_feddst,cifar10,0.95,0.5,19,2.3239287580108643,0.012814383527041341,5,5,"7,13,21,42,100"
cka_strength,test_loss,cka_feddst,cifar10,0.95,0.5,20,2.32422822593689,0.012947969209272613,5,5,"7,13,21,42,100"
cka_strength,test_loss,cka_feddst,cifar10,0.95,0.8,1,2.3035047095489505,0.0006011700988548307,5,5,"7,13,21,42,100"
cka_strength,test_loss,cka_feddst,cifar10,0.95,0.8,2,2.304700443191529,0.0015312321949432185,5,5,"7,13,21,42,100"
cka_strength,test_loss,cka_feddst,cifar10,0.95,0.8,3,2.3063611516571045,0.0026751209160929637,5,5,"7,13,21,42,100"
cka_strength,test_loss,cka_feddst,cifar10,0.95,0.8,4,2.3081796838378907,0.003848501419014165,5,5,"7,13,21,42,100"
cka_strength,test_loss,cka_feddst,cifar10,0.95,0.8,5,2.310048715209961,0.005014846258641479,5,5,"7,13,21,42,100"
cka_strength,test_loss,cka_feddst,cifar10,0.95,0.8,6,2.3118236554718017,0.006088304047194554,5,5,"7,13,21,42,100"
cka_strength,test_loss,cka_feddst,cifar10,0.95,0.8,7,2.3134982010650633,0.007074718318733919,5,5,"7,13,21,42,100"
cka_strength,test_loss,cka_feddst,cifar10,0.95,0.8,8,2.3149859131622312,0.007914397416096177,5,5,"7,13,21,42,100"
cka_strength,test_loss,cka_feddst,cifar10,0.95,0.8,9,2.3163550373077393,0.008680795646314984,5,5,"7,13,21,42,100"
cka_strength,test_loss,cka_feddst,cifar10,0.95,0.8,10,2.3175554853057863,0.00934749280686071,5,5,"7,13,21,42,100"
cka_strength,test_loss,cka_feddst,cifar10,0.95,0.8,11,2.3186751958465575,0.009974065842852889,5,5,"7,13,21,42,100"
cka_strength,test_loss,cka_feddst,cifar10,0.95,0.8,12,2.3195922309875487,0.010449912360182372,5,5,"7,13,21,42,100"
cka_strength,test_loss,cka_feddst,cifar10,0.95,0.8,13,2.320446004486084,0.010906334434353317,5,5,"7,13,21,42,100"
cka_strength,test_loss,cka_feddst,cifar10,0.95,0.8,14,2.3211773844146726,0.011300032284639997,5,5,"7,13,21,42,100"
cka_strength,test_loss,cka_feddst,cifar10,0.95,0.8,15,2.3218861060333253,0.011680853577106723,5,5,"7,13,21,42,100"
cka_strength,test_loss,cka_feddst,cifar10,0.95,0.8,16,2.3224368994903566,0.011966972781713969,5,5,"7,13,21,42,100"
cka_strength,test_loss,cka_feddst,cifar10,0.95,0.8,17,2.3229935200500487,0.012280964539932583,5,5,"7,13,21,42,100"
cka_strength,test_loss,cka_feddst,cifar10,0.95,0.8,18,2.323421275253296,0.012510711286224056,5,5,"7,13,21,42,100"
cka_strength,test_loss,cka_feddst,cifar10,0.95,0.8,19,2.3239287580108643,0.012814383527041341,5,5,"7,13,21,42,100"
cka_strength,test_loss,cka_feddst,cifar10,0.95,0.8,20,2.32422822593689,0.012947969209272613,5,5,"7,13,21,42,100"
cka_strength,test_loss,cka_feddst,cifar10,0.95,0.9,1,2.3035047095489505,0.0006011700988548307,5,5,"7,13,21,42,100"
cka_strength,test_loss,cka_feddst,cifar10,0.95,0.9,2,2.304700443191529,0.0015312321949432185,5,5,"7,13,21,42,100"
cka_strength,test_loss,cka_feddst,cifar10,0.95,0.9,3,2.3063611516571045,0.0026751209160929637,5,5,"7,13,21,42,100"
cka_strength,test_loss,cka_feddst,cifar10,0.95,0.9,4,2.3081796838378907,0.003848501419014165,5,5,"7,13,21,42,100"
cka_strength,test_loss,cka_feddst,cifar10,0.95,0.9,5,2.310048715209961,0.005014846258641479,5,5,"7,13,21,42,100"
cka_strength,test_loss,cka_feddst,cifar10,0.95,0.9,6,2.3118236554718017,0.006088304047194554,5,5,"7,13,21,42,100"
cka_strength,test_loss,cka_feddst,cifar10,0.95,0.9,7,2.3134982010650633,0.007074718318733919,5,5,"7,13,21,42,100"
cka_strength,test_loss,cka_feddst,cifar10,0.95,0.9,8,2.3149859131622312,0.007914397416096177,5,5,"7,13,21,42,100"
cka_strength,test_loss,cka_feddst,cifar10,0.95,0.9,9,2.3163550373077393,0.008680795646314984,5,5,"7,13,21,42,100"
cka_strength,test_loss,cka_feddst,cifar10,0.95,0.9,10,2.3175554853057863,0.00934749280686071,5,5,"7,13,21,42,100"
cka_strength,test_loss,cka_feddst,cifar10,0.95,0.9,11,2.3186751958465575,0.009974065842852889,5,5,"7,13,21,42,100"
cka_strength,test_loss,cka_feddst,cifar10,0.95,0.9,12,2.3195922309875487,0.010449912360182372,5,5,"7,13,21,42,100"
cka_strength,test_loss,cka_feddst,cifar10,0.95,0.9,13,2.320446004486084,0.010906334434353317,5,5,"7,13,21,42,100"
cka_strength,test_loss,cka_feddst,cifar10,0.95,0.9,14,2.3211773844146726,0.011300032284639997,5,5,"7,13,21,42,100"
cka_strength,test_loss,cka_feddst,cifar10,0.95,0.9,15,2.3218861060333253,0.011680853577106723,5,5,"7,13,21,42,100"
cka_strength,test_loss,cka_feddst,cifar10,0.95,0.9,16,2.3224368994903566,0.011966972781713969,5,5,"7,13,21,42,100"
cka_strength,test_loss,cka_feddst,cifar10,0.95,0.9,17,2.3229935200500487,0.012280964539932583,5,5,"7,13,21,42,100"
cka_strength,test_loss,cka_feddst,cifar10,0.95,0.9,18,2.323421275253296,0.012510711286224056,5,5,"7,13,21,42,100"
cka_strength,test_loss,cka_feddst,cifar10,0.95,0.9,19,2.3239287580108643,0.012814383527041341,5,5,"7,13,21,42,100"
cka_strength,test_loss,cka_feddst,cifar10,0.95,0.9,20,2.32422822593689,0.012947969209272613,5,5,"7,13,21,42,100"
cka_strength,test_loss,cka_feddst,cifar10,0.95,1.0,1,2.3035047095489505,0.0006011700988548307,5,5,"7,13,21,42,100"
cka_strength,test_loss,cka_feddst,cifar10,0.95,1.0,2,2.304700443191529,0.0015312321949432185,5,5,"7,13,21,42,100"
cka_strength,test_loss,cka_feddst,cifar10,0.95,1.0,3,2.3063611516571045,0.0026751209160929637,5,5,"7,13,21,42,100"
cka_strength,test_loss,cka_feddst,cifar10,0.95,1.0,4,2.3081796838378907,0.003848501419014165,5,5,"7,13,21,42,100"
cka_strength,test_loss,cka_feddst,cifar10,0.95,1.0,5,2.310048715209961,0.005014846258641479,5,5,"7,13,21,42,100"
cka_strength,test_loss,cka_feddst,cifar10,0.95,1.0,6,2.3118236554718017,0.006088304047194554,5,5,"7,13,21,42,100"
cka_strength,test_loss,cka_feddst,cifar10,0.95,1.0,7,2.3134982010650633,0.007074718318733919,5,5,"7,13,21,42,100"
cka_strength,test_loss,cka_feddst,cifar10,0.95,1.0,8,2.3149859131622312,0.007914397416096177,5,5,"7,13,21,42,100"
cka_strength,test_loss,cka_feddst,cifar10,0.95,1.0,9,2.3163550373077393,0.008680795646314984,5,5,"7,13,21,42,100"
cka_strength,test_loss,cka_feddst,cifar10,0.95,1.0,10,2.3175554853057863,0.00934749280686071,5,5,"7,13,21,42,100"
cka_strength,test_loss,cka_feddst,cifar10,0.95,1.0,11,2.3186751958465575,0.009974065842852889,5,5,"7,13,21,42,100"
cka_strength,test_loss,cka_feddst,cifar10,0.95,1.0,12,2.3195922309875487,0.010449912360182372,5,5,"7,13,21,42,100"
cka_strength,test_loss,cka_feddst,cifar10,0.95,1.0,13,2.320446004486084,0.010906334434353317,5,5,"7,13,21,42,100"
cka_strength,test_loss,cka_feddst,cifar10,0.95,1.0,14,2.3211773844146726,0.011300032284639997,5,5,"7,13,21,42,100"
cka_strength,test_loss,cka_feddst,cifar10,0.95,1.0,15,2.3218861060333253,0.011680853577106723,5,5,"7,13,21,42,100"
cka_strength,test_loss,cka_feddst,cifar10,0.95,1.0,16,2.3224368994903566,0.011966972781713969,5,5,"7,13,21,42,100"
cka_strength,test_loss,cka_feddst,cifar10,0.95,1.0,17,2.3229935200500487,0.012280964539932583,5,5,"7,13,21,42,100"
cka_strength,test_loss,cka_feddst,cifar10,0.95,1.0,18,2.323421275253296,0.012510711286224056,5,5,"7,13,21,42,100"
cka_strength,test_loss,cka_feddst,cifar10,0.95,1.0,19,2.3239287580108643,0.012814383527041341,5,5,"7,13,21,42,100"
cka_strength,test_loss,cka_feddst,cifar10,0.95,1.0,20,2.32422822593689,0.012947969209272613,5,5,"7,13,21,42,100"
cka_strength,avg_train_loss,cka_feddst,cifar10,0.5,0.2,1,2.021825978146659,0.04318290932190445,5,5,"7,13,21,42,100"
cka_strength,avg_train_loss,cka_feddst,cifar10,0.5,0.2,2,1.7803761929401243,0.06187151102702829,5,5,"7,13,21,42,100"
cka_strength,avg_train_loss,cka_feddst,cifar10,0.5,0.2,3,1.7291790275149874,0.06161687713436459,5,5,"7,13,21,42,100"
cka_strength,avg_train_loss,cka_feddst,cifar10,0.5,0.2,4,1.7107548565014443,0.06150626316394396,5,5,"7,13,21,42,100"
cka_strength,avg_train_loss,cka_feddst,cifar10,0.5,0.2,5,1.6985771720982563,0.06248316667778032,5,5,"7,13,21,42,100"
cka_strength,avg_train_loss,cka_feddst,cifar10,0.5,0.2,6,1.6788883677550035,0.06386478357690219,5,5,"7,13,21,42,100"
cka_strength,avg_train_loss,cka_feddst,cifar10,0.5,0.2,7,1.67264905471296,0.06483229245052084,5,5,"7,13,21,42,100"
cka_strength,avg_train_loss,cka_feddst,cifar10,0.5,0.2,8,1.6475819981444964,0.06722873568448336,5,5,"7,13,21,42,100"
cka_strength,avg_train_loss,cka_feddst,cifar10,0.5,0.2,9,1.6250252537944099,0.06946647899979512,5,5,"7,13,21,42,100"
cka_strength,avg_train_loss,cka_feddst,cifar10,0.5,0.2,10,1.5918549701469114,0.07409733087921726,5,5,"7,13,21,42,100"
cka_strength,avg_train_loss,cka_feddst,cifar10,0.5,0.2,11,1.5813696356770968,0.07666592897182209,5,5,"7,13,21,42,100"
cka_strength,avg_train_loss,cka_feddst,cifar10,0.5,0.2,12,1.538213895516805,0.07627701987852747,5,5,"7,13,21,42,100"
cka_strength,avg_train_loss,cka_feddst,cifar10,0.5,0.2,13,1.5031565810781538,0.07171009789451865,5,5,"7,13,21,42,100"
cka_strength,avg_train_loss,cka_feddst,cifar10,0.5,0.2,14,1.468547179484849,0.0667942079517328,5,5,"7,13,21,42,100"
cka_strength,avg_train_loss,cka_feddst,cifar10,0.5,0.2,15,1.4593614964309365,0.06791619181726317,5,5,"7,13,21,42,100"
cka_strength,avg_train_loss,cka_feddst,cifar10,0.5,0.2,16,1.4219062014218533,0.06533483358207046,5,5,"7,13,21,42,100"
cka_strength,avg_train_loss,cka_feddst,cifar10,0.5,0.2,17,1.3987998469781393,0.06162769458779835,5,5,"7,13,21,42,100"
cka_strength,avg_train_loss,cka_feddst,cifar10,0.5,0.2,18,1.3762867355988484,0.06283283378543596,5,5,"7,13,21,42,100"
cka_strength,avg_train_loss,cka_feddst,cifar10,0.5,0.2,19,1.368225131135276,0.06252617374340874,5,5,"7,13,21,42,100"
cka_strength,avg_train_loss,cka_feddst,cifar10,0.5,0.2,20,1.3442653293017184,0.061863057028728755,5,5,"7,13,21,42,100"
cka_strength,avg_train_loss,cka_feddst,cifar10,0.5,0.5,1,2.021825978146659,0.04318290932190445,5,5,"7,13,21,42,100"
cka_strength,avg_train_loss,cka_feddst,cifar10,0.5,0.5,2,1.7803761929401243,0.06187151102702829,5,5,"7,13,21,42,100"
cka_strength,avg_train_loss,cka_feddst,cifar10,0.5,0.5,3,1.7291790275149874,0.06161687713436459,5,5,"7,13,21,42,100"
cka_strength,avg_train_loss,cka_feddst,cifar10,0.5,0.5,4,1.7107548565014443,0.06150626316394396,5,5,"7,13,21,42,100"
cka_strength,avg_train_loss,cka_feddst,cifar10,0.5,0.5,5,1.6985771720982563,0.06248316667778032,5,5,"7,13,21,42,100"
cka_strength,avg_train_loss,cka_feddst,cifar10,0.5,0.5,6,1.6788883677550035,0.06386478357690219,5,5,"7,13,21,42,100"
cka_strength,avg_train_loss,cka_feddst,cifar10,0.5,0.5,7,1.67264905471296,0.06483229245052084,5,5,"7,13,21,42,100"
cka_strength,avg_train_loss,cka_feddst,cifar10,0.5,0.5,8,1.6475819981444964,0.06722873568448336,5,5,"7,13,21,42,100"
cka_strength,avg_train_loss,cka_feddst,cifar10,0.5,0.5,9,1.6250252537944099,0.06946647899979512,5,5,"7,13,21,42,100"
cka_strength,avg_train_loss,cka_feddst,cifar10,0.5,0.5,10,1.5918549701469114,0.07409733087921726,5,5,"7,13,21,42,100"
cka_strength,avg_train_loss,cka_feddst,cifar10,0.5,0.5,11,1.5813696356770968,0.07666592897182209,5,5,"7,13,21,42,100"
cka_strength,avg_train_loss,cka_feddst,cifar10,0.5,0.5,12,1.538213895516805,0.07627701987852747,5,5,"7,13,21,42,100"
cka_strength,avg_train_loss,cka_feddst,cifar10,0.5,0.5,13,1.5031565810781538,0.07171009789451865,5,5,"7,13,21,42,100"
cka_strength,avg_train_loss,cka_feddst,cifar10,0.5,0.5,14,1.468547179484849,0.0667942079517328,5,5,"7,13,21,42,100"
cka_strength,avg_train_loss,cka_feddst,cifar10,0.5,0.5,15,1.4593614964309365,0.06791619181726317,5,5,"7,13,21,42,100"
cka_strength,avg_train_loss,cka_feddst,cifar10,0.5,0.5,16,1.4219062014218533,0.06533483358207046,5,5,"7,13,21,42,100"
cka_strength,avg_train_loss,cka_feddst,cifar10,0.5,0.5,17,1.3987998469781393,0.06162769458779835,5,5,"7,13,21,42,100"
cka_strength,avg_train_loss,cka_feddst,cifar10,0.5,0.5,18,1.3762867355988484,0.06283283378543596,5,5,"7,13,21,42,100"
cka_strength,avg_train_loss,cka_feddst,cifar10,0.5,0.5,19,1.368225131135276,0.06252617374340874,5,5,"7,13,21,42,100"
cka_strength,avg_train_loss,cka_feddst,cifar10,0.5,0.5,20,1.3442653293017184,0.061863057028728755,5,5,"7,13,21,42,100"
cka_strength,avg_train_loss,cka_feddst,cifar10,0.5,0.8,1,2.021825978146659,0.04318290932190445,5,5,"7,13,21,42,100"
cka_strength,avg_train_loss,cka_feddst,cifar10,0.5,0.8,2,1.7803761929401243,0.06187151102702829,5,5,"7,13,21,42,100"
cka_strength,avg_train_loss,cka_feddst,cifar10,0.5,0.8,3,1.7291790275149874,0.06161687713436459,5,5,"7,13,21,42,100"
cka_strength,avg_train_loss,cka_feddst,cifar10,0.5,0.8,4,1.7107548565014443,0.06150626316394396,5,5,"7,13,21,42,100"
cka_strength,avg_train_loss,cka_feddst,cifar10,0.5,0.8,5,1.6985771720982563,0.06248316667778032,5,5,"7,13,21,42,100"
cka_strength,avg_train_loss,cka_feddst,cifar10,0.5,0.8,6,1.6788883677550035,0.06386478357690219,5,5,"7,13,21,42,100"
cka_strength,avg_train_loss,cka_feddst,cifar10,0.5,0.8,7,1.67264905471296,0.06483229245052084,5,5,"7,13,21,42,100"
cka_strength,avg_train_loss,cka_feddst,cifar10,0.5,0.8,8,1.6475819981444964,0.06722873568448336,5,5,"7,13,21,42,100"
cka_strength,avg_train_loss,cka_feddst,cifar10,0.5,0.8,9,1.6250252537944099,0.06946647899979512,5,5,"7,13,21,42,100"
cka_strength,avg_train_loss,cka_feddst,cifar10,0.5,0.8,10,1.5918549701469114,0.07409733087921726,5,5,"7,13,21,42,100"
cka_strength,avg_train_loss,cka_feddst,cifar10,0.5,0.8,11,1.5813696356770968,0.07666592897182209,5,5,"7,13,21,42,100"
cka_strength,avg_train_loss,cka_feddst,cifar10,0.5,0.8,12,1.538213895516805,0.07627701987852747,5,5,"7,13,21,42,100"
cka_strength,avg_train_loss,cka_feddst,cifar10,0.5,0.8,13,1.5031565810781538,0.07171009789451865,5,5,"7,13,21,42,100"
cka_strength,avg_train_loss,cka_feddst,cifar10,0.5,0.8,14,1.468547179484849,0.0667942079517328,5,5,"7,13,21,42,100"
cka_strength,avg_train_loss,cka_feddst,cifar10,0.5,0.8,15,1.4593614964309365,0.06791619181726317,5,5,"7,13,21,42,100"
cka_strength,avg_train_loss,cka_feddst,cifar10,0.5,0.8,16,1.4219062014218533,0.06533483358207046,5,5,"7,13,21,42,100"
cka_strength,avg_train_loss,cka_feddst,cifar10,0.5,0.8,17,1.3987998469781393,0.06162769458779835,5,5,"7,13,21,42,100"
cka_strength,avg_train_loss,cka_feddst,cifar10,0.5,0.8,18,1.3762867355988484,0.06283283378543596,5,5,"7,13,21,42,100"
cka_strength,avg_train_loss,cka_feddst,cifar10,0.5,0.8,19,1.368225131135276,0.06252617374340874,5,5,"7,13,21,42,100"
cka_strength,avg_train_loss,cka_feddst,cifar10,0.5,0.8,20,1.3442653293017184,0.061863057028728755,5,5,"7,13,21,42,100"
cka_strength,avg_train_loss,cka_feddst,cifar10,0.5,0.9,1,2.021825978146659,0.04318290932190445,5,5,"7,13,21,42,100"
cka_strength,avg_train_loss,cka_feddst,cifar10,0.5,0.9,2,1.7803761929401243,0.06187151102702829,5,5,"7,13,21,42,100"
cka_strength,avg_train_loss,cka_feddst,cifar10,0.5,0.9,3,1.7291790275149874,0.06161687713436459,5,5,"7,13,21,42,100"
cka_strength,avg_train_loss,cka_feddst,cifar10,0.5,0.9,4,1.7107548565014443,0.06150626316394396,5,5,"7,13,21,42,100"
cka_strength,avg_train_loss,cka_feddst,cifar10,0.5,0.9,5,1.6985771720982563,0.06248316667778032,5,5,"7,13,21,42,100"
cka_strength,avg_train_loss,cka_feddst,cifar10,0.5,0.9,6,1.6788883677550035,0.06386478357690219,5,5,"7,13,21,42,100"
cka_strength,avg_train_loss,cka_feddst,cifar10,0.5,0.9,7,1.67264905471296,0.06483229245052084,5,5,"7,13,21,42,100"
cka_strength,avg_train_loss,cka_feddst,cifar10,0.5,0.9,8,1.6475819981444964,0.06722873568448336,5,5,"7,13,21,42,100"
cka_strength,avg_train_loss,cka_feddst,cifar10,0.5,0.9,9,1.6250252537944099,0.06946647899979512,5,5,"7,13,21,42,100"
cka_strength,avg_train_loss,cka_feddst,cifar10,0.5,0.9,10,1.5918549701469114,0.07409733087921726,5,5,"7,13,21,42,100"
cka_strength,avg_train_loss,cka_feddst,cifar10,0.5,0.9,11,1.5813696356770968,0.07666592897182209,5,5,"7,13,21,42,100"
cka_strength,avg_train_loss,cka_feddst,cifar10,0.5,0.9,12,1.538213895516805,0.07627701987852747,5,5,"7,13,21,42,100"
cka_strength,avg_train_loss,cka_feddst,cifar10,0.5,0.9,13,1.5031565810781538,0.07171009789451865,5,5,"7,13,21,42,100"
cka_strength,avg_train_loss,cka_feddst,cifar10,0.5,0.9,14,1.468547179484849,0.0667942079517328,5,5,"7,13,21,42,100"
cka_strength,avg_train_loss,cka_feddst,cifar10,0.5,0.9,15,1.4593614964309365,0.06791619181726317,5,5,"7,13,21,42,100"
cka_strength,avg_train_loss,cka_feddst,cifar10,0.5,0.9,16,1.4219062014218533,0.06533483358207046,5,5,"7,13,21,42,100"
cka_strength,avg_train_loss,cka_feddst,cifar10,0.5,0.9,17,1.3987998469781393,0.06162769458779835,5,5,"7,13,21,42,100"
cka_strength,avg_train_loss,cka_feddst,cifar10,0.5,0.9,18,1.3762867355988484,0.06283283378543596,5,5,"7,13,21,42,100"
cka_strength,avg_train_loss,cka_feddst,cifar10,0.5,0.9,19,1.368225131135276,0.06252617374340874,5,5,"7,13,21,42,100"
cka_strength,avg_train_loss,cka_feddst,cifar10,0.5,0.9,20,1.3442653293017184,0.061863057028728755,5,5,"7,13,21,42,100"
cka_strength,avg_train_loss,cka_feddst,cifar10,0.5,1.0,1,2.021825978146659,0.04318290932190445,5,5,"7,13,21,42,100"
cka_strength,avg_train_loss,cka_feddst,cifar10,0.5,1.0,2,1.7803761929401243,0.06187151102702829,5,5,"7,13,21,42,100"
cka_strength,avg_train_loss,cka_feddst,cifar10,0.5,1.0,3,1.7291790275149874,0.06161687713436459,5,5,"7,13,21,42,100"
cka_strength,avg_train_loss,cka_feddst,cifar10,0.5,1.0,4,1.7107548565014443,0.06150626316394396,5,5,"7,13,21,42,100"
cka_strength,avg_train_loss,cka_feddst,cifar10,0.5,1.0,5,1.6985771720982563,0.06248316667778032,5,5,"7,13,21,42,100"
cka_strength,avg_train_loss,cka_feddst,cifar10,0.5,1.0,6,1.6788883677550035,0.06386478357690219,5,5,"7,13,21,42,100"
cka_strength,avg_train_loss,cka_feddst,cifar10,0.5,1.0,7,1.67264905471296,0.06483229245052084,5,5,"7,13,21,42,100"
cka_strength,avg_train_loss,cka_feddst,cifar10,0.5,1.0,8,1.6475819981444964,0.06722873568448336,5,5,"7,13,21,42,100"
cka_strength,avg_train_loss,cka_feddst,cifar10,0.5,1.0,9,1.6250252537944099,0.06946647899979512,5,5,"7,13,21,42,100"
cka_strength,avg_train_loss,cka_feddst,cifar10,0.5,1.0,10,1.5918549701469114,0.07409733087921726,5,5,"7,13,21,42,100"
cka_strength,avg_train_loss,cka_feddst,cifar10,0.5,1.0,11,1.5813696356770968,0.07666592897182209,5,5,"7,13,21,42,100"
cka_strength,avg_train_loss,cka_feddst,cifar10,0.5,1.0,12,1.538213895516805,0.07627701987852747,5,5,"7,13,21,42,100"
cka_strength,avg_train_loss,cka_feddst,cifar10,0.5,1.0,13,1.5031565810781538,0.07171009789451865,5,5,"7,13,21,42,100"
cka_strength,avg_train_loss,cka_feddst,cifar10,0.5,1.0,14,1.468547179484849,0.0667942079517328,5,5,"7,13,21,42,100"
cka_strength,avg_train_loss,cka_feddst,cifar10,0.5,1.0,15,1.4593614964309365,0.06791619181726317,5,5,"7,13,21,42,100"
cka_strength,avg_train_loss,cka_feddst,cifar10,0.5,1.0,16,1.4219062014218533,0.06533483358207046,5,5,"7,13,21,42,100"
cka_strength,avg_train_loss,cka_feddst,cifar10,0.5,1.0,17,1.3987998469781393,0.06162769458779835,5,5,"7,13,21,42,100"
cka_strength,avg_train_loss,cka_feddst,cifar10,0.5,1.0,18,1.3762867355988484,0.06283283378543596,5,5,"7,13,21,42,100"
cka_strength,avg_train_loss,cka_feddst,cifar10,0.5,1.0,19,1.368225131135276,0.06252617374340874,5,5,"7,13,21,42,100"
cka_strength,avg_train_loss,cka_feddst,cifar10,0.5,1.0,20,1.3442653293017184,0.061863057028728755,5,5,"7,13,21,42,100"
cka_strength,avg_train_loss,cka_feddst,cifar10,0.7,0.2,1,2.202758671332851,0.013676883084343797,5,5,"7,13,21,42,100"
cka_strength,avg_train_loss,cka_feddst,cifar10,0.7,0.2,2,2.1464633604849226,0.033669142383228025,5,5,"7,13,21,42,100"
cka_strength,avg_train_loss,cka_feddst,cifar10,0.7,0.2,3,1.8632617053600273,0.07830924466547512,5,5,"7,13,21,42,100"
cka_strength,avg_train_loss,cka_feddst,cifar10,0.7,0.2,4,1.747302794255632,0.06186684650009476,5,5,"7,13,21,42,100"
cka_strength,avg_train_loss,cka_feddst,cifar10,0.7,0.2,5,1.7525156930834356,0.06420398499590708,5,5,"7,13,21,42,100"
cka_strength,avg_train_loss,cka_feddst,cifar10,0.7,0.2,6,1.7156235697753501,0.06184699867162483,5,5,"7,13,21,42,100"
cka_strength,avg_train_loss,cka_feddst,cifar10,0.7,0.2,7,1.7062578903684713,0.06163748463410327,5,5,"7,13,21,42,100"
cka_strength,avg_train_loss,cka_feddst,cifar10,0.7,0.2,8,1.6942338613560708,0.0623496604837469,5,5,"7,13,21,42,100"
cka_strength,avg_train_loss,cka_feddst,cifar10,0.7,0.2,9,1.687184412558392,0.06205710130960487,5,5,"7,13,21,42,100"
cka_strength,avg_train_loss,cka_feddst,cifar10,0.7,0.2,10,1.6742357043779257,0.06269758548034227,5,5,"7,13,21,42,100"
cka_strength,avg_train_loss,cka_feddst,cifar10,0.7,0.2,11,1.6725547148892375,0.06168354827824881,5,5,"7,13,21,42,100"
cka_strength,avg_train_loss,cka_feddst,cifar10,0.7,0.2,12,1.6562640436487968,0.06409781775918807,5,5,"7,13,21,42,100"
cka_strength,avg_train_loss,cka_feddst,cifar10,0.7,0.2,13,1.6480545971155167,0.06331441405251557,5,5,"7,13,21,42,100"
cka_strength,avg_train_loss,cka_feddst,cifar10,0.7,0.2,14,1.6328500128119885,0.06645031386390259,5,5,"7,13,21,42,100"
cka_strength,avg_train_loss,cka_feddst,cifar10,0.7,0.2,15,1.6292775161514377,0.06987046616783334,5,5,"7,13,21,42,100"
cka_strength,avg_train_loss,cka_feddst,cifar10,0.7,0.2,16,1.6043219076048245,0.07603902039375673,5,5,"7,13,21,42,100"
cka_strength,avg_train_loss,cka_feddst,cifar10,0.7,0.2,17,1.5897068631846494,0.07745318117860452,5,5,"7,13,21,42,100"
cka_strength,avg_train_loss,cka_feddst,cifar10,0.7,0.2,18,1.565201460629521,0.07967415091191836,5,5,"7,13,21,42,100"
cka_strength,avg_train_loss,cka_feddst,cifar10,0.7,0.2,19,1.5593779876111733,0.07443552348907465,5,5,"7,13,21,42,100"
cka_strength,avg_train_loss,cka_feddst,cifar10,0.7,0.2,20,1.5316632402846306,0.06874193005470915,5,5,"7,13,21,42,100"
cka_strength,avg_train_loss,cka_feddst,cifar10,0.7,0.5,1,2.202758671332851,0.013676883084343797,5,5,"7,13,21,42,100"
cka_strength,avg_train_loss,cka_feddst,cifar10,0.7,0.5,2,2.1464633604849226,0.033669142383228025,5,5,"7,13,21,42,100"
cka_strength,avg_train_loss,cka_feddst,cifar10,0.7,0.5,3,1.8633404680102763,0.07836713521260108,5,5,"7,13,21,42,100"
cka_strength,avg_train_loss,cka_feddst,cifar10,0.7,0.5,4,1.7473359605189525,0.061896718406641495,5,5,"7,13,21,42,100"
cka_strength,avg_train_loss,cka_feddst,cifar10,0.7,0.5,5,1.7526610521501964,0.0642555888917061,5,5,"7,13,21,42,100"
cka_strength,avg_train_loss,cka_feddst,cifar10,0.7,0.5,6,1.7156554798270716,0.06187925954177459,5,5,"7,13,21,42,100"
cka_strength,avg_train_loss,cka_feddst,cifar10,0.7,0.5,7,1.7062393241434386,0.061599997238972096,5,5,"7,13,21,42,100"
cka_strength,avg_train_loss,cka_feddst,cifar10,0.7,0.5,8,1.6943146565524014,0.062366033917770854,5,5,"7,13,21,42,100"
cka_strength,avg_train_loss,cka_feddst,cifar10,0.7,0.5,9,1.6871512029594846,0.062095260285673574,5,5,"7,13,21,42,100"
cka_strength,avg_train_loss,cka_feddst,cifar10,0.7,0.5,10,1.6741650139040416,0.06279619094192468,5,5,"7,13,21,42,100"
cka_strength,avg_train_loss,cka_feddst,cifar10,0.7,0.5,11,1.6724675262475255,0.06176983217644065,5,5,"7,13,21,42,100"
cka_strength,avg_train_loss,cka_feddst,cifar10,0.7,0.5,12,1.6561819901596415,0.06418321995314458,5,5,"7,13,21,42,100"
cka_strength,avg_train_loss,cka_feddst,cifar10,0.7,0.5,13,1.6477202054731772,0.06373093557021298,5,5,"7,13,21,42,100"
cka_strength,avg_train_loss,cka_feddst,cifar10,0.7,0.5,14,1.6321218613887072,0.06733735938235186,5,5,"7,13,21,42,100"
cka_strength,avg_train_loss,cka_feddst,cifar10,0.7,0.5,15,1.628452409799412,0.07030386503718412,5,5,"7,13,21,42,100"
cka_strength,avg_train_loss,cka_feddst,cifar10,0.7,0.5,16,1.6034664346557672,0.0758256938261703,5,5,"7,13,21,42,100"
cka_strength,avg_train_loss,cka_feddst,cifar10,0.7,0.5,17,1.5889491031928498,0.07624243420329721,5,5,"7,13,21,42,100"
cka_strength,avg_train_loss,cka_feddst,cifar10,0.7,0.5,18,1.564639476339504,0.07788859038623167,5,5,"7,13,21,42,100"
cka_strength,avg_train_loss,cka_feddst,cifar10,0.7,0.5,19,1.5590168060013743,0.07329983805127871,5,5,"7,13,21,42,100"
cka_strength,avg_train_loss,cka_feddst,cifar10,0.7,0.5,20,1.5314223185091307,0.0679959854727363,5,5,"7,13,21,42,100"
cka_strength,avg_train_loss,cka_feddst,cifar10,0.7,0.8,1,2.202758671332851,0.013676883084343797,5,5,"7,13,21,42,100"
cka_strength,avg_train_loss,cka_feddst,cifar10,0.7,0.8,2,2.1464633604849226,0.033669142383228025,5,5,"7,13,21,42,100"
cka_strength,avg_train_loss,cka_feddst,cifar10,0.7,0.8,3,1.8634131006091532,0.07842118650312312,5,5,"7,13,21,42,100"
cka_strength,avg_train_loss,cka_feddst,cifar10,0.7,0.8,4,1.7473720469046121,0.06190012302157124,5,5,"7,13,21,42,100"
cka_strength,avg_train_loss,cka_feddst,cifar10,0.7,0.8,5,1.7528293300151827,0.06419732258536362,5,5,"7,13,21,42,100"
cka_strength,avg_train_loss,cka_feddst,cifar10,0.7,0.8,6,1.7156695500226935,0.061939886949853466,5,5,"7,13,21,42,100"
cka_strength,avg_train_loss,cka_feddst,cifar10,0.7,0.8,7,1.7060432305885083,0.06160867273325202,5,5,"7,13,21,42,100"
cka_strength,avg_train_loss,cka_feddst,cifar10,0.7,0.8,8,1.694190050225065,0.06246803905443529,5,5,"7,13,21,42,100"
cka_strength,avg_train_loss,cka_feddst,cifar10,0.7,0.8,9,1.6870925805621677,0.062233907467784316,5,5,"7,13,21,42,100"
cka_strength,avg_train_loss,cka_feddst,cifar10,0.7,0.8,10,1.6741379965129526,0.0630001394044624,5,5,"7,13,21,42,100"
cka_strength,avg_train_loss,cka_feddst,cifar10,0.7,0.8,11,1.67225731384706,0.062144265199915144,5,5,"7,13,21,42,100"
cka_strength,avg_train_loss,cka_feddst,cifar10,0.7,0.8,12,1.656130124719456,0.0646249805309366,5,5,"7,13,21,42,100"
cka_strength,avg_train_loss,cka_feddst,cifar10,0.7,0.8,13,1.6475361018570986,0.06443665695088661,5,5,"7,13,21,42,100"
cka_strength,avg_train_loss,cka_feddst,cifar10,0.7,0.8,14,1.6311818102665618,0.06870848337982535,5,5,"7,13,21,42,100"
cka_strength,avg_train_loss,cka_feddst,cifar10,0.7,0.8,15,1.6270179885929281,0.07197953790445062,5,5,"7,13,21,42,100"
cka_strength,avg_train_loss,cka_feddst,cifar10,0.7,0.8,16,1.6014546107790686,0.07730258404823437,5,5,"7,13,21,42,100"
cka_strength,avg_train_loss,cka_feddst,cifar10,0.7,0.8,17,1.586251879379966,0.07820879869208631,5,5,"7,13,21,42,100"
cka_strength,avg_train_loss,cka_feddst,cifar10,0.7,0.8,18,1.561835819529644,0.07909302838119138,5,5,"7,13,21,42,100"
cka_strength,avg_train_loss,cka_feddst,cifar10,0.7,0.8,19,1.5574908016929723,0.07350241778645039,5,5,"7,13,21,42,100"
cka_strength,avg_train_loss,cka_feddst,cifar10,0.7,0.8,20,1.5302028418632467,0.06782167619507525,5,5,"7,13,21,42,100"
cka_strength,avg_train_loss,cka_feddst,cifar10,0.7,0.9,1,2.202758671332851,0.013676883084343797,5,5,"7,13,21,42,100"
cka_strength,avg_train_loss,cka_feddst,cifar10,0.7,0.9,2,2.1464633604849226,0.033669142383228025,5,5,"7,13,21,42,100"
cka_strength,avg_train_loss,cka_feddst,cifar10,0.7,0.9,3,1.86343787625727,0.0784478772099054,5,5,"7,13,21,42,100"
cka_strength,avg_train_loss,cka_feddst,cifar10,0.7,0.9,4,1.7473694066905012,0.06190752473026092,5,5,"7,13,21,42,100"
cka_strength,avg_train_loss,cka_feddst,cifar10,0.7,0.9,5,1.7528841136243607,0.06415665764496352,5,5,"7,13,21,42,100"
cka_strength,avg_train_loss,cka_feddst,cifar10,0.7,0.9,6,1.7156406808260716,0.06192290456771267,5,5,"7,13,21,42,100"
cka_strength,avg_train_loss,cka_feddst,cifar10,0.7,0.9,7,1.7060052342752012,0.06163977252502713,5,5,"7,13,21,42,100"
cka_strength,avg_train_loss,cka_feddst,cifar10,0.7,0.9,8,1.6941259244205977,0.062463212821716095,5,5,"7,13,21,42,100"
cka_strength,avg_train_loss,cka_feddst,cifar10,0.7,0.9,9,1.68700252940149,0.06215169860462866,5,5,"7,13,21,42,100"
cka_strength,avg_train_loss,cka_feddst,cifar10,0.7,0.9,10,1.6740999592855723,0.06291675744940833,5,5,"7,13,21,42,100"
cka_strength,avg_train_loss,cka_feddst,cifar10,0.7,0.9,11,1.6721546285595554,0.0618642049127625,5,5,"7,13,21,42,100"
cka_strength,avg_train_loss,cka_feddst,cifar10,0.7,0.9,12,1.6561222261790072,0.06445162313927263,5,5,"7,13,21,42,100"
cka_strength,avg_train_loss,cka_feddst,cifar10,0.7,0.9,13,1.6474354197025298,0.06417605807491088,5,5,"7,13,21,42,100"
cka_strength,avg_train_loss,cka_feddst,cifar10,0.7,0.9,14,1.6311355656912834,0.0683027060124512,5,5,"7,13,21,42,100"
cka_strength,avg_train_loss,cka_feddst,cifar10,0.7,0.9,15,1.6271263928504904,0.07106912023024409,5,5,"7,13,21,42,100"
cka_strength,avg_train_loss,cka_feddst,cifar10,0.7,0.9,16,1.6017826702358746,0.07593210554161088,5,5,"7,13,21,42,100"
cka_strength,avg_train_loss,cka_feddst,cifar10,0.7,0.9,17,1.5862857201056046,0.07600038555884624,5,5,"7,13,21,42,100"
cka_strength,avg_train_loss,cka_feddst,cifar10,0.7,0.9,18,1.5616133157293002,0.07714756237290477,5,5,"7,13,21,42,100"
cka_strength,avg_train_loss,cka_feddst,cifar10,0.7,0.9,19,1.5572279808167255,0.07266300932607234,5,5,"7,13,21,42,100"
cka_strength,avg_train_loss,cka_feddst,cifar10,0.7,0.9,20,1.5294999980240156,0.06713968804289948,5,5,"7,13,21,42,100"
cka_strength,avg_train_loss,cka_feddst,cifar10,0.7,1.0,1,2.202758671332851,0.013676883084343797,5,5,"7,13,21,42,100"
cka_strength,avg_train_loss,cka_feddst,cifar10,0.7,1.0,2,2.1464633604849226,0.033669142383228025,5,5,"7,13,21,42,100"
cka_strength,avg_train_loss,cka_feddst,cifar10,0.7,1.0,3,1.8634695736865805,0.07847618147926706,5,5,"7,13,21,42,100"
cka_strength,avg_train_loss,cka_feddst,cifar10,0.7,1.0,4,1.7473780106188073,0.06193163795597615,5,5,"7,13,21,42,100"
cka_strength,avg_train_loss,cka_feddst,cifar10,0.7,1.0,5,1.752883552140419,0.06435730554427824,5,5,"7,13,21,42,100"
cka_strength,avg_train_loss,cka_feddst,cifar10,0.7,1.0,6,1.7156579266630039,0.062018081846844084,5,5,"7,13,21,42,100"
cka_strength,avg_train_loss,cka_feddst,cifar10,0.7,1.0,7,1.7059807699656244,0.061663986743046316,5,5,"7,13,21,42,100"
cka_strength,avg_train_loss,cka_feddst,cifar10,0.7,1.0,8,1.6941412558562827,0.062493979937084596,5,5,"7,13,21,42,100"
cka_strength,avg_train_loss,cka_feddst,cifar10,0.7,1.0,9,1.6869897606363202,0.06228705805468446,5,5,"7,13,21,42,100"
cka_strength,avg_train_loss,cka_feddst,cifar10,0.7,1.0,10,1.6740758899394912,0.06300344265635711,5,5,"7,13,21,42,100"
cka_strength,avg_train_loss,cka_feddst,cifar10,0.7,1.0,11,1.6720475157858146,0.06200533029254014,5,5,"7,13,21,42,100"
cka_strength,avg_train_loss,cka_feddst,cifar10,0.7,1.0,12,1.6559905118932625,0.06458980388917639,5,5,"7,13,21,42,100"
cka_strength,avg_train_loss,cka_feddst,cifar10,0.7,1.0,13,1.6472684882318132,0.06447556126719087,5,5,"7,13,21,42,100"
cka_strength,avg_train_loss,cka_feddst,cifar10,0.7,1.0,14,1.6308999756326579,0.06905768904024956,5,5,"7,13,21,42,100"
cka_strength,avg_train_loss,cka_feddst,cifar10,0.7,1.0,15,1.626901885588482,0.0719328772118696,5,5,"7,13,21,42,100"
cka_strength,avg_train_loss,cka_feddst,cifar10,0.7,1.0,16,1.6014838206934208,0.07689253883234802,5,5,"7,13,21,42,100"
cka_strength,avg_train_loss,cka_feddst,cifar10,0.7,1.0,17,1.586196831541832,0.07726582730442855,5,5,"7,13,21,42,100"
cka_strength,avg_train_loss,cka_feddst,cifar10,0.7,1.0,18,1.5613518534024555,0.0782512367946904,5,5,"7,13,21,42,100"
cka_strength,avg_train_loss,cka_feddst,cifar10,0.7,1.0,19,1.5561151892334524,0.07327024288894057,5,5,"7,13,21,42,100"
cka_strength,avg_train_loss,cka_feddst,cifar10,0.7,1.0,20,1.5288845053720954,0.06758626014185207,5,5,"7,13,21,42,100"
cka_strength,avg_train_loss,cka_feddst,cifar10,0.8,0.2,1,2.2148018662110722,0.011773991816789163,5,5,"7,13,21,42,100"
cka_strength,avg_train_loss,cka_feddst,cifar10,0.8,0.2,2,2.214924745051066,0.011473773587662424,5,5,"7,13,21,42,100"
cka_strength,avg_train_loss,cka_feddst,cifar10,0.8,0.2,3,2.19926135726553,0.01096416373274624,5,5,"7,13,21,42,100"
cka_strength,avg_train_loss,cka_feddst,cifar10,0.8,0.2,4,2.06864825865235,0.07727059906430848,5,5,"7,13,21,42,100"
cka_strength,avg_train_loss,cka_feddst,cifar10,0.8,0.2,5,1.933538479925406,0.15534791399398584,5,5,"7,13,21,42,100"
cka_strength,avg_train_loss,cka_feddst,cifar10,0.8,0.2,6,1.8065371545406304,0.1436743429290631,5,5,"7,13,21,42,100"
cka_strength,avg_train_loss,cka_feddst,cifar10,0.8,0.2,7,1.7476900183422397,0.07620392088492048,5,5,"7,13,21,42,100"
cka_strength,avg_train_loss,cka_feddst,cifar10,0.8,0.2,8,1.7174044634676942,0.06230471195193514,5,5,"7,13,21,42,100"
cka_strength,avg_train_loss,cka_feddst,cifar10,0.8,0.2,9,1.7078975196385624,0.06131305593132675,5,5,"7,13,21,42,100"
cka_strength,avg_train_loss,cka_feddst,cifar10,0.8,0.2,10,1.6941250152219425,0.06207049417427203,5,5,"7,13,21,42,100"
cka_strength,avg_train_loss,cka_feddst,cifar10,0.8,0.2,11,1.6890748314575716,0.06275605264461638,5,5,"7,13,21,42,100"
cka_strength,avg_train_loss,cka_feddst,cifar10,0.8,0.2,12,1.6765537323181074,0.06450311599963465,5,5,"7,13,21,42,100"
cka_strength,avg_train_loss,cka_feddst,cifar10,0.8,0.2,13,1.6709873531731692,0.06279320754520026,5,5,"7,13,21,42,100"
cka_strength,avg_train_loss,cka_feddst,cifar10,0.8,0.2,14,1.6598444137936892,0.06334886695899404,5,5,"7,13,21,42,100"
cka_strength,avg_train_loss,cka_feddst,cifar10,0.8,0.2,15,1.656317191383092,0.06579998679129082,5,5,"7,13,21,42,100"
cka_strength,avg_train_loss,cka_feddst,cifar10,0.8,0.2,16,1.6431360796735746,0.06608418145939964,5,5,"7,13,21,42,100"
cka_strength,avg_train_loss,cka_feddst,cifar10,0.8,0.2,17,1.6387449122149533,0.0664949853857729,5,5,"7,13,21,42,100"
cka_strength,avg_train_loss,cka_feddst,cifar10,0.8,0.2,18,1.6271728601323232,0.06822948900610201,5,5,"7,13,21,42,100"
cka_strength,avg_train_loss,cka_feddst,cifar10,0.8,0.2,19,1.6253700833397684,0.06885168064409815,5,5,"7,13,21,42,100"
cka_strength,avg_train_loss,cka_feddst,cifar10,0.8,0.2,20,1.6123324663008103,0.06852351592524039,5,5,"7,13,21,42,100"
cka_strength,avg_train_loss,cka_feddst,cifar10,0.8,0.5,1,2.2148018662110722,0.011773991816789163,5,5,"7,13,21,42,100"
cka_strength,avg_train_loss,cka_feddst,cifar10,0.8,0.5,2,2.214924745051066,0.011473773587662424,5,5,"7,13,21,42,100"
cka_strength,avg_train_loss,cka_feddst,cifar10,0.8,0.5,3,2.1993320206025637,0.010938489757564956,5,5,"7,13,21,42,100"
cka_strength,avg_train_loss,cka_feddst,cifar10,0.8,0.5,4,2.0692771481205723,0.07712152074746188,5,5,"7,13,21,42,100"
cka_strength,avg_train_loss,cka_feddst,cifar10,0.8,0.5,5,1.9336403883630582,0.1547358905799384,5,5,"7,13,21,42,100"
cka_strength,avg_train_loss,cka_feddst,cifar10,0.8,0.5,6,1.8040286602853524,0.13846804388056688,5,5,"7,13,21,42,100"
cka_strength,avg_train_loss,cka_feddst,cifar10,0.8,0.5,7,1.7461553399476137,0.07409930375913168,5,5,"7,13,21,42,100"
cka_strength,avg_train_loss,cka_feddst,cifar10,0.8,0.5,8,1.7171136670208942,0.06217546060704611,5,5,"7,13,21,42,100"
cka_strength,avg_train_loss,cka_feddst,cifar10,0.8,0.5,9,1.7075995938729758,0.06133856392511553,5,5,"7,13,21,42,100"
cka_strength,avg_train_loss,cka_feddst,cifar10,0.8,0.5,10,1.6939039055145149,0.062150680228800895,5,5,"7,13,21,42,100"
cka_strength,avg_train_loss,cka_feddst,cifar10,0.8,0.5,11,1.6887328094036893,0.06291508618576913,5,5,"7,13,21,42,100"
cka_strength,avg_train_loss,cka_feddst,cifar10,0.8,0.5,12,1.6761748871379427,0.06458415025274292,5,5,"7,13,21,42,100"
cka_strength,avg_train_loss,cka_feddst,cifar10,0.8,0.5,13,1.6707066033556004,0.06289153266272712,5,5,"7,13,21,42,100"
cka_strength,avg_train_loss,cka_feddst,cifar10,0.8,0.5,14,1.6595532797341392,0.06351380152979125,5,5,"7,13,21,42,100"
cka_strength,avg_train_loss,cka_feddst,cifar10,0.8,0.5,15,1.6560708589857274,0.06581913789112985,5,5,"7,13,21,42,100"
cka_strength,avg_train_loss,cka_feddst,cifar10,0.8,0.5,16,1.6428128540713378,0.06609421770259394,5,5,"7,13,21,42,100"
cka_strength,avg_train_loss,cka_feddst,cifar10,0.8,0.5,17,1.6384832342653564,0.06625218454913763,5,5,"7,13,21,42,100"
cka_strength,avg_train_loss,cka_feddst,cifar10,0.8,0.5,18,1.627337108446131,0.06779423658221889,5,5,"7,13,21,42,100"
cka_strength,avg_train_loss,cka_feddst,cifar10,0.8,0.5,19,1.6253710268242192,0.06857806105602376,5,5,"7,13,21,42,100"
cka_strength,avg_train_loss,cka_feddst,cifar10,0.8,0.5,20,1.6120907300628797,0.0680410371859818,5,5,"7,13,21,42,100"
cka_strength,avg_train_loss,cka_feddst,cifar10,0.8,0.8,1,2.2148018662110722,0.011773991816789163,5,5,"7,13,21,42,100"
cka_strength,avg_train_loss,cka_feddst,cifar10,0.8,0.8,2,2.214924745051066,0.011473773587662424,5,5,"7,13,21,42,100"
cka_strength,avg_train_loss,cka_feddst,cifar10,0.8,0.8,3,2.1993870899932553,0.01091980349026115,5,5,"7,13,21,42,100"
cka_strength,avg_train_loss,cka_feddst,cifar10,0.8,0.8,4,2.0696968570299825,0.07705040140531737,5,5,"7,13,21,42,100"
cka_strength,avg_train_loss,cka_feddst,cifar10,0.8,0.8,5,1.9336829592386882,0.15414975257130895,5,5,"7,13,21,42,100"
cka_strength,avg_train_loss,cka_feddst,cifar10,0.8,0.8,6,1.8017110677165213,0.1336009232739025,5,5,"7,13,21,42,100"
cka_strength,avg_train_loss,cka_feddst,cifar10,0.8,0.8,7,1.7455194021335756,0.07332959601891514,5,5,"7,13,21,42,100"
cka_strength,avg_train_loss,cka_feddst,cifar10,0.8,0.8,8,1.7169212239657987,0.062216054221267955,5,5,"7,13,21,42,100"
cka_strength,avg_train_loss,cka_feddst,cifar10,0.8,0.8,9,1.7072119585533336,0.06109249213079908,5,5,"7,13,21,42,100"
cka_strength,avg_train_loss,cka_feddst,cifar10,0.8,0.8,10,1.693616673979133,0.06199913616209299,5,5,"7,13,21,42,100"
cka_strength,avg_train_loss,cka_feddst,cifar10,0.8,0.8,11,1.6885304206641034,0.06295312820241819,5,5,"7,13,21,42,100"
cka_strength,avg_train_loss,cka_feddst,cifar10,0.8,0.8,12,1.67586770124604,0.06461743255319832,5,5,"7,13,21,42,100"
cka_strength,avg_train_loss,cka_feddst,cifar10,0.8,0.8,13,1.6702615733411577,0.0626327222125014,5,5,"7,13,21,42,100"
cka_strength,avg_train_loss,cka_feddst,cifar10,0.8,0.8,14,1.659055578082258,0.06329322773624024,5,5,"7,13,21,42,100"
cka_strength,avg_train_loss,cka_feddst,cifar10,0.8,0.8,15,1.6553697200122506,0.06559709361566436,5,5,"7,13,21,42,100"
cka_strength,avg_train_loss,cka_feddst,cifar10,0.8,0.8,16,1.6422469731244174,0.0656310366815925,5,5,"7,13,21,42,100"
cka_strength,avg_train_loss,cka_feddst,cifar10,0.8,0.8,17,1.6378861703468093,0.06580896633547324,5,5,"7,13,21,42,100"
cka_strength,avg_train_loss,cka_feddst,cifar10,0.8,0.8,18,1.6266082876872534,0.06757958964748484,5,5,"7,13,21,42,100"
cka_strength,avg_train_loss,cka_feddst,cifar10,0.8,0.8,19,1.6249941137147672,0.0682379445399398,5,5,"7,13,21,42,100"
cka_strength,avg_train_loss,cka_feddst,cifar10,0.8,0.8,20,1.611430522679801,0.06760981163463332,5,5,"7,13,21,42,100"
cka_strength,avg_train_loss,cka_feddst,cifar10,0.8,0.9,1,2.2148018662110722,0.011773991816789163,5,5,"7,13,21,42,100"
cka_strength,avg_train_loss,cka_feddst,cifar10,0.8,0.9,2,2.214924745051066,0.011473773587662424,5,5,"7,13,21,42,100"
cka_strength,avg_train_loss,cka_feddst,cifar10,0.8,0.9,3,2.199410756510436,0.010907177726039398,5,5,"7,13,21,42,100"
cka_strength,avg_train_loss,cka_feddst,cifar10,0.8,0.9,4,2.0698884890532256,0.07697367322102455,5,5,"7,13,21,42,100"
cka_strength,avg_train_loss,cka_feddst,cifar10,0.8,0.9,5,1.9337306163060546,0.15414859278299914,5,5,"7,13,21,42,100"
cka_strength,avg_train_loss,cka_feddst,cifar10,0.8,0.9,6,1.8014688114710526,0.133072064356654,5,5,"7,13,21,42,100"
cka_strength,avg_train_loss,cka_feddst,cifar10,0.8,0.9,7,1.745260614600808,0.07301500316100248,5,5,"7,13,21,42,100"
cka_strength,avg_train_loss,cka_feddst,cifar10,0.8,0.9,8,1.7168829456310077,0.06216780060694045,5,5,"7,13,21,42,100"
cka_strength,avg_train_loss,cka_feddst,cifar10,0.8,0.9,9,1.7071756516524037,0.06117952401788748,5,5,"7,13,21,42,100"
cka_strength,avg_train_loss,cka_feddst,cifar10,0.8,0.9,10,1.693568684136506,0.0620873392496087,5,5,"7,13,21,42,100"
cka_strength,avg_train_loss,cka_feddst,cifar10,0.8,0.9,11,1.6885426774487349,0.06306603579219693,5,5,"7,13,21,42,100"
cka_strength,avg_train_loss,cka_feddst,cifar10,0.8,0.9,12,1.6757500186000207,0.06467195648355781,5,5,"7,13,21,42,100"
cka_strength,avg_train_loss,cka_feddst,cifar10,0.8,0.9,13,1.6701466288181266,0.06274911403974323,5,5,"7,13,21,42,100"
cka_strength,avg_train_loss,cka_feddst,cifar10,0.8,0.9,14,1.658899908286875,0.06343949156226221,5,5,"7,13,21,42,100"
cka_strength,avg_train_loss,cka_feddst,cifar10,0.8,0.9,15,1.6554567986977222,0.06591488896647062,5,5,"7,13,21,42,100"
cka_strength,avg_train_loss,cka_feddst,cifar10,0.8,0.9,16,1.6422448728797412,0.06593219769868694,5,5,"7,13,21,42,100"
cka_strength,avg_train_loss,cka_feddst,cifar10,0.8,0.9,17,1.6382617747663246,0.06613433493312407,5,5,"7,13,21,42,100"
cka_strength,avg_train_loss,cka_feddst,cifar10,0.8,0.9,18,1.6270051142100133,0.06770424732660346,5,5,"7,13,21,42,100"
cka_strength,avg_train_loss,cka_feddst,cifar10,0.8,0.9,19,1.625017107826291,0.06834190488791878,5,5,"7,13,21,42,100"
cka_strength,avg_train_loss,cka_feddst,cifar10,0.8,0.9,20,1.6115949930754574,0.06797924114788502,5,5,"7,13,21,42,100"
cka_strength,avg_train_loss,cka_feddst,cifar10,0.8,1.0,1,2.2148018662110722,0.011773991816789163,5,5,"7,13,21,42,100"
cka_strength,avg_train_loss,cka_feddst,cifar10,0.8,1.0,2,2.214924745051066,0.011473773587662424,5,5,"7,13,21,42,100"
cka_strength,avg_train_loss,cka_feddst,cifar10,0.8,1.0,3,2.1994323803256255,0.010909340628503131,5,5,"7,13,21,42,100"
cka_strength,avg_train_loss,cka_feddst,cifar10,0.8,1.0,4,2.0700650587780305,0.07692864445545164,5,5,"7,13,21,42,100"
cka_strength,avg_train_loss,cka_feddst,cifar10,0.8,1.0,5,1.933773133240324,0.15391300101596012,5,5,"7,13,21,42,100"
cka_strength,avg_train_loss,cka_feddst,cifar10,0.8,1.0,6,1.8008459639688936,0.1317511509673575,5,5,"7,13,21,42,100"
cka_strength,avg_train_loss,cka_feddst,cifar10,0.8,1.0,7,1.7444439396482525,0.07200504542592115,5,5,"7,13,21,42,100"
cka_strength,avg_train_loss,cka_feddst,cifar10,0.8,1.0,8,1.716668165977796,0.06216195237138121,5,5,"7,13,21,42,100"
cka_strength,avg_train_loss,cka_feddst,cifar10,0.8,1.0,9,1.707150247388416,0.06126610069017425,5,5,"7,13,21,42,100"
cka_strength,avg_train_loss,cka_feddst,cifar10,0.8,1.0,10,1.6934557728692738,0.06217250609867107,5,5,"7,13,21,42,100"
cka_strength,avg_train_loss,cka_feddst,cifar10,0.8,1.0,11,1.688466128331483,0.06308953458026538,5,5,"7,13,21,42,100"
cka_strength,avg_train_loss,cka_feddst,cifar10,0.8,1.0,12,1.6756696204864618,0.06476860844944414,5,5,"7,13,21,42,100"
cka_strength,avg_train_loss,cka_feddst,cifar10,0.8,1.0,13,1.67019908514071,0.06272660177530479,5,5,"7,13,21,42,100"
cka_strength,avg_train_loss,cka_feddst,cifar10,0.8,1.0,14,1.659136006499541,0.0633109821023896,5,5,"7,13,21,42,100"
cka_strength,avg_train_loss,cka_feddst,cifar10,0.8,1.0,15,1.6555935913993853,0.06553227339451932,5,5,"7,13,21,42,100"
cka_strength,avg_train_loss,cka_feddst,cifar10,0.8,1.0,16,1.6422509468213478,0.0654563823891644,5,5,"7,13,21,42,100"
cka_strength,avg_train_loss,cka_feddst,cifar10,0.8,1.0,17,1.6385075090591354,0.06566075008054717,5,5,"7,13,21,42,100"
cka_strength,avg_train_loss,cka_feddst,cifar10,0.8,1.0,18,1.6274106780444733,0.06738052008891321,5,5,"7,13,21,42,100"
cka_strength,avg_train_loss,cka_feddst,cifar10,0.8,1.0,19,1.6249597739792834,0.06795515559674728,5,5,"7,13,21,42,100"
cka_strength,avg_train_loss,cka_feddst,cifar10,0.8,1.0,20,1.6109484762981683,0.06778863209503311,5,5,"7,13,21,42,100"
cka_strength,avg_train_loss,cka_feddst,cifar10,0.9,0.2,1,2.2172658328306794,0.011666917389861989,5,5,"7,13,21,42,100"
cka_strength,avg_train_loss,cka_feddst,cifar10,0.9,0.2,2,2.218384394348029,0.011425314442840838,5,5,"7,13,21,42,100"
cka_strength,avg_train_loss,cka_feddst,cifar10,0.9,0.2,3,2.2191678893330122,0.011377459107491385,5,5,"7,13,21,42,100"
cka_strength,avg_train_loss,cka_feddst,cifar10,0.9,0.2,4,2.2206924348657777,0.011445534149248541,5,5,"7,13,21,42,100"
cka_strength,avg_train_loss,cka_feddst,cifar10,0.9,0.2,5,2.2233452000752845,0.011534396708803844,5,5,"7,13,21,42,100"
cka_strength,avg_train_loss,cka_feddst,cifar10,0.9,0.2,6,2.2250710585141418,0.011809482571226078,5,5,"7,13,21,42,100"
cka_strength,avg_train_loss,cka_feddst,cifar10,0.9,0.2,7,2.225629649101604,0.012275879212671334,5,5,"7,13,21,42,100"
cka_strength,avg_train_loss,cka_feddst,cifar10,0.9,0.2,8,2.2262280253776394,0.012665921530189394,5,5,"7,13,21,42,100"
cka_strength,avg_train_loss,cka_feddst,cifar10,0.9,0.2,9,2.2288932860538213,0.013018722679503405,5,5,"7,13,21,42,100"
cka_strength,avg_train_loss,cka_feddst,cifar10,0.9,0.2,10,2.2296116698438473,0.013413462973814586,5,5,"7,13,21,42,100"
cka_strength,avg_train_loss,cka_feddst,cifar10,0.9,0.2,11,2.2279016793202873,0.013816922905303324,5,5,"7,13,21,42,100"
cka_strength,avg_train_loss,cka_feddst,cifar10,0.9,0.2,12,2.225741873459864,0.014282420188682038,5,5,"7,13,21,42,100"
cka_strength,avg_train_loss,cka_feddst,cifar10,0.9,0.2,13,2.2287841585525356,0.014737302700646982,5,5,"7,13,21,42,100"
cka_strength,avg_train_loss,cka_feddst,cifar10,0.9,0.2,14,2.2260362384343386,0.016552972655872324,5,5,"7,13,21,42,100"
cka_strength,avg_train_loss,cka_feddst,cifar10,0.9,0.2,15,2.2105445475698717,0.03137033209159192,5,5,"7,13,21,42,100"
cka_strength,avg_train_loss,cka_feddst,cifar10,0.9,0.2,16,2.151452700794586,0.11667896433369358,5,5,"7,13,21,42,100"
cka_strength,avg_train_loss,cka_feddst,cifar10,0.9,0.2,17,2.1004373900786795,0.19085288490045646,5,5,"7,13,21,42,100"
cka_strength,avg_train_loss,cka_feddst,cifar10,0.9,0.2,18,2.0299763242170066,0.2291053585676148,5,5,"7,13,21,42,100"
cka_strength,avg_train_loss,cka_feddst,cifar10,0.9,0.2,19,1.9525569557551183,0.2202047247983069,5,5,"7,13,21,42,100"
cka_strength,avg_train_loss,cka_feddst,cifar10,0.9,0.2,20,1.8631163192284226,0.20855559991122846,5,5,"7,13,21,42,100"
cka_strength,avg_train_loss,cka_feddst,cifar10,0.9,0.5,1,2.2172658328306794,0.011666917389861989,5,5,"7,13,21,42,100"
cka_strength,avg_train_loss,cka_feddst,cifar10,0.9,0.5,2,2.218384394348029,0.011425314442840838,5,5,"7,13,21,42,100"
cka_strength,avg_train_loss,cka_feddst,cifar10,0.9,0.5,3,2.219167727777693,0.011377448112665106,5,5,"7,13,21,42,100"
cka_strength,avg_train_loss,cka_feddst,cifar10,0.9,0.5,4,2.2206922111655727,0.011445542662294332,5,5,"7,13,21,42,100"
cka_strength,avg_train_loss,cka_feddst,cifar10,0.9,0.5,5,2.2233439640295627,0.01153299056708313,5,5,"7,13,21,42,100"
cka_strength,avg_train_loss,cka_feddst,cifar10,0.9,0.5,6,2.2250692481744165,0.01180738148455241,5,5,"7,13,21,42,100"
cka_strength,avg_train_loss,cka_feddst,cifar10,0.9,0.5,7,2.225625923781925,0.01227398581978938,5,5,"7,13,21,42,100"
cka_strength,avg_train_loss,cka_feddst,cifar10,0.9,0.5,8,2.226221405189206,0.012662461579407721,5,5,"7,13,21,42,100"
cka_strength,avg_train_loss,cka_feddst,cifar10,0.9,0.5,9,2.2288862004597982,0.013007811057469506,5,5,"7,13,21,42,100"
cka_strength,avg_train_loss,cka_feddst,cifar10,0.9,0.5,10,2.22959961456819,0.013395114040939423,5,5,"7,13,21,42,100"
cka_strength,avg_train_loss,cka_feddst,cifar10,0.9,0.5,11,2.2278917000510474,0.01378870288690323,5,5,"7,13,21,42,100"
cka_strength,avg_train_loss,cka_feddst,cifar10,0.9,0.5,12,2.2257981186067215,0.014199171422132645,5,5,"7,13,21,42,100"
cka_strength,avg_train_loss,cka_feddst,cifar10,0.9,0.5,13,2.2288039490882796,0.014619394162252882,5,5,"7,13,21,42,100"
cka_strength,avg_train_loss,cka_feddst,cifar10,0.9,0.5,14,2.226150175224651,0.016078114450267,5,5,"7,13,21,42,100"
cka_strength,avg_train_loss,cka_feddst,cifar10,0.9,0.5,15,2.21081224911237,0.02795984572224101,5,5,"7,13,21,42,100"
cka_strength,avg_train_loss,cka_feddst,cifar10,0.9,0.5,16,2.1493251574530747,0.10874700991360993,5,5,"7,13,21,42,100"
cka_strength,avg_train_loss,cka_feddst,cifar10,0.9,0.5,17,2.0944683883801853,0.18511275489389634,5,5,"7,13,21,42,100"
cka_strength,avg_train_loss,cka_feddst,cifar10,0.9,0.5,18,2.015277955797465,0.22878714696250188,5,5,"7,13,21,42,100"
cka_strength,avg_train_loss,cka_feddst,cifar10,0.9,0.5,19,1.9305201871722637,0.23247756962429345,5,5,"7,13,21,42,100"
cka_strength,avg_train_loss,cka_feddst,cifar10,0.9,0.5,20,1.8584584042840533,0.21488679753004616,5,5,"7,13,21,42,100"
cka_strength,avg_train_loss,cka_feddst,cifar10,0.9,0.8,1,2.2172658328306794,0.011666917389861989,5,5,"7,13,21,42,100"
cka_strength,avg_train_loss,cka_feddst,cifar10,0.9,0.8,2,2.218384394348029,0.011425314442840838,5,5,"7,13,21,42,100"
cka_strength,avg_train_loss,cka_feddst,cifar10,0.9,0.8,3,2.219167539726604,0.01137747428308662,5,5,"7,13,21,42,100"
cka_strength,avg_train_loss,cka_feddst,cifar10,0.9,0.8,4,2.220692008075329,0.011445613736991125,5,5,"7,13,21,42,100"
cka_strength,avg_train_loss,cka_feddst,cifar10,0.9,0.8,5,2.2233430375927625,0.011531463717098046,5,5,"7,13,21,42,100"
cka_strength,avg_train_loss,cka_feddst,cifar10,0.9,0.8,6,2.2250677889072534,0.011805331698981474,5,5,"7,13,21,42,100"
cka_strength,avg_train_loss,cka_feddst,cifar10,0.9,0.8,7,2.225624974286436,0.012271742284064491,5,5,"7,13,21,42,100"
cka_strength,avg_train_loss,cka_feddst,cifar10,0.9,0.8,8,2.2262215526667513,0.012657633177081396,5,5,"7,13,21,42,100"
cka_strength,avg_train_loss,cka_feddst,cifar10,0.9,0.8,9,2.228879217429113,0.013000186078415903,5,5,"7,13,21,42,100"
cka_strength,avg_train_loss,cka_feddst,cifar10,0.9,0.8,10,2.229587880500639,0.013381811691219036,5,5,"7,13,21,42,100"
cka_strength,avg_train_loss,cka_feddst,cifar10,0.9,0.8,11,2.227882629662331,0.01376738522823079,5,5,"7,13,21,42,100"
cka_strength,avg_train_loss,cka_feddst,cifar10,0.9,0.8,12,2.225831005507768,0.014135174029473951,5,5,"7,13,21,42,100"
cka_strength,avg_train_loss,cka_feddst,cifar10,0.9,0.8,13,2.228855829137744,0.014500884108488377,5,5,"7,13,21,42,100"
cka_strength,avg_train_loss,cka_feddst,cifar10,0.9,0.8,14,2.226505631837941,0.015361319110943914,5,5,"7,13,21,42,100"
cka_strength,avg_train_loss,cka_feddst,cifar10,0.9,0.8,15,2.2133506904972924,0.021014287078423656,5,5,"7,13,21,42,100"
cka_strength,avg_train_loss,cka_feddst,cifar10,0.9,0.8,16,2.1591513235588264,0.08097413714161289,5,5,"7,13,21,42,100"
cka_strength,avg_train_loss,cka_feddst,cifar10,0.9,0.8,17,2.09230570983092,0.17355207346004675,5,5,"7,13,21,42,100"
cka_strength,avg_train_loss,cka_feddst,cifar10,0.9,0.8,18,2.0052522884939656,0.22715208054527622,5,5,"7,13,21,42,100"
cka_strength,avg_train_loss,cka_feddst,cifar10,0.9,0.8,19,1.9259084888732794,0.23136225244761138,5,5,"7,13,21,42,100"
cka_strength,avg_train_loss,cka_feddst,cifar10,0.9,0.8,20,1.8568017759619337,0.2134892771023662,5,5,"7,13,21,42,100"
cka_strength,avg_train_loss,cka_feddst,cifar10,0.9,0.9,1,2.2172658328306794,0.011666917389861989,5,5,"7,13,21,42,100"
cka_strength,avg_train_loss,cka_feddst,cifar10,0.9,0.9,2,2.218384394348029,0.011425314442840838,5,5,"7,13,21,42,100"
cka_strength,avg_train_loss,cka_feddst,cifar10,0.9,0.9,3,2.2191674771491927,0.011377476226262681,5,5,"7,13,21,42,100"
cka_strength,avg_train_loss,cka_feddst,cifar10,0.9,0.9,4,2.2206919188605414,0.011445599694078889,5,5,"7,13,21,42,100"
cka_strength,avg_train_loss,cka_feddst,cifar10,0.9,0.9,5,2.2233427492671547,0.0115311491574027,5,5,"7,13,21,42,100"
cka_strength,avg_train_loss,cka_feddst,cifar10,0.9,0.9,6,2.225067338042789,0.011804854203330708,5,5,"7,13,21,42,100"
cka_strength,avg_train_loss,cka_feddst,cifar10,0.9,0.9,7,2.225623916162626,0.012269779098542734,5,5,"7,13,21,42,100"
cka_strength,avg_train_loss,cka_feddst,cifar10,0.9,0.9,8,2.2262201351868987,0.012653269794474694,5,5,"7,13,21,42,100"
cka_strength,avg_train_loss,cka_feddst,cifar10,0.9,0.9,9,2.2288766242056184,0.012996571356503823,5,5,"7,13,21,42,100"
cka_strength,avg_train_loss,cka_feddst,cifar10,0.9,0.9,10,2.229583044528961,0.013375792272430576,5,5,"7,13,21,42,100"
cka_strength,avg_train_loss,cka_feddst,cifar10,0.9,0.9,11,2.227878045726545,0.013752796466705542,5,5,"7,13,21,42,100"
cka_strength,avg_train_loss,cka_feddst,cifar10,0.9,0.9,12,2.2258415782947734,0.01409326828117132,5,5,"7,13,21,42,100"
cka_strength,avg_train_loss,cka_feddst,cifar10,0.9,0.9,13,2.228875748463833,0.014447015978979356,5,5,"7,13,21,42,100"
cka_strength,avg_train_loss,cka_feddst,cifar10,0.9,0.9,14,2.226637632692703,0.015098406978257446,5,5,"7,13,21,42,100"
cka_strength,avg_train_loss,cka_feddst,cifar10,0.9,0.9,15,2.2140480237806686,0.019130735781950986,5,5,"7,13,21,42,100"
cka_strength,avg_train_loss,cka_feddst,cifar10,0.9,0.9,16,2.1632454700465154,0.07117557587297606,5,5,"7,13,21,42,100"
cka_strength,avg_train_loss,cka_feddst,cifar10,0.9,0.9,17,2.095511902755198,0.16283143076318293,5,5,"7,13,21,42,100"
cka_strength,avg_train_loss,cka_feddst,cifar10,0.9,0.9,18,2.0021234047841547,0.22463425047411154,5,5,"7,13,21,42,100"
cka_strength,avg_train_loss,cka_feddst,cifar10,0.9,0.9,19,1.9227721604106403,0.231421903467225,5,5,"7,13,21,42,100"
cka_strength,avg_train_loss,cka_feddst,cifar10,0.9,0.9,20,1.8548924583541022,0.2128730176391354,5,5,"7,13,21,42,100"
cka_strength,avg_train_loss,cka_feddst,cifar10,0.9,1.0,1,2.2172658328306794,0.011666917389861989,5,5,"7,13,21,42,100"
cka_strength,avg_train_loss,cka_feddst,cifar10,0.9,1.0,2,2.218384394348029,0.011425314442840838,5,5,"7,13,21,42,100"
cka_strength,avg_train_loss,cka_feddst,cifar10,0.9,1.0,3,2.2191674219372297,0.011377462882400413,5,5,"7,13,21,42,100"
cka_strength,avg_train_loss,cka_feddst,cifar10,0.9,1.0,4,2.2206918321224176,0.01144558293015728,5,5,"7,13,21,42,100"
cka_strength,avg_train_loss,cka_feddst,cifar10,0.9,1.0,5,2.2233423930958063,0.011530414648412679,5,5,"7,13,21,42,100"
cka_strength,avg_train_loss,cka_feddst,cifar10,0.9,1.0,6,2.2250666743789056,0.011803882960325718,5,5,"7,13,21,42,100"
cka_strength,avg_train_loss,cka_feddst,cifar10,0.9,1.0,7,2.2256282165498447,0.012269698424809641,5,5,"7,13,21,42,100"
cka_strength,avg_train_loss,cka_feddst,cifar10,0.9,1.0,8,2.2262285013324083,0.012653510955136857,5,5,"7,13,21,42,100"
cka_strength,avg_train_loss,cka_feddst,cifar10,0.9,1.0,9,2.228880181255726,0.012995328322750696,5,5,"7,13,21,42,100"
cka_strength,avg_train_loss,cka_feddst,cifar10,0.9,1.0,10,2.2295881495186776,0.013373466991694487,5,5,"7,13,21,42,100"
cka_strength,avg_train_loss,cka_feddst,cifar10,0.9,1.0,11,2.2278907815027718,0.013752202267079086,5,5,"7,13,21,42,100"
cka_strength,avg_train_loss,cka_feddst,cifar10,0.9,1.0,12,2.225891407727713,0.01408873889251265,5,5,"7,13,21,42,100"
cka_strength,avg_train_loss,cka_feddst,cifar10,0.9,1.0,13,2.228922696582717,0.014420921228534129,5,5,"7,13,21,42,100"
cka_strength,avg_train_loss,cka_feddst,cifar10,0.9,1.0,14,2.226812822890041,0.01495158041992815,5,5,"7,13,21,42,100"
cka_strength,avg_train_loss,cka_feddst,cifar10,0.9,1.0,15,2.2149201315889457,0.017828259084203678,5,5,"7,13,21,42,100"
cka_strength,avg_train_loss,cka_feddst,cifar10,0.9,1.0,16,2.168590155466157,0.061977110075120675,5,5,"7,13,21,42,100"
cka_strength,avg_train_loss,cka_feddst,cifar10,0.9,1.0,17,2.10244318219917,0.1493758733983598,5,5,"7,13,21,42,100"
cka_strength,avg_train_loss,cka_feddst,cifar10,0.9,1.0,18,2.0022644970580785,0.2208317437638921,5,5,"7,13,21,42,100"
cka_strength,avg_train_loss,cka_feddst,cifar10,0.9,1.0,19,1.9224251154470924,0.22895823247119407,5,5,"7,13,21,42,100"
cka_strength,avg_train_loss,cka_feddst,cifar10,0.9,1.0,20,1.8537670269734932,0.2113426169586292,5,5,"7,13,21,42,100"
cka_strength,avg_train_loss,cka_feddst,cifar10,0.95,0.2,1,2.2180118127938475,0.011533925587867993,5,5,"7,13,21,42,100"
cka_strength,avg_train_loss,cka_feddst,cifar10,0.95,0.2,2,2.219241723423775,0.011306981087184963,5,5,"7,13,21,42,100"
cka_strength,avg_train_loss,cka_feddst,cifar10,0.95,0.2,3,2.220685522575571,0.01120962297713523,5,5,"7,13,21,42,100"
cka_strength,avg_train_loss,cka_feddst,cifar10,0.95,0.2,4,2.222643821843465,0.011261289324185974,5,5,"7,13,21,42,100"
cka_strength,avg_train_loss,cka_feddst,cifar10,0.95,0.2,5,2.224936972778012,0.011407216875410402,5,5,"7,13,21,42,100"
cka_strength,avg_train_loss,cka_feddst,cifar10,0.95,0.2,6,2.2269014301097756,0.011718004286752967,5,5,"7,13,21,42,100"
cka_strength,avg_train_loss,cka_feddst,cifar10,0.95,0.2,7,2.2284307071127074,0.012167409209337985,5,5,"7,13,21,42,100"
cka_strength,avg_train_loss,cka_feddst,cifar10,0.95,0.2,8,2.2299394632300946,0.012593789950398575,5,5,"7,13,21,42,100"
cka_strength,avg_train_loss,cka_feddst,cifar10,0.95,0.2,9,2.231794833824851,0.012998861376236364,5,5,"7,13,21,42,100"
cka_strength,avg_train_loss,cka_feddst,cifar10,0.95,0.2,10,2.233054400357333,0.01344459333900708,5,5,"7,13,21,42,100"
cka_strength,avg_train_loss,cka_feddst,cifar10,0.95,0.2,11,2.233628580618386,0.013880572534697893,5,5,"7,13,21,42,100"
cka_strength,avg_train_loss,cka_feddst,cifar10,0.95,0.2,12,2.2344227879321936,0.014250384362824383,5,5,"7,13,21,42,100"
cka_strength,avg_train_loss,cka_feddst,cifar10,0.95,0.2,13,2.2358285402500266,0.014549453946085653,5,5,"7,13,21,42,100"
cka_strength,avg_train_loss,cka_feddst,cifar10,0.95,0.2,14,2.2364399771305044,0.014871590841159037,5,5,"7,13,21,42,100"
cka_strength,avg_train_loss,cka_feddst,cifar10,0.95,0.2,15,2.236130455927415,0.01515948416074813,5,5,"7,13,21,42,100"
cka_strength,avg_train_loss,cka_feddst,cifar10,0.95,0.2,16,2.23617675929503,0.015364875852530909,5,5,"7,13,21,42,100"
cka_strength,avg_train_loss,cka_feddst,cifar10,0.95,0.2,17,2.237576942294535,0.01563511216010789,5,5,"7,13,21,42,100"
cka_strength,avg_train_loss,cka_feddst,cifar10,0.95,0.2,18,2.2376982238894763,0.01585382308282724,5,5,"7,13,21,42,100"
cka_strength,avg_train_loss,cka_feddst,cifar10,0.95,0.2,19,2.2362861401451957,0.01595338011794653,5,5,"7,13,21,42,100"
cka_strength,avg_train_loss,cka_feddst,cifar10,0.95,0.2,20,2.235496450765205,0.0160947547767799,5,5,"7,13,21,42,100"
cka_strength,avg_train_loss,cka_feddst,cifar10,0.95,0.5,1,2.2180118127938475,0.011533925587867993,5,5,"7,13,21,42,100"
cka_strength,avg_train_loss,cka_feddst,cifar10,0.95,0.5,2,2.219241723423775,0.011306981087184963,5,5,"7,13,21,42,100"
cka_strength,avg_train_loss,cka_feddst,cifar10,0.95,0.5,3,2.220685522575571,0.01120962297713523,5,5,"7,13,21,42,100"
cka_strength,avg_train_loss,cka_feddst,cifar10,0.95,0.5,4,2.222643821843465,0.011261289324185974,5,5,"7,13,21,42,100"
cka_strength,avg_train_loss,cka_feddst,cifar10,0.95,0.5,5,2.224936972778012,0.011407216875410402,5,5,"7,13,21,42,100"
cka_strength,avg_train_loss,cka_feddst,cifar10,0.95,0.5,6,2.2269014301097756,0.011718004286752967,5,5,"7,13,21,42,100"
cka_strength,avg_train_loss,cka_feddst,cifar10,0.95,0.5,7,2.2284307071127074,0.012167409209337985,5,5,"7,13,21,42,100"
cka_strength,avg_train_loss,cka_feddst,cifar10,0.95,0.5,8,2.2299394632300946,0.012593789950398575,5,5,"7,13,21,42,100"
cka_strength,avg_train_loss,cka_feddst,cifar10,0.95,0.5,9,2.231794833824851,0.012998861376236364,5,5,"7,13,21,42,100"
cka_strength,avg_train_loss,cka_feddst,cifar10,0.95,0.5,10,2.233054400357333,0.01344459333900708,5,5,"7,13,21,42,100"
cka_strength,avg_train_loss,cka_feddst,cifar10,0.95,0.5,11,2.233628580618386,0.013880572534697893,5,5,"7,13,21,42,100"
cka_strength,avg_train_loss,cka_feddst,cifar10,0.95,0.5,12,2.2344227879321936,0.014250384362824383,5,5,"7,13,21,42,100"
cka_strength,avg_train_loss,cka_feddst,cifar10,0.95,0.5,13,2.2358285402500266,0.014549453946085653,5,5,"7,13,21,42,100"
cka_strength,avg_train_loss,cka_feddst,cifar10,0.95,0.5,14,2.2364399771305044,0.014871590841159037,5,5,"7,13,21,42,100"
cka_strength,avg_train_loss,cka_feddst,cifar10,0.95,0.5,15,2.236130455927415,0.01515948416074813,5,5,"7,13,21,42,100"
cka_strength,avg_train_loss,cka_feddst,cifar10,0.95,0.5,16,2.23617675929503,0.015364875852530909,5,5,"7,13,21,42,100"
cka_strength,avg_train_loss,cka_feddst,cifar10,0.95,0.5,17,2.237576942294535,0.01563511216010789,5,5,"7,13,21,42,100"
cka_strength,avg_train_loss,cka_feddst,cifar10,0.95,0.5,18,2.2376982238894763,0.01585382308282724,5,5,"7,13,21,42,100"
cka_strength,avg_train_loss,cka_feddst,cifar10,0.95,0.5,19,2.2362861401451957,0.01595338011794653,5,5,"7,13,21,42,100"
cka_strength,avg_train_loss,cka_feddst,cifar10,0.95,0.5,20,2.235496450765205,0.0160947547767799,5,5,"7,13,21,42,100"
cka_strength,avg_train_loss,cka_feddst,cifar10,0.95,0.8,1,2.2180118127938475,0.011533925587867993,5,5,"7,13,21,42,100"
cka_strength,avg_train_loss,cka_feddst,cifar10,0.95,0.8,2,2.219241723423775,0.011306981087184963,5,5,"7,13,21,42,100"
cka_strength,avg_train_loss,cka_feddst,cifar10,0.95,0.8,3,2.220685522575571,0.01120962297713523,5,5,"7,13,21,42,100"
cka_strength,avg_train_loss,cka_feddst,cifar10,0.95,0.8,4,2.222643821843465,0.011261289324185974,5,5,"7,13,21,42,100"
cka_strength,avg_train_loss,cka_feddst,cifar10,0.95,0.8,5,2.224936972778012,0.011407216875410402,5,5,"7,13,21,42,100"
cka_strength,avg_train_loss,cka_feddst,cifar10,0.95,0.8,6,2.2269014301097756,0.011718004286752967,5,5,"7,13,21,42,100"
cka_strength,avg_train_loss,cka_feddst,cifar10,0.95,0.8,7,2.2284307071127074,0.012167409209337985,5,5,"7,13,21,42,100"
cka_strength,avg_train_loss,cka_feddst,cifar10,0.95,0.8,8,2.2299394632300946,0.012593789950398575,5,5,"7,13,21,42,100"
cka_strength,avg_train_loss,cka_feddst,cifar10,0.95,0.8,9,2.231794833824851,0.012998861376236364,5,5,"7,13,21,42,100"
cka_strength,avg_train_loss,cka_feddst,cifar10,0.95,0.8,10,2.233054400357333,0.01344459333900708,5,5,"7,13,21,42,100"
cka_strength,avg_train_loss,cka_feddst,cifar10,0.95,0.8,11,2.233628580618386,0.013880572534697893,5,5,"7,13,21,42,100"
cka_strength,avg_train_loss,cka_feddst,cifar10,0.95,0.8,12,2.2344227879321936,0.014250384362824383,5,5,"7,13,21,42,100"
cka_strength,avg_train_loss,cka_feddst,cifar10,0.95,0.8,13,2.2358285402500266,0.014549453946085653,5,5,"7,13,21,42,100"
cka_strength,avg_train_loss,cka_feddst,cifar10,0.95,0.8,14,2.2364399771305044,0.014871590841159037,5,5,"7,13,21,42,100"
cka_strength,avg_train_loss,cka_feddst,cifar10,0.95,0.8,15,2.236130455927415,0.01515948416074813,5,5,"7,13,21,42,100"
cka_strength,avg_train_loss,cka_feddst,cifar10,0.95,0.8,16,2.23617675929503,0.015364875852530909,5,5,"7,13,21,42,100"
cka_strength,avg_train_loss,cka_feddst,cifar10,0.95,0.8,17,2.237576942294535,0.01563511216010789,5,5,"7,13,21,42,100"
cka_strength,avg_train_loss,cka_feddst,cifar10,0.95,0.8,18,2.2376982238894763,0.01585382308282724,5,5,"7,13,21,42,100"
cka_strength,avg_train_loss,cka_feddst,cifar10,0.95,0.8,19,2.2362861401451957,0.01595338011794653,5,5,"7,13,21,42,100"
cka_strength,avg_train_loss,cka_feddst,cifar10,0.95,0.8,20,2.235496450765205,0.0160947547767799,5,5,"7,13,21,42,100"
cka_strength,avg_train_loss,cka_feddst,cifar10,0.95,0.9,1,2.2180118127938475,0.011533925587867993,5,5,"7,13,21,42,100"
cka_strength,avg_train_loss,cka_feddst,cifar10,0.95,0.9,2,2.219241723423775,0.011306981087184963,5,5,"7,13,21,42,100"
cka_strength,avg_train_loss,cka_feddst,cifar10,0.95,0.9,3,2.220685522575571,0.01120962297713523,5,5,"7,13,21,42,100"
cka_strength,avg_train_loss,cka_feddst,cifar10,0.95,0.9,4,2.222643821843465,0.011261289324185974,5,5,"7,13,21,42,100"
cka_strength,avg_train_loss,cka_feddst,cifar10,0.95,0.9,5,2.224936972778012,0.011407216875410402,5,5,"7,13,21,42,100"
cka_strength,avg_train_loss,cka_feddst,cifar10,0.95,0.9,6,2.2269014301097756,0.011718004286752967,5,5,"7,13,21,42,100"
cka_strength,avg_train_loss,cka_feddst,cifar10,0.95,0.9,7,2.2284307071127074,0.012167409209337985,5,5,"7,13,21,42,100"
cka_strength,avg_train_loss,cka_feddst,cifar10,0.95,0.9,8,2.2299394632300946,0.012593789950398575,5,5,"7,13,21,42,100"
cka_strength,avg_train_loss,cka_feddst,cifar10,0.95,0.9,9,2.231794833824851,0.012998861376236364,5,5,"7,13,21,42,100"
cka_strength,avg_train_loss,cka_feddst,cifar10,0.95,0.9,10,2.233054400357333,0.01344459333900708,5,5,"7,13,21,42,100"
cka_strength,avg_train_loss,cka_feddst,cifar10,0.95,0.9,11,2.233628580618386,0.013880572534697893,5,5,"7,13,21,42,100"
cka_strength,avg_train_loss,cka_feddst,cifar10,0.95,0.9,12,2.2344227879321936,0.014250384362824383,5,5,"7,13,21,42,100"
cka_strength,avg_train_loss,cka_feddst,cifar10,0.95,0.9,13,2.2358285402500266,0.014549453946085653,5,5,"7,13,21,42,100"
cka_strength,avg_train_loss,cka_feddst,cifar10,0.95,0.9,14,2.2364399771305044,0.014871590841159037,5,5,"7,13,21,42,100"
cka_strength,avg_train_loss,cka_feddst,cifar10,0.95,0.9,15,2.236130455927415,0.01515948416074813,5,5,"7,13,21,42,100"
cka_strength,avg_train_loss,cka_feddst,cifar10,0.95,0.9,16,2.23617675929503,0.015364875852530909,5,5,"7,13,21,42,100"
cka_strength,avg_train_loss,cka_feddst,cifar10,0.95,0.9,17,2.237576942294535,0.01563511216010789,5,5,"7,13,21,42,100"
cka_strength,avg_train_loss,cka_feddst,cifar10,0.95,0.9,18,2.2376982238894763,0.01585382308282724,5,5,"7,13,21,42,100"
cka_strength,avg_train_loss,cka_feddst,cifar10,0.95,0.9,19,2.2362861401451957,0.01595338011794653,5,5,"7,13,21,42,100"
cka_strength,avg_train_loss,cka_feddst,cifar10,0.95,0.9,20,2.235496450765205,0.0160947547767799,5,5,"7,13,21,42,100"
cka_strength,avg_train_loss,cka_feddst,cifar10,0.95,1.0,1,2.2180118127938475,0.011533925587867993,5,5,"7,13,21,42,100"
cka_strength,avg_train_loss,cka_feddst,cifar10,0.95,1.0,2,2.219241723423775,0.011306981087184963,5,5,"7,13,21,42,100"
cka_strength,avg_train_loss,cka_feddst,cifar10,0.95,1.0,3,2.220685522575571,0.01120962297713523,5,5,"7,13,21,42,100"
cka_strength,avg_train_loss,cka_feddst,cifar10,0.95,1.0,4,2.222643821843465,0.011261289324185974,5,5,"7,13,21,42,100"
cka_strength,avg_train_loss,cka_feddst,cifar10,0.95,1.0,5,2.224936972778012,0.011407216875410402,5,5,"7,13,21,42,100"
cka_strength,avg_train_loss,cka_feddst,cifar10,0.95,1.0,6,2.2269014301097756,0.011718004286752967,5,5,"7,13,21,42,100"
cka_strength,avg_train_loss,cka_feddst,cifar10,0.95,1.0,7,2.2284307071127074,0.012167409209337985,5,5,"7,13,21,42,100"
cka_strength,avg_train_loss,cka_feddst,cifar10,0.95,1.0,8,2.2299394632300946,0.012593789950398575,5,5,"7,13,21,42,100"
cka_strength,avg_train_loss,cka_feddst,cifar10,0.95,1.0,9,2.231794833824851,0.012998861376236364,5,5,"7,13,21,42,100"
cka_strength,avg_train_loss,cka_feddst,cifar10,0.95,1.0,10,2.233054400357333,0.01344459333900708,5,5,"7,13,21,42,100"
cka_strength,avg_train_loss,cka_feddst,cifar10,0.95,1.0,11,2.233628580618386,0.013880572534697893,5,5,"7,13,21,42,100"
cka_strength,avg_train_loss,cka_feddst,cifar10,0.95,1.0,12,2.2344227879321936,0.014250384362824383,5,5,"7,13,21,42,100"
cka_strength,avg_train_loss,cka_feddst,cifar10,0.95,1.0,13,2.2358285402500266,0.014549453946085653,5,5,"7,13,21,42,100"
cka_strength,avg_train_loss,cka_feddst,cifar10,0.95,1.0,14,2.2364399771305044,0.014871590841159037,5,5,"7,13,21,42,100"
cka_strength,avg_train_loss,cka_feddst,cifar10,0.95,1.0,15,2.236130455927415,0.01515948416074813,5,5,"7,13,21,42,100"
cka_strength,avg_train_loss,cka_feddst,cifar10,0.95,1.0,16,2.23617675929503,0.015364875852530909,5,5,"7,13,21,42,100"
cka_strength,avg_train_loss,cka_feddst,cifar10,0.95,1.0,17,2.237576942294535,0.01563511216010789,5,5,"7,13,21,42,100"
cka_strength,avg_train_loss,cka_feddst,cifar10,0.95,1.0,18,2.2376982238894763,0.01585382308282724,5,5,"7,13,21,42,100"
cka_strength,avg_train_loss,cka_feddst,cifar10,0.95,1.0,19,2.2362861401451957,0.01595338011794653,5,5,"7,13,21,42,100"
cka_strength,avg_train_loss,cka_feddst,cifar10,0.95,1.0,20,2.235496450765205,0.0160947547767799,5,5,"7,13,21,42,100"
cka_strength,total_sparsity,cka_feddst,cifar10,0.5,0.2,1,0.5,0.0,5,5,"7,13,21,42,100"
cka_strength,total_sparsity,cka_feddst,cifar10,0.5,0.2,2,0.5000448479686128,3.7943646560512025e-05,5,5,"7,13,21,42,100"
cka_strength,total_sparsity,cka_feddst,cifar10,0.5,0.2,3,0.5000448479686128,3.7943646560512025e-05,5,5,"7,13,21,42,100"
cka_strength,total_sparsity,cka_feddst,cifar10,0.5,0.2,4,0.5000448479686128,3.7943646560512025e-05,5,5,"7,13,21,42,100"
cka_strength,total_sparsity,cka_feddst,cifar10,0.5,0.2,5,0.5000448479686128,3.7943646560512025e-05,5,5,"7,13,21,42,100"
cka_strength,total_sparsity,cka_feddst,cifar10,0.5,0.2,6,0.5000448479686128,3.7943646560512025e-05,5,5,"7,13,21,42,100"
cka_strength,total_sparsity,cka_feddst,cifar10,0.5,0.2,7,0.5000448479686128,3.7943646560512025e-05,5,5,"7,13,21,42,100"
cka_strength,total_sparsity,cka_feddst,cifar10,0.5,0.2,8,0.5000448479686128,3.7943646560512025e-05,5,5,"7,13,21,42,100"
cka_strength,total_sparsity,cka_feddst,cifar10,0.5,0.2,9,0.5000448479686128,3.7943646560512025e-05,5,5,"7,13,21,42,100"
cka_strength,total_sparsity,cka_feddst,cifar10,0.5,0.2,10,0.5000448479686128,3.7943646560512025e-05,5,5,"7,13,21,42,100"
cka_strength,total_sparsity,cka_feddst,cifar10,0.5,0.2,11,0.5000448479686128,3.7943646560512025e-05,5,5,"7,13,21,42,100"
cka_strength,total_sparsity,cka_feddst,cifar10,0.5,0.2,12,0.5000448479686128,3.7943646560512025e-05,5,5,"7,13,21,42,100"
cka_strength,total_sparsity,cka_feddst,cifar10,0.5,0.2,13,0.5000448479686128,3.7943646560512025e-05,5,5,"7,13,21,42,100"
cka_strength,total_sparsity,cka_feddst,cifar10,0.5,0.2,14,0.5000448479686128,3.7943646560512025e-05,5,5,"7,13,21,42,100"
cka_strength,total_sparsity,cka_feddst,cifar10,0.5,0.2,15,0.5000448479686128,3.7943646560512025e-05,5,5,"7,13,21,42,100"
cka_strength,total_sparsity,cka_feddst,cifar10,0.5,0.2,16,0.5000448479686128,3.7943646560512025e-05,5,5,"7,13,21,42,100"
cka_strength,total_sparsity,cka_feddst,cifar10,0.5,0.2,17,0.5000448479686128,3.7943646560512025e-05,5,5,"7,13,21,42,100"
cka_strength,total_sparsity,cka_feddst,cifar10,0.5,0.2,18,0.5000448479686128,3.7943646560512025e-05,5,5,"7,13,21,42,100"
cka_strength,total_sparsity,cka_feddst,cifar10,0.5,0.2,19,0.5000448479686128,3.7943646560512025e-05,5,5,"7,13,21,42,100"
cka_strength,total_sparsity,cka_feddst,cifar10,0.5,0.2,20,0.5000448479686128,3.7943646560512025e-05,5,5,"7,13,21,42,100"
cka_strength,total_sparsity,cka_feddst,cifar10,0.5,0.5,1,0.5,0.0,5,5,"7,13,21,42,100"
cka_strength,total_sparsity,cka_feddst,cifar10,0.5,0.5,2,0.5000448479686128,3.7943646560512025e-05,5,5,"7,13,21,42,100"
cka_strength,total_sparsity,cka_feddst,cifar10,0.5,0.5,3,0.5000448479686128,3.7943646560512025e-05,5,5,"7,13,21,42,100"
cka_strength,total_sparsity,cka_feddst,cifar10,0.5,0.5,4,0.5000448479686128,3.7943646560512025e-05,5,5,"7,13,21,42,100"
cka_strength,total_sparsity,cka_feddst,cifar10,0.5,0.5,5,0.5000448479686128,3.7943646560512025e-05,5,5,"7,13,21,42,100"
cka_strength,total_sparsity,cka_feddst,cifar10,0.5,0.5,6,0.5000448479686128,3.7943646560512025e-05,5,5,"7,13,21,42,100"
cka_strength,total_sparsity,cka_feddst,cifar10,0.5,0.5,7,0.5000448479686128,3.7943646560512025e-05,5,5,"7,13,21,42,100"
cka_strength,total_sparsity,cka_feddst,cifar10,0.5,0.5,8,0.5000448479686128,3.7943646560512025e-05,5,5,"7,13,21,42,100"
cka_strength,total_sparsity,cka_feddst,cifar10,0.5,0.5,9,0.5000448479686128,3.7943646560512025e-05,5,5,"7,13,21,42,100"
cka_strength,total_sparsity,cka_feddst,cifar10,0.5,0.5,10,0.5000448479686128,3.7943646560512025e-05,5,5,"7,13,21,42,100"
cka_strength,total_sparsity,cka_feddst,cifar10,0.5,0.5,11,0.5000448479686128,3.7943646560512025e-05,5,5,"7,13,21,42,100"
cka_strength,total_sparsity,cka_feddst,cifar10,0.5,0.5,12,0.5000448479686128,3.7943646560512025e-05,5,5,"7,13,21,42,100"
cka_strength,total_sparsity,cka_feddst,cifar10,0.5,0.5,13,0.5000448479686128,3.7943646560512025e-05,5,5,"7,13,21,42,100"
cka_strength,total_sparsity,cka_feddst,cifar10,0.5,0.5,14,0.5000448479686128,3.7943646560512025e-05,5,5,"7,13,21,42,100"
cka_strength,total_sparsity,cka_feddst,cifar10,0.5,0.5,15,0.5000448479686128,3.7943646560512025e-05,5,5,"7,13,21,42,100"
cka_strength,total_sparsity,cka_feddst,cifar10,0.5,0.5,16,0.5000448479686128,3.7943646560512025e-05,5,5,"7,13,21,42,100"
cka_strength,total_sparsity,cka_feddst,cifar10,0.5,0.5,17,0.5000448479686128,3.7943646560512025e-05,5,5,"7,13,21,42,100"
cka_strength,total_sparsity,cka_feddst,cifar10,0.5,0.5,18,0.5000448479686128,3.7943646560512025e-05,5,5,"7,13,21,42,100"
cka_strength,total_sparsity,cka_feddst,cifar10,0.5,0.5,19,0.5000448479686128,3.7943646560512025e-05,5,5,"7,13,21,42,100"
cka_strength,total_sparsity,cka_feddst,cifar10,0.5,0.5,20,0.5000448479686128,3.7943646560512025e-05,5,5,"7,13,21,42,100"
cka_strength,total_sparsity,cka_feddst,cifar10,0.5,0.8,1,0.5,0.0,5,5,"7,13,21,42,100"
cka_strength,total_sparsity,cka_feddst,cifar10,0.5,0.8,2,0.5000448479686128,3.7943646560512025e-05,5,5,"7,13,21,42,100"
cka_strength,total_sparsity,cka_feddst,cifar10,0.5,0.8,3,0.5000448479686128,3.7943646560512025e-05,5,5,"7,13,21,42,100"
cka_strength,total_sparsity,cka_feddst,cifar10,0.5,0.8,4,0.5000448479686128,3.7943646560512025e-05,5,5,"7,13,21,42,100"
cka_strength,total_sparsity,cka_feddst,cifar10,0.5,0.8,5,0.5000448479686128,3.7943646560512025e-05,5,5,"7,13,21,42,100"
cka_strength,total_sparsity,cka_feddst,cifar10,0.5,0.8,6,0.5000448479686128,3.7943646560512025e-05,5,5,"7,13,21,42,100"
cka_strength,total_sparsity,cka_feddst,cifar10,0.5,0.8,7,0.5000448479686128,3.7943646560512025e-05,5,5,"7,13,21,42,100"
cka_strength,total_sparsity,cka_feddst,cifar10,0.5,0.8,8,0.5000448479686128,3.7943646560512025e-05,5,5,"7,13,21,42,100"
cka_strength,total_sparsity,cka_feddst,cifar10,0.5,0.8,9,0.5000448479686128,3.7943646560512025e-05,5,5,"7,13,21,42,100"
cka_strength,total_sparsity,cka_feddst,cifar10,0.5,0.8,10,0.5000448479686128,3.7943646560512025e-05,5,5,"7,13,21,42,100"
cka_strength,total_sparsity,cka_feddst,cifar10,0.5,0.8,11,0.5000448479686128,3.7943646560512025e-05,5,5,"7,13,21,42,100"
cka_strength,total_sparsity,cka_feddst,cifar10,0.5,0.8,12,0.5000448479686128,3.7943646560512025e-05,5,5,"7,13,21,42,100"
cka_strength,total_sparsity,cka_feddst,cifar10,0.5,0.8,13,0.5000448479686128,3.7943646560512025e-05,5,5,"7,13,21,42,100"
cka_strength,total_sparsity,cka_feddst,cifar10,0.5,0.8,14,0.5000448479686128,3.7943646560512025e-05,5,5,"7,13,21,42,100"
cka_strength,total_sparsity,cka_feddst,cifar10,0.5,0.8,15,0.5000448479686128,3.7943646560512025e-05,5,5,"7,13,21,42,100"
cka_strength,total_sparsity,cka_feddst,cifar10,0.5,0.8,16,0.5000448479686128,3.7943646560512025e-05,5,5,"7,13,21,42,100"
cka_strength,total_sparsity,cka_feddst,cifar10,0.5,0.8,17,0.5000448479686128,3.7943646560512025e-05,5,5,"7,13,21,42,100"
cka_strength,total_sparsity,cka_feddst,cifar10,0.5,0.8,18,0.5000448479686128,3.7943646560512025e-05,5,5,"7,13,21,42,100"
cka_strength,total_sparsity,cka_feddst,cifar10,0.5,0.8,19,0.5000448479686128,3.7943646560512025e-05,5,5,"7,13,21,42,100"
cka_strength,total_sparsity,cka_feddst,cifar10,0.5,0.8,20,0.5000448479686128,3.7943646560512025e-05,5,5,"7,13,21,42,100"
cka_strength,total_sparsity,cka_feddst,cifar10,0.5,0.9,1,0.5,0.0,5,5,"7,13,21,42,100"
cka_strength,total_sparsity,cka_feddst,cifar10,0.5,0.9,2,0.5000448479686128,3.7943646560512025e-05,5,5,"7,13,21,42,100"
cka_strength,total_sparsity,cka_feddst,cifar10,0.5,0.9,3,0.5000448479686128,3.7943646560512025e-05,5,5,"7,13,21,42,100"
cka_strength,total_sparsity,cka_feddst,cifar10,0.5,0.9,4,0.5000448479686128,3.7943646560512025e-05,5,5,"7,13,21,42,100"
cka_strength,total_sparsity,cka_feddst,cifar10,0.5,0.9,5,0.5000448479686128,3.7943646560512025e-05,5,5,"7,13,21,42,100"
cka_strength,total_sparsity,cka_feddst,cifar10,0.5,0.9,6,0.5000448479686128,3.7943646560512025e-05,5,5,"7,13,21,42,100"
cka_strength,total_sparsity,cka_feddst,cifar10,0.5,0.9,7,0.5000448479686128,3.7943646560512025e-05,5,5,"7,13,21,42,100"
cka_strength,total_sparsity,cka_feddst,cifar10,0.5,0.9,8,0.5000448479686128,3.7943646560512025e-05,5,5,"7,13,21,42,100"
cka_strength,total_sparsity,cka_feddst,cifar10,0.5,0.9,9,0.5000448479686128,3.7943646560512025e-05,5,5,"7,13,21,42,100"
cka_strength,total_sparsity,cka_feddst,cifar10,0.5,0.9,10,0.5000448479686128,3.7943646560512025e-05,5,5,"7,13,21,42,100"
cka_strength,total_sparsity,cka_feddst,cifar10,0.5,0.9,11,0.5000448479686128,3.7943646560512025e-05,5,5,"7,13,21,42,100"
cka_strength,total_sparsity,cka_feddst,cifar10,0.5,0.9,12,0.5000448479686128,3.7943646560512025e-05,5,5,"7,13,21,42,100"
cka_strength,total_sparsity,cka_feddst,cifar10,0.5,0.9,13,0.5000448479686128,3.7943646560512025e-05,5,5,"7,13,21,42,100"
cka_strength,total_sparsity,cka_feddst,cifar10,0.5,0.9,14,0.5000448479686128,3.7943646560512025e-05,5,5,"7,13,21,42,100"
cka_strength,total_sparsity,cka_feddst,cifar10,0.5,0.9,15,0.5000448479686128,3.7943646560512025e-05,5,5,"7,13,21,42,100"
cka_strength,total_sparsity,cka_feddst,cifar10,0.5,0.9,16,0.5000448479686128,3.7943646560512025e-05,5,5,"7,13,21,42,100"
cka_strength,total_sparsity,cka_feddst,cifar10,0.5,0.9,17,0.5000448479686128,3.7943646560512025e-05,5,5,"7,13,21,42,100"
cka_strength,total_sparsity,cka_feddst,cifar10,0.5,0.9,18,0.5000448479686128,3.7943646560512025e-05,5,5,"7,13,21,42,100"
cka_strength,total_sparsity,cka_feddst,cifar10,0.5,0.9,19,0.5000448479686128,3.7943646560512025e-05,5,5,"7,13,21,42,100"
cka_strength,total_sparsity,cka_feddst,cifar10,0.5,0.9,20,0.5000448479686128,3.7943646560512025e-05,5,5,"7,13,21,42,100"
cka_strength,total_sparsity,cka_feddst,cifar10,0.5,1.0,1,0.5,0.0,5,5,"7,13,21,42,100"
cka_strength,total_sparsity,cka_feddst,cifar10,0.5,1.0,2,0.5000448479686128,3.7943646560512025e-05,5,5,"7,13,21,42,100"
cka_strength,total_sparsity,cka_feddst,cifar10,0.5,1.0,3,0.5000448479686128,3.7943646560512025e-05,5,5,"7,13,21,42,100"
cka_strength,total_sparsity,cka_feddst,cifar10,0.5,1.0,4,0.5000448479686128,3.7943646560512025e-05,5,5,"7,13,21,42,100"
cka_strength,total_sparsity,cka_feddst,cifar10,0.5,1.0,5,0.5000448479686128,3.7943646560512025e-05,5,5,"7,13,21,42,100"
cka_strength,total_sparsity,cka_feddst,cifar10,0.5,1.0,6,0.5000448479686128,3.7943646560512025e-05,5,5,"7,13,21,42,100"
cka_strength,total_sparsity,cka_feddst,cifar10,0.5,1.0,7,0.5000448479686128,3.7943646560512025e-05,5,5,"7,13,21,42,100"
cka_strength,total_sparsity,cka_feddst,cifar10,0.5,1.0,8,0.5000448479686128,3.7943646560512025e-05,5,5,"7,13,21,42,100"
cka_strength,total_sparsity,cka_feddst,cifar10,0.5,1.0,9,0.5000448479686128,3.7943646560512025e-05,5,5,"7,13,21,42,100"
cka_strength,total_sparsity,cka_feddst,cifar10,0.5,1.0,10,0.5000448479686128,3.7943646560512025e-05,5,5,"7,13,21,42,100"
cka_strength,total_sparsity,cka_feddst,cifar10,0.5,1.0,11,0.5000448479686128,3.7943646560512025e-05,5,5,"7,13,21,42,100"
cka_strength,total_sparsity,cka_feddst,cifar10,0.5,1.0,12,0.5000448479686128,3.7943646560512025e-05,5,5,"7,13,21,42,100"
cka_strength,total_sparsity,cka_feddst,cifar10,0.5,1.0,13,0.5000448479686128,3.7943646560512025e-05,5,5,"7,13,21,42,100"
cka_strength,total_sparsity,cka_feddst,cifar10,0.5,1.0,14,0.5000448479686128,3.7943646560512025e-05,5,5,"7,13,21,42,100"
cka_strength,total_sparsity,cka_feddst,cifar10,0.5,1.0,15,0.5000448479686128,3.7943646560512025e-05,5,5,"7,13,21,42,100"
cka_strength,total_sparsity,cka_feddst,cifar10,0.5,1.0,16,0.5000448479686128,3.7943646560512025e-05,5,5,"7,13,21,42,100"
cka_strength,total_sparsity,cka_feddst,cifar10,0.5,1.0,17,0.5000448479686128,3.7943646560512025e-05,5,5,"7,13,21,42,100"
cka_strength,total_sparsity,cka_feddst,cifar10,0.5,1.0,18,0.5000448479686128,3.7943646560512025e-05,5,5,"7,13,21,42,100"
cka_strength,total_sparsity,cka_feddst,cifar10,0.5,1.0,19,0.5000448479686128,3.7943646560512025e-05,5,5,"7,13,21,42,100"
cka_strength,total_sparsity,cka_feddst,cifar10,0.5,1.0,20,0.5000448479686128,3.7943646560512025e-05,5,5,"7,13,21,42,100"
cka_strength,total_sparsity,cka_feddst,cifar10,0.7,0.2,1,0.6999993547054876,0.0,5,5,"7,13,21,42,100"
cka_strength,total_sparsity,cka_feddst,cifar10,0.7,0.2,2,0.700030974136596,2.6399959881200575e-05,5,5,"7,13,21,42,100"
cka_strength,total_sparsity,cka_feddst,cifar10,0.7,0.2,3,0.700030974136596,2.6399959881200575e-05,5,5,"7,13,21,42,100"
cka_strength,total_sparsity,cka_feddst,cifar10,0.7,0.2,4,0.700030974136596,2.6399959881200575e-05,5,5,"7,13,21,42,100"
cka_strength,total_sparsity,cka_feddst,cifar10,0.7,0.2,5,0.700030974136596,2.6399959881200575e-05,5,5,"7,13,21,42,100"
cka_strength,total_sparsity,cka_feddst,cifar10,0.7,0.2,6,0.700030974136596,2.6399959881200575e-05,5,5,"7,13,21,42,100"
cka_strength,total_sparsity,cka_feddst,cifar10,0.7,0.2,7,0.700030974136596,2.6399959881200575e-05,5,5,"7,13,21,42,100"
cka_strength,total_sparsity,cka_feddst,cifar10,0.7,0.2,8,0.700030974136596,2.6399959881200575e-05,5,5,"7,13,21,42,100"
cka_strength,total_sparsity,cka_feddst,cifar10,0.7,0.2,9,0.700030974136596,2.6399959881200575e-05,5,5,"7,13,21,42,100"
cka_strength,total_sparsity,cka_feddst,cifar10,0.7,0.2,10,0.700030974136596,2.6399959881200575e-05,5,5,"7,13,21,42,100"
cka_strength,total_sparsity,cka_feddst,cifar10,0.7,0.2,11,0.700030974136596,2.6399959881200575e-05,5,5,"7,13,21,42,100"
cka_strength,total_sparsity,cka_feddst,cifar10,0.7,0.2,12,0.700030974136596,2.6399959881200575e-05,5,5,"7,13,21,42,100"
cka_strength,total_sparsity,cka_feddst,cifar10,0.7,0.2,13,0.700030974136596,2.6399959881200575e-05,5,5,"7,13,21,42,100"
cka_strength,total_sparsity,cka_feddst,cifar10,0.7,0.2,14,0.700030974136596,2.6399959881200575e-05,5,5,"7,13,21,42,100"
cka_strength,total_sparsity,cka_feddst,cifar10,0.7,0.2,15,0.700030974136596,2.6399959881200575e-05,5,5,"7,13,21,42,100"
cka_strength,total_sparsity,cka_feddst,cifar10,0.7,0.2,16,0.700030974136596,2.6399959881200575e-05,5,5,"7,13,21,42,100"
cka_strength,total_sparsity,cka_feddst,cifar10,0.7,0.2,17,0.700030974136596,2.6399959881200575e-05,5,5,"7,13,21,42,100"
cka_strength,total_sparsity,cka_feddst,cifar10,0.7,0.2,18,0.700030974136596,2.6399959881200575e-05,5,5,"7,13,21,42,100"
cka_strength,total_sparsity,cka_feddst,cifar10,0.7,0.2,19,0.700030974136596,2.6399959881200575e-05,5,5,"7,13,21,42,100"
cka_strength,total_sparsity,cka_feddst,cifar10,0.7,0.2,20,0.700030974136596,2.6399959881200575e-05,5,5,"7,13,21,42,100"
cka_strength,total_sparsity,cka_feddst,cifar10,0.7,0.5,1,0.6999993547054876,0.0,5,5,"7,13,21,42,100"
cka_strength,total_sparsity,cka_feddst,cifar10,0.7,0.5,2,0.700030974136596,2.6399959881200575e-05,5,5,"7,13,21,42,100"
cka_strength,total_sparsity,cka_feddst,cifar10,0.7,0.5,3,0.700030974136596,2.6399959881200575e-05,5,5,"7,13,21,42,100"
cka_strength,total_sparsity,cka_feddst,cifar10,0.7,0.5,4,0.700030974136596,2.6399959881200575e-05,5,5,"7,13,21,42,100"
cka_strength,total_sparsity,cka_feddst,cifar10,0.7,0.5,5,0.700030974136596,2.6399959881200575e-05,5,5,"7,13,21,42,100"
cka_strength,total_sparsity,cka_feddst,cifar10,0.7,0.5,6,0.700030974136596,2.6399959881200575e-05,5,5,"7,13,21,42,100"
cka_strength,total_sparsity,cka_feddst,cifar10,0.7,0.5,7,0.700030974136596,2.6399959881200575e-05,5,5,"7,13,21,42,100"
cka_strength,total_sparsity,cka_feddst,cifar10,0.7,0.5,8,0.700030974136596,2.6399959881200575e-05,5,5,"7,13,21,42,100"
cka_strength,total_sparsity,cka_feddst,cifar10,0.7,0.5,9,0.700030974136596,2.6399959881200575e-05,5,5,"7,13,21,42,100"
cka_strength,total_sparsity,cka_feddst,cifar10,0.7,0.5,10,0.700030974136596,2.6399959881200575e-05,5,5,"7,13,21,42,100"
cka_strength,total_sparsity,cka_feddst,cifar10,0.7,0.5,11,0.700030974136596,2.6399959881200575e-05,5,5,"7,13,21,42,100"
cka_strength,total_sparsity,cka_feddst,cifar10,0.7,0.5,12,0.700030974136596,2.6399959881200575e-05,5,5,"7,13,21,42,100"
cka_strength,total_sparsity,cka_feddst,cifar10,0.7,0.5,13,0.700030974136596,2.6399959881200575e-05,5,5,"7,13,21,42,100"
cka_strength,total_sparsity,cka_feddst,cifar10,0.7,0.5,14,0.700030974136596,2.6399959881200575e-05,5,5,"7,13,21,42,100"
cka_strength,total_sparsity,cka_feddst,cifar10,0.7,0.5,15,0.700030974136596,2.6399959881200575e-05,5,5,"7,13,21,42,100"
cka_strength,total_sparsity,cka_feddst,cifar10,0.7,0.5,16,0.700030974136596,2.6399959881200575e-05,5,5,"7,13,21,42,100"
cka_strength,total_sparsity,cka_feddst,cifar10,0.7,0.5,17,0.700030974136596,2.6399959881200575e-05,5,5,"7,13,21,42,100"
cka_strength,total_sparsity,cka_feddst,cifar10,0.7,0.5,18,0.700030974136596,2.6399959881200575e-05,5,5,"7,13,21,42,100"
cka_strength,total_sparsity,cka_feddst,cifar10,0.7,0.5,19,0.700030974136596,2.6399959881200575e-05,5,5,"7,13,21,42,100"
cka_strength,total_sparsity,cka_feddst,cifar10,0.7,0.5,20,0.700030974136596,2.6399959881200575e-05,5,5,"7,13,21,42,100"
cka_strength,total_sparsity,cka_feddst,cifar10,0.7,0.8,1,0.6999993547054876,0.0,5,5,"7,13,21,42,100"
cka_strength,total_sparsity,cka_feddst,cifar10,0.7,0.8,2,0.700030974136596,2.6399959881200575e-05,5,5,"7,13,21,42,100"
cka_strength,total_sparsity,cka_feddst,cifar10,0.7,0.8,3,0.700030974136596,2.6399959881200575e-05,5,5,"7,13,21,42,100"
cka_strength,total_sparsity,cka_feddst,cifar10,0.7,0.8,4,0.700030974136596,2.6399959881200575e-05,5,5,"7,13,21,42,100"
cka_strength,total_sparsity,cka_feddst,cifar10,0.7,0.8,5,0.700030974136596,2.6399959881200575e-05,5,5,"7,13,21,42,100"
cka_strength,total_sparsity,cka_feddst,cifar10,0.7,0.8,6,0.700030974136596,2.6399959881200575e-05,5,5,"7,13,21,42,100"
cka_strength,total_sparsity,cka_feddst,cifar10,0.7,0.8,7,0.700030974136596,2.6399959881200575e-05,5,5,"7,13,21,42,100"
cka_strength,total_sparsity,cka_feddst,cifar10,0.7,0.8,8,0.700030974136596,2.6399959881200575e-05,5,5,"7,13,21,42,100"
cka_strength,total_sparsity,cka_feddst,cifar10,0.7,0.8,9,0.700030974136596,2.6399959881200575e-05,5,5,"7,13,21,42,100"
cka_strength,total_sparsity,cka_feddst,cifar10,0.7,0.8,10,0.700030974136596,2.6399959881200575e-05,5,5,"7,13,21,42,100"
cka_strength,total_sparsity,cka_feddst,cifar10,0.7,0.8,11,0.700030974136596,2.6399959881200575e-05,5,5,"7,13,21,42,100"
cka_strength,total_sparsity,cka_feddst,cifar10,0.7,0.8,12,0.700030974136596,2.6399959881200575e-05,5,5,"7,13,21,42,100"
cka_strength,total_sparsity,cka_feddst,cifar10,0.7,0.8,13,0.700030974136596,2.6399959881200575e-05,5,5,"7,13,21,42,100"
cka_strength,total_sparsity,cka_feddst,cifar10,0.7,0.8,14,0.700030974136596,2.6399959881200575e-05,5,5,"7,13,21,42,100"
cka_strength,total_sparsity,cka_feddst,cifar10,0.7,0.8,15,0.700030974136596,2.6399959881200575e-05,5,5,"7,13,21,42,100"
cka_strength,total_sparsity,cka_feddst,cifar10,0.7,0.8,16,0.700030974136596,2.6399959881200575e-05,5,5,"7,13,21,42,100"
cka_strength,total_sparsity,cka_feddst,cifar10,0.7,0.8,17,0.700030974136596,2.6399959881200575e-05,5,5,"7,13,21,42,100"
cka_strength,total_sparsity,cka_feddst,cifar10,0.7,0.8,18,0.700030974136596,2.6399959881200575e-05,5,5,"7,13,21,42,100"
cka_strength,total_sparsity,cka_feddst,cifar10,0.7,0.8,19,0.700030974136596,2.6399959881200575e-05,5,5,"7,13,21,42,100"
cka_strength,total_sparsity,cka_feddst,cifar10,0.7,0.8,20,0.700030974136596,2.6399959881200575e-05,5,5,"7,13,21,42,100"
cka_strength,total_sparsity,cka_feddst,cifar10,0.7,0.9,1,0.6999993547054876,0.0,5,5,"7,13,21,42,100"
cka_strength,total_sparsity,cka_feddst,cifar10,0.7,0.9,2,0.700030974136596,2.6399959881200575e-05,5,5,"7,13,21,42,100"
cka_strength,total_sparsity,cka_feddst,cifar10,0.7,0.9,3,0.700030974136596,2.6399959881200575e-05,5,5,"7,13,21,42,100"
cka_strength,total_sparsity,cka_feddst,cifar10,0.7,0.9,4,0.700030974136596,2.6399959881200575e-05,5,5,"7,13,21,42,100"
cka_strength,total_sparsity,cka_feddst,cifar10,0.7,0.9,5,0.700030974136596,2.6399959881200575e-05,5,5,"7,13,21,42,100"
cka_strength,total_sparsity,cka_feddst,cifar10,0.7,0.9,6,0.700030974136596,2.6399959881200575e-05,5,5,"7,13,21,42,100"
cka_strength,total_sparsity,cka_feddst,cifar10,0.7,0.9,7,0.700030974136596,2.6399959881200575e-05,5,5,"7,13,21,42,100"
cka_strength,total_sparsity,cka_feddst,cifar10,0.7,0.9,8,0.700030974136596,2.6399959881200575e-05,5,5,"7,13,21,42,100"
cka_strength,total_sparsity,cka_feddst,cifar10,0.7,0.9,9,0.700030974136596,2.6399959881200575e-05,5,5,"7,13,21,42,100"
cka_strength,total_sparsity,cka_feddst,cifar10,0.7,0.9,10,0.700030974136596,2.6399959881200575e-05,5,5,"7,13,21,42,100"
cka_strength,total_sparsity,cka_feddst,cifar10,0.7,0.9,11,0.700030974136596,2.6399959881200575e-05,5,5,"7,13,21,42,100"
cka_strength,total_sparsity,cka_feddst,cifar10,0.7,0.9,12,0.700030974136596,2.6399959881200575e-05,5,5,"7,13,21,42,100"
cka_strength,total_sparsity,cka_feddst,cifar10,0.7,0.9,13,0.700030974136596,2.6399959881200575e-05,5,5,"7,13,21,42,100"
cka_strength,total_sparsity,cka_feddst,cifar10,0.7,0.9,14,0.700030974136596,2.6399959881200575e-05,5,5,"7,13,21,42,100"
cka_strength,total_sparsity,cka_feddst,cifar10,0.7,0.9,15,0.700030974136596,2.6399959881200575e-05,5,5,"7,13,21,42,100"
cka_strength,total_sparsity,cka_feddst,cifar10,0.7,0.9,16,0.700030974136596,2.6399959881200575e-05,5,5,"7,13,21,42,100"
cka_strength,total_sparsity,cka_feddst,cifar10,0.7,0.9,17,0.700030974136596,2.6399959881200575e-05,5,5,"7,13,21,42,100"
cka_strength,total_sparsity,cka_feddst,cifar10,0.7,0.9,18,0.700030974136596,2.6399959881200575e-05,5,5,"7,13,21,42,100"
cka_strength,total_sparsity,cka_feddst,cifar10,0.7,0.9,19,0.700030974136596,2.6399959881200575e-05,5,5,"7,13,21,42,100"
cka_strength,total_sparsity,cka_feddst,cifar10,0.7,0.9,20,0.700030974136596,2.6399959881200575e-05,5,5,"7,13,21,42,100"
cka_strength,total_sparsity,cka_feddst,cifar10,0.7,1.0,1,0.6999993547054876,0.0,5,5,"7,13,21,42,100"
cka_strength,total_sparsity,cka_feddst,cifar10,0.7,1.0,2,0.700030974136596,2.6399959881200575e-05,5,5,"7,13,21,42,100"
cka_strength,total_sparsity,cka_feddst,cifar10,0.7,1.0,3,0.700030974136596,2.6399959881200575e-05,5,5,"7,13,21,42,100"
cka_strength,total_sparsity,cka_feddst,cifar10,0.7,1.0,4,0.700030974136596,2.6399959881200575e-05,5,5,"7,13,21,42,100"
cka_strength,total_sparsity,cka_feddst,cifar10,0.7,1.0,5,0.700030974136596,2.6399959881200575e-05,5,5,"7,13,21,42,100"
cka_strength,total_sparsity,cka_feddst,cifar10,0.7,1.0,6,0.700030974136596,2.6399959881200575e-05,5,5,"7,13,21,42,100"
cka_strength,total_sparsity,cka_feddst,cifar10,0.7,1.0,7,0.700030974136596,2.6399959881200575e-05,5,5,"7,13,21,42,100"
cka_strength,total_sparsity,cka_feddst,cifar10,0.7,1.0,8,0.700030974136596,2.6399959881200575e-05,5,5,"7,13,21,42,100"
cka_strength,total_sparsity,cka_feddst,cifar10,0.7,1.0,9,0.700030974136596,2.6399959881200575e-05,5,5,"7,13,21,42,100"
cka_strength,total_sparsity,cka_feddst,cifar10,0.7,1.0,10,0.700030974136596,2.6399959881200575e-05,5,5,"7,13,21,42,100"
cka_strength,total_sparsity,cka_feddst,cifar10,0.7,1.0,11,0.700030974136596,2.6399959881200575e-05,5,5,"7,13,21,42,100"
cka_strength,total_sparsity,cka_feddst,cifar10,0.7,1.0,12,0.700030974136596,2.6399959881200575e-05,5,5,"7,13,21,42,100"
cka_strength,total_sparsity,cka_feddst,cifar10,0.7,1.0,13,0.700030974136596,2.6399959881200575e-05,5,5,"7,13,21,42,100"
cka_strength,total_sparsity,cka_feddst,cifar10,0.7,1.0,14,0.700030974136596,2.6399959881200575e-05,5,5,"7,13,21,42,100"
cka_strength,total_sparsity,cka_feddst,cifar10,0.7,1.0,15,0.700030974136596,2.6399959881200575e-05,5,5,"7,13,21,42,100"
cka_strength,total_sparsity,cka_feddst,cifar10,0.7,1.0,16,0.700030974136596,2.6399959881200575e-05,5,5,"7,13,21,42,100"
cka_strength,total_sparsity,cka_feddst,cifar10,0.7,1.0,17,0.700030974136596,2.6399959881200575e-05,5,5,"7,13,21,42,100"
cka_strength,total_sparsity,cka_feddst,cifar10,0.7,1.0,18,0.700030974136596,2.6399959881200575e-05,5,5,"7,13,21,42,100"
cka_strength,total_sparsity,cka_feddst,cifar10,0.7,1.0,19,0.700030974136596,2.6399959881200575e-05,5,5,"7,13,21,42,100"
cka_strength,total_sparsity,cka_feddst,cifar10,0.7,1.0,20,0.700030974136596,2.6399959881200575e-05,5,5,"7,13,21,42,100"
cka_strength,total_sparsity,cka_feddst,cifar10,0.8,0.2,1,0.8000006452945124,0.0,5,5,"7,13,21,42,100"
cka_strength,total_sparsity,cka_feddst,cifar10,0.8,0.2,2,0.8000112926539673,3.498528933231236e-05,5,5,"7,13,21,42,100"
cka_strength,total_sparsity,cka_feddst,cifar10,0.8,0.2,3,0.8000112926539673,3.498528933231236e-05,5,5,"7,13,21,42,100"
cka_strength,total_sparsity,cka_feddst,cifar10,0.8,0.2,4,0.8000112926539673,3.498528933231236e-05,5,5,"7,13,21,42,100"
cka_strength,total_sparsity,cka_feddst,cifar10,0.8,0.2,5,0.8000112926539673,3.498528933231236e-05,5,5,"7,13,21,42,100"
cka_strength,total_sparsity,cka_feddst,cifar10,0.8,0.2,6,0.8000112926539673,3.498528933231236e-05,5,5,"7,13,21,42,100"
cka_strength,total_sparsity,cka_feddst,cifar10,0.8,0.2,7,0.8000112926539673,3.498528933231236e-05,5,5,"7,13,21,42,100"
cka_strength,total_sparsity,cka_feddst,cifar10,0.8,0.2,8,0.8000112926539673,3.498528933231236e-05,5,5,"7,13,21,42,100"
cka_strength,total_sparsity,cka_feddst,cifar10,0.8,0.2,9,0.8000112926539673,3.498528933231236e-05,5,5,"7,13,21,42,100"
cka_strength,total_sparsity,cka_feddst,cifar10,0.8,0.2,10,0.8000112926539673,3.498528933231236e-05,5,5,"7,13,21,42,100"
cka_strength,total_sparsity,cka_feddst,cifar10,0.8,0.2,11,0.8000112926539673,3.498528933231236e-05,5,5,"7,13,21,42,100"
cka_strength,total_sparsity,cka_feddst,cifar10,0.8,0.2,12,0.8000112926539673,3.498528933231236e-05,5,5,"7,13,21,42,100"
cka_strength,total_sparsity,cka_feddst,cifar10,0.8,0.2,13,0.8000112926539673,3.498528933231236e-05,5,5,"7,13,21,42,100"
cka_strength,total_sparsity,cka_feddst,cifar10,0.8,0.2,14,0.8000112926539673,3.498528933231236e-05,5,5,"7,13,21,42,100"
cka_strength,total_sparsity,cka_feddst,cifar10,0.8,0.2,15,0.8000112926539673,3.498528933231236e-05,5,5,"7,13,21,42,100"
cka_strength,total_sparsity,cka_feddst,cifar10,0.8,0.2,16,0.8000112926539673,3.498528933231236e-05,5,5,"7,13,21,42,100"
cka_strength,total_sparsity,cka_feddst,cifar10,0.8,0.2,17,0.8000112926539673,3.498528933231236e-05,5,5,"7,13,21,42,100"
cka_strength,total_sparsity,cka_feddst,cifar10,0.8,0.2,18,0.8000112926539673,3.498528933231236e-05,5,5,"7,13,21,42,100"
cka_strength,total_sparsity,cka_feddst,cifar10,0.8,0.2,19,0.8000112926539673,3.498528933231236e-05,5,5,"7,13,21,42,100"
cka_strength,total_sparsity,cka_feddst,cifar10,0.8,0.2,20,0.8000112926539673,3.498528933231236e-05,5,5,"7,13,21,42,100"
cka_strength,total_sparsity,cka_feddst,cifar10,0.8,0.5,1,0.8000006452945124,0.0,5,5,"7,13,21,42,100"
cka_strength,total_sparsity,cka_feddst,cifar10,0.8,0.5,2,0.8000112926539673,3.498528933231236e-05,5,5,"7,13,21,42,100"
cka_strength,total_sparsity,cka_feddst,cifar10,0.8,0.5,3,0.8000112926539673,3.498528933231236e-05,5,5,"7,13,21,42,100"
cka_strength,total_sparsity,cka_feddst,cifar10,0.8,0.5,4,0.8000112926539673,3.498528933231236e-05,5,5,"7,13,21,42,100"
cka_strength,total_sparsity,cka_feddst,cifar10,0.8,0.5,5,0.8000112926539673,3.498528933231236e-05,5,5,"7,13,21,42,100"
cka_strength,total_sparsity,cka_feddst,cifar10,0.8,0.5,6,0.8000112926539673,3.498528933231236e-05,5,5,"7,13,21,42,100"
cka_strength,total_sparsity,cka_feddst,cifar10,0.8,0.5,7,0.8000112926539673,3.498528933231236e-05,5,5,"7,13,21,42,100"
cka_strength,total_sparsity,cka_feddst,cifar10,0.8,0.5,8,0.8000112926539673,3.498528933231236e-05,5,5,"7,13,21,42,100"
cka_strength,total_sparsity,cka_feddst,cifar10,0.8,0.5,9,0.8000112926539673,3.498528933231236e-05,5,5,"7,13,21,42,100"
cka_strength,total_sparsity,cka_feddst,cifar10,0.8,0.5,10,0.8000112926539673,3.498528933231236e-05,5,5,"7,13,21,42,100"
cka_strength,total_sparsity,cka_feddst,cifar10,0.8,0.5,11,0.8000112926539673,3.498528933231236e-05,5,5,"7,13,21,42,100"
cka_strength,total_sparsity,cka_feddst,cifar10,0.8,0.5,12,0.8000112926539673,3.498528933231236e-05,5,5,"7,13,21,42,100"
cka_strength,total_sparsity,cka_feddst,cifar10,0.8,0.5,13,0.8000112926539673,3.498528933231236e-05,5,5,"7,13,21,42,100"
cka_strength,total_sparsity,cka_feddst,cifar10,0.8,0.5,14,0.8000112926539673,3.498528933231236e-05,5,5,"7,13,21,42,100"
cka_strength,total_sparsity,cka_feddst,cifar10,0.8,0.5,15,0.8000112926539673,3.498528933231236e-05,5,5,"7,13,21,42,100"
cka_strength,total_sparsity,cka_feddst,cifar10,0.8,0.5,16,0.8000112926539673,3.498528933231236e-05,5,5,"7,13,21,42,100"
cka_strength,total_sparsity,cka_feddst,cifar10,0.8,0.5,17,0.8000112926539673,3.498528933231236e-05,5,5,"7,13,21,42,100"
cka_strength,total_sparsity,cka_feddst,cifar10,0.8,0.5,18,0.8000112926539673,3.498528933231236e-05,5,5,"7,13,21,42,100"
cka_strength,total_sparsity,cka_feddst,cifar10,0.8,0.5,19,0.8000112926539673,3.498528933231236e-05,5,5,"7,13,21,42,100"
cka_strength,total_sparsity,cka_feddst,cifar10,0.8,0.5,20,0.8000112926539673,3.498528933231236e-05,5,5,"7,13,21,42,100"
cka_strength,total_sparsity,cka_feddst,cifar10,0.8,0.8,1,0.8000006452945124,0.0,5,5,"7,13,21,42,100"
cka_strength,total_sparsity,cka_feddst,cifar10,0.8,0.8,2,0.8000112926539673,3.498528933231236e-05,5,5,"7,13,21,42,100"
cka_strength,total_sparsity,cka_feddst,cifar10,0.8,0.8,3,0.8000112926539673,3.498528933231236e-05,5,5,"7,13,21,42,100"
cka_strength,total_sparsity,cka_feddst,cifar10,0.8,0.8,4,0.8000112926539673,3.498528933231236e-05,5,5,"7,13,21,42,100"
cka_strength,total_sparsity,cka_feddst,cifar10,0.8,0.8,5,0.8000112926539673,3.498528933231236e-05,5,5,"7,13,21,42,100"
cka_strength,total_sparsity,cka_feddst,cifar10,0.8,0.8,6,0.8000112926539673,3.498528933231236e-05,5,5,"7,13,21,42,100"
cka_strength,total_sparsity,cka_feddst,cifar10,0.8,0.8,7,0.8000112926539673,3.498528933231236e-05,5,5,"7,13,21,42,100"
cka_strength,total_sparsity,cka_feddst,cifar10,0.8,0.8,8,0.8000112926539673,3.498528933231236e-05,5,5,"7,13,21,42,100"
cka_strength,total_sparsity,cka_feddst,cifar10,0.8,0.8,9,0.8000112926539673,3.498528933231236e-05,5,5,"7,13,21,42,100"
cka_strength,total_sparsity,cka_feddst,cifar10,0.8,0.8,10,0.8000112926539673,3.498528933231236e-05,5,5,"7,13,21,42,100"
cka_strength,total_sparsity,cka_feddst,cifar10,0.8,0.8,11,0.8000112926539673,3.498528933231236e-05,5,5,"7,13,21,42,100"
cka_strength,total_sparsity,cka_feddst,cifar10,0.8,0.8,12,0.8000112926539673,3.498528933231236e-05,5,5,"7,13,21,42,100"
cka_strength,total_sparsity,cka_feddst,cifar10,0.8,0.8,13,0.8000112926539673,3.498528933231236e-05,5,5,"7,13,21,42,100"
cka_strength,total_sparsity,cka_feddst,cifar10,0.8,0.8,14,0.8000112926539673,3.498528933231236e-05,5,5,"7,13,21,42,100"
cka_strength,total_sparsity,cka_feddst,cifar10,0.8,0.8,15,0.8000112926539673,3.498528933231236e-05,5,5,"7,13,21,42,100"
cka_strength,total_sparsity,cka_feddst,cifar10,0.8,0.8,16,0.8000112926539673,3.498528933231236e-05,5,5,"7,13,21,42,100"
cka_strength,total_sparsity,cka_feddst,cifar10,0.8,0.8,17,0.8000112926539673,3.498528933231236e-05,5,5,"7,13,21,42,100"
cka_strength,total_sparsity,cka_feddst,cifar10,0.8,0.8,18,0.8000112926539673,3.498528933231236e-05,5,5,"7,13,21,42,100"
cka_strength,total_sparsity,cka_feddst,cifar10,0.8,0.8,19,0.8000112926539673,3.498528933231236e-05,5,5,"7,13,21,42,100"
cka_strength,total_sparsity,cka_feddst,cifar10,0.8,0.8,20,0.8000112926539673,3.498528933231236e-05,5,5,"7,13,21,42,100"
cka_strength,total_sparsity,cka_feddst,cifar10,0.8,0.9,1,0.8000006452945124,0.0,5,5,"7,13,21,42,100"
cka_strength,total_sparsity,cka_feddst,cifar10,0.8,0.9,2,0.8000112926539673,3.498528933231236e-05,5,5,"7,13,21,42,100"
cka_strength,total_sparsity,cka_feddst,cifar10,0.8,0.9,3,0.8000112926539673,3.498528933231236e-05,5,5,"7,13,21,42,100"
cka_strength,total_sparsity,cka_feddst,cifar10,0.8,0.9,4,0.8000112926539673,3.498528933231236e-05,5,5,"7,13,21,42,100"
cka_strength,total_sparsity,cka_feddst,cifar10,0.8,0.9,5,0.8000112926539673,3.498528933231236e-05,5,5,"7,13,21,42,100"
cka_strength,total_sparsity,cka_feddst,cifar10,0.8,0.9,6,0.8000112926539673,3.498528933231236e-05,5,5,"7,13,21,42,100"
cka_strength,total_sparsity,cka_feddst,cifar10,0.8,0.9,7,0.8000112926539673,3.498528933231236e-05,5,5,"7,13,21,42,100"
cka_strength,total_sparsity,cka_feddst,cifar10,0.8,0.9,8,0.8000112926539673,3.498528933231236e-05,5,5,"7,13,21,42,100"
cka_strength,total_sparsity,cka_feddst,cifar10,0.8,0.9,9,0.8000112926539673,3.498528933231236e-05,5,5,"7,13,21,42,100"
cka_strength,total_sparsity,cka_feddst,cifar10,0.8,0.9,10,0.8000112926539673,3.498528933231236e-05,5,5,"7,13,21,42,100"
cka_strength,total_sparsity,cka_feddst,cifar10,0.8,0.9,11,0.8000112926539673,3.498528933231236e-05,5,5,"7,13,21,42,100"
cka_strength,total_sparsity,cka_feddst,cifar10,0.8,0.9,12,0.8000112926539673,3.498528933231236e-05,5,5,"7,13,21,42,100"
cka_strength,total_sparsity,cka_feddst,cifar10,0.8,0.9,13,0.8000112926539673,3.498528933231236e-05,5,5,"7,13,21,42,100"
cka_strength,total_sparsity,cka_feddst,cifar10,0.8,0.9,14,0.8000112926539673,3.498528933231236e-05,5,5,"7,13,21,42,100"
cka_strength,total_sparsity,cka_feddst,cifar10,0.8,0.9,15,0.8000112926539673,3.498528933231236e-05,5,5,"7,13,21,42,100"
cka_strength,total_sparsity,cka_feddst,cifar10,0.8,0.9,16,0.8000112926539673,3.498528933231236e-05,5,5,"7,13,21,42,100"
cka_strength,total_sparsity,cka_feddst,cifar10,0.8,0.9,17,0.8000112926539673,3.498528933231236e-05,5,5,"7,13,21,42,100"
cka_strength,total_sparsity,cka_feddst,cifar10,0.8,0.9,18,0.8000112926539673,3.498528933231236e-05,5,5,"7,13,21,42,100"
cka_strength,total_sparsity,cka_feddst,cifar10,0.8,0.9,19,0.8000112926539673,3.498528933231236e-05,5,5,"7,13,21,42,100"
cka_strength,total_sparsity,cka_feddst,cifar10,0.8,0.9,20,0.8000112926539673,3.498528933231236e-05,5,5,"7,13,21,42,100"
cka_strength,total_sparsity,cka_feddst,cifar10,0.8,1.0,1,0.8000006452945124,0.0,5,5,"7,13,21,42,100"
cka_strength,total_sparsity,cka_feddst,cifar10,0.8,1.0,2,0.8000112926539673,3.498528933231236e-05,5,5,"7,13,21,42,100"
cka_strength,total_sparsity,cka_feddst,cifar10,0.8,1.0,3,0.8000112926539673,3.498528933231236e-05,5,5,"7,13,21,42,100"
cka_strength,total_sparsity,cka_feddst,cifar10,0.8,1.0,4,0.8000112926539673,3.498528933231236e-05,5,5,"7,13,21,42,100"
cka_strength,total_sparsity,cka_feddst,cifar10,0.8,1.0,5,0.8000112926539673,3.498528933231236e-05,5,5,"7,13,21,42,100"
cka_strength,total_sparsity,cka_feddst,cifar10,0.8,1.0,6,0.8000112926539673,3.498528933231236e-05,5,5,"7,13,21,42,100"
cka_strength,total_sparsity,cka_feddst,cifar10,0.8,1.0,7,0.8000112926539673,3.498528933231236e-05,5,5,"7,13,21,42,100"
cka_strength,total_sparsity,cka_feddst,cifar10,0.8,1.0,8,0.8000112926539673,3.498528933231236e-05,5,5,"7,13,21,42,100"
cka_strength,total_sparsity,cka_feddst,cifar10,0.8,1.0,9,0.8000112926539673,3.498528933231236e-05,5,5,"7,13,21,42,100"
cka_strength,total_sparsity,cka_feddst,cifar10,0.8,1.0,10,0.8000112926539673,3.498528933231236e-05,5,5,"7,13,21,42,100"
cka_strength,total_sparsity,cka_feddst,cifar10,0.8,1.0,11,0.8000112926539673,3.498528933231236e-05,5,5,"7,13,21,42,100"
cka_strength,total_sparsity,cka_feddst,cifar10,0.8,1.0,12,0.8000112926539673,3.498528933231236e-05,5,5,"7,13,21,42,100"
cka_strength,total_sparsity,cka_feddst,cifar10,0.8,1.0,13,0.8000112926539673,3.498528933231236e-05,5,5,"7,13,21,42,100"
cka_strength,total_sparsity,cka_feddst,cifar10,0.8,1.0,14,0.8000112926539673,3.498528933231236e-05,5,5,"7,13,21,42,100"
cka_strength,total_sparsity,cka_feddst,cifar10,0.8,1.0,15,0.8000112926539673,3.498528933231236e-05,5,5,"7,13,21,42,100"
cka_strength,total_sparsity,cka_feddst,cifar10,0.8,1.0,16,0.8000112926539673,3.498528933231236e-05,5,5,"7,13,21,42,100"
cka_strength,total_sparsity,cka_feddst,cifar10,0.8,1.0,17,0.8000112926539673,3.498528933231236e-05,5,5,"7,13,21,42,100"
cka_strength,total_sparsity,cka_feddst,cifar10,0.8,1.0,18,0.8000112926539673,3.498528933231236e-05,5,5,"7,13,21,42,100"
cka_strength,total_sparsity,cka_feddst,cifar10,0.8,1.0,19,0.8000112926539673,3.498528933231236e-05,5,5,"7,13,21,42,100"
cka_strength,total_sparsity,cka_feddst,cifar10,0.8,1.0,20,0.8000112926539673,3.498528933231236e-05,5,5,"7,13,21,42,100"
cka_strength,total_sparsity,cka_feddst,cifar10,0.9,0.2,1,0.9000003226472562,0.0,5,5,"7,13,21,42,100"
cka_strength,total_sparsity,cka_feddst,cifar10,0.9,0.2,2,0.9000200041298848,1.681948727345647e-05,5,5,"7,13,21,42,100"
cka_strength,total_sparsity,cka_feddst,cifar10,0.9,0.2,3,0.9000200041298848,1.681948727345647e-05,5,5,"7,13,21,42,100"
cka_strength,total_sparsity,cka_feddst,cifar10,0.9,0.2,4,0.9000200041298848,1.681948727345647e-05,5,5,"7,13,21,42,100"
cka_strength,total_sparsity,cka_feddst,cifar10,0.9,0.2,5,0.9000200041298848,1.681948727345647e-05,5,5,"7,13,21,42,100"
cka_strength,total_sparsity,cka_feddst,cifar10,0.9,0.2,6,0.9000200041298848,1.681948727345647e-05,5,5,"7,13,21,42,100"
cka_strength,total_sparsity,cka_feddst,cifar10,0.9,0.2,7,0.9000200041298848,1.681948727345647e-05,5,5,"7,13,21,42,100"
cka_strength,total_sparsity,cka_feddst,cifar10,0.9,0.2,8,0.9000200041298848,1.681948727345647e-05,5,5,"7,13,21,42,100"
cka_strength,total_sparsity,cka_feddst,cifar10,0.9,0.2,9,0.9000200041298848,1.681948727345647e-05,5,5,"7,13,21,42,100"
cka_strength,total_sparsity,cka_feddst,cifar10,0.9,0.2,10,0.9000200041298848,1.681948727345647e-05,5,5,"7,13,21,42,100"
cka_strength,total_sparsity,cka_feddst,cifar10,0.9,0.2,11,0.9000200041298848,1.681948727345647e-05,5,5,"7,13,21,42,100"
cka_strength,total_sparsity,cka_feddst,cifar10,0.9,0.2,12,0.9000200041298848,1.681948727345647e-05,5,5,"7,13,21,42,100"
cka_strength,total_sparsity,cka_feddst,cifar10,0.9,0.2,13,0.9000200041298848,1.681948727345647e-05,5,5,"7,13,21,42,100"
cka_strength,total_sparsity,cka_feddst,cifar10,0.9,0.2,14,0.9000200041298848,1.681948727345647e-05,5,5,"7,13,21,42,100"
cka_strength,total_sparsity,cka_feddst,cifar10,0.9,0.2,15,0.9000200041298848,1.681948727345647e-05,5,5,"7,13,21,42,100"
cka_strength,total_sparsity,cka_feddst,cifar10,0.9,0.2,16,0.9000200041298848,1.681948727345647e-05,5,5,"7,13,21,42,100"
cka_strength,total_sparsity,cka_feddst,cifar10,0.9,0.2,17,0.9000200041298848,1.681948727345647e-05,5,5,"7,13,21,42,100"
cka_strength,total_sparsity,cka_feddst,cifar10,0.9,0.2,18,0.9000200041298848,1.681948727345647e-05,5,5,"7,13,21,42,100"
cka_strength,total_sparsity,cka_feddst,cifar10,0.9,0.2,19,0.9000200041298848,1.681948727345647e-05,5,5,"7,13,21,42,100"
cka_strength,total_sparsity,cka_feddst,cifar10,0.9,0.2,20,0.9000200041298848,1.681948727345647e-05,5,5,"7,13,21,42,100"
cka_strength,total_sparsity,cka_feddst,cifar10,0.9,0.5,1,0.9000003226472562,0.0,5,5,"7,13,21,42,100"
cka_strength,total_sparsity,cka_feddst,cifar10,0.9,0.5,2,0.9000200041298848,1.681948727345647e-05,5,5,"7,13,21,42,100"
cka_strength,total_sparsity,cka_feddst,cifar10,0.9,0.5,3,0.9000200041298848,1.681948727345647e-05,5,5,"7,13,21,42,100"
cka_strength,total_sparsity,cka_feddst,cifar10,0.9,0.5,4,0.9000200041298848,1.681948727345647e-05,5,5,"7,13,21,42,100"
cka_strength,total_sparsity,cka_feddst,cifar10,0.9,0.5,5,0.9000200041298848,1.681948727345647e-05,5,5,"7,13,21,42,100"
cka_strength,total_sparsity,cka_feddst,cifar10,0.9,0.5,6,0.9000200041298848,1.681948727345647e-05,5,5,"7,13,21,42,100"
cka_strength,total_sparsity,cka_feddst,cifar10,0.9,0.5,7,0.9000200041298848,1.681948727345647e-05,5,5,"7,13,21,42,100"
cka_strength,total_sparsity,cka_feddst,cifar10,0.9,0.5,8,0.9000200041298848,1.681948727345647e-05,5,5,"7,13,21,42,100"
cka_strength,total_sparsity,cka_feddst,cifar10,0.9,0.5,9,0.9000200041298848,1.681948727345647e-05,5,5,"7,13,21,42,100"
cka_strength,total_sparsity,cka_feddst,cifar10,0.9,0.5,10,0.9000200041298848,1.681948727345647e-05,5,5,"7,13,21,42,100"
cka_strength,total_sparsity,cka_feddst,cifar10,0.9,0.5,11,0.9000200041298848,1.681948727345647e-05,5,5,"7,13,21,42,100"
cka_strength,total_sparsity,cka_feddst,cifar10,0.9,0.5,12,0.9000200041298848,1.681948727345647e-05,5,5,"7,13,21,42,100"
cka_strength,total_sparsity,cka_feddst,cifar10,0.9,0.5,13,0.9000200041298848,1.681948727345647e-05,5,5,"7,13,21,42,100"
cka_strength,total_sparsity,cka_feddst,cifar10,0.9,0.5,14,0.9000200041298848,1.681948727345647e-05,5,5,"7,13,21,42,100"
cka_strength,total_sparsity,cka_feddst,cifar10,0.9,0.5,15,0.9000200041298848,1.681948727345647e-05,5,5,"7,13,21,42,100"
cka_strength,total_sparsity,cka_feddst,cifar10,0.9,0.5,16,0.9000200041298848,1.681948727345647e-05,5,5,"7,13,21,42,100"
cka_strength,total_sparsity,cka_feddst,cifar10,0.9,0.5,17,0.9000200041298848,1.681948727345647e-05,5,5,"7,13,21,42,100"
cka_strength,total_sparsity,cka_feddst,cifar10,0.9,0.5,18,0.9000200041298848,1.681948727345647e-05,5,5,"7,13,21,42,100"
cka_strength,total_sparsity,cka_feddst,cifar10,0.9,0.5,19,0.9000200041298848,1.681948727345647e-05,5,5,"7,13,21,42,100"
cka_strength,total_sparsity,cka_feddst,cifar10,0.9,0.5,20,0.9000200041298848,1.681948727345647e-05,5,5,"7,13,21,42,100"
cka_strength,total_sparsity,cka_feddst,cifar10,0.9,0.8,1,0.9000003226472562,0.0,5,5,"7,13,21,42,100"
cka_strength,total_sparsity,cka_feddst,cifar10,0.9,0.8,2,0.9000200041298848,1.681948727345647e-05,5,5,"7,13,21,42,100"
cka_strength,total_sparsity,cka_feddst,cifar10,0.9,0.8,3,0.9000200041298848,1.681948727345647e-05,5,5,"7,13,21,42,100"
cka_strength,total_sparsity,cka_feddst,cifar10,0.9,0.8,4,0.9000200041298848,1.681948727345647e-05,5,5,"7,13,21,42,100"
cka_strength,total_sparsity,cka_feddst,cifar10,0.9,0.8,5,0.9000200041298848,1.681948727345647e-05,5,5,"7,13,21,42,100"
cka_strength,total_sparsity,cka_feddst,cifar10,0.9,0.8,6,0.9000200041298848,1.681948727345647e-05,5,5,"7,13,21,42,100"
cka_strength,total_sparsity,cka_feddst,cifar10,0.9,0.8,7,0.9000200041298848,1.681948727345647e-05,5,5,"7,13,21,42,100"
cka_strength,total_sparsity,cka_feddst,cifar10,0.9,0.8,8,0.9000200041298848,1.681948727345647e-05,5,5,"7,13,21,42,100"
cka_strength,total_sparsity,cka_feddst,cifar10,0.9,0.8,9,0.9000200041298848,1.681948727345647e-05,5,5,"7,13,21,42,100"
cka_strength,total_sparsity,cka_feddst,cifar10,0.9,0.8,10,0.9000200041298848,1.681948727345647e-05,5,5,"7,13,21,42,100"
cka_strength,total_sparsity,cka_feddst,cifar10,0.9,0.8,11,0.9000200041298848,1.681948727345647e-05,5,5,"7,13,21,42,100"
cka_strength,total_sparsity,cka_feddst,cifar10,0.9,0.8,12,0.9000200041298848,1.681948727345647e-05,5,5,"7,13,21,42,100"
cka_strength,total_sparsity,cka_feddst,cifar10,0.9,0.8,13,0.9000200041298848,1.681948727345647e-05,5,5,"7,13,21,42,100"
cka_strength,total_sparsity,cka_feddst,cifar10,0.9,0.8,14,0.9000200041298848,1.681948727345647e-05,5,5,"7,13,21,42,100"
cka_strength,total_sparsity,cka_feddst,cifar10,0.9,0.8,15,0.9000200041298848,1.681948727345647e-05,5,5,"7,13,21,42,100"
cka_strength,total_sparsity,cka_feddst,cifar10,0.9,0.8,16,0.9000200041298848,1.681948727345647e-05,5,5,"7,13,21,42,100"
cka_strength,total_sparsity,cka_feddst,cifar10,0.9,0.8,17,0.9000200041298848,1.681948727345647e-05,5,5,"7,13,21,42,100"
cka_strength,total_sparsity,cka_feddst,cifar10,0.9,0.8,18,0.9000200041298848,1.681948727345647e-05,5,5,"7,13,21,42,100"
cka_strength,total_sparsity,cka_feddst,cifar10,0.9,0.8,19,0.9000200041298848,1.681948727345647e-05,5,5,"7,13,21,42,100"
cka_strength,total_sparsity,cka_feddst,cifar10,0.9,0.8,20,0.9000200041298848,1.681948727345647e-05,5,5,"7,13,21,42,100"
cka_strength,total_sparsity,cka_feddst,cifar10,0.9,0.9,1,0.9000003226472562,0.0,5,5,"7,13,21,42,100"
cka_strength,total_sparsity,cka_feddst,cifar10,0.9,0.9,2,0.9000200041298848,1.681948727345647e-05,5,5,"7,13,21,42,100"
cka_strength,total_sparsity,cka_feddst,cifar10,0.9,0.9,3,0.9000200041298848,1.681948727345647e-05,5,5,"7,13,21,42,100"
cka_strength,total_sparsity,cka_feddst,cifar10,0.9,0.9,4,0.9000200041298848,1.681948727345647e-05,5,5,"7,13,21,42,100"
cka_strength,total_sparsity,cka_feddst,cifar10,0.9,0.9,5,0.9000200041298848,1.681948727345647e-05,5,5,"7,13,21,42,100"
cka_strength,total_sparsity,cka_feddst,cifar10,0.9,0.9,6,0.9000200041298848,1.681948727345647e-05,5,5,"7,13,21,42,100"
cka_strength,total_sparsity,cka_feddst,cifar10,0.9,0.9,7,0.9000200041298848,1.681948727345647e-05,5,5,"7,13,21,42,100"
cka_strength,total_sparsity,cka_feddst,cifar10,0.9,0.9,8,0.9000200041298848,1.681948727345647e-05,5,5,"7,13,21,42,100"
cka_strength,total_sparsity,cka_feddst,cifar10,0.9,0.9,9,0.9000200041298848,1.681948727345647e-05,5,5,"7,13,21,42,100"
cka_strength,total_sparsity,cka_feddst,cifar10,0.9,0.9,10,0.9000200041298848,1.681948727345647e-05,5,5,"7,13,21,42,100"
cka_strength,total_sparsity,cka_feddst,cifar10,0.9,0.9,11,0.9000200041298848,1.681948727345647e-05,5,5,"7,13,21,42,100"
cka_strength,total_sparsity,cka_feddst,cifar10,0.9,0.9,12,0.9000200041298848,1.681948727345647e-05,5,5,"7,13,21,42,100"
cka_strength,total_sparsity,cka_feddst,cifar10,0.9,0.9,13,0.9000200041298848,1.681948727345647e-05,5,5,"7,13,21,42,100"
cka_strength,total_sparsity,cka_feddst,cifar10,0.9,0.9,14,0.9000200041298848,1.681948727345647e-05,5,5,"7,13,21,42,100"
cka_strength,total_sparsity,cka_feddst,cifar10,0.9,0.9,15,0.9000200041298848,1.681948727345647e-05,5,5,"7,13,21,42,100"
cka_strength,total_sparsity,cka_feddst,cifar10,0.9,0.9,16,0.9000200041298848,1.681948727345647e-05,5,5,"7,13,21,42,100"
cka_strength,total_sparsity,cka_feddst,cifar10,0.9,0.9,17,0.9000200041298848,1.681948727345647e-05,5,5,"7,13,21,42,100"
cka_strength,total_sparsity,cka_feddst,cifar10,0.9,0.9,18,0.9000200041298848,1.681948727345647e-05,5,5,"7,13,21,42,100"
cka_strength,total_sparsity,cka_feddst,cifar10,0.9,0.9,19,0.9000200041298848,1.681948727345647e-05,5,5,"7,13,21,42,100"
cka_strength,total_sparsity,cka_feddst,cifar10,0.9,0.9,20,0.9000200041298848,1.681948727345647e-05,5,5,"7,13,21,42,100"
cka_strength,total_sparsity,cka_feddst,cifar10,0.9,1.0,1,0.9000003226472562,0.0,5,5,"7,13,21,42,100"
cka_strength,total_sparsity,cka_feddst,cifar10,0.9,1.0,2,0.9000200041298848,1.681948727345647e-05,5,5,"7,13,21,42,100"
cka_strength,total_sparsity,cka_feddst,cifar10,0.9,1.0,3,0.9000200041298848,1.681948727345647e-05,5,5,"7,13,21,42,100"
cka_strength,total_sparsity,cka_feddst,cifar10,0.9,1.0,4,0.9000200041298848,1.681948727345647e-05,5,5,"7,13,21,42,100"
cka_strength,total_sparsity,cka_feddst,cifar10,0.9,1.0,5,0.9000200041298848,1.681948727345647e-05,5,5,"7,13,21,42,100"
cka_strength,total_sparsity,cka_feddst,cifar10,0.9,1.0,6,0.9000200041298848,1.681948727345647e-05,5,5,"7,13,21,42,100"
cka_strength,total_sparsity,cka_feddst,cifar10,0.9,1.0,7,0.9000200041298848,1.681948727345647e-05,5,5,"7,13,21,42,100"
cka_strength,total_sparsity,cka_feddst,cifar10,0.9,1.0,8,0.9000200041298848,1.681948727345647e-05,5,5,"7,13,21,42,100"
cka_strength,total_sparsity,cka_feddst,cifar10,0.9,1.0,9,0.9000200041298848,1.681948727345647e-05,5,5,"7,13,21,42,100"
cka_strength,total_sparsity,cka_feddst,cifar10,0.9,1.0,10,0.9000200041298848,1.681948727345647e-05,5,5,"7,13,21,42,100"
cka_strength,total_sparsity,cka_feddst,cifar10,0.9,1.0,11,0.9000200041298848,1.681948727345647e-05,5,5,"7,13,21,42,100"
cka_strength,total_sparsity,cka_feddst,cifar10,0.9,1.0,12,0.9000200041298848,1.681948727345647e-05,5,5,"7,13,21,42,100"
cka_strength,total_sparsity,cka_feddst,cifar10,0.9,1.0,13,0.9000200041298848,1.681948727345647e-05,5,5,"7,13,21,42,100"
cka_strength,total_sparsity,cka_feddst,cifar10,0.9,1.0,14,0.9000200041298848,1.681948727345647e-05,5,5,"7,13,21,42,100"
cka_strength,total_sparsity,cka_feddst,cifar10,0.9,1.0,15,0.9000200041298848,1.681948727345647e-05,5,5,"7,13,21,42,100"
cka_strength,total_sparsity,cka_feddst,cifar10,0.9,1.0,16,0.9000200041298848,1.681948727345647e-05,5,5,"7,13,21,42,100"
cka_strength,total_sparsity,cka_feddst,cifar10,0.9,1.0,17,0.9000200041298848,1.681948727345647e-05,5,5,"7,13,21,42,100"
cka_strength,total_sparsity,cka_feddst,cifar10,0.9,1.0,18,0.9000200041298848,1.681948727345647e-05,5,5,"7,13,21,42,100"
cka_strength,total_sparsity,cka_feddst,cifar10,0.9,1.0,19,0.9000200041298848,1.681948727345647e-05,5,5,"7,13,21,42,100"
cka_strength,total_sparsity,cka_feddst,cifar10,0.9,1.0,20,0.9000200041298848,1.681948727345647e-05,5,5,"7,13,21,42,100"
cka_strength,total_sparsity,cka_feddst,cifar10,0.95,0.2,1,0.9499993547054876,0.0,5,5,"7,13,21,42,100"
cka_strength,total_sparsity,cka_feddst,cifar10,0.95,0.2,2,0.9500106473594547,1.8180249583099127e-05,5,5,"7,13,21,42,100"
cka_strength,total_sparsity,cka_feddst,cifar10,0.95,0.2,3,0.9500106473594547,1.8180249583099127e-05,5,5,"7,13,21,42,100"
cka_strength,total_sparsity,cka_feddst,cifar10,0.95,0.2,4,0.9500106473594547,1.8180249583099127e-05,5,5,"7,13,21,42,100"
cka_strength,total_sparsity,cka_feddst,cifar10,0.95,0.2,5,0.9500106473594547,1.8180249583099127e-05,5,5,"7,13,21,42,100"
cka_strength,total_sparsity,cka_feddst,cifar10,0.95,0.2,6,0.9500106473594547,1.8180249583099127e-05,5,5,"7,13,21,42,100"
cka_strength,total_sparsity,cka_feddst,cifar10,0.95,0.2,7,0.9500106473594547,1.8180249583099127e-05,5,5,"7,13,21,42,100"
cka_strength,total_sparsity,cka_feddst,cifar10,0.95,0.2,8,0.9500106473594547,1.8180249583099127e-05,5,5,"7,13,21,42,100"
cka_strength,total_sparsity,cka_feddst,cifar10,0.95,0.2,9,0.9500106473594547,1.8180249583099127e-05,5,5,"7,13,21,42,100"
cka_strength,total_sparsity,cka_feddst,cifar10,0.95,0.2,10,0.9500106473594547,1.8180249583099127e-05,5,5,"7,13,21,42,100"
cka_strength,total_sparsity,cka_feddst,cifar10,0.95,0.2,11,0.9500106473594547,1.8180249583099127e-05,5,5,"7,13,21,42,100"
cka_strength,total_sparsity,cka_feddst,cifar10,0.95,0.2,12,0.9500106473594547,1.8180249583099127e-05,5,5,"7,13,21,42,100"
cka_strength,total_sparsity,cka_feddst,cifar10,0.95,0.2,13,0.9500106473594547,1.8180249583099127e-05,5,5,"7,13,21,42,100"
cka_strength,total_sparsity,cka_feddst,cifar10,0.95,0.2,14,0.9500106473594547,1.8180249583099127e-05,5,5,"7,13,21,42,100"
cka_strength,total_sparsity,cka_feddst,cifar10,0.95,0.2,15,0.9500106473594547,1.8180249583099127e-05,5,5,"7,13,21,42,100"
cka_strength,total_sparsity,cka_feddst,cifar10,0.95,0.2,16,0.9500106473594547,1.8180249583099127e-05,5,5,"7,13,21,42,100"
cka_strength,total_sparsity,cka_feddst,cifar10,0.95,0.2,17,0.9500106473594547,1.8180249583099127e-05,5,5,"7,13,21,42,100"
cka_strength,total_sparsity,cka_feddst,cifar10,0.95,0.2,18,0.9500106473594547,1.8180249583099127e-05,5,5,"7,13,21,42,100"
cka_strength,total_sparsity,cka_feddst,cifar10,0.95,0.2,19,0.9500106473594547,1.8180249583099127e-05,5,5,"7,13,21,42,100"
cka_strength,total_sparsity,cka_feddst,cifar10,0.95,0.2,20,0.9500106473594547,1.8180249583099127e-05,5,5,"7,13,21,42,100"
cka_strength,total_sparsity,cka_feddst,cifar10,0.95,0.5,1,0.9499993547054876,0.0,5,5,"7,13,21,42,100"
cka_strength,total_sparsity,cka_feddst,cifar10,0.95,0.5,2,0.9500106473594547,1.8180249583099127e-05,5,5,"7,13,21,42,100"
cka_strength,total_sparsity,cka_feddst,cifar10,0.95,0.5,3,0.9500106473594547,1.8180249583099127e-05,5,5,"7,13,21,42,100"
cka_strength,total_sparsity,cka_feddst,cifar10,0.95,0.5,4,0.9500106473594547,1.8180249583099127e-05,5,5,"7,13,21,42,100"
cka_strength,total_sparsity,cka_feddst,cifar10,0.95,0.5,5,0.9500106473594547,1.8180249583099127e-05,5,5,"7,13,21,42,100"
cka_strength,total_sparsity,cka_feddst,cifar10,0.95,0.5,6,0.9500106473594547,1.8180249583099127e-05,5,5,"7,13,21,42,100"
cka_strength,total_sparsity,cka_feddst,cifar10,0.95,0.5,7,0.9500106473594547,1.8180249583099127e-05,5,5,"7,13,21,42,100"
cka_strength,total_sparsity,cka_feddst,cifar10,0.95,0.5,8,0.9500106473594547,1.8180249583099127e-05,5,5,"7,13,21,42,100"
cka_strength,total_sparsity,cka_feddst,cifar10,0.95,0.5,9,0.9500106473594547,1.8180249583099127e-05,5,5,"7,13,21,42,100"
cka_strength,total_sparsity,cka_feddst,cifar10,0.95,0.5,10,0.9500106473594547,1.8180249583099127e-05,5,5,"7,13,21,42,100"
cka_strength,total_sparsity,cka_feddst,cifar10,0.95,0.5,11,0.9500106473594547,1.8180249583099127e-05,5,5,"7,13,21,42,100"
cka_strength,total_sparsity,cka_feddst,cifar10,0.95,0.5,12,0.9500106473594547,1.8180249583099127e-05,5,5,"7,13,21,42,100"
cka_strength,total_sparsity,cka_feddst,cifar10,0.95,0.5,13,0.9500106473594547,1.8180249583099127e-05,5,5,"7,13,21,42,100"
cka_strength,total_sparsity,cka_feddst,cifar10,0.95,0.5,14,0.9500106473594547,1.8180249583099127e-05,5,5,"7,13,21,42,100"
cka_strength,total_sparsity,cka_feddst,cifar10,0.95,0.5,15,0.9500106473594547,1.8180249583099127e-05,5,5,"7,13,21,42,100"
cka_strength,total_sparsity,cka_feddst,cifar10,0.95,0.5,16,0.9500106473594547,1.8180249583099127e-05,5,5,"7,13,21,42,100"
cka_strength,total_sparsity,cka_feddst,cifar10,0.95,0.5,17,0.9500106473594547,1.8180249583099127e-05,5,5,"7,13,21,42,100"
cka_strength,total_sparsity,cka_feddst,cifar10,0.95,0.5,18,0.9500106473594547,1.8180249583099127e-05,5,5,"7,13,21,42,100"
cka_strength,total_sparsity,cka_feddst,cifar10,0.95,0.5,19,0.9500106473594547,1.8180249583099127e-05,5,5,"7,13,21,42,100"
cka_strength,total_sparsity,cka_feddst,cifar10,0.95,0.5,20,0.9500106473594547,1.8180249583099127e-05,5,5,"7,13,21,42,100"
cka_strength,total_sparsity,cka_feddst,cifar10,0.95,0.8,1,0.9499993547054876,0.0,5,5,"7,13,21,42,100"
cka_strength,total_sparsity,cka_feddst,cifar10,0.95,0.8,2,0.9500106473594547,1.8180249583099127e-05,5,5,"7,13,21,42,100"
cka_strength,total_sparsity,cka_feddst,cifar10,0.95,0.8,3,0.9500106473594547,1.8180249583099127e-05,5,5,"7,13,21,42,100"
cka_strength,total_sparsity,cka_feddst,cifar10,0.95,0.8,4,0.9500106473594547,1.8180249583099127e-05,5,5,"7,13,21,42,100"
cka_strength,total_sparsity,cka_feddst,cifar10,0.95,0.8,5,0.9500106473594547,1.8180249583099127e-05,5,5,"7,13,21,42,100"
cka_strength,total_sparsity,cka_feddst,cifar10,0.95,0.8,6,0.9500106473594547,1.8180249583099127e-05,5,5,"7,13,21,42,100"
cka_strength,total_sparsity,cka_feddst,cifar10,0.95,0.8,7,0.9500106473594547,1.8180249583099127e-05,5,5,"7,13,21,42,100"
cka_strength,total_sparsity,cka_feddst,cifar10,0.95,0.8,8,0.9500106473594547,1.8180249583099127e-05,5,5,"7,13,21,42,100"
cka_strength,total_sparsity,cka_feddst,cifar10,0.95,0.8,9,0.9500106473594547,1.8180249583099127e-05,5,5,"7,13,21,42,100"
cka_strength,total_sparsity,cka_feddst,cifar10,0.95,0.8,10,0.9500106473594547,1.8180249583099127e-05,5,5,"7,13,21,42,100"
cka_strength,total_sparsity,cka_feddst,cifar10,0.95,0.8,11,0.9500106473594547,1.8180249583099127e-05,5,5,"7,13,21,42,100"
cka_strength,total_sparsity,cka_feddst,cifar10,0.95,0.8,12,0.9500106473594547,1.8180249583099127e-05,5,5,"7,13,21,42,100"
cka_strength,total_sparsity,cka_feddst,cifar10,0.95,0.8,13,0.9500106473594547,1.8180249583099127e-05,5,5,"7,13,21,42,100"
cka_strength,total_sparsity,cka_feddst,cifar10,0.95,0.8,14,0.9500106473594547,1.8180249583099127e-05,5,5,"7,13,21,42,100"
cka_strength,total_sparsity,cka_feddst,cifar10,0.95,0.8,15,0.9500106473594547,1.8180249583099127e-05,5,5,"7,13,21,42,100"
cka_strength,total_sparsity,cka_feddst,cifar10,0.95,0.8,16,0.9500106473594547,1.8180249583099127e-05,5,5,"7,13,21,42,100"
cka_strength,total_sparsity,cka_feddst,cifar10,0.95,0.8,17,0.9500106473594547,1.8180249583099127e-05,5,5,"7,13,21,42,100"
cka_strength,total_sparsity,cka_feddst,cifar10,0.95,0.8,18,0.9500106473594547,1.8180249583099127e-05,5,5,"7,13,21,42,100"
cka_strength,total_sparsity,cka_feddst,cifar10,0.95,0.8,19,0.9500106473594547,1.8180249583099127e-05,5,5,"7,13,21,42,100"
cka_strength,total_sparsity,cka_feddst,cifar10,0.95,0.8,20,0.9500106473594547,1.8180249583099127e-05,5,5,"7,13,21,42,100"
cka_strength,total_sparsity,cka_feddst,cifar10,0.95,0.9,1,0.9499993547054876,0.0,5,5,"7,13,21,42,100"
cka_strength,total_sparsity,cka_feddst,cifar10,0.95,0.9,2,0.9500106473594547,1.8180249583099127e-05,5,5,"7,13,21,42,100"
cka_strength,total_sparsity,cka_feddst,cifar10,0.95,0.9,3,0.9500106473594547,1.8180249583099127e-05,5,5,"7,13,21,42,100"
cka_strength,total_sparsity,cka_feddst,cifar10,0.95,0.9,4,0.9500106473594547,1.8180249583099127e-05,5,5,"7,13,21,42,100"
cka_strength,total_sparsity,cka_feddst,cifar10,0.95,0.9,5,0.9500106473594547,1.8180249583099127e-05,5,5,"7,13,21,42,100"
cka_strength,total_sparsity,cka_feddst,cifar10,0.95,0.9,6,0.9500106473594547,1.8180249583099127e-05,5,5,"7,13,21,42,100"
cka_strength,total_sparsity,cka_feddst,cifar10,0.95,0.9,7,0.9500106473594547,1.8180249583099127e-05,5,5,"7,13,21,42,100"
cka_strength,total_sparsity,cka_feddst,cifar10,0.95,0.9,8,0.9500106473594547,1.8180249583099127e-05,5,5,"7,13,21,42,100"
cka_strength,total_sparsity,cka_feddst,cifar10,0.95,0.9,9,0.9500106473594547,1.8180249583099127e-05,5,5,"7,13,21,42,100"
cka_strength,total_sparsity,cka_feddst,cifar10,0.95,0.9,10,0.9500106473594547,1.8180249583099127e-05,5,5,"7,13,21,42,100"
cka_strength,total_sparsity,cka_feddst,cifar10,0.95,0.9,11,0.9500106473594547,1.8180249583099127e-05,5,5,"7,13,21,42,100"
cka_strength,total_sparsity,cka_feddst,cifar10,0.95,0.9,12,0.9500106473594547,1.8180249583099127e-05,5,5,"7,13,21,42,100"
cka_strength,total_sparsity,cka_feddst,cifar10,0.95,0.9,13,0.9500106473594547,1.8180249583099127e-05,5,5,"7,13,21,42,100"
cka_strength,total_sparsity,cka_feddst,cifar10,0.95,0.9,14,0.9500106473594547,1.8180249583099127e-05,5,5,"7,13,21,42,100"
cka_strength,total_sparsity,cka_feddst,cifar10,0.95,0.9,15,0.9500106473594547,1.8180249583099127e-05,5,5,"7,13,21,42,100"
cka_strength,total_sparsity,cka_feddst,cifar10,0.95,0.9,16,0.9500106473594547,1.8180249583099127e-05,5,5,"7,13,21,42,100"
cka_strength,total_sparsity,cka_feddst,cifar10,0.95,0.9,17,0.9500106473594547,1.8180249583099127e-05,5,5,"7,13,21,42,100"
cka_strength,total_sparsity,cka_feddst,cifar10,0.95,0.9,18,0.9500106473594547,1.8180249583099127e-05,5,5,"7,13,21,42,100"
cka_strength,total_sparsity,cka_feddst,cifar10,0.95,0.9,19,0.9500106473594547,1.8180249583099127e-05,5,5,"7,13,21,42,100"
cka_strength,total_sparsity,cka_feddst,cifar10,0.95,0.9,20,0.9500106473594547,1.8180249583099127e-05,5,5,"7,13,21,42,100"
cka_strength,total_sparsity,cka_feddst,cifar10,0.95,1.0,1,0.9499993547054876,0.0,5,5,"7,13,21,42,100"
cka_strength,total_sparsity,cka_feddst,cifar10,0.95,1.0,2,0.9500106473594547,1.8180249583099127e-05,5,5,"7,13,21,42,100"
cka_strength,total_sparsity,cka_feddst,cifar10,0.95,1.0,3,0.9500106473594547,1.8180249583099127e-05,5,5,"7,13,21,42,100"
cka_strength,total_sparsity,cka_feddst,cifar10,0.95,1.0,4,0.9500106473594547,1.8180249583099127e-05,5,5,"7,13,21,42,100"
cka_strength,total_sparsity,cka_feddst,cifar10,0.95,1.0,5,0.9500106473594547,1.8180249583099127e-05,5,5,"7,13,21,42,100"
cka_strength,total_sparsity,cka_feddst,cifar10,0.95,1.0,6,0.9500106473594547,1.8180249583099127e-05,5,5,"7,13,21,42,100"
cka_strength,total_sparsity,cka_feddst,cifar10,0.95,1.0,7,0.9500106473594547,1.8180249583099127e-05,5,5,"7,13,21,42,100"
cka_strength,total_sparsity,cka_feddst,cifar10,0.95,1.0,8,0.9500106473594547,1.8180249583099127e-05,5,5,"7,13,21,42,100"
cka_strength,total_sparsity,cka_feddst,cifar10,0.95,1.0,9,0.9500106473594547,1.8180249583099127e-05,5,5,"7,13,21,42,100"
cka_strength,total_sparsity,cka_feddst,cifar10,0.95,1.0,10,0.9500106473594547,1.8180249583099127e-05,5,5,"7,13,21,42,100"
cka_strength,total_sparsity,cka_feddst,cifar10,0.95,1.0,11,0.9500106473594547,1.8180249583099127e-05,5,5,"7,13,21,42,100"
cka_strength,total_sparsity,cka_feddst,cifar10,0.95,1.0,12,0.9500106473594547,1.8180249583099127e-05,5,5,"7,13,21,42,100"
cka_strength,total_sparsity,cka_feddst,cifar10,0.95,1.0,13,0.9500106473594547,1.8180249583099127e-05,5,5,"7,13,21,42,100"
cka_strength,total_sparsity,cka_feddst,cifar10,0.95,1.0,14,0.9500106473594547,1.8180249583099127e-05,5,5,"7,13,21,42,100"
cka_strength,total_sparsity,cka_feddst,cifar10,0.95,1.0,15,0.9500106473594547,1.8180249583099127e-05,5,5,"7,13,21,42,100"
cka_strength,total_sparsity,cka_feddst,cifar10,0.95,1.0,16,0.9500106473594547,1.8180249583099127e-05,5,5,"7,13,21,42,100"
cka_strength,total_sparsity,cka_feddst,cifar10,0.95,1.0,17,0.9500106473594547,1.8180249583099127e-05,5,5,"7,13,21,42,100"
cka_strength,total_sparsity,cka_feddst,cifar10,0.95,1.0,18,0.9500106473594547,1.8180249583099127e-05,5,5,"7,13,21,42,100"
cka_strength,total_sparsity,cka_feddst,cifar10,0.95,1.0,19,0.9500106473594547,1.8180249583099127e-05,5,5,"7,13,21,42,100"
cka_strength,total_sparsity,cka_feddst,cifar10,0.95,1.0,20,0.9500106473594547,1.8180249583099127e-05,5,5,"7,13,21,42,100"
cka_strength,active_params,cka_feddst,cifar10,0.5,0.2,1,309936.0,0.0,5,5,"7,13,21,42,100"
cka_strength,active_params,cka_feddst,cifar10,0.5,0.2,2,309908.2,23.52020408075261,5,5,"7,13,21,42,100"
cka_strength,active_params,cka_feddst,cifar10,0.5,0.2,3,309908.2,23.52020408075261,5,5,"7,13,21,42,100"
cka_strength,active_params,cka_feddst,cifar10,0.5,0.2,4,309908.2,23.52020408075261,5,5,"7,13,21,42,100"
cka_strength,active_params,cka_feddst,cifar10,0.5,0.2,5,309908.2,23.52020408075261,5,5,"7,13,21,42,100"
cka_strength,active_params,cka_feddst,cifar10,0.5,0.2,6,309908.2,23.52020408075261,5,5,"7,13,21,42,100"
cka_strength,active_params,cka_feddst,cifar10,0.5,0.2,7,309908.2,23.52020408075261,5,5,"7,13,21,42,100"
cka_strength,active_params,cka_feddst,cifar10,0.5,0.2,8,309908.2,23.52020408075261,5,5,"7,13,21,42,100"
cka_strength,active_params,cka_feddst,cifar10,0.5,0.2,9,309908.2,23.52020408075261,5,5,"7,13,21,42,100"
cka_strength,active_params,cka_feddst,cifar10,0.5,0.2,10,309908.2,23.52020408075261,5,5,"7,13,21,42,100"
cka_strength,active_params,cka_feddst,cifar10,0.5,0.2,11,309908.2,23.52020408075261,5,5,"7,13,21,42,100"
cka_strength,active_params,cka_feddst,cifar10,0.5,0.2,12,309908.2,23.52020408075261,5,5,"7,13,21,42,100"
cka_strength,active_params,cka_feddst,cifar10,0.5,0.2,13,309908.2,23.52020408075261,5,5,"7,13,21,42,100"
cka_strength,active_params,cka_feddst,cifar10,0.5,0.2,14,309908.2,23.52020408075261,5,5,"7,13,21,42,100"
cka_strength,active_params,cka_feddst,cifar10,0.5,0.2,15,309908.2,23.52020408075261,5,5,"7,13,21,42,100"
cka_strength,active_params,cka_feddst,cifar10,0.5,0.2,16,309908.2,23.52020408075261,5,5,"7,13,21,42,100"
cka_strength,active_params,cka_feddst,cifar10,0.5,0.2,17,309908.2,23.52020408075261,5,5,"7,13,21,42,100"
cka_strength,active_params,cka_feddst,cifar10,0.5,0.2,18,309908.2,23.52020408075261,5,5,"7,13,21,42,100"
cka_strength,active_params,cka_feddst,cifar10,0.5,0.2,19,309908.2,23.52020408075261,5,5,"7,13,21,42,100"
cka_strength,active_params,cka_feddst,cifar10,0.5,0.2,20,309908.2,23.52020408075261,5,5,"7,13,21,42,100"
cka_strength,active_params,cka_feddst,cifar10,0.5,0.5,1,309936.0,0.0,5,5,"7,13,21,42,100"
cka_strength,active_params,cka_feddst,cifar10,0.5,0.5,2,309908.2,23.52020408075261,5,5,"7,13,21,42,100"
cka_strength,active_params,cka_feddst,cifar10,0.5,0.5,3,309908.2,23.52020408075261,5,5,"7,13,21,42,100"
cka_strength,active_params,cka_feddst,cifar10,0.5,0.5,4,309908.2,23.52020408075261,5,5,"7,13,21,42,100"
cka_strength,active_params,cka_feddst,cifar10,0.5,0.5,5,309908.2,23.52020408075261,5,5,"7,13,21,42,100"
cka_strength,active_params,cka_feddst,cifar10,0.5,0.5,6,309908.2,23.52020408075261,5,5,"7,13,21,42,100"
cka_strength,active_params,cka_feddst,cifar10,0.5,0.5,7,309908.2,23.52020408075261,5,5,"7,13,21,42,100"
cka_strength,active_params,cka_feddst,cifar10,0.5,0.5,8,309908.2,23.52020408075261,5,5,"7,13,21,42,100"
cka_strength,active_params,cka_feddst,cifar10,0.5,0.5,9,309908.2,23.52020408075261,5,5,"7,13,21,42,100"
cka_strength,active_params,cka_feddst,cifar10,0.5,0.5,10,309908.2,23.52020408075261,5,5,"7,13,21,42,100"
cka_strength,active_params,cka_feddst,cifar10,0.5,0.5,11,309908.2,23.52020408075261,5,5,"7,13,21,42,100"
cka_strength,active_params,cka_feddst,cifar10,0.5,0.5,12,309908.2,23.52020408075261,5,5,"7,13,21,42,100"
cka_strength,active_params,cka_feddst,cifar10,0.5,0.5,13,309908.2,23.52020408075261,5,5,"7,13,21,42,100"
cka_strength,active_params,cka_feddst,cifar10,0.5,0.5,14,309908.2,23.52020408075261,5,5,"7,13,21,42,100"
cka_strength,active_params,cka_feddst,cifar10,0.5,0.5,15,309908.2,23.52020408075261,5,5,"7,13,21,42,100"
cka_strength,active_params,cka_feddst,cifar10,0.5,0.5,16,309908.2,23.52020408075261,5,5,"7,13,21,42,100"
cka_strength,active_params,cka_feddst,cifar10,0.5,0.5,17,309908.2,23.52020408075261,5,5,"7,13,21,42,100"
cka_strength,active_params,cka_feddst,cifar10,0.5,0.5,18,309908.2,23.52020408075261,5,5,"7,13,21,42,100"
cka_strength,active_params,cka_feddst,cifar10,0.5,0.5,19,309908.2,23.52020408075261,5,5,"7,13,21,42,100"
cka_strength,active_params,cka_feddst,cifar10,0.5,0.5,20,309908.2,23.52020408075261,5,5,"7,13,21,42,100"
cka_strength,active_params,cka_feddst,cifar10,0.5,0.8,1,309936.0,0.0,5,5,"7,13,21,42,100"
cka_strength,active_params,cka_feddst,cifar10,0.5,0.8,2,309908.2,23.52020408075261,5,5,"7,13,21,42,100"
cka_strength,active_params,cka_feddst,cifar10,0.5,0.8,3,309908.2,23.52020408075261,5,5,"7,13,21,42,100"
cka_strength,active_params,cka_feddst,cifar10,0.5,0.8,4,309908.2,23.52020408075261,5,5,"7,13,21,42,100"
cka_strength,active_params,cka_feddst,cifar10,0.5,0.8,5,309908.2,23.52020408075261,5,5,"7,13,21,42,100"
cka_strength,active_params,cka_feddst,cifar10,0.5,0.8,6,309908.2,23.52020408075261,5,5,"7,13,21,42,100"
cka_strength,active_params,cka_feddst,cifar10,0.5,0.8,7,309908.2,23.52020408075261,5,5,"7,13,21,42,100"
cka_strength,active_params,cka_feddst,cifar10,0.5,0.8,8,309908.2,23.52020408075261,5,5,"7,13,21,42,100"
cka_strength,active_params,cka_feddst,cifar10,0.5,0.8,9,309908.2,23.52020408075261,5,5,"7,13,21,42,100"
cka_strength,active_params,cka_feddst,cifar10,0.5,0.8,10,309908.2,23.52020408075261,5,5,"7,13,21,42,100"
cka_strength,active_params,cka_feddst,cifar10,0.5,0.8,11,309908.2,23.52020408075261,5,5,"7,13,21,42,100"
cka_strength,active_params,cka_feddst,cifar10,0.5,0.8,12,309908.2,23.52020408075261,5,5,"7,13,21,42,100"
cka_strength,active_params,cka_feddst,cifar10,0.5,0.8,13,309908.2,23.52020408075261,5,5,"7,13,21,42,100"
cka_strength,active_params,cka_feddst,cifar10,0.5,0.8,14,309908.2,23.52020408075261,5,5,"7,13,21,42,100"
cka_strength,active_params,cka_feddst,cifar10,0.5,0.8,15,309908.2,23.52020408075261,5,5,"7,13,21,42,100"
cka_strength,active_params,cka_feddst,cifar10,0.5,0.8,16,309908.2,23.52020408075261,5,5,"7,13,21,42,100"
cka_strength,active_params,cka_feddst,cifar10,0.5,0.8,17,309908.2,23.52020408075261,5,5,"7,13,21,42,100"
cka_strength,active_params,cka_feddst,cifar10,0.5,0.8,18,309908.2,23.52020408075261,5,5,"7,13,21,42,100"
cka_strength,active_params,cka_feddst,cifar10,0.5,0.8,19,309908.2,23.52020408075261,5,5,"7,13,21,42,100"
cka_strength,active_params,cka_feddst,cifar10,0.5,0.8,20,309908.2,23.52020408075261,5,5,"7,13,21,42,100"
cka_strength,active_params,cka_feddst,cifar10,0.5,0.9,1,309936.0,0.0,5,5,"7,13,21,42,100"
cka_strength,active_params,cka_feddst,cifar10,0.5,0.9,2,309908.2,23.52020408075261,5,5,"7,13,21,42,100"
cka_strength,active_params,cka_feddst,cifar10,0.5,0.9,3,309908.2,23.52020408075261,5,5,"7,13,21,42,100"
cka_strength,active_params,cka_feddst,cifar10,0.5,0.9,4,309908.2,23.52020408075261,5,5,"7,13,21,42,100"
cka_strength,active_params,cka_feddst,cifar10,0.5,0.9,5,309908.2,23.52020408075261,5,5,"7,13,21,42,100"
cka_strength,active_params,cka_feddst,cifar10,0.5,0.9,6,309908.2,23.52020408075261,5,5,"7,13,21,42,100"
cka_strength,active_params,cka_feddst,cifar10,0.5,0.9,7,309908.2,23.52020408075261,5,5,"7,13,21,42,100"
cka_strength,active_params,cka_feddst,cifar10,0.5,0.9,8,309908.2,23.52020408075261,5,5,"7,13,21,42,100"
cka_strength,active_params,cka_feddst,cifar10,0.5,0.9,9,309908.2,23.52020408075261,5,5,"7,13,21,42,100"
cka_strength,active_params,cka_feddst,cifar10,0.5,0.9,10,309908.2,23.52020408075261,5,5,"7,13,21,42,100"
cka_strength,active_params,cka_feddst,cifar10,0.5,0.9,11,309908.2,23.52020408075261,5,5,"7,13,21,42,100"
cka_strength,active_params,cka_feddst,cifar10,0.5,0.9,12,309908.2,23.52020408075261,5,5,"7,13,21,42,100"
cka_strength,active_params,cka_feddst,cifar10,0.5,0.9,13,309908.2,23.52020408075261,5,5,"7,13,21,42,100"
cka_strength,active_params,cka_feddst,cifar10,0.5,0.9,14,309908.2,23.52020408075261,5,5,"7,13,21,42,100"
cka_strength,active_params,cka_feddst,cifar10,0.5,0.9,15,309908.2,23.52020408075261,5,5,"7,13,21,42,100"
cka_strength,active_params,cka_feddst,cifar10,0.5,0.9,16,309908.2,23.52020408075261,5,5,"7,13,21,42,100"
cka_strength,active_params,cka_feddst,cifar10,0.5,0.9,17,309908.2,23.52020408075261,5,5,"7,13,21,42,100"
cka_strength,active_params,cka_feddst,cifar10,0.5,0.9,18,309908.2,23.52020408075261,5,5,"7,13,21,42,100"
cka_strength,active_params,cka_feddst,cifar10,0.5,0.9,19,309908.2,23.52020408075261,5,5,"7,13,21,42,100"
cka_strength,active_params,cka_feddst,cifar10,0.5,0.9,20,309908.2,23.52020408075261,5,5,"7,13,21,42,100"
cka_strength,active_params,cka_feddst,cifar10,0.5,1.0,1,309936.0,0.0,5,5,"7,13,21,42,100"
cka_strength,active_params,cka_feddst,cifar10,0.5,1.0,2,309908.2,23.52020408075261,5,5,"7,13,21,42,100"
cka_strength,active_params,cka_feddst,cifar10,0.5,1.0,3,309908.2,23.52020408075261,5,5,"7,13,21,42,100"
cka_strength,active_params,cka_feddst,cifar10,0.5,1.0,4,309908.2,23.52020408075261,5,5,"7,13,21,42,100"
cka_strength,active_params,cka_feddst,cifar10,0.5,1.0,5,309908.2,23.52020408075261,5,5,"7,13,21,42,100"
cka_strength,active_params,cka_feddst,cifar10,0.5,1.0,6,309908.2,23.52020408075261,5,5,"7,13,21,42,100"
cka_strength,active_params,cka_feddst,cifar10,0.5,1.0,7,309908.2,23.52020408075261,5,5,"7,13,21,42,100"
cka_strength,active_params,cka_feddst,cifar10,0.5,1.0,8,309908.2,23.52020408075261,5,5,"7,13,21,42,100"
cka_strength,active_params,cka_feddst,cifar10,0.5,1.0,9,309908.2,23.52020408075261,5,5,"7,13,21,42,100"
cka_strength,active_params,cka_feddst,cifar10,0.5,1.0,10,309908.2,23.52020408075261,5,5,"7,13,21,42,100"
cka_strength,active_params,cka_feddst,cifar10,0.5,1.0,11,309908.2,23.52020408075261,5,5,"7,13,21,42,100"
cka_strength,active_params,cka_feddst,cifar10,0.5,1.0,12,309908.2,23.52020408075261,5,5,"7,13,21,42,100"
cka_strength,active_params,cka_feddst,cifar10,0.5,1.0,13,309908.2,23.52020408075261,5,5,"7,13,21,42,100"
cka_strength,active_params,cka_feddst,cifar10,0.5,1.0,14,309908.2,23.52020408075261,5,5,"7,13,21,42,100"
cka_strength,active_params,cka_feddst,cifar10,0.5,1.0,15,309908.2,23.52020408075261,5,5,"7,13,21,42,100"
cka_strength,active_params,cka_feddst,cifar10,0.5,1.0,16,309908.2,23.52020408075261,5,5,"7,13,21,42,100"
cka_strength,active_params,cka_feddst,cifar10,0.5,1.0,17,309908.2,23.52020408075261,5,5,"7,13,21,42,100"
cka_strength,active_params,cka_feddst,cifar10,0.5,1.0,18,309908.2,23.52020408075261,5,5,"7,13,21,42,100"
cka_strength,active_params,cka_feddst,cifar10,0.5,1.0,19,309908.2,23.52020408075261,5,5,"7,13,21,42,100"
cka_strength,active_params,cka_feddst,cifar10,0.5,1.0,20,309908.2,23.52020408075261,5,5,"7,13,21,42,100"
cka_strength,active_params,cka_feddst,cifar10,0.7,0.2,1,185962.0,0.0,5,5,"7,13,21,42,100"
cka_strength,active_params,cka_feddst,cifar10,0.7,0.2,2,185942.4,16.364595931465175,5,5,"7,13,21,42,100"
cka_strength,active_params,cka_feddst,cifar10,0.7,0.2,3,185942.4,16.364595931465175,5,5,"7,13,21,42,100"
cka_strength,active_params,cka_feddst,cifar10,0.7,0.2,4,185942.4,16.364595931465175,5,5,"7,13,21,42,100"
cka_strength,active_params,cka_feddst,cifar10,0.7,0.2,5,185942.4,16.364595931465175,5,5,"7,13,21,42,100"
cka_strength,active_params,cka_feddst,cifar10,0.7,0.2,6,185942.4,16.364595931465175,5,5,"7,13,21,42,100"
cka_strength,active_params,cka_feddst,cifar10,0.7,0.2,7,185942.4,16.364595931465175,5,5,"7,13,21,42,100"
cka_strength,active_params,cka_feddst,cifar10,0.7,0.2,8,185942.4,16.364595931465175,5,5,"7,13,21,42,100"
cka_strength,active_params,cka_feddst,cifar10,0.7,0.2,9,185942.4,16.364595931465175,5,5,"7,13,21,42,100"
cka_strength,active_params,cka_feddst,cifar10,0.7,0.2,10,185942.4,16.364595931465175,5,5,"7,13,21,42,100"
cka_strength,active_params,cka_feddst,cifar10,0.7,0.2,11,185942.4,16.364595931465175,5,5,"7,13,21,42,100"
cka_strength,active_params,cka_feddst,cifar10,0.7,0.2,12,185942.4,16.364595931465175,5,5,"7,13,21,42,100"
cka_strength,active_params,cka_feddst,cifar10,0.7,0.2,13,185942.4,16.364595931465175,5,5,"7,13,21,42,100"
cka_strength,active_params,cka_feddst,cifar10,0.7,0.2,14,185942.4,16.364595931465175,5,5,"7,13,21,42,100"
cka_strength,active_params,cka_feddst,cifar10,0.7,0.2,15,185942.4,16.364595931465175,5,5,"7,13,21,42,100"
cka_strength,active_params,cka_feddst,cifar10,0.7,0.2,16,185942.4,16.364595931465175,5,5,"7,13,21,42,100"
cka_strength,active_params,cka_feddst,cifar10,0.7,0.2,17,185942.4,16.364595931465175,5,5,"7,13,21,42,100"
cka_strength,active_params,cka_feddst,cifar10,0.7,0.2,18,185942.4,16.364595931465175,5,5,"7,13,21,42,100"
cka_strength,active_params,cka_feddst,cifar10,0.7,0.2,19,185942.4,16.364595931465175,5,5,"7,13,21,42,100"
cka_strength,active_params,cka_feddst,cifar10,0.7,0.2,20,185942.4,16.364595931465175,5,5,"7,13,21,42,100"
cka_strength,active_params,cka_feddst,cifar10,0.7,0.5,1,185962.0,0.0,5,5,"7,13,21,42,100"
cka_strength,active_params,cka_feddst,cifar10,0.7,0.5,2,185942.4,16.364595931465175,5,5,"7,13,21,42,100"
cka_strength,active_params,cka_feddst,cifar10,0.7,0.5,3,185942.4,16.364595931465175,5,5,"7,13,21,42,100"
cka_strength,active_params,cka_feddst,cifar10,0.7,0.5,4,185942.4,16.364595931465175,5,5,"7,13,21,42,100"
cka_strength,active_params,cka_feddst,cifar10,0.7,0.5,5,185942.4,16.364595931465175,5,5,"7,13,21,42,100"
cka_strength,active_params,cka_feddst,cifar10,0.7,0.5,6,185942.4,16.364595931465175,5,5,"7,13,21,42,100"
cka_strength,active_params,cka_feddst,cifar10,0.7,0.5,7,185942.4,16.364595931465175,5,5,"7,13,21,42,100"
cka_strength,active_params,cka_feddst,cifar10,0.7,0.5,8,185942.4,16.364595931465175,5,5,"7,13,21,42,100"
cka_strength,active_params,cka_feddst,cifar10,0.7,0.5,9,185942.4,16.364595931465175,5,5,"7,13,21,42,100"
cka_strength,active_params,cka_feddst,cifar10,0.7,0.5,10,185942.4,16.364595931465175,5,5,"7,13,21,42,100"
cka_strength,active_params,cka_feddst,cifar10,0.7,0.5,11,185942.4,16.364595931465175,5,5,"7,13,21,42,100"
cka_strength,active_params,cka_feddst,cifar10,0.7,0.5,12,185942.4,16.364595931465175,5,5,"7,13,21,42,100"
cka_strength,active_params,cka_feddst,cifar10,0.7,0.5,13,185942.4,16.364595931465175,5,5,"7,13,21,42,100"
cka_strength,active_params,cka_feddst,cifar10,0.7,0.5,14,185942.4,16.364595931465175,5,5,"7,13,21,42,100"
cka_strength,active_params,cka_feddst,cifar10,0.7,0.5,15,185942.4,16.364595931465175,5,5,"7,13,21,42,100"
cka_strength,active_params,cka_feddst,cifar10,0.7,0.5,16,185942.4,16.364595931465175,5,5,"7,13,21,42,100"
cka_strength,active_params,cka_feddst,cifar10,0.7,0.5,17,185942.4,16.364595931465175,5,5,"7,13,21,42,100"
cka_strength,active_params,cka_feddst,cifar10,0.7,0.5,18,185942.4,16.364595931465175,5,5,"7,13,21,42,100"
cka_strength,active_params,cka_feddst,cifar10,0.7,0.5,19,185942.4,16.364595931465175,5,5,"7,13,21,42,100"
cka_strength,active_params,cka_feddst,cifar10,0.7,0.5,20,185942.4,16.364595931465175,5,5,"7,13,21,42,100"
cka_strength,active_params,cka_feddst,cifar10,0.7,0.8,1,185962.0,0.0,5,5,"7,13,21,42,100"
cka_strength,active_params,cka_feddst,cifar10,0.7,0.8,2,185942.4,16.364595931465175,5,5,"7,13,21,42,100"
cka_strength,active_params,cka_feddst,cifar10,0.7,0.8,3,185942.4,16.364595931465175,5,5,"7,13,21,42,100"
cka_strength,active_params,cka_feddst,cifar10,0.7,0.8,4,185942.4,16.364595931465175,5,5,"7,13,21,42,100"
cka_strength,active_params,cka_feddst,cifar10,0.7,0.8,5,185942.4,16.364595931465175,5,5,"7,13,21,42,100"
cka_strength,active_params,cka_feddst,cifar10,0.7,0.8,6,185942.4,16.364595931465175,5,5,"7,13,21,42,100"
cka_strength,active_params,cka_feddst,cifar10,0.7,0.8,7,185942.4,16.364595931465175,5,5,"7,13,21,42,100"
cka_strength,active_params,cka_feddst,cifar10,0.7,0.8,8,185942.4,16.364595931465175,5,5,"7,13,21,42,100"
cka_strength,active_params,cka_feddst,cifar10,0.7,0.8,9,185942.4,16.364595931465175,5,5,"7,13,21,42,100"
cka_strength,active_params,cka_feddst,cifar10,0.7,0.8,10,185942.4,16.364595931465175,5,5,"7,13,21,42,100"
cka_strength,active_params,cka_feddst,cifar10,0.7,0.8,11,185942.4,16.364595931465175,5,5,"7,13,21,42,100"
cka_strength,active_params,cka_feddst,cifar10,0.7,0.8,12,185942.4,16.364595931465175,5,5,"7,13,21,42,100"
cka_strength,active_params,cka_feddst,cifar10,0.7,0.8,13,185942.4,16.364595931465175,5,5,"7,13,21,42,100"
cka_strength,active_params,cka_feddst,cifar10,0.7,0.8,14,185942.4,16.364595931465175,5,5,"7,13,21,42,100"
cka_strength,active_params,cka_feddst,cifar10,0.7,0.8,15,185942.4,16.364595931465175,5,5,"7,13,21,42,100"
cka_strength,active_params,cka_feddst,cifar10,0.7,0.8,16,185942.4,16.364595931465175,5,5,"7,13,21,42,100"
cka_strength,active_params,cka_feddst,cifar10,0.7,0.8,17,185942.4,16.364595931465175,5,5,"7,13,21,42,100"
cka_strength,active_params,cka_feddst,cifar10,0.7,0.8,18,185942.4,16.364595931465175,5,5,"7,13,21,42,100"
cka_strength,active_params,cka_feddst,cifar10,0.7,0.8,19,185942.4,16.364595931465175,5,5,"7,13,21,42,100"
cka_strength,active_params,cka_feddst,cifar10,0.7,0.8,20,185942.4,16.364595931465175,5,5,"7,13,21,42,100"
cka_strength,active_params,cka_feddst,cifar10,0.7,0.9,1,185962.0,0.0,5,5,"7,13,21,42,100"
cka_strength,active_params,cka_feddst,cifar10,0.7,0.9,2,185942.4,16.364595931465175,5,5,"7,13,21,42,100"
cka_strength,active_params,cka_feddst,cifar10,0.7,0.9,3,185942.4,16.364595931465175,5,5,"7,13,21,42,100"
cka_strength,active_params,cka_feddst,cifar10,0.7,0.9,4,185942.4,16.364595931465175,5,5,"7,13,21,42,100"
cka_strength,active_params,cka_feddst,cifar10,0.7,0.9,5,185942.4,16.364595931465175,5,5,"7,13,21,42,100"
cka_strength,active_params,cka_feddst,cifar10,0.7,0.9,6,185942.4,16.364595931465175,5,5,"7,13,21,42,100"
cka_strength,active_params,cka_feddst,cifar10,0.7,0.9,7,185942.4,16.364595931465175,5,5,"7,13,21,42,100"
cka_strength,active_params,cka_feddst,cifar10,0.7,0.9,8,185942.4,16.364595931465175,5,5,"7,13,21,42,100"
cka_strength,active_params,cka_feddst,cifar10,0.7,0.9,9,185942.4,16.364595931465175,5,5,"7,13,21,42,100"
cka_strength,active_params,cka_feddst,cifar10,0.7,0.9,10,185942.4,16.364595931465175,5,5,"7,13,21,42,100"
cka_strength,active_params,cka_feddst,cifar10,0.7,0.9,11,185942.4,16.364595931465175,5,5,"7,13,21,42,100"
cka_strength,active_params,cka_feddst,cifar10,0.7,0.9,12,185942.4,16.364595931465175,5,5,"7,13,21,42,100"
cka_strength,active_params,cka_feddst,cifar10,0.7,0.9,13,185942.4,16.364595931465175,5,5,"7,13,21,42,100"
cka_strength,active_params,cka_feddst,cifar10,0.7,0.9,14,185942.4,16.364595931465175,5,5,"7,13,21,42,100"
cka_strength,active_params,cka_feddst,cifar10,0.7,0.9,15,185942.4,16.364595931465175,5,5,"7,13,21,42,100"
cka_strength,active_params,cka_feddst,cifar10,0.7,0.9,16,185942.4,16.364595931465175,5,5,"7,13,21,42,100"
cka_strength,active_params,cka_feddst,cifar10,0.7,0.9,17,185942.4,16.364595931465175,5,5,"7,13,21,42,100"
cka_strength,active_params,cka_feddst,cifar10,0.7,0.9,18,185942.4,16.364595931465175,5,5,"7,13,21,42,100"
cka_strength,active_params,cka_feddst,cifar10,0.7,0.9,19,185942.4,16.364595931465175,5,5,"7,13,21,42,100"
cka_strength,active_params,cka_feddst,cifar10,0.7,0.9,20,185942.4,16.364595931465175,5,5,"7,13,21,42,100"
cka_strength,active_params,cka_feddst,cifar10,0.7,1.0,1,185962.0,0.0,5,5,"7,13,21,42,100"
cka_strength,active_params,cka_feddst,cifar10,0.7,1.0,2,185942.4,16.364595931465175,5,5,"7,13,21,42,100"
cka_strength,active_params,cka_feddst,cifar10,0.7,1.0,3,185942.4,16.364595931465175,5,5,"7,13,21,42,100"
cka_strength,active_params,cka_feddst,cifar10,0.7,1.0,4,185942.4,16.364595931465175,5,5,"7,13,21,42,100"
cka_strength,active_params,cka_feddst,cifar10,0.7,1.0,5,185942.4,16.364595931465175,5,5,"7,13,21,42,100"
cka_strength,active_params,cka_feddst,cifar10,0.7,1.0,6,185942.4,16.364595931465175,5,5,"7,13,21,42,100"
cka_strength,active_params,cka_feddst,cifar10,0.7,1.0,7,185942.4,16.364595931465175,5,5,"7,13,21,42,100"
cka_strength,active_params,cka_feddst,cifar10,0.7,1.0,8,185942.4,16.364595931465175,5,5,"7,13,21,42,100"
cka_strength,active_params,cka_feddst,cifar10,0.7,1.0,9,185942.4,16.364595931465175,5,5,"7,13,21,42,100"
cka_strength,active_params,cka_feddst,cifar10,0.7,1.0,10,185942.4,16.364595931465175,5,5,"7,13,21,42,100"
cka_strength,active_params,cka_feddst,cifar10,0.7,1.0,11,185942.4,16.364595931465175,5,5,"7,13,21,42,100"
cka_strength,active_params,cka_feddst,cifar10,0.7,1.0,12,185942.4,16.364595931465175,5,5,"7,13,21,42,100"
cka_strength,active_params,cka_feddst,cifar10,0.7,1.0,13,185942.4,16.364595931465175,5,5,"7,13,21,42,100"
cka_strength,active_params,cka_feddst,cifar10,0.7,1.0,14,185942.4,16.364595931465175,5,5,"7,13,21,42,100"
cka_strength,active_params,cka_feddst,cifar10,0.7,1.0,15,185942.4,16.364595931465175,5,5,"7,13,21,42,100"
cka_strength,active_params,cka_feddst,cifar10,0.7,1.0,16,185942.4,16.364595931465175,5,5,"7,13,21,42,100"
cka_strength,active_params,cka_feddst,cifar10,0.7,1.0,17,185942.4,16.364595931465175,5,5,"7,13,21,42,100"
cka_strength,active_params,cka_feddst,cifar10,0.7,1.0,18,185942.4,16.364595931465175,5,5,"7,13,21,42,100"
cka_strength,active_params,cka_feddst,cifar10,0.7,1.0,19,185942.4,16.364595931465175,5,5,"7,13,21,42,100"
cka_strength,active_params,cka_feddst,cifar10,0.7,1.0,20,185942.4,16.364595931465175,5,5,"7,13,21,42,100"
cka_strength,active_params,cka_feddst,cifar10,0.8,0.2,1,123974.0,0.0,5,5,"7,13,21,42,100"
cka_strength,active_params,cka_feddst,cifar10,0.8,0.2,2,123967.4,21.686401268999347,5,5,"7,13,21,42,100"
cka_strength,active_params,cka_feddst,cifar10,0.8,0.2,3,123967.4,21.686401268999347,5,5,"7,13,21,42,100"
cka_strength,active_params,cka_feddst,cifar10,0.8,0.2,4,123967.4,21.686401268999347,5,5,"7,13,21,42,100"
cka_strength,active_params,cka_feddst,cifar10,0.8,0.2,5,123967.4,21.686401268999347,5,5,"7,13,21,42,100"
cka_strength,active_params,cka_feddst,cifar10,0.8,0.2,6,123967.4,21.686401268999347,5,5,"7,13,21,42,100"
cka_strength,active_params,cka_feddst,cifar10,0.8,0.2,7,123967.4,21.686401268999347,5,5,"7,13,21,42,100"
cka_strength,active_params,cka_feddst,cifar10,0.8,0.2,8,123967.4,21.686401268999347,5,5,"7,13,21,42,100"
cka_strength,active_params,cka_feddst,cifar10,0.8,0.2,9,123967.4,21.686401268999347,5,5,"7,13,21,42,100"
cka_strength,active_params,cka_feddst,cifar10,0.8,0.2,10,123967.4,21.686401268999347,5,5,"7,13,21,42,100"
cka_strength,active_params,cka_feddst,cifar10,0.8,0.2,11,123967.4,21.686401268999347,5,5,"7,13,21,42,100"
cka_strength,active_params,cka_feddst,cifar10,0.8,0.2,12,123967.4,21.686401268999347,5,5,"7,13,21,42,100"
cka_strength,active_params,cka_feddst,cifar10,0.8,0.2,13,123967.4,21.686401268999347,5,5,"7,13,21,42,100"
cka_strength,active_params,cka_feddst,cifar10,0.8,0.2,14,123967.4,21.686401268999347,5,5,"7,13,21,42,100"
cka_strength,active_params,cka_feddst,cifar10,0.8,0.2,15,123967.4,21.686401268999347,5,5,"7,13,21,42,100"
cka_strength,active_params,cka_feddst,cifar10,0.8,0.2,16,123967.4,21.686401268999347,5,5,"7,13,21,42,100"
cka_strength,active_params,cka_feddst,cifar10,0.8,0.2,17,123967.4,21.686401268999347,5,5,"7,13,21,42,100"
cka_strength,active_params,cka_feddst,cifar10,0.8,0.2,18,123967.4,21.686401268999347,5,5,"7,13,21,42,100"
cka_strength,active_params,cka_feddst,cifar10,0.8,0.2,19,123967.4,21.686401268999347,5,5,"7,13,21,42,100"
cka_strength,active_params,cka_feddst,cifar10,0.8,0.2,20,123967.4,21.686401268999347,5,5,"7,13,21,42,100"
cka_strength,active_params,cka_feddst,cifar10,0.8,0.5,1,123974.0,0.0,5,5,"7,13,21,42,100"
cka_strength,active_params,cka_feddst,cifar10,0.8,0.5,2,123967.4,21.686401268999347,5,5,"7,13,21,42,100"
cka_strength,active_params,cka_feddst,cifar10,0.8,0.5,3,123967.4,21.686401268999347,5,5,"7,13,21,42,100"
cka_strength,active_params,cka_feddst,cifar10,0.8,0.5,4,123967.4,21.686401268999347,5,5,"7,13,21,42,100"
cka_strength,active_params,cka_feddst,cifar10,0.8,0.5,5,123967.4,21.686401268999347,5,5,"7,13,21,42,100"
cka_strength,active_params,cka_feddst,cifar10,0.8,0.5,6,123967.4,21.686401268999347,5,5,"7,13,21,42,100"
cka_strength,active_params,cka_feddst,cifar10,0.8,0.5,7,123967.4,21.686401268999347,5,5,"7,13,21,42,100"
cka_strength,active_params,cka_feddst,cifar10,0.8,0.5,8,123967.4,21.686401268999347,5,5,"7,13,21,42,100"
cka_strength,active_params,cka_feddst,cifar10,0.8,0.5,9,123967.4,21.686401268999347,5,5,"7,13,21,42,100"
cka_strength,active_params,cka_feddst,cifar10,0.8,0.5,10,123967.4,21.686401268999347,5,5,"7,13,21,42,100"
cka_strength,active_params,cka_feddst,cifar10,0.8,0.5,11,123967.4,21.686401268999347,5,5,"7,13,21,42,100"
cka_strength,active_params,cka_feddst,cifar10,0.8,0.5,12,123967.4,21.686401268999347,5,5,"7,13,21,42,100"
cka_strength,active_params,cka_feddst,cifar10,0.8,0.5,13,123967.4,21.686401268999347,5,5,"7,13,21,42,100"
cka_strength,active_params,cka_feddst,cifar10,0.8,0.5,14,123967.4,21.686401268999347,5,5,"7,13,21,42,100"
cka_strength,active_params,cka_feddst,cifar10,0.8,0.5,15,123967.4,21.686401268999347,5,5,"7,13,21,42,100"
cka_strength,active_params,cka_feddst,cifar10,0.8,0.5,16,123967.4,21.686401268999347,5,5,"7,13,21,42,100"
cka_strength,active_params,cka_feddst,cifar10,0.8,0.5,17,123967.4,21.686401268999347,5,5,"7,13,21,42,100"
cka_strength,active_params,cka_feddst,cifar10,0.8,0.5,18,123967.4,21.686401268999347,5,5,"7,13,21,42,100"
cka_strength,active_params,cka_feddst,cifar10,0.8,0.5,19,123967.4,21.686401268999347,5,5,"7,13,21,42,100"
cka_strength,active_params,cka_feddst,cifar10,0.8,0.5,20,123967.4,21.686401268999347,5,5,"7,13,21,42,100"
cka_strength,active_params,cka_feddst,cifar10,0.8,0.8,1,123974.0,0.0,5,5,"7,13,21,42,100"
cka_strength,active_params,cka_feddst,cifar10,0.8,0.8,2,123967.4,21.686401268999347,5,5,"7,13,21,42,100"
cka_strength,active_params,cka_feddst,cifar10,0.8,0.8,3,123967.4,21.686401268999347,5,5,"7,13,21,42,100"
cka_strength,active_params,cka_feddst,cifar10,0.8,0.8,4,123967.4,21.686401268999347,5,5,"7,13,21,42,100"
cka_strength,active_params,cka_feddst,cifar10,0.8,0.8,5,123967.4,21.686401268999347,5,5,"7,13,21,42,100"
cka_strength,active_params,cka_feddst,cifar10,0.8,0.8,6,123967.4,21.686401268999347,5,5,"7,13,21,42,100"
cka_strength,active_params,cka_feddst,cifar10,0.8,0.8,7,123967.4,21.686401268999347,5,5,"7,13,21,42,100"
cka_strength,active_params,cka_feddst,cifar10,0.8,0.8,8,123967.4,21.686401268999347,5,5,"7,13,21,42,100"
cka_strength,active_params,cka_feddst,cifar10,0.8,0.8,9,123967.4,21.686401268999347,5,5,"7,13,21,42,100"
cka_strength,active_params,cka_feddst,cifar10,0.8,0.8,10,123967.4,21.686401268999347,5,5,"7,13,21,42,100"
cka_strength,active_params,cka_feddst,cifar10,0.8,0.8,11,123967.4,21.686401268999347,5,5,"7,13,21,42,100"
cka_strength,active_params,cka_feddst,cifar10,0.8,0.8,12,123967.4,21.686401268999347,5,5,"7,13,21,42,100"
cka_strength,active_params,cka_feddst,cifar10,0.8,0.8,13,123967.4,21.686401268999347,5,5,"7,13,21,42,100"
cka_strength,active_params,cka_feddst,cifar10,0.8,0.8,14,123967.4,21.686401268999347,5,5,"7,13,21,42,100"
cka_strength,active_params,cka_feddst,cifar10,0.8,0.8,15,123967.4,21.686401268999347,5,5,"7,13,21,42,100"
cka_strength,active_params,cka_feddst,cifar10,0.8,0.8,16,123967.4,21.686401268999347,5,5,"7,13,21,42,100"
cka_strength,active_params,cka_feddst,cifar10,0.8,0.8,17,123967.4,21.686401268999347,5,5,"7,13,21,42,100"
cka_strength,active_params,cka_feddst,cifar10,0.8,0.8,18,123967.4,21.686401268999347,5,5,"7,13,21,42,100"
cka_strength,active_params,cka_feddst,cifar10,0.8,0.8,19,123967.4,21.686401268999347,5,5,"7,13,21,42,100"
cka_strength,active_params,cka_feddst,cifar10,0.8,0.8,20,123967.4,21.686401268999347,5,5,"7,13,21,42,100"
cka_strength,active_params,cka_feddst,cifar10,0.8,0.9,1,123974.0,0.0,5,5,"7,13,21,42,100"
cka_strength,active_params,cka_feddst,cifar10,0.8,0.9,2,123967.4,21.686401268999347,5,5,"7,13,21,42,100"
cka_strength,active_params,cka_feddst,cifar10,0.8,0.9,3,123967.4,21.686401268999347,5,5,"7,13,21,42,100"
cka_strength,active_params,cka_feddst,cifar10,0.8,0.9,4,123967.4,21.686401268999347,5,5,"7,13,21,42,100"
cka_strength,active_params,cka_feddst,cifar10,0.8,0.9,5,123967.4,21.686401268999347,5,5,"7,13,21,42,100"
cka_strength,active_params,cka_feddst,cifar10,0.8,0.9,6,123967.4,21.686401268999347,5,5,"7,13,21,42,100"
cka_strength,active_params,cka_feddst,cifar10,0.8,0.9,7,123967.4,21.686401268999347,5,5,"7,13,21,42,100"
cka_strength,active_params,cka_feddst,cifar10,0.8,0.9,8,123967.4,21.686401268999347,5,5,"7,13,21,42,100"
cka_strength,active_params,cka_feddst,cifar10,0.8,0.9,9,123967.4,21.686401268999347,5,5,"7,13,21,42,100"
cka_strength,active_params,cka_feddst,cifar10,0.8,0.9,10,123967.4,21.686401268999347,5,5,"7,13,21,42,100"
cka_strength,active_params,cka_feddst,cifar10,0.8,0.9,11,123967.4,21.686401268999347,5,5,"7,13,21,42,100"
cka_strength,active_params,cka_feddst,cifar10,0.8,0.9,12,123967.4,21.686401268999347,5,5,"7,13,21,42,100"
cka_strength,active_params,cka_feddst,cifar10,0.8,0.9,13,123967.4,21.686401268999347,5,5,"7,13,21,42,100"
cka_strength,active_params,cka_feddst,cifar10,0.8,0.9,14,123967.4,21.686401268999347,5,5,"7,13,21,42,100"
cka_strength,active_params,cka_feddst,cifar10,0.8,0.9,15,123967.4,21.686401268999347,5,5,"7,13,21,42,100"
cka_strength,active_params,cka_feddst,cifar10,0.8,0.9,16,123967.4,21.686401268999347,5,5,"7,13,21,42,100"
cka_strength,active_params,cka_feddst,cifar10,0.8,0.9,17,123967.4,21.686401268999347,5,5,"7,13,21,42,100"
cka_strength,active_params,cka_feddst,cifar10,0.8,0.9,18,123967.4,21.686401268999347,5,5,"7,13,21,42,100"
cka_strength,active_params,cka_feddst,cifar10,0.8,0.9,19,123967.4,21.686401268999347,5,5,"7,13,21,42,100"
cka_strength,active_params,cka_feddst,cifar10,0.8,0.9,20,123967.4,21.686401268999347,5,5,"7,13,21,42,100"
cka_strength,active_params,cka_feddst,cifar10,0.8,1.0,1,123974.0,0.0,5,5,"7,13,21,42,100"
cka_strength,active_params,cka_feddst,cifar10,0.8,1.0,2,123967.4,21.686401268999347,5,5,"7,13,21,42,100"
cka_strength,active_params,cka_feddst,cifar10,0.8,1.0,3,123967.4,21.686401268999347,5,5,"7,13,21,42,100"
cka_strength,active_params,cka_feddst,cifar10,0.8,1.0,4,123967.4,21.686401268999347,5,5,"7,13,21,42,100"
cka_strength,active_params,cka_feddst,cifar10,0.8,1.0,5,123967.4,21.686401268999347,5,5,"7,13,21,42,100"
cka_strength,active_params,cka_feddst,cifar10,0.8,1.0,6,123967.4,21.686401268999347,5,5,"7,13,21,42,100"
cka_strength,active_params,cka_feddst,cifar10,0.8,1.0,7,123967.4,21.686401268999347,5,5,"7,13,21,42,100"
cka_strength,active_params,cka_feddst,cifar10,0.8,1.0,8,123967.4,21.686401268999347,5,5,"7,13,21,42,100"
cka_strength,active_params,cka_feddst,cifar10,0.8,1.0,9,123967.4,21.686401268999347,5,5,"7,13,21,42,100"
cka_strength,active_params,cka_feddst,cifar10,0.8,1.0,10,123967.4,21.686401268999347,5,5,"7,13,21,42,100"
cka_strength,active_params,cka_feddst,cifar10,0.8,1.0,11,123967.4,21.686401268999347,5,5,"7,13,21,42,100"
cka_strength,active_params,cka_feddst,cifar10,0.8,1.0,12,123967.4,21.686401268999347,5,5,"7,13,21,42,100"
cka_strength,active_params,cka_feddst,cifar10,0.8,1.0,13,123967.4,21.686401268999347,5,5,"7,13,21,42,100"
cka_strength,active_params,cka_feddst,cifar10,0.8,1.0,14,123967.4,21.686401268999347,5,5,"7,13,21,42,100"
cka_strength,active_params,cka_feddst,cifar10,0.8,1.0,15,123967.4,21.686401268999347,5,5,"7,13,21,42,100"
cka_strength,active_params,cka_feddst,cifar10,0.8,1.0,16,123967.4,21.686401268999347,5,5,"7,13,21,42,100"
cka_strength,active_params,cka_feddst,cifar10,0.8,1.0,17,123967.4,21.686401268999347,5,5,"7,13,21,42,100"
cka_strength,active_params,cka_feddst,cifar10,0.8,1.0,18,123967.4,21.686401268999347,5,5,"7,13,21,42,100"
cka_strength,active_params,cka_feddst,cifar10,0.8,1.0,19,123967.4,21.686401268999347,5,5,"7,13,21,42,100"
cka_strength,active_params,cka_feddst,cifar10,0.8,1.0,20,123967.4,21.686401268999347,5,5,"7,13,21,42,100"
cka_strength,active_params,cka_feddst,cifar10,0.9,0.2,1,61987.0,0.0,5,5,"7,13,21,42,100"
cka_strength,active_params,cka_feddst,cifar10,0.9,0.2,2,61974.8,10.425929215183077,5,5,"7,13,21,42,100"
cka_strength,active_params,cka_feddst,cifar10,0.9,0.2,3,61974.8,10.425929215183077,5,5,"7,13,21,42,100"
cka_strength,active_params,cka_feddst,cifar10,0.9,0.2,4,61974.8,10.425929215183077,5,5,"7,13,21,42,100"
cka_strength,active_params,cka_feddst,cifar10,0.9,0.2,5,61974.8,10.425929215183077,5,5,"7,13,21,42,100"
cka_strength,active_params,cka_feddst,cifar10,0.9,0.2,6,61974.8,10.425929215183077,5,5,"7,13,21,42,100"
cka_strength,active_params,cka_feddst,cifar10,0.9,0.2,7,61974.8,10.425929215183077,5,5,"7,13,21,42,100"
cka_strength,active_params,cka_feddst,cifar10,0.9,0.2,8,61974.8,10.425929215183077,5,5,"7,13,21,42,100"
cka_strength,active_params,cka_feddst,cifar10,0.9,0.2,9,61974.8,10.425929215183077,5,5,"7,13,21,42,100"
cka_strength,active_params,cka_feddst,cifar10,0.9,0.2,10,61974.8,10.425929215183077,5,5,"7,13,21,42,100"
cka_strength,active_params,cka_feddst,cifar10,0.9,0.2,11,61974.8,10.425929215183077,5,5,"7,13,21,42,100"
cka_strength,active_params,cka_feddst,cifar10,0.9,0.2,12,61974.8,10.425929215183077,5,5,"7,13,21,42,100"
cka_strength,active_params,cka_feddst,cifar10,0.9,0.2,13,61974.8,10.425929215183077,5,5,"7,13,21,42,100"
cka_strength,active_params,cka_feddst,cifar10,0.9,0.2,14,61974.8,10.425929215183077,5,5,"7,13,21,42,100"
cka_strength,active_params,cka_feddst,cifar10,0.9,0.2,15,61974.8,10.425929215183077,5,5,"7,13,21,42,100"
cka_strength,active_params,cka_feddst,cifar10,0.9,0.2,16,61974.8,10.425929215183077,5,5,"7,13,21,42,100"
cka_strength,active_params,cka_feddst,cifar10,0.9,0.2,17,61974.8,10.425929215183077,5,5,"7,13,21,42,100"
cka_strength,active_params,cka_feddst,cifar10,0.9,0.2,18,61974.8,10.425929215183077,5,5,"7,13,21,42,100"
cka_strength,active_params,cka_feddst,cifar10,0.9,0.2,19,61974.8,10.425929215183077,5,5,"7,13,21,42,100"
cka_strength,active_params,cka_feddst,cifar10,0.9,0.2,20,61974.8,10.425929215183077,5,5,"7,13,21,42,100"
cka_strength,active_params,cka_feddst,cifar10,0.9,0.5,1,61987.0,0.0,5,5,"7,13,21,42,100"
cka_strength,active_params,cka_feddst,cifar10,0.9,0.5,2,61974.8,10.425929215183077,5,5,"7,13,21,42,100"
cka_strength,active_params,cka_feddst,cifar10,0.9,0.5,3,61974.8,10.425929215183077,5,5,"7,13,21,42,100"
cka_strength,active_params,cka_feddst,cifar10,0.9,0.5,4,61974.8,10.425929215183077,5,5,"7,13,21,42,100"
cka_strength,active_params,cka_feddst,cifar10,0.9,0.5,5,61974.8,10.425929215183077,5,5,"7,13,21,42,100"
cka_strength,active_params,cka_feddst,cifar10,0.9,0.5,6,61974.8,10.425929215183077,5,5,"7,13,21,42,100"
cka_strength,active_params,cka_feddst,cifar10,0.9,0.5,7,61974.8,10.425929215183077,5,5,"7,13,21,42,100"
cka_strength,active_params,cka_feddst,cifar10,0.9,0.5,8,61974.8,10.425929215183077,5,5,"7,13,21,42,100"
cka_strength,active_params,cka_feddst,cifar10,0.9,0.5,9,61974.8,10.425929215183077,5,5,"7,13,21,42,100"
cka_strength,active_params,cka_feddst,cifar10,0.9,0.5,10,61974.8,10.425929215183077,5,5,"7,13,21,42,100"
cka_strength,active_params,cka_feddst,cifar10,0.9,0.5,11,61974.8,10.425929215183077,5,5,"7,13,21,42,100"
cka_strength,active_params,cka_feddst,cifar10,0.9,0.5,12,61974.8,10.425929215183077,5,5,"7,13,21,42,100"
cka_strength,active_params,cka_feddst,cifar10,0.9,0.5,13,61974.8,10.425929215183077,5,5,"7,13,21,42,100"
cka_strength,active_params,cka_feddst,cifar10,0.9,0.5,14,61974.8,10.425929215183077,5,5,"7,13,21,42,100"
cka_strength,active_params,cka_feddst,cifar10,0.9,0.5,15,61974.8,10.425929215183077,5,5,"7,13,21,42,100"
cka_strength,active_params,cka_feddst,cifar10,0.9,0.5,16,61974.8,10.425929215183077,5,5,"7,13,21,42,100"
cka_strength,active_params,cka_feddst,cifar10,0.9,0.5,17,61974.8,10.425929215183077,5,5,"7,13,21,42,100"
cka_strength,active_params,cka_feddst,cifar10,0.9,0.5,18,61974.8,10.425929215183077,5,5,"7,13,21,42,100"
cka_strength,active_params,cka_feddst,cifar10,0.9,0.5,19,61974.8,10.425929215183077,5,5,"7,13,21,42,100"
cka_strength,active_params,cka_feddst,cifar10,0.9,0.5,20,61974.8,10.425929215183077,5,5,"7,13,21,42,100"
cka_strength,active_params,cka_feddst,cifar10,0.9,0.8,1,61987.0,0.0,5,5,"7,13,21,42,100"
cka_strength,active_params,cka_feddst,cifar10,0.9,0.8,2,61974.8,10.425929215183077,5,5,"7,13,21,42,100"
cka_strength,active_params,cka_feddst,cifar10,0.9,0.8,3,61974.8,10.425929215183077,5,5,"7,13,21,42,100"
cka_strength,active_params,cka_feddst,cifar10,0.9,0.8,4,61974.8,10.425929215183077,5,5,"7,13,21,42,100"
cka_strength,active_params,cka_feddst,cifar10,0.9,0.8,5,61974.8,10.425929215183077,5,5,"7,13,21,42,100"
cka_strength,active_params,cka_feddst,cifar10,0.9,0.8,6,61974.8,10.425929215183077,5,5,"7,13,21,42,100"
cka_strength,active_params,cka_feddst,cifar10,0.9,0.8,7,61974.8,10.425929215183077,5,5,"7,13,21,42,100"
cka_strength,active_params,cka_feddst,cifar10,0.9,0.8,8,61974.8,10.425929215183077,5,5,"7,13,21,42,100"
cka_strength,active_params,cka_feddst,cifar10,0.9,0.8,9,61974.8,10.425929215183077,5,5,"7,13,21,42,100"
cka_strength,active_params,cka_feddst,cifar10,0.9,0.8,10,61974.8,10.425929215183077,5,5,"7,13,21,42,100"
cka_strength,active_params,cka_feddst,cifar10,0.9,0.8,11,61974.8,10.425929215183077,5,5,"7,13,21,42,100"
cka_strength,active_params,cka_feddst,cifar10,0.9,0.8,12,61974.8,10.425929215183077,5,5,"7,13,21,42,100"
cka_strength,active_params,cka_feddst,cifar10,0.9,0.8,13,61974.8,10.425929215183077,5,5,"7,13,21,42,100"
cka_strength,active_params,cka_feddst,cifar10,0.9,0.8,14,61974.8,10.425929215183077,5,5,"7,13,21,42,100"
cka_strength,active_params,cka_feddst,cifar10,0.9,0.8,15,61974.8,10.425929215183077,5,5,"7,13,21,42,100"
cka_strength,active_params,cka_feddst,cifar10,0.9,0.8,16,61974.8,10.425929215183077,5,5,"7,13,21,42,100"
cka_strength,active_params,cka_feddst,cifar10,0.9,0.8,17,61974.8,10.425929215183077,5,5,"7,13,21,42,100"
cka_strength,active_params,cka_feddst,cifar10,0.9,0.8,18,61974.8,10.425929215183077,5,5,"7,13,21,42,100"
cka_strength,active_params,cka_feddst,cifar10,0.9,0.8,19,61974.8,10.425929215183077,5,5,"7,13,21,42,100"
cka_strength,active_params,cka_feddst,cifar10,0.9,0.8,20,61974.8,10.425929215183077,5,5,"7,13,21,42,100"
cka_strength,active_params,cka_feddst,cifar10,0.9,0.9,1,61987.0,0.0,5,5,"7,13,21,42,100"
cka_strength,active_params,cka_feddst,cifar10,0.9,0.9,2,61974.8,10.425929215183077,5,5,"7,13,21,42,100"
cka_strength,active_params,cka_feddst,cifar10,0.9,0.9,3,61974.8,10.425929215183077,5,5,"7,13,21,42,100"
cka_strength,active_params,cka_feddst,cifar10,0.9,0.9,4,61974.8,10.425929215183077,5,5,"7,13,21,42,100"
cka_strength,active_params,cka_feddst,cifar10,0.9,0.9,5,61974.8,10.425929215183077,5,5,"7,13,21,42,100"
cka_strength,active_params,cka_feddst,cifar10,0.9,0.9,6,61974.8,10.425929215183077,5,5,"7,13,21,42,100"
cka_strength,active_params,cka_feddst,cifar10,0.9,0.9,7,61974.8,10.425929215183077,5,5,"7,13,21,42,100"
cka_strength,active_params,cka_feddst,cifar10,0.9,0.9,8,61974.8,10.425929215183077,5,5,"7,13,21,42,100"
cka_strength,active_params,cka_feddst,cifar10,0.9,0.9,9,61974.8,10.425929215183077,5,5,"7,13,21,42,100"
cka_strength,active_params,cka_feddst,cifar10,0.9,0.9,10,61974.8,10.425929215183077,5,5,"7,13,21,42,100"
cka_strength,active_params,cka_feddst,cifar10,0.9,0.9,11,61974.8,10.425929215183077,5,5,"7,13,21,42,100"
cka_strength,active_params,cka_feddst,cifar10,0.9,0.9,12,61974.8,10.425929215183077,5,5,"7,13,21,42,100"
cka_strength,active_params,cka_feddst,cifar10,0.9,0.9,13,61974.8,10.425929215183077,5,5,"7,13,21,42,100"
cka_strength,active_params,cka_feddst,cifar10,0.9,0.9,14,61974.8,10.425929215183077,5,5,"7,13,21,42,100"
cka_strength,active_params,cka_feddst,cifar10,0.9,0.9,15,61974.8,10.425929215183077,5,5,"7,13,21,42,100"
cka_strength,active_params,cka_feddst,cifar10,0.9,0.9,16,61974.8,10.425929215183077,5,5,"7,13,21,42,100"
cka_strength,active_params,cka_feddst,cifar10,0.9,0.9,17,61974.8,10.425929215183077,5,5,"7,13,21,42,100"
cka_strength,active_params,cka_feddst,cifar10,0.9,0.9,18,61974.8,10.425929215183077,5,5,"7,13,21,42,100"
cka_strength,active_params,cka_feddst,cifar10,0.9,0.9,19,61974.8,10.425929215183077,5,5,"7,13,21,42,100"
cka_strength,active_params,cka_feddst,cifar10,0.9,0.9,20,61974.8,10.425929215183077,5,5,"7,13,21,42,100"
cka_strength,active_params,cka_feddst,cifar10,0.9,1.0,1,61987.0,0.0,5,5,"7,13,21,42,100"
cka_strength,active_params,cka_feddst,cifar10,0.9,1.0,2,61974.8,10.425929215183077,5,5,"7,13,21,42,100"
cka_strength,active_params,cka_feddst,cifar10,0.9,1.0,3,61974.8,10.425929215183077,5,5,"7,13,21,42,100"
cka_strength,active_params,cka_feddst,cifar10,0.9,1.0,4,61974.8,10.425929215183077,5,5,"7,13,21,42,100"
cka_strength,active_params,cka_feddst,cifar10,0.9,1.0,5,61974.8,10.425929215183077,5,5,"7,13,21,42,100"
cka_strength,active_params,cka_feddst,cifar10,0.9,1.0,6,61974.8,10.425929215183077,5,5,"7,13,21,42,100"
cka_strength,active_params,cka_feddst,cifar10,0.9,1.0,7,61974.8,10.425929215183077,5,5,"7,13,21,42,100"
cka_strength,active_params,cka_feddst,cifar10,0.9,1.0,8,61974.8,10.425929215183077,5,5,"7,13,21,42,100"
cka_strength,active_params,cka_feddst,cifar10,0.9,1.0,9,61974.8,10.425929215183077,5,5,"7,13,21,42,100"
cka_strength,active_params,cka_feddst,cifar10,0.9,1.0,10,61974.8,10.425929215183077,5,5,"7,13,21,42,100"
cka_strength,active_params,cka_feddst,cifar10,0.9,1.0,11,61974.8,10.425929215183077,5,5,"7,13,21,42,100"
cka_strength,active_params,cka_feddst,cifar10,0.9,1.0,12,61974.8,10.425929215183077,5,5,"7,13,21,42,100"
cka_strength,active_params,cka_feddst,cifar10,0.9,1.0,13,61974.8,10.425929215183077,5,5,"7,13,21,42,100"
cka_strength,active_params,cka_feddst,cifar10,0.9,1.0,14,61974.8,10.425929215183077,5,5,"7,13,21,42,100"
cka_strength,active_params,cka_feddst,cifar10,0.9,1.0,15,61974.8,10.425929215183077,5,5,"7,13,21,42,100"
cka_strength,active_params,cka_feddst,cifar10,0.9,1.0,16,61974.8,10.425929215183077,5,5,"7,13,21,42,100"
cka_strength,active_params,cka_feddst,cifar10,0.9,1.0,17,61974.8,10.425929215183077,5,5,"7,13,21,42,100"
cka_strength,active_params,cka_feddst,cifar10,0.9,1.0,18,61974.8,10.425929215183077,5,5,"7,13,21,42,100"
cka_strength,active_params,cka_feddst,cifar10,0.9,1.0,19,61974.8,10.425929215183077,5,5,"7,13,21,42,100"
cka_strength,active_params,cka_feddst,cifar10,0.9,1.0,20,61974.8,10.425929215183077,5,5,"7,13,21,42,100"
cka_strength,active_params,cka_feddst,cifar10,0.95,0.2,1,30994.0,0.0,5,5,"7,13,21,42,100"
cka_strength,active_params,cka_feddst,cifar10,0.95,0.2,2,30987.0,11.269427669584857,5,5,"7,13,21,42,100"
cka_strength,active_params,cka_feddst,cifar10,0.95,0.2,3,30987.0,11.269427669584857,5,5,"7,13,21,42,100"
cka_strength,active_params,cka_feddst,cifar10,0.95,0.2,4,30987.0,11.269427669584857,5,5,"7,13,21,42,100"
cka_strength,active_params,cka_feddst,cifar10,0.95,0.2,5,30987.0,11.269427669584857,5,5,"7,13,21,42,100"
cka_strength,active_params,cka_feddst,cifar10,0.95,0.2,6,30987.0,11.269427669584857,5,5,"7,13,21,42,100"
cka_strength,active_params,cka_feddst,cifar10,0.95,0.2,7,30987.0,11.269427669584857,5,5,"7,13,21,42,100"
cka_strength,active_params,cka_feddst,cifar10,0.95,0.2,8,30987.0,11.269427669584857,5,5,"7,13,21,42,100"
cka_strength,active_params,cka_feddst,cifar10,0.95,0.2,9,30987.0,11.269427669584857,5,5,"7,13,21,42,100"
cka_strength,active_params,cka_feddst,cifar10,0.95,0.2,10,30987.0,11.269427669584857,5,5,"7,13,21,42,100"
cka_strength,active_params,cka_feddst,cifar10,0.95,0.2,11,30987.0,11.269427669584857,5,5,"7,13,21,42,100"
cka_strength,active_params,cka_feddst,cifar10,0.95,0.2,12,30987.0,11.269427669584857,5,5,"7,13,21,42,100"
cka_strength,active_params,cka_feddst,cifar10,0.95,0.2,13,30987.0,11.269427669584857,5,5,"7,13,21,42,100"
cka_strength,active_params,cka_feddst,cifar10,0.95,0.2,14,30987.0,11.269427669584857,5,5,"7,13,21,42,100"
cka_strength,active_params,cka_feddst,cifar10,0.95,0.2,15,30987.0,11.269427669584857,5,5,"7,13,21,42,100"
cka_strength,active_params,cka_feddst,cifar10,0.95,0.2,16,30987.0,11.269427669584857,5,5,"7,13,21,42,100"
cka_strength,active_params,cka_feddst,cifar10,0.95,0.2,17,30987.0,11.269427669584857,5,5,"7,13,21,42,100"
cka_strength,active_params,cka_feddst,cifar10,0.95,0.2,18,30987.0,11.269427669584857,5,5,"7,13,21,42,100"
cka_strength,active_params,cka_feddst,cifar10,0.95,0.2,19,30987.0,11.269427669584857,5,5,"7,13,21,42,100"
cka_strength,active_params,cka_feddst,cifar10,0.95,0.2,20,30987.0,11.269427669584857,5,5,"7,13,21,42,100"
cka_strength,active_params,cka_feddst,cifar10,0.95,0.5,1,30994.0,0.0,5,5,"7,13,21,42,100"
cka_strength,active_params,cka_feddst,cifar10,0.95,0.5,2,30987.0,11.269427669584857,5,5,"7,13,21,42,100"
cka_strength,active_params,cka_feddst,cifar10,0.95,0.5,3,30987.0,11.269427669584857,5,5,"7,13,21,42,100"
cka_strength,active_params,cka_feddst,cifar10,0.95,0.5,4,30987.0,11.269427669584857,5,5,"7,13,21,42,100"
cka_strength,active_params,cka_feddst,cifar10,0.95,0.5,5,30987.0,11.269427669584857,5,5,"7,13,21,42,100"
cka_strength,active_params,cka_feddst,cifar10,0.95,0.5,6,30987.0,11.269427669584857,5,5,"7,13,21,42,100"
cka_strength,active_params,cka_feddst,cifar10,0.95,0.5,7,30987.0,11.269427669584857,5,5,"7,13,21,42,100"
cka_strength,active_params,cka_feddst,cifar10,0.95,0.5,8,30987.0,11.269427669584857,5,5,"7,13,21,42,100"
cka_strength,active_params,cka_feddst,cifar10,0.95,0.5,9,30987.0,11.269427669584857,5,5,"7,13,21,42,100"
cka_strength,active_params,cka_feddst,cifar10,0.95,0.5,10,30987.0,11.269427669584857,5,5,"7,13,21,42,100"
cka_strength,active_params,cka_feddst,cifar10,0.95,0.5,11,30987.0,11.269427669584857,5,5,"7,13,21,42,100"
cka_strength,active_params,cka_feddst,cifar10,0.95,0.5,12,30987.0,11.269427669584857,5,5,"7,13,21,42,100"
cka_strength,active_params,cka_feddst,cifar10,0.95,0.5,13,30987.0,11.269427669584857,5,5,"7,13,21,42,100"
cka_strength,active_params,cka_feddst,cifar10,0.95,0.5,14,30987.0,11.269427669584857,5,5,"7,13,21,42,100"
cka_strength,active_params,cka_feddst,cifar10,0.95,0.5,15,30987.0,11.269427669584857,5,5,"7,13,21,42,100"
cka_strength,active_params,cka_feddst,cifar10,0.95,0.5,16,30987.0,11.269427669584857,5,5,"7,13,21,42,100"
cka_strength,active_params,cka_feddst,cifar10,0.95,0.5,17,30987.0,11.269427669584857,5,5,"7,13,21,42,100"
cka_strength,active_params,cka_feddst,cifar10,0.95,0.5,18,30987.0,11.269427669584857,5,5,"7,13,21,42,100"
cka_strength,active_params,cka_feddst,cifar10,0.95,0.5,19,30987.0,11.269427669584857,5,5,"7,13,21,42,100"
cka_strength,active_params,cka_feddst,cifar10,0.95,0.5,20,30987.0,11.269427669584857,5,5,"7,13,21,42,100"
cka_strength,active_params,cka_feddst,cifar10,0.95,0.8,1,30994.0,0.0,5,5,"7,13,21,42,100"
cka_strength,active_params,cka_feddst,cifar10,0.95,0.8,2,30987.0,11.269427669584857,5,5,"7,13,21,42,100"
cka_strength,active_params,cka_feddst,cifar10,0.95,0.8,3,30987.0,11.269427669584857,5,5,"7,13,21,42,100"
cka_strength,active_params,cka_feddst,cifar10,0.95,0.8,4,30987.0,11.269427669584857,5,5,"7,13,21,42,100"
cka_strength,active_params,cka_feddst,cifar10,0.95,0.8,5,30987.0,11.269427669584857,5,5,"7,13,21,42,100"
cka_strength,active_params,cka_feddst,cifar10,0.95,0.8,6,30987.0,11.269427669584857,5,5,"7,13,21,42,100"
cka_strength,active_params,cka_feddst,cifar10,0.95,0.8,7,30987.0,11.269427669584857,5,5,"7,13,21,42,100"
cka_strength,active_params,cka_feddst,cifar10,0.95,0.8,8,30987.0,11.269427669584857,5,5,"7,13,21,42,100"
cka_strength,active_params,cka_feddst,cifar10,0.95,0.8,9,30987.0,11.269427669584857,5,5,"7,13,21,42,100"
cka_strength,active_params,cka_feddst,cifar10,0.95,0.8,10,30987.0,11.269427669584857,5,5,"7,13,21,42,100"
cka_strength,active_params,cka_feddst,cifar10,0.95,0.8,11,30987.0,11.269427669584857,5,5,"7,13,21,42,100"
cka_strength,active_params,cka_feddst,cifar10,0.95,0.8,12,30987.0,11.269427669584857,5,5,"7,13,21,42,100"
cka_strength,active_params,cka_feddst,cifar10,0.95,0.8,13,30987.0,11.269427669584857,5,5,"7,13,21,42,100"
cka_strength,active_params,cka_feddst,cifar10,0.95,0.8,14,30987.0,11.269427669584857,5,5,"7,13,21,42,100"
cka_strength,active_params,cka_feddst,cifar10,0.95,0.8,15,30987.0,11.269427669584857,5,5,"7,13,21,42,100"
cka_strength,active_params,cka_feddst,cifar10,0.95,0.8,16,30987.0,11.269427669584857,5,5,"7,13,21,42,100"
cka_strength,active_params,cka_feddst,cifar10,0.95,0.8,17,30987.0,11.269427669584857,5,5,"7,13,21,42,100"
cka_strength,active_params,cka_feddst,cifar10,0.95,0.8,18,30987.0,11.269427669584857,5,5,"7,13,21,42,100"
cka_strength,active_params,cka_feddst,cifar10,0.95,0.8,19,30987.0,11.269427669584857,5,5,"7,13,21,42,100"
cka_strength,active_params,cka_feddst,cifar10,0.95,0.8,20,30987.0,11.269427669584857,5,5,"7,13,21,42,100"
cka_strength,active_params,cka_feddst,cifar10,0.95,0.9,1,30994.0,0.0,5,5,"7,13,21,42,100"
cka_strength,active_params,cka_feddst,cifar10,0.95,0.9,2,30987.0,11.269427669584857,5,5,"7,13,21,42,100"
cka_strength,active_params,cka_feddst,cifar10,0.95,0.9,3,30987.0,11.269427669584857,5,5,"7,13,21,42,100"
cka_strength,active_params,cka_feddst,cifar10,0.95,0.9,4,30987.0,11.269427669584857,5,5,"7,13,21,42,100"
cka_strength,active_params,cka_feddst,cifar10,0.95,0.9,5,30987.0,11.269427669584857,5,5,"7,13,21,42,100"
cka_strength,active_params,cka_feddst,cifar10,0.95,0.9,6,30987.0,11.269427669584857,5,5,"7,13,21,42,100"
cka_strength,active_params,cka_feddst,cifar10,0.95,0.9,7,30987.0,11.269427669584857,5,5,"7,13,21,42,100"
cka_strength,active_params,cka_feddst,cifar10,0.95,0.9,8,30987.0,11.269427669584857,5,5,"7,13,21,42,100"
cka_strength,active_params,cka_feddst,cifar10,0.95,0.9,9,30987.0,11.269427669584857,5,5,"7,13,21,42,100"
cka_strength,active_params,cka_feddst,cifar10,0.95,0.9,10,30987.0,11.269427669584857,5,5,"7,13,21,42,100"
cka_strength,active_params,cka_feddst,cifar10,0.95,0.9,11,30987.0,11.269427669584857,5,5,"7,13,21,42,100"
cka_strength,active_params,cka_feddst,cifar10,0.95,0.9,12,30987.0,11.269427669584857,5,5,"7,13,21,42,100"
cka_strength,active_params,cka_feddst,cifar10,0.95,0.9,13,30987.0,11.269427669584857,5,5,"7,13,21,42,100"
cka_strength,active_params,cka_feddst,cifar10,0.95,0.9,14,30987.0,11.269427669584857,5,5,"7,13,21,42,100"
cka_strength,active_params,cka_feddst,cifar10,0.95,0.9,15,30987.0,11.269427669584857,5,5,"7,13,21,42,100"
cka_strength,active_params,cka_feddst,cifar10,0.95,0.9,16,30987.0,11.269427669584857,5,5,"7,13,21,42,100"
cka_strength,active_params,cka_feddst,cifar10,0.95,0.9,17,30987.0,11.269427669584857,5,5,"7,13,21,42,100"
cka_strength,active_params,cka_feddst,cifar10,0.95,0.9,18,30987.0,11.269427669584857,5,5,"7,13,21,42,100"
cka_strength,active_params,cka_feddst,cifar10,0.95,0.9,19,30987.0,11.269427669584857,5,5,"7,13,21,42,100"
cka_strength,active_params,cka_feddst,cifar10,0.95,0.9,20,30987.0,11.269427669584857,5,5,"7,13,21,42,100"
cka_strength,active_params,cka_feddst,cifar10,0.95,1.0,1,30994.0,0.0,5,5,"7,13,21,42,100"
cka_strength,active_params,cka_feddst,cifar10,0.95,1.0,2,30987.0,11.269427669584857,5,5,"7,13,21,42,100"
cka_strength,active_params,cka_feddst,cifar10,0.95,1.0,3,30987.0,11.269427669584857,5,5,"7,13,21,42,100"
cka_strength,active_params,cka_feddst,cifar10,0.95,1.0,4,30987.0,11.269427669584857,5,5,"7,13,21,42,100"
cka_strength,active_params,cka_feddst,cifar10,0.95,1.0,5,30987.0,11.269427669584857,5,5,"7,13,21,42,100"
cka_strength,active_params,cka_feddst,cifar10,0.95,1.0,6,30987.0,11.269427669584857,5,5,"7,13,21,42,100"
cka_strength,active_params,cka_feddst,cifar10,0.95,1.0,7,30987.0,11.269427669584857,5,5,"7,13,21,42,100"
cka_strength,active_params,cka_feddst,cifar10,0.95,1.0,8,30987.0,11.269427669584857,5,5,"7,13,21,42,100"
cka_strength,active_params,cka_feddst,cifar10,0.95,1.0,9,30987.0,11.269427669584857,5,5,"7,13,21,42,100"
cka_strength,active_params,cka_feddst,cifar10,0.95,1.0,10,30987.0,11.269427669584857,5,5,"7,13,21,42,100"
cka_strength,active_params,cka_feddst,cifar10,0.95,1.0,11,30987.0,11.269427669584857,5,5,"7,13,21,42,100"
cka_strength,active_params,cka_feddst,cifar10,0.95,1.0,12,30987.0,11.269427669584857,5,5,"7,13,21,42,100"
cka_strength,active_params,cka_feddst,cifar10,0.95,1.0,13,30987.0,11.269427669584857,5,5,"7,13,21,42,100"
cka_strength,active_params,cka_feddst,cifar10,0.95,1.0,14,30987.0,11.269427669584857,5,5,"7,13,21,42,100"
cka_strength,active_params,cka_feddst,cifar10,0.95,1.0,15,30987.0,11.269427669584857,5,5,"7,13,21,42,100"
cka_strength,active_params,cka_feddst,cifar10,0.95,1.0,16,30987.0,11.269427669584857,5,5,"7,13,21,42,100"
cka_strength,active_params,cka_feddst,cifar10,0.95,1.0,17,30987.0,11.269427669584857,5,5,"7,13,21,42,100"
cka_strength,active_params,cka_feddst,cifar10,0.95,1.0,18,30987.0,11.269427669584857,5,5,"7,13,21,42,100"
cka_strength,active_params,cka_feddst,cifar10,0.95,1.0,19,30987.0,11.269427669584857,5,5,"7,13,21,42,100"
cka_strength,active_params,cka_feddst,cifar10,0.95,1.0,20,30987.0,11.269427669584857,5,5,"7,13,21,42,100"
cka_strength,total_params,cka_feddst,cifar10,0.5,0.2,1,619872.0,0.0,5,5,"7,13,21,42,100"
cka_strength,total_params,cka_feddst,cifar10,0.5,0.2,2,619872.0,0.0,5,5,"7,13,21,42,100"
cka_strength,total_params,cka_feddst,cifar10,0.5,0.2,3,619872.0,0.0,5,5,"7,13,21,42,100"
cka_strength,total_params,cka_feddst,cifar10,0.5,0.2,4,619872.0,0.0,5,5,"7,13,21,42,100"
cka_strength,total_params,cka_feddst,cifar10,0.5,0.2,5,619872.0,0.0,5,5,"7,13,21,42,100"
cka_strength,total_params,cka_feddst,cifar10,0.5,0.2,6,619872.0,0.0,5,5,"7,13,21,42,100"
cka_strength,total_params,cka_feddst,cifar10,0.5,0.2,7,619872.0,0.0,5,5,"7,13,21,42,100"
cka_strength,total_params,cka_feddst,cifar10,0.5,0.2,8,619872.0,0.0,5,5,"7,13,21,42,100"
cka_strength,total_params,cka_feddst,cifar10,0.5,0.2,9,619872.0,0.0,5,5,"7,13,21,42,100"
cka_strength,total_params,cka_feddst,cifar10,0.5,0.2,10,619872.0,0.0,5,5,"7,13,21,42,100"
cka_strength,total_params,cka_feddst,cifar10,0.5,0.2,11,619872.0,0.0,5,5,"7,13,21,42,100"
cka_strength,total_params,cka_feddst,cifar10,0.5,0.2,12,619872.0,0.0,5,5,"7,13,21,42,100"
cka_strength,total_params,cka_feddst,cifar10,0.5,0.2,13,619872.0,0.0,5,5,"7,13,21,42,100"
cka_strength,total_params,cka_feddst,cifar10,0.5,0.2,14,619872.0,0.0,5,5,"7,13,21,42,100"
cka_strength,total_params,cka_feddst,cifar10,0.5,0.2,15,619872.0,0.0,5,5,"7,13,21,42,100"
cka_strength,total_params,cka_feddst,cifar10,0.5,0.2,16,619872.0,0.0,5,5,"7,13,21,42,100"
cka_strength,total_params,cka_feddst,cifar10,0.5,0.2,17,619872.0,0.0,5,5,"7,13,21,42,100"
cka_strength,total_params,cka_feddst,cifar10,0.5,0.2,18,619872.0,0.0,5,5,"7,13,21,42,100"
cka_strength,total_params,cka_feddst,cifar10,0.5,0.2,19,619872.0,0.0,5,5,"7,13,21,42,100"
cka_strength,total_params,cka_feddst,cifar10,0.5,0.2,20,619872.0,0.0,5,5,"7,13,21,42,100"
cka_strength,total_params,cka_feddst,cifar10,0.5,0.5,1,619872.0,0.0,5,5,"7,13,21,42,100"
cka_strength,total_params,cka_feddst,cifar10,0.5,0.5,2,619872.0,0.0,5,5,"7,13,21,42,100"
cka_strength,total_params,cka_feddst,cifar10,0.5,0.5,3,619872.0,0.0,5,5,"7,13,21,42,100"
cka_strength,total_params,cka_feddst,cifar10,0.5,0.5,4,619872.0,0.0,5,5,"7,13,21,42,100"
cka_strength,total_params,cka_feddst,cifar10,0.5,0.5,5,619872.0,0.0,5,5,"7,13,21,42,100"
cka_strength,total_params,cka_feddst,cifar10,0.5,0.5,6,619872.0,0.0,5,5,"7,13,21,42,100"
cka_strength,total_params,cka_feddst,cifar10,0.5,0.5,7,619872.0,0.0,5,5,"7,13,21,42,100"
cka_strength,total_params,cka_feddst,cifar10,0.5,0.5,8,619872.0,0.0,5,5,"7,13,21,42,100"
cka_strength,total_params,cka_feddst,cifar10,0.5,0.5,9,619872.0,0.0,5,5,"7,13,21,42,100"
cka_strength,total_params,cka_feddst,cifar10,0.5,0.5,10,619872.0,0.0,5,5,"7,13,21,42,100"
cka_strength,total_params,cka_feddst,cifar10,0.5,0.5,11,619872.0,0.0,5,5,"7,13,21,42,100"
cka_strength,total_params,cka_feddst,cifar10,0.5,0.5,12,619872.0,0.0,5,5,"7,13,21,42,100"
cka_strength,total_params,cka_feddst,cifar10,0.5,0.5,13,619872.0,0.0,5,5,"7,13,21,42,100"
cka_strength,total_params,cka_feddst,cifar10,0.5,0.5,14,619872.0,0.0,5,5,"7,13,21,42,100"
cka_strength,total_params,cka_feddst,cifar10,0.5,0.5,15,619872.0,0.0,5,5,"7,13,21,42,100"
cka_strength,total_params,cka_feddst,cifar10,0.5,0.5,16,619872.0,0.0,5,5,"7,13,21,42,100"
cka_strength,total_params,cka_feddst,cifar10,0.5,0.5,17,619872.0,0.0,5,5,"7,13,21,42,100"
cka_strength,total_params,cka_feddst,cifar10,0.5,0.5,18,619872.0,0.0,5,5,"7,13,21,42,100"
cka_strength,total_params,cka_feddst,cifar10,0.5,0.5,19,619872.0,0.0,5,5,"7,13,21,42,100"
cka_strength,total_params,cka_feddst,cifar10,0.5,0.5,20,619872.0,0.0,5,5,"7,13,21,42,100"
cka_strength,total_params,cka_feddst,cifar10,0.5,0.8,1,619872.0,0.0,5,5,"7,13,21,42,100"
cka_strength,total_params,cka_feddst,cifar10,0.5,0.8,2,619872.0,0.0,5,5,"7,13,21,42,100"
cka_strength,total_params,cka_feddst,cifar10,0.5,0.8,3,619872.0,0.0,5,5,"7,13,21,42,100"
cka_strength,total_params,cka_feddst,cifar10,0.5,0.8,4,619872.0,0.0,5,5,"7,13,21,42,100"
cka_strength,total_params,cka_feddst,cifar10,0.5,0.8,5,619872.0,0.0,5,5,"7,13,21,42,100"
cka_strength,total_params,cka_feddst,cifar10,0.5,0.8,6,619872.0,0.0,5,5,"7,13,21,42,100"
cka_strength,total_params,cka_feddst,cifar10,0.5,0.8,7,619872.0,0.0,5,5,"7,13,21,42,100"
cka_strength,total_params,cka_feddst,cifar10,0.5,0.8,8,619872.0,0.0,5,5,"7,13,21,42,100"
cka_strength,total_params,cka_feddst,cifar10,0.5,0.8,9,619872.0,0.0,5,5,"7,13,21,42,100"
cka_strength,total_params,cka_feddst,cifar10,0.5,0.8,10,619872.0,0.0,5,5,"7,13,21,42,100"
cka_strength,total_params,cka_feddst,cifar10,0.5,0.8,11,619872.0,0.0,5,5,"7,13,21,42,100"
cka_strength,total_params,cka_feddst,cifar10,0.5,0.8,12,619872.0,0.0,5,5,"7,13,21,42,100"
cka_strength,total_params,cka_feddst,cifar10,0.5,0.8,13,619872.0,0.0,5,5,"7,13,21,42,100"
cka_strength,total_params,cka_feddst,cifar10,0.5,0.8,14,619872.0,0.0,5,5,"7,13,21,42,100"
cka_strength,total_params,cka_feddst,cifar10,0.5,0.8,15,619872.0,0.0,5,5,"7,13,21,42,100"
cka_strength,total_params,cka_feddst,cifar10,0.5,0.8,16,619872.0,0.0,5,5,"7,13,21,42,100"
cka_strength,total_params,cka_feddst,cifar10,0.5,0.8,17,619872.0,0.0,5,5,"7,13,21,42,100"
cka_strength,total_params,cka_feddst,cifar10,0.5,0.8,18,619872.0,0.0,5,5,"7,13,21,42,100"
cka_strength,total_params,cka_feddst,cifar10,0.5,0.8,19,619872.0,0.0,5,5,"7,13,21,42,100"
cka_strength,total_params,cka_feddst,cifar10,0.5,0.8,20,619872.0,0.0,5,5,"7,13,21,42,100"
cka_strength,total_params,cka_feddst,cifar10,0.5,0.9,1,619872.0,0.0,5,5,"7,13,21,42,100"
cka_strength,total_params,cka_feddst,cifar10,0.5,0.9,2,619872.0,0.0,5,5,"7,13,21,42,100"
cka_strength,total_params,cka_feddst,cifar10,0.5,0.9,3,619872.0,0.0,5,5,"7,13,21,42,100"
cka_strength,total_params,cka_feddst,cifar10,0.5,0.9,4,619872.0,0.0,5,5,"7,13,21,42,100"
cka_strength,total_params,cka_feddst,cifar10,0.5,0.9,5,619872.0,0.0,5,5,"7,13,21,42,100"
cka_strength,total_params,cka_feddst,cifar10,0.5,0.9,6,619872.0,0.0,5,5,"7,13,21,42,100"
cka_strength,total_params,cka_feddst,cifar10,0.5,0.9,7,619872.0,0.0,5,5,"7,13,21,42,100"
cka_strength,total_params,cka_feddst,cifar10,0.5,0.9,8,619872.0,0.0,5,5,"7,13,21,42,100"
cka_strength,total_params,cka_feddst,cifar10,0.5,0.9,9,619872.0,0.0,5,5,"7,13,21,42,100"
cka_strength,total_params,cka_feddst,cifar10,0.5,0.9,10,619872.0,0.0,5,5,"7,13,21,42,100"
cka_strength,total_params,cka_feddst,cifar10,0.5,0.9,11,619872.0,0.0,5,5,"7,13,21,42,100"
cka_strength,total_params,cka_feddst,cifar10,0.5,0.9,12,619872.0,0.0,5,5,"7,13,21,42,100"
cka_strength,total_params,cka_feddst,cifar10,0.5,0.9,13,619872.0,0.0,5,5,"7,13,21,42,100"
cka_strength,total_params,cka_feddst,cifar10,0.5,0.9,14,619872.0,0.0,5,5,"7,13,21,42,100"
cka_strength,total_params,cka_feddst,cifar10,0.5,0.9,15,619872.0,0.0,5,5,"7,13,21,42,100"
cka_strength,total_params,cka_feddst,cifar10,0.5,0.9,16,619872.0,0.0,5,5,"7,13,21,42,100"
cka_strength,total_params,cka_feddst,cifar10,0.5,0.9,17,619872.0,0.0,5,5,"7,13,21,42,100"
cka_strength,total_params,cka_feddst,cifar10,0.5,0.9,18,619872.0,0.0,5,5,"7,13,21,42,100"
cka_strength,total_params,cka_feddst,cifar10,0.5,0.9,19,619872.0,0.0,5,5,"7,13,21,42,100"
cka_strength,total_params,cka_feddst,cifar10,0.5,0.9,20,619872.0,0.0,5,5,"7,13,21,42,100"
cka_strength,total_params,cka_feddst,cifar10,0.5,1.0,1,619872.0,0.0,5,5,"7,13,21,42,100"
cka_strength,total_params,cka_feddst,cifar10,0.5,1.0,2,619872.0,0.0,5,5,"7,13,21,42,100"
cka_strength,total_params,cka_feddst,cifar10,0.5,1.0,3,619872.0,0.0,5,5,"7,13,21,42,100"
cka_strength,total_params,cka_feddst,cifar10,0.5,1.0,4,619872.0,0.0,5,5,"7,13,21,42,100"
cka_strength,total_params,cka_feddst,cifar10,0.5,1.0,5,619872.0,0.0,5,5,"7,13,21,42,100"
cka_strength,total_params,cka_feddst,cifar10,0.5,1.0,6,619872.0,0.0,5,5,"7,13,21,42,100"
cka_strength,total_params,cka_feddst,cifar10,0.5,1.0,7,619872.0,0.0,5,5,"7,13,21,42,100"
cka_strength,total_params,cka_feddst,cifar10,0.5,1.0,8,619872.0,0.0,5,5,"7,13,21,42,100"
cka_strength,total_params,cka_feddst,cifar10,0.5,1.0,9,619872.0,0.0,5,5,"7,13,21,42,100"
cka_strength,total_params,cka_feddst,cifar10,0.5,1.0,10,619872.0,0.0,5,5,"7,13,21,42,100"
cka_strength,total_params,cka_feddst,cifar10,0.5,1.0,11,619872.0,0.0,5,5,"7,13,21,42,100"
cka_strength,total_params,cka_feddst,cifar10,0.5,1.0,12,619872.0,0.0,5,5,"7,13,21,42,100"
cka_strength,total_params,cka_feddst,cifar10,0.5,1.0,13,619872.0,0.0,5,5,"7,13,21,42,100"
cka_strength,total_params,cka_feddst,cifar10,0.5,1.0,14,619872.0,0.0,5,5,"7,13,21,42,100"
cka_strength,total_params,cka_feddst,cifar10,0.5,1.0,15,619872.0,0.0,5,5,"7,13,21,42,100"
cka_strength,total_params,cka_feddst,cifar10,0.5,1.0,16,619872.0,0.0,5,5,"7,13,21,42,100"
cka_strength,total_params,cka_feddst,cifar10,0.5,1.0,17,619872.0,0.0,5,5,"7,13,21,42,100"
cka_strength,total_params,cka_feddst,cifar10,0.5,1.0,18,619872.0,0.0,5,5,"7,13,21,42,100"
cka_strength,total_params,cka_feddst,cifar10,0.5,1.0,19,619872.0,0.0,5,5,"7,13,21,42,100"
cka_strength,total_params,cka_feddst,cifar10,0.5,1.0,20,619872.0,0.0,5,5,"7,13,21,42,100"
cka_strength,total_params,cka_feddst,cifar10,0.7,0.2,1,619872.0,0.0,5,5,"7,13,21,42,100"
cka_strength,total_params,cka_feddst,cifar10,0.7,0.2,2,619872.0,0.0,5,5,"7,13,21,42,100"
cka_strength,total_params,cka_feddst,cifar10,0.7,0.2,3,619872.0,0.0,5,5,"7,13,21,42,100"
cka_strength,total_params,cka_feddst,cifar10,0.7,0.2,4,619872.0,0.0,5,5,"7,13,21,42,100"
cka_strength,total_params,cka_feddst,cifar10,0.7,0.2,5,619872.0,0.0,5,5,"7,13,21,42,100"
cka_strength,total_params,cka_feddst,cifar10,0.7,0.2,6,619872.0,0.0,5,5,"7,13,21,42,100"
cka_strength,total_params,cka_feddst,cifar10,0.7,0.2,7,619872.0,0.0,5,5,"7,13,21,42,100"
cka_strength,total_params,cka_feddst,cifar10,0.7,0.2,8,619872.0,0.0,5,5,"7,13,21,42,100"
cka_strength,total_params,cka_feddst,cifar10,0.7,0.2,9,619872.0,0.0,5,5,"7,13,21,42,100"
cka_strength,total_params,cka_feddst,cifar10,0.7,0.2,10,619872.0,0.0,5,5,"7,13,21,42,100"
cka_strength,total_params,cka_feddst,cifar10,0.7,0.2,11,619872.0,0.0,5,5,"7,13,21,42,100"
cka_strength,total_params,cka_feddst,cifar10,0.7,0.2,12,619872.0,0.0,5,5,"7,13,21,42,100"
cka_strength,total_params,cka_feddst,cifar10,0.7,0.2,13,619872.0,0.0,5,5,"7,13,21,42,100"
cka_strength,total_params,cka_feddst,cifar10,0.7,0.2,14,619872.0,0.0,5,5,"7,13,21,42,100"
cka_strength,total_params,cka_feddst,cifar10,0.7,0.2,15,619872.0,0.0,5,5,"7,13,21,42,100"
cka_strength,total_params,cka_feddst,cifar10,0.7,0.2,16,619872.0,0.0,5,5,"7,13,21,42,100"
cka_strength,total_params,cka_feddst,cifar10,0.7,0.2,17,619872.0,0.0,5,5,"7,13,21,42,100"
cka_strength,total_params,cka_feddst,cifar10,0.7,0.2,18,619872.0,0.0,5,5,"7,13,21,42,100"
cka_strength,total_params,cka_feddst,cifar10,0.7,0.2,19,619872.0,0.0,5,5,"7,13,21,42,100"
cka_strength,total_params,cka_feddst,cifar10,0.7,0.2,20,619872.0,0.0,5,5,"7,13,21,42,100"
cka_strength,total_params,cka_feddst,cifar10,0.7,0.5,1,619872.0,0.0,5,5,"7,13,21,42,100"
cka_strength,total_params,cka_feddst,cifar10,0.7,0.5,2,619872.0,0.0,5,5,"7,13,21,42,100"
cka_strength,total_params,cka_feddst,cifar10,0.7,0.5,3,619872.0,0.0,5,5,"7,13,21,42,100"
cka_strength,total_params,cka_feddst,cifar10,0.7,0.5,4,619872.0,0.0,5,5,"7,13,21,42,100"
cka_strength,total_params,cka_feddst,cifar10,0.7,0.5,5,619872.0,0.0,5,5,"7,13,21,42,100"
cka_strength,total_params,cka_feddst,cifar10,0.7,0.5,6,619872.0,0.0,5,5,"7,13,21,42,100"
cka_strength,total_params,cka_feddst,cifar10,0.7,0.5,7,619872.0,0.0,5,5,"7,13,21,42,100"
cka_strength,total_params,cka_feddst,cifar10,0.7,0.5,8,619872.0,0.0,5,5,"7,13,21,42,100"
cka_strength,total_params,cka_feddst,cifar10,0.7,0.5,9,619872.0,0.0,5,5,"7,13,21,42,100"
cka_strength,total_params,cka_feddst,cifar10,0.7,0.5,10,619872.0,0.0,5,5,"7,13,21,42,100"
cka_strength,total_params,cka_feddst,cifar10,0.7,0.5,11,619872.0,0.0,5,5,"7,13,21,42,100"
cka_strength,total_params,cka_feddst,cifar10,0.7,0.5,12,619872.0,0.0,5,5,"7,13,21,42,100"
cka_strength,total_params,cka_feddst,cifar10,0.7,0.5,13,619872.0,0.0,5,5,"7,13,21,42,100"
cka_strength,total_params,cka_feddst,cifar10,0.7,0.5,14,619872.0,0.0,5,5,"7,13,21,42,100"
cka_strength,total_params,cka_feddst,cifar10,0.7,0.5,15,619872.0,0.0,5,5,"7,13,21,42,100"
cka_strength,total_params,cka_feddst,cifar10,0.7,0.5,16,619872.0,0.0,5,5,"7,13,21,42,100"
cka_strength,total_params,cka_feddst,cifar10,0.7,0.5,17,619872.0,0.0,5,5,"7,13,21,42,100"
cka_strength,total_params,cka_feddst,cifar10,0.7,0.5,18,619872.0,0.0,5,5,"7,13,21,42,100"
cka_strength,total_params,cka_feddst,cifar10,0.7,0.5,19,619872.0,0.0,5,5,"7,13,21,42,100"
cka_strength,total_params,cka_feddst,cifar10,0.7,0.5,20,619872.0,0.0,5,5,"7,13,21,42,100"
cka_strength,total_params,cka_feddst,cifar10,0.7,0.8,1,619872.0,0.0,5,5,"7,13,21,42,100"
cka_strength,total_params,cka_feddst,cifar10,0.7,0.8,2,619872.0,0.0,5,5,"7,13,21,42,100"
cka_strength,total_params,cka_feddst,cifar10,0.7,0.8,3,619872.0,0.0,5,5,"7,13,21,42,100"
cka_strength,total_params,cka_feddst,cifar10,0.7,0.8,4,619872.0,0.0,5,5,"7,13,21,42,100"
cka_strength,total_params,cka_feddst,cifar10,0.7,0.8,5,619872.0,0.0,5,5,"7,13,21,42,100"
cka_strength,total_params,cka_feddst,cifar10,0.7,0.8,6,619872.0,0.0,5,5,"7,13,21,42,100"
cka_strength,total_params,cka_feddst,cifar10,0.7,0.8,7,619872.0,0.0,5,5,"7,13,21,42,100"
cka_strength,total_params,cka_feddst,cifar10,0.7,0.8,8,619872.0,0.0,5,5,"7,13,21,42,100"
cka_strength,total_params,cka_feddst,cifar10,0.7,0.8,9,619872.0,0.0,5,5,"7,13,21,42,100"
cka_strength,total_params,cka_feddst,cifar10,0.7,0.8,10,619872.0,0.0,5,5,"7,13,21,42,100"
cka_strength,total_params,cka_feddst,cifar10,0.7,0.8,11,619872.0,0.0,5,5,"7,13,21,42,100"
cka_strength,total_params,cka_feddst,cifar10,0.7,0.8,12,619872.0,0.0,5,5,"7,13,21,42,100"
cka_strength,total_params,cka_feddst,cifar10,0.7,0.8,13,619872.0,0.0,5,5,"7,13,21,42,100"
cka_strength,total_params,cka_feddst,cifar10,0.7,0.8,14,619872.0,0.0,5,5,"7,13,21,42,100"
cka_strength,total_params,cka_feddst,cifar10,0.7,0.8,15,619872.0,0.0,5,5,"7,13,21,42,100"
cka_strength,total_params,cka_feddst,cifar10,0.7,0.8,16,619872.0,0.0,5,5,"7,13,21,42,100"
cka_strength,total_params,cka_feddst,cifar10,0.7,0.8,17,619872.0,0.0,5,5,"7,13,21,42,100"
cka_strength,total_params,cka_feddst,cifar10,0.7,0.8,18,619872.0,0.0,5,5,"7,13,21,42,100"
cka_strength,total_params,cka_feddst,cifar10,0.7,0.8,19,619872.0,0.0,5,5,"7,13,21,42,100"
cka_strength,total_params,cka_feddst,cifar10,0.7,0.8,20,619872.0,0.0,5,5,"7,13,21,42,100"
cka_strength,total_params,cka_feddst,cifar10,0.7,0.9,1,619872.0,0.0,5,5,"7,13,21,42,100"
cka_strength,total_params,cka_feddst,cifar10,0.7,0.9,2,619872.0,0.0,5,5,"7,13,21,42,100"
cka_strength,total_params,cka_feddst,cifar10,0.7,0.9,3,619872.0,0.0,5,5,"7,13,21,42,100"
cka_strength,total_params,cka_feddst,cifar10,0.7,0.9,4,619872.0,0.0,5,5,"7,13,21,42,100"
cka_strength,total_params,cka_feddst,cifar10,0.7,0.9,5,619872.0,0.0,5,5,"7,13,21,42,100"
cka_strength,total_params,cka_feddst,cifar10,0.7,0.9,6,619872.0,0.0,5,5,"7,13,21,42,100"
cka_strength,total_params,cka_feddst,cifar10,0.7,0.9,7,619872.0,0.0,5,5,"7,13,21,42,100"
cka_strength,total_params,cka_feddst,cifar10,0.7,0.9,8,619872.0,0.0,5,5,"7,13,21,42,100"
cka_strength,total_params,cka_feddst,cifar10,0.7,0.9,9,619872.0,0.0,5,5,"7,13,21,42,100"
cka_strength,total_params,cka_feddst,cifar10,0.7,0.9,10,619872.0,0.0,5,5,"7,13,21,42,100"
cka_strength,total_params,cka_feddst,cifar10,0.7,0.9,11,619872.0,0.0,5,5,"7,13,21,42,100"
cka_strength,total_params,cka_feddst,cifar10,0.7,0.9,12,619872.0,0.0,5,5,"7,13,21,42,100"
cka_strength,total_params,cka_feddst,cifar10,0.7,0.9,13,619872.0,0.0,5,5,"7,13,21,42,100"
cka_strength,total_params,cka_feddst,cifar10,0.7,0.9,14,619872.0,0.0,5,5,"7,13,21,42,100"
cka_strength,total_params,cka_feddst,cifar10,0.7,0.9,15,619872.0,0.0,5,5,"7,13,21,42,100"
cka_strength,total_params,cka_feddst,cifar10,0.7,0.9,16,619872.0,0.0,5,5,"7,13,21,42,100"
cka_strength,total_params,cka_feddst,cifar10,0.7,0.9,17,619872.0,0.0,5,5,"7,13,21,42,100"
cka_strength,total_params,cka_feddst,cifar10,0.7,0.9,18,619872.0,0.0,5,5,"7,13,21,42,100"
cka_strength,total_params,cka_feddst,cifar10,0.7,0.9,19,619872.0,0.0,5,5,"7,13,21,42,100"
cka_strength,total_params,cka_feddst,cifar10,0.7,0.9,20,619872.0,0.0,5,5,"7,13,21,42,100"
cka_strength,total_params,cka_feddst,cifar10,0.7,1.0,1,619872.0,0.0,5,5,"7,13,21,42,100"
cka_strength,total_params,cka_feddst,cifar10,0.7,1.0,2,619872.0,0.0,5,5,"7,13,21,42,100"
cka_strength,total_params,cka_feddst,cifar10,0.7,1.0,3,619872.0,0.0,5,5,"7,13,21,42,100"
cka_strength,total_params,cka_feddst,cifar10,0.7,1.0,4,619872.0,0.0,5,5,"7,13,21,42,100"
cka_strength,total_params,cka_feddst,cifar10,0.7,1.0,5,619872.0,0.0,5,5,"7,13,21,42,100"
cka_strength,total_params,cka_feddst,cifar10,0.7,1.0,6,619872.0,0.0,5,5,"7,13,21,42,100"
cka_strength,total_params,cka_feddst,cifar10,0.7,1.0,7,619872.0,0.0,5,5,"7,13,21,42,100"
cka_strength,total_params,cka_feddst,cifar10,0.7,1.0,8,619872.0,0.0,5,5,"7,13,21,42,100"
cka_strength,total_params,cka_feddst,cifar10,0.7,1.0,9,619872.0,0.0,5,5,"7,13,21,42,100"
cka_strength,total_params,cka_feddst,cifar10,0.7,1.0,10,619872.0,0.0,5,5,"7,13,21,42,100"
cka_strength,total_params,cka_feddst,cifar10,0.7,1.0,11,619872.0,0.0,5,5,"7,13,21,42,100"
cka_strength,total_params,cka_feddst,cifar10,0.7,1.0,12,619872.0,0.0,5,5,"7,13,21,42,100"
cka_strength,total_params,cka_feddst,cifar10,0.7,1.0,13,619872.0,0.0,5,5,"7,13,21,42,100"
cka_strength,total_params,cka_feddst,cifar10,0.7,1.0,14,619872.0,0.0,5,5,"7,13,21,42,100"
cka_strength,total_params,cka_feddst,cifar10,0.7,1.0,15,619872.0,0.0,5,5,"7,13,21,42,100"
cka_strength,total_params,cka_feddst,cifar10,0.7,1.0,16,619872.0,0.0,5,5,"7,13,21,42,100"
cka_strength,total_params,cka_feddst,cifar10,0.7,1.0,17,619872.0,0.0,5,5,"7,13,21,42,100"
cka_strength,total_params,cka_feddst,cifar10,0.7,1.0,18,619872.0,0.0,5,5,"7,13,21,42,100"
cka_strength,total_params,cka_feddst,cifar10,0.7,1.0,19,619872.0,0.0,5,5,"7,13,21,42,100"
cka_strength,total_params,cka_feddst,cifar10,0.7,1.0,20,619872.0,0.0,5,5,"7,13,21,42,100"
cka_strength,total_params,cka_feddst,cifar10,0.8,0.2,1,619872.0,0.0,5,5,"7,13,21,42,100"
cka_strength,total_params,cka_feddst,cifar10,0.8,0.2,2,619872.0,0.0,5,5,"7,13,21,42,100"
cka_strength,total_params,cka_feddst,cifar10,0.8,0.2,3,619872.0,0.0,5,5,"7,13,21,42,100"
cka_strength,total_params,cka_feddst,cifar10,0.8,0.2,4,619872.0,0.0,5,5,"7,13,21,42,100"
cka_strength,total_params,cka_feddst,cifar10,0.8,0.2,5,619872.0,0.0,5,5,"7,13,21,42,100"
cka_strength,total_params,cka_feddst,cifar10,0.8,0.2,6,619872.0,0.0,5,5,"7,13,21,42,100"
cka_strength,total_params,cka_feddst,cifar10,0.8,0.2,7,619872.0,0.0,5,5,"7,13,21,42,100"
cka_strength,total_params,cka_feddst,cifar10,0.8,0.2,8,619872.0,0.0,5,5,"7,13,21,42,100"
cka_strength,total_params,cka_feddst,cifar10,0.8,0.2,9,619872.0,0.0,5,5,"7,13,21,42,100"
cka_strength,total_params,cka_feddst,cifar10,0.8,0.2,10,619872.0,0.0,5,5,"7,13,21,42,100"
cka_strength,total_params,cka_feddst,cifar10,0.8,0.2,11,619872.0,0.0,5,5,"7,13,21,42,100"
cka_strength,total_params,cka_feddst,cifar10,0.8,0.2,12,619872.0,0.0,5,5,"7,13,21,42,100"
cka_strength,total_params,cka_feddst,cifar10,0.8,0.2,13,619872.0,0.0,5,5,"7,13,21,42,100"
cka_strength,total_params,cka_feddst,cifar10,0.8,0.2,14,619872.0,0.0,5,5,"7,13,21,42,100"
cka_strength,total_params,cka_feddst,cifar10,0.8,0.2,15,619872.0,0.0,5,5,"7,13,21,42,100"
cka_strength,total_params,cka_feddst,cifar10,0.8,0.2,16,619872.0,0.0,5,5,"7,13,21,42,100"
cka_strength,total_params,cka_feddst,cifar10,0.8,0.2,17,619872.0,0.0,5,5,"7,13,21,42,100"
cka_strength,total_params,cka_feddst,cifar10,0.8,0.2,18,619872.0,0.0,5,5,"7,13,21,42,100"
cka_strength,total_params,cka_feddst,cifar10,0.8,0.2,19,619872.0,0.0,5,5,"7,13,21,42,100"
cka_strength,total_params,cka_feddst,cifar10,0.8,0.2,20,619872.0,0.0,5,5,"7,13,21,42,100"
cka_strength,total_params,cka_feddst,cifar10,0.8,0.5,1,619872.0,0.0,5,5,"7,13,21,42,100"
cka_strength,total_params,cka_feddst,cifar10,0.8,0.5,2,619872.0,0.0,5,5,"7,13,21,42,100"
cka_strength,total_params,cka_feddst,cifar10,0.8,0.5,3,619872.0,0.0,5,5,"7,13,21,42,100"
cka_strength,total_params,cka_feddst,cifar10,0.8,0.5,4,619872.0,0.0,5,5,"7,13,21,42,100"
cka_strength,total_params,cka_feddst,cifar10,0.8,0.5,5,619872.0,0.0,5,5,"7,13,21,42,100"
cka_strength,total_params,cka_feddst,cifar10,0.8,0.5,6,619872.0,0.0,5,5,"7,13,21,42,100"
cka_strength,total_params,cka_feddst,cifar10,0.8,0.5,7,619872.0,0.0,5,5,"7,13,21,42,100"
cka_strength,total_params,cka_feddst,cifar10,0.8,0.5,8,619872.0,0.0,5,5,"7,13,21,42,100"
cka_strength,total_params,cka_feddst,cifar10,0.8,0.5,9,619872.0,0.0,5,5,"7,13,21,42,100"
cka_strength,total_params,cka_feddst,cifar10,0.8,0.5,10,619872.0,0.0,5,5,"7,13,21,42,100"
cka_strength,total_params,cka_feddst,cifar10,0.8,0.5,11,619872.0,0.0,5,5,"7,13,21,42,100"
cka_strength,total_params,cka_feddst,cifar10,0.8,0.5,12,619872.0,0.0,5,5,"7,13,21,42,100"
cka_strength,total_params,cka_feddst,cifar10,0.8,0.5,13,619872.0,0.0,5,5,"7,13,21,42,100"
cka_strength,total_params,cka_feddst,cifar10,0.8,0.5,14,619872.0,0.0,5,5,"7,13,21,42,100"
cka_strength,total_params,cka_feddst,cifar10,0.8,0.5,15,619872.0,0.0,5,5,"7,13,21,42,100"
cka_strength,total_params,cka_feddst,cifar10,0.8,0.5,16,619872.0,0.0,5,5,"7,13,21,42,100"
cka_strength,total_params,cka_feddst,cifar10,0.8,0.5,17,619872.0,0.0,5,5,"7,13,21,42,100"
cka_strength,total_params,cka_feddst,cifar10,0.8,0.5,18,619872.0,0.0,5,5,"7,13,21,42,100"
cka_strength,total_params,cka_feddst,cifar10,0.8,0.5,19,619872.0,0.0,5,5,"7,13,21,42,100"
cka_strength,total_params,cka_feddst,cifar10,0.8,0.5,20,619872.0,0.0,5,5,"7,13,21,42,100"
cka_strength,total_params,cka_feddst,cifar10,0.8,0.8,1,619872.0,0.0,5,5,"7,13,21,42,100"
cka_strength,total_params,cka_feddst,cifar10,0.8,0.8,2,619872.0,0.0,5,5,"7,13,21,42,100"
cka_strength,total_params,cka_feddst,cifar10,0.8,0.8,3,619872.0,0.0,5,5,"7,13,21,42,100"
cka_strength,total_params,cka_feddst,cifar10,0.8,0.8,4,619872.0,0.0,5,5,"7,13,21,42,100"
cka_strength,total_params,cka_feddst,cifar10,0.8,0.8,5,619872.0,0.0,5,5,"7,13,21,42,100"
cka_strength,total_params,cka_feddst,cifar10,0.8,0.8,6,619872.0,0.0,5,5,"7,13,21,42,100"
cka_strength,total_params,cka_feddst,cifar10,0.8,0.8,7,619872.0,0.0,5,5,"7,13,21,42,100"
cka_strength,total_params,cka_feddst,cifar10,0.8,0.8,8,619872.0,0.0,5,5,"7,13,21,42,100"
cka_strength,total_params,cka_feddst,cifar10,0.8,0.8,9,619872.0,0.0,5,5,"7,13,21,42,100"
cka_strength,total_params,cka_feddst,cifar10,0.8,0.8,10,619872.0,0.0,5,5,"7,13,21,42,100"
cka_strength,total_params,cka_feddst,cifar10,0.8,0.8,11,619872.0,0.0,5,5,"7,13,21,42,100"
cka_strength,total_params,cka_feddst,cifar10,0.8,0.8,12,619872.0,0.0,5,5,"7,13,21,42,100"
cka_strength,total_params,cka_feddst,cifar10,0.8,0.8,13,619872.0,0.0,5,5,"7,13,21,42,100"
cka_strength,total_params,cka_feddst,cifar10,0.8,0.8,14,619872.0,0.0,5,5,"7,13,21,42,100"
cka_strength,total_params,cka_feddst,cifar10,0.8,0.8,15,619872.0,0.0,5,5,"7,13,21,42,100"
cka_strength,total_params,cka_feddst,cifar10,0.8,0.8,16,619872.0,0.0,5,5,"7,13,21,42,100"
cka_strength,total_params,cka_feddst,cifar10,0.8,0.8,17,619872.0,0.0,5,5,"7,13,21,42,100"
cka_strength,total_params,cka_feddst,cifar10,0.8,0.8,18,619872.0,0.0,5,5,"7,13,21,42,100"
cka_strength,total_params,cka_feddst,cifar10,0.8,0.8,19,619872.0,0.0,5,5,"7,13,21,42,100"
cka_strength,total_params,cka_feddst,cifar10,0.8,0.8,20,619872.0,0.0,5,5,"7,13,21,42,100"
cka_strength,total_params,cka_feddst,cifar10,0.8,0.9,1,619872.0,0.0,5,5,"7,13,21,42,100"
cka_strength,total_params,cka_feddst,cifar10,0.8,0.9,2,619872.0,0.0,5,5,"7,13,21,42,100"
cka_strength,total_params,cka_feddst,cifar10,0.8,0.9,3,619872.0,0.0,5,5,"7,13,21,42,100"
cka_strength,total_params,cka_feddst,cifar10,0.8,0.9,4,619872.0,0.0,5,5,"7,13,21,42,100"
cka_strength,total_params,cka_feddst,cifar10,0.8,0.9,5,619872.0,0.0,5,5,"7,13,21,42,100"
cka_strength,total_params,cka_feddst,cifar10,0.8,0.9,6,619872.0,0.0,5,5,"7,13,21,42,100"
cka_strength,total_params,cka_feddst,cifar10,0.8,0.9,7,619872.0,0.0,5,5,"7,13,21,42,100"
cka_strength,total_params,cka_feddst,cifar10,0.8,0.9,8,619872.0,0.0,5,5,"7,13,21,42,100"
cka_strength,total_params,cka_feddst,cifar10,0.8,0.9,9,619872.0,0.0,5,5,"7,13,21,42,100"
cka_strength,total_params,cka_feddst,cifar10,0.8,0.9,10,619872.0,0.0,5,5,"7,13,21,42,100"
cka_strength,total_params,cka_feddst,cifar10,0.8,0.9,11,619872.0,0.0,5,5,"7,13,21,42,100"
cka_strength,total_params,cka_feddst,cifar10,0.8,0.9,12,619872.0,0.0,5,5,"7,13,21,42,100"
cka_strength,total_params,cka_feddst,cifar10,0.8,0.9,13,619872.0,0.0,5,5,"7,13,21,42,100"
cka_strength,total_params,cka_feddst,cifar10,0.8,0.9,14,619872.0,0.0,5,5,"7,13,21,42,100"
cka_strength,total_params,cka_feddst,cifar10,0.8,0.9,15,619872.0,0.0,5,5,"7,13,21,42,100"
cka_strength,total_params,cka_feddst,cifar10,0.8,0.9,16,619872.0,0.0,5,5,"7,13,21,42,100"
cka_strength,total_params,cka_feddst,cifar10,0.8,0.9,17,619872.0,0.0,5,5,"7,13,21,42,100"
cka_strength,total_params,cka_feddst,cifar10,0.8,0.9,18,619872.0,0.0,5,5,"7,13,21,42,100"
cka_strength,total_params,cka_feddst,cifar10,0.8,0.9,19,619872.0,0.0,5,5,"7,13,21,42,100"
cka_strength,total_params,cka_feddst,cifar10,0.8,0.9,20,619872.0,0.0,5,5,"7,13,21,42,100"
cka_strength,total_params,cka_feddst,cifar10,0.8,1.0,1,619872.0,0.0,5,5,"7,13,21,42,100"
cka_strength,total_params,cka_feddst,cifar10,0.8,1.0,2,619872.0,0.0,5,5,"7,13,21,42,100"
cka_strength,total_params,cka_feddst,cifar10,0.8,1.0,3,619872.0,0.0,5,5,"7,13,21,42,100"
cka_strength,total_params,cka_feddst,cifar10,0.8,1.0,4,619872.0,0.0,5,5,"7,13,21,42,100"
cka_strength,total_params,cka_feddst,cifar10,0.8,1.0,5,619872.0,0.0,5,5,"7,13,21,42,100"
cka_strength,total_params,cka_feddst,cifar10,0.8,1.0,6,619872.0,0.0,5,5,"7,13,21,42,100"
cka_strength,total_params,cka_feddst,cifar10,0.8,1.0,7,619872.0,0.0,5,5,"7,13,21,42,100"
cka_strength,total_params,cka_feddst,cifar10,0.8,1.0,8,619872.0,0.0,5,5,"7,13,21,42,100"
cka_strength,total_params,cka_feddst,cifar10,0.8,1.0,9,619872.0,0.0,5,5,"7,13,21,42,100"
cka_strength,total_params,cka_feddst,cifar10,0.8,1.0,10,619872.0,0.0,5,5,"7,13,21,42,100"
cka_strength,total_params,cka_feddst,cifar10,0.8,1.0,11,619872.0,0.0,5,5,"7,13,21,42,100"
cka_strength,total_params,cka_feddst,cifar10,0.8,1.0,12,619872.0,0.0,5,5,"7,13,21,42,100"
cka_strength,total_params,cka_feddst,cifar10,0.8,1.0,13,619872.0,0.0,5,5,"7,13,21,42,100"
cka_strength,total_params,cka_feddst,cifar10,0.8,1.0,14,619872.0,0.0,5,5,"7,13,21,42,100"
cka_strength,total_params,cka_feddst,cifar10,0.8,1.0,15,619872.0,0.0,5,5,"7,13,21,42,100"
cka_strength,total_params,cka_feddst,cifar10,0.8,1.0,16,619872.0,0.0,5,5,"7,13,21,42,100"
cka_strength,total_params,cka_feddst,cifar10,0.8,1.0,17,619872.0,0.0,5,5,"7,13,21,42,100"
cka_strength,total_params,cka_feddst,cifar10,0.8,1.0,18,619872.0,0.0,5,5,"7,13,21,42,100"
cka_strength,total_params,cka_feddst,cifar10,0.8,1.0,19,619872.0,0.0,5,5,"7,13,21,42,100"
cka_strength,total_params,cka_feddst,cifar10,0.8,1.0,20,619872.0,0.0,5,5,"7,13,21,42,100"
cka_strength,total_params,cka_feddst,cifar10,0.9,0.2,1,619872.0,0.0,5,5,"7,13,21,42,100"
cka_strength,total_params,cka_feddst,cifar10,0.9,0.2,2,619872.0,0.0,5,5,"7,13,21,42,100"
cka_strength,total_params,cka_feddst,cifar10,0.9,0.2,3,619872.0,0.0,5,5,"7,13,21,42,100"
cka_strength,total_params,cka_feddst,cifar10,0.9,0.2,4,619872.0,0.0,5,5,"7,13,21,42,100"
cka_strength,total_params,cka_feddst,cifar10,0.9,0.2,5,619872.0,0.0,5,5,"7,13,21,42,100"
cka_strength,total_params,cka_feddst,cifar10,0.9,0.2,6,619872.0,0.0,5,5,"7,13,21,42,100"
cka_strength,total_params,cka_feddst,cifar10,0.9,0.2,7,619872.0,0.0,5,5,"7,13,21,42,100"
cka_strength,total_params,cka_feddst,cifar10,0.9,0.2,8,619872.0,0.0,5,5,"7,13,21,42,100"
cka_strength,total_params,cka_feddst,cifar10,0.9,0.2,9,619872.0,0.0,5,5,"7,13,21,42,100"
cka_strength,total_params,cka_feddst,cifar10,0.9,0.2,10,619872.0,0.0,5,5,"7,13,21,42,100"
cka_strength,total_params,cka_feddst,cifar10,0.9,0.2,11,619872.0,0.0,5,5,"7,13,21,42,100"
cka_strength,total_params,cka_feddst,cifar10,0.9,0.2,12,619872.0,0.0,5,5,"7,13,21,42,100"
cka_strength,total_params,cka_feddst,cifar10,0.9,0.2,13,619872.0,0.0,5,5,"7,13,21,42,100"
cka_strength,total_params,cka_feddst,cifar10,0.9,0.2,14,619872.0,0.0,5,5,"7,13,21,42,100"
cka_strength,total_params,cka_feddst,cifar10,0.9,0.2,15,619872.0,0.0,5,5,"7,13,21,42,100"
cka_strength,total_params,cka_feddst,cifar10,0.9,0.2,16,619872.0,0.0,5,5,"7,13,21,42,100"
cka_strength,total_params,cka_feddst,cifar10,0.9,0.2,17,619872.0,0.0,5,5,"7,13,21,42,100"
cka_strength,total_params,cka_feddst,cifar10,0.9,0.2,18,619872.0,0.0,5,5,"7,13,21,42,100"
cka_strength,total_params,cka_feddst,cifar10,0.9,0.2,19,619872.0,0.0,5,5,"7,13,21,42,100"
cka_strength,total_params,cka_feddst,cifar10,0.9,0.2,20,619872.0,0.0,5,5,"7,13,21,42,100"
cka_strength,total_params,cka_feddst,cifar10,0.9,0.5,1,619872.0,0.0,5,5,"7,13,21,42,100"
cka_strength,total_params,cka_feddst,cifar10,0.9,0.5,2,619872.0,0.0,5,5,"7,13,21,42,100"
cka_strength,total_params,cka_feddst,cifar10,0.9,0.5,3,619872.0,0.0,5,5,"7,13,21,42,100"
cka_strength,total_params,cka_feddst,cifar10,0.9,0.5,4,619872.0,0.0,5,5,"7,13,21,42,100"
cka_strength,total_params,cka_feddst,cifar10,0.9,0.5,5,619872.0,0.0,5,5,"7,13,21,42,100"
cka_strength,total_params,cka_feddst,cifar10,0.9,0.5,6,619872.0,0.0,5,5,"7,13,21,42,100"
cka_strength,total_params,cka_feddst,cifar10,0.9,0.5,7,619872.0,0.0,5,5,"7,13,21,42,100"
cka_strength,total_params,cka_feddst,cifar10,0.9,0.5,8,619872.0,0.0,5,5,"7,13,21,42,100"
cka_strength,total_params,cka_feddst,cifar10,0.9,0.5,9,619872.0,0.0,5,5,"7,13,21,42,100"
cka_strength,total_params,cka_feddst,cifar10,0.9,0.5,10,619872.0,0.0,5,5,"7,13,21,42,100"
cka_strength,total_params,cka_feddst,cifar10,0.9,0.5,11,619872.0,0.0,5,5,"7,13,21,42,100"
cka_strength,total_params,cka_feddst,cifar10,0.9,0.5,12,619872.0,0.0,5,5,"7,13,21,42,100"
cka_strength,total_params,cka_feddst,cifar10,0.9,0.5,13,619872.0,0.0,5,5,"7,13,21,42,100"
cka_strength,total_params,cka_feddst,cifar10,0.9,0.5,14,619872.0,0.0,5,5,"7,13,21,42,100"
cka_strength,total_params,cka_feddst,cifar10,0.9,0.5,15,619872.0,0.0,5,5,"7,13,21,42,100"
cka_strength,total_params,cka_feddst,cifar10,0.9,0.5,16,619872.0,0.0,5,5,"7,13,21,42,100"
cka_strength,total_params,cka_feddst,cifar10,0.9,0.5,17,619872.0,0.0,5,5,"7,13,21,42,100"
cka_strength,total_params,cka_feddst,cifar10,0.9,0.5,18,619872.0,0.0,5,5,"7,13,21,42,100"
cka_strength,total_params,cka_feddst,cifar10,0.9,0.5,19,619872.0,0.0,5,5,"7,13,21,42,100"
cka_strength,total_params,cka_feddst,cifar10,0.9,0.5,20,619872.0,0.0,5,5,"7,13,21,42,100"
cka_strength,total_params,cka_feddst,cifar10,0.9,0.8,1,619872.0,0.0,5,5,"7,13,21,42,100"
cka_strength,total_params,cka_feddst,cifar10,0.9,0.8,2,619872.0,0.0,5,5,"7,13,21,42,100"
cka_strength,total_params,cka_feddst,cifar10,0.9,0.8,3,619872.0,0.0,5,5,"7,13,21,42,100"
cka_strength,total_params,cka_feddst,cifar10,0.9,0.8,4,619872.0,0.0,5,5,"7,13,21,42,100"
cka_strength,total_params,cka_feddst,cifar10,0.9,0.8,5,619872.0,0.0,5,5,"7,13,21,42,100"
cka_strength,total_params,cka_feddst,cifar10,0.9,0.8,6,619872.0,0.0,5,5,"7,13,21,42,100"
cka_strength,total_params,cka_feddst,cifar10,0.9,0.8,7,619872.0,0.0,5,5,"7,13,21,42,100"
cka_strength,total_params,cka_feddst,cifar10,0.9,0.8,8,619872.0,0.0,5,5,"7,13,21,42,100"
cka_strength,total_params,cka_feddst,cifar10,0.9,0.8,9,619872.0,0.0,5,5,"7,13,21,42,100"
cka_strength,total_params,cka_feddst,cifar10,0.9,0.8,10,619872.0,0.0,5,5,"7,13,21,42,100"
cka_strength,total_params,cka_feddst,cifar10,0.9,0.8,11,619872.0,0.0,5,5,"7,13,21,42,100"
cka_strength,total_params,cka_feddst,cifar10,0.9,0.8,12,619872.0,0.0,5,5,"7,13,21,42,100"
cka_strength,total_params,cka_feddst,cifar10,0.9,0.8,13,619872.0,0.0,5,5,"7,13,21,42,100"
cka_strength,total_params,cka_feddst,cifar10,0.9,0.8,14,619872.0,0.0,5,5,"7,13,21,42,100"
cka_strength,total_params,cka_feddst,cifar10,0.9,0.8,15,619872.0,0.0,5,5,"7,13,21,42,100"
cka_strength,total_params,cka_feddst,cifar10,0.9,0.8,16,619872.0,0.0,5,5,"7,13,21,42,100"
cka_strength,total_params,cka_feddst,cifar10,0.9,0.8,17,619872.0,0.0,5,5,"7,13,21,42,100"
cka_strength,total_params,cka_feddst,cifar10,0.9,0.8,18,619872.0,0.0,5,5,"7,13,21,42,100"
cka_strength,total_params,cka_feddst,cifar10,0.9,0.8,19,619872.0,0.0,5,5,"7,13,21,42,100"
cka_strength,total_params,cka_feddst,cifar10,0.9,0.8,20,619872.0,0.0,5,5,"7,13,21,42,100"
cka_strength,total_params,cka_feddst,cifar10,0.9,0.9,1,619872.0,0.0,5,5,"7,13,21,42,100"
cka_strength,total_params,cka_feddst,cifar10,0.9,0.9,2,619872.0,0.0,5,5,"7,13,21,42,100"
cka_strength,total_params,cka_feddst,cifar10,0.9,0.9,3,619872.0,0.0,5,5,"7,13,21,42,100"
cka_strength,total_params,cka_feddst,cifar10,0.9,0.9,4,619872.0,0.0,5,5,"7,13,21,42,100"
cka_strength,total_params,cka_feddst,cifar10,0.9,0.9,5,619872.0,0.0,5,5,"7,13,21,42,100"
cka_strength,total_params,cka_feddst,cifar10,0.9,0.9,6,619872.0,0.0,5,5,"7,13,21,42,100"
cka_strength,total_params,cka_feddst,cifar10,0.9,0.9,7,619872.0,0.0,5,5,"7,13,21,42,100"
cka_strength,total_params,cka_feddst,cifar10,0.9,0.9,8,619872.0,0.0,5,5,"7,13,21,42,100"
cka_strength,total_params,cka_feddst,cifar10,0.9,0.9,9,619872.0,0.0,5,5,"7,13,21,42,100"
cka_strength,total_params,cka_feddst,cifar10,0.9,0.9,10,619872.0,0.0,5,5,"7,13,21,42,100"
cka_strength,total_params,cka_feddst,cifar10,0.9,0.9,11,619872.0,0.0,5,5,"7,13,21,42,100"
cka_strength,total_params,cka_feddst,cifar10,0.9,0.9,12,619872.0,0.0,5,5,"7,13,21,42,100"
cka_strength,total_params,cka_feddst,cifar10,0.9,0.9,13,619872.0,0.0,5,5,"7,13,21,42,100"
cka_strength,total_params,cka_feddst,cifar10,0.9,0.9,14,619872.0,0.0,5,5,"7,13,21,42,100"
cka_strength,total_params,cka_feddst,cifar10,0.9,0.9,15,619872.0,0.0,5,5,"7,13,21,42,100"
cka_strength,total_params,cka_feddst,cifar10,0.9,0.9,16,619872.0,0.0,5,5,"7,13,21,42,100"
cka_strength,total_params,cka_feddst,cifar10,0.9,0.9,17,619872.0,0.0,5,5,"7,13,21,42,100"
cka_strength,total_params,cka_feddst,cifar10,0.9,0.9,18,619872.0,0.0,5,5,"7,13,21,42,100"
cka_strength,total_params,cka_feddst,cifar10,0.9,0.9,19,619872.0,0.0,5,5,"7,13,21,42,100"
cka_strength,total_params,cka_feddst,cifar10,0.9,0.9,20,619872.0,0.0,5,5,"7,13,21,42,100"
cka_strength,total_params,cka_feddst,cifar10,0.9,1.0,1,619872.0,0.0,5,5,"7,13,21,42,100"
cka_strength,total_params,cka_feddst,cifar10,0.9,1.0,2,619872.0,0.0,5,5,"7,13,21,42,100"
cka_strength,total_params,cka_feddst,cifar10,0.9,1.0,3,619872.0,0.0,5,5,"7,13,21,42,100"
cka_strength,total_params,cka_feddst,cifar10,0.9,1.0,4,619872.0,0.0,5,5,"7,13,21,42,100"
cka_strength,total_params,cka_feddst,cifar10,0.9,1.0,5,619872.0,0.0,5,5,"7,13,21,42,100"
cka_strength,total_params,cka_feddst,cifar10,0.9,1.0,6,619872.0,0.0,5,5,"7,13,21,42,100"
cka_strength,total_params,cka_feddst,cifar10,0.9,1.0,7,619872.0,0.0,5,5,"7,13,21,42,100"
cka_strength,total_params,cka_feddst,cifar10,0.9,1.0,8,619872.0,0.0,5,5,"7,13,21,42,100"
cka_strength,total_params,cka_feddst,cifar10,0.9,1.0,9,619872.0,0.0,5,5,"7,13,21,42,100"
cka_strength,total_params,cka_feddst,cifar10,0.9,1.0,10,619872.0,0.0,5,5,"7,13,21,42,100"
cka_strength,total_params,cka_feddst,cifar10,0.9,1.0,11,619872.0,0.0,5,5,"7,13,21,42,100"
cka_strength,total_params,cka_feddst,cifar10,0.9,1.0,12,619872.0,0.0,5,5,"7,13,21,42,100"
cka_strength,total_params,cka_feddst,cifar10,0.9,1.0,13,619872.0,0.0,5,5,"7,13,21,42,100"
cka_strength,total_params,cka_feddst,cifar10,0.9,1.0,14,619872.0,0.0,5,5,"7,13,21,42,100"
cka_strength,total_params,cka_feddst,cifar10,0.9,1.0,15,619872.0,0.0,5,5,"7,13,21,42,100"
cka_strength,total_params,cka_feddst,cifar10,0.9,1.0,16,619872.0,0.0,5,5,"7,13,21,42,100"
cka_strength,total_params,cka_feddst,cifar10,0.9,1.0,17,619872.0,0.0,5,5,"7,13,21,42,100"
cka_strength,total_params,cka_feddst,cifar10,0.9,1.0,18,619872.0,0.0,5,5,"7,13,21,42,100"
cka_strength,total_params,cka_feddst,cifar10,0.9,1.0,19,619872.0,0.0,5,5,"7,13,21,42,100"
cka_strength,total_params,cka_feddst,cifar10,0.9,1.0,20,619872.0,0.0,5,5,"7,13,21,42,100"
cka_strength,total_params,cka_feddst,cifar10,0.95,0.2,1,619872.0,0.0,5,5,"7,13,21,42,100"
cka_strength,total_params,cka_feddst,cifar10,0.95,0.2,2,619872.0,0.0,5,5,"7,13,21,42,100"
cka_strength,total_params,cka_feddst,cifar10,0.95,0.2,3,619872.0,0.0,5,5,"7,13,21,42,100"
cka_strength,total_params,cka_feddst,cifar10,0.95,0.2,4,619872.0,0.0,5,5,"7,13,21,42,100"
cka_strength,total_params,cka_feddst,cifar10,0.95,0.2,5,619872.0,0.0,5,5,"7,13,21,42,100"
cka_strength,total_params,cka_feddst,cifar10,0.95,0.2,6,619872.0,0.0,5,5,"7,13,21,42,100"
cka_strength,total_params,cka_feddst,cifar10,0.95,0.2,7,619872.0,0.0,5,5,"7,13,21,42,100"
cka_strength,total_params,cka_feddst,cifar10,0.95,0.2,8,619872.0,0.0,5,5,"7,13,21,42,100"
cka_strength,total_params,cka_feddst,cifar10,0.95,0.2,9,619872.0,0.0,5,5,"7,13,21,42,100"
cka_strength,total_params,cka_feddst,cifar10,0.95,0.2,10,619872.0,0.0,5,5,"7,13,21,42,100"
cka_strength,total_params,cka_feddst,cifar10,0.95,0.2,11,619872.0,0.0,5,5,"7,13,21,42,100"
cka_strength,total_params,cka_feddst,cifar10,0.95,0.2,12,619872.0,0.0,5,5,"7,13,21,42,100"
cka_strength,total_params,cka_feddst,cifar10,0.95,0.2,13,619872.0,0.0,5,5,"7,13,21,42,100"
cka_strength,total_params,cka_feddst,cifar10,0.95,0.2,14,619872.0,0.0,5,5,"7,13,21,42,100"
cka_strength,total_params,cka_feddst,cifar10,0.95,0.2,15,619872.0,0.0,5,5,"7,13,21,42,100"
cka_strength,total_params,cka_feddst,cifar10,0.95,0.2,16,619872.0,0.0,5,5,"7,13,21,42,100"
cka_strength,total_params,cka_feddst,cifar10,0.95,0.2,17,619872.0,0.0,5,5,"7,13,21,42,100"
cka_strength,total_params,cka_feddst,cifar10,0.95,0.2,18,619872.0,0.0,5,5,"7,13,21,42,100"
cka_strength,total_params,cka_feddst,cifar10,0.95,0.2,19,619872.0,0.0,5,5,"7,13,21,42,100"
cka_strength,total_params,cka_feddst,cifar10,0.95,0.2,20,619872.0,0.0,5,5,"7,13,21,42,100"
cka_strength,total_params,cka_feddst,cifar10,0.95,0.5,1,619872.0,0.0,5,5,"7,13,21,42,100"
cka_strength,total_params,cka_feddst,cifar10,0.95,0.5,2,619872.0,0.0,5,5,"7,13,21,42,100"
cka_strength,total_params,cka_feddst,cifar10,0.95,0.5,3,619872.0,0.0,5,5,"7,13,21,42,100"
cka_strength,total_params,cka_feddst,cifar10,0.95,0.5,4,619872.0,0.0,5,5,"7,13,21,42,100"
cka_strength,total_params,cka_feddst,cifar10,0.95,0.5,5,619872.0,0.0,5,5,"7,13,21,42,100"
cka_strength,total_params,cka_feddst,cifar10,0.95,0.5,6,619872.0,0.0,5,5,"7,13,21,42,100"
cka_strength,total_params,cka_feddst,cifar10,0.95,0.5,7,619872.0,0.0,5,5,"7,13,21,42,100"
cka_strength,total_params,cka_feddst,cifar10,0.95,0.5,8,619872.0,0.0,5,5,"7,13,21,42,100"
cka_strength,total_params,cka_feddst,cifar10,0.95,0.5,9,619872.0,0.0,5,5,"7,13,21,42,100"
cka_strength,total_params,cka_feddst,cifar10,0.95,0.5,10,619872.0,0.0,5,5,"7,13,21,42,100"
cka_strength,total_params,cka_feddst,cifar10,0.95,0.5,11,619872.0,0.0,5,5,"7,13,21,42,100"
cka_strength,total_params,cka_feddst,cifar10,0.95,0.5,12,619872.0,0.0,5,5,"7,13,21,42,100"
cka_strength,total_params,cka_feddst,cifar10,0.95,0.5,13,619872.0,0.0,5,5,"7,13,21,42,100"
cka_strength,total_params,cka_feddst,cifar10,0.95,0.5,14,619872.0,0.0,5,5,"7,13,21,42,100"
cka_strength,total_params,cka_feddst,cifar10,0.95,0.5,15,619872.0,0.0,5,5,"7,13,21,42,100"
cka_strength,total_params,cka_feddst,cifar10,0.95,0.5,16,619872.0,0.0,5,5,"7,13,21,42,100"
cka_strength,total_params,cka_feddst,cifar10,0.95,0.5,17,619872.0,0.0,5,5,"7,13,21,42,100"
cka_strength,total_params,cka_feddst,cifar10,0.95,0.5,18,619872.0,0.0,5,5,"7,13,21,42,100"
cka_strength,total_params,cka_feddst,cifar10,0.95,0.5,19,619872.0,0.0,5,5,"7,13,21,42,100"
cka_strength,total_params,cka_feddst,cifar10,0.95,0.5,20,619872.0,0.0,5,5,"7,13,21,42,100"
cka_strength,total_params,cka_feddst,cifar10,0.95,0.8,1,619872.0,0.0,5,5,"7,13,21,42,100"
cka_strength,total_params,cka_feddst,cifar10,0.95,0.8,2,619872.0,0.0,5,5,"7,13,21,42,100"
cka_strength,total_params,cka_feddst,cifar10,0.95,0.8,3,619872.0,0.0,5,5,"7,13,21,42,100"
cka_strength,total_params,cka_feddst,cifar10,0.95,0.8,4,619872.0,0.0,5,5,"7,13,21,42,100"
cka_strength,total_params,cka_feddst,cifar10,0.95,0.8,5,619872.0,0.0,5,5,"7,13,21,42,100"
cka_strength,total_params,cka_feddst,cifar10,0.95,0.8,6,619872.0,0.0,5,5,"7,13,21,42,100"
cka_strength,total_params,cka_feddst,cifar10,0.95,0.8,7,619872.0,0.0,5,5,"7,13,21,42,100"
cka_strength,total_params,cka_feddst,cifar10,0.95,0.8,8,619872.0,0.0,5,5,"7,13,21,42,100"
cka_strength,total_params,cka_feddst,cifar10,0.95,0.8,9,619872.0,0.0,5,5,"7,13,21,42,100"
cka_strength,total_params,cka_feddst,cifar10,0.95,0.8,10,619872.0,0.0,5,5,"7,13,21,42,100"
cka_strength,total_params,cka_feddst,cifar10,0.95,0.8,11,619872.0,0.0,5,5,"7,13,21,42,100"
cka_strength,total_params,cka_feddst,cifar10,0.95,0.8,12,619872.0,0.0,5,5,"7,13,21,42,100"
cka_strength,total_params,cka_feddst,cifar10,0.95,0.8,13,619872.0,0.0,5,5,"7,13,21,42,100"
cka_strength,total_params,cka_feddst,cifar10,0.95,0.8,14,619872.0,0.0,5,5,"7,13,21,42,100"
cka_strength,total_params,cka_feddst,cifar10,0.95,0.8,15,619872.0,0.0,5,5,"7,13,21,42,100"
cka_strength,total_params,cka_feddst,cifar10,0.95,0.8,16,619872.0,0.0,5,5,"7,13,21,42,100"
cka_strength,total_params,cka_feddst,cifar10,0.95,0.8,17,619872.0,0.0,5,5,"7,13,21,42,100"
cka_strength,total_params,cka_feddst,cifar10,0.95,0.8,18,619872.0,0.0,5,5,"7,13,21,42,100"
cka_strength,total_params,cka_feddst,cifar10,0.95,0.8,19,619872.0,0.0,5,5,"7,13,21,42,100"
cka_strength,total_params,cka_feddst,cifar10,0.95,0.8,20,619872.0,0.0,5,5,"7,13,21,42,100"
cka_strength,total_params,cka_feddst,cifar10,0.95,0.9,1,619872.0,0.0,5,5,"7,13,21,42,100"
cka_strength,total_params,cka_feddst,cifar10,0.95,0.9,2,619872.0,0.0,5,5,"7,13,21,42,100"
cka_strength,total_params,cka_feddst,cifar10,0.95,0.9,3,619872.0,0.0,5,5,"7,13,21,42,100"
cka_strength,total_params,cka_feddst,cifar10,0.95,0.9,4,619872.0,0.0,5,5,"7,13,21,42,100"
cka_strength,total_params,cka_feddst,cifar10,0.95,0.9,5,619872.0,0.0,5,5,"7,13,21,42,100"
cka_strength,total_params,cka_feddst,cifar10,0.95,0.9,6,619872.0,0.0,5,5,"7,13,21,42,100"
cka_strength,total_params,cka_feddst,cifar10,0.95,0.9,7,619872.0,0.0,5,5,"7,13,21,42,100"
cka_strength,total_params,cka_feddst,cifar10,0.95,0.9,8,619872.0,0.0,5,5,"7,13,21,42,100"
cka_strength,total_params,cka_feddst,cifar10,0.95,0.9,9,619872.0,0.0,5,5,"7,13,21,42,100"
cka_strength,total_params,cka_feddst,cifar10,0.95,0.9,10,619872.0,0.0,5,5,"7,13,21,42,100"
cka_strength,total_params,cka_feddst,cifar10,0.95,0.9,11,619872.0,0.0,5,5,"7,13,21,42,100"
cka_strength,total_params,cka_feddst,cifar10,0.95,0.9,12,619872.0,0.0,5,5,"7,13,21,42,100"
cka_strength,total_params,cka_feddst,cifar10,0.95,0.9,13,619872.0,0.0,5,5,"7,13,21,42,100"
cka_strength,total_params,cka_feddst,cifar10,0.95,0.9,14,619872.0,0.0,5,5,"7,13,21,42,100"
cka_strength,total_params,cka_feddst,cifar10,0.95,0.9,15,619872.0,0.0,5,5,"7,13,21,42,100"
cka_strength,total_params,cka_feddst,cifar10,0.95,0.9,16,619872.0,0.0,5,5,"7,13,21,42,100"
cka_strength,total_params,cka_feddst,cifar10,0.95,0.9,17,619872.0,0.0,5,5,"7,13,21,42,100"
cka_strength,total_params,cka_feddst,cifar10,0.95,0.9,18,619872.0,0.0,5,5,"7,13,21,42,100"
cka_strength,total_params,cka_feddst,cifar10,0.95,0.9,19,619872.0,0.0,5,5,"7,13,21,42,100"
cka_strength,total_params,cka_feddst,cifar10,0.95,0.9,20,619872.0,0.0,5,5,"7,13,21,42,100"
cka_strength,total_params,cka_feddst,cifar10,0.95,1.0,1,619872.0,0.0,5,5,"7,13,21,42,100"
cka_strength,total_params,cka_feddst,cifar10,0.95,1.0,2,619872.0,0.0,5,5,"7,13,21,42,100"
cka_strength,total_params,cka_feddst,cifar10,0.95,1.0,3,619872.0,0.0,5,5,"7,13,21,42,100"
cka_strength,total_params,cka_feddst,cifar10,0.95,1.0,4,619872.0,0.0,5,5,"7,13,21,42,100"
cka_strength,total_params,cka_feddst,cifar10,0.95,1.0,5,619872.0,0.0,5,5,"7,13,21,42,100"
cka_strength,total_params,cka_feddst,cifar10,0.95,1.0,6,619872.0,0.0,5,5,"7,13,21,42,100"
cka_strength,total_params,cka_feddst,cifar10,0.95,1.0,7,619872.0,0.0,5,5,"7,13,21,42,100"
cka_strength,total_params,cka_feddst,cifar10,0.95,1.0,8,619872.0,0.0,5,5,"7,13,21,42,100"
cka_strength,total_params,cka_feddst,cifar10,0.95,1.0,9,619872.0,0.0,5,5,"7,13,21,42,100"
cka_strength,total_params,cka_feddst,cifar10,0.95,1.0,10,619872.0,0.0,5,5,"7,13,21,42,100"
cka_strength,total_params,cka_feddst,cifar10,0.95,1.0,11,619872.0,0.0,5,5,"7,13,21,42,100"
cka_strength,total_params,cka_feddst,cifar10,0.95,1.0,12,619872.0,0.0,5,5,"7,13,21,42,100"
cka_strength,total_params,cka_feddst,cifar10,0.95,1.0,13,619872.0,0.0,5,5,"7,13,21,42,100"
cka_strength,total_params,cka_feddst,cifar10,0.95,1.0,14,619872.0,0.0,5,5,"7,13,21,42,100"
cka_strength,total_params,cka_feddst,cifar10,0.95,1.0,15,619872.0,0.0,5,5,"7,13,21,42,100"
cka_strength,total_params,cka_feddst,cifar10,0.95,1.0,16,619872.0,0.0,5,5,"7,13,21,42,100"
cka_strength,total_params,cka_feddst,cifar10,0.95,1.0,17,619872.0,0.0,5,5,"7,13,21,42,100"
cka_strength,total_params,cka_feddst,cifar10,0.95,1.0,18,619872.0,0.0,5,5,"7,13,21,42,100"
cka_strength,total_params,cka_feddst,cifar10,0.95,1.0,19,619872.0,0.0,5,5,"7,13,21,42,100"
cka_strength,total_params,cka_feddst,cifar10,0.95,1.0,20,619872.0,0.0,5,5,"7,13,21,42,100"
cka_strength,pruned_weights,cka_feddst,cifar10,0.5,0.2,1,0.0,0.0,5,5,"7,13,21,42,100"
cka_strength,pruned_weights,cka_feddst,cifar10,0.5,0.2,2,61987.2,0.8366600265334233,5,5,"7,13,21,42,100"
cka_strength,pruned_weights,cka_feddst,cifar10,0.5,0.2,3,0.0,0.0,5,5,"7,13,21,42,100"
cka_strength,pruned_weights,cka_feddst,cifar10,0.5,0.2,4,61981.4,4.827007354457945,5,5,"7,13,21,42,100"
cka_strength,pruned_weights,cka_feddst,cifar10,0.5,0.2,5,0.0,0.0,5,5,"7,13,21,42,100"
cka_strength,pruned_weights,cka_feddst,cifar10,0.5,0.2,6,61981.4,4.827007354457945,5,5,"7,13,21,42,100"
cka_strength,pruned_weights,cka_feddst,cifar10,0.5,0.2,7,0.0,0.0,5,5,"7,13,21,42,100"
cka_strength,pruned_weights,cka_feddst,cifar10,0.5,0.2,8,61981.4,4.827007354457945,5,5,"7,13,21,42,100"
cka_strength,pruned_weights,cka_feddst,cifar10,0.5,0.2,9,0.0,0.0,5,5,"7,13,21,42,100"
cka_strength,pruned_weights,cka_feddst,cifar10,0.5,0.2,10,61981.4,4.827007354457945,5,5,"7,13,21,42,100"
cka_strength,pruned_weights,cka_feddst,cifar10,0.5,0.2,11,0.0,0.0,5,5,"7,13,21,42,100"
cka_strength,pruned_weights,cka_feddst,cifar10,0.5,0.2,12,61981.4,4.827007354457945,5,5,"7,13,21,42,100"
cka_strength,pruned_weights,cka_feddst,cifar10,0.5,0.2,13,0.0,0.0,5,5,"7,13,21,42,100"
cka_strength,pruned_weights,cka_feddst,cifar10,0.5,0.2,14,61981.4,4.827007354457945,5,5,"7,13,21,42,100"
cka_strength,pruned_weights,cka_feddst,cifar10,0.5,0.2,15,0.0,0.0,5,5,"7,13,21,42,100"
cka_strength,pruned_weights,cka_feddst,cifar10,0.5,0.2,16,61981.4,4.827007354457945,5,5,"7,13,21,42,100"
cka_strength,pruned_weights,cka_feddst,cifar10,0.5,0.2,17,0.0,0.0,5,5,"7,13,21,42,100"
cka_strength,pruned_weights,cka_feddst,cifar10,0.5,0.2,18,61981.4,4.827007354457945,5,5,"7,13,21,42,100"
cka_strength,pruned_weights,cka_feddst,cifar10,0.5,0.2,19,0.0,0.0,5,5,"7,13,21,42,100"
cka_strength,pruned_weights,cka_feddst,cifar10,0.5,0.2,20,61981.4,4.827007354457945,5,5,"7,13,21,42,100"
cka_strength,pruned_weights,cka_feddst,cifar10,0.5,0.5,1,0.0,0.0,5,5,"7,13,21,42,100"
cka_strength,pruned_weights,cka_feddst,cifar10,0.5,0.5,2,61987.2,0.8366600265334233,5,5,"7,13,21,42,100"
cka_strength,pruned_weights,cka_feddst,cifar10,0.5,0.5,3,0.0,0.0,5,5,"7,13,21,42,100"
cka_strength,pruned_weights,cka_feddst,cifar10,0.5,0.5,4,61981.4,4.827007354457945,5,5,"7,13,21,42,100"
cka_strength,pruned_weights,cka_feddst,cifar10,0.5,0.5,5,0.0,0.0,5,5,"7,13,21,42,100"
cka_strength,pruned_weights,cka_feddst,cifar10,0.5,0.5,6,61981.4,4.827007354457945,5,5,"7,13,21,42,100"
cka_strength,pruned_weights,cka_feddst,cifar10,0.5,0.5,7,0.0,0.0,5,5,"7,13,21,42,100"
cka_strength,pruned_weights,cka_feddst,cifar10,0.5,0.5,8,61981.4,4.827007354457945,5,5,"7,13,21,42,100"
cka_strength,pruned_weights,cka_feddst,cifar10,0.5,0.5,9,0.0,0.0,5,5,"7,13,21,42,100"
cka_strength,pruned_weights,cka_feddst,cifar10,0.5,0.5,10,61981.4,4.827007354457945,5,5,"7,13,21,42,100"
cka_strength,pruned_weights,cka_feddst,cifar10,0.5,0.5,11,0.0,0.0,5,5,"7,13,21,42,100"
cka_strength,pruned_weights,cka_feddst,cifar10,0.5,0.5,12,61981.4,4.827007354457945,5,5,"7,13,21,42,100"
cka_strength,pruned_weights,cka_feddst,cifar10,0.5,0.5,13,0.0,0.0,5,5,"7,13,21,42,100"
cka_strength,pruned_weights,cka_feddst,cifar10,0.5,0.5,14,61981.4,4.827007354457945,5,5,"7,13,21,42,100"
cka_strength,pruned_weights,cka_feddst,cifar10,0.5,0.5,15,0.0,0.0,5,5,"7,13,21,42,100"
cka_strength,pruned_weights,cka_feddst,cifar10,0.5,0.5,16,61981.4,4.827007354457945,5,5,"7,13,21,42,100"
cka_strength,pruned_weights,cka_feddst,cifar10,0.5,0.5,17,0.0,0.0,5,5,"7,13,21,42,100"
cka_strength,pruned_weights,cka_feddst,cifar10,0.5,0.5,18,61981.4,4.827007354457945,5,5,"7,13,21,42,100"
cka_strength,pruned_weights,cka_feddst,cifar10,0.5,0.5,19,0.0,0.0,5,5,"7,13,21,42,100"
cka_strength,pruned_weights,cka_feddst,cifar10,0.5,0.5,20,61981.4,4.827007354457945,5,5,"7,13,21,42,100"
cka_strength,pruned_weights,cka_feddst,cifar10,0.5,0.8,1,0.0,0.0,5,5,"7,13,21,42,100"
cka_strength,pruned_weights,cka_feddst,cifar10,0.5,0.8,2,61987.2,0.8366600265334233,5,5,"7,13,21,42,100"
cka_strength,pruned_weights,cka_feddst,cifar10,0.5,0.8,3,0.0,0.0,5,5,"7,13,21,42,100"
cka_strength,pruned_weights,cka_feddst,cifar10,0.5,0.8,4,61981.4,4.827007354457945,5,5,"7,13,21,42,100"
cka_strength,pruned_weights,cka_feddst,cifar10,0.5,0.8,5,0.0,0.0,5,5,"7,13,21,42,100"
cka_strength,pruned_weights,cka_feddst,cifar10,0.5,0.8,6,61981.4,4.827007354457945,5,5,"7,13,21,42,100"
cka_strength,pruned_weights,cka_feddst,cifar10,0.5,0.8,7,0.0,0.0,5,5,"7,13,21,42,100"
cka_strength,pruned_weights,cka_feddst,cifar10,0.5,0.8,8,61981.4,4.827007354457945,5,5,"7,13,21,42,100"
cka_strength,pruned_weights,cka_feddst,cifar10,0.5,0.8,9,0.0,0.0,5,5,"7,13,21,42,100"
cka_strength,pruned_weights,cka_feddst,cifar10,0.5,0.8,10,61981.4,4.827007354457945,5,5,"7,13,21,42,100"
cka_strength,pruned_weights,cka_feddst,cifar10,0.5,0.8,11,0.0,0.0,5,5,"7,13,21,42,100"
cka_strength,pruned_weights,cka_feddst,cifar10,0.5,0.8,12,61981.4,4.827007354457945,5,5,"7,13,21,42,100"
cka_strength,pruned_weights,cka_feddst,cifar10,0.5,0.8,13,0.0,0.0,5,5,"7,13,21,42,100"
cka_strength,pruned_weights,cka_feddst,cifar10,0.5,0.8,14,61981.4,4.827007354457945,5,5,"7,13,21,42,100"
cka_strength,pruned_weights,cka_feddst,cifar10,0.5,0.8,15,0.0,0.0,5,5,"7,13,21,42,100"
cka_strength,pruned_weights,cka_feddst,cifar10,0.5,0.8,16,61981.4,4.827007354457945,5,5,"7,13,21,42,100"
cka_strength,pruned_weights,cka_feddst,cifar10,0.5,0.8,17,0.0,0.0,5,5,"7,13,21,42,100"
cka_strength,pruned_weights,cka_feddst,cifar10,0.5,0.8,18,61981.4,4.827007354457945,5,5,"7,13,21,42,100"
cka_strength,pruned_weights,cka_feddst,cifar10,0.5,0.8,19,0.0,0.0,5,5,"7,13,21,42,100"
cka_strength,pruned_weights,cka_feddst,cifar10,0.5,0.8,20,61981.4,4.827007354457945,5,5,"7,13,21,42,100"
cka_strength,pruned_weights,cka_feddst,cifar10,0.5,0.9,1,0.0,0.0,5,5,"7,13,21,42,100"
cka_strength,pruned_weights,cka_feddst,cifar10,0.5,0.9,2,61987.2,0.8366600265334233,5,5,"7,13,21,42,100"
cka_strength,pruned_weights,cka_feddst,cifar10,0.5,0.9,3,0.0,0.0,5,5,"7,13,21,42,100"
cka_strength,pruned_weights,cka_feddst,cifar10,0.5,0.9,4,61981.4,4.827007354457945,5,5,"7,13,21,42,100"
cka_strength,pruned_weights,cka_feddst,cifar10,0.5,0.9,5,0.0,0.0,5,5,"7,13,21,42,100"
cka_strength,pruned_weights,cka_feddst,cifar10,0.5,0.9,6,61981.4,4.827007354457945,5,5,"7,13,21,42,100"
cka_strength,pruned_weights,cka_feddst,cifar10,0.5,0.9,7,0.0,0.0,5,5,"7,13,21,42,100"
cka_strength,pruned_weights,cka_feddst,cifar10,0.5,0.9,8,61981.4,4.827007354457945,5,5,"7,13,21,42,100"
cka_strength,pruned_weights,cka_feddst,cifar10,0.5,0.9,9,0.0,0.0,5,5,"7,13,21,42,100"
cka_strength,pruned_weights,cka_feddst,cifar10,0.5,0.9,10,61981.4,4.827007354457945,5,5,"7,13,21,42,100"
cka_strength,pruned_weights,cka_feddst,cifar10,0.5,0.9,11,0.0,0.0,5,5,"7,13,21,42,100"
cka_strength,pruned_weights,cka_feddst,cifar10,0.5,0.9,12,61981.4,4.827007354457945,5,5,"7,13,21,42,100"
cka_strength,pruned_weights,cka_feddst,cifar10,0.5,0.9,13,0.0,0.0,5,5,"7,13,21,42,100"
cka_strength,pruned_weights,cka_feddst,cifar10,0.5,0.9,14,61981.4,4.827007354457945,5,5,"7,13,21,42,100"
cka_strength,pruned_weights,cka_feddst,cifar10,0.5,0.9,15,0.0,0.0,5,5,"7,13,21,42,100"
cka_strength,pruned_weights,cka_feddst,cifar10,0.5,0.9,16,61981.4,4.827007354457945,5,5,"7,13,21,42,100"
cka_strength,pruned_weights,cka_feddst,cifar10,0.5,0.9,17,0.0,0.0,5,5,"7,13,21,42,100"
cka_strength,pruned_weights,cka_feddst,cifar10,0.5,0.9,18,61981.4,4.827007354457945,5,5,"7,13,21,42,100"
cka_strength,pruned_weights,cka_feddst,cifar10,0.5,0.9,19,0.0,0.0,5,5,"7,13,21,42,100"
cka_strength,pruned_weights,cka_feddst,cifar10,0.5,0.9,20,61981.4,4.827007354457945,5,5,"7,13,21,42,100"
cka_strength,pruned_weights,cka_feddst,cifar10,0.5,1.0,1,0.0,0.0,5,5,"7,13,21,42,100"
cka_strength,pruned_weights,cka_feddst,cifar10,0.5,1.0,2,61987.2,0.8366600265334233,5,5,"7,13,21,42,100"
cka_strength,pruned_weights,cka_feddst,cifar10,0.5,1.0,3,0.0,0.0,5,5,"7,13,21,42,100"
cka_strength,pruned_weights,cka_feddst,cifar10,0.5,1.0,4,61981.4,4.827007354457945,5,5,"7,13,21,42,100"
cka_strength,pruned_weights,cka_feddst,cifar10,0.5,1.0,5,0.0,0.0,5,5,"7,13,21,42,100"
cka_strength,pruned_weights,cka_feddst,cifar10,0.5,1.0,6,61981.4,4.827007354457945,5,5,"7,13,21,42,100"
cka_strength,pruned_weights,cka_feddst,cifar10,0.5,1.0,7,0.0,0.0,5,5,"7,13,21,42,100"
cka_strength,pruned_weights,cka_feddst,cifar10,0.5,1.0,8,61981.4,4.827007354457945,5,5,"7,13,21,42,100"
cka_strength,pruned_weights,cka_feddst,cifar10,0.5,1.0,9,0.0,0.0,5,5,"7,13,21,42,100"
cka_strength,pruned_weights,cka_feddst,cifar10,0.5,1.0,10,61981.4,4.827007354457945,5,5,"7,13,21,42,100"
cka_strength,pruned_weights,cka_feddst,cifar10,0.5,1.0,11,0.0,0.0,5,5,"7,13,21,42,100"
cka_strength,pruned_weights,cka_feddst,cifar10,0.5,1.0,12,61981.4,4.827007354457945,5,5,"7,13,21,42,100"
cka_strength,pruned_weights,cka_feddst,cifar10,0.5,1.0,13,0.0,0.0,5,5,"7,13,21,42,100"
cka_strength,pruned_weights,cka_feddst,cifar10,0.5,1.0,14,61981.4,4.827007354457945,5,5,"7,13,21,42,100"
cka_strength,pruned_weights,cka_feddst,cifar10,0.5,1.0,15,0.0,0.0,5,5,"7,13,21,42,100"
cka_strength,pruned_weights,cka_feddst,cifar10,0.5,1.0,16,61981.4,4.827007354457945,5,5,"7,13,21,42,100"
cka_strength,pruned_weights,cka_feddst,cifar10,0.5,1.0,17,0.0,0.0,5,5,"7,13,21,42,100"
cka_strength,pruned_weights,cka_feddst,cifar10,0.5,1.0,18,61981.4,4.827007354457945,5,5,"7,13,21,42,100"
cka_strength,pruned_weights,cka_feddst,cifar10,0.5,1.0,19,0.0,0.0,5,5,"7,13,21,42,100"
cka_strength,pruned_weights,cka_feddst,cifar10,0.5,1.0,20,61981.4,4.827007354457945,5,5,"7,13,21,42,100"
cka_strength,pruned_weights,cka_feddst,cifar10,0.7,0.2,1,0.0,0.0,5,5,"7,13,21,42,100"
cka_strength,pruned_weights,cka_feddst,cifar10,0.7,0.2,2,37192.6,0.5477225575045019,5,5,"7,13,21,42,100"
cka_strength,pruned_weights,cka_feddst,cifar10,0.7,0.2,3,0.0,0.0,5,5,"7,13,21,42,100"
cka_strength,pruned_weights,cka_feddst,cifar10,0.7,0.2,4,37188.6,3.361547262795296,5,5,"7,13,21,42,100"
cka_strength,pruned_weights,cka_feddst,cifar10,0.7,0.2,5,0.0,0.0,5,5,"7,13,21,42,100"
cka_strength,pruned_weights,cka_feddst,cifar10,0.7,0.2,6,37188.6,3.7815340802379516,5,5,"7,13,21,42,100"
cka_strength,pruned_weights,cka_feddst,cifar10,0.7,0.2,7,0.0,0.0,5,5,"7,13,21,42,100"
cka_strength,pruned_weights,cka_feddst,cifar10,0.7,0.2,8,37188.8,3.114482300478436,5,5,"7,13,21,42,100"
cka_strength,pruned_weights,cka_feddst,cifar10,0.7,0.2,9,0.0,0.0,5,5,"7,13,21,42,100"
cka_strength,pruned_weights,cka_feddst,cifar10,0.7,0.2,10,37188.6,2.9664793948392156,5,5,"7,13,21,42,100"
cka_strength,pruned_weights,cka_feddst,cifar10,0.7,0.2,11,0.0,0.0,5,5,"7,13,21,42,100"
cka_strength,pruned_weights,cka_feddst,cifar10,0.7,0.2,12,37189.0,3.391164991562634,5,5,"7,13,21,42,100"
cka_strength,pruned_weights,cka_feddst,cifar10,0.7,0.2,13,0.0,0.0,5,5,"7,13,21,42,100"
cka_strength,pruned_weights,cka_feddst,cifar10,0.7,0.2,14,37188.6,3.361547262795296,5,5,"7,13,21,42,100"
cka_strength,pruned_weights,cka_feddst,cifar10,0.7,0.2,15,0.0,0.0,5,5,"7,13,21,42,100"
cka_strength,pruned_weights,cka_feddst,cifar10,0.7,0.2,16,37188.6,3.0495901363963056,5,5,"7,13,21,42,100"
cka_strength,pruned_weights,cka_feddst,cifar10,0.7,0.2,17,0.0,0.0,5,5,"7,13,21,42,100"
cka_strength,pruned_weights,cka_feddst,cifar10,0.7,0.2,18,37189.0,3.3911649915618294,5,5,"7,13,21,42,100"
cka_strength,pruned_weights,cka_feddst,cifar10,0.7,0.2,19,0.0,0.0,5,5,"7,13,21,42,100"
cka_strength,pruned_weights,cka_feddst,cifar10,0.7,0.2,20,37188.6,3.361547262795296,5,5,"7,13,21,42,100"
cka_strength,pruned_weights,cka_feddst,cifar10,0.7,0.5,1,0.0,0.0,5,5,"7,13,21,42,100"
cka_strength,pruned_weights,cka_feddst,cifar10,0.7,0.5,2,37192.6,0.5477225575045019,5,5,"7,13,21,42,100"
cka_strength,pruned_weights,cka_feddst,cifar10,0.7,0.5,3,0.0,0.0,5,5,"7,13,21,42,100"
cka_strength,pruned_weights,cka_feddst,cifar10,0.7,0.5,4,37188.2,3.5637059362420875,5,5,"7,13,21,42,100"
cka_strength,pruned_weights,cka_feddst,cifar10,0.7,0.5,5,0.0,0.0,5,5,"7,13,21,42,100"
cka_strength,pruned_weights,cka_feddst,cifar10,0.7,0.5,6,37188.8,3.2710854467582937,5,5,"7,13,21,42,100"
cka_strength,pruned_weights,cka_feddst,cifar10,0.7,0.5,7,0.0,0.0,5,5,"7,13,21,42,100"
cka_strength,pruned_weights,cka_feddst,cifar10,0.7,0.5,8,37188.4,2.7928480087537393,5,5,"7,13,21,42,100"
cka_strength,pruned_weights,cka_feddst,cifar10,0.7,0.5,9,0.0,0.0,5,5,"7,13,21,42,100"
cka_strength,pruned_weights,cka_feddst,cifar10,0.7,0.5,10,37188.0,2.8284271247453057,5,5,"7,13,21,42,100"
cka_strength,pruned_weights,cka_feddst,cifar10,0.7,0.5,11,0.0,0.0,5,5,"7,13,21,42,100"
cka_strength,pruned_weights,cka_feddst,cifar10,0.7,0.5,12,37188.2,2.9495762407499546,5,5,"7,13,21,42,100"
cka_strength,pruned_weights,cka_feddst,cifar10,0.7,0.5,13,0.0,0.0,5,5,"7,13,21,42,100"
cka_strength,pruned_weights,cka_feddst,cifar10,0.7,0.5,14,37188.4,3.3615472627942817,5,5,"7,13,21,42,100"
cka_strength,pruned_weights,cka_feddst,cifar10,0.7,0.5,15,0.0,0.0,5,5,"7,13,21,42,100"
cka_strength,pruned_weights,cka_feddst,cifar10,0.7,0.5,16,37188.4,2.792848008754635,5,5,"7,13,21,42,100"
cka_strength,pruned_weights,cka_feddst,cifar10,0.7,0.5,17,0.0,0.0,5,5,"7,13,21,42,100"
cka_strength,pruned_weights,cka_feddst,cifar10,0.7,0.5,18,37188.2,3.420526275296789,5,5,"7,13,21,42,100"
cka_strength,pruned_weights,cka_feddst,cifar10,0.7,0.5,19,0.0,0.0,5,5,"7,13,21,42,100"
cka_strength,pruned_weights,cka_feddst,cifar10,0.7,0.5,20,37187.8,3.114482300478436,5,5,"7,13,21,42,100"
cka_strength,pruned_weights,cka_feddst,cifar10,0.7,0.8,1,0.0,0.0,5,5,"7,13,21,42,100"
cka_strength,pruned_weights,cka_feddst,cifar10,0.7,0.8,2,37192.6,0.5477225575045019,5,5,"7,13,21,42,100"
cka_strength,pruned_weights,cka_feddst,cifar10,0.7,0.8,3,0.0,0.0,5,5,"7,13,21,42,100"
cka_strength,pruned_weights,cka_feddst,cifar10,0.7,0.8,4,37188.2,3.4205262752976533,5,5,"7,13,21,42,100"
cka_strength,pruned_weights,cka_feddst,cifar10,0.7,0.8,5,0.0,0.0,5,5,"7,13,21,42,100"
cka_strength,pruned_weights,cka_feddst,cifar10,0.7,0.8,6,37189.0,3.3166247903554,5,5,"7,13,21,42,100"
cka_strength,pruned_weights,cka_feddst,cifar10,0.7,0.8,7,0.0,0.0,5,5,"7,13,21,42,100"
cka_strength,pruned_weights,cka_feddst,cifar10,0.7,0.8,8,37188.6,3.361547262795296,5,5,"7,13,21,42,100"
cka_strength,pruned_weights,cka_feddst,cifar10,0.7,0.8,9,0.0,0.0,5,5,"7,13,21,42,100"
cka_strength,pruned_weights,cka_feddst,cifar10,0.7,0.8,10,37188.2,3.4205262752976533,5,5,"7,13,21,42,100"
cka_strength,pruned_weights,cka_feddst,cifar10,0.7,0.8,11,0.0,0.0,5,5,"7,13,21,42,100"
cka_strength,pruned_weights,cka_feddst,cifar10,0.7,0.8,12,37188.2,3.5637059362420875,5,5,"7,13,21,42,100"
cka_strength,pruned_weights,cka_feddst,cifar10,0.7,0.8,13,0.0,0.0,5,5,"7,13,21,42,100"
cka_strength,pruned_weights,cka_feddst,cifar10,0.7,0.8,14,37187.8,3.492849839315156,5,5,"7,13,21,42,100"
cka_strength,pruned_weights,cka_feddst,cifar10,0.7,0.8,15,0.0,0.0,5,5,"7,13,21,42,100"
cka_strength,pruned_weights,cka_feddst,cifar10,0.7,0.8,16,37188.2,3.4928498393148306,5,5,"7,13,21,42,100"
cka_strength,pruned_weights,cka_feddst,cifar10,0.7,0.8,17,0.0,0.0,5,5,"7,13,21,42,100"
cka_strength,pruned_weights,cka_feddst,cifar10,0.7,0.8,18,37188.2,3.492849839313984,5,5,"7,13,21,42,100"
cka_strength,pruned_weights,cka_feddst,cifar10,0.7,0.8,19,0.0,0.0,5,5,"7,13,21,42,100"
cka_strength,pruned_weights,cka_feddst,cifar10,0.7,0.8,20,37188.2,3.492849839313984,5,5,"7,13,21,42,100"
cka_strength,pruned_weights,cka_feddst,cifar10,0.7,0.9,1,0.0,0.0,5,5,"7,13,21,42,100"
cka_strength,pruned_weights,cka_feddst,cifar10,0.7,0.9,2,37192.6,0.5477225575045019,5,5,"7,13,21,42,100"
cka_strength,pruned_weights,cka_feddst,cifar10,0.7,0.9,3,0.0,0.0,5,5,"7,13,21,42,100"
cka_strength,pruned_weights,cka_feddst,cifar10,0.7,0.9,4,37188.6,3.361547262795296,5,5,"7,13,21,42,100"
cka_strength,pruned_weights,cka_feddst,cifar10,0.7,0.9,5,0.0,0.0,5,5,"7,13,21,42,100"
cka_strength,pruned_weights,cka_feddst,cifar10,0.7,0.9,6,37188.4,3.209361307175279,5,5,"7,13,21,42,100"
cka_strength,pruned_weights,cka_feddst,cifar10,0.7,0.9,7,0.0,0.0,5,5,"7,13,21,42,100"
cka_strength,pruned_weights,cka_feddst,cifar10,0.7,0.9,8,37188.2,3.193743884533522,5,5,"7,13,21,42,100"
cka_strength,pruned_weights,cka_feddst,cifar10,0.7,0.9,9,0.0,0.0,5,5,"7,13,21,42,100"
cka_strength,pruned_weights,cka_feddst,cifar10,0.7,0.9,10,37188.2,2.9495762407499546,5,5,"7,13,21,42,100"
cka_strength,pruned_weights,cka_feddst,cifar10,0.7,0.9,11,0.0,0.0,5,5,"7,13,21,42,100"
cka_strength,pruned_weights,cka_feddst,cifar10,0.7,0.9,12,37187.8,3.6331804249159636,5,5,"7,13,21,42,100"
cka_strength,pruned_weights,cka_feddst,cifar10,0.7,0.9,13,0.0,0.0,5,5,"7,13,21,42,100"
cka_strength,pruned_weights,cka_feddst,cifar10,0.7,0.9,14,37188.4,4.159326868617871,5,5,"7,13,21,42,100"
cka_strength,pruned_weights,cka_feddst,cifar10,0.7,0.9,15,0.0,0.0,5,5,"7,13,21,42,100"
cka_strength,pruned_weights,cka_feddst,cifar10,0.7,0.9,16,37188.2,3.5637059362420875,5,5,"7,13,21,42,100"
cka_strength,pruned_weights,cka_feddst,cifar10,0.7,0.9,17,0.0,0.0,5,5,"7,13,21,42,100"
cka_strength,pruned_weights,cka_feddst,cifar10,0.7,0.9,18,37188.8,3.6331804249159636,5,5,"7,13,21,42,100"
cka_strength,pruned_weights,cka_feddst,cifar10,0.7,0.9,19,0.0,0.0,5,5,"7,13,21,42,100"
cka_strength,pruned_weights,cka_feddst,cifar10,0.7,0.9,20,37188.4,3.646916505761994,5,5,"7,13,21,42,100"
cka_strength,pruned_weights,cka_feddst,cifar10,0.7,1.0,1,0.0,0.0,5,5,"7,13,21,42,100"
cka_strength,pruned_weights,cka_feddst,cifar10,0.7,1.0,2,37192.6,0.5477225575045019,5,5,"7,13,21,42,100"
cka_strength,pruned_weights,cka_feddst,cifar10,0.7,1.0,3,0.0,0.0,5,5,"7,13,21,42,100"
cka_strength,pruned_weights,cka_feddst,cifar10,0.7,1.0,4,37188.2,3.492849839313984,5,5,"7,13,21,42,100"
cka_strength,pruned_weights,cka_feddst,cifar10,0.7,1.0,5,0.0,0.0,5,5,"7,13,21,42,100"
cka_strength,pruned_weights,cka_feddst,cifar10,0.7,1.0,6,37188.8,3.114482300480188,5,5,"7,13,21,42,100"
cka_strength,pruned_weights,cka_feddst,cifar10,0.7,1.0,7,0.0,0.0,5,5,"7,13,21,42,100"
cka_strength,pruned_weights,cka_feddst,cifar10,0.7,1.0,8,37188.4,3.6469165057628667,5,5,"7,13,21,42,100"
cka_strength,pruned_weights,cka_feddst,cifar10,0.7,1.0,9,0.0,0.0,5,5,"7,13,21,42,100"
cka_strength,pruned_weights,cka_feddst,cifar10,0.7,1.0,10,37188.4,3.2093613071761293,5,5,"7,13,21,42,100"
cka_strength,pruned_weights,cka_feddst,cifar10,0.7,1.0,11,0.0,0.0,5,5,"7,13,21,42,100"
cka_strength,pruned_weights,cka_feddst,cifar10,0.7,1.0,12,37188.2,3.420526275296789,5,5,"7,13,21,42,100"
cka_strength,pruned_weights,cka_feddst,cifar10,0.7,1.0,13,0.0,0.0,5,5,"7,13,21,42,100"
cka_strength,pruned_weights,cka_feddst,cifar10,0.7,1.0,14,37188.6,3.361547262795296,5,5,"7,13,21,42,100"
cka_strength,pruned_weights,cka_feddst,cifar10,0.7,1.0,15,0.0,0.0,5,5,"7,13,21,42,100"
cka_strength,pruned_weights,cka_feddst,cifar10,0.7,1.0,16,37188.6,3.361547262795296,5,5,"7,13,21,42,100"
cka_strength,pruned_weights,cka_feddst,cifar10,0.7,1.0,17,0.0,0.0,5,5,"7,13,21,42,100"
cka_strength,pruned_weights,cka_feddst,cifar10,0.7,1.0,18,37188.4,3.6469165057628667,5,5,"7,13,21,42,100"
cka_strength,pruned_weights,cka_feddst,cifar10,0.7,1.0,19,0.0,0.0,5,5,"7,13,21,42,100"
cka_strength,pruned_weights,cka_feddst,cifar10,0.7,1.0,20,37188.6,3.361547262795296,5,5,"7,13,21,42,100"
cka_strength,pruned_weights,cka_feddst,cifar10,0.8,0.2,1,0.0,0.0,5,5,"7,13,21,42,100"
cka_strength,pruned_weights,cka_feddst,cifar10,0.8,0.2,2,24795.0,0.7071067811865476,5,5,"7,13,21,42,100"
cka_strength,pruned_weights,cka_feddst,cifar10,0.8,0.2,3,0.0,0.0,5,5,"7,13,21,42,100"
cka_strength,pruned_weights,cka_feddst,cifar10,0.8,0.2,4,24793.4,4.393176527297832,5,5,"7,13,21,42,100"
cka_strength,pruned_weights,cka_feddst,cifar10,0.8,0.2,5,0.0,0.0,5,5,"7,13,21,42,100"
cka_strength,pruned_weights,cka_feddst,cifar10,0.8,0.2,6,24793.4,3.577708764000102,5,5,"7,13,21,42,100"
cka_strength,pruned_weights,cka_feddst,cifar10,0.8,0.2,7,0.0,0.0,5,5,"7,13,21,42,100"
cka_strength,pruned_weights,cka_feddst,cifar10,0.8,0.2,8,24793.8,4.024922359499204,5,5,"7,13,21,42,100"
cka_strength,pruned_weights,cka_feddst,cifar10,0.8,0.2,9,0.0,0.0,5,5,"7,13,21,42,100"
cka_strength,pruned_weights,cka_feddst,cifar10,0.8,0.2,10,24793.2,4.086563348340209,5,5,"7,13,21,42,100"
cka_strength,pruned_weights,cka_feddst,cifar10,0.8,0.2,11,0.0,0.0,5,5,"7,13,21,42,100"
cka_strength,pruned_weights,cka_feddst,cifar10,0.8,0.2,12,24793.2,4.2071367935929365,5,5,"7,13,21,42,100"
cka_strength,pruned_weights,cka_feddst,cifar10,0.8,0.2,13,0.0,0.0,5,5,"7,13,21,42,100"
cka_strength,pruned_weights,cka_feddst,cifar10,0.8,0.2,14,24793.2,4.2071367935929365,5,5,"7,13,21,42,100"
cka_strength,pruned_weights,cka_feddst,cifar10,0.8,0.2,15,0.0,0.0,5,5,"7,13,21,42,100"
cka_strength,pruned_weights,cka_feddst,cifar10,0.8,0.2,16,24793.6,4.393176527297676,5,5,"7,13,21,42,100"
cka_strength,pruned_weights,cka_feddst,cifar10,0.8,0.2,17,0.0,0.0,5,5,"7,13,21,42,100"
cka_strength,pruned_weights,cka_feddst,cifar10,0.8,0.2,18,24793.2,4.2071367935929365,5,5,"7,13,21,42,100"
cka_strength,pruned_weights,cka_feddst,cifar10,0.8,0.2,19,0.0,0.0,5,5,"7,13,21,42,100"
cka_strength,pruned_weights,cka_feddst,cifar10,0.8,0.2,20,24793.4,4.159326868617489,5,5,"7,13,21,42,100"
cka_strength,pruned_weights,cka_feddst,cifar10,0.8,0.5,1,0.0,0.0,5,5,"7,13,21,42,100"
cka_strength,pruned_weights,cka_feddst,cifar10,0.8,0.5,2,24795.0,0.7071067811865476,5,5,"7,13,21,42,100"
cka_strength,pruned_weights,cka_feddst,cifar10,0.8,0.5,3,0.0,0.0,5,5,"7,13,21,42,100"
cka_strength,pruned_weights,cka_feddst,cifar10,0.8,0.5,4,24793.2,4.494441010848902,5,5,"7,13,21,42,100"
cka_strength,pruned_weights,cka_feddst,cifar10,0.8,0.5,5,0.0,0.0,5,5,"7,13,21,42,100"
cka_strength,pruned_weights,cka_feddst,cifar10,0.8,0.5,6,24793.2,4.2071367935929365,5,5,"7,13,21,42,100"
cka_strength,pruned_weights,cka_feddst,cifar10,0.8,0.5,7,0.0,0.0,5,5,"7,13,21,42,100"
cka_strength,pruned_weights,cka_feddst,cifar10,0.8,0.5,8,24793.6,4.393176527297676,5,5,"7,13,21,42,100"
cka_strength,pruned_weights,cka_feddst,cifar10,0.8,0.5,9,0.0,0.0,5,5,"7,13,21,42,100"
cka_strength,pruned_weights,cka_feddst,cifar10,0.8,0.5,10,24793.2,4.2071367935929365,5,5,"7,13,21,42,100"
cka_strength,pruned_weights,cka_feddst,cifar10,0.8,0.5,11,0.0,0.0,5,5,"7,13,21,42,100"
cka_strength,pruned_weights,cka_feddst,cifar10,0.8,0.5,12,24793.4,4.505552130427595,5,5,"7,13,21,42,100"
cka_strength,pruned_weights,cka_feddst,cifar10,0.8,0.5,13,0.0,0.0,5,5,"7,13,21,42,100"
cka_strength,pruned_weights,cka_feddst,cifar10,0.8,0.5,14,24793.6,4.037325847636786,5,5,"7,13,21,42,100"
cka_strength,pruned_weights,cka_feddst,cifar10,0.8,0.5,15,0.0,0.0,5,5,"7,13,21,42,100"
cka_strength,pruned_weights,cka_feddst,cifar10,0.8,0.5,16,24793.6,4.335896677736069,5,5,"7,13,21,42,100"
cka_strength,pruned_weights,cka_feddst,cifar10,0.8,0.5,17,0.0,0.0,5,5,"7,13,21,42,100"
cka_strength,pruned_weights,cka_feddst,cifar10,0.8,0.5,18,24793.2,4.2071367935929365,5,5,"7,13,21,42,100"
cka_strength,pruned_weights,cka_feddst,cifar10,0.8,0.5,19,0.0,0.0,5,5,"7,13,21,42,100"
cka_strength,pruned_weights,cka_feddst,cifar10,0.8,0.5,20,24793.8,4.438468204234409,5,5,"7,13,21,42,100"
cka_strength,pruned_weights,cka_feddst,cifar10,0.8,0.8,1,0.0,0.0,5,5,"7,13,21,42,100"
cka_strength,pruned_weights,cka_feddst,cifar10,0.8,0.8,2,24795.0,0.7071067811865476,5,5,"7,13,21,42,100"
cka_strength,pruned_weights,cka_feddst,cifar10,0.8,0.8,3,0.0,0.0,5,5,"7,13,21,42,100"
cka_strength,pruned_weights,cka_feddst,cifar10,0.8,0.8,4,24793.2,4.2071367935929365,5,5,"7,13,21,42,100"
cka_strength,pruned_weights,cka_feddst,cifar10,0.8,0.8,5,0.0,0.0,5,5,"7,13,21,42,100"
cka_strength,pruned_weights,cka_feddst,cifar10,0.8,0.8,6,24793.2,4.2071367935929365,5,5,"7,13,21,42,100"
cka_strength,pruned_weights,cka_feddst,cifar10,0.8,0.8,7,0.0,0.0,5,5,"7,13,21,42,100"
cka_strength,pruned_weights,cka_feddst,cifar10,0.8,0.8,8,24793.2,4.868264577855635,5,5,"7,13,21,42,100"
cka_strength,pruned_weights,cka_feddst,cifar10,0.8,0.8,9,0.0,0.0,5,5,"7,13,21,42,100"
cka_strength,pruned_weights,cka_feddst,cifar10,0.8,0.8,10,24793.0,4.582575694955468,5,5,"7,13,21,42,100"
cka_strength,pruned_weights,cka_feddst,cifar10,0.8,0.8,11,0.0,0.0,5,5,"7,13,21,42,100"
cka_strength,pruned_weights,cka_feddst,cifar10,0.8,0.8,12,24793.0,4.301162633521684,5,5,"7,13,21,42,100"
cka_strength,pruned_weights,cka_feddst,cifar10,0.8,0.8,13,0.0,0.0,5,5,"7,13,21,42,100"
cka_strength,pruned_weights,cka_feddst,cifar10,0.8,0.8,14,24793.4,4.219004621946223,5,5,"7,13,21,42,100"
cka_strength,pruned_weights,cka_feddst,cifar10,0.8,0.8,15,0.0,0.0,5,5,"7,13,21,42,100"
cka_strength,pruned_weights,cka_feddst,cifar10,0.8,0.8,16,24793.6,4.393176527297676,5,5,"7,13,21,42,100"
cka_strength,pruned_weights,cka_feddst,cifar10,0.8,0.8,17,0.0,0.0,5,5,"7,13,21,42,100"
cka_strength,pruned_weights,cka_feddst,cifar10,0.8,0.8,18,24793.2,4.2071367935929365,5,5,"7,13,21,42,100"
cka_strength,pruned_weights,cka_feddst,cifar10,0.8,0.8,19,0.0,0.0,5,5,"7,13,21,42,100"
cka_strength,pruned_weights,cka_feddst,cifar10,0.8,0.8,20,24793.8,4.32434966208791,5,5,"7,13,21,42,100"
cka_strength,pruned_weights,cka_feddst,cifar10,0.8,0.9,1,0.0,0.0,5,5,"7,13,21,42,100"
cka_strength,pruned_weights,cka_feddst,cifar10,0.8,0.9,2,24795.0,0.7071067811865476,5,5,"7,13,21,42,100"
cka_strength,pruned_weights,cka_feddst,cifar10,0.8,0.9,3,0.0,0.0,5,5,"7,13,21,42,100"
cka_strength,pruned_weights,cka_feddst,cifar10,0.8,0.9,4,24793.0,4.062019202317616,5,5,"7,13,21,42,100"
cka_strength,pruned_weights,cka_feddst,cifar10,0.8,0.9,5,0.0,0.0,5,5,"7,13,21,42,100"
cka_strength,pruned_weights,cka_feddst,cifar10,0.8,0.9,6,24793.8,4.60434577328812,5,5,"7,13,21,42,100"
cka_strength,pruned_weights,cka_feddst,cifar10,0.8,0.9,7,0.0,0.0,5,5,"7,13,21,42,100"
cka_strength,pruned_weights,cka_feddst,cifar10,0.8,0.9,8,24793.2,4.381780460041723,5,5,"7,13,21,42,100"
cka_strength,pruned_weights,cka_feddst,cifar10,0.8,0.9,9,0.0,0.0,5,5,"7,13,21,42,100"
cka_strength,pruned_weights,cka_feddst,cifar10,0.8,0.9,10,24793.2,4.2071367935929365,5,5,"7,13,21,42,100"
cka_strength,pruned_weights,cka_feddst,cifar10,0.8,0.9,11,0.0,0.0,5,5,"7,13,21,42,100"
cka_strength,pruned_weights,cka_feddst,cifar10,0.8,0.9,12,24793.4,4.219004621946223,5,5,"7,13,21,42,100"
cka_strength,pruned_weights,cka_feddst,cifar10,0.8,0.9,13,0.0,0.0,5,5,"7,13,21,42,100"
cka_strength,pruned_weights,cka_feddst,cifar10,0.8,0.9,14,24793.6,5.029910535983644,5,5,"7,13,21,42,100"
cka_strength,pruned_weights,cka_feddst,cifar10,0.8,0.9,15,0.0,0.0,5,5,"7,13,21,42,100"
cka_strength,pruned_weights,cka_feddst,cifar10,0.8,0.9,16,24793.6,4.449719092257367,5,5,"7,13,21,42,100"
cka_strength,pruned_weights,cka_feddst,cifar10,0.8,0.9,17,0.0,0.0,5,5,"7,13,21,42,100"
cka_strength,pruned_weights,cka_feddst,cifar10,0.8,0.9,18,24793.2,4.2071367935929365,5,5,"7,13,21,42,100"
cka_strength,pruned_weights,cka_feddst,cifar10,0.8,0.9,19,0.0,0.0,5,5,"7,13,21,42,100"
cka_strength,pruned_weights,cka_feddst,cifar10,0.8,0.9,20,24794.0,4.242640687119687,5,5,"7,13,21,42,100"
cka_strength,pruned_weights,cka_feddst,cifar10,0.8,1.0,1,0.0,0.0,5,5,"7,13,21,42,100"
cka_strength,pruned_weights,cka_feddst,cifar10,0.8,1.0,2,24795.0,0.7071067811865476,5,5,"7,13,21,42,100"
cka_strength,pruned_weights,cka_feddst,cifar10,0.8,1.0,3,0.0,0.0,5,5,"7,13,21,42,100"
cka_strength,pruned_weights,cka_feddst,cifar10,0.8,1.0,4,24793.4,4.219004621946223,5,5,"7,13,21,42,100"
cka_strength,pruned_weights,cka_feddst,cifar10,0.8,1.0,5,0.0,0.0,5,5,"7,13,21,42,100"
cka_strength,pruned_weights,cka_feddst,cifar10,0.8,1.0,6,24793.2,4.2071367935929365,5,5,"7,13,21,42,100"
cka_strength,pruned_weights,cka_feddst,cifar10,0.8,1.0,7,0.0,0.0,5,5,"7,13,21,42,100"
cka_strength,pruned_weights,cka_feddst,cifar10,0.8,1.0,8,24793.2,4.02492235949926,5,5,"7,13,21,42,100"
cka_strength,pruned_weights,cka_feddst,cifar10,0.8,1.0,9,0.0,0.0,5,5,"7,13,21,42,100"
cka_strength,pruned_weights,cka_feddst,cifar10,0.8,1.0,10,24793.2,4.02492235949926,5,5,"7,13,21,42,100"
cka_strength,pruned_weights,cka_feddst,cifar10,0.8,1.0,11,0.0,0.0,5,5,"7,13,21,42,100"
cka_strength,pruned_weights,cka_feddst,cifar10,0.8,1.0,12,24793.8,4.024922359499204,5,5,"7,13,21,42,100"
cka_strength,pruned_weights,cka_feddst,cifar10,0.8,1.0,13,0.0,0.0,5,5,"7,13,21,42,100"
cka_strength,pruned_weights,cka_feddst,cifar10,0.8,1.0,14,24793.2,4.2071367935929365,5,5,"7,13,21,42,100"
cka_strength,pruned_weights,cka_feddst,cifar10,0.8,1.0,15,0.0,0.0,5,5,"7,13,21,42,100"
cka_strength,pruned_weights,cka_feddst,cifar10,0.8,1.0,16,24793.6,4.449719092257367,5,5,"7,13,21,42,100"
cka_strength,pruned_weights,cka_feddst,cifar10,0.8,1.0,17,0.0,0.0,5,5,"7,13,21,42,100"
cka_strength,pruned_weights,cka_feddst,cifar10,0.8,1.0,18,24793.6,4.449719092257367,5,5,"7,13,21,42,100"
cka_strength,pruned_weights,cka_feddst,cifar10,0.8,1.0,19,0.0,0.0,5,5,"7,13,21,42,100"
cka_strength,pruned_weights,cka_feddst,cifar10,0.8,1.0,20,24794.2,4.2071367935929365,5,5,"7,13,21,42,100"
cka_strength,pruned_weights,cka_feddst,cifar10,0.9,0.2,1,0.0,0.0,5,5,"7,13,21,42,100"
cka_strength,pruned_weights,cka_feddst,cifar10,0.9,0.2,2,12397.8,0.4472135954997546,5,5,"7,13,21,42,100"
cka_strength,pruned_weights,cka_feddst,cifar10,0.9,0.2,3,0.0,0.0,5,5,"7,13,21,42,100"
cka_strength,pruned_weights,cka_feddst,cifar10,0.9,0.2,4,12394.6,1.8165902124584825,5,5,"7,13,21,42,100"
cka_strength,pruned_weights,cka_feddst,cifar10,0.9,0.2,5,0.0,0.0,5,5,"7,13,21,42,100"
cka_strength,pruned_weights,cka_feddst,cifar10,0.9,0.2,6,12395.0,2.12132034355975,5,5,"7,13,21,42,100"
cka_strength,pruned_weights,cka_feddst,cifar10,0.9,0.2,7,0.0,0.0,5,5,"7,13,21,42,100"
cka_strength,pruned_weights,cka_feddst,cifar10,0.9,0.2,8,12394.6,2.3021728866442577,5,5,"7,13,21,42,100"
cka_strength,pruned_weights,cka_feddst,cifar10,0.9,0.2,9,0.0,0.0,5,5,"7,13,21,42,100"
cka_strength,pruned_weights,cka_feddst,cifar10,0.9,0.2,10,12395.2,2.3874672772628167,5,5,"7,13,21,42,100"
cka_strength,pruned_weights,cka_feddst,cifar10,0.9,0.2,11,0.0,0.0,5,5,"7,13,21,42,100"
cka_strength,pruned_weights,cka_feddst,cifar10,0.9,0.2,12,12394.8,2.1679483388677854,5,5,"7,13,21,42,100"
cka_strength,pruned_weights,cka_feddst,cifar10,0.9,0.2,13,0.0,0.0,5,5,"7,13,21,42,100"
cka_strength,pruned_weights,cka_feddst,cifar10,0.9,0.2,14,12394.6,1.8165902124584825,5,5,"7,13,21,42,100"
cka_strength,pruned_weights,cka_feddst,cifar10,0.9,0.2,15,0.0,0.0,5,5,"7,13,21,42,100"
cka_strength,pruned_weights,cka_feddst,cifar10,0.9,0.2,16,12394.6,2.4083189157584024,5,5,"7,13,21,42,100"
cka_strength,pruned_weights,cka_feddst,cifar10,0.9,0.2,17,0.0,0.0,5,5,"7,13,21,42,100"
cka_strength,pruned_weights,cka_feddst,cifar10,0.9,0.2,18,12394.8,2.0493901531919585,5,5,"7,13,21,42,100"
cka_strength,pruned_weights,cka_feddst,cifar10,0.9,0.2,19,0.0,0.0,5,5,"7,13,21,42,100"
cka_strength,pruned_weights,cka_feddst,cifar10,0.9,0.2,20,12394.2,1.9235384061673235,5,5,"7,13,21,42,100"
cka_strength,pruned_weights,cka_feddst,cifar10,0.9,0.5,1,0.0,0.0,5,5,"7,13,21,42,100"
cka_strength,pruned_weights,cka_feddst,cifar10,0.9,0.5,2,12397.8,0.4472135954997546,5,5,"7,13,21,42,100"
cka_strength,pruned_weights,cka_feddst,cifar10,0.9,0.5,3,0.0,0.0,5,5,"7,13,21,42,100"
cka_strength,pruned_weights,cka_feddst,cifar10,0.9,0.5,4,12394.8,2.1679483388677854,5,5,"7,13,21,42,100"
cka_strength,pruned_weights,cka_feddst,cifar10,0.9,0.5,5,0.0,0.0,5,5,"7,13,21,42,100"
cka_strength,pruned_weights,cka_feddst,cifar10,0.9,0.5,6,12395.2,2.3874672772626977,5,5,"7,13,21,42,100"
cka_strength,pruned_weights,cka_feddst,cifar10,0.9,0.5,7,0.0,0.0,5,5,"7,13,21,42,100"
cka_strength,pruned_weights,cka_feddst,cifar10,0.9,0.5,8,12394.8,2.1679483388677854,5,5,"7,13,21,42,100"
cka_strength,pruned_weights,cka_feddst,cifar10,0.9,0.5,9,0.0,0.0,5,5,"7,13,21,42,100"
cka_strength,pruned_weights,cka_feddst,cifar10,0.9,0.5,10,12394.8,2.1679483388677854,5,5,"7,13,21,42,100"
cka_strength,pruned_weights,cka_feddst,cifar10,0.9,0.5,11,0.0,0.0,5,5,"7,13,21,42,100"
cka_strength,pruned_weights,cka_feddst,cifar10,0.9,0.5,12,12394.2,2.167948338867943,5,5,"7,13,21,42,100"
cka_strength,pruned_weights,cka_feddst,cifar10,0.9,0.5,13,0.0,0.0,5,5,"7,13,21,42,100"
cka_strength,pruned_weights,cka_feddst,cifar10,0.9,0.5,14,12394.6,1.8165902124584825,5,5,"7,13,21,42,100"
cka_strength,pruned_weights,cka_feddst,cifar10,0.9,0.5,15,0.0,0.0,5,5,"7,13,21,42,100"
cka_strength,pruned_weights,cka_feddst,cifar10,0.9,0.5,16,12395.2,1.9235384061671759,5,5,"7,13,21,42,100"
cka_strength,pruned_weights,cka_feddst,cifar10,0.9,0.5,17,0.0,0.0,5,5,"7,13,21,42,100"
cka_strength,pruned_weights,cka_feddst,cifar10,0.9,0.5,18,12394.8,2.1679483388677854,5,5,"7,13,21,42,100"
cka_strength,pruned_weights,cka_feddst,cifar10,0.9,0.5,19,0.0,0.0,5,5,"7,13,21,42,100"
cka_strength,pruned_weights,cka_feddst,cifar10,0.9,0.5,20,12395.2,2.1679483388680216,5,5,"7,13,21,42,100"
cka_strength,pruned_weights,cka_feddst,cifar10,0.9,0.8,1,0.0,0.0,5,5,"7,13,21,42,100"
cka_strength,pruned_weights,cka_feddst,cifar10,0.9,0.8,2,12397.8,0.4472135954997546,5,5,"7,13,21,42,100"
cka_strength,pruned_weights,cka_feddst,cifar10,0.9,0.8,3,0.0,0.0,5,5,"7,13,21,42,100"
cka_strength,pruned_weights,cka_feddst,cifar10,0.9,0.8,4,12394.8,2.1679483388677854,5,5,"7,13,21,42,100"
cka_strength,pruned_weights,cka_feddst,cifar10,0.9,0.8,5,0.0,0.0,5,5,"7,13,21,42,100"
cka_strength,pruned_weights,cka_feddst,cifar10,0.9,0.8,6,12394.8,2.1679483388677854,5,5,"7,13,21,42,100"
cka_strength,pruned_weights,cka_feddst,cifar10,0.9,0.8,7,0.0,0.0,5,5,"7,13,21,42,100"
cka_strength,pruned_weights,cka_feddst,cifar10,0.9,0.8,8,12394.8,2.1679483388677854,5,5,"7,13,21,42,100"
cka_strength,pruned_weights,cka_feddst,cifar10,0.9,0.8,9,0.0,0.0,5,5,"7,13,21,42,100"
cka_strength,pruned_weights,cka_feddst,cifar10,0.9,0.8,10,12394.6,2.4083189157585205,5,5,"7,13,21,42,100"
cka_strength,pruned_weights,cka_feddst,cifar10,0.9,0.8,11,0.0,0.0,5,5,"7,13,21,42,100"
cka_strength,pruned_weights,cka_feddst,cifar10,0.9,0.8,12,12395.0,2.0,5,5,"7,13,21,42,100"
cka_strength,pruned_weights,cka_feddst,cifar10,0.9,0.8,13,0.0,0.0,5,5,"7,13,21,42,100"
cka_strength,pruned_weights,cka_feddst,cifar10,0.9,0.8,14,12395.2,2.4899799195977326,5,5,"7,13,21,42,100"
cka_strength,pruned_weights,cka_feddst,cifar10,0.9,0.8,15,0.0,0.0,5,5,"7,13,21,42,100"
cka_strength,pruned_weights,cka_feddst,cifar10,0.9,0.8,16,12394.6,2.073644135332816,5,5,"7,13,21,42,100"
cka_strength,pruned_weights,cka_feddst,cifar10,0.9,0.8,17,0.0,0.0,5,5,"7,13,21,42,100"
cka_strength,pruned_weights,cka_feddst,cifar10,0.9,0.8,18,12394.6,2.3021728866442577,5,5,"7,13,21,42,100"
cka_strength,pruned_weights,cka_feddst,cifar10,0.9,0.8,19,0.0,0.0,5,5,"7,13,21,42,100"
cka_strength,pruned_weights,cka_feddst,cifar10,0.9,0.8,20,12394.8,2.1679483388677854,5,5,"7,13,21,42,100"
cka_strength,pruned_weights,cka_feddst,cifar10,0.9,0.9,1,0.0,0.0,5,5,"7,13,21,42,100"
cka_strength,pruned_weights,cka_feddst,cifar10,0.9,0.9,2,12397.8,0.4472135954997546,5,5,"7,13,21,42,100"
cka_strength,pruned_weights,cka_feddst,cifar10,0.9,0.9,3,0.0,0.0,5,5,"7,13,21,42,100"
cka_strength,pruned_weights,cka_feddst,cifar10,0.9,0.9,4,12394.6,1.8165902124584825,5,5,"7,13,21,42,100"
cka_strength,pruned_weights,cka_feddst,cifar10,0.9,0.9,5,0.0,0.0,5,5,"7,13,21,42,100"
cka_strength,pruned_weights,cka_feddst,cifar10,0.9,0.9,6,12394.6,2.4083189157584024,5,5,"7,13,21,42,100"
cka_strength,pruned_weights,cka_feddst,cifar10,0.9,0.9,7,0.0,0.0,5,5,"7,13,21,42,100"
cka_strength,pruned_weights,cka_feddst,cifar10,0.9,0.9,8,12395.0,2.000000000000057,5,5,"7,13,21,42,100"
cka_strength,pruned_weights,cka_feddst,cifar10,0.9,0.9,9,0.0,0.0,5,5,"7,13,21,42,100"
cka_strength,pruned_weights,cka_feddst,cifar10,0.9,0.9,10,12394.6,2.3021728866442577,5,5,"7,13,21,42,100"
cka_strength,pruned_weights,cka_feddst,cifar10,0.9,0.9,11,0.0,0.0,5,5,"7,13,21,42,100"
cka_strength,pruned_weights,cka_feddst,cifar10,0.9,0.9,12,12395.0,2.000000000000057,5,5,"7,13,21,42,100"
cka_strength,pruned_weights,cka_feddst,cifar10,0.9,0.9,13,0.0,0.0,5,5,"7,13,21,42,100"
cka_strength,pruned_weights,cka_feddst,cifar10,0.9,0.9,14,12395.0,2.345207879911715,5,5,"7,13,21,42,100"
cka_strength,pruned_weights,cka_feddst,cifar10,0.9,0.9,15,0.0,0.0,5,5,"7,13,21,42,100"
cka_strength,pruned_weights,cka_feddst,cifar10,0.9,0.9,16,12395.0,2.0,5,5,"7,13,21,42,100"
cka_strength,pruned_weights,cka_feddst,cifar10,0.9,0.9,17,0.0,0.0,5,5,"7,13,21,42,100"
cka_strength,pruned_weights,cka_feddst,cifar10,0.9,0.9,18,12394.8,2.1679483388677854,5,5,"7,13,21,42,100"
cka_strength,pruned_weights,cka_feddst,cifar10,0.9,0.9,19,0.0,0.0,5,5,"7,13,21,42,100"
cka_strength,pruned_weights,cka_feddst,cifar10,0.9,0.9,20,12394.8,2.1679483388677854,5,5,"7,13,21,42,100"
cka_strength,pruned_weights,cka_feddst,cifar10,0.9,1.0,1,0.0,0.0,5,5,"7,13,21,42,100"
cka_strength,pruned_weights,cka_feddst,cifar10,0.9,1.0,2,12397.8,0.4472135954997546,5,5,"7,13,21,42,100"
cka_strength,pruned_weights,cka_feddst,cifar10,0.9,1.0,3,0.0,0.0,5,5,"7,13,21,42,100"
cka_strength,pruned_weights,cka_feddst,cifar10,0.9,1.0,4,12395.0,2.5495097567963922,5,5,"7,13,21,42,100"
cka_strength,pruned_weights,cka_feddst,cifar10,0.9,1.0,5,0.0,0.0,5,5,"7,13,21,42,100"
cka_strength,pruned_weights,cka_feddst,cifar10,0.9,1.0,6,12395.0,2.345207879911715,5,5,"7,13,21,42,100"
cka_strength,pruned_weights,cka_feddst,cifar10,0.9,1.0,7,0.0,0.0,5,5,"7,13,21,42,100"
cka_strength,pruned_weights,cka_feddst,cifar10,0.9,1.0,8,12394.8,2.1679483388677854,5,5,"7,13,21,42,100"
cka_strength,pruned_weights,cka_feddst,cifar10,0.9,1.0,9,0.0,0.0,5,5,"7,13,21,42,100"
cka_strength,pruned_weights,cka_feddst,cifar10,0.9,1.0,10,12395.2,2.4899799195977326,5,5,"7,13,21,42,100"
cka_strength,pruned_weights,cka_feddst,cifar10,0.9,1.0,11,0.0,0.0,5,5,"7,13,21,42,100"
cka_strength,pruned_weights,cka_feddst,cifar10,0.9,1.0,12,12395.2,2.2803508501984604,5,5,"7,13,21,42,100"
cka_strength,pruned_weights,cka_feddst,cifar10,0.9,1.0,13,0.0,0.0,5,5,"7,13,21,42,100"
cka_strength,pruned_weights,cka_feddst,cifar10,0.9,1.0,14,12394.8,1.9235384061671168,5,5,"7,13,21,42,100"
cka_strength,pruned_weights,cka_feddst,cifar10,0.9,1.0,15,0.0,0.0,5,5,"7,13,21,42,100"
cka_strength,pruned_weights,cka_feddst,cifar10,0.9,1.0,16,12395.0,2.345207879911715,5,5,"7,13,21,42,100"
cka_strength,pruned_weights,cka_feddst,cifar10,0.9,1.0,17,0.0,0.0,5,5,"7,13,21,42,100"
cka_strength,pruned_weights,cka_feddst,cifar10,0.9,1.0,18,12394.6,2.3021728866442577,5,5,"7,13,21,42,100"
cka_strength,pruned_weights,cka_feddst,cifar10,0.9,1.0,19,0.0,0.0,5,5,"7,13,21,42,100"
cka_strength,pruned_weights,cka_feddst,cifar10,0.9,1.0,20,12395.2,2.6832815729999044,5,5,"7,13,21,42,100"
cka_strength,pruned_weights,cka_feddst,cifar10,0.95,0.2,1,0.0,0.0,5,5,"7,13,21,42,100"
cka_strength,pruned_weights,cka_feddst,cifar10,0.95,0.2,2,6198.8,0.4472135955000088,5,5,"7,13,21,42,100"
cka_strength,pruned_weights,cka_feddst,cifar10,0.95,0.2,3,0.0,0.0,5,5,"7,13,21,42,100"
cka_strength,pruned_weights,cka_feddst,cifar10,0.95,0.2,4,6196.6,2.302172886644406,5,5,"7,13,21,42,100"
cka_strength,pruned_weights,cka_feddst,cifar10,0.95,0.2,5,0.0,0.0,5,5,"7,13,21,42,100"
cka_strength,pruned_weights,cka_feddst,cifar10,0.95,0.2,6,6196.6,2.302172886644406,5,5,"7,13,21,42,100"
cka_strength,pruned_weights,cka_feddst,cifar10,0.95,0.2,7,0.0,0.0,5,5,"7,13,21,42,100"
cka_strength,pruned_weights,cka_feddst,cifar10,0.95,0.2,8,6196.6,2.302172886644406,5,5,"7,13,21,42,100"
cka_strength,pruned_weights,cka_feddst,cifar10,0.95,0.2,9,0.0,0.0,5,5,"7,13,21,42,100"
cka_strength,pruned_weights,cka_feddst,cifar10,0.95,0.2,10,6196.6,2.302172886644406,5,5,"7,13,21,42,100"
cka_strength,pruned_weights,cka_feddst,cifar10,0.95,0.2,11,0.0,0.0,5,5,"7,13,21,42,100"
cka_strength,pruned_weights,cka_feddst,cifar10,0.95,0.2,12,6196.6,2.302172886644406,5,5,"7,13,21,42,100"
cka_strength,pruned_weights,cka_feddst,cifar10,0.95,0.2,13,0.0,0.0,5,5,"7,13,21,42,100"
cka_strength,pruned_weights,cka_feddst,cifar10,0.95,0.2,14,6196.6,2.302172886644406,5,5,"7,13,21,42,100"
cka_strength,pruned_weights,cka_feddst,cifar10,0.95,0.2,15,0.0,0.0,5,5,"7,13,21,42,100"
cka_strength,pruned_weights,cka_feddst,cifar10,0.95,0.2,16,6196.6,2.302172886644406,5,5,"7,13,21,42,100"
cka_strength,pruned_weights,cka_feddst,cifar10,0.95,0.2,17,0.0,0.0,5,5,"7,13,21,42,100"
cka_strength,pruned_weights,cka_feddst,cifar10,0.95,0.2,18,6196.6,2.302172886644406,5,5,"7,13,21,42,100"
cka_strength,pruned_weights,cka_feddst,cifar10,0.95,0.2,19,0.0,0.0,5,5,"7,13,21,42,100"
cka_strength,pruned_weights,cka_feddst,cifar10,0.95,0.2,20,6196.6,2.302172886644406,5,5,"7,13,21,42,100"
cka_strength,pruned_weights,cka_feddst,cifar10,0.95,0.5,1,0.0,0.0,5,5,"7,13,21,42,100"
cka_strength,pruned_weights,cka_feddst,cifar10,0.95,0.5,2,6198.8,0.4472135955000088,5,5,"7,13,21,42,100"
cka_strength,pruned_weights,cka_feddst,cifar10,0.95,0.5,3,0.0,0.0,5,5,"7,13,21,42,100"
cka_strength,pruned_weights,cka_feddst,cifar10,0.95,0.5,4,6196.6,2.302172886644406,5,5,"7,13,21,42,100"
cka_strength,pruned_weights,cka_feddst,cifar10,0.95,0.5,5,0.0,0.0,5,5,"7,13,21,42,100"
cka_strength,pruned_weights,cka_feddst,cifar10,0.95,0.5,6,6196.6,2.302172886644406,5,5,"7,13,21,42,100"
cka_strength,pruned_weights,cka_feddst,cifar10,0.95,0.5,7,0.0,0.0,5,5,"7,13,21,42,100"
cka_strength,pruned_weights,cka_feddst,cifar10,0.95,0.5,8,6196.6,2.302172886644406,5,5,"7,13,21,42,100"
cka_strength,pruned_weights,cka_feddst,cifar10,0.95,0.5,9,0.0,0.0,5,5,"7,13,21,42,100"
cka_strength,pruned_weights,cka_feddst,cifar10,0.95,0.5,10,6196.6,2.302172886644406,5,5,"7,13,21,42,100"
cka_strength,pruned_weights,cka_feddst,cifar10,0.95,0.5,11,0.0,0.0,5,5,"7,13,21,42,100"
cka_strength,pruned_weights,cka_feddst,cifar10,0.95,0.5,12,6196.6,2.302172886644406,5,5,"7,13,21,42,100"
cka_strength,pruned_weights,cka_feddst,cifar10,0.95,0.5,13,0.0,0.0,5,5,"7,13,21,42,100"
cka_strength,pruned_weights,cka_feddst,cifar10,0.95,0.5,14,6196.6,2.302172886644406,5,5,"7,13,21,42,100"
cka_strength,pruned_weights,cka_feddst,cifar10,0.95,0.5,15,0.0,0.0,5,5,"7,13,21,42,100"
cka_strength,pruned_weights,cka_feddst,cifar10,0.95,0.5,16,6196.6,2.302172886644406,5,5,"7,13,21,42,100"
cka_strength,pruned_weights,cka_feddst,cifar10,0.95,0.5,17,0.0,0.0,5,5,"7,13,21,42,100"
cka_strength,pruned_weights,cka_feddst,cifar10,0.95,0.5,18,6196.6,2.302172886644406,5,5,"7,13,21,42,100"
cka_strength,pruned_weights,cka_feddst,cifar10,0.95,0.5,19,0.0,0.0,5,5,"7,13,21,42,100"
cka_strength,pruned_weights,cka_feddst,cifar10,0.95,0.5,20,6196.6,2.302172886644406,5,5,"7,13,21,42,100"
cka_strength,pruned_weights,cka_feddst,cifar10,0.95,0.8,1,0.0,0.0,5,5,"7,13,21,42,100"
cka_strength,pruned_weights,cka_feddst,cifar10,0.95,0.8,2,6198.8,0.4472135955000088,5,5,"7,13,21,42,100"
cka_strength,pruned_weights,cka_feddst,cifar10,0.95,0.8,3,0.0,0.0,5,5,"7,13,21,42,100"
cka_strength,pruned_weights,cka_feddst,cifar10,0.95,0.8,4,6196.6,2.302172886644406,5,5,"7,13,21,42,100"
cka_strength,pruned_weights,cka_feddst,cifar10,0.95,0.8,5,0.0,0.0,5,5,"7,13,21,42,100"
cka_strength,pruned_weights,cka_feddst,cifar10,0.95,0.8,6,6196.6,2.302172886644406,5,5,"7,13,21,42,100"
cka_strength,pruned_weights,cka_feddst,cifar10,0.95,0.8,7,0.0,0.0,5,5,"7,13,21,42,100"
cka_strength,pruned_weights,cka_feddst,cifar10,0.95,0.8,8,6196.6,2.302172886644406,5,5,"7,13,21,42,100"
cka_strength,pruned_weights,cka_feddst,cifar10,0.95,0.8,9,0.0,0.0,5,5,"7,13,21,42,100"
cka_strength,pruned_weights,cka_feddst,cifar10,0.95,0.8,10,6196.6,2.302172886644406,5,5,"7,13,21,42,100"
cka_strength,pruned_weights,cka_feddst,cifar10,0.95,0.8,11,0.0,0.0,5,5,"7,13,21,42,100"
cka_strength,pruned_weights,cka_feddst,cifar10,0.95,0.8,12,6196.6,2.302172886644406,5,5,"7,13,21,42,100"
cka_strength,pruned_weights,cka_feddst,cifar10,0.95,0.8,13,0.0,0.0,5,5,"7,13,21,42,100"
cka_strength,pruned_weights,cka_feddst,cifar10,0.95,0.8,14,6196.6,2.302172886644406,5,5,"7,13,21,42,100"
cka_strength,pruned_weights,cka_feddst,cifar10,0.95,0.8,15,0.0,0.0,5,5,"7,13,21,42,100"
cka_strength,pruned_weights,cka_feddst,cifar10,0.95,0.8,16,6196.6,2.302172886644406,5,5,"7,13,21,42,100"
cka_strength,pruned_weights,cka_feddst,cifar10,0.95,0.8,17,0.0,0.0,5,5,"7,13,21,42,100"
cka_strength,pruned_weights,cka_feddst,cifar10,0.95,0.8,18,6196.6,2.302172886644406,5,5,"7,13,21,42,100"
cka_strength,pruned_weights,cka_feddst,cifar10,0.95,0.8,19,0.0,0.0,5,5,"7,13,21,42,100"
cka_strength,pruned_weights,cka_feddst,cifar10,0.95,0.8,20,6196.6,2.302172886644406,5,5,"7,13,21,42,100"
cka_strength,pruned_weights,cka_feddst,cifar10,0.95,0.9,1,0.0,0.0,5,5,"7,13,21,42,100"
cka_strength,pruned_weights,cka_feddst,cifar10,0.95,0.9,2,6198.8,0.4472135955000088,5,5,"7,13,21,42,100"
cka_strength,pruned_weights,cka_feddst,cifar10,0.95,0.9,3,0.0,0.0,5,5,"7,13,21,42,100"
cka_strength,pruned_weights,cka_feddst,cifar10,0.95,0.9,4,6196.6,2.302172886644406,5,5,"7,13,21,42,100"
cka_strength,pruned_weights,cka_feddst,cifar10,0.95,0.9,5,0.0,0.0,5,5,"7,13,21,42,100"
cka_strength,pruned_weights,cka_feddst,cifar10,0.95,0.9,6,6196.6,2.302172886644406,5,5,"7,13,21,42,100"
cka_strength,pruned_weights,cka_feddst,cifar10,0.95,0.9,7,0.0,0.0,5,5,"7,13,21,42,100"
cka_strength,pruned_weights,cka_feddst,cifar10,0.95,0.9,8,6196.6,2.302172886644406,5,5,"7,13,21,42,100"
cka_strength,pruned_weights,cka_feddst,cifar10,0.95,0.9,9,0.0,0.0,5,5,"7,13,21,42,100"
cka_strength,pruned_weights,cka_feddst,cifar10,0.95,0.9,10,6196.6,2.302172886644406,5,5,"7,13,21,42,100"
cka_strength,pruned_weights,cka_feddst,cifar10,0.95,0.9,11,0.0,0.0,5,5,"7,13,21,42,100"
cka_strength,pruned_weights,cka_feddst,cifar10,0.95,0.9,12,6196.6,2.302172886644406,5,5,"7,13,21,42,100"
cka_strength,pruned_weights,cka_feddst,cifar10,0.95,0.9,13,0.0,0.0,5,5,"7,13,21,42,100"
cka_strength,pruned_weights,cka_feddst,cifar10,0.95,0.9,14,6196.6,2.302172886644406,5,5,"7,13,21,42,100"
cka_strength,pruned_weights,cka_feddst,cifar10,0.95,0.9,15,0.0,0.0,5,5,"7,13,21,42,100"
cka_strength,pruned_weights,cka_feddst,cifar10,0.95,0.9,16,6196.6,2.302172886644406,5,5,"7,13,21,42,100"
cka_strength,pruned_weights,cka_feddst,cifar10,0.95,0.9,17,0.0,0.0,5,5,"7,13,21,42,100"
cka_strength,pruned_weights,cka_feddst,cifar10,0.95,0.9,18,6196.6,2.302172886644406,5,5,"7,13,21,42,100"
cka_strength,pruned_weights,cka_feddst,cifar10,0.95,0.9,19,0.0,0.0,5,5,"7,13,21,42,100"
cka_strength,pruned_weights,cka_feddst,cifar10,0.95,0.9,20,6196.6,2.302172886644406,5,5,"7,13,21,42,100"
cka_strength,pruned_weights,cka_feddst,cifar10,0.95,1.0,1,0.0,0.0,5,5,"7,13,21,42,100"
cka_strength,pruned_weights,cka_feddst,cifar10,0.95,1.0,2,6198.8,0.4472135955000088,5,5,"7,13,21,42,100"
cka_strength,pruned_weights,cka_feddst,cifar10,0.95,1.0,3,0.0,0.0,5,5,"7,13,21,42,100"
cka_strength,pruned_weights,cka_feddst,cifar10,0.95,1.0,4,6196.6,2.302172886644406,5,5,"7,13,21,42,100"
cka_strength,pruned_weights,cka_feddst,cifar10,0.95,1.0,5,0.0,0.0,5,5,"7,13,21,42,100"
cka_strength,pruned_weights,cka_feddst,cifar10,0.95,1.0,6,6196.6,2.302172886644406,5,5,"7,13,21,42,100"
cka_strength,pruned_weights,cka_feddst,cifar10,0.95,1.0,7,0.0,0.0,5,5,"7,13,21,42,100"
cka_strength,pruned_weights,cka_feddst,cifar10,0.95,1.0,8,6196.6,2.302172886644406,5,5,"7,13,21,42,100"
cka_strength,pruned_weights,cka_feddst,cifar10,0.95,1.0,9,0.0,0.0,5,5,"7,13,21,42,100"
cka_strength,pruned_weights,cka_feddst,cifar10,0.95,1.0,10,6196.6,2.302172886644406,5,5,"7,13,21,42,100"
cka_strength,pruned_weights,cka_feddst,cifar10,0.95,1.0,11,0.0,0.0,5,5,"7,13,21,42,100"
cka_strength,pruned_weights,cka_feddst,cifar10,0.95,1.0,12,6196.6,2.302172886644406,5,5,"7,13,21,42,100"
cka_strength,pruned_weights,cka_feddst,cifar10,0.95,1.0,13,0.0,0.0,5,5,"7,13,21,42,100"
cka_strength,pruned_weights,cka_feddst,cifar10,0.95,1.0,14,6196.6,2.302172886644406,5,5,"7,13,21,42,100"
cka_strength,pruned_weights,cka_feddst,cifar10,0.95,1.0,15,0.0,0.0,5,5,"7,13,21,42,100"
cka_strength,pruned_weights,cka_feddst,cifar10,0.95,1.0,16,6196.6,2.302172886644406,5,5,"7,13,21,42,100"
cka_strength,pruned_weights,cka_feddst,cifar10,0.95,1.0,17,0.0,0.0,5,5,"7,13,21,42,100"
cka_strength,pruned_weights,cka_feddst,cifar10,0.95,1.0,18,6196.6,2.302172886644406,5,5,"7,13,21,42,100"
cka_strength,pruned_weights,cka_feddst,cifar10,0.95,1.0,19,0.0,0.0,5,5,"7,13,21,42,100"
cka_strength,pruned_weights,cka_feddst,cifar10,0.95,1.0,20,6196.6,2.302172886644406,5,5,"7,13,21,42,100"
cka_strength,regrown_weights,cka_feddst,cifar10,0.5,0.2,1,0.0,0.0,5,5,"7,13,21,42,100"
cka_strength,regrown_weights,cka_feddst,cifar10,0.5,0.2,2,61959.4,23.47977853387877,5,5,"7,13,21,42,100"
cka_strength,regrown_weights,cka_feddst,cifar10,0.5,0.2,3,0.0,0.0,5,5,"7,13,21,42,100"
cka_strength,regrown_weights,cka_feddst,cifar10,0.5,0.2,4,61981.4,4.827007354457945,5,5,"7,13,21,42,100"
cka_strength,regrown_weights,cka_feddst,cifar10,0.5,0.2,5,0.0,0.0,5,5,"7,13,21,42,100"
cka_strength,regrown_weights,cka_feddst,cifar10,0.5,0.2,6,61981.4,4.827007354457945,5,5,"7,13,21,42,100"
cka_strength,regrown_weights,cka_feddst,cifar10,0.5,0.2,7,0.0,0.0,5,5,"7,13,21,42,100"
cka_strength,regrown_weights,cka_feddst,cifar10,0.5,0.2,8,61981.4,4.827007354457945,5,5,"7,13,21,42,100"
cka_strength,regrown_weights,cka_feddst,cifar10,0.5,0.2,9,0.0,0.0,5,5,"7,13,21,42,100"
cka_strength,regrown_weights,cka_feddst,cifar10,0.5,0.2,10,61981.4,4.827007354457945,5,5,"7,13,21,42,100"
cka_strength,regrown_weights,cka_feddst,cifar10,0.5,0.2,11,0.0,0.0,5,5,"7,13,21,42,100"
cka_strength,regrown_weights,cka_feddst,cifar10,0.5,0.2,12,61981.4,4.827007354457945,5,5,"7,13,21,42,100"
cka_strength,regrown_weights,cka_feddst,cifar10,0.5,0.2,13,0.0,0.0,5,5,"7,13,21,42,100"
cka_strength,regrown_weights,cka_feddst,cifar10,0.5,0.2,14,61981.4,4.827007354457945,5,5,"7,13,21,42,100"
cka_strength,regrown_weights,cka_feddst,cifar10,0.5,0.2,15,0.0,0.0,5,5,"7,13,21,42,100"
cka_strength,regrown_weights,cka_feddst,cifar10,0.5,0.2,16,61981.4,4.827007354457945,5,5,"7,13,21,42,100"
cka_strength,regrown_weights,cka_feddst,cifar10,0.5,0.2,17,0.0,0.0,5,5,"7,13,21,42,100"
cka_strength,regrown_weights,cka_feddst,cifar10,0.5,0.2,18,61981.4,4.827007354457945,5,5,"7,13,21,42,100"
cka_strength,regrown_weights,cka_feddst,cifar10,0.5,0.2,19,0.0,0.0,5,5,"7,13,21,42,100"
cka_strength,regrown_weights,cka_feddst,cifar10,0.5,0.2,20,61981.4,4.827007354457945,5,5,"7,13,21,42,100"
cka_strength,regrown_weights,cka_feddst,cifar10,0.5,0.5,1,0.0,0.0,5,5,"7,13,21,42,100"
cka_strength,regrown_weights,cka_feddst,cifar10,0.5,0.5,2,61959.4,23.47977853387877,5,5,"7,13,21,42,100"
cka_strength,regrown_weights,cka_feddst,cifar10,0.5,0.5,3,0.0,0.0,5,5,"7,13,21,42,100"
cka_strength,regrown_weights,cka_feddst,cifar10,0.5,0.5,4,61981.4,4.827007354457945,5,5,"7,13,21,42,100"
cka_strength,regrown_weights,cka_feddst,cifar10,0.5,0.5,5,0.0,0.0,5,5,"7,13,21,42,100"
cka_strength,regrown_weights,cka_feddst,cifar10,0.5,0.5,6,61981.4,4.827007354457945,5,5,"7,13,21,42,100"
cka_strength,regrown_weights,cka_feddst,cifar10,0.5,0.5,7,0.0,0.0,5,5,"7,13,21,42,100"
cka_strength,regrown_weights,cka_feddst,cifar10,0.5,0.5,8,61981.4,4.827007354457945,5,5,"7,13,21,42,100"
cka_strength,regrown_weights,cka_feddst,cifar10,0.5,0.5,9,0.0,0.0,5,5,"7,13,21,42,100"
cka_strength,regrown_weights,cka_feddst,cifar10,0.5,0.5,10,61981.4,4.827007354457945,5,5,"7,13,21,42,100"
cka_strength,regrown_weights,cka_feddst,cifar10,0.5,0.5,11,0.0,0.0,5,5,"7,13,21,42,100"
cka_strength,regrown_weights,cka_feddst,cifar10,0.5,0.5,12,61981.4,4.827007354457945,5,5,"7,13,21,42,100"
cka_strength,regrown_weights,cka_feddst,cifar10,0.5,0.5,13,0.0,0.0,5,5,"7,13,21,42,100"
cka_strength,regrown_weights,cka_feddst,cifar10,0.5,0.5,14,61981.4,4.827007354457945,5,5,"7,13,21,42,100"
cka_strength,regrown_weights,cka_feddst,cifar10,0.5,0.5,15,0.0,0.0,5,5,"7,13,21,42,100"
cka_strength,regrown_weights,cka_feddst,cifar10,0.5,0.5,16,61981.4,4.827007354457945,5,5,"7,13,21,42,100"
cka_strength,regrown_weights,cka_feddst,cifar10,0.5,0.5,17,0.0,0.0,5,5,"7,13,21,42,100"
cka_strength,regrown_weights,cka_feddst,cifar10,0.5,0.5,18,61981.4,4.827007354457945,5,5,"7,13,21,42,100"
cka_strength,regrown_weights,cka_feddst,cifar10,0.5,0.5,19,0.0,0.0,5,5,"7,13,21,42,100"
cka_strength,regrown_weights,cka_feddst,cifar10,0.5,0.5,20,61981.4,4.827007354457945,5,5,"7,13,21,42,100"
cka_strength,regrown_weights,cka_feddst,cifar10,0.5,0.8,1,0.0,0.0,5,5,"7,13,21,42,100"
cka_strength,regrown_weights,cka_feddst,cifar10,0.5,0.8,2,61959.4,23.47977853387877,5,5,"7,13,21,42,100"
cka_strength,regrown_weights,cka_feddst,cifar10,0.5,0.8,3,0.0,0.0,5,5,"7,13,21,42,100"
cka_strength,regrown_weights,cka_feddst,cifar10,0.5,0.8,4,61981.4,4.827007354457945,5,5,"7,13,21,42,100"
cka_strength,regrown_weights,cka_feddst,cifar10,0.5,0.8,5,0.0,0.0,5,5,"7,13,21,42,100"
cka_strength,regrown_weights,cka_feddst,cifar10,0.5,0.8,6,61981.4,4.827007354457945,5,5,"7,13,21,42,100"
cka_strength,regrown_weights,cka_feddst,cifar10,0.5,0.8,7,0.0,0.0,5,5,"7,13,21,42,100"
cka_strength,regrown_weights,cka_feddst,cifar10,0.5,0.8,8,61981.4,4.827007354457945,5,5,"7,13,21,42,100"
cka_strength,regrown_weights,cka_feddst,cifar10,0.5,0.8,9,0.0,0.0,5,5,"7,13,21,42,100"
cka_strength,regrown_weights,cka_feddst,cifar10,0.5,0.8,10,61981.4,4.827007354457945,5,5,"7,13,21,42,100"
cka_strength,regrown_weights,cka_feddst,cifar10,0.5,0.8,11,0.0,0.0,5,5,"7,13,21,42,100"
cka_strength,regrown_weights,cka_feddst,cifar10,0.5,0.8,12,61981.4,4.827007354457945,5,5,"7,13,21,42,100"
cka_strength,regrown_weights,cka_feddst,cifar10,0.5,0.8,13,0.0,0.0,5,5,"7,13,21,42,100"
cka_strength,regrown_weights,cka_feddst,cifar10,0.5,0.8,14,61981.4,4.827007354457945,5,5,"7,13,21,42,100"
cka_strength,regrown_weights,cka_feddst,cifar10,0.5,0.8,15,0.0,0.0,5,5,"7,13,21,42,100"
cka_strength,regrown_weights,cka_feddst,cifar10,0.5,0.8,16,61981.4,4.827007354457945,5,5,"7,13,21,42,100"
cka_strength,regrown_weights,cka_feddst,cifar10,0.5,0.8,17,0.0,0.0,5,5,"7,13,21,42,100"
cka_strength,regrown_weights,cka_feddst,cifar10,0.5,0.8,18,61981.4,4.827007354457945,5,5,"7,13,21,42,100"
cka_strength,regrown_weights,cka_feddst,cifar10,0.5,0.8,19,0.0,0.0,5,5,"7,13,21,42,100"
cka_strength,regrown_weights,cka_feddst,cifar10,0.5,0.8,20,61981.4,4.827007354457945,5,5,"7,13,21,42,100"
cka_strength,regrown_weights,cka_feddst,cifar10,0.5,0.9,1,0.0,0.0,5,5,"7,13,21,42,100"
cka_strength,regrown_weights,cka_feddst,cifar10,0.5,0.9,2,61959.4,23.47977853387877,5,5,"7,13,21,42,100"
cka_strength,regrown_weights,cka_feddst,cifar10,0.5,0.9,3,0.0,0.0,5,5,"7,13,21,42,100"
cka_strength,regrown_weights,cka_feddst,cifar10,0.5,0.9,4,61981.4,4.827007354457945,5,5,"7,13,21,42,100"
cka_strength,regrown_weights,cka_feddst,cifar10,0.5,0.9,5,0.0,0.0,5,5,"7,13,21,42,100"
cka_strength,regrown_weights,cka_feddst,cifar10,0.5,0.9,6,61981.4,4.827007354457945,5,5,"7,13,21,42,100"
cka_strength,regrown_weights,cka_feddst,cifar10,0.5,0.9,7,0.0,0.0,5,5,"7,13,21,42,100"
cka_strength,regrown_weights,cka_feddst,cifar10,0.5,0.9,8,61981.4,4.827007354457945,5,5,"7,13,21,42,100"
cka_strength,regrown_weights,cka_feddst,cifar10,0.5,0.9,9,0.0,0.0,5,5,"7,13,21,42,100"
cka_strength,regrown_weights,cka_feddst,cifar10,0.5,0.9,10,61981.4,4.827007354457945,5,5,"7,13,21,42,100"
cka_strength,regrown_weights,cka_feddst,cifar10,0.5,0.9,11,0.0,0.0,5,5,"7,13,21,42,100"
cka_strength,regrown_weights,cka_feddst,cifar10,0.5,0.9,12,61981.4,4.827007354457945,5,5,"7,13,21,42,100"
cka_strength,regrown_weights,cka_feddst,cifar10,0.5,0.9,13,0.0,0.0,5,5,"7,13,21,42,100"
cka_strength,regrown_weights,cka_feddst,cifar10,0.5,0.9,14,61981.4,4.827007354457945,5,5,"7,13,21,42,100"
cka_strength,regrown_weights,cka_feddst,cifar10,0.5,0.9,15,0.0,0.0,5,5,"7,13,21,42,100"
cka_strength,regrown_weights,cka_feddst,cifar10,0.5,0.9,16,61981.4,4.827007354457945,5,5,"7,13,21,42,100"
cka_strength,regrown_weights,cka_feddst,cifar10,0.5,0.9,17,0.0,0.0,5,5,"7,13,21,42,100"
cka_strength,regrown_weights,cka_feddst,cifar10,0.5,0.9,18,61981.4,4.827007354457945,5,5,"7,13,21,42,100"
cka_strength,regrown_weights,cka_feddst,cifar10,0.5,0.9,19,0.0,0.0,5,5,"7,13,21,42,100"
cka_strength,regrown_weights,cka_feddst,cifar10,0.5,0.9,20,61981.4,4.827007354457945,5,5,"7,13,21,42,100"
cka_strength,regrown_weights,cka_feddst,cifar10,0.5,1.0,1,0.0,0.0,5,5,"7,13,21,42,100"
cka_strength,regrown_weights,cka_feddst,cifar10,0.5,1.0,2,61959.4,23.47977853387877,5,5,"7,13,21,42,100"
cka_strength,regrown_weights,cka_feddst,cifar10,0.5,1.0,3,0.0,0.0,5,5,"7,13,21,42,100"
cka_strength,regrown_weights,cka_feddst,cifar10,0.5,1.0,4,61981.4,4.827007354457945,5,5,"7,13,21,42,100"
cka_strength,regrown_weights,cka_feddst,cifar10,0.5,1.0,5,0.0,0.0,5,5,"7,13,21,42,100"
cka_strength,regrown_weights,cka_feddst,cifar10,0.5,1.0,6,61981.4,4.827007354457945,5,5,"7,13,21,42,100"
cka_strength,regrown_weights,cka_feddst,cifar10,0.5,1.0,7,0.0,0.0,5,5,"7,13,21,42,100"
cka_strength,regrown_weights,cka_feddst,cifar10,0.5,1.0,8,61981.4,4.827007354457945,5,5,"7,13,21,42,100"
cka_strength,regrown_weights,cka_feddst,cifar10,0.5,1.0,9,0.0,0.0,5,5,"7,13,21,42,100"
cka_strength,regrown_weights,cka_feddst,cifar10,0.5,1.0,10,61981.4,4.827007354457945,5,5,"7,13,21,42,100"
cka_strength,regrown_weights,cka_feddst,cifar10,0.5,1.0,11,0.0,0.0,5,5,"7,13,21,42,100"
cka_strength,regrown_weights,cka_feddst,cifar10,0.5,1.0,12,61981.4,4.827007354457945,5,5,"7,13,21,42,100"
cka_strength,regrown_weights,cka_feddst,cifar10,0.5,1.0,13,0.0,0.0,5,5,"7,13,21,42,100"
cka_strength,regrown_weights,cka_feddst,cifar10,0.5,1.0,14,61981.4,4.827007354457945,5,5,"7,13,21,42,100"
cka_strength,regrown_weights,cka_feddst,cifar10,0.5,1.0,15,0.0,0.0,5,5,"7,13,21,42,100"
cka_strength,regrown_weights,cka_feddst,cifar10,0.5,1.0,16,61981.4,4.827007354457945,5,5,"7,13,21,42,100"
cka_strength,regrown_weights,cka_feddst,cifar10,0.5,1.0,17,0.0,0.0,5,5,"7,13,21,42,100"
cka_strength,regrown_weights,cka_feddst,cifar10,0.5,1.0,18,61981.4,4.827007354457945,5,5,"7,13,21,42,100"
cka_strength,regrown_weights,cka_feddst,cifar10,0.5,1.0,19,0.0,0.0,5,5,"7,13,21,42,100"
cka_strength,regrown_weights,cka_feddst,cifar10,0.5,1.0,20,61981.4,4.827007354457945,5,5,"7,13,21,42,100"
cka_strength,regrown_weights,cka_feddst,cifar10,0.7,0.2,1,0.0,0.0,5,5,"7,13,21,42,100"
cka_strength,regrown_weights,cka_feddst,cifar10,0.7,0.2,2,37173.0,16.896745248715803,5,5,"7,13,21,42,100"
cka_strength,regrown_weights,cka_feddst,cifar10,0.7,0.2,3,0.0,0.0,5,5,"7,13,21,42,100"
cka_strength,regrown_weights,cka_feddst,cifar10,0.7,0.2,4,37188.6,3.361547262795296,5,5,"7,13,21,42,100"
cka_strength,regrown_weights,cka_feddst,cifar10,0.7,0.2,5,0.0,0.0,5,5,"7,13,21,42,100"
cka_strength,regrown_weights,cka_feddst,cifar10,0.7,0.2,6,37188.6,3.7815340802379516,5,5,"7,13,21,42,100"
cka_strength,regrown_weights,cka_feddst,cifar10,0.7,0.2,7,0.0,0.0,5,5,"7,13,21,42,100"
cka_strength,regrown_weights,cka_feddst,cifar10,0.7,0.2,8,37188.8,3.114482300478436,5,5,"7,13,21,42,100"
cka_strength,regrown_weights,cka_feddst,cifar10,0.7,0.2,9,0.0,0.0,5,5,"7,13,21,42,100"
cka_strength,regrown_weights,cka_feddst,cifar10,0.7,0.2,10,37188.6,2.9664793948392156,5,5,"7,13,21,42,100"
cka_strength,regrown_weights,cka_feddst,cifar10,0.7,0.2,11,0.0,0.0,5,5,"7,13,21,42,100"
cka_strength,regrown_weights,cka_feddst,cifar10,0.7,0.2,12,37189.0,3.391164991562634,5,5,"7,13,21,42,100"
cka_strength,regrown_weights,cka_feddst,cifar10,0.7,0.2,13,0.0,0.0,5,5,"7,13,21,42,100"
cka_strength,regrown_weights,cka_feddst,cifar10,0.7,0.2,14,37188.6,3.361547262795296,5,5,"7,13,21,42,100"
cka_strength,regrown_weights,cka_feddst,cifar10,0.7,0.2,15,0.0,0.0,5,5,"7,13,21,42,100"
cka_strength,regrown_weights,cka_feddst,cifar10,0.7,0.2,16,37188.6,3.0495901363963056,5,5,"7,13,21,42,100"
cka_strength,regrown_weights,cka_feddst,cifar10,0.7,0.2,17,0.0,0.0,5,5,"7,13,21,42,100"
cka_strength,regrown_weights,cka_feddst,cifar10,0.7,0.2,18,37189.0,3.3911649915618294,5,5,"7,13,21,42,100"
cka_strength,regrown_weights,cka_feddst,cifar10,0.7,0.2,19,0.0,0.0,5,5,"7,13,21,42,100"
cka_strength,regrown_weights,cka_feddst,cifar10,0.7,0.2,20,37188.6,3.361547262795296,5,5,"7,13,21,42,100"
cka_strength,regrown_weights,cka_feddst,cifar10,0.7,0.5,1,0.0,0.0,5,5,"7,13,21,42,100"
cka_strength,regrown_weights,cka_feddst,cifar10,0.7,0.5,2,37173.0,16.896745248715803,5,5,"7,13,21,42,100"
cka_strength,regrown_weights,cka_feddst,cifar10,0.7,0.5,3,0.0,0.0,5,5,"7,13,21,42,100"
cka_strength,regrown_weights,cka_feddst,cifar10,0.7,0.5,4,37188.2,3.5637059362420875,5,5,"7,13,21,42,100"
cka_strength,regrown_weights,cka_feddst,cifar10,0.7,0.5,5,0.0,0.0,5,5,"7,13,21,42,100"
cka_strength,regrown_weights,cka_feddst,cifar10,0.7,0.5,6,37188.8,3.2710854467582937,5,5,"7,13,21,42,100"
cka_strength,regrown_weights,cka_feddst,cifar10,0.7,0.5,7,0.0,0.0,5,5,"7,13,21,42,100"
cka_strength,regrown_weights,cka_feddst,cifar10,0.7,0.5,8,37188.4,2.7928480087537393,5,5,"7,13,21,42,100"
cka_strength,regrown_weights,cka_feddst,cifar10,0.7,0.5,9,0.0,0.0,5,5,"7,13,21,42,100"
cka_strength,regrown_weights,cka_feddst,cifar10,0.7,0.5,10,37188.0,2.8284271247453057,5,5,"7,13,21,42,100"
cka_strength,regrown_weights,cka_feddst,cifar10,0.7,0.5,11,0.0,0.0,5,5,"7,13,21,42,100"
cka_strength,regrown_weights,cka_feddst,cifar10,0.7,0.5,12,37188.2,2.9495762407499546,5,5,"7,13,21,42,100"
cka_strength,regrown_weights,cka_feddst,cifar10,0.7,0.5,13,0.0,0.0,5,5,"7,13,21,42,100"
cka_strength,regrown_weights,cka_feddst,cifar10,0.7,0.5,14,37188.4,3.3615472627942817,5,5,"7,13,21,42,100"
cka_strength,regrown_weights,cka_feddst,cifar10,0.7,0.5,15,0.0,0.0,5,5,"7,13,21,42,100"
cka_strength,regrown_weights,cka_feddst,cifar10,0.7,0.5,16,37188.4,2.792848008754635,5,5,"7,13,21,42,100"
cka_strength,regrown_weights,cka_feddst,cifar10,0.7,0.5,17,0.0,0.0,5,5,"7,13,21,42,100"
cka_strength,regrown_weights,cka_feddst,cifar10,0.7,0.5,18,37188.2,3.420526275296789,5,5,"7,13,21,42,100"
cka_strength,regrown_weights,cka_feddst,cifar10,0.7,0.5,19,0.0,0.0,5,5,"7,13,21,42,100"
cka_strength,regrown_weights,cka_feddst,cifar10,0.7,0.5,20,37187.8,3.114482300478436,5,5,"7,13,21,42,100"
cka_strength,regrown_weights,cka_feddst,cifar10,0.7,0.8,1,0.0,0.0,5,5,"7,13,21,42,100"
cka_strength,regrown_weights,cka_feddst,cifar10,0.7,0.8,2,37173.0,16.896745248715803,5,5,"7,13,21,42,100"
cka_strength,regrown_weights,cka_feddst,cifar10,0.7,0.8,3,0.0,0.0,5,5,"7,13,21,42,100"
cka_strength,regrown_weights,cka_feddst,cifar10,0.7,0.8,4,37188.2,3.4205262752976533,5,5,"7,13,21,42,100"
cka_strength,regrown_weights,cka_feddst,cifar10,0.7,0.8,5,0.0,0.0,5,5,"7,13,21,42,100"
cka_strength,regrown_weights,cka_feddst,cifar10,0.7,0.8,6,37189.0,3.3166247903554,5,5,"7,13,21,42,100"
cka_strength,regrown_weights,cka_feddst,cifar10,0.7,0.8,7,0.0,0.0,5,5,"7,13,21,42,100"
cka_strength,regrown_weights,cka_feddst,cifar10,0.7,0.8,8,37188.6,3.361547262795296,5,5,"7,13,21,42,100"
cka_strength,regrown_weights,cka_feddst,cifar10,0.7,0.8,9,0.0,0.0,5,5,"7,13,21,42,100"
cka_strength,regrown_weights,cka_feddst,cifar10,0.7,0.8,10,37188.2,3.4205262752976533,5,5,"7,13,21,42,100"
cka_strength,regrown_weights,cka_feddst,cifar10,0.7,0.8,11,0.0,0.0,5,5,"7,13,21,42,100"
cka_strength,regrown_weights,cka_feddst,cifar10,0.7,0.8,12,37188.2,3.5637059362420875,5,5,"7,13,21,42,100"
cka_strength,regrown_weights,cka_feddst,cifar10,0.7,0.8,13,0.0,0.0,5,5,"7,13,21,42,100"
cka_strength,regrown_weights,cka_feddst,cifar10,0.7,0.8,14,37187.8,3.492849839315156,5,5,"7,13,21,42,100"
cka_strength,regrown_weights,cka_feddst,cifar10,0.7,0.8,15,0.0,0.0,5,5,"7,13,21,42,100"
cka_strength,regrown_weights,cka_feddst,cifar10,0.7,0.8,16,37188.2,3.4928498393148306,5,5,"7,13,21,42,100"
cka_strength,regrown_weights,cka_feddst,cifar10,0.7,0.8,17,0.0,0.0,5,5,"7,13,21,42,100"
cka_strength,regrown_weights,cka_feddst,cifar10,0.7,0.8,18,37188.2,3.492849839313984,5,5,"7,13,21,42,100"
cka_strength,regrown_weights,cka_feddst,cifar10,0.7,0.8,19,0.0,0.0,5,5,"7,13,21,42,100"
cka_strength,regrown_weights,cka_feddst,cifar10,0.7,0.8,20,37188.2,3.492849839313984,5,5,"7,13,21,42,100"
cka_strength,regrown_weights,cka_feddst,cifar10,0.7,0.9,1,0.0,0.0,5,5,"7,13,21,42,100"
cka_strength,regrown_weights,cka_feddst,cifar10,0.7,0.9,2,37173.0,16.896745248715803,5,5,"7,13,21,42,100"
cka_strength,regrown_weights,cka_feddst,cifar10,0.7,0.9,3,0.0,0.0,5,5,"7,13,21,42,100"
cka_strength,regrown_weights,cka_feddst,cifar10,0.7,0.9,4,37188.6,3.361547262795296,5,5,"7,13,21,42,100"
cka_strength,regrown_weights,cka_feddst,cifar10,0.7,0.9,5,0.0,0.0,5,5,"7,13,21,42,100"
cka_strength,regrown_weights,cka_feddst,cifar10,0.7,0.9,6,37188.4,3.209361307175279,5,5,"7,13,21,42,100"
cka_strength,regrown_weights,cka_feddst,cifar10,0.7,0.9,7,0.0,0.0,5,5,"7,13,21,42,100"
cka_strength,regrown_weights,cka_feddst,cifar10,0.7,0.9,8,37188.2,3.193743884533522,5,5,"7,13,21,42,100"
cka_strength,regrown_weights,cka_feddst,cifar10,0.7,0.9,9,0.0,0.0,5,5,"7,13,21,42,100"
cka_strength,regrown_weights,cka_feddst,cifar10,0.7,0.9,10,37188.2,2.9495762407499546,5,5,"7,13,21,42,100"
cka_strength,regrown_weights,cka_feddst,cifar10,0.7,0.9,11,0.0,0.0,5,5,"7,13,21,42,100"
cka_strength,regrown_weights,cka_feddst,cifar10,0.7,0.9,12,37187.8,3.6331804249159636,5,5,"7,13,21,42,100"
cka_strength,regrown_weights,cka_feddst,cifar10,0.7,0.9,13,0.0,0.0,5,5,"7,13,21,42,100"
cka_strength,regrown_weights,cka_feddst,cifar10,0.7,0.9,14,37188.4,4.159326868617871,5,5,"7,13,21,42,100"
cka_strength,regrown_weights,cka_feddst,cifar10,0.7,0.9,15,0.0,0.0,5,5,"7,13,21,42,100"
cka_strength,regrown_weights,cka_feddst,cifar10,0.7,0.9,16,37188.2,3.5637059362420875,5,5,"7,13,21,42,100"
cka_strength,regrown_weights,cka_feddst,cifar10,0.7,0.9,17,0.0,0.0,5,5,"7,13,21,42,100"
cka_strength,regrown_weights,cka_feddst,cifar10,0.7,0.9,18,37188.8,3.6331804249159636,5,5,"7,13,21,42,100"
cka_strength,regrown_weights,cka_feddst,cifar10,0.7,0.9,19,0.0,0.0,5,5,"7,13,21,42,100"
cka_strength,regrown_weights,cka_feddst,cifar10,0.7,0.9,20,37188.4,3.646916505761994,5,5,"7,13,21,42,100"
cka_strength,regrown_weights,cka_feddst,cifar10,0.7,1.0,1,0.0,0.0,5,5,"7,13,21,42,100"
cka_strength,regrown_weights,cka_feddst,cifar10,0.7,1.0,2,37173.0,16.896745248715803,5,5,"7,13,21,42,100"
cka_strength,regrown_weights,cka_feddst,cifar10,0.7,1.0,3,0.0,0.0,5,5,"7,13,21,42,100"
cka_strength,regrown_weights,cka_feddst,cifar10,0.7,1.0,4,37188.2,3.492849839313984,5,5,"7,13,21,42,100"
cka_strength,regrown_weights,cka_feddst,cifar10,0.7,1.0,5,0.0,0.0,5,5,"7,13,21,42,100"
cka_strength,regrown_weights,cka_feddst,cifar10,0.7,1.0,6,37188.8,3.114482300480188,5,5,"7,13,21,42,100"
cka_strength,regrown_weights,cka_feddst,cifar10,0.7,1.0,7,0.0,0.0,5,5,"7,13,21,42,100"
cka_strength,regrown_weights,cka_feddst,cifar10,0.7,1.0,8,37188.4,3.6469165057628667,5,5,"7,13,21,42,100"
cka_strength,regrown_weights,cka_feddst,cifar10,0.7,1.0,9,0.0,0.0,5,5,"7,13,21,42,100"
cka_strength,regrown_weights,cka_feddst,cifar10,0.7,1.0,10,37188.4,3.2093613071761293,5,5,"7,13,21,42,100"
cka_strength,regrown_weights,cka_feddst,cifar10,0.7,1.0,11,0.0,0.0,5,5,"7,13,21,42,100"
cka_strength,regrown_weights,cka_feddst,cifar10,0.7,1.0,12,37188.2,3.420526275296789,5,5,"7,13,21,42,100"
cka_strength,regrown_weights,cka_feddst,cifar10,0.7,1.0,13,0.0,0.0,5,5,"7,13,21,42,100"
cka_strength,regrown_weights,cka_feddst,cifar10,0.7,1.0,14,37188.6,3.361547262795296,5,5,"7,13,21,42,100"
cka_strength,regrown_weights,cka_feddst,cifar10,0.7,1.0,15,0.0,0.0,5,5,"7,13,21,42,100"
cka_strength,regrown_weights,cka_feddst,cifar10,0.7,1.0,16,37188.6,3.361547262795296,5,5,"7,13,21,42,100"
cka_strength,regrown_weights,cka_feddst,cifar10,0.7,1.0,17,0.0,0.0,5,5,"7,13,21,42,100"
cka_strength,regrown_weights,cka_feddst,cifar10,0.7,1.0,18,37188.4,3.6469165057628667,5,5,"7,13,21,42,100"
cka_strength,regrown_weights,cka_feddst,cifar10,0.7,1.0,19,0.0,0.0,5,5,"7,13,21,42,100"
cka_strength,regrown_weights,cka_feddst,cifar10,0.7,1.0,20,37188.6,3.361547262795296,5,5,"7,13,21,42,100"
cka_strength,regrown_weights,cka_feddst,cifar10,0.8,0.2,1,0.0,0.0,5,5,"7,13,21,42,100"
cka_strength,regrown_weights,cka_feddst,cifar10,0.8,0.2,2,24788.4,21.04281350010066,5,5,"7,13,21,42,100"
cka_strength,regrown_weights,cka_feddst,cifar10,0.8,0.2,3,0.0,0.0,5,5,"7,13,21,42,100"
cka_strength,regrown_weights,cka_feddst,cifar10,0.8,0.2,4,24793.4,4.393176527297832,5,5,"7,13,21,42,100"
cka_strength,regrown_weights,cka_feddst,cifar10,0.8,0.2,5,0.0,0.0,5,5,"7,13,21,42,100"
cka_strength,regrown_weights,cka_feddst,cifar10,0.8,0.2,6,24793.4,3.577708764000102,5,5,"7,13,21,42,100"
cka_strength,regrown_weights,cka_feddst,cifar10,0.8,0.2,7,0.0,0.0,5,5,"7,13,21,42,100"
cka_strength,regrown_weights,cka_feddst,cifar10,0.8,0.2,8,24793.8,4.024922359499204,5,5,"7,13,21,42,100"
cka_strength,regrown_weights,cka_feddst,cifar10,0.8,0.2,9,0.0,0.0,5,5,"7,13,21,42,100"
cka_strength,regrown_weights,cka_feddst,cifar10,0.8,0.2,10,24793.2,4.086563348340209,5,5,"7,13,21,42,100"
cka_strength,regrown_weights,cka_feddst,cifar10,0.8,0.2,11,0.0,0.0,5,5,"7,13,21,42,100"
cka_strength,regrown_weights,cka_feddst,cifar10,0.8,0.2,12,24793.2,4.2071367935929365,5,5,"7,13,21,42,100"
cka_strength,regrown_weights,cka_feddst,cifar10,0.8,0.2,13,0.0,0.0,5,5,"7,13,21,42,100"
cka_strength,regrown_weights,cka_feddst,cifar10,0.8,0.2,14,24793.2,4.2071367935929365,5,5,"7,13,21,42,100"
cka_strength,regrown_weights,cka_feddst,cifar10,0.8,0.2,15,0.0,0.0,5,5,"7,13,21,42,100"
cka_strength,regrown_weights,cka_feddst,cifar10,0.8,0.2,16,24793.6,4.393176527297676,5,5,"7,13,21,42,100"
cka_strength,regrown_weights,cka_feddst,cifar10,0.8,0.2,17,0.0,0.0,5,5,"7,13,21,42,100"
cka_strength,regrown_weights,cka_feddst,cifar10,0.8,0.2,18,24793.2,4.2071367935929365,5,5,"7,13,21,42,100"
cka_strength,regrown_weights,cka_feddst,cifar10,0.8,0.2,19,0.0,0.0,5,5,"7,13,21,42,100"
cka_strength,regrown_weights,cka_feddst,cifar10,0.8,0.2,20,24793.4,4.159326868617489,5,5,"7,13,21,42,100"
cka_strength,regrown_weights,cka_feddst,cifar10,0.8,0.5,1,0.0,0.0,5,5,"7,13,21,42,100"
cka_strength,regrown_weights,cka_feddst,cifar10,0.8,0.5,2,24788.4,21.04281350010066,5,5,"7,13,21,42,100"
cka_strength,regrown_weights,cka_feddst,cifar10,0.8,0.5,3,0.0,0.0,5,5,"7,13,21,42,100"
cka_strength,regrown_weights,cka_feddst,cifar10,0.8,0.5,4,24793.2,4.494441010848902,5,5,"7,13,21,42,100"
cka_strength,regrown_weights,cka_feddst,cifar10,0.8,0.5,5,0.0,0.0,5,5,"7,13,21,42,100"
cka_strength,regrown_weights,cka_feddst,cifar10,0.8,0.5,6,24793.2,4.2071367935929365,5,5,"7,13,21,42,100"
cka_strength,regrown_weights,cka_feddst,cifar10,0.8,0.5,7,0.0,0.0,5,5,"7,13,21,42,100"
cka_strength,regrown_weights,cka_feddst,cifar10,0.8,0.5,8,24793.6,4.393176527297676,5,5,"7,13,21,42,100"
cka_strength,regrown_weights,cka_feddst,cifar10,0.8,0.5,9,0.0,0.0,5,5,"7,13,21,42,100"
cka_strength,regrown_weights,cka_feddst,cifar10,0.8,0.5,10,24793.2,4.2071367935929365,5,5,"7,13,21,42,100"
cka_strength,regrown_weights,cka_feddst,cifar10,0.8,0.5,11,0.0,0.0,5,5,"7,13,21,42,100"
cka_strength,regrown_weights,cka_feddst,cifar10,0.8,0.5,12,24793.4,4.505552130427595,5,5,"7,13,21,42,100"
cka_strength,regrown_weights,cka_feddst,cifar10,0.8,0.5,13,0.0,0.0,5,5,"7,13,21,42,100"
cka_strength,regrown_weights,cka_feddst,cifar10,0.8,0.5,14,24793.6,4.037325847636786,5,5,"7,13,21,42,100"
cka_strength,regrown_weights,cka_feddst,cifar10,0.8,0.5,15,0.0,0.0,5,5,"7,13,21,42,100"
cka_strength,regrown_weights,cka_feddst,cifar10,0.8,0.5,16,24793.6,4.335896677736069,5,5,"7,13,21,42,100"
cka_strength,regrown_weights,cka_feddst,cifar10,0.8,0.5,17,0.0,0.0,5,5,"7,13,21,42,100"
cka_strength,regrown_weights,cka_feddst,cifar10,0.8,0.5,18,24793.2,4.2071367935929365,5,5,"7,13,21,42,100"
cka_strength,regrown_weights,cka_feddst,cifar10,0.8,0.5,19,0.0,0.0,5,5,"7,13,21,42,100"
cka_strength,regrown_weights,cka_feddst,cifar10,0.8,0.5,20,24793.8,4.438468204234409,5,5,"7,13,21,42,100"
cka_strength,regrown_weights,cka_feddst,cifar10,0.8,0.8,1,0.0,0.0,5,5,"7,13,21,42,100"
cka_strength,regrown_weights,cka_feddst,cifar10,0.8,0.8,2,24788.4,21.04281350010066,5,5,"7,13,21,42,100"
cka_strength,regrown_weights,cka_feddst,cifar10,0.8,0.8,3,0.0,0.0,5,5,"7,13,21,42,100"
cka_strength,regrown_weights,cka_feddst,cifar10,0.8,0.8,4,24793.2,4.2071367935929365,5,5,"7,13,21,42,100"
cka_strength,regrown_weights,cka_feddst,cifar10,0.8,0.8,5,0.0,0.0,5,5,"7,13,21,42,100"
cka_strength,regrown_weights,cka_feddst,cifar10,0.8,0.8,6,24793.2,4.2071367935929365,5,5,"7,13,21,42,100"
cka_strength,regrown_weights,cka_feddst,cifar10,0.8,0.8,7,0.0,0.0,5,5,"7,13,21,42,100"
cka_strength,regrown_weights,cka_feddst,cifar10,0.8,0.8,8,24793.2,4.868264577855635,5,5,"7,13,21,42,100"
cka_strength,regrown_weights,cka_feddst,cifar10,0.8,0.8,9,0.0,0.0,5,5,"7,13,21,42,100"
cka_strength,regrown_weights,cka_feddst,cifar10,0.8,0.8,10,24793.0,4.582575694955468,5,5,"7,13,21,42,100"
cka_strength,regrown_weights,cka_feddst,cifar10,0.8,0.8,11,0.0,0.0,5,5,"7,13,21,42,100"
cka_strength,regrown_weights,cka_feddst,cifar10,0.8,0.8,12,24793.0,4.301162633521684,5,5,"7,13,21,42,100"
cka_strength,regrown_weights,cka_feddst,cifar10,0.8,0.8,13,0.0,0.0,5,5,"7,13,21,42,100"
cka_strength,regrown_weights,cka_feddst,cifar10,0.8,0.8,14,24793.4,4.219004621946223,5,5,"7,13,21,42,100"
cka_strength,regrown_weights,cka_feddst,cifar10,0.8,0.8,15,0.0,0.0,5,5,"7,13,21,42,100"
cka_strength,regrown_weights,cka_feddst,cifar10,0.8,0.8,16,24793.6,4.393176527297676,5,5,"7,13,21,42,100"
cka_strength,regrown_weights,cka_feddst,cifar10,0.8,0.8,17,0.0,0.0,5,5,"7,13,21,42,100"
cka_strength,regrown_weights,cka_feddst,cifar10,0.8,0.8,18,24793.2,4.2071367935929365,5,5,"7,13,21,42,100"
cka_strength,regrown_weights,cka_feddst,cifar10,0.8,0.8,19,0.0,0.0,5,5,"7,13,21,42,100"
cka_strength,regrown_weights,cka_feddst,cifar10,0.8,0.8,20,24793.8,4.32434966208791,5,5,"7,13,21,42,100"
cka_strength,regrown_weights,cka_feddst,cifar10,0.8,0.9,1,0.0,0.0,5,5,"7,13,21,42,100"
cka_strength,regrown_weights,cka_feddst,cifar10,0.8,0.9,2,24788.4,21.04281350010066,5,5,"7,13,21,42,100"
cka_strength,regrown_weights,cka_feddst,cifar10,0.8,0.9,3,0.0,0.0,5,5,"7,13,21,42,100"
cka_strength,regrown_weights,cka_feddst,cifar10,0.8,0.9,4,24793.0,4.062019202317616,5,5,"7,13,21,42,100"
cka_strength,regrown_weights,cka_feddst,cifar10,0.8,0.9,5,0.0,0.0,5,5,"7,13,21,42,100"
cka_strength,regrown_weights,cka_feddst,cifar10,0.8,0.9,6,24793.8,4.60434577328812,5,5,"7,13,21,42,100"
cka_strength,regrown_weights,cka_feddst,cifar10,0.8,0.9,7,0.0,0.0,5,5,"7,13,21,42,100"
cka_strength,regrown_weights,cka_feddst,cifar10,0.8,0.9,8,24793.2,4.381780460041723,5,5,"7,13,21,42,100"
cka_strength,regrown_weights,cka_feddst,cifar10,0.8,0.9,9,0.0,0.0,5,5,"7,13,21,42,100"
cka_strength,regrown_weights,cka_feddst,cifar10,0.8,0.9,10,24793.2,4.2071367935929365,5,5,"7,13,21,42,100"
cka_strength,regrown_weights,cka_feddst,cifar10,0.8,0.9,11,0.0,0.0,5,5,"7,13,21,42,100"
cka_strength,regrown_weights,cka_feddst,cifar10,0.8,0.9,12,24793.4,4.219004621946223,5,5,"7,13,21,42,100"
cka_strength,regrown_weights,cka_feddst,cifar10,0.8,0.9,13,0.0,0.0,5,5,"7,13,21,42,100"
cka_strength,regrown_weights,cka_feddst,cifar10,0.8,0.9,14,24793.6,5.029910535983644,5,5,"7,13,21,42,100"
cka_strength,regrown_weights,cka_feddst,cifar10,0.8,0.9,15,0.0,0.0,5,5,"7,13,21,42,100"
cka_strength,regrown_weights,cka_feddst,cifar10,0.8,0.9,16,24793.6,4.449719092257367,5,5,"7,13,21,42,100"
cka_strength,regrown_weights,cka_feddst,cifar10,0.8,0.9,17,0.0,0.0,5,5,"7,13,21,42,100"
cka_strength,regrown_weights,cka_feddst,cifar10,0.8,0.9,18,24793.2,4.2071367935929365,5,5,"7,13,21,42,100"
cka_strength,regrown_weights,cka_feddst,cifar10,0.8,0.9,19,0.0,0.0,5,5,"7,13,21,42,100"
cka_strength,regrown_weights,cka_feddst,cifar10,0.8,0.9,20,24794.0,4.242640687119687,5,5,"7,13,21,42,100"
cka_strength,regrown_weights,cka_feddst,cifar10,0.8,1.0,1,0.0,0.0,5,5,"7,13,21,42,100"
cka_strength,regrown_weights,cka_feddst,cifar10,0.8,1.0,2,24788.4,21.04281350010066,5,5,"7,13,21,42,100"
cka_strength,regrown_weights,cka_feddst,cifar10,0.8,1.0,3,0.0,0.0,5,5,"7,13,21,42,100"
cka_strength,regrown_weights,cka_feddst,cifar10,0.8,1.0,4,24793.4,4.219004621946223,5,5,"7,13,21,42,100"
cka_strength,regrown_weights,cka_feddst,cifar10,0.8,1.0,5,0.0,0.0,5,5,"7,13,21,42,100"
cka_strength,regrown_weights,cka_feddst,cifar10,0.8,1.0,6,24793.2,4.2071367935929365,5,5,"7,13,21,42,100"
cka_strength,regrown_weights,cka_feddst,cifar10,0.8,1.0,7,0.0,0.0,5,5,"7,13,21,42,100"
cka_strength,regrown_weights,cka_feddst,cifar10,0.8,1.0,8,24793.2,4.02492235949926,5,5,"7,13,21,42,100"
cka_strength,regrown_weights,cka_feddst,cifar10,0.8,1.0,9,0.0,0.0,5,5,"7,13,21,42,100"
cka_strength,regrown_weights,cka_feddst,cifar10,0.8,1.0,10,24793.2,4.02492235949926,5,5,"7,13,21,42,100"
cka_strength,regrown_weights,cka_feddst,cifar10,0.8,1.0,11,0.0,0.0,5,5,"7,13,21,42,100"
cka_strength,regrown_weights,cka_feddst,cifar10,0.8,1.0,12,24793.8,4.024922359499204,5,5,"7,13,21,42,100"
cka_strength,regrown_weights,cka_feddst,cifar10,0.8,1.0,13,0.0,0.0,5,5,"7,13,21,42,100"
cka_strength,regrown_weights,cka_feddst,cifar10,0.8,1.0,14,24793.2,4.2071367935929365,5,5,"7,13,21,42,100"
cka_strength,regrown_weights,cka_feddst,cifar10,0.8,1.0,15,0.0,0.0,5,5,"7,13,21,42,100"
cka_strength,regrown_weights,cka_feddst,cifar10,0.8,1.0,16,24793.6,4.449719092257367,5,5,"7,13,21,42,100"
cka_strength,regrown_weights,cka_feddst,cifar10,0.8,1.0,17,0.0,0.0,5,5,"7,13,21,42,100"
cka_strength,regrown_weights,cka_feddst,cifar10,0.8,1.0,18,24793.6,4.449719092257367,5,5,"7,13,21,42,100"
cka_strength,regrown_weights,cka_feddst,cifar10,0.8,1.0,19,0.0,0.0,5,5,"7,13,21,42,100"
cka_strength,regrown_weights,cka_feddst,cifar10,0.8,1.0,20,24794.2,4.2071367935929365,5,5,"7,13,21,42,100"
cka_strength,regrown_weights,cka_feddst,cifar10,0.9,0.2,1,0.0,0.0,5,5,"7,13,21,42,100"
cka_strength,regrown_weights,cka_feddst,cifar10,0.9,0.2,2,12385.6,10.644247272588188,5,5,"7,13,21,42,100"
cka_strength,regrown_weights,cka_feddst,cifar10,0.9,0.2,3,0.0,0.0,5,5,"7,13,21,42,100"
cka_strength,regrown_weights,cka_feddst,cifar10,0.9,0.2,4,12394.6,1.8165902124584825,5,5,"7,13,21,42,100"
cka_strength,regrown_weights,cka_feddst,cifar10,0.9,0.2,5,0.0,0.0,5,5,"7,13,21,42,100"
cka_strength,regrown_weights,cka_feddst,cifar10,0.9,0.2,6,12395.0,2.12132034355975,5,5,"7,13,21,42,100"
cka_strength,regrown_weights,cka_feddst,cifar10,0.9,0.2,7,0.0,0.0,5,5,"7,13,21,42,100"
cka_strength,regrown_weights,cka_feddst,cifar10,0.9,0.2,8,12394.6,2.3021728866442577,5,5,"7,13,21,42,100"
cka_strength,regrown_weights,cka_feddst,cifar10,0.9,0.2,9,0.0,0.0,5,5,"7,13,21,42,100"
cka_strength,regrown_weights,cka_feddst,cifar10,0.9,0.2,10,12395.2,2.3874672772628167,5,5,"7,13,21,42,100"
cka_strength,regrown_weights,cka_feddst,cifar10,0.9,0.2,11,0.0,0.0,5,5,"7,13,21,42,100"
cka_strength,regrown_weights,cka_feddst,cifar10,0.9,0.2,12,12394.8,2.1679483388677854,5,5,"7,13,21,42,100"
cka_strength,regrown_weights,cka_feddst,cifar10,0.9,0.2,13,0.0,0.0,5,5,"7,13,21,42,100"
cka_strength,regrown_weights,cka_feddst,cifar10,0.9,0.2,14,12394.6,1.8165902124584825,5,5,"7,13,21,42,100"
cka_strength,regrown_weights,cka_feddst,cifar10,0.9,0.2,15,0.0,0.0,5,5,"7,13,21,42,100"
cka_strength,regrown_weights,cka_feddst,cifar10,0.9,0.2,16,12394.6,2.4083189157584024,5,5,"7,13,21,42,100"
cka_strength,regrown_weights,cka_feddst,cifar10,0.9,0.2,17,0.0,0.0,5,5,"7,13,21,42,100"
cka_strength,regrown_weights,cka_feddst,cifar10,0.9,0.2,18,12394.8,2.0493901531919585,5,5,"7,13,21,42,100"
cka_strength,regrown_weights,cka_feddst,cifar10,0.9,0.2,19,0.0,0.0,5,5,"7,13,21,42,100"
cka_strength,regrown_weights,cka_feddst,cifar10,0.9,0.2,20,12394.2,1.9235384061673235,5,5,"7,13,21,42,100"
cka_strength,regrown_weights,cka_feddst,cifar10,0.9,0.5,1,0.0,0.0,5,5,"7,13,21,42,100"
cka_strength,regrown_weights,cka_feddst,cifar10,0.9,0.5,2,12385.6,10.644247272588188,5,5,"7,13,21,42,100"
cka_strength,regrown_weights,cka_feddst,cifar10,0.9,0.5,3,0.0,0.0,5,5,"7,13,21,42,100"
cka_strength,regrown_weights,cka_feddst,cifar10,0.9,0.5,4,12394.8,2.1679483388677854,5,5,"7,13,21,42,100"
cka_strength,regrown_weights,cka_feddst,cifar10,0.9,0.5,5,0.0,0.0,5,5,"7,13,21,42,100"
cka_strength,regrown_weights,cka_feddst,cifar10,0.9,0.5,6,12395.2,2.3874672772626977,5,5,"7,13,21,42,100"
cka_strength,regrown_weights,cka_feddst,cifar10,0.9,0.5,7,0.0,0.0,5,5,"7,13,21,42,100"
cka_strength,regrown_weights,cka_feddst,cifar10,0.9,0.5,8,12394.8,2.1679483388677854,5,5,"7,13,21,42,100"
cka_strength,regrown_weights,cka_feddst,cifar10,0.9,0.5,9,0.0,0.0,5,5,"7,13,21,42,100"
cka_strength,regrown_weights,cka_feddst,cifar10,0.9,0.5,10,12394.8,2.1679483388677854,5,5,"7,13,21,42,100"
cka_strength,regrown_weights,cka_feddst,cifar10,0.9,0.5,11,0.0,0.0,5,5,"7,13,21,42,100"
cka_strength,regrown_weights,cka_feddst,cifar10,0.9,0.5,12,12394.2,2.167948338867943,5,5,"7,13,21,42,100"
cka_strength,regrown_weights,cka_feddst,cifar10,0.9,0.5,13,0.0,0.0,5,5,"7,13,21,42,100"
cka_strength,regrown_weights,cka_feddst,cifar10,0.9,0.5,14,12394.6,1.8165902124584825,5,5,"7,13,21,42,100"
cka_strength,regrown_weights,cka_feddst,cifar10,0.9,0.5,15,0.0,0.0,5,5,"7,13,21,42,100"
cka_strength,regrown_weights,cka_feddst,cifar10,0.9,0.5,16,12395.2,1.9235384061671759,5,5,"7,13,21,42,100"
cka_strength,regrown_weights,cka_feddst,cifar10,0.9,0.5,17,0.0,0.0,5,5,"7,13,21,42,100"
cka_strength,regrown_weights,cka_feddst,cifar10,0.9,0.5,18,12394.8,2.1679483388677854,5,5,"7,13,21,42,100"
cka_strength,regrown_weights,cka_feddst,cifar10,0.9,0.5,19,0.0,0.0,5,5,"7,13,21,42,100"
cka_strength,regrown_weights,cka_feddst,cifar10,0.9,0.5,20,12395.2,2.1679483388680216,5,5,"7,13,21,42,100"
cka_strength,regrown_weights,cka_feddst,cifar10,0.9,0.8,1,0.0,0.0,5,5,"7,13,21,42,100"
cka_strength,regrown_weights,cka_feddst,cifar10,0.9,0.8,2,12385.6,10.644247272588188,5,5,"7,13,21,42,100"
cka_strength,regrown_weights,cka_feddst,cifar10,0.9,0.8,3,0.0,0.0,5,5,"7,13,21,42,100"
cka_strength,regrown_weights,cka_feddst,cifar10,0.9,0.8,4,12394.8,2.1679483388677854,5,5,"7,13,21,42,100"
cka_strength,regrown_weights,cka_feddst,cifar10,0.9,0.8,5,0.0,0.0,5,5,"7,13,21,42,100"
cka_strength,regrown_weights,cka_feddst,cifar10,0.9,0.8,6,12394.8,2.1679483388677854,5,5,"7,13,21,42,100"
cka_strength,regrown_weights,cka_feddst,cifar10,0.9,0.8,7,0.0,0.0,5,5,"7,13,21,42,100"
cka_strength,regrown_weights,cka_feddst,cifar10,0.9,0.8,8,12394.8,2.1679483388677854,5,5,"7,13,21,42,100"
cka_strength,regrown_weights,cka_feddst,cifar10,0.9,0.8,9,0.0,0.0,5,5,"7,13,21,42,100"
cka_strength,regrown_weights,cka_feddst,cifar10,0.9,0.8,10,12394.6,2.4083189157585205,5,5,"7,13,21,42,100"
cka_strength,regrown_weights,cka_feddst,cifar10,0.9,0.8,11,0.0,0.0,5,5,"7,13,21,42,100"
cka_strength,regrown_weights,cka_feddst,cifar10,0.9,0.8,12,12395.0,2.0,5,5,"7,13,21,42,100"
cka_strength,regrown_weights,cka_feddst,cifar10,0.9,0.8,13,0.0,0.0,5,5,"7,13,21,42,100"
cka_strength,regrown_weights,cka_feddst,cifar10,0.9,0.8,14,12395.2,2.4899799195977326,5,5,"7,13,21,42,100"
cka_strength,regrown_weights,cka_feddst,cifar10,0.9,0.8,15,0.0,0.0,5,5,"7,13,21,42,100"
cka_strength,regrown_weights,cka_feddst,cifar10,0.9,0.8,16,12394.6,2.073644135332816,5,5,"7,13,21,42,100"
cka_strength,regrown_weights,cka_feddst,cifar10,0.9,0.8,17,0.0,0.0,5,5,"7,13,21,42,100"
cka_strength,regrown_weights,cka_feddst,cifar10,0.9,0.8,18,12394.6,2.3021728866442577,5,5,"7,13,21,42,100"
cka_strength,regrown_weights,cka_feddst,cifar10,0.9,0.8,19,0.0,0.0,5,5,"7,13,21,42,100"
cka_strength,regrown_weights,cka_feddst,cifar10,0.9,0.8,20,12394.8,2.1679483388677854,5,5,"7,13,21,42,100"
cka_strength,regrown_weights,cka_feddst,cifar10,0.9,0.9,1,0.0,0.0,5,5,"7,13,21,42,100"
cka_strength,regrown_weights,cka_feddst,cifar10,0.9,0.9,2,12385.6,10.644247272588188,5,5,"7,13,21,42,100"
cka_strength,regrown_weights,cka_feddst,cifar10,0.9,0.9,3,0.0,0.0,5,5,"7,13,21,42,100"
cka_strength,regrown_weights,cka_feddst,cifar10,0.9,0.9,4,12394.6,1.8165902124584825,5,5,"7,13,21,42,100"
cka_strength,regrown_weights,cka_feddst,cifar10,0.9,0.9,5,0.0,0.0,5,5,"7,13,21,42,100"
cka_strength,regrown_weights,cka_feddst,cifar10,0.9,0.9,6,12394.6,2.4083189157584024,5,5,"7,13,21,42,100"
cka_strength,regrown_weights,cka_feddst,cifar10,0.9,0.9,7,0.0,0.0,5,5,"7,13,21,42,100"
cka_strength,regrown_weights,cka_feddst,cifar10,0.9,0.9,8,12395.0,2.000000000000057,5,5,"7,13,21,42,100"
cka_strength,regrown_weights,cka_feddst,cifar10,0.9,0.9,9,0.0,0.0,5,5,"7,13,21,42,100"
cka_strength,regrown_weights,cka_feddst,cifar10,0.9,0.9,10,12394.6,2.3021728866442577,5,5,"7,13,21,42,100"
cka_strength,regrown_weights,cka_feddst,cifar10,0.9,0.9,11,0.0,0.0,5,5,"7,13,21,42,100"
cka_strength,regrown_weights,cka_feddst,cifar10,0.9,0.9,12,12395.0,2.000000000000057,5,5,"7,13,21,42,100"
cka_strength,regrown_weights,cka_feddst,cifar10,0.9,0.9,13,0.0,0.0,5,5,"7,13,21,42,100"
cka_strength,regrown_weights,cka_feddst,cifar10,0.9,0.9,14,12395.0,2.345207879911715,5,5,"7,13,21,42,100"
cka_strength,regrown_weights,cka_feddst,cifar10,0.9,0.9,15,0.0,0.0,5,5,"7,13,21,42,100"
cka_strength,regrown_weights,cka_feddst,cifar10,0.9,0.9,16,12395.0,2.0,5,5,"7,13,21,42,100"
cka_strength,regrown_weights,cka_feddst,cifar10,0.9,0.9,17,0.0,0.0,5,5,"7,13,21,42,100"
cka_strength,regrown_weights,cka_feddst,cifar10,0.9,0.9,18,12394.8,2.1679483388677854,5,5,"7,13,21,42,100"
cka_strength,regrown_weights,cka_feddst,cifar10,0.9,0.9,19,0.0,0.0,5,5,"7,13,21,42,100"
cka_strength,regrown_weights,cka_feddst,cifar10,0.9,0.9,20,12394.8,2.1679483388677854,5,5,"7,13,21,42,100"
cka_strength,regrown_weights,cka_feddst,cifar10,0.9,1.0,1,0.0,0.0,5,5,"7,13,21,42,100"
cka_strength,regrown_weights,cka_feddst,cifar10,0.9,1.0,2,12385.6,10.644247272588188,5,5,"7,13,21,42,100"
cka_strength,regrown_weights,cka_feddst,cifar10,0.9,1.0,3,0.0,0.0,5,5,"7,13,21,42,100"
cka_strength,regrown_weights,cka_feddst,cifar10,0.9,1.0,4,12395.0,2.5495097567963922,5,5,"7,13,21,42,100"
cka_strength,regrown_weights,cka_feddst,cifar10,0.9,1.0,5,0.0,0.0,5,5,"7,13,21,42,100"
cka_strength,regrown_weights,cka_feddst,cifar10,0.9,1.0,6,12395.0,2.345207879911715,5,5,"7,13,21,42,100"
cka_strength,regrown_weights,cka_feddst,cifar10,0.9,1.0,7,0.0,0.0,5,5,"7,13,21,42,100"
cka_strength,regrown_weights,cka_feddst,cifar10,0.9,1.0,8,12394.8,2.1679483388677854,5,5,"7,13,21,42,100"
cka_strength,regrown_weights,cka_feddst,cifar10,0.9,1.0,9,0.0,0.0,5,5,"7,13,21,42,100"
cka_strength,regrown_weights,cka_feddst,cifar10,0.9,1.0,10,12395.2,2.4899799195977326,5,5,"7,13,21,42,100"
cka_strength,regrown_weights,cka_feddst,cifar10,0.9,1.0,11,0.0,0.0,5,5,"7,13,21,42,100"
cka_strength,regrown_weights,cka_feddst,cifar10,0.9,1.0,12,12395.2,2.2803508501984604,5,5,"7,13,21,42,100"
cka_strength,regrown_weights,cka_feddst,cifar10,0.9,1.0,13,0.0,0.0,5,5,"7,13,21,42,100"
cka_strength,regrown_weights,cka_feddst,cifar10,0.9,1.0,14,12394.8,1.9235384061671168,5,5,"7,13,21,42,100"
cka_strength,regrown_weights,cka_feddst,cifar10,0.9,1.0,15,0.0,0.0,5,5,"7,13,21,42,100"
cka_strength,regrown_weights,cka_feddst,cifar10,0.9,1.0,16,12395.0,2.345207879911715,5,5,"7,13,21,42,100"
cka_strength,regrown_weights,cka_feddst,cifar10,0.9,1.0,17,0.0,0.0,5,5,"7,13,21,42,100"
cka_strength,regrown_weights,cka_feddst,cifar10,0.9,1.0,18,12394.6,2.3021728866442577,5,5,"7,13,21,42,100"
cka_strength,regrown_weights,cka_feddst,cifar10,0.9,1.0,19,0.0,0.0,5,5,"7,13,21,42,100"
cka_strength,regrown_weights,cka_feddst,cifar10,0.9,1.0,20,12395.2,2.6832815729999044,5,5,"7,13,21,42,100"
cka_strength,regrown_weights,cka_feddst,cifar10,0.95,0.2,1,0.0,0.0,5,5,"7,13,21,42,100"
cka_strength,regrown_weights,cka_feddst,cifar10,0.95,0.2,2,6191.8,11.649034294738865,5,5,"7,13,21,42,100"
cka_strength,regrown_weights,cka_feddst,cifar10,0.95,0.2,3,0.0,0.0,5,5,"7,13,21,42,100"
cka_strength,regrown_weights,cka_feddst,cifar10,0.95,0.2,4,6196.6,2.302172886644406,5,5,"7,13,21,42,100"
cka_strength,regrown_weights,cka_feddst,cifar10,0.95,0.2,5,0.0,0.0,5,5,"7,13,21,42,100"
cka_strength,regrown_weights,cka_feddst,cifar10,0.95,0.2,6,6196.6,2.302172886644406,5,5,"7,13,21,42,100"
cka_strength,regrown_weights,cka_feddst,cifar10,0.95,0.2,7,0.0,0.0,5,5,"7,13,21,42,100"
cka_strength,regrown_weights,cka_feddst,cifar10,0.95,0.2,8,6196.6,2.302172886644406,5,5,"7,13,21,42,100"
cka_strength,regrown_weights,cka_feddst,cifar10,0.95,0.2,9,0.0,0.0,5,5,"7,13,21,42,100"
cka_strength,regrown_weights,cka_feddst,cifar10,0.95,0.2,10,6196.6,2.302172886644406,5,5,"7,13,21,42,100"
cka_strength,regrown_weights,cka_feddst,cifar10,0.95,0.2,11,0.0,0.0,5,5,"7,13,21,42,100"
cka_strength,regrown_weights,cka_feddst,cifar10,0.95,0.2,12,6196.6,2.302172886644406,5,5,"7,13,21,42,100"
cka_strength,regrown_weights,cka_feddst,cifar10,0.95,0.2,13,0.0,0.0,5,5,"7,13,21,42,100"
cka_strength,regrown_weights,cka_feddst,cifar10,0.95,0.2,14,6196.6,2.302172886644406,5,5,"7,13,21,42,100"
cka_strength,regrown_weights,cka_feddst,cifar10,0.95,0.2,15,0.0,0.0,5,5,"7,13,21,42,100"
cka_strength,regrown_weights,cka_feddst,cifar10,0.95,0.2,16,6196.6,2.302172886644406,5,5,"7,13,21,42,100"
cka_strength,regrown_weights,cka_feddst,cifar10,0.95,0.2,17,0.0,0.0,5,5,"7,13,21,42,100"
cka_strength,regrown_weights,cka_feddst,cifar10,0.95,0.2,18,6196.6,2.302172886644406,5,5,"7,13,21,42,100"
cka_strength,regrown_weights,cka_feddst,cifar10,0.95,0.2,19,0.0,0.0,5,5,"7,13,21,42,100"
cka_strength,regrown_weights,cka_feddst,cifar10,0.95,0.2,20,6196.6,2.302172886644406,5,5,"7,13,21,42,100"
cka_strength,regrown_weights,cka_feddst,cifar10,0.95,0.5,1,0.0,0.0,5,5,"7,13,21,42,100"
cka_strength,regrown_weights,cka_feddst,cifar10,0.95,0.5,2,6191.8,11.649034294738865,5,5,"7,13,21,42,100"
cka_strength,regrown_weights,cka_feddst,cifar10,0.95,0.5,3,0.0,0.0,5,5,"7,13,21,42,100"
cka_strength,regrown_weights,cka_feddst,cifar10,0.95,0.5,4,6196.6,2.302172886644406,5,5,"7,13,21,42,100"
cka_strength,regrown_weights,cka_feddst,cifar10,0.95,0.5,5,0.0,0.0,5,5,"7,13,21,42,100"
cka_strength,regrown_weights,cka_feddst,cifar10,0.95,0.5,6,6196.6,2.302172886644406,5,5,"7,13,21,42,100"
cka_strength,regrown_weights,cka_feddst,cifar10,0.95,0.5,7,0.0,0.0,5,5,"7,13,21,42,100"
cka_strength,regrown_weights,cka_feddst,cifar10,0.95,0.5,8,6196.6,2.302172886644406,5,5,"7,13,21,42,100"
cka_strength,regrown_weights,cka_feddst,cifar10,0.95,0.5,9,0.0,0.0,5,5,"7,13,21,42,100"
cka_strength,regrown_weights,cka_feddst,cifar10,0.95,0.5,10,6196.6,2.302172886644406,5,5,"7,13,21,42,100"
cka_strength,regrown_weights,cka_feddst,cifar10,0.95,0.5,11,0.0,0.0,5,5,"7,13,21,42,100"
cka_strength,regrown_weights,cka_feddst,cifar10,0.95,0.5,12,6196.6,2.302172886644406,5,5,"7,13,21,42,100"
cka_strength,regrown_weights,cka_feddst,cifar10,0.95,0.5,13,0.0,0.0,5,5,"7,13,21,42,100"
cka_strength,regrown_weights,cka_feddst,cifar10,0.95,0.5,14,6196.6,2.302172886644406,5,5,"7,13,21,42,100"
cka_strength,regrown_weights,cka_feddst,cifar10,0.95,0.5,15,0.0,0.0,5,5,"7,13,21,42,100"
cka_strength,regrown_weights,cka_feddst,cifar10,0.95,0.5,16,6196.6,2.302172886644406,5,5,"7,13,21,42,100"
cka_strength,regrown_weights,cka_feddst,cifar10,0.95,0.5,17,0.0,0.0,5,5,"7,13,21,42,100"
cka_strength,regrown_weights,cka_feddst,cifar10,0.95,0.5,18,6196.6,2.302172886644406,5,5,"7,13,21,42,100"
cka_strength,regrown_weights,cka_feddst,cifar10,0.95,0.5,19,0.0,0.0,5,5,"7,13,21,42,100"
cka_strength,regrown_weights,cka_feddst,cifar10,0.95,0.5,20,6196.6,2.302172886644406,5,5,"7,13,21,42,100"
cka_strength,regrown_weights,cka_feddst,cifar10,0.95,0.8,1,0.0,0.0,5,5,"7,13,21,42,100"
cka_strength,regrown_weights,cka_feddst,cifar10,0.95,0.8,2,6191.8,11.649034294738865,5,5,"7,13,21,42,100"
cka_strength,regrown_weights,cka_feddst,cifar10,0.95,0.8,3,0.0,0.0,5,5,"7,13,21,42,100"
cka_strength,regrown_weights,cka_feddst,cifar10,0.95,0.8,4,6196.6,2.302172886644406,5,5,"7,13,21,42,100"
cka_strength,regrown_weights,cka_feddst,cifar10,0.95,0.8,5,0.0,0.0,5,5,"7,13,21,42,100"
cka_strength,regrown_weights,cka_feddst,cifar10,0.95,0.8,6,6196.6,2.302172886644406,5,5,"7,13,21,42,100"
cka_strength,regrown_weights,cka_feddst,cifar10,0.95,0.8,7,0.0,0.0,5,5,"7,13,21,42,100"
cka_strength,regrown_weights,cka_feddst,cifar10,0.95,0.8,8,6196.6,2.302172886644406,5,5,"7,13,21,42,100"
cka_strength,regrown_weights,cka_feddst,cifar10,0.95,0.8,9,0.0,0.0,5,5,"7,13,21,42,100"
cka_strength,regrown_weights,cka_feddst,cifar10,0.95,0.8,10,6196.6,2.302172886644406,5,5,"7,13,21,42,100"
cka_strength,regrown_weights,cka_feddst,cifar10,0.95,0.8,11,0.0,0.0,5,5,"7,13,21,42,100"
cka_strength,regrown_weights,cka_feddst,cifar10,0.95,0.8,12,6196.6,2.302172886644406,5,5,"7,13,21,42,100"
cka_strength,regrown_weights,cka_feddst,cifar10,0.95,0.8,13,0.0,0.0,5,5,"7,13,21,42,100"
cka_strength,regrown_weights,cka_feddst,cifar10,0.95,0.8,14,6196.6,2.302172886644406,5,5,"7,13,21,42,100"
cka_strength,regrown_weights,cka_feddst,cifar10,0.95,0.8,15,0.0,0.0,5,5,"7,13,21,42,100"
cka_strength,regrown_weights,cka_feddst,cifar10,0.95,0.8,16,6196.6,2.302172886644406,5,5,"7,13,21,42,100"
cka_strength,regrown_weights,cka_feddst,cifar10,0.95,0.8,17,0.0,0.0,5,5,"7,13,21,42,100"
cka_strength,regrown_weights,cka_feddst,cifar10,0.95,0.8,18,6196.6,2.302172886644406,5,5,"7,13,21,42,100"
cka_strength,regrown_weights,cka_feddst,cifar10,0.95,0.8,19,0.0,0.0,5,5,"7,13,21,42,100"
cka_strength,regrown_weights,cka_feddst,cifar10,0.95,0.8,20,6196.6,2.302172886644406,5,5,"7,13,21,42,100"
cka_strength,regrown_weights,cka_feddst,cifar10,0.95,0.9,1,0.0,0.0,5,5,"7,13,21,42,100"
cka_strength,regrown_weights,cka_feddst,cifar10,0.95,0.9,2,6191.8,11.649034294738865,5,5,"7,13,21,42,100"
cka_strength,regrown_weights,cka_feddst,cifar10,0.95,0.9,3,0.0,0.0,5,5,"7,13,21,42,100"
cka_strength,regrown_weights,cka_feddst,cifar10,0.95,0.9,4,6196.6,2.302172886644406,5,5,"7,13,21,42,100"
cka_strength,regrown_weights,cka_feddst,cifar10,0.95,0.9,5,0.0,0.0,5,5,"7,13,21,42,100"
cka_strength,regrown_weights,cka_feddst,cifar10,0.95,0.9,6,6196.6,2.302172886644406,5,5,"7,13,21,42,100"
cka_strength,regrown_weights,cka_feddst,cifar10,0.95,0.9,7,0.0,0.0,5,5,"7,13,21,42,100"
cka_strength,regrown_weights,cka_feddst,cifar10,0.95,0.9,8,6196.6,2.302172886644406,5,5,"7,13,21,42,100"
cka_strength,regrown_weights,cka_feddst,cifar10,0.95,0.9,9,0.0,0.0,5,5,"7,13,21,42,100"
cka_strength,regrown_weights,cka_feddst,cifar10,0.95,0.9,10,6196.6,2.302172886644406,5,5,"7,13,21,42,100"
cka_strength,regrown_weights,cka_feddst,cifar10,0.95,0.9,11,0.0,0.0,5,5,"7,13,21,42,100"
cka_strength,regrown_weights,cka_feddst,cifar10,0.95,0.9,12,6196.6,2.302172886644406,5,5,"7,13,21,42,100"
cka_strength,regrown_weights,cka_feddst,cifar10,0.95,0.9,13,0.0,0.0,5,5,"7,13,21,42,100"
cka_strength,regrown_weights,cka_feddst,cifar10,0.95,0.9,14,6196.6,2.302172886644406,5,5,"7,13,21,42,100"
cka_strength,regrown_weights,cka_feddst,cifar10,0.95,0.9,15,0.0,0.0,5,5,"7,13,21,42,100"
cka_strength,regrown_weights,cka_feddst,cifar10,0.95,0.9,16,6196.6,2.302172886644406,5,5,"7,13,21,42,100"
cka_strength,regrown_weights,cka_feddst,cifar10,0.95,0.9,17,0.0,0.0,5,5,"7,13,21,42,100"
cka_strength,regrown_weights,cka_feddst,cifar10,0.95,0.9,18,6196.6,2.302172886644406,5,5,"7,13,21,42,100"
cka_strength,regrown_weights,cka_feddst,cifar10,0.95,0.9,19,0.0,0.0,5,5,"7,13,21,42,100"
cka_strength,regrown_weights,cka_feddst,cifar10,0.95,0.9,20,6196.6,2.302172886644406,5,5,"7,13,21,42,100"
cka_strength,regrown_weights,cka_feddst,cifar10,0.95,1.0,1,0.0,0.0,5,5,"7,13,21,42,100"
cka_strength,regrown_weights,cka_feddst,cifar10,0.95,1.0,2,6191.8,11.649034294738865,5,5,"7,13,21,42,100"
cka_strength,regrown_weights,cka_feddst,cifar10,0.95,1.0,3,0.0,0.0,5,5,"7,13,21,42,100"
cka_strength,regrown_weights,cka_feddst,cifar10,0.95,1.0,4,6196.6,2.302172886644406,5,5,"7,13,21,42,100"
cka_strength,regrown_weights,cka_feddst,cifar10,0.95,1.0,5,0.0,0.0,5,5,"7,13,21,42,100"
cka_strength,regrown_weights,cka_feddst,cifar10,0.95,1.0,6,6196.6,2.302172886644406,5,5,"7,13,21,42,100"
cka_strength,regrown_weights,cka_feddst,cifar10,0.95,1.0,7,0.0,0.0,5,5,"7,13,21,42,100"
cka_strength,regrown_weights,cka_feddst,cifar10,0.95,1.0,8,6196.6,2.302172886644406,5,5,"7,13,21,42,100"
cka_strength,regrown_weights,cka_feddst,cifar10,0.95,1.0,9,0.0,0.0,5,5,"7,13,21,42,100"
cka_strength,regrown_weights,cka_feddst,cifar10,0.95,1.0,10,6196.6,2.302172886644406,5,5,"7,13,21,42,100"
cka_strength,regrown_weights,cka_feddst,cifar10,0.95,1.0,11,0.0,0.0,5,5,"7,13,21,42,100"
cka_strength,regrown_weights,cka_feddst,cifar10,0.95,1.0,12,6196.6,2.302172886644406,5,5,"7,13,21,42,100"
cka_strength,regrown_weights,cka_feddst,cifar10,0.95,1.0,13,0.0,0.0,5,5,"7,13,21,42,100"
cka_strength,regrown_weights,cka_feddst,cifar10,0.95,1.0,14,6196.6,2.302172886644406,5,5,"7,13,21,42,100"
cka_strength,regrown_weights,cka_feddst,cifar10,0.95,1.0,15,0.0,0.0,5,5,"7,13,21,42,100"
cka_strength,regrown_weights,cka_feddst,cifar10,0.95,1.0,16,6196.6,2.302172886644406,5,5,"7,13,21,42,100"
cka_strength,regrown_weights,cka_feddst,cifar10,0.95,1.0,17,0.0,0.0,5,5,"7,13,21,42,100"
cka_strength,regrown_weights,cka_feddst,cifar10,0.95,1.0,18,6196.6,2.302172886644406,5,5,"7,13,21,42,100"
cka_strength,regrown_weights,cka_feddst,cifar10,0.95,1.0,19,0.0,0.0,5,5,"7,13,21,42,100"
cka_strength,regrown_weights,cka_feddst,cifar10,0.95,1.0,20,6196.6,2.302172886644406,5,5,"7,13,21,42,100"
cka_strength,mask_changes,cka_feddst,cifar10,0.5,0.2,1,0.0,0.0,5,5,"7,13,21,42,100"
cka_strength,mask_changes,cka_feddst,cifar10,0.5,0.2,2,123946.6,23.469128658727485,5,5,"7,13,21,42,100"
cka_strength,mask_changes,cka_feddst,cifar10,0.5,0.2,3,0.0,0.0,5,5,"7,13,21,42,100"
cka_strength,mask_changes,cka_feddst,cifar10,0.5,0.2,4,123962.8,9.65401470891589,5,5,"7,13,21,42,100"
cka_strength,mask_changes,cka_feddst,cifar10,0.5,0.2,5,0.0,0.0,5,5,"7,13,21,42,100"
cka_strength,mask_changes,cka_feddst,cifar10,0.5,0.2,6,123962.8,9.65401470891589,5,5,"7,13,21,42,100"
cka_strength,mask_changes,cka_feddst,cifar10,0.5,0.2,7,0.0,0.0,5,5,"7,13,21,42,100"
cka_strength,mask_changes,cka_feddst,cifar10,0.5,0.2,8,123962.8,9.65401470891589,5,5,"7,13,21,42,100"
cka_strength,mask_changes,cka_feddst,cifar10,0.5,0.2,9,0.0,0.0,5,5,"7,13,21,42,100"
cka_strength,mask_changes,cka_feddst,cifar10,0.5,0.2,10,123962.8,9.65401470891589,5,5,"7,13,21,42,100"
cka_strength,mask_changes,cka_feddst,cifar10,0.5,0.2,11,0.0,0.0,5,5,"7,13,21,42,100"
cka_strength,mask_changes,cka_feddst,cifar10,0.5,0.2,12,123962.8,9.65401470891589,5,5,"7,13,21,42,100"
cka_strength,mask_changes,cka_feddst,cifar10,0.5,0.2,13,0.0,0.0,5,5,"7,13,21,42,100"
cka_strength,mask_changes,cka_feddst,cifar10,0.5,0.2,14,123962.8,9.65401470891589,5,5,"7,13,21,42,100"
cka_strength,mask_changes,cka_feddst,cifar10,0.5,0.2,15,0.0,0.0,5,5,"7,13,21,42,100"
cka_strength,mask_changes,cka_feddst,cifar10,0.5,0.2,16,123962.8,9.65401470891589,5,5,"7,13,21,42,100"
cka_strength,mask_changes,cka_feddst,cifar10,0.5,0.2,17,0.0,0.0,5,5,"7,13,21,42,100"
cka_strength,mask_changes,cka_feddst,cifar10,0.5,0.2,18,123962.8,9.65401470891589,5,5,"7,13,21,42,100"
cka_strength,mask_changes,cka_feddst,cifar10,0.5,0.2,19,0.0,0.0,5,5,"7,13,21,42,100"
cka_strength,mask_changes,cka_feddst,cifar10,0.5,0.2,20,123962.8,9.65401470891589,5,5,"7,13,21,42,100"
cka_strength,mask_changes,cka_feddst,cifar10,0.5,0.5,1,0.0,0.0,5,5,"7,13,21,42,100"
cka_strength,mask_changes,cka_feddst,cifar10,0.5,0.5,2,123946.6,23.469128658727485,5,5,"7,13,21,42,100"
cka_strength,mask_changes,cka_feddst,cifar10,0.5,0.5,3,0.0,0.0,5,5,"7,13,21,42,100"
cka_strength,mask_changes,cka_feddst,cifar10,0.5,0.5,4,123962.8,9.65401470891589,5,5,"7,13,21,42,100"
cka_strength,mask_changes,cka_feddst,cifar10,0.5,0.5,5,0.0,0.0,5,5,"7,13,21,42,100"
cka_strength,mask_changes,cka_feddst,cifar10,0.5,0.5,6,123962.8,9.65401470891589,5,5,"7,13,21,42,100"
cka_strength,mask_changes,cka_feddst,cifar10,0.5,0.5,7,0.0,0.0,5,5,"7,13,21,42,100"
cka_strength,mask_changes,cka_feddst,cifar10,0.5,0.5,8,123962.8,9.65401470891589,5,5,"7,13,21,42,100"
cka_strength,mask_changes,cka_feddst,cifar10,0.5,0.5,9,0.0,0.0,5,5,"7,13,21,42,100"
cka_strength,mask_changes,cka_feddst,cifar10,0.5,0.5,10,123962.8,9.65401470891589,5,5,"7,13,21,42,100"
cka_strength,mask_changes,cka_feddst,cifar10,0.5,0.5,11,0.0,0.0,5,5,"7,13,21,42,100"
cka_strength,mask_changes,cka_feddst,cifar10,0.5,0.5,12,123962.8,9.65401470891589,5,5,"7,13,21,42,100"
cka_strength,mask_changes,cka_feddst,cifar10,0.5,0.5,13,0.0,0.0,5,5,"7,13,21,42,100"
cka_strength,mask_changes,cka_feddst,cifar10,0.5,0.5,14,123962.8,9.65401470891589,5,5,"7,13,21,42,100"
cka_strength,mask_changes,cka_feddst,cifar10,0.5,0.5,15,0.0,0.0,5,5,"7,13,21,42,100"
cka_strength,mask_changes,cka_feddst,cifar10,0.5,0.5,16,123962.8,9.65401470891589,5,5,"7,13,21,42,100"
cka_strength,mask_changes,cka_feddst,cifar10,0.5,0.5,17,0.0,0.0,5,5,"7,13,21,42,100"
cka_strength,mask_changes,cka_feddst,cifar10,0.5,0.5,18,123962.8,9.65401470891589,5,5,"7,13,21,42,100"
cka_strength,mask_changes,cka_feddst,cifar10,0.5,0.5,19,0.0,0.0,5,5,"7,13,21,42,100"
cka_strength,mask_changes,cka_feddst,cifar10,0.5,0.5,20,123962.8,9.65401470891589,5,5,"7,13,21,42,100"
cka_strength,mask_changes,cka_feddst,cifar10,0.5,0.8,1,0.0,0.0,5,5,"7,13,21,42,100"
cka_strength,mask_changes,cka_feddst,cifar10,0.5,0.8,2,123946.6,23.469128658727485,5,5,"7,13,21,42,100"
cka_strength,mask_changes,cka_feddst,cifar10,0.5,0.8,3,0.0,0.0,5,5,"7,13,21,42,100"
cka_strength,mask_changes,cka_feddst,cifar10,0.5,0.8,4,123962.8,9.65401470891589,5,5,"7,13,21,42,100"
cka_strength,mask_changes,cka_feddst,cifar10,0.5,0.8,5,0.0,0.0,5,5,"7,13,21,42,100"
cka_strength,mask_changes,cka_feddst,cifar10,0.5,0.8,6,123962.8,9.65401470891589,5,5,"7,13,21,42,100"
cka_strength,mask_changes,cka_feddst,cifar10,0.5,0.8,7,0.0,0.0,5,5,"7,13,21,42,100"
cka_strength,mask_changes,cka_feddst,cifar10,0.5,0.8,8,123962.8,9.65401470891589,5,5,"7,13,21,42,100"
cka_strength,mask_changes,cka_feddst,cifar10,0.5,0.8,9,0.0,0.0,5,5,"7,13,21,42,100"
cka_strength,mask_changes,cka_feddst,cifar10,0.5,0.8,10,123962.8,9.65401470891589,5,5,"7,13,21,42,100"
cka_strength,mask_changes,cka_feddst,cifar10,0.5,0.8,11,0.0,0.0,5,5,"7,13,21,42,100"
cka_strength,mask_changes,cka_feddst,cifar10,0.5,0.8,12,123962.8,9.65401470891589,5,5,"7,13,21,42,100"
cka_strength,mask_changes,cka_feddst,cifar10,0.5,0.8,13,0.0,0.0,5,5,"7,13,21,42,100"
cka_strength,mask_changes,cka_feddst,cifar10,0.5,0.8,14,123962.8,9.65401470891589,5,5,"7,13,21,42,100"
cka_strength,mask_changes,cka_feddst,cifar10,0.5,0.8,15,0.0,0.0,5,5,"7,13,21,42,100"
cka_strength,mask_changes,cka_feddst,cifar10,0.5,0.8,16,123962.8,9.65401470891589,5,5,"7,13,21,42,100"
cka_strength,mask_changes,cka_feddst,cifar10,0.5,0.8,17,0.0,0.0,5,5,"7,13,21,42,100"
cka_strength,mask_changes,cka_feddst,cifar10,0.5,0.8,18,123962.8,9.65401470891589,5,5,"7,13,21,42,100"
cka_strength,mask_changes,cka_feddst,cifar10,0.5,0.8,19,0.0,0.0,5,5,"7,13,21,42,100"
cka_strength,mask_changes,cka_feddst,cifar10,0.5,0.8,20,123962.8,9.65401470891589,5,5,"7,13,21,42,100"
cka_strength,mask_changes,cka_feddst,cifar10,0.5,0.9,1,0.0,0.0,5,5,"7,13,21,42,100"
cka_strength,mask_changes,cka_feddst,cifar10,0.5,0.9,2,123946.6,23.469128658727485,5,5,"7,13,21,42,100"
cka_strength,mask_changes,cka_feddst,cifar10,0.5,0.9,3,0.0,0.0,5,5,"7,13,21,42,100"
cka_strength,mask_changes,cka_feddst,cifar10,0.5,0.9,4,123962.8,9.65401470891589,5,5,"7,13,21,42,100"
cka_strength,mask_changes,cka_feddst,cifar10,0.5,0.9,5,0.0,0.0,5,5,"7,13,21,42,100"
cka_strength,mask_changes,cka_feddst,cifar10,0.5,0.9,6,123962.8,9.65401470891589,5,5,"7,13,21,42,100"
cka_strength,mask_changes,cka_feddst,cifar10,0.5,0.9,7,0.0,0.0,5,5,"7,13,21,42,100"
cka_strength,mask_changes,cka_feddst,cifar10,0.5,0.9,8,123962.8,9.65401470891589,5,5,"7,13,21,42,100"
cka_strength,mask_changes,cka_feddst,cifar10,0.5,0.9,9,0.0,0.0,5,5,"7,13,21,42,100"
cka_strength,mask_changes,cka_feddst,cifar10,0.5,0.9,10,123962.8,9.65401470891589,5,5,"7,13,21,42,100"
cka_strength,mask_changes,cka_feddst,cifar10,0.5,0.9,11,0.0,0.0,5,5,"7,13,21,42,100"
cka_strength,mask_changes,cka_feddst,cifar10,0.5,0.9,12,123962.8,9.65401470891589,5,5,"7,13,21,42,100"
cka_strength,mask_changes,cka_feddst,cifar10,0.5,0.9,13,0.0,0.0,5,5,"7,13,21,42,100"
cka_strength,mask_changes,cka_feddst,cifar10,0.5,0.9,14,123962.8,9.65401470891589,5,5,"7,13,21,42,100"
cka_strength,mask_changes,cka_feddst,cifar10,0.5,0.9,15,0.0,0.0,5,5,"7,13,21,42,100"
cka_strength,mask_changes,cka_feddst,cifar10,0.5,0.9,16,123962.8,9.65401470891589,5,5,"7,13,21,42,100"
cka_strength,mask_changes,cka_feddst,cifar10,0.5,0.9,17,0.0,0.0,5,5,"7,13,21,42,100"
cka_strength,mask_changes,cka_feddst,cifar10,0.5,0.9,18,123962.8,9.65401470891589,5,5,"7,13,21,42,100"
cka_strength,mask_changes,cka_feddst,cifar10,0.5,0.9,19,0.0,0.0,5,5,"7,13,21,42,100"
cka_strength,mask_changes,cka_feddst,cifar10,0.5,0.9,20,123962.8,9.65401470891589,5,5,"7,13,21,42,100"
cka_strength,mask_changes,cka_feddst,cifar10,0.5,1.0,1,0.0,0.0,5,5,"7,13,21,42,100"
cka_strength,mask_changes,cka_feddst,cifar10,0.5,1.0,2,123946.6,23.469128658727485,5,5,"7,13,21,42,100"
cka_strength,mask_changes,cka_feddst,cifar10,0.5,1.0,3,0.0,0.0,5,5,"7,13,21,42,100"
cka_strength,mask_changes,cka_feddst,cifar10,0.5,1.0,4,123962.8,9.65401470891589,5,5,"7,13,21,42,100"
cka_strength,mask_changes,cka_feddst,cifar10,0.5,1.0,5,0.0,0.0,5,5,"7,13,21,42,100"
cka_strength,mask_changes,cka_feddst,cifar10,0.5,1.0,6,123962.8,9.65401470891589,5,5,"7,13,21,42,100"
cka_strength,mask_changes,cka_feddst,cifar10,0.5,1.0,7,0.0,0.0,5,5,"7,13,21,42,100"
cka_strength,mask_changes,cka_feddst,cifar10,0.5,1.0,8,123962.8,9.65401470891589,5,5,"7,13,21,42,100"
cka_strength,mask_changes,cka_feddst,cifar10,0.5,1.0,9,0.0,0.0,5,5,"7,13,21,42,100"
cka_strength,mask_changes,cka_feddst,cifar10,0.5,1.0,10,123962.8,9.65401470891589,5,5,"7,13,21,42,100"
cka_strength,mask_changes,cka_feddst,cifar10,0.5,1.0,11,0.0,0.0,5,5,"7,13,21,42,100"
cka_strength,mask_changes,cka_feddst,cifar10,0.5,1.0,12,123962.8,9.65401470891589,5,5,"7,13,21,42,100"
cka_strength,mask_changes,cka_feddst,cifar10,0.5,1.0,13,0.0,0.0,5,5,"7,13,21,42,100"
cka_strength,mask_changes,cka_feddst,cifar10,0.5,1.0,14,123962.8,9.65401470891589,5,5,"7,13,21,42,100"
cka_strength,mask_changes,cka_feddst,cifar10,0.5,1.0,15,0.0,0.0,5,5,"7,13,21,42,100"
cka_strength,mask_changes,cka_feddst,cifar10,0.5,1.0,16,123962.8,9.65401470891589,5,5,"7,13,21,42,100"
cka_strength,mask_changes,cka_feddst,cifar10,0.5,1.0,17,0.0,0.0,5,5,"7,13,21,42,100"
cka_strength,mask_changes,cka_feddst,cifar10,0.5,1.0,18,123962.8,9.65401470891589,5,5,"7,13,21,42,100"
cka_strength,mask_changes,cka_feddst,cifar10,0.5,1.0,19,0.0,0.0,5,5,"7,13,21,42,100"
cka_strength,mask_changes,cka_feddst,cifar10,0.5,1.0,20,123962.8,9.65401470891589,5,5,"7,13,21,42,100"
cka_strength,mask_changes,cka_feddst,cifar10,0.7,0.2,1,0.0,0.0,5,5,"7,13,21,42,100"
cka_strength,mask_changes,cka_feddst,cifar10,0.7,0.2,2,74365.6,17.429859437185666,5,5,"7,13,21,42,100"
cka_strength,mask_changes,cka_feddst,cifar10,0.7,0.2,3,0.0,0.0,5,5,"7,13,21,42,100"
cka_strength,mask_changes,cka_feddst,cifar10,0.7,0.2,4,74377.2,6.723094525590592,5,5,"7,13,21,42,100"
cka_strength,mask_changes,cka_feddst,cifar10,0.7,0.2,5,0.0,0.0,5,5,"7,13,21,42,100"
cka_strength,mask_changes,cka_feddst,cifar10,0.7,0.2,6,74377.2,7.563068160475903,5,5,"7,13,21,42,100"
cka_strength,mask_changes,cka_feddst,cifar10,0.7,0.2,7,0.0,0.0,5,5,"7,13,21,42,100"
cka_strength,mask_changes,cka_feddst,cifar10,0.7,0.2,8,74377.6,6.228964600956872,5,5,"7,13,21,42,100"
cka_strength,mask_changes,cka_feddst,cifar10,0.7,0.2,9,0.0,0.0,5,5,"7,13,21,42,100"
cka_strength,mask_changes,cka_feddst,cifar10,0.7,0.2,10,74377.2,5.932958789678431,5,5,"7,13,21,42,100"
cka_strength,mask_changes,cka_feddst,cifar10,0.7,0.2,11,0.0,0.0,5,5,"7,13,21,42,100"
cka_strength,mask_changes,cka_feddst,cifar10,0.7,0.2,12,74378.0,6.782329983125268,5,5,"7,13,21,42,100"
cka_strength,mask_changes,cka_feddst,cifar10,0.7,0.2,13,0.0,0.0,5,5,"7,13,21,42,100"
cka_strength,mask_changes,cka_feddst,cifar10,0.7,0.2,14,74377.2,6.723094525590592,5,5,"7,13,21,42,100"
cka_strength,mask_changes,cka_feddst,cifar10,0.7,0.2,15,0.0,0.0,5,5,"7,13,21,42,100"
cka_strength,mask_changes,cka_feddst,cifar10,0.7,0.2,16,74377.2,6.099180272792611,5,5,"7,13,21,42,100"
cka_strength,mask_changes,cka_feddst,cifar10,0.7,0.2,17,0.0,0.0,5,5,"7,13,21,42,100"
cka_strength,mask_changes,cka_feddst,cifar10,0.7,0.2,18,74378.0,6.782329983123659,5,5,"7,13,21,42,100"
cka_strength,mask_changes,cka_feddst,cifar10,0.7,0.2,19,0.0,0.0,5,5,"7,13,21,42,100"
cka_strength,mask_changes,cka_feddst,cifar10,0.7,0.2,20,74377.2,6.723094525590592,5,5,"7,13,21,42,100"
cka_strength,mask_changes,cka_feddst,cifar10,0.7,0.5,1,0.0,0.0,5,5,"7,13,21,42,100"
cka_strength,mask_changes,cka_feddst,cifar10,0.7,0.5,2,74365.6,17.429859437185666,5,5,"7,13,21,42,100"
cka_strength,mask_changes,cka_feddst,cifar10,0.7,0.5,3,0.0,0.0,5,5,"7,13,21,42,100"
cka_strength,mask_changes,cka_feddst,cifar10,0.7,0.5,4,74376.4,7.127411872484175,5,5,"7,13,21,42,100"
cka_strength,mask_changes,cka_feddst,cifar10,0.7,0.5,5,0.0,0.0,5,5,"7,13,21,42,100"
cka_strength,mask_changes,cka_feddst,cifar10,0.7,0.5,6,74377.6,6.542170893516587,5,5,"7,13,21,42,100"
cka_strength,mask_changes,cka_feddst,cifar10,0.7,0.5,7,0.0,0.0,5,5,"7,13,21,42,100"
cka_strength,mask_changes,cka_feddst,cifar10,0.7,0.5,8,74376.8,5.585696017507479,5,5,"7,13,21,42,100"
cka_strength,mask_changes,cka_feddst,cifar10,0.7,0.5,9,0.0,0.0,5,5,"7,13,21,42,100"
cka_strength,mask_changes,cka_feddst,cifar10,0.7,0.5,10,74376.0,5.656854249490611,5,5,"7,13,21,42,100"
cka_strength,mask_changes,cka_feddst,cifar10,0.7,0.5,11,0.0,0.0,5,5,"7,13,21,42,100"
cka_strength,mask_changes,cka_feddst,cifar10,0.7,0.5,12,74376.4,5.899152481499909,5,5,"7,13,21,42,100"
cka_strength,mask_changes,cka_feddst,cifar10,0.7,0.5,13,0.0,0.0,5,5,"7,13,21,42,100"
cka_strength,mask_changes,cka_feddst,cifar10,0.7,0.5,14,74376.8,6.7230945255885635,5,5,"7,13,21,42,100"
cka_strength,mask_changes,cka_feddst,cifar10,0.7,0.5,15,0.0,0.0,5,5,"7,13,21,42,100"
cka_strength,mask_changes,cka_feddst,cifar10,0.7,0.5,16,74376.8,5.58569601750927,5,5,"7,13,21,42,100"
cka_strength,mask_changes,cka_feddst,cifar10,0.7,0.5,17,0.0,0.0,5,5,"7,13,21,42,100"
cka_strength,mask_changes,cka_feddst,cifar10,0.7,0.5,18,74376.4,6.841052550593578,5,5,"7,13,21,42,100"
cka_strength,mask_changes,cka_feddst,cifar10,0.7,0.5,19,0.0,0.0,5,5,"7,13,21,42,100"
cka_strength,mask_changes,cka_feddst,cifar10,0.7,0.5,20,74375.6,6.228964600956872,5,5,"7,13,21,42,100"
cka_strength,mask_changes,cka_feddst,cifar10,0.7,0.8,1,0.0,0.0,5,5,"7,13,21,42,100"
cka_strength,mask_changes,cka_feddst,cifar10,0.7,0.8,2,74365.6,17.429859437185666,5,5,"7,13,21,42,100"
cka_strength,mask_changes,cka_feddst,cifar10,0.7,0.8,3,0.0,0.0,5,5,"7,13,21,42,100"
cka_strength,mask_changes,cka_feddst,cifar10,0.7,0.8,4,74376.4,6.841052550595307,5,5,"7,13,21,42,100"
cka_strength,mask_changes,cka_feddst,cifar10,0.7,0.8,5,0.0,0.0,5,5,"7,13,21,42,100"
cka_strength,mask_changes,cka_feddst,cifar10,0.7,0.8,6,74378.0,6.6332495807108,5,5,"7,13,21,42,100"
cka_strength,mask_changes,cka_feddst,cifar10,0.7,0.8,7,0.0,0.0,5,5,"7,13,21,42,100"
cka_strength,mask_changes,cka_feddst,cifar10,0.7,0.8,8,74377.2,6.723094525590592,5,5,"7,13,21,42,100"
cka_strength,mask_changes,cka_feddst,cifar10,0.7,0.8,9,0.0,0.0,5,5,"7,13,21,42,100"
cka_strength,mask_changes,cka_feddst,cifar10,0.7,0.8,10,74376.4,6.841052550595307,5,5,"7,13,21,42,100"
cka_strength,mask_changes,cka_feddst,cifar10,0.7,0.8,11,0.0,0.0,5,5,"7,13,21,42,100"
cka_strength,mask_changes,cka_feddst,cifar10,0.7,0.8,12,74376.4,7.127411872484175,5,5,"7,13,21,42,100"
cka_strength,mask_changes,cka_feddst,cifar10,0.7,0.8,13,0.0,0.0,5,5,"7,13,21,42,100"
cka_strength,mask_changes,cka_feddst,cifar10,0.7,0.8,14,74375.6,6.985699678630312,5,5,"7,13,21,42,100"
cka_strength,mask_changes,cka_feddst,cifar10,0.7,0.8,15,0.0,0.0,5,5,"7,13,21,42,100"
cka_strength,mask_changes,cka_feddst,cifar10,0.7,0.8,16,74376.4,6.985699678629661,5,5,"7,13,21,42,100"
cka_strength,mask_changes,cka_feddst,cifar10,0.7,0.8,17,0.0,0.0,5,5,"7,13,21,42,100"
cka_strength,mask_changes,cka_feddst,cifar10,0.7,0.8,18,74376.4,6.985699678627968,5,5,"7,13,21,42,100"
cka_strength,mask_changes,cka_feddst,cifar10,0.7,0.8,19,0.0,0.0,5,5,"7,13,21,42,100"
cka_strength,mask_changes,cka_feddst,cifar10,0.7,0.8,20,74376.4,6.985699678627968,5,5,"7,13,21,42,100"
cka_strength,mask_changes,cka_feddst,cifar10,0.7,0.9,1,0.0,0.0,5,5,"7,13,21,42,100"
cka_strength,mask_changes,cka_feddst,cifar10,0.7,0.9,2,74365.6,17.429859437185666,5,5,"7,13,21,42,100"
cka_strength,mask_changes,cka_feddst,cifar10,0.7,0.9,3,0.0,0.0,5,5,"7,13,21,42,100"
cka_strength,mask_changes,cka_feddst,cifar10,0.7,0.9,4,74377.2,6.723094525590592,5,5,"7,13,21,42,100"
cka_strength,mask_changes,cka_feddst,cifar10,0.7,0.9,5,0.0,0.0,5,5,"7,13,21,42,100"
cka_strength,mask_changes,cka_feddst,cifar10,0.7,0.9,6,74376.8,6.418722614350558,5,5,"7,13,21,42,100"
cka_strength,mask_changes,cka_feddst,cifar10,0.7,0.9,7,0.0,0.0,5,5,"7,13,21,42,100"
cka_strength,mask_changes,cka_feddst,cifar10,0.7,0.9,8,74376.4,6.387487769067044,5,5,"7,13,21,42,100"
cka_strength,mask_changes,cka_feddst,cifar10,0.7,0.9,9,0.0,0.0,5,5,"7,13,21,42,100"
cka_strength,mask_changes,cka_feddst,cifar10,0.7,0.9,10,74376.4,5.899152481499909,5,5,"7,13,21,42,100"
cka_strength,mask_changes,cka_feddst,cifar10,0.7,0.9,11,0.0,0.0,5,5,"7,13,21,42,100"
cka_strength,mask_changes,cka_feddst,cifar10,0.7,0.9,12,74375.6,7.266360849831927,5,5,"7,13,21,42,100"
cka_strength,mask_changes,cka_feddst,cifar10,0.7,0.9,13,0.0,0.0,5,5,"7,13,21,42,100"
cka_strength,mask_changes,cka_feddst,cifar10,0.7,0.9,14,74376.8,8.318653737235742,5,5,"7,13,21,42,100"
cka_strength,mask_changes,cka_feddst,cifar10,0.7,0.9,15,0.0,0.0,5,5,"7,13,21,42,100"
cka_strength,mask_changes,cka_feddst,cifar10,0.7,0.9,16,74376.4,7.127411872484175,5,5,"7,13,21,42,100"
cka_strength,mask_changes,cka_feddst,cifar10,0.7,0.9,17,0.0,0.0,5,5,"7,13,21,42,100"
cka_strength,mask_changes,cka_feddst,cifar10,0.7,0.9,18,74377.6,7.266360849831927,5,5,"7,13,21,42,100"
cka_strength,mask_changes,cka_feddst,cifar10,0.7,0.9,19,0.0,0.0,5,5,"7,13,21,42,100"
cka_strength,mask_changes,cka_feddst,cifar10,0.7,0.9,20,74376.8,7.293833011523988,5,5,"7,13,21,42,100"
cka_strength,mask_changes,cka_feddst,cifar10,0.7,1.0,1,0.0,0.0,5,5,"7,13,21,42,100"
cka_strength,mask_changes,cka_feddst,cifar10,0.7,1.0,2,74365.6,17.429859437185666,5,5,"7,13,21,42,100"
cka_strength,mask_changes,cka_feddst,cifar10,0.7,1.0,3,0.0,0.0,5,5,"7,13,21,42,100"
cka_strength,mask_changes,cka_feddst,cifar10,0.7,1.0,4,74376.4,6.985699678627968,5,5,"7,13,21,42,100"
cka_strength,mask_changes,cka_feddst,cifar10,0.7,1.0,5,0.0,0.0,5,5,"7,13,21,42,100"
cka_strength,mask_changes,cka_feddst,cifar10,0.7,1.0,6,74377.6,6.228964600960376,5,5,"7,13,21,42,100"
cka_strength,mask_changes,cka_feddst,cifar10,0.7,1.0,7,0.0,0.0,5,5,"7,13,21,42,100"
cka_strength,mask_changes,cka_feddst,cifar10,0.7,1.0,8,74376.8,7.2938330115257335,5,5,"7,13,21,42,100"
cka_strength,mask_changes,cka_feddst,cifar10,0.7,1.0,9,0.0,0.0,5,5,"7,13,21,42,100"
cka_strength,mask_changes,cka_feddst,cifar10,0.7,1.0,10,74376.8,6.418722614352259,5,5,"7,13,21,42,100"
cka_strength,mask_changes,cka_feddst,cifar10,0.7,1.0,11,0.0,0.0,5,5,"7,13,21,42,100"
cka_strength,mask_changes,cka_feddst,cifar10,0.7,1.0,12,74376.4,6.841052550593578,5,5,"7,13,21,42,100"
cka_strength,mask_changes,cka_feddst,cifar10,0.7,1.0,13,0.0,0.0,5,5,"7,13,21,42,100"
cka_strength,mask_changes,cka_feddst,cifar10,0.7,1.0,14,74377.2,6.723094525590592,5,5,"7,13,21,42,100"
cka_strength,mask_changes,cka_feddst,cifar10,0.7,1.0,15,0.0,0.0,5,5,"7,13,21,42,100"
cka_strength,mask_changes,cka_feddst,cifar10,0.7,1.0,16,74377.2,6.723094525590592,5,5,"7,13,21,42,100"
cka_strength,mask_changes,cka_feddst,cifar10,0.7,1.0,17,0.0,0.0,5,5,"7,13,21,42,100"
cka_strength,mask_changes,cka_feddst,cifar10,0.7,1.0,18,74376.8,7.2938330115257335,5,5,"7,13,21,42,100"
cka_strength,mask_changes,cka_feddst,cifar10,0.7,1.0,19,0.0,0.0,5,5,"7,13,21,42,100"
cka_strength,mask_changes,cka_feddst,cifar10,0.7,1.0,20,74377.2,6.723094525590592,5,5,"7,13,21,42,100"
cka_strength,mask_changes,cka_feddst,cifar10,0.8,0.2,1,0.0,0.0,5,5,"7,13,21,42,100"
cka_strength,mask_changes,cka_feddst,cifar10,0.8,0.2,2,49583.4,20.403431084010627,5,5,"7,13,21,42,100"
cka_strength,mask_changes,cka_feddst,cifar10,0.8,0.2,3,0.0,0.0,5,5,"7,13,21,42,100"
cka_strength,mask_changes,cka_feddst,cifar10,0.8,0.2,4,49586.8,8.786353054595663,5,5,"7,13,21,42,100"
cka_strength,mask_changes,cka_feddst,cifar10,0.8,0.2,5,0.0,0.0,5,5,"7,13,21,42,100"
cka_strength,mask_changes,cka_feddst,cifar10,0.8,0.2,6,49586.8,7.155417528000204,5,5,"7,13,21,42,100"
cka_strength,mask_changes,cka_feddst,cifar10,0.8,0.2,7,0.0,0.0,5,5,"7,13,21,42,100"
cka_strength,mask_changes,cka_feddst,cifar10,0.8,0.2,8,49587.6,8.049844718998408,5,5,"7,13,21,42,100"
cka_strength,mask_changes,cka_feddst,cifar10,0.8,0.2,9,0.0,0.0,5,5,"7,13,21,42,100"
cka_strength,mask_changes,cka_feddst,cifar10,0.8,0.2,10,49586.4,8.173126696680418,5,5,"7,13,21,42,100"
cka_strength,mask_changes,cka_feddst,cifar10,0.8,0.2,11,0.0,0.0,5,5,"7,13,21,42,100"
cka_strength,mask_changes,cka_feddst,cifar10,0.8,0.2,12,49586.4,8.414273587185873,5,5,"7,13,21,42,100"
cka_strength,mask_changes,cka_feddst,cifar10,0.8,0.2,13,0.0,0.0,5,5,"7,13,21,42,100"
cka_strength,mask_changes,cka_feddst,cifar10,0.8,0.2,14,49586.4,8.414273587185873,5,5,"7,13,21,42,100"
cka_strength,mask_changes,cka_feddst,cifar10,0.8,0.2,15,0.0,0.0,5,5,"7,13,21,42,100"
cka_strength,mask_changes,cka_feddst,cifar10,0.8,0.2,16,49587.2,8.786353054595352,5,5,"7,13,21,42,100"
cka_strength,mask_changes,cka_feddst,cifar10,0.8,0.2,17,0.0,0.0,5,5,"7,13,21,42,100"
cka_strength,mask_changes,cka_feddst,cifar10,0.8,0.2,18,49586.4,8.414273587185873,5,5,"7,13,21,42,100"
cka_strength,mask_changes,cka_feddst,cifar10,0.8,0.2,19,0.0,0.0,5,5,"7,13,21,42,100"
cka_strength,mask_changes,cka_feddst,cifar10,0.8,0.2,20,49586.8,8.318653737234978,5,5,"7,13,21,42,100"
cka_strength,mask_changes,cka_feddst,cifar10,0.8,0.5,1,0.0,0.0,5,5,"7,13,21,42,100"
cka_strength,mask_changes,cka_feddst,cifar10,0.8,0.5,2,49583.4,20.403431084010627,5,5,"7,13,21,42,100"
cka_strength,mask_changes,cka_feddst,cifar10,0.8,0.5,3,0.0,0.0,5,5,"7,13,21,42,100"
cka_strength,mask_changes,cka_feddst,cifar10,0.8,0.5,4,49586.4,8.988882021697805,5,5,"7,13,21,42,100"
cka_strength,mask_changes,cka_feddst,cifar10,0.8,0.5,5,0.0,0.0,5,5,"7,13,21,42,100"
cka_strength,mask_changes,cka_feddst,cifar10,0.8,0.5,6,49586.4,8.414273587185873,5,5,"7,13,21,42,100"
cka_strength,mask_changes,cka_feddst,cifar10,0.8,0.5,7,0.0,0.0,5,5,"7,13,21,42,100"
cka_strength,mask_changes,cka_feddst,cifar10,0.8,0.5,8,49587.2,8.786353054595352,5,5,"7,13,21,42,100"
cka_strength,mask_changes,cka_feddst,cifar10,0.8,0.5,9,0.0,0.0,5,5,"7,13,21,42,100"
cka_strength,mask_changes,cka_feddst,cifar10,0.8,0.5,10,49586.4,8.414273587185873,5,5,"7,13,21,42,100"
cka_strength,mask_changes,cka_feddst,cifar10,0.8,0.5,11,0.0,0.0,5,5,"7,13,21,42,100"
cka_strength,mask_changes,cka_feddst,cifar10,0.8,0.5,12,49586.8,9.01110426085519,5,5,"7,13,21,42,100"
cka_strength,mask_changes,cka_feddst,cifar10,0.8,0.5,13,0.0,0.0,5,5,"7,13,21,42,100"
cka_strength,mask_changes,cka_feddst,cifar10,0.8,0.5,14,49587.2,8.074651695273571,5,5,"7,13,21,42,100"
cka_strength,mask_changes,cka_feddst,cifar10,0.8,0.5,15,0.0,0.0,5,5,"7,13,21,42,100"
cka_strength,mask_changes,cka_feddst,cifar10,0.8,0.5,16,49587.2,8.671793355472138,5,5,"7,13,21,42,100"
cka_strength,mask_changes,cka_feddst,cifar10,0.8,0.5,17,0.0,0.0,5,5,"7,13,21,42,100"
cka_strength,mask_changes,cka_feddst,cifar10,0.8,0.5,18,49586.4,8.414273587185873,5,5,"7,13,21,42,100"
cka_strength,mask_changes,cka_feddst,cifar10,0.8,0.5,19,0.0,0.0,5,5,"7,13,21,42,100"
cka_strength,mask_changes,cka_feddst,cifar10,0.8,0.5,20,49587.6,8.876936408468818,5,5,"7,13,21,42,100"
cka_strength,mask_changes,cka_feddst,cifar10,0.8,0.8,1,0.0,0.0,5,5,"7,13,21,42,100"
cka_strength,mask_changes,cka_feddst,cifar10,0.8,0.8,2,49583.4,20.403431084010627,5,5,"7,13,21,42,100"
cka_strength,mask_changes,cka_feddst,cifar10,0.8,0.8,3,0.0,0.0,5,5,"7,13,21,42,100"
cka_strength,mask_changes,cka_feddst,cifar10,0.8,0.8,4,49586.4,8.414273587185873,5,5,"7,13,21,42,100"
cka_strength,mask_changes,cka_feddst,cifar10,0.8,0.8,5,0.0,0.0,5,5,"7,13,21,42,100"
cka_strength,mask_changes,cka_feddst,cifar10,0.8,0.8,6,49586.4,8.414273587185873,5,5,"7,13,21,42,100"
cka_strength,mask_changes,cka_feddst,cifar10,0.8,0.8,7,0.0,0.0,5,5,"7,13,21,42,100"
cka_strength,mask_changes,cka_feddst,cifar10,0.8,0.8,8,49586.4,9.73652915571127,5,5,"7,13,21,42,100"
cka_strength,mask_changes,cka_feddst,cifar10,0.8,0.8,9,0.0,0.0,5,5,"7,13,21,42,100"
cka_strength,mask_changes,cka_feddst,cifar10,0.8,0.8,10,49586.0,9.165151389910935,5,5,"7,13,21,42,100"
cka_strength,mask_changes,cka_feddst,cifar10,0.8,0.8,11,0.0,0.0,5,5,"7,13,21,42,100"
cka_strength,mask_changes,cka_feddst,cifar10,0.8,0.8,12,49586.0,8.602325267043367,5,5,"7,13,21,42,100"
cka_strength,mask_changes,cka_feddst,cifar10,0.8,0.8,13,0.0,0.0,5,5,"7,13,21,42,100"
cka_strength,mask_changes,cka_feddst,cifar10,0.8,0.8,14,49586.8,8.438009243892447,5,5,"7,13,21,42,100"
cka_strength,mask_changes,cka_feddst,cifar10,0.8,0.8,15,0.0,0.0,5,5,"7,13,21,42,100"
cka_strength,mask_changes,cka_feddst,cifar10,0.8,0.8,16,49587.2,8.786353054595352,5,5,"7,13,21,42,100"
cka_strength,mask_changes,cka_feddst,cifar10,0.8,0.8,17,0.0,0.0,5,5,"7,13,21,42,100"
cka_strength,mask_changes,cka_feddst,cifar10,0.8,0.8,18,49586.4,8.414273587185873,5,5,"7,13,21,42,100"
cka_strength,mask_changes,cka_feddst,cifar10,0.8,0.8,19,0.0,0.0,5,5,"7,13,21,42,100"
cka_strength,mask_changes,cka_feddst,cifar10,0.8,0.8,20,49587.6,8.64869932417582,5,5,"7,13,21,42,100"
cka_strength,mask_changes,cka_feddst,cifar10,0.8,0.9,1,0.0,0.0,5,5,"7,13,21,42,100"
cka_strength,mask_changes,cka_feddst,cifar10,0.8,0.9,2,49583.4,20.403431084010627,5,5,"7,13,21,42,100"
cka_strength,mask_changes,cka_feddst,cifar10,0.8,0.9,3,0.0,0.0,5,5,"7,13,21,42,100"
cka_strength,mask_changes,cka_feddst,cifar10,0.8,0.9,4,49586.0,8.124038404635233,5,5,"7,13,21,42,100"
cka_strength,mask_changes,cka_feddst,cifar10,0.8,0.9,5,0.0,0.0,5,5,"7,13,21,42,100"
cka_strength,mask_changes,cka_feddst,cifar10,0.8,0.9,6,49587.6,9.20869154657624,5,5,"7,13,21,42,100"
cka_strength,mask_changes,cka_feddst,cifar10,0.8,0.9,7,0.0,0.0,5,5,"7,13,21,42,100"
cka_strength,mask_changes,cka_feddst,cifar10,0.8,0.9,8,49586.4,8.763560920083446,5,5,"7,13,21,42,100"
cka_strength,mask_changes,cka_feddst,cifar10,0.8,0.9,9,0.0,0.0,5,5,"7,13,21,42,100"
cka_strength,mask_changes,cka_feddst,cifar10,0.8,0.9,10,49586.4,8.414273587185873,5,5,"7,13,21,42,100"
cka_strength,mask_changes,cka_feddst,cifar10,0.8,0.9,11,0.0,0.0,5,5,"7,13,21,42,100"
cka_strength,mask_changes,cka_feddst,cifar10,0.8,0.9,12,49586.8,8.438009243892447,5,5,"7,13,21,42,100"
cka_strength,mask_changes,cka_feddst,cifar10,0.8,0.9,13,0.0,0.0,5,5,"7,13,21,42,100"
cka_strength,mask_changes,cka_feddst,cifar10,0.8,0.9,14,49587.2,10.059821071967288,5,5,"7,13,21,42,100"
cka_strength,mask_changes,cka_feddst,cifar10,0.8,0.9,15,0.0,0.0,5,5,"7,13,21,42,100"
cka_strength,mask_changes,cka_feddst,cifar10,0.8,0.9,16,49587.2,8.899438184514734,5,5,"7,13,21,42,100"
cka_strength,mask_changes,cka_feddst,cifar10,0.8,0.9,17,0.0,0.0,5,5,"7,13,21,42,100"
cka_strength,mask_changes,cka_feddst,cifar10,0.8,0.9,18,49586.4,8.414273587185873,5,5,"7,13,21,42,100"
cka_strength,mask_changes,cka_feddst,cifar10,0.8,0.9,19,0.0,0.0,5,5,"7,13,21,42,100"
cka_strength,mask_changes,cka_feddst,cifar10,0.8,0.9,20,49588.0,8.485281374239374,5,5,"7,13,21,42,100"
cka_strength,mask_changes,cka_feddst,cifar10,0.8,1.0,1,0.0,0.0,5,5,"7,13,21,42,100"
cka_strength,mask_changes,cka_feddst,cifar10,0.8,1.0,2,49583.4,20.403431084010627,5,5,"7,13,21,42,100"
cka_strength,mask_changes,cka_feddst,cifar10,0.8,1.0,3,0.0,0.0,5,5,"7,13,21,42,100"
cka_strength,mask_changes,cka_feddst,cifar10,0.8,1.0,4,49586.8,8.438009243892447,5,5,"7,13,21,42,100"
cka_strength,mask_changes,cka_feddst,cifar10,0.8,1.0,5,0.0,0.0,5,5,"7,13,21,42,100"
cka_strength,mask_changes,cka_feddst,cifar10,0.8,1.0,6,49586.4,8.414273587185873,5,5,"7,13,21,42,100"
cka_strength,mask_changes,cka_feddst,cifar10,0.8,1.0,7,0.0,0.0,5,5,"7,13,21,42,100"
cka_strength,mask_changes,cka_feddst,cifar10,0.8,1.0,8,49586.4,8.04984471899852,5,5,"7,13,21,42,100"
cka_strength,mask_changes,cka_feddst,cifar10,0.8,1.0,9,0.0,0.0,5,5,"7,13,21,42,100"
cka_strength,mask_changes,cka_feddst,cifar10,0.8,1.0,10,49586.4,8.04984471899852,5,5,"7,13,21,42,100"
cka_strength,mask_changes,cka_feddst,cifar10,0.8,1.0,11,0.0,0.0,5,5,"7,13,21,42,100"
cka_strength,mask_changes,cka_feddst,cifar10,0.8,1.0,12,49587.6,8.049844718998408,5,5,"7,13,21,42,100"
cka_strength,mask_changes,cka_feddst,cifar10,0.8,1.0,13,0.0,0.0,5,5,"7,13,21,42,100"
cka_strength,mask_changes,cka_feddst,cifar10,0.8,1.0,14,49586.4,8.414273587185873,5,5,"7,13,21,42,100"
cka_strength,mask_changes,cka_feddst,cifar10,0.8,1.0,15,0.0,0.0,5,5,"7,13,21,42,100"
cka_strength,mask_changes,cka_feddst,cifar10,0.8,1.0,16,49587.2,8.899438184514734,5,5,"7,13,21,42,100"
cka_strength,mask_changes,cka_feddst,cifar10,0.8,1.0,17,0.0,0.0,5,5,"7,13,21,42,100"
cka_strength,mask_changes,cka_feddst,cifar10,0.8,1.0,18,49587.2,8.899438184514734,5,5,"7,13,21,42,100"
cka_strength,mask_changes,cka_feddst,cifar10,0.8,1.0,19,0.0,0.0,5,5,"7,13,21,42,100"
cka_strength,mask_changes,cka_feddst,cifar10,0.8,1.0,20,49588.4,8.414273587185873,5,5,"7,13,21,42,100"
cka_strength,mask_changes,cka_feddst,cifar10,0.9,0.2,1,0.0,0.0,5,5,"7,13,21,42,100"
cka_strength,mask_changes,cka_feddst,cifar10,0.9,0.2,2,24783.4,10.8765803449432,5,5,"7,13,21,42,100"
cka_strength,mask_changes,cka_feddst,cifar10,0.9,0.2,3,0.0,0.0,5,5,"7,13,21,42,100"
cka_strength,mask_changes,cka_feddst,cifar10,0.9,0.2,4,24789.2,3.633180424916965,5,5,"7,13,21,42,100"
cka_strength,mask_changes,cka_feddst,cifar10,0.9,0.2,5,0.0,0.0,5,5,"7,13,21,42,100"
cka_strength,mask_changes,cka_feddst,cifar10,0.9,0.2,6,24790.0,4.2426406871195,5,5,"7,13,21,42,100"
cka_strength,mask_changes,cka_feddst,cifar10,0.9,0.2,7,0.0,0.0,5,5,"7,13,21,42,100"
cka_strength,mask_changes,cka_feddst,cifar10,0.9,0.2,8,24789.2,4.604345773288515,5,5,"7,13,21,42,100"
cka_strength,mask_changes,cka_feddst,cifar10,0.9,0.2,9,0.0,0.0,5,5,"7,13,21,42,100"
cka_strength,mask_changes,cka_feddst,cifar10,0.9,0.2,10,24790.4,4.774934554525633,5,5,"7,13,21,42,100"
cka_strength,mask_changes,cka_feddst,cifar10,0.9,0.2,11,0.0,0.0,5,5,"7,13,21,42,100"
cka_strength,mask_changes,cka_feddst,cifar10,0.9,0.2,12,24789.6,4.335896677735571,5,5,"7,13,21,42,100"
cka_strength,mask_changes,cka_feddst,cifar10,0.9,0.2,13,0.0,0.0,5,5,"7,13,21,42,100"
cka_strength,mask_changes,cka_feddst,cifar10,0.9,0.2,14,24789.2,3.633180424916965,5,5,"7,13,21,42,100"
cka_strength,mask_changes,cka_feddst,cifar10,0.9,0.2,15,0.0,0.0,5,5,"7,13,21,42,100"
cka_strength,mask_changes,cka_feddst,cifar10,0.9,0.2,16,24789.2,4.816637831516805,5,5,"7,13,21,42,100"
cka_strength,mask_changes,cka_feddst,cifar10,0.9,0.2,17,0.0,0.0,5,5,"7,13,21,42,100"
cka_strength,mask_changes,cka_feddst,cifar10,0.9,0.2,18,24789.6,4.098780306383917,5,5,"7,13,21,42,100"
cka_strength,mask_changes,cka_feddst,cifar10,0.9,0.2,19,0.0,0.0,5,5,"7,13,21,42,100"
cka_strength,mask_changes,cka_feddst,cifar10,0.9,0.2,20,24788.4,3.847076812334647,5,5,"7,13,21,42,100"
cka_strength,mask_changes,cka_feddst,cifar10,0.9,0.5,1,0.0,0.0,5,5,"7,13,21,42,100"
cka_strength,mask_changes,cka_feddst,cifar10,0.9,0.5,2,24783.4,10.8765803449432,5,5,"7,13,21,42,100"
cka_strength,mask_changes,cka_feddst,cifar10,0.9,0.5,3,0.0,0.0,5,5,"7,13,21,42,100"
cka_strength,mask_changes,cka_feddst,cifar10,0.9,0.5,4,24789.6,4.335896677735571,5,5,"7,13,21,42,100"
cka_strength,mask_changes,cka_feddst,cifar10,0.9,0.5,5,0.0,0.0,5,5,"7,13,21,42,100"
cka_strength,mask_changes,cka_feddst,cifar10,0.9,0.5,6,24790.4,4.774934554525395,5,5,"7,13,21,42,100"
cka_strength,mask_changes,cka_feddst,cifar10,0.9,0.5,7,0.0,0.0,5,5,"7,13,21,42,100"
cka_strength,mask_changes,cka_feddst,cifar10,0.9,0.5,8,24789.6,4.335896677735571,5,5,"7,13,21,42,100"
cka_strength,mask_changes,cka_feddst,cifar10,0.9,0.5,9,0.0,0.0,5,5,"7,13,21,42,100"
cka_strength,mask_changes,cka_feddst,cifar10,0.9,0.5,10,24789.6,4.335896677735571,5,5,"7,13,21,42,100"
cka_strength,mask_changes,cka_feddst,cifar10,0.9,0.5,11,0.0,0.0,5,5,"7,13,21,42,100"
cka_strength,mask_changes,cka_feddst,cifar10,0.9,0.5,12,24788.4,4.335896677735886,5,5,"7,13,21,42,100"
cka_strength,mask_changes,cka_feddst,cifar10,0.9,0.5,13,0.0,0.0,5,5,"7,13,21,42,100"
cka_strength,mask_changes,cka_feddst,cifar10,0.9,0.5,14,24789.2,3.633180424916965,5,5,"7,13,21,42,100"
cka_strength,mask_changes,cka_feddst,cifar10,0.9,0.5,15,0.0,0.0,5,5,"7,13,21,42,100"
cka_strength,mask_changes,cka_feddst,cifar10,0.9,0.5,16,24790.4,3.8470768123343517,5,5,"7,13,21,42,100"
cka_strength,mask_changes,cka_feddst,cifar10,0.9,0.5,17,0.0,0.0,5,5,"7,13,21,42,100"
cka_strength,mask_changes,cka_feddst,cifar10,0.9,0.5,18,24789.6,4.335896677735571,5,5,"7,13,21,42,100"
cka_strength,mask_changes,cka_feddst,cifar10,0.9,0.5,19,0.0,0.0,5,5,"7,13,21,42,100"
cka_strength,mask_changes,cka_feddst,cifar10,0.9,0.5,20,24790.4,4.335896677736043,5,5,"7,13,21,42,100"
cka_strength,mask_changes,cka_feddst,cifar10,0.9,0.8,1,0.0,0.0,5,5,"7,13,21,42,100"
cka_strength,mask_changes,cka_feddst,cifar10,0.9,0.8,2,24783.4,10.8765803449432,5,5,"7,13,21,42,100"
cka_strength,mask_changes,cka_feddst,cifar10,0.9,0.8,3,0.0,0.0,5,5,"7,13,21,42,100"
cka_strength,mask_changes,cka_feddst,cifar10,0.9,0.8,4,24789.6,4.335896677735571,5,5,"7,13,21,42,100"
cka_strength,mask_changes,cka_feddst,cifar10,0.9,0.8,5,0.0,0.0,5,5,"7,13,21,42,100"
cka_strength,mask_changes,cka_feddst,cifar10,0.9,0.8,6,24789.6,4.335896677735571,5,5,"7,13,21,42,100"
cka_strength,mask_changes,cka_feddst,cifar10,0.9,0.8,7,0.0,0.0,5,5,"7,13,21,42,100"
cka_strength,mask_changes,cka_feddst,cifar10,0.9,0.8,8,24789.6,4.335896677735571,5,5,"7,13,21,42,100"
cka_strength,mask_changes,cka_feddst,cifar10,0.9,0.8,9,0.0,0.0,5,5,"7,13,21,42,100"
cka_strength,mask_changes,cka_feddst,cifar10,0.9,0.8,10,24789.2,4.816637831517041,5,5,"7,13,21,42,100"
cka_strength,mask_changes,cka_feddst,cifar10,0.9,0.8,11,0.0,0.0,5,5,"7,13,21,42,100"
cka_strength,mask_changes,cka_feddst,cifar10,0.9,0.8,12,24790.0,4.0,5,5,"7,13,21,42,100"
cka_strength,mask_changes,cka_feddst,cifar10,0.9,0.8,13,0.0,0.0,5,5,"7,13,21,42,100"
cka_strength,mask_changes,cka_feddst,cifar10,0.9,0.8,14,24790.4,4.979959839195465,5,5,"7,13,21,42,100"
cka_strength,mask_changes,cka_feddst,cifar10,0.9,0.8,15,0.0,0.0,5,5,"7,13,21,42,100"
cka_strength,mask_changes,cka_feddst,cifar10,0.9,0.8,16,24789.2,4.147288270665632,5,5,"7,13,21,42,100"
cka_strength,mask_changes,cka_feddst,cifar10,0.9,0.8,17,0.0,0.0,5,5,"7,13,21,42,100"
cka_strength,mask_changes,cka_feddst,cifar10,0.9,0.8,18,24789.2,4.604345773288515,5,5,"7,13,21,42,100"
cka_strength,mask_changes,cka_feddst,cifar10,0.9,0.8,19,0.0,0.0,5,5,"7,13,21,42,100"
cka_strength,mask_changes,cka_feddst,cifar10,0.9,0.8,20,24789.6,4.335896677735571,5,5,"7,13,21,42,100"
cka_strength,mask_changes,cka_feddst,cifar10,0.9,0.9,1,0.0,0.0,5,5,"7,13,21,42,100"
cka_strength,mask_changes,cka_feddst,cifar10,0.9,0.9,2,24783.4,10.8765803449432,5,5,"7,13,21,42,100"
cka_strength,mask_changes,cka_feddst,cifar10,0.9,0.9,3,0.0,0.0,5,5,"7,13,21,42,100"
cka_strength,mask_changes,cka_feddst,cifar10,0.9,0.9,4,24789.2,3.633180424916965,5,5,"7,13,21,42,100"
cka_strength,mask_changes,cka_feddst,cifar10,0.9,0.9,5,0.0,0.0,5,5,"7,13,21,42,100"
cka_strength,mask_changes,cka_feddst,cifar10,0.9,0.9,6,24789.2,4.816637831516805,5,5,"7,13,21,42,100"
cka_strength,mask_changes,cka_feddst,cifar10,0.9,0.9,7,0.0,0.0,5,5,"7,13,21,42,100"
cka_strength,mask_changes,cka_feddst,cifar10,0.9,0.9,8,24790.0,4.000000000000114,5,5,"7,13,21,42,100"
cka_strength,mask_changes,cka_feddst,cifar10,0.9,0.9,9,0.0,0.0,5,5,"7,13,21,42,100"
cka_strength,mask_changes,cka_feddst,cifar10,0.9,0.9,10,24789.2,4.604345773288515,5,5,"7,13,21,42,100"
cka_strength,mask_changes,cka_feddst,cifar10,0.9,0.9,11,0.0,0.0,5,5,"7,13,21,42,100"
cka_strength,mask_changes,cka_feddst,cifar10,0.9,0.9,12,24790.0,4.000000000000114,5,5,"7,13,21,42,100"
cka_strength,mask_changes,cka_feddst,cifar10,0.9,0.9,13,0.0,0.0,5,5,"7,13,21,42,100"
cka_strength,mask_changes,cka_feddst,cifar10,0.9,0.9,14,24790.0,4.69041575982343,5,5,"7,13,21,42,100"
cka_strength,mask_changes,cka_feddst,cifar10,0.9,0.9,15,0.0,0.0,5,5,"7,13,21,42,100"
cka_strength,mask_changes,cka_feddst,cifar10,0.9,0.9,16,24790.0,4.0,5,5,"7,13,21,42,100"
cka_strength,mask_changes,cka_feddst,cifar10,0.9,0.9,17,0.0,0.0,5,5,"7,13,21,42,100"
cka_strength,mask_changes,cka_feddst,cifar10,0.9,0.9,18,24789.6,4.335896677735571,5,5,"7,13,21,42,100"
cka_strength,mask_changes,cka_feddst,cifar10,0.9,0.9,19,0.0,0.0,5,5,"7,13,21,42,100"
cka_strength,mask_changes,cka_feddst,cifar10,0.9,0.9,20,24789.6,4.335896677735571,5,5,"7,13,21,42,100"
cka_strength,mask_changes,cka_feddst,cifar10,0.9,1.0,1,0.0,0.0,5,5,"7,13,21,42,100"
cka_strength,mask_changes,cka_feddst,cifar10,0.9,1.0,2,24783.4,10.8765803449432,5,5,"7,13,21,42,100"
cka_strength,mask_changes,cka_feddst,cifar10,0.9,1.0,3,0.0,0.0,5,5,"7,13,21,42,100"
cka_strength,mask_changes,cka_feddst,cifar10,0.9,1.0,4,24790.0,5.0990195135927845,5,5,"7,13,21,42,100"
cka_strength,mask_changes,cka_feddst,cifar10,0.9,1.0,5,0.0,0.0,5,5,"7,13,21,42,100"
cka_strength,mask_changes,cka_feddst,cifar10,0.9,1.0,6,24790.0,4.69041575982343,5,5,"7,13,21,42,100"
cka_strength,mask_changes,cka_feddst,cifar10,0.9,1.0,7,0.0,0.0,5,5,"7,13,21,42,100"
cka_strength,mask_changes,cka_feddst,cifar10,0.9,1.0,8,24789.6,4.335896677735571,5,5,"7,13,21,42,100"
cka_strength,mask_changes,cka_feddst,cifar10,0.9,1.0,9,0.0,0.0,5,5,"7,13,21,42,100"
cka_strength,mask_changes,cka_feddst,cifar10,0.9,1.0,10,24790.4,4.979959839195465,5,5,"7,13,21,42,100"
cka_strength,mask_changes,cka_feddst,cifar10,0.9,1.0,11,0.0,0.0,5,5,"7,13,21,42,100"
cka_strength,mask_changes,cka_feddst,cifar10,0.9,1.0,12,24790.4,4.560701700396921,5,5,"7,13,21,42,100"
cka_strength,mask_changes,cka_feddst,cifar10,0.9,1.0,13,0.0,0.0,5,5,"7,13,21,42,100"
cka_strength,mask_changes,cka_feddst,cifar10,0.9,1.0,14,24789.6,3.8470768123342336,5,5,"7,13,21,42,100"
cka_strength,mask_changes,cka_feddst,cifar10,0.9,1.0,15,0.0,0.0,5,5,"7,13,21,42,100"
cka_strength,mask_changes,cka_feddst,cifar10,0.9,1.0,16,24790.0,4.69041575982343,5,5,"7,13,21,42,100"
cka_strength,mask_changes,cka_feddst,cifar10,0.9,1.0,17,0.0,0.0,5,5,"7,13,21,42,100"
cka_strength,mask_changes,cka_feddst,cifar10,0.9,1.0,18,24789.2,4.604345773288515,5,5,"7,13,21,42,100"
cka_strength,mask_changes,cka_feddst,cifar10,0.9,1.0,19,0.0,0.0,5,5,"7,13,21,42,100"
cka_strength,mask_changes,cka_feddst,cifar10,0.9,1.0,20,24790.4,5.366563145999809,5,5,"7,13,21,42,100"
cka_strength,mask_changes,cka_feddst,cifar10,0.95,0.2,1,0.0,0.0,5,5,"7,13,21,42,100"
cka_strength,mask_changes,cka_feddst,cifar10,0.95,0.2,2,12390.6,12.033287165193048,5,5,"7,13,21,42,100"
cka_strength,mask_changes,cka_feddst,cifar10,0.95,0.2,3,0.0,0.0,5,5,"7,13,21,42,100"
cka_strength,mask_changes,cka_feddst,cifar10,0.95,0.2,4,12393.2,4.604345773288812,5,5,"7,13,21,42,100"
cka_strength,mask_changes,cka_feddst,cifar10,0.95,0.2,5,0.0,0.0,5,5,"7,13,21,42,100"
cka_strength,mask_changes,cka_feddst,cifar10,0.95,0.2,6,12393.2,4.604345773288812,5,5,"7,13,21,42,100"
cka_strength,mask_changes,cka_feddst,cifar10,0.95,0.2,7,0.0,0.0,5,5,"7,13,21,42,100"
cka_strength,mask_changes,cka_feddst,cifar10,0.95,0.2,8,12393.2,4.604345773288812,5,5,"7,13,21,42,100"
cka_strength,mask_changes,cka_feddst,cifar10,0.95,0.2,9,0.0,0.0,5,5,"7,13,21,42,100"
cka_strength,mask_changes,cka_feddst,cifar10,0.95,0.2,10,12393.2,4.604345773288812,5,5,"7,13,21,42,100"
cka_strength,mask_changes,cka_feddst,cifar10,0.95,0.2,11,0.0,0.0,5,5,"7,13,21,42,100"
cka_strength,mask_changes,cka_feddst,cifar10,0.95,0.2,12,12393.2,4.604345773288812,5,5,"7,13,21,42,100"
cka_strength,mask_changes,cka_feddst,cifar10,0.95,0.2,13,0.0,0.0,5,5,"7,13,21,42,100"
cka_strength,mask_changes,cka_feddst,cifar10,0.95,0.2,14,12393.2,4.604345773288812,5,5,"7,13,21,42,100"
cka_strength,mask_changes,cka_feddst,cifar10,0.95,0.2,15,0.0,0.0,5,5,"7,13,21,42,100"
cka_strength,mask_changes,cka_feddst,cifar10,0.95,0.2,16,12393.2,4.604345773288812,5,5,"7,13,21,42,100"
cka_strength,mask_changes,cka_feddst,cifar10,0.95,0.2,17,0.0,0.0,5,5,"7,13,21,42,100"
cka_strength,mask_changes,cka_feddst,cifar10,0.95,0.2,18,12393.2,4.604345773288812,5,5,"7,13,21,42,100"
cka_strength,mask_changes,cka_feddst,cifar10,0.95,0.2,19,0.0,0.0,5,5,"7,13,21,42,100"
cka_strength,mask_changes,cka_feddst,cifar10,0.95,0.2,20,12393.2,4.604345773288812,5,5,"7,13,21,42,100"
cka_strength,mask_changes,cka_feddst,cifar10,0.95,0.5,1,0.0,0.0,5,5,"7,13,21,42,100"
cka_strength,mask_changes,cka_feddst,cifar10,0.95,0.5,2,12390.6,12.033287165193048,5,5,"7,13,21,42,100"
cka_strength,mask_changes,cka_feddst,cifar10,0.95,0.5,3,0.0,0.0,5,5,"7,13,21,42,100"
cka_strength,mask_changes,cka_feddst,cifar10,0.95,0.5,4,12393.2,4.604345773288812,5,5,"7,13,21,42,100"
cka_strength,mask_changes,cka_feddst,cifar10,0.95,0.5,5,0.0,0.0,5,5,"7,13,21,42,100"
cka_strength,mask_changes,cka_feddst,cifar10,0.95,0.5,6,12393.2,4.604345773288812,5,5,"7,13,21,42,100"
cka_strength,mask_changes,cka_feddst,cifar10,0.95,0.5,7,0.0,0.0,5,5,"7,13,21,42,100"
cka_strength,mask_changes,cka_feddst,cifar10,0.95,0.5,8,12393.2,4.604345773288812,5,5,"7,13,21,42,100"
cka_strength,mask_changes,cka_feddst,cifar10,0.95,0.5,9,0.0,0.0,5,5,"7,13,21,42,100"
cka_strength,mask_changes,cka_feddst,cifar10,0.95,0.5,10,12393.2,4.604345773288812,5,5,"7,13,21,42,100"
cka_strength,mask_changes,cka_feddst,cifar10,0.95,0.5,11,0.0,0.0,5,5,"7,13,21,42,100"
cka_strength,mask_changes,cka_feddst,cifar10,0.95,0.5,12,12393.2,4.604345773288812,5,5,"7,13,21,42,100"
cka_strength,mask_changes,cka_feddst,cifar10,0.95,0.5,13,0.0,0.0,5,5,"7,13,21,42,100"
cka_strength,mask_changes,cka_feddst,cifar10,0.95,0.5,14,12393.2,4.604345773288812,5,5,"7,13,21,42,100"
cka_strength,mask_changes,cka_feddst,cifar10,0.95,0.5,15,0.0,0.0,5,5,"7,13,21,42,100"
cka_strength,mask_changes,cka_feddst,cifar10,0.95,0.5,16,12393.2,4.604345773288812,5,5,"7,13,21,42,100"
cka_strength,mask_changes,cka_feddst,cifar10,0.95,0.5,17,0.0,0.0,5,5,"7,13,21,42,100"
cka_strength,mask_changes,cka_feddst,cifar10,0.95,0.5,18,12393.2,4.604345773288812,5,5,"7,13,21,42,100"
cka_strength,mask_changes,cka_feddst,cifar10,0.95,0.5,19,0.0,0.0,5,5,"7,13,21,42,100"
cka_strength,mask_changes,cka_feddst,cifar10,0.95,0.5,20,12393.2,4.604345773288812,5,5,"7,13,21,42,100"
cka_strength,mask_changes,cka_feddst,cifar10,0.95,0.8,1,0.0,0.0,5,5,"7,13,21,42,100"
cka_strength,mask_changes,cka_feddst,cifar10,0.95,0.8,2,12390.6,12.033287165193048,5,5,"7,13,21,42,100"
cka_strength,mask_changes,cka_feddst,cifar10,0.95,0.8,3,0.0,0.0,5,5,"7,13,21,42,100"
cka_strength,mask_changes,cka_feddst,cifar10,0.95,0.8,4,12393.2,4.604345773288812,5,5,"7,13,21,42,100"
cka_strength,mask_changes,cka_feddst,cifar10,0.95,0.8,5,0.0,0.0,5,5,"7,13,21,42,100"
cka_strength,mask_changes,cka_feddst,cifar10,0.95,0.8,6,12393.2,4.604345773288812,5,5,"7,13,21,42,100"
cka_strength,mask_changes,cka_feddst,cifar10,0.95,0.8,7,0.0,0.0,5,5,"7,13,21,42,100"
cka_strength,mask_changes,cka_feddst,cifar10,0.95,0.8,8,12393.2,4.604345773288812,5,5,"7,13,21,42,100"
cka_strength,mask_changes,cka_feddst,cifar10,0.95,0.8,9,0.0,0.0,5,5,"7,13,21,42,100"
cka_strength,mask_changes,cka_feddst,cifar10,0.95,0.8,10,12393.2,4.604345773288812,5,5,"7,13,21,42,100"
cka_strength,mask_changes,cka_feddst,cifar10,0.95,0.8,11,0.0,0.0,5,5,"7,13,21,42,100"
cka_strength,mask_changes,cka_feddst,cifar10,0.95,0.8,12,12393.2,4.604345773288812,5,5,"7,13,21,42,100"
cka_strength,mask_changes,cka_feddst,cifar10,0.95,0.8,13,0.0,0.0,5,5,"7,13,21,42,100"
cka_strength,mask_changes,cka_feddst,cifar10,0.95,0.8,14,12393.2,4.604345773288812,5,5,"7,13,21,42,100"
cka_strength,mask_changes,cka_feddst,cifar10,0.95,0.8,15,0.0,0.0,5,5,"7,13,21,42,100"
cka_strength,mask_changes,cka_feddst,cifar10,0.95,0.8,16,12393.2,4.604345773288812,5,5,"7,13,21,42,100"
cka_strength,mask_changes,cka_feddst,cifar10,0.95,0.8,17,0.0,0.0,5,5,"7,13,21,42,100"
cka_strength,mask_changes,cka_feddst,cifar10,0.95,0.8,18,12393.2,4.604345773288812,5,5,"7,13,21,42,100"
cka_strength,mask_changes,cka_feddst,cifar10,0.95,0.8,19,0.0,0.0,5,5,"7,13,21,42,100"
cka_strength,mask_changes,cka_feddst,cifar10,0.95,0.8,20,12393.2,4.604345773288812,5,5,"7,13,21,42,100"
cka_strength,mask_changes,cka_feddst,cifar10,0.95,0.9,1,0.0,0.0,5,5,"7,13,21,42,100"
cka_strength,mask_changes,cka_feddst,cifar10,0.95,0.9,2,12390.6,12.033287165193048,5,5,"7,13,21,42,100"
cka_strength,mask_changes,cka_feddst,cifar10,0.95,0.9,3,0.0,0.0,5,5,"7,13,21,42,100"
cka_strength,mask_changes,cka_feddst,cifar10,0.95,0.9,4,12393.2,4.604345773288812,5,5,"7,13,21,42,100"
cka_strength,mask_changes,cka_feddst,cifar10,0.95,0.9,5,0.0,0.0,5,5,"7,13,21,42,100"
cka_strength,mask_changes,cka_feddst,cifar10,0.95,0.9,6,12393.2,4.604345773288812,5,5,"7,13,21,42,100"
cka_strength,mask_changes,cka_feddst,cifar10,0.95,0.9,7,0.0,0.0,5,5,"7,13,21,42,100"
cka_strength,mask_changes,cka_feddst,cifar10,0.95,0.9,8,12393.2,4.604345773288812,5,5,"7,13,21,42,100"
cka_strength,mask_changes,cka_feddst,cifar10,0.95,0.9,9,0.0,0.0,5,5,"7,13,21,42,100"
cka_strength,mask_changes,cka_feddst,cifar10,0.95,0.9,10,12393.2,4.604345773288812,5,5,"7,13,21,42,100"
cka_strength,mask_changes,cka_feddst,cifar10,0.95,0.9,11,0.0,0.0,5,5,"7,13,21,42,100"
cka_strength,mask_changes,cka_feddst,cifar10,0.95,0.9,12,12393.2,4.604345773288812,5,5,"7,13,21,42,100"
cka_strength,mask_changes,cka_feddst,cifar10,0.95,0.9,13,0.0,0.0,5,5,"7,13,21,42,100"
cka_strength,mask_changes,cka_feddst,cifar10,0.95,0.9,14,12393.2,4.604345773288812,5,5,"7,13,21,42,100"
cka_strength,mask_changes,cka_feddst,cifar10,0.95,0.9,15,0.0,0.0,5,5,"7,13,21,42,100"
cka_strength,mask_changes,cka_feddst,cifar10,0.95,0.9,16,12393.2,4.604345773288812,5,5,"7,13,21,42,100"
cka_strength,mask_changes,cka_feddst,cifar10,0.95,0.9,17,0.0,0.0,5,5,"7,13,21,42,100"
cka_strength,mask_changes,cka_feddst,cifar10,0.95,0.9,18,12393.2,4.604345773288812,5,5,"7,13,21,42,100"
cka_strength,mask_changes,cka_feddst,cifar10,0.95,0.9,19,0.0,0.0,5,5,"7,13,21,42,100"
cka_strength,mask_changes,cka_feddst,cifar10,0.95,0.9,20,12393.2,4.604345773288812,5,5,"7,13,21,42,100"
cka_strength,mask_changes,cka_feddst,cifar10,0.95,1.0,1,0.0,0.0,5,5,"7,13,21,42,100"
cka_strength,mask_changes,cka_feddst,cifar10,0.95,1.0,2,12390.6,12.033287165193048,5,5,"7,13,21,42,100"
cka_strength,mask_changes,cka_feddst,cifar10,0.95,1.0,3,0.0,0.0,5,5,"7,13,21,42,100"
cka_strength,mask_changes,cka_feddst,cifar10,0.95,1.0,4,12393.2,4.604345773288812,5,5,"7,13,21,42,100"
cka_strength,mask_changes,cka_feddst,cifar10,0.95,1.0,5,0.0,0.0,5,5,"7,13,21,42,100"
cka_strength,mask_changes,cka_feddst,cifar10,0.95,1.0,6,12393.2,4.604345773288812,5,5,"7,13,21,42,100"
cka_strength,mask_changes,cka_feddst,cifar10,0.95,1.0,7,0.0,0.0,5,5,"7,13,21,42,100"
cka_strength,mask_changes,cka_feddst,cifar10,0.95,1.0,8,12393.2,4.604345773288812,5,5,"7,13,21,42,100"
cka_strength,mask_changes,cka_feddst,cifar10,0.95,1.0,9,0.0,0.0,5,5,"7,13,21,42,100"
cka_strength,mask_changes,cka_feddst,cifar10,0.95,1.0,10,12393.2,4.604345773288812,5,5,"7,13,21,42,100"
cka_strength,mask_changes,cka_feddst,cifar10,0.95,1.0,11,0.0,0.0,5,5,"7,13,21,42,100"
cka_strength,mask_changes,cka_feddst,cifar10,0.95,1.0,12,12393.2,4.604345773288812,5,5,"7,13,21,42,100"
cka_strength,mask_changes,cka_feddst,cifar10,0.95,1.0,13,0.0,0.0,5,5,"7,13,21,42,100"
cka_strength,mask_changes,cka_feddst,cifar10,0.95,1.0,14,12393.2,4.604345773288812,5,5,"7,13,21,42,100"
cka_strength,mask_changes,cka_feddst,cifar10,0.95,1.0,15,0.0,0.0,5,5,"7,13,21,42,100"
cka_strength,mask_changes,cka_feddst,cifar10,0.95,1.0,16,12393.2,4.604345773288812,5,5,"7,13,21,42,100"
cka_strength,mask_changes,cka_feddst,cifar10,0.95,1.0,17,0.0,0.0,5,5,"7,13,21,42,100"
cka_strength,mask_changes,cka_feddst,cifar10,0.95,1.0,18,12393.2,4.604345773288812,5,5,"7,13,21,42,100"
cka_strength,mask_changes,cka_feddst,cifar10,0.95,1.0,19,0.0,0.0,5,5,"7,13,21,42,100"
cka_strength,mask_changes,cka_feddst,cifar10,0.95,1.0,20,12393.2,4.604345773288812,5,5,"7,13,21,42,100"
cka_strength,cka_computed,cka_feddst,cifar10,0.5,0.2,1,0.0,0.0,5,5,"7,13,21,42,100"
cka_strength,cka_computed,cka_feddst,cifar10,0.5,0.2,2,1.0,0.0,5,5,"7,13,21,42,100"
cka_strength,cka_computed,cka_feddst,cifar10,0.5,0.2,3,0.0,0.0,5,5,"7,13,21,42,100"
cka_strength,cka_computed,cka_feddst,cifar10,0.5,0.2,4,1.0,0.0,5,5,"7,13,21,42,100"
cka_strength,cka_computed,cka_feddst,cifar10,0.5,0.2,5,0.0,0.0,5,5,"7,13,21,42,100"
cka_strength,cka_computed,cka_feddst,cifar10,0.5,0.2,6,1.0,0.0,5,5,"7,13,21,42,100"
cka_strength,cka_computed,cka_feddst,cifar10,0.5,0.2,7,0.0,0.0,5,5,"7,13,21,42,100"
cka_strength,cka_computed,cka_feddst,cifar10,0.5,0.2,8,1.0,0.0,5,5,"7,13,21,42,100"
cka_strength,cka_computed,cka_feddst,cifar10,0.5,0.2,9,0.0,0.0,5,5,"7,13,21,42,100"
cka_strength,cka_computed,cka_feddst,cifar10,0.5,0.2,10,1.0,0.0,5,5,"7,13,21,42,100"
cka_strength,cka_computed,cka_feddst,cifar10,0.5,0.2,11,0.0,0.0,5,5,"7,13,21,42,100"
cka_strength,cka_computed,cka_feddst,cifar10,0.5,0.2,12,1.0,0.0,5,5,"7,13,21,42,100"
cka_strength,cka_computed,cka_feddst,cifar10,0.5,0.2,13,0.0,0.0,5,5,"7,13,21,42,100"
cka_strength,cka_computed,cka_feddst,cifar10,0.5,0.2,14,1.0,0.0,5,5,"7,13,21,42,100"
cka_strength,cka_computed,cka_feddst,cifar10,0.5,0.2,15,0.0,0.0,5,5,"7,13,21,42,100"
cka_strength,cka_computed,cka_feddst,cifar10,0.5,0.2,16,1.0,0.0,5,5,"7,13,21,42,100"
cka_strength,cka_computed,cka_feddst,cifar10,0.5,0.2,17,0.0,0.0,5,5,"7,13,21,42,100"
cka_strength,cka_computed,cka_feddst,cifar10,0.5,0.2,18,1.0,0.0,5,5,"7,13,21,42,100"
cka_strength,cka_computed,cka_feddst,cifar10,0.5,0.2,19,0.0,0.0,5,5,"7,13,21,42,100"
cka_strength,cka_computed,cka_feddst,cifar10,0.5,0.2,20,1.0,0.0,5,5,"7,13,21,42,100"
cka_strength,cka_computed,cka_feddst,cifar10,0.5,0.5,1,0.0,0.0,5,5,"7,13,21,42,100"
cka_strength,cka_computed,cka_feddst,cifar10,0.5,0.5,2,1.0,0.0,5,5,"7,13,21,42,100"
cka_strength,cka_computed,cka_feddst,cifar10,0.5,0.5,3,0.0,0.0,5,5,"7,13,21,42,100"
cka_strength,cka_computed,cka_feddst,cifar10,0.5,0.5,4,1.0,0.0,5,5,"7,13,21,42,100"
cka_strength,cka_computed,cka_feddst,cifar10,0.5,0.5,5,0.0,0.0,5,5,"7,13,21,42,100"
cka_strength,cka_computed,cka_feddst,cifar10,0.5,0.5,6,1.0,0.0,5,5,"7,13,21,42,100"
cka_strength,cka_computed,cka_feddst,cifar10,0.5,0.5,7,0.0,0.0,5,5,"7,13,21,42,100"
cka_strength,cka_computed,cka_feddst,cifar10,0.5,0.5,8,1.0,0.0,5,5,"7,13,21,42,100"
cka_strength,cka_computed,cka_feddst,cifar10,0.5,0.5,9,0.0,0.0,5,5,"7,13,21,42,100"
cka_strength,cka_computed,cka_feddst,cifar10,0.5,0.5,10,1.0,0.0,5,5,"7,13,21,42,100"
cka_strength,cka_computed,cka_feddst,cifar10,0.5,0.5,11,0.0,0.0,5,5,"7,13,21,42,100"
cka_strength,cka_computed,cka_feddst,cifar10,0.5,0.5,12,1.0,0.0,5,5,"7,13,21,42,100"
cka_strength,cka_computed,cka_feddst,cifar10,0.5,0.5,13,0.0,0.0,5,5,"7,13,21,42,100"
cka_strength,cka_computed,cka_feddst,cifar10,0.5,0.5,14,1.0,0.0,5,5,"7,13,21,42,100"
cka_strength,cka_computed,cka_feddst,cifar10,0.5,0.5,15,0.0,0.0,5,5,"7,13,21,42,100"
cka_strength,cka_computed,cka_feddst,cifar10,0.5,0.5,16,1.0,0.0,5,5,"7,13,21,42,100"
cka_strength,cka_computed,cka_feddst,cifar10,0.5,0.5,17,0.0,0.0,5,5,"7,13,21,42,100"
cka_strength,cka_computed,cka_feddst,cifar10,0.5,0.5,18,1.0,0.0,5,5,"7,13,21,42,100"
cka_strength,cka_computed,cka_feddst,cifar10,0.5,0.5,19,0.0,0.0,5,5,"7,13,21,42,100"
cka_strength,cka_computed,cka_feddst,cifar10,0.5,0.5,20,1.0,0.0,5,5,"7,13,21,42,100"
cka_strength,cka_computed,cka_feddst,cifar10,0.5,0.8,1,0.0,0.0,5,5,"7,13,21,42,100"
cka_strength,cka_computed,cka_feddst,cifar10,0.5,0.8,2,1.0,0.0,5,5,"7,13,21,42,100"
cka_strength,cka_computed,cka_feddst,cifar10,0.5,0.8,3,0.0,0.0,5,5,"7,13,21,42,100"
cka_strength,cka_computed,cka_feddst,cifar10,0.5,0.8,4,1.0,0.0,5,5,"7,13,21,42,100"
cka_strength,cka_computed,cka_feddst,cifar10,0.5,0.8,5,0.0,0.0,5,5,"7,13,21,42,100"
cka_strength,cka_computed,cka_feddst,cifar10,0.5,0.8,6,1.0,0.0,5,5,"7,13,21,42,100"
cka_strength,cka_computed,cka_feddst,cifar10,0.5,0.8,7,0.0,0.0,5,5,"7,13,21,42,100"
cka_strength,cka_computed,cka_feddst,cifar10,0.5,0.8,8,1.0,0.0,5,5,"7,13,21,42,100"
cka_strength,cka_computed,cka_feddst,cifar10,0.5,0.8,9,0.0,0.0,5,5,"7,13,21,42,100"
cka_strength,cka_computed,cka_feddst,cifar10,0.5,0.8,10,1.0,0.0,5,5,"7,13,21,42,100"
cka_strength,cka_computed,cka_feddst,cifar10,0.5,0.8,11,0.0,0.0,5,5,"7,13,21,42,100"
cka_strength,cka_computed,cka_feddst,cifar10,0.5,0.8,12,1.0,0.0,5,5,"7,13,21,42,100"
cka_strength,cka_computed,cka_feddst,cifar10,0.5,0.8,13,0.0,0.0,5,5,"7,13,21,42,100"
cka_strength,cka_computed,cka_feddst,cifar10,0.5,0.8,14,1.0,0.0,5,5,"7,13,21,42,100"
cka_strength,cka_computed,cka_feddst,cifar10,0.5,0.8,15,0.0,0.0,5,5,"7,13,21,42,100"
cka_strength,cka_computed,cka_feddst,cifar10,0.5,0.8,16,1.0,0.0,5,5,"7,13,21,42,100"
cka_strength,cka_computed,cka_feddst,cifar10,0.5,0.8,17,0.0,0.0,5,5,"7,13,21,42,100"
cka_strength,cka_computed,cka_feddst,cifar10,0.5,0.8,18,1.0,0.0,5,5,"7,13,21,42,100"
cka_strength,cka_computed,cka_feddst,cifar10,0.5,0.8,19,0.0,0.0,5,5,"7,13,21,42,100"
cka_strength,cka_computed,cka_feddst,cifar10,0.5,0.8,20,1.0,0.0,5,5,"7,13,21,42,100"
cka_strength,cka_computed,cka_feddst,cifar10,0.5,0.9,1,0.0,0.0,5,5,"7,13,21,42,100"
cka_strength,cka_computed,cka_feddst,cifar10,0.5,0.9,2,1.0,0.0,5,5,"7,13,21,42,100"
cka_strength,cka_computed,cka_feddst,cifar10,0.5,0.9,3,0.0,0.0,5,5,"7,13,21,42,100"
cka_strength,cka_computed,cka_feddst,cifar10,0.5,0.9,4,1.0,0.0,5,5,"7,13,21,42,100"
cka_strength,cka_computed,cka_feddst,cifar10,0.5,0.9,5,0.0,0.0,5,5,"7,13,21,42,100"
cka_strength,cka_computed,cka_feddst,cifar10,0.5,0.9,6,1.0,0.0,5,5,"7,13,21,42,100"
cka_strength,cka_computed,cka_feddst,cifar10,0.5,0.9,7,0.0,0.0,5,5,"7,13,21,42,100"
cka_strength,cka_computed,cka_feddst,cifar10,0.5,0.9,8,1.0,0.0,5,5,"7,13,21,42,100"
cka_strength,cka_computed,cka_feddst,cifar10,0.5,0.9,9,0.0,0.0,5,5,"7,13,21,42,100"
cka_strength,cka_computed,cka_feddst,cifar10,0.5,0.9,10,1.0,0.0,5,5,"7,13,21,42,100"
cka_strength,cka_computed,cka_feddst,cifar10,0.5,0.9,11,0.0,0.0,5,5,"7,13,21,42,100"
cka_strength,cka_computed,cka_feddst,cifar10,0.5,0.9,12,1.0,0.0,5,5,"7,13,21,42,100"
cka_strength,cka_computed,cka_feddst,cifar10,0.5,0.9,13,0.0,0.0,5,5,"7,13,21,42,100"
cka_strength,cka_computed,cka_feddst,cifar10,0.5,0.9,14,1.0,0.0,5,5,"7,13,21,42,100"
cka_strength,cka_computed,cka_feddst,cifar10,0.5,0.9,15,0.0,0.0,5,5,"7,13,21,42,100"
cka_strength,cka_computed,cka_feddst,cifar10,0.5,0.9,16,1.0,0.0,5,5,"7,13,21,42,100"
cka_strength,cka_computed,cka_feddst,cifar10,0.5,0.9,17,0.0,0.0,5,5,"7,13,21,42,100"
cka_strength,cka_computed,cka_feddst,cifar10,0.5,0.9,18,1.0,0.0,5,5,"7,13,21,42,100"
cka_strength,cka_computed,cka_feddst,cifar10,0.5,0.9,19,0.0,0.0,5,5,"7,13,21,42,100"
cka_strength,cka_computed,cka_feddst,cifar10,0.5,0.9,20,1.0,0.0,5,5,"7,13,21,42,100"
cka_strength,cka_computed,cka_feddst,cifar10,0.5,1.0,1,0.0,0.0,5,5,"7,13,21,42,100"
cka_strength,cka_computed,cka_feddst,cifar10,0.5,1.0,2,1.0,0.0,5,5,"7,13,21,42,100"
cka_strength,cka_computed,cka_feddst,cifar10,0.5,1.0,3,0.0,0.0,5,5,"7,13,21,42,100"
cka_strength,cka_computed,cka_feddst,cifar10,0.5,1.0,4,1.0,0.0,5,5,"7,13,21,42,100"
cka_strength,cka_computed,cka_feddst,cifar10,0.5,1.0,5,0.0,0.0,5,5,"7,13,21,42,100"
cka_strength,cka_computed,cka_feddst,cifar10,0.5,1.0,6,1.0,0.0,5,5,"7,13,21,42,100"
cka_strength,cka_computed,cka_feddst,cifar10,0.5,1.0,7,0.0,0.0,5,5,"7,13,21,42,100"
cka_strength,cka_computed,cka_feddst,cifar10,0.5,1.0,8,1.0,0.0,5,5,"7,13,21,42,100"
cka_strength,cka_computed,cka_feddst,cifar10,0.5,1.0,9,0.0,0.0,5,5,"7,13,21,42,100"
cka_strength,cka_computed,cka_feddst,cifar10,0.5,1.0,10,1.0,0.0,5,5,"7,13,21,42,100"
cka_strength,cka_computed,cka_feddst,cifar10,0.5,1.0,11,0.0,0.0,5,5,"7,13,21,42,100"
cka_strength,cka_computed,cka_feddst,cifar10,0.5,1.0,12,1.0,0.0,5,5,"7,13,21,42,100"
cka_strength,cka_computed,cka_feddst,cifar10,0.5,1.0,13,0.0,0.0,5,5,"7,13,21,42,100"
cka_strength,cka_computed,cka_feddst,cifar10,0.5,1.0,14,1.0,0.0,5,5,"7,13,21,42,100"
cka_strength,cka_computed,cka_feddst,cifar10,0.5,1.0,15,0.0,0.0,5,5,"7,13,21,42,100"
cka_strength,cka_computed,cka_feddst,cifar10,0.5,1.0,16,1.0,0.0,5,5,"7,13,21,42,100"
cka_strength,cka_computed,cka_feddst,cifar10,0.5,1.0,17,0.0,0.0,5,5,"7,13,21,42,100"
cka_strength,cka_computed,cka_feddst,cifar10,0.5,1.0,18,1.0,0.0,5,5,"7,13,21,42,100"
cka_strength,cka_computed,cka_feddst,cifar10,0.5,1.0,19,0.0,0.0,5,5,"7,13,21,42,100"
cka_strength,cka_computed,cka_feddst,cifar10,0.5,1.0,20,1.0,0.0,5,5,"7,13,21,42,100"
cka_strength,cka_computed,cka_feddst,cifar10,0.7,0.2,1,0.0,0.0,5,5,"7,13,21,42,100"
cka_strength,cka_computed,cka_feddst,cifar10,0.7,0.2,2,1.0,0.0,5,5,"7,13,21,42,100"
cka_strength,cka_computed,cka_feddst,cifar10,0.7,0.2,3,0.0,0.0,5,5,"7,13,21,42,100"
cka_strength,cka_computed,cka_feddst,cifar10,0.7,0.2,4,1.0,0.0,5,5,"7,13,21,42,100"
cka_strength,cka_computed,cka_feddst,cifar10,0.7,0.2,5,0.0,0.0,5,5,"7,13,21,42,100"
cka_strength,cka_computed,cka_feddst,cifar10,0.7,0.2,6,1.0,0.0,5,5,"7,13,21,42,100"
cka_strength,cka_computed,cka_feddst,cifar10,0.7,0.2,7,0.0,0.0,5,5,"7,13,21,42,100"
cka_strength,cka_computed,cka_feddst,cifar10,0.7,0.2,8,1.0,0.0,5,5,"7,13,21,42,100"
cka_strength,cka_computed,cka_feddst,cifar10,0.7,0.2,9,0.0,0.0,5,5,"7,13,21,42,100"
cka_strength,cka_computed,cka_feddst,cifar10,0.7,0.2,10,1.0,0.0,5,5,"7,13,21,42,100"
cka_strength,cka_computed,cka_feddst,cifar10,0.7,0.2,11,0.0,0.0,5,5,"7,13,21,42,100"
cka_strength,cka_computed,cka_feddst,cifar10,0.7,0.2,12,1.0,0.0,5,5,"7,13,21,42,100"
cka_strength,cka_computed,cka_feddst,cifar10,0.7,0.2,13,0.0,0.0,5,5,"7,13,21,42,100"
cka_strength,cka_computed,cka_feddst,cifar10,0.7,0.2,14,1.0,0.0,5,5,"7,13,21,42,100"
cka_strength,cka_computed,cka_feddst,cifar10,0.7,0.2,15,0.0,0.0,5,5,"7,13,21,42,100"
cka_strength,cka_computed,cka_feddst,cifar10,0.7,0.2,16,1.0,0.0,5,5,"7,13,21,42,100"
cka_strength,cka_computed,cka_feddst,cifar10,0.7,0.2,17,0.0,0.0,5,5,"7,13,21,42,100"
cka_strength,cka_computed,cka_feddst,cifar10,0.7,0.2,18,1.0,0.0,5,5,"7,13,21,42,100"
cka_strength,cka_computed,cka_feddst,cifar10,0.7,0.2,19,0.0,0.0,5,5,"7,13,21,42,100"
cka_strength,cka_computed,cka_feddst,cifar10,0.7,0.2,20,1.0,0.0,5,5,"7,13,21,42,100"
cka_strength,cka_computed,cka_feddst,cifar10,0.7,0.5,1,0.0,0.0,5,5,"7,13,21,42,100"
cka_strength,cka_computed,cka_feddst,cifar10,0.7,0.5,2,1.0,0.0,5,5,"7,13,21,42,100"
cka_strength,cka_computed,cka_feddst,cifar10,0.7,0.5,3,0.0,0.0,5,5,"7,13,21,42,100"
cka_strength,cka_computed,cka_feddst,cifar10,0.7,0.5,4,1.0,0.0,5,5,"7,13,21,42,100"
cka_strength,cka_computed,cka_feddst,cifar10,0.7,0.5,5,0.0,0.0,5,5,"7,13,21,42,100"
cka_strength,cka_computed,cka_feddst,cifar10,0.7,0.5,6,1.0,0.0,5,5,"7,13,21,42,100"
cka_strength,cka_computed,cka_feddst,cifar10,0.7,0.5,7,0.0,0.0,5,5,"7,13,21,42,100"
cka_strength,cka_computed,cka_feddst,cifar10,0.7,0.5,8,1.0,0.0,5,5,"7,13,21,42,100"
cka_strength,cka_computed,cka_feddst,cifar10,0.7,0.5,9,0.0,0.0,5,5,"7,13,21,42,100"
cka_strength,cka_computed,cka_feddst,cifar10,0.7,0.5,10,1.0,0.0,5,5,"7,13,21,42,100"
cka_strength,cka_computed,cka_feddst,cifar10,0.7,0.5,11,0.0,0.0,5,5,"7,13,21,42,100"
cka_strength,cka_computed,cka_feddst,cifar10,0.7,0.5,12,1.0,0.0,5,5,"7,13,21,42,100"
cka_strength,cka_computed,cka_feddst,cifar10,0.7,0.5,13,0.0,0.0,5,5,"7,13,21,42,100"
cka_strength,cka_computed,cka_feddst,cifar10,0.7,0.5,14,1.0,0.0,5,5,"7,13,21,42,100"
cka_strength,cka_computed,cka_feddst,cifar10,0.7,0.5,15,0.0,0.0,5,5,"7,13,21,42,100"
cka_strength,cka_computed,cka_feddst,cifar10,0.7,0.5,16,1.0,0.0,5,5,"7,13,21,42,100"
cka_strength,cka_computed,cka_feddst,cifar10,0.7,0.5,17,0.0,0.0,5,5,"7,13,21,42,100"
cka_strength,cka_computed,cka_feddst,cifar10,0.7,0.5,18,1.0,0.0,5,5,"7,13,21,42,100"
cka_strength,cka_computed,cka_feddst,cifar10,0.7,0.5,19,0.0,0.0,5,5,"7,13,21,42,100"
cka_strength,cka_computed,cka_feddst,cifar10,0.7,0.5,20,1.0,0.0,5,5,"7,13,21,42,100"
cka_strength,cka_computed,cka_feddst,cifar10,0.7,0.8,1,0.0,0.0,5,5,"7,13,21,42,100"
cka_strength,cka_computed,cka_feddst,cifar10,0.7,0.8,2,1.0,0.0,5,5,"7,13,21,42,100"
cka_strength,cka_computed,cka_feddst,cifar10,0.7,0.8,3,0.0,0.0,5,5,"7,13,21,42,100"
cka_strength,cka_computed,cka_feddst,cifar10,0.7,0.8,4,1.0,0.0,5,5,"7,13,21,42,100"
cka_strength,cka_computed,cka_feddst,cifar10,0.7,0.8,5,0.0,0.0,5,5,"7,13,21,42,100"
cka_strength,cka_computed,cka_feddst,cifar10,0.7,0.8,6,1.0,0.0,5,5,"7,13,21,42,100"
cka_strength,cka_computed,cka_feddst,cifar10,0.7,0.8,7,0.0,0.0,5,5,"7,13,21,42,100"
cka_strength,cka_computed,cka_feddst,cifar10,0.7,0.8,8,1.0,0.0,5,5,"7,13,21,42,100"
cka_strength,cka_computed,cka_feddst,cifar10,0.7,0.8,9,0.0,0.0,5,5,"7,13,21,42,100"
cka_strength,cka_computed,cka_feddst,cifar10,0.7,0.8,10,1.0,0.0,5,5,"7,13,21,42,100"
cka_strength,cka_computed,cka_feddst,cifar10,0.7,0.8,11,0.0,0.0,5,5,"7,13,21,42,100"
cka_strength,cka_computed,cka_feddst,cifar10,0.7,0.8,12,1.0,0.0,5,5,"7,13,21,42,100"
cka_strength,cka_computed,cka_feddst,cifar10,0.7,0.8,13,0.0,0.0,5,5,"7,13,21,42,100"
cka_strength,cka_computed,cka_feddst,cifar10,0.7,0.8,14,1.0,0.0,5,5,"7,13,21,42,100"
cka_strength,cka_computed,cka_feddst,cifar10,0.7,0.8,15,0.0,0.0,5,5,"7,13,21,42,100"
cka_strength,cka_computed,cka_feddst,cifar10,0.7,0.8,16,1.0,0.0,5,5,"7,13,21,42,100"
cka_strength,cka_computed,cka_feddst,cifar10,0.7,0.8,17,0.0,0.0,5,5,"7,13,21,42,100"
cka_strength,cka_computed,cka_feddst,cifar10,0.7,0.8,18,1.0,0.0,5,5,"7,13,21,42,100"
cka_strength,cka_computed,cka_feddst,cifar10,0.7,0.8,19,0.0,0.0,5,5,"7,13,21,42,100"
cka_strength,cka_computed,cka_feddst,cifar10,0.7,0.8,20,1.0,0.0,5,5,"7,13,21,42,100"
cka_strength,cka_computed,cka_feddst,cifar10,0.7,0.9,1,0.0,0.0,5,5,"7,13,21,42,100"
cka_strength,cka_computed,cka_feddst,cifar10,0.7,0.9,2,1.0,0.0,5,5,"7,13,21,42,100"
cka_strength,cka_computed,cka_feddst,cifar10,0.7,0.9,3,0.0,0.0,5,5,"7,13,21,42,100"
cka_strength,cka_computed,cka_feddst,cifar10,0.7,0.9,4,1.0,0.0,5,5,"7,13,21,42,100"
cka_strength,cka_computed,cka_feddst,cifar10,0.7,0.9,5,0.0,0.0,5,5,"7,13,21,42,100"
cka_strength,cka_computed,cka_feddst,cifar10,0.7,0.9,6,1.0,0.0,5,5,"7,13,21,42,100"
cka_strength,cka_computed,cka_feddst,cifar10,0.7,0.9,7,0.0,0.0,5,5,"7,13,21,42,100"
cka_strength,cka_computed,cka_feddst,cifar10,0.7,0.9,8,1.0,0.0,5,5,"7,13,21,42,100"
cka_strength,cka_computed,cka_feddst,cifar10,0.7,0.9,9,0.0,0.0,5,5,"7,13,21,42,100"
cka_strength,cka_computed,cka_feddst,cifar10,0.7,0.9,10,1.0,0.0,5,5,"7,13,21,42,100"
cka_strength,cka_computed,cka_feddst,cifar10,0.7,0.9,11,0.0,0.0,5,5,"7,13,21,42,100"
cka_strength,cka_computed,cka_feddst,cifar10,0.7,0.9,12,1.0,0.0,5,5,"7,13,21,42,100"
cka_strength,cka_computed,cka_feddst,cifar10,0.7,0.9,13,0.0,0.0,5,5,"7,13,21,42,100"
cka_strength,cka_computed,cka_feddst,cifar10,0.7,0.9,14,1.0,0.0,5,5,"7,13,21,42,100"
cka_strength,cka_computed,cka_feddst,cifar10,0.7,0.9,15,0.0,0.0,5,5,"7,13,21,42,100"
cka_strength,cka_computed,cka_feddst,cifar10,0.7,0.9,16,1.0,0.0,5,5,"7,13,21,42,100"
cka_strength,cka_computed,cka_feddst,cifar10,0.7,0.9,17,0.0,0.0,5,5,"7,13,21,42,100"
cka_strength,cka_computed,cka_feddst,cifar10,0.7,0.9,18,1.0,0.0,5,5,"7,13,21,42,100"
cka_strength,cka_computed,cka_feddst,cifar10,0.7,0.9,19,0.0,0.0,5,5,"7,13,21,42,100"
cka_strength,cka_computed,cka_feddst,cifar10,0.7,0.9,20,1.0,0.0,5,5,"7,13,21,42,100"
cka_strength,cka_computed,cka_feddst,cifar10,0.7,1.0,1,0.0,0.0,5,5,"7,13,21,42,100"
cka_strength,cka_computed,cka_feddst,cifar10,0.7,1.0,2,1.0,0.0,5,5,"7,13,21,42,100"
cka_strength,cka_computed,cka_feddst,cifar10,0.7,1.0,3,0.0,0.0,5,5,"7,13,21,42,100"
cka_strength,cka_computed,cka_feddst,cifar10,0.7,1.0,4,1.0,0.0,5,5,"7,13,21,42,100"
cka_strength,cka_computed,cka_feddst,cifar10,0.7,1.0,5,0.0,0.0,5,5,"7,13,21,42,100"
cka_strength,cka_computed,cka_feddst,cifar10,0.7,1.0,6,1.0,0.0,5,5,"7,13,21,42,100"
cka_strength,cka_computed,cka_feddst,cifar10,0.7,1.0,7,0.0,0.0,5,5,"7,13,21,42,100"
cka_strength,cka_computed,cka_feddst,cifar10,0.7,1.0,8,1.0,0.0,5,5,"7,13,21,42,100"
cka_strength,cka_computed,cka_feddst,cifar10,0.7,1.0,9,0.0,0.0,5,5,"7,13,21,42,100"
cka_strength,cka_computed,cka_feddst,cifar10,0.7,1.0,10,1.0,0.0,5,5,"7,13,21,42,100"
cka_strength,cka_computed,cka_feddst,cifar10,0.7,1.0,11,0.0,0.0,5,5,"7,13,21,42,100"
cka_strength,cka_computed,cka_feddst,cifar10,0.7,1.0,12,1.0,0.0,5,5,"7,13,21,42,100"
cka_strength,cka_computed,cka_feddst,cifar10,0.7,1.0,13,0.0,0.0,5,5,"7,13,21,42,100"
cka_strength,cka_computed,cka_feddst,cifar10,0.7,1.0,14,1.0,0.0,5,5,"7,13,21,42,100"
cka_strength,cka_computed,cka_feddst,cifar10,0.7,1.0,15,0.0,0.0,5,5,"7,13,21,42,100"
cka_strength,cka_computed,cka_feddst,cifar10,0.7,1.0,16,1.0,0.0,5,5,"7,13,21,42,100"
cka_strength,cka_computed,cka_feddst,cifar10,0.7,1.0,17,0.0,0.0,5,5,"7,13,21,42,100"
cka_strength,cka_computed,cka_feddst,cifar10,0.7,1.0,18,1.0,0.0,5,5,"7,13,21,42,100"
cka_strength,cka_computed,cka_feddst,cifar10,0.7,1.0,19,0.0,0.0,5,5,"7,13,21,42,100"
cka_strength,cka_computed,cka_feddst,cifar10,0.7,1.0,20,1.0,0.0,5,5,"7,13,21,42,100"
cka_strength,cka_computed,cka_feddst,cifar10,0.8,0.2,1,0.0,0.0,5,5,"7,13,21,42,100"
cka_strength,cka_computed,cka_feddst,cifar10,0.8,0.2,2,1.0,0.0,5,5,"7,13,21,42,100"
cka_strength,cka_computed,cka_feddst,cifar10,0.8,0.2,3,0.0,0.0,5,5,"7,13,21,42,100"
cka_strength,cka_computed,cka_feddst,cifar10,0.8,0.2,4,1.0,0.0,5,5,"7,13,21,42,100"
cka_strength,cka_computed,cka_feddst,cifar10,0.8,0.2,5,0.0,0.0,5,5,"7,13,21,42,100"
cka_strength,cka_computed,cka_feddst,cifar10,0.8,0.2,6,1.0,0.0,5,5,"7,13,21,42,100"
cka_strength,cka_computed,cka_feddst,cifar10,0.8,0.2,7,0.0,0.0,5,5,"7,13,21,42,100"
cka_strength,cka_computed,cka_feddst,cifar10,0.8,0.2,8,1.0,0.0,5,5,"7,13,21,42,100"
cka_strength,cka_computed,cka_feddst,cifar10,0.8,0.2,9,0.0,0.0,5,5,"7,13,21,42,100"
cka_strength,cka_computed,cka_feddst,cifar10,0.8,0.2,10,1.0,0.0,5,5,"7,13,21,42,100"
cka_strength,cka_computed,cka_feddst,cifar10,0.8,0.2,11,0.0,0.0,5,5,"7,13,21,42,100"
cka_strength,cka_computed,cka_feddst,cifar10,0.8,0.2,12,1.0,0.0,5,5,"7,13,21,42,100"
cka_strength,cka_computed,cka_feddst,cifar10,0.8,0.2,13,0.0,0.0,5,5,"7,13,21,42,100"
cka_strength,cka_computed,cka_feddst,cifar10,0.8,0.2,14,1.0,0.0,5,5,"7,13,21,42,100"
cka_strength,cka_computed,cka_feddst,cifar10,0.8,0.2,15,0.0,0.0,5,5,"7,13,21,42,100"
cka_strength,cka_computed,cka_feddst,cifar10,0.8,0.2,16,1.0,0.0,5,5,"7,13,21,42,100"
cka_strength,cka_computed,cka_feddst,cifar10,0.8,0.2,17,0.0,0.0,5,5,"7,13,21,42,100"
cka_strength,cka_computed,cka_feddst,cifar10,0.8,0.2,18,1.0,0.0,5,5,"7,13,21,42,100"
cka_strength,cka_computed,cka_feddst,cifar10,0.8,0.2,19,0.0,0.0,5,5,"7,13,21,42,100"
cka_strength,cka_computed,cka_feddst,cifar10,0.8,0.2,20,1.0,0.0,5,5,"7,13,21,42,100"
cka_strength,cka_computed,cka_feddst,cifar10,0.8,0.5,1,0.0,0.0,5,5,"7,13,21,42,100"
cka_strength,cka_computed,cka_feddst,cifar10,0.8,0.5,2,1.0,0.0,5,5,"7,13,21,42,100"
cka_strength,cka_computed,cka_feddst,cifar10,0.8,0.5,3,0.0,0.0,5,5,"7,13,21,42,100"
cka_strength,cka_computed,cka_feddst,cifar10,0.8,0.5,4,1.0,0.0,5,5,"7,13,21,42,100"
cka_strength,cka_computed,cka_feddst,cifar10,0.8,0.5,5,0.0,0.0,5,5,"7,13,21,42,100"
cka_strength,cka_computed,cka_feddst,cifar10,0.8,0.5,6,1.0,0.0,5,5,"7,13,21,42,100"
cka_strength,cka_computed,cka_feddst,cifar10,0.8,0.5,7,0.0,0.0,5,5,"7,13,21,42,100"
cka_strength,cka_computed,cka_feddst,cifar10,0.8,0.5,8,1.0,0.0,5,5,"7,13,21,42,100"
cka_strength,cka_computed,cka_feddst,cifar10,0.8,0.5,9,0.0,0.0,5,5,"7,13,21,42,100"
cka_strength,cka_computed,cka_feddst,cifar10,0.8,0.5,10,1.0,0.0,5,5,"7,13,21,42,100"
cka_strength,cka_computed,cka_feddst,cifar10,0.8,0.5,11,0.0,0.0,5,5,"7,13,21,42,100"
cka_strength,cka_computed,cka_feddst,cifar10,0.8,0.5,12,1.0,0.0,5,5,"7,13,21,42,100"
cka_strength,cka_computed,cka_feddst,cifar10,0.8,0.5,13,0.0,0.0,5,5,"7,13,21,42,100"
cka_strength,cka_computed,cka_feddst,cifar10,0.8,0.5,14,1.0,0.0,5,5,"7,13,21,42,100"
cka_strength,cka_computed,cka_feddst,cifar10,0.8,0.5,15,0.0,0.0,5,5,"7,13,21,42,100"
cka_strength,cka_computed,cka_feddst,cifar10,0.8,0.5,16,1.0,0.0,5,5,"7,13,21,42,100"
cka_strength,cka_computed,cka_feddst,cifar10,0.8,0.5,17,0.0,0.0,5,5,"7,13,21,42,100"
cka_strength,cka_computed,cka_feddst,cifar10,0.8,0.5,18,1.0,0.0,5,5,"7,13,21,42,100"
cka_strength,cka_computed,cka_feddst,cifar10,0.8,0.5,19,0.0,0.0,5,5,"7,13,21,42,100"
cka_strength,cka_computed,cka_feddst,cifar10,0.8,0.5,20,1.0,0.0,5,5,"7,13,21,42,100"
cka_strength,cka_computed,cka_feddst,cifar10,0.8,0.8,1,0.0,0.0,5,5,"7,13,21,42,100"
cka_strength,cka_computed,cka_feddst,cifar10,0.8,0.8,2,1.0,0.0,5,5,"7,13,21,42,100"
cka_strength,cka_computed,cka_feddst,cifar10,0.8,0.8,3,0.0,0.0,5,5,"7,13,21,42,100"
cka_strength,cka_computed,cka_feddst,cifar10,0.8,0.8,4,1.0,0.0,5,5,"7,13,21,42,100"
cka_strength,cka_computed,cka_feddst,cifar10,0.8,0.8,5,0.0,0.0,5,5,"7,13,21,42,100"
cka_strength,cka_computed,cka_feddst,cifar10,0.8,0.8,6,1.0,0.0,5,5,"7,13,21,42,100"
cka_strength,cka_computed,cka_feddst,cifar10,0.8,0.8,7,0.0,0.0,5,5,"7,13,21,42,100"
cka_strength,cka_computed,cka_feddst,cifar10,0.8,0.8,8,1.0,0.0,5,5,"7,13,21,42,100"
cka_strength,cka_computed,cka_feddst,cifar10,0.8,0.8,9,0.0,0.0,5,5,"7,13,21,42,100"
cka_strength,cka_computed,cka_feddst,cifar10,0.8,0.8,10,1.0,0.0,5,5,"7,13,21,42,100"
cka_strength,cka_computed,cka_feddst,cifar10,0.8,0.8,11,0.0,0.0,5,5,"7,13,21,42,100"
cka_strength,cka_computed,cka_feddst,cifar10,0.8,0.8,12,1.0,0.0,5,5,"7,13,21,42,100"
cka_strength,cka_computed,cka_feddst,cifar10,0.8,0.8,13,0.0,0.0,5,5,"7,13,21,42,100"
cka_strength,cka_computed,cka_feddst,cifar10,0.8,0.8,14,1.0,0.0,5,5,"7,13,21,42,100"
cka_strength,cka_computed,cka_feddst,cifar10,0.8,0.8,15,0.0,0.0,5,5,"7,13,21,42,100"
cka_strength,cka_computed,cka_feddst,cifar10,0.8,0.8,16,1.0,0.0,5,5,"7,13,21,42,100"
cka_strength,cka_computed,cka_feddst,cifar10,0.8,0.8,17,0.0,0.0,5,5,"7,13,21,42,100"
cka_strength,cka_computed,cka_feddst,cifar10,0.8,0.8,18,1.0,0.0,5,5,"7,13,21,42,100"
cka_strength,cka_computed,cka_feddst,cifar10,0.8,0.8,19,0.0,0.0,5,5,"7,13,21,42,100"
cka_strength,cka_computed,cka_feddst,cifar10,0.8,0.8,20,1.0,0.0,5,5,"7,13,21,42,100"
cka_strength,cka_computed,cka_feddst,cifar10,0.8,0.9,1,0.0,0.0,5,5,"7,13,21,42,100"
cka_strength,cka_computed,cka_feddst,cifar10,0.8,0.9,2,1.0,0.0,5,5,"7,13,21,42,100"
cka_strength,cka_computed,cka_feddst,cifar10,0.8,0.9,3,0.0,0.0,5,5,"7,13,21,42,100"
cka_strength,cka_computed,cka_feddst,cifar10,0.8,0.9,4,1.0,0.0,5,5,"7,13,21,42,100"
cka_strength,cka_computed,cka_feddst,cifar10,0.8,0.9,5,0.0,0.0,5,5,"7,13,21,42,100"
cka_strength,cka_computed,cka_feddst,cifar10,0.8,0.9,6,1.0,0.0,5,5,"7,13,21,42,100"
cka_strength,cka_computed,cka_feddst,cifar10,0.8,0.9,7,0.0,0.0,5,5,"7,13,21,42,100"
cka_strength,cka_computed,cka_feddst,cifar10,0.8,0.9,8,1.0,0.0,5,5,"7,13,21,42,100"
cka_strength,cka_computed,cka_feddst,cifar10,0.8,0.9,9,0.0,0.0,5,5,"7,13,21,42,100"
cka_strength,cka_computed,cka_feddst,cifar10,0.8,0.9,10,1.0,0.0,5,5,"7,13,21,42,100"
cka_strength,cka_computed,cka_feddst,cifar10,0.8,0.9,11,0.0,0.0,5,5,"7,13,21,42,100"
cka_strength,cka_computed,cka_feddst,cifar10,0.8,0.9,12,1.0,0.0,5,5,"7,13,21,42,100"
cka_strength,cka_computed,cka_feddst,cifar10,0.8,0.9,13,0.0,0.0,5,5,"7,13,21,42,100"
cka_strength,cka_computed,cka_feddst,cifar10,0.8,0.9,14,1.0,0.0,5,5,"7,13,21,42,100"
cka_strength,cka_computed,cka_feddst,cifar10,0.8,0.9,15,0.0,0.0,5,5,"7,13,21,42,100"
cka_strength,cka_computed,cka_feddst,cifar10,0.8,0.9,16,1.0,0.0,5,5,"7,13,21,42,100"
cka_strength,cka_computed,cka_feddst,cifar10,0.8,0.9,17,0.0,0.0,5,5,"7,13,21,42,100"
cka_strength,cka_computed,cka_feddst,cifar10,0.8,0.9,18,1.0,0.0,5,5,"7,13,21,42,100"
cka_strength,cka_computed,cka_feddst,cifar10,0.8,0.9,19,0.0,0.0,5,5,"7,13,21,42,100"
cka_strength,cka_computed,cka_feddst,cifar10,0.8,0.9,20,1.0,0.0,5,5,"7,13,21,42,100"
cka_strength,cka_computed,cka_feddst,cifar10,0.8,1.0,1,0.0,0.0,5,5,"7,13,21,42,100"
cka_strength,cka_computed,cka_feddst,cifar10,0.8,1.0,2,1.0,0.0,5,5,"7,13,21,42,100"
cka_strength,cka_computed,cka_feddst,cifar10,0.8,1.0,3,0.0,0.0,5,5,"7,13,21,42,100"
cka_strength,cka_computed,cka_feddst,cifar10,0.8,1.0,4,1.0,0.0,5,5,"7,13,21,42,100"
cka_strength,cka_computed,cka_feddst,cifar10,0.8,1.0,5,0.0,0.0,5,5,"7,13,21,42,100"
cka_strength,cka_computed,cka_feddst,cifar10,0.8,1.0,6,1.0,0.0,5,5,"7,13,21,42,100"
cka_strength,cka_computed,cka_feddst,cifar10,0.8,1.0,7,0.0,0.0,5,5,"7,13,21,42,100"
cka_strength,cka_computed,cka_feddst,cifar10,0.8,1.0,8,1.0,0.0,5,5,"7,13,21,42,100"
cka_strength,cka_computed,cka_feddst,cifar10,0.8,1.0,9,0.0,0.0,5,5,"7,13,21,42,100"
cka_strength,cka_computed,cka_feddst,cifar10,0.8,1.0,10,1.0,0.0,5,5,"7,13,21,42,100"
cka_strength,cka_computed,cka_feddst,cifar10,0.8,1.0,11,0.0,0.0,5,5,"7,13,21,42,100"
cka_strength,cka_computed,cka_feddst,cifar10,0.8,1.0,12,1.0,0.0,5,5,"7,13,21,42,100"
cka_strength,cka_computed,cka_feddst,cifar10,0.8,1.0,13,0.0,0.0,5,5,"7,13,21,42,100"
cka_strength,cka_computed,cka_feddst,cifar10,0.8,1.0,14,1.0,0.0,5,5,"7,13,21,42,100"
cka_strength,cka_computed,cka_feddst,cifar10,0.8,1.0,15,0.0,0.0,5,5,"7,13,21,42,100"
cka_strength,cka_computed,cka_feddst,cifar10,0.8,1.0,16,1.0,0.0,5,5,"7,13,21,42,100"
cka_strength,cka_computed,cka_feddst,cifar10,0.8,1.0,17,0.0,0.0,5,5,"7,13,21,42,100"
cka_strength,cka_computed,cka_feddst,cifar10,0.8,1.0,18,1.0,0.0,5,5,"7,13,21,42,100"
cka_strength,cka_computed,cka_feddst,cifar10,0.8,1.0,19,0.0,0.0,5,5,"7,13,21,42,100"
cka_strength,cka_computed,cka_feddst,cifar10,0.8,1.0,20,1.0,0.0,5,5,"7,13,21,42,100"
cka_strength,cka_computed,cka_feddst,cifar10,0.9,0.2,1,0.0,0.0,5,5,"7,13,21,42,100"
cka_strength,cka_computed,cka_feddst,cifar10,0.9,0.2,2,1.0,0.0,5,5,"7,13,21,42,100"
cka_strength,cka_computed,cka_feddst,cifar10,0.9,0.2,3,0.0,0.0,5,5,"7,13,21,42,100"
cka_strength,cka_computed,cka_feddst,cifar10,0.9,0.2,4,1.0,0.0,5,5,"7,13,21,42,100"
cka_strength,cka_computed,cka_feddst,cifar10,0.9,0.2,5,0.0,0.0,5,5,"7,13,21,42,100"
cka_strength,cka_computed,cka_feddst,cifar10,0.9,0.2,6,1.0,0.0,5,5,"7,13,21,42,100"
cka_strength,cka_computed,cka_feddst,cifar10,0.9,0.2,7,0.0,0.0,5,5,"7,13,21,42,100"
cka_strength,cka_computed,cka_feddst,cifar10,0.9,0.2,8,1.0,0.0,5,5,"7,13,21,42,100"
cka_strength,cka_computed,cka_feddst,cifar10,0.9,0.2,9,0.0,0.0,5,5,"7,13,21,42,100"
cka_strength,cka_computed,cka_feddst,cifar10,0.9,0.2,10,1.0,0.0,5,5,"7,13,21,42,100"
cka_strength,cka_computed,cka_feddst,cifar10,0.9,0.2,11,0.0,0.0,5,5,"7,13,21,42,100"
cka_strength,cka_computed,cka_feddst,cifar10,0.9,0.2,12,1.0,0.0,5,5,"7,13,21,42,100"
cka_strength,cka_computed,cka_feddst,cifar10,0.9,0.2,13,0.0,0.0,5,5,"7,13,21,42,100"
cka_strength,cka_computed,cka_feddst,cifar10,0.9,0.2,14,1.0,0.0,5,5,"7,13,21,42,100"
cka_strength,cka_computed,cka_feddst,cifar10,0.9,0.2,15,0.0,0.0,5,5,"7,13,21,42,100"
cka_strength,cka_computed,cka_feddst,cifar10,0.9,0.2,16,1.0,0.0,5,5,"7,13,21,42,100"
cka_strength,cka_computed,cka_feddst,cifar10,0.9,0.2,17,0.0,0.0,5,5,"7,13,21,42,100"
cka_strength,cka_computed,cka_feddst,cifar10,0.9,0.2,18,1.0,0.0,5,5,"7,13,21,42,100"
cka_strength,cka_computed,cka_feddst,cifar10,0.9,0.2,19,0.0,0.0,5,5,"7,13,21,42,100"
cka_strength,cka_computed,cka_feddst,cifar10,0.9,0.2,20,1.0,0.0,5,5,"7,13,21,42,100"
cka_strength,cka_computed,cka_feddst,cifar10,0.9,0.5,1,0.0,0.0,5,5,"7,13,21,42,100"
cka_strength,cka_computed,cka_feddst,cifar10,0.9,0.5,2,1.0,0.0,5,5,"7,13,21,42,100"
cka_strength,cka_computed,cka_feddst,cifar10,0.9,0.5,3,0.0,0.0,5,5,"7,13,21,42,100"
cka_strength,cka_computed,cka_feddst,cifar10,0.9,0.5,4,1.0,0.0,5,5,"7,13,21,42,100"
cka_strength,cka_computed,cka_feddst,cifar10,0.9,0.5,5,0.0,0.0,5,5,"7,13,21,42,100"
cka_strength,cka_computed,cka_feddst,cifar10,0.9,0.5,6,1.0,0.0,5,5,"7,13,21,42,100"
cka_strength,cka_computed,cka_feddst,cifar10,0.9,0.5,7,0.0,0.0,5,5,"7,13,21,42,100"
cka_strength,cka_computed,cka_feddst,cifar10,0.9,0.5,8,1.0,0.0,5,5,"7,13,21,42,100"
cka_strength,cka_computed,cka_feddst,cifar10,0.9,0.5,9,0.0,0.0,5,5,"7,13,21,42,100"
cka_strength,cka_computed,cka_feddst,cifar10,0.9,0.5,10,1.0,0.0,5,5,"7,13,21,42,100"
cka_strength,cka_computed,cka_feddst,cifar10,0.9,0.5,11,0.0,0.0,5,5,"7,13,21,42,100"
cka_strength,cka_computed,cka_feddst,cifar10,0.9,0.5,12,1.0,0.0,5,5,"7,13,21,42,100"
cka_strength,cka_computed,cka_feddst,cifar10,0.9,0.5,13,0.0,0.0,5,5,"7,13,21,42,100"
cka_strength,cka_computed,cka_feddst,cifar10,0.9,0.5,14,1.0,0.0,5,5,"7,13,21,42,100"
cka_strength,cka_computed,cka_feddst,cifar10,0.9,0.5,15,0.0,0.0,5,5,"7,13,21,42,100"
cka_strength,cka_computed,cka_feddst,cifar10,0.9,0.5,16,1.0,0.0,5,5,"7,13,21,42,100"
cka_strength,cka_computed,cka_feddst,cifar10,0.9,0.5,17,0.0,0.0,5,5,"7,13,21,42,100"
cka_strength,cka_computed,cka_feddst,cifar10,0.9,0.5,18,1.0,0.0,5,5,"7,13,21,42,100"
cka_strength,cka_computed,cka_feddst,cifar10,0.9,0.5,19,0.0,0.0,5,5,"7,13,21,42,100"
cka_strength,cka_computed,cka_feddst,cifar10,0.9,0.5,20,1.0,0.0,5,5,"7,13,21,42,100"
cka_strength,cka_computed,cka_feddst,cifar10,0.9,0.8,1,0.0,0.0,5,5,"7,13,21,42,100"
cka_strength,cka_computed,cka_feddst,cifar10,0.9,0.8,2,1.0,0.0,5,5,"7,13,21,42,100"
cka_strength,cka_computed,cka_feddst,cifar10,0.9,0.8,3,0.0,0.0,5,5,"7,13,21,42,100"
cka_strength,cka_computed,cka_feddst,cifar10,0.9,0.8,4,1.0,0.0,5,5,"7,13,21,42,100"
cka_strength,cka_computed,cka_feddst,cifar10,0.9,0.8,5,0.0,0.0,5,5,"7,13,21,42,100"
cka_strength,cka_computed,cka_feddst,cifar10,0.9,0.8,6,1.0,0.0,5,5,"7,13,21,42,100"
cka_strength,cka_computed,cka_feddst,cifar10,0.9,0.8,7,0.0,0.0,5,5,"7,13,21,42,100"
cka_strength,cka_computed,cka_feddst,cifar10,0.9,0.8,8,1.0,0.0,5,5,"7,13,21,42,100"
cka_strength,cka_computed,cka_feddst,cifar10,0.9,0.8,9,0.0,0.0,5,5,"7,13,21,42,100"
cka_strength,cka_computed,cka_feddst,cifar10,0.9,0.8,10,1.0,0.0,5,5,"7,13,21,42,100"
cka_strength,cka_computed,cka_feddst,cifar10,0.9,0.8,11,0.0,0.0,5,5,"7,13,21,42,100"
cka_strength,cka_computed,cka_feddst,cifar10,0.9,0.8,12,1.0,0.0,5,5,"7,13,21,42,100"
cka_strength,cka_computed,cka_feddst,cifar10,0.9,0.8,13,0.0,0.0,5,5,"7,13,21,42,100"
cka_strength,cka_computed,cka_feddst,cifar10,0.9,0.8,14,1.0,0.0,5,5,"7,13,21,42,100"
cka_strength,cka_computed,cka_feddst,cifar10,0.9,0.8,15,0.0,0.0,5,5,"7,13,21,42,100"
cka_strength,cka_computed,cka_feddst,cifar10,0.9,0.8,16,1.0,0.0,5,5,"7,13,21,42,100"
cka_strength,cka_computed,cka_feddst,cifar10,0.9,0.8,17,0.0,0.0,5,5,"7,13,21,42,100"
cka_strength,cka_computed,cka_feddst,cifar10,0.9,0.8,18,1.0,0.0,5,5,"7,13,21,42,100"
cka_strength,cka_computed,cka_feddst,cifar10,0.9,0.8,19,0.0,0.0,5,5,"7,13,21,42,100"
cka_strength,cka_computed,cka_feddst,cifar10,0.9,0.8,20,1.0,0.0,5,5,"7,13,21,42,100"
cka_strength,cka_computed,cka_feddst,cifar10,0.9,0.9,1,0.0,0.0,5,5,"7,13,21,42,100"
cka_strength,cka_computed,cka_feddst,cifar10,0.9,0.9,2,1.0,0.0,5,5,"7,13,21,42,100"
cka_strength,cka_computed,cka_feddst,cifar10,0.9,0.9,3,0.0,0.0,5,5,"7,13,21,42,100"
cka_strength,cka_computed,cka_feddst,cifar10,0.9,0.9,4,1.0,0.0,5,5,"7,13,21,42,100"
cka_strength,cka_computed,cka_feddst,cifar10,0.9,0.9,5,0.0,0.0,5,5,"7,13,21,42,100"
cka_strength,cka_computed,cka_feddst,cifar10,0.9,0.9,6,1.0,0.0,5,5,"7,13,21,42,100"
cka_strength,cka_computed,cka_feddst,cifar10,0.9,0.9,7,0.0,0.0,5,5,"7,13,21,42,100"
cka_strength,cka_computed,cka_feddst,cifar10,0.9,0.9,8,1.0,0.0,5,5,"7,13,21,42,100"
cka_strength,cka_computed,cka_feddst,cifar10,0.9,0.9,9,0.0,0.0,5,5,"7,13,21,42,100"
cka_strength,cka_computed,cka_feddst,cifar10,0.9,0.9,10,1.0,0.0,5,5,"7,13,21,42,100"
cka_strength,cka_computed,cka_feddst,cifar10,0.9,0.9,11,0.0,0.0,5,5,"7,13,21,42,100"
cka_strength,cka_computed,cka_feddst,cifar10,0.9,0.9,12,1.0,0.0,5,5,"7,13,21,42,100"
cka_strength,cka_computed,cka_feddst,cifar10,0.9,0.9,13,0.0,0.0,5,5,"7,13,21,42,100"
cka_strength,cka_computed,cka_feddst,cifar10,0.9,0.9,14,1.0,0.0,5,5,"7,13,21,42,100"
cka_strength,cka_computed,cka_feddst,cifar10,0.9,0.9,15,0.0,0.0,5,5,"7,13,21,42,100"
cka_strength,cka_computed,cka_feddst,cifar10,0.9,0.9,16,1.0,0.0,5,5,"7,13,21,42,100"
cka_strength,cka_computed,cka_feddst,cifar10,0.9,0.9,17,0.0,0.0,5,5,"7,13,21,42,100"
cka_strength,cka_computed,cka_feddst,cifar10,0.9,0.9,18,1.0,0.0,5,5,"7,13,21,42,100"
cka_strength,cka_computed,cka_feddst,cifar10,0.9,0.9,19,0.0,0.0,5,5,"7,13,21,42,100"
cka_strength,cka_computed,cka_feddst,cifar10,0.9,0.9,20,1.0,0.0,5,5,"7,13,21,42,100"
cka_strength,cka_computed,cka_feddst,cifar10,0.9,1.0,1,0.0,0.0,5,5,"7,13,21,42,100"
cka_strength,cka_computed,cka_feddst,cifar10,0.9,1.0,2,1.0,0.0,5,5,"7,13,21,42,100"
cka_strength,cka_computed,cka_feddst,cifar10,0.9,1.0,3,0.0,0.0,5,5,"7,13,21,42,100"
cka_strength,cka_computed,cka_feddst,cifar10,0.9,1.0,4,1.0,0.0,5,5,"7,13,21,42,100"
cka_strength,cka_computed,cka_feddst,cifar10,0.9,1.0,5,0.0,0.0,5,5,"7,13,21,42,100"
cka_strength,cka_computed,cka_feddst,cifar10,0.9,1.0,6,1.0,0.0,5,5,"7,13,21,42,100"
cka_strength,cka_computed,cka_feddst,cifar10,0.9,1.0,7,0.0,0.0,5,5,"7,13,21,42,100"
cka_strength,cka_computed,cka_feddst,cifar10,0.9,1.0,8,1.0,0.0,5,5,"7,13,21,42,100"
cka_strength,cka_computed,cka_feddst,cifar10,0.9,1.0,9,0.0,0.0,5,5,"7,13,21,42,100"
cka_strength,cka_computed,cka_feddst,cifar10,0.9,1.0,10,1.0,0.0,5,5,"7,13,21,42,100"
cka_strength,cka_computed,cka_feddst,cifar10,0.9,1.0,11,0.0,0.0,5,5,"7,13,21,42,100"
cka_strength,cka_computed,cka_feddst,cifar10,0.9,1.0,12,1.0,0.0,5,5,"7,13,21,42,100"
cka_strength,cka_computed,cka_feddst,cifar10,0.9,1.0,13,0.0,0.0,5,5,"7,13,21,42,100"
cka_strength,cka_computed,cka_feddst,cifar10,0.9,1.0,14,1.0,0.0,5,5,"7,13,21,42,100"
cka_strength,cka_computed,cka_feddst,cifar10,0.9,1.0,15,0.0,0.0,5,5,"7,13,21,42,100"
cka_strength,cka_computed,cka_feddst,cifar10,0.9,1.0,16,1.0,0.0,5,5,"7,13,21,42,100"
cka_strength,cka_computed,cka_feddst,cifar10,0.9,1.0,17,0.0,0.0,5,5,"7,13,21,42,100"
cka_strength,cka_computed,cka_feddst,cifar10,0.9,1.0,18,1.0,0.0,5,5,"7,13,21,42,100"
cka_strength,cka_computed,cka_feddst,cifar10,0.9,1.0,19,0.0,0.0,5,5,"7,13,21,42,100"
cka_strength,cka_computed,cka_feddst,cifar10,0.9,1.0,20,1.0,0.0,5,5,"7,13,21,42,100"
cka_strength,cka_computed,cka_feddst,cifar10,0.95,0.2,1,0.0,0.0,5,5,"7,13,21,42,100"
cka_strength,cka_computed,cka_feddst,cifar10,0.95,0.2,2,1.0,0.0,5,5,"7,13,21,42,100"
cka_strength,cka_computed,cka_feddst,cifar10,0.95,0.2,3,0.0,0.0,5,5,"7,13,21,42,100"
cka_strength,cka_computed,cka_feddst,cifar10,0.95,0.2,4,1.0,0.0,5,5,"7,13,21,42,100"
cka_strength,cka_computed,cka_feddst,cifar10,0.95,0.2,5,0.0,0.0,5,5,"7,13,21,42,100"
cka_strength,cka_computed,cka_feddst,cifar10,0.95,0.2,6,1.0,0.0,5,5,"7,13,21,42,100"
cka_strength,cka_computed,cka_feddst,cifar10,0.95,0.2,7,0.0,0.0,5,5,"7,13,21,42,100"
cka_strength,cka_computed,cka_feddst,cifar10,0.95,0.2,8,1.0,0.0,5,5,"7,13,21,42,100"
cka_strength,cka_computed,cka_feddst,cifar10,0.95,0.2,9,0.0,0.0,5,5,"7,13,21,42,100"
cka_strength,cka_computed,cka_feddst,cifar10,0.95,0.2,10,1.0,0.0,5,5,"7,13,21,42,100"
cka_strength,cka_computed,cka_feddst,cifar10,0.95,0.2,11,0.0,0.0,5,5,"7,13,21,42,100"
cka_strength,cka_computed,cka_feddst,cifar10,0.95,0.2,12,1.0,0.0,5,5,"7,13,21,42,100"
cka_strength,cka_computed,cka_feddst,cifar10,0.95,0.2,13,0.0,0.0,5,5,"7,13,21,42,100"
cka_strength,cka_computed,cka_feddst,cifar10,0.95,0.2,14,1.0,0.0,5,5,"7,13,21,42,100"
cka_strength,cka_computed,cka_feddst,cifar10,0.95,0.2,15,0.0,0.0,5,5,"7,13,21,42,100"
cka_strength,cka_computed,cka_feddst,cifar10,0.95,0.2,16,1.0,0.0,5,5,"7,13,21,42,100"
cka_strength,cka_computed,cka_feddst,cifar10,0.95,0.2,17,0.0,0.0,5,5,"7,13,21,42,100"
cka_strength,cka_computed,cka_feddst,cifar10,0.95,0.2,18,1.0,0.0,5,5,"7,13,21,42,100"
cka_strength,cka_computed,cka_feddst,cifar10,0.95,0.2,19,0.0,0.0,5,5,"7,13,21,42,100"
cka_strength,cka_computed,cka_feddst,cifar10,0.95,0.2,20,1.0,0.0,5,5,"7,13,21,42,100"
cka_strength,cka_computed,cka_feddst,cifar10,0.95,0.5,1,0.0,0.0,5,5,"7,13,21,42,100"
cka_strength,cka_computed,cka_feddst,cifar10,0.95,0.5,2,1.0,0.0,5,5,"7,13,21,42,100"
cka_strength,cka_computed,cka_feddst,cifar10,0.95,0.5,3,0.0,0.0,5,5,"7,13,21,42,100"
cka_strength,cka_computed,cka_feddst,cifar10,0.95,0.5,4,1.0,0.0,5,5,"7,13,21,42,100"
cka_strength,cka_computed,cka_feddst,cifar10,0.95,0.5,5,0.0,0.0,5,5,"7,13,21,42,100"
cka_strength,cka_computed,cka_feddst,cifar10,0.95,0.5,6,1.0,0.0,5,5,"7,13,21,42,100"
cka_strength,cka_computed,cka_feddst,cifar10,0.95,0.5,7,0.0,0.0,5,5,"7,13,21,42,100"
cka_strength,cka_computed,cka_feddst,cifar10,0.95,0.5,8,1.0,0.0,5,5,"7,13,21,42,100"
cka_strength,cka_computed,cka_feddst,cifar10,0.95,0.5,9,0.0,0.0,5,5,"7,13,21,42,100"
cka_strength,cka_computed,cka_feddst,cifar10,0.95,0.5,10,1.0,0.0,5,5,"7,13,21,42,100"
cka_strength,cka_computed,cka_feddst,cifar10,0.95,0.5,11,0.0,0.0,5,5,"7,13,21,42,100"
cka_strength,cka_computed,cka_feddst,cifar10,0.95,0.5,12,1.0,0.0,5,5,"7,13,21,42,100"
cka_strength,cka_computed,cka_feddst,cifar10,0.95,0.5,13,0.0,0.0,5,5,"7,13,21,42,100"
cka_strength,cka_computed,cka_feddst,cifar10,0.95,0.5,14,1.0,0.0,5,5,"7,13,21,42,100"
cka_strength,cka_computed,cka_feddst,cifar10,0.95,0.5,15,0.0,0.0,5,5,"7,13,21,42,100"
cka_strength,cka_computed,cka_feddst,cifar10,0.95,0.5,16,1.0,0.0,5,5,"7,13,21,42,100"
cka_strength,cka_computed,cka_feddst,cifar10,0.95,0.5,17,0.0,0.0,5,5,"7,13,21,42,100"
cka_strength,cka_computed,cka_feddst,cifar10,0.95,0.5,18,1.0,0.0,5,5,"7,13,21,42,100"
cka_strength,cka_computed,cka_feddst,cifar10,0.95,0.5,19,0.0,0.0,5,5,"7,13,21,42,100"
cka_strength,cka_computed,cka_feddst,cifar10,0.95,0.5,20,1.0,0.0,5,5,"7,13,21,42,100"
cka_strength,cka_computed,cka_feddst,cifar10,0.95,0.8,1,0.0,0.0,5,5,"7,13,21,42,100"
cka_strength,cka_computed,cka_feddst,cifar10,0.95,0.8,2,1.0,0.0,5,5,"7,13,21,42,100"
cka_strength,cka_computed,cka_feddst,cifar10,0.95,0.8,3,0.0,0.0,5,5,"7,13,21,42,100"
cka_strength,cka_computed,cka_feddst,cifar10,0.95,0.8,4,1.0,0.0,5,5,"7,13,21,42,100"
cka_strength,cka_computed,cka_feddst,cifar10,0.95,0.8,5,0.0,0.0,5,5,"7,13,21,42,100"
cka_strength,cka_computed,cka_feddst,cifar10,0.95,0.8,6,1.0,0.0,5,5,"7,13,21,42,100"
cka_strength,cka_computed,cka_feddst,cifar10,0.95,0.8,7,0.0,0.0,5,5,"7,13,21,42,100"
cka_strength,cka_computed,cka_feddst,cifar10,0.95,0.8,8,1.0,0.0,5,5,"7,13,21,42,100"
cka_strength,cka_computed,cka_feddst,cifar10,0.95,0.8,9,0.0,0.0,5,5,"7,13,21,42,100"
cka_strength,cka_computed,cka_feddst,cifar10,0.95,0.8,10,1.0,0.0,5,5,"7,13,21,42,100"
cka_strength,cka_computed,cka_feddst,cifar10,0.95,0.8,11,0.0,0.0,5,5,"7,13,21,42,100"
cka_strength,cka_computed,cka_feddst,cifar10,0.95,0.8,12,1.0,0.0,5,5,"7,13,21,42,100"
cka_strength,cka_computed,cka_feddst,cifar10,0.95,0.8,13,0.0,0.0,5,5,"7,13,21,42,100"
cka_strength,cka_computed,cka_feddst,cifar10,0.95,0.8,14,1.0,0.0,5,5,"7,13,21,42,100"
cka_strength,cka_computed,cka_feddst,cifar10,0.95,0.8,15,0.0,0.0,5,5,"7,13,21,42,100"
cka_strength,cka_computed,cka_feddst,cifar10,0.95,0.8,16,1.0,0.0,5,5,"7,13,21,42,100"
cka_strength,cka_computed,cka_feddst,cifar10,0.95,0.8,17,0.0,0.0,5,5,"7,13,21,42,100"
cka_strength,cka_computed,cka_feddst,cifar10,0.95,0.8,18,1.0,0.0,5,5,"7,13,21,42,100"
cka_strength,cka_computed,cka_feddst,cifar10,0.95,0.8,19,0.0,0.0,5,5,"7,13,21,42,100"
cka_strength,cka_computed,cka_feddst,cifar10,0.95,0.8,20,1.0,0.0,5,5,"7,13,21,42,100"
cka_strength,cka_computed,cka_feddst,cifar10,0.95,0.9,1,0.0,0.0,5,5,"7,13,21,42,100"
cka_strength,cka_computed,cka_feddst,cifar10,0.95,0.9,2,1.0,0.0,5,5,"7,13,21,42,100"
cka_strength,cka_computed,cka_feddst,cifar10,0.95,0.9,3,0.0,0.0,5,5,"7,13,21,42,100"
cka_strength,cka_computed,cka_feddst,cifar10,0.95,0.9,4,1.0,0.0,5,5,"7,13,21,42,100"
cka_strength,cka_computed,cka_feddst,cifar10,0.95,0.9,5,0.0,0.0,5,5,"7,13,21,42,100"
cka_strength,cka_computed,cka_feddst,cifar10,0.95,0.9,6,1.0,0.0,5,5,"7,13,21,42,100"
cka_strength,cka_computed,cka_feddst,cifar10,0.95,0.9,7,0.0,0.0,5,5,"7,13,21,42,100"
cka_strength,cka_computed,cka_feddst,cifar10,0.95,0.9,8,1.0,0.0,5,5,"7,13,21,42,100"
cka_strength,cka_computed,cka_feddst,cifar10,0.95,0.9,9,0.0,0.0,5,5,"7,13,21,42,100"
cka_strength,cka_computed,cka_feddst,cifar10,0.95,0.9,10,1.0,0.0,5,5,"7,13,21,42,100"
cka_strength,cka_computed,cka_feddst,cifar10,0.95,0.9,11,0.0,0.0,5,5,"7,13,21,42,100"
cka_strength,cka_computed,cka_feddst,cifar10,0.95,0.9,12,1.0,0.0,5,5,"7,13,21,42,100"
cka_strength,cka_computed,cka_feddst,cifar10,0.95,0.9,13,0.0,0.0,5,5,"7,13,21,42,100"
cka_strength,cka_computed,cka_feddst,cifar10,0.95,0.9,14,1.0,0.0,5,5,"7,13,21,42,100"
cka_strength,cka_computed,cka_feddst,cifar10,0.95,0.9,15,0.0,0.0,5,5,"7,13,21,42,100"
cka_strength,cka_computed,cka_feddst,cifar10,0.95,0.9,16,1.0,0.0,5,5,"7,13,21,42,100"
cka_strength,cka_computed,cka_feddst,cifar10,0.95,0.9,17,0.0,0.0,5,5,"7,13,21,42,100"
cka_strength,cka_computed,cka_feddst,cifar10,0.95,0.9,18,1.0,0.0,5,5,"7,13,21,42,100"
cka_strength,cka_computed,cka_feddst,cifar10,0.95,0.9,19,0.0,0.0,5,5,"7,13,21,42,100"
cka_strength,cka_computed,cka_feddst,cifar10,0.95,0.9,20,1.0,0.0,5,5,"7,13,21,42,100"
cka_strength,cka_computed,cka_feddst,cifar10,0.95,1.0,1,0.0,0.0,5,5,"7,13,21,42,100"
cka_strength,cka_computed,cka_feddst,cifar10,0.95,1.0,2,1.0,0.0,5,5,"7,13,21,42,100"
cka_strength,cka_computed,cka_feddst,cifar10,0.95,1.0,3,0.0,0.0,5,5,"7,13,21,42,100"
cka_strength,cka_computed,cka_feddst,cifar10,0.95,1.0,4,1.0,0.0,5,5,"7,13,21,42,100"
cka_strength,cka_computed,cka_feddst,cifar10,0.95,1.0,5,0.0,0.0,5,5,"7,13,21,42,100"
cka_strength,cka_computed,cka_feddst,cifar10,0.95,1.0,6,1.0,0.0,5,5,"7,13,21,42,100"
cka_strength,cka_computed,cka_feddst,cifar10,0.95,1.0,7,0.0,0.0,5,5,"7,13,21,42,100"
cka_strength,cka_computed,cka_feddst,cifar10,0.95,1.0,8,1.0,0.0,5,5,"7,13,21,42,100"
cka_strength,cka_computed,cka_feddst,cifar10,0.95,1.0,9,0.0,0.0,5,5,"7,13,21,42,100"
cka_strength,cka_computed,cka_feddst,cifar10,0.95,1.0,10,1.0,0.0,5,5,"7,13,21,42,100"
cka_strength,cka_computed,cka_feddst,cifar10,0.95,1.0,11,0.0,0.0,5,5,"7,13,21,42,100"
cka_strength,cka_computed,cka_feddst,cifar10,0.95,1.0,12,1.0,0.0,5,5,"7,13,21,42,100"
cka_strength,cka_computed,cka_feddst,cifar10,0.95,1.0,13,0.0,0.0,5,5,"7,13,21,42,100"
cka_strength,cka_computed,cka_feddst,cifar10,0.95,1.0,14,1.0,0.0,5,5,"7,13,21,42,100"
cka_strength,cka_computed,cka_feddst,cifar10,0.95,1.0,15,0.0,0.0,5,5,"7,13,21,42,100"
cka_strength,cka_computed,cka_feddst,cifar10,0.95,1.0,16,1.0,0.0,5,5,"7,13,21,42,100"
cka_strength,cka_computed,cka_feddst,cifar10,0.95,1.0,17,0.0,0.0,5,5,"7,13,21,42,100"
cka_strength,cka_computed,cka_feddst,cifar10,0.95,1.0,18,1.0,0.0,5,5,"7,13,21,42,100"
cka_strength,cka_computed,cka_feddst,cifar10,0.95,1.0,19,0.0,0.0,5,5,"7,13,21,42,100"
cka_strength,cka_computed,cka_feddst,cifar10,0.95,1.0,20,1.0,0.0,5,5,"7,13,21,42,100"
