method,dataset,sparsity,seed,split_manifest_path,cka_strength,round,layer,client_i,client_j,cka,average_layer_cka,num_reference_samples
cka_feddst,fashion_mnist,0.5,7,results/logs/cka_strength_sweep/fashion_mnist_all_20260517_180855/strength_0p8/seed_7/splits/fashion_mnist_split_seed7_clients5_alpha0p3_ref200.json,0.8,2,conv1,0,0,1.0,0.9999763369560242,200
cka_feddst,fashion_mnist,0.5,7,results/logs/cka_strength_sweep/fashion_mnist_all_20260517_180855/strength_0p8/seed_7/splits/fashion_mnist_split_seed7_clients5_alpha0p3_ref200.json,0.8,2,conv1,0,1,0.9999767541885376,0.9999763369560242,200
cka_feddst,fashion_mnist,0.5,7,results/logs/cka_strength_sweep/fashion_mnist_all_20260517_180855/strength_0p8/seed_7/splits/fashion_mnist_split_seed7_clients5_alpha0p3_ref200.json,0.8,2,conv1,0,2,0.9999997019767761,0.9999763369560242,200
cka_feddst,fashion_mnist,0.5,7,results/logs/cka_strength_sweep/fashion_mnist_all_20260517_180855/strength_0p8/seed_7/splits/fashion_mnist_split_seed7_clients5_alpha0p3_ref200.json,0.8,2,conv1,0,3,0.9999420642852783,0.9999763369560242,200
cka_feddst,fashion_mnist,0.5,7,results/logs/cka_strength_sweep/fashion_mnist_all_20260517_180855/strength_0p8/seed_7/splits/fashion_mnist_split_seed7_clients5_alpha0p3_ref200.json,0.8,2,conv1,0,4,0.999987781047821,0.9999763369560242,200
cka_feddst,fashion_mnist,0.5,7,results/logs/cka_strength_sweep/fashion_mnist_all_20260517_180855/strength_0p8/seed_7/splits/fashion_mnist_split_seed7_clients5_alpha0p3_ref200.json,0.8,2,conv1,1,0,0.9999767541885376,0.9999763369560242,200
cka_feddst,fashion_mnist,0.5,7,results/logs/cka_strength_sweep/fashion_mnist_all_20260517_180855/strength_0p8/seed_7/splits/fashion_mnist_split_seed7_clients5_alpha0p3_ref200.json,0.8,2,conv1,1,1,1.0,0.9999763369560242,200
cka_feddst,fashion_mnist,0.5,7,results/logs/cka_strength_sweep/fashion_mnist_all_20260517_180855/strength_0p8/seed_7/splits/fashion_mnist_split_seed7_clients5_alpha0p3_ref200.json,0.8,2,conv1,1,2,0.9999696612358093,0.9999763369560242,200
cka_feddst,fashion_mnist,0.5,7,results/logs/cka_strength_sweep/fashion_mnist_all_20260517_180855/strength_0p8/seed_7/splits/fashion_mnist_split_seed7_clients5_alpha0p3_ref200.json,0.8,2,conv1,1,3,0.9999921917915344,0.9999763369560242,200
cka_feddst,fashion_mnist,0.5,7,results/logs/cka_strength_sweep/fashion_mnist_all_20260517_180855/strength_0p8/seed_7/splits/fashion_mnist_split_seed7_clients5_alpha0p3_ref200.json,0.8,2,conv1,1,4,0.9999977946281433,0.9999763369560242,200
cka_feddst,fashion_mnist,0.5,7,results/logs/cka_strength_sweep/fashion_mnist_all_20260517_180855/strength_0p8/seed_7/splits/fashion_mnist_split_seed7_clients5_alpha0p3_ref200.json,0.8,2,conv1,2,0,0.9999997019767761,0.9999763369560242,200
cka_feddst,fashion_mnist,0.5,7,results/logs/cka_strength_sweep/fashion_mnist_all_20260517_180855/strength_0p8/seed_7/splits/fashion_mnist_split_seed7_clients5_alpha0p3_ref200.json,0.8,2,conv1,2,1,0.9999696612358093,0.9999763369560242,200
cka_feddst,fashion_mnist,0.5,7,results/logs/cka_strength_sweep/fashion_mnist_all_20260517_180855/strength_0p8/seed_7/splits/fashion_mnist_split_seed7_clients5_alpha0p3_ref200.json,0.8,2,conv1,2,2,1.0,0.9999763369560242,200
cka_feddst,fashion_mnist,0.5,7,results/logs/cka_strength_sweep/fashion_mnist_all_20260517_180855/strength_0p8/seed_7/splits/fashion_mnist_split_seed7_clients5_alpha0p3_ref200.json,0.8,2,conv1,2,3,0.999931812286377,0.9999763369560242,200
cka_feddst,fashion_mnist,0.5,7,results/logs/cka_strength_sweep/fashion_mnist_all_20260517_180855/strength_0p8/seed_7/splits/fashion_mnist_split_seed7_clients5_alpha0p3_ref200.json,0.8,2,conv1,2,4,0.999983012676239,0.9999763369560242,200
cka_feddst,fashion_mnist,0.5,7,results/logs/cka_strength_sweep/fashion_mnist_all_20260517_180855/strength_0p8/seed_7/splits/fashion_mnist_split_seed7_clients5_alpha0p3_ref200.json,0.8,2,conv1,3,0,0.9999420642852783,0.9999763369560242,200
cka_feddst,fashion_mnist,0.5,7,results/logs/cka_strength_sweep/fashion_mnist_all_20260517_180855/strength_0p8/seed_7/splits/fashion_mnist_split_seed7_clients5_alpha0p3_ref200.json,0.8,2,conv1,3,1,0.9999921917915344,0.9999763369560242,200
cka_feddst,fashion_mnist,0.5,7,results/logs/cka_strength_sweep/fashion_mnist_all_20260517_180855/strength_0p8/seed_7/splits/fashion_mnist_split_seed7_clients5_alpha0p3_ref200.json,0.8,2,conv1,3,2,0.999931812286377,0.9999763369560242,200
cka_feddst,fashion_mnist,0.5,7,results/logs/cka_strength_sweep/fashion_mnist_all_20260517_180855/strength_0p8/seed_7/splits/fashion_mnist_split_seed7_clients5_alpha0p3_ref200.json,0.8,2,conv1,3,3,1.0,0.9999763369560242,200
cka_feddst,fashion_mnist,0.5,7,results/logs/cka_strength_sweep/fashion_mnist_all_20260517_180855/strength_0p8/seed_7/splits/fashion_mnist_split_seed7_clients5_alpha0p3_ref200.json,0.8,2,conv1,3,4,0.9999831914901733,0.9999763369560242,200
cka_feddst,fashion_mnist,0.5,7,results/logs/cka_strength_sweep/fashion_mnist_all_20260517_180855/strength_0p8/seed_7/splits/fashion_mnist_split_seed7_clients5_alpha0p3_ref200.json,0.8,2,conv1,4,0,0.999987781047821,0.9999763369560242,200
cka_feddst,fashion_mnist,0.5,7,results/logs/cka_strength_sweep/fashion_mnist_all_20260517_180855/strength_0p8/seed_7/splits/fashion_mnist_split_seed7_clients5_alpha0p3_ref200.json,0.8,2,conv1,4,1,0.9999977946281433,0.9999763369560242,200
cka_feddst,fashion_mnist,0.5,7,results/logs/cka_strength_sweep/fashion_mnist_all_20260517_180855/strength_0p8/seed_7/splits/fashion_mnist_split_seed7_clients5_alpha0p3_ref200.json,0.8,2,conv1,4,2,0.999983012676239,0.9999763369560242,200
cka_feddst,fashion_mnist,0.5,7,results/logs/cka_strength_sweep/fashion_mnist_all_20260517_180855/strength_0p8/seed_7/splits/fashion_mnist_split_seed7_clients5_alpha0p3_ref200.json,0.8,2,conv1,4,3,0.9999831914901733,0.9999763369560242,200
cka_feddst,fashion_mnist,0.5,7,results/logs/cka_strength_sweep/fashion_mnist_all_20260517_180855/strength_0p8/seed_7/splits/fashion_mnist_split_seed7_clients5_alpha0p3_ref200.json,0.8,2,conv1,4,4,1.0,0.9999763369560242,200
cka_feddst,fashion_mnist,0.5,7,results/logs/cka_strength_sweep/fashion_mnist_all_20260517_180855/strength_0p8/seed_7/splits/fashion_mnist_split_seed7_clients5_alpha0p3_ref200.json,0.8,2,conv2,0,0,1.0,0.9999788403511047,200
cka_feddst,fashion_mnist,0.5,7,results/logs/cka_strength_sweep/fashion_mnist_all_20260517_180855/strength_0p8/seed_7/splits/fashion_mnist_split_seed7_clients5_alpha0p3_ref200.json,0.8,2,conv2,0,1,0.9999704360961914,0.9999788403511047,200
cka_feddst,fashion_mnist,0.5,7,results/logs/cka_strength_sweep/fashion_mnist_all_20260517_180855/strength_0p8/seed_7/splits/fashion_mnist_split_seed7_clients5_alpha0p3_ref200.json,0.8,2,conv2,0,2,0.9999932050704956,0.9999788403511047,200
cka_feddst,fashion_mnist,0.5,7,results/logs/cka_strength_sweep/fashion_mnist_all_20260517_180855/strength_0p8/seed_7/splits/fashion_mnist_split_seed7_clients5_alpha0p3_ref200.json,0.8,2,conv2,0,3,0.9999837279319763,0.9999788403511047,200
cka_feddst,fashion_mnist,0.5,7,results/logs/cka_strength_sweep/fashion_mnist_all_20260517_180855/strength_0p8/seed_7/splits/fashion_mnist_split_seed7_clients5_alpha0p3_ref200.json,0.8,2,conv2,0,4,0.9999958872795105,0.9999788403511047,200
cka_feddst,fashion_mnist,0.5,7,results/logs/cka_strength_sweep/fashion_mnist_all_20260517_180855/strength_0p8/seed_7/splits/fashion_mnist_split_seed7_clients5_alpha0p3_ref200.json,0.8,2,conv2,1,0,0.9999704360961914,0.9999788403511047,200
cka_feddst,fashion_mnist,0.5,7,results/logs/cka_strength_sweep/fashion_mnist_all_20260517_180855/strength_0p8/seed_7/splits/fashion_mnist_split_seed7_clients5_alpha0p3_ref200.json,0.8,2,conv2,1,1,1.0,0.9999788403511047,200
cka_feddst,fashion_mnist,0.5,7,results/logs/cka_strength_sweep/fashion_mnist_all_20260517_180855/strength_0p8/seed_7/splits/fashion_mnist_split_seed7_clients5_alpha0p3_ref200.json,0.8,2,conv2,1,2,0.9999439716339111,0.9999788403511047,200
cka_feddst,fashion_mnist,0.5,7,results/logs/cka_strength_sweep/fashion_mnist_all_20260517_180855/strength_0p8/seed_7/splits/fashion_mnist_split_seed7_clients5_alpha0p3_ref200.json,0.8,2,conv2,1,3,0.9999932646751404,0.9999788403511047,200
cka_feddst,fashion_mnist,0.5,7,results/logs/cka_strength_sweep/fashion_mnist_all_20260517_180855/strength_0p8/seed_7/splits/fashion_mnist_split_seed7_clients5_alpha0p3_ref200.json,0.8,2,conv2,1,4,0.9999659657478333,0.9999788403511047,200
cka_feddst,fashion_mnist,0.5,7,results/logs/cka_strength_sweep/fashion_mnist_all_20260517_180855/strength_0p8/seed_7/splits/fashion_mnist_split_seed7_clients5_alpha0p3_ref200.json,0.8,2,conv2,2,0,0.9999932050704956,0.9999788403511047,200
cka_feddst,fashion_mnist,0.5,7,results/logs/cka_strength_sweep/fashion_mnist_all_20260517_180855/strength_0p8/seed_7/splits/fashion_mnist_split_seed7_clients5_alpha0p3_ref200.json,0.8,2,conv2,2,1,0.9999439716339111,0.9999788403511047,200
cka_feddst,fashion_mnist,0.5,7,results/logs/cka_strength_sweep/fashion_mnist_all_20260517_180855/strength_0p8/seed_7/splits/fashion_mnist_split_seed7_clients5_alpha0p3_ref200.json,0.8,2,conv2,2,2,1.0,0.9999788403511047,200
cka_feddst,fashion_mnist,0.5,7,results/logs/cka_strength_sweep/fashion_mnist_all_20260517_180855/strength_0p8/seed_7/splits/fashion_mnist_split_seed7_clients5_alpha0p3_ref200.json,0.8,2,conv2,2,3,0.9999632239341736,0.9999788403511047,200
cka_feddst,fashion_mnist,0.5,7,results/logs/cka_strength_sweep/fashion_mnist_all_20260517_180855/strength_0p8/seed_7/splits/fashion_mnist_split_seed7_clients5_alpha0p3_ref200.json,0.8,2,conv2,2,4,0.9999942779541016,0.9999788403511047,200
cka_feddst,fashion_mnist,0.5,7,results/logs/cka_strength_sweep/fashion_mnist_all_20260517_180855/strength_0p8/seed_7/splits/fashion_mnist_split_seed7_clients5_alpha0p3_ref200.json,0.8,2,conv2,3,0,0.9999837279319763,0.9999788403511047,200
cka_feddst,fashion_mnist,0.5,7,results/logs/cka_strength_sweep/fashion_mnist_all_20260517_180855/strength_0p8/seed_7/splits/fashion_mnist_split_seed7_clients5_alpha0p3_ref200.json,0.8,2,conv2,3,1,0.9999932646751404,0.9999788403511047,200
cka_feddst,fashion_mnist,0.5,7,results/logs/cka_strength_sweep/fashion_mnist_all_20260517_180855/strength_0p8/seed_7/splits/fashion_mnist_split_seed7_clients5_alpha0p3_ref200.json,0.8,2,conv2,3,2,0.9999632239341736,0.9999788403511047,200
cka_feddst,fashion_mnist,0.5,7,results/logs/cka_strength_sweep/fashion_mnist_all_20260517_180855/strength_0p8/seed_7/splits/fashion_mnist_split_seed7_clients5_alpha0p3_ref200.json,0.8,2,conv2,3,3,1.0,0.9999788403511047,200
cka_feddst,fashion_mnist,0.5,7,results/logs/cka_strength_sweep/fashion_mnist_all_20260517_180855/strength_0p8/seed_7/splits/fashion_mnist_split_seed7_clients5_alpha0p3_ref200.json,0.8,2,conv2,3,4,0.9999847412109375,0.9999788403511047,200
cka_feddst,fashion_mnist,0.5,7,results/logs/cka_strength_sweep/fashion_mnist_all_20260517_180855/strength_0p8/seed_7/splits/fashion_mnist_split_seed7_clients5_alpha0p3_ref200.json,0.8,2,conv2,4,0,0.9999958872795105,0.9999788403511047,200
cka_feddst,fashion_mnist,0.5,7,results/logs/cka_strength_sweep/fashion_mnist_all_20260517_180855/strength_0p8/seed_7/splits/fashion_mnist_split_seed7_clients5_alpha0p3_ref200.json,0.8,2,conv2,4,1,0.9999659657478333,0.9999788403511047,200
cka_feddst,fashion_mnist,0.5,7,results/logs/cka_strength_sweep/fashion_mnist_all_20260517_180855/strength_0p8/seed_7/splits/fashion_mnist_split_seed7_clients5_alpha0p3_ref200.json,0.8,2,conv2,4,2,0.9999942779541016,0.9999788403511047,200
cka_feddst,fashion_mnist,0.5,7,results/logs/cka_strength_sweep/fashion_mnist_all_20260517_180855/strength_0p8/seed_7/splits/fashion_mnist_split_seed7_clients5_alpha0p3_ref200.json,0.8,2,conv2,4,3,0.9999847412109375,0.9999788403511047,200
cka_feddst,fashion_mnist,0.5,7,results/logs/cka_strength_sweep/fashion_mnist_all_20260517_180855/strength_0p8/seed_7/splits/fashion_mnist_split_seed7_clients5_alpha0p3_ref200.json,0.8,2,conv2,4,4,1.0,0.9999788403511047,200
cka_feddst,fashion_mnist,0.5,7,results/logs/cka_strength_sweep/fashion_mnist_all_20260517_180855/strength_0p8/seed_7/splits/fashion_mnist_split_seed7_clients5_alpha0p3_ref200.json,0.8,2,fc1,0,0,1.0,0.9782661199569702,200
cka_feddst,fashion_mnist,0.5,7,results/logs/cka_strength_sweep/fashion_mnist_all_20260517_180855/strength_0p8/seed_7/splits/fashion_mnist_split_seed7_clients5_alpha0p3_ref200.json,0.8,2,fc1,0,1,0.9692318439483643,0.9782661199569702,200
cka_feddst,fashion_mnist,0.5,7,results/logs/cka_strength_sweep/fashion_mnist_all_20260517_180855/strength_0p8/seed_7/splits/fashion_mnist_split_seed7_clients5_alpha0p3_ref200.json,0.8,2,fc1,0,2,0.9749411344528198,0.9782661199569702,200
cka_feddst,fashion_mnist,0.5,7,results/logs/cka_strength_sweep/fashion_mnist_all_20260517_180855/strength_0p8/seed_7/splits/fashion_mnist_split_seed7_clients5_alpha0p3_ref200.json,0.8,2,fc1,0,3,0.9739748239517212,0.9782661199569702,200
cka_feddst,fashion_mnist,0.5,7,results/logs/cka_strength_sweep/fashion_mnist_all_20260517_180855/strength_0p8/seed_7/splits/fashion_mnist_split_seed7_clients5_alpha0p3_ref200.json,0.8,2,fc1,0,4,0.9775716066360474,0.9782661199569702,200
cka_feddst,fashion_mnist,0.5,7,results/logs/cka_strength_sweep/fashion_mnist_all_20260517_180855/strength_0p8/seed_7/splits/fashion_mnist_split_seed7_clients5_alpha0p3_ref200.json,0.8,2,fc1,1,0,0.9692318439483643,0.9782661199569702,200
cka_feddst,fashion_mnist,0.5,7,results/logs/cka_strength_sweep/fashion_mnist_all_20260517_180855/strength_0p8/seed_7/splits/fashion_mnist_split_seed7_clients5_alpha0p3_ref200.json,0.8,2,fc1,1,1,1.0,0.9782661199569702,200
cka_feddst,fashion_mnist,0.5,7,results/logs/cka_strength_sweep/fashion_mnist_all_20260517_180855/strength_0p8/seed_7/splits/fashion_mnist_split_seed7_clients5_alpha0p3_ref200.json,0.8,2,fc1,1,2,0.974253237247467,0.9782661199569702,200
cka_feddst,fashion_mnist,0.5,7,results/logs/cka_strength_sweep/fashion_mnist_all_20260517_180855/strength_0p8/seed_7/splits/fashion_mnist_split_seed7_clients5_alpha0p3_ref200.json,0.8,2,fc1,1,3,0.9914008378982544,0.9782661199569702,200
cka_feddst,fashion_mnist,0.5,7,results/logs/cka_strength_sweep/fashion_mnist_all_20260517_180855/strength_0p8/seed_7/splits/fashion_mnist_split_seed7_clients5_alpha0p3_ref200.json,0.8,2,fc1,1,4,0.9709548950195312,0.9782661199569702,200
cka_feddst,fashion_mnist,0.5,7,results/logs/cka_strength_sweep/fashion_mnist_all_20260517_180855/strength_0p8/seed_7/splits/fashion_mnist_split_seed7_clients5_alpha0p3_ref200.json,0.8,2,fc1,2,0,0.9749411344528198,0.9782661199569702,200
cka_feddst,fashion_mnist,0.5,7,results/logs/cka_strength_sweep/fashion_mnist_all_20260517_180855/strength_0p8/seed_7/splits/fashion_mnist_split_seed7_clients5_alpha0p3_ref200.json,0.8,2,fc1,2,1,0.974253237247467,0.9782661199569702,200
cka_feddst,fashion_mnist,0.5,7,results/logs/cka_strength_sweep/fashion_mnist_all_20260517_180855/strength_0p8/seed_7/splits/fashion_mnist_split_seed7_clients5_alpha0p3_ref200.json,0.8,2,fc1,2,2,1.0,0.9782661199569702,200
cka_feddst,fashion_mnist,0.5,7,results/logs/cka_strength_sweep/fashion_mnist_all_20260517_180855/strength_0p8/seed_7/splits/fashion_mnist_split_seed7_clients5_alpha0p3_ref200.json,0.8,2,fc1,2,3,0.9829468131065369,0.9782661199569702,200
cka_feddst,fashion_mnist,0.5,7,results/logs/cka_strength_sweep/fashion_mnist_all_20260517_180855/strength_0p8/seed_7/splits/fashion_mnist_split_seed7_clients5_alpha0p3_ref200.json,0.8,2,fc1,2,4,0.9869897365570068,0.9782661199569702,200
cka_feddst,fashion_mnist,0.5,7,results/logs/cka_strength_sweep/fashion_mnist_all_20260517_180855/strength_0p8/seed_7/splits/fashion_mnist_split_seed7_clients5_alpha0p3_ref200.json,0.8,2,fc1,3,0,0.9739748239517212,0.9782661199569702,200
cka_feddst,fashion_mnist,0.5,7,results/logs/cka_strength_sweep/fashion_mnist_all_20260517_180855/strength_0p8/seed_7/splits/fashion_mnist_split_seed7_clients5_alpha0p3_ref200.json,0.8,2,fc1,3,1,0.9914008378982544,0.9782661199569702,200
cka_feddst,fashion_mnist,0.5,7,results/logs/cka_strength_sweep/fashion_mnist_all_20260517_180855/strength_0p8/seed_7/splits/fashion_mnist_split_seed7_clients5_alpha0p3_ref200.json,0.8,2,fc1,3,2,0.9829468131065369,0.9782661199569702,200
cka_feddst,fashion_mnist,0.5,7,results/logs/cka_strength_sweep/fashion_mnist_all_20260517_180855/strength_0p8/seed_7/splits/fashion_mnist_split_seed7_clients5_alpha0p3_ref200.json,0.8,2,fc1,3,3,1.0,0.9782661199569702,200
cka_feddst,fashion_mnist,0.5,7,results/logs/cka_strength_sweep/fashion_mnist_all_20260517_180855/strength_0p8/seed_7/splits/fashion_mnist_split_seed7_clients5_alpha0p3_ref200.json,0.8,2,fc1,3,4,0.98039710521698,0.9782661199569702,200
cka_feddst,fashion_mnist,0.5,7,results/logs/cka_strength_sweep/fashion_mnist_all_20260517_180855/strength_0p8/seed_7/splits/fashion_mnist_split_seed7_clients5_alpha0p3_ref200.json,0.8,2,fc1,4,0,0.9775716066360474,0.9782661199569702,200
cka_feddst,fashion_mnist,0.5,7,results/logs/cka_strength_sweep/fashion_mnist_all_20260517_180855/strength_0p8/seed_7/splits/fashion_mnist_split_seed7_clients5_alpha0p3_ref200.json,0.8,2,fc1,4,1,0.9709548950195312,0.9782661199569702,200
cka_feddst,fashion_mnist,0.5,7,results/logs/cka_strength_sweep/fashion_mnist_all_20260517_180855/strength_0p8/seed_7/splits/fashion_mnist_split_seed7_clients5_alpha0p3_ref200.json,0.8,2,fc1,4,2,0.9869897365570068,0.9782661199569702,200
cka_feddst,fashion_mnist,0.5,7,results/logs/cka_strength_sweep/fashion_mnist_all_20260517_180855/strength_0p8/seed_7/splits/fashion_mnist_split_seed7_clients5_alpha0p3_ref200.json,0.8,2,fc1,4,3,0.98039710521698,0.9782661199569702,200
cka_feddst,fashion_mnist,0.5,7,results/logs/cka_strength_sweep/fashion_mnist_all_20260517_180855/strength_0p8/seed_7/splits/fashion_mnist_split_seed7_clients5_alpha0p3_ref200.json,0.8,2,fc1,4,4,1.0,0.9782661199569702,200
cka_feddst,fashion_mnist,0.5,7,results/logs/cka_strength_sweep/fashion_mnist_all_20260517_180855/strength_0p8/seed_7/splits/fashion_mnist_split_seed7_clients5_alpha0p3_ref200.json,0.8,4,conv1,0,0,1.0,0.9999986886978149,200
cka_feddst,fashion_mnist,0.5,7,results/logs/cka_strength_sweep/fashion_mnist_all_20260517_180855/strength_0p8/seed_7/splits/fashion_mnist_split_seed7_clients5_alpha0p3_ref200.json,0.8,4,conv1,0,1,0.9999948143959045,0.9999986886978149,200
cka_feddst,fashion_mnist,0.5,7,results/logs/cka_strength_sweep/fashion_mnist_all_20260517_180855/strength_0p8/seed_7/splits/fashion_mnist_split_seed7_clients5_alpha0p3_ref200.json,0.8,4,conv1,0,2,0.9999985098838806,0.9999986886978149,200
cka_feddst,fashion_mnist,0.5,7,results/logs/cka_strength_sweep/fashion_mnist_all_20260517_180855/strength_0p8/seed_7/splits/fashion_mnist_split_seed7_clients5_alpha0p3_ref200.json,0.8,4,conv1,0,3,0.9999984502792358,0.9999986886978149,200
cka_feddst,fashion_mnist,0.5,7,results/logs/cka_strength_sweep/fashion_mnist_all_20260517_180855/strength_0p8/seed_7/splits/fashion_mnist_split_seed7_clients5_alpha0p3_ref200.json,0.8,4,conv1,0,4,0.9999975562095642,0.9999986886978149,200
cka_feddst,fashion_mnist,0.5,7,results/logs/cka_strength_sweep/fashion_mnist_all_20260517_180855/strength_0p8/seed_7/splits/fashion_mnist_split_seed7_clients5_alpha0p3_ref200.json,0.8,4,conv1,1,0,0.9999948143959045,0.9999986886978149,200
cka_feddst,fashion_mnist,0.5,7,results/logs/cka_strength_sweep/fashion_mnist_all_20260517_180855/strength_0p8/seed_7/splits/fashion_mnist_split_seed7_clients5_alpha0p3_ref200.json,0.8,4,conv1,1,1,1.0,0.9999986886978149,200
cka_feddst,fashion_mnist,0.5,7,results/logs/cka_strength_sweep/fashion_mnist_all_20260517_180855/strength_0p8/seed_7/splits/fashion_mnist_split_seed7_clients5_alpha0p3_ref200.json,0.8,4,conv1,1,2,0.9999986886978149,0.9999986886978149,200
cka_feddst,fashion_mnist,0.5,7,results/logs/cka_strength_sweep/fashion_mnist_all_20260517_180855/strength_0p8/seed_7/splits/fashion_mnist_split_seed7_clients5_alpha0p3_ref200.json,0.8,4,conv1,1,3,0.9999990463256836,0.9999986886978149,200
cka_feddst,fashion_mnist,0.5,7,results/logs/cka_strength_sweep/fashion_mnist_all_20260517_180855/strength_0p8/seed_7/splits/fashion_mnist_split_seed7_clients5_alpha0p3_ref200.json,0.8,4,conv1,1,4,0.9999992847442627,0.9999986886978149,200
cka_feddst,fashion_mnist,0.5,7,results/logs/cka_strength_sweep/fashion_mnist_all_20260517_180855/strength_0p8/seed_7/splits/fashion_mnist_split_seed7_clients5_alpha0p3_ref200.json,0.8,4,conv1,2,0,0.9999985098838806,0.9999986886978149,200
cka_feddst,fashion_mnist,0.5,7,results/logs/cka_strength_sweep/fashion_mnist_all_20260517_180855/strength_0p8/seed_7/splits/fashion_mnist_split_seed7_clients5_alpha0p3_ref200.json,0.8,4,conv1,2,1,0.9999986886978149,0.9999986886978149,200
cka_feddst,fashion_mnist,0.5,7,results/logs/cka_strength_sweep/fashion_mnist_all_20260517_180855/strength_0p8/seed_7/splits/fashion_mnist_split_seed7_clients5_alpha0p3_ref200.json,0.8,4,conv1,2,2,1.0,0.9999986886978149,200
cka_feddst,fashion_mnist,0.5,7,results/logs/cka_strength_sweep/fashion_mnist_all_20260517_180855/strength_0p8/seed_7/splits/fashion_mnist_split_seed7_clients5_alpha0p3_ref200.json,0.8,4,conv1,2,3,1.0,0.9999986886978149,200
cka_feddst,fashion_mnist,0.5,7,results/logs/cka_strength_sweep/fashion_mnist_all_20260517_180855/strength_0p8/seed_7/splits/fashion_mnist_split_seed7_clients5_alpha0p3_ref200.json,0.8,4,conv1,2,4,1.0,0.9999986886978149,200
cka_feddst,fashion_mnist,0.5,7,results/logs/cka_strength_sweep/fashion_mnist_all_20260517_180855/strength_0p8/seed_7/splits/fashion_mnist_split_seed7_clients5_alpha0p3_ref200.json,0.8,4,conv1,3,0,0.9999984502792358,0.9999986886978149,200
cka_feddst,fashion_mnist,0.5,7,results/logs/cka_strength_sweep/fashion_mnist_all_20260517_180855/strength_0p8/seed_7/splits/fashion_mnist_split_seed7_clients5_alpha0p3_ref200.json,0.8,4,conv1,3,1,0.9999990463256836,0.9999986886978149,200
cka_feddst,fashion_mnist,0.5,7,results/logs/cka_strength_sweep/fashion_mnist_all_20260517_180855/strength_0p8/seed_7/splits/fashion_mnist_split_seed7_clients5_alpha0p3_ref200.json,0.8,4,conv1,3,2,1.0,0.9999986886978149,200
cka_feddst,fashion_mnist,0.5,7,results/logs/cka_strength_sweep/fashion_mnist_all_20260517_180855/strength_0p8/seed_7/splits/fashion_mnist_split_seed7_clients5_alpha0p3_ref200.json,0.8,4,conv1,3,3,1.0,0.9999986886978149,200
cka_feddst,fashion_mnist,0.5,7,results/logs/cka_strength_sweep/fashion_mnist_all_20260517_180855/strength_0p8/seed_7/splits/fashion_mnist_split_seed7_clients5_alpha0p3_ref200.json,0.8,4,conv1,3,4,1.0,0.9999986886978149,200
cka_feddst,fashion_mnist,0.5,7,results/logs/cka_strength_sweep/fashion_mnist_all_20260517_180855/strength_0p8/seed_7/splits/fashion_mnist_split_seed7_clients5_alpha0p3_ref200.json,0.8,4,conv1,4,0,0.9999975562095642,0.9999986886978149,200
cka_feddst,fashion_mnist,0.5,7,results/logs/cka_strength_sweep/fashion_mnist_all_20260517_180855/strength_0p8/seed_7/splits/fashion_mnist_split_seed7_clients5_alpha0p3_ref200.json,0.8,4,conv1,4,1,0.9999992847442627,0.9999986886978149,200
cka_feddst,fashion_mnist,0.5,7,results/logs/cka_strength_sweep/fashion_mnist_all_20260517_180855/strength_0p8/seed_7/splits/fashion_mnist_split_seed7_clients5_alpha0p3_ref200.json,0.8,4,conv1,4,2,1.0,0.9999986886978149,200
cka_feddst,fashion_mnist,0.5,7,results/logs/cka_strength_sweep/fashion_mnist_all_20260517_180855/strength_0p8/seed_7/splits/fashion_mnist_split_seed7_clients5_alpha0p3_ref200.json,0.8,4,conv1,4,3,1.0,0.9999986886978149,200
cka_feddst,fashion_mnist,0.5,7,results/logs/cka_strength_sweep/fashion_mnist_all_20260517_180855/strength_0p8/seed_7/splits/fashion_mnist_split_seed7_clients5_alpha0p3_ref200.json,0.8,4,conv1,4,4,1.0,0.9999986886978149,200
cka_feddst,fashion_mnist,0.5,7,results/logs/cka_strength_sweep/fashion_mnist_all_20260517_180855/strength_0p8/seed_7/splits/fashion_mnist_split_seed7_clients5_alpha0p3_ref200.json,0.8,4,conv2,0,0,1.0,0.9999968409538269,200
cka_feddst,fashion_mnist,0.5,7,results/logs/cka_strength_sweep/fashion_mnist_all_20260517_180855/strength_0p8/seed_7/splits/fashion_mnist_split_seed7_clients5_alpha0p3_ref200.json,0.8,4,conv2,0,1,0.9999970197677612,0.9999968409538269,200
cka_feddst,fashion_mnist,0.5,7,results/logs/cka_strength_sweep/fashion_mnist_all_20260517_180855/strength_0p8/seed_7/splits/fashion_mnist_split_seed7_clients5_alpha0p3_ref200.json,0.8,4,conv2,0,2,0.9999960660934448,0.9999968409538269,200
cka_feddst,fashion_mnist,0.5,7,results/logs/cka_strength_sweep/fashion_mnist_all_20260517_180855/strength_0p8/seed_7/splits/fashion_mnist_split_seed7_clients5_alpha0p3_ref200.json,0.8,4,conv2,0,3,0.9999968409538269,0.9999968409538269,200
cka_feddst,fashion_mnist,0.5,7,results/logs/cka_strength_sweep/fashion_mnist_all_20260517_180855/strength_0p8/seed_7/splits/fashion_mnist_split_seed7_clients5_alpha0p3_ref200.json,0.8,4,conv2,0,4,0.9999961256980896,0.9999968409538269,200
cka_feddst,fashion_mnist,0.5,7,results/logs/cka_strength_sweep/fashion_mnist_all_20260517_180855/strength_0p8/seed_7/splits/fashion_mnist_split_seed7_clients5_alpha0p3_ref200.json,0.8,4,conv2,1,0,0.9999970197677612,0.9999968409538269,200
cka_feddst,fashion_mnist,0.5,7,results/logs/cka_strength_sweep/fashion_mnist_all_20260517_180855/strength_0p8/seed_7/splits/fashion_mnist_split_seed7_clients5_alpha0p3_ref200.json,0.8,4,conv2,1,1,1.0,0.9999968409538269,200
cka_feddst,fashion_mnist,0.5,7,results/logs/cka_strength_sweep/fashion_mnist_all_20260517_180855/strength_0p8/seed_7/splits/fashion_mnist_split_seed7_clients5_alpha0p3_ref200.json,0.8,4,conv2,1,2,0.9999966621398926,0.9999968409538269,200
cka_feddst,fashion_mnist,0.5,7,results/logs/cka_strength_sweep/fashion_mnist_all_20260517_180855/strength_0p8/seed_7/splits/fashion_mnist_split_seed7_clients5_alpha0p3_ref200.json,0.8,4,conv2,1,3,0.9999948143959045,0.9999968409538269,200
cka_feddst,fashion_mnist,0.5,7,results/logs/cka_strength_sweep/fashion_mnist_all_20260517_180855/strength_0p8/seed_7/splits/fashion_mnist_split_seed7_clients5_alpha0p3_ref200.json,0.8,4,conv2,1,4,0.9999964833259583,0.9999968409538269,200
cka_feddst,fashion_mnist,0.5,7,results/logs/cka_strength_sweep/fashion_mnist_all_20260517_180855/strength_0p8/seed_7/splits/fashion_mnist_split_seed7_clients5_alpha0p3_ref200.json,0.8,4,conv2,2,0,0.9999960660934448,0.9999968409538269,200
cka_feddst,fashion_mnist,0.5,7,results/logs/cka_strength_sweep/fashion_mnist_all_20260517_180855/strength_0p8/seed_7/splits/fashion_mnist_split_seed7_clients5_alpha0p3_ref200.json,0.8,4,conv2,2,1,0.9999966621398926,0.9999968409538269,200
cka_feddst,fashion_mnist,0.5,7,results/logs/cka_strength_sweep/fashion_mnist_all_20260517_180855/strength_0p8/seed_7/splits/fashion_mnist_split_seed7_clients5_alpha0p3_ref200.json,0.8,4,conv2,2,2,1.0,0.9999968409538269,200
cka_feddst,fashion_mnist,0.5,7,results/logs/cka_strength_sweep/fashion_mnist_all_20260517_180855/strength_0p8/seed_7/splits/fashion_mnist_split_seed7_clients5_alpha0p3_ref200.json,0.8,4,conv2,2,3,0.9999967813491821,0.9999968409538269,200
cka_feddst,fashion_mnist,0.5,7,results/logs/cka_strength_sweep/fashion_mnist_all_20260517_180855/strength_0p8/seed_7/splits/fashion_mnist_split_seed7_clients5_alpha0p3_ref200.json,0.8,4,conv2,2,4,0.9999984502792358,0.9999968409538269,200
cka_feddst,fashion_mnist,0.5,7,results/logs/cka_strength_sweep/fashion_mnist_all_20260517_180855/strength_0p8/seed_7/splits/fashion_mnist_split_seed7_clients5_alpha0p3_ref200.json,0.8,4,conv2,3,0,0.9999968409538269,0.9999968409538269,200
cka_feddst,fashion_mnist,0.5,7,results/logs/cka_strength_sweep/fashion_mnist_all_20260517_180855/strength_0p8/seed_7/splits/fashion_mnist_split_seed7_clients5_alpha0p3_ref200.json,0.8,4,conv2,3,1,0.9999948143959045,0.9999968409538269,200
cka_feddst,fashion_mnist,0.5,7,results/logs/cka_strength_sweep/fashion_mnist_all_20260517_180855/strength_0p8/seed_7/splits/fashion_mnist_split_seed7_clients5_alpha0p3_ref200.json,0.8,4,conv2,3,2,0.9999967813491821,0.9999968409538269,200
cka_feddst,fashion_mnist,0.5,7,results/logs/cka_strength_sweep/fashion_mnist_all_20260517_180855/strength_0p8/seed_7/splits/fashion_mnist_split_seed7_clients5_alpha0p3_ref200.json,0.8,4,conv2,3,3,1.0,0.9999968409538269,200
cka_feddst,fashion_mnist,0.5,7,results/logs/cka_strength_sweep/fashion_mnist_all_20260517_180855/strength_0p8/seed_7/splits/fashion_mnist_split_seed7_clients5_alpha0p3_ref200.json,0.8,4,conv2,3,4,0.9999988079071045,0.9999968409538269,200
cka_feddst,fashion_mnist,0.5,7,results/logs/cka_strength_sweep/fashion_mnist_all_20260517_180855/strength_0p8/seed_7/splits/fashion_mnist_split_seed7_clients5_alpha0p3_ref200.json,0.8,4,conv2,4,0,0.9999961256980896,0.9999968409538269,200
cka_feddst,fashion_mnist,0.5,7,results/logs/cka_strength_sweep/fashion_mnist_all_20260517_180855/strength_0p8/seed_7/splits/fashion_mnist_split_seed7_clients5_alpha0p3_ref200.json,0.8,4,conv2,4,1,0.9999964833259583,0.9999968409538269,200
cka_feddst,fashion_mnist,0.5,7,results/logs/cka_strength_sweep/fashion_mnist_all_20260517_180855/strength_0p8/seed_7/splits/fashion_mnist_split_seed7_clients5_alpha0p3_ref200.json,0.8,4,conv2,4,2,0.9999984502792358,0.9999968409538269,200
cka_feddst,fashion_mnist,0.5,7,results/logs/cka_strength_sweep/fashion_mnist_all_20260517_180855/strength_0p8/seed_7/splits/fashion_mnist_split_seed7_clients5_alpha0p3_ref200.json,0.8,4,conv2,4,3,0.9999988079071045,0.9999968409538269,200
cka_feddst,fashion_mnist,0.5,7,results/logs/cka_strength_sweep/fashion_mnist_all_20260517_180855/strength_0p8/seed_7/splits/fashion_mnist_split_seed7_clients5_alpha0p3_ref200.json,0.8,4,conv2,4,4,1.0,0.9999968409538269,200
cka_feddst,fashion_mnist,0.5,7,results/logs/cka_strength_sweep/fashion_mnist_all_20260517_180855/strength_0p8/seed_7/splits/fashion_mnist_split_seed7_clients5_alpha0p3_ref200.json,0.8,4,fc1,0,0,1.0,0.9889845848083496,200
cka_feddst,fashion_mnist,0.5,7,results/logs/cka_strength_sweep/fashion_mnist_all_20260517_180855/strength_0p8/seed_7/splits/fashion_mnist_split_seed7_clients5_alpha0p3_ref200.json,0.8,4,fc1,0,1,0.9896092414855957,0.9889845848083496,200
cka_feddst,fashion_mnist,0.5,7,results/logs/cka_strength_sweep/fashion_mnist_all_20260517_180855/strength_0p8/seed_7/splits/fashion_mnist_split_seed7_clients5_alpha0p3_ref200.json,0.8,4,fc1,0,2,0.9858335852622986,0.9889845848083496,200
cka_feddst,fashion_mnist,0.5,7,results/logs/cka_strength_sweep/fashion_mnist_all_20260517_180855/strength_0p8/seed_7/splits/fashion_mnist_split_seed7_clients5_alpha0p3_ref200.json,0.8,4,fc1,0,3,0.9879194498062134,0.9889845848083496,200
cka_feddst,fashion_mnist,0.5,7,results/logs/cka_strength_sweep/fashion_mnist_all_20260517_180855/strength_0p8/seed_7/splits/fashion_mnist_split_seed7_clients5_alpha0p3_ref200.json,0.8,4,fc1,0,4,0.9877820014953613,0.9889845848083496,200
cka_feddst,fashion_mnist,0.5,7,results/logs/cka_strength_sweep/fashion_mnist_all_20260517_180855/strength_0p8/seed_7/splits/fashion_mnist_split_seed7_clients5_alpha0p3_ref200.json,0.8,4,fc1,1,0,0.9896092414855957,0.9889845848083496,200
cka_feddst,fashion_mnist,0.5,7,results/logs/cka_strength_sweep/fashion_mnist_all_20260517_180855/strength_0p8/seed_7/splits/fashion_mnist_split_seed7_clients5_alpha0p3_ref200.json,0.8,4,fc1,1,1,1.0,0.9889845848083496,200
cka_feddst,fashion_mnist,0.5,7,results/logs/cka_strength_sweep/fashion_mnist_all_20260517_180855/strength_0p8/seed_7/splits/fashion_mnist_split_seed7_clients5_alpha0p3_ref200.json,0.8,4,fc1,1,2,0.990664005279541,0.9889845848083496,200
cka_feddst,fashion_mnist,0.5,7,results/logs/cka_strength_sweep/fashion_mnist_all_20260517_180855/strength_0p8/seed_7/splits/fashion_mnist_split_seed7_clients5_alpha0p3_ref200.json,0.8,4,fc1,1,3,0.9859748482704163,0.9889845848083496,200
cka_feddst,fashion_mnist,0.5,7,results/logs/cka_strength_sweep/fashion_mnist_all_20260517_180855/strength_0p8/seed_7/splits/fashion_mnist_split_seed7_clients5_alpha0p3_ref200.json,0.8,4,fc1,1,4,0.9891241788864136,0.9889845848083496,200
cka_feddst,fashion_mnist,0.5,7,results/logs/cka_strength_sweep/fashion_mnist_all_20260517_180855/strength_0p8/seed_7/splits/fashion_mnist_split_seed7_clients5_alpha0p3_ref200.json,0.8,4,fc1,2,0,0.9858335852622986,0.9889845848083496,200
cka_feddst,fashion_mnist,0.5,7,results/logs/cka_strength_sweep/fashion_mnist_all_20260517_180855/strength_0p8/seed_7/splits/fashion_mnist_split_seed7_clients5_alpha0p3_ref200.json,0.8,4,fc1,2,1,0.990664005279541,0.9889845848083496,200
cka_feddst,fashion_mnist,0.5,7,results/logs/cka_strength_sweep/fashion_mnist_all_20260517_180855/strength_0p8/seed_7/splits/fashion_mnist_split_seed7_clients5_alpha0p3_ref200.json,0.8,4,fc1,2,2,1.0,0.9889845848083496,200
cka_feddst,fashion_mnist,0.5,7,results/logs/cka_strength_sweep/fashion_mnist_all_20260517_180855/strength_0p8/seed_7/splits/fashion_mnist_split_seed7_clients5_alpha0p3_ref200.json,0.8,4,fc1,2,3,0.9842401146888733,0.9889845848083496,200
cka_feddst,fashion_mnist,0.5,7,results/logs/cka_strength_sweep/fashion_mnist_all_20260517_180855/strength_0p8/seed_7/splits/fashion_mnist_split_seed7_clients5_alpha0p3_ref200.json,0.8,4,fc1,2,4,0.9941895604133606,0.9889845848083496,200
cka_feddst,fashion_mnist,0.5,7,results/logs/cka_strength_sweep/fashion_mnist_all_20260517_180855/strength_0p8/seed_7/splits/fashion_mnist_split_seed7_clients5_alpha0p3_ref200.json,0.8,4,fc1,3,0,0.9879194498062134,0.9889845848083496,200
cka_feddst,fashion_mnist,0.5,7,results/logs/cka_strength_sweep/fashion_mnist_all_20260517_180855/strength_0p8/seed_7/splits/fashion_mnist_split_seed7_clients5_alpha0p3_ref200.json,0.8,4,fc1,3,1,0.9859748482704163,0.9889845848083496,200
cka_feddst,fashion_mnist,0.5,7,results/logs/cka_strength_sweep/fashion_mnist_all_20260517_180855/strength_0p8/seed_7/splits/fashion_mnist_split_seed7_clients5_alpha0p3_ref200.json,0.8,4,fc1,3,2,0.9842401146888733,0.9889845848083496,200
cka_feddst,fashion_mnist,0.5,7,results/logs/cka_strength_sweep/fashion_mnist_all_20260517_180855/strength_0p8/seed_7/splits/fashion_mnist_split_seed7_clients5_alpha0p3_ref200.json,0.8,4,fc1,3,3,1.0,0.9889845848083496,200
cka_feddst,fashion_mnist,0.5,7,results/logs/cka_strength_sweep/fashion_mnist_all_20260517_180855/strength_0p8/seed_7/splits/fashion_mnist_split_seed7_clients5_alpha0p3_ref200.json,0.8,4,fc1,3,4,0.994508683681488,0.9889845848083496,200
cka_feddst,fashion_mnist,0.5,7,results/logs/cka_strength_sweep/fashion_mnist_all_20260517_180855/strength_0p8/seed_7/splits/fashion_mnist_split_seed7_clients5_alpha0p3_ref200.json,0.8,4,fc1,4,0,0.9877820014953613,0.9889845848083496,200
cka_feddst,fashion_mnist,0.5,7,results/logs/cka_strength_sweep/fashion_mnist_all_20260517_180855/strength_0p8/seed_7/splits/fashion_mnist_split_seed7_clients5_alpha0p3_ref200.json,0.8,4,fc1,4,1,0.9891241788864136,0.9889845848083496,200
cka_feddst,fashion_mnist,0.5,7,results/logs/cka_strength_sweep/fashion_mnist_all_20260517_180855/strength_0p8/seed_7/splits/fashion_mnist_split_seed7_clients5_alpha0p3_ref200.json,0.8,4,fc1,4,2,0.9941895604133606,0.9889845848083496,200
cka_feddst,fashion_mnist,0.5,7,results/logs/cka_strength_sweep/fashion_mnist_all_20260517_180855/strength_0p8/seed_7/splits/fashion_mnist_split_seed7_clients5_alpha0p3_ref200.json,0.8,4,fc1,4,3,0.994508683681488,0.9889845848083496,200
cka_feddst,fashion_mnist,0.5,7,results/logs/cka_strength_sweep/fashion_mnist_all_20260517_180855/strength_0p8/seed_7/splits/fashion_mnist_split_seed7_clients5_alpha0p3_ref200.json,0.8,4,fc1,4,4,1.0,0.9889845848083496,200
cka_feddst,fashion_mnist,0.5,7,results/logs/cka_strength_sweep/fashion_mnist_all_20260517_180855/strength_0p8/seed_7/splits/fashion_mnist_split_seed7_clients5_alpha0p3_ref200.json,0.8,6,conv1,0,0,1.0,0.9999984502792358,200
cka_feddst,fashion_mnist,0.5,7,results/logs/cka_strength_sweep/fashion_mnist_all_20260517_180855/strength_0p8/seed_7/splits/fashion_mnist_split_seed7_clients5_alpha0p3_ref200.json,0.8,6,conv1,0,1,0.999994695186615,0.9999984502792358,200
cka_feddst,fashion_mnist,0.5,7,results/logs/cka_strength_sweep/fashion_mnist_all_20260517_180855/strength_0p8/seed_7/splits/fashion_mnist_split_seed7_clients5_alpha0p3_ref200.json,0.8,6,conv1,0,2,0.999998152256012,0.9999984502792358,200
cka_feddst,fashion_mnist,0.5,7,results/logs/cka_strength_sweep/fashion_mnist_all_20260517_180855/strength_0p8/seed_7/splits/fashion_mnist_split_seed7_clients5_alpha0p3_ref200.json,0.8,6,conv1,0,3,0.9999991059303284,0.9999984502792358,200
cka_feddst,fashion_mnist,0.5,7,results/logs/cka_strength_sweep/fashion_mnist_all_20260517_180855/strength_0p8/seed_7/splits/fashion_mnist_split_seed7_clients5_alpha0p3_ref200.json,0.8,6,conv1,0,4,0.9999967217445374,0.9999984502792358,200
cka_feddst,fashion_mnist,0.5,7,results/logs/cka_strength_sweep/fashion_mnist_all_20260517_180855/strength_0p8/seed_7/splits/fashion_mnist_split_seed7_clients5_alpha0p3_ref200.json,0.8,6,conv1,1,0,0.999994695186615,0.9999984502792358,200
cka_feddst,fashion_mnist,0.5,7,results/logs/cka_strength_sweep/fashion_mnist_all_20260517_180855/strength_0p8/seed_7/splits/fashion_mnist_split_seed7_clients5_alpha0p3_ref200.json,0.8,6,conv1,1,1,1.0,0.9999984502792358,200
cka_feddst,fashion_mnist,0.5,7,results/logs/cka_strength_sweep/fashion_mnist_all_20260517_180855/strength_0p8/seed_7/splits/fashion_mnist_split_seed7_clients5_alpha0p3_ref200.json,0.8,6,conv1,1,2,0.9999986886978149,0.9999984502792358,200
cka_feddst,fashion_mnist,0.5,7,results/logs/cka_strength_sweep/fashion_mnist_all_20260517_180855/strength_0p8/seed_7/splits/fashion_mnist_split_seed7_clients5_alpha0p3_ref200.json,0.8,6,conv1,1,3,0.9999985694885254,0.9999984502792358,200
cka_feddst,fashion_mnist,0.5,7,results/logs/cka_strength_sweep/fashion_mnist_all_20260517_180855/strength_0p8/seed_7/splits/fashion_mnist_split_seed7_clients5_alpha0p3_ref200.json,0.8,6,conv1,1,4,0.9999997019767761,0.9999984502792358,200
cka_feddst,fashion_mnist,0.5,7,results/logs/cka_strength_sweep/fashion_mnist_all_20260517_180855/strength_0p8/seed_7/splits/fashion_mnist_split_seed7_clients5_alpha0p3_ref200.json,0.8,6,conv1,2,0,0.999998152256012,0.9999984502792358,200
cka_feddst,fashion_mnist,0.5,7,results/logs/cka_strength_sweep/fashion_mnist_all_20260517_180855/strength_0p8/seed_7/splits/fashion_mnist_split_seed7_clients5_alpha0p3_ref200.json,0.8,6,conv1,2,1,0.9999986886978149,0.9999984502792358,200
cka_feddst,fashion_mnist,0.5,7,results/logs/cka_strength_sweep/fashion_mnist_all_20260517_180855/strength_0p8/seed_7/splits/fashion_mnist_split_seed7_clients5_alpha0p3_ref200.json,0.8,6,conv1,2,2,1.0,0.9999984502792358,200
cka_feddst,fashion_mnist,0.5,7,results/logs/cka_strength_sweep/fashion_mnist_all_20260517_180855/strength_0p8/seed_7/splits/fashion_mnist_split_seed7_clients5_alpha0p3_ref200.json,0.8,6,conv1,2,3,1.0,0.9999984502792358,200
cka_feddst,fashion_mnist,0.5,7,results/logs/cka_strength_sweep/fashion_mnist_all_20260517_180855/strength_0p8/seed_7/splits/fashion_mnist_split_seed7_clients5_alpha0p3_ref200.json,0.8,6,conv1,2,4,0.9999995231628418,0.9999984502792358,200
cka_feddst,fashion_mnist,0.5,7,results/logs/cka_strength_sweep/fashion_mnist_all_20260517_180855/strength_0p8/seed_7/splits/fashion_mnist_split_seed7_clients5_alpha0p3_ref200.json,0.8,6,conv1,3,0,0.9999991059303284,0.9999984502792358,200
cka_feddst,fashion_mnist,0.5,7,results/logs/cka_strength_sweep/fashion_mnist_all_20260517_180855/strength_0p8/seed_7/splits/fashion_mnist_split_seed7_clients5_alpha0p3_ref200.json,0.8,6,conv1,3,1,0.9999985694885254,0.9999984502792358,200
cka_feddst,fashion_mnist,0.5,7,results/logs/cka_strength_sweep/fashion_mnist_all_20260517_180855/strength_0p8/seed_7/splits/fashion_mnist_split_seed7_clients5_alpha0p3_ref200.json,0.8,6,conv1,3,2,1.0,0.9999984502792358,200
cka_feddst,fashion_mnist,0.5,7,results/logs/cka_strength_sweep/fashion_mnist_all_20260517_180855/strength_0p8/seed_7/splits/fashion_mnist_split_seed7_clients5_alpha0p3_ref200.json,0.8,6,conv1,3,3,1.0,0.9999984502792358,200
cka_feddst,fashion_mnist,0.5,7,results/logs/cka_strength_sweep/fashion_mnist_all_20260517_180855/strength_0p8/seed_7/splits/fashion_mnist_split_seed7_clients5_alpha0p3_ref200.json,0.8,6,conv1,3,4,0.9999997019767761,0.9999984502792358,200
cka_feddst,fashion_mnist,0.5,7,results/logs/cka_strength_sweep/fashion_mnist_all_20260517_180855/strength_0p8/seed_7/splits/fashion_mnist_split_seed7_clients5_alpha0p3_ref200.json,0.8,6,conv1,4,0,0.9999967217445374,0.9999984502792358,200
cka_feddst,fashion_mnist,0.5,7,results/logs/cka_strength_sweep/fashion_mnist_all_20260517_180855/strength_0p8/seed_7/splits/fashion_mnist_split_seed7_clients5_alpha0p3_ref200.json,0.8,6,conv1,4,1,0.9999997019767761,0.9999984502792358,200
cka_feddst,fashion_mnist,0.5,7,results/logs/cka_strength_sweep/fashion_mnist_all_20260517_180855/strength_0p8/seed_7/splits/fashion_mnist_split_seed7_clients5_alpha0p3_ref200.json,0.8,6,conv1,4,2,0.9999995231628418,0.9999984502792358,200
cka_feddst,fashion_mnist,0.5,7,results/logs/cka_strength_sweep/fashion_mnist_all_20260517_180855/strength_0p8/seed_7/splits/fashion_mnist_split_seed7_clients5_alpha0p3_ref200.json,0.8,6,conv1,4,3,0.9999997019767761,0.9999984502792358,200
cka_feddst,fashion_mnist,0.5,7,results/logs/cka_strength_sweep/fashion_mnist_all_20260517_180855/strength_0p8/seed_7/splits/fashion_mnist_split_seed7_clients5_alpha0p3_ref200.json,0.8,6,conv1,4,4,1.0,0.9999984502792358,200
cka_feddst,fashion_mnist,0.5,7,results/logs/cka_strength_sweep/fashion_mnist_all_20260517_180855/strength_0p8/seed_7/splits/fashion_mnist_split_seed7_clients5_alpha0p3_ref200.json,0.8,6,conv2,0,0,1.0,0.9999984502792358,200
cka_feddst,fashion_mnist,0.5,7,results/logs/cka_strength_sweep/fashion_mnist_all_20260517_180855/strength_0p8/seed_7/splits/fashion_mnist_split_seed7_clients5_alpha0p3_ref200.json,0.8,6,conv2,0,1,0.9999974966049194,0.9999984502792358,200
cka_feddst,fashion_mnist,0.5,7,results/logs/cka_strength_sweep/fashion_mnist_all_20260517_180855/strength_0p8/seed_7/splits/fashion_mnist_split_seed7_clients5_alpha0p3_ref200.json,0.8,6,conv2,0,2,0.9999975562095642,0.9999984502792358,200
cka_feddst,fashion_mnist,0.5,7,results/logs/cka_strength_sweep/fashion_mnist_all_20260517_180855/strength_0p8/seed_7/splits/fashion_mnist_split_seed7_clients5_alpha0p3_ref200.json,0.8,6,conv2,0,3,0.9999986290931702,0.9999984502792358,200
cka_feddst,fashion_mnist,0.5,7,results/logs/cka_strength_sweep/fashion_mnist_all_20260517_180855/strength_0p8/seed_7/splits/fashion_mnist_split_seed7_clients5_alpha0p3_ref200.json,0.8,6,conv2,0,4,0.9999982714653015,0.9999984502792358,200
cka_feddst,fashion_mnist,0.5,7,results/logs/cka_strength_sweep/fashion_mnist_all_20260517_180855/strength_0p8/seed_7/splits/fashion_mnist_split_seed7_clients5_alpha0p3_ref200.json,0.8,6,conv2,1,0,0.9999974966049194,0.9999984502792358,200
cka_feddst,fashion_mnist,0.5,7,results/logs/cka_strength_sweep/fashion_mnist_all_20260517_180855/strength_0p8/seed_7/splits/fashion_mnist_split_seed7_clients5_alpha0p3_ref200.json,0.8,6,conv2,1,1,1.0,0.9999984502792358,200
cka_feddst,fashion_mnist,0.5,7,results/logs/cka_strength_sweep/fashion_mnist_all_20260517_180855/strength_0p8/seed_7/splits/fashion_mnist_split_seed7_clients5_alpha0p3_ref200.json,0.8,6,conv2,1,2,0.9999983310699463,0.9999984502792358,200
cka_feddst,fashion_mnist,0.5,7,results/logs/cka_strength_sweep/fashion_mnist_all_20260517_180855/strength_0p8/seed_7/splits/fashion_mnist_split_seed7_clients5_alpha0p3_ref200.json,0.8,6,conv2,1,3,0.9999980926513672,0.9999984502792358,200
cka_feddst,fashion_mnist,0.5,7,results/logs/cka_strength_sweep/fashion_mnist_all_20260517_180855/strength_0p8/seed_7/splits/fashion_mnist_split_seed7_clients5_alpha0p3_ref200.json,0.8,6,conv2,1,4,1.0,0.9999984502792358,200
cka_feddst,fashion_mnist,0.5,7,results/logs/cka_strength_sweep/fashion_mnist_all_20260517_180855/strength_0p8/seed_7/splits/fashion_mnist_split_seed7_clients5_alpha0p3_ref200.json,0.8,6,conv2,2,0,0.9999975562095642,0.9999984502792358,200
cka_feddst,fashion_mnist,0.5,7,results/logs/cka_strength_sweep/fashion_mnist_all_20260517_180855/strength_0p8/seed_7/splits/fashion_mnist_split_seed7_clients5_alpha0p3_ref200.json,0.8,6,conv2,2,1,0.9999983310699463,0.9999984502792358,200
cka_feddst,fashion_mnist,0.5,7,results/logs/cka_strength_sweep/fashion_mnist_all_20260517_180855/strength_0p8/seed_7/splits/fashion_mnist_split_seed7_clients5_alpha0p3_ref200.json,0.8,6,conv2,2,2,1.0,0.9999984502792358,200
cka_feddst,fashion_mnist,0.5,7,results/logs/cka_strength_sweep/fashion_mnist_all_20260517_180855/strength_0p8/seed_7/splits/fashion_mnist_split_seed7_clients5_alpha0p3_ref200.json,0.8,6,conv2,2,3,0.9999982118606567,0.9999984502792358,200
cka_feddst,fashion_mnist,0.5,7,results/logs/cka_strength_sweep/fashion_mnist_all_20260517_180855/strength_0p8/seed_7/splits/fashion_mnist_split_seed7_clients5_alpha0p3_ref200.json,0.8,6,conv2,2,4,0.9999992251396179,0.9999984502792358,200
cka_feddst,fashion_mnist,0.5,7,results/logs/cka_strength_sweep/fashion_mnist_all_20260517_180855/strength_0p8/seed_7/splits/fashion_mnist_split_seed7_clients5_alpha0p3_ref200.json,0.8,6,conv2,3,0,0.9999986290931702,0.9999984502792358,200
cka_feddst,fashion_mnist,0.5,7,results/logs/cka_strength_sweep/fashion_mnist_all_20260517_180855/strength_0p8/seed_7/splits/fashion_mnist_split_seed7_clients5_alpha0p3_ref200.json,0.8,6,conv2,3,1,0.9999980926513672,0.9999984502792358,200
cka_feddst,fashion_mnist,0.5,7,results/logs/cka_strength_sweep/fashion_mnist_all_20260517_180855/strength_0p8/seed_7/splits/fashion_mnist_split_seed7_clients5_alpha0p3_ref200.json,0.8,6,conv2,3,2,0.9999982118606567,0.9999984502792358,200
cka_feddst,fashion_mnist,0.5,7,results/logs/cka_strength_sweep/fashion_mnist_all_20260517_180855/strength_0p8/seed_7/splits/fashion_mnist_split_seed7_clients5_alpha0p3_ref200.json,0.8,6,conv2,3,3,1.0,0.9999984502792358,200
cka_feddst,fashion_mnist,0.5,7,results/logs/cka_strength_sweep/fashion_mnist_all_20260517_180855/strength_0p8/seed_7/splits/fashion_mnist_split_seed7_clients5_alpha0p3_ref200.json,0.8,6,conv2,3,4,0.9999995827674866,0.9999984502792358,200
cka_feddst,fashion_mnist,0.5,7,results/logs/cka_strength_sweep/fashion_mnist_all_20260517_180855/strength_0p8/seed_7/splits/fashion_mnist_split_seed7_clients5_alpha0p3_ref200.json,0.8,6,conv2,4,0,0.9999982714653015,0.9999984502792358,200
cka_feddst,fashion_mnist,0.5,7,results/logs/cka_strength_sweep/fashion_mnist_all_20260517_180855/strength_0p8/seed_7/splits/fashion_mnist_split_seed7_clients5_alpha0p3_ref200.json,0.8,6,conv2,4,1,1.0,0.9999984502792358,200
cka_feddst,fashion_mnist,0.5,7,results/logs/cka_strength_sweep/fashion_mnist_all_20260517_180855/strength_0p8/seed_7/splits/fashion_mnist_split_seed7_clients5_alpha0p3_ref200.json,0.8,6,conv2,4,2,0.9999992251396179,0.9999984502792358,200
cka_feddst,fashion_mnist,0.5,7,results/logs/cka_strength_sweep/fashion_mnist_all_20260517_180855/strength_0p8/seed_7/splits/fashion_mnist_split_seed7_clients5_alpha0p3_ref200.json,0.8,6,conv2,4,3,0.9999995827674866,0.9999984502792358,200
cka_feddst,fashion_mnist,0.5,7,results/logs/cka_strength_sweep/fashion_mnist_all_20260517_180855/strength_0p8/seed_7/splits/fashion_mnist_split_seed7_clients5_alpha0p3_ref200.json,0.8,6,conv2,4,4,1.0,0.9999984502792358,200
cka_feddst,fashion_mnist,0.5,7,results/logs/cka_strength_sweep/fashion_mnist_all_20260517_180855/strength_0p8/seed_7/splits/fashion_mnist_split_seed7_clients5_alpha0p3_ref200.json,0.8,6,fc1,0,0,1.0,0.99482661485672,200
cka_feddst,fashion_mnist,0.5,7,results/logs/cka_strength_sweep/fashion_mnist_all_20260517_180855/strength_0p8/seed_7/splits/fashion_mnist_split_seed7_clients5_alpha0p3_ref200.json,0.8,6,fc1,0,1,0.998216986656189,0.99482661485672,200
cka_feddst,fashion_mnist,0.5,7,results/logs/cka_strength_sweep/fashion_mnist_all_20260517_180855/strength_0p8/seed_7/splits/fashion_mnist_split_seed7_clients5_alpha0p3_ref200.json,0.8,6,fc1,0,2,0.9940310120582581,0.99482661485672,200
cka_feddst,fashion_mnist,0.5,7,results/logs/cka_strength_sweep/fashion_mnist_all_20260517_180855/strength_0p8/seed_7/splits/fashion_mnist_split_seed7_clients5_alpha0p3_ref200.json,0.8,6,fc1,0,3,0.9934403300285339,0.99482661485672,200
cka_feddst,fashion_mnist,0.5,7,results/logs/cka_strength_sweep/fashion_mnist_all_20260517_180855/strength_0p8/seed_7/splits/fashion_mnist_split_seed7_clients5_alpha0p3_ref200.json,0.8,6,fc1,0,4,0.995529294013977,0.99482661485672,200
cka_feddst,fashion_mnist,0.5,7,results/logs/cka_strength_sweep/fashion_mnist_all_20260517_180855/strength_0p8/seed_7/splits/fashion_mnist_split_seed7_clients5_alpha0p3_ref200.json,0.8,6,fc1,1,0,0.998216986656189,0.99482661485672,200
cka_feddst,fashion_mnist,0.5,7,results/logs/cka_strength_sweep/fashion_mnist_all_20260517_180855/strength_0p8/seed_7/splits/fashion_mnist_split_seed7_clients5_alpha0p3_ref200.json,0.8,6,fc1,1,1,1.0,0.99482661485672,200
cka_feddst,fashion_mnist,0.5,7,results/logs/cka_strength_sweep/fashion_mnist_all_20260517_180855/strength_0p8/seed_7/splits/fashion_mnist_split_seed7_clients5_alpha0p3_ref200.json,0.8,6,fc1,1,2,0.9950080513954163,0.99482661485672,200
cka_feddst,fashion_mnist,0.5,7,results/logs/cka_strength_sweep/fashion_mnist_all_20260517_180855/strength_0p8/seed_7/splits/fashion_mnist_split_seed7_clients5_alpha0p3_ref200.json,0.8,6,fc1,1,3,0.9938663244247437,0.99482661485672,200
cka_feddst,fashion_mnist,0.5,7,results/logs/cka_strength_sweep/fashion_mnist_all_20260517_180855/strength_0p8/seed_7/splits/fashion_mnist_split_seed7_clients5_alpha0p3_ref200.json,0.8,6,fc1,1,4,0.995668888092041,0.99482661485672,200
cka_feddst,fashion_mnist,0.5,7,results/logs/cka_strength_sweep/fashion_mnist_all_20260517_180855/strength_0p8/seed_7/splits/fashion_mnist_split_seed7_clients5_alpha0p3_ref200.json,0.8,6,fc1,2,0,0.9940310120582581,0.99482661485672,200
cka_feddst,fashion_mnist,0.5,7,results/logs/cka_strength_sweep/fashion_mnist_all_20260517_180855/strength_0p8/seed_7/splits/fashion_mnist_split_seed7_clients5_alpha0p3_ref200.json,0.8,6,fc1,2,1,0.9950080513954163,0.99482661485672,200
cka_feddst,fashion_mnist,0.5,7,results/logs/cka_strength_sweep/fashion_mnist_all_20260517_180855/strength_0p8/seed_7/splits/fashion_mnist_split_seed7_clients5_alpha0p3_ref200.json,0.8,6,fc1,2,2,1.0,0.99482661485672,200
cka_feddst,fashion_mnist,0.5,7,results/logs/cka_strength_sweep/fashion_mnist_all_20260517_180855/strength_0p8/seed_7/splits/fashion_mnist_split_seed7_clients5_alpha0p3_ref200.json,0.8,6,fc1,2,3,0.9904240965843201,0.99482661485672,200
cka_feddst,fashion_mnist,0.5,7,results/logs/cka_strength_sweep/fashion_mnist_all_20260517_180855/strength_0p8/seed_7/splits/fashion_mnist_split_seed7_clients5_alpha0p3_ref200.json,0.8,6,fc1,2,4,0.9967591762542725,0.99482661485672,200
cka_feddst,fashion_mnist,0.5,7,results/logs/cka_strength_sweep/fashion_mnist_all_20260517_180855/strength_0p8/seed_7/splits/fashion_mnist_split_seed7_clients5_alpha0p3_ref200.json,0.8,6,fc1,3,0,0.9934403300285339,0.99482661485672,200
cka_feddst,fashion_mnist,0.5,7,results/logs/cka_strength_sweep/fashion_mnist_all_20260517_180855/strength_0p8/seed_7/splits/fashion_mnist_split_seed7_clients5_alpha0p3_ref200.json,0.8,6,fc1,3,1,0.9938663244247437,0.99482661485672,200
cka_feddst,fashion_mnist,0.5,7,results/logs/cka_strength_sweep/fashion_mnist_all_20260517_180855/strength_0p8/seed_7/splits/fashion_mnist_split_seed7_clients5_alpha0p3_ref200.json,0.8,6,fc1,3,2,0.9904240965843201,0.99482661485672,200
cka_feddst,fashion_mnist,0.5,7,results/logs/cka_strength_sweep/fashion_mnist_all_20260517_180855/strength_0p8/seed_7/splits/fashion_mnist_split_seed7_clients5_alpha0p3_ref200.json,0.8,6,fc1,3,3,1.0,0.99482661485672,200
cka_feddst,fashion_mnist,0.5,7,results/logs/cka_strength_sweep/fashion_mnist_all_20260517_180855/strength_0p8/seed_7/splits/fashion_mnist_split_seed7_clients5_alpha0p3_ref200.json,0.8,6,fc1,3,4,0.995322585105896,0.99482661485672,200
cka_feddst,fashion_mnist,0.5,7,results/logs/cka_strength_sweep/fashion_mnist_all_20260517_180855/strength_0p8/seed_7/splits/fashion_mnist_split_seed7_clients5_alpha0p3_ref200.json,0.8,6,fc1,4,0,0.995529294013977,0.99482661485672,200
cka_feddst,fashion_mnist,0.5,7,results/logs/cka_strength_sweep/fashion_mnist_all_20260517_180855/strength_0p8/seed_7/splits/fashion_mnist_split_seed7_clients5_alpha0p3_ref200.json,0.8,6,fc1,4,1,0.995668888092041,0.99482661485672,200
cka_feddst,fashion_mnist,0.5,7,results/logs/cka_strength_sweep/fashion_mnist_all_20260517_180855/strength_0p8/seed_7/splits/fashion_mnist_split_seed7_clients5_alpha0p3_ref200.json,0.8,6,fc1,4,2,0.9967591762542725,0.99482661485672,200
cka_feddst,fashion_mnist,0.5,7,results/logs/cka_strength_sweep/fashion_mnist_all_20260517_180855/strength_0p8/seed_7/splits/fashion_mnist_split_seed7_clients5_alpha0p3_ref200.json,0.8,6,fc1,4,3,0.995322585105896,0.99482661485672,200
cka_feddst,fashion_mnist,0.5,7,results/logs/cka_strength_sweep/fashion_mnist_all_20260517_180855/strength_0p8/seed_7/splits/fashion_mnist_split_seed7_clients5_alpha0p3_ref200.json,0.8,6,fc1,4,4,1.0,0.99482661485672,200
cka_feddst,fashion_mnist,0.5,7,results/logs/cka_strength_sweep/fashion_mnist_all_20260517_180855/strength_0p8/seed_7/splits/fashion_mnist_split_seed7_clients5_alpha0p3_ref200.json,0.8,8,conv1,0,0,1.0,0.9999994039535522,200
cka_feddst,fashion_mnist,0.5,7,results/logs/cka_strength_sweep/fashion_mnist_all_20260517_180855/strength_0p8/seed_7/splits/fashion_mnist_split_seed7_clients5_alpha0p3_ref200.json,0.8,8,conv1,0,1,0.9999998807907104,0.9999994039535522,200
cka_feddst,fashion_mnist,0.5,7,results/logs/cka_strength_sweep/fashion_mnist_all_20260517_180855/strength_0p8/seed_7/splits/fashion_mnist_split_seed7_clients5_alpha0p3_ref200.json,0.8,8,conv1,0,2,1.0,0.9999994039535522,200
cka_feddst,fashion_mnist,0.5,7,results/logs/cka_strength_sweep/fashion_mnist_all_20260517_180855/strength_0p8/seed_7/splits/fashion_mnist_split_seed7_clients5_alpha0p3_ref200.json,0.8,8,conv1,0,3,0.9999997615814209,0.9999994039535522,200
cka_feddst,fashion_mnist,0.5,7,results/logs/cka_strength_sweep/fashion_mnist_all_20260517_180855/strength_0p8/seed_7/splits/fashion_mnist_split_seed7_clients5_alpha0p3_ref200.json,0.8,8,conv1,0,4,0.9999977350234985,0.9999994039535522,200
cka_feddst,fashion_mnist,0.5,7,results/logs/cka_strength_sweep/fashion_mnist_all_20260517_180855/strength_0p8/seed_7/splits/fashion_mnist_split_seed7_clients5_alpha0p3_ref200.json,0.8,8,conv1,1,0,0.9999998807907104,0.9999994039535522,200
cka_feddst,fashion_mnist,0.5,7,results/logs/cka_strength_sweep/fashion_mnist_all_20260517_180855/strength_0p8/seed_7/splits/fashion_mnist_split_seed7_clients5_alpha0p3_ref200.json,0.8,8,conv1,1,1,1.0,0.9999994039535522,200
cka_feddst,fashion_mnist,0.5,7,results/logs/cka_strength_sweep/fashion_mnist_all_20260517_180855/strength_0p8/seed_7/splits/fashion_mnist_split_seed7_clients5_alpha0p3_ref200.json,0.8,8,conv1,1,2,1.0,0.9999994039535522,200
cka_feddst,fashion_mnist,0.5,7,results/logs/cka_strength_sweep/fashion_mnist_all_20260517_180855/strength_0p8/seed_7/splits/fashion_mnist_split_seed7_clients5_alpha0p3_ref200.json,0.8,8,conv1,1,3,0.9999998807907104,0.9999994039535522,200
cka_feddst,fashion_mnist,0.5,7,results/logs/cka_strength_sweep/fashion_mnist_all_20260517_180855/strength_0p8/seed_7/splits/fashion_mnist_split_seed7_clients5_alpha0p3_ref200.json,0.8,8,conv1,1,4,1.0,0.9999994039535522,200
cka_feddst,fashion_mnist,0.5,7,results/logs/cka_strength_sweep/fashion_mnist_all_20260517_180855/strength_0p8/seed_7/splits/fashion_mnist_split_seed7_clients5_alpha0p3_ref200.json,0.8,8,conv1,2,0,1.0,0.9999994039535522,200
cka_feddst,fashion_mnist,0.5,7,results/logs/cka_strength_sweep/fashion_mnist_all_20260517_180855/strength_0p8/seed_7/splits/fashion_mnist_split_seed7_clients5_alpha0p3_ref200.json,0.8,8,conv1,2,1,1.0,0.9999994039535522,200
cka_feddst,fashion_mnist,0.5,7,results/logs/cka_strength_sweep/fashion_mnist_all_20260517_180855/strength_0p8/seed_7/splits/fashion_mnist_split_seed7_clients5_alpha0p3_ref200.json,0.8,8,conv1,2,2,1.0,0.9999994039535522,200
cka_feddst,fashion_mnist,0.5,7,results/logs/cka_strength_sweep/fashion_mnist_all_20260517_180855/strength_0p8/seed_7/splits/fashion_mnist_split_seed7_clients5_alpha0p3_ref200.json,0.8,8,conv1,2,3,1.0,0.9999994039535522,200
cka_feddst,fashion_mnist,0.5,7,results/logs/cka_strength_sweep/fashion_mnist_all_20260517_180855/strength_0p8/seed_7/splits/fashion_mnist_split_seed7_clients5_alpha0p3_ref200.json,0.8,8,conv1,2,4,0.999998927116394,0.9999994039535522,200
cka_feddst,fashion_mnist,0.5,7,results/logs/cka_strength_sweep/fashion_mnist_all_20260517_180855/strength_0p8/seed_7/splits/fashion_mnist_split_seed7_clients5_alpha0p3_ref200.json,0.8,8,conv1,3,0,0.9999997615814209,0.9999994039535522,200
cka_feddst,fashion_mnist,0.5,7,results/logs/cka_strength_sweep/fashion_mnist_all_20260517_180855/strength_0p8/seed_7/splits/fashion_mnist_split_seed7_clients5_alpha0p3_ref200.json,0.8,8,conv1,3,1,0.9999998807907104,0.9999994039535522,200
cka_feddst,fashion_mnist,0.5,7,results/logs/cka_strength_sweep/fashion_mnist_all_20260517_180855/strength_0p8/seed_7/splits/fashion_mnist_split_seed7_clients5_alpha0p3_ref200.json,0.8,8,conv1,3,2,1.0,0.9999994039535522,200
cka_feddst,fashion_mnist,0.5,7,results/logs/cka_strength_sweep/fashion_mnist_all_20260517_180855/strength_0p8/seed_7/splits/fashion_mnist_split_seed7_clients5_alpha0p3_ref200.json,0.8,8,conv1,3,3,1.0,0.9999994039535522,200
cka_feddst,fashion_mnist,0.5,7,results/logs/cka_strength_sweep/fashion_mnist_all_20260517_180855/strength_0p8/seed_7/splits/fashion_mnist_split_seed7_clients5_alpha0p3_ref200.json,0.8,8,conv1,3,4,0.9999974966049194,0.9999994039535522,200
cka_feddst,fashion_mnist,0.5,7,results/logs/cka_strength_sweep/fashion_mnist_all_20260517_180855/strength_0p8/seed_7/splits/fashion_mnist_split_seed7_clients5_alpha0p3_ref200.json,0.8,8,conv1,4,0,0.9999977350234985,0.9999994039535522,200
cka_feddst,fashion_mnist,0.5,7,results/logs/cka_strength_sweep/fashion_mnist_all_20260517_180855/strength_0p8/seed_7/splits/fashion_mnist_split_seed7_clients5_alpha0p3_ref200.json,0.8,8,conv1,4,1,1.0,0.9999994039535522,200
cka_feddst,fashion_mnist,0.5,7,results/logs/cka_strength_sweep/fashion_mnist_all_20260517_180855/strength_0p8/seed_7/splits/fashion_mnist_split_seed7_clients5_alpha0p3_ref200.json,0.8,8,conv1,4,2,0.999998927116394,0.9999994039535522,200
cka_feddst,fashion_mnist,0.5,7,results/logs/cka_strength_sweep/fashion_mnist_all_20260517_180855/strength_0p8/seed_7/splits/fashion_mnist_split_seed7_clients5_alpha0p3_ref200.json,0.8,8,conv1,4,3,0.9999974966049194,0.9999994039535522,200
cka_feddst,fashion_mnist,0.5,7,results/logs/cka_strength_sweep/fashion_mnist_all_20260517_180855/strength_0p8/seed_7/splits/fashion_mnist_split_seed7_clients5_alpha0p3_ref200.json,0.8,8,conv1,4,4,1.0,0.9999994039535522,200
cka_feddst,fashion_mnist,0.5,7,results/logs/cka_strength_sweep/fashion_mnist_all_20260517_180855/strength_0p8/seed_7/splits/fashion_mnist_split_seed7_clients5_alpha0p3_ref200.json,0.8,8,conv2,0,0,1.0,0.9999972581863403,200
cka_feddst,fashion_mnist,0.5,7,results/logs/cka_strength_sweep/fashion_mnist_all_20260517_180855/strength_0p8/seed_7/splits/fashion_mnist_split_seed7_clients5_alpha0p3_ref200.json,0.8,8,conv2,0,1,0.9999975562095642,0.9999972581863403,200
cka_feddst,fashion_mnist,0.5,7,results/logs/cka_strength_sweep/fashion_mnist_all_20260517_180855/strength_0p8/seed_7/splits/fashion_mnist_split_seed7_clients5_alpha0p3_ref200.json,0.8,8,conv2,0,2,0.9999942779541016,0.9999972581863403,200
cka_feddst,fashion_mnist,0.5,7,results/logs/cka_strength_sweep/fashion_mnist_all_20260517_180855/strength_0p8/seed_7/splits/fashion_mnist_split_seed7_clients5_alpha0p3_ref200.json,0.8,8,conv2,0,3,0.9999971389770508,0.9999972581863403,200
cka_feddst,fashion_mnist,0.5,7,results/logs/cka_strength_sweep/fashion_mnist_all_20260517_180855/strength_0p8/seed_7/splits/fashion_mnist_split_seed7_clients5_alpha0p3_ref200.json,0.8,8,conv2,0,4,0.9999967217445374,0.9999972581863403,200
cka_feddst,fashion_mnist,0.5,7,results/logs/cka_strength_sweep/fashion_mnist_all_20260517_180855/strength_0p8/seed_7/splits/fashion_mnist_split_seed7_clients5_alpha0p3_ref200.json,0.8,8,conv2,1,0,0.9999975562095642,0.9999972581863403,200
cka_feddst,fashion_mnist,0.5,7,results/logs/cka_strength_sweep/fashion_mnist_all_20260517_180855/strength_0p8/seed_7/splits/fashion_mnist_split_seed7_clients5_alpha0p3_ref200.json,0.8,8,conv2,1,1,1.0,0.9999972581863403,200
cka_feddst,fashion_mnist,0.5,7,results/logs/cka_strength_sweep/fashion_mnist_all_20260517_180855/strength_0p8/seed_7/splits/fashion_mnist_split_seed7_clients5_alpha0p3_ref200.json,0.8,8,conv2,1,2,0.9999989867210388,0.9999972581863403,200
cka_feddst,fashion_mnist,0.5,7,results/logs/cka_strength_sweep/fashion_mnist_all_20260517_180855/strength_0p8/seed_7/splits/fashion_mnist_split_seed7_clients5_alpha0p3_ref200.json,0.8,8,conv2,1,3,0.9999977946281433,0.9999972581863403,200
cka_feddst,fashion_mnist,0.5,7,results/logs/cka_strength_sweep/fashion_mnist_all_20260517_180855/strength_0p8/seed_7/splits/fashion_mnist_split_seed7_clients5_alpha0p3_ref200.json,0.8,8,conv2,1,4,0.999999463558197,0.9999972581863403,200
cka_feddst,fashion_mnist,0.5,7,results/logs/cka_strength_sweep/fashion_mnist_all_20260517_180855/strength_0p8/seed_7/splits/fashion_mnist_split_seed7_clients5_alpha0p3_ref200.json,0.8,8,conv2,2,0,0.9999942779541016,0.9999972581863403,200
cka_feddst,fashion_mnist,0.5,7,results/logs/cka_strength_sweep/fashion_mnist_all_20260517_180855/strength_0p8/seed_7/splits/fashion_mnist_split_seed7_clients5_alpha0p3_ref200.json,0.8,8,conv2,2,1,0.9999989867210388,0.9999972581863403,200
cka_feddst,fashion_mnist,0.5,7,results/logs/cka_strength_sweep/fashion_mnist_all_20260517_180855/strength_0p8/seed_7/splits/fashion_mnist_split_seed7_clients5_alpha0p3_ref200.json,0.8,8,conv2,2,2,1.0,0.9999972581863403,200
cka_feddst,fashion_mnist,0.5,7,results/logs/cka_strength_sweep/fashion_mnist_all_20260517_180855/strength_0p8/seed_7/splits/fashion_mnist_split_seed7_clients5_alpha0p3_ref200.json,0.8,8,conv2,2,3,0.9999966025352478,0.9999972581863403,200
cka_feddst,fashion_mnist,0.5,7,results/logs/cka_strength_sweep/fashion_mnist_all_20260517_180855/strength_0p8/seed_7/splits/fashion_mnist_split_seed7_clients5_alpha0p3_ref200.json,0.8,8,conv2,2,4,0.9999977350234985,0.9999972581863403,200
cka_feddst,fashion_mnist,0.5,7,results/logs/cka_strength_sweep/fashion_mnist_all_20260517_180855/strength_0p8/seed_7/splits/fashion_mnist_split_seed7_clients5_alpha0p3_ref200.json,0.8,8,conv2,3,0,0.9999971389770508,0.9999972581863403,200
cka_feddst,fashion_mnist,0.5,7,results/logs/cka_strength_sweep/fashion_mnist_all_20260517_180855/strength_0p8/seed_7/splits/fashion_mnist_split_seed7_clients5_alpha0p3_ref200.json,0.8,8,conv2,3,1,0.9999977946281433,0.9999972581863403,200
cka_feddst,fashion_mnist,0.5,7,results/logs/cka_strength_sweep/fashion_mnist_all_20260517_180855/strength_0p8/seed_7/splits/fashion_mnist_split_seed7_clients5_alpha0p3_ref200.json,0.8,8,conv2,3,2,0.9999966025352478,0.9999972581863403,200
cka_feddst,fashion_mnist,0.5,7,results/logs/cka_strength_sweep/fashion_mnist_all_20260517_180855/strength_0p8/seed_7/splits/fashion_mnist_split_seed7_clients5_alpha0p3_ref200.json,0.8,8,conv2,3,3,1.0,0.9999972581863403,200
cka_feddst,fashion_mnist,0.5,7,results/logs/cka_strength_sweep/fashion_mnist_all_20260517_180855/strength_0p8/seed_7/splits/fashion_mnist_split_seed7_clients5_alpha0p3_ref200.json,0.8,8,conv2,3,4,0.9999971985816956,0.9999972581863403,200
cka_feddst,fashion_mnist,0.5,7,results/logs/cka_strength_sweep/fashion_mnist_all_20260517_180855/strength_0p8/seed_7/splits/fashion_mnist_split_seed7_clients5_alpha0p3_ref200.json,0.8,8,conv2,4,0,0.9999967217445374,0.9999972581863403,200
cka_feddst,fashion_mnist,0.5,7,results/logs/cka_strength_sweep/fashion_mnist_all_20260517_180855/strength_0p8/seed_7/splits/fashion_mnist_split_seed7_clients5_alpha0p3_ref200.json,0.8,8,conv2,4,1,0.999999463558197,0.9999972581863403,200
cka_feddst,fashion_mnist,0.5,7,results/logs/cka_strength_sweep/fashion_mnist_all_20260517_180855/strength_0p8/seed_7/splits/fashion_mnist_split_seed7_clients5_alpha0p3_ref200.json,0.8,8,conv2,4,2,0.9999977350234985,0.9999972581863403,200
cka_feddst,fashion_mnist,0.5,7,results/logs/cka_strength_sweep/fashion_mnist_all_20260517_180855/strength_0p8/seed_7/splits/fashion_mnist_split_seed7_clients5_alpha0p3_ref200.json,0.8,8,conv2,4,3,0.9999971985816956,0.9999972581863403,200
cka_feddst,fashion_mnist,0.5,7,results/logs/cka_strength_sweep/fashion_mnist_all_20260517_180855/strength_0p8/seed_7/splits/fashion_mnist_split_seed7_clients5_alpha0p3_ref200.json,0.8,8,conv2,4,4,1.0,0.9999972581863403,200
cka_feddst,fashion_mnist,0.5,7,results/logs/cka_strength_sweep/fashion_mnist_all_20260517_180855/strength_0p8/seed_7/splits/fashion_mnist_split_seed7_clients5_alpha0p3_ref200.json,0.8,8,fc1,0,0,1.0,0.9899468421936035,200
cka_feddst,fashion_mnist,0.5,7,results/logs/cka_strength_sweep/fashion_mnist_all_20260517_180855/strength_0p8/seed_7/splits/fashion_mnist_split_seed7_clients5_alpha0p3_ref200.json,0.8,8,fc1,0,1,0.9904649257659912,0.9899468421936035,200
cka_feddst,fashion_mnist,0.5,7,results/logs/cka_strength_sweep/fashion_mnist_all_20260517_180855/strength_0p8/seed_7/splits/fashion_mnist_split_seed7_clients5_alpha0p3_ref200.json,0.8,8,fc1,0,2,0.9837622046470642,0.9899468421936035,200
cka_feddst,fashion_mnist,0.5,7,results/logs/cka_strength_sweep/fashion_mnist_all_20260517_180855/strength_0p8/seed_7/splits/fashion_mnist_split_seed7_clients5_alpha0p3_ref200.json,0.8,8,fc1,0,3,0.9869517087936401,0.9899468421936035,200
cka_feddst,fashion_mnist,0.5,7,results/logs/cka_strength_sweep/fashion_mnist_all_20260517_180855/strength_0p8/seed_7/splits/fashion_mnist_split_seed7_clients5_alpha0p3_ref200.json,0.8,8,fc1,0,4,0.9841455221176147,0.9899468421936035,200
cka_feddst,fashion_mnist,0.5,7,results/logs/cka_strength_sweep/fashion_mnist_all_20260517_180855/strength_0p8/seed_7/splits/fashion_mnist_split_seed7_clients5_alpha0p3_ref200.json,0.8,8,fc1,1,0,0.9904649257659912,0.9899468421936035,200
cka_feddst,fashion_mnist,0.5,7,results/logs/cka_strength_sweep/fashion_mnist_all_20260517_180855/strength_0p8/seed_7/splits/fashion_mnist_split_seed7_clients5_alpha0p3_ref200.json,0.8,8,fc1,1,1,1.0,0.9899468421936035,200
cka_feddst,fashion_mnist,0.5,7,results/logs/cka_strength_sweep/fashion_mnist_all_20260517_180855/strength_0p8/seed_7/splits/fashion_mnist_split_seed7_clients5_alpha0p3_ref200.json,0.8,8,fc1,1,2,0.9922134876251221,0.9899468421936035,200
cka_feddst,fashion_mnist,0.5,7,results/logs/cka_strength_sweep/fashion_mnist_all_20260517_180855/strength_0p8/seed_7/splits/fashion_mnist_split_seed7_clients5_alpha0p3_ref200.json,0.8,8,fc1,1,3,0.9873606562614441,0.9899468421936035,200
cka_feddst,fashion_mnist,0.5,7,results/logs/cka_strength_sweep/fashion_mnist_all_20260517_180855/strength_0p8/seed_7/splits/fashion_mnist_split_seed7_clients5_alpha0p3_ref200.json,0.8,8,fc1,1,4,0.9931588172912598,0.9899468421936035,200
cka_feddst,fashion_mnist,0.5,7,results/logs/cka_strength_sweep/fashion_mnist_all_20260517_180855/strength_0p8/seed_7/splits/fashion_mnist_split_seed7_clients5_alpha0p3_ref200.json,0.8,8,fc1,2,0,0.9837622046470642,0.9899468421936035,200
cka_feddst,fashion_mnist,0.5,7,results/logs/cka_strength_sweep/fashion_mnist_all_20260517_180855/strength_0p8/seed_7/splits/fashion_mnist_split_seed7_clients5_alpha0p3_ref200.json,0.8,8,fc1,2,1,0.9922134876251221,0.9899468421936035,200
cka_feddst,fashion_mnist,0.5,7,results/logs/cka_strength_sweep/fashion_mnist_all_20260517_180855/strength_0p8/seed_7/splits/fashion_mnist_split_seed7_clients5_alpha0p3_ref200.json,0.8,8,fc1,2,2,1.0,0.9899468421936035,200
cka_feddst,fashion_mnist,0.5,7,results/logs/cka_strength_sweep/fashion_mnist_all_20260517_180855/strength_0p8/seed_7/splits/fashion_mnist_split_seed7_clients5_alpha0p3_ref200.json,0.8,8,fc1,2,3,0.9904642701148987,0.9899468421936035,200
cka_feddst,fashion_mnist,0.5,7,results/logs/cka_strength_sweep/fashion_mnist_all_20260517_180855/strength_0p8/seed_7/splits/fashion_mnist_split_seed7_clients5_alpha0p3_ref200.json,0.8,8,fc1,2,4,0.9985844492912292,0.9899468421936035,200
cka_feddst,fashion_mnist,0.5,7,results/logs/cka_strength_sweep/fashion_mnist_all_20260517_180855/strength_0p8/seed_7/splits/fashion_mnist_split_seed7_clients5_alpha0p3_ref200.json,0.8,8,fc1,3,0,0.9869517087936401,0.9899468421936035,200
cka_feddst,fashion_mnist,0.5,7,results/logs/cka_strength_sweep/fashion_mnist_all_20260517_180855/strength_0p8/seed_7/splits/fashion_mnist_split_seed7_clients5_alpha0p3_ref200.json,0.8,8,fc1,3,1,0.9873606562614441,0.9899468421936035,200
cka_feddst,fashion_mnist,0.5,7,results/logs/cka_strength_sweep/fashion_mnist_all_20260517_180855/strength_0p8/seed_7/splits/fashion_mnist_split_seed7_clients5_alpha0p3_ref200.json,0.8,8,fc1,3,2,0.9904642701148987,0.9899468421936035,200
cka_feddst,fashion_mnist,0.5,7,results/logs/cka_strength_sweep/fashion_mnist_all_20260517_180855/strength_0p8/seed_7/splits/fashion_mnist_split_seed7_clients5_alpha0p3_ref200.json,0.8,8,fc1,3,3,1.0,0.9899468421936035,200
cka_feddst,fashion_mnist,0.5,7,results/logs/cka_strength_sweep/fashion_mnist_all_20260517_180855/strength_0p8/seed_7/splits/fashion_mnist_split_seed7_clients5_alpha0p3_ref200.json,0.8,8,fc1,3,4,0.9923626184463501,0.9899468421936035,200
cka_feddst,fashion_mnist,0.5,7,results/logs/cka_strength_sweep/fashion_mnist_all_20260517_180855/strength_0p8/seed_7/splits/fashion_mnist_split_seed7_clients5_alpha0p3_ref200.json,0.8,8,fc1,4,0,0.9841455221176147,0.9899468421936035,200
cka_feddst,fashion_mnist,0.5,7,results/logs/cka_strength_sweep/fashion_mnist_all_20260517_180855/strength_0p8/seed_7/splits/fashion_mnist_split_seed7_clients5_alpha0p3_ref200.json,0.8,8,fc1,4,1,0.9931588172912598,0.9899468421936035,200
cka_feddst,fashion_mnist,0.5,7,results/logs/cka_strength_sweep/fashion_mnist_all_20260517_180855/strength_0p8/seed_7/splits/fashion_mnist_split_seed7_clients5_alpha0p3_ref200.json,0.8,8,fc1,4,2,0.9985844492912292,0.9899468421936035,200
cka_feddst,fashion_mnist,0.5,7,results/logs/cka_strength_sweep/fashion_mnist_all_20260517_180855/strength_0p8/seed_7/splits/fashion_mnist_split_seed7_clients5_alpha0p3_ref200.json,0.8,8,fc1,4,3,0.9923626184463501,0.9899468421936035,200
cka_feddst,fashion_mnist,0.5,7,results/logs/cka_strength_sweep/fashion_mnist_all_20260517_180855/strength_0p8/seed_7/splits/fashion_mnist_split_seed7_clients5_alpha0p3_ref200.json,0.8,8,fc1,4,4,1.0,0.9899468421936035,200
cka_feddst,fashion_mnist,0.5,7,results/logs/cka_strength_sweep/fashion_mnist_all_20260517_180855/strength_0p8/seed_7/splits/fashion_mnist_split_seed7_clients5_alpha0p3_ref200.json,0.8,10,conv1,0,0,1.0,0.9999992251396179,200
cka_feddst,fashion_mnist,0.5,7,results/logs/cka_strength_sweep/fashion_mnist_all_20260517_180855/strength_0p8/seed_7/splits/fashion_mnist_split_seed7_clients5_alpha0p3_ref200.json,0.8,10,conv1,0,1,0.9999974966049194,0.9999992251396179,200
cka_feddst,fashion_mnist,0.5,7,results/logs/cka_strength_sweep/fashion_mnist_all_20260517_180855/strength_0p8/seed_7/splits/fashion_mnist_split_seed7_clients5_alpha0p3_ref200.json,0.8,10,conv1,0,2,0.9999982714653015,0.9999992251396179,200
cka_feddst,fashion_mnist,0.5,7,results/logs/cka_strength_sweep/fashion_mnist_all_20260517_180855/strength_0p8/seed_7/splits/fashion_mnist_split_seed7_clients5_alpha0p3_ref200.json,0.8,10,conv1,0,3,0.9999995827674866,0.9999992251396179,200
cka_feddst,fashion_mnist,0.5,7,results/logs/cka_strength_sweep/fashion_mnist_all_20260517_180855/strength_0p8/seed_7/splits/fashion_mnist_split_seed7_clients5_alpha0p3_ref200.json,0.8,10,conv1,0,4,0.9999976754188538,0.9999992251396179,200
cka_feddst,fashion_mnist,0.5,7,results/logs/cka_strength_sweep/fashion_mnist_all_20260517_180855/strength_0p8/seed_7/splits/fashion_mnist_split_seed7_clients5_alpha0p3_ref200.json,0.8,10,conv1,1,0,0.9999974966049194,0.9999992251396179,200
cka_feddst,fashion_mnist,0.5,7,results/logs/cka_strength_sweep/fashion_mnist_all_20260517_180855/strength_0p8/seed_7/splits/fashion_mnist_split_seed7_clients5_alpha0p3_ref200.json,0.8,10,conv1,1,1,1.0,0.9999992251396179,200
cka_feddst,fashion_mnist,0.5,7,results/logs/cka_strength_sweep/fashion_mnist_all_20260517_180855/strength_0p8/seed_7/splits/fashion_mnist_split_seed7_clients5_alpha0p3_ref200.json,0.8,10,conv1,1,2,1.0,0.9999992251396179,200
cka_feddst,fashion_mnist,0.5,7,results/logs/cka_strength_sweep/fashion_mnist_all_20260517_180855/strength_0p8/seed_7/splits/fashion_mnist_split_seed7_clients5_alpha0p3_ref200.json,0.8,10,conv1,1,3,0.9999995827674866,0.9999992251396179,200
cka_feddst,fashion_mnist,0.5,7,results/logs/cka_strength_sweep/fashion_mnist_all_20260517_180855/strength_0p8/seed_7/splits/fashion_mnist_split_seed7_clients5_alpha0p3_ref200.json,0.8,10,conv1,1,4,1.0,0.9999992251396179,200
cka_feddst,fashion_mnist,0.5,7,results/logs/cka_strength_sweep/fashion_mnist_all_20260517_180855/strength_0p8/seed_7/splits/fashion_mnist_split_seed7_clients5_alpha0p3_ref200.json,0.8,10,conv1,2,0,0.9999982714653015,0.9999992251396179,200
cka_feddst,fashion_mnist,0.5,7,results/logs/cka_strength_sweep/fashion_mnist_all_20260517_180855/strength_0p8/seed_7/splits/fashion_mnist_split_seed7_clients5_alpha0p3_ref200.json,0.8,10,conv1,2,1,1.0,0.9999992251396179,200
cka_feddst,fashion_mnist,0.5,7,results/logs/cka_strength_sweep/fashion_mnist_all_20260517_180855/strength_0p8/seed_7/splits/fashion_mnist_split_seed7_clients5_alpha0p3_ref200.json,0.8,10,conv1,2,2,1.0,0.9999992251396179,200
cka_feddst,fashion_mnist,0.5,7,results/logs/cka_strength_sweep/fashion_mnist_all_20260517_180855/strength_0p8/seed_7/splits/fashion_mnist_split_seed7_clients5_alpha0p3_ref200.json,0.8,10,conv1,2,3,1.0,0.9999992251396179,200
cka_feddst,fashion_mnist,0.5,7,results/logs/cka_strength_sweep/fashion_mnist_all_20260517_180855/strength_0p8/seed_7/splits/fashion_mnist_split_seed7_clients5_alpha0p3_ref200.json,0.8,10,conv1,2,4,1.0,0.9999992251396179,200
cka_feddst,fashion_mnist,0.5,7,results/logs/cka_strength_sweep/fashion_mnist_all_20260517_180855/strength_0p8/seed_7/splits/fashion_mnist_split_seed7_clients5_alpha0p3_ref200.json,0.8,10,conv1,3,0,0.9999995827674866,0.9999992251396179,200
cka_feddst,fashion_mnist,0.5,7,results/logs/cka_strength_sweep/fashion_mnist_all_20260517_180855/strength_0p8/seed_7/splits/fashion_mnist_split_seed7_clients5_alpha0p3_ref200.json,0.8,10,conv1,3,1,0.9999995827674866,0.9999992251396179,200
cka_feddst,fashion_mnist,0.5,7,results/logs/cka_strength_sweep/fashion_mnist_all_20260517_180855/strength_0p8/seed_7/splits/fashion_mnist_split_seed7_clients5_alpha0p3_ref200.json,0.8,10,conv1,3,2,1.0,0.9999992251396179,200
cka_feddst,fashion_mnist,0.5,7,results/logs/cka_strength_sweep/fashion_mnist_all_20260517_180855/strength_0p8/seed_7/splits/fashion_mnist_split_seed7_clients5_alpha0p3_ref200.json,0.8,10,conv1,3,3,1.0,0.9999992251396179,200
cka_feddst,fashion_mnist,0.5,7,results/logs/cka_strength_sweep/fashion_mnist_all_20260517_180855/strength_0p8/seed_7/splits/fashion_mnist_split_seed7_clients5_alpha0p3_ref200.json,0.8,10,conv1,3,4,0.9999998211860657,0.9999992251396179,200
cka_feddst,fashion_mnist,0.5,7,results/logs/cka_strength_sweep/fashion_mnist_all_20260517_180855/strength_0p8/seed_7/splits/fashion_mnist_split_seed7_clients5_alpha0p3_ref200.json,0.8,10,conv1,4,0,0.9999976754188538,0.9999992251396179,200
cka_feddst,fashion_mnist,0.5,7,results/logs/cka_strength_sweep/fashion_mnist_all_20260517_180855/strength_0p8/seed_7/splits/fashion_mnist_split_seed7_clients5_alpha0p3_ref200.json,0.8,10,conv1,4,1,1.0,0.9999992251396179,200
cka_feddst,fashion_mnist,0.5,7,results/logs/cka_strength_sweep/fashion_mnist_all_20260517_180855/strength_0p8/seed_7/splits/fashion_mnist_split_seed7_clients5_alpha0p3_ref200.json,0.8,10,conv1,4,2,1.0,0.9999992251396179,200
cka_feddst,fashion_mnist,0.5,7,results/logs/cka_strength_sweep/fashion_mnist_all_20260517_180855/strength_0p8/seed_7/splits/fashion_mnist_split_seed7_clients5_alpha0p3_ref200.json,0.8,10,conv1,4,3,0.9999998211860657,0.9999992251396179,200
cka_feddst,fashion_mnist,0.5,7,results/logs/cka_strength_sweep/fashion_mnist_all_20260517_180855/strength_0p8/seed_7/splits/fashion_mnist_split_seed7_clients5_alpha0p3_ref200.json,0.8,10,conv1,4,4,1.0,0.9999992251396179,200
cka_feddst,fashion_mnist,0.5,7,results/logs/cka_strength_sweep/fashion_mnist_all_20260517_180855/strength_0p8/seed_7/splits/fashion_mnist_split_seed7_clients5_alpha0p3_ref200.json,0.8,10,conv2,0,0,1.0,0.9999988675117493,200
cka_feddst,fashion_mnist,0.5,7,results/logs/cka_strength_sweep/fashion_mnist_all_20260517_180855/strength_0p8/seed_7/splits/fashion_mnist_split_seed7_clients5_alpha0p3_ref200.json,0.8,10,conv2,0,1,0.9999985098838806,0.9999988675117493,200
cka_feddst,fashion_mnist,0.5,7,results/logs/cka_strength_sweep/fashion_mnist_all_20260517_180855/strength_0p8/seed_7/splits/fashion_mnist_split_seed7_clients5_alpha0p3_ref200.json,0.8,10,conv2,0,2,0.9999973177909851,0.9999988675117493,200
cka_feddst,fashion_mnist,0.5,7,results/logs/cka_strength_sweep/fashion_mnist_all_20260517_180855/strength_0p8/seed_7/splits/fashion_mnist_split_seed7_clients5_alpha0p3_ref200.json,0.8,10,conv2,0,3,0.999998927116394,0.9999988675117493,200
cka_feddst,fashion_mnist,0.5,7,results/logs/cka_strength_sweep/fashion_mnist_all_20260517_180855/strength_0p8/seed_7/splits/fashion_mnist_split_seed7_clients5_alpha0p3_ref200.json,0.8,10,conv2,0,4,0.9999988079071045,0.9999988675117493,200
cka_feddst,fashion_mnist,0.5,7,results/logs/cka_strength_sweep/fashion_mnist_all_20260517_180855/strength_0p8/seed_7/splits/fashion_mnist_split_seed7_clients5_alpha0p3_ref200.json,0.8,10,conv2,1,0,0.9999985098838806,0.9999988675117493,200
cka_feddst,fashion_mnist,0.5,7,results/logs/cka_strength_sweep/fashion_mnist_all_20260517_180855/strength_0p8/seed_7/splits/fashion_mnist_split_seed7_clients5_alpha0p3_ref200.json,0.8,10,conv2,1,1,1.0,0.9999988675117493,200
cka_feddst,fashion_mnist,0.5,7,results/logs/cka_strength_sweep/fashion_mnist_all_20260517_180855/strength_0p8/seed_7/splits/fashion_mnist_split_seed7_clients5_alpha0p3_ref200.json,0.8,10,conv2,1,2,0.9999991655349731,0.9999988675117493,200
cka_feddst,fashion_mnist,0.5,7,results/logs/cka_strength_sweep/fashion_mnist_all_20260517_180855/strength_0p8/seed_7/splits/fashion_mnist_split_seed7_clients5_alpha0p3_ref200.json,0.8,10,conv2,1,3,0.9999990463256836,0.9999988675117493,200
cka_feddst,fashion_mnist,0.5,7,results/logs/cka_strength_sweep/fashion_mnist_all_20260517_180855/strength_0p8/seed_7/splits/fashion_mnist_split_seed7_clients5_alpha0p3_ref200.json,0.8,10,conv2,1,4,1.0,0.9999988675117493,200
cka_feddst,fashion_mnist,0.5,7,results/logs/cka_strength_sweep/fashion_mnist_all_20260517_180855/strength_0p8/seed_7/splits/fashion_mnist_split_seed7_clients5_alpha0p3_ref200.json,0.8,10,conv2,2,0,0.9999973177909851,0.9999988675117493,200
cka_feddst,fashion_mnist,0.5,7,results/logs/cka_strength_sweep/fashion_mnist_all_20260517_180855/strength_0p8/seed_7/splits/fashion_mnist_split_seed7_clients5_alpha0p3_ref200.json,0.8,10,conv2,2,1,0.9999991655349731,0.9999988675117493,200
cka_feddst,fashion_mnist,0.5,7,results/logs/cka_strength_sweep/fashion_mnist_all_20260517_180855/strength_0p8/seed_7/splits/fashion_mnist_split_seed7_clients5_alpha0p3_ref200.json,0.8,10,conv2,2,2,1.0,0.9999988675117493,200
cka_feddst,fashion_mnist,0.5,7,results/logs/cka_strength_sweep/fashion_mnist_all_20260517_180855/strength_0p8/seed_7/splits/fashion_mnist_split_seed7_clients5_alpha0p3_ref200.json,0.8,10,conv2,2,3,0.9999977946281433,0.9999988675117493,200
cka_feddst,fashion_mnist,0.5,7,results/logs/cka_strength_sweep/fashion_mnist_all_20260517_180855/strength_0p8/seed_7/splits/fashion_mnist_split_seed7_clients5_alpha0p3_ref200.json,0.8,10,conv2,2,4,0.9999992847442627,0.9999988675117493,200
cka_feddst,fashion_mnist,0.5,7,results/logs/cka_strength_sweep/fashion_mnist_all_20260517_180855/strength_0p8/seed_7/splits/fashion_mnist_split_seed7_clients5_alpha0p3_ref200.json,0.8,10,conv2,3,0,0.999998927116394,0.9999988675117493,200
cka_feddst,fashion_mnist,0.5,7,results/logs/cka_strength_sweep/fashion_mnist_all_20260517_180855/strength_0p8/seed_7/splits/fashion_mnist_split_seed7_clients5_alpha0p3_ref200.json,0.8,10,conv2,3,1,0.9999990463256836,0.9999988675117493,200
cka_feddst,fashion_mnist,0.5,7,results/logs/cka_strength_sweep/fashion_mnist_all_20260517_180855/strength_0p8/seed_7/splits/fashion_mnist_split_seed7_clients5_alpha0p3_ref200.json,0.8,10,conv2,3,2,0.9999977946281433,0.9999988675117493,200
cka_feddst,fashion_mnist,0.5,7,results/logs/cka_strength_sweep/fashion_mnist_all_20260517_180855/strength_0p8/seed_7/splits/fashion_mnist_split_seed7_clients5_alpha0p3_ref200.json,0.8,10,conv2,3,3,1.0,0.9999988675117493,200
cka_feddst,fashion_mnist,0.5,7,results/logs/cka_strength_sweep/fashion_mnist_all_20260517_180855/strength_0p8/seed_7/splits/fashion_mnist_split_seed7_clients5_alpha0p3_ref200.json,0.8,10,conv2,3,4,0.9999994039535522,0.9999988675117493,200
cka_feddst,fashion_mnist,0.5,7,results/logs/cka_strength_sweep/fashion_mnist_all_20260517_180855/strength_0p8/seed_7/splits/fashion_mnist_split_seed7_clients5_alpha0p3_ref200.json,0.8,10,conv2,4,0,0.9999988079071045,0.9999988675117493,200
cka_feddst,fashion_mnist,0.5,7,results/logs/cka_strength_sweep/fashion_mnist_all_20260517_180855/strength_0p8/seed_7/splits/fashion_mnist_split_seed7_clients5_alpha0p3_ref200.json,0.8,10,conv2,4,1,1.0,0.9999988675117493,200
cka_feddst,fashion_mnist,0.5,7,results/logs/cka_strength_sweep/fashion_mnist_all_20260517_180855/strength_0p8/seed_7/splits/fashion_mnist_split_seed7_clients5_alpha0p3_ref200.json,0.8,10,conv2,4,2,0.9999992847442627,0.9999988675117493,200
cka_feddst,fashion_mnist,0.5,7,results/logs/cka_strength_sweep/fashion_mnist_all_20260517_180855/strength_0p8/seed_7/splits/fashion_mnist_split_seed7_clients5_alpha0p3_ref200.json,0.8,10,conv2,4,3,0.9999994039535522,0.9999988675117493,200
cka_feddst,fashion_mnist,0.5,7,results/logs/cka_strength_sweep/fashion_mnist_all_20260517_180855/strength_0p8/seed_7/splits/fashion_mnist_split_seed7_clients5_alpha0p3_ref200.json,0.8,10,conv2,4,4,1.0,0.9999988675117493,200
cka_feddst,fashion_mnist,0.5,7,results/logs/cka_strength_sweep/fashion_mnist_all_20260517_180855/strength_0p8/seed_7/splits/fashion_mnist_split_seed7_clients5_alpha0p3_ref200.json,0.8,10,fc1,0,0,1.0,0.9926956295967102,200
cka_feddst,fashion_mnist,0.5,7,results/logs/cka_strength_sweep/fashion_mnist_all_20260517_180855/strength_0p8/seed_7/splits/fashion_mnist_split_seed7_clients5_alpha0p3_ref200.json,0.8,10,fc1,0,1,0.9969887733459473,0.9926956295967102,200
cka_feddst,fashion_mnist,0.5,7,results/logs/cka_strength_sweep/fashion_mnist_all_20260517_180855/strength_0p8/seed_7/splits/fashion_mnist_split_seed7_clients5_alpha0p3_ref200.json,0.8,10,fc1,0,2,0.9919347763061523,0.9926956295967102,200
cka_feddst,fashion_mnist,0.5,7,results/logs/cka_strength_sweep/fashion_mnist_all_20260517_180855/strength_0p8/seed_7/splits/fashion_mnist_split_seed7_clients5_alpha0p3_ref200.json,0.8,10,fc1,0,3,0.9872151613235474,0.9926956295967102,200
cka_feddst,fashion_mnist,0.5,7,results/logs/cka_strength_sweep/fashion_mnist_all_20260517_180855/strength_0p8/seed_7/splits/fashion_mnist_split_seed7_clients5_alpha0p3_ref200.json,0.8,10,fc1,0,4,0.9910833239555359,0.9926956295967102,200
cka_feddst,fashion_mnist,0.5,7,results/logs/cka_strength_sweep/fashion_mnist_all_20260517_180855/strength_0p8/seed_7/splits/fashion_mnist_split_seed7_clients5_alpha0p3_ref200.json,0.8,10,fc1,1,0,0.9969887733459473,0.9926956295967102,200
cka_feddst,fashion_mnist,0.5,7,results/logs/cka_strength_sweep/fashion_mnist_all_20260517_180855/strength_0p8/seed_7/splits/fashion_mnist_split_seed7_clients5_alpha0p3_ref200.json,0.8,10,fc1,1,1,1.0,0.9926956295967102,200
cka_feddst,fashion_mnist,0.5,7,results/logs/cka_strength_sweep/fashion_mnist_all_20260517_180855/strength_0p8/seed_7/splits/fashion_mnist_split_seed7_clients5_alpha0p3_ref200.json,0.8,10,fc1,1,2,0.994737982749939,0.9926956295967102,200
cka_feddst,fashion_mnist,0.5,7,results/logs/cka_strength_sweep/fashion_mnist_all_20260517_180855/strength_0p8/seed_7/splits/fashion_mnist_split_seed7_clients5_alpha0p3_ref200.json,0.8,10,fc1,1,3,0.986939549446106,0.9926956295967102,200
cka_feddst,fashion_mnist,0.5,7,results/logs/cka_strength_sweep/fashion_mnist_all_20260517_180855/strength_0p8/seed_7/splits/fashion_mnist_split_seed7_clients5_alpha0p3_ref200.json,0.8,10,fc1,1,4,0.9926416277885437,0.9926956295967102,200
cka_feddst,fashion_mnist,0.5,7,results/logs/cka_strength_sweep/fashion_mnist_all_20260517_180855/strength_0p8/seed_7/splits/fashion_mnist_split_seed7_clients5_alpha0p3_ref200.json,0.8,10,fc1,2,0,0.9919347763061523,0.9926956295967102,200
cka_feddst,fashion_mnist,0.5,7,results/logs/cka_strength_sweep/fashion_mnist_all_20260517_180855/strength_0p8/seed_7/splits/fashion_mnist_split_seed7_clients5_alpha0p3_ref200.json,0.8,10,fc1,2,1,0.994737982749939,0.9926956295967102,200
cka_feddst,fashion_mnist,0.5,7,results/logs/cka_strength_sweep/fashion_mnist_all_20260517_180855/strength_0p8/seed_7/splits/fashion_mnist_split_seed7_clients5_alpha0p3_ref200.json,0.8,10,fc1,2,2,1.0,0.9926956295967102,200
cka_feddst,fashion_mnist,0.5,7,results/logs/cka_strength_sweep/fashion_mnist_all_20260517_180855/strength_0p8/seed_7/splits/fashion_mnist_split_seed7_clients5_alpha0p3_ref200.json,0.8,10,fc1,2,3,0.9924670457839966,0.9926956295967102,200
cka_feddst,fashion_mnist,0.5,7,results/logs/cka_strength_sweep/fashion_mnist_all_20260517_180855/strength_0p8/seed_7/splits/fashion_mnist_split_seed7_clients5_alpha0p3_ref200.json,0.8,10,fc1,2,4,0.9978984594345093,0.9926956295967102,200
cka_feddst,fashion_mnist,0.5,7,results/logs/cka_strength_sweep/fashion_mnist_all_20260517_180855/strength_0p8/seed_7/splits/fashion_mnist_split_seed7_clients5_alpha0p3_ref200.json,0.8,10,fc1,3,0,0.9872151613235474,0.9926956295967102,200
cka_feddst,fashion_mnist,0.5,7,results/logs/cka_strength_sweep/fashion_mnist_all_20260517_180855/strength_0p8/seed_7/splits/fashion_mnist_split_seed7_clients5_alpha0p3_ref200.json,0.8,10,fc1,3,1,0.986939549446106,0.9926956295967102,200
cka_feddst,fashion_mnist,0.5,7,results/logs/cka_strength_sweep/fashion_mnist_all_20260517_180855/strength_0p8/seed_7/splits/fashion_mnist_split_seed7_clients5_alpha0p3_ref200.json,0.8,10,fc1,3,2,0.9924670457839966,0.9926956295967102,200
cka_feddst,fashion_mnist,0.5,7,results/logs/cka_strength_sweep/fashion_mnist_all_20260517_180855/strength_0p8/seed_7/splits/fashion_mnist_split_seed7_clients5_alpha0p3_ref200.json,0.8,10,fc1,3,3,1.0,0.9926956295967102,200
cka_feddst,fashion_mnist,0.5,7,results/logs/cka_strength_sweep/fashion_mnist_all_20260517_180855/strength_0p8/seed_7/splits/fashion_mnist_split_seed7_clients5_alpha0p3_ref200.json,0.8,10,fc1,3,4,0.9950495958328247,0.9926956295967102,200
cka_feddst,fashion_mnist,0.5,7,results/logs/cka_strength_sweep/fashion_mnist_all_20260517_180855/strength_0p8/seed_7/splits/fashion_mnist_split_seed7_clients5_alpha0p3_ref200.json,0.8,10,fc1,4,0,0.9910833239555359,0.9926956295967102,200
cka_feddst,fashion_mnist,0.5,7,results/logs/cka_strength_sweep/fashion_mnist_all_20260517_180855/strength_0p8/seed_7/splits/fashion_mnist_split_seed7_clients5_alpha0p3_ref200.json,0.8,10,fc1,4,1,0.9926416277885437,0.9926956295967102,200
cka_feddst,fashion_mnist,0.5,7,results/logs/cka_strength_sweep/fashion_mnist_all_20260517_180855/strength_0p8/seed_7/splits/fashion_mnist_split_seed7_clients5_alpha0p3_ref200.json,0.8,10,fc1,4,2,0.9978984594345093,0.9926956295967102,200
cka_feddst,fashion_mnist,0.5,7,results/logs/cka_strength_sweep/fashion_mnist_all_20260517_180855/strength_0p8/seed_7/splits/fashion_mnist_split_seed7_clients5_alpha0p3_ref200.json,0.8,10,fc1,4,3,0.9950495958328247,0.9926956295967102,200
cka_feddst,fashion_mnist,0.5,7,results/logs/cka_strength_sweep/fashion_mnist_all_20260517_180855/strength_0p8/seed_7/splits/fashion_mnist_split_seed7_clients5_alpha0p3_ref200.json,0.8,10,fc1,4,4,1.0,0.9926956295967102,200
cka_feddst,fashion_mnist,0.5,7,results/logs/cka_strength_sweep/fashion_mnist_all_20260517_180855/strength_0p8/seed_7/splits/fashion_mnist_split_seed7_clients5_alpha0p3_ref200.json,0.8,12,conv1,0,0,1.0,0.9999991655349731,200
cka_feddst,fashion_mnist,0.5,7,results/logs/cka_strength_sweep/fashion_mnist_all_20260517_180855/strength_0p8/seed_7/splits/fashion_mnist_split_seed7_clients5_alpha0p3_ref200.json,0.8,12,conv1,0,1,0.9999997615814209,0.9999991655349731,200
cka_feddst,fashion_mnist,0.5,7,results/logs/cka_strength_sweep/fashion_mnist_all_20260517_180855/strength_0p8/seed_7/splits/fashion_mnist_split_seed7_clients5_alpha0p3_ref200.json,0.8,12,conv1,0,2,0.9999986290931702,0.9999991655349731,200
cka_feddst,fashion_mnist,0.5,7,results/logs/cka_strength_sweep/fashion_mnist_all_20260517_180855/strength_0p8/seed_7/splits/fashion_mnist_split_seed7_clients5_alpha0p3_ref200.json,0.8,12,conv1,0,3,0.9999999403953552,0.9999991655349731,200
cka_feddst,fashion_mnist,0.5,7,results/logs/cka_strength_sweep/fashion_mnist_all_20260517_180855/strength_0p8/seed_7/splits/fashion_mnist_split_seed7_clients5_alpha0p3_ref200.json,0.8,12,conv1,0,4,0.9999980330467224,0.9999991655349731,200
cka_feddst,fashion_mnist,0.5,7,results/logs/cka_strength_sweep/fashion_mnist_all_20260517_180855/strength_0p8/seed_7/splits/fashion_mnist_split_seed7_clients5_alpha0p3_ref200.json,0.8,12,conv1,1,0,0.9999997615814209,0.9999991655349731,200
cka_feddst,fashion_mnist,0.5,7,results/logs/cka_strength_sweep/fashion_mnist_all_20260517_180855/strength_0p8/seed_7/splits/fashion_mnist_split_seed7_clients5_alpha0p3_ref200.json,0.8,12,conv1,1,1,1.0,0.9999991655349731,200
cka_feddst,fashion_mnist,0.5,7,results/logs/cka_strength_sweep/fashion_mnist_all_20260517_180855/strength_0p8/seed_7/splits/fashion_mnist_split_seed7_clients5_alpha0p3_ref200.json,0.8,12,conv1,1,2,1.0,0.9999991655349731,200
cka_feddst,fashion_mnist,0.5,7,results/logs/cka_strength_sweep/fashion_mnist_all_20260517_180855/strength_0p8/seed_7/splits/fashion_mnist_split_seed7_clients5_alpha0p3_ref200.json,0.8,12,conv1,1,3,0.9999994039535522,0.9999991655349731,200
cka_feddst,fashion_mnist,0.5,7,results/logs/cka_strength_sweep/fashion_mnist_all_20260517_180855/strength_0p8/seed_7/splits/fashion_mnist_split_seed7_clients5_alpha0p3_ref200.json,0.8,12,conv1,1,4,1.0,0.9999991655349731,200
cka_feddst,fashion_mnist,0.5,7,results/logs/cka_strength_sweep/fashion_mnist_all_20260517_180855/strength_0p8/seed_7/splits/fashion_mnist_split_seed7_clients5_alpha0p3_ref200.json,0.8,12,conv1,2,0,0.9999986290931702,0.9999991655349731,200
cka_feddst,fashion_mnist,0.5,7,results/logs/cka_strength_sweep/fashion_mnist_all_20260517_180855/strength_0p8/seed_7/splits/fashion_mnist_split_seed7_clients5_alpha0p3_ref200.json,0.8,12,conv1,2,1,1.0,0.9999991655349731,200
cka_feddst,fashion_mnist,0.5,7,results/logs/cka_strength_sweep/fashion_mnist_all_20260517_180855/strength_0p8/seed_7/splits/fashion_mnist_split_seed7_clients5_alpha0p3_ref200.json,0.8,12,conv1,2,2,1.0,0.9999991655349731,200
cka_feddst,fashion_mnist,0.5,7,results/logs/cka_strength_sweep/fashion_mnist_all_20260517_180855/strength_0p8/seed_7/splits/fashion_mnist_split_seed7_clients5_alpha0p3_ref200.json,0.8,12,conv1,2,3,0.9999980926513672,0.9999991655349731,200
cka_feddst,fashion_mnist,0.5,7,results/logs/cka_strength_sweep/fashion_mnist_all_20260517_180855/strength_0p8/seed_7/splits/fashion_mnist_split_seed7_clients5_alpha0p3_ref200.json,0.8,12,conv1,2,4,1.0,0.9999991655349731,200
cka_feddst,fashion_mnist,0.5,7,results/logs/cka_strength_sweep/fashion_mnist_all_20260517_180855/strength_0p8/seed_7/splits/fashion_mnist_split_seed7_clients5_alpha0p3_ref200.json,0.8,12,conv1,3,0,0.9999999403953552,0.9999991655349731,200
cka_feddst,fashion_mnist,0.5,7,results/logs/cka_strength_sweep/fashion_mnist_all_20260517_180855/strength_0p8/seed_7/splits/fashion_mnist_split_seed7_clients5_alpha0p3_ref200.json,0.8,12,conv1,3,1,0.9999994039535522,0.9999991655349731,200
cka_feddst,fashion_mnist,0.5,7,results/logs/cka_strength_sweep/fashion_mnist_all_20260517_180855/strength_0p8/seed_7/splits/fashion_mnist_split_seed7_clients5_alpha0p3_ref200.json,0.8,12,conv1,3,2,0.9999980926513672,0.9999991655349731,200
cka_feddst,fashion_mnist,0.5,7,results/logs/cka_strength_sweep/fashion_mnist_all_20260517_180855/strength_0p8/seed_7/splits/fashion_mnist_split_seed7_clients5_alpha0p3_ref200.json,0.8,12,conv1,3,3,1.0,0.9999991655349731,200
cka_feddst,fashion_mnist,0.5,7,results/logs/cka_strength_sweep/fashion_mnist_all_20260517_180855/strength_0p8/seed_7/splits/fashion_mnist_split_seed7_clients5_alpha0p3_ref200.json,0.8,12,conv1,3,4,0.9999974966049194,0.9999991655349731,200
cka_feddst,fashion_mnist,0.5,7,results/logs/cka_strength_sweep/fashion_mnist_all_20260517_180855/strength_0p8/seed_7/splits/fashion_mnist_split_seed7_clients5_alpha0p3_ref200.json,0.8,12,conv1,4,0,0.9999980330467224,0.9999991655349731,200
cka_feddst,fashion_mnist,0.5,7,results/logs/cka_strength_sweep/fashion_mnist_all_20260517_180855/strength_0p8/seed_7/splits/fashion_mnist_split_seed7_clients5_alpha0p3_ref200.json,0.8,12,conv1,4,1,1.0,0.9999991655349731,200
cka_feddst,fashion_mnist,0.5,7,results/logs/cka_strength_sweep/fashion_mnist_all_20260517_180855/strength_0p8/seed_7/splits/fashion_mnist_split_seed7_clients5_alpha0p3_ref200.json,0.8,12,conv1,4,2,1.0,0.9999991655349731,200
cka_feddst,fashion_mnist,0.5,7,results/logs/cka_strength_sweep/fashion_mnist_all_20260517_180855/strength_0p8/seed_7/splits/fashion_mnist_split_seed7_clients5_alpha0p3_ref200.json,0.8,12,conv1,4,3,0.9999974966049194,0.9999991655349731,200
cka_feddst,fashion_mnist,0.5,7,results/logs/cka_strength_sweep/fashion_mnist_all_20260517_180855/strength_0p8/seed_7/splits/fashion_mnist_split_seed7_clients5_alpha0p3_ref200.json,0.8,12,conv1,4,4,1.0,0.9999991655349731,200
cka_feddst,fashion_mnist,0.5,7,results/logs/cka_strength_sweep/fashion_mnist_all_20260517_180855/strength_0p8/seed_7/splits/fashion_mnist_split_seed7_clients5_alpha0p3_ref200.json,0.8,12,conv2,0,0,1.0,0.9999969601631165,200
cka_feddst,fashion_mnist,0.5,7,results/logs/cka_strength_sweep/fashion_mnist_all_20260517_180855/strength_0p8/seed_7/splits/fashion_mnist_split_seed7_clients5_alpha0p3_ref200.json,0.8,12,conv2,0,1,0.9999980330467224,0.9999969601631165,200
cka_feddst,fashion_mnist,0.5,7,results/logs/cka_strength_sweep/fashion_mnist_all_20260517_180855/strength_0p8/seed_7/splits/fashion_mnist_split_seed7_clients5_alpha0p3_ref200.json,0.8,12,conv2,0,2,0.9999936819076538,0.9999969601631165,200
cka_feddst,fashion_mnist,0.5,7,results/logs/cka_strength_sweep/fashion_mnist_all_20260517_180855/strength_0p8/seed_7/splits/fashion_mnist_split_seed7_clients5_alpha0p3_ref200.json,0.8,12,conv2,0,3,0.9999969005584717,0.9999969601631165,200
cka_feddst,fashion_mnist,0.5,7,results/logs/cka_strength_sweep/fashion_mnist_all_20260517_180855/strength_0p8/seed_7/splits/fashion_mnist_split_seed7_clients5_alpha0p3_ref200.json,0.8,12,conv2,0,4,0.999997079372406,0.9999969601631165,200
cka_feddst,fashion_mnist,0.5,7,results/logs/cka_strength_sweep/fashion_mnist_all_20260517_180855/strength_0p8/seed_7/splits/fashion_mnist_split_seed7_clients5_alpha0p3_ref200.json,0.8,12,conv2,1,0,0.9999980330467224,0.9999969601631165,200
cka_feddst,fashion_mnist,0.5,7,results/logs/cka_strength_sweep/fashion_mnist_all_20260517_180855/strength_0p8/seed_7/splits/fashion_mnist_split_seed7_clients5_alpha0p3_ref200.json,0.8,12,conv2,1,1,1.0,0.9999969601631165,200
cka_feddst,fashion_mnist,0.5,7,results/logs/cka_strength_sweep/fashion_mnist_all_20260517_180855/strength_0p8/seed_7/splits/fashion_mnist_split_seed7_clients5_alpha0p3_ref200.json,0.8,12,conv2,1,2,0.9999990463256836,0.9999969601631165,200
cka_feddst,fashion_mnist,0.5,7,results/logs/cka_strength_sweep/fashion_mnist_all_20260517_180855/strength_0p8/seed_7/splits/fashion_mnist_split_seed7_clients5_alpha0p3_ref200.json,0.8,12,conv2,1,3,0.999997615814209,0.9999969601631165,200
cka_feddst,fashion_mnist,0.5,7,results/logs/cka_strength_sweep/fashion_mnist_all_20260517_180855/strength_0p8/seed_7/splits/fashion_mnist_split_seed7_clients5_alpha0p3_ref200.json,0.8,12,conv2,1,4,0.9999997019767761,0.9999969601631165,200
cka_feddst,fashion_mnist,0.5,7,results/logs/cka_strength_sweep/fashion_mnist_all_20260517_180855/strength_0p8/seed_7/splits/fashion_mnist_split_seed7_clients5_alpha0p3_ref200.json,0.8,12,conv2,2,0,0.9999936819076538,0.9999969601631165,200
cka_feddst,fashion_mnist,0.5,7,results/logs/cka_strength_sweep/fashion_mnist_all_20260517_180855/strength_0p8/seed_7/splits/fashion_mnist_split_seed7_clients5_alpha0p3_ref200.json,0.8,12,conv2,2,1,0.9999990463256836,0.9999969601631165,200
cka_feddst,fashion_mnist,0.5,7,results/logs/cka_strength_sweep/fashion_mnist_all_20260517_180855/strength_0p8/seed_7/splits/fashion_mnist_split_seed7_clients5_alpha0p3_ref200.json,0.8,12,conv2,2,2,1.0,0.9999969601631165,200
cka_feddst,fashion_mnist,0.5,7,results/logs/cka_strength_sweep/fashion_mnist_all_20260517_180855/strength_0p8/seed_7/splits/fashion_mnist_split_seed7_clients5_alpha0p3_ref200.json,0.8,12,conv2,2,3,0.9999929666519165,0.9999969601631165,200
cka_feddst,fashion_mnist,0.5,7,results/logs/cka_strength_sweep/fashion_mnist_all_20260517_180855/strength_0p8/seed_7/splits/fashion_mnist_split_seed7_clients5_alpha0p3_ref200.json,0.8,12,conv2,2,4,0.9999982714653015,0.9999969601631165,200
cka_feddst,fashion_mnist,0.5,7,results/logs/cka_strength_sweep/fashion_mnist_all_20260517_180855/strength_0p8/seed_7/splits/fashion_mnist_split_seed7_clients5_alpha0p3_ref200.json,0.8,12,conv2,3,0,0.9999969005584717,0.9999969601631165,200
cka_feddst,fashion_mnist,0.5,7,results/logs/cka_strength_sweep/fashion_mnist_all_20260517_180855/strength_0p8/seed_7/splits/fashion_mnist_split_seed7_clients5_alpha0p3_ref200.json,0.8,12,conv2,3,1,0.999997615814209,0.9999969601631165,200
cka_feddst,fashion_mnist,0.5,7,results/logs/cka_strength_sweep/fashion_mnist_all_20260517_180855/strength_0p8/seed_7/splits/fashion_mnist_split_seed7_clients5_alpha0p3_ref200.json,0.8,12,conv2,3,2,0.9999929666519165,0.9999969601631165,200
cka_feddst,fashion_mnist,0.5,7,results/logs/cka_strength_sweep/fashion_mnist_all_20260517_180855/strength_0p8/seed_7/splits/fashion_mnist_split_seed7_clients5_alpha0p3_ref200.json,0.8,12,conv2,3,3,1.0,0.9999969601631165,200
cka_feddst,fashion_mnist,0.5,7,results/logs/cka_strength_sweep/fashion_mnist_all_20260517_180855/strength_0p8/seed_7/splits/fashion_mnist_split_seed7_clients5_alpha0p3_ref200.json,0.8,12,conv2,3,4,0.9999960064888,0.9999969601631165,200
cka_feddst,fashion_mnist,0.5,7,results/logs/cka_strength_sweep/fashion_mnist_all_20260517_180855/strength_0p8/seed_7/splits/fashion_mnist_split_seed7_clients5_alpha0p3_ref200.json,0.8,12,conv2,4,0,0.999997079372406,0.9999969601631165,200
cka_feddst,fashion_mnist,0.5,7,results/logs/cka_strength_sweep/fashion_mnist_all_20260517_180855/strength_0p8/seed_7/splits/fashion_mnist_split_seed7_clients5_alpha0p3_ref200.json,0.8,12,conv2,4,1,0.9999997019767761,0.9999969601631165,200
cka_feddst,fashion_mnist,0.5,7,results/logs/cka_strength_sweep/fashion_mnist_all_20260517_180855/strength_0p8/seed_7/splits/fashion_mnist_split_seed7_clients5_alpha0p3_ref200.json,0.8,12,conv2,4,2,0.9999982714653015,0.9999969601631165,200
cka_feddst,fashion_mnist,0.5,7,results/logs/cka_strength_sweep/fashion_mnist_all_20260517_180855/strength_0p8/seed_7/splits/fashion_mnist_split_seed7_clients5_alpha0p3_ref200.json,0.8,12,conv2,4,3,0.9999960064888,0.9999969601631165,200
cka_feddst,fashion_mnist,0.5,7,results/logs/cka_strength_sweep/fashion_mnist_all_20260517_180855/strength_0p8/seed_7/splits/fashion_mnist_split_seed7_clients5_alpha0p3_ref200.json,0.8,12,conv2,4,4,1.0,0.9999969601631165,200
cka_feddst,fashion_mnist,0.5,7,results/logs/cka_strength_sweep/fashion_mnist_all_20260517_180855/strength_0p8/seed_7/splits/fashion_mnist_split_seed7_clients5_alpha0p3_ref200.json,0.8,12,fc1,0,0,1.0,0.9907855987548828,200
cka_feddst,fashion_mnist,0.5,7,results/logs/cka_strength_sweep/fashion_mnist_all_20260517_180855/strength_0p8/seed_7/splits/fashion_mnist_split_seed7_clients5_alpha0p3_ref200.json,0.8,12,fc1,0,1,0.9917868971824646,0.9907855987548828,200
cka_feddst,fashion_mnist,0.5,7,results/logs/cka_strength_sweep/fashion_mnist_all_20260517_180855/strength_0p8/seed_7/splits/fashion_mnist_split_seed7_clients5_alpha0p3_ref200.json,0.8,12,fc1,0,2,0.9855125546455383,0.9907855987548828,200
cka_feddst,fashion_mnist,0.5,7,results/logs/cka_strength_sweep/fashion_mnist_all_20260517_180855/strength_0p8/seed_7/splits/fashion_mnist_split_seed7_clients5_alpha0p3_ref200.json,0.8,12,fc1,0,3,0.9897013306617737,0.9907855987548828,200
cka_feddst,fashion_mnist,0.5,7,results/logs/cka_strength_sweep/fashion_mnist_all_20260517_180855/strength_0p8/seed_7/splits/fashion_mnist_split_seed7_clients5_alpha0p3_ref200.json,0.8,12,fc1,0,4,0.9892091751098633,0.9907855987548828,200
cka_feddst,fashion_mnist,0.5,7,results/logs/cka_strength_sweep/fashion_mnist_all_20260517_180855/strength_0p8/seed_7/splits/fashion_mnist_split_seed7_clients5_alpha0p3_ref200.json,0.8,12,fc1,1,0,0.9917868971824646,0.9907855987548828,200
cka_feddst,fashion_mnist,0.5,7,results/logs/cka_strength_sweep/fashion_mnist_all_20260517_180855/strength_0p8/seed_7/splits/fashion_mnist_split_seed7_clients5_alpha0p3_ref200.json,0.8,12,fc1,1,1,1.0,0.9907855987548828,200
cka_feddst,fashion_mnist,0.5,7,results/logs/cka_strength_sweep/fashion_mnist_all_20260517_180855/strength_0p8/seed_7/splits/fashion_mnist_split_seed7_clients5_alpha0p3_ref200.json,0.8,12,fc1,1,2,0.9940444827079773,0.9907855987548828,200
cka_feddst,fashion_mnist,0.5,7,results/logs/cka_strength_sweep/fashion_mnist_all_20260517_180855/strength_0p8/seed_7/splits/fashion_mnist_split_seed7_clients5_alpha0p3_ref200.json,0.8,12,fc1,1,3,0.9878124594688416,0.9907855987548828,200
cka_feddst,fashion_mnist,0.5,7,results/logs/cka_strength_sweep/fashion_mnist_all_20260517_180855/strength_0p8/seed_7/splits/fashion_mnist_split_seed7_clients5_alpha0p3_ref200.json,0.8,12,fc1,1,4,0.9925356507301331,0.9907855987548828,200
cka_feddst,fashion_mnist,0.5,7,results/logs/cka_strength_sweep/fashion_mnist_all_20260517_180855/strength_0p8/seed_7/splits/fashion_mnist_split_seed7_clients5_alpha0p3_ref200.json,0.8,12,fc1,2,0,0.9855125546455383,0.9907855987548828,200
cka_feddst,fashion_mnist,0.5,7,results/logs/cka_strength_sweep/fashion_mnist_all_20260517_180855/strength_0p8/seed_7/splits/fashion_mnist_split_seed7_clients5_alpha0p3_ref200.json,0.8,12,fc1,2,1,0.9940444827079773,0.9907855987548828,200
cka_feddst,fashion_mnist,0.5,7,results/logs/cka_strength_sweep/fashion_mnist_all_20260517_180855/strength_0p8/seed_7/splits/fashion_mnist_split_seed7_clients5_alpha0p3_ref200.json,0.8,12,fc1,2,2,1.0,0.9907855987548828,200
cka_feddst,fashion_mnist,0.5,7,results/logs/cka_strength_sweep/fashion_mnist_all_20260517_180855/strength_0p8/seed_7/splits/fashion_mnist_split_seed7_clients5_alpha0p3_ref200.json,0.8,12,fc1,2,3,0.9889609217643738,0.9907855987548828,200
cka_feddst,fashion_mnist,0.5,7,results/logs/cka_strength_sweep/fashion_mnist_all_20260517_180855/strength_0p8/seed_7/splits/fashion_mnist_split_seed7_clients5_alpha0p3_ref200.json,0.8,12,fc1,2,4,0.9972636103630066,0.9907855987548828,200
cka_feddst,fashion_mnist,0.5,7,results/logs/cka_strength_sweep/fashion_mnist_all_20260517_180855/strength_0p8/seed_7/splits/fashion_mnist_split_seed7_clients5_alpha0p3_ref200.json,0.8,12,fc1,3,0,0.9897013306617737,0.9907855987548828,200
cka_feddst,fashion_mnist,0.5,7,results/logs/cka_strength_sweep/fashion_mnist_all_20260517_180855/strength_0p8/seed_7/splits/fashion_mnist_split_seed7_clients5_alpha0p3_ref200.json,0.8,12,fc1,3,1,0.9878124594688416,0.9907855987548828,200
cka_feddst,fashion_mnist,0.5,7,results/logs/cka_strength_sweep/fashion_mnist_all_20260517_180855/strength_0p8/seed_7/splits/fashion_mnist_split_seed7_clients5_alpha0p3_ref200.json,0.8,12,fc1,3,2,0.9889609217643738,0.9907855987548828,200
cka_feddst,fashion_mnist,0.5,7,results/logs/cka_strength_sweep/fashion_mnist_all_20260517_180855/strength_0p8/seed_7/splits/fashion_mnist_split_seed7_clients5_alpha0p3_ref200.json,0.8,12,fc1,3,3,1.0,0.9907855987548828,200
cka_feddst,fashion_mnist,0.5,7,results/logs/cka_strength_sweep/fashion_mnist_all_20260517_180855/strength_0p8/seed_7/splits/fashion_mnist_split_seed7_clients5_alpha0p3_ref200.json,0.8,12,fc1,3,4,0.9910284280776978,0.9907855987548828,200
cka_feddst,fashion_mnist,0.5,7,results/logs/cka_strength_sweep/fashion_mnist_all_20260517_180855/strength_0p8/seed_7/splits/fashion_mnist_split_seed7_clients5_alpha0p3_ref200.json,0.8,12,fc1,4,0,0.9892091751098633,0.9907855987548828,200
cka_feddst,fashion_mnist,0.5,7,results/logs/cka_strength_sweep/fashion_mnist_all_20260517_180855/strength_0p8/seed_7/splits/fashion_mnist_split_seed7_clients5_alpha0p3_ref200.json,0.8,12,fc1,4,1,0.9925356507301331,0.9907855987548828,200
cka_feddst,fashion_mnist,0.5,7,results/logs/cka_strength_sweep/fashion_mnist_all_20260517_180855/strength_0p8/seed_7/splits/fashion_mnist_split_seed7_clients5_alpha0p3_ref200.json,0.8,12,fc1,4,2,0.9972636103630066,0.9907855987548828,200
cka_feddst,fashion_mnist,0.5,7,results/logs/cka_strength_sweep/fashion_mnist_all_20260517_180855/strength_0p8/seed_7/splits/fashion_mnist_split_seed7_clients5_alpha0p3_ref200.json,0.8,12,fc1,4,3,0.9910284280776978,0.9907855987548828,200
cka_feddst,fashion_mnist,0.5,7,results/logs/cka_strength_sweep/fashion_mnist_all_20260517_180855/strength_0p8/seed_7/splits/fashion_mnist_split_seed7_clients5_alpha0p3_ref200.json,0.8,12,fc1,4,4,1.0,0.9907855987548828,200
cka_feddst,fashion_mnist,0.5,7,results/logs/cka_strength_sweep/fashion_mnist_all_20260517_180855/strength_0p8/seed_7/splits/fashion_mnist_split_seed7_clients5_alpha0p3_ref200.json,0.8,14,conv1,0,0,1.0,0.9999995231628418,200
cka_feddst,fashion_mnist,0.5,7,results/logs/cka_strength_sweep/fashion_mnist_all_20260517_180855/strength_0p8/seed_7/splits/fashion_mnist_split_seed7_clients5_alpha0p3_ref200.json,0.8,14,conv1,0,1,0.9999995231628418,0.9999995231628418,200
cka_feddst,fashion_mnist,0.5,7,results/logs/cka_strength_sweep/fashion_mnist_all_20260517_180855/strength_0p8/seed_7/splits/fashion_mnist_split_seed7_clients5_alpha0p3_ref200.json,0.8,14,conv1,0,2,0.9999991059303284,0.9999995231628418,200
cka_feddst,fashion_mnist,0.5,7,results/logs/cka_strength_sweep/fashion_mnist_all_20260517_180855/strength_0p8/seed_7/splits/fashion_mnist_split_seed7_clients5_alpha0p3_ref200.json,0.8,14,conv1,0,3,1.0,0.9999995231628418,200
cka_feddst,fashion_mnist,0.5,7,results/logs/cka_strength_sweep/fashion_mnist_all_20260517_180855/strength_0p8/seed_7/splits/fashion_mnist_split_seed7_clients5_alpha0p3_ref200.json,0.8,14,conv1,0,4,0.9999986290931702,0.9999995231628418,200
cka_feddst,fashion_mnist,0.5,7,results/logs/cka_strength_sweep/fashion_mnist_all_20260517_180855/strength_0p8/seed_7/splits/fashion_mnist_split_seed7_clients5_alpha0p3_ref200.json,0.8,14,conv1,1,0,0.9999995231628418,0.9999995231628418,200
cka_feddst,fashion_mnist,0.5,7,results/logs/cka_strength_sweep/fashion_mnist_all_20260517_180855/strength_0p8/seed_7/splits/fashion_mnist_split_seed7_clients5_alpha0p3_ref200.json,0.8,14,conv1,1,1,1.0,0.9999995231628418,200
cka_feddst,fashion_mnist,0.5,7,results/logs/cka_strength_sweep/fashion_mnist_all_20260517_180855/strength_0p8/seed_7/splits/fashion_mnist_split_seed7_clients5_alpha0p3_ref200.json,0.8,14,conv1,1,2,1.0,0.9999995231628418,200
cka_feddst,fashion_mnist,0.5,7,results/logs/cka_strength_sweep/fashion_mnist_all_20260517_180855/strength_0p8/seed_7/splits/fashion_mnist_split_seed7_clients5_alpha0p3_ref200.json,0.8,14,conv1,1,3,0.9999996423721313,0.9999995231628418,200
cka_feddst,fashion_mnist,0.5,7,results/logs/cka_strength_sweep/fashion_mnist_all_20260517_180855/strength_0p8/seed_7/splits/fashion_mnist_split_seed7_clients5_alpha0p3_ref200.json,0.8,14,conv1,1,4,1.0,0.9999995231628418,200
cka_feddst,fashion_mnist,0.5,7,results/logs/cka_strength_sweep/fashion_mnist_all_20260517_180855/strength_0p8/seed_7/splits/fashion_mnist_split_seed7_clients5_alpha0p3_ref200.json,0.8,14,conv1,2,0,0.9999991059303284,0.9999995231628418,200
cka_feddst,fashion_mnist,0.5,7,results/logs/cka_strength_sweep/fashion_mnist_all_20260517_180855/strength_0p8/seed_7/splits/fashion_mnist_split_seed7_clients5_alpha0p3_ref200.json,0.8,14,conv1,2,1,1.0,0.9999995231628418,200
cka_feddst,fashion_mnist,0.5,7,results/logs/cka_strength_sweep/fashion_mnist_all_20260517_180855/strength_0p8/seed_7/splits/fashion_mnist_split_seed7_clients5_alpha0p3_ref200.json,0.8,14,conv1,2,2,1.0,0.9999995231628418,200
cka_feddst,fashion_mnist,0.5,7,results/logs/cka_strength_sweep/fashion_mnist_all_20260517_180855/strength_0p8/seed_7/splits/fashion_mnist_split_seed7_clients5_alpha0p3_ref200.json,0.8,14,conv1,2,3,0.9999994039535522,0.9999995231628418,200
cka_feddst,fashion_mnist,0.5,7,results/logs/cka_strength_sweep/fashion_mnist_all_20260517_180855/strength_0p8/seed_7/splits/fashion_mnist_split_seed7_clients5_alpha0p3_ref200.json,0.8,14,conv1,2,4,1.0,0.9999995231628418,200
cka_feddst,fashion_mnist,0.5,7,results/logs/cka_strength_sweep/fashion_mnist_all_20260517_180855/strength_0p8/seed_7/splits/fashion_mnist_split_seed7_clients5_alpha0p3_ref200.json,0.8,14,conv1,3,0,1.0,0.9999995231628418,200
cka_feddst,fashion_mnist,0.5,7,results/logs/cka_strength_sweep/fashion_mnist_all_20260517_180855/strength_0p8/seed_7/splits/fashion_mnist_split_seed7_clients5_alpha0p3_ref200.json,0.8,14,conv1,3,1,0.9999996423721313,0.9999995231628418,200
cka_feddst,fashion_mnist,0.5,7,results/logs/cka_strength_sweep/fashion_mnist_all_20260517_180855/strength_0p8/seed_7/splits/fashion_mnist_split_seed7_clients5_alpha0p3_ref200.json,0.8,14,conv1,3,2,0.9999994039535522,0.9999995231628418,200
cka_feddst,fashion_mnist,0.5,7,results/logs/cka_strength_sweep/fashion_mnist_all_20260517_180855/strength_0p8/seed_7/splits/fashion_mnist_split_seed7_clients5_alpha0p3_ref200.json,0.8,14,conv1,3,3,1.0,0.9999995231628418,200
cka_feddst,fashion_mnist,0.5,7,results/logs/cka_strength_sweep/fashion_mnist_all_20260517_180855/strength_0p8/seed_7/splits/fashion_mnist_split_seed7_clients5_alpha0p3_ref200.json,0.8,14,conv1,3,4,0.9999989867210388,0.9999995231628418,200
cka_feddst,fashion_mnist,0.5,7,results/logs/cka_strength_sweep/fashion_mnist_all_20260517_180855/strength_0p8/seed_7/splits/fashion_mnist_split_seed7_clients5_alpha0p3_ref200.json,0.8,14,conv1,4,0,0.9999986290931702,0.9999995231628418,200
cka_feddst,fashion_mnist,0.5,7,results/logs/cka_strength_sweep/fashion_mnist_all_20260517_180855/strength_0p8/seed_7/splits/fashion_mnist_split_seed7_clients5_alpha0p3_ref200.json,0.8,14,conv1,4,1,1.0,0.9999995231628418,200
cka_feddst,fashion_mnist,0.5,7,results/logs/cka_strength_sweep/fashion_mnist_all_20260517_180855/strength_0p8/seed_7/splits/fashion_mnist_split_seed7_clients5_alpha0p3_ref200.json,0.8,14,conv1,4,2,1.0,0.9999995231628418,200
cka_feddst,fashion_mnist,0.5,7,results/logs/cka_strength_sweep/fashion_mnist_all_20260517_180855/strength_0p8/seed_7/splits/fashion_mnist_split_seed7_clients5_alpha0p3_ref200.json,0.8,14,conv1,4,3,0.9999989867210388,0.9999995231628418,200
cka_feddst,fashion_mnist,0.5,7,results/logs/cka_strength_sweep/fashion_mnist_all_20260517_180855/strength_0p8/seed_7/splits/fashion_mnist_split_seed7_clients5_alpha0p3_ref200.json,0.8,14,conv1,4,4,1.0,0.9999995231628418,200
cka_feddst,fashion_mnist,0.5,7,results/logs/cka_strength_sweep/fashion_mnist_all_20260517_180855/strength_0p8/seed_7/splits/fashion_mnist_split_seed7_clients5_alpha0p3_ref200.json,0.8,14,conv2,0,0,1.0,0.9999986886978149,200
cka_feddst,fashion_mnist,0.5,7,results/logs/cka_strength_sweep/fashion_mnist_all_20260517_180855/strength_0p8/seed_7/splits/fashion_mnist_split_seed7_clients5_alpha0p3_ref200.json,0.8,14,conv2,0,1,0.9999995231628418,0.9999986886978149,200
cka_feddst,fashion_mnist,0.5,7,results/logs/cka_strength_sweep/fashion_mnist_all_20260517_180855/strength_0p8/seed_7/splits/fashion_mnist_split_seed7_clients5_alpha0p3_ref200.json,0.8,14,conv2,0,2,0.9999979138374329,0.9999986886978149,200
cka_feddst,fashion_mnist,0.5,7,results/logs/cka_strength_sweep/fashion_mnist_all_20260517_180855/strength_0p8/seed_7/splits/fashion_mnist_split_seed7_clients5_alpha0p3_ref200.json,0.8,14,conv2,0,3,0.9999992251396179,0.9999986886978149,200
cka_feddst,fashion_mnist,0.5,7,results/logs/cka_strength_sweep/fashion_mnist_all_20260517_180855/strength_0p8/seed_7/splits/fashion_mnist_split_seed7_clients5_alpha0p3_ref200.json,0.8,14,conv2,0,4,0.999998927116394,0.9999986886978149,200
cka_feddst,fashion_mnist,0.5,7,results/logs/cka_strength_sweep/fashion_mnist_all_20260517_180855/strength_0p8/seed_7/splits/fashion_mnist_split_seed7_clients5_alpha0p3_ref200.json,0.8,14,conv2,1,0,0.9999995231628418,0.9999986886978149,200
cka_feddst,fashion_mnist,0.5,7,results/logs/cka_strength_sweep/fashion_mnist_all_20260517_180855/strength_0p8/seed_7/splits/fashion_mnist_split_seed7_clients5_alpha0p3_ref200.json,0.8,14,conv2,1,1,1.0,0.9999986886978149,200
cka_feddst,fashion_mnist,0.5,7,results/logs/cka_strength_sweep/fashion_mnist_all_20260517_180855/strength_0p8/seed_7/splits/fashion_mnist_split_seed7_clients5_alpha0p3_ref200.json,0.8,14,conv2,1,2,0.9999991059303284,0.9999986886978149,200
cka_feddst,fashion_mnist,0.5,7,results/logs/cka_strength_sweep/fashion_mnist_all_20260517_180855/strength_0p8/seed_7/splits/fashion_mnist_split_seed7_clients5_alpha0p3_ref200.json,0.8,14,conv2,1,3,0.9999986886978149,0.9999986886978149,200
cka_feddst,fashion_mnist,0.5,7,results/logs/cka_strength_sweep/fashion_mnist_all_20260517_180855/strength_0p8/seed_7/splits/fashion_mnist_split_seed7_clients5_alpha0p3_ref200.json,0.8,14,conv2,1,4,0.999999463558197,0.9999986886978149,200
cka_feddst,fashion_mnist,0.5,7,results/logs/cka_strength_sweep/fashion_mnist_all_20260517_180855/strength_0p8/seed_7/splits/fashion_mnist_split_seed7_clients5_alpha0p3_ref200.json,0.8,14,conv2,2,0,0.9999979138374329,0.9999986886978149,200
cka_feddst,fashion_mnist,0.5,7,results/logs/cka_strength_sweep/fashion_mnist_all_20260517_180855/strength_0p8/seed_7/splits/fashion_mnist_split_seed7_clients5_alpha0p3_ref200.json,0.8,14,conv2,2,1,0.9999991059303284,0.9999986886978149,200
cka_feddst,fashion_mnist,0.5,7,results/logs/cka_strength_sweep/fashion_mnist_all_20260517_180855/strength_0p8/seed_7/splits/fashion_mnist_split_seed7_clients5_alpha0p3_ref200.json,0.8,14,conv2,2,2,1.0,0.9999986886978149,200
cka_feddst,fashion_mnist,0.5,7,results/logs/cka_strength_sweep/fashion_mnist_all_20260517_180855/strength_0p8/seed_7/splits/fashion_mnist_split_seed7_clients5_alpha0p3_ref200.json,0.8,14,conv2,2,3,0.9999973773956299,0.9999986886978149,200
cka_feddst,fashion_mnist,0.5,7,results/logs/cka_strength_sweep/fashion_mnist_all_20260517_180855/strength_0p8/seed_7/splits/fashion_mnist_split_seed7_clients5_alpha0p3_ref200.json,0.8,14,conv2,2,4,0.9999992251396179,0.9999986886978149,200
cka_feddst,fashion_mnist,0.5,7,results/logs/cka_strength_sweep/fashion_mnist_all_20260517_180855/strength_0p8/seed_7/splits/fashion_mnist_split_seed7_clients5_alpha0p3_ref200.json,0.8,14,conv2,3,0,0.9999992251396179,0.9999986886978149,200
cka_feddst,fashion_mnist,0.5,7,results/logs/cka_strength_sweep/fashion_mnist_all_20260517_180855/strength_0p8/seed_7/splits/fashion_mnist_split_seed7_clients5_alpha0p3_ref200.json,0.8,14,conv2,3,1,0.9999986886978149,0.9999986886978149,200
cka_feddst,fashion_mnist,0.5,7,results/logs/cka_strength_sweep/fashion_mnist_all_20260517_180855/strength_0p8/seed_7/splits/fashion_mnist_split_seed7_clients5_alpha0p3_ref200.json,0.8,14,conv2,3,2,0.9999973773956299,0.9999986886978149,200
cka_feddst,fashion_mnist,0.5,7,results/logs/cka_strength_sweep/fashion_mnist_all_20260517_180855/strength_0p8/seed_7/splits/fashion_mnist_split_seed7_clients5_alpha0p3_ref200.json,0.8,14,conv2,3,3,1.0,0.9999986886978149,200
cka_feddst,fashion_mnist,0.5,7,results/logs/cka_strength_sweep/fashion_mnist_all_20260517_180855/strength_0p8/seed_7/splits/fashion_mnist_split_seed7_clients5_alpha0p3_ref200.json,0.8,14,conv2,3,4,0.9999980926513672,0.9999986886978149,200
cka_feddst,fashion_mnist,0.5,7,results/logs/cka_strength_sweep/fashion_mnist_all_20260517_180855/strength_0p8/seed_7/splits/fashion_mnist_split_seed7_clients5_alpha0p3_ref200.json,0.8,14,conv2,4,0,0.999998927116394,0.9999986886978149,200
cka_feddst,fashion_mnist,0.5,7,results/logs/cka_strength_sweep/fashion_mnist_all_20260517_180855/strength_0p8/seed_7/splits/fashion_mnist_split_seed7_clients5_alpha0p3_ref200.json,0.8,14,conv2,4,1,0.999999463558197,0.9999986886978149,200
cka_feddst,fashion_mnist,0.5,7,results/logs/cka_strength_sweep/fashion_mnist_all_20260517_180855/strength_0p8/seed_7/splits/fashion_mnist_split_seed7_clients5_alpha0p3_ref200.json,0.8,14,conv2,4,2,0.9999992251396179,0.9999986886978149,200
cka_feddst,fashion_mnist,0.5,7,results/logs/cka_strength_sweep/fashion_mnist_all_20260517_180855/strength_0p8/seed_7/splits/fashion_mnist_split_seed7_clients5_alpha0p3_ref200.json,0.8,14,conv2,4,3,0.9999980926513672,0.9999986886978149,200
cka_feddst,fashion_mnist,0.5,7,results/logs/cka_strength_sweep/fashion_mnist_all_20260517_180855/strength_0p8/seed_7/splits/fashion_mnist_split_seed7_clients5_alpha0p3_ref200.json,0.8,14,conv2,4,4,1.0,0.9999986886978149,200
cka_feddst,fashion_mnist,0.5,7,results/logs/cka_strength_sweep/fashion_mnist_all_20260517_180855/strength_0p8/seed_7/splits/fashion_mnist_split_seed7_clients5_alpha0p3_ref200.json,0.8,14,fc1,0,0,1.0,0.9928416013717651,200
cka_feddst,fashion_mnist,0.5,7,results/logs/cka_strength_sweep/fashion_mnist_all_20260517_180855/strength_0p8/seed_7/splits/fashion_mnist_split_seed7_clients5_alpha0p3_ref200.json,0.8,14,fc1,0,1,0.9958697557449341,0.9928416013717651,200
cka_feddst,fashion_mnist,0.5,7,results/logs/cka_strength_sweep/fashion_mnist_all_20260517_180855/strength_0p8/seed_7/splits/fashion_mnist_split_seed7_clients5_alpha0p3_ref200.json,0.8,14,fc1,0,2,0.9882746338844299,0.9928416013717651,200
cka_feddst,fashion_mnist,0.5,7,results/logs/cka_strength_sweep/fashion_mnist_all_20260517_180855/strength_0p8/seed_7/splits/fashion_mnist_split_seed7_clients5_alpha0p3_ref200.json,0.8,14,fc1,0,3,0.9902966618537903,0.9928416013717651,200
cka_feddst,fashion_mnist,0.5,7,results/logs/cka_strength_sweep/fashion_mnist_all_20260517_180855/strength_0p8/seed_7/splits/fashion_mnist_split_seed7_clients5_alpha0p3_ref200.json,0.8,14,fc1,0,4,0.9915502667427063,0.9928416013717651,200
cka_feddst,fashion_mnist,0.5,7,results/logs/cka_strength_sweep/fashion_mnist_all_20260517_180855/strength_0p8/seed_7/splits/fashion_mnist_split_seed7_clients5_alpha0p3_ref200.json,0.8,14,fc1,1,0,0.9958697557449341,0.9928416013717651,200
cka_feddst,fashion_mnist,0.5,7,results/logs/cka_strength_sweep/fashion_mnist_all_20260517_180855/strength_0p8/seed_7/splits/fashion_mnist_split_seed7_clients5_alpha0p3_ref200.json,0.8,14,fc1,1,1,1.0,0.9928416013717651,200
cka_feddst,fashion_mnist,0.5,7,results/logs/cka_strength_sweep/fashion_mnist_all_20260517_180855/strength_0p8/seed_7/splits/fashion_mnist_split_seed7_clients5_alpha0p3_ref200.json,0.8,14,fc1,1,2,0.9941806793212891,0.9928416013717651,200
cka_feddst,fashion_mnist,0.5,7,results/logs/cka_strength_sweep/fashion_mnist_all_20260517_180855/strength_0p8/seed_7/splits/fashion_mnist_split_seed7_clients5_alpha0p3_ref200.json,0.8,14,fc1,1,3,0.9910391569137573,0.9928416013717651,200
cka_feddst,fashion_mnist,0.5,7,results/logs/cka_strength_sweep/fashion_mnist_all_20260517_180855/strength_0p8/seed_7/splits/fashion_mnist_split_seed7_clients5_alpha0p3_ref200.json,0.8,14,fc1,1,4,0.9942880272865295,0.9928416013717651,200
cka_feddst,fashion_mnist,0.5,7,results/logs/cka_strength_sweep/fashion_mnist_all_20260517_180855/strength_0p8/seed_7/splits/fashion_mnist_split_seed7_clients5_alpha0p3_ref200.json,0.8,14,fc1,2,0,0.9882746338844299,0.9928416013717651,200
cka_feddst,fashion_mnist,0.5,7,results/logs/cka_strength_sweep/fashion_mnist_all_20260517_180855/strength_0p8/seed_7/splits/fashion_mnist_split_seed7_clients5_alpha0p3_ref200.json,0.8,14,fc1,2,1,0.9941806793212891,0.9928416013717651,200
cka_feddst,fashion_mnist,0.5,7,results/logs/cka_strength_sweep/fashion_mnist_all_20260517_180855/strength_0p8/seed_7/splits/fashion_mnist_split_seed7_clients5_alpha0p3_ref200.json,0.8,14,fc1,2,2,1.0,0.9928416013717651,200
cka_feddst,fashion_mnist,0.5,7,results/logs/cka_strength_sweep/fashion_mnist_all_20260517_180855/strength_0p8/seed_7/splits/fashion_mnist_split_seed7_clients5_alpha0p3_ref200.json,0.8,14,fc1,2,3,0.9941216707229614,0.9928416013717651,200
cka_feddst,fashion_mnist,0.5,7,results/logs/cka_strength_sweep/fashion_mnist_all_20260517_180855/strength_0p8/seed_7/splits/fashion_mnist_split_seed7_clients5_alpha0p3_ref200.json,0.8,14,fc1,2,4,0.9965114593505859,0.9928416013717651,200
cka_feddst,fashion_mnist,0.5,7,results/logs/cka_strength_sweep/fashion_mnist_all_20260517_180855/strength_0p8/seed_7/splits/fashion_mnist_split_seed7_clients5_alpha0p3_ref200.json,0.8,14,fc1,3,0,0.9902966618537903,0.9928416013717651,200
cka_feddst,fashion_mnist,0.5,7,results/logs/cka_strength_sweep/fashion_mnist_all_20260517_180855/strength_0p8/seed_7/splits/fashion_mnist_split_seed7_clients5_alpha0p3_ref200.json,0.8,14,fc1,3,1,0.9910391569137573,0.9928416013717651,200
cka_feddst,fashion_mnist,0.5,7,results/logs/cka_strength_sweep/fashion_mnist_all_20260517_180855/strength_0p8/seed_7/splits/fashion_mnist_split_seed7_clients5_alpha0p3_ref200.json,0.8,14,fc1,3,2,0.9941216707229614,0.9928416013717651,200
cka_feddst,fashion_mnist,0.5,7,results/logs/cka_strength_sweep/fashion_mnist_all_20260517_180855/strength_0p8/seed_7/splits/fashion_mnist_split_seed7_clients5_alpha0p3_ref200.json,0.8,14,fc1,3,3,1.0,0.9928416013717651,200
cka_feddst,fashion_mnist,0.5,7,results/logs/cka_strength_sweep/fashion_mnist_all_20260517_180855/strength_0p8/seed_7/splits/fashion_mnist_split_seed7_clients5_alpha0p3_ref200.json,0.8,14,fc1,3,4,0.9922831058502197,0.9928416013717651,200
cka_feddst,fashion_mnist,0.5,7,results/logs/cka_strength_sweep/fashion_mnist_all_20260517_180855/strength_0p8/seed_7/splits/fashion_mnist_split_seed7_clients5_alpha0p3_ref200.json,0.8,14,fc1,4,0,0.9915502667427063,0.9928416013717651,200
cka_feddst,fashion_mnist,0.5,7,results/logs/cka_strength_sweep/fashion_mnist_all_20260517_180855/strength_0p8/seed_7/splits/fashion_mnist_split_seed7_clients5_alpha0p3_ref200.json,0.8,14,fc1,4,1,0.9942880272865295,0.9928416013717651,200
cka_feddst,fashion_mnist,0.5,7,results/logs/cka_strength_sweep/fashion_mnist_all_20260517_180855/strength_0p8/seed_7/splits/fashion_mnist_split_seed7_clients5_alpha0p3_ref200.json,0.8,14,fc1,4,2,0.9965114593505859,0.9928416013717651,200
cka_feddst,fashion_mnist,0.5,7,results/logs/cka_strength_sweep/fashion_mnist_all_20260517_180855/strength_0p8/seed_7/splits/fashion_mnist_split_seed7_clients5_alpha0p3_ref200.json,0.8,14,fc1,4,3,0.9922831058502197,0.9928416013717651,200
cka_feddst,fashion_mnist,0.5,7,results/logs/cka_strength_sweep/fashion_mnist_all_20260517_180855/strength_0p8/seed_7/splits/fashion_mnist_split_seed7_clients5_alpha0p3_ref200.json,0.8,14,fc1,4,4,1.0,0.9928416013717651,200
cka_feddst,fashion_mnist,0.5,7,results/logs/cka_strength_sweep/fashion_mnist_all_20260517_180855/strength_0p8/seed_7/splits/fashion_mnist_split_seed7_clients5_alpha0p3_ref200.json,0.8,16,conv1,0,0,1.0,0.999998927116394,200
cka_feddst,fashion_mnist,0.5,7,results/logs/cka_strength_sweep/fashion_mnist_all_20260517_180855/strength_0p8/seed_7/splits/fashion_mnist_split_seed7_clients5_alpha0p3_ref200.json,0.8,16,conv1,0,1,0.9999983906745911,0.999998927116394,200
cka_feddst,fashion_mnist,0.5,7,results/logs/cka_strength_sweep/fashion_mnist_all_20260517_180855/strength_0p8/seed_7/splits/fashion_mnist_split_seed7_clients5_alpha0p3_ref200.json,0.8,16,conv1,0,2,0.9999977946281433,0.999998927116394,200
cka_feddst,fashion_mnist,0.5,7,results/logs/cka_strength_sweep/fashion_mnist_all_20260517_180855/strength_0p8/seed_7/splits/fashion_mnist_split_seed7_clients5_alpha0p3_ref200.json,0.8,16,conv1,0,3,0.9999997615814209,0.999998927116394,200
cka_feddst,fashion_mnist,0.5,7,results/logs/cka_strength_sweep/fashion_mnist_all_20260517_180855/strength_0p8/seed_7/splits/fashion_mnist_split_seed7_clients5_alpha0p3_ref200.json,0.8,16,conv1,0,4,0.9999967813491821,0.999998927116394,200
cka_feddst,fashion_mnist,0.5,7,results/logs/cka_strength_sweep/fashion_mnist_all_20260517_180855/strength_0p8/seed_7/splits/fashion_mnist_split_seed7_clients5_alpha0p3_ref200.json,0.8,16,conv1,1,0,0.9999983906745911,0.999998927116394,200
cka_feddst,fashion_mnist,0.5,7,results/logs/cka_strength_sweep/fashion_mnist_all_20260517_180855/strength_0p8/seed_7/splits/fashion_mnist_split_seed7_clients5_alpha0p3_ref200.json,0.8,16,conv1,1,1,1.0,0.999998927116394,200
cka_feddst,fashion_mnist,0.5,7,results/logs/cka_strength_sweep/fashion_mnist_all_20260517_180855/strength_0p8/seed_7/splits/fashion_mnist_split_seed7_clients5_alpha0p3_ref200.json,0.8,16,conv1,1,2,1.0,0.999998927116394,200
cka_feddst,fashion_mnist,0.5,7,results/logs/cka_strength_sweep/fashion_mnist_all_20260517_180855/strength_0p8/seed_7/splits/fashion_mnist_split_seed7_clients5_alpha0p3_ref200.json,0.8,16,conv1,1,3,0.999999463558197,0.999998927116394,200
cka_feddst,fashion_mnist,0.5,7,results/logs/cka_strength_sweep/fashion_mnist_all_20260517_180855/strength_0p8/seed_7/splits/fashion_mnist_split_seed7_clients5_alpha0p3_ref200.json,0.8,16,conv1,1,4,1.0,0.999998927116394,200
cka_feddst,fashion_mnist,0.5,7,results/logs/cka_strength_sweep/fashion_mnist_all_20260517_180855/strength_0p8/seed_7/splits/fashion_mnist_split_seed7_clients5_alpha0p3_ref200.json,0.8,16,conv1,2,0,0.9999977946281433,0.999998927116394,200
cka_feddst,fashion_mnist,0.5,7,results/logs/cka_strength_sweep/fashion_mnist_all_20260517_180855/strength_0p8/seed_7/splits/fashion_mnist_split_seed7_clients5_alpha0p3_ref200.json,0.8,16,conv1,2,1,1.0,0.999998927116394,200
cka_feddst,fashion_mnist,0.5,7,results/logs/cka_strength_sweep/fashion_mnist_all_20260517_180855/strength_0p8/seed_7/splits/fashion_mnist_split_seed7_clients5_alpha0p3_ref200.json,0.8,16,conv1,2,2,1.0,0.999998927116394,200
cka_feddst,fashion_mnist,0.5,7,results/logs/cka_strength_sweep/fashion_mnist_all_20260517_180855/strength_0p8/seed_7/splits/fashion_mnist_split_seed7_clients5_alpha0p3_ref200.json,0.8,16,conv1,2,3,0.9999988675117493,0.999998927116394,200
cka_feddst,fashion_mnist,0.5,7,results/logs/cka_strength_sweep/fashion_mnist_all_20260517_180855/strength_0p8/seed_7/splits/fashion_mnist_split_seed7_clients5_alpha0p3_ref200.json,0.8,16,conv1,2,4,0.9999998807907104,0.999998927116394,200
cka_feddst,fashion_mnist,0.5,7,results/logs/cka_strength_sweep/fashion_mnist_all_20260517_180855/strength_0p8/seed_7/splits/fashion_mnist_split_seed7_clients5_alpha0p3_ref200.json,0.8,16,conv1,3,0,0.9999997615814209,0.999998927116394,200
cka_feddst,fashion_mnist,0.5,7,results/logs/cka_strength_sweep/fashion_mnist_all_20260517_180855/strength_0p8/seed_7/splits/fashion_mnist_split_seed7_clients5_alpha0p3_ref200.json,0.8,16,conv1,3,1,0.999999463558197,0.999998927116394,200
cka_feddst,fashion_mnist,0.5,7,results/logs/cka_strength_sweep/fashion_mnist_all_20260517_180855/strength_0p8/seed_7/splits/fashion_mnist_split_seed7_clients5_alpha0p3_ref200.json,0.8,16,conv1,3,2,0.9999988675117493,0.999998927116394,200
cka_feddst,fashion_mnist,0.5,7,results/logs/cka_strength_sweep/fashion_mnist_all_20260517_180855/strength_0p8/seed_7/splits/fashion_mnist_split_seed7_clients5_alpha0p3_ref200.json,0.8,16,conv1,3,3,1.0,0.999998927116394,200
cka_feddst,fashion_mnist,0.5,7,results/logs/cka_strength_sweep/fashion_mnist_all_20260517_180855/strength_0p8/seed_7/splits/fashion_mnist_split_seed7_clients5_alpha0p3_ref200.json,0.8,16,conv1,3,4,0.999998152256012,0.999998927116394,200
cka_feddst,fashion_mnist,0.5,7,results/logs/cka_strength_sweep/fashion_mnist_all_20260517_180855/strength_0p8/seed_7/splits/fashion_mnist_split_seed7_clients5_alpha0p3_ref200.json,0.8,16,conv1,4,0,0.9999967813491821,0.999998927116394,200
cka_feddst,fashion_mnist,0.5,7,results/logs/cka_strength_sweep/fashion_mnist_all_20260517_180855/strength_0p8/seed_7/splits/fashion_mnist_split_seed7_clients5_alpha0p3_ref200.json,0.8,16,conv1,4,1,1.0,0.999998927116394,200
cka_feddst,fashion_mnist,0.5,7,results/logs/cka_strength_sweep/fashion_mnist_all_20260517_180855/strength_0p8/seed_7/splits/fashion_mnist_split_seed7_clients5_alpha0p3_ref200.json,0.8,16,conv1,4,2,0.9999998807907104,0.999998927116394,200
cka_feddst,fashion_mnist,0.5,7,results/logs/cka_strength_sweep/fashion_mnist_all_20260517_180855/strength_0p8/seed_7/splits/fashion_mnist_split_seed7_clients5_alpha0p3_ref200.json,0.8,16,conv1,4,3,0.999998152256012,0.999998927116394,200
cka_feddst,fashion_mnist,0.5,7,results/logs/cka_strength_sweep/fashion_mnist_all_20260517_180855/strength_0p8/seed_7/splits/fashion_mnist_split_seed7_clients5_alpha0p3_ref200.json,0.8,16,conv1,4,4,1.0,0.999998927116394,200
cka_feddst,fashion_mnist,0.5,7,results/logs/cka_strength_sweep/fashion_mnist_all_20260517_180855/strength_0p8/seed_7/splits/fashion_mnist_split_seed7_clients5_alpha0p3_ref200.json,0.8,16,conv2,0,0,1.0,0.9999963641166687,200
cka_feddst,fashion_mnist,0.5,7,results/logs/cka_strength_sweep/fashion_mnist_all_20260517_180855/strength_0p8/seed_7/splits/fashion_mnist_split_seed7_clients5_alpha0p3_ref200.json,0.8,16,conv2,0,1,0.9999977946281433,0.9999963641166687,200
cka_feddst,fashion_mnist,0.5,7,results/logs/cka_strength_sweep/fashion_mnist_all_20260517_180855/strength_0p8/seed_7/splits/fashion_mnist_split_seed7_clients5_alpha0p3_ref200.json,0.8,16,conv2,0,2,0.9999921321868896,0.9999963641166687,200
cka_feddst,fashion_mnist,0.5,7,results/logs/cka_strength_sweep/fashion_mnist_all_20260517_180855/strength_0p8/seed_7/splits/fashion_mnist_split_seed7_clients5_alpha0p3_ref200.json,0.8,16,conv2,0,3,0.9999986886978149,0.9999963641166687,200
cka_feddst,fashion_mnist,0.5,7,results/logs/cka_strength_sweep/fashion_mnist_all_20260517_180855/strength_0p8/seed_7/splits/fashion_mnist_split_seed7_clients5_alpha0p3_ref200.json,0.8,16,conv2,0,4,0.9999958276748657,0.9999963641166687,200
cka_feddst,fashion_mnist,0.5,7,results/logs/cka_strength_sweep/fashion_mnist_all_20260517_180855/strength_0p8/seed_7/splits/fashion_mnist_split_seed7_clients5_alpha0p3_ref200.json,0.8,16,conv2,1,0,0.9999977946281433,0.9999963641166687,200
cka_feddst,fashion_mnist,0.5,7,results/logs/cka_strength_sweep/fashion_mnist_all_20260517_180855/strength_0p8/seed_7/splits/fashion_mnist_split_seed7_clients5_alpha0p3_ref200.json,0.8,16,conv2,1,1,1.0,0.9999963641166687,200
cka_feddst,fashion_mnist,0.5,7,results/logs/cka_strength_sweep/fashion_mnist_all_20260517_180855/strength_0p8/seed_7/splits/fashion_mnist_split_seed7_clients5_alpha0p3_ref200.json,0.8,16,conv2,1,2,0.9999973773956299,0.9999963641166687,200
cka_feddst,fashion_mnist,0.5,7,results/logs/cka_strength_sweep/fashion_mnist_all_20260517_180855/strength_0p8/seed_7/splits/fashion_mnist_split_seed7_clients5_alpha0p3_ref200.json,0.8,16,conv2,1,3,0.9999974370002747,0.9999963641166687,200
cka_feddst,fashion_mnist,0.5,7,results/logs/cka_strength_sweep/fashion_mnist_all_20260517_180855/strength_0p8/seed_7/splits/fashion_mnist_split_seed7_clients5_alpha0p3_ref200.json,0.8,16,conv2,1,4,0.9999989867210388,0.9999963641166687,200
cka_feddst,fashion_mnist,0.5,7,results/logs/cka_strength_sweep/fashion_mnist_all_20260517_180855/strength_0p8/seed_7/splits/fashion_mnist_split_seed7_clients5_alpha0p3_ref200.json,0.8,16,conv2,2,0,0.9999921321868896,0.9999963641166687,200
cka_feddst,fashion_mnist,0.5,7,results/logs/cka_strength_sweep/fashion_mnist_all_20260517_180855/strength_0p8/seed_7/splits/fashion_mnist_split_seed7_clients5_alpha0p3_ref200.json,0.8,16,conv2,2,1,0.9999973773956299,0.9999963641166687,200
cka_feddst,fashion_mnist,0.5,7,results/logs/cka_strength_sweep/fashion_mnist_all_20260517_180855/strength_0p8/seed_7/splits/fashion_mnist_split_seed7_clients5_alpha0p3_ref200.json,0.8,16,conv2,2,2,1.0,0.9999963641166687,200
cka_feddst,fashion_mnist,0.5,7,results/logs/cka_strength_sweep/fashion_mnist_all_20260517_180855/strength_0p8/seed_7/splits/fashion_mnist_split_seed7_clients5_alpha0p3_ref200.json,0.8,16,conv2,2,3,0.9999927878379822,0.9999963641166687,200
cka_feddst,fashion_mnist,0.5,7,results/logs/cka_strength_sweep/fashion_mnist_all_20260517_180855/strength_0p8/seed_7/splits/fashion_mnist_split_seed7_clients5_alpha0p3_ref200.json,0.8,16,conv2,2,4,0.9999975562095642,0.9999963641166687,200
cka_feddst,fashion_mnist,0.5,7,results/logs/cka_strength_sweep/fashion_mnist_all_20260517_180855/strength_0p8/seed_7/splits/fashion_mnist_split_seed7_clients5_alpha0p3_ref200.json,0.8,16,conv2,3,0,0.9999986886978149,0.9999963641166687,200
cka_feddst,fashion_mnist,0.5,7,results/logs/cka_strength_sweep/fashion_mnist_all_20260517_180855/strength_0p8/seed_7/splits/fashion_mnist_split_seed7_clients5_alpha0p3_ref200.json,0.8,16,conv2,3,1,0.9999974370002747,0.9999963641166687,200
cka_feddst,fashion_mnist,0.5,7,results/logs/cka_strength_sweep/fashion_mnist_all_20260517_180855/strength_0p8/seed_7/splits/fashion_mnist_split_seed7_clients5_alpha0p3_ref200.json,0.8,16,conv2,3,2,0.9999927878379822,0.9999963641166687,200
cka_feddst,fashion_mnist,0.5,7,results/logs/cka_strength_sweep/fashion_mnist_all_20260517_180855/strength_0p8/seed_7/splits/fashion_mnist_split_seed7_clients5_alpha0p3_ref200.json,0.8,16,conv2,3,3,1.0,0.9999963641166687,200
cka_feddst,fashion_mnist,0.5,7,results/logs/cka_strength_sweep/fashion_mnist_all_20260517_180855/strength_0p8/seed_7/splits/fashion_mnist_split_seed7_clients5_alpha0p3_ref200.json,0.8,16,conv2,3,4,0.9999955296516418,0.9999963641166687,200
cka_feddst,fashion_mnist,0.5,7,results/logs/cka_strength_sweep/fashion_mnist_all_20260517_180855/strength_0p8/seed_7/splits/fashion_mnist_split_seed7_clients5_alpha0p3_ref200.json,0.8,16,conv2,4,0,0.9999958276748657,0.9999963641166687,200
cka_feddst,fashion_mnist,0.5,7,results/logs/cka_strength_sweep/fashion_mnist_all_20260517_180855/strength_0p8/seed_7/splits/fashion_mnist_split_seed7_clients5_alpha0p3_ref200.json,0.8,16,conv2,4,1,0.9999989867210388,0.9999963641166687,200
cka_feddst,fashion_mnist,0.5,7,results/logs/cka_strength_sweep/fashion_mnist_all_20260517_180855/strength_0p8/seed_7/splits/fashion_mnist_split_seed7_clients5_alpha0p3_ref200.json,0.8,16,conv2,4,2,0.9999975562095642,0.9999963641166687,200
cka_feddst,fashion_mnist,0.5,7,results/logs/cka_strength_sweep/fashion_mnist_all_20260517_180855/strength_0p8/seed_7/splits/fashion_mnist_split_seed7_clients5_alpha0p3_ref200.json,0.8,16,conv2,4,3,0.9999955296516418,0.9999963641166687,200
cka_feddst,fashion_mnist,0.5,7,results/logs/cka_strength_sweep/fashion_mnist_all_20260517_180855/strength_0p8/seed_7/splits/fashion_mnist_split_seed7_clients5_alpha0p3_ref200.json,0.8,16,conv2,4,4,1.0,0.9999963641166687,200
cka_feddst,fashion_mnist,0.5,7,results/logs/cka_strength_sweep/fashion_mnist_all_20260517_180855/strength_0p8/seed_7/splits/fashion_mnist_split_seed7_clients5_alpha0p3_ref200.json,0.8,16,fc1,0,0,1.0,0.9895831346511841,200
cka_feddst,fashion_mnist,0.5,7,results/logs/cka_strength_sweep/fashion_mnist_all_20260517_180855/strength_0p8/seed_7/splits/fashion_mnist_split_seed7_clients5_alpha0p3_ref200.json,0.8,16,fc1,0,1,0.9885054230690002,0.9895831346511841,200
cka_feddst,fashion_mnist,0.5,7,results/logs/cka_strength_sweep/fashion_mnist_all_20260517_180855/strength_0p8/seed_7/splits/fashion_mnist_split_seed7_clients5_alpha0p3_ref200.json,0.8,16,fc1,0,2,0.987127959728241,0.9895831346511841,200
cka_feddst,fashion_mnist,0.5,7,results/logs/cka_strength_sweep/fashion_mnist_all_20260517_180855/strength_0p8/seed_7/splits/fashion_mnist_split_seed7_clients5_alpha0p3_ref200.json,0.8,16,fc1,0,3,0.9913333058357239,0.9895831346511841,200
cka_feddst,fashion_mnist,0.5,7,results/logs/cka_strength_sweep/fashion_mnist_all_20260517_180855/strength_0p8/seed_7/splits/fashion_mnist_split_seed7_clients5_alpha0p3_ref200.json,0.8,16,fc1,0,4,0.9837130308151245,0.9895831346511841,200
cka_feddst,fashion_mnist,0.5,7,results/logs/cka_strength_sweep/fashion_mnist_all_20260517_180855/strength_0p8/seed_7/splits/fashion_mnist_split_seed7_clients5_alpha0p3_ref200.json,0.8,16,fc1,1,0,0.9885054230690002,0.9895831346511841,200
cka_feddst,fashion_mnist,0.5,7,results/logs/cka_strength_sweep/fashion_mnist_all_20260517_180855/strength_0p8/seed_7/splits/fashion_mnist_split_seed7_clients5_alpha0p3_ref200.json,0.8,16,fc1,1,1,1.0,0.9895831346511841,200
cka_feddst,fashion_mnist,0.5,7,results/logs/cka_strength_sweep/fashion_mnist_all_20260517_180855/strength_0p8/seed_7/splits/fashion_mnist_split_seed7_clients5_alpha0p3_ref200.json,0.8,16,fc1,1,2,0.9930698871612549,0.9895831346511841,200
cka_feddst,fashion_mnist,0.5,7,results/logs/cka_strength_sweep/fashion_mnist_all_20260517_180855/strength_0p8/seed_7/splits/fashion_mnist_split_seed7_clients5_alpha0p3_ref200.json,0.8,16,fc1,1,3,0.9887488484382629,0.9895831346511841,200
cka_feddst,fashion_mnist,0.5,7,results/logs/cka_strength_sweep/fashion_mnist_all_20260517_180855/strength_0p8/seed_7/splits/fashion_mnist_split_seed7_clients5_alpha0p3_ref200.json,0.8,16,fc1,1,4,0.9882321357727051,0.9895831346511841,200
cka_feddst,fashion_mnist,0.5,7,results/logs/cka_strength_sweep/fashion_mnist_all_20260517_180855/strength_0p8/seed_7/splits/fashion_mnist_split_seed7_clients5_alpha0p3_ref200.json,0.8,16,fc1,2,0,0.987127959728241,0.9895831346511841,200
cka_feddst,fashion_mnist,0.5,7,results/logs/cka_strength_sweep/fashion_mnist_all_20260517_180855/strength_0p8/seed_7/splits/fashion_mnist_split_seed7_clients5_alpha0p3_ref200.json,0.8,16,fc1,2,1,0.9930698871612549,0.9895831346511841,200
cka_feddst,fashion_mnist,0.5,7,results/logs/cka_strength_sweep/fashion_mnist_all_20260517_180855/strength_0p8/seed_7/splits/fashion_mnist_split_seed7_clients5_alpha0p3_ref200.json,0.8,16,fc1,2,2,1.0,0.9895831346511841,200
cka_feddst,fashion_mnist,0.5,7,results/logs/cka_strength_sweep/fashion_mnist_all_20260517_180855/strength_0p8/seed_7/splits/fashion_mnist_split_seed7_clients5_alpha0p3_ref200.json,0.8,16,fc1,2,3,0.9922699332237244,0.9895831346511841,200
cka_feddst,fashion_mnist,0.5,7,results/logs/cka_strength_sweep/fashion_mnist_all_20260517_180855/strength_0p8/seed_7/splits/fashion_mnist_split_seed7_clients5_alpha0p3_ref200.json,0.8,16,fc1,2,4,0.9929632544517517,0.9895831346511841,200
cka_feddst,fashion_mnist,0.5,7,results/logs/cka_strength_sweep/fashion_mnist_all_20260517_180855/strength_0p8/seed_7/splits/fashion_mnist_split_seed7_clients5_alpha0p3_ref200.json,0.8,16,fc1,3,0,0.9913333058357239,0.9895831346511841,200
cka_feddst,fashion_mnist,0.5,7,results/logs/cka_strength_sweep/fashion_mnist_all_20260517_180855/strength_0p8/seed_7/splits/fashion_mnist_split_seed7_clients5_alpha0p3_ref200.json,0.8,16,fc1,3,1,0.9887488484382629,0.9895831346511841,200
cka_feddst,fashion_mnist,0.5,7,results/logs/cka_strength_sweep/fashion_mnist_all_20260517_180855/strength_0p8/seed_7/splits/fashion_mnist_split_seed7_clients5_alpha0p3_ref200.json,0.8,16,fc1,3,2,0.9922699332237244,0.9895831346511841,200
cka_feddst,fashion_mnist,0.5,7,results/logs/cka_strength_sweep/fashion_mnist_all_20260517_180855/strength_0p8/seed_7/splits/fashion_mnist_split_seed7_clients5_alpha0p3_ref200.json,0.8,16,fc1,3,3,1.0,0.9895831346511841,200
cka_feddst,fashion_mnist,0.5,7,results/logs/cka_strength_sweep/fashion_mnist_all_20260517_180855/strength_0p8/seed_7/splits/fashion_mnist_split_seed7_clients5_alpha0p3_ref200.json,0.8,16,fc1,3,4,0.9898675680160522,0.9895831346511841,200
cka_feddst,fashion_mnist,0.5,7,results/logs/cka_strength_sweep/fashion_mnist_all_20260517_180855/strength_0p8/seed_7/splits/fashion_mnist_split_seed7_clients5_alpha0p3_ref200.json,0.8,16,fc1,4,0,0.9837130308151245,0.9895831346511841,200
cka_feddst,fashion_mnist,0.5,7,results/logs/cka_strength_sweep/fashion_mnist_all_20260517_180855/strength_0p8/seed_7/splits/fashion_mnist_split_seed7_clients5_alpha0p3_ref200.json,0.8,16,fc1,4,1,0.9882321357727051,0.9895831346511841,200
cka_feddst,fashion_mnist,0.5,7,results/logs/cka_strength_sweep/fashion_mnist_all_20260517_180855/strength_0p8/seed_7/splits/fashion_mnist_split_seed7_clients5_alpha0p3_ref200.json,0.8,16,fc1,4,2,0.9929632544517517,0.9895831346511841,200
cka_feddst,fashion_mnist,0.5,7,results/logs/cka_strength_sweep/fashion_mnist_all_20260517_180855/strength_0p8/seed_7/splits/fashion_mnist_split_seed7_clients5_alpha0p3_ref200.json,0.8,16,fc1,4,3,0.9898675680160522,0.9895831346511841,200
cka_feddst,fashion_mnist,0.5,7,results/logs/cka_strength_sweep/fashion_mnist_all_20260517_180855/strength_0p8/seed_7/splits/fashion_mnist_split_seed7_clients5_alpha0p3_ref200.json,0.8,16,fc1,4,4,1.0,0.9895831346511841,200
cka_feddst,fashion_mnist,0.5,7,results/logs/cka_strength_sweep/fashion_mnist_all_20260517_180855/strength_0p8/seed_7/splits/fashion_mnist_split_seed7_clients5_alpha0p3_ref200.json,0.8,18,conv1,0,0,1.0,0.9999994039535522,200
cka_feddst,fashion_mnist,0.5,7,results/logs/cka_strength_sweep/fashion_mnist_all_20260517_180855/strength_0p8/seed_7/splits/fashion_mnist_split_seed7_clients5_alpha0p3_ref200.json,0.8,18,conv1,0,1,0.9999986886978149,0.9999994039535522,200
cka_feddst,fashion_mnist,0.5,7,results/logs/cka_strength_sweep/fashion_mnist_all_20260517_180855/strength_0p8/seed_7/splits/fashion_mnist_split_seed7_clients5_alpha0p3_ref200.json,0.8,18,conv1,0,2,0.9999986886978149,0.9999994039535522,200
cka_feddst,fashion_mnist,0.5,7,results/logs/cka_strength_sweep/fashion_mnist_all_20260517_180855/strength_0p8/seed_7/splits/fashion_mnist_split_seed7_clients5_alpha0p3_ref200.json,0.8,18,conv1,0,3,0.9999991655349731,0.9999994039535522,200
cka_feddst,fashion_mnist,0.5,7,results/logs/cka_strength_sweep/fashion_mnist_all_20260517_180855/strength_0p8/seed_7/splits/fashion_mnist_split_seed7_clients5_alpha0p3_ref200.json,0.8,18,conv1,0,4,0.9999983906745911,0.9999994039535522,200
cka_feddst,fashion_mnist,0.5,7,results/logs/cka_strength_sweep/fashion_mnist_all_20260517_180855/strength_0p8/seed_7/splits/fashion_mnist_split_seed7_clients5_alpha0p3_ref200.json,0.8,18,conv1,1,0,0.9999986886978149,0.9999994039535522,200
cka_feddst,fashion_mnist,0.5,7,results/logs/cka_strength_sweep/fashion_mnist_all_20260517_180855/strength_0p8/seed_7/splits/fashion_mnist_split_seed7_clients5_alpha0p3_ref200.json,0.8,18,conv1,1,1,1.0,0.9999994039535522,200
cka_feddst,fashion_mnist,0.5,7,results/logs/cka_strength_sweep/fashion_mnist_all_20260517_180855/strength_0p8/seed_7/splits/fashion_mnist_split_seed7_clients5_alpha0p3_ref200.json,0.8,18,conv1,1,2,1.0,0.9999994039535522,200
cka_feddst,fashion_mnist,0.5,7,results/logs/cka_strength_sweep/fashion_mnist_all_20260517_180855/strength_0p8/seed_7/splits/fashion_mnist_split_seed7_clients5_alpha0p3_ref200.json,0.8,18,conv1,1,3,1.0,0.9999994039535522,200
cka_feddst,fashion_mnist,0.5,7,results/logs/cka_strength_sweep/fashion_mnist_all_20260517_180855/strength_0p8/seed_7/splits/fashion_mnist_split_seed7_clients5_alpha0p3_ref200.json,0.8,18,conv1,1,4,1.0,0.9999994039535522,200
cka_feddst,fashion_mnist,0.5,7,results/logs/cka_strength_sweep/fashion_mnist_all_20260517_180855/strength_0p8/seed_7/splits/fashion_mnist_split_seed7_clients5_alpha0p3_ref200.json,0.8,18,conv1,2,0,0.9999986886978149,0.9999994039535522,200
cka_feddst,fashion_mnist,0.5,7,results/logs/cka_strength_sweep/fashion_mnist_all_20260517_180855/strength_0p8/seed_7/splits/fashion_mnist_split_seed7_clients5_alpha0p3_ref200.json,0.8,18,conv1,2,1,1.0,0.9999994039535522,200
cka_feddst,fashion_mnist,0.5,7,results/logs/cka_strength_sweep/fashion_mnist_all_20260517_180855/strength_0p8/seed_7/splits/fashion_mnist_split_seed7_clients5_alpha0p3_ref200.json,0.8,18,conv1,2,2,1.0,0.9999994039535522,200
cka_feddst,fashion_mnist,0.5,7,results/logs/cka_strength_sweep/fashion_mnist_all_20260517_180855/strength_0p8/seed_7/splits/fashion_mnist_split_seed7_clients5_alpha0p3_ref200.json,0.8,18,conv1,2,3,1.0,0.9999994039535522,200
cka_feddst,fashion_mnist,0.5,7,results/logs/cka_strength_sweep/fashion_mnist_all_20260517_180855/strength_0p8/seed_7/splits/fashion_mnist_split_seed7_clients5_alpha0p3_ref200.json,0.8,18,conv1,2,4,1.0,0.9999994039535522,200
cka_feddst,fashion_mnist,0.5,7,results/logs/cka_strength_sweep/fashion_mnist_all_20260517_180855/strength_0p8/seed_7/splits/fashion_mnist_split_seed7_clients5_alpha0p3_ref200.json,0.8,18,conv1,3,0,0.9999991655349731,0.9999994039535522,200
cka_feddst,fashion_mnist,0.5,7,results/logs/cka_strength_sweep/fashion_mnist_all_20260517_180855/strength_0p8/seed_7/splits/fashion_mnist_split_seed7_clients5_alpha0p3_ref200.json,0.8,18,conv1,3,1,1.0,0.9999994039535522,200
cka_feddst,fashion_mnist,0.5,7,results/logs/cka_strength_sweep/fashion_mnist_all_20260517_180855/strength_0p8/seed_7/splits/fashion_mnist_split_seed7_clients5_alpha0p3_ref200.json,0.8,18,conv1,3,2,1.0,0.9999994039535522,200
cka_feddst,fashion_mnist,0.5,7,results/logs/cka_strength_sweep/fashion_mnist_all_20260517_180855/strength_0p8/seed_7/splits/fashion_mnist_split_seed7_clients5_alpha0p3_ref200.json,0.8,18,conv1,3,3,1.0,0.9999994039535522,200
cka_feddst,fashion_mnist,0.5,7,results/logs/cka_strength_sweep/fashion_mnist_all_20260517_180855/strength_0p8/seed_7/splits/fashion_mnist_split_seed7_clients5_alpha0p3_ref200.json,0.8,18,conv1,3,4,1.0,0.9999994039535522,200
cka_feddst,fashion_mnist,0.5,7,results/logs/cka_strength_sweep/fashion_mnist_all_20260517_180855/strength_0p8/seed_7/splits/fashion_mnist_split_seed7_clients5_alpha0p3_ref200.json,0.8,18,conv1,4,0,0.9999983906745911,0.9999994039535522,200
cka_feddst,fashion_mnist,0.5,7,results/logs/cka_strength_sweep/fashion_mnist_all_20260517_180855/strength_0p8/seed_7/splits/fashion_mnist_split_seed7_clients5_alpha0p3_ref200.json,0.8,18,conv1,4,1,1.0,0.9999994039535522,200
cka_feddst,fashion_mnist,0.5,7,results/logs/cka_strength_sweep/fashion_mnist_all_20260517_180855/strength_0p8/seed_7/splits/fashion_mnist_split_seed7_clients5_alpha0p3_ref200.json,0.8,18,conv1,4,2,1.0,0.9999994039535522,200
cka_feddst,fashion_mnist,0.5,7,results/logs/cka_strength_sweep/fashion_mnist_all_20260517_180855/strength_0p8/seed_7/splits/fashion_mnist_split_seed7_clients5_alpha0p3_ref200.json,0.8,18,conv1,4,3,1.0,0.9999994039535522,200
cka_feddst,fashion_mnist,0.5,7,results/logs/cka_strength_sweep/fashion_mnist_all_20260517_180855/strength_0p8/seed_7/splits/fashion_mnist_split_seed7_clients5_alpha0p3_ref200.json,0.8,18,conv1,4,4,1.0,0.9999994039535522,200
cka_feddst,fashion_mnist,0.5,7,results/logs/cka_strength_sweep/fashion_mnist_all_20260517_180855/strength_0p8/seed_7/splits/fashion_mnist_split_seed7_clients5_alpha0p3_ref200.json,0.8,18,conv2,0,0,1.0,0.9999990463256836,200
cka_feddst,fashion_mnist,0.5,7,results/logs/cka_strength_sweep/fashion_mnist_all_20260517_180855/strength_0p8/seed_7/splits/fashion_mnist_split_seed7_clients5_alpha0p3_ref200.json,0.8,18,conv2,0,1,0.9999988079071045,0.9999990463256836,200
cka_feddst,fashion_mnist,0.5,7,results/logs/cka_strength_sweep/fashion_mnist_all_20260517_180855/strength_0p8/seed_7/splits/fashion_mnist_split_seed7_clients5_alpha0p3_ref200.json,0.8,18,conv2,0,2,0.9999964833259583,0.9999990463256836,200
cka_feddst,fashion_mnist,0.5,7,results/logs/cka_strength_sweep/fashion_mnist_all_20260517_180855/strength_0p8/seed_7/splits/fashion_mnist_split_seed7_clients5_alpha0p3_ref200.json,0.8,18,conv2,0,3,0.9999989867210388,0.9999990463256836,200
cka_feddst,fashion_mnist,0.5,7,results/logs/cka_strength_sweep/fashion_mnist_all_20260517_180855/strength_0p8/seed_7/splits/fashion_mnist_split_seed7_clients5_alpha0p3_ref200.json,0.8,18,conv2,0,4,0.9999980926513672,0.9999990463256836,200
cka_feddst,fashion_mnist,0.5,7,results/logs/cka_strength_sweep/fashion_mnist_all_20260517_180855/strength_0p8/seed_7/splits/fashion_mnist_split_seed7_clients5_alpha0p3_ref200.json,0.8,18,conv2,1,0,0.9999988079071045,0.9999990463256836,200
cka_feddst,fashion_mnist,0.5,7,results/logs/cka_strength_sweep/fashion_mnist_all_20260517_180855/strength_0p8/seed_7/splits/fashion_mnist_split_seed7_clients5_alpha0p3_ref200.json,0.8,18,conv2,1,1,1.0,0.9999990463256836,200
cka_feddst,fashion_mnist,0.5,7,results/logs/cka_strength_sweep/fashion_mnist_all_20260517_180855/strength_0p8/seed_7/splits/fashion_mnist_split_seed7_clients5_alpha0p3_ref200.json,0.8,18,conv2,1,2,0.9999997019767761,0.9999990463256836,200
cka_feddst,fashion_mnist,0.5,7,results/logs/cka_strength_sweep/fashion_mnist_all_20260517_180855/strength_0p8/seed_7/splits/fashion_mnist_split_seed7_clients5_alpha0p3_ref200.json,0.8,18,conv2,1,3,1.0,0.9999990463256836,200
cka_feddst,fashion_mnist,0.5,7,results/logs/cka_strength_sweep/fashion_mnist_all_20260517_180855/strength_0p8/seed_7/splits/fashion_mnist_split_seed7_clients5_alpha0p3_ref200.json,0.8,18,conv2,1,4,1.0,0.9999990463256836,200
cka_feddst,fashion_mnist,0.5,7,results/logs/cka_strength_sweep/fashion_mnist_all_20260517_180855/strength_0p8/seed_7/splits/fashion_mnist_split_seed7_clients5_alpha0p3_ref200.json,0.8,18,conv2,2,0,0.9999964833259583,0.9999990463256836,200
cka_feddst,fashion_mnist,0.5,7,results/logs/cka_strength_sweep/fashion_mnist_all_20260517_180855/strength_0p8/seed_7/splits/fashion_mnist_split_seed7_clients5_alpha0p3_ref200.json,0.8,18,conv2,2,1,0.9999997019767761,0.9999990463256836,200
cka_feddst,fashion_mnist,0.5,7,results/logs/cka_strength_sweep/fashion_mnist_all_20260517_180855/strength_0p8/seed_7/splits/fashion_mnist_split_seed7_clients5_alpha0p3_ref200.json,0.8,18,conv2,2,2,1.0,0.9999990463256836,200
cka_feddst,fashion_mnist,0.5,7,results/logs/cka_strength_sweep/fashion_mnist_all_20260517_180855/strength_0p8/seed_7/splits/fashion_mnist_split_seed7_clients5_alpha0p3_ref200.json,0.8,18,conv2,2,3,0.9999985694885254,0.9999990463256836,200
cka_feddst,fashion_mnist,0.5,7,results/logs/cka_strength_sweep/fashion_mnist_all_20260517_180855/strength_0p8/seed_7/splits/fashion_mnist_split_seed7_clients5_alpha0p3_ref200.json,0.8,18,conv2,2,4,0.9999998211860657,0.9999990463256836,200
cka_feddst,fashion_mnist,0.5,7,results/logs/cka_strength_sweep/fashion_mnist_all_20260517_180855/strength_0p8/seed_7/splits/fashion_mnist_split_seed7_clients5_alpha0p3_ref200.json,0.8,18,conv2,3,0,0.9999989867210388,0.9999990463256836,200
cka_feddst,fashion_mnist,0.5,7,results/logs/cka_strength_sweep/fashion_mnist_all_20260517_180855/strength_0p8/seed_7/splits/fashion_mnist_split_seed7_clients5_alpha0p3_ref200.json,0.8,18,conv2,3,1,1.0,0.9999990463256836,200
cka_feddst,fashion_mnist,0.5,7,results/logs/cka_strength_sweep/fashion_mnist_all_20260517_180855/strength_0p8/seed_7/splits/fashion_mnist_split_seed7_clients5_alpha0p3_ref200.json,0.8,18,conv2,3,2,0.9999985694885254,0.9999990463256836,200
cka_feddst,fashion_mnist,0.5,7,results/logs/cka_strength_sweep/fashion_mnist_all_20260517_180855/strength_0p8/seed_7/splits/fashion_mnist_split_seed7_clients5_alpha0p3_ref200.json,0.8,18,conv2,3,3,1.0,0.9999990463256836,200
cka_feddst,fashion_mnist,0.5,7,results/logs/cka_strength_sweep/fashion_mnist_all_20260517_180855/strength_0p8/seed_7/splits/fashion_mnist_split_seed7_clients5_alpha0p3_ref200.json,0.8,18,conv2,3,4,0.9999997019767761,0.9999990463256836,200
cka_feddst,fashion_mnist,0.5,7,results/logs/cka_strength_sweep/fashion_mnist_all_20260517_180855/strength_0p8/seed_7/splits/fashion_mnist_split_seed7_clients5_alpha0p3_ref200.json,0.8,18,conv2,4,0,0.9999980926513672,0.9999990463256836,200
cka_feddst,fashion_mnist,0.5,7,results/logs/cka_strength_sweep/fashion_mnist_all_20260517_180855/strength_0p8/seed_7/splits/fashion_mnist_split_seed7_clients5_alpha0p3_ref200.json,0.8,18,conv2,4,1,1.0,0.9999990463256836,200
cka_feddst,fashion_mnist,0.5,7,results/logs/cka_strength_sweep/fashion_mnist_all_20260517_180855/strength_0p8/seed_7/splits/fashion_mnist_split_seed7_clients5_alpha0p3_ref200.json,0.8,18,conv2,4,2,0.9999998211860657,0.9999990463256836,200
cka_feddst,fashion_mnist,0.5,7,results/logs/cka_strength_sweep/fashion_mnist_all_20260517_180855/strength_0p8/seed_7/splits/fashion_mnist_split_seed7_clients5_alpha0p3_ref200.json,0.8,18,conv2,4,3,0.9999997019767761,0.9999990463256836,200
cka_feddst,fashion_mnist,0.5,7,results/logs/cka_strength_sweep/fashion_mnist_all_20260517_180855/strength_0p8/seed_7/splits/fashion_mnist_split_seed7_clients5_alpha0p3_ref200.json,0.8,18,conv2,4,4,1.0,0.9999990463256836,200
cka_feddst,fashion_mnist,0.5,7,results/logs/cka_strength_sweep/fashion_mnist_all_20260517_180855/strength_0p8/seed_7/splits/fashion_mnist_split_seed7_clients5_alpha0p3_ref200.json,0.8,18,fc1,0,0,1.0,0.9923793077468872,200
cka_feddst,fashion_mnist,0.5,7,results/logs/cka_strength_sweep/fashion_mnist_all_20260517_180855/strength_0p8/seed_7/splits/fashion_mnist_split_seed7_clients5_alpha0p3_ref200.json,0.8,18,fc1,0,1,0.9962615966796875,0.9923793077468872,200
cka_feddst,fashion_mnist,0.5,7,results/logs/cka_strength_sweep/fashion_mnist_all_20260517_180855/strength_0p8/seed_7/splits/fashion_mnist_split_seed7_clients5_alpha0p3_ref200.json,0.8,18,fc1,0,2,0.9905311465263367,0.9923793077468872,200
cka_feddst,fashion_mnist,0.5,7,results/logs/cka_strength_sweep/fashion_mnist_all_20260517_180855/strength_0p8/seed_7/splits/fashion_mnist_split_seed7_clients5_alpha0p3_ref200.json,0.8,18,fc1,0,3,0.9914243817329407,0.9923793077468872,200
cka_feddst,fashion_mnist,0.5,7,results/logs/cka_strength_sweep/fashion_mnist_all_20260517_180855/strength_0p8/seed_7/splits/fashion_mnist_split_seed7_clients5_alpha0p3_ref200.json,0.8,18,fc1,0,4,0.98972487449646,0.9923793077468872,200
cka_feddst,fashion_mnist,0.5,7,results/logs/cka_strength_sweep/fashion_mnist_all_20260517_180855/strength_0p8/seed_7/splits/fashion_mnist_split_seed7_clients5_alpha0p3_ref200.json,0.8,18,fc1,1,0,0.9962615966796875,0.9923793077468872,200
cka_feddst,fashion_mnist,0.5,7,results/logs/cka_strength_sweep/fashion_mnist_all_20260517_180855/strength_0p8/seed_7/splits/fashion_mnist_split_seed7_clients5_alpha0p3_ref200.json,0.8,18,fc1,1,1,1.0,0.9923793077468872,200
cka_feddst,fashion_mnist,0.5,7,results/logs/cka_strength_sweep/fashion_mnist_all_20260517_180855/strength_0p8/seed_7/splits/fashion_mnist_split_seed7_clients5_alpha0p3_ref200.json,0.8,18,fc1,1,2,0.9952644109725952,0.9923793077468872,200
cka_feddst,fashion_mnist,0.5,7,results/logs/cka_strength_sweep/fashion_mnist_all_20260517_180855/strength_0p8/seed_7/splits/fashion_mnist_split_seed7_clients5_alpha0p3_ref200.json,0.8,18,fc1,1,3,0.9931817650794983,0.9923793077468872,200
cka_feddst,fashion_mnist,0.5,7,results/logs/cka_strength_sweep/fashion_mnist_all_20260517_180855/strength_0p8/seed_7/splits/fashion_mnist_split_seed7_clients5_alpha0p3_ref200.json,0.8,18,fc1,1,4,0.9918410181999207,0.9923793077468872,200
cka_feddst,fashion_mnist,0.5,7,results/logs/cka_strength_sweep/fashion_mnist_all_20260517_180855/strength_0p8/seed_7/splits/fashion_mnist_split_seed7_clients5_alpha0p3_ref200.json,0.8,18,fc1,2,0,0.9905311465263367,0.9923793077468872,200
cka_feddst,fashion_mnist,0.5,7,results/logs/cka_strength_sweep/fashion_mnist_all_20260517_180855/strength_0p8/seed_7/splits/fashion_mnist_split_seed7_clients5_alpha0p3_ref200.json,0.8,18,fc1,2,1,0.9952644109725952,0.9923793077468872,200
cka_feddst,fashion_mnist,0.5,7,results/logs/cka_strength_sweep/fashion_mnist_all_20260517_180855/strength_0p8/seed_7/splits/fashion_mnist_split_seed7_clients5_alpha0p3_ref200.json,0.8,18,fc1,2,2,1.0,0.9923793077468872,200
cka_feddst,fashion_mnist,0.5,7,results/logs/cka_strength_sweep/fashion_mnist_all_20260517_180855/strength_0p8/seed_7/splits/fashion_mnist_split_seed7_clients5_alpha0p3_ref200.json,0.8,18,fc1,2,3,0.9945736527442932,0.9923793077468872,200
cka_feddst,fashion_mnist,0.5,7,results/logs/cka_strength_sweep/fashion_mnist_all_20260517_180855/strength_0p8/seed_7/splits/fashion_mnist_split_seed7_clients5_alpha0p3_ref200.json,0.8,18,fc1,2,4,0.9892164468765259,0.9923793077468872,200
cka_feddst,fashion_mnist,0.5,7,results/logs/cka_strength_sweep/fashion_mnist_all_20260517_180855/strength_0p8/seed_7/splits/fashion_mnist_split_seed7_clients5_alpha0p3_ref200.json,0.8,18,fc1,3,0,0.9914243817329407,0.9923793077468872,200
cka_feddst,fashion_mnist,0.5,7,results/logs/cka_strength_sweep/fashion_mnist_all_20260517_180855/strength_0p8/seed_7/splits/fashion_mnist_split_seed7_clients5_alpha0p3_ref200.json,0.8,18,fc1,3,1,0.9931817650794983,0.9923793077468872,200
cka_feddst,fashion_mnist,0.5,7,results/logs/cka_strength_sweep/fashion_mnist_all_20260517_180855/strength_0p8/seed_7/splits/fashion_mnist_split_seed7_clients5_alpha0p3_ref200.json,0.8,18,fc1,3,2,0.9945736527442932,0.9923793077468872,200
cka_feddst,fashion_mnist,0.5,7,results/logs/cka_strength_sweep/fashion_mnist_all_20260517_180855/strength_0p8/seed_7/splits/fashion_mnist_split_seed7_clients5_alpha0p3_ref200.json,0.8,18,fc1,3,3,1.0,0.9923793077468872,200
cka_feddst,fashion_mnist,0.5,7,results/logs/cka_strength_sweep/fashion_mnist_all_20260517_180855/strength_0p8/seed_7/splits/fashion_mnist_split_seed7_clients5_alpha0p3_ref200.json,0.8,18,fc1,3,4,0.9917729496955872,0.9923793077468872,200
cka_feddst,fashion_mnist,0.5,7,results/logs/cka_strength_sweep/fashion_mnist_all_20260517_180855/strength_0p8/seed_7/splits/fashion_mnist_split_seed7_clients5_alpha0p3_ref200.json,0.8,18,fc1,4,0,0.98972487449646,0.9923793077468872,200
cka_feddst,fashion_mnist,0.5,7,results/logs/cka_strength_sweep/fashion_mnist_all_20260517_180855/strength_0p8/seed_7/splits/fashion_mnist_split_seed7_clients5_alpha0p3_ref200.json,0.8,18,fc1,4,1,0.9918410181999207,0.9923793077468872,200
cka_feddst,fashion_mnist,0.5,7,results/logs/cka_strength_sweep/fashion_mnist_all_20260517_180855/strength_0p8/seed_7/splits/fashion_mnist_split_seed7_clients5_alpha0p3_ref200.json,0.8,18,fc1,4,2,0.9892164468765259,0.9923793077468872,200
cka_feddst,fashion_mnist,0.5,7,results/logs/cka_strength_sweep/fashion_mnist_all_20260517_180855/strength_0p8/seed_7/splits/fashion_mnist_split_seed7_clients5_alpha0p3_ref200.json,0.8,18,fc1,4,3,0.9917729496955872,0.9923793077468872,200
cka_feddst,fashion_mnist,0.5,7,results/logs/cka_strength_sweep/fashion_mnist_all_20260517_180855/strength_0p8/seed_7/splits/fashion_mnist_split_seed7_clients5_alpha0p3_ref200.json,0.8,18,fc1,4,4,1.0,0.9923793077468872,200
cka_feddst,fashion_mnist,0.5,7,results/logs/cka_strength_sweep/fashion_mnist_all_20260517_180855/strength_0p8/seed_7/splits/fashion_mnist_split_seed7_clients5_alpha0p3_ref200.json,0.8,20,conv1,0,0,1.0,0.9999991655349731,200
cka_feddst,fashion_mnist,0.5,7,results/logs/cka_strength_sweep/fashion_mnist_all_20260517_180855/strength_0p8/seed_7/splits/fashion_mnist_split_seed7_clients5_alpha0p3_ref200.json,0.8,20,conv1,0,1,0.9999984502792358,0.9999991655349731,200
cka_feddst,fashion_mnist,0.5,7,results/logs/cka_strength_sweep/fashion_mnist_all_20260517_180855/strength_0p8/seed_7/splits/fashion_mnist_split_seed7_clients5_alpha0p3_ref200.json,0.8,20,conv1,0,2,0.9999982118606567,0.9999991655349731,200
cka_feddst,fashion_mnist,0.5,7,results/logs/cka_strength_sweep/fashion_mnist_all_20260517_180855/strength_0p8/seed_7/splits/fashion_mnist_split_seed7_clients5_alpha0p3_ref200.json,0.8,20,conv1,0,3,1.0,0.9999991655349731,200
cka_feddst,fashion_mnist,0.5,7,results/logs/cka_strength_sweep/fashion_mnist_all_20260517_180855/strength_0p8/seed_7/splits/fashion_mnist_split_seed7_clients5_alpha0p3_ref200.json,0.8,20,conv1,0,4,0.9999986290931702,0.9999991655349731,200
cka_feddst,fashion_mnist,0.5,7,results/logs/cka_strength_sweep/fashion_mnist_all_20260517_180855/strength_0p8/seed_7/splits/fashion_mnist_split_seed7_clients5_alpha0p3_ref200.json,0.8,20,conv1,1,0,0.9999984502792358,0.9999991655349731,200
cka_feddst,fashion_mnist,0.5,7,results/logs/cka_strength_sweep/fashion_mnist_all_20260517_180855/strength_0p8/seed_7/splits/fashion_mnist_split_seed7_clients5_alpha0p3_ref200.json,0.8,20,conv1,1,1,1.0,0.9999991655349731,200
cka_feddst,fashion_mnist,0.5,7,results/logs/cka_strength_sweep/fashion_mnist_all_20260517_180855/strength_0p8/seed_7/splits/fashion_mnist_split_seed7_clients5_alpha0p3_ref200.json,0.8,20,conv1,1,2,0.9999997019767761,0.9999991655349731,200
cka_feddst,fashion_mnist,0.5,7,results/logs/cka_strength_sweep/fashion_mnist_all_20260517_180855/strength_0p8/seed_7/splits/fashion_mnist_split_seed7_clients5_alpha0p3_ref200.json,0.8,20,conv1,1,3,0.9999988675117493,0.9999991655349731,200
cka_feddst,fashion_mnist,0.5,7,results/logs/cka_strength_sweep/fashion_mnist_all_20260517_180855/strength_0p8/seed_7/splits/fashion_mnist_split_seed7_clients5_alpha0p3_ref200.json,0.8,20,conv1,1,4,0.9999998807907104,0.9999991655349731,200
cka_feddst,fashion_mnist,0.5,7,results/logs/cka_strength_sweep/fashion_mnist_all_20260517_180855/strength_0p8/seed_7/splits/fashion_mnist_split_seed7_clients5_alpha0p3_ref200.json,0.8,20,conv1,2,0,0.9999982118606567,0.9999991655349731,200
cka_feddst,fashion_mnist,0.5,7,results/logs/cka_strength_sweep/fashion_mnist_all_20260517_180855/strength_0p8/seed_7/splits/fashion_mnist_split_seed7_clients5_alpha0p3_ref200.json,0.8,20,conv1,2,1,0.9999997019767761,0.9999991655349731,200
cka_feddst,fashion_mnist,0.5,7,results/logs/cka_strength_sweep/fashion_mnist_all_20260517_180855/strength_0p8/seed_7/splits/fashion_mnist_split_seed7_clients5_alpha0p3_ref200.json,0.8,20,conv1,2,2,1.0,0.9999991655349731,200
cka_feddst,fashion_mnist,0.5,7,results/logs/cka_strength_sweep/fashion_mnist_all_20260517_180855/strength_0p8/seed_7/splits/fashion_mnist_split_seed7_clients5_alpha0p3_ref200.json,0.8,20,conv1,2,3,0.9999986886978149,0.9999991655349731,200
cka_feddst,fashion_mnist,0.5,7,results/logs/cka_strength_sweep/fashion_mnist_all_20260517_180855/strength_0p8/seed_7/splits/fashion_mnist_split_seed7_clients5_alpha0p3_ref200.json,0.8,20,conv1,2,4,0.9999998807907104,0.9999991655349731,200
cka_feddst,fashion_mnist,0.5,7,results/logs/cka_strength_sweep/fashion_mnist_all_20260517_180855/strength_0p8/seed_7/splits/fashion_mnist_split_seed7_clients5_alpha0p3_ref200.json,0.8,20,conv1,3,0,1.0,0.9999991655349731,200
cka_feddst,fashion_mnist,0.5,7,results/logs/cka_strength_sweep/fashion_mnist_all_20260517_180855/strength_0p8/seed_7/splits/fashion_mnist_split_seed7_clients5_alpha0p3_ref200.json,0.8,20,conv1,3,1,0.9999988675117493,0.9999991655349731,200
cka_feddst,fashion_mnist,0.5,7,results/logs/cka_strength_sweep/fashion_mnist_all_20260517_180855/strength_0p8/seed_7/splits/fashion_mnist_split_seed7_clients5_alpha0p3_ref200.json,0.8,20,conv1,3,2,0.9999986886978149,0.9999991655349731,200
cka_feddst,fashion_mnist,0.5,7,results/logs/cka_strength_sweep/fashion_mnist_all_20260517_180855/strength_0p8/seed_7/splits/fashion_mnist_split_seed7_clients5_alpha0p3_ref200.json,0.8,20,conv1,3,3,1.0,0.9999991655349731,200
cka_feddst,fashion_mnist,0.5,7,results/logs/cka_strength_sweep/fashion_mnist_all_20260517_180855/strength_0p8/seed_7/splits/fashion_mnist_split_seed7_clients5_alpha0p3_ref200.json,0.8,20,conv1,3,4,0.9999989867210388,0.9999991655349731,200
cka_feddst,fashion_mnist,0.5,7,results/logs/cka_strength_sweep/fashion_mnist_all_20260517_180855/strength_0p8/seed_7/splits/fashion_mnist_split_seed7_clients5_alpha0p3_ref200.json,0.8,20,conv1,4,0,0.9999986290931702,0.9999991655349731,200
cka_feddst,fashion_mnist,0.5,7,results/logs/cka_strength_sweep/fashion_mnist_all_20260517_180855/strength_0p8/seed_7/splits/fashion_mnist_split_seed7_clients5_alpha0p3_ref200.json,0.8,20,conv1,4,1,0.9999998807907104,0.9999991655349731,200
cka_feddst,fashion_mnist,0.5,7,results/logs/cka_strength_sweep/fashion_mnist_all_20260517_180855/strength_0p8/seed_7/splits/fashion_mnist_split_seed7_clients5_alpha0p3_ref200.json,0.8,20,conv1,4,2,0.9999998807907104,0.9999991655349731,200
cka_feddst,fashion_mnist,0.5,7,results/logs/cka_strength_sweep/fashion_mnist_all_20260517_180855/strength_0p8/seed_7/splits/fashion_mnist_split_seed7_clients5_alpha0p3_ref200.json,0.8,20,conv1,4,3,0.9999989867210388,0.9999991655349731,200
cka_feddst,fashion_mnist,0.5,7,results/logs/cka_strength_sweep/fashion_mnist_all_20260517_180855/strength_0p8/seed_7/splits/fashion_mnist_split_seed7_clients5_alpha0p3_ref200.json,0.8,20,conv1,4,4,1.0,0.9999991655349731,200
cka_feddst,fashion_mnist,0.5,7,results/logs/cka_strength_sweep/fashion_mnist_all_20260517_180855/strength_0p8/seed_7/splits/fashion_mnist_split_seed7_clients5_alpha0p3_ref200.json,0.8,20,conv2,0,0,1.0,0.9999963641166687,200
cka_feddst,fashion_mnist,0.5,7,results/logs/cka_strength_sweep/fashion_mnist_all_20260517_180855/strength_0p8/seed_7/splits/fashion_mnist_split_seed7_clients5_alpha0p3_ref200.json,0.8,20,conv2,0,1,0.9999966621398926,0.9999963641166687,200
cka_feddst,fashion_mnist,0.5,7,results/logs/cka_strength_sweep/fashion_mnist_all_20260517_180855/strength_0p8/seed_7/splits/fashion_mnist_split_seed7_clients5_alpha0p3_ref200.json,0.8,20,conv2,0,2,0.9999909996986389,0.9999963641166687,200
cka_feddst,fashion_mnist,0.5,7,results/logs/cka_strength_sweep/fashion_mnist_all_20260517_180855/strength_0p8/seed_7/splits/fashion_mnist_split_seed7_clients5_alpha0p3_ref200.json,0.8,20,conv2,0,3,0.9999992251396179,0.9999963641166687,200
cka_feddst,fashion_mnist,0.5,7,results/logs/cka_strength_sweep/fashion_mnist_all_20260517_180855/strength_0p8/seed_7/splits/fashion_mnist_split_seed7_clients5_alpha0p3_ref200.json,0.8,20,conv2,0,4,0.9999942183494568,0.9999963641166687,200
cka_feddst,fashion_mnist,0.5,7,results/logs/cka_strength_sweep/fashion_mnist_all_20260517_180855/strength_0p8/seed_7/splits/fashion_mnist_split_seed7_clients5_alpha0p3_ref200.json,0.8,20,conv2,1,0,0.9999966621398926,0.9999963641166687,200
cka_feddst,fashion_mnist,0.5,7,results/logs/cka_strength_sweep/fashion_mnist_all_20260517_180855/strength_0p8/seed_7/splits/fashion_mnist_split_seed7_clients5_alpha0p3_ref200.json,0.8,20,conv2,1,1,1.0,0.9999963641166687,200
cka_feddst,fashion_mnist,0.5,7,results/logs/cka_strength_sweep/fashion_mnist_all_20260517_180855/strength_0p8/seed_7/splits/fashion_mnist_split_seed7_clients5_alpha0p3_ref200.json,0.8,20,conv2,1,2,0.9999984502792358,0.9999963641166687,200
cka_feddst,fashion_mnist,0.5,7,results/logs/cka_strength_sweep/fashion_mnist_all_20260517_180855/strength_0p8/seed_7/splits/fashion_mnist_split_seed7_clients5_alpha0p3_ref200.json,0.8,20,conv2,1,3,0.9999972581863403,0.9999963641166687,200
cka_feddst,fashion_mnist,0.5,7,results/logs/cka_strength_sweep/fashion_mnist_all_20260517_180855/strength_0p8/seed_7/splits/fashion_mnist_split_seed7_clients5_alpha0p3_ref200.json,0.8,20,conv2,1,4,0.9999994039535522,0.9999963641166687,200
cka_feddst,fashion_mnist,0.5,7,results/logs/cka_strength_sweep/fashion_mnist_all_20260517_180855/strength_0p8/seed_7/splits/fashion_mnist_split_seed7_clients5_alpha0p3_ref200.json,0.8,20,conv2,2,0,0.9999909996986389,0.9999963641166687,200
cka_feddst,fashion_mnist,0.5,7,results/logs/cka_strength_sweep/fashion_mnist_all_20260517_180855/strength_0p8/seed_7/splits/fashion_mnist_split_seed7_clients5_alpha0p3_ref200.json,0.8,20,conv2,2,1,0.9999984502792358,0.9999963641166687,200
cka_feddst,fashion_mnist,0.5,7,results/logs/cka_strength_sweep/fashion_mnist_all_20260517_180855/strength_0p8/seed_7/splits/fashion_mnist_split_seed7_clients5_alpha0p3_ref200.json,0.8,20,conv2,2,2,1.0,0.9999963641166687,200
cka_feddst,fashion_mnist,0.5,7,results/logs/cka_strength_sweep/fashion_mnist_all_20260517_180855/strength_0p8/seed_7/splits/fashion_mnist_split_seed7_clients5_alpha0p3_ref200.json,0.8,20,conv2,2,3,0.999992847442627,0.9999963641166687,200
cka_feddst,fashion_mnist,0.5,7,results/logs/cka_strength_sweep/fashion_mnist_all_20260517_180855/strength_0p8/seed_7/splits/fashion_mnist_split_seed7_clients5_alpha0p3_ref200.json,0.8,20,conv2,2,4,0.999998927116394,0.9999963641166687,200
cka_feddst,fashion_mnist,0.5,7,results/logs/cka_strength_sweep/fashion_mnist_all_20260517_180855/strength_0p8/seed_7/splits/fashion_mnist_split_seed7_clients5_alpha0p3_ref200.json,0.8,20,conv2,3,0,0.9999992251396179,0.9999963641166687,200
cka_feddst,fashion_mnist,0.5,7,results/logs/cka_strength_sweep/fashion_mnist_all_20260517_180855/strength_0p8/seed_7/splits/fashion_mnist_split_seed7_clients5_alpha0p3_ref200.json,0.8,20,conv2,3,1,0.9999972581863403,0.9999963641166687,200
cka_feddst,fashion_mnist,0.5,7,results/logs/cka_strength_sweep/fashion_mnist_all_20260517_180855/strength_0p8/seed_7/splits/fashion_mnist_split_seed7_clients5_alpha0p3_ref200.json,0.8,20,conv2,3,2,0.999992847442627,0.9999963641166687,200
cka_feddst,fashion_mnist,0.5,7,results/logs/cka_strength_sweep/fashion_mnist_all_20260517_180855/strength_0p8/seed_7/splits/fashion_mnist_split_seed7_clients5_alpha0p3_ref200.json,0.8,20,conv2,3,3,1.0,0.9999963641166687,200
cka_feddst,fashion_mnist,0.5,7,results/logs/cka_strength_sweep/fashion_mnist_all_20260517_180855/strength_0p8/seed_7/splits/fashion_mnist_split_seed7_clients5_alpha0p3_ref200.json,0.8,20,conv2,3,4,0.9999951720237732,0.9999963641166687,200
cka_feddst,fashion_mnist,0.5,7,results/logs/cka_strength_sweep/fashion_mnist_all_20260517_180855/strength_0p8/seed_7/splits/fashion_mnist_split_seed7_clients5_alpha0p3_ref200.json,0.8,20,conv2,4,0,0.9999942183494568,0.9999963641166687,200
cka_feddst,fashion_mnist,0.5,7,results/logs/cka_strength_sweep/fashion_mnist_all_20260517_180855/strength_0p8/seed_7/splits/fashion_mnist_split_seed7_clients5_alpha0p3_ref200.json,0.8,20,conv2,4,1,0.9999994039535522,0.9999963641166687,200
cka_feddst,fashion_mnist,0.5,7,results/logs/cka_strength_sweep/fashion_mnist_all_20260517_180855/strength_0p8/seed_7/splits/fashion_mnist_split_seed7_clients5_alpha0p3_ref200.json,0.8,20,conv2,4,2,0.999998927116394,0.9999963641166687,200
cka_feddst,fashion_mnist,0.5,7,results/logs/cka_strength_sweep/fashion_mnist_all_20260517_180855/strength_0p8/seed_7/splits/fashion_mnist_split_seed7_clients5_alpha0p3_ref200.json,0.8,20,conv2,4,3,0.9999951720237732,0.9999963641166687,200
cka_feddst,fashion_mnist,0.5,7,results/logs/cka_strength_sweep/fashion_mnist_all_20260517_180855/strength_0p8/seed_7/splits/fashion_mnist_split_seed7_clients5_alpha0p3_ref200.json,0.8,20,conv2,4,4,1.0,0.9999963641166687,200
cka_feddst,fashion_mnist,0.5,7,results/logs/cka_strength_sweep/fashion_mnist_all_20260517_180855/strength_0p8/seed_7/splits/fashion_mnist_split_seed7_clients5_alpha0p3_ref200.json,0.8,20,fc1,0,0,1.0,0.9869878888130188,200
cka_feddst,fashion_mnist,0.5,7,results/logs/cka_strength_sweep/fashion_mnist_all_20260517_180855/strength_0p8/seed_7/splits/fashion_mnist_split_seed7_clients5_alpha0p3_ref200.json,0.8,20,fc1,0,1,0.97712641954422,0.9869878888130188,200
cka_feddst,fashion_mnist,0.5,7,results/logs/cka_strength_sweep/fashion_mnist_all_20260517_180855/strength_0p8/seed_7/splits/fashion_mnist_split_seed7_clients5_alpha0p3_ref200.json,0.8,20,fc1,0,2,0.9852141737937927,0.9869878888130188,200
cka_feddst,fashion_mnist,0.5,7,results/logs/cka_strength_sweep/fashion_mnist_all_20260517_180855/strength_0p8/seed_7/splits/fashion_mnist_split_seed7_clients5_alpha0p3_ref200.json,0.8,20,fc1,0,3,0.9933934211730957,0.9869878888130188,200
cka_feddst,fashion_mnist,0.5,7,results/logs/cka_strength_sweep/fashion_mnist_all_20260517_180855/strength_0p8/seed_7/splits/fashion_mnist_split_seed7_clients5_alpha0p3_ref200.json,0.8,20,fc1,0,4,0.9857090711593628,0.9869878888130188,200
cka_feddst,fashion_mnist,0.5,7,results/logs/cka_strength_sweep/fashion_mnist_all_20260517_180855/strength_0p8/seed_7/splits/fashion_mnist_split_seed7_clients5_alpha0p3_ref200.json,0.8,20,fc1,1,0,0.97712641954422,0.9869878888130188,200
cka_feddst,fashion_mnist,0.5,7,results/logs/cka_strength_sweep/fashion_mnist_all_20260517_180855/strength_0p8/seed_7/splits/fashion_mnist_split_seed7_clients5_alpha0p3_ref200.json,0.8,20,fc1,1,1,1.0,0.9869878888130188,200
cka_feddst,fashion_mnist,0.5,7,results/logs/cka_strength_sweep/fashion_mnist_all_20260517_180855/strength_0p8/seed_7/splits/fashion_mnist_split_seed7_clients5_alpha0p3_ref200.json,0.8,20,fc1,1,2,0.9922467470169067,0.9869878888130188,200
cka_feddst,fashion_mnist,0.5,7,results/logs/cka_strength_sweep/fashion_mnist_all_20260517_180855/strength_0p8/seed_7/splits/fashion_mnist_split_seed7_clients5_alpha0p3_ref200.json,0.8,20,fc1,1,3,0.9839102029800415,0.9869878888130188,200
cka_feddst,fashion_mnist,0.5,7,results/logs/cka_strength_sweep/fashion_mnist_all_20260517_180855/strength_0p8/seed_7/splits/fashion_mnist_split_seed7_clients5_alpha0p3_ref200.json,0.8,20,fc1,1,4,0.9829691052436829,0.9869878888130188,200
cka_feddst,fashion_mnist,0.5,7,results/logs/cka_strength_sweep/fashion_mnist_all_20260517_180855/strength_0p8/seed_7/splits/fashion_mnist_split_seed7_clients5_alpha0p3_ref200.json,0.8,20,fc1,2,0,0.9852141737937927,0.9869878888130188,200
cka_feddst,fashion_mnist,0.5,7,results/logs/cka_strength_sweep/fashion_mnist_all_20260517_180855/strength_0p8/seed_7/splits/fashion_mnist_split_seed7_clients5_alpha0p3_ref200.json,0.8,20,fc1,2,1,0.9922467470169067,0.9869878888130188,200
cka_feddst,fashion_mnist,0.5,7,results/logs/cka_strength_sweep/fashion_mnist_all_20260517_180855/strength_0p8/seed_7/splits/fashion_mnist_split_seed7_clients5_alpha0p3_ref200.json,0.8,20,fc1,2,2,1.0,0.9869878888130188,200
cka_feddst,fashion_mnist,0.5,7,results/logs/cka_strength_sweep/fashion_mnist_all_20260517_180855/strength_0p8/seed_7/splits/fashion_mnist_split_seed7_clients5_alpha0p3_ref200.json,0.8,20,fc1,2,3,0.9903120994567871,0.9869878888130188,200
cka_feddst,fashion_mnist,0.5,7,results/logs/cka_strength_sweep/fashion_mnist_all_20260517_180855/strength_0p8/seed_7/splits/fashion_mnist_split_seed7_clients5_alpha0p3_ref200.json,0.8,20,fc1,2,4,0.9898080825805664,0.9869878888130188,200
cka_feddst,fashion_mnist,0.5,7,results/logs/cka_strength_sweep/fashion_mnist_all_20260517_180855/strength_0p8/seed_7/splits/fashion_mnist_split_seed7_clients5_alpha0p3_ref200.json,0.8,20,fc1,3,0,0.9933934211730957,0.9869878888130188,200
cka_feddst,fashion_mnist,0.5,7,results/logs/cka_strength_sweep/fashion_mnist_all_20260517_180855/strength_0p8/seed_7/splits/fashion_mnist_split_seed7_clients5_alpha0p3_ref200.json,0.8,20,fc1,3,1,0.9839102029800415,0.9869878888130188,200
cka_feddst,fashion_mnist,0.5,7,results/logs/cka_strength_sweep/fashion_mnist_all_20260517_180855/strength_0p8/seed_7/splits/fashion_mnist_split_seed7_clients5_alpha0p3_ref200.json,0.8,20,fc1,3,2,0.9903120994567871,0.9869878888130188,200
cka_feddst,fashion_mnist,0.5,7,results/logs/cka_strength_sweep/fashion_mnist_all_20260517_180855/strength_0p8/seed_7/splits/fashion_mnist_split_seed7_clients5_alpha0p3_ref200.json,0.8,20,fc1,3,3,1.0,0.9869878888130188,200
cka_feddst,fashion_mnist,0.5,7,results/logs/cka_strength_sweep/fashion_mnist_all_20260517_180855/strength_0p8/seed_7/splits/fashion_mnist_split_seed7_clients5_alpha0p3_ref200.json,0.8,20,fc1,3,4,0.9891899824142456,0.9869878888130188,200
cka_feddst,fashion_mnist,0.5,7,results/logs/cka_strength_sweep/fashion_mnist_all_20260517_180855/strength_0p8/seed_7/splits/fashion_mnist_split_seed7_clients5_alpha0p3_ref200.json,0.8,20,fc1,4,0,0.9857090711593628,0.9869878888130188,200
cka_feddst,fashion_mnist,0.5,7,results/logs/cka_strength_sweep/fashion_mnist_all_20260517_180855/strength_0p8/seed_7/splits/fashion_mnist_split_seed7_clients5_alpha0p3_ref200.json,0.8,20,fc1,4,1,0.9829691052436829,0.9869878888130188,200
cka_feddst,fashion_mnist,0.5,7,results/logs/cka_strength_sweep/fashion_mnist_all_20260517_180855/strength_0p8/seed_7/splits/fashion_mnist_split_seed7_clients5_alpha0p3_ref200.json,0.8,20,fc1,4,2,0.9898080825805664,0.9869878888130188,200
cka_feddst,fashion_mnist,0.5,7,results/logs/cka_strength_sweep/fashion_mnist_all_20260517_180855/strength_0p8/seed_7/splits/fashion_mnist_split_seed7_clients5_alpha0p3_ref200.json,0.8,20,fc1,4,3,0.9891899824142456,0.9869878888130188,200
cka_feddst,fashion_mnist,0.5,7,results/logs/cka_strength_sweep/fashion_mnist_all_20260517_180855/strength_0p8/seed_7/splits/fashion_mnist_split_seed7_clients5_alpha0p3_ref200.json,0.8,20,fc1,4,4,1.0,0.9869878888130188,200
