method,dataset,sparsity,seed,split_manifest_path,cka_strength,round,layer,client_i,client_j,cka,average_layer_cka,num_reference_samples
cka_feddst,fashion_mnist,0.7,21,results/logs/cka_strength_sweep/fashion_mnist_all_20260517_180855/strength_0p5/seed_21/splits/fashion_mnist_split_seed21_clients5_alpha0p3_ref200.json,0.5,2,conv1,0,0,1.0,0.9999803304672241,200
cka_feddst,fashion_mnist,0.7,21,results/logs/cka_strength_sweep/fashion_mnist_all_20260517_180855/strength_0p5/seed_21/splits/fashion_mnist_split_seed21_clients5_alpha0p3_ref200.json,0.5,2,conv1,0,1,0.999994695186615,0.9999803304672241,200
cka_feddst,fashion_mnist,0.7,21,results/logs/cka_strength_sweep/fashion_mnist_all_20260517_180855/strength_0p5/seed_21/splits/fashion_mnist_split_seed21_clients5_alpha0p3_ref200.json,0.5,2,conv1,0,2,0.9999616146087646,0.9999803304672241,200
cka_feddst,fashion_mnist,0.7,21,results/logs/cka_strength_sweep/fashion_mnist_all_20260517_180855/strength_0p5/seed_21/splits/fashion_mnist_split_seed21_clients5_alpha0p3_ref200.json,0.5,2,conv1,0,3,0.9999909400939941,0.9999803304672241,200
cka_feddst,fashion_mnist,0.7,21,results/logs/cka_strength_sweep/fashion_mnist_all_20260517_180855/strength_0p5/seed_21/splits/fashion_mnist_split_seed21_clients5_alpha0p3_ref200.json,0.5,2,conv1,0,4,0.9999381899833679,0.9999803304672241,200
cka_feddst,fashion_mnist,0.7,21,results/logs/cka_strength_sweep/fashion_mnist_all_20260517_180855/strength_0p5/seed_21/splits/fashion_mnist_split_seed21_clients5_alpha0p3_ref200.json,0.5,2,conv1,1,0,0.999994695186615,0.9999803304672241,200
cka_feddst,fashion_mnist,0.7,21,results/logs/cka_strength_sweep/fashion_mnist_all_20260517_180855/strength_0p5/seed_21/splits/fashion_mnist_split_seed21_clients5_alpha0p3_ref200.json,0.5,2,conv1,1,1,1.0,0.9999803304672241,200
cka_feddst,fashion_mnist,0.7,21,results/logs/cka_strength_sweep/fashion_mnist_all_20260517_180855/strength_0p5/seed_21/splits/fashion_mnist_split_seed21_clients5_alpha0p3_ref200.json,0.5,2,conv1,1,2,0.9999845623970032,0.9999803304672241,200
cka_feddst,fashion_mnist,0.7,21,results/logs/cka_strength_sweep/fashion_mnist_all_20260517_180855/strength_0p5/seed_21/splits/fashion_mnist_split_seed21_clients5_alpha0p3_ref200.json,0.5,2,conv1,1,3,0.9999996423721313,0.9999803304672241,200
cka_feddst,fashion_mnist,0.7,21,results/logs/cka_strength_sweep/fashion_mnist_all_20260517_180855/strength_0p5/seed_21/splits/fashion_mnist_split_seed21_clients5_alpha0p3_ref200.json,0.5,2,conv1,1,4,0.9999686479568481,0.9999803304672241,200
cka_feddst,fashion_mnist,0.7,21,results/logs/cka_strength_sweep/fashion_mnist_all_20260517_180855/strength_0p5/seed_21/splits/fashion_mnist_split_seed21_clients5_alpha0p3_ref200.json,0.5,2,conv1,2,0,0.9999616146087646,0.9999803304672241,200
cka_feddst,fashion_mnist,0.7,21,results/logs/cka_strength_sweep/fashion_mnist_all_20260517_180855/strength_0p5/seed_21/splits/fashion_mnist_split_seed21_clients5_alpha0p3_ref200.json,0.5,2,conv1,2,1,0.9999845623970032,0.9999803304672241,200
cka_feddst,fashion_mnist,0.7,21,results/logs/cka_strength_sweep/fashion_mnist_all_20260517_180855/strength_0p5/seed_21/splits/fashion_mnist_split_seed21_clients5_alpha0p3_ref200.json,0.5,2,conv1,2,2,1.0,0.9999803304672241,200
cka_feddst,fashion_mnist,0.7,21,results/logs/cka_strength_sweep/fashion_mnist_all_20260517_180855/strength_0p5/seed_21/splits/fashion_mnist_split_seed21_clients5_alpha0p3_ref200.json,0.5,2,conv1,2,3,0.9999904036521912,0.9999803304672241,200
cka_feddst,fashion_mnist,0.7,21,results/logs/cka_strength_sweep/fashion_mnist_all_20260517_180855/strength_0p5/seed_21/splits/fashion_mnist_split_seed21_clients5_alpha0p3_ref200.json,0.5,2,conv1,2,4,0.9999970197677612,0.9999803304672241,200
cka_feddst,fashion_mnist,0.7,21,results/logs/cka_strength_sweep/fashion_mnist_all_20260517_180855/strength_0p5/seed_21/splits/fashion_mnist_split_seed21_clients5_alpha0p3_ref200.json,0.5,2,conv1,3,0,0.9999909400939941,0.9999803304672241,200
cka_feddst,fashion_mnist,0.7,21,results/logs/cka_strength_sweep/fashion_mnist_all_20260517_180855/strength_0p5/seed_21/splits/fashion_mnist_split_seed21_clients5_alpha0p3_ref200.json,0.5,2,conv1,3,1,0.9999996423721313,0.9999803304672241,200
cka_feddst,fashion_mnist,0.7,21,results/logs/cka_strength_sweep/fashion_mnist_all_20260517_180855/strength_0p5/seed_21/splits/fashion_mnist_split_seed21_clients5_alpha0p3_ref200.json,0.5,2,conv1,3,2,0.9999904036521912,0.9999803304672241,200
cka_feddst,fashion_mnist,0.7,21,results/logs/cka_strength_sweep/fashion_mnist_all_20260517_180855/strength_0p5/seed_21/splits/fashion_mnist_split_seed21_clients5_alpha0p3_ref200.json,0.5,2,conv1,3,3,1.0,0.9999803304672241,200
cka_feddst,fashion_mnist,0.7,21,results/logs/cka_strength_sweep/fashion_mnist_all_20260517_180855/strength_0p5/seed_21/splits/fashion_mnist_split_seed21_clients5_alpha0p3_ref200.json,0.5,2,conv1,3,4,0.999977171421051,0.9999803304672241,200
cka_feddst,fashion_mnist,0.7,21,results/logs/cka_strength_sweep/fashion_mnist_all_20260517_180855/strength_0p5/seed_21/splits/fashion_mnist_split_seed21_clients5_alpha0p3_ref200.json,0.5,2,conv1,4,0,0.9999381899833679,0.9999803304672241,200
cka_feddst,fashion_mnist,0.7,21,results/logs/cka_strength_sweep/fashion_mnist_all_20260517_180855/strength_0p5/seed_21/splits/fashion_mnist_split_seed21_clients5_alpha0p3_ref200.json,0.5,2,conv1,4,1,0.9999686479568481,0.9999803304672241,200
cka_feddst,fashion_mnist,0.7,21,results/logs/cka_strength_sweep/fashion_mnist_all_20260517_180855/strength_0p5/seed_21/splits/fashion_mnist_split_seed21_clients5_alpha0p3_ref200.json,0.5,2,conv1,4,2,0.9999970197677612,0.9999803304672241,200
cka_feddst,fashion_mnist,0.7,21,results/logs/cka_strength_sweep/fashion_mnist_all_20260517_180855/strength_0p5/seed_21/splits/fashion_mnist_split_seed21_clients5_alpha0p3_ref200.json,0.5,2,conv1,4,3,0.999977171421051,0.9999803304672241,200
cka_feddst,fashion_mnist,0.7,21,results/logs/cka_strength_sweep/fashion_mnist_all_20260517_180855/strength_0p5/seed_21/splits/fashion_mnist_split_seed21_clients5_alpha0p3_ref200.json,0.5,2,conv1,4,4,1.0,0.9999803304672241,200
cka_feddst,fashion_mnist,0.7,21,results/logs/cka_strength_sweep/fashion_mnist_all_20260517_180855/strength_0p5/seed_21/splits/fashion_mnist_split_seed21_clients5_alpha0p3_ref200.json,0.5,2,conv2,0,0,1.0,0.9999817609786987,200
cka_feddst,fashion_mnist,0.7,21,results/logs/cka_strength_sweep/fashion_mnist_all_20260517_180855/strength_0p5/seed_21/splits/fashion_mnist_split_seed21_clients5_alpha0p3_ref200.json,0.5,2,conv2,0,1,0.9999869465827942,0.9999817609786987,200
cka_feddst,fashion_mnist,0.7,21,results/logs/cka_strength_sweep/fashion_mnist_all_20260517_180855/strength_0p5/seed_21/splits/fashion_mnist_split_seed21_clients5_alpha0p3_ref200.json,0.5,2,conv2,0,2,0.9999706745147705,0.9999817609786987,200
cka_feddst,fashion_mnist,0.7,21,results/logs/cka_strength_sweep/fashion_mnist_all_20260517_180855/strength_0p5/seed_21/splits/fashion_mnist_split_seed21_clients5_alpha0p3_ref200.json,0.5,2,conv2,0,3,0.9999902248382568,0.9999817609786987,200
cka_feddst,fashion_mnist,0.7,21,results/logs/cka_strength_sweep/fashion_mnist_all_20260517_180855/strength_0p5/seed_21/splits/fashion_mnist_split_seed21_clients5_alpha0p3_ref200.json,0.5,2,conv2,0,4,0.999958336353302,0.9999817609786987,200
cka_feddst,fashion_mnist,0.7,21,results/logs/cka_strength_sweep/fashion_mnist_all_20260517_180855/strength_0p5/seed_21/splits/fashion_mnist_split_seed21_clients5_alpha0p3_ref200.json,0.5,2,conv2,1,0,0.9999869465827942,0.9999817609786987,200
cka_feddst,fashion_mnist,0.7,21,results/logs/cka_strength_sweep/fashion_mnist_all_20260517_180855/strength_0p5/seed_21/splits/fashion_mnist_split_seed21_clients5_alpha0p3_ref200.json,0.5,2,conv2,1,1,1.0,0.9999817609786987,200
cka_feddst,fashion_mnist,0.7,21,results/logs/cka_strength_sweep/fashion_mnist_all_20260517_180855/strength_0p5/seed_21/splits/fashion_mnist_split_seed21_clients5_alpha0p3_ref200.json,0.5,2,conv2,1,2,0.9999902844429016,0.9999817609786987,200
cka_feddst,fashion_mnist,0.7,21,results/logs/cka_strength_sweep/fashion_mnist_all_20260517_180855/strength_0p5/seed_21/splits/fashion_mnist_split_seed21_clients5_alpha0p3_ref200.json,0.5,2,conv2,1,3,0.9999858736991882,0.9999817609786987,200
cka_feddst,fashion_mnist,0.7,21,results/logs/cka_strength_sweep/fashion_mnist_all_20260517_180855/strength_0p5/seed_21/splits/fashion_mnist_split_seed21_clients5_alpha0p3_ref200.json,0.5,2,conv2,1,4,0.9999674558639526,0.9999817609786987,200
cka_feddst,fashion_mnist,0.7,21,results/logs/cka_strength_sweep/fashion_mnist_all_20260517_180855/strength_0p5/seed_21/splits/fashion_mnist_split_seed21_clients5_alpha0p3_ref200.json,0.5,2,conv2,2,0,0.9999706745147705,0.9999817609786987,200
cka_feddst,fashion_mnist,0.7,21,results/logs/cka_strength_sweep/fashion_mnist_all_20260517_180855/strength_0p5/seed_21/splits/fashion_mnist_split_seed21_clients5_alpha0p3_ref200.json,0.5,2,conv2,2,1,0.9999902844429016,0.9999817609786987,200
cka_feddst,fashion_mnist,0.7,21,results/logs/cka_strength_sweep/fashion_mnist_all_20260517_180855/strength_0p5/seed_21/splits/fashion_mnist_split_seed21_clients5_alpha0p3_ref200.json,0.5,2,conv2,2,2,1.0,0.9999817609786987,200
cka_feddst,fashion_mnist,0.7,21,results/logs/cka_strength_sweep/fashion_mnist_all_20260517_180855/strength_0p5/seed_21/splits/fashion_mnist_split_seed21_clients5_alpha0p3_ref200.json,0.5,2,conv2,2,3,0.9999887943267822,0.9999817609786987,200
cka_feddst,fashion_mnist,0.7,21,results/logs/cka_strength_sweep/fashion_mnist_all_20260517_180855/strength_0p5/seed_21/splits/fashion_mnist_split_seed21_clients5_alpha0p3_ref200.json,0.5,2,conv2,2,4,0.999990701675415,0.9999817609786987,200
cka_feddst,fashion_mnist,0.7,21,results/logs/cka_strength_sweep/fashion_mnist_all_20260517_180855/strength_0p5/seed_21/splits/fashion_mnist_split_seed21_clients5_alpha0p3_ref200.json,0.5,2,conv2,3,0,0.9999902248382568,0.9999817609786987,200
cka_feddst,fashion_mnist,0.7,21,results/logs/cka_strength_sweep/fashion_mnist_all_20260517_180855/strength_0p5/seed_21/splits/fashion_mnist_split_seed21_clients5_alpha0p3_ref200.json,0.5,2,conv2,3,1,0.9999858736991882,0.9999817609786987,200
cka_feddst,fashion_mnist,0.7,21,results/logs/cka_strength_sweep/fashion_mnist_all_20260517_180855/strength_0p5/seed_21/splits/fashion_mnist_split_seed21_clients5_alpha0p3_ref200.json,0.5,2,conv2,3,2,0.9999887943267822,0.9999817609786987,200
cka_feddst,fashion_mnist,0.7,21,results/logs/cka_strength_sweep/fashion_mnist_all_20260517_180855/strength_0p5/seed_21/splits/fashion_mnist_split_seed21_clients5_alpha0p3_ref200.json,0.5,2,conv2,3,3,1.0,0.9999817609786987,200
cka_feddst,fashion_mnist,0.7,21,results/logs/cka_strength_sweep/fashion_mnist_all_20260517_180855/strength_0p5/seed_21/splits/fashion_mnist_split_seed21_clients5_alpha0p3_ref200.json,0.5,2,conv2,3,4,0.9999886751174927,0.9999817609786987,200
cka_feddst,fashion_mnist,0.7,21,results/logs/cka_strength_sweep/fashion_mnist_all_20260517_180855/strength_0p5/seed_21/splits/fashion_mnist_split_seed21_clients5_alpha0p3_ref200.json,0.5,2,conv2,4,0,0.999958336353302,0.9999817609786987,200
cka_feddst,fashion_mnist,0.7,21,results/logs/cka_strength_sweep/fashion_mnist_all_20260517_180855/strength_0p5/seed_21/splits/fashion_mnist_split_seed21_clients5_alpha0p3_ref200.json,0.5,2,conv2,4,1,0.9999674558639526,0.9999817609786987,200
cka_feddst,fashion_mnist,0.7,21,results/logs/cka_strength_sweep/fashion_mnist_all_20260517_180855/strength_0p5/seed_21/splits/fashion_mnist_split_seed21_clients5_alpha0p3_ref200.json,0.5,2,conv2,4,2,0.999990701675415,0.9999817609786987,200
cka_feddst,fashion_mnist,0.7,21,results/logs/cka_strength_sweep/fashion_mnist_all_20260517_180855/strength_0p5/seed_21/splits/fashion_mnist_split_seed21_clients5_alpha0p3_ref200.json,0.5,2,conv2,4,3,0.9999886751174927,0.9999817609786987,200
cka_feddst,fashion_mnist,0.7,21,results/logs/cka_strength_sweep/fashion_mnist_all_20260517_180855/strength_0p5/seed_21/splits/fashion_mnist_split_seed21_clients5_alpha0p3_ref200.json,0.5,2,conv2,4,4,1.0,0.9999817609786987,200
cka_feddst,fashion_mnist,0.7,21,results/logs/cka_strength_sweep/fashion_mnist_all_20260517_180855/strength_0p5/seed_21/splits/fashion_mnist_split_seed21_clients5_alpha0p3_ref200.json,0.5,2,fc1,0,0,1.0,0.9466395378112793,200
cka_feddst,fashion_mnist,0.7,21,results/logs/cka_strength_sweep/fashion_mnist_all_20260517_180855/strength_0p5/seed_21/splits/fashion_mnist_split_seed21_clients5_alpha0p3_ref200.json,0.5,2,fc1,0,1,0.9922503232955933,0.9466395378112793,200
cka_feddst,fashion_mnist,0.7,21,results/logs/cka_strength_sweep/fashion_mnist_all_20260517_180855/strength_0p5/seed_21/splits/fashion_mnist_split_seed21_clients5_alpha0p3_ref200.json,0.5,2,fc1,0,2,0.9358410239219666,0.9466395378112793,200
cka_feddst,fashion_mnist,0.7,21,results/logs/cka_strength_sweep/fashion_mnist_all_20260517_180855/strength_0p5/seed_21/splits/fashion_mnist_split_seed21_clients5_alpha0p3_ref200.json,0.5,2,fc1,0,3,0.9840590953826904,0.9466395378112793,200
cka_feddst,fashion_mnist,0.7,21,results/logs/cka_strength_sweep/fashion_mnist_all_20260517_180855/strength_0p5/seed_21/splits/fashion_mnist_split_seed21_clients5_alpha0p3_ref200.json,0.5,2,fc1,0,4,0.9081099629402161,0.9466395378112793,200
cka_feddst,fashion_mnist,0.7,21,results/logs/cka_strength_sweep/fashion_mnist_all_20260517_180855/strength_0p5/seed_21/splits/fashion_mnist_split_seed21_clients5_alpha0p3_ref200.json,0.5,2,fc1,1,0,0.9922503232955933,0.9466395378112793,200
cka_feddst,fashion_mnist,0.7,21,results/logs/cka_strength_sweep/fashion_mnist_all_20260517_180855/strength_0p5/seed_21/splits/fashion_mnist_split_seed21_clients5_alpha0p3_ref200.json,0.5,2,fc1,1,1,1.0,0.9466395378112793,200
cka_feddst,fashion_mnist,0.7,21,results/logs/cka_strength_sweep/fashion_mnist_all_20260517_180855/strength_0p5/seed_21/splits/fashion_mnist_split_seed21_clients5_alpha0p3_ref200.json,0.5,2,fc1,1,2,0.9444760084152222,0.9466395378112793,200
cka_feddst,fashion_mnist,0.7,21,results/logs/cka_strength_sweep/fashion_mnist_all_20260517_180855/strength_0p5/seed_21/splits/fashion_mnist_split_seed21_clients5_alpha0p3_ref200.json,0.5,2,fc1,1,3,0.9766176342964172,0.9466395378112793,200
cka_feddst,fashion_mnist,0.7,21,results/logs/cka_strength_sweep/fashion_mnist_all_20260517_180855/strength_0p5/seed_21/splits/fashion_mnist_split_seed21_clients5_alpha0p3_ref200.json,0.5,2,fc1,1,4,0.9192429780960083,0.9466395378112793,200
cka_feddst,fashion_mnist,0.7,21,results/logs/cka_strength_sweep/fashion_mnist_all_20260517_180855/strength_0p5/seed_21/splits/fashion_mnist_split_seed21_clients5_alpha0p3_ref200.json,0.5,2,fc1,2,0,0.9358410239219666,0.9466395378112793,200
cka_feddst,fashion_mnist,0.7,21,results/logs/cka_strength_sweep/fashion_mnist_all_20260517_180855/strength_0p5/seed_21/splits/fashion_mnist_split_seed21_clients5_alpha0p3_ref200.json,0.5,2,fc1,2,1,0.9444760084152222,0.9466395378112793,200
cka_feddst,fashion_mnist,0.7,21,results/logs/cka_strength_sweep/fashion_mnist_all_20260517_180855/strength_0p5/seed_21/splits/fashion_mnist_split_seed21_clients5_alpha0p3_ref200.json,0.5,2,fc1,2,2,1.0,0.9466395378112793,200
cka_feddst,fashion_mnist,0.7,21,results/logs/cka_strength_sweep/fashion_mnist_all_20260517_180855/strength_0p5/seed_21/splits/fashion_mnist_split_seed21_clients5_alpha0p3_ref200.json,0.5,2,fc1,2,3,0.9672508835792542,0.9466395378112793,200
cka_feddst,fashion_mnist,0.7,21,results/logs/cka_strength_sweep/fashion_mnist_all_20260517_180855/strength_0p5/seed_21/splits/fashion_mnist_split_seed21_clients5_alpha0p3_ref200.json,0.5,2,fc1,2,4,0.9237299561500549,0.9466395378112793,200
cka_feddst,fashion_mnist,0.7,21,results/logs/cka_strength_sweep/fashion_mnist_all_20260517_180855/strength_0p5/seed_21/splits/fashion_mnist_split_seed21_clients5_alpha0p3_ref200.json,0.5,2,fc1,3,0,0.9840590953826904,0.9466395378112793,200
cka_feddst,fashion_mnist,0.7,21,results/logs/cka_strength_sweep/fashion_mnist_all_20260517_180855/strength_0p5/seed_21/splits/fashion_mnist_split_seed21_clients5_alpha0p3_ref200.json,0.5,2,fc1,3,1,0.9766176342964172,0.9466395378112793,200
cka_feddst,fashion_mnist,0.7,21,results/logs/cka_strength_sweep/fashion_mnist_all_20260517_180855/strength_0p5/seed_21/splits/fashion_mnist_split_seed21_clients5_alpha0p3_ref200.json,0.5,2,fc1,3,2,0.9672508835792542,0.9466395378112793,200
cka_feddst,fashion_mnist,0.7,21,results/logs/cka_strength_sweep/fashion_mnist_all_20260517_180855/strength_0p5/seed_21/splits/fashion_mnist_split_seed21_clients5_alpha0p3_ref200.json,0.5,2,fc1,3,3,1.0,0.9466395378112793,200
cka_feddst,fashion_mnist,0.7,21,results/logs/cka_strength_sweep/fashion_mnist_all_20260517_180855/strength_0p5/seed_21/splits/fashion_mnist_split_seed21_clients5_alpha0p3_ref200.json,0.5,2,fc1,3,4,0.9148162603378296,0.9466395378112793,200
cka_feddst,fashion_mnist,0.7,21,results/logs/cka_strength_sweep/fashion_mnist_all_20260517_180855/strength_0p5/seed_21/splits/fashion_mnist_split_seed21_clients5_alpha0p3_ref200.json,0.5,2,fc1,4,0,0.9081099629402161,0.9466395378112793,200
cka_feddst,fashion_mnist,0.7,21,results/logs/cka_strength_sweep/fashion_mnist_all_20260517_180855/strength_0p5/seed_21/splits/fashion_mnist_split_seed21_clients5_alpha0p3_ref200.json,0.5,2,fc1,4,1,0.9192429780960083,0.9466395378112793,200
cka_feddst,fashion_mnist,0.7,21,results/logs/cka_strength_sweep/fashion_mnist_all_20260517_180855/strength_0p5/seed_21/splits/fashion_mnist_split_seed21_clients5_alpha0p3_ref200.json,0.5,2,fc1,4,2,0.9237299561500549,0.9466395378112793,200
cka_feddst,fashion_mnist,0.7,21,results/logs/cka_strength_sweep/fashion_mnist_all_20260517_180855/strength_0p5/seed_21/splits/fashion_mnist_split_seed21_clients5_alpha0p3_ref200.json,0.5,2,fc1,4,3,0.9148162603378296,0.9466395378112793,200
cka_feddst,fashion_mnist,0.7,21,results/logs/cka_strength_sweep/fashion_mnist_all_20260517_180855/strength_0p5/seed_21/splits/fashion_mnist_split_seed21_clients5_alpha0p3_ref200.json,0.5,2,fc1,4,4,1.0,0.9466395378112793,200
cka_feddst,fashion_mnist,0.7,21,results/logs/cka_strength_sweep/fashion_mnist_all_20260517_180855/strength_0p5/seed_21/splits/fashion_mnist_split_seed21_clients5_alpha0p3_ref200.json,0.5,4,conv1,0,0,1.0,0.9999998211860657,200
cka_feddst,fashion_mnist,0.7,21,results/logs/cka_strength_sweep/fashion_mnist_all_20260517_180855/strength_0p5/seed_21/splits/fashion_mnist_split_seed21_clients5_alpha0p3_ref200.json,0.5,4,conv1,0,1,0.9999997615814209,0.9999998211860657,200
cka_feddst,fashion_mnist,0.7,21,results/logs/cka_strength_sweep/fashion_mnist_all_20260517_180855/strength_0p5/seed_21/splits/fashion_mnist_split_seed21_clients5_alpha0p3_ref200.json,0.5,4,conv1,0,2,0.9999992847442627,0.9999998211860657,200
cka_feddst,fashion_mnist,0.7,21,results/logs/cka_strength_sweep/fashion_mnist_all_20260517_180855/strength_0p5/seed_21/splits/fashion_mnist_split_seed21_clients5_alpha0p3_ref200.json,0.5,4,conv1,0,3,0.9999999403953552,0.9999998211860657,200
cka_feddst,fashion_mnist,0.7,21,results/logs/cka_strength_sweep/fashion_mnist_all_20260517_180855/strength_0p5/seed_21/splits/fashion_mnist_split_seed21_clients5_alpha0p3_ref200.json,0.5,4,conv1,0,4,0.9999997615814209,0.9999998211860657,200
cka_feddst,fashion_mnist,0.7,21,results/logs/cka_strength_sweep/fashion_mnist_all_20260517_180855/strength_0p5/seed_21/splits/fashion_mnist_split_seed21_clients5_alpha0p3_ref200.json,0.5,4,conv1,1,0,0.9999997615814209,0.9999998211860657,200
cka_feddst,fashion_mnist,0.7,21,results/logs/cka_strength_sweep/fashion_mnist_all_20260517_180855/strength_0p5/seed_21/splits/fashion_mnist_split_seed21_clients5_alpha0p3_ref200.json,0.5,4,conv1,1,1,1.0,0.9999998211860657,200
cka_feddst,fashion_mnist,0.7,21,results/logs/cka_strength_sweep/fashion_mnist_all_20260517_180855/strength_0p5/seed_21/splits/fashion_mnist_split_seed21_clients5_alpha0p3_ref200.json,0.5,4,conv1,1,2,1.0,0.9999998211860657,200
cka_feddst,fashion_mnist,0.7,21,results/logs/cka_strength_sweep/fashion_mnist_all_20260517_180855/strength_0p5/seed_21/splits/fashion_mnist_split_seed21_clients5_alpha0p3_ref200.json,0.5,4,conv1,1,3,1.0,0.9999998211860657,200
cka_feddst,fashion_mnist,0.7,21,results/logs/cka_strength_sweep/fashion_mnist_all_20260517_180855/strength_0p5/seed_21/splits/fashion_mnist_split_seed21_clients5_alpha0p3_ref200.json,0.5,4,conv1,1,4,1.0,0.9999998211860657,200
cka_feddst,fashion_mnist,0.7,21,results/logs/cka_strength_sweep/fashion_mnist_all_20260517_180855/strength_0p5/seed_21/splits/fashion_mnist_split_seed21_clients5_alpha0p3_ref200.json,0.5,4,conv1,2,0,0.9999992847442627,0.9999998211860657,200
cka_feddst,fashion_mnist,0.7,21,results/logs/cka_strength_sweep/fashion_mnist_all_20260517_180855/strength_0p5/seed_21/splits/fashion_mnist_split_seed21_clients5_alpha0p3_ref200.json,0.5,4,conv1,2,1,1.0,0.9999998211860657,200
cka_feddst,fashion_mnist,0.7,21,results/logs/cka_strength_sweep/fashion_mnist_all_20260517_180855/strength_0p5/seed_21/splits/fashion_mnist_split_seed21_clients5_alpha0p3_ref200.json,0.5,4,conv1,2,2,1.0,0.9999998211860657,200
cka_feddst,fashion_mnist,0.7,21,results/logs/cka_strength_sweep/fashion_mnist_all_20260517_180855/strength_0p5/seed_21/splits/fashion_mnist_split_seed21_clients5_alpha0p3_ref200.json,0.5,4,conv1,2,3,1.0,0.9999998211860657,200
cka_feddst,fashion_mnist,0.7,21,results/logs/cka_strength_sweep/fashion_mnist_all_20260517_180855/strength_0p5/seed_21/splits/fashion_mnist_split_seed21_clients5_alpha0p3_ref200.json,0.5,4,conv1,2,4,0.9999997019767761,0.9999998211860657,200
cka_feddst,fashion_mnist,0.7,21,results/logs/cka_strength_sweep/fashion_mnist_all_20260517_180855/strength_0p5/seed_21/splits/fashion_mnist_split_seed21_clients5_alpha0p3_ref200.json,0.5,4,conv1,3,0,0.9999999403953552,0.9999998211860657,200
cka_feddst,fashion_mnist,0.7,21,results/logs/cka_strength_sweep/fashion_mnist_all_20260517_180855/strength_0p5/seed_21/splits/fashion_mnist_split_seed21_clients5_alpha0p3_ref200.json,0.5,4,conv1,3,1,1.0,0.9999998211860657,200
cka_feddst,fashion_mnist,0.7,21,results/logs/cka_strength_sweep/fashion_mnist_all_20260517_180855/strength_0p5/seed_21/splits/fashion_mnist_split_seed21_clients5_alpha0p3_ref200.json,0.5,4,conv1,3,2,1.0,0.9999998211860657,200
cka_feddst,fashion_mnist,0.7,21,results/logs/cka_strength_sweep/fashion_mnist_all_20260517_180855/strength_0p5/seed_21/splits/fashion_mnist_split_seed21_clients5_alpha0p3_ref200.json,0.5,4,conv1,3,3,1.0,0.9999998211860657,200
cka_feddst,fashion_mnist,0.7,21,results/logs/cka_strength_sweep/fashion_mnist_all_20260517_180855/strength_0p5/seed_21/splits/fashion_mnist_split_seed21_clients5_alpha0p3_ref200.json,0.5,4,conv1,3,4,1.0,0.9999998211860657,200
cka_feddst,fashion_mnist,0.7,21,results/logs/cka_strength_sweep/fashion_mnist_all_20260517_180855/strength_0p5/seed_21/splits/fashion_mnist_split_seed21_clients5_alpha0p3_ref200.json,0.5,4,conv1,4,0,0.9999997615814209,0.9999998211860657,200
cka_feddst,fashion_mnist,0.7,21,results/logs/cka_strength_sweep/fashion_mnist_all_20260517_180855/strength_0p5/seed_21/splits/fashion_mnist_split_seed21_clients5_alpha0p3_ref200.json,0.5,4,conv1,4,1,1.0,0.9999998211860657,200
cka_feddst,fashion_mnist,0.7,21,results/logs/cka_strength_sweep/fashion_mnist_all_20260517_180855/strength_0p5/seed_21/splits/fashion_mnist_split_seed21_clients5_alpha0p3_ref200.json,0.5,4,conv1,4,2,0.9999997019767761,0.9999998211860657,200
cka_feddst,fashion_mnist,0.7,21,results/logs/cka_strength_sweep/fashion_mnist_all_20260517_180855/strength_0p5/seed_21/splits/fashion_mnist_split_seed21_clients5_alpha0p3_ref200.json,0.5,4,conv1,4,3,1.0,0.9999998211860657,200
cka_feddst,fashion_mnist,0.7,21,results/logs/cka_strength_sweep/fashion_mnist_all_20260517_180855/strength_0p5/seed_21/splits/fashion_mnist_split_seed21_clients5_alpha0p3_ref200.json,0.5,4,conv1,4,4,1.0,0.9999998211860657,200
cka_feddst,fashion_mnist,0.7,21,results/logs/cka_strength_sweep/fashion_mnist_all_20260517_180855/strength_0p5/seed_21/splits/fashion_mnist_split_seed21_clients5_alpha0p3_ref200.json,0.5,4,conv2,0,0,1.0,0.9999979734420776,200
cka_feddst,fashion_mnist,0.7,21,results/logs/cka_strength_sweep/fashion_mnist_all_20260517_180855/strength_0p5/seed_21/splits/fashion_mnist_split_seed21_clients5_alpha0p3_ref200.json,0.5,4,conv2,0,1,0.9999991655349731,0.9999979734420776,200
cka_feddst,fashion_mnist,0.7,21,results/logs/cka_strength_sweep/fashion_mnist_all_20260517_180855/strength_0p5/seed_21/splits/fashion_mnist_split_seed21_clients5_alpha0p3_ref200.json,0.5,4,conv2,0,2,0.9999935030937195,0.9999979734420776,200
cka_feddst,fashion_mnist,0.7,21,results/logs/cka_strength_sweep/fashion_mnist_all_20260517_180855/strength_0p5/seed_21/splits/fashion_mnist_split_seed21_clients5_alpha0p3_ref200.json,0.5,4,conv2,0,3,0.9999995827674866,0.9999979734420776,200
cka_feddst,fashion_mnist,0.7,21,results/logs/cka_strength_sweep/fashion_mnist_all_20260517_180855/strength_0p5/seed_21/splits/fashion_mnist_split_seed21_clients5_alpha0p3_ref200.json,0.5,4,conv2,0,4,0.9999989867210388,0.9999979734420776,200
cka_feddst,fashion_mnist,0.7,21,results/logs/cka_strength_sweep/fashion_mnist_all_20260517_180855/strength_0p5/seed_21/splits/fashion_mnist_split_seed21_clients5_alpha0p3_ref200.json,0.5,4,conv2,1,0,0.9999991655349731,0.9999979734420776,200
cka_feddst,fashion_mnist,0.7,21,results/logs/cka_strength_sweep/fashion_mnist_all_20260517_180855/strength_0p5/seed_21/splits/fashion_mnist_split_seed21_clients5_alpha0p3_ref200.json,0.5,4,conv2,1,1,1.0,0.9999979734420776,200
cka_feddst,fashion_mnist,0.7,21,results/logs/cka_strength_sweep/fashion_mnist_all_20260517_180855/strength_0p5/seed_21/splits/fashion_mnist_split_seed21_clients5_alpha0p3_ref200.json,0.5,4,conv2,1,2,0.9999982118606567,0.9999979734420776,200
cka_feddst,fashion_mnist,0.7,21,results/logs/cka_strength_sweep/fashion_mnist_all_20260517_180855/strength_0p5/seed_21/splits/fashion_mnist_split_seed21_clients5_alpha0p3_ref200.json,0.5,4,conv2,1,3,1.0,0.9999979734420776,200
cka_feddst,fashion_mnist,0.7,21,results/logs/cka_strength_sweep/fashion_mnist_all_20260517_180855/strength_0p5/seed_21/splits/fashion_mnist_split_seed21_clients5_alpha0p3_ref200.json,0.5,4,conv2,1,4,0.9999991059303284,0.9999979734420776,200
cka_feddst,fashion_mnist,0.7,21,results/logs/cka_strength_sweep/fashion_mnist_all_20260517_180855/strength_0p5/seed_21/splits/fashion_mnist_split_seed21_clients5_alpha0p3_ref200.json,0.5,4,conv2,2,0,0.9999935030937195,0.9999979734420776,200
cka_feddst,fashion_mnist,0.7,21,results/logs/cka_strength_sweep/fashion_mnist_all_20260517_180855/strength_0p5/seed_21/splits/fashion_mnist_split_seed21_clients5_alpha0p3_ref200.json,0.5,4,conv2,2,1,0.9999982118606567,0.9999979734420776,200
cka_feddst,fashion_mnist,0.7,21,results/logs/cka_strength_sweep/fashion_mnist_all_20260517_180855/strength_0p5/seed_21/splits/fashion_mnist_split_seed21_clients5_alpha0p3_ref200.json,0.5,4,conv2,2,2,1.0,0.9999979734420776,200
cka_feddst,fashion_mnist,0.7,21,results/logs/cka_strength_sweep/fashion_mnist_all_20260517_180855/strength_0p5/seed_21/splits/fashion_mnist_split_seed21_clients5_alpha0p3_ref200.json,0.5,4,conv2,2,3,0.9999958276748657,0.9999979734420776,200
cka_feddst,fashion_mnist,0.7,21,results/logs/cka_strength_sweep/fashion_mnist_all_20260517_180855/strength_0p5/seed_21/splits/fashion_mnist_split_seed21_clients5_alpha0p3_ref200.json,0.5,4,conv2,2,4,0.9999956488609314,0.9999979734420776,200
cka_feddst,fashion_mnist,0.7,21,results/logs/cka_strength_sweep/fashion_mnist_all_20260517_180855/strength_0p5/seed_21/splits/fashion_mnist_split_seed21_clients5_alpha0p3_ref200.json,0.5,4,conv2,3,0,0.9999995827674866,0.9999979734420776,200
cka_feddst,fashion_mnist,0.7,21,results/logs/cka_strength_sweep/fashion_mnist_all_20260517_180855/strength_0p5/seed_21/splits/fashion_mnist_split_seed21_clients5_alpha0p3_ref200.json,0.5,4,conv2,3,1,1.0,0.9999979734420776,200
cka_feddst,fashion_mnist,0.7,21,results/logs/cka_strength_sweep/fashion_mnist_all_20260517_180855/strength_0p5/seed_21/splits/fashion_mnist_split_seed21_clients5_alpha0p3_ref200.json,0.5,4,conv2,3,2,0.9999958276748657,0.9999979734420776,200
cka_feddst,fashion_mnist,0.7,21,results/logs/cka_strength_sweep/fashion_mnist_all_20260517_180855/strength_0p5/seed_21/splits/fashion_mnist_split_seed21_clients5_alpha0p3_ref200.json,0.5,4,conv2,3,3,1.0,0.9999979734420776,200
cka_feddst,fashion_mnist,0.7,21,results/logs/cka_strength_sweep/fashion_mnist_all_20260517_180855/strength_0p5/seed_21/splits/fashion_mnist_split_seed21_clients5_alpha0p3_ref200.json,0.5,4,conv2,3,4,0.9999989867210388,0.9999979734420776,200
cka_feddst,fashion_mnist,0.7,21,results/logs/cka_strength_sweep/fashion_mnist_all_20260517_180855/strength_0p5/seed_21/splits/fashion_mnist_split_seed21_clients5_alpha0p3_ref200.json,0.5,4,conv2,4,0,0.9999989867210388,0.9999979734420776,200
cka_feddst,fashion_mnist,0.7,21,results/logs/cka_strength_sweep/fashion_mnist_all_20260517_180855/strength_0p5/seed_21/splits/fashion_mnist_split_seed21_clients5_alpha0p3_ref200.json,0.5,4,conv2,4,1,0.9999991059303284,0.9999979734420776,200
cka_feddst,fashion_mnist,0.7,21,results/logs/cka_strength_sweep/fashion_mnist_all_20260517_180855/strength_0p5/seed_21/splits/fashion_mnist_split_seed21_clients5_alpha0p3_ref200.json,0.5,4,conv2,4,2,0.9999956488609314,0.9999979734420776,200
cka_feddst,fashion_mnist,0.7,21,results/logs/cka_strength_sweep/fashion_mnist_all_20260517_180855/strength_0p5/seed_21/splits/fashion_mnist_split_seed21_clients5_alpha0p3_ref200.json,0.5,4,conv2,4,3,0.9999989867210388,0.9999979734420776,200
cka_feddst,fashion_mnist,0.7,21,results/logs/cka_strength_sweep/fashion_mnist_all_20260517_180855/strength_0p5/seed_21/splits/fashion_mnist_split_seed21_clients5_alpha0p3_ref200.json,0.5,4,conv2,4,4,1.0,0.9999979734420776,200
cka_feddst,fashion_mnist,0.7,21,results/logs/cka_strength_sweep/fashion_mnist_all_20260517_180855/strength_0p5/seed_21/splits/fashion_mnist_split_seed21_clients5_alpha0p3_ref200.json,0.5,4,fc1,0,0,1.0,0.9756906628608704,200
cka_feddst,fashion_mnist,0.7,21,results/logs/cka_strength_sweep/fashion_mnist_all_20260517_180855/strength_0p5/seed_21/splits/fashion_mnist_split_seed21_clients5_alpha0p3_ref200.json,0.5,4,fc1,0,1,0.994604229927063,0.9756906628608704,200
cka_feddst,fashion_mnist,0.7,21,results/logs/cka_strength_sweep/fashion_mnist_all_20260517_180855/strength_0p5/seed_21/splits/fashion_mnist_split_seed21_clients5_alpha0p3_ref200.json,0.5,4,fc1,0,2,0.9828795194625854,0.9756906628608704,200
cka_feddst,fashion_mnist,0.7,21,results/logs/cka_strength_sweep/fashion_mnist_all_20260517_180855/strength_0p5/seed_21/splits/fashion_mnist_split_seed21_clients5_alpha0p3_ref200.json,0.5,4,fc1,0,3,0.996643602848053,0.9756906628608704,200
cka_feddst,fashion_mnist,0.7,21,results/logs/cka_strength_sweep/fashion_mnist_all_20260517_180855/strength_0p5/seed_21/splits/fashion_mnist_split_seed21_clients5_alpha0p3_ref200.json,0.5,4,fc1,0,4,0.9552185535430908,0.9756906628608704,200
cka_feddst,fashion_mnist,0.7,21,results/logs/cka_strength_sweep/fashion_mnist_all_20260517_180855/strength_0p5/seed_21/splits/fashion_mnist_split_seed21_clients5_alpha0p3_ref200.json,0.5,4,fc1,1,0,0.994604229927063,0.9756906628608704,200
cka_feddst,fashion_mnist,0.7,21,results/logs/cka_strength_sweep/fashion_mnist_all_20260517_180855/strength_0p5/seed_21/splits/fashion_mnist_split_seed21_clients5_alpha0p3_ref200.json,0.5,4,fc1,1,1,1.0,0.9756906628608704,200
cka_feddst,fashion_mnist,0.7,21,results/logs/cka_strength_sweep/fashion_mnist_all_20260517_180855/strength_0p5/seed_21/splits/fashion_mnist_split_seed21_clients5_alpha0p3_ref200.json,0.5,4,fc1,1,2,0.9860002994537354,0.9756906628608704,200
cka_feddst,fashion_mnist,0.7,21,results/logs/cka_strength_sweep/fashion_mnist_all_20260517_180855/strength_0p5/seed_21/splits/fashion_mnist_split_seed21_clients5_alpha0p3_ref200.json,0.5,4,fc1,1,3,0.9968016743659973,0.9756906628608704,200
cka_feddst,fashion_mnist,0.7,21,results/logs/cka_strength_sweep/fashion_mnist_all_20260517_180855/strength_0p5/seed_21/splits/fashion_mnist_split_seed21_clients5_alpha0p3_ref200.json,0.5,4,fc1,1,4,0.9592745304107666,0.9756906628608704,200
cka_feddst,fashion_mnist,0.7,21,results/logs/cka_strength_sweep/fashion_mnist_all_20260517_180855/strength_0p5/seed_21/splits/fashion_mnist_split_seed21_clients5_alpha0p3_ref200.json,0.5,4,fc1,2,0,0.9828795194625854,0.9756906628608704,200
cka_feddst,fashion_mnist,0.7,21,results/logs/cka_strength_sweep/fashion_mnist_all_20260517_180855/strength_0p5/seed_21/splits/fashion_mnist_split_seed21_clients5_alpha0p3_ref200.json,0.5,4,fc1,2,1,0.9860002994537354,0.9756906628608704,200
cka_feddst,fashion_mnist,0.7,21,results/logs/cka_strength_sweep/fashion_mnist_all_20260517_180855/strength_0p5/seed_21/splits/fashion_mnist_split_seed21_clients5_alpha0p3_ref200.json,0.5,4,fc1,2,2,1.0,0.9756906628608704,200
cka_feddst,fashion_mnist,0.7,21,results/logs/cka_strength_sweep/fashion_mnist_all_20260517_180855/strength_0p5/seed_21/splits/fashion_mnist_split_seed21_clients5_alpha0p3_ref200.json,0.5,4,fc1,2,3,0.9854536056518555,0.9756906628608704,200
cka_feddst,fashion_mnist,0.7,21,results/logs/cka_strength_sweep/fashion_mnist_all_20260517_180855/strength_0p5/seed_21/splits/fashion_mnist_split_seed21_clients5_alpha0p3_ref200.json,0.5,4,fc1,2,4,0.943345844745636,0.9756906628608704,200
cka_feddst,fashion_mnist,0.7,21,results/logs/cka_strength_sweep/fashion_mnist_all_20260517_180855/strength_0p5/seed_21/splits/fashion_mnist_split_seed21_clients5_alpha0p3_ref200.json,0.5,4,fc1,3,0,0.996643602848053,0.9756906628608704,200
cka_feddst,fashion_mnist,0.7,21,results/logs/cka_strength_sweep/fashion_mnist_all_20260517_180855/strength_0p5/seed_21/splits/fashion_mnist_split_seed21_clients5_alpha0p3_ref200.json,0.5,4,fc1,3,1,0.9968016743659973,0.9756906628608704,200
cka_feddst,fashion_mnist,0.7,21,results/logs/cka_strength_sweep/fashion_mnist_all_20260517_180855/strength_0p5/seed_21/splits/fashion_mnist_split_seed21_clients5_alpha0p3_ref200.json,0.5,4,fc1,3,2,0.9854536056518555,0.9756906628608704,200
cka_feddst,fashion_mnist,0.7,21,results/logs/cka_strength_sweep/fashion_mnist_all_20260517_180855/strength_0p5/seed_21/splits/fashion_mnist_split_seed21_clients5_alpha0p3_ref200.json,0.5,4,fc1,3,3,1.0,0.9756906628608704,200
cka_feddst,fashion_mnist,0.7,21,results/logs/cka_strength_sweep/fashion_mnist_all_20260517_180855/strength_0p5/seed_21/splits/fashion_mnist_split_seed21_clients5_alpha0p3_ref200.json,0.5,4,fc1,3,4,0.9566843509674072,0.9756906628608704,200
cka_feddst,fashion_mnist,0.7,21,results/logs/cka_strength_sweep/fashion_mnist_all_20260517_180855/strength_0p5/seed_21/splits/fashion_mnist_split_seed21_clients5_alpha0p3_ref200.json,0.5,4,fc1,4,0,0.9552185535430908,0.9756906628608704,200
cka_feddst,fashion_mnist,0.7,21,results/logs/cka_strength_sweep/fashion_mnist_all_20260517_180855/strength_0p5/seed_21/splits/fashion_mnist_split_seed21_clients5_alpha0p3_ref200.json,0.5,4,fc1,4,1,0.9592745304107666,0.9756906628608704,200
cka_feddst,fashion_mnist,0.7,21,results/logs/cka_strength_sweep/fashion_mnist_all_20260517_180855/strength_0p5/seed_21/splits/fashion_mnist_split_seed21_clients5_alpha0p3_ref200.json,0.5,4,fc1,4,2,0.943345844745636,0.9756906628608704,200
cka_feddst,fashion_mnist,0.7,21,results/logs/cka_strength_sweep/fashion_mnist_all_20260517_180855/strength_0p5/seed_21/splits/fashion_mnist_split_seed21_clients5_alpha0p3_ref200.json,0.5,4,fc1,4,3,0.9566843509674072,0.9756906628608704,200
cka_feddst,fashion_mnist,0.7,21,results/logs/cka_strength_sweep/fashion_mnist_all_20260517_180855/strength_0p5/seed_21/splits/fashion_mnist_split_seed21_clients5_alpha0p3_ref200.json,0.5,4,fc1,4,4,1.0,0.9756906628608704,200
cka_feddst,fashion_mnist,0.7,21,results/logs/cka_strength_sweep/fashion_mnist_all_20260517_180855/strength_0p5/seed_21/splits/fashion_mnist_split_seed21_clients5_alpha0p3_ref200.json,0.5,6,conv1,0,0,1.0,0.9999998211860657,200
cka_feddst,fashion_mnist,0.7,21,results/logs/cka_strength_sweep/fashion_mnist_all_20260517_180855/strength_0p5/seed_21/splits/fashion_mnist_split_seed21_clients5_alpha0p3_ref200.json,0.5,6,conv1,0,1,1.0,0.9999998211860657,200
cka_feddst,fashion_mnist,0.7,21,results/logs/cka_strength_sweep/fashion_mnist_all_20260517_180855/strength_0p5/seed_21/splits/fashion_mnist_split_seed21_clients5_alpha0p3_ref200.json,0.5,6,conv1,0,2,1.0,0.9999998211860657,200
cka_feddst,fashion_mnist,0.7,21,results/logs/cka_strength_sweep/fashion_mnist_all_20260517_180855/strength_0p5/seed_21/splits/fashion_mnist_split_seed21_clients5_alpha0p3_ref200.json,0.5,6,conv1,0,3,1.0,0.9999998211860657,200
cka_feddst,fashion_mnist,0.7,21,results/logs/cka_strength_sweep/fashion_mnist_all_20260517_180855/strength_0p5/seed_21/splits/fashion_mnist_split_seed21_clients5_alpha0p3_ref200.json,0.5,6,conv1,0,4,0.9999999403953552,0.9999998211860657,200
cka_feddst,fashion_mnist,0.7,21,results/logs/cka_strength_sweep/fashion_mnist_all_20260517_180855/strength_0p5/seed_21/splits/fashion_mnist_split_seed21_clients5_alpha0p3_ref200.json,0.5,6,conv1,1,0,1.0,0.9999998211860657,200
cka_feddst,fashion_mnist,0.7,21,results/logs/cka_strength_sweep/fashion_mnist_all_20260517_180855/strength_0p5/seed_21/splits/fashion_mnist_split_seed21_clients5_alpha0p3_ref200.json,0.5,6,conv1,1,1,1.0,0.9999998211860657,200
cka_feddst,fashion_mnist,0.7,21,results/logs/cka_strength_sweep/fashion_mnist_all_20260517_180855/strength_0p5/seed_21/splits/fashion_mnist_split_seed21_clients5_alpha0p3_ref200.json,0.5,6,conv1,1,2,1.0,0.9999998211860657,200
cka_feddst,fashion_mnist,0.7,21,results/logs/cka_strength_sweep/fashion_mnist_all_20260517_180855/strength_0p5/seed_21/splits/fashion_mnist_split_seed21_clients5_alpha0p3_ref200.json,0.5,6,conv1,1,3,1.0,0.9999998211860657,200
cka_feddst,fashion_mnist,0.7,21,results/logs/cka_strength_sweep/fashion_mnist_all_20260517_180855/strength_0p5/seed_21/splits/fashion_mnist_split_seed21_clients5_alpha0p3_ref200.json,0.5,6,conv1,1,4,0.9999994039535522,0.9999998211860657,200
cka_feddst,fashion_mnist,0.7,21,results/logs/cka_strength_sweep/fashion_mnist_all_20260517_180855/strength_0p5/seed_21/splits/fashion_mnist_split_seed21_clients5_alpha0p3_ref200.json,0.5,6,conv1,2,0,1.0,0.9999998211860657,200
cka_feddst,fashion_mnist,0.7,21,results/logs/cka_strength_sweep/fashion_mnist_all_20260517_180855/strength_0p5/seed_21/splits/fashion_mnist_split_seed21_clients5_alpha0p3_ref200.json,0.5,6,conv1,2,1,1.0,0.9999998211860657,200
cka_feddst,fashion_mnist,0.7,21,results/logs/cka_strength_sweep/fashion_mnist_all_20260517_180855/strength_0p5/seed_21/splits/fashion_mnist_split_seed21_clients5_alpha0p3_ref200.json,0.5,6,conv1,2,2,1.0,0.9999998211860657,200
cka_feddst,fashion_mnist,0.7,21,results/logs/cka_strength_sweep/fashion_mnist_all_20260517_180855/strength_0p5/seed_21/splits/fashion_mnist_split_seed21_clients5_alpha0p3_ref200.json,0.5,6,conv1,2,3,1.0,0.9999998211860657,200
cka_feddst,fashion_mnist,0.7,21,results/logs/cka_strength_sweep/fashion_mnist_all_20260517_180855/strength_0p5/seed_21/splits/fashion_mnist_split_seed21_clients5_alpha0p3_ref200.json,0.5,6,conv1,2,4,0.9999992251396179,0.9999998211860657,200
cka_feddst,fashion_mnist,0.7,21,results/logs/cka_strength_sweep/fashion_mnist_all_20260517_180855/strength_0p5/seed_21/splits/fashion_mnist_split_seed21_clients5_alpha0p3_ref200.json,0.5,6,conv1,3,0,1.0,0.9999998211860657,200
cka_feddst,fashion_mnist,0.7,21,results/logs/cka_strength_sweep/fashion_mnist_all_20260517_180855/strength_0p5/seed_21/splits/fashion_mnist_split_seed21_clients5_alpha0p3_ref200.json,0.5,6,conv1,3,1,1.0,0.9999998211860657,200
cka_feddst,fashion_mnist,0.7,21,results/logs/cka_strength_sweep/fashion_mnist_all_20260517_180855/strength_0p5/seed_21/splits/fashion_mnist_split_seed21_clients5_alpha0p3_ref200.json,0.5,6,conv1,3,2,1.0,0.9999998211860657,200
cka_feddst,fashion_mnist,0.7,21,results/logs/cka_strength_sweep/fashion_mnist_all_20260517_180855/strength_0p5/seed_21/splits/fashion_mnist_split_seed21_clients5_alpha0p3_ref200.json,0.5,6,conv1,3,3,1.0,0.9999998211860657,200
cka_feddst,fashion_mnist,0.7,21,results/logs/cka_strength_sweep/fashion_mnist_all_20260517_180855/strength_0p5/seed_21/splits/fashion_mnist_split_seed21_clients5_alpha0p3_ref200.json,0.5,6,conv1,3,4,0.9999994039535522,0.9999998211860657,200
cka_feddst,fashion_mnist,0.7,21,results/logs/cka_strength_sweep/fashion_mnist_all_20260517_180855/strength_0p5/seed_21/splits/fashion_mnist_split_seed21_clients5_alpha0p3_ref200.json,0.5,6,conv1,4,0,0.9999999403953552,0.9999998211860657,200
cka_feddst,fashion_mnist,0.7,21,results/logs/cka_strength_sweep/fashion_mnist_all_20260517_180855/strength_0p5/seed_21/splits/fashion_mnist_split_seed21_clients5_alpha0p3_ref200.json,0.5,6,conv1,4,1,0.9999994039535522,0.9999998211860657,200
cka_feddst,fashion_mnist,0.7,21,results/logs/cka_strength_sweep/fashion_mnist_all_20260517_180855/strength_0p5/seed_21/splits/fashion_mnist_split_seed21_clients5_alpha0p3_ref200.json,0.5,6,conv1,4,2,0.9999992251396179,0.9999998211860657,200
cka_feddst,fashion_mnist,0.7,21,results/logs/cka_strength_sweep/fashion_mnist_all_20260517_180855/strength_0p5/seed_21/splits/fashion_mnist_split_seed21_clients5_alpha0p3_ref200.json,0.5,6,conv1,4,3,0.9999994039535522,0.9999998211860657,200
cka_feddst,fashion_mnist,0.7,21,results/logs/cka_strength_sweep/fashion_mnist_all_20260517_180855/strength_0p5/seed_21/splits/fashion_mnist_split_seed21_clients5_alpha0p3_ref200.json,0.5,6,conv1,4,4,1.0,0.9999998211860657,200
cka_feddst,fashion_mnist,0.7,21,results/logs/cka_strength_sweep/fashion_mnist_all_20260517_180855/strength_0p5/seed_21/splits/fashion_mnist_split_seed21_clients5_alpha0p3_ref200.json,0.5,6,conv2,0,0,1.0,0.9999984502792358,200
cka_feddst,fashion_mnist,0.7,21,results/logs/cka_strength_sweep/fashion_mnist_all_20260517_180855/strength_0p5/seed_21/splits/fashion_mnist_split_seed21_clients5_alpha0p3_ref200.json,0.5,6,conv2,0,1,0.9999995231628418,0.9999984502792358,200
cka_feddst,fashion_mnist,0.7,21,results/logs/cka_strength_sweep/fashion_mnist_all_20260517_180855/strength_0p5/seed_21/splits/fashion_mnist_split_seed21_clients5_alpha0p3_ref200.json,0.5,6,conv2,0,2,0.9999964833259583,0.9999984502792358,200
cka_feddst,fashion_mnist,0.7,21,results/logs/cka_strength_sweep/fashion_mnist_all_20260517_180855/strength_0p5/seed_21/splits/fashion_mnist_split_seed21_clients5_alpha0p3_ref200.json,0.5,6,conv2,0,3,0.9999997615814209,0.9999984502792358,200
cka_feddst,fashion_mnist,0.7,21,results/logs/cka_strength_sweep/fashion_mnist_all_20260517_180855/strength_0p5/seed_21/splits/fashion_mnist_split_seed21_clients5_alpha0p3_ref200.json,0.5,6,conv2,0,4,0.9999990463256836,0.9999984502792358,200
cka_feddst,fashion_mnist,0.7,21,results/logs/cka_strength_sweep/fashion_mnist_all_20260517_180855/strength_0p5/seed_21/splits/fashion_mnist_split_seed21_clients5_alpha0p3_ref200.json,0.5,6,conv2,1,0,0.9999995231628418,0.9999984502792358,200
cka_feddst,fashion_mnist,0.7,21,results/logs/cka_strength_sweep/fashion_mnist_all_20260517_180855/strength_0p5/seed_21/splits/fashion_mnist_split_seed21_clients5_alpha0p3_ref200.json,0.5,6,conv2,1,1,1.0,0.9999984502792358,200
cka_feddst,fashion_mnist,0.7,21,results/logs/cka_strength_sweep/fashion_mnist_all_20260517_180855/strength_0p5/seed_21/splits/fashion_mnist_split_seed21_clients5_alpha0p3_ref200.json,0.5,6,conv2,1,2,0.9999980330467224,0.9999984502792358,200
cka_feddst,fashion_mnist,0.7,21,results/logs/cka_strength_sweep/fashion_mnist_all_20260517_180855/strength_0p5/seed_21/splits/fashion_mnist_split_seed21_clients5_alpha0p3_ref200.json,0.5,6,conv2,1,3,0.9999997615814209,0.9999984502792358,200
cka_feddst,fashion_mnist,0.7,21,results/logs/cka_strength_sweep/fashion_mnist_all_20260517_180855/strength_0p5/seed_21/splits/fashion_mnist_split_seed21_clients5_alpha0p3_ref200.json,0.5,6,conv2,1,4,0.9999985694885254,0.9999984502792358,200
cka_feddst,fashion_mnist,0.7,21,results/logs/cka_strength_sweep/fashion_mnist_all_20260517_180855/strength_0p5/seed_21/splits/fashion_mnist_split_seed21_clients5_alpha0p3_ref200.json,0.5,6,conv2,2,0,0.9999964833259583,0.9999984502792358,200
cka_feddst,fashion_mnist,0.7,21,results/logs/cka_strength_sweep/fashion_mnist_all_20260517_180855/strength_0p5/seed_21/splits/fashion_mnist_split_seed21_clients5_alpha0p3_ref200.json,0.5,6,conv2,2,1,0.9999980330467224,0.9999984502792358,200
cka_feddst,fashion_mnist,0.7,21,results/logs/cka_strength_sweep/fashion_mnist_all_20260517_180855/strength_0p5/seed_21/splits/fashion_mnist_split_seed21_clients5_alpha0p3_ref200.json,0.5,6,conv2,2,2,1.0,0.9999984502792358,200
cka_feddst,fashion_mnist,0.7,21,results/logs/cka_strength_sweep/fashion_mnist_all_20260517_180855/strength_0p5/seed_21/splits/fashion_mnist_split_seed21_clients5_alpha0p3_ref200.json,0.5,6,conv2,2,3,0.9999976754188538,0.9999984502792358,200
cka_feddst,fashion_mnist,0.7,21,results/logs/cka_strength_sweep/fashion_mnist_all_20260517_180855/strength_0p5/seed_21/splits/fashion_mnist_split_seed21_clients5_alpha0p3_ref200.json,0.5,6,conv2,2,4,0.9999961853027344,0.9999984502792358,200
cka_feddst,fashion_mnist,0.7,21,results/logs/cka_strength_sweep/fashion_mnist_all_20260517_180855/strength_0p5/seed_21/splits/fashion_mnist_split_seed21_clients5_alpha0p3_ref200.json,0.5,6,conv2,3,0,0.9999997615814209,0.9999984502792358,200
cka_feddst,fashion_mnist,0.7,21,results/logs/cka_strength_sweep/fashion_mnist_all_20260517_180855/strength_0p5/seed_21/splits/fashion_mnist_split_seed21_clients5_alpha0p3_ref200.json,0.5,6,conv2,3,1,0.9999997615814209,0.9999984502792358,200
cka_feddst,fashion_mnist,0.7,21,results/logs/cka_strength_sweep/fashion_mnist_all_20260517_180855/strength_0p5/seed_21/splits/fashion_mnist_split_seed21_clients5_alpha0p3_ref200.json,0.5,6,conv2,3,2,0.9999976754188538,0.9999984502792358,200
cka_feddst,fashion_mnist,0.7,21,results/logs/cka_strength_sweep/fashion_mnist_all_20260517_180855/strength_0p5/seed_21/splits/fashion_mnist_split_seed21_clients5_alpha0p3_ref200.json,0.5,6,conv2,3,3,1.0,0.9999984502792358,200
cka_feddst,fashion_mnist,0.7,21,results/logs/cka_strength_sweep/fashion_mnist_all_20260517_180855/strength_0p5/seed_21/splits/fashion_mnist_split_seed21_clients5_alpha0p3_ref200.json,0.5,6,conv2,3,4,0.9999986886978149,0.9999984502792358,200
cka_feddst,fashion_mnist,0.7,21,results/logs/cka_strength_sweep/fashion_mnist_all_20260517_180855/strength_0p5/seed_21/splits/fashion_mnist_split_seed21_clients5_alpha0p3_ref200.json,0.5,6,conv2,4,0,0.9999990463256836,0.9999984502792358,200
cka_feddst,fashion_mnist,0.7,21,results/logs/cka_strength_sweep/fashion_mnist_all_20260517_180855/strength_0p5/seed_21/splits/fashion_mnist_split_seed21_clients5_alpha0p3_ref200.json,0.5,6,conv2,4,1,0.9999985694885254,0.9999984502792358,200
cka_feddst,fashion_mnist,0.7,21,results/logs/cka_strength_sweep/fashion_mnist_all_20260517_180855/strength_0p5/seed_21/splits/fashion_mnist_split_seed21_clients5_alpha0p3_ref200.json,0.5,6,conv2,4,2,0.9999961853027344,0.9999984502792358,200
cka_feddst,fashion_mnist,0.7,21,results/logs/cka_strength_sweep/fashion_mnist_all_20260517_180855/strength_0p5/seed_21/splits/fashion_mnist_split_seed21_clients5_alpha0p3_ref200.json,0.5,6,conv2,4,3,0.9999986886978149,0.9999984502792358,200
cka_feddst,fashion_mnist,0.7,21,results/logs/cka_strength_sweep/fashion_mnist_all_20260517_180855/strength_0p5/seed_21/splits/fashion_mnist_split_seed21_clients5_alpha0p3_ref200.json,0.5,6,conv2,4,4,1.0,0.9999984502792358,200
cka_feddst,fashion_mnist,0.7,21,results/logs/cka_strength_sweep/fashion_mnist_all_20260517_180855/strength_0p5/seed_21/splits/fashion_mnist_split_seed21_clients5_alpha0p3_ref200.json,0.5,6,fc1,0,0,1.0,0.9829419255256653,200
cka_feddst,fashion_mnist,0.7,21,results/logs/cka_strength_sweep/fashion_mnist_all_20260517_180855/strength_0p5/seed_21/splits/fashion_mnist_split_seed21_clients5_alpha0p3_ref200.json,0.5,6,fc1,0,1,0.9926136136054993,0.9829419255256653,200
cka_feddst,fashion_mnist,0.7,21,results/logs/cka_strength_sweep/fashion_mnist_all_20260517_180855/strength_0p5/seed_21/splits/fashion_mnist_split_seed21_clients5_alpha0p3_ref200.json,0.5,6,fc1,0,2,0.9840087294578552,0.9829419255256653,200
cka_feddst,fashion_mnist,0.7,21,results/logs/cka_strength_sweep/fashion_mnist_all_20260517_180855/strength_0p5/seed_21/splits/fashion_mnist_split_seed21_clients5_alpha0p3_ref200.json,0.5,6,fc1,0,3,0.996368408203125,0.9829419255256653,200
cka_feddst,fashion_mnist,0.7,21,results/logs/cka_strength_sweep/fashion_mnist_all_20260517_180855/strength_0p5/seed_21/splits/fashion_mnist_split_seed21_clients5_alpha0p3_ref200.json,0.5,6,fc1,0,4,0.9803098440170288,0.9829419255256653,200
cka_feddst,fashion_mnist,0.7,21,results/logs/cka_strength_sweep/fashion_mnist_all_20260517_180855/strength_0p5/seed_21/splits/fashion_mnist_split_seed21_clients5_alpha0p3_ref200.json,0.5,6,fc1,1,0,0.9926136136054993,0.9829419255256653,200
cka_feddst,fashion_mnist,0.7,21,results/logs/cka_strength_sweep/fashion_mnist_all_20260517_180855/strength_0p5/seed_21/splits/fashion_mnist_split_seed21_clients5_alpha0p3_ref200.json,0.5,6,fc1,1,1,1.0,0.9829419255256653,200
cka_feddst,fashion_mnist,0.7,21,results/logs/cka_strength_sweep/fashion_mnist_all_20260517_180855/strength_0p5/seed_21/splits/fashion_mnist_split_seed21_clients5_alpha0p3_ref200.json,0.5,6,fc1,1,2,0.9731742739677429,0.9829419255256653,200
cka_feddst,fashion_mnist,0.7,21,results/logs/cka_strength_sweep/fashion_mnist_all_20260517_180855/strength_0p5/seed_21/splits/fashion_mnist_split_seed21_clients5_alpha0p3_ref200.json,0.5,6,fc1,1,3,0.9972779154777527,0.9829419255256653,200
cka_feddst,fashion_mnist,0.7,21,results/logs/cka_strength_sweep/fashion_mnist_all_20260517_180855/strength_0p5/seed_21/splits/fashion_mnist_split_seed21_clients5_alpha0p3_ref200.json,0.5,6,fc1,1,4,0.9848437905311584,0.9829419255256653,200
cka_feddst,fashion_mnist,0.7,21,results/logs/cka_strength_sweep/fashion_mnist_all_20260517_180855/strength_0p5/seed_21/splits/fashion_mnist_split_seed21_clients5_alpha0p3_ref200.json,0.5,6,fc1,2,0,0.9840087294578552,0.9829419255256653,200
cka_feddst,fashion_mnist,0.7,21,results/logs/cka_strength_sweep/fashion_mnist_all_20260517_180855/strength_0p5/seed_21/splits/fashion_mnist_split_seed21_clients5_alpha0p3_ref200.json,0.5,6,fc1,2,1,0.9731742739677429,0.9829419255256653,200
cka_feddst,fashion_mnist,0.7,21,results/logs/cka_strength_sweep/fashion_mnist_all_20260517_180855/strength_0p5/seed_21/splits/fashion_mnist_split_seed21_clients5_alpha0p3_ref200.json,0.5,6,fc1,2,2,1.0,0.9829419255256653,200
cka_feddst,fashion_mnist,0.7,21,results/logs/cka_strength_sweep/fashion_mnist_all_20260517_180855/strength_0p5/seed_21/splits/fashion_mnist_split_seed21_clients5_alpha0p3_ref200.json,0.5,6,fc1,2,3,0.9760313034057617,0.9829419255256653,200
cka_feddst,fashion_mnist,0.7,21,results/logs/cka_strength_sweep/fashion_mnist_all_20260517_180855/strength_0p5/seed_21/splits/fashion_mnist_split_seed21_clients5_alpha0p3_ref200.json,0.5,6,fc1,2,4,0.9580788612365723,0.9829419255256653,200
cka_feddst,fashion_mnist,0.7,21,results/logs/cka_strength_sweep/fashion_mnist_all_20260517_180855/strength_0p5/seed_21/splits/fashion_mnist_split_seed21_clients5_alpha0p3_ref200.json,0.5,6,fc1,3,0,0.996368408203125,0.9829419255256653,200
cka_feddst,fashion_mnist,0.7,21,results/logs/cka_strength_sweep/fashion_mnist_all_20260517_180855/strength_0p5/seed_21/splits/fashion_mnist_split_seed21_clients5_alpha0p3_ref200.json,0.5,6,fc1,3,1,0.9972779154777527,0.9829419255256653,200
cka_feddst,fashion_mnist,0.7,21,results/logs/cka_strength_sweep/fashion_mnist_all_20260517_180855/strength_0p5/seed_21/splits/fashion_mnist_split_seed21_clients5_alpha0p3_ref200.json,0.5,6,fc1,3,2,0.9760313034057617,0.9829419255256653,200
cka_feddst,fashion_mnist,0.7,21,results/logs/cka_strength_sweep/fashion_mnist_all_20260517_180855/strength_0p5/seed_21/splits/fashion_mnist_split_seed21_clients5_alpha0p3_ref200.json,0.5,6,fc1,3,3,1.0,0.9829419255256653,200
cka_feddst,fashion_mnist,0.7,21,results/logs/cka_strength_sweep/fashion_mnist_all_20260517_180855/strength_0p5/seed_21/splits/fashion_mnist_split_seed21_clients5_alpha0p3_ref200.json,0.5,6,fc1,3,4,0.9867125749588013,0.9829419255256653,200
cka_feddst,fashion_mnist,0.7,21,results/logs/cka_strength_sweep/fashion_mnist_all_20260517_180855/strength_0p5/seed_21/splits/fashion_mnist_split_seed21_clients5_alpha0p3_ref200.json,0.5,6,fc1,4,0,0.9803098440170288,0.9829419255256653,200
cka_feddst,fashion_mnist,0.7,21,results/logs/cka_strength_sweep/fashion_mnist_all_20260517_180855/strength_0p5/seed_21/splits/fashion_mnist_split_seed21_clients5_alpha0p3_ref200.json,0.5,6,fc1,4,1,0.9848437905311584,0.9829419255256653,200
cka_feddst,fashion_mnist,0.7,21,results/logs/cka_strength_sweep/fashion_mnist_all_20260517_180855/strength_0p5/seed_21/splits/fashion_mnist_split_seed21_clients5_alpha0p3_ref200.json,0.5,6,fc1,4,2,0.9580788612365723,0.9829419255256653,200
cka_feddst,fashion_mnist,0.7,21,results/logs/cka_strength_sweep/fashion_mnist_all_20260517_180855/strength_0p5/seed_21/splits/fashion_mnist_split_seed21_clients5_alpha0p3_ref200.json,0.5,6,fc1,4,3,0.9867125749588013,0.9829419255256653,200
cka_feddst,fashion_mnist,0.7,21,results/logs/cka_strength_sweep/fashion_mnist_all_20260517_180855/strength_0p5/seed_21/splits/fashion_mnist_split_seed21_clients5_alpha0p3_ref200.json,0.5,6,fc1,4,4,1.0,0.9829419255256653,200
cka_feddst,fashion_mnist,0.7,21,results/logs/cka_strength_sweep/fashion_mnist_all_20260517_180855/strength_0p5/seed_21/splits/fashion_mnist_split_seed21_clients5_alpha0p3_ref200.json,0.5,8,conv1,0,0,1.0,0.9999988675117493,200
cka_feddst,fashion_mnist,0.7,21,results/logs/cka_strength_sweep/fashion_mnist_all_20260517_180855/strength_0p5/seed_21/splits/fashion_mnist_split_seed21_clients5_alpha0p3_ref200.json,0.5,8,conv1,0,1,1.0,0.9999988675117493,200
cka_feddst,fashion_mnist,0.7,21,results/logs/cka_strength_sweep/fashion_mnist_all_20260517_180855/strength_0p5/seed_21/splits/fashion_mnist_split_seed21_clients5_alpha0p3_ref200.json,0.5,8,conv1,0,2,0.9999995827674866,0.9999988675117493,200
cka_feddst,fashion_mnist,0.7,21,results/logs/cka_strength_sweep/fashion_mnist_all_20260517_180855/strength_0p5/seed_21/splits/fashion_mnist_split_seed21_clients5_alpha0p3_ref200.json,0.5,8,conv1,0,3,0.9999997019767761,0.9999988675117493,200
cka_feddst,fashion_mnist,0.7,21,results/logs/cka_strength_sweep/fashion_mnist_all_20260517_180855/strength_0p5/seed_21/splits/fashion_mnist_split_seed21_clients5_alpha0p3_ref200.json,0.5,8,conv1,0,4,0.9999983310699463,0.9999988675117493,200
cka_feddst,fashion_mnist,0.7,21,results/logs/cka_strength_sweep/fashion_mnist_all_20260517_180855/strength_0p5/seed_21/splits/fashion_mnist_split_seed21_clients5_alpha0p3_ref200.json,0.5,8,conv1,1,0,1.0,0.9999988675117493,200
cka_feddst,fashion_mnist,0.7,21,results/logs/cka_strength_sweep/fashion_mnist_all_20260517_180855/strength_0p5/seed_21/splits/fashion_mnist_split_seed21_clients5_alpha0p3_ref200.json,0.5,8,conv1,1,1,1.0,0.9999988675117493,200
cka_feddst,fashion_mnist,0.7,21,results/logs/cka_strength_sweep/fashion_mnist_all_20260517_180855/strength_0p5/seed_21/splits/fashion_mnist_split_seed21_clients5_alpha0p3_ref200.json,0.5,8,conv1,1,2,1.0,0.9999988675117493,200
cka_feddst,fashion_mnist,0.7,21,results/logs/cka_strength_sweep/fashion_mnist_all_20260517_180855/strength_0p5/seed_21/splits/fashion_mnist_split_seed21_clients5_alpha0p3_ref200.json,0.5,8,conv1,1,3,1.0,0.9999988675117493,200
cka_feddst,fashion_mnist,0.7,21,results/logs/cka_strength_sweep/fashion_mnist_all_20260517_180855/strength_0p5/seed_21/splits/fashion_mnist_split_seed21_clients5_alpha0p3_ref200.json,0.5,8,conv1,1,4,0.999997615814209,0.9999988675117493,200
cka_feddst,fashion_mnist,0.7,21,results/logs/cka_strength_sweep/fashion_mnist_all_20260517_180855/strength_0p5/seed_21/splits/fashion_mnist_split_seed21_clients5_alpha0p3_ref200.json,0.5,8,conv1,2,0,0.9999995827674866,0.9999988675117493,200
cka_feddst,fashion_mnist,0.7,21,results/logs/cka_strength_sweep/fashion_mnist_all_20260517_180855/strength_0p5/seed_21/splits/fashion_mnist_split_seed21_clients5_alpha0p3_ref200.json,0.5,8,conv1,2,1,1.0,0.9999988675117493,200
cka_feddst,fashion_mnist,0.7,21,results/logs/cka_strength_sweep/fashion_mnist_all_20260517_180855/strength_0p5/seed_21/splits/fashion_mnist_split_seed21_clients5_alpha0p3_ref200.json,0.5,8,conv1,2,2,1.0,0.9999988675117493,200
cka_feddst,fashion_mnist,0.7,21,results/logs/cka_strength_sweep/fashion_mnist_all_20260517_180855/strength_0p5/seed_21/splits/fashion_mnist_split_seed21_clients5_alpha0p3_ref200.json,0.5,8,conv1,2,3,0.9999995231628418,0.9999988675117493,200
cka_feddst,fashion_mnist,0.7,21,results/logs/cka_strength_sweep/fashion_mnist_all_20260517_180855/strength_0p5/seed_21/splits/fashion_mnist_split_seed21_clients5_alpha0p3_ref200.json,0.5,8,conv1,2,4,0.9999967217445374,0.9999988675117493,200
cka_feddst,fashion_mnist,0.7,21,results/logs/cka_strength_sweep/fashion_mnist_all_20260517_180855/strength_0p5/seed_21/splits/fashion_mnist_split_seed21_clients5_alpha0p3_ref200.json,0.5,8,conv1,3,0,0.9999997019767761,0.9999988675117493,200
cka_feddst,fashion_mnist,0.7,21,results/logs/cka_strength_sweep/fashion_mnist_all_20260517_180855/strength_0p5/seed_21/splits/fashion_mnist_split_seed21_clients5_alpha0p3_ref200.json,0.5,8,conv1,3,1,1.0,0.9999988675117493,200
cka_feddst,fashion_mnist,0.7,21,results/logs/cka_strength_sweep/fashion_mnist_all_20260517_180855/strength_0p5/seed_21/splits/fashion_mnist_split_seed21_clients5_alpha0p3_ref200.json,0.5,8,conv1,3,2,0.9999995231628418,0.9999988675117493,200
cka_feddst,fashion_mnist,0.7,21,results/logs/cka_strength_sweep/fashion_mnist_all_20260517_180855/strength_0p5/seed_21/splits/fashion_mnist_split_seed21_clients5_alpha0p3_ref200.json,0.5,8,conv1,3,3,1.0,0.9999988675117493,200
cka_feddst,fashion_mnist,0.7,21,results/logs/cka_strength_sweep/fashion_mnist_all_20260517_180855/strength_0p5/seed_21/splits/fashion_mnist_split_seed21_clients5_alpha0p3_ref200.json,0.5,8,conv1,3,4,0.9999970197677612,0.9999988675117493,200
cka_feddst,fashion_mnist,0.7,21,results/logs/cka_strength_sweep/fashion_mnist_all_20260517_180855/strength_0p5/seed_21/splits/fashion_mnist_split_seed21_clients5_alpha0p3_ref200.json,0.5,8,conv1,4,0,0.9999983310699463,0.9999988675117493,200
cka_feddst,fashion_mnist,0.7,21,results/logs/cka_strength_sweep/fashion_mnist_all_20260517_180855/strength_0p5/seed_21/splits/fashion_mnist_split_seed21_clients5_alpha0p3_ref200.json,0.5,8,conv1,4,1,0.999997615814209,0.9999988675117493,200
cka_feddst,fashion_mnist,0.7,21,results/logs/cka_strength_sweep/fashion_mnist_all_20260517_180855/strength_0p5/seed_21/splits/fashion_mnist_split_seed21_clients5_alpha0p3_ref200.json,0.5,8,conv1,4,2,0.9999967217445374,0.9999988675117493,200
cka_feddst,fashion_mnist,0.7,21,results/logs/cka_strength_sweep/fashion_mnist_all_20260517_180855/strength_0p5/seed_21/splits/fashion_mnist_split_seed21_clients5_alpha0p3_ref200.json,0.5,8,conv1,4,3,0.9999970197677612,0.9999988675117493,200
cka_feddst,fashion_mnist,0.7,21,results/logs/cka_strength_sweep/fashion_mnist_all_20260517_180855/strength_0p5/seed_21/splits/fashion_mnist_split_seed21_clients5_alpha0p3_ref200.json,0.5,8,conv1,4,4,1.0,0.9999988675117493,200
cka_feddst,fashion_mnist,0.7,21,results/logs/cka_strength_sweep/fashion_mnist_all_20260517_180855/strength_0p5/seed_21/splits/fashion_mnist_split_seed21_clients5_alpha0p3_ref200.json,0.5,8,conv2,0,0,1.0,0.9999973177909851,200
cka_feddst,fashion_mnist,0.7,21,results/logs/cka_strength_sweep/fashion_mnist_all_20260517_180855/strength_0p5/seed_21/splits/fashion_mnist_split_seed21_clients5_alpha0p3_ref200.json,0.5,8,conv2,0,1,1.0,0.9999973177909851,200
cka_feddst,fashion_mnist,0.7,21,results/logs/cka_strength_sweep/fashion_mnist_all_20260517_180855/strength_0p5/seed_21/splits/fashion_mnist_split_seed21_clients5_alpha0p3_ref200.json,0.5,8,conv2,0,2,0.9999951720237732,0.9999973177909851,200
cka_feddst,fashion_mnist,0.7,21,results/logs/cka_strength_sweep/fashion_mnist_all_20260517_180855/strength_0p5/seed_21/splits/fashion_mnist_split_seed21_clients5_alpha0p3_ref200.json,0.5,8,conv2,0,3,0.9999998807907104,0.9999973177909851,200
cka_feddst,fashion_mnist,0.7,21,results/logs/cka_strength_sweep/fashion_mnist_all_20260517_180855/strength_0p5/seed_21/splits/fashion_mnist_split_seed21_clients5_alpha0p3_ref200.json,0.5,8,conv2,0,4,0.9999977946281433,0.9999973177909851,200
cka_feddst,fashion_mnist,0.7,21,results/logs/cka_strength_sweep/fashion_mnist_all_20260517_180855/strength_0p5/seed_21/splits/fashion_mnist_split_seed21_clients5_alpha0p3_ref200.json,0.5,8,conv2,1,0,1.0,0.9999973177909851,200
cka_feddst,fashion_mnist,0.7,21,results/logs/cka_strength_sweep/fashion_mnist_all_20260517_180855/strength_0p5/seed_21/splits/fashion_mnist_split_seed21_clients5_alpha0p3_ref200.json,0.5,8,conv2,1,1,1.0,0.9999973177909851,200
cka_feddst,fashion_mnist,0.7,21,results/logs/cka_strength_sweep/fashion_mnist_all_20260517_180855/strength_0p5/seed_21/splits/fashion_mnist_split_seed21_clients5_alpha0p3_ref200.json,0.5,8,conv2,1,2,0.999996542930603,0.9999973177909851,200
cka_feddst,fashion_mnist,0.7,21,results/logs/cka_strength_sweep/fashion_mnist_all_20260517_180855/strength_0p5/seed_21/splits/fashion_mnist_split_seed21_clients5_alpha0p3_ref200.json,0.5,8,conv2,1,3,1.0,0.9999973177909851,200
cka_feddst,fashion_mnist,0.7,21,results/logs/cka_strength_sweep/fashion_mnist_all_20260517_180855/strength_0p5/seed_21/splits/fashion_mnist_split_seed21_clients5_alpha0p3_ref200.json,0.5,8,conv2,1,4,0.9999970197677612,0.9999973177909851,200
cka_feddst,fashion_mnist,0.7,21,results/logs/cka_strength_sweep/fashion_mnist_all_20260517_180855/strength_0p5/seed_21/splits/fashion_mnist_split_seed21_clients5_alpha0p3_ref200.json,0.5,8,conv2,2,0,0.9999951720237732,0.9999973177909851,200
cka_feddst,fashion_mnist,0.7,21,results/logs/cka_strength_sweep/fashion_mnist_all_20260517_180855/strength_0p5/seed_21/splits/fashion_mnist_split_seed21_clients5_alpha0p3_ref200.json,0.5,8,conv2,2,1,0.999996542930603,0.9999973177909851,200
cka_feddst,fashion_mnist,0.7,21,results/logs/cka_strength_sweep/fashion_mnist_all_20260517_180855/strength_0p5/seed_21/splits/fashion_mnist_split_seed21_clients5_alpha0p3_ref200.json,0.5,8,conv2,2,2,1.0,0.9999973177909851,200
cka_feddst,fashion_mnist,0.7,21,results/logs/cka_strength_sweep/fashion_mnist_all_20260517_180855/strength_0p5/seed_21/splits/fashion_mnist_split_seed21_clients5_alpha0p3_ref200.json,0.5,8,conv2,2,3,0.9999970197677612,0.9999973177909851,200
cka_feddst,fashion_mnist,0.7,21,results/logs/cka_strength_sweep/fashion_mnist_all_20260517_180855/strength_0p5/seed_21/splits/fashion_mnist_split_seed21_clients5_alpha0p3_ref200.json,0.5,8,conv2,2,4,0.9999929070472717,0.9999973177909851,200
cka_feddst,fashion_mnist,0.7,21,results/logs/cka_strength_sweep/fashion_mnist_all_20260517_180855/strength_0p5/seed_21/splits/fashion_mnist_split_seed21_clients5_alpha0p3_ref200.json,0.5,8,conv2,3,0,0.9999998807907104,0.9999973177909851,200
cka_feddst,fashion_mnist,0.7,21,results/logs/cka_strength_sweep/fashion_mnist_all_20260517_180855/strength_0p5/seed_21/splits/fashion_mnist_split_seed21_clients5_alpha0p3_ref200.json,0.5,8,conv2,3,1,1.0,0.9999973177909851,200
cka_feddst,fashion_mnist,0.7,21,results/logs/cka_strength_sweep/fashion_mnist_all_20260517_180855/strength_0p5/seed_21/splits/fashion_mnist_split_seed21_clients5_alpha0p3_ref200.json,0.5,8,conv2,3,2,0.9999970197677612,0.9999973177909851,200
cka_feddst,fashion_mnist,0.7,21,results/logs/cka_strength_sweep/fashion_mnist_all_20260517_180855/strength_0p5/seed_21/splits/fashion_mnist_split_seed21_clients5_alpha0p3_ref200.json,0.5,8,conv2,3,3,1.0,0.9999973177909851,200
cka_feddst,fashion_mnist,0.7,21,results/logs/cka_strength_sweep/fashion_mnist_all_20260517_180855/strength_0p5/seed_21/splits/fashion_mnist_split_seed21_clients5_alpha0p3_ref200.json,0.5,8,conv2,3,4,0.9999966025352478,0.9999973177909851,200
cka_feddst,fashion_mnist,0.7,21,results/logs/cka_strength_sweep/fashion_mnist_all_20260517_180855/strength_0p5/seed_21/splits/fashion_mnist_split_seed21_clients5_alpha0p3_ref200.json,0.5,8,conv2,4,0,0.9999977946281433,0.9999973177909851,200
cka_feddst,fashion_mnist,0.7,21,results/logs/cka_strength_sweep/fashion_mnist_all_20260517_180855/strength_0p5/seed_21/splits/fashion_mnist_split_seed21_clients5_alpha0p3_ref200.json,0.5,8,conv2,4,1,0.9999970197677612,0.9999973177909851,200
cka_feddst,fashion_mnist,0.7,21,results/logs/cka_strength_sweep/fashion_mnist_all_20260517_180855/strength_0p5/seed_21/splits/fashion_mnist_split_seed21_clients5_alpha0p3_ref200.json,0.5,8,conv2,4,2,0.9999929070472717,0.9999973177909851,200
cka_feddst,fashion_mnist,0.7,21,results/logs/cka_strength_sweep/fashion_mnist_all_20260517_180855/strength_0p5/seed_21/splits/fashion_mnist_split_seed21_clients5_alpha0p3_ref200.json,0.5,8,conv2,4,3,0.9999966025352478,0.9999973177909851,200
cka_feddst,fashion_mnist,0.7,21,results/logs/cka_strength_sweep/fashion_mnist_all_20260517_180855/strength_0p5/seed_21/splits/fashion_mnist_split_seed21_clients5_alpha0p3_ref200.json,0.5,8,conv2,4,4,1.0,0.9999973177909851,200
cka_feddst,fashion_mnist,0.7,21,results/logs/cka_strength_sweep/fashion_mnist_all_20260517_180855/strength_0p5/seed_21/splits/fashion_mnist_split_seed21_clients5_alpha0p3_ref200.json,0.5,8,fc1,0,0,1.0,0.9844673871994019,200
cka_feddst,fashion_mnist,0.7,21,results/logs/cka_strength_sweep/fashion_mnist_all_20260517_180855/strength_0p5/seed_21/splits/fashion_mnist_split_seed21_clients5_alpha0p3_ref200.json,0.5,8,fc1,0,1,0.9963111281394958,0.9844673871994019,200
cka_feddst,fashion_mnist,0.7,21,results/logs/cka_strength_sweep/fashion_mnist_all_20260517_180855/strength_0p5/seed_21/splits/fashion_mnist_split_seed21_clients5_alpha0p3_ref200.json,0.5,8,fc1,0,2,0.9857221245765686,0.9844673871994019,200
cka_feddst,fashion_mnist,0.7,21,results/logs/cka_strength_sweep/fashion_mnist_all_20260517_180855/strength_0p5/seed_21/splits/fashion_mnist_split_seed21_clients5_alpha0p3_ref200.json,0.5,8,fc1,0,3,0.9979745745658875,0.9844673871994019,200
cka_feddst,fashion_mnist,0.7,21,results/logs/cka_strength_sweep/fashion_mnist_all_20260517_180855/strength_0p5/seed_21/splits/fashion_mnist_split_seed21_clients5_alpha0p3_ref200.json,0.5,8,fc1,0,4,0.9797059893608093,0.9844673871994019,200
cka_feddst,fashion_mnist,0.7,21,results/logs/cka_strength_sweep/fashion_mnist_all_20260517_180855/strength_0p5/seed_21/splits/fashion_mnist_split_seed21_clients5_alpha0p3_ref200.json,0.5,8,fc1,1,0,0.9963111281394958,0.9844673871994019,200
cka_feddst,fashion_mnist,0.7,21,results/logs/cka_strength_sweep/fashion_mnist_all_20260517_180855/strength_0p5/seed_21/splits/fashion_mnist_split_seed21_clients5_alpha0p3_ref200.json,0.5,8,fc1,1,1,1.0,0.9844673871994019,200
cka_feddst,fashion_mnist,0.7,21,results/logs/cka_strength_sweep/fashion_mnist_all_20260517_180855/strength_0p5/seed_21/splits/fashion_mnist_split_seed21_clients5_alpha0p3_ref200.json,0.5,8,fc1,1,2,0.9795494079589844,0.9844673871994019,200
cka_feddst,fashion_mnist,0.7,21,results/logs/cka_strength_sweep/fashion_mnist_all_20260517_180855/strength_0p5/seed_21/splits/fashion_mnist_split_seed21_clients5_alpha0p3_ref200.json,0.5,8,fc1,1,3,0.996319055557251,0.9844673871994019,200
cka_feddst,fashion_mnist,0.7,21,results/logs/cka_strength_sweep/fashion_mnist_all_20260517_180855/strength_0p5/seed_21/splits/fashion_mnist_split_seed21_clients5_alpha0p3_ref200.json,0.5,8,fc1,1,4,0.9852139949798584,0.9844673871994019,200
cka_feddst,fashion_mnist,0.7,21,results/logs/cka_strength_sweep/fashion_mnist_all_20260517_180855/strength_0p5/seed_21/splits/fashion_mnist_split_seed21_clients5_alpha0p3_ref200.json,0.5,8,fc1,2,0,0.9857221245765686,0.9844673871994019,200
cka_feddst,fashion_mnist,0.7,21,results/logs/cka_strength_sweep/fashion_mnist_all_20260517_180855/strength_0p5/seed_21/splits/fashion_mnist_split_seed21_clients5_alpha0p3_ref200.json,0.5,8,fc1,2,1,0.9795494079589844,0.9844673871994019,200
cka_feddst,fashion_mnist,0.7,21,results/logs/cka_strength_sweep/fashion_mnist_all_20260517_180855/strength_0p5/seed_21/splits/fashion_mnist_split_seed21_clients5_alpha0p3_ref200.json,0.5,8,fc1,2,2,1.0,0.9844673871994019,200
cka_feddst,fashion_mnist,0.7,21,results/logs/cka_strength_sweep/fashion_mnist_all_20260517_180855/strength_0p5/seed_21/splits/fashion_mnist_split_seed21_clients5_alpha0p3_ref200.json,0.5,8,fc1,2,3,0.980090856552124,0.9844673871994019,200
cka_feddst,fashion_mnist,0.7,21,results/logs/cka_strength_sweep/fashion_mnist_all_20260517_180855/strength_0p5/seed_21/splits/fashion_mnist_split_seed21_clients5_alpha0p3_ref200.json,0.5,8,fc1,2,4,0.9605848789215088,0.9844673871994019,200
cka_feddst,fashion_mnist,0.7,21,results/logs/cka_strength_sweep/fashion_mnist_all_20260517_180855/strength_0p5/seed_21/splits/fashion_mnist_split_seed21_clients5_alpha0p3_ref200.json,0.5,8,fc1,3,0,0.9979745745658875,0.9844673871994019,200
cka_feddst,fashion_mnist,0.7,21,results/logs/cka_strength_sweep/fashion_mnist_all_20260517_180855/strength_0p5/seed_21/splits/fashion_mnist_split_seed21_clients5_alpha0p3_ref200.json,0.5,8,fc1,3,1,0.996319055557251,0.9844673871994019,200
cka_feddst,fashion_mnist,0.7,21,results/logs/cka_strength_sweep/fashion_mnist_all_20260517_180855/strength_0p5/seed_21/splits/fashion_mnist_split_seed21_clients5_alpha0p3_ref200.json,0.5,8,fc1,3,2,0.980090856552124,0.9844673871994019,200
cka_feddst,fashion_mnist,0.7,21,results/logs/cka_strength_sweep/fashion_mnist_all_20260517_180855/strength_0p5/seed_21/splits/fashion_mnist_split_seed21_clients5_alpha0p3_ref200.json,0.5,8,fc1,3,3,1.0,0.9844673871994019,200
cka_feddst,fashion_mnist,0.7,21,results/logs/cka_strength_sweep/fashion_mnist_all_20260517_180855/strength_0p5/seed_21/splits/fashion_mnist_split_seed21_clients5_alpha0p3_ref200.json,0.5,8,fc1,3,4,0.9832020401954651,0.9844673871994019,200
cka_feddst,fashion_mnist,0.7,21,results/logs/cka_strength_sweep/fashion_mnist_all_20260517_180855/strength_0p5/seed_21/splits/fashion_mnist_split_seed21_clients5_alpha0p3_ref200.json,0.5,8,fc1,4,0,0.9797059893608093,0.9844673871994019,200
cka_feddst,fashion_mnist,0.7,21,results/logs/cka_strength_sweep/fashion_mnist_all_20260517_180855/strength_0p5/seed_21/splits/fashion_mnist_split_seed21_clients5_alpha0p3_ref200.json,0.5,8,fc1,4,1,0.9852139949798584,0.9844673871994019,200
cka_feddst,fashion_mnist,0.7,21,results/logs/cka_strength_sweep/fashion_mnist_all_20260517_180855/strength_0p5/seed_21/splits/fashion_mnist_split_seed21_clients5_alpha0p3_ref200.json,0.5,8,fc1,4,2,0.9605848789215088,0.9844673871994019,200
cka_feddst,fashion_mnist,0.7,21,results/logs/cka_strength_sweep/fashion_mnist_all_20260517_180855/strength_0p5/seed_21/splits/fashion_mnist_split_seed21_clients5_alpha0p3_ref200.json,0.5,8,fc1,4,3,0.9832020401954651,0.9844673871994019,200
cka_feddst,fashion_mnist,0.7,21,results/logs/cka_strength_sweep/fashion_mnist_all_20260517_180855/strength_0p5/seed_21/splits/fashion_mnist_split_seed21_clients5_alpha0p3_ref200.json,0.5,8,fc1,4,4,1.0,0.9844673871994019,200
cka_feddst,fashion_mnist,0.7,21,results/logs/cka_strength_sweep/fashion_mnist_all_20260517_180855/strength_0p5/seed_21/splits/fashion_mnist_split_seed21_clients5_alpha0p3_ref200.json,0.5,10,conv1,0,0,1.0,0.9999986886978149,200
cka_feddst,fashion_mnist,0.7,21,results/logs/cka_strength_sweep/fashion_mnist_all_20260517_180855/strength_0p5/seed_21/splits/fashion_mnist_split_seed21_clients5_alpha0p3_ref200.json,0.5,10,conv1,0,1,1.0,0.9999986886978149,200
cka_feddst,fashion_mnist,0.7,21,results/logs/cka_strength_sweep/fashion_mnist_all_20260517_180855/strength_0p5/seed_21/splits/fashion_mnist_split_seed21_clients5_alpha0p3_ref200.json,0.5,10,conv1,0,2,1.0,0.9999986886978149,200
cka_feddst,fashion_mnist,0.7,21,results/logs/cka_strength_sweep/fashion_mnist_all_20260517_180855/strength_0p5/seed_21/splits/fashion_mnist_split_seed21_clients5_alpha0p3_ref200.json,0.5,10,conv1,0,3,1.0,0.9999986886978149,200
cka_feddst,fashion_mnist,0.7,21,results/logs/cka_strength_sweep/fashion_mnist_all_20260517_180855/strength_0p5/seed_21/splits/fashion_mnist_split_seed21_clients5_alpha0p3_ref200.json,0.5,10,conv1,0,4,0.9999974966049194,0.9999986886978149,200
cka_feddst,fashion_mnist,0.7,21,results/logs/cka_strength_sweep/fashion_mnist_all_20260517_180855/strength_0p5/seed_21/splits/fashion_mnist_split_seed21_clients5_alpha0p3_ref200.json,0.5,10,conv1,1,0,1.0,0.9999986886978149,200
cka_feddst,fashion_mnist,0.7,21,results/logs/cka_strength_sweep/fashion_mnist_all_20260517_180855/strength_0p5/seed_21/splits/fashion_mnist_split_seed21_clients5_alpha0p3_ref200.json,0.5,10,conv1,1,1,1.0,0.9999986886978149,200
cka_feddst,fashion_mnist,0.7,21,results/logs/cka_strength_sweep/fashion_mnist_all_20260517_180855/strength_0p5/seed_21/splits/fashion_mnist_split_seed21_clients5_alpha0p3_ref200.json,0.5,10,conv1,1,2,1.0,0.9999986886978149,200
cka_feddst,fashion_mnist,0.7,21,results/logs/cka_strength_sweep/fashion_mnist_all_20260517_180855/strength_0p5/seed_21/splits/fashion_mnist_split_seed21_clients5_alpha0p3_ref200.json,0.5,10,conv1,1,3,0.9999999403953552,0.9999986886978149,200
cka_feddst,fashion_mnist,0.7,21,results/logs/cka_strength_sweep/fashion_mnist_all_20260517_180855/strength_0p5/seed_21/splits/fashion_mnist_split_seed21_clients5_alpha0p3_ref200.json,0.5,10,conv1,1,4,0.9999970197677612,0.9999986886978149,200
cka_feddst,fashion_mnist,0.7,21,results/logs/cka_strength_sweep/fashion_mnist_all_20260517_180855/strength_0p5/seed_21/splits/fashion_mnist_split_seed21_clients5_alpha0p3_ref200.json,0.5,10,conv1,2,0,1.0,0.9999986886978149,200
cka_feddst,fashion_mnist,0.7,21,results/logs/cka_strength_sweep/fashion_mnist_all_20260517_180855/strength_0p5/seed_21/splits/fashion_mnist_split_seed21_clients5_alpha0p3_ref200.json,0.5,10,conv1,2,1,1.0,0.9999986886978149,200
cka_feddst,fashion_mnist,0.7,21,results/logs/cka_strength_sweep/fashion_mnist_all_20260517_180855/strength_0p5/seed_21/splits/fashion_mnist_split_seed21_clients5_alpha0p3_ref200.json,0.5,10,conv1,2,2,1.0,0.9999986886978149,200
cka_feddst,fashion_mnist,0.7,21,results/logs/cka_strength_sweep/fashion_mnist_all_20260517_180855/strength_0p5/seed_21/splits/fashion_mnist_split_seed21_clients5_alpha0p3_ref200.json,0.5,10,conv1,2,3,1.0,0.9999986886978149,200
cka_feddst,fashion_mnist,0.7,21,results/logs/cka_strength_sweep/fashion_mnist_all_20260517_180855/strength_0p5/seed_21/splits/fashion_mnist_split_seed21_clients5_alpha0p3_ref200.json,0.5,10,conv1,2,4,0.9999964833259583,0.9999986886978149,200
cka_feddst,fashion_mnist,0.7,21,results/logs/cka_strength_sweep/fashion_mnist_all_20260517_180855/strength_0p5/seed_21/splits/fashion_mnist_split_seed21_clients5_alpha0p3_ref200.json,0.5,10,conv1,3,0,1.0,0.9999986886978149,200
cka_feddst,fashion_mnist,0.7,21,results/logs/cka_strength_sweep/fashion_mnist_all_20260517_180855/strength_0p5/seed_21/splits/fashion_mnist_split_seed21_clients5_alpha0p3_ref200.json,0.5,10,conv1,3,1,0.9999999403953552,0.9999986886978149,200
cka_feddst,fashion_mnist,0.7,21,results/logs/cka_strength_sweep/fashion_mnist_all_20260517_180855/strength_0p5/seed_21/splits/fashion_mnist_split_seed21_clients5_alpha0p3_ref200.json,0.5,10,conv1,3,2,1.0,0.9999986886978149,200
cka_feddst,fashion_mnist,0.7,21,results/logs/cka_strength_sweep/fashion_mnist_all_20260517_180855/strength_0p5/seed_21/splits/fashion_mnist_split_seed21_clients5_alpha0p3_ref200.json,0.5,10,conv1,3,3,1.0,0.9999986886978149,200
cka_feddst,fashion_mnist,0.7,21,results/logs/cka_strength_sweep/fashion_mnist_all_20260517_180855/strength_0p5/seed_21/splits/fashion_mnist_split_seed21_clients5_alpha0p3_ref200.json,0.5,10,conv1,3,4,0.9999955892562866,0.9999986886978149,200
cka_feddst,fashion_mnist,0.7,21,results/logs/cka_strength_sweep/fashion_mnist_all_20260517_180855/strength_0p5/seed_21/splits/fashion_mnist_split_seed21_clients5_alpha0p3_ref200.json,0.5,10,conv1,4,0,0.9999974966049194,0.9999986886978149,200
cka_feddst,fashion_mnist,0.7,21,results/logs/cka_strength_sweep/fashion_mnist_all_20260517_180855/strength_0p5/seed_21/splits/fashion_mnist_split_seed21_clients5_alpha0p3_ref200.json,0.5,10,conv1,4,1,0.9999970197677612,0.9999986886978149,200
cka_feddst,fashion_mnist,0.7,21,results/logs/cka_strength_sweep/fashion_mnist_all_20260517_180855/strength_0p5/seed_21/splits/fashion_mnist_split_seed21_clients5_alpha0p3_ref200.json,0.5,10,conv1,4,2,0.9999964833259583,0.9999986886978149,200
cka_feddst,fashion_mnist,0.7,21,results/logs/cka_strength_sweep/fashion_mnist_all_20260517_180855/strength_0p5/seed_21/splits/fashion_mnist_split_seed21_clients5_alpha0p3_ref200.json,0.5,10,conv1,4,3,0.9999955892562866,0.9999986886978149,200
cka_feddst,fashion_mnist,0.7,21,results/logs/cka_strength_sweep/fashion_mnist_all_20260517_180855/strength_0p5/seed_21/splits/fashion_mnist_split_seed21_clients5_alpha0p3_ref200.json,0.5,10,conv1,4,4,1.0,0.9999986886978149,200
cka_feddst,fashion_mnist,0.7,21,results/logs/cka_strength_sweep/fashion_mnist_all_20260517_180855/strength_0p5/seed_21/splits/fashion_mnist_split_seed21_clients5_alpha0p3_ref200.json,0.5,10,conv2,0,0,1.0,0.9999974966049194,200
cka_feddst,fashion_mnist,0.7,21,results/logs/cka_strength_sweep/fashion_mnist_all_20260517_180855/strength_0p5/seed_21/splits/fashion_mnist_split_seed21_clients5_alpha0p3_ref200.json,0.5,10,conv2,0,1,0.999999463558197,0.9999974966049194,200
cka_feddst,fashion_mnist,0.7,21,results/logs/cka_strength_sweep/fashion_mnist_all_20260517_180855/strength_0p5/seed_21/splits/fashion_mnist_split_seed21_clients5_alpha0p3_ref200.json,0.5,10,conv2,0,2,0.9999974966049194,0.9999974966049194,200
cka_feddst,fashion_mnist,0.7,21,results/logs/cka_strength_sweep/fashion_mnist_all_20260517_180855/strength_0p5/seed_21/splits/fashion_mnist_split_seed21_clients5_alpha0p3_ref200.json,0.5,10,conv2,0,3,0.9999997615814209,0.9999974966049194,200
cka_feddst,fashion_mnist,0.7,21,results/logs/cka_strength_sweep/fashion_mnist_all_20260517_180855/strength_0p5/seed_21/splits/fashion_mnist_split_seed21_clients5_alpha0p3_ref200.json,0.5,10,conv2,0,4,0.9999963641166687,0.9999974966049194,200
cka_feddst,fashion_mnist,0.7,21,results/logs/cka_strength_sweep/fashion_mnist_all_20260517_180855/strength_0p5/seed_21/splits/fashion_mnist_split_seed21_clients5_alpha0p3_ref200.json,0.5,10,conv2,1,0,0.999999463558197,0.9999974966049194,200
cka_feddst,fashion_mnist,0.7,21,results/logs/cka_strength_sweep/fashion_mnist_all_20260517_180855/strength_0p5/seed_21/splits/fashion_mnist_split_seed21_clients5_alpha0p3_ref200.json,0.5,10,conv2,1,1,1.0,0.9999974966049194,200
cka_feddst,fashion_mnist,0.7,21,results/logs/cka_strength_sweep/fashion_mnist_all_20260517_180855/strength_0p5/seed_21/splits/fashion_mnist_split_seed21_clients5_alpha0p3_ref200.json,0.5,10,conv2,1,2,0.9999982118606567,0.9999974966049194,200
cka_feddst,fashion_mnist,0.7,21,results/logs/cka_strength_sweep/fashion_mnist_all_20260517_180855/strength_0p5/seed_21/splits/fashion_mnist_split_seed21_clients5_alpha0p3_ref200.json,0.5,10,conv2,1,3,1.0,0.9999974966049194,200
cka_feddst,fashion_mnist,0.7,21,results/logs/cka_strength_sweep/fashion_mnist_all_20260517_180855/strength_0p5/seed_21/splits/fashion_mnist_split_seed21_clients5_alpha0p3_ref200.json,0.5,10,conv2,1,4,0.9999962449073792,0.9999974966049194,200
cka_feddst,fashion_mnist,0.7,21,results/logs/cka_strength_sweep/fashion_mnist_all_20260517_180855/strength_0p5/seed_21/splits/fashion_mnist_split_seed21_clients5_alpha0p3_ref200.json,0.5,10,conv2,2,0,0.9999974966049194,0.9999974966049194,200
cka_feddst,fashion_mnist,0.7,21,results/logs/cka_strength_sweep/fashion_mnist_all_20260517_180855/strength_0p5/seed_21/splits/fashion_mnist_split_seed21_clients5_alpha0p3_ref200.json,0.5,10,conv2,2,1,0.9999982118606567,0.9999974966049194,200
cka_feddst,fashion_mnist,0.7,21,results/logs/cka_strength_sweep/fashion_mnist_all_20260517_180855/strength_0p5/seed_21/splits/fashion_mnist_split_seed21_clients5_alpha0p3_ref200.json,0.5,10,conv2,2,2,1.0,0.9999974966049194,200
cka_feddst,fashion_mnist,0.7,21,results/logs/cka_strength_sweep/fashion_mnist_all_20260517_180855/strength_0p5/seed_21/splits/fashion_mnist_split_seed21_clients5_alpha0p3_ref200.json,0.5,10,conv2,2,3,0.9999991059303284,0.9999974966049194,200
cka_feddst,fashion_mnist,0.7,21,results/logs/cka_strength_sweep/fashion_mnist_all_20260517_180855/strength_0p5/seed_21/splits/fashion_mnist_split_seed21_clients5_alpha0p3_ref200.json,0.5,10,conv2,2,4,0.9999936819076538,0.9999974966049194,200
cka_feddst,fashion_mnist,0.7,21,results/logs/cka_strength_sweep/fashion_mnist_all_20260517_180855/strength_0p5/seed_21/splits/fashion_mnist_split_seed21_clients5_alpha0p3_ref200.json,0.5,10,conv2,3,0,0.9999997615814209,0.9999974966049194,200
cka_feddst,fashion_mnist,0.7,21,results/logs/cka_strength_sweep/fashion_mnist_all_20260517_180855/strength_0p5/seed_21/splits/fashion_mnist_split_seed21_clients5_alpha0p3_ref200.json,0.5,10,conv2,3,1,1.0,0.9999974966049194,200
cka_feddst,fashion_mnist,0.7,21,results/logs/cka_strength_sweep/fashion_mnist_all_20260517_180855/strength_0p5/seed_21/splits/fashion_mnist_split_seed21_clients5_alpha0p3_ref200.json,0.5,10,conv2,3,2,0.9999991059303284,0.9999974966049194,200
cka_feddst,fashion_mnist,0.7,21,results/logs/cka_strength_sweep/fashion_mnist_all_20260517_180855/strength_0p5/seed_21/splits/fashion_mnist_split_seed21_clients5_alpha0p3_ref200.json,0.5,10,conv2,3,3,1.0,0.9999974966049194,200
cka_feddst,fashion_mnist,0.7,21,results/logs/cka_strength_sweep/fashion_mnist_all_20260517_180855/strength_0p5/seed_21/splits/fashion_mnist_split_seed21_clients5_alpha0p3_ref200.json,0.5,10,conv2,3,4,0.9999955892562866,0.9999974966049194,200
cka_feddst,fashion_mnist,0.7,21,results/logs/cka_strength_sweep/fashion_mnist_all_20260517_180855/strength_0p5/seed_21/splits/fashion_mnist_split_seed21_clients5_alpha0p3_ref200.json,0.5,10,conv2,4,0,0.9999963641166687,0.9999974966049194,200
cka_feddst,fashion_mnist,0.7,21,results/logs/cka_strength_sweep/fashion_mnist_all_20260517_180855/strength_0p5/seed_21/splits/fashion_mnist_split_seed21_clients5_alpha0p3_ref200.json,0.5,10,conv2,4,1,0.9999962449073792,0.9999974966049194,200
cka_feddst,fashion_mnist,0.7,21,results/logs/cka_strength_sweep/fashion_mnist_all_20260517_180855/strength_0p5/seed_21/splits/fashion_mnist_split_seed21_clients5_alpha0p3_ref200.json,0.5,10,conv2,4,2,0.9999936819076538,0.9999974966049194,200
cka_feddst,fashion_mnist,0.7,21,results/logs/cka_strength_sweep/fashion_mnist_all_20260517_180855/strength_0p5/seed_21/splits/fashion_mnist_split_seed21_clients5_alpha0p3_ref200.json,0.5,10,conv2,4,3,0.9999955892562866,0.9999974966049194,200
cka_feddst,fashion_mnist,0.7,21,results/logs/cka_strength_sweep/fashion_mnist_all_20260517_180855/strength_0p5/seed_21/splits/fashion_mnist_split_seed21_clients5_alpha0p3_ref200.json,0.5,10,conv2,4,4,1.0,0.9999974966049194,200
cka_feddst,fashion_mnist,0.7,21,results/logs/cka_strength_sweep/fashion_mnist_all_20260517_180855/strength_0p5/seed_21/splits/fashion_mnist_split_seed21_clients5_alpha0p3_ref200.json,0.5,10,fc1,0,0,1.0,0.9813612699508667,200
cka_feddst,fashion_mnist,0.7,21,results/logs/cka_strength_sweep/fashion_mnist_all_20260517_180855/strength_0p5/seed_21/splits/fashion_mnist_split_seed21_clients5_alpha0p3_ref200.json,0.5,10,fc1,0,1,0.9967267513275146,0.9813612699508667,200
cka_feddst,fashion_mnist,0.7,21,results/logs/cka_strength_sweep/fashion_mnist_all_20260517_180855/strength_0p5/seed_21/splits/fashion_mnist_split_seed21_clients5_alpha0p3_ref200.json,0.5,10,fc1,0,2,0.9671647548675537,0.9813612699508667,200
cka_feddst,fashion_mnist,0.7,21,results/logs/cka_strength_sweep/fashion_mnist_all_20260517_180855/strength_0p5/seed_21/splits/fashion_mnist_split_seed21_clients5_alpha0p3_ref200.json,0.5,10,fc1,0,3,0.9976154565811157,0.9813612699508667,200
cka_feddst,fashion_mnist,0.7,21,results/logs/cka_strength_sweep/fashion_mnist_all_20260517_180855/strength_0p5/seed_21/splits/fashion_mnist_split_seed21_clients5_alpha0p3_ref200.json,0.5,10,fc1,0,4,0.9922557473182678,0.9813612699508667,200
cka_feddst,fashion_mnist,0.7,21,results/logs/cka_strength_sweep/fashion_mnist_all_20260517_180855/strength_0p5/seed_21/splits/fashion_mnist_split_seed21_clients5_alpha0p3_ref200.json,0.5,10,fc1,1,0,0.9967267513275146,0.9813612699508667,200
cka_feddst,fashion_mnist,0.7,21,results/logs/cka_strength_sweep/fashion_mnist_all_20260517_180855/strength_0p5/seed_21/splits/fashion_mnist_split_seed21_clients5_alpha0p3_ref200.json,0.5,10,fc1,1,1,1.0,0.9813612699508667,200
cka_feddst,fashion_mnist,0.7,21,results/logs/cka_strength_sweep/fashion_mnist_all_20260517_180855/strength_0p5/seed_21/splits/fashion_mnist_split_seed21_clients5_alpha0p3_ref200.json,0.5,10,fc1,1,2,0.9562364816665649,0.9813612699508667,200
cka_feddst,fashion_mnist,0.7,21,results/logs/cka_strength_sweep/fashion_mnist_all_20260517_180855/strength_0p5/seed_21/splits/fashion_mnist_split_seed21_clients5_alpha0p3_ref200.json,0.5,10,fc1,1,3,0.9966594576835632,0.9813612699508667,200
cka_feddst,fashion_mnist,0.7,21,results/logs/cka_strength_sweep/fashion_mnist_all_20260517_180855/strength_0p5/seed_21/splits/fashion_mnist_split_seed21_clients5_alpha0p3_ref200.json,0.5,10,fc1,1,4,0.9932811260223389,0.9813612699508667,200
cka_feddst,fashion_mnist,0.7,21,results/logs/cka_strength_sweep/fashion_mnist_all_20260517_180855/strength_0p5/seed_21/splits/fashion_mnist_split_seed21_clients5_alpha0p3_ref200.json,0.5,10,fc1,2,0,0.9671647548675537,0.9813612699508667,200
cka_feddst,fashion_mnist,0.7,21,results/logs/cka_strength_sweep/fashion_mnist_all_20260517_180855/strength_0p5/seed_21/splits/fashion_mnist_split_seed21_clients5_alpha0p3_ref200.json,0.5,10,fc1,2,1,0.9562364816665649,0.9813612699508667,200
cka_feddst,fashion_mnist,0.7,21,results/logs/cka_strength_sweep/fashion_mnist_all_20260517_180855/strength_0p5/seed_21/splits/fashion_mnist_split_seed21_clients5_alpha0p3_ref200.json,0.5,10,fc1,2,2,1.0,0.9813612699508667,200
cka_feddst,fashion_mnist,0.7,21,results/logs/cka_strength_sweep/fashion_mnist_all_20260517_180855/strength_0p5/seed_21/splits/fashion_mnist_split_seed21_clients5_alpha0p3_ref200.json,0.5,10,fc1,2,3,0.9640629291534424,0.9813612699508667,200
cka_feddst,fashion_mnist,0.7,21,results/logs/cka_strength_sweep/fashion_mnist_all_20260517_180855/strength_0p5/seed_21/splits/fashion_mnist_split_seed21_clients5_alpha0p3_ref200.json,0.5,10,fc1,2,4,0.9594444036483765,0.9813612699508667,200
cka_feddst,fashion_mnist,0.7,21,results/logs/cka_strength_sweep/fashion_mnist_all_20260517_180855/strength_0p5/seed_21/splits/fashion_mnist_split_seed21_clients5_alpha0p3_ref200.json,0.5,10,fc1,3,0,0.9976154565811157,0.9813612699508667,200
cka_feddst,fashion_mnist,0.7,21,results/logs/cka_strength_sweep/fashion_mnist_all_20260517_180855/strength_0p5/seed_21/splits/fashion_mnist_split_seed21_clients5_alpha0p3_ref200.json,0.5,10,fc1,3,1,0.9966594576835632,0.9813612699508667,200
cka_feddst,fashion_mnist,0.7,21,results/logs/cka_strength_sweep/fashion_mnist_all_20260517_180855/strength_0p5/seed_21/splits/fashion_mnist_split_seed21_clients5_alpha0p3_ref200.json,0.5,10,fc1,3,2,0.9640629291534424,0.9813612699508667,200
cka_feddst,fashion_mnist,0.7,21,results/logs/cka_strength_sweep/fashion_mnist_all_20260517_180855/strength_0p5/seed_21/splits/fashion_mnist_split_seed21_clients5_alpha0p3_ref200.json,0.5,10,fc1,3,3,1.0,0.9813612699508667,200
cka_feddst,fashion_mnist,0.7,21,results/logs/cka_strength_sweep/fashion_mnist_all_20260517_180855/strength_0p5/seed_21/splits/fashion_mnist_split_seed21_clients5_alpha0p3_ref200.json,0.5,10,fc1,3,4,0.9901665449142456,0.9813612699508667,200
cka_feddst,fashion_mnist,0.7,21,results/logs/cka_strength_sweep/fashion_mnist_all_20260517_180855/strength_0p5/seed_21/splits/fashion_mnist_split_seed21_clients5_alpha0p3_ref200.json,0.5,10,fc1,4,0,0.9922557473182678,0.9813612699508667,200
cka_feddst,fashion_mnist,0.7,21,results/logs/cka_strength_sweep/fashion_mnist_all_20260517_180855/strength_0p5/seed_21/splits/fashion_mnist_split_seed21_clients5_alpha0p3_ref200.json,0.5,10,fc1,4,1,0.9932811260223389,0.9813612699508667,200
cka_feddst,fashion_mnist,0.7,21,results/logs/cka_strength_sweep/fashion_mnist_all_20260517_180855/strength_0p5/seed_21/splits/fashion_mnist_split_seed21_clients5_alpha0p3_ref200.json,0.5,10,fc1,4,2,0.9594444036483765,0.9813612699508667,200
cka_feddst,fashion_mnist,0.7,21,results/logs/cka_strength_sweep/fashion_mnist_all_20260517_180855/strength_0p5/seed_21/splits/fashion_mnist_split_seed21_clients5_alpha0p3_ref200.json,0.5,10,fc1,4,3,0.9901665449142456,0.9813612699508667,200
cka_feddst,fashion_mnist,0.7,21,results/logs/cka_strength_sweep/fashion_mnist_all_20260517_180855/strength_0p5/seed_21/splits/fashion_mnist_split_seed21_clients5_alpha0p3_ref200.json,0.5,10,fc1,4,4,1.0,0.9813612699508667,200
cka_feddst,fashion_mnist,0.7,21,results/logs/cka_strength_sweep/fashion_mnist_all_20260517_180855/strength_0p5/seed_21/splits/fashion_mnist_split_seed21_clients5_alpha0p3_ref200.json,0.5,12,conv1,0,0,1.0,0.9999970197677612,200
cka_feddst,fashion_mnist,0.7,21,results/logs/cka_strength_sweep/fashion_mnist_all_20260517_180855/strength_0p5/seed_21/splits/fashion_mnist_split_seed21_clients5_alpha0p3_ref200.json,0.5,12,conv1,0,1,0.9999995827674866,0.9999970197677612,200
cka_feddst,fashion_mnist,0.7,21,results/logs/cka_strength_sweep/fashion_mnist_all_20260517_180855/strength_0p5/seed_21/splits/fashion_mnist_split_seed21_clients5_alpha0p3_ref200.json,0.5,12,conv1,0,2,0.9999992847442627,0.9999970197677612,200
cka_feddst,fashion_mnist,0.7,21,results/logs/cka_strength_sweep/fashion_mnist_all_20260517_180855/strength_0p5/seed_21/splits/fashion_mnist_split_seed21_clients5_alpha0p3_ref200.json,0.5,12,conv1,0,3,0.9999996423721313,0.9999970197677612,200
cka_feddst,fashion_mnist,0.7,21,results/logs/cka_strength_sweep/fashion_mnist_all_20260517_180855/strength_0p5/seed_21/splits/fashion_mnist_split_seed21_clients5_alpha0p3_ref200.json,0.5,12,conv1,0,4,0.9999938607215881,0.9999970197677612,200
cka_feddst,fashion_mnist,0.7,21,results/logs/cka_strength_sweep/fashion_mnist_all_20260517_180855/strength_0p5/seed_21/splits/fashion_mnist_split_seed21_clients5_alpha0p3_ref200.json,0.5,12,conv1,1,0,0.9999995827674866,0.9999970197677612,200
cka_feddst,fashion_mnist,0.7,21,results/logs/cka_strength_sweep/fashion_mnist_all_20260517_180855/strength_0p5/seed_21/splits/fashion_mnist_split_seed21_clients5_alpha0p3_ref200.json,0.5,12,conv1,1,1,1.0,0.9999970197677612,200
cka_feddst,fashion_mnist,0.7,21,results/logs/cka_strength_sweep/fashion_mnist_all_20260517_180855/strength_0p5/seed_21/splits/fashion_mnist_split_seed21_clients5_alpha0p3_ref200.json,0.5,12,conv1,1,2,0.9999996423721313,0.9999970197677612,200
cka_feddst,fashion_mnist,0.7,21,results/logs/cka_strength_sweep/fashion_mnist_all_20260517_180855/strength_0p5/seed_21/splits/fashion_mnist_split_seed21_clients5_alpha0p3_ref200.json,0.5,12,conv1,1,3,1.0,0.9999970197677612,200
cka_feddst,fashion_mnist,0.7,21,results/logs/cka_strength_sweep/fashion_mnist_all_20260517_180855/strength_0p5/seed_21/splits/fashion_mnist_split_seed21_clients5_alpha0p3_ref200.json,0.5,12,conv1,1,4,0.9999935626983643,0.9999970197677612,200
cka_feddst,fashion_mnist,0.7,21,results/logs/cka_strength_sweep/fashion_mnist_all_20260517_180855/strength_0p5/seed_21/splits/fashion_mnist_split_seed21_clients5_alpha0p3_ref200.json,0.5,12,conv1,2,0,0.9999992847442627,0.9999970197677612,200
cka_feddst,fashion_mnist,0.7,21,results/logs/cka_strength_sweep/fashion_mnist_all_20260517_180855/strength_0p5/seed_21/splits/fashion_mnist_split_seed21_clients5_alpha0p3_ref200.json,0.5,12,conv1,2,1,0.9999996423721313,0.9999970197677612,200
cka_feddst,fashion_mnist,0.7,21,results/logs/cka_strength_sweep/fashion_mnist_all_20260517_180855/strength_0p5/seed_21/splits/fashion_mnist_split_seed21_clients5_alpha0p3_ref200.json,0.5,12,conv1,2,2,1.0,0.9999970197677612,200
cka_feddst,fashion_mnist,0.7,21,results/logs/cka_strength_sweep/fashion_mnist_all_20260517_180855/strength_0p5/seed_21/splits/fashion_mnist_split_seed21_clients5_alpha0p3_ref200.json,0.5,12,conv1,2,3,0.9999998807907104,0.9999970197677612,200
cka_feddst,fashion_mnist,0.7,21,results/logs/cka_strength_sweep/fashion_mnist_all_20260517_180855/strength_0p5/seed_21/splits/fashion_mnist_split_seed21_clients5_alpha0p3_ref200.json,0.5,12,conv1,2,4,0.9999925494194031,0.9999970197677612,200
cka_feddst,fashion_mnist,0.7,21,results/logs/cka_strength_sweep/fashion_mnist_all_20260517_180855/strength_0p5/seed_21/splits/fashion_mnist_split_seed21_clients5_alpha0p3_ref200.json,0.5,12,conv1,3,0,0.9999996423721313,0.9999970197677612,200
cka_feddst,fashion_mnist,0.7,21,results/logs/cka_strength_sweep/fashion_mnist_all_20260517_180855/strength_0p5/seed_21/splits/fashion_mnist_split_seed21_clients5_alpha0p3_ref200.json,0.5,12,conv1,3,1,1.0,0.9999970197677612,200
cka_feddst,fashion_mnist,0.7,21,results/logs/cka_strength_sweep/fashion_mnist_all_20260517_180855/strength_0p5/seed_21/splits/fashion_mnist_split_seed21_clients5_alpha0p3_ref200.json,0.5,12,conv1,3,2,0.9999998807907104,0.9999970197677612,200
cka_feddst,fashion_mnist,0.7,21,results/logs/cka_strength_sweep/fashion_mnist_all_20260517_180855/strength_0p5/seed_21/splits/fashion_mnist_split_seed21_clients5_alpha0p3_ref200.json,0.5,12,conv1,3,3,1.0,0.9999970197677612,200
cka_feddst,fashion_mnist,0.7,21,results/logs/cka_strength_sweep/fashion_mnist_all_20260517_180855/strength_0p5/seed_21/splits/fashion_mnist_split_seed21_clients5_alpha0p3_ref200.json,0.5,12,conv1,3,4,0.9999921321868896,0.9999970197677612,200
cka_feddst,fashion_mnist,0.7,21,results/logs/cka_strength_sweep/fashion_mnist_all_20260517_180855/strength_0p5/seed_21/splits/fashion_mnist_split_seed21_clients5_alpha0p3_ref200.json,0.5,12,conv1,4,0,0.9999938607215881,0.9999970197677612,200
cka_feddst,fashion_mnist,0.7,21,results/logs/cka_strength_sweep/fashion_mnist_all_20260517_180855/strength_0p5/seed_21/splits/fashion_mnist_split_seed21_clients5_alpha0p3_ref200.json,0.5,12,conv1,4,1,0.9999935626983643,0.9999970197677612,200
cka_feddst,fashion_mnist,0.7,21,results/logs/cka_strength_sweep/fashion_mnist_all_20260517_180855/strength_0p5/seed_21/splits/fashion_mnist_split_seed21_clients5_alpha0p3_ref200.json,0.5,12,conv1,4,2,0.9999925494194031,0.9999970197677612,200
cka_feddst,fashion_mnist,0.7,21,results/logs/cka_strength_sweep/fashion_mnist_all_20260517_180855/strength_0p5/seed_21/splits/fashion_mnist_split_seed21_clients5_alpha0p3_ref200.json,0.5,12,conv1,4,3,0.9999921321868896,0.9999970197677612,200
cka_feddst,fashion_mnist,0.7,21,results/logs/cka_strength_sweep/fashion_mnist_all_20260517_180855/strength_0p5/seed_21/splits/fashion_mnist_split_seed21_clients5_alpha0p3_ref200.json,0.5,12,conv1,4,4,1.0,0.9999970197677612,200
cka_feddst,fashion_mnist,0.7,21,results/logs/cka_strength_sweep/fashion_mnist_all_20260517_180855/strength_0p5/seed_21/splits/fashion_mnist_split_seed21_clients5_alpha0p3_ref200.json,0.5,12,conv2,0,0,1.0,0.999996542930603,200
cka_feddst,fashion_mnist,0.7,21,results/logs/cka_strength_sweep/fashion_mnist_all_20260517_180855/strength_0p5/seed_21/splits/fashion_mnist_split_seed21_clients5_alpha0p3_ref200.json,0.5,12,conv2,0,1,0.9999993443489075,0.999996542930603,200
cka_feddst,fashion_mnist,0.7,21,results/logs/cka_strength_sweep/fashion_mnist_all_20260517_180855/strength_0p5/seed_21/splits/fashion_mnist_split_seed21_clients5_alpha0p3_ref200.json,0.5,12,conv2,0,2,0.999997079372406,0.999996542930603,200
cka_feddst,fashion_mnist,0.7,21,results/logs/cka_strength_sweep/fashion_mnist_all_20260517_180855/strength_0p5/seed_21/splits/fashion_mnist_split_seed21_clients5_alpha0p3_ref200.json,0.5,12,conv2,0,3,0.9999997615814209,0.999996542930603,200
cka_feddst,fashion_mnist,0.7,21,results/logs/cka_strength_sweep/fashion_mnist_all_20260517_180855/strength_0p5/seed_21/splits/fashion_mnist_split_seed21_clients5_alpha0p3_ref200.json,0.5,12,conv2,0,4,0.9999945759773254,0.999996542930603,200
cka_feddst,fashion_mnist,0.7,21,results/logs/cka_strength_sweep/fashion_mnist_all_20260517_180855/strength_0p5/seed_21/splits/fashion_mnist_split_seed21_clients5_alpha0p3_ref200.json,0.5,12,conv2,1,0,0.9999993443489075,0.999996542930603,200
cka_feddst,fashion_mnist,0.7,21,results/logs/cka_strength_sweep/fashion_mnist_all_20260517_180855/strength_0p5/seed_21/splits/fashion_mnist_split_seed21_clients5_alpha0p3_ref200.json,0.5,12,conv2,1,1,1.0,0.999996542930603,200
cka_feddst,fashion_mnist,0.7,21,results/logs/cka_strength_sweep/fashion_mnist_all_20260517_180855/strength_0p5/seed_21/splits/fashion_mnist_split_seed21_clients5_alpha0p3_ref200.json,0.5,12,conv2,1,2,0.9999971389770508,0.999996542930603,200
cka_feddst,fashion_mnist,0.7,21,results/logs/cka_strength_sweep/fashion_mnist_all_20260517_180855/strength_0p5/seed_21/splits/fashion_mnist_split_seed21_clients5_alpha0p3_ref200.json,0.5,12,conv2,1,3,0.9999995231628418,0.999996542930603,200
cka_feddst,fashion_mnist,0.7,21,results/logs/cka_strength_sweep/fashion_mnist_all_20260517_180855/strength_0p5/seed_21/splits/fashion_mnist_split_seed21_clients5_alpha0p3_ref200.json,0.5,12,conv2,1,4,0.9999942779541016,0.999996542930603,200
cka_feddst,fashion_mnist,0.7,21,results/logs/cka_strength_sweep/fashion_mnist_all_20260517_180855/strength_0p5/seed_21/splits/fashion_mnist_split_seed21_clients5_alpha0p3_ref200.json,0.5,12,conv2,2,0,0.999997079372406,0.999996542930603,200
cka_feddst,fashion_mnist,0.7,21,results/logs/cka_strength_sweep/fashion_mnist_all_20260517_180855/strength_0p5/seed_21/splits/fashion_mnist_split_seed21_clients5_alpha0p3_ref200.json,0.5,12,conv2,2,1,0.9999971389770508,0.999996542930603,200
cka_feddst,fashion_mnist,0.7,21,results/logs/cka_strength_sweep/fashion_mnist_all_20260517_180855/strength_0p5/seed_21/splits/fashion_mnist_split_seed21_clients5_alpha0p3_ref200.json,0.5,12,conv2,2,2,1.0,0.999996542930603,200
cka_feddst,fashion_mnist,0.7,21,results/logs/cka_strength_sweep/fashion_mnist_all_20260517_180855/strength_0p5/seed_21/splits/fashion_mnist_split_seed21_clients5_alpha0p3_ref200.json,0.5,12,conv2,2,3,0.9999988079071045,0.999996542930603,200
cka_feddst,fashion_mnist,0.7,21,results/logs/cka_strength_sweep/fashion_mnist_all_20260517_180855/strength_0p5/seed_21/splits/fashion_mnist_split_seed21_clients5_alpha0p3_ref200.json,0.5,12,conv2,2,4,0.9999914169311523,0.999996542930603,200
cka_feddst,fashion_mnist,0.7,21,results/logs/cka_strength_sweep/fashion_mnist_all_20260517_180855/strength_0p5/seed_21/splits/fashion_mnist_split_seed21_clients5_alpha0p3_ref200.json,0.5,12,conv2,3,0,0.9999997615814209,0.999996542930603,200
cka_feddst,fashion_mnist,0.7,21,results/logs/cka_strength_sweep/fashion_mnist_all_20260517_180855/strength_0p5/seed_21/splits/fashion_mnist_split_seed21_clients5_alpha0p3_ref200.json,0.5,12,conv2,3,1,0.9999995231628418,0.999996542930603,200
cka_feddst,fashion_mnist,0.7,21,results/logs/cka_strength_sweep/fashion_mnist_all_20260517_180855/strength_0p5/seed_21/splits/fashion_mnist_split_seed21_clients5_alpha0p3_ref200.json,0.5,12,conv2,3,2,0.9999988079071045,0.999996542930603,200
cka_feddst,fashion_mnist,0.7,21,results/logs/cka_strength_sweep/fashion_mnist_all_20260517_180855/strength_0p5/seed_21/splits/fashion_mnist_split_seed21_clients5_alpha0p3_ref200.json,0.5,12,conv2,3,3,1.0,0.999996542930603,200
cka_feddst,fashion_mnist,0.7,21,results/logs/cka_strength_sweep/fashion_mnist_all_20260517_180855/strength_0p5/seed_21/splits/fashion_mnist_split_seed21_clients5_alpha0p3_ref200.json,0.5,12,conv2,3,4,0.9999932050704956,0.999996542930603,200
cka_feddst,fashion_mnist,0.7,21,results/logs/cka_strength_sweep/fashion_mnist_all_20260517_180855/strength_0p5/seed_21/splits/fashion_mnist_split_seed21_clients5_alpha0p3_ref200.json,0.5,12,conv2,4,0,0.9999945759773254,0.999996542930603,200
cka_feddst,fashion_mnist,0.7,21,results/logs/cka_strength_sweep/fashion_mnist_all_20260517_180855/strength_0p5/seed_21/splits/fashion_mnist_split_seed21_clients5_alpha0p3_ref200.json,0.5,12,conv2,4,1,0.9999942779541016,0.999996542930603,200
cka_feddst,fashion_mnist,0.7,21,results/logs/cka_strength_sweep/fashion_mnist_all_20260517_180855/strength_0p5/seed_21/splits/fashion_mnist_split_seed21_clients5_alpha0p3_ref200.json,0.5,12,conv2,4,2,0.9999914169311523,0.999996542930603,200
cka_feddst,fashion_mnist,0.7,21,results/logs/cka_strength_sweep/fashion_mnist_all_20260517_180855/strength_0p5/seed_21/splits/fashion_mnist_split_seed21_clients5_alpha0p3_ref200.json,0.5,12,conv2,4,3,0.9999932050704956,0.999996542930603,200
cka_feddst,fashion_mnist,0.7,21,results/logs/cka_strength_sweep/fashion_mnist_all_20260517_180855/strength_0p5/seed_21/splits/fashion_mnist_split_seed21_clients5_alpha0p3_ref200.json,0.5,12,conv2,4,4,1.0,0.999996542930603,200
cka_feddst,fashion_mnist,0.7,21,results/logs/cka_strength_sweep/fashion_mnist_all_20260517_180855/strength_0p5/seed_21/splits/fashion_mnist_split_seed21_clients5_alpha0p3_ref200.json,0.5,12,fc1,0,0,1.0,0.9806186556816101,200
cka_feddst,fashion_mnist,0.7,21,results/logs/cka_strength_sweep/fashion_mnist_all_20260517_180855/strength_0p5/seed_21/splits/fashion_mnist_split_seed21_clients5_alpha0p3_ref200.json,0.5,12,fc1,0,1,0.9921686053276062,0.9806186556816101,200
cka_feddst,fashion_mnist,0.7,21,results/logs/cka_strength_sweep/fashion_mnist_all_20260517_180855/strength_0p5/seed_21/splits/fashion_mnist_split_seed21_clients5_alpha0p3_ref200.json,0.5,12,fc1,0,2,0.9691452383995056,0.9806186556816101,200
cka_feddst,fashion_mnist,0.7,21,results/logs/cka_strength_sweep/fashion_mnist_all_20260517_180855/strength_0p5/seed_21/splits/fashion_mnist_split_seed21_clients5_alpha0p3_ref200.json,0.5,12,fc1,0,3,0.9946832656860352,0.9806186556816101,200
cka_feddst,fashion_mnist,0.7,21,results/logs/cka_strength_sweep/fashion_mnist_all_20260517_180855/strength_0p5/seed_21/splits/fashion_mnist_split_seed21_clients5_alpha0p3_ref200.json,0.5,12,fc1,0,4,0.9880703687667847,0.9806186556816101,200
cka_feddst,fashion_mnist,0.7,21,results/logs/cka_strength_sweep/fashion_mnist_all_20260517_180855/strength_0p5/seed_21/splits/fashion_mnist_split_seed21_clients5_alpha0p3_ref200.json,0.5,12,fc1,1,0,0.9921686053276062,0.9806186556816101,200
cka_feddst,fashion_mnist,0.7,21,results/logs/cka_strength_sweep/fashion_mnist_all_20260517_180855/strength_0p5/seed_21/splits/fashion_mnist_split_seed21_clients5_alpha0p3_ref200.json,0.5,12,fc1,1,1,1.0,0.9806186556816101,200
cka_feddst,fashion_mnist,0.7,21,results/logs/cka_strength_sweep/fashion_mnist_all_20260517_180855/strength_0p5/seed_21/splits/fashion_mnist_split_seed21_clients5_alpha0p3_ref200.json,0.5,12,fc1,1,2,0.967983067035675,0.9806186556816101,200
cka_feddst,fashion_mnist,0.7,21,results/logs/cka_strength_sweep/fashion_mnist_all_20260517_180855/strength_0p5/seed_21/splits/fashion_mnist_split_seed21_clients5_alpha0p3_ref200.json,0.5,12,fc1,1,3,0.9961292743682861,0.9806186556816101,200
cka_feddst,fashion_mnist,0.7,21,results/logs/cka_strength_sweep/fashion_mnist_all_20260517_180855/strength_0p5/seed_21/splits/fashion_mnist_split_seed21_clients5_alpha0p3_ref200.json,0.5,12,fc1,1,4,0.9815147519111633,0.9806186556816101,200
cka_feddst,fashion_mnist,0.7,21,results/logs/cka_strength_sweep/fashion_mnist_all_20260517_180855/strength_0p5/seed_21/splits/fashion_mnist_split_seed21_clients5_alpha0p3_ref200.json,0.5,12,fc1,2,0,0.9691452383995056,0.9806186556816101,200
cka_feddst,fashion_mnist,0.7,21,results/logs/cka_strength_sweep/fashion_mnist_all_20260517_180855/strength_0p5/seed_21/splits/fashion_mnist_split_seed21_clients5_alpha0p3_ref200.json,0.5,12,fc1,2,1,0.967983067035675,0.9806186556816101,200
cka_feddst,fashion_mnist,0.7,21,results/logs/cka_strength_sweep/fashion_mnist_all_20260517_180855/strength_0p5/seed_21/splits/fashion_mnist_split_seed21_clients5_alpha0p3_ref200.json,0.5,12,fc1,2,2,1.0,0.9806186556816101,200
cka_feddst,fashion_mnist,0.7,21,results/logs/cka_strength_sweep/fashion_mnist_all_20260517_180855/strength_0p5/seed_21/splits/fashion_mnist_split_seed21_clients5_alpha0p3_ref200.json,0.5,12,fc1,2,3,0.9762406349182129,0.9806186556816101,200
cka_feddst,fashion_mnist,0.7,21,results/logs/cka_strength_sweep/fashion_mnist_all_20260517_180855/strength_0p5/seed_21/splits/fashion_mnist_split_seed21_clients5_alpha0p3_ref200.json,0.5,12,fc1,2,4,0.9568215608596802,0.9806186556816101,200
cka_feddst,fashion_mnist,0.7,21,results/logs/cka_strength_sweep/fashion_mnist_all_20260517_180855/strength_0p5/seed_21/splits/fashion_mnist_split_seed21_clients5_alpha0p3_ref200.json,0.5,12,fc1,3,0,0.9946832656860352,0.9806186556816101,200
cka_feddst,fashion_mnist,0.7,21,results/logs/cka_strength_sweep/fashion_mnist_all_20260517_180855/strength_0p5/seed_21/splits/fashion_mnist_split_seed21_clients5_alpha0p3_ref200.json,0.5,12,fc1,3,1,0.9961292743682861,0.9806186556816101,200
cka_feddst,fashion_mnist,0.7,21,results/logs/cka_strength_sweep/fashion_mnist_all_20260517_180855/strength_0p5/seed_21/splits/fashion_mnist_split_seed21_clients5_alpha0p3_ref200.json,0.5,12,fc1,3,2,0.9762406349182129,0.9806186556816101,200
cka_feddst,fashion_mnist,0.7,21,results/logs/cka_strength_sweep/fashion_mnist_all_20260517_180855/strength_0p5/seed_21/splits/fashion_mnist_split_seed21_clients5_alpha0p3_ref200.json,0.5,12,fc1,3,3,1.0,0.9806186556816101,200
cka_feddst,fashion_mnist,0.7,21,results/logs/cka_strength_sweep/fashion_mnist_all_20260517_180855/strength_0p5/seed_21/splits/fashion_mnist_split_seed21_clients5_alpha0p3_ref200.json,0.5,12,fc1,3,4,0.9834290742874146,0.9806186556816101,200
cka_feddst,fashion_mnist,0.7,21,results/logs/cka_strength_sweep/fashion_mnist_all_20260517_180855/strength_0p5/seed_21/splits/fashion_mnist_split_seed21_clients5_alpha0p3_ref200.json,0.5,12,fc1,4,0,0.9880703687667847,0.9806186556816101,200
cka_feddst,fashion_mnist,0.7,21,results/logs/cka_strength_sweep/fashion_mnist_all_20260517_180855/strength_0p5/seed_21/splits/fashion_mnist_split_seed21_clients5_alpha0p3_ref200.json,0.5,12,fc1,4,1,0.9815147519111633,0.9806186556816101,200
cka_feddst,fashion_mnist,0.7,21,results/logs/cka_strength_sweep/fashion_mnist_all_20260517_180855/strength_0p5/seed_21/splits/fashion_mnist_split_seed21_clients5_alpha0p3_ref200.json,0.5,12,fc1,4,2,0.9568215608596802,0.9806186556816101,200
cka_feddst,fashion_mnist,0.7,21,results/logs/cka_strength_sweep/fashion_mnist_all_20260517_180855/strength_0p5/seed_21/splits/fashion_mnist_split_seed21_clients5_alpha0p3_ref200.json,0.5,12,fc1,4,3,0.9834290742874146,0.9806186556816101,200
cka_feddst,fashion_mnist,0.7,21,results/logs/cka_strength_sweep/fashion_mnist_all_20260517_180855/strength_0p5/seed_21/splits/fashion_mnist_split_seed21_clients5_alpha0p3_ref200.json,0.5,12,fc1,4,4,1.0,0.9806186556816101,200
cka_feddst,fashion_mnist,0.7,21,results/logs/cka_strength_sweep/fashion_mnist_all_20260517_180855/strength_0p5/seed_21/splits/fashion_mnist_split_seed21_clients5_alpha0p3_ref200.json,0.5,14,conv1,0,0,1.0,0.9999993443489075,200
cka_feddst,fashion_mnist,0.7,21,results/logs/cka_strength_sweep/fashion_mnist_all_20260517_180855/strength_0p5/seed_21/splits/fashion_mnist_split_seed21_clients5_alpha0p3_ref200.json,0.5,14,conv1,0,1,1.0,0.9999993443489075,200
cka_feddst,fashion_mnist,0.7,21,results/logs/cka_strength_sweep/fashion_mnist_all_20260517_180855/strength_0p5/seed_21/splits/fashion_mnist_split_seed21_clients5_alpha0p3_ref200.json,0.5,14,conv1,0,2,1.0,0.9999993443489075,200
cka_feddst,fashion_mnist,0.7,21,results/logs/cka_strength_sweep/fashion_mnist_all_20260517_180855/strength_0p5/seed_21/splits/fashion_mnist_split_seed21_clients5_alpha0p3_ref200.json,0.5,14,conv1,0,3,0.9999995827674866,0.9999993443489075,200
cka_feddst,fashion_mnist,0.7,21,results/logs/cka_strength_sweep/fashion_mnist_all_20260517_180855/strength_0p5/seed_21/splits/fashion_mnist_split_seed21_clients5_alpha0p3_ref200.json,0.5,14,conv1,0,4,0.9999993443489075,0.9999993443489075,200
cka_feddst,fashion_mnist,0.7,21,results/logs/cka_strength_sweep/fashion_mnist_all_20260517_180855/strength_0p5/seed_21/splits/fashion_mnist_split_seed21_clients5_alpha0p3_ref200.json,0.5,14,conv1,1,0,1.0,0.9999993443489075,200
cka_feddst,fashion_mnist,0.7,21,results/logs/cka_strength_sweep/fashion_mnist_all_20260517_180855/strength_0p5/seed_21/splits/fashion_mnist_split_seed21_clients5_alpha0p3_ref200.json,0.5,14,conv1,1,1,1.0,0.9999993443489075,200
cka_feddst,fashion_mnist,0.7,21,results/logs/cka_strength_sweep/fashion_mnist_all_20260517_180855/strength_0p5/seed_21/splits/fashion_mnist_split_seed21_clients5_alpha0p3_ref200.json,0.5,14,conv1,1,2,1.0,0.9999993443489075,200
cka_feddst,fashion_mnist,0.7,21,results/logs/cka_strength_sweep/fashion_mnist_all_20260517_180855/strength_0p5/seed_21/splits/fashion_mnist_split_seed21_clients5_alpha0p3_ref200.json,0.5,14,conv1,1,3,0.9999998807907104,0.9999993443489075,200
cka_feddst,fashion_mnist,0.7,21,results/logs/cka_strength_sweep/fashion_mnist_all_20260517_180855/strength_0p5/seed_21/splits/fashion_mnist_split_seed21_clients5_alpha0p3_ref200.json,0.5,14,conv1,1,4,0.9999987483024597,0.9999993443489075,200
cka_feddst,fashion_mnist,0.7,21,results/logs/cka_strength_sweep/fashion_mnist_all_20260517_180855/strength_0p5/seed_21/splits/fashion_mnist_split_seed21_clients5_alpha0p3_ref200.json,0.5,14,conv1,2,0,1.0,0.9999993443489075,200
cka_feddst,fashion_mnist,0.7,21,results/logs/cka_strength_sweep/fashion_mnist_all_20260517_180855/strength_0p5/seed_21/splits/fashion_mnist_split_seed21_clients5_alpha0p3_ref200.json,0.5,14,conv1,2,1,1.0,0.9999993443489075,200
cka_feddst,fashion_mnist,0.7,21,results/logs/cka_strength_sweep/fashion_mnist_all_20260517_180855/strength_0p5/seed_21/splits/fashion_mnist_split_seed21_clients5_alpha0p3_ref200.json,0.5,14,conv1,2,2,1.0,0.9999993443489075,200
cka_feddst,fashion_mnist,0.7,21,results/logs/cka_strength_sweep/fashion_mnist_all_20260517_180855/strength_0p5/seed_21/splits/fashion_mnist_split_seed21_clients5_alpha0p3_ref200.json,0.5,14,conv1,2,3,0.9999998807907104,0.9999993443489075,200
cka_feddst,fashion_mnist,0.7,21,results/logs/cka_strength_sweep/fashion_mnist_all_20260517_180855/strength_0p5/seed_21/splits/fashion_mnist_split_seed21_clients5_alpha0p3_ref200.json,0.5,14,conv1,2,4,0.999998927116394,0.9999993443489075,200
cka_feddst,fashion_mnist,0.7,21,results/logs/cka_strength_sweep/fashion_mnist_all_20260517_180855/strength_0p5/seed_21/splits/fashion_mnist_split_seed21_clients5_alpha0p3_ref200.json,0.5,14,conv1,3,0,0.9999995827674866,0.9999993443489075,200
cka_feddst,fashion_mnist,0.7,21,results/logs/cka_strength_sweep/fashion_mnist_all_20260517_180855/strength_0p5/seed_21/splits/fashion_mnist_split_seed21_clients5_alpha0p3_ref200.json,0.5,14,conv1,3,1,0.9999998807907104,0.9999993443489075,200
cka_feddst,fashion_mnist,0.7,21,results/logs/cka_strength_sweep/fashion_mnist_all_20260517_180855/strength_0p5/seed_21/splits/fashion_mnist_split_seed21_clients5_alpha0p3_ref200.json,0.5,14,conv1,3,2,0.9999998807907104,0.9999993443489075,200
cka_feddst,fashion_mnist,0.7,21,results/logs/cka_strength_sweep/fashion_mnist_all_20260517_180855/strength_0p5/seed_21/splits/fashion_mnist_split_seed21_clients5_alpha0p3_ref200.json,0.5,14,conv1,3,3,1.0,0.9999993443489075,200
cka_feddst,fashion_mnist,0.7,21,results/logs/cka_strength_sweep/fashion_mnist_all_20260517_180855/strength_0p5/seed_21/splits/fashion_mnist_split_seed21_clients5_alpha0p3_ref200.json,0.5,14,conv1,3,4,0.9999968409538269,0.9999993443489075,200
cka_feddst,fashion_mnist,0.7,21,results/logs/cka_strength_sweep/fashion_mnist_all_20260517_180855/strength_0p5/seed_21/splits/fashion_mnist_split_seed21_clients5_alpha0p3_ref200.json,0.5,14,conv1,4,0,0.9999993443489075,0.9999993443489075,200
cka_feddst,fashion_mnist,0.7,21,results/logs/cka_strength_sweep/fashion_mnist_all_20260517_180855/strength_0p5/seed_21/splits/fashion_mnist_split_seed21_clients5_alpha0p3_ref200.json,0.5,14,conv1,4,1,0.9999987483024597,0.9999993443489075,200
cka_feddst,fashion_mnist,0.7,21,results/logs/cka_strength_sweep/fashion_mnist_all_20260517_180855/strength_0p5/seed_21/splits/fashion_mnist_split_seed21_clients5_alpha0p3_ref200.json,0.5,14,conv1,4,2,0.999998927116394,0.9999993443489075,200
cka_feddst,fashion_mnist,0.7,21,results/logs/cka_strength_sweep/fashion_mnist_all_20260517_180855/strength_0p5/seed_21/splits/fashion_mnist_split_seed21_clients5_alpha0p3_ref200.json,0.5,14,conv1,4,3,0.9999968409538269,0.9999993443489075,200
cka_feddst,fashion_mnist,0.7,21,results/logs/cka_strength_sweep/fashion_mnist_all_20260517_180855/strength_0p5/seed_21/splits/fashion_mnist_split_seed21_clients5_alpha0p3_ref200.json,0.5,14,conv1,4,4,1.0,0.9999993443489075,200
cka_feddst,fashion_mnist,0.7,21,results/logs/cka_strength_sweep/fashion_mnist_all_20260517_180855/strength_0p5/seed_21/splits/fashion_mnist_split_seed21_clients5_alpha0p3_ref200.json,0.5,14,conv2,0,0,1.0,0.9999982714653015,200
cka_feddst,fashion_mnist,0.7,21,results/logs/cka_strength_sweep/fashion_mnist_all_20260517_180855/strength_0p5/seed_21/splits/fashion_mnist_split_seed21_clients5_alpha0p3_ref200.json,0.5,14,conv2,0,1,0.9999996423721313,0.9999982714653015,200
cka_feddst,fashion_mnist,0.7,21,results/logs/cka_strength_sweep/fashion_mnist_all_20260517_180855/strength_0p5/seed_21/splits/fashion_mnist_split_seed21_clients5_alpha0p3_ref200.json,0.5,14,conv2,0,2,0.9999977350234985,0.9999982714653015,200
cka_feddst,fashion_mnist,0.7,21,results/logs/cka_strength_sweep/fashion_mnist_all_20260517_180855/strength_0p5/seed_21/splits/fashion_mnist_split_seed21_clients5_alpha0p3_ref200.json,0.5,14,conv2,0,3,0.9999988675117493,0.9999982714653015,200
cka_feddst,fashion_mnist,0.7,21,results/logs/cka_strength_sweep/fashion_mnist_all_20260517_180855/strength_0p5/seed_21/splits/fashion_mnist_split_seed21_clients5_alpha0p3_ref200.json,0.5,14,conv2,0,4,0.9999983906745911,0.9999982714653015,200
cka_feddst,fashion_mnist,0.7,21,results/logs/cka_strength_sweep/fashion_mnist_all_20260517_180855/strength_0p5/seed_21/splits/fashion_mnist_split_seed21_clients5_alpha0p3_ref200.json,0.5,14,conv2,1,0,0.9999996423721313,0.9999982714653015,200
cka_feddst,fashion_mnist,0.7,21,results/logs/cka_strength_sweep/fashion_mnist_all_20260517_180855/strength_0p5/seed_21/splits/fashion_mnist_split_seed21_clients5_alpha0p3_ref200.json,0.5,14,conv2,1,1,1.0,0.9999982714653015,200
cka_feddst,fashion_mnist,0.7,21,results/logs/cka_strength_sweep/fashion_mnist_all_20260517_180855/strength_0p5/seed_21/splits/fashion_mnist_split_seed21_clients5_alpha0p3_ref200.json,0.5,14,conv2,1,2,0.999998152256012,0.9999982714653015,200
cka_feddst,fashion_mnist,0.7,21,results/logs/cka_strength_sweep/fashion_mnist_all_20260517_180855/strength_0p5/seed_21/splits/fashion_mnist_split_seed21_clients5_alpha0p3_ref200.json,0.5,14,conv2,1,3,0.9999995827674866,0.9999982714653015,200
cka_feddst,fashion_mnist,0.7,21,results/logs/cka_strength_sweep/fashion_mnist_all_20260517_180855/strength_0p5/seed_21/splits/fashion_mnist_split_seed21_clients5_alpha0p3_ref200.json,0.5,14,conv2,1,4,0.9999987483024597,0.9999982714653015,200
cka_feddst,fashion_mnist,0.7,21,results/logs/cka_strength_sweep/fashion_mnist_all_20260517_180855/strength_0p5/seed_21/splits/fashion_mnist_split_seed21_clients5_alpha0p3_ref200.json,0.5,14,conv2,2,0,0.9999977350234985,0.9999982714653015,200
cka_feddst,fashion_mnist,0.7,21,results/logs/cka_strength_sweep/fashion_mnist_all_20260517_180855/strength_0p5/seed_21/splits/fashion_mnist_split_seed21_clients5_alpha0p3_ref200.json,0.5,14,conv2,2,1,0.999998152256012,0.9999982714653015,200
cka_feddst,fashion_mnist,0.7,21,results/logs/cka_strength_sweep/fashion_mnist_all_20260517_180855/strength_0p5/seed_21/splits/fashion_mnist_split_seed21_clients5_alpha0p3_ref200.json,0.5,14,conv2,2,2,1.0,0.9999982714653015,200
cka_feddst,fashion_mnist,0.7,21,results/logs/cka_strength_sweep/fashion_mnist_all_20260517_180855/strength_0p5/seed_21/splits/fashion_mnist_split_seed21_clients5_alpha0p3_ref200.json,0.5,14,conv2,2,3,0.9999983906745911,0.9999982714653015,200
cka_feddst,fashion_mnist,0.7,21,results/logs/cka_strength_sweep/fashion_mnist_all_20260517_180855/strength_0p5/seed_21/splits/fashion_mnist_split_seed21_clients5_alpha0p3_ref200.json,0.5,14,conv2,2,4,0.9999969601631165,0.9999982714653015,200
cka_feddst,fashion_mnist,0.7,21,results/logs/cka_strength_sweep/fashion_mnist_all_20260517_180855/strength_0p5/seed_21/splits/fashion_mnist_split_seed21_clients5_alpha0p3_ref200.json,0.5,14,conv2,3,0,0.9999988675117493,0.9999982714653015,200
cka_feddst,fashion_mnist,0.7,21,results/logs/cka_strength_sweep/fashion_mnist_all_20260517_180855/strength_0p5/seed_21/splits/fashion_mnist_split_seed21_clients5_alpha0p3_ref200.json,0.5,14,conv2,3,1,0.9999995827674866,0.9999982714653015,200
cka_feddst,fashion_mnist,0.7,21,results/logs/cka_strength_sweep/fashion_mnist_all_20260517_180855/strength_0p5/seed_21/splits/fashion_mnist_split_seed21_clients5_alpha0p3_ref200.json,0.5,14,conv2,3,2,0.9999983906745911,0.9999982714653015,200
cka_feddst,fashion_mnist,0.7,21,results/logs/cka_strength_sweep/fashion_mnist_all_20260517_180855/strength_0p5/seed_21/splits/fashion_mnist_split_seed21_clients5_alpha0p3_ref200.json,0.5,14,conv2,3,3,1.0,0.9999982714653015,200
cka_feddst,fashion_mnist,0.7,21,results/logs/cka_strength_sweep/fashion_mnist_all_20260517_180855/strength_0p5/seed_21/splits/fashion_mnist_split_seed21_clients5_alpha0p3_ref200.json,0.5,14,conv2,3,4,0.9999969005584717,0.9999982714653015,200
cka_feddst,fashion_mnist,0.7,21,results/logs/cka_strength_sweep/fashion_mnist_all_20260517_180855/strength_0p5/seed_21/splits/fashion_mnist_split_seed21_clients5_alpha0p3_ref200.json,0.5,14,conv2,4,0,0.9999983906745911,0.9999982714653015,200
cka_feddst,fashion_mnist,0.7,21,results/logs/cka_strength_sweep/fashion_mnist_all_20260517_180855/strength_0p5/seed_21/splits/fashion_mnist_split_seed21_clients5_alpha0p3_ref200.json,0.5,14,conv2,4,1,0.9999987483024597,0.9999982714653015,200
cka_feddst,fashion_mnist,0.7,21,results/logs/cka_strength_sweep/fashion_mnist_all_20260517_180855/strength_0p5/seed_21/splits/fashion_mnist_split_seed21_clients5_alpha0p3_ref200.json,0.5,14,conv2,4,2,0.9999969601631165,0.9999982714653015,200
cka_feddst,fashion_mnist,0.7,21,results/logs/cka_strength_sweep/fashion_mnist_all_20260517_180855/strength_0p5/seed_21/splits/fashion_mnist_split_seed21_clients5_alpha0p3_ref200.json,0.5,14,conv2,4,3,0.9999969005584717,0.9999982714653015,200
cka_feddst,fashion_mnist,0.7,21,results/logs/cka_strength_sweep/fashion_mnist_all_20260517_180855/strength_0p5/seed_21/splits/fashion_mnist_split_seed21_clients5_alpha0p3_ref200.json,0.5,14,conv2,4,4,1.0,0.9999982714653015,200
cka_feddst,fashion_mnist,0.7,21,results/logs/cka_strength_sweep/fashion_mnist_all_20260517_180855/strength_0p5/seed_21/splits/fashion_mnist_split_seed21_clients5_alpha0p3_ref200.json,0.5,14,fc1,0,0,1.0,0.9802881479263306,200
cka_feddst,fashion_mnist,0.7,21,results/logs/cka_strength_sweep/fashion_mnist_all_20260517_180855/strength_0p5/seed_21/splits/fashion_mnist_split_seed21_clients5_alpha0p3_ref200.json,0.5,14,fc1,0,1,0.9917490482330322,0.9802881479263306,200
cka_feddst,fashion_mnist,0.7,21,results/logs/cka_strength_sweep/fashion_mnist_all_20260517_180855/strength_0p5/seed_21/splits/fashion_mnist_split_seed21_clients5_alpha0p3_ref200.json,0.5,14,fc1,0,2,0.9734282493591309,0.9802881479263306,200
cka_feddst,fashion_mnist,0.7,21,results/logs/cka_strength_sweep/fashion_mnist_all_20260517_180855/strength_0p5/seed_21/splits/fashion_mnist_split_seed21_clients5_alpha0p3_ref200.json,0.5,14,fc1,0,3,0.9969663619995117,0.9802881479263306,200
cka_feddst,fashion_mnist,0.7,21,results/logs/cka_strength_sweep/fashion_mnist_all_20260517_180855/strength_0p5/seed_21/splits/fashion_mnist_split_seed21_clients5_alpha0p3_ref200.json,0.5,14,fc1,0,4,0.9908193945884705,0.9802881479263306,200
cka_feddst,fashion_mnist,0.7,21,results/logs/cka_strength_sweep/fashion_mnist_all_20260517_180855/strength_0p5/seed_21/splits/fashion_mnist_split_seed21_clients5_alpha0p3_ref200.json,0.5,14,fc1,1,0,0.9917490482330322,0.9802881479263306,200
cka_feddst,fashion_mnist,0.7,21,results/logs/cka_strength_sweep/fashion_mnist_all_20260517_180855/strength_0p5/seed_21/splits/fashion_mnist_split_seed21_clients5_alpha0p3_ref200.json,0.5,14,fc1,1,1,1.0,0.9802881479263306,200
cka_feddst,fashion_mnist,0.7,21,results/logs/cka_strength_sweep/fashion_mnist_all_20260517_180855/strength_0p5/seed_21/splits/fashion_mnist_split_seed21_clients5_alpha0p3_ref200.json,0.5,14,fc1,1,2,0.9629901051521301,0.9802881479263306,200
cka_feddst,fashion_mnist,0.7,21,results/logs/cka_strength_sweep/fashion_mnist_all_20260517_180855/strength_0p5/seed_21/splits/fashion_mnist_split_seed21_clients5_alpha0p3_ref200.json,0.5,14,fc1,1,3,0.9917310476303101,0.9802881479263306,200
cka_feddst,fashion_mnist,0.7,21,results/logs/cka_strength_sweep/fashion_mnist_all_20260517_180855/strength_0p5/seed_21/splits/fashion_mnist_split_seed21_clients5_alpha0p3_ref200.json,0.5,14,fc1,1,4,0.9787527322769165,0.9802881479263306,200
cka_feddst,fashion_mnist,0.7,21,results/logs/cka_strength_sweep/fashion_mnist_all_20260517_180855/strength_0p5/seed_21/splits/fashion_mnist_split_seed21_clients5_alpha0p3_ref200.json,0.5,14,fc1,2,0,0.9734282493591309,0.9802881479263306,200
cka_feddst,fashion_mnist,0.7,21,results/logs/cka_strength_sweep/fashion_mnist_all_20260517_180855/strength_0p5/seed_21/splits/fashion_mnist_split_seed21_clients5_alpha0p3_ref200.json,0.5,14,fc1,2,1,0.9629901051521301,0.9802881479263306,200
cka_feddst,fashion_mnist,0.7,21,results/logs/cka_strength_sweep/fashion_mnist_all_20260517_180855/strength_0p5/seed_21/splits/fashion_mnist_split_seed21_clients5_alpha0p3_ref200.json,0.5,14,fc1,2,2,1.0,0.9802881479263306,200
cka_feddst,fashion_mnist,0.7,21,results/logs/cka_strength_sweep/fashion_mnist_all_20260517_180855/strength_0p5/seed_21/splits/fashion_mnist_split_seed21_clients5_alpha0p3_ref200.json,0.5,14,fc1,2,3,0.9592660069465637,0.9802881479263306,200
cka_feddst,fashion_mnist,0.7,21,results/logs/cka_strength_sweep/fashion_mnist_all_20260517_180855/strength_0p5/seed_21/splits/fashion_mnist_split_seed21_clients5_alpha0p3_ref200.json,0.5,14,fc1,2,4,0.970841109752655,0.9802881479263306,200
cka_feddst,fashion_mnist,0.7,21,results/logs/cka_strength_sweep/fashion_mnist_all_20260517_180855/strength_0p5/seed_21/splits/fashion_mnist_split_seed21_clients5_alpha0p3_ref200.json,0.5,14,fc1,3,0,0.9969663619995117,0.9802881479263306,200
cka_feddst,fashion_mnist,0.7,21,results/logs/cka_strength_sweep/fashion_mnist_all_20260517_180855/strength_0p5/seed_21/splits/fashion_mnist_split_seed21_clients5_alpha0p3_ref200.json,0.5,14,fc1,3,1,0.9917310476303101,0.9802881479263306,200
cka_feddst,fashion_mnist,0.7,21,results/logs/cka_strength_sweep/fashion_mnist_all_20260517_180855/strength_0p5/seed_21/splits/fashion_mnist_split_seed21_clients5_alpha0p3_ref200.json,0.5,14,fc1,3,2,0.9592660069465637,0.9802881479263306,200
cka_feddst,fashion_mnist,0.7,21,results/logs/cka_strength_sweep/fashion_mnist_all_20260517_180855/strength_0p5/seed_21/splits/fashion_mnist_split_seed21_clients5_alpha0p3_ref200.json,0.5,14,fc1,3,3,1.0,0.9802881479263306,200
cka_feddst,fashion_mnist,0.7,21,results/logs/cka_strength_sweep/fashion_mnist_all_20260517_180855/strength_0p5/seed_21/splits/fashion_mnist_split_seed21_clients5_alpha0p3_ref200.json,0.5,14,fc1,3,4,0.9863367676734924,0.9802881479263306,200
cka_feddst,fashion_mnist,0.7,21,results/logs/cka_strength_sweep/fashion_mnist_all_20260517_180855/strength_0p5/seed_21/splits/fashion_mnist_split_seed21_clients5_alpha0p3_ref200.json,0.5,14,fc1,4,0,0.9908193945884705,0.9802881479263306,200
cka_feddst,fashion_mnist,0.7,21,results/logs/cka_strength_sweep/fashion_mnist_all_20260517_180855/strength_0p5/seed_21/splits/fashion_mnist_split_seed21_clients5_alpha0p3_ref200.json,0.5,14,fc1,4,1,0.9787527322769165,0.9802881479263306,200
cka_feddst,fashion_mnist,0.7,21,results/logs/cka_strength_sweep/fashion_mnist_all_20260517_180855/strength_0p5/seed_21/splits/fashion_mnist_split_seed21_clients5_alpha0p3_ref200.json,0.5,14,fc1,4,2,0.970841109752655,0.9802881479263306,200
cka_feddst,fashion_mnist,0.7,21,results/logs/cka_strength_sweep/fashion_mnist_all_20260517_180855/strength_0p5/seed_21/splits/fashion_mnist_split_seed21_clients5_alpha0p3_ref200.json,0.5,14,fc1,4,3,0.9863367676734924,0.9802881479263306,200
cka_feddst,fashion_mnist,0.7,21,results/logs/cka_strength_sweep/fashion_mnist_all_20260517_180855/strength_0p5/seed_21/splits/fashion_mnist_split_seed21_clients5_alpha0p3_ref200.json,0.5,14,fc1,4,4,1.0,0.9802881479263306,200
cka_feddst,fashion_mnist,0.7,21,results/logs/cka_strength_sweep/fashion_mnist_all_20260517_180855/strength_0p5/seed_21/splits/fashion_mnist_split_seed21_clients5_alpha0p3_ref200.json,0.5,16,conv1,0,0,1.0,0.9999974966049194,200
cka_feddst,fashion_mnist,0.7,21,results/logs/cka_strength_sweep/fashion_mnist_all_20260517_180855/strength_0p5/seed_21/splits/fashion_mnist_split_seed21_clients5_alpha0p3_ref200.json,0.5,16,conv1,0,1,0.9999999403953552,0.9999974966049194,200
cka_feddst,fashion_mnist,0.7,21,results/logs/cka_strength_sweep/fashion_mnist_all_20260517_180855/strength_0p5/seed_21/splits/fashion_mnist_split_seed21_clients5_alpha0p3_ref200.json,0.5,16,conv1,0,2,1.0,0.9999974966049194,200
cka_feddst,fashion_mnist,0.7,21,results/logs/cka_strength_sweep/fashion_mnist_all_20260517_180855/strength_0p5/seed_21/splits/fashion_mnist_split_seed21_clients5_alpha0p3_ref200.json,0.5,16,conv1,0,3,1.0,0.9999974966049194,200
cka_feddst,fashion_mnist,0.7,21,results/logs/cka_strength_sweep/fashion_mnist_all_20260517_180855/strength_0p5/seed_21/splits/fashion_mnist_split_seed21_clients5_alpha0p3_ref200.json,0.5,16,conv1,0,4,0.9999951124191284,0.9999974966049194,200
cka_feddst,fashion_mnist,0.7,21,results/logs/cka_strength_sweep/fashion_mnist_all_20260517_180855/strength_0p5/seed_21/splits/fashion_mnist_split_seed21_clients5_alpha0p3_ref200.json,0.5,16,conv1,1,0,0.9999999403953552,0.9999974966049194,200
cka_feddst,fashion_mnist,0.7,21,results/logs/cka_strength_sweep/fashion_mnist_all_20260517_180855/strength_0p5/seed_21/splits/fashion_mnist_split_seed21_clients5_alpha0p3_ref200.json,0.5,16,conv1,1,1,1.0,0.9999974966049194,200
cka_feddst,fashion_mnist,0.7,21,results/logs/cka_strength_sweep/fashion_mnist_all_20260517_180855/strength_0p5/seed_21/splits/fashion_mnist_split_seed21_clients5_alpha0p3_ref200.json,0.5,16,conv1,1,2,0.9999995827674866,0.9999974966049194,200
cka_feddst,fashion_mnist,0.7,21,results/logs/cka_strength_sweep/fashion_mnist_all_20260517_180855/strength_0p5/seed_21/splits/fashion_mnist_split_seed21_clients5_alpha0p3_ref200.json,0.5,16,conv1,1,3,1.0,0.9999974966049194,200
cka_feddst,fashion_mnist,0.7,21,results/logs/cka_strength_sweep/fashion_mnist_all_20260517_180855/strength_0p5/seed_21/splits/fashion_mnist_split_seed21_clients5_alpha0p3_ref200.json,0.5,16,conv1,1,4,0.9999931454658508,0.9999974966049194,200
cka_feddst,fashion_mnist,0.7,21,results/logs/cka_strength_sweep/fashion_mnist_all_20260517_180855/strength_0p5/seed_21/splits/fashion_mnist_split_seed21_clients5_alpha0p3_ref200.json,0.5,16,conv1,2,0,1.0,0.9999974966049194,200
cka_feddst,fashion_mnist,0.7,21,results/logs/cka_strength_sweep/fashion_mnist_all_20260517_180855/strength_0p5/seed_21/splits/fashion_mnist_split_seed21_clients5_alpha0p3_ref200.json,0.5,16,conv1,2,1,0.9999995827674866,0.9999974966049194,200
cka_feddst,fashion_mnist,0.7,21,results/logs/cka_strength_sweep/fashion_mnist_all_20260517_180855/strength_0p5/seed_21/splits/fashion_mnist_split_seed21_clients5_alpha0p3_ref200.json,0.5,16,conv1,2,2,1.0,0.9999974966049194,200
cka_feddst,fashion_mnist,0.7,21,results/logs/cka_strength_sweep/fashion_mnist_all_20260517_180855/strength_0p5/seed_21/splits/fashion_mnist_split_seed21_clients5_alpha0p3_ref200.json,0.5,16,conv1,2,3,0.9999998807907104,0.9999974966049194,200
cka_feddst,fashion_mnist,0.7,21,results/logs/cka_strength_sweep/fashion_mnist_all_20260517_180855/strength_0p5/seed_21/splits/fashion_mnist_split_seed21_clients5_alpha0p3_ref200.json,0.5,16,conv1,2,4,0.9999949932098389,0.9999974966049194,200
cka_feddst,fashion_mnist,0.7,21,results/logs/cka_strength_sweep/fashion_mnist_all_20260517_180855/strength_0p5/seed_21/splits/fashion_mnist_split_seed21_clients5_alpha0p3_ref200.json,0.5,16,conv1,3,0,1.0,0.9999974966049194,200
cka_feddst,fashion_mnist,0.7,21,results/logs/cka_strength_sweep/fashion_mnist_all_20260517_180855/strength_0p5/seed_21/splits/fashion_mnist_split_seed21_clients5_alpha0p3_ref200.json,0.5,16,conv1,3,1,1.0,0.9999974966049194,200
cka_feddst,fashion_mnist,0.7,21,results/logs/cka_strength_sweep/fashion_mnist_all_20260517_180855/strength_0p5/seed_21/splits/fashion_mnist_split_seed21_clients5_alpha0p3_ref200.json,0.5,16,conv1,3,2,0.9999998807907104,0.9999974966049194,200
cka_feddst,fashion_mnist,0.7,21,results/logs/cka_strength_sweep/fashion_mnist_all_20260517_180855/strength_0p5/seed_21/splits/fashion_mnist_split_seed21_clients5_alpha0p3_ref200.json,0.5,16,conv1,3,3,1.0,0.9999974966049194,200
cka_feddst,fashion_mnist,0.7,21,results/logs/cka_strength_sweep/fashion_mnist_all_20260517_180855/strength_0p5/seed_21/splits/fashion_mnist_split_seed21_clients5_alpha0p3_ref200.json,0.5,16,conv1,3,4,0.9999926686286926,0.9999974966049194,200
cka_feddst,fashion_mnist,0.7,21,results/logs/cka_strength_sweep/fashion_mnist_all_20260517_180855/strength_0p5/seed_21/splits/fashion_mnist_split_seed21_clients5_alpha0p3_ref200.json,0.5,16,conv1,4,0,0.9999951124191284,0.9999974966049194,200
cka_feddst,fashion_mnist,0.7,21,results/logs/cka_strength_sweep/fashion_mnist_all_20260517_180855/strength_0p5/seed_21/splits/fashion_mnist_split_seed21_clients5_alpha0p3_ref200.json,0.5,16,conv1,4,1,0.9999931454658508,0.9999974966049194,200
cka_feddst,fashion_mnist,0.7,21,results/logs/cka_strength_sweep/fashion_mnist_all_20260517_180855/strength_0p5/seed_21/splits/fashion_mnist_split_seed21_clients5_alpha0p3_ref200.json,0.5,16,conv1,4,2,0.9999949932098389,0.9999974966049194,200
cka_feddst,fashion_mnist,0.7,21,results/logs/cka_strength_sweep/fashion_mnist_all_20260517_180855/strength_0p5/seed_21/splits/fashion_mnist_split_seed21_clients5_alpha0p3_ref200.json,0.5,16,conv1,4,3,0.9999926686286926,0.9999974966049194,200
cka_feddst,fashion_mnist,0.7,21,results/logs/cka_strength_sweep/fashion_mnist_all_20260517_180855/strength_0p5/seed_21/splits/fashion_mnist_split_seed21_clients5_alpha0p3_ref200.json,0.5,16,conv1,4,4,1.0,0.9999974966049194,200
cka_feddst,fashion_mnist,0.7,21,results/logs/cka_strength_sweep/fashion_mnist_all_20260517_180855/strength_0p5/seed_21/splits/fashion_mnist_split_seed21_clients5_alpha0p3_ref200.json,0.5,16,conv2,0,0,1.0,0.9999967813491821,200
cka_feddst,fashion_mnist,0.7,21,results/logs/cka_strength_sweep/fashion_mnist_all_20260517_180855/strength_0p5/seed_21/splits/fashion_mnist_split_seed21_clients5_alpha0p3_ref200.json,0.5,16,conv2,0,1,0.9999998807907104,0.9999967813491821,200
cka_feddst,fashion_mnist,0.7,21,results/logs/cka_strength_sweep/fashion_mnist_all_20260517_180855/strength_0p5/seed_21/splits/fashion_mnist_split_seed21_clients5_alpha0p3_ref200.json,0.5,16,conv2,0,2,0.9999964237213135,0.9999967813491821,200
cka_feddst,fashion_mnist,0.7,21,results/logs/cka_strength_sweep/fashion_mnist_all_20260517_180855/strength_0p5/seed_21/splits/fashion_mnist_split_seed21_clients5_alpha0p3_ref200.json,0.5,16,conv2,0,3,0.9999995827674866,0.9999967813491821,200
cka_feddst,fashion_mnist,0.7,21,results/logs/cka_strength_sweep/fashion_mnist_all_20260517_180855/strength_0p5/seed_21/splits/fashion_mnist_split_seed21_clients5_alpha0p3_ref200.json,0.5,16,conv2,0,4,0.9999951124191284,0.9999967813491821,200
cka_feddst,fashion_mnist,0.7,21,results/logs/cka_strength_sweep/fashion_mnist_all_20260517_180855/strength_0p5/seed_21/splits/fashion_mnist_split_seed21_clients5_alpha0p3_ref200.json,0.5,16,conv2,1,0,0.9999998807907104,0.9999967813491821,200
cka_feddst,fashion_mnist,0.7,21,results/logs/cka_strength_sweep/fashion_mnist_all_20260517_180855/strength_0p5/seed_21/splits/fashion_mnist_split_seed21_clients5_alpha0p3_ref200.json,0.5,16,conv2,1,1,1.0,0.9999967813491821,200
cka_feddst,fashion_mnist,0.7,21,results/logs/cka_strength_sweep/fashion_mnist_all_20260517_180855/strength_0p5/seed_21/splits/fashion_mnist_split_seed21_clients5_alpha0p3_ref200.json,0.5,16,conv2,1,2,0.9999964833259583,0.9999967813491821,200
cka_feddst,fashion_mnist,0.7,21,results/logs/cka_strength_sweep/fashion_mnist_all_20260517_180855/strength_0p5/seed_21/splits/fashion_mnist_split_seed21_clients5_alpha0p3_ref200.json,0.5,16,conv2,1,3,0.9999999403953552,0.9999967813491821,200
cka_feddst,fashion_mnist,0.7,21,results/logs/cka_strength_sweep/fashion_mnist_all_20260517_180855/strength_0p5/seed_21/splits/fashion_mnist_split_seed21_clients5_alpha0p3_ref200.json,0.5,16,conv2,1,4,0.9999952912330627,0.9999967813491821,200
cka_feddst,fashion_mnist,0.7,21,results/logs/cka_strength_sweep/fashion_mnist_all_20260517_180855/strength_0p5/seed_21/splits/fashion_mnist_split_seed21_clients5_alpha0p3_ref200.json,0.5,16,conv2,2,0,0.9999964237213135,0.9999967813491821,200
cka_feddst,fashion_mnist,0.7,21,results/logs/cka_strength_sweep/fashion_mnist_all_20260517_180855/strength_0p5/seed_21/splits/fashion_mnist_split_seed21_clients5_alpha0p3_ref200.json,0.5,16,conv2,2,1,0.9999964833259583,0.9999967813491821,200
cka_feddst,fashion_mnist,0.7,21,results/logs/cka_strength_sweep/fashion_mnist_all_20260517_180855/strength_0p5/seed_21/splits/fashion_mnist_split_seed21_clients5_alpha0p3_ref200.json,0.5,16,conv2,2,2,1.0,0.9999967813491821,200
cka_feddst,fashion_mnist,0.7,21,results/logs/cka_strength_sweep/fashion_mnist_all_20260517_180855/strength_0p5/seed_21/splits/fashion_mnist_split_seed21_clients5_alpha0p3_ref200.json,0.5,16,conv2,2,3,0.999998152256012,0.9999967813491821,200
cka_feddst,fashion_mnist,0.7,21,results/logs/cka_strength_sweep/fashion_mnist_all_20260517_180855/strength_0p5/seed_21/splits/fashion_mnist_split_seed21_clients5_alpha0p3_ref200.json,0.5,16,conv2,2,4,0.9999921321868896,0.9999967813491821,200
cka_feddst,fashion_mnist,0.7,21,results/logs/cka_strength_sweep/fashion_mnist_all_20260517_180855/strength_0p5/seed_21/splits/fashion_mnist_split_seed21_clients5_alpha0p3_ref200.json,0.5,16,conv2,3,0,0.9999995827674866,0.9999967813491821,200
cka_feddst,fashion_mnist,0.7,21,results/logs/cka_strength_sweep/fashion_mnist_all_20260517_180855/strength_0p5/seed_21/splits/fashion_mnist_split_seed21_clients5_alpha0p3_ref200.json,0.5,16,conv2,3,1,0.9999999403953552,0.9999967813491821,200
cka_feddst,fashion_mnist,0.7,21,results/logs/cka_strength_sweep/fashion_mnist_all_20260517_180855/strength_0p5/seed_21/splits/fashion_mnist_split_seed21_clients5_alpha0p3_ref200.json,0.5,16,conv2,3,2,0.999998152256012,0.9999967813491821,200
cka_feddst,fashion_mnist,0.7,21,results/logs/cka_strength_sweep/fashion_mnist_all_20260517_180855/strength_0p5/seed_21/splits/fashion_mnist_split_seed21_clients5_alpha0p3_ref200.json,0.5,16,conv2,3,3,1.0,0.9999967813491821,200
cka_feddst,fashion_mnist,0.7,21,results/logs/cka_strength_sweep/fashion_mnist_all_20260517_180855/strength_0p5/seed_21/splits/fashion_mnist_split_seed21_clients5_alpha0p3_ref200.json,0.5,16,conv2,3,4,0.999993622303009,0.9999967813491821,200
cka_feddst,fashion_mnist,0.7,21,results/logs/cka_strength_sweep/fashion_mnist_all_20260517_180855/strength_0p5/seed_21/splits/fashion_mnist_split_seed21_clients5_alpha0p3_ref200.json,0.5,16,conv2,4,0,0.9999951124191284,0.9999967813491821,200
cka_feddst,fashion_mnist,0.7,21,results/logs/cka_strength_sweep/fashion_mnist_all_20260517_180855/strength_0p5/seed_21/splits/fashion_mnist_split_seed21_clients5_alpha0p3_ref200.json,0.5,16,conv2,4,1,0.9999952912330627,0.9999967813491821,200
cka_feddst,fashion_mnist,0.7,21,results/logs/cka_strength_sweep/fashion_mnist_all_20260517_180855/strength_0p5/seed_21/splits/fashion_mnist_split_seed21_clients5_alpha0p3_ref200.json,0.5,16,conv2,4,2,0.9999921321868896,0.9999967813491821,200
cka_feddst,fashion_mnist,0.7,21,results/logs/cka_strength_sweep/fashion_mnist_all_20260517_180855/strength_0p5/seed_21/splits/fashion_mnist_split_seed21_clients5_alpha0p3_ref200.json,0.5,16,conv2,4,3,0.999993622303009,0.9999967813491821,200
cka_feddst,fashion_mnist,0.7,21,results/logs/cka_strength_sweep/fashion_mnist_all_20260517_180855/strength_0p5/seed_21/splits/fashion_mnist_split_seed21_clients5_alpha0p3_ref200.json,0.5,16,conv2,4,4,1.0,0.9999967813491821,200
cka_feddst,fashion_mnist,0.7,21,results/logs/cka_strength_sweep/fashion_mnist_all_20260517_180855/strength_0p5/seed_21/splits/fashion_mnist_split_seed21_clients5_alpha0p3_ref200.json,0.5,16,fc1,0,0,1.0,0.9758685231208801,200
cka_feddst,fashion_mnist,0.7,21,results/logs/cka_strength_sweep/fashion_mnist_all_20260517_180855/strength_0p5/seed_21/splits/fashion_mnist_split_seed21_clients5_alpha0p3_ref200.json,0.5,16,fc1,0,1,0.9926856160163879,0.9758685231208801,200
cka_feddst,fashion_mnist,0.7,21,results/logs/cka_strength_sweep/fashion_mnist_all_20260517_180855/strength_0p5/seed_21/splits/fashion_mnist_split_seed21_clients5_alpha0p3_ref200.json,0.5,16,fc1,0,2,0.968574583530426,0.9758685231208801,200
cka_feddst,fashion_mnist,0.7,21,results/logs/cka_strength_sweep/fashion_mnist_all_20260517_180855/strength_0p5/seed_21/splits/fashion_mnist_split_seed21_clients5_alpha0p3_ref200.json,0.5,16,fc1,0,3,0.9909145832061768,0.9758685231208801,200
cka_feddst,fashion_mnist,0.7,21,results/logs/cka_strength_sweep/fashion_mnist_all_20260517_180855/strength_0p5/seed_21/splits/fashion_mnist_split_seed21_clients5_alpha0p3_ref200.json,0.5,16,fc1,0,4,0.9872577786445618,0.9758685231208801,200
cka_feddst,fashion_mnist,0.7,21,results/logs/cka_strength_sweep/fashion_mnist_all_20260517_180855/strength_0p5/seed_21/splits/fashion_mnist_split_seed21_clients5_alpha0p3_ref200.json,0.5,16,fc1,1,0,0.9926856160163879,0.9758685231208801,200
cka_feddst,fashion_mnist,0.7,21,results/logs/cka_strength_sweep/fashion_mnist_all_20260517_180855/strength_0p5/seed_21/splits/fashion_mnist_split_seed21_clients5_alpha0p3_ref200.json,0.5,16,fc1,1,1,1.0,0.9758685231208801,200
cka_feddst,fashion_mnist,0.7,21,results/logs/cka_strength_sweep/fashion_mnist_all_20260517_180855/strength_0p5/seed_21/splits/fashion_mnist_split_seed21_clients5_alpha0p3_ref200.json,0.5,16,fc1,1,2,0.9583709836006165,0.9758685231208801,200
cka_feddst,fashion_mnist,0.7,21,results/logs/cka_strength_sweep/fashion_mnist_all_20260517_180855/strength_0p5/seed_21/splits/fashion_mnist_split_seed21_clients5_alpha0p3_ref200.json,0.5,16,fc1,1,3,0.9966340065002441,0.9758685231208801,200
cka_feddst,fashion_mnist,0.7,21,results/logs/cka_strength_sweep/fashion_mnist_all_20260517_180855/strength_0p5/seed_21/splits/fashion_mnist_split_seed21_clients5_alpha0p3_ref200.json,0.5,16,fc1,1,4,0.9777843356132507,0.9758685231208801,200
cka_feddst,fashion_mnist,0.7,21,results/logs/cka_strength_sweep/fashion_mnist_all_20260517_180855/strength_0p5/seed_21/splits/fashion_mnist_split_seed21_clients5_alpha0p3_ref200.json,0.5,16,fc1,2,0,0.968574583530426,0.9758685231208801,200
cka_feddst,fashion_mnist,0.7,21,results/logs/cka_strength_sweep/fashion_mnist_all_20260517_180855/strength_0p5/seed_21/splits/fashion_mnist_split_seed21_clients5_alpha0p3_ref200.json,0.5,16,fc1,2,1,0.9583709836006165,0.9758685231208801,200
cka_feddst,fashion_mnist,0.7,21,results/logs/cka_strength_sweep/fashion_mnist_all_20260517_180855/strength_0p5/seed_21/splits/fashion_mnist_split_seed21_clients5_alpha0p3_ref200.json,0.5,16,fc1,2,2,1.0,0.9758685231208801,200
cka_feddst,fashion_mnist,0.7,21,results/logs/cka_strength_sweep/fashion_mnist_all_20260517_180855/strength_0p5/seed_21/splits/fashion_mnist_split_seed21_clients5_alpha0p3_ref200.json,0.5,16,fc1,2,3,0.9480440020561218,0.9758685231208801,200
cka_feddst,fashion_mnist,0.7,21,results/logs/cka_strength_sweep/fashion_mnist_all_20260517_180855/strength_0p5/seed_21/splits/fashion_mnist_split_seed21_clients5_alpha0p3_ref200.json,0.5,16,fc1,2,4,0.9583857655525208,0.9758685231208801,200
cka_feddst,fashion_mnist,0.7,21,results/logs/cka_strength_sweep/fashion_mnist_all_20260517_180855/strength_0p5/seed_21/splits/fashion_mnist_split_seed21_clients5_alpha0p3_ref200.json,0.5,16,fc1,3,0,0.9909145832061768,0.9758685231208801,200
cka_feddst,fashion_mnist,0.7,21,results/logs/cka_strength_sweep/fashion_mnist_all_20260517_180855/strength_0p5/seed_21/splits/fashion_mnist_split_seed21_clients5_alpha0p3_ref200.json,0.5,16,fc1,3,1,0.9966340065002441,0.9758685231208801,200
cka_feddst,fashion_mnist,0.7,21,results/logs/cka_strength_sweep/fashion_mnist_all_20260517_180855/strength_0p5/seed_21/splits/fashion_mnist_split_seed21_clients5_alpha0p3_ref200.json,0.5,16,fc1,3,2,0.9480440020561218,0.9758685231208801,200
cka_feddst,fashion_mnist,0.7,21,results/logs/cka_strength_sweep/fashion_mnist_all_20260517_180855/strength_0p5/seed_21/splits/fashion_mnist_split_seed21_clients5_alpha0p3_ref200.json,0.5,16,fc1,3,3,1.0,0.9758685231208801,200
cka_feddst,fashion_mnist,0.7,21,results/logs/cka_strength_sweep/fashion_mnist_all_20260517_180855/strength_0p5/seed_21/splits/fashion_mnist_split_seed21_clients5_alpha0p3_ref200.json,0.5,16,fc1,3,4,0.9800334572792053,0.9758685231208801,200
cka_feddst,fashion_mnist,0.7,21,results/logs/cka_strength_sweep/fashion_mnist_all_20260517_180855/strength_0p5/seed_21/splits/fashion_mnist_split_seed21_clients5_alpha0p3_ref200.json,0.5,16,fc1,4,0,0.9872577786445618,0.9758685231208801,200
cka_feddst,fashion_mnist,0.7,21,results/logs/cka_strength_sweep/fashion_mnist_all_20260517_180855/strength_0p5/seed_21/splits/fashion_mnist_split_seed21_clients5_alpha0p3_ref200.json,0.5,16,fc1,4,1,0.9777843356132507,0.9758685231208801,200
cka_feddst,fashion_mnist,0.7,21,results/logs/cka_strength_sweep/fashion_mnist_all_20260517_180855/strength_0p5/seed_21/splits/fashion_mnist_split_seed21_clients5_alpha0p3_ref200.json,0.5,16,fc1,4,2,0.9583857655525208,0.9758685231208801,200
cka_feddst,fashion_mnist,0.7,21,results/logs/cka_strength_sweep/fashion_mnist_all_20260517_180855/strength_0p5/seed_21/splits/fashion_mnist_split_seed21_clients5_alpha0p3_ref200.json,0.5,16,fc1,4,3,0.9800334572792053,0.9758685231208801,200
cka_feddst,fashion_mnist,0.7,21,results/logs/cka_strength_sweep/fashion_mnist_all_20260517_180855/strength_0p5/seed_21/splits/fashion_mnist_split_seed21_clients5_alpha0p3_ref200.json,0.5,16,fc1,4,4,1.0,0.9758685231208801,200
cka_feddst,fashion_mnist,0.7,21,results/logs/cka_strength_sweep/fashion_mnist_all_20260517_180855/strength_0p5/seed_21/splits/fashion_mnist_split_seed21_clients5_alpha0p3_ref200.json,0.5,18,conv1,0,0,1.0,0.999998927116394,200
cka_feddst,fashion_mnist,0.7,21,results/logs/cka_strength_sweep/fashion_mnist_all_20260517_180855/strength_0p5/seed_21/splits/fashion_mnist_split_seed21_clients5_alpha0p3_ref200.json,0.5,18,conv1,0,1,1.0,0.999998927116394,200
cka_feddst,fashion_mnist,0.7,21,results/logs/cka_strength_sweep/fashion_mnist_all_20260517_180855/strength_0p5/seed_21/splits/fashion_mnist_split_seed21_clients5_alpha0p3_ref200.json,0.5,18,conv1,0,2,1.0,0.999998927116394,200
cka_feddst,fashion_mnist,0.7,21,results/logs/cka_strength_sweep/fashion_mnist_all_20260517_180855/strength_0p5/seed_21/splits/fashion_mnist_split_seed21_clients5_alpha0p3_ref200.json,0.5,18,conv1,0,3,1.0,0.999998927116394,200
cka_feddst,fashion_mnist,0.7,21,results/logs/cka_strength_sweep/fashion_mnist_all_20260517_180855/strength_0p5/seed_21/splits/fashion_mnist_split_seed21_clients5_alpha0p3_ref200.json,0.5,18,conv1,0,4,0.9999977946281433,0.999998927116394,200
cka_feddst,fashion_mnist,0.7,21,results/logs/cka_strength_sweep/fashion_mnist_all_20260517_180855/strength_0p5/seed_21/splits/fashion_mnist_split_seed21_clients5_alpha0p3_ref200.json,0.5,18,conv1,1,0,1.0,0.999998927116394,200
cka_feddst,fashion_mnist,0.7,21,results/logs/cka_strength_sweep/fashion_mnist_all_20260517_180855/strength_0p5/seed_21/splits/fashion_mnist_split_seed21_clients5_alpha0p3_ref200.json,0.5,18,conv1,1,1,1.0,0.999998927116394,200
cka_feddst,fashion_mnist,0.7,21,results/logs/cka_strength_sweep/fashion_mnist_all_20260517_180855/strength_0p5/seed_21/splits/fashion_mnist_split_seed21_clients5_alpha0p3_ref200.json,0.5,18,conv1,1,2,1.0,0.999998927116394,200
cka_feddst,fashion_mnist,0.7,21,results/logs/cka_strength_sweep/fashion_mnist_all_20260517_180855/strength_0p5/seed_21/splits/fashion_mnist_split_seed21_clients5_alpha0p3_ref200.json,0.5,18,conv1,1,3,1.0,0.999998927116394,200
cka_feddst,fashion_mnist,0.7,21,results/logs/cka_strength_sweep/fashion_mnist_all_20260517_180855/strength_0p5/seed_21/splits/fashion_mnist_split_seed21_clients5_alpha0p3_ref200.json,0.5,18,conv1,1,4,0.9999980330467224,0.999998927116394,200
cka_feddst,fashion_mnist,0.7,21,results/logs/cka_strength_sweep/fashion_mnist_all_20260517_180855/strength_0p5/seed_21/splits/fashion_mnist_split_seed21_clients5_alpha0p3_ref200.json,0.5,18,conv1,2,0,1.0,0.999998927116394,200
cka_feddst,fashion_mnist,0.7,21,results/logs/cka_strength_sweep/fashion_mnist_all_20260517_180855/strength_0p5/seed_21/splits/fashion_mnist_split_seed21_clients5_alpha0p3_ref200.json,0.5,18,conv1,2,1,1.0,0.999998927116394,200
cka_feddst,fashion_mnist,0.7,21,results/logs/cka_strength_sweep/fashion_mnist_all_20260517_180855/strength_0p5/seed_21/splits/fashion_mnist_split_seed21_clients5_alpha0p3_ref200.json,0.5,18,conv1,2,2,1.0,0.999998927116394,200
cka_feddst,fashion_mnist,0.7,21,results/logs/cka_strength_sweep/fashion_mnist_all_20260517_180855/strength_0p5/seed_21/splits/fashion_mnist_split_seed21_clients5_alpha0p3_ref200.json,0.5,18,conv1,2,3,1.0,0.999998927116394,200
cka_feddst,fashion_mnist,0.7,21,results/logs/cka_strength_sweep/fashion_mnist_all_20260517_180855/strength_0p5/seed_21/splits/fashion_mnist_split_seed21_clients5_alpha0p3_ref200.json,0.5,18,conv1,2,4,0.9999978542327881,0.999998927116394,200
cka_feddst,fashion_mnist,0.7,21,results/logs/cka_strength_sweep/fashion_mnist_all_20260517_180855/strength_0p5/seed_21/splits/fashion_mnist_split_seed21_clients5_alpha0p3_ref200.json,0.5,18,conv1,3,0,1.0,0.999998927116394,200
cka_feddst,fashion_mnist,0.7,21,results/logs/cka_strength_sweep/fashion_mnist_all_20260517_180855/strength_0p5/seed_21/splits/fashion_mnist_split_seed21_clients5_alpha0p3_ref200.json,0.5,18,conv1,3,1,1.0,0.999998927116394,200
cka_feddst,fashion_mnist,0.7,21,results/logs/cka_strength_sweep/fashion_mnist_all_20260517_180855/strength_0p5/seed_21/splits/fashion_mnist_split_seed21_clients5_alpha0p3_ref200.json,0.5,18,conv1,3,2,1.0,0.999998927116394,200
cka_feddst,fashion_mnist,0.7,21,results/logs/cka_strength_sweep/fashion_mnist_all_20260517_180855/strength_0p5/seed_21/splits/fashion_mnist_split_seed21_clients5_alpha0p3_ref200.json,0.5,18,conv1,3,3,1.0,0.999998927116394,200
cka_feddst,fashion_mnist,0.7,21,results/logs/cka_strength_sweep/fashion_mnist_all_20260517_180855/strength_0p5/seed_21/splits/fashion_mnist_split_seed21_clients5_alpha0p3_ref200.json,0.5,18,conv1,3,4,0.9999964237213135,0.999998927116394,200
cka_feddst,fashion_mnist,0.7,21,results/logs/cka_strength_sweep/fashion_mnist_all_20260517_180855/strength_0p5/seed_21/splits/fashion_mnist_split_seed21_clients5_alpha0p3_ref200.json,0.5,18,conv1,4,0,0.9999977946281433,0.999998927116394,200
cka_feddst,fashion_mnist,0.7,21,results/logs/cka_strength_sweep/fashion_mnist_all_20260517_180855/strength_0p5/seed_21/splits/fashion_mnist_split_seed21_clients5_alpha0p3_ref200.json,0.5,18,conv1,4,1,0.9999980330467224,0.999998927116394,200
cka_feddst,fashion_mnist,0.7,21,results/logs/cka_strength_sweep/fashion_mnist_all_20260517_180855/strength_0p5/seed_21/splits/fashion_mnist_split_seed21_clients5_alpha0p3_ref200.json,0.5,18,conv1,4,2,0.9999978542327881,0.999998927116394,200
cka_feddst,fashion_mnist,0.7,21,results/logs/cka_strength_sweep/fashion_mnist_all_20260517_180855/strength_0p5/seed_21/splits/fashion_mnist_split_seed21_clients5_alpha0p3_ref200.json,0.5,18,conv1,4,3,0.9999964237213135,0.999998927116394,200
cka_feddst,fashion_mnist,0.7,21,results/logs/cka_strength_sweep/fashion_mnist_all_20260517_180855/strength_0p5/seed_21/splits/fashion_mnist_split_seed21_clients5_alpha0p3_ref200.json,0.5,18,conv1,4,4,1.0,0.999998927116394,200
cka_feddst,fashion_mnist,0.7,21,results/logs/cka_strength_sweep/fashion_mnist_all_20260517_180855/strength_0p5/seed_21/splits/fashion_mnist_split_seed21_clients5_alpha0p3_ref200.json,0.5,18,conv2,0,0,1.0,0.9999980926513672,200
cka_feddst,fashion_mnist,0.7,21,results/logs/cka_strength_sweep/fashion_mnist_all_20260517_180855/strength_0p5/seed_21/splits/fashion_mnist_split_seed21_clients5_alpha0p3_ref200.json,0.5,18,conv2,0,1,0.9999991655349731,0.9999980926513672,200
cka_feddst,fashion_mnist,0.7,21,results/logs/cka_strength_sweep/fashion_mnist_all_20260517_180855/strength_0p5/seed_21/splits/fashion_mnist_split_seed21_clients5_alpha0p3_ref200.json,0.5,18,conv2,0,2,0.999998152256012,0.9999980926513672,200
cka_feddst,fashion_mnist,0.7,21,results/logs/cka_strength_sweep/fashion_mnist_all_20260517_180855/strength_0p5/seed_21/splits/fashion_mnist_split_seed21_clients5_alpha0p3_ref200.json,0.5,18,conv2,0,3,0.9999987483024597,0.9999980926513672,200
cka_feddst,fashion_mnist,0.7,21,results/logs/cka_strength_sweep/fashion_mnist_all_20260517_180855/strength_0p5/seed_21/splits/fashion_mnist_split_seed21_clients5_alpha0p3_ref200.json,0.5,18,conv2,0,4,0.9999974370002747,0.9999980926513672,200
cka_feddst,fashion_mnist,0.7,21,results/logs/cka_strength_sweep/fashion_mnist_all_20260517_180855/strength_0p5/seed_21/splits/fashion_mnist_split_seed21_clients5_alpha0p3_ref200.json,0.5,18,conv2,1,0,0.9999991655349731,0.9999980926513672,200
cka_feddst,fashion_mnist,0.7,21,results/logs/cka_strength_sweep/fashion_mnist_all_20260517_180855/strength_0p5/seed_21/splits/fashion_mnist_split_seed21_clients5_alpha0p3_ref200.json,0.5,18,conv2,1,1,1.0,0.9999980926513672,200
cka_feddst,fashion_mnist,0.7,21,results/logs/cka_strength_sweep/fashion_mnist_all_20260517_180855/strength_0p5/seed_21/splits/fashion_mnist_split_seed21_clients5_alpha0p3_ref200.json,0.5,18,conv2,1,2,0.9999984502792358,0.9999980926513672,200
cka_feddst,fashion_mnist,0.7,21,results/logs/cka_strength_sweep/fashion_mnist_all_20260517_180855/strength_0p5/seed_21/splits/fashion_mnist_split_seed21_clients5_alpha0p3_ref200.json,0.5,18,conv2,1,3,0.9999989867210388,0.9999980926513672,200
cka_feddst,fashion_mnist,0.7,21,results/logs/cka_strength_sweep/fashion_mnist_all_20260517_180855/strength_0p5/seed_21/splits/fashion_mnist_split_seed21_clients5_alpha0p3_ref200.json,0.5,18,conv2,1,4,0.9999980330467224,0.9999980926513672,200
cka_feddst,fashion_mnist,0.7,21,results/logs/cka_strength_sweep/fashion_mnist_all_20260517_180855/strength_0p5/seed_21/splits/fashion_mnist_split_seed21_clients5_alpha0p3_ref200.json,0.5,18,conv2,2,0,0.999998152256012,0.9999980926513672,200
cka_feddst,fashion_mnist,0.7,21,results/logs/cka_strength_sweep/fashion_mnist_all_20260517_180855/strength_0p5/seed_21/splits/fashion_mnist_split_seed21_clients5_alpha0p3_ref200.json,0.5,18,conv2,2,1,0.9999984502792358,0.9999980926513672,200
cka_feddst,fashion_mnist,0.7,21,results/logs/cka_strength_sweep/fashion_mnist_all_20260517_180855/strength_0p5/seed_21/splits/fashion_mnist_split_seed21_clients5_alpha0p3_ref200.json,0.5,18,conv2,2,2,1.0,0.9999980926513672,200
cka_feddst,fashion_mnist,0.7,21,results/logs/cka_strength_sweep/fashion_mnist_all_20260517_180855/strength_0p5/seed_21/splits/fashion_mnist_split_seed21_clients5_alpha0p3_ref200.json,0.5,18,conv2,2,3,0.9999986886978149,0.9999980926513672,200
cka_feddst,fashion_mnist,0.7,21,results/logs/cka_strength_sweep/fashion_mnist_all_20260517_180855/strength_0p5/seed_21/splits/fashion_mnist_split_seed21_clients5_alpha0p3_ref200.json,0.5,18,conv2,2,4,0.9999967217445374,0.9999980926513672,200
cka_feddst,fashion_mnist,0.7,21,results/logs/cka_strength_sweep/fashion_mnist_all_20260517_180855/strength_0p5/seed_21/splits/fashion_mnist_split_seed21_clients5_alpha0p3_ref200.json,0.5,18,conv2,3,0,0.9999987483024597,0.9999980926513672,200
cka_feddst,fashion_mnist,0.7,21,results/logs/cka_strength_sweep/fashion_mnist_all_20260517_180855/strength_0p5/seed_21/splits/fashion_mnist_split_seed21_clients5_alpha0p3_ref200.json,0.5,18,conv2,3,1,0.9999989867210388,0.9999980926513672,200
cka_feddst,fashion_mnist,0.7,21,results/logs/cka_strength_sweep/fashion_mnist_all_20260517_180855/strength_0p5/seed_21/splits/fashion_mnist_split_seed21_clients5_alpha0p3_ref200.json,0.5,18,conv2,3,2,0.9999986886978149,0.9999980926513672,200
cka_feddst,fashion_mnist,0.7,21,results/logs/cka_strength_sweep/fashion_mnist_all_20260517_180855/strength_0p5/seed_21/splits/fashion_mnist_split_seed21_clients5_alpha0p3_ref200.json,0.5,18,conv2,3,3,1.0,0.9999980926513672,200
cka_feddst,fashion_mnist,0.7,21,results/logs/cka_strength_sweep/fashion_mnist_all_20260517_180855/strength_0p5/seed_21/splits/fashion_mnist_split_seed21_clients5_alpha0p3_ref200.json,0.5,18,conv2,3,4,0.9999959468841553,0.9999980926513672,200
cka_feddst,fashion_mnist,0.7,21,results/logs/cka_strength_sweep/fashion_mnist_all_20260517_180855/strength_0p5/seed_21/splits/fashion_mnist_split_seed21_clients5_alpha0p3_ref200.json,0.5,18,conv2,4,0,0.9999974370002747,0.9999980926513672,200
cka_feddst,fashion_mnist,0.7,21,results/logs/cka_strength_sweep/fashion_mnist_all_20260517_180855/strength_0p5/seed_21/splits/fashion_mnist_split_seed21_clients5_alpha0p3_ref200.json,0.5,18,conv2,4,1,0.9999980330467224,0.9999980926513672,200
cka_feddst,fashion_mnist,0.7,21,results/logs/cka_strength_sweep/fashion_mnist_all_20260517_180855/strength_0p5/seed_21/splits/fashion_mnist_split_seed21_clients5_alpha0p3_ref200.json,0.5,18,conv2,4,2,0.9999967217445374,0.9999980926513672,200
cka_feddst,fashion_mnist,0.7,21,results/logs/cka_strength_sweep/fashion_mnist_all_20260517_180855/strength_0p5/seed_21/splits/fashion_mnist_split_seed21_clients5_alpha0p3_ref200.json,0.5,18,conv2,4,3,0.9999959468841553,0.9999980926513672,200
cka_feddst,fashion_mnist,0.7,21,results/logs/cka_strength_sweep/fashion_mnist_all_20260517_180855/strength_0p5/seed_21/splits/fashion_mnist_split_seed21_clients5_alpha0p3_ref200.json,0.5,18,conv2,4,4,1.0,0.9999980926513672,200
cka_feddst,fashion_mnist,0.7,21,results/logs/cka_strength_sweep/fashion_mnist_all_20260517_180855/strength_0p5/seed_21/splits/fashion_mnist_split_seed21_clients5_alpha0p3_ref200.json,0.5,18,fc1,0,0,1.0,0.9758447408676147,200
cka_feddst,fashion_mnist,0.7,21,results/logs/cka_strength_sweep/fashion_mnist_all_20260517_180855/strength_0p5/seed_21/splits/fashion_mnist_split_seed21_clients5_alpha0p3_ref200.json,0.5,18,fc1,0,1,0.9940786361694336,0.9758447408676147,200
cka_feddst,fashion_mnist,0.7,21,results/logs/cka_strength_sweep/fashion_mnist_all_20260517_180855/strength_0p5/seed_21/splits/fashion_mnist_split_seed21_clients5_alpha0p3_ref200.json,0.5,18,fc1,0,2,0.9691776037216187,0.9758447408676147,200
cka_feddst,fashion_mnist,0.7,21,results/logs/cka_strength_sweep/fashion_mnist_all_20260517_180855/strength_0p5/seed_21/splits/fashion_mnist_split_seed21_clients5_alpha0p3_ref200.json,0.5,18,fc1,0,3,0.9898251295089722,0.9758447408676147,200
cka_feddst,fashion_mnist,0.7,21,results/logs/cka_strength_sweep/fashion_mnist_all_20260517_180855/strength_0p5/seed_21/splits/fashion_mnist_split_seed21_clients5_alpha0p3_ref200.json,0.5,18,fc1,0,4,0.9894554018974304,0.9758447408676147,200
cka_feddst,fashion_mnist,0.7,21,results/logs/cka_strength_sweep/fashion_mnist_all_20260517_180855/strength_0p5/seed_21/splits/fashion_mnist_split_seed21_clients5_alpha0p3_ref200.json,0.5,18,fc1,1,0,0.9940786361694336,0.9758447408676147,200
cka_feddst,fashion_mnist,0.7,21,results/logs/cka_strength_sweep/fashion_mnist_all_20260517_180855/strength_0p5/seed_21/splits/fashion_mnist_split_seed21_clients5_alpha0p3_ref200.json,0.5,18,fc1,1,1,1.0,0.9758447408676147,200
cka_feddst,fashion_mnist,0.7,21,results/logs/cka_strength_sweep/fashion_mnist_all_20260517_180855/strength_0p5/seed_21/splits/fashion_mnist_split_seed21_clients5_alpha0p3_ref200.json,0.5,18,fc1,1,2,0.9501462578773499,0.9758447408676147,200
cka_feddst,fashion_mnist,0.7,21,results/logs/cka_strength_sweep/fashion_mnist_all_20260517_180855/strength_0p5/seed_21/splits/fashion_mnist_split_seed21_clients5_alpha0p3_ref200.json,0.5,18,fc1,1,3,0.9961484670639038,0.9758447408676147,200
cka_feddst,fashion_mnist,0.7,21,results/logs/cka_strength_sweep/fashion_mnist_all_20260517_180855/strength_0p5/seed_21/splits/fashion_mnist_split_seed21_clients5_alpha0p3_ref200.json,0.5,18,fc1,1,4,0.9926891922950745,0.9758447408676147,200
cka_feddst,fashion_mnist,0.7,21,results/logs/cka_strength_sweep/fashion_mnist_all_20260517_180855/strength_0p5/seed_21/splits/fashion_mnist_split_seed21_clients5_alpha0p3_ref200.json,0.5,18,fc1,2,0,0.9691776037216187,0.9758447408676147,200
cka_feddst,fashion_mnist,0.7,21,results/logs/cka_strength_sweep/fashion_mnist_all_20260517_180855/strength_0p5/seed_21/splits/fashion_mnist_split_seed21_clients5_alpha0p3_ref200.json,0.5,18,fc1,2,1,0.9501462578773499,0.9758447408676147,200
cka_feddst,fashion_mnist,0.7,21,results/logs/cka_strength_sweep/fashion_mnist_all_20260517_180855/strength_0p5/seed_21/splits/fashion_mnist_split_seed21_clients5_alpha0p3_ref200.json,0.5,18,fc1,2,2,1.0,0.9758447408676147,200
cka_feddst,fashion_mnist,0.7,21,results/logs/cka_strength_sweep/fashion_mnist_all_20260517_180855/strength_0p5/seed_21/splits/fashion_mnist_split_seed21_clients5_alpha0p3_ref200.json,0.5,18,fc1,2,3,0.9446666836738586,0.9758447408676147,200
cka_feddst,fashion_mnist,0.7,21,results/logs/cka_strength_sweep/fashion_mnist_all_20260517_180855/strength_0p5/seed_21/splits/fashion_mnist_split_seed21_clients5_alpha0p3_ref200.json,0.5,18,fc1,2,4,0.9496567249298096,0.9758447408676147,200
cka_feddst,fashion_mnist,0.7,21,results/logs/cka_strength_sweep/fashion_mnist_all_20260517_180855/strength_0p5/seed_21/splits/fashion_mnist_split_seed21_clients5_alpha0p3_ref200.json,0.5,18,fc1,3,0,0.9898251295089722,0.9758447408676147,200
cka_feddst,fashion_mnist,0.7,21,results/logs/cka_strength_sweep/fashion_mnist_all_20260517_180855/strength_0p5/seed_21/splits/fashion_mnist_split_seed21_clients5_alpha0p3_ref200.json,0.5,18,fc1,3,1,0.9961484670639038,0.9758447408676147,200
cka_feddst,fashion_mnist,0.7,21,results/logs/cka_strength_sweep/fashion_mnist_all_20260517_180855/strength_0p5/seed_21/splits/fashion_mnist_split_seed21_clients5_alpha0p3_ref200.json,0.5,18,fc1,3,2,0.9446666836738586,0.9758447408676147,200
cka_feddst,fashion_mnist,0.7,21,results/logs/cka_strength_sweep/fashion_mnist_all_20260517_180855/strength_0p5/seed_21/splits/fashion_mnist_split_seed21_clients5_alpha0p3_ref200.json,0.5,18,fc1,3,3,1.0,0.9758447408676147,200
cka_feddst,fashion_mnist,0.7,21,results/logs/cka_strength_sweep/fashion_mnist_all_20260517_180855/strength_0p5/seed_21/splits/fashion_mnist_split_seed21_clients5_alpha0p3_ref200.json,0.5,18,fc1,3,4,0.9826028347015381,0.9758447408676147,200
cka_feddst,fashion_mnist,0.7,21,results/logs/cka_strength_sweep/fashion_mnist_all_20260517_180855/strength_0p5/seed_21/splits/fashion_mnist_split_seed21_clients5_alpha0p3_ref200.json,0.5,18,fc1,4,0,0.9894554018974304,0.9758447408676147,200
cka_feddst,fashion_mnist,0.7,21,results/logs/cka_strength_sweep/fashion_mnist_all_20260517_180855/strength_0p5/seed_21/splits/fashion_mnist_split_seed21_clients5_alpha0p3_ref200.json,0.5,18,fc1,4,1,0.9926891922950745,0.9758447408676147,200
cka_feddst,fashion_mnist,0.7,21,results/logs/cka_strength_sweep/fashion_mnist_all_20260517_180855/strength_0p5/seed_21/splits/fashion_mnist_split_seed21_clients5_alpha0p3_ref200.json,0.5,18,fc1,4,2,0.9496567249298096,0.9758447408676147,200
cka_feddst,fashion_mnist,0.7,21,results/logs/cka_strength_sweep/fashion_mnist_all_20260517_180855/strength_0p5/seed_21/splits/fashion_mnist_split_seed21_clients5_alpha0p3_ref200.json,0.5,18,fc1,4,3,0.9826028347015381,0.9758447408676147,200
cka_feddst,fashion_mnist,0.7,21,results/logs/cka_strength_sweep/fashion_mnist_all_20260517_180855/strength_0p5/seed_21/splits/fashion_mnist_split_seed21_clients5_alpha0p3_ref200.json,0.5,18,fc1,4,4,1.0,0.9758447408676147,200
cka_feddst,fashion_mnist,0.7,21,results/logs/cka_strength_sweep/fashion_mnist_all_20260517_180855/strength_0p5/seed_21/splits/fashion_mnist_split_seed21_clients5_alpha0p3_ref200.json,0.5,20,conv1,0,0,1.0,0.9999982714653015,200
cka_feddst,fashion_mnist,0.7,21,results/logs/cka_strength_sweep/fashion_mnist_all_20260517_180855/strength_0p5/seed_21/splits/fashion_mnist_split_seed21_clients5_alpha0p3_ref200.json,0.5,20,conv1,0,1,1.0,0.9999982714653015,200
cka_feddst,fashion_mnist,0.7,21,results/logs/cka_strength_sweep/fashion_mnist_all_20260517_180855/strength_0p5/seed_21/splits/fashion_mnist_split_seed21_clients5_alpha0p3_ref200.json,0.5,20,conv1,0,2,0.9999997615814209,0.9999982714653015,200
cka_feddst,fashion_mnist,0.7,21,results/logs/cka_strength_sweep/fashion_mnist_all_20260517_180855/strength_0p5/seed_21/splits/fashion_mnist_split_seed21_clients5_alpha0p3_ref200.json,0.5,20,conv1,0,3,1.0,0.9999982714653015,200
cka_feddst,fashion_mnist,0.7,21,results/logs/cka_strength_sweep/fashion_mnist_all_20260517_180855/strength_0p5/seed_21/splits/fashion_mnist_split_seed21_clients5_alpha0p3_ref200.json,0.5,20,conv1,0,4,0.9999956488609314,0.9999982714653015,200
cka_feddst,fashion_mnist,0.7,21,results/logs/cka_strength_sweep/fashion_mnist_all_20260517_180855/strength_0p5/seed_21/splits/fashion_mnist_split_seed21_clients5_alpha0p3_ref200.json,0.5,20,conv1,1,0,1.0,0.9999982714653015,200
cka_feddst,fashion_mnist,0.7,21,results/logs/cka_strength_sweep/fashion_mnist_all_20260517_180855/strength_0p5/seed_21/splits/fashion_mnist_split_seed21_clients5_alpha0p3_ref200.json,0.5,20,conv1,1,1,1.0,0.9999982714653015,200
cka_feddst,fashion_mnist,0.7,21,results/logs/cka_strength_sweep/fashion_mnist_all_20260517_180855/strength_0p5/seed_21/splits/fashion_mnist_split_seed21_clients5_alpha0p3_ref200.json,0.5,20,conv1,1,2,1.0,0.9999982714653015,200
cka_feddst,fashion_mnist,0.7,21,results/logs/cka_strength_sweep/fashion_mnist_all_20260517_180855/strength_0p5/seed_21/splits/fashion_mnist_split_seed21_clients5_alpha0p3_ref200.json,0.5,20,conv1,1,3,1.0,0.9999982714653015,200
cka_feddst,fashion_mnist,0.7,21,results/logs/cka_strength_sweep/fashion_mnist_all_20260517_180855/strength_0p5/seed_21/splits/fashion_mnist_split_seed21_clients5_alpha0p3_ref200.json,0.5,20,conv1,1,4,0.9999967217445374,0.9999982714653015,200
cka_feddst,fashion_mnist,0.7,21,results/logs/cka_strength_sweep/fashion_mnist_all_20260517_180855/strength_0p5/seed_21/splits/fashion_mnist_split_seed21_clients5_alpha0p3_ref200.json,0.5,20,conv1,2,0,0.9999997615814209,0.9999982714653015,200
cka_feddst,fashion_mnist,0.7,21,results/logs/cka_strength_sweep/fashion_mnist_all_20260517_180855/strength_0p5/seed_21/splits/fashion_mnist_split_seed21_clients5_alpha0p3_ref200.json,0.5,20,conv1,2,1,1.0,0.9999982714653015,200
cka_feddst,fashion_mnist,0.7,21,results/logs/cka_strength_sweep/fashion_mnist_all_20260517_180855/strength_0p5/seed_21/splits/fashion_mnist_split_seed21_clients5_alpha0p3_ref200.json,0.5,20,conv1,2,2,1.0,0.9999982714653015,200
cka_feddst,fashion_mnist,0.7,21,results/logs/cka_strength_sweep/fashion_mnist_all_20260517_180855/strength_0p5/seed_21/splits/fashion_mnist_split_seed21_clients5_alpha0p3_ref200.json,0.5,20,conv1,2,3,0.9999995231628418,0.9999982714653015,200
cka_feddst,fashion_mnist,0.7,21,results/logs/cka_strength_sweep/fashion_mnist_all_20260517_180855/strength_0p5/seed_21/splits/fashion_mnist_split_seed21_clients5_alpha0p3_ref200.json,0.5,20,conv1,2,4,0.9999972581863403,0.9999982714653015,200
cka_feddst,fashion_mnist,0.7,21,results/logs/cka_strength_sweep/fashion_mnist_all_20260517_180855/strength_0p5/seed_21/splits/fashion_mnist_split_seed21_clients5_alpha0p3_ref200.json,0.5,20,conv1,3,0,1.0,0.9999982714653015,200
cka_feddst,fashion_mnist,0.7,21,results/logs/cka_strength_sweep/fashion_mnist_all_20260517_180855/strength_0p5/seed_21/splits/fashion_mnist_split_seed21_clients5_alpha0p3_ref200.json,0.5,20,conv1,3,1,1.0,0.9999982714653015,200
cka_feddst,fashion_mnist,0.7,21,results/logs/cka_strength_sweep/fashion_mnist_all_20260517_180855/strength_0p5/seed_21/splits/fashion_mnist_split_seed21_clients5_alpha0p3_ref200.json,0.5,20,conv1,3,2,0.9999995231628418,0.9999982714653015,200
cka_feddst,fashion_mnist,0.7,21,results/logs/cka_strength_sweep/fashion_mnist_all_20260517_180855/strength_0p5/seed_21/splits/fashion_mnist_split_seed21_clients5_alpha0p3_ref200.json,0.5,20,conv1,3,3,1.0,0.9999982714653015,200
cka_feddst,fashion_mnist,0.7,21,results/logs/cka_strength_sweep/fashion_mnist_all_20260517_180855/strength_0p5/seed_21/splits/fashion_mnist_split_seed21_clients5_alpha0p3_ref200.json,0.5,20,conv1,3,4,0.9999933242797852,0.9999982714653015,200
cka_feddst,fashion_mnist,0.7,21,results/logs/cka_strength_sweep/fashion_mnist_all_20260517_180855/strength_0p5/seed_21/splits/fashion_mnist_split_seed21_clients5_alpha0p3_ref200.json,0.5,20,conv1,4,0,0.9999956488609314,0.9999982714653015,200
cka_feddst,fashion_mnist,0.7,21,results/logs/cka_strength_sweep/fashion_mnist_all_20260517_180855/strength_0p5/seed_21/splits/fashion_mnist_split_seed21_clients5_alpha0p3_ref200.json,0.5,20,conv1,4,1,0.9999967217445374,0.9999982714653015,200
cka_feddst,fashion_mnist,0.7,21,results/logs/cka_strength_sweep/fashion_mnist_all_20260517_180855/strength_0p5/seed_21/splits/fashion_mnist_split_seed21_clients5_alpha0p3_ref200.json,0.5,20,conv1,4,2,0.9999972581863403,0.9999982714653015,200
cka_feddst,fashion_mnist,0.7,21,results/logs/cka_strength_sweep/fashion_mnist_all_20260517_180855/strength_0p5/seed_21/splits/fashion_mnist_split_seed21_clients5_alpha0p3_ref200.json,0.5,20,conv1,4,3,0.9999933242797852,0.9999982714653015,200
cka_feddst,fashion_mnist,0.7,21,results/logs/cka_strength_sweep/fashion_mnist_all_20260517_180855/strength_0p5/seed_21/splits/fashion_mnist_split_seed21_clients5_alpha0p3_ref200.json,0.5,20,conv1,4,4,1.0,0.9999982714653015,200
cka_feddst,fashion_mnist,0.7,21,results/logs/cka_strength_sweep/fashion_mnist_all_20260517_180855/strength_0p5/seed_21/splits/fashion_mnist_split_seed21_clients5_alpha0p3_ref200.json,0.5,20,conv2,0,0,1.0,0.9999971389770508,200
cka_feddst,fashion_mnist,0.7,21,results/logs/cka_strength_sweep/fashion_mnist_all_20260517_180855/strength_0p5/seed_21/splits/fashion_mnist_split_seed21_clients5_alpha0p3_ref200.json,0.5,20,conv2,0,1,0.9999992251396179,0.9999971389770508,200
cka_feddst,fashion_mnist,0.7,21,results/logs/cka_strength_sweep/fashion_mnist_all_20260517_180855/strength_0p5/seed_21/splits/fashion_mnist_split_seed21_clients5_alpha0p3_ref200.json,0.5,20,conv2,0,2,0.9999969601631165,0.9999971389770508,200
cka_feddst,fashion_mnist,0.7,21,results/logs/cka_strength_sweep/fashion_mnist_all_20260517_180855/strength_0p5/seed_21/splits/fashion_mnist_split_seed21_clients5_alpha0p3_ref200.json,0.5,20,conv2,0,3,0.9999995231628418,0.9999971389770508,200
cka_feddst,fashion_mnist,0.7,21,results/logs/cka_strength_sweep/fashion_mnist_all_20260517_180855/strength_0p5/seed_21/splits/fashion_mnist_split_seed21_clients5_alpha0p3_ref200.json,0.5,20,conv2,0,4,0.9999952912330627,0.9999971389770508,200
cka_feddst,fashion_mnist,0.7,21,results/logs/cka_strength_sweep/fashion_mnist_all_20260517_180855/strength_0p5/seed_21/splits/fashion_mnist_split_seed21_clients5_alpha0p3_ref200.json,0.5,20,conv2,1,0,0.9999992251396179,0.9999971389770508,200
cka_feddst,fashion_mnist,0.7,21,results/logs/cka_strength_sweep/fashion_mnist_all_20260517_180855/strength_0p5/seed_21/splits/fashion_mnist_split_seed21_clients5_alpha0p3_ref200.json,0.5,20,conv2,1,1,1.0,0.9999971389770508,200
cka_feddst,fashion_mnist,0.7,21,results/logs/cka_strength_sweep/fashion_mnist_all_20260517_180855/strength_0p5/seed_21/splits/fashion_mnist_split_seed21_clients5_alpha0p3_ref200.json,0.5,20,conv2,1,2,0.9999974966049194,0.9999971389770508,200
cka_feddst,fashion_mnist,0.7,21,results/logs/cka_strength_sweep/fashion_mnist_all_20260517_180855/strength_0p5/seed_21/splits/fashion_mnist_split_seed21_clients5_alpha0p3_ref200.json,0.5,20,conv2,1,3,0.9999994039535522,0.9999971389770508,200
cka_feddst,fashion_mnist,0.7,21,results/logs/cka_strength_sweep/fashion_mnist_all_20260517_180855/strength_0p5/seed_21/splits/fashion_mnist_split_seed21_clients5_alpha0p3_ref200.json,0.5,20,conv2,1,4,0.9999969005584717,0.9999971389770508,200
cka_feddst,fashion_mnist,0.7,21,results/logs/cka_strength_sweep/fashion_mnist_all_20260517_180855/strength_0p5/seed_21/splits/fashion_mnist_split_seed21_clients5_alpha0p3_ref200.json,0.5,20,conv2,2,0,0.9999969601631165,0.9999971389770508,200
cka_feddst,fashion_mnist,0.7,21,results/logs/cka_strength_sweep/fashion_mnist_all_20260517_180855/strength_0p5/seed_21/splits/fashion_mnist_split_seed21_clients5_alpha0p3_ref200.json,0.5,20,conv2,2,1,0.9999974966049194,0.9999971389770508,200
cka_feddst,fashion_mnist,0.7,21,results/logs/cka_strength_sweep/fashion_mnist_all_20260517_180855/strength_0p5/seed_21/splits/fashion_mnist_split_seed21_clients5_alpha0p3_ref200.json,0.5,20,conv2,2,2,1.0,0.9999971389770508,200
cka_feddst,fashion_mnist,0.7,21,results/logs/cka_strength_sweep/fashion_mnist_all_20260517_180855/strength_0p5/seed_21/splits/fashion_mnist_split_seed21_clients5_alpha0p3_ref200.json,0.5,20,conv2,2,3,0.9999983906745911,0.9999971389770508,200
cka_feddst,fashion_mnist,0.7,21,results/logs/cka_strength_sweep/fashion_mnist_all_20260517_180855/strength_0p5/seed_21/splits/fashion_mnist_split_seed21_clients5_alpha0p3_ref200.json,0.5,20,conv2,2,4,0.9999947547912598,0.9999971389770508,200
cka_feddst,fashion_mnist,0.7,21,results/logs/cka_strength_sweep/fashion_mnist_all_20260517_180855/strength_0p5/seed_21/splits/fashion_mnist_split_seed21_clients5_alpha0p3_ref200.json,0.5,20,conv2,3,0,0.9999995231628418,0.9999971389770508,200
cka_feddst,fashion_mnist,0.7,21,results/logs/cka_strength_sweep/fashion_mnist_all_20260517_180855/strength_0p5/seed_21/splits/fashion_mnist_split_seed21_clients5_alpha0p3_ref200.json,0.5,20,conv2,3,1,0.9999994039535522,0.9999971389770508,200
cka_feddst,fashion_mnist,0.7,21,results/logs/cka_strength_sweep/fashion_mnist_all_20260517_180855/strength_0p5/seed_21/splits/fashion_mnist_split_seed21_clients5_alpha0p3_ref200.json,0.5,20,conv2,3,2,0.9999983906745911,0.9999971389770508,200
cka_feddst,fashion_mnist,0.7,21,results/logs/cka_strength_sweep/fashion_mnist_all_20260517_180855/strength_0p5/seed_21/splits/fashion_mnist_split_seed21_clients5_alpha0p3_ref200.json,0.5,20,conv2,3,3,1.0,0.9999971389770508,200
cka_feddst,fashion_mnist,0.7,21,results/logs/cka_strength_sweep/fashion_mnist_all_20260517_180855/strength_0p5/seed_21/splits/fashion_mnist_split_seed21_clients5_alpha0p3_ref200.json,0.5,20,conv2,3,4,0.9999939203262329,0.9999971389770508,200
cka_feddst,fashion_mnist,0.7,21,results/logs/cka_strength_sweep/fashion_mnist_all_20260517_180855/strength_0p5/seed_21/splits/fashion_mnist_split_seed21_clients5_alpha0p3_ref200.json,0.5,20,conv2,4,0,0.9999952912330627,0.9999971389770508,200
cka_feddst,fashion_mnist,0.7,21,results/logs/cka_strength_sweep/fashion_mnist_all_20260517_180855/strength_0p5/seed_21/splits/fashion_mnist_split_seed21_clients5_alpha0p3_ref200.json,0.5,20,conv2,4,1,0.9999969005584717,0.9999971389770508,200
cka_feddst,fashion_mnist,0.7,21,results/logs/cka_strength_sweep/fashion_mnist_all_20260517_180855/strength_0p5/seed_21/splits/fashion_mnist_split_seed21_clients5_alpha0p3_ref200.json,0.5,20,conv2,4,2,0.9999947547912598,0.9999971389770508,200
cka_feddst,fashion_mnist,0.7,21,results/logs/cka_strength_sweep/fashion_mnist_all_20260517_180855/strength_0p5/seed_21/splits/fashion_mnist_split_seed21_clients5_alpha0p3_ref200.json,0.5,20,conv2,4,3,0.9999939203262329,0.9999971389770508,200
cka_feddst,fashion_mnist,0.7,21,results/logs/cka_strength_sweep/fashion_mnist_all_20260517_180855/strength_0p5/seed_21/splits/fashion_mnist_split_seed21_clients5_alpha0p3_ref200.json,0.5,20,conv2,4,4,1.0,0.9999971389770508,200
cka_feddst,fashion_mnist,0.7,21,results/logs/cka_strength_sweep/fashion_mnist_all_20260517_180855/strength_0p5/seed_21/splits/fashion_mnist_split_seed21_clients5_alpha0p3_ref200.json,0.5,20,fc1,0,0,1.0,0.9776654243469238,200
cka_feddst,fashion_mnist,0.7,21,results/logs/cka_strength_sweep/fashion_mnist_all_20260517_180855/strength_0p5/seed_21/splits/fashion_mnist_split_seed21_clients5_alpha0p3_ref200.json,0.5,20,fc1,0,1,0.990494966506958,0.9776654243469238,200
cka_feddst,fashion_mnist,0.7,21,results/logs/cka_strength_sweep/fashion_mnist_all_20260517_180855/strength_0p5/seed_21/splits/fashion_mnist_split_seed21_clients5_alpha0p3_ref200.json,0.5,20,fc1,0,2,0.9716863632202148,0.9776654243469238,200
cka_feddst,fashion_mnist,0.7,21,results/logs/cka_strength_sweep/fashion_mnist_all_20260517_180855/strength_0p5/seed_21/splits/fashion_mnist_split_seed21_clients5_alpha0p3_ref200.json,0.5,20,fc1,0,3,0.9942209124565125,0.9776654243469238,200
cka_feddst,fashion_mnist,0.7,21,results/logs/cka_strength_sweep/fashion_mnist_all_20260517_180855/strength_0p5/seed_21/splits/fashion_mnist_split_seed21_clients5_alpha0p3_ref200.json,0.5,20,fc1,0,4,0.988020122051239,0.9776654243469238,200
cka_feddst,fashion_mnist,0.7,21,results/logs/cka_strength_sweep/fashion_mnist_all_20260517_180855/strength_0p5/seed_21/splits/fashion_mnist_split_seed21_clients5_alpha0p3_ref200.json,0.5,20,fc1,1,0,0.990494966506958,0.9776654243469238,200
cka_feddst,fashion_mnist,0.7,21,results/logs/cka_strength_sweep/fashion_mnist_all_20260517_180855/strength_0p5/seed_21/splits/fashion_mnist_split_seed21_clients5_alpha0p3_ref200.json,0.5,20,fc1,1,1,1.0,0.9776654243469238,200
cka_feddst,fashion_mnist,0.7,21,results/logs/cka_strength_sweep/fashion_mnist_all_20260517_180855/strength_0p5/seed_21/splits/fashion_mnist_split_seed21_clients5_alpha0p3_ref200.json,0.5,20,fc1,1,2,0.9515394568443298,0.9776654243469238,200
cka_feddst,fashion_mnist,0.7,21,results/logs/cka_strength_sweep/fashion_mnist_all_20260517_180855/strength_0p5/seed_21/splits/fashion_mnist_split_seed21_clients5_alpha0p3_ref200.json,0.5,20,fc1,1,3,0.9892517924308777,0.9776654243469238,200
cka_feddst,fashion_mnist,0.7,21,results/logs/cka_strength_sweep/fashion_mnist_all_20260517_180855/strength_0p5/seed_21/splits/fashion_mnist_split_seed21_clients5_alpha0p3_ref200.json,0.5,20,fc1,1,4,0.9856662750244141,0.9776654243469238,200
cka_feddst,fashion_mnist,0.7,21,results/logs/cka_strength_sweep/fashion_mnist_all_20260517_180855/strength_0p5/seed_21/splits/fashion_mnist_split_seed21_clients5_alpha0p3_ref200.json,0.5,20,fc1,2,0,0.9716863632202148,0.9776654243469238,200
cka_feddst,fashion_mnist,0.7,21,results/logs/cka_strength_sweep/fashion_mnist_all_20260517_180855/strength_0p5/seed_21/splits/fashion_mnist_split_seed21_clients5_alpha0p3_ref200.json,0.5,20,fc1,2,1,0.9515394568443298,0.9776654243469238,200
cka_feddst,fashion_mnist,0.7,21,results/logs/cka_strength_sweep/fashion_mnist_all_20260517_180855/strength_0p5/seed_21/splits/fashion_mnist_split_seed21_clients5_alpha0p3_ref200.json,0.5,20,fc1,2,2,1.0,0.9776654243469238,200
cka_feddst,fashion_mnist,0.7,21,results/logs/cka_strength_sweep/fashion_mnist_all_20260517_180855/strength_0p5/seed_21/splits/fashion_mnist_split_seed21_clients5_alpha0p3_ref200.json,0.5,20,fc1,2,3,0.9671306014060974,0.9776654243469238,200
cka_feddst,fashion_mnist,0.7,21,results/logs/cka_strength_sweep/fashion_mnist_all_20260517_180855/strength_0p5/seed_21/splits/fashion_mnist_split_seed21_clients5_alpha0p3_ref200.json,0.5,20,fc1,2,4,0.9573792219161987,0.9776654243469238,200
cka_feddst,fashion_mnist,0.7,21,results/logs/cka_strength_sweep/fashion_mnist_all_20260517_180855/strength_0p5/seed_21/splits/fashion_mnist_split_seed21_clients5_alpha0p3_ref200.json,0.5,20,fc1,3,0,0.9942209124565125,0.9776654243469238,200
cka_feddst,fashion_mnist,0.7,21,results/logs/cka_strength_sweep/fashion_mnist_all_20260517_180855/strength_0p5/seed_21/splits/fashion_mnist_split_seed21_clients5_alpha0p3_ref200.json,0.5,20,fc1,3,1,0.9892517924308777,0.9776654243469238,200
cka_feddst,fashion_mnist,0.7,21,results/logs/cka_strength_sweep/fashion_mnist_all_20260517_180855/strength_0p5/seed_21/splits/fashion_mnist_split_seed21_clients5_alpha0p3_ref200.json,0.5,20,fc1,3,2,0.9671306014060974,0.9776654243469238,200
cka_feddst,fashion_mnist,0.7,21,results/logs/cka_strength_sweep/fashion_mnist_all_20260517_180855/strength_0p5/seed_21/splits/fashion_mnist_split_seed21_clients5_alpha0p3_ref200.json,0.5,20,fc1,3,3,1.0,0.9776654243469238,200
cka_feddst,fashion_mnist,0.7,21,results/logs/cka_strength_sweep/fashion_mnist_all_20260517_180855/strength_0p5/seed_21/splits/fashion_mnist_split_seed21_clients5_alpha0p3_ref200.json,0.5,20,fc1,3,4,0.9812648296356201,0.9776654243469238,200
cka_feddst,fashion_mnist,0.7,21,results/logs/cka_strength_sweep/fashion_mnist_all_20260517_180855/strength_0p5/seed_21/splits/fashion_mnist_split_seed21_clients5_alpha0p3_ref200.json,0.5,20,fc1,4,0,0.988020122051239,0.9776654243469238,200
cka_feddst,fashion_mnist,0.7,21,results/logs/cka_strength_sweep/fashion_mnist_all_20260517_180855/strength_0p5/seed_21/splits/fashion_mnist_split_seed21_clients5_alpha0p3_ref200.json,0.5,20,fc1,4,1,0.9856662750244141,0.9776654243469238,200
cka_feddst,fashion_mnist,0.7,21,results/logs/cka_strength_sweep/fashion_mnist_all_20260517_180855/strength_0p5/seed_21/splits/fashion_mnist_split_seed21_clients5_alpha0p3_ref200.json,0.5,20,fc1,4,2,0.9573792219161987,0.9776654243469238,200
cka_feddst,fashion_mnist,0.7,21,results/logs/cka_strength_sweep/fashion_mnist_all_20260517_180855/strength_0p5/seed_21/splits/fashion_mnist_split_seed21_clients5_alpha0p3_ref200.json,0.5,20,fc1,4,3,0.9812648296356201,0.9776654243469238,200
cka_feddst,fashion_mnist,0.7,21,results/logs/cka_strength_sweep/fashion_mnist_all_20260517_180855/strength_0p5/seed_21/splits/fashion_mnist_split_seed21_clients5_alpha0p3_ref200.json,0.5,20,fc1,4,4,1.0,0.9776654243469238,200
