method,dataset,sparsity,seed,split_manifest_path,cka_strength,cka_signal,round,layer,client_i,client_j,cka,average_layer_cka,num_reference_samples
cka_feddst,cifar10,0.9,21,results/logs/cka_strength_sweep/cifar10_drift_all/strength_0p9/seed_21/splits/cifar10_split_seed21_clients5_alpha0p3_ref500.json,0.9,drift,2,conv1,0,0,1.0,1.0,500
cka_feddst,cifar10,0.9,21,results/logs/cka_strength_sweep/cifar10_drift_all/strength_0p9/seed_21/splits/cifar10_split_seed21_clients5_alpha0p3_ref500.json,0.9,drift,2,conv1,0,1,1.0,1.0,500
cka_feddst,cifar10,0.9,21,results/logs/cka_strength_sweep/cifar10_drift_all/strength_0p9/seed_21/splits/cifar10_split_seed21_clients5_alpha0p3_ref500.json,0.9,drift,2,conv1,0,2,1.0,1.0,500
cka_feddst,cifar10,0.9,21,results/logs/cka_strength_sweep/cifar10_drift_all/strength_0p9/seed_21/splits/cifar10_split_seed21_clients5_alpha0p3_ref500.json,0.9,drift,2,conv1,0,3,1.0,1.0,500
cka_feddst,cifar10,0.9,21,results/logs/cka_strength_sweep/cifar10_drift_all/strength_0p9/seed_21/splits/cifar10_split_seed21_clients5_alpha0p3_ref500.json,0.9,drift,2,conv1,0,4,1.0,1.0,500
cka_feddst,cifar10,0.9,21,results/logs/cka_strength_sweep/cifar10_drift_all/strength_0p9/seed_21/splits/cifar10_split_seed21_clients5_alpha0p3_ref500.json,0.9,drift,2,conv1,1,0,1.0,1.0,500
cka_feddst,cifar10,0.9,21,results/logs/cka_strength_sweep/cifar10_drift_all/strength_0p9/seed_21/splits/cifar10_split_seed21_clients5_alpha0p3_ref500.json,0.9,drift,2,conv1,1,1,1.0,1.0,500
cka_feddst,cifar10,0.9,21,results/logs/cka_strength_sweep/cifar10_drift_all/strength_0p9/seed_21/splits/cifar10_split_seed21_clients5_alpha0p3_ref500.json,0.9,drift,2,conv1,1,2,1.0,1.0,500
cka_feddst,cifar10,0.9,21,results/logs/cka_strength_sweep/cifar10_drift_all/strength_0p9/seed_21/splits/cifar10_split_seed21_clients5_alpha0p3_ref500.json,0.9,drift,2,conv1,1,3,1.0,1.0,500
cka_feddst,cifar10,0.9,21,results/logs/cka_strength_sweep/cifar10_drift_all/strength_0p9/seed_21/splits/cifar10_split_seed21_clients5_alpha0p3_ref500.json,0.9,drift,2,conv1,1,4,1.0,1.0,500
cka_feddst,cifar10,0.9,21,results/logs/cka_strength_sweep/cifar10_drift_all/strength_0p9/seed_21/splits/cifar10_split_seed21_clients5_alpha0p3_ref500.json,0.9,drift,2,conv1,2,0,1.0,1.0,500
cka_feddst,cifar10,0.9,21,results/logs/cka_strength_sweep/cifar10_drift_all/strength_0p9/seed_21/splits/cifar10_split_seed21_clients5_alpha0p3_ref500.json,0.9,drift,2,conv1,2,1,1.0,1.0,500
cka_feddst,cifar10,0.9,21,results/logs/cka_strength_sweep/cifar10_drift_all/strength_0p9/seed_21/splits/cifar10_split_seed21_clients5_alpha0p3_ref500.json,0.9,drift,2,conv1,2,2,1.0,1.0,500
cka_feddst,cifar10,0.9,21,results/logs/cka_strength_sweep/cifar10_drift_all/strength_0p9/seed_21/splits/cifar10_split_seed21_clients5_alpha0p3_ref500.json,0.9,drift,2,conv1,2,3,1.0,1.0,500
cka_feddst,cifar10,0.9,21,results/logs/cka_strength_sweep/cifar10_drift_all/strength_0p9/seed_21/splits/cifar10_split_seed21_clients5_alpha0p3_ref500.json,0.9,drift,2,conv1,2,4,1.0,1.0,500
cka_feddst,cifar10,0.9,21,results/logs/cka_strength_sweep/cifar10_drift_all/strength_0p9/seed_21/splits/cifar10_split_seed21_clients5_alpha0p3_ref500.json,0.9,drift,2,conv1,3,0,1.0,1.0,500
cka_feddst,cifar10,0.9,21,results/logs/cka_strength_sweep/cifar10_drift_all/strength_0p9/seed_21/splits/cifar10_split_seed21_clients5_alpha0p3_ref500.json,0.9,drift,2,conv1,3,1,1.0,1.0,500
cka_feddst,cifar10,0.9,21,results/logs/cka_strength_sweep/cifar10_drift_all/strength_0p9/seed_21/splits/cifar10_split_seed21_clients5_alpha0p3_ref500.json,0.9,drift,2,conv1,3,2,1.0,1.0,500
cka_feddst,cifar10,0.9,21,results/logs/cka_strength_sweep/cifar10_drift_all/strength_0p9/seed_21/splits/cifar10_split_seed21_clients5_alpha0p3_ref500.json,0.9,drift,2,conv1,3,3,1.0,1.0,500
cka_feddst,cifar10,0.9,21,results/logs/cka_strength_sweep/cifar10_drift_all/strength_0p9/seed_21/splits/cifar10_split_seed21_clients5_alpha0p3_ref500.json,0.9,drift,2,conv1,3,4,1.0,1.0,500
cka_feddst,cifar10,0.9,21,results/logs/cka_strength_sweep/cifar10_drift_all/strength_0p9/seed_21/splits/cifar10_split_seed21_clients5_alpha0p3_ref500.json,0.9,drift,2,conv1,4,0,1.0,1.0,500
cka_feddst,cifar10,0.9,21,results/logs/cka_strength_sweep/cifar10_drift_all/strength_0p9/seed_21/splits/cifar10_split_seed21_clients5_alpha0p3_ref500.json,0.9,drift,2,conv1,4,1,1.0,1.0,500
cka_feddst,cifar10,0.9,21,results/logs/cka_strength_sweep/cifar10_drift_all/strength_0p9/seed_21/splits/cifar10_split_seed21_clients5_alpha0p3_ref500.json,0.9,drift,2,conv1,4,2,1.0,1.0,500
cka_feddst,cifar10,0.9,21,results/logs/cka_strength_sweep/cifar10_drift_all/strength_0p9/seed_21/splits/cifar10_split_seed21_clients5_alpha0p3_ref500.json,0.9,drift,2,conv1,4,3,1.0,1.0,500
cka_feddst,cifar10,0.9,21,results/logs/cka_strength_sweep/cifar10_drift_all/strength_0p9/seed_21/splits/cifar10_split_seed21_clients5_alpha0p3_ref500.json,0.9,drift,2,conv1,4,4,1.0,1.0,500
cka_feddst,cifar10,0.9,21,results/logs/cka_strength_sweep/cifar10_drift_all/strength_0p9/seed_21/splits/cifar10_split_seed21_clients5_alpha0p3_ref500.json,0.9,drift,2,conv2,0,0,1.0,1.0,500
cka_feddst,cifar10,0.9,21,results/logs/cka_strength_sweep/cifar10_drift_all/strength_0p9/seed_21/splits/cifar10_split_seed21_clients5_alpha0p3_ref500.json,0.9,drift,2,conv2,0,1,1.0,1.0,500
cka_feddst,cifar10,0.9,21,results/logs/cka_strength_sweep/cifar10_drift_all/strength_0p9/seed_21/splits/cifar10_split_seed21_clients5_alpha0p3_ref500.json,0.9,drift,2,conv2,0,2,1.0,1.0,500
cka_feddst,cifar10,0.9,21,results/logs/cka_strength_sweep/cifar10_drift_all/strength_0p9/seed_21/splits/cifar10_split_seed21_clients5_alpha0p3_ref500.json,0.9,drift,2,conv2,0,3,1.0,1.0,500
cka_feddst,cifar10,0.9,21,results/logs/cka_strength_sweep/cifar10_drift_all/strength_0p9/seed_21/splits/cifar10_split_seed21_clients5_alpha0p3_ref500.json,0.9,drift,2,conv2,0,4,1.0,1.0,500
cka_feddst,cifar10,0.9,21,results/logs/cka_strength_sweep/cifar10_drift_all/strength_0p9/seed_21/splits/cifar10_split_seed21_clients5_alpha0p3_ref500.json,0.9,drift,2,conv2,1,0,1.0,1.0,500
cka_feddst,cifar10,0.9,21,results/logs/cka_strength_sweep/cifar10_drift_all/strength_0p9/seed_21/splits/cifar10_split_seed21_clients5_alpha0p3_ref500.json,0.9,drift,2,conv2,1,1,1.0,1.0,500
cka_feddst,cifar10,0.9,21,results/logs/cka_strength_sweep/cifar10_drift_all/strength_0p9/seed_21/splits/cifar10_split_seed21_clients5_alpha0p3_ref500.json,0.9,drift,2,conv2,1,2,1.0,1.0,500
cka_feddst,cifar10,0.9,21,results/logs/cka_strength_sweep/cifar10_drift_all/strength_0p9/seed_21/splits/cifar10_split_seed21_clients5_alpha0p3_ref500.json,0.9,drift,2,conv2,1,3,1.0,1.0,500
cka_feddst,cifar10,0.9,21,results/logs/cka_strength_sweep/cifar10_drift_all/strength_0p9/seed_21/splits/cifar10_split_seed21_clients5_alpha0p3_ref500.json,0.9,drift,2,conv2,1,4,1.0,1.0,500
cka_feddst,cifar10,0.9,21,results/logs/cka_strength_sweep/cifar10_drift_all/strength_0p9/seed_21/splits/cifar10_split_seed21_clients5_alpha0p3_ref500.json,0.9,drift,2,conv2,2,0,1.0,1.0,500
cka_feddst,cifar10,0.9,21,results/logs/cka_strength_sweep/cifar10_drift_all/strength_0p9/seed_21/splits/cifar10_split_seed21_clients5_alpha0p3_ref500.json,0.9,drift,2,conv2,2,1,1.0,1.0,500
cka_feddst,cifar10,0.9,21,results/logs/cka_strength_sweep/cifar10_drift_all/strength_0p9/seed_21/splits/cifar10_split_seed21_clients5_alpha0p3_ref500.json,0.9,drift,2,conv2,2,2,1.0,1.0,500
cka_feddst,cifar10,0.9,21,results/logs/cka_strength_sweep/cifar10_drift_all/strength_0p9/seed_21/splits/cifar10_split_seed21_clients5_alpha0p3_ref500.json,0.9,drift,2,conv2,2,3,1.0,1.0,500
cka_feddst,cifar10,0.9,21,results/logs/cka_strength_sweep/cifar10_drift_all/strength_0p9/seed_21/splits/cifar10_split_seed21_clients5_alpha0p3_ref500.json,0.9,drift,2,conv2,2,4,1.0,1.0,500
cka_feddst,cifar10,0.9,21,results/logs/cka_strength_sweep/cifar10_drift_all/strength_0p9/seed_21/splits/cifar10_split_seed21_clients5_alpha0p3_ref500.json,0.9,drift,2,conv2,3,0,1.0,1.0,500
cka_feddst,cifar10,0.9,21,results/logs/cka_strength_sweep/cifar10_drift_all/strength_0p9/seed_21/splits/cifar10_split_seed21_clients5_alpha0p3_ref500.json,0.9,drift,2,conv2,3,1,1.0,1.0,500
cka_feddst,cifar10,0.9,21,results/logs/cka_strength_sweep/cifar10_drift_all/strength_0p9/seed_21/splits/cifar10_split_seed21_clients5_alpha0p3_ref500.json,0.9,drift,2,conv2,3,2,1.0,1.0,500
cka_feddst,cifar10,0.9,21,results/logs/cka_strength_sweep/cifar10_drift_all/strength_0p9/seed_21/splits/cifar10_split_seed21_clients5_alpha0p3_ref500.json,0.9,drift,2,conv2,3,3,1.0,1.0,500
cka_feddst,cifar10,0.9,21,results/logs/cka_strength_sweep/cifar10_drift_all/strength_0p9/seed_21/splits/cifar10_split_seed21_clients5_alpha0p3_ref500.json,0.9,drift,2,conv2,3,4,1.0,1.0,500
cka_feddst,cifar10,0.9,21,results/logs/cka_strength_sweep/cifar10_drift_all/strength_0p9/seed_21/splits/cifar10_split_seed21_clients5_alpha0p3_ref500.json,0.9,drift,2,conv2,4,0,1.0,1.0,500
cka_feddst,cifar10,0.9,21,results/logs/cka_strength_sweep/cifar10_drift_all/strength_0p9/seed_21/splits/cifar10_split_seed21_clients5_alpha0p3_ref500.json,0.9,drift,2,conv2,4,1,1.0,1.0,500
cka_feddst,cifar10,0.9,21,results/logs/cka_strength_sweep/cifar10_drift_all/strength_0p9/seed_21/splits/cifar10_split_seed21_clients5_alpha0p3_ref500.json,0.9,drift,2,conv2,4,2,1.0,1.0,500
cka_feddst,cifar10,0.9,21,results/logs/cka_strength_sweep/cifar10_drift_all/strength_0p9/seed_21/splits/cifar10_split_seed21_clients5_alpha0p3_ref500.json,0.9,drift,2,conv2,4,3,1.0,1.0,500
cka_feddst,cifar10,0.9,21,results/logs/cka_strength_sweep/cifar10_drift_all/strength_0p9/seed_21/splits/cifar10_split_seed21_clients5_alpha0p3_ref500.json,0.9,drift,2,conv2,4,4,1.0,1.0,500
cka_feddst,cifar10,0.9,21,results/logs/cka_strength_sweep/cifar10_drift_all/strength_0p9/seed_21/splits/cifar10_split_seed21_clients5_alpha0p3_ref500.json,0.9,drift,2,conv3,0,0,1.0,0.9999887347221375,500
cka_feddst,cifar10,0.9,21,results/logs/cka_strength_sweep/cifar10_drift_all/strength_0p9/seed_21/splits/cifar10_split_seed21_clients5_alpha0p3_ref500.json,0.9,drift,2,conv3,0,1,0.9999804496765137,0.9999887347221375,500
cka_feddst,cifar10,0.9,21,results/logs/cka_strength_sweep/cifar10_drift_all/strength_0p9/seed_21/splits/cifar10_split_seed21_clients5_alpha0p3_ref500.json,0.9,drift,2,conv3,0,2,0.9999895095825195,0.9999887347221375,500
cka_feddst,cifar10,0.9,21,results/logs/cka_strength_sweep/cifar10_drift_all/strength_0p9/seed_21/splits/cifar10_split_seed21_clients5_alpha0p3_ref500.json,0.9,drift,2,conv3,0,3,0.9999793767929077,0.9999887347221375,500
cka_feddst,cifar10,0.9,21,results/logs/cka_strength_sweep/cifar10_drift_all/strength_0p9/seed_21/splits/cifar10_split_seed21_clients5_alpha0p3_ref500.json,0.9,drift,2,conv3,0,4,0.999983012676239,0.9999887347221375,500
cka_feddst,cifar10,0.9,21,results/logs/cka_strength_sweep/cifar10_drift_all/strength_0p9/seed_21/splits/cifar10_split_seed21_clients5_alpha0p3_ref500.json,0.9,drift,2,conv3,1,0,0.9999804496765137,0.9999887347221375,500
cka_feddst,cifar10,0.9,21,results/logs/cka_strength_sweep/cifar10_drift_all/strength_0p9/seed_21/splits/cifar10_split_seed21_clients5_alpha0p3_ref500.json,0.9,drift,2,conv3,1,1,1.0,0.9999887347221375,500
cka_feddst,cifar10,0.9,21,results/logs/cka_strength_sweep/cifar10_drift_all/strength_0p9/seed_21/splits/cifar10_split_seed21_clients5_alpha0p3_ref500.json,0.9,drift,2,conv3,1,2,0.9999905824661255,0.9999887347221375,500
cka_feddst,cifar10,0.9,21,results/logs/cka_strength_sweep/cifar10_drift_all/strength_0p9/seed_21/splits/cifar10_split_seed21_clients5_alpha0p3_ref500.json,0.9,drift,2,conv3,1,3,0.9999900460243225,0.9999887347221375,500
cka_feddst,cifar10,0.9,21,results/logs/cka_strength_sweep/cifar10_drift_all/strength_0p9/seed_21/splits/cifar10_split_seed21_clients5_alpha0p3_ref500.json,0.9,drift,2,conv3,1,4,0.9999916553497314,0.9999887347221375,500
cka_feddst,cifar10,0.9,21,results/logs/cka_strength_sweep/cifar10_drift_all/strength_0p9/seed_21/splits/cifar10_split_seed21_clients5_alpha0p3_ref500.json,0.9,drift,2,conv3,2,0,0.9999895095825195,0.9999887347221375,500
cka_feddst,cifar10,0.9,21,results/logs/cka_strength_sweep/cifar10_drift_all/strength_0p9/seed_21/splits/cifar10_split_seed21_clients5_alpha0p3_ref500.json,0.9,drift,2,conv3,2,1,0.9999905824661255,0.9999887347221375,500
cka_feddst,cifar10,0.9,21,results/logs/cka_strength_sweep/cifar10_drift_all/strength_0p9/seed_21/splits/cifar10_split_seed21_clients5_alpha0p3_ref500.json,0.9,drift,2,conv3,2,2,1.0,0.9999887347221375,500
cka_feddst,cifar10,0.9,21,results/logs/cka_strength_sweep/cifar10_drift_all/strength_0p9/seed_21/splits/cifar10_split_seed21_clients5_alpha0p3_ref500.json,0.9,drift,2,conv3,2,3,0.9999932646751404,0.9999887347221375,500
cka_feddst,cifar10,0.9,21,results/logs/cka_strength_sweep/cifar10_drift_all/strength_0p9/seed_21/splits/cifar10_split_seed21_clients5_alpha0p3_ref500.json,0.9,drift,2,conv3,2,4,0.9999982714653015,0.9999887347221375,500
cka_feddst,cifar10,0.9,21,results/logs/cka_strength_sweep/cifar10_drift_all/strength_0p9/seed_21/splits/cifar10_split_seed21_clients5_alpha0p3_ref500.json,0.9,drift,2,conv3,3,0,0.9999793767929077,0.9999887347221375,500
cka_feddst,cifar10,0.9,21,results/logs/cka_strength_sweep/cifar10_drift_all/strength_0p9/seed_21/splits/cifar10_split_seed21_clients5_alpha0p3_ref500.json,0.9,drift,2,conv3,3,1,0.9999900460243225,0.9999887347221375,500
cka_feddst,cifar10,0.9,21,results/logs/cka_strength_sweep/cifar10_drift_all/strength_0p9/seed_21/splits/cifar10_split_seed21_clients5_alpha0p3_ref500.json,0.9,drift,2,conv3,3,2,0.9999932646751404,0.9999887347221375,500
cka_feddst,cifar10,0.9,21,results/logs/cka_strength_sweep/cifar10_drift_all/strength_0p9/seed_21/splits/cifar10_split_seed21_clients5_alpha0p3_ref500.json,0.9,drift,2,conv3,3,3,1.0,0.9999887347221375,500
cka_feddst,cifar10,0.9,21,results/logs/cka_strength_sweep/cifar10_drift_all/strength_0p9/seed_21/splits/cifar10_split_seed21_clients5_alpha0p3_ref500.json,0.9,drift,2,conv3,3,4,0.9999915957450867,0.9999887347221375,500
cka_feddst,cifar10,0.9,21,results/logs/cka_strength_sweep/cifar10_drift_all/strength_0p9/seed_21/splits/cifar10_split_seed21_clients5_alpha0p3_ref500.json,0.9,drift,2,conv3,4,0,0.999983012676239,0.9999887347221375,500
cka_feddst,cifar10,0.9,21,results/logs/cka_strength_sweep/cifar10_drift_all/strength_0p9/seed_21/splits/cifar10_split_seed21_clients5_alpha0p3_ref500.json,0.9,drift,2,conv3,4,1,0.9999916553497314,0.9999887347221375,500
cka_feddst,cifar10,0.9,21,results/logs/cka_strength_sweep/cifar10_drift_all/strength_0p9/seed_21/splits/cifar10_split_seed21_clients5_alpha0p3_ref500.json,0.9,drift,2,conv3,4,2,0.9999982714653015,0.9999887347221375,500
cka_feddst,cifar10,0.9,21,results/logs/cka_strength_sweep/cifar10_drift_all/strength_0p9/seed_21/splits/cifar10_split_seed21_clients5_alpha0p3_ref500.json,0.9,drift,2,conv3,4,3,0.9999915957450867,0.9999887347221375,500
cka_feddst,cifar10,0.9,21,results/logs/cka_strength_sweep/cifar10_drift_all/strength_0p9/seed_21/splits/cifar10_split_seed21_clients5_alpha0p3_ref500.json,0.9,drift,2,conv3,4,4,1.0,0.9999887347221375,500
cka_feddst,cifar10,0.9,21,results/logs/cka_strength_sweep/cifar10_drift_all/strength_0p9/seed_21/splits/cifar10_split_seed21_clients5_alpha0p3_ref500.json,0.9,drift,2,fc1,0,0,1.0,0.9983512759208679,500
cka_feddst,cifar10,0.9,21,results/logs/cka_strength_sweep/cifar10_drift_all/strength_0p9/seed_21/splits/cifar10_split_seed21_clients5_alpha0p3_ref500.json,0.9,drift,2,fc1,0,1,0.9980354309082031,0.9983512759208679,500
cka_feddst,cifar10,0.9,21,results/logs/cka_strength_sweep/cifar10_drift_all/strength_0p9/seed_21/splits/cifar10_split_seed21_clients5_alpha0p3_ref500.json,0.9,drift,2,fc1,0,2,0.9989318251609802,0.9983512759208679,500
cka_feddst,cifar10,0.9,21,results/logs/cka_strength_sweep/cifar10_drift_all/strength_0p9/seed_21/splits/cifar10_split_seed21_clients5_alpha0p3_ref500.json,0.9,drift,2,fc1,0,3,0.9983351826667786,0.9983512759208679,500
cka_feddst,cifar10,0.9,21,results/logs/cka_strength_sweep/cifar10_drift_all/strength_0p9/seed_21/splits/cifar10_split_seed21_clients5_alpha0p3_ref500.json,0.9,drift,2,fc1,0,4,0.9984622597694397,0.9983512759208679,500
cka_feddst,cifar10,0.9,21,results/logs/cka_strength_sweep/cifar10_drift_all/strength_0p9/seed_21/splits/cifar10_split_seed21_clients5_alpha0p3_ref500.json,0.9,drift,2,fc1,1,0,0.9980354309082031,0.9983512759208679,500
cka_feddst,cifar10,0.9,21,results/logs/cka_strength_sweep/cifar10_drift_all/strength_0p9/seed_21/splits/cifar10_split_seed21_clients5_alpha0p3_ref500.json,0.9,drift,2,fc1,1,1,1.0,0.9983512759208679,500
cka_feddst,cifar10,0.9,21,results/logs/cka_strength_sweep/cifar10_drift_all/strength_0p9/seed_21/splits/cifar10_split_seed21_clients5_alpha0p3_ref500.json,0.9,drift,2,fc1,1,2,0.9981866478919983,0.9983512759208679,500
cka_feddst,cifar10,0.9,21,results/logs/cka_strength_sweep/cifar10_drift_all/strength_0p9/seed_21/splits/cifar10_split_seed21_clients5_alpha0p3_ref500.json,0.9,drift,2,fc1,1,3,0.9985817670822144,0.9983512759208679,500
cka_feddst,cifar10,0.9,21,results/logs/cka_strength_sweep/cifar10_drift_all/strength_0p9/seed_21/splits/cifar10_split_seed21_clients5_alpha0p3_ref500.json,0.9,drift,2,fc1,1,4,0.997887372970581,0.9983512759208679,500
cka_feddst,cifar10,0.9,21,results/logs/cka_strength_sweep/cifar10_drift_all/strength_0p9/seed_21/splits/cifar10_split_seed21_clients5_alpha0p3_ref500.json,0.9,drift,2,fc1,2,0,0.9989318251609802,0.9983512759208679,500
cka_feddst,cifar10,0.9,21,results/logs/cka_strength_sweep/cifar10_drift_all/strength_0p9/seed_21/splits/cifar10_split_seed21_clients5_alpha0p3_ref500.json,0.9,drift,2,fc1,2,1,0.9981866478919983,0.9983512759208679,500
cka_feddst,cifar10,0.9,21,results/logs/cka_strength_sweep/cifar10_drift_all/strength_0p9/seed_21/splits/cifar10_split_seed21_clients5_alpha0p3_ref500.json,0.9,drift,2,fc1,2,2,1.0,0.9983512759208679,500
cka_feddst,cifar10,0.9,21,results/logs/cka_strength_sweep/cifar10_drift_all/strength_0p9/seed_21/splits/cifar10_split_seed21_clients5_alpha0p3_ref500.json,0.9,drift,2,fc1,2,3,0.9991154074668884,0.9983512759208679,500
cka_feddst,cifar10,0.9,21,results/logs/cka_strength_sweep/cifar10_drift_all/strength_0p9/seed_21/splits/cifar10_split_seed21_clients5_alpha0p3_ref500.json,0.9,drift,2,fc1,2,4,0.9980700016021729,0.9983512759208679,500
cka_feddst,cifar10,0.9,21,results/logs/cka_strength_sweep/cifar10_drift_all/strength_0p9/seed_21/splits/cifar10_split_seed21_clients5_alpha0p3_ref500.json,0.9,drift,2,fc1,3,0,0.9983351826667786,0.9983512759208679,500
cka_feddst,cifar10,0.9,21,results/logs/cka_strength_sweep/cifar10_drift_all/strength_0p9/seed_21/splits/cifar10_split_seed21_clients5_alpha0p3_ref500.json,0.9,drift,2,fc1,3,1,0.9985817670822144,0.9983512759208679,500
cka_feddst,cifar10,0.9,21,results/logs/cka_strength_sweep/cifar10_drift_all/strength_0p9/seed_21/splits/cifar10_split_seed21_clients5_alpha0p3_ref500.json,0.9,drift,2,fc1,3,2,0.9991154074668884,0.9983512759208679,500
cka_feddst,cifar10,0.9,21,results/logs/cka_strength_sweep/cifar10_drift_all/strength_0p9/seed_21/splits/cifar10_split_seed21_clients5_alpha0p3_ref500.json,0.9,drift,2,fc1,3,3,1.0,0.9983512759208679,500
cka_feddst,cifar10,0.9,21,results/logs/cka_strength_sweep/cifar10_drift_all/strength_0p9/seed_21/splits/cifar10_split_seed21_clients5_alpha0p3_ref500.json,0.9,drift,2,fc1,3,4,0.997907280921936,0.9983512759208679,500
cka_feddst,cifar10,0.9,21,results/logs/cka_strength_sweep/cifar10_drift_all/strength_0p9/seed_21/splits/cifar10_split_seed21_clients5_alpha0p3_ref500.json,0.9,drift,2,fc1,4,0,0.9984622597694397,0.9983512759208679,500
cka_feddst,cifar10,0.9,21,results/logs/cka_strength_sweep/cifar10_drift_all/strength_0p9/seed_21/splits/cifar10_split_seed21_clients5_alpha0p3_ref500.json,0.9,drift,2,fc1,4,1,0.997887372970581,0.9983512759208679,500
cka_feddst,cifar10,0.9,21,results/logs/cka_strength_sweep/cifar10_drift_all/strength_0p9/seed_21/splits/cifar10_split_seed21_clients5_alpha0p3_ref500.json,0.9,drift,2,fc1,4,2,0.9980700016021729,0.9983512759208679,500
cka_feddst,cifar10,0.9,21,results/logs/cka_strength_sweep/cifar10_drift_all/strength_0p9/seed_21/splits/cifar10_split_seed21_clients5_alpha0p3_ref500.json,0.9,drift,2,fc1,4,3,0.997907280921936,0.9983512759208679,500
cka_feddst,cifar10,0.9,21,results/logs/cka_strength_sweep/cifar10_drift_all/strength_0p9/seed_21/splits/cifar10_split_seed21_clients5_alpha0p3_ref500.json,0.9,drift,2,fc1,4,4,1.0,0.9983512759208679,500
cka_feddst,cifar10,0.9,21,results/logs/cka_strength_sweep/cifar10_drift_all/strength_0p9/seed_21/splits/cifar10_split_seed21_clients5_alpha0p3_ref500.json,0.9,drift,4,conv1,0,0,1.0,1.0,500
cka_feddst,cifar10,0.9,21,results/logs/cka_strength_sweep/cifar10_drift_all/strength_0p9/seed_21/splits/cifar10_split_seed21_clients5_alpha0p3_ref500.json,0.9,drift,4,conv1,0,1,1.0,1.0,500
cka_feddst,cifar10,0.9,21,results/logs/cka_strength_sweep/cifar10_drift_all/strength_0p9/seed_21/splits/cifar10_split_seed21_clients5_alpha0p3_ref500.json,0.9,drift,4,conv1,0,2,1.0,1.0,500
cka_feddst,cifar10,0.9,21,results/logs/cka_strength_sweep/cifar10_drift_all/strength_0p9/seed_21/splits/cifar10_split_seed21_clients5_alpha0p3_ref500.json,0.9,drift,4,conv1,0,3,1.0,1.0,500
cka_feddst,cifar10,0.9,21,results/logs/cka_strength_sweep/cifar10_drift_all/strength_0p9/seed_21/splits/cifar10_split_seed21_clients5_alpha0p3_ref500.json,0.9,drift,4,conv1,0,4,1.0,1.0,500
cka_feddst,cifar10,0.9,21,results/logs/cka_strength_sweep/cifar10_drift_all/strength_0p9/seed_21/splits/cifar10_split_seed21_clients5_alpha0p3_ref500.json,0.9,drift,4,conv1,1,0,1.0,1.0,500
cka_feddst,cifar10,0.9,21,results/logs/cka_strength_sweep/cifar10_drift_all/strength_0p9/seed_21/splits/cifar10_split_seed21_clients5_alpha0p3_ref500.json,0.9,drift,4,conv1,1,1,1.0,1.0,500
cka_feddst,cifar10,0.9,21,results/logs/cka_strength_sweep/cifar10_drift_all/strength_0p9/seed_21/splits/cifar10_split_seed21_clients5_alpha0p3_ref500.json,0.9,drift,4,conv1,1,2,1.0,1.0,500
cka_feddst,cifar10,0.9,21,results/logs/cka_strength_sweep/cifar10_drift_all/strength_0p9/seed_21/splits/cifar10_split_seed21_clients5_alpha0p3_ref500.json,0.9,drift,4,conv1,1,3,1.0,1.0,500
cka_feddst,cifar10,0.9,21,results/logs/cka_strength_sweep/cifar10_drift_all/strength_0p9/seed_21/splits/cifar10_split_seed21_clients5_alpha0p3_ref500.json,0.9,drift,4,conv1,1,4,1.0,1.0,500
cka_feddst,cifar10,0.9,21,results/logs/cka_strength_sweep/cifar10_drift_all/strength_0p9/seed_21/splits/cifar10_split_seed21_clients5_alpha0p3_ref500.json,0.9,drift,4,conv1,2,0,1.0,1.0,500
cka_feddst,cifar10,0.9,21,results/logs/cka_strength_sweep/cifar10_drift_all/strength_0p9/seed_21/splits/cifar10_split_seed21_clients5_alpha0p3_ref500.json,0.9,drift,4,conv1,2,1,1.0,1.0,500
cka_feddst,cifar10,0.9,21,results/logs/cka_strength_sweep/cifar10_drift_all/strength_0p9/seed_21/splits/cifar10_split_seed21_clients5_alpha0p3_ref500.json,0.9,drift,4,conv1,2,2,1.0,1.0,500
cka_feddst,cifar10,0.9,21,results/logs/cka_strength_sweep/cifar10_drift_all/strength_0p9/seed_21/splits/cifar10_split_seed21_clients5_alpha0p3_ref500.json,0.9,drift,4,conv1,2,3,1.0,1.0,500
cka_feddst,cifar10,0.9,21,results/logs/cka_strength_sweep/cifar10_drift_all/strength_0p9/seed_21/splits/cifar10_split_seed21_clients5_alpha0p3_ref500.json,0.9,drift,4,conv1,2,4,1.0,1.0,500
cka_feddst,cifar10,0.9,21,results/logs/cka_strength_sweep/cifar10_drift_all/strength_0p9/seed_21/splits/cifar10_split_seed21_clients5_alpha0p3_ref500.json,0.9,drift,4,conv1,3,0,1.0,1.0,500
cka_feddst,cifar10,0.9,21,results/logs/cka_strength_sweep/cifar10_drift_all/strength_0p9/seed_21/splits/cifar10_split_seed21_clients5_alpha0p3_ref500.json,0.9,drift,4,conv1,3,1,1.0,1.0,500
cka_feddst,cifar10,0.9,21,results/logs/cka_strength_sweep/cifar10_drift_all/strength_0p9/seed_21/splits/cifar10_split_seed21_clients5_alpha0p3_ref500.json,0.9,drift,4,conv1,3,2,1.0,1.0,500
cka_feddst,cifar10,0.9,21,results/logs/cka_strength_sweep/cifar10_drift_all/strength_0p9/seed_21/splits/cifar10_split_seed21_clients5_alpha0p3_ref500.json,0.9,drift,4,conv1,3,3,1.0,1.0,500
cka_feddst,cifar10,0.9,21,results/logs/cka_strength_sweep/cifar10_drift_all/strength_0p9/seed_21/splits/cifar10_split_seed21_clients5_alpha0p3_ref500.json,0.9,drift,4,conv1,3,4,1.0,1.0,500
cka_feddst,cifar10,0.9,21,results/logs/cka_strength_sweep/cifar10_drift_all/strength_0p9/seed_21/splits/cifar10_split_seed21_clients5_alpha0p3_ref500.json,0.9,drift,4,conv1,4,0,1.0,1.0,500
cka_feddst,cifar10,0.9,21,results/logs/cka_strength_sweep/cifar10_drift_all/strength_0p9/seed_21/splits/cifar10_split_seed21_clients5_alpha0p3_ref500.json,0.9,drift,4,conv1,4,1,1.0,1.0,500
cka_feddst,cifar10,0.9,21,results/logs/cka_strength_sweep/cifar10_drift_all/strength_0p9/seed_21/splits/cifar10_split_seed21_clients5_alpha0p3_ref500.json,0.9,drift,4,conv1,4,2,1.0,1.0,500
cka_feddst,cifar10,0.9,21,results/logs/cka_strength_sweep/cifar10_drift_all/strength_0p9/seed_21/splits/cifar10_split_seed21_clients5_alpha0p3_ref500.json,0.9,drift,4,conv1,4,3,1.0,1.0,500
cka_feddst,cifar10,0.9,21,results/logs/cka_strength_sweep/cifar10_drift_all/strength_0p9/seed_21/splits/cifar10_split_seed21_clients5_alpha0p3_ref500.json,0.9,drift,4,conv1,4,4,1.0,1.0,500
cka_feddst,cifar10,0.9,21,results/logs/cka_strength_sweep/cifar10_drift_all/strength_0p9/seed_21/splits/cifar10_split_seed21_clients5_alpha0p3_ref500.json,0.9,drift,4,conv2,0,0,1.0,0.9999815821647644,500
cka_feddst,cifar10,0.9,21,results/logs/cka_strength_sweep/cifar10_drift_all/strength_0p9/seed_21/splits/cifar10_split_seed21_clients5_alpha0p3_ref500.json,0.9,drift,4,conv2,0,1,0.9999561309814453,0.9999815821647644,500
cka_feddst,cifar10,0.9,21,results/logs/cka_strength_sweep/cifar10_drift_all/strength_0p9/seed_21/splits/cifar10_split_seed21_clients5_alpha0p3_ref500.json,0.9,drift,4,conv2,0,2,0.9999580979347229,0.9999815821647644,500
cka_feddst,cifar10,0.9,21,results/logs/cka_strength_sweep/cifar10_drift_all/strength_0p9/seed_21/splits/cifar10_split_seed21_clients5_alpha0p3_ref500.json,0.9,drift,4,conv2,0,3,0.9999707937240601,0.9999815821647644,500
cka_feddst,cifar10,0.9,21,results/logs/cka_strength_sweep/cifar10_drift_all/strength_0p9/seed_21/splits/cifar10_split_seed21_clients5_alpha0p3_ref500.json,0.9,drift,4,conv2,0,4,0.9999461770057678,0.9999815821647644,500
cka_feddst,cifar10,0.9,21,results/logs/cka_strength_sweep/cifar10_drift_all/strength_0p9/seed_21/splits/cifar10_split_seed21_clients5_alpha0p3_ref500.json,0.9,drift,4,conv2,1,0,0.9999561309814453,0.9999815821647644,500
cka_feddst,cifar10,0.9,21,results/logs/cka_strength_sweep/cifar10_drift_all/strength_0p9/seed_21/splits/cifar10_split_seed21_clients5_alpha0p3_ref500.json,0.9,drift,4,conv2,1,1,1.0,0.9999815821647644,500
cka_feddst,cifar10,0.9,21,results/logs/cka_strength_sweep/cifar10_drift_all/strength_0p9/seed_21/splits/cifar10_split_seed21_clients5_alpha0p3_ref500.json,0.9,drift,4,conv2,1,2,1.0,0.9999815821647644,500
cka_feddst,cifar10,0.9,21,results/logs/cka_strength_sweep/cifar10_drift_all/strength_0p9/seed_21/splits/cifar10_split_seed21_clients5_alpha0p3_ref500.json,0.9,drift,4,conv2,1,3,0.999995768070221,0.9999815821647644,500
cka_feddst,cifar10,0.9,21,results/logs/cka_strength_sweep/cifar10_drift_all/strength_0p9/seed_21/splits/cifar10_split_seed21_clients5_alpha0p3_ref500.json,0.9,drift,4,conv2,1,4,1.0,0.9999815821647644,500
cka_feddst,cifar10,0.9,21,results/logs/cka_strength_sweep/cifar10_drift_all/strength_0p9/seed_21/splits/cifar10_split_seed21_clients5_alpha0p3_ref500.json,0.9,drift,4,conv2,2,0,0.9999580979347229,0.9999815821647644,500
cka_feddst,cifar10,0.9,21,results/logs/cka_strength_sweep/cifar10_drift_all/strength_0p9/seed_21/splits/cifar10_split_seed21_clients5_alpha0p3_ref500.json,0.9,drift,4,conv2,2,1,1.0,0.9999815821647644,500
cka_feddst,cifar10,0.9,21,results/logs/cka_strength_sweep/cifar10_drift_all/strength_0p9/seed_21/splits/cifar10_split_seed21_clients5_alpha0p3_ref500.json,0.9,drift,4,conv2,2,2,1.0,0.9999815821647644,500
cka_feddst,cifar10,0.9,21,results/logs/cka_strength_sweep/cifar10_drift_all/strength_0p9/seed_21/splits/cifar10_split_seed21_clients5_alpha0p3_ref500.json,0.9,drift,4,conv2,2,3,1.0,0.9999815821647644,500
cka_feddst,cifar10,0.9,21,results/logs/cka_strength_sweep/cifar10_drift_all/strength_0p9/seed_21/splits/cifar10_split_seed21_clients5_alpha0p3_ref500.json,0.9,drift,4,conv2,2,4,0.999998152256012,0.9999815821647644,500
cka_feddst,cifar10,0.9,21,results/logs/cka_strength_sweep/cifar10_drift_all/strength_0p9/seed_21/splits/cifar10_split_seed21_clients5_alpha0p3_ref500.json,0.9,drift,4,conv2,3,0,0.9999707937240601,0.9999815821647644,500
cka_feddst,cifar10,0.9,21,results/logs/cka_strength_sweep/cifar10_drift_all/strength_0p9/seed_21/splits/cifar10_split_seed21_clients5_alpha0p3_ref500.json,0.9,drift,4,conv2,3,1,0.999995768070221,0.9999815821647644,500
cka_feddst,cifar10,0.9,21,results/logs/cka_strength_sweep/cifar10_drift_all/strength_0p9/seed_21/splits/cifar10_split_seed21_clients5_alpha0p3_ref500.json,0.9,drift,4,conv2,3,2,1.0,0.9999815821647644,500
cka_feddst,cifar10,0.9,21,results/logs/cka_strength_sweep/cifar10_drift_all/strength_0p9/seed_21/splits/cifar10_split_seed21_clients5_alpha0p3_ref500.json,0.9,drift,4,conv2,3,3,1.0,0.9999815821647644,500
cka_feddst,cifar10,0.9,21,results/logs/cka_strength_sweep/cifar10_drift_all/strength_0p9/seed_21/splits/cifar10_split_seed21_clients5_alpha0p3_ref500.json,0.9,drift,4,conv2,3,4,0.9999909400939941,0.9999815821647644,500
cka_feddst,cifar10,0.9,21,results/logs/cka_strength_sweep/cifar10_drift_all/strength_0p9/seed_21/splits/cifar10_split_seed21_clients5_alpha0p3_ref500.json,0.9,drift,4,conv2,4,0,0.9999461770057678,0.9999815821647644,500
cka_feddst,cifar10,0.9,21,results/logs/cka_strength_sweep/cifar10_drift_all/strength_0p9/seed_21/splits/cifar10_split_seed21_clients5_alpha0p3_ref500.json,0.9,drift,4,conv2,4,1,1.0,0.9999815821647644,500
cka_feddst,cifar10,0.9,21,results/logs/cka_strength_sweep/cifar10_drift_all/strength_0p9/seed_21/splits/cifar10_split_seed21_clients5_alpha0p3_ref500.json,0.9,drift,4,conv2,4,2,0.999998152256012,0.9999815821647644,500
cka_feddst,cifar10,0.9,21,results/logs/cka_strength_sweep/cifar10_drift_all/strength_0p9/seed_21/splits/cifar10_split_seed21_clients5_alpha0p3_ref500.json,0.9,drift,4,conv2,4,3,0.9999909400939941,0.9999815821647644,500
cka_feddst,cifar10,0.9,21,results/logs/cka_strength_sweep/cifar10_drift_all/strength_0p9/seed_21/splits/cifar10_split_seed21_clients5_alpha0p3_ref500.json,0.9,drift,4,conv2,4,4,1.0,0.9999815821647644,500
cka_feddst,cifar10,0.9,21,results/logs/cka_strength_sweep/cifar10_drift_all/strength_0p9/seed_21/splits/cifar10_split_seed21_clients5_alpha0p3_ref500.json,0.9,drift,4,conv3,0,0,1.0,0.9998940229415894,500
cka_feddst,cifar10,0.9,21,results/logs/cka_strength_sweep/cifar10_drift_all/strength_0p9/seed_21/splits/cifar10_split_seed21_clients5_alpha0p3_ref500.json,0.9,drift,4,conv3,0,1,0.9997766017913818,0.9998940229415894,500
cka_feddst,cifar10,0.9,21,results/logs/cka_strength_sweep/cifar10_drift_all/strength_0p9/seed_21/splits/cifar10_split_seed21_clients5_alpha0p3_ref500.json,0.9,drift,4,conv3,0,2,0.9998533129692078,0.9998940229415894,500
cka_feddst,cifar10,0.9,21,results/logs/cka_strength_sweep/cifar10_drift_all/strength_0p9/seed_21/splits/cifar10_split_seed21_clients5_alpha0p3_ref500.json,0.9,drift,4,conv3,0,3,0.9999195337295532,0.9998940229415894,500
cka_feddst,cifar10,0.9,21,results/logs/cka_strength_sweep/cifar10_drift_all/strength_0p9/seed_21/splits/cifar10_split_seed21_clients5_alpha0p3_ref500.json,0.9,drift,4,conv3,0,4,0.9997426271438599,0.9998940229415894,500
cka_feddst,cifar10,0.9,21,results/logs/cka_strength_sweep/cifar10_drift_all/strength_0p9/seed_21/splits/cifar10_split_seed21_clients5_alpha0p3_ref500.json,0.9,drift,4,conv3,1,0,0.9997766017913818,0.9998940229415894,500
cka_feddst,cifar10,0.9,21,results/logs/cka_strength_sweep/cifar10_drift_all/strength_0p9/seed_21/splits/cifar10_split_seed21_clients5_alpha0p3_ref500.json,0.9,drift,4,conv3,1,1,1.0,0.9998940229415894,500
cka_feddst,cifar10,0.9,21,results/logs/cka_strength_sweep/cifar10_drift_all/strength_0p9/seed_21/splits/cifar10_split_seed21_clients5_alpha0p3_ref500.json,0.9,drift,4,conv3,1,2,0.999947190284729,0.9998940229415894,500
cka_feddst,cifar10,0.9,21,results/logs/cka_strength_sweep/cifar10_drift_all/strength_0p9/seed_21/splits/cifar10_split_seed21_clients5_alpha0p3_ref500.json,0.9,drift,4,conv3,1,3,0.9999002814292908,0.9998940229415894,500
cka_feddst,cifar10,0.9,21,results/logs/cka_strength_sweep/cifar10_drift_all/strength_0p9/seed_21/splits/cifar10_split_seed21_clients5_alpha0p3_ref500.json,0.9,drift,4,conv3,1,4,0.9999700784683228,0.9998940229415894,500
cka_feddst,cifar10,0.9,21,results/logs/cka_strength_sweep/cifar10_drift_all/strength_0p9/seed_21/splits/cifar10_split_seed21_clients5_alpha0p3_ref500.json,0.9,drift,4,conv3,2,0,0.9998533129692078,0.9998940229415894,500
cka_feddst,cifar10,0.9,21,results/logs/cka_strength_sweep/cifar10_drift_all/strength_0p9/seed_21/splits/cifar10_split_seed21_clients5_alpha0p3_ref500.json,0.9,drift,4,conv3,2,1,0.999947190284729,0.9998940229415894,500
cka_feddst,cifar10,0.9,21,results/logs/cka_strength_sweep/cifar10_drift_all/strength_0p9/seed_21/splits/cifar10_split_seed21_clients5_alpha0p3_ref500.json,0.9,drift,4,conv3,2,2,1.0,0.9998940229415894,500
cka_feddst,cifar10,0.9,21,results/logs/cka_strength_sweep/cifar10_drift_all/strength_0p9/seed_21/splits/cifar10_split_seed21_clients5_alpha0p3_ref500.json,0.9,drift,4,conv3,2,3,0.9999710917472839,0.9998940229415894,500
cka_feddst,cifar10,0.9,21,results/logs/cka_strength_sweep/cifar10_drift_all/strength_0p9/seed_21/splits/cifar10_split_seed21_clients5_alpha0p3_ref500.json,0.9,drift,4,conv3,2,4,0.9999586939811707,0.9998940229415894,500
cka_feddst,cifar10,0.9,21,results/logs/cka_strength_sweep/cifar10_drift_all/strength_0p9/seed_21/splits/cifar10_split_seed21_clients5_alpha0p3_ref500.json,0.9,drift,4,conv3,3,0,0.9999195337295532,0.9998940229415894,500
cka_feddst,cifar10,0.9,21,results/logs/cka_strength_sweep/cifar10_drift_all/strength_0p9/seed_21/splits/cifar10_split_seed21_clients5_alpha0p3_ref500.json,0.9,drift,4,conv3,3,1,0.9999002814292908,0.9998940229415894,500
cka_feddst,cifar10,0.9,21,results/logs/cka_strength_sweep/cifar10_drift_all/strength_0p9/seed_21/splits/cifar10_split_seed21_clients5_alpha0p3_ref500.json,0.9,drift,4,conv3,3,2,0.9999710917472839,0.9998940229415894,500
cka_feddst,cifar10,0.9,21,results/logs/cka_strength_sweep/cifar10_drift_all/strength_0p9/seed_21/splits/cifar10_split_seed21_clients5_alpha0p3_ref500.json,0.9,drift,4,conv3,3,3,1.0,0.9998940229415894,500
cka_feddst,cifar10,0.9,21,results/logs/cka_strength_sweep/cifar10_drift_all/strength_0p9/seed_21/splits/cifar10_split_seed21_clients5_alpha0p3_ref500.json,0.9,drift,4,conv3,3,4,0.9999005198478699,0.9998940229415894,500
cka_feddst,cifar10,0.9,21,results/logs/cka_strength_sweep/cifar10_drift_all/strength_0p9/seed_21/splits/cifar10_split_seed21_clients5_alpha0p3_ref500.json,0.9,drift,4,conv3,4,0,0.9997426271438599,0.9998940229415894,500
cka_feddst,cifar10,0.9,21,results/logs/cka_strength_sweep/cifar10_drift_all/strength_0p9/seed_21/splits/cifar10_split_seed21_clients5_alpha0p3_ref500.json,0.9,drift,4,conv3,4,1,0.9999700784683228,0.9998940229415894,500
cka_feddst,cifar10,0.9,21,results/logs/cka_strength_sweep/cifar10_drift_all/strength_0p9/seed_21/splits/cifar10_split_seed21_clients5_alpha0p3_ref500.json,0.9,drift,4,conv3,4,2,0.9999586939811707,0.9998940229415894,500
cka_feddst,cifar10,0.9,21,results/logs/cka_strength_sweep/cifar10_drift_all/strength_0p9/seed_21/splits/cifar10_split_seed21_clients5_alpha0p3_ref500.json,0.9,drift,4,conv3,4,3,0.9999005198478699,0.9998940229415894,500
cka_feddst,cifar10,0.9,21,results/logs/cka_strength_sweep/cifar10_drift_all/strength_0p9/seed_21/splits/cifar10_split_seed21_clients5_alpha0p3_ref500.json,0.9,drift,4,conv3,4,4,1.0,0.9998940229415894,500
cka_feddst,cifar10,0.9,21,results/logs/cka_strength_sweep/cifar10_drift_all/strength_0p9/seed_21/splits/cifar10_split_seed21_clients5_alpha0p3_ref500.json,0.9,drift,4,fc1,0,0,1.0,0.9887692332267761,500
cka_feddst,cifar10,0.9,21,results/logs/cka_strength_sweep/cifar10_drift_all/strength_0p9/seed_21/splits/cifar10_split_seed21_clients5_alpha0p3_ref500.json,0.9,drift,4,fc1,0,1,0.97761070728302,0.9887692332267761,500
cka_feddst,cifar10,0.9,21,results/logs/cka_strength_sweep/cifar10_drift_all/strength_0p9/seed_21/splits/cifar10_split_seed21_clients5_alpha0p3_ref500.json,0.9,drift,4,fc1,0,2,0.978267252445221,0.9887692332267761,500
cka_feddst,cifar10,0.9,21,results/logs/cka_strength_sweep/cifar10_drift_all/strength_0p9/seed_21/splits/cifar10_split_seed21_clients5_alpha0p3_ref500.json,0.9,drift,4,fc1,0,3,0.9860544204711914,0.9887692332267761,500
cka_feddst,cifar10,0.9,21,results/logs/cka_strength_sweep/cifar10_drift_all/strength_0p9/seed_21/splits/cifar10_split_seed21_clients5_alpha0p3_ref500.json,0.9,drift,4,fc1,0,4,0.9723746180534363,0.9887692332267761,500
cka_feddst,cifar10,0.9,21,results/logs/cka_strength_sweep/cifar10_drift_all/strength_0p9/seed_21/splits/cifar10_split_seed21_clients5_alpha0p3_ref500.json,0.9,drift,4,fc1,1,0,0.97761070728302,0.9887692332267761,500
cka_feddst,cifar10,0.9,21,results/logs/cka_strength_sweep/cifar10_drift_all/strength_0p9/seed_21/splits/cifar10_split_seed21_clients5_alpha0p3_ref500.json,0.9,drift,4,fc1,1,1,1.0,0.9887692332267761,500
cka_feddst,cifar10,0.9,21,results/logs/cka_strength_sweep/cifar10_drift_all/strength_0p9/seed_21/splits/cifar10_split_seed21_clients5_alpha0p3_ref500.json,0.9,drift,4,fc1,1,2,0.9947908520698547,0.9887692332267761,500
cka_feddst,cifar10,0.9,21,results/logs/cka_strength_sweep/cifar10_drift_all/strength_0p9/seed_21/splits/cifar10_split_seed21_clients5_alpha0p3_ref500.json,0.9,drift,4,fc1,1,3,0.994452178478241,0.9887692332267761,500
cka_feddst,cifar10,0.9,21,results/logs/cka_strength_sweep/cifar10_drift_all/strength_0p9/seed_21/splits/cifar10_split_seed21_clients5_alpha0p3_ref500.json,0.9,drift,4,fc1,1,4,0.993908703327179,0.9887692332267761,500
cka_feddst,cifar10,0.9,21,results/logs/cka_strength_sweep/cifar10_drift_all/strength_0p9/seed_21/splits/cifar10_split_seed21_clients5_alpha0p3_ref500.json,0.9,drift,4,fc1,2,0,0.978267252445221,0.9887692332267761,500
cka_feddst,cifar10,0.9,21,results/logs/cka_strength_sweep/cifar10_drift_all/strength_0p9/seed_21/splits/cifar10_split_seed21_clients5_alpha0p3_ref500.json,0.9,drift,4,fc1,2,1,0.9947908520698547,0.9887692332267761,500
cka_feddst,cifar10,0.9,21,results/logs/cka_strength_sweep/cifar10_drift_all/strength_0p9/seed_21/splits/cifar10_split_seed21_clients5_alpha0p3_ref500.json,0.9,drift,4,fc1,2,2,1.0,0.9887692332267761,500
cka_feddst,cifar10,0.9,21,results/logs/cka_strength_sweep/cifar10_drift_all/strength_0p9/seed_21/splits/cifar10_split_seed21_clients5_alpha0p3_ref500.json,0.9,drift,4,fc1,2,3,0.9977318048477173,0.9887692332267761,500
cka_feddst,cifar10,0.9,21,results/logs/cka_strength_sweep/cifar10_drift_all/strength_0p9/seed_21/splits/cifar10_split_seed21_clients5_alpha0p3_ref500.json,0.9,drift,4,fc1,2,4,0.9973697066307068,0.9887692332267761,500
cka_feddst,cifar10,0.9,21,results/logs/cka_strength_sweep/cifar10_drift_all/strength_0p9/seed_21/splits/cifar10_split_seed21_clients5_alpha0p3_ref500.json,0.9,drift,4,fc1,3,0,0.9860544204711914,0.9887692332267761,500
cka_feddst,cifar10,0.9,21,results/logs/cka_strength_sweep/cifar10_drift_all/strength_0p9/seed_21/splits/cifar10_split_seed21_clients5_alpha0p3_ref500.json,0.9,drift,4,fc1,3,1,0.994452178478241,0.9887692332267761,500
cka_feddst,cifar10,0.9,21,results/logs/cka_strength_sweep/cifar10_drift_all/strength_0p9/seed_21/splits/cifar10_split_seed21_clients5_alpha0p3_ref500.json,0.9,drift,4,fc1,3,2,0.9977318048477173,0.9887692332267761,500
cka_feddst,cifar10,0.9,21,results/logs/cka_strength_sweep/cifar10_drift_all/strength_0p9/seed_21/splits/cifar10_split_seed21_clients5_alpha0p3_ref500.json,0.9,drift,4,fc1,3,3,1.0,0.9887692332267761,500
cka_feddst,cifar10,0.9,21,results/logs/cka_strength_sweep/cifar10_drift_all/strength_0p9/seed_21/splits/cifar10_split_seed21_clients5_alpha0p3_ref500.json,0.9,drift,4,fc1,3,4,0.995132565498352,0.9887692332267761,500
cka_feddst,cifar10,0.9,21,results/logs/cka_strength_sweep/cifar10_drift_all/strength_0p9/seed_21/splits/cifar10_split_seed21_clients5_alpha0p3_ref500.json,0.9,drift,4,fc1,4,0,0.9723746180534363,0.9887692332267761,500
cka_feddst,cifar10,0.9,21,results/logs/cka_strength_sweep/cifar10_drift_all/strength_0p9/seed_21/splits/cifar10_split_seed21_clients5_alpha0p3_ref500.json,0.9,drift,4,fc1,4,1,0.993908703327179,0.9887692332267761,500
cka_feddst,cifar10,0.9,21,results/logs/cka_strength_sweep/cifar10_drift_all/strength_0p9/seed_21/splits/cifar10_split_seed21_clients5_alpha0p3_ref500.json,0.9,drift,4,fc1,4,2,0.9973697066307068,0.9887692332267761,500
cka_feddst,cifar10,0.9,21,results/logs/cka_strength_sweep/cifar10_drift_all/strength_0p9/seed_21/splits/cifar10_split_seed21_clients5_alpha0p3_ref500.json,0.9,drift,4,fc1,4,3,0.995132565498352,0.9887692332267761,500
cka_feddst,cifar10,0.9,21,results/logs/cka_strength_sweep/cifar10_drift_all/strength_0p9/seed_21/splits/cifar10_split_seed21_clients5_alpha0p3_ref500.json,0.9,drift,4,fc1,4,4,1.0,0.9887692332267761,500
cka_feddst,cifar10,0.9,21,results/logs/cka_strength_sweep/cifar10_drift_all/strength_0p9/seed_21/splits/cifar10_split_seed21_clients5_alpha0p3_ref500.json,0.9,drift,6,conv1,0,0,1.0,1.0,500
cka_feddst,cifar10,0.9,21,results/logs/cka_strength_sweep/cifar10_drift_all/strength_0p9/seed_21/splits/cifar10_split_seed21_clients5_alpha0p3_ref500.json,0.9,drift,6,conv1,0,1,1.0,1.0,500
cka_feddst,cifar10,0.9,21,results/logs/cka_strength_sweep/cifar10_drift_all/strength_0p9/seed_21/splits/cifar10_split_seed21_clients5_alpha0p3_ref500.json,0.9,drift,6,conv1,0,2,1.0,1.0,500
cka_feddst,cifar10,0.9,21,results/logs/cka_strength_sweep/cifar10_drift_all/strength_0p9/seed_21/splits/cifar10_split_seed21_clients5_alpha0p3_ref500.json,0.9,drift,6,conv1,0,3,1.0,1.0,500
cka_feddst,cifar10,0.9,21,results/logs/cka_strength_sweep/cifar10_drift_all/strength_0p9/seed_21/splits/cifar10_split_seed21_clients5_alpha0p3_ref500.json,0.9,drift,6,conv1,0,4,1.0,1.0,500
cka_feddst,cifar10,0.9,21,results/logs/cka_strength_sweep/cifar10_drift_all/strength_0p9/seed_21/splits/cifar10_split_seed21_clients5_alpha0p3_ref500.json,0.9,drift,6,conv1,1,0,1.0,1.0,500
cka_feddst,cifar10,0.9,21,results/logs/cka_strength_sweep/cifar10_drift_all/strength_0p9/seed_21/splits/cifar10_split_seed21_clients5_alpha0p3_ref500.json,0.9,drift,6,conv1,1,1,1.0,1.0,500
cka_feddst,cifar10,0.9,21,results/logs/cka_strength_sweep/cifar10_drift_all/strength_0p9/seed_21/splits/cifar10_split_seed21_clients5_alpha0p3_ref500.json,0.9,drift,6,conv1,1,2,1.0,1.0,500
cka_feddst,cifar10,0.9,21,results/logs/cka_strength_sweep/cifar10_drift_all/strength_0p9/seed_21/splits/cifar10_split_seed21_clients5_alpha0p3_ref500.json,0.9,drift,6,conv1,1,3,1.0,1.0,500
cka_feddst,cifar10,0.9,21,results/logs/cka_strength_sweep/cifar10_drift_all/strength_0p9/seed_21/splits/cifar10_split_seed21_clients5_alpha0p3_ref500.json,0.9,drift,6,conv1,1,4,1.0,1.0,500
cka_feddst,cifar10,0.9,21,results/logs/cka_strength_sweep/cifar10_drift_all/strength_0p9/seed_21/splits/cifar10_split_seed21_clients5_alpha0p3_ref500.json,0.9,drift,6,conv1,2,0,1.0,1.0,500
cka_feddst,cifar10,0.9,21,results/logs/cka_strength_sweep/cifar10_drift_all/strength_0p9/seed_21/splits/cifar10_split_seed21_clients5_alpha0p3_ref500.json,0.9,drift,6,conv1,2,1,1.0,1.0,500
cka_feddst,cifar10,0.9,21,results/logs/cka_strength_sweep/cifar10_drift_all/strength_0p9/seed_21/splits/cifar10_split_seed21_clients5_alpha0p3_ref500.json,0.9,drift,6,conv1,2,2,1.0,1.0,500
cka_feddst,cifar10,0.9,21,results/logs/cka_strength_sweep/cifar10_drift_all/strength_0p9/seed_21/splits/cifar10_split_seed21_clients5_alpha0p3_ref500.json,0.9,drift,6,conv1,2,3,1.0,1.0,500
cka_feddst,cifar10,0.9,21,results/logs/cka_strength_sweep/cifar10_drift_all/strength_0p9/seed_21/splits/cifar10_split_seed21_clients5_alpha0p3_ref500.json,0.9,drift,6,conv1,2,4,1.0,1.0,500
cka_feddst,cifar10,0.9,21,results/logs/cka_strength_sweep/cifar10_drift_all/strength_0p9/seed_21/splits/cifar10_split_seed21_clients5_alpha0p3_ref500.json,0.9,drift,6,conv1,3,0,1.0,1.0,500
cka_feddst,cifar10,0.9,21,results/logs/cka_strength_sweep/cifar10_drift_all/strength_0p9/seed_21/splits/cifar10_split_seed21_clients5_alpha0p3_ref500.json,0.9,drift,6,conv1,3,1,1.0,1.0,500
cka_feddst,cifar10,0.9,21,results/logs/cka_strength_sweep/cifar10_drift_all/strength_0p9/seed_21/splits/cifar10_split_seed21_clients5_alpha0p3_ref500.json,0.9,drift,6,conv1,3,2,1.0,1.0,500
cka_feddst,cifar10,0.9,21,results/logs/cka_strength_sweep/cifar10_drift_all/strength_0p9/seed_21/splits/cifar10_split_seed21_clients5_alpha0p3_ref500.json,0.9,drift,6,conv1,3,3,1.0,1.0,500
cka_feddst,cifar10,0.9,21,results/logs/cka_strength_sweep/cifar10_drift_all/strength_0p9/seed_21/splits/cifar10_split_seed21_clients5_alpha0p3_ref500.json,0.9,drift,6,conv1,3,4,1.0,1.0,500
cka_feddst,cifar10,0.9,21,results/logs/cka_strength_sweep/cifar10_drift_all/strength_0p9/seed_21/splits/cifar10_split_seed21_clients5_alpha0p3_ref500.json,0.9,drift,6,conv1,4,0,1.0,1.0,500
cka_feddst,cifar10,0.9,21,results/logs/cka_strength_sweep/cifar10_drift_all/strength_0p9/seed_21/splits/cifar10_split_seed21_clients5_alpha0p3_ref500.json,0.9,drift,6,conv1,4,1,1.0,1.0,500
cka_feddst,cifar10,0.9,21,results/logs/cka_strength_sweep/cifar10_drift_all/strength_0p9/seed_21/splits/cifar10_split_seed21_clients5_alpha0p3_ref500.json,0.9,drift,6,conv1,4,2,1.0,1.0,500
cka_feddst,cifar10,0.9,21,results/logs/cka_strength_sweep/cifar10_drift_all/strength_0p9/seed_21/splits/cifar10_split_seed21_clients5_alpha0p3_ref500.json,0.9,drift,6,conv1,4,3,1.0,1.0,500
cka_feddst,cifar10,0.9,21,results/logs/cka_strength_sweep/cifar10_drift_all/strength_0p9/seed_21/splits/cifar10_split_seed21_clients5_alpha0p3_ref500.json,0.9,drift,6,conv1,4,4,1.0,1.0,500
cka_feddst,cifar10,0.9,21,results/logs/cka_strength_sweep/cifar10_drift_all/strength_0p9/seed_21/splits/cifar10_split_seed21_clients5_alpha0p3_ref500.json,0.9,drift,6,conv2,0,0,1.0,0.9999998211860657,500
cka_feddst,cifar10,0.9,21,results/logs/cka_strength_sweep/cifar10_drift_all/strength_0p9/seed_21/splits/cifar10_split_seed21_clients5_alpha0p3_ref500.json,0.9,drift,6,conv2,0,1,1.0,0.9999998211860657,500
cka_feddst,cifar10,0.9,21,results/logs/cka_strength_sweep/cifar10_drift_all/strength_0p9/seed_21/splits/cifar10_split_seed21_clients5_alpha0p3_ref500.json,0.9,drift,6,conv2,0,2,1.0,0.9999998211860657,500
cka_feddst,cifar10,0.9,21,results/logs/cka_strength_sweep/cifar10_drift_all/strength_0p9/seed_21/splits/cifar10_split_seed21_clients5_alpha0p3_ref500.json,0.9,drift,6,conv2,0,3,1.0,0.9999998211860657,500
cka_feddst,cifar10,0.9,21,results/logs/cka_strength_sweep/cifar10_drift_all/strength_0p9/seed_21/splits/cifar10_split_seed21_clients5_alpha0p3_ref500.json,0.9,drift,6,conv2,0,4,0.999998152256012,0.9999998211860657,500
cka_feddst,cifar10,0.9,21,results/logs/cka_strength_sweep/cifar10_drift_all/strength_0p9/seed_21/splits/cifar10_split_seed21_clients5_alpha0p3_ref500.json,0.9,drift,6,conv2,1,0,1.0,0.9999998211860657,500
cka_feddst,cifar10,0.9,21,results/logs/cka_strength_sweep/cifar10_drift_all/strength_0p9/seed_21/splits/cifar10_split_seed21_clients5_alpha0p3_ref500.json,0.9,drift,6,conv2,1,1,1.0,0.9999998211860657,500
cka_feddst,cifar10,0.9,21,results/logs/cka_strength_sweep/cifar10_drift_all/strength_0p9/seed_21/splits/cifar10_split_seed21_clients5_alpha0p3_ref500.json,0.9,drift,6,conv2,1,2,1.0,0.9999998211860657,500
cka_feddst,cifar10,0.9,21,results/logs/cka_strength_sweep/cifar10_drift_all/strength_0p9/seed_21/splits/cifar10_split_seed21_clients5_alpha0p3_ref500.json,0.9,drift,6,conv2,1,3,1.0,0.9999998211860657,500
cka_feddst,cifar10,0.9,21,results/logs/cka_strength_sweep/cifar10_drift_all/strength_0p9/seed_21/splits/cifar10_split_seed21_clients5_alpha0p3_ref500.json,0.9,drift,6,conv2,1,4,1.0,0.9999998211860657,500
cka_feddst,cifar10,0.9,21,results/logs/cka_strength_sweep/cifar10_drift_all/strength_0p9/seed_21/splits/cifar10_split_seed21_clients5_alpha0p3_ref500.json,0.9,drift,6,conv2,2,0,1.0,0.9999998211860657,500
cka_feddst,cifar10,0.9,21,results/logs/cka_strength_sweep/cifar10_drift_all/strength_0p9/seed_21/splits/cifar10_split_seed21_clients5_alpha0p3_ref500.json,0.9,drift,6,conv2,2,1,1.0,0.9999998211860657,500
cka_feddst,cifar10,0.9,21,results/logs/cka_strength_sweep/cifar10_drift_all/strength_0p9/seed_21/splits/cifar10_split_seed21_clients5_alpha0p3_ref500.json,0.9,drift,6,conv2,2,2,1.0,0.9999998211860657,500
cka_feddst,cifar10,0.9,21,results/logs/cka_strength_sweep/cifar10_drift_all/strength_0p9/seed_21/splits/cifar10_split_seed21_clients5_alpha0p3_ref500.json,0.9,drift,6,conv2,2,3,1.0,0.9999998211860657,500
cka_feddst,cifar10,0.9,21,results/logs/cka_strength_sweep/cifar10_drift_all/strength_0p9/seed_21/splits/cifar10_split_seed21_clients5_alpha0p3_ref500.json,0.9,drift,6,conv2,2,4,1.0,0.9999998211860657,500
cka_feddst,cifar10,0.9,21,results/logs/cka_strength_sweep/cifar10_drift_all/strength_0p9/seed_21/splits/cifar10_split_seed21_clients5_alpha0p3_ref500.json,0.9,drift,6,conv2,3,0,1.0,0.9999998211860657,500
cka_feddst,cifar10,0.9,21,results/logs/cka_strength_sweep/cifar10_drift_all/strength_0p9/seed_21/splits/cifar10_split_seed21_clients5_alpha0p3_ref500.json,0.9,drift,6,conv2,3,1,1.0,0.9999998211860657,500
cka_feddst,cifar10,0.9,21,results/logs/cka_strength_sweep/cifar10_drift_all/strength_0p9/seed_21/splits/cifar10_split_seed21_clients5_alpha0p3_ref500.json,0.9,drift,6,conv2,3,2,1.0,0.9999998211860657,500
cka_feddst,cifar10,0.9,21,results/logs/cka_strength_sweep/cifar10_drift_all/strength_0p9/seed_21/splits/cifar10_split_seed21_clients5_alpha0p3_ref500.json,0.9,drift,6,conv2,3,3,1.0,0.9999998211860657,500
cka_feddst,cifar10,0.9,21,results/logs/cka_strength_sweep/cifar10_drift_all/strength_0p9/seed_21/splits/cifar10_split_seed21_clients5_alpha0p3_ref500.json,0.9,drift,6,conv2,3,4,1.0,0.9999998211860657,500
cka_feddst,cifar10,0.9,21,results/logs/cka_strength_sweep/cifar10_drift_all/strength_0p9/seed_21/splits/cifar10_split_seed21_clients5_alpha0p3_ref500.json,0.9,drift,6,conv2,4,0,0.999998152256012,0.9999998211860657,500
cka_feddst,cifar10,0.9,21,results/logs/cka_strength_sweep/cifar10_drift_all/strength_0p9/seed_21/splits/cifar10_split_seed21_clients5_alpha0p3_ref500.json,0.9,drift,6,conv2,4,1,1.0,0.9999998211860657,500
cka_feddst,cifar10,0.9,21,results/logs/cka_strength_sweep/cifar10_drift_all/strength_0p9/seed_21/splits/cifar10_split_seed21_clients5_alpha0p3_ref500.json,0.9,drift,6,conv2,4,2,1.0,0.9999998211860657,500
cka_feddst,cifar10,0.9,21,results/logs/cka_strength_sweep/cifar10_drift_all/strength_0p9/seed_21/splits/cifar10_split_seed21_clients5_alpha0p3_ref500.json,0.9,drift,6,conv2,4,3,1.0,0.9999998211860657,500
cka_feddst,cifar10,0.9,21,results/logs/cka_strength_sweep/cifar10_drift_all/strength_0p9/seed_21/splits/cifar10_split_seed21_clients5_alpha0p3_ref500.json,0.9,drift,6,conv2,4,4,1.0,0.9999998211860657,500
cka_feddst,cifar10,0.9,21,results/logs/cka_strength_sweep/cifar10_drift_all/strength_0p9/seed_21/splits/cifar10_split_seed21_clients5_alpha0p3_ref500.json,0.9,drift,6,conv3,0,0,1.0,0.9999740719795227,500
cka_feddst,cifar10,0.9,21,results/logs/cka_strength_sweep/cifar10_drift_all/strength_0p9/seed_21/splits/cifar10_split_seed21_clients5_alpha0p3_ref500.json,0.9,drift,6,conv3,0,1,0.9999547004699707,0.9999740719795227,500
cka_feddst,cifar10,0.9,21,results/logs/cka_strength_sweep/cifar10_drift_all/strength_0p9/seed_21/splits/cifar10_split_seed21_clients5_alpha0p3_ref500.json,0.9,drift,6,conv3,0,2,0.9999764561653137,0.9999740719795227,500
cka_feddst,cifar10,0.9,21,results/logs/cka_strength_sweep/cifar10_drift_all/strength_0p9/seed_21/splits/cifar10_split_seed21_clients5_alpha0p3_ref500.json,0.9,drift,6,conv3,0,3,0.9999879002571106,0.9999740719795227,500
cka_feddst,cifar10,0.9,21,results/logs/cka_strength_sweep/cifar10_drift_all/strength_0p9/seed_21/splits/cifar10_split_seed21_clients5_alpha0p3_ref500.json,0.9,drift,6,conv3,0,4,0.9999529719352722,0.9999740719795227,500
cka_feddst,cifar10,0.9,21,results/logs/cka_strength_sweep/cifar10_drift_all/strength_0p9/seed_21/splits/cifar10_split_seed21_clients5_alpha0p3_ref500.json,0.9,drift,6,conv3,1,0,0.9999547004699707,0.9999740719795227,500
cka_feddst,cifar10,0.9,21,results/logs/cka_strength_sweep/cifar10_drift_all/strength_0p9/seed_21/splits/cifar10_split_seed21_clients5_alpha0p3_ref500.json,0.9,drift,6,conv3,1,1,1.0,0.9999740719795227,500
cka_feddst,cifar10,0.9,21,results/logs/cka_strength_sweep/cifar10_drift_all/strength_0p9/seed_21/splits/cifar10_split_seed21_clients5_alpha0p3_ref500.json,0.9,drift,6,conv3,1,2,0.9999668002128601,0.9999740719795227,500
cka_feddst,cifar10,0.9,21,results/logs/cka_strength_sweep/cifar10_drift_all/strength_0p9/seed_21/splits/cifar10_split_seed21_clients5_alpha0p3_ref500.json,0.9,drift,6,conv3,1,3,0.9999678730964661,0.9999740719795227,500
cka_feddst,cifar10,0.9,21,results/logs/cka_strength_sweep/cifar10_drift_all/strength_0p9/seed_21/splits/cifar10_split_seed21_clients5_alpha0p3_ref500.json,0.9,drift,6,conv3,1,4,0.999978244304657,0.9999740719795227,500
cka_feddst,cifar10,0.9,21,results/logs/cka_strength_sweep/cifar10_drift_all/strength_0p9/seed_21/splits/cifar10_split_seed21_clients5_alpha0p3_ref500.json,0.9,drift,6,conv3,2,0,0.9999764561653137,0.9999740719795227,500
cka_feddst,cifar10,0.9,21,results/logs/cka_strength_sweep/cifar10_drift_all/strength_0p9/seed_21/splits/cifar10_split_seed21_clients5_alpha0p3_ref500.json,0.9,drift,6,conv3,2,1,0.9999668002128601,0.9999740719795227,500
cka_feddst,cifar10,0.9,21,results/logs/cka_strength_sweep/cifar10_drift_all/strength_0p9/seed_21/splits/cifar10_split_seed21_clients5_alpha0p3_ref500.json,0.9,drift,6,conv3,2,2,1.0,0.9999740719795227,500
cka_feddst,cifar10,0.9,21,results/logs/cka_strength_sweep/cifar10_drift_all/strength_0p9/seed_21/splits/cifar10_split_seed21_clients5_alpha0p3_ref500.json,0.9,drift,6,conv3,2,3,0.9999905228614807,0.9999740719795227,500
cka_feddst,cifar10,0.9,21,results/logs/cka_strength_sweep/cifar10_drift_all/strength_0p9/seed_21/splits/cifar10_split_seed21_clients5_alpha0p3_ref500.json,0.9,drift,6,conv3,2,4,0.9999878406524658,0.9999740719795227,500
cka_feddst,cifar10,0.9,21,results/logs/cka_strength_sweep/cifar10_drift_all/strength_0p9/seed_21/splits/cifar10_split_seed21_clients5_alpha0p3_ref500.json,0.9,drift,6,conv3,3,0,0.9999879002571106,0.9999740719795227,500
cka_feddst,cifar10,0.9,21,results/logs/cka_strength_sweep/cifar10_drift_all/strength_0p9/seed_21/splits/cifar10_split_seed21_clients5_alpha0p3_ref500.json,0.9,drift,6,conv3,3,1,0.9999678730964661,0.9999740719795227,500
cka_feddst,cifar10,0.9,21,results/logs/cka_strength_sweep/cifar10_drift_all/strength_0p9/seed_21/splits/cifar10_split_seed21_clients5_alpha0p3_ref500.json,0.9,drift,6,conv3,3,2,0.9999905228614807,0.9999740719795227,500
cka_feddst,cifar10,0.9,21,results/logs/cka_strength_sweep/cifar10_drift_all/strength_0p9/seed_21/splits/cifar10_split_seed21_clients5_alpha0p3_ref500.json,0.9,drift,6,conv3,3,3,1.0,0.9999740719795227,500
cka_feddst,cifar10,0.9,21,results/logs/cka_strength_sweep/cifar10_drift_all/strength_0p9/seed_21/splits/cifar10_split_seed21_clients5_alpha0p3_ref500.json,0.9,drift,6,conv3,3,4,0.9999775886535645,0.9999740719795227,500
cka_feddst,cifar10,0.9,21,results/logs/cka_strength_sweep/cifar10_drift_all/strength_0p9/seed_21/splits/cifar10_split_seed21_clients5_alpha0p3_ref500.json,0.9,drift,6,conv3,4,0,0.9999529719352722,0.9999740719795227,500
cka_feddst,cifar10,0.9,21,results/logs/cka_strength_sweep/cifar10_drift_all/strength_0p9/seed_21/splits/cifar10_split_seed21_clients5_alpha0p3_ref500.json,0.9,drift,6,conv3,4,1,0.999978244304657,0.9999740719795227,500
cka_feddst,cifar10,0.9,21,results/logs/cka_strength_sweep/cifar10_drift_all/strength_0p9/seed_21/splits/cifar10_split_seed21_clients5_alpha0p3_ref500.json,0.9,drift,6,conv3,4,2,0.9999878406524658,0.9999740719795227,500
cka_feddst,cifar10,0.9,21,results/logs/cka_strength_sweep/cifar10_drift_all/strength_0p9/seed_21/splits/cifar10_split_seed21_clients5_alpha0p3_ref500.json,0.9,drift,6,conv3,4,3,0.9999775886535645,0.9999740719795227,500
cka_feddst,cifar10,0.9,21,results/logs/cka_strength_sweep/cifar10_drift_all/strength_0p9/seed_21/splits/cifar10_split_seed21_clients5_alpha0p3_ref500.json,0.9,drift,6,conv3,4,4,1.0,0.9999740719795227,500
cka_feddst,cifar10,0.9,21,results/logs/cka_strength_sweep/cifar10_drift_all/strength_0p9/seed_21/splits/cifar10_split_seed21_clients5_alpha0p3_ref500.json,0.9,drift,6,fc1,0,0,1.0,0.9972718358039856,500
cka_feddst,cifar10,0.9,21,results/logs/cka_strength_sweep/cifar10_drift_all/strength_0p9/seed_21/splits/cifar10_split_seed21_clients5_alpha0p3_ref500.json,0.9,drift,6,fc1,0,1,0.9954874515533447,0.9972718358039856,500
cka_feddst,cifar10,0.9,21,results/logs/cka_strength_sweep/cifar10_drift_all/strength_0p9/seed_21/splits/cifar10_split_seed21_clients5_alpha0p3_ref500.json,0.9,drift,6,fc1,0,2,0.9982038140296936,0.9972718358039856,500
cka_feddst,cifar10,0.9,21,results/logs/cka_strength_sweep/cifar10_drift_all/strength_0p9/seed_21/splits/cifar10_split_seed21_clients5_alpha0p3_ref500.json,0.9,drift,6,fc1,0,3,0.9971477389335632,0.9972718358039856,500
cka_feddst,cifar10,0.9,21,results/logs/cka_strength_sweep/cifar10_drift_all/strength_0p9/seed_21/splits/cifar10_split_seed21_clients5_alpha0p3_ref500.json,0.9,drift,6,fc1,0,4,0.9979054927825928,0.9972718358039856,500
cka_feddst,cifar10,0.9,21,results/logs/cka_strength_sweep/cifar10_drift_all/strength_0p9/seed_21/splits/cifar10_split_seed21_clients5_alpha0p3_ref500.json,0.9,drift,6,fc1,1,0,0.9954874515533447,0.9972718358039856,500
cka_feddst,cifar10,0.9,21,results/logs/cka_strength_sweep/cifar10_drift_all/strength_0p9/seed_21/splits/cifar10_split_seed21_clients5_alpha0p3_ref500.json,0.9,drift,6,fc1,1,1,1.0,0.9972718358039856,500
cka_feddst,cifar10,0.9,21,results/logs/cka_strength_sweep/cifar10_drift_all/strength_0p9/seed_21/splits/cifar10_split_seed21_clients5_alpha0p3_ref500.json,0.9,drift,6,fc1,1,2,0.9973940849304199,0.9972718358039856,500
cka_feddst,cifar10,0.9,21,results/logs/cka_strength_sweep/cifar10_drift_all/strength_0p9/seed_21/splits/cifar10_split_seed21_clients5_alpha0p3_ref500.json,0.9,drift,6,fc1,1,3,0.9961516261100769,0.9972718358039856,500
cka_feddst,cifar10,0.9,21,results/logs/cka_strength_sweep/cifar10_drift_all/strength_0p9/seed_21/splits/cifar10_split_seed21_clients5_alpha0p3_ref500.json,0.9,drift,6,fc1,1,4,0.9963822364807129,0.9972718358039856,500
cka_feddst,cifar10,0.9,21,results/logs/cka_strength_sweep/cifar10_drift_all/strength_0p9/seed_21/splits/cifar10_split_seed21_clients5_alpha0p3_ref500.json,0.9,drift,6,fc1,2,0,0.9982038140296936,0.9972718358039856,500
cka_feddst,cifar10,0.9,21,results/logs/cka_strength_sweep/cifar10_drift_all/strength_0p9/seed_21/splits/cifar10_split_seed21_clients5_alpha0p3_ref500.json,0.9,drift,6,fc1,2,1,0.9973940849304199,0.9972718358039856,500
cka_feddst,cifar10,0.9,21,results/logs/cka_strength_sweep/cifar10_drift_all/strength_0p9/seed_21/splits/cifar10_split_seed21_clients5_alpha0p3_ref500.json,0.9,drift,6,fc1,2,2,1.0,0.9972718358039856,500
cka_feddst,cifar10,0.9,21,results/logs/cka_strength_sweep/cifar10_drift_all/strength_0p9/seed_21/splits/cifar10_split_seed21_clients5_alpha0p3_ref500.json,0.9,drift,6,fc1,2,3,0.9987614154815674,0.9972718358039856,500
cka_feddst,cifar10,0.9,21,results/logs/cka_strength_sweep/cifar10_drift_all/strength_0p9/seed_21/splits/cifar10_split_seed21_clients5_alpha0p3_ref500.json,0.9,drift,6,fc1,2,4,0.9981739521026611,0.9972718358039856,500
cka_feddst,cifar10,0.9,21,results/logs/cka_strength_sweep/cifar10_drift_all/strength_0p9/seed_21/splits/cifar10_split_seed21_clients5_alpha0p3_ref500.json,0.9,drift,6,fc1,3,0,0.9971477389335632,0.9972718358039856,500
cka_feddst,cifar10,0.9,21,results/logs/cka_strength_sweep/cifar10_drift_all/strength_0p9/seed_21/splits/cifar10_split_seed21_clients5_alpha0p3_ref500.json,0.9,drift,6,fc1,3,1,0.9961516261100769,0.9972718358039856,500
cka_feddst,cifar10,0.9,21,results/logs/cka_strength_sweep/cifar10_drift_all/strength_0p9/seed_21/splits/cifar10_split_seed21_clients5_alpha0p3_ref500.json,0.9,drift,6,fc1,3,2,0.9987614154815674,0.9972718358039856,500
cka_feddst,cifar10,0.9,21,results/logs/cka_strength_sweep/cifar10_drift_all/strength_0p9/seed_21/splits/cifar10_split_seed21_clients5_alpha0p3_ref500.json,0.9,drift,6,fc1,3,3,1.0,0.9972718358039856,500
cka_feddst,cifar10,0.9,21,results/logs/cka_strength_sweep/cifar10_drift_all/strength_0p9/seed_21/splits/cifar10_split_seed21_clients5_alpha0p3_ref500.json,0.9,drift,6,fc1,3,4,0.9971107840538025,0.9972718358039856,500
cka_feddst,cifar10,0.9,21,results/logs/cka_strength_sweep/cifar10_drift_all/strength_0p9/seed_21/splits/cifar10_split_seed21_clients5_alpha0p3_ref500.json,0.9,drift,6,fc1,4,0,0.9979054927825928,0.9972718358039856,500
cka_feddst,cifar10,0.9,21,results/logs/cka_strength_sweep/cifar10_drift_all/strength_0p9/seed_21/splits/cifar10_split_seed21_clients5_alpha0p3_ref500.json,0.9,drift,6,fc1,4,1,0.9963822364807129,0.9972718358039856,500
cka_feddst,cifar10,0.9,21,results/logs/cka_strength_sweep/cifar10_drift_all/strength_0p9/seed_21/splits/cifar10_split_seed21_clients5_alpha0p3_ref500.json,0.9,drift,6,fc1,4,2,0.9981739521026611,0.9972718358039856,500
cka_feddst,cifar10,0.9,21,results/logs/cka_strength_sweep/cifar10_drift_all/strength_0p9/seed_21/splits/cifar10_split_seed21_clients5_alpha0p3_ref500.json,0.9,drift,6,fc1,4,3,0.9971107840538025,0.9972718358039856,500
cka_feddst,cifar10,0.9,21,results/logs/cka_strength_sweep/cifar10_drift_all/strength_0p9/seed_21/splits/cifar10_split_seed21_clients5_alpha0p3_ref500.json,0.9,drift,6,fc1,4,4,1.0,0.9972718358039856,500
cka_feddst,cifar10,0.9,21,results/logs/cka_strength_sweep/cifar10_drift_all/strength_0p9/seed_21/splits/cifar10_split_seed21_clients5_alpha0p3_ref500.json,0.9,drift,8,conv1,0,0,1.0,1.0,500
cka_feddst,cifar10,0.9,21,results/logs/cka_strength_sweep/cifar10_drift_all/strength_0p9/seed_21/splits/cifar10_split_seed21_clients5_alpha0p3_ref500.json,0.9,drift,8,conv1,0,1,1.0,1.0,500
cka_feddst,cifar10,0.9,21,results/logs/cka_strength_sweep/cifar10_drift_all/strength_0p9/seed_21/splits/cifar10_split_seed21_clients5_alpha0p3_ref500.json,0.9,drift,8,conv1,0,2,1.0,1.0,500
cka_feddst,cifar10,0.9,21,results/logs/cka_strength_sweep/cifar10_drift_all/strength_0p9/seed_21/splits/cifar10_split_seed21_clients5_alpha0p3_ref500.json,0.9,drift,8,conv1,0,3,1.0,1.0,500
cka_feddst,cifar10,0.9,21,results/logs/cka_strength_sweep/cifar10_drift_all/strength_0p9/seed_21/splits/cifar10_split_seed21_clients5_alpha0p3_ref500.json,0.9,drift,8,conv1,0,4,1.0,1.0,500
cka_feddst,cifar10,0.9,21,results/logs/cka_strength_sweep/cifar10_drift_all/strength_0p9/seed_21/splits/cifar10_split_seed21_clients5_alpha0p3_ref500.json,0.9,drift,8,conv1,1,0,1.0,1.0,500
cka_feddst,cifar10,0.9,21,results/logs/cka_strength_sweep/cifar10_drift_all/strength_0p9/seed_21/splits/cifar10_split_seed21_clients5_alpha0p3_ref500.json,0.9,drift,8,conv1,1,1,1.0,1.0,500
cka_feddst,cifar10,0.9,21,results/logs/cka_strength_sweep/cifar10_drift_all/strength_0p9/seed_21/splits/cifar10_split_seed21_clients5_alpha0p3_ref500.json,0.9,drift,8,conv1,1,2,1.0,1.0,500
cka_feddst,cifar10,0.9,21,results/logs/cka_strength_sweep/cifar10_drift_all/strength_0p9/seed_21/splits/cifar10_split_seed21_clients5_alpha0p3_ref500.json,0.9,drift,8,conv1,1,3,1.0,1.0,500
cka_feddst,cifar10,0.9,21,results/logs/cka_strength_sweep/cifar10_drift_all/strength_0p9/seed_21/splits/cifar10_split_seed21_clients5_alpha0p3_ref500.json,0.9,drift,8,conv1,1,4,1.0,1.0,500
cka_feddst,cifar10,0.9,21,results/logs/cka_strength_sweep/cifar10_drift_all/strength_0p9/seed_21/splits/cifar10_split_seed21_clients5_alpha0p3_ref500.json,0.9,drift,8,conv1,2,0,1.0,1.0,500
cka_feddst,cifar10,0.9,21,results/logs/cka_strength_sweep/cifar10_drift_all/strength_0p9/seed_21/splits/cifar10_split_seed21_clients5_alpha0p3_ref500.json,0.9,drift,8,conv1,2,1,1.0,1.0,500
cka_feddst,cifar10,0.9,21,results/logs/cka_strength_sweep/cifar10_drift_all/strength_0p9/seed_21/splits/cifar10_split_seed21_clients5_alpha0p3_ref500.json,0.9,drift,8,conv1,2,2,1.0,1.0,500
cka_feddst,cifar10,0.9,21,results/logs/cka_strength_sweep/cifar10_drift_all/strength_0p9/seed_21/splits/cifar10_split_seed21_clients5_alpha0p3_ref500.json,0.9,drift,8,conv1,2,3,1.0,1.0,500
cka_feddst,cifar10,0.9,21,results/logs/cka_strength_sweep/cifar10_drift_all/strength_0p9/seed_21/splits/cifar10_split_seed21_clients5_alpha0p3_ref500.json,0.9,drift,8,conv1,2,4,1.0,1.0,500
cka_feddst,cifar10,0.9,21,results/logs/cka_strength_sweep/cifar10_drift_all/strength_0p9/seed_21/splits/cifar10_split_seed21_clients5_alpha0p3_ref500.json,0.9,drift,8,conv1,3,0,1.0,1.0,500
cka_feddst,cifar10,0.9,21,results/logs/cka_strength_sweep/cifar10_drift_all/strength_0p9/seed_21/splits/cifar10_split_seed21_clients5_alpha0p3_ref500.json,0.9,drift,8,conv1,3,1,1.0,1.0,500
cka_feddst,cifar10,0.9,21,results/logs/cka_strength_sweep/cifar10_drift_all/strength_0p9/seed_21/splits/cifar10_split_seed21_clients5_alpha0p3_ref500.json,0.9,drift,8,conv1,3,2,1.0,1.0,500
cka_feddst,cifar10,0.9,21,results/logs/cka_strength_sweep/cifar10_drift_all/strength_0p9/seed_21/splits/cifar10_split_seed21_clients5_alpha0p3_ref500.json,0.9,drift,8,conv1,3,3,1.0,1.0,500
cka_feddst,cifar10,0.9,21,results/logs/cka_strength_sweep/cifar10_drift_all/strength_0p9/seed_21/splits/cifar10_split_seed21_clients5_alpha0p3_ref500.json,0.9,drift,8,conv1,3,4,1.0,1.0,500
cka_feddst,cifar10,0.9,21,results/logs/cka_strength_sweep/cifar10_drift_all/strength_0p9/seed_21/splits/cifar10_split_seed21_clients5_alpha0p3_ref500.json,0.9,drift,8,conv1,4,0,1.0,1.0,500
cka_feddst,cifar10,0.9,21,results/logs/cka_strength_sweep/cifar10_drift_all/strength_0p9/seed_21/splits/cifar10_split_seed21_clients5_alpha0p3_ref500.json,0.9,drift,8,conv1,4,1,1.0,1.0,500
cka_feddst,cifar10,0.9,21,results/logs/cka_strength_sweep/cifar10_drift_all/strength_0p9/seed_21/splits/cifar10_split_seed21_clients5_alpha0p3_ref500.json,0.9,drift,8,conv1,4,2,1.0,1.0,500
cka_feddst,cifar10,0.9,21,results/logs/cka_strength_sweep/cifar10_drift_all/strength_0p9/seed_21/splits/cifar10_split_seed21_clients5_alpha0p3_ref500.json,0.9,drift,8,conv1,4,3,1.0,1.0,500
cka_feddst,cifar10,0.9,21,results/logs/cka_strength_sweep/cifar10_drift_all/strength_0p9/seed_21/splits/cifar10_split_seed21_clients5_alpha0p3_ref500.json,0.9,drift,8,conv1,4,4,1.0,1.0,500
cka_feddst,cifar10,0.9,21,results/logs/cka_strength_sweep/cifar10_drift_all/strength_0p9/seed_21/splits/cifar10_split_seed21_clients5_alpha0p3_ref500.json,0.9,drift,8,conv2,0,0,1.0,0.9999696612358093,500
cka_feddst,cifar10,0.9,21,results/logs/cka_strength_sweep/cifar10_drift_all/strength_0p9/seed_21/splits/cifar10_split_seed21_clients5_alpha0p3_ref500.json,0.9,drift,8,conv2,0,1,0.9999299645423889,0.9999696612358093,500
cka_feddst,cifar10,0.9,21,results/logs/cka_strength_sweep/cifar10_drift_all/strength_0p9/seed_21/splits/cifar10_split_seed21_clients5_alpha0p3_ref500.json,0.9,drift,8,conv2,0,2,0.9999173283576965,0.9999696612358093,500
cka_feddst,cifar10,0.9,21,results/logs/cka_strength_sweep/cifar10_drift_all/strength_0p9/seed_21/splits/cifar10_split_seed21_clients5_alpha0p3_ref500.json,0.9,drift,8,conv2,0,3,0.9999417066574097,0.9999696612358093,500
cka_feddst,cifar10,0.9,21,results/logs/cka_strength_sweep/cifar10_drift_all/strength_0p9/seed_21/splits/cifar10_split_seed21_clients5_alpha0p3_ref500.json,0.9,drift,8,conv2,0,4,0.9999179244041443,0.9999696612358093,500
cka_feddst,cifar10,0.9,21,results/logs/cka_strength_sweep/cifar10_drift_all/strength_0p9/seed_21/splits/cifar10_split_seed21_clients5_alpha0p3_ref500.json,0.9,drift,8,conv2,1,0,0.9999299645423889,0.9999696612358093,500
cka_feddst,cifar10,0.9,21,results/logs/cka_strength_sweep/cifar10_drift_all/strength_0p9/seed_21/splits/cifar10_split_seed21_clients5_alpha0p3_ref500.json,0.9,drift,8,conv2,1,1,1.0,0.9999696612358093,500
cka_feddst,cifar10,0.9,21,results/logs/cka_strength_sweep/cifar10_drift_all/strength_0p9/seed_21/splits/cifar10_split_seed21_clients5_alpha0p3_ref500.json,0.9,drift,8,conv2,1,2,1.0,0.9999696612358093,500
cka_feddst,cifar10,0.9,21,results/logs/cka_strength_sweep/cifar10_drift_all/strength_0p9/seed_21/splits/cifar10_split_seed21_clients5_alpha0p3_ref500.json,0.9,drift,8,conv2,1,3,0.9999980926513672,0.9999696612358093,500
cka_feddst,cifar10,0.9,21,results/logs/cka_strength_sweep/cifar10_drift_all/strength_0p9/seed_21/splits/cifar10_split_seed21_clients5_alpha0p3_ref500.json,0.9,drift,8,conv2,1,4,1.0,0.9999696612358093,500
cka_feddst,cifar10,0.9,21,results/logs/cka_strength_sweep/cifar10_drift_all/strength_0p9/seed_21/splits/cifar10_split_seed21_clients5_alpha0p3_ref500.json,0.9,drift,8,conv2,2,0,0.9999173283576965,0.9999696612358093,500
cka_feddst,cifar10,0.9,21,results/logs/cka_strength_sweep/cifar10_drift_all/strength_0p9/seed_21/splits/cifar10_split_seed21_clients5_alpha0p3_ref500.json,0.9,drift,8,conv2,2,1,1.0,0.9999696612358093,500
cka_feddst,cifar10,0.9,21,results/logs/cka_strength_sweep/cifar10_drift_all/strength_0p9/seed_21/splits/cifar10_split_seed21_clients5_alpha0p3_ref500.json,0.9,drift,8,conv2,2,2,1.0,0.9999696612358093,500
cka_feddst,cifar10,0.9,21,results/logs/cka_strength_sweep/cifar10_drift_all/strength_0p9/seed_21/splits/cifar10_split_seed21_clients5_alpha0p3_ref500.json,0.9,drift,8,conv2,2,3,1.0,0.9999696612358093,500
cka_feddst,cifar10,0.9,21,results/logs/cka_strength_sweep/cifar10_drift_all/strength_0p9/seed_21/splits/cifar10_split_seed21_clients5_alpha0p3_ref500.json,0.9,drift,8,conv2,2,4,0.9999982118606567,0.9999696612358093,500
cka_feddst,cifar10,0.9,21,results/logs/cka_strength_sweep/cifar10_drift_all/strength_0p9/seed_21/splits/cifar10_split_seed21_clients5_alpha0p3_ref500.json,0.9,drift,8,conv2,3,0,0.9999417066574097,0.9999696612358093,500
cka_feddst,cifar10,0.9,21,results/logs/cka_strength_sweep/cifar10_drift_all/strength_0p9/seed_21/splits/cifar10_split_seed21_clients5_alpha0p3_ref500.json,0.9,drift,8,conv2,3,1,0.9999980926513672,0.9999696612358093,500
cka_feddst,cifar10,0.9,21,results/logs/cka_strength_sweep/cifar10_drift_all/strength_0p9/seed_21/splits/cifar10_split_seed21_clients5_alpha0p3_ref500.json,0.9,drift,8,conv2,3,2,1.0,0.9999696612358093,500
cka_feddst,cifar10,0.9,21,results/logs/cka_strength_sweep/cifar10_drift_all/strength_0p9/seed_21/splits/cifar10_split_seed21_clients5_alpha0p3_ref500.json,0.9,drift,8,conv2,3,3,1.0,0.9999696612358093,500
cka_feddst,cifar10,0.9,21,results/logs/cka_strength_sweep/cifar10_drift_all/strength_0p9/seed_21/splits/cifar10_split_seed21_clients5_alpha0p3_ref500.json,0.9,drift,8,conv2,3,4,0.999992847442627,0.9999696612358093,500
cka_feddst,cifar10,0.9,21,results/logs/cka_strength_sweep/cifar10_drift_all/strength_0p9/seed_21/splits/cifar10_split_seed21_clients5_alpha0p3_ref500.json,0.9,drift,8,conv2,4,0,0.9999179244041443,0.9999696612358093,500
cka_feddst,cifar10,0.9,21,results/logs/cka_strength_sweep/cifar10_drift_all/strength_0p9/seed_21/splits/cifar10_split_seed21_clients5_alpha0p3_ref500.json,0.9,drift,8,conv2,4,1,1.0,0.9999696612358093,500
cka_feddst,cifar10,0.9,21,results/logs/cka_strength_sweep/cifar10_drift_all/strength_0p9/seed_21/splits/cifar10_split_seed21_clients5_alpha0p3_ref500.json,0.9,drift,8,conv2,4,2,0.9999982118606567,0.9999696612358093,500
cka_feddst,cifar10,0.9,21,results/logs/cka_strength_sweep/cifar10_drift_all/strength_0p9/seed_21/splits/cifar10_split_seed21_clients5_alpha0p3_ref500.json,0.9,drift,8,conv2,4,3,0.999992847442627,0.9999696612358093,500
cka_feddst,cifar10,0.9,21,results/logs/cka_strength_sweep/cifar10_drift_all/strength_0p9/seed_21/splits/cifar10_split_seed21_clients5_alpha0p3_ref500.json,0.9,drift,8,conv2,4,4,1.0,0.9999696612358093,500
cka_feddst,cifar10,0.9,21,results/logs/cka_strength_sweep/cifar10_drift_all/strength_0p9/seed_21/splits/cifar10_split_seed21_clients5_alpha0p3_ref500.json,0.9,drift,8,conv3,0,0,1.0,0.9998748898506165,500
cka_feddst,cifar10,0.9,21,results/logs/cka_strength_sweep/cifar10_drift_all/strength_0p9/seed_21/splits/cifar10_split_seed21_clients5_alpha0p3_ref500.json,0.9,drift,8,conv3,0,1,0.9997343420982361,0.9998748898506165,500
cka_feddst,cifar10,0.9,21,results/logs/cka_strength_sweep/cifar10_drift_all/strength_0p9/seed_21/splits/cifar10_split_seed21_clients5_alpha0p3_ref500.json,0.9,drift,8,conv3,0,2,0.9997736215591431,0.9998748898506165,500
cka_feddst,cifar10,0.9,21,results/logs/cka_strength_sweep/cifar10_drift_all/strength_0p9/seed_21/splits/cifar10_split_seed21_clients5_alpha0p3_ref500.json,0.9,drift,8,conv3,0,3,0.9998574256896973,0.9998748898506165,500
cka_feddst,cifar10,0.9,21,results/logs/cka_strength_sweep/cifar10_drift_all/strength_0p9/seed_21/splits/cifar10_split_seed21_clients5_alpha0p3_ref500.json,0.9,drift,8,conv3,0,4,0.999689519405365,0.9998748898506165,500
cka_feddst,cifar10,0.9,21,results/logs/cka_strength_sweep/cifar10_drift_all/strength_0p9/seed_21/splits/cifar10_split_seed21_clients5_alpha0p3_ref500.json,0.9,drift,8,conv3,1,0,0.9997343420982361,0.9998748898506165,500
cka_feddst,cifar10,0.9,21,results/logs/cka_strength_sweep/cifar10_drift_all/strength_0p9/seed_21/splits/cifar10_split_seed21_clients5_alpha0p3_ref500.json,0.9,drift,8,conv3,1,1,1.0,0.9998748898506165,500
cka_feddst,cifar10,0.9,21,results/logs/cka_strength_sweep/cifar10_drift_all/strength_0p9/seed_21/splits/cifar10_split_seed21_clients5_alpha0p3_ref500.json,0.9,drift,8,conv3,1,2,0.9999461770057678,0.9998748898506165,500
cka_feddst,cifar10,0.9,21,results/logs/cka_strength_sweep/cifar10_drift_all/strength_0p9/seed_21/splits/cifar10_split_seed21_clients5_alpha0p3_ref500.json,0.9,drift,8,conv3,1,3,0.9999189376831055,0.9998748898506165,500
cka_feddst,cifar10,0.9,21,results/logs/cka_strength_sweep/cifar10_drift_all/strength_0p9/seed_21/splits/cifar10_split_seed21_clients5_alpha0p3_ref500.json,0.9,drift,8,conv3,1,4,0.9999671578407288,0.9998748898506165,500
cka_feddst,cifar10,0.9,21,results/logs/cka_strength_sweep/cifar10_drift_all/strength_0p9/seed_21/splits/cifar10_split_seed21_clients5_alpha0p3_ref500.json,0.9,drift,8,conv3,2,0,0.9997736215591431,0.9998748898506165,500
cka_feddst,cifar10,0.9,21,results/logs/cka_strength_sweep/cifar10_drift_all/strength_0p9/seed_21/splits/cifar10_split_seed21_clients5_alpha0p3_ref500.json,0.9,drift,8,conv3,2,1,0.9999461770057678,0.9998748898506165,500
cka_feddst,cifar10,0.9,21,results/logs/cka_strength_sweep/cifar10_drift_all/strength_0p9/seed_21/splits/cifar10_split_seed21_clients5_alpha0p3_ref500.json,0.9,drift,8,conv3,2,2,1.0,0.9998748898506165,500
cka_feddst,cifar10,0.9,21,results/logs/cka_strength_sweep/cifar10_drift_all/strength_0p9/seed_21/splits/cifar10_split_seed21_clients5_alpha0p3_ref500.json,0.9,drift,8,conv3,2,3,0.9999737739562988,0.9998748898506165,500
cka_feddst,cifar10,0.9,21,results/logs/cka_strength_sweep/cifar10_drift_all/strength_0p9/seed_21/splits/cifar10_split_seed21_clients5_alpha0p3_ref500.json,0.9,drift,8,conv3,2,4,0.9999658465385437,0.9998748898506165,500
cka_feddst,cifar10,0.9,21,results/logs/cka_strength_sweep/cifar10_drift_all/strength_0p9/seed_21/splits/cifar10_split_seed21_clients5_alpha0p3_ref500.json,0.9,drift,8,conv3,3,0,0.9998574256896973,0.9998748898506165,500
cka_feddst,cifar10,0.9,21,results/logs/cka_strength_sweep/cifar10_drift_all/strength_0p9/seed_21/splits/cifar10_split_seed21_clients5_alpha0p3_ref500.json,0.9,drift,8,conv3,3,1,0.9999189376831055,0.9998748898506165,500
cka_feddst,cifar10,0.9,21,results/logs/cka_strength_sweep/cifar10_drift_all/strength_0p9/seed_21/splits/cifar10_split_seed21_clients5_alpha0p3_ref500.json,0.9,drift,8,conv3,3,2,0.9999737739562988,0.9998748898506165,500
cka_feddst,cifar10,0.9,21,results/logs/cka_strength_sweep/cifar10_drift_all/strength_0p9/seed_21/splits/cifar10_split_seed21_clients5_alpha0p3_ref500.json,0.9,drift,8,conv3,3,3,1.0,0.9998748898506165,500
cka_feddst,cifar10,0.9,21,results/logs/cka_strength_sweep/cifar10_drift_all/strength_0p9/seed_21/splits/cifar10_split_seed21_clients5_alpha0p3_ref500.json,0.9,drift,8,conv3,3,4,0.9999213814735413,0.9998748898506165,500
cka_feddst,cifar10,0.9,21,results/logs/cka_strength_sweep/cifar10_drift_all/strength_0p9/seed_21/splits/cifar10_split_seed21_clients5_alpha0p3_ref500.json,0.9,drift,8,conv3,4,0,0.999689519405365,0.9998748898506165,500
cka_feddst,cifar10,0.9,21,results/logs/cka_strength_sweep/cifar10_drift_all/strength_0p9/seed_21/splits/cifar10_split_seed21_clients5_alpha0p3_ref500.json,0.9,drift,8,conv3,4,1,0.9999671578407288,0.9998748898506165,500
cka_feddst,cifar10,0.9,21,results/logs/cka_strength_sweep/cifar10_drift_all/strength_0p9/seed_21/splits/cifar10_split_seed21_clients5_alpha0p3_ref500.json,0.9,drift,8,conv3,4,2,0.9999658465385437,0.9998748898506165,500
cka_feddst,cifar10,0.9,21,results/logs/cka_strength_sweep/cifar10_drift_all/strength_0p9/seed_21/splits/cifar10_split_seed21_clients5_alpha0p3_ref500.json,0.9,drift,8,conv3,4,3,0.9999213814735413,0.9998748898506165,500
cka_feddst,cifar10,0.9,21,results/logs/cka_strength_sweep/cifar10_drift_all/strength_0p9/seed_21/splits/cifar10_split_seed21_clients5_alpha0p3_ref500.json,0.9,drift,8,conv3,4,4,1.0,0.9998748898506165,500
cka_feddst,cifar10,0.9,21,results/logs/cka_strength_sweep/cifar10_drift_all/strength_0p9/seed_21/splits/cifar10_split_seed21_clients5_alpha0p3_ref500.json,0.9,drift,8,fc1,0,0,1.0,0.9846625328063965,500
cka_feddst,cifar10,0.9,21,results/logs/cka_strength_sweep/cifar10_drift_all/strength_0p9/seed_21/splits/cifar10_split_seed21_clients5_alpha0p3_ref500.json,0.9,drift,8,fc1,0,1,0.9754427671432495,0.9846625328063965,500
cka_feddst,cifar10,0.9,21,results/logs/cka_strength_sweep/cifar10_drift_all/strength_0p9/seed_21/splits/cifar10_split_seed21_clients5_alpha0p3_ref500.json,0.9,drift,8,fc1,0,2,0.9659223556518555,0.9846625328063965,500
cka_feddst,cifar10,0.9,21,results/logs/cka_strength_sweep/cifar10_drift_all/strength_0p9/seed_21/splits/cifar10_split_seed21_clients5_alpha0p3_ref500.json,0.9,drift,8,fc1,0,3,0.982109785079956,0.9846625328063965,500
cka_feddst,cifar10,0.9,21,results/logs/cka_strength_sweep/cifar10_drift_all/strength_0p9/seed_21/splits/cifar10_split_seed21_clients5_alpha0p3_ref500.json,0.9,drift,8,fc1,0,4,0.9620161652565002,0.9846625328063965,500
cka_feddst,cifar10,0.9,21,results/logs/cka_strength_sweep/cifar10_drift_all/strength_0p9/seed_21/splits/cifar10_split_seed21_clients5_alpha0p3_ref500.json,0.9,drift,8,fc1,1,0,0.9754427671432495,0.9846625328063965,500
cka_feddst,cifar10,0.9,21,results/logs/cka_strength_sweep/cifar10_drift_all/strength_0p9/seed_21/splits/cifar10_split_seed21_clients5_alpha0p3_ref500.json,0.9,drift,8,fc1,1,1,1.0,0.9846625328063965,500
cka_feddst,cifar10,0.9,21,results/logs/cka_strength_sweep/cifar10_drift_all/strength_0p9/seed_21/splits/cifar10_split_seed21_clients5_alpha0p3_ref500.json,0.9,drift,8,fc1,1,2,0.9908207058906555,0.9846625328063965,500
cka_feddst,cifar10,0.9,21,results/logs/cka_strength_sweep/cifar10_drift_all/strength_0p9/seed_21/splits/cifar10_split_seed21_clients5_alpha0p3_ref500.json,0.9,drift,8,fc1,1,3,0.9934789538383484,0.9846625328063965,500
cka_feddst,cifar10,0.9,21,results/logs/cka_strength_sweep/cifar10_drift_all/strength_0p9/seed_21/splits/cifar10_split_seed21_clients5_alpha0p3_ref500.json,0.9,drift,8,fc1,1,4,0.9900210499763489,0.9846625328063965,500
cka_feddst,cifar10,0.9,21,results/logs/cka_strength_sweep/cifar10_drift_all/strength_0p9/seed_21/splits/cifar10_split_seed21_clients5_alpha0p3_ref500.json,0.9,drift,8,fc1,2,0,0.9659223556518555,0.9846625328063965,500
cka_feddst,cifar10,0.9,21,results/logs/cka_strength_sweep/cifar10_drift_all/strength_0p9/seed_21/splits/cifar10_split_seed21_clients5_alpha0p3_ref500.json,0.9,drift,8,fc1,2,1,0.9908207058906555,0.9846625328063965,500
cka_feddst,cifar10,0.9,21,results/logs/cka_strength_sweep/cifar10_drift_all/strength_0p9/seed_21/splits/cifar10_split_seed21_clients5_alpha0p3_ref500.json,0.9,drift,8,fc1,2,2,1.0,0.9846625328063965,500
cka_feddst,cifar10,0.9,21,results/logs/cka_strength_sweep/cifar10_drift_all/strength_0p9/seed_21/splits/cifar10_split_seed21_clients5_alpha0p3_ref500.json,0.9,drift,8,fc1,2,3,0.9957296848297119,0.9846625328063965,500
cka_feddst,cifar10,0.9,21,results/logs/cka_strength_sweep/cifar10_drift_all/strength_0p9/seed_21/splits/cifar10_split_seed21_clients5_alpha0p3_ref500.json,0.9,drift,8,fc1,2,4,0.9976434111595154,0.9846625328063965,500
cka_feddst,cifar10,0.9,21,results/logs/cka_strength_sweep/cifar10_drift_all/strength_0p9/seed_21/splits/cifar10_split_seed21_clients5_alpha0p3_ref500.json,0.9,drift,8,fc1,3,0,0.982109785079956,0.9846625328063965,500
cka_feddst,cifar10,0.9,21,results/logs/cka_strength_sweep/cifar10_drift_all/strength_0p9/seed_21/splits/cifar10_split_seed21_clients5_alpha0p3_ref500.json,0.9,drift,8,fc1,3,1,0.9934789538383484,0.9846625328063965,500
cka_feddst,cifar10,0.9,21,results/logs/cka_strength_sweep/cifar10_drift_all/strength_0p9/seed_21/splits/cifar10_split_seed21_clients5_alpha0p3_ref500.json,0.9,drift,8,fc1,3,2,0.9957296848297119,0.9846625328063965,500
cka_feddst,cifar10,0.9,21,results/logs/cka_strength_sweep/cifar10_drift_all/strength_0p9/seed_21/splits/cifar10_split_seed21_clients5_alpha0p3_ref500.json,0.9,drift,8,fc1,3,3,1.0,0.9846625328063965,500
cka_feddst,cifar10,0.9,21,results/logs/cka_strength_sweep/cifar10_drift_all/strength_0p9/seed_21/splits/cifar10_split_seed21_clients5_alpha0p3_ref500.json,0.9,drift,8,fc1,3,4,0.9934412240982056,0.9846625328063965,500
cka_feddst,cifar10,0.9,21,results/logs/cka_strength_sweep/cifar10_drift_all/strength_0p9/seed_21/splits/cifar10_split_seed21_clients5_alpha0p3_ref500.json,0.9,drift,8,fc1,4,0,0.9620161652565002,0.9846625328063965,500
cka_feddst,cifar10,0.9,21,results/logs/cka_strength_sweep/cifar10_drift_all/strength_0p9/seed_21/splits/cifar10_split_seed21_clients5_alpha0p3_ref500.json,0.9,drift,8,fc1,4,1,0.9900210499763489,0.9846625328063965,500
cka_feddst,cifar10,0.9,21,results/logs/cka_strength_sweep/cifar10_drift_all/strength_0p9/seed_21/splits/cifar10_split_seed21_clients5_alpha0p3_ref500.json,0.9,drift,8,fc1,4,2,0.9976434111595154,0.9846625328063965,500
cka_feddst,cifar10,0.9,21,results/logs/cka_strength_sweep/cifar10_drift_all/strength_0p9/seed_21/splits/cifar10_split_seed21_clients5_alpha0p3_ref500.json,0.9,drift,8,fc1,4,3,0.9934412240982056,0.9846625328063965,500
cka_feddst,cifar10,0.9,21,results/logs/cka_strength_sweep/cifar10_drift_all/strength_0p9/seed_21/splits/cifar10_split_seed21_clients5_alpha0p3_ref500.json,0.9,drift,8,fc1,4,4,1.0,0.9846625328063965,500
cka_feddst,cifar10,0.9,21,results/logs/cka_strength_sweep/cifar10_drift_all/strength_0p9/seed_21/splits/cifar10_split_seed21_clients5_alpha0p3_ref500.json,0.9,drift,10,conv1,0,0,1.0,1.0,500
cka_feddst,cifar10,0.9,21,results/logs/cka_strength_sweep/cifar10_drift_all/strength_0p9/seed_21/splits/cifar10_split_seed21_clients5_alpha0p3_ref500.json,0.9,drift,10,conv1,0,1,1.0,1.0,500
cka_feddst,cifar10,0.9,21,results/logs/cka_strength_sweep/cifar10_drift_all/strength_0p9/seed_21/splits/cifar10_split_seed21_clients5_alpha0p3_ref500.json,0.9,drift,10,conv1,0,2,1.0,1.0,500
cka_feddst,cifar10,0.9,21,results/logs/cka_strength_sweep/cifar10_drift_all/strength_0p9/seed_21/splits/cifar10_split_seed21_clients5_alpha0p3_ref500.json,0.9,drift,10,conv1,0,3,1.0,1.0,500
cka_feddst,cifar10,0.9,21,results/logs/cka_strength_sweep/cifar10_drift_all/strength_0p9/seed_21/splits/cifar10_split_seed21_clients5_alpha0p3_ref500.json,0.9,drift,10,conv1,0,4,1.0,1.0,500
cka_feddst,cifar10,0.9,21,results/logs/cka_strength_sweep/cifar10_drift_all/strength_0p9/seed_21/splits/cifar10_split_seed21_clients5_alpha0p3_ref500.json,0.9,drift,10,conv1,1,0,1.0,1.0,500
cka_feddst,cifar10,0.9,21,results/logs/cka_strength_sweep/cifar10_drift_all/strength_0p9/seed_21/splits/cifar10_split_seed21_clients5_alpha0p3_ref500.json,0.9,drift,10,conv1,1,1,1.0,1.0,500
cka_feddst,cifar10,0.9,21,results/logs/cka_strength_sweep/cifar10_drift_all/strength_0p9/seed_21/splits/cifar10_split_seed21_clients5_alpha0p3_ref500.json,0.9,drift,10,conv1,1,2,1.0,1.0,500
cka_feddst,cifar10,0.9,21,results/logs/cka_strength_sweep/cifar10_drift_all/strength_0p9/seed_21/splits/cifar10_split_seed21_clients5_alpha0p3_ref500.json,0.9,drift,10,conv1,1,3,1.0,1.0,500
cka_feddst,cifar10,0.9,21,results/logs/cka_strength_sweep/cifar10_drift_all/strength_0p9/seed_21/splits/cifar10_split_seed21_clients5_alpha0p3_ref500.json,0.9,drift,10,conv1,1,4,1.0,1.0,500
cka_feddst,cifar10,0.9,21,results/logs/cka_strength_sweep/cifar10_drift_all/strength_0p9/seed_21/splits/cifar10_split_seed21_clients5_alpha0p3_ref500.json,0.9,drift,10,conv1,2,0,1.0,1.0,500
cka_feddst,cifar10,0.9,21,results/logs/cka_strength_sweep/cifar10_drift_all/strength_0p9/seed_21/splits/cifar10_split_seed21_clients5_alpha0p3_ref500.json,0.9,drift,10,conv1,2,1,1.0,1.0,500
cka_feddst,cifar10,0.9,21,results/logs/cka_strength_sweep/cifar10_drift_all/strength_0p9/seed_21/splits/cifar10_split_seed21_clients5_alpha0p3_ref500.json,0.9,drift,10,conv1,2,2,1.0,1.0,500
cka_feddst,cifar10,0.9,21,results/logs/cka_strength_sweep/cifar10_drift_all/strength_0p9/seed_21/splits/cifar10_split_seed21_clients5_alpha0p3_ref500.json,0.9,drift,10,conv1,2,3,1.0,1.0,500
cka_feddst,cifar10,0.9,21,results/logs/cka_strength_sweep/cifar10_drift_all/strength_0p9/seed_21/splits/cifar10_split_seed21_clients5_alpha0p3_ref500.json,0.9,drift,10,conv1,2,4,1.0,1.0,500
cka_feddst,cifar10,0.9,21,results/logs/cka_strength_sweep/cifar10_drift_all/strength_0p9/seed_21/splits/cifar10_split_seed21_clients5_alpha0p3_ref500.json,0.9,drift,10,conv1,3,0,1.0,1.0,500
cka_feddst,cifar10,0.9,21,results/logs/cka_strength_sweep/cifar10_drift_all/strength_0p9/seed_21/splits/cifar10_split_seed21_clients5_alpha0p3_ref500.json,0.9,drift,10,conv1,3,1,1.0,1.0,500
cka_feddst,cifar10,0.9,21,results/logs/cka_strength_sweep/cifar10_drift_all/strength_0p9/seed_21/splits/cifar10_split_seed21_clients5_alpha0p3_ref500.json,0.9,drift,10,conv1,3,2,1.0,1.0,500
cka_feddst,cifar10,0.9,21,results/logs/cka_strength_sweep/cifar10_drift_all/strength_0p9/seed_21/splits/cifar10_split_seed21_clients5_alpha0p3_ref500.json,0.9,drift,10,conv1,3,3,1.0,1.0,500
cka_feddst,cifar10,0.9,21,results/logs/cka_strength_sweep/cifar10_drift_all/strength_0p9/seed_21/splits/cifar10_split_seed21_clients5_alpha0p3_ref500.json,0.9,drift,10,conv1,3,4,1.0,1.0,500
cka_feddst,cifar10,0.9,21,results/logs/cka_strength_sweep/cifar10_drift_all/strength_0p9/seed_21/splits/cifar10_split_seed21_clients5_alpha0p3_ref500.json,0.9,drift,10,conv1,4,0,1.0,1.0,500
cka_feddst,cifar10,0.9,21,results/logs/cka_strength_sweep/cifar10_drift_all/strength_0p9/seed_21/splits/cifar10_split_seed21_clients5_alpha0p3_ref500.json,0.9,drift,10,conv1,4,1,1.0,1.0,500
cka_feddst,cifar10,0.9,21,results/logs/cka_strength_sweep/cifar10_drift_all/strength_0p9/seed_21/splits/cifar10_split_seed21_clients5_alpha0p3_ref500.json,0.9,drift,10,conv1,4,2,1.0,1.0,500
cka_feddst,cifar10,0.9,21,results/logs/cka_strength_sweep/cifar10_drift_all/strength_0p9/seed_21/splits/cifar10_split_seed21_clients5_alpha0p3_ref500.json,0.9,drift,10,conv1,4,3,1.0,1.0,500
cka_feddst,cifar10,0.9,21,results/logs/cka_strength_sweep/cifar10_drift_all/strength_0p9/seed_21/splits/cifar10_split_seed21_clients5_alpha0p3_ref500.json,0.9,drift,10,conv1,4,4,1.0,1.0,500
cka_feddst,cifar10,0.9,21,results/logs/cka_strength_sweep/cifar10_drift_all/strength_0p9/seed_21/splits/cifar10_split_seed21_clients5_alpha0p3_ref500.json,0.9,drift,10,conv2,0,0,1.0,0.999997615814209,500
cka_feddst,cifar10,0.9,21,results/logs/cka_strength_sweep/cifar10_drift_all/strength_0p9/seed_21/splits/cifar10_split_seed21_clients5_alpha0p3_ref500.json,0.9,drift,10,conv2,0,1,0.9999964833259583,0.999997615814209,500
cka_feddst,cifar10,0.9,21,results/logs/cka_strength_sweep/cifar10_drift_all/strength_0p9/seed_21/splits/cifar10_split_seed21_clients5_alpha0p3_ref500.json,0.9,drift,10,conv2,0,2,0.9999961853027344,0.999997615814209,500
cka_feddst,cifar10,0.9,21,results/logs/cka_strength_sweep/cifar10_drift_all/strength_0p9/seed_21/splits/cifar10_split_seed21_clients5_alpha0p3_ref500.json,0.9,drift,10,conv2,0,3,0.999997615814209,0.999997615814209,500
cka_feddst,cifar10,0.9,21,results/logs/cka_strength_sweep/cifar10_drift_all/strength_0p9/seed_21/splits/cifar10_split_seed21_clients5_alpha0p3_ref500.json,0.9,drift,10,conv2,0,4,0.9999876618385315,0.999997615814209,500
cka_feddst,cifar10,0.9,21,results/logs/cka_strength_sweep/cifar10_drift_all/strength_0p9/seed_21/splits/cifar10_split_seed21_clients5_alpha0p3_ref500.json,0.9,drift,10,conv2,1,0,0.9999964833259583,0.999997615814209,500
cka_feddst,cifar10,0.9,21,results/logs/cka_strength_sweep/cifar10_drift_all/strength_0p9/seed_21/splits/cifar10_split_seed21_clients5_alpha0p3_ref500.json,0.9,drift,10,conv2,1,1,1.0,0.999997615814209,500
cka_feddst,cifar10,0.9,21,results/logs/cka_strength_sweep/cifar10_drift_all/strength_0p9/seed_21/splits/cifar10_split_seed21_clients5_alpha0p3_ref500.json,0.9,drift,10,conv2,1,2,1.0,0.999997615814209,500
cka_feddst,cifar10,0.9,21,results/logs/cka_strength_sweep/cifar10_drift_all/strength_0p9/seed_21/splits/cifar10_split_seed21_clients5_alpha0p3_ref500.json,0.9,drift,10,conv2,1,3,1.0,0.999997615814209,500
cka_feddst,cifar10,0.9,21,results/logs/cka_strength_sweep/cifar10_drift_all/strength_0p9/seed_21/splits/cifar10_split_seed21_clients5_alpha0p3_ref500.json,0.9,drift,10,conv2,1,4,1.0,0.999997615814209,500
cka_feddst,cifar10,0.9,21,results/logs/cka_strength_sweep/cifar10_drift_all/strength_0p9/seed_21/splits/cifar10_split_seed21_clients5_alpha0p3_ref500.json,0.9,drift,10,conv2,2,0,0.9999961853027344,0.999997615814209,500
cka_feddst,cifar10,0.9,21,results/logs/cka_strength_sweep/cifar10_drift_all/strength_0p9/seed_21/splits/cifar10_split_seed21_clients5_alpha0p3_ref500.json,0.9,drift,10,conv2,2,1,1.0,0.999997615814209,500
cka_feddst,cifar10,0.9,21,results/logs/cka_strength_sweep/cifar10_drift_all/strength_0p9/seed_21/splits/cifar10_split_seed21_clients5_alpha0p3_ref500.json,0.9,drift,10,conv2,2,2,1.0,0.999997615814209,500
cka_feddst,cifar10,0.9,21,results/logs/cka_strength_sweep/cifar10_drift_all/strength_0p9/seed_21/splits/cifar10_split_seed21_clients5_alpha0p3_ref500.json,0.9,drift,10,conv2,2,3,1.0,0.999997615814209,500
cka_feddst,cifar10,0.9,21,results/logs/cka_strength_sweep/cifar10_drift_all/strength_0p9/seed_21/splits/cifar10_split_seed21_clients5_alpha0p3_ref500.json,0.9,drift,10,conv2,2,4,1.0,0.999997615814209,500
cka_feddst,cifar10,0.9,21,results/logs/cka_strength_sweep/cifar10_drift_all/strength_0p9/seed_21/splits/cifar10_split_seed21_clients5_alpha0p3_ref500.json,0.9,drift,10,conv2,3,0,0.999997615814209,0.999997615814209,500
cka_feddst,cifar10,0.9,21,results/logs/cka_strength_sweep/cifar10_drift_all/strength_0p9/seed_21/splits/cifar10_split_seed21_clients5_alpha0p3_ref500.json,0.9,drift,10,conv2,3,1,1.0,0.999997615814209,500
cka_feddst,cifar10,0.9,21,results/logs/cka_strength_sweep/cifar10_drift_all/strength_0p9/seed_21/splits/cifar10_split_seed21_clients5_alpha0p3_ref500.json,0.9,drift,10,conv2,3,2,1.0,0.999997615814209,500
cka_feddst,cifar10,0.9,21,results/logs/cka_strength_sweep/cifar10_drift_all/strength_0p9/seed_21/splits/cifar10_split_seed21_clients5_alpha0p3_ref500.json,0.9,drift,10,conv2,3,3,1.0,0.999997615814209,500
cka_feddst,cifar10,0.9,21,results/logs/cka_strength_sweep/cifar10_drift_all/strength_0p9/seed_21/splits/cifar10_split_seed21_clients5_alpha0p3_ref500.json,0.9,drift,10,conv2,3,4,0.9999986290931702,0.999997615814209,500
cka_feddst,cifar10,0.9,21,results/logs/cka_strength_sweep/cifar10_drift_all/strength_0p9/seed_21/splits/cifar10_split_seed21_clients5_alpha0p3_ref500.json,0.9,drift,10,conv2,4,0,0.9999876618385315,0.999997615814209,500
cka_feddst,cifar10,0.9,21,results/logs/cka_strength_sweep/cifar10_drift_all/strength_0p9/seed_21/splits/cifar10_split_seed21_clients5_alpha0p3_ref500.json,0.9,drift,10,conv2,4,1,1.0,0.999997615814209,500
cka_feddst,cifar10,0.9,21,results/logs/cka_strength_sweep/cifar10_drift_all/strength_0p9/seed_21/splits/cifar10_split_seed21_clients5_alpha0p3_ref500.json,0.9,drift,10,conv2,4,2,1.0,0.999997615814209,500
cka_feddst,cifar10,0.9,21,results/logs/cka_strength_sweep/cifar10_drift_all/strength_0p9/seed_21/splits/cifar10_split_seed21_clients5_alpha0p3_ref500.json,0.9,drift,10,conv2,4,3,0.9999986290931702,0.999997615814209,500
cka_feddst,cifar10,0.9,21,results/logs/cka_strength_sweep/cifar10_drift_all/strength_0p9/seed_21/splits/cifar10_split_seed21_clients5_alpha0p3_ref500.json,0.9,drift,10,conv2,4,4,1.0,0.999997615814209,500
cka_feddst,cifar10,0.9,21,results/logs/cka_strength_sweep/cifar10_drift_all/strength_0p9/seed_21/splits/cifar10_split_seed21_clients5_alpha0p3_ref500.json,0.9,drift,10,conv3,0,0,1.0,0.999954342842102,500
cka_feddst,cifar10,0.9,21,results/logs/cka_strength_sweep/cifar10_drift_all/strength_0p9/seed_21/splits/cifar10_split_seed21_clients5_alpha0p3_ref500.json,0.9,drift,10,conv3,0,1,0.9999132752418518,0.999954342842102,500
cka_feddst,cifar10,0.9,21,results/logs/cka_strength_sweep/cifar10_drift_all/strength_0p9/seed_21/splits/cifar10_split_seed21_clients5_alpha0p3_ref500.json,0.9,drift,10,conv3,0,2,0.9999499917030334,0.999954342842102,500
cka_feddst,cifar10,0.9,21,results/logs/cka_strength_sweep/cifar10_drift_all/strength_0p9/seed_21/splits/cifar10_split_seed21_clients5_alpha0p3_ref500.json,0.9,drift,10,conv3,0,3,0.9999712109565735,0.999954342842102,500
cka_feddst,cifar10,0.9,21,results/logs/cka_strength_sweep/cifar10_drift_all/strength_0p9/seed_21/splits/cifar10_split_seed21_clients5_alpha0p3_ref500.json,0.9,drift,10,conv3,0,4,0.9998931884765625,0.999954342842102,500
cka_feddst,cifar10,0.9,21,results/logs/cka_strength_sweep/cifar10_drift_all/strength_0p9/seed_21/splits/cifar10_split_seed21_clients5_alpha0p3_ref500.json,0.9,drift,10,conv3,1,0,0.9999132752418518,0.999954342842102,500
cka_feddst,cifar10,0.9,21,results/logs/cka_strength_sweep/cifar10_drift_all/strength_0p9/seed_21/splits/cifar10_split_seed21_clients5_alpha0p3_ref500.json,0.9,drift,10,conv3,1,1,1.0,0.999954342842102,500
cka_feddst,cifar10,0.9,21,results/logs/cka_strength_sweep/cifar10_drift_all/strength_0p9/seed_21/splits/cifar10_split_seed21_clients5_alpha0p3_ref500.json,0.9,drift,10,conv3,1,2,0.9999610185623169,0.999954342842102,500
cka_feddst,cifar10,0.9,21,results/logs/cka_strength_sweep/cifar10_drift_all/strength_0p9/seed_21/splits/cifar10_split_seed21_clients5_alpha0p3_ref500.json,0.9,drift,10,conv3,1,3,0.9999580383300781,0.999954342842102,500
cka_feddst,cifar10,0.9,21,results/logs/cka_strength_sweep/cifar10_drift_all/strength_0p9/seed_21/splits/cifar10_split_seed21_clients5_alpha0p3_ref500.json,0.9,drift,10,conv3,1,4,0.9999745488166809,0.999954342842102,500
cka_feddst,cifar10,0.9,21,results/logs/cka_strength_sweep/cifar10_drift_all/strength_0p9/seed_21/splits/cifar10_split_seed21_clients5_alpha0p3_ref500.json,0.9,drift,10,conv3,2,0,0.9999499917030334,0.999954342842102,500
cka_feddst,cifar10,0.9,21,results/logs/cka_strength_sweep/cifar10_drift_all/strength_0p9/seed_21/splits/cifar10_split_seed21_clients5_alpha0p3_ref500.json,0.9,drift,10,conv3,2,1,0.9999610185623169,0.999954342842102,500
cka_feddst,cifar10,0.9,21,results/logs/cka_strength_sweep/cifar10_drift_all/strength_0p9/seed_21/splits/cifar10_split_seed21_clients5_alpha0p3_ref500.json,0.9,drift,10,conv3,2,2,1.0,0.999954342842102,500
cka_feddst,cifar10,0.9,21,results/logs/cka_strength_sweep/cifar10_drift_all/strength_0p9/seed_21/splits/cifar10_split_seed21_clients5_alpha0p3_ref500.json,0.9,drift,10,conv3,2,3,0.9999842047691345,0.999954342842102,500
cka_feddst,cifar10,0.9,21,results/logs/cka_strength_sweep/cifar10_drift_all/strength_0p9/seed_21/splits/cifar10_split_seed21_clients5_alpha0p3_ref500.json,0.9,drift,10,conv3,2,4,0.9999789595603943,0.999954342842102,500
cka_feddst,cifar10,0.9,21,results/logs/cka_strength_sweep/cifar10_drift_all/strength_0p9/seed_21/splits/cifar10_split_seed21_clients5_alpha0p3_ref500.json,0.9,drift,10,conv3,3,0,0.9999712109565735,0.999954342842102,500
cka_feddst,cifar10,0.9,21,results/logs/cka_strength_sweep/cifar10_drift_all/strength_0p9/seed_21/splits/cifar10_split_seed21_clients5_alpha0p3_ref500.json,0.9,drift,10,conv3,3,1,0.9999580383300781,0.999954342842102,500
cka_feddst,cifar10,0.9,21,results/logs/cka_strength_sweep/cifar10_drift_all/strength_0p9/seed_21/splits/cifar10_split_seed21_clients5_alpha0p3_ref500.json,0.9,drift,10,conv3,3,2,0.9999842047691345,0.999954342842102,500
cka_feddst,cifar10,0.9,21,results/logs/cka_strength_sweep/cifar10_drift_all/strength_0p9/seed_21/splits/cifar10_split_seed21_clients5_alpha0p3_ref500.json,0.9,drift,10,conv3,3,3,1.0,0.999954342842102,500
cka_feddst,cifar10,0.9,21,results/logs/cka_strength_sweep/cifar10_drift_all/strength_0p9/seed_21/splits/cifar10_split_seed21_clients5_alpha0p3_ref500.json,0.9,drift,10,conv3,3,4,0.9999594688415527,0.999954342842102,500
cka_feddst,cifar10,0.9,21,results/logs/cka_strength_sweep/cifar10_drift_all/strength_0p9/seed_21/splits/cifar10_split_seed21_clients5_alpha0p3_ref500.json,0.9,drift,10,conv3,4,0,0.9998931884765625,0.999954342842102,500
cka_feddst,cifar10,0.9,21,results/logs/cka_strength_sweep/cifar10_drift_all/strength_0p9/seed_21/splits/cifar10_split_seed21_clients5_alpha0p3_ref500.json,0.9,drift,10,conv3,4,1,0.9999745488166809,0.999954342842102,500
cka_feddst,cifar10,0.9,21,results/logs/cka_strength_sweep/cifar10_drift_all/strength_0p9/seed_21/splits/cifar10_split_seed21_clients5_alpha0p3_ref500.json,0.9,drift,10,conv3,4,2,0.9999789595603943,0.999954342842102,500
cka_feddst,cifar10,0.9,21,results/logs/cka_strength_sweep/cifar10_drift_all/strength_0p9/seed_21/splits/cifar10_split_seed21_clients5_alpha0p3_ref500.json,0.9,drift,10,conv3,4,3,0.9999594688415527,0.999954342842102,500
cka_feddst,cifar10,0.9,21,results/logs/cka_strength_sweep/cifar10_drift_all/strength_0p9/seed_21/splits/cifar10_split_seed21_clients5_alpha0p3_ref500.json,0.9,drift,10,conv3,4,4,1.0,0.999954342842102,500
cka_feddst,cifar10,0.9,21,results/logs/cka_strength_sweep/cifar10_drift_all/strength_0p9/seed_21/splits/cifar10_split_seed21_clients5_alpha0p3_ref500.json,0.9,drift,10,fc1,0,0,1.0,0.9965776205062866,500
cka_feddst,cifar10,0.9,21,results/logs/cka_strength_sweep/cifar10_drift_all/strength_0p9/seed_21/splits/cifar10_split_seed21_clients5_alpha0p3_ref500.json,0.9,drift,10,fc1,0,1,0.9931954741477966,0.9965776205062866,500
cka_feddst,cifar10,0.9,21,results/logs/cka_strength_sweep/cifar10_drift_all/strength_0p9/seed_21/splits/cifar10_split_seed21_clients5_alpha0p3_ref500.json,0.9,drift,10,fc1,0,2,0.9979528784751892,0.9965776205062866,500
cka_feddst,cifar10,0.9,21,results/logs/cka_strength_sweep/cifar10_drift_all/strength_0p9/seed_21/splits/cifar10_split_seed21_clients5_alpha0p3_ref500.json,0.9,drift,10,fc1,0,3,0.9971246123313904,0.9965776205062866,500
cka_feddst,cifar10,0.9,21,results/logs/cka_strength_sweep/cifar10_drift_all/strength_0p9/seed_21/splits/cifar10_split_seed21_clients5_alpha0p3_ref500.json,0.9,drift,10,fc1,0,4,0.9969790577888489,0.9965776205062866,500
cka_feddst,cifar10,0.9,21,results/logs/cka_strength_sweep/cifar10_drift_all/strength_0p9/seed_21/splits/cifar10_split_seed21_clients5_alpha0p3_ref500.json,0.9,drift,10,fc1,1,0,0.9931954741477966,0.9965776205062866,500
cka_feddst,cifar10,0.9,21,results/logs/cka_strength_sweep/cifar10_drift_all/strength_0p9/seed_21/splits/cifar10_split_seed21_clients5_alpha0p3_ref500.json,0.9,drift,10,fc1,1,1,1.0,0.9965776205062866,500
cka_feddst,cifar10,0.9,21,results/logs/cka_strength_sweep/cifar10_drift_all/strength_0p9/seed_21/splits/cifar10_split_seed21_clients5_alpha0p3_ref500.json,0.9,drift,10,fc1,1,2,0.9967362880706787,0.9965776205062866,500
cka_feddst,cifar10,0.9,21,results/logs/cka_strength_sweep/cifar10_drift_all/strength_0p9/seed_21/splits/cifar10_split_seed21_clients5_alpha0p3_ref500.json,0.9,drift,10,fc1,1,3,0.9943605065345764,0.9965776205062866,500
cka_feddst,cifar10,0.9,21,results/logs/cka_strength_sweep/cifar10_drift_all/strength_0p9/seed_21/splits/cifar10_split_seed21_clients5_alpha0p3_ref500.json,0.9,drift,10,fc1,1,4,0.996337354183197,0.9965776205062866,500
cka_feddst,cifar10,0.9,21,results/logs/cka_strength_sweep/cifar10_drift_all/strength_0p9/seed_21/splits/cifar10_split_seed21_clients5_alpha0p3_ref500.json,0.9,drift,10,fc1,2,0,0.9979528784751892,0.9965776205062866,500
cka_feddst,cifar10,0.9,21,results/logs/cka_strength_sweep/cifar10_drift_all/strength_0p9/seed_21/splits/cifar10_split_seed21_clients5_alpha0p3_ref500.json,0.9,drift,10,fc1,2,1,0.9967362880706787,0.9965776205062866,500
cka_feddst,cifar10,0.9,21,results/logs/cka_strength_sweep/cifar10_drift_all/strength_0p9/seed_21/splits/cifar10_split_seed21_clients5_alpha0p3_ref500.json,0.9,drift,10,fc1,2,2,1.0,0.9965776205062866,500
cka_feddst,cifar10,0.9,21,results/logs/cka_strength_sweep/cifar10_drift_all/strength_0p9/seed_21/splits/cifar10_split_seed21_clients5_alpha0p3_ref500.json,0.9,drift,10,fc1,2,3,0.9984144568443298,0.9965776205062866,500
cka_feddst,cifar10,0.9,21,results/logs/cka_strength_sweep/cifar10_drift_all/strength_0p9/seed_21/splits/cifar10_split_seed21_clients5_alpha0p3_ref500.json,0.9,drift,10,fc1,2,4,0.9980897307395935,0.9965776205062866,500
cka_feddst,cifar10,0.9,21,results/logs/cka_strength_sweep/cifar10_drift_all/strength_0p9/seed_21/splits/cifar10_split_seed21_clients5_alpha0p3_ref500.json,0.9,drift,10,fc1,3,0,0.9971246123313904,0.9965776205062866,500
cka_feddst,cifar10,0.9,21,results/logs/cka_strength_sweep/cifar10_drift_all/strength_0p9/seed_21/splits/cifar10_split_seed21_clients5_alpha0p3_ref500.json,0.9,drift,10,fc1,3,1,0.9943605065345764,0.9965776205062866,500
cka_feddst,cifar10,0.9,21,results/logs/cka_strength_sweep/cifar10_drift_all/strength_0p9/seed_21/splits/cifar10_split_seed21_clients5_alpha0p3_ref500.json,0.9,drift,10,fc1,3,2,0.9984144568443298,0.9965776205062866,500
cka_feddst,cifar10,0.9,21,results/logs/cka_strength_sweep/cifar10_drift_all/strength_0p9/seed_21/splits/cifar10_split_seed21_clients5_alpha0p3_ref500.json,0.9,drift,10,fc1,3,3,1.0,0.9965776205062866,500
cka_feddst,cifar10,0.9,21,results/logs/cka_strength_sweep/cifar10_drift_all/strength_0p9/seed_21/splits/cifar10_split_seed21_clients5_alpha0p3_ref500.json,0.9,drift,10,fc1,3,4,0.9965865612030029,0.9965776205062866,500
cka_feddst,cifar10,0.9,21,results/logs/cka_strength_sweep/cifar10_drift_all/strength_0p9/seed_21/splits/cifar10_split_seed21_clients5_alpha0p3_ref500.json,0.9,drift,10,fc1,4,0,0.9969790577888489,0.9965776205062866,500
cka_feddst,cifar10,0.9,21,results/logs/cka_strength_sweep/cifar10_drift_all/strength_0p9/seed_21/splits/cifar10_split_seed21_clients5_alpha0p3_ref500.json,0.9,drift,10,fc1,4,1,0.996337354183197,0.9965776205062866,500
cka_feddst,cifar10,0.9,21,results/logs/cka_strength_sweep/cifar10_drift_all/strength_0p9/seed_21/splits/cifar10_split_seed21_clients5_alpha0p3_ref500.json,0.9,drift,10,fc1,4,2,0.9980897307395935,0.9965776205062866,500
cka_feddst,cifar10,0.9,21,results/logs/cka_strength_sweep/cifar10_drift_all/strength_0p9/seed_21/splits/cifar10_split_seed21_clients5_alpha0p3_ref500.json,0.9,drift,10,fc1,4,3,0.9965865612030029,0.9965776205062866,500
cka_feddst,cifar10,0.9,21,results/logs/cka_strength_sweep/cifar10_drift_all/strength_0p9/seed_21/splits/cifar10_split_seed21_clients5_alpha0p3_ref500.json,0.9,drift,10,fc1,4,4,1.0,0.9965776205062866,500
cka_feddst,cifar10,0.9,21,results/logs/cka_strength_sweep/cifar10_drift_all/strength_0p9/seed_21/splits/cifar10_split_seed21_clients5_alpha0p3_ref500.json,0.9,drift,12,conv1,0,0,1.0,1.0,500
cka_feddst,cifar10,0.9,21,results/logs/cka_strength_sweep/cifar10_drift_all/strength_0p9/seed_21/splits/cifar10_split_seed21_clients5_alpha0p3_ref500.json,0.9,drift,12,conv1,0,1,1.0,1.0,500
cka_feddst,cifar10,0.9,21,results/logs/cka_strength_sweep/cifar10_drift_all/strength_0p9/seed_21/splits/cifar10_split_seed21_clients5_alpha0p3_ref500.json,0.9,drift,12,conv1,0,2,1.0,1.0,500
cka_feddst,cifar10,0.9,21,results/logs/cka_strength_sweep/cifar10_drift_all/strength_0p9/seed_21/splits/cifar10_split_seed21_clients5_alpha0p3_ref500.json,0.9,drift,12,conv1,0,3,1.0,1.0,500
cka_feddst,cifar10,0.9,21,results/logs/cka_strength_sweep/cifar10_drift_all/strength_0p9/seed_21/splits/cifar10_split_seed21_clients5_alpha0p3_ref500.json,0.9,drift,12,conv1,0,4,1.0,1.0,500
cka_feddst,cifar10,0.9,21,results/logs/cka_strength_sweep/cifar10_drift_all/strength_0p9/seed_21/splits/cifar10_split_seed21_clients5_alpha0p3_ref500.json,0.9,drift,12,conv1,1,0,1.0,1.0,500
cka_feddst,cifar10,0.9,21,results/logs/cka_strength_sweep/cifar10_drift_all/strength_0p9/seed_21/splits/cifar10_split_seed21_clients5_alpha0p3_ref500.json,0.9,drift,12,conv1,1,1,1.0,1.0,500
cka_feddst,cifar10,0.9,21,results/logs/cka_strength_sweep/cifar10_drift_all/strength_0p9/seed_21/splits/cifar10_split_seed21_clients5_alpha0p3_ref500.json,0.9,drift,12,conv1,1,2,1.0,1.0,500
cka_feddst,cifar10,0.9,21,results/logs/cka_strength_sweep/cifar10_drift_all/strength_0p9/seed_21/splits/cifar10_split_seed21_clients5_alpha0p3_ref500.json,0.9,drift,12,conv1,1,3,1.0,1.0,500
cka_feddst,cifar10,0.9,21,results/logs/cka_strength_sweep/cifar10_drift_all/strength_0p9/seed_21/splits/cifar10_split_seed21_clients5_alpha0p3_ref500.json,0.9,drift,12,conv1,1,4,1.0,1.0,500
cka_feddst,cifar10,0.9,21,results/logs/cka_strength_sweep/cifar10_drift_all/strength_0p9/seed_21/splits/cifar10_split_seed21_clients5_alpha0p3_ref500.json,0.9,drift,12,conv1,2,0,1.0,1.0,500
cka_feddst,cifar10,0.9,21,results/logs/cka_strength_sweep/cifar10_drift_all/strength_0p9/seed_21/splits/cifar10_split_seed21_clients5_alpha0p3_ref500.json,0.9,drift,12,conv1,2,1,1.0,1.0,500
cka_feddst,cifar10,0.9,21,results/logs/cka_strength_sweep/cifar10_drift_all/strength_0p9/seed_21/splits/cifar10_split_seed21_clients5_alpha0p3_ref500.json,0.9,drift,12,conv1,2,2,1.0,1.0,500
cka_feddst,cifar10,0.9,21,results/logs/cka_strength_sweep/cifar10_drift_all/strength_0p9/seed_21/splits/cifar10_split_seed21_clients5_alpha0p3_ref500.json,0.9,drift,12,conv1,2,3,1.0,1.0,500
cka_feddst,cifar10,0.9,21,results/logs/cka_strength_sweep/cifar10_drift_all/strength_0p9/seed_21/splits/cifar10_split_seed21_clients5_alpha0p3_ref500.json,0.9,drift,12,conv1,2,4,1.0,1.0,500
cka_feddst,cifar10,0.9,21,results/logs/cka_strength_sweep/cifar10_drift_all/strength_0p9/seed_21/splits/cifar10_split_seed21_clients5_alpha0p3_ref500.json,0.9,drift,12,conv1,3,0,1.0,1.0,500
cka_feddst,cifar10,0.9,21,results/logs/cka_strength_sweep/cifar10_drift_all/strength_0p9/seed_21/splits/cifar10_split_seed21_clients5_alpha0p3_ref500.json,0.9,drift,12,conv1,3,1,1.0,1.0,500
cka_feddst,cifar10,0.9,21,results/logs/cka_strength_sweep/cifar10_drift_all/strength_0p9/seed_21/splits/cifar10_split_seed21_clients5_alpha0p3_ref500.json,0.9,drift,12,conv1,3,2,1.0,1.0,500
cka_feddst,cifar10,0.9,21,results/logs/cka_strength_sweep/cifar10_drift_all/strength_0p9/seed_21/splits/cifar10_split_seed21_clients5_alpha0p3_ref500.json,0.9,drift,12,conv1,3,3,1.0,1.0,500
cka_feddst,cifar10,0.9,21,results/logs/cka_strength_sweep/cifar10_drift_all/strength_0p9/seed_21/splits/cifar10_split_seed21_clients5_alpha0p3_ref500.json,0.9,drift,12,conv1,3,4,1.0,1.0,500
cka_feddst,cifar10,0.9,21,results/logs/cka_strength_sweep/cifar10_drift_all/strength_0p9/seed_21/splits/cifar10_split_seed21_clients5_alpha0p3_ref500.json,0.9,drift,12,conv1,4,0,1.0,1.0,500
cka_feddst,cifar10,0.9,21,results/logs/cka_strength_sweep/cifar10_drift_all/strength_0p9/seed_21/splits/cifar10_split_seed21_clients5_alpha0p3_ref500.json,0.9,drift,12,conv1,4,1,1.0,1.0,500
cka_feddst,cifar10,0.9,21,results/logs/cka_strength_sweep/cifar10_drift_all/strength_0p9/seed_21/splits/cifar10_split_seed21_clients5_alpha0p3_ref500.json,0.9,drift,12,conv1,4,2,1.0,1.0,500
cka_feddst,cifar10,0.9,21,results/logs/cka_strength_sweep/cifar10_drift_all/strength_0p9/seed_21/splits/cifar10_split_seed21_clients5_alpha0p3_ref500.json,0.9,drift,12,conv1,4,3,1.0,1.0,500
cka_feddst,cifar10,0.9,21,results/logs/cka_strength_sweep/cifar10_drift_all/strength_0p9/seed_21/splits/cifar10_split_seed21_clients5_alpha0p3_ref500.json,0.9,drift,12,conv1,4,4,1.0,1.0,500
cka_feddst,cifar10,0.9,21,results/logs/cka_strength_sweep/cifar10_drift_all/strength_0p9/seed_21/splits/cifar10_split_seed21_clients5_alpha0p3_ref500.json,0.9,drift,12,conv2,0,0,1.0,0.9999416470527649,500
cka_feddst,cifar10,0.9,21,results/logs/cka_strength_sweep/cifar10_drift_all/strength_0p9/seed_21/splits/cifar10_split_seed21_clients5_alpha0p3_ref500.json,0.9,drift,12,conv2,0,1,0.999875545501709,0.9999416470527649,500
cka_feddst,cifar10,0.9,21,results/logs/cka_strength_sweep/cifar10_drift_all/strength_0p9/seed_21/splits/cifar10_split_seed21_clients5_alpha0p3_ref500.json,0.9,drift,12,conv2,0,2,0.9998416304588318,0.9999416470527649,500
cka_feddst,cifar10,0.9,21,results/logs/cka_strength_sweep/cifar10_drift_all/strength_0p9/seed_21/splits/cifar10_split_seed21_clients5_alpha0p3_ref500.json,0.9,drift,12,conv2,0,3,0.9998889565467834,0.9999416470527649,500
cka_feddst,cifar10,0.9,21,results/logs/cka_strength_sweep/cifar10_drift_all/strength_0p9/seed_21/splits/cifar10_split_seed21_clients5_alpha0p3_ref500.json,0.9,drift,12,conv2,0,4,0.9998455047607422,0.9999416470527649,500
cka_feddst,cifar10,0.9,21,results/logs/cka_strength_sweep/cifar10_drift_all/strength_0p9/seed_21/splits/cifar10_split_seed21_clients5_alpha0p3_ref500.json,0.9,drift,12,conv2,1,0,0.999875545501709,0.9999416470527649,500
cka_feddst,cifar10,0.9,21,results/logs/cka_strength_sweep/cifar10_drift_all/strength_0p9/seed_21/splits/cifar10_split_seed21_clients5_alpha0p3_ref500.json,0.9,drift,12,conv2,1,1,1.0,0.9999416470527649,500
cka_feddst,cifar10,0.9,21,results/logs/cka_strength_sweep/cifar10_drift_all/strength_0p9/seed_21/splits/cifar10_split_seed21_clients5_alpha0p3_ref500.json,0.9,drift,12,conv2,1,2,0.999994695186615,0.9999416470527649,500
cka_feddst,cifar10,0.9,21,results/logs/cka_strength_sweep/cifar10_drift_all/strength_0p9/seed_21/splits/cifar10_split_seed21_clients5_alpha0p3_ref500.json,0.9,drift,12,conv2,1,3,0.9999904632568359,0.9999416470527649,500
cka_feddst,cifar10,0.9,21,results/logs/cka_strength_sweep/cifar10_drift_all/strength_0p9/seed_21/splits/cifar10_split_seed21_clients5_alpha0p3_ref500.json,0.9,drift,12,conv2,1,4,1.0,0.9999416470527649,500
cka_feddst,cifar10,0.9,21,results/logs/cka_strength_sweep/cifar10_drift_all/strength_0p9/seed_21/splits/cifar10_split_seed21_clients5_alpha0p3_ref500.json,0.9,drift,12,conv2,2,0,0.9998416304588318,0.9999416470527649,500
cka_feddst,cifar10,0.9,21,results/logs/cka_strength_sweep/cifar10_drift_all/strength_0p9/seed_21/splits/cifar10_split_seed21_clients5_alpha0p3_ref500.json,0.9,drift,12,conv2,2,1,0.999994695186615,0.9999416470527649,500
cka_feddst,cifar10,0.9,21,results/logs/cka_strength_sweep/cifar10_drift_all/strength_0p9/seed_21/splits/cifar10_split_seed21_clients5_alpha0p3_ref500.json,0.9,drift,12,conv2,2,2,1.0,0.9999416470527649,500
cka_feddst,cifar10,0.9,21,results/logs/cka_strength_sweep/cifar10_drift_all/strength_0p9/seed_21/splits/cifar10_split_seed21_clients5_alpha0p3_ref500.json,0.9,drift,12,conv2,2,3,0.999998152256012,0.9999416470527649,500
cka_feddst,cifar10,0.9,21,results/logs/cka_strength_sweep/cifar10_drift_all/strength_0p9/seed_21/splits/cifar10_split_seed21_clients5_alpha0p3_ref500.json,0.9,drift,12,conv2,2,4,0.9999954700469971,0.9999416470527649,500
cka_feddst,cifar10,0.9,21,results/logs/cka_strength_sweep/cifar10_drift_all/strength_0p9/seed_21/splits/cifar10_split_seed21_clients5_alpha0p3_ref500.json,0.9,drift,12,conv2,3,0,0.9998889565467834,0.9999416470527649,500
cka_feddst,cifar10,0.9,21,results/logs/cka_strength_sweep/cifar10_drift_all/strength_0p9/seed_21/splits/cifar10_split_seed21_clients5_alpha0p3_ref500.json,0.9,drift,12,conv2,3,1,0.9999904632568359,0.9999416470527649,500
cka_feddst,cifar10,0.9,21,results/logs/cka_strength_sweep/cifar10_drift_all/strength_0p9/seed_21/splits/cifar10_split_seed21_clients5_alpha0p3_ref500.json,0.9,drift,12,conv2,3,2,0.999998152256012,0.9999416470527649,500
cka_feddst,cifar10,0.9,21,results/logs/cka_strength_sweep/cifar10_drift_all/strength_0p9/seed_21/splits/cifar10_split_seed21_clients5_alpha0p3_ref500.json,0.9,drift,12,conv2,3,3,1.0,0.9999416470527649,500
cka_feddst,cifar10,0.9,21,results/logs/cka_strength_sweep/cifar10_drift_all/strength_0p9/seed_21/splits/cifar10_split_seed21_clients5_alpha0p3_ref500.json,0.9,drift,12,conv2,3,4,0.9999857544898987,0.9999416470527649,500
cka_feddst,cifar10,0.9,21,results/logs/cka_strength_sweep/cifar10_drift_all/strength_0p9/seed_21/splits/cifar10_split_seed21_clients5_alpha0p3_ref500.json,0.9,drift,12,conv2,4,0,0.9998455047607422,0.9999416470527649,500
cka_feddst,cifar10,0.9,21,results/logs/cka_strength_sweep/cifar10_drift_all/strength_0p9/seed_21/splits/cifar10_split_seed21_clients5_alpha0p3_ref500.json,0.9,drift,12,conv2,4,1,1.0,0.9999416470527649,500
cka_feddst,cifar10,0.9,21,results/logs/cka_strength_sweep/cifar10_drift_all/strength_0p9/seed_21/splits/cifar10_split_seed21_clients5_alpha0p3_ref500.json,0.9,drift,12,conv2,4,2,0.9999954700469971,0.9999416470527649,500
cka_feddst,cifar10,0.9,21,results/logs/cka_strength_sweep/cifar10_drift_all/strength_0p9/seed_21/splits/cifar10_split_seed21_clients5_alpha0p3_ref500.json,0.9,drift,12,conv2,4,3,0.9999857544898987,0.9999416470527649,500
cka_feddst,cifar10,0.9,21,results/logs/cka_strength_sweep/cifar10_drift_all/strength_0p9/seed_21/splits/cifar10_split_seed21_clients5_alpha0p3_ref500.json,0.9,drift,12,conv2,4,4,1.0,0.9999416470527649,500
cka_feddst,cifar10,0.9,21,results/logs/cka_strength_sweep/cifar10_drift_all/strength_0p9/seed_21/splits/cifar10_split_seed21_clients5_alpha0p3_ref500.json,0.9,drift,12,conv3,0,0,1.0,0.9997498393058777,500
cka_feddst,cifar10,0.9,21,results/logs/cka_strength_sweep/cifar10_drift_all/strength_0p9/seed_21/splits/cifar10_split_seed21_clients5_alpha0p3_ref500.json,0.9,drift,12,conv3,0,1,0.999427318572998,0.9997498393058777,500
cka_feddst,cifar10,0.9,21,results/logs/cka_strength_sweep/cifar10_drift_all/strength_0p9/seed_21/splits/cifar10_split_seed21_clients5_alpha0p3_ref500.json,0.9,drift,12,conv3,0,2,0.9995138645172119,0.9997498393058777,500
cka_feddst,cifar10,0.9,21,results/logs/cka_strength_sweep/cifar10_drift_all/strength_0p9/seed_21/splits/cifar10_split_seed21_clients5_alpha0p3_ref500.json,0.9,drift,12,conv3,0,3,0.9996941089630127,0.9997498393058777,500
cka_feddst,cifar10,0.9,21,results/logs/cka_strength_sweep/cifar10_drift_all/strength_0p9/seed_21/splits/cifar10_split_seed21_clients5_alpha0p3_ref500.json,0.9,drift,12,conv3,0,4,0.9993845224380493,0.9997498393058777,500
cka_feddst,cifar10,0.9,21,results/logs/cka_strength_sweep/cifar10_drift_all/strength_0p9/seed_21/splits/cifar10_split_seed21_clients5_alpha0p3_ref500.json,0.9,drift,12,conv3,1,0,0.999427318572998,0.9997498393058777,500
cka_feddst,cifar10,0.9,21,results/logs/cka_strength_sweep/cifar10_drift_all/strength_0p9/seed_21/splits/cifar10_split_seed21_clients5_alpha0p3_ref500.json,0.9,drift,12,conv3,1,1,1.0,0.9997498393058777,500
cka_feddst,cifar10,0.9,21,results/logs/cka_strength_sweep/cifar10_drift_all/strength_0p9/seed_21/splits/cifar10_split_seed21_clients5_alpha0p3_ref500.json,0.9,drift,12,conv3,1,2,0.9999023675918579,0.9997498393058777,500
cka_feddst,cifar10,0.9,21,results/logs/cka_strength_sweep/cifar10_drift_all/strength_0p9/seed_21/splits/cifar10_split_seed21_clients5_alpha0p3_ref500.json,0.9,drift,12,conv3,1,3,0.9998361468315125,0.9997498393058777,500
cka_feddst,cifar10,0.9,21,results/logs/cka_strength_sweep/cifar10_drift_all/strength_0p9/seed_21/splits/cifar10_split_seed21_clients5_alpha0p3_ref500.json,0.9,drift,12,conv3,1,4,0.9999566078186035,0.9997498393058777,500
cka_feddst,cifar10,0.9,21,results/logs/cka_strength_sweep/cifar10_drift_all/strength_0p9/seed_21/splits/cifar10_split_seed21_clients5_alpha0p3_ref500.json,0.9,drift,12,conv3,2,0,0.9995138645172119,0.9997498393058777,500
cka_feddst,cifar10,0.9,21,results/logs/cka_strength_sweep/cifar10_drift_all/strength_0p9/seed_21/splits/cifar10_split_seed21_clients5_alpha0p3_ref500.json,0.9,drift,12,conv3,2,1,0.9999023675918579,0.9997498393058777,500
cka_feddst,cifar10,0.9,21,results/logs/cka_strength_sweep/cifar10_drift_all/strength_0p9/seed_21/splits/cifar10_split_seed21_clients5_alpha0p3_ref500.json,0.9,drift,12,conv3,2,2,1.0,0.9997498393058777,500
cka_feddst,cifar10,0.9,21,results/logs/cka_strength_sweep/cifar10_drift_all/strength_0p9/seed_21/splits/cifar10_split_seed21_clients5_alpha0p3_ref500.json,0.9,drift,12,conv3,2,3,0.9999597072601318,0.9997498393058777,500
cka_feddst,cifar10,0.9,21,results/logs/cka_strength_sweep/cifar10_drift_all/strength_0p9/seed_21/splits/cifar10_split_seed21_clients5_alpha0p3_ref500.json,0.9,drift,12,conv3,2,4,0.9999527931213379,0.9997498393058777,500
cka_feddst,cifar10,0.9,21,results/logs/cka_strength_sweep/cifar10_drift_all/strength_0p9/seed_21/splits/cifar10_split_seed21_clients5_alpha0p3_ref500.json,0.9,drift,12,conv3,3,0,0.9996941089630127,0.9997498393058777,500
cka_feddst,cifar10,0.9,21,results/logs/cka_strength_sweep/cifar10_drift_all/strength_0p9/seed_21/splits/cifar10_split_seed21_clients5_alpha0p3_ref500.json,0.9,drift,12,conv3,3,1,0.9998361468315125,0.9997498393058777,500
cka_feddst,cifar10,0.9,21,results/logs/cka_strength_sweep/cifar10_drift_all/strength_0p9/seed_21/splits/cifar10_split_seed21_clients5_alpha0p3_ref500.json,0.9,drift,12,conv3,3,2,0.9999597072601318,0.9997498393058777,500
cka_feddst,cifar10,0.9,21,results/logs/cka_strength_sweep/cifar10_drift_all/strength_0p9/seed_21/splits/cifar10_split_seed21_clients5_alpha0p3_ref500.json,0.9,drift,12,conv3,3,3,1.0,0.9997498393058777,500
cka_feddst,cifar10,0.9,21,results/logs/cka_strength_sweep/cifar10_drift_all/strength_0p9/seed_21/splits/cifar10_split_seed21_clients5_alpha0p3_ref500.json,0.9,drift,12,conv3,3,4,0.9998713731765747,0.9997498393058777,500
cka_feddst,cifar10,0.9,21,results/logs/cka_strength_sweep/cifar10_drift_all/strength_0p9/seed_21/splits/cifar10_split_seed21_clients5_alpha0p3_ref500.json,0.9,drift,12,conv3,4,0,0.9993845224380493,0.9997498393058777,500
cka_feddst,cifar10,0.9,21,results/logs/cka_strength_sweep/cifar10_drift_all/strength_0p9/seed_21/splits/cifar10_split_seed21_clients5_alpha0p3_ref500.json,0.9,drift,12,conv3,4,1,0.9999566078186035,0.9997498393058777,500
cka_feddst,cifar10,0.9,21,results/logs/cka_strength_sweep/cifar10_drift_all/strength_0p9/seed_21/splits/cifar10_split_seed21_clients5_alpha0p3_ref500.json,0.9,drift,12,conv3,4,2,0.9999527931213379,0.9997498393058777,500
cka_feddst,cifar10,0.9,21,results/logs/cka_strength_sweep/cifar10_drift_all/strength_0p9/seed_21/splits/cifar10_split_seed21_clients5_alpha0p3_ref500.json,0.9,drift,12,conv3,4,3,0.9998713731765747,0.9997498393058777,500
cka_feddst,cifar10,0.9,21,results/logs/cka_strength_sweep/cifar10_drift_all/strength_0p9/seed_21/splits/cifar10_split_seed21_clients5_alpha0p3_ref500.json,0.9,drift,12,conv3,4,4,1.0,0.9997498393058777,500
cka_feddst,cifar10,0.9,21,results/logs/cka_strength_sweep/cifar10_drift_all/strength_0p9/seed_21/splits/cifar10_split_seed21_clients5_alpha0p3_ref500.json,0.9,drift,12,fc1,0,0,1.0,0.9836567640304565,500
cka_feddst,cifar10,0.9,21,results/logs/cka_strength_sweep/cifar10_drift_all/strength_0p9/seed_21/splits/cifar10_split_seed21_clients5_alpha0p3_ref500.json,0.9,drift,12,fc1,0,1,0.9821794033050537,0.9836567640304565,500
cka_feddst,cifar10,0.9,21,results/logs/cka_strength_sweep/cifar10_drift_all/strength_0p9/seed_21/splits/cifar10_split_seed21_clients5_alpha0p3_ref500.json,0.9,drift,12,fc1,0,2,0.9625347852706909,0.9836567640304565,500
cka_feddst,cifar10,0.9,21,results/logs/cka_strength_sweep/cifar10_drift_all/strength_0p9/seed_21/splits/cifar10_split_seed21_clients5_alpha0p3_ref500.json,0.9,drift,12,fc1,0,3,0.9844562411308289,0.9836567640304565,500
cka_feddst,cifar10,0.9,21,results/logs/cka_strength_sweep/cifar10_drift_all/strength_0p9/seed_21/splits/cifar10_split_seed21_clients5_alpha0p3_ref500.json,0.9,drift,12,fc1,0,4,0.9621005654335022,0.9836567640304565,500
cka_feddst,cifar10,0.9,21,results/logs/cka_strength_sweep/cifar10_drift_all/strength_0p9/seed_21/splits/cifar10_split_seed21_clients5_alpha0p3_ref500.json,0.9,drift,12,fc1,1,0,0.9821794033050537,0.9836567640304565,500
cka_feddst,cifar10,0.9,21,results/logs/cka_strength_sweep/cifar10_drift_all/strength_0p9/seed_21/splits/cifar10_split_seed21_clients5_alpha0p3_ref500.json,0.9,drift,12,fc1,1,1,1.0,0.9836567640304565,500
cka_feddst,cifar10,0.9,21,results/logs/cka_strength_sweep/cifar10_drift_all/strength_0p9/seed_21/splits/cifar10_split_seed21_clients5_alpha0p3_ref500.json,0.9,drift,12,fc1,1,2,0.9837272763252258,0.9836567640304565,500
cka_feddst,cifar10,0.9,21,results/logs/cka_strength_sweep/cifar10_drift_all/strength_0p9/seed_21/splits/cifar10_split_seed21_clients5_alpha0p3_ref500.json,0.9,drift,12,fc1,1,3,0.9920189380645752,0.9836567640304565,500
cka_feddst,cifar10,0.9,21,results/logs/cka_strength_sweep/cifar10_drift_all/strength_0p9/seed_21/splits/cifar10_split_seed21_clients5_alpha0p3_ref500.json,0.9,drift,12,fc1,1,4,0.9851052761077881,0.9836567640304565,500
cka_feddst,cifar10,0.9,21,results/logs/cka_strength_sweep/cifar10_drift_all/strength_0p9/seed_21/splits/cifar10_split_seed21_clients5_alpha0p3_ref500.json,0.9,drift,12,fc1,2,0,0.9625347852706909,0.9836567640304565,500
cka_feddst,cifar10,0.9,21,results/logs/cka_strength_sweep/cifar10_drift_all/strength_0p9/seed_21/splits/cifar10_split_seed21_clients5_alpha0p3_ref500.json,0.9,drift,12,fc1,2,1,0.9837272763252258,0.9836567640304565,500
cka_feddst,cifar10,0.9,21,results/logs/cka_strength_sweep/cifar10_drift_all/strength_0p9/seed_21/splits/cifar10_split_seed21_clients5_alpha0p3_ref500.json,0.9,drift,12,fc1,2,2,1.0,0.9836567640304565,500
cka_feddst,cifar10,0.9,21,results/logs/cka_strength_sweep/cifar10_drift_all/strength_0p9/seed_21/splits/cifar10_split_seed21_clients5_alpha0p3_ref500.json,0.9,drift,12,fc1,2,3,0.9938278794288635,0.9836567640304565,500
cka_feddst,cifar10,0.9,21,results/logs/cka_strength_sweep/cifar10_drift_all/strength_0p9/seed_21/splits/cifar10_split_seed21_clients5_alpha0p3_ref500.json,0.9,drift,12,fc1,2,4,0.9977170825004578,0.9836567640304565,500
cka_feddst,cifar10,0.9,21,results/logs/cka_strength_sweep/cifar10_drift_all/strength_0p9/seed_21/splits/cifar10_split_seed21_clients5_alpha0p3_ref500.json,0.9,drift,12,fc1,3,0,0.9844562411308289,0.9836567640304565,500
cka_feddst,cifar10,0.9,21,results/logs/cka_strength_sweep/cifar10_drift_all/strength_0p9/seed_21/splits/cifar10_split_seed21_clients5_alpha0p3_ref500.json,0.9,drift,12,fc1,3,1,0.9920189380645752,0.9836567640304565,500
cka_feddst,cifar10,0.9,21,results/logs/cka_strength_sweep/cifar10_drift_all/strength_0p9/seed_21/splits/cifar10_split_seed21_clients5_alpha0p3_ref500.json,0.9,drift,12,fc1,3,2,0.9938278794288635,0.9836567640304565,500
cka_feddst,cifar10,0.9,21,results/logs/cka_strength_sweep/cifar10_drift_all/strength_0p9/seed_21/splits/cifar10_split_seed21_clients5_alpha0p3_ref500.json,0.9,drift,12,fc1,3,3,1.0,0.9836567640304565,500
cka_feddst,cifar10,0.9,21,results/logs/cka_strength_sweep/cifar10_drift_all/strength_0p9/seed_21/splits/cifar10_split_seed21_clients5_alpha0p3_ref500.json,0.9,drift,12,fc1,3,4,0.9928999543190002,0.9836567640304565,500
cka_feddst,cifar10,0.9,21,results/logs/cka_strength_sweep/cifar10_drift_all/strength_0p9/seed_21/splits/cifar10_split_seed21_clients5_alpha0p3_ref500.json,0.9,drift,12,fc1,4,0,0.9621005654335022,0.9836567640304565,500
cka_feddst,cifar10,0.9,21,results/logs/cka_strength_sweep/cifar10_drift_all/strength_0p9/seed_21/splits/cifar10_split_seed21_clients5_alpha0p3_ref500.json,0.9,drift,12,fc1,4,1,0.9851052761077881,0.9836567640304565,500
cka_feddst,cifar10,0.9,21,results/logs/cka_strength_sweep/cifar10_drift_all/strength_0p9/seed_21/splits/cifar10_split_seed21_clients5_alpha0p3_ref500.json,0.9,drift,12,fc1,4,2,0.9977170825004578,0.9836567640304565,500
cka_feddst,cifar10,0.9,21,results/logs/cka_strength_sweep/cifar10_drift_all/strength_0p9/seed_21/splits/cifar10_split_seed21_clients5_alpha0p3_ref500.json,0.9,drift,12,fc1,4,3,0.9928999543190002,0.9836567640304565,500
cka_feddst,cifar10,0.9,21,results/logs/cka_strength_sweep/cifar10_drift_all/strength_0p9/seed_21/splits/cifar10_split_seed21_clients5_alpha0p3_ref500.json,0.9,drift,12,fc1,4,4,1.0,0.9836567640304565,500
cka_feddst,cifar10,0.9,21,results/logs/cka_strength_sweep/cifar10_drift_all/strength_0p9/seed_21/splits/cifar10_split_seed21_clients5_alpha0p3_ref500.json,0.9,drift,14,conv1,0,0,1.0,1.0,500
cka_feddst,cifar10,0.9,21,results/logs/cka_strength_sweep/cifar10_drift_all/strength_0p9/seed_21/splits/cifar10_split_seed21_clients5_alpha0p3_ref500.json,0.9,drift,14,conv1,0,1,1.0,1.0,500
cka_feddst,cifar10,0.9,21,results/logs/cka_strength_sweep/cifar10_drift_all/strength_0p9/seed_21/splits/cifar10_split_seed21_clients5_alpha0p3_ref500.json,0.9,drift,14,conv1,0,2,1.0,1.0,500
cka_feddst,cifar10,0.9,21,results/logs/cka_strength_sweep/cifar10_drift_all/strength_0p9/seed_21/splits/cifar10_split_seed21_clients5_alpha0p3_ref500.json,0.9,drift,14,conv1,0,3,1.0,1.0,500
cka_feddst,cifar10,0.9,21,results/logs/cka_strength_sweep/cifar10_drift_all/strength_0p9/seed_21/splits/cifar10_split_seed21_clients5_alpha0p3_ref500.json,0.9,drift,14,conv1,0,4,1.0,1.0,500
cka_feddst,cifar10,0.9,21,results/logs/cka_strength_sweep/cifar10_drift_all/strength_0p9/seed_21/splits/cifar10_split_seed21_clients5_alpha0p3_ref500.json,0.9,drift,14,conv1,1,0,1.0,1.0,500
cka_feddst,cifar10,0.9,21,results/logs/cka_strength_sweep/cifar10_drift_all/strength_0p9/seed_21/splits/cifar10_split_seed21_clients5_alpha0p3_ref500.json,0.9,drift,14,conv1,1,1,1.0,1.0,500
cka_feddst,cifar10,0.9,21,results/logs/cka_strength_sweep/cifar10_drift_all/strength_0p9/seed_21/splits/cifar10_split_seed21_clients5_alpha0p3_ref500.json,0.9,drift,14,conv1,1,2,1.0,1.0,500
cka_feddst,cifar10,0.9,21,results/logs/cka_strength_sweep/cifar10_drift_all/strength_0p9/seed_21/splits/cifar10_split_seed21_clients5_alpha0p3_ref500.json,0.9,drift,14,conv1,1,3,1.0,1.0,500
cka_feddst,cifar10,0.9,21,results/logs/cka_strength_sweep/cifar10_drift_all/strength_0p9/seed_21/splits/cifar10_split_seed21_clients5_alpha0p3_ref500.json,0.9,drift,14,conv1,1,4,1.0,1.0,500
cka_feddst,cifar10,0.9,21,results/logs/cka_strength_sweep/cifar10_drift_all/strength_0p9/seed_21/splits/cifar10_split_seed21_clients5_alpha0p3_ref500.json,0.9,drift,14,conv1,2,0,1.0,1.0,500
cka_feddst,cifar10,0.9,21,results/logs/cka_strength_sweep/cifar10_drift_all/strength_0p9/seed_21/splits/cifar10_split_seed21_clients5_alpha0p3_ref500.json,0.9,drift,14,conv1,2,1,1.0,1.0,500
cka_feddst,cifar10,0.9,21,results/logs/cka_strength_sweep/cifar10_drift_all/strength_0p9/seed_21/splits/cifar10_split_seed21_clients5_alpha0p3_ref500.json,0.9,drift,14,conv1,2,2,1.0,1.0,500
cka_feddst,cifar10,0.9,21,results/logs/cka_strength_sweep/cifar10_drift_all/strength_0p9/seed_21/splits/cifar10_split_seed21_clients5_alpha0p3_ref500.json,0.9,drift,14,conv1,2,3,1.0,1.0,500
cka_feddst,cifar10,0.9,21,results/logs/cka_strength_sweep/cifar10_drift_all/strength_0p9/seed_21/splits/cifar10_split_seed21_clients5_alpha0p3_ref500.json,0.9,drift,14,conv1,2,4,1.0,1.0,500
cka_feddst,cifar10,0.9,21,results/logs/cka_strength_sweep/cifar10_drift_all/strength_0p9/seed_21/splits/cifar10_split_seed21_clients5_alpha0p3_ref500.json,0.9,drift,14,conv1,3,0,1.0,1.0,500
cka_feddst,cifar10,0.9,21,results/logs/cka_strength_sweep/cifar10_drift_all/strength_0p9/seed_21/splits/cifar10_split_seed21_clients5_alpha0p3_ref500.json,0.9,drift,14,conv1,3,1,1.0,1.0,500
cka_feddst,cifar10,0.9,21,results/logs/cka_strength_sweep/cifar10_drift_all/strength_0p9/seed_21/splits/cifar10_split_seed21_clients5_alpha0p3_ref500.json,0.9,drift,14,conv1,3,2,1.0,1.0,500
cka_feddst,cifar10,0.9,21,results/logs/cka_strength_sweep/cifar10_drift_all/strength_0p9/seed_21/splits/cifar10_split_seed21_clients5_alpha0p3_ref500.json,0.9,drift,14,conv1,3,3,1.0,1.0,500
cka_feddst,cifar10,0.9,21,results/logs/cka_strength_sweep/cifar10_drift_all/strength_0p9/seed_21/splits/cifar10_split_seed21_clients5_alpha0p3_ref500.json,0.9,drift,14,conv1,3,4,1.0,1.0,500
cka_feddst,cifar10,0.9,21,results/logs/cka_strength_sweep/cifar10_drift_all/strength_0p9/seed_21/splits/cifar10_split_seed21_clients5_alpha0p3_ref500.json,0.9,drift,14,conv1,4,0,1.0,1.0,500
cka_feddst,cifar10,0.9,21,results/logs/cka_strength_sweep/cifar10_drift_all/strength_0p9/seed_21/splits/cifar10_split_seed21_clients5_alpha0p3_ref500.json,0.9,drift,14,conv1,4,1,1.0,1.0,500
cka_feddst,cifar10,0.9,21,results/logs/cka_strength_sweep/cifar10_drift_all/strength_0p9/seed_21/splits/cifar10_split_seed21_clients5_alpha0p3_ref500.json,0.9,drift,14,conv1,4,2,1.0,1.0,500
cka_feddst,cifar10,0.9,21,results/logs/cka_strength_sweep/cifar10_drift_all/strength_0p9/seed_21/splits/cifar10_split_seed21_clients5_alpha0p3_ref500.json,0.9,drift,14,conv1,4,3,1.0,1.0,500
cka_feddst,cifar10,0.9,21,results/logs/cka_strength_sweep/cifar10_drift_all/strength_0p9/seed_21/splits/cifar10_split_seed21_clients5_alpha0p3_ref500.json,0.9,drift,14,conv1,4,4,1.0,1.0,500
cka_feddst,cifar10,0.9,21,results/logs/cka_strength_sweep/cifar10_drift_all/strength_0p9/seed_21/splits/cifar10_split_seed21_clients5_alpha0p3_ref500.json,0.9,drift,14,conv2,0,0,1.0,0.999986469745636,500
cka_feddst,cifar10,0.9,21,results/logs/cka_strength_sweep/cifar10_drift_all/strength_0p9/seed_21/splits/cifar10_split_seed21_clients5_alpha0p3_ref500.json,0.9,drift,14,conv2,0,1,0.9999710321426392,0.999986469745636,500
cka_feddst,cifar10,0.9,21,results/logs/cka_strength_sweep/cifar10_drift_all/strength_0p9/seed_21/splits/cifar10_split_seed21_clients5_alpha0p3_ref500.json,0.9,drift,14,conv2,0,2,0.9999714493751526,0.999986469745636,500
cka_feddst,cifar10,0.9,21,results/logs/cka_strength_sweep/cifar10_drift_all/strength_0p9/seed_21/splits/cifar10_split_seed21_clients5_alpha0p3_ref500.json,0.9,drift,14,conv2,0,3,0.9999731183052063,0.999986469745636,500
cka_feddst,cifar10,0.9,21,results/logs/cka_strength_sweep/cifar10_drift_all/strength_0p9/seed_21/splits/cifar10_split_seed21_clients5_alpha0p3_ref500.json,0.9,drift,14,conv2,0,4,0.9999532699584961,0.999986469745636,500
cka_feddst,cifar10,0.9,21,results/logs/cka_strength_sweep/cifar10_drift_all/strength_0p9/seed_21/splits/cifar10_split_seed21_clients5_alpha0p3_ref500.json,0.9,drift,14,conv2,1,0,0.9999710321426392,0.999986469745636,500
cka_feddst,cifar10,0.9,21,results/logs/cka_strength_sweep/cifar10_drift_all/strength_0p9/seed_21/splits/cifar10_split_seed21_clients5_alpha0p3_ref500.json,0.9,drift,14,conv2,1,1,1.0,0.999986469745636,500
cka_feddst,cifar10,0.9,21,results/logs/cka_strength_sweep/cifar10_drift_all/strength_0p9/seed_21/splits/cifar10_split_seed21_clients5_alpha0p3_ref500.json,0.9,drift,14,conv2,1,2,1.0,0.999986469745636,500
cka_feddst,cifar10,0.9,21,results/logs/cka_strength_sweep/cifar10_drift_all/strength_0p9/seed_21/splits/cifar10_split_seed21_clients5_alpha0p3_ref500.json,0.9,drift,14,conv2,1,3,1.0,0.999986469745636,500
cka_feddst,cifar10,0.9,21,results/logs/cka_strength_sweep/cifar10_drift_all/strength_0p9/seed_21/splits/cifar10_split_seed21_clients5_alpha0p3_ref500.json,0.9,drift,14,conv2,1,4,1.0,0.999986469745636,500
cka_feddst,cifar10,0.9,21,results/logs/cka_strength_sweep/cifar10_drift_all/strength_0p9/seed_21/splits/cifar10_split_seed21_clients5_alpha0p3_ref500.json,0.9,drift,14,conv2,2,0,0.9999714493751526,0.999986469745636,500
cka_feddst,cifar10,0.9,21,results/logs/cka_strength_sweep/cifar10_drift_all/strength_0p9/seed_21/splits/cifar10_split_seed21_clients5_alpha0p3_ref500.json,0.9,drift,14,conv2,2,1,1.0,0.999986469745636,500
cka_feddst,cifar10,0.9,21,results/logs/cka_strength_sweep/cifar10_drift_all/strength_0p9/seed_21/splits/cifar10_split_seed21_clients5_alpha0p3_ref500.json,0.9,drift,14,conv2,2,2,1.0,0.999986469745636,500
cka_feddst,cifar10,0.9,21,results/logs/cka_strength_sweep/cifar10_drift_all/strength_0p9/seed_21/splits/cifar10_split_seed21_clients5_alpha0p3_ref500.json,0.9,drift,14,conv2,2,3,1.0,0.999986469745636,500
cka_feddst,cifar10,0.9,21,results/logs/cka_strength_sweep/cifar10_drift_all/strength_0p9/seed_21/splits/cifar10_split_seed21_clients5_alpha0p3_ref500.json,0.9,drift,14,conv2,2,4,1.0,0.999986469745636,500
cka_feddst,cifar10,0.9,21,results/logs/cka_strength_sweep/cifar10_drift_all/strength_0p9/seed_21/splits/cifar10_split_seed21_clients5_alpha0p3_ref500.json,0.9,drift,14,conv2,3,0,0.9999731183052063,0.999986469745636,500
cka_feddst,cifar10,0.9,21,results/logs/cka_strength_sweep/cifar10_drift_all/strength_0p9/seed_21/splits/cifar10_split_seed21_clients5_alpha0p3_ref500.json,0.9,drift,14,conv2,3,1,1.0,0.999986469745636,500
cka_feddst,cifar10,0.9,21,results/logs/cka_strength_sweep/cifar10_drift_all/strength_0p9/seed_21/splits/cifar10_split_seed21_clients5_alpha0p3_ref500.json,0.9,drift,14,conv2,3,2,1.0,0.999986469745636,500
cka_feddst,cifar10,0.9,21,results/logs/cka_strength_sweep/cifar10_drift_all/strength_0p9/seed_21/splits/cifar10_split_seed21_clients5_alpha0p3_ref500.json,0.9,drift,14,conv2,3,3,1.0,0.999986469745636,500
cka_feddst,cifar10,0.9,21,results/logs/cka_strength_sweep/cifar10_drift_all/strength_0p9/seed_21/splits/cifar10_split_seed21_clients5_alpha0p3_ref500.json,0.9,drift,14,conv2,3,4,0.9999959468841553,0.999986469745636,500
cka_feddst,cifar10,0.9,21,results/logs/cka_strength_sweep/cifar10_drift_all/strength_0p9/seed_21/splits/cifar10_split_seed21_clients5_alpha0p3_ref500.json,0.9,drift,14,conv2,4,0,0.9999532699584961,0.999986469745636,500
cka_feddst,cifar10,0.9,21,results/logs/cka_strength_sweep/cifar10_drift_all/strength_0p9/seed_21/splits/cifar10_split_seed21_clients5_alpha0p3_ref500.json,0.9,drift,14,conv2,4,1,1.0,0.999986469745636,500
cka_feddst,cifar10,0.9,21,results/logs/cka_strength_sweep/cifar10_drift_all/strength_0p9/seed_21/splits/cifar10_split_seed21_clients5_alpha0p3_ref500.json,0.9,drift,14,conv2,4,2,1.0,0.999986469745636,500
cka_feddst,cifar10,0.9,21,results/logs/cka_strength_sweep/cifar10_drift_all/strength_0p9/seed_21/splits/cifar10_split_seed21_clients5_alpha0p3_ref500.json,0.9,drift,14,conv2,4,3,0.9999959468841553,0.999986469745636,500
cka_feddst,cifar10,0.9,21,results/logs/cka_strength_sweep/cifar10_drift_all/strength_0p9/seed_21/splits/cifar10_split_seed21_clients5_alpha0p3_ref500.json,0.9,drift,14,conv2,4,4,1.0,0.999986469745636,500
cka_feddst,cifar10,0.9,21,results/logs/cka_strength_sweep/cifar10_drift_all/strength_0p9/seed_21/splits/cifar10_split_seed21_clients5_alpha0p3_ref500.json,0.9,drift,14,conv3,0,0,1.0,0.9998797178268433,500
cka_feddst,cifar10,0.9,21,results/logs/cka_strength_sweep/cifar10_drift_all/strength_0p9/seed_21/splits/cifar10_split_seed21_clients5_alpha0p3_ref500.json,0.9,drift,14,conv3,0,1,0.9997158646583557,0.9998797178268433,500
cka_feddst,cifar10,0.9,21,results/logs/cka_strength_sweep/cifar10_drift_all/strength_0p9/seed_21/splits/cifar10_split_seed21_clients5_alpha0p3_ref500.json,0.9,drift,14,conv3,0,2,0.999817967414856,0.9998797178268433,500
cka_feddst,cifar10,0.9,21,results/logs/cka_strength_sweep/cifar10_drift_all/strength_0p9/seed_21/splits/cifar10_split_seed21_clients5_alpha0p3_ref500.json,0.9,drift,14,conv3,0,3,0.9998399019241333,0.9998797178268433,500
cka_feddst,cifar10,0.9,21,results/logs/cka_strength_sweep/cifar10_drift_all/strength_0p9/seed_21/splits/cifar10_split_seed21_clients5_alpha0p3_ref500.json,0.9,drift,14,conv3,0,4,0.999655544757843,0.9998797178268433,500
cka_feddst,cifar10,0.9,21,results/logs/cka_strength_sweep/cifar10_drift_all/strength_0p9/seed_21/splits/cifar10_split_seed21_clients5_alpha0p3_ref500.json,0.9,drift,14,conv3,1,0,0.9997158646583557,0.9998797178268433,500
cka_feddst,cifar10,0.9,21,results/logs/cka_strength_sweep/cifar10_drift_all/strength_0p9/seed_21/splits/cifar10_split_seed21_clients5_alpha0p3_ref500.json,0.9,drift,14,conv3,1,1,1.0,0.9998797178268433,500
cka_feddst,cifar10,0.9,21,results/logs/cka_strength_sweep/cifar10_drift_all/strength_0p9/seed_21/splits/cifar10_split_seed21_clients5_alpha0p3_ref500.json,0.9,drift,14,conv3,1,2,0.9999549388885498,0.9998797178268433,500
cka_feddst,cifar10,0.9,21,results/logs/cka_strength_sweep/cifar10_drift_all/strength_0p9/seed_21/splits/cifar10_split_seed21_clients5_alpha0p3_ref500.json,0.9,drift,14,conv3,1,3,0.9999481439590454,0.9998797178268433,500
cka_feddst,cifar10,0.9,21,results/logs/cka_strength_sweep/cifar10_drift_all/strength_0p9/seed_21/splits/cifar10_split_seed21_clients5_alpha0p3_ref500.json,0.9,drift,14,conv3,1,4,0.9999681711196899,0.9998797178268433,500
cka_feddst,cifar10,0.9,21,results/logs/cka_strength_sweep/cifar10_drift_all/strength_0p9/seed_21/splits/cifar10_split_seed21_clients5_alpha0p3_ref500.json,0.9,drift,14,conv3,2,0,0.999817967414856,0.9998797178268433,500
cka_feddst,cifar10,0.9,21,results/logs/cka_strength_sweep/cifar10_drift_all/strength_0p9/seed_21/splits/cifar10_split_seed21_clients5_alpha0p3_ref500.json,0.9,drift,14,conv3,2,1,0.9999549388885498,0.9998797178268433,500
cka_feddst,cifar10,0.9,21,results/logs/cka_strength_sweep/cifar10_drift_all/strength_0p9/seed_21/splits/cifar10_split_seed21_clients5_alpha0p3_ref500.json,0.9,drift,14,conv3,2,2,1.0,0.9998797178268433,500
cka_feddst,cifar10,0.9,21,results/logs/cka_strength_sweep/cifar10_drift_all/strength_0p9/seed_21/splits/cifar10_split_seed21_clients5_alpha0p3_ref500.json,0.9,drift,14,conv3,2,3,0.9999855160713196,0.9998797178268433,500
cka_feddst,cifar10,0.9,21,results/logs/cka_strength_sweep/cifar10_drift_all/strength_0p9/seed_21/splits/cifar10_split_seed21_clients5_alpha0p3_ref500.json,0.9,drift,14,conv3,2,4,0.9999663829803467,0.9998797178268433,500
cka_feddst,cifar10,0.9,21,results/logs/cka_strength_sweep/cifar10_drift_all/strength_0p9/seed_21/splits/cifar10_split_seed21_clients5_alpha0p3_ref500.json,0.9,drift,14,conv3,3,0,0.9998399019241333,0.9998797178268433,500
cka_feddst,cifar10,0.9,21,results/logs/cka_strength_sweep/cifar10_drift_all/strength_0p9/seed_21/splits/cifar10_split_seed21_clients5_alpha0p3_ref500.json,0.9,drift,14,conv3,3,1,0.9999481439590454,0.9998797178268433,500
cka_feddst,cifar10,0.9,21,results/logs/cka_strength_sweep/cifar10_drift_all/strength_0p9/seed_21/splits/cifar10_split_seed21_clients5_alpha0p3_ref500.json,0.9,drift,14,conv3,3,2,0.9999855160713196,0.9998797178268433,500
cka_feddst,cifar10,0.9,21,results/logs/cka_strength_sweep/cifar10_drift_all/strength_0p9/seed_21/splits/cifar10_split_seed21_clients5_alpha0p3_ref500.json,0.9,drift,14,conv3,3,3,1.0,0.9998797178268433,500
cka_feddst,cifar10,0.9,21,results/logs/cka_strength_sweep/cifar10_drift_all/strength_0p9/seed_21/splits/cifar10_split_seed21_clients5_alpha0p3_ref500.json,0.9,drift,14,conv3,3,4,0.999944806098938,0.9998797178268433,500
cka_feddst,cifar10,0.9,21,results/logs/cka_strength_sweep/cifar10_drift_all/strength_0p9/seed_21/splits/cifar10_split_seed21_clients5_alpha0p3_ref500.json,0.9,drift,14,conv3,4,0,0.999655544757843,0.9998797178268433,500
cka_feddst,cifar10,0.9,21,results/logs/cka_strength_sweep/cifar10_drift_all/strength_0p9/seed_21/splits/cifar10_split_seed21_clients5_alpha0p3_ref500.json,0.9,drift,14,conv3,4,1,0.9999681711196899,0.9998797178268433,500
cka_feddst,cifar10,0.9,21,results/logs/cka_strength_sweep/cifar10_drift_all/strength_0p9/seed_21/splits/cifar10_split_seed21_clients5_alpha0p3_ref500.json,0.9,drift,14,conv3,4,2,0.9999663829803467,0.9998797178268433,500
cka_feddst,cifar10,0.9,21,results/logs/cka_strength_sweep/cifar10_drift_all/strength_0p9/seed_21/splits/cifar10_split_seed21_clients5_alpha0p3_ref500.json,0.9,drift,14,conv3,4,3,0.999944806098938,0.9998797178268433,500
cka_feddst,cifar10,0.9,21,results/logs/cka_strength_sweep/cifar10_drift_all/strength_0p9/seed_21/splits/cifar10_split_seed21_clients5_alpha0p3_ref500.json,0.9,drift,14,conv3,4,4,1.0,0.9998797178268433,500
cka_feddst,cifar10,0.9,21,results/logs/cka_strength_sweep/cifar10_drift_all/strength_0p9/seed_21/splits/cifar10_split_seed21_clients5_alpha0p3_ref500.json,0.9,drift,14,fc1,0,0,1.0,0.994898796081543,500
cka_feddst,cifar10,0.9,21,results/logs/cka_strength_sweep/cifar10_drift_all/strength_0p9/seed_21/splits/cifar10_split_seed21_clients5_alpha0p3_ref500.json,0.9,drift,14,fc1,0,1,0.986641526222229,0.994898796081543,500
cka_feddst,cifar10,0.9,21,results/logs/cka_strength_sweep/cifar10_drift_all/strength_0p9/seed_21/splits/cifar10_split_seed21_clients5_alpha0p3_ref500.json,0.9,drift,14,fc1,0,2,0.9958224892616272,0.994898796081543,500
cka_feddst,cifar10,0.9,21,results/logs/cka_strength_sweep/cifar10_drift_all/strength_0p9/seed_21/splits/cifar10_split_seed21_clients5_alpha0p3_ref500.json,0.9,drift,14,fc1,0,3,0.9959520697593689,0.994898796081543,500
cka_feddst,cifar10,0.9,21,results/logs/cka_strength_sweep/cifar10_drift_all/strength_0p9/seed_21/splits/cifar10_split_seed21_clients5_alpha0p3_ref500.json,0.9,drift,14,fc1,0,4,0.9932956099510193,0.994898796081543,500
cka_feddst,cifar10,0.9,21,results/logs/cka_strength_sweep/cifar10_drift_all/strength_0p9/seed_21/splits/cifar10_split_seed21_clients5_alpha0p3_ref500.json,0.9,drift,14,fc1,1,0,0.986641526222229,0.994898796081543,500
cka_feddst,cifar10,0.9,21,results/logs/cka_strength_sweep/cifar10_drift_all/strength_0p9/seed_21/splits/cifar10_split_seed21_clients5_alpha0p3_ref500.json,0.9,drift,14,fc1,1,1,1.0,0.994898796081543,500
cka_feddst,cifar10,0.9,21,results/logs/cka_strength_sweep/cifar10_drift_all/strength_0p9/seed_21/splits/cifar10_split_seed21_clients5_alpha0p3_ref500.json,0.9,drift,14,fc1,1,2,0.9953239560127258,0.994898796081543,500
cka_feddst,cifar10,0.9,21,results/logs/cka_strength_sweep/cifar10_drift_all/strength_0p9/seed_21/splits/cifar10_split_seed21_clients5_alpha0p3_ref500.json,0.9,drift,14,fc1,1,3,0.9931499361991882,0.994898796081543,500
cka_feddst,cifar10,0.9,21,results/logs/cka_strength_sweep/cifar10_drift_all/strength_0p9/seed_21/splits/cifar10_split_seed21_clients5_alpha0p3_ref500.json,0.9,drift,14,fc1,1,4,0.9958818554878235,0.994898796081543,500
cka_feddst,cifar10,0.9,21,results/logs/cka_strength_sweep/cifar10_drift_all/strength_0p9/seed_21/splits/cifar10_split_seed21_clients5_alpha0p3_ref500.json,0.9,drift,14,fc1,2,0,0.9958224892616272,0.994898796081543,500
cka_feddst,cifar10,0.9,21,results/logs/cka_strength_sweep/cifar10_drift_all/strength_0p9/seed_21/splits/cifar10_split_seed21_clients5_alpha0p3_ref500.json,0.9,drift,14,fc1,2,1,0.9953239560127258,0.994898796081543,500
cka_feddst,cifar10,0.9,21,results/logs/cka_strength_sweep/cifar10_drift_all/strength_0p9/seed_21/splits/cifar10_split_seed21_clients5_alpha0p3_ref500.json,0.9,drift,14,fc1,2,2,1.0,0.994898796081543,500
cka_feddst,cifar10,0.9,21,results/logs/cka_strength_sweep/cifar10_drift_all/strength_0p9/seed_21/splits/cifar10_split_seed21_clients5_alpha0p3_ref500.json,0.9,drift,14,fc1,2,3,0.9984956979751587,0.994898796081543,500
cka_feddst,cifar10,0.9,21,results/logs/cka_strength_sweep/cifar10_drift_all/strength_0p9/seed_21/splits/cifar10_split_seed21_clients5_alpha0p3_ref500.json,0.9,drift,14,fc1,2,4,0.9981521964073181,0.994898796081543,500
cka_feddst,cifar10,0.9,21,results/logs/cka_strength_sweep/cifar10_drift_all/strength_0p9/seed_21/splits/cifar10_split_seed21_clients5_alpha0p3_ref500.json,0.9,drift,14,fc1,3,0,0.9959520697593689,0.994898796081543,500
cka_feddst,cifar10,0.9,21,results/logs/cka_strength_sweep/cifar10_drift_all/strength_0p9/seed_21/splits/cifar10_split_seed21_clients5_alpha0p3_ref500.json,0.9,drift,14,fc1,3,1,0.9931499361991882,0.994898796081543,500
cka_feddst,cifar10,0.9,21,results/logs/cka_strength_sweep/cifar10_drift_all/strength_0p9/seed_21/splits/cifar10_split_seed21_clients5_alpha0p3_ref500.json,0.9,drift,14,fc1,3,2,0.9984956979751587,0.994898796081543,500
cka_feddst,cifar10,0.9,21,results/logs/cka_strength_sweep/cifar10_drift_all/strength_0p9/seed_21/splits/cifar10_split_seed21_clients5_alpha0p3_ref500.json,0.9,drift,14,fc1,3,3,1.0,0.994898796081543,500
cka_feddst,cifar10,0.9,21,results/logs/cka_strength_sweep/cifar10_drift_all/strength_0p9/seed_21/splits/cifar10_split_seed21_clients5_alpha0p3_ref500.json,0.9,drift,14,fc1,3,4,0.9962719082832336,0.994898796081543,500
cka_feddst,cifar10,0.9,21,results/logs/cka_strength_sweep/cifar10_drift_all/strength_0p9/seed_21/splits/cifar10_split_seed21_clients5_alpha0p3_ref500.json,0.9,drift,14,fc1,4,0,0.9932956099510193,0.994898796081543,500
cka_feddst,cifar10,0.9,21,results/logs/cka_strength_sweep/cifar10_drift_all/strength_0p9/seed_21/splits/cifar10_split_seed21_clients5_alpha0p3_ref500.json,0.9,drift,14,fc1,4,1,0.9958818554878235,0.994898796081543,500
cka_feddst,cifar10,0.9,21,results/logs/cka_strength_sweep/cifar10_drift_all/strength_0p9/seed_21/splits/cifar10_split_seed21_clients5_alpha0p3_ref500.json,0.9,drift,14,fc1,4,2,0.9981521964073181,0.994898796081543,500
cka_feddst,cifar10,0.9,21,results/logs/cka_strength_sweep/cifar10_drift_all/strength_0p9/seed_21/splits/cifar10_split_seed21_clients5_alpha0p3_ref500.json,0.9,drift,14,fc1,4,3,0.9962719082832336,0.994898796081543,500
cka_feddst,cifar10,0.9,21,results/logs/cka_strength_sweep/cifar10_drift_all/strength_0p9/seed_21/splits/cifar10_split_seed21_clients5_alpha0p3_ref500.json,0.9,drift,14,fc1,4,4,1.0,0.994898796081543,500
cka_feddst,cifar10,0.9,21,results/logs/cka_strength_sweep/cifar10_drift_all/strength_0p9/seed_21/splits/cifar10_split_seed21_clients5_alpha0p3_ref500.json,0.9,drift,16,conv1,0,0,1.0,1.0,500
cka_feddst,cifar10,0.9,21,results/logs/cka_strength_sweep/cifar10_drift_all/strength_0p9/seed_21/splits/cifar10_split_seed21_clients5_alpha0p3_ref500.json,0.9,drift,16,conv1,0,1,1.0,1.0,500
cka_feddst,cifar10,0.9,21,results/logs/cka_strength_sweep/cifar10_drift_all/strength_0p9/seed_21/splits/cifar10_split_seed21_clients5_alpha0p3_ref500.json,0.9,drift,16,conv1,0,2,1.0,1.0,500
cka_feddst,cifar10,0.9,21,results/logs/cka_strength_sweep/cifar10_drift_all/strength_0p9/seed_21/splits/cifar10_split_seed21_clients5_alpha0p3_ref500.json,0.9,drift,16,conv1,0,3,1.0,1.0,500
cka_feddst,cifar10,0.9,21,results/logs/cka_strength_sweep/cifar10_drift_all/strength_0p9/seed_21/splits/cifar10_split_seed21_clients5_alpha0p3_ref500.json,0.9,drift,16,conv1,0,4,1.0,1.0,500
cka_feddst,cifar10,0.9,21,results/logs/cka_strength_sweep/cifar10_drift_all/strength_0p9/seed_21/splits/cifar10_split_seed21_clients5_alpha0p3_ref500.json,0.9,drift,16,conv1,1,0,1.0,1.0,500
cka_feddst,cifar10,0.9,21,results/logs/cka_strength_sweep/cifar10_drift_all/strength_0p9/seed_21/splits/cifar10_split_seed21_clients5_alpha0p3_ref500.json,0.9,drift,16,conv1,1,1,1.0,1.0,500
cka_feddst,cifar10,0.9,21,results/logs/cka_strength_sweep/cifar10_drift_all/strength_0p9/seed_21/splits/cifar10_split_seed21_clients5_alpha0p3_ref500.json,0.9,drift,16,conv1,1,2,1.0,1.0,500
cka_feddst,cifar10,0.9,21,results/logs/cka_strength_sweep/cifar10_drift_all/strength_0p9/seed_21/splits/cifar10_split_seed21_clients5_alpha0p3_ref500.json,0.9,drift,16,conv1,1,3,1.0,1.0,500
cka_feddst,cifar10,0.9,21,results/logs/cka_strength_sweep/cifar10_drift_all/strength_0p9/seed_21/splits/cifar10_split_seed21_clients5_alpha0p3_ref500.json,0.9,drift,16,conv1,1,4,1.0,1.0,500
cka_feddst,cifar10,0.9,21,results/logs/cka_strength_sweep/cifar10_drift_all/strength_0p9/seed_21/splits/cifar10_split_seed21_clients5_alpha0p3_ref500.json,0.9,drift,16,conv1,2,0,1.0,1.0,500
cka_feddst,cifar10,0.9,21,results/logs/cka_strength_sweep/cifar10_drift_all/strength_0p9/seed_21/splits/cifar10_split_seed21_clients5_alpha0p3_ref500.json,0.9,drift,16,conv1,2,1,1.0,1.0,500
cka_feddst,cifar10,0.9,21,results/logs/cka_strength_sweep/cifar10_drift_all/strength_0p9/seed_21/splits/cifar10_split_seed21_clients5_alpha0p3_ref500.json,0.9,drift,16,conv1,2,2,1.0,1.0,500
cka_feddst,cifar10,0.9,21,results/logs/cka_strength_sweep/cifar10_drift_all/strength_0p9/seed_21/splits/cifar10_split_seed21_clients5_alpha0p3_ref500.json,0.9,drift,16,conv1,2,3,1.0,1.0,500
cka_feddst,cifar10,0.9,21,results/logs/cka_strength_sweep/cifar10_drift_all/strength_0p9/seed_21/splits/cifar10_split_seed21_clients5_alpha0p3_ref500.json,0.9,drift,16,conv1,2,4,1.0,1.0,500
cka_feddst,cifar10,0.9,21,results/logs/cka_strength_sweep/cifar10_drift_all/strength_0p9/seed_21/splits/cifar10_split_seed21_clients5_alpha0p3_ref500.json,0.9,drift,16,conv1,3,0,1.0,1.0,500
cka_feddst,cifar10,0.9,21,results/logs/cka_strength_sweep/cifar10_drift_all/strength_0p9/seed_21/splits/cifar10_split_seed21_clients5_alpha0p3_ref500.json,0.9,drift,16,conv1,3,1,1.0,1.0,500
cka_feddst,cifar10,0.9,21,results/logs/cka_strength_sweep/cifar10_drift_all/strength_0p9/seed_21/splits/cifar10_split_seed21_clients5_alpha0p3_ref500.json,0.9,drift,16,conv1,3,2,1.0,1.0,500
cka_feddst,cifar10,0.9,21,results/logs/cka_strength_sweep/cifar10_drift_all/strength_0p9/seed_21/splits/cifar10_split_seed21_clients5_alpha0p3_ref500.json,0.9,drift,16,conv1,3,3,1.0,1.0,500
cka_feddst,cifar10,0.9,21,results/logs/cka_strength_sweep/cifar10_drift_all/strength_0p9/seed_21/splits/cifar10_split_seed21_clients5_alpha0p3_ref500.json,0.9,drift,16,conv1,3,4,1.0,1.0,500
cka_feddst,cifar10,0.9,21,results/logs/cka_strength_sweep/cifar10_drift_all/strength_0p9/seed_21/splits/cifar10_split_seed21_clients5_alpha0p3_ref500.json,0.9,drift,16,conv1,4,0,1.0,1.0,500
cka_feddst,cifar10,0.9,21,results/logs/cka_strength_sweep/cifar10_drift_all/strength_0p9/seed_21/splits/cifar10_split_seed21_clients5_alpha0p3_ref500.json,0.9,drift,16,conv1,4,1,1.0,1.0,500
cka_feddst,cifar10,0.9,21,results/logs/cka_strength_sweep/cifar10_drift_all/strength_0p9/seed_21/splits/cifar10_split_seed21_clients5_alpha0p3_ref500.json,0.9,drift,16,conv1,4,2,1.0,1.0,500
cka_feddst,cifar10,0.9,21,results/logs/cka_strength_sweep/cifar10_drift_all/strength_0p9/seed_21/splits/cifar10_split_seed21_clients5_alpha0p3_ref500.json,0.9,drift,16,conv1,4,3,1.0,1.0,500
cka_feddst,cifar10,0.9,21,results/logs/cka_strength_sweep/cifar10_drift_all/strength_0p9/seed_21/splits/cifar10_split_seed21_clients5_alpha0p3_ref500.json,0.9,drift,16,conv1,4,4,1.0,1.0,500
cka_feddst,cifar10,0.9,21,results/logs/cka_strength_sweep/cifar10_drift_all/strength_0p9/seed_21/splits/cifar10_split_seed21_clients5_alpha0p3_ref500.json,0.9,drift,16,conv2,0,0,1.0,0.9998682737350464,500
cka_feddst,cifar10,0.9,21,results/logs/cka_strength_sweep/cifar10_drift_all/strength_0p9/seed_21/splits/cifar10_split_seed21_clients5_alpha0p3_ref500.json,0.9,drift,16,conv2,0,1,0.9997284412384033,0.9998682737350464,500
cka_feddst,cifar10,0.9,21,results/logs/cka_strength_sweep/cifar10_drift_all/strength_0p9/seed_21/splits/cifar10_split_seed21_clients5_alpha0p3_ref500.json,0.9,drift,16,conv2,0,2,0.9996454119682312,0.9998682737350464,500
cka_feddst,cifar10,0.9,21,results/logs/cka_strength_sweep/cifar10_drift_all/strength_0p9/seed_21/splits/cifar10_split_seed21_clients5_alpha0p3_ref500.json,0.9,drift,16,conv2,0,3,0.9997647404670715,0.9998682737350464,500
cka_feddst,cifar10,0.9,21,results/logs/cka_strength_sweep/cifar10_drift_all/strength_0p9/seed_21/splits/cifar10_split_seed21_clients5_alpha0p3_ref500.json,0.9,drift,16,conv2,0,4,0.9996390342712402,0.9998682737350464,500
cka_feddst,cifar10,0.9,21,results/logs/cka_strength_sweep/cifar10_drift_all/strength_0p9/seed_21/splits/cifar10_split_seed21_clients5_alpha0p3_ref500.json,0.9,drift,16,conv2,1,0,0.9997284412384033,0.9998682737350464,500
cka_feddst,cifar10,0.9,21,results/logs/cka_strength_sweep/cifar10_drift_all/strength_0p9/seed_21/splits/cifar10_split_seed21_clients5_alpha0p3_ref500.json,0.9,drift,16,conv2,1,1,1.0,0.9998682737350464,500
cka_feddst,cifar10,0.9,21,results/logs/cka_strength_sweep/cifar10_drift_all/strength_0p9/seed_21/splits/cifar10_split_seed21_clients5_alpha0p3_ref500.json,0.9,drift,16,conv2,1,2,0.9999799728393555,0.9998682737350464,500
cka_feddst,cifar10,0.9,21,results/logs/cka_strength_sweep/cifar10_drift_all/strength_0p9/seed_21/splits/cifar10_split_seed21_clients5_alpha0p3_ref500.json,0.9,drift,16,conv2,1,3,0.9999774694442749,0.9998682737350464,500
cka_feddst,cifar10,0.9,21,results/logs/cka_strength_sweep/cifar10_drift_all/strength_0p9/seed_21/splits/cifar10_split_seed21_clients5_alpha0p3_ref500.json,0.9,drift,16,conv2,1,4,0.9999939203262329,0.9998682737350464,500
cka_feddst,cifar10,0.9,21,results/logs/cka_strength_sweep/cifar10_drift_all/strength_0p9/seed_21/splits/cifar10_split_seed21_clients5_alpha0p3_ref500.json,0.9,drift,16,conv2,2,0,0.9996454119682312,0.9998682737350464,500
cka_feddst,cifar10,0.9,21,results/logs/cka_strength_sweep/cifar10_drift_all/strength_0p9/seed_21/splits/cifar10_split_seed21_clients5_alpha0p3_ref500.json,0.9,drift,16,conv2,2,1,0.9999799728393555,0.9998682737350464,500
cka_feddst,cifar10,0.9,21,results/logs/cka_strength_sweep/cifar10_drift_all/strength_0p9/seed_21/splits/cifar10_split_seed21_clients5_alpha0p3_ref500.json,0.9,drift,16,conv2,2,2,1.0,0.9998682737350464,500
cka_feddst,cifar10,0.9,21,results/logs/cka_strength_sweep/cifar10_drift_all/strength_0p9/seed_21/splits/cifar10_split_seed21_clients5_alpha0p3_ref500.json,0.9,drift,16,conv2,2,3,0.9999892711639404,0.9998682737350464,500
cka_feddst,cifar10,0.9,21,results/logs/cka_strength_sweep/cifar10_drift_all/strength_0p9/seed_21/splits/cifar10_split_seed21_clients5_alpha0p3_ref500.json,0.9,drift,16,conv2,2,4,0.9999920129776001,0.9998682737350464,500
cka_feddst,cifar10,0.9,21,results/logs/cka_strength_sweep/cifar10_drift_all/strength_0p9/seed_21/splits/cifar10_split_seed21_clients5_alpha0p3_ref500.json,0.9,drift,16,conv2,3,0,0.9997647404670715,0.9998682737350464,500
cka_feddst,cifar10,0.9,21,results/logs/cka_strength_sweep/cifar10_drift_all/strength_0p9/seed_21/splits/cifar10_split_seed21_clients5_alpha0p3_ref500.json,0.9,drift,16,conv2,3,1,0.9999774694442749,0.9998682737350464,500
cka_feddst,cifar10,0.9,21,results/logs/cka_strength_sweep/cifar10_drift_all/strength_0p9/seed_21/splits/cifar10_split_seed21_clients5_alpha0p3_ref500.json,0.9,drift,16,conv2,3,2,0.9999892711639404,0.9998682737350464,500
cka_feddst,cifar10,0.9,21,results/logs/cka_strength_sweep/cifar10_drift_all/strength_0p9/seed_21/splits/cifar10_split_seed21_clients5_alpha0p3_ref500.json,0.9,drift,16,conv2,3,3,1.0,0.9998682737350464,500
cka_feddst,cifar10,0.9,21,results/logs/cka_strength_sweep/cifar10_drift_all/strength_0p9/seed_21/splits/cifar10_split_seed21_clients5_alpha0p3_ref500.json,0.9,drift,16,conv2,3,4,0.9999723434448242,0.9998682737350464,500
cka_feddst,cifar10,0.9,21,results/logs/cka_strength_sweep/cifar10_drift_all/strength_0p9/seed_21/splits/cifar10_split_seed21_clients5_alpha0p3_ref500.json,0.9,drift,16,conv2,4,0,0.9996390342712402,0.9998682737350464,500
cka_feddst,cifar10,0.9,21,results/logs/cka_strength_sweep/cifar10_drift_all/strength_0p9/seed_21/splits/cifar10_split_seed21_clients5_alpha0p3_ref500.json,0.9,drift,16,conv2,4,1,0.9999939203262329,0.9998682737350464,500
cka_feddst,cifar10,0.9,21,results/logs/cka_strength_sweep/cifar10_drift_all/strength_0p9/seed_21/splits/cifar10_split_seed21_clients5_alpha0p3_ref500.json,0.9,drift,16,conv2,4,2,0.9999920129776001,0.9998682737350464,500
cka_feddst,cifar10,0.9,21,results/logs/cka_strength_sweep/cifar10_drift_all/strength_0p9/seed_21/splits/cifar10_split_seed21_clients5_alpha0p3_ref500.json,0.9,drift,16,conv2,4,3,0.9999723434448242,0.9998682737350464,500
cka_feddst,cifar10,0.9,21,results/logs/cka_strength_sweep/cifar10_drift_all/strength_0p9/seed_21/splits/cifar10_split_seed21_clients5_alpha0p3_ref500.json,0.9,drift,16,conv2,4,4,1.0,0.9998682737350464,500
cka_feddst,cifar10,0.9,21,results/logs/cka_strength_sweep/cifar10_drift_all/strength_0p9/seed_21/splits/cifar10_split_seed21_clients5_alpha0p3_ref500.json,0.9,drift,16,conv3,0,0,1.0,0.9994484186172485,500
cka_feddst,cifar10,0.9,21,results/logs/cka_strength_sweep/cifar10_drift_all/strength_0p9/seed_21/splits/cifar10_split_seed21_clients5_alpha0p3_ref500.json,0.9,drift,16,conv3,0,1,0.9986589550971985,0.9994484186172485,500
cka_feddst,cifar10,0.9,21,results/logs/cka_strength_sweep/cifar10_drift_all/strength_0p9/seed_21/splits/cifar10_split_seed21_clients5_alpha0p3_ref500.json,0.9,drift,16,conv3,0,2,0.9987596869468689,0.9994484186172485,500
cka_feddst,cifar10,0.9,21,results/logs/cka_strength_sweep/cifar10_drift_all/strength_0p9/seed_21/splits/cifar10_split_seed21_clients5_alpha0p3_ref500.json,0.9,drift,16,conv3,0,3,0.9992351531982422,0.9994484186172485,500
cka_feddst,cifar10,0.9,21,results/logs/cka_strength_sweep/cifar10_drift_all/strength_0p9/seed_21/splits/cifar10_split_seed21_clients5_alpha0p3_ref500.json,0.9,drift,16,conv3,0,4,0.9985615611076355,0.9994484186172485,500
cka_feddst,cifar10,0.9,21,results/logs/cka_strength_sweep/cifar10_drift_all/strength_0p9/seed_21/splits/cifar10_split_seed21_clients5_alpha0p3_ref500.json,0.9,drift,16,conv3,1,0,0.9986589550971985,0.9994484186172485,500
cka_feddst,cifar10,0.9,21,results/logs/cka_strength_sweep/cifar10_drift_all/strength_0p9/seed_21/splits/cifar10_split_seed21_clients5_alpha0p3_ref500.json,0.9,drift,16,conv3,1,1,1.0,0.9994484186172485,500
cka_feddst,cifar10,0.9,21,results/logs/cka_strength_sweep/cifar10_drift_all/strength_0p9/seed_21/splits/cifar10_split_seed21_clients5_alpha0p3_ref500.json,0.9,drift,16,conv3,1,2,0.9998679757118225,0.9994484186172485,500
cka_feddst,cifar10,0.9,21,results/logs/cka_strength_sweep/cifar10_drift_all/strength_0p9/seed_21/splits/cifar10_split_seed21_clients5_alpha0p3_ref500.json,0.9,drift,16,conv3,1,3,0.9997604489326477,0.9994484186172485,500
cka_feddst,cifar10,0.9,21,results/logs/cka_strength_sweep/cifar10_drift_all/strength_0p9/seed_21/splits/cifar10_split_seed21_clients5_alpha0p3_ref500.json,0.9,drift,16,conv3,1,4,0.9999426007270813,0.9994484186172485,500
cka_feddst,cifar10,0.9,21,results/logs/cka_strength_sweep/cifar10_drift_all/strength_0p9/seed_21/splits/cifar10_split_seed21_clients5_alpha0p3_ref500.json,0.9,drift,16,conv3,2,0,0.9987596869468689,0.9994484186172485,500
cka_feddst,cifar10,0.9,21,results/logs/cka_strength_sweep/cifar10_drift_all/strength_0p9/seed_21/splits/cifar10_split_seed21_clients5_alpha0p3_ref500.json,0.9,drift,16,conv3,2,1,0.9998679757118225,0.9994484186172485,500
cka_feddst,cifar10,0.9,21,results/logs/cka_strength_sweep/cifar10_drift_all/strength_0p9/seed_21/splits/cifar10_split_seed21_clients5_alpha0p3_ref500.json,0.9,drift,16,conv3,2,2,1.0,0.9994484186172485,500
cka_feddst,cifar10,0.9,21,results/logs/cka_strength_sweep/cifar10_drift_all/strength_0p9/seed_21/splits/cifar10_split_seed21_clients5_alpha0p3_ref500.json,0.9,drift,16,conv3,2,3,0.999923586845398,0.9994484186172485,500
cka_feddst,cifar10,0.9,21,results/logs/cka_strength_sweep/cifar10_drift_all/strength_0p9/seed_21/splits/cifar10_split_seed21_clients5_alpha0p3_ref500.json,0.9,drift,16,conv3,2,4,0.9999503493309021,0.9994484186172485,500
cka_feddst,cifar10,0.9,21,results/logs/cka_strength_sweep/cifar10_drift_all/strength_0p9/seed_21/splits/cifar10_split_seed21_clients5_alpha0p3_ref500.json,0.9,drift,16,conv3,3,0,0.9992351531982422,0.9994484186172485,500
cka_feddst,cifar10,0.9,21,results/logs/cka_strength_sweep/cifar10_drift_all/strength_0p9/seed_21/splits/cifar10_split_seed21_clients5_alpha0p3_ref500.json,0.9,drift,16,conv3,3,1,0.9997604489326477,0.9994484186172485,500
cka_feddst,cifar10,0.9,21,results/logs/cka_strength_sweep/cifar10_drift_all/strength_0p9/seed_21/splits/cifar10_split_seed21_clients5_alpha0p3_ref500.json,0.9,drift,16,conv3,3,2,0.999923586845398,0.9994484186172485,500
cka_feddst,cifar10,0.9,21,results/logs/cka_strength_sweep/cifar10_drift_all/strength_0p9/seed_21/splits/cifar10_split_seed21_clients5_alpha0p3_ref500.json,0.9,drift,16,conv3,3,3,1.0,0.9994484186172485,500
cka_feddst,cifar10,0.9,21,results/logs/cka_strength_sweep/cifar10_drift_all/strength_0p9/seed_21/splits/cifar10_split_seed21_clients5_alpha0p3_ref500.json,0.9,drift,16,conv3,3,4,0.9998238682746887,0.9994484186172485,500
cka_feddst,cifar10,0.9,21,results/logs/cka_strength_sweep/cifar10_drift_all/strength_0p9/seed_21/splits/cifar10_split_seed21_clients5_alpha0p3_ref500.json,0.9,drift,16,conv3,4,0,0.9985615611076355,0.9994484186172485,500
cka_feddst,cifar10,0.9,21,results/logs/cka_strength_sweep/cifar10_drift_all/strength_0p9/seed_21/splits/cifar10_split_seed21_clients5_alpha0p3_ref500.json,0.9,drift,16,conv3,4,1,0.9999426007270813,0.9994484186172485,500
cka_feddst,cifar10,0.9,21,results/logs/cka_strength_sweep/cifar10_drift_all/strength_0p9/seed_21/splits/cifar10_split_seed21_clients5_alpha0p3_ref500.json,0.9,drift,16,conv3,4,2,0.9999503493309021,0.9994484186172485,500
cka_feddst,cifar10,0.9,21,results/logs/cka_strength_sweep/cifar10_drift_all/strength_0p9/seed_21/splits/cifar10_split_seed21_clients5_alpha0p3_ref500.json,0.9,drift,16,conv3,4,3,0.9998238682746887,0.9994484186172485,500
cka_feddst,cifar10,0.9,21,results/logs/cka_strength_sweep/cifar10_drift_all/strength_0p9/seed_21/splits/cifar10_split_seed21_clients5_alpha0p3_ref500.json,0.9,drift,16,conv3,4,4,1.0,0.9994484186172485,500
cka_feddst,cifar10,0.9,21,results/logs/cka_strength_sweep/cifar10_drift_all/strength_0p9/seed_21/splits/cifar10_split_seed21_clients5_alpha0p3_ref500.json,0.9,drift,16,fc1,0,0,1.0,0.989419162273407,500
cka_feddst,cifar10,0.9,21,results/logs/cka_strength_sweep/cifar10_drift_all/strength_0p9/seed_21/splits/cifar10_split_seed21_clients5_alpha0p3_ref500.json,0.9,drift,16,fc1,0,1,0.9901686906814575,0.989419162273407,500
cka_feddst,cifar10,0.9,21,results/logs/cka_strength_sweep/cifar10_drift_all/strength_0p9/seed_21/splits/cifar10_split_seed21_clients5_alpha0p3_ref500.json,0.9,drift,16,fc1,0,2,0.9786995649337769,0.989419162273407,500
cka_feddst,cifar10,0.9,21,results/logs/cka_strength_sweep/cifar10_drift_all/strength_0p9/seed_21/splits/cifar10_split_seed21_clients5_alpha0p3_ref500.json,0.9,drift,16,fc1,0,3,0.9923444986343384,0.989419162273407,500
cka_feddst,cifar10,0.9,21,results/logs/cka_strength_sweep/cifar10_drift_all/strength_0p9/seed_21/splits/cifar10_split_seed21_clients5_alpha0p3_ref500.json,0.9,drift,16,fc1,0,4,0.9787473678588867,0.989419162273407,500
cka_feddst,cifar10,0.9,21,results/logs/cka_strength_sweep/cifar10_drift_all/strength_0p9/seed_21/splits/cifar10_split_seed21_clients5_alpha0p3_ref500.json,0.9,drift,16,fc1,1,0,0.9901686906814575,0.989419162273407,500
cka_feddst,cifar10,0.9,21,results/logs/cka_strength_sweep/cifar10_drift_all/strength_0p9/seed_21/splits/cifar10_split_seed21_clients5_alpha0p3_ref500.json,0.9,drift,16,fc1,1,1,1.0,0.989419162273407,500
cka_feddst,cifar10,0.9,21,results/logs/cka_strength_sweep/cifar10_drift_all/strength_0p9/seed_21/splits/cifar10_split_seed21_clients5_alpha0p3_ref500.json,0.9,drift,16,fc1,1,2,0.9852311611175537,0.989419162273407,500
cka_feddst,cifar10,0.9,21,results/logs/cka_strength_sweep/cifar10_drift_all/strength_0p9/seed_21/splits/cifar10_split_seed21_clients5_alpha0p3_ref500.json,0.9,drift,16,fc1,1,3,0.99333256483078,0.989419162273407,500
cka_feddst,cifar10,0.9,21,results/logs/cka_strength_sweep/cifar10_drift_all/strength_0p9/seed_21/splits/cifar10_split_seed21_clients5_alpha0p3_ref500.json,0.9,drift,16,fc1,1,4,0.9871029257774353,0.989419162273407,500
cka_feddst,cifar10,0.9,21,results/logs/cka_strength_sweep/cifar10_drift_all/strength_0p9/seed_21/splits/cifar10_split_seed21_clients5_alpha0p3_ref500.json,0.9,drift,16,fc1,2,0,0.9786995649337769,0.989419162273407,500
cka_feddst,cifar10,0.9,21,results/logs/cka_strength_sweep/cifar10_drift_all/strength_0p9/seed_21/splits/cifar10_split_seed21_clients5_alpha0p3_ref500.json,0.9,drift,16,fc1,2,1,0.9852311611175537,0.989419162273407,500
cka_feddst,cifar10,0.9,21,results/logs/cka_strength_sweep/cifar10_drift_all/strength_0p9/seed_21/splits/cifar10_split_seed21_clients5_alpha0p3_ref500.json,0.9,drift,16,fc1,2,2,1.0,0.989419162273407,500
cka_feddst,cifar10,0.9,21,results/logs/cka_strength_sweep/cifar10_drift_all/strength_0p9/seed_21/splits/cifar10_split_seed21_clients5_alpha0p3_ref500.json,0.9,drift,16,fc1,2,3,0.9954847097396851,0.989419162273407,500
cka_feddst,cifar10,0.9,21,results/logs/cka_strength_sweep/cifar10_drift_all/strength_0p9/seed_21/splits/cifar10_split_seed21_clients5_alpha0p3_ref500.json,0.9,drift,16,fc1,2,4,0.9978674650192261,0.989419162273407,500
cka_feddst,cifar10,0.9,21,results/logs/cka_strength_sweep/cifar10_drift_all/strength_0p9/seed_21/splits/cifar10_split_seed21_clients5_alpha0p3_ref500.json,0.9,drift,16,fc1,3,0,0.9923444986343384,0.989419162273407,500
cka_feddst,cifar10,0.9,21,results/logs/cka_strength_sweep/cifar10_drift_all/strength_0p9/seed_21/splits/cifar10_split_seed21_clients5_alpha0p3_ref500.json,0.9,drift,16,fc1,3,1,0.99333256483078,0.989419162273407,500
cka_feddst,cifar10,0.9,21,results/logs/cka_strength_sweep/cifar10_drift_all/strength_0p9/seed_21/splits/cifar10_split_seed21_clients5_alpha0p3_ref500.json,0.9,drift,16,fc1,3,2,0.9954847097396851,0.989419162273407,500
cka_feddst,cifar10,0.9,21,results/logs/cka_strength_sweep/cifar10_drift_all/strength_0p9/seed_21/splits/cifar10_split_seed21_clients5_alpha0p3_ref500.json,0.9,drift,16,fc1,3,3,1.0,0.989419162273407,500
cka_feddst,cifar10,0.9,21,results/logs/cka_strength_sweep/cifar10_drift_all/strength_0p9/seed_21/splits/cifar10_split_seed21_clients5_alpha0p3_ref500.json,0.9,drift,16,fc1,3,4,0.9952136874198914,0.989419162273407,500
cka_feddst,cifar10,0.9,21,results/logs/cka_strength_sweep/cifar10_drift_all/strength_0p9/seed_21/splits/cifar10_split_seed21_clients5_alpha0p3_ref500.json,0.9,drift,16,fc1,4,0,0.9787473678588867,0.989419162273407,500
cka_feddst,cifar10,0.9,21,results/logs/cka_strength_sweep/cifar10_drift_all/strength_0p9/seed_21/splits/cifar10_split_seed21_clients5_alpha0p3_ref500.json,0.9,drift,16,fc1,4,1,0.9871029257774353,0.989419162273407,500
cka_feddst,cifar10,0.9,21,results/logs/cka_strength_sweep/cifar10_drift_all/strength_0p9/seed_21/splits/cifar10_split_seed21_clients5_alpha0p3_ref500.json,0.9,drift,16,fc1,4,2,0.9978674650192261,0.989419162273407,500
cka_feddst,cifar10,0.9,21,results/logs/cka_strength_sweep/cifar10_drift_all/strength_0p9/seed_21/splits/cifar10_split_seed21_clients5_alpha0p3_ref500.json,0.9,drift,16,fc1,4,3,0.9952136874198914,0.989419162273407,500
cka_feddst,cifar10,0.9,21,results/logs/cka_strength_sweep/cifar10_drift_all/strength_0p9/seed_21/splits/cifar10_split_seed21_clients5_alpha0p3_ref500.json,0.9,drift,16,fc1,4,4,1.0,0.989419162273407,500
cka_feddst,cifar10,0.9,21,results/logs/cka_strength_sweep/cifar10_drift_all/strength_0p9/seed_21/splits/cifar10_split_seed21_clients5_alpha0p3_ref500.json,0.9,drift,18,conv1,0,0,1.0,1.0,500
cka_feddst,cifar10,0.9,21,results/logs/cka_strength_sweep/cifar10_drift_all/strength_0p9/seed_21/splits/cifar10_split_seed21_clients5_alpha0p3_ref500.json,0.9,drift,18,conv1,0,1,1.0,1.0,500
cka_feddst,cifar10,0.9,21,results/logs/cka_strength_sweep/cifar10_drift_all/strength_0p9/seed_21/splits/cifar10_split_seed21_clients5_alpha0p3_ref500.json,0.9,drift,18,conv1,0,2,1.0,1.0,500
cka_feddst,cifar10,0.9,21,results/logs/cka_strength_sweep/cifar10_drift_all/strength_0p9/seed_21/splits/cifar10_split_seed21_clients5_alpha0p3_ref500.json,0.9,drift,18,conv1,0,3,1.0,1.0,500
cka_feddst,cifar10,0.9,21,results/logs/cka_strength_sweep/cifar10_drift_all/strength_0p9/seed_21/splits/cifar10_split_seed21_clients5_alpha0p3_ref500.json,0.9,drift,18,conv1,0,4,1.0,1.0,500
cka_feddst,cifar10,0.9,21,results/logs/cka_strength_sweep/cifar10_drift_all/strength_0p9/seed_21/splits/cifar10_split_seed21_clients5_alpha0p3_ref500.json,0.9,drift,18,conv1,1,0,1.0,1.0,500
cka_feddst,cifar10,0.9,21,results/logs/cka_strength_sweep/cifar10_drift_all/strength_0p9/seed_21/splits/cifar10_split_seed21_clients5_alpha0p3_ref500.json,0.9,drift,18,conv1,1,1,1.0,1.0,500
cka_feddst,cifar10,0.9,21,results/logs/cka_strength_sweep/cifar10_drift_all/strength_0p9/seed_21/splits/cifar10_split_seed21_clients5_alpha0p3_ref500.json,0.9,drift,18,conv1,1,2,1.0,1.0,500
cka_feddst,cifar10,0.9,21,results/logs/cka_strength_sweep/cifar10_drift_all/strength_0p9/seed_21/splits/cifar10_split_seed21_clients5_alpha0p3_ref500.json,0.9,drift,18,conv1,1,3,1.0,1.0,500
cka_feddst,cifar10,0.9,21,results/logs/cka_strength_sweep/cifar10_drift_all/strength_0p9/seed_21/splits/cifar10_split_seed21_clients5_alpha0p3_ref500.json,0.9,drift,18,conv1,1,4,1.0,1.0,500
cka_feddst,cifar10,0.9,21,results/logs/cka_strength_sweep/cifar10_drift_all/strength_0p9/seed_21/splits/cifar10_split_seed21_clients5_alpha0p3_ref500.json,0.9,drift,18,conv1,2,0,1.0,1.0,500
cka_feddst,cifar10,0.9,21,results/logs/cka_strength_sweep/cifar10_drift_all/strength_0p9/seed_21/splits/cifar10_split_seed21_clients5_alpha0p3_ref500.json,0.9,drift,18,conv1,2,1,1.0,1.0,500
cka_feddst,cifar10,0.9,21,results/logs/cka_strength_sweep/cifar10_drift_all/strength_0p9/seed_21/splits/cifar10_split_seed21_clients5_alpha0p3_ref500.json,0.9,drift,18,conv1,2,2,1.0,1.0,500
cka_feddst,cifar10,0.9,21,results/logs/cka_strength_sweep/cifar10_drift_all/strength_0p9/seed_21/splits/cifar10_split_seed21_clients5_alpha0p3_ref500.json,0.9,drift,18,conv1,2,3,1.0,1.0,500
cka_feddst,cifar10,0.9,21,results/logs/cka_strength_sweep/cifar10_drift_all/strength_0p9/seed_21/splits/cifar10_split_seed21_clients5_alpha0p3_ref500.json,0.9,drift,18,conv1,2,4,1.0,1.0,500
cka_feddst,cifar10,0.9,21,results/logs/cka_strength_sweep/cifar10_drift_all/strength_0p9/seed_21/splits/cifar10_split_seed21_clients5_alpha0p3_ref500.json,0.9,drift,18,conv1,3,0,1.0,1.0,500
cka_feddst,cifar10,0.9,21,results/logs/cka_strength_sweep/cifar10_drift_all/strength_0p9/seed_21/splits/cifar10_split_seed21_clients5_alpha0p3_ref500.json,0.9,drift,18,conv1,3,1,1.0,1.0,500
cka_feddst,cifar10,0.9,21,results/logs/cka_strength_sweep/cifar10_drift_all/strength_0p9/seed_21/splits/cifar10_split_seed21_clients5_alpha0p3_ref500.json,0.9,drift,18,conv1,3,2,1.0,1.0,500
cka_feddst,cifar10,0.9,21,results/logs/cka_strength_sweep/cifar10_drift_all/strength_0p9/seed_21/splits/cifar10_split_seed21_clients5_alpha0p3_ref500.json,0.9,drift,18,conv1,3,3,1.0,1.0,500
cka_feddst,cifar10,0.9,21,results/logs/cka_strength_sweep/cifar10_drift_all/strength_0p9/seed_21/splits/cifar10_split_seed21_clients5_alpha0p3_ref500.json,0.9,drift,18,conv1,3,4,1.0,1.0,500
cka_feddst,cifar10,0.9,21,results/logs/cka_strength_sweep/cifar10_drift_all/strength_0p9/seed_21/splits/cifar10_split_seed21_clients5_alpha0p3_ref500.json,0.9,drift,18,conv1,4,0,1.0,1.0,500
cka_feddst,cifar10,0.9,21,results/logs/cka_strength_sweep/cifar10_drift_all/strength_0p9/seed_21/splits/cifar10_split_seed21_clients5_alpha0p3_ref500.json,0.9,drift,18,conv1,4,1,1.0,1.0,500
cka_feddst,cifar10,0.9,21,results/logs/cka_strength_sweep/cifar10_drift_all/strength_0p9/seed_21/splits/cifar10_split_seed21_clients5_alpha0p3_ref500.json,0.9,drift,18,conv1,4,2,1.0,1.0,500
cka_feddst,cifar10,0.9,21,results/logs/cka_strength_sweep/cifar10_drift_all/strength_0p9/seed_21/splits/cifar10_split_seed21_clients5_alpha0p3_ref500.json,0.9,drift,18,conv1,4,3,1.0,1.0,500
cka_feddst,cifar10,0.9,21,results/logs/cka_strength_sweep/cifar10_drift_all/strength_0p9/seed_21/splits/cifar10_split_seed21_clients5_alpha0p3_ref500.json,0.9,drift,18,conv1,4,4,1.0,1.0,500
cka_feddst,cifar10,0.9,21,results/logs/cka_strength_sweep/cifar10_drift_all/strength_0p9/seed_21/splits/cifar10_split_seed21_clients5_alpha0p3_ref500.json,0.9,drift,18,conv2,0,0,1.0,0.9999387860298157,500
cka_feddst,cifar10,0.9,21,results/logs/cka_strength_sweep/cifar10_drift_all/strength_0p9/seed_21/splits/cifar10_split_seed21_clients5_alpha0p3_ref500.json,0.9,drift,18,conv2,0,1,0.9998553991317749,0.9999387860298157,500
cka_feddst,cifar10,0.9,21,results/logs/cka_strength_sweep/cifar10_drift_all/strength_0p9/seed_21/splits/cifar10_split_seed21_clients5_alpha0p3_ref500.json,0.9,drift,18,conv2,0,2,0.9998737573623657,0.9999387860298157,500
cka_feddst,cifar10,0.9,21,results/logs/cka_strength_sweep/cifar10_drift_all/strength_0p9/seed_21/splits/cifar10_split_seed21_clients5_alpha0p3_ref500.json,0.9,drift,18,conv2,0,3,0.9998721480369568,0.9999387860298157,500
cka_feddst,cifar10,0.9,21,results/logs/cka_strength_sweep/cifar10_drift_all/strength_0p9/seed_21/splits/cifar10_split_seed21_clients5_alpha0p3_ref500.json,0.9,drift,18,conv2,0,4,0.9998117089271545,0.9999387860298157,500
cka_feddst,cifar10,0.9,21,results/logs/cka_strength_sweep/cifar10_drift_all/strength_0p9/seed_21/splits/cifar10_split_seed21_clients5_alpha0p3_ref500.json,0.9,drift,18,conv2,1,0,0.9998553991317749,0.9999387860298157,500
cka_feddst,cifar10,0.9,21,results/logs/cka_strength_sweep/cifar10_drift_all/strength_0p9/seed_21/splits/cifar10_split_seed21_clients5_alpha0p3_ref500.json,0.9,drift,18,conv2,1,1,1.0,0.9999387860298157,500
cka_feddst,cifar10,0.9,21,results/logs/cka_strength_sweep/cifar10_drift_all/strength_0p9/seed_21/splits/cifar10_split_seed21_clients5_alpha0p3_ref500.json,0.9,drift,18,conv2,1,2,1.0,0.9999387860298157,500
cka_feddst,cifar10,0.9,21,results/logs/cka_strength_sweep/cifar10_drift_all/strength_0p9/seed_21/splits/cifar10_split_seed21_clients5_alpha0p3_ref500.json,0.9,drift,18,conv2,1,3,0.9999975562095642,0.9999387860298157,500
cka_feddst,cifar10,0.9,21,results/logs/cka_strength_sweep/cifar10_drift_all/strength_0p9/seed_21/splits/cifar10_split_seed21_clients5_alpha0p3_ref500.json,0.9,drift,18,conv2,1,4,0.999997079372406,0.9999387860298157,500
cka_feddst,cifar10,0.9,21,results/logs/cka_strength_sweep/cifar10_drift_all/strength_0p9/seed_21/splits/cifar10_split_seed21_clients5_alpha0p3_ref500.json,0.9,drift,18,conv2,2,0,0.9998737573623657,0.9999387860298157,500
cka_feddst,cifar10,0.9,21,results/logs/cka_strength_sweep/cifar10_drift_all/strength_0p9/seed_21/splits/cifar10_split_seed21_clients5_alpha0p3_ref500.json,0.9,drift,18,conv2,2,1,1.0,0.9999387860298157,500
cka_feddst,cifar10,0.9,21,results/logs/cka_strength_sweep/cifar10_drift_all/strength_0p9/seed_21/splits/cifar10_split_seed21_clients5_alpha0p3_ref500.json,0.9,drift,18,conv2,2,2,1.0,0.9999387860298157,500
cka_feddst,cifar10,0.9,21,results/logs/cka_strength_sweep/cifar10_drift_all/strength_0p9/seed_21/splits/cifar10_split_seed21_clients5_alpha0p3_ref500.json,0.9,drift,18,conv2,2,3,1.0,0.9999387860298157,500
cka_feddst,cifar10,0.9,21,results/logs/cka_strength_sweep/cifar10_drift_all/strength_0p9/seed_21/splits/cifar10_split_seed21_clients5_alpha0p3_ref500.json,0.9,drift,18,conv2,2,4,0.9999924898147583,0.9999387860298157,500
cka_feddst,cifar10,0.9,21,results/logs/cka_strength_sweep/cifar10_drift_all/strength_0p9/seed_21/splits/cifar10_split_seed21_clients5_alpha0p3_ref500.json,0.9,drift,18,conv2,3,0,0.9998721480369568,0.9999387860298157,500
cka_feddst,cifar10,0.9,21,results/logs/cka_strength_sweep/cifar10_drift_all/strength_0p9/seed_21/splits/cifar10_split_seed21_clients5_alpha0p3_ref500.json,0.9,drift,18,conv2,3,1,0.9999975562095642,0.9999387860298157,500
cka_feddst,cifar10,0.9,21,results/logs/cka_strength_sweep/cifar10_drift_all/strength_0p9/seed_21/splits/cifar10_split_seed21_clients5_alpha0p3_ref500.json,0.9,drift,18,conv2,3,2,1.0,0.9999387860298157,500
cka_feddst,cifar10,0.9,21,results/logs/cka_strength_sweep/cifar10_drift_all/strength_0p9/seed_21/splits/cifar10_split_seed21_clients5_alpha0p3_ref500.json,0.9,drift,18,conv2,3,3,1.0,0.9999387860298157,500
cka_feddst,cifar10,0.9,21,results/logs/cka_strength_sweep/cifar10_drift_all/strength_0p9/seed_21/splits/cifar10_split_seed21_clients5_alpha0p3_ref500.json,0.9,drift,18,conv2,3,4,0.9999882578849792,0.9999387860298157,500
cka_feddst,cifar10,0.9,21,results/logs/cka_strength_sweep/cifar10_drift_all/strength_0p9/seed_21/splits/cifar10_split_seed21_clients5_alpha0p3_ref500.json,0.9,drift,18,conv2,4,0,0.9998117089271545,0.9999387860298157,500
cka_feddst,cifar10,0.9,21,results/logs/cka_strength_sweep/cifar10_drift_all/strength_0p9/seed_21/splits/cifar10_split_seed21_clients5_alpha0p3_ref500.json,0.9,drift,18,conv2,4,1,0.999997079372406,0.9999387860298157,500
cka_feddst,cifar10,0.9,21,results/logs/cka_strength_sweep/cifar10_drift_all/strength_0p9/seed_21/splits/cifar10_split_seed21_clients5_alpha0p3_ref500.json,0.9,drift,18,conv2,4,2,0.9999924898147583,0.9999387860298157,500
cka_feddst,cifar10,0.9,21,results/logs/cka_strength_sweep/cifar10_drift_all/strength_0p9/seed_21/splits/cifar10_split_seed21_clients5_alpha0p3_ref500.json,0.9,drift,18,conv2,4,3,0.9999882578849792,0.9999387860298157,500
cka_feddst,cifar10,0.9,21,results/logs/cka_strength_sweep/cifar10_drift_all/strength_0p9/seed_21/splits/cifar10_split_seed21_clients5_alpha0p3_ref500.json,0.9,drift,18,conv2,4,4,1.0,0.9999387860298157,500
cka_feddst,cifar10,0.9,21,results/logs/cka_strength_sweep/cifar10_drift_all/strength_0p9/seed_21/splits/cifar10_split_seed21_clients5_alpha0p3_ref500.json,0.9,drift,18,conv3,0,0,1.0,0.9996718168258667,500
cka_feddst,cifar10,0.9,21,results/logs/cka_strength_sweep/cifar10_drift_all/strength_0p9/seed_21/splits/cifar10_split_seed21_clients5_alpha0p3_ref500.json,0.9,drift,18,conv3,0,1,0.9991653561592102,0.9996718168258667,500
cka_feddst,cifar10,0.9,21,results/logs/cka_strength_sweep/cifar10_drift_all/strength_0p9/seed_21/splits/cifar10_split_seed21_clients5_alpha0p3_ref500.json,0.9,drift,18,conv3,0,2,0.9994325041770935,0.9996718168258667,500
cka_feddst,cifar10,0.9,21,results/logs/cka_strength_sweep/cifar10_drift_all/strength_0p9/seed_21/splits/cifar10_split_seed21_clients5_alpha0p3_ref500.json,0.9,drift,18,conv3,0,3,0.999424397945404,0.9996718168258667,500
cka_feddst,cifar10,0.9,21,results/logs/cka_strength_sweep/cifar10_drift_all/strength_0p9/seed_21/splits/cifar10_split_seed21_clients5_alpha0p3_ref500.json,0.9,drift,18,conv3,0,4,0.999016284942627,0.9996718168258667,500
cka_feddst,cifar10,0.9,21,results/logs/cka_strength_sweep/cifar10_drift_all/strength_0p9/seed_21/splits/cifar10_split_seed21_clients5_alpha0p3_ref500.json,0.9,drift,18,conv3,1,0,0.9991653561592102,0.9996718168258667,500
cka_feddst,cifar10,0.9,21,results/logs/cka_strength_sweep/cifar10_drift_all/strength_0p9/seed_21/splits/cifar10_split_seed21_clients5_alpha0p3_ref500.json,0.9,drift,18,conv3,1,1,1.0,0.9996718168258667,500
cka_feddst,cifar10,0.9,21,results/logs/cka_strength_sweep/cifar10_drift_all/strength_0p9/seed_21/splits/cifar10_split_seed21_clients5_alpha0p3_ref500.json,0.9,drift,18,conv3,1,2,0.9999445676803589,0.9996718168258667,500
cka_feddst,cifar10,0.9,21,results/logs/cka_strength_sweep/cifar10_drift_all/strength_0p9/seed_21/splits/cifar10_split_seed21_clients5_alpha0p3_ref500.json,0.9,drift,18,conv3,1,3,0.9999307990074158,0.9996718168258667,500
cka_feddst,cifar10,0.9,21,results/logs/cka_strength_sweep/cifar10_drift_all/strength_0p9/seed_21/splits/cifar10_split_seed21_clients5_alpha0p3_ref500.json,0.9,drift,18,conv3,1,4,0.9999663233757019,0.9996718168258667,500
cka_feddst,cifar10,0.9,21,results/logs/cka_strength_sweep/cifar10_drift_all/strength_0p9/seed_21/splits/cifar10_split_seed21_clients5_alpha0p3_ref500.json,0.9,drift,18,conv3,2,0,0.9994325041770935,0.9996718168258667,500
cka_feddst,cifar10,0.9,21,results/logs/cka_strength_sweep/cifar10_drift_all/strength_0p9/seed_21/splits/cifar10_split_seed21_clients5_alpha0p3_ref500.json,0.9,drift,18,conv3,2,1,0.9999445676803589,0.9996718168258667,500
cka_feddst,cifar10,0.9,21,results/logs/cka_strength_sweep/cifar10_drift_all/strength_0p9/seed_21/splits/cifar10_split_seed21_clients5_alpha0p3_ref500.json,0.9,drift,18,conv3,2,2,1.0,0.9996718168258667,500
cka_feddst,cifar10,0.9,21,results/logs/cka_strength_sweep/cifar10_drift_all/strength_0p9/seed_21/splits/cifar10_split_seed21_clients5_alpha0p3_ref500.json,0.9,drift,18,conv3,2,3,0.9999905824661255,0.9996718168258667,500
cka_feddst,cifar10,0.9,21,results/logs/cka_strength_sweep/cifar10_drift_all/strength_0p9/seed_21/splits/cifar10_split_seed21_clients5_alpha0p3_ref500.json,0.9,drift,18,conv3,2,4,0.9999344944953918,0.9996718168258667,500
cka_feddst,cifar10,0.9,21,results/logs/cka_strength_sweep/cifar10_drift_all/strength_0p9/seed_21/splits/cifar10_split_seed21_clients5_alpha0p3_ref500.json,0.9,drift,18,conv3,3,0,0.999424397945404,0.9996718168258667,500
cka_feddst,cifar10,0.9,21,results/logs/cka_strength_sweep/cifar10_drift_all/strength_0p9/seed_21/splits/cifar10_split_seed21_clients5_alpha0p3_ref500.json,0.9,drift,18,conv3,3,1,0.9999307990074158,0.9996718168258667,500
cka_feddst,cifar10,0.9,21,results/logs/cka_strength_sweep/cifar10_drift_all/strength_0p9/seed_21/splits/cifar10_split_seed21_clients5_alpha0p3_ref500.json,0.9,drift,18,conv3,3,2,0.9999905824661255,0.9996718168258667,500
cka_feddst,cifar10,0.9,21,results/logs/cka_strength_sweep/cifar10_drift_all/strength_0p9/seed_21/splits/cifar10_split_seed21_clients5_alpha0p3_ref500.json,0.9,drift,18,conv3,3,3,1.0,0.9996718168258667,500
cka_feddst,cifar10,0.9,21,results/logs/cka_strength_sweep/cifar10_drift_all/strength_0p9/seed_21/splits/cifar10_split_seed21_clients5_alpha0p3_ref500.json,0.9,drift,18,conv3,3,4,0.9999126195907593,0.9996718168258667,500
cka_feddst,cifar10,0.9,21,results/logs/cka_strength_sweep/cifar10_drift_all/strength_0p9/seed_21/splits/cifar10_split_seed21_clients5_alpha0p3_ref500.json,0.9,drift,18,conv3,4,0,0.999016284942627,0.9996718168258667,500
cka_feddst,cifar10,0.9,21,results/logs/cka_strength_sweep/cifar10_drift_all/strength_0p9/seed_21/splits/cifar10_split_seed21_clients5_alpha0p3_ref500.json,0.9,drift,18,conv3,4,1,0.9999663233757019,0.9996718168258667,500
cka_feddst,cifar10,0.9,21,results/logs/cka_strength_sweep/cifar10_drift_all/strength_0p9/seed_21/splits/cifar10_split_seed21_clients5_alpha0p3_ref500.json,0.9,drift,18,conv3,4,2,0.9999344944953918,0.9996718168258667,500
cka_feddst,cifar10,0.9,21,results/logs/cka_strength_sweep/cifar10_drift_all/strength_0p9/seed_21/splits/cifar10_split_seed21_clients5_alpha0p3_ref500.json,0.9,drift,18,conv3,4,3,0.9999126195907593,0.9996718168258667,500
cka_feddst,cifar10,0.9,21,results/logs/cka_strength_sweep/cifar10_drift_all/strength_0p9/seed_21/splits/cifar10_split_seed21_clients5_alpha0p3_ref500.json,0.9,drift,18,conv3,4,4,1.0,0.9996718168258667,500
cka_feddst,cifar10,0.9,21,results/logs/cka_strength_sweep/cifar10_drift_all/strength_0p9/seed_21/splits/cifar10_split_seed21_clients5_alpha0p3_ref500.json,0.9,drift,18,fc1,0,0,1.0,0.9947905540466309,500
cka_feddst,cifar10,0.9,21,results/logs/cka_strength_sweep/cifar10_drift_all/strength_0p9/seed_21/splits/cifar10_split_seed21_clients5_alpha0p3_ref500.json,0.9,drift,18,fc1,0,1,0.9855766296386719,0.9947905540466309,500
cka_feddst,cifar10,0.9,21,results/logs/cka_strength_sweep/cifar10_drift_all/strength_0p9/seed_21/splits/cifar10_split_seed21_clients5_alpha0p3_ref500.json,0.9,drift,18,fc1,0,2,0.9944362044334412,0.9947905540466309,500
cka_feddst,cifar10,0.9,21,results/logs/cka_strength_sweep/cifar10_drift_all/strength_0p9/seed_21/splits/cifar10_split_seed21_clients5_alpha0p3_ref500.json,0.9,drift,18,fc1,0,3,0.9948281049728394,0.9947905540466309,500
cka_feddst,cifar10,0.9,21,results/logs/cka_strength_sweep/cifar10_drift_all/strength_0p9/seed_21/splits/cifar10_split_seed21_clients5_alpha0p3_ref500.json,0.9,drift,18,fc1,0,4,0.9909864664077759,0.9947905540466309,500
cka_feddst,cifar10,0.9,21,results/logs/cka_strength_sweep/cifar10_drift_all/strength_0p9/seed_21/splits/cifar10_split_seed21_clients5_alpha0p3_ref500.json,0.9,drift,18,fc1,1,0,0.9855766296386719,0.9947905540466309,500
cka_feddst,cifar10,0.9,21,results/logs/cka_strength_sweep/cifar10_drift_all/strength_0p9/seed_21/splits/cifar10_split_seed21_clients5_alpha0p3_ref500.json,0.9,drift,18,fc1,1,1,1.0,0.9947905540466309,500
cka_feddst,cifar10,0.9,21,results/logs/cka_strength_sweep/cifar10_drift_all/strength_0p9/seed_21/splits/cifar10_split_seed21_clients5_alpha0p3_ref500.json,0.9,drift,18,fc1,1,2,0.9953635931015015,0.9947905540466309,500
cka_feddst,cifar10,0.9,21,results/logs/cka_strength_sweep/cifar10_drift_all/strength_0p9/seed_21/splits/cifar10_split_seed21_clients5_alpha0p3_ref500.json,0.9,drift,18,fc1,1,3,0.9952201843261719,0.9947905540466309,500
cka_feddst,cifar10,0.9,21,results/logs/cka_strength_sweep/cifar10_drift_all/strength_0p9/seed_21/splits/cifar10_split_seed21_clients5_alpha0p3_ref500.json,0.9,drift,18,fc1,1,4,0.9962633848190308,0.9947905540466309,500
cka_feddst,cifar10,0.9,21,results/logs/cka_strength_sweep/cifar10_drift_all/strength_0p9/seed_21/splits/cifar10_split_seed21_clients5_alpha0p3_ref500.json,0.9,drift,18,fc1,2,0,0.9944362044334412,0.9947905540466309,500
cka_feddst,cifar10,0.9,21,results/logs/cka_strength_sweep/cifar10_drift_all/strength_0p9/seed_21/splits/cifar10_split_seed21_clients5_alpha0p3_ref500.json,0.9,drift,18,fc1,2,1,0.9953635931015015,0.9947905540466309,500
cka_feddst,cifar10,0.9,21,results/logs/cka_strength_sweep/cifar10_drift_all/strength_0p9/seed_21/splits/cifar10_split_seed21_clients5_alpha0p3_ref500.json,0.9,drift,18,fc1,2,2,1.0,0.9947905540466309,500
cka_feddst,cifar10,0.9,21,results/logs/cka_strength_sweep/cifar10_drift_all/strength_0p9/seed_21/splits/cifar10_split_seed21_clients5_alpha0p3_ref500.json,0.9,drift,18,fc1,2,3,0.9992688298225403,0.9947905540466309,500
cka_feddst,cifar10,0.9,21,results/logs/cka_strength_sweep/cifar10_drift_all/strength_0p9/seed_21/splits/cifar10_split_seed21_clients5_alpha0p3_ref500.json,0.9,drift,18,fc1,2,4,0.9984813928604126,0.9947905540466309,500
cka_feddst,cifar10,0.9,21,results/logs/cka_strength_sweep/cifar10_drift_all/strength_0p9/seed_21/splits/cifar10_split_seed21_clients5_alpha0p3_ref500.json,0.9,drift,18,fc1,3,0,0.9948281049728394,0.9947905540466309,500
cka_feddst,cifar10,0.9,21,results/logs/cka_strength_sweep/cifar10_drift_all/strength_0p9/seed_21/splits/cifar10_split_seed21_clients5_alpha0p3_ref500.json,0.9,drift,18,fc1,3,1,0.9952201843261719,0.9947905540466309,500
cka_feddst,cifar10,0.9,21,results/logs/cka_strength_sweep/cifar10_drift_all/strength_0p9/seed_21/splits/cifar10_split_seed21_clients5_alpha0p3_ref500.json,0.9,drift,18,fc1,3,2,0.9992688298225403,0.9947905540466309,500
cka_feddst,cifar10,0.9,21,results/logs/cka_strength_sweep/cifar10_drift_all/strength_0p9/seed_21/splits/cifar10_split_seed21_clients5_alpha0p3_ref500.json,0.9,drift,18,fc1,3,3,1.0,0.9947905540466309,500
cka_feddst,cifar10,0.9,21,results/logs/cka_strength_sweep/cifar10_drift_all/strength_0p9/seed_21/splits/cifar10_split_seed21_clients5_alpha0p3_ref500.json,0.9,drift,18,fc1,3,4,0.997481107711792,0.9947905540466309,500
cka_feddst,cifar10,0.9,21,results/logs/cka_strength_sweep/cifar10_drift_all/strength_0p9/seed_21/splits/cifar10_split_seed21_clients5_alpha0p3_ref500.json,0.9,drift,18,fc1,4,0,0.9909864664077759,0.9947905540466309,500
cka_feddst,cifar10,0.9,21,results/logs/cka_strength_sweep/cifar10_drift_all/strength_0p9/seed_21/splits/cifar10_split_seed21_clients5_alpha0p3_ref500.json,0.9,drift,18,fc1,4,1,0.9962633848190308,0.9947905540466309,500
cka_feddst,cifar10,0.9,21,results/logs/cka_strength_sweep/cifar10_drift_all/strength_0p9/seed_21/splits/cifar10_split_seed21_clients5_alpha0p3_ref500.json,0.9,drift,18,fc1,4,2,0.9984813928604126,0.9947905540466309,500
cka_feddst,cifar10,0.9,21,results/logs/cka_strength_sweep/cifar10_drift_all/strength_0p9/seed_21/splits/cifar10_split_seed21_clients5_alpha0p3_ref500.json,0.9,drift,18,fc1,4,3,0.997481107711792,0.9947905540466309,500
cka_feddst,cifar10,0.9,21,results/logs/cka_strength_sweep/cifar10_drift_all/strength_0p9/seed_21/splits/cifar10_split_seed21_clients5_alpha0p3_ref500.json,0.9,drift,18,fc1,4,4,1.0,0.9947905540466309,500
cka_feddst,cifar10,0.9,21,results/logs/cka_strength_sweep/cifar10_drift_all/strength_0p9/seed_21/splits/cifar10_split_seed21_clients5_alpha0p3_ref500.json,0.9,drift,20,conv1,0,0,1.0,1.0,500
cka_feddst,cifar10,0.9,21,results/logs/cka_strength_sweep/cifar10_drift_all/strength_0p9/seed_21/splits/cifar10_split_seed21_clients5_alpha0p3_ref500.json,0.9,drift,20,conv1,0,1,1.0,1.0,500
cka_feddst,cifar10,0.9,21,results/logs/cka_strength_sweep/cifar10_drift_all/strength_0p9/seed_21/splits/cifar10_split_seed21_clients5_alpha0p3_ref500.json,0.9,drift,20,conv1,0,2,1.0,1.0,500
cka_feddst,cifar10,0.9,21,results/logs/cka_strength_sweep/cifar10_drift_all/strength_0p9/seed_21/splits/cifar10_split_seed21_clients5_alpha0p3_ref500.json,0.9,drift,20,conv1,0,3,1.0,1.0,500
cka_feddst,cifar10,0.9,21,results/logs/cka_strength_sweep/cifar10_drift_all/strength_0p9/seed_21/splits/cifar10_split_seed21_clients5_alpha0p3_ref500.json,0.9,drift,20,conv1,0,4,1.0,1.0,500
cka_feddst,cifar10,0.9,21,results/logs/cka_strength_sweep/cifar10_drift_all/strength_0p9/seed_21/splits/cifar10_split_seed21_clients5_alpha0p3_ref500.json,0.9,drift,20,conv1,1,0,1.0,1.0,500
cka_feddst,cifar10,0.9,21,results/logs/cka_strength_sweep/cifar10_drift_all/strength_0p9/seed_21/splits/cifar10_split_seed21_clients5_alpha0p3_ref500.json,0.9,drift,20,conv1,1,1,1.0,1.0,500
cka_feddst,cifar10,0.9,21,results/logs/cka_strength_sweep/cifar10_drift_all/strength_0p9/seed_21/splits/cifar10_split_seed21_clients5_alpha0p3_ref500.json,0.9,drift,20,conv1,1,2,1.0,1.0,500
cka_feddst,cifar10,0.9,21,results/logs/cka_strength_sweep/cifar10_drift_all/strength_0p9/seed_21/splits/cifar10_split_seed21_clients5_alpha0p3_ref500.json,0.9,drift,20,conv1,1,3,1.0,1.0,500
cka_feddst,cifar10,0.9,21,results/logs/cka_strength_sweep/cifar10_drift_all/strength_0p9/seed_21/splits/cifar10_split_seed21_clients5_alpha0p3_ref500.json,0.9,drift,20,conv1,1,4,1.0,1.0,500
cka_feddst,cifar10,0.9,21,results/logs/cka_strength_sweep/cifar10_drift_all/strength_0p9/seed_21/splits/cifar10_split_seed21_clients5_alpha0p3_ref500.json,0.9,drift,20,conv1,2,0,1.0,1.0,500
cka_feddst,cifar10,0.9,21,results/logs/cka_strength_sweep/cifar10_drift_all/strength_0p9/seed_21/splits/cifar10_split_seed21_clients5_alpha0p3_ref500.json,0.9,drift,20,conv1,2,1,1.0,1.0,500
cka_feddst,cifar10,0.9,21,results/logs/cka_strength_sweep/cifar10_drift_all/strength_0p9/seed_21/splits/cifar10_split_seed21_clients5_alpha0p3_ref500.json,0.9,drift,20,conv1,2,2,1.0,1.0,500
cka_feddst,cifar10,0.9,21,results/logs/cka_strength_sweep/cifar10_drift_all/strength_0p9/seed_21/splits/cifar10_split_seed21_clients5_alpha0p3_ref500.json,0.9,drift,20,conv1,2,3,1.0,1.0,500
cka_feddst,cifar10,0.9,21,results/logs/cka_strength_sweep/cifar10_drift_all/strength_0p9/seed_21/splits/cifar10_split_seed21_clients5_alpha0p3_ref500.json,0.9,drift,20,conv1,2,4,1.0,1.0,500
cka_feddst,cifar10,0.9,21,results/logs/cka_strength_sweep/cifar10_drift_all/strength_0p9/seed_21/splits/cifar10_split_seed21_clients5_alpha0p3_ref500.json,0.9,drift,20,conv1,3,0,1.0,1.0,500
cka_feddst,cifar10,0.9,21,results/logs/cka_strength_sweep/cifar10_drift_all/strength_0p9/seed_21/splits/cifar10_split_seed21_clients5_alpha0p3_ref500.json,0.9,drift,20,conv1,3,1,1.0,1.0,500
cka_feddst,cifar10,0.9,21,results/logs/cka_strength_sweep/cifar10_drift_all/strength_0p9/seed_21/splits/cifar10_split_seed21_clients5_alpha0p3_ref500.json,0.9,drift,20,conv1,3,2,1.0,1.0,500
cka_feddst,cifar10,0.9,21,results/logs/cka_strength_sweep/cifar10_drift_all/strength_0p9/seed_21/splits/cifar10_split_seed21_clients5_alpha0p3_ref500.json,0.9,drift,20,conv1,3,3,1.0,1.0,500
cka_feddst,cifar10,0.9,21,results/logs/cka_strength_sweep/cifar10_drift_all/strength_0p9/seed_21/splits/cifar10_split_seed21_clients5_alpha0p3_ref500.json,0.9,drift,20,conv1,3,4,1.0,1.0,500
cka_feddst,cifar10,0.9,21,results/logs/cka_strength_sweep/cifar10_drift_all/strength_0p9/seed_21/splits/cifar10_split_seed21_clients5_alpha0p3_ref500.json,0.9,drift,20,conv1,4,0,1.0,1.0,500
cka_feddst,cifar10,0.9,21,results/logs/cka_strength_sweep/cifar10_drift_all/strength_0p9/seed_21/splits/cifar10_split_seed21_clients5_alpha0p3_ref500.json,0.9,drift,20,conv1,4,1,1.0,1.0,500
cka_feddst,cifar10,0.9,21,results/logs/cka_strength_sweep/cifar10_drift_all/strength_0p9/seed_21/splits/cifar10_split_seed21_clients5_alpha0p3_ref500.json,0.9,drift,20,conv1,4,2,1.0,1.0,500
cka_feddst,cifar10,0.9,21,results/logs/cka_strength_sweep/cifar10_drift_all/strength_0p9/seed_21/splits/cifar10_split_seed21_clients5_alpha0p3_ref500.json,0.9,drift,20,conv1,4,3,1.0,1.0,500
cka_feddst,cifar10,0.9,21,results/logs/cka_strength_sweep/cifar10_drift_all/strength_0p9/seed_21/splits/cifar10_split_seed21_clients5_alpha0p3_ref500.json,0.9,drift,20,conv1,4,4,1.0,1.0,500
cka_feddst,cifar10,0.9,21,results/logs/cka_strength_sweep/cifar10_drift_all/strength_0p9/seed_21/splits/cifar10_split_seed21_clients5_alpha0p3_ref500.json,0.9,drift,20,conv2,0,0,1.0,0.9995957612991333,500
cka_feddst,cifar10,0.9,21,results/logs/cka_strength_sweep/cifar10_drift_all/strength_0p9/seed_21/splits/cifar10_split_seed21_clients5_alpha0p3_ref500.json,0.9,drift,20,conv2,0,1,0.999282717704773,0.9995957612991333,500
cka_feddst,cifar10,0.9,21,results/logs/cka_strength_sweep/cifar10_drift_all/strength_0p9/seed_21/splits/cifar10_split_seed21_clients5_alpha0p3_ref500.json,0.9,drift,20,conv2,0,2,0.9988389611244202,0.9995957612991333,500
cka_feddst,cifar10,0.9,21,results/logs/cka_strength_sweep/cifar10_drift_all/strength_0p9/seed_21/splits/cifar10_split_seed21_clients5_alpha0p3_ref500.json,0.9,drift,20,conv2,0,3,0.999248743057251,0.9995957612991333,500
cka_feddst,cifar10,0.9,21,results/logs/cka_strength_sweep/cifar10_drift_all/strength_0p9/seed_21/splits/cifar10_split_seed21_clients5_alpha0p3_ref500.json,0.9,drift,20,conv2,0,4,0.9989044070243835,0.9995957612991333,500
cka_feddst,cifar10,0.9,21,results/logs/cka_strength_sweep/cifar10_drift_all/strength_0p9/seed_21/splits/cifar10_split_seed21_clients5_alpha0p3_ref500.json,0.9,drift,20,conv2,1,0,0.999282717704773,0.9995957612991333,500
cka_feddst,cifar10,0.9,21,results/logs/cka_strength_sweep/cifar10_drift_all/strength_0p9/seed_21/splits/cifar10_split_seed21_clients5_alpha0p3_ref500.json,0.9,drift,20,conv2,1,1,1.0,0.9995957612991333,500
cka_feddst,cifar10,0.9,21,results/logs/cka_strength_sweep/cifar10_drift_all/strength_0p9/seed_21/splits/cifar10_split_seed21_clients5_alpha0p3_ref500.json,0.9,drift,20,conv2,1,2,0.999896228313446,0.9995957612991333,500
cka_feddst,cifar10,0.9,21,results/logs/cka_strength_sweep/cifar10_drift_all/strength_0p9/seed_21/splits/cifar10_split_seed21_clients5_alpha0p3_ref500.json,0.9,drift,20,conv2,1,3,0.9999459385871887,0.9995957612991333,500
cka_feddst,cifar10,0.9,21,results/logs/cka_strength_sweep/cifar10_drift_all/strength_0p9/seed_21/splits/cifar10_split_seed21_clients5_alpha0p3_ref500.json,0.9,drift,20,conv2,1,4,0.999947190284729,0.9995957612991333,500
cka_feddst,cifar10,0.9,21,results/logs/cka_strength_sweep/cifar10_drift_all/strength_0p9/seed_21/splits/cifar10_split_seed21_clients5_alpha0p3_ref500.json,0.9,drift,20,conv2,2,0,0.9988389611244202,0.9995957612991333,500
cka_feddst,cifar10,0.9,21,results/logs/cka_strength_sweep/cifar10_drift_all/strength_0p9/seed_21/splits/cifar10_split_seed21_clients5_alpha0p3_ref500.json,0.9,drift,20,conv2,2,1,0.999896228313446,0.9995957612991333,500
cka_feddst,cifar10,0.9,21,results/logs/cka_strength_sweep/cifar10_drift_all/strength_0p9/seed_21/splits/cifar10_split_seed21_clients5_alpha0p3_ref500.json,0.9,drift,20,conv2,2,2,1.0,0.9995957612991333,500
cka_feddst,cifar10,0.9,21,results/logs/cka_strength_sweep/cifar10_drift_all/strength_0p9/seed_21/splits/cifar10_split_seed21_clients5_alpha0p3_ref500.json,0.9,drift,20,conv2,2,3,0.999957263469696,0.9995957612991333,500
cka_feddst,cifar10,0.9,21,results/logs/cka_strength_sweep/cifar10_drift_all/strength_0p9/seed_21/splits/cifar10_split_seed21_clients5_alpha0p3_ref500.json,0.9,drift,20,conv2,2,4,0.9999867677688599,0.9995957612991333,500
cka_feddst,cifar10,0.9,21,results/logs/cka_strength_sweep/cifar10_drift_all/strength_0p9/seed_21/splits/cifar10_split_seed21_clients5_alpha0p3_ref500.json,0.9,drift,20,conv2,3,0,0.999248743057251,0.9995957612991333,500
cka_feddst,cifar10,0.9,21,results/logs/cka_strength_sweep/cifar10_drift_all/strength_0p9/seed_21/splits/cifar10_split_seed21_clients5_alpha0p3_ref500.json,0.9,drift,20,conv2,3,1,0.9999459385871887,0.9995957612991333,500
cka_feddst,cifar10,0.9,21,results/logs/cka_strength_sweep/cifar10_drift_all/strength_0p9/seed_21/splits/cifar10_split_seed21_clients5_alpha0p3_ref500.json,0.9,drift,20,conv2,3,2,0.999957263469696,0.9995957612991333,500
cka_feddst,cifar10,0.9,21,results/logs/cka_strength_sweep/cifar10_drift_all/strength_0p9/seed_21/splits/cifar10_split_seed21_clients5_alpha0p3_ref500.json,0.9,drift,20,conv2,3,3,1.0,0.9995957612991333,500
cka_feddst,cifar10,0.9,21,results/logs/cka_strength_sweep/cifar10_drift_all/strength_0p9/seed_21/splits/cifar10_split_seed21_clients5_alpha0p3_ref500.json,0.9,drift,20,conv2,3,4,0.9999492764472961,0.9995957612991333,500
cka_feddst,cifar10,0.9,21,results/logs/cka_strength_sweep/cifar10_drift_all/strength_0p9/seed_21/splits/cifar10_split_seed21_clients5_alpha0p3_ref500.json,0.9,drift,20,conv2,4,0,0.9989044070243835,0.9995957612991333,500
cka_feddst,cifar10,0.9,21,results/logs/cka_strength_sweep/cifar10_drift_all/strength_0p9/seed_21/splits/cifar10_split_seed21_clients5_alpha0p3_ref500.json,0.9,drift,20,conv2,4,1,0.999947190284729,0.9995957612991333,500
cka_feddst,cifar10,0.9,21,results/logs/cka_strength_sweep/cifar10_drift_all/strength_0p9/seed_21/splits/cifar10_split_seed21_clients5_alpha0p3_ref500.json,0.9,drift,20,conv2,4,2,0.9999867677688599,0.9995957612991333,500
cka_feddst,cifar10,0.9,21,results/logs/cka_strength_sweep/cifar10_drift_all/strength_0p9/seed_21/splits/cifar10_split_seed21_clients5_alpha0p3_ref500.json,0.9,drift,20,conv2,4,3,0.9999492764472961,0.9995957612991333,500
cka_feddst,cifar10,0.9,21,results/logs/cka_strength_sweep/cifar10_drift_all/strength_0p9/seed_21/splits/cifar10_split_seed21_clients5_alpha0p3_ref500.json,0.9,drift,20,conv2,4,4,1.0,0.9995957612991333,500
cka_feddst,cifar10,0.9,21,results/logs/cka_strength_sweep/cifar10_drift_all/strength_0p9/seed_21/splits/cifar10_split_seed21_clients5_alpha0p3_ref500.json,0.9,drift,20,conv3,0,0,1.0,0.9988073110580444,500
cka_feddst,cifar10,0.9,21,results/logs/cka_strength_sweep/cifar10_drift_all/strength_0p9/seed_21/splits/cifar10_split_seed21_clients5_alpha0p3_ref500.json,0.9,drift,20,conv3,0,1,0.9975522756576538,0.9988073110580444,500
cka_feddst,cifar10,0.9,21,results/logs/cka_strength_sweep/cifar10_drift_all/strength_0p9/seed_21/splits/cifar10_split_seed21_clients5_alpha0p3_ref500.json,0.9,drift,20,conv3,0,2,0.9967465996742249,0.9988073110580444,500
cka_feddst,cifar10,0.9,21,results/logs/cka_strength_sweep/cifar10_drift_all/strength_0p9/seed_21/splits/cifar10_split_seed21_clients5_alpha0p3_ref500.json,0.9,drift,20,conv3,0,3,0.9980531930923462,0.9988073110580444,500
cka_feddst,cifar10,0.9,21,results/logs/cka_strength_sweep/cifar10_drift_all/strength_0p9/seed_21/splits/cifar10_split_seed21_clients5_alpha0p3_ref500.json,0.9,drift,20,conv3,0,4,0.996828019618988,0.9988073110580444,500
cka_feddst,cifar10,0.9,21,results/logs/cka_strength_sweep/cifar10_drift_all/strength_0p9/seed_21/splits/cifar10_split_seed21_clients5_alpha0p3_ref500.json,0.9,drift,20,conv3,1,0,0.9975522756576538,0.9988073110580444,500
cka_feddst,cifar10,0.9,21,results/logs/cka_strength_sweep/cifar10_drift_all/strength_0p9/seed_21/splits/cifar10_split_seed21_clients5_alpha0p3_ref500.json,0.9,drift,20,conv3,1,1,1.0,0.9988073110580444,500
cka_feddst,cifar10,0.9,21,results/logs/cka_strength_sweep/cifar10_drift_all/strength_0p9/seed_21/splits/cifar10_split_seed21_clients5_alpha0p3_ref500.json,0.9,drift,20,conv3,1,2,0.999737560749054,0.9988073110580444,500
cka_feddst,cifar10,0.9,21,results/logs/cka_strength_sweep/cifar10_drift_all/strength_0p9/seed_21/splits/cifar10_split_seed21_clients5_alpha0p3_ref500.json,0.9,drift,20,conv3,1,3,0.9997562170028687,0.9988073110580444,500
cka_feddst,cifar10,0.9,21,results/logs/cka_strength_sweep/cifar10_drift_all/strength_0p9/seed_21/splits/cifar10_split_seed21_clients5_alpha0p3_ref500.json,0.9,drift,20,conv3,1,4,0.9998655915260315,0.9988073110580444,500
cka_feddst,cifar10,0.9,21,results/logs/cka_strength_sweep/cifar10_drift_all/strength_0p9/seed_21/splits/cifar10_split_seed21_clients5_alpha0p3_ref500.json,0.9,drift,20,conv3,2,0,0.9967465996742249,0.9988073110580444,500
cka_feddst,cifar10,0.9,21,results/logs/cka_strength_sweep/cifar10_drift_all/strength_0p9/seed_21/splits/cifar10_split_seed21_clients5_alpha0p3_ref500.json,0.9,drift,20,conv3,2,1,0.999737560749054,0.9988073110580444,500
cka_feddst,cifar10,0.9,21,results/logs/cka_strength_sweep/cifar10_drift_all/strength_0p9/seed_21/splits/cifar10_split_seed21_clients5_alpha0p3_ref500.json,0.9,drift,20,conv3,2,2,1.0,0.9988073110580444,500
cka_feddst,cifar10,0.9,21,results/logs/cka_strength_sweep/cifar10_drift_all/strength_0p9/seed_21/splits/cifar10_split_seed21_clients5_alpha0p3_ref500.json,0.9,drift,20,conv3,2,3,0.9998117685317993,0.9988073110580444,500
cka_feddst,cifar10,0.9,21,results/logs/cka_strength_sweep/cifar10_drift_all/strength_0p9/seed_21/splits/cifar10_split_seed21_clients5_alpha0p3_ref500.json,0.9,drift,20,conv3,2,4,0.9999526739120483,0.9988073110580444,500
cka_feddst,cifar10,0.9,21,results/logs/cka_strength_sweep/cifar10_drift_all/strength_0p9/seed_21/splits/cifar10_split_seed21_clients5_alpha0p3_ref500.json,0.9,drift,20,conv3,3,0,0.9980531930923462,0.9988073110580444,500
cka_feddst,cifar10,0.9,21,results/logs/cka_strength_sweep/cifar10_drift_all/strength_0p9/seed_21/splits/cifar10_split_seed21_clients5_alpha0p3_ref500.json,0.9,drift,20,conv3,3,1,0.9997562170028687,0.9988073110580444,500
cka_feddst,cifar10,0.9,21,results/logs/cka_strength_sweep/cifar10_drift_all/strength_0p9/seed_21/splits/cifar10_split_seed21_clients5_alpha0p3_ref500.json,0.9,drift,20,conv3,3,2,0.9998117685317993,0.9988073110580444,500
cka_feddst,cifar10,0.9,21,results/logs/cka_strength_sweep/cifar10_drift_all/strength_0p9/seed_21/splits/cifar10_split_seed21_clients5_alpha0p3_ref500.json,0.9,drift,20,conv3,3,3,1.0,0.9988073110580444,500
cka_feddst,cifar10,0.9,21,results/logs/cka_strength_sweep/cifar10_drift_all/strength_0p9/seed_21/splits/cifar10_split_seed21_clients5_alpha0p3_ref500.json,0.9,drift,20,conv3,3,4,0.9997687339782715,0.9988073110580444,500
cka_feddst,cifar10,0.9,21,results/logs/cka_strength_sweep/cifar10_drift_all/strength_0p9/seed_21/splits/cifar10_split_seed21_clients5_alpha0p3_ref500.json,0.9,drift,20,conv3,4,0,0.996828019618988,0.9988073110580444,500
cka_feddst,cifar10,0.9,21,results/logs/cka_strength_sweep/cifar10_drift_all/strength_0p9/seed_21/splits/cifar10_split_seed21_clients5_alpha0p3_ref500.json,0.9,drift,20,conv3,4,1,0.9998655915260315,0.9988073110580444,500
cka_feddst,cifar10,0.9,21,results/logs/cka_strength_sweep/cifar10_drift_all/strength_0p9/seed_21/splits/cifar10_split_seed21_clients5_alpha0p3_ref500.json,0.9,drift,20,conv3,4,2,0.9999526739120483,0.9988073110580444,500
cka_feddst,cifar10,0.9,21,results/logs/cka_strength_sweep/cifar10_drift_all/strength_0p9/seed_21/splits/cifar10_split_seed21_clients5_alpha0p3_ref500.json,0.9,drift,20,conv3,4,3,0.9997687339782715,0.9988073110580444,500
cka_feddst,cifar10,0.9,21,results/logs/cka_strength_sweep/cifar10_drift_all/strength_0p9/seed_21/splits/cifar10_split_seed21_clients5_alpha0p3_ref500.json,0.9,drift,20,conv3,4,4,1.0,0.9988073110580444,500
cka_feddst,cifar10,0.9,21,results/logs/cka_strength_sweep/cifar10_drift_all/strength_0p9/seed_21/splits/cifar10_split_seed21_clients5_alpha0p3_ref500.json,0.9,drift,20,fc1,0,0,1.0,0.9953039884567261,500
cka_feddst,cifar10,0.9,21,results/logs/cka_strength_sweep/cifar10_drift_all/strength_0p9/seed_21/splits/cifar10_split_seed21_clients5_alpha0p3_ref500.json,0.9,drift,20,fc1,0,1,0.9920938611030579,0.9953039884567261,500
cka_feddst,cifar10,0.9,21,results/logs/cka_strength_sweep/cifar10_drift_all/strength_0p9/seed_21/splits/cifar10_split_seed21_clients5_alpha0p3_ref500.json,0.9,drift,20,fc1,0,2,0.989219605922699,0.9953039884567261,500
cka_feddst,cifar10,0.9,21,results/logs/cka_strength_sweep/cifar10_drift_all/strength_0p9/seed_21/splits/cifar10_split_seed21_clients5_alpha0p3_ref500.json,0.9,drift,20,fc1,0,3,0.9943323731422424,0.9953039884567261,500
cka_feddst,cifar10,0.9,21,results/logs/cka_strength_sweep/cifar10_drift_all/strength_0p9/seed_21/splits/cifar10_split_seed21_clients5_alpha0p3_ref500.json,0.9,drift,20,fc1,0,4,0.9906352758407593,0.9953039884567261,500
cka_feddst,cifar10,0.9,21,results/logs/cka_strength_sweep/cifar10_drift_all/strength_0p9/seed_21/splits/cifar10_split_seed21_clients5_alpha0p3_ref500.json,0.9,drift,20,fc1,1,0,0.9920938611030579,0.9953039884567261,500
cka_feddst,cifar10,0.9,21,results/logs/cka_strength_sweep/cifar10_drift_all/strength_0p9/seed_21/splits/cifar10_split_seed21_clients5_alpha0p3_ref500.json,0.9,drift,20,fc1,1,1,1.0,0.9953039884567261,500
cka_feddst,cifar10,0.9,21,results/logs/cka_strength_sweep/cifar10_drift_all/strength_0p9/seed_21/splits/cifar10_split_seed21_clients5_alpha0p3_ref500.json,0.9,drift,20,fc1,1,2,0.995331346988678,0.9953039884567261,500
cka_feddst,cifar10,0.9,21,results/logs/cka_strength_sweep/cifar10_drift_all/strength_0p9/seed_21/splits/cifar10_split_seed21_clients5_alpha0p3_ref500.json,0.9,drift,20,fc1,1,3,0.9976119995117188,0.9953039884567261,500
cka_feddst,cifar10,0.9,21,results/logs/cka_strength_sweep/cifar10_drift_all/strength_0p9/seed_21/splits/cifar10_split_seed21_clients5_alpha0p3_ref500.json,0.9,drift,20,fc1,1,4,0.9974002838134766,0.9953039884567261,500
cka_feddst,cifar10,0.9,21,results/logs/cka_strength_sweep/cifar10_drift_all/strength_0p9/seed_21/splits/cifar10_split_seed21_clients5_alpha0p3_ref500.json,0.9,drift,20,fc1,2,0,0.989219605922699,0.9953039884567261,500
cka_feddst,cifar10,0.9,21,results/logs/cka_strength_sweep/cifar10_drift_all/strength_0p9/seed_21/splits/cifar10_split_seed21_clients5_alpha0p3_ref500.json,0.9,drift,20,fc1,2,1,0.995331346988678,0.9953039884567261,500
cka_feddst,cifar10,0.9,21,results/logs/cka_strength_sweep/cifar10_drift_all/strength_0p9/seed_21/splits/cifar10_split_seed21_clients5_alpha0p3_ref500.json,0.9,drift,20,fc1,2,2,1.0,0.9953039884567261,500
cka_feddst,cifar10,0.9,21,results/logs/cka_strength_sweep/cifar10_drift_all/strength_0p9/seed_21/splits/cifar10_split_seed21_clients5_alpha0p3_ref500.json,0.9,drift,20,fc1,2,3,0.9985595345497131,0.9953039884567261,500
cka_feddst,cifar10,0.9,21,results/logs/cka_strength_sweep/cifar10_drift_all/strength_0p9/seed_21/splits/cifar10_split_seed21_clients5_alpha0p3_ref500.json,0.9,drift,20,fc1,2,4,0.998920202255249,0.9953039884567261,500
cka_feddst,cifar10,0.9,21,results/logs/cka_strength_sweep/cifar10_drift_all/strength_0p9/seed_21/splits/cifar10_split_seed21_clients5_alpha0p3_ref500.json,0.9,drift,20,fc1,3,0,0.9943323731422424,0.9953039884567261,500
cka_feddst,cifar10,0.9,21,results/logs/cka_strength_sweep/cifar10_drift_all/strength_0p9/seed_21/splits/cifar10_split_seed21_clients5_alpha0p3_ref500.json,0.9,drift,20,fc1,3,1,0.9976119995117188,0.9953039884567261,500
cka_feddst,cifar10,0.9,21,results/logs/cka_strength_sweep/cifar10_drift_all/strength_0p9/seed_21/splits/cifar10_split_seed21_clients5_alpha0p3_ref500.json,0.9,drift,20,fc1,3,2,0.9985595345497131,0.9953039884567261,500
cka_feddst,cifar10,0.9,21,results/logs/cka_strength_sweep/cifar10_drift_all/strength_0p9/seed_21/splits/cifar10_split_seed21_clients5_alpha0p3_ref500.json,0.9,drift,20,fc1,3,3,1.0,0.9953039884567261,500
cka_feddst,cifar10,0.9,21,results/logs/cka_strength_sweep/cifar10_drift_all/strength_0p9/seed_21/splits/cifar10_split_seed21_clients5_alpha0p3_ref500.json,0.9,drift,20,fc1,3,4,0.9989350438117981,0.9953039884567261,500
cka_feddst,cifar10,0.9,21,results/logs/cka_strength_sweep/cifar10_drift_all/strength_0p9/seed_21/splits/cifar10_split_seed21_clients5_alpha0p3_ref500.json,0.9,drift,20,fc1,4,0,0.9906352758407593,0.9953039884567261,500
cka_feddst,cifar10,0.9,21,results/logs/cka_strength_sweep/cifar10_drift_all/strength_0p9/seed_21/splits/cifar10_split_seed21_clients5_alpha0p3_ref500.json,0.9,drift,20,fc1,4,1,0.9974002838134766,0.9953039884567261,500
cka_feddst,cifar10,0.9,21,results/logs/cka_strength_sweep/cifar10_drift_all/strength_0p9/seed_21/splits/cifar10_split_seed21_clients5_alpha0p3_ref500.json,0.9,drift,20,fc1,4,2,0.998920202255249,0.9953039884567261,500
cka_feddst,cifar10,0.9,21,results/logs/cka_strength_sweep/cifar10_drift_all/strength_0p9/seed_21/splits/cifar10_split_seed21_clients5_alpha0p3_ref500.json,0.9,drift,20,fc1,4,3,0.9989350438117981,0.9953039884567261,500
cka_feddst,cifar10,0.9,21,results/logs/cka_strength_sweep/cifar10_drift_all/strength_0p9/seed_21/splits/cifar10_split_seed21_clients5_alpha0p3_ref500.json,0.9,drift,20,fc1,4,4,1.0,0.9953039884567261,500
