method,dataset,sparsity,seed,split_manifest_path,cka_strength,round,layer,client_i,client_j,cka,average_layer_cka,num_reference_samples
cka_feddst,fashion_mnist,0.7,13,results/logs/cka_strength_sweep/fashion_mnist_all_20260517_180855/strength_0p9/seed_13/splits/fashion_mnist_split_seed13_clients5_alpha0p3_ref200.json,0.9,2,conv1,0,0,1.0,0.999983012676239,200
cka_feddst,fashion_mnist,0.7,13,results/logs/cka_strength_sweep/fashion_mnist_all_20260517_180855/strength_0p9/seed_13/splits/fashion_mnist_split_seed13_clients5_alpha0p3_ref200.json,0.9,2,conv1,0,1,0.9999772906303406,0.999983012676239,200
cka_feddst,fashion_mnist,0.7,13,results/logs/cka_strength_sweep/fashion_mnist_all_20260517_180855/strength_0p9/seed_13/splits/fashion_mnist_split_seed13_clients5_alpha0p3_ref200.json,0.9,2,conv1,0,2,0.9999952912330627,0.999983012676239,200
cka_feddst,fashion_mnist,0.7,13,results/logs/cka_strength_sweep/fashion_mnist_all_20260517_180855/strength_0p9/seed_13/splits/fashion_mnist_split_seed13_clients5_alpha0p3_ref200.json,0.9,2,conv1,0,3,0.9999556541442871,0.999983012676239,200
cka_feddst,fashion_mnist,0.7,13,results/logs/cka_strength_sweep/fashion_mnist_all_20260517_180855/strength_0p9/seed_13/splits/fashion_mnist_split_seed13_clients5_alpha0p3_ref200.json,0.9,2,conv1,0,4,0.9999549984931946,0.999983012676239,200
cka_feddst,fashion_mnist,0.7,13,results/logs/cka_strength_sweep/fashion_mnist_all_20260517_180855/strength_0p9/seed_13/splits/fashion_mnist_split_seed13_clients5_alpha0p3_ref200.json,0.9,2,conv1,1,0,0.9999772906303406,0.999983012676239,200
cka_feddst,fashion_mnist,0.7,13,results/logs/cka_strength_sweep/fashion_mnist_all_20260517_180855/strength_0p9/seed_13/splits/fashion_mnist_split_seed13_clients5_alpha0p3_ref200.json,0.9,2,conv1,1,1,1.0,0.999983012676239,200
cka_feddst,fashion_mnist,0.7,13,results/logs/cka_strength_sweep/fashion_mnist_all_20260517_180855/strength_0p9/seed_13/splits/fashion_mnist_split_seed13_clients5_alpha0p3_ref200.json,0.9,2,conv1,1,2,0.9999933838844299,0.999983012676239,200
cka_feddst,fashion_mnist,0.7,13,results/logs/cka_strength_sweep/fashion_mnist_all_20260517_180855/strength_0p9/seed_13/splits/fashion_mnist_split_seed13_clients5_alpha0p3_ref200.json,0.9,2,conv1,1,3,0.9999969005584717,0.999983012676239,200
cka_feddst,fashion_mnist,0.7,13,results/logs/cka_strength_sweep/fashion_mnist_all_20260517_180855/strength_0p9/seed_13/splits/fashion_mnist_split_seed13_clients5_alpha0p3_ref200.json,0.9,2,conv1,1,4,0.9999967217445374,0.999983012676239,200
cka_feddst,fashion_mnist,0.7,13,results/logs/cka_strength_sweep/fashion_mnist_all_20260517_180855/strength_0p9/seed_13/splits/fashion_mnist_split_seed13_clients5_alpha0p3_ref200.json,0.9,2,conv1,2,0,0.9999952912330627,0.999983012676239,200
cka_feddst,fashion_mnist,0.7,13,results/logs/cka_strength_sweep/fashion_mnist_all_20260517_180855/strength_0p9/seed_13/splits/fashion_mnist_split_seed13_clients5_alpha0p3_ref200.json,0.9,2,conv1,2,1,0.9999933838844299,0.999983012676239,200
cka_feddst,fashion_mnist,0.7,13,results/logs/cka_strength_sweep/fashion_mnist_all_20260517_180855/strength_0p9/seed_13/splits/fashion_mnist_split_seed13_clients5_alpha0p3_ref200.json,0.9,2,conv1,2,2,1.0,0.999983012676239,200
cka_feddst,fashion_mnist,0.7,13,results/logs/cka_strength_sweep/fashion_mnist_all_20260517_180855/strength_0p9/seed_13/splits/fashion_mnist_split_seed13_clients5_alpha0p3_ref200.json,0.9,2,conv1,2,3,0.9999799728393555,0.999983012676239,200
cka_feddst,fashion_mnist,0.7,13,results/logs/cka_strength_sweep/fashion_mnist_all_20260517_180855/strength_0p9/seed_13/splits/fashion_mnist_split_seed13_clients5_alpha0p3_ref200.json,0.9,2,conv1,2,4,0.999979555606842,0.999983012676239,200
cka_feddst,fashion_mnist,0.7,13,results/logs/cka_strength_sweep/fashion_mnist_all_20260517_180855/strength_0p9/seed_13/splits/fashion_mnist_split_seed13_clients5_alpha0p3_ref200.json,0.9,2,conv1,3,0,0.9999556541442871,0.999983012676239,200
cka_feddst,fashion_mnist,0.7,13,results/logs/cka_strength_sweep/fashion_mnist_all_20260517_180855/strength_0p9/seed_13/splits/fashion_mnist_split_seed13_clients5_alpha0p3_ref200.json,0.9,2,conv1,3,1,0.9999969005584717,0.999983012676239,200
cka_feddst,fashion_mnist,0.7,13,results/logs/cka_strength_sweep/fashion_mnist_all_20260517_180855/strength_0p9/seed_13/splits/fashion_mnist_split_seed13_clients5_alpha0p3_ref200.json,0.9,2,conv1,3,2,0.9999799728393555,0.999983012676239,200
cka_feddst,fashion_mnist,0.7,13,results/logs/cka_strength_sweep/fashion_mnist_all_20260517_180855/strength_0p9/seed_13/splits/fashion_mnist_split_seed13_clients5_alpha0p3_ref200.json,0.9,2,conv1,3,3,1.0,0.999983012676239,200
cka_feddst,fashion_mnist,0.7,13,results/logs/cka_strength_sweep/fashion_mnist_all_20260517_180855/strength_0p9/seed_13/splits/fashion_mnist_split_seed13_clients5_alpha0p3_ref200.json,0.9,2,conv1,3,4,1.0,0.999983012676239,200
cka_feddst,fashion_mnist,0.7,13,results/logs/cka_strength_sweep/fashion_mnist_all_20260517_180855/strength_0p9/seed_13/splits/fashion_mnist_split_seed13_clients5_alpha0p3_ref200.json,0.9,2,conv1,4,0,0.9999549984931946,0.999983012676239,200
cka_feddst,fashion_mnist,0.7,13,results/logs/cka_strength_sweep/fashion_mnist_all_20260517_180855/strength_0p9/seed_13/splits/fashion_mnist_split_seed13_clients5_alpha0p3_ref200.json,0.9,2,conv1,4,1,0.9999967217445374,0.999983012676239,200
cka_feddst,fashion_mnist,0.7,13,results/logs/cka_strength_sweep/fashion_mnist_all_20260517_180855/strength_0p9/seed_13/splits/fashion_mnist_split_seed13_clients5_alpha0p3_ref200.json,0.9,2,conv1,4,2,0.999979555606842,0.999983012676239,200
cka_feddst,fashion_mnist,0.7,13,results/logs/cka_strength_sweep/fashion_mnist_all_20260517_180855/strength_0p9/seed_13/splits/fashion_mnist_split_seed13_clients5_alpha0p3_ref200.json,0.9,2,conv1,4,3,1.0,0.999983012676239,200
cka_feddst,fashion_mnist,0.7,13,results/logs/cka_strength_sweep/fashion_mnist_all_20260517_180855/strength_0p9/seed_13/splits/fashion_mnist_split_seed13_clients5_alpha0p3_ref200.json,0.9,2,conv1,4,4,1.0,0.999983012676239,200
cka_feddst,fashion_mnist,0.7,13,results/logs/cka_strength_sweep/fashion_mnist_all_20260517_180855/strength_0p9/seed_13/splits/fashion_mnist_split_seed13_clients5_alpha0p3_ref200.json,0.9,2,conv2,0,0,1.0,0.9999963045120239,200
cka_feddst,fashion_mnist,0.7,13,results/logs/cka_strength_sweep/fashion_mnist_all_20260517_180855/strength_0p9/seed_13/splits/fashion_mnist_split_seed13_clients5_alpha0p3_ref200.json,0.9,2,conv2,0,1,0.9999949336051941,0.9999963045120239,200
cka_feddst,fashion_mnist,0.7,13,results/logs/cka_strength_sweep/fashion_mnist_all_20260517_180855/strength_0p9/seed_13/splits/fashion_mnist_split_seed13_clients5_alpha0p3_ref200.json,0.9,2,conv2,0,2,0.9999971985816956,0.9999963045120239,200
cka_feddst,fashion_mnist,0.7,13,results/logs/cka_strength_sweep/fashion_mnist_all_20260517_180855/strength_0p9/seed_13/splits/fashion_mnist_split_seed13_clients5_alpha0p3_ref200.json,0.9,2,conv2,0,3,0.9999954700469971,0.9999963045120239,200
cka_feddst,fashion_mnist,0.7,13,results/logs/cka_strength_sweep/fashion_mnist_all_20260517_180855/strength_0p9/seed_13/splits/fashion_mnist_split_seed13_clients5_alpha0p3_ref200.json,0.9,2,conv2,0,4,0.9999961256980896,0.9999963045120239,200
cka_feddst,fashion_mnist,0.7,13,results/logs/cka_strength_sweep/fashion_mnist_all_20260517_180855/strength_0p9/seed_13/splits/fashion_mnist_split_seed13_clients5_alpha0p3_ref200.json,0.9,2,conv2,1,0,0.9999949336051941,0.9999963045120239,200
cka_feddst,fashion_mnist,0.7,13,results/logs/cka_strength_sweep/fashion_mnist_all_20260517_180855/strength_0p9/seed_13/splits/fashion_mnist_split_seed13_clients5_alpha0p3_ref200.json,0.9,2,conv2,1,1,1.0,0.9999963045120239,200
cka_feddst,fashion_mnist,0.7,13,results/logs/cka_strength_sweep/fashion_mnist_all_20260517_180855/strength_0p9/seed_13/splits/fashion_mnist_split_seed13_clients5_alpha0p3_ref200.json,0.9,2,conv2,1,2,0.999993085861206,0.9999963045120239,200
cka_feddst,fashion_mnist,0.7,13,results/logs/cka_strength_sweep/fashion_mnist_all_20260517_180855/strength_0p9/seed_13/splits/fashion_mnist_split_seed13_clients5_alpha0p3_ref200.json,0.9,2,conv2,1,3,0.9999988079071045,0.9999963045120239,200
cka_feddst,fashion_mnist,0.7,13,results/logs/cka_strength_sweep/fashion_mnist_all_20260517_180855/strength_0p9/seed_13/splits/fashion_mnist_split_seed13_clients5_alpha0p3_ref200.json,0.9,2,conv2,1,4,0.9999980926513672,0.9999963045120239,200
cka_feddst,fashion_mnist,0.7,13,results/logs/cka_strength_sweep/fashion_mnist_all_20260517_180855/strength_0p9/seed_13/splits/fashion_mnist_split_seed13_clients5_alpha0p3_ref200.json,0.9,2,conv2,2,0,0.9999971985816956,0.9999963045120239,200
cka_feddst,fashion_mnist,0.7,13,results/logs/cka_strength_sweep/fashion_mnist_all_20260517_180855/strength_0p9/seed_13/splits/fashion_mnist_split_seed13_clients5_alpha0p3_ref200.json,0.9,2,conv2,2,1,0.999993085861206,0.9999963045120239,200
cka_feddst,fashion_mnist,0.7,13,results/logs/cka_strength_sweep/fashion_mnist_all_20260517_180855/strength_0p9/seed_13/splits/fashion_mnist_split_seed13_clients5_alpha0p3_ref200.json,0.9,2,conv2,2,2,1.0,0.9999963045120239,200
cka_feddst,fashion_mnist,0.7,13,results/logs/cka_strength_sweep/fashion_mnist_all_20260517_180855/strength_0p9/seed_13/splits/fashion_mnist_split_seed13_clients5_alpha0p3_ref200.json,0.9,2,conv2,2,3,0.9999951720237732,0.9999963045120239,200
cka_feddst,fashion_mnist,0.7,13,results/logs/cka_strength_sweep/fashion_mnist_all_20260517_180855/strength_0p9/seed_13/splits/fashion_mnist_split_seed13_clients5_alpha0p3_ref200.json,0.9,2,conv2,2,4,0.9999951720237732,0.9999963045120239,200
cka_feddst,fashion_mnist,0.7,13,results/logs/cka_strength_sweep/fashion_mnist_all_20260517_180855/strength_0p9/seed_13/splits/fashion_mnist_split_seed13_clients5_alpha0p3_ref200.json,0.9,2,conv2,3,0,0.9999954700469971,0.9999963045120239,200
cka_feddst,fashion_mnist,0.7,13,results/logs/cka_strength_sweep/fashion_mnist_all_20260517_180855/strength_0p9/seed_13/splits/fashion_mnist_split_seed13_clients5_alpha0p3_ref200.json,0.9,2,conv2,3,1,0.9999988079071045,0.9999963045120239,200
cka_feddst,fashion_mnist,0.7,13,results/logs/cka_strength_sweep/fashion_mnist_all_20260517_180855/strength_0p9/seed_13/splits/fashion_mnist_split_seed13_clients5_alpha0p3_ref200.json,0.9,2,conv2,3,2,0.9999951720237732,0.9999963045120239,200
cka_feddst,fashion_mnist,0.7,13,results/logs/cka_strength_sweep/fashion_mnist_all_20260517_180855/strength_0p9/seed_13/splits/fashion_mnist_split_seed13_clients5_alpha0p3_ref200.json,0.9,2,conv2,3,3,1.0,0.9999963045120239,200
cka_feddst,fashion_mnist,0.7,13,results/logs/cka_strength_sweep/fashion_mnist_all_20260517_180855/strength_0p9/seed_13/splits/fashion_mnist_split_seed13_clients5_alpha0p3_ref200.json,0.9,2,conv2,3,4,0.9999982118606567,0.9999963045120239,200
cka_feddst,fashion_mnist,0.7,13,results/logs/cka_strength_sweep/fashion_mnist_all_20260517_180855/strength_0p9/seed_13/splits/fashion_mnist_split_seed13_clients5_alpha0p3_ref200.json,0.9,2,conv2,4,0,0.9999961256980896,0.9999963045120239,200
cka_feddst,fashion_mnist,0.7,13,results/logs/cka_strength_sweep/fashion_mnist_all_20260517_180855/strength_0p9/seed_13/splits/fashion_mnist_split_seed13_clients5_alpha0p3_ref200.json,0.9,2,conv2,4,1,0.9999980926513672,0.9999963045120239,200
cka_feddst,fashion_mnist,0.7,13,results/logs/cka_strength_sweep/fashion_mnist_all_20260517_180855/strength_0p9/seed_13/splits/fashion_mnist_split_seed13_clients5_alpha0p3_ref200.json,0.9,2,conv2,4,2,0.9999951720237732,0.9999963045120239,200
cka_feddst,fashion_mnist,0.7,13,results/logs/cka_strength_sweep/fashion_mnist_all_20260517_180855/strength_0p9/seed_13/splits/fashion_mnist_split_seed13_clients5_alpha0p3_ref200.json,0.9,2,conv2,4,3,0.9999982118606567,0.9999963045120239,200
cka_feddst,fashion_mnist,0.7,13,results/logs/cka_strength_sweep/fashion_mnist_all_20260517_180855/strength_0p9/seed_13/splits/fashion_mnist_split_seed13_clients5_alpha0p3_ref200.json,0.9,2,conv2,4,4,1.0,0.9999963045120239,200
cka_feddst,fashion_mnist,0.7,13,results/logs/cka_strength_sweep/fashion_mnist_all_20260517_180855/strength_0p9/seed_13/splits/fashion_mnist_split_seed13_clients5_alpha0p3_ref200.json,0.9,2,fc1,0,0,1.0,0.9029736518859863,200
cka_feddst,fashion_mnist,0.7,13,results/logs/cka_strength_sweep/fashion_mnist_all_20260517_180855/strength_0p9/seed_13/splits/fashion_mnist_split_seed13_clients5_alpha0p3_ref200.json,0.9,2,fc1,0,1,0.8979436159133911,0.9029736518859863,200
cka_feddst,fashion_mnist,0.7,13,results/logs/cka_strength_sweep/fashion_mnist_all_20260517_180855/strength_0p9/seed_13/splits/fashion_mnist_split_seed13_clients5_alpha0p3_ref200.json,0.9,2,fc1,0,2,0.9671590924263,0.9029736518859863,200
cka_feddst,fashion_mnist,0.7,13,results/logs/cka_strength_sweep/fashion_mnist_all_20260517_180855/strength_0p9/seed_13/splits/fashion_mnist_split_seed13_clients5_alpha0p3_ref200.json,0.9,2,fc1,0,3,0.9280776977539062,0.9029736518859863,200
cka_feddst,fashion_mnist,0.7,13,results/logs/cka_strength_sweep/fashion_mnist_all_20260517_180855/strength_0p9/seed_13/splits/fashion_mnist_split_seed13_clients5_alpha0p3_ref200.json,0.9,2,fc1,0,4,0.9380903244018555,0.9029736518859863,200
cka_feddst,fashion_mnist,0.7,13,results/logs/cka_strength_sweep/fashion_mnist_all_20260517_180855/strength_0p9/seed_13/splits/fashion_mnist_split_seed13_clients5_alpha0p3_ref200.json,0.9,2,fc1,1,0,0.8979436159133911,0.9029736518859863,200
cka_feddst,fashion_mnist,0.7,13,results/logs/cka_strength_sweep/fashion_mnist_all_20260517_180855/strength_0p9/seed_13/splits/fashion_mnist_split_seed13_clients5_alpha0p3_ref200.json,0.9,2,fc1,1,1,1.0,0.9029736518859863,200
cka_feddst,fashion_mnist,0.7,13,results/logs/cka_strength_sweep/fashion_mnist_all_20260517_180855/strength_0p9/seed_13/splits/fashion_mnist_split_seed13_clients5_alpha0p3_ref200.json,0.9,2,fc1,1,2,0.8763067126274109,0.9029736518859863,200
cka_feddst,fashion_mnist,0.7,13,results/logs/cka_strength_sweep/fashion_mnist_all_20260517_180855/strength_0p9/seed_13/splits/fashion_mnist_split_seed13_clients5_alpha0p3_ref200.json,0.9,2,fc1,1,3,0.8480939865112305,0.9029736518859863,200
cka_feddst,fashion_mnist,0.7,13,results/logs/cka_strength_sweep/fashion_mnist_all_20260517_180855/strength_0p9/seed_13/splits/fashion_mnist_split_seed13_clients5_alpha0p3_ref200.json,0.9,2,fc1,1,4,0.8503679633140564,0.9029736518859863,200
cka_feddst,fashion_mnist,0.7,13,results/logs/cka_strength_sweep/fashion_mnist_all_20260517_180855/strength_0p9/seed_13/splits/fashion_mnist_split_seed13_clients5_alpha0p3_ref200.json,0.9,2,fc1,2,0,0.9671590924263,0.9029736518859863,200
cka_feddst,fashion_mnist,0.7,13,results/logs/cka_strength_sweep/fashion_mnist_all_20260517_180855/strength_0p9/seed_13/splits/fashion_mnist_split_seed13_clients5_alpha0p3_ref200.json,0.9,2,fc1,2,1,0.8763067126274109,0.9029736518859863,200
cka_feddst,fashion_mnist,0.7,13,results/logs/cka_strength_sweep/fashion_mnist_all_20260517_180855/strength_0p9/seed_13/splits/fashion_mnist_split_seed13_clients5_alpha0p3_ref200.json,0.9,2,fc1,2,2,1.0,0.9029736518859863,200
cka_feddst,fashion_mnist,0.7,13,results/logs/cka_strength_sweep/fashion_mnist_all_20260517_180855/strength_0p9/seed_13/splits/fashion_mnist_split_seed13_clients5_alpha0p3_ref200.json,0.9,2,fc1,2,3,0.866851806640625,0.9029736518859863,200
cka_feddst,fashion_mnist,0.7,13,results/logs/cka_strength_sweep/fashion_mnist_all_20260517_180855/strength_0p9/seed_13/splits/fashion_mnist_split_seed13_clients5_alpha0p3_ref200.json,0.9,2,fc1,2,4,0.8835124373435974,0.9029736518859863,200
cka_feddst,fashion_mnist,0.7,13,results/logs/cka_strength_sweep/fashion_mnist_all_20260517_180855/strength_0p9/seed_13/splits/fashion_mnist_split_seed13_clients5_alpha0p3_ref200.json,0.9,2,fc1,3,0,0.9280776977539062,0.9029736518859863,200
cka_feddst,fashion_mnist,0.7,13,results/logs/cka_strength_sweep/fashion_mnist_all_20260517_180855/strength_0p9/seed_13/splits/fashion_mnist_split_seed13_clients5_alpha0p3_ref200.json,0.9,2,fc1,3,1,0.8480939865112305,0.9029736518859863,200
cka_feddst,fashion_mnist,0.7,13,results/logs/cka_strength_sweep/fashion_mnist_all_20260517_180855/strength_0p9/seed_13/splits/fashion_mnist_split_seed13_clients5_alpha0p3_ref200.json,0.9,2,fc1,3,2,0.866851806640625,0.9029736518859863,200
cka_feddst,fashion_mnist,0.7,13,results/logs/cka_strength_sweep/fashion_mnist_all_20260517_180855/strength_0p9/seed_13/splits/fashion_mnist_split_seed13_clients5_alpha0p3_ref200.json,0.9,2,fc1,3,3,1.0,0.9029736518859863,200
cka_feddst,fashion_mnist,0.7,13,results/logs/cka_strength_sweep/fashion_mnist_all_20260517_180855/strength_0p9/seed_13/splits/fashion_mnist_split_seed13_clients5_alpha0p3_ref200.json,0.9,2,fc1,3,4,0.9733333587646484,0.9029736518859863,200
cka_feddst,fashion_mnist,0.7,13,results/logs/cka_strength_sweep/fashion_mnist_all_20260517_180855/strength_0p9/seed_13/splits/fashion_mnist_split_seed13_clients5_alpha0p3_ref200.json,0.9,2,fc1,4,0,0.9380903244018555,0.9029736518859863,200
cka_feddst,fashion_mnist,0.7,13,results/logs/cka_strength_sweep/fashion_mnist_all_20260517_180855/strength_0p9/seed_13/splits/fashion_mnist_split_seed13_clients5_alpha0p3_ref200.json,0.9,2,fc1,4,1,0.8503679633140564,0.9029736518859863,200
cka_feddst,fashion_mnist,0.7,13,results/logs/cka_strength_sweep/fashion_mnist_all_20260517_180855/strength_0p9/seed_13/splits/fashion_mnist_split_seed13_clients5_alpha0p3_ref200.json,0.9,2,fc1,4,2,0.8835124373435974,0.9029736518859863,200
cka_feddst,fashion_mnist,0.7,13,results/logs/cka_strength_sweep/fashion_mnist_all_20260517_180855/strength_0p9/seed_13/splits/fashion_mnist_split_seed13_clients5_alpha0p3_ref200.json,0.9,2,fc1,4,3,0.9733333587646484,0.9029736518859863,200
cka_feddst,fashion_mnist,0.7,13,results/logs/cka_strength_sweep/fashion_mnist_all_20260517_180855/strength_0p9/seed_13/splits/fashion_mnist_split_seed13_clients5_alpha0p3_ref200.json,0.9,2,fc1,4,4,1.0,0.9029736518859863,200
cka_feddst,fashion_mnist,0.7,13,results/logs/cka_strength_sweep/fashion_mnist_all_20260517_180855/strength_0p9/seed_13/splits/fashion_mnist_split_seed13_clients5_alpha0p3_ref200.json,0.9,4,conv1,0,0,1.0,0.9999973177909851,200
cka_feddst,fashion_mnist,0.7,13,results/logs/cka_strength_sweep/fashion_mnist_all_20260517_180855/strength_0p9/seed_13/splits/fashion_mnist_split_seed13_clients5_alpha0p3_ref200.json,0.9,4,conv1,0,1,0.9999988079071045,0.9999973177909851,200
cka_feddst,fashion_mnist,0.7,13,results/logs/cka_strength_sweep/fashion_mnist_all_20260517_180855/strength_0p9/seed_13/splits/fashion_mnist_split_seed13_clients5_alpha0p3_ref200.json,0.9,4,conv1,0,2,0.9999992847442627,0.9999973177909851,200
cka_feddst,fashion_mnist,0.7,13,results/logs/cka_strength_sweep/fashion_mnist_all_20260517_180855/strength_0p9/seed_13/splits/fashion_mnist_split_seed13_clients5_alpha0p3_ref200.json,0.9,4,conv1,0,3,0.9999992251396179,0.9999973177909851,200
cka_feddst,fashion_mnist,0.7,13,results/logs/cka_strength_sweep/fashion_mnist_all_20260517_180855/strength_0p9/seed_13/splits/fashion_mnist_split_seed13_clients5_alpha0p3_ref200.json,0.9,4,conv1,0,4,0.9999957084655762,0.9999973177909851,200
cka_feddst,fashion_mnist,0.7,13,results/logs/cka_strength_sweep/fashion_mnist_all_20260517_180855/strength_0p9/seed_13/splits/fashion_mnist_split_seed13_clients5_alpha0p3_ref200.json,0.9,4,conv1,1,0,0.9999988079071045,0.9999973177909851,200
cka_feddst,fashion_mnist,0.7,13,results/logs/cka_strength_sweep/fashion_mnist_all_20260517_180855/strength_0p9/seed_13/splits/fashion_mnist_split_seed13_clients5_alpha0p3_ref200.json,0.9,4,conv1,1,1,1.0,0.9999973177909851,200
cka_feddst,fashion_mnist,0.7,13,results/logs/cka_strength_sweep/fashion_mnist_all_20260517_180855/strength_0p9/seed_13/splits/fashion_mnist_split_seed13_clients5_alpha0p3_ref200.json,0.9,4,conv1,1,2,0.9999958276748657,0.9999973177909851,200
cka_feddst,fashion_mnist,0.7,13,results/logs/cka_strength_sweep/fashion_mnist_all_20260517_180855/strength_0p9/seed_13/splits/fashion_mnist_split_seed13_clients5_alpha0p3_ref200.json,0.9,4,conv1,1,3,0.9999998211860657,0.9999973177909851,200
cka_feddst,fashion_mnist,0.7,13,results/logs/cka_strength_sweep/fashion_mnist_all_20260517_180855/strength_0p9/seed_13/splits/fashion_mnist_split_seed13_clients5_alpha0p3_ref200.json,0.9,4,conv1,1,4,0.9999994039535522,0.9999973177909851,200
cka_feddst,fashion_mnist,0.7,13,results/logs/cka_strength_sweep/fashion_mnist_all_20260517_180855/strength_0p9/seed_13/splits/fashion_mnist_split_seed13_clients5_alpha0p3_ref200.json,0.9,4,conv1,2,0,0.9999992847442627,0.9999973177909851,200
cka_feddst,fashion_mnist,0.7,13,results/logs/cka_strength_sweep/fashion_mnist_all_20260517_180855/strength_0p9/seed_13/splits/fashion_mnist_split_seed13_clients5_alpha0p3_ref200.json,0.9,4,conv1,2,1,0.9999958276748657,0.9999973177909851,200
cka_feddst,fashion_mnist,0.7,13,results/logs/cka_strength_sweep/fashion_mnist_all_20260517_180855/strength_0p9/seed_13/splits/fashion_mnist_split_seed13_clients5_alpha0p3_ref200.json,0.9,4,conv1,2,2,1.0,0.9999973177909851,200
cka_feddst,fashion_mnist,0.7,13,results/logs/cka_strength_sweep/fashion_mnist_all_20260517_180855/strength_0p9/seed_13/splits/fashion_mnist_split_seed13_clients5_alpha0p3_ref200.json,0.9,4,conv1,2,3,0.9999966621398926,0.9999973177909851,200
cka_feddst,fashion_mnist,0.7,13,results/logs/cka_strength_sweep/fashion_mnist_all_20260517_180855/strength_0p9/seed_13/splits/fashion_mnist_split_seed13_clients5_alpha0p3_ref200.json,0.9,4,conv1,2,4,0.9999908208847046,0.9999973177909851,200
cka_feddst,fashion_mnist,0.7,13,results/logs/cka_strength_sweep/fashion_mnist_all_20260517_180855/strength_0p9/seed_13/splits/fashion_mnist_split_seed13_clients5_alpha0p3_ref200.json,0.9,4,conv1,3,0,0.9999992251396179,0.9999973177909851,200
cka_feddst,fashion_mnist,0.7,13,results/logs/cka_strength_sweep/fashion_mnist_all_20260517_180855/strength_0p9/seed_13/splits/fashion_mnist_split_seed13_clients5_alpha0p3_ref200.json,0.9,4,conv1,3,1,0.9999998211860657,0.9999973177909851,200
cka_feddst,fashion_mnist,0.7,13,results/logs/cka_strength_sweep/fashion_mnist_all_20260517_180855/strength_0p9/seed_13/splits/fashion_mnist_split_seed13_clients5_alpha0p3_ref200.json,0.9,4,conv1,3,2,0.9999966621398926,0.9999973177909851,200
cka_feddst,fashion_mnist,0.7,13,results/logs/cka_strength_sweep/fashion_mnist_all_20260517_180855/strength_0p9/seed_13/splits/fashion_mnist_split_seed13_clients5_alpha0p3_ref200.json,0.9,4,conv1,3,3,1.0,0.9999973177909851,200
cka_feddst,fashion_mnist,0.7,13,results/logs/cka_strength_sweep/fashion_mnist_all_20260517_180855/strength_0p9/seed_13/splits/fashion_mnist_split_seed13_clients5_alpha0p3_ref200.json,0.9,4,conv1,3,4,0.9999984502792358,0.9999973177909851,200
cka_feddst,fashion_mnist,0.7,13,results/logs/cka_strength_sweep/fashion_mnist_all_20260517_180855/strength_0p9/seed_13/splits/fashion_mnist_split_seed13_clients5_alpha0p3_ref200.json,0.9,4,conv1,4,0,0.9999957084655762,0.9999973177909851,200
cka_feddst,fashion_mnist,0.7,13,results/logs/cka_strength_sweep/fashion_mnist_all_20260517_180855/strength_0p9/seed_13/splits/fashion_mnist_split_seed13_clients5_alpha0p3_ref200.json,0.9,4,conv1,4,1,0.9999994039535522,0.9999973177909851,200
cka_feddst,fashion_mnist,0.7,13,results/logs/cka_strength_sweep/fashion_mnist_all_20260517_180855/strength_0p9/seed_13/splits/fashion_mnist_split_seed13_clients5_alpha0p3_ref200.json,0.9,4,conv1,4,2,0.9999908208847046,0.9999973177909851,200
cka_feddst,fashion_mnist,0.7,13,results/logs/cka_strength_sweep/fashion_mnist_all_20260517_180855/strength_0p9/seed_13/splits/fashion_mnist_split_seed13_clients5_alpha0p3_ref200.json,0.9,4,conv1,4,3,0.9999984502792358,0.9999973177909851,200
cka_feddst,fashion_mnist,0.7,13,results/logs/cka_strength_sweep/fashion_mnist_all_20260517_180855/strength_0p9/seed_13/splits/fashion_mnist_split_seed13_clients5_alpha0p3_ref200.json,0.9,4,conv1,4,4,1.0,0.9999973177909851,200
cka_feddst,fashion_mnist,0.7,13,results/logs/cka_strength_sweep/fashion_mnist_all_20260517_180855/strength_0p9/seed_13/splits/fashion_mnist_split_seed13_clients5_alpha0p3_ref200.json,0.9,4,conv2,0,0,1.0,0.9999939203262329,200
cka_feddst,fashion_mnist,0.7,13,results/logs/cka_strength_sweep/fashion_mnist_all_20260517_180855/strength_0p9/seed_13/splits/fashion_mnist_split_seed13_clients5_alpha0p3_ref200.json,0.9,4,conv2,0,1,0.9999990463256836,0.9999939203262329,200
cka_feddst,fashion_mnist,0.7,13,results/logs/cka_strength_sweep/fashion_mnist_all_20260517_180855/strength_0p9/seed_13/splits/fashion_mnist_split_seed13_clients5_alpha0p3_ref200.json,0.9,4,conv2,0,2,0.9999934434890747,0.9999939203262329,200
cka_feddst,fashion_mnist,0.7,13,results/logs/cka_strength_sweep/fashion_mnist_all_20260517_180855/strength_0p9/seed_13/splits/fashion_mnist_split_seed13_clients5_alpha0p3_ref200.json,0.9,4,conv2,0,3,0.9999983310699463,0.9999939203262329,200
cka_feddst,fashion_mnist,0.7,13,results/logs/cka_strength_sweep/fashion_mnist_all_20260517_180855/strength_0p9/seed_13/splits/fashion_mnist_split_seed13_clients5_alpha0p3_ref200.json,0.9,4,conv2,0,4,0.9999955892562866,0.9999939203262329,200
cka_feddst,fashion_mnist,0.7,13,results/logs/cka_strength_sweep/fashion_mnist_all_20260517_180855/strength_0p9/seed_13/splits/fashion_mnist_split_seed13_clients5_alpha0p3_ref200.json,0.9,4,conv2,1,0,0.9999990463256836,0.9999939203262329,200
cka_feddst,fashion_mnist,0.7,13,results/logs/cka_strength_sweep/fashion_mnist_all_20260517_180855/strength_0p9/seed_13/splits/fashion_mnist_split_seed13_clients5_alpha0p3_ref200.json,0.9,4,conv2,1,1,1.0,0.9999939203262329,200
cka_feddst,fashion_mnist,0.7,13,results/logs/cka_strength_sweep/fashion_mnist_all_20260517_180855/strength_0p9/seed_13/splits/fashion_mnist_split_seed13_clients5_alpha0p3_ref200.json,0.9,4,conv2,1,2,0.9999908804893494,0.9999939203262329,200
cka_feddst,fashion_mnist,0.7,13,results/logs/cka_strength_sweep/fashion_mnist_all_20260517_180855/strength_0p9/seed_13/splits/fashion_mnist_split_seed13_clients5_alpha0p3_ref200.json,0.9,4,conv2,1,3,0.9999978542327881,0.9999939203262329,200
cka_feddst,fashion_mnist,0.7,13,results/logs/cka_strength_sweep/fashion_mnist_all_20260517_180855/strength_0p9/seed_13/splits/fashion_mnist_split_seed13_clients5_alpha0p3_ref200.json,0.9,4,conv2,1,4,0.9999957084655762,0.9999939203262329,200
cka_feddst,fashion_mnist,0.7,13,results/logs/cka_strength_sweep/fashion_mnist_all_20260517_180855/strength_0p9/seed_13/splits/fashion_mnist_split_seed13_clients5_alpha0p3_ref200.json,0.9,4,conv2,2,0,0.9999934434890747,0.9999939203262329,200
cka_feddst,fashion_mnist,0.7,13,results/logs/cka_strength_sweep/fashion_mnist_all_20260517_180855/strength_0p9/seed_13/splits/fashion_mnist_split_seed13_clients5_alpha0p3_ref200.json,0.9,4,conv2,2,1,0.9999908804893494,0.9999939203262329,200
cka_feddst,fashion_mnist,0.7,13,results/logs/cka_strength_sweep/fashion_mnist_all_20260517_180855/strength_0p9/seed_13/splits/fashion_mnist_split_seed13_clients5_alpha0p3_ref200.json,0.9,4,conv2,2,2,1.0,0.9999939203262329,200
cka_feddst,fashion_mnist,0.7,13,results/logs/cka_strength_sweep/fashion_mnist_all_20260517_180855/strength_0p9/seed_13/splits/fashion_mnist_split_seed13_clients5_alpha0p3_ref200.json,0.9,4,conv2,2,3,0.9999869465827942,0.9999939203262329,200
cka_feddst,fashion_mnist,0.7,13,results/logs/cka_strength_sweep/fashion_mnist_all_20260517_180855/strength_0p9/seed_13/splits/fashion_mnist_split_seed13_clients5_alpha0p3_ref200.json,0.9,4,conv2,2,4,0.9999822378158569,0.9999939203262329,200
cka_feddst,fashion_mnist,0.7,13,results/logs/cka_strength_sweep/fashion_mnist_all_20260517_180855/strength_0p9/seed_13/splits/fashion_mnist_split_seed13_clients5_alpha0p3_ref200.json,0.9,4,conv2,3,0,0.9999983310699463,0.9999939203262329,200
cka_feddst,fashion_mnist,0.7,13,results/logs/cka_strength_sweep/fashion_mnist_all_20260517_180855/strength_0p9/seed_13/splits/fashion_mnist_split_seed13_clients5_alpha0p3_ref200.json,0.9,4,conv2,3,1,0.9999978542327881,0.9999939203262329,200
cka_feddst,fashion_mnist,0.7,13,results/logs/cka_strength_sweep/fashion_mnist_all_20260517_180855/strength_0p9/seed_13/splits/fashion_mnist_split_seed13_clients5_alpha0p3_ref200.json,0.9,4,conv2,3,2,0.9999869465827942,0.9999939203262329,200
cka_feddst,fashion_mnist,0.7,13,results/logs/cka_strength_sweep/fashion_mnist_all_20260517_180855/strength_0p9/seed_13/splits/fashion_mnist_split_seed13_clients5_alpha0p3_ref200.json,0.9,4,conv2,3,3,1.0,0.9999939203262329,200
cka_feddst,fashion_mnist,0.7,13,results/logs/cka_strength_sweep/fashion_mnist_all_20260517_180855/strength_0p9/seed_13/splits/fashion_mnist_split_seed13_clients5_alpha0p3_ref200.json,0.9,4,conv2,3,4,0.9999997019767761,0.9999939203262329,200
cka_feddst,fashion_mnist,0.7,13,results/logs/cka_strength_sweep/fashion_mnist_all_20260517_180855/strength_0p9/seed_13/splits/fashion_mnist_split_seed13_clients5_alpha0p3_ref200.json,0.9,4,conv2,4,0,0.9999955892562866,0.9999939203262329,200
cka_feddst,fashion_mnist,0.7,13,results/logs/cka_strength_sweep/fashion_mnist_all_20260517_180855/strength_0p9/seed_13/splits/fashion_mnist_split_seed13_clients5_alpha0p3_ref200.json,0.9,4,conv2,4,1,0.9999957084655762,0.9999939203262329,200
cka_feddst,fashion_mnist,0.7,13,results/logs/cka_strength_sweep/fashion_mnist_all_20260517_180855/strength_0p9/seed_13/splits/fashion_mnist_split_seed13_clients5_alpha0p3_ref200.json,0.9,4,conv2,4,2,0.9999822378158569,0.9999939203262329,200
cka_feddst,fashion_mnist,0.7,13,results/logs/cka_strength_sweep/fashion_mnist_all_20260517_180855/strength_0p9/seed_13/splits/fashion_mnist_split_seed13_clients5_alpha0p3_ref200.json,0.9,4,conv2,4,3,0.9999997019767761,0.9999939203262329,200
cka_feddst,fashion_mnist,0.7,13,results/logs/cka_strength_sweep/fashion_mnist_all_20260517_180855/strength_0p9/seed_13/splits/fashion_mnist_split_seed13_clients5_alpha0p3_ref200.json,0.9,4,conv2,4,4,1.0,0.9999939203262329,200
cka_feddst,fashion_mnist,0.7,13,results/logs/cka_strength_sweep/fashion_mnist_all_20260517_180855/strength_0p9/seed_13/splits/fashion_mnist_split_seed13_clients5_alpha0p3_ref200.json,0.9,4,fc1,0,0,1.0,0.9841502904891968,200
cka_feddst,fashion_mnist,0.7,13,results/logs/cka_strength_sweep/fashion_mnist_all_20260517_180855/strength_0p9/seed_13/splits/fashion_mnist_split_seed13_clients5_alpha0p3_ref200.json,0.9,4,fc1,0,1,0.9875224828720093,0.9841502904891968,200
cka_feddst,fashion_mnist,0.7,13,results/logs/cka_strength_sweep/fashion_mnist_all_20260517_180855/strength_0p9/seed_13/splits/fashion_mnist_split_seed13_clients5_alpha0p3_ref200.json,0.9,4,fc1,0,2,0.9845495820045471,0.9841502904891968,200
cka_feddst,fashion_mnist,0.7,13,results/logs/cka_strength_sweep/fashion_mnist_all_20260517_180855/strength_0p9/seed_13/splits/fashion_mnist_split_seed13_clients5_alpha0p3_ref200.json,0.9,4,fc1,0,3,0.9825782179832458,0.9841502904891968,200
cka_feddst,fashion_mnist,0.7,13,results/logs/cka_strength_sweep/fashion_mnist_all_20260517_180855/strength_0p9/seed_13/splits/fashion_mnist_split_seed13_clients5_alpha0p3_ref200.json,0.9,4,fc1,0,4,0.9801464676856995,0.9841502904891968,200
cka_feddst,fashion_mnist,0.7,13,results/logs/cka_strength_sweep/fashion_mnist_all_20260517_180855/strength_0p9/seed_13/splits/fashion_mnist_split_seed13_clients5_alpha0p3_ref200.json,0.9,4,fc1,1,0,0.9875224828720093,0.9841502904891968,200
cka_feddst,fashion_mnist,0.7,13,results/logs/cka_strength_sweep/fashion_mnist_all_20260517_180855/strength_0p9/seed_13/splits/fashion_mnist_split_seed13_clients5_alpha0p3_ref200.json,0.9,4,fc1,1,1,1.0,0.9841502904891968,200
cka_feddst,fashion_mnist,0.7,13,results/logs/cka_strength_sweep/fashion_mnist_all_20260517_180855/strength_0p9/seed_13/splits/fashion_mnist_split_seed13_clients5_alpha0p3_ref200.json,0.9,4,fc1,1,2,0.9839351773262024,0.9841502904891968,200
cka_feddst,fashion_mnist,0.7,13,results/logs/cka_strength_sweep/fashion_mnist_all_20260517_180855/strength_0p9/seed_13/splits/fashion_mnist_split_seed13_clients5_alpha0p3_ref200.json,0.9,4,fc1,1,3,0.9880905747413635,0.9841502904891968,200
cka_feddst,fashion_mnist,0.7,13,results/logs/cka_strength_sweep/fashion_mnist_all_20260517_180855/strength_0p9/seed_13/splits/fashion_mnist_split_seed13_clients5_alpha0p3_ref200.json,0.9,4,fc1,1,4,0.9795218706130981,0.9841502904891968,200
cka_feddst,fashion_mnist,0.7,13,results/logs/cka_strength_sweep/fashion_mnist_all_20260517_180855/strength_0p9/seed_13/splits/fashion_mnist_split_seed13_clients5_alpha0p3_ref200.json,0.9,4,fc1,2,0,0.9845495820045471,0.9841502904891968,200
cka_feddst,fashion_mnist,0.7,13,results/logs/cka_strength_sweep/fashion_mnist_all_20260517_180855/strength_0p9/seed_13/splits/fashion_mnist_split_seed13_clients5_alpha0p3_ref200.json,0.9,4,fc1,2,1,0.9839351773262024,0.9841502904891968,200
cka_feddst,fashion_mnist,0.7,13,results/logs/cka_strength_sweep/fashion_mnist_all_20260517_180855/strength_0p9/seed_13/splits/fashion_mnist_split_seed13_clients5_alpha0p3_ref200.json,0.9,4,fc1,2,2,1.0,0.9841502904891968,200
cka_feddst,fashion_mnist,0.7,13,results/logs/cka_strength_sweep/fashion_mnist_all_20260517_180855/strength_0p9/seed_13/splits/fashion_mnist_split_seed13_clients5_alpha0p3_ref200.json,0.9,4,fc1,2,3,0.9790977239608765,0.9841502904891968,200
cka_feddst,fashion_mnist,0.7,13,results/logs/cka_strength_sweep/fashion_mnist_all_20260517_180855/strength_0p9/seed_13/splits/fashion_mnist_split_seed13_clients5_alpha0p3_ref200.json,0.9,4,fc1,2,4,0.9821656942367554,0.9841502904891968,200
cka_feddst,fashion_mnist,0.7,13,results/logs/cka_strength_sweep/fashion_mnist_all_20260517_180855/strength_0p9/seed_13/splits/fashion_mnist_split_seed13_clients5_alpha0p3_ref200.json,0.9,4,fc1,3,0,0.9825782179832458,0.9841502904891968,200
cka_feddst,fashion_mnist,0.7,13,results/logs/cka_strength_sweep/fashion_mnist_all_20260517_180855/strength_0p9/seed_13/splits/fashion_mnist_split_seed13_clients5_alpha0p3_ref200.json,0.9,4,fc1,3,1,0.9880905747413635,0.9841502904891968,200
cka_feddst,fashion_mnist,0.7,13,results/logs/cka_strength_sweep/fashion_mnist_all_20260517_180855/strength_0p9/seed_13/splits/fashion_mnist_split_seed13_clients5_alpha0p3_ref200.json,0.9,4,fc1,3,2,0.9790977239608765,0.9841502904891968,200
cka_feddst,fashion_mnist,0.7,13,results/logs/cka_strength_sweep/fashion_mnist_all_20260517_180855/strength_0p9/seed_13/splits/fashion_mnist_split_seed13_clients5_alpha0p3_ref200.json,0.9,4,fc1,3,3,1.0,0.9841502904891968,200
cka_feddst,fashion_mnist,0.7,13,results/logs/cka_strength_sweep/fashion_mnist_all_20260517_180855/strength_0p9/seed_13/splits/fashion_mnist_split_seed13_clients5_alpha0p3_ref200.json,0.9,4,fc1,3,4,0.9938953518867493,0.9841502904891968,200
cka_feddst,fashion_mnist,0.7,13,results/logs/cka_strength_sweep/fashion_mnist_all_20260517_180855/strength_0p9/seed_13/splits/fashion_mnist_split_seed13_clients5_alpha0p3_ref200.json,0.9,4,fc1,4,0,0.9801464676856995,0.9841502904891968,200
cka_feddst,fashion_mnist,0.7,13,results/logs/cka_strength_sweep/fashion_mnist_all_20260517_180855/strength_0p9/seed_13/splits/fashion_mnist_split_seed13_clients5_alpha0p3_ref200.json,0.9,4,fc1,4,1,0.9795218706130981,0.9841502904891968,200
cka_feddst,fashion_mnist,0.7,13,results/logs/cka_strength_sweep/fashion_mnist_all_20260517_180855/strength_0p9/seed_13/splits/fashion_mnist_split_seed13_clients5_alpha0p3_ref200.json,0.9,4,fc1,4,2,0.9821656942367554,0.9841502904891968,200
cka_feddst,fashion_mnist,0.7,13,results/logs/cka_strength_sweep/fashion_mnist_all_20260517_180855/strength_0p9/seed_13/splits/fashion_mnist_split_seed13_clients5_alpha0p3_ref200.json,0.9,4,fc1,4,3,0.9938953518867493,0.9841502904891968,200
cka_feddst,fashion_mnist,0.7,13,results/logs/cka_strength_sweep/fashion_mnist_all_20260517_180855/strength_0p9/seed_13/splits/fashion_mnist_split_seed13_clients5_alpha0p3_ref200.json,0.9,4,fc1,4,4,1.0,0.9841502904891968,200
cka_feddst,fashion_mnist,0.7,13,results/logs/cka_strength_sweep/fashion_mnist_all_20260517_180855/strength_0p9/seed_13/splits/fashion_mnist_split_seed13_clients5_alpha0p3_ref200.json,0.9,6,conv1,0,0,1.0,0.9999986886978149,200
cka_feddst,fashion_mnist,0.7,13,results/logs/cka_strength_sweep/fashion_mnist_all_20260517_180855/strength_0p9/seed_13/splits/fashion_mnist_split_seed13_clients5_alpha0p3_ref200.json,0.9,6,conv1,0,1,0.9999995231628418,0.9999986886978149,200
cka_feddst,fashion_mnist,0.7,13,results/logs/cka_strength_sweep/fashion_mnist_all_20260517_180855/strength_0p9/seed_13/splits/fashion_mnist_split_seed13_clients5_alpha0p3_ref200.json,0.9,6,conv1,0,2,0.9999988079071045,0.9999986886978149,200
cka_feddst,fashion_mnist,0.7,13,results/logs/cka_strength_sweep/fashion_mnist_all_20260517_180855/strength_0p9/seed_13/splits/fashion_mnist_split_seed13_clients5_alpha0p3_ref200.json,0.9,6,conv1,0,3,1.0,0.9999986886978149,200
cka_feddst,fashion_mnist,0.7,13,results/logs/cka_strength_sweep/fashion_mnist_all_20260517_180855/strength_0p9/seed_13/splits/fashion_mnist_split_seed13_clients5_alpha0p3_ref200.json,0.9,6,conv1,0,4,0.9999995231628418,0.9999986886978149,200
cka_feddst,fashion_mnist,0.7,13,results/logs/cka_strength_sweep/fashion_mnist_all_20260517_180855/strength_0p9/seed_13/splits/fashion_mnist_split_seed13_clients5_alpha0p3_ref200.json,0.9,6,conv1,1,0,0.9999995231628418,0.9999986886978149,200
cka_feddst,fashion_mnist,0.7,13,results/logs/cka_strength_sweep/fashion_mnist_all_20260517_180855/strength_0p9/seed_13/splits/fashion_mnist_split_seed13_clients5_alpha0p3_ref200.json,0.9,6,conv1,1,1,1.0,0.9999986886978149,200
cka_feddst,fashion_mnist,0.7,13,results/logs/cka_strength_sweep/fashion_mnist_all_20260517_180855/strength_0p9/seed_13/splits/fashion_mnist_split_seed13_clients5_alpha0p3_ref200.json,0.9,6,conv1,1,2,0.9999967813491821,0.9999986886978149,200
cka_feddst,fashion_mnist,0.7,13,results/logs/cka_strength_sweep/fashion_mnist_all_20260517_180855/strength_0p9/seed_13/splits/fashion_mnist_split_seed13_clients5_alpha0p3_ref200.json,0.9,6,conv1,1,3,0.9999991655349731,0.9999986886978149,200
cka_feddst,fashion_mnist,0.7,13,results/logs/cka_strength_sweep/fashion_mnist_all_20260517_180855/strength_0p9/seed_13/splits/fashion_mnist_split_seed13_clients5_alpha0p3_ref200.json,0.9,6,conv1,1,4,0.9999995827674866,0.9999986886978149,200
cka_feddst,fashion_mnist,0.7,13,results/logs/cka_strength_sweep/fashion_mnist_all_20260517_180855/strength_0p9/seed_13/splits/fashion_mnist_split_seed13_clients5_alpha0p3_ref200.json,0.9,6,conv1,2,0,0.9999988079071045,0.9999986886978149,200
cka_feddst,fashion_mnist,0.7,13,results/logs/cka_strength_sweep/fashion_mnist_all_20260517_180855/strength_0p9/seed_13/splits/fashion_mnist_split_seed13_clients5_alpha0p3_ref200.json,0.9,6,conv1,2,1,0.9999967813491821,0.9999986886978149,200
cka_feddst,fashion_mnist,0.7,13,results/logs/cka_strength_sweep/fashion_mnist_all_20260517_180855/strength_0p9/seed_13/splits/fashion_mnist_split_seed13_clients5_alpha0p3_ref200.json,0.9,6,conv1,2,2,1.0,0.9999986886978149,200
cka_feddst,fashion_mnist,0.7,13,results/logs/cka_strength_sweep/fashion_mnist_all_20260517_180855/strength_0p9/seed_13/splits/fashion_mnist_split_seed13_clients5_alpha0p3_ref200.json,0.9,6,conv1,2,3,0.9999983310699463,0.9999986886978149,200
cka_feddst,fashion_mnist,0.7,13,results/logs/cka_strength_sweep/fashion_mnist_all_20260517_180855/strength_0p9/seed_13/splits/fashion_mnist_split_seed13_clients5_alpha0p3_ref200.json,0.9,6,conv1,2,4,0.9999956488609314,0.9999986886978149,200
cka_feddst,fashion_mnist,0.7,13,results/logs/cka_strength_sweep/fashion_mnist_all_20260517_180855/strength_0p9/seed_13/splits/fashion_mnist_split_seed13_clients5_alpha0p3_ref200.json,0.9,6,conv1,3,0,1.0,0.9999986886978149,200
cka_feddst,fashion_mnist,0.7,13,results/logs/cka_strength_sweep/fashion_mnist_all_20260517_180855/strength_0p9/seed_13/splits/fashion_mnist_split_seed13_clients5_alpha0p3_ref200.json,0.9,6,conv1,3,1,0.9999991655349731,0.9999986886978149,200
cka_feddst,fashion_mnist,0.7,13,results/logs/cka_strength_sweep/fashion_mnist_all_20260517_180855/strength_0p9/seed_13/splits/fashion_mnist_split_seed13_clients5_alpha0p3_ref200.json,0.9,6,conv1,3,2,0.9999983310699463,0.9999986886978149,200
cka_feddst,fashion_mnist,0.7,13,results/logs/cka_strength_sweep/fashion_mnist_all_20260517_180855/strength_0p9/seed_13/splits/fashion_mnist_split_seed13_clients5_alpha0p3_ref200.json,0.9,6,conv1,3,3,1.0,0.9999986886978149,200
cka_feddst,fashion_mnist,0.7,13,results/logs/cka_strength_sweep/fashion_mnist_all_20260517_180855/strength_0p9/seed_13/splits/fashion_mnist_split_seed13_clients5_alpha0p3_ref200.json,0.9,6,conv1,3,4,0.9999993443489075,0.9999986886978149,200
cka_feddst,fashion_mnist,0.7,13,results/logs/cka_strength_sweep/fashion_mnist_all_20260517_180855/strength_0p9/seed_13/splits/fashion_mnist_split_seed13_clients5_alpha0p3_ref200.json,0.9,6,conv1,4,0,0.9999995231628418,0.9999986886978149,200
cka_feddst,fashion_mnist,0.7,13,results/logs/cka_strength_sweep/fashion_mnist_all_20260517_180855/strength_0p9/seed_13/splits/fashion_mnist_split_seed13_clients5_alpha0p3_ref200.json,0.9,6,conv1,4,1,0.9999995827674866,0.9999986886978149,200
cka_feddst,fashion_mnist,0.7,13,results/logs/cka_strength_sweep/fashion_mnist_all_20260517_180855/strength_0p9/seed_13/splits/fashion_mnist_split_seed13_clients5_alpha0p3_ref200.json,0.9,6,conv1,4,2,0.9999956488609314,0.9999986886978149,200
cka_feddst,fashion_mnist,0.7,13,results/logs/cka_strength_sweep/fashion_mnist_all_20260517_180855/strength_0p9/seed_13/splits/fashion_mnist_split_seed13_clients5_alpha0p3_ref200.json,0.9,6,conv1,4,3,0.9999993443489075,0.9999986886978149,200
cka_feddst,fashion_mnist,0.7,13,results/logs/cka_strength_sweep/fashion_mnist_all_20260517_180855/strength_0p9/seed_13/splits/fashion_mnist_split_seed13_clients5_alpha0p3_ref200.json,0.9,6,conv1,4,4,1.0,0.9999986886978149,200
cka_feddst,fashion_mnist,0.7,13,results/logs/cka_strength_sweep/fashion_mnist_all_20260517_180855/strength_0p9/seed_13/splits/fashion_mnist_split_seed13_clients5_alpha0p3_ref200.json,0.9,6,conv2,0,0,1.0,0.9999970197677612,200
cka_feddst,fashion_mnist,0.7,13,results/logs/cka_strength_sweep/fashion_mnist_all_20260517_180855/strength_0p9/seed_13/splits/fashion_mnist_split_seed13_clients5_alpha0p3_ref200.json,0.9,6,conv2,0,1,0.9999992251396179,0.9999970197677612,200
cka_feddst,fashion_mnist,0.7,13,results/logs/cka_strength_sweep/fashion_mnist_all_20260517_180855/strength_0p9/seed_13/splits/fashion_mnist_split_seed13_clients5_alpha0p3_ref200.json,0.9,6,conv2,0,2,0.9999955892562866,0.9999970197677612,200
cka_feddst,fashion_mnist,0.7,13,results/logs/cka_strength_sweep/fashion_mnist_all_20260517_180855/strength_0p9/seed_13/splits/fashion_mnist_split_seed13_clients5_alpha0p3_ref200.json,0.9,6,conv2,0,3,0.9999992251396179,0.9999970197677612,200
cka_feddst,fashion_mnist,0.7,13,results/logs/cka_strength_sweep/fashion_mnist_all_20260517_180855/strength_0p9/seed_13/splits/fashion_mnist_split_seed13_clients5_alpha0p3_ref200.json,0.9,6,conv2,0,4,0.9999985694885254,0.9999970197677612,200
cka_feddst,fashion_mnist,0.7,13,results/logs/cka_strength_sweep/fashion_mnist_all_20260517_180855/strength_0p9/seed_13/splits/fashion_mnist_split_seed13_clients5_alpha0p3_ref200.json,0.9,6,conv2,1,0,0.9999992251396179,0.9999970197677612,200
cka_feddst,fashion_mnist,0.7,13,results/logs/cka_strength_sweep/fashion_mnist_all_20260517_180855/strength_0p9/seed_13/splits/fashion_mnist_split_seed13_clients5_alpha0p3_ref200.json,0.9,6,conv2,1,1,1.0,0.9999970197677612,200
cka_feddst,fashion_mnist,0.7,13,results/logs/cka_strength_sweep/fashion_mnist_all_20260517_180855/strength_0p9/seed_13/splits/fashion_mnist_split_seed13_clients5_alpha0p3_ref200.json,0.9,6,conv2,1,2,0.999995231628418,0.9999970197677612,200
cka_feddst,fashion_mnist,0.7,13,results/logs/cka_strength_sweep/fashion_mnist_all_20260517_180855/strength_0p9/seed_13/splits/fashion_mnist_split_seed13_clients5_alpha0p3_ref200.json,0.9,6,conv2,1,3,0.9999984502792358,0.9999970197677612,200
cka_feddst,fashion_mnist,0.7,13,results/logs/cka_strength_sweep/fashion_mnist_all_20260517_180855/strength_0p9/seed_13/splits/fashion_mnist_split_seed13_clients5_alpha0p3_ref200.json,0.9,6,conv2,1,4,0.999998152256012,0.9999970197677612,200
cka_feddst,fashion_mnist,0.7,13,results/logs/cka_strength_sweep/fashion_mnist_all_20260517_180855/strength_0p9/seed_13/splits/fashion_mnist_split_seed13_clients5_alpha0p3_ref200.json,0.9,6,conv2,2,0,0.9999955892562866,0.9999970197677612,200
cka_feddst,fashion_mnist,0.7,13,results/logs/cka_strength_sweep/fashion_mnist_all_20260517_180855/strength_0p9/seed_13/splits/fashion_mnist_split_seed13_clients5_alpha0p3_ref200.json,0.9,6,conv2,2,1,0.999995231628418,0.9999970197677612,200
cka_feddst,fashion_mnist,0.7,13,results/logs/cka_strength_sweep/fashion_mnist_all_20260517_180855/strength_0p9/seed_13/splits/fashion_mnist_split_seed13_clients5_alpha0p3_ref200.json,0.9,6,conv2,2,2,1.0,0.9999970197677612,200
cka_feddst,fashion_mnist,0.7,13,results/logs/cka_strength_sweep/fashion_mnist_all_20260517_180855/strength_0p9/seed_13/splits/fashion_mnist_split_seed13_clients5_alpha0p3_ref200.json,0.9,6,conv2,2,3,0.9999939799308777,0.9999970197677612,200
cka_feddst,fashion_mnist,0.7,13,results/logs/cka_strength_sweep/fashion_mnist_all_20260517_180855/strength_0p9/seed_13/splits/fashion_mnist_split_seed13_clients5_alpha0p3_ref200.json,0.9,6,conv2,2,4,0.9999917149543762,0.9999970197677612,200
cka_feddst,fashion_mnist,0.7,13,results/logs/cka_strength_sweep/fashion_mnist_all_20260517_180855/strength_0p9/seed_13/splits/fashion_mnist_split_seed13_clients5_alpha0p3_ref200.json,0.9,6,conv2,3,0,0.9999992251396179,0.9999970197677612,200
cka_feddst,fashion_mnist,0.7,13,results/logs/cka_strength_sweep/fashion_mnist_all_20260517_180855/strength_0p9/seed_13/splits/fashion_mnist_split_seed13_clients5_alpha0p3_ref200.json,0.9,6,conv2,3,1,0.9999984502792358,0.9999970197677612,200
cka_feddst,fashion_mnist,0.7,13,results/logs/cka_strength_sweep/fashion_mnist_all_20260517_180855/strength_0p9/seed_13/splits/fashion_mnist_split_seed13_clients5_alpha0p3_ref200.json,0.9,6,conv2,3,2,0.9999939799308777,0.9999970197677612,200
cka_feddst,fashion_mnist,0.7,13,results/logs/cka_strength_sweep/fashion_mnist_all_20260517_180855/strength_0p9/seed_13/splits/fashion_mnist_split_seed13_clients5_alpha0p3_ref200.json,0.9,6,conv2,3,3,1.0,0.9999970197677612,200
cka_feddst,fashion_mnist,0.7,13,results/logs/cka_strength_sweep/fashion_mnist_all_20260517_180855/strength_0p9/seed_13/splits/fashion_mnist_split_seed13_clients5_alpha0p3_ref200.json,0.9,6,conv2,3,4,0.9999998807907104,0.9999970197677612,200
cka_feddst,fashion_mnist,0.7,13,results/logs/cka_strength_sweep/fashion_mnist_all_20260517_180855/strength_0p9/seed_13/splits/fashion_mnist_split_seed13_clients5_alpha0p3_ref200.json,0.9,6,conv2,4,0,0.9999985694885254,0.9999970197677612,200
cka_feddst,fashion_mnist,0.7,13,results/logs/cka_strength_sweep/fashion_mnist_all_20260517_180855/strength_0p9/seed_13/splits/fashion_mnist_split_seed13_clients5_alpha0p3_ref200.json,0.9,6,conv2,4,1,0.999998152256012,0.9999970197677612,200
cka_feddst,fashion_mnist,0.7,13,results/logs/cka_strength_sweep/fashion_mnist_all_20260517_180855/strength_0p9/seed_13/splits/fashion_mnist_split_seed13_clients5_alpha0p3_ref200.json,0.9,6,conv2,4,2,0.9999917149543762,0.9999970197677612,200
cka_feddst,fashion_mnist,0.7,13,results/logs/cka_strength_sweep/fashion_mnist_all_20260517_180855/strength_0p9/seed_13/splits/fashion_mnist_split_seed13_clients5_alpha0p3_ref200.json,0.9,6,conv2,4,3,0.9999998807907104,0.9999970197677612,200
cka_feddst,fashion_mnist,0.7,13,results/logs/cka_strength_sweep/fashion_mnist_all_20260517_180855/strength_0p9/seed_13/splits/fashion_mnist_split_seed13_clients5_alpha0p3_ref200.json,0.9,6,conv2,4,4,1.0,0.9999970197677612,200
cka_feddst,fashion_mnist,0.7,13,results/logs/cka_strength_sweep/fashion_mnist_all_20260517_180855/strength_0p9/seed_13/splits/fashion_mnist_split_seed13_clients5_alpha0p3_ref200.json,0.9,6,fc1,0,0,1.0,0.9923633337020874,200
cka_feddst,fashion_mnist,0.7,13,results/logs/cka_strength_sweep/fashion_mnist_all_20260517_180855/strength_0p9/seed_13/splits/fashion_mnist_split_seed13_clients5_alpha0p3_ref200.json,0.9,6,fc1,0,1,0.9958223104476929,0.9923633337020874,200
cka_feddst,fashion_mnist,0.7,13,results/logs/cka_strength_sweep/fashion_mnist_all_20260517_180855/strength_0p9/seed_13/splits/fashion_mnist_split_seed13_clients5_alpha0p3_ref200.json,0.9,6,fc1,0,2,0.9951159954071045,0.9923633337020874,200
cka_feddst,fashion_mnist,0.7,13,results/logs/cka_strength_sweep/fashion_mnist_all_20260517_180855/strength_0p9/seed_13/splits/fashion_mnist_split_seed13_clients5_alpha0p3_ref200.json,0.9,6,fc1,0,3,0.9909818768501282,0.9923633337020874,200
cka_feddst,fashion_mnist,0.7,13,results/logs/cka_strength_sweep/fashion_mnist_all_20260517_180855/strength_0p9/seed_13/splits/fashion_mnist_split_seed13_clients5_alpha0p3_ref200.json,0.9,6,fc1,0,4,0.9924373626708984,0.9923633337020874,200
cka_feddst,fashion_mnist,0.7,13,results/logs/cka_strength_sweep/fashion_mnist_all_20260517_180855/strength_0p9/seed_13/splits/fashion_mnist_split_seed13_clients5_alpha0p3_ref200.json,0.9,6,fc1,1,0,0.9958223104476929,0.9923633337020874,200
cka_feddst,fashion_mnist,0.7,13,results/logs/cka_strength_sweep/fashion_mnist_all_20260517_180855/strength_0p9/seed_13/splits/fashion_mnist_split_seed13_clients5_alpha0p3_ref200.json,0.9,6,fc1,1,1,1.0,0.9923633337020874,200
cka_feddst,fashion_mnist,0.7,13,results/logs/cka_strength_sweep/fashion_mnist_all_20260517_180855/strength_0p9/seed_13/splits/fashion_mnist_split_seed13_clients5_alpha0p3_ref200.json,0.9,6,fc1,1,2,0.9934183359146118,0.9923633337020874,200
cka_feddst,fashion_mnist,0.7,13,results/logs/cka_strength_sweep/fashion_mnist_all_20260517_180855/strength_0p9/seed_13/splits/fashion_mnist_split_seed13_clients5_alpha0p3_ref200.json,0.9,6,fc1,1,3,0.9913387894630432,0.9923633337020874,200
cka_feddst,fashion_mnist,0.7,13,results/logs/cka_strength_sweep/fashion_mnist_all_20260517_180855/strength_0p9/seed_13/splits/fashion_mnist_split_seed13_clients5_alpha0p3_ref200.json,0.9,6,fc1,1,4,0.988581120967865,0.9923633337020874,200
cka_feddst,fashion_mnist,0.7,13,results/logs/cka_strength_sweep/fashion_mnist_all_20260517_180855/strength_0p9/seed_13/splits/fashion_mnist_split_seed13_clients5_alpha0p3_ref200.json,0.9,6,fc1,2,0,0.9951159954071045,0.9923633337020874,200
cka_feddst,fashion_mnist,0.7,13,results/logs/cka_strength_sweep/fashion_mnist_all_20260517_180855/strength_0p9/seed_13/splits/fashion_mnist_split_seed13_clients5_alpha0p3_ref200.json,0.9,6,fc1,2,1,0.9934183359146118,0.9923633337020874,200
cka_feddst,fashion_mnist,0.7,13,results/logs/cka_strength_sweep/fashion_mnist_all_20260517_180855/strength_0p9/seed_13/splits/fashion_mnist_split_seed13_clients5_alpha0p3_ref200.json,0.9,6,fc1,2,2,1.0,0.9923633337020874,200
cka_feddst,fashion_mnist,0.7,13,results/logs/cka_strength_sweep/fashion_mnist_all_20260517_180855/strength_0p9/seed_13/splits/fashion_mnist_split_seed13_clients5_alpha0p3_ref200.json,0.9,6,fc1,2,3,0.9885395765304565,0.9923633337020874,200
cka_feddst,fashion_mnist,0.7,13,results/logs/cka_strength_sweep/fashion_mnist_all_20260517_180855/strength_0p9/seed_13/splits/fashion_mnist_split_seed13_clients5_alpha0p3_ref200.json,0.9,6,fc1,2,4,0.9917309880256653,0.9923633337020874,200
cka_feddst,fashion_mnist,0.7,13,results/logs/cka_strength_sweep/fashion_mnist_all_20260517_180855/strength_0p9/seed_13/splits/fashion_mnist_split_seed13_clients5_alpha0p3_ref200.json,0.9,6,fc1,3,0,0.9909818768501282,0.9923633337020874,200
cka_feddst,fashion_mnist,0.7,13,results/logs/cka_strength_sweep/fashion_mnist_all_20260517_180855/strength_0p9/seed_13/splits/fashion_mnist_split_seed13_clients5_alpha0p3_ref200.json,0.9,6,fc1,3,1,0.9913387894630432,0.9923633337020874,200
cka_feddst,fashion_mnist,0.7,13,results/logs/cka_strength_sweep/fashion_mnist_all_20260517_180855/strength_0p9/seed_13/splits/fashion_mnist_split_seed13_clients5_alpha0p3_ref200.json,0.9,6,fc1,3,2,0.9885395765304565,0.9923633337020874,200
cka_feddst,fashion_mnist,0.7,13,results/logs/cka_strength_sweep/fashion_mnist_all_20260517_180855/strength_0p9/seed_13/splits/fashion_mnist_split_seed13_clients5_alpha0p3_ref200.json,0.9,6,fc1,3,3,1.0,0.9923633337020874,200
cka_feddst,fashion_mnist,0.7,13,results/logs/cka_strength_sweep/fashion_mnist_all_20260517_180855/strength_0p9/seed_13/splits/fashion_mnist_split_seed13_clients5_alpha0p3_ref200.json,0.9,6,fc1,3,4,0.9956678152084351,0.9923633337020874,200
cka_feddst,fashion_mnist,0.7,13,results/logs/cka_strength_sweep/fashion_mnist_all_20260517_180855/strength_0p9/seed_13/splits/fashion_mnist_split_seed13_clients5_alpha0p3_ref200.json,0.9,6,fc1,4,0,0.9924373626708984,0.9923633337020874,200
cka_feddst,fashion_mnist,0.7,13,results/logs/cka_strength_sweep/fashion_mnist_all_20260517_180855/strength_0p9/seed_13/splits/fashion_mnist_split_seed13_clients5_alpha0p3_ref200.json,0.9,6,fc1,4,1,0.988581120967865,0.9923633337020874,200
cka_feddst,fashion_mnist,0.7,13,results/logs/cka_strength_sweep/fashion_mnist_all_20260517_180855/strength_0p9/seed_13/splits/fashion_mnist_split_seed13_clients5_alpha0p3_ref200.json,0.9,6,fc1,4,2,0.9917309880256653,0.9923633337020874,200
cka_feddst,fashion_mnist,0.7,13,results/logs/cka_strength_sweep/fashion_mnist_all_20260517_180855/strength_0p9/seed_13/splits/fashion_mnist_split_seed13_clients5_alpha0p3_ref200.json,0.9,6,fc1,4,3,0.9956678152084351,0.9923633337020874,200
cka_feddst,fashion_mnist,0.7,13,results/logs/cka_strength_sweep/fashion_mnist_all_20260517_180855/strength_0p9/seed_13/splits/fashion_mnist_split_seed13_clients5_alpha0p3_ref200.json,0.9,6,fc1,4,4,1.0,0.9923633337020874,200
cka_feddst,fashion_mnist,0.7,13,results/logs/cka_strength_sweep/fashion_mnist_all_20260517_180855/strength_0p9/seed_13/splits/fashion_mnist_split_seed13_clients5_alpha0p3_ref200.json,0.9,8,conv1,0,0,1.0,0.9999994039535522,200
cka_feddst,fashion_mnist,0.7,13,results/logs/cka_strength_sweep/fashion_mnist_all_20260517_180855/strength_0p9/seed_13/splits/fashion_mnist_split_seed13_clients5_alpha0p3_ref200.json,0.9,8,conv1,0,1,0.9999997615814209,0.9999994039535522,200
cka_feddst,fashion_mnist,0.7,13,results/logs/cka_strength_sweep/fashion_mnist_all_20260517_180855/strength_0p9/seed_13/splits/fashion_mnist_split_seed13_clients5_alpha0p3_ref200.json,0.9,8,conv1,0,2,1.0,0.9999994039535522,200
cka_feddst,fashion_mnist,0.7,13,results/logs/cka_strength_sweep/fashion_mnist_all_20260517_180855/strength_0p9/seed_13/splits/fashion_mnist_split_seed13_clients5_alpha0p3_ref200.json,0.9,8,conv1,0,3,0.9999995827674866,0.9999994039535522,200
cka_feddst,fashion_mnist,0.7,13,results/logs/cka_strength_sweep/fashion_mnist_all_20260517_180855/strength_0p9/seed_13/splits/fashion_mnist_split_seed13_clients5_alpha0p3_ref200.json,0.9,8,conv1,0,4,0.9999994039535522,0.9999994039535522,200
cka_feddst,fashion_mnist,0.7,13,results/logs/cka_strength_sweep/fashion_mnist_all_20260517_180855/strength_0p9/seed_13/splits/fashion_mnist_split_seed13_clients5_alpha0p3_ref200.json,0.9,8,conv1,1,0,0.9999997615814209,0.9999994039535522,200
cka_feddst,fashion_mnist,0.7,13,results/logs/cka_strength_sweep/fashion_mnist_all_20260517_180855/strength_0p9/seed_13/splits/fashion_mnist_split_seed13_clients5_alpha0p3_ref200.json,0.9,8,conv1,1,1,1.0,0.9999994039535522,200
cka_feddst,fashion_mnist,0.7,13,results/logs/cka_strength_sweep/fashion_mnist_all_20260517_180855/strength_0p9/seed_13/splits/fashion_mnist_split_seed13_clients5_alpha0p3_ref200.json,0.9,8,conv1,1,2,1.0,0.9999994039535522,200
cka_feddst,fashion_mnist,0.7,13,results/logs/cka_strength_sweep/fashion_mnist_all_20260517_180855/strength_0p9/seed_13/splits/fashion_mnist_split_seed13_clients5_alpha0p3_ref200.json,0.9,8,conv1,1,3,0.9999992847442627,0.9999994039535522,200
cka_feddst,fashion_mnist,0.7,13,results/logs/cka_strength_sweep/fashion_mnist_all_20260517_180855/strength_0p9/seed_13/splits/fashion_mnist_split_seed13_clients5_alpha0p3_ref200.json,0.9,8,conv1,1,4,0.999999463558197,0.9999994039535522,200
cka_feddst,fashion_mnist,0.7,13,results/logs/cka_strength_sweep/fashion_mnist_all_20260517_180855/strength_0p9/seed_13/splits/fashion_mnist_split_seed13_clients5_alpha0p3_ref200.json,0.9,8,conv1,2,0,1.0,0.9999994039535522,200
cka_feddst,fashion_mnist,0.7,13,results/logs/cka_strength_sweep/fashion_mnist_all_20260517_180855/strength_0p9/seed_13/splits/fashion_mnist_split_seed13_clients5_alpha0p3_ref200.json,0.9,8,conv1,2,1,1.0,0.9999994039535522,200
cka_feddst,fashion_mnist,0.7,13,results/logs/cka_strength_sweep/fashion_mnist_all_20260517_180855/strength_0p9/seed_13/splits/fashion_mnist_split_seed13_clients5_alpha0p3_ref200.json,0.9,8,conv1,2,2,1.0,0.9999994039535522,200
cka_feddst,fashion_mnist,0.7,13,results/logs/cka_strength_sweep/fashion_mnist_all_20260517_180855/strength_0p9/seed_13/splits/fashion_mnist_split_seed13_clients5_alpha0p3_ref200.json,0.9,8,conv1,2,3,0.9999995231628418,0.9999994039535522,200
cka_feddst,fashion_mnist,0.7,13,results/logs/cka_strength_sweep/fashion_mnist_all_20260517_180855/strength_0p9/seed_13/splits/fashion_mnist_split_seed13_clients5_alpha0p3_ref200.json,0.9,8,conv1,2,4,0.9999991059303284,0.9999994039535522,200
cka_feddst,fashion_mnist,0.7,13,results/logs/cka_strength_sweep/fashion_mnist_all_20260517_180855/strength_0p9/seed_13/splits/fashion_mnist_split_seed13_clients5_alpha0p3_ref200.json,0.9,8,conv1,3,0,0.9999995827674866,0.9999994039535522,200
cka_feddst,fashion_mnist,0.7,13,results/logs/cka_strength_sweep/fashion_mnist_all_20260517_180855/strength_0p9/seed_13/splits/fashion_mnist_split_seed13_clients5_alpha0p3_ref200.json,0.9,8,conv1,3,1,0.9999992847442627,0.9999994039535522,200
cka_feddst,fashion_mnist,0.7,13,results/logs/cka_strength_sweep/fashion_mnist_all_20260517_180855/strength_0p9/seed_13/splits/fashion_mnist_split_seed13_clients5_alpha0p3_ref200.json,0.9,8,conv1,3,2,0.9999995231628418,0.9999994039535522,200
cka_feddst,fashion_mnist,0.7,13,results/logs/cka_strength_sweep/fashion_mnist_all_20260517_180855/strength_0p9/seed_13/splits/fashion_mnist_split_seed13_clients5_alpha0p3_ref200.json,0.9,8,conv1,3,3,1.0,0.9999994039535522,200
cka_feddst,fashion_mnist,0.7,13,results/logs/cka_strength_sweep/fashion_mnist_all_20260517_180855/strength_0p9/seed_13/splits/fashion_mnist_split_seed13_clients5_alpha0p3_ref200.json,0.9,8,conv1,3,4,0.9999990463256836,0.9999994039535522,200
cka_feddst,fashion_mnist,0.7,13,results/logs/cka_strength_sweep/fashion_mnist_all_20260517_180855/strength_0p9/seed_13/splits/fashion_mnist_split_seed13_clients5_alpha0p3_ref200.json,0.9,8,conv1,4,0,0.9999994039535522,0.9999994039535522,200
cka_feddst,fashion_mnist,0.7,13,results/logs/cka_strength_sweep/fashion_mnist_all_20260517_180855/strength_0p9/seed_13/splits/fashion_mnist_split_seed13_clients5_alpha0p3_ref200.json,0.9,8,conv1,4,1,0.999999463558197,0.9999994039535522,200
cka_feddst,fashion_mnist,0.7,13,results/logs/cka_strength_sweep/fashion_mnist_all_20260517_180855/strength_0p9/seed_13/splits/fashion_mnist_split_seed13_clients5_alpha0p3_ref200.json,0.9,8,conv1,4,2,0.9999991059303284,0.9999994039535522,200
cka_feddst,fashion_mnist,0.7,13,results/logs/cka_strength_sweep/fashion_mnist_all_20260517_180855/strength_0p9/seed_13/splits/fashion_mnist_split_seed13_clients5_alpha0p3_ref200.json,0.9,8,conv1,4,3,0.9999990463256836,0.9999994039535522,200
cka_feddst,fashion_mnist,0.7,13,results/logs/cka_strength_sweep/fashion_mnist_all_20260517_180855/strength_0p9/seed_13/splits/fashion_mnist_split_seed13_clients5_alpha0p3_ref200.json,0.9,8,conv1,4,4,1.0,0.9999994039535522,200
cka_feddst,fashion_mnist,0.7,13,results/logs/cka_strength_sweep/fashion_mnist_all_20260517_180855/strength_0p9/seed_13/splits/fashion_mnist_split_seed13_clients5_alpha0p3_ref200.json,0.9,8,conv2,0,0,1.0,0.9999977946281433,200
cka_feddst,fashion_mnist,0.7,13,results/logs/cka_strength_sweep/fashion_mnist_all_20260517_180855/strength_0p9/seed_13/splits/fashion_mnist_split_seed13_clients5_alpha0p3_ref200.json,0.9,8,conv2,0,1,0.9999993443489075,0.9999977946281433,200
cka_feddst,fashion_mnist,0.7,13,results/logs/cka_strength_sweep/fashion_mnist_all_20260517_180855/strength_0p9/seed_13/splits/fashion_mnist_split_seed13_clients5_alpha0p3_ref200.json,0.9,8,conv2,0,2,0.9999974966049194,0.9999977946281433,200
cka_feddst,fashion_mnist,0.7,13,results/logs/cka_strength_sweep/fashion_mnist_all_20260517_180855/strength_0p9/seed_13/splits/fashion_mnist_split_seed13_clients5_alpha0p3_ref200.json,0.9,8,conv2,0,3,0.9999993443489075,0.9999977946281433,200
cka_feddst,fashion_mnist,0.7,13,results/logs/cka_strength_sweep/fashion_mnist_all_20260517_180855/strength_0p9/seed_13/splits/fashion_mnist_split_seed13_clients5_alpha0p3_ref200.json,0.9,8,conv2,0,4,0.9999976754188538,0.9999977946281433,200
cka_feddst,fashion_mnist,0.7,13,results/logs/cka_strength_sweep/fashion_mnist_all_20260517_180855/strength_0p9/seed_13/splits/fashion_mnist_split_seed13_clients5_alpha0p3_ref200.json,0.9,8,conv2,1,0,0.9999993443489075,0.9999977946281433,200
cka_feddst,fashion_mnist,0.7,13,results/logs/cka_strength_sweep/fashion_mnist_all_20260517_180855/strength_0p9/seed_13/splits/fashion_mnist_split_seed13_clients5_alpha0p3_ref200.json,0.9,8,conv2,1,1,1.0,0.9999977946281433,200
cka_feddst,fashion_mnist,0.7,13,results/logs/cka_strength_sweep/fashion_mnist_all_20260517_180855/strength_0p9/seed_13/splits/fashion_mnist_split_seed13_clients5_alpha0p3_ref200.json,0.9,8,conv2,1,2,0.999998927116394,0.9999977946281433,200
cka_feddst,fashion_mnist,0.7,13,results/logs/cka_strength_sweep/fashion_mnist_all_20260517_180855/strength_0p9/seed_13/splits/fashion_mnist_split_seed13_clients5_alpha0p3_ref200.json,0.9,8,conv2,1,3,0.9999986886978149,0.9999977946281433,200
cka_feddst,fashion_mnist,0.7,13,results/logs/cka_strength_sweep/fashion_mnist_all_20260517_180855/strength_0p9/seed_13/splits/fashion_mnist_split_seed13_clients5_alpha0p3_ref200.json,0.9,8,conv2,1,4,0.9999966621398926,0.9999977946281433,200
cka_feddst,fashion_mnist,0.7,13,results/logs/cka_strength_sweep/fashion_mnist_all_20260517_180855/strength_0p9/seed_13/splits/fashion_mnist_split_seed13_clients5_alpha0p3_ref200.json,0.9,8,conv2,2,0,0.9999974966049194,0.9999977946281433,200
cka_feddst,fashion_mnist,0.7,13,results/logs/cka_strength_sweep/fashion_mnist_all_20260517_180855/strength_0p9/seed_13/splits/fashion_mnist_split_seed13_clients5_alpha0p3_ref200.json,0.9,8,conv2,2,1,0.999998927116394,0.9999977946281433,200
cka_feddst,fashion_mnist,0.7,13,results/logs/cka_strength_sweep/fashion_mnist_all_20260517_180855/strength_0p9/seed_13/splits/fashion_mnist_split_seed13_clients5_alpha0p3_ref200.json,0.9,8,conv2,2,2,1.0,0.9999977946281433,200
cka_feddst,fashion_mnist,0.7,13,results/logs/cka_strength_sweep/fashion_mnist_all_20260517_180855/strength_0p9/seed_13/splits/fashion_mnist_split_seed13_clients5_alpha0p3_ref200.json,0.9,8,conv2,2,3,0.9999967813491821,0.9999977946281433,200
cka_feddst,fashion_mnist,0.7,13,results/logs/cka_strength_sweep/fashion_mnist_all_20260517_180855/strength_0p9/seed_13/splits/fashion_mnist_split_seed13_clients5_alpha0p3_ref200.json,0.9,8,conv2,2,4,0.9999931454658508,0.9999977946281433,200
cka_feddst,fashion_mnist,0.7,13,results/logs/cka_strength_sweep/fashion_mnist_all_20260517_180855/strength_0p9/seed_13/splits/fashion_mnist_split_seed13_clients5_alpha0p3_ref200.json,0.9,8,conv2,3,0,0.9999993443489075,0.9999977946281433,200
cka_feddst,fashion_mnist,0.7,13,results/logs/cka_strength_sweep/fashion_mnist_all_20260517_180855/strength_0p9/seed_13/splits/fashion_mnist_split_seed13_clients5_alpha0p3_ref200.json,0.9,8,conv2,3,1,0.9999986886978149,0.9999977946281433,200
cka_feddst,fashion_mnist,0.7,13,results/logs/cka_strength_sweep/fashion_mnist_all_20260517_180855/strength_0p9/seed_13/splits/fashion_mnist_split_seed13_clients5_alpha0p3_ref200.json,0.9,8,conv2,3,2,0.9999967813491821,0.9999977946281433,200
cka_feddst,fashion_mnist,0.7,13,results/logs/cka_strength_sweep/fashion_mnist_all_20260517_180855/strength_0p9/seed_13/splits/fashion_mnist_split_seed13_clients5_alpha0p3_ref200.json,0.9,8,conv2,3,3,1.0,0.9999977946281433,200
cka_feddst,fashion_mnist,0.7,13,results/logs/cka_strength_sweep/fashion_mnist_all_20260517_180855/strength_0p9/seed_13/splits/fashion_mnist_split_seed13_clients5_alpha0p3_ref200.json,0.9,8,conv2,3,4,0.9999991059303284,0.9999977946281433,200
cka_feddst,fashion_mnist,0.7,13,results/logs/cka_strength_sweep/fashion_mnist_all_20260517_180855/strength_0p9/seed_13/splits/fashion_mnist_split_seed13_clients5_alpha0p3_ref200.json,0.9,8,conv2,4,0,0.9999976754188538,0.9999977946281433,200
cka_feddst,fashion_mnist,0.7,13,results/logs/cka_strength_sweep/fashion_mnist_all_20260517_180855/strength_0p9/seed_13/splits/fashion_mnist_split_seed13_clients5_alpha0p3_ref200.json,0.9,8,conv2,4,1,0.9999966621398926,0.9999977946281433,200
cka_feddst,fashion_mnist,0.7,13,results/logs/cka_strength_sweep/fashion_mnist_all_20260517_180855/strength_0p9/seed_13/splits/fashion_mnist_split_seed13_clients5_alpha0p3_ref200.json,0.9,8,conv2,4,2,0.9999931454658508,0.9999977946281433,200
cka_feddst,fashion_mnist,0.7,13,results/logs/cka_strength_sweep/fashion_mnist_all_20260517_180855/strength_0p9/seed_13/splits/fashion_mnist_split_seed13_clients5_alpha0p3_ref200.json,0.9,8,conv2,4,3,0.9999991059303284,0.9999977946281433,200
cka_feddst,fashion_mnist,0.7,13,results/logs/cka_strength_sweep/fashion_mnist_all_20260517_180855/strength_0p9/seed_13/splits/fashion_mnist_split_seed13_clients5_alpha0p3_ref200.json,0.9,8,conv2,4,4,1.0,0.9999977946281433,200
cka_feddst,fashion_mnist,0.7,13,results/logs/cka_strength_sweep/fashion_mnist_all_20260517_180855/strength_0p9/seed_13/splits/fashion_mnist_split_seed13_clients5_alpha0p3_ref200.json,0.9,8,fc1,0,0,1.0,0.9922529458999634,200
cka_feddst,fashion_mnist,0.7,13,results/logs/cka_strength_sweep/fashion_mnist_all_20260517_180855/strength_0p9/seed_13/splits/fashion_mnist_split_seed13_clients5_alpha0p3_ref200.json,0.9,8,fc1,0,1,0.9922728538513184,0.9922529458999634,200
cka_feddst,fashion_mnist,0.7,13,results/logs/cka_strength_sweep/fashion_mnist_all_20260517_180855/strength_0p9/seed_13/splits/fashion_mnist_split_seed13_clients5_alpha0p3_ref200.json,0.9,8,fc1,0,2,0.9945467114448547,0.9922529458999634,200
cka_feddst,fashion_mnist,0.7,13,results/logs/cka_strength_sweep/fashion_mnist_all_20260517_180855/strength_0p9/seed_13/splits/fashion_mnist_split_seed13_clients5_alpha0p3_ref200.json,0.9,8,fc1,0,3,0.989010214805603,0.9922529458999634,200
cka_feddst,fashion_mnist,0.7,13,results/logs/cka_strength_sweep/fashion_mnist_all_20260517_180855/strength_0p9/seed_13/splits/fashion_mnist_split_seed13_clients5_alpha0p3_ref200.json,0.9,8,fc1,0,4,0.9948163032531738,0.9922529458999634,200
cka_feddst,fashion_mnist,0.7,13,results/logs/cka_strength_sweep/fashion_mnist_all_20260517_180855/strength_0p9/seed_13/splits/fashion_mnist_split_seed13_clients5_alpha0p3_ref200.json,0.9,8,fc1,1,0,0.9922728538513184,0.9922529458999634,200
cka_feddst,fashion_mnist,0.7,13,results/logs/cka_strength_sweep/fashion_mnist_all_20260517_180855/strength_0p9/seed_13/splits/fashion_mnist_split_seed13_clients5_alpha0p3_ref200.json,0.9,8,fc1,1,1,1.0,0.9922529458999634,200
cka_feddst,fashion_mnist,0.7,13,results/logs/cka_strength_sweep/fashion_mnist_all_20260517_180855/strength_0p9/seed_13/splits/fashion_mnist_split_seed13_clients5_alpha0p3_ref200.json,0.9,8,fc1,1,2,0.995375394821167,0.9922529458999634,200
cka_feddst,fashion_mnist,0.7,13,results/logs/cka_strength_sweep/fashion_mnist_all_20260517_180855/strength_0p9/seed_13/splits/fashion_mnist_split_seed13_clients5_alpha0p3_ref200.json,0.9,8,fc1,1,3,0.9909041523933411,0.9922529458999634,200
cka_feddst,fashion_mnist,0.7,13,results/logs/cka_strength_sweep/fashion_mnist_all_20260517_180855/strength_0p9/seed_13/splits/fashion_mnist_split_seed13_clients5_alpha0p3_ref200.json,0.9,8,fc1,1,4,0.9899921417236328,0.9922529458999634,200
cka_feddst,fashion_mnist,0.7,13,results/logs/cka_strength_sweep/fashion_mnist_all_20260517_180855/strength_0p9/seed_13/splits/fashion_mnist_split_seed13_clients5_alpha0p3_ref200.json,0.9,8,fc1,2,0,0.9945467114448547,0.9922529458999634,200
cka_feddst,fashion_mnist,0.7,13,results/logs/cka_strength_sweep/fashion_mnist_all_20260517_180855/strength_0p9/seed_13/splits/fashion_mnist_split_seed13_clients5_alpha0p3_ref200.json,0.9,8,fc1,2,1,0.995375394821167,0.9922529458999634,200
cka_feddst,fashion_mnist,0.7,13,results/logs/cka_strength_sweep/fashion_mnist_all_20260517_180855/strength_0p9/seed_13/splits/fashion_mnist_split_seed13_clients5_alpha0p3_ref200.json,0.9,8,fc1,2,2,1.0,0.9922529458999634,200
cka_feddst,fashion_mnist,0.7,13,results/logs/cka_strength_sweep/fashion_mnist_all_20260517_180855/strength_0p9/seed_13/splits/fashion_mnist_split_seed13_clients5_alpha0p3_ref200.json,0.9,8,fc1,2,3,0.9908623099327087,0.9922529458999634,200
cka_feddst,fashion_mnist,0.7,13,results/logs/cka_strength_sweep/fashion_mnist_all_20260517_180855/strength_0p9/seed_13/splits/fashion_mnist_split_seed13_clients5_alpha0p3_ref200.json,0.9,8,fc1,2,4,0.9911235570907593,0.9922529458999634,200
cka_feddst,fashion_mnist,0.7,13,results/logs/cka_strength_sweep/fashion_mnist_all_20260517_180855/strength_0p9/seed_13/splits/fashion_mnist_split_seed13_clients5_alpha0p3_ref200.json,0.9,8,fc1,3,0,0.989010214805603,0.9922529458999634,200
cka_feddst,fashion_mnist,0.7,13,results/logs/cka_strength_sweep/fashion_mnist_all_20260517_180855/strength_0p9/seed_13/splits/fashion_mnist_split_seed13_clients5_alpha0p3_ref200.json,0.9,8,fc1,3,1,0.9909041523933411,0.9922529458999634,200
cka_feddst,fashion_mnist,0.7,13,results/logs/cka_strength_sweep/fashion_mnist_all_20260517_180855/strength_0p9/seed_13/splits/fashion_mnist_split_seed13_clients5_alpha0p3_ref200.json,0.9,8,fc1,3,2,0.9908623099327087,0.9922529458999634,200
cka_feddst,fashion_mnist,0.7,13,results/logs/cka_strength_sweep/fashion_mnist_all_20260517_180855/strength_0p9/seed_13/splits/fashion_mnist_split_seed13_clients5_alpha0p3_ref200.json,0.9,8,fc1,3,3,1.0,0.9922529458999634,200
cka_feddst,fashion_mnist,0.7,13,results/logs/cka_strength_sweep/fashion_mnist_all_20260517_180855/strength_0p9/seed_13/splits/fashion_mnist_split_seed13_clients5_alpha0p3_ref200.json,0.9,8,fc1,3,4,0.9936259984970093,0.9922529458999634,200
cka_feddst,fashion_mnist,0.7,13,results/logs/cka_strength_sweep/fashion_mnist_all_20260517_180855/strength_0p9/seed_13/splits/fashion_mnist_split_seed13_clients5_alpha0p3_ref200.json,0.9,8,fc1,4,0,0.9948163032531738,0.9922529458999634,200
cka_feddst,fashion_mnist,0.7,13,results/logs/cka_strength_sweep/fashion_mnist_all_20260517_180855/strength_0p9/seed_13/splits/fashion_mnist_split_seed13_clients5_alpha0p3_ref200.json,0.9,8,fc1,4,1,0.9899921417236328,0.9922529458999634,200
cka_feddst,fashion_mnist,0.7,13,results/logs/cka_strength_sweep/fashion_mnist_all_20260517_180855/strength_0p9/seed_13/splits/fashion_mnist_split_seed13_clients5_alpha0p3_ref200.json,0.9,8,fc1,4,2,0.9911235570907593,0.9922529458999634,200
cka_feddst,fashion_mnist,0.7,13,results/logs/cka_strength_sweep/fashion_mnist_all_20260517_180855/strength_0p9/seed_13/splits/fashion_mnist_split_seed13_clients5_alpha0p3_ref200.json,0.9,8,fc1,4,3,0.9936259984970093,0.9922529458999634,200
cka_feddst,fashion_mnist,0.7,13,results/logs/cka_strength_sweep/fashion_mnist_all_20260517_180855/strength_0p9/seed_13/splits/fashion_mnist_split_seed13_clients5_alpha0p3_ref200.json,0.9,8,fc1,4,4,1.0,0.9922529458999634,200
cka_feddst,fashion_mnist,0.7,13,results/logs/cka_strength_sweep/fashion_mnist_all_20260517_180855/strength_0p9/seed_13/splits/fashion_mnist_split_seed13_clients5_alpha0p3_ref200.json,0.9,10,conv1,0,0,1.0,0.9999998211860657,200
cka_feddst,fashion_mnist,0.7,13,results/logs/cka_strength_sweep/fashion_mnist_all_20260517_180855/strength_0p9/seed_13/splits/fashion_mnist_split_seed13_clients5_alpha0p3_ref200.json,0.9,10,conv1,0,1,0.9999997019767761,0.9999998211860657,200
cka_feddst,fashion_mnist,0.7,13,results/logs/cka_strength_sweep/fashion_mnist_all_20260517_180855/strength_0p9/seed_13/splits/fashion_mnist_split_seed13_clients5_alpha0p3_ref200.json,0.9,10,conv1,0,2,1.0,0.9999998211860657,200
cka_feddst,fashion_mnist,0.7,13,results/logs/cka_strength_sweep/fashion_mnist_all_20260517_180855/strength_0p9/seed_13/splits/fashion_mnist_split_seed13_clients5_alpha0p3_ref200.json,0.9,10,conv1,0,3,0.9999997019767761,0.9999998211860657,200
cka_feddst,fashion_mnist,0.7,13,results/logs/cka_strength_sweep/fashion_mnist_all_20260517_180855/strength_0p9/seed_13/splits/fashion_mnist_split_seed13_clients5_alpha0p3_ref200.json,0.9,10,conv1,0,4,0.9999995231628418,0.9999998211860657,200
cka_feddst,fashion_mnist,0.7,13,results/logs/cka_strength_sweep/fashion_mnist_all_20260517_180855/strength_0p9/seed_13/splits/fashion_mnist_split_seed13_clients5_alpha0p3_ref200.json,0.9,10,conv1,1,0,0.9999997019767761,0.9999998211860657,200
cka_feddst,fashion_mnist,0.7,13,results/logs/cka_strength_sweep/fashion_mnist_all_20260517_180855/strength_0p9/seed_13/splits/fashion_mnist_split_seed13_clients5_alpha0p3_ref200.json,0.9,10,conv1,1,1,1.0,0.9999998211860657,200
cka_feddst,fashion_mnist,0.7,13,results/logs/cka_strength_sweep/fashion_mnist_all_20260517_180855/strength_0p9/seed_13/splits/fashion_mnist_split_seed13_clients5_alpha0p3_ref200.json,0.9,10,conv1,1,2,1.0,0.9999998211860657,200
cka_feddst,fashion_mnist,0.7,13,results/logs/cka_strength_sweep/fashion_mnist_all_20260517_180855/strength_0p9/seed_13/splits/fashion_mnist_split_seed13_clients5_alpha0p3_ref200.json,0.9,10,conv1,1,3,0.9999997019767761,0.9999998211860657,200
cka_feddst,fashion_mnist,0.7,13,results/logs/cka_strength_sweep/fashion_mnist_all_20260517_180855/strength_0p9/seed_13/splits/fashion_mnist_split_seed13_clients5_alpha0p3_ref200.json,0.9,10,conv1,1,4,1.0,0.9999998211860657,200
cka_feddst,fashion_mnist,0.7,13,results/logs/cka_strength_sweep/fashion_mnist_all_20260517_180855/strength_0p9/seed_13/splits/fashion_mnist_split_seed13_clients5_alpha0p3_ref200.json,0.9,10,conv1,2,0,1.0,0.9999998211860657,200
cka_feddst,fashion_mnist,0.7,13,results/logs/cka_strength_sweep/fashion_mnist_all_20260517_180855/strength_0p9/seed_13/splits/fashion_mnist_split_seed13_clients5_alpha0p3_ref200.json,0.9,10,conv1,2,1,1.0,0.9999998211860657,200
cka_feddst,fashion_mnist,0.7,13,results/logs/cka_strength_sweep/fashion_mnist_all_20260517_180855/strength_0p9/seed_13/splits/fashion_mnist_split_seed13_clients5_alpha0p3_ref200.json,0.9,10,conv1,2,2,1.0,0.9999998211860657,200
cka_feddst,fashion_mnist,0.7,13,results/logs/cka_strength_sweep/fashion_mnist_all_20260517_180855/strength_0p9/seed_13/splits/fashion_mnist_split_seed13_clients5_alpha0p3_ref200.json,0.9,10,conv1,2,3,1.0,0.9999998211860657,200
cka_feddst,fashion_mnist,0.7,13,results/logs/cka_strength_sweep/fashion_mnist_all_20260517_180855/strength_0p9/seed_13/splits/fashion_mnist_split_seed13_clients5_alpha0p3_ref200.json,0.9,10,conv1,2,4,0.9999997615814209,0.9999998211860657,200
cka_feddst,fashion_mnist,0.7,13,results/logs/cka_strength_sweep/fashion_mnist_all_20260517_180855/strength_0p9/seed_13/splits/fashion_mnist_split_seed13_clients5_alpha0p3_ref200.json,0.9,10,conv1,3,0,0.9999997019767761,0.9999998211860657,200
cka_feddst,fashion_mnist,0.7,13,results/logs/cka_strength_sweep/fashion_mnist_all_20260517_180855/strength_0p9/seed_13/splits/fashion_mnist_split_seed13_clients5_alpha0p3_ref200.json,0.9,10,conv1,3,1,0.9999997019767761,0.9999998211860657,200
cka_feddst,fashion_mnist,0.7,13,results/logs/cka_strength_sweep/fashion_mnist_all_20260517_180855/strength_0p9/seed_13/splits/fashion_mnist_split_seed13_clients5_alpha0p3_ref200.json,0.9,10,conv1,3,2,1.0,0.9999998211860657,200
cka_feddst,fashion_mnist,0.7,13,results/logs/cka_strength_sweep/fashion_mnist_all_20260517_180855/strength_0p9/seed_13/splits/fashion_mnist_split_seed13_clients5_alpha0p3_ref200.json,0.9,10,conv1,3,3,1.0,0.9999998211860657,200
cka_feddst,fashion_mnist,0.7,13,results/logs/cka_strength_sweep/fashion_mnist_all_20260517_180855/strength_0p9/seed_13/splits/fashion_mnist_split_seed13_clients5_alpha0p3_ref200.json,0.9,10,conv1,3,4,0.9999992251396179,0.9999998211860657,200
cka_feddst,fashion_mnist,0.7,13,results/logs/cka_strength_sweep/fashion_mnist_all_20260517_180855/strength_0p9/seed_13/splits/fashion_mnist_split_seed13_clients5_alpha0p3_ref200.json,0.9,10,conv1,4,0,0.9999995231628418,0.9999998211860657,200
cka_feddst,fashion_mnist,0.7,13,results/logs/cka_strength_sweep/fashion_mnist_all_20260517_180855/strength_0p9/seed_13/splits/fashion_mnist_split_seed13_clients5_alpha0p3_ref200.json,0.9,10,conv1,4,1,1.0,0.9999998211860657,200
cka_feddst,fashion_mnist,0.7,13,results/logs/cka_strength_sweep/fashion_mnist_all_20260517_180855/strength_0p9/seed_13/splits/fashion_mnist_split_seed13_clients5_alpha0p3_ref200.json,0.9,10,conv1,4,2,0.9999997615814209,0.9999998211860657,200
cka_feddst,fashion_mnist,0.7,13,results/logs/cka_strength_sweep/fashion_mnist_all_20260517_180855/strength_0p9/seed_13/splits/fashion_mnist_split_seed13_clients5_alpha0p3_ref200.json,0.9,10,conv1,4,3,0.9999992251396179,0.9999998211860657,200
cka_feddst,fashion_mnist,0.7,13,results/logs/cka_strength_sweep/fashion_mnist_all_20260517_180855/strength_0p9/seed_13/splits/fashion_mnist_split_seed13_clients5_alpha0p3_ref200.json,0.9,10,conv1,4,4,1.0,0.9999998211860657,200
cka_feddst,fashion_mnist,0.7,13,results/logs/cka_strength_sweep/fashion_mnist_all_20260517_180855/strength_0p9/seed_13/splits/fashion_mnist_split_seed13_clients5_alpha0p3_ref200.json,0.9,10,conv2,0,0,1.0,0.9999985694885254,200
cka_feddst,fashion_mnist,0.7,13,results/logs/cka_strength_sweep/fashion_mnist_all_20260517_180855/strength_0p9/seed_13/splits/fashion_mnist_split_seed13_clients5_alpha0p3_ref200.json,0.9,10,conv2,0,1,0.9999997019767761,0.9999985694885254,200
cka_feddst,fashion_mnist,0.7,13,results/logs/cka_strength_sweep/fashion_mnist_all_20260517_180855/strength_0p9/seed_13/splits/fashion_mnist_split_seed13_clients5_alpha0p3_ref200.json,0.9,10,conv2,0,2,0.9999985694885254,0.9999985694885254,200
cka_feddst,fashion_mnist,0.7,13,results/logs/cka_strength_sweep/fashion_mnist_all_20260517_180855/strength_0p9/seed_13/splits/fashion_mnist_split_seed13_clients5_alpha0p3_ref200.json,0.9,10,conv2,0,3,0.9999992251396179,0.9999985694885254,200
cka_feddst,fashion_mnist,0.7,13,results/logs/cka_strength_sweep/fashion_mnist_all_20260517_180855/strength_0p9/seed_13/splits/fashion_mnist_split_seed13_clients5_alpha0p3_ref200.json,0.9,10,conv2,0,4,0.9999988079071045,0.9999985694885254,200
cka_feddst,fashion_mnist,0.7,13,results/logs/cka_strength_sweep/fashion_mnist_all_20260517_180855/strength_0p9/seed_13/splits/fashion_mnist_split_seed13_clients5_alpha0p3_ref200.json,0.9,10,conv2,1,0,0.9999997019767761,0.9999985694885254,200
cka_feddst,fashion_mnist,0.7,13,results/logs/cka_strength_sweep/fashion_mnist_all_20260517_180855/strength_0p9/seed_13/splits/fashion_mnist_split_seed13_clients5_alpha0p3_ref200.json,0.9,10,conv2,1,1,1.0,0.9999985694885254,200
cka_feddst,fashion_mnist,0.7,13,results/logs/cka_strength_sweep/fashion_mnist_all_20260517_180855/strength_0p9/seed_13/splits/fashion_mnist_split_seed13_clients5_alpha0p3_ref200.json,0.9,10,conv2,1,2,0.9999982714653015,0.9999985694885254,200
cka_feddst,fashion_mnist,0.7,13,results/logs/cka_strength_sweep/fashion_mnist_all_20260517_180855/strength_0p9/seed_13/splits/fashion_mnist_split_seed13_clients5_alpha0p3_ref200.json,0.9,10,conv2,1,3,0.9999983906745911,0.9999985694885254,200
cka_feddst,fashion_mnist,0.7,13,results/logs/cka_strength_sweep/fashion_mnist_all_20260517_180855/strength_0p9/seed_13/splits/fashion_mnist_split_seed13_clients5_alpha0p3_ref200.json,0.9,10,conv2,1,4,0.9999982118606567,0.9999985694885254,200
cka_feddst,fashion_mnist,0.7,13,results/logs/cka_strength_sweep/fashion_mnist_all_20260517_180855/strength_0p9/seed_13/splits/fashion_mnist_split_seed13_clients5_alpha0p3_ref200.json,0.9,10,conv2,2,0,0.9999985694885254,0.9999985694885254,200
cka_feddst,fashion_mnist,0.7,13,results/logs/cka_strength_sweep/fashion_mnist_all_20260517_180855/strength_0p9/seed_13/splits/fashion_mnist_split_seed13_clients5_alpha0p3_ref200.json,0.9,10,conv2,2,1,0.9999982714653015,0.9999985694885254,200
cka_feddst,fashion_mnist,0.7,13,results/logs/cka_strength_sweep/fashion_mnist_all_20260517_180855/strength_0p9/seed_13/splits/fashion_mnist_split_seed13_clients5_alpha0p3_ref200.json,0.9,10,conv2,2,2,1.0,0.9999985694885254,200
cka_feddst,fashion_mnist,0.7,13,results/logs/cka_strength_sweep/fashion_mnist_all_20260517_180855/strength_0p9/seed_13/splits/fashion_mnist_split_seed13_clients5_alpha0p3_ref200.json,0.9,10,conv2,2,3,0.9999976754188538,0.9999985694885254,200
cka_feddst,fashion_mnist,0.7,13,results/logs/cka_strength_sweep/fashion_mnist_all_20260517_180855/strength_0p9/seed_13/splits/fashion_mnist_split_seed13_clients5_alpha0p3_ref200.json,0.9,10,conv2,2,4,0.9999963045120239,0.9999985694885254,200
cka_feddst,fashion_mnist,0.7,13,results/logs/cka_strength_sweep/fashion_mnist_all_20260517_180855/strength_0p9/seed_13/splits/fashion_mnist_split_seed13_clients5_alpha0p3_ref200.json,0.9,10,conv2,3,0,0.9999992251396179,0.9999985694885254,200
cka_feddst,fashion_mnist,0.7,13,results/logs/cka_strength_sweep/fashion_mnist_all_20260517_180855/strength_0p9/seed_13/splits/fashion_mnist_split_seed13_clients5_alpha0p3_ref200.json,0.9,10,conv2,3,1,0.9999983906745911,0.9999985694885254,200
cka_feddst,fashion_mnist,0.7,13,results/logs/cka_strength_sweep/fashion_mnist_all_20260517_180855/strength_0p9/seed_13/splits/fashion_mnist_split_seed13_clients5_alpha0p3_ref200.json,0.9,10,conv2,3,2,0.9999976754188538,0.9999985694885254,200
cka_feddst,fashion_mnist,0.7,13,results/logs/cka_strength_sweep/fashion_mnist_all_20260517_180855/strength_0p9/seed_13/splits/fashion_mnist_split_seed13_clients5_alpha0p3_ref200.json,0.9,10,conv2,3,3,1.0,0.9999985694885254,200
cka_feddst,fashion_mnist,0.7,13,results/logs/cka_strength_sweep/fashion_mnist_all_20260517_180855/strength_0p9/seed_13/splits/fashion_mnist_split_seed13_clients5_alpha0p3_ref200.json,0.9,10,conv2,3,4,0.9999993443489075,0.9999985694885254,200
cka_feddst,fashion_mnist,0.7,13,results/logs/cka_strength_sweep/fashion_mnist_all_20260517_180855/strength_0p9/seed_13/splits/fashion_mnist_split_seed13_clients5_alpha0p3_ref200.json,0.9,10,conv2,4,0,0.9999988079071045,0.9999985694885254,200
cka_feddst,fashion_mnist,0.7,13,results/logs/cka_strength_sweep/fashion_mnist_all_20260517_180855/strength_0p9/seed_13/splits/fashion_mnist_split_seed13_clients5_alpha0p3_ref200.json,0.9,10,conv2,4,1,0.9999982118606567,0.9999985694885254,200
cka_feddst,fashion_mnist,0.7,13,results/logs/cka_strength_sweep/fashion_mnist_all_20260517_180855/strength_0p9/seed_13/splits/fashion_mnist_split_seed13_clients5_alpha0p3_ref200.json,0.9,10,conv2,4,2,0.9999963045120239,0.9999985694885254,200
cka_feddst,fashion_mnist,0.7,13,results/logs/cka_strength_sweep/fashion_mnist_all_20260517_180855/strength_0p9/seed_13/splits/fashion_mnist_split_seed13_clients5_alpha0p3_ref200.json,0.9,10,conv2,4,3,0.9999993443489075,0.9999985694885254,200
cka_feddst,fashion_mnist,0.7,13,results/logs/cka_strength_sweep/fashion_mnist_all_20260517_180855/strength_0p9/seed_13/splits/fashion_mnist_split_seed13_clients5_alpha0p3_ref200.json,0.9,10,conv2,4,4,1.0,0.9999985694885254,200
cka_feddst,fashion_mnist,0.7,13,results/logs/cka_strength_sweep/fashion_mnist_all_20260517_180855/strength_0p9/seed_13/splits/fashion_mnist_split_seed13_clients5_alpha0p3_ref200.json,0.9,10,fc1,0,0,1.0,0.9905417561531067,200
cka_feddst,fashion_mnist,0.7,13,results/logs/cka_strength_sweep/fashion_mnist_all_20260517_180855/strength_0p9/seed_13/splits/fashion_mnist_split_seed13_clients5_alpha0p3_ref200.json,0.9,10,fc1,0,1,0.9947196841239929,0.9905417561531067,200
cka_feddst,fashion_mnist,0.7,13,results/logs/cka_strength_sweep/fashion_mnist_all_20260517_180855/strength_0p9/seed_13/splits/fashion_mnist_split_seed13_clients5_alpha0p3_ref200.json,0.9,10,fc1,0,2,0.9929035305976868,0.9905417561531067,200
cka_feddst,fashion_mnist,0.7,13,results/logs/cka_strength_sweep/fashion_mnist_all_20260517_180855/strength_0p9/seed_13/splits/fashion_mnist_split_seed13_clients5_alpha0p3_ref200.json,0.9,10,fc1,0,3,0.9935094714164734,0.9905417561531067,200
cka_feddst,fashion_mnist,0.7,13,results/logs/cka_strength_sweep/fashion_mnist_all_20260517_180855/strength_0p9/seed_13/splits/fashion_mnist_split_seed13_clients5_alpha0p3_ref200.json,0.9,10,fc1,0,4,0.9917418956756592,0.9905417561531067,200
cka_feddst,fashion_mnist,0.7,13,results/logs/cka_strength_sweep/fashion_mnist_all_20260517_180855/strength_0p9/seed_13/splits/fashion_mnist_split_seed13_clients5_alpha0p3_ref200.json,0.9,10,fc1,1,0,0.9947196841239929,0.9905417561531067,200
cka_feddst,fashion_mnist,0.7,13,results/logs/cka_strength_sweep/fashion_mnist_all_20260517_180855/strength_0p9/seed_13/splits/fashion_mnist_split_seed13_clients5_alpha0p3_ref200.json,0.9,10,fc1,1,1,1.0,0.9905417561531067,200
cka_feddst,fashion_mnist,0.7,13,results/logs/cka_strength_sweep/fashion_mnist_all_20260517_180855/strength_0p9/seed_13/splits/fashion_mnist_split_seed13_clients5_alpha0p3_ref200.json,0.9,10,fc1,1,2,0.9924530386924744,0.9905417561531067,200
cka_feddst,fashion_mnist,0.7,13,results/logs/cka_strength_sweep/fashion_mnist_all_20260517_180855/strength_0p9/seed_13/splits/fashion_mnist_split_seed13_clients5_alpha0p3_ref200.json,0.9,10,fc1,1,3,0.9859728217124939,0.9905417561531067,200
cka_feddst,fashion_mnist,0.7,13,results/logs/cka_strength_sweep/fashion_mnist_all_20260517_180855/strength_0p9/seed_13/splits/fashion_mnist_split_seed13_clients5_alpha0p3_ref200.json,0.9,10,fc1,1,4,0.9864065051078796,0.9905417561531067,200
cka_feddst,fashion_mnist,0.7,13,results/logs/cka_strength_sweep/fashion_mnist_all_20260517_180855/strength_0p9/seed_13/splits/fashion_mnist_split_seed13_clients5_alpha0p3_ref200.json,0.9,10,fc1,2,0,0.9929035305976868,0.9905417561531067,200
cka_feddst,fashion_mnist,0.7,13,results/logs/cka_strength_sweep/fashion_mnist_all_20260517_180855/strength_0p9/seed_13/splits/fashion_mnist_split_seed13_clients5_alpha0p3_ref200.json,0.9,10,fc1,2,1,0.9924530386924744,0.9905417561531067,200
cka_feddst,fashion_mnist,0.7,13,results/logs/cka_strength_sweep/fashion_mnist_all_20260517_180855/strength_0p9/seed_13/splits/fashion_mnist_split_seed13_clients5_alpha0p3_ref200.json,0.9,10,fc1,2,2,1.0,0.9905417561531067,200
cka_feddst,fashion_mnist,0.7,13,results/logs/cka_strength_sweep/fashion_mnist_all_20260517_180855/strength_0p9/seed_13/splits/fashion_mnist_split_seed13_clients5_alpha0p3_ref200.json,0.9,10,fc1,2,3,0.9863279461860657,0.9905417561531067,200
cka_feddst,fashion_mnist,0.7,13,results/logs/cka_strength_sweep/fashion_mnist_all_20260517_180855/strength_0p9/seed_13/splits/fashion_mnist_split_seed13_clients5_alpha0p3_ref200.json,0.9,10,fc1,2,4,0.9892168045043945,0.9905417561531067,200
cka_feddst,fashion_mnist,0.7,13,results/logs/cka_strength_sweep/fashion_mnist_all_20260517_180855/strength_0p9/seed_13/splits/fashion_mnist_split_seed13_clients5_alpha0p3_ref200.json,0.9,10,fc1,3,0,0.9935094714164734,0.9905417561531067,200
cka_feddst,fashion_mnist,0.7,13,results/logs/cka_strength_sweep/fashion_mnist_all_20260517_180855/strength_0p9/seed_13/splits/fashion_mnist_split_seed13_clients5_alpha0p3_ref200.json,0.9,10,fc1,3,1,0.9859728217124939,0.9905417561531067,200
cka_feddst,fashion_mnist,0.7,13,results/logs/cka_strength_sweep/fashion_mnist_all_20260517_180855/strength_0p9/seed_13/splits/fashion_mnist_split_seed13_clients5_alpha0p3_ref200.json,0.9,10,fc1,3,2,0.9863279461860657,0.9905417561531067,200
cka_feddst,fashion_mnist,0.7,13,results/logs/cka_strength_sweep/fashion_mnist_all_20260517_180855/strength_0p9/seed_13/splits/fashion_mnist_split_seed13_clients5_alpha0p3_ref200.json,0.9,10,fc1,3,3,1.0,0.9905417561531067,200
cka_feddst,fashion_mnist,0.7,13,results/logs/cka_strength_sweep/fashion_mnist_all_20260517_180855/strength_0p9/seed_13/splits/fashion_mnist_split_seed13_clients5_alpha0p3_ref200.json,0.9,10,fc1,3,4,0.9921653866767883,0.9905417561531067,200
cka_feddst,fashion_mnist,0.7,13,results/logs/cka_strength_sweep/fashion_mnist_all_20260517_180855/strength_0p9/seed_13/splits/fashion_mnist_split_seed13_clients5_alpha0p3_ref200.json,0.9,10,fc1,4,0,0.9917418956756592,0.9905417561531067,200
cka_feddst,fashion_mnist,0.7,13,results/logs/cka_strength_sweep/fashion_mnist_all_20260517_180855/strength_0p9/seed_13/splits/fashion_mnist_split_seed13_clients5_alpha0p3_ref200.json,0.9,10,fc1,4,1,0.9864065051078796,0.9905417561531067,200
cka_feddst,fashion_mnist,0.7,13,results/logs/cka_strength_sweep/fashion_mnist_all_20260517_180855/strength_0p9/seed_13/splits/fashion_mnist_split_seed13_clients5_alpha0p3_ref200.json,0.9,10,fc1,4,2,0.9892168045043945,0.9905417561531067,200
cka_feddst,fashion_mnist,0.7,13,results/logs/cka_strength_sweep/fashion_mnist_all_20260517_180855/strength_0p9/seed_13/splits/fashion_mnist_split_seed13_clients5_alpha0p3_ref200.json,0.9,10,fc1,4,3,0.9921653866767883,0.9905417561531067,200
cka_feddst,fashion_mnist,0.7,13,results/logs/cka_strength_sweep/fashion_mnist_all_20260517_180855/strength_0p9/seed_13/splits/fashion_mnist_split_seed13_clients5_alpha0p3_ref200.json,0.9,10,fc1,4,4,1.0,0.9905417561531067,200
cka_feddst,fashion_mnist,0.7,13,results/logs/cka_strength_sweep/fashion_mnist_all_20260517_180855/strength_0p9/seed_13/splits/fashion_mnist_split_seed13_clients5_alpha0p3_ref200.json,0.9,12,conv1,0,0,1.0,0.9999996423721313,200
cka_feddst,fashion_mnist,0.7,13,results/logs/cka_strength_sweep/fashion_mnist_all_20260517_180855/strength_0p9/seed_13/splits/fashion_mnist_split_seed13_clients5_alpha0p3_ref200.json,0.9,12,conv1,0,1,1.0,0.9999996423721313,200
cka_feddst,fashion_mnist,0.7,13,results/logs/cka_strength_sweep/fashion_mnist_all_20260517_180855/strength_0p9/seed_13/splits/fashion_mnist_split_seed13_clients5_alpha0p3_ref200.json,0.9,12,conv1,0,2,0.9999995231628418,0.9999996423721313,200
cka_feddst,fashion_mnist,0.7,13,results/logs/cka_strength_sweep/fashion_mnist_all_20260517_180855/strength_0p9/seed_13/splits/fashion_mnist_split_seed13_clients5_alpha0p3_ref200.json,0.9,12,conv1,0,3,0.9999997019767761,0.9999996423721313,200
cka_feddst,fashion_mnist,0.7,13,results/logs/cka_strength_sweep/fashion_mnist_all_20260517_180855/strength_0p9/seed_13/splits/fashion_mnist_split_seed13_clients5_alpha0p3_ref200.json,0.9,12,conv1,0,4,0.999999463558197,0.9999996423721313,200
cka_feddst,fashion_mnist,0.7,13,results/logs/cka_strength_sweep/fashion_mnist_all_20260517_180855/strength_0p9/seed_13/splits/fashion_mnist_split_seed13_clients5_alpha0p3_ref200.json,0.9,12,conv1,1,0,1.0,0.9999996423721313,200
cka_feddst,fashion_mnist,0.7,13,results/logs/cka_strength_sweep/fashion_mnist_all_20260517_180855/strength_0p9/seed_13/splits/fashion_mnist_split_seed13_clients5_alpha0p3_ref200.json,0.9,12,conv1,1,1,1.0,0.9999996423721313,200
cka_feddst,fashion_mnist,0.7,13,results/logs/cka_strength_sweep/fashion_mnist_all_20260517_180855/strength_0p9/seed_13/splits/fashion_mnist_split_seed13_clients5_alpha0p3_ref200.json,0.9,12,conv1,1,2,1.0,0.9999996423721313,200
cka_feddst,fashion_mnist,0.7,13,results/logs/cka_strength_sweep/fashion_mnist_all_20260517_180855/strength_0p9/seed_13/splits/fashion_mnist_split_seed13_clients5_alpha0p3_ref200.json,0.9,12,conv1,1,3,1.0,0.9999996423721313,200
cka_feddst,fashion_mnist,0.7,13,results/logs/cka_strength_sweep/fashion_mnist_all_20260517_180855/strength_0p9/seed_13/splits/fashion_mnist_split_seed13_clients5_alpha0p3_ref200.json,0.9,12,conv1,1,4,0.9999997615814209,0.9999996423721313,200
cka_feddst,fashion_mnist,0.7,13,results/logs/cka_strength_sweep/fashion_mnist_all_20260517_180855/strength_0p9/seed_13/splits/fashion_mnist_split_seed13_clients5_alpha0p3_ref200.json,0.9,12,conv1,2,0,0.9999995231628418,0.9999996423721313,200
cka_feddst,fashion_mnist,0.7,13,results/logs/cka_strength_sweep/fashion_mnist_all_20260517_180855/strength_0p9/seed_13/splits/fashion_mnist_split_seed13_clients5_alpha0p3_ref200.json,0.9,12,conv1,2,1,1.0,0.9999996423721313,200
cka_feddst,fashion_mnist,0.7,13,results/logs/cka_strength_sweep/fashion_mnist_all_20260517_180855/strength_0p9/seed_13/splits/fashion_mnist_split_seed13_clients5_alpha0p3_ref200.json,0.9,12,conv1,2,2,1.0,0.9999996423721313,200
cka_feddst,fashion_mnist,0.7,13,results/logs/cka_strength_sweep/fashion_mnist_all_20260517_180855/strength_0p9/seed_13/splits/fashion_mnist_split_seed13_clients5_alpha0p3_ref200.json,0.9,12,conv1,2,3,1.0,0.9999996423721313,200
cka_feddst,fashion_mnist,0.7,13,results/logs/cka_strength_sweep/fashion_mnist_all_20260517_180855/strength_0p9/seed_13/splits/fashion_mnist_split_seed13_clients5_alpha0p3_ref200.json,0.9,12,conv1,2,4,0.9999988079071045,0.9999996423721313,200
cka_feddst,fashion_mnist,0.7,13,results/logs/cka_strength_sweep/fashion_mnist_all_20260517_180855/strength_0p9/seed_13/splits/fashion_mnist_split_seed13_clients5_alpha0p3_ref200.json,0.9,12,conv1,3,0,0.9999997019767761,0.9999996423721313,200
cka_feddst,fashion_mnist,0.7,13,results/logs/cka_strength_sweep/fashion_mnist_all_20260517_180855/strength_0p9/seed_13/splits/fashion_mnist_split_seed13_clients5_alpha0p3_ref200.json,0.9,12,conv1,3,1,1.0,0.9999996423721313,200
cka_feddst,fashion_mnist,0.7,13,results/logs/cka_strength_sweep/fashion_mnist_all_20260517_180855/strength_0p9/seed_13/splits/fashion_mnist_split_seed13_clients5_alpha0p3_ref200.json,0.9,12,conv1,3,2,1.0,0.9999996423721313,200
cka_feddst,fashion_mnist,0.7,13,results/logs/cka_strength_sweep/fashion_mnist_all_20260517_180855/strength_0p9/seed_13/splits/fashion_mnist_split_seed13_clients5_alpha0p3_ref200.json,0.9,12,conv1,3,3,1.0,0.9999996423721313,200
cka_feddst,fashion_mnist,0.7,13,results/logs/cka_strength_sweep/fashion_mnist_all_20260517_180855/strength_0p9/seed_13/splits/fashion_mnist_split_seed13_clients5_alpha0p3_ref200.json,0.9,12,conv1,3,4,0.9999990463256836,0.9999996423721313,200
cka_feddst,fashion_mnist,0.7,13,results/logs/cka_strength_sweep/fashion_mnist_all_20260517_180855/strength_0p9/seed_13/splits/fashion_mnist_split_seed13_clients5_alpha0p3_ref200.json,0.9,12,conv1,4,0,0.999999463558197,0.9999996423721313,200
cka_feddst,fashion_mnist,0.7,13,results/logs/cka_strength_sweep/fashion_mnist_all_20260517_180855/strength_0p9/seed_13/splits/fashion_mnist_split_seed13_clients5_alpha0p3_ref200.json,0.9,12,conv1,4,1,0.9999997615814209,0.9999996423721313,200
cka_feddst,fashion_mnist,0.7,13,results/logs/cka_strength_sweep/fashion_mnist_all_20260517_180855/strength_0p9/seed_13/splits/fashion_mnist_split_seed13_clients5_alpha0p3_ref200.json,0.9,12,conv1,4,2,0.9999988079071045,0.9999996423721313,200
cka_feddst,fashion_mnist,0.7,13,results/logs/cka_strength_sweep/fashion_mnist_all_20260517_180855/strength_0p9/seed_13/splits/fashion_mnist_split_seed13_clients5_alpha0p3_ref200.json,0.9,12,conv1,4,3,0.9999990463256836,0.9999996423721313,200
cka_feddst,fashion_mnist,0.7,13,results/logs/cka_strength_sweep/fashion_mnist_all_20260517_180855/strength_0p9/seed_13/splits/fashion_mnist_split_seed13_clients5_alpha0p3_ref200.json,0.9,12,conv1,4,4,1.0,0.9999996423721313,200
cka_feddst,fashion_mnist,0.7,13,results/logs/cka_strength_sweep/fashion_mnist_all_20260517_180855/strength_0p9/seed_13/splits/fashion_mnist_split_seed13_clients5_alpha0p3_ref200.json,0.9,12,conv2,0,0,1.0,0.9999983906745911,200
cka_feddst,fashion_mnist,0.7,13,results/logs/cka_strength_sweep/fashion_mnist_all_20260517_180855/strength_0p9/seed_13/splits/fashion_mnist_split_seed13_clients5_alpha0p3_ref200.json,0.9,12,conv2,0,1,0.9999992251396179,0.9999983906745911,200
cka_feddst,fashion_mnist,0.7,13,results/logs/cka_strength_sweep/fashion_mnist_all_20260517_180855/strength_0p9/seed_13/splits/fashion_mnist_split_seed13_clients5_alpha0p3_ref200.json,0.9,12,conv2,0,2,0.999998152256012,0.9999983906745911,200
cka_feddst,fashion_mnist,0.7,13,results/logs/cka_strength_sweep/fashion_mnist_all_20260517_180855/strength_0p9/seed_13/splits/fashion_mnist_split_seed13_clients5_alpha0p3_ref200.json,0.9,12,conv2,0,3,0.9999991059303284,0.9999983906745911,200
cka_feddst,fashion_mnist,0.7,13,results/logs/cka_strength_sweep/fashion_mnist_all_20260517_180855/strength_0p9/seed_13/splits/fashion_mnist_split_seed13_clients5_alpha0p3_ref200.json,0.9,12,conv2,0,4,0.9999986886978149,0.9999983906745911,200
cka_feddst,fashion_mnist,0.7,13,results/logs/cka_strength_sweep/fashion_mnist_all_20260517_180855/strength_0p9/seed_13/splits/fashion_mnist_split_seed13_clients5_alpha0p3_ref200.json,0.9,12,conv2,1,0,0.9999992251396179,0.9999983906745911,200
cka_feddst,fashion_mnist,0.7,13,results/logs/cka_strength_sweep/fashion_mnist_all_20260517_180855/strength_0p9/seed_13/splits/fashion_mnist_split_seed13_clients5_alpha0p3_ref200.json,0.9,12,conv2,1,1,1.0,0.9999983906745911,200
cka_feddst,fashion_mnist,0.7,13,results/logs/cka_strength_sweep/fashion_mnist_all_20260517_180855/strength_0p9/seed_13/splits/fashion_mnist_split_seed13_clients5_alpha0p3_ref200.json,0.9,12,conv2,1,2,0.999999463558197,0.9999983906745911,200
cka_feddst,fashion_mnist,0.7,13,results/logs/cka_strength_sweep/fashion_mnist_all_20260517_180855/strength_0p9/seed_13/splits/fashion_mnist_split_seed13_clients5_alpha0p3_ref200.json,0.9,12,conv2,1,3,0.9999983310699463,0.9999983906745911,200
cka_feddst,fashion_mnist,0.7,13,results/logs/cka_strength_sweep/fashion_mnist_all_20260517_180855/strength_0p9/seed_13/splits/fashion_mnist_split_seed13_clients5_alpha0p3_ref200.json,0.9,12,conv2,1,4,0.9999974966049194,0.9999983906745911,200
cka_feddst,fashion_mnist,0.7,13,results/logs/cka_strength_sweep/fashion_mnist_all_20260517_180855/strength_0p9/seed_13/splits/fashion_mnist_split_seed13_clients5_alpha0p3_ref200.json,0.9,12,conv2,2,0,0.999998152256012,0.9999983906745911,200
cka_feddst,fashion_mnist,0.7,13,results/logs/cka_strength_sweep/fashion_mnist_all_20260517_180855/strength_0p9/seed_13/splits/fashion_mnist_split_seed13_clients5_alpha0p3_ref200.json,0.9,12,conv2,2,1,0.999999463558197,0.9999983906745911,200
cka_feddst,fashion_mnist,0.7,13,results/logs/cka_strength_sweep/fashion_mnist_all_20260517_180855/strength_0p9/seed_13/splits/fashion_mnist_split_seed13_clients5_alpha0p3_ref200.json,0.9,12,conv2,2,2,1.0,0.9999983906745911,200
cka_feddst,fashion_mnist,0.7,13,results/logs/cka_strength_sweep/fashion_mnist_all_20260517_180855/strength_0p9/seed_13/splits/fashion_mnist_split_seed13_clients5_alpha0p3_ref200.json,0.9,12,conv2,2,3,0.9999980330467224,0.9999983906745911,200
cka_feddst,fashion_mnist,0.7,13,results/logs/cka_strength_sweep/fashion_mnist_all_20260517_180855/strength_0p9/seed_13/splits/fashion_mnist_split_seed13_clients5_alpha0p3_ref200.json,0.9,12,conv2,2,4,0.9999960064888,0.9999983906745911,200
cka_feddst,fashion_mnist,0.7,13,results/logs/cka_strength_sweep/fashion_mnist_all_20260517_180855/strength_0p9/seed_13/splits/fashion_mnist_split_seed13_clients5_alpha0p3_ref200.json,0.9,12,conv2,3,0,0.9999991059303284,0.9999983906745911,200
cka_feddst,fashion_mnist,0.7,13,results/logs/cka_strength_sweep/fashion_mnist_all_20260517_180855/strength_0p9/seed_13/splits/fashion_mnist_split_seed13_clients5_alpha0p3_ref200.json,0.9,12,conv2,3,1,0.9999983310699463,0.9999983906745911,200
cka_feddst,fashion_mnist,0.7,13,results/logs/cka_strength_sweep/fashion_mnist_all_20260517_180855/strength_0p9/seed_13/splits/fashion_mnist_split_seed13_clients5_alpha0p3_ref200.json,0.9,12,conv2,3,2,0.9999980330467224,0.9999983906745911,200
cka_feddst,fashion_mnist,0.7,13,results/logs/cka_strength_sweep/fashion_mnist_all_20260517_180855/strength_0p9/seed_13/splits/fashion_mnist_split_seed13_clients5_alpha0p3_ref200.json,0.9,12,conv2,3,3,1.0,0.9999983906745911,200
cka_feddst,fashion_mnist,0.7,13,results/logs/cka_strength_sweep/fashion_mnist_all_20260517_180855/strength_0p9/seed_13/splits/fashion_mnist_split_seed13_clients5_alpha0p3_ref200.json,0.9,12,conv2,3,4,0.9999998211860657,0.9999983906745911,200
cka_feddst,fashion_mnist,0.7,13,results/logs/cka_strength_sweep/fashion_mnist_all_20260517_180855/strength_0p9/seed_13/splits/fashion_mnist_split_seed13_clients5_alpha0p3_ref200.json,0.9,12,conv2,4,0,0.9999986886978149,0.9999983906745911,200
cka_feddst,fashion_mnist,0.7,13,results/logs/cka_strength_sweep/fashion_mnist_all_20260517_180855/strength_0p9/seed_13/splits/fashion_mnist_split_seed13_clients5_alpha0p3_ref200.json,0.9,12,conv2,4,1,0.9999974966049194,0.9999983906745911,200
cka_feddst,fashion_mnist,0.7,13,results/logs/cka_strength_sweep/fashion_mnist_all_20260517_180855/strength_0p9/seed_13/splits/fashion_mnist_split_seed13_clients5_alpha0p3_ref200.json,0.9,12,conv2,4,2,0.9999960064888,0.9999983906745911,200
cka_feddst,fashion_mnist,0.7,13,results/logs/cka_strength_sweep/fashion_mnist_all_20260517_180855/strength_0p9/seed_13/splits/fashion_mnist_split_seed13_clients5_alpha0p3_ref200.json,0.9,12,conv2,4,3,0.9999998211860657,0.9999983906745911,200
cka_feddst,fashion_mnist,0.7,13,results/logs/cka_strength_sweep/fashion_mnist_all_20260517_180855/strength_0p9/seed_13/splits/fashion_mnist_split_seed13_clients5_alpha0p3_ref200.json,0.9,12,conv2,4,4,1.0,0.9999983906745911,200
cka_feddst,fashion_mnist,0.7,13,results/logs/cka_strength_sweep/fashion_mnist_all_20260517_180855/strength_0p9/seed_13/splits/fashion_mnist_split_seed13_clients5_alpha0p3_ref200.json,0.9,12,fc1,0,0,1.0,0.9891594052314758,200
cka_feddst,fashion_mnist,0.7,13,results/logs/cka_strength_sweep/fashion_mnist_all_20260517_180855/strength_0p9/seed_13/splits/fashion_mnist_split_seed13_clients5_alpha0p3_ref200.json,0.9,12,fc1,0,1,0.9920147061347961,0.9891594052314758,200
cka_feddst,fashion_mnist,0.7,13,results/logs/cka_strength_sweep/fashion_mnist_all_20260517_180855/strength_0p9/seed_13/splits/fashion_mnist_split_seed13_clients5_alpha0p3_ref200.json,0.9,12,fc1,0,2,0.9927886724472046,0.9891594052314758,200
cka_feddst,fashion_mnist,0.7,13,results/logs/cka_strength_sweep/fashion_mnist_all_20260517_180855/strength_0p9/seed_13/splits/fashion_mnist_split_seed13_clients5_alpha0p3_ref200.json,0.9,12,fc1,0,3,0.9900083541870117,0.9891594052314758,200
cka_feddst,fashion_mnist,0.7,13,results/logs/cka_strength_sweep/fashion_mnist_all_20260517_180855/strength_0p9/seed_13/splits/fashion_mnist_split_seed13_clients5_alpha0p3_ref200.json,0.9,12,fc1,0,4,0.9932708740234375,0.9891594052314758,200
cka_feddst,fashion_mnist,0.7,13,results/logs/cka_strength_sweep/fashion_mnist_all_20260517_180855/strength_0p9/seed_13/splits/fashion_mnist_split_seed13_clients5_alpha0p3_ref200.json,0.9,12,fc1,1,0,0.9920147061347961,0.9891594052314758,200
cka_feddst,fashion_mnist,0.7,13,results/logs/cka_strength_sweep/fashion_mnist_all_20260517_180855/strength_0p9/seed_13/splits/fashion_mnist_split_seed13_clients5_alpha0p3_ref200.json,0.9,12,fc1,1,1,1.0,0.9891594052314758,200
cka_feddst,fashion_mnist,0.7,13,results/logs/cka_strength_sweep/fashion_mnist_all_20260517_180855/strength_0p9/seed_13/splits/fashion_mnist_split_seed13_clients5_alpha0p3_ref200.json,0.9,12,fc1,1,2,0.9914829134941101,0.9891594052314758,200
cka_feddst,fashion_mnist,0.7,13,results/logs/cka_strength_sweep/fashion_mnist_all_20260517_180855/strength_0p9/seed_13/splits/fashion_mnist_split_seed13_clients5_alpha0p3_ref200.json,0.9,12,fc1,1,3,0.9834033250808716,0.9891594052314758,200
cka_feddst,fashion_mnist,0.7,13,results/logs/cka_strength_sweep/fashion_mnist_all_20260517_180855/strength_0p9/seed_13/splits/fashion_mnist_split_seed13_clients5_alpha0p3_ref200.json,0.9,12,fc1,1,4,0.9838653206825256,0.9891594052314758,200
cka_feddst,fashion_mnist,0.7,13,results/logs/cka_strength_sweep/fashion_mnist_all_20260517_180855/strength_0p9/seed_13/splits/fashion_mnist_split_seed13_clients5_alpha0p3_ref200.json,0.9,12,fc1,2,0,0.9927886724472046,0.9891594052314758,200
cka_feddst,fashion_mnist,0.7,13,results/logs/cka_strength_sweep/fashion_mnist_all_20260517_180855/strength_0p9/seed_13/splits/fashion_mnist_split_seed13_clients5_alpha0p3_ref200.json,0.9,12,fc1,2,1,0.9914829134941101,0.9891594052314758,200
cka_feddst,fashion_mnist,0.7,13,results/logs/cka_strength_sweep/fashion_mnist_all_20260517_180855/strength_0p9/seed_13/splits/fashion_mnist_split_seed13_clients5_alpha0p3_ref200.json,0.9,12,fc1,2,2,1.0,0.9891594052314758,200
cka_feddst,fashion_mnist,0.7,13,results/logs/cka_strength_sweep/fashion_mnist_all_20260517_180855/strength_0p9/seed_13/splits/fashion_mnist_split_seed13_clients5_alpha0p3_ref200.json,0.9,12,fc1,2,3,0.9854058027267456,0.9891594052314758,200
cka_feddst,fashion_mnist,0.7,13,results/logs/cka_strength_sweep/fashion_mnist_all_20260517_180855/strength_0p9/seed_13/splits/fashion_mnist_split_seed13_clients5_alpha0p3_ref200.json,0.9,12,fc1,2,4,0.989595353603363,0.9891594052314758,200
cka_feddst,fashion_mnist,0.7,13,results/logs/cka_strength_sweep/fashion_mnist_all_20260517_180855/strength_0p9/seed_13/splits/fashion_mnist_split_seed13_clients5_alpha0p3_ref200.json,0.9,12,fc1,3,0,0.9900083541870117,0.9891594052314758,200
cka_feddst,fashion_mnist,0.7,13,results/logs/cka_strength_sweep/fashion_mnist_all_20260517_180855/strength_0p9/seed_13/splits/fashion_mnist_split_seed13_clients5_alpha0p3_ref200.json,0.9,12,fc1,3,1,0.9834033250808716,0.9891594052314758,200
cka_feddst,fashion_mnist,0.7,13,results/logs/cka_strength_sweep/fashion_mnist_all_20260517_180855/strength_0p9/seed_13/splits/fashion_mnist_split_seed13_clients5_alpha0p3_ref200.json,0.9,12,fc1,3,2,0.9854058027267456,0.9891594052314758,200
cka_feddst,fashion_mnist,0.7,13,results/logs/cka_strength_sweep/fashion_mnist_all_20260517_180855/strength_0p9/seed_13/splits/fashion_mnist_split_seed13_clients5_alpha0p3_ref200.json,0.9,12,fc1,3,3,1.0,0.9891594052314758,200
cka_feddst,fashion_mnist,0.7,13,results/logs/cka_strength_sweep/fashion_mnist_all_20260517_180855/strength_0p9/seed_13/splits/fashion_mnist_split_seed13_clients5_alpha0p3_ref200.json,0.9,12,fc1,3,4,0.9897582530975342,0.9891594052314758,200
cka_feddst,fashion_mnist,0.7,13,results/logs/cka_strength_sweep/fashion_mnist_all_20260517_180855/strength_0p9/seed_13/splits/fashion_mnist_split_seed13_clients5_alpha0p3_ref200.json,0.9,12,fc1,4,0,0.9932708740234375,0.9891594052314758,200
cka_feddst,fashion_mnist,0.7,13,results/logs/cka_strength_sweep/fashion_mnist_all_20260517_180855/strength_0p9/seed_13/splits/fashion_mnist_split_seed13_clients5_alpha0p3_ref200.json,0.9,12,fc1,4,1,0.9838653206825256,0.9891594052314758,200
cka_feddst,fashion_mnist,0.7,13,results/logs/cka_strength_sweep/fashion_mnist_all_20260517_180855/strength_0p9/seed_13/splits/fashion_mnist_split_seed13_clients5_alpha0p3_ref200.json,0.9,12,fc1,4,2,0.989595353603363,0.9891594052314758,200
cka_feddst,fashion_mnist,0.7,13,results/logs/cka_strength_sweep/fashion_mnist_all_20260517_180855/strength_0p9/seed_13/splits/fashion_mnist_split_seed13_clients5_alpha0p3_ref200.json,0.9,12,fc1,4,3,0.9897582530975342,0.9891594052314758,200
cka_feddst,fashion_mnist,0.7,13,results/logs/cka_strength_sweep/fashion_mnist_all_20260517_180855/strength_0p9/seed_13/splits/fashion_mnist_split_seed13_clients5_alpha0p3_ref200.json,0.9,12,fc1,4,4,1.0,0.9891594052314758,200
cka_feddst,fashion_mnist,0.7,13,results/logs/cka_strength_sweep/fashion_mnist_all_20260517_180855/strength_0p9/seed_13/splits/fashion_mnist_split_seed13_clients5_alpha0p3_ref200.json,0.9,14,conv1,0,0,1.0,0.9999995231628418,200
cka_feddst,fashion_mnist,0.7,13,results/logs/cka_strength_sweep/fashion_mnist_all_20260517_180855/strength_0p9/seed_13/splits/fashion_mnist_split_seed13_clients5_alpha0p3_ref200.json,0.9,14,conv1,0,1,0.9999998807907104,0.9999995231628418,200
cka_feddst,fashion_mnist,0.7,13,results/logs/cka_strength_sweep/fashion_mnist_all_20260517_180855/strength_0p9/seed_13/splits/fashion_mnist_split_seed13_clients5_alpha0p3_ref200.json,0.9,14,conv1,0,2,1.0,0.9999995231628418,200
cka_feddst,fashion_mnist,0.7,13,results/logs/cka_strength_sweep/fashion_mnist_all_20260517_180855/strength_0p9/seed_13/splits/fashion_mnist_split_seed13_clients5_alpha0p3_ref200.json,0.9,14,conv1,0,3,0.9999999403953552,0.9999995231628418,200
cka_feddst,fashion_mnist,0.7,13,results/logs/cka_strength_sweep/fashion_mnist_all_20260517_180855/strength_0p9/seed_13/splits/fashion_mnist_split_seed13_clients5_alpha0p3_ref200.json,0.9,14,conv1,0,4,0.9999992251396179,0.9999995231628418,200
cka_feddst,fashion_mnist,0.7,13,results/logs/cka_strength_sweep/fashion_mnist_all_20260517_180855/strength_0p9/seed_13/splits/fashion_mnist_split_seed13_clients5_alpha0p3_ref200.json,0.9,14,conv1,1,0,0.9999998807907104,0.9999995231628418,200
cka_feddst,fashion_mnist,0.7,13,results/logs/cka_strength_sweep/fashion_mnist_all_20260517_180855/strength_0p9/seed_13/splits/fashion_mnist_split_seed13_clients5_alpha0p3_ref200.json,0.9,14,conv1,1,1,1.0,0.9999995231628418,200
cka_feddst,fashion_mnist,0.7,13,results/logs/cka_strength_sweep/fashion_mnist_all_20260517_180855/strength_0p9/seed_13/splits/fashion_mnist_split_seed13_clients5_alpha0p3_ref200.json,0.9,14,conv1,1,2,0.9999997615814209,0.9999995231628418,200
cka_feddst,fashion_mnist,0.7,13,results/logs/cka_strength_sweep/fashion_mnist_all_20260517_180855/strength_0p9/seed_13/splits/fashion_mnist_split_seed13_clients5_alpha0p3_ref200.json,0.9,14,conv1,1,3,0.9999995827674866,0.9999995231628418,200
cka_feddst,fashion_mnist,0.7,13,results/logs/cka_strength_sweep/fashion_mnist_all_20260517_180855/strength_0p9/seed_13/splits/fashion_mnist_split_seed13_clients5_alpha0p3_ref200.json,0.9,14,conv1,1,4,0.9999993443489075,0.9999995231628418,200
cka_feddst,fashion_mnist,0.7,13,results/logs/cka_strength_sweep/fashion_mnist_all_20260517_180855/strength_0p9/seed_13/splits/fashion_mnist_split_seed13_clients5_alpha0p3_ref200.json,0.9,14,conv1,2,0,1.0,0.9999995231628418,200
cka_feddst,fashion_mnist,0.7,13,results/logs/cka_strength_sweep/fashion_mnist_all_20260517_180855/strength_0p9/seed_13/splits/fashion_mnist_split_seed13_clients5_alpha0p3_ref200.json,0.9,14,conv1,2,1,0.9999997615814209,0.9999995231628418,200
cka_feddst,fashion_mnist,0.7,13,results/logs/cka_strength_sweep/fashion_mnist_all_20260517_180855/strength_0p9/seed_13/splits/fashion_mnist_split_seed13_clients5_alpha0p3_ref200.json,0.9,14,conv1,2,2,1.0,0.9999995231628418,200
cka_feddst,fashion_mnist,0.7,13,results/logs/cka_strength_sweep/fashion_mnist_all_20260517_180855/strength_0p9/seed_13/splits/fashion_mnist_split_seed13_clients5_alpha0p3_ref200.json,0.9,14,conv1,2,3,1.0,0.9999995231628418,200
cka_feddst,fashion_mnist,0.7,13,results/logs/cka_strength_sweep/fashion_mnist_all_20260517_180855/strength_0p9/seed_13/splits/fashion_mnist_split_seed13_clients5_alpha0p3_ref200.json,0.9,14,conv1,2,4,0.9999988079071045,0.9999995231628418,200
cka_feddst,fashion_mnist,0.7,13,results/logs/cka_strength_sweep/fashion_mnist_all_20260517_180855/strength_0p9/seed_13/splits/fashion_mnist_split_seed13_clients5_alpha0p3_ref200.json,0.9,14,conv1,3,0,0.9999999403953552,0.9999995231628418,200
cka_feddst,fashion_mnist,0.7,13,results/logs/cka_strength_sweep/fashion_mnist_all_20260517_180855/strength_0p9/seed_13/splits/fashion_mnist_split_seed13_clients5_alpha0p3_ref200.json,0.9,14,conv1,3,1,0.9999995827674866,0.9999995231628418,200
cka_feddst,fashion_mnist,0.7,13,results/logs/cka_strength_sweep/fashion_mnist_all_20260517_180855/strength_0p9/seed_13/splits/fashion_mnist_split_seed13_clients5_alpha0p3_ref200.json,0.9,14,conv1,3,2,1.0,0.9999995231628418,200
cka_feddst,fashion_mnist,0.7,13,results/logs/cka_strength_sweep/fashion_mnist_all_20260517_180855/strength_0p9/seed_13/splits/fashion_mnist_split_seed13_clients5_alpha0p3_ref200.json,0.9,14,conv1,3,3,1.0,0.9999995231628418,200
cka_feddst,fashion_mnist,0.7,13,results/logs/cka_strength_sweep/fashion_mnist_all_20260517_180855/strength_0p9/seed_13/splits/fashion_mnist_split_seed13_clients5_alpha0p3_ref200.json,0.9,14,conv1,3,4,0.9999986290931702,0.9999995231628418,200
cka_feddst,fashion_mnist,0.7,13,results/logs/cka_strength_sweep/fashion_mnist_all_20260517_180855/strength_0p9/seed_13/splits/fashion_mnist_split_seed13_clients5_alpha0p3_ref200.json,0.9,14,conv1,4,0,0.9999992251396179,0.9999995231628418,200
cka_feddst,fashion_mnist,0.7,13,results/logs/cka_strength_sweep/fashion_mnist_all_20260517_180855/strength_0p9/seed_13/splits/fashion_mnist_split_seed13_clients5_alpha0p3_ref200.json,0.9,14,conv1,4,1,0.9999993443489075,0.9999995231628418,200
cka_feddst,fashion_mnist,0.7,13,results/logs/cka_strength_sweep/fashion_mnist_all_20260517_180855/strength_0p9/seed_13/splits/fashion_mnist_split_seed13_clients5_alpha0p3_ref200.json,0.9,14,conv1,4,2,0.9999988079071045,0.9999995231628418,200
cka_feddst,fashion_mnist,0.7,13,results/logs/cka_strength_sweep/fashion_mnist_all_20260517_180855/strength_0p9/seed_13/splits/fashion_mnist_split_seed13_clients5_alpha0p3_ref200.json,0.9,14,conv1,4,3,0.9999986290931702,0.9999995231628418,200
cka_feddst,fashion_mnist,0.7,13,results/logs/cka_strength_sweep/fashion_mnist_all_20260517_180855/strength_0p9/seed_13/splits/fashion_mnist_split_seed13_clients5_alpha0p3_ref200.json,0.9,14,conv1,4,4,1.0,0.9999995231628418,200
cka_feddst,fashion_mnist,0.7,13,results/logs/cka_strength_sweep/fashion_mnist_all_20260517_180855/strength_0p9/seed_13/splits/fashion_mnist_split_seed13_clients5_alpha0p3_ref200.json,0.9,14,conv2,0,0,1.0,0.9999987483024597,200
cka_feddst,fashion_mnist,0.7,13,results/logs/cka_strength_sweep/fashion_mnist_all_20260517_180855/strength_0p9/seed_13/splits/fashion_mnist_split_seed13_clients5_alpha0p3_ref200.json,0.9,14,conv2,0,1,0.9999995827674866,0.9999987483024597,200
cka_feddst,fashion_mnist,0.7,13,results/logs/cka_strength_sweep/fashion_mnist_all_20260517_180855/strength_0p9/seed_13/splits/fashion_mnist_split_seed13_clients5_alpha0p3_ref200.json,0.9,14,conv2,0,2,0.9999988675117493,0.9999987483024597,200
cka_feddst,fashion_mnist,0.7,13,results/logs/cka_strength_sweep/fashion_mnist_all_20260517_180855/strength_0p9/seed_13/splits/fashion_mnist_split_seed13_clients5_alpha0p3_ref200.json,0.9,14,conv2,0,3,0.9999991059303284,0.9999987483024597,200
cka_feddst,fashion_mnist,0.7,13,results/logs/cka_strength_sweep/fashion_mnist_all_20260517_180855/strength_0p9/seed_13/splits/fashion_mnist_split_seed13_clients5_alpha0p3_ref200.json,0.9,14,conv2,0,4,0.9999988079071045,0.9999987483024597,200
cka_feddst,fashion_mnist,0.7,13,results/logs/cka_strength_sweep/fashion_mnist_all_20260517_180855/strength_0p9/seed_13/splits/fashion_mnist_split_seed13_clients5_alpha0p3_ref200.json,0.9,14,conv2,1,0,0.9999995827674866,0.9999987483024597,200
cka_feddst,fashion_mnist,0.7,13,results/logs/cka_strength_sweep/fashion_mnist_all_20260517_180855/strength_0p9/seed_13/splits/fashion_mnist_split_seed13_clients5_alpha0p3_ref200.json,0.9,14,conv2,1,1,1.0,0.9999987483024597,200
cka_feddst,fashion_mnist,0.7,13,results/logs/cka_strength_sweep/fashion_mnist_all_20260517_180855/strength_0p9/seed_13/splits/fashion_mnist_split_seed13_clients5_alpha0p3_ref200.json,0.9,14,conv2,1,2,0.9999990463256836,0.9999987483024597,200
cka_feddst,fashion_mnist,0.7,13,results/logs/cka_strength_sweep/fashion_mnist_all_20260517_180855/strength_0p9/seed_13/splits/fashion_mnist_split_seed13_clients5_alpha0p3_ref200.json,0.9,14,conv2,1,3,0.9999985098838806,0.9999987483024597,200
cka_feddst,fashion_mnist,0.7,13,results/logs/cka_strength_sweep/fashion_mnist_all_20260517_180855/strength_0p9/seed_13/splits/fashion_mnist_split_seed13_clients5_alpha0p3_ref200.json,0.9,14,conv2,1,4,0.9999982714653015,0.9999987483024597,200
cka_feddst,fashion_mnist,0.7,13,results/logs/cka_strength_sweep/fashion_mnist_all_20260517_180855/strength_0p9/seed_13/splits/fashion_mnist_split_seed13_clients5_alpha0p3_ref200.json,0.9,14,conv2,2,0,0.9999988675117493,0.9999987483024597,200
cka_feddst,fashion_mnist,0.7,13,results/logs/cka_strength_sweep/fashion_mnist_all_20260517_180855/strength_0p9/seed_13/splits/fashion_mnist_split_seed13_clients5_alpha0p3_ref200.json,0.9,14,conv2,2,1,0.9999990463256836,0.9999987483024597,200
cka_feddst,fashion_mnist,0.7,13,results/logs/cka_strength_sweep/fashion_mnist_all_20260517_180855/strength_0p9/seed_13/splits/fashion_mnist_split_seed13_clients5_alpha0p3_ref200.json,0.9,14,conv2,2,2,1.0,0.9999987483024597,200
cka_feddst,fashion_mnist,0.7,13,results/logs/cka_strength_sweep/fashion_mnist_all_20260517_180855/strength_0p9/seed_13/splits/fashion_mnist_split_seed13_clients5_alpha0p3_ref200.json,0.9,14,conv2,2,3,0.9999986290931702,0.9999987483024597,200
cka_feddst,fashion_mnist,0.7,13,results/logs/cka_strength_sweep/fashion_mnist_all_20260517_180855/strength_0p9/seed_13/splits/fashion_mnist_split_seed13_clients5_alpha0p3_ref200.json,0.9,14,conv2,2,4,0.9999970197677612,0.9999987483024597,200
cka_feddst,fashion_mnist,0.7,13,results/logs/cka_strength_sweep/fashion_mnist_all_20260517_180855/strength_0p9/seed_13/splits/fashion_mnist_split_seed13_clients5_alpha0p3_ref200.json,0.9,14,conv2,3,0,0.9999991059303284,0.9999987483024597,200
cka_feddst,fashion_mnist,0.7,13,results/logs/cka_strength_sweep/fashion_mnist_all_20260517_180855/strength_0p9/seed_13/splits/fashion_mnist_split_seed13_clients5_alpha0p3_ref200.json,0.9,14,conv2,3,1,0.9999985098838806,0.9999987483024597,200
cka_feddst,fashion_mnist,0.7,13,results/logs/cka_strength_sweep/fashion_mnist_all_20260517_180855/strength_0p9/seed_13/splits/fashion_mnist_split_seed13_clients5_alpha0p3_ref200.json,0.9,14,conv2,3,2,0.9999986290931702,0.9999987483024597,200
cka_feddst,fashion_mnist,0.7,13,results/logs/cka_strength_sweep/fashion_mnist_all_20260517_180855/strength_0p9/seed_13/splits/fashion_mnist_split_seed13_clients5_alpha0p3_ref200.json,0.9,14,conv2,3,3,1.0,0.9999987483024597,200
cka_feddst,fashion_mnist,0.7,13,results/logs/cka_strength_sweep/fashion_mnist_all_20260517_180855/strength_0p9/seed_13/splits/fashion_mnist_split_seed13_clients5_alpha0p3_ref200.json,0.9,14,conv2,3,4,0.9999994039535522,0.9999987483024597,200
cka_feddst,fashion_mnist,0.7,13,results/logs/cka_strength_sweep/fashion_mnist_all_20260517_180855/strength_0p9/seed_13/splits/fashion_mnist_split_seed13_clients5_alpha0p3_ref200.json,0.9,14,conv2,4,0,0.9999988079071045,0.9999987483024597,200
cka_feddst,fashion_mnist,0.7,13,results/logs/cka_strength_sweep/fashion_mnist_all_20260517_180855/strength_0p9/seed_13/splits/fashion_mnist_split_seed13_clients5_alpha0p3_ref200.json,0.9,14,conv2,4,1,0.9999982714653015,0.9999987483024597,200
cka_feddst,fashion_mnist,0.7,13,results/logs/cka_strength_sweep/fashion_mnist_all_20260517_180855/strength_0p9/seed_13/splits/fashion_mnist_split_seed13_clients5_alpha0p3_ref200.json,0.9,14,conv2,4,2,0.9999970197677612,0.9999987483024597,200
cka_feddst,fashion_mnist,0.7,13,results/logs/cka_strength_sweep/fashion_mnist_all_20260517_180855/strength_0p9/seed_13/splits/fashion_mnist_split_seed13_clients5_alpha0p3_ref200.json,0.9,14,conv2,4,3,0.9999994039535522,0.9999987483024597,200
cka_feddst,fashion_mnist,0.7,13,results/logs/cka_strength_sweep/fashion_mnist_all_20260517_180855/strength_0p9/seed_13/splits/fashion_mnist_split_seed13_clients5_alpha0p3_ref200.json,0.9,14,conv2,4,4,1.0,0.9999987483024597,200
cka_feddst,fashion_mnist,0.7,13,results/logs/cka_strength_sweep/fashion_mnist_all_20260517_180855/strength_0p9/seed_13/splits/fashion_mnist_split_seed13_clients5_alpha0p3_ref200.json,0.9,14,fc1,0,0,1.0,0.9896333813667297,200
cka_feddst,fashion_mnist,0.7,13,results/logs/cka_strength_sweep/fashion_mnist_all_20260517_180855/strength_0p9/seed_13/splits/fashion_mnist_split_seed13_clients5_alpha0p3_ref200.json,0.9,14,fc1,0,1,0.9939077496528625,0.9896333813667297,200
cka_feddst,fashion_mnist,0.7,13,results/logs/cka_strength_sweep/fashion_mnist_all_20260517_180855/strength_0p9/seed_13/splits/fashion_mnist_split_seed13_clients5_alpha0p3_ref200.json,0.9,14,fc1,0,2,0.9920459985733032,0.9896333813667297,200
cka_feddst,fashion_mnist,0.7,13,results/logs/cka_strength_sweep/fashion_mnist_all_20260517_180855/strength_0p9/seed_13/splits/fashion_mnist_split_seed13_clients5_alpha0p3_ref200.json,0.9,14,fc1,0,3,0.9899634718894958,0.9896333813667297,200
cka_feddst,fashion_mnist,0.7,13,results/logs/cka_strength_sweep/fashion_mnist_all_20260517_180855/strength_0p9/seed_13/splits/fashion_mnist_split_seed13_clients5_alpha0p3_ref200.json,0.9,14,fc1,0,4,0.988627016544342,0.9896333813667297,200
cka_feddst,fashion_mnist,0.7,13,results/logs/cka_strength_sweep/fashion_mnist_all_20260517_180855/strength_0p9/seed_13/splits/fashion_mnist_split_seed13_clients5_alpha0p3_ref200.json,0.9,14,fc1,1,0,0.9939077496528625,0.9896333813667297,200
cka_feddst,fashion_mnist,0.7,13,results/logs/cka_strength_sweep/fashion_mnist_all_20260517_180855/strength_0p9/seed_13/splits/fashion_mnist_split_seed13_clients5_alpha0p3_ref200.json,0.9,14,fc1,1,1,1.0,0.9896333813667297,200
cka_feddst,fashion_mnist,0.7,13,results/logs/cka_strength_sweep/fashion_mnist_all_20260517_180855/strength_0p9/seed_13/splits/fashion_mnist_split_seed13_clients5_alpha0p3_ref200.json,0.9,14,fc1,1,2,0.9929122924804688,0.9896333813667297,200
cka_feddst,fashion_mnist,0.7,13,results/logs/cka_strength_sweep/fashion_mnist_all_20260517_180855/strength_0p9/seed_13/splits/fashion_mnist_split_seed13_clients5_alpha0p3_ref200.json,0.9,14,fc1,1,3,0.9827346801757812,0.9896333813667297,200
cka_feddst,fashion_mnist,0.7,13,results/logs/cka_strength_sweep/fashion_mnist_all_20260517_180855/strength_0p9/seed_13/splits/fashion_mnist_split_seed13_clients5_alpha0p3_ref200.json,0.9,14,fc1,1,4,0.9809967875480652,0.9896333813667297,200
cka_feddst,fashion_mnist,0.7,13,results/logs/cka_strength_sweep/fashion_mnist_all_20260517_180855/strength_0p9/seed_13/splits/fashion_mnist_split_seed13_clients5_alpha0p3_ref200.json,0.9,14,fc1,2,0,0.9920459985733032,0.9896333813667297,200
cka_feddst,fashion_mnist,0.7,13,results/logs/cka_strength_sweep/fashion_mnist_all_20260517_180855/strength_0p9/seed_13/splits/fashion_mnist_split_seed13_clients5_alpha0p3_ref200.json,0.9,14,fc1,2,1,0.9929122924804688,0.9896333813667297,200
cka_feddst,fashion_mnist,0.7,13,results/logs/cka_strength_sweep/fashion_mnist_all_20260517_180855/strength_0p9/seed_13/splits/fashion_mnist_split_seed13_clients5_alpha0p3_ref200.json,0.9,14,fc1,2,2,1.0,0.9896333813667297,200
cka_feddst,fashion_mnist,0.7,13,results/logs/cka_strength_sweep/fashion_mnist_all_20260517_180855/strength_0p9/seed_13/splits/fashion_mnist_split_seed13_clients5_alpha0p3_ref200.json,0.9,14,fc1,2,3,0.9883258938789368,0.9896333813667297,200
cka_feddst,fashion_mnist,0.7,13,results/logs/cka_strength_sweep/fashion_mnist_all_20260517_180855/strength_0p9/seed_13/splits/fashion_mnist_split_seed13_clients5_alpha0p3_ref200.json,0.9,14,fc1,2,4,0.9910246729850769,0.9896333813667297,200
cka_feddst,fashion_mnist,0.7,13,results/logs/cka_strength_sweep/fashion_mnist_all_20260517_180855/strength_0p9/seed_13/splits/fashion_mnist_split_seed13_clients5_alpha0p3_ref200.json,0.9,14,fc1,3,0,0.9899634718894958,0.9896333813667297,200
cka_feddst,fashion_mnist,0.7,13,results/logs/cka_strength_sweep/fashion_mnist_all_20260517_180855/strength_0p9/seed_13/splits/fashion_mnist_split_seed13_clients5_alpha0p3_ref200.json,0.9,14,fc1,3,1,0.9827346801757812,0.9896333813667297,200
cka_feddst,fashion_mnist,0.7,13,results/logs/cka_strength_sweep/fashion_mnist_all_20260517_180855/strength_0p9/seed_13/splits/fashion_mnist_split_seed13_clients5_alpha0p3_ref200.json,0.9,14,fc1,3,2,0.9883258938789368,0.9896333813667297,200
cka_feddst,fashion_mnist,0.7,13,results/logs/cka_strength_sweep/fashion_mnist_all_20260517_180855/strength_0p9/seed_13/splits/fashion_mnist_split_seed13_clients5_alpha0p3_ref200.json,0.9,14,fc1,3,3,1.0,0.9896333813667297,200
cka_feddst,fashion_mnist,0.7,13,results/logs/cka_strength_sweep/fashion_mnist_all_20260517_180855/strength_0p9/seed_13/splits/fashion_mnist_split_seed13_clients5_alpha0p3_ref200.json,0.9,14,fc1,3,4,0.9957951903343201,0.9896333813667297,200
cka_feddst,fashion_mnist,0.7,13,results/logs/cka_strength_sweep/fashion_mnist_all_20260517_180855/strength_0p9/seed_13/splits/fashion_mnist_split_seed13_clients5_alpha0p3_ref200.json,0.9,14,fc1,4,0,0.988627016544342,0.9896333813667297,200
cka_feddst,fashion_mnist,0.7,13,results/logs/cka_strength_sweep/fashion_mnist_all_20260517_180855/strength_0p9/seed_13/splits/fashion_mnist_split_seed13_clients5_alpha0p3_ref200.json,0.9,14,fc1,4,1,0.9809967875480652,0.9896333813667297,200
cka_feddst,fashion_mnist,0.7,13,results/logs/cka_strength_sweep/fashion_mnist_all_20260517_180855/strength_0p9/seed_13/splits/fashion_mnist_split_seed13_clients5_alpha0p3_ref200.json,0.9,14,fc1,4,2,0.9910246729850769,0.9896333813667297,200
cka_feddst,fashion_mnist,0.7,13,results/logs/cka_strength_sweep/fashion_mnist_all_20260517_180855/strength_0p9/seed_13/splits/fashion_mnist_split_seed13_clients5_alpha0p3_ref200.json,0.9,14,fc1,4,3,0.9957951903343201,0.9896333813667297,200
cka_feddst,fashion_mnist,0.7,13,results/logs/cka_strength_sweep/fashion_mnist_all_20260517_180855/strength_0p9/seed_13/splits/fashion_mnist_split_seed13_clients5_alpha0p3_ref200.json,0.9,14,fc1,4,4,1.0,0.9896333813667297,200
cka_feddst,fashion_mnist,0.7,13,results/logs/cka_strength_sweep/fashion_mnist_all_20260517_180855/strength_0p9/seed_13/splits/fashion_mnist_split_seed13_clients5_alpha0p3_ref200.json,0.9,16,conv1,0,0,1.0,0.9999995231628418,200
cka_feddst,fashion_mnist,0.7,13,results/logs/cka_strength_sweep/fashion_mnist_all_20260517_180855/strength_0p9/seed_13/splits/fashion_mnist_split_seed13_clients5_alpha0p3_ref200.json,0.9,16,conv1,0,1,1.0,0.9999995231628418,200
cka_feddst,fashion_mnist,0.7,13,results/logs/cka_strength_sweep/fashion_mnist_all_20260517_180855/strength_0p9/seed_13/splits/fashion_mnist_split_seed13_clients5_alpha0p3_ref200.json,0.9,16,conv1,0,2,1.0,0.9999995231628418,200
cka_feddst,fashion_mnist,0.7,13,results/logs/cka_strength_sweep/fashion_mnist_all_20260517_180855/strength_0p9/seed_13/splits/fashion_mnist_split_seed13_clients5_alpha0p3_ref200.json,0.9,16,conv1,0,3,0.9999995231628418,0.9999995231628418,200
cka_feddst,fashion_mnist,0.7,13,results/logs/cka_strength_sweep/fashion_mnist_all_20260517_180855/strength_0p9/seed_13/splits/fashion_mnist_split_seed13_clients5_alpha0p3_ref200.json,0.9,16,conv1,0,4,0.999999463558197,0.9999995231628418,200
cka_feddst,fashion_mnist,0.7,13,results/logs/cka_strength_sweep/fashion_mnist_all_20260517_180855/strength_0p9/seed_13/splits/fashion_mnist_split_seed13_clients5_alpha0p3_ref200.json,0.9,16,conv1,1,0,1.0,0.9999995231628418,200
cka_feddst,fashion_mnist,0.7,13,results/logs/cka_strength_sweep/fashion_mnist_all_20260517_180855/strength_0p9/seed_13/splits/fashion_mnist_split_seed13_clients5_alpha0p3_ref200.json,0.9,16,conv1,1,1,1.0,0.9999995231628418,200
cka_feddst,fashion_mnist,0.7,13,results/logs/cka_strength_sweep/fashion_mnist_all_20260517_180855/strength_0p9/seed_13/splits/fashion_mnist_split_seed13_clients5_alpha0p3_ref200.json,0.9,16,conv1,1,2,1.0,0.9999995231628418,200
cka_feddst,fashion_mnist,0.7,13,results/logs/cka_strength_sweep/fashion_mnist_all_20260517_180855/strength_0p9/seed_13/splits/fashion_mnist_split_seed13_clients5_alpha0p3_ref200.json,0.9,16,conv1,1,3,0.9999992847442627,0.9999995231628418,200
cka_feddst,fashion_mnist,0.7,13,results/logs/cka_strength_sweep/fashion_mnist_all_20260517_180855/strength_0p9/seed_13/splits/fashion_mnist_split_seed13_clients5_alpha0p3_ref200.json,0.9,16,conv1,1,4,0.9999996423721313,0.9999995231628418,200
cka_feddst,fashion_mnist,0.7,13,results/logs/cka_strength_sweep/fashion_mnist_all_20260517_180855/strength_0p9/seed_13/splits/fashion_mnist_split_seed13_clients5_alpha0p3_ref200.json,0.9,16,conv1,2,0,1.0,0.9999995231628418,200
cka_feddst,fashion_mnist,0.7,13,results/logs/cka_strength_sweep/fashion_mnist_all_20260517_180855/strength_0p9/seed_13/splits/fashion_mnist_split_seed13_clients5_alpha0p3_ref200.json,0.9,16,conv1,2,1,1.0,0.9999995231628418,200
cka_feddst,fashion_mnist,0.7,13,results/logs/cka_strength_sweep/fashion_mnist_all_20260517_180855/strength_0p9/seed_13/splits/fashion_mnist_split_seed13_clients5_alpha0p3_ref200.json,0.9,16,conv1,2,2,1.0,0.9999995231628418,200
cka_feddst,fashion_mnist,0.7,13,results/logs/cka_strength_sweep/fashion_mnist_all_20260517_180855/strength_0p9/seed_13/splits/fashion_mnist_split_seed13_clients5_alpha0p3_ref200.json,0.9,16,conv1,2,3,0.9999995827674866,0.9999995231628418,200
cka_feddst,fashion_mnist,0.7,13,results/logs/cka_strength_sweep/fashion_mnist_all_20260517_180855/strength_0p9/seed_13/splits/fashion_mnist_split_seed13_clients5_alpha0p3_ref200.json,0.9,16,conv1,2,4,0.999999463558197,0.9999995231628418,200
cka_feddst,fashion_mnist,0.7,13,results/logs/cka_strength_sweep/fashion_mnist_all_20260517_180855/strength_0p9/seed_13/splits/fashion_mnist_split_seed13_clients5_alpha0p3_ref200.json,0.9,16,conv1,3,0,0.9999995231628418,0.9999995231628418,200
cka_feddst,fashion_mnist,0.7,13,results/logs/cka_strength_sweep/fashion_mnist_all_20260517_180855/strength_0p9/seed_13/splits/fashion_mnist_split_seed13_clients5_alpha0p3_ref200.json,0.9,16,conv1,3,1,0.9999992847442627,0.9999995231628418,200
cka_feddst,fashion_mnist,0.7,13,results/logs/cka_strength_sweep/fashion_mnist_all_20260517_180855/strength_0p9/seed_13/splits/fashion_mnist_split_seed13_clients5_alpha0p3_ref200.json,0.9,16,conv1,3,2,0.9999995827674866,0.9999995231628418,200
cka_feddst,fashion_mnist,0.7,13,results/logs/cka_strength_sweep/fashion_mnist_all_20260517_180855/strength_0p9/seed_13/splits/fashion_mnist_split_seed13_clients5_alpha0p3_ref200.json,0.9,16,conv1,3,3,1.0,0.9999995231628418,200
cka_feddst,fashion_mnist,0.7,13,results/logs/cka_strength_sweep/fashion_mnist_all_20260517_180855/strength_0p9/seed_13/splits/fashion_mnist_split_seed13_clients5_alpha0p3_ref200.json,0.9,16,conv1,3,4,0.9999977946281433,0.9999995231628418,200
cka_feddst,fashion_mnist,0.7,13,results/logs/cka_strength_sweep/fashion_mnist_all_20260517_180855/strength_0p9/seed_13/splits/fashion_mnist_split_seed13_clients5_alpha0p3_ref200.json,0.9,16,conv1,4,0,0.999999463558197,0.9999995231628418,200
cka_feddst,fashion_mnist,0.7,13,results/logs/cka_strength_sweep/fashion_mnist_all_20260517_180855/strength_0p9/seed_13/splits/fashion_mnist_split_seed13_clients5_alpha0p3_ref200.json,0.9,16,conv1,4,1,0.9999996423721313,0.9999995231628418,200
cka_feddst,fashion_mnist,0.7,13,results/logs/cka_strength_sweep/fashion_mnist_all_20260517_180855/strength_0p9/seed_13/splits/fashion_mnist_split_seed13_clients5_alpha0p3_ref200.json,0.9,16,conv1,4,2,0.999999463558197,0.9999995231628418,200
cka_feddst,fashion_mnist,0.7,13,results/logs/cka_strength_sweep/fashion_mnist_all_20260517_180855/strength_0p9/seed_13/splits/fashion_mnist_split_seed13_clients5_alpha0p3_ref200.json,0.9,16,conv1,4,3,0.9999977946281433,0.9999995231628418,200
cka_feddst,fashion_mnist,0.7,13,results/logs/cka_strength_sweep/fashion_mnist_all_20260517_180855/strength_0p9/seed_13/splits/fashion_mnist_split_seed13_clients5_alpha0p3_ref200.json,0.9,16,conv1,4,4,1.0,0.9999995231628418,200
cka_feddst,fashion_mnist,0.7,13,results/logs/cka_strength_sweep/fashion_mnist_all_20260517_180855/strength_0p9/seed_13/splits/fashion_mnist_split_seed13_clients5_alpha0p3_ref200.json,0.9,16,conv2,0,0,1.0,0.999997615814209,200
cka_feddst,fashion_mnist,0.7,13,results/logs/cka_strength_sweep/fashion_mnist_all_20260517_180855/strength_0p9/seed_13/splits/fashion_mnist_split_seed13_clients5_alpha0p3_ref200.json,0.9,16,conv2,0,1,0.999998927116394,0.999997615814209,200
cka_feddst,fashion_mnist,0.7,13,results/logs/cka_strength_sweep/fashion_mnist_all_20260517_180855/strength_0p9/seed_13/splits/fashion_mnist_split_seed13_clients5_alpha0p3_ref200.json,0.9,16,conv2,0,2,0.9999973773956299,0.999997615814209,200
cka_feddst,fashion_mnist,0.7,13,results/logs/cka_strength_sweep/fashion_mnist_all_20260517_180855/strength_0p9/seed_13/splits/fashion_mnist_split_seed13_clients5_alpha0p3_ref200.json,0.9,16,conv2,0,3,0.9999962449073792,0.999997615814209,200
cka_feddst,fashion_mnist,0.7,13,results/logs/cka_strength_sweep/fashion_mnist_all_20260517_180855/strength_0p9/seed_13/splits/fashion_mnist_split_seed13_clients5_alpha0p3_ref200.json,0.9,16,conv2,0,4,0.9999979734420776,0.999997615814209,200
cka_feddst,fashion_mnist,0.7,13,results/logs/cka_strength_sweep/fashion_mnist_all_20260517_180855/strength_0p9/seed_13/splits/fashion_mnist_split_seed13_clients5_alpha0p3_ref200.json,0.9,16,conv2,1,0,0.999998927116394,0.999997615814209,200
cka_feddst,fashion_mnist,0.7,13,results/logs/cka_strength_sweep/fashion_mnist_all_20260517_180855/strength_0p9/seed_13/splits/fashion_mnist_split_seed13_clients5_alpha0p3_ref200.json,0.9,16,conv2,1,1,1.0,0.999997615814209,200
cka_feddst,fashion_mnist,0.7,13,results/logs/cka_strength_sweep/fashion_mnist_all_20260517_180855/strength_0p9/seed_13/splits/fashion_mnist_split_seed13_clients5_alpha0p3_ref200.json,0.9,16,conv2,1,2,0.9999993443489075,0.999997615814209,200
cka_feddst,fashion_mnist,0.7,13,results/logs/cka_strength_sweep/fashion_mnist_all_20260517_180855/strength_0p9/seed_13/splits/fashion_mnist_split_seed13_clients5_alpha0p3_ref200.json,0.9,16,conv2,1,3,0.9999973773956299,0.999997615814209,200
cka_feddst,fashion_mnist,0.7,13,results/logs/cka_strength_sweep/fashion_mnist_all_20260517_180855/strength_0p9/seed_13/splits/fashion_mnist_split_seed13_clients5_alpha0p3_ref200.json,0.9,16,conv2,1,4,0.9999973177909851,0.999997615814209,200
cka_feddst,fashion_mnist,0.7,13,results/logs/cka_strength_sweep/fashion_mnist_all_20260517_180855/strength_0p9/seed_13/splits/fashion_mnist_split_seed13_clients5_alpha0p3_ref200.json,0.9,16,conv2,2,0,0.9999973773956299,0.999997615814209,200
cka_feddst,fashion_mnist,0.7,13,results/logs/cka_strength_sweep/fashion_mnist_all_20260517_180855/strength_0p9/seed_13/splits/fashion_mnist_split_seed13_clients5_alpha0p3_ref200.json,0.9,16,conv2,2,1,0.9999993443489075,0.999997615814209,200
cka_feddst,fashion_mnist,0.7,13,results/logs/cka_strength_sweep/fashion_mnist_all_20260517_180855/strength_0p9/seed_13/splits/fashion_mnist_split_seed13_clients5_alpha0p3_ref200.json,0.9,16,conv2,2,2,1.0,0.999997615814209,200
cka_feddst,fashion_mnist,0.7,13,results/logs/cka_strength_sweep/fashion_mnist_all_20260517_180855/strength_0p9/seed_13/splits/fashion_mnist_split_seed13_clients5_alpha0p3_ref200.json,0.9,16,conv2,2,3,0.9999982714653015,0.999997615814209,200
cka_feddst,fashion_mnist,0.7,13,results/logs/cka_strength_sweep/fashion_mnist_all_20260517_180855/strength_0p9/seed_13/splits/fashion_mnist_split_seed13_clients5_alpha0p3_ref200.json,0.9,16,conv2,2,4,0.9999963045120239,0.999997615814209,200
cka_feddst,fashion_mnist,0.7,13,results/logs/cka_strength_sweep/fashion_mnist_all_20260517_180855/strength_0p9/seed_13/splits/fashion_mnist_split_seed13_clients5_alpha0p3_ref200.json,0.9,16,conv2,3,0,0.9999962449073792,0.999997615814209,200
cka_feddst,fashion_mnist,0.7,13,results/logs/cka_strength_sweep/fashion_mnist_all_20260517_180855/strength_0p9/seed_13/splits/fashion_mnist_split_seed13_clients5_alpha0p3_ref200.json,0.9,16,conv2,3,1,0.9999973773956299,0.999997615814209,200
cka_feddst,fashion_mnist,0.7,13,results/logs/cka_strength_sweep/fashion_mnist_all_20260517_180855/strength_0p9/seed_13/splits/fashion_mnist_split_seed13_clients5_alpha0p3_ref200.json,0.9,16,conv2,3,2,0.9999982714653015,0.999997615814209,200
cka_feddst,fashion_mnist,0.7,13,results/logs/cka_strength_sweep/fashion_mnist_all_20260517_180855/strength_0p9/seed_13/splits/fashion_mnist_split_seed13_clients5_alpha0p3_ref200.json,0.9,16,conv2,3,3,1.0,0.999997615814209,200
cka_feddst,fashion_mnist,0.7,13,results/logs/cka_strength_sweep/fashion_mnist_all_20260517_180855/strength_0p9/seed_13/splits/fashion_mnist_split_seed13_clients5_alpha0p3_ref200.json,0.9,16,conv2,3,4,0.9999971985816956,0.999997615814209,200
cka_feddst,fashion_mnist,0.7,13,results/logs/cka_strength_sweep/fashion_mnist_all_20260517_180855/strength_0p9/seed_13/splits/fashion_mnist_split_seed13_clients5_alpha0p3_ref200.json,0.9,16,conv2,4,0,0.9999979734420776,0.999997615814209,200
cka_feddst,fashion_mnist,0.7,13,results/logs/cka_strength_sweep/fashion_mnist_all_20260517_180855/strength_0p9/seed_13/splits/fashion_mnist_split_seed13_clients5_alpha0p3_ref200.json,0.9,16,conv2,4,1,0.9999973177909851,0.999997615814209,200
cka_feddst,fashion_mnist,0.7,13,results/logs/cka_strength_sweep/fashion_mnist_all_20260517_180855/strength_0p9/seed_13/splits/fashion_mnist_split_seed13_clients5_alpha0p3_ref200.json,0.9,16,conv2,4,2,0.9999963045120239,0.999997615814209,200
cka_feddst,fashion_mnist,0.7,13,results/logs/cka_strength_sweep/fashion_mnist_all_20260517_180855/strength_0p9/seed_13/splits/fashion_mnist_split_seed13_clients5_alpha0p3_ref200.json,0.9,16,conv2,4,3,0.9999971985816956,0.999997615814209,200
cka_feddst,fashion_mnist,0.7,13,results/logs/cka_strength_sweep/fashion_mnist_all_20260517_180855/strength_0p9/seed_13/splits/fashion_mnist_split_seed13_clients5_alpha0p3_ref200.json,0.9,16,conv2,4,4,1.0,0.999997615814209,200
cka_feddst,fashion_mnist,0.7,13,results/logs/cka_strength_sweep/fashion_mnist_all_20260517_180855/strength_0p9/seed_13/splits/fashion_mnist_split_seed13_clients5_alpha0p3_ref200.json,0.9,16,fc1,0,0,1.0,0.9888162612915039,200
cka_feddst,fashion_mnist,0.7,13,results/logs/cka_strength_sweep/fashion_mnist_all_20260517_180855/strength_0p9/seed_13/splits/fashion_mnist_split_seed13_clients5_alpha0p3_ref200.json,0.9,16,fc1,0,1,0.9896898865699768,0.9888162612915039,200
cka_feddst,fashion_mnist,0.7,13,results/logs/cka_strength_sweep/fashion_mnist_all_20260517_180855/strength_0p9/seed_13/splits/fashion_mnist_split_seed13_clients5_alpha0p3_ref200.json,0.9,16,fc1,0,2,0.9950762987136841,0.9888162612915039,200
cka_feddst,fashion_mnist,0.7,13,results/logs/cka_strength_sweep/fashion_mnist_all_20260517_180855/strength_0p9/seed_13/splits/fashion_mnist_split_seed13_clients5_alpha0p3_ref200.json,0.9,16,fc1,0,3,0.9939311742782593,0.9888162612915039,200
cka_feddst,fashion_mnist,0.7,13,results/logs/cka_strength_sweep/fashion_mnist_all_20260517_180855/strength_0p9/seed_13/splits/fashion_mnist_split_seed13_clients5_alpha0p3_ref200.json,0.9,16,fc1,0,4,0.9931672215461731,0.9888162612915039,200
cka_feddst,fashion_mnist,0.7,13,results/logs/cka_strength_sweep/fashion_mnist_all_20260517_180855/strength_0p9/seed_13/splits/fashion_mnist_split_seed13_clients5_alpha0p3_ref200.json,0.9,16,fc1,1,0,0.9896898865699768,0.9888162612915039,200
cka_feddst,fashion_mnist,0.7,13,results/logs/cka_strength_sweep/fashion_mnist_all_20260517_180855/strength_0p9/seed_13/splits/fashion_mnist_split_seed13_clients5_alpha0p3_ref200.json,0.9,16,fc1,1,1,1.0,0.9888162612915039,200
cka_feddst,fashion_mnist,0.7,13,results/logs/cka_strength_sweep/fashion_mnist_all_20260517_180855/strength_0p9/seed_13/splits/fashion_mnist_split_seed13_clients5_alpha0p3_ref200.json,0.9,16,fc1,1,2,0.9936272501945496,0.9888162612915039,200
cka_feddst,fashion_mnist,0.7,13,results/logs/cka_strength_sweep/fashion_mnist_all_20260517_180855/strength_0p9/seed_13/splits/fashion_mnist_split_seed13_clients5_alpha0p3_ref200.json,0.9,16,fc1,1,3,0.9758806228637695,0.9888162612915039,200
cka_feddst,fashion_mnist,0.7,13,results/logs/cka_strength_sweep/fashion_mnist_all_20260517_180855/strength_0p9/seed_13/splits/fashion_mnist_split_seed13_clients5_alpha0p3_ref200.json,0.9,16,fc1,1,4,0.9759536981582642,0.9888162612915039,200
cka_feddst,fashion_mnist,0.7,13,results/logs/cka_strength_sweep/fashion_mnist_all_20260517_180855/strength_0p9/seed_13/splits/fashion_mnist_split_seed13_clients5_alpha0p3_ref200.json,0.9,16,fc1,2,0,0.9950762987136841,0.9888162612915039,200
cka_feddst,fashion_mnist,0.7,13,results/logs/cka_strength_sweep/fashion_mnist_all_20260517_180855/strength_0p9/seed_13/splits/fashion_mnist_split_seed13_clients5_alpha0p3_ref200.json,0.9,16,fc1,2,1,0.9936272501945496,0.9888162612915039,200
cka_feddst,fashion_mnist,0.7,13,results/logs/cka_strength_sweep/fashion_mnist_all_20260517_180855/strength_0p9/seed_13/splits/fashion_mnist_split_seed13_clients5_alpha0p3_ref200.json,0.9,16,fc1,2,2,1.0,0.9888162612915039,200
cka_feddst,fashion_mnist,0.7,13,results/logs/cka_strength_sweep/fashion_mnist_all_20260517_180855/strength_0p9/seed_13/splits/fashion_mnist_split_seed13_clients5_alpha0p3_ref200.json,0.9,16,fc1,2,3,0.9895463585853577,0.9888162612915039,200
cka_feddst,fashion_mnist,0.7,13,results/logs/cka_strength_sweep/fashion_mnist_all_20260517_180855/strength_0p9/seed_13/splits/fashion_mnist_split_seed13_clients5_alpha0p3_ref200.json,0.9,16,fc1,2,4,0.9870100021362305,0.9888162612915039,200
cka_feddst,fashion_mnist,0.7,13,results/logs/cka_strength_sweep/fashion_mnist_all_20260517_180855/strength_0p9/seed_13/splits/fashion_mnist_split_seed13_clients5_alpha0p3_ref200.json,0.9,16,fc1,3,0,0.9939311742782593,0.9888162612915039,200
cka_feddst,fashion_mnist,0.7,13,results/logs/cka_strength_sweep/fashion_mnist_all_20260517_180855/strength_0p9/seed_13/splits/fashion_mnist_split_seed13_clients5_alpha0p3_ref200.json,0.9,16,fc1,3,1,0.9758806228637695,0.9888162612915039,200
cka_feddst,fashion_mnist,0.7,13,results/logs/cka_strength_sweep/fashion_mnist_all_20260517_180855/strength_0p9/seed_13/splits/fashion_mnist_split_seed13_clients5_alpha0p3_ref200.json,0.9,16,fc1,3,2,0.9895463585853577,0.9888162612915039,200
cka_feddst,fashion_mnist,0.7,13,results/logs/cka_strength_sweep/fashion_mnist_all_20260517_180855/strength_0p9/seed_13/splits/fashion_mnist_split_seed13_clients5_alpha0p3_ref200.json,0.9,16,fc1,3,3,1.0,0.9888162612915039,200
cka_feddst,fashion_mnist,0.7,13,results/logs/cka_strength_sweep/fashion_mnist_all_20260517_180855/strength_0p9/seed_13/splits/fashion_mnist_split_seed13_clients5_alpha0p3_ref200.json,0.9,16,fc1,3,4,0.9942795634269714,0.9888162612915039,200
cka_feddst,fashion_mnist,0.7,13,results/logs/cka_strength_sweep/fashion_mnist_all_20260517_180855/strength_0p9/seed_13/splits/fashion_mnist_split_seed13_clients5_alpha0p3_ref200.json,0.9,16,fc1,4,0,0.9931672215461731,0.9888162612915039,200
cka_feddst,fashion_mnist,0.7,13,results/logs/cka_strength_sweep/fashion_mnist_all_20260517_180855/strength_0p9/seed_13/splits/fashion_mnist_split_seed13_clients5_alpha0p3_ref200.json,0.9,16,fc1,4,1,0.9759536981582642,0.9888162612915039,200
cka_feddst,fashion_mnist,0.7,13,results/logs/cka_strength_sweep/fashion_mnist_all_20260517_180855/strength_0p9/seed_13/splits/fashion_mnist_split_seed13_clients5_alpha0p3_ref200.json,0.9,16,fc1,4,2,0.9870100021362305,0.9888162612915039,200
cka_feddst,fashion_mnist,0.7,13,results/logs/cka_strength_sweep/fashion_mnist_all_20260517_180855/strength_0p9/seed_13/splits/fashion_mnist_split_seed13_clients5_alpha0p3_ref200.json,0.9,16,fc1,4,3,0.9942795634269714,0.9888162612915039,200
cka_feddst,fashion_mnist,0.7,13,results/logs/cka_strength_sweep/fashion_mnist_all_20260517_180855/strength_0p9/seed_13/splits/fashion_mnist_split_seed13_clients5_alpha0p3_ref200.json,0.9,16,fc1,4,4,1.0,0.9888162612915039,200
cka_feddst,fashion_mnist,0.7,13,results/logs/cka_strength_sweep/fashion_mnist_all_20260517_180855/strength_0p9/seed_13/splits/fashion_mnist_split_seed13_clients5_alpha0p3_ref200.json,0.9,18,conv1,0,0,1.0,0.9999998807907104,200
cka_feddst,fashion_mnist,0.7,13,results/logs/cka_strength_sweep/fashion_mnist_all_20260517_180855/strength_0p9/seed_13/splits/fashion_mnist_split_seed13_clients5_alpha0p3_ref200.json,0.9,18,conv1,0,1,1.0,0.9999998807907104,200
cka_feddst,fashion_mnist,0.7,13,results/logs/cka_strength_sweep/fashion_mnist_all_20260517_180855/strength_0p9/seed_13/splits/fashion_mnist_split_seed13_clients5_alpha0p3_ref200.json,0.9,18,conv1,0,2,1.0,0.9999998807907104,200
cka_feddst,fashion_mnist,0.7,13,results/logs/cka_strength_sweep/fashion_mnist_all_20260517_180855/strength_0p9/seed_13/splits/fashion_mnist_split_seed13_clients5_alpha0p3_ref200.json,0.9,18,conv1,0,3,1.0,0.9999998807907104,200
cka_feddst,fashion_mnist,0.7,13,results/logs/cka_strength_sweep/fashion_mnist_all_20260517_180855/strength_0p9/seed_13/splits/fashion_mnist_split_seed13_clients5_alpha0p3_ref200.json,0.9,18,conv1,0,4,0.9999997615814209,0.9999998807907104,200
cka_feddst,fashion_mnist,0.7,13,results/logs/cka_strength_sweep/fashion_mnist_all_20260517_180855/strength_0p9/seed_13/splits/fashion_mnist_split_seed13_clients5_alpha0p3_ref200.json,0.9,18,conv1,1,0,1.0,0.9999998807907104,200
cka_feddst,fashion_mnist,0.7,13,results/logs/cka_strength_sweep/fashion_mnist_all_20260517_180855/strength_0p9/seed_13/splits/fashion_mnist_split_seed13_clients5_alpha0p3_ref200.json,0.9,18,conv1,1,1,1.0,0.9999998807907104,200
cka_feddst,fashion_mnist,0.7,13,results/logs/cka_strength_sweep/fashion_mnist_all_20260517_180855/strength_0p9/seed_13/splits/fashion_mnist_split_seed13_clients5_alpha0p3_ref200.json,0.9,18,conv1,1,2,1.0,0.9999998807907104,200
cka_feddst,fashion_mnist,0.7,13,results/logs/cka_strength_sweep/fashion_mnist_all_20260517_180855/strength_0p9/seed_13/splits/fashion_mnist_split_seed13_clients5_alpha0p3_ref200.json,0.9,18,conv1,1,3,1.0,0.9999998807907104,200
cka_feddst,fashion_mnist,0.7,13,results/logs/cka_strength_sweep/fashion_mnist_all_20260517_180855/strength_0p9/seed_13/splits/fashion_mnist_split_seed13_clients5_alpha0p3_ref200.json,0.9,18,conv1,1,4,1.0,0.9999998807907104,200
cka_feddst,fashion_mnist,0.7,13,results/logs/cka_strength_sweep/fashion_mnist_all_20260517_180855/strength_0p9/seed_13/splits/fashion_mnist_split_seed13_clients5_alpha0p3_ref200.json,0.9,18,conv1,2,0,1.0,0.9999998807907104,200
cka_feddst,fashion_mnist,0.7,13,results/logs/cka_strength_sweep/fashion_mnist_all_20260517_180855/strength_0p9/seed_13/splits/fashion_mnist_split_seed13_clients5_alpha0p3_ref200.json,0.9,18,conv1,2,1,1.0,0.9999998807907104,200
cka_feddst,fashion_mnist,0.7,13,results/logs/cka_strength_sweep/fashion_mnist_all_20260517_180855/strength_0p9/seed_13/splits/fashion_mnist_split_seed13_clients5_alpha0p3_ref200.json,0.9,18,conv1,2,2,1.0,0.9999998807907104,200
cka_feddst,fashion_mnist,0.7,13,results/logs/cka_strength_sweep/fashion_mnist_all_20260517_180855/strength_0p9/seed_13/splits/fashion_mnist_split_seed13_clients5_alpha0p3_ref200.json,0.9,18,conv1,2,3,1.0,0.9999998807907104,200
cka_feddst,fashion_mnist,0.7,13,results/logs/cka_strength_sweep/fashion_mnist_all_20260517_180855/strength_0p9/seed_13/splits/fashion_mnist_split_seed13_clients5_alpha0p3_ref200.json,0.9,18,conv1,2,4,0.9999997615814209,0.9999998807907104,200
cka_feddst,fashion_mnist,0.7,13,results/logs/cka_strength_sweep/fashion_mnist_all_20260517_180855/strength_0p9/seed_13/splits/fashion_mnist_split_seed13_clients5_alpha0p3_ref200.json,0.9,18,conv1,3,0,1.0,0.9999998807907104,200
cka_feddst,fashion_mnist,0.7,13,results/logs/cka_strength_sweep/fashion_mnist_all_20260517_180855/strength_0p9/seed_13/splits/fashion_mnist_split_seed13_clients5_alpha0p3_ref200.json,0.9,18,conv1,3,1,1.0,0.9999998807907104,200
cka_feddst,fashion_mnist,0.7,13,results/logs/cka_strength_sweep/fashion_mnist_all_20260517_180855/strength_0p9/seed_13/splits/fashion_mnist_split_seed13_clients5_alpha0p3_ref200.json,0.9,18,conv1,3,2,1.0,0.9999998807907104,200
cka_feddst,fashion_mnist,0.7,13,results/logs/cka_strength_sweep/fashion_mnist_all_20260517_180855/strength_0p9/seed_13/splits/fashion_mnist_split_seed13_clients5_alpha0p3_ref200.json,0.9,18,conv1,3,3,1.0,0.9999998807907104,200
cka_feddst,fashion_mnist,0.7,13,results/logs/cka_strength_sweep/fashion_mnist_all_20260517_180855/strength_0p9/seed_13/splits/fashion_mnist_split_seed13_clients5_alpha0p3_ref200.json,0.9,18,conv1,3,4,0.9999994039535522,0.9999998807907104,200
cka_feddst,fashion_mnist,0.7,13,results/logs/cka_strength_sweep/fashion_mnist_all_20260517_180855/strength_0p9/seed_13/splits/fashion_mnist_split_seed13_clients5_alpha0p3_ref200.json,0.9,18,conv1,4,0,0.9999997615814209,0.9999998807907104,200
cka_feddst,fashion_mnist,0.7,13,results/logs/cka_strength_sweep/fashion_mnist_all_20260517_180855/strength_0p9/seed_13/splits/fashion_mnist_split_seed13_clients5_alpha0p3_ref200.json,0.9,18,conv1,4,1,1.0,0.9999998807907104,200
cka_feddst,fashion_mnist,0.7,13,results/logs/cka_strength_sweep/fashion_mnist_all_20260517_180855/strength_0p9/seed_13/splits/fashion_mnist_split_seed13_clients5_alpha0p3_ref200.json,0.9,18,conv1,4,2,0.9999997615814209,0.9999998807907104,200
cka_feddst,fashion_mnist,0.7,13,results/logs/cka_strength_sweep/fashion_mnist_all_20260517_180855/strength_0p9/seed_13/splits/fashion_mnist_split_seed13_clients5_alpha0p3_ref200.json,0.9,18,conv1,4,3,0.9999994039535522,0.9999998807907104,200
cka_feddst,fashion_mnist,0.7,13,results/logs/cka_strength_sweep/fashion_mnist_all_20260517_180855/strength_0p9/seed_13/splits/fashion_mnist_split_seed13_clients5_alpha0p3_ref200.json,0.9,18,conv1,4,4,1.0,0.9999998807907104,200
cka_feddst,fashion_mnist,0.7,13,results/logs/cka_strength_sweep/fashion_mnist_all_20260517_180855/strength_0p9/seed_13/splits/fashion_mnist_split_seed13_clients5_alpha0p3_ref200.json,0.9,18,conv2,0,0,1.0,0.9999980926513672,200
cka_feddst,fashion_mnist,0.7,13,results/logs/cka_strength_sweep/fashion_mnist_all_20260517_180855/strength_0p9/seed_13/splits/fashion_mnist_split_seed13_clients5_alpha0p3_ref200.json,0.9,18,conv2,0,1,0.9999998807907104,0.9999980926513672,200
cka_feddst,fashion_mnist,0.7,13,results/logs/cka_strength_sweep/fashion_mnist_all_20260517_180855/strength_0p9/seed_13/splits/fashion_mnist_split_seed13_clients5_alpha0p3_ref200.json,0.9,18,conv2,0,2,0.9999967217445374,0.9999980926513672,200
cka_feddst,fashion_mnist,0.7,13,results/logs/cka_strength_sweep/fashion_mnist_all_20260517_180855/strength_0p9/seed_13/splits/fashion_mnist_split_seed13_clients5_alpha0p3_ref200.json,0.9,18,conv2,0,3,0.9999977350234985,0.9999980926513672,200
cka_feddst,fashion_mnist,0.7,13,results/logs/cka_strength_sweep/fashion_mnist_all_20260517_180855/strength_0p9/seed_13/splits/fashion_mnist_split_seed13_clients5_alpha0p3_ref200.json,0.9,18,conv2,0,4,0.9999992847442627,0.9999980926513672,200
cka_feddst,fashion_mnist,0.7,13,results/logs/cka_strength_sweep/fashion_mnist_all_20260517_180855/strength_0p9/seed_13/splits/fashion_mnist_split_seed13_clients5_alpha0p3_ref200.json,0.9,18,conv2,1,0,0.9999998807907104,0.9999980926513672,200
cka_feddst,fashion_mnist,0.7,13,results/logs/cka_strength_sweep/fashion_mnist_all_20260517_180855/strength_0p9/seed_13/splits/fashion_mnist_split_seed13_clients5_alpha0p3_ref200.json,0.9,18,conv2,1,1,1.0,0.9999980926513672,200
cka_feddst,fashion_mnist,0.7,13,results/logs/cka_strength_sweep/fashion_mnist_all_20260517_180855/strength_0p9/seed_13/splits/fashion_mnist_split_seed13_clients5_alpha0p3_ref200.json,0.9,18,conv2,1,2,0.9999967813491821,0.9999980926513672,200
cka_feddst,fashion_mnist,0.7,13,results/logs/cka_strength_sweep/fashion_mnist_all_20260517_180855/strength_0p9/seed_13/splits/fashion_mnist_split_seed13_clients5_alpha0p3_ref200.json,0.9,18,conv2,1,3,0.9999972581863403,0.9999980926513672,200
cka_feddst,fashion_mnist,0.7,13,results/logs/cka_strength_sweep/fashion_mnist_all_20260517_180855/strength_0p9/seed_13/splits/fashion_mnist_split_seed13_clients5_alpha0p3_ref200.json,0.9,18,conv2,1,4,0.9999988079071045,0.9999980926513672,200
cka_feddst,fashion_mnist,0.7,13,results/logs/cka_strength_sweep/fashion_mnist_all_20260517_180855/strength_0p9/seed_13/splits/fashion_mnist_split_seed13_clients5_alpha0p3_ref200.json,0.9,18,conv2,2,0,0.9999967217445374,0.9999980926513672,200
cka_feddst,fashion_mnist,0.7,13,results/logs/cka_strength_sweep/fashion_mnist_all_20260517_180855/strength_0p9/seed_13/splits/fashion_mnist_split_seed13_clients5_alpha0p3_ref200.json,0.9,18,conv2,2,1,0.9999967813491821,0.9999980926513672,200
cka_feddst,fashion_mnist,0.7,13,results/logs/cka_strength_sweep/fashion_mnist_all_20260517_180855/strength_0p9/seed_13/splits/fashion_mnist_split_seed13_clients5_alpha0p3_ref200.json,0.9,18,conv2,2,2,1.0,0.9999980926513672,200
cka_feddst,fashion_mnist,0.7,13,results/logs/cka_strength_sweep/fashion_mnist_all_20260517_180855/strength_0p9/seed_13/splits/fashion_mnist_split_seed13_clients5_alpha0p3_ref200.json,0.9,18,conv2,2,3,0.9999987483024597,0.9999980926513672,200
cka_feddst,fashion_mnist,0.7,13,results/logs/cka_strength_sweep/fashion_mnist_all_20260517_180855/strength_0p9/seed_13/splits/fashion_mnist_split_seed13_clients5_alpha0p3_ref200.json,0.9,18,conv2,2,4,0.9999968409538269,0.9999980926513672,200
cka_feddst,fashion_mnist,0.7,13,results/logs/cka_strength_sweep/fashion_mnist_all_20260517_180855/strength_0p9/seed_13/splits/fashion_mnist_split_seed13_clients5_alpha0p3_ref200.json,0.9,18,conv2,3,0,0.9999977350234985,0.9999980926513672,200
cka_feddst,fashion_mnist,0.7,13,results/logs/cka_strength_sweep/fashion_mnist_all_20260517_180855/strength_0p9/seed_13/splits/fashion_mnist_split_seed13_clients5_alpha0p3_ref200.json,0.9,18,conv2,3,1,0.9999972581863403,0.9999980926513672,200
cka_feddst,fashion_mnist,0.7,13,results/logs/cka_strength_sweep/fashion_mnist_all_20260517_180855/strength_0p9/seed_13/splits/fashion_mnist_split_seed13_clients5_alpha0p3_ref200.json,0.9,18,conv2,3,2,0.9999987483024597,0.9999980926513672,200
cka_feddst,fashion_mnist,0.7,13,results/logs/cka_strength_sweep/fashion_mnist_all_20260517_180855/strength_0p9/seed_13/splits/fashion_mnist_split_seed13_clients5_alpha0p3_ref200.json,0.9,18,conv2,3,3,1.0,0.9999980926513672,200
cka_feddst,fashion_mnist,0.7,13,results/logs/cka_strength_sweep/fashion_mnist_all_20260517_180855/strength_0p9/seed_13/splits/fashion_mnist_split_seed13_clients5_alpha0p3_ref200.json,0.9,18,conv2,3,4,0.9999990463256836,0.9999980926513672,200
cka_feddst,fashion_mnist,0.7,13,results/logs/cka_strength_sweep/fashion_mnist_all_20260517_180855/strength_0p9/seed_13/splits/fashion_mnist_split_seed13_clients5_alpha0p3_ref200.json,0.9,18,conv2,4,0,0.9999992847442627,0.9999980926513672,200
cka_feddst,fashion_mnist,0.7,13,results/logs/cka_strength_sweep/fashion_mnist_all_20260517_180855/strength_0p9/seed_13/splits/fashion_mnist_split_seed13_clients5_alpha0p3_ref200.json,0.9,18,conv2,4,1,0.9999988079071045,0.9999980926513672,200
cka_feddst,fashion_mnist,0.7,13,results/logs/cka_strength_sweep/fashion_mnist_all_20260517_180855/strength_0p9/seed_13/splits/fashion_mnist_split_seed13_clients5_alpha0p3_ref200.json,0.9,18,conv2,4,2,0.9999968409538269,0.9999980926513672,200
cka_feddst,fashion_mnist,0.7,13,results/logs/cka_strength_sweep/fashion_mnist_all_20260517_180855/strength_0p9/seed_13/splits/fashion_mnist_split_seed13_clients5_alpha0p3_ref200.json,0.9,18,conv2,4,3,0.9999990463256836,0.9999980926513672,200
cka_feddst,fashion_mnist,0.7,13,results/logs/cka_strength_sweep/fashion_mnist_all_20260517_180855/strength_0p9/seed_13/splits/fashion_mnist_split_seed13_clients5_alpha0p3_ref200.json,0.9,18,conv2,4,4,1.0,0.9999980926513672,200
cka_feddst,fashion_mnist,0.7,13,results/logs/cka_strength_sweep/fashion_mnist_all_20260517_180855/strength_0p9/seed_13/splits/fashion_mnist_split_seed13_clients5_alpha0p3_ref200.json,0.9,18,fc1,0,0,1.0,0.9916402101516724,200
cka_feddst,fashion_mnist,0.7,13,results/logs/cka_strength_sweep/fashion_mnist_all_20260517_180855/strength_0p9/seed_13/splits/fashion_mnist_split_seed13_clients5_alpha0p3_ref200.json,0.9,18,fc1,0,1,0.9932957291603088,0.9916402101516724,200
cka_feddst,fashion_mnist,0.7,13,results/logs/cka_strength_sweep/fashion_mnist_all_20260517_180855/strength_0p9/seed_13/splits/fashion_mnist_split_seed13_clients5_alpha0p3_ref200.json,0.9,18,fc1,0,2,0.9955388307571411,0.9916402101516724,200
cka_feddst,fashion_mnist,0.7,13,results/logs/cka_strength_sweep/fashion_mnist_all_20260517_180855/strength_0p9/seed_13/splits/fashion_mnist_split_seed13_clients5_alpha0p3_ref200.json,0.9,18,fc1,0,3,0.9923155903816223,0.9916402101516724,200
cka_feddst,fashion_mnist,0.7,13,results/logs/cka_strength_sweep/fashion_mnist_all_20260517_180855/strength_0p9/seed_13/splits/fashion_mnist_split_seed13_clients5_alpha0p3_ref200.json,0.9,18,fc1,0,4,0.9926968812942505,0.9916402101516724,200
cka_feddst,fashion_mnist,0.7,13,results/logs/cka_strength_sweep/fashion_mnist_all_20260517_180855/strength_0p9/seed_13/splits/fashion_mnist_split_seed13_clients5_alpha0p3_ref200.json,0.9,18,fc1,1,0,0.9932957291603088,0.9916402101516724,200
cka_feddst,fashion_mnist,0.7,13,results/logs/cka_strength_sweep/fashion_mnist_all_20260517_180855/strength_0p9/seed_13/splits/fashion_mnist_split_seed13_clients5_alpha0p3_ref200.json,0.9,18,fc1,1,1,1.0,0.9916402101516724,200
cka_feddst,fashion_mnist,0.7,13,results/logs/cka_strength_sweep/fashion_mnist_all_20260517_180855/strength_0p9/seed_13/splits/fashion_mnist_split_seed13_clients5_alpha0p3_ref200.json,0.9,18,fc1,1,2,0.9928703308105469,0.9916402101516724,200
cka_feddst,fashion_mnist,0.7,13,results/logs/cka_strength_sweep/fashion_mnist_all_20260517_180855/strength_0p9/seed_13/splits/fashion_mnist_split_seed13_clients5_alpha0p3_ref200.json,0.9,18,fc1,1,3,0.9867859482765198,0.9916402101516724,200
cka_feddst,fashion_mnist,0.7,13,results/logs/cka_strength_sweep/fashion_mnist_all_20260517_180855/strength_0p9/seed_13/splits/fashion_mnist_split_seed13_clients5_alpha0p3_ref200.json,0.9,18,fc1,1,4,0.983424723148346,0.9916402101516724,200
cka_feddst,fashion_mnist,0.7,13,results/logs/cka_strength_sweep/fashion_mnist_all_20260517_180855/strength_0p9/seed_13/splits/fashion_mnist_split_seed13_clients5_alpha0p3_ref200.json,0.9,18,fc1,2,0,0.9955388307571411,0.9916402101516724,200
cka_feddst,fashion_mnist,0.7,13,results/logs/cka_strength_sweep/fashion_mnist_all_20260517_180855/strength_0p9/seed_13/splits/fashion_mnist_split_seed13_clients5_alpha0p3_ref200.json,0.9,18,fc1,2,1,0.9928703308105469,0.9916402101516724,200
cka_feddst,fashion_mnist,0.7,13,results/logs/cka_strength_sweep/fashion_mnist_all_20260517_180855/strength_0p9/seed_13/splits/fashion_mnist_split_seed13_clients5_alpha0p3_ref200.json,0.9,18,fc1,2,2,1.0,0.9916402101516724,200
cka_feddst,fashion_mnist,0.7,13,results/logs/cka_strength_sweep/fashion_mnist_all_20260517_180855/strength_0p9/seed_13/splits/fashion_mnist_split_seed13_clients5_alpha0p3_ref200.json,0.9,18,fc1,2,3,0.9913244247436523,0.9916402101516724,200
cka_feddst,fashion_mnist,0.7,13,results/logs/cka_strength_sweep/fashion_mnist_all_20260517_180855/strength_0p9/seed_13/splits/fashion_mnist_split_seed13_clients5_alpha0p3_ref200.json,0.9,18,fc1,2,4,0.9941696524620056,0.9916402101516724,200
cka_feddst,fashion_mnist,0.7,13,results/logs/cka_strength_sweep/fashion_mnist_all_20260517_180855/strength_0p9/seed_13/splits/fashion_mnist_split_seed13_clients5_alpha0p3_ref200.json,0.9,18,fc1,3,0,0.9923155903816223,0.9916402101516724,200
cka_feddst,fashion_mnist,0.7,13,results/logs/cka_strength_sweep/fashion_mnist_all_20260517_180855/strength_0p9/seed_13/splits/fashion_mnist_split_seed13_clients5_alpha0p3_ref200.json,0.9,18,fc1,3,1,0.9867859482765198,0.9916402101516724,200
cka_feddst,fashion_mnist,0.7,13,results/logs/cka_strength_sweep/fashion_mnist_all_20260517_180855/strength_0p9/seed_13/splits/fashion_mnist_split_seed13_clients5_alpha0p3_ref200.json,0.9,18,fc1,3,2,0.9913244247436523,0.9916402101516724,200
cka_feddst,fashion_mnist,0.7,13,results/logs/cka_strength_sweep/fashion_mnist_all_20260517_180855/strength_0p9/seed_13/splits/fashion_mnist_split_seed13_clients5_alpha0p3_ref200.json,0.9,18,fc1,3,3,1.0,0.9916402101516724,200
cka_feddst,fashion_mnist,0.7,13,results/logs/cka_strength_sweep/fashion_mnist_all_20260517_180855/strength_0p9/seed_13/splits/fashion_mnist_split_seed13_clients5_alpha0p3_ref200.json,0.9,18,fc1,3,4,0.9939795136451721,0.9916402101516724,200
cka_feddst,fashion_mnist,0.7,13,results/logs/cka_strength_sweep/fashion_mnist_all_20260517_180855/strength_0p9/seed_13/splits/fashion_mnist_split_seed13_clients5_alpha0p3_ref200.json,0.9,18,fc1,4,0,0.9926968812942505,0.9916402101516724,200
cka_feddst,fashion_mnist,0.7,13,results/logs/cka_strength_sweep/fashion_mnist_all_20260517_180855/strength_0p9/seed_13/splits/fashion_mnist_split_seed13_clients5_alpha0p3_ref200.json,0.9,18,fc1,4,1,0.983424723148346,0.9916402101516724,200
cka_feddst,fashion_mnist,0.7,13,results/logs/cka_strength_sweep/fashion_mnist_all_20260517_180855/strength_0p9/seed_13/splits/fashion_mnist_split_seed13_clients5_alpha0p3_ref200.json,0.9,18,fc1,4,2,0.9941696524620056,0.9916402101516724,200
cka_feddst,fashion_mnist,0.7,13,results/logs/cka_strength_sweep/fashion_mnist_all_20260517_180855/strength_0p9/seed_13/splits/fashion_mnist_split_seed13_clients5_alpha0p3_ref200.json,0.9,18,fc1,4,3,0.9939795136451721,0.9916402101516724,200
cka_feddst,fashion_mnist,0.7,13,results/logs/cka_strength_sweep/fashion_mnist_all_20260517_180855/strength_0p9/seed_13/splits/fashion_mnist_split_seed13_clients5_alpha0p3_ref200.json,0.9,18,fc1,4,4,1.0,0.9916402101516724,200
cka_feddst,fashion_mnist,0.7,13,results/logs/cka_strength_sweep/fashion_mnist_all_20260517_180855/strength_0p9/seed_13/splits/fashion_mnist_split_seed13_clients5_alpha0p3_ref200.json,0.9,20,conv1,0,0,1.0,0.9999996423721313,200
cka_feddst,fashion_mnist,0.7,13,results/logs/cka_strength_sweep/fashion_mnist_all_20260517_180855/strength_0p9/seed_13/splits/fashion_mnist_split_seed13_clients5_alpha0p3_ref200.json,0.9,20,conv1,0,1,1.0,0.9999996423721313,200
cka_feddst,fashion_mnist,0.7,13,results/logs/cka_strength_sweep/fashion_mnist_all_20260517_180855/strength_0p9/seed_13/splits/fashion_mnist_split_seed13_clients5_alpha0p3_ref200.json,0.9,20,conv1,0,2,1.0,0.9999996423721313,200
cka_feddst,fashion_mnist,0.7,13,results/logs/cka_strength_sweep/fashion_mnist_all_20260517_180855/strength_0p9/seed_13/splits/fashion_mnist_split_seed13_clients5_alpha0p3_ref200.json,0.9,20,conv1,0,3,0.9999999403953552,0.9999996423721313,200
cka_feddst,fashion_mnist,0.7,13,results/logs/cka_strength_sweep/fashion_mnist_all_20260517_180855/strength_0p9/seed_13/splits/fashion_mnist_split_seed13_clients5_alpha0p3_ref200.json,0.9,20,conv1,0,4,0.9999995827674866,0.9999996423721313,200
cka_feddst,fashion_mnist,0.7,13,results/logs/cka_strength_sweep/fashion_mnist_all_20260517_180855/strength_0p9/seed_13/splits/fashion_mnist_split_seed13_clients5_alpha0p3_ref200.json,0.9,20,conv1,1,0,1.0,0.9999996423721313,200
cka_feddst,fashion_mnist,0.7,13,results/logs/cka_strength_sweep/fashion_mnist_all_20260517_180855/strength_0p9/seed_13/splits/fashion_mnist_split_seed13_clients5_alpha0p3_ref200.json,0.9,20,conv1,1,1,1.0,0.9999996423721313,200
cka_feddst,fashion_mnist,0.7,13,results/logs/cka_strength_sweep/fashion_mnist_all_20260517_180855/strength_0p9/seed_13/splits/fashion_mnist_split_seed13_clients5_alpha0p3_ref200.json,0.9,20,conv1,1,2,1.0,0.9999996423721313,200
cka_feddst,fashion_mnist,0.7,13,results/logs/cka_strength_sweep/fashion_mnist_all_20260517_180855/strength_0p9/seed_13/splits/fashion_mnist_split_seed13_clients5_alpha0p3_ref200.json,0.9,20,conv1,1,3,1.0,0.9999996423721313,200
cka_feddst,fashion_mnist,0.7,13,results/logs/cka_strength_sweep/fashion_mnist_all_20260517_180855/strength_0p9/seed_13/splits/fashion_mnist_split_seed13_clients5_alpha0p3_ref200.json,0.9,20,conv1,1,4,0.9999988079071045,0.9999996423721313,200
cka_feddst,fashion_mnist,0.7,13,results/logs/cka_strength_sweep/fashion_mnist_all_20260517_180855/strength_0p9/seed_13/splits/fashion_mnist_split_seed13_clients5_alpha0p3_ref200.json,0.9,20,conv1,2,0,1.0,0.9999996423721313,200
cka_feddst,fashion_mnist,0.7,13,results/logs/cka_strength_sweep/fashion_mnist_all_20260517_180855/strength_0p9/seed_13/splits/fashion_mnist_split_seed13_clients5_alpha0p3_ref200.json,0.9,20,conv1,2,1,1.0,0.9999996423721313,200
cka_feddst,fashion_mnist,0.7,13,results/logs/cka_strength_sweep/fashion_mnist_all_20260517_180855/strength_0p9/seed_13/splits/fashion_mnist_split_seed13_clients5_alpha0p3_ref200.json,0.9,20,conv1,2,2,1.0,0.9999996423721313,200
cka_feddst,fashion_mnist,0.7,13,results/logs/cka_strength_sweep/fashion_mnist_all_20260517_180855/strength_0p9/seed_13/splits/fashion_mnist_split_seed13_clients5_alpha0p3_ref200.json,0.9,20,conv1,2,3,1.0,0.9999996423721313,200
cka_feddst,fashion_mnist,0.7,13,results/logs/cka_strength_sweep/fashion_mnist_all_20260517_180855/strength_0p9/seed_13/splits/fashion_mnist_split_seed13_clients5_alpha0p3_ref200.json,0.9,20,conv1,2,4,0.9999997019767761,0.9999996423721313,200
cka_feddst,fashion_mnist,0.7,13,results/logs/cka_strength_sweep/fashion_mnist_all_20260517_180855/strength_0p9/seed_13/splits/fashion_mnist_split_seed13_clients5_alpha0p3_ref200.json,0.9,20,conv1,3,0,0.9999999403953552,0.9999996423721313,200
cka_feddst,fashion_mnist,0.7,13,results/logs/cka_strength_sweep/fashion_mnist_all_20260517_180855/strength_0p9/seed_13/splits/fashion_mnist_split_seed13_clients5_alpha0p3_ref200.json,0.9,20,conv1,3,1,1.0,0.9999996423721313,200
cka_feddst,fashion_mnist,0.7,13,results/logs/cka_strength_sweep/fashion_mnist_all_20260517_180855/strength_0p9/seed_13/splits/fashion_mnist_split_seed13_clients5_alpha0p3_ref200.json,0.9,20,conv1,3,2,1.0,0.9999996423721313,200
cka_feddst,fashion_mnist,0.7,13,results/logs/cka_strength_sweep/fashion_mnist_all_20260517_180855/strength_0p9/seed_13/splits/fashion_mnist_split_seed13_clients5_alpha0p3_ref200.json,0.9,20,conv1,3,3,1.0,0.9999996423721313,200
cka_feddst,fashion_mnist,0.7,13,results/logs/cka_strength_sweep/fashion_mnist_all_20260517_180855/strength_0p9/seed_13/splits/fashion_mnist_split_seed13_clients5_alpha0p3_ref200.json,0.9,20,conv1,3,4,0.9999985098838806,0.9999996423721313,200
cka_feddst,fashion_mnist,0.7,13,results/logs/cka_strength_sweep/fashion_mnist_all_20260517_180855/strength_0p9/seed_13/splits/fashion_mnist_split_seed13_clients5_alpha0p3_ref200.json,0.9,20,conv1,4,0,0.9999995827674866,0.9999996423721313,200
cka_feddst,fashion_mnist,0.7,13,results/logs/cka_strength_sweep/fashion_mnist_all_20260517_180855/strength_0p9/seed_13/splits/fashion_mnist_split_seed13_clients5_alpha0p3_ref200.json,0.9,20,conv1,4,1,0.9999988079071045,0.9999996423721313,200
cka_feddst,fashion_mnist,0.7,13,results/logs/cka_strength_sweep/fashion_mnist_all_20260517_180855/strength_0p9/seed_13/splits/fashion_mnist_split_seed13_clients5_alpha0p3_ref200.json,0.9,20,conv1,4,2,0.9999997019767761,0.9999996423721313,200
cka_feddst,fashion_mnist,0.7,13,results/logs/cka_strength_sweep/fashion_mnist_all_20260517_180855/strength_0p9/seed_13/splits/fashion_mnist_split_seed13_clients5_alpha0p3_ref200.json,0.9,20,conv1,4,3,0.9999985098838806,0.9999996423721313,200
cka_feddst,fashion_mnist,0.7,13,results/logs/cka_strength_sweep/fashion_mnist_all_20260517_180855/strength_0p9/seed_13/splits/fashion_mnist_split_seed13_clients5_alpha0p3_ref200.json,0.9,20,conv1,4,4,1.0,0.9999996423721313,200
cka_feddst,fashion_mnist,0.7,13,results/logs/cka_strength_sweep/fashion_mnist_all_20260517_180855/strength_0p9/seed_13/splits/fashion_mnist_split_seed13_clients5_alpha0p3_ref200.json,0.9,20,conv2,0,0,1.0,0.9999974966049194,200
cka_feddst,fashion_mnist,0.7,13,results/logs/cka_strength_sweep/fashion_mnist_all_20260517_180855/strength_0p9/seed_13/splits/fashion_mnist_split_seed13_clients5_alpha0p3_ref200.json,0.9,20,conv2,0,1,0.9999974370002747,0.9999974966049194,200
cka_feddst,fashion_mnist,0.7,13,results/logs/cka_strength_sweep/fashion_mnist_all_20260517_180855/strength_0p9/seed_13/splits/fashion_mnist_split_seed13_clients5_alpha0p3_ref200.json,0.9,20,conv2,0,2,0.9999960064888,0.9999974966049194,200
cka_feddst,fashion_mnist,0.7,13,results/logs/cka_strength_sweep/fashion_mnist_all_20260517_180855/strength_0p9/seed_13/splits/fashion_mnist_split_seed13_clients5_alpha0p3_ref200.json,0.9,20,conv2,0,3,0.9999960660934448,0.9999974966049194,200
cka_feddst,fashion_mnist,0.7,13,results/logs/cka_strength_sweep/fashion_mnist_all_20260517_180855/strength_0p9/seed_13/splits/fashion_mnist_split_seed13_clients5_alpha0p3_ref200.json,0.9,20,conv2,0,4,0.9999994039535522,0.9999974966049194,200
cka_feddst,fashion_mnist,0.7,13,results/logs/cka_strength_sweep/fashion_mnist_all_20260517_180855/strength_0p9/seed_13/splits/fashion_mnist_split_seed13_clients5_alpha0p3_ref200.json,0.9,20,conv2,1,0,0.9999974370002747,0.9999974966049194,200
cka_feddst,fashion_mnist,0.7,13,results/logs/cka_strength_sweep/fashion_mnist_all_20260517_180855/strength_0p9/seed_13/splits/fashion_mnist_split_seed13_clients5_alpha0p3_ref200.json,0.9,20,conv2,1,1,1.0,0.9999974966049194,200
cka_feddst,fashion_mnist,0.7,13,results/logs/cka_strength_sweep/fashion_mnist_all_20260517_180855/strength_0p9/seed_13/splits/fashion_mnist_split_seed13_clients5_alpha0p3_ref200.json,0.9,20,conv2,1,2,0.9999995231628418,0.9999974966049194,200
cka_feddst,fashion_mnist,0.7,13,results/logs/cka_strength_sweep/fashion_mnist_all_20260517_180855/strength_0p9/seed_13/splits/fashion_mnist_split_seed13_clients5_alpha0p3_ref200.json,0.9,20,conv2,1,3,0.999998927116394,0.9999974966049194,200
cka_feddst,fashion_mnist,0.7,13,results/logs/cka_strength_sweep/fashion_mnist_all_20260517_180855/strength_0p9/seed_13/splits/fashion_mnist_split_seed13_clients5_alpha0p3_ref200.json,0.9,20,conv2,1,4,0.9999966621398926,0.9999974966049194,200
cka_feddst,fashion_mnist,0.7,13,results/logs/cka_strength_sweep/fashion_mnist_all_20260517_180855/strength_0p9/seed_13/splits/fashion_mnist_split_seed13_clients5_alpha0p3_ref200.json,0.9,20,conv2,2,0,0.9999960064888,0.9999974966049194,200
cka_feddst,fashion_mnist,0.7,13,results/logs/cka_strength_sweep/fashion_mnist_all_20260517_180855/strength_0p9/seed_13/splits/fashion_mnist_split_seed13_clients5_alpha0p3_ref200.json,0.9,20,conv2,2,1,0.9999995231628418,0.9999974966049194,200
cka_feddst,fashion_mnist,0.7,13,results/logs/cka_strength_sweep/fashion_mnist_all_20260517_180855/strength_0p9/seed_13/splits/fashion_mnist_split_seed13_clients5_alpha0p3_ref200.json,0.9,20,conv2,2,2,1.0,0.9999974966049194,200
cka_feddst,fashion_mnist,0.7,13,results/logs/cka_strength_sweep/fashion_mnist_all_20260517_180855/strength_0p9/seed_13/splits/fashion_mnist_split_seed13_clients5_alpha0p3_ref200.json,0.9,20,conv2,2,3,0.9999985694885254,0.9999974966049194,200
cka_feddst,fashion_mnist,0.7,13,results/logs/cka_strength_sweep/fashion_mnist_all_20260517_180855/strength_0p9/seed_13/splits/fashion_mnist_split_seed13_clients5_alpha0p3_ref200.json,0.9,20,conv2,2,4,0.9999954700469971,0.9999974966049194,200
cka_feddst,fashion_mnist,0.7,13,results/logs/cka_strength_sweep/fashion_mnist_all_20260517_180855/strength_0p9/seed_13/splits/fashion_mnist_split_seed13_clients5_alpha0p3_ref200.json,0.9,20,conv2,3,0,0.9999960660934448,0.9999974966049194,200
cka_feddst,fashion_mnist,0.7,13,results/logs/cka_strength_sweep/fashion_mnist_all_20260517_180855/strength_0p9/seed_13/splits/fashion_mnist_split_seed13_clients5_alpha0p3_ref200.json,0.9,20,conv2,3,1,0.999998927116394,0.9999974966049194,200
cka_feddst,fashion_mnist,0.7,13,results/logs/cka_strength_sweep/fashion_mnist_all_20260517_180855/strength_0p9/seed_13/splits/fashion_mnist_split_seed13_clients5_alpha0p3_ref200.json,0.9,20,conv2,3,2,0.9999985694885254,0.9999974966049194,200
cka_feddst,fashion_mnist,0.7,13,results/logs/cka_strength_sweep/fashion_mnist_all_20260517_180855/strength_0p9/seed_13/splits/fashion_mnist_split_seed13_clients5_alpha0p3_ref200.json,0.9,20,conv2,3,3,1.0,0.9999974966049194,200
cka_feddst,fashion_mnist,0.7,13,results/logs/cka_strength_sweep/fashion_mnist_all_20260517_180855/strength_0p9/seed_13/splits/fashion_mnist_split_seed13_clients5_alpha0p3_ref200.json,0.9,20,conv2,3,4,0.9999971389770508,0.9999974966049194,200
cka_feddst,fashion_mnist,0.7,13,results/logs/cka_strength_sweep/fashion_mnist_all_20260517_180855/strength_0p9/seed_13/splits/fashion_mnist_split_seed13_clients5_alpha0p3_ref200.json,0.9,20,conv2,4,0,0.9999994039535522,0.9999974966049194,200
cka_feddst,fashion_mnist,0.7,13,results/logs/cka_strength_sweep/fashion_mnist_all_20260517_180855/strength_0p9/seed_13/splits/fashion_mnist_split_seed13_clients5_alpha0p3_ref200.json,0.9,20,conv2,4,1,0.9999966621398926,0.9999974966049194,200
cka_feddst,fashion_mnist,0.7,13,results/logs/cka_strength_sweep/fashion_mnist_all_20260517_180855/strength_0p9/seed_13/splits/fashion_mnist_split_seed13_clients5_alpha0p3_ref200.json,0.9,20,conv2,4,2,0.9999954700469971,0.9999974966049194,200
cka_feddst,fashion_mnist,0.7,13,results/logs/cka_strength_sweep/fashion_mnist_all_20260517_180855/strength_0p9/seed_13/splits/fashion_mnist_split_seed13_clients5_alpha0p3_ref200.json,0.9,20,conv2,4,3,0.9999971389770508,0.9999974966049194,200
cka_feddst,fashion_mnist,0.7,13,results/logs/cka_strength_sweep/fashion_mnist_all_20260517_180855/strength_0p9/seed_13/splits/fashion_mnist_split_seed13_clients5_alpha0p3_ref200.json,0.9,20,conv2,4,4,1.0,0.9999974966049194,200
cka_feddst,fashion_mnist,0.7,13,results/logs/cka_strength_sweep/fashion_mnist_all_20260517_180855/strength_0p9/seed_13/splits/fashion_mnist_split_seed13_clients5_alpha0p3_ref200.json,0.9,20,fc1,0,0,1.0,0.9823201298713684,200
cka_feddst,fashion_mnist,0.7,13,results/logs/cka_strength_sweep/fashion_mnist_all_20260517_180855/strength_0p9/seed_13/splits/fashion_mnist_split_seed13_clients5_alpha0p3_ref200.json,0.9,20,fc1,0,1,0.9801188111305237,0.9823201298713684,200
cka_feddst,fashion_mnist,0.7,13,results/logs/cka_strength_sweep/fashion_mnist_all_20260517_180855/strength_0p9/seed_13/splits/fashion_mnist_split_seed13_clients5_alpha0p3_ref200.json,0.9,20,fc1,0,2,0.9909563660621643,0.9823201298713684,200
cka_feddst,fashion_mnist,0.7,13,results/logs/cka_strength_sweep/fashion_mnist_all_20260517_180855/strength_0p9/seed_13/splits/fashion_mnist_split_seed13_clients5_alpha0p3_ref200.json,0.9,20,fc1,0,3,0.9904634356498718,0.9823201298713684,200
cka_feddst,fashion_mnist,0.7,13,results/logs/cka_strength_sweep/fashion_mnist_all_20260517_180855/strength_0p9/seed_13/splits/fashion_mnist_split_seed13_clients5_alpha0p3_ref200.json,0.9,20,fc1,0,4,0.9880271553993225,0.9823201298713684,200
cka_feddst,fashion_mnist,0.7,13,results/logs/cka_strength_sweep/fashion_mnist_all_20260517_180855/strength_0p9/seed_13/splits/fashion_mnist_split_seed13_clients5_alpha0p3_ref200.json,0.9,20,fc1,1,0,0.9801188111305237,0.9823201298713684,200
cka_feddst,fashion_mnist,0.7,13,results/logs/cka_strength_sweep/fashion_mnist_all_20260517_180855/strength_0p9/seed_13/splits/fashion_mnist_split_seed13_clients5_alpha0p3_ref200.json,0.9,20,fc1,1,1,1.0,0.9823201298713684,200
cka_feddst,fashion_mnist,0.7,13,results/logs/cka_strength_sweep/fashion_mnist_all_20260517_180855/strength_0p9/seed_13/splits/fashion_mnist_split_seed13_clients5_alpha0p3_ref200.json,0.9,20,fc1,1,2,0.9654170274734497,0.9823201298713684,200
cka_feddst,fashion_mnist,0.7,13,results/logs/cka_strength_sweep/fashion_mnist_all_20260517_180855/strength_0p9/seed_13/splits/fashion_mnist_split_seed13_clients5_alpha0p3_ref200.json,0.9,20,fc1,1,3,0.980606734752655,0.9823201298713684,200
cka_feddst,fashion_mnist,0.7,13,results/logs/cka_strength_sweep/fashion_mnist_all_20260517_180855/strength_0p9/seed_13/splits/fashion_mnist_split_seed13_clients5_alpha0p3_ref200.json,0.9,20,fc1,1,4,0.9831371307373047,0.9823201298713684,200
cka_feddst,fashion_mnist,0.7,13,results/logs/cka_strength_sweep/fashion_mnist_all_20260517_180855/strength_0p9/seed_13/splits/fashion_mnist_split_seed13_clients5_alpha0p3_ref200.json,0.9,20,fc1,2,0,0.9909563660621643,0.9823201298713684,200
cka_feddst,fashion_mnist,0.7,13,results/logs/cka_strength_sweep/fashion_mnist_all_20260517_180855/strength_0p9/seed_13/splits/fashion_mnist_split_seed13_clients5_alpha0p3_ref200.json,0.9,20,fc1,2,1,0.9654170274734497,0.9823201298713684,200
cka_feddst,fashion_mnist,0.7,13,results/logs/cka_strength_sweep/fashion_mnist_all_20260517_180855/strength_0p9/seed_13/splits/fashion_mnist_split_seed13_clients5_alpha0p3_ref200.json,0.9,20,fc1,2,2,1.0,0.9823201298713684,200
cka_feddst,fashion_mnist,0.7,13,results/logs/cka_strength_sweep/fashion_mnist_all_20260517_180855/strength_0p9/seed_13/splits/fashion_mnist_split_seed13_clients5_alpha0p3_ref200.json,0.9,20,fc1,2,3,0.9798218607902527,0.9823201298713684,200
cka_feddst,fashion_mnist,0.7,13,results/logs/cka_strength_sweep/fashion_mnist_all_20260517_180855/strength_0p9/seed_13/splits/fashion_mnist_split_seed13_clients5_alpha0p3_ref200.json,0.9,20,fc1,2,4,0.9726006984710693,0.9823201298713684,200
cka_feddst,fashion_mnist,0.7,13,results/logs/cka_strength_sweep/fashion_mnist_all_20260517_180855/strength_0p9/seed_13/splits/fashion_mnist_split_seed13_clients5_alpha0p3_ref200.json,0.9,20,fc1,3,0,0.9904634356498718,0.9823201298713684,200
cka_feddst,fashion_mnist,0.7,13,results/logs/cka_strength_sweep/fashion_mnist_all_20260517_180855/strength_0p9/seed_13/splits/fashion_mnist_split_seed13_clients5_alpha0p3_ref200.json,0.9,20,fc1,3,1,0.980606734752655,0.9823201298713684,200
cka_feddst,fashion_mnist,0.7,13,results/logs/cka_strength_sweep/fashion_mnist_all_20260517_180855/strength_0p9/seed_13/splits/fashion_mnist_split_seed13_clients5_alpha0p3_ref200.json,0.9,20,fc1,3,2,0.9798218607902527,0.9823201298713684,200
cka_feddst,fashion_mnist,0.7,13,results/logs/cka_strength_sweep/fashion_mnist_all_20260517_180855/strength_0p9/seed_13/splits/fashion_mnist_split_seed13_clients5_alpha0p3_ref200.json,0.9,20,fc1,3,3,1.0,0.9823201298713684,200
cka_feddst,fashion_mnist,0.7,13,results/logs/cka_strength_sweep/fashion_mnist_all_20260517_180855/strength_0p9/seed_13/splits/fashion_mnist_split_seed13_clients5_alpha0p3_ref200.json,0.9,20,fc1,3,4,0.9920522570610046,0.9823201298713684,200
cka_feddst,fashion_mnist,0.7,13,results/logs/cka_strength_sweep/fashion_mnist_all_20260517_180855/strength_0p9/seed_13/splits/fashion_mnist_split_seed13_clients5_alpha0p3_ref200.json,0.9,20,fc1,4,0,0.9880271553993225,0.9823201298713684,200
cka_feddst,fashion_mnist,0.7,13,results/logs/cka_strength_sweep/fashion_mnist_all_20260517_180855/strength_0p9/seed_13/splits/fashion_mnist_split_seed13_clients5_alpha0p3_ref200.json,0.9,20,fc1,4,1,0.9831371307373047,0.9823201298713684,200
cka_feddst,fashion_mnist,0.7,13,results/logs/cka_strength_sweep/fashion_mnist_all_20260517_180855/strength_0p9/seed_13/splits/fashion_mnist_split_seed13_clients5_alpha0p3_ref200.json,0.9,20,fc1,4,2,0.9726006984710693,0.9823201298713684,200
cka_feddst,fashion_mnist,0.7,13,results/logs/cka_strength_sweep/fashion_mnist_all_20260517_180855/strength_0p9/seed_13/splits/fashion_mnist_split_seed13_clients5_alpha0p3_ref200.json,0.9,20,fc1,4,3,0.9920522570610046,0.9823201298713684,200
cka_feddst,fashion_mnist,0.7,13,results/logs/cka_strength_sweep/fashion_mnist_all_20260517_180855/strength_0p9/seed_13/splits/fashion_mnist_split_seed13_clients5_alpha0p3_ref200.json,0.9,20,fc1,4,4,1.0,0.9823201298713684,200
